time,aeration_rate,agitator,sugar_feed_rate,acid_flow_rate,base_flow_rate,heating/cooling_water_flow_rate,heating_water_flow_rate,water_for_injection/dilution,air_head_pressure,dumped_broth_flow,substrate_concentration,dissolved_oxygen_concentration,penicillin_concentration,vessel_volume,vessel_weight,pH,temperature,generated_heat,CO2_percent_in_off_gas,PAA_flow,PAA_concentration,oil_flow,NH3_concentration,oxygen_uptake_rate,oxygen_in_percent_in_off_gas,offline_penicillin_concentration,offline_biomass_concentration,carbon_evolution_rate,ammonia_shots,viscosity,Fault reference(Fault_ref:Fault ref),0 - Recipe driven 1 - Operator controlled(Control_ref:Control ref),1- No Raman spec, 1-Raman spec recorded,2-PAT control(PAT_ref:PAT ref),Batch reference(Batch_ref:Batch ref),experiment_ID,Fault flag
0.2,30,100,8,0.0,0.0,0.0001,269.74,0,0.6,0,0.97128,14.599,0.001,57962,61816.0,6.5013,297.62,257.39,0.096587,5.0,,22,,0.5235,0.19511,,,0.036735,0,,0,0,2,68,68,0,68.0,0.0
0.4,30,100,8,0.0,0.0,0.0001,76.695,0,0.6,0,1.0084,14.572,0.00099954,57960,61817.0,6.4807,297.88,327.39,0.11031,5.0,,22,,0.10261,0.20305,,,0.041957,0,,0,0,2,68,68,0,68.0,0.0
0.6,30,100,8,0.0,8.3179,0.0001,0.0001,0,0.6,0,1.0434,14.558,0.00099904,57959,61821.0,6.4717,297.87,325.33,0.11499,5.0,,22,,0.0033288,0.20489,,,0.043736,0,,0,0,2,68,68,0,68.0,0.0
0.8,30,100,8,0.0,20.107,0.0001,93.682,0,0.6,0,1.0762,14.534,0.0009985,57960,61827.0,6.4764,298.2,411.95,0.11788,5.0,,22,,-0.012851,0.20519,,,0.044838,0,,0,0,2,68,68,0,68.0,0.0
1.0,30,100,8,0.0,30.041,107.3,9.3682,0,0.6,0,1.1065,14.513,0.00099792,57963,61834.0,6.4912,298.07,378.06,0.12051,5.0,1350.9,22,1727.9,-0.010623,0.20514,0.001,0.59752,0.045838,0,4.0865,0,0,2,68,68,0,68.0,0.0
1.2,30,100,8,0.0,34.053,68.383,0.93682,0,0.6,0,1.1347,14.492,0.00099733,57967,61843.0,6.5112,297.97,352.53,0.12319,5.0,,22,,-0.0040939,0.20501,,,0.046855,0,,0,0,2,68,68,0,68.0,0.0
1.4,30,100,8,0.0,30.064,38.9,0.093682,0,0.6,0,1.1603,14.461,0.00099676,57971,61851.0,6.5263,297.92,339.04,0.12597,5.0,,22,,0.0074094,0.20479,,,0.047914,0,,0,0,2,68,68,0,68.0,0.0
1.6,30,100,8,0.0,20.09,11.67,45.586,0,0.6,0,1.183,14.419,0.00099623,57972,61857.0,6.5281,298.08,379.78,0.12889,5.0,,22,,0.024219,0.20447,,,0.049026,0,,0,0,2,68,68,0,68.0,0.0
1.8,30,100,8,0.0,9.4194,61.847,4.5586,0,0.6,0,1.2027,14.397,0.00099573,57971,61860.0,6.5144,298.02,363.82,0.13196,5.0,,22,,0.033341,0.2043,,,0.050192,0,,0,0,2,68,68,0,68.0,0.0
2.0,30,100,8,0.0,4.2339,42.888,0.45586,0,0.6,0,1.2194,14.363,0.00099524,57969,61863.0,6.4938,297.97,352.6,0.13516,5.0,,22,,0.046188,0.20405,,,0.051413,0,,0,0,2,68,68,0,68.0,0.0
2.2,30,100,8,0.0,7.2461,29.41,0.045586,0,0.6,0,1.2338,14.327,0.00099475,57968,61866.0,6.4776,297.95,346.38,0.13852,5.0,,22,,0.060045,0.20379,,,0.05269,0,,0,0,2,68,68,0,68.0,21739.0
2.4,30,100,8,0.0,16.721,20.695,0.0045586,0,0.6,0,1.2449,14.282,0.00099422,57969,61871.0,6.4732,297.95,345.16,0.14203,5.0,,22,,0.07823,0.20344,,,0.054026,0,,0,0,2,68,68,0,68.0,21901.0
2.6,30,100,8,0.0,27.942,6.2084,27.107,0,0.6,0,1.2529,14.246,0.00099366,57972,61879.0,6.4817,298.06,375.96,0.1457,5.0,,22,,0.093782,0.20314,,,0.055422,0,,0,0,2,68,68,0,68.0,22396.0
2.8,30,100,8,0.0,35.747,44.043,2.7107,0,0.6,0,1.2576,14.208,0.00099307,57976,61888.0,6.4965,298.04,369.93,0.14953,5.0,,22,,0.10877,0.20285,,,0.056878,0,,0,0,2,68,68,0,68.0,21392.0
3.0,30,100,8,0.0,37.629,37.679,0.27107,0,0.6,0,1.2599,14.169,0.00099247,57981,61897.0,6.5132,298.02,365.89,0.15351,5.0,,22,,0.12349,0.20257,,,0.058396,0,,0,0,2,68,68,0,68.0,21887.0
3.2,30,100,15,0.0,32.848,34.062,0.027107,0,0.6,0,1.2719,14.107,0.00099187,57986,61907.0,6.5242,298.02,364.1,0.15767,5.0,,22,,0.14831,0.20209,,,0.059977,0,,0,0,2,68,68,0,68.0,21383.0
3.4,30,100,15,0.0,23.69,32.749,0.0027107,0,0.6,0,1.28,14.054,0.0009913,57990,61916.0,6.5235,298.01,363.6,0.16201,5.0,,22,,0.1707,0.20167,,,0.061628,0,,0,0,2,68,68,0,68.0,21045.0
3.6,30,100,15,0.0,14.856,32.774,0.00027107,0,0.6,0,1.2841,13.997,0.00099076,57992,61922.0,6.5101,298.02,364.9,0.16653,5.0,,22,,0.19391,0.20122,,,0.063347,0,,0,0,2,68,68,0,68.0,21873.0
3.8,30,100,15,0.0,11.396,35.03,0.0001,0,0.6,0,1.2847,13.945,0.00099023,57993,61928.0,6.4924,298.03,366.54,0.17123,5.0,,22,,0.21479,0.20082,,,0.065139,0,,0,0,2,68,68,0,68.0,21869.0
4.0,30,100,15,0.0,14.984,37.854,0.0001,0,0.6,0,1.2813,13.899,0.00098969,57994,61935.0,6.479,298.03,368.55,0.17615,5.0,,22,,0.23188,0.20049,,,0.067008,0,,0,0,2,68,68,0,68.0,21864.0
4.2,30,100,15,0.0,23.898,41.371,0.0001,0,0.6,0,1.301,13.844,0.00098911,57998,61944.0,6.475,298.04,371.36,0.18126,5.0,,30,,0.24493,0.20023,,,0.068954,0,,0,0,2,68,68,0,68.0,22359.0
4.4,30,100,15,0.0,34.369,46.197,0.0001,0,0.6,0,1.3165,13.784,0.0009885,58003,61956.0,6.4852,298.05,374.14,0.18657,5.0,,30,,0.26636,0.19982,,,0.070977,0,,0,0,2,68,68,0,68.0,21354.0
4.6,30,100,15,0.0,40.748,51.364,0.0001,0,0.6,0,1.3276,13.744,0.00098787,58010,61970.0,6.5025,298.07,377.17,0.1921,5.0,,30,,0.27987,0.19955,,,0.07308,0,,0,0,2,68,68,0,68.0,22683.0
4.8,30,100,15,0.0,40.236,57.231,0.0001,0,0.6,0,1.3356,13.686,0.00098725,58017,61983.0,6.5189,298.07,379.13,0.19783,5.0,,30,,0.29928,0.19917,,,0.07526,0,,0,0,2,68,68,0,68.0,22178.0
5.0,30,100,15,0.0,33.202,62.145,0.0001,0,0.6,0,1.3389,13.619,0.00098664,58022,61994.0,6.5253,298.08,381.99,0.20377,5.0,,30,,0.32217,0.19873,,,0.077523,0,,0,0,2,68,68,0,68.0,20840.0
5.2,30,100,15,0.0,23.634,68.518,0.0001,0,0.6,0,1.3371,13.556,0.00098609,58025,62003.0,6.5187,298.09,384.23,0.20995,0.0,,30,,0.34412,0.1983,,,0.079874,0,,0,0,2,68,68,0,68.0,22002.0
5.4,30,100,15,0.0,16.714,74.471,0.0001,0,0.6,0,1.3311,13.483,0.00098556,58026,62011.0,6.5022,298.1,385.27,0.21637,0.0,,30,,0.36883,0.19782,,,0.082317,0,,0,0,2,68,68,0,68.0,22497.0
5.6,30,100,15,0.0,16.398,79.205,0.0001,0,0.6,0,1.3202,13.415,0.00098503,58027,62018.0,6.4853,298.1,385.89,0.22304,0.0,,30,,0.39254,0.19736,,,0.084856,0,,0,0,2,68,68,0,68.0,21325.0
5.8,30,100,15,0.0,22.808,83.573,0.0001,0,0.6,0,1.3041,13.333,0.00098448,58029,62027.0,6.4774,298.1,387.0,0.22996,0.0,,30,,0.42229,0.19678,,,0.087493,0,,0,0,2,68,68,0,68.0,21487.0
6.0,30,100,15,0.0,32.323,88.676,0.0001,0,0.6,0,1.2827,13.266,0.0009839,58033,62037.0,6.4815,298.1,387.44,0.23715,0.0,,30,,0.4452,0.19633,,,0.090231,0,,0,0,2,68,68,0,68.0,21982.0
6.2,30,100,15,0.0,40.219,93.057,0.0001,0,0.6,0,1.2561,13.202,0.00098329,58039,62049.0,6.493,298.1,387.41,0.24462,0.0,,30,,0.46539,0.19593,,,0.093072,0,,0,0,2,68,68,0,68.0,21310.0
6.4,30,100,15,0.0,43.499,96.914,0.0001,0,0.6,0,1.2239,13.111,0.00098267,58045,62062.0,6.5058,298.12,391.12,0.25236,0.0,,30,,0.49518,0.19535,,,0.096019,0,,0,0,2,68,68,0,68.0,20805.0
6.6,30,100,15,0.0,41.686,105.61,0.0001,0,0.6,0,1.1853,13.029,0.00098205,58051,62074.0,6.5142,298.13,393.96,0.26038,0.0,,30,,0.52294,0.19481,,,0.099075,0,,0,0,2,68,68,0,68.0,22300.0
6.8,30,100,15,0.0,36.539,113.59,0.0001,0,0.6,0,1.1407,12.933,0.00098146,58056,62086.0,6.5152,298.15,398.5,0.26872,0.0,,30,,0.55493,0.19418,,,0.10225,0,,0,0,2,68,68,0,68.0,22129.0
7.0,30,100,15,0.0,31.017,124.18,0.0001,0,0.6,0,1.0897,12.844,0.00098088,58060,62096.0,6.5084,298.17,403.73,0.27736,0.0,,30,,0.58435,0.1936,,,0.10554,0,,0,0,2,68,68,0,68.0,22624.0
7.2,30,100,15,0.0,28.19,136.26,0.0001,0,0.6,0,1.0316,12.744,0.00098031,58063,62106.0,6.4977,298.19,409.56,0.28633,0.0,,30,,0.61676,0.19296,,,0.10895,0,,0,0,2,68,68,0,68.0,21785.0
7.4,30,100,15,0.0,29.663,149.82,0.0001,0,0.6,0,0.96592,12.63,0.00097974,58067,62116.0,6.489,298.21,414.88,0.29566,0.0,,30,,0.65414,0.19223,,,0.11251,0,,0,0,2,68,68,0,68.0,21613.0
7.6,30,100,15,0.0,34.594,163.53,0.0001,0,0.6,0,0.89379,12.527,0.00097915,58072,62127.0,6.4835,298.22,417.63,0.30534,0.0,,30,,0.68966,0.19153,,,0.11619,0,,0,0,2,68,68,0,68.0,20942.0
7.8,30,100,15,0.0,41.687,174.68,0.0001,0,0.6,0,0.81362,12.42,0.00097853,58078,62139.0,6.4859,298.22,418.75,0.31537,0.0,,30,,0.7247,0.19083,,,0.12001,0,,0,0,2,68,68,0,68.0,21770.0
8.0,30,100,15,0.0,47.827,184.18,0.0001,0,0.6,0,0.72717,12.324,0.0009779,58085,62153.0,6.4923,298.22,417.93,0.32575,0.0,,30,,0.75622,0.19021,,,0.12397,0,,0,0,2,68,68,0,68.0,21598.0
8.2,42,100,15,0.0,51.41,191.39,0.0001,0,0.6,0,0.63355,12.492,0.00097725,58093,62167.0,6.4993,298.22,417.7,0.26032,0.0,,30,,0.75405,0.19451,,,0.13867,0,,0,0,2,68,68,0,68.0,21593.0
8.4,42,100,15,0.0,52.205,199.3,0.0001,0,0.6,0,0.53272,12.395,0.0009766,58101,62182.0,6.5058,298.22,418.23,0.26012,0.0,,30,,0.73591,0.19475,,,0.13857,0,,0,0,2,68,68,0,68.0,21588.0
8.6,42,100,15,0.0,50.421,208.14,0.0001,0,0.6,0,0.42667,12.302,0.00097596,58109,62196.0,6.5093,298.23,419.98,0.26739,0.0,,30,,0.7623,0.19438,,,0.14244,0,,0,0,2,68,68,0,68.0,21749.0
8.8,42,100,15,0.0,47.229,218.6,0.0001,0,0.6,0,0.31495,12.21,0.00097533,58116,62209.0,6.5081,298.22,418.98,0.27567,0.0,,30,,0.79556,0.19391,,,0.14685,0,,0,0,2,68,68,0,68.0,21910.0
9.0,42,100,15,0.0,44.539,225.73,0.0001,0,0.6,0,0.20005,12.129,0.00097471,58122,62222.0,6.5033,298.22,418.77,0.28425,0.0,,30,,0.82873,0.19344,,,0.15143,0,,0,0,2,68,68,0,68.0,21238.0
9.2,42,100,15,0.0,43.749,233.81,0.0001,0,0.6,0,0.089672,12.129,0.00097409,58129,62235.0,6.5001,298.22,417.48,0.29297,0.0,,30,,0.84623,0.19318,,,0.15607,0,,0,0,2,68,68,0,68.0,21233.0
9.4,42,100,15,0.0,44.234,240.46,0.0001,0,0.6,0,0.019854,12.641,0.00097347,58135,62248.0,6.5086,298.17,405.92,0.30125,0.0,,30,,0.74411,0.19456,,,0.16049,0,,0,0,2,68,68,0,68.0,21228.0
9.6,42,100,15,0.0,41.288,233.73,0.0001,0,0.6,0,0.012261,12.953,0.00097287,58141,62261.0,6.5293,298.06,375.8,0.30782,0.0,,30,,0.54591,0.19724,,,0.164,0,,0,0,2,68,68,0,68.0,21556.0
9.8,42,100,15,0.0,30.03,201.78,0.0001,0,0.6,0,0.011957,12.944,0.0009723,58145,62271.0,6.5381,297.98,354.29,0.31348,0.0,,30,,0.49823,0.19787,,,0.16701,0,,0,0,2,68,68,0,68.0,21884.0
10.0,42,100,15,0.0,15.34,177.22,0.0001,0,0.6,0,0.01154,12.916,0.00097179,58146,62278.0,6.5231,297.92,339.31,0.319,0.0,,30,,0.49965,0.19784,,,0.16996,0,,0,0,2,68,68,0,68.0,21378.0
10.2,42,100,15,0.0,6.7095,53.167,188.95,0,0.6,0,0.011274,12.9,0.0009713,58145,62283.0,6.4943,298.65,533.43,0.32448,0.0,,30,,0.50111,0.19781,,,0.17288,0,,0,0,2,68,68,0,68.0,21873.0
10.4,42,100,15,0.0,9.5618,300.57,18.895,0,0.6,0,0.010961,12.876,0.00097078,58144,62289.0,6.4719,298.46,483.09,0.32996,0.0,,30,,0.50426,0.19776,,,0.1758,0,,0,0,2,68,68,0,68.0,21701.0
10.6,42,100,15,0.0,21.289,254.69,1.8895,0,0.6,0,0.010678,12.863,0.00097024,58146,62298.0,6.4687,298.27,431.84,0.33543,0.0,,30,,0.50658,0.19772,,,0.17872,0,,0,0,2,68,68,0,68.0,20862.0
10.8,42,100,15,0.0,34.263,207.46,0.18895,0,0.6,0,0.010514,12.852,0.00096965,58150,62309.0,6.4837,298.14,396.06,0.34088,0.0,,30,,0.50528,0.19772,,,0.18162,0,,0,0,2,68,68,0,68.0,21857.0
11.0,42,100,15,0.0,41.237,172.98,0.018895,0,0.6,0,0.010333,12.858,0.00096905,58156,62321.0,6.5056,298.05,372.49,0.34632,0.0,,30,,0.49196,0.19789,,,0.18452,0,,0,0,2,68,68,0,68.0,21518.0
11.2,42,100,15,0.0,39.505,148.78,0.0018895,0,0.6,0,0.010225,12.837,0.00096846,58162,62333.0,6.5255,297.98,354.57,0.35174,0.0,,30,,0.49425,0.19785,,,0.18742,0,,0,0,2,68,68,0,68.0,21346.0
11.4,42,100,15,0.0,29.819,128.21,0.00018895,0,0.6,0,0.0098973,12.813,0.0009679,58166,62343.0,6.5324,297.93,340.86,0.35714,0.0,,30,,0.50447,0.1977,,,0.19029,0,,0,0,2,68,68,0,68.0,21674.0
11.6,42,100,15,0.0,17.421,38.464,140.69,0,0.6,0,0.0096978,12.804,0.00096739,58167,62351.0,6.5204,298.49,491.38,0.36251,0.0,,30,,0.50031,0.19775,,,0.19316,0,,0,0,2,68,68,0,68.0,20502.0
11.8,42,100,15,0.0,9.8593,229.81,14.069,0,0.6,0,0.0094754,12.796,0.00096691,58166,62357.0,6.4967,298.35,454.59,0.36786,0.0,,30,,0.49354,0.19783,,,0.19601,0,,0,0,2,68,68,0,68.0,21497.0
12.0,42,100,15,0.0,11.73,196.74,1.4069,0,0.6,0,0.0092172,12.783,0.00096645,58166,62363.0,6.4782,298.23,421.23,0.37319,0.0,1445.7,30,1847.7,0.49536,0.19779,0.00096846,3.3675,0.19885,0,11.226,0,0,2,68,68,0,68.0,21825.0
12.2,42,100,30,0.0,20.962,168.18,0.14069,0,0.6,0,0.014033,12.406,0.00096587,58171,62375.0,6.4696,298.16,401.99,0.37902,0.0,,30,,0.60682,0.19627,,,0.20196,0,,0,0,2,68,68,0,68.0,21820.0
12.4,42,100,30,0.0,33.627,153.01,0.014069,0,0.6,0,0.013809,12.379,0.00096524,58179,62390.0,6.4789,298.1,387.49,0.38538,0.0,,30,,0.63684,0.19586,,,0.20536,0,,0,0,2,68,68,0,68.0,21314.0
12.6,42,100,30,0.0,42.543,140.86,0.0014069,0,0.7,0,0.013552,13.186,0.00096458,58188,62407.0,6.4979,298.07,377.13,0.39184,0.0,,30,,0.65396,0.19561,,,0.2088,0,,0,0,2,68,68,0,68.0,21642.0
12.8,42,100,30,0.0,43.884,131.87,0.00014069,0,0.7,0,0.013081,13.177,0.00096393,58197,62424.0,6.5179,298.04,370.36,0.3983,0.0,,30,,0.64826,0.19568,,,0.21225,0,,0,0,2,68,68,0,68.0,21637.0
13.0,42,100,30,0.0,37.221,125.93,0.0001,0,0.7,0,0.01282,13.153,0.00096329,58205,62439.0,6.5275,298.01,363.25,0.40476,0.0,,30,,0.64786,0.19567,,,0.21569,0,,0,0,2,68,68,0,68.0,20465.0
13.2,42,100,30,0.0,26.775,118.52,0.0001,0,0.7,0,0.012399,13.132,0.0009627,58211,62453.0,6.5215,298.01,361.26,0.41121,0.0,,30,,0.65054,0.19562,,,0.21914,0,,0,0,2,68,68,0,68.0,20793.0
13.4,42,100,30,0.0,18.732,116.7,0.0001,0,0.7,0,0.011923,13.122,0.00096213,58216,62465.0,6.5046,297.99,356.97,0.41764,0.0,,30,,0.64688,0.19566,,,0.22257,0,,0,0,2,68,68,0,68.0,21620.0
13.6,42,100,30,0.0,17.459,111.51,0.0001,0,0.7,0,0.011725,13.095,0.00096156,58220,62476.0,6.4867,297.98,354.68,0.42406,0.0,,30,,0.6492,0.19561,,,0.22599,0,,0,0,2,68,68,0,68.0,21115.0
13.8,42,100,30,0.0,23.307,108.35,0.0001,0,0.7,0,0.011363,13.078,0.00096098,58225,62489.0,6.4796,297.98,354.47,0.43049,0.0,,30,,0.65064,0.19558,,,0.22942,0,,0,0,2,68,68,0,68.0,21610.0
14.0,42,100,30,0.0,31.958,107.49,0.0001,0,0.7,0,0.011385,13.035,0.00096036,58232,62504.0,6.487,297.98,353.45,0.43694,0.0,,30,,0.65892,0.19545,,,0.23286,0,,0,0,2,68,68,0,68.0,21771.0
14.2,42,100,30,0.0,37.634,105.49,0.0001,0,0.7,0,0.011097,13.028,0.00095973,58241,62519.0,6.5022,297.97,352.6,0.44341,0.0,,30,,0.6592,0.19544,,,0.23631,0,,0,0,2,68,68,0,68.0,20765.0
14.4,42,100,30,0.0,37.241,103.6,0.0001,0,0.7,0,0.01083,13.005,0.0009591,58249,62535.0,6.5163,297.98,352.76,0.44985,0.0,,30,,0.66455,0.19535,,,0.23975,0,,0,0,2,68,68,0,68.0,21927.0
14.6,42,100,30,0.0,31.23,102.89,0.0001,0,0.7,0,0.010549,12.977,0.0009585,58256,62549.0,6.5212,297.97,351.32,0.45626,0.0,,30,,0.67272,0.19523,,,0.24317,0,,0,0,2,68,68,0,68.0,20921.0
14.8,42,100,30,0.0,23.319,100.1,0.0001,0,0.7,0,0.010291,12.935,0.00095792,58261,62562.0,6.5133,297.97,351.79,0.46267,0.0,,30,,0.68779,0.19501,,,0.24659,0,,0,0,2,68,68,0,68.0,20749.0
15.0,42,100,30,0.0,18.54,99.626,0.0001,0,0.7,0,0.010021,12.91,0.00095736,58266,62574.0,6.4983,297.96,349.91,0.46907,0.0,,30,,0.69523,0.1949,,,0.25,0,,0,0,2,68,68,0,68.0,22077.0
15.2,42,100,30,0.0,19.775,96.138,0.0001,0,0.7,0,0.0097825,12.882,0.0009568,58270,62586.0,6.4856,297.97,350.08,0.47546,0.0,,30,,0.70115,0.19481,,,0.25342,0,,0,0,2,68,68,0,68.0,21738.0
15.4,42,100,30,0.0,26.058,95.081,0.0001,0,0.7,0,0.0095926,12.863,0.00095623,58276,62600.0,6.483,297.98,353.42,0.48185,0.0,,30,,0.70597,0.19473,,,0.25682,0,,0,0,2,68,68,0,68.0,21232.0
15.6,42,100,30,0.0,33.326,98.063,0.0001,0,0.7,0,0.0094295,12.839,0.00095566,58284,62614.0,6.4912,297.98,353.59,0.48823,0.0,,30,,0.71097,0.19465,,,0.26023,0,,0,0,2,68,68,0,68.0,22060.0
15.8,42,100,30,0.0,37.341,97.352,0.0001,0,0.7,0,0.0093102,12.821,0.00095509,58292,62630.0,6.5059,297.98,355.14,0.49461,0.0,,30,,0.711,0.19463,,,0.26364,0,,0,0,2,68,68,0,68.0,21388.0
16.0,42,100,30,0.0,35.481,98.515,0.0001,0,0.7,0,0.0093159,12.794,0.00095454,58300,62645.0,6.5175,297.99,355.65,0.50101,0.0,,30,,0.70952,0.19464,,,0.26705,0,,0,0,2,68,68,0,68.0,20716.0
16.2,42,100,75,0.0,28.998,98.533,0.0001,0,0.7,0,0.03131,11.541,0.0009538,58315,62672.0,6.4975,298.09,383.33,0.50909,0.0,,35,,1.0156,0.19045,,,0.27137,0,,0,0,2,68,68,0,68.0,21877.0
16.4,42,100,75,0.0,30.634,133.46,0.0001,0,0.7,0,0.030712,11.449,0.00095304,58331,62700.0,6.4765,298.15,399.81,0.5189,0.0,,35,,1.1124,0.1891,,,0.2766,0,,0,0,2,68,68,0,68.0,22205.0
16.6,42,100,75,0.0,40.557,157.13,0.0001,0,0.7,0,0.028922,11.393,0.00095225,58349,62729.0,6.4699,298.18,408.61,0.52908,0.0,,35,,1.1391,0.18871,,,0.28204,0,,0,0,2,68,68,0,68.0,21366.0
16.8,42,100,75,0.0,53.069,173.55,0.0001,0,0.7,0,0.026205,11.387,0.00095142,58369,62761.0,6.4743,298.2,411.99,0.53931,0.0,,35,,1.1433,0.18864,,,0.2875,0,,0,0,2,68,68,0,68.0,22027.0
17.0,42,100,75,0.0,63.851,184.48,0.0001,0,0.7,0,0.024322,11.341,0.00095056,58391,62795.0,6.4831,298.18,408.25,0.54955,0.0,,35,,1.1518,0.1885,,,0.29296,0,,0,0,2,68,68,0,68.0,21521.0
17.2,42,100,75,0.0,71.112,186.92,0.0001,0,0.7,0,0.023689,11.257,0.00094967,58415,62830.0,6.4931,298.17,404.2,0.55985,0.0,,35,,1.1736,0.18818,,,0.29846,0,,0,0,2,68,68,0,68.0,21016.0
17.4,42,100,75,0.0,74.376,188.64,0.0001,0,0.7,0,0.022242,11.231,0.00094878,58440,62866.0,6.5025,298.16,402.21,0.57021,0.0,,35,,1.1807,0.18806,,,0.30399,0,,0,0,2,68,68,0,68.0,20510.0
17.6,42,100,75,0.0,73.895,192.45,0.0001,0,0.7,0,0.021403,11.212,0.00094789,58464,62902.0,6.5105,298.14,396.65,0.58056,0.0,,35,,1.1755,0.18811,,,0.30952,0,,0,0,2,68,68,0,68.0,20671.0
17.8,42,100,75,0.0,70.215,191.37,0.0001,0,0.7,0,0.020094,11.166,0.00094701,58488,62937.0,6.5169,298.13,394.39,0.59094,0.0,,35,,1.1823,0.188,,,0.31506,0,,0,0,2,68,68,0,68.0,21332.0
18.0,42,100,75,0.0,63.975,193.82,0.0001,0,0.7,0,0.0189,11.129,0.00094615,58510,62971.0,6.521,298.13,393.2,0.60133,0.0,,35,,1.1875,0.18791,,,0.32061,0,,0,0,2,68,68,0,68.0,20493.0
18.2,42,100,75,0.0,56.105,197.24,0.0001,0,0.7,0,0.018246,11.072,0.00094533,58531,63004.0,6.5209,298.1,385.74,0.61173,0.0,,35,,1.1988,0.18773,,,0.32617,0,,0,0,2,68,68,0,68.0,20987.0
18.4,42,100,75,0.0,48.281,192.48,0.0001,0,0.7,0,0.018094,10.98,0.00094452,58550,63034.0,6.5145,298.09,383.18,0.6222,0.0,,35,,1.2227,0.18738,,,0.33176,0,,0,0,2,68,68,0,68.0,21315.0
18.6,42,100,75,0.0,43.016,193.09,0.0001,0,0.7,0,0.017172,10.927,0.00094374,58569,63064.0,6.5045,298.09,382.45,0.63275,0.0,,35,,1.2377,0.18716,,,0.33739,0,,0,0,2,68,68,0,68.0,22142.0
18.8,42,100,75,0.0,41.737,195.56,0.0001,0,0.7,0,0.016441,10.872,0.00094296,58587,63094.0,6.4935,298.09,383.56,0.64334,0.0,,35,,1.2505,0.18696,,,0.34305,0,,0,0,2,68,68,0,68.0,21637.0
19.0,42,100,75,0.0,44.865,200.21,0.0001,0,0.7,0,0.016291,10.79,0.00094217,58605,63124.0,6.4863,298.09,384.72,0.65399,0.0,,35,,1.2721,0.18664,,,0.34874,0,,0,0,2,68,68,0,68.0,20964.0
19.2,42,100,75,0.0,50.866,205.03,0.0001,0,0.7,0,0.016009,10.724,0.00094136,58625,63156.0,6.4845,298.09,382.36,0.66475,0.0,,35,,1.286,0.18643,,,0.35448,0,,0,0,2,68,68,0,68.0,20459.0
19.4,42,100,75,0.0,57.555,205.52,0.0001,0,0.7,0,0.015811,10.66,0.00094053,58646,63189.0,6.4861,298.07,379.3,0.67559,0.0,,35,,1.3002,0.18621,,,0.36028,0,,0,0,2,68,68,0,68.0,20953.0
19.6,42,100,75,0.0,63.604,204.9,0.0001,0,0.7,0,0.015709,10.587,0.00093968,58668,63223.0,6.4894,298.05,373.64,0.68654,0.0,,35,,1.3154,0.18598,,,0.36613,0,,0,0,2,68,68,0,68.0,20280.0
19.8,42,100,75,0.0,68.342,200.58,0.0001,0,0.7,0,0.014928,10.563,0.00093882,58692,63258.0,6.4942,298.05,372.88,0.69753,0.0,,35,,1.3208,0.18589,,,0.372,0,,0,0,2,68,68,0,68.0,20941.0
20.0,42,100,75,0.0,71.176,201.77,0.0001,0,0.7,0,0.014037,10.553,0.00093795,58716,63294.0,6.4997,298.03,368.39,0.70849,0.0,,35,,1.3191,0.18589,,,0.37786,0,,0,0,2,68,68,0,68.0,20269.0
20.2,55,100,150,0.0,71.821,197.99,0.0001,0,0.7,0,0.045331,9.4652,0.00093684,58755,63350.0,6.4754,298.14,398.48,0.56911,0.0,,35,,1.6746,0.18671,,,0.39732,0,,0,0,2,68,68,0,68.0,20929.0
20.4,55,100,150,0.0,82.289,237.58,0.0001,0,0.7,0,0.042283,9.3121,0.0009357,58796,63408.0,6.4522,298.21,416.45,0.5721,0.0,,35,,1.7472,0.18594,,,0.39941,0,,0,0,2,68,68,0,68.0,21590.0
20.6,55,100,150,0.0,101.92,264.96,0.0001,0,0.7,0,0.037676,9.2322,0.00093449,58841,63470.0,6.4361,298.25,427.5,0.5836,0.0,,35,,1.7713,0.18566,,,0.40745,0,,0,0,2,68,68,0,68.0,21418.0
20.8,55,100,150,0.0,127.96,286.37,0.0001,0,0.7,0,0.033571,9.1753,0.00093319,58891,63537.0,6.4252,298.27,431.86,0.5957,0.0,,35,,1.7874,0.18547,,,0.41591,0,,0,0,2,68,68,0,68.0,21078.0
21.0,55,100,150,0.0,158.38,301.01,0.0001,0,0.7,0,0.029974,9.1753,0.00093181,58947,63610.0,6.4188,298.26,430.02,0.60781,0.0,,35,,1.7935,0.18538,,,0.42438,0,,0,0,2,68,68,0,68.0,21072.0
21.2,55,100,150,0.0,191.39,308.61,0.0001,0,0.7,0,0.028839,9.1102,0.00093032,59010,63690.0,6.4141,298.25,427.81,0.61996,0.0,,35,,1.8038,0.18525,,,0.43287,0,,0,0,2,68,68,0,68.0,21066.0
21.4,55,100,150,0.0,225.0,315.63,0.0001,0,0.7,0,0.027982,9.0303,0.00092873,59079,63776.0,6.4099,298.24,424.58,0.63223,0.10294,,35,,1.8226,0.18502,,,0.44146,0,,0,0,2,68,68,0,68.0,20894.0
21.6,55,100,150,0.0,225.0,321.09,0.0001,0,0.7,0,0.026895,8.926,0.00092714,59149,63863.0,6.406,298.21,415.61,0.64465,0.53633,,35,,1.8528,0.18468,,,0.45015,0,,0,0,2,68,68,0,68.0,21388.0
21.8,55,100,150,0.0,225.0,318.9,0.0001,0,0.7,0,0.025103,8.8853,0.00092555,59219,63950.0,6.4032,298.18,408.36,0.65713,1.2009,,35,,1.8627,0.18455,,,0.45888,0,,0,0,2,68,68,0,68.0,21382.0
22.0,55,100,150,0.0,225.0,317.83,0.0001,0,0.7,0,0.023727,8.7905,0.00092397,59289,64037.0,6.4005,298.17,405.74,0.66971,1.9999,,35,,1.8805,0.18434,,,0.46767,0,,0,0,2,68,68,0,68.0,20709.0
22.2,55,100,150,0.0,225.0,321.54,0.0001,0,0.7,0,0.021356,8.8222,0.00092239,59359,64123.0,6.3997,298.14,396.9,0.68225,2.8609,,35,,1.8655,0.18448,,,0.47645,0,,0,0,2,68,68,0,68.0,21203.0
22.4,55,100,150,0.0,225.0,316.97,0.0001,0,0.7,0,0.02005,8.7867,0.00092081,59429,64210.0,6.3996,298.1,385.04,0.69474,3.6942,,35,,1.8601,0.18451,,,0.48519,0,,0,0,2,68,68,0,68.0,20697.0
22.6,55,100,150,0.0,225.0,307.6,0.0001,0,0.7,0,0.019057,8.7021,0.00091923,59500,64298.0,6.3993,298.09,382.47,0.70729,4.4499,,35,,1.8804,0.18427,,,0.49397,0,,0,0,2,68,68,0,68.0,20357.0
22.8,55,100,150,0.0,225.0,308.33,0.0001,0,0.7,0,0.018096,8.6744,0.00091766,59570,64385.0,6.3995,298.09,382.87,0.71988,5.0991,,35,,1.8712,0.18435,,,0.50278,0,,0,0,2,68,68,0,68.0,21351.0
23.0,55,100,150,0.0,225.0,312.17,0.0001,0,0.7,0,0.017576,8.5874,0.00091608,59641,64472.0,6.3992,298.09,383.5,0.73255,5.6151,,35,,1.8812,0.18422,,,0.51164,0,,0,0,2,68,68,0,68.0,21178.0
23.2,55,100,150,0.0,225.0,316.28,0.0001,0,0.7,0,0.016483,8.5664,0.00091451,59712,64560.0,6.3993,298.07,376.7,0.74524,5.9842,,35,,1.8825,0.18418,,,0.52053,0,,0,0,2,68,68,0,68.0,20839.0
23.4,55,100,150,0.0,225.0,311.22,0.0001,0,0.7,0,0.016037,8.5103,0.00091295,59783,64647.0,6.3997,298.07,377.92,0.75792,6.2031,,35,,1.8908,0.18407,,,0.52941,0,,0,0,2,68,68,0,68.0,21833.0
23.6,55,100,150,0.0,225.0,315.42,0.0001,0,0.7,0,0.015995,8.404,0.00091139,59853,64735.0,6.3991,298.08,379.95,0.77072,6.2825,,35,,1.9059,0.18388,,,0.53836,0,,0,0,2,68,68,0,68.0,20993.0
23.8,55,100,150,0.0,225.0,320.57,0.0001,0,0.7,0,0.016078,8.2492,0.00090983,59924,64823.0,6.3974,298.06,375.39,0.7837,6.2589,,35,,1.9561,0.18333,,,0.54745,0,,0,0,2,68,68,0,68.0,21320.0
24.0,55,100,150,0.0,225.0,317.8,0.0001,0,0.7,0,0.015372,8.2229,0.00090828,59995,64911.0,6.3964,298.05,371.81,0.79674,6.1541,1189.3,35,1861.2,1.9605,0.18326,0.00091451,9.5849,0.55658,0,22.428,0,0,2,68,68,0,68.0,21647.0
24.2,55,100,30,0.0,225.0,315.79,0.0001,0,0.7,0,0.0025457,11.901,0.022781,60042,64966.0,6.4382,297.71,278.68,0.80459,5.9846,,35,,0.8995,0.19435,,,0.56208,0,,0,0,2,68,68,0,68.0,21582.0
24.4,55,100,30,0.0,225.0,94.738,469.93,0,0.7,0,0.0025909,11.895,0.046706,60088,65021.0,6.4777,299.24,704.98,0.80936,5.6268,,35,,0.76754,0.19571,,,0.56542,0,,0,0,2,68,68,0,68.0,21693.0
24.6,55,100,30,0.0,225.0,614.11,46.993,0,0.7,0,0.0025538,11.879,0.070798,60135,65076.0,6.5133,298.54,507.64,0.81391,5.2562,,35,,0.76974,0.19567,,,0.5686,0,,0,0,2,68,68,0,68.0,21472.0
24.8,55,100,30,0.0,220.2,405.27,4.6993,0,0.7,0,0.0025445,11.871,0.095089,60180,65130.0,6.5448,298.03,365.63,0.81841,4.8862,,35,,0.76395,0.19573,,,0.57175,0,,0,0,2,68,68,0,68.0,22418.0
25.0,55,100,30,0.0,202.81,255.26,0.46993,0,0.7,0,0.0025565,11.801,0.11944,60222,65180.0,6.572,297.75,288.74,0.82291,4.5464,,35,,0.79212,0.19543,,,0.5749,0,,0,0,2,68,68,0,68.0,21865.0
25.2,55,100,30,0.51794,101.4,76.577,260.07,0,0.8,0,0.0025845,12.481,0.14379,60244,65210.0,6.5914,298.64,535.84,0.82741,4.2536,,35,,0.84484,0.19487,,,0.57805,0,,0,0,2,68,68,0,68.0,22478.0
25.4,55,100,30,1.0367,50.701,374.24,26.007,0,0.8,0,0.0025304,12.403,0.16863,60255,65230.0,6.5897,298.24,424.59,0.83188,3.9885,,35,,0.86556,0.19465,,,0.58118,0,,0,0,2,68,68,0,68.0,21760.0
25.6,55,100,30,1.5577,25.351,254.28,2.6007,0,0.8,0,0.002538,12.338,0.19347,60262,65245.0,6.5581,297.98,351.82,0.83637,3.7788,,35,,0.87579,0.19454,,,0.58432,0,,0,0,2,68,68,0,68.0,22043.0
25.8,55,100,30,2.0817,12.675,176.48,0.26007,0,0.8,0,0.0024937,12.321,0.21874,60266,65258.0,6.5121,297.85,314.8,0.84085,3.6342,,35,,0.86806,0.19461,,,0.58746,0,,0,0,2,68,68,0,68.0,21161.0
26.0,55,100,30,0.0,8.4111,52.944,181.84,0,0.8,0,0.002471,12.287,0.24428,60269,65269.0,6.4688,298.52,502.31,0.8453,3.5577,,35,,0.87793,0.1945,,,0.59058,0,,0,0,2,68,68,0,68.0,21946.0
26.2,55,100,30,0.0,21.395,279.33,18.184,0,0.8,0,0.0024662,12.273,0.27003,60274,65283.0,6.4445,298.26,430.8,0.84975,3.5458,,35,,0.87857,0.19448,,,0.5937,0,,0,0,2,68,68,0,68.0,21900.0
26.4,55,100,30,0.0,44.053,205.52,1.8184,0,0.8,0,0.0024712,12.27,0.29591,60284,65302.0,6.4468,298.07,376.38,0.8542,3.5934,,35,,0.8805,0.19445,,,0.59681,0,,0,0,2,68,68,0,68.0,22187.0
26.6,55,100,30,0.0,65.761,150.18,0.18184,0,0.8,0,0.002494,12.251,0.32187,60299,65325.0,6.4659,297.98,351.21,0.85866,3.6909,,35,,0.88809,0.19437,,,0.59994,0,,0,0,2,68,68,0,68.0,22308.0
26.8,55,100,30,0.0,79.871,123.12,0.018184,0,0.8,0,0.0024727,12.253,0.34809,60316,65350.0,6.4891,297.93,337.18,0.86313,3.8288,,35,,0.87983,0.19444,,,0.60307,0,,0,0,2,68,68,0,68.0,22764.0
27.0,55,100,30,0.0,84.721,36.936,130.33,0,0.8,0,0.0024292,12.249,0.37481,60334,65377.0,6.5131,298.44,480.72,0.86757,3.9952,,35,,0.87935,0.19444,,,0.60618,0,,0,0,2,68,68,0,68.0,23056.0
27.2,55,100,30,0.0,79.993,211.27,13.033,0,0.8,0,0.0024583,12.19,0.40149,60351,65403.0,6.5338,298.28,437.27,0.87202,4.1742,,35,,0.89769,0.19424,,,0.60929,0,,0,0,2,68,68,0,68.0,22847.0
27.4,55,100,30,0.0,67.021,170.41,1.3033,0,0.8,0,0.0024509,12.142,0.42853,60366,65426.0,6.5467,298.17,404.3,0.87647,4.3466,,35,,0.91328,0.19407,,,0.61241,0,,0,0,2,68,68,0,68.0,22807.0
27.6,55,100,30,0.0,48.877,141.67,0.13033,0,0.8,0,0.0024485,12.083,0.45598,60377,65446.0,6.5465,298.1,386.62,0.88092,4.507,,35,,0.92942,0.1939,,,0.61553,0,,0,0,2,68,68,0,68.0,23602.0
27.8,55,100,30,0.0,30.847,127.04,0.013033,0,0.8,0,0.0024578,12.007,0.48351,60385,65462.0,6.526,298.08,378.78,0.88539,4.6455,,35,,0.95407,0.19363,,,0.61866,0,,0,0,2,68,68,0,68.0,23231.0
28.0,55,100,30,0.0,21.023,121.75,0.0013033,0,0.8,0,0.0024605,11.968,0.51119,60390,65476.0,6.4946,298.06,375.62,0.88987,4.7563,,35,,0.95838,0.19358,,,0.6218,0,,0,0,2,68,68,0,68.0,23860.0
28.2,55,100,37,0.0,23.752,120.9,0.00013033,0,0.8,0,0.0029301,11.646,0.53525,60398,65493.0,6.4658,298.08,379.37,0.89479,4.8372,,35,,1.0434,0.19269,,,0.62524,0,,0,0,2,68,68,0,68.0,22972.0
28.4,55,100,37,0.0,37.943,128.0,0.0001,0,0.8,0,0.0028664,11.656,0.56,60409,65513.0,6.4544,298.08,381.35,0.89989,4.8468,,35,,1.0494,0.19262,,,0.62881,0,,0,0,2,68,68,0,68.0,23254.0
28.6,55,100,37,0.0,56.654,133.23,0.0001,0,0.8,0,0.0028683,11.655,0.58493,60423,65536.0,6.4609,298.08,379.68,0.90497,4.8491,,35,,1.0517,0.19258,,,0.63238,0,,0,0,2,68,68,0,68.0,23870.0
28.8,55,100,37,0.0,72.761,134.3,0.0001,0,0.8,0,0.0028798,11.647,0.60983,60440,65563.0,6.4777,298.08,378.82,0.91005,4.8378,,35,,1.0518,0.19257,,,0.63593,0,,0,0,2,68,68,0,68.0,23653.0
29.0,55,100,37,0.0,82.164,136.23,0.0001,0,0.8,0,0.0028892,11.612,0.63465,60459,65591.0,6.4981,298.07,376.41,0.91515,4.8146,,35,,1.064,0.19244,,,0.63951,0,,0,0,2,68,68,0,68.0,24602.0
29.2,55,100,37,0.0,83.44,136.13,0.0001,0,0.8,0,0.0028588,11.592,0.66003,60479,65620.0,6.5166,298.07,376.38,0.92024,4.7773,,35,,1.0699,0.19237,,,0.64307,0,,0,0,2,68,68,0,68.0,23387.0
29.4,55,100,37,0.0,77.334,138.67,0.0001,0,0.8,0,0.0027982,11.609,0.68612,60497,65647.0,6.5318,298.06,375.45,0.92526,4.7438,,35,,1.0549,0.19251,,,0.64659,0,,0,0,2,68,68,0,68.0,24675.0
29.6,55,100,37,0.0,65.144,140.04,0.0001,0,0.8,0,0.0027547,11.595,0.71276,60513,65672.0,6.5393,298.06,373.14,0.9302,4.718,,35,,1.0546,0.19251,,,0.65005,0,,0,0,2,68,68,0,68.0,24466.0
29.8,55,100,37,0.0,49.975,139.61,0.0001,0,0.8,0,0.0027884,11.511,0.73942,60526,65694.0,6.5342,298.04,370.18,0.93514,4.6977,,35,,1.0762,0.19227,,,0.65351,0,,0,0,2,68,68,0,68.0,24924.0
30.0,55,100,37,0.0,36.873,138.11,0.0001,0,0.8,0,0.0027661,11.468,0.76648,60536,65714.0,6.5166,298.05,370.63,0.94011,4.6856,,35,,1.0801,0.19222,,,0.65699,0,,0,0,2,68,68,0,68.0,25051.0
30.2,55,100,37,0.0,30.793,140.42,0.0001,0,0.9,0,0.002744,12.278,0.79389,60545,65732.0,6.4939,298.04,368.36,0.94507,4.6823,,35,,1.0826,0.19219,,,0.66046,0,,0,0,2,68,68,0,68.0,24179.0
30.4,55,100,37,0.0,33.76,139.37,0.0001,0,0.9,0,0.0027341,12.241,0.82168,60555,65751.0,6.4777,298.03,365.92,0.95002,4.6932,,35,,1.0932,0.19207,,,0.66393,0,,0,0,2,68,68,0,68.0,25142.0
30.6,55,100,37,0.0,43.2,137.88,0.0001,0,0.9,0,0.0026906,12.237,0.84989,60566,65771.0,6.4735,298.02,363.52,0.95494,4.7202,,35,,1.0956,0.19203,,,0.66738,0,,0,0,2,68,68,0,68.0,24608.0
30.8,55,100,37,0.0,54.288,136.11,0.0001,0,0.9,0,0.0026842,12.219,0.8783,60580,65794.0,6.4797,298.03,365.31,0.95986,4.7635,,35,,1.0992,0.19199,,,0.67083,0,,0,0,2,68,68,0,68.0,24574.0
31.0,55,100,37,0.0,62.885,139.17,0.0001,0,0.9,0,0.0026564,12.214,0.90704,60595,65819.0,6.4904,298.02,364.54,0.96476,4.8192,,35,,1.0966,0.192,,,0.67427,0,,0,0,2,68,68,0,68.0,25542.0
31.2,55,100,37,0.0,67.237,139.2,0.0001,0,0.9,0,0.0026222,12.218,0.93594,60611,65845.0,6.5038,298.02,364.58,0.96963,4.88,,35,,1.0897,0.19207,,,0.67768,0,,0,0,2,68,68,0,68.0,25678.0
31.4,55,100,37,0.0,66.233,140.21,0.0001,0,0.9,0,0.0026391,12.171,0.96486,60628,65870.0,6.515,298.01,361.31,0.9745,4.9412,,35,,1.103,0.19192,,,0.68109,0,,0,0,2,68,68,0,68.0,25314.0
31.6,55,100,37,0.0,60.746,137.14,0.0001,0,0.9,0,0.002594,12.153,0.99447,60643,65894.0,6.5229,298.01,361.03,0.97934,4.9931,,35,,1.109,0.19185,,,0.68448,0,,0,0,2,68,68,0,68.0,25453.0
31.8,55,100,37,0.0,52.123,137.38,0.0001,0,0.9,0,0.0025876,12.112,1.0244,60656,65917.0,6.525,298.01,360.54,0.98416,5.0538,,35,,1.1142,0.19178,,,0.68786,0,,0,0,2,68,68,0,68.0,26427.0
32.0,55,100,37,0.0,42.677,137.26,0.0001,0,0.9,0,0.0026144,12.034,1.0545,60667,65937.0,6.5191,298.01,359.8,0.989,5.1115,,35,,1.1374,0.19153,,,0.69125,0,,0,0,2,68,68,0,68.0,25901.0
32.2,55,100,43,0.0,35.603,136.76,0.0001,0,0.9,0,0.0030089,11.733,1.0806,60679,65958.0,6.5036,298.03,364.63,0.99422,5.1582,,35,,1.2148,0.19072,,,0.69491,0,,0,0,2,68,68,0,68.0,26190.0
32.4,55,100,43,0.0,34.695,142.98,0.0001,0,0.9,0,0.0030062,11.692,1.1067,60690,65979.0,6.4885,298.04,368.79,0.99965,5.1346,,35,,1.229,0.19056,,,0.69872,0,,0,0,2,68,68,0,68.0,26478.0
32.6,55,100,43,0.0,39.799,148.87,0.0001,0,0.9,0,0.0030338,11.654,1.1326,60702,66001.0,6.4804,298.05,371.17,1.0051,5.0971,,35,,1.2345,0.19049,,,0.70256,0,,0,0,2,68,68,0,68.0,26265.0
32.8,55,100,43,0.0,48.144,153.16,0.0001,0,0.9,0,0.0029872,11.662,1.1593,60715,66025.0,6.481,298.05,372.52,1.0106,5.0438,,35,,1.2344,0.19048,,,0.70637,0,,0,0,2,68,68,0,68.0,25890.0
33.0,55,100,43,0.0,56.247,156.54,0.0001,0,0.9,0,0.0029804,11.651,1.1864,60731,66050.0,6.486,298.05,371.25,1.016,5.006,,35,,1.2329,0.19049,,,0.71017,0,,0,0,2,68,68,0,68.0,27350.0
33.2,55,100,43,0.0,62.346,156.95,0.0001,0,0.9,0,0.0029817,11.611,1.2136,60747,66076.0,6.494,298.04,368.41,1.0214,4.9886,,35,,1.2419,0.19039,,,0.71397,0,,0,0,2,68,68,0,68.0,26977.0
33.4,55,100,43,0.0,65.262,155.34,0.0001,0,0.9,0,0.0029346,11.616,1.2416,60764,66103.0,6.502,298.03,365.4,1.0268,4.9872,,35,,1.2366,0.19043,,,0.71776,0,,0,0,2,68,68,0,68.0,26108.0
33.6,55,100,43,0.0,65.0,153.18,0.0001,0,0.9,0,0.0029149,11.601,1.2701,60781,66130.0,6.5109,298.02,363.6,1.0322,5.0039,,35,,1.2324,0.19046,,,0.72151,0,,0,0,2,68,68,0,68.0,26575.0
33.8,55,100,43,0.0,61.16,152.11,0.0001,0,0.9,0,0.0028393,11.624,1.2995,60798,66156.0,6.517,298.0,358.65,1.0375,5.0399,,35,,1.2154,0.19063,,,0.72522,0,,0,0,2,68,68,0,68.0,27213.0
34.0,55,100,43,0.0,54.899,146.94,0.0001,0,0.9,0,0.0027963,11.617,1.3295,60813,66181.0,6.5162,297.99,353.51,1.0427,5.0865,,35,,1.2014,0.19077,,,0.72889,0,,0,0,2,68,68,0,68.0,27854.0
34.2,55,100,43,0.0,48.954,140.96,0.0001,0,0.9,0,0.0027716,11.603,1.36,60827,66204.0,6.5116,297.98,351.66,1.0479,5.1463,,35,,1.1913,0.19086,,,0.73253,0,,0,0,2,68,68,0,68.0,27664.0
34.4,55,100,43,0.0,44.864,138.31,0.0001,0,0.9,0,0.0027829,11.554,1.3906,60840,66227.0,6.5042,297.98,350.96,1.0531,5.2129,,35,,1.1973,0.19079,,,0.73618,0,,0,0,2,68,68,0,68.0,27308.0
34.6,55,100,43,0.0,43.733,136.74,0.0001,0,0.9,0,0.0027573,11.527,1.4217,60853,66250.0,6.4972,297.99,353.56,1.0583,5.2772,,35,,1.1974,0.19078,,,0.73983,0,,0,0,2,68,68,0,68.0,28621.0
34.8,55,100,43,0.0,45.353,139.05,0.0001,0,0.9,0,0.002702,11.548,1.4535,60866,66273.0,6.4939,297.99,354.25,1.0635,5.3438,,35,,1.1791,0.19096,,,0.74345,0,,0,0,2,68,68,0,68.0,27271.0
35.0,55,100,43,0.0,48.294,139.3,0.0001,0,0.9,0,0.0026552,11.545,1.4859,60880,66296.0,6.4941,297.99,354.39,1.0686,5.4107,,35,,1.1748,0.19099,,,0.74703,0,,0,0,2,68,68,0,68.0,28423.0
35.2,55,100,43,0.0,51.173,139.01,0.0001,0,0.9,0,0.0026394,11.518,1.5187,60894,66320.0,6.4968,297.99,355.39,1.0737,5.475,,35,,1.1826,0.1909,,,0.7506,0,,0,0,2,68,68,0,68.0,27911.0
35.4,55,100,43,0.0,52.955,139.81,0.0001,0,0.9,0,0.0026105,11.487,1.5518,60909,66345.0,6.5005,297.98,352.76,1.0787,5.5371,,35,,1.1922,0.19079,,,0.75415,0,,0,0,2,68,68,0,68.0,28734.0
35.6,55,100,43,0.0,53.283,136.31,0.0001,0,0.9,0,0.0025671,11.488,1.585,60924,66369.0,6.5044,297.97,350.43,1.0838,5.5857,,35,,1.1926,0.19078,,,0.75768,0,,0,0,2,68,68,0,68.0,28891.0
35.8,55,100,43,0.0,52.039,132.91,0.0001,0,0.9,0,0.0025382,11.474,1.6185,60938,66394.0,6.5069,297.96,347.44,1.0888,5.6265,,35,,1.1842,0.19085,,,0.76119,0,,0,0,2,68,68,0,68.0,28548.0
36.0,55,100,43,0.0,49.81,128.4,0.0001,0,0.9,0,0.0025207,11.459,1.6521,60952,66418.0,6.5073,297.97,349.03,1.0937,5.6558,1198.5,35,1928.1,1.1854,0.19083,1.5187,13.67,0.76468,0,36.144,0,0,2,68,68,0,68.0,29207.0
36.2,55,100,47,0.0,47.405,129.09,0.0001,0,0.9,0,0.0028043,11.231,1.6832,60967,66442.0,6.5046,297.99,353.67,1.0989,5.6743,,35,,1.2405,0.19025,,,0.76834,0,,0,0,2,68,68,0,68.0,28520.0
36.4,55,100,47,0.0,46.085,133.55,0.0001,0,0.9,0,0.0027432,11.245,1.7149,60981,66466.0,6.5021,297.99,353.43,1.1042,5.6478,,35,,1.2354,0.19029,,,0.77205,0,,0,0,2,68,68,0,68.0,29336.0
36.6,55,100,47,0.0,45.769,132.62,0.0001,0,0.9,0,0.0027446,11.215,1.7467,60995,66490.0,6.5004,298.0,358.09,1.1095,5.624,,35,,1.2359,0.19028,,,0.77576,0,,0,0,2,68,68,0,68.0,29152.0
36.8,55,100,47,0.0,46.139,137.75,0.0001,0,0.9,0,0.0027762,11.165,1.7783,61009,66514.0,6.4985,298.0,358.38,1.1148,5.5932,,35,,1.2422,0.1902,,,0.77948,0,,0,0,2,68,68,0,68.0,29134.0
37.0,55,100,47,0.0,47.263,138.04,0.0001,0,0.9,0,0.0027875,11.112,1.81,61024,66539.0,6.4963,298.02,362.21,1.1202,5.5608,,35,,1.2497,0.19011,,,0.78325,0,,0,0,2,68,68,0,68.0,28617.0
37.2,55,100,47,0.0,49.27,142.79,0.0001,0,0.9,0,0.0027664,11.078,1.8424,61039,66564.0,6.4971,298.01,361.51,1.1256,5.5368,,35,,1.2563,0.19004,,,0.78702,0,,0,0,2,68,68,0,68.0,30769.0
37.4,55,100,47,0.0,50.932,142.46,0.0001,0,0.9,0,0.0027428,11.071,1.8753,61054,66589.0,6.4992,298.01,359.55,1.131,5.5398,,35,,1.2507,0.19008,,,0.79079,0,,0,0,2,68,68,0,68.0,29758.0
37.6,55,100,47,0.0,51.768,140.62,0.0001,0,0.9,0,0.0027279,11.043,1.9089,61069,66615.0,6.5022,298.01,359.33,1.1363,5.5557,,35,,1.2554,0.19002,,,0.79453,0,,0,0,2,68,68,0,68.0,29583.0
37.8,55,100,47,0.0,51.41,140.68,0.0001,0,0.9,0,0.0027528,11.0,1.9423,61084,66640.0,6.5044,298.0,358.81,1.1416,5.5959,,35,,1.2638,0.18993,,,0.79829,0,,0,0,2,68,68,0,68.0,30407.0
38.0,55,100,47,0.0,50.166,140.29,0.0001,0,0.9,0,0.0027386,10.969,1.976,61099,66665.0,6.5043,297.99,354.74,1.147,5.628,,35,,1.2687,0.18987,,,0.80205,0,,0,0,2,68,68,0,68.0,29732.0
38.2,55,100,47,0.0,48.969,135.54,0.0001,0,0.9,0,0.0027028,10.933,2.0103,61114,66690.0,6.5042,297.99,354.05,1.1523,5.6656,,35,,1.2814,0.18972,,,0.80579,0,,0,0,2,68,68,0,68.0,30728.0
38.4,55,100,47,0.0,47.817,134.44,0.0001,0,0.9,0,0.0027314,10.873,2.0446,61129,66715.0,6.5024,297.99,355.07,1.1577,5.7165,,35,,1.2969,0.18955,,,0.80955,0,,0,0,2,68,68,0,68.0,30557.0
38.6,55,100,47,0.0,47.397,135.24,0.0001,0,0.9,0,0.0027262,10.837,2.0792,61143,66739.0,6.5011,298.0,356.36,1.1631,5.7666,,35,,1.3068,0.18944,,,0.81331,0,,0,0,2,68,68,0,68.0,30220.0
38.8,55,100,47,0.0,47.48,136.45,0.0001,0,0.9,0,0.0027145,10.782,2.1141,61158,66764.0,6.5013,297.99,355.52,1.1684,5.8161,,35,,1.3241,0.18925,,,0.81708,0,,0,0,2,68,68,0,68.0,31718.0
39.0,55,100,47,0.0,47.487,135.24,0.0001,0,0.9,0,0.0026758,10.773,2.1497,61172,66789.0,6.5007,298.0,356.4,1.1738,5.8673,,35,,1.3205,0.18928,,,0.82085,0,,0,0,2,68,68,0,68.0,30720.0
39.2,55,100,47,0.0,47.713,136.06,0.0001,0,0.9,0,0.0026261,10.76,2.1863,61187,66814.0,6.499,298.0,356.86,1.1791,5.9241,,35,,1.3198,0.18927,,,0.82458,0,,0,0,2,68,68,0,68.0,31726.0
39.4,55,100,47,0.0,48.626,136.45,0.0001,0,0.9,0,0.0026025,10.733,2.2232,61201,66839.0,6.4992,298.01,359.51,1.1844,5.9991,,35,,1.328,0.18918,,,0.82829,0,,0,0,2,68,68,0,68.0,32568.0
39.6,55,100,47,0.0,49.445,139.54,0.0001,0,0.9,0,0.0025913,10.714,2.2605,61216,66864.0,6.5005,298.01,360.71,1.1897,6.0653,,35,,1.3251,0.1892,,,0.83199,0,,0,0,2,68,68,0,68.0,31577.0
39.8,55,100,47,0.0,49.753,141.18,0.0001,0,0.9,0,0.0025773,10.707,2.298,61231,66889.0,6.5012,298.02,361.89,1.1949,6.1278,,35,,1.3198,0.18924,,,0.83568,0,,0,0,2,68,68,0,68.0,32088.0
40.0,55,100,47,0.0,49.801,142.98,0.0001,0,0.9,0,0.0025578,10.684,2.3361,61246,66914.0,6.5015,298.01,361.57,1.2002,6.1834,,35,,1.3285,0.18914,,,0.83934,0,,0,0,2,68,68,0,68.0,31769.0
40.2,60,100,51,0.0,49.714,143.14,0.0001,0,1.1,0,0.0028161,12.344,2.3713,61262,66941.0,6.5012,298.03,366.91,1.1129,6.2372,,35,,1.3417,0.19033,,,0.84885,0,,0,0,2,68,68,0,68.0,32435.0
40.4,60,100,51,0.0,49.753,150.12,0.0001,0,1.1,0,0.0027911,12.322,2.4067,61278,66967.0,6.5012,298.05,370.63,1.1135,6.2365,,35,,1.3264,0.19048,,,0.8493,0,,0,0,2,68,68,0,68.0,31602.0
40.6,60,100,51,0.0,49.795,155.68,0.0001,0,1.1,0,0.0028344,12.266,2.4417,61294,66993.0,6.5018,298.05,371.25,1.1183,6.2274,,35,,1.3383,0.19036,,,0.85302,0,,0,0,2,68,68,0,68.0,31601.0
40.8,60,100,51,0.0,49.608,158.05,0.0001,0,1.1,0,0.0027507,12.276,2.4779,61310,67020.0,6.5028,298.04,369.25,1.1234,6.2021,,35,,1.3344,0.19038,,,0.85691,0,,0,0,2,68,68,0,68.0,32939.0
41.0,60,100,51,0.0,48.996,157.43,0.0001,0,1.1,0,0.0026696,12.266,2.5153,61325,67046.0,6.5022,298.04,369.94,1.1284,6.193,,35,,1.3384,0.19034,,,0.86076,0,,0,0,2,68,68,0,68.0,32616.0
41.2,60,100,51,0.0,48.623,159.84,0.0001,0,1.1,0,0.0025974,12.275,2.5537,61341,67072.0,6.5014,298.04,367.72,1.1334,6.2132,,35,,1.3343,0.19036,,,0.86455,0,,0,0,2,68,68,0,68.0,32965.0
41.4,60,100,51,0.0,48.565,158.78,0.0001,0,1.1,0,0.0025766,12.252,2.5925,61356,67098.0,6.4991,298.02,363.27,1.1383,6.2545,,35,,1.3352,0.19035,,,0.86831,0,,0,0,2,68,68,0,68.0,33148.0
41.6,60,100,51,0.0,49.468,154.82,0.0001,0,1.1,0,0.0025447,12.218,2.6314,61372,67124.0,6.4986,298.02,362.43,1.1432,6.3034,,35,,1.3461,0.19023,,,0.87207,0,,0,0,2,68,68,0,68.0,33499.0
41.8,60,100,51,0.0,50.536,154.68,0.0001,0,1.1,0,0.0025416,12.174,2.6704,61388,67151.0,6.4986,298.03,364.72,1.1481,6.3511,,35,,1.3598,0.19009,,,0.87583,0,,0,0,2,68,68,0,68.0,33851.0
42.0,60,100,51,0.0,51.61,158.1,0.0001,0,1.1,0,0.0025329,12.154,2.71,61404,67177.0,6.4989,298.03,367.25,1.153,6.3934,,35,,1.3609,0.19007,,,0.87958,0,,0,0,2,68,68,0,68.0,33039.0
42.2,60,100,51,0.0,52.567,162.02,0.0001,0,1.1,0,0.002471,12.181,2.7502,61421,67204.0,6.5009,298.03,367.55,1.1579,6.4528,,35,,1.3442,0.19022,,,0.8833,0,,0,0,2,68,68,0,68.0,33897.0
42.4,60,100,51,0.0,52.713,163.59,0.0001,0,1.1,0,0.0024536,12.167,2.7907,61437,67231.0,6.5038,298.04,369.26,1.1627,6.5208,,35,,1.3372,0.19028,,,0.88699,0,,0,0,2,68,68,0,68.0,33589.0
42.6,60,100,51,0.0,51.704,166.94,0.0001,0,1.1,0,0.0024518,12.136,2.8312,61453,67258.0,6.5059,298.04,368.89,1.1675,6.5909,,35,,1.3447,0.1902,,,0.89066,0,,0,0,2,68,68,0,68.0,34448.0
42.8,60,100,51,0.0,49.872,167.99,0.0001,0,1.1,0,0.0024283,12.105,2.8721,61469,67284.0,6.507,298.03,366.91,1.1723,6.6546,,35,,1.354,0.1901,,,0.89433,0,,0,0,2,68,68,0,68.0,35308.0
43.0,60,100,51,0.0,47.603,167.11,0.0001,0,1.1,0,0.0024357,12.05,2.9132,61485,67310.0,6.5044,298.03,367.22,1.1771,6.7197,,35,,1.3565,0.19007,,,0.89802,0,,0,0,2,68,68,0,68.0,35004.0
43.2,60,100,51,0.0,46.363,168.76,0.0001,0,1.1,0,0.0023834,12.049,2.9549,61500,67335.0,6.4995,298.04,370.07,1.1819,6.7848,,35,,1.3583,0.19004,,,0.90168,0,,0,0,2,68,68,0,68.0,35868.0
43.4,60,100,51,0.0,47.077,173.45,0.0001,0,1.1,0,0.0023682,12.05,2.9965,61515,67361.0,6.4951,298.04,369.15,1.1867,6.838,,35,,1.3414,0.19019,,,0.90532,0,,0,0,2,68,68,0,68.0,34566.0
43.6,60,100,51,0.0,49.571,173.91,0.0001,0,1.1,0,0.0023673,12.031,3.0379,61531,67388.0,6.4931,298.02,364.18,1.1914,6.8734,,35,,1.3371,0.19023,,,0.90897,0,,0,0,2,68,68,0,68.0,35596.0
43.8,60,100,51,0.0,52.853,169.49,0.0001,0,1.1,0,0.0023511,12.009,3.0797,61548,67415.0,6.493,298.02,363.41,1.1962,6.8973,,35,,1.3482,0.19011,,,0.9126,0,,0,0,2,68,68,0,68.0,35128.0
44.0,60,100,51,0.0,56.177,169.57,0.0001,0,1.1,0,0.0023789,11.921,3.1213,61565,67442.0,6.4957,298.02,363.67,1.201,6.9236,,35,,1.3773,0.18983,,,0.91627,0,,0,0,2,68,68,0,68.0,35992.0
44.2,60,100,57,0.0,58.417,170.68,0.0001,0,1.1,0,0.0027036,11.627,3.1596,61584,67472.0,6.4957,298.04,368.76,1.2061,6.9432,,35,,1.4384,0.18923,,,0.92022,0,,0,0,2,68,68,0,68.0,35840.0
44.4,60,100,57,0.0,60.647,177.57,0.0001,0,1.1,0,0.0026228,11.658,3.1988,61603,67502.0,6.499,298.05,372.19,1.2114,6.9171,,35,,1.4385,0.18922,,,0.92424,0,,0,0,2,68,68,0,68.0,36860.0
44.6,60,100,57,0.0,61.543,183.01,0.0001,0,1.1,0,0.0025962,11.639,3.239,61623,67533.0,6.5024,298.04,369.02,1.2166,6.8977,,35,,1.438,0.18922,,,0.92822,0,,0,0,2,68,68,0,68.0,36051.0
44.8,60,100,57,0.0,61.091,181.05,0.0001,0,1.1,0,0.0024838,11.687,3.2806,61642,67563.0,6.5055,298.03,365.27,1.2217,6.8989,,35,,1.4266,0.18932,,,0.93212,0,,0,0,2,68,68,0,68.0,36748.0
45.0,60,100,57,0.0,59.425,178.15,0.0001,0,1.1,0,0.0024411,11.697,3.3226,61661,67593.0,6.5064,298.02,363.47,1.2267,6.9161,,35,,1.4253,0.18932,,,0.93594,0,,0,0,2,68,68,0,68.0,37448.0
45.2,60,100,57,0.0,57.379,177.11,0.0001,0,1.1,0,0.0023575,11.737,3.3656,61680,67622.0,6.5065,298.02,362.3,1.2316,6.9386,,35,,1.4033,0.18952,,,0.93969,0,,0,0,2,68,68,0,68.0,36319.0
45.4,60,100,57,0.0,55.314,176.54,0.0001,0,1.1,0,0.0022922,11.748,3.4091,61698,67651.0,6.5057,298.02,362.59,1.2364,6.97,,35,,1.3963,0.18958,,,0.94336,0,,0,0,2,68,68,0,68.0,36526.0
45.6,60,100,57,0.0,53.558,177.55,0.0001,0,1.1,0,0.0023116,11.676,3.4527,61716,67679.0,6.503,298.03,365.04,1.2412,7.0061,,35,,1.4142,0.1894,,,0.94704,0,,0,0,2,68,68,0,68.0,37066.0
45.8,60,100,57,0.0,52.893,181.14,0.0001,0,1.1,0,0.0022874,11.66,3.4965,61734,67708.0,6.4993,298.03,366.95,1.246,7.038,,35,,1.4125,0.1894,,,0.95072,0,,0,0,2,68,68,0,68.0,37275.0
46.0,60,100,57,0.0,53.689,184.34,0.0001,0,1.1,0,0.0022454,11.668,3.5407,61751,67736.0,6.496,298.03,366.97,1.2507,7.0674,,35,,1.4049,0.18947,,,0.95437,0,,0,0,2,68,68,0,68.0,38818.0
46.2,60,100,57,0.0,55.807,185.55,0.0001,0,1.1,0,0.0022511,11.636,3.585,61770,67765.0,6.4945,298.03,365.02,1.2555,7.0968,,35,,1.416,0.18935,,,0.95801,0,,0,0,2,68,68,0,68.0,39029.0
46.4,60,100,57,0.0,58.524,184.45,0.0001,0,1.1,0,0.002223,11.625,3.6297,61789,67795.0,6.4937,298.01,359.62,1.2602,7.1159,,35,,1.4191,0.18931,,,0.96163,0,,0,0,2,68,68,0,68.0,38575.0
46.6,60,100,57,0.0,61.577,179.06,0.0001,0,1.1,0,0.0021756,11.653,3.6747,61808,67825.0,6.4934,297.99,354.87,1.2649,7.139,,35,,1.4042,0.18945,,,0.9652,0,,0,0,2,68,68,0,68.0,38956.0
46.8,60,100,57,0.0,64.755,173.81,0.0001,0,1.1,0,0.0021463,11.668,3.7202,61828,67855.0,6.496,297.98,350.21,1.2695,7.1549,,35,,1.3968,0.18951,,,0.96874,0,,0,0,2,68,68,0,68.0,39173.0
47.0,60,100,57,0.0,66.88,168.06,0.0001,0,1.1,0,0.0021177,11.673,3.7658,61849,67886.0,6.4979,297.96,347.09,1.2741,7.1723,,35,,1.3979,0.18949,,,0.97223,0,,0,0,2,68,68,0,68.0,38724.0
47.2,60,100,57,0.0,68.249,163.53,0.0001,0,1.1,0,0.0021538,11.62,3.8113,61870,67918.0,6.5002,297.96,346.39,1.2786,7.1868,,35,,1.402,0.18944,,,0.97573,0,,0,0,2,68,68,0,68.0,39441.0
47.4,60,100,57,0.0,68.69,161.43,0.0001,0,1.1,0,0.0021713,11.544,3.8569,61891,67949.0,6.5028,297.94,341.42,1.2832,7.2004,,35,,1.4299,0.18917,,,0.97927,0,,0,0,2,68,68,0,68.0,39991.0
47.6,60,100,57,0.0,68.075,48.43,177.01,0,1.1,0,0.0021371,11.55,3.9026,61912,67980.0,6.5058,298.61,535.03,1.2878,7.2124,,35,,1.4351,0.18911,,,0.98279,0,,0,0,2,68,68,0,68.0,39875.0
47.8,60,100,57,0.0,66.28,276.66,17.701,0,1.1,0,0.0021285,11.52,3.9485,61932,68011.0,6.5075,298.47,493.8,1.2924,7.2128,,35,,1.43,0.18915,,,0.98629,0,,0,0,2,68,68,0,68.0,40594.0
48.0,60,100,57,0.0,63.789,245.61,1.7701,0,1.1,0,0.0020801,11.555,3.9947,61952,68041.0,6.5096,298.3,445.54,1.2969,7.2142,1199.6,35,1978.0,1.4094,0.18934,3.8113,17.563,0.98976,0,50.61,0,0,2,68,68,0,68.0,40814.0
48.2,60,100,61,0.0,60.46,206.97,0.17701,0,1.1,0,0.0022251,11.352,4.0408,61972,68072.0,6.5074,298.21,417.29,1.3016,7.2212,,35,,1.454,0.1889,,,0.99333,0,,0,0,2,68,68,0,68.0,40367.0
48.4,60,100,61,0.0,58.03,186.07,0.017701,0,1.1,0,0.0022003,11.341,4.0869,61991,68102.0,6.5046,298.13,394.84,1.3063,7.2456,,35,,1.4609,0.18883,,,0.99695,0,,0,0,2,68,68,0,68.0,40253.0
48.6,60,100,61,0.0,56.709,167.9,0.0017701,0,1.1,0,0.0021822,11.311,4.1332,62011,68132.0,6.5007,298.07,378.54,1.311,7.2706,,35,,1.4653,0.18878,,,1.0006,0,,0,0,2,68,68,0,68.0,40308.0
48.8,60,100,61,0.0,56.955,153.99,0.00017701,0,1.1,0,0.0021529,11.282,4.18,62030,68162.0,6.499,298.03,366.18,1.3157,7.2953,,35,,1.482,0.18861,,,1.0041,0,,0,0,2,68,68,0,68.0,40697.0
49.0,60,100,61,0.0,57.854,142.49,0.0001,0,1.1,0,0.0021009,11.317,4.227,62050,68193.0,6.4985,297.99,354.28,1.3203,7.3281,,35,,1.4611,0.1888,,,1.0077,0,,0,0,2,68,68,0,68.0,40921.0
49.2,60,100,61,0.0,58.983,129.86,0.0001,0,1.1,0,0.0020755,11.318,4.2738,62069,68223.0,6.4985,297.97,347.5,1.3249,7.3577,,35,,1.4594,0.18881,,,1.0112,0,,0,0,2,68,68,0,68.0,40978.0
49.4,60,100,61,0.0,60.085,121.75,0.0001,0,1.1,0,0.0020406,11.322,4.321,62090,68254.0,6.5013,297.95,341.7,1.3295,7.3775,,35,,1.4586,0.1888,,,1.0147,0,,0,0,2,68,68,0,68.0,41536.0
49.6,60,100,61,0.0,60.07,36.526,132.56,0,1.1,0,0.0020389,11.295,4.3683,62109,68284.0,6.5035,298.47,494.86,1.334,7.3922,,35,,1.4618,0.18877,,,1.0181,0,,0,0,2,68,68,0,68.0,41928.0
49.8,60,100,61,0.0,59.185,216.01,13.256,0,1.1,0,0.0020231,11.264,4.4158,62129,68314.0,6.5057,298.35,458.42,1.3385,7.4134,,35,,1.4665,0.18871,,,1.0216,0,,0,0,2,68,68,0,68.0,42488.0
50.0,60,100,61,0.0,57.424,186.65,1.3256,0,1.1,0,0.0020462,11.196,4.4636,62149,68344.0,6.5055,298.25,428.86,1.343,7.4477,,35,,1.4757,0.18862,,,1.025,0,,0,0,2,68,68,0,68.0,41549.0
50.2,60,100,61,0.0,55.738,165.64,0.13256,500,1.1,0,0.0020358,12.723,4.5043,62268,68474.0,6.5028,298.04,369.7,1.3475,7.485,,35,,1.1395,0.1918,,,1.0285,0,,0,0,2,68,68,0,68.0,42082.0
50.4,60,100,61,0.0,55.148,105.73,0.013256,500,1.1,0,0.0020509,12.712,4.5453,62387,68604.0,6.5006,297.93,335.93,1.3521,7.4137,,35,,1.1153,0.19202,,,1.032,0,,0,0,2,68,68,0,68.0,42616.0
50.6,60,100,61,0.0,55.407,31.718,104.13,500,1.1,0,0.0020461,12.701,4.5864,62506,68734.0,6.4975,298.25,431.28,1.3567,7.3506,,35,,1.1346,0.19183,,,1.0355,0,,0,0,2,68,68,0,68.0,42985.0
50.8,60,100,61,0.0,56.92,142.09,10.413,500,1.1,0,0.0020208,12.737,4.6277,62625,68864.0,6.4956,298.09,384.66,1.3612,7.2864,,35,,1.1321,0.19184,,,1.039,0,,0,0,2,68,68,0,68.0,43854.0
51.0,60,100,61,0.0,59.21,94.384,1.0413,500,1.1,0,0.0020256,12.756,4.6688,62745,68994.0,6.4957,297.99,352.83,1.3658,7.2266,,35,,1.1345,0.19181,,,1.0425,0,,0,0,2,68,68,0,68.0,43389.0
51.2,60,100,61,0.0,61.45,61.81,0.10413,500,1.1,0,0.0020136,12.775,4.7098,62865,69125.0,6.4977,297.93,335.94,1.3703,7.17,,35,,1.1363,0.19178,,,1.046,0,,0,0,2,68,68,0,68.0,42923.0
51.4,60,100,61,0.0,62.901,18.543,66.169,500,1.1,0,0.0020164,12.773,4.7509,62986,69256.0,6.5003,298.15,401.59,1.3749,7.1145,,35,,1.1478,0.19167,,,1.0495,0,,0,0,2,68,68,0,68.0,44291.0
51.6,60,100,61,0.0,63.287,92.963,6.6169,500,1.1,0,0.0020287,12.771,4.7917,63106,69387.0,6.5028,298.07,378.28,1.3794,7.0844,,35,,1.1551,0.19159,,,1.053,0,,0,0,2,68,68,0,68.0,42991.0
51.8,60,100,61,0.0,62.702,69.812,0.66169,500,1.1,0,0.0020058,12.807,4.8325,63227,69518.0,6.5049,298.01,360.38,1.3839,7.0538,,35,,1.1594,0.19154,,,1.0564,0,,0,0,2,68,68,0,68.0,44191.0
52.0,60,100,61,0.0,61.267,52.292,0.066169,500,1.1,0,0.0019919,12.832,4.8734,63347,69649.0,6.5054,297.97,349.06,1.3884,7.0301,,35,,1.1545,0.19158,,,1.0599,0,,0,0,2,68,68,0,68.0,44058.0
52.2,60,100,65,0.0,59.653,40.06,0.0066169,500,1.1,0,0.0021558,12.664,4.9139,63467,69781.0,6.5031,297.97,346.68,1.3931,7.0162,,35,,1.1973,0.19116,,,1.0635,0,,0,0,2,68,68,0,68.0,43590.0
52.4,60,100,65,0.0,58.941,36.613,0.00066169,500,1.1,0,0.0020988,12.705,4.9548,63588,69912.0,6.5016,297.96,345.33,1.3978,7.0331,,35,,1.2046,0.19109,,,1.0671,0,,0,0,2,68,68,0,68.0,44957.0
52.6,60,100,65,0.0,58.813,33.845,0.0001,500,1.1,0,0.0020569,12.754,4.9958,63708,70043.0,6.5002,297.96,344.84,1.4025,7.0649,,35,,1.2045,0.19108,,,1.0707,0,,0,0,2,68,68,0,68.0,45324.0
52.8,60,100,65,0.0,59.263,31.863,0.0001,500,1.1,0,0.0020827,12.755,5.0366,63829,70175.0,6.4988,297.97,346.97,1.4072,7.0982,,35,,1.1976,0.19113,,,1.0742,0,,0,0,2,68,68,0,68.0,45691.0
53.0,60,100,65,0.0,60.258,32.833,0.0001,500,1.1,0,0.0021011,12.736,5.0778,63949,70306.0,6.4972,297.98,349.61,1.4119,7.1366,,35,,1.2142,0.19097,,,1.0778,0,,0,0,2,68,68,0,68.0,45060.0
53.2,60,100,65,0.0,61.89,34.568,0.0001,500,1.1,0,0.0020708,12.762,5.1193,64070,70438.0,6.4966,297.98,350.92,1.4166,7.1888,,35,,1.2199,0.1909,,,1.0814,0,,0,0,2,68,68,0,68.0,45597.0
53.4,60,100,65,0.0,63.761,35.105,0.0001,500,1.1,0,0.0020568,12.801,5.1612,64192,70571.0,6.497,297.98,351.74,1.4212,7.2526,,35,,1.2172,0.19092,,,1.085,0,,0,0,2,68,68,0,68.0,45469.0
53.6,60,100,65,0.0,65.471,35.259,0.0001,500,1.1,0,0.0020103,12.875,5.2027,64313,70703.0,6.4991,297.98,350.5,1.4258,7.3178,,35,,1.2047,0.19103,,,1.0885,0,,0,0,2,68,68,0,68.0,46006.0
53.8,60,100,65,0.0,66.352,33.184,0.0001,500,1.1,0,0.0019801,12.922,5.2438,64435,70836.0,6.5025,297.97,347.99,1.4303,7.3669,,35,,1.2006,0.19106,,,1.092,0,,0,0,2,68,68,0,68.0,46374.0
54.0,60,100,65,0.0,65.888,29.552,0.0001,500,1.1,0,0.0019647,12.917,5.2854,64557,70969.0,6.5049,297.97,347.25,1.4348,7.3813,,35,,1.2077,0.19098,,,1.0954,0,,0,0,2,68,68,0,68.0,46244.0
54.2,60,100,65,0.0,64.452,27.666,0.0001,500,1.1,0,0.0019484,12.952,5.3274,64678,71101.0,6.5051,297.97,347.34,1.4393,7.4065,,35,,1.1999,0.19105,,,1.0989,0,,0,0,2,68,68,0,68.0,45616.0
54.4,60,100,65,0.0,62.946,26.586,0.0001,500,1.1,0,0.0019323,12.962,5.3692,64800,71233.0,6.5048,297.97,347.92,1.4438,7.4312,,35,,1.2012,0.19103,,,1.1023,0,,0,0,2,68,68,0,68.0,46655.0
54.6,60,100,65,0.0,61.543,26.049,0.0001,500,1.1,0,0.0019154,12.97,5.4109,64921,71365.0,6.5048,297.97,348.27,1.4482,7.446,,35,,1.2182,0.19086,,,1.1057,0,,0,0,2,68,68,0,68.0,47526.0
54.8,60,100,65,0.0,60.13,25.315,0.0001,500,1.1,0,0.0019007,12.972,5.4524,65041,71496.0,6.5032,297.97,348.75,1.4527,7.4472,,35,,1.2308,0.19073,,,1.1091,0,,0,0,2,68,68,0,68.0,47063.0
55.0,60,100,65,0.0,59.393,24.778,0.0001,500,1.1,0,0.0019072,12.961,5.4938,65162,71627.0,6.5008,297.98,349.6,1.4571,7.4309,,35,,1.2409,0.19063,,,1.1125,0,,0,0,2,68,68,0,68.0,46932.0
55.2,60,100,65,0.0,59.598,24.703,0.0001,500,1.1,0,0.0018824,12.993,5.5347,65282,71759.0,6.4998,297.98,349.99,1.4616,7.4048,,35,,1.2422,0.19061,,,1.1159,0,,0,0,2,68,68,0,68.0,47300.0
55.4,60,100,65,0.0,60.174,24.209,0.0001,500,1.1,0,0.0018838,13.003,5.5762,65403,71890.0,6.4989,297.98,350.55,1.466,7.3727,,35,,1.2421,0.1906,,,1.1194,0,,0,0,2,68,68,0,68.0,48503.0
55.6,60,100,65,0.0,61.116,23.966,0.0001,500,1.1,0,0.0018903,12.988,5.6175,65523,72022.0,6.4982,297.98,352.03,1.4705,7.3547,,35,,1.2576,0.19044,,,1.1228,0,,0,0,2,68,68,0,68.0,48705.0
55.8,60,100,65,0.0,62.355,24.82,0.0001,500,1.1,0,0.0019397,12.935,5.6588,65644,72154.0,6.4959,297.99,354.05,1.475,7.3392,,35,,1.2844,0.19018,,,1.1263,0,,0,0,2,68,68,0,68.0,48741.0
56.0,60,100,65,0.0,64.523,26.428,0.0001,500,1.1,0,0.0019362,12.96,5.7,65766,72286.0,6.4958,297.99,354.99,1.4796,7.3359,,35,,1.2859,0.19016,,,1.1298,0,,0,0,2,68,68,0,68.0,48609.0
56.2,60,100,72,0.0,66.708,27.057,0.0001,500,1.1,0,0.00212,12.792,5.7404,65889,72421.0,6.4941,298.01,360.55,1.4844,7.3323,,34,,1.3381,0.18965,,,1.1334,0,,0,0,2,68,68,0,68.0,48808.0
56.4,60,100,72,0.0,69.591,32.979,0.0001,500,1.1,0,0.0021017,12.836,5.7811,66013,72556.0,6.4933,298.02,362.67,1.4893,7.3431,,34,,1.335,0.18967,,,1.1372,0,,0,0,2,68,68,0,68.0,48840.0
56.6,60,100,72,0.0,72.786,35.617,0.0001,500,1.1,0,0.0020917,12.856,5.8217,66137,72692.0,6.493,298.02,362.36,1.4942,7.3643,,34,,1.3398,0.18962,,,1.1409,0,,0,0,2,68,68,0,68.0,47873.0
56.8,60,100,72,0.0,76.096,35.897,0.0001,500,1.1,0,0.0020356,12.942,5.8623,66262,72828.0,6.4949,298.01,359.61,1.499,7.3966,,34,,1.324,0.18976,,,1.1446,0,,0,0,2,68,68,0,68.0,49238.0
57.0,60,100,72,0.0,78.648,33.499,0.0001,500,1.1,0,0.0020415,12.904,5.9028,66388,72965.0,6.4959,298.01,358.73,1.5038,7.4169,,34,,1.3528,0.18948,,,1.1483,0,,0,0,2,68,68,0,68.0,48770.0
57.2,60,100,72,0.0,80.826,32.897,0.0001,500,1.1,0,0.0020561,12.9,5.9431,66514,73103.0,6.4977,298.01,358.65,1.5086,7.4432,,34,,1.3659,0.18934,,,1.152,0,,0,0,2,68,68,0,68.0,49634.0
57.4,60,100,72,0.0,82.267,33.034,0.0001,500,1.1,0,0.0020266,12.96,5.9835,66640,73240.0,6.5001,298.0,357.45,1.5134,7.4649,,34,,1.3528,0.18946,,,1.1557,0,,0,0,2,68,68,0,68.0,50499.0
57.6,60,100,72,0.0,82.74,31.899,0.0001,500,1.1,0,0.0020028,12.989,6.024,66766,73378.0,6.5034,298.0,355.63,1.5182,7.484,,34,,1.3536,0.18944,,,1.1594,0,,0,0,2,68,68,0,68.0,50531.0
57.8,60,100,72,0.0,81.896,29.973,0.0001,500,1.1,0,0.0020613,12.935,6.0643,66893,73515.0,6.5058,298.0,356.39,1.5231,7.5046,,34,,1.3709,0.18927,,,1.1631,0,,0,0,2,68,68,0,68.0,49395.0
58.0,60,100,72,0.0,80.083,30.685,0.0001,500,1.1,0,0.002084,12.911,6.1045,67019,73653.0,6.5074,298.0,357.25,1.528,7.5323,,34,,1.3874,0.1891,,,1.1669,0,,0,0,2,68,68,0,68.0,49759.0
58.2,60,100,72,0.0,77.661,31.528,0.0001,500,1.1,0,0.0020717,12.891,6.1449,67144,73790.0,6.5082,298.0,358.16,1.5329,7.5596,,34,,1.4138,0.18884,,,1.1706,0,,0,0,2,68,68,0,68.0,50790.0
58.4,60,100,72,0.0,74.918,32.523,0.0001,500,1.1,0,0.0020545,12.93,6.1849,67269,73926.0,6.5076,298.0,358.26,1.5378,7.5835,,34,,1.4043,0.18892,,,1.1744,0,,0,0,2,68,68,0,68.0,50320.0
58.6,60,100,72,0.0,72.407,32.744,0.0001,500,1.1,0,0.0019897,13.009,6.2254,67393,74062.0,6.5067,298.0,357.67,1.5426,7.5949,,34,,1.3848,0.1891,,,1.1781,0,,0,0,2,68,68,0,68.0,50852.0
58.8,60,100,72,0.0,70.266,32.237,0.0001,500,1.1,0,0.0019741,13.027,6.2662,67517,74197.0,6.5061,298.0,356.56,1.5474,7.6015,,34,,1.388,0.18906,,,1.1818,0,,0,0,2,68,68,0,68.0,50051.0
59.0,60,100,72,0.0,68.337,31.127,0.0001,500,1.1,0,0.0019666,13.04,6.3069,67640,74332.0,6.5049,298.0,355.58,1.5521,7.6153,,34,,1.3929,0.189,,,1.1854,0,,0,0,2,68,68,0,68.0,50251.0
59.2,60,100,72,0.0,66.899,30.027,0.0001,500,1.1,0,0.0019822,13.044,6.3473,67763,74466.0,6.5036,298.0,355.7,1.5569,7.6194,,34,,1.3891,0.18903,,,1.1891,0,,0,0,2,68,68,0,68.0,50949.0
59.4,60,100,72,0.0,65.965,30.004,0.0001,500,1.1,0,0.0019957,13.029,6.3876,67886,74601.0,6.5027,298.0,356.51,1.5617,7.6217,,34,,1.4019,0.1889,,,1.1928,0,,0,0,2,68,68,0,68.0,51646.0
59.6,60,100,72,0.0,65.391,30.72,0.0001,500,1.1,0,0.0019876,13.027,6.4277,68009,74735.0,6.5016,298.0,356.64,1.5666,7.6186,,34,,1.4104,0.18881,,,1.1965,0,,0,0,2,68,68,0,68.0,51343.0
59.8,60,100,72,0.0,65.277,30.773,0.0001,500,1.1,0,0.0019979,13.022,6.4679,68132,74869.0,6.5003,298.0,357.53,1.5714,7.6209,,34,,1.4188,0.18872,,,1.2002,0,,0,0,2,68,68,0,68.0,52207.0
60.0,60,100,72,0.0,65.674,31.68,0.0001,500,1.1,0,0.0019661,13.064,6.5079,68255,75004.0,6.5001,298.0,357.34,1.5763,7.6272,1199.8,34,1878.4,1.4198,0.1887,6.3473,19.629,1.2039,0,42.628,0,0,2,68,68,0,68.0,52402.0
60.2,60,100,76,0.0,66.137,31.516,0.0001,500,1.1,0,0.0020509,13.006,6.5476,68378,75139.0,6.499,298.01,358.95,1.5812,7.6216,,33,,1.4383,0.18852,,,1.2077,0,,0,0,2,68,68,0,68.0,52764.0
60.4,60,100,76,0.0,67.043,33.274,0.0001,500,1.1,0,0.002059,13.0,6.5873,68502,75275.0,6.4982,298.01,359.58,1.5862,7.6306,,33,,1.4587,0.18831,,,1.2115,0,,0,0,2,68,68,0,68.0,53125.0
60.6,60,100,76,0.0,68.298,34.133,0.0001,500,1.1,0,0.0020794,12.972,6.6268,68627,75411.0,6.4971,298.01,360.98,1.5912,7.6449,,33,,1.4806,0.1881,,,1.2154,0,,0,0,2,68,68,0,68.0,53152.0
60.8,60,100,76,0.0,69.979,35.915,0.0001,500,1.1,0,0.002121,12.948,6.6659,68751,75547.0,6.4968,298.02,362.07,1.5964,7.6637,,33,,1.501,0.18789,,,1.2193,0,,0,0,2,68,68,0,68.0,53677.0
61.0,60,100,76,0.0,71.781,37.493,0.0001,500,1.1,0,0.0021373,12.941,6.7048,68876,75684.0,6.4972,298.02,362.66,1.6015,7.6837,,33,,1.5131,0.18777,,,1.2233,0,,0,0,2,68,68,0,68.0,52867.0
61.2,60,100,76,0.0,73.416,38.681,0.0001,500,1.1,0,0.0021196,12.977,6.744,69001,75821.0,6.4984,298.02,362.69,1.6067,7.6993,,33,,1.503,0.18785,,,1.2273,0,,0,0,2,68,68,0,68.0,53060.0
61.4,60,100,76,0.0,74.579,39.347,0.0001,500,1.1,0,0.0020102,13.108,6.7835,69126,75958.0,6.5013,298.0,358.64,1.6117,7.7191,,33,,1.4732,0.18813,,,1.2311,0,,0,0,2,68,68,0,68.0,53586.0
61.6,60,100,76,0.0,74.592,35.706,0.0001,500,1.1,0,0.0019621,13.194,6.8231,69252,76095.0,6.5048,297.99,354.61,1.6166,7.7298,,33,,1.4467,0.18837,,,1.2349,0,,0,0,2,68,68,0,68.0,54781.0
61.8,60,100,76,0.0,73.197,31.728,0.0001,500,1.1,0,0.0019677,13.189,6.8627,69377,76232.0,6.5072,297.99,352.65,1.6215,7.742,,33,,1.4545,0.18829,,,1.2386,0,,0,0,2,68,68,0,68.0,53808.0
62.0,60,100,76,0.0,70.835,29.474,0.0001,500,1.1,0,0.0019369,13.218,6.9026,69501,76368.0,6.5088,297.98,351.17,1.6264,7.7554,,33,,1.4564,0.18826,,,1.2424,0,,0,0,2,68,68,0,68.0,54504.0
62.2,60,100,76,0.0,67.839,27.457,0.0001,500,1.1,0,0.0019278,13.236,6.9425,69625,76503.0,6.51,297.98,351.3,1.6312,7.765,,33,,1.4527,0.18828,,,1.2461,0,,0,0,2,68,68,0,68.0,54699.0
62.4,60,100,76,0.0,64.35,26.955,0.0001,500,1.1,0,0.0019518,13.218,6.9821,69749,76638.0,6.5098,297.99,352.74,1.636,7.7785,,33,,1.4634,0.18817,,,1.2498,0,,0,0,2,68,68,0,68.0,54727.0
62.6,60,100,76,0.0,60.955,27.809,0.0001,500,1.1,0,0.0019098,13.252,7.0218,69871,76772.0,6.5092,297.99,352.27,1.6409,7.7852,,33,,1.4718,0.18808,,,1.2535,0,,0,0,2,68,68,0,68.0,53754.0
62.8,60,100,76,0.0,57.785,26.796,0.0001,500,1.1,0,0.0018973,13.276,7.0612,69993,76906.0,6.5071,297.99,352.39,1.6457,7.7803,,33,,1.4672,0.18812,,,1.2572,0,,0,0,2,68,68,0,68.0,54781.0
63.0,60,100,76,0.0,55.454,26.378,0.0001,500,1.1,0,0.0019219,13.246,7.1011,70115,77039.0,6.5039,297.99,354.63,1.6505,7.772,,33,,1.4799,0.18799,,,1.2609,0,,0,0,2,68,68,0,68.0,55143.0
63.2,60,100,76,0.0,54.431,28.194,0.0001,500,1.1,0,0.0019077,13.266,7.1409,70236,77172.0,6.4999,298.0,355.51,1.6553,7.7897,,33,,1.4902,0.18788,,,1.2646,0,,0,0,2,68,68,0,68.0,56338.0
63.4,60,100,76,0.0,54.988,28.785,0.0001,500,1.1,0,0.0019481,13.211,7.1806,70357,77305.0,6.4956,298.0,357.6,1.6602,7.8042,,33,,1.5194,0.18759,,,1.2683,0,,0,0,2,68,68,0,68.0,55366.0
63.6,60,100,76,0.0,57.277,30.759,0.0001,500,1.1,0,0.0019427,13.232,7.2199,70479,77439.0,6.4912,298.0,358.45,1.6651,7.8257,,33,,1.526,0.18752,,,1.2721,0,,0,0,2,68,68,0,68.0,55725.0
63.8,60,100,76,0.0,61.327,31.659,0.0001,500,1.1,0,0.0019377,13.247,7.259,70602,77573.0,6.4892,298.0,358.43,1.6701,7.839,,33,,1.5315,0.18746,,,1.2759,0,,0,0,2,68,68,0,68.0,56750.0
64.0,60,100,76,0.0,66.16,31.776,0.0001,500,1.1,0,0.0019062,13.312,7.2978,70725,77709.0,6.49,298.0,357.41,1.675,7.8508,,33,,1.5137,0.18762,,,1.2797,0,,0,0,2,68,68,0,68.0,55774.0
64.2,60,100,80,0.0,70.666,30.873,0.0001,500,1.1,0,0.0019633,13.29,7.3366,70851,77846.0,6.4917,298.0,358.01,1.68,7.8528,,32,,1.5263,0.18749,,,1.2835,0,,0,0,2,68,68,0,68.0,55797.0
64.4,60,100,80,0.0,74.501,31.552,0.0001,500,1.1,0,0.0019399,13.344,7.3755,70977,77983.0,6.4948,298.0,357.05,1.685,7.8699,,32,,1.5175,0.18757,,,1.2874,0,,0,0,2,68,68,0,68.0,55654.0
64.6,60,100,80,0.0,77.106,30.658,0.0001,500,1.1,0,0.0019036,13.394,7.4142,71103,78122.0,6.4987,298.0,355.79,1.6899,7.8833,,32,,1.513,0.1876,,,1.2912,0,,0,0,2,68,68,0,68.0,56678.0
64.8,60,100,80,0.0,78.13,29.372,0.0001,500,1.1,0,0.0019032,13.412,7.453,71230,78260.0,6.5023,297.99,355.28,1.6948,7.8959,,32,,1.5186,0.18754,,,1.2949,0,,0,0,2,68,68,0,68.0,57034.0
65.0,60,100,80,0.0,77.723,28.735,0.0001,500,1.1,0,0.0018722,13.464,7.4916,71357,78399.0,6.5056,297.99,353.99,1.6997,7.9074,,32,,1.5104,0.1876,,,1.2987,0,,0,0,2,68,68,0,68.0,56890.0
65.2,60,100,80,0.0,75.993,27.227,0.0001,500,1.1,0,0.0018852,13.438,7.53,71483,78537.0,6.5077,297.99,354.01,1.7046,7.91,,32,,1.529,0.18742,,,1.3024,0,,0,0,2,68,68,0,68.0,56912.0
65.4,60,100,80,0.0,73.452,26.935,0.0001,500,1.1,0,0.0019087,13.426,7.5685,71609,78674.0,6.5079,297.99,354.5,1.7095,7.9164,,32,,1.5412,0.18729,,,1.3062,0,,0,0,2,68,68,0,68.0,57434.0
65.6,60,100,80,0.0,70.826,27.091,0.0001,500,1.1,0,0.0018891,13.454,7.6067,71734,78811.0,6.5068,297.99,354.58,1.7145,7.9363,,32,,1.5409,0.18729,,,1.31,0,,0,0,2,68,68,0,68.0,56787.0
65.8,60,100,80,0.0,68.635,26.871,0.0001,500,1.1,0,0.0018585,13.493,7.6446,71859,78948.0,6.5044,297.99,354.54,1.7194,7.9369,,32,,1.5339,0.18734,,,1.3138,0,,0,0,2,68,68,0,68.0,58307.0
66.0,60,100,80,0.0,67.387,26.548,0.0001,500,1.1,0,0.0018352,13.554,7.6825,71983,79084.0,6.5027,297.99,353.47,1.7242,7.9261,,32,,1.5163,0.1875,,,1.3175,0,,0,0,2,68,68,0,68.0,57659.0
66.2,60,100,80,0.0,66.811,25.183,0.0001,500,1.1,0,0.0018279,13.561,7.7202,72108,79220.0,6.5003,297.99,352.91,1.729,7.905,,32,,1.5287,0.18737,,,1.3212,0,,0,0,2,68,68,0,68.0,57344.0
66.4,60,100,80,0.0,67.194,24.237,0.0001,500,1.1,0,0.0018126,13.598,7.7578,72232,79356.0,6.4996,297.98,351.5,1.7338,7.881,,32,,1.5287,0.18737,,,1.3249,0,,0,0,2,68,68,0,68.0,58195.0
66.6,60,100,80,0.0,67.862,22.361,0.0001,500,1.1,0,0.0018021,13.618,7.7957,72357,79492.0,6.4968,297.98,350.49,1.7386,7.8516,,32,,1.5274,0.18737,,,1.3285,0,,0,0,2,68,68,0,68.0,58714.0
66.8,60,100,80,0.0,69.659,20.748,0.0001,500,1.1,0,0.0018174,13.619,7.8332,72481,79629.0,6.4956,297.98,350.71,1.7434,7.8313,,32,,1.5348,0.18729,,,1.3322,0,,0,0,2,68,68,0,68.0,58731.0
67.0,60,100,80,0.0,71.951,20.262,0.0001,500,1.1,0,0.0018242,13.631,7.8703,72607,79766.0,6.4962,297.98,350.93,1.7482,7.8078,,32,,1.5425,0.18721,,,1.3359,0,,0,0,2,68,68,0,68.0,57913.0
67.2,60,100,80,0.0,74.002,19.775,0.0001,500,1.1,0,0.0018058,13.666,7.9075,72733,79904.0,6.4975,297.98,350.72,1.753,7.7806,,32,,1.5439,0.18719,,,1.3396,0,,0,0,2,68,68,0,68.0,58928.0
67.4,60,100,80,0.0,75.525,18.881,0.0001,500,1.1,0,0.001776,13.722,7.9448,72859,80041.0,6.4992,297.98,349.6,1.7577,7.7557,,32,,1.5359,0.18725,,,1.3432,0,,0,0,2,68,68,0,68.0,59611.0
67.6,60,100,80,0.0,76.383,17.051,0.0001,500,1.1,0,0.0017748,13.752,7.9821,72985,80179.0,6.501,297.98,349.14,1.7624,7.7334,,32,,1.5247,0.18735,,,1.3469,0,,0,0,2,68,68,0,68.0,59127.0
67.8,60,100,80,0.0,76.521,15.789,0.0001,500,1.1,0,0.0017757,13.774,8.0191,73111,80317.0,6.5035,297.98,349.15,1.7672,7.722,,32,,1.5218,0.18737,,,1.3505,0,,0,0,2,68,68,0,68.0,59642.0
68.0,60,100,80,0.0,75.636,14.934,0.0001,500,1.1,0,0.0017243,13.849,8.0561,73237,80455.0,6.5069,297.97,348.32,1.7718,7.719,,32,,1.5025,0.18754,,,1.3541,0,,0,0,2,68,68,0,68.0,59157.0
68.2,60,100,84,0.0,73.413,13.233,0.0001,500,1.1,0,0.0017054,13.884,8.093,73363,80593.0,6.509,297.97,347.89,1.7765,7.7112,,31,,1.5015,0.18754,,,1.3576,0,,0,0,2,68,68,0,68.0,59504.0
68.4,60,100,84,0.0,70.341,11.856,0.0001,500,1.1,0,0.0017157,13.88,8.1303,73489,80730.0,6.5101,297.98,348.8,1.7811,7.7048,,31,,1.5074,0.18748,,,1.3612,0,,0,0,2,68,68,0,68.0,60520.0
68.6,60,100,84,0.0,66.825,11.756,0.0001,500,1.1,0,0.0017046,13.908,8.1676,73614,80866.0,6.5098,297.98,349.1,1.7857,7.7141,,31,,1.5104,0.18744,,,1.3647,0,,0,0,2,68,68,0,68.0,59869.0
68.8,60,100,84,0.0,63.411,11.121,0.0001,500,1.1,0,0.0017129,13.9,8.2047,73738,81002.0,6.5074,297.98,350.09,1.7903,7.7337,,31,,1.5248,0.1873,,,1.3683,0,,0,0,2,68,68,0,68.0,60718.0
69.0,60,100,84,0.0,60.972,11.217,0.0001,500,1.1,0,0.0017007,13.93,8.2414,73862,81138.0,6.5039,297.98,350.54,1.7949,7.7579,,31,,1.5245,0.18729,,,1.3718,0,,0,0,2,68,68,0,68.0,60231.0
69.2,60,100,84,0.0,59.915,10.87,0.0001,500,1.1,0,0.001717,13.918,8.2782,73986,81273.0,6.4988,297.98,351.98,1.7995,7.7715,,31,,1.5357,0.18717,,,1.3754,0,,0,0,2,68,68,0,68.0,61078.0
69.4,60,100,84,0.0,60.927,11.557,0.0001,500,1.1,0,0.0016829,13.983,8.3146,74110,81408.0,6.4949,297.98,351.46,1.8041,7.7972,,31,,1.5258,0.18726,,,1.3789,0,,0,0,2,68,68,0,68.0,60590.0
69.6,60,100,84,0.0,63.49,10.442,0.0001,500,1.1,0,0.0016865,13.992,8.3512,74234,81544.0,6.4932,297.98,351.59,1.8087,7.8083,,31,,1.5319,0.18719,,,1.3824,0,,0,0,2,68,68,0,68.0,62269.0
69.8,60,100,84,0.0,66.726,9.9586,0.0001,500,1.1,0,0.0016744,14.022,8.3878,74359,81681.0,6.4925,297.98,351.32,1.8133,7.8204,,31,,1.5356,0.18715,,,1.3859,0,,0,0,2,68,68,0,68.0,60948.0
70.0,60,100,84,0.0,70.242,9.0756,0.0001,500,1.1,0,0.0016912,14.036,8.4245,74485,81818.0,6.4916,297.98,351.75,1.8179,7.8282,,31,,1.5405,0.18709,,,1.3895,0,,0,0,2,68,68,0,68.0,61795.0
70.2,60,100,84,0.0,74.124,8.8577,0.0001,500,1.1,0,0.0017091,14.036,8.4613,74611,81956.0,6.4924,297.99,352.65,1.8225,7.8418,,31,,1.5532,0.18696,,,1.393,0,,0,0,2,68,68,0,68.0,61475.0
70.4,60,100,84,0.0,77.668,9.1375,0.0001,500,1.1,0,0.0017036,14.052,8.498,74738,82095.0,6.4948,297.99,353.23,1.8271,7.8639,,31,,1.5633,0.18686,,,1.3966,0,,0,0,2,68,68,0,68.0,62322.0
70.6,60,100,84,0.0,80.267,9.1874,0.0001,500,1.1,0,0.0017416,14.051,8.535,74866,82234.0,6.4962,297.99,354.8,1.8318,7.8849,,31,,1.5667,0.18682,,,1.4001,0,,0,0,2,68,68,0,68.0,62503.0
70.8,60,100,84,0.0,82.301,10.271,0.0001,500,1.1,0,0.0017411,14.055,8.5718,74994,82374.0,6.4976,298.0,355.79,1.8365,7.9106,,31,,1.5816,0.18667,,,1.4038,0,,0,0,2,68,68,0,68.0,63017.0
71.0,60,100,84,0.0,83.795,10.928,0.0001,500,1.1,0,0.001704,14.134,8.6084,75122,82514.0,6.5004,297.99,354.95,1.8411,7.941,,31,,1.5599,0.18687,,,1.4073,0,,0,0,2,68,68,0,68.0,62529.0
71.2,60,100,84,0.0,84.15,9.9254,0.0001,500,1.1,0,0.0016756,14.195,8.6447,75251,82654.0,6.5043,297.99,353.58,1.8457,7.9582,,31,,1.545,0.187,,,1.4109,0,,0,0,2,68,68,0,68.0,62874.0
71.4,60,100,84,0.0,82.927,8.3596,0.0001,500,1.1,0,0.0016393,14.267,8.681,75379,82794.0,6.5086,297.98,351.64,1.8502,7.9619,,31,,1.528,0.18715,,,1.4143,0,,0,0,2,68,68,0,68.0,63218.0
71.6,60,100,84,0.0,80.014,6.1038,0.0001,500,1.1,0,0.0016157,14.308,8.7167,75506,82933.0,6.5122,297.98,350.1,1.8546,7.9557,,31,,1.5248,0.18717,,,1.4177,0,,0,0,2,68,68,0,68.0,63727.0
71.8,60,100,84,0.0,75.651,4.0507,0.0001,500,1.1,0,0.001615,14.317,8.7524,75633,83071.0,6.5137,297.98,350.08,1.859,7.9305,,31,,1.5284,0.18713,,,1.4211,0,,0,0,2,68,68,0,68.0,63569.0
72.0,60,100,84,0.0,70.71,3.2943,0.0001,500,1.1,0,0.0016146,14.316,8.7881,75759,83209.0,6.5134,297.98,350.8,1.8634,7.9039,1199.6,31,1753.7,1.543,0.18698,8.6447,21.051,1.4244,0,27.819,0,0,2,68,68,0,68.0,63243.0
72.2,60,100,90,0.0,65.892,3.2165,0.0001,500,1.1,0,0.001722,14.216,8.8245,75884,83346.0,6.5078,297.99,355.54,1.8679,7.8698,,30,,1.5858,0.18657,,,1.4279,0,,0,0,2,68,68,0,68.0,64255.0
72.4,60,100,90,0.0,63.317,7.0805,0.0001,500,1.1,0,0.0017168,14.228,8.8609,76010,83483.0,6.5013,298.0,358.27,1.8726,7.8714,,30,,1.6007,0.18642,,,1.4315,0,,0,0,2,68,68,0,68.0,63933.0
72.6,60,100,90,0.0,63.308,9.4041,0.0001,500,1.1,0,0.0017123,14.255,8.8974,76135,83621.0,6.4958,298.01,359.86,1.8772,7.8862,,30,,1.5994,0.18642,,,1.4351,0,,0,0,2,68,68,0,68.0,63446.0
72.8,60,100,90,0.0,65.491,10.966,0.0001,500,1.1,0,0.0016914,14.295,8.934,76261,83758.0,6.4919,298.01,360.24,1.8819,7.9171,,30,,1.5966,0.18644,,,1.4387,0,,0,0,2,68,68,0,68.0,64292.0
73.0,60,100,90,0.0,69.234,11.549,0.0001,500,1.1,0,0.0016801,14.313,8.9707,76387,83897.0,6.4909,298.01,359.74,1.8865,7.9534,,30,,1.6055,0.18635,,,1.4422,0,,0,0,2,68,68,0,68.0,63805.0
73.2,60,100,90,0.0,73.395,11.362,0.0001,500,1.1,0,0.0016716,14.331,9.0071,76515,84036.0,6.4908,298.0,358.73,1.8911,7.9938,,30,,1.6186,0.18621,,,1.4457,0,,0,0,2,68,68,0,68.0,64650.0
73.4,60,100,90,0.0,77.582,10.641,0.0001,500,1.1,0,0.0016446,14.367,9.0442,76643,84176.0,6.4929,298.0,357.2,1.8956,8.0273,,30,,1.6247,0.18615,,,1.4492,0,,0,0,2,68,68,0,68.0,64665.0
73.6,60,100,90,0.0,80.918,9.3462,0.0001,500,1.1,0,0.0016488,14.406,9.0811,76772,84316.0,6.4968,297.99,355.58,1.9001,8.0732,,30,,1.6201,0.18618,,,1.4527,0,,0,0,2,68,68,0,68.0,65179.0
73.8,60,100,90,0.0,82.721,7.8142,0.0001,500,1.1,0,0.0016318,14.446,9.1177,76901,84457.0,6.501,297.99,354.1,1.9046,8.1169,,30,,1.6159,0.18621,,,1.4562,0,,0,0,2,68,68,0,68.0,64192.0
74.0,60,100,90,0.0,82.825,6.2518,0.0001,500,1.1,0,0.00159,14.504,9.1542,77030,84598.0,6.5056,297.99,352.19,1.9091,8.1536,,30,,1.6067,0.18629,,,1.4596,0,,0,0,2,68,68,0,68.0,65204.0
74.2,60,100,90,0.0,81.122,4.1297,0.0001,500,1.1,0,0.0015793,14.519,9.1907,77159,84739.0,6.509,297.98,351.37,1.9135,8.1682,,30,,1.6123,0.18623,,,1.463,0,,0,0,2,68,68,0,68.0,65050.0
74.4,60,100,90,0.0,78.027,2.85,0.0001,500,1.1,0,0.0015754,14.532,9.2274,77287,84879.0,6.511,297.98,351.2,1.9179,8.1678,,30,,1.6223,0.18613,,,1.4663,0,,0,0,2,68,68,0,68.0,65563.0
74.6,60,100,90,0.0,74.159,2.0821,0.0001,500,1.1,0,0.0015403,14.583,9.2635,77414,85018.0,6.5122,297.98,350.54,1.9222,8.1645,,30,,1.6151,0.18619,,,1.4697,0,,0,0,2,68,68,0,68.0,65406.0
74.8,60,100,90,0.0,69.785,0.82652,0.0001,500,1.1,0,0.0015625,14.567,9.3002,77541,85156.0,6.5108,297.98,351.7,1.9265,8.129,,30,,1.6292,0.18604,,,1.473,0,,0,0,2,68,68,0,68.0,65086.0
75.0,60,100,90,0.0,66.001,1.2187,0.0001,500,1.1,0,0.0015795,14.566,9.3376,77667,85293.0,6.5066,297.99,353.75,1.9309,8.1131,,30,,1.6367,0.18596,,,1.4764,0,,0,0,2,68,68,0,68.0,66603.0
75.2,60,100,90,0.0,63.908,2.5338,0.0001,100,1.1,0,0.0015865,13.613,9.3844,77712,85351.0,6.5053,298.09,389.42,1.9353,8.103,,30,,1.9714,0.18276,,,1.4798,0,,0,0,2,68,68,0,68.0,66160.0
75.4,60,100,90,0.0,62.291,35.631,0.0001,100,1.1,0,0.0015852,13.604,9.4315,77757,85407.0,6.5021,298.13,406.96,1.9398,8.3068,,30,,2.0142,0.18234,,,1.4832,0,,0,0,2,68,68,0,68.0,66886.0
75.6,60,100,90,0.0,61.994,54.632,0.0001,100,1.1,0,0.0015701,13.59,9.4785,77802,85464.0,6.4998,298.16,414.47,1.9442,8.5474,,30,,2.0232,0.18225,,,1.4866,0,,0,0,2,68,68,0,68.0,66111.0
75.8,60,100,90,0.0,62.59,66.376,0.0001,100,1.1,0,0.0015745,13.551,9.5257,77847,85521.0,6.4961,298.16,416.78,1.9486,8.8033,,30,,2.0315,0.18216,,,1.49,0,,0,0,2,68,68,0,68.0,66505.0
76.0,60,100,90,0.0,64.668,74.206,0.0001,100,1.1,0,0.0015417,13.572,9.5726,77893,85579.0,6.4942,298.16,414.92,1.953,9.0687,,30,,2.0182,0.18228,,,1.4934,0,,0,0,2,68,68,0,68.0,66729.0
76.2,60,100,116,0.0,67.513,78.472,0.0001,100,1.1,0,0.0021295,13.027,9.6215,77944,85643.0,6.4833,298.19,428.86,1.9582,9.2958,,29,,2.1935,0.18058,,,1.4974,0,,0,0,2,68,68,0,68.0,67797.0
76.4,60,100,116,0.0,74.739,97.424,0.0001,100,1.1,0,0.0021402,12.993,9.6703,77997,85710.0,6.4754,298.21,433.4,1.964,9.641,,29,,2.2298,0.18022,,,1.5018,0,,0,0,2,68,68,0,68.0,67031.0
76.6,60,100,116,0.0,85.109,108.67,0.0001,100,1.1,0,0.0021319,12.972,9.7183,78052,85779.0,6.4731,298.2,431.31,1.9698,9.9603,,29,,2.2482,0.18004,,,1.5063,0,,0,0,2,68,68,0,68.0,67261.0
76.8,60,100,116,0.0,96.358,114.37,0.0001,100,1.1,0,0.0020517,13.047,9.7662,78109,85849.0,6.4765,298.18,425.05,1.9756,10.235,,29,,2.2208,0.18029,,,1.5107,0,,0,0,2,68,68,0,68.0,67824.0
77.0,60,100,116,0.0,106.24,116.09,0.0001,100,1.1,0,0.0020334,13.098,9.8137,78169,85922.0,6.4818,298.17,418.85,1.9812,10.454,,29,,2.1845,0.18063,,,1.5151,0,,0,0,2,68,68,0,68.0,68719.0
77.2,60,100,116,0.0,114.04,117.34,0.0001,100,1.1,0,0.0020054,13.111,9.8613,78230,85997.0,6.4877,298.14,409.43,1.9868,10.607,,29,,2.1727,0.18073,,,1.5194,0,,0,0,2,68,68,0,68.0,69113.0
77.4,60,100,116,0.0,119.48,114.94,0.0001,100,1.1,0,0.0019812,13.13,9.909,78292,86072.0,6.4933,298.12,402.12,1.9924,10.712,,29,,2.1566,0.18088,,,1.5237,0,,0,0,2,68,68,0,68.0,69009.0
77.6,60,100,116,0.0,122.68,113.63,0.0001,100,1.1,0,0.0019872,13.12,9.9569,78355,86148.0,6.4978,298.1,394.89,1.9979,10.775,,29,,2.1521,0.18091,,,1.5279,0,,0,0,2,68,68,0,68.0,68405.0
77.8,60,100,116,0.0,124.09,111.62,0.0001,100,1.1,0,0.001944,13.133,10.005,78418,86224.0,6.5022,298.08,387.36,2.0034,10.799,,29,,2.1471,0.18095,,,1.5321,0,,0,0,2,68,68,0,68.0,69968.0
78.0,60,100,116,0.0,123.72,108.61,0.0001,100,1.1,0,0.001916,13.159,10.052,78480,86300.0,6.5064,298.07,381.06,2.0088,10.774,,29,,2.1256,0.18114,,,1.5363,0,,0,0,2,68,68,0,68.0,69863.0
78.2,60,100,116,0.0,121.68,105.98,0.0001,100,1.1,0,0.0019318,13.092,10.1,78543,86376.0,6.5094,298.05,376.09,2.0142,10.703,,29,,2.1472,0.18093,,,1.5405,0,,0,0,2,68,68,0,68.0,69092.0
78.4,60,100,116,0.0,118.45,103.94,0.0001,100,1.1,0,0.0019297,13.072,10.148,78605,86451.0,6.5117,298.04,371.45,2.0196,10.621,,29,,2.1497,0.18089,,,1.5446,0,,0,0,2,68,68,0,68.0,69987.0
78.6,60,100,116,0.0,114.28,101.68,0.0001,100,1.1,0,0.0019444,13.01,10.196,78666,86526.0,6.5128,298.04,369.92,2.0251,10.515,,29,,2.169,0.1807,,,1.5489,0,,0,0,2,68,68,0,68.0,71050.0
78.8,60,100,116,0.0,109.68,101.83,0.0001,100,1.1,0,0.0019588,12.952,10.244,78726,86599.0,6.5123,298.04,370.5,2.0306,10.405,,29,,2.1881,0.1805,,,1.5531,0,,0,0,2,68,68,0,68.0,70781.0
79.0,60,100,116,0.0,105.31,103.72,0.0001,100,1.1,0,0.0019141,12.974,10.292,78785,86671.0,6.512,298.03,367.97,2.0361,10.313,,29,,2.1768,0.1806,,,1.5573,0,,0,0,2,68,68,0,68.0,70178.0
79.2,60,100,116,0.0,101.04,102.74,0.0001,100,1.1,0,0.0018901,12.957,10.34,78843,86743.0,6.5113,298.02,364.49,2.0415,10.22,,29,,2.1788,0.18057,,,1.5615,0,,0,0,2,68,68,0,68.0,71574.0
79.4,60,100,116,0.0,97.05,100.7,0.0001,100,1.1,0,0.0019259,12.872,10.388,78901,86814.0,6.5092,298.01,362.1,2.047,10.124,,29,,2.2079,0.18028,,,1.5657,0,,0,0,2,68,68,0,68.0,71472.0
79.6,60,100,116,0.0,93.908,99.333,0.0001,100,1.1,0,0.0019414,12.814,10.436,78958,86884.0,6.5065,298.01,360.0,2.0525,10.061,,29,,2.2266,0.18009,,,1.57,0,,0,0,2,68,68,0,68.0,71370.0
79.8,60,100,116,0.0,91.82,97.98,0.0001,100,1.1,0,0.0019124,12.795,10.485,79014,86954.0,6.5043,297.99,353.92,2.0581,10.031,,29,,2.2397,0.17996,,,1.5742,0,,0,0,2,68,68,0,68.0,71269.0
80.0,60,100,116,0.0,90.624,92.73,0.0001,100,1.1,0,0.0019188,12.774,10.533,79070,87024.0,6.5025,297.98,349.44,2.0636,10.03,,29,,2.2364,0.17998,,,1.5785,0,,0,0,2,68,68,0,68.0,72002.0
80.2,60,100,90,0.0,90.154,88.444,0.0001,100,1.1,0,0.0011956,13.638,10.574,79121,87085.0,6.5157,297.91,322.27,2.068,10.054,,23,,1.9707,0.18252,,,1.5819,0,,0,0,2,68,68,0,68.0,71531.0
80.4,60,100,90,0.0,84.335,26.533,125.65,100,1.1,0,0.0012169,13.583,10.616,79171,87145.0,6.5247,298.24,444.94,2.0718,9.7722,,23,,1.9419,0.18279,,,1.5848,0,,0,0,2,68,68,0,68.0,72065.0
80.6,60,100,90,0.0,75.003,136.51,12.565,100,1.1,0,0.0011943,13.555,10.658,79218,87203.0,6.5306,298.13,404.18,2.0755,9.4884,,23,,1.9469,0.18273,,,1.5876,0,,0,0,2,68,68,0,68.0,72431.0
80.8,60,100,90,0.0,63.297,105.39,1.2565,100,1.1,0,0.001182,13.511,10.7,79263,87259.0,6.5315,298.04,372.46,2.0791,9.2038,,23,,1.9641,0.18256,,,1.5905,0,,0,0,2,68,68,0,68.0,71799.0
81.0,60,100,90,0.0,51.24,81.799,0.12565,100,1.1,0,0.0011569,13.49,10.742,79306,87312.0,6.526,297.99,351.41,2.0827,8.9469,,23,,1.9744,0.18246,,,1.5932,0,,0,0,2,68,68,0,68.0,73001.0
81.2,60,100,90,0.0,41.397,64.668,0.012565,100,1.1,0,0.0011734,13.407,10.785,79347,87364.0,6.5108,297.96,342.2,2.0863,8.7134,,23,,2.0035,0.18217,,,1.596,0,,0,0,2,68,68,0,68.0,72872.0
81.4,60,100,90,0.0,37.638,56.106,0.0012565,100,1.1,0,0.0011873,13.367,10.828,79387,87414.0,6.4932,297.95,338.25,2.09,8.5481,,23,,2.0172,0.18203,,,1.5988,0,,0,0,2,68,68,0,68.0,74078.0
81.6,60,100,90,0.0,40.88,51.22,0.00012565,100,1.1,0,0.0011872,13.354,10.871,79428,87466.0,6.4818,297.95,337.7,2.0936,8.4442,,23,,2.0218,0.18198,,,1.6016,0,,0,0,2,68,68,0,68.0,74118.0
81.8,60,100,90,0.0,48.679,15.366,59.149,100,1.1,0,0.0011883,13.365,10.914,79470,87518.0,6.4777,298.14,408.83,2.0972,8.3848,,23,,2.0094,0.1821,,,1.6044,0,,0,0,2,68,68,0,68.0,72824.0
82.0,60,100,90,0.0,58.113,78.665,5.9149,100,1.1,0,0.0011848,13.39,10.957,79514,87573.0,6.4814,298.11,397.61,2.1009,8.374,,23,,1.9903,0.18227,,,1.6072,0,,0,0,2,68,68,0,68.0,74361.0
82.2,60,100,90,0.0,66.031,72.162,0.59149,100,1.1,0,0.0011758,13.391,11.0,79560,87629.0,6.4901,298.07,384.01,2.1045,8.3966,,23,,1.9912,0.18226,,,1.61,0,,0,0,2,68,68,0,68.0,74733.0
82.4,60,100,90,0.0,70.512,64.006,0.059149,100,1.1,0,0.0011625,13.403,11.042,79606,87686.0,6.5007,298.05,374.56,2.108,8.4518,,23,,1.9855,0.1823,,,1.6127,0,,0,0,2,68,68,0,68.0,74435.0
82.6,60,100,90,0.0,70.744,58.353,0.0059149,100,1.1,0,0.0011435,13.406,11.084,79653,87743.0,6.5116,298.03,368.19,2.1116,8.5192,,23,,1.9841,0.18231,,,1.6154,0,,0,0,2,68,68,0,68.0,75300.0
82.8,60,100,90,0.0,66.637,54.492,0.00059149,100,1.1,0,0.0011453,13.389,11.126,79698,87800.0,6.5183,298.02,364.48,2.1151,8.5809,,23,,1.982,0.18232,,,1.6181,0,,0,0,2,68,68,0,68.0,74500.0
83.0,60,100,90,0.0,59.867,52.378,0.0001,100,1.1,0,0.0011246,13.364,11.168,79743,87854.0,6.5213,298.02,363.86,2.1185,8.6576,,23,,1.9933,0.18221,,,1.6208,0,,0,0,2,68,68,0,68.0,75868.0
83.2,60,100,90,0.0,51.886,52.667,0.0001,100,1.1,0,0.0011205,13.343,11.21,79786,87908.0,6.519,298.02,363.59,2.122,8.7355,,23,,1.9969,0.18217,,,1.6234,0,,0,0,2,68,68,0,68.0,74735.0
83.4,60,100,90,0.0,44.832,53.143,0.0001,100,1.1,0,0.0011391,13.264,11.252,79827,87960.0,6.5103,298.02,366.09,2.1254,8.8206,,23,,2.022,0.18192,,,1.6261,0,,0,0,2,68,68,0,68.0,75272.0
83.6,60,100,90,0.0,41.267,56.121,0.0001,100,1.1,0,0.001121,13.258,11.294,79868,88011.0,6.4993,298.03,366.59,2.1289,8.9255,,23,,2.0247,0.18189,,,1.6288,0,,0,0,2,68,68,0,68.0,75807.0
83.8,60,100,90,0.0,42.077,57.466,0.0001,100,1.1,0,0.001121,13.233,11.337,79909,88062.0,6.4909,298.03,367.22,2.1324,9.0175,,23,,2.0319,0.18181,,,1.6315,0,,0,0,2,68,68,0,68.0,74842.0
84.0,60,100,90,0.0,46.248,59.016,0.0001,100,1.1,0,0.0011195,13.221,11.379,79951,88115.0,6.4864,298.03,368.05,2.1359,9.0926,1198.6,23,1690.7,2.0363,0.18177,11.21,22.922,1.6341,0,29.556,0,0,2,68,68,0,68.0,76543.0
84.2,60,100,90,0.0,52.189,60.809,0.0001,100,1.1,0,0.001116,13.212,11.421,79994,88168.0,6.4875,298.03,367.51,2.1393,9.1481,,23,,2.0376,0.18175,,,1.6368,0,,0,0,2,68,68,0,68.0,76577.0
84.4,60,100,90,0.0,57.695,61.432,0.0001,100,1.1,0,0.0011154,13.208,11.463,80038,88223.0,6.4927,298.02,365.13,2.1428,9.1891,,23,,2.0378,0.18174,,,1.6395,0,,0,0,2,68,68,0,68.0,76610.0
84.6,60,100,90,0.0,61.111,60.355,0.0001,100,1.1,0,0.0011128,13.199,11.504,80083,88278.0,6.4988,298.02,363.39,2.1463,9.2079,,23,,2.0388,0.18172,,,1.6422,0,,0,0,2,68,68,0,68.0,75977.0
84.8,60,100,90,0.0,62.123,59.664,0.0001,100,1.1,0,0.0011067,13.193,11.546,80127,88333.0,6.5045,298.01,360.41,2.1498,9.2138,,23,,2.0402,0.1817,,,1.6448,0,,0,0,2,68,68,0,68.0,76844.0
85.0,60,100,90,0.0,60.831,57.665,0.0001,100,1.1,0,0.0011056,13.172,11.588,80172,88389.0,6.5089,298.01,360.03,2.1532,9.2047,,23,,2.0435,0.18167,,,1.6475,0,,0,0,2,68,68,0,68.0,76211.0
85.2,60,100,90,0.0,57.811,57.751,0.0001,100,1.1,0,0.0010947,13.181,11.63,80216,88443.0,6.511,298.01,359.31,2.1566,9.1814,,23,,2.0311,0.18178,,,1.6501,0,,0,0,2,68,68,0,68.0,76576.0
85.4,60,100,90,0.0,53.951,57.451,0.0001,100,1.1,0,0.0011033,13.129,11.672,80260,88497.0,6.5094,298.0,358.28,2.1601,9.1523,,23,,2.0454,0.18163,,,1.6528,0,,0,0,2,68,68,0,68.0,77444.0
85.6,60,100,90,0.0,50.71,56.795,0.0001,100,1.1,0,0.0010822,13.137,11.714,80302,88550.0,6.5062,298.0,357.79,2.1635,9.1327,,23,,2.0413,0.18167,,,1.6554,0,,0,0,2,68,68,0,68.0,77311.0
85.8,60,100,90,0.0,48.775,56.538,0.0001,100,1.1,0,0.0011293,13.033,11.757,80345,88603.0,6.5016,298.01,360.45,2.1669,9.1087,,23,,2.074,0.18135,,,1.6581,0,,0,0,2,68,68,0,68.0,76849.0
86.0,60,100,90,0.0,48.678,59.075,0.0001,100,1.1,0,0.0011194,13.044,11.799,80387,88656.0,6.4975,298.01,361.22,2.1704,9.125,,23,,2.0676,0.1814,,,1.6608,0,,0,0,2,68,68,0,68.0,77886.0
86.2,60,100,90,0.0,50.207,60.099,0.0001,100,1.1,0,0.024264,15.051,11.835,80429,88709.0,6.5014,297.99,352.21,2.1738,9.1475,,23,,1.9136,0.18287,,,1.6634,0,,0,0,2,68,68,0,68.0,77554.0
86.4,60,100,90,0.0,50.128,52.395,0.0001,100,1.1,0,0.14871,15.226,11.822,80472,88762.0,6.5473,297.87,306.49,2.1747,8.9382,,23,,1.3376,0.18833,,,1.664,0,,0,0,2,68,68,0,68.0,77655.0
86.6,60,100,90,0.0,31.599,15.718,108.66,100,1.1,0,0.27325,15.147,11.811,80510,88811.0,6.5735,298.04,373.78,2.1747,7.2562,,23,,1.2849,0.18883,,,1.664,0,,0,0,2,68,68,0,68.0,78926.0
86.8,60,100,90,0.51879,15.8,72.474,10.866,100,1.1,0,0.39743,15.114,11.799,80545,88857.0,6.5773,297.93,330.99,2.1746,5.4356,,23,,1.2897,0.18878,,,1.664,0,,0,0,2,68,68,0,68.0,78199.0
87.0,60,100,90,1.0395,7.8998,21.742,163.51,100,1.1,0,0.0010653,11.696,11.795,80578,88901.0,6.4405,298.65,604.54,2.1806,3.5958,,23,,3.5572,0.16685,,,1.6686,0,,0,0,2,68,68,0,68.0,78172.0
87.2,60,100,90,0.0,32.689,266.95,16.351,100,1.1,0,0.0010601,12.959,11.837,80616,88949.0,6.4251,298.48,541.71,2.1877,2.805,,23,,2.2814,0.17932,,,1.6741,0,,0,0,2,68,68,0,68.0,78872.0
87.4,60,100,90,0.0,62.794,229.22,1.6351,100,1.1,0,0.0022156,13.353,11.877,80660,89003.0,6.4387,298.32,480.31,2.1915,2.9176,,23,,2.0525,0.18151,,,1.677,0,,0,0,2,68,68,0,68.0,78899.0
87.6,60,100,90,0.0,87.751,193.27,0.16351,100,1.1,0,0.11953,15.246,11.865,80708,89062.0,6.5031,298.07,381.99,2.1927,3.3051,,23,,1.3504,0.18817,,,1.6779,0,,0,0,2,68,68,0,68.0,78834.0
87.8,60,100,90,0.0,86.865,118.02,0.016351,100,1.1,0,0.23479,15.237,11.852,80757,89121.0,6.5677,297.88,312.03,2.1927,2.3285,,23,,1.2422,0.18919,,,1.678,0,,0,0,2,68,68,0,68.0,78598.0
88.0,60,100,90,0.51473,43.432,35.406,131.71,100,1.1,0,0.35307,15.121,11.84,80797,89171.0,6.609,298.09,392.52,2.1926,1.3405,,23,,1.2561,0.18906,,,1.6779,0,,0,0,2,68,68,0,68.0,78201.0
88.2,60,100,90,1.0325,21.716,104.89,13.171,100,1.1,0,0.47632,15.049,11.829,80832,89217.0,6.6226,297.95,336.92,2.1925,0.45015,,23,,1.2804,0.18883,,,1.6778,0,,0,0,2,68,68,0,68.0,77641.0
88.4,60,100,90,1.5526,10.858,31.466,210.98,100,1.1,0,0.60281,15.017,11.818,80865,89260.0,6.6176,298.35,489.03,2.1924,0.0,,23,,1.29,0.18874,,,1.6777,0,,0,0,2,68,68,0,68.0,78082.0
88.6,60,100,90,2.0738,5.4291,167.44,21.098,100,1.1,0,0.73288,15.005,11.807,80897,89303.0,6.6029,298.15,413.46,2.1922,0.0,,23,,1.2899,0.18874,,,1.6776,0,,0,0,2,68,68,0,68.0,78357.0
88.8,60,100,90,2.5953,2.7145,109.51,2.1098,100,1.1,0,0.86627,14.992,11.797,80929,89345.0,6.584,297.97,343.17,2.1921,0.0,,23,,1.2916,0.18873,,,1.6775,0,,0,0,2,68,68,0,68.0,77800.0
89.0,60,100,90,3.1169,1.3573,53.417,0.21098,100,1.1,0,1.0008,14.97,11.786,80960,89387.0,6.5636,297.84,295.63,2.192,0.0,,23,,1.3027,0.18862,,,1.6774,0,,0,0,2,68,68,0,68.0,77076.0
89.2,60,100,90,3.6386,0.67863,16.025,76.352,100,1.1,0,1.1374,14.966,11.775,80992,89429.0,6.5428,297.94,333.07,2.1919,0.0,,23,,1.3022,0.18863,,,1.6773,0,,0,0,2,68,68,0,68.0,78186.0
89.4,60,100,90,0.0,0.0,4.8075,0.0001,100,1.1,0,1.2761,14.934,11.765,81022,89470.0,6.5277,297.87,305.13,2.1917,0.0,,23,,1.3165,0.1885,,,1.6772,0,,0,0,2,68,68,0,68.0,77962.0
89.6,60,100,90,0.0,0.0,1.4423,77.585,100,1.1,0,1.414,14.92,11.755,81053,89511.0,6.5135,297.98,349.47,2.1916,0.0,,23,,1.324,0.18842,,,1.6771,0,,0,0,2,68,68,0,68.0,76739.0
89.8,60,100,90,0.0,0.0,36.781,7.7585,100,1.1,0,1.5495,14.916,11.744,81084,89552.0,6.5001,297.9,315.95,2.1915,0.0,,23,,1.3231,0.18843,,,1.677,0,,0,0,2,68,68,0,68.0,77183.0
90.0,60,100,90,0.0,0.4921,11.034,112.73,100,1.1,0,1.6849,14.917,11.734,81114,89593.0,6.4879,298.08,388.15,2.1913,0.0,,23,,1.3176,0.18849,,,1.6769,0,,0,0,2,68,68,0,68.0,77626.0
90.2,75,100,90,0.0,5.8344,72.492,11.273,100,1.1,0,0.45197,2.6932,11.723,81146,89635.0,6.246,298.95,720.46,1.7996,0.0,,23,,5.5901,0.15827,,,1.7193,0,,0,0,2,68,68,0,68.0,76900.0
90.4,75,100,90,0.0,108.71,371.99,1.1273,100,1.1,0,0.00087124,13.514,11.736,81198,89698.0,6.2335,298.96,726.55,1.792,1.3903,,23,,3.0264,0.17869,,,1.712,0,,0,0,2,68,68,0,68.0,76963.0
90.6,75,100,90,0.0,215.1,406.47,0.11273,100,1.1,0,0.00086135,13.797,11.769,81272,89782.0,6.2868,298.55,566.96,1.7944,2.7956,,23,,1.8688,0.18757,,,1.7143,0,,0,0,2,68,68,0,68.0,77449.0
90.8,75,100,90,0.0,225.0,299.62,0.011273,100,1.1,0,0.00087153,13.79,11.801,81348,89869.0,6.3355,298.24,447.3,1.7969,4.1083,,23,,1.7801,0.18824,,,1.7167,0,,0,0,2,68,68,0,68.0,77602.0
91.0,75,100,90,0.0,225.0,216.31,0.0011273,100,1.1,0,0.00086856,13.777,11.833,81425,89956.0,6.3804,298.02,362.71,1.7994,5.442,,23,,1.7788,0.18824,,,1.7191,0,,0,0,2,68,68,0,68.0,78255.0
91.2,75,100,90,0.0,225.0,152.02,0.00011273,100,1.1,0,0.00087661,13.757,11.866,81502,90044.0,6.4208,297.88,307.14,1.802,6.7181,,23,,1.7874,0.18817,,,1.7215,0,,0,0,2,68,68,0,68.0,78243.0
91.4,75,100,90,0.0,225.0,45.607,165.35,100,1.1,0,0.00085729,13.784,11.898,81579,90131.0,6.4577,298.22,440.37,1.8045,7.8992,,23,,1.7815,0.18821,,,1.7239,0,,0,0,2,68,68,0,68.0,78396.0
91.6,75,100,90,0.0,225.0,160.75,16.535,100,1.1,0,0.0008707,13.756,11.931,81656,90219.0,6.4898,298.1,394.45,1.8069,8.9127,,23,,1.7812,0.18821,,,1.7263,0,,0,0,2,68,68,0,68.0,78552.0
91.8,75,100,90,0.0,225.0,125.51,1.6535,100,1.1,0,0.00089334,13.71,11.965,81734,90307.0,6.5174,297.99,352.12,1.8095,9.7659,,23,,1.7925,0.18812,,,1.7288,0,,0,0,2,68,68,0,68.0,78044.0
92.0,75,100,90,0.0,218.56,92.534,0.16535,100,1.1,0,0.00090067,13.667,11.999,81810,90394.0,6.5413,297.91,319.77,1.8121,10.441,,23,,1.8111,0.18797,,,1.7313,0,,0,0,2,68,68,0,68.0,78372.0
92.2,75,100,90,0.0,202.57,27.76,108.56,100,1.1,0,0.00089197,13.612,12.032,81884,90478.0,6.5619,298.14,411.67,1.8146,10.919,,23,,1.8465,0.1877,,,1.7337,0,,0,0,2,68,68,0,68.0,79866.0
92.4,75,100,90,0.51843,101.29,106.55,10.856,100,1.1,0,0.00090524,13.301,12.07,81937,90542.0,6.5715,298.1,395.53,1.8172,11.194,,23,,1.9593,0.18684,,,1.7362,0,,0,0,2,68,68,0,68.0,78709.0
92.6,75,100,90,1.0381,50.643,95.884,1.0856,100,1.1,0,0.00090458,13.142,12.109,81980,90596.0,6.5551,298.06,378.39,1.8198,11.375,,23,,2.0293,0.1863,,,1.7387,0,,0,0,2,68,68,0,68.0,78728.0
92.8,75,100,90,1.5607,25.321,84.879,0.10856,100,1.1,0,0.00088842,13.079,12.148,82018,90645.0,6.5174,298.02,364.48,1.8223,11.437,,23,,2.0531,0.18612,,,1.7411,0,,0,0,2,68,68,0,68.0,78916.0
93.0,75,100,90,0.0,18.959,75.115,0.010856,100,1.1,0,0.00087419,13.09,12.187,82055,90692.0,6.4783,298.0,353.83,1.8248,11.37,,23,,2.0321,0.18627,,,1.7435,0,,0,0,2,68,68,0,68.0,80271.0
93.2,75,100,90,0.0,28.18,66.836,0.0010856,100,1.1,0,0.00083596,13.164,12.225,82093,90741.0,6.4532,297.97,343.62,1.8273,11.192,,23,,2.0106,0.18643,,,1.7459,0,,0,0,2,68,68,0,68.0,80452.0
93.4,75,100,90,0.0,47.387,57.872,0.00010856,100,1.1,0,0.00084181,13.185,12.263,82135,90793.0,6.4439,297.95,336.7,1.8297,10.885,,23,,2.0,0.18651,,,1.7482,0,,0,0,2,68,68,0,68.0,80631.0
93.6,75,100,90,0.0,70.307,50.827,0.0001,100,1.1,0,0.0008128,13.262,12.299,82182,90851.0,6.4536,297.93,328.78,1.832,10.497,,23,,1.9818,0.18664,,,1.7504,0,,0,0,2,68,68,0,68.0,80471.0
93.8,75,100,90,0.0,89.326,15.248,66.062,100,1.1,0,0.00083372,13.276,12.336,82232,90911.0,6.4732,298.1,393.38,1.8344,10.035,,23,,1.9671,0.18675,,,1.7527,0,,0,0,2,68,68,0,68.0,80143.0
94.0,75,100,90,0.0,100.55,69.928,6.6062,100,1.1,0,0.00085687,13.262,12.372,82285,90974.0,6.4947,298.07,382.4,1.8368,9.5548,,23,,1.9646,0.18676,,,1.755,0,,0,0,2,68,68,0,68.0,80982.0
94.2,75,100,90,0.0,103.17,62.654,0.66062,100,1.1,0,0.00086181,13.252,12.408,82338,91038.0,6.5143,298.04,369.12,1.8393,9.0904,,23,,1.9621,0.18678,,,1.7574,0,,0,0,2,68,68,0,68.0,80154.0
94.4,75,100,90,0.0,97.975,53.751,0.066062,100,1.1,0,0.00085778,13.219,12.445,82390,91100.0,6.5302,298.01,358.81,1.8417,8.6635,,23,,1.98,0.18663,,,1.7597,0,,0,0,2,68,68,0,68.0,80661.0
94.6,75,100,90,0.0,86.427,46.241,0.0066062,100,1.1,0,0.00086031,13.175,12.481,82439,91160.0,6.5395,297.99,352.57,1.8441,8.2991,,23,,1.9957,0.18651,,,1.762,0,,0,0,2,68,68,0,68.0,81170.0
94.8,75,100,90,0.0,71.153,41.285,0.00066062,100,1.1,0,0.00085509,13.108,12.519,82485,91217.0,6.5384,297.98,349.07,1.8465,8.0115,,23,,2.0262,0.18627,,,1.7644,0,,0,0,2,68,68,0,68.0,81681.0
95.0,75,100,90,0.0,56.366,38.07,0.0001,100,1.1,0,0.00083854,13.096,12.556,82529,91271.0,6.53,297.98,347.91,1.8489,7.8026,,23,,2.0253,0.18628,,,1.7667,0,,0,0,2,68,68,0,68.0,81692.0
95.2,75,100,90,0.0,44.923,36.529,0.0001,100,1.1,0,0.00083046,13.063,12.594,82570,91322.0,6.5132,297.98,347.47,1.8513,7.6706,,23,,2.0303,0.18623,,,1.7689,0,,0,0,2,68,68,0,68.0,81705.0
95.4,75,100,90,0.0,40.193,35.463,0.0001,100,1.1,0,0.00079176,13.103,12.631,82610,91373.0,6.4941,297.98,345.75,1.8535,7.6258,,23,,2.0161,0.18634,,,1.7711,0,,0,0,2,68,68,0,68.0,82382.0
95.6,75,100,90,0.0,43.074,33.211,0.0001,100,1.1,0,0.00081062,13.078,12.668,82650,91424.0,6.4791,297.98,345.76,1.8558,7.6233,,23,,2.0123,0.18636,,,1.7733,0,,0,0,2,68,68,0,68.0,82559.0
95.8,75,100,90,0.0,51.943,32.347,0.0001,100,1.1,0,0.00079927,13.107,12.705,82693,91477.0,6.4745,297.97,344.54,1.8581,7.691,,23,,1.999,0.18646,,,1.7754,0,,0,0,2,68,68,0,68.0,82068.0
96.0,75,100,90,0.0,62.614,30.367,0.0001,100,1.1,0,0.00080092,13.145,12.742,82737,91532.0,6.4788,297.97,342.68,1.8603,7.789,1204.9,23,1689.8,1.9702,0.18667,12.594,24.167,1.7776,0,39.289,0,0,2,68,68,0,68.0,82408.0
96.2,75,100,90,0.0,71.578,27.732,0.0001,100,1.1,0,0.00079831,13.152,12.777,82784,91588.0,6.4869,297.96,341.24,1.8626,7.9082,,23,,1.9668,0.1867,,,1.7798,0,,0,0,2,68,68,0,68.0,82745.0
96.4,75,100,90,0.0,77.306,25.31,0.0001,100,1.1,0,0.00079705,13.152,12.813,82831,91646.0,6.4981,297.96,340.91,1.8648,8.0417,,23,,1.9628,0.18672,,,1.7819,0,,0,0,2,68,68,0,68.0,83415.0
96.6,75,100,90,0.0,78.578,23.707,0.0001,100,1.1,0,0.00078722,13.16,12.848,82879,91704.0,6.5095,297.96,340.1,1.867,8.1855,,23,,1.9645,0.1867,,,1.7841,0,,0,0,2,68,68,0,68.0,82916.0
96.8,75,100,90,0.0,75.307,21.635,0.0001,100,1.1,0,0.00078333,13.145,12.883,82926,91762.0,6.5184,297.96,339.8,1.8693,8.3158,,23,,1.9726,0.18664,,,1.7862,0,,0,0,2,68,68,0,68.0,82416.0
97.0,75,100,90,0.0,68.479,19.938,0.0001,100,1.1,0,0.00081356,13.072,12.92,82972,91818.0,6.5197,297.97,342.76,1.8715,8.4332,,23,,1.9847,0.18654,,,1.7884,0,,0,0,2,68,68,0,68.0,82421.0
97.2,75,100,90,0.0,61.15,21.062,0.0001,100,1.1,0,0.00081449,13.024,12.956,83017,91873.0,6.5163,297.98,346.18,1.8738,8.5807,,23,,2.01,0.18635,,,1.7906,0,,0,0,2,68,68,0,68.0,84260.0
97.4,75,100,90,0.0,55.178,22.806,0.0001,100,1.1,0,0.00079299,13.047,12.992,83060,91927.0,6.5093,297.98,348.28,1.876,8.7305,,23,,1.9928,0.18647,,,1.7927,0,,0,0,2,68,68,0,68.0,84431.0
97.6,75,100,90,0.0,51.993,23.705,0.0001,100,1.1,0,0.0008296,12.975,13.029,83102,91980.0,6.4999,297.99,352.48,1.8783,8.8542,,23,,2.0028,0.18639,,,1.7949,0,,0,0,2,68,68,0,68.0,83273.0
97.8,75,100,90,0.0,52.547,26.66,0.0001,100,1.1,0,0.00082877,12.989,13.065,83145,92033.0,6.4918,298.0,355.16,1.8806,8.9857,,23,,1.9809,0.18655,,,1.7971,0,,0,0,2,68,68,0,68.0,84114.0
98.0,75,100,90,0.0,56.344,28.651,0.0001,100,1.1,0,0.00081354,13.02,13.101,83189,92087.0,6.487,298.0,355.35,1.8829,9.1037,,23,,1.9659,0.18666,,,1.7993,0,,0,0,2,68,68,0,68.0,83120.0
98.2,75,100,90,0.0,62.039,28.75,0.0001,100,1.1,0,0.0008101,13.025,13.137,83233,92142.0,6.4871,298.0,354.81,1.8852,9.1871,,23,,1.9682,0.18664,,,1.8015,0,,0,0,2,68,68,0,68.0,83790.0
98.4,75,100,90,0.0,67.708,28.276,0.0001,100,1.1,0,0.00081717,13.008,13.173,83279,92199.0,6.4918,298.0,354.22,1.8874,9.2236,,23,,1.9691,0.18663,,,1.8037,0,,0,0,2,68,68,0,68.0,85295.0
98.6,75,100,90,0.0,71.493,27.728,0.0001,100,1.1,0,0.00081866,12.999,13.209,83326,92256.0,6.5,297.99,353.29,1.8897,9.2445,,23,,1.9758,0.18658,,,1.8059,0,,0,0,2,68,68,0,68.0,84633.0
98.8,75,100,90,0.0,72.02,26.825,0.0001,100,1.1,0,0.00077108,13.078,13.244,83372,92313.0,6.5087,297.99,349.91,1.8919,9.2373,,23,,1.9475,0.18679,,,1.808,0,,0,0,2,68,68,0,68.0,85464.0
99.0,75,100,90,0.0,69.066,23.705,0.0001,100,1.1,0,0.00079969,13.013,13.279,83418,92369.0,6.5128,297.99,349.48,1.8941,9.1624,,23,,1.9595,0.18669,,,1.8101,0,,0,0,2,68,68,0,68.0,85632.0
99.2,75,100,90,0.0,64.475,22.884,0.0001,100,1.1,0,0.00079233,13.013,13.315,83464,92425.0,6.514,297.99,349.46,1.8963,9.0961,,23,,1.9546,0.18672,,,1.8122,0,,0,0,2,68,68,0,68.0,83966.0
99.4,75,100,90,0.0,59.413,22.325,0.0001,100,1.1,0,0.00077763,13.023,13.35,83508,92479.0,6.5122,297.99,349.72,1.8984,9.0163,,23,,1.9397,0.18683,,,1.8143,0,,0,0,2,68,68,0,68.0,85967.0
99.6,75,100,90,0.0,55.073,21.99,0.0001,100,1.1,0,0.00080917,12.948,13.386,83551,92533.0,6.5086,297.99,351.91,1.9006,8.9166,,23,,1.9573,0.1867,,,1.8164,0,,0,0,2,68,68,0,68.0,85471.0
99.8,75,100,90,0.0,52.145,23.358,0.0001,100,1.1,0,0.00082432,12.912,13.422,83593,92586.0,6.502,298.0,355.21,1.9029,8.8471,,23,,1.9594,0.18668,,,1.8185,0,,0,0,2,68,68,0,68.0,86477.0
100.0,75,100,90,0.0,51.866,25.853,0.0001,100,1.1,0,0.00084231,12.857,13.459,83636,92639.0,6.4946,298.01,358.56,1.9052,8.8002,,23,,1.9814,0.1865,,,1.8207,0,,0,0,2,68,68,0,68.0,86319.0
100.2,75,100,90,0.0,54.536,28.683,0.0001,100,1.0,-4000,0.00085294,12.006,13.496,82976,91893.0,6.5175,298.01,360.72,1.8971,8.7814,,23,,1.9666,0.18663,,,1.813,0,,0,0,2,68,68,0,68.0,84994.0
100.4,75,100,90,0.0,47.952,30.806,0.0001,100,1.0,-4000,0.00085985,11.951,13.533,82315,91145.0,6.5327,298.02,362.67,1.884,8.7666,,23,,1.9729,0.18661,,,1.8004,0,,0,0,2,68,68,0,68.0,85506.0
100.6,75,100,90,0.0,35.427,32.987,0.0001,100,1.0,-4000,0.00087565,11.867,13.572,81652,90395.0,6.5358,298.03,365.44,1.8705,8.7705,,23,,1.9878,0.18652,,,1.7874,0,,0,0,2,68,68,0,68.0,86190.0
100.8,75,100,90,0.0,21.659,36.092,0.0001,100,1.0,-4000,0.0008979,11.772,13.611,80985,89643.0,6.5232,298.04,369.66,1.857,8.8052,,23,,1.9935,0.1865,,,1.7745,0,,0,0,2,68,68,0,68.0,86877.0
101.0,75,100,90,0.0,12.934,40.76,0.0001,100,1.0,-4000,0.00091971,11.709,13.651,80318,88889.0,6.5022,298.05,373.48,1.8436,8.8656,,23,,1.987,0.18658,,,1.7615,0,,0,0,2,68,68,0,68.0,87234.0
101.2,75,100,90,0.0,12.616,45.487,0.0001,100,1.0,-4000,0.00095059,11.641,13.691,79650,88134.0,6.4805,298.06,377.59,1.8302,8.9396,,23,,1.9831,0.18663,,,1.7487,0,,0,0,2,68,68,0,68.0,87094.0
101.4,75,100,90,0.0,20.939,50.879,0.0001,100,1.0,-4000,0.0009908,11.591,13.733,78984,87382.0,6.467,298.07,382.54,1.8168,9.0236,,23,,1.9675,0.18678,,,1.7358,0,,0,0,2,68,68,0,68.0,86625.0
101.6,75,100,90,0.0,34.618,57.467,0.0001,100,1.0,-4000,0.0010292,11.564,13.775,78321,86633.0,6.4655,298.08,384.82,1.8035,9.1255,,23,,1.9452,0.18697,,,1.723,0,,0,0,2,68,68,0,68.0,86825.0
101.8,75,100,90,0.0,48.916,62.115,0.0001,100,1.0,-4000,0.0010388,11.598,13.816,77661,85886.0,6.478,298.08,384.69,1.7902,9.2339,,23,,1.902,0.18733,,,1.7103,0,,0,0,2,68,68,0,68.0,86524.0
102.0,75,100,90,0.0,58.198,64.814,0.0001,100,1.0,-4000,0.0010532,11.599,13.858,77003,85142.0,6.4979,298.07,384.02,1.7769,9.3027,,23,,1.8695,0.1876,,,1.6975,0,,0,0,2,68,68,0,68.0,87724.0
102.2,75,100,90,0.0,59.544,67.047,0.0001,100,1.0,0,0.0010609,11.577,13.9,77047,85197.0,6.4912,298.07,382.37,1.7745,9.3526,,23,,1.8591,0.18768,,,1.6952,0,,0,0,2,68,68,0,68.0,87426.0
102.4,75,100,90,0.0,63.665,68.293,0.0001,100,1.0,0,0.0010558,11.601,13.943,77093,85254.0,6.488,298.07,380.79,1.7768,9.395,,23,,1.839,0.18783,,,1.6974,0,,0,0,2,68,68,0,68.0,88294.0
102.6,75,100,90,0.0,68.992,69.459,0.0001,100,1.0,0,0.0010569,11.605,13.985,77140,85312.0,6.4861,298.06,378.52,1.7794,9.4158,,23,,1.8383,0.18783,,,1.6999,0,,0,0,2,68,68,0,68.0,87828.0
102.8,75,100,90,0.0,75.085,69.815,0.0001,100,1.0,0,0.0010585,11.605,14.026,77187,85371.0,6.4862,298.05,375.38,1.782,9.4105,,23,,1.8431,0.18779,,,1.7024,0,,0,0,2,68,68,0,68.0,88360.0
103.0,75,100,90,0.0,81.133,69.135,0.0001,100,1.0,0,0.0010422,11.63,14.067,77236,85431.0,6.4893,298.04,370.7,1.7846,9.3876,,23,,1.8362,0.18784,,,1.7049,0,,0,0,2,68,68,0,68.0,88057.0
103.2,75,100,90,0.0,85.912,66.715,0.0001,100,1.0,0,0.0010202,11.675,14.108,77287,85492.0,6.4951,298.02,365.19,1.7871,9.3403,,23,,1.8184,0.18797,,,1.7073,0,,0,0,2,68,68,0,68.0,88752.0
103.4,75,100,90,0.0,88.398,63.071,0.0001,100,1.0,0,0.0010009,11.72,14.149,77337,85553.0,6.5024,298.01,359.01,1.7896,9.2633,,23,,1.786,0.18821,,,1.7097,0,,0,0,2,68,68,0,68.0,89278.0
103.6,75,100,90,0.0,87.943,58.252,0.0001,100,1.0,0,0.0009867,11.747,14.189,77387,85614.0,6.5122,297.99,353.69,1.792,9.1731,,23,,1.761,0.18839,,,1.712,0,,0,0,2,68,68,0,68.0,89303.0
103.8,75,100,90,0.0,83.594,53.635,0.0001,100,1.0,0,0.00097867,11.727,14.229,77437,85675.0,6.5197,297.98,350.08,1.7944,9.0722,,23,,1.7629,0.18837,,,1.7143,0,,0,0,2,68,68,0,68.0,89329.0
104.0,75,100,90,0.0,76.243,50.053,0.0001,100,1.0,0,0.00096185,11.704,14.27,77485,85733.0,6.5244,297.98,347.98,1.7968,8.9763,,23,,1.7743,0.18828,,,1.7166,0,,0,0,2,68,68,0,68.0,89355.0
104.2,75,100,90,0.0,67.029,47.488,0.0001,100,1.0,0,0.00096488,11.641,14.311,77531,85790.0,6.5214,297.97,347.4,1.7992,8.8864,,23,,1.8026,0.18806,,,1.7189,0,,0,0,2,68,68,0,68.0,90550.0
104.4,75,100,90,0.0,59.014,46.106,0.0001,100,1.0,0,0.00094323,11.641,14.351,77576,85845.0,6.5121,297.97,346.72,1.8016,8.8145,,23,,1.8093,0.18801,,,1.7212,0,,0,0,2,68,68,0,68.0,90244.0
104.6,75,100,90,0.0,54.723,44.533,0.0001,100,1.0,0,0.00094389,11.612,14.392,77619,85900.0,6.5009,297.98,347.89,1.8039,8.741,,23,,1.8184,0.18793,,,1.7234,0,,0,0,2,68,68,0,68.0,90604.0
104.8,75,100,90,0.0,54.884,44.629,0.0001,100,1.0,0,0.00093472,11.602,14.432,77663,85954.0,6.4921,297.98,348.39,1.8062,8.6867,,23,,1.8273,0.18786,,,1.7256,0,,0,0,2,68,68,0,68.0,90797.0
105.0,75,100,90,0.0,58.552,44.169,0.0001,100,1.0,0,0.00093106,11.611,14.472,77707,86009.0,6.4844,297.98,348.23,1.8085,8.6431,,23,,1.8234,0.18789,,,1.7278,0,,0,0,2,68,68,0,68.0,89821.0
105.2,75,100,90,0.0,65.29,43.165,0.0001,100,1.0,0,0.00094084,11.605,14.512,77753,86065.0,6.4811,297.98,347.53,1.8108,8.6047,,23,,1.8251,0.18787,,,1.73,0,,0,0,2,68,68,0,68.0,90511.0
105.4,75,100,90,0.0,73.346,41.657,0.0001,100,1.0,0,0.00089841,11.688,14.55,77800,86123.0,6.4855,297.97,344.17,1.813,8.5809,,23,,1.8019,0.18804,,,1.7322,0,,0,0,2,68,68,0,68.0,90527.0
105.6,75,100,90,0.0,79.651,37.608,0.0001,100,1.0,0,0.00091543,11.642,14.589,77849,86182.0,6.4939,297.96,341.52,1.8153,8.5319,,23,,1.8262,0.18785,,,1.7343,0,,0,0,2,68,68,0,68.0,91378.0
105.8,75,100,90,0.0,82.593,33.941,0.0001,100,1.0,0,0.00091163,11.648,14.628,77898,86242.0,6.5038,297.96,340.92,1.8175,8.5207,,23,,1.8284,0.18783,,,1.7365,0,,0,0,2,68,68,0,68.0,91562.0
106.0,75,100,90,0.0,81.597,31.896,0.0001,100,1.0,0,0.0009472,11.553,14.668,77947,86302.0,6.5099,297.96,343.53,1.8198,8.5232,,23,,1.8603,0.18759,,,1.7387,0,,0,0,2,68,68,0,68.0,91754.0
106.2,75,100,90,0.0,78.15,32.734,0.0001,100,1.0,0,0.00094122,11.535,14.708,77995,86361.0,6.5148,297.97,346.28,1.8222,8.5852,,23,,1.8638,0.18756,,,1.741,0,,0,0,2,68,68,0,68.0,92112.0
106.4,75,100,90,0.0,72.745,33.891,0.0001,100,1.0,0,0.00095569,11.473,14.749,78042,86419.0,6.5149,297.98,349.89,1.8245,8.6646,,23,,1.8906,0.18735,,,1.7432,0,,0,0,2,68,68,0,68.0,92140.0
106.6,75,100,90,0.0,67.318,36.126,0.0001,100,1.0,0,0.00093774,11.477,14.789,78088,86476.0,6.5114,297.99,352.8,1.8268,8.7772,,23,,1.886,0.18738,,,1.7454,0,,0,0,2,68,68,0,68.0,91501.0
106.8,75,100,90,0.0,63.3,38.059,0.0001,100,1.0,0,0.00092975,11.462,14.83,78134,86532.0,6.5059,298.0,356.56,1.8291,8.8865,,23,,1.8846,0.18738,,,1.7476,0,,0,0,2,68,68,0,68.0,92031.0
107.0,75,100,90,0.0,61.479,41.084,0.0001,100,1.0,0,0.0009075,11.467,14.871,78179,86588.0,6.4982,298.0,358.04,1.8314,8.9863,,23,,1.8933,0.18731,,,1.7498,0,,0,0,2,68,68,0,68.0,92391.0
107.2,75,100,90,0.0,62.731,42.351,0.0001,100,1.0,0,0.00088425,11.49,14.911,78224,86644.0,6.4927,298.0,357.76,1.8336,9.0616,,23,,1.8937,0.18731,,,1.7519,0,,0,0,2,68,68,0,68.0,93247.0
107.4,75,100,90,0.0,66.162,42.186,0.0001,100,1.0,0,0.00087368,11.51,14.95,78270,86700.0,6.4896,298.0,355.71,1.8358,9.0965,,23,,1.8853,0.18737,,,1.754,0,,0,0,2,68,68,0,68.0,92600.0
107.6,75,100,90,0.0,70.817,40.394,0.0001,100,1.0,0,0.00088158,11.494,14.989,78317,86758.0,6.49,297.99,353.46,1.8379,9.104,,23,,1.8954,0.18728,,,1.7561,0,,0,0,2,68,68,0,68.0,92285.0
107.8,75,100,90,0.0,75.315,38.25,0.0001,100,1.0,0,0.00087214,11.502,15.027,78365,86816.0,6.4935,297.98,350.62,1.8401,9.0958,,23,,1.9026,0.18723,,,1.7582,0,,0,0,2,68,68,0,68.0,93136.0
108.0,75,100,90,0.0,78.417,35.33,0.0001,100,1.0,0,0.00088444,11.502,15.066,78413,86875.0,6.4988,297.98,349.79,1.8423,9.0661,1198.4,23,1674.4,1.8893,0.18732,14.911,25.363,1.7603,0,49.121,0,0,2,68,68,0,68.0,93820.0
108.2,75,100,90,0.0,79.406,34.002,0.0001,100,1.0,0,0.00087958,11.515,15.104,78462,86934.0,6.5064,297.98,349.13,1.8444,9.0346,,23,,1.8781,0.1874,,,1.7624,0,,0,0,2,68,68,0,68.0,94336.0
108.4,75,100,90,0.0,77.369,32.704,0.0001,100,1.0,0,0.0008857,11.462,15.143,78510,86993.0,6.511,297.98,349.81,1.8466,8.9873,,23,,1.9035,0.18721,,,1.7644,0,,0,0,2,68,68,0,68.0,94022.0
108.6,75,100,90,0.0,73.481,32.575,0.0001,100,1.0,0,0.00087393,11.45,15.182,78557,87051.0,6.5163,297.98,350.87,1.8488,8.962,,23,,1.9116,0.18714,,,1.7665,0,,0,0,2,68,68,0,68.0,94375.0
108.8,75,100,90,0.0,67.49,32.838,0.0001,100,1.0,0,0.00085932,11.446,15.221,78603,87107.0,6.5165,297.99,351.27,1.8509,8.9413,,23,,1.9115,0.18714,,,1.7685,0,,0,0,2,68,68,0,68.0,93395.0
109.0,75,100,90,0.0,61.442,32.589,0.0001,100,1.0,0,0.00085893,11.425,15.261,78648,87163.0,6.512,297.99,352.48,1.853,8.9238,,23,,1.9157,0.1871,,,1.7706,0,,0,0,2,68,68,0,68.0,93582.0
109.2,75,100,90,0.0,57.171,33.137,0.0001,100,1.0,0,0.00085151,11.412,15.3,78692,87217.0,6.5062,297.99,353.29,1.855,8.914,,23,,1.9186,0.18708,,,1.7725,0,,0,0,2,68,68,0,68.0,94770.0
109.4,75,100,90,0.0,55.201,33.423,0.0001,100,1.0,0,0.00086096,11.389,15.34,78736,87272.0,6.4969,297.99,353.71,1.8571,8.9118,,23,,1.918,0.18708,,,1.7745,0,,0,0,2,68,68,0,68.0,94293.0
109.6,75,100,90,0.0,56.983,33.442,0.0001,100,1.0,0,0.00085514,11.401,15.379,78780,87326.0,6.4893,297.99,353.16,1.8592,8.9225,,23,,1.909,0.18714,,,1.7765,0,,0,0,2,68,68,0,68.0,95649.0
109.8,75,100,90,0.0,61.771,32.611,0.0001,100,1.0,0,0.00084382,11.42,15.419,78825,87382.0,6.4846,297.99,351.4,1.8612,8.9271,,23,,1.904,0.18717,,,1.7785,0,,0,0,2,68,68,0,68.0,94837.0
110.0,75,100,90,0.0,68.429,30.644,0.0001,100,1.0,0,0.00085584,11.421,15.458,78871,87439.0,6.4835,297.98,349.83,1.8633,8.9302,,23,,1.8997,0.1872,,,1.7804,0,,0,0,2,68,68,0,68.0,95357.0
110.2,75,100,90,0.0,75.526,28.697,0.0001,100,1.0,0,0.00085747,11.432,15.497,78919,87497.0,6.4864,297.98,348.7,1.8653,8.9315,,23,,1.8906,0.18727,,,1.7824,0,,0,0,2,68,68,0,68.0,95542.0
110.4,75,100,90,0.0,81.461,26.992,0.0001,100,1.0,0,0.00086035,11.431,15.535,78968,87556.0,6.4925,297.97,347.36,1.8674,8.9338,,23,,1.8947,0.18723,,,1.7844,0,,0,0,2,68,68,0,68.0,95060.0
110.6,75,100,90,0.0,84.965,24.976,0.0001,100,1.0,0,0.00085795,11.442,15.574,79017,87617.0,6.4973,297.97,345.89,1.8694,8.927,,23,,1.8852,0.1873,,,1.7864,0,,0,0,2,68,68,0,68.0,95576.0
110.8,75,100,90,0.0,86.552,22.715,0.0001,100,1.0,0,0.00086695,11.414,15.612,79067,87677.0,6.5014,297.97,345.35,1.8715,8.9178,,23,,1.8946,0.18723,,,1.7884,0,,0,0,2,68,68,0,68.0,95926.0
111.0,75,100,90,0.0,86.507,21.16,0.0001,100,1.0,0,0.00087051,11.382,15.651,79117,87738.0,6.5055,297.97,346.15,1.8736,8.9133,,23,,1.9085,0.18712,,,1.7904,0,,0,0,2,68,68,0,68.0,96776.0
111.2,75,100,90,0.0,84.812,20.757,0.0001,100,1.0,0,0.00085896,11.368,15.689,79167,87798.0,6.511,297.97,346.73,1.8757,8.9127,,23,,1.9227,0.18701,,,1.7924,0,,0,0,2,68,68,0,68.0,95957.0
111.4,75,100,90,0.0,80.944,20.201,0.0001,100,1.0,0,0.00087398,11.317,15.727,79215,87858.0,6.5147,297.98,348.86,1.8778,8.9035,,23,,1.9338,0.18692,,,1.7944,0,,0,0,2,68,68,0,68.0,96474.0
111.6,75,100,90,0.0,75.595,21.133,0.0001,100,1.0,0,0.00088993,11.248,15.766,79263,87916.0,6.5136,297.99,351.99,1.88,8.9165,,23,,1.9603,0.18671,,,1.7965,0,,0,0,2,68,68,0,68.0,97494.0
111.8,75,100,90,0.0,70.692,23.151,0.0001,100,1.0,0,0.00090998,11.181,15.806,79310,87974.0,6.5096,298.0,356.53,1.8822,8.9602,,23,,1.9776,0.18658,,,1.7986,0,,0,0,2,68,68,0,68.0,96184.0
112.0,75,100,90,0.0,67.372,26.738,0.0001,100,1.0,0,0.00088255,11.226,15.845,79356,88031.0,6.5059,298.01,358.98,1.8844,9.0307,,23,,1.9514,0.18677,,,1.8007,0,,0,0,2,68,68,0,68.0,97370.0
112.2,75,100,90,0.0,65.515,28.843,0.0001,100,1.0,0,0.00090137,11.174,15.885,79402,88087.0,6.5019,298.01,361.82,1.8865,9.0822,,23,,1.9663,0.18665,,,1.8028,0,,0,0,2,68,68,0,68.0,97726.0
112.4,75,100,90,0.0,65.262,31.594,0.0001,100,1.0,0,0.00087758,11.201,15.924,79447,88144.0,6.4989,298.02,362.71,1.8887,9.1505,,23,,1.9607,0.18669,,,1.8049,0,,0,0,2,68,68,0,68.0,97578.0
112.6,75,100,90,0.0,66.199,32.837,0.0001,100,1.0,0,0.00087222,11.202,15.963,79493,88201.0,6.4963,298.02,363.04,1.8908,9.2001,,23,,1.9582,0.18671,,,1.807,0,,0,0,2,68,68,0,68.0,97598.0
112.8,75,100,90,0.0,68.19,33.696,0.0001,100,1.0,0,0.00089365,11.153,16.002,79539,88258.0,6.4965,298.02,364.41,1.893,9.2363,,23,,1.9721,0.1866,,,1.809,0,,0,0,2,68,68,0,68.0,98287.0
113.0,75,100,90,0.0,70.103,35.54,0.0001,100,1.0,0,0.00086518,11.189,16.042,79586,88315.0,6.5004,298.02,365.04,1.8951,9.2815,,23,,1.9641,0.18665,,,1.8111,0,,0,0,2,68,68,0,68.0,97640.0
113.2,75,100,90,0.0,70.434,36.83,0.0001,100,1.0,0,0.00083143,11.24,16.08,79633,88373.0,6.5046,298.02,362.83,1.8972,9.3001,,23,,1.945,0.1868,,,1.8131,0,,0,0,2,68,68,0,68.0,98490.0
113.4,75,100,90,0.0,69.131,35.617,0.0001,100,1.0,0,0.00081878,11.233,16.119,79679,88430.0,6.5082,298.01,361.19,1.8992,9.2814,,23,,1.948,0.18677,,,1.815,0,,0,0,2,68,68,0,68.0,98174.0
113.6,75,100,90,0.0,66.363,34.761,0.0001,100,1.0,0,0.00082203,11.215,16.157,79725,88486.0,6.5101,298.01,360.46,1.9012,9.2542,,23,,1.9504,0.18675,,,1.8169,0,,0,0,2,68,68,0,68.0,98692.0
113.8,75,100,90,0.0,62.848,34.553,0.0001,100,1.0,0,0.00082766,11.165,16.196,79770,88542.0,6.5086,298.01,360.48,1.9033,9.2257,,23,,1.9769,0.18654,,,1.8189,0,,0,0,2,68,68,0,68.0,98878.0
114.0,75,100,90,0.0,59.949,34.945,0.0001,100,1.0,0,0.00081867,11.165,16.235,79815,88597.0,6.5047,298.01,360.51,1.9053,9.1998,,23,,1.9727,0.18657,,,1.8208,0,,0,0,2,68,68,0,68.0,99230.0
114.2,75,100,90,0.0,58.578,35.326,0.0001,100,1.0,0,0.00080678,11.19,16.274,79859,88652.0,6.5007,298.01,360.28,1.9072,9.1667,,23,,1.9532,0.18671,,,1.8227,0,,0,0,2,68,68,0,68.0,99580.0
114.4,75,100,90,0.0,58.799,35.481,0.0001,100,1.0,0,0.00078268,11.246,16.311,79903,88707.0,6.4965,298.01,359.04,1.9092,9.1197,,23,,1.9202,0.18696,,,1.8246,0,,0,0,2,68,68,0,68.0,99093.0
114.6,75,100,90,0.0,60.725,34.7,0.0001,100,1.0,0,0.00080247,11.202,16.349,79948,88763.0,6.4922,298.01,358.76,1.9111,9.0471,,23,,1.9335,0.18686,,,1.8264,0,,0,0,2,68,68,0,68.0,99275.0
114.8,75,100,90,0.0,64.355,34.687,0.0001,100,1.0,0,0.00081194,11.188,16.388,79993,88819.0,6.4896,298.0,358.29,1.9131,8.9943,,23,,1.9386,0.18681,,,1.8283,0,,0,0,2,68,68,0,68.0,100290.0
115.0,75,100,90,0.0,69.031,34.451,0.0001,100,1.0,0,0.00079912,11.206,16.425,80040,88876.0,6.4905,298.0,356.71,1.915,8.957,,23,,1.9456,0.18676,,,1.8302,0,,0,0,2,68,68,0,68.0,99968.0
115.2,75,100,90,0.0,73.357,33.178,0.0001,100,1.0,0,0.00081387,11.173,16.462,80087,88933.0,6.4941,298.0,355.06,1.917,8.9026,,23,,1.9634,0.18662,,,1.8321,0,,0,0,2,68,68,0,68.0,99812.0
115.4,75,100,90,0.0,76.236,31.707,0.0001,100,1.0,0,0.00080183,11.183,16.499,80135,88992.0,6.4981,297.99,352.17,1.9189,8.8557,,23,,1.9781,0.1865,,,1.8339,0,,0,0,2,68,68,0,68.0,100650.0
115.6,75,100,90,0.0,77.51,28.954,0.0001,100,1.0,0,0.00080755,11.163,16.536,80183,89050.0,6.503,297.98,350.48,1.9208,8.7991,,23,,1.986,0.18644,,,1.8358,0,,0,0,2,68,68,0,68.0,100500.0
115.8,75,100,90,0.0,76.836,27.032,0.0001,100,1.0,0,0.00080375,11.146,16.574,80230,89109.0,6.5049,297.98,348.73,1.9227,8.7671,,23,,1.9976,0.18635,,,1.8376,0,,0,0,2,68,68,0,68.0,101180.0
116.0,75,100,90,0.0,75.401,24.861,0.0001,100,1.0,0,0.00081382,11.123,16.611,80278,89167.0,6.5047,297.98,347.36,1.9247,8.7526,,23,,1.9979,0.18634,,,1.8395,0,,0,0,2,68,68,0,68.0,100350.0
116.2,75,100,90,0.0,74.031,22.869,0.0001,100,1.0,0,0.00079475,11.117,16.648,80325,89225.0,6.5048,297.97,345.78,1.9266,8.7551,,23,,2.0173,0.18619,,,1.8413,0,,0,0,2,68,68,0,68.0,100030.0
116.4,75,100,90,0.0,72.631,20.543,0.0001,100,1.0,0,0.0007841,11.121,16.685,80372,89283.0,6.5042,297.97,344.47,1.9285,8.7604,,23,,2.0138,0.18621,,,1.8431,0,,0,0,2,68,68,0,68.0,100710.0
116.6,75,100,90,0.0,71.485,18.309,0.0001,100,1.0,0,0.0007753,11.119,16.722,80419,89340.0,6.5062,297.96,343.41,1.9303,8.772,,23,,2.0146,0.1862,,,1.8449,0,,0,0,2,68,68,0,68.0,100220.0
116.8,75,100,90,0.0,69.519,16.177,0.0001,100,1.0,0,0.00075616,11.142,16.759,80465,89397.0,6.5059,297.96,341.9,1.9322,8.79,,23,,2.0052,0.18627,,,1.8467,0,,0,0,2,68,68,0,68.0,101390.0
117.0,75,100,90,0.0,67.688,13.526,0.0001,100,1.0,0,0.00079389,11.046,16.796,80511,89454.0,6.5032,297.96,343.19,1.934,8.8036,,23,,2.0351,0.18604,,,1.8485,0,,0,0,2,68,68,0,68.0,102400.0
117.2,75,100,90,0.0,66.927,13.245,0.0001,100,1.0,0,0.0007949,11.037,16.834,80557,89510.0,6.5013,297.97,344.43,1.9359,8.8491,,23,,2.0367,0.18602,,,1.8503,0,,0,0,2,68,68,0,68.0,101250.0
117.4,75,100,90,0.0,66.934,12.998,0.0001,100,1.0,0,0.00079451,11.029,16.872,80603,89567.0,6.5004,297.97,345.72,1.9378,8.9061,,23,,2.0388,0.18601,,,1.8521,0,,0,0,2,68,68,0,68.0,102600.0
117.6,75,100,90,0.0,67.286,12.91,0.0001,100,1.0,0,0.00078578,11.04,16.91,80649,89623.0,6.5009,297.97,346.64,1.9397,8.9692,,23,,2.0308,0.18606,,,1.8539,0,,0,0,2,68,68,0,68.0,101780.0
117.8,75,100,90,0.0,67.431,12.623,0.0001,100,1.0,0,0.00075573,11.091,16.947,80695,89680.0,6.5033,297.97,345.67,1.9415,9.0236,,23,,2.0126,0.1862,,,1.8556,0,,0,0,2,68,68,0,68.0,101950.0
118.0,75,100,90,0.0,66.639,10.73,0.0001,100,1.0,0,0.00074545,11.103,16.983,80741,89736.0,6.503,297.97,344.39,1.9432,9.0385,,23,,2.0065,0.18624,,,1.8573,0,,0,0,2,68,68,0,68.0,102290.0
118.2,75,100,90,0.0,65.948,8.5145,0.0001,100,1.0,0,0.0007516,11.092,17.019,80786,89793.0,6.5028,297.97,343.86,1.945,9.0311,,23,,2.0014,0.18628,,,1.859,0,,0,0,2,68,68,0,68.0,102470.0
118.4,75,100,90,0.0,65.345,6.8379,0.0001,100,1.0,0,0.00074229,11.099,17.055,80832,89849.0,6.5007,297.96,343.28,1.9468,9.0126,,23,,1.9942,0.18633,,,1.8607,0,,0,0,2,68,68,0,68.0,103640.0
118.6,75,100,90,0.0,65.587,5.0629,0.0001,100,1.0,0,0.00073308,11.102,17.091,80877,89905.0,6.4985,297.96,342.38,1.9485,8.9871,,23,,2.0018,0.18627,,,1.8624,0,,0,0,2,68,68,0,68.0,103310.0
118.8,75,100,90,0.0,66.712,2.9434,0.0001,100,1.0,0,0.0007153,11.122,17.127,80923,89961.0,6.4965,297.96,340.88,1.9502,8.9439,,23,,2.0026,0.18626,,,1.864,0,,0,0,2,68,68,0,68.0,103140.0
119.0,75,100,90,0.0,68.626,0.20909,0.0001,100,1.0,0,0.00070649,11.137,17.161,80969,90017.0,6.4977,297.95,339.13,1.9518,8.8786,,23,,2.0023,0.18626,,,1.8656,0,,0,0,2,68,68,0,68.0,103140.0
119.2,75,100,90,0.0,70.066,0.0001,0.0001,100,1.0,0,0.00071466,11.121,17.196,81016,90074.0,6.5018,297.95,337.45,1.9535,8.7969,,23,,2.0094,0.1862,,,1.8672,0,,0,0,2,68,68,0,68.0,103970.0
119.4,75,100,90,0.0,69.851,0.0001,10.272,100,1.0,0,0.00071297,11.122,17.231,81062,90131.0,6.5065,297.97,344.97,1.9551,8.719,,23,,2.003,0.18624,,,1.8688,0,,0,0,2,68,68,0,68.0,104140.0
119.6,75,100,90,0.0,67.766,4.8387,1.0272,100,1.0,0,0.00068332,11.161,17.264,81108,90187.0,6.5102,297.96,341.49,1.9567,8.6333,,23,,1.9948,0.1863,,,1.8703,0,,0,0,2,68,68,0,68.0,104130.0
119.8,75,100,90,0.0,64.221,0.43208,0.10272,100,1.0,0,0.00068836,11.143,17.298,81153,90242.0,6.514,297.95,338.56,1.9583,8.5324,,23,,1.9933,0.18631,,,1.8718,0,,0,0,2,68,68,0,68.0,103460.0
120.0,75,100,90,0.0,59.155,0.0001,0.010272,100,1.0,0,0.00067073,11.149,17.332,81197,90297.0,6.5147,297.94,335.17,1.9598,8.4419,1201.3,23,1666.2,1.9951,0.1863,17.196,26.25,1.8733,0,58.641,0,0,2,68,68,0,68.0,103950.0
120.2,75,100,90,0.0,53.822,0.0001,12.004,100,1.0,0,0.00069257,11.093,17.365,81240,90350.0,6.5091,297.97,344.11,1.9614,8.3419,,23,,2.002,0.18624,,,1.8748,0,,0,0,2,68,68,0,68.0,104440.0
120.4,75,100,90,0.0,50.737,5.895,1.2004,100,1.0,0,0.00069463,11.074,17.4,81283,90403.0,6.5023,297.96,342.22,1.9629,8.2738,,23,,1.9988,0.18626,,,1.8763,0,,0,0,2,68,68,0,68.0,105270.0
120.6,75,100,90,0.0,50.339,2.7993,0.12004,100,1.0,0,0.00069096,11.067,17.434,81325,90455.0,6.4954,297.96,340.0,1.9645,8.2353,,23,,2.0022,0.18623,,,1.8778,0,,0,0,2,68,68,0,68.0,103940.0
120.8,75,100,90,0.0,52.717,0.0001,0.012004,100,1.0,0,0.00068875,11.066,17.469,81368,90508.0,6.4898,297.95,338.2,1.9661,8.228,,23,,2.0016,0.18623,,,1.8793,0,,0,0,2,68,68,0,68.0,104270.0
121.0,75,100,90,0.0,57.299,0.0001,0.0012004,100,1.0,0,0.00067517,11.102,17.502,81412,90562.0,6.487,297.94,335.1,1.9676,8.253,,23,,1.9928,0.1863,,,1.8808,0,,0,0,2,68,68,0,68.0,104090.0
121.2,75,100,90,0.0,63.027,0.0001,12.526,100,1.0,0,0.00065591,11.148,17.535,81457,90617.0,6.4901,297.96,341.73,1.9691,8.2783,,23,,1.9822,0.18638,,,1.8822,0,,0,0,2,68,68,0,68.0,105920.0
121.4,75,100,90,0.0,67.483,3.8136,1.2526,100,1.0,0,0.00065017,11.167,17.568,81502,90673.0,6.497,297.95,336.38,1.9706,8.2973,,23,,1.9707,0.18646,,,1.8836,0,,0,0,2,68,68,0,68.0,105570.0
121.6,75,100,90,0.0,69.187,1.1441,22.825,100,1.0,0,0.00063252,11.212,17.6,81548,90729.0,6.5065,297.98,350.23,1.972,8.3263,,23,,1.9486,0.18663,,,1.885,0,,0,0,2,68,68,0,68.0,105890.0
121.8,75,100,90,0.0,67.1,11.507,2.2825,100,1.0,0,0.00062105,11.215,17.631,81594,90785.0,6.5157,297.96,342.39,1.9734,8.3326,,23,,1.9486,0.18662,,,1.8863,0,,0,0,2,68,68,0,68.0,106040.0
122.0,75,100,90,0.0,61.333,3.65,0.22825,100,1.0,0,0.0006271,11.184,17.664,81639,90840.0,6.5216,297.94,335.44,1.9747,8.3329,,23,,1.9501,0.18661,,,1.8876,0,,0,0,2,68,68,0,68.0,105860.0
122.2,75,100,90,0.0,53.237,1.095,15.087,100,1.0,0,0.00062677,11.162,17.697,81682,90893.0,6.5204,297.96,343.39,1.9761,8.3521,,23,,1.9446,0.18665,,,1.889,0,,0,0,2,68,68,0,68.0,105680.0
122.4,75,100,90,0.0,45.601,6.1725,1.5087,100,1.0,0,0.00060257,11.175,17.73,81723,90944.0,6.5153,297.95,337.37,1.9775,8.3828,,23,,1.9356,0.18671,,,1.8902,0,,0,0,2,68,68,0,68.0,107010.0
122.6,75,100,90,0.0,40.015,1.8517,26.02,100,1.0,0,0.00060293,11.144,17.763,81763,90994.0,6.5073,297.99,355.04,1.9788,8.3987,,23,,1.9447,0.18664,,,1.8915,0,,0,0,2,68,68,0,68.0,106000.0
122.8,75,100,90,0.0,37.642,15.663,2.602,100,1.0,0,0.00060981,11.098,17.796,81803,91044.0,6.497,297.98,349.02,1.9801,8.4135,,23,,1.9664,0.18648,,,1.8928,0,,0,0,2,68,68,0,68.0,106820.0
123.0,75,100,90,0.0,39.352,9.8181,0.2602,100,1.0,0,0.00059805,11.118,17.829,81843,91094.0,6.4882,297.96,341.06,1.9814,8.4367,,23,,1.9636,0.18649,,,1.894,0,,0,0,2,68,68,0,68.0,105980.0
123.2,75,100,90,0.0,44.575,2.133,0.02602,100,1.0,0,0.0005812,11.173,17.861,81884,91145.0,6.4853,297.94,333.51,1.9827,8.446,,23,,1.9412,0.18666,,,1.8953,0,,0,0,2,68,68,0,68.0,107130.0
123.4,75,100,90,0.0,50.955,0.63989,14.917,100,1.0,0,0.00057881,11.195,17.892,81927,91197.0,6.4898,297.95,338.91,1.9839,8.4274,,23,,1.9349,0.18671,,,1.8965,0,,0,0,2,68,68,0,68.0,106110.0
123.6,75,100,90,0.0,55.513,3.2708,1.4917,100,1.0,0,0.00056636,11.246,17.923,81970,91250.0,6.4966,297.93,330.37,1.9852,8.3846,,23,,1.9056,0.18693,,,1.8977,0,,0,0,2,68,68,0,68.0,107260.0
123.8,75,100,90,0.0,57.367,0.98124,26.93,100,1.0,0,0.00056187,11.251,17.953,82014,91304.0,6.504,297.97,344.88,1.9864,8.3215,,23,,1.9063,0.18692,,,1.8988,0,,0,0,2,68,68,0,68.0,106900.0
124.0,75,100,90,0.0,56.274,11.339,2.693,100,1.0,0,0.00055669,11.252,17.984,82057,91357.0,6.5103,297.94,334.56,1.9876,8.247,,23,,1.9029,0.18694,,,1.9,0,,0,0,2,68,68,0,68.0,107210.0
124.2,75,100,90,0.0,52.691,3.4016,40.018,100,1.0,0,0.0005622,11.209,18.014,82100,91410.0,6.5129,298.01,360.72,1.9888,8.1652,,23,,1.9209,0.1868,,,1.9011,0,,0,0,2,68,68,0,68.0,106360.0
124.4,75,100,90,0.0,48.053,24.416,4.0018,100,1.0,0,0.00055181,11.2,18.045,82142,91461.0,6.5107,297.98,348.75,1.9899,8.0919,,23,,1.931,0.18672,,,1.9022,0,,0,0,2,68,68,0,68.0,107670.0
124.6,75,100,90,0.0,44.32,13.741,0.40018,100,1.0,0,0.00057316,11.135,18.076,82183,91512.0,6.5047,297.95,337.61,1.9911,8.0219,,23,,1.9548,0.18654,,,1.9034,0,,0,0,2,68,68,0,68.0,106980.0
124.8,75,100,90,0.0,42.99,3.384,0.040018,100,1.0,0,0.00058167,11.088,18.107,82223,91563.0,6.4968,297.93,329.32,1.9923,7.989,,23,,1.9834,0.18632,,,1.9046,0,,0,0,2,68,68,0,68.0,107800.0
125.0,75,100,90,0.0,44.815,1.0152,16.822,100,1.0,0,0.00056566,11.13,18.139,82265,91614.0,6.4922,297.95,335.8,1.9935,7.9865,,23,,1.9657,0.18645,,,1.9057,0,,0,0,2,68,68,0,68.0,108780.0
125.2,75,100,90,0.0,48.464,0.30456,1.7135,100,1.0,0,0.0005767,11.112,18.17,82306,91665.0,6.4903,297.93,328.81,1.9947,7.9813,,23,,1.9721,0.1864,,,1.9068,0,,0,0,2,68,68,0,68.0,107760.0
125.4,75,100,90,0.0,52.844,0.091369,24.199,100,1.0,0,0.00058898,11.1,18.201,82349,91718.0,6.4929,297.96,342.46,1.9959,7.9925,,23,,1.9728,0.1864,,,1.908,0,,0,0,2,68,68,0,68.0,108910.0
125.6,75,100,90,0.0,56.186,9.4674,2.4199,100,1.0,0,0.00063253,11.023,18.234,82392,91772.0,6.4962,297.95,335.91,1.9972,8.0209,,23,,1.9918,0.18625,,,1.9093,0,,0,0,2,68,68,0,68.0,108230.0
125.8,75,100,90,0.0,58.218,2.8402,33.969,100,1.0,0,0.00061944,11.057,18.267,82436,91826.0,6.503,298.0,358.54,1.9985,8.0968,,23,,1.9799,0.18634,,,1.9105,0,,0,0,2,68,68,0,68.0,108390.0
126.0,75,100,90,0.0,57.54,20.732,3.3969,100,1.0,0,0.00061078,11.068,18.298,82480,91879.0,6.5104,297.98,348.51,1.9998,8.1584,,23,,1.9767,0.18636,,,1.9117,0,,0,0,2,68,68,0,68.0,108370.0
126.2,75,100,90,0.0,53.903,11.648,0.33969,100,1.0,0,0.00058488,11.114,18.33,82523,91932.0,6.5147,297.95,337.11,2.001,8.2086,,23,,1.9478,0.18658,,,1.9129,0,,0,0,2,68,68,0,68.0,109520.0
126.4,75,100,90,0.0,48.539,3.4943,24.192,100,1.0,0,0.00057085,11.13,18.361,82565,91984.0,6.513,297.98,348.75,2.0022,8.2436,,23,,1.9338,0.18668,,,1.914,0,,0,0,2,68,68,0,68.0,109330.0
126.6,75,100,90,0.0,43.868,11.966,2.4192,100,1.0,0,0.00057032,11.106,18.392,82606,92035.0,6.5075,297.95,338.37,2.0033,8.2677,,23,,1.9406,0.18663,,,1.9151,0,,0,0,2,68,68,0,68.0,108480.0
126.8,75,100,90,0.0,41.396,1.8689,0.24192,100,1.0,0,0.00056358,11.105,18.423,82646,92085.0,6.5006,297.93,328.73,2.0045,8.2872,,23,,1.9418,0.18662,,,1.9162,0,,0,0,2,68,68,0,68.0,109290.0
127.0,75,100,90,0.0,41.675,0.56067,17.084,100,1.0,0,0.00055831,11.111,18.454,82687,92136.0,6.4947,297.94,334.47,2.0056,8.2944,,23,,1.9405,0.18662,,,1.9173,0,,0,0,2,68,68,0,68.0,108940.0
127.2,75,100,90,0.0,44.299,0.1682,1.6842,100,1.0,0,0.00054883,11.15,18.485,82728,92187.0,6.49,297.92,325.69,2.0067,8.2845,,23,,1.911,0.18684,,,1.9183,0,,0,0,2,68,68,0,68.0,108590.0
127.4,75,100,90,0.0,48.82,0.05046,26.445,100,1.0,0,0.00056876,11.131,18.516,82769,92239.0,6.4892,297.96,339.89,2.0078,8.259,,23,,1.9051,0.18689,,,1.9194,0,,0,0,2,68,68,0,68.0,110230.0
127.6,75,100,90,0.0,53.659,9.5897,2.6445,100,1.0,0,0.00053326,11.215,18.545,82812,92291.0,6.4925,297.92,327.61,2.0088,8.2382,,23,,1.8779,0.18709,,,1.9204,0,,0,0,2,68,68,0,68.0,110540.0
127.8,75,100,90,0.0,57.165,2.8769,42.89,100,1.0,0,0.00053459,11.214,18.575,82856,92345.0,6.4977,297.99,353.16,2.0099,8.1782,,23,,1.8805,0.18707,,,1.9214,0,,0,0,2,68,68,0,68.0,109680.0
128.0,75,100,90,0.0,58.603,22.524,4.289,100,1.0,0,0.00055366,11.171,18.606,82900,92398.0,6.5003,297.95,338.87,2.0109,8.1093,,23,,1.8927,0.18698,,,1.9224,0,,0,0,2,68,68,0,68.0,110660.0
128.2,75,100,90,0.0,59.027,9.2172,0.4289,100,1.0,0,0.0005538,11.169,18.636,82944,92452.0,6.5027,297.92,324.9,2.012,8.0659,,23,,1.8935,0.18697,,,1.9235,0,,0,0,2,68,68,0,68.0,109800.0
128.4,75,100,90,0.0,58.461,2.7652,27.156,100,1.0,0,0.00057256,11.125,18.667,82987,92506.0,6.5015,297.95,337.99,2.0131,8.0311,,23,,1.9042,0.18688,,,1.9245,0,,0,0,2,68,68,0,68.0,110950.0
128.6,75,100,90,0.0,58.374,11.325,2.7156,100,1.0,0,0.00056357,11.136,18.699,83031,92560.0,6.498,297.92,325.83,2.0142,8.0254,,23,,1.9016,0.1869,,,1.9256,0,,0,0,2,68,68,0,68.0,110930.0
128.8,75,100,90,0.0,59.693,3.3975,44.65,100,1.0,0,0.00055642,11.165,18.729,83075,92614.0,6.497,297.99,353.6,2.0153,8.0247,,23,,1.88,0.18706,,,1.9266,0,,0,0,2,68,68,0,68.0,110250.0
129.0,75,100,90,0.0,61.416,24.733,4.465,100,1.0,0,0.00055224,11.179,18.76,83119,92668.0,6.4958,297.95,338.3,2.0163,8.0246,,23,,1.8664,0.18716,,,1.9276,0,,0,0,2,68,68,0,68.0,111220.0
129.2,75,100,90,0.0,63.629,10.583,0.4465,100,1.0,0,0.00056502,11.163,18.791,83164,92723.0,6.4945,297.92,324.11,2.0174,8.0208,,23,,1.8661,0.18716,,,1.9287,0,,0,0,2,68,68,0,68.0,110540.0
129.4,75,100,90,0.0,66.36,3.1749,28.437,100,1.0,0,0.00058124,11.133,18.822,83210,92778.0,6.4931,297.95,337.89,2.0185,8.0306,,23,,1.8752,0.18709,,,1.9297,0,,0,0,2,68,68,0,68.0,110850.0
129.6,75,100,90,0.0,69.64,12.236,2.8437,100,1.0,0,0.00057938,11.153,18.853,83256,92834.0,6.4914,297.92,325.36,2.0196,8.0659,,23,,1.87,0.18713,,,1.9308,0,,0,0,2,68,68,0,68.0,111330.0
129.8,75,100,90,0.0,73.596,3.6707,46.447,100,1.0,0,0.00058485,11.15,18.884,83302,92891.0,6.4915,297.99,354.36,2.0207,8.0949,,23,,1.8707,0.18712,,,1.9318,0,,0,0,2,68,68,0,68.0,111140.0
130.0,75,100,90,0.0,77.521,25.968,4.6447,100,1.0,0,0.00059476,11.141,18.915,83350,92949.0,6.4935,297.95,338.66,2.0218,8.1213,,23,,1.869,0.18713,,,1.9329,0,,0,0,2,68,68,0,68.0,112120.0
130.2,75,100,90,0.0,80.643,11.551,0.46447,100,1.0,-4000,0.00060348,11.155,18.946,82700,92208.0,6.5256,297.91,323.06,2.0119,8.1543,,23,,1.8462,0.18733,,,1.9234,0,,0,0,2,68,68,0,68.0,112600.0
130.4,75,100,90,0.0,70.813,3.4652,30.791,100,1.0,-4000,0.00062675,11.078,18.978,82048,91464.0,6.5509,297.95,339.17,1.9968,8.1765,,23,,1.8475,0.18734,,,1.9088,0,,0,0,2,68,68,0,68.0,111920.0
130.6,75,100,90,0.51826,35.407,14.605,3.0791,100,1.0,-4000,0.00062182,10.962,19.011,81389,90714.0,6.5506,297.93,329.58,1.9812,8.2182,,23,,1.8586,0.18729,,,1.8938,0,,0,0,2,68,68,0,68.0,112750.0
130.8,75,100,90,1.0395,17.703,4.3816,46.213,100,1.0,-4000,0.00063104,10.875,19.044,80727,89960.0,6.5341,298.02,363.78,1.9656,8.2659,,23,,1.8715,0.18722,,,1.8788,0,,0,0,2,68,68,0,68.0,111910.0
131.0,75,100,90,0.0,4.6503,32.339,4.6213,100,1.0,-4000,0.00066436,10.763,19.079,80062,89203.0,6.5083,297.99,353.06,1.95,8.3259,,23,,1.8796,0.18719,,,1.8639,0,,0,0,2,68,68,0,68.0,112070.0
131.2,75,100,90,0.0,1.8845,22.738,0.46213,100,1.0,-4000,0.00068192,10.723,19.115,79396,88446.0,6.4816,297.96,342.82,1.9345,8.4154,,23,,1.8685,0.1873,,,1.8489,0,,0,0,2,68,68,0,68.0,112910.0
131.4,75,100,90,0.0,9.7701,13.321,0.046213,100,1.0,-4000,0.00070265,10.71,19.151,78732,87691.0,6.4618,297.94,335.62,1.919,8.5175,,23,,1.8538,0.18745,,,1.834,0,,0,0,2,68,68,0,68.0,112250.0
131.6,75,100,90,0.0,25.531,3.9963,23.476,100,1.0,-4000,0.00073075,10.735,19.186,78072,86939.0,6.4543,297.99,351.97,1.9036,8.6078,,23,,1.8218,0.18772,,,1.8192,0,,0,0,2,68,68,0,68.0,113580.0
131.8,75,100,90,0.0,44.282,17.081,2.3476,100,1.0,-4000,0.00075643,10.778,19.221,77415,86191.0,6.4603,297.96,343.41,1.8881,8.6713,,23,,1.7891,0.18799,,,1.8044,0,,0,0,2,68,68,0,68.0,113750.0
132.0,75,100,90,0.0,60.65,8.3648,0.23476,100,1.0,-4000,0.0007641,10.811,19.255,76762,85446.0,6.4779,297.94,334.33,1.8727,8.6815,1198.3,23,1674.8,1.778,0.18811,19.115,26.612,1.7895,0,67.624,0,0,2,68,68,0,68.0,112410.0
132.2,75,100,90,0.0,69.988,2.5094,21.963,100,1.0,0,0.00076147,10.85,19.289,76809,85503.0,6.4743,297.97,345.97,1.8687,8.6526,,23,,1.7631,0.18823,,,1.7857,0,,0,0,2,68,68,0,68.0,113740.0
132.4,75,100,90,0.0,80.872,11.369,2.1963,100,1.0,0,0.00076478,10.879,19.322,76858,85562.0,6.4787,297.94,335.27,1.8697,8.5843,,23,,1.7606,0.18825,,,1.7866,0,,0,0,2,68,68,0,68.0,114390.0
132.6,75,100,90,0.0,89.89,3.4107,39.442,100,1.0,0,0.00078065,10.879,19.356,76908,85623.0,6.4867,298.01,360.85,1.871,8.49,,23,,1.7624,0.18823,,,1.7879,0,,0,0,2,68,68,0,68.0,113220.0
132.8,75,100,90,0.0,95.706,25.441,3.9442,100,1.0,0,0.0007514,10.943,19.388,76960,85685.0,6.4967,297.97,344.16,1.8723,8.3923,,23,,1.7492,0.18833,,,1.7891,0,,0,0,2,68,68,0,68.0,114040.0
133.0,75,100,90,0.0,97.525,9.7562,0.39442,100,1.0,0,0.00071214,11.011,19.419,77012,85747.0,6.5074,297.92,328.06,1.8735,8.2598,,23,,1.7354,0.18843,,,1.7903,0,,0,0,2,68,68,0,68.0,113690.0
133.2,75,100,90,0.0,95.098,2.9269,26.878,100,1.0,0,0.00069817,11.02,19.449,77064,85809.0,6.5182,297.95,338.33,1.8747,8.0903,,23,,1.731,0.18846,,,1.7914,0,,0,0,2,68,68,0,68.0,113660.0
133.4,75,100,90,0.0,88.324,9.9813,2.6878,100,1.0,0,0.00067943,11.01,19.479,77114,85869.0,6.5259,297.91,323.55,1.8758,7.9132,,23,,1.7455,0.18835,,,1.7925,0,,0,0,2,68,68,0,68.0,113640.0
133.6,75,100,90,0.0,78.49,2.9944,46.723,100,1.0,0,0.00069376,10.926,19.51,77162,85928.0,6.528,297.99,353.17,1.8769,7.7358,,23,,1.7738,0.18813,,,1.7936,0,,0,0,2,68,68,0,68.0,114120.0
133.8,75,100,90,0.0,67.833,27.607,4.6723,100,1.0,0,0.00069129,10.879,19.542,77208,85984.0,6.5229,297.95,336.75,1.878,7.6133,,23,,1.7904,0.188,,,1.7947,0,,0,0,2,68,68,0,68.0,115440.0
134.0,75,100,90,0.0,59.214,8.2822,71.587,100,1.0,0,0.0006756,10.869,19.574,77253,86038.0,6.5131,298.08,387.78,1.8792,7.5404,,23,,1.7874,0.18803,,,1.7957,0,,0,0,2,68,68,0,68.0,115090.0
134.2,75,100,90,0.0,54.525,54.2,7.1587,100,1.0,0,0.00067229,10.848,19.607,77296,86091.0,6.4995,298.02,362.85,1.8802,7.5058,,23,,1.7877,0.18802,,,1.7968,0,,0,0,2,68,68,0,68.0,114410.0
134.4,75,100,90,0.0,55.25,33.113,0.71587,100,1.0,0,0.00066873,10.866,19.639,77340,86145.0,6.4892,297.96,340.26,1.8813,7.5078,,23,,1.7712,0.18814,,,1.7978,0,,0,0,2,68,68,0,68.0,115230.0
134.6,75,100,90,0.0,60.067,13.236,0.071587,100,1.0,0,0.00067549,10.874,19.671,77384,86199.0,6.4828,297.91,324.77,1.8824,7.5321,,23,,1.7662,0.18818,,,1.7989,0,,0,0,2,68,68,0,68.0,114880.0
134.8,75,100,90,0.0,67.467,3.9709,27.594,100,1.0,0,0.00065289,10.94,19.702,77430,86255.0,6.4822,297.94,335.9,1.8835,7.5826,,23,,1.7535,0.18827,,,1.7999,0,,0,0,2,68,68,0,68.0,115530.0
135.0,75,100,90,0.0,75.088,1.1913,0.0001,100,1.0,0,0.00066573,10.96,19.733,77478,86313.0,6.4871,297.91,322.82,1.8845,7.6106,,23,,1.7338,0.18842,,,1.8009,0,,0,0,2,68,68,0,68.0,115010.0
135.2,75,100,90,0.0,80.74,0.35738,37.375,100,1.0,0,0.00067033,10.98,19.764,77526,86372.0,6.4937,297.97,343.47,1.8856,7.6488,,23,,1.7188,0.18853,,,1.8019,0,,0,0,2,68,68,0,68.0,115660.0
135.4,75,100,90,0.0,83.789,16.408,3.7375,100,1.0,0,0.00068506,10.962,19.795,77576,86431.0,6.5013,297.92,326.88,1.8867,7.6891,,23,,1.7274,0.18846,,,1.8029,0,,0,0,2,68,68,0,68.0,116640.0
135.6,75,100,90,0.0,83.772,4.9223,59.62,100,1.0,0,0.00065835,11.005,19.825,77625,86490.0,6.5105,298.02,364.34,1.8877,7.7332,,23,,1.7231,0.1885,,,1.8039,0,,0,0,2,68,68,0,68.0,115440.0
135.8,75,100,90,0.0,80.076,37.021,5.962,100,1.0,0,0.00068198,10.941,19.855,77673,86549.0,6.5165,297.96,340.34,1.8887,7.7366,,23,,1.7436,0.18834,,,1.8049,0,,0,0,2,68,68,0,68.0,116590.0
136.0,75,100,90,0.0,74.012,14.805,0.5962,100,1.0,0,0.00067374,10.924,19.886,77721,86606.0,6.5182,297.91,321.52,1.8898,7.7594,,23,,1.7491,0.18829,,,1.8059,0,,0,0,2,68,68,0,68.0,115740.0
136.2,75,100,90,0.0,67.274,4.4414,32.615,100,1.0,0,0.0006665,10.896,19.917,77767,86662.0,6.5126,297.95,336.8,1.8908,7.7855,,23,,1.7599,0.18821,,,1.8069,0,,0,0,2,68,68,0,68.0,115720.0
136.4,75,100,90,0.0,62.795,1.3324,0.0001,100,1.0,0,0.00070569,10.806,19.95,77812,86718.0,6.5035,297.92,325.79,1.8919,7.8229,,23,,1.7857,0.18801,,,1.808,0,,0,0,2,68,68,0,68.0,116040.0
136.6,75,100,90,0.0,61.93,0.39973,36.93,100,1.0,0,0.00070802,10.793,19.982,77857,86773.0,6.4964,297.98,348.85,1.893,7.8932,,23,,1.7874,0.188,,,1.809,0,,0,0,2,68,68,0,68.0,117690.0
136.8,75,100,90,0.0,63.886,18.85,3.693,100,1.0,0,0.00068441,10.847,20.014,77902,86828.0,6.4904,297.94,332.35,1.8941,7.9673,,23,,1.7678,0.18814,,,1.81,0,,0,0,2,68,68,0,68.0,116510.0
137.0,75,100,90,0.0,68.245,5.655,60.525,100,1.0,0,0.00066988,10.877,20.045,77948,86885.0,6.4902,298.04,371.81,1.8951,8.015,,23,,1.7654,0.18816,,,1.811,0,,0,0,2,68,68,0,68.0,117660.0
137.2,75,100,90,0.0,72.664,40.006,6.0525,100,1.0,0,0.00068114,10.881,20.077,77995,86942.0,6.4939,297.97,345.87,1.8961,8.041,,23,,1.7564,0.18823,,,1.812,0,,0,0,2,68,68,0,68.0,117470.0
137.4,75,100,90,0.0,75.621,16.795,0.60525,100,1.0,0,0.00068865,10.868,20.109,78043,87000.0,6.4963,297.92,325.87,1.8971,8.0708,,23,,1.7659,0.18815,,,1.813,0,,0,0,2,68,68,0,68.0,117790.0
137.6,75,100,90,0.0,77.622,5.0386,31.89,100,1.0,0,0.00067922,10.906,20.14,78091,87058.0,6.5009,297.95,338.83,1.8982,8.098,,23,,1.7496,0.18827,,,1.814,0,,0,0,2,68,68,0,68.0,117940.0
137.8,75,100,90,0.0,77.792,14.304,3.189,100,1.0,0,0.0006725,10.925,20.171,78139,87116.0,6.5066,297.91,321.11,1.8992,8.107,,23,,1.7356,0.18838,,,1.815,0,,0,0,2,68,68,0,68.0,116590.0
138.0,75,100,90,0.0,75.669,4.2913,56.1,100,1.0,0,0.00069503,10.867,20.202,78187,87174.0,6.5102,298.0,357.1,1.9002,8.0948,,23,,1.7546,0.18823,,,1.8159,0,,0,0,2,68,68,0,68.0,117740.0
138.2,75,100,90,0.0,72.128,34.228,5.61,100,1.0,0,0.0006995,10.832,20.234,78234,87232.0,6.5118,297.94,334.87,1.9012,8.0979,,23,,1.767,0.18814,,,1.8169,0,,0,0,2,68,68,0,68.0,118560.0
138.4,75,100,90,0.0,67.916,10.268,87.618,100,1.0,0,0.00067259,10.861,20.266,78280,87288.0,6.5149,298.11,396.39,1.9022,8.1159,,23,,1.7554,0.18822,,,1.8179,0,,0,0,2,68,68,0,68.0,117870.0
138.6,75,100,90,0.0,62.486,65.104,8.7618,100,1.0,0,0.00064856,10.879,20.297,78325,87343.0,6.5152,298.01,361.55,1.9032,8.1088,,23,,1.7434,0.18831,,,1.8188,0,,0,0,2,68,68,0,68.0,118520.0
138.8,75,100,90,0.0,56.934,35.832,0.87618,100,1.0,0,0.00067133,10.82,20.329,78368,87397.0,6.5135,297.94,334.05,1.9041,8.0842,,23,,1.7577,0.1882,,,1.8197,0,,0,0,2,68,68,0,68.0,118670.0
139.0,75,100,90,0.0,52.071,10.75,46.605,100,1.0,0,0.00068921,10.769,20.361,78411,87450.0,6.507,298.01,360.17,1.9051,8.0752,,23,,1.7686,0.18812,,,1.8207,0,,0,0,2,68,68,0,68.0,118160.0
139.2,75,100,90,0.0,49.812,33.022,4.6605,100,1.0,0,0.00066954,10.789,20.393,78454,87503.0,6.4986,297.95,337.37,1.9061,8.0852,,23,,1.7622,0.18816,,,1.8216,0,,0,0,2,68,68,0,68.0,118480.0
139.4,75,100,90,0.0,50.908,9.9066,78.812,100,1.0,0,0.00069538,10.741,20.426,78496,87556.0,6.4908,298.1,392.99,1.9071,8.0939,,23,,1.7774,0.18805,,,1.8226,0,,0,0,2,68,68,0,68.0,118800.0
139.6,75,100,90,0.0,55.089,59.436,7.8812,100,1.0,0,0.00071109,10.729,20.459,78540,87610.0,6.4875,298.01,361.81,1.9081,8.1279,,23,,1.7845,0.18799,,,1.8236,0,,0,0,2,68,68,0,68.0,119460.0
139.8,75,100,90,0.0,60.6,33.385,0.78812,100,1.0,0,0.00071142,10.75,20.492,78585,87665.0,6.4909,297.95,336.79,1.9091,8.1635,,23,,1.7735,0.18807,,,1.8245,0,,0,0,2,68,68,0,68.0,118950.0
140.0,75,100,90,0.0,64.721,10.015,43.131,100,1.0,0,0.00071434,10.755,20.525,78630,87721.0,6.497,298.01,359.73,1.9102,8.2031,,23,,1.779,0.18803,,,1.8255,0,,0,0,2,68,68,0,68.0,120100.0
140.2,75,100,90,0.0,66.419,29.543,4.3131,100,1.0,0,0.00071061,10.762,20.557,78676,87778.0,6.5049,297.95,339.02,1.9112,8.242,,23,,1.7835,0.18799,,,1.8265,0,,0,0,2,68,68,0,68.0,119760.0
140.4,75,100,90,0.0,64.966,10.447,0.43131,100,1.0,0,0.00073126,10.715,20.59,78721,87834.0,6.5105,297.91,323.66,1.9122,8.2686,,23,,1.7966,0.18789,,,1.8275,0,,0,0,2,68,68,0,68.0,120080.0
140.6,75,100,90,0.0,61.287,3.1341,26.383,100,1.0,0,0.00073938,10.702,20.624,78766,87889.0,6.5131,297.94,335.53,1.9132,8.3155,,23,,1.7906,0.18794,,,1.8285,0,,0,0,2,68,68,0,68.0,120240.0
140.8,75,100,90,0.0,56.559,0.94024,0.0001,100,1.0,0,0.00073592,10.683,20.657,78810,87944.0,6.5137,297.92,324.77,1.9143,8.3677,,23,,1.7965,0.18789,,,1.8295,0,,0,0,2,68,68,0,68.0,119560.0
141.0,75,100,90,0.0,51.601,0.28207,34.219,100,1.0,0,0.00073691,10.656,20.69,78853,87997.0,6.5098,297.97,345.64,1.9153,8.4087,,23,,1.8057,0.18782,,,1.8305,0,,0,0,2,68,68,0,68.0,119060.0
141.2,75,100,90,0.0,48.235,16.373,3.4219,100,1.0,0,0.00072233,10.675,20.723,78895,88050.0,6.5036,297.93,331.09,1.9163,8.4539,,23,,1.7958,0.18789,,,1.8314,0,,0,0,2,68,68,0,68.0,120550.0
141.4,75,100,90,0.0,47.328,4.912,55.241,100,1.0,0,0.00069904,10.721,20.755,78937,88103.0,6.498,298.03,367.24,1.9173,8.4674,,23,,1.7771,0.18803,,,1.8323,0,,0,0,2,68,68,0,68.0,120030.0
141.6,75,100,90,0.0,48.666,35.618,5.5241,100,1.0,0,0.00069204,10.727,20.787,78979,88155.0,6.4944,297.97,344.17,1.9182,8.4403,,23,,1.7802,0.188,,,1.8332,0,,0,0,2,68,68,0,68.0,120350.0
141.8,75,100,90,0.0,51.42,14.934,0.55241,100,1.0,0,0.00069191,10.747,20.819,79022,88209.0,6.4933,297.92,325.98,1.9191,8.4,,23,,1.7669,0.1881,,,1.8341,0,,0,0,2,68,68,0,68.0,120170.0
142.0,75,100,90,0.0,54.603,4.4803,30.324,100,1.0,0,0.00070721,10.715,20.851,79065,88263.0,6.4936,297.95,339.42,1.92,8.3502,,23,,1.7867,0.18795,,,1.835,0,,0,0,2,68,68,0,68.0,120320.0
142.2,75,100,90,0.0,57.665,14.03,3.0324,100,1.0,0,0.00070846,10.716,20.883,79109,88317.0,6.493,297.91,323.93,1.921,8.2998,,23,,1.7972,0.18787,,,1.8359,0,,0,0,2,68,68,0,68.0,120810.0
142.4,75,100,90,0.0,61.005,4.2089,52.426,100,1.0,0,0.00066264,10.813,20.914,79154,88372.0,6.4959,298.0,354.91,1.9218,8.2555,,23,,1.7633,0.18813,,,1.8367,0,,0,0,2,68,68,0,68.0,121790.0
142.6,75,100,90,0.0,63.163,29.43,5.2426,100,1.0,0,0.00064188,10.838,20.944,79199,88428.0,6.4991,297.94,332.64,1.9226,8.1703,,23,,1.7627,0.18813,,,1.8375,0,,0,0,2,68,68,0,68.0,120930.0
142.8,75,100,90,0.0,64.042,8.829,80.104,100,1.0,0,0.00064401,10.831,20.974,79244,88484.0,6.4998,298.08,385.62,1.9235,8.0721,,23,,1.7684,0.18808,,,1.8383,0,,0,0,2,68,68,0,68.0,121070.0
143.0,75,100,90,0.0,64.64,54.972,8.0104,100,1.0,0,0.00064553,10.824,21.004,79290,88539.0,6.4997,298.0,357.17,1.9243,7.9833,,23,,1.7738,0.18804,,,1.8391,0,,0,0,2,68,68,0,68.0,122550.0
143.2,75,100,90,0.0,65.264,30.972,0.80104,100,1.0,0,0.00063126,10.838,21.034,79335,88595.0,6.5002,297.93,330.46,1.925,7.9104,,23,,1.7807,0.18799,,,1.8398,0,,0,0,2,68,68,0,68.0,121190.0
143.4,75,100,90,0.0,65.712,9.2917,47.152,100,1.0,0,0.00061382,10.865,21.064,79381,88651.0,6.5022,297.99,352.5,1.9258,7.8335,,23,,1.77,0.18807,,,1.8405,0,,0,0,2,68,68,0,68.0,121990.0
143.6,75,100,90,0.0,65.338,27.203,4.7152,100,1.0,0,0.00063728,10.825,21.094,79426,88707.0,6.5028,297.93,330.89,1.9265,7.7662,,23,,1.7781,0.188,,,1.8413,0,,0,0,2,68,68,0,68.0,122300.0
143.8,75,100,90,0.0,64.751,8.1608,72.269,100,1.0,0,0.00065335,10.798,21.124,79471,88763.0,6.5032,298.05,377.29,1.9273,7.7305,,23,,1.7872,0.18793,,,1.842,0,,0,0,2,68,68,0,68.0,122450.0
144.0,75,100,90,0.0,63.996,48.029,7.2269,100,1.0,0,0.00064282,10.817,21.154,79516,88818.0,6.5036,297.99,351.13,1.9281,7.7183,1201.8,23,1684.7,1.7811,0.18798,21.034,26.798,1.8428,0,75.828,0,0,2,68,68,0,68.0,121760.0
144.2,75,100,90,0.0,63.084,25.473,0.72269,100,1.0,0,0.00062754,10.843,21.183,79561,88874.0,6.5033,297.92,326.02,1.9288,7.7053,,23,,1.7689,0.18807,,,1.8435,0,,0,0,2,68,68,0,68.0,122060.0
144.4,75,100,90,0.0,62.295,7.6418,44.168,100,1.0,0,0.00062474,10.851,21.212,79606,88929.0,6.5021,297.97,345.91,1.9296,7.7008,,23,,1.7672,0.18808,,,1.8442,0,,0,0,2,68,68,0,68.0,123030.0
144.6,75,100,90,0.0,61.989,23.077,4.4168,100,1.0,0,0.00061819,10.874,21.24,79651,88984.0,6.4981,297.91,324.11,1.9303,7.6888,,23,,1.7501,0.18821,,,1.8449,0,,0,0,2,68,68,0,68.0,122830.0
144.8,75,100,90,0.0,63.295,6.923,70.308,100,1.0,0,0.00060865,10.886,21.268,79696,89040.0,6.4936,298.03,366.7,1.931,7.6763,,23,,1.7518,0.18819,,,1.8455,0,,0,0,2,68,68,0,68.0,122800.0
145.0,75,100,90,0.0,66.384,42.577,7.0308,100,1.0,0,0.00060743,10.885,21.296,79741,89096.0,6.4916,297.95,339.38,1.9316,7.6627,,23,,1.7618,0.18812,,,1.8462,0,,0,0,2,68,68,0,68.0,122600.0
145.2,75,100,90,0.0,70.255,18.073,0.70308,100,1.0,0,0.00056671,10.958,21.323,79788,89152.0,6.495,297.89,313.23,1.9323,7.6519,,23,,1.7473,0.18823,,,1.8468,0,,0,0,2,68,68,0,68.0,123220.0
145.4,75,100,90,0.0,72.74,5.4219,43.479,100,1.0,0,0.00056948,10.967,21.349,79835,89209.0,6.5006,297.93,329.78,1.9329,7.6166,,23,,1.7403,0.18828,,,1.8474,0,,0,0,2,68,68,0,68.0,122850.0
145.6,75,100,90,0.0,73.025,1.6266,0.0001,100,1.0,0,0.0005666,10.973,21.376,79881,89267.0,6.5057,297.87,308.17,1.9335,7.581,,23,,1.7353,0.18832,,,1.8479,0,,0,0,2,68,68,0,68.0,123140.0
145.8,75,100,90,0.0,71.277,0.48798,54.746,100,1.0,0,0.0005815,10.934,21.403,79928,89324.0,6.5085,297.95,337.14,1.9341,7.5438,,23,,1.7495,0.18821,,,1.8485,0,,0,0,2,68,68,0,68.0,123930.0
146.0,75,100,90,0.0,68.407,0.14639,0.0001,100,1.0,0,0.00058357,10.905,21.43,79974,89380.0,6.5083,297.9,317.04,1.9347,7.5341,,23,,1.7667,0.18808,,,1.8491,0,,0,0,2,68,68,0,68.0,124400.0
146.2,75,100,90,0.0,65.597,0.043918,55.519,100,1.0,0,0.00060134,10.858,21.458,80019,89436.0,6.5065,297.98,348.0,1.9353,7.5346,,23,,1.7841,0.18794,,,1.8497,0,,0,0,2,68,68,0,68.0,123530.0
146.4,75,100,90,0.0,63.535,24.361,5.5519,100,1.0,0,0.00060161,10.83,21.486,80064,89491.0,6.5042,297.92,325.36,1.936,7.5694,,23,,1.8046,0.18779,,,1.8503,0,,0,0,2,68,68,0,68.0,124000.0
146.6,75,100,90,0.0,62.358,7.3082,78.627,100,1.0,0,0.00059022,10.843,21.514,80109,89547.0,6.5006,298.04,374.23,1.9366,7.6199,,23,,1.8033,0.18779,,,1.8509,0,,0,0,2,68,68,0,68.0,123800.0
146.8,75,100,90,0.0,62.626,48.524,7.8627,100,1.0,0,0.00059015,10.831,21.542,80154,89602.0,6.4967,297.97,344.53,1.9372,7.6635,,23,,1.8129,0.18772,,,1.8515,0,,0,0,2,68,68,0,68.0,124430.0
147.0,75,100,90,0.0,64.48,22.622,0.78627,100,1.0,0,0.00060379,10.822,21.571,80199,89658.0,6.4932,297.9,318.04,1.9378,7.7059,,23,,1.8132,0.18772,,,1.8521,0,,0,0,2,68,68,0,68.0,124060.0
147.2,75,100,90,0.0,67.712,6.7865,44.185,100,1.0,0,0.00057504,10.881,21.599,80245,89714.0,6.4923,297.94,335.0,1.9384,7.7528,,23,,1.7943,0.18786,,,1.8527,0,,0,0,2,68,68,0,68.0,124360.0
147.4,75,100,90,0.0,71.29,2.0359,0.0001,100,1.0,0,0.00056158,10.926,21.626,80291,89771.0,6.4923,297.89,312.72,1.9389,7.7694,,23,,1.7772,0.18799,,,1.8532,0,,0,0,2,68,68,0,68.0,123990.0
147.6,75,100,90,0.0,74.905,0.61078,53.362,100,1.0,0,0.00056203,10.948,21.653,80339,89829.0,6.4936,297.95,338.73,1.9395,7.7568,,23,,1.7621,0.1881,,,1.8537,0,,0,0,2,68,68,0,68.0,124950.0
147.8,75,100,90,0.0,77.991,20.013,5.3362,100,1.0,0,0.00053906,10.997,21.679,80386,89887.0,6.4971,297.89,313.48,1.94,7.7285,,23,,1.7504,0.18819,,,1.8542,0,,0,0,2,68,68,0,68.0,124740.0
148.0,75,100,90,0.0,79.683,6.004,79.088,100,1.0,0,0.00055373,10.986,21.705,80435,89946.0,6.5003,298.01,359.68,1.9405,7.663,,23,,1.7465,0.18822,,,1.8547,0,,0,0,2,68,68,0,68.0,125200.0
148.2,75,100,90,0.0,80.08,43.557,7.9088,100,1.0,0,0.0005488,11.006,21.731,80483,90005.0,6.5042,297.92,327.78,1.941,7.5994,,23,,1.7305,0.18834,,,1.8552,0,,0,0,2,68,68,0,68.0,124820.0
148.4,75,100,90,0.0,78.929,13.067,113.41,100,1.0,0,0.00053611,11.027,21.757,80531,90063.0,6.5044,298.11,401.3,1.9415,7.5286,,23,,1.7183,0.18843,,,1.8557,0,,0,0,2,68,68,0,68.0,124770.0
148.6,75,100,90,0.0,77.7,76.477,11.341,100,1.0,0,0.00054296,11.019,21.782,80578,90122.0,6.5013,298.01,359.74,1.942,7.4517,,23,,1.7133,0.18846,,,1.8561,0,,0,0,2,68,68,0,68.0,124730.0
148.8,75,100,90,0.0,77.711,42.268,1.1341,100,1.0,0,0.00052018,11.06,21.807,80626,90180.0,6.5012,297.91,320.37,1.9424,7.3841,,23,,1.6965,0.18859,,,1.8566,0,,0,0,2,68,68,0,68.0,125180.0
149.0,75,100,90,0.0,77.729,12.68,64.873,100,1.0,0,0.00052727,11.065,21.832,80674,90238.0,6.4999,297.98,350.0,1.9429,7.2959,,23,,1.6812,0.18871,,,1.857,0,,0,0,2,68,68,0,68.0,126300.0
149.2,75,100,90,0.0,78.308,36.296,6.4873,100,1.0,0,0.00050202,11.103,21.856,80722,90297.0,6.5003,297.9,316.43,1.9433,7.2182,,23,,1.6737,0.18876,,,1.8574,0,,0,0,2,68,68,0,68.0,125410.0
149.4,75,100,90,0.0,78.705,10.889,102.4,100,1.0,0,0.00051706,11.083,21.881,80769,90355.0,6.4986,298.06,379.56,1.9437,7.1248,,23,,1.6787,0.18872,,,1.8578,0,,0,0,2,68,68,0,68.0,126030.0
149.6,75,100,90,0.0,79.781,63.784,10.24,100,1.0,0,0.00051531,11.087,21.905,80817,90414.0,6.4969,297.95,337.37,1.9442,7.0512,,23,,1.6826,0.18869,,,1.8582,0,,0,0,2,68,68,0,68.0,125470.0
149.8,75,100,90,0.0,81.549,19.135,147.28,100,1.0,0,0.00053151,11.054,21.929,80866,90473.0,6.4954,298.21,436.73,1.9446,6.9929,,23,,1.7041,0.18853,,,1.8586,0,,0,0,2,68,68,0,68.0,125250.0
150.0,75,100,90,0.0,83.89,106.37,14.728,100,1.0,0,0.00050473,11.12,21.952,80915,90532.0,6.4956,298.06,378.5,1.945,6.9655,,23,,1.6794,0.18872,,,1.859,0,,0,0,2,68,68,0,68.0,126030.0
150.2,75,100,90,0.0,86.154,60.42,1.4728,0,0.9,-4000,0.00049965,9.8854,21.98,80247,89772.0,6.5256,297.95,337.02,1.9344,6.9272,,23,,1.7539,0.18817,,,1.8488,0,,0,0,2,68,68,0,68.0,126660.0
150.4,75,100,90,0.0,76.341,18.126,65.487,0,0.9,-4000,0.00048359,9.863,22.008,79578,89010.0,6.5509,298.04,372.44,1.9186,7.0167,,23,,1.7589,0.18817,,,1.8336,0,,0,0,2,68,68,0,68.0,126620.0
150.6,75,100,90,0.51814,38.17,48.835,6.5487,0,0.9,-4000,0.00051805,9.629,22.039,78902,88240.0,6.55,297.97,345.02,1.9024,7.1204,,23,,1.8126,0.18779,,,1.8181,0,,0,0,2,68,68,0,68.0,126770.0
150.8,75,100,90,0.0,18.779,24.792,0.65487,0,0.9,-4000,0.00054203,9.5033,22.072,78222,87467.0,6.5354,297.92,326.04,1.8863,7.3091,,23,,1.8219,0.18775,,,1.8026,0,,0,0,2,68,68,0,68.0,126760.0
151.0,75,100,90,0.0,5.1695,7.4375,38.272,0,0.9,-4000,0.00056982,9.3979,22.107,77539,86691.0,6.5127,297.99,351.46,1.8703,7.559,,23,,1.8321,0.1877,,,1.7872,0,,0,0,2,68,68,0,68.0,126590.0
151.2,75,100,90,0.0,0.63175,28.198,3.8272,0,0.9,-4000,0.00059956,9.3566,22.142,76855,85914.0,6.4879,297.95,337.03,1.8542,7.8421,,23,,1.8017,0.18796,,,1.7717,0,,0,0,2,68,68,0,68.0,127260.0
151.4,75,100,90,0.0,5.9884,8.4594,67.468,0,0.9,-4000,0.00062267,9.3636,22.178,76172,85139.0,6.4673,298.09,389.28,1.8382,8.1469,,23,,1.7703,0.18823,,,1.7563,0,,0,0,2,68,68,0,68.0,126260.0
151.6,75,100,90,0.0,19.59,55.837,6.7468,0,0.9,-4000,0.0005902,9.4795,22.212,75493,84366.0,6.4548,298.02,362.25,1.8221,8.4226,,23,,1.7137,0.18869,,,1.7409,0,,0,0,2,68,68,0,68.0,127420.0
151.8,75,100,90,0.0,38.158,32.513,0.67468,0,0.9,-4000,0.000591,9.574,22.245,74817,83597.0,6.4544,297.95,338.8,1.806,8.6033,,23,,1.661,0.18912,,,1.7255,0,,0,0,2,68,68,0,68.0,127410.0
152.0,75,100,90,0.0,56.868,11.214,0.067468,0,0.9,-4000,0.00061131,9.6427,22.278,74145,82831.0,6.4631,297.91,323.01,1.79,8.7014,,23,,1.6169,0.18949,,,1.71,0,,0,0,2,68,68,0,68.0,127570.0
152.2,75,100,90,0.0,72.129,3.3641,27.028,0,0.9,0,0.00061401,9.6901,22.31,74173,82869.0,6.4554,297.94,333.75,1.7853,8.7186,,23,,1.6091,0.18955,,,1.7056,0,,0,0,2,68,68,0,68.0,127380.0
152.4,75,100,90,0.0,90.535,1.0092,0.0001,0,0.9,0,0.00062475,9.7622,22.341,74204,82911.0,6.4562,297.9,319.59,1.7855,8.6692,,23,,1.5804,0.18977,,,1.7057,0,,0,0,2,68,68,0,68.0,127870.0
152.6,75,100,90,0.0,108.56,0.30277,41.205,0,0.9,0,0.00065473,9.8136,22.373,74238,82956.0,6.4649,297.96,341.9,1.7859,8.5609,,23,,1.5538,0.18997,,,1.7062,0,,0,0,2,68,68,0,68.0,127850.0
152.8,75,100,90,0.0,123.1,18.303,4.1205,0,0.9,0,0.00064179,9.8991,22.403,74276,83004.0,6.4805,297.9,321.56,1.7864,8.4153,,23,,1.5254,0.19018,,,1.7066,0,,0,0,2,68,68,0,68.0,127490.0
153.0,75,100,90,0.0,131.4,5.4908,70.677,0,0.9,0,0.00063657,9.9378,22.433,74315,83054.0,6.4976,298.02,365.38,1.7868,8.2299,,23,,1.516,0.19025,,,1.707,0,,0,0,2,68,68,0,68.0,128460.0
153.2,75,100,90,0.0,132.86,44.604,7.0677,0,0.9,0,0.00066183,9.91,22.463,74355,83104.0,6.5133,297.94,336.33,1.7873,8.0151,,23,,1.5173,0.19024,,,1.7075,0,,0,0,2,68,68,0,68.0,128940.0
153.4,75,100,90,0.0,128.06,13.381,111.04,0,0.9,0,0.00066168,9.8781,22.494,74393,83153.0,6.5271,298.16,413.48,1.7877,7.8197,,23,,1.5251,0.19018,,,1.7079,0,,0,0,2,68,68,0,68.0,129250.0
153.6,75,100,90,0.0,117.75,86.365,11.104,0,0.9,0,0.00064375,9.8352,22.525,74429,83200.0,6.5353,298.04,370.95,1.7882,7.6555,,23,,1.5424,0.19005,,,1.7083,0,,0,0,2,68,68,0,68.0,129400.0
153.8,75,100,90,0.0,104.17,49.666,1.1104,0,0.9,0,0.00067081,9.7168,22.558,74463,83245.0,6.5384,297.95,337.73,1.7886,7.5278,,23,,1.5807,0.18976,,,1.7087,0,,0,0,2,68,68,0,68.0,128720.0
154.0,75,100,90,0.0,89.344,14.9,58.295,0,0.9,0,0.00065655,9.6604,22.592,74493,83286.0,6.5349,298.04,371.02,1.789,7.4785,,23,,1.5948,0.18965,,,1.7091,0,,0,0,2,68,68,0,68.0,128880.0
154.2,75,100,90,0.0,75.931,45.717,5.8295,0,0.9,0,0.00064694,9.6059,22.626,74521,83324.0,6.528,297.97,344.94,1.7895,7.4797,,23,,1.6039,0.18958,,,1.7095,0,,0,0,2,68,68,0,68.0,129040.0
154.4,75,100,90,0.0,65.245,21.406,0.58295,0,0.9,0,0.00067373,9.5253,22.662,74547,83360.0,6.5142,297.91,326.01,1.7899,7.5261,,23,,1.6158,0.18949,,,1.7099,0,,0,0,2,68,68,0,68.0,129050.0
154.6,75,100,90,0.0,60.089,6.4217,36.112,0,0.9,0,0.00067729,9.4921,22.698,74572,83396.0,6.4969,297.97,346.26,1.7903,7.6332,,23,,1.6252,0.18942,,,1.7104,0,,0,0,2,68,68,0,68.0,130550.0
154.8,75,100,90,0.0,61.861,23.117,3.6112,0,0.9,0,0.00067822,9.5123,22.734,74597,83431.0,6.4814,297.93,330.57,1.7907,7.7761,,23,,1.6089,0.18954,,,1.7108,0,,0,0,2,68,68,0,68.0,130050.0
155.0,75,100,90,0.0,69.825,6.9351,64.878,0,0.9,0,0.00070266,9.5306,22.77,74624,83469.0,6.4701,298.05,375.94,1.7912,7.9294,,23,,1.5845,0.18973,,,1.7112,0,,0,0,2,68,68,0,68.0,130890.0
155.2,75,100,90,0.0,82.284,48.199,6.4878,0,0.9,0,0.00071406,9.5805,22.806,74653,83509.0,6.4629,297.99,351.32,1.7916,8.1032,,23,,1.5629,0.18989,,,1.7116,0,,0,0,2,68,68,0,68.0,130400.0
155.4,75,100,90,0.0,97.648,25.592,0.64878,0,0.9,0,0.00071624,9.6422,22.841,74686,83551.0,6.4614,297.92,329.23,1.7921,8.2645,,23,,1.5496,0.18999,,,1.7121,0,,0,0,2,68,68,0,68.0,130060.0
155.6,75,100,90,0.0,113.6,7.6777,42.132,0,0.9,0,0.00074887,9.6696,22.876,74721,83598.0,6.4647,297.98,350.52,1.7925,8.3912,,23,,1.5443,0.19003,,,1.7125,0,,0,0,2,68,68,0,68.0,130730.0
155.8,75,100,90,0.0,128.24,25.746,4.2132,0,0.9,0,0.00077815,9.6969,22.911,74760,83647.0,6.4706,297.93,330.27,1.793,8.5031,,23,,1.5378,0.19008,,,1.713,0,,0,0,2,68,68,0,68.0,130560.0
156.0,75,100,90,0.0,140.53,7.7237,72.138,0,0.9,0,0.00076967,9.7487,22.946,74801,83699.0,6.4797,298.05,376.05,1.7935,8.5996,1197.0,23,1709.1,1.5399,0.19006,22.806,26.748,1.7134,0,85.41,0,0,2,68,68,0,68.0,130890.0
156.2,75,100,90,0.0,149.14,49.349,7.2138,0,0.9,0,0.00080491,9.7363,22.981,74844,83752.0,6.4878,297.97,346.8,1.794,8.6633,,23,,1.5482,0.19,,,1.7139,0,,0,0,2,68,68,0,68.0,130730.0
156.4,75,100,90,0.0,154.55,22.359,0.72138,0,0.9,0,0.00083024,9.7419,23.017,74887,83807.0,6.4955,297.91,322.47,1.7945,8.73,,23,,1.5324,0.19012,,,1.7144,0,,0,0,2,68,68,0,68.0,131890.0
156.6,75,100,90,0.0,156.86,6.7076,41.276,0,0.9,0,0.00084669,9.7359,23.053,74932,83862.0,6.4989,297.96,341.0,1.7951,8.7842,,23,,1.5247,0.19017,,,1.7149,0,,0,0,2,68,68,0,68.0,131570.0
156.8,75,100,90,0.0,157.83,21.414,4.1276,0,0.9,0,0.00084813,9.7361,23.088,74976,83917.0,6.4989,297.9,319.86,1.7956,8.8349,,23,,1.5262,0.19016,,,1.7155,0,,0,0,2,68,68,0,68.0,131070.0
157.0,75,100,90,0.0,158.82,6.4242,72.292,0,0.9,0,0.0008587,9.7398,23.124,75021,83972.0,6.4932,298.03,366.15,1.7962,8.8561,,23,,1.514,0.19025,,,1.716,0,,0,0,2,68,68,0,68.0,132240.0
157.2,75,100,90,0.0,162.09,47.335,7.2292,0,0.9,0,0.00088797,9.7197,23.161,75066,84029.0,6.4892,297.95,337.91,1.7967,8.8665,,23,,1.5082,0.19029,,,1.7165,0,,0,0,2,68,68,0,68.0,132250.0
157.4,75,100,90,0.0,166.91,14.2,113.3,0,0.9,0,0.00086835,9.7639,23.197,75113,84086.0,6.4856,298.17,416.79,1.7973,8.8888,,23,,1.4994,0.19036,,,1.7171,0,,0,0,2,68,68,0,68.0,131750.0
157.6,75,100,90,0.0,173.19,88.233,11.33,0,0.9,0,0.00084572,9.8242,23.232,75160,84144.0,6.4887,298.04,370.97,1.7978,8.8669,,23,,1.4811,0.1905,,,1.7176,0,,0,0,2,68,68,0,68.0,131580.0
157.8,75,100,90,0.0,178.19,49.076,1.133,0,0.9,0,0.00087641,9.7896,23.267,75209,84203.0,6.4844,297.93,332.49,1.7983,8.7968,,23,,1.504,0.19032,,,1.7181,0,,0,0,2,68,68,0,68.0,132580.0
158.0,75,100,90,0.0,184.96,14.723,62.65,0,0.9,0,0.00086254,9.8378,23.302,75259,84264.0,6.4787,298.02,363.2,1.7989,8.7398,,23,,1.4926,0.19041,,,1.7186,0,,0,0,2,68,68,0,68.0,131750.0
158.2,75,100,90,0.0,193.99,42.313,6.265,0,0.9,0,0.00086039,9.8888,23.336,75310,84326.0,6.4729,297.93,329.67,1.7994,8.6546,,23,,1.4753,0.19054,,,1.7191,0,,0,0,2,68,68,0,68.0,133570.0
158.4,75,100,90,0.0,205.36,12.694,106.22,0,0.9,0,0.00085788,9.9321,23.369,75364,84391.0,6.4681,298.11,398.21,1.7999,8.5492,,23,,1.4744,0.19054,,,1.7196,0,,0,0,2,68,68,0,68.0,133730.0
158.6,75,100,90,0.0,218.61,75.884,10.622,0,0.9,0,0.00081818,10.025,23.399,75421,84458.0,6.4677,297.99,352.19,1.8004,8.4313,,23,,1.4638,0.19062,,,1.72,0,,0,0,2,68,68,0,68.0,133880.0
158.8,75,100,90,0.0,225.0,34.961,1.0622,0,0.9,0,0.00080814,10.069,23.43,75479,84526.0,6.4739,297.88,314.34,1.8008,8.2552,,23,,1.4473,0.19074,,,1.7204,0,,0,0,2,68,68,0,68.0,133850.0
159.0,75,100,90,0.0,225.0,10.488,57.816,0,0.9,0,0.00084276,10.018,23.462,75536,84594.0,6.4772,297.95,338.16,1.8013,8.0842,,23,,1.4645,0.19061,,,1.7209,0,,0,0,2,68,68,0,68.0,132840.0
159.2,75,100,90,0.0,225.0,3.1465,0.0001,0,0.9,0,0.00087034,9.9704,23.494,75594,84662.0,6.4814,297.88,313.26,1.8018,7.9601,,23,,1.4919,0.19041,,,1.7213,0,,0,0,2,68,68,0,68.0,132820.0
159.4,75,100,90,0.0,225.0,0.94394,64.004,0,0.9,0,0.00086312,9.9812,23.527,75652,84730.0,6.4849,297.97,346.82,1.8022,7.8866,,23,,1.4859,0.19045,,,1.7218,0,,0,0,2,68,68,0,68.0,132980.0
159.6,75,100,90,0.0,225.0,28.83,6.4004,0,0.9,0,0.00091729,9.9179,23.561,75710,84799.0,6.4876,297.89,317.74,1.8027,7.8381,,23,,1.4997,0.19035,,,1.7223,0,,0,0,2,68,68,0,68.0,133970.0
159.8,75,100,90,0.0,225.0,8.6491,97.308,0,0.9,0,0.00091933,9.9284,23.595,75767,84867.0,6.4972,298.06,379.14,1.8032,7.863,,23,,1.4875,0.19044,,,1.7228,0,,0,0,2,68,68,0,68.0,133300.0
160.0,75,100,90,0.0,225.0,63.406,9.7308,0,0.9,0,0.00088258,9.9785,23.628,75825,84935.0,6.5097,297.95,338.11,1.8037,7.9089,,23,,1.4665,0.19059,,,1.7232,0,,0,0,2,68,68,0,68.0,134120.0
160.2,75,100,80,0.0,221.64,19.022,149.54,400,0.9,0,0.00068056,12.114,23.63,75960,85080.0,6.5244,298.22,437.02,1.8041,7.9366,,23,,0.95699,0.19441,,,1.7236,0,,0,0,2,68,68,0,68.0,133960.0
160.4,75,100,80,0.0,212.41,111.46,14.954,400,0.9,0,0.00069811,12.069,23.632,76093,85223.0,6.5396,298.05,375.6,1.8044,7.1517,,23,,0.91912,0.19469,,,1.7239,0,,0,0,2,68,68,0,68.0,134480.0
160.6,75,100,80,0.0,197.07,59.711,1.4954,400,0.9,0,0.00071145,12.004,23.636,76223,85362.0,6.5505,297.91,325.43,1.8047,6.3272,,23,,0.92773,0.19463,,,1.7242,0,,0,0,2,68,68,0,68.0,134160.0
160.8,75,100,80,0.51928,98.535,17.913,75.807,400,0.9,0,0.0006957,11.555,23.646,76333,85482.0,6.5318,298.01,359.13,1.805,5.5303,,23,,1.0421,0.19378,,,1.7244,0,,0,0,2,68,68,0,68.0,133710.0
161.0,75,100,80,0.0,86.434,47.456,7.5807,400,0.9,0,0.00068985,11.525,23.656,76440,85599.0,6.5104,297.9,318.41,1.8052,4.9326,,23,,1.0508,0.19371,,,1.7247,0,,0,0,2,68,68,0,68.0,133760.0
161.2,75,100,80,0.0,82.787,14.237,124.5,400,0.9,0,0.00067486,11.527,23.666,76546,85715.0,6.4868,298.11,396.72,1.8055,4.451,,23,,1.0623,0.19362,,,1.7249,0,,0,0,2,68,68,0,68.0,133810.0
161.4,75,100,80,0.0,88.582,84.632,12.45,400,0.9,0,0.00069595,11.549,23.676,76654,85832.0,6.4645,297.96,340.69,1.8058,4.0811,,23,,1.06,0.19364,,,1.7252,0,,0,0,2,68,68,0,68.0,134860.0
161.6,75,100,80,0.0,103.32,34.634,1.245,400,0.9,0,0.0007102,11.621,23.686,76764,85952.0,6.4542,297.84,298.44,1.806,3.828,,23,,1.0429,0.19377,,,1.7254,0,,0,0,2,68,68,0,68.0,133900.0
161.8,75,100,80,0.0,122.11,10.39,62.53,400,0.9,0,0.00074717,11.672,23.696,76879,86076.0,6.4488,297.91,323.2,1.8063,3.6779,,23,,1.0446,0.19375,,,1.7257,0,,0,0,2,68,68,0,68.0,134950.0
162.0,75,100,80,0.0,143.12,3.117,0.0001,400,0.9,0,0.0007213,11.821,23.703,76997,86204.0,6.4433,297.83,294.54,1.8066,3.6277,,23,,1.0032,0.19406,,,1.726,0,,0,0,2,68,68,0,68.0,133650.0
162.2,75,100,80,0.0,166.33,0.93511,76.768,400,0.9,0,0.00073448,11.931,23.71,77120,86337.0,6.4452,297.94,336.13,1.8069,3.6202,,23,,0.9734,0.19429,,,1.7263,0,,0,0,2,68,68,0,68.0,134180.0
162.4,75,100,80,0.0,188.73,0.28053,0.0001,400,0.9,0,0.00074022,12.043,23.715,77248,86474.0,6.4577,297.87,308.6,1.8071,3.6609,,23,,0.94768,0.19448,,,1.7265,0,,0,0,2,68,68,0,68.0,135040.0
162.6,75,100,80,0.0,206.13,0.084159,76.633,400,0.9,0,0.00077833,12.088,23.72,77379,86615.0,6.4781,297.98,350.22,1.8074,3.7219,,23,,0.94467,0.1945,,,1.7268,0,,0,0,2,68,68,0,68.0,134070.0
162.8,75,100,80,0.0,215.38,34.396,7.6633,400,0.9,0,0.00079954,12.126,23.726,77511,86757.0,6.4999,297.89,315.38,1.8077,3.8307,,23,,0.93279,0.19459,,,1.7271,0,,0,0,2,68,68,0,68.0,135100.0
163.0,75,100,80,0.0,215.93,10.319,112.82,400,0.9,0,0.00082322,12.092,23.733,77644,86900.0,6.5189,298.07,385.0,1.8081,3.978,,23,,0.96177,0.19437,,,1.7274,0,,0,0,2,68,68,0,68.0,134630.0
163.2,75,100,80,0.0,208.88,71.241,11.282,400,0.9,0,0.00082315,12.078,23.74,77776,87042.0,6.536,297.95,338.15,1.8084,4.1724,,23,,0.96573,0.19434,,,1.7277,0,,0,0,2,68,68,0,68.0,133830.0
163.4,75,100,80,0.0,195.0,21.372,165.64,400,0.9,0,0.00079916,12.052,23.747,77905,87180.0,6.5481,298.25,450.61,1.8087,4.3857,,23,,0.98126,0.19422,,,1.728,0,,0,0,2,68,68,0,68.0,134030.0
163.6,75,100,80,0.0,176.29,124.12,16.564,400,0.9,0,0.00080345,11.96,23.755,78030,87315.0,6.5557,298.09,390.13,1.809,4.5984,,23,,1.0218,0.19392,,,1.7283,0,,0,0,2,68,68,0,68.0,133570.0
163.8,75,100,80,0.51954,88.146,75.567,1.6564,400,0.9,0,0.00078404,11.577,23.768,78137,87432.0,6.5353,297.95,337.34,1.8093,4.8294,,23,,1.1306,0.19311,,,1.7286,0,,0,0,2,68,68,0,68.0,134300.0
164.0,75,100,80,0.0,74.636,22.67,87.798,400,0.9,0,0.00078917,11.518,23.783,78242,87547.0,6.5142,298.06,381.13,1.8096,5.1727,,23,,1.1616,0.19287,,,1.7289,0,,0,0,2,68,68,0,68.0,134540.0
164.2,75,100,80,0.0,69.48,61.973,8.7798,400,0.9,0,0.00079147,11.505,23.797,78346,87660.0,6.4882,297.96,340.01,1.8098,5.5293,,23,,1.1722,0.19279,,,1.7291,0,,0,0,2,68,68,0,68.0,135270.0
164.4,75,100,80,0.0,74.727,25.825,0.87798,400,0.9,0,0.00081698,11.521,23.812,78451,87775.0,6.4617,297.86,303.75,1.8101,5.8601,,23,,1.1694,0.19281,,,1.7294,0,,0,0,2,68,68,0,68.0,134510.0
164.6,75,100,80,0.0,90.571,7.7475,55.566,400,0.9,0,0.00080039,11.623,23.826,78559,87893.0,6.4412,297.91,323.37,1.8104,6.1582,,23,,1.1487,0.19297,,,1.7297,0,,0,0,2,68,68,0,68.0,135580.0
164.8,75,100,80,0.0,114.59,2.3243,0.0001,400,0.9,0,0.00077208,11.793,23.836,78672,88016.0,6.4335,297.84,294.83,1.8107,6.3677,,23,,1.0992,0.19334,,,1.7299,0,,0,0,2,68,68,0,68.0,135630.0
165.0,75,100,80,0.0,141.68,0.69728,70.869,400,0.9,0,0.00075538,11.955,23.845,78791,88144.0,6.4339,297.93,330.92,1.8109,6.4403,,23,,1.0512,0.1937,,,1.7302,0,,0,0,2,68,68,0,68.0,134840.0
165.2,75,100,80,0.0,168.6,0.20918,0.0001,400,0.9,0,0.00077683,12.079,23.852,78915,88277.0,6.444,297.86,303.1,1.8112,6.39,,23,,1.0144,0.19397,,,1.7304,0,,0,0,2,68,68,0,68.0,135210.0
165.4,75,100,80,0.0,191.48,0.062755,74.58,400,0.9,0,0.0008074,12.148,23.859,79043,88415.0,6.4607,297.96,342.59,1.8114,6.2428,,23,,1.0104,0.194,,,1.7306,0,,0,0,2,68,68,0,68.0,135070.0
165.6,75,100,80,0.0,207.7,31.164,7.458,400,0.9,0,0.00077931,12.266,23.863,79175,88556.0,6.4776,297.88,310.81,1.8117,6.0456,,23,,0.9845,0.19419,,,1.7309,0,,0,0,2,68,68,0,68.0,134090.0
165.8,75,100,80,0.0,217.19,9.3491,106.66,400,0.9,0,0.00079746,12.311,23.867,79308,88699.0,6.4955,298.05,375.62,1.8119,5.7594,,23,,0.97199,0.19429,,,1.7311,0,,0,0,2,68,68,0,68.0,135450.0
166.0,75,100,80,0.0,219.53,64.12,10.666,400,0.9,0,0.00077835,12.354,23.871,79442,88842.0,6.5133,297.94,334.01,1.8121,5.448,,23,,0.96504,0.19434,,,1.7313,0,,0,0,2,68,68,0,68.0,134800.0
166.2,75,100,80,0.0,214.74,19.236,151.58,400,0.9,0,0.0007946,12.339,23.875,79574,88984.0,6.5308,298.2,435.22,1.8124,5.114,,23,,0.96552,0.19433,,,1.7315,0,,0,0,2,68,68,0,68.0,135320.0
166.4,75,100,80,0.0,202.95,109.15,15.158,400,0.9,0,0.00074926,12.343,23.879,79705,89124.0,6.545,298.07,383.93,1.8126,4.8148,,23,,0.96946,0.1943,,,1.7317,0,,0,0,2,68,68,0,68.0,135340.0
166.6,75,100,80,0.0,185.49,68.583,1.5158,400,0.9,0,0.00075427,12.281,23.883,79831,89260.0,6.5559,297.94,334.51,1.8128,4.5299,,23,,0.98042,0.19422,,,1.7319,0,,0,0,2,68,68,0,68.0,134860.0
166.8,75,100,80,0.51922,92.743,20.575,85.562,400,0.9,0,0.00074287,11.917,23.894,79940,89377.0,6.5385,298.05,376.34,1.8129,4.319,,23,,1.0595,0.19363,,,1.7321,0,,0,0,2,68,68,0,68.0,135910.0
167.0,75,100,80,0.0,77.971,56.93,8.5562,400,0.9,0,0.00075978,11.837,23.905,80045,89491.0,6.5147,297.94,335.41,1.8131,4.2981,,23,,1.0999,0.19333,,,1.7323,0,,0,0,2,68,68,0,68.0,134460.0
167.2,75,100,80,0.0,72.634,17.079,127.43,400,0.9,0,0.00074772,11.844,23.916,80149,89605.0,6.4943,298.15,415.46,1.8133,4.3813,,23,,1.1058,0.19328,,,1.7324,0,,0,0,2,68,68,0,68.0,134680.0
167.4,75,100,80,0.0,75.438,87.514,12.743,400,0.9,0,0.00077344,11.854,23.927,80254,89719.0,6.4769,298.02,366.07,1.8135,4.5173,,23,,1.1031,0.1933,,,1.7326,0,,0,0,2,68,68,0,68.0,135740.0
167.6,75,100,80,0.0,85.196,47.417,1.2743,400,0.9,0,0.0007786,11.922,23.938,80360,89834.0,6.4658,297.91,321.66,1.8136,4.7069,,23,,1.0755,0.19351,,,1.7328,0,,0,0,2,68,68,0,68.0,135290.0
167.8,75,100,80,0.0,99.387,14.225,68.249,400,0.9,0,0.00078653,11.979,23.949,80470,89953.0,6.4584,297.98,349.97,1.8138,4.9151,,23,,1.0688,0.19356,,,1.7329,0,,0,0,2,68,68,0,68.0,135340.0
168.0,75,100,80,0.0,116.52,36.921,6.8249,400,0.9,0,0.0007722,12.088,23.958,80583,90075.0,6.459,297.89,314.61,1.814,5.1243,1200.8,23,1689.2,1.041,0.19377,23.916,25.542,1.7331,0,82.486,0,0,2,68,68,0,68.0,135390.0
168.2,75,100,80,0.0,133.4,11.076,104.63,400,0.9,0,0.0007689,12.17,23.965,80699,90201.0,6.465,298.05,376.73,1.8142,5.2902,,23,,1.0303,0.19385,,,1.7333,0,,0,0,2,68,68,0,68.0,135760.0
168.4,75,100,80,0.0,147.89,62.958,10.463,400,0.9,0,0.00078548,12.221,23.972,80819,90330.0,6.4756,297.94,335.53,1.8143,5.399,,23,,1.0266,0.19387,,,1.7334,0,,0,0,2,68,68,0,68.0,136460.0
168.6,75,100,80,0.0,158.18,18.887,146.05,400,0.9,0,0.00081849,12.254,23.979,80940,90460.0,6.4882,298.19,431.72,1.8145,5.4727,,23,,1.0171,0.19394,,,1.7336,0,,0,0,2,68,68,0,68.0,136660.0
168.8,75,100,80,0.0,163.42,102.99,14.605,400,0.9,0,0.00082583,12.263,23.987,81062,90592.0,6.5032,298.05,377.89,1.8147,5.5351,,23,,1.0343,0.19382,,,1.7338,0,,0,0,2,68,68,0,68.0,135360.0
169.0,75,100,80,0.0,162.65,60.609,1.4605,400,0.9,0,0.00081694,12.273,23.994,81185,90723.0,6.5182,297.93,328.93,1.8149,5.5762,,23,,1.0452,0.19373,,,1.734,0,,0,0,2,68,68,0,68.0,135400.0
169.2,75,100,80,0.0,155.91,18.183,78.139,400,0.9,0,0.00080946,12.261,24.002,81306,90853.0,6.5295,298.02,364.25,1.815,5.5875,,23,,1.056,0.19365,,,1.7341,0,,0,0,2,68,68,0,68.0,135600.0
169.4,75,100,80,0.0,144.65,47.639,7.8139,400,0.9,0,0.00082844,12.201,24.011,81424,90981.0,6.537,297.92,324.09,1.8152,5.5823,,23,,1.0806,0.19347,,,1.7343,0,,0,0,2,68,68,0,68.0,136140.0
169.6,75,100,80,0.0,130.37,14.292,117.97,400,0.9,0,0.0008422,12.155,24.021,81540,91106.0,6.5421,298.1,396.32,1.8154,5.5983,,23,,1.0908,0.19339,,,1.7344,0,,0,0,2,68,68,0,68.0,135690.0
169.8,75,100,80,0.0,114.04,75.565,11.797,400,0.9,0,0.00083662,12.092,24.032,81652,91228.0,6.5426,297.98,349.21,1.8156,5.63,,23,,1.1191,0.19318,,,1.7346,0,,0,0,2,68,68,0,68.0,136910.0
170.0,75,100,80,0.0,97.527,36.471,1.1797,400,0.9,0,0.00087189,11.994,24.045,81762,91347.0,6.5399,297.87,307.27,1.8157,5.6795,,23,,1.1589,0.19288,,,1.7348,0,,0,0,2,68,68,0,68.0,135640.0
170.2,75,100,80,0.0,82.084,10.941,63.863,150,0.9,-4000,0.00089039,10.873,24.073,81122,90612.0,6.566,297.94,334.58,1.8058,5.7756,,23,,1.4488,0.19072,,,1.7253,0,,0,0,2,68,68,0,68.0,135440.0
170.4,75,100,80,0.51639,41.042,3.2824,0.0001,150,0.9,-4000,0.00090399,10.707,24.104,80474,89870.0,6.5669,297.88,309.64,1.7911,6.2762,,23,,1.5025,0.19035,,,1.7112,0,,0,0,2,68,68,0,68.0,135760.0
170.6,75,100,80,1.0375,20.521,0.98473,64.283,150,0.9,-4000,0.00091706,10.627,24.137,79822,89123.0,6.5512,297.97,345.76,1.7762,6.8701,,23,,1.5062,0.19035,,,1.6968,0,,0,0,2,68,68,0,68.0,137420.0
170.8,75,100,80,1.5595,10.261,29.289,6.4283,150,0.9,-4000,0.00092571,10.583,24.17,79169,88375.0,6.5287,297.9,319.44,1.7612,7.5012,,23,,1.5073,0.19037,,,1.6824,0,,0,0,2,68,68,0,68.0,137080.0
171.0,75,100,80,0.0,0.0,8.7868,92.719,150,0.9,-4000,0.00095973,10.501,24.205,78513,87625.0,6.5011,298.07,380.6,1.7462,8.1134,,23,,1.5188,0.19031,,,1.668,0,,0,0,2,68,68,0,68.0,137080.0
171.2,75,100,80,0.0,0.087453,61.41,9.2719,150,0.9,-4000,0.00096738,10.501,24.239,77858,86875.0,6.4756,297.97,345.73,1.7313,8.7077,,23,,1.5091,0.19041,,,1.6536,0,,0,0,2,68,68,0,68.0,137410.0
171.4,75,100,80,0.0,10.362,30.602,0.92719,150,0.9,-4000,0.00099182,10.539,24.274,77205,86127.0,6.4574,297.89,314.89,1.7163,9.2136,,23,,1.4794,0.19067,,,1.6393,0,,0,0,2,68,68,0,68.0,136740.0
171.6,75,100,80,0.0,27.913,9.1807,54.352,150,0.9,-4000,0.0010297,10.598,24.308,76555,85382.0,6.4495,297.96,339.78,1.7014,9.6042,,23,,1.4387,0.191,,,1.625,0,,0,0,2,68,68,0,68.0,136910.0
171.8,75,100,80,0.0,48.593,28.905,5.4352,150,0.9,-4000,0.0010368,10.7,24.341,75910,84642.0,6.4523,297.88,310.71,1.6865,9.8762,,23,,1.3888,0.19141,,,1.6107,0,,0,0,2,68,68,0,68.0,138400.0
172.0,75,100,80,0.0,68.174,8.6716,94.089,150,0.9,-4000,0.0010529,10.794,24.373,75269,83906.0,6.4664,298.03,367.44,1.6716,9.9929,,23,,1.3438,0.19177,,,1.5964,0,,0,0,2,68,68,0,68.0,137550.0
172.2,75,100,80,0.0,82.078,58.575,9.4089,150,0.9,0,0.0010431,10.87,24.405,75326,83973.0,6.4604,297.92,327.94,1.6672,9.9516,,23,,1.3094,0.19204,,,1.5921,0,,0,0,2,68,68,0,68.0,137200.0
172.4,75,100,80,0.0,98.492,17.572,145.49,150,0.9,0,0.0010536,10.923,24.435,75387,84043.0,6.4657,298.2,426.6,1.6672,9.7824,,23,,1.3029,0.19209,,,1.5921,0,,0,0,2,68,68,0,68.0,137350.0
172.6,75,100,80,0.0,112.69,109.56,14.549,150,0.9,0,0.00103,11.018,24.464,75451,84116.0,6.4778,298.04,371.02,1.6674,9.5218,,23,,1.2749,0.1923,,,1.5924,0,,0,0,2,68,68,0,68.0,138820.0
172.8,75,100,80,0.0,122.08,61.984,1.4549,150,0.9,0,0.0010619,11.038,24.492,75516,84190.0,6.4926,297.91,323.31,1.6677,9.1586,,23,,1.2675,0.19236,,,1.5926,0,,0,0,2,68,68,0,68.0,137950.0
173.0,75,100,80,0.0,125.57,18.595,80.684,150,0.9,0,0.0010697,11.03,24.521,75582,84265.0,6.5089,298.02,363.51,1.668,8.7673,,23,,1.2857,0.19222,,,1.5929,0,,0,0,2,68,68,0,68.0,138420.0
173.2,75,100,80,0.0,122.52,54.478,8.0684,150,0.9,0,0.0011228,10.974,24.551,75647,84340.0,6.5229,297.91,323.46,1.6683,8.3727,,23,,1.3023,0.19209,,,1.5932,0,,0,0,2,68,68,0,68.0,139070.0
173.4,75,100,80,0.0,113.88,16.344,132.71,150,0.9,0,0.0011476,10.926,24.582,75711,84413.0,6.5321,298.15,411.33,1.6686,8.048,,23,,1.3128,0.19201,,,1.5935,0,,0,0,2,68,68,0,68.0,138550.0
173.6,75,100,80,0.0,101.59,97.247,13.271,150,0.9,0,0.0011446,10.868,24.614,75772,84483.0,6.5313,298.01,358.91,1.6689,7.7965,,23,,1.3281,0.1919,,,1.5938,0,,0,0,2,68,68,0,68.0,139700.0
173.8,75,100,80,0.0,89.629,51.526,1.3271,150,0.9,0,0.0011378,10.841,24.646,75830,84551.0,6.5246,297.89,315.08,1.6693,7.6276,,23,,1.3227,0.19194,,,1.5941,0,,0,0,2,68,68,0,68.0,139360.0
174.0,75,100,80,0.0,80.33,15.458,73.654,150,0.9,0,0.0011589,10.775,24.68,75887,84617.0,6.5147,297.99,351.88,1.6696,7.5311,,23,,1.342,0.19179,,,1.5944,0,,0,0,2,68,68,0,68.0,139520.0
174.2,75,100,80,0.0,74.978,47.058,7.3654,150,0.9,0,0.001134,10.771,24.713,75943,84682.0,6.5045,297.89,315.75,1.6699,7.5307,,23,,1.3474,0.19175,,,1.5948,0,,0,0,2,68,68,0,68.0,139510.0
174.4,75,100,80,0.0,73.705,14.117,123.66,150,0.9,0,0.0011307,10.776,24.746,75998,84747.0,6.4965,298.12,397.57,1.6702,7.5752,,23,,1.3467,0.19176,,,1.5951,0,,0,0,2,68,68,0,68.0,140000.0
174.6,75,100,80,0.0,75.632,88.115,12.366,150,0.9,0,0.0011438,10.751,24.779,76054,84812.0,6.4891,297.99,350.18,1.6705,7.6542,,23,,1.3714,0.19157,,,1.5954,0,,0,0,2,68,68,0,68.0,140160.0
174.8,75,100,80,0.0,80.503,46.03,1.2366,150,0.9,0,0.001154,10.768,24.812,76111,84878.0,6.486,297.87,308.61,1.6709,7.7759,,23,,1.3701,0.19158,,,1.5957,0,,0,0,2,68,68,0,68.0,140160.0
175.0,75,100,80,0.0,86.62,13.809,73.217,150,0.9,0,0.0011683,10.797,24.845,76169,84946.0,6.4853,297.97,344.83,1.6712,7.9195,,23,,1.3565,0.19168,,,1.596,0,,0,0,2,68,68,0,68.0,140310.0
175.2,75,100,80,0.0,93.019,44.025,7.3217,150,0.9,0,0.001116,10.863,24.876,76228,85015.0,6.4888,297.87,307.93,1.6715,8.0639,,23,,1.3412,0.19179,,,1.5963,0,,0,0,2,68,68,0,68.0,139630.0
175.4,75,100,80,0.0,97.997,13.207,124.86,150,0.9,0,0.00112,10.894,24.907,76288,85084.0,6.4966,298.09,389.4,1.6718,8.1752,,23,,1.3265,0.1919,,,1.5966,0,,0,0,2,68,68,0,68.0,139440.0
175.6,75,100,80,0.0,99.86,85.795,12.486,150,0.9,0,0.0011639,10.864,24.939,76349,85155.0,6.5036,297.95,336.95,1.6721,8.2715,,23,,1.3377,0.19182,,,1.5969,0,,0,0,2,68,68,0,68.0,140260.0
175.8,75,100,80,0.0,98.951,25.738,194.27,150,0.9,0,0.0011166,10.9,24.969,76409,85224.0,6.5126,298.32,474.1,1.6724,8.3859,,23,,1.3355,0.19184,,,1.5972,0,,0,0,2,68,68,0,68.0,141400.0
176.0,75,100,80,0.0,94.442,153.82,19.427,150,0.9,0,0.00114,10.864,25.0,76469,85293.0,6.5183,298.12,397.94,1.6728,8.4515,,23,,1.344,0.19177,,,1.5975,0,,0,0,2,68,68,0,68.0,140720.0
176.2,75,100,80,0.0,87.644,91.644,1.9427,150,0.9,0,0.0011145,10.845,25.031,76527,85361.0,6.5184,297.94,333.64,1.673,8.5228,,23,,1.3635,0.19162,,,1.5978,0,,0,0,2,68,68,0,68.0,141370.0
176.4,75,100,80,0.0,80.834,27.493,104.01,150,0.9,0,0.001098,10.84,25.062,76584,85427.0,6.5124,298.09,389.58,1.6733,8.5606,,23,,1.3614,0.19164,,,1.598,0,,0,0,2,68,68,0,68.0,140680.0
176.6,75,100,80,0.0,76.395,79.053,10.401,150,0.9,0,0.0011403,10.781,25.093,76640,85493.0,6.5045,297.96,338.8,1.6736,8.5837,,23,,1.3802,0.1915,,,1.5983,0,,0,0,2,68,68,0,68.0,140670.0
176.8,75,100,80,0.0,75.113,33.843,1.0401,150,0.9,0,0.0011735,10.741,25.126,76696,85558.0,6.4938,297.85,301.16,1.6739,8.6321,,23,,1.4013,0.19134,,,1.5986,0,,0,0,2,68,68,0,68.0,141490.0
177.0,75,100,80,0.0,78.142,10.153,59.327,150,0.9,0,0.0011917,10.738,25.159,76752,85624.0,6.4825,297.92,326.85,1.6743,8.6942,,23,,1.4127,0.19125,,,1.5989,0,,0,0,2,68,68,0,68.0,141810.0
177.2,75,100,80,0.0,85.652,3.0458,0.0001,150,0.9,0,0.0011652,10.808,25.19,76810,85691.0,6.4761,297.85,300.94,1.6746,8.7383,,23,,1.3835,0.19147,,,1.5993,0,,0,0,2,68,68,0,68.0,141130.0
177.4,75,100,80,0.0,95.718,0.91375,70.957,150,0.9,0,0.0011327,10.871,25.22,76870,85761.0,6.4751,297.96,339.32,1.6749,8.748,,23,,1.3735,0.19154,,,1.5996,0,,0,0,2,68,68,0,68.0,142270.0
177.6,75,100,80,0.0,106.18,31.767,7.0957,150,0.9,0,0.0011536,10.894,25.249,76932,85832.0,6.4794,297.86,305.29,1.6752,8.7116,,23,,1.3743,0.19154,,,1.5998,0,,0,0,2,68,68,0,68.0,141080.0
177.8,75,100,80,0.0,114.92,9.53,112.41,150,0.9,0,0.0012093,10.893,25.279,76996,85905.0,6.4834,298.06,376.81,1.6756,8.6605,,23,,1.375,0.19153,,,1.6002,0,,0,0,2,68,68,0,68.0,141720.0
178.0,75,100,80,0.0,122.1,71.831,11.241,150,0.9,0,0.00128,10.869,25.31,77061,85980.0,6.4865,297.93,328.69,1.6759,8.6088,,23,,1.3837,0.19147,,,1.6005,0,,0,0,2,68,68,0,68.0,141710.0
178.2,75,100,80,0.0,128.02,21.549,173.52,150,0.9,0,0.00133,10.865,25.342,77127,86056.0,6.4905,298.25,449.32,1.6763,8.5854,,23,,1.3841,0.19146,,,1.6009,0,,0,0,2,68,68,0,68.0,141520.0
178.4,75,100,80,0.0,132.33,132.1,17.352,150,0.9,0,0.0013144,10.895,25.372,77194,86133.0,6.4978,298.07,380.31,1.6767,8.5859,,23,,1.3769,0.19152,,,1.6013,0,,0,0,2,68,68,0,68.0,141340.0
178.6,75,100,80,0.0,133.71,74.998,1.7352,150,0.9,0,0.001314,10.9,25.403,77262,86211.0,6.5063,297.91,323.37,1.6772,8.5764,,23,,1.379,0.1915,,,1.6017,0,,0,0,2,68,68,0,68.0,142480.0
178.8,75,100,80,0.0,131.71,22.499,91.679,150,0.9,0,0.0013293,10.887,25.433,77329,86288.0,6.5132,298.04,371.38,1.6776,8.555,,23,,1.3842,0.19146,,,1.6021,0,,0,0,2,68,68,0,68.0,143290.0
179.0,75,100,80,0.0,126.97,65.001,9.1679,150,0.9,0,0.0012911,10.895,25.463,77395,86364.0,6.5167,297.93,328.64,1.678,8.5345,,23,,1.3822,0.19147,,,1.6025,0,,0,0,2,68,68,0,68.0,142270.0
179.2,75,100,80,0.0,120.82,19.5,146.09,150,0.9,0,0.0012847,10.863,25.493,77460,86438.0,6.5199,298.19,426.63,1.6784,8.4843,,23,,1.3972,0.19136,,,1.6029,0,,0,0,2,68,68,0,68.0,143080.0
179.4,75,100,80,0.0,113.38,108.48,14.609,150,0.9,0,0.0012277,10.852,25.523,77523,86511.0,6.5198,298.05,372.99,1.6788,8.4519,,23,,1.4184,0.1912,,,1.6032,0,,0,0,2,68,68,0,68.0,142560.0
179.6,75,100,80,0.0,106.0,64.029,1.4609,150,0.9,0,0.0012085,10.833,25.553,77585,86583.0,6.5177,297.92,325.06,1.6791,8.4077,,23,,1.4244,0.19115,,,1.6036,0,,0,0,2,68,68,0,68.0,143530.0
179.8,75,100,80,0.0,99.452,19.209,82.769,150,0.9,0,0.001227,10.802,25.583,77645,86653.0,6.5151,298.03,367.13,1.6795,8.372,,23,,1.4335,0.19108,,,1.6039,0,,0,0,2,68,68,0,68.0,143340.0
180.0,75,100,80,0.0,93.951,56.026,8.2769,150,0.9,0,0.0012245,10.764,25.614,77705,86722.0,6.5122,297.93,327.9,1.6798,8.3482,1200.7,23,1690.2,1.4542,0.19093,25.493,24.812,1.6043,0,80.593,0,0,2,68,68,0,68.0,143490.0
180.2,75,100,80,0.0,89.601,16.808,130.35,150,0.9,0,0.0012152,10.764,25.644,77763,86790.0,6.5102,298.16,413.97,1.6802,8.3559,,23,,1.4532,0.19093,,,1.6046,0,,0,0,2,68,68,0,68.0,143470.0
180.4,75,100,80,0.0,86.051,94.291,13.035,150,0.9,0,0.0011969,10.746,25.674,77821,86858.0,6.5074,298.03,365.11,1.6805,8.3687,,23,,1.4681,0.19082,,,1.6049,0,,0,0,2,68,68,0,68.0,144280.0
180.6,75,100,80,0.0,83.621,53.392,1.3035,150,0.9,0,0.0011698,10.76,25.704,77878,86925.0,6.5036,297.91,320.88,1.6809,8.3918,,23,,1.4626,0.19086,,,1.6053,0,,0,0,2,68,68,0,68.0,144260.0
180.8,75,100,80,0.0,82.687,16.018,74.516,150,0.9,0,0.0011349,10.786,25.733,77935,86992.0,6.5004,298.0,356.65,1.6812,8.4106,,23,,1.4542,0.19092,,,1.6056,0,,0,0,2,68,68,0,68.0,143900.0
181.0,75,100,80,0.0,83.032,46.405,7.4516,150,0.9,0,0.0011482,10.781,25.763,77993,87058.0,6.4978,297.91,319.83,1.6815,8.4121,,23,,1.4532,0.19093,,,1.6059,0,,0,0,2,68,68,0,68.0,144040.0
181.2,75,100,80,0.0,84.439,13.921,118.6,150,0.9,0,0.0012303,10.74,25.794,78050,87126.0,6.4909,298.11,397.53,1.6818,8.4236,,23,,1.4518,0.19094,,,1.6062,0,,0,0,2,68,68,0,68.0,144020.0
181.4,75,100,80,0.0,88.596,82.56,11.86,150,0.9,0,0.0011935,10.787,25.824,78108,87194.0,6.4871,297.99,349.92,1.6822,8.4851,,23,,1.4439,0.191,,,1.6065,0,,0,0,2,68,68,0,68.0,144830.0
181.6,75,100,80,0.0,94.252,41.488,1.186,150,0.9,0,0.001204,10.792,25.853,78168,87263.0,6.4883,297.88,309.81,1.6825,8.5175,,23,,1.4557,0.19091,,,1.6068,0,,0,0,2,68,68,0,68.0,144470.0
181.8,75,100,80,0.0,99.42,12.446,65.971,150,0.9,0,0.0012247,10.814,25.883,78228,87333.0,6.4926,297.96,339.33,1.6828,8.5373,,23,,1.4432,0.191,,,1.6072,0,,0,0,2,68,68,0,68.0,144280.0
182.0,75,100,80,0.0,102.87,35.795,6.5971,150,0.9,0,0.0012322,10.823,25.913,78290,87404.0,6.4987,297.87,305.79,1.6832,8.5597,,23,,1.4375,0.19105,,,1.6075,0,,0,0,2,68,68,0,68.0,145090.0
182.2,75,100,80,0.0,103.92,10.739,108.44,150,0.9,0,0.0012134,10.852,25.942,78351,87475.0,6.5043,298.05,373.67,1.6835,8.587,,23,,1.4212,0.19117,,,1.6078,0,,0,0,2,68,68,0,68.0,146060.0
182.4,75,100,80,0.0,102.71,68.64,10.844,150,0.9,0,0.0011579,10.888,25.97,78412,87546.0,6.5053,297.93,330.3,1.6839,8.6099,,23,,1.414,0.19122,,,1.6081,0,,0,0,2,68,68,0,68.0,145200.0
182.6,75,100,80,0.0,101.12,20.592,161.46,150,0.9,0,0.0011313,10.921,25.998,78473,87617.0,6.5061,298.23,441.51,1.6841,8.5907,,23,,1.3935,0.19138,,,1.6084,0,,0,0,2,68,68,0,68.0,146000.0
182.8,75,100,80,0.0,99.192,120.66,16.146,150,0.9,0,0.0010735,10.963,26.024,78533,87686.0,6.5049,298.08,385.37,1.6844,8.5433,,23,,1.3782,0.19149,,,1.6087,0,,0,0,2,68,68,0,68.0,145290.0
183.0,75,100,80,0.0,97.778,75.723,1.6146,150,0.9,0,0.0010529,10.986,26.05,78593,87756.0,6.5068,297.94,332.15,1.6846,8.4514,,23,,1.3637,0.1916,,,1.6089,0,,0,0,2,68,68,0,68.0,145910.0
183.2,75,100,80,0.0,95.558,22.717,93.013,150,0.9,0,0.001067,10.982,26.076,78653,87825.0,6.5114,298.07,381.34,1.6849,8.3407,,23,,1.3527,0.19168,,,1.6091,0,,0,0,2,68,68,0,68.0,145030.0
183.4,75,100,80,0.0,91.489,66.362,9.3013,150,0.9,0,0.001077,10.954,26.102,78712,87893.0,6.5122,297.96,338.95,1.6851,8.2368,,23,,1.3635,0.1916,,,1.6093,0,,0,0,2,68,68,0,68.0,145990.0
183.6,75,100,80,0.0,87.143,29.332,0.93013,150,0.9,0,0.0010267,10.967,26.128,78770,87960.0,6.5133,297.87,304.17,1.6853,8.1495,,23,,1.3727,0.19153,,,1.6095,0,,0,0,2,68,68,0,68.0,145450.0
183.8,75,100,80,0.0,82.327,8.7996,55.845,150,0.9,0,0.0010286,10.956,26.153,78827,88027.0,6.5103,297.92,325.72,1.6855,8.0517,,23,,1.3727,0.19153,,,1.6097,0,,0,0,2,68,68,0,68.0,146400.0
184.0,75,100,80,0.0,78.731,2.6399,0.0001,150,0.9,0,0.001027,10.937,26.179,78883,88092.0,6.5051,297.85,299.07,1.6857,7.9657,,23,,1.3825,0.19146,,,1.6099,0,,0,0,2,68,68,0,68.0,145530.0
184.2,75,100,80,0.0,77.21,0.79196,67.573,150,0.9,0,0.0010005,10.94,26.205,78939,88157.0,6.5,297.94,334.06,1.6859,7.9028,,23,,1.3968,0.19135,,,1.6101,0,,0,0,2,68,68,0,68.0,145980.0
184.4,75,100,80,0.0,77.724,0.23759,0.0001,150,0.9,0,0.00099859,10.971,26.229,78995,88222.0,6.4943,297.88,308.25,1.6861,7.842,,23,,1.3701,0.19155,,,1.6103,0,,0,0,2,68,68,0,68.0,146600.0
184.6,75,100,80,0.0,80.519,0.071277,68.458,150,0.9,0,0.00099697,10.986,26.254,79051,88288.0,6.4887,297.97,344.18,1.6863,7.7899,,23,,1.3674,0.19157,,,1.6105,0,,0,0,2,68,68,0,68.0,146880.0
184.8,75,100,80,0.0,85.554,28.54,6.8458,150,0.9,0,0.00099119,11.013,26.278,79109,88355.0,6.484,297.89,314.31,1.6865,7.7351,,23,,1.3649,0.19159,,,1.6106,0,,0,0,2,68,68,0,68.0,147330.0
185.0,75,100,80,0.0,92.46,8.5621,97.323,150,0.9,0,0.00098534,11.041,26.301,79168,88423.0,6.4869,298.05,372.79,1.6866,7.6787,,23,,1.3659,0.19158,,,1.6108,0,,0,0,2,68,68,0,68.0,147110.0
185.2,75,100,80,0.0,98.21,58.097,9.7323,150,0.9,0,0.00096116,11.079,26.323,79227,88492.0,6.4956,297.94,333.52,1.6868,7.6131,,23,,1.3682,0.19156,,,1.6109,0,,0,0,2,68,68,0,68.0,147210.0
185.4,75,100,80,0.0,100.46,17.429,138.91,150,0.9,0,0.00097059,11.086,26.344,79288,88561.0,6.5078,298.18,425.79,1.6869,7.528,,23,,1.3687,0.19156,,,1.6111,0,,0,0,2,68,68,0,68.0,147480.0
185.6,75,100,80,0.0,97.841,99.537,13.891,150,0.9,0,0.0010212,11.031,26.367,79348,88630.0,6.5175,298.05,375.08,1.6871,7.4553,,23,,1.3869,0.19142,,,1.6112,0,,0,0,2,68,68,0,68.0,147090.0
185.8,75,100,80,0.0,91.356,58.791,1.3891,150,0.9,0,0.0010378,10.995,26.391,79406,88698.0,6.5214,297.93,328.39,1.6873,7.4323,,23,,1.3993,0.19133,,,1.6114,0,,0,0,2,68,68,0,68.0,146870.0
186.0,75,100,80,0.0,83.333,17.637,76.362,150,0.9,0,0.001026,10.964,26.415,79463,88764.0,6.5199,298.02,364.57,1.6875,7.4571,,23,,1.4144,0.19121,,,1.6116,0,,0,0,2,68,68,0,68.0,147980.0
186.2,75,100,80,0.0,75.909,48.563,7.6362,150,0.9,0,0.0010619,10.894,26.44,79519,88829.0,6.5142,297.93,327.72,1.6876,7.5127,,23,,1.4406,0.19102,,,1.6118,0,,0,0,2,68,68,0,68.0,146930.0
186.4,75,100,80,0.0,70.78,14.569,115.6,150,0.9,0,0.0011106,10.848,26.467,79573,88892.0,6.5073,298.12,401.15,1.6879,7.6271,,23,,1.4454,0.19098,,,1.612,0,,0,0,2,68,68,0,68.0,146730.0
186.6,75,100,80,0.0,68.378,78.78,11.56,150,0.9,0,0.0010979,10.851,26.493,79627,88956.0,6.497,298.0,357.01,1.6881,7.7884,,23,,1.4474,0.19096,,,1.6122,0,,0,0,2,68,68,0,68.0,148350.0
186.8,75,100,80,0.0,70.121,42.061,1.156,150,0.9,0,0.0010763,10.865,26.519,79681,89019.0,6.4867,297.9,316.61,1.6883,7.9469,,23,,1.454,0.19091,,,1.6124,0,,0,0,2,68,68,0,68.0,147980.0
187.0,75,100,80,0.0,75.971,12.618,65.096,150,0.9,0,0.0010639,10.908,26.543,79737,89084.0,6.4823,297.97,344.68,1.6885,8.0936,,23,,1.4421,0.191,,,1.6126,0,,0,0,2,68,68,0,68.0,148930.0
187.2,75,100,80,0.0,83.564,34.868,6.5096,150,0.9,0,0.001093,10.917,26.569,79794,89151.0,6.4832,297.89,312.02,1.6887,8.2044,,23,,1.4388,0.19103,,,1.6128,0,,0,0,2,68,68,0,68.0,148550.0
187.4,75,100,80,0.0,90.779,10.46,101.29,150,0.9,0,0.0011178,10.914,26.594,79853,89219.0,6.4863,298.05,373.45,1.6889,8.3088,,23,,1.4504,0.19094,,,1.613,0,,0,0,2,68,68,0,68.0,148000.0
187.6,75,100,80,0.0,96.781,62.04,10.129,150,0.9,0,0.0011183,10.956,26.619,79912,89288.0,6.4897,297.95,334.9,1.6892,8.4111,,23,,1.4328,0.19107,,,1.6132,0,,0,0,2,68,68,0,68.0,148950.0
187.8,75,100,80,0.0,101.43,18.612,142.79,150,0.9,0,0.0011644,10.936,26.645,79973,89358.0,6.495,298.19,430.38,1.6894,8.473,,23,,1.4413,0.19101,,,1.6135,0,,0,0,2,68,68,0,68.0,147910.0
188.0,75,100,80,0.0,103.93,103.0,14.279,150,0.9,0,0.0011873,10.943,26.67,80034,89429.0,6.4991,298.07,381.1,1.6897,8.5316,,23,,1.4305,0.19109,,,1.6137,0,,0,0,2,68,68,0,68.0,148200.0
188.2,75,100,80,0.0,104.8,64.284,1.4279,150,0.9,0,0.0012019,10.928,26.697,80096,89500.0,6.5003,297.94,332.74,1.6899,8.5792,,23,,1.4359,0.19105,,,1.614,0,,0,0,2,68,68,0,68.0,149320.0
188.4,75,100,80,0.0,105.23,19.285,81.668,150,0.9,0,0.0012429,10.897,26.724,80157,89571.0,6.4994,298.04,372.61,1.6902,8.6324,,23,,1.4498,0.19094,,,1.6143,0,,0,0,2,68,68,0,68.0,148450.0
188.6,75,100,80,0.0,105.99,53.701,8.1668,150,0.9,0,0.0012658,10.889,26.751,80219,89643.0,6.4972,297.94,334.11,1.6905,8.7016,,23,,1.4539,0.19091,,,1.6146,0,,0,0,2,68,68,0,68.0,149250.0
188.8,75,100,80,0.0,107.65,16.11,120.49,150,0.9,0,0.0012498,10.917,26.777,80281,89715.0,6.4962,298.14,409.95,1.6909,8.7638,,23,,1.4486,0.19095,,,1.6149,0,,0,0,2,68,68,0,68.0,149710.0
189.0,75,100,80,0.0,109.67,82.551,12.049,150,0.9,0,0.0012544,10.934,26.803,80343,89787.0,6.4941,298.02,362.13,1.6912,8.7851,,23,,1.432,0.19107,,,1.6151,0,,0,0,2,68,68,0,68.0,148500.0
189.2,75,100,80,0.0,112.57,43.691,1.2049,150,0.9,0,0.0012867,10.918,26.83,80406,89860.0,6.4906,297.91,320.45,1.6915,8.7866,,23,,1.4355,0.19105,,,1.6155,0,,0,0,2,68,68,0,68.0,149630.0
189.4,75,100,80,0.0,116.84,13.107,63.114,150,0.9,0,0.0012815,10.945,26.856,80470,89933.0,6.4929,297.98,346.28,1.6918,8.8012,,23,,1.4304,0.19108,,,1.6158,0,,0,0,2,68,68,0,68.0,149420.0
189.6,75,100,80,0.0,120.16,33.557,6.3114,150,0.9,0,0.0012665,10.977,26.882,80534,90008.0,6.4995,297.89,313.54,1.6921,8.7941,,23,,1.4167,0.19119,,,1.6161,0,,0,0,2,68,68,0,68.0,149210.0
189.8,75,100,80,0.0,120.87,10.067,97.179,150,0.9,0,0.0012693,10.974,26.907,80599,90082.0,6.5046,298.04,371.2,1.6925,8.7631,,23,,1.4201,0.19116,,,1.6164,0,,0,0,2,68,68,0,68.0,149330.0
190.0,75,100,80,0.0,119.54,57.957,9.7179,150,0.9,0,0.0012994,10.941,26.933,80663,90157.0,6.5097,297.94,332.48,1.6928,8.7202,,23,,1.4331,0.19106,,,1.6167,0,,0,0,2,68,68,0,68.0,150120.0
190.2,75,100,80,0.0,116.18,17.387,136.86,150,0.9,-4000,0.0013332,10.928,26.96,80032,89430.0,6.5441,298.17,422.68,1.6835,8.6999,,23,,1.4148,0.19122,,,1.6078,0,,0,0,2,68,68,0,68.0,149580.0
190.4,75,100,80,0.0,98.975,96.417,13.686,150,0.9,-4000,0.0014165,10.816,26.989,79398,88701.0,6.5711,298.05,374.85,1.6699,8.6831,,23,,1.4189,0.19121,,,1.5947,0,,0,0,2,68,68,0,68.0,150380.0
190.6,75,100,80,0.51811,49.487,58.186,1.3686,150,0.9,-4000,0.0014336,10.589,27.021,78753,87961.0,6.5687,297.95,335.71,1.656,8.7183,,23,,1.4727,0.19083,,,1.5814,0,,0,0,2,68,68,0,68.0,149540.0
190.8,75,100,80,1.0397,24.744,17.456,68.516,150,0.9,-4000,0.0014794,10.469,27.055,78104,87217.0,6.5487,298.05,375.35,1.6421,8.8518,,23,,1.4872,0.19075,,,1.5681,0,,0,0,2,68,68,0,68.0,149870.0
191.0,75,100,80,0.0,5.8518,52.465,6.8516,150,0.9,-4000,0.001554,10.338,27.091,77451,86469.0,6.5164,297.98,347.68,1.6283,9.0378,,23,,1.5054,0.19064,,,1.5548,0,,0,0,2,68,68,0,68.0,150710.0
191.2,75,100,80,0.0,0.0,28.124,0.68516,150,0.9,-4000,0.0016095,10.263,27.129,76798,85721.0,6.4821,297.92,326.02,1.6145,9.2799,,23,,1.5189,0.19057,,,1.5415,0,,0,0,2,68,68,0,68.0,150220.0
191.4,75,100,80,0.0,7.6921,8.4371,43.256,150,0.9,-4000,0.0016247,10.301,27.165,76145,84973.0,6.4551,297.98,350.06,1.6007,9.5499,,23,,1.4958,0.19077,,,1.5283,0,,0,0,2,68,68,0,68.0,150900.0
191.6,75,100,80,0.0,26.132,28.395,4.3256,150,0.9,-4000,0.0016823,10.362,27.201,75497,84230.0,6.4399,297.93,329.55,1.5869,9.7734,,23,,1.4579,0.19108,,,1.5151,0,,0,0,2,68,68,0,68.0,151900.0
191.8,75,100,80,0.0,50.647,8.5186,75.857,150,0.9,-4000,0.0016764,10.48,27.235,74854,83492.0,6.4397,298.06,378.77,1.5732,9.9285,,23,,1.4122,0.19145,,,1.5019,0,,0,0,2,68,68,0,68.0,150900.0
192.0,75,100,80,0.0,75.253,53.199,7.5857,150,0.9,-4000,0.0016525,10.621,27.266,74215,82758.0,6.4554,297.97,345.8,1.5594,9.988,1195.8,23,1712.0,1.3495,0.19195,27.129,24.423,1.4887,0,82.192,0,0,2,68,68,0,68.0,151380.0
192.2,75,100,80,0.0,93.548,22.898,0.75857,150,0.9,0,0.0017436,10.67,27.296,74275,82828.0,6.4544,297.9,318.59,1.5556,9.9195,,23,,1.3106,0.19225,,,1.4851,0,,0,0,2,68,68,0,68.0,150860.0
192.4,75,100,80,0.0,112.37,6.8694,43.429,150,0.9,0,0.0017065,10.766,27.325,74339,82902.0,6.4635,297.94,333.87,1.5559,9.7713,,23,,1.2944,0.19237,,,1.4854,0,,0,0,2,68,68,0,68.0,151830.0
192.6,75,100,80,0.0,127.48,2.0608,0.0001,150,0.9,0,0.0016242,10.885,27.352,74406,82979.0,6.4758,297.87,309.5,1.5565,9.5347,,23,,1.2577,0.19265,,,1.4859,0,,0,0,2,68,68,0,68.0,152630.0
192.8,75,100,80,0.0,137.65,0.61824,58.9,150,0.9,0,0.001621,10.934,27.378,74474,83058.0,6.4913,297.95,337.9,1.557,9.2306,,23,,1.2365,0.19281,,,1.4864,0,,0,0,2,68,68,0,68.0,151580.0
193.0,75,100,80,0.0,141.63,23.64,5.89,150,0.9,0,0.0016039,10.954,27.404,74544,83137.0,6.5067,297.87,308.87,1.5576,8.8984,,23,,1.2378,0.1928,,,1.4869,0,,0,0,2,68,68,0,68.0,151710.0
193.2,75,100,80,0.0,139.46,7.092,93.801,150,0.9,0,0.0015552,10.974,27.429,74612,83216.0,6.5192,298.03,365.52,1.5581,8.5637,,23,,1.2363,0.19281,,,1.4874,0,,0,0,2,68,68,0,68.0,152490.0
193.4,75,100,80,0.0,132.29,57.238,9.3801,150,0.9,0,0.001537,10.946,27.455,74680,83294.0,6.5263,297.92,325.92,1.5586,8.2357,,23,,1.2439,0.19275,,,1.4879,0,,0,0,2,68,68,0,68.0,151620.0
193.6,75,100,80,0.0,122.3,17.171,146.29,150,0.9,0,0.001521,10.925,27.482,74745,83369.0,6.5317,298.2,425.96,1.559,7.9666,,23,,1.2375,0.19279,,,1.4884,0,,0,0,2,68,68,0,68.0,152080.0
193.8,75,100,80,0.0,110.13,110.84,14.629,150,0.9,0,0.0015375,10.849,27.509,74808,83442.0,6.5327,298.04,368.72,1.5595,7.7594,,23,,1.2586,0.19263,,,1.4888,0,,0,0,2,68,68,0,68.0,152870.0
194.0,75,100,80,0.0,97.572,61.229,1.4629,150,0.9,0,0.0015241,10.793,27.538,74868,83512.0,6.5286,297.91,322.33,1.56,7.647,,23,,1.2763,0.1925,,,1.4893,0,,0,0,2,68,68,0,68.0,153680.0
194.2,75,100,80,0.0,86.673,18.369,78.589,150,0.9,0,0.0015455,10.725,27.567,74926,83580.0,6.5181,298.03,364.87,1.5605,7.6196,,23,,1.2974,0.19234,,,1.4898,0,,0,0,2,68,68,0,68.0,152320.0
194.4,75,100,80,0.0,79.959,56.568,7.8589,150,0.9,0,0.0015128,10.697,27.597,74983,83647.0,6.5045,297.92,326.87,1.561,7.6827,,23,,1.3167,0.19219,,,1.4902,0,,0,0,2,68,68,0,68.0,153130.0
194.6,75,100,80,0.0,78.68,16.971,133.6,150,0.9,0,0.0015203,10.702,27.627,75039,83714.0,6.4897,298.18,419.73,1.5615,7.8087,,23,,1.3074,0.19226,,,1.4907,0,,0,0,2,68,68,0,68.0,153440.0
194.8,75,100,80,0.0,83.321,103.46,13.36,150,0.9,0,0.001508,10.729,27.656,75097,83781.0,6.4752,298.02,364.37,1.562,7.966,,23,,1.3046,0.19228,,,1.4912,0,,0,0,2,68,68,0,68.0,152410.0
195.0,75,100,80,0.0,93.755,55.358,1.336,150,0.9,0,0.0014539,10.825,27.683,75156,83851.0,6.4663,297.9,318.48,1.5624,8.1231,,23,,1.2722,0.19253,,,1.4916,0,,0,0,2,68,68,0,68.0,152870.0
195.2,75,100,80,0.0,107.73,16.607,75.655,150,0.9,0,0.001508,10.87,27.709,75219,83923.0,6.459,298.0,356.57,1.5629,8.2473,,23,,1.247,0.19272,,,1.4921,0,,0,0,2,68,68,0,68.0,154500.0
195.4,75,100,80,0.0,124.63,50.001,7.5655,150,0.9,0,0.001537,10.934,27.735,75284,83999.0,6.4588,297.89,317.27,1.5634,8.3604,,23,,1.2244,0.19288,,,1.4925,0,,0,0,2,68,68,0,68.0,153790.0
195.6,75,100,80,0.0,141.62,15.0,130.01,150,0.9,0,0.0015411,11.001,27.76,75353,84079.0,6.4591,298.13,402.12,1.5639,8.443,,23,,1.2129,0.19297,,,1.493,0,,0,0,2,68,68,0,68.0,154070.0
195.8,75,100,80,0.0,158.5,92.545,13.001,150,0.9,0,0.0015294,11.092,27.783,75426,84161.0,6.4609,297.98,347.75,1.5644,8.4831,,23,,1.1822,0.1932,,,1.4935,0,,0,0,2,68,68,0,68.0,154510.0
196.0,75,100,80,0.0,174.66,43.928,1.3001,150,0.9,0,0.0014801,11.198,27.803,75502,84247.0,6.4703,297.86,304.82,1.5649,8.4588,,23,,1.1556,0.1934,,,1.494,0,,0,0,2,68,68,0,68.0,153780.0
196.2,75,100,80,0.0,187.03,13.178,69.898,150,0.9,0,0.0014617,11.267,27.823,75580,84336.0,6.4826,297.95,337.31,1.5653,8.3661,,23,,1.1392,0.19352,,,1.4944,0,,0,0,2,68,68,0,68.0,154540.0
196.4,75,100,80,0.0,194.48,3.9535,0.0001,150,0.9,0,0.0015521,11.235,27.844,75660,84426.0,6.4931,297.88,310.6,1.5658,8.2252,,23,,1.1502,0.19344,,,1.4949,0,,0,0,2,68,68,0,68.0,153970.0
196.6,75,100,80,0.0,197.75,1.1861,73.062,150,0.9,0,0.0015244,11.28,27.864,75740,84516.0,6.5035,297.99,350.79,1.5663,8.1013,,23,,1.1328,0.19357,,,1.4954,0,,0,0,2,68,68,0,68.0,155230.0
196.8,75,100,80,0.0,196.89,35.128,7.3062,150,0.9,0,0.0015282,11.287,27.884,75820,84606.0,6.5118,297.9,317.93,1.5668,7.9593,,23,,1.1238,0.19363,,,1.4958,0,,0,0,2,68,68,0,68.0,153990.0
197.0,75,100,80,0.0,192.69,10.538,110.44,150,0.9,0,0.0014406,11.322,27.903,75899,84696.0,6.5207,298.09,387.61,1.5673,7.8162,,23,,1.1238,0.19363,,,1.4963,0,,0,0,2,68,68,0,68.0,154410.0
197.2,75,100,80,0.0,184.94,73.124,11.044,150,0.9,0,0.0014892,11.252,27.923,75977,84783.0,6.5248,297.96,342.3,1.5677,7.662,,23,,1.1472,0.19346,,,1.4967,0,,0,0,2,68,68,0,68.0,154670.0
197.4,75,100,80,0.0,175.56,32.216,1.1044,150,0.9,0,0.0014816,11.221,27.943,76053,84869.0,6.5298,297.86,304.59,1.5682,7.5552,,23,,1.1523,0.19342,,,1.4972,0,,0,0,2,68,68,0,68.0,154770.0
197.6,75,100,80,0.0,164.16,9.6649,60.113,150,0.9,0,0.0014915,11.183,27.964,76126,84953.0,6.5347,297.93,329.39,1.5686,7.4895,,23,,1.1488,0.19344,,,1.4976,0,,0,0,2,68,68,0,68.0,154870.0
197.8,75,100,80,0.0,150.82,2.8995,0.0001,150,0.9,0,0.0014939,11.128,27.987,76197,85034.0,6.5391,297.86,302.91,1.5691,7.4741,,23,,1.1581,0.19337,,,1.498,0,,0,0,2,68,68,0,68.0,154810.0
198.0,75,100,80,0.0,135.71,0.86984,70.356,150,0.9,0,0.0014712,11.075,28.009,76265,85112.0,6.5382,297.96,340.72,1.5696,7.5102,,23,,1.1733,0.19326,,,1.4985,0,,0,0,2,68,68,0,68.0,154920.0
198.2,75,100,80,0.0,120.97,31.528,7.0356,150,0.9,0,0.0014721,10.989,28.033,76329,85187.0,6.535,297.87,308.41,1.57,7.5865,,23,,1.2119,0.19297,,,1.4989,0,,0,0,2,68,68,0,68.0,154200.0
198.4,75,100,80,0.0,107.49,9.4585,109.5,150,0.9,0,0.0015075,10.9,28.059,76391,85259.0,6.5222,298.07,380.18,1.5705,7.7122,,23,,1.2449,0.19272,,,1.4993,0,,0,0,2,68,68,0,68.0,154990.0
198.6,75,100,80,0.0,99.181,72.592,10.95,150,0.9,0,0.0015146,10.867,28.084,76452,85330.0,6.5108,297.95,338.22,1.571,7.8995,,23,,1.2485,0.19269,,,1.4998,0,,0,0,2,68,68,0,68.0,155770.0
198.8,75,100,80,0.0,95.361,34.264,1.095,150,0.9,0,0.0015435,10.819,28.111,76512,85400.0,6.4979,297.86,304.05,1.5714,8.1005,,23,,1.2707,0.19252,,,1.5003,0,,0,0,2,68,68,0,68.0,154570.0
199.0,75,100,80,0.0,96.741,10.279,61.766,150,0.9,0,0.0014989,10.849,28.136,76572,85470.0,6.4887,297.94,333.54,1.5719,8.3083,,23,,1.2716,0.19251,,,1.5007,0,,0,0,2,68,68,0,68.0,156020.0
199.2,75,100,80,0.0,101.77,3.0837,0.0001,150,0.9,0,0.0015032,10.865,28.161,76633,85541.0,6.4874,297.88,310.15,1.5724,8.487,,23,,1.2716,0.19251,,,1.5012,0,,0,0,2,68,68,0,68.0,154810.0
199.4,75,100,80,0.0,107.29,0.92512,66.96,150,0.9,0,0.0014731,10.906,28.186,76695,85614.0,6.4896,297.98,346.91,1.5729,8.6352,,23,,1.2693,0.19253,,,1.5016,0,,0,0,2,68,68,0,68.0,156090.0
199.6,75,100,80,0.0,111.98,31.078,6.696,150,0.9,0,0.0014986,10.906,28.21,76758,85687.0,6.4892,297.89,315.65,1.5733,8.7358,,23,,1.2747,0.19249,,,1.5021,0,,0,0,2,68,68,0,68.0,155040.0
199.8,75,100,80,0.0,116.81,9.3235,103.2,150,0.9,0,0.0014754,10.947,28.233,76822,85762.0,6.487,298.06,379.73,1.5738,8.797,,23,,1.2686,0.19253,,,1.5025,0,,0,0,2,68,68,0,68.0,156310.0
200.0,75,100,80,0.0,122.55,65.622,10.32,150,0.9,0,0.0014612,10.986,28.255,76888,85837.0,6.4878,297.94,332.39,1.5742,8.7966,,23,,1.2585,0.19261,,,1.5029,0,,0,0,2,68,68,0,68.0,156750.0
200.2,65,100,80,0.0,127.92,19.687,160.09,250,0.9,0,0.0014529,11.153,28.27,76974,85934.0,6.4897,298.23,439.79,1.7939,8.7541,,23,,1.1946,0.19128,,,1.4853,0,,0,0,2,68,68,0,68.0,156490.0
200.4,65,100,80,0.0,132.57,118.23,16.009,250,0.9,0,0.0014294,11.207,28.284,77061,86031.0,6.4891,298.04,370.84,1.8108,8.4676,,23,,1.2005,0.19119,,,1.4993,0,,0,0,2,68,68,0,68.0,155550.0
200.6,65,100,80,0.0,137.44,60.411,1.6009,250,0.9,0,0.0013822,11.273,28.296,77149,86129.0,6.4932,297.89,316.63,1.8126,8.1169,,23,,1.1868,0.19131,,,1.5009,0,,0,0,2,68,68,0,68.0,156950.0
200.8,65,100,80,0.0,140.67,18.123,78.929,250,0.9,0,0.0013882,11.301,28.308,77238,86228.0,6.5015,297.99,352.5,1.8132,7.7144,,23,,1.1749,0.19141,,,1.5013,0,,0,0,2,68,68,0,68.0,156840.0
201.0,65,100,80,0.0,140.57,48.526,7.8929,250,0.9,0,0.0013902,11.302,28.32,77327,86326.0,6.507,297.88,310.13,1.8136,7.3057,,23,,1.1804,0.19136,,,1.5017,0,,0,0,2,68,68,0,68.0,155720.0
201.2,65,100,80,0.0,138.31,14.558,131.45,250,0.9,0,0.0013946,11.28,28.332,77415,86424.0,6.5114,298.1,394.76,1.814,6.9205,,23,,1.1973,0.19121,,,1.5021,0,,0,0,2,68,68,0,68.0,155450.0
201.4,65,100,80,0.0,134.27,89.123,13.145,250,0.9,0,0.0014123,11.252,28.344,77502,86521.0,6.5125,297.95,336.32,1.8145,6.5786,,23,,1.2055,0.19114,,,1.5024,0,,0,0,2,68,68,0,68.0,156010.0
201.6,65,100,80,0.0,129.81,26.737,203.44,250,0.9,0,0.0014299,11.222,28.357,77588,86617.0,6.5104,298.33,478.73,1.8149,6.3035,,23,,1.2196,0.19102,,,1.5028,0,,0,0,2,68,68,0,68.0,156240.0
201.8,65,100,80,0.0,126.18,157.45,20.344,250,0.9,0,0.0014338,11.221,28.37,77673,86713.0,6.5101,298.09,391.27,1.8154,6.1062,,23,,1.2123,0.19108,,,1.5032,0,,0,0,2,68,68,0,68.0,155630.0
202.0,65,100,80,0.0,122.64,86.221,2.0344,250,0.9,0,0.0014424,11.195,28.384,77758,86808.0,6.5015,297.91,322.2,1.8158,5.9885,,23,,1.2219,0.191,,,1.5035,0,,0,0,2,68,68,0,68.0,157030.0
202.2,65,100,80,0.0,122.6,25.866,101.1,250,0.9,0,0.001427,11.216,28.397,77842,86902.0,6.4958,298.05,373.03,1.8163,5.9524,,23,,1.2211,0.191,,,1.5039,0,,0,0,2,68,68,0,68.0,156920.0
202.4,65,100,80,0.0,124.81,70.661,10.11,250,0.9,0,0.0014349,11.235,28.41,77927,86997.0,6.4943,297.9,318.22,1.8167,5.9679,,23,,1.2093,0.1911,,,1.5043,0,,0,0,2,68,68,0,68.0,155990.0
202.6,65,100,80,0.0,127.6,21.198,168.47,250,0.9,0,0.0014722,11.241,28.423,78013,87093.0,6.4963,298.2,431.02,1.8172,6.0361,,23,,1.2017,0.19117,,,1.5047,0,,0,0,2,68,68,0,68.0,156380.0
202.8,65,100,80,0.0,129.59,122.14,16.847,250,0.9,0,0.0014213,11.291,28.435,78099,87189.0,6.499,297.99,351.99,1.8177,6.1458,,23,,1.1878,0.19129,,,1.5051,0,,0,0,2,68,68,0,68.0,155940.0
203.0,65,100,80,0.0,130.52,54.865,1.6847,250,0.9,0,0.0014164,11.318,28.447,78185,87286.0,6.5019,297.84,297.05,1.8181,6.2634,,23,,1.1765,0.19139,,,1.5054,0,,0,0,2,68,68,0,68.0,156660.0
203.2,65,100,80,0.0,130.28,16.459,77.354,250,0.9,0,0.0014249,11.319,28.458,78272,87382.0,6.5001,297.93,331.3,1.8185,6.3854,,23,,1.18,0.19136,,,1.5058,0,,0,0,2,68,68,0,68.0,157710.0
203.4,65,100,80,0.0,130.76,4.9378,0.0001,250,0.9,0,0.0014081,11.33,28.47,78358,87478.0,6.5066,297.86,302.0,1.819,6.499,,23,,1.1797,0.19136,,,1.5062,0,,0,0,2,68,68,0,68.0,157430.0
203.6,65,100,80,0.0,128.61,1.4813,79.563,250,0.9,0,0.0014257,11.322,28.481,78444,87574.0,6.5068,297.97,346.3,1.8194,6.604,,23,,1.1781,0.19137,,,1.5066,0,,0,0,2,68,68,0,68.0,157150.0
203.8,65,100,80,0.0,126.42,37.164,7.9563,250,0.9,0,0.0014478,11.293,28.493,78529,87670.0,6.5088,297.86,304.6,1.8199,6.7125,,23,,1.1938,0.19123,,,1.5069,0,,0,0,2,68,68,0,68.0,157540.0
204.0,65,100,80,0.0,123.42,11.149,126.78,250,0.9,0,0.0014142,11.309,28.505,78614,87765.0,6.5145,298.08,385.17,1.8203,6.8257,1198.3,23,1734.3,1.193,0.19124,28.458,23.997,1.5073,0,82.525,0,0,2,68,68,0,68.0,156600.0
204.2,65,100,80,0.0,118.13,80.308,12.678,250,0.9,0,0.0014087,11.304,28.517,78698,87859.0,6.518,297.91,321.0,1.8208,6.9194,,23,,1.1905,0.19126,,,1.5077,0,,0,0,2,68,68,0,68.0,158150.0
204.4,65,100,80,0.0,111.46,24.092,202.82,250,0.9,0,0.0013984,11.284,28.529,78781,87951.0,6.519,298.28,460.94,1.8212,6.9963,,23,,1.1975,0.1912,,,1.508,0,,0,0,2,68,68,0,68.0,157710.0
204.6,65,100,80,0.0,104.41,149.17,20.282,250,0.9,0,0.0013837,11.266,28.541,78862,88042.0,6.5178,298.01,360.89,1.8216,7.0604,,23,,1.2067,0.19112,,,1.5084,0,,0,0,2,68,68,0,68.0,157100.0
204.8,65,100,80,0.0,97.826,65.866,2.0282,250,0.9,0,0.0013812,11.244,28.554,78942,88132.0,6.5136,297.85,297.72,1.822,7.0977,,23,,1.2118,0.19107,,,1.5087,0,,0,0,2,68,68,0,68.0,156830.0
205.0,65,100,80,0.0,92.92,19.76,80.511,250,0.9,0,0.0013838,11.231,28.567,79020,88221.0,6.5029,297.94,332.39,1.8224,7.1401,,23,,1.211,0.19108,,,1.5091,0,,0,0,2,68,68,0,68.0,157560.0
205.2,65,100,80,0.0,92.29,5.9279,0.0001,250,0.9,0,0.0013996,11.206,28.581,79099,88310.0,6.498,297.86,302.37,1.8229,7.1778,,23,,1.2302,0.19091,,,1.5094,0,,0,0,2,68,68,0,68.0,157950.0
205.4,65,100,80,0.0,93.592,1.7784,80.556,250,0.9,0,0.0013998,11.226,28.594,79178,88399.0,6.4916,297.98,347.28,1.8233,7.2068,,23,,1.2256,0.19095,,,1.5098,0,,0,0,2,68,68,0,68.0,158180.0
205.6,65,100,80,0.0,97.467,37.721,8.0556,250,0.9,0,0.0013712,11.278,28.606,79258,88489.0,6.4833,297.87,307.24,1.8237,7.2177,,23,,1.2078,0.1911,,,1.5101,0,,0,0,2,68,68,0,68.0,157070.0
205.8,65,100,80,0.0,104.68,11.316,124.26,250,0.9,0,0.001369,11.308,28.618,79339,88580.0,6.4772,298.08,385.67,1.8241,7.1894,,23,,1.2065,0.19111,,,1.5104,0,,0,0,2,68,68,0,68.0,157460.0
206.0,65,100,80,0.0,114.32,78.124,12.426,250,0.9,0,0.0013746,11.356,28.629,79422,88673.0,6.4744,297.92,327.16,1.8245,7.1444,,23,,1.1928,0.19123,,,1.5108,0,,0,0,2,68,68,0,68.0,157010.0
206.2,65,100,80,0.0,125.08,23.437,190.5,250,0.9,0,0.0013325,11.449,28.639,79507,88768.0,6.4748,298.27,458.51,1.8249,7.0708,,23,,1.1669,0.19146,,,1.5111,0,,0,0,2,68,68,0,68.0,157890.0
206.4,65,100,80,0.0,135.68,140.11,19.05,250,0.9,0,0.0013716,11.464,28.648,79595,88865.0,6.4805,298.05,375.97,1.8252,6.9569,,23,,1.1697,0.19143,,,1.5114,0,,0,0,2,68,68,0,68.0,158440.0
206.6,65,100,80,0.0,144.0,73.259,1.905,250,0.9,0,0.0013663,11.505,28.657,79684,88964.0,6.4898,297.89,312.98,1.8256,6.8265,,23,,1.1625,0.19149,,,1.5117,0,,0,0,2,68,68,0,68.0,158140.0
206.8,65,100,80,0.0,148.59,21.978,91.115,250,0.9,0,0.0013869,11.524,28.666,79773,89064.0,6.5001,298.0,356.52,1.826,6.6953,,23,,1.1563,0.19155,,,1.512,0,,0,0,2,68,68,0,68.0,158190.0
207.0,65,100,80,0.0,149.05,58.11,9.1115,250,0.9,0,0.0014007,11.524,28.675,79863,89164.0,6.5137,297.87,306.29,1.8264,6.5682,,23,,1.1516,0.19159,,,1.5124,0,,0,0,2,68,68,0,68.0,157890.0
207.2,65,100,80,0.0,144.08,17.433,151.54,250,0.9,0,0.0014458,11.481,28.685,79952,89263.0,6.5286,298.13,406.11,1.8268,6.4628,,23,,1.1598,0.19151,,,1.5127,0,,0,0,2,68,68,0,68.0,158110.0
207.4,65,100,80,0.0,133.15,103.02,15.154,250,0.9,0,0.0014389,11.447,28.695,80039,89360.0,6.5427,297.95,337.46,1.8273,6.4115,,23,,1.1657,0.19146,,,1.5131,0,,0,0,2,68,68,0,68.0,158490.0
207.6,65,100,80,0.0,116.6,44.478,1.5154,250,0.9,0,0.0014239,11.379,28.707,80122,89453.0,6.5532,297.83,288.86,1.8277,6.3932,,23,,1.1922,0.19123,,,1.5134,0,,0,0,2,68,68,0,68.0,157880.0
207.8,65,100,80,0.51927,58.301,13.343,72.593,250,0.9,0,0.0014666,11.095,28.723,80194,89535.0,6.534,297.91,320.75,1.8281,6.4208,,23,,1.2654,0.19059,,,1.5138,0,,0,0,2,68,68,0,68.0,159290.0
208.0,65,100,80,0.0,45.313,4.003,0.0001,250,0.9,0,0.0014638,11.034,28.74,80263,89615.0,6.508,297.83,291.89,1.8286,6.5963,,23,,1.2961,0.19033,,,1.5142,0,,0,0,2,68,68,0,68.0,159040.0
208.2,65,100,80,0.0,42.652,1.2009,80.329,250,0.9,0,0.0014484,11.046,28.757,80332,89693.0,6.4828,297.95,336.81,1.829,6.8275,,23,,1.2963,0.19032,,,1.5146,0,,0,0,2,68,68,0,68.0,158120.0
208.4,65,100,80,0.0,50.048,0.36027,0.0001,250,0.9,0,0.0015274,11.023,28.774,80402,89774.0,6.4624,297.88,309.7,1.8295,7.0672,,23,,1.3108,0.1902,,,1.5149,0,,0,0,2,68,68,0,68.0,158530.0
208.6,65,100,80,0.0,65.593,0.10808,74.456,250,0.9,0,0.0015223,11.095,28.79,80475,89858.0,6.4526,297.98,349.69,1.83,7.3154,,23,,1.3043,0.19025,,,1.5153,0,,0,0,2,68,68,0,68.0,158270.0
208.8,65,100,80,0.0,85.031,31.728,7.4456,250,0.9,0,0.0015108,11.193,28.804,80552,89945.0,6.4525,297.89,312.79,1.8305,7.5177,,23,,1.2833,0.19043,,,1.5157,0,,0,0,2,68,68,0,68.0,158000.0
209.0,65,100,80,0.0,104.52,9.5184,108.51,250,0.9,0,0.0015253,11.277,28.816,80633,90037.0,6.4627,298.06,378.39,1.831,7.6454,,23,,1.2611,0.19063,,,1.5162,0,,0,0,2,68,68,0,68.0,158400.0
209.2,65,100,80,0.0,119.94,64.309,10.851,250,0.9,0,0.0015079,11.349,28.828,80718,90131.0,6.4783,297.93,327.23,1.8314,7.7054,,23,,1.2515,0.19071,,,1.5165,0,,0,0,2,68,68,0,68.0,158620.0
209.4,65,100,80,0.0,129.14,19.293,161.01,250,0.9,0,0.0015316,11.358,28.838,80804,90228.0,6.4965,298.2,434.28,1.8319,7.6894,,23,,1.2705,0.19054,,,1.5169,0,,0,0,2,68,68,0,68.0,159170.0
209.6,65,100,80,0.0,131.03,112.39,16.101,250,0.9,0,0.0015939,11.341,28.849,80890,90324.0,6.5135,298.02,364.76,1.8324,7.6201,,23,,1.2707,0.19054,,,1.5174,0,,0,0,2,68,68,0,68.0,158380.0
209.8,65,100,80,0.0,126.14,56.26,1.6101,250,0.9,0,0.0015627,11.334,28.86,80975,90420.0,6.5283,297.88,310.51,1.8329,7.5374,,23,,1.2791,0.19047,,,1.5178,0,,0,0,2,68,68,0,68.0,158940.0
210.0,65,100,80,0.0,115.35,16.878,76.869,250,0.9,0,0.001554,11.306,28.872,81058,90514.0,6.5372,297.97,344.13,1.8334,7.4465,,23,,1.2837,0.19043,,,1.5182,0,,0,0,2,68,68,0,68.0,159660.0
210.2,65,100,80,0.0,101.0,43.236,7.6869,250,0.9,-4000,0.0015634,11.243,28.885,80445,89805.0,6.569,297.86,302.25,1.8242,7.3587,,23,,1.2994,0.19031,,,1.5105,0,,0,0,2,68,68,0,68.0,158550.0
210.4,65,100,80,0.51623,50.502,12.971,124.85,250,0.9,-4000,0.0015926,11.02,28.901,79821,89085.0,6.5717,298.07,381.35,1.8098,7.274,,23,,1.3439,0.18995,,,1.4985,0,,0,0,2,68,68,0,68.0,158960.0
210.6,65,100,80,1.0374,25.251,79.263,12.485,250,0.9,-4000,0.0016525,10.882,28.919,79192,88361.0,6.5551,297.93,330.63,1.7949,7.2672,,23,,1.3675,0.18977,,,1.4861,0,,0,0,2,68,68,0,68.0,158710.0
210.8,65,100,80,1.5596,12.625,23.779,183.51,250,0.9,-4000,0.0016619,10.844,28.937,78561,87635.0,6.5301,298.27,459.15,1.78,7.3139,,23,,1.3666,0.18981,,,1.4738,0,,0,0,2,68,68,0,68.0,158800.0
211.0,65,100,80,0.0,1.1184,138.98,18.351,250,0.9,-4000,0.0017169,10.776,28.956,77928,86906.0,6.4986,298.08,386.01,1.7652,7.37,,23,,1.3613,0.18988,,,1.4614,0,,0,0,2,68,68,0,68.0,160060.0
211.2,65,100,80,0.0,2.2073,79.689,1.8351,250,0.9,-4000,0.0017806,10.751,28.975,77295,86177.0,6.4699,297.92,328.33,1.7504,7.4522,,23,,1.3589,0.18993,,,1.4491,0,,0,0,2,68,68,0,68.0,158480.0
211.4,65,100,80,0.0,14.748,23.907,92.769,250,0.9,-4000,0.0017861,10.832,28.993,76664,85451.0,6.4524,298.06,377.61,1.7356,7.5272,,23,,1.3157,0.19034,,,1.4368,0,,0,0,2,68,68,0,68.0,159900.0
211.6,65,100,80,0.0,34.278,68.039,9.2769,250,0.9,-4000,0.0018347,10.912,29.009,76037,84729.0,6.4493,297.92,328.77,1.7208,7.5623,,23,,1.2818,0.19066,,,1.4245,0,,0,0,2,68,68,0,68.0,158980.0
211.8,65,100,80,0.0,55.049,20.412,156.38,250,0.9,-4000,0.0018516,11.027,29.023,75415,84011.0,6.4605,298.21,432.74,1.7061,7.5422,,23,,1.2287,0.19115,,,1.4122,0,,0,0,2,68,68,0,68.0,160210.0
212.0,65,100,80,0.0,71.336,116.88,15.638,250,0.9,-4000,0.0018758,11.117,29.035,74796,83296.0,6.4817,298.02,363.84,1.6914,7.4543,,23,,1.1847,0.19156,,,1.4,0,,0,0,2,68,68,0,68.0,159440.0
212.2,65,100,80,0.0,79.128,56.862,1.5638,250,0.9,0,0.0018798,11.145,29.047,74872,83383.0,6.4796,297.88,312.89,1.6867,7.2957,,23,,1.1709,0.19169,,,1.3961,0,,0,0,2,68,68,0,68.0,159490.0
212.4,65,100,80,0.0,87.881,17.059,76.276,250,0.9,0,0.0018382,11.209,29.059,74950,83471.0,6.4823,297.97,348.06,1.687,7.1156,,23,,1.1541,0.19184,,,1.3963,0,,0,0,2,68,68,0,68.0,159550.0
212.6,65,100,80,0.0,95.48,47.118,7.6276,250,0.9,0,0.0018271,11.238,29.07,75030,83561.0,6.4861,297.86,307.73,1.6876,6.9163,,23,,1.1561,0.19182,,,1.3968,0,,0,0,2,68,68,0,68.0,159930.0
212.8,65,100,80,0.0,101.56,14.136,132.42,250,0.9,0,0.0018578,11.239,29.08,75111,83653.0,6.492,298.1,394.3,1.6883,6.7146,,23,,1.1682,0.19171,,,1.3974,0,,0,0,2,68,68,0,68.0,159810.0
213.0,65,100,80,0.0,105.29,92.384,13.242,250,0.9,0,0.001843,11.248,29.09,75192,83744.0,6.4972,297.94,336.28,1.689,6.518,,23,,1.1737,0.19166,,,1.398,0,,0,0,2,68,68,0,68.0,159690.0
213.2,65,100,80,0.0,106.95,27.715,211.92,250,0.9,0,0.0017975,11.27,29.1,75274,83837.0,6.503,298.36,486.8,1.6896,6.3391,,23,,1.1761,0.19164,,,1.3985,0,,0,0,2,68,68,0,68.0,159240.0
213.4,65,100,80,0.0,106.28,169.99,21.192,250,0.9,0,0.0018624,11.225,29.11,75356,83929.0,6.5086,298.13,403.09,1.6903,6.1851,,23,,1.1899,0.19152,,,1.3991,0,,0,0,2,68,68,0,68.0,159790.0
213.6,65,100,80,0.0,103.37,100.68,2.1192,250,0.9,0,0.0018223,11.222,29.12,75437,84020.0,6.5148,297.94,335.79,1.691,6.0776,,23,,1.2016,0.19142,,,1.3997,0,,0,0,2,68,68,0,68.0,159830.0
213.8,65,100,80,0.0,97.966,30.203,110.36,250,0.9,0,0.0018939,11.162,29.131,75517,84111.0,6.5182,298.11,395.73,1.6917,6.0002,,23,,1.2195,0.19126,,,1.4003,0,,0,0,2,68,68,0,68.0,159880.0
214.0,65,100,80,0.0,91.229,86.245,11.036,250,0.9,0,0.0018715,11.153,29.142,75595,84200.0,6.5191,297.96,343.47,1.6925,5.9807,,23,,1.2189,0.19126,,,1.4009,0,,0,0,2,68,68,0,68.0,159430.0
214.2,65,100,80,0.0,84.112,39.455,1.1036,250,0.9,0,0.0018309,11.138,29.154,75672,84287.0,6.5152,297.85,302.34,1.6932,6.0068,,23,,1.2218,0.19124,,,1.4015,0,,0,0,2,68,68,0,68.0,159660.0
214.4,65,100,80,0.0,78.56,11.837,67.525,250,0.9,0,0.0017845,11.138,29.166,75748,84374.0,6.5087,297.93,332.36,1.6939,6.0779,,23,,1.225,0.19121,,,1.4021,0,,0,0,2,68,68,0,68.0,161050.0
214.6,65,100,80,0.0,75.619,3.551,0.0001,250,0.9,0,0.0018059,11.098,29.178,75824,84460.0,6.5023,297.86,304.86,1.6946,6.1768,,23,,1.2468,0.19102,,,1.4026,0,,0,0,2,68,68,0,68.0,160770.0
214.8,65,100,80,0.0,75.238,1.0653,75.407,250,0.9,0,0.0017936,11.093,29.191,75899,84546.0,6.4953,297.97,346.34,1.6953,6.3049,,23,,1.2599,0.1909,,,1.4032,0,,0,0,2,68,68,0,68.0,161330.0
215.0,65,100,80,0.0,77.644,35.392,7.5407,250,0.9,0,0.0018491,11.072,29.203,75975,84633.0,6.4909,297.88,312.08,1.696,6.4437,,23,,1.2628,0.19087,,,1.4038,0,,0,0,2,68,68,0,68.0,160060.0
215.2,65,100,80,0.0,81.812,10.618,116.58,250,0.9,0,0.0018496,11.104,29.215,76052,84720.0,6.4879,298.08,386.02,1.6967,6.5926,,23,,1.2552,0.19094,,,1.4044,0,,0,0,2,68,68,0,68.0,160110.0
215.4,65,100,80,0.0,87.175,76.323,11.658,250,0.9,0,0.001789,11.165,29.226,76130,84808.0,6.4881,297.94,337.11,1.6974,6.7237,,23,,1.2429,0.19104,,,1.405,0,,0,0,2,68,68,0,68.0,160330.0
215.6,65,100,80,0.0,92.44,22.897,177.84,250,0.9,0,0.0017937,11.194,29.237,76209,84898.0,6.4925,298.28,459.72,1.6981,6.8107,,23,,1.2377,0.19109,,,1.4056,0,,0,0,2,68,68,0,68.0,160710.0
215.8,65,100,80,0.0,95.95,137.07,17.784,250,0.9,0,0.0017696,11.212,29.247,76288,84988.0,6.5021,298.08,386.78,1.6988,6.8637,,23,,1.2417,0.19105,,,1.4062,0,,0,0,2,68,68,0,68.0,160430.0
216.0,65,100,80,0.0,95.608,76.532,1.7784,250,0.9,0,0.001746,11.219,29.257,76368,85078.0,6.5094,297.92,327.53,1.6995,6.8827,1197.4,23,1760.7,1.2445,0.19103,29.215,23.542,1.4067,0,78.598,0,0,2,68,68,0,68.0,161310.0
216.2,65,100,80,0.0,92.379,22.959,91.379,250,0.9,0,0.0017815,11.201,29.267,76447,85168.0,6.5173,298.04,373.08,1.7002,6.8853,,23,,1.2438,0.19103,,,1.4073,0,,0,0,2,68,68,0,68.0,161190.0
216.4,65,100,80,0.0,85.994,63.822,9.1379,250,0.9,0,0.0017941,11.174,29.278,76525,85256.0,6.521,297.92,326.42,1.7009,6.8759,,23,,1.2517,0.19096,,,1.4079,0,,0,0,2,68,68,0,68.0,161570.0
216.6,65,100,80,0.0,78.113,19.147,149.46,250,0.9,0,0.0017252,11.198,29.289,76601,85342.0,6.5219,298.18,425.51,1.7016,6.8677,,23,,1.2373,0.19109,,,1.4084,0,,0,0,2,68,68,0,68.0,161630.0
216.8,65,100,80,0.0,69.873,109.62,14.946,250,0.9,0,0.0017625,11.138,29.302,76675,85427.0,6.5182,298.02,363.04,1.7022,6.8558,,23,,1.2506,0.19097,,,1.409,0,,0,0,2,68,68,0,68.0,160180.0
217.0,65,100,80,0.0,63.133,56.185,1.4946,250,0.9,0,0.0018655,11.057,29.315,76748,85511.0,6.509,297.88,313.25,1.7029,6.8685,,23,,1.2667,0.19083,,,1.4096,0,,0,0,2,68,68,0,68.0,160910.0
217.2,65,100,80,0.0,60.079,16.856,78.084,250,0.9,0,0.0018493,11.07,29.328,76820,85594.0,6.499,297.98,350.31,1.7037,6.9089,,23,,1.2609,0.19088,,,1.4102,0,,0,0,2,68,68,0,68.0,160810.0
217.4,65,100,80,0.0,61.02,47.962,7.8084,250,0.9,0,0.0018146,11.077,29.34,76893,85678.0,6.4898,297.87,310.19,1.7044,6.9463,,23,,1.2709,0.19079,,,1.4108,0,,0,0,2,68,68,0,68.0,160530.0
217.6,65,100,80,0.0,65.613,14.389,130.92,250,0.9,0,0.0018056,11.078,29.353,76966,85762.0,6.4839,298.1,394.99,1.7051,6.9705,,23,,1.2963,0.19057,,,1.4114,0,,0,0,2,68,68,0,68.0,161920.0
217.8,65,100,80,0.0,72.573,89.359,13.092,250,0.9,0,0.0018261,11.083,29.364,77041,85848.0,6.4851,297.96,341.36,1.7058,6.9779,,23,,1.3063,0.19048,,,1.412,0,,0,0,2,68,68,0,68.0,161650.0
218.0,65,100,80,0.0,79.047,41.591,1.3092,250,0.9,0,0.0017893,11.13,29.376,77118,85935.0,6.4913,297.84,297.81,1.7065,6.9704,,23,,1.2975,0.19055,,,1.4126,0,,0,0,2,68,68,0,68.0,162030.0
218.2,65,100,80,0.0,83.022,12.477,72.656,250,0.9,0,0.0017488,11.171,29.386,77195,86022.0,6.5012,297.93,331.6,1.7072,6.9468,,23,,1.2954,0.19057,,,1.4132,0,,0,0,2,68,68,0,68.0,161250.0
218.4,65,100,80,0.0,83.04,3.7432,0.0001,250,0.9,0,0.0017546,11.172,29.396,77272,86110.0,6.5111,297.86,303.69,1.7079,6.8974,,23,,1.3009,0.19052,,,1.4137,0,,0,0,2,68,68,0,68.0,162460.0
218.6,65,100,80,0.0,79.123,1.123,77.801,250,0.9,0,0.001687,11.175,29.406,77348,86197.0,6.5212,297.97,346.98,1.7086,6.8339,,23,,1.3183,0.19037,,,1.4143,0,,0,0,2,68,68,0,68.0,161840.0
218.8,65,100,80,0.0,71.147,36.362,7.7801,250,0.9,0,0.0016972,11.145,29.416,77422,86282.0,6.526,297.88,312.27,1.7092,6.7716,,23,,1.3263,0.1903,,,1.4148,0,,0,0,2,68,68,0,68.0,160890.0
219.0,65,100,80,0.0,61.303,10.909,117.55,250,0.9,0,0.0016978,11.092,29.427,77495,86365.0,6.5215,298.08,386.83,1.7098,6.7231,,23,,1.3519,0.19007,,,1.4153,0,,0,0,2,68,68,0,68.0,160770.0
219.2,65,100,80,0.0,53.239,75.972,11.755,250,0.9,0,0.0016229,11.109,29.438,77566,86446.0,6.5122,297.94,336.78,1.7104,6.6914,,23,,1.3465,0.19012,,,1.4158,0,,0,0,2,68,68,0,68.0,162490.0
219.4,65,100,80,0.0,48.893,22.792,177.15,250,0.9,0,0.0016254,11.103,29.449,77636,86527.0,6.5014,298.27,458.07,1.711,6.6664,,23,,1.3463,0.19012,,,1.4163,0,,0,0,2,68,68,0,68.0,161870.0
219.6,65,100,80,0.0,48.861,133.61,17.715,250,0.9,0,0.001628,11.104,29.459,77706,86607.0,6.4899,298.08,386.64,1.7116,6.651,,23,,1.3439,0.19014,,,1.4168,0,,0,0,2,68,68,0,68.0,161420.0
219.8,65,100,80,0.0,53.424,75.431,1.7715,250,0.9,0,0.0016715,11.11,29.471,77777,86689.0,6.4821,297.92,328.81,1.7122,6.6381,,23,,1.3347,0.19022,,,1.4173,0,,0,0,2,68,68,0,68.0,162640.0
220.0,65,100,80,0.0,61.077,22.629,89.254,250,0.9,0,0.0016674,11.145,29.481,77849,86772.0,6.4791,298.04,372.62,1.7128,6.6355,,23,,1.3326,0.19023,,,1.4178,0,,0,0,2,68,68,0,68.0,162020.0
220.2,65,100,80,0.0,69.948,61.236,8.9254,250,0.9,0,0.001691,11.146,29.49,77923,86856.0,6.4824,297.92,326.32,1.7134,6.6202,,23,,1.3524,0.19006,,,1.4183,0,,0,0,2,68,68,0,68.0,161070.0
220.4,65,100,80,0.0,77.5,18.371,143.99,250,0.9,0,0.0016682,11.2,29.499,77999,86943.0,6.4891,298.17,420.65,1.714,6.5902,,23,,1.3433,0.19014,,,1.4188,0,,0,0,2,68,68,0,68.0,162270.0
220.6,65,100,80,0.0,82.387,102.81,14.399,250,0.9,0,0.0016426,11.245,29.507,78076,87030.0,6.4959,298.01,359.21,1.7146,6.5378,,23,,1.3325,0.19023,,,1.4193,0,,0,0,2,68,68,0,68.0,162480.0
220.8,65,100,80,0.0,84.543,50.884,1.4399,250,0.9,0,0.0016318,11.263,29.514,78153,87117.0,6.5028,297.88,311.22,1.7152,6.4659,,23,,1.3271,0.19028,,,1.4198,0,,0,0,2,68,68,0,68.0,161510.0
221.0,65,100,80,0.0,83.925,15.265,72.783,250,0.9,0,0.0016845,11.214,29.522,78230,87205.0,6.5071,297.96,343.38,1.7158,6.3873,,23,,1.3502,0.19007,,,1.4203,0,,0,0,2,68,68,0,68.0,162050.0
221.2,65,100,80,0.0,81.633,41.074,7.2783,250,0.9,0,0.0016998,11.207,29.531,78306,87292.0,6.5098,297.86,305.55,1.7165,6.3342,,23,,1.3437,0.19013,,,1.4208,0,,0,0,2,68,68,0,68.0,162090.0
221.4,65,100,80,0.0,78.221,12.322,119.98,250,0.9,0,0.0016556,11.242,29.539,78382,87379.0,6.5099,298.06,381.02,1.7171,6.3128,,23,,1.3315,0.19024,,,1.4214,0,,0,0,2,68,68,0,68.0,162290.0
221.6,65,100,80,0.0,74.791,76.884,11.998,250,0.9,0,0.0015907,11.254,29.546,78457,87464.0,6.5065,297.92,328.92,1.7177,6.2796,,23,,1.3394,0.19017,,,1.4218,0,,0,0,2,68,68,0,68.0,162990.0
221.8,65,100,80,0.0,72.726,23.065,183.3,250,0.9,0,0.0015225,11.296,29.553,78532,87549.0,6.5035,298.26,454.82,1.7182,6.2477,,23,,1.3347,0.19021,,,1.4223,0,,0,0,2,68,68,0,68.0,162520.0
222.0,65,100,80,0.0,71.83,136.09,18.33,250,0.9,0,0.0014471,11.342,29.559,78606,87633.0,6.4999,298.05,374.92,1.7186,6.1974,,23,,1.3309,0.19024,,,1.4227,0,,0,0,2,68,68,0,68.0,162210.0
222.2,65,100,80,0.0,72.401,70.453,1.833,250,0.9,0,0.0014354,11.376,29.564,78681,87718.0,6.4984,297.89,314.1,1.7191,6.1205,,23,,1.3142,0.19038,,,1.423,0,,0,0,2,68,68,0,68.0,162570.0
222.4,65,100,80,0.0,73.541,21.136,88.653,250,0.9,0,0.0014982,11.333,29.57,78756,87803.0,6.4955,298.0,356.49,1.7195,6.0375,,23,,1.3321,0.19023,,,1.4234,0,,0,0,2,68,68,0,68.0,162430.0
222.6,65,100,80,0.0,75.848,56.614,8.8653,250,0.9,0,0.0015152,11.333,29.577,78831,87889.0,6.4952,297.87,309.06,1.72,5.9794,,23,,1.3348,0.1902,,,1.4238,0,,0,0,2,68,68,0,68.0,162960.0
222.8,65,100,80,0.0,78.265,16.984,147.46,250,0.9,0,0.0015434,11.342,29.583,78907,87975.0,6.4988,298.13,405.93,1.7205,5.9399,,23,,1.3293,0.19025,,,1.4242,0,,0,0,2,68,68,0,68.0,162160.0
223.0,65,100,80,0.0,79.258,101.07,14.746,250,0.9,0,0.0015271,11.368,29.588,78982,88061.0,6.5026,297.95,338.49,1.7209,5.9155,,23,,1.3191,0.19034,,,1.4246,0,,0,0,2,68,68,0,68.0,162850.0
223.2,65,100,80,0.0,78.731,42.792,1.4746,250,0.9,0,0.001575,11.335,29.595,79058,88147.0,6.5079,297.82,289.13,1.7215,5.8893,,23,,1.328,0.19026,,,1.425,0,,0,0,2,68,68,0,68.0,162710.0
223.4,65,100,80,0.0,76.067,12.838,73.208,250,0.9,0,0.0015636,11.329,29.601,79133,88232.0,6.514,297.9,321.23,1.722,5.8949,,23,,1.3385,0.19017,,,1.4254,0,,0,0,2,68,68,0,68.0,163240.0
223.6,65,100,80,0.0,70.999,3.8513,0.0001,250,0.9,0,0.0015816,11.297,29.607,79208,88317.0,6.5152,297.83,292.46,1.7225,5.91,,23,,1.3474,0.19009,,,1.4259,0,,0,0,2,68,68,0,68.0,161930.0
223.8,65,100,80,0.0,65.446,1.1554,81.602,250,0.9,0,0.0015698,11.279,29.614,79281,88400.0,6.5113,297.95,338.67,1.723,5.955,,23,,1.3607,0.18997,,,1.4263,0,,0,0,2,68,68,0,68.0,161800.0
224.0,65,100,80,0.0,61.477,37.069,8.1602,250,0.9,0,0.0015172,11.296,29.62,79353,88483.0,6.505,297.84,297.52,1.7235,6.0105,,23,,1.3604,0.18997,,,1.4267,0,,0,0,2,68,68,0,68.0,162490.0
224.2,65,100,80,0.0,60.015,11.121,131.03,250,0.9,0,0.0015141,11.29,29.627,79425,88565.0,6.4997,298.06,382.05,1.724,6.0599,,23,,1.3699,0.18989,,,1.4271,0,,0,0,2,68,68,0,68.0,162850.0
224.4,65,100,80,0.0,60.656,82.261,13.103,250,0.9,0,0.0015186,11.279,29.633,79497,88648.0,6.4969,297.9,319.25,1.7245,6.1121,,23,,1.3838,0.18977,,,1.4275,0,,0,0,2,68,68,0,68.0,163210.0
224.6,65,100,80,0.0,62.389,24.678,206.72,250,0.9,0,0.0015369,11.285,29.639,79570,88730.0,6.4978,298.27,462.65,1.7249,6.1635,,23,,1.3844,0.18976,,,1.4279,0,,0,0,2,68,68,0,68.0,161740.0
224.8,65,100,80,0.0,63.764,151.22,20.672,250,0.9,0,0.0015242,11.307,29.645,79642,88813.0,6.4994,298.01,361.49,1.7254,6.2133,,23,,1.3745,0.18984,,,1.4283,0,,0,0,2,68,68,0,68.0,162770.0
225.0,65,100,80,0.0,64.505,67.728,2.0672,250,0.9,0,0.0015646,11.298,29.651,79715,88897.0,6.4986,297.84,295.49,1.7259,6.2496,,23,,1.3668,0.18991,,,1.4287,0,,0,0,2,68,68,0,68.0,161800.0
225.2,65,100,80,0.0,65.591,20.319,85.695,250,0.9,0,0.0015947,11.272,29.658,79788,88980.0,6.4976,297.94,333.43,1.7264,6.2971,,23,,1.3854,0.18975,,,1.4292,0,,0,0,2,68,68,0,68.0,163330.0
225.4,65,100,80,0.0,67.071,6.0956,0.0001,250,0.9,0,0.0015837,11.282,29.665,79862,89064.0,6.4984,297.86,302.86,1.727,6.3535,,23,,1.3886,0.18972,,,1.4296,0,,0,0,2,68,68,0,68.0,162190.0
225.6,65,100,80,0.0,68.244,1.8287,83.074,250,0.9,0,0.0015727,11.295,29.672,79936,89148.0,6.5018,297.98,349.68,1.7275,6.4023,,23,,1.3927,0.18968,,,1.43,0,,0,0,2,68,68,0,68.0,163060.0
225.8,65,100,80,0.0,68.042,39.029,8.3074,250,0.9,0,0.0015714,11.283,29.678,80009,89232.0,6.5053,297.87,306.3,1.728,6.4217,,23,,1.4081,0.18955,,,1.4304,0,,0,0,2,68,68,0,68.0,162580.0
226.0,65,100,80,0.0,66.448,11.709,129.84,250,0.9,0,0.0015332,11.29,29.683,80083,89316.0,6.508,298.08,388.82,1.7285,6.4255,,23,,1.4237,0.18941,,,1.4308,0,,0,0,2,68,68,0,68.0,162110.0
226.2,65,100,80,0.0,63.765,81.356,12.984,250,0.9,0,0.0015218,11.291,29.689,80155,89399.0,6.5092,297.91,323.09,1.729,6.3963,,23,,1.4256,0.18939,,,1.4312,0,,0,0,2,68,68,0,68.0,162470.0
226.4,65,100,80,0.0,60.602,24.407,203.83,250,0.9,0,0.0014688,11.342,29.694,80227,89481.0,6.5087,298.27,463.06,1.7294,6.3479,,23,,1.408,0.18954,,,1.4316,0,,0,0,2,68,68,0,68.0,162320.0
226.6,65,100,80,0.0,57.643,147.27,20.383,250,0.9,0,0.0014376,11.347,29.698,80299,89563.0,6.5053,298.01,361.59,1.7298,6.2668,,23,,1.405,0.18957,,,1.4319,0,,0,0,2,68,68,0,68.0,163170.0
226.8,65,100,80,0.0,56.036,64.278,2.0383,250,0.9,0,0.001432,11.341,29.703,80370,89644.0,6.5001,297.84,297.09,1.7302,6.1721,,23,,1.4106,0.18952,,,1.4323,0,,0,0,2,68,68,0,68.0,163030.0
227.0,65,100,80,0.0,56.506,19.283,79.942,250,0.9,0,0.0014167,11.369,29.708,80441,89725.0,6.4952,297.93,330.35,1.7306,6.0847,,23,,1.399,0.18962,,,1.4326,0,,0,0,2,68,68,0,68.0,163550.0
227.2,65,100,80,0.0,58.935,5.785,0.0001,250,0.9,0,0.0014117,11.399,29.712,80513,89807.0,6.4934,297.85,299.88,1.731,5.9945,,23,,1.3884,0.18971,,,1.4329,0,,0,0,2,68,68,0,68.0,163230.0
227.4,65,100,80,0.0,62.082,1.7355,80.63,250,0.9,0,0.0013737,11.452,29.715,80585,89890.0,6.4938,297.97,344.51,1.7313,5.897,,23,,1.3685,0.18989,,,1.4332,0,,0,0,2,68,68,0,68.0,162580.0
227.6,65,100,80,0.0,65.069,36.4,8.063,250,0.9,0,0.0013758,11.452,29.718,80658,89972.0,6.4965,297.86,304.3,1.7317,5.7946,,23,,1.3794,0.18979,,,1.4335,0,,0,0,2,68,68,0,68.0,163930.0
227.8,65,100,80,0.0,66.993,10.92,123.71,250,0.9,0,0.0013863,11.466,29.722,80731,90056.0,6.5007,298.06,382.36,1.732,5.6937,,23,,1.3762,0.18982,,,1.4338,0,,0,0,2,68,68,0,68.0,162940.0
228.0,65,100,80,0.0,67.232,75.783,12.371,250,0.9,0,0.0013515,11.496,29.725,80804,90139.0,6.5048,297.91,323.99,1.7323,5.6118,1201.9,23,1799.9,1.3689,0.18988,29.712,23.266,1.434,0,74.947,0,0,2,68,68,0,68.0,162450.0
228.2,65,100,80,0.0,65.839,22.735,188.31,250,0.9,0,0.0013269,11.503,29.727,80877,90221.0,6.5087,298.24,452.9,1.7326,5.5367,,23,,1.3757,0.18982,,,1.4343,0,,0,0,2,68,68,0,68.0,163130.0
228.4,65,100,80,0.0,62.883,134.75,18.831,250,0.9,0,0.0013339,11.466,29.73,80950,90304.0,6.5093,298.03,369.77,1.7328,5.4754,,23,,1.4005,0.1896,,,1.4345,0,,0,0,2,68,68,0,68.0,163140.0
228.6,65,100,80,0.0,59.696,67.876,1.8831,250,0.9,0,0.0013588,11.436,29.734,81021,90385.0,6.5085,297.87,308.05,1.7331,5.4354,,23,,1.4141,0.18948,,,1.4347,0,,0,0,2,68,68,0,68.0,163160.0
228.8,65,100,80,0.0,56.812,20.363,87.466,250,0.9,0,0.0013688,11.403,29.738,81092,90466.0,6.5068,297.98,348.72,1.7334,5.4262,,23,,1.4358,0.18929,,,1.435,0,,0,0,2,68,68,0,68.0,163010.0
229.0,65,100,80,0.0,54.617,52.686,8.7466,250,0.9,0,0.0014424,11.355,29.743,81163,90547.0,6.5025,297.85,300.73,1.7338,5.455,,23,,1.443,0.18923,,,1.4353,0,,0,0,2,68,68,0,68.0,163200.0
229.2,65,100,80,0.0,54.152,15.806,144.71,250,0.9,0,0.0015049,11.321,29.749,81234,90628.0,6.4948,298.09,394.86,1.7342,5.5339,,23,,1.4547,0.18913,,,1.4356,0,,0,0,2,68,68,0,68.0,163060.0
229.4,65,100,80,0.0,56.77,94.242,14.471,250,0.9,0,0.001514,11.309,29.754,81305,90709.0,6.4894,297.92,327.15,1.7346,5.6426,,23,,1.4724,0.18897,,,1.4359,0,,0,0,2,68,68,0,68.0,163580.0
229.6,65,100,80,0.0,61.503,28.273,221.88,250,0.9,0,0.0015051,11.348,29.759,81377,90791.0,6.4859,298.32,482.37,1.735,5.7521,,23,,1.4621,0.18906,,,1.4363,0,,0,0,2,68,68,0,68.0,162770.0
229.8,65,100,80,0.0,67.666,163.23,22.188,250,0.9,0,0.0015001,11.388,29.763,81450,90875.0,6.4871,298.07,383.84,1.7355,5.8468,,23,,1.4475,0.18919,,,1.4366,0,,0,0,2,68,68,0,68.0,163950.0
230.0,65,100,80,0.0,73.35,85.55,2.2188,250,0.9,0,0.0015201,11.402,29.767,81524,90960.0,6.492,297.88,310.99,1.7359,5.924,1199.2,23,1807.0,1.4443,0.18922,29.749,23.21,1.437,0,74.329,0,0,2,68,68,0,68.0,162640.0
