time,aeration_rate,agitator,sugar_feed_rate,acid_flow_rate,base_flow_rate,heating/cooling_water_flow_rate,heating_water_flow_rate,water_for_injection/dilution,air_head_pressure,dumped_broth_flow,substrate_concentration,dissolved_oxygen_concentration,penicillin_concentration,vessel_volume,vessel_weight,pH,temperature,generated_heat,CO2_percent_in_off_gas,PAA_flow,PAA_concentration,oil_flow,NH3_concentration,oxygen_uptake_rate,oxygen_in_percent_in_off_gas,offline_penicillin_concentration,offline_biomass_concentration,carbon_evolution_rate,ammonia_shots,viscosity,Fault reference(Fault_ref:Fault ref),0 - Recipe driven 1 - Operator controlled(Control_ref:Control ref),1- No Raman spec, 1-Raman spec recorded,2-PAT control(PAT_ref:PAT ref),Batch reference(Batch_ref:Batch ref),experiment_ID,Fault flag
0.2,30,100,8,0.0,76.596,0.0001,62.502,0,0.6,0,1.0805,14.807,0.001,58213,61913.0,6.3698,297.87,49.712,0.075425,5.0,,22,,-0.19416,0.20864,,,0.028685,0,,0,0,1,93,93,1,93.0,0.0
0.4,30,100,8,0.0,128.69,0.0001,25.366,0,0.6,0,1.1384,14.797,0.00099908,58236,61940.0,6.4439,297.93,64.417,0.084175,5.0,,22,,-0.13899,0.2076,,,0.032014,0,,0,0,1,93,93,1,93.0,0.0
0.6,30,100,8,0.0,151.42,0.0001,0.0001,0,0.6,0,1.1946,14.798,0.0009981,58264,61972.0,6.5173,297.9,55.646,0.087128,5.0,,22,,-0.12623,0.20736,,,0.033137,0,,0,0,1,93,93,1,93.0,0.0
0.8,30,100,8,0.0,145.03,0.0001,44.48,0,0.6,0,1.2497,14.796,0.00099713,58290,62003.0,6.5882,298.02,89.198,0.088923,5.0,,22,,-0.12261,0.20729,,,0.03382,0,,0,0,1,93,93,1,93.0,0.0
1.0,30,100,8,0.51434,72.514,39.503,4.448,0,0.6,0,1.3042,14.772,0.00099643,58302,62019.0,6.6463,297.96,72.938,0.090527,5.0,1407.8,22,1727.4,-0.11179,0.20708,0.001,0.39381,0.03443,0,4.0753,0,0,1,93,93,1,93.0,0.0
1.2,30,100,8,1.0301,36.257,18.414,0.4448,0,0.6,0,1.3578,14.764,0.00099584,58307,62029.0,6.6782,297.91,59.805,0.092141,5.0,,22,,-0.10616,0.20697,,,0.035044,0,,0,0,1,93,93,1,93.0,0.0
1.4,30,100,8,1.5487,18.128,5.5242,35.765,0,0.6,0,1.4103,14.758,0.00099532,58308,62034.0,6.6796,298.0,84.763,0.093805,5.0,,22,,-0.10365,0.20692,,,0.035677,0,,0,0,1,93,93,1,93.0,0.0
1.6,30,100,8,2.0699,9.0642,34.654,3.5765,0,0.6,0,1.4617,14.744,0.00099483,58307,62038.0,6.6626,297.95,69.069,0.095536,5.0,,22,,-0.098023,0.20682,,,0.036336,0,,0,0,1,93,93,1,93.0,0.0
1.8,30,100,8,2.5919,4.5321,10.396,86.383,0,0.6,0,1.5116,14.741,0.00099434,58306,62041.0,6.637,298.21,140.52,0.097345,5.0,,22,,-0.096715,0.20679,,,0.037024,0,,0,0,1,93,93,1,93.0,0.0
2.0,30,100,8,3.1142,2.2661,100.69,8.6383,0,0.6,0,1.5596,14.727,0.00099386,58304,62044.0,6.6081,298.08,104.82,0.099238,5.0,,22,,-0.091602,0.20669,,,0.037744,0,,0,0,1,93,93,1,93.0,0.0
2.2,30,100,8,3.6366,1.133,60.72,0.86383,0,0.6,0,1.6059,14.699,0.00099339,58303,62047.0,6.5781,297.98,77.486,0.10122,5.0,,22,,-0.07913,0.20645,,,0.038498,0,,0,0,1,93,93,1,93.0,21738.0
2.4,30,100,8,4.1589,0.56651,29.511,0.086383,0,0.6,0,1.6505,14.68,0.00099291,58301,62050.0,6.5485,297.92,62.581,0.10329,5.0,,22,,-0.069205,0.20627,,,0.039287,0,,0,0,1,93,93,1,93.0,21566.0
2.6,30,100,8,0.0,0.0,8.8534,36.456,0,0.6,0,1.6933,14.676,0.00099245,58298,62051.0,6.5263,298.02,90.263,0.10546,5.0,,22,,-0.066365,0.20621,,,0.04011,0,,0,0,1,93,93,1,93.0,21895.0
2.8,30,100,8,0.0,0.0,41.926,3.6456,0,0.6,0,1.734,14.66,0.00099198,58296,62053.0,6.505,297.97,75.222,0.10772,5.0,,22,,-0.060672,0.2061,,,0.040972,0,,0,0,1,93,93,1,93.0,21723.0
3.0,30,100,8,0.0,0.0,22.72,0.36456,0,0.6,0,1.7726,14.632,0.00099152,58293,62055.0,6.4845,297.93,64.987,0.11009,5.0,,22,,-0.048508,0.20587,,,0.041875,0,,0,0,1,93,93,1,93.0,22052.0
3.2,30,100,15,0.0,6.7197,6.816,34.105,0,0.6,0,1.8227,14.621,0.000991,58293,62060.0,6.4749,298.04,93.516,0.11257,5.0,,22,,-0.042488,0.20575,,,0.042817,0,,0,0,1,93,93,1,93.0,21381.0
3.4,30,100,15,0.0,17.236,41.187,3.4105,0,0.6,0,1.8724,14.597,0.00099045,58295,62067.0,6.4825,297.98,79.488,0.11515,5.0,,22,,-0.03249,0.20556,,,0.043797,0,,0,0,1,93,93,1,93.0,21376.0
3.6,30,100,15,0.0,24.682,23.716,0.34105,0,0.6,0,1.9204,14.574,0.00098988,58299,62076.0,6.5009,297.95,70.557,0.11781,5.0,,22,,-0.021682,0.20535,,,0.044809,0,,0,0,1,93,93,1,93.0,22204.0
3.8,30,100,15,0.0,24.811,12.03,0.034105,0,0.6,0,1.9662,14.55,0.00098931,58302,62084.0,6.5175,297.94,66.665,0.12056,5.0,,22,,-0.010328,0.20514,,,0.045858,0,,0,0,1,93,93,1,93.0,21200.0
4.0,30,100,15,0.0,18.351,3.6089,20.761,0,0.6,0,2.0094,14.528,0.00098876,58305,62092.0,6.522,298.01,86.386,0.12342,5.0,,22,,-0.00041396,0.20494,,,0.046945,0,,0,0,1,93,93,1,93.0,22195.0
4.2,30,100,15,0.0,10.095,26.7,2.0761,0,0.6,0,2.0778,14.498,0.00098824,58305,62099.0,6.5129,297.99,80.089,0.12638,5.0,,30,,0.0092365,0.20476,,,0.048072,0,,0,0,1,93,93,1,93.0,21190.0
4.4,30,100,15,0.0,5.5156,18.424,0.20761,0,0.6,0,2.1441,14.468,0.00098773,58305,62105.0,6.4969,297.97,76.285,0.12946,5.0,,30,,0.021996,0.20451,,,0.049241,0,,0,0,1,93,93,1,93.0,22352.0
4.6,30,100,15,0.0,7.2841,13.204,0.020761,0,0.6,0,2.2083,14.441,0.00098722,58305,62111.0,6.4844,297.97,75.558,0.13265,5.0,,30,,0.03378,0.20429,,,0.050458,0,,0,0,1,93,93,1,93.0,21014.0
4.8,30,100,15,0.0,14.016,11.337,0.0020761,0,0.6,0,2.271,14.42,0.00098668,58307,62119.0,6.4834,297.97,76.377,0.13598,5.0,,30,,0.042998,0.20411,,,0.051722,0,,0,0,1,93,93,1,93.0,21342.0
5.0,30,100,15,0.0,21.129,11.272,0.00020761,0,0.6,0,2.3314,14.385,0.00098612,58310,62129.0,6.4928,297.98,78.153,0.13941,5.0,,30,,0.057759,0.20383,,,0.053028,0,,0,0,1,93,93,1,93.0,22004.0
5.2,30,100,15,0.0,24.5,12.508,0.0001,0,0.6,0,2.3896,14.37,0.00098557,58312,62138.0,6.5065,297.99,80.4,0.14296,0.0,,30,,0.064571,0.20369,,,0.054379,0,,0,0,1,93,93,1,93.0,21499.0
5.4,30,100,15,0.0,22.399,14.572,0.0001,0,0.6,0,2.4459,14.341,0.00098503,58315,62146.0,6.5161,298.0,82.864,0.14663,0.0,,30,,0.075301,0.20348,,,0.055778,0,,0,0,1,93,93,1,93.0,21494.0
5.6,30,100,15,0.0,16.499,17.215,0.0001,0,0.6,0,2.4993,14.3,0.0009845,58316,62154.0,6.5143,298.01,85.606,0.15045,0.0,,30,,0.091676,0.20317,,,0.057228,0,,0,0,1,93,93,1,93.0,21989.0
5.8,30,100,15,0.0,11.339,20.554,0.0001,0,0.6,0,2.55,14.265,0.000984,58316,62160.0,6.5039,298.02,87.933,0.1544,0.0,,30,,0.10684,0.20288,,,0.058732,0,,0,0,1,93,93,1,93.0,20984.0
6.0,30,100,15,0.0,10.314,23.734,0.0001,0,0.6,0,2.5968,14.231,0.00098349,58315,62166.0,6.4921,298.02,89.989,0.15851,0.0,,30,,0.12082,0.20261,,,0.060295,0,,0,0,1,93,93,1,93.0,21479.0
6.2,30,100,15,0.0,13.982,26.904,0.0001,0,0.6,0,2.6401,14.192,0.00098297,58316,62173.0,6.4847,298.03,91.349,0.16278,0.0,,30,,0.13672,0.2023,,,0.061922,0,,0,0,1,93,93,1,93.0,21641.0
6.4,30,100,15,0.0,20.622,29.472,0.0001,0,0.6,0,2.6791,14.154,0.00098243,58318,62181.0,6.4848,298.03,92.602,0.16723,0.0,,30,,0.15246,0.202,,,0.063616,0,,0,0,1,93,93,1,93.0,21803.0
6.6,30,100,15,0.0,27.18,32.113,0.0001,0,0.6,0,2.7153,14.135,0.00098187,58321,62191.0,6.4913,298.04,93.562,0.17184,0.0,,30,,0.15975,0.20185,,,0.065369,0,,0,0,1,93,93,1,93.0,22464.0
6.8,30,100,15,0.0,31.165,34.556,0.0001,0,0.6,0,2.7479,14.103,0.0009813,58325,62201.0,6.5011,298.05,95.788,0.1766,0.0,,30,,0.1703,0.20164,,,0.06718,0,,0,0,1,93,93,1,93.0,21126.0
7.0,30,100,15,0.0,31.218,38.766,0.0001,0,0.6,0,2.7769,14.08,0.00098072,58329,62211.0,6.5111,298.05,97.492,0.18152,0.0,,30,,0.17783,0.20149,,,0.069053,0,,0,0,1,93,93,1,93.0,22121.0
7.2,30,100,15,0.0,27.278,42.582,0.0001,0,0.6,0,2.8025,14.041,0.00098016,58332,62221.0,6.5158,298.06,99.022,0.1866,0.0,,30,,0.19067,0.20124,,,0.070989,0,,0,0,1,93,93,1,93.0,21616.0
7.4,30,100,15,0.0,21.478,46.426,0.0001,0,0.6,0,2.8237,13.989,0.00097962,58334,62229.0,6.5133,298.06,100.97,0.19187,0.0,,30,,0.21041,0.20086,,,0.072991,0,,0,0,1,93,93,1,93.0,21444.0
7.6,30,100,15,0.0,16.701,51.031,0.0001,0,0.6,0,2.8408,13.926,0.0009791,58335,62237.0,6.5026,298.07,103.55,0.19732,0.0,,30,,0.23587,0.20037,,,0.075066,0,,0,0,1,93,93,1,93.0,21272.0
7.8,30,100,15,0.0,16.19,56.698,0.0001,0,0.6,0,2.8541,13.882,0.00097857,58336,62244.0,6.491,298.08,105.9,0.20297,0.0,,30,,0.25441,0.20001,,,0.077217,0,,0,0,1,93,93,1,93.0,21267.0
8.0,30,100,15,0.0,20.309,62.42,0.0001,0,0.6,0,2.8631,13.841,0.00097803,58337,62252.0,6.4841,298.09,107.76,0.20883,0.0,,30,,0.26968,0.19971,,,0.079448,0,,0,0,1,93,93,1,93.0,21595.0
8.2,42,100,15,0.0,27.192,67.841,0.0001,0,0.6,0,2.8678,13.907,0.00097747,58340,62262.0,6.4849,298.09,108.94,0.1693,0.0,,30,,0.21144,0.20202,,,0.090164,0,,0,0,1,93,93,1,93.0,22090.0
8.4,42,100,15,0.0,33.724,72.664,0.0001,0,0.6,0,2.8675,13.859,0.00097689,58345,62272.0,6.4917,298.1,110.98,0.16886,0.0,,30,,0.20317,0.20213,,,0.08993,0,,0,0,1,93,93,1,93.0,22585.0
8.6,42,100,15,0.0,37.558,78.775,0.0001,0,0.6,0,2.8625,13.804,0.00097629,58350,62284.0,6.5012,298.1,111.25,0.17297,0.0,,30,,0.22392,0.20185,,,0.092122,0,,0,0,1,93,93,1,93.0,21413.0
8.8,42,100,15,0.0,37.588,82.877,0.0001,0,0.6,0,2.8518,13.748,0.0009757,58355,62295.0,6.5097,298.1,111.52,0.17776,0.0,,30,,0.2461,0.20154,,,0.094672,0,,0,0,1,93,93,1,93.0,21574.0
9.0,42,100,15,0.0,34.245,87.063,0.0001,0,0.6,0,2.8373,13.711,0.00097512,58360,62306.0,6.515,298.11,112.59,0.18277,0.0,,30,,0.25711,0.20138,,,0.097343,0,,0,0,1,93,93,1,93.0,20569.0
9.2,42,100,15,0.0,28.768,92.313,0.0001,0,0.6,0,2.8183,13.651,0.00097455,58363,62316.0,6.5112,298.12,114.8,0.18797,0.0,,30,,0.28005,0.20106,,,0.10011,0,,0,0,1,93,93,1,93.0,22064.0
9.4,42,100,15,0.0,24.837,99.159,0.0001,0,0.6,0,2.7932,13.583,0.000974,58366,62325.0,6.5014,298.13,119.61,0.19337,0.0,,30,,0.30848,0.20067,,,0.10299,0,,0,0,1,93,93,1,93.0,20558.0
9.6,42,100,15,0.0,24.83,109.61,0.0001,0,0.6,0,2.7616,13.52,0.00097345,58368,62334.0,6.4908,298.14,121.91,0.19899,0.0,,30,,0.33154,0.20035,,,0.10598,0,,0,0,1,93,93,1,93.0,21720.0
9.8,42,100,15,0.0,29.015,117.44,0.0001,0,0.6,0,2.7241,13.461,0.00097289,58372,62344.0,6.4859,298.15,123.85,0.20482,0.0,,30,,0.3541,0.20003,,,0.10909,0,,0,0,1,93,93,1,93.0,21548.0
10.0,42,100,15,0.0,35.157,125.2,0.0001,0,0.6,0,2.6807,13.396,0.0009723,58377,62355.0,6.4857,298.15,124.65,0.21086,0.0,,30,,0.37896,0.19969,,,0.11231,0,,0,0,1,93,93,1,93.0,20876.0
10.2,42,100,15,0.0,41.376,131.78,0.0001,0,0.6,0,2.631,13.32,0.00097169,58382,62367.0,6.4918,298.16,125.92,0.21712,0.0,,30,,0.41009,0.19925,,,0.11565,0,,0,0,1,93,93,1,93.0,20537.0
10.4,42,100,15,0.0,45.148,139.11,0.0001,0,0.6,0,2.5748,13.237,0.00097107,58389,62381.0,6.5008,298.17,128.6,0.22362,0.0,,30,,0.4466,0.19875,,,0.11911,0,,0,0,1,93,93,1,93.0,20698.0
10.6,42,100,15,0.0,45.356,148.4,0.0001,0,0.6,0,2.5128,13.158,0.00097045,58396,62394.0,6.5096,298.18,132.91,0.23033,0.0,,30,,0.48271,0.19825,,,0.12268,0,,0,0,1,93,93,1,93.0,20859.0
10.8,42,100,15,0.0,42.038,160.12,0.0001,0,0.6,0,2.4442,13.07,0.00096985,58402,62406.0,6.5123,298.2,137.43,0.23724,0.0,,30,,0.52292,0.19769,,,0.12637,0,,0,0,1,93,93,1,93.0,21521.0
11.0,42,100,15,0.0,37.676,172.66,0.0001,0,0.6,0,2.3691,12.982,0.00096925,58407,62418.0,6.5079,298.21,139.63,0.24436,0.0,,30,,0.56215,0.19715,,,0.13017,0,,0,0,1,93,93,1,93.0,21515.0
11.2,42,100,15,0.0,35.051,182.87,0.0001,0,0.6,0,2.285,12.887,0.00096867,58412,62429.0,6.4989,298.22,142.91,0.25175,0.0,,30,,0.6007,0.19661,,,0.1341,0,,0,0,1,93,93,1,93.0,21843.0
11.4,42,100,15,0.0,36.034,194.81,0.0001,0,0.6,0,2.1952,12.805,0.00096808,58416,62440.0,6.49,298.24,147.66,0.25937,0.0,,30,,0.63633,0.19611,,,0.13816,0,,0,0,1,93,93,1,93.0,22171.0
11.6,42,100,15,0.0,40.537,209.07,0.0001,0,0.6,0,2.0986,12.718,0.00096748,58422,62452.0,6.4849,298.24,148.98,0.26722,0.0,,30,,0.67147,0.19562,,,0.14235,0,,0,0,1,93,93,1,93.0,21332.0
11.8,42,100,15,0.0,47.074,219.55,0.0001,0,0.6,0,1.9938,12.623,0.00096685,58429,62466.0,6.4851,298.24,147.06,0.27533,0.0,,30,,0.70843,0.1951,,,0.14667,0,,0,0,1,93,93,1,93.0,21160.0
12.0,42,100,15,0.0,53.532,226.17,0.0001,0,0.6,0,1.8806,12.523,0.0009662,58438,62480.0,6.4896,298.24,147.3,0.28373,0.0,1544.4,30,1857.5,0.74816,0.19454,0.00096867,2.3194,0.15115,0,10.216,0,0,1,93,93,1,93.0,22154.0
12.2,42,100,30,0.0,58.201,235.36,0.0001,0,0.6,0,1.7914,12.431,0.00096549,58450,62500.0,6.4945,298.26,154.41,0.29243,0.0,,30,,0.78063,0.19408,,,0.15579,0,,0,0,1,93,93,1,93.0,22148.0
12.4,42,100,30,0.0,60.924,253.34,0.0001,0,0.6,0,1.6917,12.321,0.00096477,58463,62520.0,6.4978,298.28,159.01,0.30146,0.0,,30,,0.81977,0.19353,,,0.1606,0,,0,0,1,93,93,1,93.0,21976.0
12.6,42,100,30,0.0,62.335,268.9,0.0001,0,0.7,0,1.5814,13.062,0.00096405,58476,62541.0,6.4998,298.3,163.69,0.31081,0.0,,30,,0.86216,0.19293,,,0.16559,0,,0,0,1,93,93,1,93.0,20804.0
12.8,42,100,30,0.0,62.929,285.27,0.0001,0,0.7,0,1.4643,12.949,0.00096332,58489,62561.0,6.4998,298.29,162.4,0.32044,0.0,,30,,0.90515,0.19233,,,0.17072,0,,0,0,1,93,93,1,93.0,20964.0
13.0,42,100,30,0.0,63.54,294.63,0.0001,0,0.7,0,1.3362,12.831,0.0009626,58502,62582.0,6.4981,298.31,167.14,0.33036,0.0,,30,,0.95121,0.19168,,,0.17601,0,,0,0,1,93,93,1,93.0,22459.0
13.2,42,100,30,0.0,64.818,311.71,0.0001,0,0.7,0,1.1981,12.714,0.00096187,58516,62603.0,6.4954,298.3,165.14,0.34062,0.0,,30,,0.9946,0.19106,,,0.18148,0,,0,0,1,93,93,1,93.0,21453.0
13.4,42,100,30,0.0,67.189,320.65,0.0001,0,0.7,0,1.0476,12.584,0.00096113,58530,62624.0,6.4902,298.28,160.24,0.35124,0.0,,30,,1.0413,0.1904,,,0.18715,0,,0,0,1,93,93,1,93.0,21281.0
13.6,42,100,30,0.0,71.634,325.8,0.0001,0,0.7,0,0.88509,12.446,0.00096038,58545,62646.0,6.485,298.27,154.99,0.36224,0.0,,30,,1.0935,0.18966,,,0.19302,0,,0,0,1,93,93,1,93.0,21441.0
13.8,42,100,30,0.0,78.145,329.9,0.0001,0,0.7,0,0.71252,12.33,0.0009596,58561,62670.0,6.4817,298.25,150.56,0.37359,0.0,,30,,1.1384,0.18902,,,0.19907,0,,0,0,1,93,93,1,93.0,22435.0
14.0,42,100,30,0.0,85.99,334.34,0.0001,0,0.7,0,0.52968,12.207,0.00095881,58579,62695.0,6.4786,298.23,145.77,0.38529,0.0,,30,,1.1826,0.18839,,,0.20531,0,,0,0,1,93,93,1,93.0,21263.0
14.2,42,100,30,0.0,95.078,337.68,0.0001,0,0.7,0,0.34169,12.115,0.00095798,58598,62722.0,6.476,298.23,144.91,0.39731,0.0,,30,,1.2158,0.1879,,,0.21172,0,,0,0,1,93,93,1,93.0,21257.0
14.4,42,100,30,0.0,105.2,345.37,0.0001,0,0.7,0,0.15293,12.081,0.00095712,58620,62751.0,6.4753,298.22,143.78,0.40958,0.0,,30,,1.2394,0.18755,,,0.21826,0,,0,0,1,93,93,1,93.0,21084.0
14.6,42,100,30,0.0,115.58,352.51,0.0001,0,0.7,0,0.015923,13.002,0.00095623,58644,62782.0,6.4874,298.19,135.01,0.42149,0.0,,30,,1.0979,0.18948,,,0.22462,0,,0,0,1,93,93,1,93.0,21412.0
14.8,42,100,30,0.0,121.08,349.75,0.0001,0,0.7,0,0.0087979,13.636,0.00095552,58668,62814.0,6.5266,297.99,79.327,0.43001,0.0,,30,,0.64843,0.19561,,,0.22916,0,,0,0,1,93,93,1,93.0,22073.0
15.0,42,100,30,0.0,110.86,286.21,0.0001,0,0.7,0,0.008698,13.624,0.00095511,58691,62844.0,6.5627,297.83,37.823,0.43679,0.0,,30,,0.56568,0.19672,,,0.23278,0,,0,0,1,93,93,1,93.0,21567.0
15.2,42,100,30,0.51719,55.429,85.862,314.28,0,0.7,0,0.0086552,13.603,0.000955,58703,62863.0,6.5788,298.97,345.02,0.44333,0.0,,30,,0.5555,0.19684,,,0.23627,0,,0,0,1,93,93,1,93.0,21727.0
15.4,42,100,30,1.0368,27.714,471.9,31.428,0,0.7,0,0.0084706,13.575,0.00095517,58709,62876.0,6.564,298.68,267.44,0.44981,0.0,,30,,0.55835,0.19679,,,0.23973,0,,0,0,1,93,93,1,93.0,21555.0
15.6,42,100,30,1.5595,13.857,400.86,3.1428,0,0.7,0,0.0082539,13.528,0.00095608,58713,62887.0,6.5314,298.36,179.51,0.45628,0.0,,30,,0.57703,0.19653,,,0.24318,0,,0,0,1,93,93,1,93.0,20382.0
15.8,42,100,30,0.0,1.8593,316.58,0.31428,0,0.7,0,0.0081142,13.493,0.00095785,58714,62895.0,6.4875,298.16,125.19,0.46276,0.0,,30,,0.59009,0.19634,,,0.24664,0,,0,0,1,93,93,1,93.0,21710.0
16.0,42,100,30,0.0,7.412,263.21,0.031428,0,0.7,0,0.0079196,13.475,0.00096139,58716,62905.0,6.4554,298.04,92.752,0.46923,0.0,,30,,0.59581,0.19625,,,0.25009,0,,0,0,1,93,93,1,93.0,21704.0
16.2,42,100,75,0.0,25.752,229.25,0.0031428,0,0.7,0,0.024337,12.373,0.0009607,58731,62930.0,6.4299,298.07,101.83,0.47746,0.0,,35,,0.93637,0.1916,,,0.25449,0,,0,0,1,93,93,1,93.0,20698.0
16.4,42,100,75,0.0,54.311,243.03,0.00031428,0,0.7,0,0.022435,12.363,0.00095986,58751,62962.0,6.4315,298.09,108.68,0.48739,0.0,,35,,1.0222,0.1904,,,0.25978,0,,0,0,1,93,93,1,93.0,20859.0
16.6,42,100,75,0.0,82.133,254.07,0.0001,0,0.7,0,0.020743,12.364,0.00095893,58777,62998.0,6.4501,298.1,110.18,0.4975,0.0,,35,,1.0302,0.19027,,,0.26518,0,,0,0,1,93,93,1,93.0,21519.0
16.8,42,100,75,0.0,102.54,259.33,0.0001,0,0.7,0,0.020676,12.33,0.00095794,58807,63039.0,6.4712,298.11,114.2,0.50762,0.0,,35,,1.031,0.19024,,,0.27058,0,,0,0,1,93,93,1,93.0,21680.0
17.0,42,100,75,0.0,114.56,268.13,0.0001,0,0.7,0,0.019966,12.311,0.00095691,58840,63083.0,6.4911,298.12,114.51,0.51778,0.0,,35,,1.0346,0.19017,,,0.276,0,,0,0,1,93,93,1,93.0,21174.0
17.2,42,100,75,0.0,118.66,272.71,0.0001,0,0.7,0,0.019445,12.297,0.00095587,58873,63127.0,6.509,298.11,113.86,0.52789,0.0,,35,,1.0354,0.19014,,,0.2814,0,,0,0,1,93,93,1,93.0,22001.0
17.4,42,100,75,0.0,115.56,276.21,0.0001,0,0.7,0,0.018983,12.265,0.00095484,58906,63170.0,6.5244,298.11,112.73,0.53799,0.0,,35,,1.041,0.19005,,,0.28679,0,,0,0,1,93,93,1,93.0,21662.0
17.6,42,100,75,0.0,106.32,279.05,0.0001,0,0.7,0,0.017733,12.263,0.00095384,58937,63212.0,6.5373,298.13,118.33,0.54805,0.0,,35,,1.0383,0.19006,,,0.29216,0,,0,0,1,93,93,1,93.0,21489.0
17.8,42,100,75,0.0,91.933,290.26,0.0001,0,0.7,0,0.016882,12.256,0.0009529,58965,63251.0,6.5469,298.14,121.23,0.55803,0.0,,35,,1.0327,0.19012,,,0.29749,0,,0,0,1,93,93,1,93.0,21150.0
18.0,42,100,75,0.0,73.705,298.66,0.0001,0,0.7,0,0.016702,12.207,0.00095201,58989,63286.0,6.551,298.17,129.78,0.56799,0.0,,35,,1.0386,0.19002,,,0.30281,0,,0,0,1,93,93,1,93.0,20810.0
18.2,42,100,75,0.51989,36.852,314.66,0.0001,0,0.7,0,0.016429,12.136,0.00095124,59006,63314.0,6.5296,298.21,141.13,0.57799,0.0,,35,,1.059,0.18972,,,0.30815,0,,0,0,1,93,93,1,93.0,21971.0
18.4,42,100,75,0.0,25.624,335.22,0.0001,0,0.7,0,0.015437,12.129,0.00095051,59021,63339.0,6.4982,298.26,153.39,0.588,0.0,,35,,1.0572,0.18973,,,0.31349,0,,0,0,1,93,93,1,93.0,21632.0
18.6,42,100,75,0.0,26.91,358.42,0.0001,0,0.7,0,0.014438,12.155,0.00094977,59036,63365.0,6.4733,298.26,152.99,0.59788,0.0,,35,,1.0434,0.1899,,,0.31877,0,,0,0,1,93,93,1,93.0,20626.0
18.8,42,100,75,0.0,38.108,367.27,0.0001,0,0.7,0,0.014118,12.126,0.00094899,59053,63392.0,6.4657,298.27,156.03,0.60768,0.0,,35,,1.0461,0.18984,,,0.324,0,,0,0,1,93,93,1,93.0,21286.0
19.0,42,100,75,0.0,52.307,380.75,0.0001,0,0.7,0,0.013938,12.086,0.00094816,59073,63423.0,6.4715,298.26,154.6,0.6175,0.0,,35,,1.055,0.1897,,,0.32924,0,,0,0,1,93,93,1,93.0,21613.0
19.2,42,100,75,0.0,64.172,388.91,0.0001,0,0.7,0,0.013422,12.07,0.0009473,59095,63456.0,6.4839,298.26,153.46,0.62734,0.0,,35,,1.0553,0.18968,,,0.3345,0,,0,0,1,93,93,1,93.0,21774.0
19.4,42,100,75,0.0,71.115,397.36,0.0001,0,0.7,0,0.013393,12.044,0.00094642,59119,63490.0,6.4971,298.25,150.73,0.63719,0.0,,35,,1.0567,0.18964,,,0.33976,0,,0,0,1,93,93,1,93.0,21268.0
19.6,42,100,75,0.0,72.795,403.64,0.0001,0,0.7,0,0.012805,12.023,0.00094554,59143,63525.0,6.5098,298.24,147.17,0.64701,0.0,,35,,1.0636,0.18953,,,0.34501,0,,0,0,1,93,93,1,93.0,21095.0
19.8,42,100,75,0.0,69.398,408.54,0.0001,0,0.7,0,0.012233,12.013,0.00094467,59167,63559.0,6.5199,298.19,135.6,0.65678,0.0,,35,,1.0645,0.1895,,,0.35023,0,,0,0,1,93,93,1,93.0,20922.0
20.0,42,100,75,0.0,61.976,402.89,0.0001,0,0.7,0,0.012158,11.972,0.00094383,59189,63592.0,6.5251,298.2,138.13,0.6665,0.0,,35,,1.0736,0.18935,,,0.35542,0,,0,0,1,93,93,1,93.0,21583.0
20.2,55,100,150,0.0,52.458,413.64,0.0001,0,0.7,0,0.0339,11.192,0.00094278,59224,63641.0,6.498,298.27,157.98,0.53545,0.0,,35,,1.348,0.19021,,,0.37378,0,,0,0,1,93,93,1,93.0,21577.0
20.4,55,100,150,0.0,53.88,446.16,0.0001,0,0.7,0,0.030248,11.139,0.00094172,59259,63691.0,6.4714,298.33,173.85,0.5374,0.0,,35,,1.394,0.18972,,,0.37515,0,,0,0,1,93,93,1,93.0,20904.0
20.6,55,100,150,0.0,65.834,475.91,0.0001,0,0.7,0,0.028207,11.094,0.00094062,59297,63743.0,6.4546,298.36,182.48,0.54729,0.0,,35,,1.4078,0.18956,,,0.38206,0,,0,0,1,93,93,1,93.0,21898.0
20.8,55,100,150,0.0,84.48,498.82,0.0001,0,0.7,0,0.025791,11.074,0.00093946,59338,63799.0,6.448,298.37,183.78,0.55772,0.0,,35,,1.4044,0.18958,,,0.38935,0,,0,0,1,93,93,1,93.0,20558.0
21.0,55,100,150,0.0,105.77,513.89,0.0001,0,0.7,0,0.025947,10.982,0.00093824,59384,63860.0,6.4461,298.4,192.98,0.56828,0.0,,35,,1.424,0.18935,,,0.39674,0,,0,0,1,93,93,1,93.0,20718.0
21.2,55,100,150,0.0,127.82,539.24,0.0001,0,0.7,0,0.024293,10.961,0.00093694,59434,63924.0,6.4472,298.47,212.46,0.57892,0.0,,35,,1.4397,0.18916,,,0.40418,0,,0,0,1,93,93,1,93.0,21046.0
21.4,55,100,150,0.0,149.45,578.52,0.0001,0,0.7,0,0.023673,10.888,0.00093558,59488,63993.0,6.4483,298.55,234.04,0.58962,0.0,,35,,1.4645,0.18888,,,0.41166,0,,0,0,1,93,93,1,93.0,21039.0
21.6,55,100,150,0.0,170.65,622.8,0.0001,0,0.7,0,0.024054,10.797,0.00093416,59547,64067.0,6.4484,298.56,236.44,0.60049,0.0,,35,,1.485,0.18865,,,0.41926,0,,0,0,1,93,93,1,93.0,21366.0
21.8,55,100,150,0.0,191.83,645.91,0.0001,0,0.7,0,0.023668,10.73,0.00093267,59609,64145.0,6.448,298.59,244.5,0.61151,0.0,,35,,1.5106,0.18836,,,0.42697,0,,0,0,1,93,93,1,93.0,20360.0
22.0,55,100,150,0.0,213.14,676.94,0.0001,0,0.7,0,0.022517,10.679,0.00093111,59676,64227.0,6.4478,298.6,247.0,0.62264,0.0,,35,,1.5335,0.1881,,,0.43475,0,,0,0,1,93,93,1,93.0,21520.0
22.2,55,100,150,0.0,225.0,701.96,0.0001,0,0.7,0,0.021463,10.662,0.00092953,59746,64312.0,6.4482,298.57,240.35,0.63377,0.0,,35,,1.5358,0.18805,,,0.44254,0,,0,0,1,93,93,1,93.0,21014.0
22.4,55,100,150,0.0,225.0,716.05,0.0001,0,0.7,0,0.02182,10.55,0.00092794,59815,64396.0,6.4476,298.55,233.7,0.645,0.0,,35,,1.5734,0.18763,,,0.45039,0,,0,0,1,93,93,1,93.0,20174.0
22.6,55,100,150,0.0,225.0,729.5,0.0001,0,0.7,0,0.020057,10.553,0.00092637,59885,64481.0,6.4481,298.54,231.25,0.65625,0.0,,35,,1.58,0.18754,,,0.45826,0,,0,0,1,93,93,1,93.0,20668.0
22.8,55,100,150,0.0,225.0,747.28,0.0001,0,0.7,0,0.018891,10.564,0.0009248,59954,64565.0,6.4496,298.45,206.74,0.6674,0.0,,35,,1.5689,0.18764,,,0.46606,0,,0,0,1,93,93,1,93.0,20328.0
23.0,55,100,150,0.0,225.0,737.21,0.0001,0,0.7,0,0.017945,10.553,0.00092323,60023,64650.0,6.4516,298.39,188.04,0.67845,0.0,,35,,1.5711,0.18759,,,0.47379,0,,0,0,1,93,93,1,93.0,20989.0
23.2,55,100,150,0.0,225.0,731.68,0.0001,0,0.7,0,0.016514,10.565,0.00092167,60093,64734.0,6.4544,298.31,165.75,0.68943,0.0,,35,,1.5611,0.18768,,,0.48148,0,,0,0,1,93,93,1,93.0,21816.0
23.4,55,100,150,0.0,225.0,719.04,0.0001,0,0.7,0,0.01605,10.506,0.00092012,60162,64818.0,6.4566,298.24,146.9,0.7004,0.0,,35,,1.5767,0.18749,,,0.48915,0,,0,0,1,93,93,1,93.0,21142.0
23.6,55,100,150,0.0,225.0,707.79,0.0001,0,0.7,0,0.015396,10.483,0.00091858,60232,64902.0,6.4588,298.15,121.35,0.71137,0.0,,35,,1.5799,0.18744,,,0.49682,0,,0,0,1,93,93,1,93.0,21469.0
23.8,55,100,150,0.0,225.0,685.65,0.0001,0,0.7,0,0.014433,10.479,0.00091704,60301,64986.0,6.4612,298.05,93.756,0.7223,0.0,,35,,1.5775,0.18745,,,0.50447,0,,0,0,1,93,93,1,93.0,22130.0
24.0,55,100,150,0.0,225.0,657.79,0.0001,0,0.7,0,0.014426,10.402,0.0009155,60371,65071.0,6.4626,297.95,65.569,0.73328,0.0,1215.8,35,1847.5,1.5917,0.18728,0.00092167,8.7747,0.51216,0,21.508,0,0,1,93,93,1,93.0,20790.0
24.2,55,100,30,0.0,225.0,197.34,673.82,0,0.7,0,0.0028061,12.84,0.021746,60416,65124.0,6.5011,300.1,668.77,0.7402,0.0,,35,,0.76219,0.1959,,,0.517,0,,0,0,1,93,93,1,93.0,20886.0
24.4,55,100,30,0.0,224.94,939.22,67.382,0,0.7,0,0.0028128,12.81,0.044857,60461,65177.0,6.5374,299.7,556.71,0.74457,0.0,,35,,0.67853,0.19675,,,0.52006,0,,0,0,1,93,93,1,93.0,21993.0
24.6,55,100,30,0.0,210.51,863.94,6.7382,0,0.7,0,0.0027855,12.787,0.068428,60503,65227.0,6.5692,299.26,433.66,0.74879,0.0,,35,,0.67241,0.1968,,,0.52302,0,,0,0,1,93,93,1,93.0,20602.0
24.8,55,100,30,0.51758,105.26,779.41,0.67382,0,0.7,0,0.0027384,12.684,0.092426,60524,65256.0,6.5943,298.95,344.94,0.75297,0.0,,35,,0.70402,0.19647,,,0.52594,0,,0,0,1,93,93,1,93.0,22047.0
25.0,55,100,30,1.0358,52.628,721.0,0.067382,0,0.7,0,0.0027144,12.624,0.11681,60535,65275.0,6.603,298.67,268.45,0.75711,0.0,,35,,0.72238,0.19627,,,0.52883,0,,0,0,1,93,93,1,93.0,21326.0
25.2,55,100,30,1.5558,26.314,664.89,0.0067382,0,0.8,0,0.0026845,13.426,0.14145,60541,65289.0,6.5823,298.42,196.22,0.76124,0.0,,35,,0.73414,0.19614,,,0.53172,0,,0,0,1,93,93,1,93.0,22108.0
25.4,55,100,30,2.0788,13.157,603.48,0.00067382,0,0.8,0,0.0026353,13.386,0.16641,60545,65301.0,6.541,298.22,139.87,0.76535,0.0,,35,,0.74792,0.19599,,,0.53461,0,,0,0,1,93,93,1,93.0,22224.0
25.6,55,100,30,0.0,0.0,551.84,0.0001,0,0.8,0,0.0026021,13.347,0.19193,60545,65309.0,6.4864,298.08,100.27,0.76946,0.0,,35,,0.7585,0.19588,,,0.53748,0,,0,0,1,93,93,1,93.0,22176.0
25.8,55,100,30,0.0,6.0158,512.82,0.0001,0,0.8,0,0.0025907,13.344,0.2177,60547,65319.0,6.4469,297.95,65.23,0.77356,0.0,,35,,0.74932,0.19596,,,0.54035,0,,0,0,1,93,93,1,93.0,21629.0
26.0,55,100,30,0.0,27.713,473.68,0.0001,0,0.8,0,0.0025697,13.355,0.24371,60553,65333.0,6.4379,297.87,42.463,0.77766,0.0,,35,,0.73889,0.19606,,,0.54322,0,,0,0,1,93,93,1,93.0,22417.0
26.2,55,100,30,0.0,52.965,142.1,492.85,0,0.8,0,0.0025663,13.369,0.27011,60564,65352.0,6.4564,299.52,505.44,0.78171,0.0,,35,,0.73221,0.19612,,,0.54606,0,,0,0,1,93,93,1,93.0,22707.0
26.4,55,100,30,0.0,70.85,706.24,49.285,0,0.8,0,0.0025419,13.375,0.2968,60578,65374.0,6.4857,299.33,454.08,0.78574,0.0,,35,,0.72577,0.19618,,,0.54888,0,,0,0,1,93,93,1,93.0,22665.0
26.6,55,100,30,0.0,77.054,687.74,4.9285,0,0.8,0,0.002504,13.371,0.32398,60593,65397.0,6.515,299.08,383.58,0.78974,0.0,,35,,0.72495,0.19618,,,0.55168,0,,0,0,1,93,93,1,93.0,23291.0
26.8,55,100,30,0.0,71.586,652.66,0.49285,0,0.8,0,0.0024847,13.34,0.35155,60608,65420.0,6.5394,298.88,325.76,0.79371,0.0,,35,,0.7373,0.19605,,,0.55446,0,,0,0,1,93,93,1,93.0,22420.0
27.0,55,100,30,0.0,56.363,624.26,0.049285,0,0.8,0,0.0024593,13.315,0.37942,60620,65439.0,6.5538,298.75,288.68,0.79767,0.0,,35,,0.73971,0.19602,,,0.55723,0,,0,0,1,93,93,1,93.0,22551.0
27.2,55,100,30,0.51928,28.182,613.28,0.0049285,0,0.8,0,0.0023936,13.294,0.40785,60626,65453.0,6.537,298.6,248.48,0.80158,0.0,,35,,0.74031,0.196,,,0.55997,0,,0,0,1,93,93,1,93.0,22517.0
27.4,55,100,30,0.0,13.988,592.97,0.00049285,0,0.8,0,0.0024126,13.259,0.43654,60629,65464.0,6.5018,298.5,217.97,0.80548,0.0,,35,,0.74152,0.19598,,,0.5627,0,,0,0,1,93,93,1,93.0,22485.0
27.6,55,100,30,0.0,13.835,579.29,0.0001,0,0.8,0,0.0023978,13.243,0.46535,60632,65476.0,6.4692,298.37,183.55,0.80939,0.0,,35,,0.74098,0.19598,,,0.56543,0,,0,0,1,93,93,1,93.0,23953.0
27.8,55,100,30,0.0,26.67,556.49,0.0001,0,0.8,0,0.0023798,13.237,0.49446,60637,65489.0,6.4557,298.28,157.64,0.81328,0.0,,35,,0.74168,0.19596,,,0.56816,0,,0,0,1,93,93,1,93.0,23756.0
28.0,55,100,30,0.0,44.847,539.63,0.0001,0,0.8,0,0.0023831,13.253,0.52362,60647,65507.0,6.4635,298.21,137.28,0.81716,0.0,,35,,0.72753,0.1961,,,0.57088,0,,0,0,1,93,93,1,93.0,23392.0
28.2,55,100,37,0.0,59.911,525.92,0.0001,0,0.8,0,0.0027475,13.112,0.55037,60661,65529.0,6.4801,298.17,125.58,0.82131,0.0,,35,,0.75578,0.1958,,,0.57378,0,,0,0,1,93,93,1,93.0,23517.0
28.4,55,100,37,0.0,68.379,519.95,0.0001,0,0.8,0,0.0027008,13.12,0.57762,60676,65553.0,6.5006,298.16,124.64,0.82557,0.0,,35,,0.75511,0.1958,,,0.57677,0,,0,0,1,93,93,1,93.0,24144.0
28.6,55,100,37,0.0,68.649,525.39,0.0001,0,0.8,0,0.0026958,13.097,0.60505,60692,65576.0,6.5206,298.1,106.87,0.82982,0.0,,35,,0.7623,0.19572,,,0.57974,0,,0,0,1,93,93,1,93.0,24273.0
28.8,55,100,37,0.0,60.93,509.8,0.0001,0,0.8,0,0.0026901,13.069,0.63281,60706,65599.0,6.5347,298.03,86.757,0.83406,0.0,,35,,0.76675,0.19567,,,0.58271,0,,0,0,1,93,93,1,93.0,23736.0
29.0,55,100,37,0.0,47.59,489.44,0.0001,0,0.8,0,0.0026875,13.033,0.66089,60717,65618.0,6.5361,297.93,59.296,0.83831,0.0,,35,,0.76898,0.19563,,,0.58569,0,,0,0,1,93,93,1,93.0,24367.0
29.2,55,100,37,0.0,33.709,146.83,514.41,0,0.8,0,0.0026597,13.023,0.68941,60726,65635.0,6.5211,299.65,543.79,0.84253,0.0,,35,,0.76628,0.19565,,,0.58864,0,,0,0,1,93,93,1,93.0,24667.0
29.4,55,100,37,0.0,25.837,737.6,51.441,0,0.8,0,0.0026729,12.985,0.71769,60732,65650.0,6.4997,299.49,498.15,0.84675,0.0,,35,,0.77344,0.19557,,,0.59159,0,,0,0,1,93,93,1,93.0,24133.0
29.6,55,100,37,0.0,26.499,730.76,5.1441,0,0.8,0,0.0026505,12.952,0.74623,60739,65665.0,6.4806,299.21,420.96,0.85097,0.0,,35,,0.7877,0.19542,,,0.59455,0,,0,0,1,93,93,1,93.0,24766.0
29.8,55,100,37,0.0,34.763,693.4,0.51441,0,0.8,0,0.0026418,12.936,0.77505,60747,65682.0,6.472,298.95,345.14,0.85519,0.0,,35,,0.79382,0.19535,,,0.5975,0,,0,0,1,93,93,1,93.0,25068.0
30.0,55,100,37,0.0,46.434,648.32,0.051441,0,0.8,0,0.0026216,12.935,0.80421,60758,65701.0,6.4751,298.73,282.85,0.85939,0.0,,35,,0.79317,0.19534,,,0.60045,0,,0,0,1,93,93,1,93.0,24204.0
30.2,55,100,37,0.0,56.869,609.66,0.0051441,0,0.9,0,0.0026056,13.766,0.83361,60771,65723.0,6.4867,298.51,222.21,0.86359,0.0,,35,,0.79876,0.19528,,,0.60338,0,,0,0,1,93,93,1,93.0,25009.0
30.4,55,100,37,0.0,62.689,564.42,0.00051441,0,0.9,0,0.0025904,13.76,0.86316,60786,65745.0,6.5024,298.33,171.03,0.86778,0.0,,35,,0.79116,0.19535,,,0.60632,0,,0,0,1,93,93,1,93.0,25147.0
30.6,55,100,37,0.0,62.22,522.65,0.0001,0,0.9,0,0.0025352,13.756,0.89325,60800,65768.0,6.5159,298.2,134.45,0.87193,0.0,,35,,0.7927,0.19532,,,0.60923,0,,0,0,1,93,93,1,93.0,24455.0
30.8,55,100,37,0.0,56.38,491.69,0.0001,0,0.9,0,0.0024954,13.747,0.92408,60813,65789.0,6.5228,298.05,92.462,0.87602,0.0,,35,,0.79201,0.19532,,,0.61209,0,,0,0,1,93,93,1,93.0,25767.0
31.0,55,100,37,0.0,47.803,448.89,0.0001,0,0.9,0,0.0024858,13.722,0.95511,60824,65809.0,6.5226,297.93,59.456,0.88009,0.0,,35,,0.79302,0.1953,,,0.61495,0,,0,0,1,93,93,1,93.0,25579.0
31.2,55,100,37,0.0,39.325,134.67,459.91,0,0.9,0,0.0025379,13.668,0.98615,60834,65827.0,6.5147,299.47,492.34,0.88419,0.0,,35,,0.80967,0.19512,,,0.61781,0,,0,0,1,93,93,1,93.0,25392.0
31.4,55,100,37,0.0,34.009,661.22,45.991,0,0.9,0,0.002566,13.603,1.0169,60842,65844.0,6.5009,299.28,440.39,0.88834,0.0,,35,,0.83208,0.19489,,,0.62072,0,,0,0,1,93,93,1,93.0,26536.0
31.6,55,100,37,0.0,34.171,641.32,4.5991,0,0.9,0,0.0025077,13.591,1.0481,60851,65861.0,6.4877,299.03,368.01,0.89249,0.0,,35,,0.83727,0.19482,,,0.62363,0,,0,0,1,93,93,1,93.0,26183.0
31.8,55,100,37,0.0,39.598,602.48,0.45991,0,0.9,0,0.0024823,13.577,1.0797,60860,65879.0,6.4809,298.81,306.89,0.89663,0.0,,35,,0.84116,0.19478,,,0.62653,0,,0,0,1,93,93,1,93.0,26331.0
32.0,55,100,37,0.0,47.75,568.34,0.045991,0,0.9,0,0.0024414,13.595,1.1119,60871,65898.0,6.4821,298.63,257.17,0.90073,0.0,,35,,0.82557,0.19493,,,0.6294,0,,0,0,1,93,93,1,93.0,26316.0
32.2,55,100,43,0.0,55.411,539.72,0.0045991,0,0.9,0,0.0027097,13.433,1.1421,60885,65921.0,6.4877,298.43,198.74,0.90505,0.0,,35,,0.87434,0.19442,,,0.63243,0,,0,0,1,93,93,1,93.0,25458.0
32.4,55,100,43,0.0,60.827,493.6,0.00045991,0,0.9,0,0.0026953,13.425,1.1725,60900,65945.0,6.4985,298.23,141.88,0.90948,0.0,,35,,0.88145,0.19434,,,0.63553,0,,0,0,1,93,93,1,93.0,26933.0
32.6,55,100,43,0.0,61.912,441.92,0.0001,0,0.9,0,0.0026797,13.411,1.2031,60916,65969.0,6.5089,298.09,102.38,0.91389,0.0,,35,,0.88608,0.19428,,,0.63862,0,,0,0,1,93,93,1,93.0,26411.0
32.8,55,100,43,0.0,58.888,403.83,0.0001,0,0.9,0,0.0026431,13.399,1.2344,60931,65992.0,6.5177,298.0,77.094,0.91827,0.0,,35,,0.88801,0.19425,,,0.64169,0,,0,0,1,93,93,1,93.0,26724.0
33.0,55,100,43,0.0,52.336,377.37,0.0001,0,0.9,0,0.002632,13.384,1.266,60944,66015.0,6.5216,297.94,59.488,0.92262,0.0,,35,,0.88302,0.19429,,,0.64474,0,,0,0,1,93,93,1,93.0,27039.0
33.2,55,100,43,0.0,44.221,113.21,386.48,0,0.9,0,0.0026556,13.343,1.2974,60956,66035.0,6.5169,299.26,433.71,0.92697,0.0,,35,,0.89622,0.19415,,,0.64778,0,,0,0,1,93,93,1,93.0,26354.0
33.4,55,100,43,0.0,37.995,566.58,38.648,0,0.9,0,0.002625,13.32,1.3292,60966,66054.0,6.5077,299.1,388.96,0.9313,0.0,,35,,0.90396,0.19406,,,0.65082,0,,0,0,1,93,93,1,93.0,28337.0
33.6,55,100,43,0.0,35.441,549.34,3.8648,0,0.9,0,0.0025444,13.332,1.3619,60976,66073.0,6.4977,298.81,308.55,0.93556,0.0,,35,,0.8993,0.1941,,,0.6538,0,,0,0,1,93,93,1,93.0,26657.0
33.8,55,100,43,0.0,36.902,493.92,0.38648,0,0.9,0,0.002525,13.316,1.395,60986,66091.0,6.4874,298.63,255.53,0.93977,0.0,,35,,0.89902,0.19409,,,0.65676,0,,0,0,1,93,93,1,93.0,27480.0
34.0,55,100,43,0.0,42.473,462.14,0.038648,0,0.9,0,0.0024608,13.32,1.4287,60998,66111.0,6.4827,298.48,212.62,0.94396,0.0,,35,,0.8939,0.19414,,,0.65969,0,,0,0,1,93,93,1,93.0,28305.0
34.2,55,100,43,0.0,49.877,434.92,0.0038648,0,0.9,0,0.0024535,13.318,1.4627,61010,66133.0,6.484,298.33,171.25,0.94812,0.0,,35,,0.88839,0.19419,,,0.66261,0,,0,0,1,93,93,1,93.0,28632.0
34.4,55,100,43,0.0,56.776,403.65,0.00038648,0,0.9,0,0.0024749,13.293,1.4966,61025,66156.0,6.4918,298.21,138.06,0.9523,0.0,,35,,0.89103,0.19415,,,0.66554,0,,0,0,1,93,93,1,93.0,28459.0
34.6,55,100,43,0.0,60.561,376.83,0.0001,0,0.9,0,0.0025164,13.255,1.5303,61040,66180.0,6.5017,298.09,103.94,0.95653,0.0,,35,,0.89952,0.19406,,,0.6685,0,,0,0,1,93,93,1,93.0,28284.0
34.8,55,100,43,0.0,60.377,344.3,0.0001,0,0.9,0,0.0025091,13.21,1.5644,61055,66204.0,6.509,298.0,77.282,0.96078,0.0,,35,,0.92112,0.19383,,,0.67147,0,,0,0,1,93,93,1,93.0,28612.0
35.0,55,100,43,0.0,57.3,316.36,0.0001,0,0.9,0,0.0025083,13.168,1.5988,61070,66227.0,6.5117,297.93,56.097,0.96504,0.0,,35,,0.93891,0.19363,,,0.67446,0,,0,0,1,93,93,1,93.0,29107.0
35.2,55,100,43,0.0,53.167,94.908,330.15,0,0.9,0,0.0025231,13.139,1.6331,61083,66249.0,6.511,299.06,379.85,0.9693,0.0,,35,,0.94652,0.19355,,,0.67745,0,,0,0,1,93,93,1,93.0,29602.0
35.4,55,100,43,0.0,49.292,485.47,33.015,0,0.9,0,0.0024819,13.126,1.6678,61096,66270.0,6.5071,298.92,338.73,0.97355,0.0,,35,,0.94345,0.19357,,,0.68043,0,,0,0,1,93,93,1,93.0,29265.0
35.6,55,100,43,0.0,46.981,466.96,3.3015,0,0.9,0,0.0024574,13.114,1.7028,61108,66291.0,6.5004,298.71,277.98,0.97779,0.0,,35,,0.93929,0.1936,,,0.68339,0,,0,0,1,93,93,1,93.0,28764.0
35.8,55,100,43,0.0,47.36,428.86,0.33015,0,0.9,0,0.0024412,13.092,1.7381,61120,66312.0,6.4933,298.54,232.08,0.98202,0.0,,35,,0.94349,0.19355,,,0.68636,0,,0,0,1,93,93,1,93.0,28931.0
36.0,55,100,43,0.0,50.579,401.29,0.033015,0,0.9,0,0.0023736,13.108,1.774,61133,66334.0,6.4894,298.38,185.69,0.98621,0.0,726.87,35,1774.2,0.93082,0.19368,1.6331,12.26,0.68929,0,34.876,0,0,1,93,93,1,93.0,30101.0
36.2,55,100,47,0.0,55.321,366.71,0.0033015,0,0.9,0,0.002574,12.976,1.8085,61148,66358.0,6.4863,298.28,156.61,0.99055,0.0,,35,,0.96763,0.19329,,,0.69234,0,,0,0,1,93,93,1,93.0,29930.0
36.4,55,100,47,0.0,61.3,347.02,0.00033015,0,0.9,0,0.0026196,12.94,1.8424,61164,66383.0,6.4879,298.17,125.75,0.99503,0.0,,35,,0.97893,0.19316,,,0.69548,0,,0,0,1,93,93,1,93.0,29423.0
36.6,55,100,47,0.0,66.637,320.9,0.0001,0,0.9,0,0.0026022,12.933,1.8767,61181,66409.0,6.4933,298.06,92.67,0.99952,0.0,,35,,0.98279,0.19311,,,0.69863,0,,0,0,1,93,93,1,93.0,30085.0
36.8,55,100,47,0.0,69.837,288.09,0.0001,0,0.9,0,0.0025705,12.925,1.9114,61199,66436.0,6.5003,297.96,65.564,1.004,0.0,,35,,0.98774,0.19305,,,0.70174,0,,0,0,1,93,93,1,93.0,29748.0
37.0,55,100,47,0.0,70.24,258.23,0.0001,0,0.9,0,0.0025934,12.904,1.9459,61217,66463.0,6.5072,297.9,48.308,1.0084,0.0,,35,,0.98461,0.19308,,,0.70487,0,,0,0,1,93,93,1,93.0,30077.0
37.2,55,100,47,0.0,67.86,77.469,272.68,0,0.9,0,0.0025918,12.877,1.9808,61234,66489.0,6.5125,298.86,322.92,1.0129,0.0,,35,,0.99092,0.193,,,0.70799,0,,0,0,1,93,93,1,93.0,30409.0
37.4,55,100,47,0.0,63.391,406.25,27.268,0,0.9,0,0.0024894,12.88,2.0166,61250,66515.0,6.5124,298.74,287.53,1.0173,0.0,,35,,0.99412,0.19296,,,0.71107,0,,0,0,1,93,93,1,93.0,30745.0
37.6,55,100,47,0.0,58.952,388.58,2.7268,0,0.9,0,0.0024961,12.84,2.0525,61266,66539.0,6.5099,298.55,233.72,1.0216,0.0,,35,,1.003,0.19286,,,0.71413,0,,0,0,1,93,93,1,93.0,30748.0
37.8,55,100,47,0.0,55.508,352.17,0.27268,0,0.9,0,0.002484,12.809,2.0887,61281,66563.0,6.5033,298.41,192.59,1.026,0.0,,35,,1.0147,0.19273,,,0.71719,0,,0,0,1,93,93,1,93.0,30085.0
38.0,55,100,47,0.0,54.729,324.5,0.027268,0,0.9,0,0.0024444,12.803,2.1253,61295,66587.0,6.4968,298.29,158.92,1.0303,0.0,,35,,1.0134,0.19274,,,0.72023,0,,0,0,1,93,93,1,93.0,31258.0
38.2,55,100,47,0.0,56.525,300.15,0.0027268,0,0.9,0,0.0024435,12.777,2.162,61310,66611.0,6.4907,298.17,126.42,1.0347,0.0,,35,,1.0165,0.1927,,,0.72327,0,,0,0,1,93,93,1,93.0,30932.0
38.4,55,100,47,0.0,60.78,272.58,0.00027268,0,0.9,0,0.0024542,12.755,2.1987,61326,66636.0,6.4884,298.09,102.64,1.039,0.0,,35,,1.0209,0.19264,,,0.72633,0,,0,0,1,93,93,1,93.0,32105.0
38.6,55,100,47,0.0,65.91,251.26,0.0001,0,0.9,0,0.0024638,12.746,2.2353,61343,66662.0,6.4898,298.03,85.137,1.0434,0.0,,35,,1.0149,0.1927,,,0.72939,0,,0,0,1,93,93,1,93.0,31778.0
38.8,55,100,47,0.0,70.492,234.18,0.0001,0,0.9,0,0.0024625,12.731,2.2721,61361,66689.0,6.4946,297.98,70.963,1.0478,0.0,,35,,1.0137,0.1927,,,0.73247,0,,0,0,1,93,93,1,93.0,30952.0
39.0,55,100,47,0.0,73.15,218.66,0.0001,0,0.9,0,0.0024253,12.748,2.3094,61380,66716.0,6.5008,297.95,61.745,1.0522,0.0,,35,,0.99464,0.19289,,,0.73553,0,,0,0,1,93,93,1,93.0,31629.0
39.2,55,100,47,0.0,73.362,65.598,226.34,0,0.9,0,0.0024169,12.724,2.347,61398,66744.0,6.5049,298.76,293.73,1.0565,0.0,,35,,1.0,0.19282,,,0.73857,0,,0,0,1,93,93,1,93.0,33140.0
39.4,55,100,47,0.0,71.942,343.46,22.634,0,0.9,0,0.0024391,12.682,2.3845,61416,66771.0,6.5094,298.66,265.22,1.0609,0.0,,35,,1.0065,0.19275,,,0.74164,0,,0,0,1,93,93,1,93.0,32151.0
39.6,55,100,47,0.0,68.681,331.47,2.2634,0,0.9,0,0.0024202,12.659,2.4222,61433,66797.0,6.5107,298.51,222.59,1.0653,0.0,,35,,1.0155,0.19265,,,0.74471,0,,0,0,1,93,93,1,93.0,32662.0
39.8,55,100,47,0.0,64.934,305.59,0.22634,0,0.9,0,0.0023797,12.63,2.4604,61450,66823.0,6.5096,298.4,189.97,1.0696,0.0,,35,,1.0253,0.19254,,,0.74776,0,,0,0,1,93,93,1,93.0,32176.0
40.0,55,100,47,0.0,61.631,286.56,0.022634,0,0.9,0,0.0023878,12.596,2.4989,61466,66848.0,6.5046,298.28,157.97,1.074,0.0,,35,,1.0316,0.19246,,,0.75082,0,,0,0,1,93,93,1,93.0,33192.0
40.2,60,100,51,0.0,60.335,263.77,0.0022634,0,1.1,0,0.0025861,14.304,2.5356,61485,66876.0,6.5003,298.2,132.91,0.99586,10.0,,35,,1.0304,0.19352,,,0.75934,0,,0,0,1,93,93,1,93.0,32865.0
40.4,60,100,51,0.0,60.746,245.12,0.00022634,0,1.1,0,0.0025816,14.276,2.5723,61503,66904.0,6.4946,298.14,115.97,0.99602,10.0,,35,,1.0267,0.19355,,,0.75946,0,,0,0,1,93,93,1,93.0,32706.0
40.6,60,100,51,0.0,63.44,232.8,0.0001,0,1.1,0,0.0025681,14.273,2.6093,61523,66933.0,6.4925,298.08,99.87,0.99999,10.0,,35,,1.0197,0.19361,,,0.7625,0,,0,0,1,93,93,1,93.0,33047.0
40.8,60,100,51,0.0,66.937,219.07,0.0001,0,1.1,0,0.0025823,14.243,2.6463,61543,66962.0,6.4945,298.04,87.895,1.0042,10.0,,35,,1.0251,0.19355,,,0.76574,0,,0,0,1,93,93,1,93.0,33722.0
41.0,60,100,51,0.0,69.641,208.18,0.0001,0,1.1,0,0.002564,14.246,2.6836,61563,66992.0,6.4969,298.0,75.842,1.0085,10.0,,35,,1.0126,0.19366,,,0.76898,0,,0,0,1,93,93,1,93.0,34399.0
41.2,60,100,51,0.0,71.402,195.53,0.0001,0,1.1,0,0.0025971,14.206,2.7207,61584,67022.0,6.5011,297.96,65.844,1.0128,10.0,,35,,1.0197,0.19358,,,0.77226,0,,0,0,1,93,93,1,93.0,33407.0
41.4,60,100,51,0.0,71.489,183.78,0.0001,0,1.1,0,0.0025384,14.214,2.7587,61605,67053.0,6.5068,297.94,57.893,1.017,10.0,,35,,1.0193,0.19358,,,0.7755,0,,0,0,1,93,93,1,93.0,34087.0
41.6,60,100,51,0.0,69.264,55.133,196.2,0,1.1,0,0.0025449,14.197,2.7967,61625,67083.0,6.5115,298.66,265.6,1.0212,10.0,,35,,1.0173,0.19359,,,0.77872,0,,0,0,1,93,93,1,93.0,34934.0
41.8,60,100,51,0.0,65.187,302.08,19.62,0,1.1,0,0.0025893,14.139,2.8346,61645,67112.0,6.5138,298.62,253.54,1.0254,10.0,,35,,1.0321,0.19344,,,0.78196,0,,0,0,1,93,93,1,93.0,35280.0
42.0,60,100,51,0.0,60.21,306.89,1.962,0,1.1,0,0.0025814,14.088,2.8727,61663,67140.0,6.5138,298.53,229.46,1.0297,10.0,,35,,1.054,0.19323,,,0.78523,0,,0,0,1,93,93,1,93.0,34793.0
42.2,60,100,51,0.0,55.213,301.45,0.1962,0,1.1,0,0.0025957,14.031,2.9107,61681,67167.0,6.5076,298.44,203.25,1.034,10.0,,35,,1.0732,0.19304,,,0.78852,0,,0,0,1,93,93,1,93.0,35306.0
42.4,60,100,51,0.0,52.719,290.63,0.01962,0,1.1,0,0.0025735,14.007,2.9494,61698,67193.0,6.4994,298.35,177.59,1.0383,10.0,,35,,1.0827,0.19294,,,0.7918,0,,0,0,1,93,93,1,93.0,35323.0
42.6,60,100,51,0.0,53.494,277.15,0.001962,0,1.1,0,0.0024859,14.026,2.989,61715,67220.0,6.4927,298.27,153.37,1.0425,10.0,,35,,1.0748,0.193,,,0.79504,0,,0,0,1,93,93,1,93.0,34677.0
42.8,60,100,51,0.0,56.925,262.03,0.0001962,0,1.1,0,0.0025018,13.998,3.0284,61733,67247.0,6.4879,298.21,136.97,1.0468,10.0,,35,,1.0771,0.19297,,,0.79827,0,,0,0,1,93,93,1,93.0,34698.0
43.0,60,100,51,0.0,62.279,253.1,0.0001,0,1.1,0,0.0024711,13.996,3.0684,61752,67276.0,6.4854,298.17,125.84,1.051,10.0,,35,,1.0758,0.19298,,,0.8015,0,,0,0,1,93,93,1,93.0,35720.0
43.2,60,100,51,0.0,68.642,248.14,0.0001,0,1.1,0,0.0024086,14.011,3.109,61772,67306.0,6.4898,298.16,121.16,1.0551,10.0,,35,,1.0753,0.19298,,,0.80468,0,,0,0,1,93,93,1,93.0,35246.0
43.4,60,100,51,0.0,73.231,249.32,0.0001,0,1.1,0,0.002417,13.984,3.1494,61793,67336.0,6.4948,298.13,114.43,1.0593,10.0,,35,,1.0807,0.19292,,,0.80785,0,,0,0,1,93,93,1,93.0,35771.0
43.6,60,100,51,0.0,75.824,247.26,0.0001,0,1.1,0,0.0023987,13.994,3.1901,61815,67368.0,6.503,298.1,104.58,1.0634,10.0,,35,,1.0675,0.19303,,,0.81102,0,,0,0,1,93,93,1,93.0,36464.0
43.8,60,100,51,0.0,75.147,240.67,0.0001,0,1.1,0,0.002383,13.974,3.2311,61836,67399.0,6.5102,298.08,99.316,1.0676,10.0,,35,,1.0721,0.19298,,,0.81418,0,,0,0,1,93,93,1,93.0,36658.0
44.0,60,100,51,0.0,71.603,238.36,0.0001,0,1.1,0,0.0023842,13.919,3.2725,61857,67429.0,6.5144,298.06,94.082,1.0717,10.0,,35,,1.0918,0.19279,,,0.81734,0,,0,0,1,93,93,1,93.0,36022.0
44.2,60,100,57,0.0,66.381,235.28,0.0001,0,1.1,0,0.0026749,13.706,3.3109,61878,67460.0,6.513,298.05,89.822,1.0761,10.0,,35,,1.1519,0.19221,,,0.82071,0,,0,0,1,93,93,1,93.0,35870.0
44.4,60,100,57,0.0,61.737,232.69,0.0001,0,1.1,0,0.0026759,13.676,3.3495,61898,67490.0,6.5076,298.04,86.447,1.0807,10.0,,35,,1.154,0.19218,,,0.82419,0,,0,0,1,93,93,1,93.0,36553.0
44.6,60,100,57,0.0,59.228,230.59,0.0001,0,1.1,0,0.0025799,13.676,3.3895,61918,67520.0,6.4985,298.02,80.824,1.0852,10.0,,35,,1.1595,0.19212,,,0.82764,0,,0,0,1,93,93,1,93.0,37242.0
44.8,60,100,57,0.0,60.345,225.34,0.0001,0,1.1,0,0.0026152,13.651,3.4291,61938,67549.0,6.4931,298.0,74.618,1.0897,10.0,,35,,1.1519,0.19218,,,0.83109,0,,0,0,1,93,93,1,93.0,36763.0
45.0,60,100,57,0.0,63.626,218.73,0.0001,0,1.1,0,0.0026074,13.627,3.469,61958,67580.0,6.4905,297.99,71.937,1.0942,10.0,,35,,1.1565,0.19213,,,0.83456,0,,0,0,1,93,93,1,93.0,36952.0
45.2,60,100,57,0.0,67.917,215.53,0.0001,0,1.1,0,0.0026081,13.602,3.5087,61980,67611.0,6.4894,297.98,68.926,1.0988,10.0,,35,,1.1612,0.19208,,,0.83804,0,,0,0,1,93,93,1,93.0,36807.0
45.4,60,100,57,0.0,72.662,211.5,0.0001,0,1.1,0,0.0025804,13.595,3.5492,62002,67644.0,6.4882,297.97,66.218,1.1033,10.0,,35,,1.1648,0.19203,,,0.8415,0,,0,0,1,93,93,1,93.0,37666.0
45.6,60,100,57,0.0,77.901,207.45,0.0001,0,1.1,0,0.0025665,13.575,3.5903,62025,67677.0,6.488,297.96,65.349,1.1078,10.0,,35,,1.1757,0.19192,,,0.84495,0,,0,0,1,93,93,1,93.0,37861.0
45.8,60,100,57,0.0,83.198,205.24,0.0001,0,1.1,0,0.0025373,13.566,3.6318,62050,67711.0,6.489,297.95,61.608,1.1123,10.0,,35,,1.178,0.19189,,,0.84839,0,,0,0,1,93,93,1,93.0,38891.0
46.0,60,100,57,0.0,88.104,199.44,0.0001,0,1.1,0,0.0024795,13.597,3.674,62075,67747.0,6.4929,297.94,57.422,1.1167,10.0,,35,,1.1594,0.19206,,,0.8518,0,,0,0,1,93,93,1,93.0,38758.0
46.2,60,100,57,0.0,91.441,59.833,213.29,0,1.1,0,0.0025008,13.586,3.7162,62101,67783.0,6.5002,298.71,283.24,1.1212,10.0,,35,,1.1561,0.19208,,,0.85518,0,,0,0,1,93,93,1,93.0,37958.0
46.4,60,100,57,0.0,91.86,325.83,21.329,0,1.1,0,0.002503,13.549,3.7585,62127,67819.0,6.5068,298.66,266.17,1.1256,10.0,,35,,1.1675,0.19196,,,0.85857,0,,0,0,1,93,93,1,93.0,38826.0
46.6,60,100,57,0.0,89.667,326.49,2.1329,0,1.1,0,0.0024836,13.54,3.8011,62152,67854.0,6.5125,298.55,235.06,1.13,10.0,,35,,1.1668,0.19196,,,0.86195,0,,0,0,1,93,93,1,93.0,38195.0
46.8,60,100,57,0.0,85.18,314.58,0.21329,0,1.1,0,0.0024542,13.513,3.8441,62177,67889.0,6.5146,298.46,208.79,1.1344,10.0,,35,,1.1776,0.19185,,,0.86531,0,,0,0,1,93,93,1,93.0,38399.0
47.0,60,100,57,0.0,79.891,304.78,0.021329,0,1.1,0,0.0023737,13.545,3.8878,62201,67922.0,6.5139,298.36,180.48,1.1387,10.0,,35,,1.1595,0.19201,,,0.86861,0,,0,0,1,93,93,1,93.0,38774.0
47.2,60,100,57,0.0,74.85,289.06,0.0021329,0,1.1,0,0.0023321,13.524,3.9319,62223,67955.0,6.5122,298.29,160.37,1.143,10.0,,35,,1.1673,0.19193,,,0.87187,0,,0,0,1,93,93,1,93.0,40317.0
47.4,60,100,57,0.0,70.484,279.47,0.00021329,0,1.1,0,0.0022894,13.5,3.9765,62245,67986.0,6.5093,298.24,145.92,1.1472,10.0,,35,,1.1745,0.19186,,,0.8751,0,,0,0,1,93,93,1,93.0,38862.0
47.6,60,100,57,0.0,67.304,273.8,0.0001,0,1.1,0,0.0023062,13.461,4.0212,62266,68017.0,6.5046,298.2,132.99,1.1514,10.0,,35,,1.1795,0.1918,,,0.87834,0,,0,0,1,93,93,1,93.0,39241.0
47.8,60,100,57,0.0,65.994,267.93,0.0001,0,1.1,0,0.0022653,13.465,4.0664,62287,68048.0,6.501,298.17,125.52,1.1556,10.0,,35,,1.1744,0.19184,,,0.88155,0,,0,0,1,93,93,1,93.0,40956.0
48.0,60,100,57,0.0,66.112,266.83,0.0001,0,1.1,0,0.0021999,13.482,4.1123,62308,68079.0,6.4996,298.14,115.9,1.1598,10.0,737.77,35,1817.8,1.1688,0.19189,3.9319,15.561,0.88472,0,48.842,0,0,1,93,93,1,93.0,40342.0
48.2,60,100,61,0.0,66.78,262.08,0.0001,0,1.1,0,0.0023696,13.338,4.1573,62330,68111.0,6.499,298.11,108.92,1.164,10.0,,35,,1.2043,0.19154,,,0.88799,0,,0,0,1,93,93,1,93.0,41389.0
48.4,60,100,61,0.0,67.682,259.28,0.0001,0,1.1,0,0.0023075,13.364,4.2027,62352,68143.0,6.4997,298.08,99.02,1.1683,10.0,,35,,1.193,0.19164,,,0.89128,0,,0,0,1,93,93,1,93.0,40938.0
48.6,60,100,61,0.0,68.338,252.07,0.0001,0,1.1,0,0.0023032,13.34,4.2483,62374,68175.0,6.5015,298.05,88.995,1.1726,10.0,,35,,1.1943,0.19162,,,0.89457,0,,0,0,1,93,93,1,93.0,41489.0
48.8,60,100,61,0.0,68.264,243.51,0.0001,0,1.1,0,0.0022762,13.31,4.2943,62396,68207.0,6.5,298.0,75.865,1.1769,10.0,,35,,1.2124,0.19144,,,0.89784,0,,0,0,1,93,93,1,93.0,41708.0
49.0,60,100,61,0.0,68.805,230.02,0.0001,0,1.1,0,0.0022884,13.297,4.3404,62418,68240.0,6.5007,297.96,62.836,1.1812,10.0,,35,,1.2043,0.19151,,,0.90112,0,,0,0,1,93,93,1,93.0,40927.0
49.2,60,100,61,0.0,69.041,215.04,0.0001,0,1.1,0,0.0022482,13.282,4.387,62441,68272.0,6.5017,297.92,52.165,1.1854,10.0,,35,,1.2126,0.19142,,,0.90438,0,,0,0,1,93,93,1,93.0,42316.0
49.4,60,100,61,0.0,68.869,64.511,230.71,0,1.1,0,0.0022267,13.283,4.434,62463,68304.0,6.5033,298.74,291.72,1.1896,10.0,,35,,1.214,0.1914,,,0.9076,0,,0,0,1,93,93,1,93.0,42373.0
49.6,60,100,61,0.0,68.072,344.34,23.071,0,1.1,0,0.0021678,13.298,4.4812,62485,68336.0,6.5035,298.66,267.8,1.1938,10.0,,35,,1.212,0.19141,,,0.91076,0,,0,0,1,93,93,1,93.0,42098.0
49.8,60,100,61,0.0,67.207,337.74,2.3071,0,1.1,0,0.0021303,13.315,4.529,62507,68368.0,6.5032,298.5,221.61,1.1979,10.0,,35,,1.196,0.19155,,,0.91388,0,,0,0,1,93,93,1,93.0,42159.0
50.0,60,100,61,0.0,66.459,308.59,0.23071,0,1.1,0,0.0021033,13.308,4.577,62528,68399.0,6.5011,298.36,180.66,1.2019,10.0,,35,,1.1926,0.19158,,,0.91697,0,,0,0,1,93,93,1,93.0,43221.0
50.2,60,100,61,0.0,66.53,280.3,0.023071,500,1.1,0,0.0021242,14.454,4.6178,62650,68531.0,6.4971,298.14,117.2,1.2059,10.0,,35,,0.88412,0.19448,,,0.92007,0,,0,0,1,93,93,1,93.0,42087.0
50.4,60,100,61,0.0,68.235,220.2,0.0023071,500,1.1,0,0.002094,14.473,4.6584,62772,68663.0,6.4931,298.0,74.367,1.21,10.0,,35,,0.86353,0.19467,,,0.92316,0,,0,0,1,93,93,1,93.0,43453.0
50.6,60,100,61,0.0,71.532,176.92,0.00023071,500,1.1,0,0.0020778,14.495,4.699,62895,68796.0,6.4916,297.89,43.214,1.214,10.0,,35,,0.86098,0.19469,,,0.92625,0,,0,0,1,93,93,1,93.0,42985.0
50.8,60,100,61,0.0,75.414,53.077,193.76,500,1.1,0,0.002083,14.487,4.7396,63019,68929.0,6.4904,298.48,217.16,1.218,10.0,,35,,0.876,0.19454,,,0.92934,0,,0,0,1,93,93,1,93.0,43850.0
51.0,60,100,61,0.0,79.787,253.24,19.376,500,1.1,0,0.0020577,14.54,4.7797,63143,69064.0,6.4942,298.34,174.19,1.2221,10.0,,35,,0.86427,0.19464,,,0.93241,0,,0,0,1,93,93,1,93.0,43547.0
51.2,60,100,61,0.0,82.599,216.74,1.9376,500,1.1,0,0.0020111,14.569,4.8199,63268,69198.0,6.4993,298.15,120.09,1.226,10.0,,35,,0.87061,0.19457,,,0.93545,0,,0,0,1,93,93,1,93.0,44077.0
51.4,60,100,61,0.0,83.39,167.45,0.19376,500,1.1,0,0.0019923,14.61,4.86,63393,69333.0,6.5043,298.02,79.842,1.2299,10.0,,35,,0.86198,0.19464,,,0.93845,0,,0,0,1,93,93,1,93.0,43607.0
51.6,60,100,61,0.0,82.179,127.81,0.019376,500,1.1,0,0.0019852,14.615,4.9002,63518,69468.0,6.5085,297.91,49.048,1.2338,10.0,,35,,0.86629,0.1946,,,0.94144,0,,0,0,1,93,93,1,93.0,43304.0
51.8,60,100,61,0.0,79.313,38.343,142.01,500,1.1,0,0.0019787,14.605,4.9405,63642,69602.0,6.5119,298.34,175.48,1.2378,10.0,,35,,0.88107,0.19445,,,0.94443,0,,0,0,1,93,93,1,93.0,45167.0
52.0,60,100,61,0.0,75.092,182.28,14.201,500,1.1,0,0.0019872,14.589,4.9809,63765,69735.0,6.5127,298.22,140.08,1.2417,10.0,,35,,0.89389,0.19432,,,0.94743,0,,0,0,1,93,93,1,93.0,44699.0
52.2,60,100,65,0.0,70.535,150.91,1.4201,500,1.1,0,0.0021345,14.479,5.0208,63888,69869.0,6.5104,298.11,106.75,1.2458,10.0,,35,,0.92966,0.19398,,,0.95055,0,,0,0,1,93,93,1,93.0,45394.0
52.4,60,100,65,0.0,66.922,121.64,0.14201,500,1.1,0,0.0021319,14.473,5.0607,64011,70001.0,6.5077,298.03,81.807,1.2499,10.0,,35,,0.94151,0.19386,,,0.95374,0,,0,0,1,93,93,1,93.0,45756.0
52.6,60,100,65,0.0,64.38,97.866,0.014201,500,1.1,0,0.00218,14.44,5.1006,64133,70134.0,6.5035,297.98,67.386,1.2541,10.0,,35,,0.95121,0.19376,,,0.95697,0,,0,0,1,93,93,1,93.0,44952.0
52.8,60,100,65,0.0,63.506,82.899,0.0014201,500,1.1,0,0.0021838,14.427,5.1406,64255,70266.0,6.5005,297.95,59.489,1.2584,10.0,,35,,0.9657,0.19361,,,0.96024,0,,0,0,1,93,93,1,93.0,45481.0
53.0,60,100,65,0.0,63.838,73.379,0.00014201,500,1.1,0,0.0021562,14.465,5.1807,64377,70398.0,6.4999,297.93,53.464,1.2626,10.0,,35,,0.95945,0.19366,,,0.96349,0,,0,0,1,93,93,1,93.0,44677.0
53.2,60,100,65,0.0,64.399,22.014,86.48,500,1.1,0,0.0021542,14.481,5.2211,64499,70530.0,6.5001,298.21,139.07,1.2669,10.0,,35,,0.95804,0.19367,,,0.96673,0,,0,0,1,93,93,1,93.0,46042.0
53.4,60,100,65,0.0,64.89,117.34,8.648,500,1.1,0,0.0021603,14.505,5.2616,64621,70663.0,6.5011,298.18,129.36,1.2711,10.0,,35,,0.94703,0.19376,,,0.96996,0,,0,0,1,93,93,1,93.0,45907.0
53.6,60,100,65,0.0,64.971,112.21,0.8648,500,1.1,0,0.0021557,14.527,5.3024,64743,70795.0,6.5015,298.14,115.79,1.2753,10.0,,35,,0.93924,0.19383,,,0.9732,0,,0,0,1,93,93,1,93.0,46607.0
53.8,60,100,65,0.0,64.903,103.88,0.08648,500,1.1,0,0.0021346,14.544,5.3434,64865,70927.0,6.5019,298.11,106.3,1.2795,10.0,,35,,0.94074,0.19381,,,0.97642,0,,0,0,1,93,93,1,93.0,46140.0
54.0,60,100,65,0.0,64.666,98.62,0.008648,500,1.1,0,0.0021529,14.543,5.3841,64987,71060.0,6.5006,298.08,97.791,1.2838,10.0,,35,,0.94012,0.1938,,,0.97966,0,,0,0,1,93,93,1,93.0,46507.0
54.2,60,100,65,0.0,64.933,93.228,0.0008648,500,1.1,0,0.0021319,14.571,5.425,65109,71192.0,6.498,298.05,89.805,1.288,10.0,,35,,0.93698,0.19382,,,0.9829,0,,0,0,1,93,93,1,93.0,46207.0
54.4,60,100,65,0.0,66.257,87.371,0.0001,500,1.1,0,0.0021482,14.572,5.4658,65231,71325.0,6.4977,298.04,86.214,1.2922,10.0,,35,,0.93544,0.19383,,,0.98615,0,,0,0,1,93,93,1,93.0,46407.0
54.6,60,100,65,0.0,67.67,85.496,0.0001,500,1.1,0,0.002137,14.581,5.5069,65354,71458.0,6.4972,298.03,84.149,1.2965,10.0,,35,,0.93472,0.19383,,,0.98942,0,,0,0,1,93,93,1,93.0,48108.0
54.8,60,100,65,0.0,69.318,84.799,0.0001,500,1.1,0,0.0021328,14.567,5.548,65477,71591.0,6.496,298.03,82.113,1.3008,10.0,,35,,0.95437,0.19364,,,0.99271,0,,0,0,1,93,93,1,93.0,46809.0
55.0,60,100,65,0.0,71.454,83.849,0.0001,500,1.1,0,0.0021474,14.571,5.5893,65600,71725.0,6.4952,298.02,78.657,1.3051,10.0,,35,,0.9593,0.19358,,,0.99601,0,,0,0,1,93,93,1,93.0,47345.0
55.2,60,100,65,0.0,73.873,81.061,0.0001,500,1.1,0,0.0021169,14.589,5.631,65724,71860.0,6.4972,298.0,73.394,1.3094,10.0,,35,,0.96963,0.19348,,,0.99929,0,,0,0,1,93,93,1,93.0,47549.0
55.4,60,100,65,0.0,75.485,75.87,0.0001,500,1.1,0,0.0021201,14.595,5.6725,65848,71994.0,6.4973,297.99,69.864,1.3137,10.0,,35,,0.96872,0.19348,,,1.0026,0,,0,0,1,93,93,1,93.0,48419.0
55.6,60,100,65,0.0,77.072,72.031,0.0001,500,1.1,0,0.0021243,14.596,5.7141,65973,72129.0,6.4955,297.98,67.158,1.318,10.0,,35,,0.98007,0.19336,,,1.0059,0,,0,0,1,93,93,1,93.0,48956.0
55.8,60,100,65,0.0,79.406,68.646,0.0001,500,1.1,0,0.0020836,14.624,5.7557,66097,72265.0,6.4952,297.98,67.007,1.3223,10.0,,35,,0.98015,0.19335,,,1.0092,0,,0,0,1,93,93,1,93.0,48493.0
56.0,60,100,65,0.0,81.854,67.765,0.0001,500,1.1,0,0.0020683,14.634,5.7974,66223,72401.0,6.4944,297.98,66.451,1.3266,10.0,,35,,0.99166,0.19323,,,1.0125,0,,0,0,1,93,93,1,93.0,48697.0
56.2,60,100,72,0.0,84.598,66.353,0.0001,500,1.1,0,0.0022581,14.501,5.8382,66350,72539.0,6.493,297.99,70.543,1.3311,10.0,,34,,1.0401,0.19277,,,1.0159,0,,0,0,1,93,93,1,93.0,49730.0
56.4,60,100,72,0.0,87.903,70.038,0.0001,500,1.1,0,0.0022448,14.538,5.879,66478,72678.0,6.4946,298.0,74.929,1.3357,10.0,,34,,1.0364,0.19279,,,1.0194,0,,0,0,1,93,93,1,93.0,49097.0
56.6,60,100,72,0.0,90.555,74.422,0.0001,500,1.1,0,0.0022195,14.568,5.92,66606,72817.0,6.4985,298.01,77.462,1.3402,10.0,,34,,1.0328,0.19282,,,1.0229,0,,0,0,1,93,93,1,93.0,49797.0
56.8,60,100,72,0.0,91.671,77.27,0.0001,500,1.1,0,0.0021799,14.609,5.9611,66735,72956.0,6.5017,298.01,77.918,1.3448,10.0,,34,,1.027,0.19287,,,1.0264,0,,0,0,1,93,93,1,93.0,48499.0
57.0,60,100,72,0.0,91.496,78.171,0.0001,500,1.1,0,0.0021522,14.614,6.0025,66864,73096.0,6.5038,298.01,77.52,1.3492,10.0,,34,,1.0422,0.19271,,,1.0298,0,,0,0,1,93,93,1,93.0,50701.0
57.2,60,100,72,0.0,90.5,78.237,0.0001,500,1.1,0,0.0021055,14.659,6.0439,66992,73235.0,6.5069,298.01,75.301,1.3537,10.0,,34,,1.0356,0.19277,,,1.0332,0,,0,0,1,93,93,1,93.0,49737.0
57.4,60,100,72,0.0,88.266,76.277,0.0001,500,1.1,0,0.0021086,14.678,6.0852,67120,73373.0,6.5086,298.0,73.668,1.3581,10.0,,34,,1.0294,0.19282,,,1.0366,0,,0,0,1,93,93,1,93.0,50106.0
57.6,60,100,72,0.0,85.37,74.743,0.0001,500,1.1,0,0.0021494,14.647,6.1265,67247,73512.0,6.5073,297.99,71.832,1.3625,10.0,,34,,1.0481,0.19263,,,1.04,0,,0,0,1,93,93,1,93.0,50142.0
57.8,60,100,72,0.0,82.999,72.781,0.0001,500,1.1,0,0.00214,14.638,6.1683,67374,73649.0,6.5041,297.99,69.517,1.367,10.0,,34,,1.0642,0.19247,,,1.0434,0,,0,0,1,93,93,1,93.0,50846.0
58.0,60,100,72,0.0,81.894,70.088,0.0001,500,1.1,0,0.002145,14.638,6.2099,67501,73787.0,6.5001,297.98,67.715,1.3715,10.0,,34,,1.07,0.19241,,,1.0469,0,,0,0,1,93,93,1,93.0,50717.0
58.2,60,100,72,0.0,82.373,67.695,0.0001,500,1.1,0,0.0021453,14.639,6.2512,67628,73924.0,6.494,297.97,65.306,1.376,10.0,,34,,1.0807,0.1923,,,1.0503,0,,0,0,1,93,93,1,93.0,51919.0
58.4,60,100,72,0.0,85.295,64.42,0.0001,500,1.1,0,0.0020901,14.687,6.2926,67755,74063.0,6.4926,297.97,62.568,1.3804,10.0,,34,,1.0768,0.19233,,,1.0537,0,,0,0,1,93,93,1,93.0,50955.0
58.6,60,100,72,0.0,88.742,60.522,0.0001,500,1.1,0,0.0020864,14.713,6.3339,67883,74201.0,6.4935,297.96,59.948,1.3849,10.0,,34,,1.0721,0.19236,,,1.0571,0,,0,0,1,93,93,1,93.0,51158.0
58.8,60,100,72,0.0,91.857,56.443,0.0001,500,1.1,0,0.0021048,14.694,6.3752,68012,74341.0,6.4955,297.95,58.12,1.3893,10.0,,34,,1.0903,0.19218,,,1.0605,0,,0,0,1,93,93,1,93.0,52527.0
59.0,60,100,72,0.0,94.172,52.915,0.0001,500,1.1,0,0.002109,14.723,6.4164,68141,74481.0,6.4957,297.95,56.796,1.3938,10.0,,34,,1.0832,0.19224,,,1.064,0,,0,0,1,93,93,1,93.0,51895.0
59.2,60,100,72,0.0,96.423,15.874,63.31,500,1.1,0,0.0021274,14.711,6.4573,68270,74621.0,6.4965,298.15,123.21,1.3983,10.0,,34,,1.0963,0.19211,,,1.0674,0,,0,0,1,93,93,1,93.0,51762.0
59.4,60,100,72,0.0,98.33,85.433,6.331,500,1.1,0,0.0021263,14.729,6.4981,68400,74762.0,6.4974,298.14,119.88,1.4028,10.0,,34,,1.1013,0.19205,,,1.0709,0,,0,0,1,93,93,1,93.0,51461.0
59.6,60,100,72,0.0,99.897,86.083,0.6331,500,1.1,0,0.0021366,14.738,6.5387,68530,74903.0,6.4983,298.12,111.55,1.4074,10.0,,34,,1.1018,0.19204,,,1.0744,0,,0,0,1,93,93,1,93.0,52327.0
59.8,60,100,72,0.0,101.11,82.622,0.06331,500,1.1,0,0.0021035,14.769,6.5795,68660,75045.0,6.4985,298.09,103.0,1.4119,10.0,,34,,1.0953,0.19209,,,1.0779,0,,0,0,1,93,93,1,93.0,53360.0
60.0,60,100,72,0.0,102.23,78.097,0.006331,500,1.1,0,0.0021103,14.773,6.6205,68791,75186.0,6.4988,298.07,95.37,1.4165,10.0,1051.8,34,1803.3,1.1029,0.19201,6.4573,17.455,1.0813,0,40.314,0,0,1,93,93,1,93.0,52727.0
60.2,60,100,76,0.0,103.23,73.578,0.0006331,500,1.1,0,0.0022076,14.723,6.6609,68922,75329.0,6.4985,298.05,91.041,1.4211,10.0,,33,,1.1246,0.1918,,,1.0849,0,,0,0,1,93,93,1,93.0,53092.0
60.4,60,100,76,0.0,104.36,71.687,0.0001,500,1.1,0,0.0021951,14.734,6.7012,69054,75472.0,6.498,298.04,87.56,1.4258,10.0,,33,,1.1378,0.19166,,,1.0885,0,,0,0,1,93,93,1,93.0,52289.0
60.6,60,100,76,0.0,105.68,70.129,0.0001,500,1.1,0,0.0022227,14.718,6.7417,69186,75615.0,6.4956,298.03,84.662,1.4306,10.0,,33,,1.1542,0.1915,,,1.0922,0,,0,0,1,93,93,1,93.0,52654.0
60.8,60,100,76,0.0,107.97,68.775,0.0001,500,1.1,0,0.0022422,14.717,6.7826,69319,75759.0,6.494,298.03,82.812,1.4353,10.0,,33,,1.1622,0.19141,,,1.0958,0,,0,0,1,93,93,1,93.0,53688.0
61.0,60,100,76,0.0,110.89,68.189,0.0001,500,1.1,0,0.0022188,14.742,6.8233,69452,75904.0,6.4934,298.02,79.353,1.4401,10.0,,33,,1.1649,0.19138,,,1.0995,0,,0,0,1,93,93,1,93.0,54221.0
61.2,60,100,76,0.0,114.06,65.668,0.0001,500,1.1,0,0.0021996,14.754,6.8642,69586,76049.0,6.4945,298.02,78.301,1.4449,10.0,,33,,1.1755,0.19127,,,1.1031,0,,0,0,1,93,93,1,93.0,53921.0
61.4,60,100,76,0.0,116.76,65.334,0.0001,500,1.1,0,0.0021339,14.814,6.9052,69720,76194.0,6.4954,298.01,76.277,1.4496,10.0,,33,,1.166,0.19135,,,1.1067,0,,0,0,1,93,93,1,93.0,53788.0
61.6,60,100,76,0.0,119.14,63.803,0.0001,500,1.1,0,0.0021809,14.765,6.9462,69854,76340.0,6.497,298.0,74.71,1.4543,10.0,,33,,1.2009,0.19101,,,1.1103,0,,0,0,1,93,93,1,93.0,54989.0
61.8,60,100,76,0.0,120.84,62.547,0.0001,500,1.1,0,0.0021826,14.777,6.9868,69989,76487.0,6.4999,298.0,73.293,1.459,10.0,,33,,1.2077,0.19094,,,1.114,0,,0,0,1,93,93,1,93.0,54854.0
62.0,60,100,76,0.0,121.39,61.262,0.0001,500,1.1,0,0.0021607,14.796,7.0278,70125,76633.0,6.5032,297.99,70.366,1.4638,10.0,,33,,1.2195,0.19082,,,1.1176,0,,0,0,1,93,93,1,93.0,55388.0
62.2,60,100,76,0.0,120.61,58.232,0.0001,500,1.1,0,0.0021323,14.832,7.0688,70259,76779.0,6.5066,297.98,66.663,1.4684,10.0,,33,,1.2119,0.19088,,,1.1212,0,,0,0,1,93,93,1,93.0,54256.0
62.4,60,100,76,0.0,118.48,54.099,0.0001,500,1.1,0,0.0020978,14.835,7.1101,70394,76925.0,6.5091,297.97,63.051,1.4731,10.0,,33,,1.2238,0.19076,,,1.1248,0,,0,0,1,93,93,1,93.0,54791.0
62.6,60,100,76,0.0,115.35,49.665,0.0001,500,1.1,0,0.0020881,14.838,7.1517,70528,77070.0,6.5115,297.96,60.738,1.4777,10.0,,33,,1.232,0.19067,,,1.1283,0,,0,0,1,93,93,1,93.0,54495.0
62.8,60,100,76,0.0,111.28,46.181,0.0001,500,1.1,0,0.0020885,14.835,7.1933,70661,77215.0,6.5134,297.96,58.665,1.4824,10.0,,33,,1.2451,0.19054,,,1.1319,0,,0,0,1,93,93,1,93.0,55199.0
63.0,60,100,76,0.0,106.43,42.658,0.0001,500,1.1,0,0.0020999,14.827,7.2349,70793,77358.0,6.5126,297.96,58.65,1.487,10.0,,33,,1.2575,0.19041,,,1.1355,0,,0,0,1,93,93,1,93.0,54736.0
63.2,60,100,76,0.0,101.91,41.033,0.0001,500,1.1,0,0.0020915,14.846,7.2767,70924,77501.0,6.5091,297.96,59.92,1.4917,10.0,,33,,1.2539,0.19044,,,1.139,0,,0,0,1,93,93,1,93.0,55440.0
63.4,60,100,76,0.0,98.809,40.692,0.0001,500,1.1,0,0.0021354,14.835,7.3185,71055,77643.0,6.5058,297.97,61.938,1.4964,10.0,,33,,1.2613,0.19036,,,1.1427,0,,0,0,1,93,93,1,93.0,56145.0
63.6,60,100,76,0.0,97.01,41.235,0.0001,500,1.1,0,0.0021456,14.829,7.3602,71185,77784.0,6.5011,297.97,64.022,1.5012,10.0,,33,,1.2744,0.19022,,,1.1463,0,,0,0,1,93,93,1,93.0,56016.0
63.8,60,100,76,0.0,97.081,42.051,0.0001,500,1.1,0,0.0020821,14.897,7.4018,71315,77926.0,6.4992,297.97,63.5,1.5058,10.0,,33,,1.2593,0.19036,,,1.1499,0,,0,0,1,93,93,1,93.0,56553.0
64.0,60,100,76,0.0,97.922,40.413,0.0001,500,1.1,0,0.0020756,14.9,7.4435,71445,78068.0,6.498,297.97,64.177,1.5105,10.0,,33,,1.2686,0.19026,,,1.1534,0,,0,0,1,93,93,1,93.0,56590.0
64.2,60,100,80,0.0,99.251,40.009,0.0001,500,1.1,0,0.0021272,14.879,7.485,71577,78210.0,6.4977,297.98,66.38,1.5152,10.0,,32,,1.2851,0.1901,,,1.1571,0,,0,0,1,93,93,1,93.0,56794.0
64.4,60,100,80,0.0,100.68,41.215,0.0001,500,1.1,0,0.0021009,14.927,7.5267,71708,78354.0,6.4987,297.98,67.872,1.5199,10.0,,32,,1.2738,0.19019,,,1.1607,0,,0,0,1,93,93,1,93.0,56165.0
64.6,60,100,80,0.0,101.71,41.902,0.0001,500,1.1,0,0.0021192,14.921,7.5682,71840,78497.0,6.4999,297.99,69.396,1.5247,10.0,,32,,1.287,0.19006,,,1.1643,0,,0,0,1,93,93,1,93.0,57368.0
64.8,60,100,80,0.0,102.25,42.801,0.0001,500,1.1,0,0.002035,15.016,7.6096,71972,78640.0,6.5024,297.98,68.422,1.5293,10.0,,32,,1.256,0.19034,,,1.1679,0,,0,0,1,93,93,1,93.0,58237.0
65.0,60,100,80,0.0,101.8,41.319,0.0001,500,1.1,0,0.0020223,15.033,7.6508,72104,78783.0,6.5045,297.98,67.081,1.5339,10.0,,32,,1.2552,0.19034,,,1.1714,0,,0,0,1,93,93,1,93.0,58272.0
65.2,60,100,80,0.0,100.54,39.412,0.0001,500,1.1,0,0.0020353,15.036,7.6918,72235,78926.0,6.5055,297.98,67.39,1.5386,10.0,,32,,1.2618,0.19027,,,1.175,0,,0,0,1,93,93,1,93.0,57806.0
65.4,60,100,80,0.0,98.872,39.043,0.0001,500,1.1,0,0.0020338,15.044,7.7328,72366,79069.0,6.5066,297.98,67.79,1.5432,10.0,,32,,1.2691,0.19019,,,1.1785,0,,0,0,1,93,93,1,93.0,58340.0
65.6,60,100,80,0.0,96.732,38.764,0.0001,500,1.1,0,0.0019894,15.08,7.7742,72497,79211.0,6.5078,297.98,67.52,1.5478,10.0,,32,,1.2671,0.1902,,,1.1821,0,,0,0,1,93,93,1,93.0,57543.0
65.8,60,100,80,0.0,94.146,37.849,0.0001,500,1.1,0,0.0019623,15.103,7.8154,72627,79352.0,6.5092,297.98,67.731,1.5523,10.0,,32,,1.2659,0.19021,,,1.1855,0,,0,0,1,93,93,1,93.0,58411.0
66.0,60,100,80,0.0,90.997,37.404,0.0001,500,1.1,0,0.0019154,15.14,7.8566,72757,79493.0,6.5096,297.98,66.427,1.5568,10.0,,32,,1.2611,0.19024,,,1.189,0,,0,0,1,93,93,1,93.0,58446.0
66.2,60,100,80,0.0,87.668,35.445,0.0001,500,1.1,0,0.0019276,15.145,7.898,72886,79633.0,6.5095,297.98,65.841,1.5613,10.0,,32,,1.2639,0.19021,,,1.1924,0,,0,0,1,93,93,1,93.0,57983.0
66.4,60,100,80,0.0,84.38,34.1,0.0001,500,1.1,0,0.0019466,15.134,7.9396,73014,79773.0,6.5068,297.98,66.843,1.5658,10.0,,32,,1.2759,0.19009,,,1.1959,0,,0,0,1,93,93,1,93.0,58519.0
66.6,60,100,80,0.0,82.174,34.272,0.0001,500,1.1,0,0.001914,15.154,7.9814,73142,79912.0,6.5025,297.98,66.801,1.5703,10.0,,32,,1.2801,0.19004,,,1.1993,0,,0,0,1,93,93,1,93.0,59057.0
66.8,60,100,80,0.0,81.682,33.47,0.0001,500,1.1,0,0.0019297,15.135,8.0235,73270,80051.0,6.4976,297.98,67.481,1.5748,10.0,,32,,1.3036,0.18981,,,1.2028,0,,0,0,1,93,93,1,93.0,59264.0
67.0,60,100,80,0.0,83.163,33.409,0.0001,500,1.1,0,0.0019059,15.164,8.0658,73398,80191.0,6.4938,297.98,68.131,1.5793,10.0,,32,,1.3006,0.18983,,,1.2063,0,,0,0,1,93,93,1,93.0,59637.0
67.2,60,100,80,0.0,86.142,33.375,0.0001,500,1.1,0,0.0018942,15.179,8.1079,73526,80331.0,6.4922,297.99,68.872,1.5838,10.0,,32,,1.3058,0.18977,,,1.2097,0,,0,0,1,93,93,1,93.0,59177.0
67.4,60,100,80,0.0,89.784,33.503,0.0001,500,1.1,0,0.001885,15.202,8.1497,73655,80471.0,6.4919,297.99,69.05,1.5884,10.0,,32,,1.31,0.18972,,,1.2132,0,,0,0,1,93,93,1,93.0,60215.0
67.6,60,100,80,0.0,93.535,33.146,0.0001,500,1.1,0,0.0018576,15.235,8.1916,73785,80613.0,6.4928,297.98,68.159,1.5928,10.0,,32,,1.3121,0.18969,,,1.2166,0,,0,0,1,93,93,1,93.0,60586.0
67.8,60,100,80,0.0,96.937,31.759,0.0001,500,1.1,0,0.0018625,15.246,8.2332,73916,80755.0,6.4941,297.98,67.827,1.5973,10.0,,32,,1.3166,0.18964,,,1.2201,0,,0,0,1,93,93,1,93.0,61457.0
68.0,60,100,80,0.0,99.835,30.854,0.0001,500,1.1,0,0.0018831,15.256,8.275,74047,80897.0,6.495,297.98,67.109,1.6018,10.0,,32,,1.3218,0.18958,,,1.2235,0,,0,0,1,93,93,1,93.0,60161.0
68.2,60,100,84,0.0,102.36,29.52,0.0001,500,1.1,0,0.0019539,15.236,8.3169,74180,81042.0,6.4961,297.99,69.101,1.6064,10.0,,31,,1.3368,0.18943,,,1.227,0,,0,0,1,93,93,1,93.0,61700.0
68.4,60,100,84,0.0,104.44,30.797,0.0001,500,1.1,0,0.001971,15.258,8.3587,74313,81186.0,6.4959,297.99,70.393,1.611,10.0,,31,,1.3361,0.18943,,,1.2306,0,,0,0,1,93,93,1,93.0,61571.0
68.6,60,100,84,0.0,106.6,31.534,0.0001,500,1.1,0,0.0019277,15.29,8.4007,74446,81331.0,6.4976,297.99,70.887,1.6157,10.0,,31,,1.337,0.18941,,,1.2342,0,,0,0,1,93,93,1,93.0,62110.0
68.8,60,100,84,0.0,108.08,31.638,0.0001,500,1.1,0,0.0018824,15.343,8.4428,74580,81476.0,6.4981,297.99,70.497,1.6202,10.0,,31,,1.3264,0.1895,,,1.2377,0,,0,0,1,93,93,1,93.0,61816.0
69.0,60,100,84,0.0,109.36,30.943,0.0001,500,1.1,0,0.0018966,15.327,8.485,74714,81622.0,6.4983,297.99,71.394,1.6248,10.0,,31,,1.3433,0.18933,,,1.2412,0,,0,0,1,93,93,1,93.0,61856.0
69.2,60,100,84,0.0,110.57,31.487,0.0001,500,1.1,0,0.001863,15.364,8.5271,74848,81767.0,6.4982,297.99,70.565,1.6294,10.0,,31,,1.3419,0.18934,,,1.2447,0,,0,0,1,93,93,1,93.0,61729.0
69.4,60,100,84,0.0,111.8,30.408,0.0001,500,1.1,0,0.0018419,15.393,8.5691,74982,81913.0,6.4999,297.99,69.361,1.6339,10.0,,31,,1.3425,0.18932,,,1.2481,0,,0,0,1,93,93,1,93.0,61935.0
69.6,60,100,84,0.0,112.35,28.912,0.0001,500,1.1,0,0.0018695,15.386,8.6112,75117,82059.0,6.5001,297.99,69.46,1.6384,10.0,,31,,1.3589,0.18916,,,1.2516,0,,0,0,1,93,93,1,93.0,61807.0
69.8,60,100,84,0.0,112.83,28.57,0.0001,500,1.1,0,0.0018591,15.422,8.6531,75251,82206.0,6.4992,297.99,69.319,1.6429,10.0,,31,,1.3497,0.18924,,,1.2551,0,,0,0,1,93,93,1,93.0,62679.0
70.0,60,100,84,0.0,113.69,2.0,0.0001,500,1.1,0,0.0018602,15.452,8.6951,75386,82352.0,6.5003,298.01,76.91,1.6474,10.0,,31,,1.3444,0.18928,,,1.2586,0,,1,0,1,93,93,1,93.0,62551.0
70.2,60,100,84,0.0,114.09,2.0,0.0001,500,1.1,0,0.0018588,15.457,8.7369,75521,82498.0,6.5022,298.03,84.491,1.652,10.0,,31,,1.3556,0.18917,,,1.262,0,,1,0,1,93,93,1,93.0,62423.0
70.4,60,100,84,0.0,113.73,2.0,0.0001,500,1.1,0,0.0018692,15.463,8.7791,75655,82645.0,6.5042,298.05,92.255,1.6565,10.0,,31,,1.3662,0.18906,,,1.2655,0,,1,0,1,93,93,1,93.0,63463.0
70.6,60,100,84,0.0,112.57,2.0,0.0001,500,1.1,0,0.0018635,15.47,8.8213,75790,82791.0,6.5039,298.07,99.907,1.661,10.0,,31,,1.3787,0.18893,,,1.269,0,,1,0,1,93,93,1,93.0,62669.0
70.8,60,100,84,0.0,111.54,2.0,0.0001,500,1.1,0,0.0018135,15.521,8.8634,75924,82936.0,6.5045,298.09,106.33,1.6655,10.0,,31,,1.3693,0.18901,,,1.2724,0,,1,0,1,93,93,1,93.0,64542.0
71.0,60,100,84,0.0,110.27,2.0,0.0001,500,1.1,0,0.0018294,15.521,8.9057,76058,83082.0,6.5049,298.11,113.48,1.67,10.0,,31,,1.3756,0.18894,,,1.2758,0,,1,0,1,93,93,1,93.0,64083.0
71.2,60,100,84,0.0,108.81,2.0,0.0001,500,1.1,0,0.0017643,15.57,8.9476,76191,83227.0,6.5055,298.13,118.82,1.6744,10.0,,31,,1.3734,0.18895,,,1.2792,0,,1,0,1,93,93,1,93.0,64454.0
71.4,60,100,84,0.0,107.12,2.0,0.0001,500,1.1,0,0.0017636,15.579,8.9899,76325,83372.0,6.5034,298.14,124.39,1.6788,10.0,,31,,1.3787,0.18889,,,1.2826,0,,1,0,1,93,93,1,93.0,64661.0
71.6,60,100,84,0.0,106.27,2.0,0.0001,500,1.1,0,0.0017843,15.578,9.0324,76458,83517.0,6.501,298.16,130.61,1.6832,10.0,,31,,1.389,0.18879,,,1.286,0,,1,0,1,93,93,1,93.0,64703.0
71.8,60,100,84,0.0,106.38,2.0,0.0001,500,1.1,0,0.0017926,15.604,9.0749,76591,83661.0,6.4961,298.18,137.07,1.6876,10.0,,31,,1.384,0.18883,,,1.2894,0,,1,0,1,93,93,1,93.0,64411.0
72.0,60,100,84,0.0,108.47,2.0,0.0001,500,1.1,0,0.001768,15.664,9.1172,76724,83806.0,6.494,298.19,142.49,1.692,10.0,1255.2,31,1715.6,1.3639,0.18901,8.9476,18.824,1.2928,0,24.977,1,0,1,93,93,1,93.0,65618.0
72.2,60,100,90,0.0,111.38,2.0,0.0001,500,1.1,0,0.0018289,15.643,9.1598,76859,83953.0,6.4934,298.21,149.26,1.6965,10.0,,30,,1.3837,0.18881,,,1.2962,0,,1,0,1,93,93,1,93.0,65327.0
72.4,60,100,90,0.0,114.54,2.0,0.0001,500,1.1,0,0.0018051,15.683,9.2018,76995,84101.0,6.4952,298.23,155.21,1.701,10.0,,30,,1.3808,0.18883,,,1.2996,0,,1,0,1,93,93,1,93.0,65533.0
72.6,60,100,90,0.0,116.98,2.0,0.0001,500,1.1,0,0.0017911,15.719,9.2438,77131,84249.0,6.498,298.24,160.66,1.7054,10.0,,30,,1.3739,0.18889,,,1.3031,0,,1,0,1,93,93,1,93.0,64738.0
72.8,60,100,90,0.0,118.29,2.0,0.0001,500,1.1,0,0.0017756,15.743,9.2858,77268,84397.0,6.501,298.26,165.76,1.7099,10.0,,30,,1.3745,0.18887,,,1.3065,0,,1,0,1,93,93,1,93.0,65943.0
73.0,60,100,90,0.0,118.43,2.0,0.0001,500,1.1,0,0.0017181,15.805,9.3271,77404,84545.0,6.5054,298.27,169.05,1.7143,10.0,,30,,1.3605,0.189,,,1.3099,0,,1,0,1,93,93,1,93.0,65146.0
73.2,60,100,90,0.0,116.78,2.0,0.0001,500,1.1,0,0.0016847,15.844,9.3685,77541,84693.0,6.5089,298.27,171.32,1.7186,10.0,,30,,1.3547,0.18905,,,1.3132,0,,1,0,1,93,93,1,93.0,65849.0
73.4,60,100,90,0.0,113.74,2.0,0.0001,500,1.1,0,0.001682,15.846,9.41,77676,84840.0,6.5115,298.28,173.55,1.7229,10.0,,30,,1.3697,0.1889,,,1.3165,0,,1,0,1,93,93,1,93.0,66218.0
73.6,60,100,90,0.0,109.68,2.0,0.0001,500,1.1,0,0.0016808,15.854,9.4517,77811,84986.0,6.5124,298.28,176.01,1.7271,10.0,,30,,1.3806,0.18878,,,1.3197,0,,1,0,1,93,93,1,93.0,67589.0
73.8,60,100,90,0.0,105.24,2.0,0.0001,500,1.1,0,0.0016563,15.882,9.493,77945,85132.0,6.5114,298.29,177.69,1.7314,10.0,,30,,1.3844,0.18874,,,1.323,0,,1,0,1,93,93,1,93.0,66958.0
74.0,60,100,90,0.0,101.21,2.0,0.0001,500,1.1,0,0.0016636,15.88,9.5344,78078,85276.0,6.5095,298.3,180.13,1.7356,10.0,,30,,1.3972,0.18861,,,1.3262,0,,1,0,1,93,93,1,93.0,66827.0
74.2,60,100,90,0.0,97.939,2.0,0.0001,500,1.1,0,0.0016818,15.877,9.5763,78210,85420.0,6.5066,298.3,183.38,1.7398,10.0,,30,,1.412,0.18846,,,1.3295,0,,1,0,1,93,93,1,93.0,66532.0
74.4,60,100,90,0.0,95.804,2.0,0.0001,500,1.1,0,0.0016673,15.906,9.6181,78342,85564.0,6.5026,298.31,186.1,1.7441,10.0,,30,,1.4139,0.18844,,,1.3327,0,,1,0,1,93,93,1,93.0,68070.0
74.6,60,100,90,0.0,95.282,2.0,0.0001,500,1.1,0,0.0016984,15.893,9.6603,78474,85707.0,6.4961,298.32,189.99,1.7483,10.0,,30,,1.431,0.18827,,,1.336,0,,1,0,1,93,93,1,93.0,67944.0
74.8,60,100,90,0.0,97.369,2.0,0.0001,500,1.1,0,0.0016893,15.896,9.7024,78606,85851.0,6.4894,298.33,193.44,1.7526,10.0,,30,,1.4541,0.18804,,,1.3393,0,,1,0,1,93,93,1,93.0,66817.0
75.0,60,100,90,0.0,102.12,2.0,0.0001,500,1.1,0,0.0016822,15.916,9.7446,78739,85996.0,6.4838,298.34,196.9,1.7569,10.0,,30,,1.4596,0.18798,,,1.3426,0,,1,0,1,93,93,1,93.0,68690.0
75.2,60,100,90,0.0,109.12,2.0,0.0001,100,1.1,0,0.0016719,15.246,9.7961,78794,86062.0,6.4848,298.43,231.21,1.7612,10.0,,30,,1.7491,0.18521,,,1.3459,0,,1,0,1,93,93,1,93.0,68937.0
75.4,60,100,90,0.0,115.68,2.0,0.0001,100,1.1,0,0.0016351,15.277,9.8464,78850,86129.0,6.487,298.52,263.71,1.7655,10.0,,30,,1.7693,0.18501,,,1.3492,0,,1,0,1,93,93,1,93.0,67845.0
75.6,60,100,90,0.0,121.41,2.0,0.0001,100,1.1,0,0.0016482,15.268,9.8968,78906,86198.0,6.4908,298.61,295.75,1.7698,10.0,,30,,1.7715,0.18498,,,1.3525,0,,1,0,1,93,93,1,93.0,68753.0
75.8,60,100,90,0.0,125.59,2.0,0.0001,100,1.1,0,0.0016706,15.233,9.9475,78964,86267.0,6.4954,298.69,328.09,1.7741,10.0,,30,,1.7859,0.18484,,,1.3558,0,,1,0,1,93,93,1,93.0,68663.0
76.0,60,100,90,0.0,127.94,2.0,0.0001,100,1.1,0,0.0017081,15.188,9.9985,79022,86337.0,6.4979,298.78,361.21,1.7784,10.0,,30,,1.8055,0.18464,,,1.3591,0,,1,0,1,93,93,1,93.0,68574.0
76.2,60,100,116,0.0,129.3,2.0,0.0001,100,1.1,0,0.0024066,14.762,10.048,79086,86414.0,6.4912,298.92,411.35,1.7836,10.0,,29,,1.9805,0.18296,,,1.3632,0,,1,0,1,93,93,1,93.0,70478.0
76.4,60,100,116,0.0,133.36,2.0,0.0001,100,1.1,0,0.0023195,14.804,10.098,79150,86492.0,6.4887,299.04,458.97,1.7893,10.0,,29,,1.9885,0.18287,,,1.3675,0,,1,0,1,93,93,1,93.0,69385.0
76.6,60,100,116,0.0,138.38,2.0,0.0001,100,1.1,0,0.0023341,14.769,10.148,79215,86570.0,6.4871,299.17,506.44,1.7949,10.0,,29,,2.0048,0.1827,,,1.3718,0,,1,0,1,93,93,1,93.0,70458.0
76.8,60,100,116,0.0,144.06,2.0,0.0001,100,1.1,0,0.0023015,14.764,10.198,79282,86650.0,6.486,299.29,552.85,1.8006,10.0,,29,,2.0086,0.18265,,,1.3762,0,,1,0,1,93,93,1,93.0,70029.0
77.0,60,100,116,0.0,150.19,2.0,0.0001,100,1.1,0,0.0022637,14.783,10.248,79349,86731.0,6.486,299.41,597.74,1.8062,10.0,,29,,1.9953,0.18277,,,1.3805,0,,1,0,1,93,93,1,93.0,71102.0
77.2,60,100,116,0.0,156.33,2.0,0.0001,100,1.1,0,0.0022114,14.81,10.297,79418,86813.0,6.4856,299.53,640.49,1.8117,10.0,,29,,1.9789,0.18292,,,1.3847,0,,1,0,1,93,93,1,93.0,69841.0
77.4,60,100,116,0.0,162.62,2.0,0.0001,100,1.1,0,0.0021993,14.814,10.347,79488,86896.0,6.4865,299.64,682.19,1.8172,10.0,,29,,1.9704,0.18299,,,1.3889,0,,1,0,1,93,93,1,93.0,71247.0
77.6,60,100,116,0.0,168.53,2.0,0.0001,100,1.1,0,0.0021998,14.815,10.397,79559,86980.0,6.4877,299.75,723.36,1.8226,10.0,,29,,1.9612,0.18307,,,1.3931,0,,1,0,1,93,93,1,93.0,71153.0
77.8,60,100,116,0.0,173.98,2.0,0.0001,100,1.1,0,0.0021072,14.856,10.447,79631,87065.0,6.489,299.85,761.36,1.828,10.0,,29,,1.9444,0.18322,,,1.3972,0,,1,0,1,93,93,1,93.0,71727.0
78.0,60,100,116,0.0,178.88,2.0,0.0001,100,1.1,0,0.0021367,14.808,10.497,79704,87151.0,6.4907,299.95,799.86,1.8333,10.0,,29,,1.9624,0.18304,,,1.4013,0,,1,0,1,93,93,1,93.0,72467.0
78.2,60,100,116,0.0,183.12,2.0,0.0001,100,1.1,0,0.0021499,14.811,10.547,79777,87238.0,6.4918,300.05,838.04,1.8386,10.0,,29,,1.955,0.1831,,,1.4054,0,,1,0,1,93,93,1,93.0,71707.0
78.4,60,100,116,0.0,186.93,2.0,0.0001,100,1.1,0,0.002094,14.864,10.597,79852,87325.0,6.4936,300.15,874.07,1.8439,10.0,,29,,1.922,0.1834,,,1.4095,0,,1,0,1,93,93,1,93.0,71613.0
78.6,60,100,116,0.0,190.01,2.0,0.0001,100,1.1,0,0.0020658,14.864,10.647,79927,87414.0,6.496,300.24,909.03,1.8492,10.0,,29,,1.9146,0.18347,,,1.4135,0,,1,0,1,93,93,1,93.0,72352.0
78.8,60,100,116,0.0,192.15,2.0,0.0001,100,1.1,0,0.0020945,14.833,10.697,80002,87502.0,6.4973,300.34,944.43,1.8544,10.0,,29,,1.9233,0.18337,,,1.4175,0,,1,0,1,93,93,1,93.0,71758.0
79.0,60,100,116,0.0,193.75,2.0,0.0001,100,1.1,0,0.0020573,14.848,10.747,80078,87591.0,6.4985,300.43,978.35,1.8596,10.0,,29,,1.9162,0.18343,,,1.4215,0,,1,0,1,93,93,1,93.0,72166.0
79.2,60,100,116,0.0,194.87,2.0,0.0001,100,1.1,0,0.0020832,14.829,10.798,80154,87680.0,6.4999,300.52,1012.5,1.8648,10.0,,29,,1.9171,0.18341,,,1.4255,0,,1,0,1,93,93,1,93.0,72407.0
79.4,60,100,116,0.0,195.45,2.0,0.0001,100,1.1,0,0.0020426,14.827,10.848,80230,87769.0,6.5014,300.6,1045.5,1.8699,10.0,,29,,1.919,0.18338,,,1.4295,0,,1,0,1,93,93,1,93.0,72983.0
79.6,60,100,116,0.0,195.39,2.0,0.0001,100,1.1,0,0.0020451,14.8,10.898,80306,87858.0,6.5033,300.69,1078.4,1.8751,10.0,,29,,1.931,0.18326,,,1.4335,0,,1,0,1,93,93,1,93.0,73390.0
79.8,60,100,116,0.0,194.6,2.0,0.0001,100,1.1,0,0.0020225,14.786,10.949,80382,87946.0,6.5039,300.77,1110.7,1.8802,10.0,,29,,1.9389,0.18318,,,1.4374,0,,1,0,1,93,93,1,93.0,73964.0
80.0,60,100,116,0.0,193.57,2.0,0.0001,100,1.1,0,0.001969,14.807,10.999,80457,88035.0,6.5053,300.85,1141.2,1.8853,10.0,,29,,1.9306,0.18325,,,1.4413,0,,1,0,1,93,93,1,93.0,73539.0
80.2,60,100,90,0.0,191.98,2.0,0.0001,100,1.1,0,0.0011919,15.479,11.042,80527,88114.0,6.5182,300.87,1146.6,1.8892,10.0,,23,,1.6704,0.18572,,,1.4443,0,,1,0,1,93,93,1,93.0,74242.0
80.4,60,100,90,0.0,185.2,2.0,0.0001,100,1.1,0,0.0011725,15.473,11.084,80595,88193.0,6.5263,300.88,1151.2,1.8924,10.0,,23,,1.6301,0.1861,,,1.4468,0,,1,0,1,93,93,1,93.0,73444.0
80.6,60,100,90,0.0,175.23,2.0,0.0001,100,1.1,0,0.001185,15.428,11.127,80662,88269.0,6.5321,300.9,1157.2,1.8956,10.0,,23,,1.6386,0.18601,,,1.4493,0,,1,0,1,93,93,1,93.0,74148.0
80.8,60,100,90,0.0,162.91,2.0,0.0001,100,1.1,0,0.0012086,15.376,11.17,80726,88344.0,6.5324,300.92,1164.7,1.8989,10.0,,23,,1.6581,0.18582,,,1.4517,0,,1,0,1,93,93,1,93.0,74857.0
81.0,60,100,90,0.0,150.49,2.0,0.0001,100,1.1,0,0.0011981,15.329,11.214,80788,88415.0,6.5305,300.94,1172.8,1.9021,10.0,,23,,1.6862,0.18555,,,1.4542,0,,1,0,1,93,93,1,93.0,75899.0
81.2,60,100,90,0.0,138.82,2.0,0.0001,100,1.1,0,0.0011876,15.31,11.258,80847,88484.0,6.5222,300.96,1181.2,1.9053,10.0,,23,,1.6942,0.18547,,,1.4567,0,,1,0,1,93,93,1,93.0,75275.0
81.4,60,100,90,0.0,130.46,2.0,0.0001,100,1.1,0,0.0011747,15.29,11.301,80904,88552.0,6.5149,300.98,1189.7,1.9085,10.0,,23,,1.7023,0.18538,,,1.4591,0,,1,0,1,93,93,1,93.0,75983.0
81.6,60,100,90,0.0,125.03,2.0,0.0001,100,1.1,0,0.0011561,15.293,11.345,80961,88618.0,6.5016,301.0,1197.7,1.9116,10.0,,23,,1.6973,0.18542,,,1.4615,0,,1,0,1,93,93,1,93.0,75857.0
81.8,60,100,90,0.0,124.94,2.0,0.0001,100,1.1,0,0.001139,15.283,11.388,81017,88685.0,6.4859,301.02,1205.3,1.9147,10.0,,23,,1.7013,0.18538,,,1.4639,0,,1,0,1,93,93,1,93.0,75731.0
82.0,60,100,90,0.0,131.09,2.0,0.0001,100,1.1,0,0.0011322,15.288,11.431,81075,88752.0,6.4736,301.04,1212.1,1.9178,10.0,,23,,1.6984,0.1854,,,1.4663,0,,1,0,1,93,93,1,93.0,75269.0
82.2,60,100,90,0.0,142.16,2.0,0.0001,100,1.1,0,0.0010899,15.353,11.472,81134,88822.0,6.4707,301.05,1216.1,1.9208,10.0,,23,,1.6663,0.1857,,,1.4686,0,,1,0,1,93,93,1,93.0,75466.0
82.4,60,100,90,0.0,154.38,2.0,0.0001,100,1.1,0,0.0011018,15.352,11.514,81197,88894.0,6.4719,301.06,1219.6,1.9238,10.0,,23,,1.6598,0.18576,,,1.4709,0,,1,0,1,93,93,1,93.0,76997.0
82.6,60,100,90,0.0,166.14,2.0,0.0001,100,1.1,0,0.0011073,15.343,11.555,81261,88968.0,6.4768,301.07,1222.3,1.9268,10.0,,23,,1.6655,0.1857,,,1.4732,0,,1,0,1,93,93,1,93.0,76694.0
82.8,60,100,90,0.0,175.91,2.0,0.0001,100,1.1,0,0.0011254,15.322,11.597,81328,89045.0,6.488,301.07,1225.0,1.9298,10.0,,23,,1.677,0.18558,,,1.4755,0,,1,0,1,93,93,1,93.0,75893.0
83.0,60,100,90,0.0,181.22,2.0,0.0001,100,1.1,0,0.0011288,15.331,11.638,81395,89122.0,6.4967,301.08,1227.0,1.9328,10.0,,23,,1.6709,0.18564,,,1.4779,0,,1,0,1,93,93,1,93.0,76090.0
83.2,60,100,90,0.0,183.08,2.0,0.0001,100,1.1,0,0.001108,15.35,11.679,81463,89200.0,6.507,301.08,1227.8,1.9358,10.0,,23,,1.6607,0.18573,,,1.4802,0,,1,0,1,93,93,1,93.0,77119.0
83.4,60,100,90,0.0,180.79,2.0,0.0001,100,1.1,0,0.0011064,15.34,11.72,81531,89277.0,6.5184,301.08,1228.9,1.9388,10.0,,23,,1.6571,0.18576,,,1.4824,0,,1,0,1,93,93,1,93.0,77815.0
83.6,60,100,90,0.0,173.95,2.0,0.0001,100,1.1,0,0.0011401,15.281,11.762,81597,89353.0,6.5257,301.09,1231.9,1.9418,10.0,,23,,1.6775,0.18556,,,1.4848,0,,1,0,1,93,93,1,93.0,76681.0
83.8,60,100,90,0.0,164.18,2.0,0.0001,100,1.1,0,0.0011526,15.25,11.804,81661,89427.0,6.5286,301.1,1236.0,1.9449,10.0,,23,,1.6874,0.18546,,,1.4871,0,,1,0,1,93,93,1,93.0,78550.0
84.0,60,100,90,0.0,153.29,2.0,0.0001,100,1.1,0,0.0011284,15.239,11.846,81723,89499.0,6.53,301.11,1239.7,1.9479,10.0,1302.3,23,1648.3,1.6948,0.18538,11.679,20.444,1.4894,0,26.213,1,0,1,93,93,1,93.0,77417.0
84.2,60,100,90,0.0,141.83,2.0,0.0001,100,1.1,0,0.0011259,15.197,11.888,81782,89569.0,6.5253,301.12,1244.0,1.9509,10.0,,23,,1.715,0.18518,,,1.4918,0,,1,0,1,93,93,1,93.0,77285.0
84.4,60,100,90,0.0,132.26,2.0,0.0001,100,1.1,0,0.0011307,15.16,11.931,81840,89637.0,6.5177,301.14,1249.0,1.9539,10.0,,23,,1.7326,0.18501,,,1.4941,0,,1,0,1,93,93,1,93.0,78156.0
84.6,60,100,90,0.0,125.71,2.0,0.0001,100,1.1,0,0.001099,15.157,11.974,81897,89703.0,6.5094,301.15,1253.4,1.9568,10.0,,23,,1.7385,0.18495,,,1.4963,0,,1,0,1,93,93,1,93.0,77694.0
84.8,60,100,90,0.0,122.48,2.0,0.0001,100,1.1,0,0.0011363,15.113,12.017,81952,89769.0,6.501,301.16,1259.4,1.9598,10.0,,23,,1.7493,0.18484,,,1.4986,0,,1,0,1,93,93,1,93.0,78735.0
85.0,60,100,90,0.0,122.6,2.0,0.0001,100,1.1,0,0.0011168,15.138,12.061,82008,89834.0,6.4965,301.18,1264.3,1.9627,10.0,,23,,1.7366,0.18495,,,1.5009,0,,1,0,1,93,93,1,93.0,79442.0
85.2,60,100,90,0.0,124.5,2.0,0.0001,100,1.1,0,0.0011376,15.095,12.104,82064,89900.0,6.4929,301.19,1270.1,1.9657,10.0,,23,,1.752,0.1848,,,1.5031,0,,1,0,1,93,93,1,93.0,79817.0
85.4,60,100,90,0.0,127.87,2.0,0.0001,100,1.1,0,0.001122,15.122,12.147,82121,89967.0,6.493,301.2,1274.6,1.9686,10.0,,23,,1.739,0.18492,,,1.5054,0,,1,0,1,93,93,1,93.0,79190.0
85.6,60,100,90,0.0,131.17,2.0,0.0001,100,1.1,0,0.0011101,15.121,12.19,82178,90034.0,6.4946,301.21,1278.5,1.9716,10.0,,23,,1.7367,0.18494,,,1.5077,0,,1,0,1,93,93,1,93.0,80729.0
85.8,60,100,90,0.0,133.86,2.0,0.0001,100,1.1,0,0.0010995,15.123,12.233,82236,90102.0,6.4978,301.22,1281.9,1.9745,10.0,,23,,1.7333,0.18496,,,1.5099,0,,1,0,1,93,93,1,93.0,80101.0
86.0,60,100,90,0.0,135.24,2.0,0.0001,100,1.1,0,0.0011365,15.071,12.277,82294,90171.0,6.5003,301.23,1286.6,1.9774,10.0,,23,,1.7528,0.18477,,,1.5121,0,,1,0,1,93,93,1,93.0,79809.0
86.2,60,100,90,0.0,135.66,2.0,0.0001,100,1.1,0,0.0011568,15.059,12.321,82353,90239.0,6.5019,301.25,1291.9,1.9804,10.0,,23,,1.7519,0.18477,,,1.5144,0,,1,0,1,93,93,1,93.0,80018.0
86.4,60,100,90,0.0,135.43,2.0,0.0001,100,1.1,0,0.001173,15.024,12.365,82411,90307.0,6.5069,301.26,1298.0,1.9834,10.0,,23,,1.7633,0.18466,,,1.5168,0,,1,0,1,93,93,1,93.0,79896.0
86.6,60,100,90,0.0,133.2,2.0,0.0001,100,1.1,0,0.0011642,15.032,12.409,82469,90375.0,6.5092,301.28,1303.7,1.9865,10.0,,23,,1.7561,0.18472,,,1.5191,0,,1,0,1,93,93,1,93.0,80772.0
86.8,60,100,90,0.0,130.05,2.0,0.0001,100,1.1,0,0.001178,15.005,12.453,82526,90443.0,6.5135,301.29,1310.0,1.9895,10.0,,23,,1.763,0.18465,,,1.5215,0,,1,0,1,93,93,1,93.0,80818.0
87.0,60,100,90,0.0,125.16,2.0,0.0001,100,1.1,0,0.0011455,15.026,12.497,82582,90509.0,6.5179,301.31,1315.1,1.9925,10.0,,23,,1.7527,0.18474,,,1.5238,0,,1,0,1,93,93,1,93.0,80862.0
87.2,60,100,90,0.0,118.54,2.0,0.0001,100,1.1,0,0.001121,15.019,12.541,82637,90574.0,6.5207,301.32,1319.6,1.9955,10.0,,23,,1.7551,0.18472,,,1.526,0,,1,0,1,93,93,1,93.0,81072.0
87.4,60,100,90,0.0,110.79,2.0,0.0001,100,1.1,0,0.0010958,15.038,12.584,82690,90637.0,6.5216,301.33,1323.5,1.9983,10.0,,23,,1.7408,0.18485,,,1.5283,0,,1,0,1,93,93,1,93.0,81945.0
87.6,60,100,90,0.0,102.67,2.0,0.0001,100,1.1,0,0.0010885,15.03,12.628,82742,90698.0,6.5202,301.34,1327.6,2.0012,10.0,,23,,1.7352,0.18489,,,1.5304,0,,1,0,1,93,93,1,93.0,81985.0
87.8,60,100,90,0.0,95.114,2.0,0.0001,100,1.1,0,0.0010805,15.015,12.671,82792,90758.0,6.5169,301.35,1331.8,2.004,10.0,,23,,1.7378,0.18486,,,1.5326,0,,1,0,1,93,93,1,93.0,82190.0
88.0,60,100,90,0.0,88.872,2.0,0.0001,100,1.1,0,0.0010886,14.978,12.714,82840,90817.0,6.5087,301.36,1336.8,2.0068,10.0,,23,,1.7507,0.18474,,,1.5347,0,,1,0,1,93,93,1,93.0,81563.0
88.2,60,100,90,0.0,85.932,2.0,0.0001,100,1.1,0,0.0010842,14.965,12.757,82889,90875.0,6.5009,301.37,1342.0,2.0096,10.0,,23,,1.7554,0.18469,,,1.5369,0,,1,0,1,93,93,1,93.0,81437.0
88.4,60,100,90,0.0,86.074,2.0,0.0001,100,1.1,0,0.0010576,14.952,12.8,82937,90933.0,6.4904,301.38,1346.0,2.0123,10.0,,23,,1.7703,0.18454,,,1.539,0,,1,0,1,93,93,1,93.0,81974.0
88.6,60,100,90,0.0,90.447,2.0,0.0001,100,1.1,0,0.0010814,14.915,12.843,82986,90992.0,6.4836,301.4,1350.5,2.0151,10.0,,23,,1.7884,0.18436,,,1.5412,0,,1,0,1,93,93,1,93.0,83179.0
88.8,60,100,90,0.0,97.514,2.0,0.0001,100,1.1,0,0.0010866,14.915,12.885,83037,91053.0,6.4788,301.41,1354.5,2.0179,10.0,,23,,1.7895,0.18435,,,1.5433,0,,1,0,1,93,93,1,93.0,83882.0
89.0,60,100,90,0.0,106.49,2.0,0.0001,100,1.1,0,0.0011143,14.89,12.928,83089,91115.0,6.4766,301.42,1358.8,2.0208,10.0,,23,,1.7992,0.18425,,,1.5455,0,,1,0,1,93,93,1,93.0,83087.0
89.2,60,100,90,0.0,116.37,2.0,0.0001,100,1.1,0,0.0011099,14.888,12.971,83143,91180.0,6.4801,301.43,1362.5,2.0236,10.0,,23,,1.8019,0.18422,,,1.5477,0,,1,0,1,93,93,1,93.0,82960.0
89.4,60,100,90,0.0,124.85,2.0,0.0001,100,1.1,0,0.0011165,14.882,13.014,83199,91246.0,6.4863,301.43,1365.5,2.0265,10.0,,23,,1.806,0.18417,,,1.5499,0,,1,0,1,93,93,1,93.0,83498.0
89.6,60,100,90,0.0,130.84,2.0,0.0001,100,1.1,0,0.0010956,14.897,13.057,83256,91313.0,6.4905,301.44,1367.4,2.0293,10.0,,23,,1.8017,0.18421,,,1.5521,0,,1,0,1,93,93,1,93.0,83535.0
89.8,60,100,90,0.0,135.16,2.0,0.0001,100,1.1,0,0.0010913,14.903,13.099,83314,91381.0,6.5001,301.44,1368.4,2.0322,10.0,,23,,1.7989,0.18423,,,1.5543,0,,1,0,1,93,93,1,93.0,83904.0
90.0,60,100,90,0.0,135.63,2.0,0.0001,100,1.1,0,0.0010977,14.876,13.142,83372,91449.0,6.5064,301.44,1369.7,2.035,10.0,,23,,1.8094,0.18412,,,1.5564,0,,1,0,1,93,93,1,93.0,83941.0
90.2,75,100,90,0.0,133.62,132.16,0.0001,100,1.1,0,0.0011086,15.215,13.185,83430,91517.0,6.5089,301.29,1307.3,1.6631,10.0,,23,,1.758,0.18866,,,1.5882,0,,0,0,1,93,93,1,93.0,83982.0
90.4,75,100,90,0.0,130.6,206.9,0.0001,100,1.1,0,0.0011047,15.231,13.228,83487,91584.0,6.5076,301.05,1211.9,1.6412,10.0,,23,,1.6665,0.1894,,,1.5672,0,,0,0,1,93,93,1,93.0,85188.0
90.6,75,100,90,0.0,128.09,248.13,0.0001,100,1.1,0,0.0011033,15.215,13.272,83544,91651.0,6.5047,300.77,1101.6,1.6418,10.0,,23,,1.6568,0.18947,,,1.5677,0,,0,0,1,93,93,1,93.0,85395.0
90.8,75,100,90,0.0,126.73,268.12,0.0001,100,1.1,0,0.0010921,15.2,13.315,83601,91718.0,6.504,300.47,984.02,1.6439,10.0,,23,,1.6623,0.18942,,,1.5698,0,,0,0,1,93,93,1,93.0,84934.0
91.0,75,100,90,0.0,125.65,271.58,0.0001,100,1.1,0,0.0010808,15.201,13.357,83657,91785.0,6.5047,300.18,869.1,1.6462,10.0,,23,,1.6559,0.18947,,,1.572,0,,0,0,1,93,93,1,93.0,85972.0
91.2,75,100,90,0.0,124.28,266.48,0.0001,100,1.1,0,0.0010833,15.192,13.401,83713,91852.0,6.4999,299.89,755.25,1.6486,10.0,,23,,1.65,0.18951,,,1.5743,0,,0,0,1,93,93,1,93.0,85345.0
91.4,75,100,90,0.0,124.84,251.46,0.0001,100,1.1,0,0.0010394,15.205,13.443,83770,91918.0,6.4979,299.62,645.38,1.6508,10.0,,23,,1.6502,0.1895,,,1.5765,0,,0,0,1,93,93,1,93.0,86382.0
91.6,75,100,90,0.0,126.18,229.19,0.0001,100,1.1,0,0.0010242,15.218,13.485,83827,91985.0,6.4916,299.36,542.5,1.6531,10.0,,23,,1.6415,0.18956,,,1.5786,0,,0,0,1,93,93,1,93.0,86417.0
91.8,75,100,90,0.0,130.07,202.61,0.0001,100,1.1,0,0.0010064,15.233,13.527,83885,92053.0,6.4876,299.14,457.35,1.6553,10.0,,23,,1.6327,0.18963,,,1.5807,0,,0,0,1,93,93,1,93.0,86615.0
92.0,75,100,90,0.0,135.54,181.63,0.0001,100,1.1,0,0.0010337,15.216,13.569,83944,92122.0,6.4855,298.97,386.16,1.6575,10.0,,23,,1.6306,0.18964,,,1.5829,0,,0,0,1,93,93,1,93.0,86482.0
92.2,75,100,90,0.0,141.88,164.44,0.0001,100,1.1,0,0.0010748,15.197,13.612,84004,92193.0,6.4852,298.81,323.78,1.6598,10.0,,23,,1.628,0.18965,,,1.5851,0,,0,0,1,93,93,1,93.0,86520.0
92.4,75,100,90,0.0,148.29,147.95,0.0001,100,1.1,0,0.0010768,15.182,13.654,84066,92265.0,6.4888,298.67,266.62,1.6621,10.0,,23,,1.6399,0.18956,,,1.5873,0,,0,0,1,93,93,1,93.0,86557.0
92.6,75,100,90,0.0,153.28,129.99,0.0001,100,1.1,0,0.0010812,15.178,13.697,84129,92338.0,6.4892,298.55,220.94,1.6645,10.0,,23,,1.6398,0.18956,,,1.5895,0,,0,0,1,93,93,1,93.0,87593.0
92.8,75,100,90,0.0,158.15,116.52,0.0001,100,1.1,0,0.0010557,15.19,13.739,84193,92412.0,6.4974,298.45,179.03,1.6668,10.0,,23,,1.6405,0.18954,,,1.5918,0,,0,0,1,93,93,1,93.0,86960.0
93.0,75,100,90,0.0,159.68,101.83,0.0001,100,1.1,0,0.0010553,15.2,13.781,84257,92487.0,6.503,298.36,144.95,1.6691,10.0,,23,,1.6229,0.18967,,,1.594,0,,0,0,1,93,93,1,93.0,86494.0
93.2,75,100,90,0.0,158.99,89.915,0.0001,100,1.1,0,0.0010217,15.225,13.822,84321,92561.0,6.5101,298.29,114.76,1.6714,10.0,,23,,1.6099,0.18977,,,1.5961,0,,0,0,1,93,93,1,93.0,88191.0
93.4,75,100,90,0.0,155.48,78.041,0.0001,100,1.1,0,0.0010114,15.232,13.863,84384,92634.0,6.5161,298.23,91.02,1.6736,10.0,,23,,1.5998,0.18984,,,1.5983,0,,0,0,1,93,93,1,93.0,87387.0
93.6,75,100,90,0.0,149.56,68.838,0.0001,100,1.1,0,0.00099322,15.212,13.904,84446,92706.0,6.5202,298.18,70.714,1.6758,10.0,,23,,1.6173,0.1897,,,1.6004,0,,0,0,1,93,93,1,93.0,87749.0
93.8,75,100,90,0.0,142.01,60.265,0.0001,100,1.1,0,0.00099983,15.187,13.945,84507,92777.0,6.5219,298.14,56.714,1.6779,10.0,,23,,1.6244,0.18965,,,1.6025,0,,0,0,1,93,93,1,93.0,87112.0
94.0,75,100,90,0.0,133.78,55.168,0.0001,100,1.1,0,0.00099375,15.168,13.986,84566,92846.0,6.5199,298.11,44.442,1.6801,10.0,,23,,1.6303,0.1896,,,1.6045,0,,0,0,1,93,93,1,93.0,88474.0
94.2,75,100,90,0.0,126.33,50.136,0.0001,100,1.1,0,0.00098951,15.159,14.027,84623,92914.0,6.5154,298.09,35.022,1.6823,10.0,,23,,1.6285,0.18961,,,1.6066,0,,0,0,1,93,93,1,93.0,88169.0
94.4,75,100,90,0.0,120.69,46.384,0.0001,100,1.1,0,0.00099979,15.121,14.068,84680,92980.0,6.511,298.07,27.89,1.6845,10.0,,23,,1.644,0.18948,,,1.6087,0,,0,0,1,93,93,1,93.0,89366.0
94.6,75,100,90,0.0,116.81,43.67,0.0001,100,1.1,0,0.00096288,15.152,14.109,84735,93046.0,6.506,298.05,19.916,1.6866,10.0,,23,,1.6272,0.18961,,,1.6108,0,,0,0,1,93,93,1,93.0,88392.0
94.8,75,100,90,0.0,114.93,39.528,0.0001,100,1.1,0,0.0009608,15.131,14.149,84791,93111.0,6.4985,298.03,13.18,1.6888,10.0,,23,,1.6367,0.18953,,,1.6128,0,,0,0,1,93,93,1,93.0,89250.0
95.0,75,100,90,0.0,116.06,35.725,0.0001,100,1.1,0,0.00094671,15.122,14.189,84846,93177.0,6.4912,298.02,7.2381,1.6909,10.0,,23,,1.6511,0.18942,,,1.6149,0,,0,0,1,93,93,1,93.0,89441.0
95.2,75,100,90,0.0,120.1,31.955,0.0001,100,1.1,0,0.00092795,15.134,14.228,84902,93243.0,6.4878,298.0,2.006,1.693,10.0,,23,,1.6484,0.18943,,,1.6169,0,,0,0,1,93,93,1,93.0,88962.0
95.4,75,100,90,0.0,125.48,28.229,0.0001,100,1.1,0,0.00091955,15.138,14.267,84960,93310.0,6.4864,297.99,1e-06,1.695,10.0,,23,,1.6486,0.18943,,,1.6188,0,,0,0,1,93,93,1,93.0,89982.0
95.6,75,100,90,0.0,131.42,24.127,0.0001,100,1.1,0,0.00088796,15.17,14.305,85018,93379.0,6.4847,297.98,1e-06,1.697,10.0,,23,,1.6396,0.18949,,,1.6208,0,,0,0,1,93,93,1,93.0,89829.0
95.8,75,100,90,0.0,138.08,19.238,0.0001,100,1.1,0,0.00090476,15.165,14.343,85078,93448.0,6.4833,297.97,1e-06,1.699,10.0,,23,,1.6354,0.18952,,,1.6227,0,,0,0,1,93,93,1,93.0,89344.0
96.0,75,100,90,0.0,145.26,15.326,0.0001,100,1.1,0,0.0009235,15.151,14.382,85140,93520.0,6.4893,297.96,1e-06,1.7011,10.0,1375.2,23,1623.7,1.6364,0.18951,14.228,21.45,1.6247,0,35.084,0,0,1,93,93,1,93.0,90694.0
96.2,75,100,90,0.0,150.03,12.648,0.0001,100,1.1,0,0.00091588,15.179,14.42,85202,93592.0,6.4991,297.96,1e-06,1.7031,10.0,,23,,1.6157,0.18966,,,1.6266,0,,0,0,1,93,93,1,93.0,90042.0
96.4,75,100,90,0.0,150.91,9.7955,0.0001,100,1.1,0,0.00091414,15.19,14.458,85264,93664.0,6.5069,297.96,1e-06,1.7051,10.0,,23,,1.6021,0.18976,,,1.6286,0,,0,0,1,93,93,1,93.0,91055.0
96.6,75,100,90,0.0,148.66,7.1504,0.0001,100,1.1,0,0.0009469,15.162,14.497,85326,93736.0,6.514,297.96,1.3611,1.7072,10.0,,23,,1.5965,0.1898,,,1.6305,0,,0,0,1,93,93,1,93.0,91074.0
96.8,75,100,90,0.0,143.58,6.6978,0.0001,100,1.1,0,0.00092735,15.157,14.535,85387,93807.0,6.5196,297.96,2.2243,1.7093,10.0,,23,,1.6043,0.18974,,,1.6325,0,,0,0,1,93,93,1,93.0,91425.0
97.0,75,100,90,0.0,136.25,5.8958,0.0001,100,1.1,0,0.00093794,15.108,14.574,85447,93876.0,6.5261,297.97,4.2367,1.7113,10.0,,23,,1.6326,0.18952,,,1.6345,0,,0,0,1,93,93,1,93.0,90276.0
97.2,75,100,90,0.0,126.32,6.1599,0.0001,100,1.1,0,0.00092826,15.075,14.613,85504,93944.0,6.5263,297.97,6.7574,1.7134,10.0,,23,,1.6524,0.18937,,,1.6365,0,,0,0,1,93,93,1,93.0,91797.0
97.4,75,100,90,0.0,116.34,7.0195,0.0001,100,1.1,0,0.00091876,15.059,14.653,85560,94009.0,6.5217,297.98,9.1658,1.7154,10.0,,23,,1.6596,0.18931,,,1.6384,0,,0,0,1,93,93,1,93.0,91485.0
97.6,75,100,90,0.0,108.18,8.0056,0.0001,100,1.1,0,0.0008861,15.082,14.692,85614,94073.0,6.5168,297.98,10.381,1.7174,10.0,,23,,1.6425,0.18943,,,1.6403,0,,0,0,1,93,93,1,93.0,92504.0
97.8,75,100,90,0.0,102.0,8.2026,0.0001,100,1.1,0,0.00084881,15.099,14.73,85666,94135.0,6.5127,297.98,10.434,1.7193,10.0,,23,,1.6339,0.18949,,,1.6421,0,,0,0,1,93,93,1,93.0,91854.0
98.0,75,100,90,0.0,97.424,7.5468,0.0001,100,1.1,0,0.00085079,15.096,14.769,85718,94197.0,6.5068,297.98,11.111,1.7211,10.0,,23,,1.6235,0.18957,,,1.6439,0,,0,0,1,93,93,1,93.0,92206.0
98.2,75,100,90,0.0,95.238,7.4464,0.0001,100,1.1,0,0.00088505,15.053,14.809,85769,94258.0,6.4993,297.99,13.425,1.723,10.0,,23,,1.6333,0.18949,,,1.6458,0,,0,0,1,93,93,1,93.0,91896.0
98.4,75,100,90,0.0,96.05,8.7825,0.0001,100,1.1,0,0.00086926,15.046,14.848,85821,94319.0,6.4939,297.99,14.492,1.725,10.0,,23,,1.6493,0.18937,,,1.6476,0,,0,0,1,93,93,1,93.0,92083.0
98.6,75,100,90,0.0,99.006,9.2455,0.0001,100,1.1,0,0.00089362,15.005,14.888,85873,94381.0,6.4858,298.0,16.322,1.7269,10.0,,23,,1.6707,0.1892,,,1.6494,0,,0,0,1,93,93,1,93.0,92774.0
98.8,75,100,90,0.0,105.2,10.474,0.0001,100,1.1,0,0.00093062,14.952,14.929,85926,94444.0,6.4826,298.0,19.173,1.7289,10.0,,23,,1.698,0.18899,,,1.6514,0,,0,0,1,93,93,1,93.0,92302.0
99.0,75,100,90,0.0,112.68,12.72,0.0001,100,1.1,0,0.00095769,14.936,14.97,85980,94509.0,6.4798,298.01,22.018,1.7309,10.0,,23,,1.7017,0.18896,,,1.6533,0,,0,0,1,93,93,1,93.0,93333.0
99.2,75,100,90,0.0,121.26,15.201,0.0001,100,1.1,0,0.00095838,14.943,15.011,86037,94576.0,6.4857,298.01,23.182,1.733,10.0,,23,,1.7025,0.18895,,,1.6553,0,,0,0,1,93,93,1,93.0,92528.0
99.4,75,100,90,0.0,127.46,16.523,0.0001,100,1.1,0,0.00094791,14.948,15.052,86095,94644.0,6.4921,298.01,23.1,1.7351,10.0,,23,,1.7072,0.18891,,,1.6573,0,,0,0,1,93,93,1,93.0,93387.0
99.6,75,100,90,0.0,131.14,16.931,0.0001,100,1.1,0,0.00094854,14.945,15.092,86153,94712.0,6.4984,298.01,22.135,1.7371,10.0,,23,,1.7101,0.18888,,,1.6593,0,,0,0,1,93,93,1,93.0,93414.0
99.8,75,100,90,0.0,132.32,16.61,0.0001,100,1.1,0,0.0009763,14.931,15.133,86212,94781.0,6.5057,298.01,22.263,1.7392,10.0,,23,,1.702,0.18894,,,1.6613,0,,0,0,1,93,93,1,93.0,93943.0
100.0,75,100,90,0.0,130.57,17.138,0.0001,100,1.1,0,0.00096327,14.918,15.174,86270,94850.0,6.511,298.01,21.431,1.7413,10.0,,23,,1.7167,0.18882,,,1.6633,0,,0,0,1,93,93,1,93.0,94637.0
100.2,75,100,90,0.0,126.68,16.85,0.0001,100,1.0,-4000,0.00099424,14.016,15.215,85624,94117.0,6.5426,298.01,21.641,1.7343,10.0,,23,,1.7335,0.18871,,,1.6565,0,,0,0,1,93,93,1,93.0,93501.0
100.4,75,100,90,0.0,110.07,17.381,0.0001,100,1.0,-4000,0.0010341,13.927,15.258,84974,93382.0,6.5638,298.02,24.677,1.7228,10.0,,23,,1.7498,0.18861,,,1.6455,0,,0,0,1,93,93,1,93.0,93539.0
100.6,75,100,90,0.51874,55.035,20.319,0.0001,100,1.0,-4000,0.0010204,13.808,15.303,84314,92636.0,6.558,298.03,30.135,1.7109,10.0,,23,,1.7817,0.18839,,,1.6341,0,,0,0,1,93,93,1,93.0,94920.0
100.8,75,100,90,1.0405,27.518,25.582,0.0001,100,1.0,-4000,0.00103,13.718,15.349,83649,91884.0,6.538,298.05,36.214,1.699,10.0,,23,,1.8001,0.18827,,,1.6227,0,,0,0,1,93,93,1,93.0,95640.0
101.0,75,100,90,0.0,12.892,31.882,0.0001,100,1.0,-4000,0.0010442,13.648,15.396,82980,91129.0,6.5106,298.06,41.901,1.6871,10.0,,23,,1.8062,0.18825,,,1.6113,0,,0,0,1,93,93,1,93.0,95030.0
101.2,75,100,90,0.0,9.2087,38.441,0.0001,100,1.0,-4000,0.0010357,13.625,15.442,82311,90374.0,6.4835,298.07,44.516,1.6752,10.0,,23,,1.8012,0.18831,,,1.5998,0,,0,0,1,93,93,1,93.0,95754.0
101.4,75,100,90,0.0,16.316,42.887,0.0001,100,1.0,-4000,0.0010464,13.606,15.489,81643,89620.0,6.4622,298.07,44.911,1.6633,10.0,,23,,1.7917,0.18841,,,1.5884,0,,0,0,1,93,93,1,93.0,94976.0
101.6,75,100,90,0.0,31.925,45.694,0.0001,100,1.0,-4000,0.0010569,13.632,15.535,80979,88869.0,6.4515,298.06,43.262,1.6513,10.0,,23,,1.751,0.18874,,,1.5769,0,,0,0,1,93,93,1,93.0,95530.0
101.8,75,100,90,0.0,51.827,46.759,0.0001,100,1.0,-4000,0.0011017,13.619,15.581,80319,88122.0,6.4518,298.06,42.222,1.6394,10.0,,23,,1.7322,0.1889,,,1.5655,0,,0,0,1,93,93,1,93.0,95918.0
102.0,75,100,90,0.0,71.602,48.24,0.0001,100,1.0,-4000,0.0011111,13.63,15.627,79662,87379.0,6.4619,298.05,39.187,1.6275,10.0,,23,,1.7097,0.1891,,,1.554,0,,0,0,1,93,93,1,93.0,96305.0
102.2,75,100,90,0.0,87.341,47.791,0.0001,100,1.0,0,0.0011223,13.658,15.673,79713,87440.0,6.4506,298.04,35.98,1.6251,10.0,,23,,1.6826,0.18931,,,1.5517,0,,0,0,1,93,93,1,93.0,97190.0
102.4,75,100,90,0.0,107.68,46.914,0.0001,100,1.0,0,0.0011528,13.655,15.718,79767,87504.0,6.4461,298.04,32.887,1.6269,10.0,,23,,1.6899,0.18925,,,1.5535,0,,0,0,1,93,93,1,93.0,95573.0
102.6,75,100,90,0.0,129.75,45.831,0.0001,100,1.0,0,0.0011229,13.719,15.762,79826,87573.0,6.4508,298.02,26.978,1.6291,10.0,,23,,1.6778,0.18934,,,1.5556,0,,0,0,1,93,93,1,93.0,97283.0
102.8,75,100,90,0.0,149.93,41.879,0.0001,100,1.0,0,0.0010966,13.809,15.804,79888,87646.0,6.461,298.0,19.375,1.6312,10.0,,23,,1.6256,0.18973,,,1.5576,0,,0,0,1,93,93,1,93.0,97154.0
103.0,75,100,90,0.0,166.01,35.867,0.0001,100,1.0,0,0.0011268,13.795,15.847,79954,87722.0,6.4711,297.98,12.733,1.6333,10.0,,23,,1.6328,0.18967,,,1.5596,0,,0,0,1,93,93,1,93.0,97525.0
103.2,75,100,90,0.0,178.09,30.014,0.0001,100,1.0,0,0.0011459,13.793,15.89,80023,87801.0,6.483,297.97,8.0367,1.6355,10.0,,23,,1.6383,0.18962,,,1.5617,0,,0,0,1,93,93,1,93.0,97397.0
103.4,75,100,90,0.0,185.39,25.258,0.0001,100,1.0,0,0.0011236,13.826,15.933,80092,87881.0,6.4952,297.96,3.788,1.6376,10.0,,23,,1.6221,0.18974,,,1.5638,0,,0,0,1,93,93,1,93.0,97932.0
103.6,75,100,90,0.0,187.82,20.409,0.0001,100,1.0,0,0.001113,13.835,15.975,80163,87962.0,6.5075,297.95,0.099841,1.6397,10.0,,23,,1.6164,0.18978,,,1.5658,0,,0,0,1,93,93,1,93.0,97134.0
103.8,75,100,90,0.0,185.32,15.644,0.0001,100,1.0,0,0.0010647,13.889,16.016,80233,88042.0,6.5166,297.94,1e-06,1.6418,10.0,,23,,1.5875,0.18999,,,1.5678,0,,0,0,1,93,93,1,93.0,98496.0
104.0,75,100,90,0.0,179.21,4.6931,28.805,100,1.0,0,0.0010782,13.859,16.057,80301,88120.0,6.5239,298.01,26.083,1.6438,10.0,,23,,1.5937,0.18994,,,1.5697,0,,0,0,1,93,93,1,93.0,98194.0
104.2,75,100,90,0.0,170.19,26.05,2.8805,100,1.0,0,0.0011139,13.796,16.1,80368,88197.0,6.5302,298.0,24.114,1.6459,10.0,,23,,1.619,0.18975,,,1.5717,0,,0,0,1,93,93,1,93.0,98564.0
104.4,75,100,90,0.0,158.64,24.029,0.28805,100,1.0,0,0.0011364,13.727,16.143,80432,88272.0,6.5338,298.0,21.763,1.648,10.0,,23,,1.6546,0.18947,,,1.5737,0,,0,0,1,93,93,1,93.0,98106.0
104.6,75,100,90,0.0,145.64,22.023,0.028805,100,1.0,0,0.0011578,13.669,16.188,80494,88345.0,6.534,298.0,21.508,1.6502,10.0,,23,,1.6753,0.18931,,,1.5758,0,,0,0,1,93,93,1,93.0,98486.0
104.8,75,100,90,0.0,132.55,21.685,0.0028805,100,1.0,0,0.0011818,13.583,16.234,80553,88414.0,6.5278,298.0,23.276,1.6524,10.0,,23,,1.7183,0.18898,,,1.5779,0,,0,0,1,93,93,1,93.0,99371.0
105.0,75,100,90,0.0,121.97,23.102,0.00028805,100,1.0,0,0.0011855,13.532,16.279,80610,88482.0,6.5168,298.0,24.938,1.6546,10.0,,23,,1.7504,0.18874,,,1.58,0,,0,0,1,93,93,1,93.0,99257.0
105.2,75,100,90,0.0,115.81,24.555,0.0001,100,1.0,0,0.0011833,13.513,16.325,80666,88548.0,6.5003,298.01,26.256,1.6568,10.0,,23,,1.7603,0.18866,,,1.5822,0,,0,0,1,93,93,1,93.0,100480.0
105.4,75,100,90,0.0,116.22,25.864,0.0001,100,1.0,0,0.001191,13.498,16.371,80722,88615.0,6.4838,298.01,27.188,1.659,10.0,,23,,1.7623,0.18864,,,1.5843,0,,0,0,1,93,93,1,93.0,99530.0
105.6,75,100,90,0.0,123.23,26.96,0.0001,100,1.0,0,0.0012009,13.488,16.417,80779,88683.0,6.4727,298.01,28.079,1.6613,10.0,,23,,1.7682,0.18859,,,1.5865,0,,0,0,1,93,93,1,93.0,99750.0
105.8,75,100,90,0.0,134.66,28.117,0.0001,100,1.0,0,0.001176,13.534,16.462,80839,88753.0,6.4713,298.01,26.684,1.6635,10.0,,23,,1.752,0.18871,,,1.5886,0,,0,0,1,93,93,1,93.0,100300.0
106.0,75,100,90,0.0,146.62,27.311,0.0001,100,1.0,0,0.0012026,13.526,16.507,80901,88826.0,6.4765,298.0,24.985,1.6658,10.0,,23,,1.7563,0.18867,,,1.5908,0,,0,0,1,93,93,1,93.0,100340.0
106.2,75,100,90,0.0,156.52,26.142,0.0001,100,1.0,0,0.001173,13.574,16.55,80965,88900.0,6.4807,298.0,21.691,1.668,10.0,,23,,1.7346,0.18883,,,1.5929,0,,0,0,1,93,93,1,93.0,101220.0
106.4,75,100,90,0.0,164.77,23.386,0.0001,100,1.0,0,0.0011698,13.585,16.594,81030,88977.0,6.4829,297.99,18.709,1.6702,10.0,,23,,1.727,0.18888,,,1.595,0,,0,0,1,93,93,1,93.0,99762.0
106.6,75,100,90,0.0,172.15,20.622,0.0001,100,1.0,0,0.0011646,13.606,16.637,81097,89054.0,6.4831,297.98,16.25,1.6724,10.0,,23,,1.7181,0.18895,,,1.5971,0,,0,0,1,93,93,1,93.0,100640.0
106.8,75,100,90,0.0,179.45,18.032,0.0001,100,1.0,0,0.001173,13.598,16.681,81166,89134.0,6.4835,297.98,14.588,1.6746,10.0,,23,,1.7252,0.18889,,,1.5992,0,,0,0,1,93,93,1,93.0,101180.0
107.0,75,100,90,0.0,186.56,15.907,0.0001,100,1.0,0,0.0011951,13.568,16.724,81236,89214.0,6.4809,297.98,14.16,1.6768,10.0,,23,,1.739,0.18878,,,1.6014,0,,0,0,1,93,93,1,93.0,101720.0
107.2,75,100,90,0.0,194.72,14.708,0.0001,100,1.0,0,0.0011808,13.595,16.768,81307,89297.0,6.4814,297.97,13.054,1.679,10.0,,23,,1.7295,0.18885,,,1.6035,0,,0,0,1,93,93,1,93.0,102260.0
107.4,75,100,90,0.0,202.65,12.839,0.0001,100,1.0,0,0.0011896,13.601,16.811,81381,89381.0,6.4818,297.97,11.996,1.6813,10.0,,23,,1.7273,0.18886,,,1.6057,0,,0,0,1,93,93,1,93.0,102800.0
107.6,75,100,90,0.0,210.48,10.919,0.0001,100,1.0,0,0.00118,13.628,16.854,81455,89466.0,6.4881,297.97,10.415,1.6835,10.0,,23,,1.7173,0.18893,,,1.6078,0,,0,0,1,93,93,1,93.0,102340.0
107.8,75,100,90,0.0,215.72,8.4311,0.0001,100,1.0,0,0.0011655,13.648,16.896,81531,89553.0,6.4976,297.96,8.7367,1.6857,10.0,,23,,1.7061,0.18901,,,1.6099,0,,0,0,1,93,93,1,93.0,101540.0
108.0,75,100,90,0.0,217.2,5.7159,0.0001,100,1.0,0,0.0011676,13.638,16.938,81607,89639.0,6.5057,297.96,7.9874,1.6878,10.0,1418.9,23,1601.4,1.7118,0.18896,16.768,22.301,1.612,0,43.797,0,0,1,93,93,1,93.0,102410.0
108.2,75,100,90,0.0,215.42,3.6666,0.0001,100,1.0,0,0.0011956,13.621,16.981,81683,89726.0,6.5157,297.96,8.8565,1.69,10.0,,23,,1.7068,0.189,,,1.6141,0,,0,0,1,93,93,1,93.0,102280.0
108.4,75,100,90,0.0,209.65,2.9637,0.0001,100,1.0,0,0.0011943,13.606,17.025,81757,89811.0,6.5263,297.97,10.282,1.6923,10.0,,23,,1.711,0.18896,,,1.6162,0,,0,0,1,93,93,1,93.0,102650.0
108.6,75,100,90,0.0,199.66,2.8056,0.0001,100,1.0,0,0.0011921,13.592,17.068,81830,89895.0,6.5356,297.97,12.361,1.6944,10.0,,23,,1.7072,0.18899,,,1.6183,0,,0,0,1,93,93,1,93.0,102030.0
108.8,75,100,90,0.0,185.94,3.3523,0.0001,100,1.0,0,0.0011933,13.533,17.112,81899,89975.0,6.5421,297.98,15.311,1.6966,10.0,,23,,1.7422,0.18872,,,1.6204,0,,0,0,1,93,93,1,93.0,103910.0
109.0,75,100,90,0.0,169.64,4.8549,0.0001,100,1.0,0,0.0011688,13.502,17.156,81966,90052.0,6.5466,297.99,18.286,1.6988,10.0,,23,,1.7603,0.18858,,,1.6225,0,,0,0,1,93,93,1,93.0,103450.0
109.2,75,100,90,0.0,151.54,6.6446,0.0001,100,1.0,0,0.0011348,13.473,17.2,82029,90126.0,6.5489,297.99,20.865,1.7009,10.0,,23,,1.7811,0.18841,,,1.6245,0,,0,0,1,93,93,1,93.0,103490.0
109.4,75,100,90,0.0,132.51,8.368,0.0001,100,1.0,0,0.0010866,13.468,17.244,82088,90196.0,6.5506,298.0,22.69,1.703,10.0,,23,,1.7862,0.18837,,,1.6265,0,,0,0,1,93,93,1,93.0,103200.0
109.6,75,100,90,0.51982,66.256,9.6786,0.0001,100,1.0,0,0.0010824,13.287,17.29,82134,90252.0,6.5251,298.02,29.371,1.705,10.0,,23,,1.8608,0.1878,,,1.6284,0,,0,0,1,93,93,1,93.0,104590.0
109.8,75,100,90,0.0,56.837,15.461,0.0001,100,1.0,0,0.0010843,13.252,17.336,82178,90306.0,6.4975,298.03,34.438,1.707,10.0,,23,,1.8811,0.18764,,,1.6304,0,,0,0,1,93,93,1,93.0,104140.0
110.0,75,100,90,0.0,58.362,20.365,0.0001,100,1.0,0,0.0010824,13.232,17.382,82222,90361.0,6.4721,298.04,37.449,1.709,10.0,,23,,1.8968,0.18752,,,1.6323,0,,0,0,1,93,93,1,93.0,104360.0
110.2,75,100,90,0.0,70.03,23.971,0.0001,100,1.0,0,0.0010695,13.263,17.427,82268,90418.0,6.4559,298.04,38.228,1.7111,10.0,,23,,1.8851,0.18761,,,1.6342,0,,0,0,1,93,93,1,93.0,104910.0
110.4,75,100,90,0.0,88.154,25.938,0.0001,100,1.0,0,0.0010812,13.293,17.472,82318,90479.0,6.4484,298.03,36.599,1.7131,10.0,,23,,1.8707,0.18771,,,1.6362,0,,0,0,1,93,93,1,93.0,105290.0
110.6,75,100,90,0.0,109.28,25.904,0.0001,100,1.0,0,0.0010612,13.357,17.515,82373,90544.0,6.4516,298.02,32.028,1.7151,10.0,,23,,1.8483,0.18788,,,1.6381,0,,0,0,1,93,93,1,93.0,105830.0
110.8,75,100,90,0.0,129.14,23.174,0.0001,100,1.0,0,0.00103,13.441,17.557,82431,90612.0,6.4667,298.0,25.358,1.717,10.0,,23,,1.8132,0.18814,,,1.64,0,,0,0,1,93,93,1,93.0,105700.0
111.0,75,100,90,0.0,142.93,18.223,0.0001,100,1.0,0,0.0010213,13.479,17.597,82492,90684.0,6.4858,297.99,19.238,1.7189,10.0,,23,,1.7965,0.18826,,,1.6418,0,,0,0,1,93,93,1,93.0,105060.0
111.2,75,100,90,0.0,149.13,13.162,0.0001,100,1.0,0,0.0010057,13.516,17.637,82554,90756.0,6.5053,297.98,13.924,1.7208,10.0,,23,,1.7751,0.18842,,,1.6436,0,,0,0,1,93,93,1,93.0,105250.0
111.4,75,100,90,0.0,147.53,8.2176,0.0001,100,1.0,0,0.0010232,13.473,17.678,82616,90829.0,6.522,297.97,11.395,1.7227,10.0,,23,,1.7944,0.18827,,,1.6454,0,,0,0,1,93,93,1,93.0,106280.0
111.6,75,100,90,0.0,139.25,5.1962,0.0001,100,1.0,0,0.0010373,13.444,17.72,82677,90900.0,6.5354,297.97,11.143,1.7246,10.0,,23,,1.7997,0.18823,,,1.6473,0,,0,0,1,93,93,1,93.0,106310.0
111.8,75,100,90,0.0,125.63,3.8762,0.0001,100,1.0,0,0.0010451,13.404,17.762,82734,90968.0,6.5445,297.97,12.721,1.7265,10.0,,23,,1.8097,0.18815,,,1.6491,0,,0,0,1,93,93,1,93.0,106010.0
112.0,75,100,90,0.0,108.35,4.0907,0.0001,100,1.0,0,0.0010435,13.37,17.804,82789,91032.0,6.5486,297.98,15.214,1.7284,10.0,,23,,1.8198,0.18807,,,1.6509,0,,0,0,1,93,93,1,93.0,105710.0
112.2,75,100,90,0.0,89.453,5.2199,0.0001,100,1.0,0,0.0010141,13.35,17.846,82839,91093.0,6.5452,297.98,17.511,1.7303,10.0,,23,,1.8295,0.18799,,,1.6527,0,,0,0,1,93,93,1,93.0,106910.0
112.4,75,100,90,0.0,71.899,6.3951,0.0001,100,1.0,0,0.00098473,13.335,17.887,82886,91150.0,6.5353,297.99,19.665,1.7321,10.0,,23,,1.8333,0.18796,,,1.6545,0,,0,0,1,93,93,1,93.0,107110.0
112.6,75,100,90,0.0,58.325,7.6671,0.0001,100,1.0,0,0.00098223,13.295,17.929,82930,91204.0,6.5169,298.0,22.494,1.7339,10.0,,23,,1.8445,0.18787,,,1.6562,0,,0,0,1,93,93,1,93.0,106480.0
112.8,75,100,90,0.0,52.133,9.7338,0.0001,100,1.0,0,0.0010206,13.216,17.972,82973,91258.0,6.4949,298.01,26.838,1.7358,10.0,,23,,1.8763,0.18762,,,1.658,0,,0,0,1,93,93,1,93.0,106850.0
113.0,75,100,90,0.0,54.712,13.376,0.0001,100,1.0,0,0.0010248,13.2,18.016,83016,91311.0,6.4781,298.02,29.455,1.7376,10.0,,23,,1.8943,0.18748,,,1.6598,0,,0,0,1,93,93,1,93.0,107390.0
113.2,75,100,90,0.0,63.984,15.894,0.0001,100,1.0,0,0.0010336,13.194,18.059,83061,91367.0,6.4696,298.02,30.751,1.7395,10.0,,23,,1.9038,0.18741,,,1.6616,0,,0,0,1,93,93,1,93.0,107600.0
113.4,75,100,90,0.0,76.635,17.541,0.0001,100,1.0,0,0.0010254,13.221,18.102,83109,91425.0,6.4704,298.02,30.026,1.7414,10.0,,23,,1.8996,0.18744,,,1.6634,0,,0,0,1,93,93,1,93.0,108800.0
113.6,75,100,90,0.0,88.965,17.574,0.0001,100,1.0,0,0.0010488,13.219,18.144,83159,91486.0,6.4781,298.01,29.047,1.7433,10.0,,23,,1.9,0.18743,,,1.6652,0,,0,0,1,93,93,1,93.0,107840.0
113.8,75,100,90,0.0,98.234,17.356,0.0001,100,1.0,0,0.0010384,13.261,18.186,83211,91549.0,6.4917,298.01,26.701,1.7452,10.0,,23,,1.8778,0.1876,,,1.667,0,,0,0,1,93,93,1,93.0,107370.0
114.0,75,100,90,0.0,102.07,15.863,0.0001,100,1.0,0,0.0010315,13.269,18.227,83264,91612.0,6.5063,298.0,24.081,1.7471,10.0,,23,,1.8759,0.18761,,,1.6688,0,,0,0,1,93,93,1,93.0,107730.0
114.2,75,100,90,0.0,100.08,13.937,0.0001,100,1.0,0,0.0010427,13.234,18.269,83317,91675.0,6.5179,298.0,22.787,1.7489,10.0,,23,,1.8973,0.18744,,,1.6706,0,,0,0,1,93,93,1,93.0,108430.0
114.4,75,100,90,0.0,93.433,12.921,0.0001,100,1.0,0,0.0010546,13.185,18.311,83368,91736.0,6.5258,298.0,22.944,1.7508,10.0,,23,,1.9264,0.18722,,,1.6724,0,,0,0,1,93,93,1,93.0,108470.0
114.6,75,100,90,0.0,83.64,13.019,0.0001,100,1.0,0,0.0010512,13.162,18.353,83417,91796.0,6.5298,298.0,23.852,1.7527,10.0,,23,,1.9346,0.18715,,,1.6742,0,,0,0,1,93,93,1,93.0,109330.0
114.8,75,100,90,0.0,72.266,13.755,0.0001,100,1.0,0,0.0010329,13.143,18.395,83464,91853.0,6.5275,298.0,24.907,1.7545,10.0,,23,,1.9429,0.18708,,,1.676,0,,0,0,1,93,93,1,93.0,109700.0
115.0,75,100,90,0.0,61.788,14.69,0.0001,100,1.0,0,0.0010416,13.105,18.438,83509,91909.0,6.5195,298.01,26.975,1.7564,10.0,,23,,1.9532,0.187,,,1.6778,0,,0,0,1,93,93,1,93.0,109410.0
115.2,75,100,90,0.0,54.543,16.598,0.0001,100,1.0,0,0.0010152,13.12,18.48,83552,91962.0,6.5082,298.01,27.825,1.7582,10.0,,23,,1.9421,0.18708,,,1.6795,0,,0,0,1,93,93,1,93.0,109780.0
115.4,75,100,90,0.0,51.784,17.626,0.0001,100,1.0,0,0.001007,13.117,18.523,83595,92015.0,6.496,298.01,28.309,1.76,10.0,,23,,1.9434,0.18707,,,1.6812,0,,0,0,1,93,93,1,93.0,110140.0
115.6,75,100,90,0.0,53.927,18.44,0.0001,100,1.0,0,0.0010039,13.112,18.564,83638,92069.0,6.4851,298.01,28.758,1.7618,10.0,,23,,1.9463,0.18704,,,1.683,0,,0,0,1,93,93,1,93.0,110180.0
115.8,75,100,90,0.0,60.401,19.276,0.0001,100,1.0,0,0.0010022,13.117,18.606,83682,92124.0,6.4809,298.01,28.446,1.7636,10.0,,23,,1.9438,0.18706,,,1.6847,0,,0,0,1,93,93,1,93.0,110210.0
116.0,75,100,90,0.0,68.533,19.498,0.0001,100,1.0,0,0.00099727,13.16,18.648,83728,92180.0,6.4813,298.01,26.651,1.7653,10.0,,23,,1.9173,0.18726,,,1.6864,0,,0,0,1,93,93,1,93.0,110240.0
116.2,75,100,90,0.0,76.51,18.422,0.0001,100,1.0,0,0.00095582,13.206,18.687,83776,92238.0,6.4867,298.0,23.019,1.767,10.0,,23,,1.906,0.18734,,,1.688,0,,0,0,1,93,93,1,93.0,109930.0
116.4,75,100,90,0.0,82.322,15.622,0.0001,100,1.0,0,0.00094707,13.223,18.727,83825,92297.0,6.4939,297.99,18.948,1.7687,10.0,,23,,1.9018,0.18737,,,1.6896,0,,0,0,1,93,93,1,93.0,111120.0
116.6,75,100,90,0.0,85.258,12.139,0.0001,100,1.0,0,0.00095089,13.228,18.766,83874,92357.0,6.5036,297.98,15.58,1.7704,10.0,,23,,1.8963,0.18741,,,1.6912,0,,0,0,1,93,93,1,93.0,110470.0
116.8,75,100,90,0.0,84.322,8.8898,0.0001,100,1.0,0,0.00096161,13.215,18.806,83924,92416.0,6.5123,297.98,13.808,1.772,10.0,,23,,1.8984,0.18739,,,1.6928,0,,0,0,1,93,93,1,93.0,111160.0
117.0,75,100,90,0.0,79.937,6.6892,0.0001,100,1.0,0,0.00096171,13.193,18.846,83972,92475.0,6.52,297.97,12.952,1.7737,10.0,,23,,1.9125,0.18728,,,1.6944,0,,0,0,1,93,93,1,93.0,110850.0
117.2,75,100,90,0.0,72.454,5.0816,0.0001,100,1.0,0,0.00097925,13.153,18.887,84019,92532.0,6.5257,297.98,13.571,1.7753,10.0,,23,,1.9274,0.18716,,,1.696,0,,0,0,1,93,93,1,93.0,112050.0
117.4,75,100,90,0.0,62.695,4.6474,0.0001,100,1.0,0,0.0010208,13.071,18.929,84064,92587.0,6.5247,297.98,16.583,1.777,10.0,,23,,1.9615,0.1869,,,1.6976,0,,0,0,1,93,93,1,93.0,112420.0
117.6,75,100,90,0.0,53.363,6.3016,0.0001,100,1.0,0,0.0010168,13.036,18.972,84107,92641.0,6.5164,297.99,19.786,1.7787,10.0,,23,,1.9786,0.18677,,,1.6992,0,,0,0,1,93,93,1,93.0,113120.0
117.8,75,100,90,0.0,47.363,8.3546,0.0001,100,1.0,0,0.0010192,13.011,19.016,84149,92693.0,6.5041,298.0,23.019,1.7805,10.0,,23,,1.9839,0.18672,,,1.7009,0,,0,0,1,93,93,1,93.0,111500.0
118.0,75,100,90,0.0,46.273,10.728,0.0001,100,1.0,0,0.0010008,13.015,19.058,84190,92745.0,6.4934,298.0,25.143,1.7822,10.0,,23,,1.9851,0.18671,,,1.7025,0,,0,0,1,93,93,1,93.0,112870.0
118.2,75,100,90,0.0,49.408,12.449,0.0001,100,1.0,0,0.00099061,13.032,19.101,84232,92798.0,6.486,298.01,26.044,1.7839,10.0,,23,,1.9741,0.18679,,,1.7042,0,,0,0,1,93,93,1,93.0,111740.0
118.4,75,100,90,0.0,55.511,13.339,0.0001,100,1.0,0,0.00096831,13.073,19.142,84276,92851.0,6.4824,298.0,25.035,1.7855,10.0,,23,,1.9567,0.18692,,,1.7057,0,,0,0,1,93,93,1,93.0,112600.0
118.6,75,100,90,0.0,63.049,12.696,0.0001,100,1.0,0,0.00095176,13.116,19.183,84321,92907.0,6.4847,298.0,22.945,1.7871,10.0,,23,,1.9284,0.18713,,,1.7073,0,,0,0,1,93,93,1,93.0,112630.0
118.8,75,100,90,0.0,69.668,11.07,0.0001,100,1.0,0,0.00092574,13.14,19.222,84367,92963.0,6.4923,297.99,19.605,1.7887,10.0,,23,,1.9253,0.18715,,,1.7088,0,,0,0,1,93,93,1,93.0,112650.0
119.0,75,100,90,0.0,73.258,8.1981,0.0001,100,1.0,0,0.0009396,13.123,19.263,84414,93020.0,6.5013,297.99,17.493,1.7903,10.0,,23,,1.9321,0.1871,,,1.7103,0,,0,0,1,93,93,1,93.0,112680.0
119.2,75,100,90,0.0,73.245,6.0917,0.0001,100,1.0,0,0.0009424,13.12,19.303,84461,93077.0,6.5106,297.98,15.967,1.7919,10.0,,23,,1.9331,0.18709,,,1.7119,0,,0,0,1,93,93,1,93.0,114040.0
119.4,75,100,90,0.0,69.531,4.2685,0.0001,100,1.0,0,0.00094896,13.09,19.343,84507,93134.0,6.5171,297.98,15.791,1.7935,10.0,,23,,1.9454,0.18699,,,1.7134,0,,0,0,1,93,93,1,93.0,114230.0
119.6,75,100,90,0.0,63.222,3.4483,0.0001,100,1.0,0,0.00096027,13.074,19.383,84552,93189.0,6.5195,297.98,16.63,1.7951,10.0,,23,,1.9405,0.18702,,,1.7149,0,,0,0,1,93,93,1,93.0,114420.0
119.8,75,100,90,0.0,55.956,3.4534,0.0001,100,1.0,0,0.00097408,13.038,19.425,84596,93243.0,6.5151,297.99,18.714,1.7967,10.0,,23,,1.9447,0.18699,,,1.7165,0,,0,0,1,93,93,1,93.0,115120.0
120.0,75,100,90,0.0,50.443,4.5811,0.0001,100,1.0,0,0.00096986,13.022,19.466,84638,93296.0,6.506,297.99,20.679,1.7983,10.0,1438.9,23,1585.7,1.9498,0.18695,19.303,23.058,1.7181,0,52.337,0,0,1,93,93,1,93.0,113820.0
120.2,75,100,90,0.0,48.586,5.7769,0.0001,100,1.0,0,0.00094272,13.042,19.507,84680,93348.0,6.4956,297.99,21.379,1.7999,10.0,,23,,1.9412,0.18701,,,1.7196,0,,0,0,1,93,93,1,93.0,115510.0
120.4,75,100,90,0.0,50.856,6.0767,0.0001,100,1.0,0,0.00093006,13.079,19.547,84722,93401.0,6.4883,297.99,21.12,1.8015,10.0,,23,,1.9144,0.18721,,,1.7211,0,,0,0,1,93,93,1,93.0,114700.0
120.6,75,100,90,0.0,56.044,5.647,0.0001,100,1.0,0,0.0009079,13.119,19.587,84766,93455.0,6.4847,297.99,19.686,1.803,10.0,,23,,1.8943,0.18736,,,1.7226,0,,0,0,1,93,93,1,93.0,115720.0
120.8,75,100,90,0.0,62.682,4.2095,0.0001,100,1.0,0,0.00093765,13.107,19.626,84811,93510.0,6.4853,297.99,19.304,1.8046,10.0,,23,,1.8861,0.18742,,,1.7241,0,,0,0,1,93,93,1,93.0,115080.0
121.0,75,100,90,0.0,69.08,3.5573,0.0001,100,1.0,0,0.00091964,13.136,19.665,84857,93566.0,6.4904,297.99,17.919,1.8061,10.0,,23,,1.8736,0.18751,,,1.7255,0,,0,0,1,93,93,1,93.0,115100.0
121.2,75,100,90,0.0,73.423,1.9973,0.0001,100,1.0,0,0.00092871,13.137,19.704,84904,93624.0,6.4973,297.98,17.011,1.8077,10.0,,23,,1.8661,0.18757,,,1.727,0,,0,0,1,93,93,1,93.0,115620.0
121.4,75,100,90,0.0,75.032,0.73398,0.0001,100,1.0,0,0.0009228,13.129,19.743,84951,93681.0,6.5041,297.98,16.229,1.8092,10.0,,23,,1.8754,0.18749,,,1.7285,0,,0,0,1,93,93,1,93.0,115800.0
121.6,75,100,90,0.0,73.923,0.0001,0.0001,100,1.0,0,0.00092351,13.138,19.782,84998,93739.0,6.5114,297.98,15.774,1.8107,10.0,,23,,1.8594,0.18761,,,1.73,0,,0,0,1,93,93,1,93.0,116150.0
121.8,75,100,90,0.0,69.897,0.0001,0.0001,100,1.0,0,0.00095095,13.092,19.822,85044,93795.0,6.5154,297.98,16.715,1.8123,10.0,,23,,1.87,0.18753,,,1.7315,0,,0,0,1,93,93,1,93.0,116840.0
122.0,75,100,90,0.0,64.285,0.092599,0.0001,100,1.0,0,0.00094572,13.065,19.862,85090,93851.0,6.5154,297.99,18.157,1.8139,10.0,,23,,1.8837,0.18742,,,1.733,0,,0,0,1,93,93,1,93.0,116370.0
122.2,75,100,90,0.0,58.662,0.67125,0.0001,100,1.0,0,0.00092916,13.061,19.902,85134,93905.0,6.5124,297.99,19.385,1.8155,10.0,,23,,1.8843,0.18741,,,1.7345,0,,0,0,1,93,93,1,93.0,117060.0
122.4,75,100,90,0.0,54.243,1.1915,0.0001,100,1.0,0,0.00089179,13.099,19.941,85177,93959.0,6.5061,297.99,19.249,1.817,10.0,,23,,1.8639,0.18756,,,1.736,0,,0,0,1,93,93,1,93.0,116420.0
122.6,75,100,90,0.0,52.332,0.67259,0.0001,100,1.0,0,0.00093679,13.029,19.982,85219,94012.0,6.4983,297.99,21.038,1.8185,10.0,,23,,1.8904,0.18736,,,1.7374,0,,0,0,1,93,93,1,93.0,116280.0
122.8,75,100,90,0.0,53.533,1.7968,0.0001,100,1.0,0,0.00093232,13.034,20.022,85262,94065.0,6.4926,298.0,22.144,1.82,10.0,,23,,1.8899,0.18736,,,1.7389,0,,0,0,1,93,93,1,93.0,117800.0
123.0,75,100,90,0.0,57.0,2.4708,0.0001,100,1.0,0,0.00093795,13.04,20.063,85306,94119.0,6.4902,298.0,22.821,1.8216,10.0,,23,,1.8841,0.1874,,,1.7404,0,,0,0,1,93,93,1,93.0,116830.0
123.2,75,100,90,0.0,61.424,2.896,0.0001,100,1.0,0,0.00091271,13.072,20.102,85351,94174.0,6.4926,298.0,21.796,1.8231,10.0,,23,,1.8774,0.18745,,,1.7418,0,,0,0,1,93,93,1,93.0,118180.0
123.4,75,100,90,0.0,64.903,1.9512,0.0001,100,1.0,0,0.00093883,13.05,20.141,85396,94230.0,6.4968,298.0,21.777,1.8246,10.0,,23,,1.8772,0.18745,,,1.7433,0,,0,0,1,93,93,1,93.0,117200.0
123.6,75,100,90,0.0,66.692,1.7944,0.0001,100,1.0,0,0.00093469,13.069,20.181,85441,94286.0,6.5027,297.99,21.371,1.8261,10.0,,23,,1.8614,0.18757,,,1.7448,0,,0,0,1,93,93,1,93.0,118730.0
123.8,75,100,90,0.0,66.144,1.2907,0.0001,100,1.0,0,0.00093306,13.065,20.22,85487,94342.0,6.5095,297.99,20.982,1.8276,10.0,,23,,1.8605,0.18757,,,1.7462,0,,0,0,1,93,93,1,93.0,118750.0
124.0,75,100,90,0.0,62.873,0.77131,0.0001,100,1.0,0,0.00092134,13.076,20.26,85532,94397.0,6.5135,297.99,20.66,1.8291,10.0,,23,,1.8446,0.18769,,,1.7477,0,,0,0,1,93,93,1,93.0,118440.0
124.2,75,100,90,0.0,58.006,0.27229,0.0001,100,1.0,0,0.00093716,13.035,20.3,85575,94451.0,6.5125,297.99,21.427,1.8306,10.0,,23,,1.8602,0.18757,,,1.7491,0,,0,0,1,93,93,1,93.0,119130.0
124.4,75,100,90,0.0,53.535,0.66105,0.0001,100,1.0,0,0.00094099,13.021,20.341,85618,94505.0,6.5103,298.0,22.512,1.8322,10.0,,23,,1.8619,0.18755,,,1.7506,0,,0,0,1,93,93,1,93.0,118820.0
124.6,75,100,90,0.0,49.955,1.3687,0.0001,100,1.0,0,0.00092238,13.038,20.381,85660,94557.0,6.5058,298.0,22.983,1.8336,10.0,,23,,1.8483,0.18765,,,1.752,0,,0,0,1,93,93,1,93.0,119350.0
124.8,75,100,90,0.0,48.158,1.6514,0.0001,100,1.0,0,0.00094327,12.989,20.421,85702,94610.0,6.5002,298.0,24.275,1.8351,10.0,,23,,1.8727,0.18746,,,1.7534,0,,0,0,1,93,93,1,93.0,119040.0
125.0,75,100,90,0.0,48.614,2.6802,0.0001,100,1.0,0,0.00094118,12.992,20.462,85744,94662.0,6.4964,298.0,25.189,1.8366,10.0,,23,,1.8696,0.18748,,,1.7549,0,,0,0,1,93,93,1,93.0,119070.0
125.2,75,100,90,0.0,50.558,3.4936,0.0001,100,1.0,0,0.00095161,12.968,20.502,85787,94715.0,6.4934,298.01,25.915,1.8382,10.0,,23,,1.8873,0.18735,,,1.7563,0,,0,0,1,93,93,1,93.0,119260.0
125.4,75,100,90,0.0,53.7,4.2386,0.0001,100,1.0,0,0.00095318,12.977,20.542,85829,94769.0,6.4924,298.01,26.321,1.8397,10.0,,23,,1.8783,0.18741,,,1.7578,0,,0,0,1,93,93,1,93.0,119120.0
125.6,75,100,90,0.0,57.27,4.7837,0.0001,100,1.0,0,0.0009698,12.956,20.583,85873,94823.0,6.4939,298.01,27.0,1.8412,10.0,,23,,1.8837,0.18737,,,1.7593,0,,0,0,1,93,93,1,93.0,120640.0
125.8,75,100,90,0.0,60.228,5.6015,0.0001,100,1.0,0,0.00094306,12.981,20.621,85917,94878.0,6.499,298.01,25.973,1.8428,10.0,,23,,1.886,0.18735,,,1.7607,0,,0,0,1,93,93,1,93.0,120330.0
126.0,75,100,90,0.0,61.14,5.0434,0.0001,100,1.0,0,0.00094705,12.955,20.66,85962,94933.0,6.503,298.0,25.065,1.8443,10.0,,23,,1.9072,0.18718,,,1.7622,0,,0,0,1,93,93,1,93.0,120010.0
126.2,75,100,90,0.0,60.46,4.5223,0.0001,100,1.0,0,0.00095122,12.939,20.699,86006,94988.0,6.5061,298.0,24.042,1.8458,10.0,,23,,1.9239,0.18705,,,1.7636,0,,0,0,1,93,93,1,93.0,120200.0
126.4,75,100,90,0.0,58.553,3.8209,0.0001,100,1.0,0,0.00096385,12.915,20.739,86050,95042.0,6.5083,298.0,23.989,1.8473,10.0,,23,,1.9275,0.18702,,,1.7651,0,,0,0,1,93,93,1,93.0,120220.0
126.6,75,100,90,0.0,55.762,3.8418,0.0001,100,1.0,0,0.00096251,12.911,20.779,86093,95096.0,6.5071,298.0,24.091,1.8488,10.0,,23,,1.9228,0.18706,,,1.7666,0,,0,0,1,93,93,1,93.0,121080.0
126.8,75,100,90,0.0,53.472,3.9696,0.0001,100,1.0,0,0.0010072,12.84,20.82,86136,95150.0,6.5044,298.01,25.819,1.8504,10.0,,23,,1.9541,0.18682,,,1.7681,0,,0,0,1,93,93,1,93.0,120770.0
127.0,75,100,90,0.0,52.234,5.466,0.0001,100,1.0,0,0.00098686,12.845,20.86,86179,95204.0,6.5013,298.01,26.664,1.8519,10.0,,23,,1.958,0.18678,,,1.7696,0,,0,0,1,93,93,1,93.0,121300.0
127.2,75,100,90,0.0,52.227,6.3509,0.0001,100,1.0,0,0.00096942,12.868,20.901,86221,95257.0,6.4986,298.01,26.414,1.8535,10.0,,23,,1.9448,0.18688,,,1.771,0,,0,0,1,93,93,1,93.0,120830.0
127.4,75,100,90,0.0,53.317,6.4117,0.0001,100,1.0,0,0.00095591,12.878,20.94,86264,95311.0,6.4965,298.01,25.604,1.855,10.0,,23,,1.9403,0.18691,,,1.7725,0,,0,0,1,93,93,1,93.0,121520.0
127.6,75,100,90,0.0,55.254,6.001,0.0001,100,1.0,0,0.00094485,12.888,20.98,86307,95365.0,6.4959,298.0,24.369,1.8565,10.0,,23,,1.9347,0.18695,,,1.7739,0,,0,0,1,93,93,1,93.0,122540.0
127.8,75,100,90,0.0,57.426,5.173,0.0001,100,1.0,0,0.0009615,12.875,21.02,86351,95419.0,6.4968,298.0,23.373,1.8579,10.0,,23,,1.9404,0.18691,,,1.7753,0,,0,0,1,93,93,1,93.0,121730.0
128.0,75,100,90,0.0,59.225,4.44,0.0001,100,1.0,0,0.00096092,12.874,21.06,86395,95474.0,6.5003,298.0,22.535,1.8594,10.0,,23,,1.9378,0.18692,,,1.7768,0,,0,0,1,93,93,1,93.0,122090.0
128.2,75,100,90,0.0,59.614,3.745,0.0001,100,1.0,0,0.00093809,12.903,21.099,86439,95529.0,6.5035,297.99,21.099,1.8609,10.0,,23,,1.9183,0.18707,,,1.7782,0,,0,0,1,93,93,1,93.0,122940.0
128.4,75,100,90,0.0,58.726,2.472,0.0001,100,1.0,0,0.00096006,12.869,21.139,86483,95583.0,6.5082,297.99,20.723,1.8624,10.0,,23,,1.9302,0.18697,,,1.7796,0,,0,0,1,93,93,1,93.0,121960.0
128.6,75,100,90,0.0,55.942,1.9649,0.0001,100,1.0,0,0.00090869,12.924,21.177,86526,95637.0,6.5125,297.99,18.68,1.8638,10.0,,23,,1.9078,0.18714,,,1.781,0,,0,0,1,93,93,1,93.0,123140.0
128.8,75,100,90,0.0,51.448,0.014417,0.0001,100,1.0,0,0.0008919,12.937,21.215,86569,95690.0,6.5136,297.98,16.946,1.8652,10.0,,23,,1.8921,0.18726,,,1.7823,0,,0,0,1,93,93,1,93.0,123160.0
129.0,75,100,90,0.0,46.547,0.0001,0.0001,100,1.0,0,0.00089801,12.901,21.254,86610,95742.0,6.5087,297.98,15.936,1.8666,10.0,,23,,1.9066,0.18715,,,1.7836,0,,0,0,1,93,93,1,93.0,123180.0
129.2,75,100,90,0.0,43.614,0.0001,0.0001,100,1.0,0,0.00086882,12.935,21.292,86651,95794.0,6.5015,297.98,13.879,1.8679,10.0,,23,,1.8905,0.18726,,,1.7849,0,,0,0,1,93,93,1,93.0,123860.0
129.4,75,100,90,0.0,43.551,0.0001,0.0001,100,1.0,0,0.00088989,12.905,21.33,86692,95845.0,6.4942,297.97,12.431,1.8692,10.0,,23,,1.9011,0.18718,,,1.7862,0,,0,0,1,93,93,1,93.0,122710.0
129.6,75,100,90,0.0,46.387,0.0001,0.0001,100,1.0,0,0.0009108,12.886,21.369,86733,95897.0,6.4898,297.97,11.395,1.8706,10.0,,23,,1.9077,0.18713,,,1.7875,0,,0,0,1,93,93,1,93.0,122730.0
129.8,75,100,90,0.0,50.99,0.0001,0.0001,100,1.0,0,0.00089164,12.924,21.407,86775,95950.0,6.49,297.97,9.1769,1.8719,10.0,,23,,1.8894,0.18727,,,1.7888,0,,0,0,1,93,93,1,93.0,123910.0
130.0,75,100,90,0.0,55.489,0.0001,0.0001,100,1.0,0,0.0008978,12.908,21.444,86819,96004.0,6.4939,297.96,6.8145,1.8733,10.0,,23,,1.9022,0.18717,,,1.7901,0,,0,0,1,93,93,1,93.0,123750.0
130.2,75,100,90,0.0,58.418,0.0001,0.0001,100,1.0,-4000,0.00092488,12.864,21.482,86164,95259.0,6.527,297.95,4.5723,1.865,10.0,,23,,1.9185,0.18706,,,1.7821,0,,0,0,1,93,93,1,93.0,123430.0
130.4,75,100,90,0.0,48.024,0.0001,0.0001,100,1.0,-4000,0.00095521,12.794,21.521,85507,94511.0,6.5514,297.95,4.0883,1.852,10.0,,23,,1.9259,0.18703,,,1.7696,0,,0,0,1,93,93,1,93.0,125290.0
130.6,75,100,90,0.51843,24.012,0.0001,0.0001,100,1.0,-4000,0.00099759,12.688,21.563,84846,93759.0,6.5477,297.96,6.9222,1.8386,10.0,,23,,1.9339,0.18699,,,1.7567,0,,0,0,1,93,93,1,93.0,125150.0
130.8,75,100,90,0.0,5.5564,0.64814,0.0001,100,1.0,-4000,0.0010035,12.628,21.605,84181,93003.0,6.5211,297.97,11.338,1.8251,10.0,,23,,1.9264,0.18707,,,1.7438,0,,0,0,1,93,93,1,93.0,125350.0
131.0,75,100,90,0.0,0.0,2.8639,0.0001,100,1.0,-4000,0.00099417,12.621,21.647,83514,92246.0,6.4893,297.98,15.134,1.8117,10.0,,23,,1.8992,0.18731,,,1.7309,0,,0,0,1,93,93,1,93.0,123890.0
131.2,75,100,90,0.0,4.8127,4.956,0.0001,100,1.0,-4000,0.0009896,12.634,21.689,82849,91491.0,6.4661,297.99,17.404,1.7982,10.0,,23,,1.873,0.18753,,,1.718,0,,0,0,1,93,93,1,93.0,125420.0
131.4,75,100,90,0.0,18.872,6.1174,0.0001,100,1.0,-4000,0.00098279,12.691,21.73,82187,90737.0,6.4615,297.99,17.5,1.7847,10.0,,23,,1.8225,0.18794,,,1.705,0,,0,0,1,93,93,1,93.0,124780.0
131.6,75,100,90,0.0,34.717,5.6382,0.0001,100,1.0,-4000,0.00097173,12.749,21.769,81528,89987.0,6.4755,297.98,15.551,1.7712,10.0,,23,,1.7775,0.18831,,,1.692,0,,0,0,1,93,93,1,93.0,124470.0
131.8,75,100,90,0.0,44.979,3.4095,0.0001,100,1.0,-4000,0.0009959,12.75,21.809,80871,89239.0,6.4989,297.98,13.888,1.7577,10.0,,23,,1.75,0.18854,,,1.679,0,,0,0,1,93,93,1,93.0,125160.0
132.0,75,100,90,0.0,45.887,1.273,0.0001,100,1.0,-4000,0.0010379,12.689,21.85,80215,88492.0,6.5205,297.98,14.031,1.7442,10.0,1416.2,23,1588.2,1.7534,0.18854,21.689,23.676,1.666,0,60.541,0,0,1,93,93,1,93.0,125020.0
132.2,75,100,90,0.0,38.207,0.57494,0.0001,100,1.0,0,0.0010423,12.661,21.892,80255,88543.0,6.5058,297.98,15.548,1.7407,10.0,,23,,1.7488,0.18858,,,1.6627,0,,0,0,1,93,93,1,93.0,125230.0
132.4,75,100,90,0.0,36.517,1.0898,0.0001,100,1.0,0,0.0010382,12.654,21.934,80295,88593.0,6.4891,297.99,16.948,1.7418,10.0,,23,,1.7504,0.18857,,,1.6638,0,,0,0,1,93,93,1,93.0,126760.0
132.6,75,100,90,0.0,41.423,1.6205,0.0001,100,1.0,0,0.0010669,12.645,21.976,80336,88645.0,6.4779,297.99,18.593,1.7432,10.0,,23,,1.7436,0.18862,,,1.6651,0,,0,0,1,93,93,1,93.0,125790.0
132.8,75,100,90,0.0,50.757,2.5087,0.0001,100,1.0,0,0.0010799,12.652,22.018,80379,88699.0,6.4777,297.99,19.508,1.7447,10.0,,23,,1.7409,0.18863,,,1.6665,0,,0,0,1,93,93,1,93.0,126160.0
133.0,75,100,90,0.0,60.183,2.8982,0.0001,100,1.0,0,0.0010638,12.707,22.059,80424,88754.0,6.4834,297.99,18.677,1.7462,10.0,,23,,1.7169,0.18881,,,1.6679,0,,0,0,1,93,93,1,93.0,126690.0
133.2,75,100,90,0.0,67.343,1.8254,0.0001,100,1.0,0,0.0010566,12.743,22.1,80470,88811.0,6.4946,297.99,17.091,1.7476,10.0,,23,,1.6967,0.18896,,,1.6693,0,,0,0,1,93,93,1,93.0,126050.0
133.4,75,100,90,0.0,70.009,0.030234,0.0001,100,1.0,0,0.0010535,12.76,22.141,80517,88869.0,6.5062,297.98,15.739,1.749,10.0,,23,,1.677,0.18911,,,1.6707,0,,0,0,1,93,93,1,93.0,127080.0
133.6,75,100,90,0.0,68.031,0.0001,0.0001,100,1.0,0,0.0010547,12.748,22.182,80563,88926.0,6.5152,297.98,14.761,1.7504,10.0,,23,,1.6744,0.18913,,,1.672,0,,0,0,1,93,93,1,93.0,127440.0
133.8,75,100,90,0.0,62.467,0.0001,0.0001,100,1.0,0,0.0010789,12.687,22.224,80608,88982.0,6.5184,297.98,15.362,1.7519,10.0,,23,,1.6949,0.18897,,,1.6734,0,,0,0,1,93,93,1,93.0,126980.0
134.0,75,100,90,0.0,55.649,0.0001,0.0001,100,1.0,0,0.0010825,12.661,22.267,80652,89036.0,6.5162,297.98,16.554,1.7533,10.0,,23,,1.7053,0.18889,,,1.6748,0,,0,0,1,93,93,1,93.0,127680.0
134.2,75,100,90,0.0,49.689,0.33944,0.0001,100,1.0,0,0.0010758,12.64,22.31,80695,89090.0,6.5096,297.99,17.818,1.7548,10.0,,23,,1.7196,0.18878,,,1.6762,0,,0,0,1,93,93,1,93.0,128890.0
134.4,75,100,90,0.0,46.401,0.84672,0.0001,100,1.0,0,0.0010397,12.65,22.352,80736,89143.0,6.4987,297.99,18.235,1.7562,10.0,,23,,1.7223,0.18875,,,1.6776,0,,0,0,1,93,93,1,93.0,127260.0
134.6,75,100,90,0.0,47.467,0.71951,0.0001,100,1.0,0,0.0009902,12.701,22.394,80779,89196.0,6.4917,297.99,17.031,1.7575,10.0,,23,,1.7034,0.18889,,,1.6789,0,,0,0,1,93,93,1,93.0,128790.0
134.8,75,100,90,0.0,51.307,0.0001,0.0001,100,1.0,0,0.00097343,12.708,22.434,80822,89249.0,6.4882,297.98,15.049,1.7588,10.0,,23,,1.7121,0.18883,,,1.6801,0,,0,0,1,93,93,1,93.0,128820.0
135.0,75,100,90,0.0,56.53,0.0001,0.0001,100,1.0,0,0.00094761,12.749,22.474,80865,89304.0,6.4891,297.97,11.758,1.7601,10.0,,23,,1.6963,0.18894,,,1.6814,0,,0,0,1,93,93,1,93.0,129010.0
135.2,75,100,90,0.0,61.396,0.0001,0.0001,100,1.0,0,0.00095966,12.744,22.513,80910,89359.0,6.4949,297.96,8.2978,1.7614,10.0,,23,,1.6997,0.18892,,,1.6826,0,,0,0,1,93,93,1,93.0,128530.0
135.4,75,100,90,0.0,63.945,0.0001,0.0001,100,1.0,0,0.00094794,12.774,22.552,80956,89415.0,6.5032,297.95,4.1175,1.7626,10.0,,23,,1.6813,0.18905,,,1.6838,0,,0,0,1,93,93,1,93.0,129880.0
135.6,75,100,90,0.0,63.188,0.0001,0.0001,100,1.0,0,0.00094562,12.76,22.591,81001,89471.0,6.5105,297.94,0.035525,1.7639,10.0,,23,,1.6877,0.189,,,1.685,0,,0,0,1,93,93,1,93.0,129060.0
135.8,75,100,90,0.0,59.52,0.0001,12.17,100,1.0,0,0.00092816,12.763,22.63,81046,89526.0,6.5148,297.96,6.757,1.7651,10.0,,23,,1.6856,0.18901,,,1.6862,0,,0,0,1,93,93,1,93.0,129420.0
136.0,75,100,90,0.0,54.109,3.8556,1.217,100,1.0,0,0.00094166,12.721,22.669,81089,89580.0,6.5151,297.95,3.0706,1.7664,10.0,,23,,1.7017,0.18889,,,1.6874,0,,0,0,1,93,93,1,93.0,130440.0
136.2,75,100,90,0.0,48.59,1.1567,21.175,100,1.0,0,0.00092872,12.697,22.709,81132,89633.0,6.5125,297.99,18.636,1.7676,10.0,,23,,1.72,0.18875,,,1.6886,0,,0,0,1,93,93,1,93.0,129290.0
136.4,75,100,90,0.0,44.132,13.14,2.1175,100,1.0,0,0.00091765,12.702,22.748,81173,89685.0,6.5076,297.97,12.622,1.7688,10.0,,23,,1.7096,0.18883,,,1.6897,0,,0,0,1,93,93,1,93.0,129980.0
136.6,75,100,90,0.0,41.607,7.1042,0.21175,100,1.0,0,0.00091581,12.691,22.787,81214,89737.0,6.4995,297.96,7.1266,1.7701,10.0,,23,,1.7154,0.18878,,,1.6909,0,,0,0,1,93,93,1,93.0,130500.0
136.8,75,100,90,0.0,42.334,1.3683,0.021175,100,1.0,0,0.00088469,12.712,22.825,81255,89788.0,6.4918,297.95,2.347,1.7712,10.0,,23,,1.7192,0.18875,,,1.692,0,,0,0,1,93,93,1,93.0,130180.0
137.0,75,100,90,0.0,46.129,0.41049,12.029,100,1.0,0,0.00091815,12.685,22.864,81297,89841.0,6.4867,297.97,9.3774,1.7724,10.0,,23,,1.7279,0.18868,,,1.6932,0,,0,0,1,93,93,1,93.0,130700.0
137.2,75,100,90,0.0,51.979,4.7578,1.2029,100,1.0,0,0.00090703,12.732,22.902,81340,89894.0,6.4849,297.95,4.1897,1.7736,10.0,,23,,1.6964,0.18892,,,1.6943,0,,0,0,1,93,93,1,93.0,130540.0
137.4,75,100,90,0.0,58.522,0.0001,0.12029,100,1.0,0,0.00092807,12.728,22.94,81384,89949.0,6.4876,297.94,1e-06,1.7748,10.0,,23,,1.6884,0.18897,,,1.6955,0,,0,0,1,93,93,1,93.0,130730.0
137.6,75,100,90,0.0,63.998,0.0001,11.951,100,1.0,0,0.00096288,12.703,22.979,81430,90005.0,6.4928,297.96,6.8082,1.7761,10.0,,23,,1.6977,0.1889,,,1.6967,0,,0,0,1,93,93,1,93.0,131750.0
137.8,75,100,90,0.0,67.381,3.8829,1.1951,100,1.0,0,0.00096727,12.698,23.017,81476,90062.0,6.499,297.95,2.3491,1.7773,10.0,,23,,1.7051,0.18884,,,1.6979,0,,0,0,1,93,93,1,93.0,131760.0
138.0,75,100,90,0.0,68.306,1.1649,22.312,100,1.0,0,0.00093875,12.738,23.055,81522,90119.0,6.508,297.98,16.784,1.7786,10.0,,23,,1.6864,0.18898,,,1.6991,0,,0,0,1,93,93,1,93.0,132110.0
138.2,75,100,90,0.0,65.625,12.0,2.2312,100,1.0,0,0.00091373,12.765,23.092,81568,90176.0,6.5148,297.96,8.9025,1.7798,10.0,,23,,1.6687,0.18911,,,1.7002,0,,0,0,1,93,93,1,93.0,132450.0
138.4,75,100,90,0.0,60.231,4.1585,0.22312,100,1.0,0,0.00094544,12.7,23.131,81612,90231.0,6.5147,297.95,3.2813,1.781,10.0,,23,,1.6903,0.18895,,,1.7014,0,,0,0,1,93,93,1,93.0,132470.0
138.6,75,100,90,0.0,54.889,1.2475,13.588,100,1.0,0,0.00093944,12.691,23.17,81656,90285.0,6.5107,297.97,10.862,1.7822,10.0,,23,,1.6944,0.18892,,,1.7025,0,,0,0,1,93,93,1,93.0,131660.0
138.8,75,100,90,0.0,51.136,6.1315,1.3588,100,1.0,0,0.0009264,12.688,23.208,81699,90339.0,6.5054,297.95,5.3642,1.7834,10.0,,23,,1.7001,0.18887,,,1.7037,0,,0,0,1,93,93,1,93.0,132670.0
139.0,75,100,90,0.0,49.507,0.0001,0.13588,100,1.0,0,0.00093304,12.676,23.247,81741,90392.0,6.4966,297.94,1.2964,1.7845,10.0,,23,,1.6981,0.18888,,,1.7048,0,,0,0,1,93,93,1,93.0,132190.0
139.2,75,100,90,0.0,51.413,0.0001,10.774,100,1.0,0,0.00094362,12.662,23.287,81784,90446.0,6.4891,297.96,6.9723,1.7857,10.0,,23,,1.7075,0.18881,,,1.706,0,,0,0,1,93,93,1,93.0,132710.0
139.4,75,100,90,0.0,56.285,2.9777,1.0774,100,1.0,0,0.00093484,12.673,23.325,81828,90501.0,6.4877,297.95,1.938,1.7869,10.0,,23,,1.7126,0.18877,,,1.7071,0,,0,0,1,93,93,1,93.0,132570.0
139.6,75,100,90,0.0,61.707,0.8933,21.287,100,1.0,0,0.00093379,12.703,23.364,81873,90556.0,6.4898,297.98,15.306,1.7881,10.0,,23,,1.6928,0.18892,,,1.7082,0,,0,0,1,93,93,1,93.0,133080.0
139.8,75,100,90,0.0,66.307,10.705,2.1287,100,1.0,0,0.00093101,12.725,23.402,81919,90613.0,6.4955,297.96,7.2314,1.7892,10.0,,23,,1.6802,0.18901,,,1.7093,0,,0,0,1,93,93,1,93.0,132930.0
140.0,75,100,90,0.0,68.61,2.6023,0.21287,100,1.0,0,0.00092617,12.729,23.44,81965,90670.0,6.5023,297.94,1e-06,1.7904,10.0,,23,,1.6826,0.18899,,,1.7104,0,,0,0,1,93,93,1,93.0,132450.0
140.2,75,100,90,0.0,68.194,0.78069,15.152,100,1.0,0,0.00093992,12.699,23.479,82011,90727.0,6.507,297.96,7.1186,1.7915,10.0,,23,,1.7002,0.18885,,,1.7115,0,,0,0,1,93,93,1,93.0,134630.0
140.4,75,100,90,0.0,65.928,4.9264,1.5152,100,1.0,0,0.00092966,12.706,23.518,82057,90784.0,6.5097,297.94,0.19408,1.7926,10.0,,23,,1.6963,0.18888,,,1.7126,0,,0,0,1,93,93,1,93.0,133820.0
140.6,75,100,90,0.0,62.563,1.4779,26.59,100,1.0,0,0.0009182,12.702,23.556,82102,90840.0,6.5099,297.98,17.083,1.7937,10.0,,23,,1.6978,0.18887,,,1.7136,0,,0,0,1,93,93,1,93.0,133500.0
140.8,75,100,90,0.0,59.142,14.185,2.659,100,1.0,0,0.0009093,12.694,23.594,82146,90895.0,6.5081,297.96,8.0904,1.7948,10.0,,23,,1.7024,0.18883,,,1.7147,0,,0,0,1,93,93,1,93.0,134510.0
141.0,75,100,90,0.0,56.419,5.3731,0.2659,100,1.0,0,0.00087785,12.732,23.631,82190,90949.0,6.5044,297.94,1e-06,1.7959,10.0,,23,,1.6815,0.18899,,,1.7157,0,,0,0,1,93,93,1,93.0,134860.0
141.2,75,100,90,0.0,55.177,1.6119,19.204,100,1.0,0,0.00088624,12.717,23.668,82234,91004.0,6.5001,297.96,9.7397,1.7969,10.0,,23,,1.68,0.189,,,1.7167,0,,0,0,1,93,93,1,93.0,134200.0
141.4,75,100,90,0.0,55.667,7.959,1.9204,100,1.0,0,0.00088349,12.725,23.706,82277,91058.0,6.4935,297.94,1.6426,1.798,10.0,,23,,1.67,0.18907,,,1.7177,0,,0,0,1,93,93,1,93.0,134880.0
141.6,75,100,90,0.0,58.806,2.3877,31.975,100,1.0,0,0.00088202,12.734,23.743,82322,91113.0,6.4894,297.99,22.063,1.799,10.0,,23,,1.6662,0.1891,,,1.7187,0,,0,0,1,93,93,1,93.0,134720.0
141.8,75,100,90,0.0,63.549,18.193,3.1975,100,1.0,0,0.0009062,12.71,23.78,82367,91169.0,6.4884,297.97,12.075,1.8001,10.0,,23,,1.6799,0.18899,,,1.7198,0,,0,0,1,93,93,1,93.0,134070.0
142.0,75,100,90,0.0,68.685,8.8305,0.31975,100,1.0,0,0.00090398,12.712,23.818,82413,91226.0,6.4908,297.94,1.7205,1.8012,10.0,,23,,1.6887,0.18892,,,1.7208,0,,0,0,1,93,93,1,93.0,135580.0
142.2,75,100,90,0.0,72.877,2.6492,22.006,100,1.0,0,0.00090294,12.737,23.855,82460,91284.0,6.4948,297.97,12.39,1.8022,10.0,,23,,1.6716,0.18905,,,1.7218,0,,0,0,1,93,93,1,93.0,135760.0
142.4,75,100,90,0.0,75.469,9.9692,2.2006,100,1.0,0,0.00090388,12.726,23.892,82508,91343.0,6.5031,297.94,2.7604,1.8033,10.0,,23,,1.6825,0.18896,,,1.7228,0,,0,0,1,93,93,1,93.0,135100.0
142.6,75,100,90,0.0,74.74,2.9907,35.121,100,1.0,0,0.0008722,12.773,23.928,82555,91401.0,6.5099,298.0,23.626,1.8043,10.0,,23,,1.662,0.18912,,,1.7238,0,,0,0,1,93,93,1,93.0,135110.0
142.8,75,100,90,0.0,71.314,19.266,3.5121,100,1.0,0,0.00085543,12.792,23.964,82602,91459.0,6.5154,297.96,10.737,1.8053,10.0,,23,,1.6461,0.18924,,,1.7248,0,,0,0,1,93,93,1,93.0,136280.0
143.0,75,100,90,0.0,65.685,7.5434,0.35121,100,1.0,0,0.00086245,12.749,24.0,82648,91515.0,6.5164,297.94,1e-06,1.8063,10.0,,23,,1.6699,0.18905,,,1.7257,0,,0,0,1,93,93,1,93.0,137110.0
143.2,75,100,90,0.0,59.663,2.263,21.174,100,1.0,0,0.00087692,12.704,24.036,82692,91570.0,6.5093,297.96,9.8847,1.8073,10.0,,23,,1.6905,0.1889,,,1.7266,0,,0,0,1,93,93,1,93.0,136120.0
143.4,75,100,90,0.0,56.5,8.6504,2.1174,100,1.0,0,0.00086454,12.699,24.073,82736,91625.0,6.5013,297.94,0.55187,1.8082,10.0,,23,,1.6966,0.18885,,,1.7276,0,,0,0,1,93,93,1,93.0,136300.0
143.6,75,100,90,0.0,56.489,2.5951,34.602,100,1.0,0,0.00083455,12.73,24.109,82780,91680.0,6.4943,297.99,21.227,1.8092,10.0,,23,,1.6891,0.1889,,,1.7285,0,,0,0,1,93,93,1,93.0,136470.0
143.8,75,100,90,0.0,59.285,18.354,3.4602,100,1.0,0,0.00080996,12.781,24.144,82824,91735.0,6.4925,297.96,8.2217,1.8101,10.0,,23,,1.662,0.18911,,,1.7294,0,,0,0,1,93,93,1,93.0,136970.0
144.0,75,100,90,0.0,62.797,6.2502,0.34602,100,1.0,0,0.00079295,12.807,24.178,82869,91790.0,6.4923,297.92,1e-06,1.811,10.0,1398.9,23,1603.1,1.6507,0.18919,24.036,24.11,1.7302,0,68.258,0,0,1,93,93,1,93.0,135960.0
144.2,75,100,90,0.0,66.409,1.8751,23.789,100,1.0,0,0.00077145,12.843,24.211,82915,91847.0,6.4953,297.94,7.7544,1.8118,10.0,,23,,1.6394,0.18927,,,1.731,0,,0,0,1,93,93,1,93.0,137290.0
144.4,75,100,90,0.0,68.799,0.56252,0.0001,100,1.0,0,0.00076506,12.868,24.244,82961,91903.0,6.499,297.91,1e-06,1.8126,10.0,,23,,1.6204,0.18942,,,1.7318,0,,0,0,1,93,93,1,93.0,136610.0
144.6,75,100,90,0.0,69.715,0.16876,34.509,100,1.0,0,0.00075762,12.86,24.277,83007,91960.0,6.5034,297.95,17.095,1.8134,10.0,,23,,1.6321,0.18933,,,1.7326,0,,0,0,1,93,93,1,93.0,138100.0
144.8,75,100,90,0.0,68.859,0.050627,0.0001,100,1.0,0,0.000741,12.86,24.309,83054,92017.0,6.5096,297.91,2.5031,1.8142,10.0,,23,,1.6432,0.18924,,,1.7333,0,,0,0,1,93,93,1,93.0,137580.0
145.0,75,100,90,0.0,65.52,0.015188,39.134,100,1.0,0,0.00074497,12.853,24.341,83099,92073.0,6.5153,297.97,23.63,1.815,10.0,,23,,1.6387,0.18927,,,1.7341,0,,0,0,1,93,93,1,93.0,138570.0
145.2,75,100,90,0.0,59.917,15.309,3.9134,100,1.0,0,0.00074721,12.833,24.374,83144,92128.0,6.5151,297.93,10.197,1.8157,10.0,,23,,1.643,0.18924,,,1.7348,0,,0,0,1,93,93,1,93.0,138900.0
145.4,75,100,90,0.0,54.398,4.5926,52.161,100,1.0,0,0.00070583,12.868,24.406,83187,92182.0,6.5118,298.01,41.549,1.8165,10.0,,23,,1.6278,0.18935,,,1.7355,0,,0,0,1,93,93,1,93.0,138050.0
145.6,75,100,90,0.0,50.221,29.403,5.2161,100,1.0,0,0.00070105,12.863,24.439,83229,92235.0,6.505,297.97,24.401,1.8172,10.0,,23,,1.6248,0.18937,,,1.7362,0,,0,0,1,93,93,1,93.0,139040.0
145.8,75,100,90,0.0,48.762,14.416,0.52161,100,1.0,0,0.00068631,12.869,24.471,83272,92287.0,6.4972,297.92,6.3535,1.8178,10.0,,23,,1.6242,0.18938,,,1.7368,0,,0,0,1,93,93,1,93.0,138020.0
146.0,75,100,90,0.0,50.414,4.3248,32.651,100,1.0,0,0.00068177,12.866,24.503,83314,92340.0,6.4918,297.96,19.566,1.8185,10.0,,23,,1.634,0.1893,,,1.7374,0,,0,0,1,93,93,1,93.0,138500.0
146.2,75,100,90,0.0,54.194,13.171,3.2651,100,1.0,0,0.00065147,12.92,24.533,83358,92394.0,6.4894,297.91,2.6113,1.8191,10.0,,23,,1.6135,0.18946,,,1.738,0,,0,0,1,93,93,1,93.0,138650.0
146.4,75,100,90,0.0,58.951,3.9512,51.43,100,1.0,0,0.00063221,12.956,24.562,83402,92448.0,6.4929,297.98,30.049,1.8197,10.0,,23,,1.6016,0.18954,,,1.7386,0,,0,0,1,93,93,1,93.0,139120.0
146.6,75,100,90,0.0,62.304,24.672,5.143,100,1.0,0,0.00059548,13.01,24.59,83447,92503.0,6.497,297.93,9.0002,1.8203,10.0,,23,,1.5854,0.18967,,,1.7391,0,,0,0,1,93,93,1,93.0,138250.0
146.8,75,100,90,0.0,64.01,7.4015,71.659,100,1.0,0,0.00057238,13.041,24.617,83492,92559.0,6.5013,298.03,51.029,1.8208,10.0,,23,,1.5729,0.18976,,,1.7396,0,,0,0,1,93,93,1,93.0,139210.0
147.0,75,100,90,0.0,63.995,41.332,7.1659,100,1.0,0,0.00056318,13.043,24.643,83537,92614.0,6.5083,297.97,27.082,1.8213,10.0,,23,,1.5762,0.18973,,,1.7401,0,,0,0,1,93,93,1,93.0,139170.0
147.2,75,100,90,0.0,61.191,21.234,0.71659,100,1.0,0,0.00057621,13.018,24.67,83582,92669.0,6.5122,297.91,2.2558,1.8217,10.0,,23,,1.5843,0.18967,,,1.7405,0,,0,0,1,93,93,1,93.0,139960.0
147.4,75,100,90,0.0,56.839,6.3701,42.301,100,1.0,0,0.00057173,13.012,24.698,83625,92722.0,6.5113,297.95,18.718,1.8222,10.0,,23,,1.5852,0.18966,,,1.741,0,,0,0,1,93,93,1,93.0,139090.0
147.6,75,100,90,0.0,52.845,17.712,4.2301,100,1.0,0,0.00058691,12.976,24.725,83668,92776.0,6.5057,297.91,1e-06,1.8227,10.0,,23,,1.6014,0.18954,,,1.7415,0,,0,0,1,93,93,1,93.0,139390.0
147.8,75,100,90,0.0,51.095,5.3136,61.573,100,1.0,0,0.00054222,13.023,24.752,83711,92828.0,6.4997,297.99,33.443,1.8231,10.0,,23,,1.586,0.18966,,,1.7419,0,,0,0,1,93,93,1,93.0,140350.0
148.0,75,100,90,0.0,51.754,30.828,6.1573,100,1.0,0,0.00053045,13.033,24.779,83754,92881.0,6.4946,297.93,11.09,1.8235,10.0,,23,,1.5824,0.18968,,,1.7423,0,,0,0,1,93,93,1,93.0,139140.0
148.2,75,100,90,0.0,54.443,9.2484,81.767,100,1.0,0,0.00051791,13.056,24.804,83797,92934.0,6.4917,298.06,60.453,1.8239,10.0,,23,,1.5774,0.18972,,,1.7427,0,,0,0,1,93,93,1,93.0,139930.0
148.4,75,100,90,0.0,58.258,49.471,8.1767,100,1.0,0,0.00047305,13.127,24.828,83841,92988.0,6.4959,297.99,32.625,1.8243,10.0,,23,,1.5498,0.18993,,,1.743,0,,0,0,1,93,93,1,93.0,139710.0
148.6,75,100,90,0.0,60.387,26.778,0.81767,100,1.0,0,0.00046713,13.134,24.851,83886,93042.0,6.5018,297.91,2.627,1.8246,10.0,,23,,1.5489,0.18993,,,1.7433,0,,0,0,1,93,93,1,93.0,140320.0
148.8,75,100,90,0.0,60.171,8.0335,49.481,100,1.0,0,0.00045906,13.16,24.874,83930,93096.0,6.5092,297.96,20.369,1.8249,10.0,,23,,1.5301,0.19007,,,1.7436,0,,0,0,1,93,93,1,93.0,139760.0
149.0,75,100,90,0.0,56.99,20.473,4.9481,100,1.0,0,0.00042322,13.194,24.896,83974,93150.0,6.5142,297.89,1e-06,1.8251,10.0,,23,,1.5133,0.1902,,,1.7438,0,,0,0,1,93,93,1,93.0,140360.0
149.2,75,100,90,0.0,51.82,6.1419,73.179,100,1.0,0,0.00039193,13.209,24.917,84017,93202.0,6.5163,297.98,38.081,1.8253,10.0,,23,,1.5092,0.19023,,,1.744,0,,0,0,1,93,93,1,93.0,139460.0
149.4,75,100,90,0.0,45.825,35.08,7.3179,100,1.0,0,0.00037675,13.211,24.938,84058,93253.0,6.5136,297.92,10.332,1.8255,10.0,,23,,1.5064,0.19025,,,1.7442,0,,0,0,1,93,93,1,93.0,141220.0
149.6,75,100,90,0.0,40.926,10.524,96.156,100,1.0,0,0.00035454,13.234,24.959,84099,93303.0,6.5069,298.06,67.914,1.8257,10.0,,23,,1.4898,0.19038,,,1.7443,0,,0,0,1,93,93,1,93.0,140490.0
149.8,75,100,90,0.0,38.695,57.073,9.6156,100,1.0,0,0.00034099,13.246,24.979,84139,93353.0,6.4992,297.98,36.937,1.8258,10.0,,23,,1.4803,0.19045,,,1.7444,0,,0,0,1,93,93,1,93.0,140910.0
150.0,75,100,90,0.0,39.55,31.739,0.96156,100,1.0,0,0.00033904,13.239,24.999,84179,93403.0,6.4939,297.9,3.839,1.8259,10.0,,23,,1.4912,0.19037,,,1.7445,0,,0,0,1,93,93,1,93.0,140670.0
150.2,75,100,90,0.0,42.502,9.5218,57.18,0,0.9,-4000,0.00038995,12.011,25.027,83504,92633.0,6.5192,297.98,37.181,1.8163,10.0,,23,,1.6082,0.1895,,,1.7353,0,,0,0,1,93,93,1,93.0,141140.0
150.4,75,100,90,0.0,35.259,34.942,5.718,0,0.9,-4000,0.00038799,11.988,25.054,82827,91862.0,6.5369,297.94,18.627,1.8019,10.0,,23,,1.6103,0.18951,,,1.7215,0,,0,0,1,93,93,1,93.0,141430.0
150.6,75,100,90,0.0,21.05,10.483,82.353,0,0.9,-4000,0.00040536,11.92,25.083,82148,91088.0,6.5405,298.08,76.578,1.7872,10.0,,23,,1.6103,0.18954,,,1.7074,0,,0,0,1,93,93,1,93.0,141230.0
150.8,75,100,90,0.0,5.4142,58.905,8.2353,0,0.9,-4000,0.00039845,11.862,25.113,81465,90311.0,6.5286,298.04,58.046,1.7725,10.0,,23,,1.6136,0.18954,,,1.6932,0,,0,0,1,93,93,1,93.0,142040.0
151.0,75,100,90,0.0,0.0,44.626,0.82353,0,0.9,-4000,0.00042609,11.807,25.144,80781,89533.0,6.5106,297.99,38.893,1.7578,10.0,,23,,1.61,0.1896,,,1.6791,0,,0,0,1,93,93,1,93.0,141690.0
151.2,75,100,90,0.0,0.0,29.342,0.082353,0,0.9,-4000,0.00040678,11.812,25.174,80098,88755.0,6.494,297.94,21.432,1.743,10.0,,23,,1.594,0.18975,,,1.665,0,,0,0,1,93,93,1,93.0,141990.0
151.4,75,100,90,0.0,2.9336,8.8027,42.431,0,0.9,-4000,0.00039037,11.841,25.204,79415,87978.0,6.4816,298.0,45.044,1.7283,10.0,,23,,1.5583,0.19005,,,1.6508,0,,0,0,1,93,93,1,93.0,140800.0
151.6,75,100,90,0.0,10.792,28.19,4.2431,0,0.9,-4000,0.00043949,11.801,25.234,78734,87202.0,6.4764,297.96,30.366,1.7136,10.0,,23,,1.5561,0.19009,,,1.6367,0,,0,0,1,93,93,1,93.0,142270.0
151.8,75,100,90,0.0,20.715,14.491,0.42431,0,0.9,-4000,0.00044115,11.832,25.263,78055,86429.0,6.4822,297.92,14.42,1.6989,10.0,,23,,1.5286,0.19033,,,1.6226,0,,0,0,1,93,93,1,93.0,141250.0
152.0,75,100,90,0.0,28.33,4.3472,33.225,0,0.9,-4000,0.00046234,11.836,25.292,77378,85657.0,6.4962,297.96,29.819,1.6842,10.0,,23,,1.504,0.19054,,,1.6085,0,,0,0,1,93,93,1,93.0,141720.0
152.2,75,100,90,0.0,30.359,15.955,3.3225,0,0.9,0,0.00042872,11.864,25.32,77397,85685.0,6.4859,297.92,14.853,1.6796,10.0,,23,,1.496,0.19061,,,1.6041,0,,0,0,1,93,93,1,93.0,143350.0
152.4,75,100,90,0.0,36.61,4.7864,53.835,0,0.9,0,0.00044625,11.877,25.349,77417,85714.0,6.481,298.01,47.567,1.6795,10.0,,23,,1.4781,0.19075,,,1.6039,0,,0,0,1,93,93,1,93.0,143150.0
152.6,75,100,90,0.0,44.727,32.531,5.3835,0,0.9,0,0.0004406,11.921,25.376,77439,85746.0,6.4844,297.96,29.725,1.6796,10.0,,23,,1.4526,0.19094,,,1.6041,0,,0,0,1,93,93,1,93.0,142610.0
152.8,75,100,90,0.0,51.454,15.719,0.53835,0,0.9,0,0.00043957,11.943,25.403,77462,85778.0,6.4942,297.91,10.439,1.6798,10.0,,23,,1.4413,0.19102,,,1.6042,0,,0,0,1,93,93,1,93.0,143070.0
153.0,75,100,90,0.0,54.277,4.7156,37.132,0,0.9,0,0.00042804,11.977,25.429,77486,85811.0,6.5042,297.95,25.694,1.6799,10.0,,23,,1.4167,0.19121,,,1.6043,0,,0,0,1,93,93,1,93.0,142190.0
153.2,75,100,90,0.0,53.13,15.894,3.7132,0,0.9,0,0.00043609,11.956,25.456,77510,85844.0,6.5124,297.91,8.7414,1.68,10.0,,23,,1.4223,0.19117,,,1.6044,0,,0,0,1,93,93,1,93.0,143480.0
153.4,75,100,90,0.0,48.714,4.7683,58.562,0,0.9,0,0.00046019,11.908,25.484,77532,85876.0,6.5166,298.0,44.5,1.6802,10.0,,23,,1.4404,0.19103,,,1.6046,0,,0,0,1,93,93,1,93.0,142780.0
153.6,75,100,90,0.0,42.594,34.71,5.8562,0,0.9,0,0.00046274,11.877,25.513,77554,85907.0,6.5158,297.96,27.225,1.6803,10.0,,23,,1.4509,0.19095,,,1.6047,0,,0,0,1,93,93,1,93.0,143410.0
153.8,75,100,90,0.0,36.808,18.077,0.58562,0,0.9,0,0.00049068,11.82,25.542,77574,85937.0,6.5095,297.91,9.6957,1.6805,10.0,,23,,1.4741,0.19078,,,1.6049,0,,0,0,1,93,93,1,93.0,143390.0
154.0,75,100,90,0.0,33.543,5.4232,38.841,0,0.9,0,0.00052064,11.788,25.573,77594,85966.0,6.4988,297.96,30.448,1.6806,10.0,,23,,1.472,0.19079,,,1.605,0,,0,0,1,93,93,1,93.0,143030.0
154.2,75,100,90,0.0,34.565,21.559,3.8841,0,0.9,0,0.00048992,11.824,25.603,77614,85996.0,6.4908,297.92,15.208,1.6808,10.0,,23,,1.455,0.19092,,,1.6052,0,,0,0,1,93,93,1,93.0,143840.0
154.4,75,100,90,0.0,38.754,6.4676,63.02,0,0.9,0,0.00047352,11.862,25.632,77634,86026.0,6.4865,298.03,55.514,1.6809,10.0,,23,,1.4348,0.19107,,,1.6053,0,,0,0,1,93,93,1,93.0,143810.0
154.6,75,100,90,0.0,44.67,41.185,6.302,0,0.9,0,0.00048764,11.873,25.661,77656,86057.0,6.4875,297.98,37.023,1.6811,10.0,,23,,1.4231,0.19116,,,1.6055,0,,0,0,1,93,93,1,93.0,143940.0
154.8,75,100,90,0.0,50.161,24.464,0.6302,0,0.9,0,0.00049013,11.885,25.689,77679,86090.0,6.4918,297.93,16.15,1.6812,10.0,,23,,1.4194,0.19119,,,1.6056,0,,0,0,1,93,93,1,93.0,143740.0
155.0,75,100,90,0.0,53.934,7.3392,43.621,0,0.9,0,0.00051749,11.874,25.717,77703,86123.0,6.4999,297.98,37.836,1.6813,10.0,,23,,1.4193,0.19119,,,1.6057,0,,0,0,1,93,93,1,93.0,143380.0
155.2,75,100,90,0.0,54.467,25.026,4.3621,0,0.9,0,0.00052816,11.852,25.747,77727,86156.0,6.5065,297.94,20.755,1.6815,10.0,,23,,1.4299,0.19111,,,1.6059,0,,0,0,1,93,93,1,93.0,144680.0
155.4,75,100,90,0.0,52.392,7.5078,65.564,0,0.9,0,0.00052783,11.837,25.776,77750,86189.0,6.5126,298.05,62.534,1.6816,10.0,,23,,1.4393,0.19104,,,1.606,0,,0,0,1,93,93,1,93.0,145490.0
155.6,75,100,90,0.0,47.876,44.12,6.5564,0,0.9,0,0.00051397,11.82,25.806,77773,86221.0,6.5135,298.0,43.029,1.6818,10.0,,23,,1.4523,0.19094,,,1.6061,0,,0,0,1,93,93,1,93.0,144460.0
155.8,75,100,90,0.0,43.029,27.165,0.65564,0,0.9,0,0.00057341,11.745,25.837,77794,86252.0,6.5086,297.95,23.688,1.6819,10.0,,23,,1.4733,0.19078,,,1.6063,0,,0,0,1,93,93,1,93.0,144440.0
156.0,75,100,90,0.0,40.117,8.1495,40.359,0,0.9,0,0.00058973,11.732,25.869,77815,86283.0,6.5,298.0,44.799,1.6821,10.0,1490.0,23,1688.2,1.4666,0.19083,25.747,24.085,1.6065,0,77.531,0,0,1,93,93,1,93.0,144590.0
156.2,75,100,90,0.0,40.648,26.002,4.0359,0,0.9,0,0.0006625,11.654,25.904,77836,86313.0,6.4896,297.96,29.709,1.6823,10.0,,23,,1.494,0.19062,,,1.6067,0,,0,0,1,93,93,1,93.0,145420.0
156.4,75,100,90,0.0,45.347,11.769,0.40359,0,0.9,0,0.0006637,11.674,25.938,77858,86345.0,6.4841,297.92,14.799,1.6826,10.0,,23,,1.4873,0.19067,,,1.6069,0,,0,0,1,93,93,1,93.0,145080.0
156.6,75,100,90,0.0,52.223,3.5307,29.105,0,0.9,0,0.00068984,11.692,25.973,77882,86378.0,6.4857,297.96,27.965,1.6828,10.0,,23,,1.4635,0.19085,,,1.6071,0,,0,0,1,93,93,1,93.0,145910.0
156.8,75,100,90,0.0,58.433,13.063,2.9105,0,0.9,0,0.00071323,11.7,26.007,77906,86413.0,6.4893,297.92,14.701,1.6831,10.0,,23,,1.4519,0.19094,,,1.6074,0,,0,0,1,93,93,1,93.0,145910.0
157.0,75,100,90,0.0,63.242,3.919,48.0,0,0.9,0,0.00075207,11.686,26.043,77932,86448.0,6.4983,298.0,44.941,1.6834,10.0,,23,,1.448,0.19097,,,1.6077,0,,0,0,1,93,93,1,93.0,145910.0
157.2,75,100,90,0.0,64.444,29.126,4.8,0,0.9,0,0.00074013,11.703,26.078,77958,86484.0,6.5047,297.96,28.513,1.6836,10.0,,23,,1.4389,0.19104,,,1.6079,0,,0,0,1,93,93,1,93.0,145240.0
157.4,75,100,90,0.0,63.083,13.514,0.48,0,0.9,0,0.00071252,11.716,26.112,77983,86519.0,6.5088,297.92,12.278,1.6839,10.0,,23,,1.4357,0.19106,,,1.6082,0,,0,0,1,93,93,1,93.0,145410.0
157.6,75,100,90,0.0,60.097,4.0541,32.347,0,0.9,0,0.00073944,11.679,26.147,78008,86553.0,6.5129,297.96,28.332,1.6842,10.0,,23,,1.4443,0.19099,,,1.6084,0,,0,0,1,93,93,1,93.0,145910.0
157.8,75,100,90,0.0,55.453,15.998,3.2347,0,0.9,0,0.0007664,11.635,26.184,78032,86587.0,6.5113,297.93,16.487,1.6844,10.0,,23,,1.4539,0.19092,,,1.6087,0,,0,0,1,93,93,1,93.0,146910.0
158.0,75,100,90,0.0,51.471,4.7994,50.727,0,0.9,0,0.00077481,11.605,26.222,78055,86620.0,6.5069,298.02,50.638,1.6847,10.0,,23,,1.4643,0.19084,,,1.6089,0,,0,0,1,93,93,1,93.0,147260.0
158.2,75,100,90,0.0,49.229,33.705,5.0727,0,0.9,0,0.00075769,11.615,26.259,78078,86653.0,6.5007,297.98,37.142,1.685,10.0,,23,,1.4579,0.19089,,,1.6092,0,,0,0,1,93,93,1,93.0,146940.0
158.4,75,100,90,0.0,49.484,21.302,0.50727,0,0.9,0,0.00076842,11.596,26.296,78101,86685.0,6.4945,297.94,22.758,1.6852,10.0,,23,,1.4667,0.19082,,,1.6095,0,,0,0,1,93,93,1,93.0,146950.0
158.6,75,100,90,0.0,52.214,6.3906,35.01,0,0.9,0,0.00082028,11.564,26.335,78124,86718.0,6.491,298.0,43.109,1.6855,10.0,,23,,1.474,0.19077,,,1.6097,0,,0,0,1,93,93,1,93.0,147460.0
158.8,75,100,90,0.0,56.315,23.269,3.501,0,0.9,0,0.00078485,11.616,26.372,78148,86752.0,6.4936,297.96,30.571,1.6858,10.0,,23,,1.4508,0.19094,,,1.61,0,,0,0,1,93,93,1,93.0,146800.0
159.0,75,100,90,0.0,59.362,11.281,0.3501,0,0.9,0,0.00081707,11.596,26.41,78173,86787.0,6.4974,297.93,18.067,1.6861,10.0,,23,,1.4526,0.19093,,,1.6103,0,,0,0,1,93,93,1,93.0,148320.0
159.2,75,100,90,0.0,60.911,3.3844,26.615,0,0.9,0,0.00078299,11.635,26.446,78198,86821.0,6.504,297.96,29.83,1.6864,10.0,,23,,1.4312,0.19109,,,1.6105,0,,0,0,1,93,93,1,93.0,147660.0
159.4,75,100,90,0.0,59.804,11.859,2.6615,0,0.9,0,0.00082749,11.589,26.485,78223,86856.0,6.5063,297.94,19.46,1.6866,10.0,,23,,1.4414,0.19101,,,1.6108,0,,0,0,1,93,93,1,93.0,147010.0
159.6,75,100,90,0.0,57.822,3.5577,40.904,0,0.9,0,0.00079978,11.616,26.522,78248,86890.0,6.506,298.0,44.427,1.6869,10.0,,23,,1.4252,0.19113,,,1.6111,0,,0,0,1,93,93,1,93.0,147020.0
159.8,75,100,90,0.0,55.969,24.228,4.0904,0,0.9,0,0.00081921,11.577,26.56,78272,86924.0,6.5015,297.97,32.556,1.6872,10.0,,23,,1.444,0.19099,,,1.6113,0,,0,0,1,93,93,1,93.0,147870.0
160.0,75,100,90,0.0,55.915,12.909,0.40904,0,0.9,0,0.00088396,11.511,26.6,78296,86958.0,6.4959,297.94,21.086,1.6875,10.0,,23,,1.4747,0.19076,,,1.6116,0,,0,0,1,93,93,1,93.0,148060.0
160.2,75,100,80,0.0,58.092,3.8728,26.246,400,0.9,0,0.00068786,13.128,26.607,78398,87070.0,6.496,297.93,16.322,1.6877,10.0,,23,,1.016,0.1942,,,1.6118,0,,0,0,1,93,93,1,93.0,148920.0
160.4,75,100,80,0.0,60.177,1.1618,14.66,400,0.9,0,0.00066397,13.166,26.613,78501,87182.0,6.498,297.89,1.648,1.6879,10.0,,23,,0.96779,0.19456,,,1.612,0,,0,0,1,93,93,1,93.0,147780.0
160.6,75,100,80,0.0,61.486,0.34855,32.056,400,0.9,0,0.00069628,13.169,26.62,78604,87294.0,6.4992,297.89,2.8509,1.688,10.0,,23,,0.95607,0.19465,,,1.6121,0,,0,0,1,93,93,1,93.0,147820.0
160.8,75,100,80,0.0,62.328,0.10457,11.423,400,0.9,0,0.00072238,13.162,26.627,78708,87406.0,6.4989,297.85,1e-06,1.6882,10.0,,23,,0.95622,0.19465,,,1.6123,0,,0,0,1,93,93,1,93.0,149020.0
161.0,75,100,80,0.0,63.293,0.03137,45.604,400,0.9,0,0.00074698,13.142,26.635,78811,87519.0,6.4965,297.88,13.515,1.6884,10.0,,23,,0.97617,0.1945,,,1.6125,0,,0,0,1,93,93,1,93.0,147890.0
161.2,75,100,80,0.0,65.227,0.0094109,1.6492,400,0.9,0,0.00079054,13.122,26.645,78915,87633.0,6.496,297.81,1e-06,1.6886,10.0,,23,,0.98851,0.19441,,,1.6127,0,,0,0,1,93,93,1,93.0,147940.0
161.4,75,100,80,0.0,67.347,0.0028233,67.294,400,0.9,0,0.00081587,13.12,26.656,79020,87746.0,6.4937,297.9,33.096,1.6889,10.0,,23,,0.99424,0.19436,,,1.6129,0,,0,0,1,93,93,1,93.0,148820.0
161.6,75,100,80,0.0,70.386,0.00084698,0.0001,400,0.9,0,0.00084037,13.116,26.667,79125,87861.0,6.4921,297.83,5.3263,1.6891,10.0,,23,,1.006,0.19427,,,1.6132,0,,0,0,1,93,93,1,93.0,148540.0
161.8,75,100,80,0.0,74.057,0.0002541,78.492,400,0.9,0,0.00087427,13.12,26.679,79230,87976.0,6.4921,297.94,48.38,1.6894,10.0,,23,,1.0052,0.19428,,,1.6134,0,,0,0,1,93,93,1,93.0,149270.0
162.0,75,100,80,0.0,77.751,0.0001,0.0001,400,0.9,0,0.00092525,13.093,26.692,79337,88092.0,6.4932,297.87,20.466,1.6896,10.0,,23,,1.0254,0.19413,,,1.6137,0,,0,0,1,93,93,1,93.0,149330.0
162.2,75,100,80,0.0,80.989,0.0001,77.055,400,0.9,0,0.00093859,13.106,26.705,79444,88209.0,6.4938,297.97,62.005,1.6899,10.0,,23,,1.0271,0.19412,,,1.614,0,,0,0,1,93,93,1,93.0,149230.0
162.4,75,100,80,0.0,83.995,33.051,7.7055,400,0.9,0,0.00098028,13.092,26.719,79551,88326.0,6.4943,297.91,35.608,1.6903,10.0,,23,,1.0394,0.19402,,,1.6143,0,,0,0,1,93,93,1,93.0,149630.0
162.6,75,100,80,0.0,86.794,9.9154,99.84,400,0.9,0,0.00097716,13.113,26.733,79659,88444.0,6.4965,298.06,95.73,1.6906,10.0,,23,,1.0389,0.19403,,,1.6146,0,,0,0,1,93,93,1,93.0,148700.0
162.8,75,100,80,0.0,88.719,61.072,9.984,400,0.9,0,0.00099851,13.117,26.748,79768,88562.0,6.4968,297.99,67.16,1.6909,10.0,,23,,1.0406,0.19401,,,1.6149,0,,0,0,1,93,93,1,93.0,149600.0
163.0,75,100,80,0.0,90.535,36.533,0.9984,400,0.9,0,0.0010016,13.127,26.762,79877,88681.0,6.4941,297.9,34.439,1.6912,10.0,,23,,1.0437,0.19399,,,1.6152,0,,0,0,1,93,93,1,93.0,149510.0
163.2,75,100,80,0.0,93.43,10.96,62.896,400,0.9,0,0.0010265,13.126,26.777,79986,88800.0,6.491,297.97,61.154,1.6916,10.0,,23,,1.05,0.19394,,,1.6156,0,,0,0,1,93,93,1,93.0,149080.0
163.4,75,100,80,0.0,97.555,31.933,6.2896,400,0.9,0,0.0010298,13.146,26.792,80096,88920.0,6.487,297.9,32.875,1.6919,10.0,,23,,1.0488,0.19395,,,1.6159,0,,0,0,1,93,93,1,93.0,149480.0
163.6,75,100,80,0.0,103.27,9.58,91.562,400,0.9,0,0.0010291,13.176,26.807,80208,89042.0,6.4841,298.04,85.534,1.6923,10.0,,23,,1.0464,0.19397,,,1.6162,0,,0,0,1,93,93,1,93.0,149050.0
163.8,75,100,80,0.0,110.15,53.471,9.1562,400,0.9,0,0.0010049,13.216,26.82,80320,89164.0,6.4874,297.96,56.238,1.6926,10.0,,23,,1.0472,0.19396,,,1.6165,0,,0,0,1,93,93,1,93.0,149790.0
164.0,75,100,80,0.0,115.67,27.594,0.91562,400,0.9,0,0.001031,13.239,26.834,80434,89288.0,6.4917,297.88,24.012,1.6929,10.0,,23,,1.0362,0.19404,,,1.6168,0,,0,0,1,93,93,1,93.0,149850.0
164.2,75,100,80,0.0,119.51,8.2781,58.377,400,0.9,0,0.00099996,13.283,26.847,80549,89412.0,6.4945,297.94,47.121,1.6932,10.0,,23,,1.0256,0.19412,,,1.6171,0,,0,0,1,93,93,1,93.0,149910.0
164.4,75,100,80,0.0,122.24,2.4834,0.0001,400,0.9,0,0.0010059,13.304,26.859,80664,89537.0,6.4975,297.86,18.442,1.6936,10.0,,23,,1.0178,0.19418,,,1.6174,0,,0,0,1,93,93,1,93.0,150480.0
164.6,75,100,80,0.0,123.75,0.74503,67.206,400,0.9,0,0.0010074,13.318,26.872,80779,89662.0,6.5007,297.95,50.725,1.6939,10.0,,23,,1.0222,0.19414,,,1.6177,0,,0,0,1,93,93,1,93.0,149040.0
164.8,75,100,80,0.0,123.99,0.22351,0.0001,400,0.9,0,0.0010064,13.335,26.884,80895,89788.0,6.4994,297.87,22.423,1.6942,10.0,,23,,1.0161,0.19419,,,1.618,0,,0,0,1,93,93,1,93.0,149770.0
165.0,75,100,80,0.0,124.76,0.067053,68.387,400,0.9,0,0.00097248,13.367,26.896,81011,89913.0,6.5004,297.96,55.826,1.6945,10.0,,23,,1.0141,0.1942,,,1.6183,0,,0,0,1,93,93,1,93.0,150650.0
165.2,75,100,80,0.0,125.1,25.429,6.8387,400,0.9,0,0.00097191,13.386,26.907,81126,90038.0,6.5018,297.88,27.282,1.6947,10.0,,23,,1.0096,0.19424,,,1.6186,0,,0,0,1,93,93,1,93.0,149710.0
165.4,75,100,80,0.0,124.91,7.6286,91.861,400,0.9,0,0.0009409,13.42,26.918,81242,90163.0,6.5035,298.02,79.644,1.695,10.0,,23,,1.0023,0.19429,,,1.6188,0,,0,0,1,93,93,1,93.0,150260.0
165.6,75,100,80,0.0,124.01,50.135,9.1861,400,0.9,0,0.00094419,13.416,26.928,81357,90288.0,6.5096,297.93,46.344,1.6952,10.0,,23,,1.0131,0.19421,,,1.619,0,,0,0,1,93,93,1,93.0,149480.0
165.8,75,100,80,0.0,120.69,15.041,122.44,400,0.9,0,0.00094339,13.422,26.939,81472,90412.0,6.5129,298.13,124.02,1.6955,10.0,,23,,1.0086,0.19424,,,1.6193,0,,0,0,1,93,93,1,93.0,150030.0
166.0,75,100,80,0.0,116.06,81.649,12.244,400,0.9,0,0.00092587,13.432,26.95,81586,90536.0,6.5152,298.03,85.862,1.6957,10.0,,23,,1.0056,0.19426,,,1.6195,0,,0,0,1,93,93,1,93.0,149080.0
166.2,75,100,80,0.0,110.5,51.544,1.2244,400,0.9,0,0.00092725,13.431,26.962,81698,90658.0,6.511,297.93,45.353,1.6959,10.0,,23,,1.0056,0.19426,,,1.6197,0,,0,0,1,93,93,1,93.0,150140.0
166.4,75,100,80,0.0,106.65,15.463,71.815,400,0.9,0,0.00093811,13.427,26.973,81810,90779.0,6.5038,298.01,77.74,1.6962,10.0,,23,,1.0081,0.19424,,,1.6199,0,,0,0,1,93,93,1,93.0,150360.0
166.6,75,100,80,0.0,105.68,42.101,7.1815,400,0.9,0,0.00093518,13.441,26.984,81922,90900.0,6.4922,297.93,45.39,1.6964,10.0,,23,,1.0089,0.19424,,,1.6202,0,,0,0,1,93,93,1,93.0,150920.0
166.8,75,100,80,0.0,109.34,12.63,100.96,400,0.9,0,0.000923,13.469,26.995,82034,91022.0,6.4841,298.08,104.35,1.6966,10.0,,23,,1.0054,0.19426,,,1.6204,0,,0,0,1,93,93,1,93.0,150130.0
167.0,75,100,80,0.0,116.2,62.302,10.096,400,0.9,0,0.00089739,13.514,27.005,82148,91145.0,6.4792,297.99,69.156,1.6968,10.0,,23,,0.99829,0.19432,,,1.6205,0,,0,0,1,93,93,1,93.0,150020.0
167.2,75,100,80,0.0,125.03,33.475,1.0096,400,0.9,0,0.00090435,13.544,27.015,82264,91270.0,6.4799,297.9,32.658,1.697,10.0,,23,,0.99659,0.19433,,,1.6207,0,,0,0,1,93,93,1,93.0,150230.0
167.4,75,100,80,0.0,133.59,10.042,58.873,400,0.9,0,0.0008797,13.605,27.023,82381,91397.0,6.4823,297.96,54.448,1.6972,10.0,,23,,0.98015,0.19445,,,1.6209,0,,0,0,1,93,93,1,93.0,150600.0
167.6,75,100,80,0.0,141.19,25.978,5.8873,400,0.9,0,0.00089817,13.622,27.031,82500,91525.0,6.4853,297.88,23.964,1.6973,10.0,,23,,0.97943,0.19446,,,1.6211,0,,0,0,1,93,93,1,93.0,150640.0
167.8,75,100,80,0.0,147.57,7.7935,87.173,400,0.9,0,0.00089154,13.654,27.039,82620,91654.0,6.4925,298.0,71.69,1.6975,10.0,,23,,0.97892,0.19446,,,1.6212,0,,0,0,1,93,93,1,93.0,149510.0
168.0,75,100,80,0.0,151.08,45.282,8.7173,400,0.9,0,0.00089453,13.656,27.046,82740,91784.0,6.4938,297.92,38.693,1.6977,10.0,1663.9,23,1757.1,0.99796,0.19432,27.015,23.269,1.6214,0,74.187,0,0,1,93,93,1,93.0,151550.0
168.2,75,100,80,0.0,154.1,13.584,117.16,400,0.9,0,0.00093206,13.647,27.054,82862,91914.0,6.4985,298.1,111.5,1.6979,10.0,,23,,1.0125,0.19421,,,1.6216,0,,0,0,1,93,93,1,93.0,150080.0
168.4,75,100,80,0.0,155.21,74.129,11.716,400,0.9,0,0.00092451,13.661,27.062,82983,92045.0,6.5021,298.0,73.615,1.6981,10.0,,23,,1.0181,0.19417,,,1.6218,0,,0,0,1,93,93,1,93.0,150450.0
168.6,75,100,80,0.0,154.91,43.662,1.1716,400,0.9,0,0.00092882,13.683,27.069,83105,92176.0,6.5023,297.91,34.838,1.6982,10.0,,23,,1.0052,0.19426,,,1.6219,0,,0,0,1,93,93,1,93.0,150160.0
168.8,75,100,80,0.0,154.54,13.099,67.812,400,0.9,0,0.00089576,13.725,27.076,83226,92306.0,6.5034,297.98,63.712,1.6984,10.0,,23,,0.9901,0.19437,,,1.6221,0,,0,0,1,93,93,1,93.0,150860.0
169.0,75,100,80,0.0,153.7,35.222,6.7812,400,0.9,0,0.00091534,13.715,27.084,83347,92437.0,6.5044,297.9,32.237,1.6985,10.0,,23,,0.99971,0.1943,,,1.6222,0,,0,0,1,93,93,1,93.0,151390.0
169.2,75,100,80,0.0,152.46,10.567,96.905,400,0.9,0,0.00093459,13.715,27.092,83468,92567.0,6.501,298.04,87.672,1.6987,10.0,,23,,1.0006,0.1943,,,1.6224,0,,0,0,1,93,93,1,93.0,150600.0
169.4,75,100,80,0.0,152.6,55.093,9.6905,400,0.9,0,0.00090357,13.733,27.099,83589,92697.0,6.5063,297.95,52.505,1.6989,10.0,,23,,1.0139,0.1942,,,1.6225,0,,0,0,1,93,93,1,93.0,149970.0
169.6,75,100,80,0.0,150.58,25.267,0.96905,400,0.9,0,0.00087526,13.763,27.106,83710,92827.0,6.5161,297.86,17.659,1.699,10.0,,23,,1.0042,0.19427,,,1.6227,0,,0,0,1,93,93,1,93.0,150670.0
169.8,75,100,80,0.0,144.63,7.5802,56.611,400,0.9,0,0.00088596,13.755,27.113,83829,92955.0,6.5207,297.91,37.872,1.6991,10.0,,23,,1.0043,0.19427,,,1.6228,0,,0,0,1,93,93,1,93.0,149870.0
170.0,75,100,80,0.0,136.88,2.2741,0.0001,400,0.9,0,0.00086696,13.763,27.12,83947,93082.0,6.5211,297.84,8.3606,1.6992,10.0,,23,,0.99837,0.19431,,,1.6229,0,,0,0,1,93,93,1,93.0,151070.0
170.2,75,100,80,0.0,128.96,0.68222,68.618,150,0.9,-4000,0.00090936,12.918,27.144,83317,92357.0,6.5434,297.93,43.443,1.6902,10.0,,23,,1.2545,0.19241,,,1.6142,0,,0,0,1,93,93,1,93.0,152020.0
170.4,75,100,80,0.0,112.05,0.20466,0.0001,150,0.9,-4000,0.00093372,12.834,27.17,82685,91629.0,6.5603,297.86,16.804,1.6769,10.0,,23,,1.3094,0.19202,,,1.6014,0,,0,0,1,93,93,1,93.0,151470.0
170.6,75,100,80,0.51883,56.023,0.061399,69.796,150,0.9,-4000,0.00097046,12.618,27.2,82041,90890.0,6.5544,297.96,54.706,1.6632,10.0,,23,,1.379,0.19153,,,1.5883,0,,0,0,1,93,93,1,93.0,150950.0
170.8,75,100,80,1.0404,28.012,28.393,6.9796,150,0.9,-4000,0.0010001,12.512,27.233,81392,90145.0,6.538,297.89,29.904,1.6495,10.0,,23,,1.4048,0.19136,,,1.5752,0,,0,0,1,93,93,1,93.0,151940.0
171.0,75,100,80,0.0,13.363,8.5179,92.494,150,0.9,-4000,0.0010226,12.461,27.268,80739,89398.0,6.5167,298.05,90.117,1.6359,10.0,,23,,1.3974,0.19144,,,1.5621,0,,0,0,1,93,93,1,93.0,150940.0
171.2,75,100,80,0.0,7.2286,58.325,9.2494,150,0.9,-4000,0.00099594,12.478,27.301,80086,88649.0,6.4951,297.97,59.143,1.6223,10.0,,23,,1.3602,0.19175,,,1.549,0,,0,0,1,93,93,1,93.0,151440.0
171.4,75,100,80,0.0,9.6992,31.339,0.92494,150,0.9,-4000,0.0010127,12.482,27.335,79433,87900.0,6.4756,297.89,29.7,1.6086,10.0,,23,,1.3372,0.19195,,,1.5359,0,,0,0,1,93,93,1,93.0,152260.0
171.6,75,100,80,0.0,19.967,9.4016,56.042,150,0.9,-4000,0.0010843,12.482,27.37,78782,87154.0,6.4606,297.96,57.195,1.595,10.0,,23,,1.3138,0.19215,,,1.5229,0,,0,0,1,93,93,1,93.0,151260.0
171.8,75,100,80,0.0,36.231,30.853,5.6042,150,0.9,-4000,0.001115,12.52,27.404,78135,86411.0,6.4523,297.9,31.655,1.5814,10.0,,23,,1.2852,0.19239,,,1.5098,0,,0,0,1,93,93,1,93.0,153090.0
172.0,75,100,80,0.0,55.817,9.256,90.022,150,0.9,-4000,0.0011276,12.586,27.437,77492,85673.0,6.4515,298.04,86.663,1.5679,10.0,,23,,1.2464,0.19271,,,1.4968,0,,0,0,1,93,93,1,93.0,152420.0
172.2,75,100,80,0.0,75.727,56.601,9.0022,150,0.9,0,0.0011017,12.675,27.468,77548,85738.0,6.4336,297.95,51.372,1.5637,10.0,,23,,1.2078,0.19301,,,1.4928,0,,0,0,1,93,93,1,93.0,152230.0
172.4,75,100,80,0.0,102.85,16.98,132.07,150,0.9,0,0.0011401,12.755,27.497,77609,85808.0,6.4285,298.18,138.74,1.5636,10.0,,23,,1.1765,0.19324,,,1.4928,0,,0,0,1,93,93,1,93.0,152040.0
172.6,75,100,80,0.0,131.95,96.566,13.207,150,0.9,0,0.0011263,12.87,27.524,77677,85884.0,6.4348,298.06,92.996,1.5638,10.0,,23,,1.1344,0.19356,,,1.4929,0,,0,0,1,93,93,1,93.0,152500.0
172.8,75,100,80,0.0,158.51,59.386,1.3207,150,0.9,0,0.0011263,12.974,27.549,77749,85966.0,6.4443,297.94,47.639,1.564,10.0,,23,,1.0933,0.19387,,,1.4931,0,,0,0,1,93,93,1,93.0,152620.0
173.0,75,100,80,0.0,181.31,17.816,77.408,150,0.9,0,0.001109,13.058,27.572,77826,86052.0,6.459,298.04,85.182,1.5642,10.0,,23,,1.0719,0.19403,,,1.4933,0,,0,0,1,93,93,1,93.0,153230.0
173.2,75,100,80,0.0,198.23,51.057,7.7408,150,0.9,0,0.0011125,13.117,27.594,77907,86141.0,6.4796,297.94,47.727,1.5644,10.0,,23,,1.0519,0.19418,,,1.4935,0,,0,0,1,93,93,1,93.0,153670.0
173.4,75,100,80,0.0,206.89,15.317,118.33,150,0.9,0,0.0011613,13.119,27.617,77989,86233.0,6.5002,298.14,122.75,1.5646,10.0,,23,,1.0549,0.19415,,,1.4937,0,,0,0,1,93,93,1,93.0,153110.0
173.6,75,100,80,0.0,207.32,82.838,11.833,150,0.9,0,0.001134,13.137,27.639,78072,86324.0,6.5184,298.02,76.679,1.5648,10.0,,23,,1.0539,0.19416,,,1.4939,0,,0,0,1,93,93,1,93.0,153050.0
173.8,75,100,80,0.0,200.48,44.2,1.1833,150,0.9,0,0.0011574,13.108,27.662,78153,86414.0,6.5366,297.91,35.608,1.565,10.0,,23,,1.0605,0.19411,,,1.4941,0,,0,0,1,93,93,1,93.0,153660.0
174.0,75,100,80,0.0,186.35,13.26,64.877,150,0.9,0,0.0011721,13.059,27.686,78231,86501.0,6.549,297.98,63.567,1.5652,10.0,,23,,1.077,0.19399,,,1.4943,0,,0,0,1,93,93,1,93.0,154440.0
174.2,75,100,80,0.0,167.31,36.252,6.4877,150,0.9,0,0.001137,13.02,27.711,78305,86584.0,6.5606,297.89,30.158,1.5654,10.0,,23,,1.0886,0.1939,,,1.4945,0,,0,0,1,93,93,1,93.0,153720.0
174.4,75,100,80,0.51902,83.655,10.876,102.92,150,0.9,0,0.0011222,12.744,27.741,78363,86651.0,6.5481,298.06,93.271,1.5656,10.0,,23,,1.1809,0.19321,,,1.4947,0,,0,0,1,93,93,1,93.0,153870.0
174.6,75,100,80,0.0,65.003,65.322,10.292,150,0.9,0,0.0011103,12.688,27.773,78417,86714.0,6.5272,297.95,53.39,1.5658,10.0,,23,,1.2051,0.19303,,,1.4948,0,,0,0,1,93,93,1,93.0,154520.0
174.8,75,100,80,0.0,54.665,29.827,1.0292,150,0.9,0,0.0010842,12.679,27.804,78469,86775.0,6.5029,297.87,19.848,1.5659,10.0,,23,,1.2017,0.19305,,,1.495,0,,0,0,1,93,93,1,93.0,154500.0
175.0,75,100,80,0.0,54.054,8.9482,56.936,150,0.9,0,0.0010953,12.673,27.836,78520,86835.0,6.4771,297.93,44.544,1.5661,10.0,,23,,1.2027,0.19304,,,1.4952,0,,0,0,1,93,93,1,93.0,153320.0
175.2,75,100,80,0.0,63.751,2.6845,0.0001,150,0.9,0,0.0010889,12.724,27.866,78574,86898.0,6.4558,297.86,18.954,1.5663,10.0,,23,,1.1777,0.19323,,,1.4953,0,,0,0,1,93,93,1,93.0,153960.0
175.4,75,100,80,0.0,81.937,0.80534,66.709,150,0.9,0,0.0011143,12.788,27.896,78631,86964.0,6.4445,297.95,53.214,1.5665,10.0,,23,,1.1449,0.19348,,,1.4955,0,,0,0,1,93,93,1,93.0,153940.0
175.6,75,100,80,0.0,104.64,27.452,6.6709,150,0.9,0,0.0010931,12.879,27.924,78693,87035.0,6.443,297.88,23.872,1.5666,10.0,,23,,1.1156,0.1937,,,1.4957,0,,0,0,1,93,93,1,93.0,154570.0
175.8,75,100,80,0.0,127.91,8.2357,98.11,150,0.9,0,0.0011259,12.96,27.95,78759,87110.0,6.4464,298.03,83.646,1.5668,10.0,,23,,1.0747,0.194,,,1.4958,0,,0,0,1,93,93,1,93.0,155370.0
176.0,75,100,80,0.0,149.86,58.644,9.811,150,0.9,0,0.0011306,13.034,27.975,78830,87190.0,6.4578,297.93,45.884,1.567,10.0,,23,,1.054,0.19416,,,1.496,0,,0,0,1,93,93,1,93.0,155480.0
176.2,75,100,80,0.0,167.25,17.593,141.09,150,0.9,0,0.0011292,13.092,27.998,78904,87273.0,6.4664,298.18,140.48,1.5672,10.0,,23,,1.0439,0.19423,,,1.4962,0,,0,0,1,93,93,1,93.0,154590.0
176.4,75,100,80,0.0,181.22,101.93,14.109,150,0.9,0,0.0011381,13.138,28.02,78981,87359.0,6.4777,298.05,90.548,1.5674,10.0,,23,,1.0296,0.19434,,,1.4964,0,,0,0,1,93,93,1,93.0,155700.0
176.6,75,100,80,0.0,190.64,61.581,1.4109,150,0.9,0,0.0011498,13.157,28.042,79060,87447.0,6.4875,297.93,44.061,1.5675,10.0,,23,,1.0314,0.19432,,,1.4965,0,,0,0,1,93,93,1,93.0,156130.0
176.8,75,100,80,0.0,196.17,18.474,79.372,150,0.9,0,0.0011225,13.191,28.063,79140,87536.0,6.499,298.03,83.12,1.5677,10.0,,23,,1.024,0.19438,,,1.4967,0,,0,0,1,93,93,1,93.0,156400.0
177.0,75,100,80,0.0,197.08,52.19,7.9372,150,0.9,0,0.0011129,13.207,28.083,79221,87625.0,6.5129,297.94,46.72,1.5679,10.0,,23,,1.0148,0.19445,,,1.4969,0,,0,0,1,93,93,1,93.0,154660.0
177.2,75,100,80,0.0,192.41,15.657,119.09,150,0.9,0,0.0011687,13.175,28.105,79300,87713.0,6.5227,298.14,122.46,1.5681,10.0,,23,,1.0139,0.19445,,,1.497,0,,0,0,1,93,93,1,93.0,154930.0
177.4,75,100,80,0.0,183.86,82.56,11.909,150,0.9,0,0.0011186,13.174,28.127,79377,87799.0,6.5264,298.03,80.457,1.5682,10.0,,23,,1.0184,0.19442,,,1.4972,0,,0,0,1,93,93,1,93.0,155530.0
177.6,75,100,80,0.0,173.86,48.193,1.1909,150,0.9,0,0.0011112,13.16,28.149,79453,87884.0,6.5256,297.92,39.632,1.5684,10.0,,23,,1.0162,0.19444,,,1.4974,0,,0,0,1,93,93,1,93.0,155140.0
177.8,75,100,80,0.0,164.13,14.458,68.953,150,0.9,0,0.0010965,13.155,28.171,79527,87966.0,6.5278,298.0,71.205,1.5686,10.0,,23,,1.0097,0.19448,,,1.4975,0,,0,0,1,93,93,1,93.0,156240.0
178.0,75,100,80,0.0,153.51,40.709,6.8953,150,0.9,0,0.0010988,13.131,28.193,79598,88046.0,6.5273,297.92,38.666,1.5687,10.0,,23,,1.0096,0.19449,,,1.4976,0,,0,0,1,93,93,1,93.0,156510.0
178.2,75,100,80,0.0,143.12,12.213,103.56,150,0.9,0,0.0011264,13.088,28.217,79667,88125.0,6.5242,298.08,101.77,1.5689,10.0,,23,,1.0242,0.19438,,,1.4978,0,,0,0,1,93,93,1,93.0,156130.0
178.4,75,100,80,0.0,133.97,66.557,10.356,150,0.9,0,0.0011252,13.049,28.241,79735,88201.0,6.5219,297.98,62.232,1.569,10.0,,23,,1.0481,0.1942,,,1.4979,0,,0,0,1,93,93,1,93.0,157080.0
178.6,75,100,80,0.0,125.75,32.787,1.0356,150,0.9,0,0.0011466,13.028,28.266,79801,88276.0,6.5203,297.88,26.215,1.5692,10.0,,23,,1.051,0.19417,,,1.4981,0,,0,0,1,93,93,1,93.0,156030.0
178.8,75,100,80,0.0,118.16,9.836,58.317,150,0.9,0,0.0011261,13.004,28.291,79865,88349.0,6.5151,297.95,49.584,1.5693,10.0,,23,,1.0692,0.19404,,,1.4982,0,,0,0,1,93,93,1,93.0,156140.0
179.0,75,100,80,0.0,112.64,2.9508,0.0001,150,0.9,0,0.0011467,12.966,28.316,79929,88421.0,6.5113,297.87,22.613,1.5695,10.0,,23,,1.0935,0.19386,,,1.4984,0,,0,0,1,93,93,1,93.0,157270.0
179.2,75,100,80,0.0,108.63,0.88524,64.235,150,0.9,0,0.0012011,12.934,28.343,79991,88493.0,6.5068,297.96,54.289,1.5697,10.0,,23,,1.1045,0.19377,,,1.4986,0,,0,0,1,93,93,1,93.0,157060.0
179.4,75,100,80,0.0,106.44,25.132,6.4235,150,0.9,0,0.0011704,12.94,28.368,80053,88564.0,6.5034,297.88,25.148,1.5699,10.0,,23,,1.1095,0.19373,,,1.4987,0,,0,0,1,93,93,1,93.0,157510.0
179.6,75,100,80,0.0,105.6,7.5396,92.118,150,0.9,0,0.0011403,12.95,28.394,80115,88634.0,6.5034,298.02,79.377,1.57,10.0,,23,,1.1141,0.1937,,,1.4989,0,,0,0,1,93,93,1,93.0,155970.0
179.8,75,100,80,0.0,104.74,52.23,9.2118,150,0.9,0,0.0011116,12.981,28.418,80177,88705.0,6.5058,297.93,43.743,1.5702,10.0,,23,,1.0959,0.19384,,,1.499,0,,0,0,1,93,93,1,93.0,157250.0
180.0,75,100,80,0.0,102.93,15.669,129.17,150,0.9,0,0.0011197,12.969,28.442,80238,88775.0,6.5048,298.15,128.18,1.5703,10.0,1813.5,23,1814.7,1.1029,0.19378,28.343,22.454,1.4992,0,71.898,0,0,1,93,93,1,93.0,157360.0
180.2,75,100,80,0.0,101.55,89.236,12.917,150,0.9,0,0.001129,12.966,28.466,80299,88845.0,6.5055,298.03,81.038,1.5705,10.0,,23,,1.1036,0.19378,,,1.4993,0,,0,0,1,93,93,1,93.0,156980.0
180.4,75,100,80,0.0,99.857,51.05,1.2917,150,0.9,0,0.0011295,12.974,28.49,80360,88914.0,6.508,297.92,38.336,1.5706,10.0,,23,,1.0936,0.19385,,,1.4995,0,,0,0,1,93,93,1,93.0,156430.0
180.6,75,100,80,0.0,97.183,15.315,70.445,150,0.9,0,0.0011266,12.964,28.515,80420,88983.0,6.5093,298.0,70.504,1.5707,10.0,,23,,1.1021,0.19379,,,1.4996,0,,0,0,1,93,93,1,93.0,158040.0
180.8,75,100,80,0.0,93.993,41.696,7.0445,150,0.9,0,0.0011261,12.977,28.54,80479,89051.0,6.5084,297.91,36.409,1.5709,10.0,,23,,1.0832,0.19393,,,1.4997,0,,0,0,1,93,93,1,93.0,158160.0
181.0,75,100,80,0.0,91.164,12.509,106.67,150,0.9,0,0.0011575,12.958,28.565,80538,89119.0,6.507,298.08,102.19,1.571,10.0,,23,,1.0843,0.19392,,,1.4999,0,,0,0,1,93,93,1,93.0,157620.0
181.2,75,100,80,0.0,88.875,68.434,10.667,150,0.9,0,0.001151,12.973,28.591,80597,89186.0,6.5058,297.98,62.847,1.5712,10.0,,23,,1.0682,0.19404,,,1.5,0,,0,0,1,93,93,1,93.0,157570.0
181.4,75,100,80,0.0,87.075,35.183,1.0667,150,0.9,0,0.001118,12.992,28.616,80655,89253.0,6.5057,297.89,26.491,1.5713,10.0,,23,,1.0568,0.19413,,,1.5001,0,,0,0,1,93,93,1,93.0,158020.0
181.6,75,100,80,0.0,85.327,10.555,60.756,150,0.9,0,0.0011619,12.968,28.641,80712,89320.0,6.5063,297.95,51.778,1.5714,10.0,,23,,1.0656,0.19406,,,1.5003,0,,0,0,1,93,93,1,93.0,157480.0
181.8,75,100,80,0.0,83.305,29.451,6.0756,150,0.9,0,0.0011994,12.939,28.668,80770,89386.0,6.5072,297.87,21.254,1.5716,10.0,,23,,1.08,0.19395,,,1.5004,0,,0,0,1,93,93,1,93.0,157940.0
182.0,75,100,80,0.0,80.945,8.8354,94.827,150,0.9,0,0.0011791,12.925,28.694,80827,89452.0,6.5033,298.02,77.42,1.5718,10.0,,23,,1.1029,0.19378,,,1.5006,0,,0,0,1,93,93,1,93.0,158730.0
182.2,75,100,80,0.0,80.155,54.486,9.4827,150,0.9,0,0.0011011,12.964,28.718,80883,89517.0,6.4993,297.92,40.795,1.5719,10.0,,23,,1.0929,0.19385,,,1.5007,0,,0,0,1,93,93,1,93.0,159340.0
182.4,75,100,80,0.0,80.976,16.346,134.3,150,0.9,0,0.001058,13.009,28.742,80940,89583.0,6.4972,298.15,129.52,1.572,10.0,,23,,1.0686,0.19404,,,1.5008,0,,0,0,1,93,93,1,93.0,159620.0
182.6,75,100,80,0.0,82.604,92.783,13.43,150,0.9,0,0.0010894,13.007,28.765,80997,89649.0,6.492,298.03,83.614,1.5721,10.0,,23,,1.0633,0.19408,,,1.5009,0,,0,0,1,93,93,1,93.0,159070.0
182.8,75,100,80,0.0,86.332,56.071,1.343,150,0.9,0,0.0011206,13.001,28.79,81055,89715.0,6.4908,297.92,39.313,1.5722,10.0,,23,,1.0646,0.19407,,,1.501,0,,0,0,1,93,93,1,93.0,158520.0
183.0,75,100,80,0.0,90.516,16.821,76.864,150,0.9,0,0.0011451,12.994,28.814,81114,89783.0,6.4903,298.01,76.511,1.5723,10.0,,23,,1.0738,0.194,,,1.5011,0,,0,0,1,93,93,1,93.0,158970.0
183.2,75,100,80,0.0,94.928,47.536,7.6864,150,0.9,0,0.0011452,13.011,28.839,81173,89851.0,6.492,297.92,40.355,1.5725,10.0,,23,,1.0692,0.19403,,,1.5012,0,,0,0,1,93,93,1,93.0,159920.0
183.4,75,100,80,0.0,98.658,14.261,114.77,150,0.9,0,0.0011348,13.03,28.863,81234,89920.0,6.4977,298.11,112.06,1.5726,10.0,,23,,1.0643,0.19407,,,1.5014,0,,0,0,1,93,93,1,93.0,159030.0
183.6,75,100,80,0.0,100.07,75.338,11.477,150,0.9,0,0.0011599,13.043,28.887,81294,89990.0,6.5043,298.0,69.043,1.5727,10.0,,23,,1.0461,0.1942,,,1.5015,0,,0,0,1,93,93,1,93.0,159140.0
183.8,75,100,80,0.0,98.857,39.964,1.1477,150,0.9,0,0.0012316,12.996,28.912,81355,90059.0,6.5079,297.89,29.15,1.5729,10.0,,23,,1.0634,0.19407,,,1.5016,0,,0,0,1,93,93,1,93.0,159270.0
184.0,75,100,80,0.0,96.236,11.989,64.346,150,0.9,0,0.0012145,12.996,28.937,81415,90128.0,6.5112,297.96,56.366,1.573,10.0,,23,,1.0689,0.19403,,,1.5018,0,,0,0,1,93,93,1,93.0,158890.0
184.2,75,100,80,0.0,92.281,32.736,6.4346,150,0.9,0,0.0012294,12.983,28.963,81474,90196.0,6.5132,297.88,24.211,1.5732,10.0,,23,,1.0708,0.19402,,,1.502,0,,0,0,1,93,93,1,93.0,160340.0
184.4,75,100,80,0.0,87.53,9.8208,98.534,150,0.9,0,0.0012665,12.951,28.99,81532,90263.0,6.5135,298.03,83.382,1.5734,10.0,,23,,1.0846,0.19391,,,1.5022,0,,0,0,1,93,93,1,93.0,160470.0
184.6,75,100,80,0.0,82.657,58.02,9.8534,150,0.9,0,0.0012441,12.948,29.016,81589,90329.0,6.5099,297.94,45.802,1.5736,10.0,,23,,1.0868,0.1939,,,1.5023,0,,0,0,1,93,93,1,93.0,159760.0
184.8,75,100,80,0.0,79.246,17.406,137.25,150,0.9,0,0.0012317,12.94,29.042,81645,90395.0,6.5034,298.17,137.2,1.5738,10.0,,23,,1.0939,0.19384,,,1.5025,0,,0,0,1,93,93,1,93.0,159720.0
185.0,75,100,80,0.0,78.431,96.007,13.725,150,0.9,0,0.001234,12.926,29.068,81702,90460.0,6.498,298.05,90.638,1.5739,10.0,,23,,1.1061,0.19375,,,1.5027,0,,0,0,1,93,93,1,93.0,160510.0
185.2,75,100,80,0.0,79.765,59.721,1.3725,150,0.9,0,0.0012147,12.952,29.094,81758,90526.0,6.4951,297.94,45.592,1.5741,10.0,,23,,1.0934,0.19385,,,1.5028,0,,0,0,1,93,93,1,93.0,161130.0
185.4,75,100,80,0.0,82.252,17.916,77.308,150,0.9,0,0.0011853,12.976,29.119,81815,90592.0,6.4938,298.03,82.532,1.5743,10.0,,23,,1.09,0.19387,,,1.503,0,,0,0,1,93,93,1,93.0,160250.0
185.6,75,100,80,0.0,85.232,48.745,7.7308,150,0.9,0,0.0012217,12.957,29.144,81873,90658.0,6.494,297.94,46.571,1.5744,10.0,,23,,1.1048,0.19376,,,1.5031,0,,0,0,1,93,93,1,93.0,160700.0
185.8,75,100,80,0.0,88.143,14.624,111.93,150,0.9,0,0.0012395,12.94,29.169,81931,90725.0,6.4959,298.11,115.68,1.5746,10.0,,23,,1.1265,0.1936,,,1.5033,0,,0,0,1,93,93,1,93.0,159990.0
186.0,75,100,80,0.0,90.313,73.485,11.193,150,0.9,0,0.001217,12.949,29.194,81989,90793.0,6.4986,298.01,74.576,1.5748,10.0,,23,,1.1344,0.19354,,,1.5035,0,,0,0,1,93,93,1,93.0,160940.0
186.2,75,100,80,0.0,91.39,40.48,1.1193,150,0.9,0,0.0011994,12.962,29.218,82048,90861.0,6.5016,297.91,35.897,1.5749,10.0,,23,,1.1355,0.19353,,,1.5036,0,,0,0,1,93,93,1,93.0,160220.0
186.4,75,100,80,0.0,91.261,12.144,61.53,150,0.9,0,0.0011667,12.979,29.242,82107,90929.0,6.506,297.97,60.763,1.5751,10.0,,23,,1.1322,0.19355,,,1.5038,0,,0,0,1,93,93,1,93.0,160170.0
186.6,75,100,80,0.0,89.385,31.275,6.153,150,0.9,0,0.0011521,12.987,29.265,82166,90996.0,6.5082,297.9,29.404,1.5752,10.0,,23,,1.1267,0.19359,,,1.5039,0,,0,0,1,93,93,1,93.0,160940.0
186.8,75,100,80,0.0,86.626,9.3824,91.789,150,0.9,0,0.0011579,12.978,29.288,82223,91063.0,6.5065,298.03,82.137,1.5754,10.0,,23,,1.1315,0.19356,,,1.504,0,,0,0,1,93,93,1,93.0,161390.0
187.0,75,100,80,0.0,84.549,52.03,9.1789,150,0.9,0,0.0011871,12.951,29.312,82281,91129.0,6.5022,297.93,45.063,1.5755,10.0,,23,,1.1454,0.19345,,,1.5042,0,,0,0,1,93,93,1,93.0,161830.0
187.2,75,100,80,0.0,84.195,15.609,126.5,150,0.9,0,0.0011974,12.953,29.336,82338,91195.0,6.4982,298.14,126.39,1.5756,10.0,,23,,1.1453,0.19345,,,1.5043,0,,0,0,1,93,93,1,93.0,161110.0
187.4,75,100,80,0.0,85.442,84.689,12.65,150,0.9,0,0.0012066,12.959,29.36,82396,91262.0,6.4948,298.03,81.36,1.5758,10.0,,23,,1.1392,0.1935,,,1.5044,0,,0,0,1,93,93,1,93.0,161400.0
187.6,75,100,80,0.0,88.037,49.212,1.265,150,0.9,0,0.0012069,12.965,29.384,82454,91329.0,6.4912,297.92,39.05,1.576,10.0,,23,,1.1436,0.19347,,,1.5046,0,,0,0,1,93,93,1,93.0,161510.0
187.8,75,100,80,0.0,92.071,14.764,68.848,150,0.9,0,0.0012308,12.958,29.407,82513,91397.0,6.4886,298.0,69.564,1.5761,10.0,,23,,1.1564,0.19337,,,1.5047,0,,0,0,1,93,93,1,93.0,161620.0
188.0,75,100,80,0.0,97.143,39.07,6.8848,150,0.9,0,0.0012487,12.966,29.431,82573,91466.0,6.4869,297.91,36.734,1.5763,10.0,,23,,1.1564,0.19337,,,1.5049,0,,0,0,1,93,93,1,93.0,161060.0
188.2,75,100,80,0.0,102.88,11.721,100.27,150,0.9,0,0.0012587,12.966,29.454,82634,91536.0,6.4839,298.06,96.65,1.5765,10.0,,23,,1.1692,0.19327,,,1.5051,0,,0,0,1,93,93,1,93.0,161180.0
188.4,75,100,80,0.0,109.86,61.104,10.027,150,0.9,0,0.0012792,12.966,29.478,82696,91608.0,6.4804,297.97,59.616,1.5766,10.0,,23,,1.1784,0.1932,,,1.5052,0,,0,0,1,93,93,1,93.0,161950.0
188.6,75,100,80,0.0,118.21,30.291,1.0027,150,0.9,0,0.0012892,12.986,29.501,82760,91681.0,6.4809,297.88,24.211,1.5768,10.0,,23,,1.1748,0.19323,,,1.5054,0,,0,0,1,93,93,1,93.0,162230.0
188.8,75,100,80,0.0,126.38,9.0874,57.148,150,0.9,0,0.0012936,13.019,29.524,82826,91756.0,6.4853,297.94,46.564,1.577,10.0,,23,,1.1602,0.19334,,,1.5056,0,,0,0,1,93,93,1,93.0,162510.0
189.0,75,100,80,0.0,132.76,2.7262,0.0001,150,0.9,0,0.0013355,13.026,29.547,82893,91833.0,6.4914,297.87,19.192,1.5772,10.0,,23,,1.1546,0.19338,,,1.5058,0,,0,0,1,93,93,1,93.0,162450.0
189.2,75,100,80,0.0,136.7,0.81787,63.295,150,0.9,0,0.0013413,13.036,29.569,82961,91910.0,6.4959,297.95,49.419,1.5774,10.0,,23,,1.1557,0.19337,,,1.506,0,,0,0,1,93,93,1,93.0,161720.0
189.4,75,100,80,0.0,138.87,0.24536,0.0001,150,0.9,0,0.00134,13.078,29.591,83029,91987.0,6.502,297.88,22.718,1.5776,10.0,,23,,1.1207,0.19364,,,1.5062,0,,0,0,1,93,93,1,93.0,163660.0
189.6,75,100,80,0.0,138.57,0.073608,63.405,150,0.9,0,0.0013556,13.068,29.613,83097,92065.0,6.5095,297.96,53.178,1.5779,10.0,,23,,1.1238,0.19361,,,1.5064,0,,0,0,1,93,93,1,93.0,163760.0
189.8,75,100,80,0.0,135.27,22.32,6.3405,150,0.9,0,0.0013982,13.029,29.636,83165,92142.0,6.5166,297.89,25.102,1.5781,10.0,,23,,1.1431,0.19347,,,1.5067,0,,0,0,1,93,93,1,93.0,162200.0
190.0,75,100,80,0.0,129.15,6.696,85.388,150,0.9,0,0.0013929,13.007,29.659,83231,92218.0,6.5222,298.0,73.018,1.5783,10.0,,23,,1.1594,0.19334,,,1.5069,0,,0,0,1,93,93,1,93.0,161980.0
190.2,75,100,80,0.0,120.79,44.186,8.5388,150,0.9,-4000,0.0014628,12.957,29.683,82601,91492.0,6.5525,297.92,38.198,1.5701,10.0,,23,,1.1677,0.1933,,,1.499,0,,0,0,1,93,93,1,93.0,162090.0
190.4,75,100,80,0.51628,60.396,13.256,116.76,150,0.9,-4000,0.0014824,12.761,29.712,81959,90754.0,6.5545,298.12,116.77,1.5577,10.0,,23,,1.2114,0.19299,,,1.4871,0,,0,0,1,93,93,1,93.0,162400.0
190.6,75,100,80,1.0375,30.198,79.255,11.676,150,0.9,-4000,0.0014866,12.676,29.742,81312,90010.0,6.5417,298.02,78.396,1.5451,10.0,,23,,1.2194,0.19296,,,1.475,0,,0,0,1,93,93,1,93.0,162370.0
190.8,75,100,80,0.0,14.105,48.423,1.1676,150,0.9,-4000,0.0015086,12.597,29.773,80661,89263.0,6.5202,297.93,44.502,1.5324,10.0,,23,,1.2366,0.19285,,,1.4629,0,,0,0,1,93,93,1,93.0,163360.0
191.0,75,100,80,0.0,6.5944,14.527,63.835,150,0.9,-4000,0.0015265,12.543,29.805,80008,88515.0,6.4961,298.02,80.543,1.5198,10.0,,23,,1.254,0.19275,,,1.4508,0,,0,0,1,93,93,1,93.0,164510.0
191.2,75,100,80,0.0,8.6972,44.756,6.3835,150,0.9,-4000,0.0015597,12.516,29.837,79356,87766.0,6.4739,297.95,53.447,1.5072,10.0,,23,,1.2589,0.19273,,,1.4387,0,,0,0,1,93,93,1,93.0,164160.0
191.4,75,100,80,0.0,19.661,20.606,0.63835,150,0.9,-4000,0.0016579,12.501,29.869,78706,87021.0,6.4566,297.89,30.173,1.4947,10.0,,23,,1.2543,0.19279,,,1.4267,0,,0,0,1,93,93,1,93.0,163820.0
191.6,75,100,80,0.0,37.537,6.1819,42.761,150,0.9,-4000,0.0016539,12.561,29.9,78060,86279.0,6.4454,297.94,48.839,1.4821,10.0,,23,,1.2174,0.1931,,,1.4146,0,,0,0,1,93,93,1,93.0,163460.0
191.8,75,100,80,0.0,59.885,1.8546,0.0001,150,0.9,-4000,0.0017136,12.619,29.929,77419,85541.0,6.4415,297.89,29.067,1.4696,10.0,,23,,1.1804,0.1934,,,1.4027,0,,0,0,1,93,93,1,93.0,163940.0
192.0,75,100,80,0.0,83.787,0.55637,52.205,150,0.9,-4000,0.0017525,12.701,29.956,76782,84809.0,6.447,297.96,54.793,1.4572,10.0,1898.4,23,1876.6,1.1316,0.19379,29.837,22.055,1.3907,0,72.946,0,0,1,93,93,1,93.0,164570.0
192.2,75,100,80,0.0,105.47,20.715,5.2205,150,0.9,0,0.0016669,12.8,29.981,76844,84880.0,6.4371,297.88,26.133,1.4535,10.0,,23,,1.0968,0.19406,,,1.3871,0,,0,0,1,93,93,1,93.0,163850.0
192.4,75,100,80,0.0,131.2,6.2144,85.058,150,0.9,0,0.0016708,12.878,30.003,76911,84957.0,6.4404,298.01,74.423,1.4536,10.0,,23,,1.0769,0.19421,,,1.3873,0,,0,0,1,93,93,1,93.0,164620.0
192.6,75,100,80,0.0,155.5,47.341,8.5058,150,0.9,0,0.0016978,12.952,30.024,76984,85039.0,6.4532,297.9,33.568,1.454,10.0,,23,,1.0537,0.19438,,,1.3877,0,,0,0,1,93,93,1,93.0,164720.0
192.8,75,100,80,0.0,174.69,14.202,132.76,150,0.9,0,0.0016746,13.031,30.043,77059,85124.0,6.4729,298.14,120.58,1.4544,10.0,,23,,1.0247,0.1946,,,1.388,0,,0,0,1,93,93,1,93.0,165810.0
193.0,75,100,80,0.0,186.03,92.261,13.276,150,0.9,0,0.0016749,13.065,30.062,77138,85212.0,6.488,297.98,64.209,1.4548,10.0,,23,,1.0151,0.19467,,,1.3884,0,,0,0,1,93,93,1,93.0,165560.0
193.2,75,100,80,0.0,191.36,43.221,1.3276,150,0.9,0,0.0016277,13.104,30.079,77217,85301.0,6.5053,297.87,20.555,1.4552,10.0,,23,,1.0054,0.19474,,,1.3888,0,,0,0,1,93,93,1,93.0,164980.0
193.4,75,100,80,0.0,189.75,12.966,67.174,150,0.9,0,0.0016475,13.101,30.097,77296,85389.0,6.523,297.95,50.1,1.4555,10.0,,23,,1.0011,0.19477,,,1.3891,0,,0,0,1,93,93,1,93.0,164730.0
193.6,75,100,80,0.0,181.07,3.8899,0.0001,150,0.9,0,0.0016465,13.081,30.115,77373,85476.0,6.5389,297.87,23.013,1.4559,10.0,,23,,1.0013,0.19477,,,1.3895,0,,0,0,1,93,93,1,93.0,164310.0
193.8,75,100,80,0.0,166.05,1.167,70.897,150,0.9,0,0.0015877,13.073,30.133,77447,85560.0,6.5541,297.98,60.917,1.4563,10.0,,23,,0.99726,0.1948,,,1.3898,0,,0,0,1,93,93,1,93.0,165060.0
194.0,75,100,80,0.51874,83.025,32.04,7.0897,150,0.9,0,0.0016039,12.78,30.158,77505,85627.0,6.5392,297.89,29.968,1.4566,10.0,,23,,1.0842,0.19415,,,1.3902,0,,0,0,1,93,93,1,93.0,165350.0
194.2,75,100,80,0.0,67.951,9.6121,103.93,150,0.9,0,0.0016268,12.725,30.184,77559,85691.0,6.5175,298.07,98.13,1.457,10.0,,23,,1.1124,0.19394,,,1.3905,0,,0,0,1,93,93,1,93.0,165640.0
194.4,75,100,80,0.0,61.475,69.165,10.393,150,0.9,0,0.0016281,12.696,30.211,77613,85753.0,6.4959,297.96,53.976,1.4573,10.0,,23,,1.1275,0.19382,,,1.3909,0,,0,0,1,93,93,1,93.0,166100.0
194.6,75,100,80,0.0,63.649,29.826,1.0393,150,0.9,0,0.0015282,12.767,30.235,77666,85816.0,6.4764,297.86,18.976,1.4577,10.0,,23,,1.0924,0.19408,,,1.3912,0,,0,0,1,93,93,1,93.0,165220.0
194.8,75,100,80,0.0,73.621,8.9479,55.798,150,0.9,0,0.0015393,12.788,30.259,77722,85882.0,6.4598,297.93,42.781,1.458,10.0,,23,,1.0933,0.19408,,,1.3915,0,,0,0,1,93,93,1,93.0,166330.0
195.0,75,100,80,0.0,90.228,2.6844,0.0001,150,0.9,0,0.001514,12.856,30.282,77781,85950.0,6.4489,297.86,17.432,1.4583,10.0,,23,,1.0727,0.19423,,,1.3918,0,,0,0,1,93,93,1,93.0,166100.0
195.2,75,100,80,0.0,111.17,0.80531,67.143,150,0.9,0,0.0014952,12.939,30.302,77844,86022.0,6.4452,297.95,52.088,1.4587,10.0,,23,,1.0466,0.19443,,,1.3921,0,,0,0,1,93,93,1,93.0,166860.0
195.4,75,100,80,0.0,133.61,27.918,6.7143,150,0.9,0,0.0014404,13.051,30.319,77912,86099.0,6.4497,297.87,19.778,1.4589,10.0,,23,,1.0045,0.19474,,,1.3924,0,,0,0,1,93,93,1,93.0,165780.0
195.6,75,100,80,0.0,154.22,8.3755,103.86,150,0.9,0,0.0014029,13.152,30.333,77984,86180.0,6.4627,298.04,83.708,1.4592,10.0,,23,,0.96823,0.19501,,,1.3927,0,,0,0,1,93,93,1,93.0,166350.0
195.8,75,100,80,0.0,169.65,62.709,10.386,150,0.9,0,0.0013802,13.222,30.346,78059,86264.0,6.4763,297.91,38.414,1.4595,10.0,,23,,0.93905,0.19523,,,1.3929,0,,0,0,1,93,93,1,93.0,165240.0
196.0,75,100,80,0.0,179.63,18.813,158.47,150,0.9,0,0.0013636,13.258,30.358,78135,86350.0,6.496,298.2,145.89,1.4597,10.0,,23,,0.93479,0.19526,,,1.3932,0,,0,0,1,93,93,1,93.0,166630.0
196.2,75,100,80,0.0,181.74,115.1,15.847,150,0.9,0,0.0013516,13.267,30.37,78213,86436.0,6.5118,298.02,78.912,1.46,10.0,,23,,0.93594,0.19525,,,1.3934,0,,0,0,1,93,93,1,93.0,166180.0
196.4,75,100,80,0.0,177.57,59.107,1.5847,150,0.9,0,0.0013312,13.281,30.381,78289,86522.0,6.527,297.88,26.551,1.4602,10.0,,23,,0.9236,0.19534,,,1.3936,0,,0,0,1,93,93,1,93.0,166730.0
196.6,75,100,80,0.0,167.28,17.732,79.559,150,0.9,0,0.0013002,13.256,30.393,78363,86605.0,6.5379,297.98,63.974,1.4604,10.0,,23,,0.94218,0.1952,,,1.3938,0,,0,0,1,93,93,1,93.0,165950.0
196.8,75,100,80,0.0,152.64,48.638,7.9559,150,0.9,0,0.001332,13.205,30.406,78435,86685.0,6.5493,297.87,21.792,1.4606,10.0,,23,,0.9493,0.19515,,,1.394,0,,0,0,1,93,93,1,93.0,166340.0
197.0,75,100,80,0.0,133.45,14.591,132.7,150,0.9,0,0.0013955,13.112,30.421,78502,86762.0,6.552,298.1,108.51,1.4608,10.0,,23,,0.98057,0.19492,,,1.3942,0,,0,0,1,93,93,1,93.0,166910.0
197.2,75,100,80,0.52015,66.725,89.756,13.27,150,0.9,0,0.0014278,12.861,30.442,78557,86825.0,6.5287,297.95,53.179,1.4611,10.0,,23,,1.0716,0.19423,,,1.3945,0,,0,0,1,93,93,1,93.0,167180.0
197.4,75,100,80,0.0,55.843,41.346,1.327,150,0.9,0,0.0013999,12.824,30.463,78609,86886.0,6.5013,297.85,11.8,1.4614,10.0,,23,,1.0994,0.19402,,,1.3947,0,,0,0,1,93,93,1,93.0,166610.0
197.6,75,100,80,0.0,55.858,12.404,68.556,150,0.9,0,0.0014024,12.807,30.484,78661,86948.0,6.4743,297.93,45.016,1.4616,10.0,,23,,1.1206,0.19386,,,1.395,0,,0,0,1,93,93,1,93.0,167710.0
197.8,75,100,80,0.0,66.64,3.7212,0.0001,150,0.9,0,0.0014284,12.831,30.505,78715,87011.0,6.4499,297.87,19.854,1.4619,10.0,,23,,1.1164,0.1939,,,1.3952,0,,0,0,1,93,93,1,93.0,166640.0
198.0,75,100,80,0.0,87.189,1.1164,72.281,150,0.9,0,0.0014006,12.913,30.523,78773,87078.0,6.4322,297.97,58.74,1.4622,10.0,,23,,1.0955,0.19405,,,1.3955,0,,0,0,1,93,93,1,93.0,168060.0
198.2,75,100,80,0.0,114.81,31.973,7.2281,150,0.9,0,0.001423,13.003,30.539,78837,87151.0,6.4234,297.88,24.666,1.4624,10.0,,23,,1.0616,0.19431,,,1.3957,0,,0,0,1,93,93,1,93.0,166640.0
198.4,75,100,80,0.0,145.94,9.592,108.7,150,0.9,0,0.0014293,13.086,30.554,78907,87231.0,6.4201,298.06,92.303,1.4627,10.0,,23,,1.0472,0.19441,,,1.396,0,,0,0,1,93,93,1,93.0,167210.0
198.6,75,100,80,0.0,178.39,67.152,10.87,150,0.9,0,0.0014236,13.191,30.565,78984,87316.0,6.426,297.94,47.105,1.463,10.0,,23,,1.0249,0.19458,,,1.3963,0,,0,0,1,93,93,1,93.0,166930.0
198.8,75,100,80,0.0,208.5,20.146,159.65,150,0.9,0,0.0014318,13.313,30.574,79066,87408.0,6.4382,298.22,155.31,1.4632,10.0,,23,,0.97532,0.19495,,,1.3965,0,,0,0,1,93,93,1,93.0,167960.0
199.0,75,100,80,0.0,225.0,116.79,15.965,150,0.9,0,0.00146,13.353,30.582,79152,87503.0,6.4552,298.06,94.308,1.4635,10.0,,23,,0.96031,0.19506,,,1.3968,0,,0,0,1,93,93,1,93.0,167330.0
199.2,75,100,80,0.0,225.0,67.778,1.5965,150,0.9,0,0.0014346,13.363,30.589,79238,87598.0,6.4696,297.92,41.424,1.4638,10.0,,23,,0.95927,0.19507,,,1.3971,0,,0,0,1,93,93,1,93.0,167700.0
199.4,75,100,80,0.0,225.0,20.333,84.569,150,0.9,0,0.0014109,13.37,30.596,79323,87693.0,6.4866,298.03,82.769,1.4641,10.0,,23,,0.96715,0.19501,,,1.3973,0,,0,0,1,93,93,1,93.0,167730.0
199.6,75,100,80,0.0,225.0,55.869,8.4569,150,0.9,0,0.0014083,13.371,30.603,79409,87788.0,6.4987,297.92,39.774,1.4643,10.0,,23,,0.96991,0.19499,,,1.3976,0,,0,0,1,93,93,1,93.0,166590.0
199.8,75,100,80,0.0,225.0,16.761,132.74,150,0.9,0,0.0015198,13.329,30.612,79495,87883.0,6.5106,298.14,125.27,1.4646,10.0,,23,,0.98143,0.1949,,,1.3978,0,,0,0,1,93,93,1,93.0,166800.0
200.0,75,100,80,0.0,221.28,91.664,13.274,150,0.9,0,0.0014523,13.338,30.62,79580,87977.0,6.5188,297.99,68.471,1.4649,10.0,,23,,0.98851,0.19485,,,1.3981,0,,0,0,1,93,93,1,93.0,167500.0
200.2,65,100,80,0.0,214.28,44.206,1.3274,250,0.9,0,0.001478,13.414,30.622,79682,88089.0,6.5262,297.87,21.996,1.6673,4.0,,23,,0.9508,0.19364,,,1.38,0,,0,0,1,93,93,1,93.0,166840.0
200.4,65,100,80,0.0,204.32,13.262,68.76,250,0.9,0,0.0014812,13.384,30.624,79783,88199.0,6.5303,297.95,50.838,1.6842,4.0,,23,,0.98301,0.19332,,,1.394,0,,0,0,1,93,93,1,93.0,167010.0
200.6,65,100,80,0.0,192.72,3.9785,0.0001,250,0.9,0,0.0014522,13.365,30.627,79881,88306.0,6.5296,297.87,22.193,1.686,4.0,,23,,0.9919,0.19324,,,1.3955,0,,0,0,1,93,93,1,93.0,167530.0
200.8,65,100,80,0.0,181.43,1.1936,70.248,250,0.9,0,0.0014453,13.34,30.631,79977,88411.0,6.5272,297.97,58.136,1.6864,4.0,,23,,0.99929,0.19318,,,1.3958,0,,0,0,1,93,93,1,93.0,167710.0
201.0,65,100,80,0.0,171.07,29.245,7.0248,250,0.9,0,0.0014585,13.285,30.635,80071,88514.0,6.5225,297.88,24.451,1.6867,4.0,,23,,1.0286,0.19293,,,1.3961,0,,0,0,1,93,93,1,93.0,168560.0
201.2,65,100,80,0.0,162.6,8.7735,102.76,250,0.9,0,0.0014374,13.271,30.64,80163,88616.0,6.5204,298.04,86.139,1.687,4.0,,23,,1.0396,0.19283,,,1.3964,0,,0,0,1,93,93,1,93.0,166920.0
201.4,65,100,80,0.0,154.94,60.087,10.276,250,0.9,0,0.0015125,13.207,30.647,80253,88716.0,6.5187,297.93,42.16,1.6873,4.0,,23,,1.0651,0.19261,,,1.3966,0,,0,0,1,93,93,1,93.0,167450.0
201.6,65,100,80,0.0,147.97,18.026,148.95,250,0.9,0,0.001501,13.194,30.653,80342,88814.0,6.519,298.18,140.81,1.6877,4.0,,23,,1.0758,0.19251,,,1.3969,0,,0,0,1,93,93,1,93.0,167140.0
201.8,65,100,80,0.0,140.9,104.11,14.895,250,0.9,0,0.0014644,13.187,30.66,80430,88911.0,6.5128,298.02,79.586,1.688,4.0,,23,,1.0846,0.19244,,,1.3972,0,,0,0,1,93,93,1,93.0,167510.0
202.0,65,100,80,0.0,136.32,54.444,1.4895,250,0.9,0,0.0014376,13.18,30.666,80516,89007.0,6.5028,297.89,28.748,1.6883,4.0,,23,,1.0944,0.19235,,,1.3974,0,,0,0,1,93,93,1,93.0,167370.0
202.2,65,100,80,0.0,135.72,16.333,75.856,250,0.9,0,0.0014498,13.173,30.673,80603,89103.0,6.4957,297.98,62.652,1.6886,4.0,,23,,1.1057,0.19225,,,1.3976,0,,0,0,1,93,93,1,93.0,167400.0
202.4,65,100,80,0.0,137.97,43.412,7.5856,250,0.9,0,0.0014147,13.195,30.679,80690,89199.0,6.4894,297.88,22.524,1.6889,4.0,,23,,1.1042,0.19227,,,1.3979,0,,0,0,1,93,93,1,93.0,166920.0
202.6,65,100,80,0.0,142.73,13.024,121.03,250,0.9,0,0.0014243,13.217,30.684,80778,89296.0,6.4867,298.07,98.554,1.6891,4.0,,23,,1.095,0.19234,,,1.3981,0,,0,0,1,93,93,1,93.0,168120.0
202.8,65,100,80,0.0,148.56,76.607,12.103,250,0.9,0,0.001409,13.244,30.69,80867,89395.0,6.4859,297.94,48.133,1.6894,4.0,,23,,1.0877,0.19241,,,1.3984,0,,0,0,1,93,93,1,93.0,167640.0
203.0,65,100,80,0.0,154.7,22.982,175.92,250,0.9,0,0.0013748,13.297,30.694,80958,89494.0,6.4878,298.25,168.23,1.6897,4.0,,23,,1.0722,0.19254,,,1.3986,0,,0,0,1,93,93,1,93.0,167490.0
203.2,65,100,80,0.0,160.1,128.1,17.592,250,0.9,0,0.0014388,13.276,30.699,81049,89595.0,6.4909,298.08,100.97,1.69,4.0,,23,,1.0889,0.1924,,,1.3988,0,,0,0,1,93,93,1,93.0,168340.0
203.4,65,100,80,0.0,164.25,75.696,1.7592,250,0.9,0,0.001474,13.281,30.703,81141,89697.0,6.4946,297.93,42.334,1.6903,4.0,,23,,1.085,0.19243,,,1.399,0,,0,0,1,93,93,1,93.0,167700.0
203.6,65,100,80,0.0,166.94,22.709,92.081,250,0.9,0,0.0014798,13.291,30.708,81234,89799.0,6.4959,298.04,88.13,1.6906,4.0,,23,,1.086,0.19242,,,1.3993,0,,0,0,1,93,93,1,93.0,168220.0
203.8,65,100,80,0.0,169.1,61.53,9.2081,250,0.9,0,0.001512,13.28,30.713,81327,89902.0,6.4945,297.93,42.679,1.6909,4.0,,23,,1.0961,0.19233,,,1.3996,0,,0,0,1,93,93,1,93.0,168410.0
204.0,65,100,80,0.0,171.84,18.459,139.89,250,0.9,0,0.0015642,13.264,30.718,81421,90005.0,6.4956,298.16,133.05,1.6912,4.0,1967.4,23,1931.1,1.1068,0.19224,30.699,21.543,1.3999,0,72.698,0,0,1,93,93,1,93.0,168600.0
204.2,65,100,80,0.0,174.13,96.213,13.989,250,0.9,0,0.0015914,13.257,30.724,81515,90109.0,6.5005,298.01,76.319,1.6916,4.0,,23,,1.115,0.19217,,,1.4002,0,,0,0,1,93,93,1,93.0,167290.0
204.4,65,100,80,0.0,174.45,50.575,1.3989,250,0.9,0,0.0016129,13.266,30.729,81610,90213.0,6.497,297.89,28.736,1.692,4.0,,23,,1.108,0.19223,,,1.4005,0,,0,0,1,93,93,1,93.0,168810.0
204.6,65,100,80,0.0,176.2,15.173,72.04,250,0.9,0,0.0015557,13.317,30.734,81704,90317.0,6.4932,297.97,60.154,1.6924,4.0,,23,,1.0856,0.19242,,,1.4008,0,,0,0,1,93,93,1,93.0,167670.0
204.8,65,100,80,0.0,179.45,39.653,7.204,250,0.9,0,0.0015415,13.342,30.738,81800,90422.0,6.4977,297.88,22.565,1.6927,4.0,,23,,1.0738,0.19252,,,1.4011,0,,0,0,1,93,93,1,93.0,168350.0
205.0,65,100,80,0.0,180.87,11.896,112.65,250,0.9,0,0.0015361,13.358,30.743,81895,90527.0,6.5005,298.05,91.522,1.6931,4.0,,23,,1.0679,0.19257,,,1.4014,0,,0,0,1,93,93,1,93.0,167700.0
205.2,65,100,80,0.0,181.18,68.391,11.265,250,0.9,0,0.0015071,13.371,30.746,81991,90632.0,6.506,297.93,44.628,1.6934,4.0,,23,,1.067,0.19258,,,1.4017,0,,0,0,1,93,93,1,93.0,168390.0
205.4,65,100,80,0.0,179.29,20.517,160.94,250,0.9,0,0.001492,13.391,30.75,82086,90737.0,6.5085,298.21,152.44,1.6938,4.0,,23,,1.0573,0.19266,,,1.402,0,,0,0,1,93,93,1,93.0,167900.0
205.6,65,100,80,0.0,176.42,113.08,16.094,250,0.9,0,0.0015521,13.363,30.754,82180,90841.0,6.5125,298.05,90.372,1.6941,4.0,,23,,1.0631,0.19261,,,1.4022,0,,0,0,1,93,93,1,93.0,167090.0
205.8,65,100,80,0.0,171.92,64.662,1.6094,250,0.9,0,0.0014736,13.375,30.758,82274,90944.0,6.5145,297.91,35.745,1.6944,4.0,,23,,1.073,0.19252,,,1.4025,0,,0,0,1,93,93,1,93.0,168600.0
206.0,65,100,80,0.0,166.65,19.399,84.384,250,0.9,0,0.0015156,13.338,30.762,82367,91047.0,6.5111,298.01,75.922,1.6948,4.0,,23,,1.0897,0.19238,,,1.4028,0,,0,0,1,93,93,1,93.0,167450.0
206.2,65,100,80,0.0,162.74,52.102,8.4384,250,0.9,0,0.0015201,13.316,30.767,82459,91148.0,6.5029,297.91,33.772,1.6951,4.0,,23,,1.1044,0.19225,,,1.4031,0,,0,0,1,93,93,1,93.0,168480.0
206.4,65,100,80,0.0,162.11,15.631,127.83,250,0.9,0,0.0015497,13.302,30.772,82550,91249.0,6.4939,298.11,114.11,1.6955,4.0,,23,,1.1156,0.19215,,,1.4034,0,,0,0,1,93,93,1,93.0,167500.0
206.6,65,100,80,0.0,165.06,82.708,12.783,250,0.9,0,0.0014945,13.343,30.776,82643,91351.0,6.4891,297.98,62.084,1.6958,4.0,,23,,1.1084,0.19222,,,1.4037,0,,0,0,1,93,93,1,93.0,168350.0
206.8,65,100,80,0.0,169.93,40.174,1.2783,250,0.9,0,0.0015132,13.355,30.78,82736,91454.0,6.4828,297.87,18.357,1.6962,4.0,,23,,1.1036,0.19226,,,1.404,0,,0,0,1,93,93,1,93.0,168360.0
207.0,65,100,80,0.0,177.35,12.052,66.636,250,0.9,0,0.001466,13.399,30.783,82831,91558.0,6.4792,297.94,45.863,1.6965,4.0,,23,,1.1012,0.19228,,,1.4042,0,,0,0,1,93,93,1,93.0,167880.0
207.2,65,100,80,0.0,186.18,3.6157,0.0001,250,0.9,0,0.0014325,13.441,30.784,82927,91664.0,6.4811,297.87,16.804,1.6968,4.0,,23,,1.0977,0.19231,,,1.4045,0,,0,0,1,93,93,1,93.0,167710.0
207.4,65,100,80,0.0,194.24,1.0847,69.686,250,0.9,0,0.0014602,13.466,30.786,83025,91772.0,6.4833,297.95,51.653,1.6971,4.0,,23,,1.0879,0.19239,,,1.4047,0,,0,0,1,93,93,1,93.0,168220.0
207.6,65,100,80,0.0,201.46,26.66,6.9686,250,0.9,0,0.0014192,13.517,30.786,83125,91881.0,6.4918,297.87,18.601,1.6973,4.0,,23,,1.0752,0.1925,,,1.4049,0,,0,0,1,93,93,1,93.0,168720.0
207.8,65,100,80,0.0,205.23,7.998,99.31,250,0.9,0,0.001392,13.562,30.785,83225,91991.0,6.5039,298.02,76.897,1.6976,4.0,,23,,1.057,0.19266,,,1.4051,0,,0,0,1,93,93,1,93.0,167210.0
208.0,65,100,80,0.0,204.19,53.943,9.931,250,0.9,0,0.001374,13.569,30.785,83325,92100.0,6.5137,297.91,33.917,1.6978,4.0,,23,,1.0547,0.19268,,,1.4053,0,,0,0,1,93,93,1,93.0,168870.0
208.2,65,100,80,0.0,199.25,16.183,140.87,250,0.9,0,0.0013024,13.614,30.783,83424,92208.0,6.5252,298.14,125.23,1.698,4.0,,23,,1.034,0.19286,,,1.4055,0,,0,0,1,93,93,1,93.0,167530.0
208.4,65,100,80,0.0,189.7,92.001,14.087,250,0.9,0,0.0013679,13.546,30.784,83521,92315.0,6.5321,297.99,67.348,1.6982,4.0,,23,,1.0551,0.19267,,,1.4057,0,,0,0,1,93,93,1,93.0,167190.0
208.6,65,100,80,0.0,177.37,45.699,1.4087,250,0.9,0,0.001386,13.515,30.785,83616,92419.0,6.5362,297.87,20.04,1.6985,4.0,,23,,1.063,0.1926,,,1.4059,0,,0,0,1,93,93,1,93.0,167700.0
208.8,65,100,80,0.0,163.43,13.71,70.182,250,0.9,0,0.001431,13.454,30.788,83708,92520.0,6.5355,297.95,49.446,1.6987,4.0,,23,,1.0812,0.19245,,,1.4061,0,,0,0,1,93,93,1,93.0,168210.0
209.0,65,100,80,0.0,149.77,4.1129,0.0001,250,0.9,0,0.0014334,13.408,30.792,83797,92619.0,6.5324,297.87,19.968,1.699,4.0,,23,,1.1042,0.19225,,,1.4063,0,,0,0,1,93,93,1,93.0,168560.0
209.2,65,100,80,0.0,137.33,1.2339,69.522,250,0.9,0,0.0014735,13.364,30.798,83884,92715.0,6.5262,297.96,54.385,1.6992,4.0,,23,,1.1155,0.19215,,,1.4065,0,,0,0,1,93,93,1,93.0,167750.0
209.4,65,100,80,0.0,127.39,26.462,6.9522,250,0.9,0,0.0014431,13.356,30.803,83969,92809.0,6.5181,297.88,21.103,1.6995,4.0,,23,,1.1197,0.19211,,,1.4067,0,,0,0,1,93,93,1,93.0,168110.0
209.6,65,100,80,0.0,120.65,7.9387,97.134,250,0.9,0,0.0014371,13.347,30.809,84052,92902.0,6.5119,298.02,77.17,1.6998,4.0,,23,,1.121,0.1921,,,1.4069,0,,0,0,1,93,93,1,93.0,167640.0
209.8,65,100,80,0.0,116.43,51.749,9.7134,250,0.9,0,0.0014243,13.35,30.815,84134,92994.0,6.5063,297.91,34.611,1.7,4.0,,23,,1.1183,0.19212,,,1.4072,0,,0,0,1,93,93,1,93.0,168830.0
210.0,65,100,80,0.0,114.43,15.525,135.88,250,0.9,0,0.001456,13.332,30.822,84216,93085.0,6.4972,298.13,121.84,1.7003,4.0,1866.2,23,1918.1,1.1292,0.19203,30.798,21.176,1.4074,0,70.422,0,0,1,93,93,1,93.0,168530.0
