time,aeration_rate,agitator,sugar_feed_rate,acid_flow_rate,base_flow_rate,heating/cooling_water_flow_rate,heating_water_flow_rate,water_for_injection/dilution,air_head_pressure,dumped_broth_flow,substrate_concentration,dissolved_oxygen_concentration,penicillin_concentration,vessel_volume,vessel_weight,pH,temperature,generated_heat,CO2_percent_in_off_gas,PAA_flow,PAA_concentration,oil_flow,NH3_concentration,oxygen_uptake_rate,oxygen_in_percent_in_off_gas,offline_penicillin_concentration,offline_biomass_concentration,carbon_evolution_rate,ammonia_shots,viscosity,Fault reference(Fault_ref:Fault ref),0 - Recipe driven 1 - Operator controlled(Control_ref:Control ref),1- No Raman spec, 1-Raman spec recorded,2-PAT control(PAT_ref:PAT ref),Batch reference(Batch_ref:Batch ref),experiment_ID,Fault flag
0.2,30,100,8,0.0,0.0,0.0001,204.43,0,0.6,0,1.0831,14.708,0.001,57540,61682.0,6.5886,297.69,189.57,0.08699,5.0,,22,,-0.59865,0.21601,,,0.033085,0,,0,1,1,59,59,0,59.0,0.0
0.4,30,100,8,0.0,0.0,0.0001,61.2,0,0.6,0,1.1335,14.683,0.00099954,57538,61684.0,6.5654,297.89,241.05,0.098159,5.0,,22,,-0.20161,0.20873,,,0.037334,0,,0,1,1,59,59,0,59.0,0.0
0.6,30,100,8,0.52294,0.0,0.0001,0.0001,0,0.6,0,1.1822,14.658,0.00099908,57535,61686.0,6.5424,297.87,235.17,0.10185,5.0,,22,,-0.1002,0.20684,,,0.038738,0,,0,1,1,59,59,0,59.0,0.0
0.8,30,100,8,0.0,0.0,0.0001,82.028,0,0.6,0,1.229,14.641,0.00099861,57533,61688.0,6.5214,298.14,306.97,0.10408,5.0,,22,,-0.070566,0.20629,,,0.039588,0,,0,1,1,59,59,0,59.0,0.0
1.0,30,100,8,0.0,0.0,88.746,8.2028,0,0.6,0,1.2736,14.623,0.00099814,57530,61690.0,6.5012,298.04,280.16,0.10609,5.0,1371.7,22,1830.2,-0.057348,0.20604,0.001,0.50704,0.040353,0,4.0819,0,1,1,59,59,0,59.0,0.0
1.2,30,100,8,0.0,0.026716,56.928,0.82028,0,0.6,0,1.3163,14.591,0.00099767,57527,61691.0,6.4819,297.95,258.02,0.10814,5.0,,22,,-0.042077,0.20575,,,0.041131,0,,0,1,1,59,59,0,59.0,0.0
1.4,30,100,8,0.0,7.7924,30.184,0.082028,0,0.6,0,1.3569,14.571,0.00099717,57526,61695.0,6.4743,297.9,244.82,0.11028,5.0,,22,,-0.031721,0.20555,,,0.041945,0,,0,1,1,59,59,0,59.0,0.0
1.6,30,100,8,0.0,18.553,9.0553,43.685,0,0.6,0,1.3959,14.554,0.00099664,57527,61700.0,6.4819,298.04,280.85,0.11252,5.0,,22,,-0.023926,0.2054,,,0.042796,0,,0,1,1,59,59,0,59.0,0.0
1.8,30,100,8,0.0,26.247,52.745,4.3685,0,0.6,0,1.4336,14.535,0.00099608,57530,61707.0,6.4986,297.99,267.39,0.11485,5.0,,22,,-0.01552,0.20524,,,0.043684,0,,0,1,1,59,59,0,59.0,0.0
2.0,30,100,8,0.0,27.305,35.636,0.43685,0,0.6,0,1.4689,14.507,0.00099551,57533,61715.0,6.5156,297.95,256.51,0.11729,5.0,,22,,-0.0040579,0.20503,,,0.04461,0,,0,1,1,59,59,0,59.0,0.0
2.2,30,100,8,0.0,21.59,10.691,45.861,0,0.6,0,1.5022,14.505,0.00099497,57535,61721.0,6.5245,298.1,296.37,0.11983,5.0,,22,,-0.0031279,0.205,,,0.045577,0,,0,1,1,59,59,0,59.0,21069.0
2.4,30,100,8,0.0,12.354,60.953,4.5861,0,0.6,0,1.5338,14.491,0.00099446,57534,61725.0,6.5193,298.05,284.71,0.12247,5.0,,22,,0.00024625,0.20493,,,0.046582,0,,0,1,1,59,59,0,59.0,21230.0
2.6,30,100,8,0.0,5.2007,48.283,0.45861,0,0.6,0,1.5631,14.463,0.00099397,57533,61728.0,6.5033,298.01,272.69,0.12522,5.0,,22,,0.010173,0.20474,,,0.047628,0,,0,1,1,59,59,0,59.0,20726.0
2.8,30,100,8,0.0,4.4365,34.953,0.045861,0,0.6,0,1.59,14.431,0.00099349,57531,61731.0,6.4863,297.98,264.91,0.12808,5.0,,22,,0.023525,0.20449,,,0.048718,0,,0,1,1,59,59,0,59.0,21887.0
3.0,30,100,8,0.0,10.448,25.461,0.0045861,0,0.6,0,1.6144,14.408,0.00099299,57530,61735.0,6.4776,297.96,260.56,0.13106,5.0,,22,,0.033521,0.2043,,,0.049852,0,,0,1,1,59,59,0,59.0,21549.0
3.2,30,100,15,0.0,19.884,19.212,0.00045861,0,0.6,0,1.6508,14.367,0.00099242,57533,61742.0,6.4803,297.96,258.71,0.13417,5.0,,22,,0.050858,0.20397,,,0.051034,0,,0,1,1,59,59,0,59.0,22044.0
3.4,30,100,15,0.0,28.266,15.501,0.0001,0,0.6,0,1.6846,14.33,0.00099184,57538,61752.0,6.4903,297.96,258.76,0.1374,5.0,,22,,0.067939,0.20364,,,0.052263,0,,0,1,1,59,59,0,59.0,22372.0
3.6,30,100,15,0.0,32.629,13.949,0.0001,0,0.6,0,1.7157,14.299,0.00099123,57543,61762.0,6.5045,297.96,259.63,0.14074,5.0,,22,,0.082354,0.20336,,,0.053536,0,,0,1,1,59,59,0,59.0,22701.0
3.8,30,100,15,0.0,31.345,13.403,0.0001,0,0.6,0,1.7443,14.264,0.00099064,57548,61772.0,6.5172,297.97,261.8,0.14421,5.0,,22,,0.097241,0.20308,,,0.054853,0,,0,1,1,59,59,0,59.0,22362.0
4.0,30,100,15,0.0,24.97,14.664,0.0001,0,0.6,0,1.7704,14.231,0.00099006,57552,61780.0,6.5224,297.98,264.92,0.1478,5.0,,22,,0.11065,0.20282,,,0.056222,0,,0,1,1,59,59,0,59.0,21691.0
4.2,30,100,15,0.0,16.541,17.423,0.0001,0,0.6,0,1.8222,14.185,0.00098952,57554,61789.0,6.5162,297.99,268.49,0.15153,5.0,,30,,0.12486,0.20255,,,0.057642,0,,0,1,1,59,59,0,59.0,21519.0
4.4,30,100,15,0.0,10.635,21.185,0.0001,0,0.6,0,1.872,14.143,0.00098899,57555,61796.0,6.5014,298.01,272.06,0.1554,5.0,,30,,0.1418,0.20222,,,0.059115,0,,0,1,1,59,59,0,59.0,21847.0
4.6,30,100,15,0.0,10.623,25.443,0.0001,0,0.6,0,1.9187,14.118,0.00098847,57556,61803.0,6.4868,298.02,275.58,0.15942,5.0,,30,,0.15163,0.20203,,,0.060642,0,,0,1,1,59,59,0,59.0,21842.0
4.8,30,100,15,0.0,16.442,30.138,0.0001,0,0.6,0,1.9626,14.083,0.00098792,57558,61812.0,6.4791,298.03,278.54,0.16358,5.0,,30,,0.16331,0.2018,,,0.062226,0,,0,1,1,59,59,0,59.0,22004.0
5.0,30,100,15,0.0,25.284,34.598,0.0001,0,0.6,0,2.0039,14.053,0.00098734,57561,61822.0,6.481,298.04,281.66,0.1679,5.0,,30,,0.17371,0.2016,,,0.063872,0,,0,1,1,59,59,0,59.0,21332.0
5.2,30,100,15,0.0,33.379,39.704,0.0001,0,0.6,0,2.0425,14.014,0.00098675,57566,61833.0,6.4889,298.05,284.79,0.17238,0.0,,30,,0.18759,0.20133,,,0.065575,0,,0,1,1,59,59,0,59.0,22327.0
5.4,30,100,15,0.0,38.3,45.262,0.0001,0,0.6,0,2.0777,13.977,0.00098615,57571,61845.0,6.4988,298.07,288.21,0.17701,0.0,,30,,0.20084,0.20107,,,0.067338,0,,0,1,1,59,59,0,59.0,21988.0
5.6,30,100,15,0.0,39.283,51.64,0.0001,0,0.6,0,2.1092,13.919,0.00098554,57577,61857.0,6.5106,298.08,291.11,0.18182,0.0,,30,,0.2229,0.20064,,,0.069166,0,,0,1,1,59,59,0,59.0,22150.0
5.8,30,100,15,0.0,35.574,57.823,0.0001,0,0.6,0,2.138,13.879,0.00098494,57582,61868.0,6.5182,298.08,292.92,0.18678,0.0,,30,,0.23922,0.20033,,,0.071057,0,,0,1,1,59,59,0,59.0,21311.0
6.0,30,100,15,0.0,28.814,63.009,0.0001,0,0.6,0,2.1627,13.82,0.00098437,57585,61878.0,6.5157,298.09,295.33,0.19194,0.0,,30,,0.26091,0.19991,,,0.073019,0,,0,1,1,59,59,0,59.0,21806.0
6.2,30,100,15,0.0,23.087,69.26,0.0001,0,0.6,0,2.1834,13.77,0.00098382,57588,61887.0,6.506,298.1,296.95,0.19728,0.0,,30,,0.27986,0.19954,,,0.075052,0,,0,1,1,59,59,0,59.0,21468.0
6.4,30,100,15,0.0,21.22,74.806,0.0001,0,0.6,0,2.2,13.714,0.00098328,57590,61895.0,6.4945,298.11,300.16,0.20282,0.0,,30,,0.30034,0.19914,,,0.077162,0,,0,1,1,59,59,0,59.0,21962.0
6.6,30,100,15,0.0,23.95,82.669,0.0001,0,0.6,0,2.2119,13.661,0.00098272,57592,61904.0,6.4855,298.12,301.21,0.20858,0.0,,30,,0.31952,0.19877,,,0.079353,0,,0,1,1,59,59,0,59.0,21790.0
6.8,30,100,15,0.0,30.254,88.134,0.0001,0,0.6,0,2.2191,13.621,0.00098214,57596,61914.0,6.4812,298.12,301.92,0.21455,0.0,,30,,0.33307,0.1985,,,0.081625,0,,0,1,1,59,59,0,59.0,22118.0
7.0,30,100,15,0.0,38.281,93.357,0.0001,0,0.6,0,2.222,13.566,0.00098154,57601,61926.0,6.4833,298.12,302.98,0.22071,0.0,,30,,0.35147,0.19814,,,0.083972,0,,0,1,1,59,59,0,59.0,21780.0
7.2,30,100,15,0.0,45.444,99.154,0.0001,0,0.6,0,2.2207,13.509,0.00098091,57608,61939.0,6.4897,298.13,303.9,0.22707,0.0,,30,,0.37178,0.19774,,,0.086393,0,,0,1,1,59,59,0,59.0,22441.0
7.4,30,100,15,0.0,50.061,104.91,0.0001,0,0.6,0,2.2136,13.435,0.00098027,57616,61954.0,6.4964,298.13,304.8,0.23366,0.0,,30,,0.39829,0.19723,,,0.088901,0,,0,1,1,59,59,0,59.0,22436.0
7.6,30,100,15,0.0,52.035,110.77,0.0001,0,0.6,0,2.2017,13.365,0.00097962,57624,61968.0,6.5045,298.13,304.07,0.24048,0.0,,30,,0.42505,0.19671,,,0.091497,0,,0,1,1,59,59,0,59.0,21430.0
7.8,30,100,15,0.0,50.74,114.64,0.0001,0,0.6,0,2.1861,13.299,0.00097898,57632,61982.0,6.5135,298.13,305.89,0.24751,0.0,,30,,0.45049,0.19621,,,0.094174,0,,0,1,1,59,59,0,59.0,21592.0
8.0,30,100,15,0.0,45.876,121.78,0.0001,0,0.6,0,2.1647,13.217,0.00097835,57639,61996.0,6.5187,298.14,308.42,0.25478,0.0,,30,,0.4799,0.19564,,,0.096942,0,,0,1,1,59,59,0,59.0,22420.0
8.2,42,100,15,0.0,38.942,130.0,0.0001,0,0.6,0,2.1384,13.323,0.00097775,57644,62008.0,6.5184,298.15,309.24,0.20461,0.0,,30,,0.46018,0.1986,,,0.10898,0,,0,1,1,59,59,0,59.0,21581.0
8.4,42,100,15,0.0,32.109,136.36,0.0001,0,0.6,0,2.1059,13.242,0.00097717,57648,62018.0,6.51,298.15,310.22,0.20413,0.0,,30,,0.45746,0.19864,,,0.10873,0,,0,1,1,59,59,0,59.0,21409.0
8.6,42,100,15,0.0,28.669,143.09,0.0001,0,0.6,0,2.0674,13.16,0.0009766,57652,62028.0,6.4969,298.16,312.72,0.20925,0.0,,30,,0.48504,0.19826,,,0.11145,0,,0,1,1,59,59,0,59.0,21570.0
8.8,42,100,15,0.0,30.439,151.91,0.0001,0,0.6,0,2.0221,13.081,0.00097602,57656,62038.0,6.4864,298.17,314.82,0.21522,0.0,,30,,0.51442,0.19785,,,0.11463,0,,0,1,1,59,59,0,59.0,22064.0
9.0,42,100,15,0.0,36.398,160.53,0.0001,0,0.6,0,1.9702,13.014,0.00097543,57661,62050.0,6.4828,298.16,312.52,0.22147,0.0,,30,,0.5377,0.19752,,,0.11797,0,,0,1,1,59,59,0,59.0,21892.0
9.2,42,100,15,0.0,43.771,163.74,0.0001,0,0.6,0,1.9117,12.937,0.00097481,57667,62062.0,6.4885,298.14,308.47,0.22795,0.0,,30,,0.56563,0.19713,,,0.12142,0,,0,1,1,59,59,0,59.0,22553.0
9.4,42,100,15,0.0,48.865,164.48,0.0001,0,0.6,0,1.8466,12.869,0.00097417,57675,62076.0,6.4956,298.13,304.14,0.23465,0.0,,30,,0.58765,0.19682,,,0.12499,0,,0,1,1,59,59,0,59.0,20881.0
9.6,42,100,15,0.0,51.135,164.34,0.0001,0,0.6,0,1.7744,12.782,0.00097353,57682,62091.0,6.4998,298.12,302.39,0.24156,0.0,,30,,0.62105,0.19635,,,0.12867,0,,0,1,1,59,59,0,59.0,20709.0
9.8,42,100,15,0.0,51.757,166.94,0.0001,0,0.6,0,1.6959,12.689,0.00097289,57691,62105.0,6.5027,298.13,304.37,0.24869,0.0,,30,,0.65833,0.19583,,,0.13247,0,,0,1,1,59,59,0,59.0,21370.0
10.0,42,100,15,0.0,51.187,174.07,0.0001,0,0.6,0,1.6097,12.596,0.00097225,57698,62120.0,6.5044,298.13,304.21,0.25606,0.0,,30,,0.69372,0.19534,,,0.1364,0,,0,1,1,59,59,0,59.0,22531.0
10.2,42,100,15,0.0,49.953,178.59,0.0001,0,0.6,0,1.5168,12.506,0.00097161,57706,62134.0,6.5049,298.13,304.12,0.26366,0.0,,30,,0.7286,0.19485,,,0.14045,0,,0,1,1,59,59,0,59.0,21359.0
10.4,42,100,15,0.0,48.522,183.24,0.0001,0,0.6,0,1.4166,12.417,0.00097098,57714,62147.0,6.5023,298.12,301.32,0.27149,0.0,,30,,0.75841,0.19443,,,0.14463,0,,0,1,1,59,59,0,59.0,22020.0
10.6,42,100,15,0.0,48.146,184.36,0.0001,0,0.6,0,1.3089,12.336,0.00097035,57721,62161.0,6.4978,298.11,300.35,0.27958,0.0,,30,,0.78201,0.19409,,,0.14894,0,,0,1,1,59,59,0,59.0,21514.0
10.8,42,100,15,0.0,49.534,187.54,0.0001,0,0.6,0,1.192,12.231,0.00096972,57729,62175.0,6.4926,298.11,299.17,0.28793,0.0,,30,,0.81665,0.1936,,,0.15339,0,,0,1,1,59,59,0,59.0,22341.0
11.0,42,100,15,0.0,53.004,190.25,0.0001,0,0.6,0,1.0675,12.133,0.00096907,57737,62190.0,6.4903,298.12,302.93,0.29656,0.0,,30,,0.85117,0.19311,,,0.15799,0,,0,1,1,59,59,0,59.0,21502.0
11.2,42,100,15,0.0,57.409,199.21,0.0001,0,0.6,0,0.93597,12.043,0.00096841,57746,62205.0,6.4901,298.14,307.94,0.30542,0.0,,30,,0.88173,0.19268,,,0.16272,0,,0,1,1,59,59,0,59.0,20830.0
11.4,42,100,15,0.0,61.868,210.18,0.0001,0,0.6,0,0.79602,11.937,0.00096774,57756,62222.0,6.4907,298.16,312.31,0.31454,0.0,,30,,0.91989,0.19214,,,0.16758,0,,0,1,1,59,59,0,59.0,21324.0
11.6,42,100,15,0.0,66.096,220.99,0.0001,0,0.6,0,0.64785,11.816,0.00096705,57767,62239.0,6.4915,298.17,315.56,0.32393,0.0,,30,,0.9663,0.19148,,,0.17258,0,,0,1,1,59,59,0,59.0,20985.0
11.8,42,100,15,0.0,70.006,230.98,0.0001,0,0.6,0,0.49192,11.712,0.00096635,57779,62257.0,6.4922,298.18,317.85,0.3336,0.0,,30,,1.0031,0.19096,,,0.17774,0,,0,1,1,59,59,0,59.0,21146.0
12.0,42,100,15,0.0,73.648,240.22,0.0001,0,0.6,0,0.33066,11.638,0.00096563,57791,62276.0,6.4934,298.18,317.01,0.34352,0.0,1490.0,30,1952.7,1.0269,0.19061,0.00096841,2.9195,0.18303,0,10.742,0,1,1,59,59,0,59.0,21306.0
12.2,42,100,30,0.0,76.789,245.74,0.0001,0,0.6,0,0.19413,11.563,0.00096486,57807,62299.0,6.4943,298.16,313.71,0.35365,0.0,,30,,1.0559,0.19019,,,0.18843,0,,0,1,1,59,59,0,59.0,21467.0
12.4,42,100,30,0.0,79.587,248.06,0.0001,0,0.6,0,0.069137,11.673,0.00096408,57824,62323.0,6.4998,298.13,304.92,0.36382,0.0,,30,,1.0452,0.19032,,,0.19385,0,,0,1,1,59,59,0,59.0,21795.0
12.6,42,100,30,0.0,80.17,242.88,0.0001,0,0.7,0,0.013849,13.347,0.0009633,57841,62347.0,6.5202,298.03,278.0,0.37302,0.0,,30,,0.83453,0.19319,,,0.19877,0,,0,1,1,59,59,0,59.0,21122.0
12.8,42,100,30,0.0,72.541,213.18,0.0001,0,0.7,0,0.012145,13.439,0.00096255,57856,62369.0,6.5495,297.92,249.29,0.38009,0.0,,30,,0.65889,0.19557,,,0.20253,0,,0,1,1,59,59,0,59.0,20950.0
13.0,42,100,30,0.0,53.245,63.954,235.98,0,0.7,0,0.011917,13.425,0.00096186,57867,62388.0,6.5665,298.82,489.75,0.38655,0.0,,30,,0.6282,0.19597,,,0.20598,0,,0,1,1,59,59,0,59.0,20944.0
13.2,42,100,30,0.51916,26.622,372.58,23.598,0,0.7,0,0.011553,13.422,0.00096124,57873,62401.0,6.5536,298.58,424.92,0.3929,0.0,,30,,0.61465,0.19614,,,0.20937,0,,0,1,1,59,59,0,59.0,21438.0
13.4,42,100,30,1.0416,13.311,312.87,2.3598,0,0.7,0,0.011275,13.387,0.00096068,57877,62412.0,6.5226,298.38,370.48,0.39922,0.0,,30,,0.62298,0.19602,,,0.21274,0,,0,1,1,59,59,0,59.0,21765.0
13.6,42,100,30,0.0,4.8473,266.09,0.23598,0,0.7,0,0.011044,13.378,0.00096014,57878,62420.0,6.4843,298.24,333.33,0.40553,0.0,,30,,0.61908,0.19606,,,0.2161,0,,0,1,1,59,59,0,59.0,21426.0
13.8,42,100,30,0.0,11.659,233.7,0.023598,0,0.7,0,0.010792,13.365,0.00095959,57881,62431.0,6.4592,298.12,302.18,0.41184,0.0,,30,,0.61505,0.1961,,,0.21947,0,,0,1,1,59,59,0,59.0,22253.0
14.0,42,100,30,0.0,28.439,203.36,0.0023598,0,0.7,0,0.010925,13.324,0.00095898,57888,62444.0,6.4568,298.04,281.25,0.41818,0.0,,30,,0.62513,0.19595,,,0.22285,0,,0,1,1,59,59,0,59.0,21414.0
14.2,42,100,30,0.0,46.158,181.69,0.00023598,0,0.7,0,0.010891,13.301,0.00095832,57898,62462.0,6.4735,297.98,264.81,0.42454,0.0,,30,,0.63338,0.19583,,,0.22625,0,,0,1,1,59,59,0,59.0,20908.0
14.4,42,100,30,0.0,57.212,162.59,0.0001,0,0.7,0,0.01077,13.282,0.00095762,57910,62481.0,6.4968,297.93,252.56,0.43092,0.0,,30,,0.63719,0.19576,,,0.22965,0,,0,1,1,59,59,0,59.0,21235.0
14.6,42,100,30,0.0,59.008,48.778,174.18,0,0.7,0,0.010677,13.278,0.00095691,57922,62501.0,6.5203,298.63,438.82,0.4373,0.0,,30,,0.62989,0.19585,,,0.23305,0,,0,1,1,59,59,0,59.0,21563.0
14.8,42,100,30,0.0,51.387,287.02,17.418,0,0.7,0,0.01052,13.249,0.00095622,57933,62519.0,6.5351,298.44,386.9,0.44368,0.0,,30,,0.63409,0.19578,,,0.23646,0,,0,1,1,59,59,0,59.0,22057.0
15.0,42,100,30,0.0,37.912,238.46,1.7418,0,0.7,0,0.010349,13.217,0.00095559,57941,62535.0,6.5328,298.26,340.81,0.45005,0.0,,30,,0.64256,0.19565,,,0.23986,0,,0,1,1,59,59,0,59.0,22218.0
15.2,42,100,30,0.0,25.375,196.84,0.17418,0,0.7,0,0.010206,13.178,0.000955,57947,62548.0,6.5184,298.13,306.19,0.45643,0.0,,30,,0.65592,0.19546,,,0.24326,0,,0,1,1,59,59,0,59.0,21878.0
15.4,42,100,30,0.0,18.574,163.37,0.017418,0,0.7,0,0.010075,13.135,0.00095443,57951,62560.0,6.4953,298.05,284.75,0.46282,0.0,,30,,0.67128,0.19524,,,0.24667,0,,0,1,1,59,59,0,59.0,21039.0
15.6,42,100,30,0.0,21.015,141.75,0.0017418,0,0.7,0,0.010015,13.107,0.00095386,57956,62572.0,6.4768,298.01,271.56,0.46922,0.0,,30,,0.68006,0.1951,,,0.25008,0,,0,1,1,59,59,0,59.0,22033.0
15.8,42,100,30,0.0,30.809,127.4,0.00017418,0,0.7,0,0.0097811,13.096,0.00095327,57963,62586.0,6.4728,297.97,261.22,0.4756,0.0,,30,,0.68238,0.19506,,,0.25349,0,,0,1,1,59,59,0,59.0,20694.0
16.0,42,100,30,0.0,42.158,114.63,0.0001,0,0.7,0,0.0097043,13.078,0.00095264,57972,62603.0,6.481,297.94,253.06,0.48199,0.0,,30,,0.68265,0.19504,,,0.2569,0,,0,1,1,59,59,0,59.0,21854.0
16.2,42,100,75,0.0,50.248,34.39,126.88,0,0.7,0,0.035262,11.932,0.00095182,57992,62634.0,6.4751,298.58,424.87,0.48996,0.0,,35,,0.9951,0.19077,,,0.26116,0,,0,1,1,59,59,0,59.0,21015.0
16.4,42,100,75,0.0,60.782,253.59,12.688,0,0.7,0,0.035925,11.845,0.00095095,58014,62667.0,6.4728,298.45,391.44,0.49963,0.0,,35,,1.0962,0.18936,,,0.26632,0,,0,1,1,59,59,0,59.0,22176.0
16.6,42,100,75,0.0,72.171,227.39,1.2688,0,0.7,0,0.033753,11.796,0.00095005,58038,62703.0,6.4773,298.36,366.32,0.50968,0.0,,35,,1.1252,0.18894,,,0.27168,0,,0,1,1,59,59,0,59.0,21503.0
16.8,42,100,75,0.0,81.746,212.99,0.12688,0,0.7,0,0.031928,11.714,0.00094912,58064,62740.0,6.4849,298.28,345.69,0.51985,0.0,,35,,1.1572,0.18848,,,0.27711,0,,0,1,1,59,59,0,59.0,21830.0
17.0,42,100,75,0.0,88.291,200.62,0.012688,0,0.7,0,0.029775,11.674,0.00094817,58091,62779.0,6.4923,298.22,329.11,0.53009,0.0,,35,,1.1709,0.18827,,,0.28258,0,,0,1,1,59,59,0,59.0,21657.0
17.2,42,100,75,0.0,91.899,190.47,0.0012688,0,0.7,0,0.027568,11.632,0.00094722,58119,62818.0,6.499,298.17,315.96,0.5404,0.0,,35,,1.179,0.18814,,,0.28808,0,,0,1,1,59,59,0,59.0,20985.0
17.4,42,100,75,0.0,92.819,182.31,0.00012688,0,0.7,0,0.025605,11.614,0.00094626,58147,62858.0,6.5052,298.15,310.98,0.55069,0.0,,35,,1.1834,0.18806,,,0.29357,0,,0,1,1,59,59,0,59.0,20812.0
17.6,42,100,75,0.0,91.244,182.71,0.0001,0,0.7,0,0.024881,11.568,0.00094532,58175,62897.0,6.5096,298.13,305.54,0.56098,0.0,,35,,1.1892,0.18796,,,0.29907,0,,0,1,1,59,59,0,59.0,21639.0
17.8,42,100,75,0.0,87.915,181.6,0.0001,0,0.7,0,0.023374,11.54,0.00094438,58203,62936.0,6.5132,298.11,299.26,0.5713,0.0,,35,,1.1933,0.18789,,,0.30457,0,,0,1,1,59,59,0,59.0,21966.0
18.0,42,100,75,0.0,83.144,178.67,0.0001,0,0.7,0,0.022182,11.528,0.00094347,58229,62974.0,6.5154,298.09,293.89,0.5816,0.0,,35,,1.1862,0.18797,,,0.31008,0,,0,1,1,59,59,0,59.0,20793.0
18.2,42,100,75,0.0,77.503,176.07,0.0001,0,0.7,0,0.021404,11.488,0.00094257,58254,63010.0,6.5153,298.08,292.01,0.59189,0.0,,35,,1.1917,0.18787,,,0.31557,0,,0,1,1,59,59,0,59.0,20787.0
18.4,42,100,75,0.0,71.923,177.17,0.0001,0,0.7,0,0.020579,11.447,0.00094169,58278,63046.0,6.5131,298.07,287.42,0.6022,0.0,,35,,1.198,0.18776,,,0.32108,0,,0,1,1,59,59,0,59.0,20781.0
18.6,42,100,75,0.0,67.21,174.44,0.0001,0,0.7,0,0.019761,11.419,0.00094083,58301,63080.0,6.5104,298.05,283.95,0.61251,0.0,,35,,1.2017,0.18769,,,0.32658,0,,0,1,1,59,59,0,59.0,21275.0
18.8,42,100,75,0.0,63.577,172.58,0.0001,0,0.7,0,0.018993,11.381,0.00093998,58324,63114.0,6.507,298.04,280.04,0.62282,0.0,,35,,1.2094,0.18757,,,0.33209,0,,0,1,1,59,59,0,59.0,21602.0
19.0,42,100,75,0.0,61.307,169.65,0.0001,0,0.7,0,0.01805,11.364,0.00093915,58346,63147.0,6.5031,298.02,275.85,0.63309,0.0,,35,,1.2121,0.18751,,,0.33757,0,,0,1,1,59,59,0,59.0,21596.0
19.2,42,100,75,0.0,60.588,165.82,0.0001,0,0.7,0,0.018258,11.27,0.00093831,58367,63181.0,6.4981,298.03,277.68,0.64339,0.0,,35,,1.2377,0.18714,,,0.34308,0,,0,1,1,59,59,0,59.0,21923.0
19.4,42,100,75,0.0,61.875,169.13,0.0001,0,0.7,0,0.017732,11.202,0.00093747,58389,63214.0,6.4929,298.05,281.91,0.65379,0.0,,35,,1.2628,0.18677,,,0.34863,0,,0,1,1,59,59,0,59.0,21917.0
19.6,42,100,75,0.0,65.252,175.58,0.0001,0,0.7,0,0.017054,11.166,0.00093662,58412,63248.0,6.4894,298.05,283.95,0.66422,0.0,,35,,1.2764,0.18656,,,0.3542,0,,0,1,1,59,59,0,59.0,20911.0
19.8,42,100,75,0.0,70.011,179.75,0.0001,0,0.7,0,0.016875,11.105,0.00093575,58436,63283.0,6.4888,298.07,288.12,0.67467,0.0,,35,,1.2928,0.18632,,,0.35978,0,,0,1,1,59,59,0,59.0,21571.0
20.0,42,100,75,0.0,75.009,186.99,0.0001,0,0.7,0,0.016143,11.078,0.00093487,58461,63320.0,6.489,298.06,285.15,0.68516,0.0,,35,,1.2981,0.18622,,,0.36539,0,,0,1,1,59,59,0,59.0,20731.0
20.2,55,100,150,0.0,79.915,185.63,0.0001,0,0.7,0,0.057665,10.202,0.00093373,58501,63377.0,6.4642,298.17,314.71,0.55025,0.0,,35,,1.6205,0.18732,,,0.38413,0,,0,1,1,59,59,0,59.0,21892.0
20.4,55,100,150,0.0,94.836,225.54,0.0001,0,0.7,0,0.056721,10.069,0.00093255,58545,63437.0,6.4411,298.24,335.35,0.55293,0.0,,35,,1.6877,0.1866,,,0.38601,0,,0,1,1,59,59,0,59.0,21052.0
20.6,55,100,150,0.0,118.92,257.26,0.0001,0,0.7,0,0.053495,9.9443,0.00093128,58593,63502.0,6.425,298.25,338.27,0.56379,0.0,,35,,1.7338,0.18609,,,0.3936,0,,0,1,1,59,59,0,59.0,21879.0
20.8,55,100,150,0.0,149.41,269.49,0.0001,0,0.7,0,0.046614,9.8949,0.00092992,58648,63573.0,6.4163,298.25,338.03,0.57529,0.0,,35,,1.757,0.18583,,,0.40164,0,,0,1,1,59,59,0,59.0,21373.0
21.0,55,100,150,0.0,183.4,278.6,0.0001,0,0.7,0,0.044751,9.8466,0.00092845,58709,63651.0,6.4112,298.23,331.7,0.58686,0.0,,35,,1.7705,0.18566,,,0.40973,0,,0,1,1,59,59,0,59.0,21533.0
21.2,55,100,150,0.0,219.42,280.03,0.0001,0,0.7,0,0.040143,9.8411,0.00092688,58777,63736.0,6.4086,298.19,320.17,0.59851,0.0,,35,,1.7661,0.18569,,,0.41787,0,,0,1,1,59,59,0,59.0,21027.0
21.4,55,100,150,0.0,225.0,274.17,0.0001,0,0.7,0,0.038217,9.7762,0.00092529,58847,63822.0,6.4069,298.17,315.95,0.61018,0.0,,35,,1.7807,0.18551,,,0.42604,0,,0,1,1,59,59,0,59.0,21353.0
21.6,55,100,150,0.0,225.0,276.14,0.0001,0,0.7,0,0.035798,9.7,0.00092371,58917,63908.0,6.4055,298.14,307.33,0.62194,0.0,,35,,1.8102,0.18518,,,0.43426,0,,0,1,1,59,59,0,59.0,22014.0
21.8,55,100,150,0.0,225.0,271.77,0.0001,0,0.7,0,0.033118,9.6517,0.00092213,58986,63994.0,6.4045,298.13,305.84,0.63374,0.0,,35,,1.8218,0.18503,,,0.44252,0,,0,1,1,59,59,0,59.0,20674.0
22.0,55,100,150,0.0,225.0,275.36,0.0001,0,0.7,0,0.029822,9.6466,0.00092055,59056,64080.0,6.4048,298.14,307.28,0.64555,0.0,,35,,1.8139,0.18509,,,0.45078,0,,0,1,1,59,59,0,59.0,22167.0
22.2,55,100,150,0.0,225.0,282.24,0.0001,0,0.7,0,0.027692,9.6166,0.00091898,59125,64165.0,6.4061,298.11,298.28,0.65732,0.0,,35,,1.8195,0.18501,,,0.45901,0,,0,1,1,59,59,0,59.0,20161.0
22.4,55,100,150,0.0,225.0,276.09,0.0001,0,0.7,0,0.026376,9.5779,0.00091742,59195,64251.0,6.4078,298.08,289.9,0.66907,0.0,,35,,1.8274,0.18491,,,0.46723,0,,0,1,1,59,59,0,59.0,20154.0
22.6,55,100,150,0.0,225.0,269.78,0.0001,0,0.7,0,0.024148,9.5787,0.00091586,59264,64337.0,6.4101,298.05,282.93,0.68078,0.0,,35,,1.8219,0.18494,,,0.47542,0,,0,1,1,59,59,0,59.0,20981.0
22.8,55,100,150,0.0,225.0,264.09,0.0001,0,0.7,0,0.02336,9.516,0.0009143,59334,64422.0,6.4121,298.04,280.21,0.69248,0.0,,35,,1.8337,0.1848,,,0.48361,0,,0,1,1,59,59,0,59.0,20808.0
23.0,55,100,150,0.0,225.0,262.77,0.0001,0,0.7,0,0.021645,9.4802,0.00091275,59404,64508.0,6.4141,298.02,274.86,0.70421,0.0,,35,,1.849,0.18461,,,0.49181,0,,0,1,1,59,59,0,59.0,20801.0
23.2,55,100,150,0.0,225.0,257.66,0.0001,0,0.7,0,0.020643,9.4673,0.0009112,59473,64593.0,6.4166,298.04,280.87,0.71588,0.0,,35,,1.8451,0.18463,,,0.49998,0,,0,1,1,59,59,0,59.0,21795.0
23.4,55,100,150,0.0,225.0,266.13,0.0001,0,0.7,0,0.019225,9.4684,0.00090966,59543,64678.0,6.4194,298.04,279.92,0.72749,0.0,,35,,1.8419,0.18464,,,0.50811,0,,0,1,1,59,59,0,59.0,21288.0
23.6,55,100,150,0.0,225.0,266.39,0.0001,0,0.7,0,0.018554,9.4406,0.00090812,59612,64763.0,6.422,298.04,279.98,0.73907,0.0,,35,,1.8333,0.18471,,,0.51621,0,,0,1,1,59,59,0,59.0,21782.0
23.8,55,100,150,0.0,225.0,267.97,0.0001,0,0.7,0,0.018491,9.3436,0.00090659,59682,64849.0,6.4234,298.03,277.7,0.75072,0.0,,35,,1.8591,0.18442,,,0.52436,0,,0,1,1,59,59,0,59.0,21608.0
24.0,55,100,150,0.0,225.0,266.61,0.0001,0,0.7,0,0.017986,9.2964,0.00090506,59752,64934.0,6.4242,298.02,275.07,0.76243,0.0,1168.2,35,1940.5,1.8695,0.18429,0.0009112,9.2242,0.53256,0,22.158,0,1,1,59,59,0,59.0,20768.0
24.2,55,100,30,0.0,225.0,264.59,0.0001,0,0.7,0,0.0028512,12.27,0.02026,59797,64988.0,6.4646,297.75,198.41,0.76971,0.0,,35,,0.95902,0.19381,,,0.53766,0,,0,1,1,59,59,0,59.0,20524.0
24.4,55,100,30,0.0,225.0,79.377,396.03,0,0.7,0,0.0028812,12.246,0.042842,59843,65042.0,6.5031,299.05,559.8,0.77415,0.0,,35,,0.85895,0.19483,,,0.54076,0,,0,1,1,59,59,0,59.0,22294.0
24.6,55,100,30,0.0,224.28,521.15,39.603,0,0.7,0,0.0027891,12.244,0.066217,59888,65095.0,6.5377,298.39,376.9,0.77837,0.0,,35,,0.85304,0.19489,,,0.54372,0,,0,1,1,59,59,0,59.0,21736.0
24.8,55,100,30,0.0,209.75,323.5,3.9603,0,0.7,0,0.0027591,12.207,0.089937,59930,65146.0,6.568,297.98,263.54,0.78254,0.0,,35,,0.86642,0.19474,,,0.54663,0,,0,1,1,59,59,0,59.0,21679.0
25.0,55,100,30,0.51769,104.87,202.34,0.39603,0,0.7,0,0.0027413,12.08,0.11402,59952,65175.0,6.5888,297.77,205.02,0.78668,0.0,,35,,0.90254,0.19436,,,0.54953,0,,0,1,1,59,59,0,59.0,21457.0
25.2,55,100,30,1.0364,52.437,60.701,209.28,0,0.8,0,0.0027401,12.855,0.13834,59963,65195.0,6.5856,298.5,406.89,0.79079,0.0,,35,,0.91519,0.19422,,,0.55241,0,,0,1,1,59,59,0,59.0,21570.0
25.4,55,100,30,1.5577,26.218,303.99,20.928,0,0.8,0,0.0026785,12.807,0.16326,59969,65209.0,6.5557,298.16,313.15,0.79487,0.0,,35,,0.92799,0.19408,,,0.55527,0,,0,1,1,59,59,0,59.0,21352.0
25.6,55,100,30,2.0814,13.109,200.97,2.0928,0,0.8,0,0.0026349,12.774,0.18866,59973,65221.0,6.5124,297.96,258.8,0.79893,0.0,,35,,0.93634,0.19399,,,0.55811,0,,0,1,1,59,59,0,59.0,21637.0
25.8,55,100,30,0.0,8.7078,142.12,0.20928,0,0.8,0,0.0026292,12.749,0.21426,59975,65231.0,6.4713,297.87,232.8,0.80298,0.0,,35,,0.9346,0.194,,,0.56095,0,,0,1,1,59,59,0,59.0,22089.0
26.0,55,100,30,0.0,20.718,42.636,147.11,0,0.8,0,0.0025915,12.75,0.24035,59980,65244.0,6.4466,298.43,387.48,0.80701,0.0,,35,,0.93481,0.19399,,,0.56377,0,,0,1,1,59,59,0,59.0,22211.0
26.2,55,100,30,0.0,42.549,230.19,14.711,0,0.8,0,0.0025244,12.8,0.26696,59989,65261.0,6.4454,298.23,332.79,0.81096,0.0,,35,,0.90839,0.19425,,,0.56654,0,,0,1,1,59,59,0,59.0,23001.0
26.4,55,100,30,0.0,64.846,174.26,1.4711,0,0.8,0,0.0024847,12.824,0.29404,60002,65282.0,6.4608,298.09,293.04,0.81486,0.0,,35,,0.89521,0.19438,,,0.56926,0,,0,1,1,59,59,0,59.0,22794.0
26.6,55,100,30,0.0,80.994,135.13,0.14711,0,0.8,0,0.0024919,12.82,0.32145,60019,65307.0,6.4845,298.0,268.69,0.81874,0.0,,35,,0.88981,0.19443,,,0.57198,0,,0,1,1,59,59,0,59.0,22589.0
26.8,55,100,30,0.0,87.695,109.34,0.014711,0,0.8,0,0.0025092,12.809,0.34878,60037,65333.0,6.5081,297.96,256.73,0.82263,0.0,,35,,0.88425,0.19448,,,0.5747,0,,0,1,1,59,59,0,59.0,23216.0
27.0,55,100,30,0.0,84.972,95.196,0.0014711,0,0.8,0,0.002515,12.788,0.37627,60054,65359.0,6.5278,297.93,250.08,0.82653,0.0,,35,,0.8852,0.19446,,,0.57743,0,,0,1,1,59,59,0,59.0,23178.0
27.2,55,100,30,0.0,74.378,28.559,104.95,0,0.8,0,0.0024411,12.786,0.40451,60070,65382.0,6.5404,298.36,368.68,0.83038,0.0,,35,,0.87903,0.19452,,,0.58013,0,,0,1,1,59,59,0,59.0,23143.0
27.4,55,100,30,0.0,58.774,172.94,10.495,0,0.8,0,0.002472,12.703,0.43279,60082,65402.0,6.5384,298.23,332.47,0.83424,0.0,,35,,0.90657,0.19422,,,0.58284,0,,0,1,1,59,59,0,59.0,23275.0
27.6,55,100,30,0.0,43.984,138.43,1.0495,0,0.8,0,0.002468,12.659,0.46105,60091,65420.0,6.5237,298.13,305.71,0.83814,0.0,,35,,0.91801,0.1941,,,0.58556,0,,0,1,1,59,59,0,59.0,22907.0
27.8,55,100,30,0.0,35.056,114.91,0.10495,0,0.8,0,0.0024722,12.634,0.48949,60099,65436.0,6.5019,298.08,290.91,0.84204,0.0,,35,,0.91808,0.19409,,,0.58829,0,,0,1,1,59,59,0,59.0,23207.0
28.0,55,100,30,0.0,34.833,102.31,0.010495,0,0.8,0,0.0023964,12.652,0.51836,60106,65451.0,6.4822,298.04,279.8,0.84589,0.0,,35,,0.90465,0.19422,,,0.59099,0,,0,1,1,59,59,0,59.0,22842.0
28.2,55,100,37,0.0,42.478,91.979,0.0010495,0,0.8,0,0.0027959,12.42,0.54453,60117,65470.0,6.4677,298.04,279.65,0.85002,0.0,,35,,0.97957,0.19344,,,0.59388,0,,0,1,1,59,59,0,59.0,23130.0
28.4,55,100,37,0.0,55.912,93.603,0.00010495,0,0.8,0,0.0027775,12.422,0.57096,60130,65492.0,6.4642,298.04,279.49,0.85432,0.0,,35,,0.97942,0.19343,,,0.59689,0,,0,1,1,59,59,0,59.0,24420.0
28.6,55,100,37,0.0,70.709,94.891,0.0001,0,0.8,0,0.0027761,12.437,0.59747,60146,65516.0,6.4703,298.04,278.73,0.85861,0.0,,35,,0.96585,0.19356,,,0.5999,0,,0,1,1,59,59,0,59.0,23210.0
28.8,55,100,37,0.0,83.092,95.415,0.0001,0,0.8,0,0.0027375,12.447,0.62446,60164,65543.0,6.483,298.03,275.66,0.86288,0.0,,35,,0.95463,0.19367,,,0.60289,0,,0,1,1,59,59,0,59.0,23836.0
29.0,55,100,37,0.0,90.4,93.016,0.0001,0,0.8,0,0.0027728,12.425,0.65118,60184,65572.0,6.497,298.03,276.6,0.86716,0.0,,35,,0.95369,0.19367,,,0.60589,0,,0,1,1,59,59,0,59.0,25127.0
29.2,55,100,37,0.0,92.112,95.211,0.0001,0,0.8,0,0.002743,12.418,0.67824,60205,65600.0,6.5131,298.02,274.8,0.87143,0.0,,35,,0.95167,0.19369,,,0.60888,0,,0,1,1,59,59,0,59.0,25253.0
29.4,55,100,37,0.0,87.396,94.037,0.0001,0,0.8,0,0.0027185,12.401,0.70571,60224,65628.0,6.5257,298.01,271.33,0.87567,0.0,,35,,0.95277,0.19367,,,0.61185,0,,0,1,1,59,59,0,59.0,24381.0
29.6,55,100,37,0.0,77.635,90.637,0.0001,0,0.8,0,0.0027899,12.332,0.73264,60241,65654.0,6.5339,298.01,270.49,0.87997,0.0,,35,,0.96338,0.19355,,,0.61486,0,,0,1,1,59,59,0,59.0,23840.0
29.8,55,100,37,0.0,64.622,90.063,0.0001,0,0.8,0,0.002809,12.296,0.75964,60256,65678.0,6.5347,298.01,271.54,0.88432,0.0,,35,,0.9626,0.19355,,,0.61791,0,,0,1,1,59,59,0,59.0,25466.0
30.0,55,100,37,0.0,51.289,91.642,0.0001,0,0.8,0,0.0027767,12.268,0.78738,60268,65698.0,6.526,298.01,272.29,0.88865,0.0,,35,,0.96743,0.19349,,,0.62094,0,,0,1,1,59,59,0,59.0,23762.0
30.2,55,100,37,0.0,41.454,92.935,0.0001,0,0.9,0,0.0027851,13.066,0.81524,60279,65717.0,6.5072,298.02,274.49,0.89297,0.0,,35,,0.97528,0.1934,,,0.62397,0,,0,1,1,59,59,0,59.0,25059.0
30.4,55,100,37,0.0,39.124,96.119,0.0001,0,0.9,0,0.0027652,13.035,0.84335,60288,65736.0,6.4864,298.03,275.58,0.8973,0.0,,35,,0.981,0.19333,,,0.627,0,,0,1,1,59,59,0,59.0,25023.0
30.6,55,100,37,0.0,45.094,98.201,0.0001,0,0.9,0,0.0027359,13.023,0.87183,60299,65755.0,6.4745,298.02,274.77,0.90161,0.0,,35,,0.98173,0.19332,,,0.63002,0,,0,1,1,59,59,0,59.0,25490.0
30.8,55,100,37,0.0,55.805,98.105,0.0001,0,0.9,0,0.0027416,13.007,0.90058,60312,65777.0,6.4697,298.02,273.61,0.90591,0.0,,35,,0.98959,0.19323,,,0.63303,0,,0,1,1,59,59,0,59.0,25124.0
31.0,55,100,37,0.0,68.427,97.527,0.0001,0,0.9,0,0.0026703,13.024,0.92989,60328,65801.0,6.4774,298.01,271.86,0.91016,0.0,,35,,0.98767,0.19324,,,0.63601,0,,0,1,1,59,59,0,59.0,25261.0
31.2,55,100,37,0.0,77.94,96.083,0.0001,0,0.9,0,0.0026416,13.023,0.95959,60345,65827.0,6.4894,298.01,271.46,0.91437,0.0,,35,,0.98629,0.19324,,,0.63896,0,,0,1,1,59,59,0,59.0,25734.0
31.4,55,100,37,0.0,82.696,96.087,0.0001,0,0.9,0,0.0026363,13.02,0.98946,60364,65854.0,6.5041,298.01,272.5,0.91856,0.0,,35,,0.97835,0.19332,,,0.6419,0,,0,1,1,59,59,0,59.0,26207.0
31.6,55,100,37,0.0,81.565,97.758,0.0001,0,0.9,0,0.0025814,13.024,1.0201,60382,65881.0,6.5178,298.02,273.85,0.92271,0.0,,35,,0.97421,0.19335,,,0.6448,0,,0,1,1,59,59,0,59.0,25684.0
31.8,55,100,37,0.0,74.954,99.92,0.0001,0,0.9,0,0.0025718,12.994,1.0509,60399,65906.0,6.5263,298.01,272.56,0.92683,0.0,,35,,0.97696,0.19332,,,0.64768,0,,0,1,1,59,59,0,59.0,26329.0
32.0,55,100,37,0.0,64.98,99.008,0.0001,0,0.9,0,0.0025156,12.989,1.0823,60414,65929.0,6.5291,298.02,273.21,0.93091,0.0,,35,,0.97126,0.19337,,,0.65055,0,,0,1,1,59,59,0,59.0,26476.0
32.2,55,100,43,0.0,53.883,100.37,0.0001,0,0.9,0,0.0028509,12.783,1.1108,60428,65952.0,6.5237,298.03,276.58,0.93525,0.0,,35,,1.0132,0.19292,,,0.65359,0,,0,1,1,59,59,0,59.0,25442.0
32.4,55,100,43,0.0,44.935,105.11,0.0001,0,0.9,0,0.0027938,12.768,1.1399,60440,65973.0,6.5098,298.03,275.79,0.93971,0.0,,35,,1.0189,0.19286,,,0.65671,0,,0,1,1,59,59,0,59.0,26079.0
32.6,55,100,43,0.0,41.581,105.13,0.0001,0,0.9,0,0.0028224,12.713,1.1688,60451,65993.0,6.4931,298.03,275.83,0.9442,0.0,,35,,1.0321,0.19271,,,0.65986,0,,0,1,1,59,59,0,59.0,25881.0
32.8,55,100,43,0.0,44.853,106.15,0.0001,0,0.9,0,0.0029232,12.642,1.1967,60463,66014.0,6.4784,298.03,275.83,0.94878,0.0,,35,,1.0486,0.19253,,,0.66307,0,,0,1,1,59,59,0,59.0,26511.0
33.0,55,100,43,0.0,53.99,107.12,0.0001,0,0.9,0,0.0028955,12.659,1.2248,60477,66037.0,6.4741,298.02,274.05,0.95338,0.0,,35,,1.0384,0.19263,,,0.66629,0,,0,1,1,59,59,0,59.0,27142.0
33.2,55,100,43,0.0,64.84,105.92,0.0001,0,0.9,0,0.0028201,12.679,1.2538,60493,66062.0,6.478,298.01,272.25,0.95792,0.0,,35,,1.0293,0.19271,,,0.66947,0,,0,1,1,59,59,0,59.0,26111.0
33.4,55,100,43,0.0,74.128,104.49,0.0001,0,0.9,0,0.0027507,12.695,1.2837,60511,66089.0,6.484,298.01,270.46,0.9624,0.0,,35,,1.0192,0.19281,,,0.67261,0,,0,1,1,59,59,0,59.0,28084.0
33.6,55,100,43,0.0,81.031,102.84,0.0001,0,0.9,0,0.0026489,12.73,1.3148,60531,66117.0,6.4951,298.0,269.42,0.9668,0.0,,35,,1.0011,0.19299,,,0.67569,0,,0,1,1,59,59,0,59.0,27063.0
33.8,55,100,43,0.0,83.49,101.87,0.0001,0,0.9,0,0.0026125,12.735,1.3463,60550,66146.0,6.5051,298.01,271.72,0.97113,0.0,,35,,0.99153,0.19308,,,0.67873,0,,0,1,1,59,59,0,59.0,27045.0
34.0,55,100,43,0.0,81.972,104.82,0.0001,0,0.9,0,0.0025604,12.751,1.3785,60570,66174.0,6.5146,298.01,271.46,0.9754,0.0,,35,,0.97849,0.1932,,,0.68172,0,,0,1,1,59,59,0,59.0,27696.0
34.2,55,100,43,0.0,76.639,104.87,0.0001,0,0.9,0,0.002539,12.728,1.4108,60588,66201.0,6.5195,298.02,273.37,0.97963,0.0,,35,,0.98181,0.19316,,,0.68469,0,,0,1,1,59,59,0,59.0,28014.0
34.4,55,100,43,0.0,69.355,107.6,0.0001,0,0.9,0,0.0024824,12.732,1.4437,60605,66227.0,6.5196,298.03,277.34,0.98379,0.0,,35,,0.98136,0.19316,,,0.6876,0,,0,1,1,59,59,0,59.0,26836.0
34.6,55,100,43,0.0,62.052,113.05,0.0001,0,0.9,0,0.0024521,12.708,1.4771,60621,66251.0,6.5119,298.03,276.9,0.9879,0.0,,35,,0.98188,0.19315,,,0.69048,0,,0,1,1,59,59,0,59.0,27326.0
34.8,55,100,43,0.0,57.822,113.58,0.0001,0,0.9,0,0.0024142,12.692,1.5111,60635,66274.0,6.4985,298.03,275.69,0.99198,0.0,,35,,0.98844,0.19307,,,0.69334,0,,0,1,1,59,59,0,59.0,27653.0
35.0,55,100,43,0.0,58.957,113.22,0.0001,0,0.9,0,0.0023953,12.671,1.5453,60650,66298.0,6.4846,298.02,274.96,0.99602,0.0,,35,,0.99703,0.19297,,,0.69617,0,,0,1,1,59,59,0,59.0,27981.0
35.2,55,100,43,0.0,65.637,113.32,0.0001,0,0.9,0,0.0023938,12.674,1.5795,60666,66322.0,6.4756,298.03,276.09,1.0,0.0,,35,,0.99064,0.19303,,,0.699,0,,0,1,1,59,59,0,59.0,28475.0
35.4,55,100,43,0.0,75.89,115.57,0.0001,0,0.9,0,0.0023795,12.666,1.6138,60685,66349.0,6.4747,298.03,277.46,1.0041,0.0,,35,,0.9947,0.19298,,,0.70181,0,,0,1,1,59,59,0,59.0,29303.0
35.6,55,100,43,0.0,86.507,118.22,0.0001,0,0.9,0,0.0023865,12.659,1.6483,60705,66378.0,6.4821,298.04,278.82,1.0081,0.0,,35,,0.98903,0.19303,,,0.70463,0,,0,1,1,59,59,0,59.0,29466.0
35.8,55,100,43,0.0,94.158,121.02,0.0001,0,0.9,0,0.0023804,12.643,1.6827,60727,66409.0,6.4922,298.04,279.44,1.0121,0.0,,35,,0.99544,0.19296,,,0.70745,0,,0,1,1,59,59,0,59.0,28961.0
36.0,55,100,43,0.0,97.789,123.1,0.0001,0,0.9,0,0.0023876,12.646,1.7171,60749,66440.0,6.5029,298.03,276.31,1.0161,0.0,685.29,35,1863.1,0.98349,0.19307,1.5795,12.748,0.71027,0,35.823,0,1,1,59,59,0,59.0,29790.0
36.2,55,100,47,0.0,97.155,120.72,0.0001,0,0.9,0,0.0025611,12.517,1.7504,60773,66473.0,6.5132,298.04,279.17,1.0203,0.0,,35,,1.0115,0.19278,,,0.7132,0,,0,1,1,59,59,0,59.0,29614.0
36.4,55,100,47,0.0,92.401,125.32,0.0001,0,0.9,0,0.0025401,12.479,1.7842,60795,66504.0,6.5211,298.04,280.95,1.0246,0.0,,35,,1.0269,0.19261,,,0.71619,0,,0,1,1,59,59,0,59.0,29272.0
36.6,55,100,47,0.0,84.507,128.83,0.0001,0,0.9,0,0.0025428,12.437,1.8182,60816,66534.0,6.5245,298.04,279.68,1.0288,0.0,,35,,1.0365,0.1925,,,0.71918,0,,0,1,1,59,59,0,59.0,30099.0
36.8,55,100,47,0.0,75.261,128.88,0.0001,0,0.9,0,0.0025222,12.408,1.8526,60835,66561.0,6.5238,298.04,279.11,1.0331,0.0,,35,,1.0415,0.19244,,,0.72216,0,,0,1,1,59,59,0,59.0,30094.0
37.0,55,100,47,0.0,66.255,129.7,0.0001,0,0.9,0,0.0025192,12.354,1.8873,60852,66587.0,6.5152,298.03,277.95,1.0373,0.0,,35,,1.0589,0.19225,,,0.72514,0,,0,1,1,59,59,0,59.0,29258.0
37.2,55,100,47,0.0,60.713,129.72,0.0001,0,0.9,0,0.0024852,12.338,1.9225,60868,66612.0,6.5048,298.02,274.72,1.0416,0.0,,35,,1.0618,0.19221,,,0.72811,0,,0,1,1,59,59,0,59.0,30758.0
37.4,55,100,47,0.0,59.33,127.07,0.0001,0,0.9,0,0.0024716,12.32,1.9577,60884,66637.0,6.4952,298.01,272.56,1.0458,0.0,,35,,1.065,0.19217,,,0.73106,0,,0,1,1,59,59,0,59.0,30924.0
37.6,55,100,47,0.0,61.763,125.35,0.0001,0,0.9,0,0.0024674,12.311,1.9931,60900,66662.0,6.4892,298.0,269.8,1.05,0.0,,35,,1.0615,0.1922,,,0.734,0,,0,1,1,59,59,0,59.0,30590.0
37.8,55,100,47,0.0,66.577,122.59,0.0001,0,0.9,0,0.0024061,12.343,2.0289,60917,66688.0,6.4839,297.99,266.0,1.0541,0.0,,35,,1.0422,0.19239,,,0.73691,0,,0,1,1,59,59,0,59.0,30426.0
38.0,55,100,47,0.0,73.544,118.22,0.0001,0,0.9,0,0.0023438,12.375,2.0653,60936,66716.0,6.4839,297.98,263.93,1.0582,0.0,,35,,1.0301,0.19251,,,0.73976,0,,0,1,1,59,59,0,59.0,31431.0
38.2,55,100,47,0.0,80.471,115.49,0.0001,0,0.9,0,0.0022881,12.408,2.1023,60955,66744.0,6.4894,297.97,260.13,1.0622,0.0,,35,,1.0103,0.19271,,,0.74256,0,,0,1,1,59,59,0,59.0,30606.0
38.4,55,100,47,0.0,85.219,110.32,0.0001,0,0.9,0,0.0022691,12.409,2.1395,60976,66774.0,6.4971,297.97,258.69,1.0661,0.0,,35,,1.0044,0.19276,,,0.74533,0,,0,1,1,59,59,0,59.0,31282.0
38.6,55,100,47,0.0,86.897,107.57,0.0001,0,0.9,0,0.0022595,12.391,2.1767,60998,66804.0,6.5053,297.97,258.93,1.0701,0.0,,35,,1.0029,0.19277,,,0.7481,0,,0,1,1,59,59,0,59.0,31624.0
38.8,55,100,47,0.0,85.284,106.61,0.0001,0,0.9,0,0.0022285,12.397,2.2143,61019,66834.0,6.513,297.97,259.0,1.074,0.0,,35,,0.99525,0.19284,,,0.75085,0,,0,1,1,59,59,0,59.0,31802.0
39.0,55,100,47,0.0,80.613,105.43,0.0001,0,0.9,0,0.0022361,12.35,2.252,61039,66863.0,6.5173,297.97,260.4,1.0779,0.0,,35,,1.009,0.19269,,,0.7536,0,,0,1,1,59,59,0,59.0,31980.0
39.2,55,100,47,0.0,74.219,105.87,0.0001,0,0.9,0,0.0022179,12.331,2.2897,61057,66890.0,6.5151,297.98,261.74,1.0818,0.0,,35,,1.014,0.19263,,,0.75633,0,,0,1,1,59,59,0,59.0,32159.0
39.4,55,100,47,0.0,68.715,106.39,0.0001,0,0.9,0,0.0021884,12.28,2.3279,61075,66917.0,6.5082,297.98,262.63,1.0857,0.0,,35,,1.0341,0.19241,,,0.75906,0,,0,1,1,59,59,0,59.0,31339.0
39.6,55,100,47,0.0,65.97,106.54,0.0001,0,0.9,0,0.0021346,12.285,2.3665,61092,66942.0,6.5019,297.97,259.77,1.0896,0.0,,35,,1.0329,0.19242,,,0.76176,0,,0,1,1,59,59,0,59.0,32355.0
39.8,55,100,47,0.0,65.731,102.28,0.0001,0,0.9,0,0.0021217,12.268,2.4055,61109,66968.0,6.4967,297.97,258.84,1.0934,0.0,,35,,1.0354,0.19239,,,0.76443,0,,0,1,1,59,59,0,59.0,32206.0
40.0,55,100,47,0.0,67.554,100.09,0.0001,0,0.9,0,0.0021026,12.253,2.4446,61126,66994.0,6.4927,297.97,260.72,1.0972,0.0,,35,,1.0408,0.19232,,,0.76709,0,,0,1,1,59,59,0,59.0,32892.0
40.2,60,100,51,0.0,71.005,101.11,0.0001,0,1.1,0,0.0022914,13.95,2.4831,61147,67024.0,6.4876,298.0,267.09,1.0167,10.0,,35,,1.0436,0.19335,,,0.77531,0,,0,1,1,59,59,0,59.0,33407.0
40.4,60,100,51,0.0,76.505,107.74,0.0001,0,1.1,0,0.0022794,13.941,2.5216,61169,67055.0,6.4857,298.01,271.74,1.0162,10.0,,35,,1.0361,0.19342,,,0.7749,0,,0,1,1,59,59,0,59.0,33422.0
40.6,60,100,51,0.0,82.715,113.01,0.0001,0,1.1,0,0.0022718,13.913,2.5603,61192,67087.0,6.4858,298.01,272.77,1.0196,10.0,,35,,1.0496,0.19329,,,0.77753,0,,0,1,1,59,59,0,59.0,32939.0
40.8,60,100,51,0.0,88.898,114.56,0.0001,0,1.1,0,0.0022802,13.897,2.599,61217,67121.0,6.4892,298.02,275.38,1.0233,10.0,,35,,1.0472,0.1933,,,0.78035,0,,0,1,1,59,59,0,59.0,33622.0
41.0,60,100,51,0.0,93.742,118.24,0.0001,0,1.1,0,0.0022618,13.898,2.6378,61242,67155.0,6.4946,298.04,278.97,1.027,10.0,,35,,1.0463,0.1933,,,0.78319,0,,0,1,1,59,59,0,59.0,33472.0
41.2,60,100,51,0.0,96.425,123.4,0.0001,0,1.1,0,0.0022868,13.863,2.6765,61268,67190.0,6.5007,298.04,280.23,1.0308,10.0,,35,,1.0548,0.19322,,,0.78603,0,,0,1,1,59,59,0,59.0,34489.0
41.4,60,100,51,0.0,96.668,126.2,0.0001,0,1.1,0,0.0022299,13.865,2.7155,61294,67225.0,6.5065,298.04,281.32,1.0345,10.0,,35,,1.0603,0.19316,,,0.78885,0,,0,1,1,59,59,0,59.0,34340.0
41.6,60,100,51,0.0,94.6,129.02,0.0001,0,1.1,0,0.002194,13.867,2.7545,61319,67259.0,6.5126,298.04,280.38,1.0381,10.0,,35,,1.0643,0.19311,,,0.79162,0,,0,1,1,59,59,0,59.0,33858.0
41.8,60,100,51,0.0,90.071,129.54,0.0001,0,1.1,0,0.0022436,13.779,2.7934,61344,67293.0,6.5155,298.03,277.69,1.0417,10.0,,35,,1.0985,0.19278,,,0.79441,0,,0,1,1,59,59,0,59.0,34709.0
42.0,60,100,51,0.0,84.421,127.88,0.0001,0,1.1,0,0.0022938,13.712,2.8323,61367,67326.0,6.514,298.03,276.21,1.0454,10.0,,35,,1.1174,0.19259,,,0.79725,0,,0,1,1,59,59,0,59.0,34726.0
42.2,60,100,51,0.0,79.369,127.37,0.0001,0,1.1,0,0.0022555,13.698,2.8717,61390,67357.0,6.5073,298.02,274.8,1.0491,10.0,,35,,1.1209,0.19255,,,0.80008,0,,0,1,1,59,59,0,59.0,34246.0
42.4,60,100,51,0.0,76.99,126.72,0.0001,0,1.1,0,0.0022843,13.639,2.9111,61412,67388.0,6.4991,298.02,274.36,1.0529,10.0,,35,,1.1356,0.19241,,,0.80292,0,,0,1,1,59,59,0,59.0,35099.0
42.6,60,100,51,0.0,77.863,127.06,0.0001,0,1.1,0,0.002272,13.646,2.9508,61434,67420.0,6.4912,298.02,272.79,1.0566,10.0,,35,,1.1178,0.19257,,,0.80578,0,,0,1,1,59,59,0,59.0,34954.0
42.8,60,100,51,0.0,81.891,125.95,0.0001,0,1.1,0,0.0022686,13.636,2.9904,61457,67452.0,6.4878,298.0,268.34,1.0603,10.0,,35,,1.1192,0.19255,,,0.80863,0,,0,1,1,59,59,0,59.0,34975.0
43.0,60,100,51,0.0,87.294,121.2,0.0001,0,1.1,0,0.002252,13.636,3.03,61481,67485.0,6.485,297.98,263.8,1.064,10.0,,35,,1.1135,0.1926,,,0.81148,0,,0,1,1,59,59,0,59.0,35496.0
43.2,60,100,51,0.0,93.812,115.85,0.0001,0,1.1,0,0.0023277,13.589,3.0692,61507,67520.0,6.4886,297.98,262.47,1.0678,10.0,,35,,1.1138,0.19259,,,0.81438,0,,0,1,1,59,59,0,59.0,35848.0
43.4,60,100,51,0.0,98.886,113.77,0.0001,0,1.1,0,0.0023041,13.581,3.1089,61533,67555.0,6.4952,297.98,261.42,1.0716,10.0,,35,,1.1189,0.19253,,,0.81728,0,,0,1,1,59,59,0,59.0,35036.0
43.6,60,100,51,0.0,101.32,111.75,0.0001,0,1.1,0,0.0023083,13.574,3.1488,61560,67591.0,6.4999,297.97,258.59,1.0754,10.0,,35,,1.1161,0.19255,,,0.82018,0,,0,1,1,59,59,0,59.0,36058.0
43.8,60,100,51,0.0,101.91,107.46,0.0001,0,1.1,0,0.0022763,13.563,3.1892,61587,67628.0,6.5037,297.96,258.41,1.0792,10.0,,35,,1.1176,0.19253,,,0.82306,0,,0,1,1,59,59,0,59.0,36583.0
44.0,60,100,51,0.0,100.95,106.04,0.0001,0,1.1,0,0.0022469,13.548,3.2296,61614,67664.0,6.5068,297.96,256.38,1.0829,10.0,,35,,1.129,0.19241,,,0.82592,0,,0,1,1,59,59,0,59.0,36274.0
44.2,60,100,57,0.0,98.769,102.29,0.0001,0,1.1,0,0.0024919,13.354,3.2683,61641,67701.0,6.5031,297.98,262.28,1.0869,10.0,,35,,1.1732,0.19199,,,0.82893,0,,0,1,1,59,59,0,59.0,36291.0
44.4,60,100,57,0.0,98.086,107.84,0.0001,0,1.1,0,0.0024188,13.391,3.3075,61669,67738.0,6.4992,297.99,266.37,1.0909,10.0,,35,,1.1583,0.19212,,,0.83199,0,,0,1,1,59,59,0,59.0,36976.0
44.6,60,100,57,0.0,98.926,111.77,0.0001,0,1.1,0,0.0023281,13.406,3.3477,61696,67775.0,6.4903,298.0,267.93,1.0948,10.0,,35,,1.1587,0.19211,,,0.83499,0,,0,1,1,59,59,0,59.0,37500.0
44.8,60,100,57,0.0,103.33,113.25,0.0001,0,1.1,0,0.0022684,13.439,3.3885,61725,67812.0,6.4813,298.01,270.13,1.0986,10.0,,35,,1.1435,0.19224,,,0.83792,0,,0,1,1,59,59,0,59.0,37194.0
45.0,60,100,57,0.0,111.33,115.76,0.0001,0,1.1,0,0.0022515,13.45,3.4294,61755,67852.0,6.4774,298.02,273.52,1.1024,10.0,,35,,1.1259,0.1924,,,0.84084,0,,0,1,1,59,59,0,59.0,37721.0
45.2,60,100,57,0.0,120.89,119.97,0.0001,0,1.1,0,0.0022844,13.449,3.4702,61787,67893.0,6.4824,298.04,278.89,1.1062,10.0,,35,,1.1151,0.1925,,,0.84377,0,,0,1,1,59,59,0,59.0,37914.0
45.4,60,100,57,0.0,128.43,126.95,0.0001,0,1.1,0,0.0022289,13.511,3.5113,61820,67936.0,6.4869,298.04,280.66,1.11,10.0,,35,,1.0842,0.19278,,,0.84667,0,,0,1,1,59,59,0,59.0,37442.0
45.6,60,100,57,0.0,134.2,130.28,0.0001,0,1.1,0,0.0022447,13.481,3.5524,61855,67980.0,6.4936,298.06,284.67,1.1138,10.0,,35,,1.0918,0.1927,,,0.84956,0,,0,1,1,59,59,0,59.0,37971.0
45.8,60,100,57,0.0,137.26,136.59,0.0001,0,1.1,0,0.0023018,13.439,3.5935,61890,68024.0,6.502,298.06,286.48,1.1176,10.0,,35,,1.0984,0.19263,,,0.85248,0,,0,1,1,59,59,0,59.0,37165.0
46.0,60,100,57,0.0,137.0,140.75,0.0001,0,1.1,0,0.0023118,13.407,3.6346,61925,68069.0,6.5084,298.08,291.04,1.1215,10.0,,35,,1.1043,0.19257,,,0.85543,0,,0,1,1,59,59,0,59.0,37193.0
46.2,60,100,57,0.0,134.16,148.47,0.0001,0,1.1,0,0.0023005,13.404,3.6757,61960,68113.0,6.5123,298.08,292.55,1.1253,10.0,,35,,1.0929,0.19267,,,0.85838,0,,0,1,1,59,59,0,59.0,38055.0
46.4,60,100,57,0.0,129.76,153.07,0.0001,0,1.1,0,0.0022942,13.365,3.7168,61993,68156.0,6.5132,298.08,292.66,1.1292,10.0,,35,,1.1036,0.19256,,,0.86134,0,,0,1,1,59,59,0,59.0,38416.0
46.6,60,100,57,0.0,125.03,156.28,0.0001,0,1.1,0,0.0022596,13.347,3.7584,62026,68199.0,6.5125,298.08,291.39,1.133,10.0,,35,,1.1099,0.1925,,,0.86427,0,,0,1,1,59,59,0,59.0,38947.0
46.8,60,100,57,0.0,120.54,157.9,0.0001,0,1.1,0,0.0022628,13.298,3.8001,62058,68240.0,6.506,298.07,290.07,1.1369,10.0,,35,,1.1234,0.19236,,,0.86721,0,,0,1,1,59,59,0,59.0,38645.0
47.0,60,100,57,0.0,118.7,159.33,0.0001,0,1.1,0,0.0021858,13.324,3.8424,62089,68281.0,6.4987,298.06,286.47,1.1407,10.0,,35,,1.1127,0.19245,,,0.87012,0,,0,1,1,59,59,0,59.0,38513.0
47.2,60,100,57,0.0,119.72,157.89,0.0001,0,1.1,0,0.0021571,13.345,3.8847,62121,68322.0,6.4902,298.05,282.4,1.1444,10.0,,35,,1.0958,0.19261,,,0.87298,0,,0,1,1,59,59,0,59.0,39213.0
47.4,60,100,57,0.0,124.18,155.48,0.0001,0,1.1,0,0.0021839,13.293,3.9269,62153,68364.0,6.4829,298.02,275.56,1.1482,10.0,,35,,1.1076,0.19249,,,0.87587,0,,0,1,1,59,59,0,59.0,40080.0
47.6,60,100,57,0.0,131.53,149.29,0.0001,0,1.1,0,0.0021719,13.309,3.9691,62188,68407.0,6.4757,298.01,269.91,1.152,10.0,,35,,1.0989,0.19256,,,0.87876,0,,0,1,1,59,59,0,59.0,40614.0
47.8,60,100,57,0.0,141.76,143.69,0.0001,0,1.1,0,0.0021571,13.324,4.0113,62224,68453.0,6.4762,297.99,265.48,1.1557,10.0,,35,,1.0946,0.1926,,,0.88164,0,,0,1,1,59,59,0,59.0,39981.0
48.0,60,100,57,0.0,151.76,138.78,0.0001,0,1.1,0,0.0022142,13.301,4.0533,62262,68501.0,6.4802,297.98,263.02,1.1595,10.0,745.11,35,1896.8,1.0864,0.19267,3.8847,15.605,0.88454,0,49.959,0,1,1,59,59,0,59.0,40513.0
48.2,60,100,61,0.0,160.17,135.62,0.0001,0,1.1,0,0.0023655,13.194,4.0943,62302,68551.0,6.4874,297.99,264.92,1.1635,10.0,,35,,1.1088,0.19245,,,0.88758,0,,0,1,1,59,59,0,59.0,40541.0
48.4,60,100,61,0.0,165.73,137.24,0.0001,0,1.1,0,0.00232,13.226,4.1356,62344,68602.0,6.497,298.0,267.58,1.1675,10.0,,35,,1.0974,0.19255,,,0.89063,0,,0,1,1,59,59,0,59.0,39903.0
48.6,60,100,61,0.0,167.45,139.89,0.0001,0,1.1,0,0.0023371,13.181,4.1767,62386,68654.0,6.5065,298.0,269.38,1.1715,10.0,,35,,1.1079,0.19244,,,0.8937,0,,0,1,1,59,59,0,59.0,40598.0
48.8,60,100,61,0.0,165.35,141.85,0.0001,0,1.1,0,0.0022978,13.156,4.2183,62428,68706.0,6.5154,298.0,269.18,1.1755,10.0,,35,,1.1194,0.19232,,,0.89677,0,,0,1,1,59,59,0,59.0,40796.0
49.0,60,100,61,0.0,159.71,141.69,0.0001,0,1.1,0,0.0022134,13.184,4.2608,62468,68756.0,6.5242,298.01,270.09,1.1794,10.0,,35,,1.1115,0.19239,,,0.89978,0,,0,1,1,59,59,0,59.0,40997.0
49.2,60,100,61,0.0,150.54,142.88,0.0001,0,1.1,0,0.0022058,13.142,4.3036,62507,68804.0,6.5314,298.0,267.84,1.1833,10.0,,35,,1.1208,0.19229,,,0.90276,0,,0,1,1,59,59,0,59.0,41033.0
49.4,60,100,61,0.0,138.49,140.42,0.0001,0,1.1,0,0.0022219,13.069,4.3462,62543,68850.0,6.5358,297.99,265.47,1.1872,10.0,,35,,1.1445,0.19206,,,0.90574,0,,0,1,1,59,59,0,59.0,41402.0
49.6,60,100,61,0.0,124.69,137.61,0.0001,0,1.1,0,0.0022176,13.002,4.3893,62576,68893.0,6.5352,298.0,266.94,1.1911,10.0,,35,,1.1688,0.19182,,,0.90874,0,,0,1,1,59,59,0,59.0,42107.0
49.8,60,100,61,0.0,111.14,139.04,0.0001,0,1.1,0,0.0022071,12.964,4.4327,62607,68934.0,6.5314,298.01,270.2,1.195,10.0,,35,,1.168,0.19183,,,0.91173,0,,0,1,1,59,59,0,59.0,41980.0
50.0,60,100,61,0.0,99.124,142.65,0.0001,0,1.1,0,0.002167,12.933,4.4765,62635,68972.0,6.526,298.02,274.19,1.1989,10.0,,35,,1.1728,0.19177,,,0.9147,0,,0,1,1,59,59,0,59.0,42021.0
50.2,60,100,61,0.0,89.252,147.49,0.0001,500,1.1,0,0.002199,14.135,4.5132,62762,69108.0,6.5172,297.92,245.92,1.2028,10.0,,35,,0.88173,0.19451,,,0.9177,0,,0,1,1,59,59,0,59.0,43368.0
50.4,60,100,61,0.0,82.904,44.246,195.03,500,1.1,0,0.0022395,14.093,4.5497,62887,69243.0,6.5056,298.52,421.35,1.2068,10.0,,35,,0.87135,0.1946,,,0.92073,0,,0,1,1,59,59,0,59.0,42380.0
50.6,60,100,61,0.0,81.209,247.72,19.503,500,1.1,0,0.0021755,14.114,4.5864,63011,69377.0,6.4945,298.38,381.48,1.2107,10.0,,35,,0.88457,0.19447,,,0.92374,0,,0,1,1,59,59,0,59.0,42392.0
50.8,60,100,61,0.0,83.932,216.1,1.9503,500,1.1,0,0.0021733,14.14,4.6225,63136,69512.0,6.4854,298.22,332.29,1.2146,10.0,,35,,0.88384,0.19447,,,0.92673,0,,0,1,1,59,59,0,59.0,42569.0
51.0,60,100,61,0.0,90.271,174.11,0.19503,500,1.1,0,0.0021253,14.207,4.659,63263,69648.0,6.4812,298.1,297.8,1.2185,10.0,,35,,0.87413,0.19455,,,0.92968,0,,0,1,1,59,59,0,59.0,42748.0
51.2,60,100,61,0.0,98.301,143.36,0.019503,500,1.1,0,0.0021376,14.215,4.6954,63391,69786.0,6.4828,298.01,271.57,1.2224,10.0,,35,,0.86922,0.19459,,,0.93264,0,,0,1,1,59,59,0,59.0,43426.0
51.4,60,100,61,0.0,105.68,117.54,0.0019503,500,1.1,0,0.002134,14.274,4.7318,63521,69926.0,6.4858,297.94,248.42,1.2262,10.0,,35,,0.85073,0.19476,,,0.9356,0,,0,1,1,59,59,0,59.0,42437.0
51.6,60,100,61,0.0,111.89,35.261,131.72,500,1.1,0,0.0021412,14.288,4.7682,63651,70066.0,6.4903,298.33,365.04,1.2301,10.0,,35,,0.85012,0.19476,,,0.93856,0,,0,1,1,59,59,0,59.0,43782.0
51.8,60,100,61,0.0,116.3,168.43,13.172,500,1.1,0,0.0021281,14.303,4.8047,63783,70208.0,6.4944,298.23,337.36,1.234,10.0,,35,,0.85318,0.19472,,,0.94152,0,,0,1,1,59,59,0,59.0,44627.0
52.0,60,100,61,0.0,119.04,145.77,1.3172,500,1.1,0,0.0021362,14.295,4.8412,63915,70350.0,6.5,298.13,305.83,1.2378,10.0,,35,,0.87139,0.19454,,,0.94449,0,,0,1,1,59,59,0,59.0,43306.0
52.2,60,100,65,0.0,119.55,118.88,0.13172,500,1.1,0,0.0023089,14.176,4.8767,64048,70493.0,6.5019,298.06,285.02,1.2419,10.0,,35,,0.90537,0.19421,,,0.94759,0,,0,1,1,59,59,0,59.0,44813.0
52.4,60,100,65,0.0,119.33,100.55,0.013172,500,1.1,0,0.0022768,14.21,4.9126,64181,70636.0,6.5023,298.01,269.46,1.246,10.0,,35,,0.90331,0.19422,,,0.95074,0,,0,1,1,59,59,0,59.0,44655.0
52.6,60,100,65,0.0,118.92,85.431,0.0013172,500,1.1,0,0.0022999,14.207,4.948,64314,70779.0,6.5035,297.97,258.18,1.2501,10.0,,35,,0.90075,0.19424,,,0.9539,0,,0,1,1,59,59,0,59.0,44495.0
52.8,60,100,65,0.0,118.03,73.175,0.00013172,500,1.1,0,0.002247,14.264,4.984,64447,70922.0,6.5062,297.94,248.29,1.2542,10.0,,35,,0.88562,0.19437,,,0.95704,0,,0,1,1,59,59,0,59.0,44671.0
53.0,60,100,65,0.0,116.07,21.952,86.205,500,1.1,0,0.0021723,14.342,5.0203,64579,71065.0,6.5089,298.2,327.98,1.2582,10.0,,35,,0.86062,0.1946,,,0.96011,0,,0,1,1,59,59,0,59.0,45015.0
53.2,60,100,65,0.0,113.04,110.75,8.6205,500,1.1,0,0.0021677,14.356,5.0565,64711,71206.0,6.5129,298.17,319.36,1.2622,10.0,,35,,0.85283,0.19467,,,0.96316,0,,0,1,1,59,59,0,59.0,44859.0
53.4,60,100,65,0.0,108.39,106.48,0.86205,500,1.1,0,0.0021157,14.405,5.0931,64842,71347.0,6.5174,298.12,304.4,1.2661,10.0,,35,,0.83886,0.19479,,,0.96617,0,,0,1,1,59,59,0,59.0,45372.0
53.6,60,100,65,0.0,101.96,96.168,0.086205,500,1.1,0,0.0020933,14.414,5.13,64971,71487.0,6.5195,298.09,293.7,1.27,10.0,,35,,0.83998,0.19477,,,0.96915,0,,0,1,1,59,59,0,59.0,45552.0
53.8,60,100,65,0.0,94.669,89.017,0.0086205,500,1.1,0,0.0020501,14.448,5.1673,65099,71625.0,6.5197,298.06,284.9,1.2739,10.0,,35,,0.83198,0.19484,,,0.97209,0,,0,1,1,59,59,0,59.0,45568.0
54.0,60,100,65,0.0,87.312,82.621,0.00086205,500,1.1,0,0.002073,14.433,5.2045,65225,71761.0,6.5142,298.03,277.23,1.2777,10.0,,35,,0.83663,0.19479,,,0.97503,0,,0,1,1,59,59,0,59.0,45917.0
54.2,60,100,65,0.0,82.185,76.391,0.0001,500,1.1,0,0.0020708,14.423,5.2413,65351,71896.0,6.505,298.01,271.42,1.2816,10.0,,35,,0.85101,0.19465,,,0.97798,0,,0,1,1,59,59,0,59.0,45764.0
54.4,60,100,65,0.0,80.714,71.294,0.0001,500,1.1,0,0.002042,14.426,5.2787,65476,72032.0,6.4941,298.0,266.49,1.2854,10.0,,35,,0.86603,0.1945,,,0.98091,0,,0,1,1,59,59,0,59.0,45947.0
54.6,60,100,65,0.0,83.615,66.457,0.0001,500,1.1,0,0.0019856,14.494,5.3161,65602,72167.0,6.4843,297.98,259.92,1.2892,10.0,,35,,0.85565,0.19459,,,0.9838,0,,0,1,1,59,59,0,59.0,46963.0
54.8,60,100,65,0.0,90.429,59.156,0.0001,500,1.1,0,0.0019628,14.543,5.3531,65729,72304.0,6.4748,297.96,254.4,1.2929,10.0,,35,,0.84664,0.19466,,,0.98664,0,,0,1,1,59,59,0,59.0,46144.0
55.0,60,100,65,0.0,101.02,52.295,0.0001,500,1.1,0,0.0019452,14.602,5.3897,65858,72443.0,6.4692,297.94,247.93,1.2965,10.0,,35,,0.8357,0.19476,,,0.98946,0,,0,1,1,59,59,0,59.0,47323.0
55.2,60,100,65,0.0,113.86,15.689,66.403,500,1.1,0,0.0019632,14.63,5.426,65990,72585.0,6.4675,298.13,307.61,1.3002,10.0,,35,,0.83108,0.1948,,,0.99228,0,,0,1,1,59,59,0,59.0,46167.0
55.4,60,100,65,0.0,127.38,80.129,6.6403,500,1.1,0,0.0019458,14.682,5.4621,66124,72729.0,6.4655,298.12,302.61,1.3039,10.0,,35,,0.82026,0.19489,,,0.9951,0,,0,1,1,59,59,0,59.0,46678.0
55.6,60,100,65,0.0,141.72,78.049,0.66403,500,1.1,0,0.0019018,14.755,5.498,66262,72876.0,6.469,298.08,292.46,1.3076,10.0,,35,,0.80979,0.19498,,,0.99789,0,,0,1,1,59,59,0,59.0,46853.0
55.8,60,100,65,0.0,154.63,71.218,0.066403,500,1.1,0,0.0019345,14.777,5.5337,66402,73026.0,6.473,298.05,283.4,1.3112,10.0,,35,,0.80407,0.19503,,,1.0007,0,,0,1,1,59,59,0,59.0,46528.0
56.0,60,100,65,0.0,165.96,64.525,0.0066403,500,1.1,0,0.0019214,14.821,5.5692,66544,73178.0,6.4817,298.02,272.89,1.3149,10.0,,35,,0.8021,0.19504,,,1.0035,0,,0,1,1,59,59,0,59.0,47035.0
56.2,60,100,72,0.0,173.8,55.127,0.00066403,500,1.1,0,0.0021274,14.698,5.6045,66689,73333.0,6.489,298.0,266.67,1.3187,10.0,,34,,0.84052,0.19467,,,1.0064,0,,0,1,1,59,59,0,59.0,47708.0
56.4,60,100,72,0.0,178.73,49.263,0.0001,500,1.1,0,0.0022072,14.666,5.6396,66835,73489.0,6.4927,297.99,263.1,1.3227,10.0,,34,,0.85236,0.19455,,,1.0095,0,,0,1,1,59,59,0,59.0,47379.0
56.6,60,100,72,0.0,182.2,45.472,0.0001,500,1.1,0,0.0022001,14.701,5.6746,66982,73646.0,6.5003,297.98,259.38,1.3268,10.0,,34,,0.85115,0.19456,,,1.0126,0,,0,1,1,59,59,0,59.0,48550.0
56.8,60,100,72,0.0,182.57,41.052,0.0001,500,1.1,0,0.0022305,14.691,5.7094,67129,73804.0,6.5059,297.97,256.87,1.3309,10.0,,34,,0.8589,0.19447,,,1.0157,0,,0,1,1,59,59,0,59.0,47888.0
57.0,60,100,72,0.0,180.74,37.513,0.0001,500,1.1,0,0.0022551,14.698,5.7441,67275,73960.0,6.5098,297.96,255.66,1.335,10.0,,34,,0.85422,0.19451,,,1.0189,0,,0,1,1,59,59,0,59.0,47891.0
57.2,60,100,72,0.0,177.36,35.079,0.0001,500,1.1,0,0.0022598,14.689,5.7789,67421,74116.0,6.5142,297.96,255.51,1.3391,10.0,,34,,0.86812,0.19437,,,1.0221,0,,0,1,1,59,59,0,59.0,47727.0
57.4,60,100,72,0.0,172.2,33.635,0.0001,500,1.1,0,0.0022676,14.675,5.8136,67565,74272.0,6.5207,297.97,255.97,1.3432,10.0,,34,,0.88592,0.1942,,,1.0252,0,,0,1,1,59,59,0,59.0,48564.0
57.6,60,100,72,0.0,164.43,32.8,0.0001,500,1.1,0,0.0022277,14.71,5.8486,67709,74425.0,6.5217,297.97,256.4,1.3473,10.0,,34,,0.8813,0.19423,,,1.0284,0,,0,1,1,59,59,0,59.0,49235.0
57.8,60,100,72,0.0,156.29,31.988,0.0001,500,1.1,0,0.0022701,14.669,5.8838,67850,74577.0,6.5212,297.97,257.36,1.3514,10.0,,34,,0.89743,0.19407,,,1.0315,0,,0,1,1,59,59,0,59.0,49074.0
58.0,60,100,72,0.0,148.32,31.784,0.0001,500,1.1,0,0.0022445,14.665,5.9193,67990,74727.0,6.5203,297.97,258.52,1.3556,10.0,,34,,0.9073,0.19397,,,1.0347,0,,0,1,1,59,59,0,59.0,50248.0
58.2,60,100,72,0.0,140.71,31.912,0.0001,500,1.1,0,0.0022079,14.652,5.9553,68128,74876.0,6.5174,297.98,259.41,1.3597,10.0,,34,,0.92977,0.19375,,,1.0378,0,,0,1,1,59,59,0,59.0,49924.0
58.4,60,100,72,0.0,134.28,31.868,0.0001,500,1.1,0,0.0022269,14.605,5.9916,68265,75024.0,6.5137,297.98,261.77,1.3638,10.0,,34,,0.95305,0.19352,,,1.041,0,,0,1,1,59,59,0,59.0,49435.0
58.6,60,100,72,0.0,129.31,33.519,0.0001,500,1.1,0,0.0021862,14.604,6.028,68401,75170.0,6.5089,297.99,263.5,1.368,10.0,,34,,0.97536,0.19331,,,1.0442,0,,0,1,1,59,59,0,59.0,50113.0
58.8,60,100,72,0.0,126.29,34.724,0.0001,500,1.1,0,0.0021161,14.66,6.0644,68537,75316.0,6.5045,297.99,264.49,1.372,10.0,,34,,0.97038,0.19335,,,1.0473,0,,0,1,1,59,59,0,59.0,49791.0
59.0,60,100,72,0.0,125.02,35.353,0.0001,500,1.1,0,0.002042,14.725,6.1009,68672,75461.0,6.4954,297.99,264.27,1.376,10.0,,34,,0.95563,0.19348,,,1.0503,0,,0,1,1,59,59,0,59.0,49470.0
59.2,60,100,72,0.0,127.4,34.819,0.0001,500,1.1,0,0.0020271,14.746,6.137,68808,75607.0,6.4874,297.99,263.38,1.3799,10.0,,34,,0.95749,0.19345,,,1.0533,0,,0,1,1,59,59,0,59.0,50313.0
59.4,60,100,72,0.0,132.96,33.562,0.0001,500,1.1,0,0.0020602,14.729,6.1728,68944,75754.0,6.4845,297.99,262.85,1.3838,10.0,,34,,0.9779,0.19325,,,1.0563,0,,0,1,1,59,59,0,59.0,50322.0
59.6,60,100,72,0.0,139.67,32.617,0.0001,500,1.1,0,0.0020503,14.752,6.2084,69082,75903.0,6.4828,297.99,262.38,1.3878,10.0,,34,,0.98064,0.19322,,,1.0594,0,,0,1,1,59,59,0,59.0,50996.0
59.8,60,100,72,0.0,147.06,31.655,0.0001,500,1.1,0,0.0020346,14.769,6.2441,69222,76053.0,6.4858,297.98,261.11,1.3918,10.0,,34,,0.98943,0.19313,,,1.0624,0,,0,1,1,59,59,0,59.0,50504.0
60.0,60,100,72,0.0,153.25,29.793,0.0001,500,1.1,0,0.0020627,14.774,6.2795,69363,76204.0,6.49,297.98,260.21,1.3958,10.0,1160.0,34,1875.2,0.99066,0.19311,6.137,17.084,1.0655,0,41.417,0,1,1,59,59,0,59.0,50844.0
60.2,60,100,76,0.0,157.78,28.202,0.0001,500,1.1,0,0.0021542,14.727,6.3144,69505,76357.0,6.4944,297.98,260.48,1.3999,10.0,,33,,1.0166,0.19286,,,1.0686,0,,0,1,1,59,59,0,59.0,52181.0
60.4,60,100,76,0.0,160.53,27.731,0.0001,500,1.1,0,0.0021635,14.734,6.349,69648,76510.0,6.4988,297.98,261.08,1.4041,10.0,,33,,1.0217,0.1928,,,1.0719,0,,0,1,1,59,59,0,59.0,51017.0
60.6,60,100,76,0.0,161.52,27.617,0.0001,500,1.1,0,0.0021912,14.72,6.3838,69791,76664.0,6.5041,297.99,262.68,1.4083,10.0,,33,,1.0364,0.19265,,,1.0751,0,,0,1,1,59,59,0,59.0,51021.0
60.8,60,100,76,0.0,160.41,28.617,0.0001,500,1.1,0,0.0021908,14.716,6.4185,69934,76818.0,6.5077,297.99,264.07,1.4126,10.0,,33,,1.0582,0.19244,,,1.0784,0,,0,1,1,59,59,0,59.0,52524.0
61.0,60,100,76,0.0,157.84,29.555,0.0001,500,1.1,0,0.0022656,14.651,6.4532,70077,76971.0,6.507,298.0,266.9,1.4169,10.0,,33,,1.088,0.19215,,,1.0817,0,,0,1,1,59,59,0,59.0,52027.0
61.2,60,100,76,0.0,155.56,32.155,0.0001,500,1.1,0,0.002271,14.653,6.4879,70219,77124.0,6.5057,298.01,269.96,1.4213,10.0,,33,,1.0939,0.19209,,,1.085,0,,0,1,1,59,59,0,59.0,51030.0
61.4,60,100,76,0.0,153.79,35.284,0.0001,500,1.1,0,0.0022072,14.705,6.523,70360,77276.0,6.5016,298.01,271.28,1.4256,10.0,,33,,1.0883,0.19213,,,1.0884,0,,0,1,1,59,59,0,59.0,52202.0
61.6,60,100,76,0.0,153.68,36.941,0.0001,500,1.1,0,0.0021992,14.695,6.558,70502,77428.0,6.4933,298.02,272.62,1.4299,10.0,,33,,1.0996,0.19201,,,1.0917,0,,0,1,1,59,59,0,59.0,52873.0
61.8,60,100,76,0.0,156.89,38.792,0.0001,500,1.1,0,0.0021691,14.741,6.5928,70644,77581.0,6.4887,298.02,272.53,1.4342,10.0,,33,,1.0883,0.19211,,,1.095,0,,0,1,1,59,59,0,59.0,52377.0
62.0,60,100,76,0.0,161.92,39.307,0.0001,500,1.1,0,0.0021184,14.8,6.6274,70787,77735.0,6.4865,298.01,271.2,1.4385,10.0,,33,,1.0769,0.19221,,,1.0983,0,,0,1,1,59,59,0,59.0,53380.0
62.2,60,100,76,0.0,167.85,38.558,0.0001,500,1.1,0,0.0021396,14.804,6.662,70931,77890.0,6.4865,298.01,269.71,1.4428,10.0,,33,,1.0786,0.19219,,,1.1015,0,,0,1,1,59,59,0,59.0,52382.0
62.4,60,100,76,0.0,173.77,37.524,0.0001,500,1.1,0,0.0021172,14.837,6.6966,71077,78047.0,6.488,298.0,267.54,1.4471,10.0,,33,,1.0801,0.19217,,,1.1048,0,,0,1,1,59,59,0,59.0,52551.0
62.6,60,100,76,0.0,179.08,35.629,0.0001,500,1.1,0,0.002067,14.877,6.7312,71223,78204.0,6.492,297.99,264.86,1.4513,10.0,,33,,1.0806,0.19215,,,1.1081,0,,0,1,1,59,59,0,59.0,52720.0
62.8,60,100,76,0.0,182.79,32.979,0.0001,500,1.1,0,0.0020421,14.918,6.7653,71371,78362.0,6.4999,297.98,261.29,1.4555,10.0,,33,,1.0754,0.19219,,,1.1113,0,,0,1,1,59,59,0,59.0,53387.0
63.0,60,100,76,0.0,183.33,29.14,0.0001,500,1.1,0,0.0020225,14.933,6.7994,71518,78520.0,6.5069,297.97,258.0,1.4597,10.0,,33,,1.0808,0.19213,,,1.1145,0,,0,1,1,59,59,0,59.0,53554.0
63.2,60,100,76,0.0,181.12,25.207,0.0001,500,1.1,0,0.002032,14.937,6.8334,71665,78678.0,6.5107,297.97,255.53,1.4638,10.0,,33,,1.0873,0.19206,,,1.1177,0,,0,1,1,59,59,0,59.0,53887.0
63.4,60,100,76,0.0,177.36,21.752,0.0001,500,1.1,0,0.0020748,14.906,6.8675,71811,78835.0,6.5149,297.96,254.84,1.468,10.0,,33,,1.105,0.19189,,,1.1209,0,,0,1,1,59,59,0,59.0,53221.0
63.6,60,100,76,0.0,171.93,19.819,0.0001,500,1.1,0,0.0020132,14.965,6.9021,71956,78990.0,6.5187,297.96,253.04,1.4722,10.0,,33,,1.096,0.19197,,,1.1241,0,,0,1,1,59,59,0,59.0,54390.0
63.8,60,100,76,0.0,164.96,16.652,0.0001,500,1.1,0,0.0019717,14.979,6.9372,72100,79145.0,6.5193,297.95,250.85,1.4763,10.0,,33,,1.103,0.19189,,,1.1272,0,,0,1,1,59,59,0,59.0,55228.0
64.0,60,100,76,0.0,157.78,12.909,0.0001,500,1.1,0,0.0020051,14.948,6.9723,72242,79298.0,6.5165,297.95,250.19,1.4804,10.0,,33,,1.1233,0.19169,,,1.1304,0,,0,1,1,59,59,0,59.0,53900.0
64.2,60,100,80,0.0,151.69,10.489,0.0001,500,1.1,0,0.0021262,14.865,7.007,72384,79450.0,6.5129,297.96,252.94,1.4847,10.0,,32,,1.1587,0.19135,,,1.1336,0,,0,1,1,59,59,0,59.0,53570.0
64.4,60,100,80,0.0,147.04,11.429,0.0001,500,1.1,0,0.002115,14.844,7.0416,72525,79602.0,6.5079,297.97,255.97,1.489,10.0,,32,,1.187,0.19108,,,1.137,0,,0,1,1,59,59,0,59.0,54739.0
64.6,60,100,80,0.0,144.42,12.883,0.0001,500,1.1,0,0.002091,14.877,7.0765,72665,79753.0,6.5041,297.98,258.71,1.4933,10.0,,32,,1.183,0.1911,,,1.1403,0,,0,1,1,59,59,0,59.0,54243.0
64.8,60,100,80,0.0,143.31,14.357,0.0001,500,1.1,0,0.002117,14.852,7.1111,72805,79904.0,6.503,297.98,261.87,1.4977,10.0,,32,,1.2056,0.19088,,,1.1436,0,,0,1,1,59,59,0,59.0,55746.0
65.0,60,100,80,0.0,142.62,16.552,0.0001,500,1.1,0,0.0020618,14.908,7.1461,72945,80055.0,6.5032,297.99,263.51,1.502,10.0,,32,,1.1974,0.19095,,,1.1469,0,,0,1,1,59,59,0,59.0,54584.0
65.2,60,100,80,0.0,141.87,17.557,0.0001,500,1.1,0,0.0020694,14.923,7.1813,73084,80206.0,6.5051,297.99,265.19,1.5063,10.0,,32,,1.1966,0.19095,,,1.1502,0,,0,1,1,59,59,0,59.0,54589.0
65.4,60,100,80,0.0,140.35,18.81,0.0001,500,1.1,0,0.0020387,14.956,7.2166,73224,80356.0,6.5072,298.0,265.7,1.5105,10.0,,32,,1.198,0.19093,,,1.1535,0,,0,1,1,59,59,0,59.0,56429.0
65.6,60,100,80,0.0,137.98,19.063,0.0001,500,1.1,0,0.0020238,14.986,7.2518,73363,80506.0,6.5094,298.0,266.4,1.5147,10.0,,32,,1.1877,0.19102,,,1.1567,0,,0,1,1,59,59,0,59.0,56768.0
65.8,60,100,80,0.0,134.76,19.595,0.0001,500,1.1,0,0.0020428,14.964,7.2869,73501,80655.0,6.5105,298.0,268.49,1.519,10.0,,32,,1.2058,0.19084,,,1.1599,0,,0,1,1,59,59,0,59.0,55606.0
66.0,60,100,80,0.0,131.08,21.574,0.0001,500,1.1,0,0.0020104,14.997,7.3223,73639,80803.0,6.5149,298.01,269.59,1.5232,10.0,,32,,1.2042,0.19085,,,1.1632,0,,0,1,1,59,59,0,59.0,55779.0
66.2,60,100,80,0.0,125.61,22.765,0.0001,500,1.1,0,0.0019403,15.05,7.3577,73775,80951.0,6.5173,298.0,268.81,1.5273,10.0,,32,,1.1945,0.19093,,,1.1663,0,,0,1,1,59,59,0,59.0,56286.0
66.4,60,100,80,0.0,119.22,22.227,0.0001,500,1.1,0,0.0019499,15.035,7.3937,73910,81097.0,6.5194,298.0,268.13,1.5314,10.0,,32,,1.2066,0.19081,,,1.1695,0,,0,1,1,59,59,0,59.0,55962.0
66.6,60,100,80,0.0,111.99,21.75,0.0001,500,1.1,0,0.0019717,15.004,7.4294,74044,81241.0,6.5192,298.0,268.52,1.5356,10.0,,32,,1.2282,0.19059,,,1.1727,0,,0,1,1,59,59,0,59.0,57137.0
66.8,60,100,80,0.0,104.84,22.247,0.0001,500,1.1,0,0.0019854,14.996,7.4656,74176,81384.0,6.515,298.01,269.6,1.5398,10.0,,32,,1.2384,0.19049,,,1.1759,0,,0,1,1,59,59,0,59.0,56647.0
67.0,60,100,80,0.0,99.363,23.456,0.0001,500,1.1,0,0.0019826,15.005,7.5019,74307,81526.0,6.5116,298.01,270.73,1.544,10.0,,32,,1.2362,0.1905,,,1.1791,0,,0,1,1,59,59,0,59.0,56658.0
67.2,60,100,80,0.0,95.225,24.81,0.0001,500,1.1,0,0.0019736,15.036,7.5384,74437,81668.0,6.5062,298.01,272.14,1.5482,10.0,,32,,1.2252,0.1906,,,1.1824,0,,0,1,1,59,59,0,59.0,57170.0
67.4,60,100,80,0.0,93.264,26.554,0.0001,500,1.1,0,0.0019286,15.077,7.5745,74567,81808.0,6.5,298.01,272.31,1.5524,10.0,,32,,1.2201,0.19064,,,1.1856,0,,0,1,1,59,59,0,59.0,57680.0
67.6,60,100,80,0.0,93.798,27.223,0.0001,500,1.1,0,0.001893,15.114,7.6101,74697,81949.0,6.4961,298.01,271.39,1.5565,10.0,,32,,1.2146,0.19068,,,1.1888,0,,0,1,1,59,59,0,59.0,57854.0
67.8,60,100,80,0.0,95.881,26.867,0.0001,500,1.1,0,0.0018691,15.149,7.6457,74828,82090.0,6.4929,298.01,269.48,1.5606,10.0,,32,,1.2134,0.19069,,,1.1919,0,,0,1,1,59,59,0,59.0,58362.0
68.0,60,100,80,0.0,99.223,25.466,0.0001,500,1.1,0,0.0018303,15.2,7.6817,74959,82232.0,6.4919,298.0,267.36,1.5646,10.0,,32,,1.2016,0.19079,,,1.195,0,,0,1,1,59,59,0,59.0,58538.0
68.2,60,100,84,0.0,102.98,23.684,0.0001,500,1.1,0,0.0018844,15.184,7.7178,75091,82376.0,6.4916,298.0,266.63,1.5687,10.0,,31,,1.216,0.19065,,,1.1981,0,,0,1,1,59,59,0,59.0,58381.0
68.4,60,100,84,0.0,106.87,23.036,0.0001,500,1.1,0,0.0018886,15.205,7.7539,75225,82520.0,6.4932,297.99,265.36,1.5728,10.0,,31,,1.2188,0.19061,,,1.2013,0,,0,1,1,59,59,0,59.0,57891.0
68.6,60,100,84,0.0,110.1,21.758,0.0001,500,1.1,0,0.0018694,15.226,7.7899,75359,82665.0,6.4963,297.99,264.47,1.5769,10.0,,31,,1.2217,0.19058,,,1.2044,0,,0,1,1,59,59,0,59.0,57901.0
68.8,60,100,84,0.0,112.11,20.733,0.0001,500,1.1,0,0.00186,15.26,7.8255,75493,82810.0,6.5016,297.99,263.21,1.581,10.0,,31,,1.2192,0.19059,,,1.2076,0,,0,1,1,59,59,0,59.0,58241.0
69.0,60,100,84,0.0,111.99,19.24,0.0001,500,1.1,0,0.0018541,15.285,7.861,75627,82955.0,6.5091,297.99,262.23,1.5851,10.0,,31,,1.2148,0.19063,,,1.2107,0,,0,1,1,59,59,0,59.0,57915.0
69.2,60,100,84,0.0,108.85,17.899,0.0001,500,1.1,0,0.0017919,15.323,7.8964,75761,83100.0,6.5157,297.98,260.34,1.5892,10.0,,31,,1.2173,0.19059,,,1.2138,0,,0,1,1,59,59,0,59.0,58755.0
69.4,60,100,84,0.0,103.08,15.57,0.0001,500,1.1,0,0.0018342,15.282,7.9317,75893,83243.0,6.52,297.98,260.17,1.5932,10.0,,31,,1.2413,0.19036,,,1.2169,0,,0,1,1,59,59,0,59.0,59428.0
69.6,60,100,84,0.0,95.593,14.73,0.0001,500,1.1,0,0.0018212,15.286,7.9669,76024,83385.0,6.5206,297.98,260.76,1.5973,10.0,,31,,1.2512,0.19026,,,1.2201,0,,0,1,1,59,59,0,59.0,59100.0
69.8,60,100,84,0.0,87.874,14.567,0.0001,500,1.1,0,0.0017746,15.345,8.0024,76154,83525.0,6.5191,297.98,260.87,1.6014,10.0,,31,,1.2305,0.19045,,,1.2232,0,,0,1,1,59,59,0,59.0,59774.0
70.0,60,100,84,0.0,80.749,13.981,0.0001,500,1.1,0,0.0017587,15.341,8.0377,76282,83664.0,6.5139,297.98,261.25,1.6054,10.0,,31,,1.2434,0.19032,,,1.2263,0,,0,1,1,59,59,0,59.0,59780.0
70.2,60,100,84,0.0,75.735,13.689,0.0001,500,1.1,0,0.001748,15.34,8.073,76409,83802.0,6.5065,297.99,262.05,1.6094,10.0,,31,,1.2591,0.19016,,,1.2293,0,,0,1,1,59,59,0,59.0,59786.0
70.4,60,100,84,0.0,73.648,13.819,0.0001,500,1.1,0,0.0017505,15.368,8.1085,76536,83939.0,6.4996,297.99,263.06,1.6134,10.0,,31,,1.251,0.19023,,,1.2324,0,,0,1,1,59,59,0,59.0,60626.0
70.6,60,100,84,0.0,74.308,14.238,0.0001,500,1.1,0,0.0017642,15.379,8.1441,76662,84077.0,6.494,297.99,264.17,1.6174,10.0,,31,,1.254,0.19019,,,1.2355,0,,0,1,1,59,59,0,59.0,60633.0
70.8,60,100,84,0.0,77.211,14.838,0.0001,500,1.1,0,0.0017516,15.412,8.1795,76789,84215.0,6.4922,297.99,264.65,1.6214,10.0,,31,,1.249,0.19023,,,1.2386,0,,0,1,1,59,59,0,59.0,59973.0
71.0,60,100,84,0.0,80.844,14.953,0.0001,500,1.1,0,0.00181,15.38,8.2149,76917,84354.0,6.4917,298.0,266.27,1.6255,10.0,,31,,1.2729,0.19,,,1.2417,0,,0,1,1,59,59,0,59.0,59980.0
71.2,60,100,84,0.0,84.68,16.224,0.0001,500,1.1,0,0.0017614,15.429,8.2502,77046,84494.0,6.4946,298.0,266.6,1.6296,10.0,,31,,1.2685,0.19003,,,1.2449,0,,0,1,1,59,59,0,59.0,60820.0
71.4,60,100,84,0.0,87.355,16.401,0.0001,500,1.1,0,0.0017046,15.496,8.2856,77175,84634.0,6.4989,297.99,265.22,1.6336,10.0,,31,,1.2519,0.19018,,,1.2479,0,,0,1,1,59,59,0,59.0,61159.0
71.6,60,100,84,0.0,88.301,15.012,0.0001,500,1.1,0,0.0016797,15.531,8.3208,77305,84774.0,6.5027,297.99,263.48,1.6376,10.0,,31,,1.248,0.19021,,,1.251,0,,0,1,1,59,59,0,59.0,61498.0
71.8,60,100,84,0.0,87.759,13.184,0.0001,500,1.1,0,0.0016629,15.555,8.3562,77434,84914.0,6.5056,297.98,261.26,1.6414,10.0,,31,,1.2524,0.19016,,,1.2539,0,,0,1,1,59,59,0,59.0,61671.0
72.0,60,100,84,0.0,86.056,10.732,0.0001,500,1.1,0,0.0016602,15.572,8.3917,77563,85054.0,6.5056,297.98,259.71,1.6453,10.0,1407.5,31,1798.5,1.2523,0.19016,8.2502,18.111,1.2569,0,25.918,0,1,1,59,59,0,59.0,61679.0
72.2,60,100,90,0.0,84.341,8.6901,0.0001,500,1.1,0,0.0017193,15.546,8.4278,77693,85195.0,6.504,297.98,260.0,1.6493,10.0,,30,,1.2748,0.18993,,,1.26,0,,0,1,1,59,59,0,59.0,61855.0
72.4,60,100,90,0.0,83.249,8.2205,0.0001,500,1.1,0,0.0017484,15.545,8.4644,77823,85335.0,6.5004,297.98,261.4,1.6533,10.0,,30,,1.2843,0.18984,,,1.263,0,,0,1,1,59,59,0,59.0,60868.0
72.6,60,100,90,0.0,83.631,8.783,0.0001,500,1.1,0,0.0017741,15.518,8.501,77952,85476.0,6.4959,297.99,263.5,1.6574,10.0,,30,,1.3115,0.18957,,,1.2662,0,,0,1,1,59,59,0,59.0,62213.0
72.8,60,100,90,0.0,85.788,10.13,0.0001,500,1.1,0,0.0017442,15.551,8.5373,78082,85617.0,6.4931,297.99,264.65,1.6615,10.0,,30,,1.3168,0.18951,,,1.2693,0,,0,1,1,59,59,0,59.0,62058.0
73.0,60,100,90,0.0,89.059,10.78,0.0001,500,1.1,0,0.0017247,15.593,8.5734,78213,85759.0,6.493,297.99,264.92,1.6655,10.0,,30,,1.312,0.18955,,,1.2725,0,,0,1,1,59,59,0,59.0,62401.0
73.2,60,100,90,0.0,92.357,10.733,0.0001,500,1.1,0,0.0017506,15.595,8.6099,78344,85901.0,6.4929,298.0,266.02,1.6696,10.0,,30,,1.3193,0.18947,,,1.2756,0,,0,1,1,59,59,0,59.0,62746.0
73.4,60,100,90,0.0,95.733,11.519,0.0001,500,1.1,0,0.0017874,15.594,8.6465,78476,86045.0,6.4942,298.0,267.56,1.6737,10.0,,30,,1.3316,0.18935,,,1.2787,0,,0,1,1,59,59,0,59.0,62758.0
73.6,60,100,90,0.0,98.571,12.796,0.0001,500,1.1,0,0.0017663,15.616,8.6828,78609,86188.0,6.4972,298.0,268.24,1.6779,10.0,,30,,1.3422,0.18924,,,1.2819,0,,0,1,1,59,59,0,59.0,63270.0
73.8,60,100,90,0.0,100.21,13.424,0.0001,500,1.1,0,0.001744,15.641,8.7189,78742,86332.0,6.4984,298.0,268.24,1.682,10.0,,30,,1.3475,0.18918,,,1.2851,0,,0,1,1,59,59,0,59.0,62946.0
74.0,60,100,90,0.0,101.37,13.506,0.0001,500,1.1,0,0.001775,15.619,8.7553,78875,86477.0,6.4994,298.01,269.18,1.6861,10.0,,30,,1.3719,0.18894,,,1.2882,0,,0,1,1,59,59,0,59.0,63458.0
74.2,60,100,90,0.0,102.13,14.473,0.0001,500,1.1,0,0.0017813,15.625,8.7915,79008,86621.0,6.5007,298.01,270.19,1.6903,10.0,,30,,1.3865,0.1888,,,1.2915,0,,0,1,1,59,59,0,59.0,62802.0
74.4,60,100,90,0.0,102.36,15.577,0.0001,500,1.1,0,0.0018504,15.571,8.8286,79141,86766.0,6.501,298.02,273.38,1.6946,10.0,,30,,1.4246,0.18843,,,1.2947,0,,0,1,1,59,59,0,59.0,64316.0
74.6,60,100,90,0.0,102.47,18.805,0.0001,500,1.1,0,0.0018501,15.565,8.8654,79275,86911.0,6.5031,298.02,276.36,1.6989,10.0,,30,,1.4517,0.18816,,,1.2981,0,,0,1,1,59,59,0,59.0,64663.0
74.8,60,100,90,0.0,101.74,22.099,0.0001,500,1.1,0,0.0017909,15.629,8.9019,79408,87055.0,6.5064,298.03,276.75,1.7032,10.0,,30,,1.4414,0.18825,,,1.3014,0,,0,1,1,59,59,0,59.0,64509.0
75.0,60,100,90,0.0,99.686,23.314,0.0001,500,1.1,0,0.0017297,15.696,8.9385,79540,87199.0,6.5092,298.02,275.81,1.7074,10.0,,30,,1.4184,0.18846,,,1.3046,0,,0,1,1,59,59,0,59.0,63521.0
75.2,60,100,90,0.0,96.539,23.393,0.0001,100,1.1,0,0.001742,14.994,8.9841,79593,87263.0,6.5127,298.1,304.98,1.7116,10.0,,30,,1.6787,0.18598,,,1.3078,0,,0,1,1,59,59,0,59.0,64239.0
75.4,60,100,90,0.0,91.962,51.107,0.0001,100,1.1,0,0.0017316,15.0,9.0296,79644,87325.0,6.5153,298.16,329.12,1.7157,10.0,,30,,1.7071,0.1857,,,1.311,0,,0,1,1,59,59,0,59.0,65123.0
75.6,60,100,90,0.0,86.385,76.483,0.0001,100,1.1,0,0.001726,14.973,9.0751,79694,87387.0,6.5143,298.22,348.75,1.7198,10.0,,30,,1.7183,0.18559,,,1.3141,0,,0,1,1,59,59,0,59.0,64174.0
75.8,60,100,90,0.0,81.202,100.23,0.0001,100,1.1,0,0.0016841,14.984,9.1204,79742,87447.0,6.5117,298.26,363.05,1.7239,10.0,,30,,1.7098,0.18566,,,1.3173,0,,0,1,1,59,59,0,59.0,64058.0
76.0,60,100,90,0.0,77.04,121.1,0.0001,100,1.1,0,0.0016568,14.978,9.1655,79790,87506.0,6.507,298.28,372.21,1.728,10.0,,30,,1.7112,0.18564,,,1.3204,0,,0,1,1,59,59,0,59.0,65440.0
76.2,60,100,116,0.0,74.787,138.8,0.0001,100,1.1,0,0.002309,14.529,9.2102,79843,87571.0,6.4942,298.33,392.32,1.7327,10.0,,29,,1.8848,0.18397,,,1.324,0,,0,1,1,59,59,0,59.0,65320.0
76.4,60,100,116,0.0,77.668,167.55,0.0001,100,1.1,0,0.002258,14.539,9.2554,79897,87637.0,6.4835,298.37,404.78,1.7379,10.0,,29,,1.9022,0.18379,,,1.328,0,,0,1,1,59,59,0,59.0,65036.0
76.6,60,100,116,0.0,84.768,191.04,0.0001,100,1.1,0,0.002231,14.542,9.3006,79951,87705.0,6.4784,298.37,407.94,1.7431,10.0,,29,,1.8989,0.18382,,,1.332,0,,0,1,1,59,59,0,59.0,65419.0
76.8,60,100,116,0.0,93.908,207.42,0.0001,100,1.1,0,0.0022085,14.525,9.3455,80008,87774.0,6.4793,298.36,401.65,1.7483,10.0,,29,,1.9128,0.18367,,,1.336,0,,0,1,1,59,59,0,59.0,65801.0
77.0,60,100,116,0.0,102.67,215.65,0.0001,100,1.1,0,0.0022138,14.513,9.3902,80066,87845.0,6.4834,298.33,392.81,1.7535,10.0,,29,,1.9184,0.18361,,,1.34,0,,0,1,1,59,59,0,59.0,66348.0
77.2,60,100,116,0.0,109.81,221.12,0.0001,100,1.1,0,0.0022013,14.528,9.4347,80126,87917.0,6.4916,298.31,384.86,1.7586,10.0,,29,,1.9085,0.18369,,,1.3439,0,,0,1,1,59,59,0,59.0,65394.0
77.4,60,100,116,0.0,113.68,226.57,0.0001,100,1.1,0,0.0021847,14.523,9.4793,80186,87990.0,6.4996,298.28,373.32,1.7638,10.0,,29,,1.9058,0.18371,,,1.3479,0,,0,1,1,59,59,0,59.0,66940.0
77.6,60,100,116,0.0,114.38,227.95,0.0001,100,1.1,0,0.0021561,14.526,9.524,80247,88063.0,6.5061,298.27,366.86,1.7688,10.0,,29,,1.9025,0.18373,,,1.3518,0,,0,1,1,59,59,0,59.0,67154.0
77.8,60,100,116,0.0,112.46,232.9,0.0001,100,1.1,0,0.0021795,14.508,9.569,80307,88136.0,6.5103,298.25,359.39,1.7739,10.0,,29,,1.8972,0.18377,,,1.3557,0,,0,1,1,59,59,0,59.0,66869.0
78.0,60,100,116,0.0,108.88,236.19,0.0001,100,1.1,0,0.0021371,14.519,9.6141,80367,88208.0,6.5143,298.22,350.15,1.7789,10.0,,29,,1.8905,0.18383,,,1.3596,0,,0,1,1,59,59,0,59.0,67085.0
78.2,60,100,116,0.0,103.68,237.16,0.0001,100,1.1,0,0.00221,14.431,9.6592,80426,88280.0,6.516,298.21,346.27,1.784,10.0,,29,,1.9207,0.18353,,,1.3635,0,,0,1,1,59,59,0,59.0,67467.0
78.4,60,100,116,0.0,97.789,242.12,0.0001,100,1.1,0,0.0022194,14.373,9.7045,80483,88350.0,6.515,298.2,342.88,1.7892,10.0,,29,,1.9485,0.18325,,,1.3674,0,,0,1,1,59,59,0,59.0,67350.0
78.6,60,100,116,0.0,92.311,247.05,0.0001,100,1.1,0,0.0021791,14.362,9.7502,80539,88419.0,6.5134,298.2,340.28,1.7944,10.0,,29,,1.9524,0.18321,,,1.3714,0,,0,1,1,59,59,0,59.0,67236.0
78.8,60,100,116,0.0,87.454,252.35,0.0001,100,1.1,0,0.0021211,14.367,9.7966,80594,88487.0,6.5105,298.19,336.96,1.7995,10.0,,29,,1.9466,0.18325,,,1.3753,0,,0,1,1,59,59,0,59.0,68625.0
79.0,60,100,116,0.0,83.79,256.73,0.0001,100,1.1,0,0.0020585,14.394,9.8431,80649,88554.0,6.5059,298.19,336.85,1.8045,10.0,,29,,1.9294,0.18341,,,1.3792,0,,0,1,1,59,59,0,59.0,68347.0
79.2,60,100,116,0.0,81.947,263.7,0.0001,100,1.1,0,0.0020868,14.353,9.8899,80703,88620.0,6.5012,298.18,334.4,1.8095,10.0,,29,,1.9374,0.18332,,,1.383,0,,0,1,1,59,59,0,59.0,69238.0
79.4,60,100,116,0.0,81.986,268.49,0.0001,100,1.1,0,0.0021133,14.294,9.9365,80757,88687.0,6.4955,298.16,326.71,1.8145,10.0,,29,,1.9638,0.18306,,,1.3869,0,,0,1,1,59,59,0,59.0,69294.0
79.6,60,100,116,0.0,84.307,268.33,0.0001,100,1.1,0,0.002099,14.298,9.9834,80812,88755.0,6.4945,298.14,320.51,1.8195,10.0,,29,,1.961,0.18308,,,1.3907,0,,0,1,1,59,59,0,59.0,69352.0
79.8,60,100,116,0.0,86.993,268.87,0.0001,100,1.1,0,0.0020593,14.312,10.03,80867,88822.0,6.4941,298.12,312.33,1.8245,10.0,,29,,1.9511,0.18316,,,1.3946,0,,0,1,1,59,59,0,59.0,69076.0
80.0,60,100,116,0.0,89.856,267.0,0.0001,100,1.1,0,0.0020705,14.268,10.077,80923,88891.0,6.4947,298.12,309.99,1.8295,10.0,,29,,1.9692,0.18298,,,1.3984,0,,0,1,1,59,59,0,59.0,69132.0
80.2,60,100,90,0.0,92.5,269.64,0.0001,100,1.1,0,0.0012347,14.997,10.117,80974,88952.0,6.5118,298.04,278.94,1.8335,10.0,,23,,1.7234,0.18532,,,1.4015,0,,0,1,1,59,59,0,59.0,69825.0
80.4,60,100,90,0.0,88.226,246.01,0.0001,100,1.1,0,0.0012634,14.948,10.158,81024,89012.0,6.5258,297.98,258.91,1.8368,10.0,,23,,1.6955,0.18558,,,1.404,0,,0,1,1,59,59,0,59.0,70019.0
80.6,60,100,90,0.0,78.433,229.87,0.0001,100,1.1,0,0.0012796,14.904,10.199,81073,89070.0,6.5332,297.95,246.31,1.8401,10.0,,23,,1.7013,0.18552,,,1.4065,0,,0,1,1,59,59,0,59.0,69884.0
80.8,60,100,90,0.0,65.698,68.961,236.72,100,1.1,0,0.0012767,14.872,10.241,81118,89126.0,6.5329,298.54,473.48,1.8434,10.0,,23,,1.7121,0.18541,,,1.4091,0,,0,1,1,59,59,0,59.0,69748.0
81.0,60,100,90,0.0,53.088,271.98,23.672,100,1.1,0,0.0012925,14.826,10.283,81161,89179.0,6.5213,298.55,477.69,1.8467,10.0,,23,,1.725,0.18528,,,1.4116,0,,0,1,1,59,59,0,59.0,70114.0
81.2,60,100,90,0.0,45.13,291.67,2.3672,100,1.1,0,0.0012734,14.829,10.325,81203,89230.0,6.5051,298.5,457.16,1.85,10.0,,23,,1.7178,0.18534,,,1.4142,0,,0,1,1,59,59,0,59.0,71648.0
81.4,60,100,90,0.0,43.643,293.89,0.23672,100,1.1,0,0.0012771,14.786,10.367,81244,89281.0,6.4884,298.44,435.59,1.8533,10.0,,23,,1.7352,0.18517,,,1.4167,0,,0,1,1,59,59,0,59.0,70683.0
81.6,60,100,90,0.0,48.805,293.66,0.023672,100,1.1,0,0.0012653,14.792,10.409,81286,89333.0,6.4782,298.37,408.24,1.8566,10.0,,23,,1.7339,0.18518,,,1.4192,0,,0,1,1,59,59,0,59.0,71384.0
81.8,60,100,90,0.0,58.039,286.15,0.0023672,100,1.1,0,0.0012394,14.808,10.451,81330,89387.0,6.4769,298.29,374.74,1.8598,10.0,,23,,1.7308,0.1852,,,1.4217,0,,0,1,1,59,59,0,59.0,72250.0
82.0,60,100,90,0.0,67.77,270.58,0.00023672,100,1.1,0,0.001275,14.77,10.493,81376,89443.0,6.4825,298.2,341.82,1.8631,10.0,,23,,1.7429,0.18508,,,1.4242,0,,0,1,1,59,59,0,59.0,70950.0
82.2,60,100,90,0.0,75.268,252.39,0.0001,100,1.1,0,0.0012554,14.768,10.534,81424,89501.0,6.4903,298.11,308.56,1.8664,10.0,,23,,1.7493,0.18501,,,1.4267,0,,0,1,1,59,59,0,59.0,71816.0
82.4,60,100,90,0.0,79.659,230.7,0.0001,100,1.1,0,0.0012547,14.763,10.576,81472,89560.0,6.5015,298.03,277.87,1.8696,10.0,,23,,1.7482,0.18502,,,1.4293,0,,0,1,1,59,59,0,59.0,71348.0
82.6,60,100,90,0.0,79.547,208.09,0.0001,100,1.1,0,0.0012875,14.716,10.618,81521,89618.0,6.5113,297.98,258.53,1.8729,10.0,,23,,1.7644,0.18486,,,1.4318,0,,0,1,1,59,59,0,59.0,71715.0
82.8,60,100,90,0.0,75.559,192.62,0.0001,100,1.1,0,0.0012826,14.696,10.66,81569,89676.0,6.5162,297.95,245.26,1.8763,10.0,,23,,1.773,0.18477,,,1.4344,0,,0,1,1,59,59,0,59.0,72251.0
83.0,60,100,90,0.0,69.601,57.786,200.58,100,1.1,0,0.00128,14.684,10.703,81615,89733.0,6.518,298.45,436.63,1.8796,10.0,,23,,1.7746,0.18475,,,1.4369,0,,0,1,1,59,59,0,59.0,72787.0
83.2,60,100,90,0.0,62.915,227.38,20.058,100,1.1,0,0.0012621,14.677,10.745,81660,89788.0,6.5151,298.42,426.93,1.8828,10.0,,23,,1.7756,0.18473,,,1.4394,0,,0,1,1,59,59,0,59.0,72322.0
83.4,60,100,90,0.0,57.413,231.69,2.0058,100,1.1,0,0.0012658,14.641,10.788,81704,89842.0,6.509,298.36,404.2,1.8861,10.0,,23,,1.7876,0.18461,,,1.4419,0,,0,1,1,59,59,0,59.0,72024.0
83.6,60,100,90,0.0,54.337,227.33,0.20058,100,1.1,0,0.001241,14.646,10.83,81747,89895.0,6.5032,298.3,381.29,1.8893,10.0,,23,,1.7838,0.18464,,,1.4444,0,,0,1,1,59,59,0,59.0,73724.0
83.8,60,100,90,0.0,53.569,220.85,0.020058,100,1.1,0,0.0012279,14.631,10.872,81790,89948.0,6.4963,298.24,358.5,1.8925,10.0,,23,,1.7938,0.18454,,,1.4468,0,,0,1,1,59,59,0,59.0,72760.0
84.0,60,100,90,0.0,55.556,212.29,0.0020058,100,1.1,0,0.0012193,14.638,10.914,81834,90002.0,6.4913,298.19,337.73,1.8956,10.0,1494.5,23,1753.4,1.7862,0.18461,10.745,19.834,1.4492,0,26.943,0,1,1,59,59,0,59.0,73795.0
84.2,60,100,90,0.0,59.57,203.31,0.00020058,100,1.1,0,0.0012559,14.585,10.957,81878,90056.0,6.488,298.14,317.16,1.8988,10.0,,23,,1.8058,0.18441,,,1.4517,0,,0,1,1,59,59,0,59.0,74499.0
84.4,60,100,90,0.0,64.87,192.48,0.0001,100,1.1,0,0.0012272,14.6,10.999,81924,90112.0,6.4893,298.09,297.78,1.902,10.0,,23,,1.8036,0.18443,,,1.4541,0,,0,1,1,59,59,0,59.0,74534.0
84.6,60,100,90,0.0,69.65,180.72,0.0001,100,1.1,0,0.0012353,14.578,11.042,81970,90168.0,6.4927,298.05,283.51,1.9052,10.0,,23,,1.812,0.18434,,,1.4566,0,,0,1,1,59,59,0,59.0,74237.0
84.8,60,100,90,0.0,73.1,171.62,0.0001,100,1.1,0,0.0012402,14.576,11.084,82017,90225.0,6.4984,298.02,271.46,1.9084,10.0,,23,,1.8071,0.18438,,,1.459,0,,0,1,1,59,59,0,59.0,74273.0
85.0,60,100,90,0.0,74.238,163.02,0.0001,100,1.1,0,0.0012686,14.524,11.127,82065,90283.0,6.504,298.0,264.81,1.9116,10.0,,23,,1.826,0.1842,,,1.4615,0,,0,1,1,59,59,0,59.0,75476.0
85.2,60,100,90,0.0,73.145,158.03,0.0001,100,1.1,0,0.0012648,14.506,11.17,82112,90340.0,6.5094,297.99,260.38,1.9148,10.0,,23,,1.8355,0.1841,,,1.464,0,,0,1,1,59,59,0,59.0,73681.0
85.4,60,100,90,0.0,69.894,154.27,0.0001,100,1.1,0,0.0012448,14.5,11.212,82158,90397.0,6.513,297.97,252.08,1.9181,10.0,,23,,1.8401,0.18405,,,1.4665,0,,0,1,1,59,59,0,59.0,75217.0
85.6,60,100,90,0.0,65.231,146.59,0.0001,100,1.1,0,0.0012662,14.447,11.255,82204,90453.0,6.5119,297.96,248.68,1.9213,10.0,,23,,1.8602,0.18385,,,1.469,0,,0,1,1,59,59,0,59.0,75589.0
85.8,60,100,90,0.0,60.993,142.55,0.0001,100,1.1,0,0.0012793,14.406,11.298,82249,90508.0,6.5068,297.96,246.94,1.9246,10.0,,23,,1.8799,0.18366,,,1.4715,0,,0,1,1,59,59,0,59.0,75795.0
86.0,60,100,90,0.0,58.816,139.56,0.0001,100,1.1,0,0.0012805,14.378,11.341,82293,90562.0,6.5025,297.95,245.98,1.9278,10.0,,23,,1.8943,0.18351,,,1.474,0,,0,1,1,59,59,0,59.0,76502.0
86.2,60,100,90,0.0,58.334,137.06,0.0001,100,1.1,0,0.0013097,14.355,11.385,82337,90617.0,6.496,297.95,244.82,1.9311,10.0,,23,,1.8934,0.18352,,,1.4766,0,,0,1,1,59,59,0,59.0,76044.0
86.4,60,100,90,0.0,60.476,41.117,147.39,100,1.1,0,0.0013324,14.338,11.429,82382,90672.0,6.4917,298.34,395.14,1.9345,10.0,,23,,1.8897,0.18355,,,1.4791,0,,0,1,1,59,59,0,59.0,75753.0
86.6,60,100,90,0.0,64.31,172.37,14.739,100,1.1,0,0.0013577,14.304,11.473,82427,90728.0,6.4916,298.35,402.14,1.9379,10.0,,23,,1.8967,0.18347,,,1.4818,0,,0,1,1,59,59,0,59.0,76629.0
86.8,60,100,90,0.0,68.195,188.25,1.4739,100,1.1,0,0.001351,14.299,11.516,82473,90784.0,6.4941,298.33,394.72,1.9414,10.0,,23,,1.8969,0.18346,,,1.4844,0,,0,1,1,59,59,0,59.0,76838.0
87.0,60,100,90,0.0,71.073,194.81,0.14739,100,1.1,0,0.001355,14.283,11.56,82520,90841.0,6.4986,298.32,388.62,1.9449,10.0,,23,,1.9013,0.18341,,,1.4871,0,,0,1,1,59,59,0,59.0,77046.0
87.2,60,100,90,0.0,72.156,202.11,0.014739,100,1.1,0,0.0013643,14.258,11.604,82566,90899.0,6.5042,298.3,382.61,1.9483,10.0,,23,,1.9106,0.18332,,,1.4898,0,,0,1,1,59,59,0,59.0,75756.0
87.4,60,100,90,0.0,71.003,208.87,0.0014739,100,1.1,0,0.0013287,14.278,11.648,82613,90956.0,6.5075,298.28,372.77,1.9518,10.0,,23,,1.9014,0.1834,,,1.4924,0,,0,1,1,59,59,0,59.0,77799.0
87.6,60,100,90,0.0,68.529,211.68,0.00014739,100,1.1,0,0.0013448,14.241,11.692,82659,91013.0,6.5102,298.24,359.02,1.9552,10.0,,23,,1.9117,0.1833,,,1.4951,0,,0,1,1,59,59,0,59.0,77010.0
87.8,60,100,90,0.0,64.989,210.18,0.0001,100,1.1,0,0.001356,14.208,11.736,82704,91069.0,6.5101,298.22,349.18,1.9587,10.0,,23,,1.9226,0.18318,,,1.4977,0,,0,1,1,59,59,0,59.0,77721.0
88.0,60,100,90,0.0,61.47,210.88,0.0001,100,1.1,0,0.0013242,14.241,11.78,82749,91124.0,6.51,298.18,333.22,1.9621,10.0,,23,,1.9069,0.18333,,,1.5004,0,,0,1,1,59,59,0,59.0,77432.0
88.2,60,100,90,0.0,57.975,205.18,0.0001,100,1.1,0,0.0012948,14.245,11.824,82793,91178.0,6.5067,298.14,320.37,1.9654,10.0,,23,,1.8979,0.18341,,,1.5029,0,,0,1,1,59,59,0,59.0,77976.0
88.4,60,100,90,0.0,55.827,200.82,0.0001,100,1.1,0,0.0012975,14.22,11.869,82837,91232.0,6.4994,298.12,309.81,1.9687,10.0,,23,,1.9031,0.18335,,,1.5055,0,,0,1,1,59,59,0,59.0,77354.0
88.6,60,100,90,0.0,56.616,197.18,0.0001,100,1.1,0,0.0012836,14.217,11.913,82880,91287.0,6.4932,298.09,299.42,1.9721,10.0,,23,,1.9057,0.18332,,,1.508,0,,0,1,1,59,59,0,59.0,78397.0
88.8,60,100,90,0.0,59.855,192.65,0.0001,100,1.1,0,0.0013003,14.168,11.957,82925,91342.0,6.4909,298.07,291.48,1.9754,10.0,,23,,1.9288,0.18309,,,1.5106,0,,0,1,1,59,59,0,59.0,78442.0
89.0,60,100,90,0.0,63.996,189.28,0.0001,100,1.1,0,0.0013092,14.148,12.001,82970,91397.0,6.4904,298.05,281.85,1.9787,10.0,,23,,1.9363,0.18302,,,1.5132,0,,0,1,1,59,59,0,59.0,78488.0
89.2,60,100,90,0.0,68.334,183.63,0.0001,100,1.1,0,0.0012838,14.16,12.045,83016,91454.0,6.4925,298.02,272.45,1.9821,10.0,,23,,1.9347,0.18303,,,1.5157,0,,0,1,1,59,59,0,59.0,79032.0
89.4,60,100,90,0.0,71.836,177.28,0.0001,100,1.1,0,0.001278,14.172,12.089,83063,91511.0,6.4976,297.99,260.97,1.9854,10.0,,23,,1.9262,0.1831,,,1.5183,0,,0,1,1,59,59,0,59.0,80073.0
89.6,60,100,90,0.0,73.303,168.23,0.0001,100,1.1,0,0.0012389,14.207,12.132,83110,91569.0,6.5063,297.96,248.34,1.9886,10.0,,23,,1.9097,0.18325,,,1.5208,0,,0,1,1,59,59,0,59.0,78278.0
89.8,60,100,90,0.0,71.296,157.12,0.0001,100,1.1,0,0.0012569,14.182,12.175,83157,91626.0,6.5123,297.94,239.31,1.9918,10.0,,23,,1.909,0.18325,,,1.5233,0,,0,1,1,59,59,0,59.0,79986.0
90.0,60,100,90,0.0,66.92,47.135,168.37,100,1.1,0,0.0012702,14.166,12.219,83202,91682.0,6.5159,298.35,403.13,1.9951,10.0,,23,,1.9058,0.18328,,,1.5258,0,,0,1,1,59,59,0,59.0,78862.0
90.2,75,100,90,0.0,61.102,188.47,16.837,100,1.1,0,0.0012708,14.53,12.263,83247,91737.0,6.5149,298.34,398.67,1.6304,10.0,,23,,1.8834,0.18777,,,1.5569,0,,0,1,1,59,59,0,59.0,79404.0
90.4,75,100,90,0.0,55.676,194.72,1.6837,100,1.1,0,0.0012824,14.482,12.307,83290,91791.0,6.5116,298.29,379.46,1.6098,10.0,,23,,1.8452,0.1881,,,1.5371,0,,0,1,1,59,59,0,59.0,80448.0
90.6,75,100,90,0.0,51.567,190.85,0.16837,100,1.1,0,0.0013134,14.431,12.351,83333,91844.0,6.5027,298.24,358.33,1.6109,10.0,,23,,1.8617,0.18797,,,1.5381,0,,0,1,1,59,59,0,59.0,79326.0
90.8,75,100,90,0.0,51.011,183.76,0.016837,100,1.1,0,0.0012942,14.445,12.395,83376,91898.0,6.494,298.19,338.68,1.6134,10.0,,23,,1.8449,0.1881,,,1.5405,0,,0,1,1,59,59,0,59.0,80704.0
91.0,75,100,90,0.0,53.937,176.01,0.0016837,100,1.1,0,0.0012828,14.449,12.439,83419,91951.0,6.4876,298.13,316.42,1.616,10.0,,23,,1.8348,0.18817,,,1.543,0,,0,1,1,59,59,0,59.0,81081.0
91.2,75,100,90,0.0,59.42,164.09,0.00016837,100,1.1,0,0.0013018,14.437,12.483,83463,92006.0,6.4863,298.08,294.48,1.6187,10.0,,23,,1.8298,0.1882,,,1.5456,0,,0,1,1,59,59,0,59.0,80957.0
91.4,75,100,90,0.0,65.397,150.4,0.0001,100,1.1,0,0.0013072,14.441,12.527,83508,92062.0,6.4907,298.03,275.56,1.6214,10.0,,23,,1.82,0.18827,,,1.5482,0,,0,1,1,59,59,0,59.0,81167.0
91.6,75,100,90,0.0,69.632,137.26,0.0001,100,1.1,0,0.0013234,14.427,12.571,83555,92120.0,6.4972,298.0,261.89,1.6241,10.0,,23,,1.8203,0.18826,,,1.5508,0,,0,1,1,59,59,0,59.0,81377.0
91.8,75,100,90,0.0,71.252,126.86,0.0001,100,1.1,0,0.0013369,14.408,12.615,83601,92177.0,6.504,297.97,252.47,1.6268,10.0,,23,,1.8285,0.1882,,,1.5534,0,,0,1,1,59,59,0,59.0,81587.0
92.0,75,100,90,0.0,70.159,118.78,0.0001,100,1.1,0,0.0013341,14.392,12.659,83648,92234.0,6.5106,297.96,248.98,1.6295,10.0,,23,,1.8329,0.18816,,,1.556,0,,0,1,1,59,59,0,59.0,81797.0
92.2,75,100,90,0.0,66.431,114.89,0.0001,100,1.1,0,0.0013406,14.361,12.703,83693,92291.0,6.5157,297.95,244.98,1.6322,10.0,,23,,1.8502,0.18802,,,1.5586,0,,0,1,1,59,59,0,59.0,81842.0
92.4,75,100,90,0.0,60.676,110.12,0.0001,100,1.1,0,0.0013421,14.329,12.748,83738,92346.0,6.5159,297.95,241.77,1.6349,10.0,,23,,1.8622,0.18792,,,1.5612,0,,0,1,1,59,59,0,59.0,81723.0
92.6,75,100,90,0.0,54.835,33.036,120.91,100,1.1,0,0.0013324,14.323,12.793,83781,92400.0,6.5131,298.26,367.57,1.6376,10.0,,23,,1.8606,0.18793,,,1.5638,0,,0,1,1,59,59,0,59.0,81770.0
92.8,75,100,90,0.0,50.124,140.39,12.091,100,1.1,0,0.0013112,14.302,12.837,83824,92453.0,6.5064,298.27,370.82,1.6403,10.0,,23,,1.8706,0.18785,,,1.5664,0,,0,1,1,59,59,0,59.0,82482.0
93.0,75,100,90,0.0,48.098,150.68,1.2091,100,1.1,0,0.0012969,14.322,12.881,83865,92506.0,6.4996,298.25,363.03,1.643,10.0,,23,,1.852,0.18799,,,1.5689,0,,0,1,1,59,59,0,59.0,82194.0
93.2,75,100,90,0.0,48.78,154.01,0.12091,100,1.1,0,0.0013374,14.282,12.926,83908,92559.0,6.4929,298.23,355.95,1.6457,10.0,,23,,1.8571,0.18794,,,1.5715,0,,0,1,1,59,59,0,59.0,83075.0
93.4,75,100,90,0.0,52.135,157.43,0.012091,100,1.1,0,0.0013279,14.284,12.97,83950,92612.0,6.4908,298.21,347.2,1.6484,10.0,,23,,1.8555,0.18795,,,1.5741,0,,0,1,1,59,59,0,59.0,82786.0
93.6,75,100,90,0.0,56.32,158.73,0.0012091,100,1.1,0,0.0013132,14.299,13.014,83994,92667.0,6.4921,298.19,339.81,1.6511,10.0,,23,,1.8442,0.18803,,,1.5767,0,,0,1,1,59,59,0,59.0,84497.0
93.8,75,100,90,0.0,59.996,160.41,0.00012091,100,1.1,0,0.0013104,14.28,13.059,84038,92722.0,6.4958,298.17,331.1,1.6537,10.0,,23,,1.8535,0.18795,,,1.5792,0,,0,1,1,59,59,0,59.0,83708.0
94.0,75,100,90,0.0,62.205,160.23,0.0001,100,1.1,0,0.0013149,14.245,13.103,84083,92777.0,6.5002,298.16,325.28,1.6564,10.0,,23,,1.8793,0.18775,,,1.5818,0,,0,1,1,59,59,0,59.0,83254.0
94.2,75,100,90,0.0,62.624,161.76,0.0001,100,1.1,0,0.0013198,14.222,13.148,84128,92833.0,6.504,298.13,314.88,1.6591,10.0,,23,,1.8935,0.18764,,,1.5844,0,,0,1,1,59,59,0,59.0,84799.0
94.4,75,100,90,0.0,61.557,158.74,0.0001,100,1.1,0,0.0012823,14.234,13.191,84172,92888.0,6.5076,298.1,303.09,1.6618,10.0,,23,,1.896,0.18762,,,1.5869,0,,0,1,1,59,59,0,59.0,84509.0
94.6,75,100,90,0.0,59.034,153.62,0.0001,100,1.1,0,0.0012692,14.232,13.236,84216,92943.0,6.5097,298.07,290.13,1.6644,10.0,,23,,1.8873,0.18768,,,1.5894,0,,0,1,1,59,59,0,59.0,83886.0
94.8,75,100,90,0.0,55.684,146.42,0.0001,100,1.1,0,0.0013111,14.18,13.281,84260,92998.0,6.5104,298.04,278.8,1.667,10.0,,23,,1.8933,0.18763,,,1.592,0,,0,1,1,59,59,0,59.0,83935.0
95.0,75,100,90,0.0,52.067,139.43,0.0001,100,1.1,0,0.0013327,14.134,13.326,84302,93051.0,6.5078,298.02,269.75,1.6698,10.0,,23,,1.9076,0.18751,,,1.5946,0,,0,1,1,59,59,0,59.0,84820.0
95.2,75,100,90,0.0,49.464,133.33,0.0001,100,1.1,0,0.0013265,14.125,13.372,84345,93105.0,6.5022,298.0,262.96,1.6725,10.0,,23,,1.9033,0.18754,,,1.5972,0,,0,1,1,59,59,0,59.0,84374.0
95.4,75,100,90,0.0,49.133,128.29,0.0001,100,1.1,0,0.0013574,14.066,13.419,84387,93158.0,6.4962,297.98,256.68,1.6753,10.0,,23,,1.9282,0.18735,,,1.5999,0,,0,1,1,59,59,0,59.0,86263.0
95.6,75,100,90,0.0,51.175,123.0,0.0001,100,1.1,0,0.0013295,14.078,13.465,84429,93212.0,6.4926,297.97,252.57,1.6781,10.0,,23,,1.9321,0.18731,,,1.6026,0,,0,1,1,59,59,0,59.0,84983.0
95.8,75,100,90,0.0,54.643,119.0,0.0001,100,1.1,0,0.0013449,14.042,13.511,84473,93266.0,6.4933,297.96,248.36,1.6808,10.0,,23,,1.9495,0.18717,,,1.6052,0,,0,1,1,59,59,0,59.0,85703.0
96.0,75,100,90,0.0,57.834,114.49,0.0001,100,1.1,0,0.0013202,14.067,13.557,84517,93321.0,6.4961,297.95,244.75,1.6836,10.0,1531.9,23,1725.7,1.9328,0.18729,13.372,21.335,1.6079,0,35.724,0,1,1,59,59,0,59.0,85589.0
96.2,75,100,90,0.0,59.893,110.1,0.0001,100,1.1,0,0.0013037,14.068,13.602,84561,93377.0,6.501,297.95,242.5,1.6863,10.0,,23,,1.9313,0.1873,,,1.6105,0,,0,1,1,59,59,0,59.0,86306.0
96.4,75,100,90,0.0,59.997,33.03,119.71,100,1.1,0,0.0013026,14.042,13.647,84605,93432.0,6.5058,298.26,366.34,1.6891,10.0,,23,,1.9499,0.18715,,,1.6131,0,,0,1,1,59,59,0,59.0,86689.0
96.6,75,100,90,0.0,58.212,137.62,11.971,100,1.1,0,0.0012642,14.075,13.692,84649,93487.0,6.5094,298.26,365.5,1.6917,10.0,,23,,1.9329,0.18728,,,1.6157,0,,0,1,1,59,59,0,59.0,86234.0
96.8,75,100,90,0.0,54.974,144.25,1.1971,100,1.1,0,0.0012376,14.096,13.736,84692,93541.0,6.509,298.23,353.42,1.6944,10.0,,23,,1.9143,0.18742,,,1.6182,0,,0,1,1,59,59,0,59.0,86779.0
97.0,75,100,90,0.0,51.896,143.48,0.11971,100,1.1,0,0.0012302,14.075,13.78,84735,93594.0,6.505,298.19,337.86,1.697,10.0,,23,,1.9217,0.18735,,,1.6207,0,,0,1,1,59,59,0,59.0,87157.0
97.2,75,100,90,0.0,50.438,138.81,0.011971,100,1.1,0,0.001267,14.007,13.825,84777,93648.0,6.4985,298.15,324.03,1.6996,10.0,,23,,1.9517,0.18712,,,1.6232,0,,0,1,1,59,59,0,59.0,87871.0
97.4,75,100,90,0.0,51.58,134.24,0.0011971,100,1.1,0,0.0012836,13.985,13.87,84820,93701.0,6.4927,298.12,311.51,1.7023,10.0,,23,,1.955,0.18709,,,1.6258,0,,0,1,1,59,59,0,59.0,88586.0
97.6,75,100,90,0.0,55.0,129.48,0.00011971,100,1.1,0,0.001254,14.019,13.914,84863,93755.0,6.4896,298.09,298.44,1.7049,10.0,,23,,1.9375,0.18722,,,1.6284,0,,0,1,1,59,59,0,59.0,87799.0
97.8,75,100,90,0.0,59.684,123.07,0.0001,100,1.1,0,0.0012335,14.041,13.958,84907,93811.0,6.4909,298.06,288.7,1.7076,10.0,,23,,1.923,0.18732,,,1.6309,0,,0,1,1,59,59,0,59.0,88008.0
98.0,75,100,90,0.0,63.842,118.31,0.0001,100,1.1,0,0.0012682,13.993,14.002,84952,93867.0,6.4935,298.05,281.19,1.7102,10.0,,23,,1.9384,0.1872,,,1.6335,0,,0,1,1,59,59,0,59.0,88218.0
98.2,75,100,90,0.0,66.969,114.49,0.0001,100,1.1,0,0.0012592,13.991,14.046,84998,93923.0,6.4979,298.02,271.7,1.7129,10.0,,23,,1.9405,0.18718,,,1.6361,0,,0,1,1,59,59,0,59.0,89260.0
98.4,75,100,90,0.0,68.305,108.25,0.0001,100,1.1,0,0.0012674,13.97,14.09,85044,93981.0,6.5034,298.01,266.74,1.7156,10.0,,23,,1.9491,0.18711,,,1.6386,0,,0,1,1,59,59,0,59.0,87971.0
98.6,75,100,90,0.0,67.445,105.03,0.0001,100,1.1,0,0.0012774,13.954,14.134,85089,94037.0,6.5066,298.0,261.86,1.7183,10.0,,23,,1.949,0.18711,,,1.6412,0,,0,1,1,59,59,0,59.0,89350.0
98.8,75,100,90,0.0,65.334,101.33,0.0001,100,1.1,0,0.0012625,13.952,14.178,85135,94094.0,6.5087,297.99,258.27,1.721,10.0,,23,,1.9486,0.1871,,,1.6438,0,,0,1,1,59,59,0,59.0,89058.0
99.0,75,100,90,0.0,62.393,98.29,0.0001,100,1.1,0,0.0012455,13.948,14.221,85179,94150.0,6.5071,297.98,254.52,1.7237,10.0,,23,,1.9482,0.1871,,,1.6464,0,,0,1,1,59,59,0,59.0,89265.0
99.2,75,100,90,0.0,60.078,94.76,0.0001,100,1.1,0,0.0012338,13.927,14.264,85224,94205.0,6.5036,297.97,251.91,1.7264,10.0,,23,,1.9607,0.187,,,1.649,0,,0,1,1,59,59,0,59.0,89472.0
99.4,75,100,90,0.0,59.164,91.855,0.0001,100,1.1,0,0.0012614,13.866,14.308,85268,94260.0,6.4989,297.98,252.77,1.7291,10.0,,23,,1.9922,0.18676,,,1.6515,0,,0,1,1,59,59,0,59.0,90515.0
99.6,75,100,90,0.0,60.125,91.645,0.0001,100,1.1,0,0.0012709,13.817,14.353,85312,94316.0,6.4943,297.97,252.18,1.7318,10.0,,23,,2.0269,0.18649,,,1.6541,0,,0,1,1,59,59,0,59.0,90560.0
99.8,75,100,90,0.0,62.935,90.216,0.0001,100,1.1,0,0.0012626,13.8,14.397,85357,94372.0,6.492,297.98,252.64,1.7345,10.0,,23,,2.0423,0.18636,,,1.6568,0,,0,1,1,59,59,0,59.0,89773.0
100.0,75,100,90,0.0,66.631,89.654,0.0001,100,1.1,0,0.0012333,13.816,14.442,85402,94429.0,6.4914,297.98,252.77,1.7372,10.0,,23,,2.0442,0.18634,,,1.6593,0,,0,1,1,59,59,0,59.0,90818.0
100.2,75,100,90,0.0,70.567,88.836,0.0001,100,1.0,-4000,0.0012654,12.961,14.486,84745,93686.0,6.5189,297.98,254.65,1.7307,10.0,,23,,2.0255,0.1865,,,1.6531,0,,0,1,1,59,59,0,59.0,90865.0
100.4,75,100,90,0.0,63.416,89.529,0.0001,100,1.0,-4000,0.0012976,12.911,14.532,84086,92943.0,6.5399,297.98,256.4,1.7196,10.0,,23,,2.0206,0.18656,,,1.6424,0,,0,1,1,59,59,0,59.0,90916.0
100.6,75,100,90,0.0,48.009,90.258,0.0001,100,1.0,-4000,0.0013231,12.837,14.578,83424,92196.0,6.5452,298.0,261.46,1.7082,10.0,,23,,2.0234,0.18656,,,1.6315,0,,0,1,1,59,59,0,59.0,91471.0
100.8,75,100,90,0.0,30.481,94.045,0.0001,100,1.0,-4000,0.0013153,12.786,14.625,82759,91446.0,6.5348,298.01,266.34,1.6968,10.0,,23,,2.0239,0.18658,,,1.6205,0,,0,1,1,59,59,0,59.0,90528.0
101.0,75,100,90,0.0,17.133,98.12,0.0001,100,1.0,-4000,0.0013222,12.735,14.672,82091,90693.0,6.5114,298.03,272.82,1.6853,10.0,,23,,2.0165,0.18665,,,1.6095,0,,0,1,1,59,59,0,59.0,91755.0
101.2,75,100,90,0.0,13.154,104.1,0.0001,100,1.0,-4000,0.0013195,12.699,14.719,81422,89939.0,6.4863,298.04,279.55,1.6737,10.0,,23,,2.0131,0.1867,,,1.5984,0,,0,1,1,59,59,0,59.0,91981.0
101.4,75,100,90,0.0,19.141,110.95,0.0001,100,1.0,-4000,0.0013683,12.638,14.767,80755,89187.0,6.4688,298.06,286.46,1.6623,10.0,,23,,2.0129,0.18673,,,1.5874,0,,0,1,1,59,59,0,59.0,92377.0
101.6,75,100,90,0.0,32.111,118.64,0.0001,100,1.0,-4000,0.0013612,12.681,14.815,80090,88437.0,6.4645,298.07,289.66,1.6508,10.0,,23,,1.9667,0.1871,,,1.5764,0,,0,1,1,59,59,0,59.0,93104.0
101.8,75,100,90,0.0,46.783,123.71,0.0001,100,1.0,-4000,0.0013617,12.711,14.861,79429,87690.0,6.4739,298.06,286.29,1.6392,10.0,,23,,1.9245,0.18744,,,1.5653,0,,0,1,1,59,59,0,59.0,91993.0
102.0,75,100,90,0.0,57.692,123.2,0.0001,100,1.0,-4000,0.0013764,12.71,14.908,78770,86945.0,6.4938,298.05,281.79,1.6276,10.0,,23,,1.8973,0.18767,,,1.5542,0,,0,1,1,59,59,0,59.0,91882.0
102.2,75,100,90,0.0,60.663,121.43,0.0001,100,1.0,0,0.0013625,12.707,14.954,78815,87001.0,6.4892,298.04,277.64,1.6257,10.0,,23,,1.8937,0.1877,,,1.5523,0,,0,1,1,59,59,0,59.0,92272.0
102.4,75,100,90,0.0,65.578,119.54,0.0001,100,1.0,0,0.0013974,12.669,15.001,78861,87058.0,6.487,298.02,272.39,1.6281,10.0,,23,,1.9044,0.18762,,,1.5546,0,,0,1,1,59,59,0,59.0,93162.0
102.6,75,100,90,0.0,71.287,116.21,0.0001,100,1.0,0,0.0013776,12.682,15.047,78908,87116.0,6.4873,298.01,266.15,1.6308,10.0,,23,,1.9045,0.18761,,,1.5572,0,,0,1,1,59,59,0,59.0,93050.0
102.8,75,100,90,0.0,76.878,111.48,0.0001,100,1.0,0,0.0013277,12.733,15.093,78956,87176.0,6.4916,297.99,259.52,1.6334,10.0,,23,,1.8872,0.18774,,,1.5597,0,,0,1,1,59,59,0,59.0,93434.0
103.0,75,100,90,0.0,80.732,105.79,0.0001,100,1.0,0,0.0013467,12.724,15.138,79005,87236.0,6.4977,297.98,254.09,1.636,10.0,,23,,1.8794,0.18779,,,1.5622,0,,0,1,1,59,59,0,59.0,93484.0
103.2,75,100,90,0.0,82.183,100.54,0.0001,100,1.0,0,0.0013218,12.752,15.183,79054,87296.0,6.5048,297.96,250.13,1.6386,10.0,,23,,1.8689,0.18787,,,1.5647,0,,0,1,1,59,59,0,59.0,93197.0
103.4,75,100,90,0.0,80.765,96.097,0.0001,100,1.0,0,0.0013241,12.727,15.227,79103,87356.0,6.51,297.96,249.11,1.6412,10.0,,23,,1.8802,0.18778,,,1.5672,0,,0,1,1,59,59,0,59.0,94744.0
103.6,75,100,90,0.0,77.292,93.911,0.0001,100,1.0,0,0.0013204,12.717,15.272,79151,87415.0,6.5121,297.96,249.39,1.6438,10.0,,23,,1.8737,0.18782,,,1.5697,0,,0,1,1,59,59,0,59.0,94459.0
103.8,75,100,90,0.0,72.964,92.764,0.0001,100,1.0,0,0.001328,12.688,15.318,79199,87473.0,6.511,297.97,252.42,1.6464,10.0,,23,,1.8792,0.18777,,,1.5722,0,,0,1,1,59,59,0,59.0,94676.0
104.0,75,100,90,0.0,69.095,94.141,0.0001,100,1.0,0,0.0013112,12.677,15.362,79245,87531.0,6.5083,297.98,254.68,1.649,10.0,,23,,1.8825,0.18774,,,1.5746,0,,0,1,1,59,59,0,59.0,94890.0
104.2,75,100,90,0.0,66.289,95.056,0.0001,100,1.0,0,0.0013112,12.651,15.407,79291,87588.0,6.5013,297.98,256.33,1.6515,10.0,,23,,1.8985,0.18762,,,1.5771,0,,0,1,1,59,59,0,59.0,95271.0
104.4,75,100,90,0.0,66.315,95.653,0.0001,100,1.0,0,0.0013241,12.62,15.452,79337,87645.0,6.4959,297.98,257.25,1.6541,10.0,,23,,1.9094,0.18753,,,1.5796,0,,0,1,1,59,59,0,59.0,94153.0
104.6,75,100,90,0.0,68.464,95.754,0.0001,100,1.0,0,0.0012966,12.654,15.497,79384,87702.0,6.4931,297.98,256.74,1.6567,10.0,,23,,1.891,0.18766,,,1.5821,0,,0,1,1,59,59,0,59.0,94866.0
104.8,75,100,90,0.0,71.725,94.656,0.0001,100,1.0,0,0.0012938,12.657,15.541,79431,87760.0,6.4928,297.98,256.11,1.6593,10.0,,23,,1.8847,0.18771,,,1.5845,0,,0,1,1,59,59,0,59.0,94909.0
105.0,75,100,90,0.0,75.125,93.428,0.0001,100,1.0,0,0.0012629,12.688,15.585,79479,87819.0,6.4922,297.97,253.88,1.6618,10.0,,23,,1.8783,0.18775,,,1.5869,0,,0,1,1,59,59,0,59.0,95618.0
105.2,75,100,90,0.0,78.763,90.677,0.0001,100,1.0,0,0.0012581,12.698,15.628,79527,87878.0,6.4937,297.97,250.35,1.6643,10.0,,23,,1.8646,0.18785,,,1.5893,0,,0,1,1,59,59,0,59.0,96326.0
105.4,75,100,90,0.0,81.81,86.554,0.0001,100,1.0,0,0.0012551,12.711,15.671,79576,87938.0,6.4955,297.96,247.27,1.6667,10.0,,23,,1.8501,0.18796,,,1.5917,0,,0,1,1,59,59,0,59.0,96365.0
105.6,75,100,90,0.0,84.137,82.521,0.0001,100,1.0,0,0.00123,12.721,15.714,79626,87999.0,6.4956,297.95,243.71,1.6692,10.0,,23,,1.8485,0.18796,,,1.5941,0,,0,1,1,59,59,0,59.0,96569.0
105.8,75,100,90,0.0,86.429,24.756,93.737,100,1.0,0,0.0012137,12.732,15.756,79676,88059.0,6.4967,298.2,337.41,1.6716,10.0,,23,,1.8508,0.18794,,,1.5964,0,,0,1,1,59,59,0,59.0,97605.0
106.0,75,100,90,0.0,88.283,108.16,9.3737,100,1.0,0,0.0012278,12.714,15.799,79726,88120.0,6.4981,298.19,335.07,1.674,10.0,,23,,1.8499,0.18794,,,1.5987,0,,0,1,1,59,59,0,59.0,95808.0
106.2,75,100,90,0.0,89.547,111.49,0.93737,100,1.0,0,0.0012125,12.735,15.841,79777,88182.0,6.4982,298.16,324.75,1.6764,10.0,,23,,1.8385,0.18803,,,1.601,0,,0,1,1,59,59,0,59.0,96341.0
106.4,75,100,90,0.0,90.791,109.24,0.093737,100,1.0,0,0.0011539,12.787,15.881,79828,88243.0,6.5021,298.13,311.6,1.6788,10.0,,23,,1.8256,0.18812,,,1.6032,0,,0,1,1,59,59,0,59.0,97368.0
106.6,75,100,90,0.0,90.458,103.56,0.0093737,100,1.0,0,0.0011178,12.831,15.921,79879,88304.0,6.504,298.1,300.2,1.681,10.0,,23,,1.8023,0.18829,,,1.6054,0,,0,1,1,59,59,0,59.0,97393.0
106.8,75,100,90,0.0,89.385,98.242,0.00093737,100,1.0,0,0.0011286,12.812,15.962,79929,88365.0,6.504,298.07,291.05,1.6832,10.0,,23,,1.8003,0.1883,,,1.6075,0,,0,1,1,59,59,0,59.0,96918.0
107.0,75,100,90,0.0,88.321,93.801,0.0001,100,1.0,0,0.0011286,12.792,16.003,79980,88426.0,6.5024,298.05,283.13,1.6855,10.0,,23,,1.8087,0.18823,,,1.6097,0,,0,1,1,59,59,0,59.0,97947.0
107.2,75,100,90,0.0,87.872,89.547,0.0001,100,1.0,0,0.0011172,12.809,16.043,80030,88487.0,6.499,298.03,272.98,1.6877,10.0,,23,,1.8008,0.18829,,,1.6118,0,,0,1,1,59,59,0,59.0,97473.0
107.4,75,100,90,0.0,88.799,82.46,0.0001,100,1.0,0,0.0010688,12.857,16.082,80080,88548.0,6.4959,298.0,261.88,1.6898,10.0,,23,,1.7889,0.18838,,,1.6138,0,,0,1,1,59,59,0,59.0,98327.0
107.6,75,100,90,0.0,90.97,73.577,0.0001,100,1.0,0,0.0010712,12.833,16.122,80131,88609.0,6.4941,297.97,252.84,1.6919,10.0,,23,,1.8067,0.18824,,,1.6159,0,,0,1,1,59,59,0,59.0,99015.0
107.8,75,100,90,0.0,93.832,65.479,0.0001,100,1.0,0,0.0010294,12.9,16.161,80183,88670.0,6.4929,297.95,242.66,1.6939,10.0,,23,,1.7762,0.18846,,,1.6178,0,,0,1,1,59,59,0,59.0,98867.0
108.0,75,100,90,0.0,97.2,19.644,78.334,100,1.0,0,0.0010319,12.905,16.199,80235,88733.0,6.495,298.13,314.2,1.6959,10.0,1540.5,23,1695.6,1.7679,0.18852,16.043,22.777,1.6197,0,44.575,0,1,1,59,59,0,59.0,97884.0
108.2,75,100,90,0.0,99.695,82.453,7.8334,100,1.0,0,0.0010315,12.9,16.238,80287,88795.0,6.4985,298.11,306.71,1.6979,10.0,,23,,1.7683,0.18852,,,1.6217,0,,0,1,1,59,59,0,59.0,99067.0
108.4,75,100,90,0.0,100.81,79.283,0.78334,100,1.0,0,0.0010378,12.886,16.277,80340,88858.0,6.5006,298.08,294.77,1.6999,10.0,,23,,1.7732,0.18848,,,1.6236,0,,0,1,1,59,59,0,59.0,99418.0
108.6,75,100,90,0.0,101.09,72.931,0.078334,100,1.0,0,0.0010432,12.882,16.315,80393,88921.0,6.5018,298.06,284.47,1.702,10.0,,23,,1.7674,0.18852,,,1.6255,0,,0,1,1,59,59,0,59.0,99602.0
108.8,75,100,90,0.0,100.88,66.972,0.0078334,100,1.0,0,0.00099966,12.94,16.353,80446,88984.0,6.5027,298.03,274.05,1.7039,10.0,,23,,1.7382,0.18873,,,1.6274,0,,0,1,1,59,59,0,59.0,99614.0
109.0,75,100,90,0.0,100.32,59.879,0.00078334,100,1.0,0,0.00096461,12.975,16.39,80499,89047.0,6.5072,298.0,262.7,1.7058,10.0,,23,,1.722,0.18885,,,1.6292,0,,0,1,1,59,59,0,59.0,100460.0
109.2,75,100,90,0.0,97.957,50.928,0.0001,100,1.0,0,0.00098864,12.935,16.427,80551,89109.0,6.5053,297.98,253.98,1.7077,10.0,,23,,1.7264,0.18882,,,1.631,0,,0,1,1,59,59,0,59.0,99469.0
109.4,75,100,90,0.0,96.369,43.258,0.0001,100,1.0,0,0.00098164,12.932,16.465,80603,89171.0,6.5016,297.96,247.32,1.7096,10.0,,23,,1.7233,0.18884,,,1.6329,0,,0,1,1,59,59,0,59.0,99981.0
109.6,75,100,90,0.0,96.257,36.547,0.0001,100,1.0,0,0.00097849,12.923,16.503,80655,89233.0,6.498,297.95,242.08,1.7115,10.0,,23,,1.7239,0.18883,,,1.6347,0,,0,1,1,59,59,0,59.0,99162.0
109.8,75,100,90,0.0,97.581,10.964,47.285,100,1.0,0,0.00097196,12.934,16.541,80707,89295.0,6.4979,298.06,285.47,1.7134,10.0,,23,,1.7144,0.1889,,,1.6365,0,,0,1,1,59,59,0,59.0,99674.0
110.0,75,100,90,0.0,98.916,47.963,4.7285,100,1.0,0,0.00095647,12.957,16.577,80759,89358.0,6.4992,298.05,282.07,1.7153,10.0,,23,,1.6982,0.18902,,,1.6383,0,,0,1,1,59,59,0,59.0,101520.0
110.2,75,100,90,0.0,99.752,46.236,0.47285,100,1.0,0,0.00095547,12.931,16.614,80812,89420.0,6.5043,298.03,274.69,1.7172,10.0,,23,,1.7172,0.18887,,,1.6401,0,,0,1,1,59,59,0,59.0,100520.0
110.4,75,100,90,0.0,98.528,41.531,0.047285,100,1.0,0,0.00091412,12.984,16.649,80864,89482.0,6.508,298.01,266.07,1.719,10.0,,23,,1.6933,0.18905,,,1.6419,0,,0,1,1,59,59,0,59.0,100190.0
110.6,75,100,90,0.0,95.837,35.075,0.0047285,100,1.0,0,0.00090015,13.003,16.685,80916,89544.0,6.5156,297.99,258.13,1.7208,10.0,,23,,1.6733,0.18919,,,1.6436,0,,0,1,1,59,59,0,59.0,100690.0
110.8,75,100,90,0.0,90.105,28.421,0.00047285,100,1.0,0,0.00088103,13.008,16.72,80967,89604.0,6.5228,297.97,252.12,1.7225,10.0,,23,,1.6698,0.18922,,,1.6452,0,,0,1,1,59,59,0,59.0,101190.0
111.0,75,100,90,0.0,81.488,22.715,0.0001,100,1.0,0,0.000921,12.938,16.757,81016,89663.0,6.5244,297.96,249.56,1.7242,10.0,,23,,1.6813,0.18913,,,1.6469,0,,0,1,1,59,59,0,59.0,102030.0
111.2,75,100,90,0.0,72.259,19.465,0.0001,100,1.0,0,0.00093235,12.888,16.794,81063,89720.0,6.5196,297.96,248.67,1.726,10.0,,23,,1.6998,0.18898,,,1.6486,0,,0,1,1,59,59,0,59.0,101210.0
111.4,75,100,90,0.0,64.96,17.404,0.0001,100,1.0,0,0.00091553,12.879,16.831,81109,89776.0,6.511,297.96,247.89,1.7278,10.0,,23,,1.7082,0.18892,,,1.6503,0,,0,1,1,59,59,0,59.0,102220.0
111.6,75,100,90,0.0,61.077,15.315,0.0001,100,1.0,0,0.00089211,12.886,16.868,81153,89830.0,6.5013,297.96,246.83,1.7295,10.0,,23,,1.7091,0.1889,,,1.652,0,,0,1,1,59,59,0,59.0,102400.0
111.8,75,100,90,0.0,61.088,12.897,0.0001,100,1.0,0,0.00085822,12.918,16.905,81198,89885.0,6.4954,297.95,245.36,1.7312,10.0,,23,,1.696,0.189,,,1.6536,0,,0,1,1,59,59,0,59.0,103070.0
112.0,75,100,90,0.0,63.426,10.025,0.0001,100,1.0,0,0.00087482,12.897,16.942,81244,89940.0,6.4924,297.95,244.87,1.7329,10.0,,23,,1.6953,0.189,,,1.6552,0,,0,1,1,59,59,0,59.0,102080.0
112.2,75,100,90,0.0,66.976,7.8853,0.0001,100,1.0,0,0.00084631,12.935,16.977,81290,89995.0,6.4941,297.95,243.26,1.7345,10.0,,23,,1.6806,0.18911,,,1.6568,0,,0,1,1,59,59,0,59.0,102580.0
112.4,75,100,90,0.0,69.848,2.3656,19.109,100,1.0,0,0.0008431,12.921,17.013,81336,90052.0,6.4972,297.99,260.03,1.7361,10.0,,23,,1.6926,0.18902,,,1.6583,0,,0,1,1,59,59,0,59.0,102250.0
112.6,75,100,90,0.0,71.466,15.391,1.9109,100,1.0,0,0.00080992,12.969,17.048,81383,90108.0,6.4996,297.98,256.48,1.7377,10.0,,23,,1.6716,0.18917,,,1.6599,0,,0,1,1,59,59,0,59.0,102420.0
112.8,75,100,90,0.0,72.151,11.598,0.19109,100,1.0,0,0.00081728,12.942,17.084,81430,90165.0,6.5014,297.97,252.53,1.7393,10.0,,23,,1.6816,0.18909,,,1.6614,0,,0,1,1,59,59,0,59.0,103590.0
113.0,75,100,90,0.0,72.1,7.5072,0.019109,100,1.0,0,0.00082087,12.943,17.119,81477,90221.0,6.5026,297.96,249.6,1.7409,10.0,,23,,1.6713,0.18917,,,1.6629,0,,0,1,1,59,59,0,59.0,102420.0
113.2,75,100,90,0.0,71.571,3.9412,0.0019109,100,1.0,0,0.00079015,12.982,17.153,81524,90278.0,6.5057,297.96,246.3,1.7425,10.0,,23,,1.6524,0.18931,,,1.6644,0,,0,1,1,59,59,0,59.0,103250.0
113.4,75,100,90,0.0,69.794,0.0001,0.00019109,100,1.0,0,0.00082273,12.918,17.189,81571,90334.0,6.5081,297.95,245.51,1.744,10.0,,23,,1.673,0.18915,,,1.6659,0,,0,1,1,59,59,0,59.0,103420.0
113.6,75,100,90,0.0,67.092,0.0001,0.0001,100,1.0,0,0.0008179,12.916,17.224,81617,90390.0,6.5091,297.95,244.67,1.7456,10.0,,23,,1.6723,0.18915,,,1.6674,0,,0,1,1,59,59,0,59.0,103420.0
113.8,75,100,90,0.0,63.958,0.0001,0.0001,100,1.0,0,0.00080173,12.917,17.259,81662,90445.0,6.5086,297.95,243.35,1.7472,10.0,,23,,1.6754,0.18913,,,1.6689,0,,0,1,1,59,59,0,59.0,104250.0
114.0,75,100,90,0.0,61.028,0.0001,10.707,100,1.0,0,0.00078742,12.916,17.294,81707,90499.0,6.5053,297.97,251.48,1.7487,10.0,,23,,1.6755,0.18912,,,1.6704,0,,0,1,1,59,59,0,59.0,103090.0
114.2,75,100,90,0.0,59.449,5.3071,1.0707,100,1.0,0,0.00075705,12.942,17.328,81751,90553.0,6.5017,297.96,248.09,1.7502,10.0,,23,,1.6717,0.18915,,,1.6718,0,,0,1,1,59,59,0,59.0,104580.0
114.4,75,100,90,0.0,59.301,1.0075,0.10707,100,1.0,0,0.00075109,12.932,17.363,81796,90606.0,6.5004,297.95,244.69,1.7516,10.0,,23,,1.681,0.18908,,,1.6732,0,,0,1,1,59,59,0,59.0,104910.0
114.6,75,100,90,0.0,59.635,0.0001,0.010707,100,1.0,0,0.00073648,12.958,17.396,81840,90660.0,6.4987,297.94,240.86,1.7531,10.0,,23,,1.6647,0.1892,,,1.6746,0,,0,1,1,59,59,0,59.0,103910.0
114.8,75,100,90,0.0,60.697,0.0001,12.279,100,1.0,0,0.00076135,12.911,17.431,81885,90714.0,6.4978,297.96,249.08,1.7545,10.0,,23,,1.6831,0.18905,,,1.676,0,,0,1,1,59,59,0,59.0,104900.0
115.0,75,100,90,0.0,62.114,5.1846,1.2279,100,1.0,0,0.00076744,12.889,17.465,81930,90769.0,6.4965,297.96,245.98,1.756,10.0,,23,,1.6966,0.18895,,,1.6774,0,,0,1,1,59,59,0,59.0,103730.0
115.2,75,100,90,0.0,64.029,0.91391,0.12279,100,1.0,0,0.00078895,12.845,17.5,81975,90824.0,6.4956,297.95,243.57,1.7574,10.0,,23,,1.7241,0.18874,,,1.6788,0,,0,1,1,59,59,0,59.0,104230.0
115.4,75,100,90,0.0,66.312,0.27417,10.896,100,1.0,0,0.00081031,12.811,17.535,82021,90879.0,6.4975,297.97,251.81,1.759,10.0,,23,,1.7423,0.1886,,,1.6803,0,,0,1,1,59,59,0,59.0,105400.0
115.6,75,100,90,0.0,67.828,5.6926,1.0896,100,1.0,0,0.00080719,12.808,17.57,82067,90935.0,6.501,297.96,249.19,1.7605,10.0,,23,,1.7486,0.18855,,,1.6817,0,,0,1,1,59,59,0,59.0,104560.0
115.8,75,100,90,0.0,67.945,2.1189,0.10896,100,1.0,0,0.00082334,12.793,17.606,82113,90991.0,6.505,297.96,247.19,1.762,10.0,,23,,1.7458,0.18856,,,1.6832,0,,0,1,1,59,59,0,59.0,105070.0
116.0,75,100,90,0.0,66.45,0.0001,0.010896,100,1.0,0,0.0008637,12.718,17.642,82159,91047.0,6.5088,297.96,247.4,1.7636,10.0,,23,,1.7781,0.18832,,,1.6847,0,,0,1,1,59,59,0,59.0,105740.0
116.2,75,100,90,0.0,63.468,0.0001,0.0010896,100,1.0,0,0.00085699,12.729,17.679,82204,91102.0,6.5118,297.96,247.48,1.7652,10.0,,23,,1.7657,0.18841,,,1.6863,0,,0,1,1,59,59,0,59.0,104910.0
116.4,75,100,90,0.0,59.283,0.0001,0.00010896,100,1.0,0,0.00087059,12.699,17.715,82249,91156.0,6.5104,297.96,248.31,1.7668,10.0,,23,,1.7705,0.18837,,,1.6878,0,,0,1,1,59,59,0,59.0,106250.0
116.6,75,100,90,0.0,55.661,0.0001,0.0001,100,1.0,0,0.00086984,12.679,17.752,82292,91209.0,6.5044,297.96,249.44,1.7685,10.0,,23,,1.7777,0.18831,,,1.6894,0,,0,1,1,59,59,0,59.0,105760.0
116.8,75,100,90,0.0,54.438,0.0001,0.0001,100,1.0,0,0.00084011,12.725,17.789,82336,91263.0,6.4968,297.96,249.3,1.77,10.0,,23,,1.754,0.18849,,,1.6909,0,,0,1,1,59,59,0,59.0,106270.0
117.0,75,100,90,0.0,56.261,0.0001,0.0001,100,1.0,0,0.00083676,12.722,17.825,82380,91316.0,6.4907,297.96,248.78,1.7716,10.0,,23,,1.7561,0.18847,,,1.6923,0,,0,1,1,59,59,0,59.0,106610.0
117.2,75,100,90,0.0,60.489,0.0001,0.0001,100,1.0,0,0.00083953,12.719,17.861,82424,91371.0,6.4875,297.96,248.12,1.7731,10.0,,23,,1.7553,0.18847,,,1.6938,0,,0,1,1,59,59,0,59.0,106110.0
117.4,75,100,90,0.0,65.997,0.0001,0.0001,100,1.0,0,0.00083382,12.752,17.897,82470,91426.0,6.4867,297.96,246.61,1.7746,10.0,,23,,1.7338,0.18863,,,1.6953,0,,0,1,1,59,59,0,59.0,106450.0
117.6,75,100,90,0.0,71.847,0.0001,0.0001,100,1.0,0,0.00084234,12.752,17.932,82517,91483.0,6.4902,297.95,244.76,1.7762,10.0,,23,,1.7328,0.18864,,,1.6968,0,,0,1,1,59,59,0,59.0,107280.0
117.8,75,100,90,0.0,76.264,0.0001,0.0001,100,1.0,0,0.00085794,12.736,17.968,82565,91540.0,6.4959,297.95,243.14,1.7777,10.0,,23,,1.7376,0.1886,,,1.6983,0,,0,1,1,59,59,0,59.0,106290.0
118.0,75,100,90,0.0,78.402,0.0001,10.386,100,1.0,0,0.00085313,12.739,18.004,82613,91598.0,6.5042,297.97,250.53,1.7793,10.0,,23,,1.7379,0.18859,,,1.6997,0,,0,1,1,59,59,0,59.0,106630.0
118.2,75,100,90,0.0,77.228,4.5693,1.0386,100,1.0,0,0.00085671,12.706,18.041,82661,91656.0,6.5115,297.96,248.47,1.7808,10.0,,23,,1.7612,0.18841,,,1.7012,0,,0,1,1,59,59,0,59.0,107470.0
118.4,75,100,90,0.0,73.167,1.3953,0.10386,100,1.0,0,0.00088186,12.648,18.078,82708,91713.0,6.5152,297.96,247.61,1.7824,10.0,,23,,1.7864,0.18822,,,1.7027,0,,0,1,1,59,59,0,59.0,107810.0
118.6,75,100,90,0.0,67.606,0.0001,0.010386,100,1.0,0,0.00085064,12.668,18.114,82754,91769.0,6.5159,297.96,246.39,1.7839,10.0,,23,,1.7786,0.18827,,,1.7042,0,,0,1,1,59,59,0,59.0,107980.0
118.8,75,100,90,0.0,61.759,0.0001,0.0010386,100,1.0,0,0.00081757,12.677,18.15,82799,91824.0,6.513,297.95,244.43,1.7854,10.0,,23,,1.7797,0.18826,,,1.7057,0,,0,1,1,59,59,0,59.0,108150.0
119.0,75,100,90,0.0,57.09,0.0001,0.00010386,100,1.0,0,0.00083189,12.642,18.187,82843,91878.0,6.5062,297.95,243.23,1.7869,10.0,,23,,1.7908,0.18818,,,1.7071,0,,0,1,1,59,59,0,59.0,107990.0
119.2,75,100,90,0.0,55.146,0.0001,9.9339,100,1.0,0,0.0008158,12.652,18.222,82886,91931.0,6.4985,297.97,250.4,1.7884,10.0,,23,,1.7898,0.18818,,,1.7085,0,,0,1,1,59,59,0,59.0,107830.0
119.4,75,100,90,0.0,56.283,4.3479,0.99339,100,1.0,0,0.00083527,12.63,18.258,82930,91984.0,6.492,297.96,248.86,1.7899,10.0,,23,,1.7954,0.18814,,,1.7099,0,,0,1,1,59,59,0,59.0,107670.0
119.6,75,100,90,0.0,59.982,1.6236,0.099339,100,1.0,0,0.0007974,12.69,18.293,82974,92038.0,6.4898,297.95,245.25,1.7913,10.0,,23,,1.7719,0.18831,,,1.7113,0,,0,1,1,59,59,0,59.0,108670.0
119.8,75,100,90,0.0,64.578,0.0001,0.0099339,100,1.0,0,0.00079706,12.674,18.328,83020,92094.0,6.4916,297.94,241.52,1.7927,10.0,,23,,1.7903,0.18817,,,1.7127,0,,0,1,1,59,59,0,59.0,109160.0
120.0,75,100,75,0.0,68.448,0.0001,11.677,100,1.0,0,0.00056768,12.968,18.356,83063,92146.0,6.5025,297.94,239.74,1.7938,11.0,1639.1,23,1711.3,1.6935,0.1889,18.222,23.449,1.7137,0,53.296,0,1,1,59,59,0,59.0,108630.0
120.2,75,100,75,0.0,67.953,0.0001,11.015,100,1.0,0,0.00058311,12.944,18.385,83106,92198.0,6.5117,297.94,238.01,1.7948,11.0,,23,,1.6835,0.18897,,,1.7147,0,,0,1,1,59,59,0,59.0,109100.0
120.4,75,100,75,0.0,63.795,0.0001,13.093,100,1.0,0,0.00058615,12.928,18.414,83149,92249.0,6.517,297.94,238.68,1.7958,11.0,,23,,1.6825,0.18898,,,1.7157,0,,0,1,1,59,59,0,59.0,109240.0
120.6,75,100,75,0.0,57.532,0.0001,10.965,100,1.0,0,0.00058899,12.897,18.444,83190,92299.0,6.5149,297.94,238.08,1.7969,11.0,,23,,1.6922,0.1889,,,1.7166,0,,0,1,1,59,59,0,59.0,109880.0
120.8,75,100,75,0.0,52.097,0.0001,13.74,100,1.0,0,0.00057132,12.893,18.474,83230,92348.0,6.5089,297.94,239.7,1.7978,11.0,,23,,1.7,0.18884,,,1.7176,0,,0,1,1,59,59,0,59.0,109190.0
121.0,75,100,75,0.0,49.081,0.0001,10.455,100,1.0,0,0.00058051,12.862,18.504,83269,92396.0,6.4995,297.94,238.98,1.7988,11.0,,23,,1.7113,0.18875,,,1.7185,0,,0,1,1,59,59,0,59.0,109330.0
121.2,75,100,75,0.0,49.82,0.0001,13.972,100,1.0,0,0.0005901,12.852,18.534,83309,92445.0,6.4915,297.95,241.81,1.7998,11.0,,23,,1.7086,0.18877,,,1.7195,0,,0,1,1,59,59,0,59.0,109470.0
121.4,75,100,75,0.0,53.727,0.0001,8.3955,100,1.0,0,0.00058923,12.858,18.564,83349,92494.0,6.4857,297.94,239.29,1.8008,11.0,,23,,1.7037,0.18881,,,1.7205,0,,0,1,1,59,59,0,59.0,110450.0
121.6,75,100,75,0.0,59.956,0.0001,15.945,100,1.0,0,0.00060238,12.854,18.595,83391,92545.0,6.4862,297.95,243.59,1.8018,11.0,,23,,1.7011,0.18883,,,1.7214,0,,0,1,1,59,59,0,59.0,110760.0
121.8,75,100,75,0.0,65.994,0.0001,5.2645,100,1.0,0,0.00058019,12.912,18.625,83434,92596.0,6.492,297.93,236.72,1.8028,11.0,,23,,1.6712,0.18905,,,1.7224,0,,0,1,1,59,59,0,59.0,110230.0
122.0,75,100,75,0.0,69.703,0.0001,21.424,100,1.0,0,0.00057555,12.92,18.655,83477,92649.0,6.499,297.95,244.06,1.8038,11.0,,23,,1.6655,0.18909,,,1.7233,0,,0,1,1,59,59,0,59.0,110710.0
122.2,75,100,75,0.0,70.628,3.9443,2.1424,100,1.0,0,0.00057655,12.931,18.684,83521,92701.0,6.5072,297.92,233.0,1.8048,11.0,,23,,1.6489,0.18922,,,1.7243,0,,0,1,1,59,59,0,59.0,110680.0
122.4,75,100,75,0.0,68.274,1.1833,32.284,100,1.0,0,0.0005567,12.957,18.713,83564,92753.0,6.5144,297.96,249.08,1.8057,11.0,,23,,1.6348,0.18932,,,1.7252,0,,0,1,1,59,59,0,59.0,111150.0
122.6,75,100,75,0.0,63.037,12.41,3.2284,100,1.0,0,0.00051152,13.011,18.741,83607,92804.0,6.5203,297.93,234.53,1.8066,11.0,,23,,1.6113,0.1895,,,1.726,0,,0,1,1,59,59,0,59.0,110780.0
122.8,75,100,75,0.0,55.44,3.7229,48.06,100,1.0,0,0.00052159,12.946,18.77,83647,92854.0,6.5219,298.0,263.81,1.8074,11.0,,23,,1.643,0.18926,,,1.7268,0,,0,1,1,59,59,0,59.0,110920.0
123.0,75,100,75,0.0,47.215,26.552,4.806,100,1.0,0,0.00051923,12.922,18.799,83686,92901.0,6.5178,297.96,248.82,1.8083,11.0,,23,,1.6538,0.18917,,,1.7276,0,,0,1,1,59,59,0,59.0,110560.0
123.2,75,100,75,0.0,40.65,13.057,0.4806,100,1.0,0,0.00053277,12.871,18.829,83724,92948.0,6.5081,297.93,234.34,1.8091,11.0,,23,,1.6723,0.18903,,,1.7284,0,,0,1,1,59,59,0,59.0,111030.0
123.4,75,100,75,0.0,37.957,3.9171,29.255,100,1.0,0,0.00050846,12.892,18.858,83761,92994.0,6.4986,297.96,247.34,1.81,11.0,,23,,1.6683,0.18906,,,1.7292,0,,0,1,1,59,59,0,59.0,110670.0
123.6,75,100,75,0.0,39.038,12.639,2.9255,100,1.0,0,0.00051129,12.878,18.887,83799,93040.0,6.4896,297.93,233.97,1.8108,11.0,,23,,1.6782,0.18898,,,1.73,0,,0,1,1,59,59,0,59.0,111470.0
123.8,75,100,75,0.0,43.699,3.7918,45.691,100,1.0,0,0.00047781,12.941,18.914,83837,93087.0,6.486,297.99,259.8,1.8116,11.0,,23,,1.6562,0.18915,,,1.7308,0,,0,1,1,59,59,0,59.0,111770.0
124.0,75,100,75,0.0,49.814,23.507,4.5691,100,1.0,0,0.00048515,12.938,18.942,83877,93135.0,6.487,297.95,242.28,1.8123,11.0,,23,,1.6571,0.18914,,,1.7315,0,,0,1,1,59,59,0,59.0,112060.0
124.2,75,100,75,0.0,55.513,7.0521,63.509,100,1.0,0,0.0005128,12.905,18.97,83917,93184.0,6.4914,298.05,283.26,1.8131,11.0,,23,,1.6751,0.189,,,1.7323,0,,0,1,1,59,59,0,59.0,112860.0
124.4,75,100,75,0.0,59.467,40.657,6.3509,100,1.0,0,0.00054281,12.88,18.999,83959,93234.0,6.4997,298.0,262.84,1.8139,11.0,,23,,1.6758,0.18899,,,1.7331,0,,0,1,1,59,59,0,59.0,111830.0
124.6,75,100,75,0.0,60.103,24.131,0.63509,100,1.0,0,0.00056188,12.845,19.028,84000,93285.0,6.5068,297.95,243.11,1.8148,11.0,,23,,1.6888,0.18889,,,1.7339,0,,0,1,1,59,59,0,59.0,111470.0
124.8,75,100,75,0.0,57.889,7.2394,36.464,100,1.0,0,0.00055802,12.826,19.057,84041,93335.0,6.5122,297.99,261.07,1.8157,11.0,,23,,1.7056,0.18877,,,1.7348,0,,0,1,1,59,59,0,59.0,111770.0
125.0,75,100,75,0.0,53.524,21.114,3.6464,100,1.0,0,0.00057737,12.782,19.088,84082,93384.0,6.513,297.95,245.24,1.8166,11.0,,23,,1.7166,0.18868,,,1.7356,0,,0,1,1,59,59,0,59.0,112750.0
125.2,75,100,75,0.0,48.841,6.9208,0.36464,100,1.0,0,0.00059446,12.725,19.119,84121,93432.0,6.5113,297.92,233.05,1.8176,11.0,,23,,1.7408,0.1885,,,1.7365,0,,0,1,1,59,59,0,59.0,111560.0
125.4,75,100,75,0.0,44.832,2.0762,21.493,100,1.0,0,0.00059778,12.705,19.151,84160,93480.0,6.5049,297.95,242.22,1.8185,11.0,,23,,1.7478,0.18844,,,1.7375,0,,0,1,1,59,59,0,59.0,113050.0
125.6,75,100,75,0.0,43.396,0.62287,0.0001,100,1.0,0,0.0006059,12.676,19.183,84198,93527.0,6.4979,297.92,232.9,1.8195,11.0,,23,,1.7611,0.18834,,,1.7384,0,,0,1,1,59,59,0,59.0,112030.0
125.8,75,100,75,0.0,44.759,0.18686,28.668,100,1.0,0,0.00060914,12.673,19.215,84236,93575.0,6.492,297.96,249.74,1.8205,11.0,,23,,1.7603,0.18834,,,1.7393,0,,0,1,1,59,59,0,59.0,112350.0
126.0,75,100,75,0.0,48.491,11.916,2.8668,100,1.0,0,0.00060542,12.697,19.246,84276,93623.0,6.4887,297.94,238.23,1.8214,11.0,,23,,1.7454,0.18845,,,1.7402,0,,0,1,1,59,59,0,59.0,114170.0
126.2,75,100,75,0.0,53.518,3.5748,43.71,100,1.0,0,0.00057961,12.739,19.276,84316,93673.0,6.4901,298.0,265.26,1.8224,11.0,,23,,1.7323,0.18855,,,1.7411,0,,0,1,1,59,59,0,59.0,113640.0
126.4,75,100,75,0.0,58.002,24.56,4.371,100,1.0,0,0.00056601,12.766,19.306,84357,93723.0,6.4951,297.96,247.95,1.8233,11.0,,23,,1.7241,0.18861,,,1.742,0,,0,1,1,59,59,0,59.0,113610.0
126.6,75,100,75,0.0,60.468,9.3599,0.4371,100,1.0,0,0.000578,12.764,19.335,84399,93774.0,6.5004,297.92,232.76,1.8242,11.0,,23,,1.7165,0.18867,,,1.7429,0,,0,1,1,59,59,0,59.0,113090.0
126.8,75,100,75,0.0,60.834,2.808,25.365,100,1.0,0,0.00057753,12.775,19.365,84440,93824.0,6.5081,297.95,242.45,1.8251,11.0,,23,,1.7015,0.18878,,,1.7438,0,,0,1,1,59,59,0,59.0,113560.0
127.0,75,100,75,0.0,58.088,0.84239,0.0001,100,1.0,0,0.00055786,12.782,19.394,84481,93874.0,6.5129,297.91,229.36,1.826,11.0,,23,,1.7,0.18879,,,1.7446,0,,0,1,1,59,59,0,59.0,114030.0
127.2,75,100,75,0.0,53.459,0.25272,33.704,100,1.0,0,0.00055349,12.771,19.423,84522,93924.0,6.5132,297.96,247.26,1.8268,11.0,,23,,1.7014,0.18878,,,1.7454,0,,0,1,1,59,59,0,59.0,114170.0
127.4,75,100,75,0.0,48.696,12.581,3.3704,100,1.0,0,0.00053467,12.774,19.452,84561,93972.0,6.5087,297.92,232.74,1.8277,11.0,,23,,1.7043,0.18875,,,1.7462,0,,0,1,1,59,59,0,59.0,113800.0
127.6,75,100,75,0.0,45.757,3.7743,49.897,100,1.0,0,0.00053532,12.778,19.481,84600,94019.0,6.5031,298.0,263.81,1.8285,11.0,,23,,1.6907,0.18885,,,1.747,0,,0,1,1,59,59,0,59.0,114440.0
127.8,75,100,75,0.0,45.048,27.665,4.9897,100,1.0,0,0.00055695,12.74,19.51,84638,94067.0,6.4971,297.96,246.47,1.8293,11.0,,23,,1.7014,0.18877,,,1.7478,0,,0,1,1,59,59,0,59.0,114080.0
128.0,75,100,75,0.0,46.742,12.283,0.49897,100,1.0,0,0.00053508,12.767,19.539,84677,94115.0,6.4935,297.91,229.43,1.8301,11.0,,23,,1.6984,0.18879,,,1.7486,0,,0,1,1,59,59,0,59.0,114220.0
128.2,75,100,75,0.0,49.835,3.6849,31.279,100,1.0,0,0.00050679,12.821,19.567,84717,94163.0,6.4936,297.95,241.94,1.8309,11.0,,23,,1.6745,0.18897,,,1.7494,0,,0,1,1,59,59,0,59.0,113680.0
128.4,75,100,75,0.0,52.923,1.1055,0.0001,100,1.0,0,0.00051149,12.829,19.595,84757,94212.0,6.4952,297.91,226.7,1.8317,11.0,,23,,1.6645,0.18905,,,1.7501,0,,0,1,1,59,59,0,59.0,114480.0
128.6,75,100,75,0.0,55.374,0.33164,38.541,100,1.0,0,0.00051957,12.824,19.623,84797,94261.0,6.4981,297.96,246.7,1.8324,11.0,,23,,1.6637,0.18905,,,1.7508,0,,0,1,1,59,59,0,59.0,114440.0
128.8,75,100,75,0.0,56.653,14.19,3.8541,100,1.0,0,0.00054239,12.79,19.651,84838,94311.0,6.5004,297.92,231.13,1.8332,11.0,,23,,1.6735,0.18897,,,1.7516,0,,0,1,1,59,59,0,59.0,115080.0
129.0,75,100,75,0.0,56.995,4.2571,54.284,100,1.0,0,0.00054144,12.804,19.68,84879,94361.0,6.5023,298.0,264.55,1.834,11.0,,23,,1.6606,0.18907,,,1.7523,0,,0,1,1,59,59,0,59.0,116210.0
129.2,75,100,75,0.0,56.589,29.929,5.4284,100,1.0,0,0.00051717,12.835,19.708,84920,94411.0,6.5017,297.95,243.29,1.8348,11.0,,23,,1.6494,0.18915,,,1.7531,0,,0,1,1,59,59,0,59.0,116180.0
129.4,75,100,75,0.0,56.422,8.9788,76.478,100,1.0,0,0.00048342,12.882,19.734,84961,94460.0,6.5028,298.07,292.36,1.8355,11.0,,23,,1.6308,0.18929,,,1.7537,0,,0,1,1,59,59,0,59.0,115140.0
129.6,75,100,75,0.0,55.837,49.157,7.6478,100,1.0,0,0.00046755,12.907,19.761,85001,94510.0,6.5028,298.0,264.06,1.8361,11.0,,23,,1.6129,0.18943,,,1.7544,0,,0,1,1,59,59,0,59.0,116260.0
129.8,75,100,75,0.0,55.227,26.832,0.76478,100,1.0,0,0.00045859,12.928,19.787,85042,94559.0,6.5037,297.93,237.32,1.8368,11.0,,23,,1.5945,0.18957,,,1.755,0,,0,1,1,59,59,0,59.0,116720.0
130.0,75,100,75,0.0,54.252,8.0497,42.305,100,1.0,0,0.00045982,12.941,19.813,85082,94608.0,6.5041,297.98,255.24,1.8374,11.0,,23,,1.5715,0.18974,,,1.7556,0,,0,1,1,59,59,0,59.0,115510.0
130.2,75,100,75,0.0,53.148,21.278,4.2305,100,1.0,-4000,0.00048353,12.901,19.84,84422,93857.0,6.5314,297.93,234.55,1.8282,11.0,,23,,1.5719,0.18975,,,1.7468,0,,0,1,1,59,59,0,59.0,115800.0
130.4,75,100,75,0.0,41.031,6.3835,62.169,100,1.0,-4000,0.0005098,12.828,19.868,83761,93103.0,6.5489,298.02,273.4,1.8144,11.0,,23,,1.5733,0.18977,,,1.7335,0,,0,1,1,59,59,0,59.0,116100.0
130.6,75,100,75,0.0,22.019,37.396,6.2169,100,1.0,-4000,0.00053241,12.719,19.897,83095,92346.0,6.5476,297.97,252.78,1.8003,11.0,,23,,1.5974,0.18961,,,1.72,0,,0,1,1,59,59,0,59.0,115570.0
130.8,75,100,75,0.0,3.5599,19.725,0.62169,100,1.0,-4000,0.00055762,12.607,19.928,82426,91585.0,6.5289,297.93,236.22,1.7862,11.0,,23,,1.6231,0.18945,,,1.7064,0,,0,1,1,59,59,0,59.0,115390.0
131.0,75,100,75,0.0,0.0,5.9175,33.291,100,1.0,-4000,0.00055456,12.596,19.96,81756,90824.0,6.508,297.98,254.38,1.772,11.0,,23,,1.6133,0.18955,,,1.6928,0,,0,1,1,59,59,0,59.0,116370.0
131.2,75,100,75,0.0,0.0,19.584,3.3291,100,1.0,-4000,0.00055838,12.585,19.991,81086,90062.0,6.4883,297.94,240.09,1.7579,11.0,,23,,1.5976,0.18969,,,1.6792,0,,0,1,1,59,59,0,59.0,116680.0
131.4,75,100,75,0.0,5.1983,5.8751,54.186,100,1.0,-4000,0.00056849,12.58,20.022,80418,89302.0,6.4742,298.04,276.88,1.7437,11.0,,23,,1.5806,0.18985,,,1.6656,0,,0,1,1,59,59,0,59.0,116830.0
131.6,75,100,75,0.0,16.033,36.781,5.4186,100,1.0,-4000,0.00055884,12.614,20.052,79751,88544.0,6.471,297.98,256.06,1.7296,11.0,,23,,1.5581,0.19005,,,1.652,0,,0,1,1,59,59,0,59.0,117470.0
131.8,75,100,75,0.0,28.107,18.624,0.54186,100,1.0,-4000,0.00055772,12.626,20.082,79087,87788.0,6.4785,297.93,236.55,1.7154,11.0,,23,,1.5542,0.1901,,,1.6384,0,,0,1,1,59,59,0,59.0,116610.0
132.0,75,100,75,0.0,37.203,5.5873,34.556,100,1.0,-4000,0.00058773,12.612,20.112,78426,87034.0,6.4929,297.97,253.2,1.7013,11.0,1864.5,23,1788.7,1.5366,0.19026,19.991,23.642,1.6248,0,61.499,0,1,1,59,59,0,59.0,116920.0
132.2,75,100,75,0.0,40.55,18.582,3.4556,100,1.0,0,0.00058187,12.637,20.143,78464,87081.0,6.4833,297.93,237.03,1.6972,11.0,,23,,1.5159,0.19043,,,1.621,0,,0,1,1,59,59,0,59.0,117400.0
132.4,75,100,75,0.0,47.845,5.5746,56.464,100,1.0,0,0.00056112,12.699,20.172,78503,87129.0,6.4808,298.02,271.78,1.6976,11.0,,23,,1.4838,0.19067,,,1.6213,0,,0,1,1,59,59,0,59.0,117540.0
132.6,75,100,75,0.0,56.031,35.244,5.6464,100,1.0,0,0.0005479,12.749,20.2,78545,87179.0,6.4856,297.96,249.22,1.6983,11.0,,23,,1.4598,0.19085,,,1.622,0,,0,1,1,59,59,0,59.0,118170.0
132.8,75,100,75,0.0,62.29,14.686,0.56464,100,1.0,0,0.00055763,12.749,20.229,78587,87230.0,6.4946,297.91,228.69,1.699,11.0,,23,,1.4626,0.19083,,,1.6226,0,,0,1,1,59,59,0,59.0,117810.0
133.0,75,100,75,0.0,64.958,4.4058,34.374,100,1.0,0,0.00054885,12.772,20.257,78630,87282.0,6.5024,297.94,241.68,1.6996,11.0,,23,,1.4519,0.19091,,,1.6233,0,,0,1,1,59,59,0,59.0,118270.0
133.2,75,100,75,0.0,64.503,1.3217,0.0001,100,1.0,0,0.00054447,12.768,20.285,78673,87333.0,6.5104,297.9,224.48,1.7003,11.0,,23,,1.4539,0.19089,,,1.6239,0,,0,1,1,59,59,0,59.0,117740.0
133.4,75,100,75,0.0,60.856,0.39652,44.234,100,1.0,0,0.00056603,12.718,20.314,78715,87384.0,6.5151,297.96,248.74,1.701,11.0,,23,,1.4738,0.19074,,,1.6246,0,,0,1,1,59,59,0,59.0,118540.0
133.6,75,100,75,0.0,55.352,19.127,4.4234,100,1.0,0,0.00056149,12.717,20.343,78757,87434.0,6.5158,297.92,231.24,1.7017,11.0,,23,,1.4678,0.19078,,,1.6252,0,,0,1,1,59,59,0,59.0,118850.0
133.8,75,100,75,0.0,49.562,5.738,66.139,100,1.0,0,0.00052947,12.736,20.372,78797,87482.0,6.5136,298.03,272.96,1.7023,11.0,,23,,1.4639,0.19081,,,1.6258,0,,0,1,1,59,59,0,59.0,118310.0
134.0,75,100,75,0.0,44.65,41.112,6.6139,100,1.0,0,0.00049801,12.766,20.399,78835,87530.0,6.5077,297.96,248.04,1.7029,11.0,,23,,1.4507,0.19091,,,1.6264,0,,0,1,1,59,59,0,59.0,118440.0
134.2,75,100,75,0.0,42.119,18.452,0.66139,100,1.0,0,0.00048322,12.776,20.425,78874,87577.0,6.5017,297.9,225.01,1.7034,11.0,,23,,1.4442,0.19096,,,1.6269,0,,0,1,1,59,59,0,59.0,118570.0
134.4,75,100,75,0.0,41.954,5.5356,40.496,100,1.0,0,0.00048619,12.772,20.452,78912,87623.0,6.4972,297.95,242.63,1.704,11.0,,23,,1.44,0.19099,,,1.6275,0,,0,1,1,59,59,0,59.0,119190.0
134.6,75,100,75,0.0,43.586,1.6607,0.0001,100,1.0,0,0.0004727,12.813,20.479,78951,87671.0,6.4939,297.9,224.1,1.7045,11.0,,23,,1.4117,0.1912,,,1.628,0,,0,1,1,59,59,0,59.0,119650.0
134.8,75,100,75,0.0,46.553,0.49821,48.782,100,1.0,0,0.00048226,12.811,20.506,78991,87718.0,6.4933,297.97,250.14,1.705,11.0,,23,,1.4078,0.19123,,,1.6285,0,,0,1,1,59,59,0,59.0,119440.0
135.0,75,100,75,0.0,49.746,20.769,4.8782,100,1.0,0,0.00046751,12.831,20.532,79030,87767.0,6.4969,297.91,228.75,1.7056,11.0,,23,,1.4058,0.19124,,,1.629,0,,0,1,1,59,59,0,59.0,119230.0
135.2,75,100,75,0.0,51.508,6.2306,73.232,100,1.0,0,0.00045388,12.852,20.557,79071,87815.0,6.5044,298.03,273.23,1.706,11.0,,23,,1.4023,0.19127,,,1.6294,0,,0,1,1,59,59,0,59.0,118850.0
135.4,75,100,75,0.0,50.255,43.817,7.3232,100,1.0,0,0.00046065,12.845,20.583,79111,87864.0,6.5094,297.95,245.45,1.7065,11.0,,23,,1.3992,0.19129,,,1.6299,0,,0,1,1,59,59,0,59.0,120140.0
135.6,75,100,75,0.0,47.028,18.591,0.73232,100,1.0,0,0.00046228,12.842,20.608,79150,87911.0,6.51,297.89,220.58,1.707,11.0,,23,,1.3929,0.19134,,,1.6304,0,,0,1,1,59,59,0,59.0,120260.0
135.8,75,100,75,0.0,43.542,5.5772,42.502,100,1.0,0,0.00048278,12.81,20.635,79189,87958.0,6.5071,297.94,239.06,1.7075,11.0,,23,,1.3933,0.19133,,,1.6308,0,,0,1,1,59,59,0,59.0,120220.0
136.0,75,100,75,0.0,41.215,1.6732,0.0001,100,1.0,0,0.00047621,12.804,20.661,79227,88005.0,6.5012,297.89,220.28,1.708,11.0,,23,,1.399,0.19129,,,1.6313,0,,0,1,1,59,59,0,59.0,120510.0
136.2,75,100,75,0.0,41.283,0.50195,51.448,100,1.0,0,0.00048132,12.782,20.687,79266,88052.0,6.4948,297.96,248.62,1.7085,11.0,,23,,1.4169,0.19115,,,1.6318,0,,0,1,1,59,59,0,59.0,120630.0
136.4,75,100,75,0.0,43.873,22.408,5.1448,100,1.0,0,0.00047181,12.802,20.713,79304,88099.0,6.4905,297.9,227.12,1.709,11.0,,23,,1.4131,0.19118,,,1.6323,0,,0,1,1,59,59,0,59.0,120090.0
136.6,75,100,75,0.0,48.175,6.7224,77.195,100,1.0,0,0.00046367,12.823,20.739,79344,88147.0,6.4909,298.03,275.13,1.7095,11.0,,23,,1.4074,0.19122,,,1.6327,0,,0,1,1,59,59,0,59.0,120370.0
136.8,75,100,75,0.0,52.309,47.225,7.7195,100,1.0,0,0.00045613,12.849,20.763,79384,88196.0,6.4938,297.95,245.45,1.7099,11.0,,23,,1.3975,0.1913,,,1.6332,0,,0,1,1,59,59,0,59.0,120320.0
137.0,75,100,75,0.0,55.305,20.469,0.77195,100,1.0,0,0.00045211,12.83,20.788,79426,88245.0,6.498,297.88,218.5,1.7104,11.0,,23,,1.4231,0.1911,,,1.6336,0,,0,1,1,59,59,0,59.0,120600.0
137.2,75,100,75,0.0,56.62,6.1407,45.818,100,1.0,0,0.00045867,12.814,20.813,79467,88295.0,6.5039,297.93,237.67,1.7108,11.0,,23,,1.4373,0.19099,,,1.634,0,,0,1,1,59,59,0,59.0,120720.0
137.4,75,100,75,0.0,55.581,1.8422,0.0001,100,1.0,0,0.00046616,12.785,20.838,79508,88345.0,6.5065,297.88,216.88,1.7113,11.0,,23,,1.457,0.19084,,,1.6345,0,,0,1,1,59,59,0,59.0,120340.0
137.6,75,100,75,0.0,53.495,0.55266,55.311,100,1.0,0,0.00045485,12.8,20.863,79549,88394.0,6.5077,297.96,246.33,1.7117,11.0,,23,,1.4482,0.19091,,,1.6349,0,,0,1,1,59,59,0,59.0,120460.0
137.8,75,100,75,0.0,50.939,23.083,5.5311,100,1.0,0,0.00048972,12.752,20.889,79589,88442.0,6.5066,297.9,224.75,1.7122,11.0,,23,,1.4548,0.19086,,,1.6353,0,,0,1,1,59,59,0,59.0,121580.0
138.0,75,100,75,0.0,48.807,6.9249,79.751,100,1.0,0,0.00050229,12.741,20.915,79629,88491.0,6.5033,298.03,276.0,1.7127,11.0,,23,,1.4515,0.19088,,,1.6358,0,,0,1,1,59,59,0,59.0,121030.0
138.2,75,100,75,0.0,48.011,49.967,7.9751,100,1.0,0,0.00051226,12.723,20.941,79668,88539.0,6.4988,297.96,248.66,1.7132,11.0,,23,,1.4552,0.19085,,,1.6363,0,,0,1,1,59,59,0,59.0,121990.0
138.4,75,100,75,0.0,49.032,25.439,0.79751,100,1.0,0,0.00050999,12.729,20.968,79708,88587.0,6.4957,297.89,222.64,1.7137,11.0,,23,,1.45,0.19089,,,1.6368,0,,0,1,1,59,59,0,59.0,120950.0
138.6,75,100,75,0.0,51.252,7.6318,49.375,100,1.0,0,0.00052,12.746,20.994,79748,88636.0,6.4976,297.96,246.38,1.7142,11.0,,23,,1.427,0.19107,,,1.6373,0,,0,1,1,59,59,0,59.0,121910.0
138.8,75,100,75,0.0,52.71,25.6,4.9375,100,1.0,0,0.00051694,12.746,21.021,79789,88685.0,6.499,297.9,223.7,1.7147,11.0,,23,,1.4304,0.19104,,,1.6378,0,,0,1,1,59,59,0,59.0,121200.0
139.0,75,100,75,0.0,53.616,7.68,79.818,100,1.0,0,0.00053016,12.71,21.048,79829,88735.0,6.5026,298.03,275.18,1.7152,11.0,,23,,1.4538,0.19086,,,1.6383,0,,0,1,1,59,59,0,59.0,122160.0
139.2,75,100,75,0.0,53.079,50.727,7.9818,100,1.0,0,0.00052977,12.705,21.075,79870,88784.0,6.506,297.96,247.58,1.7158,11.0,,23,,1.4619,0.1908,,,1.6388,0,,0,1,1,59,59,0,59.0,121790.0
139.4,75,100,75,0.0,51.202,25.948,0.79818,100,1.0,0,0.00051709,12.711,21.101,79910,88833.0,6.505,297.89,220.71,1.7163,11.0,,23,,1.4609,0.19081,,,1.6392,0,,0,1,1,59,59,0,59.0,121750.0
139.6,75,100,75,0.0,49.753,7.7844,51.364,100,1.0,0,0.00052546,12.684,21.128,79950,88882.0,6.5008,297.96,246.43,1.7168,11.0,,23,,1.4745,0.1907,,,1.6397,0,,0,1,1,59,59,0,59.0,122540.0
139.8,75,100,75,0.0,49.959,27.318,5.1364,100,1.0,0,0.00053245,12.684,21.155,79990,88931.0,6.4963,297.9,224.33,1.7173,11.0,,23,,1.4685,0.19075,,,1.6402,0,,0,1,1,59,59,0,59.0,122000.0
140.0,75,100,60,0.0,51.963,8.1954,81.932,100,1.0,0,0.00028686,12.948,21.176,80027,88976.0,6.4995,298.02,270.75,1.7175,10.0,,23,,1.3963,0.19129,,,1.6405,0,,0,1,1,59,59,0,59.0,122930.0
140.2,75,100,60,0.0,52.657,46.61,8.1932,100,1.0,0,0.00027782,12.963,21.196,80064,89021.0,6.5037,297.93,238.12,1.7177,10.0,,23,,1.3834,0.19139,,,1.6406,0,,0,1,1,59,59,0,59.0,122690.0
140.4,75,100,60,0.0,51.685,13.983,115.73,100,1.0,0,0.00029133,12.945,21.215,80101,89066.0,6.5061,298.13,312.97,1.7178,10.0,,23,,1.3872,0.19136,,,1.6408,0,,0,1,1,59,59,0,59.0,121780.0
140.6,75,100,60,0.0,49.776,79.515,11.573,100,1.0,0,0.00030644,12.91,21.236,80138,89110.0,6.5049,298.03,273.36,1.718,10.0,,23,,1.4049,0.19122,,,1.6409,0,,0,1,1,59,59,0,59.0,122870.0
140.8,75,100,60,0.0,48.351,47.242,1.1573,100,1.0,0,0.00029909,12.913,21.256,80174,89155.0,6.5045,297.92,234.6,1.7182,10.0,,23,,1.4031,0.19124,,,1.6411,0,,0,1,1,59,59,0,59.0,123140.0
141.0,75,100,60,0.0,47.073,14.173,66.806,100,1.0,0,0.00030546,12.911,21.277,80210,89199.0,6.5025,298.01,266.16,1.7183,10.0,,23,,1.395,0.1913,,,1.6412,0,,0,1,1,59,59,0,59.0,122570.0
141.2,75,100,60,0.0,46.588,40.476,6.6806,100,1.0,0,0.00030735,12.91,21.298,80247,89243.0,6.5023,297.93,235.95,1.7185,10.0,,23,,1.3905,0.19133,,,1.6414,0,,0,1,1,59,59,0,59.0,122830.0
141.4,75,100,60,0.0,46.178,12.143,99.0,100,1.0,0,0.00029898,12.922,21.318,80282,89287.0,6.5005,298.09,296.64,1.7186,10.0,,23,,1.3876,0.19135,,,1.6415,0,,0,1,1,59,59,0,59.0,123260.0
141.6,75,100,60,0.0,46.493,64.542,9.9,100,1.0,0,0.00030759,12.934,21.339,80318,89331.0,6.4963,297.99,260.82,1.7188,10.0,,23,,1.3655,0.19152,,,1.6416,0,,0,1,1,59,59,0,59.0,122020.0
141.8,75,100,60,0.0,48.502,34.433,0.99,100,1.0,0,0.00029987,12.933,21.359,80355,89375.0,6.4917,297.9,225.17,1.7189,10.0,,23,,1.3758,0.19144,,,1.6418,0,,0,1,1,59,59,0,59.0,122780.0
142.0,75,100,60,0.0,52.352,10.33,58.902,100,1.0,0,0.00029427,12.948,21.379,80392,89420.0,6.4891,297.96,249.82,1.719,10.0,,23,,1.3761,0.19144,,,1.6419,0,,0,1,1,59,59,0,59.0,122540.0
142.2,75,100,60,0.0,57.213,29.392,5.8902,100,1.0,0,0.00027141,12.993,21.398,80430,89466.0,6.49,297.89,220.59,1.7191,10.0,,23,,1.3632,0.19154,,,1.642,0,,0,1,1,59,59,0,59.0,122960.0
142.4,75,100,60,0.0,61.733,8.8176,90.527,100,1.0,0,0.00024701,13.036,21.416,80469,89513.0,6.4928,298.03,274.38,1.7192,10.0,,23,,1.3511,0.19163,,,1.6421,0,,0,1,1,59,59,0,59.0,124040.0
142.6,75,100,60,0.0,65.137,53.404,9.0527,100,1.0,0,0.00024266,13.044,21.433,80509,89561.0,6.4995,297.94,239.17,1.7192,10.0,,23,,1.3539,0.19161,,,1.6421,0,,0,1,1,59,59,0,59.0,123620.0
142.8,75,100,60,0.0,65.836,16.021,128.42,100,1.0,0,0.00023956,13.057,21.451,80549,89608.0,6.5083,298.16,324.03,1.7193,10.0,,23,,1.3445,0.19168,,,1.6421,0,,0,1,1,59,59,0,59.0,123540.0
143.0,75,100,60,0.0,63.011,90.291,12.842,100,1.0,0,0.00023786,13.042,21.468,80588,89655.0,6.5156,298.04,278.38,1.7193,10.0,,23,,1.3527,0.19162,,,1.6422,0,,0,1,1,59,59,0,59.0,123790.0
143.2,75,100,60,0.0,57.294,53.679,1.2842,100,1.0,0,0.00019868,13.055,21.485,80626,89701.0,6.5225,297.93,236.72,1.7193,10.0,,23,,1.3616,0.19155,,,1.6422,0,,0,1,1,59,59,0,59.0,123860.0
143.4,75,100,60,0.0,48.829,16.104,70.376,100,1.0,0,0.00019783,13.023,21.502,80663,89746.0,6.5213,298.02,269.37,1.7193,10.0,,23,,1.3735,0.19146,,,1.6421,0,,0,1,1,59,59,0,59.0,124110.0
143.6,75,100,60,0.0,40.852,43.489,7.0376,100,1.0,0,0.00019822,13.009,21.52,80697,89788.0,6.516,297.93,234.98,1.7192,10.0,,23,,1.3686,0.1915,,,1.6421,0,,0,1,1,59,59,0,59.0,124020.0
143.8,75,100,60,0.0,34.988,13.047,106.15,100,1.0,0,0.00018821,12.994,21.537,80731,89829.0,6.5057,298.1,300.71,1.7192,10.0,,23,,1.3768,0.19143,,,1.6421,0,,0,1,1,59,59,0,59.0,124940.0
144.0,75,100,60,0.0,33.252,69.639,10.615,100,1.0,0,0.00017103,13.011,21.554,80764,89870.0,6.4952,297.99,258.97,1.7191,10.0,2170.8,23,1897.4,1.3698,0.19149,21.485,23.523,1.642,0,68.83,0,1,1,59,59,0,59.0,123680.0
144.2,75,100,60,0.0,35.697,34.71,1.0615,100,1.0,0,0.00017352,13.004,21.571,80798,89912.0,6.4856,297.89,222.18,1.7191,10.0,,23,,1.3813,0.1914,,,1.6419,0,,0,1,1,59,59,0,59.0,123430.0
144.4,75,100,60,0.0,41.957,10.413,57.651,100,1.0,0,0.00016956,13.02,21.588,80833,89955.0,6.48,297.95,245.28,1.719,10.0,,23,,1.3836,0.19138,,,1.6418,0,,0,1,1,59,59,0,59.0,123670.0
144.6,75,100,60,0.0,50.447,27.713,5.7651,100,1.0,0,0.00016561,13.052,21.604,80870,89999.0,6.4826,297.88,215.33,1.7189,10.0,,23,,1.3764,0.19144,,,1.6418,0,,0,1,1,59,59,0,59.0,124580.0
144.8,75,100,60,0.0,57.887,8.314,90.789,100,1.0,0,0.00015095,13.094,21.619,80908,90045.0,6.4901,298.01,269.35,1.7188,10.0,,23,,1.3646,0.19153,,,1.6417,0,,0,1,1,59,59,0,59.0,123310.0
145.0,75,100,60,0.0,62.353,52.354,9.0789,100,1.0,0,0.00013799,13.129,21.633,80947,90092.0,6.4983,297.93,234.86,1.7187,10.0,,23,,1.3487,0.19165,,,1.6415,0,,0,1,1,59,59,0,59.0,124380.0
145.2,75,100,60,0.0,63.537,15.706,128.78,100,1.0,0,0.00011103,13.165,21.647,80987,90139.0,6.508,298.15,320.43,1.7185,10.0,,23,,1.3374,0.19173,,,1.6414,0,,0,1,1,59,59,0,59.0,124940.0
145.4,75,100,60,0.0,60.86,89.766,12.878,100,1.0,0,0.00010668,13.15,21.661,81025,90185.0,6.5159,298.03,275.71,1.7183,10.0,,23,,1.3484,0.19165,,,1.6412,0,,0,1,1,59,59,0,59.0,124670.0
145.6,75,100,60,0.0,55.009,53.82,1.2878,100,1.0,0,9.1479e-05,13.15,21.674,81063,90230.0,6.5213,297.92,232.51,1.7181,10.0,,23,,1.346,0.19167,,,1.641,0,,0,1,1,59,59,0,59.0,123730.0
145.8,75,100,60,0.0,47.0,16.146,74.416,100,1.0,0,9.6739e-05,13.117,21.688,81099,90274.0,6.5194,298.01,268.29,1.7179,10.0,,23,,1.3547,0.1916,,,1.6409,0,,0,1,1,59,59,0,59.0,124800.0
146.0,75,100,60,0.0,39.792,45.789,7.4416,100,1.0,0,9.0056e-05,13.101,21.703,81134,90316.0,6.5094,297.92,232.96,1.7177,10.0,,23,,1.358,0.19158,,,1.6407,0,,0,1,1,59,59,0,59.0,124360.0
146.2,75,100,60,0.0,36.564,13.737,111.92,100,1.0,0,0.00011026,13.079,21.718,81168,90357.0,6.498,298.1,303.57,1.7176,10.0,,23,,1.3534,0.19161,,,1.6405,0,,0,1,1,59,59,0,59.0,125260.0
146.4,75,100,60,0.0,37.891,74.174,11.192,100,1.0,0,0.00010379,13.073,21.733,81202,90399.0,6.489,297.99,261.3,1.7174,10.0,,23,,1.3676,0.19151,,,1.6403,0,,0,1,1,59,59,0,59.0,125170.0
146.6,75,100,60,0.0,42.819,39.142,1.1192,100,1.0,0,0.00010358,13.086,21.748,81237,90442.0,6.4828,297.89,222.76,1.7172,10.0,,23,,1.3672,0.19151,,,1.6401,0,,0,1,1,59,59,0,59.0,125400.0
146.8,75,100,60,0.0,50.217,11.743,62.686,100,1.0,0,9.985e-05,13.11,21.762,81274,90486.0,6.4783,297.96,249.74,1.717,10.0,,23,,1.3633,0.19154,,,1.6399,0,,0,1,1,59,59,0,59.0,125460.0
147.0,75,100,60,0.0,59.417,32.477,6.2686,100,1.0,0,0.00010153,13.149,21.776,81312,90532.0,6.4782,297.88,217.94,1.7168,10.0,,23,,1.344,0.19169,,,1.6398,0,,0,1,1,59,59,0,59.0,125200.0
147.2,75,100,60,0.0,68.623,9.7432,97.812,100,1.0,0,7.4453e-05,13.21,21.789,81353,90580.0,6.4827,298.04,277.32,1.7166,10.0,,23,,1.3233,0.19184,,,1.6395,0,,0,1,1,59,59,0,59.0,125090.0
147.4,75,100,60,0.0,76.064,58.576,9.7812,100,1.0,0,4.6436e-05,13.269,21.801,81394,90630.0,6.4909,297.94,238.76,1.7163,10.0,,23,,1.3022,0.192,,,1.6393,0,,0,1,1,59,59,0,59.0,124970.0
147.6,75,100,60,0.0,80.227,17.573,139.17,100,1.0,0,6.0207e-05,13.264,21.813,81437,90680.0,6.4996,298.18,332.05,1.7161,10.0,,23,,1.3062,0.19197,,,1.6391,0,,0,1,1,59,59,0,59.0,125030.0
147.8,75,100,60,0.0,80.894,98.506,13.917,100,1.0,0,4.4583e-05,13.303,21.824,81480,90730.0,6.5091,298.04,280.91,1.7158,10.0,,23,,1.2818,0.19215,,,1.6388,0,,0,1,1,59,59,0,59.0,124910.0
148.0,75,100,60,0.0,77.756,58.047,1.3917,100,1.0,0,5.7758e-05,13.289,21.836,81522,90780.0,6.5136,297.93,234.75,1.7155,10.0,,23,,1.2735,0.19222,,,1.6385,0,,0,1,1,59,59,0,59.0,124960.0
148.2,75,100,60,0.0,72.85,17.414,75.546,100,1.0,0,5.3699e-05,13.278,21.848,81563,90829.0,6.5105,298.02,270.95,1.7153,10.0,,23,,1.2751,0.19221,,,1.6383,0,,0,1,1,59,59,0,59.0,125520.0
148.4,75,100,60,0.0,69.182,47.525,7.5546,100,1.0,0,5.8406e-05,13.266,21.86,81603,90877.0,6.5093,297.93,235.19,1.715,10.0,,23,,1.2732,0.19222,,,1.638,0,,0,1,1,59,59,0,59.0,126070.0
148.6,75,100,60,0.0,65.962,14.258,112.74,100,1.0,0,5.4411e-05,13.257,21.873,81643,90924.0,6.5065,298.11,305.86,1.7147,10.0,,23,,1.2773,0.19219,,,1.6378,0,,0,1,1,59,59,0,59.0,125960.0
148.8,75,100,60,0.0,63.885,74.617,11.274,100,1.0,0,6.7294e-05,13.232,21.886,81682,90971.0,6.5034,297.99,261.08,1.7145,10.0,,23,,1.2877,0.19211,,,1.6375,0,,0,1,1,59,59,0,59.0,125360.0
149.0,75,100,60,0.0,63.063,37.799,1.1274,100,1.0,0,4.8282e-05,13.258,21.898,81722,91018.0,6.4996,297.89,220.98,1.7142,10.0,,23,,1.2732,0.19222,,,1.6373,0,,0,1,1,59,59,0,59.0,125750.0
149.2,75,100,60,0.0,63.733,11.34,61.727,100,1.0,0,7.6491e-06,13.304,21.91,81761,91065.0,6.4975,297.96,246.68,1.7139,10.0,,23,,1.2595,0.19233,,,1.637,0,,0,1,1,59,59,0,59.0,125630.0
149.4,75,100,60,0.0,65.229,30.682,6.1727,100,1.0,0,6.0477e-06,13.3,21.921,81801,91112.0,6.4952,297.87,213.41,1.7136,10.0,,23,,1.2679,0.19226,,,1.6367,0,,0,1,1,59,59,0,59.0,126350.0
149.6,75,100,60,0.0,67.678,9.2046,98.252,100,1.0,0,8.1573e-06,13.292,21.932,81841,91160.0,6.4922,298.02,272.54,1.7133,10.0,,23,,1.2826,0.19215,,,1.6364,0,,0,1,1,59,59,0,59.0,125730.0
149.8,75,100,60,0.0,71.333,57.114,9.8252,100,1.0,0,7.3965e-06,13.314,21.942,81882,91208.0,6.4898,297.91,229.29,1.7129,10.0,,23,,1.2732,0.19223,,,1.636,0,,0,1,1,59,59,0,59.0,126110.0
150.0,75,100,60,0.0,75.923,17.134,145.5,100,1.0,0,0.001,13.356,21.952,81923,91258.0,6.4926,298.16,327.47,1.7126,10.0,,23,,1.2555,0.19236,,,1.6357,0,,0,1,1,59,59,0,59.0,126320.0
150.2,75,100,60,0.0,79.393,101.07,14.55,0,0.9,-4000,7.161e-06,12.155,21.968,81247,90488.0,6.5244,298.02,272.79,1.7027,10.0,,23,,1.352,0.19165,,,1.6262,0,,0,1,1,59,59,0,59.0,126220.0
150.4,75,100,60,0.0,70.037,56.983,1.455,0,0.9,-4000,3.1506e-05,12.076,21.984,80569,89716.0,6.5536,297.9,226.6,1.6884,10.0,,23,,1.3847,0.19143,,,1.6125,0,,0,1,1,59,59,0,59.0,125630.0
150.6,75,100,60,0.51773,35.019,17.095,77.074,0,0.9,-4000,5.7886e-05,11.944,22.003,79884,88937.0,6.5626,298.01,266.84,1.6737,10.0,,23,,1.3888,0.19143,,,1.5984,0,,0,1,1,59,59,0,59.0,126050.0
150.8,75,100,60,1.0379,17.509,50.525,7.7074,0,0.9,-4000,0.00010687,11.833,22.025,79196,88156.0,6.5618,297.92,233.82,1.6591,10.0,,23,,1.397,0.1914,,,1.5844,0,,0,1,1,59,59,0,59.0,126150.0
151.0,75,100,60,1.5584,8.7546,15.157,118.45,0,0.9,-4000,0.00012739,11.792,22.047,78507,87372.0,6.5557,298.14,315.79,1.6446,10.0,,23,,1.378,0.19157,,,1.5704,0,,0,1,1,59,59,0,59.0,126590.0
151.2,75,100,60,2.0791,4.3773,87.802,11.845,0,0.9,-4000,0.00029241,11.74,22.072,77816,86588.0,6.5464,298.02,272.35,1.63,10.0,,23,,1.3736,0.19163,,,1.5565,0,,0,1,1,59,59,0,59.0,126040.0
151.4,75,100,60,0.0,0.0,51.321,1.1845,0,0.9,-4000,0.00056788,11.653,22.107,77125,85803.0,6.533,297.93,236.47,1.6154,10.0,,23,,1.3765,0.19164,,,1.5424,0,,0,1,1,59,59,0,59.0,126870.0
151.6,75,100,60,0.0,0.0,15.396,66.157,0,0.9,-4000,0.00058805,11.65,22.143,76433,85018.0,6.5198,298.03,274.73,1.6007,10.0,,23,,1.3512,0.19186,,,1.5284,0,,0,1,1,59,59,0,59.0,127370.0
151.8,75,100,60,0.0,0.0,49.257,6.6157,0,0.9,-4000,0.00061478,11.64,22.181,75742,84232.0,6.507,297.95,246.71,1.5861,10.0,,23,,1.3288,0.19205,,,1.5143,0,,0,1,1,59,59,0,59.0,126890.0
152.0,75,100,60,0.0,0.0,23.061,0.66157,0,0.9,-4000,0.00067406,11.611,22.22,75051,83447.0,6.4939,297.89,224.45,1.5715,10.0,,23,,1.3166,0.19218,,,1.5003,0,,0,1,1,59,59,0,59.0,127570.0
152.2,75,100,60,0.0,2.9465,6.9183,44.069,0,0.9,0,0.00073154,11.595,22.261,75058,83463.0,6.4564,297.96,248.12,1.5667,10.0,,23,,1.3146,0.1922,,,1.4957,0,,0,1,1,59,59,0,59.0,127270.0
152.4,75,100,60,0.0,20.976,26.037,4.4069,0,0.9,0,0.00082454,11.621,22.304,75070,83482.0,6.4279,297.9,228.53,1.5661,10.0,,23,,1.3075,0.19225,,,1.4952,0,,0,1,1,59,59,0,59.0,127310.0
152.6,75,100,60,0.0,50.295,7.811,78.319,0,0.9,0,0.00088766,11.687,22.347,75087,83507.0,6.4105,298.05,279.71,1.5658,10.0,,23,,1.3042,0.19228,,,1.4948,0,,0,1,1,59,59,0,59.0,127840.0
152.8,75,100,60,0.0,86.573,53.685,7.8319,0,0.9,0,0.00091935,11.814,22.388,75111,83539.0,6.4071,297.96,247.83,1.5654,10.0,,23,,1.2664,0.19256,,,1.4945,0,,0,1,1,59,59,0,59.0,127710.0
153.0,75,100,60,0.0,124.2,23.722,0.78319,0,0.9,0,0.0010781,11.901,22.432,75144,83579.0,6.4171,297.87,218.4,1.5651,10.0,,23,,1.2357,0.1928,,,1.4942,0,,0,1,1,59,59,0,59.0,128920.0
153.2,75,100,60,0.0,157.85,7.1167,51.184,0,0.9,0,0.0011186,12.012,22.475,75182,83625.0,6.4376,297.93,239.06,1.5648,10.0,,23,,1.2035,0.19304,,,1.4939,0,,0,1,1,59,59,0,59.0,127620.0
153.4,75,100,60,0.0,183.31,2.135,0.0001,0,0.9,0,0.0012047,12.073,22.518,75226,83677.0,6.4656,297.87,215.03,1.5645,10.0,,23,,1.1873,0.19316,,,1.4936,0,,0,1,1,59,59,0,59.0,128160.0
153.6,75,100,60,0.0,197.54,0.6405,63.452,0,0.9,0,0.0012865,12.105,22.562,75273,83731.0,6.4925,297.96,248.96,1.5641,10.0,,23,,1.1743,0.19326,,,1.4933,0,,0,1,1,59,59,0,59.0,129370.0
153.8,75,100,60,0.0,201.06,28.574,6.3452,0,0.9,0,0.0013815,12.093,22.608,75320,83787.0,6.5218,297.88,221.74,1.5638,10.0,,23,,1.1763,0.19324,,,1.4929,0,,0,1,1,59,59,0,59.0,129590.0
154.0,75,100,60,0.0,192.83,8.5721,97.968,0,0.9,0,0.0015911,12.016,22.657,75366,83840.0,6.5474,298.06,283.68,1.5635,10.0,,23,,1.2034,0.19304,,,1.4926,0,,0,1,1,59,59,0,59.0,129490.0
154.2,75,100,60,0.0,174.4,64.011,9.7968,0,0.9,0,0.0016516,11.939,22.708,75408,83890.0,6.5664,297.95,246.37,1.5631,10.0,,23,,1.2249,0.19288,,,1.4923,0,,0,1,1,59,59,0,59.0,128740.0
154.4,75,100,60,0.51872,87.201,29.155,0.97968,0,0.9,0,0.0020473,11.586,22.767,75433,83923.0,6.5612,297.89,222.19,1.5628,10.0,,23,,1.3202,0.19216,,,1.492,0,,0,1,1,59,59,0,59.0,129850.0
154.6,75,100,60,1.0403,43.6,8.7464,46.327,0,0.9,0,0.0078294,11.982,22.823,75449,83947.0,6.5325,297.96,248.67,1.5625,10.0,,23,,1.3524,0.19192,,,1.4917,0,,0,1,1,59,59,0,59.0,130280.0
154.8,75,100,60,0.0,31.208,30.228,4.6327,0,0.9,0,0.084099,12.327,22.807,75462,83969.0,6.5369,297.87,218.42,1.5621,10.0,,23,,1.1159,0.1937,,,1.4913,0,,0,1,1,59,59,0,59.0,129370.0
155.0,75,100,60,0.0,16.881,9.0684,98.667,0,0.9,0,0.1691,12.279,22.792,75473,83987.0,6.535,298.05,280.93,1.5618,10.0,,23,,1.1026,0.1938,,,1.491,0,,0,1,1,59,59,0,59.0,130460.0
155.2,75,100,60,0.0,3.4233,64.666,9.8667,0,0.9,0,0.25963,12.217,22.778,75481,84003.0,6.5254,297.95,244.0,1.5615,10.0,,23,,1.1224,0.19365,,,1.4907,0,,0,1,1,59,59,0,59.0,129550.0
155.4,75,100,60,0.0,0.0,19.4,149.41,0,0.9,0,0.3533,12.214,22.764,75488,84018.0,6.5143,298.23,348.08,1.5611,10.0,,23,,1.1122,0.19373,,,1.4904,0,,0,1,1,59,59,0,59.0,129640.0
155.6,75,100,60,0.0,0.0,117.45,14.941,0,0.9,0,0.45048,12.214,22.75,75495,84033.0,6.5041,298.09,296.13,1.5608,10.0,,23,,1.1064,0.19378,,,1.4901,0,,0,1,1,59,59,0,59.0,130230.0
155.8,75,100,60,0.0,0.0,74.479,1.4941,0,0.9,0,0.54921,12.201,22.736,75502,84048.0,6.4944,297.95,246.64,1.5604,10.0,,23,,1.1152,0.19371,,,1.4897,0,,0,1,1,59,59,0,59.0,130320.0
156.0,75,100,60,0.0,2.758,31.714,0.14941,0,0.9,0,0.65079,12.206,22.722,75510,84064.0,6.487,297.86,211.88,1.5601,10.0,2459.7,23,2023.6,1.1147,0.19371,22.778,23.045,1.4894,0,77.059,0,1,1,59,59,0,59.0,129750.0
156.2,75,100,60,0.0,8.4781,9.5141,54.957,0,0.9,0,0.75137,12.215,22.708,75518,84081.0,6.4833,297.92,234.81,1.5598,10.0,,23,,1.1177,0.19369,,,1.4891,0,,0,1,1,59,59,0,59.0,129010.0
156.4,75,100,60,0.0,15.657,2.8542,0.0001,0,0.9,0,0.85336,12.227,22.693,75529,84100.0,6.4833,297.85,210.35,1.5594,10.0,,23,,1.1226,0.19366,,,1.4887,0,,0,1,1,59,59,0,59.0,128260.0
156.6,75,100,60,0.0,22.83,0.85627,68.451,0,0.9,0,0.95469,12.256,22.678,75540,84119.0,6.4874,297.96,248.64,1.5591,10.0,,23,,1.1092,0.19376,,,1.4884,0,,0,1,1,59,59,0,59.0,130020.0
156.8,75,100,60,0.0,28.376,32.351,6.8451,0,0.9,0,1.0555,12.273,22.662,75553,84140.0,6.4934,297.88,219.25,1.5587,10.0,,23,,1.1018,0.19381,,,1.4881,0,,0,1,1,59,59,0,59.0,128600.0
157.0,75,100,60,0.0,31.547,9.7054,107.71,0,0.9,0,1.1559,12.282,22.646,75567,84162.0,6.5016,298.07,289.72,1.5584,10.0,,23,,1.0977,0.19385,,,1.4877,0,,0,1,1,59,59,0,59.0,129180.0
157.2,75,100,60,0.0,31.431,72.905,10.771,0,0.9,0,1.2545,12.278,22.631,75580,84183.0,6.5099,297.96,247.98,1.558,10.0,,23,,1.0961,0.19386,,,1.4874,0,,0,1,1,59,59,0,59.0,128600.0
157.4,75,100,60,0.0,27.986,34.348,1.0771,0,0.9,0,1.3536,12.268,22.615,75593,84204.0,6.5166,297.86,211.9,1.5577,10.0,,23,,1.0917,0.19389,,,1.4871,0,,0,1,1,59,59,0,59.0,128520.0
157.6,75,100,60,0.0,21.854,10.304,64.0,0,0.9,0,1.4543,12.255,22.6,75604,84223.0,6.52,297.94,242.24,1.5573,10.0,,23,,1.0805,0.19398,,,1.4867,0,,0,1,1,59,59,0,59.0,129270.0
157.8,75,100,60,0.0,14.371,3.0913,0.0001,0,0.9,0,1.5517,12.209,22.586,75614,84241.0,6.5189,297.87,217.54,1.557,10.0,,23,,1.1029,0.19381,,,1.4864,0,,0,1,1,59,59,0,59.0,129700.0
158.0,75,100,60,0.0,7.3435,0.92739,69.985,0,0.9,0,1.6497,12.175,22.572,75623,84258.0,6.5133,297.98,257.1,1.5566,10.0,,23,,1.1155,0.19372,,,1.4861,0,,0,1,1,59,59,0,59.0,128620.0
158.2,75,100,60,0.0,2.5541,34.357,6.9985,0,0.9,0,1.7458,12.154,22.558,75631,84273.0,6.5053,297.9,226.43,1.5563,10.0,,23,,1.1197,0.19368,,,1.4857,0,,0,1,1,59,59,0,59.0,128880.0
158.4,75,100,60,0.0,0.94234,10.307,107.64,0,0.9,0,1.8419,12.141,22.544,75638,84288.0,6.4968,298.09,295.99,1.5559,10.0,,23,,1.1256,0.19364,,,1.4854,0,,0,1,1,59,59,0,59.0,128310.0
158.6,75,100,60,0.0,2.7468,73.346,10.764,0,0.9,0,1.9383,12.151,22.53,75646,84303.0,6.4896,297.97,252.26,1.5556,10.0,,23,,1.1159,0.19371,,,1.4851,0,,0,1,1,59,59,0,59.0,127730.0
158.8,75,100,60,0.0,7.4267,33.602,1.0764,0,0.9,0,2.0354,12.168,22.516,75654,84320.0,6.4854,297.87,215.96,1.5552,10.0,,23,,1.1055,0.19379,,,1.4847,0,,0,1,1,59,59,0,59.0,128160.0
159.0,75,100,60,0.0,13.797,10.081,59.819,0,0.9,0,2.1333,12.179,22.501,75664,84338.0,6.4853,297.94,242.36,1.5549,10.0,,23,,1.1083,0.19377,,,1.4844,0,,0,1,1,59,59,0,59.0,128750.0
159.2,75,100,60,0.0,20.17,3.0242,0.0001,0,0.9,0,2.2315,12.204,22.486,75675,84357.0,6.4891,297.87,217.58,1.5545,10.0,,23,,1.0972,0.19386,,,1.484,0,,0,1,1,59,59,0,59.0,127500.0
159.4,75,100,60,0.0,25.023,0.90725,67.203,0,0.9,0,2.3281,12.21,22.471,75688,84377.0,6.4973,297.97,254.59,1.5541,10.0,,23,,1.1005,0.19383,,,1.4837,0,,0,1,1,59,59,0,59.0,128920.0
159.6,75,100,60,0.0,26.624,31.884,6.7203,0,0.9,0,2.4227,12.202,22.456,75700,84397.0,6.5051,297.89,223.28,1.5538,10.0,,23,,1.1107,0.19376,,,1.4833,0,,0,1,1,59,59,0,59.0,127840.0
159.8,75,100,60,0.0,25.11,9.5652,105.63,0,0.9,0,2.516,12.192,22.441,75712,84417.0,6.5117,298.08,291.14,1.5534,10.0,,23,,1.1131,0.19374,,,1.483,0,,0,1,1,59,59,0,59.0,127760.0
160.0,75,100,45,0.0,20.963,70.62,10.563,0,0.9,0,2.5895,12.126,22.427,75721,84432.0,6.5147,297.95,246.52,1.5531,11.0,,23,,1.1235,0.19366,,,1.4826,0,,0,1,1,59,59,0,59.0,127850.0
160.2,75,100,45,0.0,15.63,29.599,1.0563,400,0.9,0,2.6592,13.623,22.389,75808,84526.0,6.5114,297.85,208.25,1.5527,11.0,,23,,0.7396,0.19653,,,1.4823,0,,0,1,1,59,59,0,59.0,128170.0
160.4,75,100,45,0.0,11.625,8.8798,61.052,400,0.9,0,2.7286,13.633,22.352,75895,84620.0,6.5056,297.92,233.25,1.5523,11.0,,23,,0.69109,0.1969,,,1.4819,0,,0,1,1,59,59,0,59.0,128150.0
160.6,75,100,45,0.0,9.9285,2.6639,0.0001,400,0.9,0,2.7974,13.623,22.316,75981,84713.0,6.4997,297.84,205.54,1.552,11.0,,23,,0.70309,0.19681,,,1.4816,0,,0,1,1,59,59,0,59.0,126970.0
160.8,75,100,45,0.0,10.555,0.79918,74.773,400,0.9,0,2.8675,13.632,22.279,76068,84806.0,6.494,297.95,246.44,1.5516,11.0,,23,,0.70634,0.19678,,,1.4812,0,,0,1,1,59,59,0,59.0,127620.0
161.0,75,100,45,0.0,13.464,34.127,7.4773,400,0.9,0,2.9371,13.648,22.242,76155,84900.0,6.4909,297.86,212.02,1.5512,11.0,,23,,0.70822,0.19677,,,1.4809,0,,0,1,1,59,59,0,59.0,127440.0
161.2,75,100,45,0.0,17.616,10.238,119.02,400,0.9,0,3.0072,13.681,22.205,76242,84994.0,6.4902,298.07,288.39,1.5509,11.0,,23,,0.69494,0.19687,,,1.4805,0,,0,1,1,59,59,0,59.0,125930.0
161.4,75,100,45,0.0,22.055,77.849,11.902,400,0.9,0,3.0785,13.714,22.168,76331,85090.0,6.4921,297.93,237.2,1.5505,11.0,,23,,0.6807,0.19698,,,1.4802,0,,0,1,1,59,59,0,59.0,126080.0
161.6,75,100,45,0.0,25.735,23.355,186.88,400,0.9,0,3.1497,13.743,22.13,76420,85186.0,6.4958,298.29,368.16,1.5501,11.0,,23,,0.66912,0.19706,,,1.4798,0,,0,1,1,59,59,0,59.0,127060.0
161.8,75,100,45,0.0,27.922,145.27,18.688,400,0.9,0,3.2207,13.755,22.093,76510,85283.0,6.5007,298.08,291.91,1.5498,11.0,,23,,0.67171,0.19704,,,1.4795,0,,0,1,1,59,59,0,59.0,126040.0
162.0,75,100,45,0.0,28.171,81.392,1.8688,400,0.9,0,3.2903,13.759,22.055,76600,85379.0,6.5066,297.91,230.73,1.5494,11.0,,23,,0.67738,0.197,,,1.4791,0,,0,1,1,59,59,0,59.0,126190.0
162.2,75,100,45,0.0,26.038,24.418,97.438,400,0.9,0,3.3588,13.765,22.018,76689,85476.0,6.5109,298.05,280.75,1.549,11.0,,23,,0.675,0.19702,,,1.4787,0,,0,1,1,59,59,0,59.0,126170.0
162.4,75,100,45,0.0,22.219,69.334,9.7438,400,0.9,0,3.4275,13.758,21.981,76778,85571.0,6.5129,297.91,230.96,1.5486,11.0,,23,,0.68061,0.19698,,,1.4784,0,,0,1,1,59,59,0,59.0,125160.0
162.6,75,100,45,0.0,17.575,20.8,162.0,400,0.9,0,3.4973,13.759,21.945,76866,85666.0,6.5122,298.21,340.94,1.5482,11.0,,23,,0.67595,0.19702,,,1.478,0,,0,1,1,59,59,0,59.0,126480.0
162.8,75,100,45,0.0,13.227,121.69,16.2,400,0.9,0,3.5668,13.746,21.909,76953,85759.0,6.508,298.03,273.52,1.5479,11.0,,23,,0.68613,0.19694,,,1.4776,0,,0,1,1,59,59,0,59.0,125140.0
163.0,75,100,45,0.0,10.554,64.105,1.62,400,0.9,0,3.6375,13.745,21.873,77039,85852.0,6.5027,297.88,219.65,1.5475,11.0,,23,,0.69039,0.19691,,,1.4773,0,,0,1,1,59,59,0,59.0,125290.0
163.2,75,100,45,0.0,9.995,19.232,86.112,400,0.9,0,3.7069,13.746,21.837,77125,85945.0,6.4969,298.0,262.08,1.5471,11.0,,23,,0.69873,0.19685,,,1.4769,0,,0,1,1,59,59,0,59.0,124950.0
163.4,75,100,45,0.0,11.739,55.537,8.6112,400,0.9,0,3.7767,13.761,21.802,77212,86039.0,6.4922,297.88,218.26,1.5467,11.0,,23,,0.69785,0.19686,,,1.4765,0,,0,1,1,59,59,0,59.0,125440.0
163.6,75,100,45,0.0,15.368,16.661,144.58,400,0.9,0,3.846,13.789,21.766,77299,86133.0,6.4895,298.14,314.45,1.5463,11.0,,23,,0.68833,0.19693,,,1.4762,0,,0,1,1,59,59,0,59.0,124600.0
163.8,75,100,45,0.0,20.082,102.73,14.458,400,0.9,0,3.9144,13.823,21.73,77387,86228.0,6.4889,297.98,254.65,1.5459,11.0,,23,,0.67246,0.19705,,,1.4758,0,,0,1,1,59,59,0,59.0,124920.0
164.0,75,100,45,0.0,25.017,50.145,1.4458,400,0.9,0,3.9839,13.848,21.694,77476,86324.0,6.4913,297.84,206.0,1.5455,11.0,,23,,0.66868,0.19708,,,1.4754,0,,0,1,1,59,59,0,59.0,124740.0
164.2,75,100,45,0.0,29.007,15.043,80.353,400,0.9,0,4.0534,13.879,21.657,77566,86421.0,6.4956,297.95,244.93,1.5451,11.0,,23,,0.65544,0.19717,,,1.4751,0,,0,1,1,59,59,0,59.0,124230.0
164.4,75,100,45,0.0,31.286,4.513,0.0001,400,0.9,0,4.1219,13.892,21.621,77657,86518.0,6.5019,297.87,215.86,1.5448,11.0,,23,,0.6569,0.19716,,,1.4747,0,,0,1,1,59,59,0,59.0,123050.0
164.6,75,100,45,0.0,31.046,1.3539,80.144,400,0.9,0,4.1914,13.898,21.585,77747,86615.0,6.5072,297.99,260.9,1.5444,11.0,,23,,0.65985,0.19714,,,1.4743,0,,0,1,1,59,59,0,59.0,123870.0
164.8,75,100,45,0.0,28.682,38.907,8.0144,400,0.9,0,4.2615,13.898,21.549,77837,86712.0,6.5112,297.89,223.13,1.544,11.0,,23,,0.66216,0.19713,,,1.4739,0,,0,1,1,59,59,0,59.0,123700.0
165.0,75,100,45,0.0,24.732,11.672,121.61,400,0.9,0,4.3321,13.896,21.513,77926,86808.0,6.5134,298.1,300.36,1.5436,11.0,,23,,0.66404,0.19711,,,1.4735,0,,0,1,1,59,59,0,59.0,122850.0
165.2,75,100,45,0.0,19.892,79.876,12.161,400,0.9,0,4.4019,13.884,21.478,78014,86903.0,6.512,297.95,244.94,1.5432,11.0,,23,,0.67335,0.19705,,,1.4732,0,,0,1,1,59,59,0,59.0,123010.0
165.4,75,100,45,0.0,15.615,23.963,186.53,400,0.9,0,4.4716,13.881,21.443,78101,86997.0,6.5087,298.29,374.05,1.5428,11.0,,23,,0.67621,0.19703,,,1.4728,0,,0,1,1,59,59,0,59.0,122340.0
165.6,75,100,45,0.0,12.651,142.52,18.653,400,0.9,0,4.5421,13.888,21.408,78188,87090.0,6.5045,298.08,294.5,1.5424,11.0,,23,,0.66869,0.19708,,,1.4724,0,,0,1,1,59,59,0,59.0,122830.0
165.8,75,100,45,0.0,11.362,77.529,1.8653,400,0.9,0,4.6141,13.882,21.373,78274,87184.0,6.4999,297.91,231.24,1.542,11.0,,23,,0.68099,0.19699,,,1.472,0,,0,1,1,59,59,0,59.0,122830.0
166.0,75,100,45,0.0,11.924,23.259,92.458,400,0.9,0,4.6847,13.9,21.338,78361,87277.0,6.496,298.03,276.29,1.5416,11.0,,23,,0.67425,0.19704,,,1.4716,0,,0,1,1,59,59,0,59.0,122830.0
166.2,75,100,45,0.0,14.04,62.779,9.2458,400,0.9,0,4.7546,13.917,21.304,78447,87371.0,6.493,297.9,227.53,1.5412,11.0,,23,,0.67048,0.19707,,,1.4712,0,,0,1,1,59,59,0,59.0,122660.0
166.4,75,100,45,0.0,17.361,18.834,151.27,400,0.9,0,4.8243,13.931,21.269,78535,87465.0,6.4923,298.17,327.94,1.5407,11.0,,23,,0.67581,0.19703,,,1.4708,0,,0,1,1,59,59,0,59.0,121820.0
166.6,75,100,45,0.0,20.939,108.51,15.127,400,0.9,0,4.894,13.957,21.234,78623,87561.0,6.4938,298.0,263.91,1.5403,11.0,,23,,0.66643,0.1971,,,1.4704,0,,0,1,1,59,59,0,59.0,121980.0
166.8,75,100,45,0.0,23.951,54.091,1.5127,400,0.9,0,4.9647,13.992,21.199,78712,87656.0,6.4966,297.87,214.2,1.5399,11.0,,23,,0.64516,0.19726,,,1.47,0,,0,1,1,59,59,0,59.0,121640.0
167.0,75,100,45,0.0,25.837,16.227,77.508,400,0.9,0,5.0341,14.004,21.164,78801,87753.0,6.5007,297.96,250.02,1.5395,11.0,,23,,0.64585,0.19726,,,1.4696,0,,0,1,1,59,59,0,59.0,121970.0
167.2,75,100,45,0.0,26.063,45.105,7.7508,400,0.9,0,5.1043,14.021,21.129,78891,87849.0,6.5056,297.86,209.48,1.5391,11.0,,23,,0.63707,0.19732,,,1.4692,0,,0,1,1,59,59,0,59.0,121130.0
167.4,75,100,45,0.0,24.353,13.531,130.05,400,0.9,0,5.176,14.02,21.095,78979,87945.0,6.5096,298.08,294.12,1.5387,11.0,,23,,0.6432,0.19728,,,1.4688,0,,0,1,1,59,59,0,59.0,122130.0
167.6,75,100,45,0.0,21.026,86.347,13.005,400,0.9,0,5.2483,14.01,21.06,79068,88040.0,6.5117,297.94,241.67,1.5383,11.0,,23,,0.65635,0.19718,,,1.4684,0,,0,1,1,59,59,0,59.0,121120.0
167.8,75,100,45,0.0,16.868,25.904,195.9,400,0.9,0,5.3206,14.0,21.026,79155,88134.0,6.5114,298.31,379.65,1.5378,11.0,,23,,0.66812,0.1971,,,1.468,0,,0,1,1,59,59,0,59.0,120960.0
168.0,75,100,45,0.0,12.855,150.68,19.59,400,0.9,0,5.3945,13.992,20.992,79241,88228.0,6.5082,298.11,306.29,1.5374,11.0,3345.1,23,2365.8,0.67635,0.19703,21.129,22.049,1.4676,0,73.027,0,1,1,59,59,0,59.0,120460.0
168.2,75,100,45,0.0,10.12,92.537,1.959,400,0.9,0,5.4689,13.995,20.959,79327,88321.0,6.5035,297.94,242.87,1.537,11.0,,23,,0.67583,0.19704,,,1.4672,0,,0,1,1,59,59,0,59.0,120120.0
168.4,75,100,45,0.0,9.2372,27.761,105.33,400,0.9,0,5.5436,14.014,20.925,79413,88414.0,6.4983,298.09,299.5,1.5366,11.0,,23,,0.66351,0.19713,,,1.4668,0,,0,1,1,59,59,0,59.0,120460.0
168.6,75,100,45,0.0,10.444,78.48,10.533,400,0.9,0,5.6166,14.029,20.892,79499,88507.0,6.4941,297.96,249.64,1.5362,11.0,,23,,0.65866,0.19717,,,1.4664,0,,0,1,1,59,59,0,59.0,119460.0
168.8,75,100,45,0.0,13.332,35.574,1.0533,400,0.9,0,5.6899,14.044,20.858,79586,88601.0,6.4922,297.86,209.24,1.5357,11.0,,23,,0.65983,0.19716,,,1.466,0,,0,1,1,59,59,0,59.0,120300.0
169.0,75,100,45,0.0,16.971,10.672,63.32,400,0.9,0,5.7642,14.081,20.825,79673,88696.0,6.4929,297.92,235.15,1.5353,11.0,,23,,0.6383,0.19732,,,1.4656,0,,0,1,1,59,59,0,59.0,120130.0
169.2,75,100,45,0.0,20.335,3.2016,0.0001,400,0.9,0,5.8379,14.102,20.791,79761,88791.0,6.4954,297.85,206.5,1.5349,11.0,,23,,0.63252,0.19737,,,1.4652,0,,0,1,1,59,59,0,59.0,119460.0
169.4,75,100,45,0.0,22.707,0.96049,72.909,400,0.9,0,5.9125,14.117,20.757,79850,88887.0,6.4985,297.95,244.96,1.5344,11.0,,23,,0.63221,0.19737,,,1.4648,0,,0,1,1,59,59,0,59.0,120460.0
169.6,75,100,45,0.0,23.815,30.683,7.2909,400,0.9,0,5.9869,14.131,20.724,79939,88982.0,6.5033,297.87,212.74,1.534,11.0,,23,,0.62948,0.19739,,,1.4644,0,,0,1,1,59,59,0,59.0,118970.0
169.8,75,100,45,0.0,23.016,9.2048,108.06,400,0.9,0,6.0605,14.122,20.69,80027,89078.0,6.5084,298.04,279.62,1.5336,11.0,,23,,0.64788,0.19725,,,1.464,0,,0,1,1,59,59,0,59.0,118970.0
170.0,75,100,45,0.0,20.192,65.212,10.806,400,0.9,0,6.1336,14.134,20.657,80115,89173.0,6.5126,297.93,235.67,1.5331,11.0,,23,,0.63918,0.19732,,,1.4635,0,,0,1,1,59,59,0,59.0,118640.0
170.2,75,100,45,0.0,15.666,19.564,158.25,150,0.9,-4000,6.2105,13.311,20.637,79452,88417.0,6.544,298.21,345.61,1.5239,11.0,,23,,0.86769,0.19564,,,1.4547,0,,0,1,1,59,59,0,59.0,119700.0
170.4,75,100,45,0.0,0.0,117.21,15.825,150,0.9,-4000,6.2893,13.253,20.617,78786,87659.0,6.5628,298.07,290.77,1.5106,11.0,,23,,0.89579,0.19545,,,1.4419,0,,0,1,1,59,59,0,59.0,118600.0
170.6,75,100,45,0.51905,0.0,73.005,1.5825,150,0.9,-4000,6.368,13.26,20.597,78119,86900.0,6.5814,297.93,239.47,1.497,11.0,,23,,0.87723,0.19562,,,1.4289,0,,0,1,1,59,59,0,59.0,119500.0
170.8,75,100,45,1.0375,0.0,21.902,91.322,150,0.9,-4000,6.4474,13.272,20.578,77453,86141.0,6.6001,298.07,289.0,1.4835,11.0,,23,,0.85043,0.19584,,,1.4159,0,,0,1,1,59,59,0,59.0,118070.0
171.0,75,100,45,1.5558,0.0,66.412,9.1322,150,0.9,-4000,6.5272,13.272,20.558,76787,85383.0,6.6186,297.96,248.24,1.47,11.0,,23,,0.83511,0.19599,,,1.403,0,,0,1,1,59,59,0,59.0,118630.0
171.2,75,100,45,2.0742,0.0,29.687,0.91322,150,0.9,-4000,6.6091,13.277,20.539,76122,84624.0,6.637,297.86,213.87,1.4564,11.0,,23,,0.81567,0.19616,,,1.39,0,,0,1,1,59,59,0,59.0,119370.0
171.4,75,100,45,2.5926,0.0,8.9062,58.08,150,0.9,-4000,6.6927,13.275,20.519,75456,83866.0,6.6552,297.93,239.08,1.4429,11.0,,23,,0.80395,0.19627,,,1.377,0,,0,1,1,59,59,0,59.0,118270.0
171.6,75,100,45,3.1109,0.0,2.6719,0.0001,150,0.9,-4000,6.7791,13.282,20.499,74791,83109.0,6.6732,297.86,213.81,1.4294,11.0,,23,,0.78319,0.19645,,,1.3641,0,,0,1,1,59,59,0,59.0,118160.0
171.8,75,100,45,3.6293,0.0,0.80156,69.211,150,0.9,-4000,6.8667,13.295,20.479,74126,82351.0,6.691,297.97,252.21,1.4159,11.0,,23,,0.75498,0.19669,,,1.3512,0,,0,1,1,59,59,0,59.0,118400.0
172.0,75,100,45,4.1476,0.0,33.366,6.9211,150,0.9,-4000,6.9548,13.291,20.459,73460,81594.0,6.7084,297.88,222.34,1.4024,11.0,,23,,0.7451,0.19679,,,1.3383,0,,0,1,1,59,59,0,59.0,118790.0
172.2,75,100,45,4.666,0.0,10.01,109.15,150,0.9,0,7.0423,13.298,20.439,73496,81636.0,6.682,298.09,293.65,1.3981,11.0,,23,,0.73605,0.19687,,,1.3341,0,,0,1,1,59,59,0,59.0,118020.0
172.4,75,100,45,5.19,0.0,76.403,10.915,150,0.9,0,7.129,13.302,20.419,73531,81679.0,6.6575,297.97,252.69,1.3974,11.0,,23,,0.73324,0.19689,,,1.3335,0,,0,1,1,59,59,0,59.0,116920.0
172.6,75,100,45,5.7117,0.0,37.864,1.0915,150,0.9,0,7.2153,13.301,20.398,73567,81721.0,6.634,297.86,215.31,1.397,11.0,,23,,0.73791,0.19686,,,1.333,0,,0,1,1,59,59,0,59.0,117320.0
172.8,75,100,45,6.2334,0.0,11.359,67.931,150,0.9,0,7.3023,13.305,20.378,73603,81764.0,6.6116,297.96,248.39,1.3966,11.0,,23,,0.73848,0.19685,,,1.3326,0,,0,1,1,59,59,0,59.0,118220.0
173.0,75,100,45,6.755,0.0,39.538,6.7931,150,0.9,0,7.39,13.316,20.358,73639,81807.0,6.5898,297.86,215.6,1.3962,11.0,,23,,0.72897,0.19693,,,1.3322,0,,0,1,1,59,59,0,59.0,117450.0
173.2,75,100,45,7.2766,0.0,11.861,118.22,150,0.9,0,7.477,13.309,20.338,73675,81850.0,6.5694,298.09,294.38,1.3958,11.0,,23,,0.74104,0.19684,,,1.3318,0,,0,1,1,59,59,0,59.0,117340.0
173.4,75,100,45,7.798,0.0,84.782,11.822,150,0.9,0,7.5634,13.306,20.317,73711,81893.0,6.5503,297.96,249.77,1.3953,11.0,,23,,0.74897,0.19678,,,1.3314,0,,0,1,1,59,59,0,59.0,116740.0
173.6,75,100,45,8.3194,0.0,42.67,1.1822,150,0.9,0,7.6485,13.293,20.297,73747,81937.0,6.5314,297.85,211.63,1.3949,11.0,,23,,0.76798,0.19664,,,1.331,0,,0,1,1,59,59,0,59.0,117470.0
173.8,75,100,45,0.0,0.0,12.801,72.848,150,0.9,0,7.7345,13.274,20.277,73781,81978.0,6.5203,297.96,249.37,1.3945,11.0,,23,,0.76899,0.19663,,,1.3306,0,,0,1,1,59,59,0,59.0,116370.0
174.0,75,100,45,0.0,0.0,45.097,7.2848,150,0.9,0,7.821,13.272,20.257,73816,82020.0,6.5096,297.87,216.37,1.3941,11.0,,23,,0.77241,0.19661,,,1.3302,0,,0,1,1,59,59,0,59.0,116430.0
174.2,75,100,45,0.0,0.0,13.529,126.66,150,0.9,0,7.9069,13.277,20.237,73850,82061.0,6.4994,298.11,302.23,1.3937,11.0,,23,,0.77057,0.19662,,,1.3298,0,,0,1,1,59,59,0,59.0,116330.0
174.4,75,100,45,0.0,0.77669,93.299,12.666,150,0.9,0,7.9925,13.279,20.217,73885,82103.0,6.4902,297.98,255.48,1.3932,11.0,,23,,0.77211,0.19661,,,1.3294,0,,0,1,1,59,59,0,59.0,117560.0
174.6,75,100,45,0.0,5.2303,49.862,1.2666,150,0.9,0,8.0785,13.296,20.197,73921,82146.0,6.4851,297.86,215.11,1.3928,11.0,,23,,0.76718,0.19665,,,1.329,0,,0,1,1,59,59,0,59.0,116630.0
174.8,75,100,45,0.0,11.708,14.958,78.386,150,0.9,0,8.1645,13.334,20.177,73957,82190.0,6.4855,297.98,256.89,1.3924,11.0,,23,,0.74506,0.19681,,,1.3286,0,,0,1,1,59,59,0,59.0,116860.0
175.0,75,100,45,0.0,18.008,51.541,7.8386,150,0.9,0,8.2504,13.35,20.156,73996,82235.0,6.4914,297.88,220.63,1.392,11.0,,23,,0.74544,0.19681,,,1.3282,0,,0,1,1,59,59,0,59.0,116920.0
175.2,75,100,45,0.0,21.932,15.462,136.16,150,0.9,0,8.3365,13.355,20.135,74034,82281.0,6.5004,298.14,314.03,1.3915,11.0,,23,,0.75387,0.19675,,,1.3278,0,,0,1,1,59,59,0,59.0,116140.0
175.4,75,100,45,0.0,22.268,102.93,13.616,150,0.9,0,8.4235,13.356,20.114,74073,82327.0,6.5096,298.0,263.52,1.3911,11.0,,23,,0.75617,0.19673,,,1.3274,0,,0,1,1,59,59,0,59.0,115370.0
175.6,75,100,45,0.0,18.962,57.012,1.3616,150,0.9,0,8.5119,13.346,20.093,74112,82372.0,6.5164,297.87,218.84,1.3907,11.0,,23,,0.75902,0.19671,,,1.327,0,,0,1,1,59,59,0,59.0,115930.0
175.8,75,100,45,0.0,12.915,17.104,84.352,150,0.9,0,8.5982,13.319,20.073,74149,82416.0,6.5177,298.0,264.7,1.3902,11.0,,23,,0.77455,0.1966,,,1.3266,0,,0,1,1,59,59,0,59.0,115990.0
176.0,75,100,45,0.0,6.3744,58.057,8.4352,150,0.9,0,8.6849,13.312,20.053,74184,82459.0,6.5129,297.89,225.59,1.3898,11.0,,23,,0.76706,0.19665,,,1.3262,0,,0,1,1,59,59,0,59.0,115730.0
176.2,75,100,45,0.0,1.7641,17.417,144.96,150,0.9,0,8.7717,13.301,20.033,74219,82501.0,6.5041,298.18,325.5,1.3894,11.0,,23,,0.76814,0.19665,,,1.3257,0,,0,1,1,59,59,0,59.0,116620.0
176.4,75,100,45,0.0,0.66391,111.6,14.496,150,0.9,0,8.8595,13.287,20.014,74254,82543.0,6.4946,298.01,267.86,1.389,11.0,,23,,0.78238,0.19654,,,1.3253,0,,0,1,1,59,59,0,59.0,115190.0
176.6,75,100,45,0.0,3.331,59.922,1.4496,150,0.9,0,8.9486,13.283,19.994,74289,82585.0,6.4877,297.88,220.73,1.3885,11.0,,23,,0.79784,0.19643,,,1.3249,0,,0,1,1,59,59,0,59.0,116760.0
176.8,75,100,45,0.0,8.7693,17.977,83.184,150,0.9,0,9.039,13.305,19.974,74325,82629.0,6.4851,298.0,265.01,1.3881,11.0,,23,,0.79264,0.19647,,,1.3245,0,,0,1,1,59,59,0,59.0,115490.0
177.0,75,100,45,0.0,15.231,57.554,8.3184,150,0.9,0,9.1309,13.335,19.953,74363,82674.0,6.4871,297.89,225.38,1.3876,11.0,,23,,0.77786,0.19658,,,1.3241,0,,0,1,1,59,59,0,59.0,115220.0
177.2,75,100,45,0.0,20.881,17.266,143.72,150,0.9,0,9.2221,13.353,19.933,74401,82720.0,6.4932,298.17,324.4,1.3872,11.0,,23,,0.77511,0.1966,,,1.3237,0,,0,1,1,59,59,0,59.0,116110.0
177.4,75,100,45,0.0,24.089,110.36,14.372,150,0.9,0,9.3122,13.356,19.912,74440,82766.0,6.5017,298.02,270.57,1.3868,11.0,,23,,0.78256,0.19654,,,1.3232,0,,0,1,1,59,59,0,59.0,116010.0
177.6,75,100,45,0.0,23.938,62.407,1.4372,150,0.9,0,9.4003,13.364,19.891,74480,82813.0,6.5107,297.89,223.76,1.3863,11.0,,23,,0.77522,0.1966,,,1.3228,0,,0,1,1,59,59,0,59.0,115400.0
177.8,75,100,45,0.0,20.161,18.722,86.323,150,0.9,0,9.4877,13.355,19.871,74518,82858.0,6.5153,298.02,270.48,1.3859,11.0,,23,,0.77599,0.19659,,,1.3224,0,,0,1,1,59,59,0,59.0,114630.0
178.0,75,100,45,0.0,14.568,60.882,8.6323,150,0.9,0,9.5756,13.328,19.85,74555,82903.0,6.5161,297.91,230.47,1.3854,11.0,,23,,0.79321,0.19647,,,1.322,0,,0,1,1,59,59,0,59.0,115030.0
178.2,75,100,45,0.0,8.6477,18.265,146.01,150,0.9,0,9.6646,13.306,19.831,74592,82946.0,6.512,298.19,331.19,1.385,11.0,,23,,0.80466,0.19638,,,1.3215,0,,0,1,1,59,59,0,59.0,114930.0
178.4,75,100,45,0.0,4.4011,113.33,14.601,150,0.9,0,9.7541,13.297,19.811,74627,82989.0,6.5046,298.03,272.8,1.3846,11.0,,23,,0.8059,0.19637,,,1.3211,0,,0,1,1,59,59,0,59.0,114490.0
178.6,75,100,45,0.0,3.0782,61.746,1.4601,150,0.9,0,9.844,13.295,19.791,74662,83031.0,6.4965,297.89,225.4,1.3841,11.0,,23,,0.80558,0.19638,,,1.3207,0,,0,1,1,59,59,0,59.0,114390.0
178.8,75,100,45,0.0,4.9982,18.524,81.978,150,0.9,0,9.9327,13.298,19.772,74697,83074.0,6.4897,298.01,268.14,1.3837,11.0,,23,,0.8104,0.19634,,,1.3203,0,,0,1,1,59,59,0,59.0,114460.0
179.0,75,100,45,0.0,9.6352,56.924,8.1978,150,0.9,0,10.021,13.33,19.752,74734,83117.0,6.4858,297.9,229.03,1.3832,11.0,,23,,0.78942,0.1965,,,1.3198,0,,0,1,1,59,59,0,59.0,114360.0
179.2,75,100,45,0.0,15.808,17.077,139.11,150,0.9,0,10.11,13.347,19.732,74771,83162.0,6.4862,298.17,323.86,1.3828,11.0,,23,,0.78856,0.19651,,,1.3194,0,,0,1,1,59,59,0,59.0,114090.0
179.4,75,100,45,0.0,21.828,106.05,13.911,150,0.9,0,10.2,13.355,19.711,74810,83208.0,6.4913,298.02,270.51,1.3823,11.0,,23,,0.79858,0.19643,,,1.319,0,,0,1,1,59,59,0,59.0,114650.0
179.6,75,100,45,0.0,25.803,58.818,1.3911,150,0.9,0,10.288,13.368,19.691,74849,83255.0,6.498,297.89,225.15,1.3819,11.0,,23,,0.79816,0.19644,,,1.3185,0,,0,1,1,59,59,0,59.0,113710.0
179.8,75,100,45,0.0,27.106,17.645,80.955,150,0.9,0,10.376,13.377,19.67,74889,83302.0,6.5078,298.01,267.6,1.3814,11.0,,23,,0.79379,0.19647,,,1.3181,0,,0,1,1,59,59,0,59.0,113770.0
180.0,75,100,30,0.0,24.515,55.603,8.0955,150,0.9,0,10.44,13.326,19.651,74925,83344.0,6.5165,297.9,229.28,1.381,10.0,4244.3,23,2706.8,0.79932,0.19643,19.732,21.235,1.3177,0,70.732,0,1,1,59,59,0,59.0,113340.0
180.2,75,100,30,0.0,18.457,16.681,136.59,150,0.9,0,10.502,13.305,19.631,74960,83385.0,6.5214,298.16,322.07,1.3805,10.0,,23,,0.80864,0.19636,,,1.3173,0,,0,1,1,59,59,0,59.0,114410.0
180.4,75,100,30,0.0,10.445,103.48,13.659,150,0.9,0,10.564,13.27,19.612,74993,83425.0,6.5195,298.01,266.73,1.3801,10.0,,23,,0.82744,0.19622,,,1.3168,0,,0,1,1,59,59,0,59.0,113310.0
180.6,75,100,30,0.0,3.1933,54.296,1.3659,150,0.9,0,10.625,13.237,19.594,75025,83462.0,6.5118,297.88,221.3,1.3796,10.0,,23,,0.84824,0.19607,,,1.3164,0,,0,1,1,59,59,0,59.0,114390.0
180.8,75,100,30,0.0,0.0,16.289,77.217,150,0.9,0,10.686,13.222,19.576,75056,83500.0,6.5014,297.99,260.2,1.3792,10.0,,23,,0.8596,0.19598,,,1.3159,0,,0,1,1,59,59,0,59.0,113790.0
181.0,75,100,30,0.0,0.0,50.342,7.7217,150,0.9,0,10.747,13.232,19.558,75088,83537.0,6.4915,297.88,220.74,1.3787,10.0,,23,,0.85119,0.19605,,,1.3155,0,,0,1,1,59,59,0,59.0,114370.0
181.2,75,100,30,0.0,3.9169,15.103,134.41,150,0.9,0,10.807,13.253,19.539,75120,83575.0,6.4851,298.14,311.95,1.3782,10.0,,23,,0.84002,0.19613,,,1.3151,0,,0,1,1,59,59,0,59.0,112440.0
181.4,75,100,30,0.0,10.401,99.332,13.441,150,0.9,0,10.866,13.278,19.52,75153,83614.0,6.4836,297.99,258.15,1.3778,10.0,,23,,0.83067,0.1962,,,1.3146,0,,0,1,1,59,59,0,59.0,113510.0
181.6,75,100,30,0.0,17.458,50.699,1.3441,150,0.9,0,10.926,13.287,19.501,75188,83655.0,6.4879,297.86,214.57,1.3773,10.0,,23,,0.8409,0.19613,,,1.3142,0,,0,1,1,59,59,0,59.0,112910.0
181.8,75,100,30,0.0,22.806,15.21,76.859,150,0.9,0,10.985,13.313,19.482,75223,83697.0,6.4964,297.97,254.39,1.3769,10.0,,23,,0.82953,0.19621,,,1.3138,0,,0,1,1,59,59,0,59.0,113980.0
182.0,75,100,30,0.0,24.769,49.329,7.6859,150,0.9,0,11.045,13.322,19.463,75259,83739.0,6.5064,297.88,218.64,1.3764,10.0,,23,,0.8249,0.19625,,,1.3133,0,,0,1,1,59,59,0,59.0,113710.0
182.2,75,100,30,0.0,22.716,14.799,131.94,150,0.9,0,11.105,13.325,19.444,75295,83781.0,6.5139,298.12,308.24,1.376,10.0,,23,,0.81828,0.1963,,,1.3129,0,,0,1,1,59,59,0,59.0,112620.0
182.4,75,100,30,0.0,17.664,96.998,13.194,150,0.9,0,11.165,13.304,19.425,75330,83822.0,6.5178,297.98,257.77,1.3755,10.0,,23,,0.82858,0.19622,,,1.3124,0,,0,1,1,59,59,0,59.0,112350.0
182.6,75,100,30,0.0,11.092,51.318,1.3194,150,0.9,0,11.226,13.294,19.406,75363,83861.0,6.5155,297.86,214.71,1.375,10.0,,23,,0.8243,0.19626,,,1.312,0,,0,1,1,59,59,0,59.0,113090.0
182.8,75,100,30,0.0,5.4437,15.395,79.249,150,0.9,0,11.288,13.292,19.388,75395,83899.0,6.5092,297.98,256.94,1.3746,10.0,,23,,0.81151,0.19635,,,1.3115,0,,0,1,1,59,59,0,59.0,112830.0
183.0,75,100,30,0.0,2.2982,51.759,7.9249,150,0.9,0,11.349,13.279,19.37,75427,83937.0,6.5007,297.88,221.01,1.3741,10.0,,23,,0.81784,0.19631,,,1.3111,0,,0,1,1,59,59,0,59.0,111740.0
183.2,75,100,30,0.0,2.5429,15.528,134.72,150,0.9,0,11.411,13.275,19.351,75459,83975.0,6.4926,298.14,313.43,1.3736,10.0,,23,,0.82668,0.19624,,,1.3107,0,,0,1,1,59,59,0,59.0,112980.0
183.4,75,100,30,0.0,6.0056,100.52,13.472,150,0.9,0,11.471,13.281,19.333,75491,84013.0,6.4875,298.01,266.52,1.3732,10.0,,23,,0.83208,0.1962,,,1.3102,0,,0,1,1,59,59,0,59.0,113050.0
183.6,75,100,30,0.0,11.528,58.817,1.3472,150,0.9,0,11.53,13.315,19.315,75524,84053.0,6.4861,297.89,223.37,1.3727,10.0,,23,,0.8106,0.19636,,,1.3098,0,,0,1,1,59,59,0,59.0,112620.0
183.8,75,100,30,0.0,17.581,17.645,84.428,150,0.9,0,11.589,13.333,19.296,75559,84094.0,6.4893,298.02,269.21,1.3722,10.0,,23,,0.80797,0.19638,,,1.3093,0,,0,1,1,59,59,0,59.0,111530.0
184.0,75,100,30,0.0,22.355,58.288,8.4428,150,0.9,0,11.646,13.346,19.277,75595,84135.0,6.4954,297.91,230.74,1.3718,10.0,,23,,0.80789,0.19638,,,1.3089,0,,0,1,1,59,59,0,59.0,112260.0
184.2,75,100,30,0.0,24.725,17.487,140.3,150,0.9,0,11.703,13.365,19.258,75631,84177.0,6.5028,298.18,326.63,1.3713,10.0,,23,,0.79494,0.19648,,,1.3084,0,,0,1,1,59,59,0,59.0,112670.0
184.4,75,100,30,0.0,24.1,106.68,14.03,150,0.9,0,11.76,13.38,19.238,75667,84219.0,6.5095,298.02,272.23,1.3708,10.0,,23,,0.77657,0.19662,,,1.308,0,,0,1,1,59,59,0,59.0,112070.0
184.6,75,100,30,0.0,20.825,59.215,1.403,150,0.9,0,11.816,13.361,19.22,75702,84260.0,6.5136,297.9,225.9,1.3704,10.0,,23,,0.78908,0.19653,,,1.3075,0,,0,1,1,59,59,0,59.0,111810.0
184.8,75,100,30,0.0,15.928,17.764,80.829,150,0.9,0,11.872,13.355,19.201,75736,84301.0,6.5141,298.01,267.96,1.3699,10.0,,23,,0.78479,0.19656,,,1.3071,0,,0,1,1,59,59,0,59.0,112040.0
185.0,75,100,30,0.0,10.813,55.034,8.0829,150,0.9,0,11.929,13.341,19.183,75770,84340.0,6.5115,297.91,229.56,1.3694,10.0,,23,,0.78736,0.19654,,,1.3066,0,,0,1,1,59,59,0,59.0,111620.0
185.2,75,100,30,0.0,6.7314,16.51,134.83,150,0.9,0,11.987,13.325,19.165,75802,84378.0,6.506,298.16,321.0,1.369,10.0,,23,,0.79724,0.19647,,,1.3062,0,,0,1,1,59,59,0,59.0,111360.0
185.4,75,100,30,0.0,4.8678,101.14,13.483,150,0.9,0,12.044,13.318,19.147,75834,84416.0,6.4993,298.01,267.24,1.3685,10.0,,23,,0.80234,0.19643,,,1.3057,0,,0,1,1,59,59,0,59.0,111430.0
185.6,75,100,30,0.0,5.6738,53.885,1.3483,150,0.9,0,12.101,13.309,19.129,75866,84454.0,6.4933,297.88,221.26,1.368,10.0,,23,,0.81641,0.19633,,,1.3053,0,,0,1,1,59,59,0,59.0,110840.0
185.8,75,100,30,0.0,8.8625,16.166,78.182,150,0.9,0,12.159,13.322,19.11,75899,84493.0,6.4894,297.99,261.22,1.3676,10.0,,23,,0.81447,0.19634,,,1.3048,0,,0,1,1,59,59,0,59.0,111910.0
186.0,75,100,30,0.0,13.636,50.877,7.8182,150,0.9,0,12.217,13.335,19.092,75933,84533.0,6.4884,297.89,222.56,1.3671,10.0,,23,,0.81485,0.19634,,,1.3044,0,,0,1,1,59,59,0,59.0,110820.0
186.2,75,100,30,0.0,18.805,15.263,133.16,150,0.9,0,12.274,13.356,19.073,75968,84574.0,6.4904,298.14,312.63,1.3666,10.0,,23,,0.80753,0.1964,,,1.3039,0,,0,1,1,59,59,0,59.0,110890.0
186.4,75,100,30,0.0,23.144,97.685,13.316,150,0.9,0,12.332,13.371,19.055,76004,84616.0,6.4945,297.99,259.54,1.3661,10.0,,23,,0.80318,0.19643,,,1.3035,0,,0,1,1,59,59,0,59.0,110630.0
186.6,75,100,30,0.0,25.847,50.328,1.3316,150,0.9,0,12.391,13.372,19.036,76040,84658.0,6.5009,297.87,215.74,1.3657,10.0,,23,,0.81066,0.19638,,,1.303,0,,0,1,1,59,59,0,59.0,110360.0
186.8,75,100,30,0.0,25.997,15.098,76.273,150,0.9,0,12.449,13.386,19.017,76076,84700.0,6.5066,297.98,254.71,1.3652,10.0,,23,,0.79763,0.19647,,,1.3026,0,,0,1,1,59,59,0,59.0,111100.0
187.0,75,100,30,0.0,23.884,48.163,7.6273,150,0.9,0,12.507,13.394,18.998,76112,84742.0,6.5093,297.87,217.68,1.3647,10.0,,23,,0.78316,0.19658,,,1.3021,0,,0,1,1,59,59,0,59.0,110670.0
187.2,75,100,30,0.0,20.683,14.449,130.93,150,0.9,0,12.566,13.383,18.98,76147,84784.0,6.511,298.12,306.24,1.3642,10.0,,23,,0.78811,0.19655,,,1.3016,0,,0,1,1,59,59,0,59.0,109910.0
187.4,75,100,30,0.0,16.808,94.713,13.093,150,0.9,0,12.626,13.364,18.961,76182,84824.0,6.5104,297.98,255.4,1.3637,10.0,,23,,0.80132,0.19645,,,1.3012,0,,0,1,1,59,59,0,59.0,111480.0
187.6,75,100,30,0.0,13.158,48.973,1.3093,150,0.9,0,12.686,13.346,18.943,76215,84864.0,6.5082,297.86,212.04,1.3633,10.0,,23,,0.81428,0.19635,,,1.3007,0,,0,1,1,59,59,0,59.0,110220.0
187.8,75,100,30,0.0,10.385,14.692,78.117,150,0.9,0,12.746,13.352,18.925,76249,84903.0,6.5049,297.97,252.65,1.3628,10.0,,23,,0.80264,0.19644,,,1.3003,0,,0,1,1,59,59,0,59.0,111130.0
188.0,75,100,30,0.0,8.9537,48.862,7.8117,150,0.9,0,12.806,13.366,18.907,76281,84942.0,6.501,297.86,214.42,1.3623,10.0,,23,,0.78409,0.19658,,,1.2998,0,,0,1,1,59,59,0,59.0,110370.0
188.2,75,100,30,0.0,9.0683,14.659,135.39,150,0.9,0,12.866,13.352,18.889,76314,84981.0,6.4971,298.12,306.7,1.3618,10.0,,23,,0.80137,0.19645,,,1.2994,0,,0,1,1,59,59,0,59.0,110620.0
188.4,75,100,30,0.0,10.751,97.968,13.539,150,0.9,0,12.927,13.366,18.871,76347,85020.0,6.4949,297.97,253.65,1.3614,10.0,,23,,0.793,0.19652,,,1.2989,0,,0,1,1,59,59,0,59.0,110360.0
188.6,75,100,30,0.0,13.305,50.193,1.3539,150,0.9,0,12.987,13.373,18.853,76381,85060.0,6.4942,297.85,210.41,1.3609,10.0,,23,,0.79269,0.19652,,,1.2984,0,,0,1,1,59,59,0,59.0,109600.0
188.8,75,100,30,0.0,16.16,15.058,78.564,150,0.9,0,13.047,13.386,18.835,76416,85101.0,6.4953,297.97,252.03,1.3604,10.0,,23,,0.7879,0.19656,,,1.298,0,,0,1,1,59,59,0,59.0,110170.0
189.0,75,100,30,0.0,18.539,49.931,7.8564,150,0.9,0,13.106,13.391,18.817,76450,85142.0,6.4987,297.87,216.86,1.3599,10.0,,23,,0.78972,0.19654,,,1.2975,0,,0,1,1,59,59,0,59.0,109750.0
189.2,75,100,30,0.0,19.577,14.979,133.12,150,0.9,0,13.166,13.387,18.799,76485,85183.0,6.5026,298.12,307.73,1.3594,10.0,,23,,0.79941,0.19647,,,1.297,0,,0,1,1,59,59,0,59.0,109650.0
189.4,75,100,30,0.0,19.054,96.965,13.312,150,0.9,0,13.224,13.391,18.78,76520,85224.0,6.5062,297.98,258.0,1.3589,10.0,,23,,0.79607,0.1965,,,1.2966,0,,0,1,1,59,59,0,59.0,109720.0
189.6,75,100,30,0.0,17.084,52.565,1.3312,150,0.9,0,13.283,13.38,18.762,76555,85264.0,6.508,297.87,215.22,1.3585,10.0,,23,,0.80377,0.19644,,,1.2961,0,,0,1,1,59,59,0,59.0,108970.0
189.8,75,100,30,0.0,14.408,15.77,80.152,150,0.9,0,13.342,13.376,18.744,76589,85304.0,6.5075,297.98,257.7,1.358,10.0,,23,,0.80443,0.19644,,,1.2957,0,,0,1,1,59,59,0,59.0,109040.0
190.0,75,100,30,0.0,11.938,51.868,8.0152,150,0.9,0,13.401,13.378,18.726,76622,85344.0,6.5056,297.88,219.98,1.3575,10.0,,23,,0.79688,0.1965,,,1.2952,0,,0,1,1,59,59,0,59.0,109780.0
190.2,75,100,30,0.0,10.236,15.56,135.87,150,0.9,-4000,13.46,13.396,18.709,75953,84583.0,6.5307,298.14,312.78,1.3487,10.0,,23,,0.7627,0.19677,,,1.2867,0,,0,1,1,59,59,0,59.0,110020.0
190.4,75,100,30,0.0,0.0,99.989,13.587,150,0.9,-4000,13.519,13.36,18.691,75282,83820.0,6.5489,298.0,262.12,1.3363,10.0,,23,,0.75734,0.19683,,,1.2749,0,,0,1,1,59,59,0,59.0,109270.0
190.6,75,100,30,0.0,0.0,54.638,1.3587,150,0.9,-4000,13.579,13.352,18.674,74611,83057.0,6.5674,297.87,217.55,1.3237,10.0,,23,,0.75194,0.1969,,,1.2628,0,,0,1,1,59,59,0,59.0,109010.0
190.8,75,100,30,0.51841,0.0,16.391,82.84,150,0.9,-4000,13.638,13.343,18.657,73940,82294.0,6.586,298.0,262.33,1.311,10.0,,23,,0.74941,0.19694,,,1.2507,0,,0,1,1,59,59,0,59.0,109260.0
191.0,75,100,30,1.0368,0.0,56.159,8.284,150,0.9,-4000,13.699,13.341,18.639,73270,81532.0,6.6045,297.88,222.28,1.2984,10.0,,23,,0.7386,0.19705,,,1.2386,0,,0,1,1,59,59,0,59.0,109170.0
191.2,75,100,30,1.5552,0.0,16.848,145.53,150,0.9,-4000,13.761,13.349,18.622,72599,80769.0,6.6229,298.17,323.66,1.2859,10.0,,23,,0.71658,0.19724,,,1.2266,0,,0,1,1,59,59,0,59.0,108910.0
191.4,75,100,30,2.0736,0.0,114.03,14.553,150,0.9,-4000,13.823,13.343,18.604,71929,80007.0,6.641,298.01,266.71,1.2733,10.0,,23,,0.70948,0.19732,,,1.2145,0,,0,1,1,59,59,0,59.0,109150.0
191.6,75,100,30,2.592,0.0,61.291,1.4553,150,0.9,-4000,13.887,13.351,18.586,71259,79245.0,6.6589,297.87,219.92,1.2607,10.0,,23,,0.68785,0.1975,,,1.2025,0,,0,1,1,59,59,0,59.0,107730.0
191.8,75,100,30,3.1103,0.0,18.387,86.707,150,0.9,-4000,13.952,13.344,18.569,70588,78483.0,6.6766,298.02,268.43,1.2482,10.0,,23,,0.68311,0.19756,,,1.1905,0,,0,1,1,59,59,0,59.0,107810.0
192.0,75,100,30,3.6287,0.0,64.181,8.6707,150,0.9,-4000,14.018,13.337,18.551,69919,77722.0,6.6937,297.9,229.83,1.2356,10.0,5027.6,23,3020.1,0.67946,0.19762,18.622,20.669,1.1785,0,71.876,0,1,1,59,59,0,59.0,108050.0
192.2,75,100,30,4.1471,0.0,19.254,154.68,150,0.9,0,14.084,13.345,18.533,69951,77760.0,6.6687,298.23,340.08,1.2317,10.0,,23,,0.66961,0.1977,,,1.1747,0,,0,1,1,59,59,0,59.0,107290.0
192.4,75,100,30,4.671,0.0,130.6,15.468,150,0.9,0,14.151,13.362,18.515,69984,77799.0,6.6451,298.07,285.76,1.231,10.0,,23,,0.65236,0.19783,,,1.1741,0,,0,1,1,59,59,0,59.0,107860.0
192.6,75,100,30,5.1926,0.0,80.54,1.5468,150,0.9,0,14.218,13.374,18.497,70016,77837.0,6.6228,297.92,237.35,1.2306,10.0,,23,,0.64074,0.19791,,,1.1737,0,,0,1,1,59,59,0,59.0,108100.0
192.8,75,100,30,5.7142,0.0,24.162,98.752,150,0.9,0,14.286,13.387,18.479,70049,77876.0,6.6014,298.1,296.03,1.2301,10.0,,23,,0.62897,0.198,,,1.1732,0,,0,1,1,59,59,0,59.0,108680.0
193.0,75,100,30,6.2357,0.0,83.076,9.8752,150,0.9,0,14.352,13.399,18.46,70082,77915.0,6.5812,297.97,253.91,1.2297,10.0,,23,,0.61763,0.19809,,,1.1728,0,,0,1,1,59,59,0,59.0,108250.0
193.2,75,100,30,6.7572,0.0,41.915,0.98752,150,0.9,0,14.42,13.39,18.442,70115,77954.0,6.5616,297.87,218.4,1.2292,10.0,,23,,0.63081,0.19799,,,1.1724,0,,0,1,1,59,59,0,59.0,107160.0
193.4,75,100,30,7.2787,0.0,12.574,69.012,150,0.9,0,14.487,13.386,18.424,70148,77993.0,6.5431,297.97,254.17,1.2288,10.0,,23,,0.6408,0.19792,,,1.1719,0,,0,1,1,59,59,0,59.0,107400.0
193.6,75,100,30,0.0,0.0,45.328,6.9012,150,0.9,0,14.555,13.38,18.407,70180,78031.0,6.5312,297.88,222.73,1.2283,10.0,,23,,0.62719,0.19802,,,1.1715,0,,0,1,1,59,59,0,59.0,107640.0
193.8,75,100,30,0.0,0.0,13.599,124.48,150,0.9,0,14.622,13.382,18.389,70211,78069.0,6.5199,298.14,308.36,1.2279,10.0,,23,,0.62719,0.19802,,,1.1711,0,,0,1,1,59,59,0,59.0,106890.0
194.0,75,100,30,0.0,0.0,98.174,12.448,150,0.9,0,14.691,13.39,18.371,70243,78106.0,6.509,298.01,265.34,1.2274,10.0,,23,,0.6197,0.19808,,,1.1707,0,,0,1,1,59,59,0,59.0,107960.0
194.2,75,100,30,0.0,0.0,56.949,1.2448,150,0.9,0,14.759,13.389,18.353,70274,78144.0,6.4986,297.89,225.54,1.227,10.0,,23,,0.62181,0.19806,,,1.1702,0,,0,1,1,59,59,0,59.0,108040.0
194.4,75,100,30,0.0,1.0829,17.085,82.897,150,0.9,0,14.828,13.395,18.336,70306,78182.0,6.4894,298.03,272.24,1.2265,10.0,,23,,0.62084,0.19807,,,1.1698,0,,0,1,1,59,59,0,59.0,108110.0
194.6,75,100,30,0.0,5.8558,61.919,8.2897,150,0.9,0,14.897,13.411,18.318,70339,78221.0,6.4838,297.92,237.08,1.2261,10.0,,23,,0.61797,0.19809,,,1.1694,0,,0,1,1,59,59,0,59.0,107350.0
194.8,75,100,30,0.0,12.852,18.576,143.82,150,0.9,0,14.967,13.438,18.299,70373,78261.0,6.4836,298.22,337.92,1.2256,10.0,,23,,0.60995,0.19815,,,1.1689,0,,0,1,1,59,59,0,59.0,107090.0
195.0,75,100,30,0.0,19.902,120.34,14.382,150,0.9,0,15.037,13.464,18.28,70409,78303.0,6.4878,298.07,286.22,1.2252,10.0,,23,,0.60256,0.19821,,,1.1685,0,,0,1,1,59,59,0,59.0,107000.0
195.2,75,100,30,0.0,25.298,73.23,1.4382,150,0.9,0,15.106,13.476,18.261,70445,78346.0,6.4953,297.93,239.86,1.2247,10.0,,23,,0.60582,0.19819,,,1.168,0,,0,1,1,59,59,0,59.0,106570.0
195.4,75,100,30,0.0,27.7,21.969,89.948,150,0.9,0,15.175,13.484,18.242,70482,78389.0,6.5029,298.08,290.95,1.2242,10.0,,23,,0.60625,0.19818,,,1.1676,0,,0,1,1,59,59,0,59.0,107470.0
195.6,75,100,30,0.0,27.079,72.965,8.9948,150,0.9,0,15.244,13.482,18.223,70519,78432.0,6.5091,297.97,252.2,1.2238,10.0,,23,,0.60812,0.19817,,,1.1672,0,,0,1,1,59,59,0,59.0,106040.0
195.8,75,100,30,0.0,23.943,35.107,0.89948,150,0.9,0,15.313,13.465,18.205,70556,78475.0,6.5137,297.87,218.14,1.2233,10.0,,23,,0.62096,0.19808,,,1.1667,0,,0,1,1,59,59,0,59.0,106440.0
196.0,75,100,30,0.0,18.984,10.532,63.404,150,0.9,0,15.381,13.448,18.186,70591,78516.0,6.515,297.96,249.02,1.2229,10.0,,23,,0.62888,0.19802,,,1.1663,0,,0,1,1,59,59,0,59.0,107020.0
196.2,75,100,30,0.0,13.504,38.004,6.3404,150,0.9,0,15.45,13.431,18.168,70626,78557.0,6.5128,297.87,218.56,1.2224,10.0,,23,,0.6341,0.19798,,,1.1658,0,,0,1,1,59,59,0,59.0,105760.0
196.4,75,100,30,0.0,8.9005,11.401,114.66,150,0.9,0,15.519,13.414,18.15,70659,78596.0,6.5075,298.1,295.63,1.2219,10.0,,23,,0.64355,0.19791,,,1.1654,0,,0,1,1,59,59,0,59.0,106330.0
196.6,75,100,30,0.0,6.4227,86.2,11.466,150,0.9,0,15.589,13.406,18.132,70692,78635.0,6.5008,297.97,252.72,1.2215,10.0,,23,,0.64798,0.19788,,,1.165,0,,0,1,1,59,59,0,59.0,106570.0
196.8,75,100,30,0.0,6.6293,44.102,1.1466,150,0.9,0,15.657,13.409,18.114,70725,78674.0,6.4944,297.86,215.87,1.221,10.0,,23,,0.64646,0.19789,,,1.1645,0,,0,1,1,59,59,0,59.0,107150.0
197.0,75,100,30,0.0,9.3695,13.231,73.101,150,0.9,0,15.726,13.416,18.097,70758,78714.0,6.49,297.98,254.97,1.2206,10.0,,23,,0.64968,0.19787,,,1.1641,0,,0,1,1,59,59,0,59.0,106390.0
197.2,75,100,30,0.0,13.864,48.868,7.3101,150,0.9,0,15.794,13.433,18.079,70792,78754.0,6.488,297.88,221.91,1.2201,10.0,,23,,0.64509,0.1979,,,1.1636,0,,0,1,1,59,59,0,59.0,106130.0
197.4,75,100,30,0.0,19.157,14.66,131.8,150,0.9,0,15.861,13.462,18.06,70828,78796.0,6.4884,298.15,313.41,1.2196,10.0,,23,,0.62932,0.19802,,,1.1632,0,,0,1,1,59,59,0,59.0,106200.0
197.6,75,100,30,0.0,24.325,104.49,13.18,150,0.9,0,15.929,13.482,18.041,70864,78838.0,6.4913,298.01,265.98,1.2192,10.0,,23,,0.62171,0.19808,,,1.1628,0,,0,1,1,59,59,0,59.0,104780.0
197.8,75,100,30,0.0,28.312,59.527,1.318,150,0.9,0,15.996,13.512,18.023,70902,78881.0,6.4976,297.88,223.35,1.2187,10.0,,23,,0.60018,0.19824,,,1.1623,0,,0,1,1,59,59,0,59.0,105350.0
198.0,75,100,30,0.0,29.77,17.858,85.829,150,0.9,0,16.062,13.508,18.004,70939,78925.0,6.5055,298.03,271.79,1.2182,10.0,,23,,0.60946,0.19817,,,1.1619,0,,0,1,1,59,59,0,59.0,106250.0
198.2,75,100,30,0.0,28.081,63.91,8.5829,150,0.9,0,16.128,13.508,17.985,70976,78968.0,6.5114,297.92,234.45,1.2178,10.0,,23,,0.60773,0.19819,,,1.1614,0,,0,1,1,59,59,0,59.0,105320.0
198.4,75,100,30,0.0,24.065,19.173,149.92,150,0.9,0,16.195,13.49,17.967,71013,79011.0,6.5146,298.23,340.21,1.2173,10.0,,23,,0.61868,0.19811,,,1.161,0,,0,1,1,59,59,0,59.0,105390.0
198.6,75,100,30,0.0,18.763,124.83,14.992,150,0.9,0,16.261,13.466,17.948,71048,79052.0,6.516,298.06,283.11,1.2168,10.0,,23,,0.63325,0.198,,,1.1605,0,,0,1,1,59,59,0,59.0,106130.0
198.8,75,100,30,0.0,12.882,72.753,1.4992,150,0.9,0,16.328,13.462,17.931,71082,79092.0,6.5134,297.92,235.09,1.2164,10.0,,23,,0.62379,0.19807,,,1.1601,0,,0,1,1,59,59,0,59.0,105540.0
199.0,75,100,30,0.0,8.0528,21.826,89.657,150,0.9,0,16.394,13.448,17.913,71115,79131.0,6.508,298.07,285.41,1.2159,10.0,,23,,0.62712,0.19805,,,1.1596,0,,0,1,1,59,59,0,59.0,104790.0
199.2,75,100,30,0.0,5.3976,71.113,8.9657,150,0.9,0,16.46,13.448,17.896,71148,79170.0,6.501,297.95,246.14,1.2154,10.0,,23,,0.62144,0.19809,,,1.1592,0,,0,1,1,59,59,0,59.0,105530.0
199.4,75,100,30,0.0,5.5042,32.44,0.89657,150,0.9,0,16.525,13.451,17.878,71180,79208.0,6.4944,297.85,212.48,1.215,10.0,,23,,0.61974,0.1981,,,1.1587,0,,0,1,1,59,59,0,59.0,105110.0
199.6,75,100,30,0.0,8.2614,9.7321,63.127,150,0.9,0,16.592,13.458,17.861,71213,79248.0,6.4894,297.94,243.62,1.2145,10.0,,23,,0.62116,0.19809,,,1.1583,0,,0,1,1,59,59,0,59.0,104520.0
199.8,75,100,30,0.0,13.006,2.9196,0.0001,150,0.9,0,16.657,13.485,17.843,71248,79288.0,6.4869,297.87,219.37,1.214,10.0,,23,,0.60596,0.19821,,,1.1578,0,,0,1,1,59,59,0,59.0,104260.0
200.0,75,100,45,0.0,18.774,0.87589,73.165,150,0.9,0,16.748,13.558,17.824,71286,79333.0,6.4876,298.0,262.22,1.2135,9.0,,23,,0.58111,0.19839,,,1.1574,0,,0,1,1,59,59,0,59.0,105000.0
200.2,65,100,45,0.0,24.238,40.179,7.3165,250,0.9,0,16.833,13.709,17.8,71345,79399.0,6.491,297.91,231.17,1.3832,9.0,,23,,0.56794,0.1975,,,1.1438,0,,0,1,1,59,59,0,59.0,104210.0
200.4,65,100,45,0.0,28.365,12.054,118.06,250,0.9,0,16.918,13.718,17.776,71405,79466.0,6.4959,298.14,310.24,1.3934,9.0,,23,,0.58671,0.19732,,,1.1523,0,,0,1,1,59,59,0,59.0,104920.0
200.6,65,100,45,0.0,30.532,89.554,11.806,250,0.9,0,17.003,13.741,17.752,71465,79534.0,6.503,298.02,269.3,1.3935,9.0,,23,,0.5763,0.19741,,,1.1524,0,,0,1,1,59,59,0,59.0,103300.0
200.8,65,100,45,0.0,29.852,51.444,1.1806,250,0.9,0,17.088,13.741,17.728,71526,79601.0,6.5095,297.91,230.88,1.393,9.0,,23,,0.57833,0.19739,,,1.152,0,,0,1,1,59,59,0,59.0,104350.0
201.0,65,100,45,0.0,26.589,15.433,74.157,250,0.9,0,17.174,13.735,17.704,71585,79667.0,6.5143,298.02,269.49,1.3925,9.0,,23,,0.58151,0.19736,,,1.1515,0,,0,1,1,59,59,0,59.0,104060.0
201.2,65,100,45,0.0,21.387,51.864,7.4157,250,0.9,0,17.259,13.708,17.68,71644,79733.0,6.5158,297.92,236.69,1.3919,9.0,,23,,0.59998,0.19721,,,1.1511,0,,0,1,1,59,59,0,59.0,103110.0
201.4,65,100,45,0.0,15.589,15.559,124.63,250,0.9,0,17.344,13.706,17.657,71701,79797.0,6.5134,298.17,320.86,1.3913,9.0,,23,,0.59511,0.19725,,,1.1506,0,,0,1,1,59,59,0,59.0,104330.0
201.6,65,100,45,0.0,10.764,98.557,12.463,250,0.9,0,17.429,13.679,17.634,71757,79861.0,6.5081,298.05,280.01,1.3908,9.0,,23,,0.61397,0.19709,,,1.1501,0,,0,1,1,59,59,0,59.0,103040.0
201.8,65,100,45,0.0,8.0735,61.75,1.2463,250,0.9,0,17.513,13.679,17.611,71813,79924.0,6.5011,297.93,239.9,1.3902,9.0,,23,,0.61375,0.19709,,,1.1497,0,,0,1,1,59,59,0,59.0,103430.0
202.0,65,100,45,0.0,8.1522,18.525,80.643,250,0.9,0,17.598,13.688,17.588,71869,79987.0,6.4947,298.06,283.72,1.3897,9.0,,23,,0.61108,0.19712,,,1.1492,0,,0,1,1,59,59,0,59.0,102980.0
202.2,65,100,45,0.0,10.8,61.113,8.0643,250,0.9,0,17.682,13.711,17.565,71926,80050.0,6.49,297.97,252.29,1.3891,9.0,,23,,0.59927,0.19722,,,1.1488,0,,0,1,1,59,59,0,59.0,103370.0
202.4,65,100,45,0.0,15.327,30.702,0.80643,250,0.9,0,17.763,13.742,17.542,71983,80114.0,6.4879,297.88,221.28,1.3886,9.0,,23,,0.58401,0.19735,,,1.1483,0,,0,1,1,59,59,0,59.0,103750.0
202.6,65,100,45,0.0,20.67,9.2105,59.349,250,0.9,0,17.843,13.753,17.519,72041,80179.0,6.4902,297.96,248.49,1.388,9.0,,23,,0.59019,0.1973,,,1.1478,0,,0,1,1,59,59,0,59.0,102970.0
202.8,65,100,45,0.0,25.096,32.725,5.9349,250,0.9,0,17.922,13.78,17.496,72101,80246.0,6.4956,297.88,220.95,1.3875,9.0,,23,,0.57937,0.19739,,,1.1474,0,,0,1,1,59,59,0,59.0,104020.0
203.0,65,100,45,0.0,27.348,9.8174,101.31,250,0.9,0,18.0,13.805,17.472,72160,80312.0,6.5039,298.07,286.14,1.3869,9.0,,23,,0.56511,0.19752,,,1.1469,0,,0,1,1,59,59,0,59.0,102730.0
203.2,65,100,45,0.0,26.292,71.382,10.131,250,0.9,0,18.08,13.818,17.449,72220,80378.0,6.5132,297.97,251.22,1.3863,9.0,,23,,0.55316,0.19762,,,1.1464,0,,0,1,1,59,59,0,59.0,101780.0
203.4,65,100,45,0.0,21.54,37.364,1.0131,250,0.9,0,18.159,13.813,17.426,72279,80444.0,6.5188,297.87,217.36,1.3858,9.0,,23,,0.54996,0.19765,,,1.146,0,,0,1,1,59,59,0,59.0,102330.0
203.6,65,100,45,0.0,14.57,11.209,68.157,250,0.9,0,18.238,13.811,17.403,72336,80508.0,6.5187,297.97,251.95,1.3852,9.0,,23,,0.53946,0.19774,,,1.1455,0,,0,1,1,59,59,0,59.0,102550.0
203.8,65,100,45,0.0,7.618,41.662,6.8157,250,0.9,0,18.317,13.786,17.381,72391,80570.0,6.5133,297.88,222.61,1.3846,9.0,,23,,0.55132,0.19764,,,1.145,0,,0,1,1,59,59,0,59.0,102770.0
204.0,65,100,45,0.0,2.8388,12.499,115.99,250,0.9,0,18.395,13.777,17.359,72446,80632.0,6.5043,298.11,300.0,1.3841,9.0,5775.9,23,3318.6,0.5555,0.19761,17.449,19.974,1.1446,0,71.369,0,1,1,59,59,0,59.0,101660.0
