time,aeration_rate,agitator,sugar_feed_rate,acid_flow_rate,base_flow_rate,heating/cooling_water_flow_rate,heating_water_flow_rate,water_for_injection/dilution,air_head_pressure,dumped_broth_flow,substrate_concentration,dissolved_oxygen_concentration,penicillin_concentration,vessel_volume,vessel_weight,pH,temperature,generated_heat,CO2_percent_in_off_gas,PAA_flow,PAA_concentration,oil_flow,NH3_concentration,oxygen_uptake_rate,oxygen_in_percent_in_off_gas,offline_penicillin_concentration,offline_biomass_concentration,carbon_evolution_rate,ammonia_shots,viscosity,Fault reference(Fault_ref:Fault ref),0 - Recipe driven 1 - Operator controlled(Control_ref:Control ref),1- No Raman spec, 1-Raman spec recorded,2-PAT control(PAT_ref:PAT ref),Batch reference(Batch_ref:Batch ref),experiment_ID,Fault flag
0.2,30,100,8,0.0,31.499,0.0001,147.13,0,0.6,0,0.97169,14.666,0.001,58702,60938.0,6.443,297.76,134.25,0.089705,5.0,,22,,0.66728,0.19237,,,0.034118,0,,0,0,2,62,62,0,62.0,0.0
0.4,30,100,8,0.0,54.302,0.0001,47.695,0,0.6,0,1.0182,14.647,0.00099935,58710,60950.0,6.4873,297.91,173.36,0.1019,5.0,,22,,0.11646,0.2028,,,0.038757,0,,0,0,2,62,62,0,62.0,0.0
0.6,30,100,8,0.0,59.774,0.0001,0.0001,0,0.6,0,1.0635,14.633,0.00099868,58720,60964.0,6.5367,297.89,167.87,0.10596,5.0,,22,,-0.017151,0.20529,,,0.040302,0,,0,0,2,62,62,0,62.0,0.0
0.8,30,100,8,0.0,45.607,0.0001,65.094,0,0.6,0,1.1075,14.619,0.00099806,58726,60975.0,6.5737,298.09,224.1,0.10837,5.0,,22,,-0.046279,0.20583,,,0.041217,0,,0,0,2,62,62,0,62.0,0.0
1.0,30,100,8,0.51756,22.803,67.692,6.5094,0,0.6,0,1.1507,14.593,0.00099752,58728,60981.0,6.5816,298.02,204.37,0.11048,5.0,1390.9,22,1810.4,-0.044748,0.2058,0.001,0.52714,0.042022,0,4.083,0,0,2,62,62,0,62.0,0.0
1.2,30,100,8,1.0383,11.402,44.465,0.65094,0,0.6,0,1.1922,14.569,0.00099701,58728,60985.0,6.5719,297.96,188.01,0.11262,5.0,,22,,-0.037458,0.20566,,,0.042834,0,,0,0,2,62,62,0,62.0,0.0
1.4,30,100,8,1.5598,5.7008,24.909,0.065094,0,0.6,0,1.2321,14.545,0.00099652,58726,60989.0,6.5534,297.92,177.43,0.11484,5.0,,22,,-0.028635,0.20549,,,0.04368,0,,0,0,2,62,62,0,62.0,0.0
1.6,30,100,8,2.0817,2.8504,7.4726,37.235,0,0.6,0,1.2702,14.524,0.00099604,58725,60991.0,6.5306,298.04,208.14,0.11717,5.0,,22,,-0.02079,0.20534,,,0.044566,0,,0,0,2,62,62,0,62.0,0.0
1.8,30,100,8,0.0,0.0,44.04,3.7235,0,0.6,0,1.3065,14.494,0.00099558,58722,60993.0,6.5078,297.99,196.94,0.1196,5.0,,22,,-0.0092828,0.20512,,,0.045491,0,,0,0,2,62,62,0,62.0,0.0
2.0,30,100,8,0.0,0.0,30.193,0.37235,0,0.6,0,1.3408,14.465,0.00099511,58719,60995.0,6.486,297.96,187.95,0.12214,5.0,,22,,0.0024388,0.20489,,,0.046458,0,,0,0,2,62,62,0,62.0,0.0
2.2,30,100,8,0.0,6.1264,18.784,0.037235,0,0.6,0,1.3729,14.432,0.00099462,58718,60998.0,6.472,297.94,182.77,0.1248,5.0,,22,,0.015565,0.20464,,,0.047468,0,,0,0,2,62,62,0,62.0,22406.0
2.4,30,100,8,0.0,17.819,5.6352,27.977,0,0.6,0,1.4026,14.397,0.00099409,58718,61003.0,6.4711,298.04,208.59,0.12757,5.0,,22,,0.030104,0.20437,,,0.048523,0,,0,0,2,62,62,0,62.0,21902.0
2.6,30,100,8,0.0,29.849,36.538,2.7977,0,0.6,0,1.4304,14.391,0.00099352,58722,61011.0,6.4815,298.01,202.07,0.13045,5.0,,22,,0.03207,0.20432,,,0.04962,0,,0,0,2,62,62,0,62.0,21064.0
2.8,30,100,8,0.0,37.751,28.878,0.27977,0,0.6,0,1.4559,14.354,0.00099293,58726,61020.0,6.5014,297.99,196.11,0.13345,5.0,,22,,0.044198,0.20409,,,0.050761,0,,0,0,2,62,62,0,62.0,21393.0
3.0,30,100,8,0.0,37.67,21.922,0.027977,0,0.6,0,1.4787,14.327,0.00099233,58731,61030.0,6.5211,297.98,192.95,0.13657,5.0,,22,,0.054102,0.2039,,,0.051947,0,,0,0,2,62,62,0,62.0,22388.0
3.2,30,100,15,0.0,29.747,17.696,0.0027977,0,0.6,0,1.5139,14.298,0.00099175,58736,61039.0,6.5298,297.97,191.72,0.13981,5.0,,22,,0.063777,0.20371,,,0.05318,0,,0,0,2,62,62,0,62.0,21384.0
3.4,30,100,15,0.0,18.4,15.428,0.00027977,0,0.6,0,1.5465,14.272,0.0009912,58738,61046.0,6.5254,297.98,191.96,0.14317,5.0,,22,,0.072174,0.20355,,,0.054459,0,,0,0,2,62,62,0,62.0,21879.0
3.6,30,100,15,0.0,8.8173,14.804,0.0001,0,0.6,0,1.5767,14.24,0.00099068,58739,61052.0,6.5094,297.98,193.66,0.14665,5.0,,22,,0.082829,0.20334,,,0.055784,0,,0,0,2,62,62,0,62.0,22208.0
3.8,30,100,15,0.0,5.6236,16.035,0.0001,0,0.6,0,1.6043,14.203,0.00099017,58738,61056.0,6.4898,297.99,196.47,0.15027,5.0,,22,,0.095257,0.2031,,,0.057159,0,,0,0,2,62,62,0,62.0,21203.0
4.0,30,100,15,0.0,10.22,18.873,0.0001,0,0.6,0,1.6285,14.167,0.00098965,58739,61062.0,6.4773,298.0,199.52,0.15402,5.0,,22,,0.10774,0.20286,,,0.058589,0,,0,0,2,62,62,0,62.0,21699.0
4.2,30,100,15,0.0,19.799,22.383,0.0001,0,0.6,0,1.6773,14.123,0.00098909,58742,61071.0,6.4755,298.02,202.87,0.15792,5.0,,30,,0.11811,0.20266,,,0.060071,0,,0,0,2,62,62,0,62.0,21527.0
4.4,30,100,15,0.0,30.101,26.695,0.0001,0,0.6,0,1.7233,14.092,0.0009885,58746,61082.0,6.4843,298.03,205.94,0.16194,5.0,,30,,0.12832,0.20246,,,0.061602,0,,0,0,2,62,62,0,62.0,22689.0
4.6,30,100,15,0.0,36.865,31.106,0.0001,0,0.6,0,1.7665,14.062,0.00098788,58752,61094.0,6.4984,298.04,208.33,0.16609,5.0,,30,,0.13768,0.20228,,,0.063181,0,,0,0,2,62,62,0,62.0,21518.0
4.8,30,100,15,0.0,38.015,35.076,0.0001,0,0.6,0,1.8068,14.03,0.00098727,58759,61107.0,6.5119,298.05,211.44,0.17037,5.0,,30,,0.14692,0.2021,,,0.064809,0,,0,0,2,62,62,0,62.0,21680.0
5.0,30,100,15,0.0,33.756,40.326,0.0001,0,0.6,0,1.8441,13.983,0.00098667,58764,61119.0,6.519,298.06,214.06,0.17478,5.0,,30,,0.16202,0.2018,,,0.066488,0,,0,0,2,62,62,0,62.0,21509.0
5.2,30,100,15,0.0,26.684,45.351,0.0001,0,0.6,0,1.879,13.94,0.00098611,58767,61128.0,6.5177,298.07,216.59,0.17932,0.0,,30,,0.17746,0.2015,,,0.068215,0,,0,0,2,62,62,0,62.0,22337.0
5.4,30,100,15,0.0,20.164,50.637,0.0001,0,0.6,0,1.9104,13.894,0.00098557,58769,61136.0,6.5086,298.08,219.68,0.18401,0.0,,30,,0.19191,0.20122,,,0.069999,0,,0,0,2,62,62,0,62.0,22499.0
5.6,30,100,15,0.0,17.286,56.997,0.0001,0,0.6,0,1.938,13.837,0.00098504,58770,61143.0,6.4967,298.09,221.82,0.18887,0.0,,30,,0.21078,0.20086,,,0.071851,0,,0,0,2,62,62,0,62.0,22328.0
5.8,30,100,15,0.0,19.135,62.549,0.0001,0,0.6,0,1.9612,13.783,0.0009845,58771,61151.0,6.4868,298.09,223.29,0.19392,0.0,,30,,0.22909,0.2005,,,0.073772,0,,0,0,2,62,62,0,62.0,20989.0
6.0,30,100,15,0.0,24.931,67.585,0.0001,0,0.6,0,1.9808,13.726,0.00098394,58774,61160.0,6.4824,298.1,225.79,0.19914,0.0,,30,,0.24941,0.20011,,,0.075762,0,,0,0,2,62,62,0,62.0,21318.0
6.2,30,100,15,0.0,32.485,74.148,0.0001,0,0.6,0,1.9956,13.659,0.00098336,58778,61170.0,6.4861,298.12,229.84,0.20457,0.0,,30,,0.27261,0.19966,,,0.077825,0,,0,0,2,62,62,0,62.0,22647.0
6.4,30,100,15,0.0,38.534,83.002,0.0001,0,0.6,0,2.0059,13.607,0.00098276,58783,61182.0,6.4937,298.13,233.67,0.2102,0.0,,30,,0.28953,0.19933,,,0.07997,0,,0,0,2,62,62,0,62.0,21475.0
6.6,30,100,15,0.0,41.546,92.092,0.0001,0,0.6,0,2.0123,13.569,0.00098215,58789,61194.0,6.5033,298.14,236.25,0.21604,0.0,,30,,0.29934,0.19914,,,0.082192,0,,0,0,2,62,62,0,62.0,21803.0
6.8,30,100,15,0.0,40.75,100.13,0.0001,0,0.6,0,2.0146,13.499,0.00098154,58795,61206.0,6.5112,298.15,238.83,0.22207,0.0,,30,,0.31992,0.19873,,,0.084489,0,,0,0,2,62,62,0,62.0,21299.0
7.0,30,100,15,0.0,36.808,108.55,0.0001,0,0.6,0,2.0137,13.44,0.00098095,58800,61218.0,6.5118,298.16,241.83,0.22831,0.0,,30,,0.33843,0.19837,,,0.086865,0,,0,0,2,62,62,0,62.0,21794.0
7.2,30,100,15,0.0,32.645,117.88,0.0001,0,0.6,0,2.0078,13.391,0.00098037,58804,61228.0,6.5069,298.17,244.11,0.23476,0.0,,30,,0.35149,0.19811,,,0.08932,0,,0,0,2,62,62,0,62.0,21289.0
7.4,30,100,15,0.0,30.433,126.68,0.0001,0,0.6,0,1.9962,13.323,0.00097979,58808,61238.0,6.4992,298.18,246.25,0.24143,0.0,,30,,0.36997,0.19775,,,0.091858,0,,0,0,2,62,62,0,62.0,21950.0
7.6,30,100,15,0.0,31.289,135.64,0.0001,0,0.6,0,1.9807,13.259,0.00097922,58812,61248.0,6.4926,298.18,248.31,0.24831,0.0,,30,,0.38993,0.19736,,,0.094476,0,,0,0,2,62,62,0,62.0,20946.0
7.8,30,100,15,0.0,34.779,144.81,0.0001,0,0.6,0,1.9595,13.184,0.00097863,58816,61259.0,6.4904,298.18,248.42,0.2554,0.0,,30,,0.41298,0.19691,,,0.097177,0,,0,0,2,62,62,0,62.0,21941.0
8.0,30,100,15,0.0,39.135,151.77,0.0001,0,0.6,0,1.9324,13.101,0.00097802,58822,61270.0,6.4917,298.19,249.46,0.26275,0.0,,30,,0.43821,0.19641,,,0.099976,0,,0,0,2,62,62,0,62.0,21102.0
8.2,42,100,15,0.0,42.983,159.99,0.0001,0,0.6,0,1.9003,13.237,0.00097741,58828,61283.0,6.4974,298.19,250.92,0.21094,0.0,,30,,0.38915,0.19955,,,0.11235,0,,0,0,2,62,62,0,62.0,21430.0
8.4,42,100,15,0.0,44.511,168.86,0.0001,0,0.6,0,1.8623,13.168,0.00097679,58834,61296.0,6.5018,298.2,253.98,0.21005,0.0,,30,,0.36833,0.19983,,,0.11188,0,,0,0,2,62,62,0,62.0,21759.0
8.6,42,100,15,0.0,44.333,179.96,0.0001,0,0.6,0,1.818,13.077,0.00097617,58841,61308.0,6.5048,298.23,260.39,0.21517,0.0,,30,,0.39422,0.19947,,,0.11461,0,,0,0,2,62,62,0,62.0,20754.0
8.8,42,100,15,0.0,42.919,195.7,0.0001,0,0.6,0,1.7679,12.988,0.00097556,58847,61321.0,6.5052,298.24,264.6,0.22119,0.0,,30,,0.42294,0.19907,,,0.11781,0,,0,0,2,62,62,0,62.0,21415.0
9.0,42,100,15,0.0,41.359,209.44,0.0001,0,0.6,0,1.7124,12.906,0.00097495,58853,61333.0,6.5017,298.23,261.65,0.2275,0.0,,30,,0.45025,0.19869,,,0.12118,0,,0,0,2,62,62,0,62.0,20910.0
9.2,42,100,15,0.0,41.192,214.7,0.0001,0,0.6,0,1.6509,12.824,0.00097434,58859,61345.0,6.4974,298.23,261.71,0.23403,0.0,,30,,0.47463,0.19835,,,0.12466,0,,0,0,2,62,62,0,62.0,21905.0
9.4,42,100,15,0.0,42.737,223.58,0.0001,0,0.6,0,1.5837,12.737,0.00097373,58865,61357.0,6.4951,298.23,260.64,0.24077,0.0,,30,,0.50398,0.19794,,,0.12825,0,,0,0,2,62,62,0,62.0,21400.0
9.6,42,100,15,0.0,45.214,230.96,0.0001,0,0.6,0,1.5093,12.636,0.0009731,58871,61370.0,6.4944,298.23,262.16,0.24775,0.0,,30,,0.53599,0.19749,,,0.13197,0,,0,0,2,62,62,0,62.0,21061.0
9.8,42,100,15,0.0,47.969,241.52,0.0001,0,0.6,0,1.4288,12.545,0.00097247,58878,61384.0,6.4943,298.26,268.36,0.25496,0.0,,30,,0.56681,0.19706,,,0.13582,0,,0,0,2,62,62,0,62.0,21889.0
10.0,42,100,15,0.0,50.77,258.16,0.0001,0,0.6,0,1.3418,12.462,0.00097183,58886,61398.0,6.4936,298.29,276.74,0.2624,0.0,,30,,0.58911,0.19674,,,0.13978,0,,0,0,2,62,62,0,62.0,21384.0
10.2,42,100,15,0.0,53.849,278.3,0.0001,0,0.6,0,1.2471,12.347,0.00097118,58895,61412.0,6.4919,298.32,286.67,0.27008,0.0,,30,,0.62736,0.19621,,,0.14387,0,,0,0,2,62,62,0,62.0,21212.0
10.4,42,100,15,0.0,57.619,301.5,0.0001,0,0.6,0,1.1437,12.236,0.00097052,58904,61428.0,6.487,298.37,298.35,0.27804,0.0,,30,,0.66014,0.19575,,,0.14812,0,,0,0,2,62,62,0,62.0,21207.0
10.6,42,100,15,0.0,63.354,328.25,0.0001,0,0.6,0,1.0333,12.139,0.00096984,58914,61444.0,6.4868,298.39,304.42,0.28627,0.0,,30,,0.68874,0.19535,,,0.1525,0,,0,0,2,62,62,0,62.0,22202.0
10.8,42,100,15,0.0,69.154,349.45,0.0001,0,0.6,0,0.91488,12.023,0.00096913,58925,61462.0,6.4872,298.39,305.4,0.29476,0.0,,30,,0.72708,0.19481,,,0.15703,0,,0,0,2,62,62,0,62.0,21196.0
11.0,42,100,15,0.0,74.804,365.16,0.0001,0,0.6,0,0.78846,11.905,0.00096841,58938,61481.0,6.4892,298.4,308.07,0.3035,0.0,,30,,0.7676,0.19424,,,0.16169,0,,0,0,2,62,62,0,62.0,21691.0
11.2,42,100,15,0.0,79.654,383.29,0.0001,0,0.6,0,0.65364,11.783,0.00096768,58951,61500.0,6.492,298.4,307.78,0.31253,0.0,,30,,0.80572,0.1937,,,0.1665,0,,0,0,2,62,62,0,62.0,21352.0
11.4,42,100,15,0.0,83.366,397.99,0.0001,0,0.6,0,0.51204,11.691,0.00096693,58965,61521.0,6.4954,298.39,303.15,0.32182,0.0,,30,,0.83032,0.19335,,,0.17146,0,,0,0,2,62,62,0,62.0,22514.0
11.6,42,100,15,0.0,85.709,407.23,0.0001,0,0.6,0,0.36521,11.598,0.00096618,58980,61542.0,6.501,298.35,294.61,0.33134,0.0,,30,,0.85805,0.19295,,,0.17654,0,,0,0,2,62,62,0,62.0,21842.0
11.8,42,100,15,0.0,85.807,410.99,0.0001,0,0.6,0,0.21579,11.533,0.00096543,58995,61563.0,6.5051,298.31,283.41,0.34106,0.0,,30,,0.87766,0.19266,,,0.18172,0,,0,0,2,62,62,0,62.0,20669.0
12.0,42,100,15,0.0,84.292,410.3,0.0001,0,0.6,0,0.075575,11.625,0.00096468,59009,61583.0,6.5114,298.23,259.92,0.35083,0.0,1484.7,30,1928.0,0.87193,0.19272,0.00096768,2.9351,0.18693,0,10.788,0,0,2,62,62,0,62.0,21331.0
12.2,42,100,30,0.0,80.236,392.57,0.0001,0,0.6,0,0.017756,12.335,0.00096391,59026,61607.0,6.5273,298.13,234.54,0.35988,0.0,,30,,0.71388,0.19486,,,0.19175,0,,0,0,2,62,62,0,62.0,22158.0
12.4,42,100,30,0.0,69.813,369.55,0.0001,0,0.6,0,0.013701,12.548,0.00096317,59040,61629.0,6.5503,297.99,194.7,0.3671,0.0,,30,,0.53474,0.19727,,,0.1956,0,,0,0,2,62,62,0,62.0,22153.0
12.6,42,100,30,0.51774,34.906,324.77,0.0001,0,0.7,0,0.013224,13.367,0.00096256,59048,61644.0,6.5436,297.88,165.52,0.37359,0.0,,30,,0.50888,0.19761,,,0.19906,0,,0,0,2,62,62,0,62.0,21314.0
12.8,42,100,30,0.0,18.101,97.43,344.31,0,0.7,0,0.012928,13.35,0.00096198,59052,61655.0,6.5202,299.12,503.08,0.37995,0.0,,30,,0.50077,0.19771,,,0.20246,0,,0,0,2,62,62,0,62.0,21475.0
13.0,42,100,30,0.0,10.603,521.27,34.431,0,0.7,0,0.012473,13.336,0.0009614,59055,61665.0,6.4904,298.89,439.9,0.38626,0.0,,30,,0.49935,0.19771,,,0.20582,0,,0,0,2,62,62,0,62.0,21803.0
13.2,42,100,30,0.0,15.005,473.94,3.4431,0,0.7,0,0.011897,13.335,0.00096082,59058,61675.0,6.4685,298.61,363.31,0.39252,0.0,,30,,0.49368,0.19778,,,0.20916,0,,0,0,2,62,62,0,62.0,21798.0
13.4,42,100,30,0.0,28.105,411.97,0.34431,0,0.7,0,0.011796,13.305,0.00096021,59064,61688.0,6.4622,298.39,303.97,0.39876,0.0,,30,,0.49852,0.1977,,,0.21249,0,,0,0,2,62,62,0,62.0,20792.0
13.6,42,100,30,0.0,43.707,361.69,0.034431,0,0.7,0,0.011492,13.31,0.00095955,59073,61705.0,6.4726,298.24,264.81,0.40499,0.0,,30,,0.48931,0.19781,,,0.21582,0,,0,0,2,62,62,0,62.0,21120.0
13.8,42,100,30,0.0,55.143,328.31,0.0034431,0,0.7,0,0.011295,13.287,0.00095886,59085,61724.0,6.4905,298.13,232.82,0.41122,0.0,,30,,0.48964,0.1978,,,0.21914,0,,0,0,2,62,62,0,62.0,21781.0
14.0,42,100,30,0.0,59.419,298.09,0.00034431,0,0.7,0,0.011236,13.256,0.00095815,59097,61743.0,6.511,298.04,210.18,0.41746,0.0,,30,,0.49679,0.19769,,,0.22247,0,,0,0,2,62,62,0,62.0,22443.0
14.2,42,100,30,0.0,55.548,275.1,0.0001,0,0.7,0,0.010962,13.235,0.00095747,59109,61762.0,6.5287,297.99,194.59,0.4237,0.0,,30,,0.50201,0.1976,,,0.2258,0,,0,0,2,62,62,0,62.0,21104.0
14.4,42,100,30,0.0,44.614,257.68,0.0001,0,0.7,0,0.010912,13.202,0.00095683,59119,61779.0,6.5374,297.95,184.92,0.42994,0.0,,30,,0.5058,0.19754,,,0.22913,0,,0,0,2,62,62,0,62.0,21098.0
14.6,42,100,30,0.0,30.212,245.4,0.0001,0,0.7,0,0.010532,13.177,0.00095623,59125,61793.0,6.53,297.91,173.46,0.4362,0.0,,30,,0.50729,0.19751,,,0.23247,0,,0,0,2,62,62,0,62.0,21426.0
14.8,42,100,30,0.0,18.773,73.621,267.17,0,0.7,0,0.010492,13.151,0.00095565,59130,61804.0,6.5091,298.91,446.67,0.44245,0.0,,30,,0.5111,0.19744,,,0.2358,0,,0,0,2,62,62,0,62.0,21254.0
15.0,42,100,30,0.0,15.717,415.93,26.717,0,0.7,0,0.010354,13.127,0.00095508,59133,61815.0,6.4859,298.74,399.1,0.4487,0.0,,30,,0.51032,0.19744,,,0.23913,0,,0,0,2,62,62,0,62.0,21915.0
15.2,42,100,30,0.0,21.905,382.45,2.6717,0,0.7,0,0.010117,13.111,0.00095448,59138,61827.0,6.4724,298.51,336.26,0.45494,0.0,,30,,0.51199,0.19741,,,0.24247,0,,0,0,2,62,62,0,62.0,21243.0
15.4,42,100,30,0.0,33.452,331.97,0.26717,0,0.7,0,0.010001,13.079,0.00095387,59145,61842.0,6.4722,298.32,286.04,0.4612,0.0,,30,,0.51837,0.19731,,,0.24581,0,,0,0,2,62,62,0,62.0,21904.0
15.6,42,100,30,0.0,45.038,289.22,0.026717,0,0.7,0,0.010107,13.033,0.00095321,59155,61858.0,6.4836,298.18,245.95,0.4675,0.0,,30,,0.5308,0.19713,,,0.24917,0,,0,0,2,62,62,0,62.0,21732.0
15.8,42,100,30,0.0,52.091,252.04,0.0026717,0,0.7,0,0.0099757,13.029,0.00095255,59166,61877.0,6.5011,298.07,216.16,0.4738,0.0,,30,,0.52904,0.19714,,,0.25253,0,,0,0,2,62,62,0,62.0,21393.0
16.0,42,100,30,0.0,52.159,222.11,0.00026717,0,0.7,0,0.009744,13.01,0.00095189,59177,61895.0,6.5191,297.99,195.55,0.48008,0.0,,30,,0.53303,0.19707,,,0.25588,0,,0,0,2,62,62,0,62.0,20887.0
16.2,42,100,75,0.0,45.033,199.4,0.0001,0,0.7,0,0.032324,11.774,0.0009511,59195,61925.0,6.5107,298.04,208.4,0.48784,0.0,,35,,0.8354,0.19296,,,0.26003,0,,0,0,2,62,62,0,62.0,21715.0
16.4,42,100,75,0.0,41.367,215.85,0.0001,0,0.7,0,0.031359,11.659,0.00095032,59213,61954.0,6.4937,298.08,221.06,0.49727,0.0,,35,,0.94423,0.19145,,,0.26506,0,,0,0,2,62,62,0,62.0,21210.0
16.6,42,100,75,0.0,44.444,232.91,0.0001,0,0.7,0,0.029938,11.579,0.00094953,59232,61983.0,6.4819,298.11,229.18,0.50706,0.0,,35,,0.98316,0.1909,,,0.27028,0,,0,0,2,62,62,0,62.0,21204.0
16.8,42,100,75,0.0,52.174,245.98,0.0001,0,0.7,0,0.028063,11.519,0.00094871,59252,62014.0,6.4745,298.14,237.13,0.51699,0.0,,35,,1.0007,0.19064,,,0.27558,0,,0,0,2,62,62,0,62.0,21532.0
17.0,42,100,75,0.0,62.885,260.06,0.0001,0,0.7,0,0.027513,11.469,0.00094786,59274,62048.0,6.4741,298.17,243.23,0.52699,0.0,,35,,1.0069,0.19053,,,0.28092,0,,0,0,2,62,62,0,62.0,20693.0
17.2,42,100,75,0.0,73.737,272.9,0.0001,0,0.7,0,0.027251,11.395,0.00094698,59298,62083.0,6.4797,298.17,243.29,0.53708,0.0,,35,,1.0236,0.19029,,,0.28631,0,,0,0,2,62,62,0,62.0,21187.0
17.4,42,100,75,0.0,82.365,279.02,0.0001,0,0.7,0,0.026454,11.344,0.00094606,59324,62121.0,6.4884,298.17,245.07,0.54726,0.0,,35,,1.0366,0.19009,,,0.29174,0,,0,0,2,62,62,0,62.0,21681.0
17.6,42,100,75,0.0,87.531,287.48,0.0001,0,0.7,0,0.025699,11.295,0.00094514,59351,62159.0,6.4963,298.17,243.39,0.5575,0.0,,35,,1.0457,0.18994,,,0.29721,0,,0,0,2,62,62,0,62.0,21342.0
17.8,42,100,75,0.0,89.522,291.77,0.0001,0,0.7,0,0.024249,11.24,0.00094421,59379,62198.0,6.5037,298.17,245.03,0.5678,0.0,,35,,1.06,0.18973,,,0.30271,0,,0,0,2,62,62,0,62.0,20837.0
18.0,42,100,75,0.0,88.575,300.1,0.0001,0,0.7,0,0.023217,11.207,0.00094328,59406,62237.0,6.5107,298.18,246.19,0.57811,0.0,,35,,1.0666,0.18962,,,0.30821,0,,0,0,2,62,62,0,62.0,21164.0
18.2,42,100,75,0.0,84.814,307.98,0.0001,0,0.7,0,0.022672,11.121,0.00094237,59432,62275.0,6.5155,298.17,243.83,0.58849,0.0,,35,,1.0841,0.18936,,,0.31375,0,,0,0,2,62,62,0,62.0,20659.0
18.4,42,100,75,0.0,79.141,311.6,0.0001,0,0.7,0,0.02177,11.046,0.00094148,59458,62312.0,6.5168,298.13,233.26,0.59895,0.0,,35,,1.1058,0.18904,,,0.31934,0,,0,0,2,62,62,0,62.0,21819.0
18.6,42,100,75,0.0,72.954,304.67,0.0001,0,0.7,0,0.02073,11.006,0.00094061,59482,62347.0,6.517,298.1,226.45,0.60945,0.0,,35,,1.1148,0.1889,,,0.32495,0,,0,0,2,62,62,0,62.0,21480.0
18.8,42,100,75,0.0,66.678,301.26,0.0001,0,0.7,0,0.020012,10.94,0.00093976,59505,62382.0,6.5134,298.1,225.3,0.61998,0.0,,35,,1.1303,0.18866,,,0.33057,0,,0,0,2,62,62,0,62.0,21475.0
19.0,42,100,75,0.0,61.87,303.93,0.0001,0,0.7,0,0.019684,10.859,0.00093892,59527,62415.0,6.5061,298.11,228.7,0.63056,0.0,,35,,1.1506,0.18836,,,0.33622,0,,0,0,2,62,62,0,62.0,21469.0
19.2,42,100,75,0.0,59.966,311.99,0.0001,0,0.7,0,0.018455,10.819,0.00093809,59548,62448.0,6.4982,298.11,228.98,0.64119,0.0,,35,,1.1638,0.18816,,,0.3419,0,,0,0,2,62,62,0,62.0,20963.0
19.4,42,100,75,0.0,61.193,316.46,0.0001,0,0.7,0,0.017816,10.78,0.00093726,59570,62482.0,6.4927,298.1,225.07,0.6518,0.0,,35,,1.1719,0.18803,,,0.34757,0,,0,0,2,62,62,0,62.0,21457.0
19.6,42,100,75,0.0,64.611,315.83,0.0001,0,0.7,0,0.017509,10.709,0.00093642,59593,62516.0,6.4908,298.1,225.42,0.66245,0.0,,35,,1.1856,0.18782,,,0.35326,0,,0,0,2,62,62,0,62.0,21118.0
19.8,42,100,75,0.0,68.797,320.1,0.0001,0,0.7,0,0.017026,10.651,0.00093557,59616,62551.0,6.4921,298.11,227.39,0.67316,0.0,,35,,1.2025,0.18757,,,0.35898,0,,0,0,2,62,62,0,62.0,21779.0
20.0,42,100,75,0.0,72.464,326.34,0.0001,0,0.7,0,0.01572,10.659,0.0009347,59640,62586.0,6.4972,298.1,225.38,0.68385,0.0,,35,,1.1981,0.18761,,,0.36469,0,,0,0,2,62,62,0,62.0,20273.0
20.2,55,100,150,0.0,74.086,327.81,0.0001,0,0.7,0,0.061076,9.6034,0.0009336,59679,62643.0,6.4765,298.2,251.86,0.54994,0.0,,35,,1.5086,0.1885,,,0.38391,0,,0,0,2,62,62,0,62.0,21934.0
20.4,55,100,150,0.0,84.081,364.74,0.0001,0,0.7,0,0.060883,9.3927,0.00093246,59721,62701.0,6.454,298.31,282.25,0.55249,0.0,,35,,1.5907,0.18763,,,0.3857,0,,0,0,2,62,62,0,62.0,20761.0
20.6,55,100,150,0.0,103.01,409.35,0.0001,0,0.7,0,0.052586,9.3032,0.00093126,59766,62763.0,6.4383,298.39,304.49,0.56366,0.0,,35,,1.6274,0.18722,,,0.39351,0,,0,0,2,62,62,0,62.0,21256.0
20.8,55,100,150,0.0,128.2,447.78,0.0001,0,0.7,0,0.046467,9.2542,0.00092998,59816,62830.0,6.4284,298.41,311.05,0.57545,0.0,,35,,1.634,0.18713,,,0.40175,0,,0,0,2,62,62,0,62.0,21083.0
21.0,55,100,150,0.0,157.34,469.86,0.0001,0,0.7,0,0.041543,9.2014,0.00092861,59872,62903.0,6.4221,298.39,304.44,0.58735,0.0,,35,,1.6427,0.18701,,,0.41007,0,,0,0,2,62,62,0,62.0,21410.0
21.2,55,100,150,0.0,189.0,476.85,0.0001,0,0.7,0,0.036618,9.1633,0.00092715,59934,62981.0,6.4185,298.34,292.26,0.59931,0.0,,35,,1.6593,0.18681,,,0.41843,0,,0,0,2,62,62,0,62.0,21238.0
21.4,55,100,150,0.0,222.13,476.38,0.0001,0,0.7,0,0.034636,9.0587,0.00092559,60003,63067.0,6.4155,298.31,284.35,0.61135,0.0,,35,,1.6917,0.18645,,,0.42686,0,,0,0,2,62,62,0,62.0,22065.0
21.6,55,100,150,0.0,225.0,479.75,0.0001,0,0.7,0,0.034074,8.895,0.00092402,60072,63153.0,6.4121,298.34,292.43,0.62358,0.0,,35,,1.7453,0.18586,,,0.43541,0,,0,0,2,62,62,0,62.0,21226.0
21.8,55,100,150,0.0,225.0,501.78,0.0001,0,0.7,0,0.030435,8.8825,0.00092246,60142,63240.0,6.41,298.33,287.36,0.63589,0.0,,35,,1.7517,0.18577,,,0.44402,0,,0,0,2,62,62,0,62.0,21220.0
22.0,55,100,150,0.0,225.0,508.16,0.0001,0,0.7,0,0.028108,8.8224,0.0009209,60211,63326.0,6.409,298.3,279.06,0.6482,0.0,,35,,1.7652,0.1856,,,0.45263,0,,0,0,2,62,62,0,62.0,21714.0
22.2,55,100,150,0.0,225.0,510.23,0.0001,0,0.7,0,0.026343,8.7416,0.00091935,60280,63412.0,6.4083,298.3,278.98,0.66056,0.077232,,35,,1.7824,0.1854,,,0.46128,0,,0,0,2,62,62,0,62.0,21874.0
22.4,55,100,150,0.0,225.0,521.43,0.0001,0,0.7,0,0.025305,8.6519,0.0009178,60350,63498.0,6.4075,298.32,285.66,0.67301,0.47274,,35,,1.8002,0.18519,,,0.46999,0,,0,0,2,62,62,0,62.0,20701.0
22.6,55,100,150,0.0,225.0,540.75,0.0001,0,0.7,0,0.025096,8.5426,0.00091625,60420,63585.0,6.4062,298.38,301.98,0.68558,1.109,,35,,1.8224,0.18493,,,0.47878,0,,0,0,2,62,62,0,62.0,21195.0
22.8,55,100,150,0.0,225.0,572.66,0.0001,0,0.7,0,0.023355,8.5239,0.0009147,60489,63672.0,6.4056,298.42,313.2,0.69819,1.9069,,35,,1.8254,0.18487,,,0.4876,0,,0,0,2,62,62,0,62.0,20689.0
23.0,55,100,150,0.0,225.0,600.2,0.0001,0,0.7,0,0.022088,8.4545,0.00091315,60559,63758.0,6.4053,298.44,318.29,0.71082,2.7811,,35,,1.8375,0.18472,,,0.49644,0,,0,0,2,62,62,0,62.0,20850.0
23.2,55,100,150,0.0,225.0,621.8,0.0001,0,0.7,0,0.02153,8.3302,0.0009116,60629,63846.0,6.4042,298.46,325.82,0.72357,3.6606,,35,,1.8646,0.18441,,,0.50536,0,,0,0,2,62,62,0,62.0,21344.0
23.4,55,100,150,0.0,225.0,647.26,0.0001,0,0.7,0,0.020154,8.2799,0.00091005,60700,63933.0,6.4035,298.45,323.17,0.73639,4.4994,,35,,1.8806,0.18422,,,0.51434,0,,0,0,2,62,62,0,62.0,21671.0
23.6,55,100,150,0.0,225.0,661.14,0.0001,0,0.7,0,0.019095,8.232,0.0009085,60770,64020.0,6.4034,298.4,307.89,0.74922,5.2347,,35,,1.8893,0.1841,,,0.52331,0,,0,0,2,62,62,0,62.0,20831.0
23.8,55,100,150,0.0,225.0,659.49,0.0001,0,0.7,0,0.018897,8.1454,0.00090696,60841,64108.0,6.4029,298.35,293.72,0.76208,5.8431,,35,,1.9084,0.18387,,,0.53232,0,,0,0,2,62,62,0,62.0,20992.0
24.0,55,100,150,0.0,225.0,657.52,0.0001,0,0.7,0,0.017819,8.1236,0.00090542,60911,64195.0,6.403,298.31,282.12,0.77495,6.3101,1185.1,35,1922.9,1.9172,0.18376,0.0009116,9.156,0.54132,0,22.087,0,0,2,62,62,0,62.0,20152.0
24.2,55,100,30,0.0,225.0,656.79,0.0001,0,0.7,0,0.0026589,11.902,0.023123,60958,64251.0,6.4447,297.93,175.36,0.78277,6.6248,,35,,0.86453,0.19476,,,0.5468,0,,0,0,2,62,62,0,62.0,20588.0
24.4,55,100,30,0.0,225.0,197.04,773.87,0,0.7,0,0.0028088,11.868,0.047816,61004,64306.0,6.4845,300.34,858.04,0.78745,6.6923,,35,,0.73024,0.19613,,,0.55008,0,,0,0,2,62,62,0,62.0,22203.0
24.6,55,100,30,0.0,225.0,1029.7,77.387,0,0.7,0,0.0027935,11.831,0.071972,61051,64360.0,6.52,299.72,682.52,0.79197,6.6522,,35,,0.73017,0.19613,,,0.55324,0,,0,0,2,62,62,0,62.0,21482.0
24.8,55,100,30,0.0,217.52,885.62,7.7387,0,0.7,0,0.002783,11.791,0.096479,61095,64414.0,6.551,299.05,491.63,0.7965,6.5003,,35,,0.73927,0.19602,,,0.55641,0,,0,0,2,62,62,0,62.0,21096.0
25.0,55,100,30,0.51768,108.76,722.5,0.77387,0,0.7,0,0.0027118,11.673,0.12178,61119,64445.0,6.5744,298.62,369.3,0.80097,6.2669,,35,,0.76497,0.19575,,,0.55954,0,,0,0,2,62,62,0,62.0,21714.0
25.2,55,100,30,1.0361,54.381,618.05,0.077387,0,0.8,0,0.0027029,12.417,0.1473,61131,64466.0,6.578,298.32,284.03,0.80541,5.9531,,35,,0.79537,0.19543,,,0.56265,0,,0,0,2,62,62,0,62.0,22167.0
25.4,55,100,30,1.5567,27.191,540.76,0.0077387,0,0.8,0,0.0026343,12.393,0.17351,61138,64482.0,6.5526,298.08,217.12,0.80981,5.5963,,35,,0.78832,0.19549,,,0.56573,0,,0,0,2,62,62,0,62.0,22289.0
25.6,55,100,30,2.0801,13.595,473.56,0.00077387,0,0.8,0,0.0025905,12.355,0.20012,61143,64495.0,6.5102,297.9,164.62,0.81419,5.2398,,35,,0.79067,0.19546,,,0.5688,0,,0,0,2,62,62,0,62.0,22413.0
25.8,55,100,30,0.0,10.092,142.07,490.8,0,0.8,0,0.0025392,12.359,0.2275,61146,64507.0,6.4706,299.5,620.6,0.81851,4.9119,,35,,0.78599,0.1955,,,0.57182,0,,0,0,2,62,62,0,62.0,22542.0
26.0,55,100,30,0.0,22.38,693.84,49.08,0,0.8,0,0.0025175,12.336,0.25522,61152,64521.0,6.4482,299.17,524.99,0.8228,4.6368,,35,,0.78871,0.19546,,,0.57482,0,,0,0,2,62,62,0,62.0,21505.0
26.2,55,100,30,0.0,43.568,621.95,4.908,0,0.8,0,0.0025009,12.337,0.28323,61161,64539.0,6.4491,298.81,424.61,0.82709,4.4265,,35,,0.78437,0.1955,,,0.57783,0,,0,0,2,62,62,0,62.0,21803.0
26.4,55,100,30,0.0,64.367,546.24,0.4908,0,0.8,0,0.0025118,12.32,0.31118,61175,64561.0,6.4664,298.55,350.13,0.8314,4.2907,,35,,0.78702,0.19546,,,0.58084,0,,0,0,2,62,62,0,62.0,22600.0
26.6,55,100,30,0.0,78.269,488.88,0.04908,0,0.8,0,0.0024983,12.315,0.33935,61192,64587.0,6.4898,298.34,291.69,0.8357,4.2268,,35,,0.7913,0.19541,,,0.58386,0,,0,0,2,62,62,0,62.0,22899.0
26.8,55,100,30,0.0,82.86,440.53,0.004908,0,0.8,0,0.0024731,12.313,0.36798,61210,64613.0,6.5133,298.19,247.36,0.83997,4.2303,,35,,0.78692,0.19545,,,0.58685,0,,0,0,2,62,62,0,62.0,23366.0
27.0,55,100,30,0.0,78.064,401.18,0.0004908,0,0.8,0,0.0024382,12.311,0.39701,61227,64638.0,6.532,298.03,201.92,0.8442,4.2939,,35,,0.78072,0.1955,,,0.58981,0,,0,0,2,62,62,0,62.0,22669.0
27.2,55,100,30,0.0,65.785,354.28,0.0001,0,0.8,0,0.0024193,12.268,0.42644,61241,64661.0,6.5431,297.88,158.68,0.84841,4.3954,,35,,0.78521,0.19545,,,0.59276,0,,0,0,2,62,62,0,62.0,22974.0
27.4,55,100,30,0.0,49.106,106.28,384.55,0,0.8,0,0.0024473,12.206,0.45606,61252,64681.0,6.5422,299.17,525.38,0.85262,4.5275,,35,,0.80383,0.19525,,,0.5957,0,,0,0,2,62,62,0,62.0,23113.0
27.6,55,100,30,0.0,32.785,547.55,38.455,0,0.8,0,0.0024486,12.165,0.4857,61260,64697.0,6.5256,298.96,466.3,0.85683,4.6722,,35,,0.8077,0.1952,,,0.59865,0,,0,0,2,62,62,0,62.0,22919.0
27.8,55,100,30,0.0,23.105,509.97,3.8455,0,0.8,0,0.0023867,12.141,0.51597,61266,64711.0,6.4976,298.7,392.81,0.86101,4.8068,,35,,0.81136,0.19515,,,0.60158,0,,0,0,2,62,62,0,62.0,24228.0
28.0,55,100,30,0.0,24.604,458.36,0.38455,0,0.8,0,0.0023693,12.108,0.54659,61272,64726.0,6.4737,298.46,325.54,0.86519,4.9372,,35,,0.81637,0.19509,,,0.60451,0,,0,0,2,62,62,0,62.0,23206.0
28.2,55,100,37,0.0,35.633,405.01,0.038455,0,0.8,0,0.0028441,11.799,0.57371,61282,64745.0,6.4611,298.31,281.99,0.86978,5.0616,,35,,0.89251,0.1943,,,0.60772,0,,0,0,2,62,62,0,62.0,24332.0
28.4,55,100,37,0.0,51.68,371.4,0.0038455,0,0.8,0,0.0027969,11.821,0.60129,61295,64767.0,6.4638,298.2,251.36,0.87456,5.1372,,35,,0.89178,0.1943,,,0.61107,0,,0,0,2,62,62,0,62.0,24128.0
28.6,55,100,37,0.0,66.634,347.09,0.00038455,0,0.8,0,0.002751,11.843,0.62942,61311,64792.0,6.4778,298.12,227.01,0.8793,5.2016,,35,,0.88139,0.1944,,,0.61439,0,,0,0,2,62,62,0,62.0,23760.0
28.8,55,100,37,0.0,76.005,326.03,0.0001,0,0.8,0,0.002788,11.813,0.65743,61329,64819.0,6.4956,298.05,208.14,0.88404,5.2542,,35,,0.88259,0.19437,,,0.61771,0,,0,0,2,62,62,0,62.0,23224.0
29.0,55,100,37,0.0,78.29,308.24,0.0001,0,0.8,0,0.002789,11.805,0.68567,61348,64847.0,6.514,297.98,188.84,0.8888,5.2844,,35,,0.86995,0.19449,,,0.62105,0,,0,0,2,62,62,0,62.0,23857.0
29.2,55,100,37,0.0,73.194,287.3,0.0001,0,0.8,0,0.0027478,11.794,0.7144,61365,64873.0,6.5288,297.93,173.78,0.89353,5.2968,,35,,0.86612,0.19452,,,0.62436,0,,0,0,2,62,62,0,62.0,24492.0
29.4,55,100,37,0.0,62.204,86.191,300.02,0,0.8,0,0.0028117,11.737,0.74269,61380,64897.0,6.5374,298.99,477.28,0.89827,5.3062,,35,,0.86957,0.19448,,,0.62768,0,,0,0,2,62,62,0,62.0,24791.0
29.6,55,100,37,0.0,47.787,451.04,30.002,0,0.8,0,0.0027995,11.678,0.771,61392,64919.0,6.5353,298.91,451.94,0.90303,5.2934,,35,,0.88751,0.19429,,,0.63101,0,,0,0,2,62,62,0,62.0,25090.0
29.8,55,100,37,0.0,34.21,449.74,3.0002,0,0.8,0,0.0027851,11.614,0.79953,61402,64937.0,6.518,298.74,405.27,0.90779,5.2634,,35,,0.90823,0.19406,,,0.63435,0,,0,0,2,62,62,0,62.0,25057.0
30.0,55,100,37,0.0,27.6,427.98,0.30002,0,0.8,0,0.0027296,11.596,0.82895,61410,64954.0,6.4946,298.58,359.79,0.91254,5.2306,,35,,0.90655,0.19407,,,0.63767,0,,0,0,2,62,62,0,62.0,25695.0
30.2,55,100,37,0.0,30.297,402.09,0.030002,0,0.9,0,0.0027041,12.427,0.85878,61419,64972.0,6.4792,298.44,317.66,0.91725,5.2102,,35,,0.90681,0.19406,,,0.64098,0,,0,0,2,62,62,0,62.0,24669.0
30.4,55,100,37,0.0,39.109,374.26,0.0030002,0,0.9,0,0.0026382,12.436,0.88947,61429,64992.0,6.4758,298.3,280.3,0.92192,5.2051,,35,,0.89802,0.19414,,,0.64425,0,,0,0,2,62,62,0,62.0,24646.0
30.6,55,100,37,0.0,49.259,346.57,0.00030002,0,0.9,0,0.0025629,12.473,0.92099,61442,65013.0,6.4807,298.2,249.37,0.92651,5.2171,,35,,0.88323,0.19428,,,0.64746,0,,0,0,2,62,62,0,62.0,25128.0
30.8,55,100,37,0.0,57.465,321.64,0.0001,0,0.9,0,0.0025537,12.471,0.95283,61456,65037.0,6.4933,298.1,220.98,0.93105,5.2441,,35,,0.87721,0.19434,,,0.65064,0,,0,0,2,62,62,0,62.0,25778.0
31.0,55,100,37,0.0,60.654,295.55,0.0001,0,0.9,0,0.0025713,12.42,0.9849,61471,65061.0,6.5045,298.03,201.65,0.93559,5.2829,,35,,0.89173,0.19418,,,0.65383,0,,0,0,2,62,62,0,62.0,24929.0
31.2,55,100,37,0.0,59.36,276.62,0.0001,0,0.9,0,0.0025712,12.406,1.0171,61486,65085.0,6.5133,297.98,186.35,0.94014,5.3296,,35,,0.88604,0.19423,,,0.65702,0,,0,0,2,62,62,0,62.0,26248.0
31.4,55,100,37,0.0,54.558,259.78,0.0001,0,0.9,0,0.002572,12.357,1.0494,61500,65107.0,6.519,297.92,171.67,0.94471,5.3845,,35,,0.89507,0.19413,,,0.66022,0,,0,0,2,62,62,0,62.0,26066.0
31.6,55,100,37,0.0,47.508,77.935,276.83,0,0.9,0,0.0025323,12.334,1.0823,61512,65129.0,6.5186,298.9,450.93,0.94926,5.4347,,35,,0.897,0.1941,,,0.6634,0,,0,0,2,62,62,0,62.0,25555.0
31.8,55,100,37,0.0,40.592,412.22,27.683,0,0.9,0,0.0025338,12.3,1.1154,61523,65149.0,6.5118,298.78,415.39,0.95379,5.4934,,35,,0.90119,0.19405,,,0.66658,0,,0,0,2,62,62,0,62.0,26378.0
32.0,55,100,37,0.0,36.397,395.83,2.7683,0,0.9,0,0.0025023,12.255,1.1489,61533,65168.0,6.5,298.59,360.99,0.95831,5.5467,,35,,0.91643,0.19388,,,0.66974,0,,0,0,2,62,62,0,62.0,25536.0
32.2,55,100,43,0.0,36.934,360.33,0.27683,0,0.9,0,0.0028803,11.969,1.179,61544,65189.0,6.4867,298.43,315.84,0.96317,5.6095,,35,,0.98799,0.19313,,,0.67315,0,,0,0,2,62,62,0,62.0,27177.0
32.4,55,100,43,0.0,42.767,329.36,0.027683,0,0.9,0,0.0028075,11.986,1.21,61557,65211.0,6.4802,298.31,282.07,0.96816,5.6151,,35,,0.98535,0.19315,,,0.67665,0,,0,0,2,62,62,0,62.0,27323.0
32.6,55,100,43,0.0,51.168,305.96,0.0027683,0,0.9,0,0.0027478,11.986,1.2421,61571,65234.0,6.4824,298.21,254.17,0.9731,5.6403,,35,,0.99015,0.19309,,,0.68011,0,,0,0,2,62,62,0,62.0,27141.0
32.8,55,100,43,0.0,58.705,284.91,0.00027683,0,0.9,0,0.0026949,11.991,1.2747,61587,65260.0,6.4893,298.14,233.86,0.97798,5.6801,,35,,0.98965,0.19308,,,0.68353,0,,0,0,2,62,62,0,62.0,28128.0
33.0,55,100,43,0.0,63.469,269.21,0.0001,0,0.9,0,0.0027056,11.956,1.3073,61604,65286.0,6.4984,298.08,217.0,0.98284,5.7252,,35,,0.99985,0.19297,,,0.68694,0,,0,0,2,62,62,0,62.0,28115.0
33.2,55,100,43,0.0,64.637,254.81,0.0001,0,0.9,0,0.0026978,11.954,1.3399,61621,65312.0,6.5087,298.04,203.75,0.98768,5.7656,,35,,1.0006,0.19295,,,0.69033,0,,0,0,2,62,62,0,62.0,26769.0
33.4,55,100,43,0.0,61.662,242.47,0.0001,0,0.9,0,0.0026928,11.919,1.3728,61637,65338.0,6.5184,298.01,195.36,0.9925,5.7922,,35,,1.0034,0.19291,,,0.69371,0,,0,0,2,62,62,0,62.0,27591.0
33.6,55,100,43,0.0,54.814,234.15,0.0001,0,0.9,0,0.0026314,11.928,1.4066,61652,65363.0,6.5231,297.99,190.17,0.99727,5.819,,35,,0.99063,0.19304,,,0.69705,0,,0,0,2,62,62,0,62.0,28750.0
33.8,55,100,43,0.0,46.094,228.45,0.0001,0,0.9,0,0.0025727,11.927,1.4411,61666,65386.0,6.5202,297.98,185.94,1.002,5.8567,,35,,0.98074,0.19313,,,0.70035,0,,0,0,2,62,62,0,62.0,27746.0
34.0,55,100,43,0.0,38.543,223.14,0.0001,0,0.9,0,0.0025655,11.896,1.4759,61678,65407.0,6.5109,297.97,184.16,1.0066,5.8933,,35,,0.97775,0.19315,,,0.70362,0,,0,0,2,62,62,0,62.0,28411.0
34.2,55,100,43,0.0,34.705,220.21,0.0001,0,0.9,0,0.0025726,11.839,1.511,61689,65427.0,6.4983,297.97,182.94,1.0113,5.9379,,35,,0.98719,0.19304,,,0.70691,0,,0,0,2,62,62,0,62.0,28910.0
34.4,55,100,43,0.0,35.913,217.65,0.0001,0,0.9,0,0.0025252,11.832,1.5466,61700,65448.0,6.4877,297.96,181.58,1.016,5.9824,,35,,0.99033,0.193,,,0.71018,0,,0,0,2,62,62,0,62.0,29245.0
34.6,55,100,43,0.0,41.341,214.75,0.0001,0,0.9,0,0.0024887,11.833,1.5828,61713,65470.0,6.4823,297.96,182.1,1.0206,6.0326,,35,,0.99154,0.19298,,,0.71342,0,,0,0,2,62,62,0,62.0,28416.0
34.8,55,100,43,0.0,48.913,213.94,0.0001,0,0.9,0,0.0024624,11.832,1.6193,61727,65493.0,6.4851,297.98,186.31,1.0252,6.0877,,35,,0.99134,0.19297,,,0.71663,0,,0,0,2,62,62,0,62.0,29089.0
35.0,55,100,43,0.0,55.362,217.57,0.0001,0,0.9,0,0.0024315,11.816,1.6559,61742,65518.0,6.4922,297.99,189.92,1.0297,6.1368,,35,,1.0015,0.19286,,,0.71981,0,,0,0,2,62,62,0,62.0,28429.0
35.2,55,100,43,0.0,59.002,220.92,0.0001,0,0.9,0,0.0024365,11.798,1.6925,61758,65543.0,6.5007,297.98,188.58,1.0343,6.1771,,35,,1.0039,0.19283,,,0.72299,0,,0,0,2,62,62,0,62.0,29769.0
35.4,55,100,43,0.0,59.22,218.83,0.0001,0,0.9,0,0.00245,11.765,1.7291,61774,65569.0,6.5085,297.99,189.65,1.0388,6.2087,,35,,1.0107,0.19275,,,0.72617,0,,0,0,2,62,62,0,62.0,29442.0
35.6,55,100,43,0.0,56.354,219.59,0.0001,0,0.9,0,0.0024545,11.741,1.766,61789,65593.0,6.514,297.98,187.85,1.0433,6.2353,,35,,1.0125,0.19272,,,0.72934,0,,0,0,2,62,62,0,62.0,28450.0
35.8,55,100,43,0.0,51.287,216.98,0.0001,0,0.9,0,0.002453,11.706,1.803,61804,65617.0,6.5138,297.98,185.98,1.0478,6.2615,,35,,1.017,0.19267,,,0.73251,0,,0,0,2,62,62,0,62.0,29292.0
36.0,55,100,43,0.0,46.291,214.12,0.0001,0,0.9,0,0.0024027,11.707,1.8406,61817,65640.0,6.5093,297.96,182.51,1.0523,6.2718,1199.0,35,1988.8,1.0077,0.19275,1.6925,12.968,0.73565,0,35.756,0,0,2,62,62,0,62.0,29637.0
36.2,55,100,47,0.0,43.086,209.12,0.0001,0,0.9,0,0.0025953,11.527,1.8768,61831,65663.0,6.4999,297.96,180.96,1.057,6.2893,,35,,1.0457,0.19235,,,0.73891,0,,0,0,2,62,62,0,62.0,30308.0
36.4,55,100,47,0.0,43.675,206.0,0.0001,0,0.9,0,0.0025703,11.512,1.9132,61845,65687.0,6.4909,297.94,175.85,1.0617,6.2901,,35,,1.0491,0.19231,,,0.74223,0,,0,0,2,62,62,0,62.0,30147.0
36.6,55,100,47,0.0,47.852,61.801,221.82,0,0.9,0,0.0025729,11.484,1.9497,61859,65711.0,6.4872,298.75,409.63,1.0664,6.2911,,35,,1.057,0.19222,,,0.74554,0,,0,0,2,62,62,0,62.0,30154.0
36.8,55,100,47,0.0,53.485,339.42,22.182,0,0.9,0,0.0025671,11.494,1.9861,61875,65736.0,6.4895,298.66,381.83,1.0712,6.282,,35,,1.0406,0.19238,,,0.74885,0,,0,0,2,62,62,0,62.0,30492.0
37.0,55,100,47,0.0,58.195,328.28,2.2182,0,0.9,0,0.0025611,11.474,2.0228,61891,65762.0,6.495,298.51,341.04,1.0759,6.2678,,35,,1.0345,0.19243,,,0.75217,0,,0,0,2,62,62,0,62.0,30832.0
37.2,55,100,47,0.0,60.722,304.8,0.22182,0,0.9,0,0.0025544,11.444,2.0596,61908,65789.0,6.503,298.38,301.99,1.0806,6.2663,,35,,1.0416,0.19235,,,0.75549,0,,0,0,2,62,62,0,62.0,30174.0
37.4,55,100,47,0.0,60.024,278.45,0.022182,0,0.9,0,0.0025961,11.38,2.0965,61925,65815.0,6.5087,298.29,277.75,1.0854,6.2685,,35,,1.0491,0.19226,,,0.75884,0,,0,0,2,62,62,0,62.0,31348.0
37.6,55,100,47,0.0,57.066,264.69,0.0022182,0,0.9,0,0.0026243,11.325,2.1333,61942,65841.0,6.5106,298.25,264.46,1.0902,6.2737,,35,,1.0566,0.19217,,,0.76223,0,,0,0,2,62,62,0,62.0,31189.0
37.8,55,100,47,0.0,53.366,260.5,0.00022182,0,0.9,0,0.0025997,11.29,2.1708,61957,65867.0,6.5111,298.19,246.86,1.0951,6.2899,,35,,1.0655,0.19207,,,0.76562,0,,0,0,2,62,62,0,62.0,31867.0
38.0,55,100,47,0.0,49.434,249.15,0.0001,0,0.9,0,0.0025625,11.28,2.209,61972,65891.0,6.5101,298.16,238.52,1.0999,6.3198,,35,,1.0609,0.19211,,,0.76899,0,,0,0,2,62,62,0,62.0,31548.0
38.2,55,100,47,0.0,45.926,246.69,0.0001,0,0.9,0,0.0025733,11.231,2.2472,61986,65915.0,6.5064,298.14,231.73,1.1047,6.3667,,35,,1.0695,0.19201,,,0.77236,0,,0,0,2,62,62,0,62.0,30895.0
38.4,55,100,47,0.0,43.881,244.75,0.0001,0,0.9,0,0.0025391,11.211,2.2858,62000,65939.0,6.5019,298.11,223.35,1.1095,6.4184,,35,,1.081,0.19188,,,0.77571,0,,0,0,2,62,62,0,62.0,30912.0
38.6,55,100,47,0.0,43.639,240.01,0.0001,0,0.9,0,0.0024766,11.228,2.3252,62014,65962.0,6.4973,298.1,220.14,1.1142,6.477,,35,,1.0653,0.19204,,,0.77902,0,,0,0,2,62,62,0,62.0,31432.0
38.8,55,100,47,0.0,45.252,240.4,0.0001,0,0.9,0,0.0024461,11.209,2.365,62028,65986.0,6.4925,298.08,216.94,1.1189,6.5417,,35,,1.065,0.19203,,,0.7823,0,,0,0,2,62,62,0,62.0,33288.0
39.0,55,100,47,0.0,48.755,240.23,0.0001,0,0.9,0,0.0023947,11.215,2.4052,62043,66010.0,6.4905,298.08,216.49,1.1235,6.5972,,35,,1.0679,0.19199,,,0.78555,0,,0,0,2,62,62,0,62.0,32812.0
39.2,55,100,47,0.0,53.048,242.94,0.0001,0,0.9,0,0.0023869,11.196,2.4453,62058,66036.0,6.4941,298.06,209.38,1.1281,6.6482,,35,,1.0822,0.19184,,,0.78877,0,,0,0,2,62,62,0,62.0,33503.0
39.4,55,100,47,0.0,55.925,237.58,0.0001,0,0.9,0,0.002318,11.238,2.486,62075,66061.0,6.5023,298.03,201.4,1.1326,6.6805,,35,,1.0729,0.19192,,,0.79192,0,,0,0,2,62,62,0,62.0,31863.0
39.6,55,100,47,0.0,55.519,230.43,0.0001,0,0.9,0,0.0023,11.22,2.527,62091,66087.0,6.511,298.0,191.31,1.137,6.7099,,35,,1.0713,0.19193,,,0.79504,0,,0,0,2,62,62,0,62.0,32057.0
39.8,55,100,47,0.0,51.639,219.78,0.0001,0,0.9,0,0.0022934,11.18,2.568,62106,66112.0,6.5154,297.96,181.17,1.1415,6.7383,,35,,1.0811,0.19182,,,0.79816,0,,0,0,2,62,62,0,62.0,33752.0
40.0,55,100,47,0.0,46.021,207.81,0.0001,0,0.9,0,0.0022751,11.138,2.6092,62121,66136.0,6.5161,297.94,174.13,1.1459,6.7552,,35,,1.095,0.19167,,,0.80126,0,,0,0,2,62,62,0,62.0,33115.0
40.2,60,100,51,0.0,40.108,62.342,219.04,0,1.1,0,0.0024536,12.804,2.6493,62134,66159.0,6.5108,298.74,406.82,1.0624,6.7694,,35,,1.1142,0.19259,,,0.81026,0,,0,0,2,62,62,0,62.0,33805.0
40.4,60,100,51,0.0,36.323,336.89,21.904,0,1.1,0,0.0024154,12.778,2.6899,62147,66182.0,6.5028,298.68,391.03,1.0621,6.7687,,35,,1.1073,0.19266,,,0.80999,0,,0,0,2,62,62,0,62.0,32998.0
40.6,60,100,51,0.0,35.728,339.8,2.1904,0,1.1,0,0.0023987,12.76,2.7307,62160,66205.0,6.4938,298.55,352.96,1.0661,6.7677,,35,,1.106,0.19266,,,0.81302,0,,0,0,2,62,62,0,62.0,34358.0
40.8,60,100,51,0.0,38.723,320.62,0.21904,0,1.1,0,0.0024157,12.731,2.7714,62174,66228.0,6.4887,298.41,311.95,1.0703,6.7684,,35,,1.1049,0.19267,,,0.81627,0,,0,0,2,62,62,0,62.0,33218.0
41.0,60,100,51,0.0,43.761,293.61,0.021904,0,1.1,0,0.0024137,12.719,2.8123,62188,66252.0,6.4894,298.29,277.62,1.0746,6.7733,,35,,1.0987,0.19272,,,0.81955,0,,0,0,2,62,62,0,62.0,35413.0
41.2,60,100,51,0.0,48.522,269.33,0.0021904,0,1.1,0,0.0023805,12.724,2.8536,62204,66278.0,6.4938,298.2,250.34,1.0789,6.7842,,35,,1.094,0.19275,,,0.82281,0,,0,0,2,62,62,0,62.0,34609.0
41.4,60,100,51,0.0,51.508,248.83,0.00021904,0,1.1,0,0.0023926,12.712,2.895,62220,66304.0,6.4999,298.14,232.22,1.0831,6.8011,,35,,1.0809,0.19287,,,0.82607,0,,0,0,2,62,62,0,62.0,34805.0
41.6,60,100,51,0.0,52.065,235.51,0.0001,0,1.1,0,0.002437,12.631,2.9365,62236,66330.0,6.5043,298.1,221.39,1.0874,6.8149,,35,,1.102,0.19266,,,0.82937,0,,0,0,2,62,62,0,62.0,34670.0
41.8,60,100,51,0.0,50.875,228.27,0.0001,0,1.1,0,0.0023901,12.632,2.9786,62252,66356.0,6.5075,298.06,210.52,1.0917,6.8417,,35,,1.0981,0.19269,,,0.83266,0,,0,0,2,62,62,0,62.0,34536.0
42.0,60,100,51,0.0,48.381,219.41,0.0001,0,1.1,0,0.0023919,12.585,3.0208,62268,66381.0,6.5084,298.04,203.01,1.096,6.8741,,35,,1.109,0.19258,,,0.83594,0,,0,0,2,62,62,0,62.0,36237.0
42.2,60,100,51,0.0,45.561,213.14,0.0001,0,1.1,0,0.0023909,12.555,3.0631,62283,66406.0,6.5056,298.04,203.69,1.1003,6.9118,,35,,1.1102,0.19256,,,0.83923,0,,0,0,2,62,62,0,62.0,35771.0
42.4,60,100,51,0.0,43.866,215.52,0.0001,0,1.1,0,0.0023582,12.55,3.1058,62298,66430.0,6.5017,298.03,200.95,1.1046,6.9484,,35,,1.1039,0.19261,,,0.8425,0,,0,0,2,62,62,0,62.0,35641.0
42.6,60,100,51,0.0,43.717,213.73,0.0001,0,1.1,0,0.002298,12.564,3.1492,62312,66455.0,6.4989,298.02,199.51,1.1088,6.9837,,35,,1.0968,0.19267,,,0.84572,0,,0,0,2,62,62,0,62.0,35681.0
42.8,60,100,51,0.0,44.678,213.22,0.0001,0,1.1,0,0.0022633,12.562,3.193,62327,66480.0,6.498,298.01,193.78,1.113,7.0202,,35,,1.0948,0.19268,,,0.84891,0,,0,0,2,62,62,0,62.0,36556.0
43.0,60,100,51,0.0,45.982,207.41,0.0001,0,1.1,0,0.0022381,12.566,3.237,62342,66504.0,6.4969,297.97,184.57,1.1171,7.0617,,35,,1.0784,0.19282,,,0.85207,0,,0,0,2,62,62,0,62.0,36599.0
43.2,60,100,51,0.0,47.759,196.84,0.0001,0,1.1,0,0.0022256,12.538,3.2813,62358,66530.0,6.497,297.96,179.42,1.1212,7.0992,,35,,1.0796,0.19281,,,0.85524,0,,0,0,2,62,62,0,62.0,36143.0
43.4,60,100,51,0.0,49.481,190.0,0.0001,0,1.1,0,0.002261,12.471,3.3257,62374,66555.0,6.4989,297.93,173.06,1.1254,7.1315,,35,,1.0972,0.19263,,,0.85843,0,,0,0,2,62,62,0,62.0,36355.0
43.6,60,100,51,0.0,50.43,56.999,205.31,0,1.1,0,0.0023457,12.385,3.3695,62390,66581.0,6.5023,298.68,391.25,1.1297,7.168,,35,,1.12,0.19241,,,0.86168,0,,0,0,2,62,62,0,62.0,37563.0
43.8,60,100,51,0.0,50.007,312.75,20.531,0,1.1,0,0.0022911,12.396,3.4137,62405,66607.0,6.5063,298.59,364.65,1.1339,7.1878,,35,,1.1153,0.19244,,,0.86492,0,,0,0,2,62,62,0,62.0,37440.0
44.0,60,100,51,0.0,48.0,301.27,2.0531,0,1.1,0,0.0022908,12.363,3.4578,62421,66632.0,6.5084,298.45,322.19,1.1381,7.1996,,35,,1.1133,0.19245,,,0.86816,0,,0,0,2,62,62,0,62.0,38483.0
44.2,60,100,57,0.0,45.171,273.94,0.20531,0,1.1,0,0.0025984,12.085,3.4993,62437,66659.0,6.5052,298.37,299.22,1.1427,7.2009,,35,,1.16,0.192,,,0.87163,0,,0,0,2,62,62,0,62.0,38181.0
44.4,60,100,57,0.0,43.618,264.59,0.020531,0,1.1,0,0.0025817,12.052,3.5408,62453,66685.0,6.5011,298.31,283.78,1.1473,7.1693,,35,,1.1743,0.19186,,,0.87522,0,,0,0,2,62,62,0,62.0,37211.0
44.6,60,100,57,0.0,43.693,260.7,0.0020531,0,1.1,0,0.0025293,12.069,3.5831,62468,66711.0,6.4963,298.27,271.23,1.152,7.1368,,35,,1.164,0.19195,,,0.87877,0,,0,0,2,62,62,0,62.0,38079.0
44.8,60,100,57,0.0,45.705,258.06,0.00020531,0,1.1,0,0.0024896,12.072,3.626,62485,66738.0,6.4929,298.22,255.95,1.1566,7.12,,35,,1.1486,0.19208,,,0.88229,0,,0,0,2,62,62,0,62.0,37616.0
45.0,60,100,57,0.0,49.042,250.51,0.0001,0,1.1,0,0.0024123,12.101,3.6698,62501,66765.0,6.491,298.16,237.92,1.1611,7.1186,,35,,1.1528,0.19203,,,0.88574,0,,0,0,2,62,62,0,62.0,38992.0
45.2,60,100,57,0.0,53.178,237.83,0.0001,0,1.1,0,0.0023631,12.119,3.7143,62519,66793.0,6.4927,298.11,222.81,1.1655,7.129,,35,,1.1503,0.19205,,,0.88913,0,,0,0,2,62,62,0,62.0,38703.0
45.4,60,100,57,0.0,56.617,226.36,0.0001,0,1.1,0,0.0023126,12.14,3.7593,62538,66821.0,6.4964,298.04,203.37,1.1699,7.1589,,35,,1.1487,0.19206,,,0.89245,0,,0,0,2,62,62,0,62.0,38251.0
45.6,60,100,57,0.0,58.586,207.79,0.0001,0,1.1,0,0.0022648,12.164,3.8045,62556,66850.0,6.502,298.0,193.09,1.1741,7.1924,,35,,1.1349,0.19218,,,0.89572,0,,0,0,2,62,62,0,62.0,38466.0
45.8,60,100,57,0.0,58.317,197.63,0.0001,0,1.1,0,0.0022828,12.116,3.8499,62575,66879.0,6.5059,297.98,185.47,1.1784,7.2331,,35,,1.1393,0.19213,,,0.899,0,,0,0,2,62,62,0,62.0,39183.0
46.0,60,100,57,0.0,56.482,189.06,0.0001,0,1.1,0,0.0022948,12.076,3.8954,62594,66908.0,6.5081,297.98,184.7,1.1827,7.2809,,35,,1.1432,0.19208,,,0.90229,0,,0,0,2,62,62,0,62.0,40066.0
46.2,60,100,57,0.0,53.756,187.52,0.0001,0,1.1,0,0.0023172,12.02,3.9408,62612,66936.0,6.5072,297.97,183.6,1.187,7.328,,35,,1.154,0.19197,,,0.9056,0,,0,0,2,62,62,0,62.0,38782.0
46.4,60,100,57,0.0,51.411,185.32,0.0001,0,1.1,0,0.0023131,11.99,3.9861,62629,66964.0,6.5047,297.96,178.83,1.1914,7.3652,,35,,1.1603,0.19191,,,0.90892,0,,0,0,2,62,62,0,62.0,40332.0
46.6,60,100,57,0.0,50.061,178.66,0.0001,0,1.1,0,0.002287,11.969,4.0318,62646,66991.0,6.5011,297.96,178.94,1.1957,7.3985,,35,,1.1644,0.19186,,,0.91222,0,,0,0,2,62,62,0,62.0,39383.0
46.8,60,100,57,0.0,50.147,177.24,0.0001,0,1.1,0,0.0022661,11.966,4.0777,62664,67019.0,6.4957,297.98,185.46,1.2,7.4341,,35,,1.1527,0.19196,,,0.91551,0,,0,0,2,62,62,0,62.0,40101.0
47.0,60,100,57,0.0,52.373,183.24,0.0001,0,1.1,0,0.0022517,11.944,4.1239,62681,67046.0,6.4946,298.0,192.94,1.2043,7.4608,,35,,1.1537,0.19194,,,0.9188,0,,0,0,2,62,62,0,62.0,40988.0
47.2,60,100,57,0.0,55.05,191.03,0.0001,0,1.1,0,0.0022306,11.947,4.1704,62699,67075.0,6.4963,298.04,203.5,1.2085,7.4889,,35,,1.1495,0.19197,,,0.92206,0,,0,0,2,62,62,0,62.0,40376.0
47.4,60,100,57,0.0,57.036,203.38,0.0001,0,1.1,0,0.0022485,11.882,4.2168,62718,67104.0,6.4983,298.06,209.14,1.2128,7.5161,,35,,1.1637,0.19183,,,0.92535,0,,0,0,2,62,62,0,62.0,41598.0
47.6,60,100,57,0.0,58.236,211.2,0.0001,0,1.1,0,0.002226,11.867,4.2635,62737,67133.0,6.502,298.06,209.87,1.2171,7.5373,,35,,1.1654,0.19181,,,0.92864,0,,0,0,2,62,62,0,62.0,41987.0
47.8,60,100,57,0.0,57.955,214.11,0.0001,0,1.1,0,0.0021909,11.871,4.3105,62756,67162.0,6.505,298.06,210.96,1.2214,7.5558,,35,,1.1611,0.19184,,,0.9319,0,,0,0,2,62,62,0,62.0,42045.0
48.0,60,100,57,0.0,56.479,217.66,0.0001,0,1.1,0,0.0021527,11.881,4.358,62774,67190.0,6.5072,298.06,209.75,1.2256,7.5723,1199.2,35,2034.8,1.157,0.19187,4.1704,16.355,0.93511,0,50.014,0,0,2,62,62,0,62.0,41438.0
48.2,60,100,61,0.0,54.125,218.63,0.0001,0,1.1,0,0.0023073,11.714,4.4046,62793,67220.0,6.5069,298.06,210.84,1.2299,7.5783,,35,,1.191,0.19154,,,0.93842,0,,0,0,2,62,62,0,62.0,41493.0
48.4,60,100,61,0.0,51.876,222.21,0.0001,0,1.1,0,0.0022972,11.695,4.4515,62811,67248.0,6.5057,298.07,212.83,1.2343,7.5817,,35,,1.1898,0.19154,,,0.94178,0,,0,0,2,62,62,0,62.0,42217.0
48.6,60,100,61,0.0,50.137,226.93,0.0001,0,1.1,0,0.0022538,11.699,4.4987,62829,67277.0,6.5026,298.07,212.8,1.2386,7.5938,,35,,1.1847,0.19158,,,0.94511,0,,0,0,2,62,62,0,62.0,41942.0
48.8,60,100,61,0.0,49.629,229.51,0.0001,0,1.1,0,0.0022374,11.693,4.5461,62847,67305.0,6.4995,298.07,212.52,1.243,7.6075,,35,,1.1782,0.19163,,,0.94841,0,,0,0,2,62,62,0,62.0,43168.0
49.0,60,100,61,0.0,50.35,231.83,0.0001,0,1.1,0,0.0022188,11.71,4.5935,62865,67333.0,6.4958,298.06,208.51,1.2472,7.6092,,35,,1.1563,0.19183,,,0.95169,0,,0,0,2,62,62,0,62.0,42394.0
49.2,60,100,61,0.0,52.55,229.77,0.0001,0,1.1,0,0.0021915,11.717,4.6411,62884,67362.0,6.4937,298.05,207.07,1.2515,7.6055,,35,,1.1511,0.19187,,,0.95495,0,,0,0,2,62,62,0,62.0,43288.0
49.4,60,100,61,0.0,55.579,230.31,0.0001,0,1.1,0,0.0021504,11.727,4.6889,62903,67391.0,6.4935,298.05,206.61,1.2557,7.6059,,35,,1.1465,0.19191,,,0.95817,0,,0,0,2,62,62,0,62.0,43183.0
49.6,60,100,61,0.0,58.685,231.73,0.0001,0,1.1,0,0.0021034,11.747,4.737,62923,67421.0,6.4958,298.05,207.34,1.2598,7.6067,,35,,1.1419,0.19195,,,0.96134,0,,0,0,2,62,62,0,62.0,43412.0
49.8,60,100,61,0.0,60.89,234.46,0.0001,0,1.1,0,0.0020949,11.729,4.7852,62943,67452.0,6.4977,298.04,205.0,1.264,7.6051,,35,,1.1424,0.19193,,,0.9645,0,,0,0,2,62,62,0,62.0,43476.0
50.0,60,100,61,0.0,62.324,233.67,0.0001,0,1.1,0,0.0021079,11.698,4.8335,62963,67482.0,6.5,298.04,204.18,1.2681,7.6011,,35,,1.1417,0.19193,,,0.96766,0,,0,0,2,62,62,0,62.0,44040.0
50.2,60,100,61,0.0,62.842,234.44,0.0001,500,1.1,0,0.0021282,13.161,4.8741,63084,67613.0,6.5001,297.92,166.78,1.2723,7.6039,,35,,0.83162,0.19485,,,0.97085,0,,0,0,2,62,62,0,62.0,44905.0
50.4,60,100,61,0.0,63.323,70.332,288.67,500,1.1,0,0.0021837,13.119,4.9144,63204,67744.0,6.5005,298.79,425.59,1.2765,7.5055,,35,,0.81908,0.19496,,,0.97408,0,,0,0,2,62,62,0,62.0,44770.0
50.6,60,100,61,0.0,63.659,369.59,28.867,500,1.1,0,0.0021581,13.147,4.9548,63325,67875.0,6.5023,298.63,376.91,1.2807,7.4135,,35,,0.8187,0.19495,,,0.97732,0,,0,0,2,62,62,0,62.0,44967.0
50.8,60,100,61,0.0,63.251,336.03,2.8867,500,1.1,0,0.0021539,13.145,4.9951,63445,68005.0,6.5032,298.41,312.51,1.2849,7.3267,,35,,0.82544,0.19488,,,0.98055,0,,0,0,2,62,62,0,62.0,43832.0
51.0,60,100,61,0.0,62.49,285.98,0.28867,500,1.1,0,0.0021627,13.156,5.036,63565,68136.0,6.504,298.23,259.64,1.2892,7.2517,,35,,0.82259,0.1949,,,0.98379,0,,0,0,2,62,62,0,62.0,45032.0
51.2,60,100,61,0.0,61.394,241.69,0.028867,500,1.1,0,0.0021429,13.179,5.0767,63685,68267.0,6.5041,298.09,218.11,1.2934,7.211,,35,,0.82216,0.19489,,,0.98703,0,,0,0,2,62,62,0,62.0,45232.0
51.4,60,100,61,0.0,60.267,203.68,0.0028867,500,1.1,0,0.0021387,13.169,5.1177,63805,68397.0,6.5031,297.99,187.57,1.2976,7.1947,,35,,0.83198,0.19479,,,0.99026,0,,0,0,2,62,62,0,62.0,45099.0
51.6,60,100,61,0.0,59.531,172.94,0.00028867,500,1.1,0,0.0021466,13.18,5.1587,63925,68527.0,6.5011,297.9,162.17,1.3018,7.1934,,35,,0.82928,0.19481,,,0.99351,0,,0,0,2,62,62,0,62.0,45800.0
51.8,60,100,61,0.0,59.597,51.883,191.87,500,1.1,0,0.0021809,13.16,5.1995,64045,68657.0,6.4985,298.49,339.2,1.3061,7.2155,,35,,0.84332,0.19467,,,0.99677,0,,0,0,2,62,62,0,62.0,45334.0
52.0,60,100,61,0.0,60.71,252.39,19.187,500,1.1,0,0.0022051,13.134,5.24,64165,68788.0,6.4979,298.41,312.87,1.3104,7.2444,,35,,0.8618,0.19449,,,1.0001,0,,0,0,2,62,62,0,62.0,45366.0
52.2,60,100,65,0.0,62.069,236.32,1.9187,500,1.1,0,0.0024316,12.925,5.2786,64285,68919.0,6.4963,298.29,277.82,1.315,7.2799,,35,,0.92344,0.1939,,,1.0036,0,,0,0,2,62,62,0,62.0,46222.0
52.4,60,100,65,0.0,64.077,212.11,0.19187,500,1.1,0,0.0023906,12.95,5.3177,64407,69052.0,6.4962,298.19,248.19,1.3196,7.3039,,35,,0.93591,0.19377,,,1.0071,0,,0,0,2,62,62,0,62.0,45913.0
52.6,60,100,65,0.0,66.122,190.04,0.019187,500,1.1,0,0.0023948,12.939,5.3569,64529,69184.0,6.4966,298.13,228.66,1.3243,7.3434,,35,,0.94761,0.19365,,,1.0107,0,,0,0,2,62,62,0,62.0,46772.0
52.8,60,100,65,0.0,67.99,175.73,0.0019187,500,1.1,0,0.0023499,12.982,5.3965,64651,69317.0,6.4988,298.07,209.83,1.3289,7.3964,,35,,0.94616,0.19366,,,1.0143,0,,0,0,2,62,62,0,62.0,46800.0
53.0,60,100,65,0.0,68.985,159.59,0.00019187,500,1.1,0,0.0023416,13.007,5.4359,64773,69451.0,6.5014,298.03,199.83,1.3335,7.4608,,35,,0.93894,0.19372,,,1.0178,0,,0,0,2,62,62,0,62.0,47160.0
53.2,60,100,65,0.0,68.951,151.17,0.0001,500,1.1,0,0.002346,13.012,5.4754,64896,69584.0,6.5042,298.01,192.29,1.3382,7.5239,,35,,0.94369,0.19366,,,1.0214,0,,0,0,2,62,62,0,62.0,46353.0
53.4,60,100,65,0.0,67.778,144.12,0.0001,500,1.1,0,0.0022945,13.082,5.5154,65018,69717.0,6.5067,297.98,182.7,1.3428,7.5847,,35,,0.92354,0.19384,,,1.0249,0,,0,0,2,62,62,0,62.0,47716.0
53.6,60,100,65,0.0,65.614,133.76,0.0001,500,1.1,0,0.0022942,13.048,5.5556,65139,69850.0,6.5078,297.96,176.72,1.3474,7.65,,35,,0.94472,0.19364,,,1.0284,0,,0,0,2,62,62,0,62.0,46913.0
53.8,60,100,65,0.0,63.024,126.38,0.0001,500,1.1,0,0.0022726,13.063,5.5959,65261,69982.0,6.5088,297.93,168.51,1.3519,7.714,,35,,0.94582,0.19362,,,1.0319,0,,0,0,2,62,62,0,62.0,47944.0
54.0,60,100,65,0.0,60.027,37.914,143.44,500,1.1,0,0.0023032,13.038,5.636,65381,70113.0,6.5076,298.39,308.48,1.3565,7.7751,,35,,0.95989,0.19347,,,1.0354,0,,0,0,2,62,62,0,62.0,48307.0
54.2,60,100,65,0.0,57.497,192.95,14.344,500,1.1,0,0.0022773,13.05,5.676,65501,70244.0,6.5052,298.34,294.26,1.3611,7.831,,35,,0.96912,0.19338,,,1.039,0,,0,0,2,62,62,0,62.0,47670.0
54.4,60,100,65,0.0,55.944,188.07,1.4344,500,1.1,0,0.0022241,13.105,5.7165,65621,70375.0,6.5017,298.25,265.4,1.3657,7.8764,,35,,0.96239,0.19343,,,1.0424,0,,0,0,2,62,62,0,62.0,47869.0
54.6,60,100,65,0.0,55.795,168.85,0.14344,500,1.1,0,0.0022168,13.089,5.7568,65741,70506.0,6.4986,298.17,242.57,1.3702,7.9094,,35,,0.97741,0.19328,,,1.0459,0,,0,0,2,62,62,0,62.0,48233.0
54.8,60,100,65,0.0,56.877,153.27,0.014344,500,1.1,0,0.0022103,13.097,5.7973,65861,70637.0,6.4968,298.12,225.61,1.3748,7.9325,,35,,0.98058,0.19324,,,1.0494,0,,0,0,2,62,62,0,62.0,49765.0
55.0,60,100,65,0.0,58.685,141.37,0.0014344,500,1.1,0,0.0021872,13.118,5.8379,65981,70768.0,6.4952,298.07,210.23,1.3793,7.9508,,35,,0.99033,0.19314,,,1.0529,0,,0,0,2,62,62,0,62.0,48631.0
55.2,60,100,65,0.0,61.105,129.06,0.00014344,500,1.1,0,0.0022029,13.097,5.8784,66102,70900.0,6.493,298.03,198.04,1.3839,7.9579,,35,,1.0112,0.19294,,,1.0564,0,,0,0,2,62,62,0,62.0,49496.0
55.4,60,100,65,0.0,64.42,118.45,0.0001,500,1.1,0,0.0022548,13.061,5.9188,66223,71032.0,6.4935,298.0,189.72,1.3885,7.9569,,35,,1.0289,0.19276,,,1.0599,0,,0,0,2,62,62,0,62.0,49027.0
55.6,60,100,65,0.0,67.53,110.58,0.0001,500,1.1,0,0.0023009,13.002,5.9589,66345,71166.0,6.4957,297.98,183.05,1.3932,7.9577,,35,,1.0644,0.19242,,,1.0635,0,,0,0,2,62,62,0,62.0,49557.0
55.8,60,100,65,0.0,69.782,103.47,0.0001,500,1.1,0,0.0023394,12.965,5.9988,66468,71300.0,6.4973,297.97,180.99,1.398,7.9567,,35,,1.0886,0.19218,,,1.0672,0,,0,0,2,62,62,0,62.0,50419.0
56.0,60,100,65,0.0,71.394,100.63,0.0001,500,1.1,0,0.0023451,12.974,6.0387,66590,71434.0,6.4983,297.97,179.4,1.4028,7.9629,,35,,1.0956,0.19211,,,1.0709,0,,0,0,2,62,62,0,62.0,50949.0
56.2,60,100,72,0.0,72.583,97.966,0.0001,500,1.1,0,0.0026431,12.746,6.0751,66715,71570.0,6.497,297.98,183.73,1.408,7.9673,,34,,1.149,0.19159,,,1.0748,0,,0,0,2,62,62,0,62.0,49460.0
56.4,60,100,72,0.0,74.32,101.62,0.0001,500,1.1,0,0.0025588,12.815,6.1126,66840,71707.0,6.4977,298.0,188.0,1.4132,7.9134,,34,,1.1488,0.19158,,,1.0789,0,,0,0,2,62,62,0,62.0,50644.0
56.6,60,100,72,0.0,75.764,105.56,0.0001,500,1.1,0,0.002505,12.863,6.1507,66965,71843.0,6.4986,298.0,189.15,1.4184,7.8794,,34,,1.1475,0.19159,,,1.0828,0,,0,0,2,62,62,0,62.0,51331.0
56.8,60,100,72,0.0,76.843,106.59,0.0001,500,1.1,0,0.0024503,12.925,6.1896,67090,71980.0,6.4986,298.0,189.67,1.4235,7.8622,,34,,1.1358,0.19169,,,1.0868,0,,0,0,2,62,62,0,62.0,50688.0
57.0,60,100,72,0.0,77.933,107.14,0.0001,500,1.1,0,0.0024948,12.891,6.2281,67215,72117.0,6.4971,298.0,188.67,1.4287,7.8645,,34,,1.1484,0.19156,,,1.0907,0,,0,0,2,62,62,0,62.0,51877.0
57.2,60,100,72,0.0,79.629,106.1,0.0001,500,1.1,0,0.0024789,12.907,6.2675,67341,72255.0,6.4962,298.0,189.63,1.4338,7.8679,,34,,1.1553,0.19148,,,1.0946,0,,0,0,2,62,62,0,62.0,50904.0
57.4,60,100,72,0.0,81.675,107.12,0.0001,500,1.1,0,0.0024457,12.928,6.3075,67467,72393.0,6.4966,298.0,189.72,1.4389,7.8981,,34,,1.1659,0.19137,,,1.0986,0,,0,0,2,62,62,0,62.0,50600.0
57.6,60,100,72,0.0,83.541,107.26,0.0001,500,1.1,0,0.0024282,12.95,6.3477,67594,72531.0,6.4968,298.0,190.35,1.444,7.9407,,34,,1.1708,0.19132,,,1.1025,0,,0,0,2,62,62,0,62.0,51963.0
57.8,60,100,72,0.0,85.336,108.01,0.0001,500,1.1,0,0.0023394,13.027,6.3887,67721,72670.0,6.4983,297.99,187.48,1.449,7.9871,,34,,1.168,0.19133,,,1.1063,0,,0,0,2,62,62,0,62.0,52164.0
58.0,60,100,72,0.0,86.512,105.03,0.0001,500,1.1,0,0.0023255,13.065,6.4298,67848,72808.0,6.4997,297.99,184.49,1.4539,8.0472,,34,,1.1603,0.19139,,,1.1101,0,,0,0,2,62,62,0,62.0,51866.0
58.2,60,100,72,0.0,87.172,101.67,0.0001,500,1.1,0,0.0022994,13.109,6.4711,67975,72947.0,6.501,297.97,180.86,1.4588,8.1145,,34,,1.1508,0.19147,,,1.1138,0,,0,0,2,62,62,0,62.0,51735.0
58.4,60,100,72,0.0,87.272,97.282,0.0001,500,1.1,0,0.002292,13.124,6.5122,68103,73086.0,6.5015,297.96,177.27,1.4637,8.1857,,34,,1.1597,0.19138,,,1.1175,0,,0,0,2,62,62,0,62.0,51270.0
58.6,60,100,72,0.0,87.191,92.521,0.0001,500,1.1,0,0.002219,13.189,6.5536,68230,73225.0,6.5019,297.95,173.74,1.4685,8.2508,,34,,1.1533,0.19143,,,1.1212,0,,0,0,2,62,62,0,62.0,51973.0
58.8,60,100,72,0.0,86.964,87.415,0.0001,500,1.1,0,0.0022001,13.194,6.5958,68357,73364.0,6.5025,297.94,170.79,1.4732,8.3025,,34,,1.1606,0.19135,,,1.1249,0,,0,0,2,62,62,0,62.0,53346.0
59.0,60,100,72,0.0,86.494,26.224,98.868,500,1.1,0,0.0021927,13.181,6.6382,68484,73502.0,6.5005,298.25,270.63,1.478,8.3627,,34,,1.1773,0.19119,,,1.1285,0,,0,0,2,62,62,0,62.0,53221.0
59.2,60,100,72,0.0,86.83,131.19,9.8868,500,1.1,0,0.0021332,13.249,6.6809,68611,73641.0,6.4984,298.23,264.55,1.4827,8.4232,,34,,1.1664,0.19128,,,1.1321,0,,0,0,2,62,62,0,62.0,52763.0
59.4,60,100,72,0.0,87.988,131.85,0.98868,500,1.1,0,0.0020832,13.299,6.7237,68739,73780.0,6.4983,298.18,248.51,1.4874,8.4835,,34,,1.1586,0.19135,,,1.1357,0,,0,0,2,62,62,0,62.0,52307.0
59.6,60,100,72,0.0,89.185,123.65,0.098868,500,1.1,0,0.0021054,13.285,6.7663,68866,73919.0,6.4981,298.14,234.92,1.492,8.5288,,34,,1.1648,0.19128,,,1.1393,0,,0,0,2,62,62,0,62.0,53849.0
59.8,60,100,72,0.0,90.468,116.44,0.0098868,500,1.1,0,0.0020984,13.301,6.8089,68994,74058.0,6.4979,298.11,224.08,1.4967,8.5645,,34,,1.1665,0.19125,,,1.1429,0,,0,0,2,62,62,0,62.0,53891.0
60.0,60,100,72,0.0,91.833,110.58,0.00098868,500,1.1,0,0.0021269,13.29,6.8517,69122,74198.0,6.498,298.07,211.68,1.5015,8.5929,1198.5,34,1934.7,1.1731,0.19118,6.6809,18.442,1.1465,0,41.754,0,0,2,62,62,0,62.0,54767.0
60.2,60,100,76,0.0,93.153,101.75,0.0001,500,1.1,0,0.0021729,13.264,6.8939,69252,74339.0,6.4986,298.05,203.84,1.5063,8.6175,,33,,1.1912,0.191,,,1.1502,0,,0,0,2,62,62,0,62.0,53641.0
60.4,60,100,76,0.0,94.228,96.388,0.0001,500,1.1,0,0.0020844,13.359,6.9362,69381,74480.0,6.4994,298.02,194.37,1.511,8.6324,,33,,1.176,0.19114,,,1.1539,0,,0,0,2,62,62,0,62.0,54182.0
60.6,60,100,76,0.0,94.989,88.301,0.0001,500,1.1,0,0.0020624,13.382,6.9784,69511,74621.0,6.5009,297.99,184.65,1.5158,8.6297,,33,,1.1792,0.1911,,,1.1575,0,,0,0,2,62,62,0,62.0,54055.0
60.8,60,100,76,0.0,95.138,78.929,0.0001,500,1.1,0,0.0020294,13.422,7.0205,69640,74762.0,6.503,297.97,178.17,1.5204,8.619,,33,,1.1764,0.19111,,,1.1611,0,,0,0,2,62,62,0,62.0,55262.0
61.0,60,100,76,0.0,94.444,71.874,0.0001,500,1.1,0,0.0020347,13.412,7.0627,69770,74903.0,6.5035,297.96,174.64,1.5251,8.6086,,33,,1.1866,0.19101,,,1.1647,0,,0,0,2,62,62,0,62.0,55635.0
61.2,60,100,76,0.0,93.561,67.12,0.0001,500,1.1,0,0.0020423,13.416,7.1048,69899,75044.0,6.5028,297.95,171.95,1.5298,8.605,,33,,1.194,0.19093,,,1.1683,0,,0,0,2,62,62,0,62.0,55342.0
61.4,60,100,76,0.0,92.962,20.136,77.028,500,1.1,0,0.0019846,13.491,7.1471,70028,75184.0,6.5022,298.18,249.11,1.5345,8.6018,,33,,1.1786,0.19107,,,1.1718,0,,0,0,2,62,62,0,62.0,55216.0
61.6,60,100,76,0.0,92.614,99.147,7.7028,500,1.1,0,0.0019874,13.507,7.1892,70157,75325.0,6.5008,298.17,243.42,1.5391,8.6009,,33,,1.1837,0.19101,,,1.1754,0,,0,0,2,62,62,0,62.0,55089.0
61.8,60,100,76,0.0,92.828,98.322,0.77028,500,1.1,0,0.0019557,13.563,7.2314,70286,75465.0,6.5014,298.13,232.75,1.5436,8.5955,,33,,1.1764,0.19107,,,1.1789,0,,0,0,2,62,62,0,62.0,55962.0
62.0,60,100,76,0.0,92.776,93.558,0.077028,500,1.1,0,0.0020102,13.521,7.2739,70415,75606.0,6.5019,298.11,224.97,1.5482,8.5879,,33,,1.1937,0.1909,,,1.1824,0,,0,0,2,62,62,0,62.0,56171.0
62.2,60,100,76,0.0,92.554,90.722,0.0077028,500,1.1,0,0.0019784,13.552,7.3166,70544,75746.0,6.5017,298.09,218.3,1.5528,8.6097,,33,,1.1983,0.19084,,,1.1859,0,,0,0,2,62,62,0,62.0,55880.0
62.4,60,100,76,0.0,92.387,88.117,0.00077028,500,1.1,0,0.0019865,13.549,7.3594,70673,75887.0,6.5021,298.08,213.25,1.5573,8.6349,,33,,1.208,0.19074,,,1.1894,0,,0,0,2,62,62,0,62.0,56590.0
62.6,60,100,76,0.0,92.069,86.422,0.0001,500,1.1,0,0.002007,13.538,7.4021,70802,76027.0,6.5027,298.06,208.81,1.562,8.6684,,33,,1.221,0.19061,,,1.1929,0,,0,0,2,62,62,0,62.0,56466.0
62.8,60,100,76,0.0,91.49,84.754,0.0001,500,1.1,0,0.0019712,13.581,7.4451,70931,76167.0,6.5041,298.04,202.78,1.5665,8.7166,,33,,1.2179,0.19063,,,1.1965,0,,0,0,2,62,62,0,62.0,56676.0
63.0,60,100,76,0.0,90.379,80.952,0.0001,500,1.1,0,0.0019679,13.588,7.4879,71060,76307.0,6.5056,298.03,198.91,1.5711,8.7725,,33,,1.2213,0.19059,,,1.2,0,,0,0,2,62,62,0,62.0,56886.0
63.2,60,100,76,0.0,88.668,78.741,0.0001,500,1.1,0,0.0019431,13.618,7.5309,71188,76447.0,6.5067,298.02,195.63,1.5757,8.8351,,33,,1.2201,0.19059,,,1.2035,0,,0,0,2,62,62,0,62.0,57597.0
63.4,60,100,76,0.0,86.513,76.659,0.0001,500,1.1,0,0.0019107,13.644,7.5739,71316,76586.0,6.5064,298.02,193.47,1.5802,8.8961,,33,,1.2232,0.19056,,,1.207,0,,0,0,2,62,62,0,62.0,58141.0
63.6,60,100,76,0.0,84.497,75.354,0.0001,500,1.1,0,0.0019149,13.65,7.6168,71443,76725.0,6.5053,298.01,192.08,1.5848,8.9558,,33,,1.2307,0.19048,,,1.2104,0,,0,0,2,62,62,0,62.0,57185.0
63.8,60,100,76,0.0,82.901,74.585,0.0001,500,1.1,0,0.0018571,13.739,7.6594,71570,76864.0,6.5056,298.0,189.35,1.5892,9.0022,,33,,1.2123,0.19064,,,1.2138,0,,0,0,2,62,62,0,62.0,58560.0
64.0,60,100,76,0.0,81.156,72.272,0.0001,500,1.1,0,0.0018524,13.758,7.7015,71697,77002.0,6.5073,298.0,188.48,1.5936,9.0184,,33,,1.2164,0.19059,,,1.2172,0,,0,0,2,62,62,0,62.0,57767.0
64.2,60,100,80,0.0,78.756,71.586,0.0001,500,1.1,0,0.0019389,13.684,7.7437,71824,77140.0,6.5065,298.01,189.8,1.5981,9.0137,,32,,1.2445,0.19032,,,1.2207,0,,0,0,2,62,62,0,62.0,58474.0
64.4,60,100,80,0.0,76.671,73.004,0.0001,500,1.1,0,0.0018803,13.742,7.7857,71950,77278.0,6.5056,298.0,189.15,1.6026,9.0178,,32,,1.2454,0.1903,,,1.2241,0,,0,0,2,62,62,0,62.0,58680.0
64.6,60,100,80,0.0,74.933,72.503,0.0001,500,1.1,0,0.0018765,13.758,7.8277,72077,77416.0,6.5043,298.0,189.44,1.607,9.0091,,32,,1.2468,0.19028,,,1.2275,0,,0,0,2,62,62,0,62.0,58052.0
64.8,60,100,80,0.0,73.728,72.938,0.0001,500,1.1,0,0.0018635,13.777,7.8698,72203,77553.0,6.5024,298.0,189.53,1.6115,8.9806,,32,,1.2503,0.19024,,,1.2309,0,,0,0,2,62,62,0,62.0,59592.0
65.0,60,100,80,0.0,73.302,73.179,0.0001,500,1.1,0,0.0018238,13.819,7.912,72328,77690.0,6.5002,298.0,186.88,1.6159,8.9575,,32,,1.2487,0.19025,,,1.2343,0,,0,0,2,62,62,0,62.0,59466.0
65.2,60,100,80,0.0,73.745,70.659,0.0001,500,1.1,0,0.0018216,13.817,7.9545,72454,77828.0,6.4994,297.99,186.17,1.6203,8.9346,,32,,1.2604,0.19013,,,1.2377,0,,0,0,2,62,62,0,62.0,59007.0
65.4,60,100,80,0.0,74.506,69.874,0.0001,500,1.1,0,0.001812,13.863,7.9965,72580,77965.0,6.4989,298.0,187.51,1.6247,8.9162,,32,,1.2532,0.19019,,,1.2411,0,,0,0,2,62,62,0,62.0,59546.0
65.6,60,100,80,0.0,75.452,71.035,0.0001,500,1.1,0,0.0018269,13.837,8.0387,72707,78103.0,6.4985,298.01,189.93,1.6291,8.8871,,32,,1.2755,0.18997,,,1.2444,0,,0,0,2,62,62,0,62.0,59420.0
65.8,60,100,80,0.0,76.571,73.388,0.0001,500,1.1,0,0.0018729,13.829,8.0809,72833,78241.0,6.497,298.01,192.66,1.6335,8.8688,,32,,1.2872,0.18985,,,1.2478,0,,0,0,2,62,62,0,62.0,59794.0
66.0,60,100,80,0.0,78.289,76.293,0.0001,500,1.1,0,0.0018318,13.881,8.1229,72960,78379.0,6.4957,298.02,194.32,1.6379,8.8593,,32,,1.2817,0.18989,,,1.2512,0,,0,0,2,62,62,0,62.0,60000.0
66.2,60,100,80,0.0,80.524,78.405,0.0001,500,1.1,0,0.001831,13.908,8.1648,73087,78517.0,6.496,298.02,195.65,1.6423,8.8488,,32,,1.2798,0.1899,,,1.2546,0,,0,0,2,62,62,0,62.0,60705.0
66.4,60,100,80,0.0,82.657,80.389,0.0001,500,1.1,0,0.001845,13.913,8.2068,73215,78657.0,6.4971,298.03,197.22,1.6468,8.8311,,32,,1.2827,0.18986,,,1.258,0,,0,0,2,62,62,0,62.0,60077.0
66.6,60,100,80,0.0,84.322,82.765,0.0001,500,1.1,0,0.0018433,13.911,8.2488,73343,78796.0,6.4987,298.03,199.93,1.6512,8.8078,,32,,1.2973,0.18972,,,1.2615,0,,0,0,2,62,62,0,62.0,60450.0
66.8,60,100,80,0.0,85.38,86.433,0.0001,500,1.1,0,0.0018292,13.936,8.2906,73471,78936.0,6.5019,298.04,201.25,1.6557,8.7996,,32,,1.3004,0.18968,,,1.2649,0,,0,0,2,62,62,0,62.0,61321.0
67.0,60,100,80,0.0,85.146,88.991,0.0001,500,1.1,0,0.0017982,13.988,8.3321,73599,79075.0,6.5062,298.04,203.11,1.6601,8.7935,,32,,1.295,0.18972,,,1.2683,0,,0,0,2,62,62,0,62.0,60691.0
67.2,60,100,80,0.0,83.202,92.257,0.0001,500,1.1,0,0.0018078,13.996,8.3733,73727,79214.0,6.5095,298.05,205.41,1.6645,8.7829,,32,,1.301,0.18966,,,1.2717,0,,0,0,2,62,62,0,62.0,60560.0
67.4,60,100,80,0.0,79.939,96.141,0.0001,500,1.1,0,0.0017805,14.02,8.4149,73854,79353.0,6.5115,298.06,207.87,1.6689,8.7695,,32,,1.3033,0.18963,,,1.275,0,,0,0,2,62,62,0,62.0,60931.0
67.6,60,100,80,0.0,75.843,100.42,0.0001,500,1.1,0,0.0018105,13.998,8.4569,73980,79491.0,6.5118,298.07,213.93,1.6733,8.7677,,32,,1.3193,0.18947,,,1.2784,0,,0,0,2,62,62,0,62.0,61970.0
67.8,60,100,80,0.0,71.632,108.52,0.0001,500,1.1,0,0.0017738,14.046,8.4987,74105,79627.0,6.5114,298.1,221.41,1.6777,8.7909,,32,,1.3143,0.18951,,,1.2818,0,,0,0,2,62,62,0,62.0,61675.0
68.0,60,100,80,0.0,67.591,118.6,0.0001,500,1.1,0,0.0017513,14.083,8.5408,74230,79763.0,6.5093,298.12,230.71,1.682,8.8125,,32,,1.3037,0.1896,,,1.2851,0,,0,0,2,62,62,0,62.0,62048.0
68.2,60,100,84,0.0,64.394,131.21,0.0001,500,1.1,0,0.0018279,14.01,8.5831,74354,79900.0,6.5058,298.16,242.71,1.6864,8.8432,,31,,1.3398,0.18925,,,1.2885,0,,0,0,2,62,62,0,62.0,61589.0
68.4,60,100,84,0.0,62.588,147.44,0.0001,500,1.1,0,0.0017947,14.052,8.6256,74479,80035.0,6.5014,298.19,254.52,1.6908,8.8942,,31,,1.3397,0.18924,,,1.2919,0,,0,0,2,62,62,0,62.0,62464.0
68.6,60,100,84,0.0,62.549,164.69,0.0001,500,1.1,0,0.0017643,14.094,8.6684,74603,80171.0,6.4964,298.23,266.85,1.6952,8.9455,,31,,1.3367,0.18926,,,1.2952,0,,0,0,2,62,62,0,62.0,61840.0
68.8,60,100,84,0.0,64.514,183.7,0.0001,500,1.1,0,0.001727,14.175,8.7111,74727,80307.0,6.4946,298.26,277.9,1.6995,8.9976,,31,,1.3121,0.18948,,,1.2985,0,,0,0,2,62,62,0,62.0,62383.0
69.0,60,100,84,0.0,67.194,202.73,0.0001,500,1.1,0,0.0017459,14.168,8.7538,74853,80444.0,6.4949,298.29,290.87,1.7038,9.0309,,31,,1.3183,0.18942,,,1.3019,0,,0,0,2,62,62,0,62.0,62592.0
69.2,60,100,84,0.0,69.742,224.83,0.0001,500,1.1,0,0.0017592,14.16,8.7968,74978,80581.0,6.4963,298.33,302.63,1.7082,9.0649,,31,,1.3353,0.18925,,,1.3052,0,,0,0,2,62,62,0,62.0,63136.0
69.4,60,100,84,0.0,71.729,247.06,0.0001,500,1.1,0,0.0017457,14.209,8.8394,75104,80719.0,6.4979,298.35,311.74,1.7126,9.1108,,31,,1.3249,0.18934,,,1.3086,0,,0,0,2,62,62,0,62.0,63012.0
69.6,60,100,84,0.0,73.08,267.96,0.0001,500,1.1,0,0.0017274,14.251,8.8819,75230,80857.0,6.5009,298.37,318.72,1.7169,9.1439,,31,,1.3178,0.1894,,,1.3119,0,,0,0,2,62,62,0,62.0,63887.0
69.8,60,100,84,0.0,73.249,287.8,0.0001,500,1.1,0,0.0016858,14.299,8.9243,75357,80995.0,6.5048,298.39,325.2,1.7212,9.1728,,31,,1.3136,0.18943,,,1.3152,0,,0,0,2,62,62,0,62.0,64095.0
70.0,60,100,84,0.0,71.838,307.92,0.0001,500,1.1,0,0.0016178,14.386,8.966,75483,81132.0,6.5089,298.4,327.74,1.7254,9.186,,31,,1.292,0.18963,,,1.3184,0,,0,0,2,62,62,0,62.0,64632.0
70.2,60,100,84,0.0,68.806,324.91,0.0001,500,1.1,0,0.0016296,14.384,9.0076,75608,81269.0,6.5102,298.4,327.53,1.7296,9.1493,,31,,1.2979,0.18956,,,1.3216,0,,0,0,2,62,62,0,62.0,64336.0
70.4,60,100,84,0.0,65.255,339.59,0.0001,500,1.1,0,0.0015875,14.432,9.0493,75733,81405.0,6.51,298.39,324.14,1.7337,9.1102,,31,,1.2983,0.18955,,,1.3248,0,,0,0,2,62,62,0,62.0,65041.0
70.6,60,100,84,0.0,61.79,351.22,0.0001,500,1.1,0,0.001584,14.449,9.0907,75857,81540.0,6.509,298.37,317.31,1.7377,9.0717,,31,,1.2991,0.18953,,,1.3279,0,,0,0,2,62,62,0,62.0,64577.0
70.8,60,100,84,0.0,58.725,359.25,0.0001,500,1.1,0,0.0015967,14.437,9.1325,75980,81675.0,6.5048,298.35,308.83,1.7418,9.0302,,31,,1.3162,0.18936,,,1.331,0,,0,0,2,62,62,0,62.0,65782.0
71.0,60,100,84,0.0,57.328,365.07,0.0001,500,1.1,0,0.0016,14.449,9.1741,76103,81809.0,6.4997,298.31,296.72,1.7459,9.004,,31,,1.327,0.18925,,,1.3342,0,,0,0,2,62,62,0,62.0,65486.0
71.2,60,100,84,0.0,57.969,366.55,0.0001,500,1.1,0,0.0015894,14.477,9.2156,76226,81944.0,6.4946,298.27,281.07,1.75,8.9746,,31,,1.3268,0.18925,,,1.3373,0,,0,0,2,62,62,0,62.0,65856.0
71.4,60,100,84,0.0,60.637,363.46,0.0001,500,1.1,0,0.0015927,14.496,9.2569,76350,82079.0,6.4935,298.23,266.73,1.7541,8.9499,,31,,1.3325,0.18919,,,1.3405,0,,0,0,2,62,62,0,62.0,66225.0
71.6,60,100,84,0.0,63.727,360.09,0.0001,500,1.1,0,0.0015638,14.556,9.2978,76474,82214.0,6.4942,298.17,247.41,1.7582,8.9301,,31,,1.3188,0.18931,,,1.3436,0,,0,0,2,62,62,0,62.0,65259.0
71.8,60,100,84,0.0,66.574,350.46,0.0001,500,1.1,0,0.0015493,14.598,9.3388,76599,82350.0,6.4964,298.1,221.36,1.7622,8.8945,,31,,1.3122,0.18936,,,1.3467,0,,0,0,2,62,62,0,62.0,65960.0
72.0,60,100,84,0.0,68.543,332.53,0.0001,500,1.1,0,0.0015191,14.648,9.3791,76724,82487.0,6.4981,298.04,198.58,1.7662,8.8607,1200.6,31,1804.2,1.3088,0.18939,9.2156,19.682,1.3498,0,26.668,0,0,2,62,62,0,62.0,66324.0
72.2,60,100,90,0.0,69.822,315.19,0.0001,500,1.1,0,0.0016029,14.584,9.4199,76851,82625.0,6.4972,297.99,179.35,1.7703,8.8121,,30,,1.3458,0.18903,,,1.3529,0,,0,0,2,62,62,0,62.0,66858.0
72.4,60,100,90,0.0,71.455,298.85,0.0001,500,1.1,0,0.0015758,14.62,9.4603,76978,82764.0,6.497,297.93,159.56,1.7744,8.7963,,30,,1.3559,0.18893,,,1.3561,0,,0,0,2,62,62,0,62.0,67389.0
72.6,60,100,90,0.0,73.183,89.654,315.56,500,1.1,0,0.0015659,14.674,9.5001,77105,82902.0,6.4973,298.7,439.5,1.7785,8.7742,,30,,1.3435,0.18904,,,1.3592,0,,0,0,2,62,62,0,62.0,66751.0
72.8,60,100,90,0.0,74.776,353.08,31.556,500,1.1,0,0.0015807,14.666,9.54,77233,83041.0,6.498,298.7,440.09,1.7826,8.7467,,30,,1.3589,0.18888,,,1.3623,0,,0,0,2,62,62,0,62.0,67946.0
73.0,60,100,90,0.0,76.096,374.18,3.1556,500,1.1,0,0.0015805,14.672,9.5795,77360,83180.0,6.4976,298.62,410.86,1.7867,8.7294,,30,,1.372,0.18875,,,1.3655,0,,0,0,2,62,62,0,62.0,67807.0
73.2,60,100,90,0.0,77.598,372.9,0.31556,500,1.1,0,0.0015488,14.725,9.6184,77488,83320.0,6.4986,298.54,380.3,1.7908,8.7136,,30,,1.3677,0.18878,,,1.3687,0,,0,0,2,62,62,0,62.0,67831.0
73.4,60,100,90,0.0,78.679,368.04,0.031556,500,1.1,0,0.00156,14.755,9.6569,77617,83459.0,6.4997,298.47,355.7,1.7949,8.6872,,30,,1.3602,0.18885,,,1.3718,0,,0,0,2,62,62,0,62.0,68353.0
73.6,60,100,90,0.0,79.332,365.72,0.0031556,500,1.1,0,0.0015572,14.772,9.6955,77745,83599.0,6.5008,298.4,328.65,1.799,8.6549,,30,,1.3663,0.18878,,,1.375,0,,0,0,2,62,62,0,62.0,68209.0
73.8,60,100,90,0.0,79.549,358.5,0.00031556,500,1.1,0,0.001566,14.788,9.7339,77873,83739.0,6.5026,298.33,304.36,1.8031,8.6265,,30,,1.3682,0.18875,,,1.3781,0,,0,0,2,62,62,0,62.0,68064.0
74.0,60,100,90,0.0,79.038,351.19,0.0001,500,1.1,0,0.001592,14.784,9.7727,78002,83879.0,6.5035,298.28,285.78,1.8073,8.6054,,30,,1.376,0.18867,,,1.3814,0,,0,0,2,62,62,0,62.0,67421.0
74.2,60,100,90,0.0,78.169,346.74,0.0001,500,1.1,0,0.0015978,14.793,9.8114,78130,84019.0,6.5028,298.23,268.36,1.8115,8.5959,,30,,1.3854,0.18858,,,1.3846,0,,0,0,2,62,62,0,62.0,68277.0
74.4,60,100,90,0.0,77.562,341.39,0.0001,500,1.1,0,0.0015485,14.866,9.85,78258,84158.0,6.5027,298.19,253.29,1.8157,8.5949,,30,,1.3691,0.18872,,,1.3878,0,,0,0,2,62,62,0,62.0,68799.0
74.6,60,100,90,0.0,77.006,336.47,0.0001,500,1.1,0,0.0015464,14.875,9.8888,78386,84298.0,6.5024,298.16,239.84,1.8198,8.5927,,30,,1.3787,0.18862,,,1.391,0,,0,0,2,62,62,0,62.0,69323.0
74.8,60,100,90,0.0,76.547,331.51,0.0001,500,1.1,0,0.0015562,14.905,9.9272,78514,84437.0,6.5015,298.1,217.85,1.824,8.6082,,30,,1.3748,0.18865,,,1.3942,0,,0,0,2,62,62,0,62.0,69511.0
75.0,60,100,90,0.0,76.469,317.22,0.0001,500,1.1,0,0.0015609,14.934,9.9655,78642,84576.0,6.5006,298.03,193.25,1.8281,8.6233,,30,,1.373,0.18866,,,1.3973,0,,0,0,2,62,62,0,62.0,68199.0
75.2,60,100,90,0.0,76.754,298.48,0.0001,100,1.1,0,0.0015886,14.021,10.015,78689,84636.0,6.503,298.06,202.03,1.8323,8.6385,,30,,1.676,0.18578,,,1.4006,0,,0,0,2,62,62,0,62.0,70101.0
75.4,60,100,90,0.0,76.045,308.33,0.0001,100,1.1,0,0.0016187,13.97,10.064,78737,84696.0,6.5045,298.07,209.04,1.8365,8.8929,,30,,1.7367,0.18519,,,1.4038,0,,0,0,2,62,62,0,62.0,69504.0
75.6,60,100,90,0.0,74.758,316.75,0.0001,100,1.1,0,0.0016538,13.921,10.113,78785,84755.0,6.506,298.09,216.45,1.8408,9.1817,,30,,1.7567,0.18499,,,1.4071,0,,0,0,2,62,62,0,62.0,70907.0
75.8,60,100,90,0.0,72.861,326.27,0.0001,100,1.1,0,0.0016355,13.917,10.162,78832,84814.0,6.5053,298.11,223.7,1.8451,9.4724,,30,,1.7581,0.18497,,,1.4104,0,,0,0,2,62,62,0,62.0,70141.0
76.0,60,100,90,0.0,71.259,336.38,0.0001,100,1.1,0,0.0016756,13.844,10.211,78879,84873.0,6.5047,298.12,227.23,1.8494,9.7402,,30,,1.7817,0.18474,,,1.4137,0,,0,0,2,62,62,0,62.0,71043.0
76.2,60,100,116,0.0,69.881,343.77,0.0001,100,1.1,0,0.0024804,13.19,10.257,78931,84939.0,6.4932,298.19,253.02,1.8548,10.005,,29,,1.9975,0.18266,,,1.4179,0,,0,0,2,62,62,0,62.0,69597.0
76.4,60,100,116,0.0,73.174,372.19,0.0001,100,1.1,0,0.002461,13.174,10.304,78984,85005.0,6.4828,298.25,273.68,1.8608,10.284,,29,,2.0319,0.18232,,,1.4225,0,,0,0,2,62,62,0,62.0,71654.0
76.6,60,100,116,0.0,80.574,398.0,0.0001,100,1.1,0,0.002446,13.157,10.35,79038,85073.0,6.477,298.29,289.96,1.8668,10.542,,29,,2.0439,0.18219,,,1.4271,0,,0,0,2,62,62,0,62.0,71045.0
76.8,60,100,116,0.0,90.269,421.91,0.0001,100,1.1,0,0.0024224,13.178,10.398,79094,85143.0,6.4758,298.29,291.07,1.8728,10.765,,29,,2.0274,0.18234,,,1.4317,0,,0,0,2,62,62,0,62.0,71606.0
77.0,60,100,116,0.0,100.46,433.55,0.0001,100,1.1,0,0.0024916,13.135,10.444,79152,85215.0,6.4766,298.31,296.41,1.8789,10.953,,29,,2.0287,0.18232,,,1.4364,0,,0,0,2,62,62,0,62.0,71994.0
77.2,60,100,116,0.0,110.35,449.49,0.0001,100,1.1,0,0.0025271,13.11,10.49,79212,85289.0,6.4791,298.32,298.79,1.8851,11.072,,29,,2.0327,0.18227,,,1.4412,0,,0,0,2,62,62,0,62.0,72379.0
77.4,60,100,116,0.0,119.23,463.16,0.0001,100,1.1,0,0.0025022,13.123,10.535,79274,85365.0,6.4829,298.29,290.46,1.8913,11.124,,29,,2.0221,0.18236,,,1.4459,0,,0,0,2,62,62,0,62.0,72932.0
77.6,60,100,116,0.0,126.6,467.25,0.0001,100,1.1,0,0.0024853,13.125,10.581,79338,85443.0,6.4867,298.24,270.37,1.8975,11.148,,29,,2.018,0.18238,,,1.4507,0,,0,0,2,62,62,0,62.0,72151.0
77.8,60,100,116,0.0,132.42,459.92,0.0001,100,1.1,0,0.0024457,13.134,10.628,79402,85522.0,6.4909,298.21,260.07,1.9036,11.13,,29,,2.0152,0.1824,,,1.4554,0,,0,0,2,62,62,0,62.0,71707.0
78.0,60,100,116,0.0,136.58,459.83,0.0001,100,1.1,0,0.002532,13.05,10.672,79468,85601.0,6.4947,298.18,246.23,1.9098,11.088,,29,,2.0408,0.18214,,,1.4601,0,,0,0,2,62,62,0,62.0,71920.0
78.2,60,100,116,0.0,139.23,455.27,0.0001,100,1.1,0,0.0024757,13.09,10.717,79534,85681.0,6.4984,298.14,233.51,1.916,10.997,,29,,2.0245,0.18229,,,1.4649,0,,0,0,2,62,62,0,62.0,73135.0
78.4,60,100,116,0.0,140.4,450.43,0.0001,100,1.1,0,0.0025564,13.004,10.761,79600,85762.0,6.5008,298.1,217.84,1.9222,10.886,,29,,2.0433,0.1821,,,1.4697,0,,0,0,2,62,62,0,62.0,72678.0
78.6,60,100,116,0.0,140.61,441.62,0.0001,100,1.1,0,0.0024608,13.035,10.806,79666,85842.0,6.5032,298.05,200.76,1.9284,10.756,,29,,2.0381,0.18213,,,1.4745,0,,0,0,2,62,62,0,62.0,73227.0
78.8,60,100,116,0.0,139.87,430.02,0.0001,100,1.1,0,0.0024702,12.997,10.851,79732,85922.0,6.5047,298.02,189.68,1.9346,10.64,,29,,2.0449,0.18206,,,1.4792,0,,0,0,2,62,62,0,62.0,73776.0
79.0,60,100,116,0.0,138.52,422.25,0.0001,100,1.1,0,0.0023864,13.026,10.897,79798,86002.0,6.5062,297.99,176.16,1.9407,10.531,,29,,2.0357,0.18213,,,1.4839,0,,0,0,2,62,62,0,62.0,73495.0
79.2,60,100,116,0.0,136.55,411.04,0.0001,100,1.1,0,0.0023647,13.015,10.942,79863,86081.0,6.507,297.98,171.08,1.9467,10.435,,29,,2.03,0.18218,,,1.4885,0,,0,0,2,62,62,0,62.0,74047.0
79.4,60,100,116,0.0,134.27,406.25,0.0001,100,1.1,0,0.0023638,12.977,10.989,79928,86160.0,6.5064,297.97,168.82,1.9527,10.352,,29,,2.0402,0.18207,,,1.4932,0,,0,0,2,62,62,0,62.0,74769.0
79.6,60,100,116,0.0,132.22,403.38,0.0001,100,1.1,0,0.0022905,12.995,11.036,79992,86238.0,6.5069,297.96,165.32,1.9587,10.304,,29,,2.0374,0.18208,,,1.4977,0,,0,0,2,62,62,0,62.0,74494.0
79.8,60,100,116,0.0,129.97,399.09,0.0001,100,1.1,0,0.0022466,13.012,11.083,80056,86316.0,6.5071,297.93,151.99,1.9645,10.274,,29,,2.0254,0.18219,,,1.5022,0,,0,0,2,62,62,0,62.0,74720.0
80.0,60,100,116,0.0,127.66,119.73,422.31,100,1.1,0,0.0022451,12.972,11.13,80120,86393.0,6.5071,299.01,561.84,1.9703,10.277,,29,,2.0363,0.18207,,,1.5067,0,,0,0,2,62,62,0,62.0,74279.0
80.2,60,100,90,0.0,125.33,490.22,42.231,100,1.1,0,0.001373,13.864,11.173,80177,86462.0,6.5217,298.96,544.04,1.9749,10.288,,23,,1.7718,0.1846,,,1.5102,0,,0,0,2,62,62,0,62.0,74987.0
80.4,60,100,90,0.0,117.1,503.66,4.2231,100,1.1,0,0.0013709,13.844,11.217,80233,86528.0,6.5337,298.81,488.77,1.9788,10.089,,23,,1.7239,0.18504,,,1.5132,0,,0,0,2,62,62,0,62.0,74697.0
80.6,60,100,90,0.0,104.16,489.77,0.42231,100,1.1,0,0.0013644,13.794,11.261,80286,86592.0,6.5418,298.66,431.2,1.9826,9.8862,,23,,1.7296,0.18498,,,1.5161,0,,0,0,2,62,62,0,62.0,75076.0
80.8,60,100,90,0.0,87.975,469.1,0.042231,100,1.1,0,0.0013674,13.742,11.306,80336,86653.0,6.5445,298.52,377.41,1.9863,9.6937,,23,,1.743,0.18485,,,1.519,0,,0,0,2,62,62,0,62.0,75958.0
81.0,60,100,90,0.0,70.712,446.27,0.0042231,100,1.1,0,0.0012933,13.77,11.351,80383,86710.0,6.5414,298.38,323.2,1.99,9.5343,,23,,1.7326,0.18494,,,1.5218,0,,0,0,2,62,62,0,62.0,75336.0
81.2,60,100,90,0.0,54.69,417.7,0.00042231,100,1.1,0,0.0013031,13.689,11.395,80426,86764.0,6.529,298.25,274.36,1.9936,9.3549,,23,,1.7568,0.1847,,,1.5246,0,,0,0,2,62,62,0,62.0,76551.0
81.4,60,100,90,0.0,43.649,388.7,0.0001,100,1.1,0,0.0013091,13.631,11.441,80467,86816.0,6.5092,298.15,234.53,1.9973,9.2229,,23,,1.7754,0.18452,,,1.5274,0,,0,0,2,62,62,0,62.0,75768.0
81.6,60,100,90,0.0,40.504,362.97,0.0001,100,1.1,0,0.0012566,13.672,11.486,80508,86867.0,6.4915,298.04,194.8,2.0009,9.1383,,23,,1.7627,0.18463,,,1.5302,0,,0,0,2,62,62,0,62.0,76982.0
81.8,60,100,90,0.0,44.427,333.25,0.0001,100,1.1,0,0.0012426,13.682,11.53,80549,86919.0,6.4785,297.94,156.65,2.0044,9.0528,,23,,1.7568,0.18468,,,1.5329,0,,0,0,2,62,62,0,62.0,76694.0
82.0,60,100,90,0.0,53.526,99.974,348.95,100,1.1,0,0.0012555,13.659,11.574,80592,86973.0,6.4749,298.78,475.49,2.0079,8.9843,,23,,1.7655,0.18459,,,1.5356,0,,0,0,2,62,62,0,62.0,77405.0
82.2,60,100,90,0.0,64.068,386.8,34.895,100,1.1,0,0.0012371,13.681,11.617,80637,87028.0,6.4795,298.69,441.95,2.0113,8.9438,,23,,1.7616,0.18462,,,1.5383,0,,0,0,2,62,62,0,62.0,77445.0
82.4,60,100,90,0.0,72.753,379.36,3.4895,100,1.1,0,0.0012589,13.657,11.66,80684,87085.0,6.4876,298.53,379.53,2.0148,8.9061,,23,,1.7643,0.18459,,,1.5409,0,,0,0,2,62,62,0,62.0,77151.0
82.6,60,100,90,0.0,78.203,349.49,0.34895,100,1.1,0,0.0012464,13.673,11.703,80732,87144.0,6.4987,298.37,320.66,2.0183,8.8984,,23,,1.7539,0.18468,,,1.5436,0,,0,0,2,62,62,0,62.0,76525.0
82.8,60,100,90,0.0,79.218,317.3,0.034895,100,1.1,0,0.001278,13.624,11.747,80780,87203.0,6.5087,298.24,271.09,2.0219,8.9088,,23,,1.7586,0.18463,,,1.5464,0,,0,0,2,62,62,0,62.0,77569.0
83.0,60,100,90,0.0,76.268,287.68,0.0034895,100,1.1,0,0.0012742,13.591,11.792,80828,87261.0,6.5162,298.13,228.03,2.0254,8.9593,,23,,1.775,0.18447,,,1.5491,0,,0,0,2,62,62,0,62.0,78446.0
83.2,60,100,90,0.0,70.304,258.93,0.00034895,100,1.1,0,0.001283,13.549,11.836,80874,87318.0,6.5196,298.02,186.01,2.029,9.0339,,23,,1.7881,0.18434,,,1.5518,0,,0,0,2,62,62,0,62.0,78326.0
83.4,60,100,90,0.0,63.0,226.77,0.0001,100,1.1,0,0.0012976,13.473,11.881,80919,87374.0,6.5198,297.93,152.96,2.0326,9.1405,,23,,1.8188,0.18404,,,1.5546,0,,0,0,2,62,62,0,62.0,78206.0
83.6,60,100,90,0.0,55.6,68.032,238.48,100,1.1,0,0.0013137,13.43,11.926,80963,87428.0,6.5133,298.52,377.3,2.0362,9.2646,,23,,1.8289,0.18394,,,1.5574,0,,0,0,2,62,62,0,62.0,79255.0
83.8,60,100,90,0.0,50.841,268.0,23.848,100,1.1,0,0.0012941,13.422,11.971,81005,87482.0,6.5021,298.46,353.35,2.0399,9.4091,,23,,1.8259,0.18396,,,1.5602,0,,0,0,2,62,62,0,62.0,78639.0
84.0,60,100,90,0.0,50.537,261.53,2.3848,100,1.1,0,0.0013063,13.37,12.016,81048,87535.0,6.4915,298.35,313.58,2.0435,9.5461,1199.0,23,1734.5,1.845,0.18377,11.836,21.604,1.563,0,28.119,0,0,2,62,62,0,62.0,79356.0
84.2,60,100,90,0.0,54.452,243.36,0.23848,100,1.1,0,0.0012625,13.413,12.061,81091,87589.0,6.4856,298.25,275.82,2.0471,9.6827,,23,,1.8322,0.18388,,,1.5658,0,,0,0,2,62,62,0,62.0,79403.0
84.4,60,100,90,0.0,60.698,223.46,0.023848,100,1.1,0,0.0012675,13.39,12.106,81136,87644.0,6.4839,298.18,248.17,2.0507,9.7823,,23,,1.8377,0.18382,,,1.5685,0,,0,0,2,62,62,0,62.0,79284.0
84.6,60,100,90,0.0,67.645,208.92,0.0023848,100,1.1,0,0.0012706,13.391,12.15,81182,87701.0,6.4876,298.13,228.72,2.0543,9.8635,,23,,1.8326,0.18387,,,1.5713,0,,0,0,2,62,62,0,62.0,79662.0
84.8,60,100,90,0.0,73.111,198.86,0.00023848,100,1.1,0,0.001252,13.393,12.194,81229,87759.0,6.4932,298.08,208.49,2.0578,9.9234,,23,,1.8321,0.18386,,,1.5741,0,,0,0,2,62,62,0,62.0,79538.0
85.0,60,100,90,0.0,76.327,186.04,0.0001,100,1.1,0,0.0012463,13.4,12.237,81277,87818.0,6.4999,298.03,191.35,2.0614,9.9399,,23,,1.8229,0.18394,,,1.5768,0,,0,0,2,62,62,0,62.0,79413.0
85.2,60,100,90,0.0,76.885,174.06,0.0001,100,1.1,0,0.0012686,13.36,12.281,81325,87876.0,6.5054,297.99,175.88,2.065,9.9352,,23,,1.8278,0.18389,,,1.5796,0,,0,0,2,62,62,0,62.0,79623.0
85.4,60,100,90,0.0,75.242,161.85,0.0001,100,1.1,0,0.0012783,13.339,12.325,81372,87935.0,6.5086,297.96,163.43,2.0687,9.9268,,23,,1.8296,0.18387,,,1.5824,0,,0,0,2,62,62,0,62.0,80832.0
85.6,60,100,90,0.0,72.319,150.81,0.0001,100,1.1,0,0.0012794,13.303,12.369,81419,87993.0,6.5102,297.94,155.76,2.0723,9.9073,,23,,1.8426,0.18374,,,1.5852,0,,0,0,2,62,62,0,62.0,80711.0
85.8,60,100,90,0.0,68.774,45.243,160.2,100,1.1,0,0.0012613,13.295,12.413,81466,88050.0,6.5106,298.35,314.86,2.0759,9.8841,,23,,1.8471,0.18369,,,1.5879,0,,0,0,2,62,62,0,62.0,81422.0
86.0,60,100,90,0.0,65.076,185.37,16.02,100,1.1,0,0.0012567,13.284,12.457,81511,88106.0,6.5087,298.34,308.24,2.0795,9.8504,,23,,1.8424,0.18372,,,1.5907,0,,0,0,2,62,62,0,62.0,81800.0
86.2,60,100,90,0.0,62.114,189.66,1.602,100,1.1,0,0.0012277,13.278,12.501,81556,88162.0,6.5062,298.29,288.95,2.083,9.8091,,23,,1.8441,0.1837,,,1.5934,0,,0,0,2,62,62,0,62.0,81510.0
86.4,60,100,90,0.0,60.14,185.23,0.1602,100,1.1,0,0.0012472,13.229,12.545,81600,88217.0,6.5019,298.23,267.4,2.0866,9.7578,,23,,1.8585,0.18356,,,1.5962,0,,0,0,2,62,62,0,62.0,82387.0
86.6,60,100,90,0.0,59.903,177.17,0.01602,100,1.1,0,0.0012415,13.194,12.59,81645,88272.0,6.4975,298.18,248.02,2.0901,9.7161,,23,,1.875,0.18339,,,1.5989,0,,0,0,2,62,62,0,62.0,81266.0
86.8,60,100,90,0.0,61.431,169.01,0.001602,100,1.1,0,0.0012582,13.155,12.634,81689,88328.0,6.4939,298.14,231.99,2.0937,9.6906,,23,,1.8866,0.18328,,,1.6017,0,,0,0,2,62,62,0,62.0,82981.0
87.0,60,100,90,0.0,64.403,161.92,0.0001602,100,1.1,0,0.0012194,13.194,12.679,81735,88384.0,6.4927,298.11,219.14,2.0973,9.7022,,23,,1.8758,0.18337,,,1.6044,0,,0,0,2,62,62,0,62.0,81525.0
87.2,60,100,90,0.0,67.855,156.05,0.0001,100,1.1,0,0.0012229,13.165,12.723,81781,88441.0,6.4935,298.09,211.63,2.1008,9.7007,,23,,1.8878,0.18325,,,1.6071,0,,0,0,2,62,62,0,62.0,82070.0
87.4,60,100,90,0.0,70.951,153.63,0.0001,100,1.1,0,0.0011825,13.224,12.765,81827,88498.0,6.4971,298.07,203.98,2.1043,9.7121,,23,,1.8662,0.18345,,,1.6098,0,,0,0,2,62,62,0,62.0,82441.0
87.6,60,100,90,0.0,72.614,150.27,0.0001,100,1.1,0,0.0011881,13.208,12.808,81874,88556.0,6.5024,298.05,196.66,2.1077,9.6869,,23,,1.8605,0.1835,,,1.6124,0,,0,0,2,62,62,0,62.0,82478.0
87.8,60,100,90,0.0,72.176,146.47,0.0001,100,1.1,0,0.0011704,13.215,12.85,81921,88614.0,6.5074,298.03,188.33,2.1111,9.657,,23,,1.8571,0.18353,,,1.6151,0,,0,0,2,62,62,0,62.0,83012.0
88.0,60,100,90,0.0,69.747,141.06,0.0001,100,1.1,0,0.0011883,13.174,12.893,81968,88671.0,6.5101,298.01,183.2,2.1145,9.6098,,23,,1.8601,0.18349,,,1.6177,0,,0,0,2,62,62,0,62.0,83049.0
88.2,60,100,90,0.0,66.227,137.72,0.0001,100,1.1,0,0.0011844,13.145,12.935,82013,88727.0,6.5095,298.01,181.27,2.118,9.5882,,23,,1.869,0.1834,,,1.6204,0,,0,0,2,62,62,0,62.0,83419.0
88.4,60,100,90,0.0,62.942,136.64,0.0001,100,1.1,0,0.0011814,13.12,12.978,82058,88783.0,6.5071,298.0,178.48,2.1214,9.5757,,23,,1.8755,0.18333,,,1.623,0,,0,0,2,62,62,0,62.0,83456.0
88.6,60,100,90,0.0,60.638,134.57,0.0001,100,1.1,0,0.0011617,13.116,13.02,82103,88838.0,6.5054,297.99,175.32,2.1248,9.5674,,23,,1.8773,0.18331,,,1.6257,0,,0,0,2,62,62,0,62.0,83992.0
88.8,60,100,90,0.0,59.001,131.92,0.0001,100,1.1,0,0.0011756,13.074,13.063,82147,88893.0,6.5036,297.99,171.94,2.1283,9.5511,,23,,1.8895,0.18318,,,1.6283,0,,0,0,2,62,62,0,62.0,83862.0
89.0,60,100,90,0.0,58.08,128.78,0.0001,100,1.1,0,0.0011563,13.088,13.105,82191,88948.0,6.5017,297.98,168.85,2.1317,9.5504,,23,,1.8832,0.18324,,,1.6309,0,,0,0,2,62,62,0,62.0,83399.0
89.2,60,100,90,0.0,57.935,125.57,0.0001,100,1.1,0,0.0011647,13.072,13.147,82235,89002.0,6.4995,297.97,166.85,2.135,9.5378,,23,,1.8843,0.18322,,,1.6335,0,,0,0,2,62,62,0,62.0,83934.0
89.4,60,100,90,0.0,58.644,123.03,0.0001,100,1.1,0,0.0011583,13.058,13.189,82280,89057.0,6.4963,297.96,161.48,2.1384,9.5229,,23,,1.8879,0.18318,,,1.6361,0,,0,0,2,62,62,0,62.0,84968.0
89.6,60,100,90,0.0,60.661,117.29,0.0001,100,1.1,0,0.0011477,13.08,13.232,82324,89112.0,6.4954,297.94,156.05,2.1417,9.5114,,23,,1.8711,0.18333,,,1.6387,0,,0,0,2,62,62,0,62.0,85170.0
89.8,60,100,90,0.0,62.997,35.188,129.02,100,1.1,0,0.0011261,13.11,13.273,82369,89168.0,6.4964,298.27,283.62,2.145,9.5036,,23,,1.8522,0.18351,,,1.6412,0,,0,0,2,62,62,0,62.0,84701.0
90.0,60,100,90,0.0,64.967,145.81,12.902,100,1.1,0,0.0011391,13.071,13.315,82414,89224.0,6.498,298.26,278.3,2.1483,9.4793,,23,,1.862,0.18341,,,1.6438,0,,0,0,2,62,62,0,62.0,85902.0
90.2,75,100,90,0.0,66.304,148.85,1.2902,100,1.1,0,0.0011322,13.546,13.357,82460,89280.0,6.5007,298.22,261.98,1.7543,9.4798,,23,,1.7925,0.18823,,,1.6758,0,,0,0,2,62,62,0,62.0,85434.0
90.4,75,100,90,0.0,66.541,144.23,0.12902,100,1.1,0,0.0011464,13.52,13.398,82506,89336.0,6.503,298.18,248.46,1.7326,9.4686,,23,,1.7275,0.18876,,,1.6549,0,,0,0,2,62,62,0,62.0,86467.0
90.6,75,100,90,0.0,65.848,140.73,0.012902,100,1.1,0,0.0011281,13.534,13.44,82551,89393.0,6.5024,298.15,236.55,1.7336,9.4661,,23,,1.7095,0.18889,,,1.6558,0,,0,0,2,62,62,0,62.0,86332.0
90.8,75,100,90,0.0,65.411,137.31,0.0012902,100,1.1,0,0.001132,13.517,13.481,82596,89449.0,6.4993,298.13,226.75,1.7361,9.4515,,23,,1.7041,0.18893,,,1.6583,0,,0,0,2,62,62,0,62.0,85697.0
91.0,75,100,90,0.0,66.23,134.58,0.00012902,100,1.1,0,0.0011254,13.506,13.523,82642,89505.0,6.4952,298.1,217.08,1.7387,9.4395,,23,,1.7075,0.1889,,,1.6608,0,,0,0,2,62,62,0,62.0,85895.0
91.2,75,100,90,0.0,68.692,130.99,0.0001,100,1.1,0,0.0011404,13.47,13.564,82688,89562.0,6.493,298.08,208.98,1.7413,9.4263,,23,,1.7213,0.18879,,,1.6633,0,,0,0,2,62,62,0,62.0,86593.0
91.4,75,100,90,0.0,71.992,127.87,0.0001,100,1.1,0,0.0011353,13.472,13.605,82735,89619.0,6.493,298.05,198.78,1.744,9.4186,,23,,1.7212,0.18879,,,1.6658,0,,0,0,2,62,62,0,62.0,86289.0
91.6,75,100,90,0.0,75.324,122.1,0.0001,100,1.1,0,0.0011387,13.47,13.646,82782,89677.0,6.4971,298.03,190.06,1.7466,9.4046,,23,,1.7183,0.1888,,,1.6684,0,,0,0,2,62,62,0,62.0,86984.0
91.8,75,100,90,0.0,76.98,116.69,0.0001,100,1.1,0,0.0011871,13.397,13.688,82830,89736.0,6.5002,298.02,183.57,1.7493,9.3933,,23,,1.7392,0.18864,,,1.671,0,,0,0,2,62,62,0,62.0,86852.0
92.0,75,100,90,0.0,77.429,112.39,0.0001,100,1.1,0,0.0012049,13.362,13.73,82878,89794.0,6.5039,298.01,179.61,1.7521,9.4312,,23,,1.7487,0.18856,,,1.6736,0,,0,0,2,62,62,0,62.0,88220.0
92.2,75,100,90,0.0,76.396,109.65,0.0001,100,1.1,0,0.0012272,13.308,13.773,82925,89853.0,6.5067,297.99,174.47,1.7549,9.4932,,23,,1.7677,0.18841,,,1.6763,0,,0,0,2,62,62,0,62.0,88256.0
92.4,75,100,90,0.0,74.219,105.46,0.0001,100,1.1,0,0.0012268,13.278,13.815,82973,89911.0,6.5082,297.98,170.27,1.7577,9.5812,,23,,1.7774,0.18833,,,1.679,0,,0,0,2,62,62,0,62.0,87126.0
92.6,75,100,90,0.0,71.482,101.62,0.0001,100,1.1,0,0.0012527,13.219,13.858,83019,89969.0,6.5085,297.98,168.12,1.7606,9.6881,,23,,1.7961,0.18819,,,1.6818,0,,0,0,2,62,62,0,62.0,88000.0
92.8,75,100,90,0.0,68.614,99.156,0.0001,100,1.1,0,0.0012492,13.21,13.902,83065,90027.0,6.5093,297.98,167.43,1.7635,9.8119,,23,,1.7948,0.18819,,,1.6846,0,,0,0,2,62,62,0,62.0,88205.0
93.0,75,100,90,0.0,65.423,97.725,0.0001,100,1.1,0,0.0012332,13.22,13.945,83111,90083.0,6.5076,297.97,165.98,1.7663,9.9292,,23,,1.7868,0.18825,,,1.6873,0,,0,0,2,62,62,0,62.0,89078.0
93.2,75,100,90,0.0,62.913,95.544,0.0001,100,1.1,0,0.0012391,13.174,13.988,83156,90139.0,6.5031,297.97,165.21,1.7692,10.043,,23,,1.81,0.18806,,,1.69,0,,0,0,2,62,62,0,62.0,88617.0
93.4,75,100,90,0.0,62.182,93.832,0.0001,100,1.1,0,0.0012308,13.157,14.03,83201,90196.0,6.4985,297.96,163.0,1.772,10.151,,23,,1.8227,0.18796,,,1.6928,0,,0,0,2,62,62,0,62.0,87989.0
93.6,75,100,90,0.0,63.306,90.775,0.0001,100,1.1,0,0.0012182,13.149,14.073,83246,90252.0,6.497,297.96,162.06,1.7748,10.24,,23,,1.8302,0.1879,,,1.6955,0,,0,0,2,62,62,0,62.0,88527.0
93.8,75,100,90,0.0,65.023,88.651,0.0001,100,1.1,0,0.0012172,13.145,14.116,83292,90308.0,6.4945,297.96,160.32,1.7776,10.322,,23,,1.8269,0.18792,,,1.6981,0,,0,0,2,62,62,0,62.0,88399.0
94.0,75,100,90,0.0,67.754,85.71,0.0001,100,1.1,0,0.0012338,13.124,14.159,83338,90366.0,6.4927,297.95,158.83,1.7804,10.382,,23,,1.8308,0.18788,,,1.7008,0,,0,0,2,62,62,0,62.0,89438.0
94.2,75,100,90,0.0,71.189,82.844,0.0001,100,1.1,0,0.0012313,13.121,14.202,83384,90424.0,6.4903,297.95,158.69,1.7832,10.427,,23,,1.8331,0.18786,,,1.7035,0,,0,0,2,62,62,0,62.0,89643.0
94.4,75,100,90,0.0,75.579,81.005,0.0001,100,1.1,0,0.0012031,13.144,14.244,83432,90482.0,6.4901,297.95,156.65,1.786,10.449,,23,,1.825,0.18792,,,1.7062,0,,0,0,2,62,62,0,62.0,90343.0
94.6,75,100,90,0.0,80.049,24.302,92.866,100,1.1,0,0.0012031,13.146,14.286,83480,90542.0,6.4933,298.19,254.16,1.7888,10.432,,23,,1.8146,0.18799,,,1.7089,0,,0,0,2,62,62,0,62.0,90378.0
94.8,75,100,90,0.0,83.251,107.17,9.2866,100,1.1,0,0.0011866,13.162,14.328,83530,90602.0,6.498,298.19,251.95,1.7915,10.395,,23,,1.8079,0.18804,,,1.7115,0,,0,0,2,62,62,0,62.0,90577.0
95.0,75,100,90,0.0,84.567,110.68,0.92866,100,1.1,0,0.0011733,13.154,14.369,83579,90662.0,6.5026,298.16,240.61,1.7942,10.337,,23,,1.8146,0.18798,,,1.7141,0,,0,0,2,62,62,0,62.0,90610.0
95.2,75,100,90,0.0,84.054,107.92,0.092866,100,1.1,0,0.0011597,13.138,14.411,83628,90722.0,6.5081,298.13,230.01,1.7969,10.278,,23,,1.8333,0.18783,,,1.7167,0,,0,0,2,62,62,0,62.0,90475.0
95.4,75,100,90,0.0,81.333,104.93,0.0092866,100,1.1,0,0.0011413,13.144,14.452,83677,90782.0,6.5117,298.11,220.87,1.7996,10.197,,23,,1.8284,0.18787,,,1.7192,0,,0,0,2,62,62,0,62.0,91005.0
95.6,75,100,90,0.0,77.185,102.19,0.00092866,100,1.1,0,0.0011532,13.091,14.493,83724,90841.0,6.5126,298.09,211.65,1.8022,10.106,,23,,1.8425,0.18775,,,1.7218,0,,0,0,2,62,62,0,62.0,91369.0
95.8,75,100,90,0.0,72.675,98.494,0.0001,100,1.1,0,0.0011358,13.084,14.535,83771,90899.0,6.51,298.07,203.03,1.8049,10.025,,23,,1.8399,0.18777,,,1.7244,0,,0,0,2,62,62,0,62.0,91399.0
96.0,75,100,90,0.0,69.216,94.451,0.0001,100,1.1,0,0.0011593,13.031,14.577,83818,90956.0,6.5035,298.05,196.67,1.8076,9.9523,1200.9,23,1702.9,1.8482,0.1877,14.411,23.141,1.7269,0,37.349,0,0,2,62,62,0,62.0,91934.0
96.2,75,100,90,0.0,68.34,91.556,0.0001,100,1.1,0,0.0011507,13.019,14.619,83864,91013.0,6.4996,298.03,189.17,1.8103,9.9169,,23,,1.8562,0.18764,,,1.7295,0,,0,0,2,62,62,0,62.0,91634.0
96.4,75,100,90,0.0,69.018,87.034,0.0001,100,1.1,0,0.0011642,12.98,14.661,83910,91070.0,6.4936,298.02,183.77,1.813,9.8885,,23,,1.8662,0.18755,,,1.7321,0,,0,0,2,62,62,0,62.0,91337.0
96.6,75,100,90,0.0,72.111,83.646,0.0001,100,1.1,0,0.0011433,13.003,14.703,83956,91128.0,6.4924,298.0,177.28,1.8157,9.8981,,23,,1.8577,0.18761,,,1.7347,0,,0,0,2,62,62,0,62.0,91870.0
96.8,75,100,90,0.0,75.64,78.769,0.0001,100,1.1,0,0.0011716,12.948,14.745,84004,91187.0,6.4937,297.98,170.91,1.8184,9.9007,,23,,1.8901,0.18736,,,1.7373,0,,0,0,2,62,62,0,62.0,93070.0
97.0,75,100,90,0.0,78.673,73.418,0.0001,100,1.1,0,0.0011873,12.917,14.787,84052,91246.0,6.4964,297.98,167.22,1.8212,9.9172,,23,,1.896,0.18731,,,1.74,0,,0,0,2,62,62,0,62.0,92438.0
97.2,75,100,90,0.0,80.638,69.772,0.0001,100,1.1,0,0.0012109,12.878,14.829,84100,91306.0,6.4984,297.97,164.26,1.824,9.9507,,23,,1.9047,0.18724,,,1.7427,0,,0,0,2,62,62,0,62.0,92308.0
97.4,75,100,90,0.0,81.82,66.366,0.0001,100,1.1,0,0.0012258,12.832,14.873,84149,91366.0,6.5002,297.97,164.56,1.8268,10.013,,23,,1.9242,0.18709,,,1.7454,0,,0,0,2,62,62,0,62.0,92847.0
97.6,75,100,90,0.0,82.26,65.486,0.0001,100,1.1,0,0.0012271,12.811,14.915,84198,91426.0,6.5013,297.97,164.53,1.8297,10.1,,23,,1.937,0.18698,,,1.7482,0,,0,0,2,62,62,0,62.0,92219.0
97.8,75,100,90,0.0,82.258,64.286,0.0001,100,1.1,0,0.0012271,12.807,14.958,84247,91487.0,6.504,297.97,164.46,1.8325,10.19,,23,,1.9336,0.187,,,1.7509,0,,0,0,2,62,62,0,62.0,93423.0
98.0,75,100,90,0.0,81.17,63.05,0.0001,100,1.1,0,0.001226,12.795,15.001,84296,91547.0,6.5061,297.97,164.91,1.8354,10.269,,23,,1.9258,0.18706,,,1.7537,0,,0,0,2,62,62,0,62.0,93795.0
98.2,75,100,90,0.0,79.27,62.26,0.0001,100,1.1,0,0.0012086,12.795,15.043,84344,91606.0,6.5087,297.97,164.47,1.8382,10.351,,23,,1.9224,0.18708,,,1.7564,0,,0,0,2,62,62,0,62.0,93831.0
98.4,75,100,90,0.0,76.318,60.737,0.0001,100,1.1,0,0.0012232,12.737,15.086,84391,91666.0,6.51,297.97,164.59,1.8411,10.414,,23,,1.9499,0.18686,,,1.7591,0,,0,0,2,62,62,0,62.0,94370.0
98.6,75,100,90,0.0,72.825,59.666,0.0001,100,1.1,0,0.0012072,12.748,15.129,84438,91724.0,6.5101,297.97,164.95,1.8439,10.481,,23,,1.9378,0.18695,,,1.7619,0,,0,0,2,62,62,0,62.0,93407.0
98.8,75,100,90,0.0,69.318,58.803,0.0001,100,1.1,0,0.0012067,12.706,15.172,84485,91782.0,6.5081,297.97,165.64,1.8468,10.543,,23,,1.957,0.1868,,,1.7646,0,,0,0,2,62,62,0,62.0,94611.0
99.0,75,100,90,0.0,66.612,58.262,0.0001,100,1.1,0,0.0011929,12.714,15.214,84531,91839.0,6.5042,297.98,167.12,1.8496,10.586,,23,,1.9448,0.18689,,,1.7673,0,,0,0,2,62,62,0,62.0,94482.0
99.2,75,100,90,0.0,65.442,58.442,0.0001,100,1.1,0,0.0011954,12.691,15.258,84576,91896.0,6.5002,297.98,169.29,1.8524,10.625,,23,,1.9421,0.1869,,,1.77,0,,0,0,2,62,62,0,62.0,95189.0
99.4,75,100,90,0.0,65.869,59.342,0.0001,100,1.1,0,0.001189,12.689,15.301,84622,91953.0,6.4961,297.98,169.2,1.8552,10.671,,23,,1.9371,0.18694,,,1.7727,0,,0,0,2,62,62,0,62.0,95565.0
99.6,75,100,90,0.0,67.948,58.498,0.0001,100,1.1,0,0.0011983,12.658,15.345,84668,92011.0,6.4949,297.98,169.73,1.858,10.731,,23,,1.9443,0.18687,,,1.7754,0,,0,0,2,62,62,0,62.0,94942.0
99.8,75,100,90,0.0,70.512,58.212,0.0001,100,1.1,0,0.0012152,12.616,15.389,84714,92069.0,6.4956,297.98,170.18,1.8609,10.798,,23,,1.9621,0.18673,,,1.7781,0,,0,0,2,62,62,0,62.0,94653.0
100.0,75,100,90,0.0,72.803,57.902,0.0001,100,1.1,0,0.0012023,12.633,15.433,84761,92128.0,6.4979,297.98,170.38,1.8637,10.861,,23,,1.9434,0.18687,,,1.7809,0,,0,0,2,62,62,0,62.0,95695.0
100.2,75,100,90,0.0,74.173,57.419,0.0001,100,1.0,-4000,0.0011998,11.803,15.476,84106,91386.0,6.5272,297.98,169.34,1.8566,10.907,,23,,1.9143,0.18711,,,1.774,0,,0,0,2,62,62,0,62.0,95735.0
100.4,75,100,90,0.0,63.731,55.889,0.0001,100,1.0,-4000,0.0012155,11.764,15.52,83449,90643.0,6.547,297.98,168.86,1.8446,10.917,,23,,1.8939,0.18728,,,1.7625,0,,0,0,2,62,62,0,62.0,96444.0
100.6,75,100,90,0.0,45.472,54.775,0.0001,100,1.0,-4000,0.0012333,11.673,15.565,82789,89896.0,6.5519,297.98,170.67,1.8322,10.919,,23,,1.8968,0.18729,,,1.7506,0,,0,0,2,62,62,0,62.0,96825.0
100.8,75,100,90,0.5203,22.736,55.59,0.0001,100,1.0,-4000,0.0012569,11.539,15.611,82124,89145.0,6.5331,298.0,175.11,1.8198,10.917,,23,,1.9263,0.18708,,,1.7386,0,,0,0,2,62,62,0,62.0,96212.0
101.0,75,100,90,0.0,10.107,58.861,0.0001,100,1.0,-4000,0.0012724,11.474,15.658,81457,88392.0,6.5025,298.01,180.73,1.8073,10.93,,23,,1.9154,0.18719,,,1.7267,0,,0,0,2,62,62,0,62.0,97438.0
101.2,75,100,90,0.0,9.669,63.581,0.0001,100,1.0,-4000,0.0012987,11.409,15.705,80790,87638.0,6.4734,298.02,185.87,1.7949,10.951,,23,,1.9148,0.18722,,,1.7148,0,,0,0,2,62,62,0,62.0,96833.0
101.4,75,100,90,0.0,20.814,68.426,0.0001,100,1.0,-4000,0.0013587,11.359,15.754,80125,86887.0,6.4576,298.03,190.32,1.7826,10.978,,23,,1.8976,0.18737,,,1.7029,0,,0,0,2,62,62,0,62.0,96898.0
101.6,75,100,90,0.0,38.273,73.197,0.0001,100,1.0,-4000,0.0013453,11.418,15.801,79463,86139.0,6.4602,298.03,189.42,1.7702,11.009,,23,,1.8577,0.1877,,,1.6911,0,,0,0,2,62,62,0,62.0,97125.0
101.8,75,100,90,0.0,54.639,73.595,0.0001,100,1.0,-4000,0.0013742,11.428,15.848,78805,85394.0,6.4781,298.03,187.43,1.7578,11.007,,23,,1.8247,0.18797,,,1.6792,0,,0,0,2,62,62,0,62.0,96851.0
102.0,75,100,90,0.0,63.859,73.002,0.0001,100,1.0,-4000,0.0013758,11.454,15.895,78149,84652.0,6.5023,298.02,184.57,1.7454,10.978,,23,,1.7864,0.18829,,,1.6672,0,,0,0,2,62,62,0,62.0,97243.0
102.2,75,100,90,0.0,63.436,71.416,0.0001,100,1.0,0,0.0013505,11.463,15.942,78195,84709.0,6.4987,298.01,181.41,1.7434,10.911,,23,,1.7722,0.1884,,,1.6653,0,,0,0,2,62,62,0,62.0,97634.0
102.4,75,100,90,0.0,64.548,69.279,0.0001,100,1.0,0,0.0013785,11.403,15.99,78241,84767.0,6.4945,298.01,181.23,1.746,10.823,,23,,1.783,0.18831,,,1.6678,0,,0,0,2,62,62,0,62.0,97698.0
102.6,75,100,90,0.0,67.273,69.586,0.0001,100,1.0,0,0.0014068,11.344,16.038,78288,84825.0,6.4914,298.01,182.02,1.749,10.768,,23,,1.8034,0.18815,,,1.6707,0,,0,0,2,62,62,0,62.0,98094.0
102.8,75,100,90,0.0,71.246,70.705,0.0001,100,1.0,0,0.0014085,11.345,16.086,78335,84884.0,6.4918,298.01,181.4,1.7521,10.724,,23,,1.7967,0.1882,,,1.6736,0,,0,0,2,62,62,0,62.0,97658.0
103.0,75,100,90,0.0,75.04,70.588,0.0001,100,1.0,0,0.0013857,11.357,16.134,78383,84944.0,6.4921,298.0,178.78,1.7551,10.682,,23,,1.7949,0.18821,,,1.6765,0,,0,0,2,62,62,0,62.0,98219.0
103.2,75,100,90,0.0,78.706,68.587,0.0001,100,1.0,0,0.0013878,11.358,16.181,78432,85004.0,6.4945,298.0,175.71,1.7581,10.633,,23,,1.7919,0.18822,,,1.6794,0,,0,0,2,62,62,0,62.0,98611.0
103.4,75,100,90,0.0,81.425,65.953,0.0001,100,1.0,0,0.0013602,11.391,16.227,78481,85065.0,6.4992,297.99,172.23,1.7611,10.584,,23,,1.7772,0.18833,,,1.6823,0,,0,0,2,62,62,0,62.0,99501.0
103.6,75,100,90,0.0,82.265,62.639,0.0001,100,1.0,0,0.0013798,11.362,16.274,78530,85126.0,6.5029,297.98,170.32,1.764,10.522,,23,,1.7757,0.18833,,,1.6851,0,,0,0,2,62,62,0,62.0,99392.0
103.8,75,100,90,0.0,81.641,60.442,0.0001,100,1.0,0,0.0013679,11.343,16.32,78580,85187.0,6.5069,297.98,169.0,1.767,10.482,,23,,1.7958,0.18818,,,1.688,0,,0,0,2,62,62,0,62.0,99614.0
104.0,75,100,90,0.0,79.387,58.554,0.0001,100,1.0,0,0.0013634,11.323,16.367,78628,85248.0,6.5101,297.98,168.18,1.77,10.44,,23,,1.806,0.18809,,,1.6908,0,,0,0,2,62,62,0,62.0,99171.0
104.2,75,100,90,0.0,75.855,56.996,0.0001,100,1.0,0,0.0013651,11.283,16.414,78677,85308.0,6.5117,297.98,168.53,1.7729,10.41,,23,,1.8189,0.18799,,,1.6937,0,,0,0,2,62,62,0,62.0,99897.0
104.4,75,100,90,0.0,71.703,56.415,0.0001,100,1.0,0,0.0013995,11.196,16.462,78724,85367.0,6.5086,297.98,171.02,1.776,10.408,,23,,1.8451,0.18778,,,1.6966,0,,0,0,2,62,62,0,62.0,100630.0
104.6,75,100,90,0.0,68.784,57.811,0.0001,100,1.0,0,0.00139,11.184,16.51,78770,85426.0,6.5058,297.99,173.16,1.779,10.457,,23,,1.8437,0.18779,,,1.6995,0,,0,0,2,62,62,0,62.0,100690.0
104.8,75,100,90,0.0,66.967,59.101,0.0001,100,1.0,0,0.0013938,11.15,16.558,78817,85484.0,6.5032,297.99,174.96,1.782,10.522,,23,,1.8589,0.18767,,,1.7024,0,,0,0,2,62,62,0,62.0,99754.0
105.0,75,100,90,0.0,66.199,60.291,0.0001,100,1.0,0,0.0014124,11.113,16.606,78863,85542.0,6.5006,298.0,177.04,1.7851,10.593,,23,,1.8687,0.18759,,,1.7053,0,,0,0,2,62,62,0,62.0,101320.0
105.2,75,100,90,0.0,66.459,61.923,0.0001,100,1.0,0,0.0014073,11.118,16.654,78909,85600.0,6.4989,298.0,177.27,1.7881,10.673,,23,,1.8604,0.18765,,,1.7083,0,,0,0,2,62,62,0,62.0,101380.0
105.4,75,100,90,0.0,67.411,62.059,0.0001,100,1.0,0,0.0014138,11.09,16.702,78956,85659.0,6.4984,298.0,178.7,1.7912,10.751,,23,,1.8696,0.18757,,,1.7112,0,,0,0,2,62,62,0,62.0,100610.0
105.6,75,100,90,0.0,68.552,63.351,0.0001,100,1.0,0,0.0013662,11.132,16.749,79002,85717.0,6.5001,298.0,178.45,1.7942,10.833,,23,,1.8607,0.18763,,,1.7141,0,,0,0,2,62,62,0,62.0,100840.0
105.8,75,100,90,0.0,69.03,63.229,0.0001,100,1.0,0,0.0013455,11.149,16.796,79049,85776.0,6.502,298.0,176.37,1.7972,10.884,,23,,1.8478,0.18772,,,1.717,0,,0,0,2,62,62,0,62.0,101890.0
106.0,75,100,90,0.0,68.732,61.433,0.0001,100,1.0,0,0.0013152,11.162,16.842,79096,85835.0,6.504,297.99,174.43,1.8001,10.924,,23,,1.8512,0.18769,,,1.7198,0,,0,0,2,62,62,0,62.0,101620.0
106.2,75,100,90,0.0,67.653,59.607,0.0001,100,1.0,0,0.0013226,11.132,16.888,79142,85893.0,6.504,297.99,172.41,1.803,10.93,,23,,1.8562,0.18765,,,1.7226,0,,0,0,2,62,62,0,62.0,102500.0
106.4,75,100,90,0.0,66.593,57.501,0.0001,100,1.0,0,0.0012875,11.161,16.934,79189,85951.0,6.5039,297.98,169.86,1.8059,10.935,,23,,1.85,0.18769,,,1.7253,0,,0,0,2,62,62,0,62.0,102220.0
106.6,75,100,90,0.0,65.552,54.723,0.0001,100,1.0,0,0.0013083,11.109,16.98,79235,86009.0,6.5023,297.98,169.72,1.8088,10.902,,23,,1.8629,0.18759,,,1.7281,0,,0,0,2,62,62,0,62.0,102610.0
106.8,75,100,90,0.0,65.159,53.904,0.0001,100,1.0,0,0.0013336,11.085,17.027,79281,86067.0,6.4999,297.98,170.47,1.8117,10.864,,23,,1.8516,0.18767,,,1.7309,0,,0,0,2,62,62,0,62.0,103830.0
107.0,75,100,90,0.0,65.728,53.825,0.0001,100,1.0,0,0.0013238,11.085,17.073,79327,86125.0,6.4982,297.98,170.42,1.8146,10.836,,23,,1.8418,0.18774,,,1.7337,0,,0,0,2,62,62,0,62.0,102560.0
107.2,75,100,90,0.0,66.98,53.081,0.0001,100,1.0,0,0.0012936,11.081,17.119,79373,86183.0,6.4976,297.98,169.81,1.8175,10.804,,23,,1.8607,0.18759,,,1.7365,0,,0,0,2,62,62,0,62.0,102940.0
107.4,75,100,90,0.0,68.445,51.838,0.0001,100,1.0,0,0.0012889,11.06,17.165,79420,86241.0,6.4965,297.98,169.79,1.8204,10.769,,23,,1.8782,0.18745,,,1.7392,0,,0,0,2,62,62,0,62.0,103160.0
107.6,75,100,90,0.0,70.351,51.079,0.0001,100,1.0,0,0.0012907,11.048,17.211,79467,86300.0,6.4965,297.98,169.24,1.8232,10.735,,23,,1.8852,0.18739,,,1.742,0,,0,0,2,62,62,0,62.0,104720.0
107.8,75,100,90,0.0,72.261,49.829,0.0001,100,1.0,0,0.0012855,11.047,17.257,79514,86359.0,6.4984,297.98,169.88,1.8261,10.707,,23,,1.8816,0.18741,,,1.7447,0,,0,0,2,62,62,0,62.0,104940.0
108.0,75,100,90,0.0,73.433,49.615,0.0001,100,1.0,0,0.0012612,11.069,17.303,79562,86418.0,6.5012,297.98,169.49,1.8289,10.686,1200.5,23,1677.8,1.8811,0.18741,17.119,24.758,1.7474,0,46.621,0,0,2,62,62,0,62.0,103990.0
108.2,75,100,90,0.0,73.453,48.506,0.0001,100,1.0,0,0.0012159,11.133,17.347,79609,86478.0,6.5056,297.97,167.46,1.8316,10.656,,23,,1.8625,0.18755,,,1.7501,0,,0,0,2,62,62,0,62.0,104700.0
108.4,75,100,90,0.0,71.708,45.889,0.0001,100,1.0,0,0.0011792,11.173,17.39,79657,86536.0,6.5099,297.97,164.95,1.8343,10.586,,23,,1.8449,0.18768,,,1.7526,0,,0,0,2,62,62,0,62.0,105570.0
108.6,75,100,90,0.0,68.262,42.665,0.0001,100,1.0,0,0.0011761,11.164,17.434,79703,86594.0,6.5129,297.97,164.34,1.8369,10.502,,23,,1.8402,0.18771,,,1.7551,0,,0,0,2,62,62,0,62.0,104950.0
108.8,75,100,90,0.0,63.617,40.928,0.0001,100,1.0,0,0.0011701,11.151,17.478,79749,86651.0,6.5112,297.97,164.7,1.8395,10.427,,23,,1.834,0.18775,,,1.7576,0,,0,0,2,62,62,0,62.0,104830.0
109.0,75,100,90,0.0,59.652,39.98,0.0001,100,1.0,0,0.0011949,11.084,17.523,79794,86707.0,6.5067,297.97,166.8,1.8421,10.369,,23,,1.8523,0.1876,,,1.7601,0,,0,0,2,62,62,0,62.0,104370.0
109.2,75,100,90,0.0,57.512,40.622,0.0001,100,1.0,0,0.0012043,11.033,17.568,79838,86763.0,6.4992,297.98,169.37,1.8448,10.356,,23,,1.877,0.18741,,,1.7627,0,,0,0,2,62,62,0,62.0,105260.0
109.4,75,100,90,0.0,58.38,41.854,0.0001,100,1.0,0,0.0011653,11.09,17.612,79882,86819.0,6.494,297.98,171.0,1.8473,10.354,,23,,1.8661,0.18749,,,1.7651,0,,0,0,2,62,62,0,62.0,106470.0
109.6,75,100,90,0.0,61.299,42.479,0.0001,100,1.0,0,0.0011569,11.105,17.655,79927,86875.0,6.4915,297.98,170.99,1.8499,10.336,,23,,1.8595,0.18753,,,1.7676,0,,0,0,2,62,62,0,62.0,105340.0
109.8,75,100,90,0.0,65.193,41.808,0.0001,100,1.0,0,0.0011384,11.122,17.699,79973,86933.0,6.4908,297.98,171.1,1.8524,10.308,,23,,1.8486,0.18761,,,1.77,0,,0,0,2,62,62,0,62.0,106220.0
110.0,75,100,90,0.0,69.398,41.271,0.0001,100,1.0,0,0.0011148,11.173,17.741,80020,86990.0,6.4934,297.98,169.7,1.8549,10.271,,23,,1.8266,0.18777,,,1.7724,0,,0,0,2,62,62,0,62.0,106420.0
110.2,75,100,90,0.0,72.542,39.378,0.0001,100,1.0,0,0.0011272,11.144,17.784,80067,87049.0,6.4943,297.98,169.15,1.8573,10.214,,23,,1.8376,0.18769,,,1.7748,0,,0,0,2,62,62,0,62.0,106290.0
110.4,75,100,90,0.0,75.344,38.15,0.0001,100,1.0,0,0.0010817,11.193,17.826,80115,87108.0,6.4979,297.97,166.17,1.8597,10.179,,23,,1.8353,0.1877,,,1.7771,0,,0,0,2,62,62,0,62.0,107330.0
110.6,75,100,90,0.0,76.71,34.651,0.0001,100,1.0,0,0.0010745,11.194,17.868,80163,87167.0,6.5006,297.97,164.25,1.8621,10.118,,23,,1.8319,0.18772,,,1.7794,0,,0,0,2,62,62,0,62.0,107360.0
110.8,75,100,90,0.0,77.004,31.875,0.0001,100,1.0,0,0.0010718,11.178,17.909,80211,87226.0,6.503,297.96,162.83,1.8645,10.071,,23,,1.8434,0.18763,,,1.7816,0,,0,0,2,62,62,0,62.0,106560.0
111.0,75,100,90,0.0,76.321,29.334,0.0001,100,1.0,0,0.0010468,11.189,17.951,80259,87285.0,6.5047,297.96,162.21,1.8668,10.026,,23,,1.8483,0.18759,,,1.7839,0,,0,0,2,62,62,0,62.0,106920.0
111.2,75,100,90,0.0,74.951,27.367,0.0001,100,1.0,0,0.0010564,11.169,17.992,80307,87344.0,6.5061,297.96,162.95,1.8691,9.9821,,23,,1.8481,0.18758,,,1.7861,0,,0,0,2,62,62,0,62.0,107290.0
111.4,75,100,90,0.0,73.036,26.551,0.0001,100,1.0,0,0.0010762,11.132,18.034,80354,87402.0,6.5072,297.97,165.26,1.8715,9.9507,,23,,1.8529,0.18754,,,1.7883,0,,0,0,2,62,62,0,62.0,107650.0
111.6,75,100,90,0.0,70.68,27.189,0.0001,100,1.0,0,0.0010698,11.128,18.076,80401,87460.0,6.5074,297.97,167.08,1.8738,9.934,,23,,1.8481,0.18758,,,1.7906,0,,0,0,2,62,62,0,62.0,108020.0
111.8,75,100,90,0.0,68.245,27.577,0.0001,100,1.0,0,0.0010429,11.133,18.117,80447,87518.0,6.5074,297.98,168.2,1.8761,9.9268,,23,,1.8554,0.18752,,,1.7928,0,,0,0,2,62,62,0,62.0,108380.0
112.0,75,100,90,0.0,65.79,27.526,0.0001,100,1.0,0,0.0010321,11.114,18.158,80493,87575.0,6.5058,297.98,168.97,1.8784,9.9042,,23,,1.8655,0.18743,,,1.795,0,,0,0,2,62,62,0,62.0,108080.0
112.2,75,100,90,0.0,64.007,27.285,0.0001,100,1.0,0,0.0010454,11.055,18.2,80539,87631.0,6.5027,297.98,169.9,1.8807,9.8926,,23,,1.8948,0.18721,,,1.7972,0,,0,0,2,62,62,0,62.0,107950.0
112.4,75,100,90,0.0,63.439,27.267,0.0001,100,1.0,0,0.0010239,11.079,18.242,80584,87687.0,6.5006,297.98,169.93,1.8829,9.9052,,23,,1.8885,0.18725,,,1.7994,0,,0,0,2,62,62,0,62.0,108480.0
112.6,75,100,90,0.0,63.705,26.533,0.0001,100,1.0,0,0.0010684,10.987,18.284,80629,87744.0,6.498,297.99,172.18,1.8853,9.9111,,23,,1.9153,0.18704,,,1.8016,0,,0,0,2,62,62,0,62.0,109680.0
112.8,75,100,90,0.0,65.025,27.798,0.0001,100,1.0,0,0.0010725,10.975,18.326,80675,87801.0,6.497,297.99,174.39,1.8876,9.9536,,23,,1.918,0.18702,,,1.8038,0,,0,0,2,62,62,0,62.0,108550.0
113.0,75,100,90,0.0,66.722,29.214,0.0001,100,1.0,0,0.0010624,10.96,18.368,80721,87858.0,6.4951,298.0,176.09,1.8899,10.011,,23,,1.9346,0.18689,,,1.8061,0,,0,0,2,62,62,0,62.0,110410.0
113.2,75,100,90,0.0,69.193,30.377,0.0001,100,1.0,0,0.0010775,10.936,18.41,80768,87916.0,6.4939,298.0,177.48,1.8923,10.067,,23,,1.9438,0.18681,,,1.8084,0,,0,0,2,62,62,0,62.0,109450.0
113.4,75,100,90,0.0,72.152,31.443,0.0001,100,1.0,0,0.0010803,10.939,18.452,80815,87974.0,6.4954,298.0,177.83,1.8947,10.13,,23,,1.9326,0.18689,,,1.8106,0,,0,0,2,62,62,0,62.0,109820.0
113.6,75,100,90,0.0,74.509,31.722,0.0001,100,1.0,0,0.0010676,10.951,18.495,80862,88033.0,6.4988,298.0,177.31,1.897,10.204,,23,,1.9316,0.1869,,,1.8129,0,,0,0,2,62,62,0,62.0,110190.0
113.8,75,100,90,0.0,75.492,31.28,0.0001,100,1.0,0,0.00108,10.94,18.537,80910,88092.0,6.5015,298.0,177.29,1.8994,10.263,,23,,1.919,0.18699,,,1.8151,0,,0,0,2,62,62,0,62.0,109560.0
114.0,75,100,90,0.0,75.418,31.24,0.0001,100,1.0,0,0.0010394,10.977,18.578,80958,88151.0,6.5062,298.0,175.68,1.9017,10.337,,23,,1.9164,0.187,,,1.8174,0,,0,0,2,62,62,0,62.0,111250.0
114.2,75,100,90,0.0,73.468,29.781,0.0001,100,1.0,0,0.0010363,10.944,18.62,81005,88210.0,6.5094,298.0,175.9,1.9039,10.366,,23,,1.9235,0.18695,,,1.8196,0,,0,0,2,62,62,0,62.0,110290.0
114.4,75,100,90,0.0,70.241,29.83,0.0001,100,1.0,0,0.0010394,10.911,18.662,81052,88268.0,6.5098,298.0,176.86,1.9062,10.387,,23,,1.9296,0.18689,,,1.8218,0,,0,0,2,62,62,0,62.0,110990.0
114.6,75,100,90,0.0,66.851,30.518,0.0001,100,1.0,0,0.0010512,10.85,18.705,81098,88325.0,6.5079,298.0,177.99,1.9086,10.415,,23,,1.9545,0.1867,,,1.824,0,,0,0,2,62,62,0,62.0,111360.0
114.8,75,100,90,0.0,64.229,31.431,0.0001,100,1.0,0,0.0010221,10.857,18.747,81144,88382.0,6.5083,298.0,177.81,1.9109,10.449,,23,,1.9654,0.18661,,,1.8262,0,,0,0,2,62,62,0,62.0,111230.0
115.0,75,100,90,0.0,61.434,31.288,0.0001,100,1.0,0,0.00099532,10.882,18.788,81189,88438.0,6.5085,298.0,177.68,1.9131,10.467,,23,,1.9546,0.18669,,,1.8284,0,,0,0,2,62,62,0,62.0,112260.0
115.2,75,100,90,0.0,58.569,31.202,0.0001,100,1.0,0,0.00097042,10.903,18.829,81233,88494.0,6.5072,298.0,177.15,1.9153,10.469,,23,,1.9444,0.18677,,,1.8305,0,,0,0,2,62,62,0,62.0,111790.0
115.4,75,100,90,0.0,56.214,30.748,0.0001,100,1.0,0,0.00097797,10.869,18.871,81277,88549.0,6.5063,298.0,177.23,1.9175,10.447,,23,,1.952,0.1867,,,1.8326,0,,0,0,2,62,62,0,62.0,111490.0
115.6,75,100,90,0.0,54.202,30.787,0.0001,100,1.0,0,0.001005,10.796,18.914,81320,88604.0,6.5056,298.0,178.74,1.9197,10.434,,23,,1.9735,0.18654,,,1.8347,0,,0,0,2,62,62,0,62.0,112190.0
115.8,75,100,90,0.0,52.478,32.092,0.0001,100,1.0,0,0.0010029,10.774,18.956,81364,88658.0,6.5033,298.0,178.76,1.9219,10.457,,23,,1.9879,0.18642,,,1.8369,0,,0,0,2,62,62,0,62.0,111890.0
116.0,75,100,90,0.0,51.696,32.19,0.0001,100,1.0,0,0.00099801,10.777,18.999,81407,88713.0,6.5022,298.0,178.25,1.9242,10.479,,23,,1.9832,0.18645,,,1.839,0,,0,0,2,62,62,0,62.0,113430.0
116.2,75,100,90,0.0,51.341,31.85,0.0001,100,1.0,0,0.00099408,10.753,19.042,81450,88767.0,6.5015,298.0,177.78,1.9264,10.492,,23,,1.9945,0.18636,,,1.8411,0,,0,0,2,62,62,0,62.0,112140.0
116.4,75,100,90,0.0,51.271,31.517,0.0001,100,1.0,0,0.00098488,10.758,19.084,81493,88821.0,6.5021,298.0,176.96,1.9286,10.507,,23,,1.9906,0.18639,,,1.8432,0,,0,0,2,62,62,0,62.0,112840.0
116.6,75,100,90,0.0,50.948,30.814,0.0001,100,1.0,0,0.00098456,10.75,19.126,81535,88875.0,6.5026,298.0,176.04,1.9308,10.52,,23,,1.9982,0.18633,,,1.8453,0,,0,0,2,62,62,0,62.0,113370.0
116.8,75,100,90,0.0,50.414,29.961,0.0001,100,1.0,0,0.0009662,10.754,19.168,81578,88929.0,6.5025,297.99,174.14,1.9329,10.509,,23,,2.0066,0.18626,,,1.8474,0,,0,0,2,62,62,0,62.0,113580.0
117.0,75,100,90,0.0,49.922,28.153,0.0001,100,1.0,0,0.00095105,10.77,19.21,81621,88983.0,6.5018,297.99,172.37,1.935,10.486,,23,,2.0033,0.18628,,,1.8494,0,,0,0,2,62,62,0,62.0,113610.0
117.2,75,100,90,0.0,49.736,26.299,0.0001,100,1.0,0,0.00096772,10.729,19.252,81663,89037.0,6.5014,297.99,172.26,1.9371,10.443,,23,,2.0182,0.18616,,,1.8514,0,,0,0,2,62,62,0,62.0,114470.0
117.4,75,100,90,0.0,49.714,25.73,0.0001,100,1.0,0,0.00093642,10.79,19.292,81706,89090.0,6.5014,297.98,170.23,1.9392,10.408,,23,,1.9988,0.18631,,,1.8534,0,,0,0,2,62,62,0,62.0,113830.0
117.6,75,100,90,0.0,49.692,23.43,0.0001,100,1.0,0,0.00089666,10.853,19.332,81749,89144.0,6.5008,297.97,166.9,1.9412,10.341,,23,,1.973,0.1865,,,1.8553,0,,0,0,2,62,62,0,62.0,113860.0
117.8,75,100,90,0.0,49.876,19.832,0.0001,100,1.0,0,0.00087545,10.891,19.371,81791,89197.0,6.5021,297.96,163.73,1.9431,10.247,,23,,1.9604,0.18659,,,1.8572,0,,0,0,2,62,62,0,62.0,114880.0
118.0,75,100,90,0.0,49.553,16.071,0.0001,100,1.0,0,0.00090457,10.808,19.411,81834,89250.0,6.5013,297.97,164.03,1.945,10.135,,23,,1.9852,0.1864,,,1.859,0,,0,0,2,62,62,0,62.0,113570.0
118.2,75,100,90,0.0,49.549,15.071,0.0001,100,1.0,0,0.00088802,10.835,19.45,81876,89304.0,6.5013,297.97,164.04,1.9469,10.061,,23,,1.9743,0.18648,,,1.8609,0,,0,0,2,62,62,0,62.0,115590.0
118.4,75,100,90,0.0,49.53,13.772,0.0001,100,1.0,0,0.00088772,10.824,19.49,81919,89357.0,6.5011,297.97,164.47,1.9488,9.9845,,23,,1.9801,0.18643,,,1.8627,0,,0,0,2,62,62,0,62.0,114440.0
118.6,75,100,90,0.0,49.598,12.858,0.0001,100,1.0,0,0.00086167,10.859,19.528,81961,89410.0,6.5032,297.97,164.36,1.9507,9.9215,,23,,1.965,0.18654,,,1.8645,0,,0,0,2,62,62,0,62.0,113960.0
118.8,75,100,90,0.0,48.823,11.493,0.0001,100,1.0,0,0.00088648,10.795,19.568,82003,89463.0,6.5035,297.97,165.71,1.9526,9.8472,,23,,1.9835,0.1864,,,1.8663,0,,0,0,2,62,62,0,62.0,115150.0
119.0,75,100,90,0.0,47.942,11.414,0.0001,100,1.0,0,0.00089541,10.747,19.608,82046,89516.0,6.5014,297.97,167.64,1.9545,9.8081,,23,,2.0106,0.18619,,,1.8682,0,,0,0,2,62,62,0,62.0,114340.0
119.2,75,100,90,0.0,47.929,11.95,0.0001,100,1.0,0,0.00089348,10.74,19.648,82088,89569.0,6.4999,297.98,169.54,1.9564,9.8064,,23,,2.0101,0.18619,,,1.87,0,,0,0,2,62,62,0,62.0,115700.0
119.4,75,100,90,0.0,48.506,12.62,0.0001,100,1.0,0,0.00090873,10.714,19.688,82130,89622.0,6.5009,297.98,171.47,1.9584,9.8272,,23,,2.0123,0.18617,,,1.8719,0,,0,0,2,62,62,0,62.0,115060.0
119.6,75,100,90,0.0,48.646,13.508,0.0001,100,1.0,0,0.00092362,10.67,19.729,82172,89676.0,6.5026,297.99,173.59,1.9603,9.869,,23,,2.0297,0.18603,,,1.8738,0,,0,0,2,62,62,0,62.0,116590.0
119.8,75,100,90,0.0,48.133,14.744,0.0001,100,1.0,0,0.00092652,10.644,19.77,82214,89729.0,6.504,297.99,175.27,1.9623,9.9357,,23,,2.0478,0.18589,,,1.8757,0,,0,0,2,62,62,0,62.0,116780.0
120.0,75,100,90,0.0,47.056,15.789,0.0001,100,1.0,0,0.00092478,10.639,19.811,82256,89782.0,6.5046,298.0,176.2,1.9642,10.028,1200.6,23,1667.2,2.0533,0.18584,19.648,25.923,1.8775,0,55.91,0,0,2,62,62,0,62.0,116310.0
120.2,75,100,90,0.0,45.736,16.345,0.0001,100,1.0,0,0.00093541,10.611,19.852,82298,89835.0,6.5042,298.0,177.13,1.9662,10.115,,23,,2.0656,0.18575,,,1.8794,0,,0,0,2,62,62,0,62.0,117000.0
120.4,75,100,90,0.0,44.589,17.001,0.0001,100,1.0,0,0.00092348,10.631,19.892,82339,89887.0,6.5025,298.0,177.69,1.9681,10.208,,23,,2.0522,0.18585,,,1.8813,0,,0,0,2,62,62,0,62.0,117030.0
120.6,75,100,90,0.0,44.105,17.42,0.0001,100,1.0,0,0.00091029,10.635,19.933,82381,89939.0,6.5013,298.0,177.45,1.97,10.294,,23,,2.0541,0.18583,,,1.8831,0,,0,0,2,62,62,0,62.0,116060.0
120.8,75,100,90,0.0,44.103,17.208,0.0001,100,1.0,0,0.00093917,10.597,19.974,82422,89992.0,6.4982,298.0,178.27,1.9719,10.366,,23,,2.0564,0.18581,,,1.8849,0,,0,0,2,62,62,0,62.0,116920.0
121.0,75,100,90,0.0,45.342,17.909,0.0001,100,1.0,0,0.0009555,10.553,20.016,82464,90045.0,6.4945,298.0,179.35,1.9739,10.448,,23,,2.0732,0.18568,,,1.8868,0,,0,0,2,62,62,0,62.0,117790.0
121.2,75,100,90,0.0,48.063,18.892,0.0001,100,1.0,0,0.00096292,10.539,20.057,82506,90098.0,6.4934,298.01,179.92,1.9758,10.544,,23,,2.081,0.18561,,,1.8887,0,,0,0,2,62,62,0,62.0,117990.0
121.4,75,100,90,0.0,51.221,19.535,0.0001,100,1.0,0,0.00097989,10.523,20.099,82549,90152.0,6.4945,298.01,180.59,1.9778,10.624,,23,,2.0794,0.18562,,,1.8906,0,,0,0,2,62,62,0,62.0,117520.0
121.6,75,100,90,0.0,53.937,20.325,0.0001,100,1.0,0,0.00098701,10.503,20.141,82592,90207.0,6.4983,298.01,181.16,1.9798,10.691,,23,,2.0835,0.18559,,,1.8925,0,,0,0,2,62,62,0,62.0,116890.0
121.8,75,100,90,0.0,55.121,21.088,0.0001,100,1.0,0,0.00099486,10.481,20.183,82636,90262.0,6.5015,298.01,181.33,1.9819,10.745,,23,,2.0876,0.18555,,,1.8945,0,,0,0,2,62,62,0,62.0,117250.0
122.0,75,100,90,0.0,55.047,21.557,0.0001,100,1.0,0,0.00098514,10.496,20.224,82680,90317.0,6.5057,298.01,180.77,1.9839,10.789,,23,,2.076,0.18564,,,1.8964,0,,0,0,2,62,62,0,62.0,117790.0
122.2,75,100,90,0.0,53.277,21.418,0.0001,100,1.0,0,0.0010114,10.441,20.267,82723,90372.0,6.5076,298.01,181.9,1.9859,10.801,,23,,2.0794,0.18561,,,1.8984,0,,0,0,2,62,62,0,62.0,118990.0
122.4,75,100,90,0.0,50.756,22.702,0.0001,100,1.0,0,0.0010178,10.391,20.31,82766,90426.0,6.5069,298.02,183.61,1.988,10.826,,23,,2.1016,0.18543,,,1.9004,0,,0,0,2,62,62,0,62.0,119030.0
122.6,75,100,90,0.0,48.535,24.575,0.0001,100,1.0,0,0.0010007,10.406,20.353,82808,90480.0,6.5038,298.02,183.77,1.9901,10.856,,23,,2.0937,0.18549,,,1.9024,0,,0,0,2,62,62,0,62.0,118730.0
122.8,75,100,90,0.0,47.545,25.247,0.0001,100,1.0,0,0.0010273,10.358,20.396,82850,90534.0,6.4989,298.02,184.98,1.9922,10.866,,23,,2.0985,0.18545,,,1.9044,0,,0,0,2,62,62,0,62.0,119110.0
123.0,75,100,90,0.0,48.495,26.873,0.0001,100,1.0,0,0.0010345,10.337,20.439,82892,90588.0,6.495,298.02,185.48,1.9943,10.898,,23,,2.1062,0.18539,,,1.9064,0,,0,0,2,62,62,0,62.0,118650.0
123.2,75,100,90,0.0,51.031,27.983,0.0001,100,1.0,0,0.00098274,10.427,20.481,82935,90642.0,6.4947,298.01,183.22,1.9963,10.912,,23,,2.0779,0.1856,,,1.9084,0,,0,0,2,62,62,0,62.0,118850.0
123.4,75,100,90,0.0,53.668,26.753,0.0001,100,1.0,0,0.00098489,10.409,20.523,82979,90697.0,6.4977,298.01,181.5,1.9983,10.874,,23,,2.0872,0.18552,,,1.9103,0,,0,0,2,62,62,0,62.0,120710.0
123.6,75,100,90,0.0,55.106,25.83,0.0001,100,1.0,0,0.00096331,10.443,20.564,83022,90752.0,6.501,298.0,178.96,2.0003,10.828,,23,,2.0783,0.18559,,,1.9122,0,,0,0,2,62,62,0,62.0,120740.0
123.8,75,100,90,0.0,55.223,24.026,0.0001,100,1.0,0,0.0009288,10.493,20.605,83066,90807.0,6.5048,298.0,175.77,2.0022,10.753,,23,,2.064,0.18569,,,1.9141,0,,0,0,2,62,62,0,62.0,120100.0
124.0,75,100,90,0.0,53.807,21.43,0.0001,100,1.0,0,0.00091749,10.485,20.645,83109,90861.0,6.5069,297.99,173.57,2.0041,10.653,,23,,2.0655,0.18568,,,1.9159,0,,0,0,2,62,62,0,62.0,119630.0
124.2,75,100,90,0.0,51.57,19.417,0.0001,100,1.0,0,0.00090758,10.492,20.685,83152,90916.0,6.5057,297.98,171.39,2.0059,10.552,,23,,2.0572,0.18574,,,1.9176,0,,0,0,2,62,62,0,62.0,120490.0
124.4,75,100,90,0.0,49.822,17.185,0.0001,100,1.0,0,0.00091228,10.478,20.725,83195,90969.0,6.5034,297.98,170.16,2.0078,10.453,,23,,2.0547,0.18575,,,1.9194,0,,0,0,2,62,62,0,62.0,120850.0
124.6,75,100,90,0.0,48.994,15.577,0.0001,100,1.0,0,0.00093501,10.429,20.766,83237,91023.0,6.5012,297.98,170.4,2.0097,10.349,,23,,2.0679,0.18565,,,1.9212,0,,0,0,2,62,62,0,62.0,120210.0
124.8,75,100,90,0.0,49.028,15.106,0.0001,100,1.0,0,0.00094481,10.395,20.807,83279,91076.0,6.4999,297.98,171.6,2.0115,10.268,,23,,2.0793,0.18556,,,1.923,0,,0,0,2,62,62,0,62.0,122070.0
125.0,75,100,90,0.0,49.569,15.462,0.0001,100,1.0,0,0.00094141,10.404,20.848,83322,91130.0,6.5,297.99,172.19,2.0134,10.219,,23,,2.0691,0.18563,,,1.9249,0,,0,0,2,62,62,0,62.0,121930.0
125.2,75,100,90,0.0,50.086,15.38,0.0001,100,1.0,0,0.00096878,10.33,20.889,83364,91184.0,6.4985,297.99,174.33,2.0154,10.186,,23,,2.0948,0.18543,,,1.9267,0,,0,0,2,62,62,0,62.0,121800.0
125.4,75,100,90,0.0,51.227,16.702,0.0001,100,1.0,0,0.00094809,10.362,20.93,83407,91238.0,6.4992,297.99,174.58,2.0173,10.195,,23,,2.0883,0.18548,,,1.9286,0,,0,0,2,62,62,0,62.0,121820.0
125.6,75,100,90,0.0,52.06,16.568,0.0001,100,1.0,0,0.00091246,10.426,20.969,83450,91293.0,6.5028,297.99,173.38,2.0192,10.203,,23,,2.0582,0.1857,,,1.9304,0,,0,0,2,62,62,0,62.0,121180.0
125.8,75,100,90,0.0,51.442,15.245,0.0001,100,1.0,0,0.00090769,10.424,21.009,83492,91347.0,6.5053,297.99,172.63,2.021,10.193,,23,,2.0533,0.18574,,,1.9321,0,,0,0,2,62,62,0,62.0,122030.0
126.0,75,100,90,0.0,49.847,14.218,0.0001,100,1.0,0,0.00087386,10.458,21.048,83535,91400.0,6.5069,297.98,170.56,2.0228,10.182,,23,,2.0488,0.18577,,,1.9339,0,,0,0,2,62,62,0,62.0,122390.0
126.2,75,100,90,0.0,47.62,11.98,0.0001,100,1.0,0,0.00088855,10.408,21.088,83577,91453.0,6.5058,297.98,170.5,2.0246,10.153,,23,,2.0604,0.18568,,,1.9356,0,,0,0,2,62,62,0,62.0,122750.0
126.4,75,100,90,0.0,45.817,11.303,0.0001,100,1.0,0,0.00089059,10.41,21.128,83618,91506.0,6.5019,297.98,170.9,2.0264,10.158,,23,,2.0455,0.18579,,,1.9373,0,,0,0,2,62,62,0,62.0,121770.0
126.6,75,100,90,0.0,45.604,10.98,0.0001,100,1.0,0,0.00089528,10.392,21.167,83660,91559.0,6.4986,297.99,171.95,2.0282,10.166,,23,,2.044,0.18579,,,1.939,0,,0,0,2,62,62,0,62.0,122460.0
126.8,75,100,90,0.0,46.696,11.24,0.0001,100,1.0,0,0.00090073,10.375,21.207,83702,91612.0,6.4947,297.99,173.09,2.03,10.193,,23,,2.0447,0.18579,,,1.9408,0,,0,0,2,62,62,0,62.0,122820.0
127.0,75,100,90,0.0,49.357,11.669,0.0001,100,1.0,0,0.0008938,10.406,21.247,83744,91666.0,6.4945,297.99,173.12,2.0318,10.243,,23,,2.0261,0.18592,,,1.9425,0,,0,0,2,62,62,0,62.0,122670.0
127.2,75,100,90,0.0,52.053,11.248,0.0001,100,1.0,0,0.00087254,10.446,21.286,83787,91720.0,6.4966,297.99,172.15,2.0336,10.29,,23,,2.0087,0.18605,,,1.9442,0,,0,0,2,62,62,0,62.0,123190.0
127.4,75,100,90,0.0,53.944,9.9859,0.0001,100,1.0,0,0.00086291,10.465,21.324,83830,91775.0,6.4997,297.98,170.98,2.0353,10.331,,23,,2.0032,0.18609,,,1.9459,0,,0,0,2,62,62,0,62.0,123870.0
127.6,75,100,90,0.0,54.583,8.4847,0.0001,100,1.0,0,0.00085608,10.45,21.362,83873,91829.0,6.5024,297.98,170.2,2.037,10.362,,23,,2.0171,0.18598,,,1.9475,0,,0,0,2,62,62,0,62.0,123890.0
127.8,75,100,90,0.0,54.161,7.2143,0.0001,100,1.0,0,0.00082777,10.489,21.4,83917,91884.0,6.5031,297.98,168.67,2.0387,10.391,,23,,2.0079,0.18605,,,1.9491,0,,0,0,2,62,62,0,62.0,123400.0
128.0,75,100,90,0.0,53.432,5.2229,0.0001,100,1.0,0,0.00079552,10.537,21.437,83960,91938.0,6.5038,297.97,166.33,2.0403,10.398,,23,,1.9933,0.18616,,,1.9507,0,,0,0,2,62,62,0,62.0,123910.0
128.2,75,100,90,0.0,52.437,2.41,0.0001,100,1.0,0,0.00079827,10.517,21.474,84003,91992.0,6.5036,297.97,164.89,2.0418,10.367,,23,,2.0034,0.18608,,,1.9522,0,,0,0,2,62,62,0,62.0,124420.0
128.4,75,100,90,0.0,51.507,0.16492,0.0001,100,1.0,0,0.00076883,10.567,21.51,84045,92045.0,6.5034,297.96,162.86,2.0434,10.323,,23,,1.986,0.18621,,,1.9536,0,,0,0,2,62,62,0,62.0,124930.0
128.6,75,100,90,0.0,50.681,0.0001,0.0001,100,1.0,0,0.00077389,10.551,21.546,84088,92099.0,6.5043,297.96,160.94,2.0449,10.247,,23,,1.9883,0.18619,,,1.9551,0,,0,0,2,62,62,0,62.0,124760.0
128.8,75,100,90,0.0,49.492,0.0001,0.0001,100,1.0,0,0.00074249,10.588,21.582,84130,92152.0,6.5031,297.95,157.76,2.0463,10.161,,23,,1.9811,0.18624,,,1.9565,0,,0,0,2,62,62,0,62.0,125270.0
129.0,75,100,90,0.0,48.78,0.0001,0.0001,100,1.0,0,0.0007565,10.549,21.618,84172,92205.0,6.5009,297.94,155.22,2.0478,10.058,,23,,1.9929,0.18614,,,1.9579,0,,0,0,2,62,62,0,62.0,125610.0
129.2,75,100,90,0.0,48.946,0.0001,11.066,100,1.0,0,0.00073923,10.575,21.653,84215,92258.0,6.4984,297.96,161.88,2.0492,9.9705,,23,,1.9829,0.18622,,,1.9593,0,,0,0,2,62,62,0,62.0,124770.0
129.4,75,100,90,0.0,50.096,3.6447,1.1066,100,1.0,0,0.00071933,10.605,21.688,84257,92311.0,6.4976,297.95,157.1,2.0506,9.8774,,23,,1.9753,0.18627,,,1.9606,0,,0,0,2,62,62,0,62.0,126110.0
129.6,75,100,90,0.0,51.576,1.0934,21.527,100,1.0,0,0.00071172,10.638,21.722,84300,92364.0,6.4991,297.98,171.14,2.0519,9.779,,23,,1.9486,0.18647,,,1.9619,0,,0,0,2,62,62,0,62.0,126100.0
129.8,75,100,90,0.0,52.43,11.246,2.1527,100,1.0,0,0.00071136,10.62,21.757,84342,92417.0,6.5007,297.97,163.98,2.0533,9.6804,,23,,1.9561,0.18641,,,1.9632,0,,0,0,2,62,62,0,62.0,124930.0
130.0,75,100,90,0.0,52.687,4.2688,0.21527,100,1.0,0,0.00071797,10.589,21.792,84385,92471.0,6.5034,297.95,157.89,2.0547,9.5894,,23,,1.9734,0.18628,,,1.9645,0,,0,0,2,62,62,0,62.0,125770.0
130.2,75,100,90,0.0,51.832,0.0001,0.021527,100,1.0,-4000,0.00070882,10.599,21.826,83731,91724.0,6.5339,297.94,152.2,2.045,9.5168,,23,,1.9672,0.18635,,,1.9553,0,,0,0,2,62,62,0,62.0,126090.0
130.4,75,100,90,0.0,38.698,0.0001,13.104,100,1.0,-4000,0.00072819,10.499,21.861,83075,90975.0,6.5499,297.96,160.31,2.03,9.434,,23,,1.981,0.18627,,,1.9408,0,,0,0,2,62,62,0,62.0,125430.0
130.6,75,100,90,0.0,19.288,4.7225,1.3104,100,1.0,-4000,0.00077336,10.343,21.899,82414,90222.0,6.5405,297.96,159.81,2.0147,9.3939,,23,,1.9968,0.18618,,,1.9261,0,,0,0,2,62,62,0,62.0,125610.0
130.8,75,100,90,0.0,3.7071,2.5319,0.13104,100,1.0,-4000,0.00078051,10.287,21.938,81751,89466.0,6.5118,297.96,160.68,1.9994,9.4365,,23,,1.9764,0.18636,,,1.9113,0,,0,0,2,62,62,0,62.0,125960.0
131.0,75,100,90,0.0,0.0,1.6429,0.013104,100,1.0,-4000,0.00076453,10.307,21.976,81087,88709.0,6.4814,297.96,161.28,1.984,9.5078,,23,,1.9404,0.18666,,,1.8965,0,,0,0,2,62,62,0,62.0,125810.0
131.2,75,100,90,0.0,7.9569,0.58417,0.0013104,100,1.0,-4000,0.00073723,10.396,22.012,80425,87953.0,6.4628,297.96,159.95,1.9686,9.5636,,23,,1.888,0.18709,,,1.8817,0,,0,0,2,62,62,0,62.0,125980.0
131.4,75,100,90,0.0,23.336,0.0001,0.00013104,100,1.0,-4000,0.00074111,10.453,22.048,79766,87201.0,6.4608,297.95,157.02,1.9531,9.5703,,23,,1.8521,0.18739,,,1.8669,0,,0,0,2,62,62,0,62.0,126820.0
131.6,75,100,90,0.0,39.476,0.0001,11.729,100,1.0,-4000,0.00074041,10.522,22.082,79110,86452.0,6.4754,297.96,162.64,1.9377,9.5267,,23,,1.8157,0.1877,,,1.852,0,,0,0,2,62,62,0,62.0,127150.0
131.8,75,100,90,0.0,49.801,3.2066,1.1729,100,1.0,-4000,0.00076378,10.517,22.117,78456,85705.0,6.4987,297.95,157.24,1.9222,9.4303,,23,,1.8006,0.18784,,,1.8371,0,,0,0,2,62,62,0,62.0,126980.0
132.0,75,100,90,0.0,50.793,0.96199,21.367,100,1.0,-4000,0.00079353,10.459,22.152,77803,84958.0,6.521,297.99,171.67,1.9068,9.3361,1199.8,23,1670.7,1.8071,0.18782,22.012,26.708,1.8223,0,64.94,0,0,2,62,62,0,62.0,127820.0
132.2,75,100,90,0.0,42.934,12.423,2.1367,100,1.0,0,0.00081757,10.385,22.189,77844,85010.0,6.5075,297.97,166.69,1.9028,9.2512,,23,,1.8143,0.18778,,,1.8185,0,,0,0,2,62,62,0,62.0,128330.0
132.4,75,100,90,0.0,40.55,7.0707,0.21367,100,1.0,0,0.000777,10.425,22.225,77885,85062.0,6.4956,297.96,160.41,1.9038,9.2018,,23,,1.8129,0.18778,,,1.8194,0,,0,0,2,62,62,0,62.0,128660.0
132.6,75,100,90,0.0,42.829,0.40057,0.021367,100,1.0,0,0.00074436,10.49,22.259,77926,85113.0,6.4871,297.94,154.82,1.9051,9.137,,23,,1.7862,0.18798,,,1.8207,0,,0,0,2,62,62,0,62.0,127830.0
132.8,75,100,90,0.0,48.484,0.12017,12.205,100,1.0,0,0.00072369,10.553,22.293,77969,85166.0,6.4851,297.95,158.74,1.9063,9.0566,,23,,1.7633,0.18816,,,1.8218,0,,0,0,2,62,62,0,62.0,128320.0
133.0,75,100,90,0.0,54.933,1.6826,1.2205,100,1.0,0,0.00071284,10.609,22.326,78013,85220.0,6.4901,297.93,150.97,1.9075,8.9565,,23,,1.7364,0.18836,,,1.823,0,,0,0,2,62,62,0,62.0,128310.0
133.2,75,100,90,0.0,59.408,0.50477,24.093,100,1.0,0,0.00074538,10.564,22.36,78057,85274.0,6.4977,297.97,164.92,1.9088,8.8474,,23,,1.75,0.18825,,,1.8242,0,,0,0,2,62,62,0,62.0,128470.0
133.4,75,100,90,0.0,60.824,10.953,2.4093,100,1.0,0,0.0007554,10.547,22.394,78102,85330.0,6.5048,297.95,156.06,1.91,8.7777,,23,,1.7596,0.18818,,,1.8254,0,,0,0,2,62,62,0,62.0,128970.0
133.6,75,100,90,0.0,59.407,3.2858,38.199,100,1.0,0,0.00073564,10.551,22.428,78146,85384.0,6.5111,298.01,181.2,1.9112,8.7303,,23,,1.7684,0.18811,,,1.8265,0,,0,0,2,62,62,0,62.0,128460.0
133.8,75,100,90,0.0,55.485,24.535,3.8199,100,1.0,0,0.00074176,10.497,22.463,78190,85438.0,6.5161,297.98,168.62,1.9124,8.6984,,23,,1.7879,0.18796,,,1.8277,0,,0,0,2,62,62,0,62.0,129630.0
134.0,75,100,90,0.0,49.575,12.949,0.38199,100,1.0,0,0.00073702,10.475,22.498,78233,85491.0,6.5167,297.95,157.38,1.9137,8.7108,,23,,1.7915,0.18793,,,1.8289,0,,0,0,2,62,62,0,62.0,129460.0
134.2,75,100,90,0.0,43.441,3.8848,23.692,100,1.0,0,0.00072711,10.457,22.533,78274,85543.0,6.5129,297.98,170.59,1.9149,8.7407,,23,,1.7988,0.18787,,,1.83,0,,0,0,2,62,62,0,62.0,129790.0
134.4,75,100,90,0.0,38.83,14.334,2.3692,100,1.0,0,0.0007295,10.425,22.568,78314,85593.0,6.5048,297.96,161.3,1.9161,8.7756,,23,,1.8061,0.18781,,,1.8312,0,,0,0,2,62,62,0,62.0,129130.0
134.6,75,100,90,0.0,37.462,4.9671,0.23692,100,1.0,0,0.00068747,10.477,22.603,78355,85644.0,6.4973,297.94,152.08,1.9172,8.8412,,23,,1.7959,0.18789,,,1.8323,0,,0,0,2,62,62,0,62.0,129960.0
134.8,75,100,90,0.0,39.069,1.4901,19.096,100,1.0,0,0.00068628,10.488,22.637,78395,85694.0,6.4904,297.96,160.83,1.9183,8.8784,,23,,1.7895,0.18793,,,1.8334,0,,0,0,2,62,62,0,62.0,130450.0
135.0,75,100,90,0.0,43.415,7.2582,1.9096,100,1.0,0,0.0006688,10.515,22.67,78436,85746.0,6.4901,297.93,150.87,1.9194,8.902,,23,,1.7979,0.18787,,,1.8344,0,,0,0,2,62,62,0,62.0,129280.0
135.2,75,100,90,0.0,47.882,2.1775,34.588,100,1.0,0,0.00066503,10.52,22.702,78479,85798.0,6.495,297.99,171.48,1.9205,8.8976,,23,,1.8076,0.18779,,,1.8354,0,,0,0,2,62,62,0,62.0,129270.0
135.4,75,100,90,0.0,50.373,18.686,3.4588,100,1.0,0,0.00065268,10.558,22.734,78521,85851.0,6.5008,297.95,157.79,1.9215,8.8782,,23,,1.7926,0.1879,,,1.8365,0,,0,0,2,62,62,0,62.0,130920.0
135.6,75,100,90,0.0,50.579,5.2533,0.34588,100,1.0,0,0.00067318,10.515,22.767,78564,85903.0,6.5075,297.92,146.38,1.9226,8.8283,,23,,1.8001,0.18785,,,1.8375,0,,0,0,2,62,62,0,62.0,130570.0
135.8,75,100,90,0.0,48.104,1.576,21.208,100,1.0,0,0.0006819,10.483,22.8,78606,85956.0,6.512,297.94,155.59,1.9237,8.7924,,23,,1.8117,0.18776,,,1.8385,0,,0,0,2,62,62,0,62.0,131060.0
136.0,75,100,90,0.0,43.834,0.47279,0.0001,100,1.0,0,0.00065133,10.506,22.832,78648,86007.0,6.5132,297.92,145.11,1.9247,8.7782,,23,,1.8134,0.18774,,,1.8395,0,,0,0,2,62,62,0,62.0,130220.0
136.2,75,100,90,0.0,39.101,0.14184,31.523,100,1.0,0,0.00064122,10.5,22.864,78688,86058.0,6.5098,297.96,163.16,1.9257,8.7453,,23,,1.8131,0.18774,,,1.8405,0,,0,0,2,62,62,0,62.0,131200.0
136.4,75,100,90,0.0,35.705,13.695,3.1523,100,1.0,0,0.00063046,10.518,22.896,78728,86107.0,6.5032,297.93,151.14,1.9267,8.7129,,23,,1.7924,0.1879,,,1.8414,0,,0,0,2,62,62,0,62.0,131190.0
136.6,75,100,90,0.0,34.968,4.1086,48.601,100,1.0,0,0.00063619,10.493,22.928,78768,86157.0,6.4973,298.02,183.36,1.9277,8.6815,,23,,1.7985,0.18785,,,1.8424,0,,0,0,2,62,62,0,62.0,132000.0
136.8,75,100,90,0.0,36.576,31.199,4.8601,100,1.0,0,0.00064213,10.475,22.96,78807,86207.0,6.4929,297.98,167.79,1.9287,8.6616,,23,,1.813,0.18774,,,1.8433,0,,0,0,2,62,62,0,62.0,130820.0
137.0,75,100,90,0.0,39.934,17.047,0.48601,100,1.0,0,0.00063085,10.51,22.992,78848,86257.0,6.4935,297.93,151.33,1.9296,8.6541,,23,,1.8051,0.18779,,,1.8443,0,,0,0,2,62,62,0,62.0,131140.0
137.2,75,100,90,0.0,43.026,5.1141,33.124,100,1.0,0,0.00061836,10.545,23.023,78889,86308.0,6.4968,297.98,167.34,1.9306,8.6367,,23,,1.7911,0.1879,,,1.8452,0,,0,0,2,62,62,0,62.0,132120.0
137.4,75,100,90,0.0,44.811,17.505,3.3124,100,1.0,0,0.00061745,10.551,23.054,78931,86360.0,6.5023,297.94,152.1,1.9315,8.6001,,23,,1.7884,0.18792,,,1.8461,0,,0,0,2,62,62,0,62.0,131600.0
137.6,75,100,90,0.0,44.408,5.2514,53.023,100,1.0,0,0.00059146,10.6,23.084,78972,86411.0,6.5084,298.02,184.47,1.9324,8.5524,,23,,1.7682,0.18807,,,1.8469,0,,0,0,2,62,62,0,62.0,132410.0
137.8,75,100,90,0.0,41.569,32.56,5.3023,100,1.0,0,0.00059323,10.569,23.114,79013,86462.0,6.5121,297.97,164.68,1.9333,8.4857,,23,,1.7845,0.18794,,,1.8478,0,,0,0,2,62,62,0,62.0,131220.0
138.0,75,100,90,0.0,37.241,14.712,0.53023,100,1.0,0,0.0006075,10.527,23.145,79053,86511.0,6.5097,297.92,147.54,1.9342,8.4154,,23,,1.7858,0.18793,,,1.8486,0,,0,0,2,62,62,0,62.0,131530.0
138.2,75,100,90,0.0,33.881,4.4136,30.514,100,1.0,0,0.00059147,10.54,23.176,79092,86561.0,6.5047,297.96,160.93,1.935,8.3728,,23,,1.7812,0.18796,,,1.8495,0,,0,0,2,62,62,0,62.0,132010.0
138.4,75,100,90,0.0,32.529,14.034,3.0514,100,1.0,0,0.00059249,10.522,23.206,79131,86609.0,6.4987,297.92,146.78,1.9359,8.3286,,23,,1.783,0.18795,,,1.8503,0,,0,0,2,62,62,0,62.0,133160.0
138.6,75,100,90,0.0,33.557,4.2101,49.707,100,1.0,0,0.00059346,10.509,23.237,79170,86659.0,6.4942,298.0,177.61,1.9368,8.3054,,23,,1.7959,0.18785,,,1.8511,0,,0,0,2,62,62,0,62.0,133300.0
138.8,75,100,90,0.0,36.375,29.498,4.9707,100,1.0,0,0.00054944,10.594,23.266,79210,86708.0,6.4961,297.95,157.74,1.9376,8.2916,,23,,1.7762,0.188,,,1.8519,0,,0,0,2,62,62,0,62.0,133270.0
139.0,75,100,90,0.0,38.454,10.982,0.49707,100,1.0,0,0.00055477,10.58,23.295,79250,86758.0,6.5003,297.9,139.98,1.9384,8.2422,,23,,1.7802,0.18797,,,1.8527,0,,0,0,2,62,62,0,62.0,132580.0
139.2,75,100,90,0.0,38.835,3.2945,31.188,100,1.0,0,0.0005595,10.564,23.324,79290,86808.0,6.5061,297.94,152.39,1.9392,8.2037,,23,,1.7933,0.18787,,,1.8534,0,,0,0,2,62,62,0,62.0,133720.0
139.4,75,100,90,0.0,36.924,0.98834,0.0001,100,1.0,0,0.00053031,10.574,23.353,79330,86857.0,6.5082,297.89,136.51,1.9399,8.1697,,23,,1.8115,0.18773,,,1.8541,0,,0,0,2,62,62,0,62.0,132850.0
139.6,75,100,90,0.0,34.194,0.2965,42.708,100,1.0,0,0.00053465,10.535,23.382,79370,86906.0,6.5066,297.96,159.71,1.9407,8.1193,,23,,1.8371,0.18753,,,1.8549,0,,0,0,2,62,62,0,62.0,132650.0
139.8,75,100,90,0.0,32.093,17.636,4.2708,100,1.0,0,0.00054124,10.519,23.411,79408,86955.0,6.5019,297.91,142.47,1.9414,8.0866,,23,,1.8332,0.18756,,,1.8556,0,,0,0,2,62,62,0,62.0,132960.0
140.0,75,100,90,0.0,31.871,5.2907,64.336,100,1.0,0,0.00056203,10.479,23.44,79447,87003.0,6.4966,298.02,184.71,1.9422,8.0664,,23,,1.8371,0.18753,,,1.8563,0,,0,0,2,62,62,0,62.0,134600.0
140.2,75,100,90,0.0,33.745,40.426,6.4336,100,1.0,0,0.00054428,10.519,23.469,79486,87052.0,6.4944,297.96,162.4,1.943,8.084,,23,,1.8274,0.1876,,,1.8571,0,,0,0,2,62,62,0,62.0,133240.0
140.4,75,100,90,0.0,36.484,20.232,0.64336,100,1.0,0,0.00055155,10.523,23.499,79526,87102.0,6.4963,297.91,141.38,1.9437,8.097,,23,,1.8165,0.18768,,,1.8578,0,,0,0,2,62,62,0,62.0,133870.0
140.6,75,100,90,0.0,38.482,6.0696,40.619,100,1.0,0,0.00056261,10.495,23.528,79566,87152.0,6.4993,297.96,161.07,1.9445,8.1253,,23,,1.8368,0.18753,,,1.8585,0,,0,0,2,62,62,0,62.0,134510.0
140.8,75,100,90,0.0,39.263,20.77,4.0619,100,1.0,0,0.00059437,10.452,23.558,79606,87202.0,6.5031,297.91,143.89,1.9453,8.1621,,23,,1.8364,0.18753,,,1.8593,0,,0,0,2,62,62,0,62.0,134160.0
141.0,75,100,90,0.0,38.521,6.2311,64.289,100,1.0,0,0.00058199,10.468,23.588,79647,87252.0,6.506,298.02,185.48,1.9461,8.2325,,23,,1.8299,0.18757,,,1.8601,0,,0,0,2,62,62,0,62.0,134460.0
141.2,75,100,90,0.0,36.642,40.818,6.4289,100,1.0,0,0.00056852,10.484,23.618,79686,87302.0,6.5049,297.96,161.65,1.9469,8.3073,,23,,1.8229,0.18763,,,1.8608,0,,0,0,2,62,62,0,62.0,133940.0
141.4,75,100,90,0.0,35.215,19.397,0.64289,100,1.0,0,0.00058973,10.428,23.648,79726,87351.0,6.502,297.91,141.36,1.9476,8.3801,,23,,1.8406,0.18749,,,1.8616,0,,0,0,2,62,62,0,62.0,135250.0
141.6,75,100,90,0.0,34.933,5.8192,38.212,100,1.0,0,0.00056651,10.479,23.678,79765,87401.0,6.499,297.95,159.04,1.9484,8.4676,,23,,1.8203,0.18764,,,1.8623,0,,0,0,2,62,62,0,62.0,133890.0
141.8,75,100,90,0.0,35.836,18.65,3.8212,100,1.0,0,0.00057793,10.45,23.708,79805,87450.0,6.496,297.91,141.46,1.9492,8.5244,,23,,1.8283,0.18758,,,1.863,0,,0,0,2,62,62,0,62.0,134700.0
142.0,75,100,90,0.0,37.947,5.595,62.35,100,1.0,0,0.00056671,10.467,23.738,79845,87500.0,6.4964,298.01,180.75,1.9499,8.5823,,23,,1.8294,0.18757,,,1.8638,0,,0,0,2,62,62,0,62.0,134680.0
142.2,75,100,90,0.0,39.902,37.793,6.235,100,1.0,0,0.00056104,10.476,23.768,79885,87551.0,6.4985,297.95,158.58,1.9507,8.6187,,23,,1.834,0.18753,,,1.8645,0,,0,0,2,62,62,0,62.0,135150.0
142.4,75,100,90,0.0,40.999,17.492,0.6235,100,1.0,0,0.00052912,10.554,23.796,79926,87601.0,6.5019,297.89,136.25,1.9514,8.6368,,23,,1.7994,0.1878,,,1.8651,0,,0,0,2,62,62,0,62.0,135450.0
142.6,75,100,90,0.0,40.741,5.2477,41.611,100,1.0,0,0.0005328,10.525,23.825,79967,87652.0,6.504,297.94,155.11,1.952,8.6136,,23,,1.8168,0.18766,,,1.8658,0,,0,0,2,62,62,0,62.0,135750.0
142.8,75,100,90,0.0,39.667,1.5743,0.0001,100,1.0,0,0.00051528,10.565,23.852,80007,87702.0,6.5036,297.9,136.99,1.9527,8.5833,,23,,1.7969,0.18781,,,1.8664,0,,0,0,2,62,62,0,62.0,136550.0
143.0,75,100,90,0.0,38.747,0.4723,48.705,100,1.0,0,0.00052837,10.54,23.881,80047,87752.0,6.5035,297.97,163.63,1.9533,8.5169,,23,,1.7983,0.1878,,,1.867,0,,0,0,2,62,62,0,62.0,135350.0
143.2,75,100,90,0.0,37.857,20.816,4.8705,100,1.0,0,0.00055962,10.479,23.91,80087,87802.0,6.5028,297.92,144.84,1.954,8.46,,23,,1.8083,0.18772,,,1.8677,0,,0,0,2,62,62,0,62.0,136160.0
143.4,75,100,90,0.0,37.272,6.2449,69.403,100,1.0,0,0.00053915,10.517,23.939,80127,87851.0,6.5025,298.03,188.38,1.9547,8.4404,,23,,1.7989,0.18779,,,1.8683,0,,0,0,2,62,62,0,62.0,135460.0
143.6,75,100,90,0.0,36.803,42.47,6.9403,100,1.0,0,0.00051761,10.544,23.967,80167,87901.0,6.5024,297.96,161.91,1.9553,8.4034,,23,,1.796,0.18781,,,1.8689,0,,0,0,2,62,62,0,62.0,136090.0
143.8,75,100,90,0.0,36.369,19.049,0.69403,100,1.0,0,0.00051149,10.538,23.994,80207,87950.0,6.5021,297.9,137.95,1.9559,8.3468,,23,,1.805,0.18774,,,1.8695,0,,0,0,2,62,62,0,62.0,136060.0
144.0,75,100,90,0.0,36.049,5.7147,40.73,100,1.0,0,0.00050995,10.537,24.022,80246,88000.0,6.5027,297.94,154.8,1.9565,8.2769,1200.6,23,1694.3,1.8027,0.18776,23.91,26.913,1.8701,0,73.383,0,0,2,62,62,0,62.0,136350.0
144.2,75,100,90,0.0,35.466,1.7144,0.0001,100,1.0,0,0.00051797,10.511,24.051,80286,88049.0,6.5009,297.9,136.64,1.9571,8.2202,,23,,1.8139,0.18767,,,1.8707,0,,0,0,2,62,62,0,62.0,136820.0
144.4,75,100,90,0.0,35.622,0.51432,47.627,100,1.0,0,0.00051223,10.523,24.079,80325,88099.0,6.4984,297.96,161.63,1.9577,8.181,,23,,1.8056,0.18774,,,1.8713,0,,0,0,2,62,62,0,62.0,136290.0
144.6,75,100,90,0.0,36.789,19.271,4.7627,100,1.0,0,0.00051945,10.526,24.107,80365,88148.0,6.4984,297.91,141.33,1.9583,8.1585,,23,,1.7951,0.18781,,,1.8718,0,,0,0,2,62,62,0,62.0,137260.0
144.8,75,100,90,0.0,37.936,5.7813,69.647,100,1.0,0,0.00048835,10.586,24.135,80405,88198.0,6.4999,298.01,182.73,1.9589,8.1501,,23,,1.7767,0.18795,,,1.8724,0,,0,0,2,62,62,0,62.0,136890.0
145.0,75,100,90,0.0,38.474,39.641,6.9647,100,1.0,0,0.00049688,10.568,24.162,80445,88248.0,6.501,297.94,155.01,1.9594,8.122,,23,,1.7834,0.1879,,,1.8729,0,,0,0,2,62,62,0,62.0,137680.0
145.2,75,100,90,0.0,38.611,11.892,99.256,100,1.0,0,0.00048187,10.591,24.189,80485,88297.0,6.5029,298.11,219.8,1.9599,8.1042,,23,,1.7782,0.18794,,,1.8734,0,,0,0,2,62,62,0,62.0,137310.0
145.4,75,100,90,0.0,37.987,68.039,9.9256,100,1.0,0,0.00050742,10.547,24.217,80525,88347.0,6.5025,298.02,184.35,1.9605,8.0744,,23,,1.7843,0.18789,,,1.8739,0,,0,0,2,62,62,0,62.0,137110.0
145.6,75,100,90,0.0,37.5,39.355,0.99256,100,1.0,0,0.00047877,10.594,24.244,80564,88397.0,6.5013,297.93,150.8,1.961,8.0732,,23,,1.7719,0.18799,,,1.8744,0,,0,0,2,62,62,0,62.0,137900.0
145.8,75,100,90,0.0,37.488,11.807,55.957,100,1.0,0,0.00047095,10.619,24.27,80604,88446.0,6.4992,298.0,176.58,1.9615,8.0653,,23,,1.7543,0.18812,,,1.8749,0,,0,0,2,62,62,0,62.0,137360.0
146.0,75,100,90,0.0,38.343,32.852,5.5957,100,1.0,0,0.00044895,10.654,24.296,80644,88496.0,6.4982,297.93,148.67,1.9619,8.0454,,23,,1.7493,0.18815,,,1.8753,0,,0,0,2,62,62,0,62.0,136980.0
146.2,75,100,90,0.0,39.584,9.8556,85.649,100,1.0,0,0.00043617,10.679,24.32,80684,88545.0,6.4988,298.06,199.73,1.9624,8.0036,,23,,1.7492,0.18815,,,1.8757,0,,0,0,2,62,62,0,62.0,138590.0
146.4,75,100,90,0.0,40.576,53.033,8.5649,100,1.0,0,0.00044335,10.667,24.345,80725,88595.0,6.5001,297.97,165.79,1.9628,7.9362,,23,,1.7557,0.1881,,,1.8761,0,,0,0,2,62,62,0,62.0,138380.0
146.6,75,100,90,0.0,41.074,24.095,0.85649,100,1.0,0,0.00041348,10.697,24.369,80765,88645.0,6.5039,297.89,134.18,1.9632,7.8654,,23,,1.7604,0.18807,,,1.8765,0,,0,0,2,62,62,0,62.0,138320.0
146.8,75,100,90,0.0,40.031,7.2284,48.7,100,1.0,0,0.00038631,10.735,24.392,80805,88695.0,6.5074,297.93,151.05,1.9635,7.7669,,23,,1.7511,0.18814,,,1.8768,0,,0,0,2,62,62,0,62.0,137770.0
147.0,75,100,90,0.0,37.598,2.1685,0.0001,100,1.0,0,0.00038367,10.72,24.415,80845,88744.0,6.5084,297.87,126.08,1.9638,7.6507,,23,,1.7599,0.18807,,,1.8771,0,,0,0,2,62,62,0,62.0,138210.0
147.2,75,100,90,0.0,34.786,0.65056,58.492,100,1.0,0,0.0003655,10.741,24.438,80884,88793.0,6.5068,297.94,153.93,1.9641,7.5448,,23,,1.753,0.18812,,,1.8774,0,,0,0,2,62,62,0,62.0,137650.0
147.4,75,100,90,0.0,32.59,0.19517,0.0001,100,1.0,0,0.00037817,10.705,24.461,80923,88841.0,6.5032,297.88,129.93,1.9644,7.4362,,23,,1.7606,0.18806,,,1.8777,0,,0,0,2,62,62,0,62.0,138260.0
147.6,75,100,90,0.0,31.851,0.05855,60.805,100,1.0,0,0.00037857,10.687,24.484,80961,88889.0,6.4998,297.96,160.82,1.9647,7.3639,,23,,1.776,0.18795,,,1.878,0,,0,0,2,62,62,0,62.0,138530.0
147.8,75,100,90,0.0,32.46,23.339,6.0805,100,1.0,0,0.00039493,10.65,24.509,81000,88937.0,6.4964,297.89,134.47,1.965,7.3207,,23,,1.7928,0.18782,,,1.8782,0,,0,0,2,62,62,0,62.0,139480.0
148.0,75,100,90,0.0,34.415,7.0016,85.331,100,1.0,0,0.00039362,10.669,24.532,81039,88986.0,6.4951,298.02,184.82,1.9653,7.3285,,23,,1.787,0.18786,,,1.8785,0,,0,0,2,62,62,0,62.0,138420.0
148.2,75,100,90,0.0,36.899,47.948,8.5331,100,1.0,0,0.00038711,10.692,24.555,81079,89035.0,6.4963,297.93,150.0,1.9656,7.346,,23,,1.7799,0.18792,,,1.8788,0,,0,0,2,62,62,0,62.0,139530.0
148.4,75,100,90,0.0,38.891,14.384,120.9,100,1.0,0,0.00037523,10.733,24.578,81118,89084.0,6.5005,298.13,228.12,1.9659,7.3662,,23,,1.7597,0.18807,,,1.8791,0,,0,0,2,62,62,0,62.0,138800.0
148.6,75,100,90,0.0,39.2,81.492,12.09,100,1.0,0,0.00036772,10.742,24.6,81158,89133.0,6.5045,298.02,184.32,1.9661,7.3793,,23,,1.7587,0.18808,,,1.8793,0,,0,0,2,62,62,0,62.0,138570.0
148.8,75,100,90,0.0,37.927,46.191,1.209,100,1.0,0,0.00036455,10.738,24.622,81198,89183.0,6.5071,297.91,143.53,1.9663,7.3917,,23,,1.7634,0.18804,,,1.8796,0,,0,0,2,62,62,0,62.0,139010.0
149.0,75,100,90,0.0,35.617,13.857,66.659,100,1.0,0,0.00037055,10.708,24.644,81237,89231.0,6.5065,297.99,173.31,1.9666,7.4073,,23,,1.7754,0.18795,,,1.8798,0,,0,0,2,62,62,0,62.0,138280.0
149.2,75,100,90,0.0,33.53,37.701,6.6659,100,1.0,0,0.0003489,10.714,24.665,81276,89280.0,6.5046,297.9,139.81,1.9668,7.4377,,23,,1.7927,0.18782,,,1.88,0,,0,0,2,62,62,0,62.0,138880.0
149.4,75,100,90,0.0,32.221,11.31,101.53,100,1.0,0,0.0003637,10.683,24.688,81315,89328.0,6.5,298.06,201.79,1.967,7.4469,,23,,1.7992,0.18777,,,1.8802,0,,0,0,2,62,62,0,62.0,138820.0
149.6,75,100,90,0.0,32.734,63.02,10.153,100,1.0,0,0.00038459,10.644,24.711,81353,89376.0,6.494,297.97,164.0,1.9673,7.477,,23,,1.814,0.18765,,,1.8804,0,,0,0,2,62,62,0,62.0,139260.0
149.8,75,100,90,0.0,35.65,30.892,1.0153,100,1.0,0,0.00037995,10.652,24.734,81393,89425.0,6.4921,297.88,129.15,1.9675,7.5221,,23,,1.8205,0.1876,,,1.8807,0,,0,0,2,62,62,0,62.0,140370.0
150.0,75,100,90,0.0,39.298,9.2675,57.965,100,1.0,0,0.0004042,10.621,24.757,81433,89475.0,6.4934,297.94,153.6,1.9678,7.5638,,23,,1.8374,0.18748,,,1.8809,0,,0,0,2,62,62,0,62.0,139980.0
150.2,75,100,90,0.0,42.429,2.7802,0.0001,0,0.9,-4000,0.00044539,9.2952,24.787,80758,88705.0,6.5238,297.91,140.18,1.9571,7.6202,,23,,1.9348,0.18676,,,1.8706,0,,0,0,2,62,62,0,62.0,140280.0
150.4,75,100,90,0.0,33.346,0.83407,47.602,0,0.9,-4000,0.00047807,9.2151,24.818,80083,87934.0,6.5434,297.99,172.12,1.9412,7.8452,,23,,1.9423,0.18673,,,1.8554,0,,0,0,2,62,62,0,62.0,141100.0
150.6,75,100,90,0.0,16.524,26.019,4.7602,0,0.9,-4000,0.00045296,9.1732,24.85,79404,87159.0,6.5429,297.95,157.14,1.925,8.1182,,23,,1.9352,0.18682,,,1.8398,0,,0,0,2,62,62,0,62.0,139920.0
150.8,75,100,90,0.0,0.0,7.8058,68.565,0,0.9,-4000,0.00047694,9.0468,24.883,78722,86382.0,6.5201,298.08,208.57,1.9088,8.3875,,23,,1.9534,0.18671,,,1.8242,0,,0,0,2,62,62,0,62.0,140070.0
151.0,75,100,90,0.0,0.0,52.81,6.8565,0,0.9,-4000,0.00051496,8.9973,24.917,78040,85604.0,6.4977,298.04,192.33,1.8926,8.6817,,23,,1.9374,0.18686,,,1.8086,0,,0,0,2,62,62,0,62.0,140230.0
151.2,75,100,90,0.0,1.4377,40.096,0.68565,0,0.9,-4000,0.00054684,8.9769,24.952,77358,84827.0,6.4776,298.0,175.22,1.8764,8.9664,,23,,1.9035,0.18715,,,1.7931,0,,0,0,2,62,62,0,62.0,140070.0
151.4,75,100,90,0.0,10.898,26.177,0.068565,0,0.9,-4000,0.00053485,9.0418,24.986,76678,84052.0,6.4694,297.95,160.11,1.8603,9.2186,,23,,1.8653,0.18747,,,1.7776,0,,0,0,2,62,62,0,62.0,140230.0
151.6,75,100,90,0.0,23.618,12.283,0.0068565,0,0.9,-4000,0.00053892,9.1026,25.019,76002,83279.0,6.4751,297.92,147.77,1.8441,9.378,,23,,1.8228,0.18782,,,1.7621,0,,0,0,2,62,62,0,62.0,141550.0
151.8,75,100,90,0.0,34.055,3.685,27.964,0,0.9,-4000,0.00058919,9.0633,25.054,75327,82509.0,6.4905,297.96,163.4,1.828,9.4575,,23,,1.8231,0.18785,,,1.7466,0,,0,0,2,62,62,0,62.0,141550.0
152.0,75,100,90,0.0,38.35,15.781,2.7964,0,0.9,-4000,0.00059536,9.0816,25.087,74653,81740.0,6.5114,297.93,151.91,1.8119,9.5006,,23,,1.798,0.18807,,,1.7311,0,,0,0,2,62,62,0,62.0,141870.0
152.2,75,100,90,0.0,34.297,4.7342,49.653,0,0.9,0,0.00061879,9.0402,25.123,74673,81770.0,6.4998,298.03,187.4,1.8072,9.467,,23,,1.783,0.1882,,,1.7266,0,,0,0,2,62,62,0,62.0,142040.0
152.4,75,100,90,0.0,34.99,36.486,4.9653,0,0.9,0,0.00059609,9.0644,25.157,74693,81800.0,6.4907,297.99,171.83,1.8074,9.421,,23,,1.7781,0.18823,,,1.7268,0,,0,0,2,62,62,0,62.0,142030.0
152.6,75,100,90,0.0,39.227,21.965,0.49653,0,0.9,0,0.00059481,9.0715,25.191,74714,81831.0,6.4888,297.94,156.19,1.8078,9.3235,,23,,1.783,0.1882,,,1.7272,0,,0,0,2,62,62,0,62.0,142530.0
152.8,75,100,90,0.0,44.189,6.5894,35.381,0,0.9,0,0.00061463,9.0706,25.226,74736,81863.0,6.4914,298.0,176.76,1.8083,9.1909,,23,,1.7742,0.18826,,,1.7276,0,,0,0,2,62,62,0,62.0,142030.0
153.0,75,100,90,0.0,48.132,24.534,3.5381,0,0.9,0,0.0006469,9.0247,25.262,74759,81895.0,6.4947,297.96,163.41,1.8087,9.0549,,23,,1.7859,0.18817,,,1.7281,0,,0,0,2,62,62,0,62.0,141530.0
153.2,75,100,90,0.0,50.761,11.359,0.35381,0,0.9,0,0.0006159,9.0703,25.296,74782,81929.0,6.5005,297.93,150.55,1.8092,8.9553,,23,,1.7835,0.18819,,,1.7285,0,,0,0,2,62,62,0,62.0,142030.0
153.4,75,100,90,0.0,51.089,3.4076,27.128,0,0.9,0,0.00057821,9.1239,25.329,74805,81962.0,6.5059,297.96,162.98,1.8096,8.8337,,23,,1.769,0.1883,,,1.7289,0,,0,0,2,62,62,0,62.0,142680.0
153.6,75,100,90,0.0,49.238,12.889,2.7128,0,0.9,0,0.00059421,9.0772,25.363,74828,81994.0,6.5106,297.93,151.05,1.81,8.6829,,23,,1.7839,0.18818,,,1.7293,0,,0,0,2,62,62,0,62.0,142010.0
153.8,75,100,90,0.0,45.523,3.8668,45.489,0,0.9,0,0.00056174,9.0875,25.396,74850,82026.0,6.5121,298.01,179.8,1.8104,8.5623,,23,,1.792,0.18812,,,1.7296,0,,0,0,2,62,62,0,62.0,142830.0
154.0,75,100,90,0.0,41.223,28.997,4.5489,0,0.9,0,0.00052783,9.1256,25.428,74871,82057.0,6.5108,297.96,163.4,1.8107,8.45,,23,,1.7686,0.1883,,,1.7299,0,,0,0,2,62,62,0,62.0,142820.0
154.2,75,100,90,0.0,37.45,13.065,0.45489,0,0.9,0,0.00055312,9.0582,25.462,74891,82088.0,6.5055,297.93,149.36,1.811,8.3281,,23,,1.783,0.18819,,,1.7302,0,,0,0,2,62,62,0,62.0,143140.0
154.4,75,100,90,0.0,35.787,3.9196,28.344,0,0.9,0,0.00052877,9.057,25.495,74911,82117.0,6.4976,297.96,162.48,1.8113,8.2716,,23,,1.8037,0.18803,,,1.7305,0,,0,0,2,62,62,0,62.0,142300.0
154.6,75,100,90,0.0,37.259,13.953,2.8344,0,0.9,0,0.0005124,9.0821,25.527,74932,82147.0,6.4921,297.92,148.97,1.8116,8.2147,,23,,1.7984,0.18807,,,1.7308,0,,0,0,2,62,62,0,62.0,143620.0
154.8,75,100,90,0.0,40.922,4.1859,49.463,0,0.9,0,0.00050354,9.1246,25.558,74953,82178.0,6.4927,298.01,179.5,1.8118,8.1715,,23,,1.7764,0.18824,,,1.731,0,,0,0,2,62,62,0,62.0,144100.0
155.0,75,100,90,0.0,44.333,30.79,4.9463,0,0.9,0,0.00049409,9.1444,25.589,74974,82210.0,6.499,297.96,161.89,1.8121,8.1198,,23,,1.7712,0.18828,,,1.7313,0,,0,0,2,62,62,0,62.0,144410.0
155.2,75,100,90,0.0,45.238,13.66,0.49463,0,0.9,0,0.00046725,9.1763,25.62,74996,82241.0,6.505,297.91,143.93,1.8123,8.0714,,23,,1.7684,0.1883,,,1.7315,0,,0,0,2,62,62,0,62.0,144390.0
155.4,75,100,90,0.0,43.739,4.0981,34.356,0,0.9,0,0.00045855,9.1957,25.65,75018,82272.0,6.5085,297.95,159.05,1.8125,8.0115,,23,,1.7457,0.18847,,,1.7317,0,,0,0,2,62,62,0,62.0,143860.0
155.6,75,100,90,0.0,40.873,15.531,3.4356,0,0.9,0,0.00041772,9.2292,25.679,75039,82303.0,6.5108,297.91,142.16,1.8126,7.9663,,23,,1.7378,0.18853,,,1.7318,0,,0,0,2,62,62,0,62.0,143160.0
155.8,75,100,90,0.0,37.057,4.6592,58.951,0,0.9,0,0.00038143,9.2468,25.707,75059,82333.0,6.5089,298.0,177.53,1.8127,7.9004,,23,,1.7386,0.18852,,,1.7319,0,,0,0,2,62,62,0,62.0,144960.0
156.0,75,100,90,0.0,34.034,35.21,5.8951,0,0.9,0,0.00037084,9.2405,25.735,75079,82361.0,6.5052,297.94,155.05,1.8128,7.8163,1201.5,23,1740.0,1.7388,0.18852,25.62,26.892,1.732,0,83.29,0,0,2,62,62,0,62.0,144260.0
156.2,75,100,90,0.0,32.479,10.563,90.132,0,0.9,0,0.00035244,9.2709,25.762,75098,82390.0,6.4998,298.11,215.35,1.8129,7.7386,,23,,1.7155,0.1887,,,1.732,0,,0,0,2,62,62,0,62.0,144560.0
156.4,75,100,90,0.0,33.07,66.32,9.0132,0,0.9,0,0.00035552,9.2744,25.789,75117,82419.0,6.4937,298.02,182.63,1.8129,7.6549,,23,,1.7031,0.18879,,,1.7321,0,,0,0,2,62,62,0,62.0,144180.0
156.6,75,100,90,0.0,36.124,37.911,0.90132,0,0.9,0,0.00037125,9.2605,25.817,75137,82448.0,6.4879,297.94,152.89,1.8129,7.584,,23,,1.705,0.18878,,,1.7321,0,,0,0,2,62,62,0,62.0,145480.0
156.8,75,100,90,0.0,41.481,11.373,52.953,0,0.9,0,0.00038262,9.2579,25.845,75158,82479.0,6.4873,298.01,179.13,1.813,7.5438,,23,,1.7144,0.1887,,,1.7322,0,,0,0,2,62,62,0,62.0,145110.0
157.0,75,100,90,0.0,47.058,34.561,5.2953,0,0.9,0,0.00034721,9.3202,25.871,75180,82510.0,6.4931,297.93,152.34,1.813,7.5254,,23,,1.71,0.18874,,,1.7322,0,,0,0,2,62,62,0,62.0,145230.0
157.2,75,100,90,0.0,50.323,10.368,88.172,0,0.9,0,0.00034408,9.3422,25.897,75203,82542.0,6.5009,298.09,208.28,1.813,7.4775,,23,,1.6973,0.18883,,,1.7322,0,,0,0,2,62,62,0,62.0,145360.0
157.4,75,100,90,0.0,50.459,61.698,8.8172,0,0.9,0,0.00034837,9.3233,25.923,75225,82574.0,6.509,298.0,174.85,1.813,7.4332,,23,,1.7099,0.18874,,,1.7322,0,,0,0,2,62,62,0,62.0,145310.0
157.6,75,100,90,0.0,47.373,32.017,0.88172,0,0.9,0,0.0003842,9.2527,25.95,75248,82606.0,6.5134,297.92,146.21,1.8131,7.3957,,23,,1.7267,0.18861,,,1.7322,0,,0,0,2,62,62,0,62.0,145940.0
157.8,75,100,90,0.0,42.54,9.6052,49.322,0,0.9,0,0.00039712,9.2043,25.978,75269,82637.0,6.5125,297.98,169.92,1.8131,7.4075,,23,,1.7383,0.18852,,,1.7323,0,,0,0,2,62,62,0,62.0,145570.0
158.0,75,100,90,0.0,38.079,29.628,4.9322,0,0.9,0,0.00040663,9.1681,26.006,75289,82667.0,6.5062,297.92,147.52,1.8131,7.4528,,23,,1.7463,0.18846,,,1.7323,0,,0,0,2,62,62,0,62.0,145540.0
158.2,75,100,90,0.0,36.137,8.8884,80.434,0,0.9,0,0.000406,9.1509,26.035,75309,82696.0,6.4994,298.07,200.07,1.8132,7.5258,,23,,1.7544,0.1884,,,1.7323,0,,0,0,2,62,62,0,62.0,146840.0
158.4,75,100,90,0.0,36.916,56.329,8.0434,0,0.9,0,0.00043659,9.1174,26.065,75329,82725.0,6.4933,297.99,172.64,1.8132,7.6101,,23,,1.7536,0.18841,,,1.7324,0,,0,0,2,62,62,0,62.0,145810.0
158.6,75,100,90,0.0,40.129,31.61,0.80434,0,0.9,0,0.00046939,9.0941,26.096,75350,82756.0,6.4909,297.92,147.7,1.8133,7.7335,,23,,1.7499,0.18843,,,1.7325,0,,0,0,2,62,62,0,62.0,145960.0
158.8,75,100,90,0.0,44.26,9.4831,49.137,0,0.9,0,0.00049287,9.0797,26.127,75371,82787.0,6.4931,297.99,173.58,1.8134,7.8874,,23,,1.7505,0.18843,,,1.7325,0,,0,0,2,62,62,0,62.0,146940.0
159.0,75,100,90,0.0,47.542,31.616,4.9137,0,0.9,0,0.00050335,9.0669,26.159,75393,82819.0,6.4969,297.94,152.96,1.8135,8.0569,,23,,1.7571,0.18838,,,1.7327,0,,0,0,2,62,62,0,62.0,146590.0
159.2,75,100,90,0.0,49.291,9.4849,79.386,0,0.9,0,0.00054243,9.0472,26.192,75416,82851.0,6.5025,298.08,206.54,1.8137,8.2387,,23,,1.7436,0.18848,,,1.7328,0,,0,0,2,62,62,0,62.0,146910.0
159.4,75,100,90,0.0,48.801,58.348,7.9386,0,0.9,0,0.00054452,9.0389,26.225,75439,82883.0,6.5059,298.01,181.47,1.8138,8.436,,23,,1.7456,0.18847,,,1.7329,0,,0,0,2,62,62,0,62.0,147730.0
159.6,75,100,90,0.0,46.987,36.562,0.79386,0,0.9,0,0.00057781,8.999,26.259,75461,82915.0,6.5064,297.95,157.14,1.8139,8.61,,23,,1.7374,0.18853,,,1.7331,0,,0,0,2,62,62,0,62.0,147230.0
159.8,75,100,90,0.0,44.942,10.969,50.015,0,0.9,0,0.0006328,8.9049,26.295,75483,82947.0,6.5028,298.03,186.66,1.8141,8.7966,,23,,1.7652,0.18832,,,1.7333,0,,0,0,2,62,62,0,62.0,147730.0
160.0,75,100,90,0.0,44.355,37.484,5.0015,0,0.9,0,0.00063179,8.8964,26.331,75505,82979.0,6.4992,297.98,167.66,1.8144,9.0083,,23,,1.7753,0.18824,,,1.7335,0,,0,0,2,62,62,0,62.0,146400.0
160.2,75,100,80,0.0,45.178,19.917,0.50015,400,0.9,0,0.00043763,11.207,26.333,75605,83088.0,6.4984,297.89,134.73,1.8144,9.1825,,23,,1.238,0.19229,,,1.7335,0,,0,0,2,62,62,0,62.0,147910.0
160.4,75,100,80,0.0,46.349,5.9752,56.893,400,0.9,0,0.00045181,11.21,26.335,75705,83197.0,6.4989,297.95,156.94,1.8145,8.4161,,23,,1.1902,0.19265,,,1.7336,0,,0,0,2,62,62,0,62.0,147090.0
160.6,75,100,80,0.0,47.288,1.7926,0.0001,400,0.9,0,0.00047171,11.201,26.338,75805,83307.0,6.5005,297.87,129.29,1.8145,7.5439,,23,,1.1908,0.19264,,,1.7336,0,,0,0,2,62,62,0,62.0,146600.0
160.8,75,100,80,0.0,47.608,0.53777,65.599,400,0.9,0,0.00048719,11.203,26.341,75905,83416.0,6.5034,297.96,161.06,1.8146,6.6304,,23,,1.1873,0.19267,,,1.7337,0,,0,0,2,62,62,0,62.0,148120.0
161.0,75,100,80,0.0,46.762,26.228,6.5599,400,0.9,0,0.00050648,11.179,26.344,76004,83525.0,6.5034,297.88,131.36,1.8146,5.7338,,23,,1.2031,0.19255,,,1.7337,0,,0,0,2,62,62,0,62.0,148130.0
161.2,75,100,80,0.0,45.929,7.8684,97.0,400,0.9,0,0.00051799,11.182,26.348,76104,83633.0,6.5025,298.03,188.92,1.8147,4.9137,,23,,1.1988,0.19258,,,1.7338,0,,0,0,2,62,62,0,62.0,147480.0
161.4,75,100,80,0.0,45.457,58.015,9.7,400,0.9,0,0.00053312,11.18,26.352,76203,83741.0,6.499,297.94,153.93,1.8148,4.2039,,23,,1.1939,0.19262,,,1.7339,0,,0,0,2,62,62,0,62.0,147670.0
161.6,75,100,80,0.0,46.388,17.405,138.25,400,0.9,0,0.0005811,11.141,26.359,76302,83850.0,6.4948,298.19,245.36,1.8149,3.6433,,23,,1.2038,0.19255,,,1.734,0,,0,0,2,62,62,0,62.0,146870.0
161.8,75,100,80,0.0,48.979,101.63,13.825,400,0.9,0,0.00058521,11.153,26.365,76401,83959.0,6.4915,298.07,202.44,1.815,3.2712,,23,,1.2078,0.19252,,,1.7341,0,,0,0,2,62,62,0,62.0,148230.0
162.0,75,100,80,0.0,52.892,66.534,1.3825,400,0.9,0,0.0006069,11.145,26.372,76501,84068.0,6.4918,297.95,158.39,1.8152,3.057,,23,,1.2252,0.19239,,,1.7342,0,,0,0,2,62,62,0,62.0,147100.0
162.2,75,100,80,0.0,56.694,28.801,0.13825,400,0.9,0,0.00060169,11.198,26.378,76602,84179.0,6.4959,297.86,123.21,1.8153,3.0023,,23,,1.2082,0.19251,,,1.7343,0,,0,0,2,62,62,0,62.0,147790.0
162.4,75,100,80,0.0,58.842,8.6402,56.45,400,0.9,0,0.00063611,11.182,26.386,76704,84289.0,6.5014,297.91,144.47,1.8154,3.0622,,23,,1.2112,0.19249,,,1.7345,0,,0,0,2,62,62,0,62.0,146830.0
162.6,75,100,80,0.0,58.779,2.5921,0.0001,400,0.9,0,0.00061021,11.218,26.393,76805,84400.0,6.5072,297.84,116.49,1.8156,3.2638,,23,,1.2074,0.19252,,,1.7346,0,,0,0,2,62,62,0,62.0,146870.0
162.8,75,100,80,0.0,56.426,0.77762,72.219,400,0.9,0,0.00059819,11.255,26.4,76906,84511.0,6.5115,297.94,154.04,1.8157,3.5375,,23,,1.1831,0.1927,,,1.7347,0,,0,0,2,62,62,0,62.0,146570.0
163.0,75,100,80,0.0,52.367,0.23329,0.0001,400,0.9,0,0.00064312,11.206,26.408,77007,84620.0,6.5105,297.86,126.62,1.8158,3.8657,,23,,1.1927,0.19263,,,1.7348,0,,0,0,2,62,62,0,62.0,148110.0
163.2,75,100,80,0.0,48.711,0.069986,74.813,400,0.9,0,0.00066583,11.185,26.418,77106,84729.0,6.5066,297.97,166.53,1.8159,4.2721,,23,,1.194,0.19262,,,1.735,0,,0,0,2,62,62,0,62.0,147490.0
163.4,75,100,80,0.0,46.587,32.632,7.4813,400,0.9,0,0.00067824,11.191,26.428,77206,84838.0,6.5024,297.89,135.94,1.8161,4.7252,,23,,1.1883,0.19266,,,1.7351,0,,0,0,2,62,62,0,62.0,147040.0
163.6,75,100,80,0.0,46.152,9.7895,106.2,400,0.9,0,0.00066591,11.216,26.437,77305,84947.0,6.4975,298.06,200.92,1.8162,5.1776,,23,,1.1929,0.19263,,,1.7353,0,,0,0,2,62,62,0,62.0,148580.0
163.8,75,100,80,0.0,47.668,66.495,10.62,400,0.9,0,0.00065971,11.239,26.447,77404,85055.0,6.4961,297.96,162.84,1.8164,5.5818,,23,,1.1917,0.19263,,,1.7354,0,,0,0,2,62,62,0,62.0,147630.0
164.0,75,100,80,0.0,49.751,32.355,1.062,400,0.9,0,0.00066671,11.255,26.456,77505,85165.0,6.4989,297.86,126.35,1.8165,5.9375,,23,,1.1906,0.19264,,,1.7355,0,,0,0,2,62,62,0,62.0,148340.0
164.2,75,100,80,0.0,50.687,9.7065,63.227,400,0.9,0,0.00067536,11.274,26.466,77605,85275.0,6.5031,297.94,152.82,1.8166,6.2397,,23,,1.1866,0.19267,,,1.7356,0,,0,0,2,62,62,0,62.0,148390.0
164.4,75,100,80,0.0,49.976,2.9119,0.0001,400,0.9,0,0.00069238,11.279,26.476,77705,85384.0,6.5073,297.86,124.33,1.8168,6.4798,,23,,1.1794,0.19273,,,1.7358,0,,0,0,2,62,62,0,62.0,146940.0
164.6,75,100,80,0.0,47.579,0.87358,71.607,400,0.9,0,0.00067958,11.295,26.486,77805,85493.0,6.5088,297.96,160.98,1.8169,6.6675,,23,,1.1819,0.19271,,,1.7359,0,,0,0,2,62,62,0,62.0,147650.0
164.8,75,100,80,0.0,44.582,29.913,7.1607,400,0.9,0,0.00063413,11.357,26.495,77904,85601.0,6.5095,297.87,129.6,1.817,6.7786,,23,,1.1612,0.19286,,,1.736,0,,0,0,2,62,62,0,62.0,148360.0
165.0,75,100,80,0.0,41.308,8.9739,104.79,400,0.9,0,0.00067781,11.282,26.505,78003,85709.0,6.5078,298.04,193.01,1.8171,6.7827,,23,,1.2072,0.19252,,,1.7361,0,,0,0,2,62,62,0,62.0,147580.0
165.2,75,100,80,0.0,38.724,63.1,10.479,400,0.9,0,0.00068788,11.284,26.515,78101,85816.0,6.5028,297.93,152.5,1.8172,6.7582,,23,,1.2024,0.19255,,,1.7362,0,,0,0,2,62,62,0,62.0,148460.0
165.4,75,100,80,0.0,38.152,18.93,150.72,400,0.9,0,0.00069926,11.279,26.526,78199,85923.0,6.4976,298.2,252.99,1.8173,6.6992,,23,,1.2111,0.19249,,,1.7363,0,,0,0,2,62,62,0,62.0,148350.0
165.6,75,100,80,0.0,39.613,109.35,15.072,400,0.9,0,0.00067528,11.32,26.536,78297,86031.0,6.495,298.06,198.6,1.8174,6.6106,,23,,1.2127,0.19247,,,1.7364,0,,0,0,2,62,62,0,62.0,147230.0
165.8,75,100,80,0.0,42.136,65.123,1.5072,400,0.9,0,0.00069503,11.318,26.546,78395,86138.0,6.4948,297.93,148.97,1.8175,6.4752,,23,,1.2249,0.19238,,,1.7365,0,,0,0,2,62,62,0,62.0,148610.0
166.0,75,100,80,0.0,44.744,19.537,83.363,400,0.9,0,0.00070856,11.323,26.556,78494,86247.0,6.4968,298.03,188.98,1.8176,6.3306,,23,,1.2336,0.19232,,,1.7366,0,,0,0,2,62,62,0,62.0,148990.0
166.2,75,100,80,0.0,46.554,54.253,8.3363,400,0.9,0,0.00070789,11.361,26.566,78594,86355.0,6.4996,297.93,149.34,1.8177,6.1921,,23,,1.2179,0.19243,,,1.7367,0,,0,0,2,62,62,0,62.0,148040.0
166.4,75,100,80,0.0,47.241,16.276,126.79,400,0.9,0,0.00069839,11.369,26.576,78693,86464.0,6.5036,298.14,229.64,1.8178,6.0482,,23,,1.2355,0.1923,,,1.7368,0,,0,0,2,62,62,0,62.0,149420.0
166.6,75,100,80,0.0,46.319,87.424,12.679,400,0.9,0,0.00068346,11.384,26.586,78793,86572.0,6.5078,298.02,184.2,1.8179,5.8988,,23,,1.2405,0.19226,,,1.7368,0,,0,0,2,62,62,0,62.0,148800.0
166.8,75,100,80,0.0,43.722,49.714,1.2679,400,0.9,0,0.00070326,11.359,26.596,78891,86680.0,6.5083,297.91,141.09,1.8179,5.7587,,23,,1.2509,0.19219,,,1.7369,0,,0,0,2,62,62,0,62.0,149190.0
167.0,75,100,80,0.0,40.926,14.914,72.74,400,0.9,0,0.00071403,11.358,26.608,78989,86787.0,6.5072,297.99,173.68,1.818,5.671,,23,,1.2483,0.19221,,,1.737,0,,0,0,2,62,62,0,62.0,147910.0
167.2,75,100,80,0.0,38.577,41.779,7.274,400,0.9,0,0.000702,11.374,26.618,79087,86894.0,6.5049,297.9,138.5,1.8181,5.6222,,23,,1.2501,0.19219,,,1.7371,0,,0,0,2,62,62,0,62.0,149130.0
167.4,75,100,80,0.0,37.123,12.534,111.17,400,0.9,0,0.00072645,11.36,26.63,79184,87000.0,6.5015,298.08,206.31,1.8182,5.5854,,23,,1.2587,0.19213,,,1.7371,0,,0,0,2,62,62,0,62.0,148850.0
167.6,75,100,80,0.0,37.033,70.795,11.117,400,0.9,0,0.00073919,11.378,26.641,79282,87106.0,6.4977,297.97,164.44,1.8183,5.595,,23,,1.2461,0.19222,,,1.7372,0,,0,0,2,62,62,0,62.0,149240.0
167.8,75,100,80,0.0,38.471,34.491,1.1117,400,0.9,0,0.00069845,11.448,26.652,79379,87213.0,6.4967,297.87,125.66,1.8183,5.6393,,23,,1.2245,0.19238,,,1.7373,0,,0,0,2,62,62,0,62.0,148960.0
168.0,75,100,80,0.0,40.282,10.347,64.434,400,0.9,0,0.00073341,11.418,26.664,79477,87320.0,6.4968,297.94,152.5,1.8184,5.6708,1201.9,23,1758.3,1.2424,0.19225,26.618,25.912,1.7373,0,80.465,0,0,2,62,62,0,62.0,148510.0
168.2,75,100,80,0.0,42.059,3.1042,0.0001,400,0.9,0,0.00073389,11.452,26.676,79576,87427.0,6.4994,297.86,123.54,1.8185,5.7486,,23,,1.2234,0.19239,,,1.7374,0,,0,0,2,62,62,0,62.0,149570.0
168.4,75,100,80,0.0,42.81,0.93125,71.32,400,0.9,0,0.00072511,11.497,26.687,79674,87535.0,6.503,297.95,159.54,1.8185,5.8439,,23,,1.2004,0.19256,,,1.7375,0,,0,0,2,62,62,0,62.0,148300.0
168.6,75,100,80,0.0,42.13,28.623,7.132,400,0.9,0,0.00071091,11.536,26.698,79773,87642.0,6.5077,297.87,127.9,1.8186,5.9317,,23,,1.1794,0.19272,,,1.7375,0,,0,0,2,62,62,0,62.0,149520.0
168.8,75,100,80,0.0,39.578,8.5868,102.51,400,0.9,0,0.00073131,11.514,26.71,79871,87749.0,6.5088,298.03,188.8,1.8186,6.0119,,23,,1.1919,0.19263,,,1.7376,0,,0,0,2,62,62,0,62.0,149410.0
169.0,75,100,80,0.0,36.582,59.024,10.251,400,0.9,0,0.00074046,11.504,26.722,79968,87855.0,6.5063,297.92,147.23,1.8187,6.1081,,23,,1.2002,0.19257,,,1.7376,0,,0,0,2,62,62,0,62.0,148470.0
169.2,75,100,80,0.0,34.581,17.707,146.65,400,0.9,0,0.00079446,11.462,26.736,80065,87961.0,6.5013,298.17,243.73,1.8188,6.2133,,23,,1.2169,0.19244,,,1.7377,0,,0,0,2,62,62,0,62.0,148530.0
169.4,75,100,80,0.0,34.58,101.96,14.665,400,0.9,0,0.00082238,11.463,26.75,80162,88067.0,6.4961,298.03,189.95,1.8189,6.3484,,23,,1.2121,0.19248,,,1.7378,0,,0,0,2,62,62,0,62.0,150270.0
169.6,75,100,80,0.0,36.651,58.459,1.4665,400,0.9,0,0.00084676,11.452,26.765,80259,88174.0,6.4937,297.91,141.36,1.819,6.4907,,23,,1.2289,0.19235,,,1.7379,0,,0,0,2,62,62,0,62.0,149840.0
169.8,75,100,80,0.0,39.677,17.538,79.937,400,0.9,0,0.00082793,11.505,26.779,80357,88281.0,6.4947,298.0,178.62,1.8191,6.6412,,23,,1.2167,0.19244,,,1.738,0,,0,0,2,62,62,0,62.0,149580.0
170.0,75,100,80,0.0,42.288,48.228,7.9937,400,0.9,0,0.00083237,11.508,26.793,80455,88388.0,6.499,297.9,140.16,1.8192,6.7587,,23,,1.2297,0.19234,,,1.7381,0,,0,0,2,62,62,0,62.0,149810.0
170.2,75,100,80,0.0,43.199,14.468,121.28,150,0.9,-4000,0.00085835,10.385,26.824,79810,87646.0,6.5328,298.1,217.57,1.809,6.8535,,23,,1.4855,0.19044,,,1.7283,0,,0,0,2,62,62,0,62.0,149630.0
170.4,75,100,80,0.0,30.498,80.801,12.128,150,0.9,-4000,0.00088145,10.333,26.856,79162,86902.0,6.5522,297.99,174.79,1.794,7.3555,,23,,1.5016,0.19035,,,1.7139,0,,0,0,2,62,62,0,62.0,149280.0
170.6,75,100,80,0.5191,15.249,44.666,1.2128,150,0.9,-4000,0.00087568,10.274,26.889,78511,86154.0,6.5484,297.9,138.56,1.7786,7.8985,,23,,1.5116,0.1903,,,1.6991,0,,0,0,2,62,62,0,62.0,149270.0
170.8,75,100,80,0.0,0.0,13.4,65.855,150,0.9,-4000,0.00091576,10.177,26.923,77858,85404.0,6.5202,297.99,172.14,1.7633,8.4505,,23,,1.5212,0.19026,,,1.6844,0,,0,0,2,62,62,0,62.0,149100.0
171.0,75,100,80,0.0,0.0,41.038,6.5855,150,0.9,-4000,0.00092402,10.178,26.958,77204,84654.0,6.494,297.91,142.84,1.748,9.0105,,23,,1.5097,0.19038,,,1.6698,0,,0,0,2,62,62,0,62.0,149940.0
171.2,75,100,80,0.0,2.9185,12.312,105.24,150,0.9,-4000,0.00091975,10.197,26.992,76552,83904.0,6.4741,298.09,211.26,1.7327,9.4987,,23,,1.5034,0.19045,,,1.6551,0,,0,0,2,62,62,0,62.0,150770.0
171.4,75,100,80,0.0,13.762,73.196,10.524,150,0.9,-4000,0.00094219,10.252,27.025,75901,83157.0,6.4707,297.99,173.26,1.7175,9.8703,,23,,1.4688,0.19074,,,1.6404,0,,0,0,2,62,62,0,62.0,151590.0
171.6,75,100,80,0.0,25.953,39.594,1.0524,150,0.9,-4000,0.00094407,10.334,27.057,75254,82412.0,6.4844,297.89,136.44,1.7022,10.112,,23,,1.424,0.19111,,,1.6257,0,,0,0,2,62,62,0,62.0,149910.0
171.8,75,100,80,0.0,32.639,11.878,66.397,150,0.9,-4000,0.00099682,10.339,27.089,74607,81669.0,6.5057,297.98,167.91,1.687,10.207,,23,,1.3991,0.19133,,,1.6111,0,,0,0,2,62,62,0,62.0,150400.0
172.0,75,100,80,0.0,30.863,38.527,6.6397,150,0.9,-4000,0.00098023,10.353,27.122,73961,80925.0,6.5252,297.88,135.34,1.6717,10.217,,23,,1.3845,0.19147,,,1.5965,0,,0,0,2,62,62,0,62.0,150390.0
172.2,75,100,80,0.0,21.307,11.558,110.73,150,0.9,0,0.0010299,10.269,27.156,74006,80979.0,6.5014,298.09,208.03,1.6672,10.118,,23,,1.3955,0.19139,,,1.5921,0,,0,0,2,62,62,0,62.0,151720.0
172.4,75,100,80,0.0,21.391,78.262,11.073,150,0.9,0,0.0010004,10.297,27.189,74052,81034.0,6.4806,297.97,165.91,1.6671,10.008,,23,,1.3914,0.19143,,,1.592,0,,0,0,2,62,62,0,62.0,151210.0
172.6,75,100,80,0.0,29.682,39.315,1.1073,150,0.9,0,0.00097949,10.36,27.222,74099,81090.0,6.4726,297.87,129.17,1.6672,9.8184,,23,,1.3712,0.19158,,,1.5922,0,,0,0,2,62,62,0,62.0,151200.0
172.8,75,100,80,0.0,41.128,11.795,67.198,150,0.9,0,0.00099837,10.411,27.254,74148,81148.0,6.4779,297.96,161.12,1.6674,9.5725,,23,,1.3518,0.19172,,,1.5923,0,,0,0,2,62,62,0,62.0,152190.0
173.0,75,100,80,0.0,50.449,38.448,6.7198,150,0.9,0,0.0010132,10.452,27.285,74200,81208.0,6.4918,297.87,129.86,1.6675,9.3063,,23,,1.3353,0.19185,,,1.5924,0,,0,0,2,62,62,0,62.0,152170.0
173.2,75,100,80,0.0,54.228,11.534,113.16,150,0.9,0,0.00099837,10.494,27.316,74252,81269.0,6.5084,298.07,203.18,1.6677,9.0387,,23,,1.3178,0.19198,,,1.5926,0,,0,0,2,62,62,0,62.0,152320.0
173.4,75,100,80,0.0,51.381,78.009,11.316,150,0.9,0,0.0010396,10.458,27.348,74303,81329.0,6.5208,297.97,164.57,1.6678,8.7667,,23,,1.3175,0.19198,,,1.5927,0,,0,0,2,62,62,0,62.0,151140.0
173.6,75,100,80,0.0,43.594,42.046,1.1316,150,0.9,0,0.0010387,10.431,27.381,74353,81387.0,6.5258,297.86,127.96,1.668,8.5525,,23,,1.3157,0.19199,,,1.5929,0,,0,0,2,62,62,0,62.0,151800.0
173.8,75,100,80,0.0,33.798,12.614,72.889,150,0.9,0,0.0010292,10.385,27.414,74400,81444.0,6.5203,297.97,166.11,1.6681,8.405,,23,,1.3372,0.19183,,,1.593,0,,0,0,2,62,62,0,62.0,152790.0
174.0,75,100,80,0.0,26.234,45.017,7.2889,150,0.9,0,0.0010362,10.346,27.448,74446,81499.0,6.5048,297.89,135.81,1.6683,8.3162,,23,,1.348,0.19175,,,1.5932,0,,0,0,2,62,62,0,62.0,152450.0
174.2,75,100,80,0.0,24.882,13.505,119.73,150,0.9,0,0.0010913,10.306,27.484,74492,81554.0,6.4864,298.11,217.0,1.6684,8.3025,,23,,1.3528,0.19171,,,1.5933,0,,0,0,2,62,62,0,62.0,152120.0
174.4,75,100,80,0.0,30.862,87.927,11.973,150,0.9,0,0.0010797,10.357,27.518,74539,81610.0,6.4767,298.0,176.18,1.6686,8.3805,,23,,1.3309,0.19188,,,1.5935,0,,0,0,2,62,62,0,62.0,152460.0
174.6,75,100,80,0.0,40.694,51.232,1.1973,150,0.9,0,0.0011075,10.389,27.553,74588,81668.0,6.4762,297.89,137.01,1.6688,8.4752,,23,,1.3254,0.19192,,,1.5937,0,,0,0,2,62,62,0,62.0,153620.0
174.8,75,100,80,0.0,50.685,15.37,77.557,150,0.9,0,0.0010891,10.463,27.586,74640,81728.0,6.4862,298.0,176.79,1.6689,8.5974,,23,,1.3071,0.19206,,,1.5938,0,,0,0,2,62,62,0,62.0,153780.0
175.0,75,100,80,0.0,56.673,50.225,7.7557,150,0.9,0,0.0010978,10.49,27.619,74692,81789.0,6.5016,297.91,143.4,1.6691,8.6998,,23,,1.298,0.19212,,,1.594,0,,0,0,2,62,62,0,62.0,153770.0
175.2,75,100,80,0.0,56.545,15.068,124.2,150,0.9,0,0.0010896,10.493,27.651,74744,81850.0,6.5151,298.13,224.98,1.6693,8.8004,,23,,1.3017,0.1921,,,1.5941,0,,0,0,2,62,62,0,62.0,152930.0
175.4,75,100,80,0.0,51.044,90.46,12.42,150,0.9,0,0.0010709,10.498,27.683,74795,81910.0,6.5237,298.01,180.56,1.6694,8.8876,,23,,1.289,0.19219,,,1.5943,0,,0,0,2,62,62,0,62.0,152910.0
175.6,75,100,80,0.0,42.082,51.27,1.242,150,0.9,0,0.0010748,10.462,27.716,74845,81969.0,6.5225,297.9,140.25,1.6696,8.9673,,23,,1.288,0.1922,,,1.5944,0,,0,0,2,62,62,0,62.0,154070.0
175.8,75,100,80,0.0,33.654,15.381,74.155,150,0.9,0,0.0010679,10.419,27.749,74892,82025.0,6.5126,298.0,178.15,1.6697,9.0518,,23,,1.3117,0.19202,,,1.5945,0,,0,0,2,62,62,0,62.0,154230.0
176.0,75,100,80,0.0,29.17,48.664,7.4155,150,0.9,0,0.0010511,10.418,27.782,74939,82081.0,6.4988,297.91,145.45,1.6698,9.125,,23,,1.3108,0.19203,,,1.5947,0,,0,0,2,62,62,0,62.0,153720.0
176.2,75,100,80,0.0,30.169,14.599,119.36,150,0.9,0,0.0010274,10.439,27.814,74986,82137.0,6.4869,298.13,223.53,1.67,9.1763,,23,,1.3124,0.19201,,,1.5948,0,,0,0,2,62,62,0,62.0,154210.0
176.4,75,100,80,0.0,35.933,86.591,11.936,150,0.9,0,0.0010658,10.441,27.846,75034,82194.0,6.4822,298.01,181.88,1.6701,9.192,,23,,1.3127,0.19201,,,1.5949,0,,0,0,2,62,62,0,62.0,154370.0
176.6,75,100,80,0.0,43.548,50.094,1.1936,150,0.9,0,0.0010359,10.496,27.878,75084,82252.0,6.4845,297.9,140.97,1.6702,9.1995,,23,,1.3006,0.1921,,,1.595,0,,0,0,2,62,62,0,62.0,154020.0
176.8,75,100,80,0.0,50.23,15.028,74.934,150,0.9,0,0.0010279,10.542,27.909,75135,82312.0,6.4916,298.0,178.35,1.6703,9.1662,,23,,1.2857,0.19221,,,1.5951,0,,0,0,2,62,62,0,62.0,154830.0
177.0,75,100,80,0.0,54.102,47.802,7.4934,150,0.9,0,0.0010149,10.584,27.938,75187,82373.0,6.5024,297.91,143.77,1.6704,9.1086,,23,,1.2661,0.19236,,,1.5952,0,,0,0,2,62,62,0,62.0,154810.0
177.2,75,100,80,0.0,53.639,14.341,120.39,150,0.9,0,0.001025,10.573,27.968,75239,82433.0,6.5105,298.12,221.91,1.6705,9.0151,,23,,1.2726,0.19231,,,1.5953,0,,0,0,2,62,62,0,62.0,155780.0
177.4,75,100,80,0.0,49.975,85.998,12.039,150,0.9,0,0.0010552,10.529,27.999,75290,82493.0,6.5159,298.01,178.52,1.6707,8.9108,,23,,1.2847,0.19222,,,1.5955,0,,0,0,2,62,62,0,62.0,154600.0
177.6,75,100,80,0.0,44.145,47.81,1.2039,150,0.9,0,0.0010201,10.528,28.03,75339,82551.0,6.5169,297.9,139.2,1.6708,8.8481,,23,,1.2881,0.1922,,,1.5956,0,,0,0,2,62,62,0,62.0,154910.0
177.8,75,100,80,0.0,37.908,14.343,71.028,150,0.9,0,0.0010426,10.485,28.062,75388,82609.0,6.5115,297.99,173.8,1.6709,8.7929,,23,,1.2948,0.19214,,,1.5957,0,,0,0,2,62,62,0,62.0,155060.0
178.0,75,100,80,0.0,33.844,44.138,7.1028,150,0.9,0,0.001061,10.447,28.095,75436,82665.0,6.5011,297.9,141.45,1.671,8.7664,,23,,1.3068,0.19205,,,1.5958,0,,0,0,2,62,62,0,62.0,154890.0
178.2,75,100,80,0.0,33.94,13.241,114.02,150,0.9,0,0.0010355,10.486,28.126,75483,82722.0,6.491,298.1,214.87,1.6711,8.7958,,23,,1.2869,0.1922,,,1.5959,0,,0,0,2,62,62,0,62.0,156540.0
178.4,75,100,80,0.0,38.068,79.902,11.402,150,0.9,0,0.0010136,10.52,28.157,75532,82779.0,6.4856,297.99,172.67,1.6712,8.8214,,23,,1.2838,0.19223,,,1.596,0,,0,0,2,62,62,0,62.0,155350.0
178.6,75,100,80,0.0,44.317,42.334,1.1402,150,0.9,0,0.0010156,10.569,28.187,75582,82837.0,6.4878,297.89,134.96,1.6713,8.8287,,23,,1.2597,0.19241,,,1.5961,0,,0,0,2,62,62,0,62.0,156500.0
178.8,75,100,80,0.0,49.675,12.7,67.304,150,0.9,0,0.0010155,10.598,28.217,75632,82897.0,6.4955,297.97,166.38,1.6714,8.8264,,23,,1.2501,0.19248,,,1.5962,0,,0,0,2,62,62,0,62.0,156140.0
179.0,75,100,80,0.0,51.973,38.912,6.7304,150,0.9,0,0.0010176,10.618,28.246,75684,82957.0,6.5033,297.89,134.84,1.6715,8.8223,,23,,1.2396,0.19256,,,1.5963,0,,0,0,2,62,62,0,62.0,156950.0
179.2,75,100,80,0.0,51.16,11.674,109.35,150,0.9,0,0.00097144,10.657,28.274,75735,83017.0,6.5126,298.07,204.0,1.6716,8.8088,,23,,1.2291,0.19264,,,1.5963,0,,0,0,2,62,62,0,62.0,155580.0
179.4,75,100,80,0.0,46.655,73.387,10.935,150,0.9,0,0.00095023,10.669,28.302,75785,83076.0,6.5171,297.97,164.46,1.6716,8.7666,,23,,1.2145,0.19275,,,1.5964,0,,0,0,2,62,62,0,62.0,156380.0
179.6,75,100,80,0.0,40.355,37.424,1.0935,150,0.9,0,0.00097026,10.621,28.331,75834,83133.0,6.5163,297.87,128.17,1.6717,8.7043,,23,,1.2298,0.19263,,,1.5964,0,,0,0,2,62,62,0,62.0,157020.0
179.8,75,100,80,0.0,34.364,11.227,66.711,150,0.9,0,0.00098054,10.591,28.36,75882,83189.0,6.5088,297.95,159.65,1.6717,8.6619,,23,,1.2365,0.19258,,,1.5965,0,,0,0,2,62,62,0,62.0,156490.0
180.0,75,100,80,0.0,31.39,36.677,6.6711,150,0.9,0,0.0009503,10.596,28.389,75929,83245.0,6.4988,297.87,128.75,1.6718,8.6396,1200.4,23,1777.9,1.2366,0.19258,28.274,25.226,1.5966,0,78.399,0,0,2,62,62,0,62.0,157300.0
180.2,75,100,80,0.0,32.41,11.003,109.75,150,0.9,0,0.00093338,10.611,28.417,75976,83301.0,6.49,298.06,198.65,1.6718,8.616,,23,,1.2397,0.19256,,,1.5966,0,,0,0,2,62,62,0,62.0,157930.0
180.4,75,100,80,0.0,36.928,72.564,10.975,150,0.9,0,0.000924,10.639,28.445,76024,83358.0,6.4859,297.96,161.7,1.6719,8.5738,,23,,1.2346,0.1926,,,1.5966,0,,0,0,2,62,62,0,62.0,157070.0
180.6,75,100,80,0.0,43.075,38.58,1.0975,150,0.9,0,0.00092297,10.675,28.473,76074,83415.0,6.4904,297.86,125.65,1.6719,8.5224,,23,,1.2245,0.19267,,,1.5966,0,,0,0,2,62,62,0,62.0,157360.0
180.8,75,100,80,0.0,47.426,11.574,70.753,150,0.9,0,0.00093137,10.687,28.5,76124,83474.0,6.4985,297.96,160.53,1.6719,8.4553,,23,,1.2315,0.19262,,,1.5967,0,,0,0,2,62,62,0,62.0,157990.0
181.0,75,100,80,0.0,48.549,39.882,7.0753,150,0.9,0,0.00093639,10.686,28.526,76175,83533.0,6.5053,297.87,128.76,1.6719,8.3917,,23,,1.2396,0.19256,,,1.5967,0,,0,0,2,62,62,0,62.0,158450.0
181.2,75,100,80,0.0,46.958,11.964,115.79,150,0.9,0,0.00089398,10.722,28.551,76225,83592.0,6.5123,298.07,203.67,1.6719,8.3331,,23,,1.233,0.19261,,,1.5967,0,,0,0,2,62,62,0,62.0,157910.0
181.4,75,100,80,0.0,42.558,78.035,11.579,150,0.9,0,0.00091138,10.687,28.577,76274,83649.0,6.5131,297.96,161.87,1.6719,8.2442,,23,,1.2479,0.1925,,,1.5967,0,,0,0,2,62,62,0,62.0,158360.0
181.6,75,100,80,0.0,37.856,40.023,1.1579,150,0.9,0,0.00084705,10.72,28.601,76322,83706.0,6.5095,297.86,125.06,1.6719,8.1813,,23,,1.2424,0.19254,,,1.5967,0,,0,0,2,62,62,0,62.0,157140.0
181.8,75,100,80,0.0,34.591,12.007,69.77,150,0.9,0,0.00085265,10.696,28.626,76370,83761.0,6.5025,297.95,158.87,1.6719,8.0885,,23,,1.2522,0.19246,,,1.5967,0,,0,0,2,62,62,0,62.0,158590.0
182.0,75,100,80,0.0,34.141,39.153,6.977,150,0.9,0,0.00082623,10.711,28.65,76417,83817.0,6.4963,297.87,127.53,1.6719,8.0152,,23,,1.2532,0.19246,,,1.5966,0,,0,0,2,62,62,0,62.0,158870.0
182.2,75,100,80,0.0,36.144,11.746,114.42,150,0.9,0,0.0008548,10.705,28.674,76465,83873.0,6.4921,298.07,201.11,1.6718,7.9425,,23,,1.2517,0.19247,,,1.5966,0,,0,0,2,62,62,0,62.0,158820.0
182.4,75,100,80,0.0,39.816,76.212,11.442,150,0.9,0,0.00089899,10.707,28.699,76514,83930.0,6.4916,297.96,160.45,1.6718,7.899,,23,,1.2372,0.19258,,,1.5966,0,,0,0,2,62,62,0,62.0,159280.0
182.6,75,100,80,0.0,43.668,39.146,1.1442,150,0.9,0,0.00087861,10.736,28.724,76563,83988.0,6.4941,297.85,123.25,1.6718,7.8978,,23,,1.2393,0.19256,,,1.5966,0,,0,0,2,62,62,0,62.0,158890.0
182.8,75,100,80,0.0,46.55,11.744,70.899,150,0.9,0,0.00087665,10.752,28.748,76613,84046.0,6.5007,297.95,157.97,1.6718,7.8951,,23,,1.24,0.19256,,,1.5965,0,,0,0,2,62,62,0,62.0,159170.0
183.0,75,100,80,0.0,46.794,3.5231,0.0001,150,0.9,0,0.00088686,10.746,28.773,76663,84104.0,6.5072,297.88,131.69,1.6717,7.8982,,23,,1.238,0.19257,,,1.5965,0,,0,0,2,62,62,0,62.0,159120.0
183.2,75,100,80,0.0,44.451,1.0569,72.854,150,0.9,0,0.00089643,10.735,28.797,76713,84162.0,6.5092,297.99,171.66,1.6717,7.9283,,23,,1.2429,0.19253,,,1.5965,0,,0,0,2,62,62,0,62.0,158410.0
183.4,75,100,80,0.0,41.298,34.278,7.2854,150,0.9,0,0.00090823,10.72,28.822,76762,84219.0,6.5078,297.91,142.69,1.6717,7.969,,23,,1.2441,0.19252,,,1.5965,0,,0,0,2,62,62,0,62.0,159200.0
183.6,75,100,80,0.0,38.69,10.283,103.32,150,0.9,0,0.00089519,10.72,28.847,76810,84275.0,6.5053,298.08,206.96,1.6717,8.0288,,23,,1.2414,0.19254,,,1.5964,0,,0,0,2,62,62,0,62.0,159150.0
183.8,75,100,80,0.0,37.106,67.264,10.332,150,0.9,0,0.00088992,10.703,28.872,76858,84332.0,6.5002,297.98,170.21,1.6716,8.0932,,23,,1.2625,0.19239,,,1.5964,0,,0,0,2,62,62,0,62.0,158770.0
184.0,75,100,80,0.0,37.549,34.78,1.0332,150,0.9,0,0.000891,10.717,28.897,76906,84388.0,6.4958,297.89,134.77,1.6716,8.1456,,23,,1.2564,0.19243,,,1.5964,0,,0,0,2,62,62,0,62.0,160220.0
184.2,75,100,80,0.0,39.758,10.434,61.451,150,0.9,0,0.00087782,10.726,28.921,76955,84445.0,6.4946,297.96,161.14,1.6716,8.1879,,23,,1.2644,0.19237,,,1.5963,0,,0,0,2,62,62,0,62.0,160170.0
184.4,75,100,80,0.0,42.436,31.399,6.1451,150,0.9,0,0.00089513,10.713,28.946,77004,84502.0,6.4955,297.87,130.37,1.6715,8.221,,23,,1.2771,0.19228,,,1.5963,0,,0,0,2,62,62,0,62.0,159450.0
184.6,75,100,80,0.0,44.769,9.4198,99.176,150,0.9,0,0.00091069,10.72,28.971,77053,84560.0,6.4985,298.04,190.8,1.6715,8.2632,,23,,1.2767,0.19228,,,1.5963,0,,0,0,2,62,62,0,62.0,160070.0
184.8,75,100,80,0.0,45.869,61.441,9.9176,150,0.9,0,0.00096714,10.675,28.997,77103,84618.0,6.5033,297.94,153.52,1.6715,8.2974,,23,,1.298,0.19212,,,1.5962,0,,0,0,2,62,62,0,62.0,160030.0
185.0,75,100,80,0.0,45.058,18.432,144.86,150,0.9,0,0.0009472,10.691,29.023,77153,84676.0,6.5064,298.2,251.07,1.6715,8.3555,,23,,1.2947,0.19214,,,1.5962,0,,0,0,2,62,62,0,62.0,160480.0
185.2,75,100,80,0.0,43.02,107.27,14.486,150,0.9,0,0.00092385,10.694,29.048,77202,84734.0,6.5061,298.06,199.83,1.6714,8.4005,,23,,1.2967,0.19213,,,1.5962,0,,0,0,2,62,62,0,62.0,159940.0
185.4,75,100,80,0.0,41.093,65.273,1.4486,150,0.9,0,0.00093002,10.683,29.074,77251,84791.0,6.5036,297.93,151.32,1.6714,8.4327,,23,,1.2974,0.19212,,,1.5962,0,,0,0,2,62,62,0,62.0,159560.0
185.6,75,100,80,0.0,40.177,19.582,83.734,150,0.9,0,0.00091674,10.703,29.099,77300,84848.0,6.5006,298.04,193.5,1.6714,8.4657,,23,,1.2883,0.19219,,,1.5961,0,,0,0,2,62,62,0,62.0,161350.0
185.8,75,100,80,0.0,40.468,57.006,8.3734,150,0.9,0,0.00093046,10.698,29.125,77348,84905.0,6.498,297.94,154.31,1.6713,8.4718,,23,,1.2865,0.19221,,,1.5961,0,,0,0,2,62,62,0,62.0,160300.0
186.0,75,100,80,0.0,41.774,17.102,129.0,150,0.9,0,0.00091208,10.739,29.15,77397,84962.0,6.4978,298.16,237.8,1.6713,8.4778,,23,,1.2624,0.19239,,,1.5961,0,,0,0,2,62,62,0,62.0,161090.0
186.2,75,100,80,0.0,43.174,92.782,12.9,150,0.9,0,0.00086745,10.786,29.173,77447,85020.0,6.4999,298.03,186.45,1.6712,8.4608,,23,,1.2511,0.19247,,,1.596,0,,0,0,2,62,62,0,62.0,160700.0
186.4,75,100,80,0.0,43.709,49.77,1.29,150,0.9,0,0.00086439,10.795,29.196,77496,85077.0,6.5031,297.91,142.43,1.6712,8.387,,23,,1.2477,0.1925,,,1.596,0,,0,0,2,62,62,0,62.0,160640.0
186.6,75,100,80,0.0,42.982,14.931,69.229,150,0.9,0,0.00085072,10.813,29.219,77545,85134.0,6.5069,297.99,173.54,1.6711,8.3052,,23,,1.2379,0.19257,,,1.5959,0,,0,0,2,62,62,0,62.0,160920.0
186.8,75,100,80,0.0,40.759,41.046,6.9229,150,0.9,0,0.00083939,10.817,29.242,77594,85191.0,6.5086,297.9,138.57,1.671,8.2213,,23,,1.2304,0.19263,,,1.5958,0,,0,0,2,62,62,0,62.0,161360.0
187.0,75,100,80,0.0,37.851,12.314,110.43,150,0.9,0,0.00081878,10.837,29.264,77642,85247.0,6.5071,298.08,207.34,1.6709,8.1407,,23,,1.2179,0.19272,,,1.5957,0,,0,0,2,62,62,0,62.0,161460.0
187.2,75,100,80,0.0,35.542,72.521,11.043,150,0.9,0,0.00081128,10.844,29.286,77690,85303.0,6.5041,297.96,163.76,1.6708,8.0467,,23,,1.2098,0.19278,,,1.5956,0,,0,0,2,62,62,0,62.0,162400.0
187.4,75,100,80,0.0,34.411,34.047,1.1043,150,0.9,0,0.00078364,10.864,29.307,77737,85358.0,6.4994,297.86,126.09,1.6707,7.9469,,23,,1.2032,0.19283,,,1.5955,0,,0,0,2,62,62,0,62.0,161840.0
187.6,75,100,80,0.0,35.159,10.214,62.295,150,0.9,0,0.00079646,10.856,29.328,77785,85414.0,6.4979,297.94,152.83,1.6705,7.8393,,23,,1.2095,0.19279,,,1.5954,0,,0,0,2,62,62,0,62.0,161940.0
187.8,75,100,80,0.0,36.511,3.0643,0.0001,150,0.9,0,0.00078926,10.877,29.35,77833,85469.0,6.4991,297.86,126.3,1.6704,7.7504,,23,,1.1981,0.19287,,,1.5952,0,,0,0,2,62,62,0,62.0,162040.0
188.0,75,100,80,0.0,37.392,0.91928,69.149,150,0.9,0,0.00079188,10.882,29.371,77881,85525.0,6.5019,297.96,162.73,1.6703,7.6764,,23,,1.1976,0.19288,,,1.5951,0,,0,0,2,62,62,0,62.0,162140.0
188.2,75,100,80,0.0,37.144,29.834,6.9149,150,0.9,0,0.00078882,10.885,29.393,77929,85581.0,6.5049,297.88,132.27,1.6701,7.627,,23,,1.1982,0.19287,,,1.595,0,,0,0,2,62,62,0,62.0,162410.0
188.4,75,100,80,0.0,35.703,8.9501,102.26,150,0.9,0,0.00082871,10.857,29.415,77976,85636.0,6.5061,298.05,195.1,1.67,7.5921,,23,,1.2035,0.19283,,,1.5948,0,,0,0,2,62,62,0,62.0,161680.0
188.6,75,100,80,0.0,33.795,62.715,10.226,150,0.9,0,0.00085167,10.828,29.438,78023,85691.0,6.505,297.94,154.67,1.6699,7.6059,,23,,1.2177,0.19273,,,1.5947,0,,0,0,2,62,62,0,62.0,162630.0
188.8,75,100,80,0.0,32.327,18.814,148.66,150,0.9,0,0.00084451,10.837,29.461,78070,85746.0,6.5022,298.21,254.73,1.6698,7.6516,,23,,1.2121,0.19277,,,1.5946,0,,0,0,2,62,62,0,62.0,161230.0
189.0,75,100,80,0.0,31.967,109.05,14.866,150,0.9,0,0.00085153,10.82,29.484,78117,85801.0,6.499,298.06,198.57,1.6697,7.711,,23,,1.228,0.19265,,,1.5945,0,,0,0,2,62,62,0,62.0,162840.0
189.2,75,100,80,0.0,32.877,63.365,1.4866,150,0.9,0,0.00090983,10.776,29.508,78164,85856.0,6.4947,297.92,148.77,1.6696,7.7858,,23,,1.2451,0.19252,,,1.5944,0,,0,0,2,62,62,0,62.0,162960.0
189.4,75,100,80,0.0,35.529,19.01,80.765,150,0.9,0,0.00090758,10.808,29.532,78212,85912.0,6.4921,298.03,188.35,1.6695,7.9137,,23,,1.2275,0.19265,,,1.5943,0,,0,0,2,62,62,0,62.0,162740.0
189.6,75,100,80,0.0,39.222,53.381,8.0765,150,0.9,0,0.00093346,10.803,29.557,78260,85968.0,6.4943,297.93,149.78,1.6694,8.0453,,23,,1.2324,0.19262,,,1.5942,0,,0,0,2,62,62,0,62.0,162690.0
189.8,75,100,80,0.0,41.993,16.014,124.74,150,0.9,0,0.00092526,10.829,29.58,78309,86025.0,6.4998,298.14,229.85,1.6693,8.1851,,23,,1.2251,0.19267,,,1.5942,0,,0,0,2,62,62,0,62.0,161970.0
190.0,75,100,80,0.0,42.587,87.192,12.474,150,0.9,0,0.00089986,10.85,29.603,78358,86082.0,6.5062,298.01,182.55,1.6692,8.2957,,23,,1.2233,0.19269,,,1.5941,0,,0,0,2,62,62,0,62.0,162910.0
190.2,75,100,80,0.0,40.627,47.665,1.2474,150,0.9,-4000,0.0009306,10.84,29.627,77714,85339.0,6.5377,297.9,139.51,1.6593,8.3652,,23,,1.2096,0.19281,,,1.5845,0,,0,0,2,62,62,0,62.0,162360.0
190.4,75,100,80,0.0,25.968,14.299,70.661,150,0.9,-4000,0.00091468,10.8,29.65,77066,84593.0,6.5513,297.99,172.01,1.645,8.4207,,23,,1.2027,0.19289,,,1.5708,0,,0,0,2,62,62,0,62.0,163970.0
190.6,75,100,80,0.51975,12.984,41.439,7.0661,150,0.9,-4000,0.00097242,10.704,29.676,76417,83844.0,6.5449,297.89,136.47,1.6304,8.4555,,23,,1.2151,0.19282,,,1.5568,0,,0,0,2,62,62,0,62.0,162930.0
190.8,75,100,80,0.0,0.0,12.432,113.76,150,0.9,-4000,0.00099542,10.651,29.704,75765,83093.0,6.521,298.09,209.19,1.6159,8.5142,,23,,1.1983,0.19298,,,1.5429,0,,0,0,2,62,62,0,62.0,162560.0
191.0,75,100,80,0.0,0.0,77.408,11.376,150,0.9,-4000,0.0010342,10.64,29.731,75112,82342.0,6.4982,297.97,165.08,1.6013,8.5817,,23,,1.1794,0.19315,,,1.5289,0,,0,0,2,62,62,0,62.0,163860.0
191.2,75,100,80,0.0,1.2454,37.46,1.1376,150,0.9,-4000,0.0010869,10.629,29.76,74461,81591.0,6.4776,297.87,128.19,1.5868,8.6375,,23,,1.1582,0.19334,,,1.515,0,,0,0,2,62,62,0,62.0,163660.0
191.4,75,100,80,0.0,10.731,11.238,64.66,150,0.9,-4000,0.001134,10.667,29.789,73811,80843.0,6.4699,297.95,158.41,1.5724,8.6893,,23,,1.1218,0.19364,,,1.5012,0,,0,0,2,62,62,0,62.0,164130.0
191.6,75,100,80,0.0,23.261,36.124,6.466,150,0.9,-4000,0.0011689,10.719,29.817,73164,80097.0,6.4796,297.86,125.69,1.5579,8.7207,,23,,1.0915,0.19389,,,1.4873,0,,0,0,2,62,62,0,62.0,164430.0
191.8,75,100,80,0.0,31.884,10.837,113.32,150,0.9,-4000,0.0011961,10.769,29.844,72518,79352.0,6.5019,298.07,198.56,1.5435,8.6984,,23,,1.0535,0.19421,,,1.4735,0,,0,0,2,62,62,0,62.0,164560.0
192.0,75,100,80,0.0,31.593,77.737,11.332,150,0.9,-4000,0.0012152,10.78,29.872,71873,78608.0,6.5242,297.93,152.17,1.5291,8.6398,1198.5,23,1823.6,1.0211,0.19448,29.76,24.712,1.4597,0,79.465,0,0,2,62,62,0,62.0,163690.0
192.2,75,100,80,0.0,22.448,23.321,183.07,150,0.9,0,0.0012156,10.733,29.9,71918,78662.0,6.505,298.3,281.32,1.5248,8.5584,,23,,1.0331,0.1944,,,1.4556,0,,0,0,2,62,62,0,62.0,164000.0
192.4,75,100,80,0.0,21.094,150.19,18.307,150,0.9,0,0.0012182,10.719,29.928,71964,78715.0,6.4854,298.1,208.67,1.5247,8.478,,23,,1.0413,0.19434,,,1.4554,0,,0,0,2,62,62,0,62.0,163630.0
192.6,75,100,80,0.0,27.472,86.626,1.8307,150,0.9,0,0.0012435,10.729,29.957,72010,78770.0,6.4741,297.92,149.06,1.5247,8.3909,,23,,1.0444,0.19431,,,1.4554,0,,0,0,2,62,62,0,62.0,163930.0
192.8,75,100,80,0.0,38.316,25.988,101.07,150,0.9,0,0.0012872,10.77,29.985,72059,78827.0,6.4735,298.08,204.39,1.5248,8.3069,,23,,1.022,0.19448,,,1.4555,0,,0,0,2,62,62,0,62.0,163900.0
193.0,75,100,80,0.0,49.4,79.312,10.107,150,0.9,0,0.0012794,10.836,30.012,72110,78887.0,6.4827,297.94,155.13,1.5248,8.2413,,23,,1.0026,0.19462,,,1.4556,0,,0,0,2,62,62,0,62.0,164360.0
193.2,75,100,80,0.0,56.817,23.794,173.33,150,0.9,0,0.0012922,10.862,30.038,72163,78947.0,6.4969,298.29,275.02,1.5249,8.1554,,23,,1.0043,0.19461,,,1.4556,0,,0,0,2,62,62,0,62.0,163990.0
193.4,75,100,80,0.0,58.542,141.45,17.333,150,0.9,0,0.0013475,10.826,30.065,72215,79008.0,6.5095,298.08,202.69,1.525,8.0656,,23,,1.0243,0.19446,,,1.4557,0,,0,0,2,62,62,0,62.0,165620.0
193.6,75,100,80,0.0,55.256,77.952,1.7333,150,0.9,0,0.0013262,10.814,30.092,72267,79069.0,6.5196,297.91,145.01,1.5251,8.0122,,23,,1.0371,0.19437,,,1.4558,0,,0,0,2,62,62,0,62.0,165580.0
193.8,75,100,80,0.0,47.943,23.386,93.169,150,0.9,0,0.0013318,10.756,30.12,72318,79128.0,6.5243,298.05,194.12,1.5252,7.9846,,23,,1.0674,0.19414,,,1.4559,0,,0,0,2,62,62,0,62.0,165550.0
194.0,75,100,80,0.0,38.745,69.896,9.3169,150,0.9,0,0.0013083,10.722,30.149,72367,79185.0,6.5202,297.92,148.64,1.5252,7.9995,,23,,1.083,0.19402,,,1.456,0,,0,0,2,62,62,0,62.0,165180.0
194.2,75,100,80,0.0,31.229,20.969,159.55,150,0.9,0,0.0012926,10.708,30.177,72414,79241.0,6.5094,298.24,258.59,1.5253,8.0342,,23,,1.079,0.19405,,,1.456,0,,0,0,2,62,62,0,62.0,165490.0
194.4,75,100,80,0.0,28.003,127.61,15.955,150,0.9,0,0.0013896,10.624,30.207,72460,79296.0,6.4928,298.07,199.17,1.5254,8.0775,,23,,1.1032,0.19387,,,1.4561,0,,0,0,2,62,62,0,62.0,166130.0
194.6,75,100,80,0.0,31.426,75.532,1.5955,150,0.9,0,0.0014349,10.614,30.238,72508,79352.0,6.479,297.92,147.96,1.5255,8.1847,,23,,1.1012,0.19388,,,1.4562,0,,0,0,2,62,62,0,62.0,165280.0
194.8,75,100,80,0.0,40.355,22.66,92.68,150,0.9,0,0.001393,10.678,30.268,72557,79410.0,6.476,298.07,198.7,1.5257,8.3273,,23,,1.0945,0.19393,,,1.4564,0,,0,0,2,62,62,0,62.0,165920.0
195.0,75,100,80,0.0,50.43,70.808,9.268,150,0.9,0,0.0013457,10.75,30.295,72608,79470.0,6.486,297.94,154.29,1.5258,8.4249,,23,,1.0831,0.19402,,,1.4565,0,,0,0,2,62,62,0,62.0,166390.0
195.2,75,100,80,0.0,56.49,21.242,157.17,150,0.9,0,0.0013447,10.78,30.322,72660,79530.0,6.4991,298.25,261.52,1.5259,8.4633,,23,,1.0813,0.19403,,,1.4566,0,,0,0,2,62,62,0,62.0,166180.0
195.4,75,100,80,0.0,57.345,125.44,15.717,150,0.9,0,0.001332,10.778,30.349,72713,79592.0,6.5114,298.07,199.99,1.526,8.4659,,23,,1.0922,0.19395,,,1.4567,0,,0,0,2,62,62,0,62.0,166140.0
195.6,75,100,80,0.0,53.3,71.849,1.5717,150,0.9,0,0.0013155,10.774,30.376,72765,79652.0,6.5213,297.92,147.86,1.5261,8.45,,23,,1.0866,0.19399,,,1.4568,0,,0,0,2,62,62,0,62.0,167100.0
195.8,75,100,80,0.0,45.303,21.555,88.239,150,0.9,0,0.0013124,10.748,30.403,72815,79710.0,6.5232,298.05,193.54,1.5262,8.4234,,23,,1.0845,0.19401,,,1.4568,0,,0,0,2,62,62,0,62.0,166400.0
196.0,75,100,80,0.0,36.582,64.571,8.8239,150,0.9,0,0.0013017,10.723,30.431,72863,79767.0,6.5179,297.92,148.94,1.5262,8.406,,23,,1.0908,0.19396,,,1.4569,0,,0,0,2,62,62,0,62.0,166700.0
196.2,75,100,80,0.0,29.976,19.371,150.17,150,0.9,0,0.0013648,10.642,30.46,72910,79823.0,6.5041,298.22,251.97,1.5263,8.3777,,23,,1.118,0.19376,,,1.457,0,,0,0,2,62,62,0,62.0,166170.0
196.4,75,100,80,0.0,28.867,118.51,15.017,150,0.9,0,0.0014098,10.614,30.49,72957,79879.0,6.4892,298.04,190.57,1.5265,8.3993,,23,,1.1179,0.19376,,,1.4571,0,,0,0,2,62,62,0,62.0,166480.0
196.6,75,100,80,0.0,33.707,64.309,1.5017,150,0.9,0,0.0014145,10.633,30.52,73005,79935.0,6.4817,297.9,141.47,1.5266,8.4553,,23,,1.115,0.19378,,,1.4573,0,,0,0,2,62,62,0,62.0,167460.0
196.8,75,100,80,0.0,41.508,19.293,81.762,150,0.9,0,0.0014278,10.665,30.549,73054,79993.0,6.4822,298.02,183.57,1.5267,8.5121,,23,,1.1052,0.19385,,,1.4574,0,,0,0,2,62,62,0,62.0,166430.0
197.0,75,100,80,0.0,49.12,57.922,8.1762,150,0.9,0,0.0014377,10.691,30.578,73105,80053.0,6.4911,297.91,141.98,1.5269,8.5592,,23,,1.1038,0.19386,,,1.4575,0,,0,0,2,62,62,0,62.0,167070.0
197.2,75,100,80,0.0,53.153,17.377,142.07,150,0.9,0,0.0014375,10.71,30.606,73157,80114.0,6.502,298.18,237.7,1.527,8.5882,,23,,1.1044,0.19386,,,1.4577,0,,0,0,2,62,62,0,62.0,168210.0
197.4,75,100,80,0.0,52.858,108.23,14.207,150,0.9,0,0.0014621,10.705,30.635,73208,80174.0,6.5115,298.01,179.7,1.5272,8.6053,,23,,1.0959,0.19392,,,1.4578,0,,0,0,2,62,62,0,62.0,168510.0
197.6,75,100,80,0.0,48.797,56.191,1.4207,150,0.9,0,0.0014764,10.673,30.664,73259,80234.0,6.517,297.88,133.03,1.5274,8.6239,,23,,1.1051,0.19385,,,1.458,0,,0,0,2,62,62,0,62.0,167820.0
197.8,75,100,80,0.0,42.514,16.857,78.702,150,0.9,0,0.00149,10.64,30.694,73309,80293.0,6.5163,298.0,174.56,1.5275,8.6652,,23,,1.1131,0.19379,,,1.4582,0,,0,0,2,62,62,0,62.0,168130.0
198.0,75,100,80,0.0,36.533,53.844,7.8702,150,0.9,0,0.001498,10.602,30.724,73357,80350.0,6.5093,297.89,136.79,1.5277,8.7168,,23,,1.1309,0.19366,,,1.4583,0,,0,0,2,62,62,0,62.0,167940.0
198.2,75,100,80,0.0,33.373,16.153,136.98,150,0.9,0,0.0015222,10.577,30.754,73405,80407.0,6.4995,298.16,231.41,1.5279,8.7683,,23,,1.1381,0.1936,,,1.4585,0,,0,0,2,62,62,0,62.0,169080.0
198.4,75,100,80,0.0,34.115,104.99,13.698,150,0.9,0,0.0015231,10.585,30.784,73453,80464.0,6.4909,298.0,174.55,1.5281,8.8196,,23,,1.1324,0.19364,,,1.4587,0,,0,0,2,62,62,0,62.0,168890.0
198.6,75,100,80,0.0,38.268,53.59,1.3698,150,0.9,0,0.0014881,10.624,30.813,73502,80521.0,6.4894,297.87,129.22,1.5283,8.8651,,23,,1.1218,0.19372,,,1.4589,0,,0,0,2,62,62,0,62.0,167860.0
198.8,75,100,80,0.0,42.999,16.077,77.851,150,0.9,0,0.0015157,10.635,30.842,73551,80580.0,6.4918,297.98,169.65,1.5285,8.8874,,23,,1.1157,0.19377,,,1.459,0,,0,0,2,62,62,0,62.0,169000.0
199.0,75,100,80,0.0,46.787,51.436,7.7851,150,0.9,0,0.0014734,10.684,30.87,73602,80640.0,6.499,297.87,129.35,1.5286,8.9071,,23,,1.0996,0.19389,,,1.4592,0,,0,0,2,62,62,0,62.0,168640.0
199.2,75,100,80,0.0,47.71,15.431,139.86,150,0.9,0,0.0014763,10.686,30.898,73652,80699.0,6.5077,298.14,224.74,1.5288,8.8855,,23,,1.1034,0.19386,,,1.4594,0,,0,0,2,62,62,0,62.0,169440.0
199.4,75,100,80,0.0,45.151,103.97,13.986,150,0.9,0,0.001505,10.642,30.926,73702,80759.0,6.5143,297.97,166.48,1.529,8.844,,23,,1.1321,0.19365,,,1.4596,0,,0,0,2,62,62,0,62.0,169400.0
199.6,75,100,80,0.0,39.948,50.674,1.3986,150,0.9,0,0.0015059,10.613,30.954,73751,80817.0,6.5149,297.85,123.17,1.5292,8.8013,,23,,1.1406,0.19358,,,1.4597,0,,0,0,2,62,62,0,62.0,169700.0
199.8,75,100,80,0.0,34.535,15.202,75.591,150,0.9,0,0.0014763,10.609,30.982,73799,80874.0,6.5099,297.96,162.64,1.5294,8.7745,,23,,1.1407,0.19358,,,1.4599,0,,0,0,2,62,62,0,62.0,168840.0
200.0,75,100,80,0.0,31.13,48.826,7.5591,150,0.9,0,0.0014297,10.615,31.01,73847,80930.0,6.5022,297.86,125.27,1.5295,8.7406,,23,,1.1456,0.19354,,,1.4601,0,,0,0,2,62,62,0,62.0,168970.0
200.2,65,100,80,0.0,30.794,14.648,136.11,250,0.9,0,0.00139,10.814,31.029,73914,81006.0,6.4941,298.11,215.35,1.744,8.6877,,23,,1.0838,0.19233,,,1.4437,0,,0,0,2,62,62,0,62.0,169060.0
200.4,65,100,80,0.0,33.661,97.243,13.611,250,0.9,0,0.0013825,10.841,31.047,73982,81083.0,6.49,297.96,160.27,1.7589,8.4041,,23,,1.0903,0.19225,,,1.4562,0,,0,0,2,62,62,0,62.0,169980.0
200.6,65,100,80,0.0,38.161,46.331,1.3611,250,0.9,0,0.0013951,10.864,31.065,74050,81160.0,6.492,297.84,116.95,1.7602,8.1044,,23,,1.0896,0.19225,,,1.4572,0,,0,0,2,62,62,0,62.0,169900.0
200.8,65,100,80,0.0,41.877,13.899,76.87,250,0.9,0,0.0013605,10.916,31.081,74119,81238.0,6.5005,297.94,155.08,1.7604,7.7911,,23,,1.0769,0.19236,,,1.4574,0,,0,0,2,62,62,0,62.0,170310.0
201.0,65,100,80,0.0,42.179,4.1698,0.0001,250,0.9,0,0.0013165,10.955,31.097,74189,81316.0,6.5087,297.87,127.84,1.7605,7.4733,,23,,1.0655,0.19246,,,1.4575,0,,0,0,2,62,62,0,62.0,170220.0
201.2,65,100,80,0.0,39.225,1.2509,80.278,250,0.9,0,0.0013229,10.94,31.113,74257,81394.0,6.5143,298.0,173.87,1.7607,7.1603,,23,,1.0695,0.19243,,,1.4576,0,,0,0,2,62,62,0,62.0,169790.0
201.4,65,100,80,0.0,34.021,41.127,8.0278,250,0.9,0,0.0013312,10.912,31.13,74325,81470.0,6.5146,297.9,139.4,1.7608,6.899,,23,,1.0754,0.19237,,,1.4577,0,,0,0,2,62,62,0,62.0,170710.0
201.6,65,100,80,0.0,28.7,12.338,122.24,250,0.9,0,0.0013062,10.903,31.146,74391,81545.0,6.5078,298.12,218.53,1.7609,6.7154,,23,,1.0805,0.19233,,,1.4578,0,,0,0,2,62,62,0,62.0,170460.0
201.8,65,100,80,0.0,26.131,85.291,12.224,250,0.9,0,0.0012606,10.926,31.163,74457,81619.0,6.4988,297.99,172.73,1.761,6.5867,,23,,1.077,0.19236,,,1.4579,0,,0,0,2,62,62,0,62.0,170030.0
202.0,65,100,80,0.0,27.158,44.158,1.2224,250,0.9,0,0.0012256,10.947,31.178,74523,81694.0,6.4904,297.88,133.07,1.7611,6.4933,,23,,1.082,0.19232,,,1.458,0,,0,0,2,62,62,0,62.0,169940.0
202.2,65,100,80,0.0,31.53,13.247,69.019,250,0.9,0,0.0012063,10.979,31.193,74589,81769.0,6.4892,297.97,165.05,1.7611,6.4376,,23,,1.0828,0.19231,,,1.458,0,,0,0,2,62,62,0,62.0,171510.0
202.4,65,100,80,0.0,36.334,40.277,6.9019,250,0.9,0,0.00122,10.996,31.208,74657,81846.0,6.4946,297.88,132.97,1.7612,6.4061,,23,,1.0868,0.19227,,,1.4581,0,,0,0,2,62,62,0,62.0,170910.0
202.6,65,100,80,0.0,38.975,12.083,112.85,250,0.9,0,0.0012573,10.989,31.222,74726,81923.0,6.5015,298.08,204.69,1.7613,6.4017,,23,,1.0904,0.19224,,,1.4581,0,,0,0,2,62,62,0,62.0,170820.0
202.8,65,100,80,0.0,38.901,76.896,11.285,250,0.9,0,0.0012606,10.997,31.237,74794,82000.0,6.5077,297.97,164.3,1.7614,6.4388,,23,,1.0921,0.19223,,,1.4582,0,,0,0,2,62,62,0,62.0,171050.0
203.0,65,100,80,0.0,36.344,39.829,1.1285,250,0.9,0,0.0012461,10.998,31.251,74862,82076.0,6.5109,297.87,127.52,1.7614,6.4894,,23,,1.0935,0.19222,,,1.4583,0,,0,0,2,62,62,0,62.0,170950.0
203.2,65,100,80,0.0,32.512,11.949,69.042,250,0.9,0,0.0012954,10.952,31.266,74929,82152.0,6.5098,297.96,160.15,1.7615,6.5532,,23,,1.1067,0.1921,,,1.4584,0,,0,0,2,62,62,0,62.0,171530.0
203.4,65,100,80,0.0,29.118,38.838,6.9042,250,0.9,0,0.0013166,10.913,31.282,74995,82227.0,6.5037,297.87,129.61,1.7617,6.6573,,23,,1.1257,0.19194,,,1.4585,0,,0,0,2,62,62,0,62.0,170770.0
203.6,65,100,80,0.0,28.19,11.651,112.18,250,0.9,0,0.0013302,10.902,31.298,75061,82302.0,6.4956,298.07,200.73,1.7618,6.7908,,23,,1.1369,0.19184,,,1.4586,0,,0,0,2,62,62,0,62.0,170180.0
203.8,65,100,80,0.0,30.458,75.218,11.218,250,0.9,0,0.0012982,10.923,31.313,75128,82378.0,6.4924,297.96,161.74,1.7619,6.9291,,23,,1.1467,0.19175,,,1.4587,0,,0,0,2,62,62,0,62.0,170410.0
204.0,65,100,80,0.0,33.989,39.243,1.1218,250,0.9,0,0.0013011,10.943,31.327,75195,82454.0,6.4953,297.86,124.05,1.762,7.0339,1199.2,23,1860.0,1.1474,0.19175,31.266,24.251,1.4588,0,79.038,0,0,2,62,62,0,62.0,170980.0
204.2,65,100,80,0.0,36.383,11.773,72.003,250,0.9,0,0.0012889,10.969,31.341,75263,82531.0,6.5003,297.95,158.9,1.7621,7.1196,,23,,1.1459,0.19176,,,1.4588,0,,0,0,2,62,62,0,62.0,171710.0
204.4,65,100,80,0.0,36.781,40.294,7.2003,250,0.9,0,0.0013066,10.964,31.355,75331,82607.0,6.5037,297.86,125.68,1.7622,7.1784,,23,,1.1487,0.19174,,,1.4589,0,,0,0,2,62,62,0,62.0,171950.0
204.6,65,100,80,0.0,35.817,12.088,119.25,250,0.9,0,0.0013446,10.951,31.37,75399,82684.0,6.5062,298.07,202.63,1.7624,7.2301,,23,,1.145,0.19177,,,1.459,0,,0,0,2,62,62,0,62.0,171350.0
204.8,65,100,80,0.0,33.871,80.533,11.925,250,0.9,0,0.0013049,10.96,31.385,75466,82760.0,6.5056,297.96,159.67,1.7625,7.2812,,23,,1.1546,0.19168,,,1.4591,0,,0,0,2,62,62,0,62.0,172090.0
205.0,65,100,80,0.0,32.15,41.024,1.1925,250,0.9,0,0.0012552,11.002,31.398,75533,82836.0,6.5027,297.85,120.52,1.7626,7.2995,,23,,1.1417,0.1918,,,1.4592,0,,0,0,2,62,62,0,62.0,171150.0
205.2,65,100,80,0.0,31.617,12.307,74.105,250,0.9,0,0.0013004,10.961,31.412,75600,82912.0,6.4976,297.95,156.84,1.7627,7.2756,,23,,1.16,0.19164,,,1.4593,0,,0,0,2,62,62,0,62.0,171880.0
205.4,65,100,80,0.0,33.114,3.6922,0.0001,250,0.9,0,0.001275,10.976,31.426,75667,82988.0,6.4948,297.87,129.63,1.7628,7.2572,,23,,1.1689,0.19156,,,1.4594,0,,0,0,2,62,62,0,62.0,171950.0
205.6,65,100,80,0.0,35.692,1.1077,76.249,250,0.9,0,0.001237,11.033,31.438,75735,83064.0,6.4961,297.99,171.83,1.7628,7.2154,,23,,1.1507,0.19172,,,1.4594,0,,0,0,2,62,62,0,62.0,171340.0
205.8,65,100,80,0.0,37.741,36.724,7.6249,250,0.9,0,0.0012493,11.024,31.451,75803,83141.0,6.4996,297.9,139.37,1.7629,7.1406,,23,,1.1657,0.19159,,,1.4595,0,,0,0,2,62,62,0,62.0,171070.0
206.0,65,100,80,0.0,38.402,11.017,112.18,250,0.9,0,0.0012865,11.015,31.464,75871,83218.0,6.5039,298.09,209.81,1.763,7.0557,,23,,1.1669,0.19158,,,1.4596,0,,0,0,2,62,62,0,62.0,171960.0
206.2,65,100,80,0.0,37.36,74.279,11.218,250,0.9,0,0.0012401,11.053,31.475,75939,83295.0,6.5082,297.97,165.69,1.7631,6.9893,,23,,1.1557,0.19167,,,1.4596,0,,0,0,2,62,62,0,62.0,171680.0
206.4,65,100,80,0.0,34.612,34.777,1.1218,250,0.9,0,0.0012084,11.06,31.487,76007,83371.0,6.5094,297.87,126.94,1.7631,6.8969,,23,,1.1563,0.19167,,,1.4597,0,,0,0,2,62,62,0,62.0,172240.0
206.6,65,100,80,0.0,31.387,10.433,63.094,250,0.9,0,0.0012384,11.027,31.499,76074,83446.0,6.5073,297.94,153.69,1.7632,6.8108,,23,,1.1677,0.19157,,,1.4598,0,,0,0,2,62,62,0,62.0,171960.0
206.8,65,100,80,0.0,29.007,3.1299,0.0001,250,0.9,0,0.0012579,11.01,31.512,76140,83521.0,6.5022,297.87,126.57,1.7633,6.7542,,23,,1.1762,0.1915,,,1.4598,0,,0,0,2,62,62,0,62.0,172360.0
207.0,65,100,80,0.0,28.642,0.93898,70.383,250,0.9,0,0.0012348,11.028,31.524,76206,83596.0,6.4975,297.97,163.5,1.7634,6.7195,,23,,1.1755,0.1915,,,1.4599,0,,0,0,2,62,62,0,62.0,172080.0
207.2,65,100,80,0.0,30.161,31.072,7.0383,250,0.9,0,0.0012742,11.008,31.536,76272,83671.0,6.4945,297.88,131.51,1.7634,6.6872,,23,,1.1872,0.1914,,,1.4599,0,,0,0,2,62,62,0,62.0,172470.0
207.4,65,100,80,0.0,32.888,9.3217,106.44,250,0.9,0,0.0012625,11.041,31.548,76339,83747.0,6.4951,298.06,197.14,1.7635,6.6765,,23,,1.1781,0.19148,,,1.46,0,,0,0,2,62,62,0,62.0,172190.0
207.6,65,100,80,0.0,35.351,66.866,10.644,250,0.9,0,0.0012514,11.056,31.56,76407,83823.0,6.4993,297.94,153.52,1.7636,6.6679,,23,,1.1818,0.19145,,,1.4601,0,,0,0,2,62,62,0,62.0,172080.0
207.8,65,100,80,0.0,36.154,20.06,159.11,250,0.9,0,0.0012053,11.111,31.57,76474,83899.0,6.5045,298.23,261.34,1.7637,6.663,,23,,1.1593,0.19164,,,1.4601,0,,0,0,2,62,62,0,62.0,171300.0
208.0,65,100,80,0.0,34.866,119.39,15.911,250,0.9,0,0.0012244,11.105,31.581,76542,83975.0,6.5074,298.07,201.7,1.7637,6.6445,,23,,1.1555,0.19167,,,1.4602,0,,0,0,2,62,62,0,62.0,172850.0
208.2,65,100,80,0.0,32.438,70.177,1.5911,250,0.9,0,0.0012638,11.073,31.593,76609,84051.0,6.5062,297.93,149.77,1.7638,6.6411,,23,,1.1639,0.1916,,,1.4602,0,,0,0,2,62,62,0,62.0,172740.0
208.4,65,100,80,0.0,30.509,21.053,86.153,250,0.9,0,0.0012804,11.068,31.605,76675,84126.0,6.5018,298.05,192.87,1.7639,6.6656,,23,,1.1607,0.19163,,,1.4603,0,,0,0,2,62,62,0,62.0,172290.0
208.6,65,100,80,0.0,30.33,59.601,8.6153,250,0.9,0,0.0012705,11.094,31.617,76741,84202.0,6.4973,297.94,152.0,1.764,6.7051,,23,,1.1453,0.19176,,,1.4604,0,,0,0,2,62,62,0,62.0,172520.0
208.8,65,100,80,0.0,31.924,17.88,134.77,250,0.9,0,0.0012668,11.106,31.628,76808,84277.0,6.4939,298.17,239.52,1.764,6.7472,,23,,1.1482,0.19174,,,1.4604,0,,0,0,2,62,62,0,62.0,171900.0
209.0,65,100,80,0.0,34.871,97.69,13.477,250,0.9,0,0.0012153,11.157,31.639,76876,84353.0,6.4953,298.03,186.06,1.7641,6.7805,,23,,1.1409,0.1918,,,1.4605,0,,0,0,2,62,62,0,62.0,173120.0
209.2,65,100,80,0.0,37.265,52.646,1.3477,250,0.9,0,0.0011763,11.216,31.648,76943,84430.0,6.5,297.9,139.57,1.7641,6.7854,,23,,1.1213,0.19197,,,1.4605,0,,0,0,2,62,62,0,62.0,172830.0
209.4,65,100,80,0.0,37.783,15.794,73.79,250,0.9,0,0.0011756,11.237,31.657,77011,84506.0,6.5044,297.99,173.02,1.7641,6.7497,,23,,1.109,0.19208,,,1.4605,0,,0,0,2,62,62,0,62.0,173540.0
209.6,65,100,80,0.0,36.558,44.083,7.379,250,0.9,0,0.0011785,11.234,31.666,77079,84582.0,6.5061,297.89,135.45,1.7641,6.7134,,23,,1.1119,0.19205,,,1.4605,0,,0,0,2,62,62,0,62.0,173750.0
209.8,65,100,80,0.0,34.664,13.225,118.66,250,0.9,0,0.0011784,11.232,31.675,77146,84658.0,6.5057,298.09,210.46,1.7642,6.6739,,23,,1.1182,0.192,,,1.4605,0,,0,0,2,62,62,0,62.0,173120.0
210.0,65,100,80,0.0,32.905,79.369,11.866,250,0.9,0,0.0011916,11.232,31.685,77213,84734.0,6.5015,297.97,163.51,1.7642,6.6292,,23,,1.1131,0.19204,,,1.4605,0,,0,0,2,62,62,0,62.0,173000.0
210.2,65,100,80,0.0,32.848,37.866,1.1866,250,0.9,-4000,0.0012189,11.225,31.694,76588,84009.0,6.5253,297.86,123.36,1.7542,6.5959,,23,,1.115,0.19204,,,1.4522,0,,0,0,2,62,62,0,62.0,172210.0
210.4,65,100,80,0.0,23.145,11.36,67.154,250,0.9,-4000,0.0012781,11.151,31.705,75960,83283.0,6.5343,297.94,153.35,1.7391,6.5575,,23,,1.1243,0.19199,,,1.4397,0,,0,0,2,62,62,0,62.0,172430.0
210.6,65,100,80,0.0,9.9816,3.4079,0.0001,250,0.9,-4000,0.0013371,11.073,31.717,75331,82554.0,6.5235,297.87,126.19,1.7237,6.5592,,23,,1.1246,0.19202,,,1.4269,0,,0,0,2,62,62,0,62.0,172820.0
210.8,65,100,80,0.0,1.1503,1.0224,72.996,250,0.9,-4000,0.001356,11.044,31.73,74699,81823.0,6.5003,297.97,165.65,1.7083,6.6116,,23,,1.1135,0.19215,,,1.414,0,,0,0,2,62,62,0,62.0,172880.0
211.0,65,100,80,0.0,1.5812,34.11,7.2996,250,0.9,-4000,0.0014178,11.037,31.744,74068,81093.0,6.4785,297.88,132.11,1.6928,6.6891,,23,,1.0929,0.19236,,,1.4012,0,,0,0,2,62,62,0,62.0,173780.0
211.2,65,100,80,0.0,10.683,10.233,113.17,250,0.9,-4000,0.0014919,11.051,31.757,73438,80365.0,6.4698,298.08,203.63,1.6775,6.7793,,23,,1.0803,0.1925,,,1.3884,0,,0,0,2,62,62,0,62.0,173340.0
211.4,65,100,80,0.0,23.262,75.736,11.317,250,0.9,-4000,0.0015404,11.106,31.77,72811,79639.0,6.4783,297.95,156.17,1.6622,6.8655,,23,,1.0551,0.19274,,,1.3757,0,,0,0,2,62,62,0,62.0,172570.0
211.6,65,100,80,0.0,32.418,22.721,176.8,250,0.9,-4000,0.0015301,11.185,31.781,72186,78915.0,6.4991,298.3,278.49,1.6469,6.9136,,23,,1.0194,0.19308,,,1.3629,0,,0,0,2,62,62,0,62.0,173290.0
211.8,65,100,80,0.0,33.263,142.27,17.68,250,0.9,-4000,0.0015254,11.21,31.792,71561,78191.0,6.5218,298.08,204.3,1.6316,6.909,,23,,0.99745,0.1933,,,1.3502,0,,0,0,2,62,62,0,62.0,172670.0
212.0,65,100,80,0.0,25.054,77.043,1.768,250,0.9,-4000,0.0015344,11.17,31.804,70935,77465.0,6.5328,297.91,144.97,1.6163,6.866,,23,,0.99583,0.19335,,,1.3375,0,,0,0,2,62,62,0,62.0,173890.0
212.2,65,100,80,0.0,12.508,23.113,93.256,250,0.9,0,0.0015048,11.101,31.816,70998,77537.0,6.4961,298.05,193.38,1.6113,6.826,,23,,1.0258,0.1931,,,1.3334,0,,0,0,2,62,62,0,62.0,173290.0
212.4,65,100,80,0.0,14.745,69.771,9.3256,250,0.9,0,0.0015271,11.102,31.829,71062,77610.0,6.4659,297.92,146.51,1.6111,6.7935,,23,,1.0315,0.19305,,,1.3332,0,,0,0,2,62,62,0,62.0,173350.0
212.6,65,100,80,0.0,28.876,20.931,163.04,250,0.9,0,0.0014976,11.207,31.84,71129,77685.0,6.4563,298.24,257.88,1.6112,6.7595,,23,,1.0098,0.19324,,,1.3333,0,,0,0,2,62,62,0,62.0,173560.0
212.8,65,100,80,0.0,46.793,130.65,16.304,250,0.9,0,0.0014999,11.297,31.848,71199,77764.0,6.4667,298.04,188.87,1.6114,6.6729,,23,,0.99243,0.19339,,,1.3335,0,,0,0,2,62,62,0,62.0,172940.0
213.0,65,100,80,0.0,60.578,67.938,1.6304,250,0.9,0,0.001442,11.406,31.855,71272,77845.0,6.4891,297.88,135.11,1.6116,6.5401,,23,,0.96883,0.19359,,,1.3336,0,,0,0,2,62,62,0,62.0,173140.0
213.2,65,100,80,0.0,65.398,20.381,88.14,250,0.9,0,0.0014271,11.473,31.861,71346,77928.0,6.5141,298.01,180.25,1.6117,6.3534,,23,,0.9358,0.19388,,,1.3337,0,,0,0,2,62,62,0,62.0,173830.0
213.4,65,100,80,0.0,60.277,62.352,8.814,250,0.9,0,0.0013974,11.462,31.867,71419,78009.0,6.5344,297.88,134.37,1.6118,6.1477,,23,,0.94571,0.19379,,,1.3338,0,,0,0,2,62,62,0,62.0,173850.0
213.6,65,100,80,0.0,47.06,18.706,158.95,250,0.9,0,0.0014244,11.396,31.873,71489,78088.0,6.5437,298.2,243.23,1.6119,5.9424,,23,,0.95661,0.19369,,,1.3339,0,,0,0,2,62,62,0,62.0,173050.0
213.8,65,100,80,0.0,30.149,124.02,15.895,250,0.9,0,0.0014483,11.277,31.882,71555,78163.0,6.5321,298.01,179.36,1.612,5.7931,,23,,0.9981,0.19334,,,1.334,0,,0,0,2,62,62,0,62.0,172760.0
214.0,65,100,80,0.0,17.902,65.216,1.5895,250,0.9,0,0.0015334,11.165,31.893,71620,78236.0,6.5026,297.87,129.66,1.6122,5.7281,,23,,1.0265,0.19309,,,1.3341,0,,0,0,2,62,62,0,62.0,173310.0
214.2,65,100,80,0.0,17.423,19.565,88.673,250,0.9,0,0.0015611,11.126,31.905,71684,78309.0,6.4746,298.0,176.62,1.6124,5.7713,,23,,1.0555,0.19284,,,1.3343,0,,0,0,2,62,62,0,62.0,174200.0
214.4,65,100,80,0.0,28.108,62.47,8.8673,250,0.9,0,0.0015793,11.184,31.915,71750,78384.0,6.4613,297.88,135.56,1.6126,5.8598,,23,,1.0432,0.19294,,,1.3344,0,,0,0,2,62,62,0,62.0,174910.0
214.6,65,100,80,0.0,44.054,18.741,155.08,250,0.9,0,0.0016153,11.243,31.924,71819,78462.0,6.4664,298.19,241.9,1.6128,5.9497,,23,,1.0348,0.19302,,,1.3346,0,,0,0,2,62,62,0,62.0,174620.0
214.8,65,100,80,0.0,57.955,121.09,15.508,250,0.9,0,0.0015893,11.33,31.931,71892,78543.0,6.4819,298.02,182.47,1.613,6.0308,,23,,1.0174,0.19317,,,1.3348,0,,0,0,2,62,62,0,62.0,174490.0
215.0,65,100,80,0.0,65.695,66.884,1.5508,250,0.9,0,0.0015779,11.364,31.938,71966,78626.0,6.5023,297.88,132.56,1.6133,6.0805,,23,,1.0203,0.19314,,,1.335,0,,0,0,2,62,62,0,62.0,174520.0
215.2,65,100,80,0.0,65.27,20.065,91.947,250,0.9,0,0.0015371,11.395,31.945,72039,78708.0,6.5212,298.02,181.86,1.6135,6.1115,,23,,1.013,0.1932,,,1.3352,0,,0,0,2,62,62,0,62.0,174220.0
215.4,65,100,80,0.0,57.317,65.401,9.1947,250,0.9,0,0.001556,11.35,31.952,72111,78789.0,6.5322,297.89,137.98,1.6137,6.126,,23,,1.0246,0.1931,,,1.3353,0,,0,0,2,62,62,0,62.0,173080.0
215.6,65,100,80,0.0,44.973,19.62,160.28,250,0.9,0,0.0014898,11.339,31.959,72181,78868.0,6.5321,298.21,248.21,1.6138,6.1537,,23,,1.0249,0.1931,,,1.3355,0,,0,0,2,62,62,0,62.0,173110.0
215.8,65,100,80,0.0,32.683,125.64,16.028,250,0.9,0,0.001415,11.309,31.966,72248,78943.0,6.5206,298.03,185.48,1.614,6.1841,,23,,1.0413,0.19296,,,1.3356,0,,0,0,2,62,62,0,62.0,173820.0
216.0,65,100,80,0.0,25.004,69.033,1.6028,250,0.9,0,0.0014462,11.266,31.975,72314,79018.0,6.4999,297.88,133.26,1.6141,6.2065,1199.3,23,1902.9,1.0467,0.19291,31.945,23.622,1.3357,0,74.474,0,0,2,62,62,0,62.0,174350.0
216.2,65,100,80,0.0,25.598,20.71,93.201,250,0.9,0,0.0013824,11.31,31.982,72380,79092.0,6.4817,298.02,183.58,1.6142,6.2516,,23,,1.0438,0.19293,,,1.3358,0,,0,0,2,62,62,0,62.0,174550.0
216.4,65,100,80,0.0,33.418,66.961,9.3201,250,0.9,0,0.0013778,11.357,31.988,72447,79168.0,6.474,297.9,141.18,1.6144,6.2603,,23,,1.0347,0.19301,,,1.3359,0,,0,0,2,62,62,0,62.0,174080.0
216.6,65,100,80,0.0,44.299,20.088,159.02,250,0.9,0,0.0014413,11.376,31.995,72517,79246.0,6.4757,298.21,250.19,1.6145,6.2355,,23,,1.033,0.19303,,,1.336,0,,0,0,2,62,62,0,62.0,173280.0
216.8,65,100,80,0.0,54.508,124.73,15.902,250,0.9,0,0.0014325,11.418,32.0,72588,79326.0,6.4869,298.04,190.57,1.6146,6.1951,,23,,1.0369,0.19299,,,1.3361,0,,0,0,2,62,62,0,62.0,174300.0
217.0,65,100,80,0.0,60.249,71.686,1.5902,250,0.9,0,0.0015003,11.393,32.005,72661,79408.0,6.5024,297.9,138.76,1.6148,6.1249,,23,,1.0535,0.19285,,,1.3363,0,,0,0,2,62,62,0,62.0,173830.0
217.2,65,100,80,0.0,59.779,21.506,94.449,250,0.9,0,0.0015004,11.396,32.012,72733,79489.0,6.5187,298.04,189.49,1.615,6.0698,,23,,1.0515,0.19287,,,1.3364,0,,0,0,2,62,62,0,62.0,174520.0
217.4,65,100,80,0.0,52.812,68.521,9.4449,250,0.9,0,0.0014874,11.388,32.018,72804,79569.0,6.5301,297.91,144.47,1.6151,6.0269,,23,,1.049,0.19289,,,1.3366,0,,0,0,2,62,62,0,62.0,174880.0
217.6,65,100,80,0.0,41.314,20.556,160.77,250,0.9,0,0.0014972,11.341,32.025,72873,79647.0,6.5307,298.22,254.02,1.6153,5.9895,,23,,1.0569,0.19282,,,1.3367,0,,0,0,2,62,62,0,62.0,173750.0
217.8,65,100,80,0.0,29.601,125.62,16.077,250,0.9,0,0.00149,11.283,32.033,72940,79722.0,6.5173,298.04,190.93,1.6155,5.9801,,23,,1.0765,0.19265,,,1.3368,0,,0,0,2,62,62,0,62.0,174620.0
218.0,65,100,80,0.0,23.254,69.833,1.6077,250,0.9,0,0.0015231,11.231,32.042,73005,79796.0,6.4953,297.89,138.34,1.6157,6.0077,,23,,1.0948,0.19249,,,1.337,0,,0,0,2,62,62,0,62.0,174160.0
218.2,65,100,80,0.0,25.685,20.95,90.917,250,0.9,0,0.0015259,11.252,32.05,73071,79870.0,6.4777,298.03,185.35,1.6158,6.0818,,23,,1.0916,0.19252,,,1.3371,0,,0,0,2,62,62,0,62.0,174700.0
218.4,65,100,80,0.0,35.119,64.086,9.0917,250,0.9,0,0.0015719,11.282,32.058,73138,79947.0,6.4707,297.9,139.58,1.616,6.1551,,23,,1.0814,0.19261,,,1.3373,0,,0,0,2,62,62,0,62.0,174400.0
218.6,65,100,80,0.0,47.329,19.226,156.67,250,0.9,0,0.0014932,11.397,32.064,73208,80026.0,6.4778,298.2,245.45,1.6162,6.2164,,23,,1.0613,0.19278,,,1.3375,0,,0,0,2,62,62,0,62.0,174600.0
218.8,65,100,80,0.0,56.691,119.73,15.667,250,0.9,0,0.0014662,11.464,32.068,73280,80106.0,6.4914,298.01,180.34,1.6164,6.2052,,23,,1.0455,0.19292,,,1.3376,0,,0,0,2,62,62,0,62.0,174780.0
219.0,65,100,80,0.0,60.636,61.397,1.5667,250,0.9,0,0.0014798,11.476,32.072,73353,80188.0,6.5074,297.87,128.87,1.6166,6.1499,,23,,1.0426,0.19294,,,1.3377,0,,0,0,2,62,62,0,62.0,173630.0
219.2,65,100,80,0.0,58.169,18.419,85.336,250,0.9,0,0.0015336,11.444,32.077,73425,80269.0,6.5186,297.99,171.96,1.6167,6.0738,,23,,1.0515,0.19286,,,1.3379,0,,0,0,2,62,62,0,62.0,175150.0
219.4,65,100,80,0.0,51.282,56.502,8.5336,250,0.9,0,0.0015169,11.431,32.081,73496,80349.0,6.523,297.87,129.2,1.6169,6.0073,,23,,1.0493,0.19288,,,1.338,0,,0,0,2,62,62,0,62.0,174170.0
219.6,65,100,80,0.0,42.621,16.951,149.17,250,0.9,0,0.0015059,11.396,32.087,73565,80426.0,6.5191,298.15,229.44,1.6171,5.9622,,23,,1.06,0.19279,,,1.3382,0,,0,0,2,62,62,0,62.0,175700.0
219.8,65,100,80,0.0,35.518,110.33,14.917,250,0.9,0,0.0014768,11.376,32.093,73632,80503.0,6.5089,297.97,166.44,1.6173,5.9433,,23,,1.0654,0.19274,,,1.3383,0,,0,0,2,62,62,0,62.0,174220.0
220.0,65,100,80,0.0,32.487,52.75,1.4917,250,0.9,0,0.0014805,11.359,32.099,73699,80579.0,6.496,297.84,117.85,1.6174,5.9491,,23,,1.0752,0.19266,,,1.3385,0,,0,0,2,62,62,0,62.0,174920.0
220.2,65,100,80,0.0,34.618,15.825,81.852,250,0.9,0,0.0014424,11.402,32.105,73767,80655.0,6.4874,297.95,158.98,1.6176,5.9773,,23,,1.0661,0.19274,,,1.3386,0,,0,0,2,62,62,0,62.0,175780.0
220.4,65,100,80,0.0,40.174,50.607,8.1852,250,0.9,0,0.0014602,11.412,32.11,73836,80732.0,6.4844,297.84,118.17,1.6178,5.9961,,23,,1.0766,0.19264,,,1.3387,0,,0,0,2,62,62,0,62.0,175130.0
220.6,65,100,80,0.0,46.897,15.182,146.06,250,0.9,0,0.0014374,11.45,32.114,73905,80811.0,6.4879,298.11,216.58,1.6179,6.0133,,23,,1.0791,0.19262,,,1.3389,0,,0,0,2,62,62,0,62.0,175320.0
220.8,65,100,80,0.0,52.25,105.15,14.606,250,0.9,0,0.0014012,11.492,32.118,73976,80890.0,6.4966,297.94,155.58,1.618,6.0148,,23,,1.0774,0.19264,,,1.339,0,,0,0,2,62,62,0,62.0,175340.0
221.0,65,100,80,0.0,54.101,31.546,236.59,250,0.9,0,0.0013998,11.509,32.121,74048,80970.0,6.5067,298.42,325.15,1.6181,5.9974,,23,,1.0816,0.1926,,,1.339,0,,0,0,2,62,62,0,62.0,175680.0
221.2,65,100,80,0.0,51.919,194.37,23.659,250,0.9,0,0.0013599,11.512,32.124,74118,81050.0,6.5154,298.14,227.06,1.6182,5.9547,,23,,1.0891,0.19254,,,1.3391,0,,0,0,2,62,62,0,62.0,174360.0
221.4,65,100,80,0.0,46.275,111.92,2.3659,250,0.9,0,0.0013543,11.498,32.127,74188,81128.0,6.5186,297.93,148.67,1.6183,5.9004,,23,,1.0883,0.19254,,,1.3392,0,,0,0,2,62,62,0,62.0,174210.0
221.6,65,100,80,0.0,39.385,33.576,124.02,250,0.9,0,0.0013824,11.444,32.132,74256,81205.0,6.513,298.12,217.84,1.6184,5.8656,,23,,1.1091,0.19236,,,1.3393,0,,0,0,2,62,62,0,62.0,174730.0
221.8,65,100,80,0.0,34.726,98.974,12.402,250,0.9,0,0.0013932,11.42,32.137,74324,81281.0,6.5025,297.95,156.55,1.6185,5.8625,,23,,1.1191,0.19227,,,1.3393,0,,0,0,2,62,62,0,62.0,175080.0
222.0,65,100,80,0.0,34.252,29.692,208.99,250,0.9,0,0.0013761,11.446,32.141,74391,81357.0,6.4923,298.35,302.53,1.6186,5.8827,,23,,1.1124,0.19233,,,1.3394,0,,0,0,2,62,62,0,62.0,174600.0
222.2,65,100,80,0.0,37.847,169.23,20.899,250,0.9,0,0.0013875,11.46,32.145,74459,81433.0,6.4856,298.09,208.39,1.6187,5.8948,,23,,1.1055,0.19239,,,1.3395,0,,0,0,2,62,62,0,62.0,174620.0
222.4,65,100,80,0.0,44.103,89.096,2.0899,250,0.9,0,0.0013842,11.475,32.149,74528,81511.0,6.4822,297.9,140.02,1.6187,5.9028,,23,,1.1186,0.19228,,,1.3396,0,,0,0,2,62,62,0,62.0,174800.0
222.6,65,100,80,0.0,51.741,26.729,100.26,250,0.9,0,0.0014153,11.508,32.152,74599,81591.0,6.4829,298.04,190.99,1.6189,5.9037,,23,,1.1084,0.19237,,,1.3397,0,,0,0,2,62,62,0,62.0,174150.0
222.8,65,100,80,0.0,59.077,73.302,10.026,250,0.9,0,0.0013779,11.559,32.154,74671,81672.0,6.4888,297.9,138.61,1.619,5.8936,,23,,1.1031,0.19241,,,1.3397,0,,0,0,2,62,62,0,62.0,174990.0
223.0,65,100,80,0.0,64.056,21.991,172.67,250,0.9,0,0.0013896,11.605,32.155,74744,81754.0,6.497,298.22,256.1,1.619,5.8573,,23,,1.0843,0.19257,,,1.3398,0,,0,0,2,62,62,0,62.0,175330.0
223.2,65,100,80,0.0,65.774,131.6,17.267,250,0.9,0,0.0014269,11.578,32.157,74817,81836.0,6.506,298.0,177.12,1.6191,5.8029,,23,,1.0994,0.19244,,,1.3399,0,,0,0,2,62,62,0,62.0,175160.0
223.4,65,100,80,0.0,63.909,62.094,1.7267,250,0.9,0,0.0014311,11.563,32.159,74891,81918.0,6.514,297.85,121.03,1.6193,5.7584,,23,,1.1119,0.19234,,,1.34,0,,0,0,2,62,62,0,62.0,175670.0
223.6,65,100,80,0.0,58.814,18.628,83.998,250,0.9,0,0.0013767,11.594,32.16,74963,81999.0,6.5198,297.96,161.06,1.6194,5.7181,,23,,1.0983,0.19245,,,1.3401,0,,0,0,2,62,62,0,62.0,175180.0
223.8,65,100,80,0.0,51.439,52.325,8.3998,250,0.9,0,0.0013494,11.577,32.162,75033,82078.0,6.5199,297.83,115.05,1.6194,5.6685,,23,,1.1037,0.19241,,,1.3401,0,,0,0,2,62,62,0,62.0,174020.0
224.0,65,100,80,0.0,44.004,15.697,151.39,250,0.9,0,0.00135,11.546,32.165,75102,82156.0,6.5123,298.11,216.3,1.6195,5.6347,,23,,1.1162,0.1923,,,1.3402,0,,0,0,2,62,62,0,62.0,175860.0
224.2,65,100,80,0.0,39.631,106.75,15.139,250,0.9,0,0.0012972,11.562,32.167,75171,82232.0,6.5018,297.91,143.23,1.6195,5.6286,,23,,1.1166,0.19229,,,1.3402,0,,0,0,2,62,62,0,62.0,174700.0
224.4,65,100,80,0.0,39.423,32.025,254.71,250,0.9,0,0.0012851,11.579,32.168,75239,82309.0,6.4932,298.42,326.7,1.6195,5.6189,,23,,1.1154,0.1923,,,1.3402,0,,0,0,2,62,62,0,62.0,174710.0
224.6,65,100,80,0.0,42.641,204.49,25.471,250,0.9,0,0.0012262,11.647,32.168,75307,82386.0,6.4899,298.11,214.25,1.6195,5.6033,,23,,1.0962,0.19247,,,1.3402,0,,0,0,2,62,62,0,62.0,174870.0
224.8,65,100,80,0.0,47.188,109.6,2.5471,250,0.9,0,0.0012748,11.651,32.169,75377,82464.0,6.4894,297.89,133.7,1.6195,5.5478,,23,,1.0886,0.19254,,,1.3402,0,,0,0,2,62,62,0,62.0,174040.0
225.0,65,100,80,0.0,51.957,32.88,121.52,250,0.9,0,0.0012926,11.68,32.169,75448,82543.0,6.4922,298.07,200.31,1.6195,5.5065,,23,,1.0796,0.19261,,,1.3402,0,,0,0,2,62,62,0,62.0,176040.0
225.2,65,100,80,0.0,55.575,93.363,12.152,250,0.9,0,0.0012842,11.702,32.169,75519,82623.0,6.4988,297.9,138.69,1.6195,5.4624,,23,,1.0804,0.19261,,,1.3402,0,,0,0,2,62,62,0,62.0,175200.0
225.4,65,100,80,0.0,56.567,28.009,209.88,250,0.9,0,0.0012173,11.762,32.167,75591,82703.0,6.5073,298.3,286.13,1.6195,5.4116,,23,,1.0671,0.19272,,,1.3402,0,,0,0,2,62,62,0,62.0,174690.0
225.6,65,100,80,0.0,54.17,164.93,20.988,250,0.9,0,0.001201,11.76,32.165,75662,82782.0,6.514,298.05,192.41,1.6194,5.3329,,23,,1.0705,0.19269,,,1.3401,0,,0,0,2,62,62,0,62.0,175180.0
225.8,65,100,80,0.0,49.095,84.749,2.0988,250,0.9,0,0.0012902,11.682,32.166,75732,82860.0,6.5156,297.87,125.97,1.6194,5.2519,,23,,1.092,0.19251,,,1.3401,0,,0,0,2,62,62,0,62.0,174180.0
226.0,65,100,80,0.0,43.38,25.425,102.05,250,0.9,0,0.001357,11.635,32.167,75800,82938.0,6.5105,298.01,179.13,1.6194,5.2362,,23,,1.1004,0.19243,,,1.3401,0,,0,0,2,62,62,0,62.0,175520.0
226.2,65,100,80,0.0,39.713,71.869,10.205,250,0.9,0,0.0013574,11.617,32.169,75869,83015.0,6.5024,297.87,127.76,1.6194,5.2713,,23,,1.1061,0.19239,,,1.3401,0,,0,0,2,62,62,0,62.0,175020.0
226.4,65,100,80,0.0,39.269,21.561,176.2,250,0.9,0,0.0013792,11.633,32.171,75937,83091.0,6.4943,298.2,248.9,1.6194,5.3416,,23,,1.0906,0.19252,,,1.3401,0,,0,0,2,62,62,0,62.0,175360.0
226.6,65,100,80,0.0,42.052,131.77,17.62,250,0.9,0,0.0013979,11.646,32.173,76005,83168.0,6.4886,297.99,172.65,1.6195,5.428,,23,,1.0815,0.1926,,,1.3402,0,,0,0,2,62,62,0,62.0,174710.0
226.8,65,100,80,0.0,47.136,65.123,1.762,250,0.9,0,0.0014211,11.664,32.176,76075,83247.0,6.485,297.84,116.52,1.6195,5.5296,,23,,1.0766,0.19264,,,1.3402,0,,0,0,2,62,62,0,62.0,175220.0
227.0,65,100,80,0.0,53.643,19.537,90.987,250,0.9,0,0.001476,11.667,32.178,76146,83326.0,6.4826,297.97,163.32,1.6196,5.639,,23,,1.0778,0.19263,,,1.3402,0,,0,0,2,62,62,0,62.0,174560.0
227.2,65,100,80,0.0,61.12,58.622,9.0987,250,0.9,0,0.0014304,11.714,32.18,76218,83408.0,6.4874,297.84,117.46,1.6196,5.7475,,23,,1.0768,0.19264,,,1.3403,0,,0,0,2,62,62,0,62.0,175230.0
227.4,65,100,80,0.0,66.644,17.587,159.29,250,0.9,0,0.0014412,11.725,32.181,76292,83490.0,6.4954,298.14,225.54,1.6197,5.819,,23,,1.0866,0.19255,,,1.3403,0,,0,0,2,62,62,0,62.0,175070.0
227.6,65,100,80,0.0,68.978,113.89,15.929,250,0.9,0,0.0014353,11.741,32.182,76366,83573.0,6.5062,297.95,158.49,1.6197,5.8661,,23,,1.0835,0.19258,,,1.3404,0,,0,0,2,62,62,0,62.0,174740.0
227.8,65,100,80,0.0,67.026,54.049,1.5929,250,0.9,0,0.001437,11.739,32.184,76439,83655.0,6.5151,297.82,109.03,1.6198,5.8955,,23,,1.0836,0.19258,,,1.3404,0,,0,0,2,62,62,0,62.0,175240.0
228.0,65,100,80,0.0,61.509,16.215,84.714,250,0.9,0,0.0014667,11.699,32.186,76512,83736.0,6.5172,297.94,152.03,1.6198,5.9196,1198.1,23,1955.5,1.1022,0.19242,32.18,23.029,1.3405,0,70.104,0,0,2,62,62,0,62.0,174750.0
228.2,65,100,80,0.0,55.159,4.8644,0.0001,250,0.9,0,0.0013884,11.721,32.187,76583,83816.0,6.5154,297.86,123.84,1.6199,5.9449,,23,,1.0974,0.19246,,,1.3405,0,,0,0,2,62,62,0,62.0,175260.0
228.4,65,100,80,0.0,49.517,1.4593,84.749,250,0.9,0,0.0014273,11.692,32.19,76653,83895.0,6.5096,297.99,173.26,1.6199,5.9497,,23,,1.0952,0.19248,,,1.3405,0,,0,0,2,62,62,0,62.0,174430.0
228.6,65,100,80,0.0,46.221,42.888,8.4749,250,0.9,0,0.0013816,11.711,32.192,76723,83973.0,6.5027,297.89,136.13,1.6199,5.9706,,23,,1.0895,0.19253,,,1.3406,0,,0,0,2,62,62,0,62.0,174940.0
228.8,65,100,80,0.0,45.665,12.867,127.58,250,0.9,0,0.0013294,11.739,32.194,76792,84051.0,6.4964,298.12,218.76,1.6199,5.9771,,23,,1.0877,0.19254,,,1.3406,0,,0,0,2,62,62,0,62.0,174780.0
229.0,65,100,80,0.0,47.622,86.555,12.758,250,0.9,0,0.0012951,11.763,32.194,76862,84129.0,6.4917,297.98,166.37,1.6199,5.9564,,23,,1.0919,0.19251,,,1.3405,0,,0,0,2,62,62,0,62.0,175780.0
229.2,65,100,80,0.0,51.449,40.537,1.2758,250,0.9,0,0.0013875,11.731,32.196,76933,84209.0,6.488,297.86,124.24,1.6199,5.9064,,23,,1.0989,0.19245,,,1.3405,0,,0,0,2,62,62,0,62.0,174950.0
229.4,65,100,80,0.0,56.777,12.161,66.839,250,0.9,0,0.001371,11.778,32.197,77004,84289.0,6.487,297.94,152.97,1.6199,5.8805,,23,,1.0851,0.19257,,,1.3405,0,,0,0,2,62,62,0,62.0,174790.0
229.6,65,100,80,0.0,62.498,3.6483,0.0001,250,0.9,0,0.0014076,11.788,32.198,77077,84370.0,6.4872,297.86,125.26,1.6199,5.8373,,23,,1.0812,0.1926,,,1.3405,0,,0,0,2,62,62,0,62.0,175460.0
229.8,65,100,80,0.0,68.129,1.0945,72.327,250,0.9,0,0.0013649,11.857,32.198,77151,84453.0,6.4932,297.97,163.64,1.6199,5.7901,,23,,1.0593,0.19279,,,1.3405,0,,0,0,2,62,62,0,62.0,175630.0
230.0,65,100,80,0.0,71.335,32.151,7.2327,250,0.9,0,0.0013831,11.86,32.198,77225,84536.0,6.5019,297.88,130.04,1.6199,5.7111,1200.3,23,1965.1,1.065,0.19274,32.196,22.931,1.3405,0,69.373,0,0,2,62,62,0,62.0,176120.0
