time,aeration_rate,agitator,sugar_feed_rate,acid_flow_rate,base_flow_rate,heating/cooling_water_flow_rate,heating_water_flow_rate,water_for_injection/dilution,air_head_pressure,dumped_broth_flow,substrate_concentration,dissolved_oxygen_concentration,penicillin_concentration,vessel_volume,vessel_weight,pH,temperature,generated_heat,CO2_percent_in_off_gas,PAA_flow,PAA_concentration,oil_flow,NH3_concentration,oxygen_uptake_rate,oxygen_in_percent_in_off_gas,offline_penicillin_concentration,offline_biomass_concentration,carbon_evolution_rate,ammonia_shots,viscosity,Fault reference(Fault_ref:Fault ref),0 - Recipe driven 1 - Operator controlled(Control_ref:Control ref),1- No Raman spec, 1-Raman spec recorded,2-PAT control(PAT_ref:PAT ref),Batch reference(Batch_ref:Batch ref),experiment_ID,Fault flag
0.2,30,100,8,0.0,0.0,0.0001,154.47,0,0.6,0,1.2177,14.708,0.001,57739,61798.0,6.5125,297.75,139.68,0.08337,5.0,,22,,0.84266,0.189,,,0.031708,0,,0,0,1,96,96,1,96.0,0.0
0.4,30,100,8,0.0,0.0,0.0001,49.283,0,0.6,0,1.2728,14.687,0.00099954,57736,61800.0,6.4951,297.9,178.54,0.093909,5.0,,22,,0.13283,0.20251,,,0.035717,0,,0,0,1,96,96,1,96.0,0.0
0.6,30,100,8,0.0,2.5287,0.0001,0.0001,0,0.6,0,1.3263,14.675,0.00099906,57734,61802.0,6.4819,297.87,171.21,0.097333,5.0,,22,,-0.038168,0.2057,,,0.037019,0,,0,0,1,96,96,1,96.0,0.0
0.8,30,100,8,0.0,10.262,0.0001,70.399,0,0.6,0,1.3784,14.667,0.00099855,57734,61806.0,6.4802,298.1,230.57,0.09935,5.0,,22,,-0.077539,0.20643,,,0.037787,0,,0,0,1,96,96,1,96.0,0.0
1.0,30,100,8,0.0,18.671,72.531,7.0399,0,0.6,0,1.4291,14.655,0.00099801,57735,61812.0,6.4903,298.0,206.17,0.10114,5.0,1438.1,22,1713.2,-0.084026,0.20655,0.001,0.47295,0.038467,0,4.0801,0,0,1,96,96,1,96.0,0.0
1.2,30,100,8,0.0,23.016,42.756,0.70399,0,0.6,0,1.478,14.646,0.00099747,57737,61818.0,6.5058,297.93,186.54,0.10294,5.0,,22,,-0.083817,0.20654,,,0.039152,0,,0,0,1,96,96,1,96.0,0.0
1.4,30,100,8,0.0,21.195,12.827,55.974,0,0.6,0,1.526,14.633,0.00099692,57738,61824.0,6.518,298.09,229.66,0.1048,5.0,,22,,-0.080466,0.20647,,,0.03986,0,,0,0,1,96,96,1,96.0,0.0
1.6,30,100,8,0.0,14.543,66.766,5.5974,0,0.6,0,1.5728,14.61,0.00099641,57739,61829.0,6.52,298.01,208.49,0.10673,5.0,,22,,-0.071887,0.20631,,,0.040596,0,,0,0,1,96,96,1,96.0,0.0
1.8,30,100,8,0.0,7.0787,41.517,0.55974,0,0.6,0,1.6184,14.587,0.00099591,57737,61832.0,6.5108,297.95,192.07,0.10875,5.0,,22,,-0.062692,0.20613,,,0.041361,0,,0,0,1,96,96,1,96.0,0.0
2.0,30,100,8,0.0,3.3073,21.264,0.055974,0,0.6,0,1.6626,14.564,0.00099544,57735,61835.0,6.496,297.91,182.16,0.11084,5.0,,22,,-0.05312,0.20595,,,0.042157,0,,0,0,1,96,96,1,96.0,0.0
2.2,30,100,8,0.0,5.4497,6.3793,34.3,0,0.6,0,1.7045,14.524,0.00099495,57734,61838.0,6.4843,298.02,209.75,0.11302,5.0,,22,,-0.036453,0.20564,,,0.042988,0,,0,0,1,96,96,1,96.0,21407.0
2.4,30,100,8,0.0,12.224,39.254,3.43,0,0.6,0,1.7448,14.503,0.00099444,57734,61842.0,6.4816,297.98,198.76,0.1153,5.0,,22,,-0.026358,0.20544,,,0.043856,0,,0,0,1,96,96,1,96.0,21569.0
2.6,30,100,8,0.0,20.074,24.853,0.343,0,0.6,0,1.7836,14.491,0.0009939,57735,61848.0,6.4886,297.94,190.18,0.11767,5.0,,22,,-0.021604,0.20535,,,0.044757,0,,0,0,1,96,96,1,96.0,21731.0
2.8,30,100,8,0.0,25.127,7.456,35.45,0,0.6,0,1.8209,14.468,0.00099335,57737,61855.0,6.5025,298.06,220.2,0.12013,5.0,,22,,-0.013964,0.2052,,,0.045691,0,,0,0,1,96,96,1,96.0,22060.0
3.0,30,100,8,0.0,24.631,44.578,3.545,0,0.6,0,1.8559,14.434,0.00099279,57740,61861.0,6.5162,298.02,210.13,0.12268,5.0,,22,,-0.00091077,0.20496,,,0.046664,0,,0,0,1,96,96,1,96.0,22389.0
3.2,30,100,15,0.0,18.677,32.78,0.3545,0,0.6,0,1.9047,14.422,0.00099224,57742,61869.0,6.5211,297.98,201.1,0.12534,5.0,,22,,0.0038007,0.20486,,,0.047673,0,,0,0,1,96,96,1,96.0,22551.0
3.4,30,100,15,0.0,10.786,22.035,0.03545,0,0.6,0,1.9518,14.406,0.00099171,57743,61875.0,6.5141,297.96,195.72,0.12809,5.0,,22,,0.0072959,0.20479,,,0.04872,0,,0,0,1,96,96,1,96.0,21380.0
3.6,30,100,15,0.0,5.7198,14.738,0.003545,0,0.6,0,1.9966,14.382,0.0009912,57743,61880.0,6.4997,297.96,193.18,0.13094,5.0,,22,,0.014609,0.20465,,,0.049804,0,,0,0,1,96,96,1,96.0,22709.0
3.8,30,100,15,0.0,6.3848,10.261,0.0003545,0,0.6,0,2.0391,14.356,0.00099069,57743,61885.0,6.487,297.95,192.68,0.1339,5.0,,22,,0.02273,0.20449,,,0.050932,0,,0,0,1,96,96,1,96.0,21871.0
4.0,30,100,15,0.0,12.084,8.0063,0.0001,0,0.6,0,2.0789,14.32,0.00099016,57744,61891.0,6.4842,297.96,193.61,0.13698,5.0,,22,,0.036049,0.20424,,,0.052103,0,,0,0,1,96,96,1,96.0,21033.0
4.2,30,100,15,0.0,18.875,7.4637,0.0001,0,0.6,0,2.1453,14.279,0.00098961,57747,61900.0,6.492,297.96,195.38,0.14017,5.0,,30,,0.048055,0.20401,,,0.053316,0,,0,0,1,96,96,1,96.0,22362.0
4.4,30,100,15,0.0,22.558,8.1125,0.0001,0,0.6,0,2.208,14.254,0.00098904,57750,61909.0,6.5036,297.97,197.81,0.14347,5.0,,30,,0.056527,0.20384,,,0.054574,0,,0,0,1,96,96,1,96.0,22024.0
4.6,30,100,15,0.0,21.637,9.84,0.0001,0,0.6,0,2.269,14.216,0.00098848,57753,61919.0,6.5134,297.98,200.31,0.14689,5.0,,30,,0.069887,0.20358,,,0.055875,0,,0,0,1,96,96,1,96.0,21686.0
4.8,30,100,15,0.0,16.796,11.989,0.0001,0,0.6,0,2.3276,14.176,0.00098793,57755,61927.0,6.5159,297.99,202.81,0.15043,5.0,,30,,0.084845,0.2033,,,0.057222,0,,0,0,1,96,96,1,96.0,21681.0
5.0,30,100,15,0.0,10.978,14.481,0.0001,0,0.6,0,2.3835,14.142,0.00098741,57756,61935.0,6.5078,298.0,205.26,0.15408,5.0,,30,,0.09727,0.20306,,,0.058612,0,,0,0,1,96,96,1,96.0,21677.0
5.2,30,100,15,0.0,8.4243,17.258,0.0001,0,0.6,0,2.4376,14.094,0.00098691,57755,61940.0,6.495,298.01,207.66,0.15786,0.0,,30,,0.11491,0.20272,,,0.060051,0,,0,0,1,96,96,1,96.0,22005.0
5.4,30,100,15,0.0,10.959,20.32,0.0001,0,0.6,0,2.489,14.061,0.0009864,57755,61947.0,6.4868,298.02,209.84,0.16178,0.0,,30,,0.12671,0.20249,,,0.061541,0,,0,0,1,96,96,1,96.0,21334.0
5.6,30,100,15,0.0,16.754,23.442,0.0001,0,0.6,0,2.5382,14.028,0.00098587,57756,61954.0,6.4877,298.03,212.06,0.16584,0.0,,30,,0.13729,0.20228,,,0.063084,0,,0,0,1,96,96,1,96.0,20996.0
5.8,30,100,15,0.0,22.183,26.921,0.0001,0,0.6,0,2.5849,13.988,0.00098532,57759,61963.0,6.4965,298.03,214.04,0.17003,0.0,,30,,0.15002,0.20204,,,0.064681,0,,0,0,1,96,96,1,96.0,21825.0
6.0,30,100,15,0.0,24.059,30.407,0.0001,0,0.6,0,2.6292,13.94,0.00098477,57761,61972.0,6.5065,298.04,216.37,0.17437,0.0,,30,,0.16677,0.20171,,,0.066331,0,,0,0,1,96,96,1,96.0,22153.0
6.2,30,100,15,0.0,21.98,34.633,0.0001,0,0.6,0,2.6706,13.887,0.00098422,57763,61981.0,6.5126,298.05,218.57,0.17886,0.0,,30,,0.18585,0.20135,,,0.06804,0,,0,0,1,96,96,1,96.0,22315.0
6.4,30,100,15,0.0,17.473,39.013,0.0001,0,0.6,0,2.7086,13.842,0.00098369,57765,61988.0,6.5109,298.06,220.24,0.1835,0.0,,30,,0.20141,0.20105,,,0.069807,0,,0,0,1,96,96,1,96.0,20810.0
6.6,30,100,15,0.0,13.678,43.009,0.0001,0,0.6,0,2.7434,13.802,0.00098317,57765,61995.0,6.502,298.06,221.83,0.18831,0.0,,30,,0.2133,0.20081,,,0.071639,0,,0,0,1,96,96,1,96.0,21306.0
6.8,30,100,15,0.0,13.429,47.163,0.0001,0,0.6,0,2.7747,13.742,0.00098266,57765,62002.0,6.4915,298.07,224.48,0.1933,0.0,,30,,0.23246,0.20044,,,0.073539,0,,0,0,1,96,96,1,96.0,21801.0
7.0,30,100,15,0.0,17.36,52.902,0.0001,0,0.6,0,2.8013,13.671,0.00098213,57767,62010.0,6.4871,298.08,227.35,0.1985,0.0,,30,,0.25734,0.19996,,,0.075515,0,,0,0,1,96,96,1,96.0,20963.0
7.2,30,100,15,0.0,23.005,59.284,0.0001,0,0.6,0,2.8238,13.625,0.00098157,57769,62019.0,6.4924,298.09,229.17,0.20388,0.0,,30,,0.27411,0.19964,,,0.077563,0,,0,0,1,96,96,1,96.0,21958.0
7.4,30,100,15,0.0,26.549,64.696,0.0001,0,0.6,0,2.842,13.574,0.00098101,57772,62028.0,6.5022,298.1,230.48,0.20944,0.0,,30,,0.29022,0.19932,,,0.07968,0,,0,0,1,96,96,1,96.0,21953.0
7.6,30,100,15,0.0,26.179,69.74,0.0001,0,0.6,0,2.857,13.518,0.00098045,57775,62038.0,6.5095,298.1,230.9,0.21517,0.0,,30,,0.30824,0.19897,,,0.081862,0,,0,0,1,96,96,1,96.0,21448.0
7.8,30,100,15,0.0,22.909,73.815,0.0001,0,0.6,0,2.8673,13.444,0.00097991,57777,62046.0,6.5091,298.1,231.55,0.22111,0.0,,30,,0.33177,0.19851,,,0.084123,0,,0,0,1,96,96,1,96.0,21776.0
8.0,30,100,15,0.0,19.806,78.285,0.0001,0,0.6,0,2.8729,13.389,0.00097937,57779,62054.0,6.5026,298.1,231.6,0.22727,0.0,,30,,0.34857,0.19818,,,0.086468,0,,0,0,1,96,96,1,96.0,21271.0
8.2,42,100,15,0.0,19.291,82.054,0.0001,0,0.6,0,2.8738,13.472,0.00097883,57780,62063.0,6.4956,298.1,231.51,0.18319,0.0,,30,,0.31392,0.20062,,,0.097565,0,,0,0,1,96,96,1,96.0,20933.0
8.4,42,100,15,0.0,21.584,85.669,0.0001,0,0.6,0,2.8698,13.4,0.00097829,57782,62071.0,6.4916,298.1,230.43,0.1826,0.0,,30,,0.31274,0.20063,,,0.097249,0,,0,0,1,96,96,1,96.0,22262.0
8.6,42,100,15,0.0,25.463,87.993,0.0001,0,0.6,0,2.8621,13.35,0.00097773,57785,62080.0,6.493,298.09,229.4,0.18688,0.0,,30,,0.32601,0.20045,,,0.099529,0,,0,0,1,96,96,1,96.0,22090.0
8.8,42,100,15,0.0,28.753,90.255,0.0001,0,0.6,0,2.8499,13.289,0.00097716,57789,62090.0,6.4969,298.1,230.45,0.19186,0.0,,30,,0.34397,0.2002,,,0.10218,0,,0,0,1,96,96,1,96.0,21918.0
9.0,42,100,15,0.0,30.491,95.079,0.0001,0,0.6,0,2.8333,13.218,0.00097659,57793,62101.0,6.5026,298.1,231.4,0.19707,0.0,,30,,0.36961,0.19984,,,0.10496,0,,0,0,1,96,96,1,96.0,21913.0
9.2,42,100,15,0.0,29.952,99.845,0.0001,0,0.6,0,2.8129,13.149,0.00097602,57796,62111.0,6.5077,298.1,232.16,0.20245,0.0,,30,,0.39518,0.19948,,,0.10783,0,,0,0,1,96,96,1,96.0,22075.0
9.4,42,100,15,0.0,27.408,104.51,0.0001,0,0.6,0,2.7879,13.068,0.00097546,57799,62121.0,6.507,298.1,231.94,0.208,0.0,,30,,0.42529,0.19907,,,0.11078,0,,0,0,1,96,96,1,96.0,20570.0
9.6,42,100,15,0.0,25.127,108.01,0.0001,0,0.6,0,2.7575,12.991,0.00097491,57802,62130.0,6.5011,298.1,232.18,0.21373,0.0,,30,,0.45269,0.19869,,,0.11384,0,,0,0,1,96,96,1,96.0,22231.0
9.8,42,100,15,0.0,25.235,112.11,0.0001,0,0.6,0,2.7213,12.897,0.00097435,57805,62139.0,6.4935,298.1,233.04,0.21968,0.0,,30,,0.48715,0.19821,,,0.11701,0,,0,0,1,96,96,1,96.0,20893.0
10.0,42,100,15,0.0,28.372,117.04,0.0001,0,0.6,0,2.6786,12.806,0.00097379,57808,62149.0,6.488,298.12,235.97,0.22585,0.0,,30,,0.51893,0.19777,,,0.1203,0,,0,0,1,96,96,1,96.0,21388.0
10.2,42,100,15,0.0,33.67,124.74,0.0001,0,0.6,0,2.6298,12.725,0.00097321,57813,62160.0,6.4891,298.13,238.42,0.23223,0.0,,30,,0.54715,0.19737,,,0.1237,0,,0,0,1,96,96,1,96.0,21716.0
10.4,42,100,15,0.0,38.532,132.19,0.0001,0,0.6,0,2.5739,12.64,0.00097261,57818,62172.0,6.4949,298.13,240.46,0.23883,0.0,,30,,0.57254,0.19702,,,0.12721,0,,0,0,1,96,96,1,96.0,21544.0
10.6,42,100,15,0.0,41.066,139.44,0.0001,0,0.6,0,2.5113,12.544,0.000972,57824,62184.0,6.5021,298.14,241.8,0.24565,0.0,,30,,0.60578,0.19655,,,0.13085,0,,0,0,1,96,96,1,96.0,22039.0
10.8,42,100,15,0.0,40.73,146.1,0.0001,0,0.6,0,2.4428,12.469,0.0009714,57830,62197.0,6.5072,298.14,243.0,0.25269,0.0,,30,,0.62569,0.19627,,,0.1346,0,,0,0,1,96,96,1,96.0,22034.0
11.0,42,100,15,0.0,38.374,152.79,0.0001,0,0.6,0,2.3682,12.377,0.0009708,57835,62209.0,6.5071,298.17,249.24,0.25995,0.0,,30,,0.65131,0.19591,,,0.13847,0,,0,0,1,96,96,1,96.0,21529.0
11.2,42,100,15,0.0,36.078,166.18,0.0001,0,0.6,0,2.2857,12.267,0.00097021,57840,62220.0,6.5004,298.18,253.37,0.26745,0.0,,30,,0.68776,0.1954,,,0.14247,0,,0,0,1,96,96,1,96.0,22190.0
11.4,42,100,15,0.0,36.467,177.56,0.0001,0,0.6,0,2.1953,12.16,0.00096962,57845,62232.0,6.4921,298.2,259.45,0.27521,0.0,,30,,0.72167,0.19492,,,0.14661,0,,0,0,1,96,96,1,96.0,22518.0
11.6,42,100,15,0.0,40.155,192.11,0.0001,0,0.6,0,2.0969,12.049,0.00096901,57851,62244.0,6.4859,298.21,260.92,0.28323,0.0,,30,,0.75797,0.19441,,,0.15088,0,,0,0,1,96,96,1,96.0,21513.0
11.8,42,100,15,0.0,46.311,201.5,0.0001,0,0.6,0,1.9894,11.927,0.00096839,57858,62257.0,6.4847,298.21,260.46,0.29154,0.0,,30,,0.79635,0.19387,,,0.15531,0,,0,0,1,96,96,1,96.0,20841.0
12.0,42,100,15,0.0,52.927,208.72,0.0001,0,0.6,0,1.8718,11.79,0.00096774,57866,62272.0,6.4858,298.2,258.34,0.30017,0.0,1568.6,30,1844.7,0.84196,0.19323,0.00097021,2.5081,0.15991,0,10.476,0,0,1,96,96,1,96.0,20669.0
12.2,42,100,30,0.0,59.115,213.79,0.0001,0,0.6,0,1.7814,11.669,0.00096702,57879,62292.0,6.4882,298.19,257.03,0.30911,0.0,,30,,0.88208,0.19266,,,0.16468,0,,0,0,1,96,96,1,96.0,21330.0
12.4,42,100,30,0.0,64.36,219.65,0.0001,0,0.6,0,1.6817,11.546,0.00096629,57892,62314.0,6.4917,298.2,258.98,0.31836,0.0,,30,,0.9172,0.19216,,,0.16961,0,,0,0,1,96,96,1,96.0,22158.0
12.6,42,100,30,0.0,68.186,229.52,0.0001,0,0.7,0,1.5729,12.262,0.00096554,57906,62335.0,6.4941,298.22,264.5,0.3279,0.0,,30,,0.95904,0.19157,,,0.1747,0,,0,0,1,96,96,1,96.0,21486.0
12.8,42,100,30,0.0,71.051,244.18,0.0001,0,0.7,0,1.456,12.137,0.00096479,57921,62358.0,6.4961,298.25,272.74,0.33771,0.0,,30,,0.99802,0.19102,,,0.17993,0,,0,0,1,96,96,1,96.0,21814.0
13.0,42,100,30,0.0,73.142,263.04,0.0001,0,0.7,0,1.3298,11.997,0.00096403,57937,62381.0,6.497,298.28,278.99,0.34783,0.0,,30,,1.0386,0.19044,,,0.18533,0,,0,0,1,96,96,1,96.0,21642.0
13.2,42,100,30,0.0,74.87,280.4,0.0001,0,0.7,0,1.1949,11.851,0.00096326,57952,62404.0,6.4955,298.29,281.72,0.35828,0.0,,30,,1.0826,0.18982,,,0.1909,0,,0,0,1,96,96,1,96.0,21136.0
13.4,42,100,30,0.0,77.209,294.14,0.0001,0,0.7,0,1.0497,11.714,0.00096248,57968,62428.0,6.4936,298.28,279.1,0.36905,0.0,,30,,1.1263,0.18919,,,0.19665,0,,0,0,1,96,96,1,96.0,21464.0
13.6,42,100,30,0.0,80.305,301.46,0.0001,0,0.7,0,0.8954,11.567,0.0009617,57985,62452.0,6.4904,298.26,275.59,0.38014,0.0,,30,,1.1714,0.18855,,,0.20256,0,,0,0,1,96,96,1,96.0,22125.0
13.8,42,100,30,0.0,84.654,307.42,0.0001,0,0.7,0,0.73096,11.411,0.0009609,58003,62477.0,6.4871,298.27,277.03,0.39158,0.0,,30,,1.2178,0.18789,,,0.20866,0,,0,0,1,96,96,1,96.0,21119.0
14.0,42,100,30,0.0,90.345,319.3,0.0001,0,0.7,0,0.55897,11.273,0.00096009,58021,62504.0,6.4839,298.27,277.02,0.40335,0.0,,30,,1.261,0.18727,,,0.21494,0,,0,0,1,96,96,1,96.0,21280.0
14.2,42,100,30,0.0,97.315,329.36,0.0001,0,0.7,0,0.37718,11.128,0.00095925,58041,62531.0,6.4806,298.24,270.04,0.41545,0.0,,30,,1.3078,0.1866,,,0.2214,0,,0,0,1,96,96,1,96.0,21275.0
14.4,42,100,30,0.0,105.61,330.49,0.0001,0,0.7,0,0.19156,11.039,0.00095838,58063,62561.0,6.478,298.25,271.47,0.42784,0.0,,30,,1.3427,0.18609,,,0.22801,0,,0,0,1,96,96,1,96.0,21936.0
14.6,42,100,30,0.0,114.92,341.67,0.0001,0,0.7,0,0.033913,11.551,0.00095749,58087,62592.0,6.4826,298.24,269.13,0.44018,0.0,,30,,1.2852,0.18686,,,0.23459,0,,0,0,1,96,96,1,96.0,20430.0
14.8,42,100,30,0.0,122.36,347.96,0.0001,0,0.7,0,0.0096969,12.823,0.00095658,58112,62625.0,6.5168,298.08,225.78,0.44989,0.0,,30,,0.84255,0.19293,,,0.23977,0,,0,0,1,96,96,1,96.0,22091.0
15.0,42,100,30,0.0,116.06,301.28,0.0001,0,0.7,0,0.0094288,12.822,0.00095573,58136,62656.0,6.5527,297.95,192.0,0.45721,0.0,,30,,0.72401,0.19453,,,0.24368,0,,0,0,1,96,96,1,96.0,21085.0
15.2,42,100,30,0.51698,58.029,262.02,0.0001,0,0.7,0,0.0094241,12.76,0.00095509,58148,62676.0,6.5708,297.88,172.55,0.46416,0.0,,30,,0.72343,0.19453,,,0.24739,0,,0,0,1,96,96,1,96.0,20746.0
15.4,42,100,30,1.0363,29.015,78.605,276.2,0,0.7,0,0.009522,12.712,0.00095451,58155,62691.0,6.5581,298.93,454.69,0.47107,0.0,,30,,0.73464,0.19436,,,0.25107,0,,0,0,1,96,96,1,96.0,22074.0
15.6,42,100,30,1.5588,14.507,437.2,27.62,0,0.7,0,0.0093569,12.7,0.00095398,58159,62702.0,6.5251,298.71,394.49,0.47797,0.0,,30,,0.72756,0.19444,,,0.25476,0,,0,0,1,96,96,1,96.0,20402.0
15.8,42,100,30,0.0,5.0687,386.9,2.762,0,0.7,0,0.0091783,12.679,0.00095353,58160,62711.0,6.484,298.44,323.5,0.48485,0.0,,30,,0.72771,0.19443,,,0.25843,0,,0,0,1,96,96,1,96.0,21896.0
16.0,42,100,30,0.0,12.032,323.9,0.2762,0,0.7,0,0.0090518,12.663,0.00095312,58163,62722.0,6.4565,298.26,275.55,0.49171,0.0,,30,,0.72662,0.19443,,,0.26209,0,,0,0,1,96,96,1,96.0,21724.0
16.2,42,100,75,0.0,29.93,280.9,0.02762,0,0.7,0,0.03305,11.221,0.00095236,58179,62749.0,6.4337,298.25,271.68,0.50043,0.0,,35,,1.0877,0.18948,,,0.26674,0,,0,0,1,96,96,1,96.0,21218.0
16.4,42,100,75,0.0,56.95,287.17,0.002762,0,0.7,0,0.033284,11.142,0.00095151,58200,62782.0,6.4357,298.24,269.19,0.51109,0.0,,35,,1.1944,0.18799,,,0.27243,0,,0,0,1,96,96,1,96.0,20712.0
16.6,42,100,75,0.0,83.126,293.46,0.0002762,0,0.7,0,0.030981,11.121,0.00095058,58226,62820.0,6.4493,298.22,264.4,0.5221,0.0,,35,,1.2154,0.18767,,,0.27831,0,,0,0,1,96,96,1,96.0,22206.0
16.8,42,100,75,0.0,103.88,296.4,0.0001,0,0.7,0,0.029226,11.098,0.00094958,58256,62862.0,6.4651,298.17,250.27,0.53314,0.0,,35,,1.2184,0.18761,,,0.2842,0,,0,0,1,96,96,1,96.0,22367.0
17.0,42,100,75,0.0,118.35,286.77,0.0001,0,0.7,0,0.026998,11.085,0.00094854,58290,62907.0,6.4802,298.11,235.39,0.54416,0.0,,35,,1.219,0.18758,,,0.29009,0,,0,0,1,96,96,1,96.0,21528.0
17.2,42,100,75,0.0,126.8,274.48,0.0001,0,0.7,0,0.025672,11.038,0.00094748,58325,62954.0,6.4938,298.07,222.56,0.55517,0.0,,35,,1.2303,0.18741,,,0.29596,0,,0,0,1,96,96,1,96.0,21356.0
17.4,42,100,75,0.0,129.82,262.77,0.0001,0,0.7,0,0.024615,11.015,0.00094641,58360,63001.0,6.5056,298.03,213.37,0.56614,0.0,,35,,1.2316,0.18737,,,0.30182,0,,0,0,1,96,96,1,96.0,22017.0
17.6,42,100,75,0.0,128.11,253.9,0.0001,0,0.7,0,0.02289,11.029,0.00094535,58396,63048.0,6.5166,298.01,206.56,0.57702,0.0,,35,,1.2307,0.18736,,,0.30763,0,,0,0,1,96,96,1,96.0,21844.0
17.8,42,100,75,0.0,121.99,246.69,0.0001,0,0.7,0,0.021931,10.988,0.00094431,58430,63093.0,6.5257,297.97,194.97,0.58781,0.0,,35,,1.2364,0.18726,,,0.31339,0,,0,0,1,96,96,1,96.0,20505.0
18.0,42,100,75,0.0,112.23,232.38,0.0001,0,0.7,0,0.02078,10.953,0.00094331,58462,63137.0,6.5332,297.95,189.96,0.59857,0.0,,35,,1.2461,0.18711,,,0.31913,0,,0,0,1,96,96,1,96.0,20499.0
18.2,42,100,75,0.0,99.477,69.713,237.91,0,0.7,0,0.020552,10.913,0.00094233,58491,63178.0,6.5387,298.96,464.05,0.60927,0.0,,35,,1.2547,0.18697,,,0.32485,0,,0,0,1,96,96,1,96.0,21994.0
18.4,42,100,75,0.0,84.521,417.63,23.791,0,0.7,0,0.020842,10.792,0.00094139,58518,63216.0,6.5403,298.73,402.49,0.62003,0.0,,35,,1.2842,0.18654,,,0.3306,0,,0,0,1,96,96,1,96.0,21988.0
18.6,42,100,75,0.0,68.925,367.53,2.3791,0,0.7,0,0.020568,10.711,0.00094052,58541,63251.0,6.5378,298.49,335.96,0.63088,0.0,,35,,1.3105,0.18616,,,0.33639,0,,0,0,1,96,96,1,96.0,21982.0
18.8,42,100,75,0.0,54.355,311.91,0.23791,0,0.7,0,0.019797,10.674,0.00093969,58562,63283.0,6.529,298.33,292.53,0.64177,0.0,,35,,1.3148,0.18608,,,0.34221,0,,0,0,1,96,96,1,96.0,22309.0
19.0,42,100,75,0.0,43.301,276.67,0.023791,0,0.7,0,0.018799,10.63,0.0009389,58580,63313.0,6.514,298.22,263.65,0.65267,0.0,,35,,1.3228,0.18594,,,0.34803,0,,0,0,1,96,96,1,96.0,21970.0
19.2,42,100,75,0.0,38.223,253.35,0.0023791,0,0.7,0,0.018634,10.528,0.00093814,58597,63342.0,6.4938,298.14,240.99,0.66361,0.0,,35,,1.3493,0.18556,,,0.35387,0,,0,0,1,96,96,1,96.0,20964.0
19.4,42,100,75,0.0,41.24,233.55,0.00023791,0,0.7,0,0.017491,10.508,0.00093736,58615,63371.0,6.4806,298.07,224.12,0.67458,0.0,,35,,1.3552,0.18545,,,0.35974,0,,0,0,1,96,96,1,96.0,20958.0
19.6,42,100,75,0.0,49.512,217.82,0.0001,0,0.7,0,0.016785,10.504,0.00093656,58634,63403.0,6.476,298.03,211.61,0.68553,0.0,,35,,1.3435,0.1856,,,0.36558,0,,0,0,1,96,96,1,96.0,20452.0
19.8,42,100,75,0.0,59.607,205.15,0.0001,0,0.7,0,0.016248,10.454,0.00093573,58656,63436.0,6.4782,298.0,203.52,0.69645,0.0,,35,,1.3581,0.18537,,,0.37142,0,,0,0,1,96,96,1,96.0,21447.0
20.0,42,100,75,0.0,68.823,196.27,0.0001,0,0.7,0,0.015388,10.459,0.00093487,58679,63471.0,6.4857,297.97,196.59,0.70732,0.0,,35,,1.3518,0.18544,,,0.37723,0,,0,0,1,96,96,1,96.0,20774.0
20.2,55,100,150,0.0,75.05,187.61,0.0001,0,0.7,0,0.05686,9.4213,0.00093376,58719,63528.0,6.4679,298.07,222.51,0.56799,0.0,,35,,1.6945,0.1865,,,0.39654,0,,0,0,1,96,96,1,96.0,20935.0
20.4,55,100,150,0.0,88.485,219.7,0.0001,0,0.7,0,0.054893,9.2892,0.0009326,58761,63587.0,6.4492,298.15,245.03,0.5708,0.0,,35,,1.7472,0.18594,,,0.3985,0,,0,0,1,96,96,1,96.0,20929.0
20.6,55,100,150,0.0,109.32,250.11,0.0001,0,0.7,0,0.051356,9.1532,0.00093137,58808,63650.0,6.4356,298.21,261.22,0.58212,0.0,,35,,1.7872,0.18549,,,0.40642,0,,0,0,1,96,96,1,96.0,21256.0
20.8,55,100,150,0.0,135.57,275.68,0.0001,0,0.7,0,0.046312,9.0702,0.00093006,58860,63718.0,6.4257,298.24,268.77,0.59413,0.0,,35,,1.8152,0.18517,,,0.41482,0,,0,0,1,96,96,1,96.0,20583.0
21.0,55,100,150,0.0,165.8,292.68,0.0001,0,0.7,0,0.042072,9.0034,0.00092865,58917,63793.0,6.4188,298.22,264.6,0.60629,0.0,,35,,1.8328,0.18497,,,0.42332,0,,0,0,1,96,96,1,96.0,20411.0
21.2,55,100,150,0.0,198.79,296.13,0.0001,0,0.7,0,0.038033,8.9323,0.00092714,58982,63874.0,6.4136,298.21,262.35,0.61857,0.0,,35,,1.855,0.18471,,,0.43191,0,,0,0,1,96,96,1,96.0,21405.0
21.4,55,100,150,0.0,225.0,301.76,0.0001,0,0.7,0,0.034251,8.9128,0.00092556,59051,63961.0,6.4104,298.2,257.11,0.63089,0.0,,35,,1.8628,0.1846,,,0.44052,0,,0,0,1,96,96,1,96.0,21232.0
21.6,55,100,150,0.0,225.0,303.26,0.0001,0,0.7,0,0.032023,8.8441,0.00092398,59121,64047.0,6.4083,298.16,248.09,0.64321,0.0,,35,,1.8801,0.18439,,,0.44914,0,,0,0,1,96,96,1,96.0,21726.0
21.8,55,100,150,0.0,225.0,299.35,0.0001,0,0.7,0,0.030113,8.7828,0.0009224,59190,64133.0,6.4067,298.12,235.71,0.65558,0.0,,35,,1.8907,0.18426,,,0.45779,0,,0,0,1,96,96,1,96.0,21220.0
22.0,55,100,150,0.0,225.0,290.11,0.0001,0,0.7,0,0.0275,8.7761,0.00092083,59260,64219.0,6.4064,298.09,228.67,0.66792,0.0,,35,,1.8938,0.1842,,,0.46642,0,,0,0,1,96,96,1,96.0,20714.0
22.2,55,100,150,0.0,225.0,286.01,0.0001,0,0.7,0,0.026218,8.6938,0.00091927,59330,64306.0,6.4063,298.08,225.86,0.68027,0.0,,35,,1.9078,0.18403,,,0.47507,0,,0,0,1,96,96,1,96.0,21041.0
22.4,55,100,150,0.0,225.0,286.1,0.0001,0,0.7,0,0.024865,8.6499,0.00091771,59399,64392.0,6.4065,298.07,221.57,0.69266,0.0,,35,,1.9159,0.18392,,,0.48373,0,,0,0,1,96,96,1,96.0,21035.0
22.6,55,100,150,0.0,225.0,283.86,0.0001,0,0.7,0,0.023612,8.607,0.00091615,59469,64478.0,6.4068,298.06,219.17,0.70506,0.0,,35,,1.9168,0.18389,,,0.49241,0,,0,0,1,96,96,1,96.0,21695.0
22.8,55,100,150,0.0,225.0,283.44,0.0001,0,0.7,0,0.022193,8.596,0.0009146,59538,64564.0,6.408,298.03,212.92,0.71742,0.0,,35,,1.9173,0.18386,,,0.50106,0,,0,0,1,96,96,1,96.0,21356.0
23.0,55,100,150,0.0,225.0,277.83,0.0001,0,0.7,0,0.020932,8.5942,0.00091305,59608,64650.0,6.4097,298.05,215.94,0.72971,0.0,,35,,1.9058,0.18396,,,0.50966,0,,0,0,1,96,96,1,96.0,20849.0
23.2,55,100,150,0.0,225.0,283.06,0.0001,0,0.7,0,0.020424,8.5318,0.00091151,59677,64736.0,6.4111,298.05,217.37,0.74198,0.0,,35,,1.9162,0.18383,,,0.51825,0,,0,0,1,96,96,1,96.0,21677.0
23.4,55,100,150,0.0,225.0,286.47,0.0001,0,0.7,0,0.019052,8.5477,0.00090996,59747,64822.0,6.413,298.04,215.7,0.75423,0.0,,35,,1.8974,0.18401,,,0.52682,0,,0,0,1,96,96,1,96.0,20670.0
23.6,55,100,150,0.0,225.0,286.25,0.0001,0,0.7,0,0.018758,8.4674,0.00090843,59817,64907.0,6.4144,298.07,223.66,0.76647,0.0,,35,,1.913,0.18382,,,0.53539,0,,0,0,1,96,96,1,96.0,21831.0
23.8,55,100,150,0.0,225.0,297.87,0.0001,0,0.7,0,0.018283,8.4237,0.0009069,59886,64993.0,6.4155,298.09,227.95,0.77874,0.0,,35,,1.9183,0.18374,,,0.54398,0,,0,0,1,96,96,1,96.0,20658.0
24.0,55,100,150,0.0,225.0,305.72,0.0001,0,0.7,0,0.018867,8.274,0.00090537,59956,65080.0,6.4151,298.09,226.99,0.79113,0.0,1209.7,35,1821.5,1.9553,0.18332,0.00091151,9.545,0.55265,0,22.091,0,0,1,96,96,1,96.0,21485.0
24.2,55,100,30,0.0,225.0,307.74,0.0001,0,0.7,0,0.002869,11.835,0.020979,60001,65133.0,6.4565,297.77,139.8,0.79882,0.0,,35,,0.95202,0.19382,,,0.55803,0,,0,0,1,96,96,1,96.0,21577.0
24.4,55,100,30,0.0,225.0,92.323,446.46,0,0.7,0,0.0029076,11.814,0.044315,60047,65187.0,6.496,299.22,544.12,0.80344,0.0,,35,,0.83564,0.19502,,,0.56127,0,,0,0,1,96,96,1,96.0,21185.0
24.6,55,100,30,0.0,225.0,586.87,44.646,0,0.7,0,0.0028712,11.801,0.067789,60092,65241.0,6.5315,298.52,347.56,0.80784,0.0,,35,,0.83149,0.19505,,,0.56435,0,,0,0,1,96,96,1,96.0,21461.0
24.8,55,100,30,0.0,212.91,378.63,4.4646,0,0.7,0,0.0028456,11.772,0.091703,60135,65292.0,6.5629,298.07,222.52,0.81221,0.0,,35,,0.83527,0.195,,,0.56741,0,,0,0,1,96,96,1,96.0,21406.0
25.0,55,100,30,0.51762,106.46,248.75,0.44646,0,0.7,0,0.0028816,11.607,0.11556,60157,65322.0,6.5881,297.83,154.16,0.81657,0.0,,35,,0.87671,0.19457,,,0.57046,0,,0,0,1,96,96,1,96.0,20683.0
25.2,55,100,30,1.0358,53.229,74.624,245.08,0,0.8,0,0.0028912,12.357,0.13968,60168,65342.0,6.5994,298.67,389.72,0.82094,0.0,,35,,0.90257,0.19429,,,0.57352,0,,0,0,1,96,96,1,96.0,21962.0
25.4,55,100,30,1.5555,26.614,360.9,24.508,0,0.8,0,0.0028626,12.295,0.16391,60174,65356.0,6.581,298.32,293.13,0.82529,0.0,,35,,0.91841,0.19412,,,0.57657,0,,0,0,1,96,96,1,96.0,22574.0
25.6,55,100,30,2.0783,13.307,260.36,2.4508,0,0.8,0,0.0027375,12.282,0.18948,60178,65368.0,6.5401,298.06,220.64,0.82959,0.0,,35,,0.91985,0.1941,,,0.57958,0,,0,0,1,96,96,1,96.0,21694.0
25.8,55,100,30,0.0,0.0,185.56,0.24508,0,0.8,0,0.00267,12.249,0.21592,60178,65377.0,6.4841,297.93,181.93,0.83382,0.0,,35,,0.92835,0.194,,,0.58254,0,,0,0,1,96,96,1,96.0,22650.0
26.0,55,100,30,0.0,6.9228,55.667,177.23,0,0.8,0,0.0026618,12.232,0.24272,60180,65387.0,6.4463,298.57,362.85,0.83801,0.0,,35,,0.93496,0.19392,,,0.58547,0,,0,0,1,96,96,1,96.0,22609.0
26.2,55,100,30,0.0,28.863,277.26,17.723,0,0.8,0,0.0026302,12.231,0.26998,60186,65401.0,6.4451,298.35,301.95,0.84216,0.0,,35,,0.94549,0.19381,,,0.58838,0,,0,0,1,96,96,1,96.0,23403.0
26.4,55,100,30,0.0,51.222,218.7,1.7723,0,0.8,0,0.0025828,12.245,0.29777,60197,65420.0,6.4688,298.17,250.83,0.84626,0.0,,35,,0.94765,0.19378,,,0.59125,0,,0,0,1,96,96,1,96.0,23033.0
26.6,55,100,30,0.0,64.139,170.54,0.17723,0,0.8,0,0.0025738,12.243,0.32574,60210,65442.0,6.4985,298.09,226.81,0.85034,0.0,,35,,0.9427,0.19382,,,0.59411,0,,0,0,1,96,96,1,96.0,22498.0
26.8,55,100,30,0.0,65.25,148.72,0.017723,0,0.8,0,0.0025425,12.233,0.35415,60224,65464.0,6.5258,298.03,211.61,0.85439,0.0,,35,,0.94256,0.19381,,,0.59695,0,,0,0,1,96,96,1,96.0,22797.0
27.0,55,100,30,0.0,55.458,133.83,0.0017723,0,0.8,0,0.0025625,12.188,0.38253,60235,65483.0,6.5474,298.0,202.64,0.85843,0.0,,35,,0.95496,0.19368,,,0.59977,0,,0,0,1,96,96,1,96.0,23930.0
27.2,55,100,30,0.0,37.048,124.36,0.00017723,0,0.8,0,0.0025143,12.164,0.41131,60243,65499.0,6.5545,297.99,198.79,0.86244,0.0,,35,,0.95587,0.19366,,,0.60258,0,,0,0,1,96,96,1,96.0,22899.0
27.4,55,100,30,0.52008,18.524,119.83,0.0001,0,0.8,0,0.0024597,12.139,0.44062,60248,65512.0,6.5329,297.98,197.24,0.86638,0.0,,35,,0.96004,0.19361,,,0.60534,0,,0,0,1,96,96,1,96.0,22870.0
27.6,55,100,30,0.0,5.9615,117.49,0.0001,0,0.8,0,0.002474,12.1,0.46997,60249,65522.0,6.49,297.99,200.42,0.87032,0.0,,35,,0.95657,0.19364,,,0.6081,0,,0,0,1,96,96,1,96.0,24007.0
27.8,55,100,30,0.0,10.56,120.69,0.0001,0,0.8,0,0.0024617,12.08,0.49946,60252,65533.0,6.4605,298.0,201.83,0.87425,0.0,,35,,0.96393,0.19355,,,0.61086,0,,0,0,1,96,96,1,96.0,24146.0
28.0,55,100,30,0.0,26.825,122.03,0.0001,0,0.8,0,0.0024747,12.094,0.5288,60258,65547.0,6.4596,298.0,202.27,0.87817,0.0,,35,,0.95431,0.19364,,,0.6136,0,,0,0,1,96,96,1,96.0,23783.0
28.2,55,100,37,0.0,43.403,122.4,0.0001,0,0.8,0,0.0029545,11.847,0.55417,60268,65566.0,6.4779,298.0,203.75,0.88243,0.0,,35,,1.0175,0.19298,,,0.61658,0,,0,0,1,96,96,1,96.0,23568.0
28.4,55,100,37,0.0,52.7,124.14,0.0001,0,0.8,0,0.0028758,11.879,0.58048,60281,65587.0,6.5013,298.01,205.54,0.88682,0.0,,35,,1.0096,0.19306,,,0.61966,0,,0,0,1,96,96,1,96.0,23858.0
28.6,55,100,37,0.0,52.667,126.44,0.0001,0,0.8,0,0.0028405,11.88,0.60744,60293,65608.0,6.5227,298.0,203.97,0.89116,0.0,,35,,1.0034,0.19311,,,0.6227,0,,0,0,1,96,96,1,96.0,24650.0
28.8,55,100,37,0.0,44.11,124.82,0.0001,0,0.8,0,0.0028658,11.823,0.63432,60304,65627.0,6.5358,298.0,201.68,0.89549,0.0,,35,,1.0193,0.19294,,,0.62573,0,,0,0,1,96,96,1,96.0,23776.0
29.0,55,100,37,0.0,30.327,122.2,0.0001,0,0.8,0,0.0028635,11.758,0.66129,60312,65643.0,6.5341,297.99,200.93,0.89984,0.0,,35,,1.0359,0.19276,,,0.62878,0,,0,0,1,96,96,1,96.0,23902.0
29.2,55,100,37,0.0,17.254,121.2,0.0001,0,0.8,0,0.0028343,11.717,0.68843,60317,65657.0,6.5116,297.99,201.09,0.90419,0.0,,35,,1.0433,0.19267,,,0.63183,0,,0,0,1,96,96,1,96.0,23862.0
29.4,55,100,37,0.0,13.211,121.16,0.0001,0,0.8,0,0.0027906,11.7,0.71613,60322,65670.0,6.4832,297.98,197.86,0.90851,0.0,,35,,1.047,0.19263,,,0.63485,0,,0,0,1,96,96,1,96.0,24992.0
29.6,55,100,37,0.0,20.452,116.96,0.0001,0,0.8,0,0.0028599,11.66,0.74339,60328,65685.0,6.4706,297.97,194.32,0.91287,0.0,,35,,1.0457,0.19263,,,0.63791,0,,0,0,1,96,96,1,96.0,24286.0
29.8,55,100,37,0.0,32.694,112.03,0.0001,0,0.8,0,0.0028638,11.639,0.77074,60336,65702.0,6.4777,297.97,193.26,0.91726,0.0,,35,,1.0509,0.19257,,,0.64098,0,,0,0,1,96,96,1,96.0,24914.0
30.0,55,100,37,0.0,42.088,109.68,0.0001,0,0.8,0,0.0029231,11.608,0.79779,60347,65721.0,6.4939,297.97,193.61,0.92168,0.0,,35,,1.0567,0.1925,,,0.64408,0,,0,0,1,96,96,1,96.0,25041.0
30.2,55,100,37,0.0,45.005,108.86,0.0001,0,0.9,0,0.0028872,12.447,0.82538,60358,65741.0,6.5116,297.96,192.71,0.92608,0.0,,35,,1.0521,0.19254,,,0.64716,0,,0,0,1,96,96,1,96.0,25836.0
30.4,55,100,37,0.0,40.875,106.52,0.0001,0,0.9,0,0.0028518,12.425,0.85342,60368,65759.0,6.5238,297.96,191.76,0.93046,0.0,,35,,1.0491,0.19256,,,0.65023,0,,0,0,1,96,96,1,96.0,24801.0
30.6,55,100,37,0.0,31.911,104.03,0.0001,0,0.9,0,0.0028178,12.384,0.882,60376,65776.0,6.5247,297.95,189.42,0.93483,0.0,,35,,1.0515,0.19253,,,0.65329,0,,0,0,1,96,96,1,96.0,25768.0
30.8,55,100,37,0.0,22.589,99.698,0.0001,0,0.9,0,0.0028184,12.325,0.91073,60382,65792.0,6.5099,297.95,188.48,0.9392,0.0,,35,,1.0672,0.19236,,,0.65636,0,,0,0,1,96,96,1,96.0,25236.0
31.0,55,100,37,0.0,19.188,29.909,108.82,0,0.9,0,0.0027297,12.314,0.94045,60388,65806.0,6.4901,298.41,317.63,0.94354,0.0,,35,,1.0736,0.19228,,,0.65939,0,,0,0,1,96,96,1,96.0,24709.0
31.2,55,100,37,0.0,23.686,186.63,10.882,0,0.9,0,0.0027665,12.275,0.97009,60395,65821.0,6.4804,298.3,287.66,0.94788,0.0,,35,,1.0764,0.19225,,,0.66243,0,,0,0,1,96,96,1,96.0,25182.0
31.4,55,100,37,0.0,32.015,161.71,1.0882,0,0.9,0,0.0027754,12.259,0.99967,60403,65838.0,6.4842,298.22,264.52,0.95224,0.0,,35,,1.0771,0.19223,,,0.66549,0,,0,0,1,96,96,1,96.0,25820.0
31.6,55,100,37,0.0,38.801,145.43,0.10882,0,0.9,0,0.0028048,12.231,1.0289,60413,65856.0,6.4955,298.16,248.61,0.95663,0.0,,35,,1.0774,0.19222,,,0.66856,0,,0,0,1,96,96,1,96.0,25791.0
31.8,55,100,37,0.0,41.109,134.76,0.010882,0,0.9,0,0.0027257,12.247,1.0592,60423,65875.0,6.5095,298.12,235.48,0.96098,0.0,,35,,1.0667,0.19232,,,0.67162,0,,0,0,1,96,96,1,96.0,27100.0
32.0,55,100,37,0.0,37.817,125.19,0.0010882,0,0.9,0,0.0027273,12.2,1.0897,60432,65893.0,6.5186,298.08,225.98,0.96533,0.0,,35,,1.0741,0.19224,,,0.67466,0,,0,0,1,96,96,1,96.0,26243.0
32.2,55,100,43,0.0,30.914,118.25,0.00010882,0,0.9,0,0.0032503,11.902,1.114,60441,65912.0,6.518,298.08,225.91,0.97006,0.0,,35,,1.1406,0.19154,,,0.67798,0,,0,0,1,96,96,1,96.0,27023.0
32.4,55,100,43,0.0,24.259,121.51,0.0001,0,0.9,0,0.0032504,11.854,1.1383,60449,65929.0,6.5064,298.08,224.73,0.97504,0.0,,35,,1.1495,0.19143,,,0.68147,0,,0,0,1,96,96,1,96.0,25635.0
32.6,55,100,43,0.0,22.272,123.16,0.0001,0,0.9,0,0.0032161,11.831,1.163,60457,65946.0,6.4921,298.08,224.7,0.98003,0.0,,35,,1.1505,0.19141,,,0.68496,0,,0,0,1,96,96,1,96.0,25917.0
32.8,55,100,43,0.0,25.945,126.08,0.0001,0,0.9,0,0.0031953,11.807,1.1883,60465,65963.0,6.4851,298.08,225.79,0.985,0.0,,35,,1.1576,0.19133,,,0.68845,0,,0,0,1,96,96,1,96.0,26868.0
33.0,55,100,43,0.0,32.415,130.34,0.0001,0,0.9,0,0.0031047,11.818,1.2148,60475,65982.0,6.4874,298.08,224.77,0.98991,0.0,,35,,1.1536,0.19136,,,0.69189,0,,0,0,1,96,96,1,96.0,27492.0
33.2,55,100,43,0.0,37.957,132.14,0.0001,0,0.9,0,0.0031086,11.804,1.2415,60485,66002.0,6.4952,298.07,223.24,0.99479,0.0,,35,,1.1546,0.19134,,,0.69531,0,,0,0,1,96,96,1,96.0,27617.0
33.4,55,100,43,0.0,40.385,133.23,0.0001,0,0.9,0,0.0030816,11.779,1.2687,60496,66022.0,6.5052,298.06,220.38,0.99963,0.0,,35,,1.1649,0.19123,,,0.69871,0,,0,0,1,96,96,1,96.0,26744.0
33.6,55,100,43,0.0,38.806,132.5,0.0001,0,0.9,0,0.0030469,11.761,1.2966,60507,66042.0,6.5129,298.06,219.5,1.0045,0.0,,35,,1.164,0.19123,,,0.70209,0,,0,0,1,96,96,1,96.0,27874.0
33.8,55,100,43,0.0,34.171,133.85,0.0001,0,0.9,0,0.0029125,11.761,1.3262,60517,66061.0,6.5146,298.05,216.87,1.0092,0.0,,35,,1.1766,0.19109,,,0.70539,0,,0,0,1,96,96,1,96.0,28013.0
34.0,55,100,43,0.0,28.882,132.89,0.0001,0,0.9,0,0.0029894,11.687,1.3553,60526,66080.0,6.5086,298.05,216.56,1.0139,0.0,,35,,1.192,0.19092,,,0.7087,0,,0,0,1,96,96,1,96.0,27650.0
34.2,55,100,43,0.0,25.974,134.47,0.0001,0,0.9,0,0.0030089,11.633,1.3844,60534,66097.0,6.4981,298.04,214.28,1.0187,0.0,,35,,1.2051,0.19077,,,0.71204,0,,0,0,1,96,96,1,96.0,27286.0
34.4,55,100,43,0.0,27.288,133.52,0.0001,0,0.9,0,0.0029897,11.59,1.4139,60543,66115.0,6.4897,298.02,208.54,1.0234,0.0,,35,,1.2171,0.19064,,,0.71539,0,,0,0,1,96,96,1,96.0,27925.0
34.6,55,100,43,0.0,31.926,128.11,0.0001,0,0.9,0,0.0029337,11.594,1.4444,60552,66134.0,6.489,298.0,203.46,1.0282,0.0,,35,,1.2115,0.19069,,,0.71871,0,,0,0,1,96,96,1,96.0,28568.0
34.8,55,100,43,0.0,36.83,122.82,0.0001,0,0.9,0,0.0029226,11.581,1.4752,60563,66153.0,6.4943,297.99,199.27,1.0329,0.0,,35,,1.2103,0.19069,,,0.72203,0,,0,0,1,96,96,1,96.0,28380.0
35.0,55,100,43,0.0,39.616,117.94,0.0001,0,0.9,0,0.00291,11.534,1.5065,60574,66174.0,6.5016,297.97,194.28,1.0376,0.0,,35,,1.2308,0.19047,,,0.72533,0,,0,0,1,96,96,1,96.0,29027.0
35.2,55,100,43,0.0,39.493,111.5,0.0001,0,0.9,0,0.0029083,11.511,1.538,60585,66194.0,6.5074,297.97,193.53,1.0423,0.0,,35,,1.2298,0.19047,,,0.72864,0,,0,0,1,96,96,1,96.0,28508.0
35.4,55,100,43,0.0,37.048,109.6,0.0001,0,0.9,0,0.0029277,11.473,1.5696,60595,66214.0,6.509,297.98,195.86,1.0471,0.0,,35,,1.2286,0.19047,,,0.73195,0,,0,0,1,96,96,1,96.0,28490.0
35.6,55,100,43,0.0,33.974,111.24,0.0001,0,0.9,0,0.0029121,11.445,1.6016,60605,66233.0,6.5064,297.98,196.83,1.0518,0.0,,35,,1.2365,0.19038,,,0.73527,0,,0,0,1,96,96,1,96.0,28641.0
35.8,55,100,43,0.0,31.951,111.46,0.0001,0,0.9,0,0.0028448,11.437,1.6347,60615,66252.0,6.501,297.98,196.73,1.0565,0.0,,35,,1.2374,0.19036,,,0.73854,0,,0,0,1,96,96,1,96.0,29131.0
36.0,55,100,43,0.0,32.087,110.54,0.0001,0,0.9,0,0.0028937,11.391,1.6673,60624,66271.0,6.4967,297.98,196.82,1.0611,0.0,726.6,35,1755.1,1.2467,0.19026,1.538,13.325,0.74182,0,35.977,0,0,1,96,96,1,96.0,27950.0
36.2,55,100,47,0.0,33.91,109.85,0.0001,0,0.9,0,0.0032798,11.167,1.6941,60635,66291.0,6.4947,297.99,199.07,1.0661,0.0,,35,,1.2989,0.18971,,,0.7453,0,,0,0,1,96,96,1,96.0,29576.0
36.4,55,100,47,0.0,36.531,111.82,0.0001,0,0.9,0,0.0031031,11.215,1.7233,60646,66312.0,6.497,297.99,200.17,1.0711,0.0,,35,,1.2917,0.18977,,,0.74883,0,,0,0,1,96,96,1,96.0,29713.0
36.6,55,100,47,0.0,38.235,112.62,0.0001,0,0.9,0,0.0030037,11.243,1.7542,60658,66333.0,6.5004,297.99,199.48,1.076,0.0,,35,,1.2792,0.18989,,,0.75226,0,,0,0,1,96,96,1,96.0,29024.0
36.8,55,100,47,0.0,38.606,111.4,0.0001,0,0.9,0,0.003098,11.137,1.784,60669,66354.0,6.5034,298.0,201.35,1.081,0.0,,35,,1.3138,0.18952,,,0.75572,0,,0,0,1,96,96,1,96.0,29831.0
37.0,55,100,47,0.0,37.759,113.28,0.0001,0,0.9,0,0.0030952,11.127,1.8139,60681,66375.0,6.5048,298.0,202.77,1.0859,0.0,,35,,1.3088,0.18957,,,0.75919,0,,0,0,1,96,96,1,96.0,30305.0
37.2,55,100,47,0.0,36.364,114.78,0.0001,0,0.9,0,0.0030838,11.103,1.844,60692,66395.0,6.5044,298.0,203.34,1.0909,0.0,,35,,1.2997,0.18965,,,0.76267,0,,0,0,1,96,96,1,96.0,28946.0
37.4,55,100,47,0.0,35.144,115.44,0.0001,0,0.9,0,0.0029485,11.127,1.8763,60703,66416.0,6.5038,298.0,202.41,1.0957,0.0,,35,,1.2916,0.18973,,,0.76609,0,,0,0,1,96,96,1,96.0,29265.0
37.6,55,100,47,0.0,34.13,114.38,0.0001,0,0.9,0,0.0028468,11.124,1.9103,60713,66436.0,6.5029,297.99,199.96,1.1005,0.0,,35,,1.2918,0.18971,,,0.76944,0,,0,0,1,96,96,1,96.0,29092.0
37.8,55,100,47,0.0,33.508,111.38,0.0001,0,0.9,0,0.0028475,11.088,1.9445,60724,66456.0,6.5006,298.0,202.09,1.1053,0.0,,35,,1.3004,0.18962,,,0.77276,0,,0,0,1,96,96,1,96.0,30253.0
38.0,55,100,47,0.0,33.78,113.68,0.0001,0,0.9,0,0.0027831,11.075,1.9798,60735,66476.0,6.4988,298.0,203.14,1.11,0.0,,35,,1.3038,0.18957,,,0.77605,0,,0,0,1,96,96,1,96.0,30087.0
38.2,55,100,47,0.0,34.769,114.82,0.0001,0,0.9,0,0.0027498,11.051,2.016,60745,66497.0,6.5001,298.0,202.78,1.1146,0.0,,35,,1.3027,0.18957,,,0.77933,0,,0,0,1,96,96,1,96.0,30925.0
38.4,55,100,47,0.0,35.24,114.41,0.0001,0,0.9,0,0.0027072,11.026,2.053,60756,66517.0,6.5009,297.99,201.13,1.1193,0.0,,35,,1.3077,0.18951,,,0.7826,0,,0,0,1,96,96,1,96.0,31267.0
38.6,55,100,47,0.0,35.387,112.42,0.0001,0,0.9,0,0.0026426,11.006,2.0911,60767,66537.0,6.5014,297.99,199.69,1.1239,0.0,,35,,1.3124,0.18946,,,0.78585,0,,0,0,1,96,96,1,96.0,31947.0
38.8,55,100,47,0.0,35.351,110.5,0.0001,0,0.9,0,0.0025975,11.007,2.1297,60778,66558.0,6.5023,297.98,198.16,1.1285,0.0,,35,,1.3071,0.1895,,,0.78905,0,,0,0,1,96,96,1,96.0,30463.0
39.0,55,100,47,0.0,34.949,108.29,0.0001,0,0.9,0,0.0025784,10.993,2.1687,60789,66578.0,6.5036,297.98,198.23,1.133,0.0,,35,,1.3013,0.18955,,,0.79224,0,,0,0,1,96,96,1,96.0,31982.0
39.2,55,100,47,0.0,34.032,107.81,0.0001,0,0.9,0,0.00252,10.992,2.2085,60800,66598.0,6.5052,297.99,199.53,1.1375,0.0,,35,,1.299,0.18957,,,0.7954,0,,0,0,1,96,96,1,96.0,31337.0
39.4,55,100,47,0.0,32.453,108.79,0.0001,0,0.9,0,0.0025364,10.934,2.2481,60810,66618.0,6.5042,298.0,201.77,1.142,0.0,,35,,1.311,0.18943,,,0.79856,0,,0,0,1,96,96,1,96.0,32025.0
39.6,55,100,47,0.0,31.314,111.06,0.0001,0,0.9,0,0.0025146,10.932,2.2881,60820,66638.0,6.5021,297.99,199.85,1.1465,0.0,,35,,1.3045,0.18949,,,0.80171,0,,0,0,1,96,96,1,96.0,31548.0
39.8,55,100,47,0.0,31.016,108.55,0.0001,0,0.9,0,0.0024801,10.922,2.3285,60830,66657.0,6.5011,297.99,199.84,1.151,0.0,,35,,1.3069,0.18946,,,0.80482,0,,0,0,1,96,96,1,96.0,33073.0
40.0,55,100,47,0.0,31.076,108.2,0.0001,0,0.9,0,0.002437,10.926,2.3694,60840,66676.0,6.4996,297.98,196.0,1.1554,0.0,,35,,1.3049,0.18947,,,0.8079,0,,0,0,1,96,96,1,96.0,31768.0
40.2,60,100,51,0.0,31.746,103.17,0.0001,0,1.1,0,0.0027296,12.572,2.4071,60853,66699.0,6.4978,297.98,197.9,1.0709,10.0,,35,,1.3278,0.19055,,,0.81672,0,,0,0,1,96,96,1,96.0,31613.0
40.4,60,100,51,0.0,33.141,104.68,0.0001,0,1.1,0,0.0027606,12.509,2.4444,60867,66722.0,6.4974,297.99,198.67,1.0709,10.0,,35,,1.329,0.19054,,,0.81671,0,,0,0,1,96,96,1,96.0,32290.0
40.6,60,100,51,0.0,34.691,104.93,0.0001,0,1.1,0,0.0027354,12.515,2.4821,60880,66746.0,6.4973,297.99,199.48,1.075,10.0,,35,,1.316,0.19065,,,0.81989,0,,0,0,1,96,96,1,96.0,32302.0
40.8,60,100,51,0.0,36.287,105.36,0.0001,0,1.1,0,0.0027559,12.469,2.5196,60894,66769.0,6.4994,297.99,200.27,1.0794,10.0,,35,,1.3256,0.19055,,,0.82326,0,,0,0,1,96,96,1,96.0,33146.0
41.0,60,100,51,0.0,37.053,105.88,0.0001,0,1.1,0,0.0027772,12.425,2.557,60908,66793.0,6.5023,297.99,200.17,1.0839,10.0,,35,,1.3279,0.19052,,,0.82667,0,,0,0,1,96,96,1,96.0,33823.0
41.2,60,100,51,0.0,36.661,105.4,0.0001,0,1.1,0,0.0027689,12.392,2.5945,60922,66817.0,6.5048,298.0,201.32,1.0884,10.0,,35,,1.3358,0.19044,,,0.83009,0,,0,0,1,96,96,1,96.0,33334.0
41.4,60,100,51,0.0,35.255,106.47,0.0001,0,1.1,0,0.002752,12.35,2.6324,60936,66841.0,6.5065,298.0,203.65,1.0928,10.0,,35,,1.3445,0.19035,,,0.83352,0,,0,0,1,96,96,1,96.0,32846.0
41.6,60,100,51,0.0,33.177,109.08,0.0001,0,1.1,0,0.0027225,12.316,2.671,60949,66864.0,6.505,298.0,203.17,1.0973,10.0,,35,,1.3549,0.19024,,,0.83693,0,,0,0,1,96,96,1,96.0,34363.0
41.8,60,100,51,0.0,31.712,108.56,0.0001,0,1.1,0,0.0026974,12.283,2.7099,60962,66887.0,6.5021,298.0,203.94,1.1018,10.0,,35,,1.3683,0.1901,,,0.84033,0,,0,0,1,96,96,1,96.0,33714.0
42.0,60,100,51,0.0,31.39,109.56,0.0001,0,1.1,0,0.0027405,12.223,2.7484,60975,66910.0,6.4992,298.01,206.87,1.1062,10.0,,35,,1.3814,0.18997,,,0.84375,0,,0,0,1,96,96,1,96.0,34063.0
42.2,60,100,51,0.0,32.219,113.25,0.0001,0,1.1,0,0.0026522,12.267,2.7883,60988,66932.0,6.4987,298.01,205.85,1.1106,10.0,,35,,1.3643,0.19012,,,0.84712,0,,0,0,1,96,96,1,96.0,34419.0
42.4,60,100,51,0.0,33.257,112.48,0.0001,0,1.1,0,0.0025728,12.273,2.8295,61002,66956.0,6.5008,298.02,207.21,1.1149,10.0,,35,,1.3649,0.19011,,,0.85043,0,,0,0,1,96,96,1,96.0,34448.0
42.6,60,100,51,0.0,33.431,114.57,0.0001,0,1.1,0,0.0025173,12.258,2.8713,61015,66979.0,6.503,298.01,206.52,1.1192,10.0,,35,,1.3637,0.19011,,,0.85369,0,,0,0,1,96,96,1,96.0,35147.0
42.8,60,100,51,0.0,32.76,114.28,0.0001,0,1.1,0,0.0025451,12.222,2.9128,61028,67002.0,6.5047,298.02,207.71,1.1235,10.0,,35,,1.3587,0.19015,,,0.85697,0,,0,0,1,96,96,1,96.0,34011.0
43.0,60,100,51,0.0,31.399,116.24,0.0001,0,1.1,0,0.0024728,12.243,2.9552,61041,67024.0,6.5048,298.01,206.52,1.1277,10.0,,35,,1.3493,0.19023,,,0.86022,0,,0,0,1,96,96,1,96.0,34045.0
43.2,60,100,51,0.0,30.009,115.43,0.0001,0,1.1,0,0.0024661,12.231,2.9977,61054,67047.0,6.5022,298.01,204.88,1.1319,10.0,,35,,1.3406,0.19031,,,0.86343,0,,0,0,1,96,96,1,96.0,35248.0
43.4,60,100,51,0.0,29.654,113.97,0.0001,0,1.1,0,0.0024088,12.262,3.0409,61066,67069.0,6.4985,298.02,207.45,1.1361,10.0,,35,,1.3157,0.19054,,,0.86662,0,,0,0,1,96,96,1,96.0,35619.0
43.6,60,100,51,0.0,30.762,117.41,0.0001,0,1.1,0,0.0023783,12.257,3.0845,61079,67092.0,6.4975,298.02,208.09,1.1402,10.0,,35,,1.311,0.19057,,,0.86976,0,,0,0,1,96,96,1,96.0,35160.0
43.8,60,100,51,0.0,32.268,118.73,0.0001,0,1.1,0,0.0023688,12.24,3.1282,61092,67114.0,6.4985,298.03,210.14,1.1443,10.0,,35,,1.3095,0.19058,,,0.8729,0,,0,0,1,96,96,1,96.0,35535.0
44.0,60,100,51,0.0,33.369,121.9,0.0001,0,1.1,0,0.0023981,12.206,3.1718,61105,67137.0,6.5008,298.03,210.66,1.1484,10.0,,35,,1.3129,0.19054,,,0.87604,0,,0,0,1,96,96,1,96.0,36242.0
44.2,60,100,57,0.0,33.563,123.45,0.0001,0,1.1,0,0.0026528,11.988,3.213,61120,67162.0,6.5018,298.04,215.15,1.1528,10.0,,35,,1.3583,0.1901,,,0.87937,0,,0,0,1,96,96,1,96.0,37105.0
44.4,60,100,57,0.0,33.378,129.9,0.0001,0,1.1,0,0.0026439,11.961,3.2544,61134,67187.0,6.5031,298.04,215.04,1.1572,10.0,,35,,1.3637,0.19004,,,0.88278,0,,0,0,1,96,96,1,96.0,37135.0
44.6,60,100,57,0.0,32.663,131.28,0.0001,0,1.1,0,0.0026006,11.962,3.2965,61149,67211.0,6.5032,298.04,215.56,1.1617,10.0,,35,,1.3587,0.19008,,,0.88617,0,,0,0,1,96,96,1,96.0,36335.0
44.8,60,100,57,0.0,31.922,133.53,0.0001,0,1.1,0,0.0025173,11.978,3.3398,61163,67235.0,6.5033,298.04,214.59,1.166,10.0,,35,,1.3517,0.19014,,,0.88951,0,,0,0,1,96,96,1,96.0,36874.0
45.0,60,100,57,0.0,31.104,134.04,0.0001,0,1.1,0,0.0025139,11.947,3.3834,61177,67259.0,6.5024,298.04,215.43,1.1704,10.0,,35,,1.349,0.19015,,,0.89283,0,,0,0,1,96,96,1,96.0,37249.0
45.2,60,100,57,0.0,30.649,136.63,0.0001,0,1.1,0,0.0024938,11.914,3.4277,61191,67283.0,6.5014,298.04,214.13,1.1747,10.0,,35,,1.3513,0.19012,,,0.89615,0,,0,0,1,96,96,1,96.0,37793.0
45.4,60,100,57,0.0,30.593,136.71,0.0001,0,1.1,0,0.0024693,11.896,3.4721,61205,67307.0,6.5001,298.04,214.28,1.179,10.0,,35,,1.3551,0.19008,,,0.89946,0,,0,0,1,96,96,1,96.0,36837.0
45.6,60,100,57,0.0,31.082,138.42,0.0001,0,1.1,0,0.0024618,11.856,3.5162,61219,67331.0,6.4994,298.04,213.7,1.1833,10.0,,35,,1.3631,0.18999,,,0.90278,0,,0,0,1,96,96,1,96.0,37714.0
45.8,60,100,57,0.0,31.845,139.24,0.0001,0,1.1,0,0.0024434,11.844,3.5608,61233,67355.0,6.5,298.04,213.29,1.1877,10.0,,35,,1.366,0.18996,,,0.90608,0,,0,0,1,96,96,1,96.0,38759.0
46.0,60,100,57,0.0,32.353,140.21,0.0001,0,1.1,0,0.0023955,11.851,3.6058,61247,67380.0,6.5008,298.03,210.75,1.1919,10.0,,35,,1.3671,0.18994,,,0.90934,0,,0,0,1,96,96,1,96.0,37807.0
46.2,60,100,57,0.0,32.538,138.55,0.0001,0,1.1,0,0.0023651,11.86,3.6511,61262,67404.0,6.5023,298.02,207.93,1.1961,10.0,,35,,1.3565,0.19003,,,0.91256,0,,0,0,1,96,96,1,96.0,37689.0
46.4,60,100,57,0.0,32.122,136.27,0.0001,0,1.1,0,0.0023015,11.9,3.6972,61276,67428.0,6.5041,298.01,206.27,1.2003,10.0,,35,,1.3426,0.19016,,,0.91572,0,,0,0,1,96,96,1,96.0,38742.0
46.6,60,100,57,0.0,31.012,135.04,0.0001,0,1.1,0,0.0022387,11.916,3.7439,61290,67452.0,6.5047,298.0,203.49,1.2043,10.0,,35,,1.329,0.19028,,,0.91881,0,,0,0,1,96,96,1,96.0,39132.0
46.8,60,100,57,0.0,29.646,132.21,0.0001,0,1.1,0,0.002199,11.894,3.7909,61304,67476.0,6.5036,297.99,200.11,1.2083,10.0,,35,,1.3331,0.19023,,,0.92188,0,,0,0,1,96,96,1,96.0,40023.0
47.0,60,100,57,0.0,28.725,128.34,0.0001,0,1.1,0,0.00217,11.88,3.8382,61317,67499.0,6.5017,297.98,198.16,1.2123,10.0,,35,,1.3398,0.19016,,,0.92491,0,,0,0,1,96,96,1,96.0,39248.0
47.2,60,100,57,0.0,28.587,125.74,0.0001,0,1.1,0,0.002195,11.821,3.8853,61331,67522.0,6.5005,297.97,195.37,1.2163,10.0,,35,,1.3486,0.19007,,,0.92797,0,,0,0,1,96,96,1,96.0,38973.0
47.4,60,100,57,0.0,28.893,121.86,0.0001,0,1.1,0,0.0021981,11.776,3.9325,61345,67546.0,6.5,297.97,193.21,1.2203,10.0,,35,,1.3626,0.18993,,,0.93105,0,,0,0,1,96,96,1,96.0,39864.0
47.6,60,100,57,0.0,29.402,118.39,0.0001,0,1.1,0,0.0021584,11.784,3.9799,61358,67569.0,6.4991,297.96,191.21,1.2243,10.0,,35,,1.3644,0.1899,,,0.93409,0,,0,0,1,96,96,1,96.0,40757.0
47.8,60,100,57,0.0,30.28,114.81,0.0001,0,1.1,0,0.0021776,11.732,4.0271,61372,67593.0,6.4998,297.96,190.29,1.2283,10.0,,35,,1.3704,0.18984,,,0.93715,0,,0,0,1,96,96,1,96.0,39649.0
48.0,60,100,57,0.0,30.891,112.26,0.0001,0,1.1,0,0.0020967,11.789,4.0742,61386,67617.0,6.501,297.96,190.44,1.2322,10.0,712.29,35,1803.8,1.354,0.18999,3.8853,16.827,0.94017,0,50.447,0,0,1,96,96,1,96.0,40207.0
48.2,60,100,61,0.0,30.994,110.85,0.0001,0,1.1,0,0.002268,11.589,4.1203,61401,67642.0,6.5004,297.97,192.69,1.2363,10.0,,35,,1.3949,0.18959,,,0.9433,0,,0,0,1,96,96,1,96.0,40926.0
48.4,60,100,61,0.0,31.354,111.94,0.0001,0,1.1,0,0.0022452,11.584,4.1669,61416,67667.0,6.4997,297.97,195.01,1.2404,10.0,,35,,1.3967,0.18956,,,0.94647,0,,0,0,1,96,96,1,96.0,41149.0
48.6,60,100,61,0.0,31.999,113.36,0.0001,0,1.1,0,0.0022601,11.546,4.2134,61431,67692.0,6.4998,297.99,198.76,1.2446,10.0,,35,,1.4085,0.18944,,,0.94965,0,,0,0,1,96,96,1,96.0,40870.0
48.8,60,100,61,0.0,32.599,116.8,0.0001,0,1.1,0,0.0022475,11.541,4.2601,61446,67717.0,6.5024,297.99,200.61,1.2487,10.0,,35,,1.4011,0.18951,,,0.95282,0,,0,0,1,96,96,1,96.0,40259.0
49.0,60,100,61,0.0,32.148,118.4,0.0001,0,1.1,0,0.0022245,11.53,4.3068,61461,67742.0,6.5035,298.0,201.66,1.2528,10.0,,35,,1.3982,0.18953,,,0.95597,0,,0,0,1,96,96,1,96.0,41815.0
49.2,60,100,61,0.0,31.278,119.35,0.0001,0,1.1,0,0.0022228,11.501,4.3537,61476,67767.0,6.5038,298.01,206.96,1.2569,10.0,,35,,1.401,0.18949,,,0.95912,0,,0,0,1,96,96,1,96.0,41872.0
49.4,60,100,61,0.0,30.263,125.52,0.0001,0,1.1,0,0.0021932,11.482,4.4006,61491,67791.0,6.5025,298.02,209.4,1.261,10.0,,35,,1.405,0.18945,,,0.96226,0,,0,0,1,96,96,1,96.0,42263.0
49.6,60,100,61,0.0,29.77,128.86,0.0001,0,1.1,0,0.0022369,11.435,4.4477,61505,67816.0,6.4994,298.03,210.27,1.2651,10.0,,35,,1.4081,0.18941,,,0.96541,0,,0,0,1,96,96,1,96.0,42320.0
49.8,60,100,61,0.0,30.551,130.72,0.0001,0,1.1,0,0.0021634,11.452,4.4954,61520,67841.0,6.4981,298.02,209.84,1.2692,10.0,,35,,1.4107,0.18938,,,0.96852,0,,0,0,1,96,96,1,96.0,41882.0
50.0,60,100,61,0.0,31.832,131.17,0.0001,0,1.1,0,0.0021676,11.418,4.5433,61535,67866.0,6.4974,298.04,213.03,1.2733,10.0,,35,,1.4131,0.18935,,,0.97162,0,,0,0,1,96,96,1,96.0,42943.0
50.2,60,100,61,0.0,33.387,135.92,0.0001,500,1.1,0,0.0020672,13.034,4.5841,61650,67991.0,6.4945,297.91,175.95,1.2772,10.0,,35,,1.0628,0.19266,,,0.97465,0,,0,0,1,96,96,1,96.0,42476.0
50.4,60,100,61,0.0,36.103,40.775,195.68,500,1.1,0,0.0020564,13.084,4.6248,61766,68116.0,6.4959,298.5,348.74,1.2811,10.0,,35,,1.0159,0.19309,,,0.97763,0,,0,0,1,96,96,1,96.0,43509.0
50.6,60,100,61,0.0,38.264,244.2,19.568,500,1.1,0,0.0021129,13.036,4.6653,61882,68242.0,6.4985,298.31,292.65,1.285,10.0,,35,,1.0305,0.19295,,,0.98065,0,,0,0,1,96,96,1,96.0,43708.0
50.8,60,100,61,0.0,39.368,191.92,1.9568,500,1.1,0,0.002156,13.013,4.7055,61998,68369.0,6.5013,298.13,239.63,1.2891,10.0,,35,,1.0364,0.19289,,,0.98372,0,,0,0,1,96,96,1,96.0,43405.0
51.0,60,100,61,0.0,39.353,142.08,0.19568,500,1.1,0,0.0021402,13.004,4.7456,62115,68495.0,6.5036,298.01,205.27,1.2931,10.0,,35,,1.0548,0.1927,,,0.98682,0,,0,0,1,96,96,1,96.0,42935.0
51.2,60,100,61,0.0,38.433,107.56,0.019568,500,1.1,0,0.0021264,13.032,4.786,62231,68622.0,6.5026,297.92,179.08,1.2971,10.0,,35,,1.0514,0.19273,,,0.9899,0,,0,0,1,96,96,1,96.0,44133.0
51.4,60,100,61,0.0,37.939,32.268,120.84,500,1.1,0,0.0021026,13.053,4.8266,62347,68748.0,6.5007,298.29,288.21,1.3011,10.0,,35,,1.0509,0.19273,,,0.99296,0,,0,0,1,96,96,1,96.0,44665.0
51.6,60,100,61,0.0,38.189,158.79,12.084,500,1.1,0,0.0021045,13.08,4.8669,62463,68874.0,6.4997,298.18,255.52,1.3051,10.0,,35,,1.0456,0.19277,,,0.99602,0,,0,0,1,96,96,1,96.0,44363.0
51.8,60,100,61,0.0,38.845,128.5,1.2084,500,1.1,0,0.002088,13.097,4.9073,62579,69000.0,6.499,298.08,224.82,1.3091,10.0,,35,,1.0456,0.19276,,,0.99907,0,,0,0,1,96,96,1,96.0,43394.0
52.0,60,100,61,0.0,39.781,100.09,0.12084,500,1.1,0,0.0020658,13.111,4.9476,62696,69126.0,6.4991,298.0,201.79,1.3131,10.0,,35,,1.0552,0.19266,,,1.0021,0,,0,0,1,96,96,1,96.0,45425.0
52.2,60,100,65,0.0,40.651,76.768,0.012084,500,1.1,0,0.002227,12.96,4.9873,62813,69254.0,6.4982,297.96,188.7,1.3172,10.0,,35,,1.0906,0.19232,,,1.0053,0,,0,0,1,96,96,1,96.0,43786.0
52.4,60,100,65,0.0,41.885,62.002,0.0012084,500,1.1,0,0.0022189,13.001,5.027,62931,69382.0,6.499,297.92,179.18,1.3214,10.0,,35,,1.0855,0.19236,,,1.0085,0,,0,0,1,96,96,1,96.0,45315.0
52.6,60,100,65,0.0,42.806,18.601,75.998,500,1.1,0,0.0022408,13.002,5.0667,63049,69510.0,6.5,298.18,253.85,1.3256,10.0,,35,,1.0889,0.19232,,,1.0117,0,,0,0,1,96,96,1,96.0,46176.0
52.8,60,100,65,0.0,43.312,103.08,7.5998,500,1.1,0,0.0021862,13.053,5.1066,63167,69639.0,6.5019,298.13,239.74,1.3298,10.0,,35,,1.0822,0.19237,,,1.015,0,,0,0,1,96,96,1,96.0,44871.0
53.0,60,100,65,0.0,43.056,91.331,0.75998,500,1.1,0,0.0021527,13.107,5.1465,63284,69767.0,6.5032,298.07,223.03,1.334,10.0,,35,,1.0755,0.19243,,,1.0181,0,,0,0,1,96,96,1,96.0,45567.0
53.2,60,100,65,0.0,42.282,77.061,0.075998,500,1.1,0,0.0021674,13.08,5.1864,63402,69895.0,6.5037,298.03,211.24,1.3381,10.0,,35,,1.0854,0.19233,,,1.0213,0,,0,0,1,96,96,1,96.0,45763.0
53.4,60,100,65,0.0,41.321,66.486,0.0075998,500,1.1,0,0.0021509,13.104,5.2263,63520,70022.0,6.503,298.0,201.58,1.3422,10.0,,35,,1.0903,0.19227,,,1.0245,0,,0,0,1,96,96,1,96.0,46292.0
53.6,60,100,65,0.0,40.646,56.787,0.00075998,500,1.1,0,0.0021415,13.122,5.2658,63637,70150.0,6.5023,297.97,194.14,1.3463,10.0,,35,,1.0987,0.19219,,,1.0276,0,,0,0,1,96,96,1,96.0,45985.0
53.8,60,100,65,0.0,40.259,48.416,0.0001,500,1.1,0,0.0021015,13.188,5.3056,63754,70277.0,6.5004,297.95,187.1,1.3504,10.0,,35,,1.08,0.19236,,,1.0307,0,,0,0,1,96,96,1,96.0,45847.0
54.0,60,100,65,0.0,40.628,39.516,0.0001,500,1.1,0,0.0020832,13.225,5.3455,63872,70405.0,6.4977,297.93,182.26,1.3544,10.0,,35,,1.066,0.19248,,,1.0338,0,,0,0,1,96,96,1,96.0,46042.0
54.2,60,100,65,0.0,42.085,11.855,51.509,500,1.1,0,0.0020533,13.254,5.3856,63989,70533.0,6.4961,298.1,232.9,1.3584,10.0,,35,,1.0708,0.19243,,,1.0368,0,,0,0,1,96,96,1,96.0,47239.0
54.4,60,100,65,0.0,44.168,67.724,5.1509,500,1.1,0,0.0020372,13.283,5.4258,64107,70661.0,6.4962,298.07,223.08,1.3624,10.0,,35,,1.0587,0.19253,,,1.0399,0,,0,0,1,96,96,1,96.0,47769.0
54.6,60,100,65,0.0,46.199,59.077,0.51509,500,1.1,0,0.0020296,13.301,5.466,64225,70789.0,6.4978,298.03,212.07,1.3663,10.0,,35,,1.0587,0.19252,,,1.0429,0,,0,0,1,96,96,1,96.0,46466.0
54.8,60,100,65,0.0,47.58,49.377,0.051509,500,1.1,0,0.0020205,13.324,5.5063,64344,70918.0,6.4998,298.01,204.55,1.3703,10.0,,35,,1.0566,0.19254,,,1.046,0,,0,0,1,96,96,1,96.0,46331.0
55.0,60,100,65,0.0,48.184,42.346,0.0051509,500,1.1,0,0.0020059,13.337,5.5469,64463,71047.0,6.5013,297.99,198.66,1.3743,10.0,,35,,1.0674,0.19243,,,1.049,0,,0,0,1,96,96,1,96.0,48030.0
55.2,60,100,65,0.0,48.165,36.169,0.00051509,500,1.1,0,0.0019415,13.38,5.5876,64582,71176.0,6.5028,297.98,194.43,1.3781,10.0,,35,,1.0737,0.19236,,,1.052,0,,0,0,1,96,96,1,96.0,47063.0
55.4,60,100,65,0.0,47.564,31.116,0.0001,500,1.1,0,0.0019246,13.406,5.6284,64700,71305.0,6.5024,297.96,190.98,1.382,10.0,,35,,1.0702,0.19239,,,1.0549,0,,0,0,1,96,96,1,96.0,47929.0
55.6,60,100,65,0.0,47.129,26.403,0.0001,500,1.1,0,0.0019049,13.434,5.6692,64819,71434.0,6.5031,297.96,188.88,1.3858,10.0,,35,,1.0665,0.19241,,,1.0579,0,,0,0,1,96,96,1,96.0,48129.0
55.8,60,100,65,0.0,46.391,22.779,0.0001,500,1.1,0,0.0018721,13.469,5.7099,64937,71562.0,6.5032,297.95,186.77,1.3896,10.0,,35,,1.0656,0.19241,,,1.0608,0,,0,0,1,96,96,1,96.0,48995.0
56.0,60,100,65,0.0,45.634,18.859,0.0001,500,1.1,0,0.0018713,13.512,5.7503,65055,71690.0,6.5027,297.95,185.37,1.3934,10.0,,35,,1.0473,0.19258,,,1.0637,0,,0,0,1,96,96,1,96.0,48694.0
56.2,60,100,72,0.0,45.084,5.6577,29.277,500,1.1,0,0.0019653,13.467,5.7908,65175,71820.0,6.5007,298.05,215.85,1.3972,10.0,,34,,1.0577,0.19247,,,1.0666,0,,0,0,1,96,96,1,96.0,48559.0
56.4,60,100,72,0.0,45.33,38.048,2.9277,500,1.1,0,0.0019366,13.468,5.8313,65294,71950.0,6.4991,298.04,213.73,1.4011,10.0,,34,,1.0745,0.19231,,,1.0696,0,,0,0,1,96,96,1,96.0,48090.0
56.6,60,100,72,0.0,46.216,36.636,0.29277,500,1.1,0,0.0019123,13.507,5.8716,65414,72079.0,6.4987,298.02,207.93,1.405,10.0,,34,,1.0744,0.1923,,,1.0726,0,,0,0,1,96,96,1,96.0,48788.0
56.8,60,100,72,0.0,47.237,31.624,0.029277,500,1.1,0,0.0019304,13.505,5.9118,65534,72209.0,6.4992,298.01,203.92,1.4089,10.0,,34,,1.0761,0.19228,,,1.0755,0,,0,0,1,96,96,1,96.0,49319.0
57.0,60,100,72,0.0,48.06,28.027,0.0029277,500,1.1,0,0.0019501,13.504,5.9519,65654,72340.0,6.4999,298.0,202.07,1.4128,10.0,,34,,1.081,0.19222,,,1.0785,0,,0,0,1,96,96,1,96.0,48849.0
57.2,60,100,72,0.0,48.623,26.306,0.00029277,500,1.1,0,0.0019329,13.527,5.9921,65774,72470.0,6.5,298.0,200.49,1.4167,10.0,,34,,1.0887,0.19214,,,1.0815,0,,0,0,1,96,96,1,96.0,50546.0
57.4,60,100,72,0.0,49.161,24.627,0.0001,500,1.1,0,0.0019597,13.522,6.0316,65894,72600.0,6.5011,297.99,199.91,1.4206,10.0,,34,,1.0969,0.19206,,,1.0845,0,,0,0,1,96,96,1,96.0,49573.0
57.6,60,100,72,0.0,49.25,23.859,0.0001,500,1.1,0,0.0019348,13.552,6.0711,66015,72731.0,6.5024,297.99,198.85,1.4245,10.0,,34,,1.1007,0.19201,,,1.0875,0,,0,0,1,96,96,1,96.0,49100.0
57.8,60,100,72,0.0,48.798,22.467,0.0001,500,1.1,0,0.0019071,13.581,6.1108,66135,72861.0,6.5031,297.99,197.23,1.4283,10.0,,34,,1.0998,0.19202,,,1.0904,0,,0,0,1,96,96,1,96.0,49961.0
58.0,60,100,72,0.0,48.065,20.347,0.0001,500,1.1,0,0.0018873,13.586,6.1505,66255,72991.0,6.5039,297.98,196.14,1.4322,10.0,,34,,1.1125,0.19189,,,1.0934,0,,0,0,1,96,96,1,96.0,50156.0
58.2,60,100,72,0.0,47.029,18.628,0.0001,500,1.1,0,0.001905,13.586,6.1905,66375,73121.0,6.5028,297.98,195.79,1.436,10.0,,34,,1.1125,0.19188,,,1.0963,0,,0,0,1,96,96,1,96.0,51018.0
58.4,60,100,72,0.0,46.43,17.584,0.0001,500,1.1,0,0.0019008,13.585,6.2304,66494,73251.0,6.4989,297.98,196.24,1.4399,10.0,,34,,1.1197,0.19181,,,1.0993,0,,0,0,1,96,96,1,96.0,50547.0
58.6,60,100,72,0.0,47.418,17.365,0.0001,500,1.1,0,0.0019214,13.575,6.2701,66614,73381.0,6.497,297.99,197.38,1.4438,10.0,,34,,1.1254,0.19174,,,1.1023,0,,0,0,1,96,96,1,96.0,51075.0
58.8,60,100,72,0.0,49.151,17.941,0.0001,500,1.1,0,0.0019174,13.6,6.3095,66734,73512.0,6.4958,297.99,198.18,1.4477,10.0,,34,,1.1243,0.19175,,,1.1053,0,,0,0,1,96,96,1,96.0,50935.0
59.0,60,100,72,0.0,51.348,18.26,0.0001,500,1.1,0,0.0019091,13.642,6.349,66855,73642.0,6.4971,297.99,199.07,1.4516,10.0,,34,,1.1111,0.19186,,,1.1083,0,,0,0,1,96,96,1,96.0,51462.0
59.2,60,100,72,0.0,53.022,18.781,0.0001,500,1.1,0,0.0019086,13.665,6.3884,66976,73774.0,6.4994,297.99,199.98,1.4556,10.0,,34,,1.1029,0.19193,,,1.1113,0,,0,0,1,96,96,1,96.0,51322.0
59.4,60,100,72,0.0,53.774,19.431,0.0001,500,1.1,0,0.0018976,13.708,6.4275,67097,73905.0,6.501,297.99,199.73,1.4595,10.0,,34,,1.0975,0.19198,,,1.1143,0,,0,0,1,96,96,1,96.0,51847.0
59.6,60,100,72,0.0,53.9,18.92,0.0001,500,1.1,0,0.0018829,13.729,6.4666,67218,74036.0,6.5029,297.99,198.97,1.4633,10.0,,34,,1.0981,0.19196,,,1.1173,0,,0,0,1,96,96,1,96.0,51539.0
59.8,60,100,72,0.0,53.261,17.835,0.0001,500,1.1,0,0.0018538,13.75,6.5059,67339,74168.0,6.5048,297.99,198.06,1.4672,10.0,,34,,1.1022,0.19192,,,1.1202,0,,0,0,1,96,96,1,96.0,52398.0
60.0,60,100,72,0.0,51.867,16.521,0.0001,500,1.1,0,0.0018951,13.717,6.5451,67460,74299.0,6.5052,297.99,198.34,1.4711,10.0,1021.4,34,1802.7,1.1161,0.19178,6.3884,18.534,1.1232,0,42.327,0,0,1,96,96,1,96.0,51757.0
60.2,60,100,76,0.0,50.3,16.4,0.0001,500,1.1,0,0.0019851,13.66,6.5844,67581,74430.0,6.5039,298.0,200.64,1.4751,10.0,,33,,1.1352,0.19159,,,1.1263,0,,0,0,1,96,96,1,96.0,52783.0
60.4,60,100,76,0.0,49.264,18.47,0.0001,500,1.1,0,0.0019732,13.68,6.6232,67702,74562.0,6.5027,298.0,202.44,1.4791,10.0,,33,,1.1352,0.19158,,,1.1294,0,,0,0,1,96,96,1,96.0,51973.0
60.6,60,100,76,0.0,48.706,20.226,0.0001,500,1.1,0,0.0019817,13.68,6.662,67822,74693.0,6.5008,298.01,203.97,1.4832,10.0,,33,,1.1398,0.19153,,,1.1325,0,,0,0,1,96,96,1,96.0,52497.0
60.8,60,100,76,0.0,48.895,21.912,0.0001,500,1.1,0,0.0019494,13.739,6.7006,67943,74824.0,6.4997,298.01,204.47,1.4873,10.0,,33,,1.1315,0.1916,,,1.1356,0,,0,0,1,96,96,1,96.0,53853.0
61.0,60,100,76,0.0,49.55,22.66,0.0001,500,1.1,0,0.0019252,13.772,6.7392,68064,74955.0,6.499,298.01,204.03,1.4913,10.0,,33,,1.1318,0.19159,,,1.1387,0,,0,0,1,96,96,1,96.0,53375.0
61.2,60,100,76,0.0,50.474,22.48,0.0001,500,1.1,0,0.0019012,13.805,6.7775,68185,75087.0,6.4993,298.01,203.62,1.4952,10.0,,33,,1.1269,0.19163,,,1.1417,0,,0,0,1,96,96,1,96.0,54063.0
61.4,60,100,76,0.0,51.282,22.304,0.0001,500,1.1,0,0.0018563,13.862,6.816,68306,75219.0,6.5003,298.0,202.39,1.4991,10.0,,33,,1.1123,0.19176,,,1.1447,0,,0,0,1,96,96,1,96.0,53918.0
61.6,60,100,76,0.0,51.671,21.202,0.0001,500,1.1,0,0.0018753,13.847,6.8547,68428,75350.0,6.4999,298.0,201.7,1.5031,10.0,,33,,1.121,0.19167,,,1.1478,0,,0,0,1,96,96,1,96.0,53441.0
61.8,60,100,76,0.0,52.237,20.548,0.0001,500,1.1,0,0.0018672,13.857,6.8934,68549,75482.0,6.4995,298.0,201.43,1.507,10.0,,33,,1.1215,0.19166,,,1.1508,0,,0,0,1,96,96,1,96.0,53797.0
62.0,60,100,76,0.0,52.938,20.257,0.0001,500,1.1,0,0.0018356,13.894,6.9323,68671,75614.0,6.5008,298.0,200.39,1.511,10.0,,33,,1.1207,0.19166,,,1.1538,0,,0,0,1,96,96,1,96.0,53988.0
62.2,60,100,76,0.0,53.153,19.105,0.0001,500,1.1,0,0.0018951,13.847,6.9716,68792,75746.0,6.5008,298.0,201.14,1.515,10.0,,33,,1.1352,0.19151,,,1.1569,0,,0,0,1,96,96,1,96.0,53847.0
62.4,60,100,76,0.0,53.356,19.755,0.0001,500,1.1,0,0.0018947,13.859,7.011,68914,75878.0,6.5018,298.0,202.44,1.519,10.0,,33,,1.1351,0.19151,,,1.16,0,,0,0,1,96,96,1,96.0,54041.0
62.6,60,100,76,0.0,53.147,21.043,0.0001,500,1.1,0,0.0018841,13.862,7.0505,69035,76011.0,6.5003,298.01,203.69,1.5231,10.0,,33,,1.1415,0.19144,,,1.1631,0,,0,0,1,96,96,1,96.0,54735.0
62.8,60,100,76,0.0,53.563,22.412,0.0001,500,1.1,0,0.0018449,13.922,7.0901,69157,76143.0,6.4996,298.01,203.76,1.5271,10.0,,33,,1.1294,0.19154,,,1.1662,0,,0,0,1,96,96,1,96.0,55429.0
63.0,60,100,76,0.0,54.258,22.664,0.0001,500,1.1,0,0.0018448,13.923,7.1296,69279,76275.0,6.4983,298.01,203.75,1.5311,10.0,,33,,1.1334,0.1915,,,1.1692,0,,0,0,1,96,96,1,96.0,55289.0
63.2,60,100,76,0.0,55.452,22.878,0.0001,500,1.1,0,0.0018161,13.961,7.1691,69401,76408.0,6.4984,298.0,202.88,1.5351,10.0,,33,,1.1354,0.19147,,,1.1723,0,,0,0,1,96,96,1,96.0,55149.0
63.4,60,100,76,0.0,56.611,22.17,0.0001,500,1.1,0,0.00183,13.987,7.2087,69523,76540.0,6.4991,298.0,202.48,1.539,10.0,,33,,1.1265,0.19155,,,1.1754,0,,0,0,1,96,96,1,96.0,55177.0
63.6,60,100,76,0.0,57.494,21.892,0.0001,500,1.1,0,0.0018325,14.008,7.2476,69645,76673.0,6.5009,298.0,201.98,1.543,10.0,,33,,1.1259,0.19155,,,1.1784,0,,0,0,1,96,96,1,96.0,55534.0
63.8,60,100,76,0.0,57.634,21.443,0.0001,500,1.1,0,0.0018542,13.995,7.2863,69768,76806.0,6.5031,298.0,201.69,1.547,10.0,,33,,1.1416,0.19139,,,1.1815,0,,0,0,1,96,96,1,96.0,56557.0
64.0,60,100,76,0.0,56.92,21.163,0.0001,500,1.1,0,0.0018408,14.02,7.3248,69890,76939.0,6.5059,298.0,201.13,1.551,10.0,,33,,1.1431,0.19137,,,1.1846,0,,0,0,1,96,96,1,96.0,56579.0
64.2,60,100,80,0.0,55.084,20.57,0.0001,500,1.1,0,0.0018961,13.983,7.3633,70013,77073.0,6.5074,298.0,201.82,1.5551,10.0,,32,,1.1624,0.19118,,,1.1877,0,,0,0,1,96,96,1,96.0,56268.0
64.4,60,100,80,0.0,52.637,21.22,0.0001,500,1.1,0,0.0019109,13.957,7.4019,70135,77206.0,6.5062,298.0,203.1,1.5593,10.0,,32,,1.1806,0.191,,,1.1909,0,,0,0,1,96,96,1,96.0,56124.0
64.6,60,100,80,0.0,50.697,22.541,0.0001,500,1.1,0,0.0018698,13.988,7.4406,70256,77338.0,6.5041,298.01,203.52,1.5634,10.0,,32,,1.1848,0.19095,,,1.1941,0,,0,0,1,96,96,1,96.0,57647.0
64.8,60,100,80,0.0,49.57,23.1,0.0001,500,1.1,0,0.0018654,14.019,7.4792,70378,77470.0,6.5021,298.01,203.78,1.5675,10.0,,32,,1.1761,0.19103,,,1.1972,0,,0,0,1,96,96,1,96.0,57503.0
65.0,60,100,80,0.0,49.239,23.543,0.0001,500,1.1,0,0.0018223,14.09,7.5174,70499,77602.0,6.5009,298.0,202.59,1.5716,10.0,,32,,1.1602,0.19117,,,1.2003,0,,0,0,1,96,96,1,96.0,57190.0
65.2,60,100,80,0.0,49.383,22.525,0.0001,500,1.1,0,0.0018142,14.104,7.5555,70621,77734.0,6.5002,298.0,201.2,1.5756,10.0,,32,,1.1615,0.19115,,,1.2034,0,,0,0,1,96,96,1,96.0,56710.0
65.4,60,100,80,0.0,49.805,21.192,0.0001,500,1.1,0,0.001829,14.101,7.5934,70742,77867.0,6.4981,298.0,200.67,1.5797,10.0,,32,,1.1718,0.19104,,,1.2065,0,,0,0,1,96,96,1,96.0,57896.0
65.6,60,100,80,0.0,51.099,20.605,0.0001,500,1.1,0,0.0018383,14.12,7.6309,70864,77999.0,6.4971,298.0,200.35,1.5837,10.0,,32,,1.1736,0.19102,,,1.2097,0,,0,0,1,96,96,1,96.0,57913.0
65.8,60,100,80,0.0,52.772,20.157,0.0001,500,1.1,0,0.0018198,14.145,7.6685,70986,78132.0,6.4965,297.99,199.91,1.5878,10.0,,32,,1.1732,0.19101,,,1.2128,0,,0,0,1,96,96,1,96.0,57264.0
66.0,60,100,80,0.0,54.694,19.536,0.0001,500,1.1,0,0.0018288,14.153,7.7062,71109,78265.0,6.4963,297.99,199.7,1.5919,10.0,,32,,1.178,0.19096,,,1.2159,0,,0,0,1,96,96,1,96.0,57449.0
66.2,60,100,80,0.0,56.707,19.115,0.0001,500,1.1,0,0.0017646,14.239,7.7433,71232,78399.0,6.4989,297.99,197.58,1.5959,10.0,,32,,1.1615,0.19111,,,1.219,0,,0,0,1,96,96,1,96.0,57797.0
66.4,60,100,80,0.0,57.647,16.695,0.0001,500,1.1,0,0.0017667,14.24,7.7805,71355,78532.0,6.5023,297.98,196.12,1.5999,10.0,,32,,1.1713,0.19101,,,1.222,0,,0,0,1,96,96,1,96.0,58146.0
66.6,60,100,80,0.0,57.226,14.771,0.0001,500,1.1,0,0.0017827,14.248,7.8181,71478,78666.0,6.5048,297.98,195.53,1.6039,10.0,,32,,1.1761,0.19095,,,1.2251,0,,0,0,1,96,96,1,96.0,57664.0
66.8,60,100,80,0.0,55.817,13.555,0.0001,500,1.1,0,0.0017864,14.262,7.8557,71600,78799.0,6.5061,297.98,195.38,1.6078,10.0,,32,,1.1777,0.19093,,,1.2282,0,,0,0,1,96,96,1,96.0,59849.0
67.0,60,100,80,0.0,53.885,12.707,0.0001,500,1.1,0,0.0017483,14.3,7.8932,71723,78932.0,6.5061,297.98,194.84,1.6118,10.0,,32,,1.177,0.19093,,,1.2312,0,,0,0,1,96,96,1,96.0,58866.0
67.2,60,100,80,0.0,51.975,11.442,0.0001,500,1.1,0,0.0017524,14.315,7.9306,71844,79065.0,6.5046,297.98,194.43,1.6157,10.0,,32,,1.179,0.1909,,,1.2342,0,,0,0,1,96,96,1,96.0,58216.0
67.4,60,100,80,0.0,50.67,10.246,0.0001,500,1.1,0,0.0017468,14.318,7.9678,71966,79197.0,6.5012,297.98,194.74,1.6197,10.0,,32,,1.1888,0.1908,,,1.2372,0,,0,0,1,96,96,1,96.0,58731.0
67.6,60,100,80,0.0,50.708,9.7457,0.0001,500,1.1,0,0.0017322,14.359,8.0045,72088,79329.0,6.4969,297.98,194.53,1.6236,10.0,,32,,1.1839,0.19084,,,1.2403,0,,0,0,1,96,96,1,96.0,58911.0
67.8,60,100,80,0.0,52.488,8.7337,0.0001,500,1.1,0,0.0016681,14.427,8.0409,72210,79461.0,6.4954,297.97,193.01,1.6275,10.0,,32,,1.1758,0.19091,,,1.2432,0,,0,0,1,96,96,1,96.0,59423.0
68.0,60,100,80,0.0,54.852,6.3764,0.0001,500,1.1,0,0.0016859,14.418,8.0771,72332,79594.0,6.4934,297.97,192.04,1.6313,10.0,,32,,1.1896,0.19077,,,1.2462,0,,0,0,1,96,96,1,96.0,59600.0
68.2,60,100,84,0.0,58.028,4.4489,0.0001,500,1.1,0,0.0017054,14.437,8.1131,72456,79729.0,6.4937,297.97,191.47,1.6352,10.0,,31,,1.1934,0.19073,,,1.2491,0,,0,0,1,96,96,1,96.0,60777.0
68.4,60,100,84,0.0,61.066,2.7999,0.0001,500,1.1,0,0.0016822,14.476,8.1486,72580,79864.0,6.4956,297.97,190.39,1.6391,10.0,,31,,1.1928,0.19073,,,1.2521,0,,0,0,1,96,96,1,96.0,60784.0
68.6,60,100,84,0.0,63.346,0.57039,0.0001,500,1.1,0,0.0016736,14.49,8.1841,72705,79999.0,6.5,297.96,189.29,1.6429,10.0,,31,,1.2043,0.19061,,,1.2551,0,,0,0,1,96,96,1,96.0,60625.0
68.8,60,100,84,0.0,63.869,0.0001,0.0001,500,1.1,0,0.0016951,14.508,8.22,72830,80135.0,6.5051,297.96,188.63,1.6468,10.0,,31,,1.2001,0.19065,,,1.2581,0,,0,0,1,96,96,1,96.0,59801.0
69.0,60,100,84,0.0,62.348,0.0001,0.0001,500,1.1,0,0.0016056,14.614,8.2553,72955,80270.0,6.5093,297.95,185.62,1.6506,10.0,,31,,1.174,0.19088,,,1.261,0,,0,0,1,96,96,1,96.0,61307.0
69.2,60,100,84,0.0,59.142,0.0001,0.0001,500,1.1,0,0.0016272,14.589,8.2906,73079,80404.0,6.5103,297.95,183.72,1.6543,10.0,,31,,1.1856,0.19077,,,1.2638,0,,0,0,1,96,96,1,96.0,59980.0
69.4,60,100,84,0.0,55.556,0.0001,10.134,500,1.1,0,0.0016535,14.56,8.3258,73202,80538.0,6.5099,297.97,192.18,1.6582,10.0,,31,,1.2073,0.19056,,,1.2668,0,,0,0,1,96,96,1,96.0,61653.0
69.6,60,100,84,0.0,52.102,6.5068,1.0134,500,1.1,0,0.0015947,14.614,8.3608,73325,80671.0,6.5084,297.96,190.0,1.6619,10.0,,31,,1.2056,0.19056,,,1.2697,0,,0,0,1,96,96,1,96.0,61658.0
69.8,60,100,84,0.0,49.253,3.0618,0.10134,500,1.1,0,0.0016125,14.613,8.3959,73447,80803.0,6.5042,297.96,188.17,1.6657,10.0,,31,,1.2095,0.19052,,,1.2726,0,,0,0,1,96,96,1,96.0,60663.0
70.0,60,100,84,0.0,48.115,2.0,0.010134,500,1.1,0,0.0016146,14.61,8.4314,73568,80935.0,6.4995,297.96,186.78,1.6695,10.0,,31,,1.2228,0.19039,,,1.2755,0,,1,0,1,96,96,1,96.0,61337.0
70.2,60,100,84,0.0,48.819,2.0,0.0010134,500,1.1,0,0.0015979,14.665,8.4664,73690,81068.0,6.4972,297.95,184.67,1.6733,10.0,,31,,1.2094,0.19051,,,1.2784,0,,1,0,1,96,96,1,96.0,61509.0
70.4,60,100,84,0.0,50.462,2.0,12.928,500,1.1,0,0.0015615,14.7,8.5008,73812,81200.0,6.4975,297.97,193.29,1.677,10.0,,31,,1.2146,0.19045,,,1.2813,0,,1,0,1,96,96,1,96.0,61844.0
70.6,60,100,84,0.0,51.977,2.0,1.2928,500,1.1,0,0.0015827,14.701,8.5353,73935,81333.0,6.4979,297.97,191.9,1.6808,10.0,,31,,1.2181,0.19041,,,1.2841,0,,1,0,1,96,96,1,96.0,61513.0
70.8,60,100,84,0.0,53.336,2.0,0.12928,500,1.1,0,0.0015677,14.744,8.5693,74058,81466.0,6.5,297.96,188.89,1.6845,10.0,,31,,1.2106,0.19047,,,1.287,0,,1,0,1,96,96,1,96.0,62180.0
71.0,60,100,84,0.0,53.843,2.0,0.012928,500,1.1,0,0.0015911,14.745,8.6034,74180,81600.0,6.5017,297.95,186.27,1.6883,10.0,,31,,1.2187,0.19039,,,1.2899,0,,1,0,1,96,96,1,96.0,62347.0
71.2,60,100,84,0.0,53.664,2.0,0.0012928,500,1.1,0,0.0015965,14.746,8.638,74303,81733.0,6.501,297.95,183.92,1.692,10.0,,31,,1.2308,0.19027,,,1.2928,0,,1,0,1,96,96,1,96.0,61684.0
71.4,60,100,84,0.0,53.785,2.0,12.653,500,1.1,0,0.0016096,14.734,8.673,74426,81867.0,6.4997,297.98,193.78,1.6958,10.0,,31,,1.2482,0.1901,,,1.2957,0,,1,0,1,96,96,1,96.0,62688.0
71.6,60,100,84,0.0,54.434,2.0,1.2653,500,1.1,0,0.001598,14.762,8.7077,74549,82000.0,6.4999,297.97,192.66,1.6996,10.0,,31,,1.2525,0.19005,,,1.2986,0,,1,0,1,96,96,1,96.0,64025.0
71.8,60,100,84,0.0,54.986,2.0,0.12653,500,1.1,0,0.0016107,14.762,8.7426,74672,82134.0,6.5003,297.97,190.92,1.7035,10.0,,31,,1.2627,0.18994,,,1.3016,0,,1,0,1,96,96,1,96.0,63030.0
72.0,60,100,84,0.0,55.381,2.0,0.012653,500,1.1,0,0.001638,14.762,8.7775,74795,82268.0,6.5013,297.96,189.91,1.7073,10.0,1262.6,31,1750.8,1.2692,0.18988,8.638,19.507,1.3045,0,27.213,1,0,1,96,96,1,96.0,63201.0
72.2,60,100,90,0.0,55.383,2.0,0.0012653,500,1.1,0,0.0017252,14.735,8.8127,74919,82403.0,6.5009,297.97,190.73,1.7113,10.0,,30,,1.2843,0.18972,,,1.3076,0,,1,0,1,96,96,1,96.0,63873.0
72.4,60,100,90,0.0,55.53,2.0,0.00012653,500,1.1,0,0.0016845,14.782,8.8476,75044,82538.0,6.5017,297.97,190.62,1.7153,10.0,,30,,1.282,0.18974,,,1.3107,0,,1,0,1,96,96,1,96.0,62711.0
72.6,60,100,90,0.0,55.379,2.0,0.0001,500,1.1,0,0.0016764,14.812,8.8827,75168,82673.0,6.503,297.97,190.35,1.7193,10.0,,30,,1.2767,0.18978,,,1.3137,0,,1,0,1,96,96,1,96.0,64050.0
72.8,60,100,90,0.0,54.677,2.0,0.0001,500,1.1,0,0.0016661,14.841,8.918,75292,82808.0,6.5046,297.96,189.8,1.7233,10.0,,30,,1.2744,0.1898,,,1.3168,0,,1,0,1,96,96,1,96.0,64556.0
73.0,60,100,90,0.0,53.375,2.0,0.0001,500,1.1,0,0.0016631,14.858,8.9532,75416,82943.0,6.5054,297.96,188.98,1.7272,10.0,,30,,1.2826,0.18971,,,1.3198,0,,1,0,1,96,96,1,96.0,64229.0
73.2,60,100,90,0.0,51.735,2.0,0.0001,500,1.1,0,0.0015977,14.942,8.9884,75539,83077.0,6.5043,297.96,186.61,1.7311,10.0,,30,,1.2591,0.18993,,,1.3228,0,,1,0,1,96,96,1,96.0,64068.0
73.4,60,100,90,0.0,50.559,2.0,0.0001,500,1.1,0,0.0015792,14.957,9.0239,75663,83211.0,6.5028,297.95,183.95,1.7349,10.0,,30,,1.2667,0.18985,,,1.3257,0,,1,0,1,96,96,1,96.0,63908.0
73.6,60,100,90,0.0,49.953,2.0,13.011,500,1.1,0,0.0015755,14.984,9.0596,75786,83344.0,6.5013,297.97,193.42,1.7386,10.0,,30,,1.2606,0.1899,,,1.3286,0,,1,0,1,96,96,1,96.0,65417.0
73.8,60,100,90,0.0,49.964,2.0,1.3011,500,1.1,0,0.0016295,14.951,9.0961,75909,83478.0,6.4976,297.97,193.42,1.7425,10.0,,30,,1.2854,0.18965,,,1.3315,0,,1,0,1,96,96,1,96.0,64763.0
74.0,60,100,90,0.0,51.459,2.0,0.13011,500,1.1,0,0.0016637,14.956,9.1328,76032,83613.0,6.4952,297.97,193.17,1.7464,10.0,,30,,1.291,0.18959,,,1.3345,0,,1,0,1,96,96,1,96.0,65109.0
74.2,60,100,90,0.0,53.887,2.0,0.013011,500,1.1,0,0.0016202,15.019,9.169,76156,83747.0,6.496,297.97,191.26,1.7503,10.0,,30,,1.2836,0.18966,,,1.3375,0,,1,0,1,96,96,1,96.0,65287.0
74.4,60,100,90,0.0,56.007,2.0,0.0013011,500,1.1,0,0.0015843,15.066,9.2046,76280,83882.0,6.498,297.96,188.22,1.7541,10.0,,30,,1.2803,0.18968,,,1.3404,0,,1,0,1,96,96,1,96.0,65461.0
74.6,60,100,90,0.0,57.304,2.0,0.00013011,500,1.1,0,0.0015942,15.088,9.2402,76405,84018.0,6.4997,297.95,185.27,1.7579,10.0,,30,,1.2798,0.18968,,,1.3434,0,,1,0,1,96,96,1,96.0,65136.0
74.8,60,100,90,0.0,57.962,2.0,0.0001,500,1.1,0,0.0015423,15.157,9.2753,76529,84153.0,6.5025,297.94,180.71,1.7616,10.0,,30,,1.2671,0.18979,,,1.3462,0,,1,0,1,96,96,1,96.0,64975.0
75.0,60,100,90,0.0,57.466,2.0,15.943,500,1.1,0,0.0014997,15.219,9.3102,76654,84288.0,6.5057,297.96,189.41,1.7652,10.0,,30,,1.2536,0.18991,,,1.349,0,,1,0,1,96,96,1,96.0,65979.0
75.2,60,100,90,0.0,55.695,2.0,1.5943,100,1.1,0,0.0015257,14.315,9.3549,76698,84343.0,6.5083,298.04,217.91,1.7689,10.0,,30,,1.5532,0.18707,,,1.3518,0,,1,0,1,96,96,1,96.0,66026.0
75.4,60,100,90,0.0,52.906,2.0,0.15943,100,1.1,0,0.0015224,14.283,9.3993,76742,84397.0,6.509,298.12,244.77,1.7725,10.0,,30,,1.6106,0.18651,,,1.3546,0,,1,0,1,96,96,1,96.0,66239.0
75.6,60,100,90,0.0,49.847,2.0,0.015943,100,1.1,0,0.0015074,14.282,9.4435,76785,84451.0,6.508,298.19,271.34,1.7762,10.0,,30,,1.6093,0.18652,,,1.3574,0,,1,0,1,96,96,1,96.0,66284.0
75.8,60,100,90,0.0,47.169,2.0,0.0015943,100,1.1,0,0.0014971,14.278,9.4874,76827,84504.0,6.5054,298.26,297.71,1.7798,10.0,,30,,1.6011,0.18659,,,1.3602,0,,1,0,1,96,96,1,96.0,66494.0
76.0,60,100,90,0.0,45.527,2.0,0.00015943,100,1.1,0,0.0014886,14.266,9.5309,76869,84556.0,6.5015,298.33,323.78,1.7835,10.0,,30,,1.6004,0.18659,,,1.363,0,,1,0,1,96,96,1,96.0,66869.0
76.2,60,100,116,0.0,45.471,2.0,0.0001,100,1.1,0,0.0019945,13.824,9.5766,76916,84615.0,6.4912,298.44,362.72,1.7877,10.0,,29,,1.7525,0.18513,,,1.3663,0,,1,0,1,96,96,1,96.0,67088.0
76.4,60,100,116,0.0,49.526,2.0,0.0001,100,1.1,0,0.0019433,13.849,9.6221,76964,84675.0,6.486,298.54,400.25,1.7923,10.0,,29,,1.7644,0.18501,,,1.3698,0,,1,0,1,96,96,1,96.0,67973.0
76.6,60,100,116,0.0,55.611,2.0,0.0001,100,1.1,0,0.0019606,13.81,9.6675,77013,84736.0,6.4855,298.65,437.87,1.7969,10.0,,29,,1.7781,0.18487,,,1.3733,0,,1,0,1,96,96,1,96.0,66857.0
76.8,60,100,116,0.0,61.921,2.0,0.0001,100,1.1,0,0.0020039,13.767,9.7126,77064,84798.0,6.4889,298.75,475.91,1.8016,10.0,,29,,1.7923,0.18473,,,1.3769,0,,1,0,1,96,96,1,96.0,67906.0
77.0,60,100,116,0.0,66.87,2.0,0.0001,100,1.1,0,0.0020247,13.727,9.7578,77115,84861.0,6.4933,298.86,514.3,1.8063,10.0,,29,,1.8056,0.18459,,,1.3806,0,,1,0,1,96,96,1,96.0,67289.0
77.2,60,100,116,0.0,70.053,2.0,0.0001,100,1.1,0,0.0021157,13.639,9.8028,77167,84925.0,6.4977,298.97,554.58,1.8112,10.0,,29,,1.8335,0.18431,,,1.3843,0,,1,0,1,96,96,1,96.0,68505.0
77.4,60,100,116,0.0,71.475,2.0,0.0001,100,1.1,0,0.002066,13.646,9.8481,77219,84990.0,6.502,299.07,593.34,1.8161,10.0,,29,,1.839,0.18425,,,1.3881,0,,1,0,1,96,96,1,96.0,67889.0
77.6,60,100,116,0.0,71.189,2.0,0.0001,100,1.1,0,0.0020761,13.621,9.8935,77271,85054.0,6.5054,299.18,632.46,1.8209,10.0,,29,,1.8376,0.18426,,,1.3918,0,,1,0,1,96,96,1,96.0,68273.0
77.8,60,100,116,0.0,69.545,2.0,0.0001,100,1.1,0,0.0020705,13.585,9.939,77322,85118.0,6.5076,299.29,671.48,1.8258,10.0,,29,,1.8503,0.18413,,,1.3956,0,,1,0,1,96,96,1,96.0,69491.0
78.0,60,100,116,0.0,67.02,2.0,0.0001,100,1.1,0,0.00202,13.592,9.9846,77373,85181.0,6.5087,299.39,709.35,1.8307,10.0,,29,,1.8483,0.18414,,,1.3993,0,,1,0,1,96,96,1,96.0,69876.0
78.2,60,100,116,0.0,64.064,2.0,0.0001,100,1.1,0,0.0019534,13.609,10.03,77424,85243.0,6.5094,299.49,745.16,1.8354,10.0,,29,,1.8474,0.18413,,,1.4029,0,,1,0,1,96,96,1,96.0,69592.0
78.4,60,100,116,0.0,60.84,2.0,0.0001,100,1.1,0,0.0019567,13.582,10.075,77473,85305.0,6.5072,299.59,781.11,1.8401,10.0,,29,,1.8506,0.1841,,,1.4065,0,,1,0,1,96,96,1,96.0,69976.0
78.6,60,100,116,0.0,58.484,2.0,0.0001,100,1.1,0,0.0020444,13.463,10.121,77523,85367.0,6.5024,299.69,819.67,1.8449,10.0,,29,,1.8899,0.18371,,,1.4102,0,,1,0,1,96,96,1,96.0,69194.0
78.8,60,100,116,0.0,58.034,2.0,0.0001,100,1.1,0,0.0019949,13.477,10.166,77572,85428.0,6.4988,299.8,857.04,1.8497,10.0,,29,,1.8874,0.18373,,,1.4139,0,,1,0,1,96,96,1,96.0,70247.0
79.0,60,100,116,0.0,59.04,2.0,0.0001,100,1.1,0,0.0020714,13.416,10.212,77621,85489.0,6.4953,299.9,895.86,1.8546,10.0,,29,,1.8962,0.18363,,,1.4177,0,,1,0,1,96,96,1,96.0,70464.0
79.2,60,100,116,0.0,61.438,2.0,0.0001,100,1.1,0,0.0020912,13.394,10.257,77671,85551.0,6.4941,300.01,934.13,1.8595,10.0,,29,,1.9065,0.18352,,,1.4214,0,,1,0,1,96,96,1,96.0,70848.0
79.4,60,100,116,0.0,64.311,2.0,0.0001,100,1.1,0,0.002058,13.414,10.302,77721,85614.0,6.4954,300.11,971.07,1.8643,10.0,,29,,1.8953,0.18362,,,1.4252,0,,1,0,1,96,96,1,96.0,70562.0
79.6,60,100,116,0.0,66.648,2.0,0.0001,100,1.1,0,0.0019974,13.449,10.347,77771,85677.0,6.4984,300.2,1006.2,1.8691,10.0,,29,,1.8776,0.18378,,,1.4289,0,,1,0,1,96,96,1,96.0,71609.0
79.8,60,100,116,0.0,67.805,2.0,0.0001,100,1.1,0,0.002017,13.414,10.392,77822,85740.0,6.5019,300.3,1041.4,1.8739,10.0,,29,,1.8837,0.18372,,,1.4326,0,,1,0,1,96,96,1,96.0,72158.0
80.0,60,100,116,0.0,67.552,2.0,0.0001,100,1.1,0,0.0020334,13.388,10.436,77873,85803.0,6.5049,300.39,1076.5,1.8787,10.0,,29,,1.8913,0.18363,,,1.4362,0,,1,0,1,96,96,1,96.0,71206.0
80.2,60,100,90,0.0,66.103,2.0,0.0001,100,1.1,0,0.0012189,14.195,10.475,77918,85857.0,6.5223,300.42,1087.7,1.8825,10.0,,23,,1.6484,0.18595,,,1.4391,0,,1,0,1,96,96,1,96.0,71722.0
80.4,60,100,90,0.0,57.673,2.0,0.0001,100,1.1,0,0.0012014,14.203,10.513,77962,85910.0,6.5342,300.45,1098.1,1.8856,10.0,,23,,1.5979,0.18642,,,1.4415,0,,1,0,1,96,96,1,96.0,71904.0
80.6,60,100,90,0.0,44.515,2.0,0.0001,100,1.1,0,0.001234,14.138,10.552,78002,85961.0,6.5351,300.49,1110.5,1.8886,10.0,,23,,1.601,0.18638,,,1.4438,0,,1,0,1,96,96,1,96.0,72092.0
80.8,60,100,90,0.0,31.019,2.0,0.0001,100,1.1,0,0.0012157,14.116,10.592,78041,86008.0,6.5215,300.52,1123.2,1.8916,10.0,,23,,1.6054,0.18634,,,1.4462,0,,1,0,1,96,96,1,96.0,71115.0
81.0,60,100,90,0.0,23.004,2.0,0.0001,100,1.1,0,0.0011756,14.124,10.631,78077,86054.0,6.4994,300.55,1134.8,1.8946,10.0,,23,,1.6029,0.18635,,,1.4484,0,,1,0,1,96,96,1,96.0,72136.0
81.2,60,100,90,0.0,23.797,2.0,0.0001,100,1.1,0,0.0011843,14.093,10.671,78114,86100.0,6.4796,300.58,1146.8,1.8975,10.0,,23,,1.6091,0.18629,,,1.4507,0,,1,0,1,96,96,1,96.0,72492.0
81.4,60,100,90,0.0,32.463,2.0,0.0001,100,1.1,0,0.0011722,14.083,10.709,78152,86148.0,6.4734,300.61,1157.7,1.9004,10.0,,23,,1.6243,0.18614,,,1.4529,0,,1,0,1,96,96,1,96.0,72676.0
81.6,60,100,90,0.0,43.579,2.0,0.0001,100,1.1,0,0.0011598,14.115,10.748,78193,86198.0,6.4808,300.64,1166.9,1.9033,10.0,,23,,1.6138,0.18623,,,1.4552,0,,1,0,1,96,96,1,96.0,73358.0
81.8,60,100,90,0.0,51.722,2.0,0.0001,100,1.1,0,0.0011669,14.119,10.786,78235,86249.0,6.495,300.66,1175.6,1.9062,10.0,,23,,1.6061,0.1863,,,1.4574,0,,1,0,1,96,96,1,96.0,73373.0
82.0,60,100,90,0.0,54.236,2.0,0.0001,100,1.1,0,0.001159,14.128,10.823,78277,86301.0,6.5111,300.68,1183.3,1.9091,10.0,,23,,1.6008,0.18635,,,1.4596,0,,1,0,1,96,96,1,96.0,73385.0
82.2,60,100,90,0.0,50.301,2.0,0.0001,100,1.1,0,0.0011525,14.116,10.861,78319,86352.0,6.5233,300.7,1191.2,1.9119,10.0,,23,,1.5978,0.18637,,,1.4618,0,,1,0,1,96,96,1,96.0,73065.0
82.4,60,100,90,0.0,41.513,2.0,0.0001,100,1.1,0,0.001165,14.062,10.899,78359,86402.0,6.5254,300.73,1200.2,1.9147,10.0,,23,,1.6112,0.18624,,,1.4639,0,,1,0,1,96,96,1,96.0,73249.0
82.6,60,100,90,0.0,31.886,2.0,0.0001,100,1.1,0,0.0011892,13.984,10.939,78398,86450.0,6.5163,300.76,1210.7,1.9176,10.0,,23,,1.6413,0.18595,,,1.4662,0,,1,0,1,96,96,1,96.0,73602.0
82.8,60,100,90,0.0,25.924,2.0,0.0001,100,1.1,0,0.0011922,13.925,10.978,78435,86496.0,6.4991,300.79,1222.0,1.9205,10.0,,23,,1.6684,0.18568,,,1.4684,0,,1,0,1,96,96,1,96.0,73625.0
83.0,60,100,90,0.0,26.838,2.0,0.0001,100,1.1,0,0.0011985,13.898,11.018,78472,86543.0,6.4838,300.82,1233.4,1.9235,10.0,,23,,1.6802,0.18556,,,1.4707,0,,1,0,1,96,96,1,96.0,73815.0
83.2,60,100,90,0.0,33.824,2.0,0.0001,100,1.1,0,0.0011958,13.882,11.058,78510,86591.0,6.4782,300.85,1244.4,1.9264,10.0,,23,,1.6912,0.18545,,,1.4729,0,,1,0,1,96,96,1,96.0,73504.0
83.4,60,100,90,0.0,43.042,2.0,0.0001,100,1.1,0,0.0011946,13.873,11.097,78550,86640.0,6.4831,300.87,1254.4,1.9294,10.0,,23,,1.7017,0.18535,,,1.4752,0,,1,0,1,96,96,1,96.0,74358.0
83.6,60,100,90,0.0,50.292,2.0,0.0001,100,1.1,0,0.0011629,13.927,11.136,78592,86692.0,6.4947,300.9,1262.5,1.9323,10.0,,23,,1.6789,0.18556,,,1.4774,0,,1,0,1,96,96,1,96.0,75042.0
83.8,60,100,90,0.0,52.9,2.0,0.0001,100,1.1,0,0.0011503,13.955,11.174,78634,86743.0,6.5078,300.92,1269.7,1.9351,10.0,,23,,1.6572,0.18576,,,1.4796,0,,1,0,1,96,96,1,96.0,74224.0
84.0,60,100,90,0.0,50.314,2.0,0.0001,100,1.1,0,0.0011416,13.946,11.211,78676,86794.0,6.5184,300.93,1276.6,1.9379,10.0,1384.9,23,1732.1,1.6544,0.18578,11.058,21.11,1.4818,0,28.541,1,0,1,96,96,1,96.0,74238.0
84.2,60,100,90,0.0,43.484,2.0,0.0001,100,1.1,0,0.0011367,13.912,11.249,78717,86844.0,6.5232,300.95,1283.7,1.9407,10.0,,23,,1.666,0.18567,,,1.4839,0,,1,0,1,96,96,1,96.0,75251.0
84.4,60,100,90,0.0,34.748,2.0,0.0001,100,1.1,0,0.0011402,13.874,11.287,78755,86892.0,6.5176,300.97,1291.4,1.9435,10.0,,23,,1.6779,0.18555,,,1.4861,0,,1,0,1,96,96,1,96.0,74599.0
84.6,60,100,90,0.0,28.272,2.0,0.0001,100,1.1,0,0.001144,13.834,11.326,78792,86939.0,6.5043,301.0,1299.8,1.9463,10.0,,23,,1.6913,0.18542,,,1.4882,0,,1,0,1,96,96,1,96.0,75615.0
84.8,60,100,90,0.0,27.098,2.0,0.0001,100,1.1,0,0.0011668,13.787,11.364,78829,86985.0,6.4901,301.02,1308.9,1.9491,10.0,,23,,1.7083,0.18525,,,1.4904,0,,1,0,1,96,96,1,96.0,76466.0
85.0,60,100,90,0.0,31.579,2.0,0.0001,100,1.1,0,0.001163,13.778,11.403,78867,87033.0,6.4836,301.04,1317.4,1.9519,10.0,,23,,1.7169,0.18516,,,1.4925,0,,1,0,1,96,96,1,96.0,75317.0
85.2,60,100,90,0.0,38.622,2.0,0.0001,100,1.1,0,0.001153,13.818,11.441,78907,87081.0,6.4857,301.06,1324.5,1.9547,10.0,,23,,1.6962,0.18535,,,1.4947,0,,1,0,1,96,96,1,96.0,75998.0
85.4,60,100,90,0.0,44.836,2.0,0.0001,100,1.1,0,0.0011892,13.797,11.479,78947,87131.0,6.4935,301.08,1332.4,1.9575,10.0,,23,,1.6876,0.18543,,,1.4969,0,,1,0,1,96,96,1,96.0,75347.0
85.6,60,100,90,0.0,47.95,2.0,0.0001,100,1.1,0,0.0012608,13.706,11.518,78988,87182.0,6.5026,301.11,1342.6,1.9605,10.0,,23,,1.71,0.18521,,,1.4991,0,,1,0,1,96,96,1,96.0,76535.0
85.8,60,100,90,0.0,47.43,2.0,0.0001,100,1.1,0,0.0012621,13.704,11.558,79029,87233.0,6.5114,301.14,1352.7,1.9635,10.0,,23,,1.7059,0.18524,,,1.5015,0,,1,0,1,96,96,1,96.0,77223.0
86.0,60,100,90,0.0,43.382,2.0,0.0001,100,1.1,0,0.0012514,13.688,11.597,79070,87283.0,6.5159,301.16,1362.7,1.9665,10.0,,23,,1.7096,0.1852,,,1.5038,0,,1,0,1,96,96,1,96.0,77745.0
86.2,60,100,90,0.0,37.553,2.0,0.0001,100,1.1,0,0.0012331,13.671,11.637,79109,87332.0,6.5127,301.19,1372.5,1.9695,10.0,,23,,1.7145,0.18515,,,1.506,0,,1,0,1,96,96,1,96.0,78100.0
86.4,60,100,90,0.0,33.024,2.0,0.0001,100,1.1,0,0.0012261,13.655,11.676,79147,87380.0,6.5047,301.22,1382.6,1.9724,10.0,,23,,1.7137,0.18515,,,1.5083,0,,1,0,1,96,96,1,96.0,77455.0
86.6,60,100,90,0.0,31.691,2.0,0.0001,100,1.1,0,0.001204,13.666,11.716,79185,87427.0,6.4965,301.24,1392.0,1.9753,10.0,,23,,1.7037,0.18524,,,1.5106,0,,1,0,1,96,96,1,96.0,77643.0
86.8,60,100,90,0.0,33.607,2.0,0.0001,100,1.1,0,0.0012037,13.675,11.755,79223,87475.0,6.4914,301.27,1401.1,1.9782,10.0,,23,,1.6909,0.18536,,,1.5128,0,,1,0,1,96,96,1,96.0,77997.0
87.0,60,100,90,0.0,37.567,2.0,0.0001,100,1.1,0,0.0012161,13.662,11.795,79262,87524.0,6.4879,301.29,1410.5,1.9811,10.0,,23,,1.6834,0.18542,,,1.515,0,,1,0,1,96,96,1,96.0,77854.0
87.2,60,100,90,0.0,42.91,2.0,0.0001,100,1.1,0,0.001192,13.69,11.834,79302,87573.0,6.4903,301.31,1418.7,1.984,10.0,,23,,1.6685,0.18556,,,1.5173,0,,1,0,1,96,96,1,96.0,78543.0
87.4,60,100,90,0.0,47.294,2.0,0.0001,100,1.1,0,0.0012026,13.662,11.874,79343,87624.0,6.496,301.34,1426.9,1.9869,10.0,,23,,1.676,0.18548,,,1.5195,0,,1,0,1,96,96,1,96.0,78400.0
87.6,60,100,90,0.0,49.388,2.0,0.0001,100,1.1,0,0.0011807,13.683,11.914,79384,87675.0,6.5018,301.35,1434.1,1.9898,10.0,,23,,1.6676,0.18556,,,1.5217,0,,1,0,1,96,96,1,96.0,78756.0
87.8,60,100,90,0.0,49.204,2.0,0.0001,100,1.1,0,0.0011868,13.676,11.954,79425,87726.0,6.5083,301.37,1441.6,1.9927,10.0,,23,,1.6577,0.18565,,,1.5239,0,,1,0,1,96,96,1,96.0,79614.0
88.0,60,100,90,0.0,46.409,2.0,0.0001,100,1.1,0,0.0012055,13.631,11.994,79466,87776.0,6.5111,301.4,1449.7,1.9955,10.0,,23,,1.6691,0.18553,,,1.5261,0,,1,0,1,96,96,1,96.0,79140.0
88.2,60,100,90,0.0,42.513,2.0,0.0001,100,1.1,0,0.0011616,13.676,12.034,79506,87826.0,6.5111,301.41,1456.6,1.9984,10.0,,23,,1.6479,0.18573,,,1.5283,0,,1,0,1,96,96,1,96.0,78497.0
88.4,60,100,90,0.0,38.588,2.0,0.0001,100,1.1,0,0.0011676,13.639,12.074,79545,87875.0,6.5066,301.43,1464.0,2.0012,10.0,,23,,1.6535,0.18567,,,1.5304,0,,1,0,1,96,96,1,96.0,79022.0
88.6,60,100,90,0.0,36.491,2.0,0.0001,100,1.1,0,0.0011333,13.676,12.114,79584,87923.0,6.5008,301.45,1470.3,2.0039,10.0,,23,,1.6343,0.18585,,,1.5326,0,,1,0,1,96,96,1,96.0,80045.0
88.8,60,100,90,0.0,36.682,2.0,0.0001,100,1.1,0,0.0011165,13.675,12.153,79622,87971.0,6.4973,301.47,1475.9,2.0066,10.0,,23,,1.6313,0.18587,,,1.5346,0,,1,0,1,96,96,1,96.0,79898.0
89.0,60,100,90,0.0,38.266,2.0,0.0001,100,1.1,0,0.001099,13.682,12.192,79661,88020.0,6.4967,301.48,1481.2,2.0093,10.0,,23,,1.6227,0.18595,,,1.5367,0,,1,0,1,96,96,1,96.0,79750.0
89.2,60,100,90,0.0,40.115,2.0,0.0001,100,1.1,0,0.0011114,13.636,12.231,79701,88069.0,6.4978,301.49,1487.0,2.012,10.0,,23,,1.6386,0.18579,,,1.5388,0,,1,0,1,96,96,1,96.0,79604.0
89.4,60,100,90,0.0,41.524,2.0,0.0001,100,1.1,0,0.0011273,13.613,12.27,79740,88118.0,6.5013,301.51,1493.0,2.0148,10.0,,23,,1.6456,0.18572,,,1.5409,0,,1,0,1,96,96,1,96.0,79458.0
89.6,60,100,90,0.0,41.504,2.0,0.0001,100,1.1,0,0.0011218,13.618,12.31,79780,88167.0,6.5032,301.53,1498.6,2.0175,10.0,,23,,1.6385,0.18578,,,1.543,0,,1,0,1,96,96,1,96.0,79812.0
89.8,60,100,90,0.0,40.746,2.0,0.0001,100,1.1,0,0.0011359,13.593,12.349,79819,88216.0,6.5039,301.54,1504.7,2.0203,10.0,,23,,1.6395,0.18577,,,1.5451,0,,1,0,1,96,96,1,96.0,80335.0
90.0,60,100,90,0.0,39.704,2.0,0.0001,100,1.1,0,0.0011149,13.614,12.389,79859,88265.0,6.5038,301.56,1509.8,2.023,10.0,,23,,1.6285,0.18587,,,1.5472,0,,1,0,1,96,96,1,96.0,80024.0
90.2,75,100,90,0.0,38.705,139.39,0.0001,100,1.1,0,0.0010744,14.102,12.427,79898,88314.0,6.5037,301.48,1482.8,1.6501,10.0,,23,,1.505,0.1906,,,1.5758,0,,0,0,1,96,96,1,96.0,81207.0
90.4,75,100,90,0.0,37.758,247.99,0.0001,100,1.1,0,0.001044,14.112,12.465,79936,88362.0,6.5029,301.33,1425.8,1.6307,10.0,,23,,1.4426,0.19111,,,1.5571,0,,0,0,1,96,96,1,96.0,81555.0
90.6,75,100,90,0.0,37.134,327.23,0.0001,100,1.1,0,0.001064,14.062,12.504,79975,88410.0,6.5006,301.15,1356.4,1.6315,10.0,,23,,1.4557,0.19101,,,1.5578,0,,0,0,1,96,96,1,96.0,80407.0
90.8,75,100,90,0.0,37.399,390.28,0.0001,100,1.1,0,0.0010549,14.035,12.543,80014,88459.0,6.4992,300.93,1271.2,1.6334,10.0,,23,,1.4769,0.19085,,,1.5597,0,,0,0,1,96,96,1,96.0,81758.0
91.0,75,100,90,0.0,38.23,432.33,0.0001,100,1.1,0,0.0010545,13.995,12.582,80054,88508.0,6.4975,300.71,1188.1,1.6355,10.0,,23,,1.4972,0.19069,,,1.5617,0,,0,0,1,96,96,1,96.0,82277.0
91.2,75,100,90,0.0,39.765,468.13,0.0001,100,1.1,0,0.0010535,13.991,12.621,80093,88557.0,6.4973,300.48,1103.0,1.6376,10.0,,23,,1.4845,0.19078,,,1.5638,0,,0,0,1,96,96,1,96.0,80798.0
91.4,75,100,90,0.0,41.365,494.03,0.0001,100,1.1,0,0.0010551,13.97,12.66,80133,88606.0,6.4979,300.3,1033.1,1.6397,10.0,,23,,1.4903,0.19073,,,1.5658,0,,0,0,1,96,96,1,96.0,81652.0
91.6,75,100,90,0.0,42.737,525.28,0.0001,100,1.1,0,0.0010627,13.954,12.7,80174,88656.0,6.5004,300.13,967.31,1.6419,10.0,,23,,1.4957,0.19069,,,1.5678,0,,0,0,1,96,96,1,96.0,83173.0
91.8,75,100,90,0.0,43.084,553.2,0.0001,100,1.1,0,0.0010818,13.918,12.739,80214,88707.0,6.5037,299.97,909.28,1.644,10.0,,23,,1.5072,0.1906,,,1.5699,0,,0,0,1,96,96,1,96.0,82362.0
92.0,75,100,90,0.0,42.139,581.58,0.0001,100,1.1,0,0.0010601,13.923,12.779,80254,88757.0,6.5053,299.81,848.57,1.6462,10.0,,23,,1.504,0.19062,,,1.572,0,,0,0,1,96,96,1,96.0,82217.0
92.2,75,100,90,0.0,40.554,601.7,0.0001,100,1.1,0,0.00105,13.916,12.818,80294,88806.0,6.5059,299.65,784.34,1.6483,10.0,,23,,1.5073,0.19059,,,1.574,0,,0,0,1,96,96,1,96.0,83570.0
92.4,75,100,90,0.0,38.723,612.71,0.0001,100,1.1,0,0.0010446,13.904,12.857,80334,88856.0,6.5058,299.47,716.27,1.6504,10.0,,23,,1.5061,0.19059,,,1.5761,0,,0,0,1,96,96,1,96.0,82256.0
92.6,75,100,90,0.0,36.941,614.04,0.0001,100,1.1,0,0.0010193,13.889,12.896,80374,88905.0,6.5036,299.29,650.21,1.6525,10.0,,23,,1.5242,0.19045,,,1.5781,0,,0,0,1,96,96,1,96.0,83109.0
92.8,75,100,90,0.0,36.02,610.58,0.0001,100,1.1,0,0.0010119,13.881,12.934,80413,88954.0,6.5002,299.12,583.3,1.6546,10.0,,23,,1.5273,0.19042,,,1.5801,0,,0,0,1,96,96,1,96.0,83959.0
93.0,75,100,90,0.0,36.463,599.85,0.0001,100,1.1,0,0.0010378,13.835,12.973,80453,89003.0,6.4963,298.93,510.05,1.6567,10.0,,23,,1.5402,0.19032,,,1.5821,0,,0,0,1,96,96,1,96.0,83979.0
93.2,75,100,90,0.0,38.452,576.86,0.0001,100,1.1,0,0.0010509,13.807,13.013,80493,89053.0,6.4948,298.74,439.98,1.6589,10.0,,23,,1.5503,0.19024,,,1.5841,0,,0,0,1,96,96,1,96.0,84333.0
93.4,75,100,90,0.0,41.046,549.71,0.0001,100,1.1,0,0.0010773,13.766,13.052,80533,89103.0,6.4953,298.58,376.58,1.661,10.0,,23,,1.5625,0.19015,,,1.5862,0,,0,0,1,96,96,1,96.0,83190.0
93.6,75,100,90,0.0,43.424,521.67,0.0001,100,1.1,0,0.0010732,13.746,13.092,80575,89154.0,6.4967,298.42,315.36,1.6633,10.0,,23,,1.5731,0.19006,,,1.5884,0,,0,0,1,96,96,1,96.0,84048.0
93.8,75,100,90,0.0,45.257,489.28,0.0001,100,1.1,0,0.0011102,13.712,13.133,80616,89206.0,6.4981,298.33,283.3,1.6655,10.0,,23,,1.5748,0.19004,,,1.5905,0,,0,0,1,96,96,1,96.0,83409.0
94.0,75,100,90,0.0,46.528,477.16,0.0001,100,1.1,0,0.0011144,13.694,13.174,80658,89258.0,6.5019,298.27,259.78,1.6678,10.0,,23,,1.5821,0.18998,,,1.5927,0,,0,0,1,96,96,1,96.0,84938.0
94.2,75,100,90,0.0,46.274,469.05,0.0001,100,1.1,0,0.0011275,13.653,13.215,80700,89310.0,6.5044,298.19,228.93,1.6701,10.0,,23,,1.5997,0.18985,,,1.5949,0,,0,0,1,96,96,1,96.0,83968.0
94.4,75,100,90,0.0,45.043,451.88,0.0001,100,1.1,0,0.0011213,13.638,13.257,80741,89361.0,6.5055,298.13,205.19,1.6724,10.0,,23,,1.6078,0.18978,,,1.5971,0,,0,0,1,96,96,1,96.0,85167.0
94.6,75,100,90,0.0,43.355,438.24,0.0001,100,1.1,0,0.0011063,13.656,13.298,80783,89413.0,6.5067,298.06,177.24,1.6746,10.0,,23,,1.591,0.1899,,,1.5993,0,,0,0,1,96,96,1,96.0,85698.0
94.8,75,100,90,0.0,41.214,418.36,0.0001,100,1.1,0,0.0011162,13.633,13.34,80824,89464.0,6.5049,297.98,149.99,1.6769,10.0,,23,,1.5895,0.18991,,,1.6014,0,,0,0,1,96,96,1,96.0,85397.0
95.0,75,100,90,0.0,39.802,396.48,0.0001,100,1.1,0,0.0011574,13.567,13.382,80864,89514.0,6.5008,297.93,128.19,1.6792,10.0,,23,,1.604,0.1898,,,1.6037,0,,0,0,1,96,96,1,96.0,86434.0
95.2,75,100,90,0.0,40.012,118.94,410.23,100,1.1,0,0.0011884,13.521,13.425,80905,89565.0,6.4959,298.9,501.19,1.6816,10.0,,23,,1.6143,0.18971,,,1.606,0,,0,0,1,96,96,1,96.0,85638.0
95.4,75,100,90,0.0,42.168,451.78,41.023,100,1.1,0,0.0011525,13.558,13.467,80945,89616.0,6.4945,298.9,502.13,1.6839,10.0,,23,,1.6023,0.1898,,,1.6082,0,,0,0,1,96,96,1,96.0,86004.0
95.6,75,100,90,0.0,44.88,479.05,4.1023,100,1.1,0,0.0011487,13.54,13.508,80987,89668.0,6.4966,298.82,469.62,1.6863,10.0,,23,,1.6204,0.18966,,,1.6105,0,,0,0,1,96,96,1,96.0,85369.0
95.8,75,100,90,0.0,46.757,483.66,0.41023,100,1.1,0,0.0011211,13.571,13.549,81028,89719.0,6.5021,298.72,432.5,1.6886,10.0,,23,,1.6066,0.18976,,,1.6127,0,,0,0,1,96,96,1,96.0,85562.0
96.0,75,100,90,0.0,46.443,481.63,0.041023,100,1.1,0,0.0010975,13.586,13.589,81070,89771.0,6.5072,298.64,402.84,1.6908,10.0,1499.1,23,1744.0,1.6039,0.18978,13.425,22.362,1.6148,0,37.526,0,0,1,96,96,1,96.0,85587.0
96.2,75,100,90,0.0,44.094,482.78,0.0041023,100,1.1,0,0.001075,13.607,13.629,81111,89822.0,6.5111,298.57,376.45,1.693,10.0,,23,,1.5898,0.18988,,,1.6169,0,,0,0,1,96,96,1,96.0,86778.0
96.4,75,100,90,0.0,40.182,483.84,0.00041023,100,1.1,0,0.0010502,13.622,13.668,81152,89872.0,6.512,298.49,342.08,1.6952,10.0,,23,,1.5803,0.18995,,,1.619,0,,0,0,1,96,96,1,96.0,86632.0
96.6,75,100,90,0.0,35.897,475.14,0.0001,100,1.1,0,0.0010338,13.619,13.707,81191,89922.0,6.5078,298.41,314.1,1.6973,10.0,,23,,1.579,0.18995,,,1.621,0,,0,0,1,96,96,1,96.0,86984.0
96.8,75,100,90,0.0,33.327,468.97,0.0001,100,1.1,0,0.0010384,13.596,13.746,81230,89971.0,6.4998,298.34,286.7,1.6994,10.0,,23,,1.5834,0.18991,,,1.623,0,,0,0,1,96,96,1,96.0,86670.0
97.0,75,100,90,0.0,33.958,460.5,0.0001,100,1.1,0,0.001057,13.555,13.785,81270,90020.0,6.4943,298.24,245.93,1.7015,10.0,,23,,1.5944,0.18983,,,1.6251,0,,0,0,1,96,96,1,96.0,87526.0
97.2,75,100,90,0.0,36.733,437.4,0.0001,100,1.1,0,0.0010718,13.532,13.826,81310,90070.0,6.4928,298.15,211.8,1.7037,10.0,,23,,1.5979,0.1898,,,1.6272,0,,0,0,1,96,96,1,96.0,87384.0
97.4,75,100,90,0.0,40.108,416.57,0.0001,100,1.1,0,0.0010915,13.505,13.866,81350,90120.0,6.4958,298.09,188.52,1.7059,10.0,,23,,1.6107,0.1897,,,1.6293,0,,0,0,1,96,96,1,96.0,87578.0
97.6,75,100,90,0.0,42.276,401.98,0.0001,100,1.1,0,0.001088,13.506,13.907,81391,90171.0,6.5009,298.03,166.05,1.708,10.0,,23,,1.6063,0.18972,,,1.6314,0,,0,0,1,96,96,1,96.0,87105.0
97.8,75,100,90,0.0,42.428,385.66,0.0001,100,1.1,0,0.0010521,13.546,13.947,81432,90222.0,6.5077,297.98,145.25,1.7102,10.0,,23,,1.5933,0.18982,,,1.6334,0,,0,0,1,96,96,1,96.0,88130.0
98.0,75,100,90,0.0,39.875,368.65,0.0001,100,1.1,0,0.00099546,13.597,13.986,81473,90273.0,6.5114,297.91,119.97,1.7122,10.0,,23,,1.5754,0.18995,,,1.6353,0,,0,0,1,96,96,1,96.0,88815.0
98.2,75,100,90,0.0,35.828,110.6,392.72,100,1.1,0,0.00097803,13.601,14.024,81512,90322.0,6.5114,298.82,470.56,1.7142,10.0,,23,,1.571,0.18998,,,1.6372,0,,0,0,1,96,96,1,96.0,88499.0
98.4,75,100,90,0.0,31.785,420.12,39.272,100,1.1,0,0.000953,13.627,14.062,81551,90370.0,6.5069,298.8,465.02,1.7161,10.0,,23,,1.5516,0.19012,,,1.6391,0,,0,0,1,96,96,1,96.0,88013.0
98.6,75,100,90,0.0,29.57,438.99,3.9272,100,1.1,0,0.00094231,13.613,14.1,81589,90418.0,6.499,298.7,424.78,1.718,10.0,,23,,1.5557,0.19009,,,1.6409,0,,0,0,1,96,96,1,96.0,89193.0
98.8,75,100,90,0.0,30.496,433.33,0.39272,100,1.1,0,0.00093372,13.635,14.137,81628,90466.0,6.4924,298.6,386.51,1.7199,10.0,,23,,1.5381,0.19022,,,1.6427,0,,0,0,1,96,96,1,96.0,88371.0
99.0,75,100,90,0.0,34.036,426.23,0.039272,100,1.1,0,0.00090904,13.65,14.174,81667,90514.0,6.4911,298.5,348.34,1.7217,10.0,,23,,1.5384,0.19021,,,1.6445,0,,0,0,1,96,96,1,96.0,89878.0
99.2,75,100,90,0.0,38.105,415.5,0.0039272,100,1.1,0,0.00087204,13.694,14.209,81707,90564.0,6.4934,298.4,309.14,1.7235,10.0,,23,,1.5227,0.19033,,,1.6462,0,,0,0,1,96,96,1,96.0,89382.0
99.4,75,100,90,0.0,41.244,400.18,0.00039272,100,1.1,0,0.00085205,13.713,14.245,81747,90613.0,6.4996,298.3,268.6,1.7252,10.0,,23,,1.521,0.19034,,,1.6478,0,,0,0,1,96,96,1,96.0,89883.0
99.6,75,100,90,0.0,41.929,379.92,0.0001,100,1.1,0,0.00086542,13.683,14.28,81788,90664.0,6.5068,298.2,231.77,1.7269,10.0,,23,,1.5313,0.19025,,,1.6495,0,,0,0,1,96,96,1,96.0,90220.0
99.8,75,100,90,0.0,39.727,359.08,0.0001,100,1.1,0,0.00085032,13.684,14.316,81829,90713.0,6.5127,298.09,187.62,1.7287,10.0,,23,,1.5289,0.19027,,,1.6511,0,,0,0,1,96,96,1,96.0,90056.0
100.0,75,100,90,0.0,35.155,328.14,0.0001,100,1.1,0,0.00082254,13.702,14.351,81868,90762.0,6.5133,297.98,147.15,1.7303,10.0,,23,,1.5167,0.19036,,,1.6528,0,,0,0,1,96,96,1,96.0,89889.0
100.2,75,100,90,0.0,30.39,296.37,0.0001,100,1.0,-4000,0.0008544,12.8,14.387,81204,90010.0,6.5345,297.89,111.55,1.7223,10.0,,23,,1.5097,0.19043,,,1.6451,0,,0,0,1,96,96,1,96.0,89893.0
100.4,75,100,90,0.0,17.026,88.911,319.69,100,1.0,-4000,0.00086635,12.756,14.423,80536,89255.0,6.5351,298.62,393.3,1.7097,10.0,,23,,1.499,0.19053,,,1.6329,0,,0,0,1,96,96,1,96.0,90065.0
100.6,75,100,90,0.0,3.576,338.4,31.969,100,1.0,-4000,0.00087019,12.701,14.459,79866,88497.0,6.5132,298.6,384.31,1.6968,10.0,,23,,1.4931,0.1906,,,1.6205,0,,0,0,1,96,96,1,96.0,90406.0
100.8,75,100,90,0.0,0.0,348.17,3.1969,100,1.0,-4000,0.00089554,12.631,14.497,79195,87739.0,6.486,298.5,347.03,1.6838,10.0,,23,,1.5008,0.19057,,,1.6081,0,,0,0,1,96,96,1,96.0,90419.0
101.0,75,100,90,0.0,6.1591,336.85,0.31969,100,1.0,-4000,0.0009169,12.62,14.535,78525,86982.0,6.4702,298.4,307.43,1.6709,10.0,,23,,1.4855,0.19071,,,1.5957,0,,0,0,1,96,96,1,96.0,91598.0
101.2,75,100,90,0.0,18.563,319.96,0.031969,100,1.0,-4000,0.00094233,12.606,14.573,77858,86228.0,6.4737,298.29,267.67,1.658,10.0,,23,,1.4693,0.19086,,,1.5833,0,,0,0,1,96,96,1,96.0,91780.0
101.4,75,100,90,0.0,29.543,298.72,0.0031969,100,1.0,-4000,0.00097388,12.601,14.611,77194,85476.0,6.4921,298.2,235.83,1.6451,10.0,,23,,1.4439,0.19107,,,1.5709,0,,0,0,1,96,96,1,96.0,90629.0
101.6,75,100,90,0.0,33.184,280.56,0.00031969,100,1.0,-4000,0.00099944,12.571,14.65,76530,84725.0,6.5139,298.13,210.54,1.6322,10.0,,23,,1.4247,0.19124,,,1.5586,0,,0,0,1,96,96,1,96.0,91315.0
101.8,75,100,90,0.0,28.12,264.95,0.0001,100,1.0,-4000,0.0010257,12.517,14.689,75866,83973.0,6.5281,298.08,189.39,1.6194,10.0,,23,,1.4198,0.1913,,,1.5463,0,,0,0,1,96,96,1,96.0,91503.0
102.0,75,100,90,0.0,17.404,250.34,0.0001,100,1.0,-4000,0.0010758,12.415,14.731,75199,83219.0,6.5246,298.04,175.24,1.6066,10.0,,23,,1.4193,0.19133,,,1.534,0,,0,0,1,96,96,1,96.0,91866.0
102.2,75,100,90,0.0,8.1482,240.01,0.0001,100,1.0,0,0.0010978,12.331,14.773,75234,83263.0,6.4784,298.0,162.42,1.6039,10.0,,23,,1.4432,0.19116,,,1.5315,0,,0,0,1,96,96,1,96.0,91400.0
102.4,75,100,90,0.0,17.451,229.3,0.0001,100,1.0,0,0.0011171,12.325,14.815,75270,83309.0,6.4518,297.96,149.19,1.6057,10.0,,23,,1.4473,0.19112,,,1.5331,0,,0,0,1,96,96,1,96.0,92601.0
102.6,75,100,90,0.0,37.185,216.81,0.0001,100,1.0,0,0.0011553,12.339,14.856,75311,83360.0,6.4534,297.93,137.14,1.6077,10.0,,23,,1.4386,0.19118,,,1.5351,0,,0,0,1,96,96,1,96.0,93468.0
102.8,75,100,90,0.0,56.243,65.042,231.74,100,1.0,0,0.0011613,12.383,14.897,75355,83414.0,6.4725,298.52,348.16,1.6098,10.0,,23,,1.421,0.19131,,,1.537,0,,0,0,1,96,96,1,96.0,93164.0
103.0,75,100,90,0.0,67.694,265.83,23.174,100,1.0,0,0.0011498,12.416,14.938,75402,83470.0,6.4952,298.49,339.67,1.6118,10.0,,23,,1.416,0.19135,,,1.539,0,,0,0,1,96,96,1,96.0,92692.0
103.2,75,100,90,0.0,70.101,272.68,2.3174,100,1.0,0,0.0011725,12.382,14.979,75449,83527.0,6.5158,298.43,314.77,1.6139,10.0,,23,,1.4251,0.19127,,,1.541,0,,0,0,1,96,96,1,96.0,92723.0
103.4,75,100,90,0.0,64.302,267.47,0.23174,100,1.0,0,0.001144,12.403,15.021,75495,83582.0,6.5321,298.34,285.65,1.6159,10.0,,23,,1.4036,0.19143,,,1.5429,0,,0,0,1,96,96,1,96.0,92754.0
103.6,75,100,90,0.0,51.985,255.96,0.023174,100,1.0,0,0.0011297,12.374,15.062,75538,83636.0,6.5421,298.27,258.98,1.6179,10.0,,23,,1.4128,0.19136,,,1.5448,0,,0,0,1,96,96,1,96.0,92618.0
103.8,75,100,90,0.0,35.685,243.87,0.0023174,100,1.0,0,0.0011158,12.327,15.104,75578,83685.0,6.5393,298.21,238.06,1.6199,10.0,,23,,1.4285,0.19124,,,1.5467,0,,0,0,1,96,96,1,96.0,94318.0
104.0,75,100,90,0.0,20.525,234.47,0.00023174,100,1.0,0,0.0011164,12.258,15.146,75615,83732.0,6.5155,298.16,218.28,1.6218,10.0,,23,,1.4589,0.191,,,1.5486,0,,0,0,1,96,96,1,96.0,93188.0
104.2,75,100,90,0.0,14.928,223.88,0.0001,100,1.0,0,0.0011273,12.212,15.189,75651,83778.0,6.4839,298.12,203.78,1.6238,10.0,,23,,1.4684,0.19093,,,1.5505,0,,0,0,1,96,96,1,96.0,93726.0
104.4,75,100,90,0.0,21.896,216.27,0.0001,100,1.0,0,0.0011225,12.218,15.232,75689,83825.0,6.4667,298.07,187.39,1.6258,10.0,,23,,1.4701,0.19091,,,1.5524,0,,0,0,1,96,96,1,96.0,94430.0
104.6,75,100,90,0.0,35.68,205.24,0.0001,100,1.0,0,0.0011258,12.254,15.274,75729,83875.0,6.4708,298.03,172.16,1.6278,10.0,,23,,1.4526,0.19104,,,1.5543,0,,0,0,1,96,96,1,96.0,94630.0
104.8,75,100,90,0.0,47.807,193.66,0.0001,100,1.0,0,0.0011426,12.257,15.315,75772,83928.0,6.4873,297.99,158.97,1.6298,10.0,,23,,1.4544,0.19102,,,1.5562,0,,0,0,1,96,96,1,96.0,94163.0
105.0,75,100,90,0.0,53.371,182.43,0.0001,100,1.0,0,0.0011344,12.278,15.357,75816,83981.0,6.5057,297.95,145.03,1.6318,10.0,,23,,1.447,0.19108,,,1.5582,0,,0,0,1,96,96,1,96.0,94195.0
105.2,75,100,90,0.0,51.605,169.09,0.0001,100,1.0,0,0.0011316,12.253,15.398,75859,84034.0,6.5214,297.91,128.55,1.6338,10.0,,23,,1.4619,0.19096,,,1.5601,0,,0,0,1,96,96,1,96.0,94726.0
105.4,75,100,90,0.0,43.577,50.726,191.56,100,1.0,0,0.0011065,12.251,15.439,75901,84086.0,6.5314,298.39,303.38,1.6357,10.0,,23,,1.4655,0.19093,,,1.5619,0,,0,0,1,96,96,1,96.0,96088.0
105.6,75,100,90,0.0,31.547,214.62,19.156,100,1.0,0,0.0011014,12.218,15.481,75940,84135.0,6.5277,298.38,299.44,1.6376,10.0,,23,,1.4691,0.1909,,,1.5638,0,,0,0,1,96,96,1,96.0,96120.0
105.8,75,100,90,0.0,21.013,221.92,1.9156,100,1.0,0,0.0010407,12.262,15.521,75977,84181.0,6.5099,298.31,274.58,1.6395,10.0,,23,,1.4485,0.19105,,,1.5656,0,,0,0,1,96,96,1,96.0,95146.0
106.0,75,100,90,0.0,17.612,212.57,0.19156,100,1.0,0,0.0010657,12.201,15.563,76014,84227.0,6.4865,298.25,251.22,1.6413,10.0,,23,,1.4646,0.19092,,,1.5673,0,,0,0,1,96,96,1,96.0,95677.0
106.2,75,100,90,0.0,23.554,202.52,0.019156,100,1.0,0,0.0010593,12.212,15.604,76051,84275.0,6.4755,298.17,223.2,1.6432,10.0,,23,,1.4637,0.19093,,,1.5691,0,,0,0,1,96,96,1,96.0,96873.0
106.4,75,100,90,0.0,33.849,185.59,0.0019156,100,1.0,0,0.0010579,12.238,15.644,76091,84324.0,6.4802,298.1,197.23,1.645,10.0,,23,,1.4538,0.191,,,1.5709,0,,0,0,1,96,96,1,96.0,96400.0
106.6,75,100,90,0.0,42.254,167.82,0.00019156,100,1.0,0,0.0010404,12.276,15.684,76133,84375.0,6.4943,298.03,173.77,1.6469,10.0,,23,,1.4443,0.19107,,,1.5726,0,,0,0,1,96,96,1,96.0,96257.0
106.8,75,100,90,0.0,45.033,149.72,0.0001,100,1.0,0,0.001068,12.246,15.724,76175,84427.0,6.5089,297.98,154.49,1.6487,10.0,,23,,1.4413,0.19109,,,1.5744,0,,0,0,1,96,96,1,96.0,96950.0
107.0,75,100,90,0.0,41.985,133.13,0.0001,100,1.0,0,0.0010406,12.272,15.764,76216,84478.0,6.5193,297.94,138.54,1.6505,10.0,,23,,1.4295,0.19117,,,1.5761,0,,0,0,1,96,96,1,96.0,96640.0
107.2,75,100,90,0.0,34.81,39.939,145.68,100,1.0,0,0.001031,12.233,15.804,76256,84527.0,6.5208,298.3,270.39,1.6523,10.0,,23,,1.443,0.19107,,,1.5779,0,,0,0,1,96,96,1,96.0,96997.0
107.4,75,100,90,0.0,27.031,163.19,14.568,100,1.0,0,0.0010237,12.201,15.844,76295,84575.0,6.512,298.29,265.86,1.6541,10.0,,23,,1.4561,0.19096,,,1.5796,0,,0,0,1,96,96,1,96.0,98188.0
107.6,75,100,90,0.0,22.766,167.42,1.4568,100,1.0,0,0.0010248,12.165,15.884,76332,84622.0,6.4966,298.24,249.63,1.6559,10.0,,23,,1.4711,0.19085,,,1.5813,0,,0,0,1,96,96,1,96.0,97548.0
107.8,75,100,90,0.0,24.65,162.88,0.14568,100,1.0,0,0.00103,12.132,15.925,76370,84670.0,6.4854,298.19,231.08,1.6577,10.0,,23,,1.4972,0.19065,,,1.583,0,,0,0,1,96,96,1,96.0,97743.0
108.0,75,100,90,0.0,31.011,154.72,0.014568,100,1.0,0,0.0010357,12.141,15.966,76409,84718.0,6.4851,298.14,212.39,1.6595,10.0,1597.7,23,1759.5,1.4897,0.1907,15.804,23.397,1.5848,0,46.403,0,0,1,96,96,1,96.0,97103.0
108.2,75,100,90,0.0,37.447,144.57,0.0014568,100,1.0,0,0.00099962,12.205,16.005,76450,84768.0,6.4936,298.1,196.4,1.6613,10.0,,23,,1.4663,0.19087,,,1.5865,0,,0,0,1,96,96,1,96.0,97791.0
108.4,75,100,90,0.0,40.487,135.07,0.00014568,100,1.0,0,0.00099052,12.201,16.044,76491,84819.0,6.5048,298.05,181.25,1.663,10.0,,23,,1.4812,0.19076,,,1.5881,0,,0,0,1,96,96,1,96.0,97309.0
108.6,75,100,90,0.0,39.085,124.67,0.0001,100,1.0,0,0.00097313,12.226,16.082,76532,84869.0,6.5129,298.02,167.76,1.6647,10.0,,23,,1.4656,0.19087,,,1.5898,0,,0,0,1,96,96,1,96.0,98992.0
108.8,75,100,90,0.0,34.467,114.26,0.0001,100,1.0,0,0.00096863,12.19,16.121,76572,84918.0,6.5152,297.99,156.28,1.6664,10.0,,23,,1.4852,0.19072,,,1.5914,0,,0,0,1,96,96,1,96.0,97510.0
109.0,75,100,90,0.0,28.911,104.36,0.0001,100,1.0,0,0.0010136,12.096,16.161,76610,84967.0,6.5089,297.96,146.94,1.6681,10.0,,23,,1.5126,0.19051,,,1.5931,0,,0,0,1,96,96,1,96.0,99203.0
109.2,75,100,90,0.0,25.9,95.247,0.0001,100,1.0,0,0.00099144,12.111,16.201,76649,85015.0,6.5002,297.93,137.31,1.6699,10.0,,23,,1.502,0.19059,,,1.5947,0,,0,0,1,96,96,1,96.0,98226.0
109.4,75,100,90,0.0,26.36,28.574,109.88,100,1.0,0,0.0010283,12.048,16.242,76687,85062.0,6.4929,298.21,239.04,1.6716,10.0,,23,,1.5181,0.19046,,,1.5964,0,,0,0,1,96,96,1,96.0,99587.0
109.6,75,100,90,0.0,29.711,122.4,10.988,100,1.0,0,0.0010478,12.018,16.282,76726,85111.0,6.4894,298.2,233.18,1.6735,10.0,,23,,1.5333,0.19034,,,1.5982,0,,0,0,1,96,96,1,96.0,100280.0
109.8,75,100,90,0.0,34.478,122.77,1.0988,100,1.0,0,0.0011184,11.939,16.324,76766,85161.0,6.4911,298.17,222.05,1.6754,10.0,,23,,1.5481,0.19023,,,1.6,0,,0,0,1,96,96,1,96.0,99482.0
110.0,75,100,90,0.0,38.555,119.77,0.10988,100,1.0,0,0.0011262,11.917,16.366,76806,85212.0,6.4966,298.13,209.75,1.6773,10.0,,23,,1.566,0.19009,,,1.6018,0,,0,0,1,96,96,1,96.0,99350.0
110.2,75,100,90,0.0,40.435,114.64,0.010988,100,1.0,0,0.0011033,11.949,16.408,76847,85263.0,6.5042,298.1,197.3,1.6792,10.0,,23,,1.5591,0.19014,,,1.6037,0,,0,0,1,96,96,1,96.0,99217.0
110.4,75,100,90,0.0,39.284,108.14,0.0010988,100,1.0,0,0.0011011,11.939,16.45,76888,85313.0,6.5099,298.07,188.06,1.6811,10.0,,23,,1.5623,0.19011,,,1.6055,0,,0,0,1,96,96,1,96.0,100750.0
110.6,75,100,90,0.0,35.835,103.4,0.00010988,100,1.0,0,0.0011117,11.901,16.492,76928,85363.0,6.5107,298.05,180.01,1.683,10.0,,23,,1.5754,0.19001,,,1.6073,0,,0,0,1,96,96,1,96.0,99783.0
110.8,75,100,90,0.0,32.072,98.773,0.0001,100,1.0,0,0.0011203,11.871,16.534,76968,85413.0,6.5068,298.03,172.67,1.6849,10.0,,23,,1.5821,0.18995,,,1.6091,0,,0,0,1,96,96,1,96.0,99818.0
111.0,75,100,90,0.0,29.89,93.964,0.0001,100,1.0,0,0.0010927,11.874,16.575,77007,85462.0,6.5009,298.01,164.68,1.6868,10.0,,23,,1.5885,0.1899,,,1.6109,0,,0,0,1,96,96,1,96.0,101180.0
111.2,75,100,90,0.0,30.042,87.788,0.0001,100,1.0,0,0.0010994,11.847,16.617,77046,85511.0,6.4959,297.99,158.57,1.6887,10.0,,23,,1.6014,0.1898,,,1.6127,0,,0,0,1,96,96,1,96.0,101220.0
111.4,75,100,90,0.0,32.218,82.585,0.0001,100,1.0,0,0.0010722,11.858,16.659,77085,85560.0,6.4935,297.97,151.84,1.6905,10.0,,23,,1.6088,0.18974,,,1.6145,0,,0,0,1,96,96,1,96.0,100750.0
111.6,75,100,90,0.0,35.34,76.131,0.0001,100,1.0,0,0.00109,11.832,16.701,77125,85610.0,6.4945,297.96,145.66,1.6924,10.0,,23,,1.6192,0.18966,,,1.6163,0,,0,0,1,96,96,1,96.0,101120.0
111.8,75,100,90,0.0,38.039,69.53,0.0001,100,1.0,0,0.0010828,11.838,16.742,77166,85660.0,6.4975,297.94,139.65,1.6942,10.0,,23,,1.6145,0.18969,,,1.6181,0,,0,0,1,96,96,1,96.0,101650.0
112.0,75,100,90,0.0,39.573,20.859,81.885,100,1.0,0,0.0010758,11.845,16.784,77207,85711.0,6.5036,298.15,216.98,1.6961,10.0,,23,,1.6097,0.18972,,,1.6199,0,,0,0,1,96,96,1,96.0,102180.0
112.2,75,100,90,0.0,38.659,91.296,8.1885,100,1.0,0,0.0010933,11.815,16.826,77247,85762.0,6.508,298.14,214.32,1.6979,10.0,,23,,1.6122,0.1897,,,1.6216,0,,0,0,1,96,96,1,96.0,102380.0
112.4,75,100,90,0.0,35.971,92.922,0.81885,100,1.0,0,0.0011209,11.753,16.868,77287,85812.0,6.5087,298.13,207.3,1.6998,10.0,,23,,1.6364,0.18951,,,1.6235,0,,0,0,1,96,96,1,96.0,102920.0
112.6,75,100,90,0.0,33.024,91.828,0.081885,100,1.0,0,0.0011057,11.743,16.91,77327,85862.0,6.5064,298.11,201.02,1.7017,10.0,,23,,1.6489,0.18941,,,1.6253,0,,0,0,1,96,96,1,96.0,102280.0
112.8,75,100,90,0.0,30.978,90.802,0.0081885,100,1.0,0,0.001139,11.675,16.953,77366,85911.0,6.4997,298.1,197.1,1.7036,10.0,,23,,1.6705,0.18925,,,1.6271,0,,0,0,1,96,96,1,96.0,102320.0
113.0,75,100,90,0.0,31.627,91.335,0.00081885,100,1.0,0,0.001109,11.699,16.994,77405,85960.0,6.4947,298.08,191.94,1.7055,10.0,,23,,1.6724,0.18923,,,1.629,0,,0,0,1,96,96,1,96.0,102350.0
113.2,75,100,90,0.0,34.247,90.261,0.0001,100,1.0,0,0.0011317,11.678,17.037,77445,86010.0,6.4924,298.07,186.3,1.7075,10.0,,23,,1.6737,0.18922,,,1.6308,0,,0,0,1,96,96,1,96.0,102220.0
113.4,75,100,90,0.0,37.809,88.243,0.0001,100,1.0,0,0.0011407,11.666,17.079,77486,86061.0,6.4928,298.05,180.39,1.7094,10.0,,23,,1.6744,0.18921,,,1.6326,0,,0,0,1,96,96,1,96.0,103260.0
113.6,75,100,90,0.0,41.19,85.412,0.0001,100,1.0,0,0.0011412,11.639,17.121,77527,86112.0,6.4984,298.04,175.4,1.7113,10.0,,23,,1.6978,0.18903,,,1.6345,0,,0,0,1,96,96,1,96.0,103290.0
113.8,75,100,90,0.0,42.328,82.857,0.0001,100,1.0,0,0.0011218,11.664,17.163,77568,86164.0,6.5053,298.02,170.06,1.7132,10.0,,23,,1.6922,0.18906,,,1.6363,0,,0,0,1,96,96,1,96.0,104330.0
114.0,75,100,90,0.0,40.73,79.447,0.0001,100,1.0,0,0.0011229,11.651,17.205,77609,86215.0,6.5103,298.01,164.93,1.7151,10.0,,23,,1.6868,0.1891,,,1.6382,0,,0,0,1,96,96,1,96.0,103190.0
114.2,75,100,90,0.0,37.12,75.696,0.0001,100,1.0,0,0.0010852,11.686,17.246,77650,86266.0,6.5109,297.99,158.93,1.717,10.0,,23,,1.6693,0.18923,,,1.64,0,,0,0,1,96,96,1,96.0,103560.0
114.4,75,100,90,0.0,33.292,70.62,0.0001,100,1.0,0,0.001081,11.663,17.288,77689,86315.0,6.507,297.98,154.88,1.7188,10.0,,23,,1.6782,0.18916,,,1.6417,0,,0,0,1,96,96,1,96.0,105090.0
114.6,75,100,90,0.0,31.012,66.768,0.0001,100,1.0,0,0.0010414,11.708,17.328,77728,86364.0,6.4996,297.97,150.49,1.7206,10.0,,23,,1.6559,0.18933,,,1.6434,0,,0,0,1,96,96,1,96.0,104780.0
114.8,75,100,90,0.0,31.685,62.161,0.0001,100,1.0,0,0.001023,11.731,17.368,77768,86414.0,6.493,297.96,145.56,1.7224,10.0,,23,,1.6436,0.18941,,,1.6451,0,,0,0,1,96,96,1,96.0,104470.0
115.0,75,100,90,0.0,35.015,56.605,0.0001,100,1.0,0,0.0010162,11.743,17.408,77808,86463.0,6.49,297.95,141.32,1.7241,10.0,,23,,1.641,0.18943,,,1.6468,0,,0,0,1,96,96,1,96.0,105000.0
115.2,75,100,90,0.0,39.504,16.981,67.262,100,1.0,0,0.0010068,11.755,17.446,77848,86514.0,6.4932,298.11,203.24,1.7258,10.0,,23,,1.6458,0.18939,,,1.6484,0,,0,0,1,96,96,1,96.0,104680.0
115.4,75,100,90,0.0,42.73,72.611,6.7262,100,1.0,0,0.00099784,11.783,17.485,77890,86565.0,6.5011,298.11,200.88,1.7275,10.0,,23,,1.6275,0.18953,,,1.65,0,,0,0,1,96,96,1,96.0,105530.0
115.6,75,100,90,0.0,42.774,73.446,0.67262,100,1.0,0,0.00097886,11.785,17.523,77931,86616.0,6.5088,298.08,192.08,1.7292,10.0,,23,,1.6326,0.18948,,,1.6516,0,,0,0,1,96,96,1,96.0,105050.0
115.8,75,100,90,0.0,39.762,69.358,0.067262,100,1.0,0,0.000998,11.755,17.562,77972,86667.0,6.5126,298.06,184.48,1.7308,10.0,,23,,1.6296,0.1895,,,1.6532,0,,0,0,1,96,96,1,96.0,106230.0
116.0,75,100,90,0.0,35.236,65.636,0.0067262,100,1.0,0,0.00098879,11.753,17.6,78012,86717.0,6.5115,298.04,177.37,1.7325,10.0,,23,,1.6233,0.18955,,,1.6548,0,,0,0,1,96,96,1,96.0,105080.0
116.2,75,100,90,0.0,31.184,61.575,0.00067262,100,1.0,0,0.0010064,11.705,17.639,78051,86766.0,6.5037,298.03,172.85,1.7342,10.0,,23,,1.633,0.18947,,,1.6564,0,,0,0,1,96,96,1,96.0,106100.0
116.4,75,100,90,0.0,30.239,59.201,0.0001,100,1.0,0,0.0010001,11.694,17.678,78090,86814.0,6.4957,298.02,167.73,1.7359,10.0,,23,,1.6428,0.18939,,,1.6581,0,,0,0,1,96,96,1,96.0,105290.0
116.6,75,100,90,0.0,32.492,55.759,0.0001,100,1.0,0,0.0010143,11.675,17.717,78129,86864.0,6.4892,298.01,164.6,1.7375,10.0,,23,,1.6418,0.1894,,,1.6597,0,,0,0,1,96,96,1,96.0,107140.0
116.8,75,100,90,0.0,37.332,53.659,0.0001,100,1.0,0,0.001033,11.652,17.756,78170,86914.0,6.488,298.0,161.34,1.7393,10.0,,23,,1.6526,0.18931,,,1.6613,0,,0,0,1,96,96,1,96.0,106160.0
117.0,75,100,90,0.0,42.649,51.088,0.0001,100,1.0,0,0.001039,11.655,17.795,78211,86965.0,6.4911,297.99,158.82,1.741,10.0,,23,,1.6529,0.18931,,,1.663,0,,0,0,1,96,96,1,96.0,107180.0
117.2,75,100,90,0.0,46.698,48.875,0.0001,100,1.0,0,0.0010139,11.694,17.834,78253,87018.0,6.4979,297.98,155.21,1.7427,10.0,,23,,1.6421,0.18939,,,1.6646,0,,0,0,1,96,96,1,96.0,106030.0
117.4,75,100,90,0.0,48.051,45.392,0.0001,100,1.0,0,0.0010243,11.668,17.872,78296,87070.0,6.5046,297.98,152.49,1.7444,10.0,,23,,1.6519,0.18931,,,1.6663,0,,0,0,1,96,96,1,96.0,107210.0
117.6,75,100,90,0.0,46.738,42.387,0.0001,100,1.0,0,0.0009945,11.706,17.909,78338,87122.0,6.5099,297.97,148.8,1.7461,10.0,,23,,1.63,0.18947,,,1.6679,0,,0,0,1,96,96,1,96.0,107220.0
117.8,75,100,90,0.0,43.289,38.198,0.0001,100,1.0,0,0.00099567,11.683,17.947,78380,87174.0,6.5118,297.96,146.72,1.7478,10.0,,23,,1.6313,0.18946,,,1.6695,0,,0,0,1,96,96,1,96.0,107240.0
118.0,75,100,90,0.0,39.12,35.146,0.0001,100,1.0,0,0.00097166,11.703,17.984,78420,87224.0,6.5116,297.96,144.74,1.7494,10.0,,23,,1.6165,0.18957,,,1.6711,0,,0,0,1,96,96,1,96.0,107910.0
118.2,75,100,90,0.0,35.005,31.946,0.0001,100,1.0,0,0.00097846,11.665,18.022,78460,87274.0,6.5059,297.95,143.63,1.7511,10.0,,23,,1.6283,0.18947,,,1.6727,0,,0,0,1,96,96,1,96.0,107430.0
118.4,75,100,90,0.0,33.199,29.35,0.0001,100,1.0,0,0.00097247,11.671,18.059,78500,87323.0,6.4992,297.95,142.65,1.7527,10.0,,23,,1.6171,0.18956,,,1.6742,0,,0,0,1,96,96,1,96.0,108110.0
118.6,75,100,90,0.0,34.057,26.74,0.0001,100,1.0,0,0.00096151,11.673,18.096,78540,87373.0,6.4944,297.95,141.78,1.7543,10.0,,23,,1.6201,0.18953,,,1.6758,0,,0,0,1,96,96,1,96.0,107120.0
118.8,75,100,90,0.0,36.823,8.022,36.959,100,1.0,0,0.00098192,11.658,18.133,78580,87423.0,6.4916,298.04,177.54,1.756,10.0,,23,,1.6131,0.18958,,,1.6774,0,,0,0,1,96,96,1,96.0,108130.0
119.0,75,100,90,0.0,40.683,39.008,3.6959,100,1.0,0,0.00094386,11.712,18.169,78621,87474.0,6.4948,298.04,177.75,1.7576,10.0,,23,,1.5962,0.18971,,,1.6789,0,,0,0,1,96,96,1,96.0,108300.0
119.2,75,100,90,0.0,43.247,40.155,0.36959,100,1.0,0,0.00092586,11.725,18.205,78662,87525.0,6.5013,298.04,174.25,1.7592,10.0,,23,,1.5962,0.1897,,,1.6804,0,,0,0,1,96,96,1,96.0,109130.0
119.4,75,100,90,0.0,43.225,38.617,0.036959,100,1.0,0,0.0009153,11.747,18.24,78704,87576.0,6.5089,298.02,170.15,1.7607,10.0,,23,,1.5774,0.18984,,,1.6819,0,,0,0,1,96,96,1,96.0,107970.0
119.6,75,100,90,0.0,40.172,36.261,0.0036959,100,1.0,0,0.00093473,11.69,18.275,78745,87627.0,6.5118,298.02,167.6,1.7623,10.0,,23,,1.6024,0.18965,,,1.6834,0,,0,0,1,96,96,1,96.0,108630.0
119.8,75,100,90,0.0,35.972,34.932,0.00036959,100,1.0,0,0.00094866,11.634,18.311,78785,87676.0,6.5098,298.01,166.34,1.7639,10.0,,23,,1.6244,0.18948,,,1.685,0,,0,0,1,96,96,1,96.0,108640.0
120.0,75,100,90,0.0,32.603,34.499,0.0001,100,1.0,0,0.00094322,11.62,18.348,78824,87726.0,6.5034,298.01,164.76,1.7655,10.0,1656.4,23,1774.5,1.6304,0.18943,18.205,24.304,1.6865,0,55.112,0,0,1,96,96,1,96.0,108650.0
120.2,75,100,90,0.0,31.787,33.62,0.0001,100,1.0,0,0.00095336,11.585,18.384,78863,87775.0,6.4957,298.01,163.43,1.7671,10.0,,23,,1.6466,0.18931,,,1.688,0,,0,0,1,96,96,1,96.0,110150.0
120.4,75,100,90,0.0,34.03,32.826,0.0001,100,1.0,0,0.00096307,11.569,18.421,78903,87824.0,6.492,298.01,162.95,1.7687,10.0,,23,,1.6453,0.18931,,,1.6896,0,,0,0,1,96,96,1,96.0,109830.0
120.6,75,100,90,0.0,37.751,32.664,0.0001,100,1.0,0,0.00096963,11.537,18.459,78943,87875.0,6.4935,298.0,162.54,1.7703,10.0,,23,,1.6727,0.1891,,,1.6911,0,,0,0,1,96,96,1,96.0,108670.0
120.8,75,100,90,0.0,40.838,32.515,0.0001,100,1.0,0,0.00095831,11.564,18.496,78984,87926.0,6.4985,298.0,161.9,1.7719,10.0,,23,,1.6639,0.18917,,,1.6927,0,,0,0,1,96,96,1,96.0,109690.0
121.0,75,100,90,0.0,41.959,32.103,0.0001,100,1.0,0,0.00098325,11.517,18.534,79025,87977.0,6.5032,298.01,162.75,1.7735,10.0,,23,,1.6781,0.18906,,,1.6943,0,,0,0,1,96,96,1,96.0,110700.0
121.2,75,100,90,0.0,41.183,33.0,0.0001,100,1.0,0,0.000991,11.474,18.572,79066,88028.0,6.5064,298.01,164.63,1.7752,10.0,,23,,1.7032,0.18886,,,1.6958,0,,0,0,1,96,96,1,96.0,111050.0
121.4,75,100,90,0.0,39.143,34.882,0.0001,100,1.0,0,0.0010069,11.431,18.61,79107,88079.0,6.5071,298.02,166.64,1.7769,10.0,,23,,1.7126,0.18879,,,1.6975,0,,0,0,1,96,96,1,96.0,110900.0
121.6,75,100,90,0.0,36.845,37.056,0.0001,100,1.0,0,0.00098502,11.455,18.648,79147,88129.0,6.5056,298.02,167.34,1.7785,10.0,,23,,1.703,0.18886,,,1.6991,0,,0,0,1,96,96,1,96.0,111410.0
121.8,75,100,90,0.0,35.112,38.233,0.0001,100,1.0,0,0.00097946,11.439,18.687,79187,88179.0,6.502,298.02,168.34,1.7802,10.0,,23,,1.7094,0.18881,,,1.7006,0,,0,0,1,96,96,1,96.0,110930.0
122.0,75,100,90,0.0,34.834,39.772,0.0001,100,1.0,0,0.0010166,11.403,18.726,79227,88229.0,6.4976,298.02,169.81,1.7819,10.0,,23,,1.7037,0.18885,,,1.7022,0,,0,0,1,96,96,1,96.0,110620.0
122.2,75,100,90,0.0,36.316,41.841,0.0001,100,1.0,0,0.0010317,11.388,18.765,79267,88279.0,6.4956,298.03,171.33,1.7836,10.0,,23,,1.7037,0.18884,,,1.7039,0,,0,0,1,96,96,1,96.0,110640.0
122.4,75,100,90,0.0,38.602,44.081,0.0001,100,1.0,0,0.0010721,11.334,18.806,79307,88330.0,6.4954,298.03,173.93,1.7853,10.0,,23,,1.7127,0.18877,,,1.7055,0,,0,0,1,96,96,1,96.0,110330.0
122.6,75,100,90,0.0,40.954,47.457,0.0001,100,1.0,0,0.0011055,11.279,18.847,79348,88382.0,6.4964,298.05,178.26,1.7871,10.0,,23,,1.7332,0.18861,,,1.7073,0,,0,0,1,96,96,1,96.0,110530.0
122.8,75,100,90,0.0,42.9,52.646,0.0001,100,1.0,0,0.0011188,11.267,18.888,79389,88434.0,6.4988,298.05,181.62,1.7889,10.0,,23,,1.7321,0.18862,,,1.709,0,,0,0,1,96,96,1,96.0,111060.0
123.0,75,100,90,0.0,43.906,57.337,0.0001,100,1.0,0,0.0011277,11.25,18.929,79431,88486.0,6.5017,298.06,184.11,1.7908,10.0,,23,,1.7364,0.18858,,,1.7108,0,,0,0,1,96,96,1,96.0,111760.0
123.2,75,100,90,0.0,43.731,61.599,0.0001,100,1.0,0,0.0011569,11.194,18.971,79472,88539.0,6.5028,298.07,185.93,1.7927,10.0,,23,,1.759,0.18841,,,1.7126,0,,0,0,1,96,96,1,96.0,111120.0
123.4,75,100,90,0.0,43.126,65.505,0.0001,100,1.0,0,0.0011502,11.175,19.013,79514,88591.0,6.5026,298.07,186.89,1.7945,10.0,,23,,1.7756,0.18828,,,1.7144,0,,0,0,1,96,96,1,96.0,112490.0
123.6,75,100,90,0.0,42.62,68.819,0.0001,100,1.0,0,0.0011639,11.142,19.055,79555,88643.0,6.501,298.07,188.31,1.7964,10.0,,23,,1.784,0.18821,,,1.7162,0,,0,0,1,96,96,1,96.0,112360.0
123.8,75,100,90,0.0,42.729,72.668,0.0001,100,1.0,0,0.0011994,11.086,19.098,79596,88695.0,6.4981,298.08,190.81,1.7984,10.0,,23,,1.7964,0.18811,,,1.7181,0,,0,0,1,96,96,1,96.0,111730.0
124.0,75,100,90,0.0,44.014,77.623,0.0001,100,1.0,0,0.0012169,11.049,19.142,79638,88748.0,6.4971,298.08,192.79,1.8004,10.0,,23,,1.8125,0.18799,,,1.72,0,,0,0,1,96,96,1,96.0,112770.0
124.2,75,100,90,0.0,45.676,82.335,0.0001,100,1.0,0,0.0012068,11.062,19.185,79680,88801.0,6.4978,298.09,195.03,1.8023,10.0,,23,,1.8073,0.18802,,,1.7219,0,,0,0,1,96,96,1,96.0,113480.0
124.4,75,100,90,0.0,47.08,87.482,0.0001,100,1.0,0,0.0012018,11.074,19.227,79722,88854.0,6.4998,298.09,195.81,1.8043,10.0,,23,,1.7986,0.18808,,,1.7238,0,,0,0,1,96,96,1,96.0,113520.0
124.6,75,100,90,0.0,47.675,91.532,0.0001,100,1.0,0,0.0011989,11.078,19.27,79764,88907.0,6.5028,298.09,195.72,1.8063,10.0,,23,,1.7999,0.18807,,,1.7257,0,,0,0,1,96,96,1,96.0,114220.0
124.8,75,100,90,0.0,47.079,94.892,0.0001,100,1.0,0,0.0012004,11.042,19.313,79806,88960.0,6.5041,298.09,194.65,1.8082,10.0,,23,,1.8217,0.1879,,,1.7275,0,,0,0,1,96,96,1,96.0,113090.0
125.0,75,100,90,0.0,45.957,97.369,0.0001,100,1.0,0,0.001164,11.073,19.354,79848,89013.0,6.505,298.08,191.13,1.8101,10.0,,23,,1.8197,0.18791,,,1.7294,0,,0,0,1,96,96,1,96.0,113960.0
125.2,75,100,90,0.0,44.477,97.552,0.0001,100,1.0,0,0.0011713,11.056,19.396,79890,89066.0,6.5044,298.07,188.41,1.812,10.0,,23,,1.8238,0.18788,,,1.7312,0,,0,0,1,96,96,1,96.0,114660.0
125.4,75,100,90,0.0,43.252,98.168,0.0001,100,1.0,0,0.0011541,11.077,19.438,79931,89118.0,6.5024,298.06,185.1,1.8138,10.0,,23,,1.811,0.18797,,,1.733,0,,0,0,1,96,96,1,96.0,114190.0
125.6,75,100,90,0.0,42.8,97.957,0.0001,100,1.0,0,0.0011316,11.096,19.478,79972,89170.0,6.4997,298.06,182.74,1.8157,10.0,,23,,1.8027,0.18803,,,1.7347,0,,0,0,1,96,96,1,96.0,114880.0
125.8,75,100,90,0.0,43.45,98.297,0.0001,100,1.0,0,0.0010736,11.171,19.517,80014,89222.0,6.4996,298.05,178.47,1.8174,10.0,,23,,1.777,0.18822,,,1.7364,0,,0,0,1,96,96,1,96.0,115070.0
126.0,75,100,90,0.0,44.106,96.669,0.0001,100,1.0,0,0.0010944,11.162,19.557,80055,89274.0,6.4989,298.04,174.58,1.8192,10.0,,23,,1.7619,0.18833,,,1.7381,0,,0,0,1,96,96,1,96.0,115590.0
126.2,75,100,90,0.0,45.052,95.005,0.0001,100,1.0,0,0.0010872,11.166,19.596,80097,89327.0,6.4985,298.03,170.8,1.8209,10.0,,23,,1.761,0.18834,,,1.7398,0,,0,0,1,96,96,1,96.0,115110.0
126.4,75,100,90,0.0,46.184,93.054,0.0001,100,1.0,0,0.0010604,11.211,19.635,80139,89379.0,6.4985,298.02,167.13,1.8226,10.0,,23,,1.7427,0.18847,,,1.7414,0,,0,0,1,96,96,1,96.0,115460.0
126.6,75,100,90,0.0,47.302,90.822,0.0001,100,1.0,0,0.0010914,11.174,19.674,80181,89432.0,6.4983,298.01,162.53,1.8243,10.0,,23,,1.7444,0.18846,,,1.743,0,,0,0,1,96,96,1,96.0,115150.0
126.8,75,100,90,0.0,48.489,87.4,0.0001,100,1.0,0,0.0011058,11.145,19.713,80223,89485.0,6.5,298.0,159.44,1.8261,10.0,,23,,1.7617,0.18832,,,1.7447,0,,0,0,1,96,96,1,96.0,114670.0
127.0,75,100,90,0.0,48.989,84.908,0.0001,100,1.0,0,0.0011311,11.097,19.752,80266,89539.0,6.5014,297.99,157.01,1.8278,10.0,,23,,1.7834,0.18815,,,1.7464,0,,0,0,1,96,96,1,96.0,115530.0
127.2,75,100,90,0.0,48.967,82.678,0.0001,100,1.0,0,0.001126,11.103,19.792,80308,89592.0,6.5036,297.98,153.59,1.8296,10.0,,23,,1.7863,0.18813,,,1.7481,0,,0,0,1,96,96,1,96.0,115210.0
127.4,75,100,90,0.0,48.045,79.312,0.0001,100,1.0,0,0.0011572,11.037,19.832,80351,89645.0,6.5033,297.98,151.74,1.8314,10.0,,23,,1.8039,0.18799,,,1.7498,0,,0,0,1,96,96,1,96.0,116400.0
127.6,75,100,90,0.0,47.25,77.039,0.0001,100,1.0,0,0.0011135,11.084,19.871,80393,89698.0,6.5032,297.97,149.94,1.8331,10.0,,23,,1.7969,0.18804,,,1.7515,0,,0,0,1,96,96,1,96.0,116090.0
127.8,75,100,90,0.0,46.472,74.6,0.0001,100,1.0,0,0.0011217,11.066,19.91,80435,89751.0,6.5034,297.97,148.61,1.8349,10.0,,23,,1.7955,0.18805,,,1.7532,0,,0,0,1,96,96,1,96.0,116110.0
128.0,75,100,90,0.0,45.612,72.414,0.0001,100,1.0,0,0.0011129,11.06,19.949,80477,89804.0,6.5048,297.97,148.66,1.8366,10.0,,23,,1.803,0.18799,,,1.7548,0,,0,0,1,96,96,1,96.0,116130.0
128.2,75,100,90,0.0,44.22,71.323,0.0001,100,1.0,0,0.001107,11.071,19.987,80518,89856.0,6.5049,297.97,150.52,1.8383,10.0,,23,,1.7832,0.18814,,,1.7565,0,,0,0,1,96,96,1,96.0,116150.0
128.4,75,100,90,0.0,42.79,71.826,0.0001,100,1.0,0,0.0011188,11.043,20.026,80559,89908.0,6.5037,297.98,152.45,1.8401,10.0,,23,,1.7885,0.18809,,,1.7582,0,,0,0,1,96,96,1,96.0,117670.0
128.6,75,100,90,0.0,41.852,72.539,0.0001,100,1.0,0,0.0011498,10.979,20.066,80601,89960.0,6.5009,297.99,156.35,1.8418,10.0,,23,,1.8147,0.18789,,,1.7599,0,,0,0,1,96,96,1,96.0,117860.0
128.8,75,100,90,0.0,42.035,75.204,0.0001,100,1.0,0,0.001163,10.952,20.106,80642,90013.0,6.4982,298.0,160.05,1.8436,10.0,,23,,1.8225,0.18783,,,1.7616,0,,0,0,1,96,96,1,96.0,118380.0
129.0,75,100,90,0.0,43.274,78.021,0.0001,100,1.0,0,0.0011469,10.96,20.145,80683,90065.0,6.4966,298.01,163.24,1.8454,10.0,,23,,1.8214,0.18783,,,1.7633,0,,0,0,1,96,96,1,96.0,118070.0
129.2,75,100,90,0.0,45.164,80.754,0.0001,100,1.0,0,0.0011608,10.958,20.184,80725,90118.0,6.4952,298.01,165.14,1.8472,10.0,,23,,1.8137,0.18789,,,1.7651,0,,0,0,1,96,96,1,96.0,117590.0
129.4,75,100,90,0.0,47.609,82.646,0.0001,100,1.0,0,0.0011778,10.948,20.224,80767,90171.0,6.4963,298.02,167.63,1.8491,10.0,,23,,1.8095,0.18792,,,1.7668,0,,0,0,1,96,96,1,96.0,117780.0
129.6,75,100,90,0.0,49.615,85.272,0.0001,100,1.0,0,0.00116,10.975,20.263,80809,90225.0,6.4983,298.02,168.22,1.8509,10.0,,23,,1.7902,0.18806,,,1.7685,0,,0,0,1,96,96,1,96.0,118470.0
129.8,75,100,90,0.0,50.794,86.436,0.0001,100,1.0,0,0.00114,11.006,20.303,80852,90279.0,6.5023,298.02,167.87,1.8526,10.0,,23,,1.7769,0.18816,,,1.7702,0,,0,0,1,96,96,1,96.0,118490.0
130.0,75,100,90,0.0,50.396,86.858,0.0001,100,1.0,0,0.0011145,11.021,20.341,80895,90332.0,6.5073,298.01,166.07,1.8543,10.0,,23,,1.78,0.18813,,,1.7719,0,,0,0,1,96,96,1,96.0,119340.0
130.2,75,100,90,0.0,47.999,85.97,0.0001,100,1.0,-4000,0.0011448,10.963,20.38,80239,89586.0,6.5363,298.0,162.49,1.8455,10.0,,23,,1.7909,0.18806,,,1.7634,0,,0,0,1,96,96,1,96.0,117860.0
130.4,75,100,90,0.0,33.916,83.334,0.0001,100,1.0,-4000,0.0011543,10.891,20.42,79580,88836.0,6.5503,298.0,159.86,1.8318,10.0,,23,,1.7975,0.18804,,,1.7502,0,,0,0,1,96,96,1,96.0,118880.0
130.6,75,100,90,0.51957,16.958,81.214,0.0001,100,1.0,-4000,0.0011452,10.848,20.46,78918,88083.0,6.539,298.0,159.54,1.8177,10.0,,23,,1.7854,0.18816,,,1.7367,0,,0,0,1,96,96,1,96.0,119240.0
130.8,75,100,90,0.0,1.9479,80.908,0.0001,100,1.0,-4000,0.0011729,10.781,20.501,78253,87327.0,6.5049,298.0,162.42,1.8036,10.0,,23,,1.7594,0.18838,,,1.7232,0,,0,0,1,96,96,1,96.0,119940.0
131.0,75,100,90,0.0,0.59047,83.453,0.0001,100,1.0,-4000,0.0011911,10.736,20.542,77587,86571.0,6.4715,298.01,165.57,1.7895,10.0,,23,,1.7579,0.18842,,,1.7096,0,,0,0,1,96,96,1,96.0,119470.0
131.2,75,100,90,0.0,12.525,86.493,0.0001,100,1.0,-4000,0.0011942,10.764,20.583,76925,85818.0,6.458,298.02,168.49,1.7755,10.0,,23,,1.7383,0.1886,,,1.6961,0,,0,0,1,96,96,1,96.0,119660.0
131.4,75,100,90,0.0,29.789,89.645,0.0001,100,1.0,-4000,0.0012012,10.82,20.622,76265,85067.0,6.4693,298.02,168.09,1.7614,10.0,,23,,1.7024,0.18889,,,1.6825,0,,0,0,1,96,96,1,96.0,121010.0
131.6,75,100,90,0.0,42.489,90.007,0.0001,100,1.0,-4000,0.0011897,10.88,20.661,75609,84320.0,6.4958,298.01,165.49,1.7472,10.0,,23,,1.6669,0.18919,,,1.669,0,,0,0,1,96,96,1,96.0,119370.0
131.8,75,100,90,0.0,44.638,88.304,0.0001,100,1.0,-4000,0.0011818,10.905,20.7,74953,83572.0,6.5244,298.01,162.62,1.7331,10.0,,23,,1.6361,0.18945,,,1.6554,0,,0,0,1,96,96,1,96.0,119880.0
132.0,75,100,90,0.0,35.386,86.103,0.0001,100,1.0,-4000,0.0012147,10.833,20.739,74295,82823.0,6.5411,298.0,161.32,1.7189,10.0,1655.4,23,1780.9,1.629,0.18953,20.583,25.173,1.6418,0,63.575,0,0,1,96,96,1,96.0,120070.0
132.2,75,100,90,0.0,19.508,85.1,0.0001,100,1.0,0,0.00122,10.734,20.779,74332,82871.0,6.5062,298.0,161.8,1.7157,10.0,,23,,1.6504,0.18938,,,1.6387,0,,0,0,1,96,96,1,96.0,121260.0
132.4,75,100,90,0.0,17.707,85.636,0.0001,100,1.0,0,0.0012171,10.726,20.82,74369,82918.0,6.4727,298.0,161.26,1.7171,10.0,,23,,1.6515,0.18937,,,1.6401,0,,0,0,1,96,96,1,96.0,121960.0
132.6,75,100,90,0.0,29.164,85.211,0.0001,100,1.0,0,0.0012036,10.785,20.859,74408,82968.0,6.4593,298.0,159.4,1.7188,10.0,,23,,1.6463,0.1894,,,1.6417,0,,0,0,1,96,96,1,96.0,120150.0
132.8,75,100,90,0.0,45.889,83.469,0.0001,100,1.0,0,0.0012018,10.854,20.898,74450,83021.0,6.4669,297.99,155.87,1.7204,10.0,,23,,1.6196,0.1896,,,1.6433,0,,0,0,1,96,96,1,96.0,120830.0
133.0,75,100,90,0.0,59.566,79.936,0.0001,100,1.0,0,0.0012177,10.905,20.935,74495,83077.0,6.4842,297.97,151.73,1.7221,10.0,,23,,1.5922,0.1898,,,1.6449,0,,0,0,1,96,96,1,96.0,121340.0
133.2,75,100,90,0.0,66.381,75.495,0.0001,100,1.0,0,0.0012095,10.948,20.973,74542,83134.0,6.5018,297.96,147.53,1.7238,10.0,,23,,1.5718,0.18995,,,1.6464,0,,0,0,1,96,96,1,96.0,121860.0
133.4,75,100,90,0.0,66.184,70.566,0.0001,100,1.0,0,0.0012223,10.935,21.011,74588,83191.0,6.5173,297.95,144.15,1.7254,10.0,,23,,1.5666,0.18999,,,1.648,0,,0,0,1,96,96,1,96.0,121370.0
133.6,75,100,90,0.0,59.792,65.992,0.0001,100,1.0,0,0.0012226,10.909,21.049,74634,83247.0,6.5285,297.94,141.15,1.7271,10.0,,23,,1.5671,0.18998,,,1.6496,0,,0,0,1,96,96,1,96.0,121720.0
133.8,75,100,90,0.0,48.911,19.798,77.16,100,1.0,0,0.0012029,10.898,21.087,74677,83300.0,6.5327,298.14,211.57,1.7287,10.0,,23,,1.5585,0.19005,,,1.6512,0,,0,0,1,96,96,1,96.0,123070.0
134.0,75,100,90,0.0,36.379,85.699,7.716,100,1.0,0,0.0012007,10.855,21.125,74717,83351.0,6.5253,298.15,215.29,1.7303,10.0,,23,,1.5588,0.19004,,,1.6527,0,,0,0,1,96,96,1,96.0,123080.0
134.2,75,100,90,0.0,26.814,93.121,0.7716,100,1.0,0,0.0011574,10.85,21.163,74756,83400.0,6.5051,298.14,211.82,1.7319,10.0,,23,,1.5682,0.18997,,,1.6542,0,,0,0,1,96,96,1,96.0,121760.0
134.4,75,100,90,0.0,25.336,95.41,0.07716,100,1.0,0,0.0011462,10.856,21.201,74794,83449.0,6.4849,298.13,206.23,1.7334,10.0,,23,,1.5598,0.19003,,,1.6557,0,,0,0,1,96,96,1,96.0,122610.0
134.6,75,100,90,0.0,31.902,95.438,0.007716,100,1.0,0,0.0011667,10.844,21.239,74833,83499.0,6.474,298.11,201.49,1.735,10.0,,23,,1.568,0.18996,,,1.6572,0,,0,0,1,96,96,1,96.0,122790.0
134.8,75,100,90,0.0,42.797,95.751,0.0007716,100,1.0,0,0.0011637,10.891,21.276,74875,83551.0,6.4761,298.09,192.54,1.7365,10.0,,23,,1.5577,0.19004,,,1.6587,0,,0,0,1,96,96,1,96.0,122470.0
135.0,75,100,90,0.0,52.848,91.511,0.0001,100,1.0,0,0.0011611,10.93,21.312,74919,83606.0,6.486,298.06,182.85,1.7381,10.0,,23,,1.5415,0.19016,,,1.6602,0,,0,0,1,96,96,1,96.0,123640.0
135.2,75,100,90,0.0,58.948,85.709,0.0001,100,1.0,0,0.0011894,10.934,21.349,74964,83661.0,6.4988,298.04,175.37,1.7396,10.0,,23,,1.5308,0.19023,,,1.6617,0,,0,0,1,96,96,1,96.0,122820.0
135.4,75,100,90,0.0,59.948,81.041,0.0001,100,1.0,0,0.001167,10.96,21.385,75009,83717.0,6.5114,298.01,165.23,1.7412,10.0,,23,,1.5228,0.19029,,,1.6632,0,,0,0,1,96,96,1,96.0,123990.0
135.6,75,100,90,0.0,55.904,72.995,0.0001,100,1.0,0,0.0011678,10.931,21.421,75053,83772.0,6.5214,297.99,156.26,1.7427,10.0,,23,,1.5369,0.19018,,,1.6646,0,,0,0,1,96,96,1,96.0,123490.0
135.8,75,100,90,0.0,47.862,65.084,0.0001,100,1.0,0,0.0011724,10.893,21.458,75096,83825.0,6.5251,297.97,148.48,1.7442,10.0,,23,,1.5394,0.19016,,,1.6661,0,,0,0,1,96,96,1,96.0,123670.0
136.0,75,100,90,0.0,38.351,57.344,0.0001,100,1.0,0,0.0011404,10.895,21.495,75137,83877.0,6.519,297.95,141.78,1.7457,10.0,,23,,1.5346,0.19019,,,1.6675,0,,0,0,1,96,96,1,96.0,124840.0
136.2,75,100,90,0.0,31.313,17.203,68.014,100,1.0,0,0.001109,10.891,21.531,75176,83927.0,6.5052,298.11,201.13,1.7472,10.0,,23,,1.5385,0.19016,,,1.6689,0,,0,0,1,96,96,1,96.0,124350.0
136.4,75,100,90,0.0,29.782,72.196,6.8014,100,1.0,0,0.0011326,10.831,21.569,75215,83976.0,6.4892,298.11,198.72,1.7486,10.0,,23,,1.5546,0.19004,,,1.6703,0,,0,0,1,96,96,1,96.0,124860.0
136.6,75,100,90,0.0,34.642,72.86,0.68014,100,1.0,0,0.0011016,10.873,21.605,75255,84027.0,6.4819,298.08,188.86,1.7501,10.0,,23,,1.5607,0.18999,,,1.6717,0,,0,0,1,96,96,1,96.0,124700.0
136.8,75,100,90,0.0,42.362,67.44,0.068014,100,1.0,0,0.0010868,10.929,21.64,75297,84079.0,6.4832,298.05,178.19,1.7515,10.0,,23,,1.5428,0.19012,,,1.6731,0,,0,0,1,96,96,1,96.0,124540.0
137.0,75,100,90,0.0,49.591,60.383,0.0068014,100,1.0,0,0.001061,10.976,21.675,75340,84132.0,6.4924,298.01,165.91,1.7529,10.0,,23,,1.5339,0.19018,,,1.6744,0,,0,0,1,96,96,1,96.0,125700.0
137.2,75,100,90,0.0,53.112,50.691,0.00068014,100,1.0,0,0.0010601,11.002,21.709,75384,84186.0,6.5046,297.98,154.2,1.7542,10.0,,23,,1.5197,0.19029,,,1.6757,0,,0,0,1,96,96,1,96.0,125030.0
137.4,75,100,90,0.0,51.793,40.318,0.0001,100,1.0,0,0.0010627,10.98,21.744,75427,84240.0,6.5149,297.95,143.95,1.7556,10.0,,23,,1.5245,0.19025,,,1.677,0,,0,0,1,96,96,1,96.0,125700.0
137.6,75,100,90,0.0,46.365,30.115,0.0001,100,1.0,0,0.0010813,10.915,21.779,75470,84293.0,6.5195,297.93,135.72,1.7569,10.0,,23,,1.5555,0.19001,,,1.6783,0,,0,0,1,96,96,1,96.0,125360.0
137.8,75,100,90,0.0,39.104,9.0346,43.623,100,1.0,0,0.001123,10.834,21.815,75511,84345.0,6.5157,298.03,172.5,1.7583,10.0,,23,,1.5722,0.18988,,,1.6797,0,,0,0,1,96,96,1,96.0,126040.0
138.0,75,100,90,0.0,33.368,41.669,4.3623,100,1.0,0,0.001099,10.83,21.852,75550,84395.0,6.5056,298.02,168.11,1.7597,10.0,,23,,1.572,0.18988,,,1.681,0,,0,0,1,96,96,1,96.0,126050.0
138.2,75,100,90,0.0,31.666,37.954,0.43623,100,1.0,0,0.0010976,10.804,21.889,75590,84445.0,6.4935,298.0,160.51,1.7611,10.0,,23,,1.5819,0.18981,,,1.6823,0,,0,0,1,96,96,1,96.0,126560.0
138.4,75,100,90,0.0,34.793,31.587,0.043623,100,1.0,0,0.0011316,10.779,21.926,75630,84496.0,6.4849,297.98,153.73,1.7625,10.0,,23,,1.5898,0.18974,,,1.6837,0,,0,0,1,96,96,1,96.0,125240.0
138.6,75,100,90,0.0,41.332,25.274,0.0043623,100,1.0,0,0.0011094,10.818,21.963,75671,84548.0,6.4854,297.96,147.32,1.7639,10.0,,23,,1.5859,0.18977,,,1.685,0,,0,0,1,96,96,1,96.0,126580.0
138.8,75,100,90,0.0,47.677,18.609,0.00043623,100,1.0,0,0.0010971,10.886,21.999,75714,84601.0,6.4917,297.95,141.0,1.7653,10.0,,23,,1.546,0.19007,,,1.6863,0,,0,0,1,96,96,1,96.0,126920.0
139.0,75,100,90,0.0,51.494,5.5828,30.252,100,1.0,0,0.0010703,10.937,22.034,75757,84655.0,6.5004,298.01,162.94,1.7666,10.0,,23,,1.5313,0.19018,,,1.6876,0,,0,0,1,96,96,1,96.0,126580.0
139.2,75,100,90,0.0,51.83,24.519,3.0252,100,1.0,0,0.001098,10.903,22.069,75801,84709.0,6.5077,297.99,156.8,1.768,10.0,,23,,1.531,0.19018,,,1.6889,0,,0,0,1,96,96,1,96.0,126580.0
139.4,75,100,90,0.0,49.277,18.474,0.30252,100,1.0,0,0.0011045,10.886,22.105,75844,84763.0,6.5127,297.97,150.23,1.7693,10.0,,23,,1.5327,0.19016,,,1.6902,0,,0,0,1,96,96,1,96.0,127750.0
139.6,75,100,90,0.0,44.743,11.972,0.030252,100,1.0,0,0.0011041,10.849,22.141,75886,84815.0,6.5126,297.96,145.31,1.7707,10.0,,23,,1.5507,0.19002,,,1.6915,0,,0,0,1,96,96,1,96.0,127760.0
139.8,75,100,90,0.0,40.238,6.3709,0.0030252,100,1.0,0,0.0011057,10.811,22.177,75927,84867.0,6.507,297.95,141.68,1.772,10.0,,23,,1.5733,0.18985,,,1.6928,0,,0,0,1,96,96,1,96.0,127430.0
140.0,75,100,90,0.0,37.985,1.9113,16.418,100,1.0,0,0.0010737,10.838,22.213,75968,84919.0,6.5019,297.98,153.02,1.7733,10.0,,23,,1.5634,0.18992,,,1.694,0,,0,0,1,96,96,1,96.0,126930.0
140.2,75,100,90,0.0,37.727,10.764,1.6418,100,1.0,0,0.0010798,10.813,22.249,76008,84970.0,6.4982,297.97,149.17,1.7746,10.0,,23,,1.5761,0.18982,,,1.6953,0,,0,0,1,96,96,1,96.0,127770.0
140.4,75,100,90,0.0,38.951,6.095,0.16418,100,1.0,0,0.0010842,10.785,22.285,76049,85021.0,6.4965,297.96,144.67,1.7759,10.0,,23,,1.6086,0.18958,,,1.6965,0,,0,0,1,96,96,1,96.0,127450.0
140.6,75,100,90,0.0,40.847,0.73784,0.016418,100,1.0,0,0.0010952,10.778,22.321,76091,85073.0,6.497,297.95,141.46,1.7772,10.0,,23,,1.6086,0.18957,,,1.6978,0,,0,0,1,96,96,1,96.0,128450.0
140.8,75,100,90,0.0,42.549,0.22135,10.843,100,1.0,0,0.0010965,10.781,22.356,76132,85126.0,6.4996,297.96,147.73,1.7785,10.0,,23,,1.6142,0.18953,,,1.699,0,,0,0,1,96,96,1,96.0,127950.0
141.0,75,100,90,0.0,43.208,4.2261,1.0843,100,1.0,0,0.0010915,10.783,22.391,76174,85178.0,6.5025,297.95,144.02,1.7798,10.0,,23,,1.6118,0.18954,,,1.7003,0,,0,0,1,96,96,1,96.0,129120.0
141.2,75,100,90,0.0,42.728,0.0001,0.10843,100,1.0,0,0.0010678,10.784,22.426,76216,85230.0,6.5051,297.94,139.69,1.7811,10.0,,23,,1.6282,0.18942,,,1.7015,0,,0,0,1,96,96,1,96.0,128280.0
141.4,75,100,90,0.0,41.192,0.0001,12.528,100,1.0,0,0.0010864,10.736,22.461,76257,85282.0,6.5058,297.96,147.23,1.7824,10.0,,23,,1.6526,0.18923,,,1.7027,0,,0,0,1,96,96,1,96.0,129620.0
141.6,75,100,90,0.0,39.406,5.0315,1.2528,100,1.0,0,0.0010819,10.751,22.496,76298,85334.0,6.5044,297.95,143.27,1.7837,10.0,,23,,1.6325,0.18938,,,1.704,0,,0,0,1,96,96,1,96.0,128620.0
141.8,75,100,90,0.0,38.176,0.0001,0.12528,100,1.0,0,0.0010834,10.743,22.531,76339,85385.0,6.5017,297.94,139.6,1.7849,10.0,,23,,1.6287,0.18941,,,1.7052,0,,0,0,1,96,96,1,96.0,128620.0
142.0,75,100,90,0.0,38.011,0.0001,11.865,100,1.0,0,0.0010626,10.763,22.566,76379,85437.0,6.4984,297.96,146.12,1.7862,10.0,,23,,1.6179,0.18949,,,1.7064,0,,0,0,1,96,96,1,96.0,129610.0
142.2,75,100,90,0.0,39.17,4.0439,1.1865,100,1.0,0,0.0010278,10.797,22.6,76420,85488.0,6.4973,297.95,141.07,1.7874,10.0,,23,,1.6104,0.18954,,,1.7076,0,,0,0,1,96,96,1,96.0,129780.0
142.4,75,100,90,0.0,40.771,1.2132,23.377,100,1.0,0,0.001036,10.806,22.634,76461,85540.0,6.4974,297.99,156.65,1.7886,10.0,,23,,1.5926,0.18967,,,1.7087,0,,0,0,1,96,96,1,96.0,129440.0
142.6,75,100,90,0.0,42.344,13.948,2.3377,100,1.0,0,0.0010317,10.818,22.668,76503,85592.0,6.4994,297.97,149.6,1.7898,10.0,,23,,1.5884,0.1897,,,1.7099,0,,0,0,1,96,96,1,96.0,129600.0
142.8,75,100,90,0.0,43.115,6.581,0.23377,100,1.0,0,0.0010211,10.809,22.701,76544,85645.0,6.501,297.95,142.16,1.791,10.0,,23,,1.6015,0.1896,,,1.711,0,,0,0,1,96,96,1,96.0,130260.0
143.0,75,100,90,0.0,43.255,1.9743,18.015,100,1.0,0,0.00097278,10.872,22.734,76586,85697.0,6.503,297.97,150.24,1.7921,10.0,,23,,1.589,0.18969,,,1.7121,0,,0,0,1,96,96,1,96.0,130410.0
143.2,75,100,90,0.0,42.58,7.8111,1.8015,100,1.0,0,0.00093891,10.917,22.765,76628,85749.0,6.505,297.95,141.12,1.7932,10.0,,23,,1.5716,0.18982,,,1.7131,0,,0,0,1,96,96,1,96.0,129400.0
143.4,75,100,90,0.0,41.112,2.3433,31.464,100,1.0,0,0.00093296,10.916,22.797,76669,85801.0,6.5058,298.0,160.08,1.7943,10.0,,23,,1.5678,0.18985,,,1.7141,0,,0,0,1,96,96,1,96.0,129880.0
143.6,75,100,90,0.0,39.3,18.294,3.1464,100,1.0,0,0.00093675,10.883,22.828,76710,85852.0,6.5057,297.97,150.07,1.7953,10.0,,23,,1.5863,0.18971,,,1.7152,0,,0,0,1,96,96,1,96.0,129530.0
143.8,75,100,90,0.0,37.527,8.4518,0.31464,100,1.0,0,0.00095294,10.848,22.86,76750,85903.0,6.5024,297.94,140.47,1.7964,10.0,,23,,1.5975,0.18962,,,1.7162,0,,0,0,1,96,96,1,96.0,131010.0
144.0,75,100,90,0.0,37.109,2.5356,20.538,100,1.0,0,0.00099635,10.791,22.893,76791,85954.0,6.4976,297.98,151.69,1.7975,10.0,1690.7,23,1814.1,1.6106,0.18952,22.765,25.805,1.7172,0,71.71,0,0,1,96,96,1,96.0,131000.0
144.2,75,100,90,0.0,38.574,11.156,2.0538,100,1.0,0,0.00091528,10.891,22.924,76832,86005.0,6.4967,297.95,141.88,1.7985,10.0,,23,,1.5915,0.18966,,,1.7182,0,,0,0,1,96,96,1,96.0,131980.0
144.4,75,100,90,0.0,40.386,3.3467,37.041,100,1.0,0,0.00093634,10.868,22.955,76873,86057.0,6.4982,298.01,165.45,1.7996,10.0,,23,,1.598,0.18961,,,1.7192,0,,0,0,1,96,96,1,96.0,130970.0
144.6,75,100,90,0.0,41.634,23.659,3.7041,100,1.0,0,0.00092228,10.88,22.986,76914,86109.0,6.5007,297.98,153.86,1.8006,10.0,,23,,1.6083,0.18953,,,1.7202,0,,0,0,1,96,96,1,96.0,130780.0
144.8,75,100,90,0.0,41.884,12.816,0.37041,100,1.0,0,0.00085219,10.993,23.015,76955,86160.0,6.5047,297.94,139.25,1.8015,10.0,,23,,1.5648,0.18986,,,1.7211,0,,0,0,1,96,96,1,96.0,130750.0
145.0,75,100,90,0.0,40.505,3.8447,28.542,100,1.0,0,0.00079596,11.056,23.042,76997,86211.0,6.5079,297.97,150.13,1.8023,10.0,,23,,1.5527,0.18995,,,1.7219,0,,0,0,1,96,96,1,96.0,132210.0
145.2,75,100,90,0.0,37.85,12.104,2.8542,100,1.0,0,0.00076762,11.083,23.069,77037,86262.0,6.5065,297.93,135.54,1.8031,10.0,,23,,1.5345,0.19008,,,1.7227,0,,0,0,1,96,96,1,96.0,131840.0
145.4,75,100,90,0.0,35.787,3.6311,45.007,100,1.0,0,0.00072345,11.125,23.095,77077,86312.0,6.5032,298.0,159.57,1.8039,10.0,,23,,1.5259,0.19015,,,1.7234,0,,0,0,1,96,96,1,96.0,131460.0
145.6,75,100,90,0.0,35.015,23.761,4.5007,100,1.0,0,0.00070498,11.148,23.121,77117,86362.0,6.4994,297.95,141.71,1.8046,10.0,,23,,1.5145,0.19023,,,1.7241,0,,0,0,1,96,96,1,96.0,131580.0
145.8,75,100,90,0.0,35.785,7.1282,64.837,100,1.0,0,0.00070885,11.141,23.146,77157,86412.0,6.4973,298.06,182.01,1.8053,10.0,,23,,1.5161,0.19022,,,1.7247,0,,0,0,1,96,96,1,96.0,132040.0
146.0,75,100,90,0.0,37.395,43.069,6.4837,100,1.0,0,0.00068879,11.192,23.171,77198,86462.0,6.4981,298.0,159.07,1.8059,10.0,,23,,1.4901,0.19041,,,1.7254,0,,0,0,1,96,96,1,96.0,132990.0
146.2,75,100,90,0.0,38.652,23.038,0.64837,100,1.0,0,0.00067733,11.206,23.196,77239,86512.0,6.5005,297.93,135.64,1.8066,10.0,,23,,1.4897,0.19041,,,1.726,0,,0,0,1,96,96,1,96.0,131270.0
146.4,75,100,90,0.0,38.967,6.9114,40.142,100,1.0,0,0.00067811,11.205,23.221,77279,86563.0,6.5031,297.98,152.26,1.8072,10.0,,23,,1.4878,0.19043,,,1.7266,0,,0,0,1,96,96,1,96.0,132390.0
146.6,75,100,90,0.0,38.247,20.285,4.0142,100,1.0,0,0.00069713,11.186,23.246,77320,86613.0,6.5054,297.93,133.34,1.8079,10.0,,23,,1.4873,0.19043,,,1.7272,0,,0,0,1,96,96,1,96.0,132340.0
146.8,75,100,90,0.0,36.597,6.0856,61.638,100,1.0,0,0.00069007,11.184,23.271,77360,86663.0,6.5061,298.02,169.67,1.8085,10.0,,23,,1.4929,0.19039,,,1.7278,0,,0,0,1,96,96,1,96.0,133460.0
147.0,75,100,90,0.0,34.682,37.423,6.1638,100,1.0,0,0.00065209,11.229,23.295,77400,86713.0,6.5054,297.96,146.83,1.8091,10.0,,23,,1.4782,0.1905,,,1.7284,0,,0,0,1,96,96,1,96.0,132240.0
147.2,75,100,90,0.0,33.043,16.37,0.61638,100,1.0,0,0.00064885,11.217,23.319,77440,86762.0,6.5033,297.9,124.79,1.8096,10.0,,23,,1.483,0.19046,,,1.7289,0,,0,0,1,96,96,1,96.0,132350.0
147.4,75,100,90,0.0,32.25,4.9111,38.233,100,1.0,0,0.00064512,11.197,23.343,77479,86811.0,6.5008,297.94,139.42,1.8102,10.0,,23,,1.5045,0.1903,,,1.7295,0,,0,0,1,96,96,1,96.0,132800.0
147.6,75,100,90,0.0,32.438,1.4733,0.0001,100,1.0,0,0.00061982,11.234,23.367,77519,86860.0,6.4984,297.89,119.48,1.8107,10.0,,23,,1.4946,0.19037,,,1.73,0,,0,0,1,96,96,1,96.0,133740.0
147.8,75,100,90,0.0,33.61,0.44199,49.657,100,1.0,0,0.00062949,11.221,23.39,77558,86910.0,6.4973,297.96,144.71,1.8113,10.0,,23,,1.5025,0.19031,,,1.7305,0,,0,0,1,96,96,1,96.0,133180.0
148.0,75,100,90,0.0,35.213,20.031,4.9657,100,1.0,0,0.00064459,11.214,23.413,77598,86959.0,6.4989,297.9,124.72,1.8118,10.0,,23,,1.4976,0.19034,,,1.731,0,,0,0,1,96,96,1,96.0,132630.0
148.2,75,100,90,0.0,36.184,6.0093,72.53,100,1.0,0,0.00065176,11.217,23.437,77639,87009.0,6.5,298.02,169.23,1.8124,10.0,,23,,1.4895,0.1904,,,1.7315,0,,0,0,1,96,96,1,96.0,133240.0
148.4,75,100,90,0.0,36.69,43.942,7.253,100,1.0,0,0.00061374,11.277,23.459,77679,87059.0,6.5024,297.95,142.81,1.8129,10.0,,23,,1.4654,0.19058,,,1.732,0,,0,0,1,96,96,1,96.0,134340.0
148.6,75,100,90,0.0,36.24,19.444,0.7253,100,1.0,0,0.00063648,11.248,23.482,77719,87109.0,6.5044,297.89,118.26,1.8134,10.0,,23,,1.4672,0.19057,,,1.7325,0,,0,0,1,96,96,1,96.0,133620.0
148.8,75,100,90,0.0,35.006,5.8332,44.391,100,1.0,0,0.00059828,11.301,23.504,77759,87159.0,6.5063,297.93,135.82,1.8139,10.0,,23,,1.4505,0.19069,,,1.733,0,,0,0,1,96,96,1,96.0,134550.0
149.0,75,100,90,0.0,33.017,1.75,0.0001,100,1.0,0,0.00060796,11.27,23.526,77799,87208.0,6.5062,297.88,114.61,1.8143,10.0,,23,,1.4662,0.19058,,,1.7334,0,,0,0,1,96,96,1,96.0,133160.0
149.2,75,100,90,0.0,31.044,0.52499,55.394,100,1.0,0,0.00063348,11.235,23.549,77838,87257.0,6.5034,297.96,144.63,1.8148,10.0,,23,,1.4701,0.19055,,,1.7339,0,,0,0,1,96,96,1,96.0,134600.0
149.4,75,100,90,0.0,30.222,23.988,5.5394,100,1.0,0,0.0006178,11.245,23.572,77877,87306.0,6.4995,297.9,122.28,1.8153,10.0,,23,,1.4673,0.19057,,,1.7344,0,,0,0,1,96,96,1,96.0,133700.0
149.6,75,100,90,0.0,30.938,7.1963,82.737,100,1.0,0,0.0006053,11.268,23.594,77916,87355.0,6.4957,298.03,174.03,1.8158,10.0,,23,,1.4569,0.19064,,,1.7348,0,,0,0,1,96,96,1,96.0,134640.0
149.8,75,100,90,0.0,33.182,51.454,8.2737,100,1.0,0,0.00059853,11.282,23.615,77955,87404.0,6.4954,297.96,144.57,1.8162,10.0,,23,,1.4559,0.19065,,,1.7352,0,,0,0,1,96,96,1,96.0,133570.0
150.0,75,100,90,0.0,35.548,24.575,0.82737,100,1.0,0,0.00062374,11.245,23.637,77995,87454.0,6.4955,297.88,117.31,1.8167,10.0,,23,,1.4785,0.19048,,,1.7357,0,,0,0,1,96,96,1,96.0,134180.0
150.2,75,100,90,0.0,37.883,7.3725,50.129,0,0.9,-4000,0.00060268,10.015,23.664,77320,86684.0,6.5289,297.97,149.32,1.8063,10.0,,23,,1.5544,0.18993,,,1.7257,0,,0,0,1,96,96,1,96.0,134640.0
150.4,75,100,90,0.0,26.745,33.126,5.0129,0,0.9,-4000,0.00064481,9.9144,23.693,76642,85912.0,6.5468,297.93,134.78,1.7911,10.0,,23,,1.5734,0.18981,,,1.7111,0,,0,0,1,96,96,1,96.0,134270.0
150.6,75,100,90,0.0,8.5988,9.9378,80.449,0,0.9,-4000,0.00067493,9.7998,23.723,75961,85137.0,6.5367,298.1,197.53,1.7756,10.0,,23,,1.5782,0.18981,,,1.6962,0,,0,0,1,96,96,1,96.0,134580.0
150.8,75,100,90,0.0,0.0,66.647,8.0449,0,0.9,-4000,0.00066305,9.778,23.753,75278,84360.0,6.5139,298.04,176.92,1.7601,10.0,,23,,1.5602,0.18997,,,1.6814,0,,0,0,1,96,96,1,96.0,133890.0
151.0,75,100,90,0.0,0.0,49.576,0.80449,0,0.9,-4000,0.00069682,9.7369,23.785,74596,83582.0,6.4917,297.99,155.8,1.7446,10.0,,23,,1.5407,0.19015,,,1.6665,0,,0,0,1,96,96,1,96.0,135200.0
151.2,75,100,90,0.0,3.8597,31.411,0.080449,0,0.9,-4000,0.00070913,9.7304,23.816,73914,82806.0,6.4762,297.94,139.51,1.7292,10.0,,23,,1.5325,0.19024,,,1.6516,0,,0,0,1,96,96,1,96.0,135520.0
151.4,75,100,90,0.0,13.886,9.4233,42.502,0,0.9,-4000,0.00074976,9.7282,23.848,73234,82032.0,6.4749,298.02,168.65,1.7137,10.0,,23,,1.5131,0.19042,,,1.6368,0,,0,0,1,96,96,1,96.0,135330.0
151.6,75,100,90,0.0,24.394,35.939,4.2502,0,0.9,-4000,0.0007664,9.7644,23.879,72557,81260.0,6.4888,297.98,153.59,1.6983,10.0,,23,,1.4742,0.19074,,,1.622,0,,0,0,1,96,96,1,96.0,135810.0
151.8,75,100,90,0.0,29.325,21.321,0.42502,0,0.9,-4000,0.00072533,9.8413,23.909,71880,80489.0,6.5118,297.94,138.34,1.6828,10.0,,23,,1.4298,0.19111,,,1.6071,0,,0,0,1,96,96,1,96.0,135950.0
152.0,75,100,90,0.0,25.111,6.3964,36.732,0,0.9,-4000,0.00075678,9.7838,23.94,71203,79717.0,6.5289,298.0,161.79,1.6674,10.0,,23,,1.4218,0.1912,,,1.5923,0,,0,0,1,96,96,1,96.0,135430.0
152.2,75,100,90,0.0,14.087,27.838,3.6732,0,0.9,0,0.0007429,9.7414,23.971,71219,79743.0,6.4999,297.97,148.85,1.6631,10.0,,23,,1.4254,0.19118,,,1.5882,0,,0,0,1,96,96,1,96.0,136750.0
152.4,75,100,90,0.0,14.795,14.405,0.36732,0,0.9,0,0.00070582,9.7797,24.001,71236,79769.0,6.4749,297.93,136.82,1.6634,10.0,,23,,1.4186,0.19123,,,1.5885,0,,0,0,1,96,96,1,96.0,136390.0
152.6,75,100,90,0.0,25.343,4.3214,29.4,0,0.9,0,0.00067512,9.8575,24.03,71254,79797.0,6.4686,297.98,152.4,1.6638,10.0,,23,,1.4005,0.19136,,,1.5889,0,,0,0,1,96,96,1,96.0,136860.0
152.8,75,100,90,0.0,38.379,17.678,2.94,0,0.9,0,0.00065854,9.9578,24.057,71276,79827.0,6.4798,297.93,137.86,1.6642,10.0,,23,,1.353,0.19172,,,1.5892,0,,0,0,1,96,96,1,96.0,135480.0
153.0,75,100,90,0.0,46.941,5.3033,55.088,0,0.9,0,0.00067677,9.9754,24.084,71298,79859.0,6.4989,298.04,173.73,1.6646,10.0,,23,,1.3441,0.19179,,,1.5896,0,,0,0,1,96,96,1,96.0,136780.0
153.2,75,100,90,0.0,47.855,39.235,5.5088,0,0.9,0,0.00069298,9.9574,24.111,71322,79892.0,6.5163,297.98,154.11,1.665,10.0,,23,,1.3457,0.19177,,,1.59,0,,0,0,1,96,96,1,96.0,135740.0
153.4,75,100,90,0.0,41.854,20.142,0.55088,0,0.9,0,0.00070821,9.9064,24.14,71343,79923.0,6.5269,297.93,137.45,1.6654,10.0,,23,,1.3514,0.19173,,,1.5904,0,,0,0,1,96,96,1,96.0,137040.0
153.6,75,100,90,0.0,31.622,6.0427,33.941,0,0.9,0,0.00071309,9.8571,24.169,71363,79953.0,6.5234,297.99,156.43,1.6659,10.0,,23,,1.3528,0.19172,,,1.5909,0,,0,0,1,96,96,1,96.0,136010.0
153.8,75,100,90,0.0,22.827,22.96,3.3941,0,0.9,0,0.00070411,9.8078,24.199,71381,79980.0,6.5074,297.95,142.69,1.6663,10.0,,23,,1.3756,0.19155,,,1.5913,0,,0,0,1,96,96,1,96.0,135980.0
154.0,75,100,90,0.0,20.409,6.8879,59.281,0,0.9,0,0.00073568,9.7579,24.23,71399,80008.0,6.4892,298.07,185.49,1.6667,10.0,,23,,1.3817,0.1915,,,1.5917,0,,0,0,1,96,96,1,96.0,137630.0
154.2,75,100,90,0.0,25.271,48.253,5.9281,0,0.9,0,0.00072938,9.7815,24.26,71418,80036.0,6.4784,298.01,165.2,1.6671,10.0,,23,,1.3807,0.19151,,,1.5921,0,,0,0,1,96,96,1,96.0,137940.0
154.4,75,100,90,0.0,34.401,29.637,0.59281,0,0.9,0,0.00074085,9.8012,24.289,71438,80066.0,6.4785,297.96,145.67,1.6676,10.0,,23,,1.3775,0.19153,,,1.5925,0,,0,0,1,96,96,1,96.0,137410.0
154.6,75,100,90,0.0,43.495,10.957,0.059281,0,0.9,0,0.00071239,9.8867,24.318,71460,80098.0,6.4885,297.91,130.71,1.668,10.0,,23,,1.3445,0.19178,,,1.5929,0,,0,0,1,96,96,1,96.0,137880.0
154.8,75,100,90,0.0,48.592,3.2871,27.237,0,0.9,0,0.00075881,9.8484,24.347,71483,80131.0,6.5012,297.95,143.35,1.6684,10.0,,23,,1.3498,0.19174,,,1.5933,0,,0,0,1,96,96,1,96.0,137680.0
155.0,75,100,90,0.0,48.613,0.98614,0.0001,0,0.9,0,0.00072853,9.8715,24.376,71507,80164.0,6.5129,297.92,131.51,1.6688,10.0,,23,,1.3484,0.19175,,,1.5937,0,,0,0,1,96,96,1,96.0,136980.0
155.2,75,100,90,0.0,43.956,0.29584,37.474,0,0.9,0,0.00075823,9.7998,24.406,71529,80196.0,6.5176,297.98,154.74,1.6692,10.0,,23,,1.374,0.19155,,,1.5941,0,,0,0,1,96,96,1,96.0,138290.0
155.4,75,100,90,0.0,37.462,20.678,3.7474,0,0.9,0,0.00074735,9.7543,24.436,71550,80227.0,6.5151,297.94,140.44,1.6696,10.0,,23,,1.4053,0.19132,,,1.5945,0,,0,0,1,96,96,1,96.0,138270.0
155.6,75,100,90,0.0,31.969,6.2034,61.802,0,0.9,0,0.0007359,9.7098,24.467,71570,80256.0,6.5067,298.07,183.91,1.67,10.0,,23,,1.4372,0.19107,,,1.5949,0,,0,0,1,96,96,1,96.0,138580.0
155.8,75,100,90,0.0,29.849,47.888,6.1802,0,0.9,0,0.00070711,9.7219,24.496,71589,80286.0,6.4971,298.0,161.94,1.6704,10.0,,23,,1.4397,0.19106,,,1.5952,0,,0,0,1,96,96,1,96.0,138880.0
156.0,75,100,90,0.0,31.513,27.452,0.61802,0,0.9,0,0.00068375,9.7562,24.525,71609,80315.0,6.4914,297.94,141.48,1.6707,10.0,1843.3,23,1913.0,1.4256,0.19116,24.406,25.958,1.5955,0,81.547,0,0,1,96,96,1,96.0,137520.0
156.2,75,100,90,0.0,35.474,8.2356,40.484,0,0.9,0,0.00064095,9.8235,24.552,71630,80345.0,6.4935,298.0,162.22,1.671,10.0,,23,,1.4018,0.19134,,,1.5958,0,,0,0,1,96,96,1,96.0,137650.0
156.4,75,100,90,0.0,38.571,27.373,4.0484,0,0.9,0,0.00064334,9.8109,24.58,71651,80376.0,6.4996,297.95,142.97,1.6713,10.0,,23,,1.4156,0.19123,,,1.5961,0,,0,0,1,96,96,1,96.0,138610.0
156.6,75,100,90,0.0,39.253,8.2119,69.488,0,0.9,0,0.00062315,9.8319,24.607,71672,80407.0,6.5068,298.08,188.74,1.6716,10.0,,23,,1.4167,0.19123,,,1.5964,0,,0,0,1,96,96,1,96.0,139400.0
156.8,75,100,90,0.0,37.064,52.521,6.9488,0,0.9,0,0.0006013,9.8382,24.633,71693,80437.0,6.5125,298.0,160.88,1.6718,10.0,,23,,1.4215,0.19119,,,1.5966,0,,0,0,1,96,96,1,96.0,139690.0
157.0,75,100,90,0.0,32.582,26.696,0.69488,0,0.9,0,0.00060655,9.7939,24.659,71713,80467.0,6.5115,297.93,137.58,1.6721,10.0,,23,,1.4427,0.19103,,,1.5968,0,,0,0,1,96,96,1,96.0,138820.0
157.2,75,100,90,0.0,28.532,8.0089,40.154,0,0.9,0,0.00063632,9.7434,24.687,71732,80496.0,6.5037,297.99,157.84,1.6723,10.0,,23,,1.4475,0.19099,,,1.597,0,,0,0,1,96,96,1,96.0,139780.0
157.4,75,100,90,0.0,27.603,26.256,4.0154,0,0.9,0,0.00062068,9.7586,24.714,71751,80524.0,6.4958,297.93,137.58,1.6725,10.0,,23,,1.436,0.19108,,,1.5973,0,,0,0,1,96,96,1,96.0,140070.0
157.6,75,100,90,0.0,29.799,7.8768,71.933,0,0.9,0,0.00063292,9.7498,24.742,71771,80553.0,6.4909,298.07,185.89,1.6728,10.0,,23,,1.4347,0.19109,,,1.5975,0,,0,0,1,96,96,1,96.0,139530.0
157.8,75,100,90,0.0,33.966,54.087,7.1933,0,0.9,0,0.00067964,9.6965,24.77,71791,80582.0,6.49,297.99,157.87,1.673,10.0,,23,,1.4598,0.1909,,,1.5977,0,,0,0,1,96,96,1,96.0,139840.0
158.0,75,100,90,0.0,38.462,27.78,0.71933,0,0.9,0,0.00068947,9.691,24.799,71812,80613.0,6.4937,297.92,134.16,1.6733,10.0,,23,,1.4717,0.19081,,,1.598,0,,0,0,1,96,96,1,96.0,140140.0
158.2,75,100,90,0.0,41.48,8.334,43.456,0,0.9,0,0.00068145,9.7159,24.828,71834,80644.0,6.5003,297.99,156.55,1.6736,10.0,,23,,1.4565,0.19092,,,1.5983,0,,0,0,1,96,96,1,96.0,140110.0
158.4,75,100,90,0.0,41.863,28.322,4.3456,0,0.9,0,0.00075031,9.6266,24.859,71856,80676.0,6.5042,297.93,136.33,1.6739,10.0,,23,,1.4868,0.19069,,,1.5985,0,,0,0,1,96,96,1,96.0,140090.0
158.6,75,100,90,0.0,40.697,8.4965,76.172,0,0.9,0,0.00073416,9.6419,24.889,71877,80707.0,6.5053,298.08,188.87,1.6741,10.0,,23,,1.4772,0.19076,,,1.5988,0,,0,0,1,96,96,1,96.0,139230.0
158.8,75,100,90,0.0,39.124,58.725,7.6172,0,0.9,0,0.00076742,9.5737,24.921,71899,80738.0,6.5021,297.99,158.28,1.6745,10.0,,23,,1.5086,0.19053,,,1.5991,0,,0,0,1,96,96,1,96.0,139710.0
159.0,75,100,90,0.0,38.832,30.121,0.76172,0,0.9,0,0.00078674,9.5533,24.953,71920,80769.0,6.4973,297.93,135.09,1.6748,10.0,,23,,1.5083,0.19053,,,1.5994,0,,0,0,1,96,96,1,96.0,140360.0
159.2,75,100,90,0.0,40.426,9.0364,42.921,0,0.9,0,0.00080667,9.5222,24.985,71941,80800.0,6.4944,298.0,159.2,1.6751,10.0,,23,,1.5274,0.19038,,,1.5997,0,,0,0,1,96,96,1,96.0,140010.0
159.4,75,100,90,0.0,43.177,30.801,4.2921,0,0.9,0,0.00083232,9.5072,25.017,71963,80832.0,6.4943,297.94,140.1,1.6755,10.0,,23,,1.5336,0.19034,,,1.6001,0,,0,0,1,96,96,1,96.0,141330.0
159.6,75,100,90,0.0,45.982,9.2402,76.677,0,0.9,0,0.00085694,9.4762,25.05,71986,80864.0,6.4962,298.1,194.81,1.6758,10.0,,23,,1.5548,0.19018,,,1.6004,0,,0,0,1,96,96,1,96.0,141150.0
159.8,75,100,90,0.0,47.995,61.921,7.6677,0,0.9,0,0.0008515,9.4927,25.082,72009,80897.0,6.4998,298.02,166.76,1.6762,10.0,,23,,1.5448,0.19025,,,1.6008,0,,0,0,1,96,96,1,96.0,141640.0
160.0,75,100,90,0.0,48.603,36.49,0.76677,0,0.9,0,0.00088978,9.4458,25.116,72032,80929.0,6.5015,297.95,143.61,1.6766,10.0,,23,,1.5581,0.19015,,,1.6011,0,,0,0,1,96,96,1,96.0,141800.0
160.2,75,100,80,0.0,48.546,14.709,0.076677,400,0.9,0,0.00070557,11.612,25.117,72133,81040.0,6.506,297.86,111.88,1.6768,10.0,,23,,1.0609,0.19389,,,1.6014,0,,0,0,1,96,96,1,96.0,141810.0
160.4,75,100,80,0.0,46.671,4.4126,53.617,400,0.9,0,0.00070012,11.607,25.119,72234,81150.0,6.5096,297.92,132.25,1.6771,10.0,,23,,1.0431,0.19402,,,1.6016,0,,0,0,1,96,96,1,96.0,140810.0
160.6,75,100,80,0.0,43.338,1.3238,0.0001,400,0.9,0,0.00068744,11.617,25.12,72334,81259.0,6.5124,297.84,105.5,1.6773,10.0,,23,,1.0424,0.19403,,,1.6018,0,,0,0,1,96,96,1,96.0,141480.0
160.8,75,100,80,0.0,38.889,0.39713,70.876,400,0.9,0,0.00067853,11.611,25.121,72434,81367.0,6.5102,297.95,143.01,1.6775,10.0,,23,,1.0537,0.19394,,,1.602,0,,0,0,1,96,96,1,96.0,141320.0
161.0,75,100,80,0.0,35.355,0.11914,0.0001,400,0.9,0,0.00069618,11.6,25.123,72532,81475.0,6.503,297.87,116.61,1.6777,10.0,,23,,1.0527,0.19395,,,1.6022,0,,0,0,1,96,96,1,96.0,141830.0
161.2,75,100,80,0.0,34.685,0.035742,75.172,400,0.9,0,0.00068334,11.627,25.124,72631,81582.0,6.4963,297.99,157.93,1.6779,10.0,,23,,1.0485,0.19398,,,1.6024,0,,0,0,1,96,96,1,96.0,142340.0
161.4,75,100,80,0.0,36.703,36.656,7.5172,400,0.9,0,0.00068562,11.646,25.125,72729,81690.0,6.4937,297.9,125.17,1.6781,10.0,,23,,1.0464,0.19399,,,1.6026,0,,0,0,1,96,96,1,96.0,141010.0
161.6,75,100,80,0.0,39.74,10.997,114.82,400,0.9,0,0.00068176,11.687,25.126,72829,81798.0,6.4938,298.11,198.02,1.6782,10.0,,23,,1.0324,0.1941,,,1.6027,0,,0,0,1,96,96,1,96.0,141010.0
161.8,75,100,80,0.0,42.748,79.64,11.482,400,0.9,0,0.00070456,11.696,25.127,72928,81907.0,6.4964,297.97,151.49,1.6784,10.0,,23,,1.0276,0.19413,,,1.6029,0,,0,0,1,96,96,1,96.0,141850.0
162.0,75,100,80,0.0,44.692,36.247,1.1482,400,0.9,0,0.00065755,11.768,25.128,73029,82016.0,6.5032,297.86,112.19,1.6786,10.0,,23,,1.0077,0.19428,,,1.6031,0,,0,0,1,96,96,1,96.0,141190.0
162.2,75,100,80,0.0,43.917,10.874,64.441,400,0.9,0,0.00068662,11.745,25.129,73129,82125.0,6.5062,297.94,139.92,1.6787,10.0,,23,,1.0147,0.19423,,,1.6032,0,,0,0,1,96,96,1,96.0,140690.0
162.4,75,100,80,0.0,41.959,3.2623,0.0001,400,0.9,0,0.00067397,11.775,25.131,73229,82233.0,6.5076,297.86,112.23,1.6789,10.0,,23,,0.99707,0.19436,,,1.6034,0,,0,0,1,96,96,1,96.0,141030.0
162.6,75,100,80,0.0,39.449,0.97868,74.346,400,0.9,0,0.00070083,11.763,25.133,73328,82341.0,6.5061,297.98,152.38,1.679,10.0,,23,,0.99231,0.1944,,,1.6035,0,,0,0,1,96,96,1,96.0,141710.0
162.8,75,100,80,0.0,37.555,35.66,7.4346,400,0.9,0,0.0007256,11.739,25.136,73427,82449.0,6.5017,297.88,119.69,1.6792,10.0,,23,,1.0039,0.19431,,,1.6037,0,,0,0,1,96,96,1,96.0,142060.0
163.0,75,100,80,0.0,37.395,10.698,115.42,400,0.9,0,0.00074598,11.713,25.14,73526,82557.0,6.4964,298.09,193.0,1.6794,10.0,,23,,1.0222,0.19417,,,1.6039,0,,0,0,1,96,96,1,96.0,141240.0
163.2,75,100,80,0.0,39.37,78.54,11.542,400,0.9,0,0.00074682,11.731,25.143,73625,82665.0,6.4919,297.96,147.91,1.6796,10.0,,23,,1.0245,0.19416,,,1.604,0,,0,0,1,96,96,1,96.0,141430.0
163.4,75,100,80,0.0,43.124,36.402,1.1542,400,0.9,0,0.00074657,11.761,25.147,73725,82774.0,6.4931,297.86,109.97,1.6798,10.0,,23,,1.0226,0.19417,,,1.6042,0,,0,0,1,96,96,1,96.0,141110.0
163.6,75,100,80,0.0,46.389,10.92,65.583,400,0.9,0,0.00073457,11.787,25.15,73825,82883.0,6.4966,297.94,138.58,1.6799,10.0,,23,,1.0306,0.19411,,,1.6044,0,,0,0,1,96,96,1,96.0,141960.0
163.8,75,100,80,0.0,48.257,3.2761,0.0001,400,0.9,0,0.00076011,11.779,25.154,73926,82993.0,6.5024,297.86,110.73,1.6801,10.0,,23,,1.0397,0.19404,,,1.6045,0,,0,0,1,96,96,1,96.0,140980.0
164.0,75,100,80,0.0,47.822,0.98284,75.411,400,0.9,0,0.00078023,11.783,25.159,74027,83103.0,6.5059,297.97,151.69,1.6803,10.0,,23,,1.0345,0.19408,,,1.6047,0,,0,0,1,96,96,1,96.0,141670.0
164.2,75,100,80,0.0,45.992,35.945,7.5411,400,0.9,0,0.00079574,11.771,25.164,74128,83212.0,6.5082,297.88,117.12,1.6805,10.0,,23,,1.0399,0.19404,,,1.6049,0,,0,0,1,96,96,1,96.0,141690.0
164.4,75,100,80,0.0,43.246,10.784,118.68,400,0.9,0,0.00083261,11.732,25.17,74228,83321.0,6.5077,298.09,192.75,1.6807,10.0,,23,,1.0599,0.19389,,,1.6051,0,,0,0,1,96,96,1,96.0,141220.0
164.6,75,100,80,0.0,40.679,79.99,11.868,400,0.9,0,0.00087739,11.687,25.177,74327,83429.0,6.5027,297.95,143.28,1.6809,10.0,,23,,1.082,0.19372,,,1.6053,0,,0,0,1,96,96,1,96.0,141090.0
164.8,75,100,80,0.0,40.138,23.997,184.68,400,0.9,0,0.00086997,11.709,25.184,74426,83537.0,6.4967,298.31,271.73,1.6812,10.0,,23,,1.083,0.19371,,,1.6056,0,,0,0,1,96,96,1,96.0,141290.0
165.0,75,100,80,0.0,41.986,147.02,18.468,400,0.9,0,0.00086347,11.74,25.19,74526,83646.0,6.494,298.11,201.45,1.6814,10.0,,23,,1.0776,0.19375,,,1.6058,0,,0,0,1,96,96,1,96.0,142150.0
165.2,75,100,80,0.0,44.903,88.198,1.8468,400,0.9,0,0.00086806,11.749,25.196,74626,83755.0,6.493,297.95,141.97,1.6816,10.0,,23,,1.0903,0.19366,,,1.606,0,,0,0,1,96,96,1,96.0,140850.0
165.4,75,100,80,0.0,48.218,26.46,99.629,400,0.9,0,0.00085404,11.807,25.201,74727,83865.0,6.4965,298.09,194.13,1.6819,10.0,,23,,1.07,0.19381,,,1.6062,0,,0,0,1,96,96,1,96.0,141700.0
165.6,75,100,80,0.0,50.13,75.788,9.9629,400,0.9,0,0.00090631,11.798,25.207,74828,83975.0,6.5009,297.96,147.06,1.6821,10.0,,23,,1.0608,0.19388,,,1.6064,0,,0,0,1,96,96,1,96.0,141400.0
165.8,75,100,80,0.0,50.27,32.98,0.99629,400,0.9,0,0.0009283,11.813,25.214,74929,84085.0,6.5047,297.86,109.27,1.6823,10.0,,23,,1.0396,0.19404,,,1.6067,0,,0,0,1,96,96,1,96.0,141430.0
166.0,75,100,80,0.0,48.895,9.8939,60.606,400,0.9,0,0.00096534,11.779,25.223,75030,84195.0,6.506,297.92,133.79,1.6826,10.0,,23,,1.0535,0.19393,,,1.6069,0,,0,0,1,96,96,1,96.0,140810.0
166.2,75,100,80,0.0,47.011,2.9682,0.0001,400,0.9,0,0.00096621,11.791,25.231,75131,84305.0,6.5045,297.85,105.91,1.6829,10.0,,23,,1.0449,0.194,,,1.6072,0,,0,0,1,96,96,1,96.0,141510.0
166.4,75,100,80,0.0,45.749,0.89045,73.837,400,0.9,0,0.00099839,11.761,25.24,75231,84415.0,6.5007,297.96,145.31,1.6832,10.0,,23,,1.0648,0.19385,,,1.6075,0,,0,0,1,96,96,1,96.0,141730.0
166.6,75,100,80,0.0,46.013,33.316,7.3837,400,0.9,0,0.00094775,11.819,25.249,75332,84524.0,6.4974,297.87,114.35,1.6834,10.0,,23,,1.0483,0.19397,,,1.6077,0,,0,0,1,96,96,1,96.0,141940.0
166.8,75,100,80,0.0,47.589,9.9947,112.23,400,0.9,0,0.00096354,11.834,25.258,75432,84634.0,6.494,298.07,185.15,1.6837,10.0,,23,,1.0412,0.19402,,,1.608,0,,0,0,1,96,96,1,96.0,142140.0
167.0,75,100,80,0.0,50.502,73.143,11.223,400,0.9,0,0.00098119,11.837,25.266,75533,84744.0,6.4922,297.95,143.06,1.6839,10.0,,23,,1.0519,0.19394,,,1.6082,0,,0,0,1,96,96,1,96.0,142190.0
167.2,75,100,80,0.0,54.143,21.943,166.9,400,0.9,0,0.0010141,11.852,25.275,75635,84855.0,6.4946,298.27,257.88,1.6842,10.0,,23,,1.0439,0.194,,,1.6085,0,,0,0,1,96,96,1,96.0,141730.0
167.4,75,100,80,0.0,56.793,129.91,16.69,400,0.9,0,0.0010273,11.874,25.285,75738,84967.0,6.498,298.11,199.8,1.6845,10.0,,23,,1.0335,0.19408,,,1.6087,0,,0,0,1,96,96,1,96.0,142280.0
167.6,75,100,80,0.0,58.128,82.424,1.669,400,0.9,0,0.0010343,11.884,25.295,75841,85079.0,6.5006,297.96,145.71,1.6848,10.0,,23,,1.0319,0.19409,,,1.609,0,,0,0,1,96,96,1,96.0,141990.0
167.8,75,100,80,0.0,58.408,36.378,0.1669,400,0.9,0,0.0010122,11.92,25.304,75943,85190.0,6.504,297.85,106.1,1.685,10.0,,23,,1.0232,0.19415,,,1.6093,0,,0,0,1,96,96,1,96.0,141700.0
168.0,75,100,80,0.0,57.32,10.913,62.102,400,0.9,0,0.0010149,11.938,25.313,76046,85302.0,6.5051,297.92,131.42,1.6853,10.0,2146.5,23,2019.6,1.013,0.19423,25.275,25.088,1.6095,0,78.78,0,0,1,96,96,1,96.0,142410.0
168.2,75,100,80,0.0,55.795,3.274,0.0001,400,0.9,0,0.0010494,11.905,25.324,76148,85414.0,6.504,297.84,103.3,1.6856,10.0,,23,,1.0311,0.19409,,,1.6098,0,,0,0,1,96,96,1,96.0,142630.0
168.4,75,100,80,0.0,54.742,0.98221,75.423,400,0.9,0,0.0010119,11.952,25.333,76250,85525.0,6.5044,297.95,143.95,1.6858,10.0,,23,,1.0213,0.19417,,,1.61,0,,0,0,1,96,96,1,96.0,142350.0
168.6,75,100,80,0.0,53.483,33.874,7.5423,400,0.9,0,0.00096903,11.999,25.342,76352,85635.0,6.5049,297.87,113.09,1.6861,10.0,,23,,1.0056,0.19428,,,1.6102,0,,0,0,1,96,96,1,96.0,141720.0
168.8,75,100,80,0.0,52.037,10.162,113.25,400,0.9,0,0.0010204,11.966,25.352,76454,85746.0,6.5041,298.06,184.71,1.6863,10.0,,23,,1.013,0.19423,,,1.6105,0,,0,0,1,96,96,1,96.0,142270.0
169.0,75,100,80,0.0,50.903,73.104,11.325,400,0.9,0,0.0010523,11.949,25.363,76555,85856.0,6.5009,297.95,144.04,1.6865,10.0,,23,,1.0148,0.19421,,,1.6107,0,,0,0,1,96,96,1,96.0,143160.0
169.2,75,100,80,0.0,51.079,35.852,1.1325,400,0.9,0,0.0010627,11.959,25.375,76656,85967.0,6.4977,297.85,106.89,1.6868,10.0,,23,,1.0141,0.19422,,,1.611,0,,0,0,1,96,96,1,96.0,141550.0
169.4,75,100,80,0.0,52.533,10.756,68.17,400,0.9,0,0.0011028,11.937,25.387,76758,86078.0,6.4938,297.94,137.88,1.6871,10.0,,23,,1.0305,0.19409,,,1.6112,0,,0,0,1,96,96,1,96.0,142770.0
169.6,75,100,80,0.0,55.531,3.2267,0.0001,400,0.9,0,0.0011243,11.96,25.399,76860,86189.0,6.4923,297.86,109.5,1.6874,10.0,,23,,1.0245,0.19414,,,1.6115,0,,0,0,1,96,96,1,96.0,143000.0
169.8,75,100,80,0.0,59.124,0.96802,75.558,400,0.9,0,0.0011052,12.015,25.41,76963,86301.0,6.4949,297.97,149.99,1.6877,10.0,,23,,1.0105,0.19424,,,1.6118,0,,0,0,1,96,96,1,96.0,143050.0
170.0,75,100,80,0.0,61.672,34.022,7.5558,400,0.9,0,0.0011025,12.027,25.421,77066,86414.0,6.4975,297.88,118.09,1.6879,10.0,,23,,1.0203,0.19417,,,1.6121,0,,0,0,1,96,96,1,96.0,142770.0
170.2,75,100,80,0.0,63.184,10.206,110.84,150,0.9,-4000,0.0011541,10.905,25.449,76424,85677.0,6.5255,298.07,189.03,1.6781,10.0,,23,,1.2996,0.1921,,,1.6026,0,,0,0,1,96,96,1,96.0,141910.0
170.4,75,100,80,0.0,53.423,72.758,11.084,150,0.9,-4000,0.0011854,10.837,25.478,75780,84938.0,6.5474,297.97,149.66,1.6636,10.0,,23,,1.3408,0.19181,,,1.5887,0,,0,0,1,96,96,1,96.0,142880.0
170.6,75,100,80,0.0,35.013,36.973,1.1084,150,0.9,-4000,0.0012254,10.729,25.509,75133,84195.0,6.5509,297.88,116.67,1.649,10.0,,23,,1.3678,0.19164,,,1.5747,0,,0,0,1,96,96,1,96.0,143860.0
170.8,75,100,80,0.52057,17.507,11.092,62.207,150,0.9,-4000,0.0012938,10.623,25.542,74482,83449.0,6.5371,297.97,149.78,1.6344,10.0,,23,,1.38,0.19158,,,1.5606,0,,0,0,1,96,96,1,96.0,143180.0
171.0,75,100,80,0.0,3.2485,38.874,6.2207,150,0.9,-4000,0.0013515,10.533,25.577,73829,82700.0,6.5094,297.9,124.79,1.6198,10.0,,23,,1.3809,0.1916,,,1.5466,0,,0,0,1,96,96,1,96.0,143850.0
171.2,75,100,80,0.0,0.068406,11.662,103.39,150,0.9,-4000,0.0013542,10.52,25.611,73175,81951.0,6.4807,298.1,196.83,1.6052,10.0,,23,,1.3787,0.19164,,,1.5327,0,,0,0,1,96,96,1,96.0,143680.0
171.4,75,100,80,0.0,8.3289,78.681,10.339,150,0.9,-4000,0.0013971,10.525,25.646,72522,81203.0,6.4613,298.0,162.47,1.5906,10.0,,23,,1.3723,0.19172,,,1.5187,0,,0,0,1,96,96,1,96.0,144350.0
171.6,75,100,80,0.0,24.288,47.112,1.0339,150,0.9,-4000,0.0014655,10.554,25.679,71873,80459.0,6.4574,297.91,130.62,1.5761,10.0,,23,,1.3617,0.19183,,,1.5048,0,,0,0,1,96,96,1,96.0,143340.0
171.8,75,100,80,0.0,41.78,14.134,67.773,150,0.9,-4000,0.0014383,10.661,25.711,71228,79718.0,6.4695,298.02,166.88,1.5616,10.0,,23,,1.3218,0.19216,,,1.4908,0,,0,0,1,96,96,1,96.0,144330.0
172.0,75,100,80,0.0,54.447,47.876,6.7773,150,0.9,-4000,0.0015035,10.696,25.743,70585,78980.0,6.4899,297.93,136.32,1.5471,10.0,,23,,1.2933,0.1924,,,1.4769,0,,0,0,1,96,96,1,96.0,144810.0
172.2,75,100,80,0.0,58.992,14.363,115.64,150,0.9,0,0.0015139,10.702,25.774,70638,79042.0,6.4877,298.16,213.86,1.5432,10.0,,23,,1.295,0.19239,,,1.4731,0,,0,0,1,96,96,1,96.0,144130.0
172.4,75,100,80,0.0,64.509,91.095,11.564,150,0.9,0,0.0015192,10.717,25.805,70692,79106.0,6.4871,298.03,170.79,1.5434,10.0,,23,,1.3019,0.19234,,,1.4734,0,,0,0,1,96,96,1,96.0,145280.0
172.6,75,100,80,0.0,70.191,51.503,1.1564,150,0.9,0,0.001484,10.746,25.835,70748,79171.0,6.4911,297.91,131.42,1.5438,10.0,,23,,1.3104,0.19228,,,1.4738,0,,0,0,1,96,96,1,96.0,144260.0
172.8,75,100,80,0.0,74.269,15.451,71.897,150,0.9,0,0.0014797,10.78,25.864,70804,79237.0,6.4963,298.02,167.47,1.5443,10.0,,23,,1.296,0.19238,,,1.4742,0,,0,0,1,96,96,1,96.0,143900.0
173.0,75,100,80,0.0,76.251,49.604,7.1897,150,0.9,0,0.0015121,10.767,25.893,70861,79303.0,6.5028,297.92,133.29,1.5447,10.0,,23,,1.3054,0.19231,,,1.4746,0,,0,0,1,96,96,1,96.0,145200.0
173.2,75,100,80,0.0,75.639,14.881,122.41,150,0.9,0,0.0015117,10.774,25.923,70918,79369.0,6.5069,298.16,214.41,1.5451,10.0,,23,,1.2967,0.19238,,,1.4751,0,,0,0,1,96,96,1,96.0,145510.0
173.4,75,100,80,0.0,73.415,94.682,12.241,150,0.9,0,0.0015023,10.763,25.952,70974,79434.0,6.5089,298.01,164.54,1.5456,10.0,,23,,1.3015,0.19234,,,1.4755,0,,0,0,1,96,96,1,96.0,145480.0
173.6,75,100,80,0.0,70.398,48.357,1.2241,150,0.9,0,0.0015528,10.734,25.982,71030,79499.0,6.5073,297.89,122.65,1.5461,10.0,,23,,1.2982,0.19236,,,1.4759,0,,0,0,1,96,96,1,96.0,145630.0
173.8,75,100,80,0.0,68.012,14.507,71.023,150,0.9,0,0.0015264,10.746,26.012,71085,79564.0,6.5023,297.99,158.66,1.5465,10.0,,23,,1.2851,0.19246,,,1.4764,0,,0,0,1,96,96,1,96.0,145770.0
174.0,75,100,80,0.0,67.637,47.571,7.1023,150,0.9,0,0.001535,10.736,26.043,71140,79628.0,6.4993,297.89,123.58,1.547,10.0,,23,,1.2919,0.19241,,,1.4768,0,,0,0,1,96,96,1,96.0,146420.0
174.2,75,100,80,0.0,68.417,14.271,126.52,150,0.9,0,0.0014562,10.785,26.072,71195,79693.0,6.4978,298.14,208.27,1.5474,10.0,,23,,1.2852,0.19246,,,1.4772,0,,0,0,1,96,96,1,96.0,146550.0
174.4,75,100,80,0.0,69.818,96.294,12.652,150,0.9,0,0.0014248,10.799,26.1,71251,79757.0,6.4959,297.98,152.75,1.5478,10.0,,23,,1.285,0.19246,,,1.4776,0,,0,0,1,96,96,1,96.0,146520.0
174.6,75,100,80,0.0,71.997,43.711,1.2652,150,0.9,0,0.0014064,10.812,26.129,71307,79823.0,6.4969,297.85,110.61,1.5482,10.0,,23,,1.2802,0.19249,,,1.478,0,,0,0,1,96,96,1,96.0,146990.0
174.8,75,100,80,0.0,73.744,13.113,69.419,150,0.9,0,0.0013572,10.862,26.157,71363,79888.0,6.4977,297.95,142.89,1.5486,10.0,,23,,1.2578,0.19266,,,1.4784,0,,0,0,1,96,96,1,96.0,146460.0
175.0,75,100,80,0.0,75.187,3.934,0.0001,150,0.9,0,0.0013781,10.86,26.185,71419,79954.0,6.5027,297.87,116.87,1.549,10.0,,23,,1.2523,0.1927,,,1.4787,0,,0,0,1,96,96,1,96.0,146260.0
175.2,75,100,80,0.0,74.597,1.1802,75.882,150,0.9,0,0.0013854,10.859,26.213,71476,80019.0,6.5086,298.0,160.63,1.5494,10.0,,23,,1.2512,0.19271,,,1.4791,0,,0,0,1,96,96,1,96.0,147230.0
175.4,75,100,80,0.0,71.694,40.853,7.5882,150,0.9,0,0.001401,10.82,26.242,71532,80084.0,6.5119,297.89,124.12,1.5498,10.0,,23,,1.2769,0.19252,,,1.4795,0,,0,0,1,96,96,1,96.0,147370.0
175.6,75,100,80,0.0,67.445,12.256,125.97,150,0.9,0,0.001333,10.85,26.269,71587,80149.0,6.5097,298.13,207.08,1.5501,10.0,,23,,1.2691,0.19257,,,1.4798,0,,0,0,1,96,96,1,96.0,146000.0
175.8,75,100,80,0.0,64.117,92.165,12.597,150,0.9,0,0.0012926,10.864,26.297,71641,80212.0,6.5037,297.96,148.91,1.5505,10.0,,23,,1.2608,0.19264,,,1.4802,0,,0,0,1,96,96,1,96.0,146790.0
176.0,75,100,80,0.0,63.174,37.119,1.2597,150,0.9,0,0.0012716,10.88,26.323,71695,80275.0,6.5021,297.85,108.3,1.5508,10.0,,23,,1.2519,0.1927,,,1.4805,0,,0,0,1,96,96,1,96.0,146920.0
176.2,75,100,80,0.0,62.845,11.136,60.826,150,0.9,0,0.0012661,10.884,26.349,71749,80338.0,6.4998,297.92,133.83,1.5511,10.0,,23,,1.2555,0.19267,,,1.4808,0,,0,0,1,96,96,1,96.0,147380.0
176.4,75,100,80,0.0,63.43,3.3408,0.0001,150,0.9,0,0.0013513,10.83,26.377,71803,80401.0,6.4982,297.85,108.88,1.5515,10.0,,23,,1.2686,0.19258,,,1.4811,0,,0,0,1,96,96,1,96.0,147850.0
176.6,75,100,80,0.0,64.687,1.0022,73.742,150,0.9,0,0.0013449,10.843,26.405,71858,80465.0,6.4972,297.97,151.29,1.5519,10.0,,23,,1.2674,0.19258,,,1.4815,0,,0,0,1,96,96,1,96.0,146980.0
176.8,75,100,80,0.0,66.335,38.206,7.3742,150,0.9,0,0.0013563,10.83,26.433,71913,80529.0,6.4957,297.87,116.73,1.5522,10.0,,23,,1.2824,0.19247,,,1.4818,0,,0,0,1,96,96,1,96.0,148440.0
177.0,75,100,80,0.0,68.572,11.462,124.54,150,0.9,0,0.0013235,10.858,26.459,71968,80593.0,6.4949,298.11,199.18,1.5526,10.0,,23,,1.2831,0.19246,,,1.4822,0,,0,0,1,96,96,1,96.0,147400.0
177.2,75,100,80,0.0,71.118,89.583,12.454,150,0.9,0,0.0013069,10.893,26.485,72023,80658.0,6.4987,297.95,144.17,1.5529,10.0,,23,,1.2687,0.19257,,,1.4825,0,,0,0,1,96,96,1,96.0,148700.0
177.4,75,100,80,0.0,72.162,37.125,1.2454,150,0.9,0,0.0013495,10.88,26.512,72079,80723.0,6.5006,297.83,103.72,1.5533,10.0,,23,,1.2607,0.19263,,,1.4828,0,,0,0,1,96,96,1,96.0,147990.0
177.6,75,100,80,0.0,72.443,11.138,65.571,150,0.9,0,0.0012615,10.933,26.538,72135,80788.0,6.5051,297.92,133.62,1.5536,10.0,,23,,1.2552,0.19267,,,1.4831,0,,0,0,1,96,96,1,96.0,148450.0
177.8,75,100,80,0.0,70.932,3.3413,0.0001,150,0.9,0,0.0012677,10.924,26.564,72191,80853.0,6.5093,297.85,107.81,1.5539,10.0,,23,,1.2548,0.19267,,,1.4834,0,,0,0,1,96,96,1,96.0,148900.0
178.0,75,100,80,0.0,67.752,1.0024,77.957,150,0.9,0,0.001258,10.921,26.589,72246,80917.0,6.5112,297.98,153.38,1.5542,10.0,,23,,1.2536,0.19268,,,1.4837,0,,0,0,1,96,96,1,96.0,148520.0
178.2,75,100,80,0.0,63.802,41.035,7.7957,150,0.9,0,0.0012719,10.897,26.615,72300,80980.0,6.5125,297.87,116.0,1.5545,10.0,,23,,1.2592,0.19264,,,1.484,0,,0,0,1,96,96,1,96.0,147480.0
178.4,75,100,80,0.0,59.317,12.311,132.1,150,0.9,0,0.0012829,10.885,26.641,72354,81042.0,6.512,298.12,204.33,1.5548,10.0,,23,,1.2523,0.19269,,,1.4843,0,,0,0,1,96,96,1,96.0,149270.0
178.6,75,100,80,0.0,55.052,95.797,13.21,150,0.9,0,0.0013,10.854,26.668,72406,81104.0,6.5066,297.95,143.9,1.5552,10.0,,23,,1.2623,0.19262,,,1.4847,0,,0,0,1,96,96,1,96.0,148400.0
178.8,75,100,80,0.0,52.932,38.663,1.321,150,0.9,0,0.001324,10.84,26.695,72458,81165.0,6.4975,297.83,102.95,1.5555,10.0,,23,,1.2619,0.19262,,,1.485,0,,0,0,1,96,96,1,96.0,148690.0
179.0,75,100,80,0.0,54.475,11.599,63.994,150,0.9,0,0.0013849,10.82,26.722,72510,81226.0,6.489,297.92,132.78,1.5559,10.0,,23,,1.2579,0.19265,,,1.4853,0,,0,0,1,96,96,1,96.0,149320.0
179.2,75,100,80,0.0,59.393,3.4796,0.0001,150,0.9,0,0.001399,10.818,26.75,72564,81289.0,6.4847,297.85,108.51,1.5562,10.0,,23,,1.2695,0.19256,,,1.4857,0,,0,0,1,96,96,1,96.0,148790.0
179.4,75,100,80,0.0,66.026,1.0439,75.998,150,0.9,0,0.0014082,10.833,26.777,72618,81353.0,6.4855,297.98,153.5,1.5566,10.0,,23,,1.2714,0.19254,,,1.4861,0,,0,0,1,96,96,1,96.0,149750.0
179.6,75,100,80,0.0,72.324,40.321,7.5998,150,0.9,0,0.0014002,10.885,26.804,72674,81418.0,6.4906,297.87,117.06,1.557,10.0,,23,,1.2463,0.19273,,,1.4864,0,,0,0,1,96,96,1,96.0,149210.0
179.8,75,100,80,0.0,76.589,12.096,129.16,150,0.9,0,0.0013976,10.91,26.831,72731,81484.0,6.4951,298.12,202.97,1.5574,10.0,,23,,1.2357,0.19281,,,1.4868,0,,0,0,1,96,96,1,96.0,149510.0
180.0,75,100,80,0.0,79.076,92.841,12.916,150,0.9,0,0.0014678,10.881,26.858,72788,81551.0,6.5006,297.96,147.59,1.5578,10.0,2292.9,23,2078.6,1.2374,0.1928,26.75,24.489,1.4872,0,77.031,0,0,1,96,96,1,96.0,149470.0
180.2,75,100,80,0.0,79.34,40.881,1.2916,150,0.9,0,0.0014157,10.929,26.885,72845,81617.0,6.5064,297.84,105.46,1.5582,10.0,,23,,1.2165,0.19295,,,1.4875,0,,0,0,1,96,96,1,96.0,149440.0
180.4,75,100,80,0.0,77.31,12.264,69.341,150,0.9,0,0.0014146,10.923,26.912,72902,81683.0,6.5109,297.93,138.42,1.5585,10.0,,23,,1.2165,0.19295,,,1.4879,0,,0,0,1,96,96,1,96.0,148900.0
180.6,75,100,80,0.0,73.468,3.6793,0.0001,150,0.9,0,0.001435,10.906,26.939,72958,81749.0,6.5097,297.86,113.19,1.5589,10.0,,23,,1.2144,0.19297,,,1.4883,0,,0,0,1,96,96,1,96.0,149530.0
180.8,75,100,80,0.0,70.142,1.1038,76.258,150,0.9,0,0.0014088,10.897,26.966,73014,81814.0,6.5048,297.99,157.88,1.5593,10.0,,23,,1.225,0.19289,,,1.4886,0,,0,0,1,96,96,1,96.0,150660.0
181.0,75,100,80,0.0,68.762,40.376,7.6258,150,0.9,0,0.0013939,10.912,26.993,73069,81878.0,6.4961,297.89,122.66,1.5597,10.0,,23,,1.2167,0.19295,,,1.489,0,,0,0,1,96,96,1,96.0,149950.0
181.2,75,100,80,0.0,70.848,12.113,124.35,150,0.9,0,0.0013675,10.942,27.019,73124,81943.0,6.4867,298.12,204.39,1.56,10.0,,23,,1.2073,0.19302,,,1.4893,0,,0,0,1,96,96,1,96.0,150580.0
181.4,75,100,80,0.0,76.68,88.868,12.435,150,0.9,0,0.0013788,10.968,27.045,73181,82009.0,6.4842,297.96,148.2,1.5603,10.0,,23,,1.1999,0.19307,,,1.4896,0,,0,0,1,96,96,1,96.0,151200.0
181.6,75,100,80,0.0,83.502,36.633,1.2435,150,0.9,0,0.0013801,10.993,27.071,73239,82076.0,6.4848,297.84,106.76,1.5607,10.0,,23,,1.1983,0.19309,,,1.49,0,,0,0,1,96,96,1,96.0,151150.0
181.8,75,100,80,0.0,90.082,10.99,63.093,150,0.9,0,0.0013687,11.04,27.095,73298,82145.0,6.4903,297.92,133.77,1.561,10.0,,23,,1.1832,0.1932,,,1.4903,0,,0,0,1,96,96,1,96.0,150600.0
182.0,75,100,80,0.0,94.454,3.297,0.0001,150,0.9,0,0.0012929,11.115,27.118,73359,82214.0,6.4945,297.85,107.73,1.5613,10.0,,23,,1.1637,0.19334,,,1.4906,0,,0,0,1,96,96,1,96.0,150880.0
182.2,75,100,80,0.0,97.163,0.98909,75.091,150,0.9,0,0.0013018,11.149,27.14,73420,82284.0,6.5029,297.97,150.48,1.5616,10.0,,23,,1.1411,0.19351,,,1.4909,0,,0,0,1,96,96,1,96.0,151150.0
182.4,75,100,80,0.0,96.52,37.571,7.5091,150,0.9,0,0.0013,11.164,27.161,73480,82353.0,6.5112,297.87,114.88,1.5619,10.0,,23,,1.1279,0.19361,,,1.4911,0,,0,0,1,96,96,1,96.0,151580.0
182.6,75,100,80,0.0,92.549,11.271,124.49,150,0.9,0,0.0013119,11.116,27.184,73540,82422.0,6.5179,298.1,196.95,1.5622,10.0,,23,,1.1601,0.19337,,,1.4914,0,,0,0,1,96,96,1,96.0,151020.0
182.8,75,100,80,0.0,85.917,87.087,12.449,150,0.9,0,0.001271,11.121,27.206,73598,82490.0,6.5223,297.95,142.22,1.5625,10.0,,23,,1.1524,0.19343,,,1.4917,0,,0,0,1,96,96,1,96.0,151300.0
183.0,75,100,80,0.0,77.544,26.126,202.42,150,0.9,0,0.0013377,11.036,27.23,73655,82556.0,6.5203,298.35,286.15,1.5628,10.0,,23,,1.1816,0.19321,,,1.492,0,,0,0,1,96,96,1,96.0,151410.0
183.2,75,100,80,0.0,69.972,165.33,20.242,150,0.9,0,0.0012596,11.051,27.253,73710,82620.0,6.5143,298.11,200.43,1.5631,10.0,,23,,1.1815,0.19321,,,1.4922,0,,0,0,1,96,96,1,96.0,151350.0
183.4,75,100,80,0.0,64.78,92.081,2.0242,150,0.9,0,0.0012679,11.016,27.276,73765,82683.0,6.5057,297.93,135.92,1.5633,10.0,,23,,1.1934,0.19312,,,1.4925,0,,0,0,1,96,96,1,96.0,152130.0
183.6,75,100,80,0.0,63.046,27.624,100.62,150,0.9,0,0.0012862,10.987,27.3,73819,82746.0,6.4963,298.08,189.85,1.5636,10.0,,23,,1.2088,0.193,,,1.4927,0,,0,0,1,96,96,1,96.0,151410.0
183.8,75,100,80,0.0,65.039,78.661,10.062,150,0.9,0,0.0012715,11.002,27.324,73873,82809.0,6.489,297.94,141.81,1.5639,10.0,,23,,1.2105,0.19299,,,1.493,0,,0,0,1,96,96,1,96.0,150860.0
184.0,75,100,80,0.0,69.943,23.598,168.26,150,0.9,0,0.0012319,11.067,27.346,73928,82873.0,6.4823,298.27,257.78,1.5641,10.0,,23,,1.1879,0.19316,,,1.4932,0,,0,0,1,96,96,1,96.0,151800.0
184.2,75,100,80,0.0,77.55,134.99,16.826,150,0.9,0,0.0012051,11.117,27.368,73985,82939.0,6.4786,298.09,191.76,1.5644,10.0,,23,,1.1725,0.19327,,,1.4935,0,,0,0,1,96,96,1,96.0,151060.0
184.4,75,100,80,0.0,86.614,78.719,1.6826,150,0.9,0,0.0011528,11.198,27.387,74043,83006.0,6.4809,297.93,137.37,1.5646,10.0,,23,,1.1546,0.19341,,,1.4937,0,,0,0,1,96,96,1,96.0,152320.0
184.6,75,100,80,0.0,94.774,23.616,91.677,150,0.9,0,0.0011661,11.231,27.406,74104,83075.0,6.483,298.07,185.44,1.5648,10.0,,23,,1.1515,0.19343,,,1.4939,0,,0,0,1,96,96,1,96.0,152740.0
184.8,75,100,80,0.0,102.1,68.731,9.1677,150,0.9,0,0.0011344,11.278,27.424,74165,83145.0,6.4875,297.95,142.33,1.565,10.0,,23,,1.1475,0.19346,,,1.494,0,,0,0,1,96,96,1,96.0,151660.0
185.0,75,100,80,0.0,107.61,20.619,149.39,150,0.9,0,0.0011362,11.316,27.441,74228,83217.0,6.4938,298.23,243.82,1.5651,10.0,,23,,1.1322,0.19357,,,1.4942,0,,0,0,1,96,96,1,96.0,151740.0
185.2,75,100,80,0.0,110.6,117.54,14.939,150,0.9,0,0.0011071,11.325,27.457,74291,83289.0,6.5004,298.08,188.49,1.5653,10.0,,23,,1.1529,0.19342,,,1.4944,0,,0,0,1,96,96,1,96.0,151480.0
185.4,75,100,80,0.0,110.97,70.652,1.4939,150,0.9,0,0.0011088,11.331,27.474,74355,83361.0,6.5059,297.94,138.61,1.5655,10.0,,23,,1.152,0.19342,,,1.4945,0,,0,0,1,96,96,1,96.0,152230.0
185.6,75,100,80,0.0,109.14,21.195,86.508,150,0.9,0,0.0011396,11.299,27.491,74418,83432.0,6.5142,298.06,183.41,1.5656,10.0,,23,,1.1651,0.19333,,,1.4947,0,,0,0,1,96,96,1,96.0,151980.0
185.8,75,100,80,0.0,103.99,63.013,8.6508,150,0.9,0,0.0011561,11.259,27.509,74480,83503.0,6.5218,297.95,143.64,1.5658,10.0,,23,,1.1824,0.1932,,,1.4949,0,,0,0,1,96,96,1,96.0,152730.0
186.0,75,100,80,0.0,95.785,26.1,0.86508,150,0.9,0,0.0011448,11.242,27.528,74540,83572.0,6.5273,297.86,110.68,1.566,10.0,,23,,1.1846,0.19318,,,1.495,0,,0,0,1,96,96,1,96.0,153320.0
186.2,75,100,80,0.0,85.373,7.8299,54.203,150,0.9,0,0.00114,11.186,27.547,74599,83639.0,6.5268,297.92,132.27,1.5661,10.0,,23,,1.2135,0.19296,,,1.4952,0,,0,0,1,96,96,1,96.0,152740.0
186.4,75,100,80,0.0,75.194,2.349,0.0001,150,0.9,0,0.0011064,11.171,27.566,74655,83704.0,6.5253,297.85,106.76,1.5663,10.0,,23,,1.2143,0.19295,,,1.4953,0,,0,0,1,96,96,1,96.0,152830.0
186.6,75,100,80,0.0,65.579,0.70469,69.135,150,0.9,0,0.0011396,11.094,27.586,74709,83767.0,6.521,297.95,144.12,1.5664,10.0,,23,,1.2465,0.19271,,,1.4955,0,,0,0,1,96,96,1,96.0,152590.0
186.8,75,100,80,0.0,57.722,31.38,6.9135,150,0.9,0,0.0011254,11.06,27.607,74762,83828.0,6.514,297.87,114.59,1.5666,10.0,,23,,1.2656,0.19257,,,1.4956,0,,0,0,1,96,96,1,96.0,153690.0
187.0,75,100,80,0.0,52.647,9.4141,108.07,150,0.9,0,0.0011368,11.035,27.628,74814,83888.0,6.5048,298.06,183.57,1.5667,10.0,,23,,1.2729,0.19251,,,1.4957,0,,0,0,1,96,96,1,96.0,152620.0
187.2,75,100,80,0.0,51.265,71.237,10.807,150,0.9,0,0.0011102,11.041,27.649,74865,83948.0,6.4954,297.95,143.11,1.5668,10.0,,23,,1.2757,0.19249,,,1.4959,0,,0,0,1,96,96,1,96.0,153890.0
187.4,75,100,80,0.0,53.633,21.371,163.05,150,0.9,0,0.0011188,11.063,27.67,74917,84009.0,6.4887,298.26,256.6,1.567,10.0,,23,,1.2598,0.19261,,,1.496,0,,0,0,1,96,96,1,96.0,153320.0
187.6,75,100,80,0.0,58.674,128.88,16.305,150,0.9,0,0.0011143,11.094,27.691,74970,84070.0,6.4861,298.11,199.92,1.5671,10.0,,23,,1.2493,0.19269,,,1.4961,0,,0,0,1,96,96,1,96.0,153090.0
187.8,75,100,80,0.0,64.728,82.211,1.6305,150,0.9,0,0.0011186,11.114,27.71,75024,84133.0,6.4864,297.97,148.91,1.5672,10.0,,23,,1.2508,0.19268,,,1.4962,0,,0,0,1,96,96,1,96.0,153850.0
188.0,75,100,80,0.0,70.692,38.657,0.16305,150,0.9,0,0.0011568,11.102,27.731,75079,84197.0,6.4883,297.86,111.89,1.5674,10.0,,23,,1.2696,0.19254,,,1.4964,0,,0,0,1,96,96,1,96.0,153940.0
188.2,75,100,80,0.0,75.89,11.597,61.521,150,0.9,0,0.0015299,11.154,27.752,75136,84262.0,6.4906,297.94,138.8,1.5675,10.0,,23,,1.2487,0.19269,,,1.4965,0,,0,0,1,96,96,1,96.0,154050.0
188.4,75,100,80,0.0,80.181,3.4791,0.0001,150,0.9,0,0.02925,12.406,27.76,75193,84327.0,6.5064,297.87,112.85,1.5674,10.0,,23,,1.0745,0.194,,,1.4964,0,,0,0,1,96,96,1,96.0,154250.0
188.6,75,100,80,0.0,78.077,1.0437,70.489,150,0.9,0,0.1261,12.429,27.725,75250,84393.0,6.5514,297.97,151.17,1.567,10.0,,23,,0.91757,0.19518,,,1.496,0,,0,0,1,96,96,1,96.0,153400.0
188.8,75,100,80,0.51488,39.039,33.043,7.0489,150,0.9,0,0.23074,12.26,27.693,75299,84450.0,6.5713,297.89,123.33,1.5664,10.0,,23,,0.94689,0.19496,,,1.4955,0,,0,0,1,96,96,1,96.0,152740.0
189.0,75,100,80,1.0344,19.519,9.9129,103.63,150,0.9,0,0.34008,12.178,27.662,75344,84504.0,6.5736,298.07,188.59,1.5659,10.0,,23,,0.9708,0.19478,,,1.495,0,,0,0,1,96,96,1,96.0,154090.0
189.2,75,100,80,1.5551,9.7597,68.623,10.363,150,0.9,0,0.45466,12.135,27.632,75388,84556.0,6.5672,297.97,150.89,1.5654,10.0,,23,,0.98685,0.19466,,,1.4944,0,,0,0,1,96,96,1,96.0,153440.0
189.4,75,100,80,2.0759,4.8798,34.217,1.0363,150,0.9,0,0.57325,12.109,27.603,75430,84607.0,6.5565,297.87,115.91,1.5648,10.0,,23,,1.002,0.19455,,,1.4939,0,,0,0,1,96,96,1,96.0,153620.0
189.6,75,100,80,2.5969,2.4399,10.265,62.302,150,0.9,0,0.69101,12.096,27.573,75472,84658.0,6.5441,297.95,143.86,1.5643,10.0,,23,,1.0132,0.19447,,,1.4934,0,,0,0,1,96,96,1,96.0,153310.0
189.8,75,100,80,0.0,0.0,32.821,6.2302,150,0.9,0,0.80778,12.081,27.544,75513,84708.0,6.5325,297.87,114.62,1.5637,10.0,,23,,1.0134,0.19447,,,1.4929,0,,0,0,1,96,96,1,96.0,152490.0
190.0,75,100,80,0.0,0.0,9.8464,102.05,150,0.9,0,0.92495,12.085,27.515,75555,84757.0,6.5215,298.05,178.45,1.5632,10.0,,23,,1.0125,0.19447,,,1.4924,0,,0,0,1,96,96,1,96.0,152020.0
190.2,75,100,80,0.0,0.0,66.171,10.205,150,0.9,-4000,1.0429,12.093,27.486,74901,84007.0,6.5399,297.95,142.63,1.5529,10.0,,23,,1.0006,0.19458,,,1.4825,0,,0,0,1,96,96,1,96.0,152200.0
190.4,75,100,80,0.0,0.0,19.851,150.29,150,0.9,-4000,1.164,12.105,27.456,74247,83257.0,6.5589,298.23,245.64,1.5386,10.0,,23,,0.98033,0.19476,,,1.4687,0,,0,0,1,96,96,1,96.0,152890.0
190.6,75,100,80,0.51838,0.0,117.65,15.029,150,0.9,-4000,1.2862,12.125,27.427,73594,82506.0,6.5779,298.09,193.67,1.524,10.0,,23,,0.94994,0.19502,,,1.4547,0,,0,0,1,96,96,1,96.0,152740.0
190.8,75,100,80,1.0368,0.0,73.874,1.5029,150,0.9,-4000,1.4129,12.143,27.397,72941,81757.0,6.597,297.95,146.38,1.5093,10.0,,23,,0.92133,0.19526,,,1.4407,0,,0,0,1,96,96,1,96.0,152090.0
191.0,75,100,80,1.5551,0.0,32.001,0.15029,150,0.9,-4000,1.5416,12.156,27.368,72287,81007.0,6.6159,297.86,112.46,1.4948,10.0,,23,,0.89939,0.19546,,,1.4267,0,,0,0,1,96,96,1,96.0,151440.0
191.2,75,100,80,2.0734,0.0,9.6002,56.183,150,0.9,-4000,1.672,12.167,27.338,71635,80257.0,6.635,297.93,136.16,1.4802,10.0,,23,,0.88146,0.19562,,,1.4128,0,,0,0,1,96,96,1,96.0,152130.0
191.4,75,100,80,2.5917,0.0,2.8801,0.0001,150,0.9,-4000,1.8003,12.166,27.308,70982,79508.0,6.6538,297.85,111.34,1.4656,10.0,,23,,0.87806,0.19567,,,1.3988,0,,0,0,1,96,96,1,96.0,151640.0
191.6,75,100,80,3.1101,0.0,0.86402,71.069,150,0.9,-4000,1.9315,12.175,27.278,70329,78759.0,6.6726,297.97,151.31,1.4511,10.0,,23,,0.86383,0.19581,,,1.3849,0,,0,0,1,96,96,1,96.0,150990.0
191.8,75,100,80,3.6283,0.0,36.468,7.1069,150,0.9,-4000,2.0677,12.195,27.248,69676,78010.0,6.6914,297.89,123.14,1.4366,10.0,,23,,0.83609,0.19604,,,1.3709,0,,0,0,1,96,96,1,96.0,150670.0
192.0,75,100,80,4.1466,0.0,10.94,113.53,150,0.9,-4000,2.2065,12.211,27.218,69024,77261.0,6.7097,298.11,198.23,1.4221,10.0,2583.4,23,2226.2,0.81394,0.19624,27.338,23.929,1.357,0,78.655,0,0,1,96,96,1,96.0,150690.0
192.2,75,100,80,4.6649,0.0,84.981,11.353,150,0.9,0,2.3461,12.21,27.187,69067,77312.0,6.6841,297.99,158.13,1.4175,10.0,,23,,0.81445,0.19624,,,1.3527,0,,0,0,1,96,96,1,96.0,150540.0
192.4,75,100,80,5.1889,0.0,45.856,1.1353,150,0.9,0,2.4843,12.221,27.157,69109,77363.0,6.66,297.88,122.41,1.4168,10.0,,23,,0.80671,0.1963,,,1.352,0,,0,0,1,96,96,1,96.0,150050.0
192.6,75,100,80,5.7105,0.0,13.757,71.11,150,0.9,0,2.623,12.23,27.126,69152,77415.0,6.6371,297.99,159.12,1.4163,10.0,,23,,0.80127,0.19635,,,1.3515,0,,0,0,1,96,96,1,96.0,150730.0
192.8,75,100,80,6.2321,0.0,48.289,7.111,150,0.9,0,2.7613,12.251,27.095,69195,77467.0,6.6154,297.9,128.52,1.4158,10.0,,23,,0.78103,0.1965,,,1.351,0,,0,0,1,96,96,1,96.0,150240.0
193.0,75,100,80,6.7536,0.0,14.487,122.97,150,0.9,0,2.9024,12.255,27.065,69238,77518.0,6.5947,298.15,211.04,1.4153,10.0,,23,,0.78135,0.1965,,,1.3505,0,,0,0,1,96,96,1,96.0,150760.0
193.2,75,100,80,7.2751,0.0,97.009,12.297,150,0.9,0,3.0398,12.256,27.034,69281,77570.0,6.5749,298.02,167.44,1.4147,10.0,,23,,0.78495,0.19647,,,1.35,0,,0,0,1,96,96,1,96.0,150930.0
193.4,75,100,80,7.7966,0.0,55.643,1.2297,150,0.9,0,3.178,12.246,27.003,69325,77622.0,6.5558,297.9,127.88,1.4142,10.0,,23,,0.80233,0.19634,,,1.3495,0,,0,0,1,96,96,1,96.0,150610.0
193.6,75,100,80,8.318,0.0,16.693,78.384,150,0.9,0,3.316,12.255,26.973,69368,77674.0,6.537,298.03,169.42,1.4137,10.0,,23,,0.799,0.19637,,,1.349,0,,0,0,1,96,96,1,96.0,149630.0
193.8,75,100,80,0.0,0.0,56.818,7.8384,150,0.9,0,3.452,12.206,26.943,69410,77724.0,6.5262,297.92,133.08,1.4132,10.0,,23,,0.82106,0.1962,,,1.3485,0,,0,0,1,96,96,1,96.0,149640.0
194.0,75,100,80,0.0,0.0,17.046,137.34,150,0.9,0,3.5894,12.192,26.913,69451,77774.0,6.5159,298.2,226.66,1.4127,10.0,,23,,0.84319,0.19604,,,1.348,0,,0,0,1,96,96,1,96.0,150160.0
194.2,75,100,80,0.0,0.0,111.41,13.734,150,0.9,0,3.727,12.202,26.883,69493,77825.0,6.506,298.04,175.05,1.4121,10.0,,23,,0.83523,0.1961,,,1.3475,0,,0,0,1,96,96,1,96.0,150170.0
194.4,75,100,80,0.0,0.0,63.387,1.3734,150,0.9,0,3.8627,12.212,26.853,69535,77875.0,6.4964,297.91,130.29,1.4116,10.0,,23,,0.82472,0.19618,,,1.347,0,,0,0,1,96,96,1,96.0,149020.0
194.6,75,100,80,0.0,1.9573,19.016,83.276,150,0.9,0,3.9987,12.236,26.823,69577,77925.0,6.489,298.04,175.1,1.4111,10.0,,23,,0.80838,0.1963,,,1.3465,0,,0,0,1,96,96,1,96.0,150040.0
194.8,75,100,80,0.0,6.8802,62.793,8.3276,150,0.9,0,4.137,12.276,26.792,69620,77977.0,6.4859,297.93,138.16,1.4106,10.0,,23,,0.78483,0.19648,,,1.346,0,,0,0,1,96,96,1,96.0,149220.0
195.0,75,100,80,0.0,13.018,18.838,143.02,150,0.9,0,4.2767,12.306,26.761,69664,78030.0,6.4881,298.23,236.76,1.41,10.0,,23,,0.77913,0.19652,,,1.3455,0,,0,0,1,96,96,1,96.0,147900.0
195.2,75,100,80,0.0,18.278,118.68,14.302,150,0.9,0,4.4197,12.333,26.73,69709,78084.0,6.4941,298.08,187.46,1.4095,10.0,,23,,0.77196,0.19658,,,1.345,0,,0,0,1,96,96,1,96.0,148070.0
195.4,75,100,80,0.0,21.16,74.199,1.4302,150,0.9,0,4.5646,12.337,26.698,69755,78139.0,6.5021,297.94,142.4,1.409,10.0,,23,,0.78123,0.19651,,,1.3445,0,,0,0,1,96,96,1,96.0,148420.0
195.6,75,100,80,0.0,20.848,22.26,88.778,150,0.9,0,4.7099,12.345,26.667,69801,78194.0,6.5091,298.09,191.76,1.4084,10.0,,23,,0.77371,0.19657,,,1.344,0,,0,0,1,96,96,1,96.0,148930.0
195.8,75,100,80,0.0,17.742,71.948,8.8778,150,0.9,0,4.8577,12.326,26.636,69846,78248.0,6.5131,297.98,154.13,1.4079,10.0,,23,,0.78356,0.19649,,,1.3435,0,,0,0,1,96,96,1,96.0,148270.0
196.0,75,100,80,0.0,13.02,35.617,0.88778,150,0.9,0,5.0022,12.322,26.606,69890,78301.0,6.5136,297.88,120.38,1.4074,10.0,,23,,0.77063,0.19659,,,1.343,0,,0,0,1,96,96,1,96.0,149120.0
196.2,75,100,80,0.0,8.1012,10.685,61.863,150,0.9,0,5.1467,12.314,26.575,69934,78353.0,6.5103,297.97,149.27,1.4068,10.0,,23,,0.76117,0.19666,,,1.3425,0,,0,0,1,96,96,1,96.0,147970.0
196.4,75,100,80,0.0,4.5138,36.564,6.1863,150,0.9,0,5.292,12.295,26.546,69976,78405.0,6.5042,297.88,119.5,1.4063,10.0,,23,,0.76979,0.1966,,,1.3419,0,,0,0,1,96,96,1,96.0,147980.0
196.6,75,100,80,0.0,3.3803,10.969,109.25,150,0.9,0,5.4392,12.309,26.516,70019,78456.0,6.4974,298.09,190.54,1.4057,10.0,,23,,0.75294,0.19673,,,1.3414,0,,0,0,1,96,96,1,96.0,147000.0
196.8,75,100,80,0.0,4.9447,79.841,10.925,150,0.9,0,5.5841,12.311,26.486,70061,78508.0,6.4919,297.97,151.68,1.4052,10.0,,23,,0.75786,0.19669,,,1.3409,0,,0,0,1,96,96,1,96.0,146520.0
197.0,75,100,80,0.0,8.7135,41.731,1.0925,150,0.9,0,5.7288,12.33,26.456,70105,78560.0,6.489,297.87,116.7,1.4047,10.0,,23,,0.75472,0.19672,,,1.3404,0,,0,0,1,96,96,1,96.0,147030.0
197.2,75,100,80,0.0,13.632,12.519,70.306,150,0.9,0,5.8731,12.357,26.426,70149,78614.0,6.4895,297.97,152.46,1.4041,10.0,,23,,0.74745,0.19677,,,1.3399,0,,0,0,1,96,96,1,96.0,147380.0
197.4,75,100,80,0.0,18.336,44.975,7.0306,150,0.9,0,6.0168,12.39,26.395,70194,78668.0,6.4935,297.88,120.31,1.4036,10.0,,23,,0.73166,0.19689,,,1.3393,0,,0,0,1,96,96,1,96.0,147560.0
197.6,75,100,80,0.0,21.431,13.493,124.23,150,0.9,0,6.1605,12.414,26.364,70240,78723.0,6.5007,298.13,204.0,1.403,10.0,,23,,0.7193,0.19698,,,1.3388,0,,0,0,1,96,96,1,96.0,147410.0
197.8,75,100,80,0.0,21.653,95.242,12.423,150,0.9,0,6.303,12.424,26.333,70286,78777.0,6.5088,298.0,161.48,1.4025,10.0,,23,,0.70904,0.19706,,,1.3383,0,,0,0,1,96,96,1,96.0,147750.0
198.0,75,100,80,0.0,18.664,54.721,1.2423,150,0.9,0,6.4469,12.417,26.303,70331,78832.0,6.5151,297.88,121.04,1.4019,10.0,,23,,0.706,0.19708,,,1.3378,0,,0,0,1,96,96,1,96.0,146100.0
198.2,75,100,80,0.0,13.148,16.416,82.8,150,0.9,0,6.5906,12.39,26.273,70376,78885.0,6.517,298.02,166.58,1.4014,10.0,,23,,0.71701,0.197,,,1.3372,0,,0,0,1,96,96,1,96.0,146950.0
198.4,75,100,80,0.0,6.8811,59.351,8.28,150,0.9,0,6.7338,12.355,26.243,70419,78937.0,6.5132,297.91,130.92,1.4008,10.0,,23,,0.73424,0.19688,,,1.3367,0,,0,0,1,96,96,1,96.0,146630.0
198.6,75,100,80,0.0,2.1528,17.805,142.44,150,0.9,0,6.879,12.349,26.214,70461,78988.0,6.5053,298.2,228.88,1.4003,10.0,,23,,0.72585,0.19694,,,1.3362,0,,0,0,1,96,96,1,96.0,146320.0
198.8,75,100,80,0.0,0.54702,115.1,14.244,150,0.9,0,7.0235,12.355,26.185,70502,79039.0,6.4963,298.05,178.62,1.3997,10.0,,23,,0.71428,0.19703,,,1.3356,0,,0,0,1,96,96,1,96.0,145170.0
199.0,75,100,80,0.0,2.5512,69.248,1.4244,150,0.9,0,7.1711,12.358,26.156,70544,79090.0,6.4893,297.91,131.62,1.3992,10.0,,23,,0.72017,0.19698,,,1.3351,0,,0,0,1,96,96,1,96.0,145360.0
199.2,75,100,80,0.0,7.3478,20.774,91.081,150,0.9,0,7.3176,12.366,26.126,70588,79142.0,6.4865,298.06,182.54,1.3986,10.0,,23,,0.73516,0.19687,,,1.3346,0,,0,0,1,96,96,1,96.0,146710.0
199.4,75,100,80,0.0,13.262,70.374,9.1081,150,0.9,0,7.4649,12.394,26.096,70632,79195.0,6.4885,297.94,140.06,1.398,10.0,,23,,0.7306,0.19691,,,1.334,0,,0,0,1,96,96,1,96.0,145390.0
199.6,75,100,80,0.0,18.363,21.112,157.81,150,0.9,0,7.6098,12.424,26.066,70677,79249.0,6.4943,298.26,249.41,1.3975,10.0,,23,,0.72165,0.19698,,,1.3335,0,,0,0,1,96,96,1,96.0,145410.0
199.8,75,100,80,0.0,21.14,130.87,15.781,150,0.9,0,7.7526,12.425,26.036,70723,79304.0,6.5017,298.08,188.35,1.3969,10.0,,23,,0.73328,0.19689,,,1.333,0,,0,0,1,96,96,1,96.0,144590.0
200.0,75,100,80,0.0,20.987,76.206,1.5781,150,0.9,0,7.8958,12.418,26.005,70768,79359.0,6.5082,297.93,137.39,1.3964,10.0,,23,,0.74261,0.19682,,,1.3324,0,,0,0,1,96,96,1,96.0,145270.0
200.2,65,100,80,0.0,18.226,22.862,90.104,250,0.9,0,8.0362,12.589,25.968,70832,79432.0,6.5123,298.07,185.66,1.5925,4.0,,23,,0.71908,0.19578,,,1.3177,0,,0,0,1,96,96,1,96.0,145090.0
200.4,65,100,80,0.0,13.828,70.356,9.0104,250,0.9,0,8.1762,12.585,25.932,70896,79504.0,6.513,297.95,143.45,1.604,4.0,,23,,0.72643,0.1957,,,1.3273,0,,0,0,1,96,96,1,96.0,145070.0
200.6,65,100,80,0.0,9.1727,21.107,153.3,250,0.9,0,8.3172,12.575,25.896,70958,79575.0,6.51,298.26,248.95,1.6041,4.0,,23,,0.72753,0.19569,,,1.3274,0,,0,0,1,96,96,1,96.0,144560.0
200.8,65,100,80,0.0,5.6886,126.94,15.33,250,0.9,0,8.4566,12.561,25.86,71019,79645.0,6.5046,298.11,199.44,1.6035,4.0,,23,,0.73367,0.19563,,,1.3269,0,,0,0,1,96,96,1,96.0,144220.0
201.0,65,100,80,0.0,4.3672,84.213,1.533,250,0.9,0,8.5977,12.542,25.824,71080,79716.0,6.4984,297.97,149.93,1.6029,4.0,,23,,0.75276,0.19547,,,1.3264,0,,0,0,1,96,96,1,96.0,144040.0
201.2,65,100,80,0.0,5.5453,39.488,0.1533,250,0.9,0,8.7381,12.538,25.789,71142,79786.0,6.4934,297.86,113.56,1.6022,4.0,,23,,0.76856,0.19534,,,1.3258,0,,0,0,1,96,96,1,96.0,144860.0
201.4,65,100,80,0.0,8.6929,11.846,62.848,250,0.9,0,8.8772,12.56,25.753,71204,79857.0,6.4916,297.94,142.07,1.6015,4.0,,23,,0.76556,0.19536,,,1.3253,0,,0,0,1,96,96,1,96.0,144680.0
201.6,65,100,80,0.0,12.582,3.5539,0.0001,250,0.9,0,9.0173,12.584,25.717,71267,79929.0,6.4941,297.87,116.16,1.6009,4.0,,23,,0.76153,0.1954,,,1.3247,0,,0,0,1,96,96,1,96.0,144010.0
201.8,65,100,80,0.0,15.445,1.0662,73.291,250,0.9,0,9.1549,12.61,25.681,71330,80001.0,6.499,297.99,157.14,1.6002,4.0,,23,,0.75128,0.19549,,,1.3241,0,,0,0,1,96,96,1,96.0,142990.0
202.0,65,100,80,0.0,16.348,38.021,7.3291,250,0.9,0,9.2922,12.628,25.645,71394,80074.0,6.5045,297.9,127.39,1.5995,4.0,,23,,0.74154,0.19558,,,1.3236,0,,0,0,1,96,96,1,96.0,143150.0
202.2,65,100,80,0.0,15.067,11.406,113.56,250,0.9,0,9.4286,12.627,25.609,71457,80146.0,6.5082,298.12,201.04,1.5989,4.0,,23,,0.7431,0.19556,,,1.323,0,,0,0,1,96,96,1,96.0,143470.0
202.4,65,100,80,0.0,12.299,82.472,11.356,250,0.9,0,9.5618,12.616,25.573,71520,80217.0,6.5104,298.0,159.89,1.5982,4.0,,23,,0.74924,0.19551,,,1.3225,0,,0,0,1,96,96,1,96.0,143630.0
202.6,65,100,80,0.0,8.6794,43.882,1.1356,250,0.9,0,9.6955,12.605,25.538,71582,80288.0,6.5086,297.89,122.98,1.5975,4.0,,23,,0.75308,0.19548,,,1.3219,0,,0,0,1,96,96,1,96.0,141950.0
202.8,65,100,80,0.0,5.782,13.165,68.237,250,0.9,0,9.8283,12.603,25.503,71643,80359.0,6.5036,297.98,155.8,1.5968,4.0,,23,,0.75086,0.1955,,,1.3214,0,,0,0,1,96,96,1,96.0,143440.0
203.0,65,100,80,0.0,4.8803,42.764,6.8237,250,0.9,0,9.9605,12.587,25.468,71705,80429.0,6.4978,297.89,124.8,1.5962,4.0,,23,,0.76866,0.19535,,,1.3208,0,,0,0,1,96,96,1,96.0,142270.0
203.2,65,100,80,0.0,6.2924,12.829,114.68,250,0.9,0,10.094,12.596,25.433,71766,80499.0,6.4936,298.11,199.26,1.5955,4.0,,23,,0.77354,0.19531,,,1.3202,0,,0,0,1,96,96,1,96.0,141260.0
203.4,65,100,80,0.0,9.3707,84.16,11.468,250,0.9,0,10.227,12.621,25.398,71828,80570.0,6.4922,297.99,158.69,1.5948,4.0,,23,,0.76538,0.19538,,,1.3197,0,,0,0,1,96,96,1,96.0,141090.0
203.6,65,100,80,0.0,12.988,46.086,1.1468,250,0.9,0,10.359,12.651,25.363,71891,80641.0,6.4938,297.88,120.44,1.5941,4.0,,23,,0.75343,0.19548,,,1.3191,0,,0,0,1,96,96,1,96.0,142580.0
203.8,65,100,80,0.0,15.983,13.826,73.416,250,0.9,0,10.489,12.68,25.327,71955,80714.0,6.4982,297.99,157.34,1.5934,4.0,,23,,0.73968,0.1956,,,1.3185,0,,0,0,1,96,96,1,96.0,141400.0
204.0,65,100,80,0.0,17.196,47.124,7.3416,250,0.9,0,10.62,12.694,25.292,72018,80786.0,6.5037,297.89,124.22,1.5928,4.0,3277.6,23,2561.4,0.73435,0.19565,25.433,22.959,1.318,0,78.412,0,0,1,96,96,1,96.0,141560.0
204.2,65,100,80,0.0,16.25,14.137,123.89,250,0.9,0,10.751,12.708,25.256,72082,80858.0,6.508,298.13,206.34,1.5921,4.0,,23,,0.72336,0.19575,,,1.3174,0,,0,0,1,96,96,1,96.0,141720.0
204.4,65,100,80,0.0,13.56,92.789,12.389,250,0.9,0,10.882,12.688,25.221,72145,80930.0,6.5106,298.0,162.7,1.5914,4.0,,23,,0.73754,0.19563,,,1.3168,0,,0,0,1,96,96,1,96.0,141380.0
204.6,65,100,80,0.0,9.8588,52.421,1.2389,250,0.9,0,11.011,12.668,25.187,72207,81001.0,6.5092,297.89,121.82,1.5907,4.0,,23,,0.75008,0.19552,,,1.3162,0,,0,0,1,96,96,1,96.0,140870.0
204.8,65,100,80,0.0,6.7012,15.726,78.928,250,0.9,0,11.142,12.652,25.152,72269,81071.0,6.505,298.01,163.22,1.59,4.0,,23,,0.76304,0.19541,,,1.3157,0,,0,0,1,96,96,1,96.0,141030.0
205.0,65,100,80,0.0,5.2256,53.572,7.8928,250,0.9,0,11.272,12.663,25.118,72330,81141.0,6.4995,297.91,128.73,1.5893,4.0,,23,,0.75313,0.1955,,,1.3151,0,,0,0,1,96,96,1,96.0,141530.0
205.2,65,100,80,0.0,5.9628,16.072,131.88,250,0.9,0,11.402,12.681,25.084,72391,81211.0,6.495,298.16,217.41,1.5886,4.0,,23,,0.7445,0.19557,,,1.3145,0,,0,0,1,96,96,1,96.0,140360.0
205.4,65,100,80,0.0,8.4637,101.45,13.188,250,0.9,0,11.529,12.699,25.049,72453,81282.0,6.4929,298.04,173.63,1.5879,4.0,,23,,0.73904,0.19562,,,1.3139,0,,0,0,1,96,96,1,96.0,141190.0
205.6,65,100,80,0.0,11.826,62.148,1.3188,250,0.9,0,11.658,12.734,25.015,72516,81353.0,6.4944,297.91,129.64,1.5872,4.0,,23,,0.72175,0.19577,,,1.3133,0,,0,0,1,96,96,1,96.0,140020.0
205.8,65,100,80,0.0,14.585,18.644,86.62,250,0.9,0,11.786,12.761,24.98,72579,81425.0,6.4982,298.04,176.26,1.5865,4.0,,23,,0.70877,0.19588,,,1.3128,0,,0,0,1,96,96,1,96.0,140350.0
206.0,65,100,80,0.0,15.806,62.425,8.662,250,0.9,0,11.914,12.784,24.945,72642,81497.0,6.5036,297.94,139.7,1.5858,4.0,,23,,0.69405,0.19601,,,1.3122,0,,0,0,1,96,96,1,96.0,140670.0
206.2,65,100,80,0.0,14.869,18.728,139.64,250,0.9,0,12.042,12.793,24.911,72705,81569.0,6.5074,298.21,234.33,1.5851,4.0,,23,,0.68688,0.19607,,,1.3116,0,,0,0,1,96,96,1,96.0,140000.0
206.4,65,100,80,0.0,12.435,110.87,13.964,250,0.9,0,12.172,12.789,24.876,72768,81640.0,6.5088,298.08,189.12,1.5844,4.0,,23,,0.68712,0.19607,,,1.311,0,,0,0,1,96,96,1,96.0,139000.0
206.6,65,100,80,0.0,9.4588,72.019,1.3964,250,0.9,0,12.299,12.779,24.842,72830,81711.0,6.5075,297.95,143.37,1.5837,4.0,,23,,0.69195,0.19603,,,1.3104,0,,0,0,1,96,96,1,96.0,139330.0
206.8,65,100,80,0.0,6.9966,21.606,89.003,250,0.9,0,12.427,12.779,24.809,72892,81781.0,6.5036,298.09,191.65,1.583,4.0,,23,,0.69066,0.19605,,,1.3098,0,,0,0,1,96,96,1,96.0,139830.0
207.0,65,100,80,0.0,6.0791,68.368,8.9003,250,0.9,0,12.555,12.772,24.775,72953,81851.0,6.4993,297.98,153.96,1.5823,4.0,,23,,0.69963,0.19597,,,1.3092,0,,0,0,1,96,96,1,96.0,139160.0
207.2,65,100,80,0.0,6.8736,33.446,0.89003,250,0.9,0,12.685,12.763,24.741,73014,81921.0,6.4958,297.88,119.45,1.5815,4.0,,23,,0.71702,0.19582,,,1.3086,0,,0,0,1,96,96,1,96.0,139160.0
207.4,65,100,80,0.0,9.0823,10.034,59.793,250,0.9,0,12.817,12.771,24.708,73076,81992.0,6.4947,297.95,145.16,1.5808,4.0,,23,,0.72444,0.19576,,,1.308,0,,0,0,1,96,96,1,96.0,137660.0
207.6,65,100,80,0.0,11.713,31.648,5.9793,250,0.9,0,12.95,12.786,24.674,73139,82064.0,6.4961,297.87,114.92,1.5801,4.0,,23,,0.72426,0.19576,,,1.3074,0,,0,0,1,96,96,1,96.0,139160.0
207.8,65,100,80,0.0,13.785,9.4943,102.15,250,0.9,0,13.084,12.797,24.64,73202,82136.0,6.4993,298.05,178.77,1.5794,4.0,,23,,0.72688,0.19574,,,1.3068,0,,0,0,1,96,96,1,96.0,137990.0
208.0,65,100,80,0.0,14.578,67.997,10.215,250,0.9,0,13.219,12.805,24.606,73265,82208.0,6.5034,297.94,141.13,1.5787,4.0,,23,,0.72648,0.19575,,,1.3062,0,,0,0,1,96,96,1,96.0,138490.0
208.2,65,100,80,0.0,13.717,20.399,156.97,250,0.9,0,13.354,12.804,24.572,73328,82280.0,6.5072,298.25,249.92,1.5779,4.0,,23,,0.73149,0.1957,,,1.3056,0,,0,0,1,96,96,1,96.0,138480.0
208.4,65,100,80,0.0,11.355,125.88,15.697,250,0.9,0,13.488,12.799,24.538,73390,82351.0,6.5084,298.1,196.34,1.5772,4.0,,23,,0.7342,0.19568,,,1.305,0,,0,0,1,96,96,1,96.0,137320.0
208.6,65,100,80,0.0,8.5243,80.486,1.5697,250,0.9,0,13.624,12.8,24.505,73452,82422.0,6.5063,297.96,145.69,1.5765,4.0,,23,,0.7292,0.19573,,,1.3044,0,,0,0,1,96,96,1,96.0,137980.0
208.8,65,100,80,0.0,6.5465,35.762,0.15697,250,0.9,0,13.761,12.792,24.472,73513,82492.0,6.5024,297.85,108.77,1.5758,4.0,,23,,0.73558,0.19567,,,1.3038,0,,0,0,1,96,96,1,96.0,137650.0
209.0,65,100,80,0.0,6.1295,10.729,60.853,250,0.9,0,13.898,12.788,24.439,73575,82563.0,6.4982,297.93,135.2,1.575,4.0,,23,,0.74432,0.1956,,,1.3032,0,,0,0,1,96,96,1,96.0,136990.0
209.2,65,100,80,0.0,7.3557,3.2186,0.0001,250,0.9,0,14.033,12.782,24.406,73636,82634.0,6.4955,297.85,108.82,1.5743,4.0,,23,,0.76094,0.19546,,,1.3026,0,,0,0,1,96,96,1,96.0,137490.0
209.4,65,100,80,0.0,9.6731,0.96558,73.967,250,0.9,0,14.168,12.795,24.373,73698,82705.0,6.4949,297.97,150.09,1.5736,4.0,,23,,0.76281,0.19544,,,1.302,0,,0,0,1,96,96,1,96.0,137160.0
209.6,65,100,80,0.0,12.218,36.297,7.3967,250,0.9,0,14.304,12.825,24.34,73761,82776.0,6.4973,297.88,120.26,1.5728,4.0,,23,,0.74744,0.19558,,,1.3014,0,,0,0,1,96,96,1,96.0,136830.0
209.8,65,100,80,0.0,13.8,10.889,113.91,250,0.9,0,14.44,12.842,24.307,73824,82848.0,6.5012,298.09,194.18,1.5721,4.0,,23,,0.74123,0.19563,,,1.3008,0,,0,0,1,96,96,1,96.0,137670.0
210.0,65,100,80,0.0,13.827,79.296,11.391,250,0.9,0,14.574,12.843,24.273,73887,82920.0,6.5049,297.98,154.38,1.5714,4.0,,23,,0.74434,0.19561,,,1.3002,0,,0,0,1,96,96,1,96.0,136000.0
210.2,65,100,80,0.0,12.406,42.451,1.1391,250,0.9,-4000,14.71,12.846,24.24,73252,82192.0,6.5351,297.88,117.26,1.5611,4.0,,23,,0.74065,0.19566,,,1.2916,0,,0,0,1,96,96,1,96.0,136500.0
210.4,65,100,80,0.0,0.0,12.735,70.764,250,0.9,-4000,14.848,12.812,24.208,72614,81461.0,6.553,297.98,152.18,1.5462,4.0,,23,,0.73197,0.19576,,,1.2792,0,,0,0,1,96,96,1,96.0,136510.0
210.6,65,100,80,0.51912,0.0,43.344,7.0764,250,0.9,-4000,14.99,12.847,24.175,71976,80731.0,6.5706,297.88,119.77,1.5309,4.0,,23,,0.6974,0.19609,,,1.2666,0,,0,0,1,96,96,1,96.0,136010.0
210.8,65,100,80,1.0376,0.0,13.003,119.95,250,0.9,-4000,15.133,12.869,24.143,71339,80001.0,6.588,298.11,198.88,1.5157,4.0,,23,,0.67421,0.19632,,,1.2539,0,,0,0,1,96,96,1,96.0,136520.0
211.0,65,100,80,1.5561,0.0,88.785,11.995,250,0.9,-4000,15.282,12.884,24.11,70702,79271.0,6.6051,297.99,158.76,1.5005,4.0,,23,,0.6582,0.19649,,,1.2413,0,,0,0,1,96,96,1,96.0,136190.0
211.2,65,100,80,2.0747,0.0,50.594,1.1995,250,0.9,-4000,15.432,12.91,24.077,70065,78541.0,6.6218,297.88,120.81,1.4853,4.0,,23,,0.63204,0.19674,,,1.2286,0,,0,0,1,96,96,1,96.0,135020.0
211.4,65,100,80,2.5932,0.0,15.178,78.441,250,0.9,-4000,15.583,12.936,24.043,69428,77811.0,6.6381,298.01,162.98,1.4701,4.0,,23,,0.60653,0.19699,,,1.216,0,,0,0,1,96,96,1,96.0,136190.0
211.6,65,100,80,3.1117,0.0,55.151,7.8441,250,0.9,-4000,15.736,12.969,24.01,68791,77082.0,6.6538,297.91,131.01,1.455,4.0,,23,,0.57308,0.19731,,,1.2035,0,,0,0,1,96,96,1,96.0,135860.0
211.8,65,100,80,3.6303,0.0,16.545,133.32,250,0.9,-4000,15.889,12.987,23.976,68154,76352.0,6.6691,298.19,222.07,1.4399,4.0,,23,,0.55518,0.1975,,,1.1909,0,,0,0,1,96,96,1,96.0,135020.0
212.0,65,100,80,4.1489,0.0,109.75,13.332,250,0.9,-4000,16.043,13.005,23.943,67518,75623.0,6.6839,298.05,178.21,1.4248,4.0,,23,,0.53805,0.19767,,,1.1784,0,,0,0,1,96,96,1,96.0,134020.0
212.2,65,100,80,4.6675,0.0,68.197,1.3332,250,0.9,0,16.2,13.021,23.909,67579,75694.0,6.6569,297.92,135.76,1.4195,4.0,,23,,0.52351,0.19781,,,1.174,0,,0,0,1,96,96,1,96.0,134190.0
212.4,65,100,80,5.1915,0.0,20.459,89.156,250,0.9,0,16.357,13.016,23.875,67641,75765.0,6.631,298.08,186.5,1.4185,4.0,,23,,0.53511,0.19771,,,1.1732,0,,0,0,1,96,96,1,96.0,134020.0
212.6,65,100,80,5.7134,0.0,72.622,8.9156,250,0.9,0,16.513,13.027,23.841,67703,75836.0,6.6064,297.97,150.38,1.4178,4.0,,23,,0.53331,0.19773,,,1.1726,0,,0,0,1,96,96,1,96.0,134350.0
212.8,65,100,80,6.2351,0.0,35.995,0.89156,250,0.9,0,16.668,13.042,23.807,67765,75907.0,6.5823,297.87,116.87,1.4171,4.0,,23,,0.52513,0.1978,,,1.172,0,,0,0,1,96,96,1,96.0,134680.0
213.0,65,100,80,6.7569,0.0,10.799,66.068,250,0.9,0,16.824,13.045,23.773,67827,75978.0,6.5599,297.97,149.66,1.4164,4.0,,23,,0.52934,0.19777,,,1.1714,0,,0,0,1,96,96,1,96.0,134010.0
213.2,65,100,80,7.2786,0.0,41.35,6.6068,250,0.9,0,16.978,13.052,23.739,67889,76050.0,6.5387,297.88,120.87,1.4157,4.0,,23,,0.53067,0.19776,,,1.1708,0,,0,0,1,96,96,1,96.0,133010.0
213.4,65,100,80,0.0,0.0,12.405,117.64,250,0.9,0,17.131,13.03,23.706,67949,76120.0,6.5267,298.12,199.58,1.415,4.0,,23,,0.53418,0.19773,,,1.1703,0,,0,0,1,96,96,1,96.0,133510.0
213.6,65,100,80,0.0,0.0,91.964,11.764,250,0.9,0,17.285,13.033,23.673,68010,76189.0,6.5152,298.0,161.45,1.4143,4.0,,23,,0.5365,0.19771,,,1.1697,0,,0,0,1,96,96,1,96.0,132850.0
213.8,65,100,80,0.0,0.0,54.227,1.1764,250,0.9,0,17.436,13.056,23.639,68071,76259.0,6.5042,297.89,123.83,1.4136,4.0,,23,,0.51954,0.19785,,,1.1691,0,,0,0,1,96,96,1,96.0,132850.0
214.0,65,100,80,0.0,0.0,16.268,82.182,250,0.9,0,17.588,13.051,23.606,68131,76329.0,6.4936,298.03,169.15,1.4129,4.0,,23,,0.52908,0.19777,,,1.1685,0,,0,0,1,96,96,1,96.0,132850.0
214.2,65,100,80,0.0,3.0722,60.848,8.2182,250,0.9,0,17.738,13.072,23.573,68192,76400.0,6.4864,297.92,134.2,1.4122,4.0,,23,,0.52517,0.19781,,,1.168,0,,0,0,1,96,96,1,96.0,132020.0
214.4,65,100,80,0.0,9.0064,18.254,143.94,250,0.9,0,17.888,13.123,23.539,68255,76471.0,6.4856,298.22,233.8,1.4115,4.0,,23,,0.50062,0.19802,,,1.1674,0,,0,0,1,96,96,1,96.0,132020.0
214.6,65,100,80,0.0,15.283,121.21,14.394,250,0.9,0,18.037,13.165,23.505,68318,76544.0,6.4912,298.07,184.48,1.4108,4.0,,23,,0.48339,0.19817,,,1.1668,0,,0,0,1,96,96,1,96.0,132350.0
214.8,65,100,80,0.0,19.314,75.271,1.4394,250,0.9,0,18.185,13.183,23.471,68383,76618.0,6.5011,297.93,138.17,1.4101,4.0,,23,,0.48283,0.19818,,,1.1662,0,,0,0,1,96,96,1,96.0,132840.0
215.0,65,100,80,0.0,19.365,22.581,93.73,250,0.9,0,18.334,13.202,23.436,68447,76691.0,6.512,298.09,191.53,1.4094,4.0,,23,,0.47014,0.19829,,,1.1656,0,,0,0,1,96,96,1,96.0,132340.0
215.2,65,100,80,0.0,15.091,77.277,9.373,250,0.9,0,18.485,13.176,23.403,68511,76764.0,6.5176,297.98,152.86,1.4087,4.0,,23,,0.48444,0.19817,,,1.165,0,,0,0,1,96,96,1,96.0,131840.0
215.4,65,100,80,0.0,8.5969,38.905,0.9373,250,0.9,0,18.632,13.158,23.369,68573,76835.0,6.516,297.87,118.63,1.408,4.0,,23,,0.48753,0.19814,,,1.1644,0,,0,0,1,96,96,1,96.0,132340.0
215.6,65,100,80,0.0,2.738,11.671,66.314,250,0.9,0,18.78,13.132,23.336,68634,76906.0,6.5078,297.97,151.13,1.4073,4.0,,23,,0.49947,0.19804,,,1.1638,0,,0,0,1,96,96,1,96.0,132340.0
215.8,65,100,80,0.0,0.1623,41.798,6.6314,250,0.9,0,18.927,13.127,23.304,68695,76975.0,6.4972,297.88,120.77,1.4066,4.0,,23,,0.50226,0.19802,,,1.1633,0,,0,0,1,96,96,1,96.0,132350.0
216.0,65,100,80,0.0,1.8133,12.54,118.51,250,0.9,0,19.076,13.133,23.271,68756,77046.0,6.4888,298.12,199.79,1.4059,4.0,3564.6,23,2753.6,0.50887,0.19796,23.403,21.788,1.1627,0,73.641,0,0,1,96,96,1,96.0,130850.0
216.2,65,100,80,0.0,6.793,91.56,11.851,250,0.9,0,19.224,13.14,23.238,68818,77117.0,6.4862,297.99,156.47,1.4051,4.0,,23,,0.52485,0.19783,,,1.1621,0,,0,0,1,96,96,1,96.0,132020.0
216.4,65,100,80,0.0,12.809,48.815,1.1851,250,0.9,0,19.371,13.175,23.205,68881,77189.0,6.4902,297.87,118.31,1.4044,4.0,,23,,0.51634,0.1979,,,1.1615,0,,0,0,1,96,96,1,96.0,131020.0
216.6,65,100,80,0.0,17.217,14.644,76.354,250,0.9,0,19.519,13.193,23.172,68945,77262.0,6.4992,297.99,158.65,1.4037,4.0,,23,,0.51808,0.19789,,,1.1609,0,,0,0,1,96,96,1,96.0,130190.0
216.8,65,100,80,0.0,18.034,52.897,7.6354,250,0.9,0,19.665,13.2,23.138,69009,77335.0,6.5103,297.89,124.46,1.403,4.0,,23,,0.5194,0.19788,,,1.1603,0,,0,0,1,96,96,1,96.0,130190.0
217.0,65,100,80,0.0,14.445,15.869,136.51,250,0.9,0,19.81,13.186,23.105,69072,77408.0,6.5163,298.17,218.32,1.4023,4.0,,23,,0.52707,0.19781,,,1.1597,0,,0,0,1,96,96,1,96.0,130360.0
217.2,65,100,80,0.0,8.4719,110.55,13.651,250,0.9,0,19.953,13.18,23.072,69135,77479.0,6.5148,298.04,173.15,1.4016,4.0,,23,,0.51984,0.19788,,,1.1591,0,,0,0,1,96,96,1,96.0,130200.0
217.4,65,100,80,0.0,3.1117,67.824,1.3651,250,0.9,0,20.097,13.163,23.04,69196,77549.0,6.507,297.91,130.47,1.4008,4.0,,23,,0.52345,0.19785,,,1.1585,0,,0,0,1,96,96,1,96.0,130040.0
217.6,65,100,80,0.0,0.85062,20.347,90.614,250,0.9,0,20.244,13.152,23.008,69256,77619.0,6.4971,298.06,182.21,1.4001,4.0,,23,,0.53333,0.19776,,,1.1579,0,,0,0,1,96,96,1,96.0,129380.0
217.8,65,100,80,0.0,2.5282,71.79,9.0614,250,0.9,0,20.391,13.154,22.976,69317,77689.0,6.4894,297.96,146.14,1.3994,4.0,,23,,0.54337,0.19768,,,1.1573,0,,0,0,1,96,96,1,96.0,130220.0
218.0,65,100,80,0.0,7.2802,35.521,0.90614,250,0.9,0,20.537,13.17,22.943,69379,77761.0,6.4865,297.86,112.94,1.3987,4.0,,23,,0.54937,0.19763,,,1.1567,0,,0,0,1,96,96,1,96.0,130220.0
218.2,65,100,80,0.0,13.201,10.656,67.134,250,0.9,0,20.683,13.199,22.911,69443,77833.0,6.4887,297.96,146.52,1.3979,4.0,,23,,0.5463,0.19766,,,1.1561,0,,0,0,1,96,96,1,96.0,129060.0
218.4,65,100,80,0.0,18.215,40.905,6.7134,250,0.9,0,20.831,13.219,22.878,69507,77906.0,6.4961,297.87,116.54,1.3972,4.0,,23,,0.54755,0.19765,,,1.1555,0,,0,0,1,96,96,1,96.0,129730.0
218.6,65,100,80,0.0,20.275,12.272,119.85,250,0.9,0,20.979,13.254,22.845,69571,77980.0,6.5057,298.11,197.09,1.3965,4.0,,23,,0.52573,0.19784,,,1.1549,0,,0,0,1,96,96,1,96.0,129730.0
218.8,65,100,80,0.0,18.524,91.506,11.985,250,0.9,0,21.128,13.262,22.812,69635,78054.0,6.5142,298.0,160.65,1.3957,4.0,,23,,0.51539,0.19793,,,1.1543,0,,0,0,1,96,96,1,96.0,129400.0
219.0,65,100,80,0.0,13.376,56.019,1.1985,250,0.9,0,21.28,13.238,22.78,69699,78126.0,6.518,297.89,122.67,1.395,4.0,,23,,0.52642,0.19783,,,1.1536,0,,0,0,1,96,96,1,96.0,128080.0
219.2,65,100,80,0.0,6.7077,16.806,85.694,250,0.9,0,21.434,13.205,22.748,69760,78198.0,6.5143,298.03,171.35,1.3943,4.0,,23,,0.5448,0.19768,,,1.153,0,,0,0,1,96,96,1,96.0,129080.0
219.4,65,100,80,0.0,1.5391,63.735,8.5694,250,0.9,0,21.588,13.193,22.716,69821,78268.0,6.5048,297.93,137.84,1.3935,4.0,,23,,0.54644,0.19766,,,1.1524,0,,0,0,1,96,96,1,96.0,128430.0
219.6,65,100,80,0.0,0.14418,19.12,144.08,250,0.9,0,21.745,13.184,22.685,69882,78338.0,6.4943,298.23,237.96,1.3928,4.0,,23,,0.55778,0.19757,,,1.1518,0,,0,0,1,96,96,1,96.0,128440.0
219.8,65,100,80,0.0,2.9487,120.69,14.408,250,0.9,0,21.902,13.205,22.653,69942,78409.0,6.4871,298.09,191.95,1.3921,4.0,,23,,0.55225,0.19762,,,1.1512,0,,0,0,1,96,96,1,96.0,128610.0
220.0,65,100,80,0.0,8.5995,79.637,1.4408,250,0.9,0,22.058,13.225,22.621,70005,78481.0,6.4864,297.96,147.25,1.3913,4.0,,23,,0.55532,0.19759,,,1.1506,0,,0,0,1,96,96,1,96.0,128460.0
220.2,65,100,80,0.0,14.558,38.076,0.14408,250,0.9,0,22.215,13.251,22.589,70068,78554.0,6.4922,297.86,113.11,1.3906,4.0,,23,,0.554,0.19761,,,1.15,0,,0,0,1,96,96,1,96.0,128300.0
220.4,65,100,80,0.0,18.168,11.423,63.671,250,0.9,0,22.367,13.27,22.557,70132,78627.0,6.5029,297.95,143.31,1.3898,4.0,,23,,0.55239,0.19762,,,1.1494,0,,0,0,1,96,96,1,96.0,127970.0
220.6,65,100,80,0.0,17.52,3.4269,0.0001,250,0.9,0,22.518,13.27,22.525,70196,78701.0,6.5125,297.87,117.86,1.3891,4.0,,23,,0.55557,0.19759,,,1.1487,0,,0,0,1,96,96,1,96.0,128480.0
220.8,65,100,80,0.0,13.032,1.0281,74.291,250,0.9,0,22.666,13.263,22.493,70259,78773.0,6.5167,298.0,160.29,1.3884,4.0,,23,,0.55437,0.19761,,,1.1481,0,,0,0,1,96,96,1,96.0,126980.0
221.0,65,100,80,0.0,6.9042,40.402,7.4291,250,0.9,0,22.814,13.227,22.462,70321,78844.0,6.5136,297.92,132.74,1.3876,4.0,,23,,0.5751,0.19743,,,1.1475,0,,0,0,1,96,96,1,96.0,127330.0
221.2,65,100,80,0.0,1.9955,12.121,113.29,250,0.9,0,22.967,13.225,22.431,70382,78915.0,6.5049,298.14,207.55,1.3869,4.0,,23,,0.57066,0.19747,,,1.1469,0,,0,0,1,96,96,1,96.0,127510.0
221.4,65,100,80,0.0,0.56811,86.345,11.329,250,0.9,0,23.117,13.226,22.4,70442,78985.0,6.4949,298.03,172.04,1.3861,4.0,,23,,0.56991,0.19748,,,1.1463,0,,0,0,1,96,96,1,96.0,128190.0
221.6,65,100,80,0.0,3.1348,53.491,1.1329,250,0.9,0,23.267,13.235,22.369,70503,79055.0,6.4883,297.93,135.64,1.3854,4.0,,23,,0.57411,0.19744,,,1.1456,0,,0,0,1,96,96,1,96.0,126700.0
221.8,65,100,80,0.0,8.3163,16.047,74.455,250,0.9,0,23.412,13.252,22.338,70565,79127.0,6.4885,298.04,174.53,1.3846,4.0,,23,,0.58001,0.19739,,,1.145,0,,0,0,1,96,96,1,96.0,127050.0
222.0,65,100,80,0.0,13.395,53.852,7.4455,250,0.9,0,23.558,13.288,22.306,70628,79199.0,6.4947,297.95,143.25,1.3839,4.0,,23,,0.56563,0.19752,,,1.1444,0,,0,0,1,96,96,1,96.0,127220.0
222.2,65,100,80,0.0,16.016,16.156,120.89,250,0.9,0,23.701,13.311,22.275,70692,79272.0,6.5031,298.19,223.29,1.3831,4.0,,23,,0.55594,0.1976,,,1.1438,0,,0,0,1,96,96,1,96.0,126730.0
222.4,65,100,80,0.0,15.308,96.665,12.089,250,0.9,0,23.845,13.316,22.243,70755,79345.0,6.5101,298.07,183.28,1.3824,4.0,,23,,0.55255,0.19763,,,1.1431,0,,0,0,1,96,96,1,96.0,125910.0
222.6,65,100,80,0.0,11.781,60.995,1.2089,250,0.9,0,23.99,13.3,22.212,70818,79417.0,6.5133,297.95,142.7,1.3816,4.0,,23,,0.56298,0.19755,,,1.1425,0,,0,0,1,96,96,1,96.0,125750.0
222.8,65,100,80,0.0,6.9811,18.299,78.056,250,0.9,0,24.134,13.29,22.181,70880,79488.0,6.5108,298.07,183.31,1.3809,4.0,,23,,0.56476,0.19753,,,1.1419,0,,0,0,1,96,96,1,96.0,125600.0
223.0,65,100,80,0.0,3.1836,58.58,7.8056,250,0.9,0,24.277,13.292,22.151,70941,79558.0,6.5037,297.96,148.54,1.3801,4.0,,23,,0.5567,0.1976,,,1.1413,0,,0,0,1,96,96,1,96.0,126610.0
223.2,65,100,80,0.0,2.2416,24.78,0.78056,250,0.9,0,24.419,13.3,22.12,71001,79628.0,6.4955,297.87,117.38,1.3793,4.0,,23,,0.55047,0.19766,,,1.1406,0,,0,0,1,96,96,1,96.0,125800.0
223.4,65,100,80,0.0,4.5463,7.4341,52.252,250,0.9,0,24.557,13.315,22.09,71063,79698.0,6.4903,297.93,137.8,1.3786,4.0,,23,,0.54818,0.19768,,,1.14,0,,0,0,1,96,96,1,96.0,125480.0
223.6,65,100,80,0.0,8.9519,2.2302,0.0001,250,0.9,0,24.692,13.336,22.059,71125,79770.0,6.4902,297.86,112.27,1.3778,4.0,,23,,0.54539,0.1977,,,1.1394,0,,0,0,1,96,96,1,96.0,124660.0
223.8,65,100,80,0.0,13.395,0.66907,68.384,250,0.9,0,24.827,13.371,22.028,71188,79842.0,6.4945,297.97,149.33,1.3771,4.0,,23,,0.52979,0.19784,,,1.1387,0,,0,0,1,96,96,1,96.0,124340.0
224.0,65,100,80,0.0,16.11,33.486,6.8384,250,0.9,0,24.963,13.39,21.997,71252,79914.0,6.5012,297.88,120.41,1.3763,4.0,,23,,0.52386,0.19789,,,1.1381,0,,0,0,1,96,96,1,96.0,125850.0
224.2,65,100,80,0.0,16.15,10.046,110.0,250,0.9,0,25.095,13.395,21.967,71315,79987.0,6.5075,298.09,192.15,1.3755,4.0,,23,,0.52427,0.19789,,,1.1375,0,,0,0,1,96,96,1,96.0,125030.0
224.4,65,100,80,0.0,13.685,78.906,11.0,250,0.9,0,25.227,13.39,21.936,71378,80059.0,6.5104,297.98,154.82,1.3748,4.0,,23,,0.5266,0.19787,,,1.1368,0,,0,0,1,96,96,1,96.0,124380.0
224.6,65,100,80,0.0,10.066,42.99,1.1,250,0.9,0,25.354,13.367,21.905,71440,80130.0,6.5093,297.88,118.9,1.374,4.0,,23,,0.54339,0.19773,,,1.1362,0,,0,0,1,96,96,1,96.0,124890.0
224.8,65,100,80,0.0,6.8831,12.897,71.795,250,0.9,0,25.481,13.357,21.875,71502,80200.0,6.5052,297.98,155.63,1.3732,4.0,,23,,0.55169,0.19766,,,1.1356,0,,0,0,1,96,96,1,96.0,124410.0
225.0,65,100,80,0.0,5.3445,46.185,7.1795,250,0.9,0,25.61,13.361,21.845,71564,80270.0,6.4994,297.9,126.08,1.3725,4.0,,23,,0.54931,0.19768,,,1.1349,0,,0,0,1,96,96,1,96.0,124430.0
225.2,65,100,80,0.0,6.1088,13.855,119.39,250,0.9,0,25.738,13.38,21.815,71625,80341.0,6.4943,298.13,206.03,1.3717,4.0,,23,,0.53884,0.19777,,,1.1343,0,,0,0,1,96,96,1,96.0,123950.0
225.4,65,100,80,0.0,8.8958,91.341,11.939,250,0.9,0,25.866,13.391,21.785,71687,80412.0,6.492,298.03,170.45,1.3709,4.0,,23,,0.54069,0.19776,,,1.1337,0,,0,0,1,96,96,1,96.0,124630.0
225.6,65,100,80,0.0,12.606,58.675,1.1939,250,0.9,0,25.994,13.412,21.755,71750,80483.0,6.4934,297.92,133.05,1.3702,4.0,,23,,0.53668,0.19779,,,1.133,0,,0,0,1,96,96,1,96.0,123810.0
225.8,65,100,80,0.0,15.75,17.603,81.697,250,0.9,0,26.125,13.439,21.724,71813,80556.0,6.4971,298.05,178.09,1.3694,4.0,,23,,0.52451,0.1979,,,1.1324,0,,0,0,1,96,96,1,96.0,123990.0
226.0,65,100,80,0.0,17.412,60.7,8.1697,250,0.9,0,26.255,13.443,21.694,71877,80628.0,6.5014,297.96,147.7,1.3686,4.0,,23,,0.52985,0.19786,,,1.1317,0,,0,0,1,96,96,1,96.0,123840.0
226.2,65,100,80,0.0,17.352,31.039,0.81697,250,0.9,0,26.382,13.446,21.663,71941,80701.0,6.5051,297.87,117.38,1.3678,4.0,,23,,0.53201,0.19784,,,1.1311,0,,0,0,1,96,96,1,96.0,123190.0
226.4,65,100,80,0.0,15.833,9.3117,60.723,250,0.9,0,26.51,13.442,21.633,72004,80773.0,6.5068,297.96,145.85,1.3671,4.0,,23,,0.53759,0.19779,,,1.1304,0,,0,0,1,96,96,1,96.0,122710.0
226.6,65,100,80,0.0,13.653,33.796,6.0723,250,0.9,0,26.637,13.445,21.603,72067,80845.0,6.5062,297.88,120.3,1.3663,4.0,,23,,0.53429,0.19782,,,1.1298,0,,0,0,1,96,96,1,96.0,123890.0
226.8,65,100,80,0.0,11.713,10.139,100.41,250,0.9,0,26.766,13.455,21.573,72130,80916.0,6.5052,298.07,184.51,1.3655,4.0,,23,,0.52441,0.19791,,,1.1291,0,,0,0,1,96,96,1,96.0,123740.0
227.0,65,100,80,0.0,10.147,70.608,10.041,250,0.9,0,26.895,13.46,21.544,72192,80988.0,6.5027,297.98,155.11,1.3647,4.0,,23,,0.51951,0.19795,,,1.1285,0,,0,0,1,96,96,1,96.0,122430.0
227.2,65,100,80,0.0,9.5818,42.337,1.0041,250,0.9,0,27.024,13.47,21.514,72254,81059.0,6.5,297.89,124.13,1.3639,4.0,,23,,0.51301,0.19801,,,1.1278,0,,0,0,1,96,96,1,96.0,122950.0
227.4,65,100,80,0.0,10.087,12.701,69.317,250,0.9,0,27.152,13.472,21.484,72316,81130.0,6.4981,298.0,159.74,1.3631,4.0,,23,,0.51717,0.19798,,,1.1272,0,,0,0,1,96,96,1,96.0,122800.0
227.6,65,100,80,0.0,11.368,44.971,6.9317,250,0.9,0,27.279,13.481,21.455,72379,81201.0,6.4973,297.92,133.06,1.3624,4.0,,23,,0.51806,0.19797,,,1.1265,0,,0,0,1,96,96,1,96.0,122820.0
227.8,65,100,80,0.0,12.961,13.491,110.12,250,0.9,0,27.408,13.491,21.425,72442,81273.0,6.4978,298.13,204.85,1.3616,4.0,,23,,0.51914,0.19796,,,1.1259,0,,0,0,1,96,96,1,96.0,121340.0
228.0,65,100,80,0.0,14.365,82.688,11.012,250,0.9,0,27.536,13.491,21.395,72505,81345.0,6.5002,298.03,171.66,1.3608,4.0,3836.4,23,2924.7,0.52831,0.19789,21.514,20.659,1.1252,0,68.738,0,0,1,96,96,1,96.0,121690.0
228.2,65,100,80,0.0,14.799,52.789,1.1012,250,0.9,0,27.662,13.502,21.366,72568,81417.0,6.5026,297.93,135.73,1.36,4.0,,23,,0.5252,0.19791,,,1.1246,0,,0,0,1,96,96,1,96.0,122880.0
228.4,65,100,80,0.0,14.285,15.837,74.512,250,0.9,0,27.787,13.504,21.336,72631,81489.0,6.505,298.04,174.57,1.3592,4.0,,23,,0.52667,0.1979,,,1.1239,0,,0,0,1,96,96,1,96.0,121730.0
228.6,65,100,80,0.0,12.807,52.546,7.4512,250,0.9,0,27.912,13.486,21.307,72694,81560.0,6.5066,297.95,143.64,1.3584,4.0,,23,,0.54518,0.19775,,,1.1233,0,,0,0,1,96,96,1,96.0,121580.0
228.8,65,100,80,0.0,10.69,22.41,0.74512,250,0.9,0,28.036,13.485,21.278,72756,81631.0,6.5059,297.86,113.82,1.3576,4.0,,23,,0.54749,0.19773,,,1.1226,0,,0,0,1,96,96,1,96.0,121440.0
229.0,65,100,80,0.0,8.8672,6.7229,53.076,250,0.9,0,28.159,13.497,21.249,72818,81702.0,6.5036,297.93,135.28,1.3568,4.0,,23,,0.53652,0.19782,,,1.1219,0,,0,0,1,96,96,1,96.0,122290.0
229.2,65,100,80,0.0,7.9598,2.0169,0.0001,250,0.9,0,28.279,13.49,21.22,72880,81773.0,6.5002,297.85,109.67,1.356,4.0,,23,,0.54454,0.19776,,,1.1213,0,,0,0,1,96,96,1,96.0,121320.0
229.4,65,100,80,0.0,8.4162,0.60506,69.125,250,0.9,0,28.401,13.489,21.191,72942,81843.0,6.4973,297.96,147.2,1.3552,4.0,,23,,0.5537,0.19768,,,1.1206,0,,0,0,1,96,96,1,96.0,121170.0
229.6,65,100,80,0.0,10.009,32.827,6.9125,250,0.9,0,28.52,13.516,21.162,73004,81914.0,6.4954,297.88,121.01,1.3544,4.0,,23,,0.53837,0.19781,,,1.12,0,,0,0,1,96,96,1,96.0,121690.0
229.8,65,100,80,0.0,12.358,9.848,105.37,250,0.9,0,28.638,13.517,21.133,73067,81985.0,6.4953,298.08,189.01,1.3536,4.0,,23,,0.54819,0.19773,,,1.1193,0,,0,0,1,96,96,1,96.0,121550.0
230.0,65,100,80,0.0,14.772,73.401,10.537,250,0.9,0,28.753,13.53,21.104,73130,82057.0,6.4967,297.99,157.29,1.3528,4.0,3878.9,23,2950.6,0.54856,0.19773,21.22,20.482,1.1186,0,67.908,0,0,1,96,96,1,96.0,120240.0
