time,aeration_rate,agitator,sugar_feed_rate,acid_flow_rate,base_flow_rate,heating/cooling_water_flow_rate,heating_water_flow_rate,water_for_injection/dilution,air_head_pressure,dumped_broth_flow,substrate_concentration,dissolved_oxygen_concentration,penicillin_concentration,vessel_volume,vessel_weight,pH,temperature,generated_heat,CO2_percent_in_off_gas,PAA_flow,PAA_concentration,oil_flow,NH3_concentration,oxygen_uptake_rate,oxygen_in_percent_in_off_gas,offline_penicillin_concentration,offline_biomass_concentration,carbon_evolution_rate,ammonia_shots,viscosity,Fault reference(Fault_ref:Fault ref),0 - Recipe driven 1 - Operator controlled(Control_ref:Control ref),1- No Raman spec, 1-Raman spec recorded,2-PAT control(PAT_ref:PAT ref),Batch reference(Batch_ref:Batch ref),experiment_ID,Fault flag
0.2,30,100,8,0.0,34.165,0.0001,369.02,0,0.6,0,0.97508,14.706,0.001,57374,61097.0,6.4409,297.49,353.22,0.092581,5.0,,22,,-0.12793,0.20738,,,0.035212,0,,0,0,1,92,92,1,92.0,0.0
0.4,30,100,8,0.0,57.805,0.0001,101.36,0,0.6,0,1.0252,14.692,0.00099934,57383,61110.0,6.4896,297.83,443.17,0.105,5.0,,22,,-0.094813,0.20674,,,0.039935,0,,0,0,1,92,92,1,92.0,0.0
0.6,30,100,8,0.0,62.332,0.0001,0.0001,0,0.6,0,1.0738,14.685,0.00099865,57393,61124.0,6.54,297.81,437.13,0.10892,5.0,,22,,-0.085051,0.20655,,,0.041428,0,,0,0,1,92,92,1,92.0,0.0
0.8,30,100,8,0.0,46.844,0.0001,129.84,0,0.6,0,1.1212,14.663,0.00099802,57400,61136.0,6.5787,298.25,553.41,0.11117,5.0,,22,,-0.073756,0.20633,,,0.042285,0,,0,0,1,92,92,1,92.0,0.0
1.0,30,100,8,0.51739,23.422,145.02,12.984,0,0.6,0,1.1676,14.648,0.00099747,57402,61142.0,6.5893,298.07,505.32,0.11314,5.0,1410.8,22,1567.3,-0.066401,0.20619,0.001,0.56271,0.043033,0,4.0848,0,0,1,92,92,1,92.0,0.0
1.2,30,100,8,1.0378,11.711,88.308,1.2984,0,0.6,0,1.2129,14.623,0.00099697,57402,61147.0,6.581,297.93,469.65,0.11511,5.0,,22,,-0.055195,0.20598,,,0.043784,0,,0,0,1,92,92,1,92.0,0.0
1.4,30,100,8,1.5593,5.8555,26.492,96.435,0,0.6,0,1.2566,14.6,0.00099647,57401,61150.0,6.5631,298.23,546.5,0.11716,5.0,,22,,-0.044245,0.20577,,,0.044563,0,,0,0,1,92,92,1,92.0,0.0
1.6,30,100,8,2.0812,2.9277,125.43,9.6435,0,0.6,0,1.2985,14.578,0.00099599,57399,61153.0,6.5405,298.08,507.56,0.1193,5.0,,22,,-0.034245,0.20558,,,0.045377,0,,0,0,1,92,92,1,92.0,0.0
1.8,30,100,8,0.0,0.0,80.837,0.96435,0,0.6,0,1.339,14.558,0.00099552,57397,61155.0,6.5178,297.97,478.39,0.12153,5.0,,22,,-0.024761,0.2054,,,0.046227,0,,0,0,1,92,92,1,92.0,0.0
2.0,30,100,8,0.0,0.0,46.741,0.096435,0,0.6,0,1.3775,14.532,0.00099505,57394,61156.0,6.4961,297.9,461.03,0.12386,5.0,,22,,-0.013371,0.20518,,,0.047114,0,,0,0,1,92,92,1,92.0,0.0
2.2,30,100,8,0.0,2.09,14.022,58.504,0,0.6,0,1.4142,14.513,0.00099458,57392,61159.0,6.4784,298.09,510.13,0.12629,5.0,,22,,-0.0044633,0.20501,,,0.048037,0,,0,0,1,92,92,1,92.0,21739.0
2.4,30,100,8,0.0,11.237,74.969,5.8504,0,0.6,0,1.4491,14.49,0.00099407,57391,61163.0,6.4748,298.01,489.77,0.12882,5.0,,22,,0.005265,0.20483,,,0.048997,0,,0,0,1,92,92,1,92.0,22068.0
2.6,30,100,8,0.0,21.788,50.258,0.58504,0,0.6,0,1.4816,14.453,0.00099352,57393,61169.0,6.4851,297.95,473.62,0.13144,5.0,,22,,0.021508,0.20452,,,0.049997,0,,0,0,1,92,92,1,92.0,21564.0
2.8,30,100,8,0.0,28.241,15.077,59.468,0,0.6,0,1.5119,14.431,0.00099295,57396,61177.0,6.5026,298.15,525.57,0.13417,5.0,,22,,0.0327,0.20431,,,0.051036,0,,0,0,1,92,92,1,92.0,21726.0
3.0,30,100,8,0.0,27.682,81.504,5.9468,0,0.6,0,1.54,14.404,0.00099239,57399,61184.0,6.5193,298.08,509.14,0.13701,5.0,,22,,0.044471,0.20408,,,0.052116,0,,0,0,1,92,92,1,92.0,21555.0
3.2,30,100,15,0.0,20.486,64.035,0.59468,0,0.6,0,1.5799,14.378,0.00099183,57402,61192.0,6.5255,298.03,494.47,0.13995,5.0,,22,,0.055571,0.20387,,,0.053236,0,,0,0,1,92,92,1,92.0,21550.0
3.4,30,100,15,0.0,10.832,48.488,0.059468,0,0.6,0,1.6181,14.35,0.0009913,57403,61198.0,6.5166,297.99,485.42,0.143,5.0,,22,,0.067342,0.20364,,,0.054396,0,,0,0,1,92,92,1,92.0,22379.0
3.6,30,100,15,0.0,4.7515,38.143,0.0059468,0,0.6,0,1.6545,14.326,0.00099079,57403,61202.0,6.4985,297.97,478.84,0.14616,5.0,,22,,0.077031,0.20345,,,0.055597,0,,0,0,1,92,92,1,92.0,21874.0
3.8,30,100,15,0.0,5.9089,29.586,0.00059468,0,0.6,0,1.6882,14.293,0.00099028,57403,61207.0,6.4825,297.96,475.31,0.14943,5.0,,22,,0.090421,0.2032,,,0.056842,0,,0,0,1,92,92,1,92.0,22036.0
4.0,30,100,15,0.0,13.413,24.001,0.0001,0,0.6,0,1.7193,14.269,0.00098975,57404,61213.0,6.4775,297.95,474.41,0.15283,5.0,,22,,0.10034,0.203,,,0.058134,0,,0,0,1,92,92,1,92.0,21532.0
4.2,30,100,15,0.0,22.914,21.266,0.0001,0,0.6,0,1.776,14.236,0.00098918,57407,61223.0,6.4854,297.96,475.55,0.15636,5.0,,30,,0.10871,0.20284,,,0.059478,0,,0,0,1,92,92,1,92.0,21027.0
4.4,30,100,15,0.0,29.247,20.994,0.0001,0,0.6,0,1.8302,14.202,0.00098859,57412,61234.0,6.5003,297.96,477.6,0.16003,5.0,,30,,0.12155,0.20259,,,0.060875,0,,0,0,1,92,92,1,92.0,22356.0
4.6,30,100,15,0.0,29.623,22.015,0.0001,0,0.6,0,1.8822,14.17,0.000988,57417,61245.0,6.5164,297.98,480.81,0.16383,5.0,,30,,0.13424,0.20235,,,0.062321,0,,0,0,1,92,92,1,92.0,22684.0
4.8,30,100,15,0.0,23.581,24.814,0.0001,0,0.6,0,1.9325,14.135,0.00098743,57420,61255.0,6.5251,297.99,483.7,0.16775,5.0,,30,,0.14857,0.20207,,,0.063811,0,,0,0,1,92,92,1,92.0,22180.0
5.0,30,100,15,0.0,14.077,27.617,0.0001,0,0.6,0,1.9801,14.087,0.00098689,57422,61263.0,6.5177,298.0,486.89,0.17179,5.0,,30,,0.16743,0.20171,,,0.065351,0,,0,0,1,92,92,1,92.0,21342.0
5.2,30,100,15,0.0,7.5883,31.23,0.0001,0,0.6,0,2.0244,14.039,0.0009864,57421,61269.0,6.4991,298.01,490.74,0.17598,0.0,,30,,0.18758,0.20132,,,0.066946,0,,0,0,1,92,92,1,92.0,21004.0
5.4,30,100,15,0.0,8.5137,36.15,0.0001,0,0.6,0,2.0652,13.99,0.00098589,57421,61275.0,6.4824,298.03,495.04,0.18034,0.0,,30,,0.20803,0.20093,,,0.068603,0,,0,0,1,92,92,1,92.0,21999.0
5.6,30,100,15,0.0,16.078,42.175,0.0001,0,0.6,0,2.1027,13.955,0.00098536,57422,61282.0,6.4763,298.04,498.21,0.18485,0.0,,30,,0.22289,0.20064,,,0.070321,0,,0,0,1,92,92,1,92.0,21994.0
5.8,30,100,15,0.0,26.041,47.333,0.0001,0,0.6,0,2.1368,13.912,0.0009848,57425,61292.0,6.4829,298.05,500.84,0.18953,0.0,,30,,0.23875,0.20033,,,0.072104,0,,0,0,1,92,92,1,92.0,21823.0
6.0,30,100,15,0.0,33.349,52.269,0.0001,0,0.6,0,2.1679,13.87,0.00098421,57429,61302.0,6.4966,298.06,502.29,0.19438,0.0,,30,,0.25573,0.2,,,0.073946,0,,0,0,1,92,92,1,92.0,22151.0
6.2,30,100,15,0.0,35.225,56.049,0.0001,0,0.6,0,2.196,13.823,0.00098362,57434,61314.0,6.5109,298.06,503.97,0.19937,0.0,,30,,0.27414,0.19964,,,0.075846,0,,0,0,1,92,92,1,92.0,21480.0
6.4,30,100,15,0.0,31.367,60.368,0.0001,0,0.6,0,2.2215,13.785,0.00098304,57438,61324.0,6.5172,298.07,505.38,0.20451,0.0,,30,,0.28826,0.19937,,,0.077802,0,,0,0,1,92,92,1,92.0,20641.0
6.6,30,100,15,0.0,25.043,64.567,0.0001,0,0.6,0,2.2436,13.74,0.00098249,57441,61333.0,6.5144,298.08,507.14,0.2098,0.0,,30,,0.30445,0.19905,,,0.079816,0,,0,0,1,92,92,1,92.0,21803.0
6.8,30,100,15,0.0,19.851,69.424,0.0001,0,0.6,0,2.2627,13.688,0.00098195,57442,61341.0,6.504,298.08,508.57,0.21525,0.0,,30,,0.32355,0.19868,,,0.081893,0,,0,0,1,92,92,1,92.0,21632.0
7.0,30,100,15,0.0,18.799,74.102,0.0001,0,0.6,0,2.2784,13.643,0.00098141,57444,61349.0,6.4926,298.09,509.62,0.22088,0.0,,30,,0.34029,0.19835,,,0.084034,0,,0,0,1,92,92,1,92.0,22627.0
7.2,30,100,15,0.0,22.287,78.492,0.0001,0,0.6,0,2.2912,13.596,0.00098086,57446,61358.0,6.484,298.09,511.1,0.22668,0.0,,30,,0.35677,0.19803,,,0.086242,0,,0,0,1,92,92,1,92.0,21955.0
7.4,30,100,15,0.0,29.191,83.599,0.0001,0,0.6,0,2.2991,13.549,0.00098029,57450,61368.0,6.4846,298.1,513.14,0.23267,0.0,,30,,0.37305,0.19771,,,0.088522,0,,0,0,1,92,92,1,92.0,21784.0
7.6,30,100,15,0.0,35.855,89.632,0.0001,0,0.6,0,2.303,13.498,0.0009797,57454,61379.0,6.4922,298.1,514.77,0.23884,0.0,,30,,0.39083,0.19736,,,0.090872,0,,0,0,1,92,92,1,92.0,21612.0
7.8,30,100,15,0.0,39.456,95.404,0.0001,0,0.6,0,2.3018,13.444,0.00097909,57460,61392.0,6.5038,298.11,514.88,0.24521,0.0,,30,,0.40921,0.197,,,0.093297,0,,0,0,1,92,92,1,92.0,22274.0
8.0,30,100,15,0.0,38.456,99.441,0.0001,0,0.6,0,2.2953,13.378,0.00097849,57466,61403.0,6.5088,298.12,518.17,0.25179,0.0,,30,,0.4326,0.19654,,,0.095803,0,,0,0,1,92,92,1,92.0,21269.0
8.2,42,100,15,0.0,35.464,107.69,0.0001,0,0.6,0,2.2848,13.477,0.0009779,57470,61415.0,6.5093,298.14,524.63,0.20172,0.0,,30,,0.40979,0.19929,,,0.10744,0,,0,0,1,92,92,1,92.0,21597.0
8.4,42,100,15,0.0,32.298,120.43,0.0001,0,0.6,0,2.2689,13.418,0.00097732,57475,61425.0,6.5055,298.16,530.64,0.20074,0.0,,30,,0.4001,0.19942,,,0.10692,0,,0,0,1,92,92,1,92.0,21259.0
8.6,42,100,15,0.0,30.649,133.42,0.0001,0,0.6,0,2.2474,13.356,0.00097674,57478,61435.0,6.4993,298.19,536.78,0.20528,0.0,,30,,0.41934,0.19915,,,0.10933,0,,0,0,1,92,92,1,92.0,21587.0
8.8,42,100,15,0.0,31.46,147.44,0.0001,0,0.6,0,2.2216,13.293,0.00097616,57482,61446.0,6.492,298.2,541.19,0.21056,0.0,,30,,0.44418,0.19881,,,0.11215,0,,0,0,1,92,92,1,92.0,22082.0
9.0,42,100,15,0.0,35.19,160.07,0.0001,0,0.6,0,2.1903,13.228,0.00097557,57487,61457.0,6.486,298.22,543.98,0.21607,0.0,,30,,0.47038,0.19844,,,0.11509,0,,0,0,1,92,92,1,92.0,21244.0
9.2,42,100,15,0.0,41.317,171.26,0.0001,0,0.6,0,2.1548,13.173,0.00097495,57493,61469.0,6.4869,298.22,546.33,0.22177,0.0,,30,,0.49058,0.19816,,,0.11812,0,,0,0,1,92,92,1,92.0,21572.0
9.4,42,100,15,0.0,47.047,182.31,0.0001,0,0.6,0,2.113,13.095,0.00097432,57500,61483.0,6.4913,298.23,547.47,0.22764,0.0,,30,,0.52262,0.19771,,,0.12125,0,,0,0,1,92,92,1,92.0,21733.0
9.6,42,100,15,0.0,51.019,192.15,0.0001,0,0.6,0,2.0664,13.025,0.00097367,57508,61497.0,6.4989,298.22,545.75,0.2337,0.0,,30,,0.55205,0.1973,,,0.12448,0,,0,0,1,92,92,1,92.0,21895.0
9.8,42,100,15,0.0,51.985,198.45,0.0001,0,0.6,0,2.0137,12.955,0.00097303,57516,61511.0,6.5075,298.22,544.99,0.23994,0.0,,30,,0.57847,0.19693,,,0.12781,0,,0,0,1,92,92,1,92.0,22223.0
10.0,42,100,15,0.0,49.516,205.83,0.0001,0,0.6,0,1.955,12.878,0.00097239,57524,61525.0,6.5128,298.23,547.11,0.24639,0.0,,30,,0.60741,0.19653,,,0.13124,0,,0,0,1,92,92,1,92.0,21718.0
10.2,42,100,15,0.0,44.94,216.83,0.0001,0,0.6,0,1.8901,12.793,0.00097177,57531,61538.0,6.5128,298.24,549.65,0.25304,0.0,,30,,0.64096,0.19606,,,0.13479,0,,0,0,1,92,92,1,92.0,21546.0
10.4,42,100,15,0.0,40.346,228.59,0.0001,0,0.6,0,1.8185,12.706,0.00097116,57536,61551.0,6.5051,298.23,548.64,0.25991,0.0,,30,,0.6749,0.19559,,,0.13845,0,,0,0,1,92,92,1,92.0,21874.0
10.6,42,100,15,0.0,38.832,236.09,0.0001,0,0.6,0,1.7411,12.627,0.00097056,57542,61562.0,6.4956,298.23,547.85,0.267,0.0,,30,,0.70317,0.19519,,,0.14223,0,,0,0,1,92,92,1,92.0,21869.0
10.8,42,100,15,0.0,41.136,243.83,0.0001,0,0.6,0,1.6559,12.543,0.00096995,57548,61575.0,6.4855,298.27,557.67,0.27432,0.0,,30,,0.73116,0.19479,,,0.14614,0,,0,0,1,92,92,1,92.0,21030.0
11.0,42,100,15,0.0,47.461,265.25,0.0001,0,0.6,0,1.5642,12.454,0.00096931,57555,61588.0,6.4804,298.31,569.99,0.28189,0.0,,30,,0.76302,0.19434,,,0.15017,0,,0,0,1,92,92,1,92.0,22192.0
11.2,42,100,15,0.0,55.792,291.0,0.0001,0,0.6,0,1.466,12.365,0.00096865,57564,61603.0,6.4791,298.35,578.9,0.28969,0.0,,30,,0.79721,0.19386,,,0.15433,0,,0,0,1,92,92,1,92.0,21520.0
11.4,42,100,15,0.0,64.675,314.0,0.0001,0,0.6,0,1.3626,12.288,0.00096796,57574,61620.0,6.4835,298.34,575.71,0.29768,0.0,,30,,0.82681,0.19344,,,0.15859,0,,0,0,1,92,92,1,92.0,20514.0
11.6,42,100,15,0.0,71.782,322.61,0.0001,0,0.6,0,1.2518,12.197,0.00096724,57586,61639.0,6.4919,298.32,571.87,0.30589,0.0,,30,,0.86065,0.19296,,,0.16296,0,,0,0,1,92,92,1,92.0,21842.0
11.8,42,100,15,0.0,75.51,330.28,0.0001,0,0.6,0,1.1336,12.104,0.00096652,57599,61658.0,6.497,298.31,570.24,0.31432,0.0,,30,,0.89505,0.19248,,,0.16746,0,,0,0,1,92,92,1,92.0,22170.0
12.0,42,100,15,0.0,77.256,340.28,0.0001,0,0.6,0,1.008,12.015,0.00096579,57612,61678.0,6.5018,298.32,570.75,0.323,0.0,1537.2,30,1695.8,0.92181,0.19209,0.00096865,2.7568,0.17209,0,10.759,0,0,1,92,92,1,92.0,21331.0
12.2,42,100,30,0.0,77.055,352.78,0.0001,0,0.6,0,0.90751,11.921,0.00096501,57628,61701.0,6.5039,298.33,573.75,0.33191,0.0,,30,,0.95763,0.19158,,,0.17684,0,,0,0,1,92,92,1,92.0,21826.0
12.4,42,100,30,0.0,76.009,368.53,0.0001,0,0.6,0,0.79855,11.82,0.00096423,57644,61724.0,6.5034,298.34,577.96,0.34107,0.0,,30,,0.99183,0.1911,,,0.18172,0,,0,0,1,92,92,1,92.0,22154.0
12.6,42,100,30,0.0,75.169,386.19,0.0001,0,0.7,0,0.68124,12.547,0.00096346,57660,61747.0,6.5002,298.35,579.72,0.35048,0.0,,30,,1.0344,0.19049,,,0.18674,0,,0,0,1,92,92,1,92.0,21648.0
12.8,42,100,30,0.0,75.633,401.23,0.0001,0,0.7,0,0.55818,12.471,0.00096269,57676,61770.0,6.4962,298.33,575.49,0.36012,0.0,,30,,1.0533,0.19022,,,0.19189,0,,0,0,1,92,92,1,92.0,20643.0
13.0,42,100,30,0.0,77.694,408.82,0.0001,0,0.7,0,0.42915,12.37,0.00096191,57692,61794.0,6.4929,298.34,576.11,0.37,0.0,,30,,1.088,0.18972,,,0.19715,0,,0,0,1,92,92,1,92.0,20804.0
13.2,42,100,30,0.0,81.065,422.28,0.0001,0,0.7,0,0.29408,12.277,0.00096112,57709,61818.0,6.489,298.31,569.28,0.3801,0.0,,30,,1.1218,0.18923,,,0.20254,0,,0,0,1,92,92,1,92.0,21132.0
13.4,42,100,30,0.0,86.001,426.02,0.0001,0,0.7,0,0.16004,12.237,0.00096031,57727,61843.0,6.488,298.3,565.15,0.39038,0.0,,30,,1.1439,0.18891,,,0.20802,0,,0,0,1,92,92,1,92.0,21459.0
13.6,42,100,30,0.0,91.308,432.52,0.0001,0,0.7,0,0.045371,12.467,0.00095949,57745,61870.0,6.4921,298.27,558.3,0.40058,0.0,,30,,1.1115,0.18934,,,0.21346,0,,0,0,1,92,92,1,92.0,21454.0
13.8,42,100,30,0.0,94.965,434.85,0.0001,0,0.7,0,0.012862,13.261,0.00095866,57765,61897.0,6.5168,298.13,522.22,0.40934,0.0,,30,,0.84542,0.19297,,,0.21813,0,,0,0,1,92,92,1,92.0,22282.0
14.0,42,100,30,0.0,88.692,398.45,0.0001,0,0.7,0,0.012255,13.278,0.00095786,57784,61922.0,6.5444,297.95,474.38,0.41625,0.0,,30,,0.72779,0.19456,,,0.22182,0,,0,0,1,92,92,1,92.0,20443.0
14.2,42,100,30,0.0,71.46,342.59,0.0001,0,0.7,0,0.012151,13.242,0.00095713,57799,61945.0,6.5621,297.84,443.44,0.4228,0.0,,30,,0.72127,0.19464,,,0.22532,0,,0,0,1,92,92,1,92.0,20937.0
14.4,42,100,30,0.51899,35.73,102.78,364.76,0,0.7,0,0.012,13.206,0.00095649,57807,61960.0,6.5513,299.17,799.3,0.42928,0.0,,30,,0.73289,0.19447,,,0.22878,0,,0,0,1,92,92,1,92.0,22098.0
14.6,42,100,30,1.0412,17.865,557.79,36.476,0,0.7,0,0.011481,13.193,0.00095589,57811,61971.0,6.521,298.91,728.19,0.43571,0.0,,30,,0.7345,0.19443,,,0.23221,0,,0,0,1,92,92,1,92.0,20759.0
14.8,42,100,30,0.0,10.038,499.82,3.6476,0,0.7,0,0.011096,13.168,0.00095533,57813,61981.0,6.4865,298.6,646.81,0.44212,0.0,,30,,0.73831,0.19437,,,0.23563,0,,0,0,1,92,92,1,92.0,21254.0
15.0,42,100,30,0.0,15.994,430.59,0.36476,0,0.7,0,0.010869,13.144,0.00095475,57817,61992.0,6.461,298.4,593.28,0.44851,0.0,,30,,0.74406,0.19428,,,0.23904,0,,0,0,1,92,92,1,92.0,22081.0
15.2,42,100,30,0.0,32.1,386.23,0.036476,0,0.7,0,0.010747,13.133,0.00095413,57824,62007.0,6.4533,298.26,555.97,0.4549,0.0,,30,,0.74497,0.19425,,,0.24244,0,,0,0,1,92,92,1,92.0,20909.0
15.4,42,100,30,0.0,51.253,354.53,0.0036476,0,0.7,0,0.010417,13.134,0.00095345,57835,62025.0,6.4647,298.13,520.43,0.46125,0.0,,30,,0.74065,0.1943,,,0.24584,0,,0,0,1,92,92,1,92.0,20737.0
15.6,42,100,30,0.0,65.833,319.45,0.00036476,0,0.7,0,0.010342,13.12,0.00095272,57849,62046.0,6.4888,298.03,493.9,0.46758,0.0,,30,,0.7412,0.19428,,,0.24921,0,,0,0,1,92,92,1,92.0,21565.0
15.8,42,100,30,0.0,70.797,290.96,0.0001,0,0.7,0,0.010327,13.093,0.00095199,57864,62068.0,6.5147,297.95,472.25,0.4739,0.0,,30,,0.74957,0.19415,,,0.25258,0,,0,0,1,92,92,1,92.0,21892.0
16.0,42,100,30,0.0,65.446,87.288,300.94,0,0.7,0,0.01042,13.067,0.00095126,57878,62089.0,6.5362,299.06,770.04,0.48022,0.0,,30,,0.75606,0.19405,,,0.25596,0,,0,0,1,92,92,1,92.0,21887.0
16.2,42,100,75,0.0,51.497,470.37,30.094,0,0.7,0,0.037734,12.018,0.00095041,57897,62120.0,6.5276,298.97,745.07,0.488,0.0,,35,,1.0384,0.19018,,,0.26011,0,,0,0,1,92,92,1,92.0,21714.0
16.4,42,100,75,0.0,41.068,469.6,3.0094,0,0.7,0,0.039319,11.883,0.0009496,57915,62149.0,6.5047,298.8,700.11,0.49747,0.0,,35,,1.1532,0.18858,,,0.26516,0,,0,0,1,92,92,1,92.0,21875.0
16.6,42,100,75,0.0,39.756,448.62,0.30094,0,0.7,0,0.035774,11.837,0.00094879,57932,62177.0,6.4814,298.65,660.98,0.50735,0.0,,35,,1.1827,0.18815,,,0.27044,0,,0,0,1,92,92,1,92.0,22203.0
16.8,42,100,75,0.0,47.721,429.43,0.030094,0,0.7,0,0.034105,11.784,0.00094797,57952,62207.0,6.4652,298.57,637.25,0.51732,0.0,,35,,1.202,0.18787,,,0.27576,0,,0,0,1,92,92,1,92.0,21364.0
17.0,42,100,75,0.0,62.141,424.47,0.0030094,0,0.7,0,0.030669,11.782,0.0009471,57974,62240.0,6.4627,298.47,611.93,0.52731,0.0,,35,,1.2043,0.18782,,,0.28109,0,,0,0,1,92,92,1,92.0,21358.0
17.2,42,100,75,0.0,77.527,413.71,0.00030094,0,0.7,0,0.029196,11.735,0.00094618,57999,62277.0,6.4703,298.43,600.16,0.53728,0.0,,35,,1.2162,0.18763,,,0.28641,0,,0,0,1,92,92,1,92.0,21686.0
17.4,42,100,75,0.0,89.902,416.91,0.0001,0,0.7,0,0.027374,11.737,0.00094523,58026,62315.0,6.4821,298.39,589.6,0.54727,0.0,,35,,1.2028,0.1878,,,0.29175,0,,0,0,1,92,92,1,92.0,20680.0
17.6,42,100,75,0.0,97.583,419.65,0.0001,0,0.7,0,0.02627,11.712,0.00094425,58055,62355.0,6.4945,298.33,573.52,0.55724,0.0,,35,,1.2053,0.18775,,,0.29707,0,,0,0,1,92,92,1,92.0,21008.0
17.8,42,100,75,0.0,100.32,413.8,0.0001,0,0.7,0,0.023956,11.751,0.00094327,58085,62396.0,6.5077,298.27,558.21,0.56715,0.0,,35,,1.1842,0.18802,,,0.30236,0,,0,0,1,92,92,1,92.0,21502.0
18.0,42,100,75,0.0,97.772,406.84,0.0001,0,0.7,0,0.022823,11.741,0.0009423,58114,62436.0,6.5195,298.23,548.61,0.57697,0.0,,35,,1.1741,0.18814,,,0.3076,0,,0,0,1,92,92,1,92.0,20663.0
18.2,42,100,75,0.0,90.498,405.08,0.0001,0,0.7,0,0.022328,11.713,0.00094136,58142,62475.0,6.5288,298.19,537.61,0.58675,0.0,,35,,1.1707,0.18817,,,0.31283,0,,0,0,1,92,92,1,92.0,21491.0
18.4,42,100,75,0.0,79.522,400.03,0.0001,0,0.7,0,0.021785,11.684,0.00094046,58168,62511.0,6.533,298.18,534.27,0.59653,0.0,,35,,1.1733,0.18811,,,0.31805,0,,0,0,1,92,92,1,92.0,21651.0
18.6,42,100,75,0.0,66.863,403.31,0.0001,0,0.7,0,0.020722,11.66,0.0009396,58191,62545.0,6.5315,298.18,533.93,0.60629,0.0,,35,,1.178,0.18803,,,0.32326,0,,0,0,1,92,92,1,92.0,20312.0
18.8,42,100,75,0.0,54.808,409.77,0.0001,0,0.7,0,0.020405,11.62,0.00093877,58211,62576.0,6.5245,298.17,532.0,0.61601,0.0,,35,,1.1834,0.18794,,,0.32845,0,,0,0,1,92,92,1,92.0,21640.0
19.0,42,100,75,0.0,45.563,414.05,0.0001,0,0.7,0,0.019881,11.562,0.00093798,58230,62606.0,6.5099,298.18,534.72,0.62577,0.0,,35,,1.1988,0.18771,,,0.33366,0,,0,0,1,92,92,1,92.0,21467.0
19.2,42,100,75,0.0,42.147,424.08,0.0001,0,0.7,0,0.018418,11.556,0.0009372,58248,62635.0,6.4936,298.15,525.01,0.63551,0.0,,35,,1.2003,0.18767,,,0.33887,0,,0,0,1,92,92,1,92.0,21962.0
19.4,42,100,75,0.0,45.221,418.43,0.0001,0,0.7,0,0.018401,11.49,0.00093641,58267,62664.0,6.479,298.15,524.58,0.64525,0.0,,35,,1.2162,0.18743,,,0.34407,0,,0,0,1,92,92,1,92.0,21122.0
19.6,42,100,75,0.0,54.128,423.65,0.0001,0,0.7,0,0.018582,11.427,0.00093559,58287,62696.0,6.4748,298.1,512.35,0.65507,0.0,,35,,1.231,0.18721,,,0.34931,0,,0,0,1,92,92,1,92.0,21950.0
19.8,42,100,75,0.0,64.702,413.46,0.0001,0,0.7,0,0.018089,11.392,0.00093474,58310,62729.0,6.4788,298.05,498.36,0.66497,0.0,,35,,1.24,0.18707,,,0.3546,0,,0,0,1,92,92,1,92.0,21444.0
20.0,42,100,75,0.0,73.686,399.65,0.0001,0,0.7,0,0.017014,11.401,0.00093387,58334,62765.0,6.4859,297.99,483.19,0.67487,0.0,,35,,1.2311,0.18717,,,0.35989,0,,0,0,1,92,92,1,92.0,20772.0
20.2,55,100,150,0.0,79.844,382.45,0.0001,0,0.7,0,0.058742,10.689,0.00093273,58375,62821.0,6.473,298.01,489.02,0.54145,0.0,,35,,1.5007,0.1886,,,0.37798,0,,0,0,1,92,92,1,92.0,21932.0
20.4,55,100,150,0.0,91.24,390.01,0.0001,0,0.7,0,0.057625,10.56,0.00093156,58418,62879.0,6.4582,298.06,502.43,0.54345,0.0,,35,,1.5602,0.18796,,,0.37938,0,,0,0,1,92,92,1,92.0,21760.0
20.6,55,100,150,0.0,108.49,407.47,0.0001,0,0.7,0,0.048674,10.544,0.00093034,58464,62940.0,6.4493,298.06,501.03,0.55338,0.0,,35,,1.5731,0.18781,,,0.38632,0,,0,0,1,92,92,1,92.0,21754.0
20.8,55,100,150,0.0,129.28,407.69,0.0001,0,0.7,0,0.045707,10.5,0.00092905,58515,63006.0,6.4451,298.06,502.21,0.56377,0.0,,35,,1.5752,0.18777,,,0.39358,0,,0,0,1,92,92,1,92.0,21081.0
21.0,55,100,150,0.0,151.74,411.39,0.0001,0,0.7,0,0.040963,10.468,0.00092769,58570,63076.0,6.4433,298.06,502.47,0.57426,0.0,,35,,1.5821,0.18768,,,0.40092,0,,0,0,1,92,92,1,92.0,20742.0
21.2,55,100,150,0.0,174.94,414.03,0.0001,0,0.7,0,0.040144,10.379,0.00092626,58629,63150.0,6.4425,298.06,502.92,0.58483,0.0,,35,,1.6099,0.18736,,,0.40831,0,,0,0,1,92,92,1,92.0,22069.0
21.4,55,100,150,0.0,198.47,416.96,0.0001,0,0.7,0,0.035744,10.374,0.00092476,58694,63230.0,6.4427,298.06,502.67,0.59547,0.0,,35,,1.6165,0.18727,,,0.41575,0,,0,0,1,92,92,1,92.0,21897.0
21.6,55,100,150,0.0,221.91,419.07,0.0001,0,0.7,0,0.03483,10.314,0.00092319,58763,63314.0,6.443,298.08,507.78,0.60616,0.0,,35,,1.6237,0.18718,,,0.42323,0,,0,0,1,92,92,1,92.0,20891.0
21.8,55,100,150,0.0,225.0,427.96,0.0001,0,0.7,0,0.031045,10.289,0.00092161,58832,63399.0,6.4439,298.1,511.27,0.61693,0.0,,35,,1.629,0.1871,,,0.43076,0,,0,0,1,92,92,1,92.0,21051.0
22.0,55,100,150,0.0,225.0,435.35,0.0001,0,0.7,0,0.029949,10.21,0.00092004,58902,63483.0,6.4446,298.09,510.6,0.62775,0.0,,35,,1.6449,0.18691,,,0.43832,0,,0,0,1,92,92,1,92.0,21878.0
22.2,55,100,150,0.0,225.0,437.98,0.0001,0,0.7,0,0.028985,10.168,0.00091847,58972,63568.0,6.4449,298.09,509.6,0.63863,0.0,,35,,1.6481,0.18686,,,0.44593,0,,0,0,1,92,92,1,92.0,22206.0
22.4,55,100,150,0.0,225.0,440.23,0.0001,0,0.7,0,0.028033,10.1,0.00091691,59041,63653.0,6.4447,298.07,504.84,0.6496,0.0,,35,,1.66,0.18671,,,0.45361,0,,0,0,1,92,92,1,92.0,21866.0
22.6,55,100,150,0.0,225.0,437.61,0.0001,0,0.7,0,0.027934,10.008,0.00091535,59111,63738.0,6.4436,298.05,498.72,0.66069,0.0,,35,,1.6795,0.18649,,,0.46136,0,,0,0,1,92,92,1,92.0,21360.0
22.8,55,100,150,0.0,225.0,432.72,0.0001,0,0.7,0,0.026192,9.9782,0.00091379,59180,63823.0,6.4427,298.0,486.09,0.67186,0.0,,35,,1.6861,0.1864,,,0.46918,0,,0,0,1,92,92,1,92.0,21854.0
23.0,55,100,150,0.0,225.0,418.85,0.0001,0,0.7,0,0.024704,9.9643,0.00091225,59250,63908.0,6.4426,297.97,477.17,0.68301,0.0,,35,,1.6821,0.18642,,,0.47698,0,,0,0,1,92,92,1,92.0,21181.0
23.2,55,100,150,0.0,225.0,408.13,0.0001,0,0.7,0,0.023863,9.9149,0.0009107,59320,63993.0,6.4425,297.94,467.45,0.69416,0.0,,35,,1.6952,0.18626,,,0.48478,0,,0,0,1,92,92,1,92.0,20342.0
23.4,55,100,150,0.0,225.0,122.44,423.48,0,0.7,0,0.024117,9.8614,0.00090914,59389,64077.0,6.4419,299.61,927.09,0.70535,0.0,,35,,1.7125,0.18605,,,0.49261,0,,0,0,1,92,92,1,92.0,21169.0
23.6,55,100,150,0.0,225.0,696.62,42.348,0,0.7,0,0.022254,9.8321,0.00090755,59458,64162.0,6.442,299.32,847.42,0.71653,0.0,,35,,1.7234,0.18592,,,0.50044,0,,0,0,1,92,92,1,92.0,21830.0
23.8,55,100,150,0.0,225.0,644.56,4.2348,0,0.7,0,0.020749,9.8099,0.00090599,59527,64246.0,6.4427,298.96,749.23,0.72768,0.0,,35,,1.7264,0.18587,,,0.50824,0,,0,0,1,92,92,1,92.0,20823.0
24.0,55,100,150,0.0,225.0,573.32,0.42348,0,0.7,0,0.019293,9.7987,0.00090443,59597,64331.0,6.4441,298.69,674.53,0.73877,0.0,1218.0,35,1691.5,1.7308,0.1858,0.0009107,8.9531,0.516,0,22.236,0,0,1,92,92,1,92.0,21317.0
24.2,55,100,30,0.0,225.0,518.72,0.042348,0,0.7,0,0.0032734,12.444,0.01498,59642,64384.0,6.4842,298.24,549.7,0.74589,0.0,,35,,0.89267,0.19454,,,0.52098,0,,0,0,1,92,92,1,92.0,20713.0
24.4,55,100,30,0.0,225.0,390.91,0.0042348,0,0.7,0,0.0032236,12.427,0.032579,59688,64438.0,6.5226,297.93,465.08,0.75038,0.0,,35,,0.79816,0.19551,,,0.52412,0,,0,0,1,92,92,1,92.0,21127.0
24.6,55,100,30,0.0,216.5,117.27,383.1,0,0.7,0,0.0032694,12.399,0.050183,59731,64489.0,6.5567,299.19,813.51,0.75468,0.0,,35,,0.79773,0.1955,,,0.52714,0,,0,0,1,92,92,1,92.0,20874.0
24.8,55,100,30,0.51741,108.25,551.1,38.31,0,0.7,0,0.0032522,12.263,0.06779,59753,64519.0,6.5809,298.84,715.74,0.75897,0.0,,35,,0.83979,0.19506,,,0.53014,0,,0,0,1,92,92,1,92.0,21454.0
25.0,55,100,30,1.0359,54.124,464.63,3.831,0,0.7,0,0.0032247,12.198,0.085766,59765,64539.0,6.581,298.48,617.57,0.76327,0.0,,35,,0.84808,0.19497,,,0.53315,0,,0,0,1,92,92,1,92.0,20869.0
25.2,55,100,30,1.557,27.062,376.56,0.3831,0,0.8,0,0.003209,12.986,0.10398,59771,64553.0,6.553,298.25,551.59,0.76756,0.0,,35,,0.86248,0.19481,,,0.53615,0,,0,0,1,92,92,1,92.0,21286.0
25.4,55,100,30,2.0805,13.531,315.29,0.03831,0,0.8,0,0.0030794,12.973,0.12365,59775,64565.0,6.5117,298.08,504.89,0.7718,0.0,,35,,0.86182,0.19481,,,0.53912,0,,0,0,1,92,92,1,92.0,21543.0
25.6,55,100,30,0.0,9.42,268.23,0.003831,0,0.8,0,0.0029393,12.972,0.14492,59777,64575.0,6.4725,297.96,471.38,0.77595,0.0,,35,,0.85987,0.19482,,,0.54202,0,,0,0,1,92,92,1,92.0,20808.0
25.8,55,100,30,0.0,20.945,230.75,0.0003831,0,0.8,0,0.0029022,12.959,0.16667,59782,64588.0,6.4498,297.88,449.92,0.78004,0.0,,35,,0.86675,0.19474,,,0.54489,0,,0,0,1,92,92,1,92.0,21242.0
26.0,55,100,30,0.0,41.507,69.224,247.74,0,0.8,0,0.0028607,12.966,0.18889,59791,64605.0,6.4489,298.78,698.75,0.7841,0.0,,35,,0.86549,0.19475,,,0.54773,0,,0,0,1,92,92,1,92.0,22178.0
26.2,55,100,30,0.0,62.386,374.72,24.774,0,0.8,0,0.0028596,12.974,0.21122,59803,64626.0,6.4655,298.66,667.42,0.78816,0.0,,35,,0.85044,0.19489,,,0.55057,0,,0,0,1,92,92,1,92.0,21948.0
26.4,55,100,30,0.0,76.665,358.18,2.4774,0,0.8,0,0.0028729,12.97,0.23358,59819,64649.0,6.4911,298.49,617.87,0.79222,0.0,,35,,0.84322,0.19496,,,0.55342,0,,0,0,1,92,92,1,92.0,21885.0
26.6,55,100,30,0.0,80.705,322.35,0.24774,0,0.8,0,0.0028817,12.95,0.25611,59836,64674.0,6.5159,298.32,571.42,0.79628,0.0,,35,,0.85328,0.19485,,,0.55626,0,,0,0,1,92,92,1,92.0,22489.0
26.8,55,100,30,0.0,74.882,284.18,0.024774,0,0.8,0,0.0028507,12.945,0.27897,59851,64697.0,6.5376,298.2,538.66,0.80029,0.0,,35,,0.85412,0.19483,,,0.55906,0,,0,0,1,92,92,1,92.0,22928.0
27.0,55,100,30,0.0,60.362,256.69,0.0024774,0,0.8,0,0.0027761,12.951,0.30256,59864,64718.0,6.5503,298.1,509.94,0.80423,0.0,,35,,0.84087,0.19496,,,0.56182,0,,0,0,1,92,92,1,92.0,22538.0
27.2,55,100,30,0.51937,30.181,229.43,0.00024774,0,0.8,0,0.0027492,12.897,0.32646,59870,64732.0,6.5337,298.02,488.43,0.80813,0.0,,35,,0.85684,0.19479,,,0.56455,0,,0,0,1,92,92,1,92.0,22482.0
27.4,55,100,30,0.0,17.303,207.13,0.0001,0,0.8,0,0.0026645,12.886,0.35103,59875,64744.0,6.504,297.97,473.99,0.81196,0.0,,35,,0.85981,0.19475,,,0.56724,0,,0,0,1,92,92,1,92.0,22263.0
27.6,55,100,30,0.0,16.28,190.54,0.0001,0,0.8,0,0.0026209,12.882,0.37615,59878,64756.0,6.4763,297.92,460.9,0.81575,0.0,,35,,0.85524,0.19479,,,0.56989,0,,0,0,1,92,92,1,92.0,22547.0
27.8,55,100,30,0.0,26.268,57.161,207.57,0,0.8,0,0.0026424,12.863,0.4014,59884,64769.0,6.4617,298.68,671.79,0.81952,0.0,,35,,0.86077,0.19473,,,0.57253,0,,0,0,1,92,92,1,92.0,23165.0
28.0,55,100,30,0.0,42.057,316.2,20.757,0,0.8,0,0.0026404,12.866,0.42667,59893,64786.0,6.4629,298.57,642.1,0.82329,0.0,,35,,0.85336,0.19479,,,0.57517,0,,0,0,1,92,92,1,92.0,23449.0
28.2,55,100,37,0.0,57.357,299.14,2.0757,0,0.8,0,0.0030481,12.708,0.44857,59906,64807.0,6.4766,298.45,607.83,0.82734,0.0,,35,,0.89386,0.19437,,,0.578,0,,0,0,1,92,92,1,92.0,23884.0
28.4,55,100,37,0.0,67.183,278.89,0.20757,0,0.8,0,0.0030347,12.693,0.47045,59921,64831.0,6.4973,298.35,579.36,0.83152,0.0,,35,,0.90709,0.19422,,,0.58093,0,,0,0,1,92,92,1,92.0,23818.0
28.6,55,100,37,0.0,68.763,261.37,0.020757,0,0.8,0,0.0030435,12.672,0.49241,59937,64855.0,6.5183,298.26,556.0,0.83572,0.0,,35,,0.90675,0.19422,,,0.58387,0,,0,0,1,92,92,1,92.0,23420.0
28.8,55,100,37,0.0,61.943,246.18,0.0020757,0,0.8,0,0.0029436,12.692,0.51547,59951,64877.0,6.5357,298.17,531.4,0.83986,0.0,,35,,0.89249,0.19436,,,0.58677,0,,0,0,1,92,92,1,92.0,23360.0
29.0,55,100,37,0.0,48.209,226.18,0.00020757,0,0.8,0,0.0029863,12.625,0.53827,59963,64897.0,6.5401,298.1,511.47,0.844,0.0,,35,,0.91011,0.19417,,,0.58967,0,,0,0,1,92,92,1,92.0,23633.0
29.2,55,100,37,0.0,32.719,208.7,0.0001,0,0.8,0,0.0030063,12.569,0.56098,59971,64913.0,6.5277,298.06,498.78,0.84816,0.0,,35,,0.93139,0.19394,,,0.59258,0,,0,0,1,92,92,1,92.0,22738.0
29.4,55,100,37,0.0,22.209,197.38,0.0001,0,0.8,0,0.0029053,12.553,0.58472,59978,64928.0,6.5049,298.02,488.56,0.85228,0.0,,35,,0.94197,0.19382,,,0.59547,0,,0,0,1,92,92,1,92.0,23015.0
29.6,55,100,37,0.0,20.815,187.21,0.0001,0,0.8,0,0.0028905,12.527,0.60891,59984,64942.0,6.483,297.99,481.19,0.85636,0.0,,35,,0.94859,0.19375,,,0.59832,0,,0,0,1,92,92,1,92.0,23627.0
29.8,55,100,37,0.0,28.141,179.15,0.0001,0,0.8,0,0.002881,12.506,0.63345,59991,64958.0,6.471,297.99,480.5,0.86042,0.0,,35,,0.95854,0.19364,,,0.60117,0,,0,0,1,92,92,1,92.0,24075.0
30.0,55,100,37,0.0,40.218,178.28,0.0001,0,0.8,0,0.0028496,12.505,0.65827,60001,64976.0,6.4746,297.99,478.93,0.86446,0.0,,35,,0.96202,0.19359,,,0.604,0,,0,0,1,92,92,1,92.0,25190.0
30.2,55,100,37,0.0,50.844,176.04,0.0001,0,0.9,0,0.0028075,13.349,0.6838,60013,64996.0,6.4888,297.97,474.39,0.86847,0.0,,35,,0.95504,0.19366,,,0.60681,0,,0,0,1,92,92,1,92.0,24476.0
30.4,55,100,37,0.0,55.823,169.95,0.0001,0,0.9,0,0.0027973,13.332,0.70956,60027,65018.0,6.5066,297.94,467.44,0.87246,0.0,,35,,0.95526,0.19365,,,0.6096,0,,0,0,1,92,92,1,92.0,24430.0
30.6,55,100,37,0.0,53.702,50.985,184.38,0,0.9,0,0.0027659,13.309,0.73579,60039,65038.0,6.5235,298.63,659.88,0.87642,0.0,,35,,0.96765,0.19351,,,0.61237,0,,0,0,1,92,92,1,92.0,24219.0
30.8,55,100,37,0.0,44.806,287.06,18.438,0,0.9,0,0.0027668,13.274,0.76216,60050,65057.0,6.5314,298.57,640.52,0.88036,0.0,,35,,0.97634,0.19341,,,0.61514,0,,0,0,1,92,92,1,92.0,25009.0
31.0,55,100,37,0.0,32.804,281.74,1.8438,0,0.9,0,0.0027057,13.249,0.7894,60058,65074.0,6.5251,298.44,606.18,0.88427,0.0,,35,,0.98433,0.19332,,,0.61787,0,,0,0,1,92,92,1,92.0,25636.0
31.2,55,100,37,0.0,23.347,261.03,0.18438,0,0.9,0,0.0026199,13.223,0.81754,60065,65088.0,6.5076,298.33,574.7,0.88812,0.0,,35,,1.0015,0.19314,,,0.62057,0,,0,0,1,92,92,1,92.0,24601.0
31.4,55,100,37,0.0,20.871,239.63,0.018438,0,0.9,0,0.0025751,13.199,0.84609,60071,65102.0,6.4876,298.24,549.53,0.89192,0.0,,35,,1.0108,0.19303,,,0.62323,0,,0,0,1,92,92,1,92.0,24735.0
31.6,55,100,37,0.0,26.345,221.74,0.0018438,0,0.9,0,0.0025705,13.176,0.87496,60078,65117.0,6.4748,298.18,531.91,0.8957,0.0,,35,,1.0205,0.19293,,,0.62588,0,,0,0,1,92,92,1,92.0,25537.0
31.8,55,100,37,0.0,36.911,209.62,0.00018438,0,0.9,0,0.0025726,13.169,0.90383,60087,65135.0,6.4733,298.12,516.68,0.89949,0.0,,35,,1.0185,0.19294,,,0.62854,0,,0,0,1,92,92,1,92.0,25173.0
32.0,55,100,37,0.0,48.075,197.91,0.0001,0,0.9,0,0.0025489,13.173,0.93281,60099,65154.0,6.4838,298.07,502.67,0.90327,0.0,,35,,1.0175,0.19294,,,0.63118,0,,0,0,1,92,92,1,92.0,25808.0
32.2,55,100,43,0.0,55.022,185.58,0.0001,0,0.9,0,0.0028677,13.021,0.95917,60113,65177.0,6.4983,298.05,496.37,0.90726,0.0,,35,,1.0551,0.19254,,,0.63397,0,,0,0,1,92,92,1,92.0,26265.0
32.4,55,100,43,0.0,56.221,180.87,0.0001,0,0.9,0,0.002861,13.009,0.98557,60127,65199.0,6.5128,298.03,491.3,0.91137,0.0,,35,,1.0587,0.1925,,,0.63685,0,,0,0,1,92,92,1,92.0,26055.0
32.6,55,100,43,0.0,51.609,176.62,0.0001,0,0.9,0,0.0029017,12.974,1.0116,60141,65221.0,6.5216,298.01,485.58,0.91551,0.0,,35,,1.059,0.19249,,,0.63975,0,,0,0,1,92,92,1,92.0,26010.0
32.8,55,100,43,0.0,43.511,170.87,0.0001,0,0.9,0,0.0028474,12.956,1.0383,60152,65241.0,6.5228,298.0,482.07,0.91963,0.0,,35,,1.0641,0.19243,,,0.64264,0,,0,0,1,92,92,1,92.0,25634.0
33.0,55,100,43,0.0,34.94,167.08,0.0001,0,0.9,0,0.0029133,12.89,1.0645,60162,65260.0,6.5148,297.99,480.06,0.92379,0.0,,35,,1.0777,0.19228,,,0.64556,0,,0,0,1,92,92,1,92.0,25757.0
33.2,55,100,43,0.0,29.562,164.62,0.0001,0,0.9,0,0.002883,12.862,1.091,60172,65277.0,6.5004,297.98,476.76,0.92796,0.0,,35,,1.0881,0.19216,,,0.64848,0,,0,0,1,92,92,1,92.0,25881.0
33.4,55,100,43,0.0,29.925,160.26,0.0001,0,0.9,0,0.0027698,12.882,1.1189,60181,65295.0,6.4872,297.96,471.68,0.93205,0.0,,35,,1.0814,0.19222,,,0.65134,0,,0,0,1,92,92,1,92.0,26011.0
33.6,55,100,43,0.0,35.57,153.3,0.0001,0,0.9,0,0.0027393,12.891,1.1472,60191,65313.0,6.4824,297.92,461.1,0.93608,0.0,,35,,1.0704,0.19233,,,0.65417,0,,0,0,1,92,92,1,92.0,26311.0
33.8,55,100,43,0.0,43.116,45.991,175.49,0,0.9,0,0.002674,12.907,1.1763,60203,65333.0,6.4862,298.58,644.6,0.94005,0.0,,35,,1.0634,0.1924,,,0.65695,0,,0,0,1,92,92,1,92.0,26780.0
34.0,55,100,43,0.0,49.121,269.4,17.549,0,0.9,0,0.002602,12.914,1.2063,60215,65355.0,6.4951,298.46,610.67,0.94396,0.0,,35,,1.059,0.19243,,,0.65969,0,,0,0,1,92,92,1,92.0,26254.0
34.2,55,100,43,0.0,51.598,244.38,1.7549,0,0.9,0,0.0025754,12.927,1.2365,60229,65376.0,6.5067,298.31,569.74,0.94782,0.0,,35,,1.0465,0.19256,,,0.66239,0,,0,0,1,92,92,1,92.0,26397.0
34.4,55,100,43,0.0,49.422,212.05,0.17549,0,0.9,0,0.0025478,12.928,1.2674,60242,65397.0,6.5122,298.22,542.89,0.95163,0.0,,35,,1.0379,0.19264,,,0.66506,0,,0,0,1,92,92,1,92.0,27875.0
34.6,55,100,43,0.0,45.069,191.77,0.017549,0,0.9,0,0.0025393,12.896,1.2987,60254,65418.0,6.5134,298.14,520.52,0.95543,0.0,,35,,1.0418,0.19259,,,0.66773,0,,0,0,1,92,92,1,92.0,26189.0
34.8,55,100,43,0.0,40.235,173.04,0.0017549,0,0.9,0,0.0025025,12.893,1.3305,60265,65437.0,6.509,298.06,500.04,0.95921,0.0,,35,,1.0359,0.19264,,,0.67037,0,,0,0,1,92,92,1,92.0,27839.0
35.0,55,100,43,0.0,37.153,153.53,0.00017549,0,0.9,0,0.0025101,12.881,1.3625,60275,65456.0,6.5025,298.0,483.25,0.96295,0.0,,35,,1.032,0.19268,,,0.673,0,,0,0,1,92,92,1,92.0,27323.0
35.2,55,100,43,0.0,36.664,135.76,0.0001,0,0.9,0,0.0025474,12.844,1.3946,60286,65475.0,6.4938,297.96,472.12,0.96672,0.0,,35,,1.0366,0.19262,,,0.67564,0,,0,0,1,92,92,1,92.0,27141.0
35.4,55,100,43,0.0,39.665,122.63,0.0001,0,0.9,0,0.0024902,12.858,1.4273,60297,65494.0,6.4876,297.94,466.13,0.97047,0.0,,35,,1.0237,0.19275,,,0.67827,0,,0,0,1,92,92,1,92.0,27295.0
35.6,55,100,43,0.0,45.142,36.79,130.8,0,0.9,0,0.0025012,12.819,1.4602,60309,65514.0,6.4884,298.45,609.04,0.97423,0.0,,35,,1.0346,0.19263,,,0.6809,0,,0,0,1,92,92,1,92.0,27117.0
35.8,55,100,43,0.0,50.268,210.36,13.08,0,0.9,0,0.0024779,12.794,1.4935,60322,65536.0,6.4944,298.36,583.25,0.97799,0.0,,35,,1.0479,0.19248,,,0.68353,0,,0,0,1,92,92,1,92.0,28274.0
36.0,55,100,43,0.0,52.994,191.76,1.308,0,0.9,0,0.0024466,12.785,1.5269,60336,65557.0,6.5003,298.25,553.43,0.98174,0.0,777.45,35,1642.1,1.0486,0.19247,1.3946,12.385,0.68616,0,35.841,0,0,1,92,92,1,92.0,27598.0
36.2,55,100,47,0.0,53.388,169.28,0.1308,0,0.9,0,0.002622,12.679,1.5589,60350,65581.0,6.5042,298.18,534.06,0.98562,0.0,,35,,1.0704,0.19223,,,0.68889,0,,0,0,1,92,92,1,92.0,28582.0
36.4,55,100,47,0.0,52.249,155.78,0.01308,0,0.9,0,0.0026595,12.639,1.5908,60364,65603.0,6.5064,298.14,522.84,0.98962,0.0,,35,,1.0764,0.19216,,,0.69168,0,,0,0,1,92,92,1,92.0,27899.0
36.6,55,100,47,0.0,50.202,149.41,0.001308,0,0.9,0,0.002719,12.568,1.6223,60378,65626.0,6.5058,298.11,513.99,0.99367,0.0,,35,,1.1017,0.19189,,,0.69453,0,,0,0,1,92,92,1,92.0,29214.0
36.8,55,100,47,0.0,48.424,144.24,0.0001308,0,0.9,0,0.0027051,12.547,1.6543,60392,65648.0,6.5037,298.1,510.21,0.99775,0.0,,35,,1.1043,0.19186,,,0.69739,0,,0,0,1,92,92,1,92.0,29365.0
37.0,55,100,47,0.0,47.468,144.06,0.0001,0,0.9,0,0.0027471,12.495,1.6859,60405,65670.0,6.5002,298.09,506.95,1.0019,0.0,,35,,1.1218,0.19167,,,0.70026,0,,0,0,1,92,92,1,92.0,28180.0
37.2,55,100,47,0.0,47.91,143.87,0.0001,0,0.9,0,0.0027667,12.461,1.7175,60419,65692.0,6.4966,298.08,503.73,1.006,0.0,,35,,1.1292,0.19159,,,0.70317,0,,0,0,1,92,92,1,92.0,29329.0
37.4,55,100,47,0.0,49.776,143.28,0.0001,0,0.9,0,0.0027514,12.445,1.7496,60433,65715.0,6.493,298.08,503.76,1.0101,0.0,,35,,1.128,0.19159,,,0.70608,0,,0,0,1,92,92,1,92.0,29480.0
37.6,55,100,47,0.0,53.11,146.24,0.0001,0,0.9,0,0.00278,12.392,1.7814,60447,65738.0,6.4914,298.08,504.93,1.0143,0.0,,35,,1.1454,0.1914,,,0.70901,0,,0,0,1,92,92,1,92.0,30463.0
37.8,55,100,47,0.0,57.052,150.52,0.0001,0,0.9,0,0.0027543,12.373,1.8136,60462,65762.0,6.4932,298.08,504.74,1.0185,0.0,,35,,1.1568,0.19128,,,0.71195,0,,0,0,1,92,92,1,92.0,30282.0
38.0,55,100,47,0.0,60.27,153.26,0.0001,0,0.9,0,0.0026913,12.378,1.8467,60478,65787.0,6.4996,298.07,502.75,1.0227,0.0,,35,,1.1588,0.19125,,,0.71485,0,,0,0,1,92,92,1,92.0,29938.0
38.2,55,100,47,0.0,60.941,153.82,0.0001,0,0.9,0,0.0027164,12.345,1.8797,60494,65812.0,6.5058,298.05,497.68,1.0268,0.0,,35,,1.1638,0.19119,,,0.71774,0,,0,0,1,92,92,1,92.0,29927.0
38.4,55,100,47,0.0,59.139,150.38,0.0001,0,0.9,0,0.0026823,12.328,1.913,60510,65836.0,6.5131,298.04,494.23,1.0309,0.0,,35,,1.1695,0.19112,,,0.72063,0,,0,0,1,92,92,1,92.0,29417.0
38.6,55,100,47,0.0,54.426,148.33,0.0001,0,0.9,0,0.0025957,12.339,1.9472,60525,65860.0,6.5166,298.02,488.41,1.035,0.0,,35,,1.1683,0.19112,,,0.72346,0,,0,0,1,92,92,1,92.0,30079.0
38.8,55,100,47,0.0,48.311,142.88,0.0001,0,0.9,0,0.0026351,12.296,1.9811,60538,65882.0,6.516,298.01,484.72,1.039,0.0,,35,,1.1732,0.19107,,,0.72629,0,,0,0,1,92,92,1,92.0,29405.0
39.0,55,100,47,0.0,42.43,139.34,0.0001,0,0.9,0,0.0026241,12.261,2.0151,60551,65903.0,6.5097,298.0,482.38,1.043,0.0,,35,,1.1748,0.19104,,,0.72913,0,,0,0,1,92,92,1,92.0,29899.0
39.2,55,100,47,0.0,39.078,136.89,0.0001,0,0.9,0,0.0026161,12.218,2.0495,60562,65923.0,6.4999,298.0,483.5,1.0471,0.0,,35,,1.1864,0.19091,,,0.73199,0,,0,0,1,92,92,1,92.0,31228.0
39.4,55,100,47,0.0,39.635,138.33,0.0001,0,0.9,0,0.0025617,12.209,2.0845,60574,65944.0,6.491,298.0,482.85,1.0512,0.0,,35,,1.1882,0.19089,,,0.73483,0,,0,0,1,92,92,1,92.0,31061.0
39.6,55,100,47,0.0,43.767,137.66,0.0001,0,0.9,0,0.0025525,12.216,2.1196,60587,65965.0,6.4874,298.0,482.18,1.0552,0.0,,35,,1.1772,0.19099,,,0.73766,0,,0,0,1,92,92,1,92.0,31393.0
39.8,55,100,47,0.0,49.315,136.93,0.0001,0,0.9,0,0.0024982,12.214,2.1551,60601,65988.0,6.4902,298.0,481.29,1.0592,0.0,,35,,1.1786,0.19097,,,0.74046,0,,0,0,1,92,92,1,92.0,31561.0
40.0,55,100,47,0.0,53.724,135.84,0.0001,0,0.9,0,0.0024125,12.24,2.1912,60615,66011.0,6.4981,297.99,479.71,1.0631,0.0,,35,,1.1664,0.19109,,,0.74322,0,,0,0,1,92,92,1,92.0,30399.0
40.2,60,100,51,0.0,54.979,133.8,0.0001,0,1.1,0,0.0026706,13.892,2.2252,60633,66038.0,6.5046,298.0,482.43,0.98544,10.0,,35,,1.1956,0.19197,,,0.75137,0,,0,0,1,92,92,1,92.0,31392.0
40.4,60,100,51,0.0,53.681,136.8,0.0001,0,1.1,0,0.0026795,13.869,2.259,60650,66064.0,6.5092,298.01,484.94,0.98531,10.0,,35,,1.1807,0.19211,,,0.75127,0,,0,0,1,92,92,1,92.0,31718.0
40.6,60,100,51,0.0,50.521,139.8,0.0001,0,1.1,0,0.0026825,13.842,2.293,60667,66090.0,6.5102,298.02,486.77,0.98897,10.0,,35,,1.1808,0.1921,,,0.75407,0,,0,0,1,92,92,1,92.0,32212.0
40.8,60,100,51,0.0,46.971,142.32,0.0001,0,1.1,0,0.0027074,13.804,2.3268,60683,66115.0,6.5063,298.02,488.33,0.99289,10.0,,35,,1.1782,0.19212,,,0.75707,0,,0,0,1,92,92,1,92.0,32205.0
41.0,60,100,51,0.0,44.997,144.76,0.0001,0,1.1,0,0.0027086,13.787,2.3608,60699,66140.0,6.5029,298.02,488.43,0.99683,10.0,,35,,1.1794,0.1921,,,0.76008,0,,0,0,1,92,92,1,92.0,32199.0
41.2,60,100,51,0.0,44.359,145.64,0.0001,0,1.1,0,0.0026679,13.804,2.3951,60714,66164.0,6.4987,298.03,489.84,1.0007,10.0,,35,,1.1605,0.19227,,,0.76307,0,,0,0,1,92,92,1,92.0,33028.0
41.4,60,100,51,0.0,45.385,148.16,0.0001,0,1.1,0,0.002628,13.79,2.4301,60730,66189.0,6.4946,298.04,492.27,1.0046,10.0,,35,,1.1591,0.19228,,,0.76604,0,,0,0,1,92,92,1,92.0,32859.0
41.6,60,100,51,0.0,48.073,152.07,0.0001,0,1.1,0,0.0026575,13.774,2.465,60747,66214.0,6.4941,298.04,495.07,1.0085,10.0,,35,,1.1544,0.19232,,,0.76902,0,,0,0,1,92,92,1,92.0,31858.0
41.8,60,100,51,0.0,50.948,156.74,0.0001,0,1.1,0,0.0025382,13.829,2.501,60763,66240.0,6.4971,298.05,496.45,1.0123,10.0,,35,,1.1334,0.19251,,,0.77193,0,,0,0,1,92,92,1,92.0,32361.0
42.0,60,100,51,0.0,52.623,160.03,0.0001,0,1.1,0,0.0025301,13.795,2.5372,60781,66266.0,6.5021,298.05,497.06,1.0161,10.0,,35,,1.1395,0.19244,,,0.77483,0,,0,0,1,92,92,1,92.0,32199.0
42.2,60,100,51,0.0,52.293,162.6,0.0001,0,1.1,0,0.0025692,13.745,2.5734,60798,66292.0,6.5063,298.06,498.31,1.0199,10.0,,35,,1.1478,0.19236,,,0.77776,0,,0,0,1,92,92,1,92.0,33704.0
42.4,60,100,51,0.0,50.307,166.05,0.0001,0,1.1,0,0.0025609,13.718,2.61,60814,66318.0,6.5089,298.06,498.74,1.0238,10.0,,35,,1.1494,0.19233,,,0.7807,0,,0,0,1,92,92,1,92.0,33710.0
42.6,60,100,51,0.0,47.268,168.66,0.0001,0,1.1,0,0.0026113,13.658,2.6463,60830,66343.0,6.5092,298.06,499.31,1.0277,10.0,,35,,1.1732,0.1921,,,0.78367,0,,0,0,1,92,92,1,92.0,33549.0
42.8,60,100,51,0.0,44.106,171.51,0.0001,0,1.1,0,0.0025622,13.631,2.6834,60846,66368.0,6.5059,298.05,496.84,1.0315,10.0,,35,,1.1859,0.19197,,,0.78663,0,,0,0,1,92,92,1,92.0,33391.0
43.0,60,100,51,0.0,42.271,170.74,0.0001,0,1.1,0,0.0025645,13.603,2.7203,60861,66392.0,6.5011,298.05,497.79,1.0354,10.0,,35,,1.1918,0.19191,,,0.78958,0,,0,0,1,92,92,1,92.0,33233.0
43.2,60,100,51,0.0,42.339,173.88,0.0001,0,1.1,0,0.0025799,13.562,2.7572,60876,66416.0,6.4969,298.06,500.23,1.0393,10.0,,35,,1.201,0.19181,,,0.79255,0,,0,0,1,92,92,1,92.0,33907.0
43.4,60,100,51,0.0,44.08,178.87,0.0001,0,1.1,0,0.002621,13.518,2.7941,60892,66441.0,6.4947,298.07,500.84,1.0432,10.0,,35,,1.2078,0.19174,,,0.79556,0,,0,0,1,92,92,1,92.0,33915.0
43.6,60,100,51,0.0,46.71,181.91,0.0001,0,1.1,0,0.0025854,13.52,2.8315,60908,66466.0,6.4953,298.05,496.8,1.0471,10.0,,35,,1.2062,0.19175,,,0.79856,0,,0,0,1,92,92,1,92.0,34926.0
43.8,60,100,51,0.0,49.104,179.44,0.0001,0,1.1,0,0.0025298,13.537,2.8694,60924,66492.0,6.4979,298.04,493.12,1.051,10.0,,35,,1.2008,0.19179,,,0.80151,0,,0,0,1,92,92,1,92.0,34606.0
44.0,60,100,51,0.0,50.463,177.0,0.0001,0,1.1,0,0.0026038,13.474,2.9068,60941,66518.0,6.503,298.03,489.56,1.0549,10.0,,35,,1.2131,0.19167,,,0.80449,0,,0,0,1,92,92,1,92.0,34782.0
44.2,60,100,57,0.0,49.756,174.22,0.0001,0,1.1,0,0.0028605,13.319,2.9412,60959,66545.0,6.5054,298.03,490.01,1.059,10.0,,35,,1.2484,0.19133,,,0.80765,0,,0,0,1,92,92,1,92.0,34445.0
44.4,60,100,57,0.0,48.118,175.82,0.0001,0,1.1,0,0.0027682,13.349,2.9771,60976,66572.0,6.5053,298.02,488.2,1.0632,10.0,,35,,1.2325,0.19147,,,0.81083,0,,0,0,1,92,92,1,92.0,35115.0
44.6,60,100,57,0.0,46.511,174.63,0.0001,0,1.1,0,0.0028187,13.287,3.0126,60993,66598.0,6.5014,298.02,486.68,1.0674,10.0,,35,,1.2457,0.19134,,,0.81403,0,,0,0,1,92,92,1,92.0,35616.0
44.8,60,100,57,0.0,46.475,173.62,0.0001,0,1.1,0,0.0027155,13.313,3.0493,61010,66625.0,6.4979,298.01,483.85,1.0715,10.0,,35,,1.2398,0.19138,,,0.81719,0,,0,0,1,92,92,1,92.0,35123.0
45.0,60,100,57,0.0,47.82,170.82,0.0001,0,1.1,0,0.0026439,13.329,3.0869,61028,66652.0,6.4985,298.0,482.15,1.0756,10.0,,35,,1.2287,0.19148,,,0.82029,0,,0,0,1,92,92,1,92.0,35801.0
45.2,60,100,57,0.0,48.937,169.05,0.0001,0,1.1,0,0.0025986,13.312,3.1253,61045,66679.0,6.4976,297.98,477.79,1.0796,10.0,,35,,1.2326,0.19144,,,0.82336,0,,0,0,1,92,92,1,92.0,35150.0
45.4,60,100,57,0.0,50.423,163.8,0.0001,0,1.1,0,0.0025564,13.285,3.1646,61063,66706.0,6.4975,297.98,477.27,1.0836,10.0,,35,,1.2444,0.19132,,,0.82641,0,,0,0,1,92,92,1,92.0,35503.0
45.6,60,100,57,0.0,51.951,162.7,0.0001,0,1.1,0,0.0025684,13.261,3.2037,61082,66734.0,6.4973,297.99,478.82,1.0876,10.0,,35,,1.2452,0.1913,,,0.82947,0,,0,0,1,92,92,1,92.0,36355.0
45.8,60,100,57,0.0,53.547,163.93,0.0001,0,1.1,0,0.0026198,13.205,3.2421,61100,66762.0,6.4988,297.99,478.25,1.0916,10.0,,35,,1.2564,0.19119,,,0.83258,0,,0,0,1,92,92,1,92.0,36370.0
46.0,60,100,57,0.0,54.553,162.76,0.0001,0,1.1,0,0.0025317,13.224,3.2815,61119,66790.0,6.501,297.98,475.71,1.0957,10.0,,35,,1.2477,0.19126,,,0.83566,0,,0,0,1,92,92,1,92.0,36557.0
46.2,60,100,57,0.0,54.657,159.18,0.0001,0,1.1,0,0.0025476,13.183,3.3212,61138,66818.0,6.5019,297.97,474.61,1.0997,10.0,,35,,1.2575,0.19116,,,0.83874,0,,0,0,1,92,92,1,92.0,35745.0
46.4,60,100,57,0.0,54.42,157.06,0.0001,0,1.1,0,0.002462,13.219,3.3616,61156,66846.0,6.5038,297.96,471.24,1.1036,10.0,,35,,1.2492,0.19123,,,0.84177,0,,0,0,1,92,92,1,92.0,36438.0
46.6,60,100,57,0.0,53.424,152.02,0.0001,0,1.1,0,0.0024016,13.242,3.4028,61175,66874.0,6.5042,297.95,469.34,1.1075,10.0,,35,,1.2337,0.19137,,,0.84473,0,,0,0,1,92,92,1,92.0,37133.0
46.8,60,100,57,0.0,52.285,148.37,0.0001,0,1.1,0,0.0023926,13.226,3.4441,61193,66902.0,6.5033,297.95,468.74,1.1113,10.0,,35,,1.2284,0.19141,,,0.84767,0,,0,0,1,92,92,1,92.0,36496.0
47.0,60,100,57,0.0,51.471,146.0,0.0001,0,1.1,0,0.0023882,13.189,3.4857,61211,66929.0,6.5012,297.95,468.89,1.1152,10.0,,35,,1.2435,0.19126,,,0.85061,0,,0,0,1,92,92,1,92.0,36527.0
47.2,60,100,57,0.0,51.532,144.42,0.0001,0,1.1,0,0.002418,13.136,3.5272,61229,66957.0,6.4982,297.95,468.45,1.119,10.0,,35,,1.2596,0.1911,,,0.85357,0,,0,0,1,92,92,1,92.0,38391.0
47.4,60,100,57,0.0,52.756,142.13,0.0001,0,1.1,0,0.002406,13.153,3.5689,61248,66984.0,6.4974,297.96,469.83,1.1229,10.0,,35,,1.2455,0.19123,,,0.85652,0,,0,0,1,92,92,1,92.0,37922.0
47.6,60,100,57,0.0,54.298,142.0,0.0001,0,1.1,0,0.0023701,13.147,3.6111,61267,67013.0,6.4976,297.97,473.72,1.1267,10.0,,35,,1.2443,0.19123,,,0.85944,0,,0,0,1,92,92,1,92.0,37290.0
47.8,60,100,57,0.0,55.779,145.01,0.0001,0,1.1,0,0.0023359,13.159,3.6533,61286,67041.0,6.5016,297.98,477.25,1.1305,10.0,,35,,1.2402,0.19126,,,0.86234,0,,0,0,1,92,92,1,92.0,37990.0
48.0,60,100,57,0.0,55.64,148.04,0.0001,0,1.1,0,0.0023303,13.132,3.6959,61305,67069.0,6.5059,297.99,478.6,1.1343,10.0,865.32,35,1712.7,1.2422,0.19124,3.5272,15.471,0.86522,0,49.931,0,0,1,92,92,1,92.0,39193.0
48.2,60,100,61,0.0,53.798,148.91,0.0001,0,1.1,0,0.0025078,12.994,3.7372,61324,67098.0,6.5082,298.0,482.07,1.1382,10.0,,35,,1.2724,0.19094,,,0.86822,0,,0,0,1,92,92,1,92.0,38056.0
48.4,60,100,61,0.0,51.061,152.57,0.0001,0,1.1,0,0.0025005,12.956,3.7786,61343,67126.0,6.5061,298.03,489.69,1.1422,10.0,,35,,1.289,0.19078,,,0.87128,0,,0,0,1,92,92,1,92.0,38252.0
48.6,60,100,61,0.0,49.162,161.6,0.0001,0,1.1,0,0.0025287,12.905,3.8197,61361,67155.0,6.4996,298.05,496.75,1.1462,10.0,,35,,1.2987,0.19068,,,0.87436,0,,0,0,1,92,92,1,92.0,39115.0
48.8,60,100,61,0.0,49.84,170.85,0.0001,0,1.1,0,0.0026073,12.847,3.8602,61380,67183.0,6.4944,298.07,502.28,1.1503,10.0,,35,,1.3115,0.19055,,,0.8775,0,,0,0,1,92,92,1,92.0,38307.0
49.0,60,100,61,0.0,52.584,179.2,0.0001,0,1.1,0,0.0025628,12.837,3.9015,61399,67212.0,6.4916,298.08,505.03,1.1544,10.0,,35,,1.3203,0.19046,,,0.88063,0,,0,0,1,92,92,1,92.0,38503.0
49.2,60,100,61,0.0,56.474,184.97,0.0001,0,1.1,0,0.0025678,12.814,3.9429,61419,67241.0,6.4913,298.09,506.82,1.1585,10.0,,35,,1.321,0.19044,,,0.88376,0,,0,0,1,92,92,1,92.0,40366.0
49.4,60,100,61,0.0,60.453,190.01,0.0001,0,1.1,0,0.0025503,12.823,3.9846,61439,67272.0,6.4942,298.09,507.2,1.1626,10.0,,35,,1.3118,0.19052,,,0.88689,0,,0,0,1,92,92,1,92.0,40231.0
49.6,60,100,61,0.0,63.295,193.63,0.0001,0,1.1,0,0.0026198,12.765,4.0256,61461,67303.0,6.4965,298.07,503.43,1.1667,10.0,,35,,1.3301,0.19034,,,0.89004,0,,0,0,1,92,92,1,92.0,40259.0
49.8,60,100,61,0.0,65.226,192.35,0.0001,0,1.1,0,0.0026753,12.727,4.0658,61482,67334.0,6.4996,298.05,497.36,1.1709,10.0,,35,,1.3319,0.19032,,,0.89323,0,,0,0,1,92,92,1,92.0,41284.0
50.0,60,100,61,0.0,65.92,187.93,0.0001,0,1.1,0,0.0026386,12.697,4.1068,61504,67366.0,6.5043,298.03,491.94,1.1751,10.0,,35,,1.3458,0.19018,,,0.89644,0,,0,0,1,92,92,1,92.0,40645.0
50.2,60,100,61,0.0,64.702,183.56,0.0001,500,1.1,0,0.0026145,13.95,4.1413,61626,67497.0,6.5051,297.91,455.05,1.1792,10.0,,35,,1.0326,0.19314,,,0.89962,0,,0,0,1,92,92,1,92.0,40314.0
50.4,60,100,61,0.0,63.198,55.069,236.1,500,1.1,0,0.0026141,13.978,4.176,61747,67628.0,6.5041,298.64,666.85,1.1834,10.0,,35,,0.9933,0.1935,,,0.90278,0,,0,0,1,92,92,1,92.0,40484.0
50.6,60,100,61,0.0,62.084,305.43,23.61,500,1.1,0,0.0025961,13.99,4.2106,61868,67759.0,6.504,298.47,617.76,1.1875,10.0,,35,,0.98755,0.19355,,,0.90595,0,,0,0,1,92,92,1,92.0,41987.0
50.8,60,100,61,0.0,61.011,265.38,2.361,500,1.1,0,0.0025824,14.007,4.2453,61988,67889.0,6.5062,298.28,561.81,1.1916,10.0,,35,,0.98557,0.19356,,,0.90911,0,,0,0,1,92,92,1,92.0,40824.0
51.0,60,100,61,0.0,59.026,217.71,0.2361,500,1.1,0,0.0025208,14.029,4.2809,62109,68019.0,6.5072,298.12,517.38,1.1957,10.0,,35,,0.97911,0.19361,,,0.91225,0,,0,0,1,92,92,1,92.0,40665.0
51.2,60,100,61,0.0,56.669,176.78,0.02361,500,1.1,0,0.0024317,14.087,4.3177,62228,68149.0,6.5081,298.0,480.42,1.1997,10.0,,35,,0.96985,0.19369,,,0.91533,0,,0,0,1,92,92,1,92.0,41679.0
51.4,60,100,61,0.0,53.941,138.78,0.002361,500,1.1,0,0.0024626,14.06,4.3544,62348,68278.0,6.5059,297.9,452.31,1.2038,10.0,,35,,0.98349,0.19355,,,0.9184,0,,0,0,1,92,92,1,92.0,42026.0
51.6,60,100,61,0.0,52.124,41.634,155.89,500,1.1,0,0.0024475,14.082,4.3913,62467,68407.0,6.5033,298.38,593.29,1.2078,10.0,,35,,0.98343,0.19354,,,0.92147,0,,0,0,1,92,92,1,92.0,41373.0
51.8,60,100,61,0.0,51.344,204.97,15.589,500,1.1,0,0.0025114,14.045,4.4273,62585,68535.0,6.5007,298.24,552.78,1.2118,10.0,,35,,0.99718,0.19341,,,0.92458,0,,0,0,1,92,92,1,92.0,42217.0
52.0,60,100,61,0.0,51.565,167.99,1.5589,500,1.1,0,0.002528,14.056,4.463,62704,68664.0,6.4993,298.1,509.92,1.2159,10.0,,35,,0.99723,0.1934,,,0.92771,0,,0,0,1,92,92,1,92.0,42892.0
52.2,60,100,65,0.0,52.349,127.8,0.15589,500,1.1,0,0.0027943,13.898,4.4952,62824,68794.0,6.4959,298.0,481.44,1.2203,10.0,,35,,1.0429,0.19296,,,0.93104,0,,0,0,1,92,92,1,92.0,41550.0
52.4,60,100,65,0.0,54.51,99.172,0.015589,500,1.1,0,0.0027323,13.92,4.5285,62944,68925.0,6.4944,297.94,462.61,1.2247,10.0,,35,,1.0511,0.19287,,,0.93443,0,,0,0,1,92,92,1,92.0,41713.0
52.6,60,100,65,0.0,57.266,29.752,106.66,500,1.1,0,0.0026799,13.959,4.5625,63065,69055.0,6.4935,298.28,564.18,1.2291,10.0,,35,,1.0507,0.19287,,,0.93778,0,,0,0,1,92,92,1,92.0,42046.0
52.8,60,100,65,0.0,60.367,146.57,10.666,500,1.1,0,0.0026527,14.01,4.5967,63186,69187.0,6.4964,298.2,540.75,1.2334,10.0,,35,,1.0263,0.19309,,,0.94111,0,,0,0,1,92,92,1,92.0,43547.0
53.0,60,100,65,0.0,62.326,127.23,1.0666,500,1.1,0,0.0025377,14.102,4.632,63308,69319.0,6.4999,298.11,514.62,1.2377,10.0,,35,,1.0013,0.19332,,,0.94437,0,,0,0,1,92,92,1,92.0,42220.0
53.2,60,100,65,0.0,62.9,104.99,0.10666,500,1.1,0,0.0025608,14.091,4.6671,63429,69451.0,6.5039,298.05,494.31,1.2419,10.0,,35,,1.0066,0.19326,,,0.94761,0,,0,0,1,92,92,1,92.0,42226.0
53.4,60,100,65,0.0,61.865,86.334,0.010666,500,1.1,0,0.0025616,14.09,4.7021,63551,69582.0,6.5069,297.99,478.77,1.2462,10.0,,35,,1.0137,0.19318,,,0.95087,0,,0,0,1,92,92,1,92.0,44231.0
53.6,60,100,65,0.0,59.647,70.555,0.0010666,500,1.1,0,0.0026143,14.053,4.7364,63672,69714.0,6.5079,297.97,470.55,1.2505,10.0,,35,,1.0287,0.19303,,,0.95417,0,,0,0,1,92,92,1,92.0,42566.0
53.8,60,100,65,0.0,57.01,61.181,0.00010666,500,1.1,0,0.0026394,14.041,4.7704,63793,69845.0,6.5085,297.95,465.65,1.2548,10.0,,35,,1.0375,0.19294,,,0.95752,0,,0,0,1,92,92,1,92.0,43232.0
54.0,60,100,65,0.0,54.136,18.354,69.298,500,1.1,0,0.0026554,14.035,4.8041,63913,69975.0,6.5073,298.19,537.15,1.2592,10.0,,35,,1.0409,0.1929,,,0.96089,0,,0,0,1,92,92,1,92.0,44731.0
54.2,60,100,65,0.0,51.741,98.996,6.9298,500,1.1,0,0.002573,14.085,4.8388,64032,70105.0,6.5038,298.15,526.87,1.2636,10.0,,35,,1.0379,0.19292,,,0.96422,0,,0,0,1,92,92,1,92.0,44401.0
54.4,60,100,65,0.0,50.729,92.445,0.69298,500,1.1,0,0.0026891,14.026,4.8722,64151,70234.0,6.5006,298.11,512.42,1.268,10.0,,35,,1.0619,0.19269,,,0.96758,0,,0,0,1,92,92,1,92.0,44565.0
54.6,60,100,65,0.0,51.024,81.891,0.069298,500,1.1,0,0.0026738,14.042,4.9057,64271,70364.0,6.4972,298.06,499.18,1.2724,10.0,,35,,1.0682,0.19262,,,0.97097,0,,0,0,1,92,92,1,92.0,44063.0
54.8,60,100,65,0.0,52.677,71.057,0.0069298,500,1.1,0,0.0026502,14.069,4.9396,64390,70494.0,6.4959,298.03,488.04,1.2768,10.0,,35,,1.0652,0.19264,,,0.97434,0,,0,0,1,92,92,1,92.0,44396.0
55.0,60,100,65,0.0,54.818,60.976,0.00069298,500,1.1,0,0.002653,14.065,4.9734,64511,70625.0,6.4947,298.0,479.51,1.2812,10.0,,35,,1.0771,0.19252,,,0.97772,0,,0,0,1,92,92,1,92.0,44728.0
55.2,60,100,65,0.0,57.442,52.459,0.0001,500,1.1,0,0.0026309,14.109,5.0073,64631,70756.0,6.4956,297.97,472.84,1.2856,10.0,,35,,1.0711,0.19257,,,0.98107,0,,0,0,1,92,92,1,92.0,44061.0
55.4,60,100,65,0.0,59.701,44.95,0.0001,500,1.1,0,0.0027332,14.06,5.0398,64752,70887.0,6.4985,297.96,469.8,1.29,10.0,,35,,1.0933,0.19235,,,0.98448,0,,0,0,1,92,92,1,92.0,45220.0
55.6,60,100,65,0.0,60.796,40.715,0.0001,500,1.1,0,0.0027248,14.058,5.0721,64874,71019.0,6.503,297.96,467.26,1.2946,10.0,,35,,1.1004,0.19227,,,0.98793,0,,0,0,1,92,92,1,92.0,44879.0
55.8,60,100,65,0.0,60.116,36.588,0.0001,500,1.1,0,0.0027482,14.061,5.104,64995,71151.0,6.5074,297.95,466.31,1.2991,10.0,,35,,1.1063,0.19221,,,0.99141,0,,0,0,1,92,92,1,92.0,45035.0
56.0,60,100,65,0.0,57.677,33.951,0.0001,500,1.1,0,0.0027918,14.039,5.1353,65115,71282.0,6.5094,297.96,467.51,1.3037,10.0,,35,,1.1218,0.19205,,,0.99491,0,,0,0,1,92,92,1,92.0,45189.0
56.2,60,100,72,0.0,54.433,33.58,0.0001,500,1.1,0,0.0030238,13.944,5.1629,65237,71414.0,6.5084,297.97,470.72,1.3084,10.0,,34,,1.1567,0.19171,,,0.99857,0,,0,0,1,92,92,1,92.0,44657.0
56.4,60,100,72,0.0,51.604,35.573,0.0001,500,1.1,0,0.0029286,13.969,5.1918,65357,71545.0,6.5049,297.98,473.47,1.3133,10.0,,34,,1.1669,0.19161,,,1.0023,0,,0,0,1,92,92,1,92.0,45132.0
56.6,60,100,72,0.0,50.164,37.378,0.0001,500,1.1,0,0.0028641,13.991,5.2219,65478,71677.0,6.5002,297.98,475.19,1.318,10.0,,34,,1.1688,0.19158,,,1.0059,0,,0,0,1,92,92,1,92.0,45947.0
56.8,60,100,72,0.0,50.589,38.378,0.0001,500,1.1,0,0.0028019,14.062,5.2528,65598,71808.0,6.4957,297.99,476.0,1.3227,10.0,,34,,1.1465,0.19178,,,1.0095,0,,0,0,1,92,92,1,92.0,45598.0
57.0,60,100,72,0.0,52.826,38.587,0.0001,500,1.1,0,0.002794,14.07,5.2837,65719,71940.0,6.4927,297.99,476.71,1.3274,10.0,,34,,1.1496,0.19174,,,1.0131,0,,0,0,1,92,92,1,92.0,45916.0
57.2,60,100,72,0.0,56.244,38.798,0.0001,500,1.1,0,0.0027372,14.112,5.3155,65841,72072.0,6.4931,297.99,476.72,1.332,10.0,,34,,1.1384,0.19184,,,1.0166,0,,0,0,1,92,92,1,92.0,46072.0
57.4,60,100,72,0.0,59.508,38.317,0.0001,500,1.1,0,0.0027606,14.114,5.3468,65963,72205.0,6.495,297.99,477.3,1.3366,10.0,,34,,1.1442,0.19177,,,1.0202,0,,0,0,1,92,92,1,92.0,46226.0
57.6,60,100,72,0.0,62.026,38.485,0.0001,500,1.1,0,0.0027965,14.105,5.3773,66086,72338.0,6.497,297.99,478.58,1.3413,10.0,,34,,1.1537,0.19168,,,1.0237,0,,0,0,1,92,92,1,92.0,45875.0
57.8,60,100,72,0.0,63.762,39.493,0.0001,500,1.1,0,0.0028021,14.082,5.4076,66209,72472.0,6.4999,298.0,480.54,1.3461,10.0,,34,,1.1657,0.19155,,,1.0274,0,,0,0,1,92,92,1,92.0,46857.0
58.0,60,100,72,0.0,64.33,41.396,0.0001,500,1.1,0,0.0027795,14.088,5.4381,66333,72606.0,6.5028,298.0,481.47,1.3508,10.0,,34,,1.1794,0.19141,,,1.031,0,,0,0,1,92,92,1,92.0,46673.0
58.2,60,100,72,0.0,63.723,42.362,0.0001,500,1.1,0,0.0028372,14.061,5.4678,66456,72740.0,6.504,298.01,483.29,1.3556,10.0,,34,,1.1959,0.19125,,,1.0347,0,,0,0,1,92,92,1,92.0,46819.0
58.4,60,100,72,0.0,62.646,44.456,0.0001,500,1.1,0,0.0027351,14.095,5.4994,66579,72874.0,6.5039,298.01,483.57,1.3604,10.0,,34,,1.2018,0.19118,,,1.0384,0,,0,0,1,92,92,1,92.0,46640.0
58.6,60,100,72,0.0,61.612,45.05,0.0001,500,1.1,0,0.0027401,14.091,5.531,66701,73008.0,6.5007,298.01,483.6,1.3652,10.0,,34,,1.2149,0.19105,,,1.042,0,,0,0,1,92,92,1,92.0,47129.0
58.8,60,100,72,0.0,61.857,45.422,0.0001,500,1.1,0,0.0027496,14.1,5.5621,66824,73141.0,6.4973,298.01,482.95,1.3699,10.0,,34,,1.2241,0.19095,,,1.0457,0,,0,0,1,92,92,1,92.0,48282.0
59.0,60,100,72,0.0,63.478,45.065,0.0001,500,1.1,0,0.0027545,14.113,5.5936,66947,73275.0,6.4943,298.01,482.86,1.3747,10.0,,34,,1.2232,0.19095,,,1.0493,0,,0,0,1,92,92,1,92.0,47102.0
59.2,60,100,72,0.0,66.269,45.257,0.0001,500,1.1,0,0.0026244,14.175,5.6269,67071,73409.0,6.4947,298.01,482.47,1.3793,10.0,,34,,1.217,0.191,,,1.0529,0,,0,0,1,92,92,1,92.0,47766.0
59.4,60,100,72,0.0,68.881,45.1,0.0001,500,1.1,0,0.0025096,14.24,5.6619,67195,73544.0,6.4953,298.0,480.37,1.3839,10.0,,34,,1.2049,0.19111,,,1.0564,0,,0,0,1,92,92,1,92.0,47271.0
59.6,60,100,72,0.0,71.266,43.034,0.0001,500,1.1,0,0.0025274,14.234,5.6968,67319,73680.0,6.4975,298.0,479.08,1.3884,10.0,,34,,1.2129,0.19102,,,1.0599,0,,0,0,1,92,92,1,92.0,47775.0
59.8,60,100,72,0.0,72.766,41.647,0.0001,500,1.1,0,0.0025316,14.254,5.7316,67444,73815.0,6.4991,297.99,477.86,1.393,10.0,,34,,1.2067,0.19107,,,1.0633,0,,0,0,1,92,92,1,92.0,48612.0
60.0,60,100,72,0.0,73.63,40.165,0.0001,500,1.1,0,0.0024582,14.319,5.7673,67569,73951.0,6.5017,297.98,475.7,1.3974,10.0,1295.8,34,1745.8,1.1938,0.19119,5.6269,17.521,1.0668,0,41.476,0,0,1,92,92,1,92.0,48121.0
60.2,60,100,76,0.0,73.476,37.517,0.0001,500,1.1,0,0.0024999,14.334,5.8026,67695,74087.0,6.5042,297.98,474.77,1.4019,10.0,,33,,1.186,0.19125,,,1.0702,0,,0,0,1,92,92,1,92.0,48461.0
60.4,60,100,76,0.0,72.318,35.973,0.0001,500,1.1,0,0.002446,14.374,5.8386,67820,74223.0,6.5062,297.98,472.97,1.4064,10.0,,33,,1.1808,0.19129,,,1.0736,0,,0,0,1,92,92,1,92.0,49470.0
60.6,60,100,76,0.0,70.379,33.354,0.0001,500,1.1,0,0.0023905,14.398,5.8749,67945,74359.0,6.5075,297.97,471.33,1.4108,10.0,,33,,1.1849,0.19125,,,1.077,0,,0,0,1,92,92,1,92.0,49648.0
60.8,60,100,76,0.0,67.907,30.723,0.0001,500,1.1,0,0.0023303,14.44,5.9118,68070,74494.0,6.5069,297.97,469.95,1.4151,10.0,,33,,1.1767,0.19132,,,1.0803,0,,0,0,1,92,92,1,92.0,49663.0
61.0,60,100,76,0.0,65.657,28.171,0.0001,500,1.1,0,0.0023442,14.423,5.9485,68194,74629.0,6.5049,297.97,470.01,1.4195,10.0,,33,,1.1887,0.19119,,,1.0836,0,,0,0,1,92,92,1,92.0,49842.0
61.2,60,100,76,0.0,64.207,27.008,0.0001,500,1.1,0,0.0022848,14.468,5.9855,68318,74764.0,6.5031,297.97,469.68,1.4238,10.0,,33,,1.185,0.19122,,,1.0869,0,,0,0,1,92,92,1,92.0,49524.0
61.4,60,100,76,0.0,63.494,25.399,0.0001,500,1.1,0,0.0023077,14.463,6.0225,68442,74898.0,6.4999,297.97,470.8,1.4281,10.0,,33,,1.1883,0.19118,,,1.0902,0,,0,0,1,92,92,1,92.0,48872.0
61.6,60,100,76,0.0,64.049,25.324,0.0001,500,1.1,0,0.0022309,14.5,6.0606,68565,75032.0,6.4966,297.97,470.91,1.4323,10.0,,33,,1.1917,0.19114,,,1.0935,0,,0,0,1,92,92,1,92.0,51059.0
61.8,60,100,76,0.0,65.937,24.259,0.0001,500,1.1,0,0.0023102,14.448,6.0983,68690,75167.0,6.4937,297.97,472.62,1.4366,10.0,,33,,1.2186,0.19088,,,1.0968,0,,0,0,1,92,92,1,92.0,50410.0
62.0,60,100,76,0.0,68.972,24.938,0.0001,500,1.1,0,0.002277,14.488,6.1365,68814,75303.0,6.4944,297.98,473.31,1.4409,10.0,,33,,1.2159,0.19089,,,1.1001,0,,0,0,1,92,92,1,92.0,49931.0
62.2,60,100,76,0.0,71.734,24.687,0.0001,500,1.1,0,0.002335,14.441,6.1744,68940,75439.0,6.4954,297.98,475.21,1.4453,10.0,,33,,1.2485,0.19058,,,1.1035,0,,0,0,1,92,92,1,92.0,51117.0
62.4,60,100,76,0.0,74.078,25.824,0.0001,500,1.1,0,0.0023424,14.455,6.2123,69065,75575.0,6.4968,297.99,476.34,1.4497,10.0,,33,,1.2552,0.19051,,,1.1068,0,,0,0,1,92,92,1,92.0,50969.0
62.6,60,100,76,0.0,75.873,26.335,0.0001,500,1.1,0,0.0022718,14.53,6.2504,69191,75712.0,6.5004,297.99,476.34,1.454,10.0,,33,,1.2382,0.19066,,,1.1101,0,,0,0,1,92,92,1,92.0,50656.0
62.8,60,100,76,0.0,76.23,25.797,0.0001,500,1.1,0,0.0022422,14.57,6.2884,69318,75849.0,6.5036,297.99,475.96,1.4583,10.0,,33,,1.2318,0.19071,,,1.1134,0,,0,0,1,92,92,1,92.0,51510.0
63.0,60,100,76,0.0,75.326,24.873,0.0001,500,1.1,0,0.0022026,14.618,6.327,69443,75985.0,6.5073,297.98,475.56,1.4625,10.0,,33,,1.2157,0.19085,,,1.1166,0,,0,0,1,92,92,1,92.0,51865.0
63.2,60,100,76,0.0,72.93,23.897,0.0001,500,1.1,0,0.0021422,14.675,6.366,69569,76121.0,6.5104,297.98,473.76,1.4666,10.0,,33,,1.2009,0.19099,,,1.1198,0,,0,0,1,92,92,1,92.0,51390.0
63.4,60,100,76,0.0,69.31,21.408,0.0001,500,1.1,0,0.002142,14.663,6.405,69694,76257.0,6.5122,297.98,473.09,1.4706,10.0,,33,,1.2149,0.19085,,,1.1229,0,,0,0,1,92,92,1,92.0,50914.0
63.6,60,100,76,0.0,64.945,19.921,0.0001,500,1.1,0,0.0021276,14.685,6.4442,69818,76391.0,6.5124,297.98,473.09,1.4747,10.0,,33,,1.2171,0.19082,,,1.126,0,,0,0,1,92,92,1,92.0,52773.0
63.8,60,100,76,0.0,60.496,19.047,0.0001,500,1.1,0,0.0021107,14.708,6.4835,69940,76524.0,6.5085,297.98,473.71,1.4787,10.0,,33,,1.2079,0.1909,,,1.1291,0,,0,0,1,92,92,1,92.0,52299.0
64.0,60,100,76,0.0,57.63,18.814,0.0001,500,1.1,0,0.0021267,14.684,6.5226,70063,76657.0,6.5034,297.98,475.14,1.4828,10.0,,33,,1.2286,0.19069,,,1.1322,0,,0,0,1,92,92,1,92.0,52157.0
64.2,60,100,80,0.0,56.777,19.473,0.0001,500,1.1,0,0.0022144,14.64,6.5611,70186,76791.0,6.4989,297.99,478.13,1.487,10.0,,32,,1.2526,0.19046,,,1.1354,0,,0,0,1,92,92,1,92.0,53180.0
64.4,60,100,80,0.0,57.716,21.914,0.0001,500,1.1,0,0.0022081,14.656,6.5994,70309,76925.0,6.4945,298.0,480.4,1.4912,10.0,,32,,1.2579,0.1904,,,1.1387,0,,0,0,1,92,92,1,92.0,52534.0
64.6,60,100,80,0.0,60.447,23.91,0.0001,500,1.1,0,0.0021658,14.689,6.6383,70433,77059.0,6.4932,298.0,481.28,1.4954,10.0,,32,,1.2579,0.19039,,,1.1419,0,,0,0,1,92,92,1,92.0,52392.0
64.8,60,100,80,0.0,63.691,24.711,0.0001,500,1.1,0,0.0021828,14.689,6.6767,70557,77194.0,6.4943,298.0,482.01,1.4996,10.0,,32,,1.2698,0.19027,,,1.1451,0,,0,0,1,92,92,1,92.0,52747.0
65.0,60,100,80,0.0,66.491,25.492,0.0001,500,1.1,0,0.0021902,14.694,6.7151,70682,77330.0,6.4947,298.0,482.26,1.5039,10.0,,32,,1.2796,0.19017,,,1.1484,0,,0,0,1,92,92,1,92.0,52601.0
65.2,60,100,80,0.0,69.149,25.862,0.0001,500,1.1,0,0.0021626,14.725,6.7537,70807,77466.0,6.498,298.0,482.03,1.5081,10.0,,32,,1.2755,0.1902,,,1.1516,0,,0,0,1,92,92,1,92.0,52791.0
65.4,60,100,80,0.0,70.449,25.774,0.0001,500,1.1,0,0.0021857,14.718,6.792,70933,77602.0,6.5011,298.01,482.61,1.5124,10.0,,32,,1.2855,0.1901,,,1.1549,0,,0,0,1,92,92,1,92.0,53645.0
65.6,60,100,80,0.0,70.525,26.504,0.0001,500,1.1,0,0.0021862,14.71,6.8302,71059,77739.0,6.5034,298.01,483.59,1.5166,10.0,,32,,1.303,0.18992,,,1.1582,0,,0,0,1,92,92,1,92.0,54499.0
65.8,60,100,80,0.0,69.684,27.696,0.0001,500,1.1,0,0.0021203,14.785,6.869,71184,77875.0,6.5055,298.01,483.2,1.5209,10.0,,32,,1.2798,0.19014,,,1.1614,0,,0,0,1,92,92,1,92.0,54356.0
66.0,60,100,80,0.0,68.007,27.57,0.0001,500,1.1,0,0.0020952,14.803,6.9079,71309,78011.0,6.5059,298.0,482.52,1.5251,10.0,,32,,1.2809,0.19012,,,1.1646,0,,0,0,1,92,92,1,92.0,54214.0
66.2,60,100,80,0.0,66.158,27.144,0.0001,500,1.1,0,0.0021043,14.803,6.9465,71434,78147.0,6.504,298.0,482.03,1.5292,10.0,,32,,1.288,0.19004,,,1.1678,0,,0,0,1,92,92,1,92.0,53903.0
66.4,60,100,80,0.0,65.089,26.838,0.0001,500,1.1,0,0.0020972,14.816,6.9851,71558,78282.0,6.5022,298.0,481.5,1.5334,10.0,,32,,1.2961,0.18996,,,1.171,0,,0,0,1,92,92,1,92.0,53925.0
66.6,60,100,80,0.0,64.728,26.433,0.0001,500,1.1,0,0.0020298,14.877,7.0236,71683,78417.0,6.5024,297.99,478.59,1.5375,10.0,,32,,1.2888,0.19002,,,1.1742,0,,0,0,1,92,92,1,92.0,54281.0
66.8,60,100,80,0.0,64.271,23.527,0.0001,500,1.1,0,0.0020439,14.868,7.0619,71807,78552.0,6.5023,297.99,476.45,1.5416,10.0,,32,,1.3055,0.18985,,,1.1773,0,,0,0,1,92,92,1,92.0,55468.0
67.0,60,100,80,0.0,63.86,21.156,0.0001,500,1.1,0,0.0020889,14.861,7.1002,71931,78687.0,6.5017,297.99,475.92,1.5457,10.0,,32,,1.314,0.18976,,,1.1805,0,,0,0,1,92,92,1,92.0,55323.0
67.2,60,100,80,0.0,63.705,20.169,0.0001,500,1.1,0,0.0020472,14.887,7.1385,72056,78822.0,6.5016,297.98,475.16,1.5498,10.0,,32,,1.3169,0.18973,,,1.1836,0,,0,0,1,92,92,1,92.0,55177.0
67.4,60,100,80,0.0,63.57,18.848,0.0001,500,1.1,0,0.0020768,14.867,7.177,72180,78957.0,6.5005,297.98,475.15,1.5539,10.0,,32,,1.3372,0.18953,,,1.1868,0,,0,0,1,92,92,1,92.0,55200.0
67.6,60,100,80,0.0,63.913,18.221,0.0001,500,1.1,0,0.0020464,14.884,7.2162,72304,79092.0,6.4996,297.98,474.79,1.5581,10.0,,32,,1.3445,0.18945,,,1.1899,0,,0,0,1,92,92,1,92.0,56059.0
67.8,60,100,80,0.0,64.603,17.22,0.0001,500,1.1,0,0.0019809,14.922,7.2556,72428,79227.0,6.5011,297.98,472.96,1.5621,10.0,,32,,1.3504,0.18939,,,1.1931,0,,0,0,1,92,92,1,92.0,56419.0
68.0,60,100,80,0.0,64.661,14.694,0.0001,500,1.1,0,0.0019211,14.993,7.2949,72553,79362.0,6.5032,297.97,471.02,1.5661,10.0,,32,,1.3288,0.18958,,,1.1961,0,,0,0,1,92,92,1,92.0,55278.0
68.2,60,100,84,0.0,63.919,11.89,0.0001,500,1.1,0,0.0019564,14.996,7.3338,72678,79497.0,6.5038,297.97,470.89,1.57,10.0,,31,,1.3318,0.18955,,,1.1991,0,,0,0,1,92,92,1,92.0,56135.0
68.4,60,100,84,0.0,62.928,10.712,0.0001,500,1.1,0,0.0019896,14.954,7.373,72802,79633.0,6.5024,297.98,472.55,1.5741,10.0,,31,,1.3608,0.18927,,,1.2023,0,,0,0,1,92,92,1,92.0,57161.0
68.6,60,100,84,0.0,62.476,11.287,0.0001,500,1.1,0,0.0019163,15.008,7.4124,72927,79768.0,6.5026,297.98,472.61,1.5781,10.0,,31,,1.3588,0.18928,,,1.2053,0,,0,0,1,92,92,1,92.0,57020.0
68.8,60,100,84,0.0,61.955,10.38,0.0001,500,1.1,0,0.001922,15.009,7.4518,73052,79904.0,6.5023,297.98,473.14,1.5821,10.0,,31,,1.3674,0.18919,,,1.2084,0,,0,0,1,92,92,1,92.0,57214.0
69.0,60,100,84,0.0,61.555,9.9981,0.0001,500,1.1,0,0.0019035,15.03,7.4911,73176,80039.0,6.5009,297.98,473.72,1.5861,10.0,,31,,1.37,0.18916,,,1.2115,0,,0,0,1,92,92,1,92.0,56240.0
69.2,60,100,84,0.0,61.701,9.7047,0.0001,500,1.1,0,0.0019175,15.025,7.5306,73301,80174.0,6.4999,297.98,474.63,1.5901,10.0,,31,,1.3851,0.189,,,1.2145,0,,0,0,1,92,92,1,92.0,57267.0
69.4,60,100,84,0.0,62.271,9.8039,0.0001,500,1.1,0,0.0018777,15.071,7.57,73425,80309.0,6.4985,297.98,474.57,1.594,10.0,,31,,1.3786,0.18906,,,1.2176,0,,0,0,1,92,92,1,92.0,56627.0
69.6,60,100,84,0.0,63.391,9.0301,0.0001,500,1.1,0,0.0018967,15.067,7.6095,73550,80445.0,6.4976,297.98,475.08,1.598,10.0,,31,,1.3903,0.18894,,,1.2206,0,,0,0,1,92,92,1,92.0,57320.0
69.8,60,100,84,0.0,64.856,8.8349,0.0001,500,1.1,0,0.0019241,15.066,7.6488,73675,80581.0,6.4986,297.99,475.94,1.602,10.0,,31,,1.4016,0.18883,,,1.2237,0,,0,0,1,92,92,1,92.0,57513.0
70.0,60,100,84,0.0,65.949,9.0333,0.0001,500,1.1,0,0.0019486,15.07,7.6879,73800,80717.0,6.4985,297.99,477.58,1.6061,10.0,,31,,1.4028,0.18881,,,1.2268,0,,0,0,1,92,92,1,92.0,58038.0
70.2,60,100,84,0.0,67.053,10.083,0.0001,500,1.1,0,0.0019273,15.11,7.7268,73926,80853.0,6.499,297.99,478.05,1.6101,10.0,,31,,1.3948,0.18887,,,1.2299,0,,0,0,1,92,92,1,92.0,57729.0
70.4,60,100,84,0.0,67.956,10.135,0.0001,500,1.1,0,0.0018415,15.178,7.7655,74051,80989.0,6.5002,297.99,476.55,1.6141,10.0,,31,,1.3825,0.18898,,,1.233,0,,0,0,1,92,92,1,92.0,58419.0
70.6,60,100,84,0.0,68.398,8.3108,0.0001,500,1.1,0,0.0018043,15.226,7.8042,74177,81126.0,6.5009,297.98,474.53,1.618,10.0,,31,,1.3716,0.18908,,,1.2359,0,,0,0,1,92,92,1,92.0,58775.0
70.8,60,100,84,0.0,68.553,5.8634,0.0001,500,1.1,0,0.0018258,15.228,7.8431,74303,81262.0,6.5015,297.98,473.97,1.6219,10.0,,31,,1.3767,0.18902,,,1.2389,0,,0,0,1,92,92,1,92.0,59132.0
71.0,60,100,84,0.0,68.476,4.6454,0.0001,500,1.1,0,0.0018413,15.23,7.8822,74429,81399.0,6.5007,297.98,473.98,1.6258,10.0,,31,,1.3884,0.1889,,,1.2419,0,,0,0,1,92,92,1,92.0,58157.0
71.2,60,100,84,0.0,68.709,3.9043,0.0001,500,1.1,0,0.0018454,15.234,7.9218,74554,81535.0,6.5007,297.98,474.71,1.6297,10.0,,31,,1.3964,0.18882,,,1.2449,0,,0,0,1,92,92,1,92.0,59018.0
71.4,60,100,84,0.0,68.931,3.8487,0.0001,500,1.1,0,0.0019068,15.209,7.9612,74680,81672.0,6.4996,297.99,477.04,1.6337,10.0,,31,,1.4132,0.18865,,,1.248,0,,0,0,1,92,92,1,92.0,58711.0
71.6,60,100,84,0.0,69.612,5.4373,0.0001,500,1.1,0,0.0018937,15.216,8.0002,74806,81809.0,6.4992,297.99,478.23,1.6377,10.0,,31,,1.4327,0.18846,,,1.2511,0,,0,0,1,92,92,1,92.0,60569.0
71.8,60,100,84,0.0,70.432,6.1171,0.0001,500,1.1,0,0.0019004,15.238,8.0393,74932,81946.0,6.4976,297.99,479.06,1.6418,10.0,,31,,1.4347,0.18843,,,1.2542,0,,0,0,1,92,92,1,92.0,59928.0
72.0,60,100,84,0.0,71.919,6.5937,0.0001,500,1.1,0,0.0018661,15.275,8.0785,75059,82083.0,6.4956,297.99,479.16,1.6458,10.0,1548.8,31,1693.5,1.4302,0.18847,7.9218,18.712,1.2573,0,26.203,0,0,1,92,92,1,92.0,60286.0
72.2,60,100,90,0.0,74.189,6.4444,0.0001,500,1.1,0,0.0020156,15.225,8.1179,75187,82222.0,6.4928,298.0,481.95,1.6499,10.0,,30,,1.4565,0.18821,,,1.2604,0,,0,0,1,92,92,1,92.0,61146.0
72.4,60,100,90,0.0,77.577,8.9498,0.0001,500,1.1,0,0.0019853,15.268,8.1575,75315,82362.0,6.4907,298.01,483.02,1.6541,10.0,,30,,1.4515,0.18825,,,1.2636,0,,0,0,1,92,92,1,92.0,60507.0
72.6,60,100,90,0.0,81.825,10.017,0.0001,500,1.1,0,0.0019984,15.276,8.1971,75445,82503.0,6.4877,298.01,483.66,1.6583,10.0,,30,,1.4585,0.18818,,,1.2669,0,,0,0,1,92,92,1,92.0,60035.0
72.8,60,100,90,0.0,87.265,10.812,0.0001,500,1.1,0,0.0019771,15.302,8.2367,75575,82644.0,6.4857,298.01,483.49,1.6625,10.0,,30,,1.4621,0.18813,,,1.2701,0,,0,0,1,92,92,1,92.0,61229.0
73.0,60,100,90,0.0,93.521,10.893,0.0001,500,1.1,0,0.0020193,15.298,8.2762,75707,82787.0,6.4885,298.01,483.62,1.6667,10.0,,30,,1.4787,0.18797,,,1.2733,0,,0,0,1,92,92,1,92.0,61256.0
73.2,60,100,90,0.0,98.611,11.271,0.0001,500,1.1,0,0.0019769,15.351,8.3155,75840,82931.0,6.4929,298.0,482.36,1.6709,10.0,,30,,1.4709,0.18803,,,1.2766,0,,0,0,1,92,92,1,92.0,61782.0
73.4,60,100,90,0.0,101.95,10.308,0.0001,500,1.1,0,0.0019363,15.402,8.3548,75973,83076.0,6.4996,298.0,480.13,1.6751,10.0,,30,,1.4635,0.1881,,,1.2798,0,,0,0,1,92,92,1,92.0,60808.0
73.6,60,100,90,0.0,102.64,8.3065,0.0001,500,1.1,0,0.0018889,15.444,8.3938,76107,83220.0,6.5055,297.99,477.48,1.6791,10.0,,30,,1.4625,0.1881,,,1.2829,0,,0,0,1,92,92,1,92.0,62499.0
73.8,60,100,90,0.0,100.97,5.6976,0.0001,500,1.1,0,0.0018406,15.486,8.4325,76240,83365.0,6.5102,297.98,474.6,1.6831,10.0,,30,,1.4595,0.18812,,,1.2859,0,,0,0,1,92,92,1,92.0,61855.0
74.0,60,100,90,0.0,97.424,2.6051,0.0001,500,1.1,0,0.001861,15.473,8.4714,76373,83508.0,6.513,297.98,473.53,1.687,10.0,,30,,1.4784,0.18793,,,1.289,0,,0,0,1,92,92,1,92.0,61546.0
74.2,60,100,90,0.0,92.742,0.95092,0.0001,500,1.1,0,0.0018043,15.51,8.5098,76505,83651.0,6.5155,297.97,472.03,1.691,10.0,,30,,1.4806,0.1879,,,1.292,0,,0,0,1,92,92,1,92.0,62068.0
74.4,60,100,90,0.0,87.068,0.0001,0.0001,500,1.1,0,0.0018076,15.512,8.5483,76635,83792.0,6.5164,297.97,471.35,1.6949,10.0,,30,,1.4908,0.1878,,,1.295,0,,0,0,1,92,92,1,92.0,63257.0
74.6,60,100,90,0.0,81.014,0.0001,0.0001,500,1.1,0,0.0017838,15.528,8.5867,76764,83932.0,6.5152,297.97,470.42,1.6987,10.0,,30,,1.4999,0.18771,,,1.2979,0,,0,0,1,92,92,1,92.0,62445.0
74.8,60,100,90,0.0,75.446,0.0001,0.0001,500,1.1,0,0.0017795,15.545,8.6251,76892,84071.0,6.5095,297.97,470.09,1.7026,10.0,,30,,1.4991,0.18771,,,1.3009,0,,0,0,1,92,92,1,92.0,62300.0
75.0,60,100,90,0.0,72.163,0.0001,0.0001,500,1.1,0,0.0017693,15.579,8.6635,77020,84209.0,6.5027,297.97,469.43,1.7065,10.0,,30,,1.4935,0.18775,,,1.3039,0,,0,0,1,92,92,1,92.0,62322.0
75.2,60,100,90,0.0,71.616,0.0001,0.0001,100,1.1,0,0.0017759,14.863,8.711,77067,84267.0,6.4988,298.05,499.5,1.7103,10.0,,30,,1.7659,0.18515,,,1.3068,0,,0,0,1,92,92,1,92.0,63383.0
75.4,60,100,90,0.0,72.62,27.353,0.0001,100,1.1,0,0.0017791,14.846,8.7587,77115,84326.0,6.496,298.11,522.21,1.7141,10.0,,30,,1.8085,0.18473,,,1.3098,0,,0,0,1,92,92,1,92.0,62945.0
75.6,60,100,90,0.0,74.722,50.18,0.0001,100,1.1,0,0.0017581,14.852,8.8065,77162,84384.0,6.4964,298.16,538.63,1.718,10.0,,30,,1.8103,0.18471,,,1.3127,0,,0,0,1,92,92,1,92.0,63841.0
75.8,60,100,90,0.0,76.656,69.511,0.0001,100,1.1,0,0.0017121,14.874,8.8542,77211,84443.0,6.4969,298.18,547.18,1.7217,10.0,,30,,1.7956,0.18484,,,1.3156,0,,0,0,1,92,92,1,92.0,64070.0
76.0,60,100,90,0.0,78.427,83.195,0.0001,100,1.1,0,0.0017284,14.85,8.902,77259,84503.0,6.4972,298.2,552.67,1.7254,10.0,,30,,1.7987,0.18481,,,1.3184,0,,0,0,1,92,92,1,92.0,63632.0
76.2,60,100,116,0.0,80.054,95.018,0.0001,100,1.1,0,0.0023455,14.483,8.9485,77313,84569.0,6.4921,298.24,567.88,1.7298,10.0,,29,,1.9402,0.18344,,,1.3218,0,,0,0,1,92,92,1,92.0,63355.0
76.4,60,100,116,0.0,83.749,116.67,0.0001,100,1.1,0,0.0023124,14.488,8.9953,77368,84636.0,6.4905,298.26,574.35,1.7346,10.0,,29,,1.9567,0.18328,,,1.3255,0,,0,0,1,92,92,1,92.0,64080.0
76.6,60,100,116,0.0,88.069,131.41,0.0001,100,1.1,0,0.0023248,14.466,9.042,77424,84703.0,6.4893,298.26,574.11,1.7394,10.0,,29,,1.965,0.18319,,,1.3292,0,,0,0,1,92,92,1,92.0,64303.0
76.8,60,100,116,0.0,92.874,140.65,0.0001,100,1.1,0,0.0023257,14.45,9.0885,77480,84772.0,6.4904,298.24,568.93,1.7443,10.0,,29,,1.9712,0.18312,,,1.3329,0,,0,0,1,92,92,1,92.0,65526.0
77.0,60,100,116,0.0,97.245,145.33,0.0001,100,1.1,0,0.0023123,14.447,9.1347,77538,84842.0,6.4923,298.23,563.4,1.7491,10.0,,29,,1.9724,0.1831,,,1.3366,0,,0,0,1,92,92,1,92.0,64748.0
77.2,60,100,116,0.0,100.85,149.25,0.0001,100,1.1,0,0.0023162,14.433,9.1805,77596,84912.0,6.4953,298.2,555.07,1.7539,10.0,,29,,1.9716,0.1831,,,1.3403,0,,0,0,1,92,92,1,92.0,65301.0
77.4,60,100,116,0.0,103.23,149.99,0.0001,100,1.1,0,0.0023721,14.373,9.2259,77655,84983.0,6.498,298.18,545.07,1.7588,10.0,,29,,1.9951,0.18286,,,1.3441,0,,0,0,1,92,92,1,92.0,64852.0
77.6,60,100,116,0.0,104.57,148.35,0.0001,100,1.1,0,0.0023682,14.357,9.2716,77714,85054.0,6.5015,298.14,531.73,1.7637,10.0,,29,,2.0015,0.18279,,,1.3479,0,,0,0,1,92,92,1,92.0,65737.0
77.8,60,100,116,0.0,104.5,142.6,0.0001,100,1.1,0,0.0023723,14.324,9.3169,77773,85125.0,6.5043,298.1,518.8,1.7687,10.0,,29,,2.0162,0.18264,,,1.3517,0,,0,0,1,92,92,1,92.0,65121.0
78.0,60,100,116,0.0,103.29,135.94,0.0001,100,1.1,0,0.002386,14.267,9.3621,77832,85196.0,6.507,298.06,503.59,1.7737,10.0,,29,,2.0481,0.18233,,,1.3555,0,,0,0,1,92,92,1,92.0,66671.0
78.2,60,100,116,0.0,101.0,125.82,0.0001,100,1.1,0,0.0023395,14.264,9.4081,77890,85267.0,6.5081,298.03,493.22,1.7786,10.0,,29,,2.0534,0.18227,,,1.3593,0,,0,0,1,92,92,1,92.0,66058.0
78.4,60,100,116,0.0,98.299,118.74,0.0001,100,1.1,0,0.0023996,14.184,9.4537,77948,85337.0,6.5061,298.02,488.13,1.7836,10.0,,29,,2.0877,0.18193,,,1.3631,0,,0,0,1,92,92,1,92.0,65943.0
78.6,60,100,116,0.0,96.376,115.48,0.0001,100,1.1,0,0.0023225,14.193,9.5,78005,85407.0,6.5045,298.01,482.41,1.7886,10.0,,29,,2.0875,0.18192,,,1.367,0,,0,0,1,92,92,1,92.0,66331.0
78.8,60,100,116,0.0,95.098,111.0,0.0001,100,1.1,0,0.0024348,14.104,9.5454,78062,85476.0,6.5019,298.0,480.27,1.7936,10.0,,29,,2.1166,0.18163,,,1.3708,0,,0,0,1,92,92,1,92.0,66883.0
79.0,60,100,116,0.0,94.873,109.3,0.0001,100,1.1,0,0.002506,14.042,9.5901,78119,85546.0,6.5018,298.0,481.46,1.7988,10.0,,29,,2.1441,0.18135,,,1.3748,0,,0,0,1,92,92,1,92.0,66930.0
79.2,60,100,116,0.0,94.684,110.43,0.0001,100,1.1,0,0.0024456,14.063,9.6355,78176,85616.0,6.5025,298.0,480.02,1.804,10.0,,29,,2.1357,0.18143,,,1.3788,0,,0,0,1,92,92,1,92.0,67647.0
79.4,60,100,116,0.0,94.22,109.16,0.0001,100,1.1,0,0.0024579,14.029,9.6809,78233,85685.0,6.5023,298.0,479.15,1.8092,10.0,,29,,2.1468,0.18131,,,1.3828,0,,0,0,1,92,92,1,92.0,68365.0
79.6,60,100,116,0.0,93.826,108.33,0.0001,100,1.1,0,0.0025059,13.994,9.7256,78290,85755.0,6.5026,298.0,479.01,1.8144,10.0,,29,,2.1556,0.18121,,,1.3868,0,,0,0,1,92,92,1,92.0,67579.0
79.8,60,100,116,0.0,93.289,108.08,0.0001,100,1.1,0,0.0025305,13.962,9.77,78347,85824.0,6.5,298.0,479.0,1.8197,10.0,,29,,2.1644,0.18112,,,1.3908,0,,0,0,1,92,92,1,92.0,68791.0
80.0,60,100,116,0.0,5.0,107.92,0.0001,100,1.1,0,0.0024703,13.791,9.8175,78386,85876.0,6.4342,298.01,485.4,1.8249,10.0,,29,,2.2213,0.18056,,,1.3949,0,,1,0,1,92,92,1,92.0,68186.0
80.2,60,100,90,0.0,5.0,113.73,0.0001,100,1.1,0,0.001416,14.54,9.8647,78420,85920.0,6.3883,297.95,462.67,1.829,10.0,,23,,1.9658,0.18301,,,1.398,0,,1,0,1,92,92,1,92.0,69246.0
80.4,60,100,90,0.0,5.0,92.92,0.0001,100,1.1,0,0.0013714,14.545,9.9114,78454,85963.0,6.3477,297.91,446.07,1.8323,10.0,,23,,1.9207,0.18344,,,1.4005,0,,1,0,1,92,92,1,92.0,68803.0
80.6,60,100,90,0.0,5.0,27.876,109.61,100,1.1,0,0.0013542,14.555,9.9577,78487,86007.0,6.3112,298.21,557.71,1.8355,10.0,,23,,1.9034,0.1836,,,1.403,0,,1,0,1,92,92,1,92.0,68525.0
80.8,60,100,90,0.0,5.0,128.64,10.961,100,1.1,0,0.0013491,14.551,10.004,78521,86051.0,6.2779,298.14,533.36,1.8387,10.0,,23,,1.8955,0.18367,,,1.4055,0,,1,0,1,92,92,1,92.0,68913.0
81.0,60,100,90,0.0,5.0,111.53,1.0961,100,1.1,0,0.001354,14.521,10.05,78555,86094.0,6.2469,298.07,505.8,1.8419,10.0,,23,,1.9052,0.18357,,,1.4079,0,,1,0,1,92,92,1,92.0,69634.0
81.2,60,100,90,0.0,5.0,91.747,0.10961,100,1.1,0,0.0012825,14.561,10.095,78589,86138.0,6.2188,298.01,484.25,1.845,10.0,,23,,1.8935,0.18368,,,1.4103,0,,1,0,1,92,92,1,92.0,70351.0
81.4,60,100,90,0.0,5.0,74.829,0.010961,100,1.1,0,0.0013077,14.516,10.141,78623,86181.0,6.192,297.97,470.78,1.8481,10.0,,23,,1.9089,0.18352,,,1.4127,0,,1,0,1,92,92,1,92.0,69570.0
81.6,60,100,90,0.0,5.0,63.14,0.0010961,100,1.1,0,0.0013157,14.501,10.187,78657,86225.0,6.1669,297.95,462.27,1.8512,10.0,,23,,1.9109,0.1835,,,1.4151,0,,1,0,1,92,92,1,92.0,70122.0
81.8,60,100,90,0.0,5.0,54.528,0.00010961,100,1.1,0,0.0013036,14.49,10.232,78690,86268.0,6.1434,297.94,458.86,1.8543,10.0,,23,,1.9149,0.18345,,,1.4174,0,,1,0,1,92,92,1,92.0,71173.0
82.0,60,100,90,0.0,5.0,16.359,63.175,100,1.1,0,0.0012941,14.483,10.277,78724,86312.0,6.1213,298.13,530.45,1.8573,10.0,,23,,1.9175,0.18342,,,1.4198,0,,1,0,1,92,92,1,92.0,69889.0
82.2,60,100,90,0.0,5.0,80.651,6.3175,100,1.1,0,0.0012822,14.488,10.322,78758,86355.0,6.1003,298.1,516.74,1.8604,10.0,,23,,1.9082,0.18351,,,1.4221,0,,1,0,1,92,92,1,92.0,71271.0
82.4,60,100,90,0.0,5.0,71.54,0.63175,100,1.1,0,0.0012748,14.487,10.367,78792,86399.0,6.0803,298.06,502.34,1.8634,10.0,,23,,1.8994,0.18358,,,1.4245,0,,1,0,1,92,92,1,92.0,70820.0
82.6,60,100,90,0.0,5.0,62.128,0.063175,100,1.1,0,0.0012943,14.446,10.412,78826,86442.0,6.0612,298.03,492.34,1.8665,10.0,,23,,1.9142,0.18344,,,1.4268,0,,1,0,1,92,92,1,92.0,71202.0
82.8,60,100,90,0.0,5.0,55.359,0.0063175,100,1.1,0,0.0012988,14.453,10.458,78860,86486.0,6.0427,298.01,484.26,1.8696,10.0,,23,,1.9001,0.18357,,,1.4292,0,,1,0,1,92,92,1,92.0,72087.0
83.0,60,100,90,0.0,5.0,49.281,0.00063175,100,1.1,0,0.001271,14.448,10.503,78893,86529.0,6.0251,298.0,478.78,1.8726,10.0,,23,,1.9044,0.18352,,,1.4315,0,,1,0,1,92,92,1,92.0,71470.0
83.2,60,100,90,0.0,5.0,44.758,0.0001,100,1.1,0,0.0012675,14.439,10.548,78927,86573.0,6.0083,297.99,476.74,1.8756,10.0,,23,,1.9061,0.1835,,,1.4338,0,,1,0,1,92,92,1,92.0,71187.0
83.4,60,100,90,0.0,5.0,42.824,0.0001,100,1.1,0,0.0013262,14.388,10.594,78961,86616.0,5.9919,297.99,476.82,1.8787,10.0,,23,,1.9195,0.18336,,,1.4362,0,,1,0,1,92,92,1,92.0,72574.0
83.6,60,100,90,0.0,5.0,42.565,0.0001,100,1.1,0,0.0013579,14.341,10.641,78995,86660.0,5.9758,297.99,478.25,1.8818,10.0,,23,,1.9378,0.18318,,,1.4386,0,,1,0,1,92,92,1,92.0,72631.0
83.8,60,100,90,0.0,5.0,43.526,0.0001,100,1.1,0,0.0013345,14.344,10.687,79029,86704.0,5.9605,298.0,479.13,1.8849,10.0,,23,,1.939,0.18317,,,1.441,0,,1,0,1,92,92,1,92.0,72520.0
84.0,60,100,90,0.0,5.0,44.091,0.0001,100,1.1,0,0.0013972,14.266,10.735,79062,86748.0,5.9454,298.0,480.9,1.888,10.0,1660.7,23,1659.1,1.9681,0.18288,10.548,20.433,1.4434,0,27.433,1,0,1,92,92,1,92.0,72414.0
84.2,60,100,90,0.0,225.0,45.579,0.0001,100,1.1,0,0.0013802,14.734,10.776,79140,86835.0,5.9816,297.96,464.64,1.8912,10.0,,23,,1.8001,0.18448,,,1.4458,0,,0,0,1,92,92,1,92.0,72612.0
84.4,60,100,90,0.0,225.0,30.591,0.0001,100,1.1,0,0.0013581,14.744,10.817,79218,86923.0,6.019,297.93,455.35,1.8943,10.0,,23,,1.7677,0.18479,,,1.4483,0,,0,0,1,92,92,1,92.0,74143.0
84.6,60,100,90,0.0,225.0,9.1772,40.562,100,1.1,0,0.0013957,14.692,10.859,79296,87011.0,6.0554,298.04,495.78,1.8975,10.0,,23,,1.7806,0.18466,,,1.4507,0,,0,0,1,92,92,1,92.0,73344.0
84.8,60,100,90,0.0,225.0,44.059,4.0562,100,1.1,0,0.0013991,14.669,10.902,79374,87099.0,6.1003,298.01,484.88,1.9007,10.0,,23,,1.789,0.18457,,,1.4532,0,,0,0,1,92,92,1,92.0,72879.0
85.0,60,100,90,0.0,225.0,34.763,0.40562,100,1.1,0,0.0013837,14.655,10.944,79451,87187.0,6.1509,297.99,475.24,1.9039,10.0,,23,,1.7995,0.18446,,,1.4556,0,,0,0,1,92,92,1,92.0,73746.0
85.2,60,100,90,0.0,225.0,26.573,0.040562,100,1.1,0,0.0013741,14.654,10.986,79529,87275.0,6.2013,297.97,470.01,1.9071,10.0,,23,,1.7981,0.18447,,,1.4581,0,,0,0,1,92,92,1,92.0,73948.0
85.4,60,100,90,0.0,225.0,21.44,0.0040562,100,1.1,0,0.0013237,14.695,11.027,79607,87362.0,6.251,297.96,465.7,1.9103,10.0,,23,,1.7766,0.18467,,,1.4605,0,,0,0,1,92,92,1,92.0,74144.0
85.6,60,100,90,0.0,225.0,16.557,0.00040562,100,1.1,0,0.001366,14.626,11.068,79685,87450.0,6.297,297.96,465.5,1.9135,10.0,,23,,1.8021,0.18442,,,1.463,0,,0,0,1,92,92,1,92.0,74176.0
85.8,60,100,90,0.0,225.0,14.984,0.0001,100,1.1,0,0.0013443,14.643,11.109,79762,87538.0,6.3398,297.96,465.2,1.9167,10.0,,23,,1.7992,0.18444,,,1.4654,0,,0,0,1,92,92,1,92.0,74705.0
86.0,60,100,90,0.0,225.0,13.227,0.0001,100,1.1,0,0.0013378,14.636,11.15,79840,87626.0,6.3794,297.96,465.61,1.9198,10.0,,23,,1.8008,0.18442,,,1.4678,0,,0,0,1,92,92,1,92.0,74068.0
86.2,60,100,90,0.0,225.0,12.088,0.0001,100,1.1,0,0.0013005,14.659,11.191,79918,87714.0,6.416,297.96,465.25,1.9229,10.0,,23,,1.7915,0.1845,,,1.4702,0,,0,0,1,92,92,1,92.0,75096.0
86.4,60,100,90,0.0,225.0,10.273,0.0001,100,1.1,0,0.0013161,14.656,11.232,79996,87801.0,6.4483,297.96,466.28,1.926,10.0,,23,,1.7809,0.1846,,,1.4726,0,,0,0,1,92,92,1,92.0,74294.0
86.6,60,100,90,0.0,225.0,9.7048,0.0001,100,1.1,0,0.0013141,14.652,11.274,80073,87889.0,6.4767,297.97,467.44,1.9291,10.0,,23,,1.779,0.18461,,,1.475,0,,0,0,1,92,92,1,92.0,74990.0
86.8,60,100,90,0.0,225.0,9.3269,0.0001,100,1.1,0,0.0013189,14.622,11.315,80151,87977.0,6.5022,297.97,469.11,1.9321,10.0,,23,,1.793,0.18447,,,1.4773,0,,0,0,1,92,92,1,92.0,74853.0
87.0,60,100,90,0.0,224.67,9.5277,0.0001,100,1.1,0,0.0012824,14.636,11.355,80229,88064.0,6.5258,297.97,469.47,1.9352,10.0,,23,,1.7954,0.18444,,,1.4797,0,,0,0,1,92,92,1,92.0,75880.0
87.2,60,100,90,0.0,214.86,8.6847,0.0001,100,1.1,0,0.0013239,14.57,11.396,80304,88150.0,6.5454,297.98,472.17,1.9383,10.0,,23,,1.8152,0.18425,,,1.482,0,,0,0,1,92,92,1,92.0,76077.0
87.4,60,100,90,0.0,197.22,10.032,0.0001,100,1.1,0,0.0013537,14.486,11.439,80377,88232.0,6.5606,297.99,476.57,1.9414,10.0,,23,,1.8478,0.18393,,,1.4844,0,,0,0,1,92,92,1,92.0,75612.0
87.6,60,100,90,0.51893,98.612,13.145,0.0001,100,1.1,0,0.0013367,14.274,11.483,80429,88295.0,6.5596,298.01,486.24,1.9445,10.0,,23,,1.9249,0.18319,,,1.4868,0,,0,0,1,92,92,1,92.0,77160.0
87.8,60,100,90,1.0397,49.306,21.427,0.0001,100,1.1,0,0.0013325,14.167,11.53,80472,88348.0,6.5305,298.04,495.36,1.9476,10.0,,23,,1.967,0.18278,,,1.4893,0,,0,0,1,92,92,1,92.0,77215.0
88.0,60,100,90,0.0,37.728,30.053,0.0001,100,1.1,0,0.0013052,14.167,11.576,80512,88398.0,6.4974,298.05,499.94,1.9507,10.0,,23,,1.9654,0.18279,,,1.4916,0,,0,0,1,92,92,1,92.0,77104.0
88.2,60,100,90,0.0,39.289,35.47,0.0001,100,1.1,0,0.0012875,14.179,11.622,80553,88449.0,6.4705,298.05,500.6,1.9538,10.0,,23,,1.9554,0.18288,,,1.494,0,,0,0,1,92,92,1,92.0,76991.0
88.4,60,100,90,0.0,51.601,37.89,0.0001,100,1.1,0,0.0012788,14.181,11.667,80596,88502.0,6.4545,298.05,499.12,1.9568,10.0,,23,,1.9564,0.18286,,,1.4963,0,,0,0,1,92,92,1,92.0,76542.0
88.6,60,100,90,0.0,70.277,38.502,0.0001,100,1.1,0,0.0012633,14.225,11.712,80642,88558.0,6.4502,298.04,494.85,1.9598,10.0,,23,,1.9394,0.18302,,,1.4986,0,,0,0,1,92,92,1,92.0,77088.0
88.8,60,100,90,0.0,90.682,36.495,0.0001,100,1.1,0,0.0012376,14.295,11.756,80693,88619.0,6.4583,298.02,489.05,1.9628,10.0,,23,,1.9064,0.18333,,,1.5009,0,,0,0,1,92,92,1,92.0,78631.0
89.0,60,100,90,0.0,107.84,32.746,0.0001,100,1.1,0,0.0012745,14.287,11.8,80747,88683.0,6.4699,298.01,485.26,1.9658,10.0,,23,,1.9003,0.18338,,,1.5032,0,,0,0,1,92,92,1,92.0,78175.0
89.2,60,100,90,0.0,120.38,30.276,0.0001,100,1.1,0,0.0012948,14.29,11.844,80804,88750.0,6.4849,298.01,482.85,1.9688,10.0,,23,,1.896,0.18342,,,1.5056,0,,0,0,1,92,92,1,92.0,77886.0
89.4,60,100,90,0.0,126.93,28.637,0.0001,100,1.1,0,0.0012775,14.324,11.887,80862,88818.0,6.5011,298.0,480.19,1.9718,10.0,,23,,1.88,0.18357,,,1.5079,0,,0,0,1,92,92,1,92.0,78094.0
89.6,60,100,90,0.0,126.99,26.516,0.0001,100,1.1,0,0.0012763,14.331,11.931,80920,88886.0,6.5159,297.99,478.16,1.9748,10.0,,23,,1.8656,0.1837,,,1.5102,0,,0,0,1,92,92,1,92.0,78635.0
89.8,60,100,90,0.0,121.15,24.708,0.0001,100,1.1,0,0.001311,14.268,11.975,80977,88953.0,6.525,297.99,478.29,1.9779,10.0,,23,,1.8856,0.1835,,,1.5125,0,,0,0,1,92,92,1,92.0,79012.0
90.0,60,100,90,0.0,111.68,24.633,0.0001,100,1.1,0,0.0013112,14.229,12.019,81032,89019.0,6.5308,298.0,479.47,1.9809,10.0,,23,,1.9023,0.18334,,,1.5149,0,,0,0,1,92,92,1,92.0,78892.0
90.2,75,100,90,0.0,99.89,25.465,0.0001,100,1.1,0,0.0013511,14.515,12.065,81084,89082.0,6.5327,298.0,482.23,1.6171,10.0,,23,,1.9341,0.18741,,,1.5441,0,,0,0,1,92,92,1,92.0,78945.0
90.4,75,100,90,0.0,87.333,27.821,0.0001,100,1.1,0,0.001375,14.45,12.112,81135,89142.0,6.5302,298.01,485.98,1.5981,10.0,,23,,1.9013,0.1877,,,1.5258,0,,0,0,1,92,92,1,92.0,79169.0
90.6,75,100,90,0.0,75.801,31.297,0.0001,100,1.1,0,0.0013433,14.461,12.158,81182,89200.0,6.5242,298.02,487.17,1.5992,10.0,,23,,1.8798,0.18786,,,1.5269,0,,0,0,1,92,92,1,92.0,79725.0
90.8,75,100,90,0.0,66.637,32.824,0.0001,100,1.1,0,0.0013394,14.437,12.205,81228,89256.0,6.5114,298.02,488.16,1.6016,10.0,,23,,1.88,0.18785,,,1.5292,0,,0,0,1,92,92,1,92.0,79781.0
91.0,75,100,90,0.0,62.61,34.342,0.0001,100,1.1,0,0.0012959,14.429,12.25,81273,89312.0,6.497,298.02,487.59,1.604,10.0,,23,,1.8932,0.18775,,,1.5315,0,,0,0,1,92,92,1,92.0,80001.0
91.2,75,100,90,0.0,64.331,34.549,0.0001,100,1.1,0,0.0012917,14.422,12.296,81319,89368.0,6.4853,298.01,485.49,1.6065,10.0,,23,,1.9025,0.18767,,,1.5339,0,,0,0,1,92,92,1,92.0,79220.0
91.4,75,100,90,0.0,70.711,33.373,0.0001,100,1.1,0,0.0012812,14.435,12.342,81366,89424.0,6.4767,298.01,483.77,1.6089,10.0,,23,,1.8955,0.18772,,,1.5362,0,,0,0,1,92,92,1,92.0,80939.0
91.6,75,100,90,0.0,80.526,32.36,0.0001,100,1.1,0,0.0013162,14.413,12.388,81414,89483.0,6.4742,298.01,483.6,1.6113,10.0,,23,,1.8958,0.18771,,,1.5385,0,,0,0,1,92,92,1,92.0,80993.0
91.8,75,100,90,0.0,91.355,32.554,0.0001,100,1.1,0,0.0013424,14.385,12.434,81465,89545.0,6.4747,298.01,483.11,1.6138,10.0,,23,,1.9193,0.18753,,,1.5409,0,,0,0,1,92,92,1,92.0,81379.0
92.0,75,100,90,0.0,101.99,32.416,0.0001,100,1.1,0,0.001332,14.386,12.479,81518,89608.0,6.4803,298.0,482.03,1.6163,10.0,,23,,1.9302,0.18744,,,1.5433,0,,0,0,1,92,92,1,92.0,81930.0
92.2,75,100,90,0.0,110.38,31.721,0.0001,100,1.1,0,0.0013432,14.388,12.524,81573,89673.0,6.4895,298.0,480.7,1.6188,10.0,,23,,1.9254,0.18747,,,1.5457,0,,0,0,1,92,92,1,92.0,81314.0
92.4,75,100,90,0.0,115.1,30.696,0.0001,100,1.1,0,0.0013366,14.383,12.569,81628,89739.0,6.4975,298.0,479.43,1.6213,10.0,,23,,1.9294,0.18744,,,1.5481,0,,0,0,1,92,92,1,92.0,82363.0
92.6,75,100,90,0.0,116.61,29.606,0.0001,100,1.1,0,0.001332,14.379,12.614,81684,89806.0,6.5026,298.0,478.95,1.6238,10.0,,23,,1.9307,0.18743,,,1.5505,0,,0,0,1,92,92,1,92.0,82078.0
92.8,75,100,90,0.0,116.09,29.103,0.0001,100,1.1,0,0.0013437,14.352,12.659,81740,89872.0,6.503,298.0,479.39,1.6263,10.0,,23,,1.9416,0.18734,,,1.5529,0,,0,0,1,92,92,1,92.0,81627.0
93.0,75,100,90,0.0,115.44,29.355,0.0001,100,1.1,0,0.0013662,14.321,12.705,81796,89938.0,6.5013,298.0,481.03,1.6288,10.0,,23,,1.9515,0.18726,,,1.5553,0,,0,0,1,92,92,1,92.0,81177.0
93.2,75,100,90,0.0,115.43,30.697,0.0001,100,1.1,0,0.0013687,14.312,12.75,81851,90004.0,6.5021,298.0,482.11,1.6314,10.0,,23,,1.9545,0.18723,,,1.5577,0,,0,0,1,92,92,1,92.0,83060.0
93.4,75,100,90,0.0,115.09,31.671,0.0001,100,1.1,0,0.0014303,14.254,12.796,81907,90071.0,6.4996,298.01,484.19,1.634,10.0,,23,,1.97,0.18711,,,1.5602,0,,0,0,1,92,92,1,92.0,82450.0
93.6,75,100,90,0.0,115.8,33.656,0.0001,100,1.1,0,0.0014107,14.273,12.843,81963,90137.0,6.4973,298.01,484.4,1.6366,10.0,,23,,1.9586,0.18719,,,1.5627,0,,0,0,1,92,92,1,92.0,82672.0
93.8,75,100,90,0.0,117.41,34.155,0.0001,100,1.1,0,0.0013658,14.302,12.888,82019,90204.0,6.5009,298.01,483.16,1.6391,10.0,,23,,1.9418,0.18731,,,1.5652,0,,0,0,1,92,92,1,92.0,83389.0
94.0,75,100,90,0.0,117.57,33.426,0.0001,100,1.1,0,0.0013704,14.289,12.933,82075,90270.0,6.5022,298.0,482.12,1.6417,10.0,,23,,1.9446,0.18728,,,1.5676,0,,0,0,1,92,92,1,92.0,83606.0
94.2,75,100,90,0.0,117.23,32.785,0.0001,100,1.1,0,0.0013003,14.336,12.977,82131,90337.0,6.5046,297.99,478.4,1.6441,10.0,,23,,1.9343,0.18736,,,1.57,0,,0,0,1,92,92,1,92.0,83149.0
94.4,75,100,90,0.0,115.91,29.667,0.0001,100,1.1,0,0.0013222,14.284,13.021,82186,90403.0,6.5094,297.99,477.2,1.6466,10.0,,23,,1.9593,0.18716,,,1.5724,0,,0,0,1,92,92,1,92.0,84359.0
94.6,75,100,90,0.0,112.67,28.472,0.0001,100,1.1,0,0.0013343,14.259,13.065,82241,90468.0,6.5134,297.99,477.37,1.6491,10.0,,23,,1.9706,0.18707,,,1.5747,0,,0,0,1,92,92,1,92.0,84404.0
94.8,75,100,90,0.0,107.81,28.331,0.0001,100,1.1,0,0.0013588,14.219,13.11,82295,90533.0,6.5161,298.0,478.97,1.6516,10.0,,23,,1.9852,0.18696,,,1.5771,0,,0,0,1,92,92,1,92.0,83784.0
95.0,75,100,90,0.0,101.91,29.442,0.0001,100,1.1,0,0.0013636,14.202,13.154,82348,90597.0,6.5148,298.0,480.62,1.6541,10.0,,23,,1.988,0.18693,,,1.5796,0,,0,0,1,92,92,1,92.0,84332.0
95.2,75,100,90,0.0,96.514,30.715,0.0001,100,1.1,0,0.0013835,14.151,13.2,82400,90659.0,6.5096,298.01,483.24,1.6566,10.0,,23,,2.0084,0.18677,,,1.582,0,,0,0,1,92,92,1,92.0,83882.0
95.4,75,100,90,0.0,93.199,33.007,0.0001,100,1.1,0,0.0014,14.103,13.245,82451,90721.0,6.5044,298.01,486.01,1.6592,10.0,,23,,2.0323,0.18658,,,1.5845,0,,0,0,1,92,92,1,92.0,84601.0
95.6,75,100,90,0.0,91.967,35.664,0.0001,100,1.1,0,0.0014187,14.076,13.292,82502,90783.0,6.499,298.02,488.42,1.6618,10.0,,23,,2.0389,0.18653,,,1.587,0,,0,0,1,92,92,1,92.0,84822.0
95.8,75,100,90,0.0,92.877,38.27,0.0001,100,1.1,0,0.0014219,14.074,13.338,82553,90844.0,6.4963,298.02,490.09,1.6644,10.0,,23,,2.0308,0.18658,,,1.5895,0,,0,0,1,92,92,1,92.0,84544.0
96.0,75,100,90,0.0,94.865,40.447,0.0001,100,1.1,0,0.0014206,14.08,13.384,82605,90907.0,6.4928,298.03,490.54,1.667,10.0,1756.0,23,1627.2,2.0148,0.1867,13.2,21.618,1.592,0,36.355,0,0,1,92,92,1,92.0,85431.0
96.2,75,100,90,0.0,98.279,41.737,0.0001,100,1.1,0,0.0014162,14.068,13.43,82657,90970.0,6.4901,298.02,489.72,1.6697,10.0,,23,,2.023,0.18663,,,1.5945,0,,0,0,1,92,92,1,92.0,84653.0
96.4,75,100,90,0.0,102.77,41.967,0.0001,100,1.1,0,0.0014409,14.033,13.476,82710,91034.0,6.4909,298.02,488.3,1.6723,10.0,,23,,2.0413,0.18649,,,1.5971,0,,0,0,1,92,92,1,92.0,86540.0
96.6,75,100,90,0.0,106.91,41.612,0.0001,100,1.1,0,0.0014289,14.053,13.522,82764,91099.0,6.4919,298.01,485.45,1.675,10.0,,23,,2.0285,0.18658,,,1.5996,0,,0,0,1,92,92,1,92.0,86758.0
96.8,75,100,90,0.0,110.66,39.886,0.0001,100,1.1,0,0.0014525,14.038,13.567,82818,91164.0,6.4923,298.01,483.36,1.6776,10.0,,23,,2.0324,0.18655,,,1.6022,0,,0,0,1,92,92,1,92.0,86143.0
97.0,75,100,90,0.0,114.25,38.577,0.0001,100,1.1,0,0.0014064,14.079,13.612,82874,91230.0,6.4958,298.0,480.2,1.6803,10.0,,23,,2.0113,0.1867,,,1.6047,0,,0,0,1,92,92,1,92.0,86858.0
97.2,75,100,90,0.0,116.43,36.12,0.0001,100,1.1,0,0.0014281,14.049,13.657,82929,91297.0,6.4986,298.0,479.28,1.6829,10.0,,23,,2.0213,0.18662,,,1.6072,0,,0,0,1,92,92,1,92.0,86742.0
97.4,75,100,90,0.0,117.5,35.349,0.0001,100,1.1,0,0.0014041,14.054,13.702,82985,91364.0,6.5018,297.99,476.94,1.6855,10.0,,23,,2.0238,0.1866,,,1.6097,0,,0,0,1,92,92,1,92.0,86289.0
97.6,75,100,90,0.0,117.31,33.209,0.0001,100,1.1,0,0.0013543,14.09,13.746,83041,91431.0,6.506,297.98,473.94,1.6881,10.0,,23,,2.0057,0.18673,,,1.6122,0,,0,0,1,92,92,1,92.0,87666.0
97.8,75,100,90,0.0,115.43,30.286,0.0001,100,1.1,0,0.0013453,14.096,13.79,83097,91497.0,6.5117,297.98,472.33,1.6906,10.0,,23,,1.9991,0.18678,,,1.6146,0,,0,0,1,92,92,1,92.0,87542.0
98.0,75,100,90,0.0,111.27,28.316,0.0001,100,1.1,0,0.0013324,14.097,13.833,83151,91562.0,6.5156,297.98,471.01,1.6931,10.0,,23,,1.9955,0.1868,,,1.617,0,,0,0,1,92,92,1,92.0,87251.0
98.2,75,100,90,0.0,105.56,26.417,0.0001,100,1.1,0,0.0013258,14.071,13.877,83205,91626.0,6.5182,297.97,470.57,1.6955,10.0,,23,,2.012,0.18667,,,1.6193,0,,0,0,1,92,92,1,92.0,87791.0
98.4,75,100,90,0.0,98.791,25.162,0.0001,100,1.1,0,0.0013148,14.051,13.92,83257,91689.0,6.5211,297.98,470.99,1.698,10.0,,23,,2.0242,0.18657,,,1.6217,0,,0,0,1,92,92,1,92.0,86998.0
98.6,75,100,90,0.0,90.87,24.592,0.0001,100,1.1,0,0.0012889,14.06,13.963,83308,91750.0,6.5194,297.98,471.78,1.7004,10.0,,23,,2.0113,0.18666,,,1.624,0,,0,0,1,92,92,1,92.0,87538.0
98.8,75,100,90,0.0,83.646,24.375,0.0001,100,1.1,0,0.0012587,14.067,14.006,83357,91810.0,6.5139,297.98,472.58,1.7027,10.0,,23,,2.001,0.18674,,,1.6262,0,,0,0,1,92,92,1,92.0,88744.0
99.0,75,100,90,0.0,78.632,24.228,0.0001,100,1.1,0,0.0012285,14.071,14.049,83405,91869.0,6.504,297.98,472.45,1.705,10.0,,23,,1.9948,0.18678,,,1.6285,0,,0,0,1,92,92,1,92.0,88114.0
99.2,75,100,90,0.0,77.565,23.348,0.0001,100,1.1,0,0.0012362,14.05,14.092,83453,91927.0,6.4943,297.98,472.79,1.7073,10.0,,23,,2.0032,0.18671,,,1.6307,0,,0,0,1,92,92,1,92.0,89486.0
99.4,75,100,90,0.0,80.37,22.883,0.0001,100,1.1,0,0.0012505,14.031,14.135,83502,91986.0,6.4845,297.98,473.59,1.7097,10.0,,23,,2.0089,0.18667,,,1.6329,0,,0,0,1,92,92,1,92.0,89027.0
99.6,75,100,90,0.0,87.095,22.843,0.0001,100,1.1,0,0.0012641,14.021,14.179,83551,92046.0,6.4798,297.98,474.55,1.712,10.0,,23,,2.0084,0.18666,,,1.6351,0,,0,0,1,92,92,1,92.0,88570.0
99.8,75,100,90,0.0,95.664,23.002,0.0001,100,1.1,0,0.0012813,14.023,14.223,83603,92108.0,6.4793,297.99,475.46,1.7144,10.0,,23,,1.9996,0.18673,,,1.6374,0,,0,0,1,92,92,1,92.0,90116.0
100.0,75,100,90,0.0,104.44,23.217,0.0001,100,1.1,0,0.0012702,14.051,14.267,83656,92172.0,6.4807,297.99,474.72,1.7167,10.0,,23,,1.9839,0.18684,,,1.6397,0,,0,0,1,92,92,1,92.0,89825.0
100.2,75,100,90,0.0,112.67,22.072,0.0001,100,1.0,-4000,0.0012748,13.216,14.31,83007,91438.0,6.5109,297.98,473.53,1.7097,10.0,,23,,1.9727,0.18694,,,1.6329,0,,0,0,1,92,92,1,92.0,90199.0
100.4,75,100,90,0.0,108.72,20.504,0.0001,100,1.0,-4000,0.001286,13.189,14.353,82357,90703.0,6.5361,297.98,473.53,1.6981,10.0,,23,,1.9652,0.18702,,,1.6218,0,,0,0,1,92,92,1,92.0,89073.0
100.6,75,100,90,0.0,94.807,19.866,0.0001,100,1.0,-4000,0.0013129,13.103,14.398,81705,89965.0,6.5512,297.99,475.5,1.6863,10.0,,23,,1.9828,0.18691,,,1.6104,0,,0,0,1,92,92,1,92.0,90286.0
100.8,75,100,90,0.51923,47.403,20.947,0.0001,100,1.0,-4000,0.0012815,13.01,14.443,81043,89217.0,6.5424,298.0,479.38,1.6743,10.0,,23,,1.9897,0.18688,,,1.599,0,,0,0,1,92,92,1,92.0,91169.0
101.0,75,100,90,0.0,31.033,23.905,0.0001,100,1.0,-4000,0.0012768,12.973,14.489,80378,88467.0,6.5248,298.01,482.28,1.6624,10.0,,23,,1.9811,0.18697,,,1.5875,0,,0,0,1,92,92,1,92.0,89888.0
101.2,75,100,90,0.0,21.663,26.341,0.0001,100,1.0,-4000,0.0012921,12.925,14.535,79712,87714.0,6.5024,298.01,484.2,1.6503,10.0,,23,,1.9735,0.18705,,,1.576,0,,0,0,1,92,92,1,92.0,90275.0
101.4,75,100,90,0.0,21.256,28.217,0.0001,100,1.0,-4000,0.0013115,12.895,14.581,79045,86961.0,6.4819,298.01,485.25,1.6383,10.0,,23,,1.965,0.18714,,,1.5644,0,,0,0,1,92,92,1,92.0,91163.0
101.6,75,100,90,0.0,28.993,29.515,0.0001,100,1.0,-4000,0.0013566,12.878,14.627,78380,86210.0,6.4665,298.01,486.02,1.6263,10.0,,23,,1.938,0.18736,,,1.5529,0,,0,0,1,92,92,1,92.0,91053.0
101.8,75,100,90,0.0,42.882,30.688,0.0001,100,1.0,-4000,0.0013543,12.897,14.674,77718,85462.0,6.4596,298.01,483.87,1.6143,10.0,,23,,1.9087,0.18761,,,1.5414,0,,0,0,1,92,92,1,92.0,91443.0
102.0,75,100,90,0.0,59.535,29.234,0.0001,100,1.0,-4000,0.0013605,12.949,14.719,77059,84717.0,6.4609,298.0,480.9,1.6022,10.0,,23,,1.8541,0.18805,,,1.5298,0,,0,0,1,92,92,1,92.0,92160.0
102.2,75,100,90,0.0,75.673,26.83,0.0001,100,1.0,0,0.0013143,13.037,14.763,77107,84775.0,6.4456,297.99,476.84,1.5999,10.0,,23,,1.8024,0.18845,,,1.5276,0,,0,0,1,92,92,1,92.0,91871.0
102.4,75,100,90,0.0,98.024,23.103,0.0001,100,1.0,0,0.0012852,13.114,14.806,77160,84838.0,6.4448,297.98,471.69,1.6018,10.0,,23,,1.7769,0.18864,,,1.5294,0,,0,0,1,92,92,1,92.0,91407.0
102.6,75,100,90,0.0,120.58,17.964,0.0001,100,1.0,0,0.0012819,13.167,14.847,77217,84905.0,6.4519,297.96,467.48,1.6039,10.0,,23,,1.7521,0.18882,,,1.5314,0,,0,0,1,92,92,1,92.0,92105.0
102.8,75,100,90,0.0,140.32,13.209,0.0001,100,1.0,0,0.0012928,13.22,14.888,77278,84976.0,6.4603,297.96,464.5,1.606,10.0,,23,,1.7223,0.18904,,,1.5334,0,,0,0,1,92,92,1,92.0,91633.0
103.0,75,100,90,0.0,156.72,9.1659,0.0001,100,1.0,0,0.0012531,13.323,14.927,77342,85050.0,6.4743,297.95,461.07,1.6081,10.0,,23,,1.6658,0.18947,,,1.5354,0,,0,0,1,92,92,1,92.0,92320.0
103.2,75,100,90,0.0,167.49,2.7498,20.544,100,1.0,0,0.0012401,13.338,14.966,77409,85127.0,6.4878,298.0,479.12,1.6102,10.0,,23,,1.6639,0.18948,,,1.5374,0,,0,0,1,92,92,1,92.0,92339.0
103.4,75,100,90,0.0,172.88,17.755,2.0544,100,1.0,0,0.0012192,13.355,15.005,77476,85204.0,6.5005,297.97,470.04,1.6122,10.0,,23,,1.6612,0.18949,,,1.5394,0,,0,0,1,92,92,1,92.0,93189.0
103.6,75,100,90,0.0,173.19,8.7376,0.20544,100,1.0,0,0.0011945,13.389,15.043,77544,85281.0,6.5108,297.95,463.9,1.6142,10.0,,23,,1.6349,0.18969,,,1.5413,0,,0,0,1,92,92,1,92.0,94038.0
103.8,75,100,90,0.0,169.4,2.0997,0.020544,100,1.0,0,0.0011881,13.369,15.081,77611,85358.0,6.5088,297.95,461.95,1.6162,10.0,,23,,1.6464,0.1896,,,1.5432,0,,0,0,1,92,92,1,92.0,93886.0
104.0,75,100,90,0.0,166.44,0.62991,9.6313,100,1.0,0,0.001201,13.333,15.119,77677,85434.0,6.5072,297.97,470.56,1.6181,10.0,,23,,1.6595,0.1895,,,1.5451,0,,0,0,1,92,92,1,92.0,93236.0
104.2,75,100,90,0.0,164.08,6.823,0.96313,100,1.0,0,0.001182,13.34,15.157,77743,85509.0,6.5075,297.96,466.99,1.6201,10.0,,23,,1.6536,0.18954,,,1.547,0,,0,0,1,92,92,1,92.0,93418.0
104.4,75,100,90,0.0,161.61,2.2898,0.096313,100,1.0,0,0.001165,13.348,15.195,77808,85584.0,6.5068,297.96,465.19,1.6221,10.0,,23,,1.6437,0.18961,,,1.5489,0,,0,0,1,92,92,1,92.0,93766.0
104.6,75,100,90,0.0,159.42,0.0001,0.0096313,100,1.0,0,0.0011433,13.349,15.233,77873,85659.0,6.5059,297.96,464.55,1.624,10.0,,23,,1.6412,0.18962,,,1.5507,0,,0,0,1,92,92,1,92.0,94780.0
104.8,75,100,90,0.0,157.58,0.0001,0.00096313,100,1.0,0,0.0011184,13.37,15.271,77937,85733.0,6.5054,297.95,463.16,1.6259,10.0,,23,,1.6291,0.18971,,,1.5525,0,,0,0,1,92,92,1,92.0,94125.0
105.0,75,100,90,0.0,155.94,0.0001,0.0001,100,1.0,0,0.0011247,13.334,15.308,78001,85807.0,6.5002,297.95,462.25,1.6278,10.0,,23,,1.6481,0.18956,,,1.5544,0,,0,0,1,92,92,1,92.0,94138.0
105.2,75,100,90,0.0,156.4,0.0001,0.0001,100,1.0,0,0.0011083,13.361,15.346,78065,85881.0,6.4945,297.95,460.67,1.6297,10.0,,23,,1.6302,0.18969,,,1.5562,0,,0,0,1,92,92,1,92.0,94316.0
105.4,75,100,90,0.0,159.12,0.0001,11.444,100,1.0,0,0.0010833,13.395,15.382,78130,85955.0,6.4898,297.97,468.5,1.6316,10.0,,23,,1.6082,0.18986,,,1.558,0,,0,0,1,92,92,1,92.0,95324.0
105.6,75,100,90,0.0,163.7,5.2749,1.1444,100,1.0,0,0.0010675,13.427,15.418,78196,86030.0,6.4899,297.95,462.58,1.6334,10.0,,23,,1.5935,0.18997,,,1.5597,0,,0,0,1,92,92,1,92.0,94828.0
105.8,75,100,90,0.0,168.24,0.0001,0.11444,100,1.0,0,0.00109,13.405,15.454,78262,86106.0,6.4937,297.94,459.24,1.6352,10.0,,23,,1.5981,0.18993,,,1.5615,0,,0,0,1,92,92,1,92.0,94500.0
106.0,75,100,90,0.0,171.28,0.0001,10.262,100,1.0,0,0.001107,13.383,15.491,78330,86183.0,6.502,297.96,465.6,1.6371,10.0,,23,,1.6072,0.18985,,,1.5633,0,,0,0,1,92,92,1,92.0,96174.0
106.2,75,100,90,0.0,170.97,3.7948,1.0262,100,1.0,0,0.00107,13.422,15.526,78397,86260.0,6.516,297.94,459.94,1.6389,10.0,,23,,1.5917,0.18997,,,1.565,0,,0,0,1,92,92,1,92.0,95511.0
106.4,75,100,90,0.0,165.06,1.1384,23.804,100,1.0,0,0.00108,13.385,15.562,78463,86335.0,6.5273,297.99,477.3,1.6407,10.0,,23,,1.6061,0.18986,,,1.5668,0,,0,0,1,92,92,1,92.0,95515.0
106.6,75,100,90,0.0,154.65,15.212,2.3804,100,1.0,0,0.0010246,13.422,15.597,78526,86408.0,6.5373,297.96,465.16,1.6425,10.0,,23,,1.5913,0.18996,,,1.5684,0,,0,0,1,92,92,1,92.0,95180.0
106.8,75,100,90,0.0,140.27,3.2958,0.23804,100,1.0,0,0.0010283,13.381,15.632,78587,86479.0,6.5432,297.94,459.54,1.6442,10.0,,23,,1.6003,0.18989,,,1.5701,0,,0,0,1,92,92,1,92.0,95347.0
107.0,75,100,90,0.0,123.53,0.98873,11.053,100,1.0,0,0.0010124,13.363,15.668,78645,86546.0,6.5462,297.96,465.94,1.6459,10.0,,23,,1.6003,0.18989,,,1.5717,0,,0,0,1,92,92,1,92.0,96350.0
107.2,75,100,90,0.0,105.6,4.8713,1.1053,100,1.0,0,0.0010339,13.303,15.704,78699,86609.0,6.5457,297.95,462.99,1.6476,10.0,,23,,1.6103,0.18981,,,1.5734,0,,0,0,1,92,92,1,92.0,96356.0
107.4,75,100,90,0.0,87.853,0.52594,0.11053,100,1.0,0,0.0010283,13.251,15.741,78749,86669.0,6.5366,297.95,463.16,1.6493,10.0,,23,,1.6278,0.18967,,,1.575,0,,0,0,1,92,92,1,92.0,97700.0
107.6,75,100,90,0.0,73.746,0.0001,0.011053,100,1.0,0,0.0010384,13.186,15.779,78797,86726.0,6.5215,297.96,465.07,1.651,10.0,,23,,1.6571,0.18945,,,1.5766,0,,0,0,1,92,92,1,92.0,96214.0
107.8,75,100,90,0.0,65.682,0.0001,0.0011053,100,1.0,0,0.0010134,13.181,15.817,78843,86781.0,6.4988,297.96,466.65,1.6527,10.0,,23,,1.6655,0.18938,,,1.5783,0,,0,0,1,92,92,1,92.0,96893.0
108.0,75,100,90,0.0,66.724,0.0001,0.00011053,100,1.0,0,0.0010284,13.157,15.855,78889,86837.0,6.4814,297.97,468.85,1.6544,10.0,1864.1,23,1613.1,1.6693,0.18935,15.704,22.593,1.5799,0,45.228,0,0,1,92,92,1,92.0,97908.0
108.2,75,100,90,0.0,74.668,0.5688,0.0001,100,1.0,0,0.0010506,13.141,15.893,78937,86894.0,6.473,297.97,470.99,1.6562,10.0,,23,,1.6737,0.18931,,,1.5816,0,,0,0,1,92,92,1,92.0,97423.0
108.4,75,100,90,0.0,85.953,1.2903,0.0001,100,1.0,0,0.0010293,13.19,15.93,78987,86954.0,6.4704,297.97,470.87,1.6579,10.0,,23,,1.6568,0.18944,,,1.5832,0,,0,0,1,92,92,1,92.0,97266.0
108.6,75,100,90,0.0,98.302,0.14811,0.0001,100,1.0,0,0.0010337,13.193,15.967,79039,87016.0,6.471,297.97,470.57,1.6596,10.0,,23,,1.6649,0.18937,,,1.5849,0,,0,0,1,92,92,1,92.0,98441.0
108.8,75,100,90,0.0,110.41,0.0001,0.0001,100,1.0,0,0.0010637,13.177,16.004,79094,87080.0,6.4755,297.97,470.35,1.6614,10.0,,23,,1.6737,0.1893,,,1.5865,0,,0,0,1,92,92,1,92.0,98284.0
109.0,75,100,90,0.0,120.7,0.0001,0.0001,100,1.0,0,0.0010453,13.214,16.04,79151,87147.0,6.4865,297.97,468.9,1.6631,10.0,,23,,1.6571,0.18943,,,1.5882,0,,0,0,1,92,92,1,92.0,97624.0
109.2,75,100,90,0.0,126.59,0.0001,0.0001,100,1.0,0,0.0010344,13.227,16.076,79209,87215.0,6.4969,297.96,466.63,1.6648,10.0,,23,,1.6544,0.18944,,,1.5899,0,,0,0,1,92,92,1,92.0,98797.0
109.4,75,100,90,0.0,128.37,0.0001,0.0001,100,1.0,0,0.0010008,13.272,16.112,79268,87283.0,6.5083,297.95,462.99,1.6665,10.0,,23,,1.6314,0.18961,,,1.5915,0,,0,0,1,92,92,1,92.0,98800.0
109.6,75,100,90,0.0,125.58,0.0001,0.0001,100,1.0,0,0.0010033,13.258,16.148,79326,87350.0,6.5189,297.94,459.68,1.6682,10.0,,23,,1.6302,0.18962,,,1.5931,0,,0,0,1,92,92,1,92.0,98804.0
109.8,75,100,90,0.0,118.53,0.0001,11.486,100,1.0,0,0.0010072,13.231,16.184,79382,87416.0,6.5288,297.96,467.65,1.6699,10.0,,23,,1.6332,0.18959,,,1.5947,0,,0,0,1,92,92,1,92.0,99312.0
110.0,75,100,90,0.0,107.54,5.2319,1.1486,100,1.0,0,0.0010328,13.183,16.222,79436,87480.0,6.533,297.96,464.9,1.6716,10.0,,23,,1.6399,0.18954,,,1.5964,0,,0,0,1,92,92,1,92.0,98656.0
110.2,75,100,90,0.0,94.882,1.2439,0.11486,100,1.0,0,0.0010348,13.136,16.259,79488,87541.0,6.5306,297.96,464.53,1.6733,10.0,,23,,1.6581,0.1894,,,1.598,0,,0,0,1,92,92,1,92.0,99670.0
110.4,75,100,90,0.0,83.166,0.0001,0.011486,100,1.0,0,0.0010435,13.09,16.298,79538,87600.0,6.5232,297.96,466.05,1.675,10.0,,23,,1.6737,0.18928,,,1.5997,0,,0,0,1,92,92,1,92.0,100350.0
110.6,75,100,90,0.0,74.432,0.0001,0.0011486,100,1.0,0,0.0010593,13.041,16.337,79585,87658.0,6.5147,297.97,468.82,1.6768,10.0,,23,,1.691,0.18914,,,1.6013,0,,0,0,1,92,92,1,92.0,100040.0
110.8,75,100,90,0.0,69.062,1.007,0.00011486,100,1.0,0,0.0010821,12.995,16.376,79632,87714.0,6.5055,297.98,472.26,1.6785,10.0,,23,,1.7067,0.18902,,,1.603,0,,0,0,1,92,92,1,92.0,99728.0
111.0,75,100,90,0.0,67.385,2.8771,0.0001,100,1.0,0,0.0010771,12.988,16.416,79678,87770.0,6.4964,297.98,474.8,1.6803,10.0,,23,,1.7043,0.18904,,,1.6047,0,,0,0,1,92,92,1,92.0,99416.0
111.2,75,100,90,0.0,69.329,4.2561,0.0001,100,1.0,0,0.001083,12.974,16.455,79725,87827.0,6.4874,297.99,476.63,1.6821,10.0,,23,,1.7108,0.18898,,,1.6065,0,,0,0,1,92,92,1,92.0,100110.0
111.4,75,100,90,0.0,74.908,5.2518,0.0001,100,1.0,0,0.0010572,13.001,16.494,79772,87884.0,6.4809,297.99,476.84,1.6839,10.0,,23,,1.7017,0.18905,,,1.6082,0,,0,0,1,92,92,1,92.0,99958.0
111.6,75,100,90,0.0,83.076,4.9784,0.0001,100,1.0,0,0.0010608,12.999,16.533,79822,87943.0,6.4788,297.99,476.94,1.6857,10.0,,23,,1.7023,0.18904,,,1.6099,0,,0,0,1,92,92,1,92.0,100310.0
111.8,75,100,90,0.0,92.049,4.6508,0.0001,100,1.0,0,0.0010535,13.028,16.571,79873,88004.0,6.482,297.99,475.96,1.6874,10.0,,23,,1.6952,0.18909,,,1.6116,0,,0,0,1,92,92,1,92.0,100660.0
112.0,75,100,90,0.0,99.764,3.3582,0.0001,100,1.0,0,0.0010805,13.007,16.61,79926,88067.0,6.4882,297.99,476.12,1.6892,10.0,,23,,1.6984,0.18906,,,1.6133,0,,0,0,1,92,92,1,92.0,101010.0
112.2,75,100,90,0.0,104.97,3.018,0.0001,100,1.0,0,0.0011003,12.999,16.648,79979,88131.0,6.4945,297.99,476.63,1.6911,10.0,,23,,1.6945,0.18909,,,1.6151,0,,0,0,1,92,92,1,92.0,100020.0
112.4,75,100,90,0.0,107.71,2.9946,0.0001,100,1.0,0,0.001058,13.063,16.685,80034,88195.0,6.502,297.98,475.1,1.6929,10.0,,23,,1.667,0.18929,,,1.6168,0,,0,0,1,92,92,1,92.0,100700.0
112.6,75,100,90,0.0,107.41,1.1649,0.0001,100,1.0,0,0.0010562,13.058,16.723,80088,88259.0,6.5076,297.98,474.46,1.6946,10.0,,23,,1.6651,0.18931,,,1.6185,0,,0,0,1,92,92,1,92.0,101710.0
112.8,75,100,90,0.0,104.89,0.033193,0.0001,100,1.0,0,0.0010596,13.038,16.76,80142,88322.0,6.5109,297.98,474.75,1.6964,10.0,,23,,1.6709,0.18926,,,1.6202,0,,0,0,1,92,92,1,92.0,101390.0
113.0,75,100,90,0.0,101.07,0.0001,0.0001,100,1.0,0,0.001077,12.996,16.798,80194,88385.0,6.5122,297.99,475.97,1.6982,10.0,,23,,1.688,0.18913,,,1.6219,0,,0,0,1,92,92,1,92.0,101740.0
113.2,75,100,90,0.0,96.739,0.47906,0.0001,100,1.0,0,0.0010493,13.004,16.836,80247,88447.0,6.5117,297.99,476.23,1.6999,10.0,,23,,1.6928,0.18909,,,1.6235,0,,0,0,1,92,92,1,92.0,102750.0
113.4,75,100,90,0.0,92.578,0.18415,0.0001,100,1.0,0,0.0010351,13.011,16.873,80298,88508.0,6.5135,297.99,476.45,1.7016,10.0,,23,,1.6836,0.18915,,,1.6252,0,,0,0,1,92,92,1,92.0,102430.0
113.6,75,100,90,0.0,87.689,0.0001,0.0001,100,1.0,0,0.0010335,12.984,16.911,80348,88568.0,6.5134,297.99,476.95,1.7033,10.0,,23,,1.6979,0.18904,,,1.6268,0,,0,0,1,92,92,1,92.0,101610.0
113.8,75,100,90,0.0,82.862,0.00081499,0.0001,100,1.0,0,0.0010013,12.994,16.948,80397,88627.0,6.511,297.99,476.81,1.705,10.0,,23,,1.6976,0.18904,,,1.6284,0,,0,0,1,92,92,1,92.0,102790.0
114.0,75,100,90,0.0,78.989,0.0001,0.0001,100,1.0,0,0.00098888,12.99,16.984,80446,88685.0,6.505,297.99,476.26,1.7066,10.0,,23,,1.7041,0.18899,,,1.63,0,,0,0,1,92,92,1,92.0,103290.0
114.2,75,100,90,0.0,77.521,0.0001,0.0001,100,1.0,0,0.0010033,12.96,17.02,80494,88743.0,6.4975,297.99,476.38,1.7083,10.0,,23,,1.7148,0.1889,,,1.6316,0,,0,0,1,92,92,1,92.0,102460.0
114.4,75,100,90,0.0,79.061,0.0001,0.0001,100,1.0,0,0.0010015,12.962,17.056,80542,88802.0,6.4925,297.99,476.1,1.7099,10.0,,23,,1.716,0.18889,,,1.6332,0,,0,0,1,92,92,1,92.0,102970.0
114.6,75,100,90,0.0,82.561,0.0001,0.0001,100,1.0,0,0.0010201,12.944,17.092,80592,88861.0,6.4921,297.99,476.06,1.7116,10.0,,23,,1.7228,0.18884,,,1.6348,0,,0,0,1,92,92,1,92.0,103470.0
114.8,75,100,90,0.0,86.222,0.0001,0.0001,100,1.0,0,0.0010131,12.949,17.128,80641,88920.0,6.4944,297.98,475.31,1.7133,10.0,,23,,1.728,0.18879,,,1.6364,0,,0,0,1,92,92,1,92.0,102980.0
115.0,75,100,90,0.0,88.986,0.0001,0.0001,100,1.0,0,0.00097556,13.011,17.163,80692,88980.0,6.4966,297.98,472.79,1.7149,10.0,,23,,1.6988,0.18901,,,1.6379,0,,0,0,1,92,92,1,92.0,103810.0
115.2,75,100,90,0.0,90.847,0.0001,0.0001,100,1.0,0,0.00097737,12.998,17.198,80743,89041.0,6.4985,297.97,470.43,1.7165,10.0,,23,,1.6981,0.18901,,,1.6394,0,,0,0,1,92,92,1,92.0,102980.0
115.4,75,100,90,0.0,91.973,0.0001,0.0001,100,1.0,0,0.00096648,13.009,17.234,80794,89101.0,6.5017,297.96,467.6,1.718,10.0,,23,,1.6919,0.18906,,,1.6409,0,,0,0,1,92,92,1,92.0,103980.0
115.6,75,100,90,0.0,91.802,0.0001,0.0001,100,1.0,0,0.00097512,13.009,17.269,80845,89162.0,6.5038,297.96,465.18,1.7196,10.0,,23,,1.676,0.18917,,,1.6425,0,,0,0,1,92,92,1,92.0,103980.0
115.8,75,100,90,0.0,90.795,0.0001,0.0001,100,1.0,0,0.0009765,13.012,17.305,80896,89223.0,6.5035,297.95,462.77,1.7212,10.0,,23,,1.6642,0.18926,,,1.644,0,,0,0,1,92,92,1,92.0,103320.0
116.0,75,100,90,0.0,89.922,0.0001,0.0001,100,1.0,0,0.00098822,12.979,17.341,80946,89283.0,6.504,297.95,460.77,1.7228,10.0,,23,,1.6822,0.18912,,,1.6455,0,,0,0,1,92,92,1,92.0,104830.0
116.2,75,100,90,0.0,88.83,0.0001,10.555,100,1.0,0,0.0010038,12.944,17.377,80997,89343.0,6.5038,297.97,469.09,1.7244,10.0,,23,,1.697,0.18901,,,1.647,0,,0,0,1,92,92,1,92.0,104160.0
116.4,75,100,90,0.0,87.847,5.4967,1.0555,100,1.0,0,0.0009949,12.955,17.412,81047,89403.0,6.5071,297.96,465.61,1.726,10.0,,23,,1.6887,0.18907,,,1.6486,0,,0,0,1,92,92,1,92.0,104000.0
116.6,75,100,90,0.0,85.511,1.0552,0.10555,100,1.0,0,0.00099565,12.932,17.448,81097,89463.0,6.5113,297.96,463.8,1.7276,10.0,,23,,1.6992,0.18898,,,1.6501,0,,0,0,1,92,92,1,92.0,104670.0
116.8,75,100,90,0.0,81.502,0.0001,0.010555,100,1.0,0,0.00098892,12.923,17.484,81146,89522.0,6.5134,297.95,462.63,1.7292,10.0,,23,,1.7003,0.18897,,,1.6517,0,,0,0,1,92,92,1,92.0,104840.0
117.0,75,100,90,0.0,76.676,0.0001,0.0010555,100,1.0,0,0.0010191,12.875,17.521,81194,89579.0,6.511,297.95,463.13,1.7309,10.0,,23,,1.7045,0.18894,,,1.6533,0,,0,0,1,92,92,1,92.0,105180.0
117.2,75,100,90,0.0,72.83,0.0001,0.00010555,100,1.0,0,0.0010436,12.822,17.559,81241,89637.0,6.5047,297.96,464.9,1.7325,10.0,,23,,1.7244,0.18878,,,1.6549,0,,0,0,1,92,92,1,92.0,106030.0
117.4,75,100,90,0.0,71.499,0.0001,0.0001,100,1.0,0,0.0010599,12.786,17.597,81288,89694.0,6.4976,297.96,467.37,1.7342,10.0,,23,,1.7411,0.18865,,,1.6565,0,,0,0,1,92,92,1,92.0,105210.0
117.6,75,100,90,0.0,72.973,0.58477,0.0001,100,1.0,0,0.0010685,12.759,17.636,81335,89751.0,6.4896,297.97,469.84,1.736,10.0,,23,,1.7584,0.18852,,,1.6582,0,,0,0,1,92,92,1,92.0,106560.0
117.8,75,100,90,0.0,77.653,1.3997,0.0001,100,1.0,0,0.0010371,12.823,17.673,81383,89809.0,6.4824,297.97,470.1,1.7377,10.0,,23,,1.728,0.18875,,,1.6598,0,,0,0,1,92,92,1,92.0,105070.0
118.0,75,100,90,0.0,85.199,0.47798,0.0001,100,1.0,0,0.0010135,12.884,17.709,81433,89869.0,6.4812,297.97,469.13,1.7393,10.0,,23,,1.6942,0.189,,,1.6614,0,,0,0,1,92,92,1,92.0,105580.0
118.2,75,100,90,0.0,93.239,0.0001,0.0001,100,1.0,0,0.00098403,12.918,17.743,81484,89930.0,6.4818,297.96,466.8,1.741,10.0,,23,,1.6856,0.18906,,,1.663,0,,0,0,1,92,92,1,92.0,106240.0
118.4,75,100,90,0.0,101.04,0.0001,0.0001,100,1.0,0,0.00097479,12.948,17.777,81537,89993.0,6.4853,297.95,463.18,1.7425,10.0,,23,,1.6774,0.18912,,,1.6645,0,,0,0,1,92,92,1,92.0,105410.0
118.6,75,100,90,0.0,107.45,0.0001,0.0001,100,1.0,0,0.000963,12.97,17.811,81591,90056.0,6.4902,297.94,458.66,1.7441,10.0,,23,,1.6692,0.18918,,,1.666,0,,0,0,1,92,92,1,92.0,107230.0
118.8,75,100,90,0.0,111.88,0.0001,12.784,100,1.0,0,0.00098223,12.966,17.845,81646,90121.0,6.494,297.96,466.04,1.7457,10.0,,23,,1.6587,0.18926,,,1.6675,0,,0,0,1,92,92,1,92.0,106900.0
119.0,75,100,90,0.0,114.81,4.4487,1.2784,100,1.0,0,0.00097868,12.974,17.879,81701,90187.0,6.5002,297.95,460.31,1.7473,10.0,,23,,1.6547,0.18928,,,1.669,0,,0,0,1,92,92,1,92.0,106220.0
119.2,75,100,90,0.0,115.25,1.3346,24.367,100,1.0,0,0.00097921,12.979,17.913,81757,90252.0,6.5041,297.99,477.19,1.7488,10.0,,23,,1.6412,0.18938,,,1.6705,0,,0,0,1,92,92,1,92.0,107390.0
119.4,75,100,90,0.0,114.16,14.361,2.4367,100,1.0,0,0.0010091,12.923,17.949,81812,90318.0,6.5075,297.97,468.64,1.7505,10.0,,23,,1.6613,0.18923,,,1.6721,0,,0,0,1,92,92,1,92.0,108050.0
119.6,75,100,90,0.0,111.69,6.085,0.24367,100,1.0,0,0.0010184,12.906,17.984,81867,90383.0,6.5058,297.95,462.85,1.7521,10.0,,23,,1.6645,0.1892,,,1.6737,0,,0,0,1,92,92,1,92.0,107890.0
119.8,75,100,90,0.0,109.92,0.0001,0.024367,100,1.0,0,0.00099257,12.933,18.019,81922,90447.0,6.5036,297.94,459.04,1.7537,10.0,,23,,1.6551,0.18927,,,1.6752,0,,0,0,1,92,92,1,92.0,107890.0
120.0,75,100,90,0.0,108.99,0.0001,10.628,100,1.0,0,0.00097068,12.951,18.053,81976,90511.0,6.5033,297.96,464.1,1.7553,10.0,2002.9,23,1631.8,1.6473,0.18932,17.913,23.232,1.6767,0,53.856,0,0,1,92,92,1,92.0,108050.0
120.2,75,100,90,0.0,108.18,2.3995,1.0628,100,1.0,0,0.00098885,12.922,18.088,82030,90576.0,6.5055,297.95,459.97,1.7568,10.0,,23,,1.6551,0.18926,,,1.6782,0,,0,0,1,92,92,1,92.0,108220.0
120.4,75,100,90,0.0,106.48,0.71984,19.737,100,1.0,0,0.0010186,12.881,18.124,82084,90640.0,6.505,297.98,474.66,1.7584,10.0,,23,,1.6684,0.18916,,,1.6797,0,,0,0,1,92,92,1,92.0,107220.0
120.6,75,100,90,0.0,105.01,11.7,1.9737,100,1.0,0,0.0010182,12.855,18.159,82138,90703.0,6.5052,297.97,468.23,1.76,10.0,,23,,1.6886,0.189,,,1.6813,0,,0,0,1,92,92,1,92.0,109220.0
120.8,75,100,90,0.0,103.43,5.1141,0.19737,100,1.0,0,0.001004,12.876,18.194,82191,90766.0,6.4998,297.95,462.65,1.7616,10.0,,23,,1.6757,0.1891,,,1.6828,0,,0,0,1,92,92,1,92.0,107720.0
121.0,75,100,90,0.0,104.04,0.0001,0.019737,100,1.0,0,0.0010164,12.859,18.23,82244,90830.0,6.4963,297.94,459.64,1.7632,10.0,,23,,1.6789,0.18907,,,1.6843,0,,0,0,1,92,92,1,92.0,109230.0
121.2,75,100,90,0.0,106.01,0.0001,9.8345,100,1.0,0,0.0010107,12.867,18.265,82298,90894.0,6.4935,297.96,465.27,1.7648,10.0,,23,,1.6719,0.18912,,,1.6859,0,,0,0,1,92,92,1,92.0,108390.0
121.4,75,100,90,0.0,109.12,2.9259,0.98345,100,1.0,0,0.0010288,12.848,18.3,82352,90958.0,6.4912,297.95,461.79,1.7664,10.0,,23,,1.6765,0.18908,,,1.6874,0,,0,0,1,92,92,1,92.0,109230.0
121.6,75,100,90,0.0,113.18,0.0001,0.098345,100,1.0,0,0.0010345,12.846,18.335,82408,91024.0,6.4919,297.94,458.68,1.768,10.0,,23,,1.679,0.18906,,,1.689,0,,0,0,1,92,92,1,92.0,108400.0
121.8,75,100,90,0.0,116.91,0.0001,11.744,100,1.0,0,0.00099794,12.895,18.369,82464,91090.0,6.4967,297.96,464.55,1.7696,10.0,,23,,1.6612,0.18919,,,1.6905,0,,0,0,1,92,92,1,92.0,109390.0
122.0,75,100,90,0.0,118.72,3.0347,1.1744,100,1.0,0,0.000994,12.914,18.403,82520,91156.0,6.4983,297.94,458.86,1.7712,10.0,,23,,1.6453,0.18931,,,1.692,0,,0,0,1,92,92,1,92.0,109550.0
122.2,75,100,90,0.0,119.93,0.91042,22.583,100,1.0,0,0.00098965,12.917,18.436,82576,91222.0,6.4998,297.98,473.16,1.7728,10.0,,23,,1.6465,0.1893,,,1.6935,0,,0,0,1,92,92,1,92.0,109370.0
122.4,75,100,90,0.0,120.52,11.391,2.2583,100,1.0,0,0.0010035,12.904,18.469,82633,91289.0,6.4984,297.96,464.19,1.7743,10.0,,23,,1.6447,0.18931,,,1.695,0,,0,0,1,92,92,1,92.0,110200.0
122.6,75,100,90,0.0,121.67,2.4737,0.22583,100,1.0,0,0.00098907,12.916,18.503,82690,91356.0,6.4942,297.94,457.13,1.7759,10.0,,23,,1.6409,0.18933,,,1.6965,0,,0,0,1,92,92,1,92.0,109020.0
122.8,75,100,90,0.0,124.54,0.74212,14.506,100,1.0,0,0.00097164,12.944,18.535,82747,91423.0,6.4944,297.95,462.92,1.7774,10.0,,23,,1.6322,0.18939,,,1.6979,0,,0,0,1,92,92,1,92.0,109010.0
123.0,75,100,90,0.0,127.27,3.6256,1.4506,100,1.0,0,0.00098519,12.921,18.568,82805,91491.0,6.4933,297.93,455.75,1.7789,10.0,,23,,1.6422,0.18932,,,1.6994,0,,0,0,1,92,92,1,92.0,110830.0
123.2,75,100,90,0.0,130.48,1.0877,25.798,100,1.0,0,0.00098949,12.921,18.6,82864,91560.0,6.4946,297.97,471.61,1.7804,10.0,,23,,1.6468,0.18928,,,1.7009,0,,0,0,1,92,92,1,92.0,109990.0
123.4,75,100,90,0.0,133.15,12.62,2.5798,100,1.0,0,0.00097393,12.947,18.631,82923,91629.0,6.4984,297.95,460.15,1.782,10.0,,23,,1.6391,0.18933,,,1.7023,0,,0,0,1,92,92,1,92.0,110300.0
123.6,75,100,90,0.0,134.3,3.786,42.166,100,1.0,0,0.00099006,12.928,18.663,82982,91699.0,6.5025,298.02,489.04,1.7835,10.0,,23,,1.6419,0.18931,,,1.7038,0,,0,0,1,92,92,1,92.0,110620.0
123.8,75,100,90,0.0,133.83,27.147,4.2166,100,1.0,0,0.00099711,12.918,18.695,83041,91768.0,6.5094,297.98,473.18,1.785,10.0,,23,,1.6429,0.1893,,,1.7053,0,,0,0,1,92,92,1,92.0,110110.0
124.0,75,100,90,0.0,130.57,13.499,0.42166,100,1.0,0,0.0010069,12.919,18.728,83100,91837.0,6.5173,297.95,460.59,1.7865,10.0,,23,,1.6274,0.18941,,,1.7067,0,,0,0,1,92,92,1,92.0,110760.0
124.2,75,100,90,0.0,124.17,4.0498,23.604,100,1.0,0,0.0010162,12.864,18.761,83157,91904.0,6.5237,297.98,474.13,1.7881,10.0,,23,,1.6544,0.18921,,,1.7082,0,,0,0,1,92,92,1,92.0,110920.0
124.4,75,100,90,0.0,115.22,14.079,2.3604,100,1.0,0,0.001004,12.838,18.794,83213,91970.0,6.5265,297.96,464.17,1.7896,10.0,,23,,1.6717,0.18907,,,1.7097,0,,0,0,1,92,92,1,92.0,110240.0
124.6,75,100,90,0.0,105.15,4.4655,0.23604,100,1.0,0,0.0010359,12.752,18.829,83266,92034.0,6.5222,297.94,458.75,1.7911,10.0,,23,,1.7072,0.1888,,,1.7112,0,,0,0,1,92,92,1,92.0,111740.0
124.8,75,100,90,0.0,96.814,1.3396,13.788,100,1.0,0,0.0010283,12.722,18.864,83318,92096.0,6.5179,297.96,467.6,1.7927,10.0,,23,,1.7251,0.18866,,,1.7127,0,,0,0,1,92,92,1,92.0,111570.0
125.0,75,100,90,0.0,90.191,6.9608,1.3788,100,1.0,0,0.0010212,12.689,18.899,83368,92157.0,6.5117,297.95,463.3,1.7943,10.0,,23,,1.7455,0.1885,,,1.7142,0,,0,0,1,92,92,1,92.0,111910.0
125.2,75,100,90,0.0,86.051,1.7437,0.13788,100,1.0,0,0.0010161,12.67,18.934,83418,92217.0,6.5052,297.95,460.19,1.7958,10.0,,23,,1.7566,0.18842,,,1.7156,0,,0,0,1,92,92,1,92.0,111740.0
125.4,75,100,90,0.0,84.505,0.52311,12.154,100,1.0,0,0.00099262,12.673,18.969,83467,92276.0,6.4997,297.97,467.89,1.7973,10.0,,23,,1.7661,0.18834,,,1.7171,0,,0,0,1,92,92,1,92.0,111240.0
125.6,75,100,90,0.0,85.123,5.2257,1.2154,100,1.0,0,0.00096668,12.695,19.003,83517,92336.0,6.4929,297.95,462.8,1.7988,10.0,,23,,1.762,0.18837,,,1.7185,0,,0,0,1,92,92,1,92.0,112570.0
125.8,75,100,90,0.0,88.508,0.0001,0.12154,100,1.0,0,0.00094622,12.748,19.036,83567,92396.0,6.4881,297.94,457.5,1.8003,10.0,,23,,1.7295,0.18862,,,1.7199,0,,0,0,1,92,92,1,92.0,112560.0
126.0,75,100,90,0.0,93.793,0.0001,12.912,100,1.0,0,0.00095298,12.743,19.07,83618,92457.0,6.4895,297.95,463.59,1.8017,10.0,,23,,1.7326,0.18859,,,1.7213,0,,0,0,1,92,92,1,92.0,112550.0
126.2,75,100,90,0.0,98.51,3.0917,1.2912,100,1.0,0,0.00095729,12.738,19.103,83670,92520.0,6.4943,297.94,457.74,1.8031,10.0,,23,,1.7377,0.18855,,,1.7227,0,,0,0,1,92,92,1,92.0,112540.0
126.4,75,100,90,0.0,101.32,0.92752,23.299,100,1.0,0,0.00094262,12.755,19.136,83723,92582.0,6.5013,297.98,471.96,1.8045,10.0,,23,,1.7333,0.18858,,,1.724,0,,0,0,1,92,92,1,92.0,113200.0
126.6,75,100,90,0.0,101.3,11.059,2.3299,100,1.0,0,0.00093238,12.762,19.169,83775,92645.0,6.5061,297.95,463.01,1.8059,10.0,,23,,1.7296,0.1886,,,1.7254,0,,0,0,1,92,92,1,92.0,113360.0
126.8,75,100,90,0.0,99.392,2.1621,0.23299,100,1.0,0,0.00095499,12.712,19.202,83828,92708.0,6.5092,297.94,456.46,1.8074,10.0,,23,,1.7507,0.18844,,,1.7267,0,,0,0,1,92,92,1,92.0,112680.0
127.0,75,100,90,0.0,96.248,0.64863,14.117,100,1.0,0,0.00097707,12.677,19.237,83879,92770.0,6.5079,297.96,464.2,1.8088,10.0,,23,,1.7591,0.18837,,,1.7281,0,,0,0,1,92,92,1,92.0,112680.0
127.2,75,100,90,0.0,93.637,5.0736,1.4117,100,1.0,0,0.00098019,12.65,19.272,83931,92831.0,6.5069,297.94,459.33,1.8103,10.0,,23,,1.7711,0.18828,,,1.7295,0,,0,0,1,92,92,1,92.0,114350.0
127.4,75,100,90,0.0,91.402,1.5221,24.752,100,1.0,0,0.00099255,12.616,19.307,83981,92892.0,6.5029,297.99,477.48,1.8117,10.0,,23,,1.7876,0.18815,,,1.7309,0,,0,0,1,92,92,1,92.0,112850.0
127.6,75,100,90,0.0,90.783,15.131,2.4752,100,1.0,0,0.001002,12.619,19.343,84032,92953.0,6.5004,297.97,470.7,1.8132,10.0,,23,,1.7749,0.18825,,,1.7324,0,,0,0,1,92,92,1,92.0,113690.0
127.8,75,100,90,0.0,91.139,8.5615,0.24752,100,1.0,0,0.00099685,12.62,19.378,84082,93014.0,6.4944,297.96,464.16,1.8147,10.0,,23,,1.7708,0.18827,,,1.7338,0,,0,0,1,92,92,1,92.0,113360.0
128.0,75,100,90,0.0,93.902,2.0302,0.024752,100,1.0,0,0.00098228,12.635,19.414,84133,93076.0,6.4914,297.94,459.11,1.8162,10.0,,23,,1.767,0.1883,,,1.7352,0,,0,0,1,92,92,1,92.0,113860.0
128.2,75,100,90,0.0,97.851,0.60907,13.013,100,1.0,0,0.00095271,12.664,19.448,84185,93138.0,6.4909,297.96,464.85,1.8176,10.0,,23,,1.767,0.1883,,,1.7366,0,,0,0,1,92,92,1,92.0,113520.0
128.4,75,100,90,0.0,101.99,3.5088,1.3013,100,1.0,0,0.00095094,12.679,19.483,84238,93201.0,6.4951,297.94,458.47,1.819,10.0,,23,,1.7585,0.18836,,,1.7379,0,,0,0,1,92,92,1,92.0,115190.0
128.6,75,100,90,0.0,104.46,1.0526,23.439,100,1.0,0,0.00096572,12.687,19.518,84291,93265.0,6.5003,297.98,473.21,1.8204,10.0,,23,,1.7379,0.18851,,,1.7393,0,,0,0,1,92,92,1,92.0,114690.0
128.8,75,100,90,0.0,104.85,11.62,2.3439,100,1.0,0,0.00097498,12.664,19.553,84345,93329.0,6.5047,297.96,465.84,1.8218,10.0,,23,,1.7488,0.18843,,,1.7406,0,,0,0,1,92,92,1,92.0,114850.0
129.0,75,100,90,0.0,103.48,4.2343,0.23439,100,1.0,0,0.00099296,12.653,19.589,84398,93392.0,6.5064,297.94,459.34,1.8233,10.0,,23,,1.7406,0.18849,,,1.742,0,,0,0,1,92,92,1,92.0,115520.0
129.2,75,100,90,0.0,101.42,1.2703,15.672,100,1.0,0,0.00096819,12.654,19.624,84450,93455.0,6.5083,297.96,467.27,1.8247,10.0,,23,,1.7481,0.18843,,,1.7434,0,,0,0,1,92,92,1,92.0,114520.0
129.4,75,100,90,0.0,98.617,6.0777,1.5672,100,1.0,0,0.00096892,12.656,19.658,84502,93518.0,6.5116,297.95,461.2,1.8261,10.0,,23,,1.7316,0.18855,,,1.7447,0,,0,0,1,92,92,1,92.0,115860.0
129.6,75,100,90,0.0,94.484,1.8233,25.755,100,1.0,0,0.00096884,12.634,19.693,84554,93580.0,6.5102,297.99,478.97,1.8275,10.0,,23,,1.736,0.18851,,,1.7461,0,,0,0,1,92,92,1,92.0,116020.0
129.8,75,100,90,0.0,90.919,15.197,2.5755,100,1.0,0,0.00095102,12.658,19.728,84604,93641.0,6.5075,297.97,470.75,1.8289,10.0,,23,,1.7196,0.18863,,,1.7475,0,,0,0,1,92,92,1,92.0,115350.0
130.0,75,100,90,0.0,88.429,7.5805,0.25755,100,1.0,0,0.00096657,12.641,19.763,84654,93701.0,6.503,297.95,463.62,1.8303,10.0,,23,,1.7123,0.18869,,,1.7488,0,,0,0,1,92,92,1,92.0,116520.0
130.2,75,100,90,0.0,87.748,0.61574,0.025755,100,1.0,-4000,0.0009723,12.612,19.798,84004,92961.0,6.5278,297.94,458.5,1.822,10.0,,23,,1.7185,0.18866,,,1.7408,0,,0,0,1,92,92,1,92.0,116520.0
130.4,75,100,90,0.0,77.067,0.18472,11.607,100,1.0,-4000,0.00099645,12.559,19.834,83353,92220.0,6.5449,297.96,465.56,1.8088,10.0,,23,,1.7094,0.18875,,,1.7282,0,,0,0,1,92,92,1,92.0,117030.0
130.6,75,100,90,0.0,59.632,4.2054,1.1607,100,1.0,-4000,0.00098922,12.507,19.871,82697,91475.0,6.5525,297.95,462.71,1.7954,10.0,,23,,1.7099,0.18877,,,1.7152,0,,0,0,1,92,92,1,92.0,115370.0
130.8,75,100,90,0.51981,29.816,0.085751,0.11607,100,1.0,-4000,0.0010126,12.381,19.91,82036,90724.0,6.5381,297.95,463.59,1.7819,10.0,,23,,1.73,0.18865,,,1.7022,0,,0,0,1,92,92,1,92.0,116220.0
131.0,75,100,90,0.0,15.158,0.0001,0.011607,100,1.0,-4000,0.0010297,12.299,19.95,81372,89970.0,6.5148,297.96,466.34,1.7684,10.0,,23,,1.7396,0.1886,,,1.6893,0,,0,0,1,92,92,1,92.0,116750.0
131.2,75,100,90,0.0,9.8079,0.72015,0.0011607,100,1.0,-4000,0.0010532,12.246,19.991,80708,89215.0,6.4891,297.97,469.89,1.7549,10.0,,23,,1.7387,0.18863,,,1.6763,0,,0,0,1,92,92,1,92.0,116940.0
131.4,75,100,90,0.0,14.712,2.3981,0.00011607,100,1.0,-4000,0.0010634,12.261,20.031,80044,88461.0,6.4675,297.98,472.13,1.7414,10.0,,23,,1.711,0.18887,,,1.6634,0,,0,0,1,92,92,1,92.0,117470.0
131.6,75,100,90,0.0,28.208,3.2518,0.0001,100,1.0,-4000,0.0010963,12.263,20.071,79383,87710.0,6.4542,297.98,473.45,1.7279,10.0,,23,,1.6913,0.18904,,,1.6505,0,,0,0,1,92,92,1,92.0,118160.0
131.8,75,100,90,0.0,47.042,3.5355,0.0001,100,1.0,-4000,0.0011489,12.277,20.111,78725,86962.0,6.4501,297.98,474.05,1.7145,10.0,,23,,1.6585,0.18932,,,1.6376,0,,0,0,1,92,92,1,92.0,117180.0
132.0,75,100,90,0.0,67.494,3.3225,0.0001,100,1.0,-4000,0.0012365,12.268,20.152,78072,86220.0,6.4567,297.98,475.13,1.7012,10.0,2102.9,23,1650.6,1.6214,0.18962,19.991,23.7,1.6248,0,62.101,0,0,1,92,92,1,92.0,117050.0
132.2,75,100,90,0.0,85.308,3.6264,0.0001,100,1.0,0,0.0012243,12.326,20.192,78122,86280.0,6.4469,297.98,474.48,1.698,10.0,,23,,1.5955,0.18983,,,1.6217,0,,0,0,1,92,92,1,92.0,117900.0
132.4,75,100,90,0.0,107.14,2.4342,0.0001,100,1.0,0,0.0011953,12.422,20.23,78177,86345.0,6.4477,297.97,471.34,1.6993,10.0,,23,,1.5651,0.19005,,,1.623,0,,0,0,1,92,92,1,92.0,117250.0
132.6,75,100,90,0.0,128.55,0.0001,0.0001,100,1.0,0,0.0011747,12.514,20.267,78235,86415.0,6.4584,297.96,466.44,1.7008,10.0,,23,,1.5317,0.1903,,,1.6244,0,,0,0,1,92,92,1,92.0,117590.0
132.8,75,100,90,0.0,145.68,0.0001,0.0001,100,1.0,0,0.0011445,12.621,20.301,78297,86487.0,6.4747,297.94,458.79,1.7024,10.0,,23,,1.4867,0.19064,,,1.6259,0,,0,0,1,92,92,1,92.0,119090.0
133.0,75,100,90,0.0,156.28,0.0001,14.648,100,1.0,0,0.0011095,12.687,20.335,78362,86562.0,6.4926,297.95,462.29,1.7038,10.0,,23,,1.4654,0.1908,,,1.6273,0,,0,0,1,92,92,1,92.0,118420.0
133.2,75,100,90,0.0,159.74,1.1706,1.4648,100,1.0,0,0.0010564,12.734,20.367,78426,86637.0,6.5109,297.92,451.29,1.7052,10.0,,23,,1.4655,0.19079,,,1.6286,0,,0,0,1,92,92,1,92.0,119070.0
133.4,75,100,90,0.0,155.91,0.35119,28.094,100,1.0,0,0.0010481,12.719,20.399,78490,86711.0,6.5267,297.96,465.01,1.7066,10.0,,23,,1.4732,0.19073,,,1.63,0,,0,0,1,92,92,1,92.0,119390.0
133.6,75,100,90,0.0,145.74,10.226,2.8094,100,1.0,0,0.001074,12.639,20.432,78552,86784.0,6.5367,297.93,453.52,1.708,10.0,,23,,1.5081,0.19047,,,1.6313,0,,0,0,1,92,92,1,92.0,119210.0
133.8,75,100,90,0.0,131.6,3.0677,43.127,100,1.0,0,0.0010789,12.588,20.466,78612,86853.0,6.5439,298.0,482.67,1.7094,10.0,,23,,1.5268,0.19032,,,1.6326,0,,0,0,1,92,92,1,92.0,118880.0
134.0,75,100,90,0.0,114.55,27.314,4.3127,100,1.0,0,0.0010259,12.584,20.5,78667,86919.0,6.5474,297.96,467.12,1.7107,10.0,,23,,1.5289,0.1903,,,1.6339,0,,0,0,1,92,92,1,92.0,118540.0
134.2,75,100,90,0.0,96.119,12.642,0.43127,100,1.0,0,0.0010551,12.483,20.536,78719,86982.0,6.5415,297.93,456.25,1.712,10.0,,23,,1.5616,0.19005,,,1.6352,0,,0,0,1,92,92,1,92.0,118540.0
134.4,75,100,90,0.0,80.055,3.7925,24.088,100,1.0,0,0.0010504,12.432,20.572,78768,87041.0,6.5316,297.98,471.68,1.7134,10.0,,23,,1.581,0.18991,,,1.6365,0,,0,0,1,92,92,1,92.0,119550.0
134.6,75,100,90,0.0,67.962,15.684,2.4088,100,1.0,0,0.0010602,12.379,20.608,78815,87098.0,6.5151,297.96,464.39,1.7148,10.0,,23,,1.5894,0.18984,,,1.6378,0,,0,0,1,92,92,1,92.0,118890.0
134.8,75,100,90,0.0,62.46,7.7826,0.24088,100,1.0,0,0.0010746,12.351,20.646,78860,87153.0,6.4974,297.94,458.97,1.7161,10.0,,23,,1.5953,0.18979,,,1.6391,0,,0,0,1,92,92,1,92.0,120230.0
135.0,75,100,90,0.0,64.022,2.3348,18.926,100,1.0,0,0.0010836,12.334,20.683,78906,87210.0,6.4802,297.98,472.93,1.7175,10.0,,23,,1.6015,0.18974,,,1.6404,0,,0,0,1,92,92,1,92.0,120410.0
135.2,75,100,90,0.0,72.443,13.012,1.8926,100,1.0,0,0.0010568,12.389,20.719,78953,87267.0,6.4698,297.96,465.74,1.7189,10.0,,23,,1.5853,0.18986,,,1.6418,0,,0,0,1,92,92,1,92.0,120750.0
135.4,75,100,90,0.0,85.032,5.3682,0.18926,100,1.0,0,0.0010498,12.454,20.754,79003,87328.0,6.4645,297.94,458.18,1.7202,10.0,,23,,1.5553,0.19009,,,1.643,0,,0,0,1,92,92,1,92.0,120910.0
135.6,75,100,90,0.0,99.727,1.6105,18.697,100,1.0,0,0.0010456,12.496,20.788,79056,87391.0,6.4646,297.96,467.29,1.7216,10.0,,23,,1.5457,0.19016,,,1.6443,0,,0,0,1,92,92,1,92.0,120910.0
135.8,75,100,90,0.0,114.37,7.8043,1.8697,100,1.0,0,0.0010304,12.552,20.82,79111,87457.0,6.4699,297.94,457.22,1.7229,10.0,,23,,1.5314,0.19026,,,1.6456,0,,0,0,1,92,92,1,92.0,121560.0
136.0,75,100,90,0.0,126.93,2.3413,34.391,100,1.0,0,0.0010082,12.616,20.852,79170,87525.0,6.4756,297.99,476.33,1.7241,10.0,,23,,1.5161,0.19037,,,1.6468,0,,0,0,1,92,92,1,92.0,120710.0
136.2,75,100,90,0.0,137.2,17.588,3.4391,100,1.0,0,0.0010358,12.617,20.883,79230,87596.0,6.4829,297.95,461.79,1.7254,10.0,,23,,1.5159,0.19037,,,1.6481,0,,0,0,1,92,92,1,92.0,120690.0
136.4,75,100,90,0.0,144.54,5.2765,51.878,100,1.0,0,0.0010495,12.636,20.914,79292,87668.0,6.4927,298.04,495.04,1.7267,10.0,,23,,1.5004,0.19049,,,1.6493,0,,0,0,1,92,92,1,92.0,122340.0
136.6,75,100,90,0.0,147.97,33.906,5.1878,100,1.0,0,0.0010232,12.684,20.944,79354,87741.0,6.5002,297.98,474.92,1.728,10.0,,23,,1.4779,0.19066,,,1.6505,0,,0,0,1,92,92,1,92.0,121820.0
136.8,75,100,90,0.0,148.4,16.34,0.51878,100,1.0,0,0.0010067,12.697,20.974,79416,87814.0,6.5017,297.93,455.85,1.7293,10.0,,23,,1.4754,0.19067,,,1.6518,0,,0,0,1,92,92,1,92.0,121630.0
137.0,75,100,90,0.0,148.27,4.902,31.418,100,1.0,0,0.00099334,12.705,21.004,79479,87886.0,6.5031,297.97,468.47,1.7305,10.0,,23,,1.474,0.19068,,,1.6529,0,,0,0,1,92,92,1,92.0,122100.0
137.2,75,100,90,0.0,147.53,14.247,3.1418,100,1.0,0,0.00098955,12.677,21.033,79541,87959.0,6.5014,297.92,451.85,1.7318,10.0,,23,,1.5031,0.19046,,,1.6541,0,,0,0,1,92,92,1,92.0,122570.0
137.4,75,100,90,0.0,147.52,4.274,51.028,100,1.0,0,0.00099021,12.686,21.062,79603,88032.0,6.4983,298.0,481.98,1.733,10.0,,23,,1.4992,0.19048,,,1.6553,0,,0,0,1,92,92,1,92.0,121710.0
137.6,75,100,90,0.0,148.71,29.017,5.1028,100,1.0,0,0.00097746,12.693,21.091,79666,88104.0,6.4985,297.95,460.42,1.7342,10.0,,23,,1.503,0.19045,,,1.6564,0,,0,0,1,92,92,1,92.0,121510.0
137.8,75,100,90,0.0,149.84,8.7052,76.634,100,1.0,0,0.0010043,12.661,21.12,79729,88178.0,6.4957,298.08,511.61,1.7354,10.0,,23,,1.5193,0.19033,,,1.6576,0,,0,0,1,92,92,1,92.0,122320.0
138.0,75,100,90,0.0,152.08,53.396,7.6634,100,1.0,0,0.00098662,12.675,21.149,79792,88251.0,6.4935,298.0,482.45,1.7366,10.0,,23,,1.5238,0.19029,,,1.6588,0,,0,0,1,92,92,1,92.0,121950.0
138.2,75,100,90,0.0,155.19,29.031,0.76634,100,1.0,0,0.0009843,12.684,21.177,79856,88325.0,6.4973,297.94,456.39,1.7378,10.0,,23,,1.5192,0.19032,,,1.6599,0,,0,0,1,92,92,1,92.0,121750.0
138.4,75,100,90,0.0,156.75,8.7093,43.331,100,1.0,0,0.00096843,12.708,21.205,79920,88400.0,6.5075,297.99,476.26,1.739,10.0,,23,,1.5105,0.19039,,,1.661,0,,0,0,1,92,92,1,92.0,122220.0
138.6,75,100,90,0.0,154.24,24.718,4.3331,100,1.0,0,0.00095768,12.713,21.233,79983,88473.0,6.5178,297.93,454.79,1.7401,10.0,,23,,1.5056,0.19042,,,1.6622,0,,0,0,1,92,92,1,92.0,122680.0
138.8,75,100,90,0.0,147.65,7.4154,68.301,100,1.0,0,0.00095239,12.69,21.261,80045,88546.0,6.5221,298.04,498.03,1.7413,10.0,,23,,1.511,0.19038,,,1.6633,0,,0,0,1,92,92,1,92.0,121980.0
139.0,75,100,90,0.0,139.37,44.208,6.8301,100,1.0,0,0.00096026,12.653,21.29,80106,88617.0,6.5228,297.98,473.04,1.7424,10.0,,23,,1.5179,0.19033,,,1.6644,0,,0,0,1,92,92,1,92.0,123450.0
139.2,75,100,90,0.0,130.79,22.522,0.68301,100,1.0,0,0.00096728,12.626,21.32,80165,88686.0,6.5152,297.92,451.31,1.7436,10.0,,23,,1.5156,0.19034,,,1.6655,0,,0,0,1,92,92,1,92.0,122260.0
139.4,75,100,90,0.0,125.27,6.7566,38.773,100,1.0,0,0.0010044,12.567,21.351,80223,88755.0,6.5114,297.98,471.66,1.7448,10.0,,23,,1.5292,0.19024,,,1.6666,0,,0,0,1,92,92,1,92.0,123910.0
139.6,75,100,90,0.0,121.23,22.557,3.8773,100,1.0,0,0.0009811,12.558,21.382,80280,88822.0,6.5041,297.93,454.22,1.746,10.0,,23,,1.538,0.19017,,,1.6678,0,,0,0,1,92,92,1,92.0,122890.0
139.8,75,100,90,0.0,120.12,6.7671,63.463,100,1.0,0,0.00099835,12.542,21.413,80336,88889.0,6.501,298.04,497.18,1.7471,10.0,,23,,1.5394,0.19015,,,1.6689,0,,0,0,1,92,92,1,92.0,123040.0
140.0,75,100,90,0.0,10.0,43.021,6.3463,100,1.0,0,0.0010232,12.136,21.451,80371,88935.0,6.4515,298.01,484.86,1.7484,10.0,,23,,1.6596,0.18924,,,1.6701,0,,1,0,1,92,92,1,92.0,124220.0
140.2,75,100,90,0.0,10.0,32.696,0.63463,100,1.0,0,0.0010668,12.079,21.489,80406,88980.0,6.407,297.98,472.28,1.7496,10.0,,23,,1.6932,0.18899,,,1.6713,0,,1,0,1,92,92,1,92.0,123740.0
140.4,75,100,90,0.0,10.0,22.018,0.063463,100,1.0,0,0.0010697,12.07,21.528,80440,89026.0,6.3672,297.95,463.38,1.7509,10.0,,23,,1.7033,0.18891,,,1.6725,0,,1,0,1,92,92,1,92.0,123920.0
140.6,75,100,90,0.0,10.0,13.423,0.0063463,100,1.0,0,0.0010692,12.074,21.566,80475,89072.0,6.3315,297.94,457.43,1.7522,10.0,,23,,1.6984,0.18894,,,1.6737,0,,1,0,1,92,92,1,92.0,124440.0
140.8,75,100,90,0.0,10.0,4.027,24.614,100,1.0,0,0.0010512,12.086,21.603,80510,89117.0,6.2993,297.99,477.8,1.7535,10.0,,23,,1.6937,0.18898,,,1.675,0,,1,0,1,92,92,1,92.0,125120.0
141.0,75,100,90,0.0,10.0,20.058,2.4614,100,1.0,0,0.0010775,12.064,21.641,80545,89163.0,6.2692,297.97,471.49,1.7547,10.0,,23,,1.6937,0.18897,,,1.6762,0,,1,0,1,92,92,1,92.0,125130.0
141.2,75,100,90,0.0,10.0,13.688,0.24614,100,1.0,0,0.0010873,12.054,21.679,80579,89208.0,6.241,297.96,466.11,1.756,10.0,,23,,1.694,0.18897,,,1.6774,0,,1,0,1,92,92,1,92.0,124810.0
141.4,75,100,90,0.0,10.0,8.0509,0.024614,100,1.0,0,0.0010701,12.067,21.717,80614,89254.0,6.2152,297.95,462.4,1.7573,10.0,,23,,1.6955,0.18896,,,1.6786,0,,1,0,1,92,92,1,92.0,124660.0
141.6,75,100,90,0.0,10.0,3.3732,0.0024614,100,1.0,0,0.0010838,12.042,21.755,80649,89300.0,6.1911,297.95,461.11,1.7585,10.0,,23,,1.7049,0.18888,,,1.6798,0,,1,0,1,92,92,1,92.0,125670.0
141.8,75,100,90,0.0,10.0,1.0119,12.386,100,1.0,0,0.0010278,12.106,21.792,80683,89345.0,6.1689,297.97,470.44,1.7598,10.0,,23,,1.6819,0.18905,,,1.681,0,,1,0,1,92,92,1,92.0,126180.0
142.0,75,100,90,0.0,10.0,7.4093,1.2386,100,1.0,0,0.0009897,12.141,21.829,80718,89390.0,6.1483,297.96,465.27,1.7609,10.0,,23,,1.6709,0.18913,,,1.6821,0,,1,0,1,92,92,1,92.0,125520.0
142.2,75,100,90,0.0,10.0,1.5645,0.12386,100,1.0,0,0.0010237,12.102,21.866,80753,89436.0,6.1284,297.95,462.72,1.7621,10.0,,23,,1.6808,0.18906,,,1.6832,0,,1,0,1,92,92,1,92.0,125370.0
142.4,75,100,90,0.0,10.0,0.0001,0.012386,100,1.0,0,0.00098852,12.143,21.902,80787,89481.0,6.1096,297.94,459.78,1.7632,10.0,,23,,1.6648,0.18918,,,1.6843,0,,1,0,1,92,92,1,92.0,125870.0
142.6,75,100,90,0.0,10.0,0.0001,11.735,100,1.0,0,0.00099326,12.134,21.938,80822,89527.0,6.0916,297.96,467.52,1.7643,10.0,,23,,1.6657,0.18917,,,1.6854,0,,1,0,1,92,92,1,92.0,125550.0
142.8,75,100,90,0.0,10.0,4.8664,1.1735,100,1.0,0,0.0009386,12.192,21.973,80857,89572.0,6.0747,297.95,461.59,1.7653,10.0,,23,,1.6486,0.18929,,,1.6864,0,,1,0,1,92,92,1,92.0,127050.0
143.0,75,100,90,0.0,10.0,1.4599,24.613,100,1.0,0,0.00091987,12.208,22.008,80891,89617.0,6.0587,297.99,477.78,1.7664,10.0,,23,,1.6443,0.18932,,,1.6874,0,,1,0,1,92,92,1,92.0,127210.0
143.2,75,100,90,0.0,10.0,14.084,2.4613,100,1.0,0,0.00091921,12.207,22.042,80926,89662.0,6.0432,297.97,468.04,1.7674,10.0,,23,,1.6444,0.18932,,,1.6883,0,,1,0,1,92,92,1,92.0,126380.0
143.4,75,100,90,0.0,10.0,4.7621,0.24613,100,1.0,0,0.00092472,12.207,22.077,80961,89708.0,6.0283,297.95,460.36,1.7684,10.0,,23,,1.6402,0.18935,,,1.6893,0,,1,0,1,92,92,1,92.0,126380.0
143.6,75,100,90,0.0,10.0,1.4286,15.214,100,1.0,0,0.00093236,12.208,22.112,80995,89753.0,6.0139,297.97,467.85,1.7693,10.0,,23,,1.6348,0.18939,,,1.6902,0,,1,0,1,92,92,1,92.0,126710.0
143.8,75,100,90,0.0,10.0,6.2116,1.5214,100,1.0,0,0.00095647,12.18,22.147,81030,89798.0,6.0,297.95,461.36,1.7703,10.0,,23,,1.6427,0.18933,,,1.6912,0,,1,0,1,92,92,1,92.0,127040.0
144.0,75,100,90,0.0,10.0,1.8635,26.328,100,1.0,0,0.00094471,12.21,22.181,81064,89844.0,5.9868,297.99,478.8,1.7713,10.0,2214.0,23,1681.4,1.6208,0.18949,22.042,24.071,1.6921,0,69.83,1,0,1,92,92,1,92.0,127710.0
144.2,75,100,90,0.0,10.0,15.552,2.6328,100,1.0,0,0.00094907,12.216,22.215,81099,89889.0,5.9739,297.97,468.82,1.7723,10.0,,23,,1.6098,0.18957,,,1.6931,0,,1,0,1,92,92,1,92.0,128200.0
144.4,75,100,90,0.0,10.0,6.1141,0.26328,100,1.0,0,0.00093173,12.235,22.249,81134,89934.0,5.9615,297.95,460.07,1.7733,10.0,,23,,1.6027,0.18963,,,1.694,0,,1,0,1,92,92,1,92.0,127860.0
144.6,75,100,90,0.0,10.0,1.8342,17.386,100,1.0,0,0.00091804,12.248,22.283,81168,89979.0,5.9496,297.97,468.26,1.7742,10.0,,23,,1.5956,0.18968,,,1.6949,0,,1,0,1,92,92,1,92.0,128690.0
144.8,75,100,90,0.0,10.0,7.2204,1.7386,100,1.0,0,0.00092996,12.244,22.317,81203,90025.0,5.9379,297.95,460.41,1.7752,10.0,,23,,1.5898,0.18972,,,1.6958,0,,1,0,1,92,92,1,92.0,127350.0
145.0,75,100,90,0.0,10.0,2.1661,29.298,100,1.0,0,0.00095271,12.208,22.352,81238,90070.0,5.9262,298.0,479.95,1.7761,10.0,,23,,1.6073,0.18959,,,1.6967,0,,1,0,1,92,92,1,92.0,128350.0
145.2,75,100,90,0.0,10.0,17.617,2.9298,100,1.0,0,0.0009429,12.216,22.386,81272,90115.0,5.9148,297.97,468.68,1.7771,10.0,,23,,1.6075,0.18958,,,1.6976,0,,1,0,1,92,92,1,92.0,128350.0
145.4,75,100,90,0.0,10.0,7.1226,0.29298,100,1.0,0,0.00094086,12.22,22.42,81307,90161.0,5.9037,297.94,458.86,1.778,10.0,,23,,1.61,0.18956,,,1.6985,0,,1,0,1,92,92,1,92.0,128840.0
145.6,75,100,90,0.0,10.0,2.1368,19.001,100,1.0,0,0.00097552,12.177,22.456,81341,90206.0,5.8927,297.97,469.07,1.7789,10.0,,23,,1.6255,0.18944,,,1.6994,0,,1,0,1,92,92,1,92.0,128350.0
145.8,75,100,90,0.0,10.0,9.1984,1.9001,100,1.0,0,0.0009877,12.166,22.491,81376,90252.0,5.8821,297.95,460.7,1.7799,10.0,,23,,1.6283,0.18942,,,1.7003,0,,1,0,1,92,92,1,92.0,129520.0
146.0,75,100,90,0.0,10.0,2.7595,32.794,100,1.0,0,0.00098859,12.157,22.526,81411,90297.0,5.8717,298.0,483.07,1.7808,10.0,,23,,1.6395,0.18933,,,1.7012,0,,1,0,1,92,92,1,92.0,129020.0
146.2,75,100,90,0.0,10.0,20.716,3.2794,100,1.0,0,0.0010074,12.145,22.562,81445,90343.0,5.8615,297.97,470.27,1.7817,10.0,,23,,1.6368,0.18935,,,1.7021,0,,1,0,1,92,92,1,92.0,129190.0
146.4,75,100,90,0.0,10.0,9.1322,0.32794,100,1.0,0,0.00098421,12.168,22.597,81480,90388.0,5.8518,297.94,459.65,1.7827,10.0,,23,,1.6314,0.18939,,,1.703,0,,1,0,1,92,92,1,92.0,130020.0
146.6,75,100,90,0.0,10.0,2.7397,20.225,100,1.0,0,0.0009375,12.214,22.632,81515,90434.0,5.8426,297.97,468.88,1.7836,10.0,,23,,1.614,0.18952,,,1.7039,0,,1,0,1,92,92,1,92.0,129690.0
146.8,75,100,90,0.0,10.0,9.0085,2.0225,100,1.0,0,0.00087546,12.285,22.664,81549,90479.0,5.8341,297.94,456.48,1.7844,10.0,,23,,1.5888,0.18971,,,1.7047,0,,1,0,1,92,92,1,92.0,129840.0
147.0,75,100,90,0.0,10.0,2.7026,37.189,100,1.0,0,0.00086188,12.284,22.696,81584,90524.0,5.8257,297.99,478.66,1.7852,10.0,,23,,1.5927,0.18968,,,1.7054,0,,1,0,1,92,92,1,92.0,129660.0
147.2,75,100,90,0.0,10.0,20.124,3.7189,100,1.0,0,0.00085031,12.291,22.727,81618,90569.0,5.8174,297.95,461.56,1.7859,10.0,,23,,1.5983,0.18963,,,1.7061,0,,1,0,1,92,92,1,92.0,130470.0
147.4,75,100,90,0.0,10.0,6.0371,57.572,100,1.0,0,0.00085053,12.293,22.758,81653,90614.0,5.8094,298.05,499.57,1.7866,10.0,,23,,1.5997,0.18962,,,1.7068,0,,1,0,1,92,92,1,92.0,130120.0
147.6,75,100,90,0.0,10.0,37.966,5.7572,100,1.0,0,0.00080727,12.346,22.788,81687,90659.0,5.8018,297.98,473.14,1.7873,10.0,,23,,1.5788,0.18978,,,1.7075,0,,1,0,1,92,92,1,92.0,129930.0
147.8,75,100,90,0.0,10.0,15.693,0.57572,100,1.0,0,0.00079341,12.365,22.818,81722,90704.0,5.7944,297.93,452.81,1.788,10.0,,23,,1.5679,0.18986,,,1.7081,0,,1,0,1,92,92,1,92.0,130910.0
148.0,75,100,90,0.0,10.0,4.7078,28.996,100,1.0,0,0.00083129,12.317,22.849,81757,90749.0,5.787,297.96,464.65,1.7886,10.0,,23,,1.5897,0.18969,,,1.7088,0,,1,0,1,92,92,1,92.0,131050.0
148.2,75,100,90,0.0,10.0,12.779,2.8996,100,1.0,0,0.00081453,12.361,22.879,81791,90794.0,5.7798,297.92,448.26,1.7893,10.0,,23,,1.5619,0.1899,,,1.7094,0,,1,0,1,92,92,1,92.0,130530.0
148.4,75,100,90,0.0,10.0,3.8338,49.795,100,1.0,0,0.00078322,12.392,22.907,81826,90839.0,5.7731,297.99,477.65,1.7899,10.0,,23,,1.5517,0.18998,,,1.71,0,,1,0,1,92,92,1,92.0,130830.0
148.6,75,100,90,0.0,10.0,26.819,4.9795,100,1.0,0,0.00079513,12.379,22.936,81860,90884.0,5.7664,297.93,455.8,1.7905,10.0,,23,,1.5517,0.18998,,,1.7106,0,,1,0,1,92,92,1,92.0,129970.0
148.8,75,100,90,0.0,10.0,8.0458,75.325,100,1.0,0,0.00083621,12.345,22.967,81895,90929.0,5.7595,298.07,507.2,1.7912,10.0,,23,,1.5555,0.18995,,,1.7112,0,,1,0,1,92,92,1,92.0,131610.0
149.0,75,100,90,0.0,10.0,51.176,7.5325,100,1.0,0,0.00085878,12.312,22.998,81929,90975.0,5.7525,297.99,475.9,1.7919,10.0,,23,,1.5677,0.18985,,,1.7118,0,,1,0,1,92,92,1,92.0,130920.0
149.2,75,100,90,0.0,10.0,25.161,0.75325,100,1.0,0,0.000833,12.351,23.028,81964,91020.0,5.7457,297.92,451.33,1.7925,10.0,,23,,1.548,0.19,,,1.7125,0,,1,0,1,92,92,1,92.0,131570.0
149.4,75,100,90,0.0,10.0,7.5482,39.329,100,1.0,0,0.00081839,12.352,23.058,81999,91065.0,5.7392,297.97,469.79,1.7931,10.0,,23,,1.5618,0.1899,,,1.7131,0,,1,0,1,92,92,1,92.0,131880.0
149.6,75,100,90,0.0,10.0,21.345,3.9329,100,1.0,0,0.00078277,12.38,23.087,82033,91110.0,5.7327,297.92,448.45,1.7937,10.0,,23,,1.5594,0.18991,,,1.7136,0,,1,0,1,92,92,1,92.0,131850.0
149.8,75,100,90,0.0,10.0,6.4034,66.161,100,1.0,0,0.00077177,12.395,23.115,82068,91155.0,5.7265,298.02,489.95,1.7943,10.0,,23,,1.555,0.18995,,,1.7141,0,,1,0,1,92,92,1,92.0,131980.0
150.0,75,100,90,0.0,10.0,40.048,6.6161,100,1.0,0,0.00080361,12.355,23.145,82102,91200.0,5.7202,297.95,461.92,1.7948,10.0,,23,,1.572,0.18982,,,1.7147,0,,1,0,1,92,92,1,92.0,131620.0
150.2,75,100,90,0.0,10.0,15.501,0.66161,0,0.9,-4000,0.00077678,11.181,23.178,81420,90425.0,5.7189,297.92,449.71,1.7854,10.0,,23,,1.6624,0.18915,,,1.7057,0,,1,0,1,92,92,1,92.0,132780.0
150.4,75,100,90,0.0,10.0,4.6504,23.212,0,0.9,-4000,0.00085188,11.097,23.214,80737,89650.0,5.7172,297.96,465.24,1.7713,10.0,,23,,1.684,0.18901,,,1.6921,0,,1,0,1,92,92,1,92.0,132620.0
150.6,75,100,90,0.0,10.0,15.63,2.3212,0,0.9,-4000,0.00086164,11.086,23.25,80055,88875.0,5.7155,297.94,456.33,1.7569,10.0,,23,,1.6655,0.18918,,,1.6783,0,,1,0,1,92,92,1,92.0,132620.0
150.8,75,100,90,0.0,10.0,4.6889,45.349,0,0.9,-4000,0.00087873,11.059,23.286,79372,88101.0,5.7137,298.03,492.12,1.7425,10.0,,23,,1.6538,0.1893,,,1.6644,0,,1,0,1,92,92,1,92.0,133290.0
151.0,75,100,90,0.0,10.0,34.763,4.5349,0,0.9,-4000,0.00089188,11.046,23.323,78690,87326.0,5.7118,297.99,475.22,1.728,10.0,,23,,1.6326,0.18949,,,1.6506,0,,1,0,1,92,92,1,92.0,133130.0
151.2,75,100,90,0.0,10.0,19.787,0.45349,0,0.9,-4000,0.00094229,10.991,23.361,78008,86551.0,5.7096,297.95,463.81,1.7136,10.0,,23,,1.6303,0.18953,,,1.6367,0,,1,0,1,92,92,1,92.0,133310.0
151.4,75,100,90,0.0,10.0,9.0835,0.045349,0,0.9,-4000,0.00096393,10.974,23.399,77325,85777.0,5.7075,297.94,457.63,1.6993,10.0,,23,,1.6104,0.18971,,,1.6229,0,,1,0,1,92,92,1,92.0,132160.0
151.6,75,100,90,0.0,10.0,2.7251,18.856,0,0.9,-4000,0.001002,10.948,23.439,76643,85002.0,5.7052,297.98,472.42,1.6849,10.0,,23,,1.586,0.18992,,,1.6091,0,,1,0,1,92,92,1,92.0,133850.0
151.8,75,100,90,0.0,10.0,14.347,1.8856,0,0.9,-4000,0.0010442,10.899,23.479,75962,84228.0,5.7027,297.96,466.84,1.6705,10.0,,23,,1.5784,0.19001,,,1.5953,0,,1,0,1,92,92,1,92.0,133540.0
152.0,75,100,90,0.0,10.0,7.974,0.18856,0,0.9,-4000,0.0011037,10.839,23.522,75280,83454.0,5.7001,297.96,464.03,1.6562,10.0,,23,,1.5778,0.19004,,,1.5816,0,,1,0,1,92,92,1,92.0,133580.0
152.2,75,100,90,0.0,10.0,4.0196,0.018856,0,0.9,0,0.0010604,10.873,23.563,75295,83480.0,5.6933,297.95,462.32,1.6522,10.0,,23,,1.5604,0.19018,,,1.5777,0,,1,0,1,92,92,1,92.0,134780.0
152.4,75,100,90,0.0,10.0,0.76251,0.0018856,0,0.9,0,0.0010001,10.922,23.604,75310,83506.0,5.6868,297.95,460.77,1.6526,10.0,,23,,1.5431,0.19031,,,1.5781,0,,1,0,1,92,92,1,92.0,134470.0
152.6,75,100,90,0.0,10.0,0.22875,11.637,0,0.9,0,0.0010155,10.9,23.644,75325,83531.0,5.6803,297.97,470.07,1.6532,10.0,,23,,1.5517,0.19024,,,1.5787,0,,1,0,1,92,92,1,92.0,134330.0
152.8,75,100,90,0.0,10.0,7.1193,1.1637,0,0.9,0,0.0010065,10.895,23.684,75340,83557.0,5.6739,297.96,466.18,1.6538,10.0,,23,,1.5575,0.1902,,,1.5793,0,,1,0,1,92,92,1,92.0,134180.0
153.0,75,100,90,0.0,10.0,2.1513,0.11637,0,0.9,0,0.00097908,10.902,23.723,75355,83583.0,5.6677,297.95,463.1,1.6544,10.0,,23,,1.5644,0.19015,,,1.5798,0,,1,0,1,92,92,1,92.0,134370.0
153.2,75,100,90,0.0,10.0,0.0001,0.011637,0,0.9,0,0.00097561,10.908,23.763,75371,83608.0,5.6617,297.95,460.91,1.655,10.0,,23,,1.5524,0.19023,,,1.5804,0,,1,0,1,92,92,1,92.0,134230.0
153.4,75,100,90,0.0,10.0,0.0001,10.376,0,0.9,0,0.00097211,10.901,23.803,75386,83634.0,5.6558,297.97,467.92,1.6555,10.0,,23,,1.5556,0.19021,,,1.5809,0,,1,0,1,92,92,1,92.0,134750.0
153.6,75,100,90,0.0,10.0,4.7202,1.0376,0,0.9,0,0.00094366,10.92,23.842,75401,83659.0,5.6501,297.95,463.42,1.656,10.0,,23,,1.5493,0.19026,,,1.5814,0,,1,0,1,92,92,1,92.0,135600.0
153.8,75,100,90,0.0,10.0,0.0001,0.10376,0,0.9,0,0.00095973,10.904,23.882,75416,83685.0,5.6444,297.95,460.68,1.6566,10.0,,23,,1.5467,0.19027,,,1.5819,0,,1,0,1,92,92,1,92.0,135130.0
154.0,75,100,90,0.0,10.0,0.0001,9.9772,0,0.9,0,0.00094007,10.919,23.921,75431,83711.0,5.6387,297.96,466.31,1.6571,10.0,,23,,1.5416,0.19031,,,1.5824,0,,1,0,1,92,92,1,92.0,135150.0
154.2,75,100,90,0.0,10.0,3.3941,0.99772,0,0.9,0,0.0010076,10.859,23.962,75446,83736.0,5.6329,297.95,463.42,1.6576,10.0,,23,,1.5548,0.19021,,,1.583,0,,1,0,1,92,92,1,92.0,136010.0
154.4,75,100,90,0.0,10.0,0.0001,0.099772,0,0.9,0,0.0010379,10.821,24.004,75462,83762.0,5.627,297.95,461.85,1.6582,10.0,,23,,1.5738,0.19007,,,1.5835,0,,1,0,1,92,92,1,92.0,136710.0
154.6,75,100,90,0.0,10.0,0.0001,9.481,0,0.9,0,0.0010662,10.785,24.046,75477,83788.0,5.6213,297.97,469.25,1.6588,10.0,,23,,1.5921,0.18993,,,1.5841,0,,1,0,1,92,92,1,92.0,135570.0
154.8,75,100,90,0.0,10.0,5.1706,0.9481,0,0.9,0,0.0010433,10.8,24.087,75492,83814.0,5.6155,297.96,465.95,1.6593,10.0,,23,,1.5882,0.18996,,,1.5846,0,,1,0,1,92,92,1,92.0,136940.0
155.0,75,100,90,0.0,10.0,0.73747,0.09481,0,0.9,0,0.001063,10.781,24.129,75507,83840.0,5.6099,297.96,464.11,1.6599,10.0,,23,,1.5929,0.18992,,,1.5851,0,,1,0,1,92,92,1,92.0,136470.0
155.2,75,100,90,0.0,10.0,0.0001,0.009481,0,0.9,0,0.001053,10.792,24.17,75522,83866.0,5.6043,297.95,462.22,1.6604,10.0,,23,,1.5833,0.18999,,,1.5857,0,,1,0,1,92,92,1,92.0,136330.0
155.4,75,100,90,0.0,10.0,0.0001,0.0009481,0,0.9,0,0.0010493,10.788,24.211,75537,83892.0,5.5989,297.94,460.14,1.661,10.0,,23,,1.5843,0.18998,,,1.5862,0,,1,0,1,92,92,1,92.0,137030.0
155.6,75,100,90,0.0,10.0,0.0001,11.526,0,0.9,0,0.0010843,10.753,24.253,75552,83918.0,5.5934,297.97,469.12,1.6615,10.0,,23,,1.5897,0.18994,,,1.5867,0,,1,0,1,92,92,1,92.0,137390.0
155.8,75,100,90,0.0,10.0,6.4927,1.1526,0,0.9,0,0.0010973,10.748,24.295,75568,83944.0,5.5879,297.96,465.59,1.6621,10.0,,23,,1.5826,0.18999,,,1.5873,0,,1,0,1,92,92,1,92.0,137260.0
156.0,75,100,90,0.0,10.0,1.7964,0.11526,0,0.9,0,0.0011266,10.712,24.338,75583,83970.0,5.5824,297.95,463.88,1.6627,10.0,2311.9,23,1739.9,1.5945,0.1899,24.17,24.449,1.5878,0,79.258,1,0,1,92,92,1,92.0,136970.0
156.2,75,100,90,0.0,10.0,0.0001,0.011526,0,0.9,0,0.0011523,10.684,24.382,75598,83997.0,5.577,297.95,463.37,1.6633,10.0,,23,,1.606,0.18981,,,1.5884,0,,1,0,1,92,92,1,92.0,138840.0
156.4,75,100,90,0.0,10.0,0.0001,0.0011526,0,0.9,0,0.0011781,10.652,24.426,75613,84023.0,5.5717,297.95,463.35,1.6639,10.0,,23,,1.617,0.18973,,,1.5889,0,,1,0,1,92,92,1,92.0,137390.0
156.6,75,100,90,0.0,10.0,0.0001,0.00011526,0,0.9,0,0.0012343,10.598,24.473,75628,84049.0,5.5663,297.96,464.41,1.6645,10.0,,23,,1.6317,0.18962,,,1.5895,0,,1,0,1,92,92,1,92.0,138610.0
156.8,75,100,90,0.0,10.0,0.0001,0.0001,0,0.9,0,0.0012673,10.571,24.52,75643,84075.0,5.5609,297.96,466.01,1.6651,10.0,,23,,1.6356,0.18959,,,1.5901,0,,1,0,1,92,92,1,92.0,138500.0
157.0,75,100,90,0.0,10.0,0.0001,0.0001,0,0.9,0,0.0012548,10.569,24.567,75658,84102.0,5.5555,297.96,467.24,1.6657,10.0,,23,,1.6425,0.18953,,,1.5907,0,,1,0,1,92,92,1,92.0,138060.0
157.2,75,100,90,0.0,10.0,0.0001,0.0001,0,0.9,0,0.0012112,10.602,24.612,75674,84128.0,5.5503,297.96,467.39,1.6663,10.0,,23,,1.634,0.1896,,,1.5913,0,,1,0,1,92,92,1,92.0,137940.0
157.4,75,100,90,0.0,10.0,0.0001,0.0001,0,0.9,0,0.00117,10.623,24.656,75689,84154.0,5.5453,297.96,466.74,1.6669,10.0,,23,,1.6287,0.18963,,,1.5919,0,,1,0,1,92,92,1,92.0,138490.0
157.6,75,100,90,0.0,10.0,0.0001,0.0001,0,0.9,0,0.001175,10.621,24.701,75704,84180.0,5.5403,297.96,466.11,1.6675,10.0,,23,,1.6204,0.1897,,,1.5924,0,,1,0,1,92,92,1,92.0,138870.0
157.8,75,100,90,0.0,10.0,0.0001,0.0001,0,0.9,0,0.0011926,10.607,24.745,75719,84206.0,5.5353,297.96,465.57,1.668,10.0,,23,,1.6226,0.18968,,,1.5929,0,,1,0,1,92,92,1,92.0,140580.0
158.0,75,100,90,0.0,10.0,0.0001,0.0001,0,0.9,0,0.0012532,10.542,24.791,75734,84232.0,5.5303,297.96,466.01,1.6686,10.0,,23,,1.6542,0.18944,,,1.5935,0,,1,0,1,92,92,1,92.0,140130.0
158.2,75,100,90,0.0,10.0,0.0001,0.0001,0,0.9,0,0.0012663,10.546,24.838,75749,84258.0,5.5252,297.96,466.5,1.6692,10.0,,23,,1.6419,0.18953,,,1.5941,0,,1,0,1,92,92,1,92.0,140020.0
158.4,75,100,90,0.0,10.0,0.0001,0.0001,0,0.9,0,0.0012928,10.526,24.884,75764,84284.0,5.5202,297.96,467.2,1.6698,10.0,,23,,1.6458,0.1895,,,1.5946,0,,1,0,1,92,92,1,92.0,139240.0
158.6,75,100,90,0.0,10.0,0.0001,0.0001,0,0.9,0,0.0013356,10.509,24.931,75779,84310.0,5.5152,297.97,468.33,1.6704,10.0,,23,,1.6413,0.18953,,,1.5952,0,,1,0,1,92,92,1,92.0,140300.0
158.8,75,100,90,0.0,10.0,0.0001,0.0001,0,0.9,0,0.0012991,10.53,24.978,75795,84336.0,5.5104,297.97,468.74,1.671,10.0,,23,,1.6352,0.18958,,,1.5958,0,,1,0,1,92,92,1,92.0,140850.0
159.0,75,100,90,0.0,10.0,0.0001,0.0001,0,0.9,0,0.0013333,10.512,25.024,75810,84362.0,5.5057,297.97,469.55,1.6716,10.0,,23,,1.6305,0.18961,,,1.5963,0,,1,0,1,92,92,1,92.0,140410.0
159.2,75,100,90,0.0,10.0,0.0001,0.0001,0,0.9,0,0.0013492,10.492,25.071,75825,84389.0,5.501,297.97,470.41,1.6722,10.0,,23,,1.6419,0.18952,,,1.5969,0,,1,0,1,92,92,1,92.0,141300.0
159.4,75,100,90,0.0,10.0,0.0001,0.0001,0,0.9,0,0.0013791,10.475,25.119,75840,84415.0,5.4963,297.98,471.63,1.6728,10.0,,23,,1.6411,0.18953,,,1.5975,0,,1,0,1,92,92,1,92.0,141530.0
159.6,75,100,90,0.0,10.0,0.10884,0.0001,0,0.9,0,0.0013657,10.485,25.166,75855,84441.0,5.4918,297.98,472.55,1.6734,10.0,,23,,1.6312,0.1896,,,1.5981,0,,1,0,1,92,92,1,92.0,141590.0
159.8,75,100,90,0.0,10.0,0.055076,0.0001,0,0.9,0,0.001406,10.447,25.215,75870,84467.0,5.4871,297.98,474.19,1.674,10.0,,23,,1.638,0.18955,,,1.5986,0,,1,0,1,92,92,1,92.0,141660.0
160.0,75,100,90,0.0,10.0,0.78395,0.0001,0,0.9,0,0.0014538,10.401,25.264,75885,84493.0,5.4825,297.99,476.19,1.6746,10.0,,23,,1.6563,0.18941,,,1.5992,0,,1,0,1,92,92,1,92.0,141890.0
160.2,75,100,80,0.0,225.0,2.0067,0.0001,400,0.9,0,0.001103,13.117,25.266,76021,84639.0,5.488,297.91,447.86,1.6751,10.0,,23,,0.91637,0.19497,,,1.5997,0,,0,0,1,92,92,1,92.0,142070.0
160.4,75,100,80,0.0,225.0,0.60202,44.476,400,0.9,0,0.0010839,13.114,25.267,76157,84786.0,5.493,297.95,460.44,1.6755,10.0,,23,,0.87934,0.19525,,,1.6001,0,,0,0,1,92,92,1,92.0,142240.0
160.6,75,100,80,0.0,225.0,0.18061,0.0001,400,0.9,0,0.0011431,13.087,25.269,76293,84932.0,5.4983,297.87,433.11,1.6759,10.0,,23,,0.88551,0.1952,,,1.6005,0,,0,0,1,92,92,1,92.0,141580.0
160.8,75,100,80,0.0,225.0,0.054182,57.015,400,0.9,0,0.001166,13.094,25.272,76430,85079.0,5.5034,297.94,457.29,1.6764,10.0,,23,,0.8766,0.19527,,,1.6009,0,,0,0,1,92,92,1,92.0,142760.0
161.0,75,100,80,0.0,225.0,0.016255,0.0001,400,0.9,0,0.0011497,13.112,25.275,76566,85225.0,5.5095,297.86,429.96,1.6768,10.0,,23,,0.87598,0.19527,,,1.6014,0,,0,0,1,92,92,1,92.0,142610.0
161.2,75,100,80,0.0,225.0,0.0048764,66.333,400,0.9,0,0.0011351,13.13,25.277,76702,85371.0,5.5157,297.95,462.49,1.6772,10.0,,23,,0.8766,0.19526,,,1.6018,0,,0,0,1,92,92,1,92.0,142620.0
161.4,75,100,80,0.0,225.0,25.871,6.6333,400,0.9,0,0.0011677,13.113,25.28,76838,85518.0,5.522,297.86,429.07,1.6777,10.0,,23,,0.89067,0.19516,,,1.6022,0,,0,0,1,92,92,1,92.0,142800.0
161.6,75,100,80,0.0,225.0,7.7614,103.12,400,0.9,0,0.001195,13.113,25.282,76974,85664.0,5.5259,298.03,490.99,1.6781,10.0,,23,,0.89403,0.19513,,,1.6026,0,,0,0,1,92,92,1,92.0,141640.0
161.8,75,100,80,0.0,225.0,60.987,10.312,400,0.9,0,0.0012219,13.096,25.286,77110,85811.0,5.5295,297.9,444.06,1.6786,10.0,,23,,0.90543,0.19505,,,1.6031,0,,0,0,1,92,92,1,92.0,142830.0
162.0,75,100,80,0.0,225.0,18.296,160.74,400,0.9,0,0.0012236,13.104,25.29,77246,85957.0,5.5338,298.19,551.88,1.6791,10.0,,23,,0.91212,0.195,,,1.6035,0,,0,0,1,92,92,1,92.0,142010.0
162.2,75,100,80,0.0,225.0,115.82,16.074,400,0.9,0,0.001275,13.079,25.294,77382,86103.0,5.538,298.0,481.53,1.6796,10.0,,23,,0.9231,0.19491,,,1.604,0,,0,0,1,92,92,1,92.0,141530.0
162.4,75,100,80,0.0,225.0,55.497,1.6074,400,0.9,0,0.001283,13.072,25.3,77518,86250.0,5.5417,297.86,428.75,1.6801,10.0,,23,,0.93703,0.19481,,,1.6045,0,,0,0,1,92,92,1,92.0,142730.0
162.6,75,100,80,0.0,225.0,16.649,78.636,400,0.9,0,0.016301,14.209,25.298,77654,86396.0,5.5458,297.96,464.57,1.6805,10.0,,23,,0.87341,0.19528,,,1.6049,0,,0,0,1,92,92,1,92.0,142550.0
162.8,75,100,80,0.0,225.0,45.629,7.8636,400,0.9,0,0.14127,14.508,25.237,77790,86543.0,5.5557,297.85,423.25,1.6803,10.0,,23,,0.54036,0.19776,,,1.6047,0,,0,0,1,92,92,1,92.0,142580.0
163.0,75,100,80,0.0,225.0,13.689,133.7,400,0.9,0,0.28248,14.511,25.176,77926,86689.0,5.5658,298.08,509.99,1.6799,10.0,,23,,0.52257,0.19789,,,1.6044,0,,0,0,1,92,92,1,92.0,141620.0
163.2,75,100,80,0.0,225.0,88.74,13.37,400,0.9,0,0.42871,14.514,25.115,78061,86836.0,5.5771,297.93,453.25,1.6796,10.0,,23,,0.52464,0.19788,,,1.604,0,,0,0,1,92,92,1,92.0,140990.0
163.4,75,100,80,0.0,225.0,26.622,206.91,400,0.9,0,0.57772,14.535,25.055,78197,86982.0,5.5875,298.31,598.62,1.6792,10.0,,23,,0.51159,0.19797,,,1.6036,0,,0,0,1,92,92,1,92.0,140690.0
163.6,75,100,80,0.0,225.0,158.62,20.691,400,0.9,0,0.72966,14.551,24.995,78333,87129.0,5.5991,298.1,518.97,1.6788,10.0,,23,,0.4991,0.19807,,,1.6033,0,,0,0,1,92,92,1,92.0,141560.0
163.8,75,100,80,0.0,225.0,94.386,2.0691,400,0.9,0,0.88121,14.555,24.935,78469,87275.0,5.6113,297.93,453.53,1.6784,10.0,,23,,0.49974,0.19806,,,1.6029,0,,0,0,1,92,92,1,92.0,140770.0
164.0,75,100,80,0.0,225.0,28.316,107.97,400,0.9,0,1.0345,14.552,24.875,78605,87421.0,5.6254,298.08,511.2,1.678,10.0,,23,,0.51189,0.19797,,,1.6025,0,,0,0,1,92,92,1,92.0,141140.0
164.2,75,100,80,0.0,225.0,79.664,10.797,400,0.9,0,1.1874,14.552,24.816,78741,87568.0,5.6401,297.95,460.57,1.6776,10.0,,23,,0.51992,0.19791,,,1.6021,0,,0,0,1,92,92,1,92.0,140350.0
164.4,75,100,80,0.0,225.0,23.899,168.74,400,0.9,0,1.3394,14.56,24.757,78876,87714.0,5.6565,298.25,574.17,1.6772,10.0,,23,,0.52162,0.1979,,,1.6017,0,,0,0,1,92,92,1,92.0,139730.0
164.6,75,100,80,0.0,225.0,126.48,16.874,400,0.9,0,1.4912,14.57,24.699,79012,87860.0,5.6765,298.08,509.93,1.6768,10.0,,23,,0.51738,0.19794,,,1.6014,0,,0,0,1,92,92,1,92.0,139940.0
164.8,75,100,80,0.0,225.0,75.022,1.6874,400,0.9,0,1.6455,14.567,24.641,79148,88007.0,5.6985,297.93,453.0,1.6764,10.0,,23,,0.52703,0.19786,,,1.601,0,,0,0,1,92,92,1,92.0,138820.0
165.0,75,100,80,0.0,225.0,22.506,92.133,400,0.9,0,1.8,14.576,24.583,79284,88153.0,5.7205,298.05,499.13,1.676,10.0,,23,,0.52607,0.19787,,,1.6006,0,,0,0,1,92,92,1,92.0,138540.0
165.2,75,100,80,0.0,225.0,62.767,9.2133,400,0.9,0,1.9533,14.567,24.525,79420,88300.0,5.7453,297.93,454.62,1.6756,10.0,,23,,0.54347,0.19774,,,1.6002,0,,0,0,1,92,92,1,92.0,137750.0
165.4,75,100,80,0.0,225.0,18.83,141.75,400,0.9,0,2.1056,14.57,24.468,79555,88446.0,5.772,298.17,546.32,1.6752,10.0,,23,,0.55023,0.1977,,,1.5998,0,,0,0,1,92,92,1,92.0,138140.0
165.6,75,100,80,0.0,225.0,100.08,14.175,400,0.9,0,2.2567,14.571,24.411,79691,88592.0,5.8004,298.03,490.6,1.6748,10.0,,23,,0.55601,0.19765,,,1.5994,0,,0,0,1,92,92,1,92.0,136860.0
165.8,75,100,80,0.0,225.0,54.434,1.4175,400,0.9,0,2.4079,14.585,24.355,79827,88738.0,5.8324,297.9,440.88,1.6744,10.0,,23,,0.54726,0.19772,,,1.599,0,,0,0,1,92,92,1,92.0,137750.0
166.0,75,100,80,0.0,225.0,16.33,77.611,400,0.9,0,2.5579,14.577,24.299,79962,88885.0,5.8664,297.99,476.11,1.674,10.0,,23,,0.56373,0.1976,,,1.5986,0,,0,0,1,92,92,1,92.0,137640.0
166.2,75,100,80,0.0,225.0,45.129,7.7611,400,0.9,0,2.7076,14.572,24.243,80098,89031.0,5.9012,297.89,436.39,1.6735,10.0,,23,,0.57741,0.1975,,,1.5982,0,,0,0,1,92,92,1,92.0,137370.0
166.4,75,100,80,0.0,225.0,13.539,122.1,400,0.9,0,2.8571,14.562,24.188,80234,89177.0,5.9385,298.08,512.5,1.6731,10.0,,23,,0.59872,0.19734,,,1.5978,0,,0,0,1,92,92,1,92.0,137100.0
166.6,75,100,80,0.0,225.0,78.275,12.21,400,0.9,0,3.006,14.571,24.133,80370,89323.0,5.9783,297.95,462.69,1.6727,10.0,,23,,0.5976,0.19735,,,1.5974,0,,0,0,1,92,92,1,92.0,136160.0
166.8,75,100,80,0.0,225.0,35.292,1.221,400,0.9,0,3.1541,14.577,24.078,80505,89470.0,6.024,297.85,421.43,1.6723,10.0,,23,,0.59773,0.19735,,,1.597,0,,0,0,1,92,92,1,92.0,137230.0
167.0,75,100,80,0.0,225.0,10.587,65.687,400,0.9,0,3.303,14.589,24.024,80641,89616.0,6.0753,297.92,448.71,1.6719,10.0,,23,,0.59125,0.1974,,,1.5966,0,,0,0,1,92,92,1,92.0,135630.0
167.2,75,100,80,0.0,225.0,3.1762,0.0001,400,0.9,0,3.4513,14.591,23.971,80777,89762.0,6.1259,297.84,419.25,1.6714,10.0,,23,,0.59544,0.19737,,,1.5962,0,,0,0,1,92,92,1,92.0,136030.0
167.4,75,100,80,0.0,225.0,0.95287,75.41,400,0.9,0,3.5979,14.592,23.917,80912,89908.0,6.1805,297.94,458.88,1.671,10.0,,23,,0.60343,0.19731,,,1.5958,0,,0,0,1,92,92,1,92.0,135770.0
167.6,75,100,80,0.0,225.0,0.28586,0.0001,400,0.9,0,3.7439,14.59,23.864,81048,90054.0,6.2393,297.87,430.47,1.6706,10.0,,23,,0.61271,0.19724,,,1.5954,0,,0,0,1,92,92,1,92.0,135010.0
167.8,75,100,80,0.0,225.0,0.085759,73.739,400,0.9,0,3.891,14.609,23.812,81184,90201.0,6.3044,297.97,468.78,1.6702,10.0,,23,,0.6006,0.19733,,,1.595,0,,0,0,1,92,92,1,92.0,134420.0
168.0,75,100,80,0.0,225.0,29.755,7.3739,400,0.9,0,4.0378,14.614,23.759,81319,90347.0,6.3706,297.88,434.47,1.6697,10.0,2805.8,23,1913.4,0.60141,0.19733,23.971,23.306,1.5946,0,76.434,0,0,1,92,92,1,92.0,135660.0
168.2,75,100,80,0.0,225.0,8.9266,104.66,400,0.9,0,4.1857,14.618,23.707,81455,90493.0,6.4378,298.04,496.67,1.6693,10.0,,23,,0.60546,0.1973,,,1.5942,0,,0,0,1,92,92,1,92.0,134570.0
168.4,75,100,80,0.0,225.0,60.107,10.466,400,0.9,0,4.3363,14.61,23.656,81591,90639.0,6.5067,297.92,450.87,1.6689,10.0,,23,,0.62177,0.19718,,,1.5938,0,,0,0,1,92,92,1,92.0,133150.0
168.6,75,100,80,0.0,222.82,18.032,150.52,400,0.9,0,4.488,14.611,23.604,81726,90785.0,6.5755,298.18,549.73,1.6684,10.0,,23,,0.62492,0.19715,,,1.5933,0,,0,0,1,92,92,1,92.0,133730.0
168.8,75,100,80,0.5144,111.41,103.15,15.052,400,0.9,0,4.6402,14.244,23.56,81839,90909.0,6.6197,298.02,488.27,1.668,10.0,,23,,0.73053,0.19637,,,1.5929,0,,0,0,1,92,92,1,92.0,133680.0
169.0,75,100,80,1.032,55.704,53.751,1.5052,400,0.9,0,4.7919,14.072,23.519,81941,91021.0,6.6349,297.89,437.08,1.6676,10.0,,23,,0.78568,0.19596,,,1.5925,0,,0,0,1,92,92,1,92.0,133140.0
169.2,75,100,80,1.552,27.852,16.125,76.027,400,0.9,0,4.9422,13.972,23.479,82037,91129.0,6.6315,297.97,469.94,1.6671,10.0,,23,,0.8371,0.19558,,,1.5921,0,,0,0,1,92,92,1,92.0,133610.0
169.4,75,100,80,2.073,13.926,41.768,7.6027,400,0.9,0,5.0913,13.929,23.44,82131,91233.0,6.6202,297.86,427.63,1.6667,10.0,,23,,0.862,0.19539,,,1.5917,0,,0,0,1,92,92,1,92.0,133260.0
169.6,75,100,80,2.5942,6.963,12.531,122.08,400,0.9,0,5.2421,13.915,23.402,82223,91336.0,6.6053,298.06,503.27,1.6662,10.0,,23,,0.87403,0.19531,,,1.5912,0,,0,0,1,92,92,1,92.0,133240.0
169.8,75,100,80,3.1154,3.4815,74.529,12.208,400,0.9,0,5.3928,13.917,23.364,82315,91439.0,6.5889,297.92,449.71,1.6658,10.0,,23,,0.87454,0.1953,,,1.5908,0,,0,0,1,92,92,1,92.0,133550.0
170.0,75,100,80,3.6367,1.7408,22.359,179.21,400,0.9,0,5.5425,13.933,23.326,82407,91541.0,6.5721,298.23,571.31,1.6653,10.0,,23,,0.86461,0.19538,,,1.5904,0,,0,0,1,92,92,1,92.0,131700.0
170.2,75,100,80,4.158,0.87038,126.71,17.921,150,0.9,-4000,5.6959,13.11,23.302,81750,90793.0,6.5895,298.05,501.27,1.6557,10.0,,23,,1.0838,0.19376,,,1.5812,0,,0,0,1,92,92,1,92.0,132080.0
170.4,75,100,80,4.6748,0.43519,71.531,1.7921,150,0.9,-4000,5.8497,13.115,23.279,81094,90045.0,6.6065,297.91,444.83,1.6417,10.0,,23,,1.0866,0.19376,,,1.5677,0,,0,0,1,92,92,1,92.0,132790.0
170.6,75,100,80,5.1933,0.2176,21.459,89.251,150,0.9,-4000,6.0055,13.119,23.255,80437,89298.0,6.6232,298.02,489.69,1.6275,10.0,,23,,1.0705,0.19391,,,1.554,0,,0,0,1,92,92,1,92.0,132170.0
170.8,75,100,80,5.7118,0.1088,59.031,8.9251,150,0.9,-4000,6.1627,13.113,23.231,79781,88550.0,6.6399,297.9,444.59,1.6132,10.0,,23,,1.0624,0.194,,,1.5403,0,,0,0,1,92,92,1,92.0,132550.0
171.0,75,100,80,6.2303,0.054399,17.709,142.43,150,0.9,-4000,6.3221,13.124,23.207,79125,87803.0,6.6567,298.15,539.14,1.5989,10.0,,23,,1.0389,0.19421,,,1.5266,0,,0,0,1,92,92,1,92.0,132090.0
171.2,75,100,80,6.7487,0.027199,100.72,14.243,150,0.9,-4000,6.4819,13.123,23.183,78469,87056.0,6.6735,298.0,480.31,1.5847,10.0,,23,,1.025,0.19434,,,1.513,0,,0,0,1,92,92,1,92.0,131800.0
171.4,75,100,80,7.2672,0.0136,50.796,1.4243,150,0.9,-4000,6.6418,13.128,23.159,77814,86309.0,6.6906,297.87,432.27,1.5705,10.0,,23,,1.0065,0.1945,,,1.4993,0,,0,0,1,92,92,1,92.0,131680.0
171.6,75,100,80,7.7855,0.0067998,15.239,76.628,150,0.9,-4000,6.8021,13.14,23.134,77158,85562.0,6.7073,297.97,469.63,1.5562,10.0,,23,,0.98028,0.19473,,,1.4857,0,,0,0,1,92,92,1,92.0,132060.0
171.8,75,100,80,8.304,0.0033999,46.003,7.6628,150,0.9,-4000,6.9635,13.142,23.11,76502,84815.0,6.7236,297.87,431.89,1.542,10.0,,23,,0.96446,0.19488,,,1.4721,0,,0,0,1,92,92,1,92.0,131940.0
172.0,75,100,80,8.8224,0.0017,13.801,128.62,150,0.9,-4000,7.1277,13.156,23.085,75847,84068.0,6.7393,298.1,516.96,1.5278,10.0,,23,,0.93722,0.19511,,,1.4584,0,,0,0,1,92,92,1,92.0,130310.0
172.2,75,100,80,9.3409,0.00084998,90.027,12.862,150,0.9,0,7.2919,13.146,23.061,75890,84122.0,6.7077,297.96,464.54,1.5231,10.0,,23,,0.94491,0.19506,,,1.4539,0,,0,0,1,92,92,1,92.0,131020.0
172.4,75,100,80,9.8655,0.00042499,42.248,1.2862,150,0.9,0,7.4533,13.151,23.036,75933,84175.0,6.6781,297.84,421.46,1.5224,10.0,,23,,0.94359,0.19507,,,1.4533,0,,0,0,1,92,92,1,92.0,131400.0
172.6,75,100,80,10.388,0.0002125,12.674,74.311,150,0.9,0,7.6133,13.151,23.011,75976,84229.0,6.6507,297.94,458.42,1.522,10.0,,23,,0.94748,0.19504,,,1.4528,0,,0,0,1,92,92,1,92.0,130270.0
172.8,75,100,80,10.909,0.00010625,3.8023,0.0001,150,0.9,0,7.7745,13.157,22.987,76020,84282.0,6.6259,297.87,431.62,1.5216,10.0,,23,,0.94453,0.19507,,,1.4524,0,,0,0,1,92,92,1,92.0,131150.0
173.0,75,100,80,11.431,5.3124e-05,1.1407,78.289,150,0.9,0,7.9376,13.151,22.962,76063,84336.0,6.6035,297.99,476.83,1.5211,10.0,,23,,0.95583,0.19498,,,1.452,0,,0,0,1,92,92,1,92.0,131020.0
173.2,75,100,80,11.953,2.6562e-05,39.459,7.8289,150,0.9,0,8.1013,13.149,22.937,76107,84390.0,6.5831,297.89,440.6,1.5207,10.0,,23,,0.96295,0.19493,,,1.4516,0,,0,0,1,92,92,1,92.0,130230.0
173.4,75,100,80,12.474,1.3281e-05,11.838,122.37,150,0.9,0,8.2647,13.152,22.912,76150,84444.0,6.5633,298.11,520.38,1.5203,10.0,,23,,0.96398,0.19492,,,1.4512,0,,0,0,1,92,92,1,92.0,130610.0
173.6,75,100,80,12.996,6.6405e-06,83.953,12.237,150,0.9,0,8.4278,13.15,22.888,76194,84498.0,6.5444,297.97,468.79,1.5198,10.0,,23,,0.96958,0.19488,,,1.4508,0,,0,0,1,92,92,1,92.0,130650.0
173.8,75,100,80,0.0,0.0,37.583,1.2237,150,0.9,0,8.5903,13.098,22.864,76235,84550.0,6.5329,297.86,428.21,1.5194,10.0,,23,,0.99215,0.19471,,,1.4504,0,,0,0,1,92,92,1,92.0,129690.0
174.0,75,100,80,0.0,0.0,11.275,64.38,150,0.9,0,8.7552,13.09,22.84,76276,84602.0,6.5218,297.93,456.43,1.519,10.0,,23,,1.0058,0.19461,,,1.4499,0,,0,0,1,92,92,1,92.0,130740.0
174.2,75,100,80,0.0,0.0,3.3825,0.0001,150,0.9,0,8.9207,13.101,22.816,76317,84653.0,6.5111,297.86,429.76,1.5185,10.0,,23,,0.99624,0.19468,,,1.4495,0,,0,0,1,92,92,1,92.0,130950.0
174.4,75,100,80,0.0,0.0,1.0147,72.562,150,0.9,0,9.0882,13.11,22.792,76358,84705.0,6.5009,297.97,469.82,1.5181,10.0,,23,,0.98691,0.19476,,,1.4491,0,,0,0,1,92,92,1,92.0,129490.0
174.6,75,100,80,0.0,0.14938,34.138,7.2562,150,0.9,0,9.2557,13.111,22.768,76399,84757.0,6.4912,297.88,435.62,1.5176,10.0,,23,,0.98815,0.19475,,,1.4487,0,,0,0,1,92,92,1,92.0,129710.0
174.8,75,100,80,0.0,4.1978,10.241,114.34,150,0.9,0,9.4222,13.126,22.743,76441,84810.0,6.4836,298.08,508.92,1.5172,10.0,,23,,0.98548,0.19477,,,1.4483,0,,0,0,1,92,92,1,92.0,129920.0
175.0,75,100,80,0.0,11.256,75.428,11.434,150,0.9,0,9.5897,13.142,22.719,76484,84864.0,6.4789,297.94,457.62,1.5168,10.0,,23,,0.98981,0.19474,,,1.4478,0,,0,0,1,92,92,1,92.0,129460.0
175.2,75,100,80,0.0,20.207,22.629,180.27,150,0.9,0,9.7576,13.169,22.694,76530,84919.0,6.4782,298.28,583.74,1.5163,10.0,,23,,0.98991,0.19474,,,1.4474,0,,0,0,1,92,92,1,92.0,128500.0
175.4,75,100,80,0.0,29.444,140.11,18.027,150,0.9,0,9.9233,13.194,22.668,76576,84977.0,6.4808,298.08,508.57,1.5159,10.0,,23,,0.98995,0.19474,,,1.447,0,,0,0,1,92,92,1,92.0,129870.0
175.6,75,100,80,0.0,37.62,77.29,1.8027,150,0.9,0,10.09,13.226,22.642,76625,85036.0,6.4847,297.92,449.93,1.5154,10.0,,23,,0.97995,0.19481,,,1.4466,0,,0,0,1,92,92,1,92.0,129570.0
175.8,75,100,80,0.0,44.247,23.187,90.818,150,0.9,0,10.254,13.253,22.615,76675,85097.0,6.4915,298.04,496.22,1.515,10.0,,23,,0.97065,0.19488,,,1.4461,0,,0,0,1,92,92,1,92.0,129940.0
176.0,75,100,80,0.0,48.144,64.759,9.0818,150,0.9,0,10.418,13.267,22.589,76725,85158.0,6.5004,297.92,450.67,1.5145,10.0,,23,,0.96785,0.1949,,,1.4457,0,,0,0,1,92,92,1,92.0,128970.0
176.2,75,100,80,0.0,48.511,19.428,149.94,150,0.9,0,10.584,13.273,22.562,76776,85219.0,6.5096,298.19,552.25,1.5141,10.0,,23,,0.9649,0.19493,,,1.4453,0,,0,0,1,92,92,1,92.0,127670.0
176.4,75,100,80,0.0,45.171,112.68,14.994,150,0.9,0,10.749,13.261,22.536,76826,85280.0,6.5199,298.03,492.83,1.5136,10.0,,23,,0.96976,0.19489,,,1.4448,0,,0,0,1,92,92,1,92.0,128040.0
176.6,75,100,80,0.0,37.709,62.131,1.4994,150,0.9,0,10.91,13.245,22.51,76875,85339.0,6.5261,297.9,444.39,1.5132,10.0,,23,,0.96777,0.19491,,,1.4444,0,,0,0,1,92,92,1,92.0,128570.0
176.8,75,100,80,0.0,27.793,18.639,81.015,150,0.9,0,11.071,13.213,22.485,76921,85396.0,6.5285,298.01,485.28,1.5127,10.0,,23,,0.9773,0.19484,,,1.444,0,,0,0,1,92,92,1,92.0,127610.0
177.0,75,100,80,0.0,16.921,54.253,8.1015,150,0.9,0,11.231,13.191,22.46,76966,85451.0,6.5259,297.91,447.33,1.5123,10.0,,23,,0.97242,0.19488,,,1.4435,0,,0,0,1,92,92,1,92.0,129150.0
177.2,75,100,80,0.0,7.1085,16.276,131.12,150,0.9,0,11.39,13.158,22.436,77008,85504.0,6.5184,298.14,534.17,1.5118,10.0,,23,,0.98367,0.19479,,,1.4431,0,,0,0,1,92,92,1,92.0,128870.0
177.4,75,100,80,0.0,0.28373,94.958,13.112,150,0.9,0,11.545,13.139,22.413,77049,85555.0,6.508,298.02,486.68,1.5114,10.0,,23,,0.98734,0.19477,,,1.4427,0,,0,0,1,92,92,1,92.0,127580.0
177.6,75,100,80,0.0,0.0,54.176,1.3112,150,0.9,0,11.698,13.14,22.389,77090,85606.0,6.4979,297.89,442.05,1.5109,10.0,,23,,0.98722,0.19477,,,1.4422,0,,0,0,1,92,92,1,92.0,127460.0
177.8,75,100,80,0.0,1.3504,16.253,79.275,150,0.9,0,11.85,13.15,22.366,77131,85658.0,6.4888,298.0,482.35,1.5105,10.0,,23,,0.98199,0.19481,,,1.4418,0,,0,0,1,92,92,1,92.0,127680.0
178.0,75,100,80,0.0,6.3622,50.904,7.9275,150,0.9,0,11.999,13.164,22.342,77174,85710.0,6.482,297.9,444.5,1.51,10.0,,23,,0.98262,0.1948,,,1.4413,0,,0,0,1,92,92,1,92.0,127720.0
178.2,75,100,80,0.0,14.085,15.271,128.63,150,0.9,0,12.149,13.193,22.318,77217,85764.0,6.4788,298.13,529.37,1.5095,10.0,,23,,0.97556,0.19486,,,1.4409,0,,0,0,1,92,92,1,92.0,127770.0
178.4,75,100,80,0.0,23.086,91.625,12.863,150,0.9,0,12.3,13.225,22.293,77263,85820.0,6.4788,298.0,480.08,1.5091,10.0,,23,,0.96622,0.19493,,,1.4405,0,,0,0,1,92,92,1,92.0,128310.0
178.6,75,100,80,0.0,32.059,48.815,1.2863,150,0.9,0,12.448,13.25,22.268,77310,85877.0,6.4813,297.88,437.48,1.5086,10.0,,23,,0.96572,0.19493,,,1.44,0,,0,0,1,92,92,1,92.0,127520.0
178.8,75,100,80,0.0,40.039,14.644,73.449,150,0.9,0,12.599,13.276,22.242,77359,85936.0,6.4851,297.98,473.36,1.5081,10.0,,23,,0.9619,0.19496,,,1.4396,0,,0,0,1,92,92,1,92.0,127390.0
179.0,75,100,80,0.0,46.497,44.568,7.3449,150,0.9,0,12.751,13.293,22.216,77410,85997.0,6.4944,297.88,437.72,1.5077,10.0,,23,,0.96345,0.19495,,,1.4391,0,,0,0,1,92,92,1,92.0,127260.0
179.2,75,100,80,0.0,49.253,13.37,120.97,150,0.9,0,12.903,13.3,22.19,77461,86058.0,6.5063,298.1,516.15,1.5072,10.0,,23,,0.96568,0.19494,,,1.4387,0,,0,0,1,92,92,1,92.0,126460.0
179.4,75,100,80,0.0,47.224,82.77,12.097,150,0.9,0,13.056,13.285,22.164,77511,86119.0,6.5186,297.96,467.77,1.5067,10.0,,23,,0.97843,0.19484,,,1.4382,0,,0,0,1,92,92,1,92.0,126490.0
179.6,75,100,80,0.0,40.31,39.727,1.2097,150,0.9,0,13.209,13.271,22.139,77560,86178.0,6.5259,297.86,427.57,1.5063,10.0,,23,,0.97703,0.19485,,,1.4378,0,,0,0,1,92,92,1,92.0,126870.0
179.8,75,100,80,0.0,30.499,11.918,68.327,150,0.9,0,13.36,13.234,22.114,77607,86235.0,6.5284,297.94,459.35,1.5058,10.0,,23,,0.99359,0.19473,,,1.4373,0,,0,0,1,92,92,1,92.0,126070.0
180.0,75,100,80,0.0,19.665,3.5755,0.0001,150,0.9,0,13.512,13.206,22.09,77652,86290.0,6.5266,297.87,432.45,1.5053,10.0,3630.5,23,2254.4,0.99651,0.19471,22.19,22.251,1.4368,0,75.01,0,0,1,92,92,1,92.0,126450.0
180.2,75,100,80,0.0,9.5602,1.0726,72.798,150,0.9,0,13.663,13.183,22.067,77695,86343.0,6.5198,297.98,472.51,1.5048,10.0,,23,,0.9966,0.19471,,,1.4364,0,,0,0,1,92,92,1,92.0,127000.0
180.4,75,100,80,0.0,2.158,33.923,7.2798,150,0.9,0,13.813,13.16,22.044,77736,86395.0,6.5101,297.89,439.77,1.5044,10.0,,23,,1.0028,0.19466,,,1.4359,0,,0,0,1,92,92,1,92.0,125380.0
180.6,75,100,80,0.0,0.0,10.177,109.43,150,0.9,0,13.963,13.15,22.021,77777,86446.0,6.4998,298.08,509.02,1.5039,10.0,,23,,1.0115,0.1946,,,1.4355,0,,0,0,1,92,92,1,92.0,126600.0
180.8,75,100,80,0.0,0.58743,70.928,10.943,150,0.9,0,14.111,13.164,21.998,77818,86497.0,6.4902,297.96,465.24,1.5034,10.0,,23,,0.99912,0.19469,,,1.435,0,,0,0,1,92,92,1,92.0,125320.0
181.0,75,100,80,0.0,5.007,31.768,1.0943,150,0.9,0,14.257,13.183,21.975,77860,86549.0,6.4829,297.86,428.18,1.5029,10.0,,23,,0.99186,0.19475,,,1.4346,0,,0,0,1,92,92,1,92.0,125870.0
181.2,75,100,80,0.0,12.363,9.5305,60.545,150,0.9,0,14.404,13.22,21.951,77904,86603.0,6.4789,297.93,453.89,1.5024,10.0,,23,,0.97251,0.19489,,,1.4341,0,,0,0,1,92,92,1,92.0,125910.0
181.4,75,100,80,0.0,21.332,2.8592,0.0001,150,0.9,0,14.551,13.269,21.927,77949,86658.0,6.4785,297.86,427.21,1.502,10.0,,23,,0.94337,0.19511,,,1.4336,0,,0,0,1,92,92,1,92.0,125630.0
181.6,75,100,80,0.0,30.449,0.85775,70.437,150,0.9,0,14.697,13.303,21.902,77996,86715.0,6.4815,297.96,465.22,1.5015,10.0,,23,,0.931,0.19521,,,1.4332,0,,0,0,1,92,92,1,92.0,125840.0
181.8,75,100,80,0.0,38.362,31.16,7.0437,150,0.9,0,14.842,13.329,21.878,78044,86774.0,6.4874,297.87,432.91,1.501,10.0,,23,,0.92431,0.19526,,,1.4327,0,,0,0,1,92,92,1,92.0,125380.0
182.0,75,100,80,0.0,43.931,9.348,108.42,150,0.9,0,14.985,13.355,21.852,78094,86833.0,6.4968,298.05,501.41,1.5005,10.0,,23,,0.91295,0.19534,,,1.4322,0,,0,0,1,92,92,1,92.0,124250.0
182.2,75,100,80,0.0,45.719,68.469,10.842,150,0.9,0,15.13,13.368,21.827,78144,86893.0,6.5087,297.93,456.65,1.5,10.0,,23,,0.90413,0.19541,,,1.4318,0,,0,0,1,92,92,1,92.0,124960.0
182.4,75,100,80,0.0,42.747,20.541,163.33,150,0.9,0,15.275,13.369,21.802,78194,86953.0,6.5174,298.24,569.77,1.4995,10.0,,23,,0.8975,0.19546,,,1.4313,0,,0,0,1,92,92,1,92.0,124160.0
182.6,75,100,80,0.0,36.33,123.41,16.333,150,0.9,0,15.418,13.358,21.777,78242,87011.0,6.5218,298.07,508.88,1.499,10.0,,23,,0.89274,0.1955,,,1.4308,0,,0,0,1,92,92,1,92.0,123700.0
182.8,75,100,80,0.0,28.144,73.867,1.6333,150,0.9,0,15.561,13.33,21.753,78288,87067.0,6.5206,297.93,456.13,1.4985,10.0,,23,,0.90226,0.19543,,,1.4304,0,,0,0,1,92,92,1,92.0,123580.0
183.0,75,100,80,0.0,20.427,22.16,88.722,150,0.9,0,15.704,13.314,21.729,78333,87122.0,6.5168,298.06,502.29,1.498,10.0,,23,,0.90164,0.19543,,,1.4299,0,,0,0,1,92,92,1,92.0,125130.0
183.2,75,100,80,0.0,14.253,63.267,8.8722,150,0.9,0,15.849,13.279,21.706,78377,87176.0,6.5107,297.95,462.57,1.4975,10.0,,23,,0.92518,0.19526,,,1.4294,0,,0,0,1,92,92,1,92.0,124180.0
183.4,75,100,80,0.0,10.49,27.89,0.88722,150,0.9,0,15.994,13.26,21.683,78420,87229.0,6.5036,297.86,428.0,1.497,10.0,,23,,0.93959,0.19515,,,1.4289,0,,0,0,1,92,92,1,92.0,124230.0
183.6,75,100,80,0.0,9.5683,8.3671,57.321,150,0.9,0,16.139,13.267,21.66,78463,87282.0,6.4966,297.92,451.51,1.4965,10.0,,23,,0.93347,0.1952,,,1.4284,0,,0,0,1,92,92,1,92.0,123940.0
183.8,75,100,80,0.0,11.468,2.5101,0.0001,150,0.9,0,16.285,13.266,21.637,78506,87335.0,6.4905,297.85,425.01,1.496,10.0,,23,,0.94068,0.19514,,,1.428,0,,0,0,1,92,92,1,92.0,124660.0
184.0,75,100,80,0.0,15.804,0.75304,69.224,150,0.9,0,16.43,13.27,21.614,78550,87389.0,6.4859,297.95,461.94,1.4955,10.0,,23,,0.95196,0.19506,,,1.4275,0,,0,0,1,92,92,1,92.0,124040.0
184.2,75,100,80,0.0,21.977,0.22591,0.0001,150,0.9,0,16.577,13.306,21.59,78595,87445.0,6.4834,297.88,436.15,1.495,10.0,,23,,0.93118,0.19522,,,1.427,0,,0,0,1,92,92,1,92.0,123590.0
184.4,75,100,80,0.0,29.117,0.067774,69.324,150,0.9,0,16.724,13.326,21.566,78642,87502.0,6.4825,297.98,473.27,1.4945,10.0,,23,,0.93027,0.19523,,,1.4265,0,,0,0,1,92,92,1,92.0,123640.0
184.6,75,100,80,0.0,36.633,30.179,6.9324,150,0.9,0,16.873,13.364,21.542,78690,87560.0,6.4846,297.9,443.41,1.494,10.0,,23,,0.90969,0.19538,,,1.426,0,,0,0,1,92,92,1,92.0,123350.0
184.8,75,100,80,0.0,43.305,9.0538,98.74,150,0.9,0,17.017,13.389,21.517,78740,87620.0,6.4864,298.06,503.96,1.4935,10.0,,23,,0.90151,0.19544,,,1.4256,0,,0,0,1,92,92,1,92.0,123720.0
185.0,75,100,80,0.0,49.268,61.42,9.874,150,0.9,0,17.163,13.408,21.492,78790,87680.0,6.4899,297.96,467.66,1.493,10.0,,23,,0.89798,0.19547,,,1.4251,0,,0,0,1,92,92,1,92.0,123760.0
185.2,75,100,80,0.0,53.841,29.223,0.9874,150,0.9,0,17.309,13.432,21.467,78842,87742.0,6.4942,297.87,433.91,1.4925,10.0,,23,,0.88603,0.19556,,,1.4246,0,,0,0,1,92,92,1,92.0,122970.0
185.4,75,100,80,0.0,56.696,8.7669,57.054,150,0.9,0,17.454,13.436,21.442,78894,87805.0,6.5003,297.94,457.35,1.492,10.0,,23,,0.89049,0.19553,,,1.4241,0,,0,0,1,92,92,1,92.0,122510.0
185.6,75,100,80,0.0,57.078,2.6301,0.0001,150,0.9,0,17.599,13.438,21.417,78946,87867.0,6.5084,297.87,430.79,1.4915,10.0,,23,,0.89193,0.19552,,,1.4236,0,,0,0,1,92,92,1,92.0,123880.0
185.8,75,100,80,0.0,54.236,0.78902,66.002,150,0.9,0,17.744,13.434,21.392,78998,87929.0,6.5171,297.96,464.69,1.491,10.0,,23,,0.89149,0.19552,,,1.4231,0,,0,0,1,92,92,1,92.0,123090.0
186.0,75,100,80,0.0,47.921,27.298,6.6002,150,0.9,0,17.887,13.415,21.367,79048,87990.0,6.5205,297.88,436.78,1.4905,10.0,,23,,0.89714,0.19548,,,1.4226,0,,0,0,1,92,92,1,92.0,122800.0
186.2,75,100,80,0.0,40.256,8.1895,95.438,150,0.9,0,18.03,13.389,21.343,79097,88048.0,6.5224,298.04,494.89,1.49,10.0,,23,,0.90788,0.1954,,,1.4221,0,,0,0,1,92,92,1,92.0,123510.0
186.4,75,100,80,0.0,31.807,57.389,9.5438,150,0.9,0,18.176,13.359,21.32,79144,88106.0,6.5217,297.94,459.8,1.4895,10.0,,23,,0.92104,0.1953,,,1.4216,0,,0,0,1,92,92,1,92.0,123060.0
186.6,75,100,80,0.0,23.652,17.217,135.0,150,0.9,0,18.322,13.314,21.296,79190,88162.0,6.5183,298.18,550.19,1.4889,10.0,,23,,0.95272,0.19507,,,1.4212,0,,0,0,1,92,92,1,92.0,123270.0
186.8,75,100,80,0.0,16.858,98.228,13.5,150,0.9,0,18.467,13.288,21.273,79234,88216.0,6.5135,298.07,505.94,1.4884,10.0,,23,,0.96828,0.19495,,,1.4207,0,,0,0,1,92,92,1,92.0,122660.0
187.0,75,100,80,0.0,11.985,62.936,1.35,150,0.9,0,18.612,13.256,21.251,79277,88269.0,6.5071,297.95,461.48,1.4879,10.0,,23,,0.99344,0.19477,,,1.4202,0,,0,0,1,92,92,1,92.0,122210.0
187.2,75,100,80,0.0,9.6739,18.881,79.325,150,0.9,0,18.757,13.261,21.228,79320,88322.0,6.4999,298.05,501.48,1.4874,10.0,,23,,0.98709,0.19481,,,1.4197,0,,0,0,1,92,92,1,92.0,122260.0
187.4,75,100,80,0.0,10.242,54.24,7.9325,150,0.9,0,18.902,13.252,21.206,79363,88375.0,6.4929,297.96,466.33,1.4869,10.0,,23,,0.99922,0.19472,,,1.4192,0,,0,0,1,92,92,1,92.0,121810.0
187.6,75,100,80,0.0,13.619,23.465,0.79325,150,0.9,0,19.046,13.264,21.183,79406,88429.0,6.4862,297.88,434.28,1.4863,10.0,,23,,0.99859,0.19473,,,1.4187,0,,0,0,1,92,92,1,92.0,121200.0
187.8,75,100,80,0.0,19.651,7.0395,50.363,150,0.9,0,19.188,13.29,21.161,79451,88483.0,6.4808,297.92,452.19,1.4858,10.0,,23,,0.988,0.19481,,,1.4182,0,,0,0,1,92,92,1,92.0,121920.0
188.0,75,100,80,0.0,27.865,2.1118,0.0001,150,0.9,0,19.328,13.322,21.137,79497,88540.0,6.4773,297.85,425.81,1.4853,10.0,,23,,0.97606,0.1949,,,1.4177,0,,0,0,1,92,92,1,92.0,121630.0
188.2,75,100,80,0.0,37.459,0.63355,63.943,150,0.9,0,19.465,13.352,21.114,79546,88598.0,6.4776,297.94,457.9,1.4848,10.0,,23,,0.96967,0.19495,,,1.4172,0,,0,0,1,92,92,1,92.0,121010.0
188.4,75,100,80,0.0,46.939,0.19007,0.0001,150,0.9,0,19.601,13.398,21.089,79596,88658.0,6.4802,297.87,431.96,1.4842,10.0,,23,,0.94652,0.19512,,,1.4167,0,,0,0,1,92,92,1,92.0,120390.0
188.6,75,100,80,0.0,55.375,0.05702,67.724,150,0.9,0,19.736,13.439,21.065,79648,88720.0,6.4826,297.96,467.52,1.4837,10.0,,23,,0.92376,0.1953,,,1.4162,0,,0,0,1,92,92,1,92.0,121100.0
188.8,75,100,80,0.0,62.844,27.962,6.7724,150,0.9,0,19.869,13.468,21.04,79701,88783.0,6.4888,297.89,440.84,1.4832,10.0,,23,,0.91208,0.19538,,,1.4156,0,,0,0,1,92,92,1,92.0,121640.0
189.0,75,100,80,0.0,67.834,8.3887,93.631,150,0.9,0,20.002,13.487,21.015,79755,88847.0,6.4961,298.04,497.67,1.4827,10.0,,23,,0.90615,0.19543,,,1.4151,0,,0,0,1,92,92,1,92.0,121180.0
189.2,75,100,80,0.0,69.912,56.418,9.3631,150,0.9,0,20.131,13.483,20.99,79810,88911.0,6.5047,297.96,465.79,1.4821,10.0,,23,,0.9179,0.19534,,,1.4146,0,,0,0,1,92,92,1,92.0,120890.0
189.4,75,100,80,0.0,68.539,28.039,0.93631,150,0.9,0,20.259,13.474,20.964,79865,88975.0,6.5104,297.87,433.39,1.4816,10.0,,23,,0.92798,0.19527,,,1.4141,0,,0,0,1,92,92,1,92.0,120760.0
189.6,75,100,80,0.0,64.912,8.4117,57.75,150,0.9,0,20.388,13.461,20.94,79918,89039.0,6.5186,297.94,457.93,1.4811,10.0,,23,,0.93523,0.19522,,,1.4136,0,,0,0,1,92,92,1,92.0,120640.0
189.8,75,100,80,0.0,57.991,2.5235,0.0001,150,0.9,0,20.516,13.439,20.915,79971,89100.0,6.5267,297.87,431.4,1.4805,10.0,,23,,0.94399,0.19515,,,1.4131,0,,0,0,1,92,92,1,92.0,120680.0
190.0,75,100,80,0.0,47.833,0.75705,65.625,150,0.9,0,20.648,13.402,20.891,80021,89161.0,6.5309,297.96,464.85,1.48,10.0,,23,,0.96144,0.19502,,,1.4126,0,,0,0,1,92,92,1,92.0,120230.0
190.2,75,100,80,0.0,36.006,26.576,6.5625,150,0.9,-4000,20.781,13.35,20.868,79369,88418.0,6.5616,297.89,438.29,1.4709,10.0,,23,,0.98168,0.19489,,,1.4039,0,,0,0,1,92,92,1,92.0,119110.0
190.4,75,100,80,0.51614,18.003,7.9727,92.034,150,0.9,-4000,20.915,13.284,20.846,78713,87672.0,6.5871,298.03,493.84,1.458,10.0,,23,,0.9972,0.1948,,,1.3915,0,,0,0,1,92,92,1,92.0,119990.0
190.6,75,100,80,1.0343,9.0016,55.046,9.2034,150,0.9,-4000,21.052,13.256,20.824,78056,86925.0,6.6098,297.95,460.68,1.4448,10.0,,23,,0.99377,0.19485,,,1.3789,0,,0,0,1,92,92,1,92.0,120380.0
190.8,75,100,80,1.5524,4.5008,16.514,129.35,150,0.9,-4000,21.191,13.244,20.802,77397,86177.0,6.631,298.18,547.54,1.4316,10.0,,23,,0.9842,0.19495,,,1.3662,0,,0,0,1,92,92,1,92.0,119440.0
191.0,75,100,80,2.0706,2.2504,95.898,12.935,150,0.9,-4000,21.329,13.248,20.78,76739,85428.0,6.6515,298.08,509.55,1.4185,10.0,,23,,0.96012,0.19515,,,1.3536,0,,0,0,1,92,92,1,92.0,118660.0
191.2,75,100,80,2.5888,1.1252,65.252,1.2935,150,0.9,-4000,21.471,13.24,20.758,76080,84680.0,6.6714,297.97,469.12,1.4053,10.0,,23,,0.95312,0.19523,,,1.341,0,,0,0,1,92,92,1,92.0,119380.0
191.4,75,100,80,3.1071,0.5626,30.646,0.12935,150,0.9,-4000,21.614,13.243,20.736,75422,83931.0,6.6909,297.88,436.63,1.3922,10.0,,23,,0.93621,0.19538,,,1.3284,0,,0,0,1,92,92,1,92.0,119270.0
191.6,75,100,80,3.6253,0.2813,9.1937,54.776,150,0.9,-4000,21.756,13.235,20.714,74763,83183.0,6.71,297.94,459.36,1.3791,10.0,,23,,0.93303,0.19543,,,1.3158,0,,0,0,1,92,92,1,92.0,119830.0
191.8,75,100,80,4.1435,0.14065,2.7581,0.0001,150,0.9,-4000,21.903,13.237,20.692,74105,82435.0,6.7285,297.87,433.92,1.3659,10.0,,23,,0.91938,0.19556,,,1.3033,0,,0,0,1,92,92,1,92.0,119220.0
192.0,75,100,80,4.6618,0.070325,0.82743,66.613,150,0.9,-4000,22.052,13.239,20.67,73447,81687.0,6.7467,297.97,469.61,1.3529,10.0,4391.1,23,2574.2,0.90582,0.19569,20.758,21.467,1.2907,0,76.999,0,0,1,92,92,1,92.0,119270.0
192.2,75,100,80,5.18,0.035163,31.36,6.6613,150,0.9,0,22.202,13.253,20.648,73489,81739.0,6.7169,297.89,443.38,1.3485,10.0,,23,,0.88811,0.19583,,,1.2866,0,,0,0,1,92,92,1,92.0,118820.0
192.4,75,100,80,5.7045,0.017581,9.408,100.34,150,0.9,0,22.353,13.248,20.626,73532,81791.0,6.6896,298.08,507.44,1.3478,10.0,,23,,0.89657,0.19577,,,1.2859,0,,0,0,1,92,92,1,92.0,118710.0
192.6,75,100,80,6.2263,0.0087906,68.972,10.034,150,0.9,0,22.505,13.246,20.603,73574,81843.0,6.6637,297.99,476.78,1.3473,10.0,,23,,0.90279,0.19572,,,1.2854,0,,0,0,1,92,92,1,92.0,119430.0
192.8,75,100,80,6.7481,0.0043953,40.341,1.0034,150,0.9,0,22.657,13.239,20.581,73617,81896.0,6.64,297.9,443.84,1.3468,10.0,,23,,0.91527,0.19563,,,1.285,0,,0,0,1,92,92,1,92.0,119490.0
193.0,75,100,80,7.2697,0.0021977,12.102,67.549,150,0.9,0,22.807,13.233,20.559,73660,81948.0,6.6177,297.99,477.89,1.3463,10.0,,23,,0.9272,0.19554,,,1.2845,0,,0,0,1,92,92,1,92.0,118040.0
193.2,75,100,80,7.7913,0.0010988,42.307,6.7549,150,0.9,0,22.954,13.237,20.536,73702,82001.0,6.5962,297.91,449.61,1.3458,10.0,,23,,0.92765,0.19554,,,1.284,0,,0,0,1,92,92,1,92.0,117590.0
193.4,75,100,80,8.3128,0.00054942,12.692,108.28,150,0.9,0,23.104,13.238,20.514,73745,82053.0,6.5756,298.11,520.34,1.3453,10.0,,23,,0.93153,0.19551,,,1.2835,0,,0,0,1,92,92,1,92.0,118650.0
193.6,75,100,80,8.8343,0.00027471,79.341,10.828,150,0.9,0,23.253,13.237,20.491,73788,82106.0,6.5556,298.03,490.12,1.3448,10.0,,23,,0.93634,0.19548,,,1.283,0,,0,0,1,92,92,1,92.0,118530.0
193.8,75,100,80,9.3559,0.00013735,52.45,1.0828,150,0.9,0,23.404,13.241,20.469,73832,82159.0,6.5362,297.93,454.73,1.3443,10.0,,23,,0.93621,0.19548,,,1.2826,0,,0,0,1,92,92,1,92.0,117920.0
194.0,75,100,80,0.0,0.0,15.735,75.799,150,0.9,0,23.558,13.213,20.447,73873,82210.0,6.5246,298.04,495.59,1.3438,10.0,,23,,0.94255,0.19543,,,1.2821,0,,0,0,1,92,92,1,92.0,117970.0
194.2,75,100,80,0.0,0.0,53.73,7.5799,150,0.9,0,23.711,13.204,20.425,73914,82262.0,6.5136,297.96,466.02,1.3433,10.0,,23,,0.95512,0.19534,,,1.2816,0,,0,0,1,92,92,1,92.0,117530.0
194.4,75,100,80,0.0,0.0,25.525,0.75799,150,0.9,0,23.864,13.175,20.403,73955,82313.0,6.5029,297.88,436.51,1.3428,10.0,,23,,0.99084,0.19507,,,1.2811,0,,0,0,1,92,92,1,92.0,118420.0
194.6,75,100,80,0.0,0.0,7.6574,54.638,150,0.9,0,24.016,13.181,20.381,73997,82364.0,6.4926,297.94,459.95,1.3423,10.0,,23,,0.99006,0.19508,,,1.2806,0,,0,0,1,92,92,1,92.0,117970.0
194.8,75,100,80,0.0,3.4618,2.2972,0.0001,150,0.9,0,24.169,13.212,20.359,74039,82416.0,6.4849,297.87,434.81,1.3418,10.0,,23,,0.96646,0.19526,,,1.2802,0,,0,0,1,92,92,1,92.0,118200.0
195.0,75,100,80,0.0,10.001,0.68917,66.194,150,0.9,0,24.322,13.235,20.337,74082,82469.0,6.4816,297.97,470.13,1.3413,10.0,,23,,0.95955,0.19531,,,1.2797,0,,0,0,1,92,92,1,92.0,117420.0
195.2,75,100,80,0.0,17.87,30.843,6.6194,150,0.9,0,24.473,13.271,20.314,74127,82524.0,6.4837,297.9,445.54,1.3408,10.0,,23,,0.94374,0.19543,,,1.2792,0,,0,0,1,92,92,1,92.0,116970.0
195.4,75,100,80,0.0,24.89,9.2529,96.568,150,0.9,0,24.621,13.302,20.291,74173,82580.0,6.4907,298.07,506.6,1.3403,10.0,,23,,0.93074,0.19553,,,1.2787,0,,0,0,1,92,92,1,92.0,118020.0
195.6,75,100,80,0.0,29.127,65.59,9.6568,150,0.9,0,24.769,13.317,20.268,74220,82637.0,6.5025,297.99,478.17,1.3398,10.0,,23,,0.9267,0.19556,,,1.2782,0,,0,0,1,92,92,1,92.0,116900.0
195.8,75,100,80,0.0,28.63,39.339,0.96568,150,0.9,0,24.916,13.322,20.244,74267,82694.0,6.5137,297.9,446.4,1.3393,10.0,,23,,0.92032,0.19561,,,1.2777,0,,0,0,1,92,92,1,92.0,116280.0
196.0,75,100,80,0.0,23.653,11.802,65.515,150,0.9,0,25.063,13.308,20.221,74313,82749.0,6.5214,297.99,478.73,1.3387,10.0,,23,,0.92346,0.19559,,,1.2772,0,,0,0,1,92,92,1,92.0,116500.0
196.2,75,100,80,0.0,15.623,40.315,6.5515,150,0.9,0,25.208,13.288,20.199,74358,82803.0,6.5231,297.92,451.61,1.3382,10.0,,23,,0.92481,0.19558,,,1.2768,0,,0,0,1,92,92,1,92.0,116380.0
196.4,75,100,80,0.0,6.9373,12.095,102.46,150,0.9,0,25.355,13.27,20.177,74400,82856.0,6.5176,298.1,517.06,1.3377,10.0,,23,,0.92295,0.19559,,,1.2763,0,,0,0,1,92,92,1,92.0,117610.0
196.6,75,100,80,0.0,0.44139,73.221,10.246,150,0.9,0,25.502,13.263,20.155,74441,82907.0,6.5071,298.01,485.64,1.3372,10.0,,23,,0.91331,0.19566,,,1.2758,0,,0,0,1,92,92,1,92.0,116830.0
196.8,75,100,80,0.0,0.0,45.151,1.0246,150,0.9,0,25.646,13.263,20.134,74483,82958.0,6.4967,297.92,451.63,1.3367,10.0,,23,,0.91321,0.19567,,,1.2753,0,,0,0,1,92,92,1,92.0,116050.0
197.0,75,100,80,0.0,1.8491,13.545,68.115,150,0.9,0,25.788,13.271,20.112,74524,83009.0,6.4881,298.01,485.47,1.3362,10.0,,23,,0.91232,0.19567,,,1.2748,0,,0,0,1,92,92,1,92.0,115940.0
197.2,75,100,80,0.0,7.124,44.048,6.8115,150,0.9,0,25.929,13.28,20.09,74567,83061.0,6.4839,297.93,456.34,1.3357,10.0,,23,,0.91946,0.19562,,,1.2743,0,,0,0,1,92,92,1,92.0,115830.0
197.4,75,100,80,0.0,14.067,13.214,106.13,150,0.9,0,26.065,13.309,20.068,74611,83114.0,6.4848,298.12,524.44,1.3352,10.0,,23,,0.90973,0.1957,,,1.2738,0,,0,0,1,92,92,1,92.0,115390.0
197.6,75,100,80,0.0,20.638,77.292,10.613,150,0.9,0,26.2,13.333,20.045,74656,83169.0,6.492,298.03,492.2,1.3347,10.0,,23,,0.90307,0.19575,,,1.2733,0,,0,0,1,92,92,1,92.0,115940.0
197.8,75,100,80,0.0,24.336,49.225,1.0613,150,0.9,0,26.335,13.349,20.023,74702,83224.0,6.5014,297.94,458.72,1.3341,10.0,,23,,0.89663,0.1958,,,1.2728,0,,0,0,1,92,92,1,92.0,114990.0
198.0,75,100,80,0.0,24.284,14.767,67.119,150,0.9,0,26.469,13.344,20.0,74748,83280.0,6.5097,298.03,491.77,1.3336,10.0,,23,,0.90409,0.19574,,,1.2723,0,,0,0,1,92,92,1,92.0,115880.0
198.2,75,100,80,0.0,20.924,45.148,6.7119,150,0.9,0,26.601,13.341,19.978,74794,83334.0,6.5151,297.95,463.48,1.3331,10.0,,23,,0.9,0.19577,,,1.2718,0,,0,0,1,92,92,1,92.0,115600.0
198.4,75,100,80,0.0,15.414,18.25,0.67119,150,0.9,0,26.735,13.321,19.956,74838,83388.0,6.5153,297.87,435.35,1.3326,10.0,,23,,0.90802,0.19571,,,1.2713,0,,0,0,1,92,92,1,92.0,115150.0
198.6,75,100,80,0.0,9.8191,5.4751,47.482,150,0.9,0,26.871,13.314,19.934,74881,83441.0,6.5118,297.92,452.67,1.3321,10.0,,23,,0.90272,0.19575,,,1.2708,0,,0,0,1,92,92,1,92.0,115710.0
198.8,75,100,80,0.0,5.6261,1.6425,0.0001,150,0.9,0,27.007,13.296,19.912,74924,83492.0,6.5053,297.85,427.54,1.3316,10.0,,23,,0.91266,0.19568,,,1.2703,0,,0,0,1,92,92,1,92.0,115600.0
199.0,75,100,80,0.0,4.0368,0.49276,64.666,150,0.9,0,27.143,13.286,19.891,74966,83544.0,6.4978,297.95,461.46,1.331,10.0,,23,,0.92274,0.19561,,,1.2699,0,,0,0,1,92,92,1,92.0,114990.0
199.2,75,100,80,0.0,5.4567,0.14783,0.0001,150,0.9,0,27.276,13.278,19.87,75008,83595.0,6.4915,297.88,436.56,1.3305,10.0,,23,,0.93876,0.19549,,,1.2694,0,,0,0,1,92,92,1,92.0,116050.0
199.4,75,100,80,0.0,9.3555,0.044349,69.494,150,0.9,0,27.41,13.29,19.848,75051,83648.0,6.4884,297.98,474.83,1.33,10.0,,23,,0.94091,0.19547,,,1.2689,0,,0,0,1,92,92,1,92.0,113940.0
199.6,75,100,80,0.0,14.486,32.83,6.9494,150,0.9,0,27.539,13.32,19.826,75095,83701.0,6.4886,297.92,450.45,1.3295,10.0,,23,,0.92372,0.1956,,,1.2684,0,,0,0,1,92,92,1,92.0,114830.0
199.8,75,100,80,0.0,19.548,9.8489,96.958,150,0.9,0,27.668,13.343,19.804,75140,83755.0,6.4918,298.09,511.63,1.329,10.0,,23,,0.91325,0.19568,,,1.2679,0,,0,0,1,92,92,1,92.0,114710.0
200.0,75,100,80,0.0,23.35,66.108,9.6958,150,0.9,0,27.798,13.363,19.782,75186,83810.0,6.4977,298.0,482.34,1.3284,10.0,,23,,0.90169,0.19577,,,1.2674,0,,0,0,1,92,92,1,92.0,114940.0
200.2,65,100,80,0.0,24.781,39.855,0.96958,250,0.9,0,27.92,13.484,19.754,75251,83884.0,6.5036,297.91,449.83,1.5127,4.0,,23,,0.85073,0.19481,,,1.2514,0,,0,0,1,92,92,1,92.0,114470.0
200.4,65,100,80,0.0,23.871,11.957,63.885,250,0.9,0,28.042,13.499,19.727,75316,83958.0,6.5087,298.0,479.68,1.5255,4.0,,23,,0.85451,0.19475,,,1.262,0,,0,0,1,92,92,1,92.0,115160.0
200.6,65,100,80,0.0,20.931,38.084,6.3885,250,0.9,0,28.164,13.493,19.7,75380,84031.0,6.5109,297.92,452.18,1.5259,4.0,,23,,0.85779,0.19472,,,1.2623,0,,0,0,1,92,92,1,92.0,113200.0
200.8,65,100,80,0.0,17.101,11.425,97.785,250,0.9,0,28.287,13.497,19.674,75443,84104.0,6.5105,298.09,512.55,1.5253,4.0,,23,,0.8505,0.19478,,,1.2619,0,,0,0,1,92,92,1,92.0,114560.0
201.0,65,100,80,0.0,13.432,66.938,9.7785,250,0.9,0,28.411,13.489,19.647,75506,84176.0,6.5081,298.0,480.26,1.5247,4.0,,23,,0.85344,0.19476,,,1.2614,0,,0,0,1,92,92,1,92.0,114760.0
201.2,65,100,80,0.0,10.738,38.029,0.97785,250,0.9,0,28.532,13.472,19.621,75568,84247.0,6.5036,297.9,445.8,1.5241,4.0,,23,,0.86721,0.19464,,,1.2609,0,,0,0,1,92,92,1,92.0,114470.0
201.4,65,100,80,0.0,9.8297,11.409,63.766,250,0.9,0,28.655,13.484,19.595,75630,84318.0,6.4985,297.98,474.84,1.5235,4.0,,23,,0.8601,0.1947,,,1.2604,0,,0,0,1,92,92,1,92.0,113500.0
201.6,65,100,80,0.0,10.968,36.283,6.3766,250,0.9,0,28.777,13.503,19.569,75692,84390.0,6.4945,297.9,445.23,1.5229,4.0,,23,,0.8489,0.1948,,,1.2599,0,,0,0,1,92,92,1,92.0,113540.0
201.8,65,100,80,0.0,13.682,10.885,100.82,250,0.9,0,28.899,13.518,19.542,75755,84461.0,6.4924,298.08,508.06,1.5223,4.0,,23,,0.84523,0.19483,,,1.2594,0,,0,0,1,92,92,1,92.0,113740.0
202.0,65,100,80,0.0,17.234,67.852,10.082,250,0.9,0,29.021,13.534,19.516,75818,84534.0,6.4922,297.98,474.24,1.5217,4.0,,23,,0.84235,0.19486,,,1.2589,0,,0,0,1,92,92,1,92.0,113110.0
202.2,65,100,80,0.0,20.888,37.065,1.0082,250,0.9,0,29.143,13.539,19.489,75882,84607.0,6.4938,297.88,439.26,1.5211,4.0,,23,,0.85072,0.19479,,,1.2584,0,,0,0,1,92,92,1,92.0,112980.0
202.4,65,100,80,0.0,23.874,11.119,65.697,250,0.9,0,29.262,13.563,19.463,75947,84681.0,6.498,297.97,470.17,1.5204,4.0,,23,,0.84101,0.19487,,,1.2578,0,,0,0,1,92,92,1,92.0,113340.0
202.6,65,100,80,0.0,25.168,36.997,6.5697,250,0.9,0,29.382,13.575,19.436,76012,84755.0,6.5027,297.89,440.37,1.5198,4.0,,23,,0.83534,0.19492,,,1.2573,0,,0,0,1,92,92,1,92.0,113380.0
202.8,65,100,80,0.0,24.611,11.099,105.42,250,0.9,0,29.503,13.583,19.41,76076,84829.0,6.5074,298.07,507.38,1.5192,4.0,,23,,0.83125,0.19496,,,1.2568,0,,0,0,1,92,92,1,92.0,112910.0
203.0,65,100,80,0.0,22.164,71.309,10.542,250,0.9,0,29.625,13.573,19.383,76141,84903.0,6.5099,297.98,472.85,1.5186,4.0,,23,,0.83842,0.1949,,,1.2563,0,,0,0,1,92,92,1,92.0,112780.0
203.2,65,100,80,0.0,18.748,39.805,1.0542,250,0.9,0,29.746,13.559,19.357,76204,84976.0,6.5106,297.88,438.06,1.518,4.0,,23,,0.8496,0.1948,,,1.2558,0,,0,0,1,92,92,1,92.0,112820.0
203.4,65,100,80,0.0,15.046,11.941,68.374,250,0.9,0,29.868,13.55,19.331,76267,85048.0,6.5085,297.97,471.48,1.5174,4.0,,23,,0.85577,0.19475,,,1.2553,0,,0,0,1,92,92,1,92.0,112350.0
203.6,65,100,80,0.0,12.167,39.976,6.8374,250,0.9,0,29.989,13.531,19.305,76330,85119.0,6.5051,297.89,442.4,1.5167,4.0,,23,,0.87171,0.19462,,,1.2548,0,,0,0,1,92,92,1,92.0,112390.0
203.8,65,100,80,0.0,10.667,11.993,108.19,250,0.9,0,30.109,13.537,19.28,76392,85190.0,6.5009,298.08,511.39,1.5161,4.0,,23,,0.86962,0.19464,,,1.2542,0,,0,0,1,92,92,1,92.0,112600.0
204.0,65,100,80,0.0,10.827,74.025,10.819,250,0.9,0,30.228,13.536,19.254,76454,85262.0,6.4973,297.98,474.15,1.5155,4.0,5012.0,23,2848.7,0.87537,0.19459,19.357,20.643,1.2537,0,77.311,0,0,1,92,92,1,92.0,112800.0
204.2,65,100,80,0.0,12.426,40.456,1.0819,250,0.9,0,30.347,13.554,19.229,76516,85333.0,6.4952,297.88,437.43,1.5149,4.0,,23,,0.86735,0.19466,,,1.2532,0,,0,0,1,92,92,1,92.0,111840.0
204.4,65,100,80,0.0,14.853,12.137,69.028,250,0.9,0,30.466,13.558,19.203,76579,85405.0,6.4953,297.97,470.73,1.5142,4.0,,23,,0.8733,0.19461,,,1.2527,0,,0,0,1,92,92,1,92.0,112710.0
204.6,65,100,80,0.0,17.24,39.911,6.9028,250,0.9,0,30.586,13.568,19.177,76642,85478.0,6.4976,297.89,440.36,1.5136,4.0,,23,,0.87427,0.1946,,,1.2522,0,,0,0,1,92,92,1,92.0,111580.0
204.8,65,100,80,0.0,18.732,11.973,109.98,250,0.9,0,30.708,13.573,19.151,76706,85551.0,6.5007,298.08,511.25,1.513,4.0,,23,,0.87783,0.19457,,,1.2516,0,,0,0,1,92,92,1,92.0,112290.0
205.0,65,100,80,0.0,18.963,75.37,10.998,250,0.9,0,30.832,13.585,19.126,76769,85624.0,6.5042,297.99,477.04,1.5123,4.0,,23,,0.87193,0.19462,,,1.2511,0,,0,0,1,92,92,1,92.0,111160.0
205.2,65,100,80,0.0,17.808,44.731,1.0998,250,0.9,0,30.954,13.582,19.1,76833,85696.0,6.5069,297.89,441.68,1.5117,4.0,,23,,0.87569,0.19459,,,1.2506,0,,0,0,1,92,92,1,92.0,111870.0
205.4,65,100,80,0.0,15.562,13.419,71.852,250,0.9,0,31.076,13.583,19.075,76896,85769.0,6.5083,297.99,477.29,1.5111,4.0,,23,,0.87571,0.19459,,,1.2501,0,,0,0,1,92,92,1,92.0,112070.0
205.6,65,100,80,0.0,12.773,43.666,7.1852,250,0.9,0,31.197,13.569,19.049,76958,85840.0,6.5078,297.9,445.35,1.5105,4.0,,23,,0.88617,0.1945,,,1.2495,0,,0,0,1,92,92,1,92.0,110450.0
205.8,65,100,80,0.0,10.165,13.1,113.63,250,0.9,0,31.314,13.573,19.024,77020,85911.0,6.5056,298.1,518.46,1.5098,4.0,,23,,0.88327,0.19453,,,1.249,0,,0,0,1,92,92,1,92.0,110820.0
206.0,65,100,80,0.0,8.4635,78.878,11.363,250,0.9,0,31.431,13.573,18.999,77081,85982.0,6.5011,297.99,478.57,1.5092,4.0,,23,,0.88345,0.19453,,,1.2485,0,,0,0,1,92,92,1,92.0,111360.0
206.2,65,100,80,0.0,8.5529,43.702,1.1363,250,0.9,0,31.548,13.583,18.974,77143,86052.0,6.4966,297.89,440.28,1.5085,4.0,,23,,0.87891,0.19457,,,1.248,0,,0,0,1,92,92,1,92.0,111240.0
206.4,65,100,80,0.0,10.434,13.11,70.022,250,0.9,0,31.669,13.581,18.949,77205,86124.0,6.4935,297.98,473.78,1.5079,4.0,,23,,0.88912,0.19448,,,1.2474,0,,0,0,1,92,92,1,92.0,110110.0
206.6,65,100,80,0.0,13.562,41.18,7.0022,250,0.9,0,31.788,13.608,18.924,77267,86195.0,6.4931,297.89,442.33,1.5073,4.0,,23,,0.87663,0.19459,,,1.2469,0,,0,0,1,92,92,1,92.0,110490.0
206.8,65,100,80,0.0,16.821,12.354,110.71,250,0.9,0,31.91,13.62,18.899,77330,86268.0,6.4956,298.09,513.06,1.5066,4.0,,23,,0.8757,0.1946,,,1.2464,0,,0,0,1,92,92,1,92.0,110690.0
207.0,65,100,80,0.0,19.087,75.331,11.071,250,0.9,0,32.029,13.634,18.874,77394,86341.0,6.4994,297.98,475.38,1.506,4.0,,23,,0.87195,0.19464,,,1.2458,0,,0,0,1,92,92,1,92.0,110730.0
207.2,65,100,80,0.0,19.86,41.859,1.1071,250,0.9,0,32.145,13.641,18.849,77458,86414.0,6.5032,297.88,438.03,1.5053,4.0,,23,,0.87151,0.19464,,,1.2453,0,,0,0,1,92,92,1,92.0,109440.0
207.4,65,100,80,0.0,19.114,12.558,70.059,250,0.9,0,32.257,13.649,18.823,77521,86486.0,6.506,297.97,471.62,1.5047,4.0,,23,,0.86698,0.19468,,,1.2448,0,,0,0,1,92,92,1,92.0,110650.0
207.6,65,100,80,0.0,17.245,40.345,7.0059,250,0.9,0,32.37,13.655,18.798,77584,86558.0,6.5074,297.89,438.85,1.5041,4.0,,23,,0.86037,0.19474,,,1.2442,0,,0,0,1,92,92,1,92.0,110520.0
207.8,65,100,80,0.0,14.805,12.103,112.65,250,0.9,0,32.486,13.648,18.774,77647,86630.0,6.507,298.08,511.22,1.5034,4.0,,23,,0.86608,0.19469,,,1.2437,0,,0,0,1,92,92,1,92.0,109730.0
208.0,65,100,80,0.0,12.526,76.031,11.265,250,0.9,0,32.602,13.641,18.749,77709,86702.0,6.5055,297.97,471.52,1.5028,4.0,,23,,0.87297,0.19463,,,1.2432,0,,0,0,1,92,92,1,92.0,109440.0
208.2,65,100,80,0.0,10.837,40.574,1.1265,250,0.9,0,32.717,13.649,18.724,77771,86773.0,6.5027,297.87,433.16,1.5021,4.0,,23,,0.86716,0.19468,,,1.2426,0,,0,0,1,92,92,1,92.0,110320.0
208.4,65,100,80,0.0,10.281,12.172,70.773,250,0.9,0,32.832,13.655,18.7,77833,86844.0,6.4995,297.96,467.6,1.5015,4.0,,23,,0.86408,0.19471,,,1.2421,0,,0,0,1,92,92,1,92.0,109700.0
208.6,65,100,80,0.0,11.005,40.167,7.0773,250,0.9,0,32.947,13.654,18.675,77895,86915.0,6.4969,297.87,434.47,1.5008,4.0,,23,,0.8711,0.19465,,,1.2415,0,,0,0,1,92,92,1,92.0,109580.0
208.8,65,100,80,0.0,12.78,12.05,115.45,250,0.9,0,33.063,13.664,18.651,77957,86986.0,6.4956,298.07,509.04,1.5002,4.0,,23,,0.87128,0.19465,,,1.241,0,,0,0,1,92,92,1,92.0,108290.0
209.0,65,100,80,0.0,15.061,77.34,11.545,250,0.9,0,33.176,13.687,18.626,78020,87058.0,6.4954,297.97,468.35,1.4995,4.0,,23,,0.85905,0.19476,,,1.2405,0,,0,0,1,92,92,1,92.0,108830.0
209.2,65,100,80,0.0,17.409,40.827,1.1545,250,0.9,0,33.29,13.686,18.602,78083,87130.0,6.4974,297.87,431.29,1.4989,4.0,,23,,0.86778,0.19469,,,1.2399,0,,0,0,1,92,92,1,92.0,108540.0
209.4,65,100,80,0.0,18.978,12.248,70.239,250,0.9,0,33.404,13.69,18.577,78147,87203.0,6.5003,297.96,465.55,1.4982,4.0,,23,,0.87383,0.19463,,,1.2394,0,,0,0,1,92,92,1,92.0,108920.0
209.6,65,100,80,0.0,19.38,39.737,7.0239,250,0.9,0,33.515,13.715,18.552,78210,87276.0,6.503,297.88,435.31,1.4976,4.0,,23,,0.85599,0.19479,,,1.2388,0,,0,0,1,92,92,1,92.0,109130.0
209.8,65,100,80,0.0,18.708,11.921,111.86,250,0.9,0,33.629,13.699,18.528,78274,87348.0,6.5046,298.07,507.39,1.4969,4.0,,23,,0.87275,0.19465,,,1.2383,0,,0,0,1,92,92,1,92.0,108340.0
210.0,65,100,80,0.0,17.384,74.665,11.186,250,0.9,0,33.742,13.71,18.503,78337,87421.0,6.504,297.97,470.82,1.4962,4.0,,23,,0.86529,0.19471,,,1.2377,0,,0,0,1,92,92,1,92.0,108050.0
210.2,65,100,80,0.0,16.331,41.985,1.1186,250,0.9,-4000,33.861,13.736,18.479,77697,86693.0,6.5303,297.87,434.44,1.4872,4.0,,23,,0.83531,0.19499,,,1.2302,0,,0,0,1,92,92,1,92.0,107430.0
210.4,65,100,80,0.0,4.6305,12.595,72.081,250,0.9,-4000,33.981,13.705,18.455,77055,85963.0,6.5503,297.97,470.4,1.4738,4.0,,23,,0.82842,0.19508,,,1.2191,0,,0,0,1,92,92,1,92.0,108970.0
210.6,65,100,80,0.51866,2.3153,42.296,7.2081,250,0.9,-4000,34.102,13.719,18.431,76413,85233.0,6.5688,297.88,438.66,1.4601,4.0,,23,,0.80363,0.19532,,,1.2077,0,,0,0,1,92,92,1,92.0,108350.0
210.8,65,100,80,1.0372,1.1576,12.689,115.88,250,0.9,-4000,34.225,13.708,18.407,75771,84502.0,6.5866,298.09,514.37,1.4463,4.0,,23,,0.80255,0.19535,,,1.1962,0,,0,0,1,92,92,1,92.0,108230.0
211.0,65,100,80,1.5557,0.57881,81.158,11.588,250,0.9,-4000,34.352,13.712,18.383,75128,83772.0,6.6041,297.99,476.27,1.4326,4.0,,23,,0.79132,0.19548,,,1.1848,0,,0,0,1,92,92,1,92.0,107610.0
211.2,65,100,80,2.0742,0.28941,46.487,1.1588,250,0.9,-4000,34.481,13.71,18.359,74486,83042.0,6.621,297.88,438.34,1.4188,4.0,,23,,0.78582,0.19555,,,1.1734,0,,0,0,1,92,92,1,92.0,107830.0
211.4,65,100,80,2.5927,0.1447,13.946,75.727,250,0.9,-4000,34.609,13.736,18.334,73844,82312.0,6.6377,297.99,477.82,1.4051,4.0,,23,,0.75506,0.19584,,,1.1621,0,,0,0,1,92,92,1,92.0,106700.0
211.6,65,100,80,3.1112,0.072352,48.889,7.5727,250,0.9,-4000,34.739,13.738,18.31,73202,81582.0,6.6542,297.9,444.97,1.3915,4.0,,23,,0.74378,0.19597,,,1.1507,0,,0,0,1,92,92,1,92.0,107580.0
211.8,65,100,80,3.6297,0.036176,14.667,125.25,250,0.9,-4000,34.866,13.758,18.285,72560,80852.0,6.6705,298.14,529.0,1.3778,4.0,,23,,0.71898,0.19621,,,1.1394,0,,0,0,1,92,92,1,92.0,106290.0
212.0,65,100,80,4.1481,0.018088,95.197,12.525,250,0.9,-4000,34.996,13.766,18.261,71918,80123.0,6.6866,298.02,486.06,1.3642,4.0,,23,,0.70392,0.19637,,,1.128,0,,0,0,1,92,92,1,92.0,106000.0
212.2,65,100,80,4.6666,0.009044,55.571,1.2525,250,0.9,0,35.126,13.778,18.236,71979,80193.0,6.6611,297.9,445.08,1.3592,4.0,,23,,0.69187,0.19648,,,1.1239,0,,0,0,1,92,92,1,92.0,106210.0
212.4,65,100,80,5.1905,0.004522,16.671,80.915,250,0.9,0,35.253,13.799,18.211,72041,80264.0,6.6374,298.02,488.4,1.3582,4.0,,23,,0.67598,0.19662,,,1.1231,0,,0,0,1,92,92,1,92.0,106760.0
212.6,65,100,80,5.7122,0.002261,57.317,8.0915,250,0.9,0,35.38,13.807,18.187,72102,80334.0,6.6155,297.92,452.23,1.3576,4.0,,23,,0.67256,0.19665,,,1.1226,0,,0,0,1,92,92,1,92.0,107470.0
212.8,65,100,80,6.2337,0.0011305,17.195,137.05,250,0.9,0,35.506,13.802,18.162,72163,80405.0,6.5949,298.19,546.39,1.357,4.0,,23,,0.68398,0.19655,,,1.1221,0,,0,0,1,92,92,1,92.0,106680.0
213.0,65,100,80,6.7552,0.00056525,109.57,13.705,250,0.9,0,35.631,13.795,18.137,72225,80475.0,6.5754,298.06,502.75,1.3564,4.0,,23,,0.69806,0.19643,,,1.1216,0,,0,0,1,92,92,1,92.0,105390.0
213.2,65,100,80,7.2766,0.00028262,70.864,1.3705,250,0.9,0,35.757,13.803,18.112,72287,80546.0,6.5568,297.94,460.01,1.3558,4.0,,23,,0.69739,0.19644,,,1.1211,0,,0,0,1,92,92,1,92.0,106930.0
213.4,65,100,80,7.7979,0.00014131,21.259,88.272,250,0.9,0,35.881,13.817,18.088,72348,80617.0,6.5391,298.08,509.6,1.3551,4.0,,23,,0.68997,0.19651,,,1.1205,0,,0,0,1,92,92,1,92.0,106300.0
213.6,65,100,80,0.0,0.0,69.697,8.8272,250,0.9,0,36.008,13.805,18.063,72409,80686.0,6.5263,297.98,473.58,1.3545,4.0,,23,,0.68673,0.19653,,,1.12,0,,0,0,1,92,92,1,92.0,105850.0
213.8,65,100,80,0.0,0.0,35.698,0.88272,250,0.9,0,36.135,13.81,18.039,72469,80756.0,6.514,297.88,439.63,1.3539,4.0,,23,,0.68632,0.19654,,,1.1195,0,,0,0,1,92,92,1,92.0,105730.0
214.0,65,100,80,0.0,0.0,10.71,62.787,250,0.9,0,36.266,13.813,18.015,72529,80825.0,6.5023,297.97,468.83,1.3533,4.0,,23,,0.68823,0.19652,,,1.119,0,,0,0,1,92,92,1,92.0,106110.0
214.2,65,100,80,0.0,0.0,36.226,6.2787,250,0.9,0,36.397,13.827,17.991,72589,80895.0,6.4911,297.89,441.11,1.3527,4.0,,23,,0.68004,0.1966,,,1.1185,0,,0,0,1,92,92,1,92.0,106320.0
214.4,65,100,80,0.0,4.0755,10.868,104.31,250,0.9,0,36.527,13.84,17.966,72650,80965.0,6.4815,298.08,508.27,1.352,4.0,,23,,0.681,0.19659,,,1.118,0,,0,0,1,92,92,1,92.0,105860.0
214.6,65,100,80,0.0,11.989,74.279,10.431,250,0.9,0,36.656,13.867,17.941,72713,81037.0,6.4745,297.98,474.95,1.3514,4.0,,23,,0.67786,0.19662,,,1.1175,0,,0,0,1,92,92,1,92.0,104740.0
214.8,65,100,80,0.0,22.719,42.58,1.0431,250,0.9,0,36.786,13.908,17.916,72778,81112.0,6.4708,297.89,440.79,1.3508,4.0,,23,,0.66777,0.19671,,,1.1169,0,,0,0,1,92,92,1,92.0,104950.0
215.0,65,100,80,0.0,34.904,12.774,71.053,250,0.9,0,36.911,13.945,17.89,72845,81188.0,6.47,297.99,477.1,1.3502,4.0,,23,,0.66369,0.19674,,,1.1164,0,,0,0,1,92,92,1,92.0,104990.0
215.2,65,100,80,0.0,47.414,45.392,7.1053,250,0.9,0,37.034,13.991,17.864,72914,81267.0,6.4731,297.9,446.55,1.3495,4.0,,23,,0.6521,0.19684,,,1.1159,0,,0,0,1,92,92,1,92.0,105350.0
215.4,65,100,80,0.0,58.695,13.618,117.66,250,0.9,0,37.159,14.035,17.837,72986,81348.0,6.4792,298.13,525.02,1.3489,4.0,,23,,0.63934,0.19695,,,1.1154,0,,0,0,1,92,92,1,92.0,105390.0
215.6,65,100,80,0.0,67.512,88.646,11.766,250,0.9,0,37.282,14.068,17.81,73060,81431.0,6.4878,298.02,489.1,1.3483,4.0,,23,,0.63145,0.19702,,,1.1149,0,,0,0,1,92,92,1,92.0,104580.0
215.8,65,100,80,0.0,72.897,56.063,1.1766,250,0.9,0,37.405,14.074,17.783,73135,81516.0,6.4991,297.92,452.22,1.3477,4.0,,23,,0.64136,0.19694,,,1.1143,0,,0,0,1,92,92,1,92.0,104950.0
216.0,65,100,80,0.0,73.756,16.819,78.3,250,0.9,0,37.527,14.096,17.755,73210,81600.0,6.5092,298.04,494.44,1.347,4.0,5207.3,23,2984.6,0.6282,0.19705,17.864,19.647,1.1138,0,73.115,0,0,1,92,92,1,92.0,104310.0
216.2,65,100,80,0.0,70.603,56.431,7.83,250,0.9,0,37.648,14.091,17.728,73284,81684.0,6.5171,297.95,463.72,1.3464,4.0,,23,,0.62899,0.19705,,,1.1133,0,,0,0,1,92,92,1,92.0,103340.0
216.4,65,100,80,0.0,64.303,26.587,0.783,250,0.9,0,37.769,14.078,17.701,73357,81766.0,6.5212,297.86,433.26,1.3458,4.0,,23,,0.63167,0.19703,,,1.1128,0,,0,0,1,92,92,1,92.0,104540.0
216.6,65,100,80,0.0,56.354,7.976,57.883,250,0.9,0,37.889,14.054,17.675,73428,81847.0,6.5242,297.94,458.97,1.3451,4.0,,23,,0.64195,0.19694,,,1.1122,0,,0,0,1,92,92,1,92.0,104080.0
216.8,65,100,80,0.0,47.211,2.3928,0.0001,250,0.9,0,38.01,14.023,17.649,73498,81926.0,6.5224,297.86,433.07,1.3445,4.0,,23,,0.6572,0.19681,,,1.1117,0,,0,0,1,92,92,1,92.0,104450.0
217.0,65,100,80,0.0,38.772,0.71784,70.287,250,0.9,0,38.134,13.994,17.624,73566,82003.0,6.5201,297.97,471.65,1.3438,4.0,,23,,0.67285,0.19668,,,1.1112,0,,0,0,1,92,92,1,92.0,103160.0
217.2,65,100,80,0.0,31.27,34.251,7.0287,250,0.9,0,38.26,13.981,17.599,73632,82079.0,6.5176,297.9,445.07,1.3432,4.0,,23,,0.67568,0.19665,,,1.1106,0,,0,0,1,92,92,1,92.0,103870.0
217.4,65,100,80,0.0,24.75,10.275,104.98,250,0.9,0,38.386,13.959,17.575,73697,82153.0,6.5113,298.09,512.83,1.3426,4.0,,23,,0.68789,0.19655,,,1.1101,0,,0,0,1,92,92,1,92.0,103410.0
217.6,65,100,80,0.0,20.745,73.802,10.498,250,0.9,0,38.514,13.949,17.55,73761,82227.0,6.5048,298.0,479.76,1.3419,4.0,,23,,0.69421,0.1965,,,1.1096,0,,0,0,1,92,92,1,92.0,104120.0
217.8,65,100,80,0.0,19.363,43.232,1.0498,250,0.9,0,38.641,13.963,17.526,73825,82300.0,6.499,297.9,444.73,1.3413,4.0,,23,,0.68266,0.1966,,,1.109,0,,0,0,1,92,92,1,92.0,103330.0
218.0,65,100,80,0.0,20.291,12.97,70.089,250,0.9,0,38.765,13.966,17.502,73890,82374.0,6.4931,298.0,479.78,1.3406,4.0,,23,,0.68618,0.19657,,,1.1085,0,,0,0,1,92,92,1,92.0,103710.0
218.2,65,100,80,0.0,23.554,44.334,7.0089,250,0.9,0,38.89,13.995,17.477,73954,82448.0,6.4883,297.91,448.68,1.34,4.0,,23,,0.66977,0.19671,,,1.108,0,,0,0,1,92,92,1,92.0,103420.0
218.4,65,100,80,0.0,28.733,13.3,114.09,250,0.9,0,39.015,14.021,17.453,74020,82523.0,6.4858,298.12,523.15,1.3394,4.0,,23,,0.65937,0.1968,,,1.1074,0,,0,0,1,92,92,1,92.0,102970.0
218.6,65,100,80,0.0,34.919,83.626,11.409,250,0.9,0,39.138,14.044,17.428,74087,82600.0,6.4845,298.01,484.8,1.3387,4.0,,23,,0.655,0.19684,,,1.1069,0,,0,0,1,92,92,1,92.0,103010.0
218.8,65,100,80,0.0,41.627,48.963,1.1409,250,0.9,0,39.262,14.062,17.403,74156,82677.0,6.4824,297.9,447.09,1.3381,4.0,,23,,0.65578,0.19683,,,1.1064,0,,0,0,1,92,92,1,92.0,103050.0
219.0,65,100,80,0.0,49.18,14.689,72.907,250,0.9,0,39.386,14.102,17.377,74226,82757.0,6.484,298.01,483.88,1.3374,4.0,,23,,0.6395,0.19698,,,1.1058,0,,0,0,1,92,92,1,92.0,102760.0
219.2,65,100,80,0.0,56.103,47.924,7.2907,250,0.9,0,39.509,14.139,17.352,74297,82838.0,6.4888,297.92,451.68,1.3368,4.0,,23,,0.62208,0.19713,,,1.1053,0,,0,0,1,92,92,1,92.0,103130.0
219.4,65,100,80,0.0,61.104,14.377,117.84,250,0.9,0,39.634,14.143,17.326,74369,82919.0,6.4998,298.14,529.11,1.3361,4.0,,23,,0.63229,0.19704,,,1.1048,0,,0,0,1,92,92,1,92.0,102000.0
219.6,65,100,80,0.0,61.683,87.618,11.784,250,0.9,0,39.757,14.152,17.3,74441,83001.0,6.5128,298.03,491.25,1.3355,4.0,,23,,0.63014,0.19706,,,1.1042,0,,0,0,1,92,92,1,92.0,102540.0
219.8,65,100,80,0.0,57.071,54.158,1.1784,250,0.9,0,39.882,14.13,17.275,74513,83082.0,6.5249,297.92,450.73,1.3348,4.0,,23,,0.64547,0.19693,,,1.1037,0,,0,0,1,92,92,1,92.0,101080.0
220.0,65,100,80,0.0,47.618,16.247,78.656,250,0.9,0,40.006,14.116,17.25,74582,83161.0,6.5334,298.03,492.08,1.3342,4.0,,23,,0.64543,0.19693,,,1.1031,0,,0,0,1,92,92,1,92.0,101620.0
220.2,65,100,80,0.0,34.809,54.215,7.8656,250,0.9,0,40.134,14.077,17.225,74649,83238.0,6.536,297.94,458.05,1.3335,4.0,,23,,0.65962,0.19681,,,1.1026,0,,0,0,1,92,92,1,92.0,101830.0
220.4,65,100,80,0.0,20.962,16.264,124.98,250,0.9,0,40.266,14.03,17.202,74714,83312.0,6.5327,298.17,540.94,1.3328,4.0,,23,,0.68177,0.19662,,,1.102,0,,0,0,1,92,92,1,92.0,101550.0
220.6,65,100,80,0.0,8.4066,95.194,12.498,250,0.9,0,40.398,14.001,17.179,74775,83383.0,6.5238,298.05,498.2,1.3322,4.0,,23,,0.68928,0.19656,,,1.1015,0,,0,0,1,92,92,1,92.0,102260.0
220.8,65,100,80,0.0,0.0,58.285,1.2498,250,0.9,0,40.531,13.979,17.156,74835,83453.0,6.5116,297.93,457.36,1.3315,4.0,,23,,0.69827,0.19648,,,1.1009,0,,0,0,1,92,92,1,92.0,101650.0
221.0,65,100,80,0.0,0.0,17.485,75.778,250,0.9,0,40.663,13.979,17.133,74895,83523.0,6.4999,298.04,495.84,1.3309,4.0,,23,,0.7044,0.19643,,,1.1004,0,,0,0,1,92,92,1,92.0,101540.0
221.2,65,100,80,0.0,0.55108,53.219,7.5778,250,0.9,0,40.796,13.991,17.111,74955,83592.0,6.4889,297.95,462.93,1.3302,4.0,,23,,0.69864,0.19648,,,1.0999,0,,0,0,1,92,92,1,92.0,101590.0
221.4,65,100,80,0.0,5.5228,22.105,0.75778,250,0.9,0,40.925,14.006,17.088,75016,83663.0,6.4795,297.86,431.83,1.3295,4.0,,23,,0.69881,0.19648,,,1.0993,0,,0,0,1,92,92,1,92.0,100480.0
221.6,65,100,80,0.0,14.255,6.6314,52.612,250,0.9,0,41.054,14.022,17.065,75079,83736.0,6.4731,297.92,452.35,1.3289,4.0,,23,,0.70668,0.19641,,,1.0988,0,,0,0,1,92,92,1,92.0,102030.0
221.8,65,100,80,0.0,25.513,1.9894,0.0001,250,0.9,0,41.184,14.068,17.042,75144,83810.0,6.4695,297.85,426.1,1.3282,4.0,,23,,0.69173,0.19654,,,1.0982,0,,0,0,1,92,92,1,92.0,100410.0
222.0,65,100,80,0.0,38.218,0.59683,69.09,250,0.9,0,41.311,14.114,17.017,75212,83888.0,6.47,297.95,463.35,1.3276,4.0,,23,,0.67761,0.19667,,,1.0976,0,,0,0,1,92,92,1,92.0,101620.0
222.2,65,100,80,0.0,50.705,31.402,6.909,250,0.9,0,41.438,14.157,16.993,75282,83968.0,6.4736,297.87,434.62,1.3269,4.0,,23,,0.66595,0.19677,,,1.0971,0,,0,0,1,92,92,1,92.0,101000.0
222.4,65,100,80,0.0,61.762,9.4206,107.44,250,0.9,0,41.561,14.194,16.968,75354,84049.0,6.4809,298.07,504.2,1.3262,4.0,,23,,0.6575,0.19684,,,1.0965,0,,0,0,1,92,92,1,92.0,100380.0
222.6,65,100,80,0.0,69.912,72.296,10.744,250,0.9,0,41.682,14.222,16.942,75428,84133.0,6.4865,297.96,467.62,1.3255,4.0,,23,,0.65127,0.1969,,,1.096,0,,0,0,1,92,92,1,92.0,100750.0
222.8,65,100,80,0.0,75.852,38.037,1.0744,250,0.9,0,41.8,14.244,16.917,75504,84218.0,6.4923,297.87,432.66,1.3249,4.0,,23,,0.64645,0.19694,,,1.0954,0,,0,0,1,92,92,1,92.0,99454.0
223.0,65,100,80,0.0,79.467,11.411,68.636,250,0.9,0,41.918,14.254,16.891,75579,84303.0,6.5,297.96,466.58,1.3242,4.0,,23,,0.64861,0.19692,,,1.0949,0,,0,0,1,92,92,1,92.0,99493.0
223.2,65,100,80,0.0,79.967,39.729,6.8636,250,0.9,0,42.036,14.256,16.865,75655,84388.0,6.5066,297.88,436.41,1.3235,4.0,,23,,0.65295,0.19689,,,1.0943,0,,0,0,1,92,92,1,92.0,100870.0
223.4,65,100,80,0.0,77.839,11.919,113.35,250,0.9,0,42.153,14.266,16.84,75731,84473.0,6.5105,298.08,510.8,1.3229,4.0,,23,,0.64476,0.19696,,,1.0938,0,,0,0,1,92,92,1,92.0,100240.0
223.6,65,100,80,0.0,74.153,79.32,11.335,250,0.9,0,42.269,14.259,16.815,75806,84558.0,6.516,297.98,474.58,1.3222,4.0,,23,,0.64758,0.19694,,,1.0932,0,,0,0,1,92,92,1,92.0,99945.0
223.8,65,100,80,0.0,68.264,46.145,1.1335,250,0.9,0,42.386,14.25,16.79,75879,84641.0,6.5199,297.88,437.49,1.3215,4.0,,23,,0.64898,0.19693,,,1.0926,0,,0,0,1,92,92,1,92.0,98820.0
224.0,65,100,80,0.0,60.832,13.844,75.993,250,0.9,0,42.505,14.243,16.765,75951,84722.0,6.523,297.99,477.19,1.3208,4.0,,23,,0.64584,0.19695,,,1.0921,0,,0,0,1,92,92,1,92.0,100200.0
224.2,65,100,80,0.0,52.146,48.102,7.5993,250,0.9,0,42.621,14.234,16.741,76022,84802.0,6.5242,297.9,445.29,1.3201,4.0,,23,,0.64111,0.197,,,1.0915,0,,0,0,1,92,92,1,92.0,99244.0
224.4,65,100,80,0.0,42.974,14.431,121.94,250,0.9,0,42.737,14.209,16.717,76090,84880.0,6.5232,298.13,526.64,1.3195,4.0,,23,,0.651,0.19691,,,1.0909,0,,0,0,1,92,92,1,92.0,99626.0
224.6,65,100,80,0.0,34.207,89.128,12.194,250,0.9,0,42.852,14.188,16.694,76157,84956.0,6.5207,298.02,487.6,1.3188,4.0,,23,,0.65825,0.19685,,,1.0904,0,,0,0,1,92,92,1,92.0,99009.0
224.8,65,100,80,0.0,26.456,54.912,1.2194,250,0.9,0,42.969,14.181,16.671,76222,85030.0,6.5161,297.91,447.85,1.3181,4.0,,23,,0.6548,0.19688,,,1.0898,0,,0,0,1,92,92,1,92.0,99061.0
225.0,65,100,80,0.0,20.545,16.474,79.18,250,0.9,0,43.088,14.171,16.649,76286,85103.0,6.5097,298.02,489.83,1.3174,4.0,,23,,0.65722,0.19686,,,1.0892,0,,0,0,1,92,92,1,92.0,99115.0
225.2,65,100,80,0.0,17.196,53.881,7.918,250,0.9,0,43.207,14.167,16.626,76349,85176.0,6.5029,297.93,457.24,1.3167,4.0,,23,,0.65928,0.19685,,,1.0887,0,,0,0,1,92,92,1,92.0,98670.0
225.4,65,100,80,0.0,16.547,16.164,122.95,250,0.9,0,43.326,14.18,16.604,76412,85248.0,6.4964,298.16,538.93,1.316,4.0,,23,,0.65047,0.19692,,,1.0881,0,,0,0,1,92,92,1,92.0,99225.0
225.6,65,100,80,0.0,18.502,92.128,12.295,250,0.9,0,43.446,14.2,16.582,76476,85321.0,6.4907,298.05,499.59,1.3154,4.0,,23,,0.63892,0.19702,,,1.0875,0,,0,0,1,92,92,1,92.0,98779.0
225.8,65,100,80,0.0,22.744,59.02,1.2295,250,0.9,0,43.563,14.221,16.559,76540,85395.0,6.4852,297.94,460.73,1.3147,4.0,,23,,0.63065,0.1971,,,1.087,0,,0,0,1,92,92,1,92.0,97833.0
226.0,65,100,80,0.0,29.202,17.706,75.132,250,0.9,0,43.679,14.237,16.536,76606,85470.0,6.4808,298.05,498.4,1.314,4.0,,23,,0.63185,0.19709,,,1.0864,0,,0,0,1,92,92,1,92.0,98219.0
226.2,65,100,80,0.0,37.413,52.19,7.5132,250,0.9,0,43.791,14.281,16.513,76673,85547.0,6.4796,297.96,464.64,1.3133,4.0,,23,,0.61088,0.19727,,,1.0858,0,,0,0,1,92,92,1,92.0,97604.0
226.4,65,100,80,0.0,46.084,21.192,0.75132,250,0.9,0,43.906,14.311,16.49,76742,85625.0,6.4818,297.87,432.97,1.3126,4.0,,23,,0.60194,0.19735,,,1.0852,0,,0,0,1,92,92,1,92.0,97154.0
226.6,65,100,80,0.0,53.88,6.3576,50.441,250,0.9,0,44.018,14.345,16.466,76813,85705.0,6.4857,297.92,451.1,1.3119,4.0,,23,,0.58896,0.19746,,,1.0847,0,,0,0,1,92,92,1,92.0,97535.0
226.8,65,100,80,0.0,60.116,1.9073,0.0001,250,0.9,0,44.13,14.374,16.442,76885,85786.0,6.4916,297.84,424.47,1.3112,4.0,,23,,0.57622,0.19757,,,1.0841,0,,0,0,1,92,92,1,92.0,98083.0
227.0,65,100,80,0.0,64.001,0.57218,67.26,250,0.9,0,44.239,14.389,16.419,76957,85868.0,6.4959,297.94,459.75,1.3105,4.0,,23,,0.57299,0.1976,,,1.0835,0,,0,0,1,92,92,1,92.0,98296.0
227.2,65,100,80,0.0,66.164,0.17165,0.0001,250,0.9,0,44.348,14.398,16.395,77030,85950.0,6.5,297.87,433.58,1.3098,4.0,,23,,0.57311,0.1976,,,1.0829,0,,0,0,1,92,92,1,92.0,96843.0
227.4,65,100,80,0.0,66.666,0.051496,71.826,250,0.9,0,44.456,14.407,16.371,77104,86033.0,6.5062,297.98,473.06,1.3091,4.0,,23,,0.57073,0.19762,,,1.0823,0,,0,0,1,92,92,1,92.0,96723.0
227.6,65,100,80,0.0,64.697,32.964,7.1826,250,0.9,0,44.564,14.405,16.347,77176,86115.0,6.5092,297.89,441.97,1.3084,4.0,,23,,0.57275,0.19761,,,1.0818,0,,0,0,1,92,92,1,92.0,96938.0
227.8,65,100,80,0.0,61.564,9.8893,106.83,250,0.9,0,44.67,14.427,16.323,77248,86196.0,6.5126,298.08,509.77,1.3077,4.0,,23,,0.55179,0.19779,,,1.0812,0,,0,0,1,92,92,1,92.0,96319.0
228.0,65,100,80,0.0,57.027,70.372,10.683,250,0.9,0,44.776,14.415,16.3,77320,86276.0,6.514,297.96,467.84,1.307,4.0,5383.0,23,3097.5,0.55655,0.19775,16.395,18.597,1.0806,0,68.788,0,0,1,92,92,1,92.0,98202.0
228.2,65,100,80,0.0,51.956,32.456,1.0683,250,0.9,0,44.883,14.396,16.277,77390,86355.0,6.5148,297.86,430.91,1.3063,4.0,,23,,0.56973,0.19764,,,1.08,0,,0,0,1,92,92,1,92.0,97420.0
228.4,65,100,80,0.0,46.57,9.7369,61.437,250,0.9,0,44.993,14.389,16.254,77459,86434.0,6.5136,297.93,457.08,1.3056,4.0,,23,,0.57204,0.19762,,,1.0794,0,,0,0,1,92,92,1,92.0,97305.0
228.6,65,100,80,0.0,41.653,2.9211,0.0001,250,0.9,0,45.103,14.36,16.231,77527,86511.0,6.511,297.86,429.64,1.3049,4.0,,23,,0.59515,0.19742,,,1.0788,0,,0,0,1,92,92,1,92.0,96526.0
228.8,65,100,80,0.0,37.771,0.87632,71.188,250,0.9,0,45.211,14.363,16.209,77594,86587.0,6.5066,297.96,468.15,1.3042,4.0,,23,,0.59298,0.19744,,,1.0783,0,,0,0,1,92,92,1,92.0,96413.0
229.0,65,100,80,0.0,35.669,32.29,7.1188,250,0.9,0,45.318,14.374,16.186,77661,86663.0,6.5012,297.87,434.59,1.3035,4.0,,23,,0.58306,0.19753,,,1.0777,0,,0,0,1,92,92,1,92.0,96635.0
229.2,65,100,80,0.0,35.711,9.6871,111.15,250,0.9,0,45.424,14.367,16.164,77728,86739.0,6.4962,298.07,505.41,1.3028,4.0,,23,,0.59279,0.19745,,,1.0771,0,,0,0,1,92,92,1,92.0,97024.0
229.4,65,100,80,0.0,37.751,71.918,11.115,250,0.9,0,45.532,14.378,16.142,77795,86816.0,6.4919,297.93,455.95,1.3021,4.0,,23,,0.59249,0.19745,,,1.0765,0,,0,0,1,92,92,1,92.0,96412.0
229.6,65,100,80,0.0,41.524,21.575,173.92,250,0.9,0,45.637,14.409,16.119,77863,86893.0,6.489,298.26,577.81,1.3013,4.0,,23,,0.57571,0.1976,,,1.0759,0,,0,0,1,92,92,1,92.0,96966.0
229.8,65,100,80,0.0,46.432,133.91,17.392,250,0.9,0,45.742,14.428,16.097,77932,86971.0,6.4903,298.07,506.67,1.3006,4.0,,23,,0.56912,0.19766,,,1.0753,0,,0,0,1,92,92,1,92.0,97186.0
230.0,65,100,80,0.0,50.836,74.8,1.7392,250,0.9,0,45.844,14.436,16.074,78002,87049.0,6.4932,297.91,449.12,1.2999,4.0,5408.5,23,3114.1,0.57353,0.19762,16.164,18.43,1.0747,0,68.053,0,0,1,92,92,1,92.0,96239.0
