time,aeration_rate,agitator,sugar_feed_rate,acid_flow_rate,base_flow_rate,heating/cooling_water_flow_rate,heating_water_flow_rate,water_for_injection/dilution,air_head_pressure,dumped_broth_flow,substrate_concentration,dissolved_oxygen_concentration,penicillin_concentration,vessel_volume,vessel_weight,pH,temperature,generated_heat,CO2_percent_in_off_gas,PAA_flow,PAA_concentration,oil_flow,NH3_concentration,oxygen_uptake_rate,oxygen_in_percent_in_off_gas,offline_penicillin_concentration,offline_biomass_concentration,carbon_evolution_rate,ammonia_shots,viscosity,Fault reference(Fault_ref:Fault ref),0 - Recipe driven 1 - Operator controlled(Control_ref:Control ref),1- No Raman spec, 1-Raman spec recorded,2-PAT control(PAT_ref:PAT ref),Batch reference(Batch_ref:Batch ref),experiment_ID,Fault flag
0.2,30,100,8,0.0,0.0,0.0001,473.14,0,0.6,0,0.92815,14.69,0.001,58093,61575.0,6.4868,297.35,458.32,0.083179,5.0,,22,,0.44619,0.19662,,,0.031635,0,,0,1,1,53,53,0,53.0,0.0
0.4,30,100,8,0.0,5.2649,0.0001,130.13,0,0.6,0,0.98098,14.669,0.00099952,58091,61578.0,6.4773,297.79,575.26,0.094175,5.0,,22,,0.04111,0.20423,,,0.035818,0,,0,1,1,53,53,0,53.0,0.0
0.6,30,100,8,0.0,14.899,0.0001,0.0001,0,0.6,0,1.0323,14.655,0.00099901,58092,61583.0,6.4807,297.76,568.5,0.097765,5.0,,22,,-0.053571,0.20599,,,0.037184,0,,0,1,1,53,53,0,53.0,0.0
0.8,30,100,8,0.0,23.08,0.0001,164.66,0,0.6,0,1.0821,14.628,0.00099846,58094,61589.0,6.4939,298.32,716.76,0.099881,5.0,,22,,-0.066724,0.20623,,,0.037989,0,,0,1,1,53,53,0,53.0,0.0
1.0,30,100,8,0.0,25.992,182.65,16.466,0,0.6,0,1.1303,14.609,0.00099789,58096,61596.0,6.5095,298.11,661.83,0.10176,5.0,1468.3,22,1727.0,-0.064401,0.20618,0.001,0.47294,0.038703,0,4.08,0,1,1,53,53,0,53.0,0.0
1.2,30,100,8,0.0,22.689,119.45,1.6466,0,0.6,0,1.1775,14.59,0.00099734,58098,61603.0,6.5195,297.94,615.89,0.10365,5.0,,22,,-0.058041,0.20606,,,0.039424,0,,0,1,1,53,53,0,53.0,0.0
1.4,30,100,8,0.0,15.436,35.836,131.81,0,0.6,0,1.2234,14.565,0.00099682,58098,61607.0,6.5201,298.34,721.98,0.10562,5.0,,22,,-0.048474,0.20588,,,0.040172,0,,0,1,1,53,53,0,53.0,0.0
1.6,30,100,8,0.0,7.9546,171.78,13.181,0,0.6,0,1.2681,14.546,0.00099632,58097,61611.0,6.5107,298.15,673.27,0.10766,5.0,,22,,-0.041204,0.20574,,,0.04095,0,,0,1,1,53,53,0,53.0,0.0
1.8,30,100,8,0.0,4.2415,118.53,1.3181,0,0.6,0,1.3111,14.517,0.00099583,58095,61613.0,6.4959,298.0,631.88,0.1098,5.0,,22,,-0.030398,0.20553,,,0.041764,0,,0,1,1,53,53,0,53.0,0.0
2.0,30,100,8,0.0,6.4005,72.237,0.13181,0,0.6,0,1.3519,14.499,0.00099534,58094,61616.0,6.4844,297.9,605.02,0.11204,5.0,,22,,-0.023377,0.2054,,,0.042614,0,,0,1,1,53,53,0,53.0,0.0
2.2,30,100,8,0.0,13.135,21.671,83.994,0,0.6,0,1.3908,14.49,0.00099483,58094,61621.0,6.48,298.16,674.24,0.11437,5.0,,22,,-0.021197,0.20535,,,0.0435,0,,0,1,1,53,53,0,53.0,21900.0
2.4,30,100,8,0.0,21.646,107.96,8.3994,0,0.6,0,1.428,14.465,0.00099428,58095,61627.0,6.4848,298.04,641.67,0.11678,5.0,,22,,-0.013337,0.2052,,,0.04442,0,,0,1,1,53,53,0,53.0,22395.0
2.6,30,100,8,0.0,28.226,69.89,0.83994,0,0.6,0,1.4629,14.435,0.00099372,58098,61634.0,6.4974,297.94,616.63,0.1193,5.0,,22,,-0.0020147,0.20498,,,0.045375,0,,0,1,1,53,53,0,53.0,21390.0
2.8,30,100,8,0.0,29.741,20.967,79.166,0,0.6,0,1.4959,14.4,0.00099314,58102,61642.0,6.5104,298.19,683.14,0.12191,5.0,,22,,0.012197,0.20471,,,0.04637,0,,0,1,1,53,53,0,53.0,21551.0
3.0,30,100,8,0.0,26.109,105.32,7.9166,0,0.6,0,1.5268,14.372,0.00099259,58104,61649.0,6.5181,298.07,651.9,0.12463,5.0,,22,,0.023272,0.2045,,,0.047403,0,,0,1,1,53,53,0,53.0,21880.0
3.2,30,100,15,0.0,19.417,70.29,0.79166,0,0.6,0,1.5696,14.345,0.00099203,58107,61657.0,6.5166,297.98,627.3,0.12744,5.0,,22,,0.033648,0.2043,,,0.048474,0,,0,1,1,53,53,0,53.0,21708.0
3.4,30,100,15,0.0,13.327,42.196,0.079166,0,0.6,0,1.6101,14.306,0.0009915,58108,61663.0,6.5073,297.93,614.31,0.13036,5.0,,22,,0.048244,0.20402,,,0.049585,0,,0,1,1,53,53,0,53.0,22203.0
3.6,30,100,15,0.0,10.954,12.659,47.146,0,0.6,0,1.6489,14.276,0.00099097,58109,61669.0,6.4951,298.09,657.06,0.13339,5.0,,22,,0.059928,0.2038,,,0.050738,0,,0,1,1,53,53,0,53.0,21531.0
3.8,30,100,15,0.0,13.445,65.683,4.7146,0,0.6,0,1.6851,14.245,0.00099043,58110,61675.0,6.4856,298.04,641.84,0.13654,5.0,,22,,0.070915,0.20359,,,0.051935,0,,0,1,1,53,53,0,53.0,21526.0
4.0,30,100,15,0.0,19.715,48.339,0.47146,0,0.6,0,1.7178,14.205,0.00098987,58113,61682.0,6.4828,297.99,630.81,0.13981,5.0,,22,,0.085069,0.20332,,,0.053181,0,,0,1,1,53,53,0,53.0,22521.0
4.2,30,100,15,0.0,27.088,35.891,0.047146,0,0.6,0,1.7754,14.164,0.00098929,58117,61693.0,6.4885,297.97,624.21,0.14322,5.0,,30,,0.095653,0.20311,,,0.054478,0,,0,1,1,53,53,0,53.0,21015.0
4.4,30,100,15,0.0,32.196,27.495,0.0047146,0,0.6,0,1.83,14.134,0.00098869,58122,61704.0,6.497,297.96,622.06,0.14676,5.0,,30,,0.10507,0.20293,,,0.055825,0,,0,1,1,53,53,0,53.0,21843.0
4.6,30,100,15,0.0,33.908,23.791,0.00047146,0,0.6,0,1.8814,14.086,0.00098809,58128,61716.0,6.5064,297.96,621.86,0.15044,5.0,,30,,0.12174,0.20261,,,0.057224,0,,0,1,1,53,53,0,53.0,22672.0
4.8,30,100,15,0.0,31.86,22.176,0.0001,0,0.6,0,1.9309,14.052,0.00098749,58133,61728.0,6.51,297.97,623.03,0.15425,5.0,,30,,0.13363,0.20238,,,0.058676,0,,0,1,1,53,53,0,53.0,22166.0
5.0,30,100,15,0.0,28.403,22.245,0.0001,0,0.6,0,1.9778,14.024,0.00098691,58137,61738.0,6.5085,297.97,624.89,0.1582,5.0,,30,,0.14124,0.20223,,,0.06018,0,,0,1,1,53,53,0,53.0,21161.0
5.2,30,100,15,0.0,25.549,23.334,0.0001,0,0.6,0,2.0224,13.975,0.00098635,58140,61747.0,6.5025,297.98,627.65,0.1623,0.0,,30,,0.15614,0.20194,,,0.061739,0,,0,1,1,53,53,0,53.0,21489.0
5.4,30,100,15,0.0,25.085,25.811,0.0001,0,0.6,0,2.0636,13.939,0.0009858,58143,61757.0,6.4952,297.99,630.51,0.16655,0.0,,30,,0.16743,0.20172,,,0.063356,0,,0,1,1,53,53,0,53.0,22650.0
5.6,30,100,15,0.0,27.528,28.785,0.0001,0,0.6,0,2.101,13.884,0.00098523,58146,61766.0,6.491,298.0,633.19,0.17096,0.0,,30,,0.18498,0.20138,,,0.065034,0,,0,1,1,53,53,0,53.0,21645.0
5.8,30,100,15,0.0,31.658,31.929,0.0001,0,0.6,0,2.1364,13.844,0.00098466,58150,61776.0,6.4912,298.01,635.63,0.17552,0.0,,30,,0.19923,0.2011,,,0.066771,0,,0,1,1,53,53,0,53.0,22140.0
6.0,30,100,15,0.0,35.665,35.138,0.0001,0,0.6,0,2.1682,13.799,0.00098406,58155,61788.0,6.496,298.03,639.07,0.18023,0.0,,30,,0.21331,0.20083,,,0.068563,0,,0,1,1,53,53,0,53.0,21134.0
6.2,30,100,15,0.0,37.762,39.998,0.0001,0,0.6,0,2.1957,13.755,0.00098347,58160,61799.0,6.504,298.04,642.83,0.1851,0.0,,30,,0.22678,0.20057,,,0.070417,0,,0,1,1,53,53,0,53.0,21462.0
6.4,30,100,15,0.0,36.667,45.714,0.0001,0,0.6,0,2.2197,13.695,0.00098287,58165,61811.0,6.5117,298.05,645.75,0.19015,0.0,,30,,0.24599,0.20019,,,0.072337,0,,0,1,1,53,53,0,53.0,21624.0
6.6,30,100,15,0.0,32.514,50.855,0.0001,0,0.6,0,2.2393,13.64,0.00098229,58169,61821.0,6.5117,298.06,648.61,0.19538,0.0,,30,,0.26304,0.19986,,,0.074327,0,,0,1,1,53,53,0,53.0,21118.0
6.8,30,100,15,0.0,28.388,56.36,0.0001,0,0.6,0,2.2549,13.571,0.00098173,58173,61831.0,6.5064,298.07,650.87,0.20079,0.0,,30,,0.287,0.1994,,,0.076388,0,,0,1,1,53,53,0,53.0,21446.0
7.0,30,100,15,0.0,26.346,61.497,0.0001,0,0.6,0,2.2678,13.509,0.00098117,58176,61840.0,6.4993,298.08,654.27,0.20638,0.0,,30,,0.30928,0.19897,,,0.078514,0,,0,1,1,53,53,0,53.0,21441.0
7.2,30,100,15,0.0,27.137,68.436,0.0001,0,0.6,0,2.2767,13.447,0.0009806,58179,61849.0,6.493,298.09,657.6,0.21215,0.0,,30,,0.3294,0.19858,,,0.080712,0,,0,1,1,53,53,0,53.0,21602.0
7.4,30,100,15,0.0,30.438,75.73,0.0001,0,0.6,0,2.2811,13.383,0.00098003,58183,61860.0,6.4902,298.11,660.51,0.21813,0.0,,30,,0.34895,0.19819,,,0.08299,0,,0,1,1,53,53,0,53.0,21930.0
7.6,30,100,15,0.0,34.849,82.936,0.0001,0,0.6,0,2.2805,13.305,0.00097944,58187,61871.0,6.4893,298.12,664.27,0.22434,0.0,,30,,0.3742,0.1977,,,0.085354,0,,0,1,1,53,53,0,53.0,21091.0
7.8,30,100,15,0.0,39.628,91.669,0.0001,0,0.6,0,2.2759,13.241,0.00097884,58193,61882.0,6.4912,298.14,668.34,0.23075,0.0,,30,,0.39671,0.19726,,,0.087794,0,,0,1,1,53,53,0,53.0,21252.0
8.0,30,100,15,0.0,43.648,101.3,0.0001,0,0.6,0,2.2662,13.174,0.00097822,58199,61895.0,6.4962,298.14,669.59,0.23737,0.0,,30,,0.41675,0.19687,,,0.090314,0,,0,1,1,53,53,0,53.0,21246.0
8.2,42,100,15,0.0,45.66,107.86,0.0001,0,0.6,0,2.2527,13.282,0.00097759,58206,61908.0,6.5052,298.13,667.87,0.19119,0.0,,30,,0.39077,0.19957,,,0.10183,0,,0,1,1,53,53,0,53.0,21407.0
8.4,42,100,15,0.0,44.096,110.85,0.0001,0,0.6,0,2.2353,13.215,0.00097698,58213,61921.0,6.5118,298.12,664.71,0.19054,0.0,,30,,0.38258,0.19968,,,0.10148,0,,0,1,1,53,53,0,53.0,20735.0
8.6,42,100,15,0.0,39.884,111.84,0.0001,0,0.6,0,2.2116,13.136,0.00097637,58218,61933.0,6.5131,298.12,664.69,0.19514,0.0,,30,,0.40416,0.19938,,,0.10393,0,,0,1,1,53,53,0,53.0,20563.0
8.8,42,100,15,0.0,35.162,116.45,0.0001,0,0.6,0,2.1832,13.068,0.00097579,58223,61944.0,6.5116,298.13,666.33,0.20048,0.0,,30,,0.42555,0.19908,,,0.10678,0,,0,1,1,53,53,0,53.0,22057.0
9.0,42,100,15,0.0,31.033,123.12,0.0001,0,0.6,0,2.1493,13.0,0.00097521,58227,61954.0,6.5034,298.12,665.57,0.20607,0.0,,30,,0.44474,0.19881,,,0.10975,0,,0,1,1,53,53,0,53.0,21218.0
9.2,42,100,15,0.0,30.222,126.88,0.0001,0,0.6,0,2.109,12.913,0.00097464,58230,61964.0,6.4966,298.12,665.28,0.21186,0.0,,30,,0.47093,0.19844,,,0.11284,0,,0,1,1,53,53,0,53.0,21379.0
9.4,42,100,15,0.0,32.103,131.2,0.0001,0,0.6,0,2.0632,12.831,0.00097407,58235,61975.0,6.4901,298.13,665.73,0.21786,0.0,,30,,0.49904,0.19805,,,0.11604,0,,0,1,1,53,53,0,53.0,21707.0
9.6,42,100,15,0.0,36.583,136.43,0.0001,0,0.6,0,2.0111,12.763,0.00097348,58240,61986.0,6.4873,298.12,665.3,0.22406,0.0,,30,,0.51649,0.1978,,,0.11934,0,,0,1,1,53,53,0,53.0,22534.0
9.8,42,100,15,0.0,42.189,140.56,0.0001,0,0.6,0,1.9519,12.655,0.00097287,58246,61999.0,6.4873,298.13,666.83,0.23047,0.0,,30,,0.55534,0.19727,,,0.12276,0,,0,1,1,53,53,0,53.0,22362.0
10.0,42,100,15,0.0,47.788,147.19,0.0001,0,0.6,0,1.8866,12.579,0.00097224,58253,62012.0,6.4905,298.13,667.82,0.23711,0.0,,30,,0.57517,0.19698,,,0.1263,0,,0,1,1,53,53,0,53.0,21356.0
10.2,42,100,15,0.0,52.117,153.26,0.0001,0,0.6,0,1.8156,12.495,0.00097159,58261,62026.0,6.4966,298.13,665.71,0.24395,0.0,,30,,0.60213,0.1966,,,0.12994,0,,0,1,1,53,53,0,53.0,20850.0
10.4,42,100,15,0.0,54.002,155.52,0.0001,0,0.6,0,1.7387,12.398,0.00097095,58269,62041.0,6.499,298.13,666.84,0.25099,0.0,,30,,0.63366,0.19616,,,0.1337,0,,0,1,1,53,53,0,53.0,21678.0
10.6,42,100,15,0.0,54.914,161.73,0.0001,0,0.6,0,1.6555,12.288,0.0009703,58278,62056.0,6.5025,298.14,668.36,0.25825,0.0,,30,,0.67349,0.19561,,,0.13757,0,,0,1,1,53,53,0,53.0,21672.0
10.8,42,100,15,0.0,54.44,168.5,0.0001,0,0.6,0,1.566,12.169,0.00096965,58287,62071.0,6.5042,298.14,670.02,0.26575,0.0,,30,,0.7179,0.19499,,,0.14157,0,,0,1,1,53,53,0,53.0,21999.0
11.0,42,100,15,0.0,53.278,175.66,0.0001,0,0.6,0,1.4691,12.072,0.00096901,58295,62086.0,6.5046,298.15,671.08,0.27349,0.0,,30,,0.74722,0.19457,,,0.14569,0,,0,1,1,53,53,0,53.0,22494.0
11.2,42,100,15,0.0,51.966,182.27,0.0001,0,0.6,0,1.3643,11.958,0.00096837,58303,62100.0,6.5033,298.14,670.65,0.28148,0.0,,30,,0.78209,0.19408,,,0.14995,0,,0,1,1,53,53,0,53.0,21488.0
11.4,42,100,15,0.0,51.172,187.13,0.0001,0,0.6,0,1.2508,11.836,0.00096773,58311,62114.0,6.502,298.16,673.86,0.28974,0.0,,30,,0.82103,0.19354,,,0.15435,0,,0,1,1,53,53,0,53.0,21315.0
11.6,42,100,15,0.0,50.881,196.66,0.0001,0,0.6,0,1.1306,11.72,0.0009671,58319,62128.0,6.4986,298.16,675.62,0.29826,0.0,,30,,0.85856,0.19301,,,0.15889,0,,0,1,1,53,53,0,53.0,22309.0
11.8,42,100,15,0.0,51.969,204.66,0.0001,0,0.6,0,1.0018,11.59,0.00096646,58327,62143.0,6.4959,298.17,679.06,0.30706,0.0,,30,,0.89808,0.19245,,,0.16359,0,,0,1,1,53,53,0,53.0,20803.0
12.0,42,100,15,0.0,54.138,215.1,0.0001,0,0.6,0,0.86356,11.449,0.00096581,58335,62158.0,6.4904,298.21,689.63,0.31616,0.0,1576.0,30,1852.4,0.94374,0.19181,0.00096837,2.6375,0.16844,0,10.546,0,1,1,53,53,0,53.0,21797.0
12.2,42,100,30,0.0,58.52,235.13,0.0001,0,0.6,0,0.74756,11.329,0.0009651,58347,62177.0,6.4845,298.23,693.64,0.32557,0.0,,30,,0.979,0.1913,,,0.17346,0,,0,1,1,53,53,0,53.0,21458.0
12.4,42,100,30,0.0,65.228,248.0,0.0001,0,0.6,0,0.62193,11.189,0.00096436,58361,62198.0,6.4816,298.25,699.05,0.33529,0.0,,30,,1.0206,0.19071,,,0.17864,0,,0,1,1,53,53,0,53.0,20618.0
12.6,42,100,30,0.0,73.117,263.42,0.0001,0,0.7,0,0.48846,11.897,0.0009636,58376,62221.0,6.4803,298.27,705.4,0.34532,0.0,,30,,1.0661,0.19007,,,0.18399,0,,0,1,1,53,53,0,53.0,21446.0
12.8,42,100,30,0.0,81.499,280.76,0.0001,0,0.7,0,0.34804,11.782,0.00096282,58393,62245.0,6.4812,298.28,708.19,0.35563,0.0,,30,,1.0956,0.18964,,,0.18949,0,,0,1,1,53,53,0,53.0,21773.0
13.0,42,100,30,0.0,89.513,294.39,0.0001,0,0.7,0,0.20306,11.677,0.000962,58412,62271.0,6.4824,298.29,711.33,0.3662,0.0,,30,,1.1335,0.1891,,,0.19513,0,,0,1,1,53,53,0,53.0,20933.0
13.2,42,100,30,0.0,97.074,308.95,0.0001,0,0.7,0,0.071554,11.829,0.00096116,58432,62298.0,6.4884,298.31,715.41,0.37681,0.0,,30,,1.1122,0.18937,,,0.20079,0,,0,1,1,53,53,0,53.0,21594.0
13.4,42,100,30,0.0,102.2,325.14,0.0001,0,0.7,0,0.01308,12.916,0.00096031,58453,62326.0,6.5109,298.24,696.06,0.3864,0.0,,30,,0.86876,0.1927,,,0.2059,0,,0,1,1,53,53,0,53.0,21254.0
13.6,42,100,30,0.0,98.293,311.9,0.0001,0,0.7,0,0.011565,13.036,0.00095948,58473,62354.0,6.5437,298.12,664.18,0.39365,0.0,,30,,0.67074,0.19538,,,0.20977,0,,0,1,1,53,53,0,53.0,21915.0
13.8,42,100,30,0.0,81.304,280.6,0.0001,0,0.7,0,0.011566,12.995,0.00095871,58490,62378.0,6.5682,298.04,641.92,0.40026,0.0,,30,,0.64789,0.19568,,,0.21329,0,,0,1,1,53,53,0,53.0,21742.0
14.0,42,100,30,0.51836,40.652,257.52,0.0001,0,0.7,0,0.011344,12.956,0.00095807,58499,62394.0,6.5633,297.96,620.88,0.40679,0.0,,30,,0.65383,0.19558,,,0.21678,0,,0,1,1,53,53,0,53.0,21736.0
14.2,42,100,30,1.0401,20.326,232.65,0.0001,0,0.7,0,0.01095,12.912,0.0009575,58504,62407.0,6.5357,297.91,606.32,0.41331,0.0,,30,,0.66516,0.19542,,,0.22026,0,,0,1,1,53,53,0,53.0,21730.0
14.4,42,100,30,0.0,6.6529,69.796,248.22,0,0.7,0,0.010753,12.885,0.00095696,58506,62416.0,6.4958,298.86,863.24,0.41982,0.0,,30,,0.67253,0.1953,,,0.22373,0,,0,1,1,53,53,0,53.0,20724.0
14.6,42,100,30,0.0,8.9092,394.97,24.822,0,0.7,0,0.010573,12.864,0.0009564,58508,62425.0,6.4629,298.7,821.19,0.4263,0.0,,30,,0.67454,0.19526,,,0.22719,0,,0,1,1,53,53,0,53.0,20884.0
14.8,42,100,30,0.0,24.232,366.24,2.4822,0,0.7,0,0.010301,12.871,0.0009558,58513,62438.0,6.4514,298.51,770.0,0.43276,0.0,,30,,0.66397,0.19539,,,0.23063,0,,0,1,1,53,53,0,53.0,20378.0
15.0,42,100,30,0.0,44.138,328.33,0.24822,0,0.7,0,0.0099152,12.879,0.00095514,58523,62455.0,6.4622,298.36,727.98,0.43918,0.0,,30,,0.65375,0.19552,,,0.23406,0,,0,1,1,53,53,0,53.0,20872.0
15.2,42,100,30,0.0,59.702,295.27,0.024822,0,0.7,0,0.0098944,12.86,0.00095444,58535,62474.0,6.4869,298.26,702.4,0.44558,0.0,,30,,0.64983,0.19556,,,0.23747,0,,0,1,1,53,53,0,53.0,21532.0
15.4,42,100,30,0.0,65.407,277.13,0.0024822,0,0.7,0,0.0097524,12.83,0.00095373,58549,62495.0,6.5137,298.18,679.07,0.452,0.0,,30,,0.65637,0.19546,,,0.2409,0,,0,1,1,53,53,0,53.0,20359.0
15.6,42,100,30,0.0,60.419,257.88,0.00024822,0,0.7,0,0.009641,12.81,0.00095305,58562,62515.0,6.5367,298.12,663.7,0.45841,0.0,,30,,0.65671,0.19544,,,0.24432,0,,0,1,1,53,53,0,53.0,21520.0
15.8,42,100,30,0.0,46.265,245.49,0.0001,0,0.7,0,0.0095896,12.778,0.00095242,58572,62533.0,6.5483,298.08,652.91,0.46483,0.0,,30,,0.65985,0.19539,,,0.24774,0,,0,1,1,53,53,0,53.0,21014.0
16.0,42,100,30,0.0,27.508,236.58,0.0001,0,0.7,0,0.0091299,12.775,0.00095194,58578,62546.0,6.5393,298.04,641.52,0.47122,0.0,,30,,0.65567,0.19543,,,0.25115,0,,0,1,1,53,53,0,53.0,21507.0
16.2,42,100,75,0.0,12.393,225.3,0.0001,0,0.7,0,0.02923,11.483,0.00095125,58590,62569.0,6.49,298.11,661.51,0.47916,0.0,,35,,0.96019,0.19127,,,0.25539,0,,0,1,1,53,53,0,53.0,22001.0
16.4,42,100,75,0.0,17.052,252.49,0.0001,0,0.7,0,0.028616,11.381,0.00095054,58603,62593.0,6.448,298.18,679.14,0.48877,0.0,,35,,1.0663,0.18979,,,0.26052,0,,0,1,1,53,53,0,53.0,21995.0
16.6,42,100,75,0.0,38.354,278.55,0.0001,0,0.7,0,0.02709,11.35,0.00094976,58620,62621.0,6.4354,298.21,687.2,0.49869,0.0,,35,,1.0889,0.18946,,,0.26582,0,,0,1,1,53,53,0,53.0,21155.0
16.8,42,100,75,0.0,64.63,294.91,0.0001,0,0.7,0,0.024729,11.356,0.00094889,58643,62655.0,6.4459,298.22,691.91,0.50863,0.0,,35,,1.088,0.18946,,,0.27112,0,,0,1,1,53,53,0,53.0,22316.0
17.0,42,100,75,0.0,86.698,308.4,0.0001,0,0.7,0,0.023594,11.323,0.00094795,58670,62693.0,6.4646,298.22,692.22,0.51856,0.0,,35,,1.0898,0.18941,,,0.27642,0,,0,1,1,53,53,0,53.0,20643.0
17.2,42,100,75,0.0,101.35,317.01,0.0001,0,0.7,0,0.022856,11.262,0.00094697,58700,62733.0,6.4831,298.24,695.32,0.52851,0.0,,35,,1.1068,0.18916,,,0.28173,0,,0,1,1,53,53,0,53.0,21803.0
17.4,42,100,75,0.0,108.62,329.34,0.0001,0,0.7,0,0.021796,11.248,0.00094597,58731,62776.0,6.5,298.24,696.03,0.53848,0.0,,35,,1.1045,0.18917,,,0.28706,0,,0,1,1,53,53,0,53.0,21964.0
17.6,42,100,75,0.0,109.16,338.98,0.0001,0,0.7,0,0.020687,11.241,0.00094497,58762,62818.0,6.5151,298.21,689.28,0.54845,0.0,,35,,1.0937,0.1893,,,0.29237,0,,0,1,1,53,53,0,53.0,22124.0
17.8,42,100,75,0.0,103.65,339.3,0.0001,0,0.7,0,0.019896,11.196,0.00094399,58793,62859.0,6.5275,298.2,686.08,0.5584,0.0,,35,,1.1004,0.18919,,,0.29769,0,,0,1,1,53,53,0,53.0,21784.0
18.0,42,100,75,0.0,93.161,343.41,0.0001,0,0.7,0,0.018585,11.195,0.00094304,58821,62898.0,6.5382,298.19,681.81,0.5683,0.0,,35,,1.0961,0.18923,,,0.30298,0,,0,1,1,53,53,0,53.0,20445.0
18.2,42,100,75,0.0,78.403,345.63,0.0001,0,0.7,0,0.018557,11.108,0.00094215,58846,62934.0,6.5451,298.15,671.18,0.5782,0.0,,35,,1.1141,0.18896,,,0.30826,0,,0,1,1,53,53,0,53.0,21438.0
18.4,42,100,75,0.0,60.896,339.22,0.0001,0,0.7,0,0.017744,11.067,0.00094131,58868,62967.0,6.5467,298.14,668.35,0.58812,0.0,,35,,1.1236,0.18881,,,0.31356,0,,0,1,1,53,53,0,53.0,21932.0
18.6,42,100,75,0.0,42.74,341.42,0.0001,0,0.7,0,0.017015,11.018,0.00094053,58886,62996.0,6.5381,298.13,666.22,0.59803,0.0,,35,,1.1331,0.18866,,,0.31885,0,,0,1,1,53,53,0,53.0,20426.0
18.8,42,100,75,0.0,28.048,343.89,0.0001,0,0.7,0,0.016298,10.955,0.0009398,58901,63022.0,6.5121,298.11,662.4,0.60797,0.0,,35,,1.1446,0.18849,,,0.32416,0,,0,1,1,53,53,0,53.0,21419.0
19.0,42,100,75,0.0,23.787,343.93,0.0001,0,0.7,0,0.01554,10.915,0.00093908,58916,63047.0,6.4833,298.1,659.84,0.61789,0.0,,35,,1.1577,0.18829,,,0.32946,0,,0,1,1,53,53,0,53.0,21413.0
19.2,42,100,75,0.0,31.007,345.07,0.0001,0,0.7,0,0.015053,10.89,0.00093834,58931,63074.0,6.4688,298.09,655.01,0.62781,0.0,,35,,1.1573,0.18828,,,0.33475,0,,0,1,1,53,53,0,53.0,21073.0
19.4,42,100,75,0.0,43.974,342.96,0.0001,0,0.7,0,0.014558,10.868,0.00093756,58950,63103.0,6.4699,298.08,651.98,0.63773,0.0,,35,,1.1528,0.18832,,,0.34005,0,,0,1,1,53,53,0,53.0,21233.0
19.6,42,100,75,0.0,56.476,342.52,0.0001,0,0.7,0,0.013817,10.889,0.00093674,58971,63135.0,6.482,298.05,643.9,0.64761,0.0,,35,,1.1402,0.18847,,,0.34533,0,,0,1,1,53,53,0,53.0,20560.0
19.8,42,100,75,0.0,64.155,335.22,0.0001,0,0.7,0,0.013261,10.881,0.0009359,58993,63168.0,6.496,298.02,636.32,0.65742,0.0,,35,,1.1319,0.18857,,,0.35057,0,,0,1,1,53,53,0,53.0,21887.0
20.0,42,100,75,0.0,66.256,327.59,0.0001,0,0.7,0,0.013107,10.818,0.00093505,59016,63202.0,6.509,297.98,627.17,0.66723,0.0,,35,,1.1429,0.1884,,,0.35581,0,,0,1,1,53,53,0,53.0,20381.0
20.2,55,100,150,0.0,63.168,316.93,0.0001,0,0.7,0,0.041204,9.7395,0.00093398,59053,63254.0,6.4925,298.07,651.71,0.53612,0.0,,35,,1.4757,0.18887,,,0.37425,0,,0,1,1,53,53,0,53.0,20374.0
20.4,55,100,150,0.0,66.775,347.62,0.0001,0,0.7,0,0.040458,9.5842,0.00093289,59091,63308.0,6.4743,298.15,672.26,0.53842,0.0,,35,,1.5465,0.18812,,,0.37586,0,,0,1,1,53,53,0,53.0,21368.0
20.6,55,100,150,0.0,77.602,375.69,0.0001,0,0.7,0,0.035726,9.5474,0.00093177,59131,63363.0,6.462,298.18,679.55,0.54878,0.0,,35,,1.5601,0.18796,,,0.3831,0,,0,1,1,53,53,0,53.0,21861.0
20.8,55,100,150,0.0,93.299,389.95,0.0001,0,0.7,0,0.033085,9.4655,0.0009306,59175,63422.0,6.4547,298.22,692.61,0.55966,0.0,,35,,1.5868,0.18765,,,0.39071,0,,0,1,1,53,53,0,53.0,21355.0
21.0,55,100,150,0.0,111.94,412.84,0.0001,0,0.7,0,0.02965,9.4461,0.00092937,59222,63484.0,6.451,298.26,701.01,0.57061,0.0,,35,,1.5881,0.18762,,,0.39837,0,,0,1,1,53,53,0,53.0,21348.0
21.2,55,100,150,0.0,132.05,431.47,0.0001,0,0.7,0,0.028517,9.3431,0.00092807,59272,63550.0,6.4487,298.26,703.46,0.58164,0.0,,35,,1.6109,0.18736,,,0.40608,0,,0,1,1,53,53,0,53.0,21175.0
21.4,55,100,150,0.0,153.1,443.89,0.0001,0,0.7,0,0.026437,9.3165,0.00092672,59328,63621.0,6.4476,298.24,697.43,0.59272,0.0,,35,,1.621,0.18723,,,0.41383,0,,0,1,1,53,53,0,53.0,20168.0
21.6,55,100,150,0.0,174.56,446.15,0.0001,0,0.7,0,0.024363,9.3021,0.0009253,59387,63695.0,6.4478,298.23,693.62,0.60379,0.0,,35,,1.6281,0.18714,,,0.42157,0,,0,1,1,53,53,0,53.0,21662.0
21.8,55,100,150,0.0,195.94,450.6,0.0001,0,0.7,0,0.022898,9.2577,0.00092382,59451,63774.0,6.4485,298.21,687.52,0.61486,0.0,,35,,1.6422,0.18697,,,0.42931,0,,0,1,1,53,53,0,53.0,21489.0
22.0,55,100,150,0.0,217.05,451.62,0.0001,0,0.7,0,0.021582,9.2378,0.00092228,59519,63857.0,6.4495,298.16,673.93,0.62594,0.0,,35,,1.6412,0.18696,,,0.43706,0,,0,1,1,53,53,0,53.0,20815.0
22.2,55,100,150,0.0,225.0,442.49,0.0001,0,0.7,0,0.020693,9.1602,0.00092072,59588,63942.0,6.45,298.09,656.26,0.63707,0.0,,35,,1.6606,0.18673,,,0.44485,0,,0,1,1,53,53,0,53.0,20475.0
22.4,55,100,150,0.0,225.0,426.63,0.0001,0,0.7,0,0.020231,9.0519,0.00091916,59658,64027.0,6.4498,298.08,652.06,0.64831,0.0,,35,,1.69,0.1864,,,0.4527,0,,0,1,1,53,53,0,53.0,21969.0
22.6,55,100,150,0.0,225.0,425.34,0.0001,0,0.7,0,0.019349,9.0016,0.00091761,59727,64112.0,6.4496,298.08,653.45,0.65962,0.0,,35,,1.6954,0.18632,,,0.46062,0,,0,1,1,53,53,0,53.0,20795.0
22.8,55,100,150,0.0,225.0,430.09,0.0001,0,0.7,0,0.018705,8.9354,0.00091607,59797,64197.0,6.4495,298.09,655.75,0.67096,0.0,,35,,1.7183,0.18606,,,0.46855,0,,0,1,1,53,53,0,53.0,21955.0
23.0,55,100,150,0.0,225.0,436.01,0.0001,0,0.7,0,0.017199,8.9511,0.00091452,59866,64281.0,6.4504,298.1,659.05,0.68225,0.0,,35,,1.711,0.18611,,,0.47645,0,,0,1,1,53,53,0,53.0,21949.0
23.2,55,100,150,0.0,225.0,443.46,0.0001,0,0.7,0,0.015936,8.9944,0.00091298,59936,64366.0,6.4525,298.11,661.27,0.69342,0.0,,35,,1.6853,0.18636,,,0.48426,0,,0,1,1,53,53,0,53.0,21942.0
23.4,55,100,150,0.0,225.0,449.98,0.0001,0,0.7,0,0.015363,8.9491,0.00091145,60005,64450.0,6.4545,298.1,657.65,0.70452,0.0,,35,,1.6885,0.18631,,,0.49203,0,,0,1,1,53,53,0,53.0,20602.0
23.6,55,100,150,0.0,225.0,449.58,0.0001,0,0.7,0,0.014712,8.9294,0.00090992,60075,64535.0,6.4565,298.09,656.88,0.71561,0.0,,35,,1.6848,0.18633,,,0.49979,0,,0,1,1,53,53,0,53.0,21762.0
23.8,55,100,150,0.0,225.0,452.38,0.0001,0,0.7,0,0.01432,8.8791,0.00090839,60144,64619.0,6.4582,298.11,660.28,0.72669,0.0,,35,,1.6967,0.18618,,,0.50755,0,,0,1,1,53,53,0,53.0,21755.0
24.0,55,100,150,0.0,225.0,460.17,0.0001,0,0.7,0,0.014043,8.8026,0.00090686,60214,64704.0,6.4595,298.12,663.9,0.7378,0.0,1258.2,35,1847.7,1.7248,0.18586,0.00091298,8.8514,0.51532,0,21.829,0,1,1,53,53,0,53.0,21082.0
24.2,55,100,30,0.0,225.0,468.56,0.0001,0,0.7,0,0.0025788,11.963,0.022795,60259,64757.0,6.4987,297.85,587.43,0.74466,0.0,,35,,0.86674,0.19481,,,0.52012,0,,0,1,1,53,53,0,53.0,22016.0
24.4,55,100,30,0.0,225.0,140.57,584.67,0,0.7,0,0.0026451,11.937,0.0471,60305,64810.0,6.5356,299.72,1110.1,0.74892,0.0,,35,,0.76502,0.19585,,,0.52311,0,,0,1,1,53,53,0,53.0,21628.0
24.6,55,100,30,0.0,211.29,781.89,58.467,0,0.7,0,0.0026133,11.883,0.071604,60347,64861.0,6.5679,299.2,965.67,0.75303,0.0,,35,,0.7763,0.19573,,,0.52598,0,,0,1,1,53,53,0,53.0,21908.0
24.8,55,100,30,0.51755,105.65,654.08,5.8467,0,0.7,0,0.0026433,11.73,0.096051,60369,64890.0,6.5923,298.68,821.24,0.75716,0.0,,35,,0.8055,0.19542,,,0.52887,0,,0,1,1,53,53,0,53.0,21355.0
25.0,55,100,30,1.0359,52.823,524.95,0.58467,0,0.7,0,0.0026267,11.662,0.12086,60380,64910.0,6.5988,298.33,722.46,0.76128,0.0,,35,,0.81799,0.19528,,,0.53175,0,,0,1,1,53,53,0,53.0,21970.0
25.2,55,100,30,1.5561,26.411,432.78,0.058467,0,0.8,0,0.0026058,12.444,0.14576,60386,64924.0,6.5767,298.09,654.15,0.76538,0.0,,35,,0.83362,0.19511,,,0.53463,0,,0,1,1,53,53,0,53.0,21419.0
25.4,55,100,30,2.0792,13.206,363.7,0.0058467,0,0.8,0,0.0025563,12.42,0.17119,60389,64935.0,6.5359,297.91,605.65,0.76945,0.0,,35,,0.83606,0.19508,,,0.53748,0,,0,1,1,53,53,0,53.0,21203.0
25.6,55,100,30,0.0,0.0,109.11,371.86,0,0.8,0,0.0025673,12.348,0.1969,60390,64944.0,6.482,299.16,955.3,0.77352,0.0,,35,,0.85734,0.19485,,,0.54033,0,,0,1,1,53,53,0,53.0,21989.0
25.8,55,100,30,0.0,7.7645,537.72,37.186,0,0.8,0,0.0025222,12.357,0.22309,60391,64954.0,6.4454,298.82,860.53,0.77758,0.0,,35,,0.84498,0.19497,,,0.54317,0,,0,1,1,53,53,0,53.0,21278.0
26.0,55,100,30,0.0,30.054,455.25,3.7186,0,0.8,0,0.0024917,12.376,0.24961,60398,64968.0,6.4407,298.45,757.01,0.78161,0.0,,35,,0.83372,0.19508,,,0.54598,0,,0,1,1,53,53,0,53.0,22568.0
26.2,55,100,30,0.0,54.208,361.24,0.37186,0,0.8,0,0.0024672,12.41,0.27653,60409,64987.0,6.46,298.2,684.52,0.7856,0.0,,35,,0.81444,0.19527,,,0.54878,0,,0,1,1,53,53,0,53.0,22693.0
26.4,55,100,30,0.0,70.669,291.83,0.037186,0,0.8,0,0.0024938,12.404,0.30347,60424,65010.0,6.4864,298.02,634.73,0.78958,0.0,,35,,0.80593,0.19535,,,0.55157,0,,0,1,1,53,53,0,53.0,22319.0
26.6,55,100,30,0.0,76.591,239.84,0.0037186,0,0.8,0,0.0025108,12.39,0.33054,60439,65034.0,6.5134,297.9,601.15,0.79359,0.0,,35,,0.79765,0.19543,,,0.55437,0,,0,1,1,53,53,0,53.0,22611.0
26.8,55,100,30,0.0,71.746,71.953,251.67,0,0.8,0,0.0024874,12.386,0.35798,60454,65057.0,6.5353,298.77,846.52,0.79757,0.0,,35,,0.78996,0.1955,,,0.55716,0,,0,1,1,53,53,0,53.0,22406.0
27.0,55,100,30,0.0,58.157,370.75,25.167,0,0.8,0,0.0024581,12.362,0.38565,60466,65077.0,6.5482,298.56,786.81,0.80152,0.0,,35,,0.7885,0.19551,,,0.55992,0,,0,1,1,53,53,0,53.0,23702.0
27.2,55,100,30,0.0,39.41,319.79,2.5167,0,0.8,0,0.0024713,12.309,0.41331,60474,65093.0,6.5432,298.31,717.44,0.80547,0.0,,35,,0.79057,0.19548,,,0.56269,0,,0,1,1,53,53,0,53.0,22331.0
27.4,55,100,30,0.0,22.714,257.13,0.25167,0,0.8,0,0.0024034,12.287,0.44163,60479,65106.0,6.5196,298.17,676.03,0.80939,0.0,,35,,0.79708,0.1954,,,0.56544,0,,0,1,1,53,53,0,53.0,23629.0
27.6,55,100,30,0.0,15.448,219.84,0.025167,0,0.8,0,0.0023934,12.247,0.47017,60483,65118.0,6.4887,298.07,649.75,0.81329,0.0,,35,,0.80383,0.19532,,,0.56817,0,,0,1,1,53,53,0,53.0,22763.0
27.8,55,100,30,0.0,20.516,194.87,0.0025167,0,0.8,0,0.0023897,12.229,0.49881,60487,65131.0,6.4656,298.0,629.32,0.8172,0.0,,35,,0.80054,0.19535,,,0.57091,0,,0,1,1,53,53,0,53.0,23730.0
28.0,55,100,30,0.0,34.76,173.18,0.00025167,0,0.8,0,0.0023676,12.222,0.52774,60495,65146.0,6.461,297.95,616.59,0.82112,0.0,,35,,0.80081,0.19534,,,0.57364,0,,0,1,1,53,53,0,53.0,22698.0
28.2,55,100,37,0.0,50.812,158.07,0.0001,0,0.8,0,0.0027128,12.002,0.55444,60507,65167.0,6.4708,297.93,610.56,0.82531,0.0,,35,,0.85775,0.19475,,,0.57658,0,,0,1,1,53,53,0,53.0,24489.0
28.4,55,100,37,0.0,62.952,47.42,166.67,0,0.8,0,0.0026903,12.007,0.5814,60521,65190.0,6.4885,298.57,789.29,0.82964,0.0,,35,,0.85912,0.19472,,,0.57961,0,,0,1,1,53,53,0,53.0,23948.0
28.6,55,100,37,0.0,68.064,264.45,16.667,0,0.8,0,0.0026599,11.994,0.60857,60537,65214.0,6.5075,298.45,755.25,0.83395,0.0,,35,,0.86169,0.19469,,,0.58263,0,,0,1,1,53,53,0,53.0,22908.0
28.8,55,100,37,0.0,65.574,239.22,1.6667,0,0.8,0,0.0027086,11.939,0.63544,60552,65237.0,6.525,298.3,714.26,0.8383,0.0,,35,,0.87134,0.19458,,,0.58568,0,,0,1,1,53,53,0,53.0,24366.0
29.0,55,100,37,0.0,56.102,206.62,0.16667,0,0.8,0,0.0027736,11.872,0.66191,60565,65259.0,6.5327,298.2,685.67,0.84271,0.0,,35,,0.87974,0.19448,,,0.58876,0,,0,1,1,53,53,0,53.0,25156.0
29.2,55,100,37,0.0,43.57,183.96,0.016667,0,0.8,0,0.0027346,11.843,0.68896,60575,65278.0,6.5283,298.12,663.83,0.84713,0.0,,35,,0.88256,0.19445,,,0.59186,0,,0,1,1,53,53,0,53.0,25115.0
29.4,55,100,37,0.0,32.828,165.45,0.0016667,0,0.8,0,0.0027295,11.791,0.71604,60584,65295.0,6.5133,298.08,652.62,0.85153,0.0,,35,,0.89896,0.19427,,,0.59494,0,,0,1,1,53,53,0,53.0,25075.0
29.6,55,100,37,0.0,28.064,156.88,0.00016667,0,0.8,0,0.002699,11.77,0.74345,60591,65311.0,6.4943,298.04,641.89,0.85591,0.0,,35,,0.90793,0.19417,,,0.59801,0,,0,1,1,53,53,0,53.0,25369.0
29.8,55,100,37,0.0,30.898,147.13,0.0001,0,0.8,0,0.0027319,11.728,0.77066,60599,65327.0,6.4789,298.02,634.17,0.8603,0.0,,35,,0.91427,0.19409,,,0.60108,0,,0,1,1,53,53,0,53.0,24329.0
30.0,55,100,37,0.0,39.856,139.62,0.0001,0,0.8,0,0.0027801,11.684,0.79752,60609,65346.0,6.4742,297.99,627.45,0.86474,0.0,,35,,0.92498,0.19397,,,0.60419,0,,0,1,1,53,53,0,53.0,24954.0
30.2,55,100,37,0.0,50.651,132.24,0.0001,0,0.9,0,0.0027813,12.53,0.82447,60621,65367.0,6.4803,297.98,623.17,0.86921,0.0,,35,,0.90738,0.19415,,,0.60732,0,,0,1,1,53,53,0,53.0,23913.0
30.4,55,100,37,0.0,59.0,126.92,0.0001,0,0.9,0,0.0027914,12.519,0.85139,60635,65389.0,6.4933,297.97,621.33,0.87369,0.0,,35,,0.89456,0.19427,,,0.61046,0,,0,1,1,53,53,0,53.0,24871.0
30.6,55,100,37,0.0,62.174,123.94,0.0001,0,0.9,0,0.0027449,12.518,0.87898,60649,65412.0,6.5067,297.97,619.65,0.87816,0.0,,35,,0.88963,0.19431,,,0.61359,0,,0,1,1,53,53,0,53.0,24167.0
30.8,55,100,37,0.0,60.012,120.87,0.0001,0,0.9,0,0.0027618,12.48,0.90657,60663,65435.0,6.519,297.95,616.68,0.88261,0.0,,35,,0.89716,0.19423,,,0.61671,0,,0,1,1,53,53,0,53.0,24629.0
31.0,55,100,37,0.0,52.941,115.98,0.0001,0,0.9,0,0.0027737,12.427,0.93425,60675,65456.0,6.5238,297.96,616.99,0.88707,0.0,,35,,0.91132,0.19407,,,0.61984,0,,0,1,1,53,53,0,53.0,24924.0
31.2,55,100,37,0.0,43.967,114.75,0.0001,0,0.9,0,0.0027331,12.41,0.96252,60686,65475.0,6.521,297.96,617.54,0.89152,0.0,,35,,0.91116,0.19406,,,0.62295,0,,0,1,1,53,53,0,53.0,25556.0
31.4,55,100,37,0.0,36.092,113.77,0.0001,0,0.9,0,0.0027222,12.364,0.9912,60695,65493.0,6.5096,297.96,619.31,0.89595,0.0,,35,,0.91707,0.19399,,,0.62605,0,,0,1,1,53,53,0,53.0,25523.0
31.6,55,100,37,0.0,32.803,114.34,0.0001,0,0.9,0,0.0026639,12.375,1.0204,60704,65510.0,6.4952,297.97,621.23,0.90035,0.0,,35,,0.90155,0.19415,,,0.62913,0,,0,1,1,53,53,0,53.0,25493.0
31.8,55,100,37,0.0,35.244,115.3,0.0001,0,0.9,0,0.0026174,12.362,1.0501,60713,65528.0,6.4842,297.97,621.78,0.9047,0.0,,35,,0.90393,0.19411,,,0.63219,0,,0,1,1,53,53,0,53.0,26465.0
32.0,55,100,37,0.0,42.072,114.83,0.0001,0,0.9,0,0.0025463,12.383,1.0804,60723,65547.0,6.4831,297.97,620.76,0.909,0.0,,35,,0.89279,0.19422,,,0.6352,0,,0,1,1,53,53,0,53.0,26441.0
32.2,55,100,43,0.0,49.333,112.57,0.0001,0,0.9,0,0.0028928,12.144,1.1077,60736,65569.0,6.4884,297.98,623.14,0.91357,0.0,,35,,0.95057,0.19361,,,0.63839,0,,0,1,1,53,53,0,53.0,26068.0
32.4,55,100,43,0.0,54.491,114.35,0.0001,0,0.9,0,0.002882,12.124,1.1352,60750,65592.0,6.4968,297.99,625.31,0.91828,0.0,,35,,0.95906,0.19352,,,0.6417,0,,0,1,1,53,53,0,53.0,26696.0
32.6,55,100,43,0.0,56.281,116.11,0.0001,0,0.9,0,0.0028741,12.109,1.1631,60764,65615.0,6.5074,297.99,625.95,0.92299,0.0,,35,,0.95927,0.19351,,,0.645,0,,0,1,1,53,53,0,53.0,26826.0
32.8,55,100,43,0.0,53.832,116.29,0.0001,0,0.9,0,0.0028938,12.056,1.191,60778,65638.0,6.5134,297.99,626.11,0.92773,0.0,,35,,0.96748,0.19341,,,0.64831,0,,0,1,1,53,53,0,53.0,26289.0
33.0,55,100,43,0.0,49.012,116.0,0.0001,0,0.9,0,0.0028887,12.009,1.2191,60791,65660.0,6.5147,297.99,625.38,0.93248,0.0,,35,,0.97619,0.19331,,,0.65165,0,,0,1,1,53,53,0,53.0,27420.0
33.2,55,100,43,0.0,43.651,114.68,0.0001,0,0.9,0,0.0029063,11.928,1.2472,60803,65681.0,6.5124,297.99,627.17,0.93729,0.0,,35,,0.99319,0.19313,,,0.65502,0,,0,1,1,53,53,0,53.0,27051.0
33.4,55,100,43,0.0,39.226,116.34,0.0001,0,0.9,0,0.0028516,11.931,1.2761,60814,65701.0,6.5066,297.99,627.79,0.94208,0.0,,35,,0.9884,0.19317,,,0.65837,0,,0,1,1,53,53,0,53.0,26353.0
33.6,55,100,43,0.0,37.137,116.76,0.0001,0,0.9,0,0.0028339,11.895,1.3053,60824,65721.0,6.4978,298.0,629.75,0.94684,0.0,,35,,0.99597,0.19308,,,0.66171,0,,0,1,1,53,53,0,53.0,27490.0
33.8,55,100,43,0.0,38.527,118.91,0.0001,0,0.9,0,0.0028337,11.858,1.3346,60835,65741.0,6.4903,298.0,629.2,0.95159,0.0,,35,,1.0116,0.19291,,,0.66504,0,,0,1,1,53,53,0,53.0,26959.0
34.0,55,100,43,0.0,42.906,118.24,0.0001,0,0.9,0,0.0028622,11.81,1.3637,60847,65762.0,6.4884,298.0,629.66,0.95636,0.0,,35,,1.0276,0.19273,,,0.66838,0,,0,1,1,53,53,0,53.0,27762.0
34.2,55,100,43,0.0,48.035,118.78,0.0001,0,0.9,0,0.002848,11.785,1.3933,60859,65784.0,6.4907,298.0,628.83,0.96113,0.0,,35,,1.0371,0.19263,,,0.67172,0,,0,1,1,53,53,0,53.0,27067.0
34.4,55,100,43,0.0,52.257,117.79,0.0001,0,0.9,0,0.0027958,11.787,1.4235,60873,65806.0,6.4962,298.0,629.73,0.96586,0.0,,35,,1.0358,0.19263,,,0.67504,0,,0,1,1,53,53,0,53.0,27875.0
34.6,55,100,43,0.0,54.272,118.83,0.0001,0,0.9,0,0.0028091,11.747,1.454,60887,65829.0,6.5025,298.01,631.96,0.97059,0.0,,35,,1.0429,0.19255,,,0.67835,0,,0,1,1,53,53,0,53.0,27351.0
34.8,55,100,43,0.0,53.794,121.56,0.0001,0,0.9,0,0.0027248,11.764,1.4854,60900,65852.0,6.5083,298.02,633.79,0.97526,0.0,,35,,1.036,0.19261,,,0.68162,0,,0,1,1,53,53,0,53.0,28999.0
35.0,55,100,43,0.0,50.995,124.07,0.0001,0,0.9,0,0.0027732,11.668,1.5166,60914,65875.0,6.5115,298.03,637.84,0.97996,0.0,,35,,1.0627,0.19233,,,0.68492,0,,0,1,1,53,53,0,53.0,28478.0
35.2,55,100,43,0.0,46.928,129.53,0.0001,0,0.9,0,0.0027677,11.642,1.548,60926,65896.0,6.5098,298.02,636.25,0.98468,0.0,,35,,1.0665,0.19228,,,0.68822,0,,0,1,1,53,53,0,53.0,28459.0
35.4,55,100,43,0.0,43.548,128.6,0.0001,0,0.9,0,0.0027563,11.604,1.5796,60938,65917.0,6.5059,298.02,636.23,0.98939,0.0,,35,,1.0751,0.19218,,,0.69153,0,,0,1,1,53,53,0,53.0,28774.0
35.6,55,100,43,0.0,41.704,129.52,0.0001,0,0.9,0,0.0027259,11.57,1.6118,60949,65938.0,6.5002,298.02,634.64,0.99409,0.0,,35,,1.0851,0.19207,,,0.69482,0,,0,1,1,53,53,0,53.0,28425.0
35.8,55,100,43,0.0,42.156,128.5,0.0001,0,0.9,0,0.0026814,11.552,1.6445,60961,65959.0,6.4965,298.02,634.39,0.99876,0.0,,35,,1.0927,0.19198,,,0.69809,0,,0,1,1,53,53,0,53.0,29411.0
36.0,55,100,43,0.0,44.053,128.92,0.0001,0,0.9,0,0.0026528,11.536,1.6777,60973,65980.0,6.4952,298.01,630.84,1.0034,0.0,777.53,35,1779.3,1.0989,0.1919,1.548,12.495,0.70133,0,35.223,0,1,1,53,53,0,53.0,28401.0
36.2,55,100,47,0.0,46.506,125.27,0.0001,0,0.9,0,0.0028372,11.401,1.7088,60986,66003.0,6.4934,298.0,628.86,1.0082,0.0,,35,,1.1156,0.19172,,,0.70469,0,,0,1,1,53,53,0,53.0,29547.0
36.4,55,100,47,0.0,49.686,123.16,0.0001,0,0.9,0,0.00283,11.366,1.7401,61000,66026.0,6.4944,298.0,628.95,1.0131,0.0,,35,,1.1211,0.19166,,,0.70812,0,,0,1,1,53,53,0,53.0,29693.0
36.6,55,100,47,0.0,52.447,123.24,0.0001,0,0.9,0,0.0028417,11.332,1.7716,61014,66050.0,6.4999,298.0,628.57,1.018,0.0,,35,,1.1199,0.19166,,,0.71157,0,,0,1,1,53,53,0,53.0,29674.0
36.8,55,100,47,0.0,52.99,122.72,0.0001,0,0.9,0,0.0028512,11.298,1.8031,61028,66074.0,6.5056,298.0,628.82,1.0229,0.0,,35,,1.1248,0.1916,,,0.71504,0,,0,1,1,53,53,0,53.0,29988.0
37.0,55,100,47,0.0,51.249,122.92,0.0001,0,0.9,0,0.0028025,11.288,1.8354,61042,66097.0,6.51,298.0,628.51,1.0278,0.0,,35,,1.1288,0.19155,,,0.71848,0,,0,1,1,53,53,0,53.0,29807.0
37.2,55,100,47,0.0,47.781,122.46,0.0001,0,0.9,0,0.0026806,11.326,1.8694,61056,66120.0,6.5099,298.0,629.29,1.0326,0.0,,35,,1.1124,0.19171,,,0.72184,0,,0,1,1,53,53,0,53.0,29300.0
37.4,55,100,47,0.0,44.348,123.31,0.0001,0,0.9,0,0.0026316,11.3,1.904,61069,66142.0,6.5075,298.0,628.77,1.0374,0.0,,35,,1.1163,0.19166,,,0.72516,0,,0,1,1,53,53,0,53.0,30630.0
37.6,55,100,47,0.0,41.895,122.64,0.0001,0,0.9,0,0.0026787,11.211,1.9386,61081,66164.0,6.5017,298.01,632.13,1.0421,0.0,,35,,1.1418,0.19138,,,0.7285,0,,0,1,1,53,53,0,53.0,30459.0
37.8,55,100,47,0.0,41.732,126.65,0.0001,0,0.9,0,0.0026796,11.194,1.973,61093,66186.0,6.4974,298.02,634.39,1.0469,0.0,,35,,1.138,0.19141,,,0.73185,0,,0,1,1,53,53,0,53.0,30454.0
38.0,55,100,47,0.0,43.3,129.65,0.0001,0,0.9,0,0.002656,11.182,2.0078,61105,66208.0,6.4938,298.02,633.94,1.0517,0.0,,35,,1.137,0.19142,,,0.73519,0,,0,1,1,53,53,0,53.0,29785.0
38.2,55,100,47,0.0,46.316,129.7,0.0001,0,0.9,0,0.0026341,11.178,2.0431,61119,66230.0,6.4901,298.01,632.15,1.0564,0.0,,35,,1.1323,0.19146,,,0.73851,0,,0,1,1,53,53,0,53.0,30451.0
38.4,55,100,47,0.0,50.806,128.15,0.0001,0,0.9,0,0.0026138,11.148,2.0788,61133,66254.0,6.4903,298.01,632.95,1.0611,0.0,,35,,1.1414,0.19135,,,0.74183,0,,0,1,1,53,53,0,53.0,30286.0
38.6,55,100,47,0.0,55.183,129.53,0.0001,0,0.9,0,0.0025707,11.158,2.1151,61147,66278.0,6.4942,298.01,632.14,1.0658,0.0,,35,,1.1376,0.19138,,,0.74511,0,,0,1,1,53,53,0,53.0,30290.0
38.8,55,100,47,0.0,58.009,128.99,0.0001,0,0.9,0,0.0025896,11.105,2.1512,61163,66303.0,6.5004,298.01,632.56,1.0705,0.0,,35,,1.1478,0.19127,,,0.7484,0,,0,1,1,53,53,0,53.0,30961.0
39.0,55,100,47,0.0,58.378,129.88,0.0001,0,0.9,0,0.0025747,11.084,2.1874,61178,66328.0,6.5049,298.01,632.23,1.0752,0.0,,35,,1.1522,0.19121,,,0.7517,0,,0,1,1,53,53,0,53.0,31631.0
39.2,55,100,47,0.0,56.957,129.89,0.0001,0,0.9,0,0.0026067,11.039,2.2234,61194,66353.0,6.5061,298.0,630.54,1.0799,0.0,,35,,1.1568,0.19116,,,0.75501,0,,0,1,1,53,53,0,53.0,31301.0
39.4,55,100,47,0.0,55.034,128.23,0.0001,0,0.9,0,0.0025839,11.007,2.2596,61208,66377.0,6.5043,297.99,627.32,1.0847,0.0,,35,,1.1636,0.19108,,,0.75832,0,,0,1,1,53,53,0,53.0,31305.0
39.6,55,100,47,0.0,53.844,124.53,0.0001,0,0.9,0,0.0025641,10.994,2.2963,61223,66401.0,6.5011,297.99,626.07,1.0894,0.0,,35,,1.1599,0.19111,,,0.76162,0,,0,1,1,53,53,0,53.0,31478.0
39.8,55,100,47,0.0,53.943,122.83,0.0001,0,0.9,0,0.0025762,10.951,2.3331,61238,66425.0,6.4972,297.99,627.44,1.0941,0.0,,35,,1.1711,0.19098,,,0.76492,0,,0,1,1,53,53,0,53.0,32152.0
40.0,55,100,47,0.0,55.573,124.08,0.0001,0,0.9,0,0.0025885,10.899,2.3701,61253,66450.0,6.4942,298.0,629.2,1.0988,0.0,,35,,1.187,0.19081,,,0.76823,0,,0,1,1,53,53,0,53.0,31660.0
40.2,60,100,51,0.0,58.402,125.92,0.0001,0,1.1,0,0.0028257,12.577,2.4045,61271,66478.0,6.4932,298.02,633.82,1.0192,10.0,,35,,1.2025,0.19184,,,0.77719,0,,0,1,1,53,53,0,53.0,32155.0
40.4,60,100,51,0.0,61.643,131.43,0.0001,0,1.1,0,0.0027504,12.594,2.4401,61290,66507.0,6.4942,298.02,635.76,1.0195,10.0,,35,,1.1794,0.19206,,,0.77744,0,,0,1,1,53,53,0,53.0,33156.0
40.6,60,100,51,0.0,64.475,134.22,0.0001,0,1.1,0,0.0027858,12.558,2.4754,61309,66536.0,6.4965,298.03,637.9,1.0239,10.0,,35,,1.1867,0.19198,,,0.78076,0,,0,1,1,53,53,0,53.0,32656.0
40.8,60,100,51,0.0,66.381,137.59,0.0001,0,1.1,0,0.0027995,12.518,2.5109,61329,66566.0,6.4996,298.04,640.21,1.0285,10.0,,35,,1.1957,0.19189,,,0.78427,0,,0,1,1,53,53,0,53.0,32323.0
41.0,60,100,51,0.0,67.067,141.43,0.0001,0,1.1,0,0.0027837,12.492,2.5465,61349,66596.0,6.5034,298.03,639.27,1.0331,10.0,,35,,1.2077,0.19176,,,0.78779,0,,0,1,1,53,53,0,53.0,32991.0
41.2,60,100,51,0.0,66.222,141.66,0.0001,0,1.1,0,0.0027598,12.477,2.5825,61369,66625.0,6.5067,298.03,637.12,1.0376,10.0,,35,,1.2051,0.19178,,,0.79129,0,,0,1,1,53,53,0,53.0,33493.0
41.4,60,100,51,0.0,64.07,140.39,0.0001,0,1.1,0,0.0027649,12.435,2.6187,61388,66655.0,6.5091,298.02,635.56,1.0422,10.0,,35,,1.2112,0.19171,,,0.7948,0,,0,1,1,53,53,0,53.0,32664.0
41.6,60,100,51,0.0,60.956,139.58,0.0001,0,1.1,0,0.0027421,12.42,2.6552,61407,66683.0,6.5086,298.03,637.85,1.0468,10.0,,35,,1.2103,0.19171,,,0.79829,0,,0,1,1,53,53,0,53.0,34503.0
41.8,60,100,51,0.0,58.032,143.18,0.0001,0,1.1,0,0.0027146,12.397,2.6922,61426,66711.0,6.506,298.03,638.59,1.0513,10.0,,35,,1.21,0.19171,,,0.80177,0,,0,1,1,53,53,0,53.0,33844.0
42.0,60,100,51,0.0,56.17,145.12,0.0001,0,1.1,0,0.0027479,12.343,2.729,61443,66739.0,6.501,298.03,637.15,1.0559,10.0,,35,,1.213,0.19167,,,0.80526,0,,0,1,1,53,53,0,53.0,34851.0
42.2,60,100,51,0.0,56.287,144.58,0.0001,0,1.1,0,0.0026587,12.358,2.7675,61461,66767.0,6.4972,298.01,632.35,1.0604,10.0,,35,,1.2105,0.19168,,,0.80872,0,,0,1,1,53,53,0,53.0,33699.0
42.4,60,100,51,0.0,57.911,139.86,0.0001,0,1.1,0,0.0026094,12.349,2.8067,61479,66795.0,6.4939,297.99,627.29,1.0649,10.0,,35,,1.2159,0.19162,,,0.81213,0,,0,1,1,53,53,0,53.0,34885.0
42.6,60,100,51,0.0,60.857,134.31,0.0001,0,1.1,0,0.0026001,12.34,2.8462,61498,66824.0,6.4926,297.99,627.46,1.0693,10.0,,35,,1.2055,0.19171,,,0.81553,0,,0,1,1,53,53,0,53.0,33738.0
42.8,60,100,51,0.0,64.349,134.37,0.0001,0,1.1,0,0.0025145,12.392,2.8867,61518,66853.0,6.4928,297.99,625.89,1.0737,10.0,,35,,1.1857,0.19189,,,0.81887,0,,0,1,1,53,53,0,53.0,34764.0
43.0,60,100,51,0.0,67.743,132.23,0.0001,0,1.1,0,0.0025186,12.35,2.9273,61538,66883.0,6.4924,297.98,624.9,1.078,10.0,,35,,1.1948,0.1918,,,0.82219,0,,0,1,1,53,53,0,53.0,34289.0
43.2,60,100,51,0.0,71.29,130.63,0.0001,0,1.1,0,0.0025461,12.294,2.9677,61559,66914.0,6.4956,297.98,623.19,1.0824,10.0,,35,,1.2102,0.19164,,,0.82555,0,,0,1,1,53,53,0,53.0,34814.0
43.4,60,100,51,0.0,73.571,128.02,0.0001,0,1.1,0,0.0025752,12.279,3.0081,61580,66945.0,6.4987,297.97,621.35,1.0868,10.0,,35,,1.1989,0.19174,,,0.82892,0,,0,1,1,53,53,0,53.0,36005.0
43.6,60,100,51,0.0,74.627,125.05,0.0001,0,1.1,0,0.0025395,12.253,3.0488,61602,66976.0,6.5015,297.97,621.7,1.0912,10.0,,35,,1.2098,0.19163,,,0.83229,0,,0,1,1,53,53,0,53.0,34864.0
43.8,60,100,51,0.0,74.564,124.48,0.0001,0,1.1,0,0.002512,12.242,3.0899,61623,67008.0,6.5025,297.97,620.63,1.0956,10.0,,35,,1.2115,0.19161,,,0.83564,0,,0,1,1,53,53,0,53.0,35225.0
44.0,60,100,51,0.0,74.076,122.19,0.0001,0,1.1,0,0.0024988,12.246,3.1315,61644,67039.0,6.5041,297.97,621.79,1.0999,10.0,,35,,1.2037,0.19167,,,0.83895,0,,0,1,1,53,53,0,53.0,36589.0
44.2,60,100,57,0.0,72.949,122.46,0.0001,0,1.1,0,0.0028106,12.003,3.1694,61667,67072.0,6.5028,297.98,624.13,1.1045,10.0,,35,,1.2415,0.1913,,,0.84247,0,,0,1,1,53,53,0,53.0,36435.0
44.4,60,100,57,0.0,72.372,124.24,0.0001,0,1.1,0,0.0028136,11.961,3.2072,61689,67104.0,6.5021,297.99,627.6,1.1093,10.0,,35,,1.2521,0.19119,,,0.8461,0,,0,1,1,53,53,0,53.0,35280.0
44.6,60,100,57,0.0,72.063,127.66,0.0001,0,1.1,0,0.0027707,11.962,3.2455,61711,67137.0,6.5006,298.0,629.73,1.114,10.0,,35,,1.2446,0.19125,,,0.84973,0,,0,1,1,53,53,0,53.0,36961.0
44.8,60,100,57,0.0,72.337,129.88,0.0001,0,1.1,0,0.0027665,11.93,3.2841,61734,67169.0,6.501,298.02,634.75,1.1187,10.0,,35,,1.2549,0.19115,,,0.85333,0,,0,1,1,53,53,0,53.0,36477.0
45.0,60,100,57,0.0,72.471,135.87,0.0001,0,1.1,0,0.0027147,11.952,3.3235,61756,67202.0,6.5027,298.02,634.78,1.1234,10.0,,35,,1.2421,0.19126,,,0.8569,0,,0,1,1,53,53,0,53.0,37330.0
45.2,60,100,57,0.0,71.901,136.47,0.0001,0,1.1,0,0.0026679,11.941,3.3638,61778,67234.0,6.5044,298.02,634.34,1.128,10.0,,35,,1.2488,0.19119,,,0.86042,0,,0,1,1,53,53,0,53.0,36687.0
45.4,60,100,57,0.0,70.681,136.65,0.0001,0,1.1,0,0.002623,11.928,3.4051,61800,67266.0,6.5058,298.02,636.25,1.1326,10.0,,35,,1.2465,0.1912,,,0.8639,0,,0,1,1,53,53,0,53.0,37049.0
45.6,60,100,57,0.0,68.901,139.58,0.0001,0,1.1,0,0.0026306,11.907,3.4464,61821,67298.0,6.5074,298.03,637.98,1.1371,10.0,,35,,1.2532,0.19113,,,0.86736,0,,0,1,1,53,53,0,53.0,36578.0
45.8,60,100,57,0.0,66.46,142.49,0.0001,0,1.1,0,0.00261,11.854,3.4883,61842,67329.0,6.5066,298.02,635.9,1.1416,10.0,,35,,1.2707,0.19095,,,0.87082,0,,0,1,1,53,53,0,53.0,38110.0
46.0,60,100,57,0.0,64.338,141.07,0.0001,0,1.1,0,0.0025948,11.833,3.5303,61863,67360.0,6.5042,298.02,634.06,1.1461,10.0,,35,,1.2774,0.19088,,,0.87426,0,,0,1,1,53,53,0,53.0,37309.0
46.2,60,100,57,0.0,63.195,139.79,0.0001,0,1.1,0,0.0025866,11.792,3.5729,61884,67390.0,6.4999,298.0,629.95,1.1506,10.0,,35,,1.2895,0.19076,,,0.87769,0,,0,1,1,53,53,0,53.0,38678.0
46.4,60,100,57,0.0,63.761,135.55,0.0001,0,1.1,0,0.0025677,11.78,3.6158,61904,67421.0,6.4968,298.0,628.18,1.155,10.0,,35,,1.2863,0.19078,,,0.88111,0,,0,1,1,53,53,0,53.0,37548.0
46.6,60,100,57,0.0,65.576,133.61,0.0001,0,1.1,0,0.0025732,11.758,3.6588,61925,67452.0,6.4966,298.0,629.36,1.1595,10.0,,35,,1.2844,0.19079,,,0.88453,0,,0,1,1,53,53,0,53.0,37918.0
46.8,60,100,57,0.0,67.458,134.92,0.0001,0,1.1,0,0.002597,11.712,3.7014,61946,67483.0,6.4945,297.99,627.63,1.164,10.0,,35,,1.2947,0.19068,,,0.88796,0,,0,1,1,53,53,0,53.0,38120.0
47.0,60,100,57,0.0,70.166,132.83,0.0001,0,1.1,0,0.0025606,11.695,3.7446,61968,67515.0,6.4964,298.0,628.3,1.1685,10.0,,35,,1.3064,0.19056,,,0.89139,0,,0,1,1,53,53,0,53.0,39325.0
47.2,60,100,57,0.0,72.102,133.45,0.0001,0,1.1,0,0.0025123,11.698,3.7882,61990,67548.0,6.4991,297.99,626.38,1.1729,10.0,,35,,1.31,0.19052,,,0.89478,0,,0,1,1,53,53,0,53.0,38865.0
47.4,60,100,57,0.0,72.972,131.0,0.0001,0,1.1,0,0.0024158,11.739,3.833,62013,67580.0,6.5011,297.98,623.08,1.1772,10.0,,35,,1.2988,0.19062,,,0.8981,0,,0,1,1,53,53,0,53.0,39245.0
47.6,60,100,57,0.0,73.07,126.74,0.0001,0,1.1,0,0.0024548,11.697,3.8775,62035,67613.0,6.5037,297.98,623.14,1.1816,10.0,,35,,1.3007,0.19059,,,0.9014,0,,0,1,1,53,53,0,53.0,39623.0
47.8,60,100,57,0.0,72.12,126.09,0.0001,0,1.1,0,0.0024502,11.664,3.9221,62057,67645.0,6.5065,297.98,622.83,1.1859,10.0,,35,,1.3097,0.1905,,,0.90471,0,,0,1,1,53,53,0,53.0,39168.0
48.0,60,100,57,0.0,70.039,124.91,0.0001,0,1.1,0,0.0024446,11.631,3.9669,62079,67677.0,6.5095,297.98,622.76,1.1902,10.0,747.36,35,1824.7,1.3174,0.19042,3.7882,16.041,0.90802,0,49.303,0,1,1,53,53,0,53.0,40547.0
48.2,60,100,61,0.0,66.776,123.99,0.0001,0,1.1,0,0.0026537,11.413,4.0095,62101,67709.0,6.5074,297.99,627.17,1.1947,10.0,,35,,1.375,0.18986,,,0.91146,0,,0,1,1,53,53,0,53.0,39083.0
48.4,60,100,61,0.0,64.34,128.38,0.0001,0,1.1,0,0.0026419,11.379,4.0524,62122,67741.0,6.5024,298.0,629.57,1.1993,10.0,,35,,1.3834,0.18977,,,0.91498,0,,0,1,1,53,53,0,53.0,39619.0
48.6,60,100,61,0.0,63.915,130.83,0.0001,0,1.1,0,0.0026495,11.327,4.0953,62143,67773.0,6.4961,298.02,634.09,1.2039,10.0,,35,,1.3903,0.1897,,,0.91851,0,,0,1,1,53,53,0,53.0,39989.0
48.8,60,100,61,0.0,66.012,136.14,0.0001,0,1.1,0,0.0026353,11.295,4.1384,62165,67805.0,6.4897,298.02,635.94,1.2085,10.0,,35,,1.4045,0.18955,,,0.92205,0,,0,1,1,53,53,0,53.0,40527.0
49.0,60,100,61,0.0,70.652,138.82,0.0001,0,1.1,0,0.0025418,11.346,4.1826,62188,67838.0,6.4877,298.01,632.71,1.2131,10.0,,35,,1.4081,0.18951,,,0.92552,0,,0,1,1,53,53,0,53.0,41071.0
49.2,60,100,61,0.0,76.062,135.79,0.0001,0,1.1,0,0.0024944,11.349,4.2276,62212,67872.0,6.4884,298.01,631.88,1.2175,10.0,,35,,1.4091,0.18949,,,0.92892,0,,0,1,1,53,53,0,53.0,41617.0
49.4,60,100,61,0.0,81.219,135.32,0.0001,0,1.1,0,0.0024953,11.328,4.2725,62236,67907.0,6.4922,298.0,629.11,1.2219,10.0,,35,,1.4162,0.18942,,,0.93232,0,,0,1,1,53,53,0,53.0,40997.0
49.6,60,100,61,0.0,84.862,132.39,0.0001,0,1.1,0,0.0024661,11.343,4.3177,62262,67943.0,6.4971,297.99,626.65,1.2263,10.0,,35,,1.4071,0.18949,,,0.93569,0,,0,1,1,53,53,0,53.0,41379.0
49.8,60,100,61,0.0,86.55,129.52,0.0001,0,1.1,0,0.0024441,11.351,4.3632,62288,67979.0,6.5011,297.98,624.63,1.2307,10.0,,35,,1.3922,0.18963,,,0.93904,0,,0,1,1,53,53,0,53.0,40928.0
50.0,60,100,61,0.0,86.622,126.85,0.0001,0,1.1,0,0.0024334,11.33,4.4093,62314,68015.0,6.505,297.97,621.28,1.2351,10.0,,35,,1.3929,0.18961,,,0.94237,0,,0,1,1,53,53,0,53.0,42147.0
50.2,60,100,61,0.0,85.139,122.33,0.0001,500,1.1,0,0.0023878,12.84,4.4491,62439,68151.0,6.5035,297.86,588.23,1.2394,10.0,,35,,1.0706,0.19266,,,0.94568,0,,0,1,1,53,53,0,53.0,41342.0
50.4,60,100,61,0.0,84.274,36.7,181.54,500,1.1,0,0.0023139,12.907,4.4893,62565,68286.0,6.5,298.42,751.08,1.2436,10.0,,35,,1.0343,0.19299,,,0.94892,0,,0,1,1,53,53,0,53.0,42371.0
50.6,60,100,61,0.0,84.794,224.05,18.154,500,1.1,0,0.0023319,12.901,4.5296,62690,68422.0,6.4984,298.21,691.05,1.2479,10.0,,35,,1.0271,0.19305,,,0.95217,0,,0,1,1,53,53,0,53.0,41735.0
50.8,60,100,61,0.0,85.95,164.9,1.8154,500,1.1,0,0.0023431,12.878,4.5697,62816,68558.0,6.4972,298.03,637.66,1.2521,10.0,,35,,1.0536,0.1928,,,0.95543,0,,0,1,1,53,53,0,53.0,42431.0
51.0,60,100,61,0.0,87.598,111.72,0.18154,500,1.1,0,0.002405,12.835,4.6095,62942,68694.0,6.4933,297.92,605.01,1.2564,10.0,,35,,1.0708,0.19262,,,0.95874,0,,0,1,1,53,53,0,53.0,42126.0
51.2,60,100,61,0.0,90.817,33.516,115.91,500,1.1,0,0.0023645,12.883,4.6494,63068,68831.0,6.4904,298.27,708.63,1.2608,10.0,,35,,1.0706,0.19262,,,0.96205,0,,0,1,1,53,53,0,53.0,42154.0
51.4,60,100,61,0.0,95.169,152.31,11.591,500,1.1,0,0.0022937,12.946,4.6902,63196,68969.0,6.4918,298.12,664.42,1.265,10.0,,35,,1.0743,0.19257,,,0.9653,0,,0,1,1,53,53,0,53.0,43187.0
51.6,60,100,61,0.0,98.941,108.25,1.1591,500,1.1,0,0.0022667,12.978,4.7309,63324,69107.0,6.4952,298.01,630.5,1.2692,10.0,,35,,1.0759,0.19255,,,0.96852,0,,0,1,1,53,53,0,53.0,44386.0
51.8,60,100,61,0.0,101.37,74.41,0.11591,500,1.1,0,0.0022982,12.971,4.7712,63453,69246.0,6.4998,297.94,610.21,1.2734,10.0,,35,,1.0829,0.19248,,,0.97174,0,,0,1,1,53,53,0,53.0,43250.0
52.0,60,100,61,0.0,101.98,22.323,78.876,500,1.1,0,0.0022912,12.991,4.8115,63581,69385.0,6.5046,298.18,683.19,1.2776,10.0,,35,,1.084,0.19246,,,0.97498,0,,0,1,1,53,53,0,53.0,44280.0
52.2,60,100,65,0.0,100.68,105.01,7.8876,500,1.1,0,0.0024732,12.843,4.8504,63711,69525.0,6.5071,298.11,661.63,1.282,10.0,,35,,1.1211,0.1921,,,0.97834,0,,0,1,1,53,53,0,53.0,43637.0
52.4,60,100,65,0.0,98.383,85.086,0.78876,500,1.1,0,0.0024442,12.857,4.8898,63839,69664.0,6.5107,298.04,640.18,1.2865,10.0,,35,,1.124,0.19206,,,0.98176,0,,0,1,1,53,53,0,53.0,44329.0
52.6,60,100,65,0.0,94.622,65.016,0.078876,500,1.1,0,0.0024169,12.872,4.9297,63968,69803.0,6.514,298.0,627.77,1.291,10.0,,35,,1.1254,0.19204,,,0.98518,0,,0,1,1,53,53,0,53.0,44691.0
52.8,60,100,65,0.0,89.541,52.701,0.0078876,500,1.1,0,0.0023926,12.887,4.9697,64095,69941.0,6.5159,297.97,620.03,1.2954,10.0,,35,,1.1274,0.19201,,,0.98857,0,,0,1,1,53,53,0,53.0,43887.0
53.0,60,100,65,0.0,83.707,43.997,0.00078876,500,1.1,0,0.0023739,12.883,5.0101,64221,70077.0,6.5163,297.95,614.8,1.2998,10.0,,35,,1.14,0.19189,,,0.99194,0,,0,1,1,53,53,0,53.0,44918.0
53.2,60,100,65,0.0,77.711,37.121,0.0001,500,1.1,0,0.0024074,12.841,5.0499,64345,70213.0,6.514,297.95,612.85,1.3042,10.0,,35,,1.1592,0.1917,,,0.99534,0,,0,1,1,53,53,0,53.0,44445.0
53.4,60,100,65,0.0,72.646,11.136,45.275,500,1.1,0,0.0024301,12.817,5.0897,64469,70347.0,6.5083,298.12,664.1,1.3087,10.0,,35,,1.1669,0.19161,,,0.99877,0,,0,1,1,53,53,0,53.0,44806.0
53.6,60,100,65,0.0,69.849,67.713,4.5275,500,1.1,0,0.0023431,12.901,5.1303,64592,70480.0,6.503,298.08,654.37,1.3131,10.0,,35,,1.149,0.19178,,,1.0022,0,,0,1,1,53,53,0,53.0,46005.0
53.8,60,100,65,0.0,69.159,59.739,0.45275,500,1.1,0,0.0023275,12.909,5.1711,64715,70614.0,6.4993,298.05,644.96,1.3175,10.0,,35,,1.1539,0.19172,,,1.0055,0,,0,1,1,53,53,0,53.0,45538.0
54.0,60,100,65,0.0,69.95,52.452,0.045275,500,1.1,0,0.0022771,12.948,5.2124,64838,70748.0,6.4984,298.03,637.95,1.3218,10.0,,35,,1.1557,0.19169,,,1.0088,0,,0,1,1,53,53,0,53.0,45406.0
54.2,60,100,65,0.0,71.085,46.743,0.0045275,500,1.1,0,0.002234,12.999,5.2543,64961,70881.0,6.4985,298.02,633.32,1.3261,10.0,,35,,1.1521,0.19172,,,1.0121,0,,0,1,1,53,53,0,53.0,46278.0
54.4,60,100,65,0.0,72.184,42.816,0.00045275,500,1.1,0,0.0021845,13.066,5.2961,65085,71015.0,6.4982,298.0,629.33,1.3303,10.0,,35,,1.1428,0.1918,,,1.0153,0,,0,1,1,53,53,0,53.0,45982.0
54.6,60,100,65,0.0,73.443,39.006,0.0001,500,1.1,0,0.0021347,13.119,5.3383,65209,71149.0,6.5004,297.99,625.65,1.3344,10.0,,35,,1.14,0.19182,,,1.0185,0,,0,1,1,53,53,0,53.0,46022.0
54.8,60,100,65,0.0,73.805,35.038,0.0001,500,1.1,0,0.0021221,13.135,5.3809,65332,71284.0,6.5025,297.98,623.0,1.3385,10.0,,35,,1.1417,0.1918,,,1.0216,0,,0,1,1,53,53,0,53.0,46230.0
55.0,60,100,65,0.0,73.326,31.776,0.0001,500,1.1,0,0.0021116,13.159,5.4233,65456,71418.0,6.5051,297.98,621.78,1.3425,10.0,,35,,1.1418,0.19179,,,1.0247,0,,0,1,1,53,53,0,53.0,47437.0
55.2,60,100,65,0.0,71.792,29.785,0.0001,500,1.1,0,0.0020959,13.194,5.4657,65580,71551.0,6.5083,297.98,621.32,1.3466,10.0,,35,,1.132,0.19187,,,1.0278,0,,0,1,1,53,53,0,53.0,47645.0
55.4,60,100,65,0.0,68.975,28.457,0.0001,500,1.1,0,0.0020942,13.197,5.508,65702,71684.0,6.5092,297.98,621.24,1.3506,10.0,,35,,1.1385,0.1918,,,1.0309,0,,0,1,1,53,53,0,53.0,46185.0
55.6,60,100,65,0.0,65.804,27.492,0.0001,500,1.1,0,0.0020131,13.271,5.5505,65825,71817.0,6.5074,297.97,620.4,1.3546,10.0,,35,,1.1318,0.19186,,,1.0339,0,,0,1,1,53,53,0,53.0,47393.0
55.8,60,100,65,0.0,63.368,25.651,0.0001,500,1.1,0,0.0019696,13.304,5.5931,65946,71949.0,6.5061,297.97,619.29,1.3584,10.0,,35,,1.1386,0.19179,,,1.0369,0,,0,1,1,53,53,0,53.0,47268.0
56.0,60,100,65,0.0,61.458,23.431,0.0001,500,1.1,0,0.0019901,13.3,5.6355,66068,72080.0,6.5048,297.97,619.31,1.3623,10.0,,35,,1.1396,0.19177,,,1.0398,0,,0,1,1,53,53,0,53.0,47975.0
56.2,60,100,72,0.0,60.072,22.339,0.0001,500,1.1,0,0.0020765,13.226,5.6779,66190,72213.0,6.501,297.98,621.46,1.3663,10.0,,34,,1.1627,0.19154,,,1.0429,0,,0,1,1,53,53,0,53.0,47349.0
56.4,60,100,72,0.0,60.219,23.586,0.0001,500,1.1,0,0.0020813,13.234,5.7205,66312,72346.0,6.4964,297.99,624.33,1.3703,10.0,,34,,1.1606,0.19155,,,1.046,0,,0,1,1,53,53,0,53.0,47891.0
56.6,60,100,72,0.0,62.192,25.841,0.0001,500,1.1,0,0.0020735,13.241,5.7632,66435,72479.0,6.4928,297.99,627.12,1.3744,10.0,,34,,1.1656,0.1915,,,1.0491,0,,0,1,1,53,53,0,53.0,47766.0
56.8,60,100,72,0.0,65.607,28.332,0.0001,500,1.1,0,0.0020962,13.24,5.8056,66559,72613.0,6.4902,298.0,629.43,1.3785,10.0,,34,,1.1692,0.19146,,,1.0523,0,,0,1,1,53,53,0,53.0,48973.0
57.0,60,100,72,0.0,70.026,30.617,0.0001,500,1.1,0,0.0020649,13.318,5.8478,66683,72748.0,6.4903,298.0,630.11,1.3826,10.0,,34,,1.1487,0.19164,,,1.0554,0,,0,1,1,53,53,0,53.0,48513.0
57.2,60,100,72,0.0,74.428,31.392,0.0001,500,1.1,0,0.0020535,13.363,5.8898,66808,72883.0,6.4922,298.01,631.21,1.3867,10.0,,34,,1.1349,0.19177,,,1.0585,0,,0,1,1,53,53,0,53.0,49051.0
57.4,60,100,72,0.0,78.054,32.76,0.0001,500,1.1,0,0.002038,13.396,5.9316,66934,73020.0,6.4952,298.01,631.03,1.3908,10.0,,34,,1.1351,0.19176,,,1.0616,0,,0,1,1,53,53,0,53.0,48422.0
57.6,60,100,72,0.0,80.511,32.827,0.0001,500,1.1,0,0.002025,13.411,5.9733,67061,73156.0,6.4983,298.01,630.86,1.3948,10.0,,34,,1.1398,0.1917,,,1.0647,0,,0,1,1,53,53,0,53.0,49460.0
57.8,60,100,72,0.0,81.72,32.923,0.0001,500,1.1,0,0.0020399,13.402,6.0154,67187,73293.0,6.502,298.01,630.71,1.3989,10.0,,34,,1.1529,0.19157,,,1.0679,0,,0,1,1,53,53,0,53.0,50499.0
58.0,60,100,72,0.0,81.448,33.008,0.0001,500,1.1,0,0.0019963,13.445,6.0573,67314,73430.0,6.5053,298.0,630.3,1.4029,10.0,,34,,1.156,0.19153,,,1.0709,0,,0,1,1,53,53,0,53.0,50037.0
58.2,60,100,72,0.0,79.847,32.802,0.0001,500,1.1,0,0.0019496,13.487,6.0995,67440,73567.0,6.5089,298.0,629.35,1.4068,10.0,,34,,1.1576,0.19151,,,1.074,0,,0,1,1,53,53,0,53.0,50910.0
58.4,60,100,72,0.0,76.822,31.969,0.0001,500,1.1,0,0.0019341,13.482,6.1417,67566,73703.0,6.5094,298.0,628.09,1.4108,10.0,,34,,1.1771,0.19132,,,1.077,0,,0,1,1,53,53,0,53.0,50450.0
58.6,60,100,72,0.0,73.584,30.691,0.0001,500,1.1,0,0.0019465,13.48,6.1839,67691,73838.0,6.5094,297.99,626.85,1.4147,10.0,,34,,1.1832,0.19125,,,1.08,0,,0,1,1,53,53,0,53.0,51156.0
58.8,60,100,72,0.0,70.331,29.298,0.0001,500,1.1,0,0.0019295,13.48,6.2259,67815,73973.0,6.509,297.99,625.3,1.4186,10.0,,34,,1.1965,0.19112,,,1.083,0,,0,1,1,53,53,0,53.0,51028.0
59.0,60,100,72,0.0,67.263,27.43,0.0001,500,1.1,0,0.001915,13.502,6.268,67939,74107.0,6.5068,297.98,623.65,1.4225,10.0,,34,,1.1925,0.19115,,,1.086,0,,0,1,1,53,53,0,53.0,51400.0
59.2,60,100,72,0.0,65.072,25.276,0.0001,500,1.1,0,0.0019101,13.527,6.31,68062,74240.0,6.5033,297.98,622.29,1.4264,10.0,,34,,1.1841,0.19122,,,1.089,0,,0,1,1,53,53,0,53.0,51272.0
59.4,60,100,72,0.0,64.267,23.252,0.0001,500,1.1,0,0.0018708,13.56,6.3517,68185,74374.0,6.5008,297.98,621.02,1.4303,10.0,,34,,1.19,0.19116,,,1.0919,0,,0,1,1,53,53,0,53.0,51476.0
59.6,60,100,72,0.0,64.451,21.152,0.0001,500,1.1,0,0.0019021,13.535,6.3932,68308,74507.0,6.4977,297.98,621.45,1.4342,10.0,,34,,1.2052,0.19101,,,1.0949,0,,0,1,1,53,53,0,53.0,51346.0
59.8,60,100,72,0.0,65.91,20.739,0.0001,500,1.1,0,0.0018799,13.564,6.4345,68431,74641.0,6.4977,297.98,621.09,1.438,10.0,,34,,1.2179,0.19088,,,1.0979,0,,0,1,1,53,53,0,53.0,51548.0
60.0,60,100,72,0.0,67.326,19.492,0.0001,500,1.1,0,0.001892,13.545,6.476,68555,74775.0,6.4993,297.98,621.12,1.4419,10.0,991.5,34,1805.6,1.2359,0.1907,6.31,17.866,1.1009,0,40.924,0,1,1,53,53,0,53.0,52250.0
60.2,60,100,76,0.0,68.13,18.634,0.0001,500,1.1,0,0.0019506,13.505,6.5173,68680,74910.0,6.5005,297.98,622.82,1.4459,10.0,,33,,1.2555,0.19051,,,1.1039,0,,0,1,1,53,53,0,53.0,51786.0
60.4,60,100,76,0.0,68.451,19.558,0.0001,500,1.1,0,0.0019886,13.485,6.5585,68804,75045.0,6.5005,297.99,624.98,1.45,10.0,,33,,1.2685,0.19038,,,1.107,0,,0,1,1,53,53,0,53.0,52820.0
60.6,60,100,76,0.0,68.777,21.128,0.0001,500,1.1,0,0.0019232,13.572,6.5994,68929,75180.0,6.5021,297.99,625.19,1.454,10.0,,33,,1.2511,0.19054,,,1.1101,0,,0,1,1,53,53,0,53.0,52687.0
60.8,60,100,76,0.0,68.438,20.858,0.0001,500,1.1,0,0.001921,13.56,6.6403,69053,75315.0,6.5022,297.99,625.49,1.458,10.0,,33,,1.2638,0.19041,,,1.1132,0,,0,1,1,53,53,0,53.0,52554.0
61.0,60,100,76,0.0,68.068,20.748,0.0001,500,1.1,0,0.001912,13.596,6.681,69178,75450.0,6.5042,297.99,625.74,1.462,10.0,,33,,1.2546,0.19049,,,1.1163,0,,0,1,1,53,53,0,53.0,53753.0
61.2,60,100,76,0.0,66.901,20.621,0.0001,500,1.1,0,0.0019378,13.584,6.722,69302,75585.0,6.5035,297.99,626.38,1.466,10.0,,33,,1.259,0.19044,,,1.1193,0,,0,1,1,53,53,0,53.0,52786.0
61.4,60,100,76,0.0,66.042,20.932,0.0001,500,1.1,0,0.0019909,13.538,6.7629,69426,75720.0,6.5017,298.0,628.32,1.4701,10.0,,33,,1.2812,0.19022,,,1.1225,0,,0,1,1,53,53,0,53.0,52986.0
61.6,60,100,76,0.0,65.895,22.684,0.0001,500,1.1,0,0.0019545,13.582,6.8039,69550,75855.0,6.4999,298.0,629.02,1.4742,10.0,,33,,1.2818,0.19021,,,1.1256,0,,0,1,1,53,53,0,53.0,54520.0
61.8,60,100,76,0.0,66.473,23.318,0.0001,500,1.1,0,0.0020015,13.556,6.845,69675,75990.0,6.4976,298.0,630.16,1.4783,10.0,,33,,1.2914,0.19011,,,1.1288,0,,0,1,1,53,53,0,53.0,54721.0
62.0,60,100,76,0.0,67.962,24.527,0.0001,500,1.1,0,0.0020011,13.575,6.886,69799,76125.0,6.497,298.01,630.73,1.4825,10.0,,33,,1.2891,0.19012,,,1.132,0,,0,1,1,53,53,0,53.0,54755.0
62.2,60,100,76,0.0,69.673,25.25,0.0001,500,1.1,0,0.001965,13.627,6.9269,69924,76260.0,6.4987,298.0,629.95,1.4866,10.0,,33,,1.2854,0.19015,,,1.1351,0,,0,1,1,53,53,0,53.0,54955.0
62.4,60,100,76,0.0,70.72,24.634,0.0001,500,1.1,0,0.0019821,13.633,6.9681,70049,76396.0,6.5005,298.0,629.25,1.4907,10.0,,33,,1.2837,0.19016,,,1.1383,0,,0,1,1,53,53,0,53.0,54156.0
62.6,60,100,76,0.0,71.055,24.037,0.0001,500,1.1,0,0.0020153,13.622,7.0091,70174,76532.0,6.5025,298.0,628.91,1.4949,10.0,,33,,1.2958,0.19003,,,1.1415,0,,0,1,1,53,53,0,53.0,54857.0
62.8,60,100,76,0.0,70.584,23.743,0.0001,500,1.1,0,0.0020079,13.633,7.0498,70299,76667.0,6.5029,298.0,628.65,1.4991,10.0,,33,,1.3047,0.18994,,,1.1447,0,,0,1,1,53,53,0,53.0,55389.0
63.0,60,100,76,0.0,69.947,23.493,0.0001,500,1.1,0,0.0020381,13.612,7.0902,70424,76803.0,6.5031,298.0,629.15,1.5033,10.0,,33,,1.3185,0.1898,,,1.1479,0,,0,1,1,53,53,0,53.0,55420.0
63.2,60,100,76,0.0,69.231,23.994,0.0001,500,1.1,0,0.0020572,13.605,7.1305,70548,76939.0,6.5032,298.0,629.56,1.5075,10.0,,33,,1.3318,0.18967,,,1.1512,0,,0,1,1,53,53,0,53.0,54283.0
63.4,60,100,76,0.0,68.49,24.449,0.0001,500,1.1,0,0.0020529,13.616,7.1705,70673,77074.0,6.5025,298.0,629.71,1.5118,10.0,,33,,1.3374,0.18961,,,1.1545,0,,0,1,1,53,53,0,53.0,55145.0
63.6,60,100,76,0.0,68.02,24.67,0.0001,500,1.1,0,0.0020864,13.6,7.2105,70797,77209.0,6.5026,298.01,631.02,1.5161,10.0,,33,,1.3477,0.1895,,,1.1578,0,,0,1,1,53,53,0,53.0,56508.0
63.8,60,100,76,0.0,67.515,26.127,0.0001,500,1.1,0,0.00205,13.643,7.2506,70921,77344.0,6.5028,298.01,630.84,1.5204,10.0,,33,,1.346,0.18951,,,1.1611,0,,0,1,1,53,53,0,53.0,55037.0
64.0,60,100,76,0.0,66.932,26.154,0.0001,500,1.1,0,0.0020261,13.665,7.2906,71045,77479.0,6.5021,298.0,629.89,1.5247,10.0,,33,,1.3525,0.18944,,,1.1643,0,,0,1,1,53,53,0,53.0,55566.0
64.2,60,100,80,0.0,66.62,25.405,0.0001,500,1.1,0,0.0020857,13.628,7.3305,71170,77615.0,6.4989,298.01,631.04,1.529,10.0,,32,,1.3697,0.18927,,,1.1677,0,,0,1,1,53,53,0,53.0,55594.0
64.4,60,100,80,0.0,67.576,26.73,0.0001,500,1.1,0,0.0020391,13.693,7.3701,71295,77751.0,6.4973,298.01,630.97,1.5333,10.0,,32,,1.3568,0.18938,,,1.171,0,,0,1,1,53,53,0,53.0,56455.0
64.6,60,100,80,0.0,69.176,26.879,0.0001,500,1.1,0,0.0020694,13.67,7.4098,71421,77888.0,6.4954,298.01,631.54,1.5377,10.0,,32,,1.3656,0.18929,,,1.1743,0,,0,1,1,53,53,0,53.0,56315.0
64.8,60,100,80,0.0,71.536,27.705,0.0001,500,1.1,0,0.0020618,13.695,7.4494,71546,78025.0,6.4963,298.01,630.76,1.5421,10.0,,32,,1.3693,0.18925,,,1.1777,0,,0,1,1,53,53,0,53.0,56008.0
65.0,60,100,80,0.0,73.519,27.197,0.0001,500,1.1,0,0.0020482,13.742,7.4886,71673,78162.0,6.4983,298.0,629.94,1.5465,10.0,,32,,1.361,0.18932,,,1.1811,0,,0,1,1,53,53,0,53.0,56867.0
65.2,60,100,80,0.0,74.726,26.588,0.0001,500,1.1,0,0.0019892,13.828,7.5277,71799,78299.0,6.4996,298.0,628.35,1.5508,10.0,,32,,1.3397,0.18951,,,1.1844,0,,0,1,1,53,53,0,53.0,56725.0
65.4,60,100,80,0.0,75.393,25.105,0.0001,500,1.1,0,0.0019908,13.84,7.5669,71926,78437.0,6.5011,297.99,627.08,1.555,10.0,,32,,1.3392,0.18951,,,1.1876,0,,0,1,1,53,53,0,53.0,57750.0
65.6,60,100,80,0.0,75.482,23.802,0.0001,500,1.1,0,0.0019313,13.897,7.6058,72052,78574.0,6.5019,297.99,624.43,1.5593,10.0,,32,,1.3425,0.18947,,,1.1909,0,,0,1,1,53,53,0,53.0,56940.0
65.8,60,100,80,0.0,75.239,20.935,0.0001,500,1.1,0,0.0019216,13.922,7.6448,72179,78711.0,6.5032,297.98,622.48,1.5634,10.0,,32,,1.3389,0.18949,,,1.1941,0,,0,1,1,53,53,0,53.0,58464.0
66.0,60,100,80,0.0,74.496,18.53,0.0001,500,1.1,0,0.0019198,13.944,7.6837,72305,78848.0,6.5037,297.98,621.04,1.5676,10.0,,32,,1.3397,0.18948,,,1.1972,0,,0,1,1,53,53,0,53.0,57654.0
66.2,60,100,80,0.0,73.55,16.405,0.0001,500,1.1,0,0.001879,13.986,7.7228,72431,78985.0,6.5053,297.97,619.73,1.5717,10.0,,32,,1.336,0.18951,,,1.2004,0,,0,1,1,53,53,0,53.0,57678.0
66.4,60,100,80,0.0,71.958,14.254,0.0001,500,1.1,0,0.0018729,13.983,7.762,72557,79122.0,6.507,297.97,619.39,1.5758,10.0,,32,,1.3516,0.18935,,,1.2035,0,,0,1,1,53,53,0,53.0,58037.0
66.6,60,100,80,0.0,69.668,12.933,0.0001,500,1.1,0,0.0018606,14.023,7.8011,72682,79258.0,6.5057,297.97,619.18,1.5798,10.0,,32,,1.3434,0.18942,,,1.2067,0,,0,1,1,53,53,0,53.0,58228.0
66.8,60,100,80,0.0,67.902,11.689,0.0001,500,1.1,0,0.0018513,14.033,7.8405,72807,79394.0,6.5054,297.97,619.4,1.5839,10.0,,32,,1.3526,0.18932,,,1.2098,0,,0,1,1,53,53,0,53.0,58920.0
67.0,60,100,80,0.0,66.259,10.855,0.0001,500,1.1,0,0.0017983,14.104,7.8796,72932,79529.0,6.5044,297.97,618.71,1.5879,10.0,,32,,1.3373,0.18946,,,1.2128,0,,0,1,1,53,53,0,53.0,58278.0
67.2,60,100,80,0.0,65.009,9.109,0.0001,500,1.1,0,0.0018273,14.094,7.919,73056,79664.0,6.5027,297.97,619.18,1.5919,10.0,,32,,1.3445,0.18939,,,1.2159,0,,0,1,1,53,53,0,53.0,59304.0
67.4,60,100,80,0.0,64.469,8.4843,0.0001,500,1.1,0,0.0017993,14.158,7.9581,73180,79799.0,6.5008,297.97,619.02,1.5958,10.0,,32,,1.3284,0.18953,,,1.2189,0,,0,1,1,53,53,0,53.0,58828.0
67.6,60,100,80,0.0,64.677,7.2481,0.0001,500,1.1,0,0.0017552,14.223,7.9966,73305,79934.0,6.5008,297.97,618.23,1.5997,10.0,,32,,1.313,0.18967,,,1.2219,0,,0,1,1,53,53,0,53.0,58683.0
67.8,60,100,80,0.0,64.859,5.3767,0.0001,500,1.1,0,0.0017669,14.235,8.0354,73429,80069.0,6.5029,297.97,618.39,1.6036,10.0,,32,,1.3096,0.18969,,,1.2249,0,,0,1,1,53,53,0,53.0,58706.0
68.0,60,100,80,0.0,64.232,4.3859,0.0001,500,1.1,0,0.0018138,14.208,8.0748,73553,80204.0,6.5032,297.97,620.1,1.6075,10.0,,32,,1.3231,0.18956,,,1.2279,0,,0,1,1,53,53,0,53.0,59398.0
68.2,60,100,84,0.0,63.464,4.9364,0.0001,500,1.1,0,0.0018668,14.202,8.1142,73678,80339.0,6.5018,297.98,622.73,1.6116,10.0,,31,,1.3275,0.18951,,,1.231,0,,0,1,1,53,53,0,53.0,60258.0
68.4,60,100,84,0.0,63.263,6.554,0.0001,500,1.1,0,0.0018577,14.229,8.154,73803,80475.0,6.5008,297.99,624.51,1.6156,10.0,,31,,1.3275,0.1895,,,1.2341,0,,0,1,1,53,53,0,53.0,60453.0
68.6,60,100,84,0.0,63.479,7.5896,0.0001,500,1.1,0,0.0018459,14.249,8.1939,73927,80611.0,6.498,297.99,625.8,1.6197,10.0,,31,,1.3301,0.18947,,,1.2372,0,,0,1,1,53,53,0,53.0,59981.0
68.8,60,100,84,0.0,64.799,8.3407,0.0001,500,1.1,0,0.0018472,14.255,8.2333,74053,80747.0,6.4963,297.99,626.87,1.6237,10.0,,31,,1.3441,0.18933,,,1.2403,0,,0,1,1,53,53,0,53.0,60673.0
69.0,60,100,84,0.0,66.812,9.0171,0.0001,500,1.1,0,0.0018417,14.269,8.2723,74178,80883.0,6.4954,298.0,627.86,1.6278,10.0,,31,,1.3539,0.18923,,,1.2435,0,,0,1,1,53,53,0,53.0,60864.0
69.2,60,100,84,0.0,69.179,9.7459,0.0001,500,1.1,0,0.0017994,14.302,8.3115,74304,81020.0,6.4964,298.0,627.48,1.6318,10.0,,31,,1.3644,0.18912,,,1.2465,0,,0,1,1,53,53,0,53.0,61056.0
69.4,60,100,84,0.0,71.126,9.2194,0.0001,500,1.1,0,0.0018369,14.281,8.3507,74430,81157.0,6.497,298.0,628.29,1.6359,10.0,,31,,1.3822,0.18894,,,1.2497,0,,0,1,1,53,53,0,53.0,62080.0
69.6,60,100,84,0.0,72.832,9.8565,0.0001,500,1.1,0,0.0018343,14.308,8.3899,74557,81294.0,6.4983,298.0,628.71,1.6399,10.0,,31,,1.3826,0.18893,,,1.2528,0,,0,1,1,53,53,0,53.0,60605.0
69.8,60,100,84,0.0,74.022,10.164,0.0001,500,1.1,0,0.0018012,14.365,8.4286,74683,81432.0,6.4993,298.0,627.98,1.644,10.0,,31,,1.3706,0.18904,,,1.2559,0,,0,1,1,53,53,0,53.0,61628.0
70.0,60,100,84,0.0,74.807,9.4025,0.0001,500,1.1,0,0.001791,14.38,8.4674,74810,81570.0,6.5003,298.0,627.56,1.648,10.0,,31,,1.3716,0.18902,,,1.259,0,,0,1,1,53,53,0,53.0,60651.0
70.2,60,100,84,0.0,75.226,8.9003,0.0001,500,1.1,0,0.0018253,14.362,8.5064,74937,81708.0,6.5003,298.0,628.24,1.6521,10.0,,31,,1.384,0.1889,,,1.2621,0,,0,1,1,53,53,0,53.0,62175.0
70.4,60,100,84,0.0,75.638,9.4111,0.0001,500,1.1,0,0.0017866,14.396,8.5454,75065,81846.0,6.501,298.0,627.97,1.6562,10.0,,31,,1.3905,0.18883,,,1.2653,0,,0,1,1,53,53,0,53.0,62365.0
70.6,60,100,84,0.0,75.756,9.0461,0.0001,500,1.1,0,0.0017371,14.472,8.5839,75192,81984.0,6.5029,297.99,626.51,1.6602,10.0,,31,,1.3742,0.18897,,,1.2684,0,,0,1,1,53,53,0,53.0,62387.0
70.8,60,100,84,0.0,75.097,7.5091,0.0001,500,1.1,0,0.0017197,14.489,8.6223,75319,82122.0,6.5025,297.99,625.13,1.6642,10.0,,31,,1.3813,0.1889,,,1.2714,0,,0,1,1,53,53,0,53.0,61908.0
71.0,60,100,84,0.0,74.635,5.9284,0.0001,500,1.1,0,0.0017172,14.516,8.661,75446,82260.0,6.5012,297.99,624.16,1.6681,10.0,,31,,1.3796,0.18891,,,1.2744,0,,0,1,1,53,53,0,53.0,62930.0
71.2,60,100,84,0.0,74.675,4.5978,0.0001,500,1.1,0,0.0017382,14.503,8.6998,75572,82397.0,6.4981,297.99,623.98,1.6721,10.0,,31,,1.4019,0.18869,,,1.2775,0,,0,1,1,53,53,0,53.0,62287.0
71.4,60,100,84,0.0,75.955,3.9325,0.0001,500,1.1,0,0.0017487,14.52,8.7387,75700,82536.0,6.4982,297.99,624.24,1.6761,10.0,,31,,1.4065,0.18864,,,1.2805,0,,0,1,1,53,53,0,53.0,62977.0
71.6,60,100,84,0.0,77.18,3.6506,0.0001,500,1.1,0,0.0017097,14.578,8.7776,75827,82674.0,6.4981,297.98,623.68,1.68,10.0,,31,,1.3955,0.18873,,,1.2836,0,,0,1,1,53,53,0,53.0,63500.0
71.8,60,100,84,0.0,78.476,2.5862,0.0001,500,1.1,0,0.0016935,14.608,8.8165,75954,82812.0,6.4962,297.98,623.04,1.6839,10.0,,31,,1.3952,0.18873,,,1.2866,0,,0,1,1,53,53,0,53.0,63524.0
72.0,60,100,84,0.0,80.522,1.4113,0.0001,500,1.1,0,0.0016566,14.668,8.8549,76082,82951.0,6.4962,297.98,621.63,1.6878,10.0,1132.4,31,1736.5,1.3852,0.18882,8.6998,18.951,1.2895,0,25.631,0,1,1,53,53,0,53.0,63878.0
72.2,60,100,90,0.0,82.541,0.0001,0.0001,500,1.1,0,0.0017609,14.629,8.8937,76212,83092.0,6.496,297.98,623.01,1.6918,10.0,,30,,1.3999,0.18867,,,1.2926,0,,0,1,1,53,53,0,53.0,63401.0
72.4,60,100,90,0.0,84.669,0.56844,0.0001,500,1.1,0,0.0017588,14.668,8.9324,76342,83233.0,6.4964,297.99,624.12,1.6958,10.0,,30,,1.3925,0.18873,,,1.2957,0,,0,1,1,53,53,0,53.0,64590.0
72.6,60,100,90,0.0,86.635,0.96541,0.0001,500,1.1,0,0.0017304,14.707,8.9709,76472,83374.0,6.4984,297.99,624.15,1.6998,10.0,,30,,1.3937,0.18871,,,1.2987,0,,0,1,1,53,53,0,53.0,63778.0
72.8,60,100,90,0.0,87.771,0.44337,0.0001,500,1.1,0,0.0017448,14.717,9.0092,76603,83516.0,6.5009,297.99,624.72,1.7038,10.0,,30,,1.3995,0.18865,,,1.3018,0,,0,1,1,53,53,0,53.0,64132.0
73.0,60,100,90,0.0,87.931,0.47074,0.0001,500,1.1,0,0.001714,14.778,9.0473,76734,83657.0,6.5045,297.99,624.21,1.7078,10.0,,30,,1.3876,0.18875,,,1.3049,0,,0,1,1,53,53,0,53.0,64318.0
73.2,60,100,90,0.0,86.648,0.0001,0.0001,500,1.1,0,0.0016606,14.84,9.0847,76864,83798.0,6.5081,297.98,622.37,1.7117,10.0,,30,,1.3781,0.18884,,,1.3079,0,,0,1,1,53,53,0,53.0,64835.0
73.4,60,100,90,0.0,83.934,0.0001,0.0001,500,1.1,0,0.0016517,14.86,9.122,76994,83939.0,6.5098,297.98,620.45,1.7155,10.0,,30,,1.381,0.1888,,,1.3108,0,,0,1,1,53,53,0,53.0,64683.0
73.6,60,100,90,0.0,80.556,0.0001,0.0001,500,1.1,0,0.0016373,14.889,9.159,77123,84079.0,6.5111,297.97,618.27,1.7194,10.0,,30,,1.3824,0.18878,,,1.3138,0,,0,1,1,53,53,0,53.0,65364.0
73.8,60,100,90,0.0,76.653,0.0001,0.0001,500,1.1,0,0.001622,14.913,9.1956,77251,84218.0,6.5096,297.96,615.98,1.7232,10.0,,30,,1.3842,0.18876,,,1.3167,0,,0,1,1,53,53,0,53.0,65043.0
74.0,60,100,90,0.0,73.35,0.0001,0.0001,500,1.1,0,0.0016581,14.894,9.2326,77379,84357.0,6.5064,297.96,615.17,1.727,10.0,,30,,1.3984,0.18862,,,1.3197,0,,0,1,1,53,53,0,53.0,64890.0
74.2,60,100,90,0.0,71.308,0.0001,0.0001,500,1.1,0,0.001674,14.897,9.2696,77506,84495.0,6.503,297.96,614.99,1.731,10.0,,30,,1.4083,0.18851,,,1.3227,0,,0,1,1,53,53,0,53.0,64905.0
74.4,60,100,90,0.0,70.643,0.0001,0.0001,500,1.1,0,0.0016906,14.889,9.3073,77633,84633.0,6.4975,297.96,615.52,1.7349,10.0,,30,,1.426,0.18834,,,1.3257,0,,0,1,1,53,53,0,53.0,65255.0
74.6,60,100,90,0.0,72.171,0.0001,0.0001,500,1.1,0,0.0016167,14.995,9.3444,77761,84771.0,6.4931,297.96,613.77,1.7388,10.0,,30,,1.3979,0.1886,,,1.3287,0,,0,1,1,53,53,0,53.0,66603.0
74.8,60,100,90,0.0,75.442,0.0001,0.0001,500,1.1,0,0.0016143,15.024,9.3812,77889,84910.0,6.4933,297.95,611.79,1.7426,10.0,,30,,1.3941,0.18863,,,1.3316,0,,0,1,1,53,53,0,53.0,66450.0
75.0,60,100,90,0.0,78.617,0.0001,0.0001,500,1.1,0,0.001655,15.006,9.4181,78017,85050.0,6.4934,297.95,610.8,1.7465,10.0,,30,,1.4139,0.18843,,,1.3346,0,,0,1,1,53,53,0,53.0,65797.0
75.2,60,100,90,0.0,81.772,0.0001,9.5662,100,1.1,0,0.0015941,14.216,9.4643,78066,85110.0,6.4993,298.05,647.65,1.7503,10.0,,30,,1.6821,0.18587,,,1.3375,0,,0,1,1,53,53,0,53.0,67018.0
75.4,60,100,90,0.0,82.542,32.655,0.95662,100,1.1,0,0.0015966,14.178,9.5105,78116,85170.0,6.5044,298.09,661.01,1.7541,10.0,,30,,1.7332,0.18538,,,1.3405,0,,0,1,1,53,53,0,53.0,66405.0
75.6,60,100,90,0.0,81.313,46.272,0.095662,100,1.1,0,0.0015983,14.156,9.5569,78165,85230.0,6.5075,298.1,666.97,1.7579,10.0,,30,,1.7424,0.18528,,,1.3434,0,,0,1,1,53,53,0,53.0,67294.0
75.8,60,100,90,0.0,78.851,54.8,0.0095662,100,1.1,0,0.0016205,14.115,9.6034,78214,85290.0,6.5088,298.11,669.49,1.7617,10.0,,30,,1.7533,0.18517,,,1.3463,0,,0,1,1,53,53,0,53.0,67516.0
76.0,60,100,90,0.0,75.862,60.858,0.00095662,100,1.1,0,0.0016015,14.129,9.6501,78262,85349.0,6.5091,298.11,668.51,1.7656,10.0,,30,,1.7377,0.18532,,,1.3493,0,,0,1,1,53,53,0,53.0,67073.0
76.2,60,100,116,0.0,72.746,63.976,0.0001,100,1.1,0,0.0022056,13.624,9.6979,78314,85414.0,6.4988,298.14,681.46,1.7701,10.0,,29,,1.9021,0.18373,,,1.3528,0,,0,1,1,53,53,0,53.0,68135.0
76.4,60,100,116,0.0,73.786,80.063,0.0001,100,1.1,0,0.0020996,13.669,9.7461,78367,85479.0,6.49,298.15,684.68,1.775,10.0,,29,,1.9134,0.18362,,,1.3565,0,,0,1,1,53,53,0,53.0,68199.0
76.6,60,100,116,0.0,78.301,88.101,0.0001,100,1.1,0,0.0020986,13.634,9.7943,78421,85545.0,6.4845,298.15,683.37,1.7798,10.0,,29,,1.9277,0.18347,,,1.3602,0,,0,1,1,53,53,0,53.0,67096.0
76.8,60,100,116,0.0,85.003,92.445,0.0001,100,1.1,0,0.0021165,13.605,9.8426,78476,85612.0,6.4831,298.14,680.8,1.7847,10.0,,29,,1.9356,0.18338,,,1.364,0,,0,1,1,53,53,0,53.0,67994.0
77.0,60,100,116,0.0,92.275,95.559,0.0001,100,1.1,0,0.0020905,13.617,9.8908,78532,85681.0,6.4858,298.13,675.82,1.7896,10.0,,29,,1.9338,0.18339,,,1.3677,0,,0,1,1,53,53,0,53.0,67724.0
77.2,60,100,116,0.0,98.473,96.206,0.0001,100,1.1,0,0.0020929,13.605,9.9391,78590,85751.0,6.49,298.11,670.1,1.7944,10.0,,29,,1.9318,0.1834,,,1.3715,0,,0,1,1,53,53,0,53.0,69122.0
77.4,60,100,116,0.0,102.98,95.711,0.0001,100,1.1,0,0.0020298,13.63,9.9873,78648,85822.0,6.4958,298.09,663.72,1.7993,10.0,,29,,1.9219,0.18349,,,1.3752,0,,0,1,1,53,53,0,53.0,69020.0
77.6,60,100,116,0.0,105.16,94.051,0.0001,100,1.1,0,0.0020035,13.624,10.036,78707,85893.0,6.5017,298.08,659.25,1.804,10.0,,29,,1.9268,0.18343,,,1.3788,0,,0,1,1,53,53,0,53.0,68252.0
77.8,60,100,116,0.0,105.01,93.527,0.0001,100,1.1,0,0.0019699,13.639,10.084,78766,85964.0,6.5074,298.07,655.16,1.8087,10.0,,29,,1.9129,0.18356,,,1.3824,0,,0,1,1,53,53,0,53.0,70485.0
78.0,60,100,116,0.0,102.57,92.874,0.0001,100,1.1,0,0.0019168,13.646,10.133,78825,86034.0,6.5115,298.06,650.64,1.8133,10.0,,29,,1.9088,0.18359,,,1.3859,0,,0,1,1,53,53,0,53.0,69049.0
78.2,60,100,116,0.0,98.514,91.406,0.0001,100,1.1,0,0.001921,13.607,10.181,78883,86104.0,6.5145,298.04,645.67,1.8179,10.0,,29,,1.9171,0.1835,,,1.3895,0,,0,1,1,53,53,0,53.0,70280.0
78.4,60,100,116,0.0,93.251,89.082,0.0001,100,1.1,0,0.0019205,13.577,10.229,78939,86173.0,6.5151,298.04,642.58,1.8225,10.0,,29,,1.9234,0.18343,,,1.393,0,,0,1,1,53,53,0,53.0,70679.0
78.6,60,100,116,0.0,87.745,88.006,0.0001,100,1.1,0,0.0018809,13.565,10.278,78995,86240.0,6.5144,298.03,639.24,1.827,10.0,,29,,1.9274,0.18338,,,1.3965,0,,0,1,1,53,53,0,53.0,70911.0
78.8,60,100,116,0.0,82.496,86.346,0.0001,100,1.1,0,0.0018374,13.576,10.327,79049,86307.0,6.5106,298.02,635.34,1.8315,10.0,,29,,1.9156,0.18349,,,1.3999,0,,0,1,1,53,53,0,53.0,70812.0
79.0,60,100,116,0.0,78.79,83.852,0.0001,100,1.1,0,0.0017674,13.579,10.376,79103,86372.0,6.5045,298.01,632.88,1.8359,10.0,,29,,1.9134,0.1835,,,1.4033,0,,0,1,1,53,53,0,53.0,70379.0
79.2,60,100,116,0.0,77.505,82.303,0.0001,100,1.1,0,0.0018361,13.476,10.425,79157,86438.0,6.4972,298.01,632.64,1.8404,10.0,,29,,1.9502,0.18314,,,1.4068,0,,0,1,1,53,53,0,53.0,71949.0
79.4,60,100,116,0.0,79.141,82.527,0.0001,100,1.1,0,0.0018574,13.439,10.475,79210,86504.0,6.4931,298.01,632.2,1.8449,10.0,,29,,1.9683,0.18296,,,1.4102,0,,0,1,1,53,53,0,53.0,71019.0
79.6,60,100,116,0.0,82.428,82.503,0.0001,100,1.1,0,0.0018511,13.432,10.524,79265,86570.0,6.492,298.01,631.11,1.8494,10.0,,29,,1.9697,0.18294,,,1.4137,0,,0,1,1,53,53,0,53.0,71256.0
79.8,60,100,116,0.0,86.145,81.835,0.0001,100,1.1,0,0.0018287,13.429,10.573,79320,86637.0,6.4925,298.0,629.31,1.8539,10.0,,29,,1.9692,0.18293,,,1.4172,0,,0,1,1,53,53,0,53.0,71491.0
80.0,60,100,116,0.0,89.671,80.423,0.0001,100,1.1,0,0.0018224,13.431,10.622,79376,86705.0,6.4931,298.0,628.19,1.8584,10.0,,29,,1.9588,0.18303,,,1.4206,0,,0,1,1,53,53,0,53.0,72560.0
80.2,60,100,90,0.0,92.94,79.472,0.0001,100,1.1,0,0.0011244,14.227,10.663,79427,86766.0,6.5083,297.94,605.28,1.862,10.0,,23,,1.7091,0.18541,,,1.4234,0,,0,1,1,53,53,0,53.0,71251.0
80.4,60,100,90,0.0,90.074,23.841,109.63,100,1.1,0,0.0011596,14.168,10.703,79478,86826.0,6.5192,298.21,708.58,1.865,10.0,,23,,1.682,0.18566,,,1.4257,0,,0,1,1,53,53,0,53.0,72112.0
80.6,60,100,90,0.0,82.932,116.83,10.963,100,1.1,0,0.001157,14.124,10.744,79527,86885.0,6.5249,298.13,678.35,1.868,10.0,,23,,1.6948,0.18553,,,1.428,0,,0,1,1,53,53,0,53.0,72306.0
80.8,60,100,90,0.0,73.503,94.969,1.0963,100,1.1,0,0.0011681,14.072,10.786,79575,86942.0,6.5272,298.05,646.08,1.8711,10.0,,23,,1.7119,0.18536,,,1.4303,0,,0,1,1,53,53,0,53.0,72670.0
81.0,60,100,90,0.0,63.163,70.912,0.10963,100,1.1,0,0.0011833,14.002,10.827,79620,86997.0,6.523,297.99,626.92,1.8741,10.0,,23,,1.7359,0.18513,,,1.4327,0,,0,1,1,53,53,0,53.0,72369.0
81.2,60,100,90,0.0,54.493,55.706,0.010963,100,1.1,0,0.0011779,13.965,10.869,79664,87050.0,6.5131,297.97,615.68,1.8772,10.0,,23,,1.7465,0.18502,,,1.4351,0,,0,1,1,53,53,0,53.0,73568.0
81.4,60,100,90,0.0,49.792,45.604,0.0010963,100,1.1,0,0.0011919,13.916,10.911,79707,87103.0,6.4994,297.95,609.29,1.8803,10.0,,23,,1.7616,0.18487,,,1.4375,0,,0,1,1,53,53,0,53.0,72437.0
81.6,60,100,90,0.0,50.577,13.681,53.609,100,1.1,0,0.0011897,13.923,10.954,79750,87155.0,6.4862,298.11,669.61,1.8834,10.0,,23,,1.7532,0.18494,,,1.4399,0,,0,1,1,53,53,0,53.0,72804.0
81.8,60,100,90,0.0,56.612,67.067,5.3609,100,1.1,0,0.0012089,13.902,10.996,79794,87209.0,6.4788,298.07,654.73,1.8866,10.0,,23,,1.7532,0.18494,,,1.4423,0,,0,1,1,53,53,0,53.0,74006.0
82.0,60,100,90,0.0,65.596,56.316,0.53609,100,1.1,0,0.0012192,13.893,11.038,79839,87265.0,6.4777,298.03,641.57,1.8897,10.0,,23,,1.7545,0.18492,,,1.4447,0,,0,1,1,53,53,0,53.0,74374.0
82.2,60,100,90,0.0,74.998,47.153,0.053609,100,1.1,0,0.0012306,13.875,11.08,79887,87322.0,6.4862,298.02,635.0,1.8929,10.0,,23,,1.7585,0.18488,,,1.4472,0,,0,1,1,53,53,0,53.0,74575.0
82.4,60,100,90,0.0,81.023,42.688,0.0053609,100,1.1,0,0.0012494,13.832,11.123,79936,87381.0,6.4966,298.01,631.12,1.8962,10.0,,23,,1.7786,0.18468,,,1.4497,0,,0,1,1,53,53,0,53.0,73445.0
82.6,60,100,90,0.0,82.892,39.887,0.00053609,100,1.1,0,0.0012242,13.856,11.165,79985,87441.0,6.5066,298.0,627.86,1.8994,10.0,,23,,1.7714,0.18474,,,1.4521,0,,0,1,1,53,53,0,53.0,75645.0
82.8,60,100,90,0.0,80.786,37.224,0.0001,100,1.1,0,0.0012323,13.813,11.207,80034,87499.0,6.5158,297.99,626.13,1.9026,10.0,,23,,1.7855,0.1846,,,1.4546,0,,0,1,1,53,53,0,53.0,75847.0
83.0,60,100,90,0.0,74.989,35.621,0.0001,100,1.1,0,0.0012448,13.767,11.25,80082,87557.0,6.5211,297.99,626.01,1.9058,10.0,,23,,1.7998,0.18446,,,1.4571,0,,0,1,1,53,53,0,53.0,75551.0
83.2,60,100,90,0.0,67.073,35.279,0.0001,100,1.1,0,0.0012126,13.776,11.293,80128,87613.0,6.5213,297.99,625.33,1.909,10.0,,23,,1.7961,0.18449,,,1.4595,0,,0,1,1,53,53,0,53.0,75423.0
83.4,60,100,90,0.0,59.101,34.389,0.0001,100,1.1,0,0.001221,13.727,11.336,80173,87667.0,6.518,297.99,626.27,1.9121,10.0,,23,,1.8095,0.18435,,,1.462,0,,0,1,1,53,53,0,53.0,75796.0
83.6,60,100,90,0.0,52.426,34.916,0.0001,100,1.1,0,0.0012326,13.68,11.38,80216,87721.0,6.5118,298.0,627.92,1.9153,10.0,,23,,1.8189,0.18426,,,1.4644,0,,0,1,1,53,53,0,53.0,76338.0
83.8,60,100,90,0.0,48.243,36.144,0.0001,100,1.1,0,0.0012358,13.635,11.424,80258,87773.0,6.5012,298.0,630.22,1.9185,10.0,,23,,1.8363,0.18409,,,1.4669,0,,0,1,1,53,53,0,53.0,76214.0
84.0,60,100,90,0.0,48.298,38.122,0.0001,100,1.1,0,0.001257,13.582,11.468,80300,87825.0,6.4897,298.01,631.99,1.9218,10.0,1136.3,23,1695.6,1.8568,0.18388,11.293,20.495,1.4694,0,26.823,0,1,1,53,53,0,53.0,76425.0
84.2,60,100,90,0.0,52.955,39.822,0.0001,100,1.1,0,0.0012848,13.522,11.513,80344,87879.0,6.4814,298.01,633.72,1.9251,10.0,,23,,1.8829,0.18363,,,1.4719,0,,0,1,1,53,53,0,53.0,75639.0
84.4,60,100,90,0.0,60.921,41.671,0.0001,100,1.1,0,0.001304,13.502,11.558,80389,87934.0,6.48,298.02,635.06,1.9285,10.0,,23,,1.8867,0.18358,,,1.4745,0,,0,1,1,53,53,0,53.0,76687.0
84.6,60,100,90,0.0,69.43,43.343,0.0001,100,1.1,0,0.0013287,13.492,11.603,80435,87991.0,6.483,298.02,635.84,1.9319,10.0,,23,,1.8826,0.18362,,,1.4771,0,,0,1,1,53,53,0,53.0,76235.0
84.8,60,100,90,0.0,76.718,44.642,0.0001,100,1.1,0,0.0013418,13.478,11.648,80483,88049.0,6.4901,298.02,635.32,1.9353,10.0,,23,,1.8892,0.18355,,,1.4798,0,,0,1,1,53,53,0,53.0,76949.0
85.0,60,100,90,0.0,81.198,44.85,0.0001,100,1.1,0,0.0013581,13.482,11.693,80532,88109.0,6.4978,298.02,635.28,1.9388,10.0,,23,,1.8763,0.18366,,,1.4824,0,,0,1,1,53,53,0,53.0,76498.0
85.2,60,100,90,0.0,82.602,45.465,0.0001,100,1.1,0,0.0013583,13.472,11.738,80581,88168.0,6.5053,298.02,635.27,1.9422,10.0,,23,,1.8729,0.18369,,,1.4851,0,,0,1,1,53,53,0,53.0,76712.0
85.4,60,100,90,0.0,80.996,46.099,0.0001,100,1.1,0,0.0013399,13.468,11.782,80630,88228.0,6.5118,298.01,634.23,1.9457,10.0,,23,,1.8759,0.18366,,,1.4877,0,,0,1,1,53,53,0,53.0,77926.0
85.6,60,100,90,0.0,76.804,45.794,0.0001,100,1.1,0,0.0013505,13.421,11.827,80678,88286.0,6.5138,298.01,634.34,1.9491,10.0,,23,,1.8904,0.18351,,,1.4904,0,,0,1,1,53,53,0,53.0,77474.0
85.8,60,100,90,0.0,71.828,46.456,0.0001,100,1.1,0,0.0013452,13.396,11.872,80725,88344.0,6.5141,298.02,634.56,1.9525,10.0,,23,,1.9012,0.1834,,,1.493,0,,0,1,1,53,53,0,53.0,78190.0
86.0,60,100,90,0.0,66.726,47.202,0.0001,100,1.1,0,0.0013149,13.391,11.917,80771,88400.0,6.5134,298.01,632.77,1.9559,10.0,,23,,1.9074,0.18334,,,1.4956,0,,0,1,1,53,53,0,53.0,78569.0
86.2,60,100,90,0.0,61.906,46.145,0.0001,100,1.1,0,0.0013313,13.351,11.962,80816,88455.0,6.5102,298.01,632.49,1.9593,10.0,,23,,1.9123,0.18328,,,1.4982,0,,0,1,1,53,53,0,53.0,78784.0
86.4,60,100,90,0.0,58.339,46.322,0.0001,100,1.1,0,0.0013295,13.33,12.007,80860,88510.0,6.5042,298.01,632.17,1.9627,10.0,,23,,1.9139,0.18326,,,1.5008,0,,0,1,1,53,53,0,53.0,78665.0
86.6,60,100,90,0.0,57.208,46.407,0.0001,100,1.1,0,0.0013696,13.255,12.053,80905,88565.0,6.496,298.01,632.16,1.9661,10.0,,23,,1.9363,0.18304,,,1.5035,0,,0,1,1,53,53,0,53.0,79717.0
86.8,60,100,90,0.0,59.347,46.742,0.0001,100,1.1,0,0.0013793,13.23,12.098,80949,88620.0,6.4888,298.01,634.27,1.9697,10.0,,23,,1.9432,0.18297,,,1.5062,0,,0,1,1,53,53,0,53.0,79769.0
87.0,60,100,90,0.0,64.341,48.968,0.0001,100,1.1,0,0.00135,13.264,12.144,80995,88676.0,6.4844,298.01,634.2,1.9732,10.0,,23,,1.9249,0.18314,,,1.5089,0,,0,1,1,53,53,0,53.0,78986.0
87.2,60,100,90,0.0,71.087,49.413,0.0001,100,1.1,0,0.0013812,13.233,12.189,81041,88733.0,6.4839,298.02,634.98,1.9767,10.0,,23,,1.9264,0.18311,,,1.5116,0,,0,1,1,53,53,0,53.0,79536.0
87.4,60,100,90,0.0,78.052,50.648,0.0001,100,1.1,0,0.0014077,13.201,12.235,81090,88792.0,6.4872,298.02,635.3,1.9802,10.0,,23,,1.9379,0.183,,,1.5143,0,,0,1,1,53,53,0,53.0,79754.0
87.6,60,100,90,0.0,83.659,51.524,0.0001,100,1.1,0,0.0014224,13.175,12.281,81139,88853.0,6.4938,298.02,635.52,1.9839,10.0,,23,,1.9446,0.18293,,,1.5171,0,,0,1,1,53,53,0,53.0,79307.0
87.8,60,100,90,0.0,86.652,52.36,0.0001,100,1.1,0,0.0014244,13.175,12.327,81189,88913.0,6.5001,298.01,633.98,1.9875,10.0,,23,,1.9412,0.18295,,,1.5199,0,,0,1,1,53,53,0,53.0,80360.0
88.0,60,100,90,0.0,87.12,51.636,0.0001,100,1.1,0,0.0014368,13.159,12.373,81239,88974.0,6.5053,298.01,632.72,1.9911,10.0,,23,,1.9367,0.18299,,,1.5227,0,,0,1,1,53,53,0,53.0,81079.0
88.2,60,100,90,0.0,85.536,51.048,0.0001,100,1.1,0,0.0014471,13.116,12.418,81289,89035.0,6.5092,298.01,632.62,1.9948,10.0,,23,,1.949,0.18286,,,1.5255,0,,0,1,1,53,53,0,53.0,80298.0
88.4,60,100,90,0.0,82.367,51.376,0.0001,100,1.1,0,0.0014662,13.077,12.464,81338,89095.0,6.5125,298.01,633.44,1.9985,10.0,,23,,1.9541,0.18281,,,1.5284,0,,0,1,1,53,53,0,53.0,79851.0
88.6,60,100,90,0.0,77.896,52.486,0.0001,100,1.1,0,0.0014355,13.074,12.51,81386,89154.0,6.5146,298.01,634.03,2.0022,10.0,,23,,1.9551,0.18279,,,1.5312,0,,0,1,1,53,53,0,53.0,80070.0
88.8,60,100,90,0.0,72.585,53.46,0.0001,100,1.1,0,0.0014147,13.061,12.556,81433,89212.0,6.5141,298.01,633.78,2.0059,10.0,,23,,1.9624,0.18272,,,1.534,0,,0,1,1,53,53,0,53.0,81621.0
89.0,60,100,90,0.0,67.459,53.739,0.0001,100,1.1,0,0.001392,13.058,12.601,81479,89269.0,6.5119,298.01,633.35,2.0095,10.0,,23,,1.9633,0.1827,,,1.5368,0,,0,1,1,53,53,0,53.0,81506.0
89.2,60,100,90,0.0,63.218,53.85,0.0001,100,1.1,0,0.0013763,13.039,12.647,81524,89325.0,6.5067,298.01,632.05,2.013,10.0,,23,,1.9711,0.18262,,,1.5395,0,,0,1,1,53,53,0,53.0,81389.0
89.4,60,100,90,0.0,61.06,53.155,0.0001,100,1.1,0,0.0013513,13.036,12.692,81569,89381.0,6.5013,298.01,631.12,2.0165,10.0,,23,,1.9782,0.18254,,,1.5422,0,,0,1,1,53,53,0,53.0,82105.0
89.6,60,100,90,0.0,61.071,52.674,0.0001,100,1.1,0,0.0013486,13.001,12.737,81614,89436.0,6.4945,298.01,631.02,2.02,10.0,,23,,1.9934,0.18239,,,1.5449,0,,0,1,1,53,53,0,53.0,82819.0
89.8,60,100,90,0.0,63.802,52.838,0.0001,100,1.1,0,0.0013911,12.941,12.782,81659,89492.0,6.4928,298.01,633.13,2.0235,10.0,,23,,2.0084,0.18224,,,1.5476,0,,0,1,1,53,53,0,53.0,82703.0
90.0,60,100,90,0.0,67.17,54.944,0.0001,100,1.1,0,0.0013736,12.955,12.827,81705,89549.0,6.4928,298.02,634.53,2.0271,10.0,,23,,2.0013,0.1823,,,1.5504,0,,0,1,1,53,53,0,53.0,82418.0
90.2,75,100,90,0.0,70.571,56.58,0.0001,100,1.1,0,0.0013765,13.421,12.873,81752,89607.0,6.4944,298.01,634.47,1.656,10.0,,23,,1.9716,0.18705,,,1.5814,0,,0,1,1,53,53,0,53.0,83301.0
90.4,75,100,90,0.0,73.338,57.059,0.0001,100,1.1,0,0.0013416,13.472,12.917,81799,89664.0,6.4987,298.01,633.25,1.6358,10.0,,23,,1.874,0.18783,,,1.562,0,,0,1,1,53,53,0,53.0,83014.0
90.6,75,100,90,0.0,74.365,56.541,0.0001,100,1.1,0,0.0013368,13.472,12.962,81847,89723.0,6.5014,298.0,630.49,1.637,10.0,,23,,1.8627,0.18792,,,1.5632,0,,0,1,1,53,53,0,53.0,82727.0
90.8,75,100,90,0.0,74.313,54.545,0.0001,100,1.1,0,0.0012958,13.498,13.006,81894,89781.0,6.5039,298.0,627.2,1.6396,10.0,,23,,1.8529,0.18799,,,1.5657,0,,0,1,1,53,53,0,53.0,83270.0
91.0,75,100,90,0.0,73.254,51.856,0.0001,100,1.1,0,0.0012797,13.486,13.049,81941,89838.0,6.5064,297.99,625.66,1.6422,10.0,,23,,1.8588,0.18794,,,1.5682,0,,0,1,1,53,53,0,53.0,83978.0
91.2,75,100,90,0.0,71.222,50.401,0.0001,100,1.1,0,0.0012492,13.492,13.093,81988,89896.0,6.5086,297.99,623.97,1.6449,10.0,,23,,1.855,0.18796,,,1.5707,0,,0,1,1,53,53,0,53.0,83352.0
91.4,75,100,90,0.0,68.293,48.641,0.0001,100,1.1,0,0.0012728,13.459,13.137,82034,89952.0,6.5072,297.99,624.01,1.6475,10.0,,23,,1.8507,0.18799,,,1.5733,0,,0,1,1,53,53,0,53.0,83395.0
91.6,75,100,90,0.0,65.959,48.252,0.0001,100,1.1,0,0.0012574,13.446,13.18,82080,90009.0,6.5064,297.99,623.35,1.6501,10.0,,23,,1.8611,0.1879,,,1.5758,0,,0,1,1,53,53,0,53.0,84771.0
91.8,75,100,90,0.0,63.931,47.213,0.0001,100,1.1,0,0.0012762,13.374,13.225,82125,90065.0,6.5053,297.99,623.97,1.6528,10.0,,23,,1.9025,0.18758,,,1.5783,0,,0,1,1,53,53,0,53.0,85483.0
92.0,75,100,90,0.0,62.338,47.261,0.0001,100,1.1,0,0.001274,13.366,13.269,82170,90120.0,6.5031,297.99,624.28,1.6554,10.0,,23,,1.909,0.18753,,,1.5809,0,,0,1,1,53,53,0,53.0,84361.0
92.2,75,100,90,0.0,61.625,47.066,0.0001,100,1.1,0,0.0012644,13.351,13.314,82215,90176.0,6.5007,297.99,625.39,1.658,10.0,,23,,1.916,0.18747,,,1.5834,0,,0,1,1,53,53,0,53.0,84574.0
92.4,75,100,90,0.0,61.851,47.618,0.0001,100,1.1,0,0.0012608,13.344,13.359,82260,90231.0,6.4986,298.0,627.0,1.6606,10.0,,23,,1.9155,0.18747,,,1.5859,0,,0,1,1,53,53,0,53.0,85122.0
92.6,75,100,90,0.0,62.926,48.707,0.0001,100,1.1,0,0.0012401,13.366,13.404,82305,90287.0,6.4969,298.0,627.77,1.6632,10.0,,23,,1.8984,0.1876,,,1.5883,0,,0,1,1,53,53,0,53.0,85170.0
92.8,75,100,90,0.0,64.685,49.191,0.0001,100,1.1,0,0.0012149,13.393,13.448,82350,90343.0,6.4974,298.0,627.11,1.6657,10.0,,23,,1.8836,0.1877,,,1.5907,0,,0,1,1,53,53,0,53.0,84717.0
93.0,75,100,90,0.0,66.228,48.504,0.0001,100,1.1,0,0.0011894,13.417,13.493,82396,90399.0,6.4997,297.99,625.74,1.6682,10.0,,23,,1.872,0.18779,,,1.5931,0,,0,1,1,53,53,0,53.0,86094.0
93.2,75,100,90,0.0,66.872,47.156,0.0001,100,1.1,0,0.0011705,13.419,13.536,82442,90455.0,6.5012,297.99,624.78,1.6706,10.0,,23,,1.8768,0.18775,,,1.5954,0,,0,1,1,53,53,0,53.0,85636.0
93.4,75,100,90,0.0,66.929,46.049,0.0001,100,1.1,0,0.0011303,13.451,13.579,82488,90511.0,6.5032,297.99,623.17,1.673,10.0,,23,,1.8657,0.18782,,,1.5977,0,,0,1,1,53,53,0,53.0,86173.0
93.6,75,100,90,0.0,66.157,44.269,0.0001,100,1.1,0,0.001121,13.438,13.622,82534,90567.0,6.503,297.98,621.96,1.6753,10.0,,23,,1.8688,0.1878,,,1.5999,0,,0,1,1,53,53,0,53.0,86876.0
93.8,75,100,90,0.0,65.468,42.706,0.0001,100,1.1,0,0.0011143,13.417,13.664,82579,90623.0,6.5015,297.98,620.87,1.6776,10.0,,23,,1.8823,0.18769,,,1.6022,0,,0,1,1,53,53,0,53.0,86081.0
94.0,75,100,90,0.0,65.386,41.124,0.0001,100,1.1,0,0.0011101,13.421,13.707,82625,90678.0,6.5015,297.98,620.81,1.6799,10.0,,23,,1.8731,0.18776,,,1.6044,0,,0,1,1,53,53,0,53.0,87117.0
94.2,75,100,90,0.0,65.302,40.341,0.0001,100,1.1,0,0.0011089,13.398,13.75,82670,90734.0,6.5016,297.98,621.63,1.6822,10.0,,23,,1.8778,0.18772,,,1.6066,0,,0,1,1,53,53,0,53.0,87489.0
94.4,75,100,90,0.0,65.167,40.306,0.0001,100,1.1,0,0.0011242,13.362,13.793,82716,90790.0,6.5025,297.99,623.43,1.6846,10.0,,23,,1.8911,0.18761,,,1.6088,0,,0,1,1,53,53,0,53.0,87694.0
94.6,75,100,90,0.0,64.696,41.186,0.0001,100,1.1,0,0.0011056,13.37,13.836,82761,90845.0,6.5042,297.99,624.72,1.6869,10.0,,23,,1.8873,0.18763,,,1.6111,0,,0,1,1,53,53,0,53.0,86897.0
94.8,75,100,90,0.0,63.516,41.782,0.0001,100,1.1,0,0.0010995,13.374,13.878,82807,90901.0,6.5068,297.99,625.68,1.6892,10.0,,23,,1.8715,0.18775,,,1.6133,0,,0,1,1,53,53,0,53.0,86767.0
95.0,75,100,90,0.0,61.295,42.215,0.0001,100,1.1,0,0.0010984,13.357,13.921,82851,90956.0,6.5081,297.99,626.23,1.6915,10.0,,23,,1.8722,0.18774,,,1.6155,0,,0,1,1,53,53,0,53.0,87470.0
95.2,75,100,90,0.0,58.572,42.385,0.0001,100,1.1,0,0.0010605,13.41,13.963,82895,91010.0,6.5092,297.99,626.18,1.6938,10.0,,23,,1.8392,0.18799,,,1.6176,0,,0,1,1,53,53,0,53.0,88669.0
95.4,75,100,90,0.0,55.398,42.091,0.0001,100,1.1,0,0.0010594,13.392,14.004,82939,91064.0,6.5066,297.99,625.88,1.696,10.0,,23,,1.8408,0.18797,,,1.6198,0,,0,1,1,53,53,0,53.0,88368.0
95.6,75,100,90,0.0,53.305,41.592,0.0001,100,1.1,0,0.0010782,13.348,14.046,82982,91117.0,6.5017,298.0,628.0,1.6982,10.0,,23,,1.8518,0.18788,,,1.6219,0,,0,1,1,53,53,0,53.0,87902.0
95.8,75,100,90,0.0,53.163,43.178,0.0001,100,1.1,0,0.0010861,13.324,14.089,83025,91170.0,6.4974,298.0,629.63,1.7005,10.0,,23,,1.8547,0.18786,,,1.6241,0,,0,1,1,53,53,0,53.0,87939.0
96.0,75,100,90,0.0,54.707,44.496,0.0001,100,1.1,0,0.0010662,13.347,14.131,83069,91224.0,6.4951,298.0,630.01,1.7027,10.0,1090.1,23,1669.7,1.8412,0.18795,13.963,21.983,1.6263,0,35.745,0,1,1,53,53,0,53.0,89139.0
96.2,75,100,90,0.0,57.195,44.874,0.0001,100,1.1,0,0.0010785,13.341,14.173,83112,91278.0,6.4918,298.0,629.93,1.705,10.0,,23,,1.8343,0.188,,,1.6284,0,,0,1,1,53,53,0,53.0,88339.0
96.4,75,100,90,0.0,60.983,44.923,0.0001,100,1.1,0,0.0011087,13.293,14.216,83157,91332.0,6.4918,298.01,631.05,1.7073,10.0,,23,,1.8457,0.18791,,,1.6306,0,,0,1,1,53,53,0,53.0,88543.0
96.6,75,100,90,0.0,64.759,46.012,0.0001,100,1.1,0,0.0010636,13.359,14.257,83202,91388.0,6.4963,298.0,629.71,1.7095,10.0,,23,,1.8169,0.18813,,,1.6328,0,,0,1,1,53,53,0,53.0,90241.0
96.8,75,100,90,0.0,66.741,45.04,0.0001,100,1.1,0,0.0010831,13.317,14.3,83248,91444.0,6.5024,298.0,630.43,1.7118,10.0,,23,,1.8289,0.18803,,,1.635,0,,0,1,1,53,53,0,53.0,89942.0
97.0,75,100,90,0.0,66.306,45.784,0.0001,100,1.1,0,0.0011133,13.249,14.343,83294,91500.0,6.5079,298.01,632.95,1.7141,10.0,,23,,1.8513,0.18786,,,1.6372,0,,0,1,1,53,53,0,53.0,89981.0
97.2,75,100,90,0.0,63.665,48.128,0.0001,100,1.1,0,0.0010789,13.275,14.385,83339,91555.0,6.5122,298.01,634.24,1.7164,10.0,,23,,1.8458,0.18789,,,1.6394,0,,0,1,1,53,53,0,53.0,90350.0
97.4,75,100,90,0.0,59.325,49.61,0.0001,100,1.1,0,0.0011032,13.22,14.428,83383,91610.0,6.5127,298.02,636.85,1.7187,10.0,,23,,1.8606,0.18778,,,1.6416,0,,0,1,1,53,53,0,53.0,90388.0
97.6,75,100,90,0.0,54.776,52.38,0.0001,100,1.1,0,0.0011189,13.174,14.471,83427,91664.0,6.5089,298.03,640.23,1.721,10.0,,23,,1.877,0.18765,,,1.6438,0,,0,1,1,53,53,0,53.0,89927.0
97.8,75,100,90,0.0,51.766,56.034,0.0001,100,1.1,0,0.0010855,13.184,14.514,83469,91717.0,6.5027,298.03,641.31,1.7233,10.0,,23,,1.8786,0.18763,,,1.646,0,,0,1,1,53,53,0,53.0,89963.0
98.0,75,100,90,0.0,51.21,58.003,0.0001,100,1.1,0,0.0010737,13.178,14.556,83512,91770.0,6.4947,298.03,642.03,1.7256,10.0,,23,,1.8776,0.18763,,,1.6482,0,,0,1,1,53,53,0,53.0,91499.0
98.2,75,100,90,0.0,53.842,59.799,0.0001,100,1.1,0,0.0010581,13.188,14.598,83555,91823.0,6.4906,298.03,641.79,1.7278,10.0,,23,,1.8806,0.18761,,,1.6504,0,,0,1,1,53,53,0,53.0,91699.0
98.4,75,100,90,0.0,58.12,60.831,0.0001,100,1.1,0,0.0010227,13.237,14.639,83599,91877.0,6.4916,298.03,640.31,1.73,10.0,,23,,1.8606,0.18775,,,1.6525,0,,0,1,1,53,53,0,53.0,91395.0
98.6,75,100,90,0.0,61.991,60.788,0.0001,100,1.1,0,0.0010213,13.225,14.68,83644,91932.0,6.4976,298.02,638.44,1.7322,10.0,,23,,1.8709,0.18767,,,1.6545,0,,0,1,1,53,53,0,53.0,91756.0
98.8,75,100,90,0.0,63.461,60.29,0.0001,100,1.1,0,0.0010476,13.169,14.721,83689,91988.0,6.5013,298.02,637.1,1.7344,10.0,,23,,1.8857,0.18756,,,1.6567,0,,0,1,1,53,53,0,53.0,90953.0
99.0,75,100,90,0.0,63.479,60.078,0.0001,100,1.1,0,0.0010337,13.176,14.762,83734,92043.0,6.5046,298.01,634.63,1.7366,10.0,,23,,1.8847,0.18756,,,1.6588,0,,0,1,1,53,53,0,53.0,91982.0
99.2,75,100,90,0.0,62.167,58.761,0.0001,100,1.1,0,0.001012,13.2,14.803,83779,92098.0,6.5053,298.01,631.0,1.7388,10.0,,23,,1.8683,0.18768,,,1.6609,0,,0,1,1,53,53,0,53.0,92342.0
99.4,75,100,90,0.0,60.571,56.222,0.0001,100,1.1,0,0.0010075,13.192,14.844,83823,92153.0,6.5054,298.0,628.14,1.7409,10.0,,23,,1.8649,0.1877,,,1.6629,0,,0,1,1,53,53,0,53.0,91538.0
99.6,75,100,90,0.0,58.927,54.033,0.0001,100,1.1,0,0.0010108,13.165,14.885,83868,92207.0,6.5052,297.99,626.43,1.7431,10.0,,23,,1.8713,0.18765,,,1.665,0,,0,1,1,53,53,0,53.0,91568.0
99.8,75,100,90,0.0,57.362,52.55,0.0001,100,1.1,0,0.0010273,13.113,14.927,83911,92261.0,6.5013,297.99,626.25,1.7452,10.0,,23,,1.8917,0.18749,,,1.6671,0,,0,1,1,53,53,0,53.0,93100.0
100.0,75,100,90,0.0,57.355,52.214,0.0001,100,1.1,0,0.0010269,13.126,14.969,83955,92315.0,6.4966,297.99,625.16,1.7474,10.0,,23,,1.8728,0.18763,,,1.6692,0,,0,1,1,53,53,0,53.0,93133.0
100.2,75,100,90,0.0,59.219,51.049,0.0001,100,1.0,-4000,0.0010272,12.299,15.011,83296,91570.0,6.5216,297.99,624.59,1.7401,10.0,,23,,1.8419,0.18788,,,1.6621,0,,0,1,1,53,53,0,53.0,92831.0
100.4,75,100,90,0.0,51.019,50.241,0.0001,100,1.0,-4000,0.0010346,12.261,15.053,82636,90822.0,6.5383,297.99,625.14,1.7282,10.0,,23,,1.8351,0.18795,,,1.6507,0,,0,1,1,53,53,0,53.0,93532.0
100.6,75,100,90,0.0,36.227,50.352,0.0001,100,1.0,-4000,0.0010318,12.171,15.095,81972,90072.0,6.5419,298.0,626.92,1.7159,10.0,,23,,1.8712,0.1877,,,1.6389,0,,0,1,1,53,53,0,53.0,94399.0
100.8,75,100,90,0.0,20.014,51.58,0.0001,100,1.0,-4000,0.0010428,12.081,15.137,81305,89319.0,6.529,298.0,629.45,1.7036,10.0,,23,,1.8927,0.18756,,,1.6271,0,,0,1,1,53,53,0,53.0,93936.0
101.0,75,100,90,0.0,8.9766,53.626,0.0001,100,1.0,-4000,0.0010777,11.999,15.181,80637,88564.0,6.5044,298.01,632.55,1.6913,10.0,,23,,1.8914,0.18759,,,1.6153,0,,0,1,1,53,53,0,53.0,93144.0
101.2,75,100,90,0.0,7.7906,56.445,0.0001,100,1.0,-4000,0.0010981,11.953,15.226,79968,87808.0,6.4797,298.02,635.15,1.679,10.0,,23,,1.8824,0.18769,,,1.6035,0,,0,1,1,53,53,0,53.0,94357.0
101.4,75,100,90,0.0,16.449,59.116,0.0001,100,1.0,-4000,0.001086,11.979,15.269,79301,87054.0,6.4652,298.02,634.67,1.6667,10.0,,23,,1.8528,0.18794,,,1.5917,0,,0,1,1,53,53,0,53.0,94398.0
101.6,75,100,90,0.0,30.848,59.266,0.0001,100,1.0,-4000,0.0011222,11.965,15.313,78637,86303.0,6.4632,298.01,633.74,1.6544,10.0,,23,,1.8306,0.18813,,,1.5799,0,,0,1,1,53,53,0,53.0,94940.0
101.8,75,100,90,0.0,46.061,59.012,0.0001,100,1.0,-4000,0.0011373,11.969,15.356,77976,85555.0,6.4744,298.01,632.16,1.6421,10.0,,23,,1.812,0.18829,,,1.5681,0,,0,1,1,53,53,0,53.0,95314.0
102.0,75,100,90,0.0,56.79,58.069,0.0001,100,1.0,-4000,0.0011427,12.004,15.4,77317,84810.0,6.4951,298.0,629.24,1.6298,10.0,,23,,1.7704,0.18863,,,1.5563,0,,0,1,1,53,53,0,53.0,94854.0
102.2,75,100,90,0.0,59.245,55.711,0.0001,100,1.0,0,0.0011223,12.014,15.442,77362,84865.0,6.4914,298.0,627.25,1.6274,10.0,,23,,1.7664,0.18867,,,1.554,0,,0,1,1,53,53,0,53.0,94391.0
102.4,75,100,90,0.0,63.295,53.954,0.0001,100,1.0,0,0.001135,12.001,15.485,77407,84920.0,6.4917,297.99,624.68,1.6293,10.0,,23,,1.7637,0.18868,,,1.5558,0,,0,1,1,53,53,0,53.0,94760.0
102.6,75,100,90,0.0,67.112,51.428,0.0001,100,1.0,0,0.0011372,11.989,15.527,77454,84977.0,6.495,297.98,622.09,1.6315,10.0,,23,,1.7721,0.18862,,,1.5579,0,,0,1,1,53,53,0,53.0,94963.0
102.8,75,100,90,0.0,69.633,48.627,0.0001,100,1.0,0,0.0011424,11.979,15.57,77501,85034.0,6.4991,297.98,620.77,1.6337,10.0,,23,,1.772,0.18861,,,1.56,0,,0,1,1,53,53,0,53.0,95331.0
103.0,75,100,90,0.0,70.51,46.766,0.0001,100,1.0,0,0.0011234,11.991,15.611,77548,85091.0,6.5026,297.97,619.53,1.6359,10.0,,23,,1.7711,0.18861,,,1.5621,0,,0,1,1,53,53,0,53.0,96197.0
103.2,75,100,90,0.0,70.01,44.815,0.0001,100,1.0,0,0.0011053,12.003,15.653,77595,85148.0,6.5078,297.97,618.28,1.638,10.0,,23,,1.7617,0.18868,,,1.5642,0,,0,1,1,53,53,0,53.0,95561.0
103.4,75,100,90,0.0,67.424,42.722,0.0001,100,1.0,0,0.0011193,11.958,15.695,77641,85205.0,6.5107,297.97,618.64,1.6402,10.0,,23,,1.7723,0.1886,,,1.5663,0,,0,1,1,53,53,0,53.0,96761.0
103.6,75,100,90,0.0,63.657,42.01,0.0001,100,1.0,0,0.001125,11.928,15.737,77687,85260.0,6.5098,297.97,619.38,1.6424,10.0,,23,,1.7808,0.18853,,,1.5683,0,,0,1,1,53,53,0,53.0,96462.0
103.8,75,100,90,0.0,60.262,41.665,0.0001,100,1.0,0,0.0010785,11.973,15.778,77732,85315.0,6.5063,297.97,618.53,1.6445,10.0,,23,,1.7661,0.18864,,,1.5704,0,,0,1,1,53,53,0,53.0,97323.0
104.0,75,100,90,0.0,58.254,39.898,0.0001,100,1.0,0,0.0010463,11.997,15.818,77776,85370.0,6.5047,297.97,617.32,1.6466,10.0,,23,,1.7586,0.18869,,,1.5724,0,,0,1,1,53,53,0,53.0,95847.0
104.2,75,100,90,0.0,56.883,37.738,0.0001,100,1.0,0,0.0010162,12.029,15.857,77821,85424.0,6.503,297.96,615.17,1.6486,10.0,,23,,1.7422,0.18881,,,1.5743,0,,0,1,1,53,53,0,53.0,96869.0
104.4,75,100,90,0.0,56.2,34.594,0.0001,100,1.0,0,0.0010017,12.027,15.897,77865,85478.0,6.5005,297.96,613.31,1.6506,10.0,,23,,1.7486,0.18876,,,1.5762,0,,0,1,1,53,53,0,53.0,96557.0
104.6,75,100,90,0.0,56.527,31.519,0.0001,100,1.0,0,0.0010483,11.962,15.937,77909,85532.0,6.4983,297.96,613.63,1.6526,10.0,,23,,1.7568,0.18869,,,1.5782,0,,0,1,1,53,53,0,53.0,97250.0
104.8,75,100,90,0.0,57.732,30.276,0.0001,100,1.0,0,0.0010782,11.914,15.978,77954,85586.0,6.4969,297.96,615.57,1.6547,10.0,,23,,1.7729,0.18856,,,1.5801,0,,0,1,1,53,53,0,53.0,97612.0
105.0,75,100,90,0.0,59.488,30.531,0.0001,100,1.0,0,0.0010482,11.942,16.019,77998,85641.0,6.4998,297.97,616.28,1.6567,10.0,,23,,1.7694,0.18859,,,1.5821,0,,0,1,1,53,53,0,53.0,98804.0
105.2,75,100,90,0.0,60.057,29.804,0.0001,100,1.0,0,0.0010275,11.959,16.058,78043,85696.0,6.5033,297.97,616.96,1.6588,10.0,,23,,1.7644,0.18862,,,1.584,0,,0,1,1,53,53,0,53.0,97326.0
105.4,75,100,90,0.0,59.243,29.152,0.0001,100,1.0,0,0.00104,11.913,16.098,78088,85750.0,6.5055,297.97,618.43,1.6608,10.0,,23,,1.7856,0.18846,,,1.586,0,,0,1,1,53,53,0,53.0,97516.0
105.6,75,100,90,0.0,57.574,29.294,0.0001,100,1.0,0,0.0010289,11.916,16.138,78132,85805.0,6.5067,297.97,618.76,1.6628,10.0,,23,,1.7891,0.18843,,,1.5879,0,,0,1,1,53,53,0,53.0,98206.0
105.8,75,100,90,0.0,55.418,28.512,0.0001,100,1.0,0,0.0010381,11.882,16.178,78176,85858.0,6.5055,297.98,619.76,1.6648,10.0,,23,,1.7939,0.18839,,,1.5898,0,,0,1,1,53,53,0,53.0,98064.0
106.0,75,100,90,0.0,53.735,28.406,0.0001,100,1.0,0,0.0010091,11.891,16.218,78220,85912.0,6.5034,297.98,620.4,1.6668,10.0,,23,,1.7968,0.18836,,,1.5917,0,,0,1,1,53,53,0,53.0,98254.0
106.2,75,100,90,0.0,52.892,28.056,0.0001,100,1.0,0,0.0010062,11.881,16.258,78264,85965.0,6.4999,297.98,621.77,1.6687,10.0,,23,,1.7927,0.18839,,,1.5936,0,,0,1,1,53,53,0,53.0,98611.0
106.4,75,100,90,0.0,53.469,28.453,0.0001,100,1.0,0,0.00099211,11.886,16.298,78307,86019.0,6.4988,297.98,622.45,1.6707,10.0,,23,,1.797,0.18835,,,1.5955,0,,0,1,1,53,53,0,53.0,98799.0
106.6,75,100,90,0.0,54.477,28.338,0.0001,100,1.0,0,0.0010109,11.845,16.338,78351,86072.0,6.4996,297.98,622.99,1.6727,10.0,,23,,1.8129,0.18823,,,1.5974,0,,0,1,1,53,53,0,53.0,98990.0
106.8,75,100,90,0.0,55.141,28.168,0.0001,100,1.0,0,0.0010241,11.812,16.378,78395,86126.0,6.5006,297.99,623.99,1.6746,10.0,,23,,1.8277,0.18811,,,1.5993,0,,0,1,1,53,53,0,53.0,98849.0
107.0,75,100,90,0.0,55.401,28.487,0.0001,100,1.0,0,0.0010269,11.808,16.418,78439,86180.0,6.5032,297.99,624.72,1.6766,10.0,,23,,1.8245,0.18813,,,1.6012,0,,0,1,1,53,53,0,53.0,99540.0
107.2,75,100,90,0.0,54.638,28.644,0.0001,100,1.0,0,0.0010307,11.785,16.459,78483,86234.0,6.5041,297.99,625.9,1.6786,10.0,,23,,1.8261,0.18812,,,1.6031,0,,0,1,1,53,53,0,53.0,99566.0
107.4,75,100,90,0.0,53.539,29.292,0.0001,100,1.0,0,0.0010155,11.788,16.499,78526,86287.0,6.5068,297.99,626.33,1.6806,10.0,,23,,1.8263,0.18811,,,1.605,0,,0,1,1,53,53,0,53.0,100260.0
107.6,75,100,90,0.0,51.351,29.359,0.0001,100,1.0,0,0.00099266,11.814,16.538,78569,86340.0,6.5075,297.99,625.37,1.6826,10.0,,23,,1.8102,0.18823,,,1.6069,0,,0,1,1,53,53,0,53.0,100110.0
107.8,75,100,90,0.0,48.885,28.204,0.0001,100,1.0,0,0.00098713,11.797,16.577,78612,86393.0,6.5062,297.99,624.69,1.6845,10.0,,23,,1.8192,0.18816,,,1.6087,0,,0,1,1,53,53,0,53.0,101460.0
108.0,75,100,90,0.0,46.937,27.235,0.0001,100,1.0,0,0.00099191,11.787,16.616,78654,86445.0,6.5027,297.99,624.17,1.6864,10.0,1066.7,23,1667.3,1.8127,0.1882,16.459,23.098,1.6106,0,44.636,0,1,1,53,53,0,53.0,100980.0
108.2,75,100,90,0.0,46.375,26.341,0.0001,100,1.0,0,0.00099026,11.78,16.655,78696,86497.0,6.4999,297.99,624.3,1.6883,10.0,,23,,1.8122,0.1882,,,1.6124,0,,0,1,1,53,53,0,53.0,100330.0
108.4,75,100,90,0.0,46.948,25.993,0.0001,100,1.0,0,0.00098174,11.801,16.693,78738,86549.0,6.4982,297.99,623.5,1.6903,10.0,,23,,1.7975,0.18831,,,1.6143,0,,0,1,1,53,53,0,53.0,101010.0
108.6,75,100,90,0.0,48.169,24.783,0.0001,100,1.0,0,0.00095074,11.826,16.731,78781,86601.0,6.4972,297.98,621.27,1.6921,10.0,,23,,1.7926,0.18834,,,1.6161,0,,0,1,1,53,53,0,53.0,101530.0
108.8,75,100,90,0.0,49.811,22.201,0.0001,100,1.0,0,0.00098326,11.745,16.769,78824,86654.0,6.4949,297.98,620.95,1.694,10.0,,23,,1.833,0.18803,,,1.6179,0,,0,1,1,53,53,0,53.0,100880.0
109.0,75,100,90,0.0,52.363,21.186,0.0001,100,1.0,0,0.0009638,11.767,16.808,78867,86707.0,6.4956,297.98,619.96,1.6959,10.0,,23,,1.8336,0.18802,,,1.6197,0,,0,1,1,53,53,0,53.0,101220.0
109.2,75,100,90,0.0,54.621,19.482,0.0001,100,1.0,0,0.00096356,11.77,16.846,78911,86760.0,6.4968,297.98,619.61,1.6978,10.0,,23,,1.8293,0.18805,,,1.6215,0,,0,1,1,53,53,0,53.0,100910.0
109.4,75,100,90,0.0,56.435,18.284,0.0001,100,1.0,0,0.00096724,11.765,16.884,78955,86814.0,6.499,297.98,619.64,1.6996,10.0,,23,,1.8249,0.18808,,,1.6233,0,,0,1,1,53,53,0,53.0,101750.0
109.6,75,100,90,0.0,57.344,17.379,0.0001,100,1.0,0,0.00095107,11.783,16.922,78999,86868.0,6.5015,297.97,619.5,1.7015,10.0,,23,,1.8138,0.18817,,,1.625,0,,0,1,1,53,53,0,53.0,102100.0
109.8,75,100,90,0.0,57.271,16.318,0.0001,100,1.0,0,0.0009522,11.776,16.96,79043,86922.0,6.503,297.98,619.92,1.7033,10.0,,23,,1.8019,0.18825,,,1.6268,0,,0,1,1,53,53,0,53.0,102780.0
110.0,75,100,90,0.0,56.59,15.764,0.0001,100,1.0,0,0.00095774,11.739,16.998,79088,86976.0,6.5036,297.98,620.64,1.7052,10.0,,23,,1.8206,0.18811,,,1.6286,0,,0,1,1,53,53,0,53.0,101960.0
110.2,75,100,90,0.0,55.673,15.505,0.0001,100,1.0,0,0.00093592,11.782,17.036,79132,87030.0,6.5049,297.98,620.76,1.707,10.0,,23,,1.7948,0.1883,,,1.6303,0,,0,1,1,53,53,0,53.0,102480.0
110.4,75,100,90,0.0,54.214,14.773,0.0001,100,1.0,0,0.00094952,11.746,17.074,79175,87084.0,6.5043,297.98,621.55,1.7088,10.0,,23,,1.7952,0.18829,,,1.6321,0,,0,1,1,53,53,0,53.0,102490.0
110.6,75,100,90,0.0,53.013,14.665,0.0001,100,1.0,0,0.00097226,11.703,17.113,79219,87137.0,6.5024,297.98,623.25,1.7107,10.0,,23,,1.8013,0.18824,,,1.6339,0,,0,1,1,53,53,0,53.0,103840.0
110.8,75,100,90,0.0,52.568,15.469,0.0001,100,1.0,0,0.0010019,11.641,17.152,79262,87190.0,6.5011,297.99,625.87,1.7126,10.0,,23,,1.8194,0.1881,,,1.6357,0,,0,1,1,53,53,0,53.0,103360.0
111.0,75,100,90,0.0,52.635,17.247,0.0001,100,1.0,0,0.0010083,11.629,17.191,79305,87244.0,6.4988,298.0,627.95,1.7146,10.0,,23,,1.8204,0.18809,,,1.6376,0,,0,1,1,53,53,0,53.0,103720.0
111.2,75,100,90,0.0,53.62,18.781,0.0001,100,1.0,0,0.00097018,11.669,17.229,79349,87297.0,6.4974,298.0,628.37,1.7165,10.0,,23,,1.8095,0.18817,,,1.6394,0,,0,1,1,53,53,0,53.0,103560.0
111.4,75,100,90,0.0,55.175,19.014,0.0001,100,1.0,0,0.00094608,11.7,17.267,79393,87351.0,6.4963,298.0,627.68,1.7183,10.0,,23,,1.7967,0.18826,,,1.6412,0,,0,1,1,53,53,0,53.0,103240.0
111.6,75,100,90,0.0,57.169,18.317,0.0001,100,1.0,0,0.0009299,11.743,17.304,79437,87405.0,6.4976,297.99,626.46,1.7202,10.0,,23,,1.7682,0.18848,,,1.643,0,,0,1,1,53,53,0,53.0,103250.0
111.8,75,100,90,0.0,58.646,17.088,0.0001,100,1.0,0,0.00091525,11.768,17.341,79481,87459.0,6.4989,297.99,624.87,1.7219,10.0,,23,,1.7554,0.18857,,,1.6447,0,,0,1,1,53,53,0,53.0,104090.0
112.0,75,100,90,0.0,59.596,15.41,0.0001,100,1.0,0,0.0009161,11.753,17.378,79526,87514.0,6.4995,297.99,624.07,1.7237,10.0,,23,,1.7621,0.18851,,,1.6464,0,,0,1,1,53,53,0,53.0,104600.0
112.2,75,100,90,0.0,60.316,14.301,0.0001,100,1.0,0,0.00088412,11.801,17.414,79571,87568.0,6.4997,297.98,622.01,1.7255,10.0,,23,,1.7419,0.18866,,,1.6481,0,,0,1,1,53,53,0,53.0,103770.0
112.4,75,100,90,0.0,60.939,11.954,0.0001,100,1.0,0,0.00086707,11.815,17.45,79616,87623.0,6.5,297.98,620.04,1.7271,10.0,,23,,1.7328,0.18873,,,1.6497,0,,0,1,1,53,53,0,53.0,104940.0
112.6,75,100,90,0.0,61.452,9.507,0.0001,100,1.0,0,0.00086225,11.82,17.486,79661,87678.0,6.4963,297.97,618.41,1.7288,10.0,,23,,1.7263,0.18878,,,1.6513,0,,0,1,1,53,53,0,53.0,104280.0
112.8,75,100,90,0.0,63.46,7.179,0.0001,100,1.0,0,0.00088366,11.78,17.522,79706,87733.0,6.4929,297.97,617.82,1.7305,10.0,,23,,1.743,0.18865,,,1.6529,0,,0,1,1,53,53,0,53.0,104950.0
113.0,75,100,90,0.0,66.802,5.6203,0.0001,100,1.0,0,0.00088415,11.789,17.558,79752,87789.0,6.4916,297.97,617.28,1.7322,10.0,,23,,1.7391,0.18867,,,1.6545,0,,0,1,1,53,53,0,53.0,104620.0
113.2,75,100,90,0.0,70.682,4.0312,0.0001,100,1.0,0,0.000905,11.769,17.594,79799,87845.0,6.4934,297.97,617.69,1.7339,10.0,,23,,1.7349,0.1887,,,1.6562,0,,0,1,1,53,53,0,53.0,105130.0
113.4,75,100,90,0.0,73.819,3.2559,0.0001,100,1.0,0,0.00088707,11.789,17.63,79847,87903.0,6.498,297.97,617.47,1.7356,10.0,,23,,1.7312,0.18873,,,1.6578,0,,0,1,1,53,53,0,53.0,105630.0
113.6,75,100,90,0.0,75.136,1.9299,0.0001,100,1.0,0,0.00089166,11.775,17.666,79895,87960.0,6.5028,297.97,617.44,1.7373,10.0,,23,,1.7404,0.18865,,,1.6595,0,,0,1,1,53,53,0,53.0,104970.0
113.8,75,100,90,0.0,74.52,0.7606,0.0001,100,1.0,0,0.00091861,11.707,17.702,79942,88018.0,6.5074,297.97,619.01,1.7391,10.0,,23,,1.7669,0.18845,,,1.6612,0,,0,1,1,53,53,0,53.0,106810.0
114.0,75,100,90,0.0,72.063,1.0396,0.0001,100,1.0,0,0.00092735,11.684,17.74,79989,88075.0,6.5113,297.98,621.04,1.7408,10.0,,23,,1.7692,0.18843,,,1.6628,0,,0,1,1,53,53,0,53.0,106820.0
114.2,75,100,90,0.0,68.069,1.8521,0.0001,100,1.0,0,0.00094505,11.638,17.778,80036,88131.0,6.5121,297.99,623.61,1.7426,10.0,,23,,1.7851,0.1883,,,1.6645,0,,0,1,1,53,53,0,53.0,105170.0
114.4,75,100,90,0.0,63.756,3.3387,0.0001,100,1.0,0,0.00096476,11.6,17.817,80081,88187.0,6.5108,297.99,626.84,1.7444,10.0,,23,,1.7847,0.1883,,,1.6663,0,,0,1,1,53,53,0,53.0,106520.0
114.6,75,100,90,0.0,59.952,5.6735,0.0001,100,1.0,0,0.00097878,11.55,17.856,80126,88242.0,6.5074,298.0,630.23,1.7462,10.0,,23,,1.8044,0.18815,,,1.668,0,,0,1,1,53,53,0,53.0,106870.0
114.8,75,100,90,0.0,57.537,8.4435,0.0001,100,1.0,0,0.00097276,11.547,17.895,80170,88296.0,6.5047,298.01,632.76,1.748,10.0,,23,,1.7999,0.18818,,,1.6698,0,,0,1,1,53,53,0,53.0,107720.0
115.0,75,100,90,0.0,56.164,10.774,0.0001,100,1.0,0,0.00098887,11.507,17.935,80214,88350.0,6.5024,298.02,635.38,1.7499,10.0,,23,,1.8099,0.1881,,,1.6715,0,,0,1,1,53,53,0,53.0,106580.0
115.2,75,100,90,0.0,55.739,13.438,0.0001,100,1.0,0,0.00099948,11.462,17.975,80258,88404.0,6.4999,298.02,637.62,1.7517,10.0,,23,,1.8309,0.18794,,,1.6733,0,,0,1,1,53,53,0,53.0,107600.0
115.4,75,100,90,0.0,56.28,16.026,0.0001,100,1.0,0,0.00099772,11.469,18.015,80302,88459.0,6.4982,298.03,638.91,1.7536,10.0,,23,,1.8184,0.18803,,,1.6751,0,,0,1,1,53,53,0,53.0,107800.0
115.6,75,100,90,0.0,57.526,17.973,0.0001,100,1.0,0,0.0010059,11.455,18.056,80346,88513.0,6.4969,298.03,639.81,1.7555,10.0,,23,,1.8151,0.18805,,,1.6769,0,,0,1,1,53,53,0,53.0,107160.0
115.8,75,100,90,0.0,59.302,19.722,0.0001,100,1.0,0,0.00098212,11.499,18.095,80390,88568.0,6.4964,298.03,639.11,1.7573,10.0,,23,,1.7936,0.18821,,,1.6787,0,,0,1,1,53,53,0,53.0,107180.0
116.0,75,100,90,0.0,61.256,20.119,0.0001,100,1.0,0,0.00097839,11.512,18.135,80435,88623.0,6.4969,298.02,637.47,1.7591,10.0,,23,,1.783,0.18829,,,1.6804,0,,0,1,1,53,53,0,53.0,107700.0
116.2,75,100,90,0.0,63.0,19.642,0.0001,100,1.0,0,0.00098039,11.484,18.174,80481,88679.0,6.498,298.02,635.93,1.7609,10.0,,23,,1.7982,0.18817,,,1.6822,0,,0,1,1,53,53,0,53.0,108390.0
116.4,75,100,90,0.0,64.307,19.109,0.0001,100,1.0,0,0.00096104,11.512,18.213,80526,88735.0,6.501,298.01,633.89,1.7627,10.0,,23,,1.7881,0.18824,,,1.6839,0,,0,1,1,53,53,0,53.0,108740.0
116.6,75,100,90,0.0,64.406,17.984,0.0001,100,1.0,0,0.00095631,11.52,18.252,80572,88790.0,6.5046,298.01,632.13,1.7645,10.0,,23,,1.7757,0.18833,,,1.6856,0,,0,1,1,53,53,0,53.0,108920.0
116.8,75,100,90,0.0,63.091,16.909,0.0001,100,1.0,0,0.00094741,11.539,18.29,80617,88846.0,6.5045,298.0,630.36,1.7663,10.0,,23,,1.7552,0.18849,,,1.6873,0,,0,1,1,53,53,0,53.0,108610.0
117.0,75,100,90,0.0,61.815,15.659,0.0001,100,1.0,0,0.00094057,11.523,18.329,80662,88901.0,6.5019,298.0,628.82,1.7681,10.0,,23,,1.7649,0.18841,,,1.689,0,,0,1,1,53,53,0,53.0,109120.0
117.2,75,100,90,0.0,61.571,14.435,0.0001,100,1.0,0,0.0009483,11.492,18.367,80707,88956.0,6.4977,298.0,628.05,1.7698,10.0,,23,,1.7799,0.18829,,,1.6907,0,,0,1,1,53,53,0,53.0,109970.0
117.4,75,100,90,0.0,63.017,13.757,0.0001,100,1.0,0,0.00094237,11.501,18.406,80752,89012.0,6.4954,298.0,627.28,1.7716,10.0,,23,,1.7669,0.18839,,,1.6924,0,,0,1,1,53,53,0,53.0,108660.0
117.6,75,100,90,0.0,65.36,12.979,0.0001,100,1.0,0,0.00096957,11.461,18.445,80798,89068.0,6.4929,298.0,627.39,1.7734,10.0,,23,,1.7693,0.18836,,,1.6941,0,,0,1,1,53,53,0,53.0,110340.0
117.8,75,100,90,0.0,68.712,12.923,0.0001,100,1.0,0,0.00094152,11.498,18.483,80844,89124.0,6.4915,297.99,626.02,1.7751,10.0,,23,,1.7656,0.18839,,,1.6958,0,,0,1,1,53,53,0,53.0,109020.0
118.0,75,100,90,0.0,72.626,11.534,0.0001,100,1.0,0,0.00091581,11.545,18.52,80892,89182.0,6.495,297.99,623.83,1.7769,10.0,,23,,1.7514,0.18849,,,1.6975,0,,0,1,1,53,53,0,53.0,109360.0
118.2,75,100,90,0.0,75.113,9.3075,0.0001,100,1.0,0,0.00092213,11.534,18.557,80939,89240.0,6.4998,297.98,622.23,1.7786,10.0,,23,,1.7532,0.18848,,,1.6991,0,,0,1,1,53,53,0,53.0,110870.0
118.4,75,100,90,0.0,75.713,7.4177,0.0001,100,1.0,0,0.0009246,11.532,18.594,80987,89298.0,6.5052,297.98,621.13,1.7803,10.0,,23,,1.7479,0.18851,,,1.7008,0,,0,1,1,53,53,0,53.0,110880.0
118.6,75,100,90,0.0,74.146,5.7957,0.0001,100,1.0,0,0.00090387,11.553,18.631,81034,89355.0,6.5108,297.98,619.77,1.782,10.0,,23,,1.7367,0.1886,,,1.7024,0,,0,1,1,53,53,0,53.0,109390.0
118.8,75,100,90,0.0,70.363,3.8345,0.0001,100,1.0,0,0.0008799,11.572,18.667,81081,89412.0,6.5144,297.97,618.58,1.7837,10.0,,23,,1.7251,0.18868,,,1.704,0,,0,1,1,53,53,0,53.0,111060.0
119.0,75,100,90,0.0,65.142,1.8991,0.0001,100,1.0,0,0.00086821,11.557,18.703,81127,89468.0,6.5128,297.97,618.11,1.7853,10.0,,23,,1.7277,0.18866,,,1.7055,0,,0,1,1,53,53,0,53.0,110900.0
119.2,75,100,90,0.0,60.559,0.48795,0.0001,100,1.0,0,0.00087108,11.529,18.739,81172,89522.0,6.505,297.97,618.62,1.7869,10.0,,23,,1.7328,0.18861,,,1.7071,0,,0,1,1,53,53,0,53.0,110070.0
119.4,75,100,90,0.0,59.09,0.0001,0.0001,100,1.0,0,0.00084556,11.563,18.775,81216,89577.0,6.4967,297.97,618.33,1.7885,10.0,,23,,1.7173,0.18873,,,1.7086,0,,0,1,1,53,53,0,53.0,110580.0
119.6,75,100,90,0.0,60.915,0.0001,0.0001,100,1.0,0,0.00085388,11.53,18.811,81261,89632.0,6.4905,297.97,618.28,1.7901,10.0,,23,,1.734,0.1886,,,1.7102,0,,0,1,1,53,53,0,53.0,110420.0
119.8,75,100,90,0.0,65.217,0.0001,0.0001,100,1.0,0,0.00085514,11.549,18.847,81306,89687.0,6.4865,297.97,617.55,1.7917,10.0,,23,,1.728,0.18864,,,1.7117,0,,0,1,1,53,53,0,53.0,111250.0
120.0,75,100,90,0.0,71.128,0.0001,0.0001,100,1.0,0,0.00084576,11.593,18.881,81353,89744.0,6.4881,297.97,615.71,1.7933,10.0,1064.8,23,1683.7,1.7055,0.18881,18.739,23.924,1.7132,0,53.363,0,1,1,53,53,0,53.0,111410.0
120.2,75,100,90,0.0,76.389,0.0001,0.0001,100,1.0,0,0.0008424,11.609,18.916,81401,89802.0,6.4909,297.96,613.38,1.7948,10.0,,23,,1.6936,0.1889,,,1.7147,0,,0,1,1,53,53,0,53.0,112580.0
120.4,75,100,90,0.0,80.559,0.0001,0.0001,100,1.0,0,0.00084777,11.602,18.951,81450,89861.0,6.4968,297.95,610.9,1.7964,10.0,,23,,1.6958,0.18888,,,1.7162,0,,0,1,1,53,53,0,53.0,112740.0
120.6,75,100,90,0.0,82.344,0.0001,0.0001,100,1.0,0,0.00083708,11.607,18.985,81499,89920.0,6.5049,297.95,607.96,1.7979,10.0,,23,,1.6966,0.18887,,,1.7177,0,,0,1,1,53,53,0,53.0,111910.0
120.8,75,100,90,0.0,80.906,0.0001,11.553,100,1.0,0,0.00082337,11.615,19.02,81548,89978.0,6.5109,297.96,615.05,1.7995,10.0,,23,,1.6935,0.18889,,,1.7192,0,,0,1,1,53,53,0,53.0,112410.0
121.0,75,100,90,0.0,77.073,4.2941,1.1553,100,1.0,0,0.00083467,11.546,19.055,81596,90036.0,6.5156,297.96,611.9,1.801,10.0,,23,,1.734,0.18858,,,1.7206,0,,0,1,1,53,53,0,53.0,111740.0
121.2,75,100,90,0.0,71.348,0.0084983,0.11553,100,1.0,0,0.00083756,11.509,19.091,81643,90093.0,6.515,297.95,610.01,1.8025,10.0,,23,,1.7479,0.18847,,,1.7221,0,,0,1,1,53,53,0,53.0,111570.0
121.4,75,100,90,0.0,65.874,0.0001,0.011553,100,1.0,0,0.00084765,11.465,19.126,81688,90149.0,6.51,297.95,608.91,1.8041,10.0,,23,,1.7636,0.18835,,,1.7236,0,,0,1,1,53,53,0,53.0,112740.0
121.6,75,100,90,0.0,62.392,0.0001,10.039,100,1.0,0,0.00085529,11.426,19.162,81733,90204.0,6.5043,297.97,617.47,1.8056,10.0,,23,,1.7802,0.18822,,,1.7251,0,,0,1,1,53,53,0,53.0,111750.0
121.8,75,100,90,0.0,61.189,5.637,1.0039,100,1.0,0,0.00083576,11.459,19.198,81778,90259.0,6.4979,297.96,614.82,1.8072,10.0,,23,,1.766,0.18832,,,1.7266,0,,0,1,1,53,53,0,53.0,113580.0
122.0,75,100,90,0.0,62.564,2.0016,0.10039,100,1.0,0,0.0008315,11.453,19.233,81823,90314.0,6.4937,297.96,612.4,1.8087,10.0,,23,,1.7697,0.18829,,,1.728,0,,0,1,1,53,53,0,53.0,113080.0
122.2,75,100,90,0.0,65.591,0.0001,0.010039,100,1.0,0,0.00083812,11.429,19.268,81869,90370.0,6.4902,297.95,610.84,1.8102,10.0,,23,,1.784,0.18818,,,1.7295,0,,0,1,1,53,53,0,53.0,113250.0
122.4,75,100,90,0.0,70.042,0.0001,0.0010039,100,1.0,0,0.00085632,11.416,19.304,81916,90427.0,6.4901,297.95,609.42,1.8118,10.0,,23,,1.7858,0.18817,,,1.731,0,,0,1,1,53,53,0,53.0,112920.0
122.6,75,100,90,0.0,74.514,0.0001,10.213,100,1.0,0,0.00085753,11.412,19.339,81963,90484.0,6.492,297.97,616.96,1.8133,10.0,,23,,1.7908,0.18813,,,1.7325,0,,0,1,1,53,53,0,53.0,113750.0
122.8,75,100,90,0.0,78.213,4.771,1.0213,100,1.0,0,0.00086674,11.386,19.375,82011,90543.0,6.495,297.96,614.57,1.8149,10.0,,23,,1.8072,0.188,,,1.734,0,,0,1,1,53,53,0,53.0,113590.0
123.0,75,100,90,0.0,80.728,1.3396,0.10213,100,1.0,0,0.00088189,11.378,19.411,82060,90602.0,6.5001,297.96,612.77,1.8165,10.0,,23,,1.8029,0.18803,,,1.7355,0,,0,1,1,53,53,0,53.0,113090.0
123.2,75,100,90,0.0,81.182,0.0001,0.010213,100,1.0,0,0.00090156,11.353,19.447,82109,90661.0,6.5035,297.96,611.97,1.8181,10.0,,23,,1.8012,0.18804,,,1.7371,0,,0,1,1,53,53,0,53.0,113600.0
123.4,75,100,90,0.0,80.32,0.0001,0.0010213,100,1.0,0,0.00087694,11.387,19.482,82157,90720.0,6.5058,297.95,610.33,1.8197,10.0,,23,,1.7842,0.18816,,,1.7386,0,,0,1,1,53,53,0,53.0,114930.0
123.6,75,100,90,0.0,78.507,0.0001,0.00010213,100,1.0,0,0.00087296,11.382,19.518,82206,90779.0,6.5064,297.95,608.64,1.8213,10.0,,23,,1.781,0.18818,,,1.7401,0,,0,1,1,53,53,0,53.0,114940.0
123.8,75,100,90,0.0,76.461,0.0001,10.769,100,1.0,0,0.00086561,11.382,19.554,82253,90837.0,6.5034,297.97,616.57,1.8229,10.0,,23,,1.7763,0.18822,,,1.7416,0,,0,1,1,53,53,0,53.0,115270.0
124.0,75,100,90,0.0,75.623,5.013,1.0769,100,1.0,0,0.00088062,11.349,19.59,82301,90895.0,6.5017,297.96,614.56,1.8245,10.0,,23,,1.785,0.18815,,,1.7432,0,,0,1,1,53,53,0,53.0,115110.0
124.2,75,100,90,0.0,75.476,1.8882,0.10769,100,1.0,0,0.00090421,11.31,19.627,82349,90953.0,6.4981,297.96,613.46,1.8261,10.0,,23,,1.796,0.18806,,,1.7447,0,,0,1,1,53,53,0,53.0,115450.0
124.4,75,100,90,0.0,76.763,0.0001,0.010769,100,1.0,0,0.0009001,11.322,19.663,82397,91011.0,6.497,297.96,612.57,1.8277,10.0,,23,,1.787,0.18813,,,1.7462,0,,0,1,1,53,53,0,53.0,115120.0
124.6,75,100,90,0.0,78.468,0.0001,0.0010769,100,1.0,0,0.00089577,11.335,19.699,82445,91070.0,6.5003,297.95,611.31,1.8293,10.0,,23,,1.7761,0.18821,,,1.7478,0,,0,1,1,53,53,0,53.0,116130.0
124.8,75,100,90,0.0,78.855,0.0001,0.00010769,100,1.0,0,0.00089624,11.316,19.735,82493,91128.0,6.505,297.95,609.88,1.8308,10.0,,23,,1.7919,0.18808,,,1.7493,0,,0,1,1,53,53,0,53.0,115800.0
125.0,75,100,90,0.0,77.369,0.0001,0.0001,100,1.0,0,0.00091779,11.255,19.771,82541,91187.0,6.5081,297.95,609.37,1.8324,10.0,,23,,1.8219,0.18785,,,1.7508,0,,0,1,1,53,53,0,53.0,115300.0
125.2,75,100,90,0.0,74.673,0.0001,9.6243,100,1.0,0,0.0009266,11.217,19.808,82589,91245.0,6.5076,297.97,618.03,1.8341,10.0,,23,,1.8423,0.1877,,,1.7524,0,,0,1,1,53,53,0,53.0,115310.0
125.4,75,100,90,0.0,72.147,5.6797,0.96243,100,1.0,0,0.00087048,11.294,19.844,82635,91302.0,6.5066,297.96,615.05,1.8356,10.0,,23,,1.8191,0.18787,,,1.7539,0,,0,1,1,53,53,0,53.0,116150.0
125.6,75,100,90,0.0,70.034,1.8264,0.096243,100,1.0,0,0.00085236,11.308,19.879,82682,91359.0,6.5075,297.96,611.7,1.8371,10.0,,23,,1.8168,0.18788,,,1.7553,0,,0,1,1,53,53,0,53.0,115480.0
125.8,75,100,90,0.0,67.547,0.0001,0.0096243,100,1.0,0,0.00085175,11.285,19.914,82728,91415.0,6.5067,297.95,609.07,1.8386,10.0,,23,,1.8253,0.18782,,,1.7568,0,,0,1,1,53,53,0,53.0,116150.0
126.0,75,100,90,0.0,65.38,0.0001,10.166,100,1.0,0,0.0008289,11.3,19.949,82774,91471.0,6.5047,297.96,615.02,1.8401,10.0,,23,,1.8224,0.18783,,,1.7581,0,,0,1,1,53,53,0,53.0,115810.0
126.2,75,100,90,0.0,64.025,3.3083,1.0166,100,1.0,0,0.00083444,11.284,19.984,82819,91526.0,6.5035,297.96,612.04,1.8415,10.0,,23,,1.8219,0.18784,,,1.7595,0,,0,1,1,53,53,0,53.0,116650.0
126.4,75,100,90,0.0,63.148,0.0001,0.10166,100,1.0,0,0.00082415,11.312,20.019,82864,91582.0,6.5033,297.95,608.63,1.8429,10.0,,23,,1.7986,0.18801,,,1.7609,0,,0,1,1,53,53,0,53.0,117480.0
126.6,75,100,90,0.0,62.342,0.0001,11.201,100,1.0,0,0.00081082,11.327,20.054,82909,91637.0,6.5025,297.96,614.78,1.8443,10.0,,23,,1.79,0.18807,,,1.7622,0,,0,1,1,53,53,0,53.0,116810.0
126.8,75,100,90,0.0,61.862,3.4444,1.1201,100,1.0,0,0.00080413,11.314,20.088,82954,91692.0,6.5011,297.95,610.69,1.8457,10.0,,23,,1.8019,0.18798,,,1.7636,0,,0,1,1,53,53,0,53.0,117470.0
127.0,75,100,90,0.0,61.944,0.0001,0.11201,100,1.0,0,0.00078875,11.337,20.122,82999,91747.0,6.5008,297.94,606.02,1.8471,10.0,,23,,1.7862,0.1881,,,1.7649,0,,0,1,1,53,53,0,53.0,116970.0
127.2,75,100,90,0.0,62.136,0.0001,12.762,100,1.0,0,0.00079,11.32,20.156,83043,91802.0,6.499,297.96,612.91,1.8484,10.0,,23,,1.7945,0.18803,,,1.7662,0,,0,1,1,53,53,0,53.0,116960.0
127.4,75,100,90,0.0,63.054,3.8507,1.2762,100,1.0,0,0.00075811,11.361,20.189,83089,91857.0,6.4976,297.94,607.05,1.8497,10.0,,23,,1.789,0.18807,,,1.7674,0,,0,1,1,53,53,0,53.0,118290.0
127.6,75,100,90,0.0,64.539,1.1552,23.911,100,1.0,0,0.00078022,11.325,20.223,83134,91912.0,6.4967,297.98,622.83,1.851,10.0,,23,,1.8013,0.18797,,,1.7687,0,,0,1,1,53,53,0,53.0,118610.0
127.8,75,100,90,0.0,66.379,12.846,2.3911,100,1.0,0,0.0007967,11.308,20.256,83180,91968.0,6.4966,297.97,616.74,1.8524,10.0,,23,,1.7986,0.18799,,,1.77,0,,0,1,1,53,53,0,53.0,118270.0
128.0,75,100,90,0.0,68.256,6.6298,0.23911,100,1.0,0,0.00080148,11.304,20.29,83226,92024.0,6.4979,297.95,609.87,1.8537,10.0,,23,,1.8013,0.18797,,,1.7713,0,,0,1,1,53,53,0,53.0,117760.0
128.2,75,100,90,0.0,69.604,0.0001,0.023911,100,1.0,0,0.00077548,11.356,20.323,83272,92081.0,6.4993,297.93,603.2,1.8551,10.0,,23,,1.7833,0.1881,,,1.7726,0,,0,1,1,53,53,0,53.0,119250.0
128.4,75,100,90,0.0,70.414,0.0001,13.935,100,1.0,0,0.00076616,11.373,20.355,83319,92137.0,6.5021,297.95,608.54,1.8563,10.0,,23,,1.7746,0.18817,,,1.7738,0,,0,1,1,53,53,0,53.0,118400.0
128.6,75,100,90,0.0,70.07,0.0001,2.3472,100,1.0,0,0.00076794,11.35,20.388,83365,92194.0,6.5038,297.93,603.37,1.8576,10.0,,23,,1.7904,0.18804,,,1.775,0,,0,1,1,53,53,0,53.0,117890.0
128.8,75,100,90,0.0,69.068,0.0001,20.375,100,1.0,0,0.00076467,11.339,20.42,83411,92250.0,6.5024,297.96,614.56,1.8589,10.0,,23,,1.7958,0.188,,,1.7762,0,,0,1,1,53,53,0,53.0,118710.0
129.0,75,100,90,0.0,68.64,7.3085,2.0375,100,1.0,0,0.00074567,11.363,20.452,83457,92306.0,6.5004,297.94,606.13,1.8601,10.0,,23,,1.791,0.18803,,,1.7774,0,,0,1,1,53,53,0,53.0,119360.0
129.2,75,100,90,0.0,68.982,2.1925,32.403,100,1.0,0,0.00072042,11.406,20.484,83504,92362.0,6.5001,297.99,625.62,1.8613,10.0,,23,,1.7717,0.18818,,,1.7786,0,,0,1,1,53,53,0,53.0,119010.0
129.4,75,100,90,0.0,69.445,16.981,3.2403,100,1.0,0,0.00071181,11.403,20.515,83550,92419.0,6.5024,297.96,614.09,1.8625,10.0,,23,,1.7746,0.18815,,,1.7797,0,,0,1,1,53,53,0,53.0,118330.0
129.6,75,100,90,0.0,68.997,6.2852,0.32403,100,1.0,0,0.00073127,11.341,20.547,83596,92475.0,6.5028,297.94,603.87,1.8636,10.0,,23,,1.8063,0.18791,,,1.7808,0,,0,1,1,53,53,0,53.0,119480.0
129.8,75,100,90,0.0,68.398,1.8856,19.611,100,1.0,0,0.00071559,11.354,20.579,83642,92531.0,6.5022,297.96,611.9,1.8648,10.0,,23,,1.8085,0.18789,,,1.7819,0,,0,1,1,53,53,0,53.0,118800.0
130.0,75,100,90,0.0,68.021,6.586,1.9611,100,1.0,0,0.00074021,11.307,20.611,83688,92587.0,6.499,297.93,603.37,1.866,10.0,,23,,1.8222,0.18779,,,1.7831,0,,0,1,1,53,53,0,53.0,120280.0
130.2,75,100,90,0.0,68.968,1.9758,31.121,100,1.0,-4000,0.00076865,11.264,20.644,83036,91843.0,6.5247,297.98,623.3,1.8571,10.0,,23,,1.8207,0.18781,,,1.7745,0,,0,1,1,53,53,0,53.0,120440.0
130.4,75,100,90,0.0,59.502,16.916,3.1121,100,1.0,-4000,0.00080087,11.174,20.679,82382,91098.0,6.5422,297.96,614.82,1.8434,10.0,,23,,1.8269,0.18779,,,1.7613,0,,0,1,1,53,53,0,53.0,119940.0
130.6,75,100,90,0.0,43.186,8.5657,0.31121,100,1.0,-4000,0.00081067,11.101,20.714,81724,90349.0,6.547,297.95,608.1,1.8293,10.0,,23,,1.8271,0.18782,,,1.7478,0,,0,1,1,53,53,0,53.0,120110.0
130.8,75,100,90,0.0,24.927,2.5697,19.191,100,1.0,-4000,0.00079181,11.066,20.751,81063,89597.0,6.5373,297.98,621.26,1.8152,10.0,,23,,1.814,0.18795,,,1.7343,0,,0,1,1,53,53,0,53.0,120780.0
131.0,75,100,90,0.0,10.581,12.321,1.9191,100,1.0,-4000,0.00082179,10.964,20.788,80399,88841.0,6.5154,297.97,617.54,1.8011,10.0,,23,,1.8132,0.18798,,,1.7207,0,,0,1,1,53,53,0,53.0,120120.0
131.2,75,100,90,0.0,4.9821,7.9851,0.19191,100,1.0,-4000,0.00082797,10.927,20.827,79735,88085.0,6.4901,297.96,614.4,1.787,10.0,,23,,1.8057,0.18806,,,1.7072,0,,0,1,1,53,53,0,53.0,121300.0
131.4,75,100,90,0.0,9.4817,4.1054,0.019191,100,1.0,-4000,0.00085553,10.912,20.866,79071,87330.0,6.4696,297.96,612.98,1.7729,10.0,,23,,1.7761,0.18831,,,1.6936,0,,0,1,1,53,53,0,53.0,120490.0
131.6,75,100,90,0.0,22.161,1.4395,0.0019191,100,1.0,-4000,0.00089969,10.89,20.905,78410,86577.0,6.4584,297.96,612.6,1.7588,10.0,,23,,1.7675,0.18841,,,1.6801,0,,0,1,1,53,53,0,53.0,120850.0
131.8,75,100,90,0.0,39.308,0.0001,0.00019191,100,1.0,-4000,0.0009069,10.935,20.944,77752,85828.0,6.4602,297.95,611.25,1.7448,10.0,,23,,1.741,0.18863,,,1.6667,0,,0,1,1,53,53,0,53.0,120870.0
132.0,75,100,90,0.0,55.705,0.0001,0.0001,100,1.0,-4000,0.00091537,10.989,20.983,77098,85083.0,6.4726,297.95,608.45,1.7308,10.0,1067.4,23,1708.4,1.7037,0.18894,20.827,24.441,1.6532,0,61.752,0,1,1,53,53,0,53.0,121880.0
132.2,75,100,90,0.0,67.158,0.0001,12.183,100,1.0,0,0.00090458,11.065,21.021,77144,85139.0,6.4661,297.96,615.26,1.7272,10.0,,23,,1.6615,0.18927,,,1.6498,0,,0,1,1,53,53,0,53.0,121730.0
132.4,75,100,90,0.0,81.313,4.3812,1.2183,100,1.0,0,0.00097004,11.029,21.059,77193,85199.0,6.466,297.95,611.29,1.7283,10.0,,23,,1.6556,0.18931,,,1.6508,0,,0,1,1,53,53,0,53.0,121250.0
132.6,75,100,90,0.0,95.424,0.0001,0.12183,100,1.0,0,0.00094028,11.124,21.096,77245,85261.0,6.4729,297.94,605.54,1.7297,10.0,,23,,1.6342,0.18947,,,1.6521,0,,0,1,1,53,53,0,53.0,122090.0
132.8,75,100,90,0.0,106.75,0.0001,14.381,100,1.0,0,0.00093021,11.19,21.132,77300,85326.0,6.4851,297.95,611.26,1.7311,10.0,,23,,1.606,0.18968,,,1.6535,0,,0,1,1,53,53,0,53.0,121760.0
133.0,75,100,90,0.0,113.22,3.1286,1.4381,100,1.0,0,0.00092266,11.233,21.167,77355,85392.0,6.4988,297.93,602.98,1.7324,10.0,,23,,1.5881,0.18982,,,1.6547,0,,0,1,1,53,53,0,53.0,122260.0
133.2,75,100,90,0.0,114.23,0.93857,27.49,100,1.0,0,0.00089972,11.266,21.202,77411,85458.0,6.5148,297.97,618.2,1.7337,10.0,,23,,1.5783,0.18989,,,1.656,0,,0,1,1,53,53,0,53.0,123260.0
133.4,75,100,90,0.0,108.82,12.699,2.749,100,1.0,0,0.00091225,11.232,21.237,77466,85523.0,6.5272,297.94,607.3,1.735,10.0,,23,,1.5778,0.18989,,,1.6573,0,,0,1,1,53,53,0,53.0,121920.0
133.6,75,100,90,0.0,98.471,3.8098,43.233,100,1.0,0,0.00089914,11.193,21.273,77518,85585.0,6.536,298.02,637.03,1.7363,10.0,,23,,1.5952,0.18975,,,1.6585,0,,0,1,1,53,53,0,53.0,122590.0
133.8,75,100,90,0.0,84.615,29.519,4.3233,100,1.0,0,0.00092524,11.087,21.31,77568,85646.0,6.5377,297.99,624.72,1.7376,10.0,,23,,1.6211,0.18956,,,1.6598,0,,0,1,1,53,53,0,53.0,123270.0
134.0,75,100,90,0.0,70.068,18.338,0.43233,100,1.0,0,0.00093888,11.007,21.348,77615,85703.0,6.5331,297.96,614.63,1.739,10.0,,23,,1.6471,0.18936,,,1.6611,0,,0,1,1,53,53,0,53.0,123280.0
134.2,75,100,90,0.0,57.361,8.8418,0.043233,100,1.0,0,0.00095308,10.93,21.387,77660,85758.0,6.5198,297.95,609.33,1.7403,10.0,,23,,1.6653,0.18922,,,1.6624,0,,0,1,1,53,53,0,53.0,123470.0
134.4,75,100,90,0.0,49.983,2.6525,16.671,100,1.0,0,0.00094056,10.898,21.425,77703,85811.0,6.499,297.98,621.47,1.7417,10.0,,23,,1.6866,0.18905,,,1.6637,0,,0,1,1,53,53,0,53.0,123820.0
134.6,75,100,90,0.0,50.935,12.08,1.6671,100,1.0,0,0.0009271,10.92,21.463,77746,85864.0,6.4817,297.97,616.2,1.743,10.0,,23,,1.6873,0.18904,,,1.6649,0,,0,1,1,53,53,0,53.0,124000.0
134.8,75,100,90,0.0,58.747,6.2362,0.16671,100,1.0,0,0.00090833,10.981,21.499,77790,85919.0,6.4721,297.95,609.84,1.7443,10.0,,23,,1.6689,0.18918,,,1.6662,0,,0,1,1,53,53,0,53.0,123840.0
135.0,75,100,90,0.0,70.406,1.8709,17.859,100,1.0,0,0.00088832,11.062,21.534,77838,85977.0,6.4685,297.97,619.11,1.7456,10.0,,23,,1.639,0.1894,,,1.6674,0,,0,1,1,53,53,0,53.0,123840.0
135.2,75,100,90,0.0,83.518,8.6899,1.7859,100,1.0,0,0.00088915,11.1,21.569,77887,86036.0,6.4688,297.95,610.29,1.7468,10.0,,23,,1.6377,0.18941,,,1.6686,0,,0,1,1,53,53,0,53.0,123500.0
135.4,75,100,90,0.0,96.502,0.0001,0.17859,100,1.0,0,0.00087199,11.174,21.603,77939,86099.0,6.4747,297.93,600.64,1.7481,10.0,,23,,1.622,0.18953,,,1.6698,0,,0,1,1,53,53,0,53.0,124330.0
135.6,75,100,90,0.0,107.13,0.0001,16.82,100,1.0,0,0.00087225,11.208,21.636,77994,86163.0,6.486,297.94,605.0,1.7493,10.0,,23,,1.6183,0.18955,,,1.6709,0,,0,1,1,53,53,0,53.0,124490.0
135.8,75,100,90,0.0,113.23,0.0001,2.677,100,1.0,0,0.00084968,11.268,21.668,78049,86229.0,6.4973,297.91,595.1,1.7504,10.0,,23,,1.5989,0.1897,,,1.6721,0,,0,1,1,53,53,0,53.0,123970.0
136.0,75,100,90,0.0,114.81,0.0001,28.8,100,1.0,0,0.00089537,11.196,21.701,78105,86295.0,6.5078,297.95,610.15,1.7516,10.0,,23,,1.6219,0.18952,,,1.6732,0,,0,1,1,53,53,0,53.0,124630.0
136.2,75,100,90,0.0,112.2,10.717,2.88,100,1.0,0,0.00085482,11.25,21.733,78161,86360.0,6.5169,297.92,597.92,1.7528,10.0,,23,,1.613,0.18959,,,1.6743,0,,0,1,1,53,53,0,53.0,124610.0
136.4,75,100,90,0.0,105.99,3.2151,47.0,100,1.0,0,0.00086306,11.213,21.766,78215,86425.0,6.5226,298.0,627.91,1.754,10.0,,23,,1.6181,0.18955,,,1.6754,0,,0,1,1,53,53,0,53.0,125100.0
136.6,75,100,90,0.0,97.496,27.989,4.7,100,1.0,0,0.00088155,11.149,21.799,78267,86487.0,6.5252,297.96,614.63,1.7551,10.0,,23,,1.632,0.18944,,,1.6766,0,,0,1,1,53,53,0,53.0,125090.0
136.8,75,100,90,0.0,87.958,15.093,0.47,100,1.0,0,0.00086178,11.129,21.833,78318,86548.0,6.5231,297.93,600.89,1.7563,10.0,,23,,1.642,0.18936,,,1.6777,0,,0,1,1,53,53,0,53.0,125090.0
137.0,75,100,90,0.0,79.243,4.5279,32.047,100,1.0,0,0.0008479,11.116,21.867,78366,86607.0,6.5196,297.97,618.82,1.7574,10.0,,23,,1.6422,0.18936,,,1.6788,0,,0,1,1,53,53,0,53.0,125410.0
137.2,75,100,90,0.0,71.919,18.5,3.2047,100,1.0,0,0.00083861,11.093,21.9,78414,86664.0,6.5131,297.94,607.02,1.7585,10.0,,23,,1.651,0.18929,,,1.6798,0,,0,1,1,53,53,0,53.0,126240.0
137.4,75,100,90,0.0,67.22,5.5501,51.417,100,1.0,0,0.00080694,11.11,21.933,78460,86720.0,6.5039,298.03,641.62,1.7596,10.0,,23,,1.6518,0.18928,,,1.6809,0,,0,1,1,53,53,0,53.0,125390.0
137.6,75,100,90,0.0,66.188,35.367,5.1417,100,1.0,0,0.00078871,11.113,21.966,78506,86776.0,6.4986,297.99,625.56,1.7606,10.0,,23,,1.661,0.18921,,,1.6818,0,,0,1,1,53,53,0,53.0,125550.0
137.8,75,100,90,0.0,67.255,21.237,0.51417,100,1.0,0,0.00079487,11.112,21.999,78552,86832.0,6.4933,297.95,609.25,1.7616,10.0,,23,,1.6537,0.18926,,,1.6828,0,,0,1,1,53,53,0,53.0,126870.0
138.0,75,100,90,0.0,70.47,6.3712,33.928,100,1.0,0,0.00078942,11.13,22.031,78599,86889.0,6.4891,297.99,626.71,1.7627,10.0,,23,,1.6527,0.18927,,,1.6838,0,,0,1,1,53,53,0,53.0,126020.0
138.2,75,100,90,0.0,75.362,20.754,3.3928,100,1.0,0,0.00075803,11.203,22.062,78647,86947.0,6.4894,297.95,611.11,1.7636,10.0,,23,,1.6298,0.18944,,,1.6847,0,,0,1,1,53,53,0,53.0,126340.0
138.4,75,100,90,0.0,80.109,5.9247,0.33928,100,1.0,0,0.00076939,11.209,22.093,78696,87006.0,6.4937,297.91,596.37,1.7646,10.0,,23,,1.6269,0.18946,,,1.6857,0,,0,1,1,53,53,0,53.0,125650.0
138.6,75,100,90,0.0,83.142,1.7774,24.484,100,1.0,0,0.00077548,11.218,22.124,78746,87065.0,6.4995,297.94,604.43,1.7656,10.0,,23,,1.6199,0.18951,,,1.6866,0,,0,1,1,53,53,0,53.0,126130.0
138.8,75,100,90,0.0,83.851,0.53322,0.0001,100,1.0,0,0.00078389,11.208,22.155,78795,87125.0,6.5056,297.9,590.74,1.7665,10.0,,23,,1.6224,0.18949,,,1.6875,0,,0,1,1,53,53,0,53.0,125940.0
139.0,75,100,90,0.0,82.114,0.15997,36.898,100,1.0,0,0.00078212,11.211,22.186,78844,87184.0,6.5118,297.95,610.46,1.7675,10.0,,23,,1.6179,0.18952,,,1.6884,0,,0,1,1,53,53,0,53.0,127920.0
139.2,75,100,90,0.0,77.907,14.653,3.6898,100,1.0,0,0.00080668,11.159,22.217,78893,87242.0,6.5143,297.92,597.6,1.7684,10.0,,23,,1.6247,0.18947,,,1.6894,0,,0,1,1,53,53,0,53.0,128070.0
139.4,75,100,90,0.0,72.732,4.396,54.422,100,1.0,0,0.00076362,11.199,22.248,78940,87300.0,6.5173,298.01,631.95,1.7694,10.0,,23,,1.6181,0.18952,,,1.6903,0,,0,1,1,53,53,0,53.0,127550.0
139.6,75,100,90,0.0,66.312,32.876,5.4422,100,1.0,0,0.00076377,11.184,22.279,78986,87356.0,6.517,297.96,614.93,1.7703,10.0,,23,,1.614,0.18955,,,1.6911,0,,0,1,1,53,53,0,53.0,127190.0
139.8,75,100,90,0.0,60.063,16.99,0.54422,100,1.0,0,0.00075144,11.178,22.309,79031,87410.0,6.5103,297.92,597.97,1.7712,10.0,,23,,1.6101,0.18957,,,1.692,0,,0,1,1,53,53,0,53.0,127340.0
140.0,75,100,105,0.0,56.492,5.097,35.487,100,1.0,0,0.0010208,10.827,22.346,79078,87468.0,6.5006,297.98,623.16,1.7723,9.0,,23,,1.6992,0.1889,,,1.6931,0,,0,1,1,53,53,0,53.0,127850.0
140.2,75,100,105,0.0,56.789,25.307,3.5487,100,1.0,0,0.00094834,10.924,22.382,79125,87525.0,6.4962,297.96,611.87,1.7735,9.0,,23,,1.6802,0.18904,,,1.6942,0,,0,1,1,53,53,0,53.0,128690.0
140.4,75,100,105,0.0,58.83,13.97,0.35487,100,1.0,0,0.00095755,10.906,22.419,79172,87583.0,6.4936,297.93,601.11,1.7747,9.0,,23,,1.6894,0.18897,,,1.6953,0,,0,1,1,53,53,0,53.0,127190.0
140.6,75,100,105,0.0,61.919,4.1911,29.672,100,1.0,0,0.00098574,10.88,22.455,79220,87642.0,6.4914,297.98,619.76,1.7759,9.0,,23,,1.6955,0.18892,,,1.6965,0,,0,1,1,53,53,0,53.0,128030.0
140.8,75,100,105,0.0,65.886,18.603,2.9672,100,1.0,0,0.00097129,10.893,22.491,79269,87702.0,6.4917,297.95,610.4,1.777,9.0,,23,,1.7096,0.18881,,,1.6976,0,,0,1,1,53,53,0,53.0,128870.0
141.0,75,100,105,0.0,69.711,8.827,0.29672,100,1.0,0,0.00095757,10.931,22.527,79319,87762.0,6.4963,297.92,599.87,1.7782,9.0,,23,,1.6956,0.18891,,,1.6987,0,,0,1,1,53,53,0,53.0,128210.0
141.2,75,100,105,0.0,71.682,2.6481,26.256,100,1.0,0,0.0010239,10.835,22.564,79369,87823.0,6.4986,297.97,616.13,1.7794,9.0,,23,,1.7204,0.18872,,,1.6999,0,,0,1,1,53,53,0,53.0,128880.0
141.4,75,100,105,0.0,72.787,14.732,2.6256,100,1.0,0,0.0010801,10.76,22.602,79419,87884.0,6.5012,297.95,610.35,1.7807,9.0,,23,,1.7408,0.18857,,,1.7011,0,,0,1,1,53,53,0,53.0,128900.0
141.6,75,100,105,0.0,72.83,7.915,0.26256,100,1.0,0,0.0010979,10.745,22.641,79469,87945.0,6.5033,297.93,604.19,1.782,9.0,,23,,1.7308,0.18864,,,1.7024,0,,0,1,1,53,53,0,53.0,129580.0
141.8,75,100,105,0.0,72.035,2.3745,21.984,100,1.0,0,0.0010889,10.747,22.679,79519,88007.0,6.5034,297.97,618.61,1.7834,9.0,,23,,1.7304,0.18864,,,1.7037,0,,0,1,1,53,53,0,53.0,129600.0
142.0,75,100,105,0.0,71.197,13.109,2.1984,100,1.0,0,0.0011061,10.733,22.718,79569,88068.0,6.5025,297.96,613.64,1.7847,9.0,,23,,1.7301,0.18864,,,1.705,0,,0,1,1,53,53,0,53.0,129780.0
142.2,75,100,105,0.0,70.735,7.3139,0.21984,100,1.0,0,0.0010823,10.762,22.756,79619,88129.0,6.5016,297.94,607.03,1.786,9.0,,23,,1.7239,0.18868,,,1.7062,0,,0,1,1,53,53,0,53.0,129960.0
142.4,75,100,105,0.0,70.627,2.1942,20.766,100,1.0,0,0.0010735,10.775,22.793,79668,88189.0,6.4997,297.97,619.42,1.7873,9.0,,23,,1.7165,0.18874,,,1.7075,0,,0,1,1,53,53,0,53.0,130140.0
142.6,75,100,105,0.0,71.286,11.356,2.0766,100,1.0,0,0.0010653,10.771,22.831,79718,88250.0,6.4963,297.96,613.41,1.7886,9.0,,23,,1.7213,0.1887,,,1.7087,0,,0,1,1,53,53,0,53.0,130990.0
142.8,75,100,105,0.0,73.278,4.7466,0.20766,100,1.0,0,0.0010628,10.789,22.868,79768,88312.0,6.4956,297.94,606.12,1.7898,9.0,,23,,1.7122,0.18877,,,1.7099,0,,0,1,1,53,53,0,53.0,131000.0
143.0,75,100,105,0.0,75.544,1.424,18.52,100,1.0,0,0.0010756,10.796,22.906,79819,88374.0,6.4954,297.97,615.9,1.7911,9.0,,23,,1.698,0.18887,,,1.7111,0,,0,1,1,53,53,0,53.0,130510.0
143.2,75,100,105,0.0,77.891,8.14,1.852,100,1.0,0,0.0010914,10.766,22.944,79870,88436.0,6.4972,297.95,609.54,1.7924,9.0,,23,,1.7107,0.18877,,,1.7123,0,,0,1,1,53,53,0,53.0,130020.0
143.4,75,100,105,0.0,79.537,2.442,29.705,100,1.0,0,0.0011016,10.766,22.982,79922,88499.0,6.4983,298.0,629.29,1.7936,9.0,,23,,1.7114,0.18876,,,1.7136,0,,0,1,1,53,53,0,53.0,131040.0
143.6,75,100,105,0.0,80.726,18.437,2.9705,100,1.0,0,0.0010682,10.824,23.019,79973,88562.0,6.4998,297.98,620.36,1.7949,9.0,,23,,1.687,0.18895,,,1.7148,0,,0,1,1,53,53,0,53.0,130210.0
143.8,75,100,105,0.0,81.318,10.036,0.29705,100,1.0,0,0.0010204,10.881,23.055,80025,88625.0,6.5035,297.95,609.23,1.7961,9.0,,23,,1.6696,0.18908,,,1.7159,0,,0,1,1,53,53,0,53.0,131220.0
144.0,75,100,105,0.0,80.433,3.0107,23.253,100,1.0,0,0.00099686,10.889,23.09,80077,88687.0,6.5069,297.98,619.81,1.7972,9.0,1090.0,23,1729.5,1.6771,0.18902,22.944,24.75,1.717,0,69.592,0,1,1,53,53,0,53.0,130720.0
144.2,75,100,105,0.0,78.182,10.795,2.3253,100,1.0,0,0.00098735,10.875,23.125,80128,88750.0,6.508,297.95,609.96,1.7984,9.0,,23,,1.6884,0.18893,,,1.7181,0,,0,1,1,53,53,0,53.0,131550.0
144.4,75,100,105,0.0,75.51,0.84159,0.23253,100,1.0,0,0.00098091,10.86,23.161,80178,88811.0,6.5074,297.92,600.08,1.7995,9.0,,23,,1.7001,0.18884,,,1.7192,0,,0,1,1,53,53,0,53.0,131550.0
144.6,75,100,105,0.0,73.067,0.25248,17.243,100,1.0,0,0.00093168,10.918,23.194,80229,88872.0,6.508,297.94,604.31,1.8006,9.0,,23,,1.6881,0.18893,,,1.7202,0,,0,1,1,53,53,0,53.0,130880.0
144.8,75,100,105,0.0,70.394,0.075743,3.4305,100,1.0,0,0.00089684,10.954,23.227,80278,88933.0,6.5093,297.91,595.22,1.8016,9.0,,23,,1.673,0.18904,,,1.7212,0,,0,1,1,53,53,0,53.0,132200.0
145.0,75,100,105,0.0,67.197,0.022723,27.515,100,1.0,0,0.0008988,10.922,23.261,80327,88993.0,6.5102,297.95,608.25,1.8026,9.0,,23,,1.6881,0.18892,,,1.7221,0,,0,1,1,53,53,0,53.0,132700.0
145.2,75,100,105,0.0,63.655,0.0068168,0.0001,100,1.0,0,0.000954,10.838,23.295,80375,89052.0,6.509,297.92,598.29,1.8036,9.0,,23,,1.706,0.18879,,,1.7231,0,,0,1,1,53,53,0,53.0,132190.0
145.4,75,100,105,0.0,60.584,0.0020451,32.226,100,1.0,0,0.0009499,10.822,23.33,80423,89111.0,6.506,297.97,617.52,1.8047,9.0,,23,,1.7175,0.1887,,,1.7242,0,,0,1,1,53,53,0,53.0,131860.0
145.6,75,100,105,0.0,58.716,14.389,3.2226,100,1.0,0,0.00094862,10.807,23.365,80470,89169.0,6.5009,297.95,608.46,1.8057,9.0,,23,,1.7201,0.18868,,,1.7252,0,,0,1,1,53,53,0,53.0,133020.0
145.8,75,100,105,0.0,58.868,4.3167,44.636,100,1.0,0,0.00093263,10.826,23.399,80517,89227.0,6.4983,298.02,637.8,1.8068,9.0,,23,,1.7144,0.18872,,,1.7262,0,,0,1,1,53,53,0,53.0,133190.0
146.0,75,100,105,0.0,60.056,28.676,4.4636,100,1.0,0,0.00093582,10.835,23.433,80565,89286.0,6.4978,297.99,626.33,1.8078,9.0,,23,,1.7064,0.18877,,,1.7272,0,,0,1,1,53,53,0,53.0,133010.0
146.2,75,100,105,0.0,61.442,18.704,0.44636,100,1.0,0,0.00092977,10.829,23.467,80613,89345.0,6.4996,297.96,612.8,1.8088,9.0,,23,,1.724,0.18864,,,1.7281,0,,0,1,1,53,53,0,53.0,132680.0
146.4,75,100,105,0.0,62.121,6.5783,0.044636,100,1.0,0,0.00094001,10.812,23.501,80661,89404.0,6.5015,297.93,601.18,1.8098,9.0,,23,,1.7299,0.18859,,,1.7291,0,,0,1,1,53,53,0,53.0,133000.0
146.6,75,100,105,0.0,62.044,1.9735,21.328,100,1.0,0,0.00096326,10.784,23.536,80709,89463.0,6.5054,297.95,610.23,1.8109,9.0,,23,,1.7297,0.18859,,,1.7301,0,,0,1,1,53,53,0,53.0,133670.0
146.8,75,100,105,0.0,60.386,7.5384,2.1328,100,1.0,0,0.00095743,10.787,23.571,80756,89521.0,6.5087,297.93,600.94,1.8119,9.0,,23,,1.7245,0.18863,,,1.7311,0,,0,1,1,53,53,0,53.0,133670.0
147.0,75,100,105,0.0,57.445,2.2615,35.185,100,1.0,0,0.00094836,10.783,23.605,80803,89580.0,6.5104,297.98,622.21,1.813,9.0,,23,,1.7281,0.1886,,,1.7321,0,,0,1,1,53,53,0,53.0,134000.0
147.2,75,100,105,0.0,53.829,18.627,3.5185,100,1.0,0,0.00093565,10.779,23.64,80849,89637.0,6.5097,297.96,612.43,1.814,9.0,,23,,1.7322,0.18857,,,1.7331,0,,0,1,1,53,53,0,53.0,134660.0
147.4,75,100,105,0.0,50.469,8.8377,0.35185,100,1.0,0,0.00089306,10.835,23.673,80895,89694.0,6.5078,297.92,599.92,1.8149,9.0,,23,,1.7105,0.18873,,,1.734,0,,0,1,1,53,53,0,53.0,133320.0
147.6,75,100,105,0.0,47.858,2.6513,27.335,100,1.0,0,0.0008513,10.889,23.706,80940,89750.0,6.5046,297.95,611.61,1.8158,9.0,,23,,1.6869,0.18891,,,1.7348,0,,0,1,1,53,53,0,53.0,134970.0
147.8,75,100,105,0.0,46.528,10.443,2.7335,100,1.0,0,0.00082347,10.899,23.737,80985,89805.0,6.5039,297.92,599.01,1.8166,9.0,,23,,1.7016,0.18879,,,1.7357,0,,0,1,1,53,53,0,53.0,134620.0
148.0,75,100,105,0.0,45.482,3.133,43.29,100,1.0,0,0.0007996,10.923,23.768,81029,89860.0,6.503,297.98,623.38,1.8175,9.0,,23,,1.6945,0.18885,,,1.7364,0,,0,1,1,53,53,0,53.0,134270.0
148.2,75,100,105,0.0,44.798,22.073,4.329,100,1.0,0,0.0008226,10.894,23.799,81074,89916.0,6.5025,297.95,609.58,1.8183,9.0,,23,,1.7007,0.1888,,,1.7372,0,,0,1,1,53,53,0,53.0,134420.0
148.4,75,100,105,0.0,44.331,6.622,58.529,100,1.0,0,0.00082551,10.873,23.831,81118,89971.0,6.5014,298.05,647.59,1.8191,9.0,,23,,1.71,0.18873,,,1.738,0,,0,1,1,53,53,0,53.0,134570.0
148.6,75,100,105,0.0,44.275,38.658,5.8529,100,1.0,0,0.00080139,10.909,23.862,81162,90026.0,6.5001,298.0,630.67,1.8199,9.0,,23,,1.7057,0.18876,,,1.7388,0,,0,1,1,53,53,0,53.0,135380.0
148.8,75,100,105,0.0,44.741,24.697,0.58529,100,1.0,0,0.00081349,10.901,23.893,81206,90081.0,6.4975,297.96,612.02,1.8207,9.0,,23,,1.7026,0.18878,,,1.7395,0,,0,1,1,53,53,0,53.0,134360.0
149.0,75,100,105,0.0,46.247,8.6448,0.058529,100,1.0,0,0.0008131,10.91,23.924,81251,90137.0,6.4989,297.91,595.8,1.8214,9.0,,23,,1.6943,0.18884,,,1.7403,0,,0,1,1,53,53,0,53.0,135340.0
149.2,75,100,105,0.0,47.212,2.5934,26.358,100,1.0,0,0.00079475,10.928,23.954,81296,90192.0,6.5032,297.93,603.91,1.8222,9.0,,23,,1.6979,0.18881,,,1.741,0,,0,1,1,53,53,0,53.0,135150.0
149.4,75,100,105,0.0,46.45,0.77803,0.0001,100,1.0,0,0.00075173,10.992,23.983,81341,90248.0,6.5059,297.89,587.21,1.8229,9.0,,23,,1.6761,0.18897,,,1.7417,0,,0,1,1,53,53,0,53.0,134950.0
149.6,75,100,105,0.0,44.627,0.23341,40.406,100,1.0,0,0.00074341,10.975,24.012,81385,90303.0,6.5059,297.94,606.95,1.8236,9.0,,23,,1.6929,0.18885,,,1.7423,0,,0,1,1,53,53,0,53.0,136260.0
149.8,75,100,105,0.0,42.799,0.070023,0.0001,100,1.0,0,0.0007412,10.973,24.041,81429,90358.0,6.5036,297.9,590.23,1.8243,9.0,,23,,1.6908,0.18886,,,1.743,0,,0,1,1,53,53,0,53.0,136390.0
150.0,75,100,105,0.0,41.873,0.021007,45.571,100,1.0,0,0.00072516,10.969,24.07,81473,90412.0,6.4993,297.96,614.27,1.8249,9.0,,23,,1.7057,0.18875,,,1.7436,0,,0,1,1,53,53,0,53.0,136860.0
150.2,75,100,105,0.0,42.66,17.781,4.5571,0,0.9,-4000,0.0007631,9.6689,24.105,80801,89647.0,6.5231,297.95,610.23,1.8154,9.0,,23,,1.7959,0.18808,,,1.7344,0,,0,1,1,53,53,0,53.0,136200.0
150.4,75,100,105,0.0,33.866,12.287,0.45571,0,0.9,-4000,0.00076236,9.6423,24.141,80127,88880.0,6.5379,297.93,603.71,1.801,9.0,,23,,1.7921,0.18814,,,1.7206,0,,0,1,1,53,53,0,53.0,135870.0
150.6,75,100,105,0.0,19.249,3.686,27.954,0,0.9,-4000,0.00085655,9.4376,24.18,79450,88110.0,6.5325,298.0,627.42,1.7864,9.0,,23,,1.8288,0.18789,,,1.7066,0,,0,1,1,53,53,0,53.0,135550.0
150.8,75,100,105,0.0,6.8392,22.686,2.7954,0,0.9,-4000,0.00088084,9.3575,24.221,78770,87338.0,6.5108,298.0,627.36,1.7718,9.0,,23,,1.8274,0.18793,,,1.6926,0,,0,1,1,53,53,0,53.0,136240.0
151.0,75,100,105,0.0,3.1044,22.012,0.27954,0,0.9,-4000,0.00088294,9.3316,24.261,78091,86565.0,6.4861,297.99,625.31,1.7572,9.0,,23,,1.8173,0.18803,,,1.6785,0,,0,1,1,53,53,0,53.0,136270.0
151.2,75,100,105,0.0,9.2109,19.972,0.027954,0,0.9,-4000,0.00091752,9.3069,24.303,77412,85794.0,6.4705,297.99,623.66,1.7426,9.0,,23,,1.806,0.18815,,,1.6645,0,,0,1,1,53,53,0,53.0,136800.0
151.4,75,100,105,0.0,21.513,18.125,0.0027954,0,0.9,-4000,0.0009981,9.2312,24.347,76736,85025.0,6.4706,297.98,623.29,1.7281,9.0,,23,,1.8203,0.18807,,,1.6506,0,,0,1,1,53,53,0,53.0,138010.0
151.6,75,100,105,0.0,33.753,17.284,0.00027954,0,0.9,-4000,0.00099279,9.307,24.389,76063,84259.0,6.4851,297.98,621.36,1.7135,9.0,,23,,1.7756,0.18843,,,1.6366,0,,0,1,1,53,53,0,53.0,137540.0
151.8,75,100,105,0.0,40.169,14.904,0.0001,0,0.9,-4000,0.0010235,9.2987,24.432,75390,83494.0,6.5058,297.97,619.69,1.699,9.0,,23,,1.7537,0.18863,,,1.6227,0,,0,1,1,53,53,0,53.0,136750.0
152.0,75,100,105,0.0,38.336,12.593,0.0001,0,0.9,-4000,0.0010278,9.2809,24.476,74718,82729.0,6.5244,297.97,618.2,1.6845,9.0,,23,,1.7472,0.1887,,,1.6087,0,,0,1,1,53,53,0,53.0,137290.0
152.2,75,100,105,0.0,29.112,10.27,0.0001,0,0.9,0,0.00097063,9.2928,24.519,74740,82761.0,6.5044,297.97,616.71,1.6805,9.0,,23,,1.7378,0.18878,,,1.6049,0,,0,1,1,53,53,0,53.0,137660.0
152.4,75,100,105,0.0,28.014,7.7773,0.0001,0,0.9,0,0.00097566,9.2814,24.562,74761,82794.0,6.4831,297.96,615.9,1.681,9.0,,23,,1.7266,0.18887,,,1.6054,0,,0,1,1,53,53,0,53.0,139030.0
152.6,75,100,105,0.0,35.309,5.7807,0.0001,0,0.9,0,0.00098978,9.2794,24.604,74785,82828.0,6.4705,297.96,614.97,1.6818,9.0,,23,,1.7303,0.18884,,,1.6062,0,,0,1,1,53,53,0,53.0,138070.0
152.8,75,100,105,0.0,47.605,3.5742,0.0001,0,0.9,0,0.0010293,9.2769,24.648,74810,82865.0,6.4691,297.96,614.02,1.6827,9.0,,23,,1.7315,0.18883,,,1.607,0,,0,1,1,53,53,0,53.0,137940.0
153.0,75,100,105,0.0,60.454,1.2493,0.0001,0,0.9,0,0.00097706,9.395,24.689,74838,82904.0,6.4793,297.95,610.47,1.6835,9.0,,23,,1.7059,0.18902,,,1.6078,0,,0,1,1,53,53,0,53.0,138800.0
153.2,75,100,105,0.0,69.227,0.37478,13.671,0,0.9,0,0.00094839,9.4556,24.729,74868,82945.0,6.494,297.97,617.54,1.6842,9.0,,23,,1.6986,0.18907,,,1.6085,0,,0,1,1,53,53,0,53.0,139990.0
153.4,75,100,105,0.0,72.117,5.3236,1.3671,0,0.9,0,0.000981,9.422,24.769,74898,82986.0,6.5106,297.96,613.48,1.685,9.0,,23,,1.7076,0.189,,,1.6092,0,,0,1,1,53,53,0,53.0,139510.0
153.6,75,100,105,0.0,68.382,0.12087,0.13671,0,0.9,0,0.00096681,9.4179,24.81,74928,83027.0,6.5249,297.94,608.72,1.6857,9.0,,23,,1.701,0.18905,,,1.6099,0,,0,1,1,53,53,0,53.0,139040.0
153.8,75,100,105,0.0,58.93,0.036261,12.358,0,0.9,0,0.00095161,9.3716,24.851,74956,83066.0,6.5339,297.96,615.46,1.6865,9.0,,23,,1.7258,0.18886,,,1.6106,0,,0,1,1,53,53,0,53.0,140070.0
154.0,75,100,105,0.0,45.909,4.5072,1.2358,0,0.9,0,0.00088845,9.3885,24.891,74981,83102.0,6.533,297.95,611.21,1.6871,9.0,,23,,1.7169,0.18893,,,1.6113,0,,0,1,1,53,53,0,53.0,140260.0
154.2,75,100,105,0.0,33.257,0.0001,0.12358,0,0.9,0,0.00089456,9.3213,24.932,75004,83135.0,6.5187,297.94,607.59,1.6878,9.0,,23,,1.7312,0.18882,,,1.6119,0,,0,1,1,53,53,0,53.0,139290.0
154.4,75,100,105,0.0,26.342,0.0001,11.795,0,0.9,0,0.00087752,9.3258,24.973,75025,83167.0,6.4981,297.96,614.69,1.6884,9.0,,23,,1.7112,0.18897,,,1.6125,0,,0,1,1,53,53,0,53.0,139980.0
154.6,75,100,105,0.0,27.647,4.671,1.1795,0,0.9,0,0.0008766,9.3367,25.014,75047,83200.0,6.4798,297.95,611.24,1.689,9.0,,23,,1.6947,0.18909,,,1.6131,0,,0,1,1,53,53,0,53.0,140170.0
154.8,75,100,105,0.0,36.222,0.0001,0.11795,0,0.9,0,0.000869,9.3802,25.054,75070,83234.0,6.4753,297.94,606.32,1.6896,9.0,,23,,1.6853,0.18916,,,1.6137,0,,0,1,1,53,53,0,53.0,140860.0
155.0,75,100,105,0.0,46.58,0.0001,14.133,0,0.9,0,0.00085363,9.4333,25.093,75095,83270.0,6.481,297.96,612.64,1.6902,9.0,,23,,1.6764,0.18923,,,1.6142,0,,0,1,1,53,53,0,53.0,141550.0
155.2,75,100,105,0.0,54.653,3.8124,1.4133,0,0.9,0,0.00085552,9.4673,25.131,75122,83308.0,6.4928,297.94,605.97,1.6908,9.0,,23,,1.6675,0.18929,,,1.6148,0,,0,1,1,53,53,0,53.0,140400.0
155.4,75,100,105,0.0,58.028,1.1437,26.343,0,0.9,0,0.00086228,9.4793,25.17,75150,83346.0,6.5062,297.98,621.82,1.6913,9.0,,23,,1.6568,0.18937,,,1.6153,0,,0,1,1,53,53,0,53.0,141250.0
155.6,75,100,105,0.0,56.064,14.056,2.6343,0,0.9,0,0.00081155,9.5197,25.207,75177,83384.0,6.5193,297.96,613.24,1.6919,9.0,,23,,1.6476,0.18944,,,1.6158,0,,0,1,1,53,53,0,53.0,141920.0
155.8,75,100,105,0.0,48.875,4.8154,0.26343,0,0.9,0,0.00079581,9.5034,25.244,75202,83421.0,6.5262,297.93,604.1,1.6924,9.0,,23,,1.6471,0.18945,,,1.6163,0,,0,1,1,53,53,0,53.0,142260.0
156.0,75,100,105,0.0,38.954,1.4446,20.115,0,0.9,0,0.0007916,9.4688,25.281,75226,83455.0,6.5228,297.96,614.09,1.6929,9.0,1030.3,23,1743.5,1.6475,0.18944,25.131,25.041,1.6168,0,79.198,0,1,1,53,53,0,53.0,141110.0
156.2,75,100,105,0.0,30.373,8.6065,2.0115,0,0.9,0,0.0008246,9.3983,25.32,75248,83488.0,6.5095,297.94,607.81,1.6933,9.0,,23,,1.6537,0.18939,,,1.6172,0,,0,1,1,53,53,0,53.0,142620.0
156.4,75,100,105,0.0,27.106,2.5819,32.311,0,0.9,0,0.00084272,9.347,25.359,75270,83520.0,6.4936,298.01,630.63,1.6938,9.0,,23,,1.6685,0.18928,,,1.6177,0,,0,1,1,53,53,0,53.0,142140.0
156.6,75,100,105,0.0,30.193,22.285,3.2311,0,0.9,0,0.00083647,9.3677,25.398,75292,83553.0,6.4842,297.99,624.06,1.6943,9.0,,23,,1.6645,0.18931,,,1.6182,0,,0,1,1,53,53,0,53.0,142160.0
156.8,75,100,105,0.0,37.025,15.749,0.32311,0,0.9,0,0.00085982,9.3761,25.437,75315,83587.0,6.4829,297.96,615.44,1.6948,9.0,,23,,1.6573,0.18936,,,1.6187,0,,0,1,1,53,53,0,53.0,143010.0
157.0,75,100,105,0.0,44.376,7.1749,0.032311,0,0.9,0,0.00091175,9.3511,25.476,75340,83623.0,6.4869,297.94,607.99,1.6954,9.0,,23,,1.6558,0.18937,,,1.6192,0,,0,1,1,53,53,0,53.0,143200.0
157.2,75,100,105,0.0,50.129,2.1525,18.871,0,0.9,0,0.00093145,9.355,25.516,75366,83660.0,6.4946,297.97,618.02,1.6959,9.0,,23,,1.6535,0.18939,,,1.6197,0,,0,1,1,53,53,0,53.0,143720.0
157.4,75,100,105,0.0,52.81,9.6994,1.8871,0,0.9,0,0.00096818,9.3408,25.557,75392,83697.0,6.5048,297.95,612.09,1.6965,9.0,,23,,1.6421,0.18948,,,1.6203,0,,0,1,1,53,53,0,53.0,142750.0
157.6,75,100,105,0.0,51.404,2.7301,0.18871,0,0.9,0,0.0010153,9.2797,25.599,75419,83735.0,6.5123,297.94,606.85,1.6971,9.0,,23,,1.6453,0.18945,,,1.6208,0,,0,1,1,53,53,0,53.0,143120.0
157.8,75,100,105,0.0,46.995,0.81903,15.076,0,0.9,0,0.0010434,9.2212,25.642,75444,83771.0,6.5151,297.97,616.37,1.6977,9.0,,23,,1.6579,0.18935,,,1.6214,0,,0,1,1,53,53,0,53.0,143150.0
158.0,75,100,105,0.0,41.503,7.7087,1.5076,0,0.9,0,0.00106,9.19,25.686,75468,83807.0,6.5111,297.96,613.47,1.6984,9.0,,23,,1.6496,0.18942,,,1.6221,0,,0,1,1,53,53,0,53.0,143030.0
158.2,75,100,105,0.0,37.593,3.4688,0.15076,0,0.9,0,0.0010632,9.1549,25.729,75492,83841.0,6.5023,297.95,610.34,1.699,9.0,,23,,1.6594,0.18934,,,1.6227,0,,0,1,1,53,53,0,53.0,144240.0
158.4,75,100,105,0.0,37.213,1.0406,14.249,0,0.9,0,0.0010442,9.1635,25.773,75515,83876.0,6.4924,297.98,619.87,1.6996,9.0,,23,,1.6598,0.18934,,,1.6233,0,,0,1,1,53,53,0,53.0,144270.0
158.6,75,100,105,0.0,40.794,8.2479,1.4249,0,0.9,0,0.0010854,9.1265,25.816,75539,83911.0,6.4846,297.97,617.05,1.7003,9.0,,23,,1.6698,0.18926,,,1.6239,0,,0,1,1,53,53,0,53.0,144480.0
158.8,75,100,105,0.0,47.462,4.4449,0.14249,0,0.9,0,0.0011013,9.1398,25.86,75565,83948.0,6.484,297.96,613.03,1.701,9.0,,23,,1.6705,0.18925,,,1.6246,0,,0,1,1,53,53,0,53.0,144360.0
159.0,75,100,105,0.0,54.344,0.0001,0.014249,0,0.9,0,0.0010487,9.2278,25.902,75591,83985.0,6.4908,297.94,608.0,1.7016,9.0,,23,,1.6396,0.18948,,,1.6252,0,,0,1,1,53,53,0,53.0,144720.0
159.2,75,100,105,0.0,58.503,0.0001,12.863,0,0.9,0,0.0011464,9.1351,25.946,75619,84024.0,6.4993,297.97,616.2,1.7023,9.0,,23,,1.6577,0.18935,,,1.6258,0,,0,1,1,53,53,0,53.0,145270.0
159.4,75,100,105,0.0,59.288,5.7341,1.2863,0,0.9,0,0.0011092,9.1847,25.989,75647,84063.0,6.5093,297.95,611.78,1.7029,9.0,,23,,1.639,0.18949,,,1.6265,0,,0,1,1,53,53,0,53.0,145640.0
159.6,75,100,105,0.0,56.086,0.07093,0.12863,0,0.9,0,0.0010733,9.1899,26.031,75674,84101.0,6.518,297.94,606.79,1.7036,9.0,,23,,1.6507,0.1894,,,1.6271,0,,0,1,1,53,53,0,53.0,145500.0
159.8,75,100,105,0.0,49.411,0.021279,13.288,0,0.9,0,0.001066,9.1687,26.073,75700,84138.0,6.5213,297.96,614.09,1.7042,9.0,,23,,1.6492,0.18941,,,1.6277,0,,0,1,1,53,53,0,53.0,145370.0
160.0,75,100,105,0.0,41.44,4.7704,1.3288,0,0.9,0,0.0010638,9.1131,26.116,75724,84173.0,6.5185,297.95,610.38,1.7048,8.0,,23,,1.6671,0.18927,,,1.6282,0,,0,1,1,53,53,0,53.0,146240.0
160.2,75,100,105,0.0,34.567,1.4311,22.999,400,0.9,0,0.0010356,11.069,26.131,75826,84287.0,6.5053,297.93,603.22,1.7054,8.0,,23,,1.2306,0.19256,,,1.6288,0,,0,1,1,53,53,0,53.0,146320.0
160.4,75,100,105,0.0,33.008,0.42934,18.86,400,0.9,0,0.0010789,11.036,26.148,75929,84400.0,6.4912,297.9,592.6,1.706,8.0,,23,,1.1907,0.19286,,,1.6294,0,,0,1,1,53,53,0,53.0,145560.0
160.6,75,100,105,0.0,37.058,0.1288,24.154,400,0.9,0,0.00098803,11.168,26.162,76032,84514.0,6.4842,297.88,586.87,1.7066,8.0,,23,,1.1628,0.19307,,,1.6299,0,,0,1,1,53,53,0,53.0,146630.0
160.8,75,100,105,0.0,43.864,0.038641,20.595,400,0.9,0,0.0010354,11.188,26.177,76136,84629.0,6.4844,297.86,577.96,1.7071,8.0,,23,,1.1403,0.19323,,,1.6305,0,,0,1,1,53,53,0,53.0,145870.0
161.0,75,100,105,0.0,50.581,0.011592,31.326,400,0.9,0,0.0010266,11.236,26.19,76242,84746.0,6.4913,297.86,578.75,1.7077,8.0,,23,,1.14,0.19323,,,1.631,0,,0,1,1,53,53,0,53.0,146100.0
161.2,75,100,105,0.0,54.551,0.0034776,20.752,400,0.9,0,0.0010617,11.223,26.204,76349,84863.0,6.5003,297.84,570.0,1.7082,8.0,,23,,1.1558,0.19312,,,1.6315,0,,0,1,1,53,53,0,53.0,145830.0
161.4,75,100,105,0.0,54.951,0.0010433,39.941,400,0.9,0,0.0010491,11.245,26.218,76456,84980.0,6.5087,297.86,578.56,1.7088,8.0,,23,,1.163,0.19306,,,1.6321,0,,0,1,1,53,53,0,53.0,146070.0
161.6,75,100,105,0.0,51.979,0.00031299,14.638,400,0.9,0,0.0010961,11.184,26.234,76562,85097.0,6.513,297.82,564.25,1.7094,8.0,,23,,1.1853,0.19289,,,1.6326,0,,0,1,1,53,53,0,53.0,146140.0
161.8,75,100,105,0.0,47.326,0.0001,52.84,400,0.9,0,0.0010969,11.174,26.25,76667,85213.0,6.5124,297.88,584.41,1.71,8.0,,23,,1.1943,0.19282,,,1.6332,0,,0,1,1,53,53,0,53.0,146550.0
162.0,75,100,105,0.0,42.903,0.0001,0.0001,400,0.9,0,0.0011303,11.133,26.267,76771,85328.0,6.5076,297.8,556.83,1.7106,8.0,,23,,1.2071,0.19273,,,1.6338,0,,0,1,1,53,53,0,53.0,146470.0
162.2,75,100,105,0.0,40.381,0.0001,75.442,400,0.9,0,0.0011974,11.081,26.286,76875,85443.0,6.5007,297.91,597.32,1.7112,8.0,,23,,1.2128,0.19268,,,1.6344,0,,0,1,1,53,53,0,53.0,146060.0
162.4,75,100,105,0.0,40.623,0.0001,0.0001,400,0.9,0,0.0012288,11.05,26.305,76979,85558.0,6.4941,297.84,569.61,1.7119,8.0,,23,,1.2311,0.19254,,,1.635,0,,0,1,1,53,53,0,53.0,146150.0
162.6,75,100,105,0.0,43.509,0.0001,82.269,400,0.9,0,0.0012392,11.074,26.325,77083,85674.0,6.4893,297.96,616.03,1.7125,8.0,,23,,1.2288,0.19256,,,1.6357,0,,0,1,1,53,53,0,53.0,146920.0
162.8,75,100,105,0.0,48.307,37.682,8.2269,400,0.9,0,0.0012087,11.153,26.343,77188,85790.0,6.4899,297.89,589.17,1.7132,8.0,,23,,1.2042,0.19274,,,1.6363,0,,0,1,1,53,53,0,53.0,146670.0
163.0,75,100,105,0.0,52.848,11.305,112.56,400,0.9,0,0.0011532,11.242,26.36,77294,85907.0,6.4952,298.08,660.73,1.7138,8.0,,23,,1.1908,0.19284,,,1.6369,0,,0,1,1,53,53,0,53.0,147750.0
163.2,75,100,105,0.0,55.258,74.172,11.256,400,0.9,0,0.001104,11.32,26.374,77401,86024.0,6.5034,298.01,633.05,1.7144,8.0,,23,,1.17,0.193,,,1.6374,0,,0,1,1,53,53,0,53.0,146650.0
163.4,75,100,105,0.0,54.426,50.198,1.1256,400,0.9,0,0.0011272,11.306,26.39,77507,86142.0,6.511,297.92,599.71,1.715,8.0,,23,,1.1731,0.19297,,,1.638,0,,0,1,1,53,53,0,53.0,146390.0
163.6,75,100,105,0.0,50.536,15.059,74.56,400,0.9,0,0.0011055,11.328,26.404,77613,86258.0,6.5153,298.02,636.97,1.7155,8.0,,23,,1.1731,0.19297,,,1.6385,0,,0,1,1,53,53,0,53.0,147630.0
163.8,75,100,105,0.0,44.948,47.153,7.456,400,0.9,0,0.0010749,11.35,26.419,77718,86373.0,6.5149,297.95,610.34,1.7161,8.0,,23,,1.1663,0.19302,,,1.639,0,,0,1,1,53,53,0,53.0,146870.0
164.0,75,100,105,0.0,39.539,14.146,103.89,400,0.9,0,0.0011088,11.311,26.435,77821,86487.0,6.5077,298.12,673.74,1.7166,8.0,,23,,1.1684,0.193,,,1.6396,0,,0,1,1,53,53,0,53.0,147610.0
164.2,75,100,105,0.0,37.011,71.182,10.389,400,0.9,0,0.00107,11.367,26.45,77924,86601.0,6.4997,298.04,646.25,1.7171,8.0,,23,,1.1442,0.19319,,,1.6401,0,,0,1,1,53,53,0,53.0,147350.0
164.4,75,100,105,0.0,37.666,49.003,1.0389,400,0.9,0,0.0011605,11.293,26.467,78027,86714.0,6.4898,297.96,613.07,1.7177,8.0,,23,,1.1616,0.19305,,,1.6406,0,,0,1,1,53,53,0,53.0,147600.0
164.6,75,100,105,0.0,42.269,20.701,0.10389,400,0.9,0,0.0011481,11.347,26.483,78131,86829.0,6.4856,297.87,582.64,1.7182,8.0,,23,,1.15,0.19314,,,1.6411,0,,0,1,1,53,53,0,53.0,147680.0
164.8,75,100,105,0.0,48.515,6.2104,47.962,400,0.9,0,0.0011318,11.425,26.499,78236,86945.0,6.4861,297.91,597.26,1.7188,8.0,,23,,1.1179,0.19338,,,1.6417,0,,0,1,1,53,53,0,53.0,147750.0
165.0,75,100,105,0.0,54.593,1.8631,0.0001,400,0.9,0,0.0011511,11.459,26.514,78343,87062.0,6.4919,297.84,569.09,1.7194,8.0,,23,,1.1049,0.19347,,,1.6422,0,,0,1,1,53,53,0,53.0,148490.0
165.2,75,100,105,0.0,58.354,0.55894,66.266,400,0.9,0,0.0011615,11.487,26.529,78450,87180.0,6.4988,297.92,600.84,1.7199,8.0,,23,,1.0991,0.19352,,,1.6427,0,,0,1,1,53,53,0,53.0,147570.0
165.4,75,100,105,0.0,59.33,0.16768,0.0001,400,0.9,0,0.0011612,11.501,26.544,78557,87298.0,6.5053,297.85,572.78,1.7205,8.0,,23,,1.1047,0.19347,,,1.6433,0,,0,1,1,53,53,0,53.0,147970.0
165.6,75,100,105,0.0,57.742,0.050304,73.768,400,0.9,0,0.0011784,11.493,26.559,78664,87416.0,6.5106,297.95,611.22,1.721,8.0,,23,,1.1133,0.19341,,,1.6438,0,,0,1,1,53,53,0,53.0,147880.0
165.8,75,100,105,0.0,54.03,29.988,7.3768,400,0.9,0,0.001181,11.47,26.574,78770,87533.0,6.5138,297.89,587.0,1.7216,8.0,,23,,1.1369,0.19323,,,1.6444,0,,0,1,1,53,53,0,53.0,148450.0
166.0,75,100,105,0.0,49.022,8.9965,97.31,400,0.9,0,0.0012103,11.433,26.589,78876,87649.0,6.5109,298.04,645.33,1.7222,8.0,,23,,1.1553,0.19309,,,1.6449,0,,0,1,1,53,53,0,53.0,148690.0
166.2,75,100,105,0.0,45.198,58.264,9.731,400,0.9,0,0.0012306,11.414,26.606,78980,87764.0,6.5042,297.97,619.65,1.7227,8.0,,23,,1.1599,0.19306,,,1.6455,0,,0,1,1,53,53,0,53.0,148440.0
166.4,75,100,105,0.0,44.053,35.288,0.9731,400,0.9,0,0.0012186,11.419,26.621,79084,87879.0,6.4972,297.89,588.31,1.7233,8.0,,23,,1.1764,0.19293,,,1.646,0,,0,1,1,53,53,0,53.0,148510.0
166.6,75,100,105,0.0,45.676,10.586,65.094,400,0.9,0,0.0012152,11.456,26.636,79189,87994.0,6.4908,297.97,617.47,1.7239,8.0,,23,,1.1695,0.19298,,,1.6466,0,,0,1,1,53,53,0,53.0,148920.0
166.8,75,100,105,0.0,49.857,33.496,6.5094,400,0.9,0,0.0012465,11.461,26.652,79294,88110.0,6.488,297.9,590.95,1.7245,8.0,,23,,1.1715,0.19297,,,1.6472,0,,0,1,1,53,53,0,53.0,147830.0
167.0,75,100,105,0.0,55.179,10.049,94.079,400,0.9,0,0.0012713,11.488,26.667,79401,88228.0,6.4883,298.04,646.0,1.7251,8.0,,23,,1.1632,0.19303,,,1.6477,0,,0,1,1,53,53,0,53.0,148230.0
167.2,75,100,105,0.0,60.379,56.45,9.4079,400,0.9,0,0.0012938,11.507,26.682,79508,88346.0,6.4915,297.97,618.23,1.7257,8.0,,23,,1.1624,0.19303,,,1.6483,0,,0,1,1,53,53,0,53.0,148640.0
167.4,75,100,105,0.0,64.274,31.857,0.94079,400,0.9,0,0.0012901,11.542,26.697,79616,88465.0,6.4982,297.89,586.68,1.7263,8.0,,23,,1.1526,0.1931,,,1.6489,0,,0,1,1,53,53,0,53.0,148050.0
167.6,75,100,105,0.0,65.483,9.5571,61.18,400,0.9,0,0.0012837,11.562,26.712,79725,88584.0,6.5049,297.95,612.01,1.7269,8.0,,23,,1.1553,0.19308,,,1.6495,0,,0,1,1,53,53,0,53.0,147950.0
167.8,75,100,105,0.0,64.052,28.708,6.118,400,0.9,0,0.0012904,11.57,26.727,79833,88703.0,6.51,297.88,584.67,1.7275,8.0,,23,,1.1485,0.19313,,,1.6501,0,,0,1,1,53,53,0,53.0,148860.0
168.0,75,100,105,0.0,60.567,8.6124,90.387,400,0.9,0,0.0012708,11.594,26.742,79941,88821.0,6.5133,298.02,636.24,1.7281,8.0,1037.2,23,1750.3,1.1423,0.19318,26.682,24.454,1.6506,0,76.553,0,1,1,53,53,0,53.0,148930.0
168.2,75,100,105,0.0,55.772,50.977,9.0387,400,0.9,0,0.0012516,11.594,26.757,80047,88939.0,6.5119,297.94,607.03,1.7287,8.0,,23,,1.1578,0.19306,,,1.6512,0,,0,1,1,53,53,0,53.0,149170.0
168.4,75,100,105,0.0,51.535,15.293,119.42,400,0.9,0,0.0012575,11.577,26.771,80153,89055.0,6.508,298.14,683.02,1.7293,8.0,,23,,1.1743,0.19294,,,1.6517,0,,0,1,1,53,53,0,53.0,148240.0
168.6,75,100,105,0.0,48.882,81.606,11.942,400,0.9,0,0.0012169,11.614,26.785,80258,89170.0,6.5002,298.05,650.6,1.7298,8.0,,23,,1.1701,0.19297,,,1.6522,0,,0,1,1,53,53,0,53.0,149300.0
168.8,75,100,105,0.0,49.351,56.269,1.1942,400,0.9,0,0.0012474,11.628,26.799,80363,89286.0,6.4906,297.96,613.02,1.7303,8.0,,23,,1.154,0.19309,,,1.6528,0,,0,1,1,53,53,0,53.0,148370.0
169.0,75,100,105,0.0,53.623,25.317,0.11942,400,0.9,0,0.0012543,11.63,26.813,80469,89403.0,6.486,297.87,580.86,1.7309,8.0,,23,,1.1702,0.19296,,,1.6533,0,,0,1,1,53,53,0,53.0,149100.0
169.2,75,100,105,0.0,59.742,7.595,51.514,400,0.9,0,0.001283,11.642,26.827,80576,89521.0,6.4859,297.92,597.77,1.7314,8.0,,23,,1.1795,0.19289,,,1.6538,0,,0,1,1,53,53,0,53.0,149340.0
169.4,75,100,105,0.0,65.886,2.2785,0.0001,400,0.9,0,0.0012464,11.714,26.84,80685,89640.0,6.4907,297.84,569.0,1.732,8.0,,23,,1.1641,0.19301,,,1.6543,0,,0,1,1,53,53,0,53.0,149230.0
169.6,75,100,105,0.0,70.101,0.68355,67.113,400,0.9,0,0.0012453,11.741,26.852,80794,89760.0,6.4979,297.92,600.96,1.7325,8.0,,23,,1.1658,0.19299,,,1.6549,0,,0,1,1,53,53,0,53.0,149290.0
169.8,75,100,105,0.0,71.473,0.20506,0.0001,400,0.9,0,0.0012411,11.773,26.864,80904,89880.0,6.5057,297.85,572.38,1.7331,8.0,,23,,1.1532,0.19309,,,1.6554,0,,0,1,1,53,53,0,53.0,149520.0
170.0,75,100,105,0.0,69.719,0.061519,72.73,400,0.9,0,0.0012915,11.762,26.877,81013,90000.0,6.511,297.95,609.38,1.7336,8.0,,23,,1.1348,0.19322,,,1.6559,0,,0,1,1,53,53,0,53.0,149420.0
170.2,75,100,105,0.0,65.853,0.018456,0.0001,150,0.9,-4000,0.001304,10.667,26.907,80376,89269.0,6.5454,297.89,587.31,1.7244,8.0,,23,,1.3946,0.19129,,,1.6471,0,,0,1,1,53,53,0,53.0,149730.0
170.4,75,100,105,0.0,48.111,0.0055367,63.109,150,0.9,-4000,0.0013172,10.59,26.939,79736,88535.0,6.564,297.98,623.86,1.7106,8.0,,23,,1.4282,0.19106,,,1.6338,0,,0,1,1,53,53,0,53.0,149370.0
170.6,75,100,105,0.51922,24.055,28.999,6.3109,150,0.9,-4000,0.0013807,10.441,26.972,79092,87796.0,6.5548,297.94,608.77,1.6966,8.0,,23,,1.4626,0.19083,,,1.6204,0,,0,1,1,53,53,0,53.0,150370.0
170.8,75,100,105,1.0413,12.028,8.6997,75.786,150,0.9,-4000,0.0014167,10.379,27.007,78445,87054.0,6.531,298.08,660.15,1.6826,8.0,,23,,1.463,0.19086,,,1.6069,0,,0,1,1,53,53,0,53.0,150200.0
171.0,75,100,105,0.0,0.21107,53.673,7.5786,150,0.9,-4000,0.0014286,10.323,27.044,77795,86310.0,6.4969,298.04,646.01,1.6686,8.0,,23,,1.4576,0.19092,,,1.5935,0,,0,1,1,53,53,0,53.0,150040.0
171.2,75,100,105,0.0,2.016,42.666,0.75786,150,0.9,-4000,0.0014263,10.343,27.079,77146,85567.0,6.4677,297.99,627.18,1.6545,8.0,,23,,1.4393,0.19109,,,1.58,0,,0,1,1,53,53,0,53.0,151050.0
171.4,75,100,105,0.0,15.429,27.093,0.075786,150,0.9,-4000,0.0014221,10.407,27.113,76500,84826.0,6.4536,297.94,607.88,1.6405,8.0,,23,,1.4115,0.19133,,,1.5665,0,,0,1,1,53,53,0,53.0,150040.0
171.6,75,100,105,0.0,34.467,8.128,42.288,150,0.9,-4000,0.0014363,10.483,27.147,75858,84089.0,6.4578,297.99,627.05,1.6265,8.0,,23,,1.3792,0.1916,,,1.5531,0,,0,1,1,53,53,0,53.0,151370.0
171.8,75,100,105,0.0,51.826,24.28,4.2288,150,0.9,-4000,0.0015195,10.513,27.18,75219,83356.0,6.4772,297.94,609.82,1.6125,8.0,,23,,1.3599,0.19177,,,1.5397,0,,0,1,1,53,53,0,53.0,150860.0
172.0,75,100,105,0.0,61.412,7.2839,62.752,150,0.9,-4000,0.0015175,10.571,27.211,74582,82624.0,6.505,298.04,645.36,1.5986,8.0,,23,,1.3299,0.19202,,,1.5263,0,,0,1,1,53,53,0,53.0,150510.0
172.2,75,100,105,0.0,59.906,39.561,6.2752,150,0.9,0,0.0014704,10.589,27.243,74640,82692.0,6.5042,297.99,626.56,1.5946,8.0,,23,,1.32,0.1921,,,1.5225,0,,0,1,1,53,53,0,53.0,151490.0
172.4,75,100,105,0.0,58.823,22.363,0.62752,150,0.9,0,0.0015265,10.557,27.275,74698,82760.0,6.5026,297.93,605.04,1.595,8.0,,23,,1.3195,0.19211,,,1.5229,0,,0,1,1,53,53,0,53.0,151820.0
172.6,75,100,105,0.0,58.292,6.7089,41.149,150,0.9,0,0.0014939,10.574,27.307,74755,82828.0,6.5,297.98,621.51,1.5956,8.0,,23,,1.3189,0.19211,,,1.5235,0,,0,1,1,53,53,0,53.0,151300.0
172.8,75,100,105,0.0,58.828,20.357,4.1149,150,0.9,0,0.0015303,10.544,27.34,74813,82896.0,6.4991,297.93,603.79,1.5963,8.0,,23,,1.331,0.19202,,,1.5241,0,,0,1,1,53,53,0,53.0,151460.0
173.0,75,100,105,0.0,59.69,6.107,61.167,150,0.9,0,0.0015188,10.557,27.372,74870,82964.0,6.4999,298.02,638.57,1.5969,8.0,,23,,1.33,0.19203,,,1.5247,0,,0,1,1,53,53,0,53.0,151110.0
173.2,75,100,105,0.0,60.257,37.044,6.1167,150,0.9,0,0.0014935,10.58,27.404,74928,83032.0,6.5015,297.97,620.38,1.5975,8.0,,23,,1.3225,0.19208,,,1.5253,0,,0,1,1,53,53,0,53.0,151760.0
173.4,75,100,105,0.0,60.158,19.802,0.61167,150,0.9,0,0.0014773,10.591,27.435,74986,83101.0,6.5005,297.91,598.71,1.5981,8.0,,23,,1.3217,0.19208,,,1.5258,0,,0,1,1,53,53,0,53.0,151410.0
173.6,75,100,105,0.0,60.479,5.9407,42.599,150,0.9,0,0.0014724,10.62,27.465,75044,83169.0,6.4993,297.96,616.1,1.5987,8.0,,23,,1.2981,0.19226,,,1.5264,0,,0,1,1,53,53,0,53.0,152220.0
173.8,75,100,105,0.0,61.273,19.749,4.2599,150,0.9,0,0.0014639,10.616,27.496,75102,83237.0,6.4988,297.91,597.69,1.5993,8.0,,23,,1.3006,0.19224,,,1.527,0,,0,1,1,53,53,0,53.0,152530.0
174.0,75,100,105,0.0,62.28,5.9248,65.019,150,0.9,0,0.0014236,10.659,27.526,75160,83306.0,6.5004,298.01,634.39,1.5999,8.0,,23,,1.2786,0.19241,,,1.5275,0,,0,1,1,53,53,0,53.0,152180.0
174.2,75,100,105,0.0,62.613,37.957,6.5019,150,0.9,0,0.001468,10.633,27.557,75219,83374.0,6.501,297.96,614.91,1.6005,8.0,,23,,1.2764,0.19242,,,1.5281,0,,0,1,1,53,53,0,53.0,153160.0
174.4,75,100,105,0.0,62.746,19.064,0.65019,150,0.9,0,0.0014843,10.619,27.588,75277,83443.0,6.5009,297.9,592.51,1.6011,8.0,,23,,1.2827,0.19237,,,1.5287,0,,0,1,1,53,53,0,53.0,152470.0
174.6,75,100,105,0.0,62.898,5.7192,44.928,150,0.9,0,0.0015912,10.552,27.621,75335,83512.0,6.4991,297.95,613.44,1.6017,8.0,,23,,1.3009,0.19223,,,1.5293,0,,0,1,1,53,53,0,53.0,153290.0
174.8,75,100,105,0.0,63.768,22.203,4.4928,150,0.9,0,0.0016681,10.499,27.654,75394,83581.0,6.4983,297.91,596.51,1.6024,8.0,,23,,1.3207,0.19208,,,1.53,0,,0,1,1,53,53,0,53.0,153290.0
175.0,75,100,105,0.0,64.976,6.6609,69.203,150,0.9,0,0.0016878,10.488,27.687,75453,83651.0,6.4984,298.03,640.11,1.6032,8.0,,23,,1.3303,0.19201,,,1.5307,0,,0,1,1,53,53,0,53.0,152780.0
175.2,75,100,105,0.0,66.13,44.953,6.9203,150,0.9,0,0.0016683,10.504,27.72,75512,83721.0,6.4997,297.97,620.96,1.6039,8.0,,23,,1.3255,0.19204,,,1.5314,0,,0,1,1,53,53,0,53.0,153770.0
175.4,75,100,105,0.0,66.786,26.898,0.69203,150,0.9,0,0.0016018,10.563,27.752,75571,83791.0,6.5005,297.91,598.15,1.6046,8.0,,23,,1.3064,0.19219,,,1.532,0,,0,1,1,53,53,0,53.0,153250.0
175.6,75,100,105,0.0,67.09,8.0693,50.164,150,0.9,0,0.0015678,10.596,27.783,75630,83860.0,6.5013,297.98,622.45,1.6052,8.0,,23,,1.2912,0.1923,,,1.5327,0,,0,1,1,53,53,0,53.0,154570.0
175.8,75,100,105,0.0,67.077,28.256,5.0164,150,0.9,0,0.0015289,10.616,27.814,75689,83930.0,6.504,297.92,602.81,1.6059,8.0,,23,,1.2861,0.19234,,,1.5333,0,,0,1,1,53,53,0,53.0,153880.0
176.0,75,100,105,0.0,66.008,8.4769,76.175,150,0.9,0,0.0015011,10.614,27.845,75748,83999.0,6.5058,298.05,649.68,1.6065,8.0,,23,,1.3006,0.19223,,,1.5339,0,,0,1,1,53,53,0,53.0,155030.0
176.2,75,100,105,0.0,64.202,50.407,7.6175,150,0.9,0,0.0015029,10.609,27.876,75806,84069.0,6.5065,298.0,628.76,1.6071,8.0,,23,,1.3006,0.19223,,,1.5345,0,,0,1,1,53,53,0,53.0,153510.0
176.4,75,100,105,0.0,62.117,31.659,0.76175,150,0.9,0,0.0014775,10.625,27.906,75865,84137.0,6.5075,297.93,603.66,1.6077,8.0,,23,,1.2903,0.1923,,,1.535,0,,0,1,1,53,53,0,53.0,154320.0
176.6,75,100,105,0.0,59.631,9.4978,52.513,150,0.9,0,0.001494,10.614,27.937,75922,84205.0,6.5088,298.0,629.3,1.6083,8.0,,23,,1.2843,0.19235,,,1.5356,0,,0,1,1,53,53,0,53.0,154470.0
176.8,75,100,105,0.0,56.611,31.489,5.2513,150,0.9,0,0.0014913,10.593,27.967,75979,84273.0,6.5072,297.94,608.84,1.6089,8.0,,23,,1.2964,0.19225,,,1.5362,0,,0,1,1,53,53,0,53.0,154280.0
177.0,75,100,105,0.0,54.275,9.4467,77.526,150,0.9,0,0.0014573,10.593,27.998,76036,84340.0,6.5033,298.07,656.93,1.6095,8.0,,23,,1.3106,0.19215,,,1.5368,0,,0,1,1,53,53,0,53.0,154430.0
177.2,75,100,105,0.0,53.475,52.991,7.7526,150,0.9,0,0.0014543,10.585,28.029,76092,84406.0,6.4978,298.01,635.7,1.6101,8.0,,23,,1.3146,0.19211,,,1.5373,0,,0,1,1,53,53,0,53.0,155910.0
177.4,75,100,105,0.0,54.87,34.741,0.77526,150,0.9,0,0.001497,10.578,28.059,76149,84474.0,6.4928,297.95,612.42,1.6107,8.0,,23,,1.3042,0.19219,,,1.5379,0,,0,1,1,53,53,0,53.0,154390.0
177.6,75,100,105,0.0,58.278,13.82,0.077526,150,0.9,0,0.0014582,10.619,28.089,76206,84541.0,6.4894,297.89,590.32,1.6113,8.0,,23,,1.2947,0.19226,,,1.5385,0,,0,1,1,53,53,0,53.0,155860.0
177.8,75,100,105,0.0,63.014,4.146,37.803,150,0.9,0,0.0014943,10.628,28.12,76264,84610.0,6.4893,297.93,603.65,1.6119,8.0,,23,,1.2827,0.19235,,,1.539,0,,0,1,1,53,53,0,53.0,155010.0
178.0,75,100,105,0.0,67.794,1.2438,0.0001,150,0.9,0,0.0014286,10.705,28.148,76324,84680.0,6.492,297.87,581.88,1.6124,8.0,,23,,1.2565,0.19255,,,1.5396,0,,0,1,1,53,53,0,53.0,155980.0
178.2,75,100,105,0.0,71.503,0.37314,54.466,150,0.9,0,0.0015028,10.657,28.178,76384,84750.0,6.4938,297.94,610.13,1.613,8.0,,23,,1.2727,0.19242,,,1.5402,0,,0,1,1,53,53,0,53.0,155120.0
178.4,75,100,105,0.0,74.507,0.11194,0.0001,150,0.9,0,0.001446,10.728,28.206,76444,84821.0,6.4991,297.89,588.16,1.6136,8.0,,23,,1.2438,0.19264,,,1.5407,0,,0,1,1,53,53,0,53.0,155750.0
178.6,75,100,105,0.0,75.391,0.033582,60.172,150,0.9,0,0.0015023,10.699,28.235,76505,84893.0,6.5047,297.97,621.09,1.6142,8.0,,23,,1.2425,0.19265,,,1.5413,0,,0,1,1,53,53,0,53.0,155060.0
178.8,75,100,105,0.0,74.023,27.025,6.0172,150,0.9,0,0.0015836,10.644,28.265,76565,84964.0,6.508,297.92,601.96,1.6149,8.0,,23,,1.2492,0.1926,,,1.5419,0,,0,1,1,53,53,0,53.0,156700.0
179.0,75,100,105,0.0,71.369,8.1074,80.398,150,0.9,0,0.0015613,10.632,28.295,76625,85035.0,6.5084,298.06,652.68,1.6155,8.0,,23,,1.2678,0.19246,,,1.5426,0,,0,1,1,53,53,0,53.0,155840.0
179.2,75,100,105,0.0,68.553,53.031,8.0398,150,0.9,0,0.001494,10.657,28.324,76685,85105.0,6.5067,298.0,629.1,1.6162,8.0,,23,,1.2697,0.19244,,,1.5432,0,,0,1,1,53,53,0,53.0,155650.0
179.4,75,100,105,0.0,66.391,32.222,0.80398,150,0.9,0,0.0014701,10.67,28.353,76744,85174.0,6.5033,297.93,602.76,1.6168,8.0,,23,,1.2562,0.19254,,,1.5438,0,,0,1,1,53,53,0,53.0,156120.0
179.6,75,100,105,0.0,65.58,9.6667,52.607,150,0.9,0,0.0014946,10.657,28.382,76802,85243.0,6.5003,297.99,627.86,1.6174,8.0,,23,,1.2567,0.19254,,,1.5443,0,,0,1,1,53,53,0,53.0,156420.0
179.8,75,100,105,0.0,65.975,30.805,5.2607,150,0.9,0,0.0015209,10.635,28.412,76861,85313.0,6.4993,297.94,606.93,1.618,8.0,,23,,1.2641,0.19248,,,1.5449,0,,0,1,1,53,53,0,53.0,156900.0
180.0,75,100,120,0.0,66.783,9.2416,77.45,150,0.9,0,0.0020592,10.395,28.444,76923,85387.0,6.4935,298.08,659.6,1.6189,9.0,957.95,23,1745.3,1.3254,0.19202,28.324,24.058,1.5458,0,75.168,0,1,1,53,53,0,53.0,156720.0
180.2,75,100,120,0.0,69.93,56.336,7.745,150,0.9,0,0.0020829,10.386,28.475,76986,85461.0,6.4873,298.03,640.59,1.6198,9.0,,23,,1.3384,0.19192,,,1.5467,0,,0,1,1,53,53,0,53.0,157700.0
180.4,75,100,120,0.0,75.535,40.53,0.7745,150,0.9,0,0.0021275,10.379,28.505,77050,85537.0,6.4864,297.97,618.66,1.6208,9.0,,23,,1.3473,0.19185,,,1.5477,0,,0,1,1,53,53,0,53.0,157010.0
180.6,75,100,120,0.0,81.47,21.545,0.07745,150,0.9,0,0.0020755,10.405,28.535,77115,85614.0,6.49,297.92,599.23,1.6219,9.0,,23,,1.3534,0.1918,,,1.5486,0,,0,1,1,53,53,0,53.0,157320.0
180.8,75,100,120,0.0,85.992,6.4634,39.274,150,0.9,0,0.0019485,10.472,28.565,77181,85691.0,6.4939,297.96,616.25,1.6228,9.0,,23,,1.3394,0.1919,,,1.5496,0,,0,1,1,53,53,0,53.0,156960.0
181.0,75,100,120,0.0,88.947,19.495,3.9274,150,0.9,0,0.0019643,10.456,28.595,77248,85770.0,6.4973,297.92,599.14,1.6238,9.0,,23,,1.3586,0.19176,,,1.5505,0,,0,1,1,53,53,0,53.0,157430.0
181.2,75,100,120,0.0,90.566,5.8486,61.59,150,0.9,0,0.0020347,10.436,28.624,77315,85848.0,6.5008,298.02,636.73,1.6248,9.0,,23,,1.357,0.19177,,,1.5514,0,,0,1,1,53,53,0,53.0,157410.0
181.4,75,100,120,0.0,90.754,37.86,6.159,150,0.9,0,0.0020247,10.419,28.654,77381,85927.0,6.5047,297.97,618.44,1.6258,9.0,,23,,1.3722,0.19165,,,1.5524,0,,0,1,1,53,53,0,53.0,156880.0
181.6,75,100,120,0.0,89.373,20.799,0.6159,150,0.9,0,0.0020747,10.382,28.683,77448,86006.0,6.5065,297.91,598.7,1.6268,9.0,,23,,1.3912,0.19151,,,1.5534,0,,0,1,1,53,53,0,53.0,158520.0
181.8,75,100,120,0.0,87.298,6.2397,41.475,150,0.9,0,0.0020383,10.39,28.712,77514,86084.0,6.5059,297.97,618.97,1.6278,9.0,,23,,1.3785,0.1916,,,1.5544,0,,0,1,1,53,53,0,53.0,158160.0
182.0,75,100,120,0.0,85.478,22.171,4.1475,150,0.9,0,0.0019356,10.426,28.741,77580,86162.0,6.5061,297.92,601.59,1.6288,9.0,,23,,1.3761,0.19162,,,1.5553,0,,0,1,1,53,53,0,53.0,158630.0
182.2,75,100,120,0.0,83.547,6.6512,65.217,150,0.9,0,0.0018901,10.431,28.771,77646,86239.0,6.5056,298.03,641.55,1.6298,9.0,,23,,1.381,0.19158,,,1.5562,0,,0,1,1,53,53,0,53.0,158100.0
182.4,75,100,120,0.0,81.844,40.958,6.5217,150,0.9,0,0.0018581,10.433,28.8,77711,86316.0,6.505,297.97,621.03,1.6307,9.0,,23,,1.3865,0.19153,,,1.5571,0,,0,1,1,53,53,0,53.0,158740.0
182.6,75,100,120,0.0,80.356,22.339,0.65217,150,0.9,0,0.0018574,10.429,28.829,77776,86392.0,6.5015,297.92,599.51,1.6316,9.0,,23,,1.3814,0.19157,,,1.558,0,,0,1,1,53,53,0,53.0,157880.0
182.8,75,100,120,0.0,80.304,6.7016,42.453,150,0.9,0,0.0018107,10.457,28.858,77840,86469.0,6.4989,297.97,618.47,1.6325,9.0,,23,,1.3728,0.19163,,,1.5589,0,,0,1,1,53,53,0,53.0,159190.0
183.0,75,100,120,0.0,81.259,21.465,4.2453,150,0.9,0,0.0017282,10.496,28.886,77905,86545.0,6.4971,297.91,598.18,1.6334,9.0,,23,,1.38,0.19158,,,1.5597,0,,0,1,1,53,53,0,53.0,158820.0
183.2,75,100,120,0.0,82.917,6.4395,67.613,150,0.9,0,0.0017384,10.5,28.913,77971,86622.0,6.4954,298.02,638.54,1.6343,9.0,,23,,1.3751,0.19161,,,1.5605,0,,0,1,1,53,53,0,53.0,158280.0
183.4,75,100,120,0.0,85.263,40.667,6.7613,150,0.9,0,0.0016808,10.559,28.94,78036,86699.0,6.4976,297.96,615.57,1.6351,9.0,,23,,1.3555,0.19176,,,1.5613,0,,0,1,1,53,53,0,53.0,160070.0
183.6,75,100,120,0.0,86.747,19.576,0.67613,150,0.9,0,0.0017188,10.553,28.966,78102,86777.0,6.5022,297.9,592.1,1.6359,9.0,,23,,1.35,0.1918,,,1.5621,0,,0,1,1,53,53,0,53.0,158870.0
183.8,75,100,120,0.0,86.365,5.8727,43.518,150,0.9,0,0.0017405,10.531,28.993,78168,86854.0,6.5065,297.95,610.4,1.6368,9.0,,23,,1.3625,0.1917,,,1.5629,0,,0,1,1,53,53,0,53.0,159320.0
184.0,75,100,120,0.0,84.294,1.7618,0.0001,150,0.9,0,0.0018049,10.473,29.02,78234,86931.0,6.5067,297.9,591.56,1.6377,9.0,,23,,1.384,0.19154,,,1.5638,0,,0,1,1,53,53,0,53.0,160620.0
184.2,75,100,120,0.0,82.164,0.52855,49.672,150,0.9,0,0.0017778,10.485,29.047,78299,87008.0,6.5037,297.97,617.6,1.6385,9.0,,23,,1.3792,0.19157,,,1.5646,0,,0,1,1,53,53,0,53.0,160410.0
184.4,75,100,120,0.0,81.215,20.818,4.9672,150,0.9,0,0.0018001,10.459,29.074,78364,87085.0,6.499,297.92,599.34,1.6394,9.0,,23,,1.3874,0.19151,,,1.5655,0,,0,1,1,53,53,0,53.0,159880.0
184.6,75,100,120,0.0,82.133,6.2454,69.226,150,0.9,0,0.0018843,10.431,29.102,78429,87161.0,6.4926,298.03,643.05,1.6404,9.0,,23,,1.3769,0.19159,,,1.5664,0,,0,1,1,53,53,0,53.0,159510.0
184.8,75,100,120,0.0,85.625,43.396,6.9226,150,0.9,0,0.0019802,10.386,29.129,78495,87239.0,6.4914,297.98,622.49,1.6413,9.0,,23,,1.3959,0.19144,,,1.5673,0,,0,1,1,53,53,0,53.0,159970.0
185.0,75,100,120,0.0,89.551,24.989,0.69226,150,0.9,0,0.0019498,10.406,29.156,78562,87318.0,6.4948,297.92,600.64,1.6423,9.0,,23,,1.3996,0.19141,,,1.5683,0,,0,1,1,53,53,0,53.0,160270.0
185.2,75,100,120,0.0,92.145,7.4967,44.642,150,0.9,0,0.0018707,10.46,29.183,78629,87397.0,6.4987,297.97,621.01,1.6433,9.0,,23,,1.3844,0.19152,,,1.5692,0,,0,1,1,53,53,0,53.0,160890.0
185.4,75,100,120,0.0,93.195,23.497,4.4642,150,0.9,0,0.0018512,10.474,29.209,78696,87476.0,6.5041,297.92,601.48,1.6443,9.0,,23,,1.3744,0.1916,,,1.5701,0,,0,1,1,53,53,0,53.0,159850.0
185.6,75,100,120,0.0,92.079,7.0491,67.867,150,0.9,0,0.0018745,10.461,29.236,78763,87555.0,6.5077,298.03,643.3,1.6452,9.0,,23,,1.3682,0.19164,,,1.5711,0,,0,1,1,53,53,0,53.0,160650.0
185.8,75,100,120,0.0,89.513,42.55,6.7867,150,0.9,0,0.0018446,10.458,29.262,78830,87633.0,6.5104,297.98,623.7,1.6462,9.0,,23,,1.3745,0.19159,,,1.572,0,,0,1,1,53,53,0,53.0,160440.0
186.0,75,100,120,0.0,85.857,25.147,0.67867,150,0.9,0,0.001793,10.467,29.288,78895,87711.0,6.513,297.92,601.45,1.6471,9.0,,23,,1.374,0.1916,,,1.5729,0,,0,1,1,53,53,0,53.0,161730.0
186.2,75,100,120,0.0,81.197,7.5441,45.257,150,0.9,0,0.0018209,10.409,29.315,78960,87788.0,6.5127,297.98,623.5,1.6481,9.0,,23,,1.4001,0.1914,,,1.5738,0,,0,1,1,53,53,0,53.0,161350.0
186.4,75,100,120,0.0,76.632,25.074,4.5257,150,0.9,0,0.0017771,10.421,29.341,79024,87863.0,6.5109,297.93,604.69,1.649,9.0,,23,,1.3967,0.19142,,,1.5747,0,,0,1,1,53,53,0,53.0,160480.0
186.6,75,100,120,0.0,72.808,7.5223,68.126,150,0.9,0,0.0018344,10.359,29.368,79087,87939.0,6.503,298.04,647.81,1.65,9.0,,23,,1.4231,0.19122,,,1.5756,0,,0,1,1,53,53,0,53.0,161440.0
186.8,75,100,120,0.0,72.129,44.347,6.8126,150,0.9,0,0.0018496,10.335,29.395,79150,88014.0,6.4943,297.99,626.63,1.6509,9.0,,23,,1.4342,0.19113,,,1.5765,0,,0,1,1,53,53,0,53.0,161900.0
187.0,75,100,120,0.0,74.953,26.006,0.68126,150,0.9,0,0.0018335,10.349,29.422,79214,88089.0,6.4893,297.93,604.41,1.6519,9.0,,23,,1.4336,0.19114,,,1.5775,0,,0,1,1,53,53,0,53.0,162200.0
187.2,75,100,120,0.0,79.734,7.8018,43.446,150,0.9,0,0.0018465,10.369,29.449,79279,88166.0,6.4888,297.98,625.02,1.6529,9.0,,23,,1.4193,0.19124,,,1.5784,0,,0,1,1,53,53,0,53.0,160820.0
187.4,75,100,120,0.0,84.737,24.239,4.3446,150,0.9,0,0.0018137,10.429,29.476,79344,88243.0,6.4912,297.93,605.2,1.6538,9.0,,23,,1.3864,0.19149,,,1.5793,0,,0,1,1,53,53,0,53.0,161280.0
187.6,75,100,120,0.0,88.758,7.2718,66.704,150,0.9,0,0.0016981,10.514,29.501,79410,88321.0,6.4982,298.03,643.97,1.6547,9.0,,23,,1.3635,0.19166,,,1.5802,0,,0,1,1,53,53,0,53.0,162070.0
187.8,75,100,120,0.0,89.993,40.086,6.6704,150,0.9,0,0.0016738,10.54,29.527,79477,88400.0,6.5066,297.97,621.16,1.6556,9.0,,23,,1.3446,0.1918,,,1.581,0,,0,1,1,53,53,0,53.0,162190.0
188.0,75,100,120,0.0,87.87,20.057,0.66704,150,0.9,0,0.0016959,10.507,29.553,79543,88477.0,6.5134,297.91,598.18,1.6565,9.0,,23,,1.3586,0.19169,,,1.5818,0,,0,1,1,53,53,0,53.0,161980.0
188.2,75,100,120,0.0,83.021,6.017,40.225,150,0.9,0,0.0016383,10.517,29.579,79608,88554.0,6.5189,297.95,613.34,1.6573,9.0,,23,,1.3757,0.19156,,,1.5826,0,,0,1,1,53,53,0,53.0,162940.0
188.4,75,100,120,0.0,75.966,16.893,4.0225,150,0.9,0,0.001673,10.463,29.605,79672,88630.0,6.5211,297.91,594.62,1.6581,9.0,,23,,1.3922,0.19144,,,1.5834,0,,0,1,1,53,53,0,53.0,161390.0
188.6,75,100,120,0.0,68.072,5.068,60.326,150,0.9,0,0.0017886,10.338,29.633,79734,88704.0,6.5181,298.0,631.63,1.659,9.0,,23,,1.4323,0.19113,,,1.5843,0,,0,1,1,53,53,0,53.0,162860.0
188.8,75,100,120,0.0,61.361,35.106,6.0326,150,0.9,0,0.0018101,10.289,29.661,79795,88777.0,6.5109,297.96,614.02,1.66,9.0,,23,,1.4551,0.19096,,,1.5852,0,,0,1,1,53,53,0,53.0,163160.0
189.0,75,100,120,0.0,57.549,18.653,0.60326,150,0.9,0,0.0019121,10.216,29.69,79855,88849.0,6.5004,297.91,596.89,1.6609,9.0,,23,,1.4719,0.19083,,,1.5861,0,,0,1,1,53,53,0,53.0,163460.0
189.2,75,100,120,0.0,57.914,5.5958,38.291,150,0.9,0,0.0019422,10.202,29.718,79915,88921.0,6.4937,297.96,616.73,1.6619,9.0,,23,,1.4827,0.19075,,,1.5871,0,,0,1,1,53,53,0,53.0,163600.0
189.4,75,100,120,0.0,60.944,20.378,3.8291,150,0.9,0,0.0019417,10.212,29.746,79976,88994.0,6.4881,297.92,601.38,1.663,9.0,,23,,1.4807,0.19076,,,1.5881,0,,0,1,1,53,53,0,53.0,162900.0
189.6,75,100,120,0.0,66.23,6.1133,60.587,150,0.9,0,0.0019666,10.216,29.774,80038,89068.0,6.484,298.02,640.47,1.664,9.0,,23,,1.4767,0.19079,,,1.5891,0,,0,1,1,53,53,0,53.0,164190.0
189.8,75,100,120,0.0,73.134,38.471,6.0587,150,0.9,0,0.0019654,10.247,29.8,80101,89144.0,6.4855,297.97,620.93,1.665,9.0,,23,,1.4737,0.19081,,,1.5901,0,,0,1,1,53,53,0,53.0,163990.0
190.0,75,100,120,0.0,79.445,21.172,0.60587,150,0.9,0,0.00202,10.232,29.827,80165,89221.0,6.4905,297.92,601.54,1.6661,9.0,,23,,1.4863,0.19071,,,1.5911,0,,0,1,1,53,53,0,53.0,163780.0
190.2,75,100,120,0.0,83.764,6.3516,38.863,150,0.9,-4000,0.0020899,10.236,29.853,79537,88498.0,6.5238,297.97,620.46,1.6577,9.0,,23,,1.4686,0.19086,,,1.583,0,,0,1,1,53,53,0,53.0,163570.0
190.4,75,100,120,0.0,74.685,20.814,3.8863,150,0.9,-4000,0.0020591,10.218,29.88,78908,87774.0,6.5533,297.93,604.73,1.6449,9.0,,23,,1.4587,0.19096,,,1.5708,0,,0,1,1,53,53,0,53.0,163700.0
190.6,75,100,120,0.51776,37.343,6.2441,59.137,150,0.9,-4000,0.0020674,10.03,29.909,78271,87043.0,6.552,298.04,645.8,1.6319,9.0,,23,,1.4942,0.19072,,,1.5582,0,,0,1,1,53,53,0,53.0,163670.0
190.8,75,100,120,1.0393,18.671,41.371,5.9137,150,0.9,-4000,0.0020768,9.936,29.94,77630,86308.0,6.5311,298.0,631.33,1.6188,9.0,,23,,1.5098,0.19063,,,1.5457,0,,0,1,1,53,53,0,53.0,164320.0
191.0,75,100,120,0.0,6.8246,28.77,0.59137,150,0.9,-4000,0.0020943,9.8796,29.971,76987,85570.0,6.4981,297.96,616.98,1.6057,9.0,,23,,1.4965,0.19075,,,1.5332,0,,0,1,1,53,53,0,53.0,163970.0
191.2,75,100,120,0.0,8.142,15.838,0.059137,150,0.9,-4000,0.002217,9.8453,30.002,76344,84833.0,6.4692,297.94,606.67,1.5927,9.0,,23,,1.4779,0.19092,,,1.5207,0,,0,1,1,53,53,0,53.0,163950.0
191.4,75,100,120,0.0,20.979,4.7513,27.578,150,0.9,-4000,0.0022331,9.8897,30.031,75704,84098.0,6.4582,297.98,622.91,1.5797,9.0,,23,,1.4543,0.19112,,,1.5082,0,,0,1,1,53,53,0,53.0,164250.0
191.6,75,100,120,0.0,38.159,17.808,2.7578,150,0.9,-4000,0.0021885,10.01,30.059,75068,83367.0,6.4691,297.95,610.81,1.5668,9.0,,23,,1.3976,0.19157,,,1.4958,0,,0,1,1,53,53,0,53.0,164880.0
191.8,75,100,120,0.0,50.988,5.3423,49.649,150,0.9,-4000,0.0022656,10.037,30.085,74434,82638.0,6.4913,298.04,643.59,1.5538,9.0,,23,,1.3688,0.19182,,,1.4833,0,,0,1,1,53,53,0,53.0,165010.0
192.0,75,100,120,0.0,54.963,34.93,4.9649,150,0.9,-4000,0.0023074,10.045,30.111,73801,81911.0,6.5171,297.99,626.57,1.5408,9.0,921.13,23,1755.3,1.3539,0.19195,30.002,24.11,1.4709,0,77.547,0,1,1,53,53,0,53.0,164460.0
192.2,75,100,120,0.0,48.639,19.214,0.49649,150,0.9,0,0.0022298,10.04,30.137,73860,81981.0,6.5094,297.95,611.05,1.5377,9.0,,23,,1.3503,0.19199,,,1.4679,0,,0,1,1,53,53,0,53.0,164420.0
192.4,75,100,120,0.0,45.526,5.7641,31.215,150,0.9,0,0.0020823,10.089,30.164,73918,82052.0,6.4996,297.99,626.31,1.5386,9.0,,23,,1.3318,0.19212,,,1.4688,0,,0,1,1,53,53,0,53.0,165720.0
192.6,75,100,120,0.0,46.232,18.822,3.1215,150,0.9,0,0.0020906,10.071,30.191,73976,82122.0,6.4907,297.95,613.03,1.5397,9.0,,23,,1.3471,0.19201,,,1.4698,0,,0,1,1,53,53,0,53.0,165180.0
192.8,75,100,120,0.0,50.467,5.2326,0.31215,150,0.9,0,0.0021753,10.036,30.218,74035,82193.0,6.4848,297.92,601.44,1.5408,9.0,,23,,1.3553,0.19194,,,1.4709,0,,0,1,1,53,53,0,53.0,165800.0
193.0,75,100,120,0.0,57.057,1.5698,21.88,150,0.9,0,0.0021724,10.066,30.243,74096,82266.0,6.4847,297.94,609.67,1.542,9.0,920.77,23,1757.5,1.3456,0.19201,30.137,24.143,1.472,0,77.768,0,1,1,53,53,0,53.0,165760.0
