time,aeration_rate,agitator,sugar_feed_rate,acid_flow_rate,base_flow_rate,heating/cooling_water_flow_rate,heating_water_flow_rate,water_for_injection/dilution,air_head_pressure,dumped_broth_flow,substrate_concentration,dissolved_oxygen_concentration,penicillin_concentration,vessel_volume,vessel_weight,pH,temperature,generated_heat,CO2_percent_in_off_gas,PAA_flow,PAA_concentration,oil_flow,NH3_concentration,oxygen_uptake_rate,oxygen_in_percent_in_off_gas,offline_penicillin_concentration,offline_biomass_concentration,carbon_evolution_rate,ammonia_shots,viscosity,Fault reference(Fault_ref:Fault ref),0 - Recipe driven 1 - Operator controlled(Control_ref:Control ref),1- No Raman spec, 1-Raman spec recorded,2-PAT control(PAT_ref:PAT ref),Batch reference(Batch_ref:Batch ref),experiment_ID,Fault flag
0.2,30,100,8,0.0,13.599,0.0001,76.422,0,0.6,0,1.1886,14.666,0.001,56840,62031.0,6.4693,297.86,64.004,0.085985,5.0,,22,,0.65445,0.19263,,,0.032702,0,,0,0,1,25,25,0,25.0,0.0
0.4,30,100,8,0.0,25.882,0.0001,27.465,0,0.6,0,1.2457,14.663,0.00099944,56842,62039.0,6.4878,297.93,81.639,0.096772,5.0,,22,,0.062674,0.20382,,,0.036806,0,,0,0,1,25,25,0,25.0,0.0
0.6,30,100,8,0.0,31.21,0.0001,0.0001,0,0.6,0,1.3012,14.64,0.00099886,56846,62047.0,6.5118,297.9,73.765,0.10013,5.0,,22,,-0.070826,0.2063,,,0.038084,0,,0,0,1,25,25,0,25.0,0.0
0.8,30,100,8,0.0,26.985,0.0001,45.892,0,0.6,0,1.356,14.619,0.0009983,56849,62054.0,6.5305,298.04,109.47,0.10204,5.0,,22,,-0.095012,0.20675,,,0.038811,0,,0,0,1,25,25,0,25.0,0.0
1.0,30,100,8,0.0,15.334,43.58,4.5892,0,0.6,0,1.4103,14.605,0.00099778,56849,62059.0,6.5345,297.96,89.763,0.10371,5.0,1408.4,22,1766.9,-0.097169,0.20678,0.001,0.50257,0.039444,0,4.0817,0,0,1,25,25,0,25.0,0.0
1.2,30,100,8,0.0,2.0886,17.929,0.45892,0,0.6,0,1.4637,14.583,0.0009973,56847,62061.0,6.5183,297.91,76.89,0.10537,5.0,,22,,-0.091079,0.20667,,,0.040076,0,,0,0,1,25,25,0,25.0,0.0
1.4,30,100,8,0.0,0.0,5.3788,31.466,0,0.6,0,1.5161,14.56,0.00099684,56845,62063.0,6.4996,297.99,98.401,0.10708,5.0,,22,,-0.082796,0.20651,,,0.040728,0,,0,0,1,25,25,0,25.0,0.0
1.6,30,100,8,0.0,0.67526,30.825,3.1466,0,0.6,0,1.5668,14.535,0.00099636,56842,62065.0,6.4825,297.94,84.071,0.10887,5.0,,22,,-0.073205,0.20633,,,0.041408,0,,0,0,1,25,25,0,25.0,0.0
1.8,30,100,8,0.0,8.182,9.2475,79.944,0,0.6,0,1.6164,14.507,0.00099586,56841,62069.0,6.4748,298.19,150.34,0.11073,5.0,,22,,-0.0622,0.20612,,,0.042117,0,,0,0,1,25,25,0,25.0,0.0
2.0,30,100,8,0.0,18.756,94.819,7.9944,0,0.6,0,1.6642,14.477,0.00099532,56843,62074.0,6.4786,298.06,115.0,0.11267,5.0,,22,,-0.050138,0.20589,,,0.042855,0,,0,0,1,25,25,0,25.0,0.0
2.2,30,100,8,0.0,27.797,53.521,0.79944,0,0.6,0,1.7105,14.456,0.00099475,56845,62082.0,6.4929,297.96,90.425,0.11469,5.0,,22,,-0.041987,0.20574,,,0.043624,0,,0,0,1,25,25,0,25.0,21911.0
2.4,30,100,8,0.0,31.127,24.28,0.079944,0,0.6,0,1.7549,14.43,0.00099418,56849,62090.0,6.5095,297.91,77.546,0.1168,5.0,,22,,-0.032371,0.20555,,,0.044424,0,,0,0,1,25,25,0,25.0,21574.0
2.6,30,100,8,0.0,27.821,7.2839,32.664,0,0.6,0,1.798,14.415,0.00099361,56852,62097.0,6.5214,298.01,102.46,0.11897,5.0,,22,,-0.027727,0.20546,,,0.045253,0,,0,0,1,25,25,0,25.0,20903.0
2.8,30,100,8,0.0,19.784,37.311,3.2664,0,0.6,0,1.8398,14.399,0.00099308,56854,62103.0,6.5223,297.95,87.973,0.12123,5.0,,22,,-0.024161,0.20539,,,0.04611,0,,0,0,1,25,25,0,25.0,21232.0
3.0,30,100,8,0.0,11.415,17.852,0.32664,0,0.6,0,1.8796,14.381,0.00099257,56853,62108.0,6.5136,297.92,79.214,0.12356,5.0,,22,,-0.020362,0.20532,,,0.046997,0,,0,0,1,25,25,0,25.0,21395.0
3.2,30,100,15,0.0,6.5305,5.3555,29.877,0,0.6,0,1.9316,14.36,0.00099206,56853,62113.0,6.4987,298.02,103.86,0.12597,5.0,,22,,-0.015191,0.20521,,,0.047915,0,,0,0,1,25,25,0,25.0,21557.0
3.4,30,100,15,0.0,7.5749,35.142,2.9877,0,0.6,0,1.9816,14.325,0.00099154,56854,62118.0,6.4852,297.97,91.447,0.12848,5.0,,22,,-0.0041306,0.205,,,0.048869,0,,0,0,1,25,25,0,25.0,21220.0
3.6,30,100,15,0.0,13.995,18.633,0.29877,0,0.6,0,2.0294,14.284,0.000991,56855,62124.0,6.4786,297.94,84.047,0.13108,5.0,,22,,0.011491,0.20471,,,0.04986,0,,0,0,1,25,25,0,25.0,21549.0
3.8,30,100,15,0.0,23.058,5.5899,27.389,0,0.6,0,2.0753,14.256,0.00099043,56859,62133.0,6.4807,298.03,108.31,0.13378,5.0,,22,,0.022561,0.2045,,,0.050885,0,,0,0,1,25,25,0,25.0,21378.0
4.0,30,100,15,0.0,31.27,35.523,2.7389,0,0.6,0,2.1195,14.222,0.00098983,56864,62143.0,6.4911,297.99,98.436,0.13656,5.0,,22,,0.034926,0.20426,,,0.051944,0,,0,0,1,25,25,0,25.0,21374.0
4.2,30,100,15,0.0,35.334,23.012,0.27389,0,0.6,0,2.1903,14.189,0.00098921,56870,62155.0,6.5056,297.97,91.732,0.13943,5.0,,30,,0.042177,0.20412,,,0.053036,0,,0,0,1,25,25,0,25.0,21203.0
4.4,30,100,15,0.0,33.6,14.243,0.027389,0,0.6,0,2.2597,14.164,0.00098861,56875,62167.0,6.5165,297.96,88.855,0.14239,5.0,,30,,0.049038,0.20398,,,0.054161,0,,0,0,1,25,25,0,25.0,20865.0
4.6,30,100,15,0.0,27.521,9.4702,0.0027389,0,0.6,0,2.3274,14.133,0.00098803,56880,62177.0,6.5189,297.96,88.427,0.14543,5.0,,30,,0.05779,0.20381,,,0.055321,0,,0,0,1,25,25,0,25.0,21861.0
4.8,30,100,15,0.0,20.5,7.4043,0.00027389,0,0.6,0,2.3923,14.077,0.00098747,56883,62187.0,6.5135,297.96,89.647,0.14859,5.0,,30,,0.076688,0.20345,,,0.056523,0,,0,0,1,25,25,0,25.0,21524.0
5.0,30,100,15,0.0,15.651,7.3776,0.0001,0,0.6,0,2.4556,14.033,0.00098692,56885,62195.0,6.5043,297.97,91.25,0.15187,5.0,,30,,0.093262,0.20314,,,0.057769,0,,0,0,1,25,25,0,25.0,21853.0
5.2,30,100,15,0.0,14.461,7.9837,0.0001,0,0.6,0,2.5166,14.001,0.0009864,56885,62202.0,6.494,297.97,93.227,0.15525,0.0,,30,,0.10378,0.20293,,,0.059057,0,,0,0,1,25,25,0,25.0,22015.0
5.4,30,100,15,0.0,17.368,9.302,0.0001,0,0.6,0,2.5732,13.957,0.00098587,56887,62209.0,6.4856,297.98,95.815,0.15877,0.0,,30,,0.1161,0.2027,,,0.060395,0,,0,0,1,25,25,0,25.0,22677.0
5.6,30,100,15,0.0,23.654,11.698,0.0001,0,0.6,0,2.6282,13.933,0.00098532,56889,62218.0,6.4818,297.99,98.012,0.16242,0.0,,30,,0.12089,0.2026,,,0.061784,0,,0,0,1,25,25,0,25.0,21507.0
5.8,30,100,15,0.0,31.457,13.93,0.0001,0,0.6,0,2.6805,13.897,0.00098474,56893,62229.0,6.4838,298.0,99.96,0.16619,0.0,,30,,0.12942,0.20243,,,0.06322,0,,0,0,1,25,25,0,25.0,21502.0
6.0,30,100,15,0.0,38.445,16.161,0.0001,0,0.6,0,2.7303,13.849,0.00098413,56899,62241.0,6.4919,298.01,101.36,0.17009,0.0,,30,,0.14386,0.20215,,,0.064703,0,,0,0,1,25,25,0,25.0,21331.0
6.2,30,100,15,0.0,42.169,17.95,0.0001,0,0.6,0,2.7769,13.805,0.00098351,56905,62253.0,6.5054,298.01,102.99,0.17412,0.0,,30,,0.15721,0.20189,,,0.066236,0,,0,0,1,25,25,0,25.0,21827.0
6.4,30,100,15,0.0,40.528,20.266,0.0001,0,0.6,0,2.8211,13.763,0.0009829,56911,62265.0,6.5179,298.02,104.53,0.17827,0.0,,30,,0.17016,0.20164,,,0.067817,0,,0,0,1,25,25,0,25.0,20656.0
6.6,30,100,15,0.0,33.898,22.693,0.0001,0,0.6,0,2.8626,13.709,0.00098232,56916,62276.0,6.5241,298.02,106.13,0.18255,0.0,,30,,0.18628,0.20133,,,0.069446,0,,0,0,1,25,25,0,25.0,21985.0
6.8,30,100,15,0.0,24.793,25.408,0.0001,0,0.6,0,2.9016,13.662,0.00098176,56918,62285.0,6.5205,298.03,106.76,0.18697,0.0,,30,,0.20041,0.20106,,,0.071128,0,,0,0,1,25,25,0,25.0,20647.0
7.0,30,100,15,0.0,17.124,27.087,0.0001,0,0.6,0,2.938,13.629,0.00098123,56920,62293.0,6.5086,298.03,107.48,0.19152,0.0,,30,,0.20744,0.20092,,,0.072859,0,,0,0,1,25,25,0,25.0,22309.0
7.2,30,100,15,0.0,14.238,29.001,0.0001,0,0.6,0,2.9712,13.568,0.00098072,56920,62300.0,6.4932,298.03,107.5,0.19621,0.0,,30,,0.22416,0.20059,,,0.074644,0,,0,0,1,25,25,0,25.0,21805.0
7.4,30,100,15,0.0,17.509,30.087,0.0001,0,0.6,0,3.0012,13.514,0.00098018,56922,62308.0,6.4817,298.03,108.05,0.20104,0.0,,30,,0.24034,0.20028,,,0.076485,0,,0,0,1,25,25,0,25.0,21467.0
7.6,30,100,15,0.0,25.329,31.896,0.0001,0,0.6,0,3.0278,13.457,0.00097963,56924,62317.0,6.4797,298.03,108.79,0.20602,0.0,,30,,0.25826,0.19993,,,0.07838,0,,0,0,1,25,25,0,25.0,21463.0
7.8,30,100,15,0.0,33.921,34.02,0.0001,0,0.6,0,3.0519,13.419,0.00097904,56929,62328.0,6.4885,298.04,109.57,0.21113,0.0,,30,,0.26959,0.19971,,,0.080325,0,,0,0,1,25,25,0,25.0,21958.0
8.0,30,100,15,0.0,39.007,36.298,0.0001,0,0.6,0,3.0724,13.367,0.00097843,56935,62339.0,6.502,298.04,109.48,0.21637,0.0,,30,,0.28303,0.19944,,,0.082319,0,,0,0,1,25,25,0,25.0,22120.0
8.2,42,100,15,0.0,38.708,37.528,0.0001,0,0.6,0,3.0894,13.462,0.00097783,56940,62351.0,6.5166,298.04,109.61,0.17403,0.0,,30,,0.24035,0.20162,,,0.092686,0,,0,0,1,25,25,0,25.0,20949.0
8.4,42,100,15,0.0,32.574,39.079,0.0001,0,0.6,0,3.1023,13.406,0.00097725,56945,62362.0,6.5253,298.04,110.19,0.1731,0.0,,30,,0.23271,0.20173,,,0.092186,0,,0,0,1,25,25,0,25.0,21278.0
8.6,42,100,15,0.0,22.98,41.217,0.0001,0,0.6,0,3.111,13.343,0.00097671,56947,62370.0,6.5187,298.04,111.33,0.17668,0.0,,30,,0.24835,0.20151,,,0.094096,0,,0,0,1,25,25,0,25.0,21607.0
8.8,42,100,15,0.0,16.072,44.169,0.0001,0,0.6,0,3.1159,13.282,0.00097619,56948,62378.0,6.5018,298.05,113.05,0.18086,0.0,,30,,0.26715,0.20125,,,0.096322,0,,0,0,1,25,25,0,25.0,20769.0
9.0,42,100,15,0.0,15.915,48.037,0.0001,0,0.6,0,3.1175,13.23,0.00097566,56949,62385.0,6.4845,298.06,115.13,0.18522,0.0,,30,,0.27808,0.20109,,,0.098647,0,,0,0,1,25,25,0,25.0,22264.0
9.2,42,100,15,0.0,22.651,52.602,0.0001,0,0.6,0,3.1154,13.188,0.00097511,56951,62394.0,6.4771,298.06,115.92,0.18973,0.0,,30,,0.28196,0.20103,,,0.10105,0,,0,0,1,25,25,0,25.0,21926.0
9.4,42,100,15,0.0,32.306,55.759,0.0001,0,0.6,0,3.1087,13.122,0.00097453,56956,62404.0,6.4806,298.06,116.61,0.19437,0.0,,30,,0.29955,0.20079,,,0.10352,0,,0,0,1,25,25,0,25.0,21422.0
9.6,42,100,15,0.0,40.563,58.938,0.0001,0,0.6,0,3.0991,13.076,0.00097393,56961,62416.0,6.4932,298.07,118.06,0.19915,0.0,,30,,0.30871,0.20065,,,0.10607,0,,0,0,1,25,25,0,25.0,21250.0
9.8,42,100,15,0.0,43.77,63.214,0.0001,0,0.6,0,3.0852,13.022,0.00097331,56968,62429.0,6.5069,298.07,119.07,0.20406,0.0,,30,,0.3173,0.20053,,,0.10869,0,,0,0,1,25,25,0,25.0,21912.0
10.0,42,100,15,0.0,41.538,67.099,0.0001,0,0.6,0,3.0679,12.942,0.0009727,56974,62442.0,6.5151,298.08,120.32,0.20911,0.0,,30,,0.34472,0.20015,,,0.11138,0,,0,0,1,25,25,0,25.0,22241.0
10.2,42,100,15,0.0,36.017,71.451,0.0001,0,0.6,0,3.0469,12.879,0.00097211,56979,62453.0,6.5141,298.08,120.95,0.2143,0.0,,30,,0.35916,0.19995,,,0.11414,0,,0,0,1,25,25,0,25.0,21736.0
10.4,42,100,15,0.0,30.938,75.165,0.0001,0,0.6,0,3.0207,12.814,0.00097154,56983,62463.0,6.5065,298.09,122.26,0.21965,0.0,,30,,0.37106,0.19978,,,0.11699,0,,0,0,1,25,25,0,25.0,21898.0
10.6,42,100,15,0.0,28.887,79.875,0.0001,0,0.6,0,2.9903,12.738,0.00097097,56987,62473.0,6.4978,298.08,121.69,0.22515,0.0,,30,,0.39242,0.19948,,,0.11992,0,,0,0,1,25,25,0,25.0,21060.0
10.8,42,100,15,0.0,30.279,82.286,0.0001,0,0.6,0,2.9559,12.649,0.0009704,56990,62483.0,6.4895,298.09,123.23,0.23081,0.0,,30,,0.42077,0.19908,,,0.12294,0,,0,0,1,25,25,0,25.0,21722.0
11.0,42,100,15,0.0,34.998,87.432,0.0001,0,0.6,0,2.9155,12.557,0.00096982,56995,62494.0,6.4851,298.1,125.27,0.23666,0.0,,30,,0.44655,0.19872,,,0.12606,0,,0,0,1,25,25,0,25.0,20717.0
11.2,42,100,15,0.0,41.452,93.403,0.0001,0,0.6,0,2.87,12.466,0.00096921,57001,62507.0,6.486,298.1,127.4,0.2427,0.0,,30,,0.47548,0.19832,,,0.12928,0,,0,0,1,25,25,0,25.0,21879.0
11.4,42,100,15,0.0,47.551,99.774,0.0001,0,0.6,0,2.8211,12.388,0.00096858,57009,62520.0,6.4925,298.1,126.66,0.2489,0.0,,30,,0.49862,0.198,,,0.13259,0,,0,0,1,25,25,0,25.0,20874.0
11.6,42,100,15,0.0,51.044,102.67,0.0001,0,0.6,0,2.7656,12.285,0.00096794,57017,62535.0,6.5029,298.11,128.14,0.2553,0.0,,30,,0.52666,0.1976,,,0.136,0,,0,0,1,25,25,0,25.0,22536.0
11.8,42,100,15,0.0,50.377,108.46,0.0001,0,0.6,0,2.7043,12.204,0.0009673,57025,62549.0,6.5103,298.11,128.62,0.26189,0.0,,30,,0.54551,0.19734,,,0.13951,0,,0,0,1,25,25,0,25.0,21865.0
12.0,42,100,15,0.0,46.772,113.08,0.0001,0,0.6,0,2.6377,12.113,0.00096668,57032,62563.0,6.511,298.11,129.44,0.26867,0.0,1542.1,30,1903.3,0.56669,0.19704,0.00096921,2.2725,0.14312,0,10.418,0,0,1,25,25,0,25.0,21193.0
12.2,42,100,30,0.0,42.925,118.25,0.0001,0,0.6,0,2.5948,12.014,0.00096602,57041,62579.0,6.5049,298.12,131.96,0.27567,0.0,,30,,0.58717,0.19674,,,0.14685,0,,0,0,1,25,25,0,25.0,21021.0
12.4,42,100,30,0.0,41.523,125.75,0.0001,0,0.6,0,2.5456,11.904,0.00096536,57050,62596.0,6.4955,298.13,133.77,0.28288,0.0,,30,,0.617,0.19633,,,0.1507,0,,0,0,1,25,25,0,25.0,21016.0
12.6,42,100,30,0.0,43.865,132.63,0.0001,0,0.7,0,2.4891,12.636,0.0009647,57060,62613.0,6.4896,298.14,135.9,0.29032,0.0,,30,,0.65146,0.19584,,,0.15466,0,,0,0,1,25,25,0,25.0,21178.0
12.8,42,100,30,0.0,48.541,140.21,0.0001,0,0.7,0,2.4268,12.506,0.00096401,57070,62630.0,6.4866,298.14,137.65,0.298,0.0,,30,,0.68475,0.19538,,,0.15876,0,,0,0,1,25,25,0,25.0,21840.0
13.0,42,100,30,0.0,54.426,147.59,0.0001,0,0.7,0,2.3548,12.359,0.00096331,57082,62649.0,6.4886,298.14,137.55,0.30597,0.0,,30,,0.72812,0.19477,,,0.16301,0,,0,0,1,25,25,0,25.0,21835.0
13.2,42,100,30,0.0,59.477,152.8,0.0001,0,0.7,0,2.2744,12.254,0.0009626,57094,62669.0,6.4912,298.13,134.2,0.31419,0.0,,30,,0.75365,0.19441,,,0.16739,0,,0,0,1,25,25,0,25.0,20663.0
13.4,42,100,30,0.0,63.505,153.79,0.0001,0,0.7,0,2.1876,12.14,0.00096187,57108,62690.0,6.4959,298.12,130.48,0.32263,0.0,,30,,0.78247,0.194,,,0.17189,0,,0,0,1,25,25,0,25.0,21658.0
13.6,42,100,30,0.0,65.649,153.91,0.0001,0,0.7,0,2.0929,11.987,0.00096113,57122,62712.0,6.4988,298.11,128.52,0.33135,0.0,,30,,0.82437,0.19341,,,0.17654,0,,0,0,1,25,25,0,25.0,22486.0
13.8,42,100,30,0.0,66.667,155.82,0.0001,0,0.7,0,1.9908,11.854,0.0009604,57136,62733.0,6.5013,298.11,127.47,0.34035,0.0,,30,,0.85994,0.19291,,,0.18134,0,,0,0,1,25,25,0,25.0,21981.0
14.0,42,100,30,0.0,66.655,158.59,0.0001,0,0.7,0,1.8802,11.712,0.00095966,57150,62754.0,6.5006,298.1,126.78,0.34961,0.0,,30,,0.90024,0.19234,,,0.18628,0,,0,0,1,25,25,0,25.0,21310.0
14.2,42,100,30,0.0,66.943,161.67,0.0001,0,0.7,0,1.7608,11.556,0.00095892,57164,62776.0,6.4974,298.1,124.89,0.35915,0.0,,30,,0.94363,0.19172,,,0.19136,0,,0,0,1,25,25,0,25.0,21638.0
14.4,42,100,30,0.0,68.526,163.06,0.0001,0,0.7,0,1.6349,11.445,0.00095818,57179,62798.0,6.496,298.08,121.69,0.36892,0.0,,30,,0.97202,0.19132,,,0.19658,0,,0,0,1,25,25,0,25.0,21133.0
14.6,42,100,30,0.0,70.63,162.49,0.0001,0,0.7,0,1.5018,11.294,0.00095743,57194,62820.0,6.4941,298.09,122.27,0.37895,0.0,,30,,1.0136,0.19073,,,0.20192,0,,0,0,1,25,25,0,25.0,21461.0
14.8,42,100,30,0.0,73.507,166.46,0.0001,0,0.7,0,1.3582,11.093,0.00095668,57209,62843.0,6.4927,298.09,123.43,0.38929,0.0,,30,,1.0744,0.18987,,,0.20744,0,,0,0,1,25,25,0,25.0,20789.0
15.0,42,100,30,0.0,76.926,171.16,0.0001,0,0.7,0,1.2075,10.944,0.00095591,57225,62867.0,6.4903,298.09,124.62,0.39994,0.0,,30,,1.1161,0.18928,,,0.21312,0,,0,0,1,25,25,0,25.0,21784.0
15.2,42,100,30,0.0,81.321,176.05,0.0001,0,0.7,0,1.0463,10.761,0.00095513,57242,62891.0,6.4881,298.09,124.65,0.4109,0.0,,30,,1.1687,0.18853,,,0.21897,0,,0,0,1,25,25,0,25.0,20778.0
15.4,42,100,30,0.0,86.588,179.6,0.0001,0,0.7,0,0.87762,10.6,0.00095433,57260,62916.0,6.4848,298.09,124.6,0.42217,0.0,,30,,1.2136,0.18789,,,0.22498,0,,0,0,1,25,25,0,25.0,21940.0
15.6,42,100,30,0.0,93.187,183.06,0.0001,0,0.7,0,0.69956,10.451,0.00095351,57280,62943.0,6.4814,298.1,125.51,0.43373,0.0,,30,,1.2503,0.18736,,,0.23115,0,,0,0,1,25,25,0,25.0,20768.0
15.8,42,100,30,0.0,101.17,187.79,0.0001,0,0.7,0,0.51506,10.325,0.00095266,57301,62972.0,6.4781,298.1,126.73,0.44555,0.0,,30,,1.2801,0.18692,,,0.23746,0,,0,0,1,25,25,0,25.0,22429.0
16.0,42,100,30,0.0,110.47,193.01,0.0001,0,0.7,0,0.3247,10.207,0.00095178,57324,63002.0,6.4758,298.1,125.25,0.45761,0.0,,30,,1.3109,0.18647,,,0.24389,0,,0,0,1,25,25,0,25.0,22257.0
16.2,42,100,75,0.0,120.65,194.88,0.0001,0,0.7,0,0.24911,10.074,0.00095072,57357,63047.0,6.4743,298.09,123.34,0.46986,0.0,,35,,1.3342,0.18613,,,0.25043,0,,0,0,1,25,25,0,25.0,21585.0
16.4,42,100,75,0.0,131.44,196.06,0.0001,0,0.7,0,0.17032,9.981,0.00094963,57393,63095.0,6.4736,298.08,119.76,0.48231,0.0,,35,,1.3554,0.18581,,,0.25707,0,,0,0,1,25,25,0,25.0,21246.0
16.6,42,100,75,0.0,142.51,194.81,0.0001,0,0.7,0,0.097887,9.9919,0.0009485,57432,63144.0,6.4751,298.07,118.05,0.49486,0.0,,35,,1.3594,0.18573,,,0.26377,0,,0,0,1,25,25,0,25.0,20574.0
16.8,42,100,75,0.0,152.99,195.53,0.0001,0,0.7,0,0.048013,10.275,0.00094735,57472,63196.0,6.482,298.04,110.13,0.50716,0.0,,35,,1.3017,0.18651,,,0.27034,0,,0,0,1,25,25,0,25.0,22402.0
17.0,42,100,75,0.0,160.69,187.89,0.0001,0,0.7,0,0.032924,10.517,0.00094616,57514,63249.0,6.4951,298.0,99.448,0.51873,0.0,,35,,1.2157,0.18768,,,0.27651,0,,0,0,1,25,25,0,25.0,21230.0
17.2,42,100,75,0.0,163.13,175.73,0.0001,0,0.7,0,0.029913,10.54,0.00094498,57556,63303.0,6.5089,297.96,87.878,0.52971,0.0,,35,,1.1793,0.18816,,,0.28237,0,,0,0,1,25,25,0,25.0,22058.0
17.4,42,100,75,0.0,160.08,160.99,0.0001,0,0.7,0,0.028585,10.46,0.00094381,57598,63356.0,6.5206,297.94,83.892,0.54056,0.0,,35,,1.1914,0.18797,,,0.28817,0,,0,0,1,25,25,0,25.0,22052.0
17.6,42,100,75,0.0,152.37,48.298,166.42,0,0.7,0,0.027126,10.444,0.00094266,57638,63408.0,6.5304,298.73,294.86,0.55138,0.0,,35,,1.1947,0.1879,,,0.29394,0,,0,0,1,25,25,0,25.0,21380.0
17.8,42,100,75,0.0,140.73,319.56,16.642,0,0.7,0,0.026027,10.396,0.00094154,57676,63457.0,6.5384,298.43,214.1,0.56215,0.0,,35,,1.1969,0.18785,,,0.29969,0,,0,0,1,25,25,0,25.0,20708.0
18.0,42,100,75,0.0,125.89,236.55,1.6642,0,0.7,0,0.025103,10.338,0.00094047,57711,63503.0,6.5443,298.25,167.14,0.57293,0.0,,35,,1.2053,0.18772,,,0.30544,0,,0,0,1,25,25,0,25.0,20369.0
18.2,42,100,75,0.0,108.71,194.2,0.16642,0,0.7,0,0.023926,10.297,0.00093947,57742,63546.0,6.5477,298.16,141.19,0.58368,0.0,,35,,1.2161,0.18755,,,0.31119,0,,0,0,1,25,25,0,25.0,22031.0
18.4,42,100,75,0.0,90.142,171.5,0.016642,0,0.7,0,0.023048,10.218,0.00093853,57770,63585.0,6.548,298.11,127.79,0.59444,0.0,,35,,1.2289,0.18735,,,0.31693,0,,0,0,1,25,25,0,25.0,21525.0
18.6,42,100,75,0.0,71.483,160.79,0.0016642,0,0.7,0,0.021393,10.206,0.00093766,57794,63620.0,6.5436,298.09,122.45,0.60517,0.0,,35,,1.2294,0.18732,,,0.32266,0,,0,0,1,25,25,0,25.0,21186.0
18.8,42,100,75,0.0,54.569,158.28,0.00016642,0,0.7,0,0.020763,10.12,0.00093684,57815,63652.0,6.5295,298.06,115.46,0.61586,0.0,,35,,1.248,0.18705,,,0.32837,0,,0,0,1,25,25,0,25.0,21181.0
19.0,42,100,75,0.0,43.326,152.65,0.0001,0,0.7,0,0.019891,10.071,0.00093606,57833,63682.0,6.5061,298.05,113.29,0.62654,0.0,,35,,1.2603,0.18686,,,0.33407,0,,0,0,1,25,25,0,25.0,22009.0
19.2,42,100,75,0.0,41.419,152.31,0.0001,0,0.7,0,0.018839,10.034,0.00093528,57851,63711.0,6.4856,298.04,109.31,0.63718,0.0,,35,,1.2715,0.18668,,,0.33976,0,,0,0,1,25,25,0,25.0,21836.0
19.4,42,100,75,0.0,47.685,149.21,0.0001,0,0.7,0,0.017753,10.036,0.00093449,57870,63741.0,6.4746,298.02,105.46,0.64774,0.0,,35,,1.2694,0.18669,,,0.3454,0,,0,0,1,25,25,0,25.0,21664.0
19.6,42,100,75,0.0,58.348,145.76,0.0001,0,0.7,0,0.017203,10.015,0.00093366,57892,63774.0,6.4721,298.02,103.73,0.65824,0.0,,35,,1.2664,0.18671,,,0.35101,0,,0,0,1,25,25,0,25.0,21659.0
19.8,42,100,75,0.0,70.013,144.51,0.0001,0,0.7,0,0.016602,10.01,0.00093279,57915,63809.0,6.4772,298.01,101.98,0.66869,0.0,,35,,1.2606,0.18677,,,0.35659,0,,0,0,1,25,25,0,25.0,21486.0
20.0,42,100,75,0.0,79.614,142.93,0.0001,0,0.7,0,0.015742,10.003,0.00093189,57941,63845.0,6.4875,298.0,100.06,0.67908,0.0,,35,,1.2574,0.1868,,,0.36214,0,,0,0,1,25,25,0,25.0,21148.0
20.2,55,100,150,0.0,85.134,140.88,0.0001,0,0.7,0,0.055861,8.9674,0.00093074,57983,63903.0,6.4745,298.09,122.31,0.54515,0.0,,35,,1.5463,0.18811,,,0.38056,0,,0,0,1,25,25,0,25.0,20975.0
20.4,55,100,150,0.0,95.93,169.68,0.0001,0,0.7,0,0.062048,8.6839,0.00092955,58027,63963.0,6.4583,298.15,139.96,0.54799,0.0,,35,,1.6412,0.1871,,,0.38255,0,,0,0,1,25,25,0,25.0,21803.0
20.6,55,100,150,0.0,113.13,194.96,0.0001,0,0.7,0,0.057382,8.6089,0.0009283,58074,64026.0,6.4455,298.17,145.93,0.55885,0.0,,35,,1.6553,0.18693,,,0.39014,0,,0,0,1,25,25,0,25.0,21631.0
20.8,55,100,150,0.0,135.43,207.82,0.0001,0,0.7,0,0.049968,8.5447,0.00092698,58126,64093.0,6.4367,298.19,149.4,0.57027,0.0,,35,,1.6701,0.18675,,,0.39813,0,,0,0,1,25,25,0,25.0,21125.0
21.0,55,100,150,0.0,161.25,218.63,0.0001,0,0.7,0,0.046677,8.4289,0.00092559,58183,64166.0,6.4304,298.19,150.24,0.58182,0.0,,35,,1.7056,0.18636,,,0.4062,0,,0,0,1,25,25,0,25.0,20619.0
21.2,55,100,150,0.0,189.62,226.61,0.0001,0,0.7,0,0.04103,8.4288,0.0009241,58245,64245.0,6.4266,298.18,146.73,0.59343,0.0,,35,,1.7018,0.18638,,,0.41432,0,,0,0,1,25,25,0,25.0,20614.0
21.4,55,100,150,0.0,219.48,229.22,0.0001,0,0.7,0,0.038462,8.334,0.00092253,58314,64329.0,6.4237,298.17,143.79,0.6051,0.0,,35,,1.7202,0.18616,,,0.42248,0,,0,0,1,25,25,0,25.0,21608.0
21.6,55,100,150,0.0,225.0,232.19,0.0001,0,0.7,0,0.035816,8.2734,0.00092094,58383,64415.0,6.4217,298.15,140.42,0.61682,0.0,,35,,1.7422,0.18591,,,0.43068,0,,0,0,1,25,25,0,25.0,21102.0
21.8,55,100,150,0.0,225.0,234.2,0.0001,0,0.7,0,0.03369,8.2089,0.00091936,58453,64500.0,6.4202,298.14,135.85,0.62857,0.0,,35,,1.7561,0.18574,,,0.4389,0,,0,0,1,25,25,0,25.0,20930.0
22.0,55,100,150,0.0,225.0,234.22,0.0001,0,0.7,0,0.031541,8.1738,0.00091778,58523,64586.0,6.4191,298.12,130.58,0.64032,0.0,,35,,1.7577,0.1857,,,0.44712,0,,0,0,1,25,25,0,25.0,21257.0
22.2,55,100,150,0.0,225.0,232.76,0.0001,0,0.7,0,0.029922,8.1111,0.0009162,58592,64671.0,6.4184,298.1,124.81,0.65208,0.0,,35,,1.7696,0.18555,,,0.45535,0,,0,0,1,25,25,0,25.0,21585.0
22.4,55,100,150,0.0,225.0,229.96,0.0001,0,0.7,0,0.028223,8.063,0.00091463,58662,64757.0,6.4183,298.09,123.99,0.66385,0.0,,35,,1.7821,0.18539,,,0.46357,0,,0,0,1,25,25,0,25.0,21246.0
22.6,55,100,150,0.0,225.0,232.68,0.0001,0,0.7,0,0.02693,7.9954,0.00091307,58732,64842.0,6.4183,298.08,120.82,0.67562,0.0,,35,,1.7959,0.18523,,,0.47181,0,,0,0,1,25,25,0,25.0,21407.0
22.8,55,100,150,0.0,225.0,232.17,0.0001,0,0.7,0,0.026395,7.9186,0.00091151,58801,64928.0,6.4181,298.07,116.93,0.68743,0.0,,35,,1.8115,0.18504,,,0.48007,0,,0,0,1,25,25,0,25.0,20734.0
23.0,55,100,150,0.0,225.0,230.38,0.0001,0,0.7,0,0.023453,7.991,0.00090995,58871,65013.0,6.4194,298.04,110.58,0.69915,0.0,,35,,1.7912,0.18523,,,0.48828,0,,0,0,1,25,25,0,25.0,20895.0
23.2,55,100,150,0.0,225.0,224.96,0.0001,0,0.7,0,0.02064,8.0808,0.0009084,58941,65098.0,6.4227,298.0,98.489,0.71065,0.0,,35,,1.7665,0.18547,,,0.49632,0,,0,0,1,25,25,0,25.0,21223.0
23.4,55,100,150,0.0,225.0,211.5,0.0001,0,0.7,0,0.020271,7.9675,0.00090685,59010,65183.0,6.4254,297.99,96.655,0.72208,0.0,,35,,1.7869,0.18524,,,0.50432,0,,0,0,1,25,25,0,25.0,21383.0
23.6,55,100,150,0.0,225.0,209.5,0.0001,0,0.7,0,0.018829,7.9706,0.00090531,59080,65267.0,6.4283,298.0,97.576,0.7335,0.0,,35,,1.7854,0.18523,,,0.51231,0,,0,0,1,25,25,0,25.0,22044.0
23.8,55,100,150,0.0,225.0,210.44,0.0001,0,0.7,0,0.018306,7.9103,0.00090377,59149,65352.0,6.4309,298.0,99.595,0.7449,0.0,,35,,1.786,0.1852,,,0.52029,0,,0,0,1,25,25,0,25.0,21038.0
24.0,55,100,150,0.0,225.0,212.81,0.0001,0,0.7,0,0.017588,7.9,0.00090224,59219,65437.0,6.4336,297.99,96.021,0.75629,0.0,1184.4,35,1875.8,1.7779,0.18527,0.0009084,9.2348,0.52826,0,21.979,0,0,1,25,25,0,25.0,21033.0
24.2,55,100,30,0.0,225.0,208.39,0.0001,0,0.7,0,0.0031506,11.375,0.015991,59265,65491.0,6.4739,297.73,25.376,0.76352,0.0,,35,,0.91215,0.1943,,,0.53332,0,,0,0,1,25,25,0,25.0,21601.0
24.4,55,100,30,0.0,225.0,62.517,335.57,0,0.7,0,0.0031501,11.364,0.03387,59310,65544.0,6.5128,298.86,336.28,0.76812,0.0,,35,,0.80456,0.19541,,,0.53654,0,,0,0,1,25,25,0,25.0,21849.0
24.6,55,100,30,0.0,220.42,444.41,33.557,0,0.7,0,0.0032246,11.306,0.050938,59355,65597.0,6.5474,298.22,159.08,0.7726,0.0,,35,,0.80505,0.19539,,,0.53968,0,,0,0,1,25,25,0,25.0,20427.0
24.8,55,100,30,0.0,202.0,246.24,3.3557,0,0.7,0,0.0032227,11.258,0.068185,59396,65646.0,6.5779,297.87,61.759,0.77707,0.0,,35,,0.8187,0.19524,,,0.54281,0,,0,0,1,25,25,0,25.0,21173.0
25.0,55,100,30,0.51766,101.0,73.873,217.94,0,0.7,0,0.0032771,11.087,0.08518,59417,65675.0,6.6004,298.59,261.56,0.78156,0.0,,35,,0.85143,0.1949,,,0.54595,0,,0,0,1,25,25,0,25.0,20917.0
25.2,55,100,30,1.0361,50.499,321.57,21.794,0,0.8,0,0.003332,11.78,0.10166,59427,65694.0,6.6036,298.14,137.77,0.78609,0.0,,35,,0.89897,0.1944,,,0.54912,0,,0,0,1,25,25,0,25.0,21992.0
25.4,55,100,30,1.5567,25.249,183.45,2.1794,0,0.8,0,0.0031848,11.762,0.11948,59433,65708.0,6.5776,297.92,77.42,0.79057,0.0,,35,,0.90161,0.19436,,,0.55226,0,,0,0,1,25,25,0,25.0,22074.0
25.6,55,100,30,2.0802,12.625,55.034,152.09,0,0.8,0,0.0031171,11.717,0.1381,59437,65720.0,6.5345,298.47,228.72,0.795,0.0,,35,,0.91063,0.19426,,,0.55536,0,,0,0,1,25,25,0,25.0,20826.0
25.8,55,100,30,0.0,0.0,243.04,15.209,0,0.8,0,0.0030257,11.704,0.15758,59437,65728.0,6.4811,298.18,148.12,0.79937,0.0,,35,,0.90774,0.19428,,,0.55842,0,,0,0,1,25,25,0,25.0,22416.0
26.0,55,100,30,0.0,8.0977,155.85,1.5209,0,0.8,0,0.0029677,11.719,0.17768,59439,65738.0,6.4457,298.01,101.64,0.80367,0.0,,35,,0.89855,0.19437,,,0.56143,0,,0,0,1,25,25,0,25.0,22175.0
26.2,55,100,30,0.0,30.297,106.67,0.15209,0,0.8,0,0.002989,11.721,0.19765,59446,65753.0,6.4403,297.93,79.783,0.80795,0.0,,35,,0.89008,0.19445,,,0.56442,0,,0,0,1,25,25,0,25.0,22934.0
26.4,55,100,30,0.0,54.62,32.001,101.81,0,0.8,0,0.0030188,11.728,0.21753,59458,65773.0,6.4602,298.35,194.6,0.81224,0.0,,35,,0.87826,0.19456,,,0.56743,0,,0,0,1,25,25,0,25.0,22359.0
26.6,55,100,30,0.0,70.982,173.58,10.181,0,0.8,0,0.0029759,11.756,0.23795,59472,65796.0,6.4877,298.16,142.06,0.81651,0.0,,35,,0.86313,0.19471,,,0.57042,0,,0,0,1,25,25,0,25.0,22453.0
26.8,55,100,30,0.0,76.398,117.87,1.0181,0,0.8,0,0.0029956,11.752,0.25841,59488,65819.0,6.5151,298.06,115.86,0.82075,0.0,,35,,0.84813,0.19485,,,0.57339,0,,0,0,1,25,25,0,25.0,21548.0
27.0,55,100,30,0.0,70.857,92.5,0.10181,0,0.8,0,0.0029106,11.734,0.27967,59503,65842.0,6.5376,298.02,102.88,0.82497,0.0,,35,,0.85075,0.19482,,,0.57634,0,,0,0,1,25,25,0,25.0,22479.0
27.2,55,100,30,0.0,56.346,79.384,0.010181,0,0.8,0,0.0029037,11.687,0.30111,59515,65862.0,6.5488,298.0,98.459,0.82915,0.0,,35,,0.8617,0.1947,,,0.57927,0,,0,0,1,25,25,0,25.0,22912.0
27.4,55,100,30,0.0,37.37,74.826,0.0010181,0,0.8,0,0.0028702,11.652,0.323,59523,65878.0,6.5416,298.0,97.805,0.8333,0.0,,35,,0.86075,0.1947,,,0.58218,0,,0,0,1,25,25,0,25.0,22014.0
27.6,55,100,30,0.0,21.31,74.141,0.00010181,0,0.8,0,0.0027963,11.623,0.34572,59528,65891.0,6.5162,298.0,97.66,0.83742,0.0,,35,,0.86126,0.19469,,,0.58506,0,,0,0,1,25,25,0,25.0,22619.0
27.8,55,100,30,0.0,15.405,73.902,0.0001,0,0.8,0,0.0028067,11.557,0.36847,59531,65903.0,6.4855,297.99,96.904,0.84153,0.0,,35,,0.87972,0.19449,,,0.58794,0,,0,0,1,25,25,0,25.0,22225.0
28.0,55,100,30,0.0,21.735,72.866,0.0001,0,0.8,0,0.0028505,11.51,0.39091,59536,65916.0,6.4646,298.0,97.315,0.84568,0.0,,35,,0.88931,0.19438,,,0.59085,0,,0,0,1,25,25,0,25.0,22329.0
28.2,55,100,37,0.0,36.375,73.202,0.0001,0,0.8,0,0.0033446,11.243,0.40869,59545,65934.0,6.4601,298.02,102.85,0.8502,0.0,,35,,0.94725,0.19377,,,0.59401,0,,0,0,1,25,25,0,25.0,23077.0
28.4,55,100,37,0.0,52.794,79.955,0.0001,0,0.8,0,0.0033174,11.256,0.42681,59558,65955.0,6.4724,298.02,102.91,0.85489,0.0,,35,,0.94647,0.19377,,,0.59729,0,,0,0,1,25,25,0,25.0,22827.0
28.6,55,100,37,0.0,64.315,80.487,0.0001,0,0.8,0,0.0032837,11.265,0.44531,59573,65978.0,6.4926,298.01,101.03,0.85955,0.0,,35,,0.94056,0.19382,,,0.60056,0,,0,0,1,25,25,0,25.0,23079.0
28.8,55,100,37,0.0,67.764,78.757,0.0001,0,0.8,0,0.0032818,11.231,0.46399,59588,66002.0,6.5135,298.0,98.842,0.8642,0.0,,35,,0.94813,0.19374,,,0.60381,0,,0,0,1,25,25,0,25.0,23164.0
29.0,55,100,37,0.0,62.875,76.44,0.0001,0,0.8,0,0.0032726,11.213,0.48307,59603,66025.0,6.5298,298.0,98.962,0.86884,0.0,,35,,0.93737,0.19384,,,0.60706,0,,0,0,1,25,25,0,25.0,23085.0
29.2,55,100,37,0.0,51.477,76.714,0.0001,0,0.8,0,0.0032772,11.143,0.50219,59615,66046.0,6.5373,298.01,100.42,0.8735,0.0,,35,,0.94856,0.19371,,,0.61033,0,,0,0,1,25,25,0,25.0,24173.0
29.4,55,100,37,0.0,37.102,78.611,0.0001,0,0.8,0,0.0033026,11.058,0.52106,59625,66064.0,6.5296,298.01,100.55,0.8782,0.0,,35,,0.96839,0.1935,,,0.61362,0,,0,0,1,25,25,0,25.0,23593.0
29.6,55,100,37,0.0,25.848,79.009,0.0001,0,0.8,0,0.0032075,11.014,0.54106,59632,66079.0,6.5081,298.01,100.13,0.88289,0.0,,35,,0.98753,0.19329,,,0.6169,0,,0,0,1,25,25,0,25.0,24019.0
29.8,55,100,37,0.0,23.178,78.782,0.0001,0,0.8,0,0.0030938,11.015,0.56246,59638,66094.0,6.4849,298.0,97.458,0.8875,0.0,,35,,0.98288,0.19333,,,0.62014,0,,0,0,1,25,25,0,25.0,23452.0
30.0,55,100,37,0.0,29.755,75.703,0.0001,0,0.8,0,0.0031235,10.972,0.5838,59646,66111.0,6.4712,297.99,96.809,0.8921,0.0,,35,,0.99174,0.19323,,,0.62336,0,,0,0,1,25,25,0,25.0,23050.0
30.2,55,100,37,0.0,41.747,74.846,0.0001,0,0.9,0,0.0031306,11.788,0.60516,59657,66130.0,6.4732,297.99,95.477,0.89673,0.0,,35,,0.99348,0.1932,,,0.6266,0,,0,0,1,25,25,0,25.0,24649.0
30.4,55,100,37,0.0,52.93,72.996,0.0001,0,0.9,0,0.003068,11.801,0.62725,59669,66151.0,6.483,297.98,93.982,0.90134,0.0,,35,,0.98455,0.19329,,,0.62983,0,,0,0,1,25,25,0,25.0,24918.0
30.6,55,100,37,0.0,60.234,70.782,0.0001,0,0.9,0,0.0030274,11.831,0.64989,59683,66173.0,6.4979,297.97,91.107,0.90588,0.0,,35,,0.96643,0.19347,,,0.63301,0,,0,0,1,25,25,0,25.0,23357.0
30.8,55,100,37,0.0,61.59,66.656,0.0001,0,0.9,0,0.0030602,11.796,0.67228,59697,66196.0,6.5127,297.97,89.418,0.9104,0.0,,35,,0.97289,0.19339,,,0.63618,0,,0,0,1,25,25,0,25.0,24628.0
31.0,55,100,37,0.0,57.039,63.653,0.0001,0,0.9,0,0.0030767,11.737,0.69466,59711,66218.0,6.5241,297.97,89.82,0.91494,0.0,,35,,0.98884,0.19322,,,0.63936,0,,0,0,1,25,25,0,25.0,24398.0
31.2,55,100,37,0.0,47.911,62.988,0.0001,0,0.9,0,0.0030285,11.706,0.71756,59722,66238.0,6.5284,297.98,91.854,0.91946,0.0,,35,,0.99631,0.19313,,,0.64252,0,,0,0,1,25,25,0,25.0,25171.0
31.4,55,100,37,0.0,37.106,64.35,0.0001,0,0.9,0,0.0029873,11.68,0.74118,59732,66256.0,6.5234,297.98,93.288,0.92393,0.0,,35,,1.0003,0.19308,,,0.64565,0,,0,0,1,25,25,0,25.0,24781.0
31.6,55,100,37,0.0,28.287,65.196,0.0001,0,0.9,0,0.0029057,11.647,0.76545,59739,66272.0,6.5091,297.99,95.291,0.92835,0.0,,35,,1.0116,0.19295,,,0.64875,0,,0,0,1,25,25,0,25.0,25061.0
31.8,55,100,37,0.0,25.206,66.958,0.0001,0,0.9,0,0.0029234,11.598,0.7897,59746,66288.0,6.4913,297.99,96.116,0.93276,0.0,,35,,1.0181,0.19288,,,0.65184,0,,0,0,1,25,25,0,25.0,25174.0
32.0,55,100,37,0.0,29.223,67.511,0.0001,0,0.9,0,0.0028933,11.58,0.81424,59754,66304.0,6.4804,297.99,96.002,0.93718,0.0,,35,,1.0212,0.19284,,,0.65494,0,,0,0,1,25,25,0,25.0,24122.0
32.2,55,100,43,0.0,37.571,67.042,0.0001,0,0.9,0,0.003219,11.408,0.83539,59765,66324.0,6.4795,298.0,98.13,0.94181,0.0,,35,,1.0462,0.19257,,,0.65818,0,,0,0,1,25,25,0,25.0,25053.0
32.4,55,100,43,0.0,46.252,69.366,0.0001,0,0.9,0,0.0031226,11.446,0.85752,59777,66345.0,6.4882,298.0,97.691,0.9465,0.0,,35,,1.035,0.19268,,,0.66147,0,,0,0,1,25,25,0,25.0,25489.0
32.6,55,100,43,0.0,51.449,68.731,0.0001,0,0.9,0,0.003168,11.41,0.87925,59791,66367.0,6.5003,298.0,99.413,0.95119,0.0,,35,,1.0357,0.19266,,,0.66476,0,,0,0,1,25,25,0,25.0,25590.0
32.8,55,100,43,0.0,51.837,70.785,0.0001,0,0.9,0,0.0031537,11.379,0.90109,59804,66390.0,6.5106,298.0,99.171,0.95589,0.0,,35,,1.0411,0.1926,,,0.66805,0,,0,0,1,25,25,0,25.0,24858.0
33.0,55,100,43,0.0,48.106,70.578,0.0001,0,0.9,0,0.00304,11.375,0.92419,59817,66411.0,6.518,298.0,98.542,0.96054,0.0,,35,,1.0461,0.19253,,,0.6713,0,,0,0,1,25,25,0,25.0,25465.0
33.2,55,100,43,0.0,41.437,69.912,0.0001,0,0.9,0,0.0030505,11.335,0.94748,59829,66431.0,6.5158,298.0,99.563,0.96516,0.0,,35,,1.0415,0.19257,,,0.67454,0,,0,0,1,25,25,0,25.0,25407.0
33.4,55,100,43,0.0,35.653,71.217,0.0001,0,0.9,0,0.0030975,11.265,0.97034,59839,66450.0,6.5086,298.01,101.27,0.96981,0.0,,35,,1.0545,0.19243,,,0.6778,0,,0,0,1,25,25,0,25.0,26180.0
33.6,55,100,43,0.0,32.75,73.468,0.0001,0,0.9,0,0.0029948,11.267,0.9945,59848,66469.0,6.4989,298.01,101.57,0.97442,0.0,,35,,1.0541,0.19242,,,0.68104,0,,0,0,1,25,25,0,25.0,25626.0
33.8,55,100,43,0.0,33.736,74.185,0.0001,0,0.9,0,0.0028949,11.306,1.0198,59858,66488.0,6.4934,298.01,101.41,0.97893,0.0,,35,,1.0423,0.19254,,,0.68419,0,,0,0,1,25,25,0,25.0,25578.0
34.0,55,100,43,0.0,36.893,74.406,0.0001,0,0.9,0,0.0029126,11.27,1.0452,59869,66507.0,6.4912,298.02,103.08,0.9834,0.0,,35,,1.0391,0.19256,,,0.68733,0,,0,0,1,25,25,0,25.0,25696.0
34.2,55,100,43,0.0,40.928,76.886,0.0001,0,0.9,0,0.0028398,11.281,1.0715,59880,66527.0,6.4919,298.02,102.78,0.98784,0.0,,35,,1.037,0.19258,,,0.69044,0,,0,0,1,25,25,0,25.0,26819.0
34.4,55,100,43,0.0,44.685,77.1,0.0001,0,0.9,0,0.0028296,11.276,1.098,59892,66548.0,6.497,298.01,100.05,0.99224,0.0,,35,,1.034,0.1926,,,0.69352,0,,0,0,1,25,25,0,25.0,25277.0
34.6,55,100,43,0.0,46.405,74.329,0.0001,0,0.9,0,0.0027778,11.27,1.1252,59905,66569.0,6.5027,298.0,99.418,0.9966,0.0,,35,,1.031,0.19262,,,0.69658,0,,0,0,1,25,25,0,25.0,26071.0
34.8,55,100,43,0.0,45.84,73.843,0.0001,0,0.9,0,0.0027807,11.229,1.1525,59917,66590.0,6.5071,298.01,99.858,1.0009,0.0,,35,,1.0357,0.19256,,,0.69963,0,,0,0,1,25,25,0,25.0,26532.0
35.0,55,100,43,0.0,43.542,74.544,0.0001,0,0.9,0,0.0027736,11.217,1.1801,59929,66611.0,6.5082,298.01,100.08,1.0053,0.0,,35,,1.0299,0.19261,,,0.70267,0,,0,0,1,25,25,0,25.0,27495.0
35.2,55,100,43,0.0,40.773,75.003,0.0001,0,0.9,0,0.0027301,11.197,1.2082,59940,66631.0,6.5083,298.01,101.11,1.0096,0.0,,35,,1.0261,0.19265,,,0.7057,0,,0,0,1,25,25,0,25.0,26960.0
35.4,55,100,43,0.0,37.986,76.507,0.0001,0,0.9,0,0.00263,11.227,1.2374,59951,66650.0,6.5072,298.0,98.628,1.0138,0.0,,35,,1.0153,0.19275,,,0.70867,0,,0,0,1,25,25,0,25.0,26264.0
35.6,55,100,43,0.0,35.649,73.777,0.0001,0,0.9,0,0.0025961,11.218,1.2671,59961,66669.0,6.5055,297.99,96.852,1.018,0.0,,35,,1.0101,0.1928,,,0.71159,0,,0,0,1,25,25,0,25.0,27237.0
35.8,55,100,43,0.0,33.959,71.685,0.0001,0,0.9,0,0.0025014,11.264,1.2976,59971,66687.0,6.5006,297.99,95.593,1.0221,0.0,,35,,0.98615,0.19303,,,0.71445,0,,0,0,1,25,25,0,25.0,26714.0
36.0,55,100,43,0.0,34.234,69.974,0.0001,0,0.9,0,0.0024575,11.26,1.3289,59981,66706.0,6.4971,297.99,95.765,1.0261,0.0,763.1,35,1833.4,0.98108,0.19308,1.2082,13.03,0.71726,0,35.864,0,0,1,25,25,0,25.0,28028.0
36.2,55,100,47,0.0,35.896,69.847,0.0001,0,0.9,0,0.0027218,11.063,1.3581,59992,66726.0,6.4942,298.0,98.718,1.0303,0.0,,35,,1.0138,0.19273,,,0.72021,0,,0,0,1,25,25,0,25.0,27166.0
36.4,55,100,47,0.0,38.722,73.138,0.0001,0,0.9,0,0.0026738,11.087,1.3879,60004,66746.0,6.4934,298.0,98.935,1.0346,0.0,,35,,1.0049,0.19282,,,0.7232,0,,0,0,1,25,25,0,25.0,27973.0
36.6,55,100,47,0.0,41.89,73.374,0.0001,0,0.9,0,0.0026501,11.072,1.418,60016,66767.0,6.4972,298.0,98.846,1.0388,0.0,,35,,1.0043,0.19281,,,0.72617,0,,0,0,1,25,25,0,25.0,26948.0
36.8,55,100,47,0.0,43.506,73.333,0.0001,0,0.9,0,0.0026132,11.085,1.4486,60029,66788.0,6.5016,298.0,99.34,1.043,0.0,,35,,0.99317,0.19292,,,0.72911,0,,0,0,1,25,25,0,25.0,28425.0
37.0,55,100,47,0.0,43.379,74.009,0.0001,0,0.9,0,0.0026015,11.031,1.4796,60042,66810.0,6.5063,298.0,99.003,1.0472,0.0,,35,,1.009,0.19275,,,0.73204,0,,0,0,1,25,25,0,25.0,28905.0
37.2,55,100,47,0.0,41.388,73.71,0.0001,0,0.9,0,0.0025853,11.022,1.5107,60054,66831.0,6.5089,298.0,97.289,1.0513,0.0,,35,,1.0113,0.19272,,,0.73496,0,,0,0,1,25,25,0,25.0,27385.0
37.4,55,100,47,0.0,38.352,71.691,0.0001,0,0.9,0,0.0025666,10.996,1.542,60065,66851.0,6.51,297.99,96.753,1.0555,0.0,,35,,1.0086,0.19274,,,0.73786,0,,0,0,1,25,25,0,25.0,28866.0
37.6,55,100,47,0.0,34.86,70.932,0.0001,0,0.9,0,0.0025631,10.961,1.5732,60076,66871.0,6.5067,297.99,96.303,1.0596,0.0,,35,,1.0119,0.1927,,,0.74077,0,,0,0,1,25,25,0,25.0,28346.0
37.8,55,100,47,0.0,32.716,70.175,0.0001,0,0.9,0,0.0025454,10.919,1.6044,60087,66890.0,6.5018,297.99,96.54,1.0638,0.0,,35,,1.0256,0.19255,,,0.74367,0,,0,0,1,25,25,0,25.0,28327.0
38.0,55,100,47,0.0,32.536,70.202,0.0001,0,0.9,0,0.0024813,10.933,1.636,60097,66909.0,6.498,297.99,95.144,1.0679,0.0,,35,,1.0219,0.19258,,,0.74653,0,,0,0,1,25,25,0,25.0,28976.0
38.2,55,100,47,0.0,33.859,68.231,0.0001,0,0.9,0,0.0024182,10.938,1.6683,60108,66928.0,6.4954,297.99,94.362,1.0719,0.0,,35,,1.0209,0.19258,,,0.74935,0,,0,0,1,25,25,0,25.0,28795.0
38.4,55,100,47,0.0,36.226,66.874,0.0001,0,0.9,0,0.0024182,10.895,1.7007,60119,66948.0,6.4969,297.98,93.123,1.0759,0.0,,35,,1.0284,0.19249,,,0.75217,0,,0,0,1,25,25,0,25.0,28281.0
38.6,55,100,47,0.0,37.978,64.833,0.0001,0,0.9,0,0.0023908,10.875,1.7338,60131,66968.0,6.4994,297.98,93.032,1.0799,0.0,,35,,1.0306,0.19246,,,0.75498,0,,0,0,1,25,25,0,25.0,29437.0
38.8,55,100,47,0.0,38.751,64.052,0.0001,0,0.9,0,0.002429,10.825,1.7667,60142,66989.0,6.5002,297.99,94.428,1.0839,0.0,,35,,1.0347,0.19241,,,0.7578,0,,0,0,1,25,25,0,25.0,30259.0
39.0,55,100,47,0.0,39.214,65.057,0.0001,0,0.9,0,0.00245,10.767,1.7993,60154,67009.0,6.5021,297.99,94.18,1.088,0.0,,35,,1.05,0.19225,,,0.76066,0,,0,0,1,25,25,0,25.0,28914.0
39.2,55,100,47,0.0,38.878,64.187,0.0001,0,0.9,0,0.0024326,10.743,1.8321,60166,67030.0,6.5034,297.98,93.031,1.0921,0.0,,35,,1.0542,0.19219,,,0.76351,0,,0,0,1,25,25,0,25.0,28735.0
39.4,55,100,47,0.0,38.035,62.219,0.0001,0,0.9,0,0.0024685,10.685,1.8649,60177,67050.0,6.5035,297.98,93.904,1.0962,0.0,,35,,1.0642,0.19208,,,0.76639,0,,0,0,1,25,25,0,25.0,28890.0
39.6,55,100,47,0.0,37.145,62.609,0.0001,0,0.9,0,0.0024497,10.662,1.8981,60189,67070.0,6.5025,297.98,93.933,1.1003,0.0,,35,,1.0689,0.19203,,,0.76926,0,,0,0,1,25,25,0,25.0,29547.0
39.8,55,100,47,0.0,36.678,62.024,0.0001,0,0.9,0,0.0024367,10.623,1.9315,60200,67090.0,6.5006,297.99,94.364,1.1043,0.0,,35,,1.0773,0.19193,,,0.77213,0,,0,0,1,25,25,0,25.0,30538.0
40.0,55,100,47,0.0,36.973,61.958,0.0001,0,0.9,0,0.0024198,10.589,1.9653,60211,67110.0,6.5003,297.98,93.286,1.1084,0.0,,35,,1.0895,0.1918,,,0.77499,0,,0,0,1,25,25,0,25.0,30865.0
40.2,60,100,51,0.0,37.376,60.086,0.0001,0,1.1,0,0.0025818,12.327,1.998,60225,67133.0,6.4993,297.99,96.08,1.0272,10.0,,35,,1.0853,0.19293,,,0.78327,0,,0,0,1,25,25,0,25.0,31186.0
40.4,60,100,51,0.0,38.166,62.864,0.0001,0,1.1,0,0.0026126,12.273,2.0304,60240,67157.0,6.4977,298.0,98.625,1.027,10.0,,35,,1.0781,0.193,,,0.78316,0,,0,0,1,25,25,0,25.0,30339.0
40.6,60,100,51,0.0,39.618,65.606,0.0001,0,1.1,0,0.0026235,12.241,2.0627,60254,67180.0,6.4977,298.01,101.14,1.0308,10.0,,35,,1.0835,0.19295,,,0.78603,0,,0,0,1,25,25,0,25.0,30325.0
40.8,60,100,51,0.0,41.06,68.653,0.0001,0,1.1,0,0.0025646,12.261,2.0956,60269,67204.0,6.4995,298.01,101.65,1.0347,10.0,,35,,1.0794,0.19298,,,0.78903,0,,0,0,1,25,25,0,25.0,31147.0
41.0,60,100,51,0.0,41.784,69.585,0.0001,0,1.1,0,0.0025933,12.194,2.1283,60284,67228.0,6.5019,298.02,103.36,1.0386,10.0,,35,,1.0967,0.1928,,,0.79204,0,,0,0,1,25,25,0,25.0,30301.0
41.2,60,100,51,0.0,41.53,72.095,0.0001,0,1.1,0,0.0026374,12.119,2.1607,60299,67253.0,6.5042,298.02,103.85,1.0426,10.0,,35,,1.1092,0.19268,,,0.7951,0,,0,0,1,25,25,0,25.0,31621.0
41.4,60,100,51,0.0,40.364,73.315,0.0001,0,1.1,0,0.0026301,12.08,2.1934,60314,67277.0,6.5051,298.02,103.78,1.0467,10.0,,35,,1.1196,0.19257,,,0.79818,0,,0,0,1,25,25,0,25.0,31442.0
41.6,60,100,51,0.0,38.858,73.947,0.0001,0,1.1,0,0.0025983,12.075,2.2267,60329,67300.0,6.5052,298.01,102.48,1.0507,10.0,,35,,1.1111,0.19264,,,0.80124,0,,0,0,1,25,25,0,25.0,31266.0
41.8,60,100,51,0.0,37.298,73.077,0.0001,0,1.1,0,0.0025534,12.077,2.2603,60343,67323.0,6.5032,298.0,98.867,1.0546,10.0,,35,,1.1097,0.19265,,,0.80427,0,,0,0,1,25,25,0,25.0,32091.0
42.0,60,100,51,0.0,36.533,69.232,0.0001,0,1.1,0,0.0025721,12.032,2.2939,60357,67346.0,6.5025,298.0,98.343,1.0586,10.0,,35,,1.1139,0.1926,,,0.80729,0,,0,0,1,25,25,0,25.0,32584.0
42.2,60,100,51,0.0,36.067,68.752,0.0001,0,1.1,0,0.002545,12.027,2.3278,60371,67369.0,6.4995,298.0,97.479,1.0625,10.0,,35,,1.1109,0.19262,,,0.8103,0,,0,0,1,25,25,0,25.0,32077.0
42.4,60,100,51,0.0,36.781,67.704,0.0001,0,1.1,0,0.0025751,11.98,2.3617,60385,67393.0,6.4965,298.0,97.26,1.0664,10.0,,35,,1.1161,0.19257,,,0.81332,0,,0,0,1,25,25,0,25.0,32738.0
42.6,60,100,51,0.0,38.701,67.34,0.0001,0,1.1,0,0.0026003,11.956,2.3954,60399,67416.0,6.4956,298.0,97.322,1.0704,10.0,,35,,1.1104,0.19261,,,0.81636,0,,0,0,1,25,25,0,25.0,31730.0
42.8,60,100,51,0.0,40.992,67.273,0.0001,0,1.1,0,0.0025155,11.982,2.43,60414,67440.0,6.4982,297.99,96.645,1.0743,10.0,,35,,1.108,0.19263,,,0.81935,0,,0,0,1,25,25,0,25.0,32894.0
43.0,60,100,51,0.0,42.212,66.303,0.0001,0,1.1,0,0.0025064,11.952,2.4649,60429,67464.0,6.5029,297.99,96.815,1.0782,10.0,,35,,1.1073,0.19263,,,0.82233,0,,0,0,1,25,25,0,25.0,33059.0
43.2,60,100,51,0.0,41.566,66.298,0.0001,0,1.1,0,0.0024247,11.96,2.5,60444,67488.0,6.5054,298.0,97.255,1.0821,10.0,,35,,1.1124,0.19257,,,0.82527,0,,0,0,1,25,25,0,25.0,33059.0
43.4,60,100,51,0.0,39.932,66.623,0.0001,0,1.1,0,0.0023741,12.006,2.5356,60459,67512.0,6.5052,297.99,96.845,1.0858,10.0,,35,,1.0835,0.19284,,,0.82815,0,,0,0,1,25,25,0,25.0,32727.0
43.6,60,100,51,0.0,38.378,65.962,0.0001,0,1.1,0,0.0023721,11.96,2.5711,60473,67535.0,6.5035,298.0,97.366,1.0896,10.0,,35,,1.0907,0.19276,,,0.83103,0,,0,0,1,25,25,0,25.0,32562.0
43.8,60,100,51,0.0,37.495,66.405,0.0001,0,1.1,0,0.0023536,11.935,2.6069,60488,67559.0,6.5,297.99,96.781,1.0933,10.0,,35,,1.096,0.1927,,,0.83389,0,,0,0,1,25,25,0,25.0,32898.0
44.0,60,100,51,0.0,38.039,65.542,0.0001,0,1.1,0,0.0022926,11.968,2.643,60502,67582.0,6.4961,297.99,96.132,1.097,10.0,,35,,1.0891,0.19276,,,0.83671,0,,0,0,1,25,25,0,25.0,33903.0
44.2,60,100,57,0.0,40.117,64.554,0.0001,0,1.1,0,0.0026013,11.695,2.6771,60518,67607.0,6.4928,298.01,99.925,1.1009,10.0,,35,,1.1418,0.19226,,,0.83971,0,,0,0,1,25,25,0,25.0,33564.0
44.4,60,100,57,0.0,43.521,68.901,0.0001,0,1.1,0,0.0026364,11.649,2.7108,60534,67633.0,6.4923,298.01,101.26,1.105,10.0,,35,,1.1546,0.19213,,,0.84281,0,,0,0,1,25,25,0,25.0,33890.0
44.6,60,100,57,0.0,47.097,70.633,0.0001,0,1.1,0,0.0025047,11.721,2.7459,60552,67659.0,6.4943,298.01,101.04,1.109,10.0,,35,,1.1369,0.19229,,,0.84586,0,,0,0,1,25,25,0,25.0,34390.0
44.8,60,100,57,0.0,49.876,70.715,0.0001,0,1.1,0,0.0024723,11.723,2.7814,60570,67686.0,6.4991,298.01,101.3,1.1129,10.0,,35,,1.1306,0.19234,,,0.84886,0,,0,0,1,25,25,0,25.0,34558.0
45.0,60,100,57,0.0,50.76,71.392,0.0001,0,1.1,0,0.0024466,11.72,2.8172,60588,67713.0,6.5029,298.01,100.61,1.1168,10.0,,35,,1.1275,0.19236,,,0.85183,0,,0,0,1,25,25,0,25.0,34561.0
45.2,60,100,57,0.0,50.115,70.922,0.0001,0,1.1,0,0.0024431,11.67,2.8534,60606,67741.0,6.5047,298.01,101.59,1.1207,10.0,,35,,1.1355,0.19228,,,0.8548,0,,0,0,1,25,25,0,25.0,34732.0
45.4,60,100,57,0.0,48.767,72.436,0.0001,0,1.1,0,0.0024503,11.631,2.8895,60623,67767.0,6.5051,298.01,101.8,1.1246,10.0,,35,,1.1446,0.19218,,,0.85778,0,,0,0,1,25,25,0,25.0,35070.0
45.6,60,100,57,0.0,47.259,73.084,0.0001,0,1.1,0,0.0024392,11.613,2.9257,60641,67794.0,6.502,298.01,101.21,1.1285,10.0,,35,,1.1343,0.19227,,,0.86077,0,,0,0,1,25,25,0,25.0,34908.0
45.8,60,100,57,0.0,46.992,72.813,0.0001,0,1.1,0,0.0023571,11.644,2.9626,60658,67820.0,6.4987,298.0,97.858,1.1323,10.0,,35,,1.1247,0.19236,,,0.86371,0,,0,0,1,25,25,0,25.0,34416.0
46.0,60,100,57,0.0,48.048,69.13,0.0001,0,1.1,0,0.0023367,11.605,3.0,60675,67847.0,6.4977,298.0,96.968,1.1361,10.0,,35,,1.1433,0.19217,,,0.86661,0,,0,0,1,25,25,0,25.0,35927.0
46.2,60,100,57,0.0,49.491,68.068,0.0001,0,1.1,0,0.002285,11.622,3.0381,60693,67874.0,6.4989,297.99,94.804,1.1399,10.0,,35,,1.1362,0.19223,,,0.86949,0,,0,0,1,25,25,0,25.0,35608.0
46.4,60,100,57,0.0,50.433,65.275,0.0001,0,1.1,0,0.0022748,11.601,3.0765,60711,67901.0,6.502,297.99,96.112,1.1436,10.0,,35,,1.1312,0.19227,,,0.87235,0,,0,0,1,25,25,0,25.0,36624.0
46.6,60,100,57,0.0,50.158,66.45,0.0001,0,1.1,0,0.0022783,11.581,3.1149,60729,67928.0,6.5033,297.99,96.583,1.1473,10.0,,35,,1.123,0.19234,,,0.87521,0,,0,0,1,25,25,0,25.0,36640.0
46.8,60,100,57,0.0,49.378,66.689,0.0001,0,1.1,0,0.002278,11.566,3.1535,60747,67955.0,6.5045,297.99,95.871,1.1511,10.0,,35,,1.1198,0.19237,,,0.87807,0,,0,0,1,25,25,0,25.0,35323.0
47.0,60,100,57,0.0,48.108,65.575,0.0001,0,1.1,0,0.0022687,11.528,3.1924,60764,67981.0,6.5038,297.99,95.0,1.1548,10.0,,35,,1.1296,0.19227,,,0.88092,0,,0,0,1,25,25,0,25.0,36175.0
47.2,60,100,57,0.0,47.109,64.206,0.0001,0,1.1,0,0.0022969,11.478,3.2309,60782,68008.0,6.5031,297.99,95.272,1.1585,10.0,,35,,1.1293,0.19226,,,0.88379,0,,0,0,1,25,25,0,25.0,36357.0
47.4,60,100,57,0.0,46.393,64.114,0.0001,0,1.1,0,0.0022892,11.444,3.2692,60799,68034.0,6.4991,297.99,96.589,1.1623,10.0,,35,,1.1342,0.19221,,,0.88668,0,,0,0,1,25,25,0,25.0,36539.0
47.6,60,100,57,0.0,47.265,65.294,0.0001,0,1.1,0,0.0022722,11.422,3.3077,60816,68060.0,6.496,298.0,97.447,1.1661,10.0,,35,,1.1435,0.19211,,,0.88957,0,,0,0,1,25,25,0,25.0,36388.0
47.8,60,100,57,0.0,49.382,66.063,0.0001,0,1.1,0,0.0022258,11.444,3.3468,60834,68087.0,6.4961,297.99,96.167,1.1698,10.0,,35,,1.1327,0.19221,,,0.89242,0,,0,0,1,25,25,0,25.0,36574.0
48.0,60,100,57,0.0,51.442,64.367,0.0001,0,1.1,0,0.0022321,11.404,3.386,60852,68115.0,6.4955,297.99,95.621,1.1735,10.0,792.99,35,1913.5,1.1459,0.19208,3.2309,16.15,0.89525,0,50.244,0,0,1,25,25,0,25.0,36927.0
48.2,60,100,61,0.0,53.752,63.447,0.0001,0,1.1,0,0.0024383,11.194,3.4239,60871,68143.0,6.4943,298.0,99.457,1.1774,10.0,,35,,1.1843,0.1917,,,0.89824,0,,0,0,1,25,25,0,25.0,37440.0
48.4,60,100,61,0.0,56.572,67.743,0.0001,0,1.1,0,0.0024123,11.183,3.4618,60891,68173.0,6.4956,298.01,101.9,1.1814,10.0,,35,,1.1934,0.19161,,,0.90127,0,,0,0,1,25,25,0,25.0,36620.0
48.6,60,100,61,0.0,58.838,70.735,0.0001,0,1.1,0,0.0023262,11.223,3.5002,60912,68202.0,6.4988,298.01,101.23,1.1853,10.0,,35,,1.1823,0.19171,,,0.90427,0,,0,0,1,25,25,0,25.0,36970.0
48.8,60,100,61,0.0,59.821,70.334,0.0001,0,1.1,0,0.0023027,11.201,3.5389,60932,68232.0,6.5014,298.01,100.9,1.1892,10.0,,35,,1.1877,0.19165,,,0.90724,0,,0,0,1,25,25,0,25.0,37820.0
49.0,60,100,61,0.0,59.766,70.317,0.0001,0,1.1,0,0.0022711,11.225,3.5778,60953,68262.0,6.5043,298.0,98.269,1.193,10.0,,35,,1.1729,0.19178,,,0.91017,0,,0,0,1,25,25,0,25.0,37005.0
49.2,60,100,61,0.0,58.546,67.48,0.0001,0,1.1,0,0.0022503,11.201,3.6169,60973,68292.0,6.5056,298.0,97.005,1.1968,10.0,,35,,1.1821,0.19169,,,0.91308,0,,0,0,1,25,25,0,25.0,38690.0
49.4,60,100,61,0.0,56.819,66.007,0.0001,0,1.1,0,0.0022393,11.17,3.6561,60993,68321.0,6.5064,297.99,96.712,1.2006,10.0,,35,,1.192,0.19159,,,0.91597,0,,0,0,1,25,25,0,25.0,38043.0
49.6,60,100,61,0.0,54.796,65.506,0.0001,0,1.1,0,0.0021992,11.155,3.696,61013,68350.0,6.5066,297.99,95.943,1.2043,10.0,,35,,1.197,0.19153,,,0.91884,0,,0,0,1,25,25,0,25.0,37900.0
49.8,60,100,61,0.0,52.694,64.366,0.0001,0,1.1,0,0.0022255,11.085,3.7361,61032,68379.0,6.5053,298.0,97.189,1.2081,10.0,,35,,1.2033,0.19146,,,0.92172,0,,0,0,1,25,25,0,25.0,38590.0
50.0,60,100,61,0.0,51.079,65.57,0.0001,0,1.1,0,0.0022194,11.025,3.7766,61051,68407.0,6.5019,298.0,98.358,1.2119,10.0,,35,,1.2103,0.19139,,,0.92464,0,,0,0,1,25,25,0,25.0,37950.0
50.2,60,100,61,0.0,50.841,66.792,0.0001,500,1.1,0,0.0022835,12.557,3.8109,61170,68535.0,6.4937,297.9,68.954,1.2158,10.0,,35,,0.92243,0.1941,,,0.92762,0,,0,0,1,25,25,0,25.0,40118.0
50.4,60,100,61,0.0,53.917,20.038,119.19,500,1.1,0,0.0023093,12.571,3.845,61289,68664.0,6.4897,298.27,174.61,1.2197,10.0,,35,,0.89734,0.19433,,,0.93063,0,,0,0,1,25,25,0,25.0,38619.0
50.6,60,100,61,0.0,58.539,144.03,11.919,500,1.1,0,0.0023319,12.573,3.8787,61409,68794.0,6.489,298.06,114.86,1.2237,10.0,,35,,0.90823,0.19422,,,0.93366,0,,0,0,1,25,25,0,25.0,38785.0
50.8,60,100,61,0.0,63.439,79.505,1.1919,500,1.1,0,0.0023735,12.573,3.9119,61531,68925.0,6.4902,297.94,80.172,1.2277,10.0,,35,,0.90934,0.1942,,,0.93671,0,,0,0,1,25,25,0,25.0,39781.0
51.0,60,100,61,0.0,67.856,23.852,76.22,500,1.1,0,0.002283,12.705,3.9458,61653,69056.0,6.4942,298.15,142.74,1.2316,10.0,,35,,0.87586,0.19451,,,0.93972,0,,0,0,1,25,25,0,25.0,40615.0
51.2,60,100,61,0.0,70.695,97.207,7.622,500,1.1,0,0.0022186,12.784,3.9797,61776,69189.0,6.501,298.01,101.9,1.2354,10.0,,35,,0.87015,0.19456,,,0.94265,0,,0,0,1,25,25,0,25.0,40281.0
51.4,60,100,61,0.0,70.823,52.628,0.7622,500,1.1,0,0.0021398,12.85,4.0143,61898,69321.0,6.5058,297.93,77.603,1.2392,10.0,,35,,0.86449,0.1946,,,0.94551,0,,0,0,1,25,25,0,25.0,40618.0
51.6,60,100,61,0.0,69.048,15.788,56.682,500,1.1,0,0.0020977,12.9,4.0489,62021,69452.0,6.5116,298.09,123.43,1.2428,10.0,,35,,0.8554,0.19468,,,0.94833,0,,0,0,1,25,25,0,25.0,40288.0
51.8,60,100,61,0.0,64.912,68.199,5.6682,500,1.1,0,0.0021551,12.836,4.0831,62142,69583.0,6.513,297.99,95.768,1.2466,10.0,,35,,0.87412,0.1945,,,0.95117,0,,0,0,1,25,25,0,25.0,41456.0
52.0,60,100,61,0.0,60.244,37.473,0.56682,500,1.1,0,0.0021506,12.844,4.1175,62263,69713.0,6.5128,297.94,79.278,1.2503,10.0,,35,,0.872,0.19451,,,0.95403,0,,0,0,1,25,25,0,25.0,40625.0
52.2,60,100,65,0.0,55.639,11.242,43.65,500,1.1,0,0.0022904,12.735,4.1513,62383,69843.0,6.5075,298.07,119.07,1.2541,10.0,,35,,0.8933,0.1943,,,0.95698,0,,0,0,1,25,25,0,25.0,40124.0
52.4,60,100,65,0.0,53.161,56.239,4.365,500,1.1,0,0.0022717,12.76,4.1853,62503,69973.0,6.5017,298.0,99.182,1.258,10.0,,35,,0.89908,0.19424,,,0.95995,0,,0,0,1,25,25,0,25.0,41125.0
52.6,60,100,65,0.0,52.989,34.446,0.4365,500,1.1,0,0.0022855,12.768,4.2192,62623,70102.0,6.496,297.96,86.917,1.2619,10.0,,35,,0.90674,0.19416,,,0.96291,0,,0,0,1,25,25,0,25.0,42124.0
52.8,60,100,65,0.0,55.099,20.654,0.04365,500,1.1,0,0.0022633,12.798,4.2531,62743,70232.0,6.4933,297.94,81.232,1.2657,10.0,,35,,0.90076,0.19421,,,0.96587,0,,0,0,1,25,25,0,25.0,41125.0
53.0,60,100,65,0.0,58.3,6.1961,27.552,500,1.1,0,0.0022141,12.852,4.287,62864,70363.0,6.4929,298.03,107.43,1.2696,10.0,,35,,0.90076,0.1942,,,0.9688,0,,0,0,1,25,25,0,25.0,42291.0
53.2,60,100,65,0.0,61.637,34.871,2.7552,500,1.1,0,0.0022219,12.861,4.3208,62986,70494.0,6.4945,297.99,95.976,1.2734,10.0,,35,,0.90518,0.19415,,,0.97172,0,,0,0,1,25,25,0,25.0,41457.0
53.4,60,100,65,0.0,64.349,21.983,0.27552,500,1.1,0,0.0022265,12.879,4.3547,63108,70626.0,6.4976,297.97,88.497,1.2772,10.0,,35,,0.90751,0.19412,,,0.97464,0,,0,0,1,25,25,0,25.0,42291.0
53.6,60,100,65,0.0,65.809,13.26,0.027552,500,1.1,0,0.0021533,12.95,4.3888,63231,70758.0,6.5019,297.95,84.376,1.281,10.0,,35,,0.90024,0.19418,,,0.97753,0,,0,0,1,25,25,0,25.0,42625.0
53.8,60,100,65,0.0,65.573,7.4158,0.0027552,500,1.1,0,0.002166,12.956,4.4225,63353,70889.0,6.5056,297.95,83.547,1.2847,10.0,,35,,0.89222,0.19425,,,0.98041,0,,0,0,1,25,25,0,25.0,41457.0
54.0,60,100,65,0.0,63.852,4.8007,0.00027552,500,1.1,0,0.0021494,12.982,4.4564,63475,71021.0,6.5081,297.95,83.512,1.2885,10.0,,35,,0.89871,0.19418,,,0.98327,0,,0,0,1,25,25,0,25.0,42624.0
54.2,60,100,65,0.0,61.14,2.92,0.0001,500,1.1,0,0.0020723,13.042,4.4904,63596,71152.0,6.508,297.95,83.218,1.2921,10.0,,35,,0.90316,0.19413,,,0.98608,0,,0,0,1,25,25,0,25.0,43291.0
54.4,60,100,65,0.0,58.471,0.876,13.329,500,1.1,0,0.0020483,13.059,4.5244,63717,71282.0,6.5072,297.99,95.891,1.2957,10.0,,35,,0.91045,0.19406,,,0.98884,0,,0,0,1,25,25,0,25.0,42291.0
54.6,60,100,65,0.0,56.133,13.629,1.3329,500,1.1,0,0.0020176,13.075,4.5582,63838,71412.0,6.5048,297.98,91.096,1.2993,10.0,,35,,0.92216,0.19394,,,0.99158,0,,0,0,1,25,25,0,25.0,41957.0
54.8,60,100,65,0.0,54.739,7.4705,0.13329,500,1.1,0,0.0019797,13.114,4.5922,63958,71541.0,6.5004,297.96,87.489,1.3029,10.0,,35,,0.91826,0.19397,,,0.99429,0,,0,0,1,25,25,0,25.0,43291.0
55.0,60,100,65,0.0,55.102,2.5271,0.013329,500,1.1,0,0.0019441,13.163,4.6261,64078,71671.0,6.4939,297.96,85.487,1.3063,10.0,,35,,0.91296,0.19401,,,0.99697,0,,0,0,1,25,25,0,25.0,43791.0
55.2,60,100,65,0.0,58.05,0.0001,0.0013329,500,1.1,0,0.0019006,13.227,4.6603,64199,71801.0,6.4892,297.95,83.615,1.3098,10.0,,35,,0.90291,0.1941,,,0.9996,0,,0,0,1,25,25,0,25.0,43459.0
55.4,60,100,65,0.0,62.867,0.0001,0.00013329,500,1.1,0,0.0018997,13.25,4.6942,64321,71932.0,6.4891,297.94,81.367,1.3132,10.0,,35,,0.90536,0.19407,,,1.0022,0,,0,0,1,25,25,0,25.0,42792.0
55.6,60,100,65,0.0,67.725,0.0001,12.017,500,1.1,0,0.0019124,13.252,4.7282,64443,72064.0,6.4918,297.97,90.365,1.3166,10.0,,35,,0.91023,0.19402,,,1.0048,0,,0,0,1,25,25,0,25.0,43459.0
55.8,60,100,65,0.0,71.505,8.2102,1.2017,500,1.1,0,0.0019467,13.228,4.7619,64567,72197.0,6.4957,297.96,86.371,1.3201,10.0,,35,,0.92334,0.19389,,,1.0075,0,,0,0,1,25,25,0,25.0,43792.0
56.0,60,100,65,0.0,73.757,2.4249,0.12017,500,1.1,0,0.0019312,13.259,4.7957,64691,72330.0,6.501,297.95,83.265,1.3236,10.0,,35,,0.93067,0.19381,,,1.0102,0,,0,0,1,25,25,0,25.0,43958.0
56.2,60,100,72,0.0,73.87,0.72747,12.263,500,1.1,0,0.002028,13.194,4.8292,64816,72465.0,6.5065,297.98,93.718,1.3272,10.0,,34,,0.95031,0.19362,,,1.0129,0,,0,0,1,25,25,0,25.0,43456.0
56.4,60,100,72,0.0,71.772,10.789,1.2263,500,1.1,0,0.0021357,13.117,4.8625,64941,72599.0,6.5085,297.98,91.308,1.3309,10.0,,34,,0.97109,0.19342,,,1.0158,0,,0,0,1,25,25,0,25.0,44619.0
56.6,60,100,72,0.0,68.919,7.2018,0.12263,500,1.1,0,0.0021456,13.108,4.8957,65065,72733.0,6.5078,297.97,90.15,1.3347,10.0,,34,,0.97063,0.19342,,,1.0187,0,,0,0,1,25,25,0,25.0,44783.0
56.8,60,100,72,0.0,66.312,5.0582,0.012263,500,1.1,0,0.002084,13.181,4.929,65189,72866.0,6.5041,297.97,88.784,1.3384,10.0,,34,,0.9557,0.19355,,,1.0215,0,,0,0,1,25,25,0,25.0,44280.0
57.0,60,100,72,0.0,65.2,2.5084,0.0012263,500,1.1,0,0.0020401,13.222,4.9625,65312,73000.0,6.501,297.96,87.751,1.3421,10.0,,34,,0.95786,0.19352,,,1.0243,0,,0,0,1,25,25,0,25.0,44444.0
57.2,60,100,72,0.0,65.299,0.17359,0.00012263,500,1.1,0,0.00203,13.22,4.9961,65436,73133.0,6.4956,297.97,88.066,1.3457,10.0,,34,,0.96183,0.19348,,,1.0272,0,,0,0,1,25,25,0,25.0,45276.0
57.4,60,100,72,0.0,67.588,0.0001,0.0001,500,1.1,0,0.0020219,13.248,5.0297,65560,73266.0,6.491,297.97,88.097,1.3494,10.0,,34,,0.96063,0.19348,,,1.03,0,,0,0,1,25,25,0,25.0,45774.0
57.6,60,100,72,0.0,71.693,0.0001,0.0001,500,1.1,0,0.0020382,13.273,5.0635,65685,73400.0,6.4885,297.97,87.959,1.3531,10.0,,34,,0.95687,0.19351,,,1.0328,0,,0,0,1,25,25,0,25.0,45607.0
57.8,60,100,72,0.0,76.804,0.0001,0.0001,500,1.1,0,0.0020272,13.323,5.0975,65810,73536.0,6.491,297.96,87.164,1.3567,10.0,,34,,0.94725,0.19359,,,1.0356,0,,0,0,1,25,25,0,25.0,45441.0
58.0,60,100,72,0.0,80.916,0.0001,0.0001,500,1.1,0,0.0020726,13.29,5.1312,65937,73672.0,6.4941,297.96,87.172,1.3604,10.0,,34,,0.96099,0.19346,,,1.0384,0,,0,0,1,25,25,0,25.0,44607.0
58.2,60,100,72,0.0,83.784,0.0001,0.0001,500,1.1,0,0.001992,13.391,5.1647,66064,73809.0,6.4995,297.96,85.386,1.3641,10.0,,34,,0.94756,0.19358,,,1.0412,0,,0,0,1,25,25,0,25.0,46105.0
58.4,60,100,72,0.0,84.505,0.0001,0.0001,500,1.1,0,0.0020426,13.336,5.1984,66191,73946.0,6.5076,297.96,84.817,1.3677,10.0,,34,,0.96554,0.1934,,,1.044,0,,0,0,1,25,25,0,25.0,45604.0
58.6,60,100,72,0.0,81.968,0.0001,0.0001,500,1.1,0,0.0020733,13.298,5.2321,66318,74082.0,6.5137,297.96,85.319,1.3715,10.0,,34,,0.98009,0.19326,,,1.0469,0,,0,0,1,25,25,0,25.0,45770.0
58.8,60,100,72,0.0,77.015,0.0001,0.0001,500,1.1,0,0.0020982,13.27,5.2657,66444,74218.0,6.5177,297.96,86.527,1.3752,10.0,,34,,0.9961,0.1931,,,1.0498,0,,0,0,1,25,25,0,25.0,46934.0
59.0,60,100,72,0.0,70.449,0.0001,0.0001,500,1.1,0,0.0020984,13.261,5.2992,66568,74352.0,6.5187,297.97,88.119,1.379,10.0,,34,,1.0068,0.19299,,,1.0527,0,,0,0,1,25,25,0,25.0,46099.0
59.2,60,100,72,0.0,63.494,0.25152,0.0001,500,1.1,0,0.0021172,13.256,5.3329,66692,74485.0,6.5175,297.97,90.206,1.3829,10.0,,34,,1.0083,0.19297,,,1.0556,0,,0,0,1,25,25,0,25.0,46931.0
59.4,60,100,72,0.0,57.031,1.2268,0.0001,500,1.1,0,0.002137,13.235,5.3663,66813,74617.0,6.5113,297.98,92.594,1.3867,10.0,,34,,1.0196,0.19285,,,1.0585,0,,0,0,1,25,25,0,25.0,47096.0
59.6,60,100,72,0.0,53.034,2.768,0.0001,500,1.1,0,0.0020947,13.286,5.4001,66934,74747.0,6.5012,297.98,93.977,1.3905,10.0,,34,,1.0075,0.19296,,,1.0614,0,,0,0,1,25,25,0,25.0,46928.0
59.8,60,100,72,0.0,53.088,3.4789,0.0001,500,1.1,0,0.0020562,13.304,5.4341,67055,74878.0,6.4905,297.99,94.73,1.3943,10.0,,34,,1.0128,0.1929,,,1.0643,0,,0,0,1,25,25,0,25.0,47262.0
60.0,60,100,72,0.0,57.415,3.6851,0.0001,500,1.1,0,0.0020199,13.364,5.4681,67177,75010.0,6.4833,297.99,94.566,1.398,10.0,1140.3,34,1932.5,1.0018,0.193,5.3329,17.66,1.0672,0,41.95,0,0,1,25,25,0,25.0,47096.0
60.2,60,100,76,0.0,64.593,2.9906,0.0001,500,1.1,0,0.0020565,13.389,5.502,67301,75144.0,6.4793,297.99,94.612,1.4017,10.0,,33,,0.99693,0.19304,,,1.0701,0,,0,0,1,25,25,0,25.0,46763.0
60.4,60,100,76,0.0,73.394,2.5279,0.0001,500,1.1,0,0.0020149,13.489,5.5362,67427,75279.0,6.482,297.98,93.154,1.4055,10.0,,33,,0.97395,0.19325,,,1.0729,0,,0,0,1,25,25,0,25.0,47597.0
60.6,60,100,76,0.0,81.081,0.42499,0.0001,500,1.1,0,0.0019879,13.573,5.5707,67554,75416.0,6.4906,297.98,91.07,1.4091,10.0,,33,,0.95521,0.19342,,,1.0757,0,,0,0,1,25,25,0,25.0,48267.0
60.8,60,100,76,0.0,85.352,0.0001,0.0001,500,1.1,0,0.0019837,13.584,5.6054,67682,75554.0,6.5001,297.97,88.875,1.4127,10.0,,33,,0.96344,0.19333,,,1.0785,0,,0,0,1,25,25,0,25.0,47271.0
61.0,60,100,76,0.0,85.824,0.0001,0.0001,500,1.1,0,0.0019777,13.594,5.6398,67810,75692.0,6.5082,297.96,86.484,1.4163,10.0,,33,,0.97502,0.19322,,,1.0813,0,,0,0,1,25,25,0,25.0,48106.0
61.2,60,100,76,0.0,83.078,0.0001,0.0001,500,1.1,0,0.0019886,13.599,5.6744,67938,75829.0,6.5143,297.95,84.286,1.42,10.0,,33,,0.98054,0.19316,,,1.084,0,,0,0,1,25,25,0,25.0,48943.0
61.4,60,100,76,0.0,77.882,0.0001,0.0001,500,1.1,0,0.0020124,13.559,5.709,68065,75965.0,6.5154,297.95,83.099,1.4236,10.0,,33,,1.0001,0.19297,,,1.0868,0,,0,0,1,25,25,0,25.0,49113.0
61.6,60,100,76,0.0,72.264,0.0001,0.0001,500,1.1,0,0.0019932,13.538,5.7439,68190,76101.0,6.512,297.95,82.3,1.4273,10.0,,33,,1.0234,0.19274,,,1.0896,0,,0,0,1,25,25,0,25.0,48285.0
61.8,60,100,76,0.0,67.993,0.0001,10.289,500,1.1,0,0.0019353,13.575,5.7788,68315,76235.0,6.5086,297.97,90.048,1.4309,10.0,,33,,1.0349,0.19262,,,1.0924,0,,0,0,1,25,25,0,25.0,48456.0
62.0,60,100,76,0.0,65.076,6.3932,1.0289,500,1.1,0,0.001897,13.598,5.8139,68439,76369.0,6.5058,297.96,86.798,1.4344,10.0,,33,,1.0443,0.19253,,,1.0951,0,,0,0,1,25,25,0,25.0,48962.0
62.2,60,100,76,0.0,63.273,1.6641,0.10289,500,1.1,0,0.0019017,13.616,5.8489,68562,76502.0,6.5029,297.95,83.922,1.4379,10.0,,33,,1.0478,0.19249,,,1.0978,0,,0,0,1,25,25,0,25.0,49634.0
62.4,60,100,76,0.0,62.642,0.0001,0.010289,500,1.1,0,0.0018298,13.687,5.884,68686,76635.0,6.5026,297.94,80.269,1.4414,10.0,,33,,1.0385,0.19257,,,1.1005,0,,0,0,1,25,25,0,25.0,48806.0
62.6,60,100,76,0.0,62.105,0.0001,12.88,500,1.1,0,0.0017957,13.752,5.9188,68809,76768.0,6.5017,297.96,87.503,1.4448,10.0,,33,,1.0234,0.1927,,,1.1031,0,,0,0,1,25,25,0,25.0,49644.0
62.8,60,100,76,0.0,61.964,5.6162,1.288,500,1.1,0,0.0018067,13.747,5.9538,68932,76901.0,6.5025,297.95,82.813,1.4482,10.0,,33,,1.028,0.19265,,,1.1057,0,,0,0,1,25,25,0,25.0,49150.0
63.0,60,100,76,0.0,61.489,1.6848,25.698,500,1.1,0,0.0017586,13.8,5.9887,69056,77033.0,6.503,298.0,100.79,1.4515,10.0,,33,,1.0257,0.19267,,,1.1082,0,,0,0,1,25,25,0,25.0,50821.0
63.2,60,100,76,0.0,60.815,19.029,2.5698,500,1.1,0,0.0017388,13.818,6.0234,69179,77166.0,6.5026,297.98,92.175,1.4548,10.0,,33,,1.0337,0.19259,,,1.1108,0,,0,0,1,25,25,0,25.0,50158.0
63.4,60,100,76,0.0,60.29,9.638,0.25698,500,1.1,0,0.0017214,13.844,6.0581,69302,77298.0,6.5006,297.95,83.69,1.4581,10.0,,33,,1.0404,0.19252,,,1.1133,0,,0,0,1,25,25,0,25.0,49995.0
63.6,60,100,76,0.0,60.568,0.02369,0.025698,500,1.1,0,0.0017285,13.851,6.0926,69425,77431.0,6.498,297.93,77.869,1.4614,10.0,,33,,1.0436,0.19248,,,1.1158,0,,0,0,1,25,25,0,25.0,49832.0
63.8,60,100,76,0.0,61.894,0.0071069,11.998,500,1.1,0,0.0017791,13.823,6.1274,69548,77564.0,6.4973,297.95,84.049,1.4647,10.0,,33,,1.0564,0.19235,,,1.1183,0,,0,0,1,25,25,0,25.0,50669.0
64.0,60,100,76,0.0,63.497,4.2088,1.1998,500,1.1,0,0.0017633,13.87,6.1617,69672,77697.0,6.4963,297.94,78.393,1.468,10.0,,33,,1.0505,0.1924,,,1.1209,0,,0,0,1,25,25,0,25.0,51505.0
64.2,60,100,80,0.0,65.518,1.2626,26.938,500,1.1,0,0.0017947,13.871,6.1957,69796,77831.0,6.4955,297.99,97.523,1.4714,10.0,,32,,1.0628,0.19228,,,1.1235,0,,0,0,1,25,25,0,25.0,50172.0
64.4,60,100,80,0.0,67.82,19.131,2.6938,500,1.1,0,0.0017441,13.924,6.2296,69922,77966.0,6.4956,297.96,87.707,1.4747,10.0,,32,,1.0661,0.19224,,,1.126,0,,0,0,1,25,25,0,25.0,50672.0
64.6,60,100,80,0.0,70.106,8.1652,0.26938,500,1.1,0,0.0016904,13.999,6.2631,70047,78101.0,6.4935,297.93,77.249,1.478,10.0,,32,,1.0584,0.19231,,,1.1285,0,,0,0,1,25,25,0,25.0,51170.0
64.8,60,100,80,0.0,73.222,2.4496,23.703,500,1.1,0,0.0016786,14.033,6.2962,70174,78236.0,6.4958,297.97,90.006,1.4812,10.0,,32,,1.0513,0.19237,,,1.131,0,,0,0,1,25,25,0,25.0,51499.0
65.0,60,100,80,0.0,75.408,13.519,2.3703,500,1.1,0,0.0016888,14.057,6.3294,70300,78372.0,6.4998,297.94,79.665,1.4844,10.0,,32,,1.0403,0.19247,,,1.1335,0,,0,0,1,25,25,0,25.0,50662.0
65.2,60,100,80,0.0,76.01,4.0558,44.592,500,1.1,0,0.0016846,14.069,6.3622,70427,78508.0,6.5041,298.04,111.27,1.4877,10.0,,32,,1.0431,0.19243,,,1.1359,0,,0,0,1,25,25,0,25.0,51157.0
65.4,60,100,80,0.0,74.876,35.014,4.4592,500,1.1,0,0.0017356,14.025,6.3957,70554,78644.0,6.5051,297.99,96.995,1.491,10.0,,32,,1.0591,0.19228,,,1.1385,0,,0,0,1,25,25,0,25.0,52155.0
65.6,60,100,80,0.0,73.369,20.766,0.44592,500,1.1,0,0.0017679,14.01,6.4296,70680,78780.0,6.5027,297.96,84.559,1.4943,10.0,,32,,1.0698,0.19217,,,1.141,0,,0,0,1,25,25,0,25.0,51822.0
65.8,60,100,80,0.0,72.807,7.8823,0.044592,500,1.1,0,0.0017238,14.078,6.4634,70806,78916.0,6.5009,297.93,74.624,1.4976,10.0,,32,,1.0675,0.19219,,,1.1436,0,,0,0,1,25,25,0,25.0,52321.0
66.0,60,100,80,0.0,72.972,2.3647,22.446,500,1.1,0,0.0017297,14.104,6.4969,70932,79052.0,6.5023,297.96,87.061,1.5009,10.0,,32,,1.063,0.19222,,,1.1461,0,,0,0,1,25,25,0,25.0,51986.0
66.2,60,100,80,0.0,72.552,12.663,2.2446,500,1.1,0,0.0016863,14.166,6.5302,71058,79187.0,6.5036,297.93,76.44,1.5041,10.0,,32,,1.0509,0.19233,,,1.1486,0,,0,0,1,25,25,0,25.0,53483.0
66.4,60,100,80,0.0,71.651,3.7989,45.409,500,1.1,0,0.0017218,14.132,6.5637,71184,79322.0,6.5029,298.03,109.44,1.5074,10.0,,32,,1.0689,0.19215,,,1.1511,0,,0,0,1,25,25,0,25.0,52648.0
66.6,60,100,80,0.0,71.016,35.488,4.5409,500,1.1,0,0.00175,14.13,6.5974,71310,79458.0,6.5018,297.98,93.639,1.5107,10.0,,32,,1.0739,0.1921,,,1.1536,0,,0,0,1,25,25,0,25.0,52147.0
66.8,60,100,80,0.0,70.809,19.576,0.45409,500,1.1,0,0.0017678,14.12,6.631,71436,79593.0,6.5008,297.94,80.706,1.514,10.0,,32,,1.0828,0.19201,,,1.1562,0,,0,0,1,25,25,0,25.0,52312.0
67.0,60,100,80,0.0,71.02,5.8728,30.616,500,1.1,0,0.0017556,14.147,6.6647,71561,79728.0,6.4982,298.0,100.46,1.5174,10.0,,32,,1.0816,0.19201,,,1.1587,0,,0,0,1,25,25,0,25.0,52977.0
67.2,60,100,80,0.0,72.251,24.323,3.0616,500,1.1,0,0.0017666,14.158,6.6985,71687,79864.0,6.4968,297.97,88.939,1.5207,10.0,,32,,1.0849,0.19198,,,1.1613,0,,0,0,1,25,25,0,25.0,52977.0
67.4,60,100,80,0.0,74.035,12.171,0.30616,500,1.1,0,0.0017453,14.186,6.7321,71813,80000.0,6.4952,297.94,78.465,1.5241,10.0,,32,,1.0932,0.19189,,,1.1639,0,,0,0,1,25,25,0,25.0,54142.0
67.6,60,100,80,0.0,76.46,3.6512,25.499,500,1.1,0,0.0017227,14.22,6.7656,71940,80136.0,6.496,297.98,92.943,1.5274,10.0,,32,,1.1045,0.19178,,,1.1664,0,,0,0,1,25,25,0,25.0,53140.0
67.8,60,100,80,0.0,78.578,16.306,2.5499,500,1.1,0,0.0017068,14.263,6.7992,72067,80273.0,6.496,297.95,81.775,1.5306,10.0,,32,,1.0983,0.19183,,,1.1689,0,,0,0,1,25,25,0,25.0,53972.0
68.0,60,100,80,0.0,80.694,4.8919,47.507,500,1.1,0,0.0017655,14.223,6.8329,72195,80410.0,6.4953,298.05,116.84,1.5339,10.0,,32,,1.1184,0.19163,,,1.1714,0,,0,0,1,25,25,0,25.0,54304.0
68.2,60,100,84,0.0,83.115,38.818,4.7507,500,1.1,0,0.0018104,14.221,6.8668,72324,80549.0,6.4944,298.01,102.6,1.5373,10.0,,31,,1.1322,0.1915,,,1.174,0,,0,0,1,25,25,0,25.0,53804.0
68.4,60,100,84,0.0,85.862,25.478,0.47507,500,1.1,0,0.0018237,14.243,6.9005,72453,80688.0,6.4928,297.97,88.454,1.5407,10.0,,31,,1.1378,0.19144,,,1.1766,0,,0,0,1,25,25,0,25.0,54803.0
68.6,60,100,84,0.0,89.282,11.772,0.047507,500,1.1,0,0.0018352,14.291,6.9344,72583,80828.0,6.493,297.93,77.433,1.5441,10.0,,31,,1.1229,0.19157,,,1.1792,0,,0,0,1,25,25,0,25.0,55136.0
68.8,60,100,84,0.0,92.583,3.5316,24.151,500,1.1,0,0.0017932,14.373,6.968,72714,80968.0,6.4938,297.97,90.206,1.5474,10.0,,31,,1.0978,0.1918,,,1.1818,0,,0,0,1,25,25,0,25.0,55135.0
69.0,60,100,84,0.0,95.566,14.22,2.4151,500,1.1,0,0.001726,14.444,7.001,72845,81109.0,6.4975,297.94,78.376,1.5507,10.0,,31,,1.0825,0.19194,,,1.1843,0,,0,0,1,25,25,0,25.0,54464.0
69.2,60,100,84,0.0,97.071,4.2659,46.444,500,1.1,0,0.0017093,14.491,7.0336,72977,81250.0,6.5018,298.03,109.26,1.554,10.0,,31,,1.0758,0.192,,,1.1868,0,,0,0,1,25,25,0,25.0,54957.0
69.4,60,100,84,0.0,96.869,33.249,4.6444,500,1.1,0,0.0016883,14.541,7.0664,73108,81391.0,6.5066,297.98,92.917,1.5572,10.0,,31,,1.0612,0.19213,,,1.1893,0,,0,0,1,25,25,0,25.0,54619.0
69.6,60,100,84,0.0,94.744,17.194,0.46444,500,1.1,0,0.0016863,14.543,7.0993,73240,81531.0,6.512,297.94,77.507,1.5603,10.0,,31,,1.0727,0.19201,,,1.1917,0,,0,0,1,25,25,0,25.0,55114.0
69.8,60,100,84,0.0,90.443,5.1582,31.698,500,1.1,0,0.0016665,14.571,7.132,73370,81671.0,6.5153,297.98,94.153,1.5635,10.0,,31,,1.0731,0.192,,,1.1941,0,,0,0,1,25,25,0,25.0,55274.0
70.0,60,100,84,0.0,84.835,19.716,3.1698,500,1.1,0,0.0016288,14.617,7.1646,73499,81810.0,6.5197,297.94,79.435,1.5666,10.0,,31,,1.07,0.19203,,,1.1965,0,,0,0,1,25,25,0,25.0,55435.0
70.2,60,100,84,0.0,77.469,5.9149,56.398,500,1.1,0,0.0016045,14.652,7.1972,73626,81947.0,6.5177,298.05,117.2,1.5696,10.0,,31,,1.0649,0.19207,,,1.1988,0,,0,0,1,25,25,0,25.0,55595.0
70.4,60,100,84,0.0,70.939,41.667,5.6398,500,1.1,0,0.0015897,14.664,7.2297,73753,82082.0,6.5125,297.99,97.398,1.5726,10.0,,31,,1.0733,0.19198,,,1.2011,0,,0,0,1,25,25,0,25.0,56755.0
70.6,60,100,84,0.0,66.481,23.014,0.56398,500,1.1,0,0.0015673,14.689,7.262,73878,82217.0,6.5069,297.94,78.357,1.5756,10.0,,31,,1.0776,0.19194,,,1.2034,0,,0,0,1,25,25,0,25.0,55914.0
70.8,60,100,84,0.0,64.249,6.9043,37.579,500,1.1,0,0.0015589,14.701,7.2942,74003,82351.0,6.5011,297.99,98.005,1.5786,10.0,,31,,1.0861,0.19185,,,1.2057,0,,0,0,1,25,25,0,25.0,56405.0
71.0,60,100,84,0.0,64.333,24.477,3.7579,500,1.1,0,0.0016026,14.67,7.3267,74128,82485.0,6.4937,297.95,82.197,1.5815,10.0,,31,,1.1067,0.19165,,,1.208,0,,0,0,1,25,25,0,25.0,56065.0
71.2,60,100,84,0.0,67.37,7.3431,62.38,500,1.1,0,0.0015911,14.722,7.3593,74254,82620.0,6.492,298.07,124.9,1.5845,10.0,,31,,1.0979,0.19173,,,1.2103,0,,0,0,1,25,25,0,25.0,56892.0
71.4,60,100,84,0.0,71.075,47.983,6.238,500,1.1,0,0.0015847,14.75,7.3919,74380,82756.0,6.4945,298.01,101.75,1.5875,10.0,,31,,1.0993,0.19171,,,1.2125,0,,0,0,1,25,25,0,25.0,56552.0
71.6,60,100,84,0.0,73.781,26.907,0.6238,500,1.1,0,0.0015652,14.79,7.4245,74507,82892.0,6.4979,297.94,79.779,1.5905,10.0,,31,,1.1002,0.1917,,,1.2148,0,,0,0,1,25,25,0,25.0,55879.0
71.8,60,100,84,0.0,75.138,8.0721,40.67,500,1.1,0,0.0015474,14.845,7.4567,74634,83028.0,6.5,298.0,100.45,1.5934,10.0,,31,,1.0862,0.19182,,,1.217,0,,0,0,1,25,25,0,25.0,57204.0
72.0,60,100,84,0.0,75.67,26.711,4.067,500,1.1,0,0.0015459,14.869,7.4891,74761,83164.0,6.5032,297.95,81.274,1.5963,10.0,1391.4,31,1887.0,1.0859,0.19182,7.3593,18.252,1.2193,0,26.583,0,0,1,25,25,0,25.0,56697.0
72.2,60,100,90,0.0,74.906,8.0133,68.423,500,1.1,0,0.0015749,14.876,7.5216,74889,83302.0,6.5026,298.08,127.52,1.5992,10.0,,30,,1.096,0.19172,,,1.2215,0,,0,0,1,25,25,0,25.0,58023.0
72.4,60,100,90,0.0,74.407,51.739,6.8423,500,1.1,0,0.0015619,14.901,7.554,75017,83439.0,6.5032,298.01,103.66,1.6021,10.0,,30,,1.0988,0.19169,,,1.2237,0,,0,0,1,25,25,0,25.0,57516.0
72.6,60,100,90,0.0,73.657,30.356,0.68423,500,1.1,0,0.0015896,14.905,7.5866,75145,83576.0,6.5064,297.95,81.28,1.6051,10.0,,30,,1.0949,0.19172,,,1.226,0,,0,0,1,25,25,0,25.0,58176.0
72.8,60,100,90,0.0,71.62,9.1067,43.001,500,1.1,0,0.0015795,14.94,7.6188,75272,83713.0,6.5077,298.01,104.72,1.608,10.0,,30,,1.086,0.1918,,,1.2283,0,,0,0,1,25,25,0,25.0,57001.0
73.0,60,100,90,0.0,69.047,30.446,4.3001,500,1.1,0,0.0015845,14.967,7.6511,75399,83849.0,6.508,297.96,85.887,1.611,10.0,,30,,1.0757,0.19189,,,1.2306,0,,0,0,1,25,25,0,25.0,58160.0
73.2,60,100,90,0.0,66.371,12.135,0.43001,500,1.1,0,0.0015591,14.994,7.6834,75526,83985.0,6.5083,297.91,69.322,1.614,10.0,,30,,1.0777,0.19186,,,1.2329,0,,0,0,1,25,25,0,25.0,58152.0
73.4,60,100,90,0.0,63.57,3.6404,30.105,500,1.1,0,0.0015493,15.025,7.7157,75652,84120.0,6.5088,297.95,82.803,1.6169,10.0,,30,,1.0747,0.19188,,,1.2351,0,,0,0,1,25,25,0,25.0,58811.0
73.6,60,100,90,0.0,60.551,13.827,3.0105,500,1.1,0,0.0015642,15.016,7.7481,75777,84255.0,6.5067,297.91,69.326,1.6199,10.0,,30,,1.0879,0.19176,,,1.2374,0,,0,0,1,25,25,0,25.0,58803.0
73.8,60,100,90,0.0,58.42,4.148,51.883,500,1.1,0,0.0016508,14.959,7.7808,75902,84389.0,6.5026,298.01,105.36,1.6229,10.0,,30,,1.1165,0.19148,,,1.2397,0,,0,0,1,25,25,0,25.0,58798.0
74.0,60,100,90,0.0,57.916,36.021,5.1883,500,1.1,0,0.0016277,15.003,7.8137,76026,84524.0,6.4997,297.97,88.059,1.626,10.0,,30,,1.1157,0.19148,,,1.2421,0,,0,0,1,25,25,0,25.0,58293.0
74.2,60,100,90,0.0,58.533,19.127,0.51883,500,1.1,0,0.0016303,15.023,7.8464,76151,84658.0,6.4999,297.92,71.528,1.6291,10.0,,30,,1.1245,0.19139,,,1.2444,0,,0,0,1,25,25,0,25.0,58620.0
74.4,60,100,90,0.0,59.096,5.7381,36.838,500,1.1,0,0.0016322,15.04,7.879,76276,84792.0,6.4986,297.98,92.64,1.6321,10.0,,30,,1.1284,0.19135,,,1.2468,0,,0,0,1,25,25,0,25.0,59114.0
74.6,60,100,90,0.0,60.196,23.393,3.6838,500,1.1,0,0.001633,15.057,7.9114,76401,84927.0,6.4989,297.94,78.278,1.6352,10.0,,30,,1.1398,0.19124,,,1.2491,0,,0,0,1,25,25,0,25.0,58606.0
74.8,60,100,90,0.0,61.133,7.018,62.276,500,1.1,0,0.0016411,15.085,7.9436,76526,85062.0,6.5016,298.06,121.96,1.6382,10.0,,30,,1.1389,0.19124,,,1.2515,0,,0,0,1,25,25,0,25.0,60431.0
75.0,60,100,90,0.0,60.988,46.895,6.2276,500,1.1,0,0.0017146,15.055,7.976,76652,85197.0,6.5025,298.01,105.36,1.6414,10.0,,30,,1.1517,0.19111,,,1.2539,0,,0,0,1,25,25,0,25.0,59257.0
75.2,60,100,90,0.0,60.518,32.37,0.62276,100,1.1,0,0.001682,14.18,8.017,76697,85251.0,6.5042,298.05,116.42,1.6445,10.0,,30,,1.4219,0.18855,,,1.2563,0,,0,0,1,25,25,0,25.0,59620.0
75.4,60,100,90,0.0,59.364,43.827,0.062276,100,1.1,0,0.001666,14.174,8.0577,76742,85306.0,6.5058,298.06,123.07,1.6476,10.0,,30,,1.4618,0.18817,,,1.2586,0,,0,0,1,25,25,0,25.0,59982.0
75.6,60,100,90,0.0,57.578,51.638,0.0062276,100,1.1,0,0.0016248,14.185,8.0979,76786,85360.0,6.506,298.08,128.38,1.6506,10.0,,30,,1.4588,0.18819,,,1.261,0,,0,0,1,25,25,0,25.0,59675.0
75.8,60,100,90,0.0,55.694,58.944,0.00062276,100,1.1,0,0.0015789,14.186,8.1378,76830,85414.0,6.5057,298.08,130.03,1.6536,10.0,,30,,1.4587,0.18818,,,1.2633,0,,0,0,1,25,25,0,25.0,61032.0
76.0,60,100,90,0.0,53.928,63.341,0.0001,100,1.1,0,0.001571,14.156,8.1774,76874,85467.0,6.5029,298.09,131.69,1.6566,10.0,,30,,1.4707,0.18806,,,1.2656,0,,0,0,1,25,25,0,25.0,61222.0
76.2,60,100,116,0.0,53.307,67.986,0.0001,100,1.1,0,0.0020839,13.8,8.2185,76923,85526.0,6.4917,298.12,142.4,1.66,10.0,,29,,1.5704,0.18711,,,1.2682,0,,0,0,1,25,25,0,25.0,61252.0
76.4,60,100,116,0.0,57.157,81.427,0.0001,100,1.1,0,0.0021382,13.751,8.2594,76972,85586.0,6.4831,298.13,148.35,1.6639,10.0,,29,,1.5971,0.18685,,,1.2712,0,,0,0,1,25,25,0,25.0,60281.0
76.6,60,100,116,0.0,64.414,91.251,0.0001,100,1.1,0,0.0020435,13.82,8.3005,77023,85648.0,6.4799,298.14,149.99,1.6676,10.0,,29,,1.5805,0.187,,,1.274,0,,0,0,1,25,25,0,25.0,61312.0
76.8,60,100,116,0.0,72.972,97.692,0.0001,100,1.1,0,0.0019931,13.863,8.3411,77076,85711.0,6.4852,298.13,148.32,1.6713,10.0,,29,,1.56,0.18719,,,1.2769,0,,0,0,1,25,25,0,25.0,61673.0
77.0,60,100,116,0.0,79.384,101.23,0.0001,100,1.1,0,0.0019893,13.862,8.3818,77130,85775.0,6.4904,298.13,145.67,1.6749,10.0,,29,,1.5556,0.18722,,,1.2797,0,,0,0,1,25,25,0,25.0,60867.0
77.2,60,100,116,0.0,83.74,103.75,0.0001,100,1.1,0,0.0020162,13.848,8.4222,77185,85840.0,6.4965,298.11,141.61,1.6786,10.0,,29,,1.5539,0.18723,,,1.2825,0,,0,0,1,25,25,0,25.0,61727.0
77.4,60,100,116,0.0,85.659,104.67,0.0001,100,1.1,0,0.0019916,13.837,8.4629,77240,85906.0,6.5027,298.11,138.48,1.6822,10.0,,29,,1.5566,0.1872,,,1.2852,0,,0,0,1,25,25,0,25.0,62089.0
77.6,60,100,116,0.0,85.087,106.09,0.0001,100,1.1,0,0.0020148,13.799,8.5037,77295,85972.0,6.509,298.1,136.44,1.6859,10.0,,29,,1.5649,0.18711,,,1.288,0,,0,0,1,25,25,0,25.0,61451.0
77.8,60,100,116,0.0,82.008,108.19,0.0001,100,1.1,0,0.0019689,13.822,8.5447,77350,86036.0,6.5145,298.09,133.52,1.6895,10.0,,29,,1.553,0.18722,,,1.2908,0,,0,0,1,25,25,0,25.0,61981.0
78.0,60,100,116,0.0,76.732,109.25,0.0001,100,1.1,0,0.0019406,13.807,8.5858,77403,86100.0,6.5177,298.08,129.0,1.693,10.0,,29,,1.5561,0.18718,,,1.2935,0,,0,0,1,25,25,0,25.0,61511.0
78.2,60,100,116,0.0,70.181,108.5,0.0001,100,1.1,0,0.0020278,13.71,8.6274,77456,86163.0,6.516,298.08,128.63,1.6966,10.0,,29,,1.5846,0.1869,,,1.2963,0,,0,0,1,25,25,0,25.0,63377.0
78.4,60,100,116,0.0,64.326,111.24,0.0001,100,1.1,0,0.0020505,13.666,8.6688,77507,86224.0,6.512,298.08,128.91,1.7003,10.0,,29,,1.5946,0.1868,,,1.2991,0,,0,0,1,25,25,0,25.0,62409.0
78.6,60,100,116,0.0,60.053,114.48,0.0001,100,1.1,0,0.0020221,13.656,8.7104,77557,86285.0,6.5058,298.07,127.1,1.704,10.0,,29,,1.5968,0.18678,,,1.3019,0,,0,0,1,25,25,0,25.0,62941.0
78.8,60,100,116,0.0,58.27,115.76,0.0001,100,1.1,0,0.0019163,13.719,8.752,77607,86345.0,6.497,298.07,125.69,1.7075,10.0,,29,,1.5746,0.18698,,,1.3047,0,,0,0,1,25,25,0,25.0,63808.0
79.0,60,100,116,0.0,59.998,117.27,0.0001,100,1.1,0,0.0019292,13.698,8.7934,77657,86405.0,6.4899,298.07,123.55,1.711,10.0,,29,,1.5743,0.18698,,,1.3074,0,,0,0,1,25,25,0,25.0,62672.0
79.2,60,100,116,0.0,64.563,117.95,0.0001,100,1.1,0,0.001855,13.747,8.8346,77708,86466.0,6.4884,298.06,120.3,1.7144,10.0,,29,,1.5586,0.18712,,,1.31,0,,0,0,1,25,25,0,25.0,64036.0
79.4,60,100,116,0.0,69.695,117.38,0.0001,100,1.1,0,0.0018715,13.719,8.8758,77760,86529.0,6.4902,298.05,116.48,1.7179,10.0,,29,,1.5651,0.18705,,,1.3126,0,,0,0,1,25,25,0,25.0,64567.0
79.6,60,100,116,0.0,74.116,115.96,0.0001,100,1.1,0,0.0019043,13.676,8.9172,77813,86592.0,6.4922,298.04,113.4,1.7213,10.0,,29,,1.5757,0.18694,,,1.3153,0,,0,0,1,25,25,0,25.0,63932.0
79.8,60,100,116,0.0,77.75,114.86,0.0001,100,1.1,0,0.0019466,13.64,8.9585,77866,86656.0,6.4969,298.03,112.07,1.7248,10.0,,29,,1.5795,0.1869,,,1.318,0,,0,0,1,25,25,0,25.0,63963.0
80.0,60,100,116,0.0,79.51,115.08,0.0001,100,1.1,0,0.0019493,13.644,8.9999,77920,86720.0,6.4989,298.04,112.54,1.7284,10.0,,29,,1.5684,0.187,,,1.3207,0,,0,0,1,25,25,0,25.0,64829.0
80.2,60,100,90,0.0,80.469,116.83,0.0001,100,1.1,0,0.0011835,14.32,9.0349,77969,86778.0,6.5126,297.98,91.99,1.7312,10.0,,23,,1.3869,0.18872,,,1.3229,0,,0,0,1,25,25,0,25.0,64495.0
80.4,60,100,90,0.0,75.902,98.843,0.0001,100,1.1,0,0.0012206,14.263,9.0705,78017,86834.0,6.5216,297.94,77.363,1.7336,10.0,,23,,1.3701,0.18887,,,1.3247,0,,0,0,1,25,25,0,25.0,64665.0
80.6,60,100,90,0.0,67.805,29.653,108.9,100,1.1,0,0.0012468,14.217,9.1068,78064,86889.0,6.5258,298.21,177.23,1.7359,10.0,,23,,1.3744,0.18883,,,1.3265,0,,0,0,1,25,25,0,25.0,64839.0
80.8,60,100,90,0.0,58.027,121.3,10.89,100,1.1,0,0.0012152,14.221,9.1428,78108,86942.0,6.5249,298.18,166.7,1.7383,10.0,,23,,1.365,0.18891,,,1.3283,0,,0,0,1,25,25,0,25.0,65844.0
81.0,60,100,90,0.0,48.588,117.3,1.089,100,1.1,0,0.0012499,14.132,9.1796,78151,86993.0,6.5168,298.14,152.43,1.7406,10.0,,23,,1.3927,0.18864,,,1.3301,0,,0,0,1,25,25,0,25.0,65686.0
81.2,60,100,90,0.0,42.408,111.0,0.1089,100,1.1,0,0.0012595,14.092,9.2168,78192,87042.0,6.5022,298.1,137.18,1.743,10.0,,23,,1.4062,0.18851,,,1.332,0,,0,0,1,25,25,0,25.0,65531.0
81.4,60,100,90,0.0,42.071,102.4,0.01089,100,1.1,0,0.0012074,14.113,9.2534,78233,87092.0,6.4882,298.06,121.86,1.7454,10.0,,23,,1.4036,0.18853,,,1.3338,0,,0,0,1,25,25,0,25.0,64705.0
81.6,60,100,90,0.0,47.292,92.211,0.001089,100,1.1,0,0.0012286,14.084,9.2901,78276,87143.0,6.4762,298.03,111.5,1.7478,10.0,,23,,1.4072,0.18849,,,1.3356,0,,0,0,1,25,25,0,25.0,66381.0
81.8,60,100,90,0.0,57.312,85.117,0.0001089,100,1.1,0,0.0012018,14.12,9.3263,78320,87196.0,6.4726,298.01,103.08,1.7501,10.0,,23,,1.3968,0.18859,,,1.3374,0,,0,0,1,25,25,0,25.0,66387.0
82.0,60,100,90,0.0,68.776,78.68,0.0001,100,1.1,0,0.0011867,14.143,9.3617,78367,87251.0,6.4775,297.99,95.077,1.7525,10.0,,23,,1.3877,0.18867,,,1.3392,0,,0,0,1,25,25,0,25.0,67056.0
82.2,60,100,90,0.0,78.263,71.748,0.0001,100,1.1,0,0.0012305,14.105,9.3978,78415,87308.0,6.4895,297.97,89.358,1.7548,10.0,,23,,1.3994,0.18855,,,1.341,0,,0,0,1,25,25,0,25.0,65562.0
82.4,60,100,90,0.0,82.954,66.129,0.0001,100,1.1,0,0.0012396,14.087,9.4342,78465,87366.0,6.5021,297.96,84.998,1.7572,10.0,,23,,1.4051,0.18849,,,1.3429,0,,0,0,1,25,25,0,25.0,65569.0
82.6,60,100,90,0.0,82.637,61.154,0.0001,100,1.1,0,0.0012427,14.068,9.4708,78514,87423.0,6.5145,297.95,81.832,1.7596,10.0,,23,,1.4153,0.18839,,,1.3447,0,,0,0,1,25,25,0,25.0,66077.0
82.8,60,100,90,0.0,77.37,56.826,0.0001,100,1.1,0,0.0012188,14.058,9.5073,78562,87480.0,6.522,297.94,77.817,1.7619,10.0,,23,,1.4223,0.18832,,,1.3465,0,,0,0,1,25,25,0,25.0,66585.0
83.0,60,100,90,0.0,69.103,17.048,69.644,100,1.1,0,0.0011705,14.077,9.543,78609,87535.0,6.5236,298.12,142.72,1.7642,10.0,,23,,1.4154,0.18838,,,1.3482,0,,0,0,1,25,25,0,25.0,67089.0
83.2,60,100,90,0.0,60.191,75.322,6.9644,100,1.1,0,0.0011197,14.08,9.578,78654,87588.0,6.5235,298.11,139.0,1.7664,10.0,,23,,1.4159,0.18837,,,1.3499,0,,0,0,1,25,25,0,25.0,67589.0
83.4,60,100,90,0.0,51.334,74.916,0.69644,100,1.1,0,0.00112,14.04,9.6131,78697,87640.0,6.5176,298.08,129.27,1.7686,10.0,,23,,1.4276,0.18826,,,1.3516,0,,0,0,1,25,25,0,25.0,67090.0
83.6,60,100,90,0.0,44.822,69.942,0.069644,100,1.1,0,0.0010833,14.051,9.6477,78739,87689.0,6.509,298.05,119.7,1.7707,10.0,,23,,1.4257,0.18827,,,1.3532,0,,0,0,1,25,25,0,25.0,67921.0
83.8,60,100,90,0.0,41.74,64.267,0.0069644,100,1.1,0,0.0010916,14.028,9.6827,78780,87739.0,6.4986,298.03,111.07,1.7728,10.0,,23,,1.4255,0.18827,,,1.3549,0,,0,0,1,25,25,0,25.0,67588.0
84.0,60,100,90,0.0,42.835,58.495,0.00069644,100,1.1,0,0.0011166,14.013,9.718,78821,87788.0,6.4912,298.01,103.76,1.775,10.0,1542.4,23,1882.6,1.4156,0.18836,9.578,19.29,1.3565,0,27.495,0,0,1,25,25,0,25.0,68923.0
84.2,60,100,90,0.0,46.847,53.061,0.0001,100,1.1,0,0.0010944,14.056,9.7527,78863,87839.0,6.4878,297.99,97.047,1.7771,10.0,,23,,1.391,0.18859,,,1.3581,0,,0,0,1,25,25,0,25.0,67422.0
84.4,60,100,90,0.0,52.218,47.42,0.0001,100,1.1,0,0.0011078,14.033,9.7877,78907,87890.0,6.4896,297.98,91.651,1.7792,10.0,,23,,1.3956,0.18854,,,1.3598,0,,0,0,1,25,25,0,25.0,68756.0
84.6,60,100,90,0.0,56.9,42.315,0.0001,100,1.1,0,0.0011174,14.025,9.8224,78951,87943.0,6.4935,297.96,86.31,1.7814,10.0,,23,,1.3953,0.18854,,,1.3614,0,,0,0,1,25,25,0,25.0,68755.0
84.8,60,100,90,0.0,60.032,36.694,0.0001,100,1.1,0,0.0011264,14.01,9.8573,78996,87996.0,6.4994,297.95,81.017,1.7835,10.0,,23,,1.397,0.18852,,,1.3631,0,,0,0,1,25,25,0,25.0,68755.0
85.0,60,100,90,0.0,60.78,30.582,0.0001,100,1.1,0,0.0011651,13.98,9.8928,79041,88049.0,6.507,297.94,78.331,1.7857,10.0,,23,,1.3946,0.18854,,,1.3648,0,,0,0,1,25,25,0,25.0,69424.0
85.2,60,100,90,0.0,58.489,9.1746,40.517,100,1.1,0,0.0011653,13.951,9.9284,79085,88102.0,6.5129,298.05,117.82,1.7879,10.0,,23,,1.4036,0.18845,,,1.3665,0,,0,0,1,25,25,0,25.0,68761.0
85.4,60,100,90,0.0,53.849,43.606,4.0517,100,1.1,0,0.0011839,13.887,9.9645,79129,88154.0,6.5143,298.05,116.55,1.7902,10.0,,23,,1.4271,0.18822,,,1.3682,0,,0,0,1,25,25,0,25.0,69433.0
85.6,60,100,90,0.0,48.679,43.485,0.40517,100,1.1,0,0.0011835,13.862,10.001,79171,88205.0,6.5113,298.03,111.32,1.7925,10.0,,23,,1.4347,0.18815,,,1.3699,0,,0,0,1,25,25,0,25.0,69606.0
85.8,60,100,90,0.0,44.681,40.397,0.040517,100,1.1,0,0.0011707,13.853,10.037,79213,88255.0,6.5045,298.02,107.07,1.7947,10.0,,23,,1.4331,0.18816,,,1.3717,0,,0,0,1,25,25,0,25.0,69613.0
86.0,60,100,90,0.0,43.414,37.776,0.0040517,100,1.1,0,0.0011935,13.817,10.074,79255,88305.0,6.4964,298.01,104.2,1.797,10.0,,23,,1.4356,0.18813,,,1.3734,0,,0,0,1,25,25,0,25.0,70621.0
86.2,60,100,90,0.0,45.387,35.976,0.00040517,100,1.1,0,0.0011932,13.82,10.11,79296,88356.0,6.4903,298.0,100.97,1.7993,10.0,,23,,1.43,0.18818,,,1.3752,0,,0,0,1,25,25,0,25.0,69796.0
86.4,60,100,90,0.0,49.8,33.539,0.0001,100,1.1,0,0.0011467,13.865,10.146,79339,88407.0,6.4895,297.99,97.044,1.8015,10.0,,23,,1.4153,0.18831,,,1.3769,0,,0,0,1,25,25,0,25.0,70134.0
86.6,60,100,90,0.0,54.515,30.139,0.0001,100,1.1,0,0.0011455,13.855,10.182,79383,88459.0,6.4942,297.99,93.867,1.8037,10.0,,23,,1.4146,0.18831,,,1.3786,0,,0,0,1,25,25,0,25.0,70305.0
86.8,60,100,90,0.0,57.348,27.054,0.0001,100,1.1,0,0.00115,13.857,10.217,79427,88512.0,6.5005,297.98,90.735,1.8059,10.0,,23,,1.4106,0.18835,,,1.3803,0,,0,0,1,25,25,0,25.0,70474.0
87.0,60,100,90,0.0,57.651,23.679,0.0001,100,1.1,0,0.0011832,13.82,10.254,79471,88564.0,6.5065,297.97,89.732,1.8082,10.0,,23,,1.411,0.18834,,,1.382,0,,0,0,1,25,25,0,25.0,70147.0
87.2,60,100,90,0.0,55.552,21.95,0.0001,100,1.1,0,0.001209,13.776,10.29,79515,88617.0,6.5087,297.97,90.011,1.8105,10.0,,23,,1.4224,0.18823,,,1.3838,0,,0,0,1,25,25,0,25.0,69989.0
87.4,60,100,90,0.0,52.605,21.257,0.0001,100,1.1,0,0.001217,13.744,10.327,79559,88669.0,6.5103,297.98,91.165,1.8128,10.0,,23,,1.4292,0.18816,,,1.3856,0,,0,0,1,25,25,0,25.0,69999.0
87.6,60,100,90,0.0,49.014,21.368,0.0001,100,1.1,0,0.0012358,13.703,10.365,79601,88720.0,6.5087,297.98,92.634,1.8151,10.0,,23,,1.4372,0.18808,,,1.3874,0,,0,0,1,25,25,0,25.0,71013.0
87.8,60,100,90,0.0,46.073,21.867,0.0001,100,1.1,0,0.0012212,13.698,10.403,79643,88771.0,6.5035,297.98,93.747,1.8175,10.0,,23,,1.4403,0.18804,,,1.3892,0,,0,0,1,25,25,0,25.0,71027.0
88.0,60,100,90,0.0,45.194,22.177,0.0001,100,1.1,0,0.0012111,13.674,10.441,79685,88821.0,6.4974,297.99,94.438,1.8198,10.0,,23,,1.4504,0.18794,,,1.3909,0,,0,0,1,25,25,0,25.0,71208.0
88.2,60,100,90,0.0,46.775,22.219,0.0001,100,1.1,0,0.001221,13.661,10.479,79727,88872.0,6.4915,297.99,95.176,1.8221,10.0,,23,,1.4479,0.18796,,,1.3927,0,,0,0,1,25,25,0,25.0,71057.0
88.4,60,100,90,0.0,50.677,22.381,0.0001,100,1.1,0,0.0012568,13.614,10.517,79770,88924.0,6.4879,297.99,97.208,1.8245,10.0,,23,,1.4625,0.18782,,,1.3945,0,,0,0,1,25,25,0,25.0,71240.0
88.6,60,100,90,0.0,56.026,23.8,0.0001,100,1.1,0,0.0013232,13.534,10.557,79814,88977.0,6.4885,298.0,100.68,1.8269,10.0,,23,,1.4824,0.18763,,,1.3964,0,,0,0,1,25,25,0,25.0,71096.0
88.8,60,100,90,0.0,61.116,26.713,0.0001,100,1.1,0,0.0013197,13.542,10.596,79859,89031.0,6.4936,298.01,102.47,1.8294,10.0,,23,,1.482,0.18763,,,1.3983,0,,0,0,1,25,25,0,25.0,72285.0
89.0,60,100,90,0.0,64.162,28.402,0.0001,100,1.1,0,0.0013423,13.52,10.635,79904,89086.0,6.5002,298.01,103.6,1.8319,10.0,,23,,1.487,0.18757,,,1.4003,0,,0,0,1,25,25,0,25.0,71306.0
89.2,60,100,90,0.0,64.606,29.698,0.0001,100,1.1,0,0.0013295,13.538,10.675,79950,89140.0,6.5049,298.01,104.21,1.8344,10.0,,23,,1.4759,0.18767,,,1.4022,0,,0,0,1,25,25,0,25.0,72328.0
89.4,60,100,90,0.0,63.191,30.639,0.0001,100,1.1,0,0.0013034,13.555,10.714,79995,89195.0,6.5077,298.01,104.53,1.8369,10.0,,23,,1.4654,0.18777,,,1.4041,0,,0,0,1,25,25,0,25.0,72848.0
89.6,60,100,90,0.0,60.646,31.391,0.0001,100,1.1,0,0.0013585,13.478,10.754,80040,89249.0,6.5057,298.02,106.04,1.8394,10.0,,23,,1.4801,0.18763,,,1.406,0,,0,0,1,25,25,0,25.0,73707.0
89.8,60,100,90,0.0,58.899,33.263,0.0001,100,1.1,0,0.001351,13.464,10.794,80085,89302.0,6.5014,298.02,107.19,1.8419,10.0,,23,,1.4857,0.18757,,,1.4079,0,,0,0,1,25,25,0,25.0,74066.0
90.0,60,100,90,0.0,58.849,34.934,0.0001,100,1.1,0,0.0013824,13.412,10.835,80129,89356.0,6.4956,298.02,108.72,1.8444,10.0,,23,,1.5056,0.18737,,,1.4099,0,,0,0,1,25,25,0,25.0,73260.0
90.2,75,100,90,0.0,61.131,37.078,0.0001,100,1.1,0,0.0013523,13.866,10.874,80174,89410.0,6.4915,298.03,109.67,1.505,10.0,,23,,1.4328,0.19143,,,1.4366,0,,0,0,1,25,25,0,25.0,73117.0
90.4,75,100,90,0.0,65.062,38.829,0.0001,100,1.1,0,0.0013577,13.859,10.914,80220,89465.0,6.4901,298.03,110.52,1.4876,10.0,,23,,1.375,0.1919,,,1.4199,0,,0,0,1,25,25,0,25.0,73975.0
90.6,75,100,90,0.0,69.528,40.598,0.0001,100,1.1,0,0.0013488,13.845,10.954,80266,89521.0,6.4907,298.03,110.52,1.4885,10.0,,23,,1.3852,0.19182,,,1.4207,0,,0,0,1,25,25,0,25.0,74165.0
90.8,75,100,90,0.0,73.758,41.673,0.0001,100,1.1,0,0.0012908,13.907,10.993,80314,89577.0,6.4952,298.02,107.81,1.4903,10.0,,23,,1.3628,0.19199,,,1.4225,0,,0,0,1,25,25,0,25.0,74017.0
91.0,75,100,90,0.0,76.2,40.313,0.0001,100,1.1,0,0.0012575,13.95,11.031,80362,89634.0,6.503,298.01,104.33,1.4922,10.0,,23,,1.336,0.19218,,,1.4243,0,,0,0,1,25,25,0,25.0,74534.0
91.2,75,100,90,0.0,75.498,38.033,0.0001,100,1.1,0,0.0012678,13.922,11.07,80410,89691.0,6.5084,298.01,101.58,1.4941,10.0,,23,,1.3405,0.19215,,,1.4261,0,,0,0,1,25,25,0,25.0,73718.0
91.4,75,100,90,0.0,72.655,36.084,0.0001,100,1.1,0,0.0012881,13.893,11.109,80457,89747.0,6.5108,298.0,100.29,1.496,10.0,,23,,1.3386,0.19216,,,1.4279,0,,0,0,1,25,25,0,25.0,74404.0
91.6,75,100,90,0.0,68.875,35.189,0.0001,100,1.1,0,0.0013206,13.816,11.148,80503,89802.0,6.5127,298.0,100.5,1.498,10.0,,23,,1.3705,0.19191,,,1.4298,0,,0,0,1,25,25,0,25.0,74259.0
91.8,75,100,90,0.0,64.296,35.487,0.0001,100,1.1,0,0.0013412,13.783,11.187,80549,89857.0,6.5129,298.0,101.23,1.5,10.0,,23,,1.3749,0.19188,,,1.4318,0,,0,0,1,25,25,0,25.0,74114.0
92.0,75,100,90,0.0,59.65,36.253,0.0001,100,1.1,0,0.0012982,13.823,11.226,80593,89911.0,6.5113,298.0,101.2,1.502,10.0,,23,,1.3466,0.19208,,,1.4336,0,,0,0,1,25,25,0,25.0,75133.0
92.2,75,100,90,0.0,55.67,36.394,0.0001,100,1.1,0,0.001308,13.795,11.265,80637,89964.0,6.5074,298.01,101.32,1.5039,10.0,,23,,1.3517,0.19204,,,1.4355,0,,0,0,1,25,25,0,25.0,75654.0
92.4,75,100,90,0.0,53.239,36.679,0.0001,100,1.1,0,0.001288,13.807,11.304,80680,90016.0,6.5033,298.0,100.13,1.5059,10.0,,23,,1.3431,0.1921,,,1.4374,0,,0,0,1,25,25,0,25.0,75174.0
92.6,75,100,90,0.0,52.455,35.786,0.0001,100,1.1,0,0.0012786,13.828,11.343,80724,90068.0,6.4974,298.0,99.754,1.5078,10.0,,23,,1.3189,0.19228,,,1.4392,0,,0,0,1,25,25,0,25.0,75859.0
92.8,75,100,90,0.0,54.017,35.54,0.0001,100,1.1,0,0.0012989,13.799,11.382,80767,90121.0,6.4911,298.0,98.982,1.5097,10.0,,23,,1.3216,0.19226,,,1.441,0,,0,0,1,25,25,0,25.0,75879.0
93.0,75,100,90,0.0,58.096,34.884,0.0001,100,1.1,0,0.0012865,13.808,11.421,80811,90174.0,6.489,298.0,97.857,1.5116,10.0,,23,,1.3198,0.19227,,,1.4429,0,,0,0,1,25,25,0,25.0,75564.0
93.2,75,100,90,0.0,62.996,33.841,0.0001,100,1.1,0,0.0012635,13.847,11.458,80857,90229.0,6.4923,297.99,95.8,1.5135,10.0,,23,,1.3027,0.19239,,,1.4447,0,,0,0,1,25,25,0,25.0,76245.0
93.4,75,100,90,0.0,66.562,31.855,0.0001,100,1.1,0,0.0012856,13.835,11.497,80902,90284.0,6.4973,297.99,94.366,1.5154,10.0,,23,,1.3008,0.1924,,,1.4465,0,,0,0,1,25,25,0,25.0,76427.0
93.6,75,100,90,0.0,68.166,30.248,0.0001,100,1.1,0,0.001283,13.846,11.534,80949,90339.0,6.5046,297.98,92.91,1.5172,10.0,,23,,1.2907,0.19248,,,1.4483,0,,0,0,1,25,25,0,25.0,76607.0
93.8,75,100,90,0.0,66.852,28.469,0.0001,100,1.1,0,0.0013254,13.818,11.572,80995,90394.0,6.5096,297.98,92.659,1.5191,10.0,,23,,1.28,0.19255,,,1.4501,0,,0,0,1,25,25,0,25.0,77123.0
94.0,75,100,90,0.0,63.536,27.634,0.0001,100,1.1,0,0.0013138,13.801,11.61,81040,90449.0,6.511,297.98,92.077,1.5211,10.0,,23,,1.286,0.1925,,,1.452,0,,0,0,1,25,25,0,25.0,76637.0
94.2,75,100,90,0.0,59.648,26.453,0.0001,100,1.1,0,0.0013267,13.754,11.648,81085,90502.0,6.5106,297.98,92.583,1.523,10.0,,23,,1.3058,0.19235,,,1.4538,0,,0,0,1,25,25,0,25.0,76820.0
94.4,75,100,90,0.0,55.921,26.202,0.0001,100,1.1,0,0.001312,13.759,11.686,81128,90555.0,6.5075,297.98,93.127,1.5249,10.0,,23,,1.3018,0.19238,,,1.4556,0,,0,0,1,25,25,0,25.0,77335.0
94.6,75,100,90,0.0,53.437,26.012,0.0001,100,1.1,0,0.0012729,13.761,11.724,81172,90608.0,6.5017,297.98,92.26,1.5267,10.0,,23,,1.3139,0.19228,,,1.4574,0,,0,0,1,25,25,0,25.0,78184.0
94.8,75,100,90,0.0,53.303,24.606,0.0001,100,1.1,0,0.0013018,13.711,11.763,81215,90660.0,6.4929,297.98,92.416,1.5286,10.0,,23,,1.3323,0.19214,,,1.4592,0,,0,0,1,25,25,0,25.0,77534.0
95.0,75,100,90,0.0,56.667,24.062,0.0001,100,1.1,0,0.0013119,13.705,11.801,81259,90713.0,6.485,297.98,93.482,1.5305,10.0,,23,,1.3262,0.19218,,,1.461,0,,0,0,1,25,25,0,25.0,77884.0
95.2,75,100,90,0.0,63.196,24.33,0.0001,100,1.1,0,0.0013053,13.726,11.839,81304,90768.0,6.4795,297.98,93.546,1.5324,10.0,,23,,1.311,0.19229,,,1.4628,0,,0,0,1,25,25,0,25.0,78899.0
95.4,75,100,90,0.0,71.904,23.785,0.0001,100,1.1,0,0.0013061,13.728,11.877,81351,90824.0,6.4823,297.98,92.588,1.5343,10.0,,23,,1.3149,0.19226,,,1.4646,0,,0,0,1,25,25,0,25.0,77746.0
95.6,75,100,90,0.0,79.464,22.35,0.0001,100,1.1,0,0.0013025,13.741,11.914,81400,90882.0,6.4914,297.98,90.458,1.5362,10.0,,23,,1.3123,0.19228,,,1.4664,0,,0,0,1,25,25,0,25.0,78591.0
95.8,75,100,90,0.0,83.41,19.792,0.0001,100,1.1,0,0.0013253,13.724,11.952,81449,90940.0,6.5014,297.97,89.785,1.538,10.0,,23,,1.3122,0.19227,,,1.4682,0,,0,0,1,25,25,0,25.0,78438.0
96.0,75,100,90,0.0,83.363,18.355,0.0001,100,1.1,0,0.001319,13.715,11.99,81498,90999.0,6.5089,297.97,89.16,1.5399,10.0,1670.4,23,1898.6,1.3161,0.19224,11.839,20.241,1.4701,0,35.938,0,0,1,25,25,0,25.0,79452.0
96.2,75,100,90,0.0,80.344,16.867,0.0001,100,1.1,0,0.0013243,13.681,12.028,81547,91056.0,6.511,297.97,89.823,1.5418,10.0,,23,,1.3245,0.19217,,,1.4719,0,,0,0,1,25,25,0,25.0,79134.0
96.4,75,100,90,0.0,76.481,16.47,0.0001,100,1.1,0,0.0013355,13.642,12.066,81595,91114.0,6.5096,297.98,91.274,1.5438,10.0,,23,,1.3379,0.19207,,,1.4737,0,,0,0,1,25,25,0,25.0,78982.0
96.6,75,100,90,0.0,73.16,16.816,0.0001,100,1.1,0,0.0012731,13.685,12.103,81642,91170.0,6.5096,297.98,91.217,1.5456,10.0,,23,,1.3208,0.19219,,,1.4755,0,,0,0,1,25,25,0,25.0,79827.0
96.8,75,100,90,0.0,69.845,15.939,0.0001,100,1.1,0,0.0012719,13.657,12.141,81689,91226.0,6.5071,297.98,91.773,1.5475,10.0,,23,,1.3306,0.19212,,,1.4773,0,,0,0,1,25,25,0,25.0,79841.0
97.0,75,100,90,0.0,67.519,15.635,0.0001,100,1.1,0,0.0012865,13.637,12.179,81735,91281.0,6.5047,297.98,93.42,1.5494,10.0,,23,,1.3271,0.19214,,,1.4791,0,,0,0,1,25,25,0,25.0,79688.0
97.2,75,100,90,0.0,66.154,16.344,0.0001,100,1.1,0,0.0012529,13.66,12.216,81780,91336.0,6.5053,297.99,93.945,1.5512,10.0,,23,,1.3222,0.19217,,,1.4808,0,,0,0,1,25,25,0,25.0,79199.0
97.4,75,100,90,0.0,64.532,16.191,0.0001,100,1.1,0,0.0012471,13.63,12.252,81826,91391.0,6.5039,297.99,94.729,1.553,10.0,,23,,1.3404,0.19203,,,1.4826,0,,0,0,1,25,25,0,25.0,79875.0
97.6,75,100,90,0.0,63.498,16.342,0.0001,100,1.1,0,0.0012052,13.662,12.289,81871,91445.0,6.5025,297.99,94.523,1.5548,10.0,,23,,1.3296,0.19211,,,1.4843,0,,0,0,1,25,25,0,25.0,80381.0
97.8,75,100,90,0.0,63.002,15.681,0.0001,100,1.1,0,0.0011911,13.665,12.325,81916,91499.0,6.5021,297.99,94.206,1.5565,10.0,,23,,1.3224,0.19216,,,1.486,0,,0,0,1,25,25,0,25.0,81053.0
98.0,75,100,90,0.0,62.679,14.92,0.0001,100,1.1,0,0.0011948,13.665,12.361,81961,91553.0,6.5015,297.99,94.373,1.5583,10.0,,23,,1.31,0.19225,,,1.4876,0,,0,0,1,25,25,0,25.0,80060.0
98.2,75,100,90,0.0,62.602,14.562,0.0001,100,1.1,0,0.0012123,13.596,12.398,82007,91607.0,6.5006,297.99,95.649,1.56,10.0,,23,,1.3458,0.19198,,,1.4893,0,,0,0,1,25,25,0,25.0,81569.0
98.4,75,100,90,0.0,62.884,15.197,0.0001,100,1.1,0,0.0011949,13.619,12.434,82052,91661.0,6.5011,297.99,95.984,1.5618,10.0,,23,,1.3354,0.19205,,,1.491,0,,0,0,1,25,25,0,25.0,81908.0
98.6,75,100,90,0.0,62.953,15.096,0.0001,100,1.1,0,0.0012066,13.587,12.47,82097,91716.0,6.502,297.99,96.6,1.5636,10.0,,23,,1.342,0.192,,,1.4927,0,,0,0,1,25,25,0,25.0,81916.0
98.8,75,100,90,0.0,62.656,15.296,0.0001,100,1.1,0,0.0012184,13.56,12.507,82142,91770.0,6.5047,297.99,97.538,1.5654,10.0,,23,,1.3521,0.19192,,,1.4944,0,,0,0,1,25,25,0,25.0,81257.0
99.0,75,100,90,0.0,61.284,15.834,0.0001,100,1.1,0,0.0012012,13.561,12.544,82187,91824.0,6.5065,298.0,97.59,1.5671,10.0,,23,,1.3541,0.1919,,,1.4961,0,,0,0,1,25,25,0,25.0,80933.0
99.2,75,100,90,0.0,59.208,15.671,0.0001,100,1.1,0,0.0011936,13.556,12.58,82231,91877.0,6.5095,297.99,97.265,1.5689,10.0,,23,,1.3593,0.19186,,,1.4978,0,,0,0,1,25,25,0,25.0,80940.0
99.4,75,100,90,0.0,55.943,15.196,0.0001,100,1.1,0,0.001147,13.594,12.616,82275,91930.0,6.5112,297.99,95.882,1.5706,10.0,,23,,1.3455,0.19196,,,1.4994,0,,0,0,1,25,25,0,25.0,82443.0
99.6,75,100,90,0.0,51.982,13.76,0.0001,100,1.1,0,0.0011224,13.598,12.651,82318,91982.0,6.5092,297.99,94.471,1.5722,10.0,,23,,1.3398,0.192,,,1.501,0,,0,0,1,25,25,0,25.0,81944.0
99.8,75,100,90,0.0,48.834,12.187,0.0001,100,1.1,0,0.0011282,13.566,12.686,82360,92033.0,6.5059,297.99,93.896,1.5739,10.0,,23,,1.3524,0.1919,,,1.5026,0,,0,0,1,25,25,0,25.0,81779.0
100.0,75,100,90,0.0,46.993,11.22,0.0001,100,1.1,0,0.001108,13.581,12.721,82402,92084.0,6.5022,297.98,93.049,1.5755,10.0,,23,,1.3443,0.19196,,,1.5042,0,,0,0,1,25,25,0,25.0,81280.0
100.2,75,100,90,0.0,46.621,9.9404,0.0001,100,1.0,-4000,0.0011771,12.663,12.757,81738,91335.0,6.524,297.99,94.285,1.5684,10.0,,23,,1.3342,0.19205,,,1.4973,0,,0,0,1,25,25,0,25.0,81952.0
100.4,75,100,90,0.0,37.461,10.431,0.0001,100,1.0,-4000,0.0011933,12.6,12.794,81072,90584.0,6.5373,297.99,95.988,1.5571,10.0,,23,,1.3511,0.19194,,,1.4865,0,,0,0,1,25,25,0,25.0,82127.0
100.6,75,100,90,0.0,23.086,11.427,0.0001,100,1.0,-4000,0.0011899,12.556,12.83,80403,89830.0,6.5357,298.0,98.16,1.5456,10.0,,23,,1.3385,0.19206,,,1.4755,0,,0,0,1,25,25,0,25.0,82635.0
100.8,75,100,90,0.0,9.3841,13.016,0.0001,100,1.0,-4000,0.0011861,12.508,12.867,79732,89073.0,6.5196,298.0,100.48,1.534,10.0,,23,,1.3352,0.19211,,,1.4643,0,,0,0,1,25,25,0,25.0,82644.0
101.0,75,100,90,0.0,2.1134,14.959,0.0001,100,1.0,-4000,0.001178,12.484,12.904,79060,88315.0,6.4962,298.01,102.59,1.5223,10.0,,23,,1.3218,0.19223,,,1.4532,0,,0,0,1,25,25,0,25.0,83322.0
101.2,75,100,90,0.0,4.176,16.949,0.0001,100,1.0,-4000,0.0012,12.452,12.942,78388,87558.0,6.4766,298.01,104.35,1.5107,10.0,,23,,1.3148,0.19231,,,1.442,0,,0,0,1,25,25,0,25.0,83501.0
101.4,75,100,90,0.0,14.064,18.849,0.0001,100,1.0,-4000,0.0012361,12.44,12.98,77718,86802.0,6.4684,298.02,105.81,1.4991,10.0,,23,,1.2879,0.19253,,,1.4309,0,,0,0,1,25,25,0,25.0,84181.0
101.6,75,100,90,0.0,27.194,20.672,0.0001,100,1.0,-4000,0.0012262,12.483,13.017,77050,86050.0,6.474,298.01,104.87,1.4874,10.0,,23,,1.2551,0.1928,,,1.4197,0,,0,0,1,25,25,0,25.0,82692.0
101.8,75,100,90,0.0,38.088,20.397,0.0001,100,1.0,-4000,0.0012761,12.455,13.054,76385,85299.0,6.491,298.01,104.2,1.4758,10.0,,23,,1.2394,0.19294,,,1.4085,0,,0,0,1,25,25,0,25.0,84538.0
102.0,75,100,90,0.0,42.182,20.329,0.0001,100,1.0,-4000,0.0012516,12.484,13.091,75721,84549.0,6.5133,298.01,102.5,1.4641,10.0,,23,,1.2034,0.19324,,,1.3974,0,,0,0,1,25,25,0,25.0,84715.0
102.2,75,100,90,0.0,37.368,19.183,0.0001,100,1.0,0,0.0012883,12.409,13.129,75762,84599.0,6.5002,298.01,102.7,1.4617,10.0,,23,,1.2144,0.19316,,,1.395,0,,0,0,1,25,25,0,25.0,85232.0
102.4,75,100,90,0.0,37.939,19.71,0.0001,100,1.0,0,0.0012171,12.457,13.167,75803,84648.0,6.49,298.0,100.61,1.4631,10.0,,23,,1.208,0.1932,,,1.3964,0,,0,0,1,25,25,0,25.0,84577.0
102.6,75,100,90,0.0,42.465,18.02,0.0001,100,1.0,0,0.0011965,12.488,13.204,75844,84699.0,6.4854,298.0,98.579,1.4647,10.0,,23,,1.1962,0.19329,,,1.3979,0,,0,0,1,25,25,0,25.0,84920.0
102.8,75,100,90,0.0,48.815,16.213,0.0001,100,1.0,0,0.0011932,12.501,13.24,75887,84750.0,6.4868,297.99,96.245,1.4663,10.0,,23,,1.1912,0.19332,,,1.3995,0,,0,0,1,25,25,0,25.0,85761.0
103.0,75,100,90,0.0,54.6,13.905,0.0001,100,1.0,0,0.0011824,12.518,13.276,75931,84803.0,6.4931,297.98,93.697,1.468,10.0,,23,,1.1872,0.19335,,,1.401,0,,0,0,1,25,25,0,25.0,85266.0
103.2,75,100,90,0.0,57.866,11.155,0.0001,100,1.0,0,0.0012191,12.487,13.312,75976,84856.0,6.5015,297.98,92.582,1.4696,10.0,,23,,1.1902,0.19333,,,1.4026,0,,0,0,1,25,25,0,25.0,84939.0
103.4,75,100,90,0.0,57.767,9.52,0.0001,100,1.0,0,0.0012543,12.444,13.349,76020,84910.0,6.5089,297.98,93.124,1.4713,10.0,,23,,1.2,0.19325,,,1.4042,0,,0,0,1,25,25,0,25.0,84949.0
103.6,75,100,90,0.0,54.711,9.3258,0.0001,100,1.0,0,0.0012153,12.472,13.386,76064,84963.0,6.5154,297.98,93.054,1.4729,10.0,,23,,1.1878,0.19334,,,1.4058,0,,0,0,1,25,25,0,25.0,86457.0
103.8,75,100,90,0.0,49.075,8.5674,0.0001,100,1.0,0,0.0011896,12.484,13.422,76107,85014.0,6.5179,297.98,92.756,1.4745,10.0,,23,,1.1739,0.19344,,,1.4073,0,,0,0,1,25,25,0,25.0,86131.0
104.0,75,100,90,0.0,42.461,7.5961,0.0001,100,1.0,0,0.0011969,12.441,13.459,76149,85064.0,6.5139,297.98,93.444,1.4761,10.0,,23,,1.1861,0.19334,,,1.4088,0,,0,0,1,25,25,0,25.0,85638.0
104.2,75,100,90,0.0,37.434,7.5421,0.0001,100,1.0,0,0.0011889,12.419,13.495,76189,85114.0,6.5054,297.98,94.147,1.4777,10.0,,23,,1.1983,0.19325,,,1.4104,0,,0,0,1,25,25,0,25.0,85977.0
104.4,75,100,90,0.0,35.809,7.5518,0.0001,100,1.0,0,0.001196,12.395,13.531,76230,85163.0,6.4953,297.99,95.052,1.4793,10.0,,23,,1.2079,0.19317,,,1.4119,0,,0,0,1,25,25,0,25.0,86149.0
104.6,75,100,90,0.0,38.207,7.8278,0.0001,100,1.0,0,0.0012005,12.407,13.567,76270,85212.0,6.4882,297.99,95.741,1.4809,10.0,,23,,1.195,0.19327,,,1.4134,0,,0,0,1,25,25,0,25.0,85822.0
104.8,75,100,90,0.0,43.427,7.9865,0.0001,100,1.0,0,0.0012287,12.371,13.603,76312,85263.0,6.4857,297.99,96.796,1.4825,10.0,,23,,1.2078,0.19317,,,1.415,0,,0,0,1,25,25,0,25.0,85829.0
105.0,75,100,90,0.0,49.636,8.5696,0.0001,100,1.0,0,0.0012164,12.391,13.639,76355,85314.0,6.4885,297.99,96.954,1.4841,10.0,,23,,1.2057,0.19318,,,1.4165,0,,0,0,1,25,25,0,25.0,86833.0
105.2,75,100,90,0.0,54.749,8.3989,0.0001,100,1.0,0,0.0012159,12.384,13.675,76399,85367.0,6.4956,297.99,96.84,1.4857,10.0,,23,,1.2115,0.19313,,,1.4181,0,,0,0,1,25,25,0,25.0,87004.0
105.4,75,100,90,0.0,57.005,8.0045,0.0001,100,1.0,0,0.0012107,12.401,13.711,76444,85421.0,6.5042,297.99,96.51,1.4874,10.0,,23,,1.1966,0.19324,,,1.4196,0,,0,0,1,25,25,0,25.0,87675.0
105.6,75,100,90,0.0,55.835,7.3977,0.0001,100,1.0,0,0.001261,12.334,13.748,76488,85474.0,6.5108,297.99,97.545,1.489,10.0,,23,,1.2094,0.19314,,,1.4212,0,,0,0,1,25,25,0,25.0,86684.0
105.8,75,100,90,0.0,52.054,8.0603,0.0001,100,1.0,0,0.0013209,12.233,13.785,76531,85526.0,6.5121,298.0,100.29,1.4907,10.0,,23,,1.2469,0.19286,,,1.4229,0,,0,0,1,25,25,0,25.0,88364.0
106.0,75,100,90,0.0,47.755,10.422,0.0001,100,1.0,0,0.0013354,12.2,13.823,76574,85578.0,6.5095,298.01,103.08,1.4925,10.0,,23,,1.2545,0.1928,,,1.4246,0,,0,0,1,25,25,0,25.0,86880.0
106.2,75,100,90,0.0,44.502,13.081,0.0001,100,1.0,0,0.0013376,12.175,13.862,76616,85629.0,6.5038,298.02,105.59,1.4942,10.0,,23,,1.2574,0.19277,,,1.4262,0,,0,0,1,25,25,0,25.0,87064.0
106.4,75,100,90,0.0,43.528,15.757,0.0001,100,1.0,0,0.0013324,12.182,13.901,76657,85680.0,6.4966,298.02,106.95,1.496,10.0,,23,,1.2478,0.19284,,,1.4279,0,,0,0,1,25,25,0,25.0,87083.0
106.6,75,100,90,0.0,45.415,17.608,0.0001,100,1.0,0,0.0013548,12.168,13.94,76700,85731.0,6.493,298.02,108.02,1.4977,10.0,,23,,1.2483,0.19283,,,1.4296,0,,0,0,1,25,25,0,25.0,89103.0
106.8,75,100,90,0.0,48.738,19.346,0.0001,100,1.0,0,0.0013635,12.137,13.979,76742,85783.0,6.4959,298.03,108.79,1.4995,10.0,,23,,1.2673,0.19269,,,1.4313,0,,0,0,1,25,25,0,25.0,87623.0
107.0,75,100,90,0.0,50.889,20.91,0.0001,100,1.0,0,0.0013898,12.103,14.018,76785,85836.0,6.5001,298.03,109.99,1.5013,10.0,,23,,1.2822,0.19257,,,1.433,0,,0,0,1,25,25,0,25.0,87811.0
107.2,75,100,90,0.0,51.346,22.972,0.0001,100,1.0,0,0.0013519,12.132,14.057,76829,85888.0,6.5052,298.03,110.3,1.5031,10.0,,23,,1.2706,0.19266,,,1.4347,0,,0,0,1,25,25,0,25.0,87997.0
107.4,75,100,90,0.0,49.787,24.298,0.0001,100,1.0,0,0.0013479,12.117,14.096,76872,85941.0,6.5082,298.03,110.12,1.5048,10.0,,23,,1.2775,0.1926,,,1.4364,0,,0,0,1,25,25,0,25.0,89350.0
107.6,75,100,90,0.0,47.038,25.219,0.0001,100,1.0,0,0.0013405,12.091,14.135,76914,85992.0,6.5085,298.03,109.64,1.5065,10.0,,23,,1.2942,0.19247,,,1.438,0,,0,0,1,25,25,0,25.0,88704.0
107.8,75,100,90,0.0,44.163,25.842,0.0001,100,1.0,0,0.0012951,12.105,14.173,76956,86043.0,6.508,298.02,108.04,1.5082,10.0,,23,,1.3039,0.19239,,,1.4397,0,,0,0,1,25,25,0,25.0,88722.0
108.0,75,100,90,0.0,41.494,25.368,0.0001,100,1.0,0,0.0012867,12.081,14.212,76997,86094.0,6.5039,298.02,106.69,1.5099,10.0,1792.1,23,1922.0,1.3166,0.1923,14.057,21.091,1.4413,0,44.241,0,0,1,25,25,0,25.0,89908.0
108.2,75,100,90,0.0,40.472,24.987,0.0001,100,1.0,0,0.0012935,12.056,14.251,77038,86144.0,6.4996,298.02,106.5,1.5116,10.0,,23,,1.325,0.19223,,,1.4429,0,,0,0,1,25,25,0,25.0,89762.0
108.4,75,100,90,0.0,41.173,25.557,0.0001,100,1.0,0,0.0013462,11.984,14.291,77079,86194.0,6.4955,298.02,106.91,1.5133,10.0,,23,,1.354,0.19201,,,1.4445,0,,0,0,1,25,25,0,25.0,90453.0
108.6,75,100,90,0.0,43.51,26.655,0.0001,100,1.0,0,0.0013842,11.949,14.331,77121,86245.0,6.4908,298.02,107.99,1.515,10.0,,23,,1.3599,0.19196,,,1.4462,0,,0,0,1,25,25,0,25.0,89312.0
108.8,75,100,90,0.0,47.693,28.409,0.0001,100,1.0,0,0.0014284,11.906,14.372,77164,86297.0,6.4916,298.03,109.46,1.5168,10.0,,23,,1.3753,0.19184,,,1.4479,0,,0,0,1,25,25,0,25.0,91005.0
109.0,75,100,90,0.0,51.57,30.63,0.0001,100,1.0,0,0.0014242,11.916,14.412,77207,86350.0,6.4937,298.03,110.66,1.5187,10.0,,23,,1.3684,0.19189,,,1.4497,0,,0,0,1,25,25,0,25.0,90697.0
109.2,75,100,90,0.0,54.59,32.734,0.0001,100,1.0,0,0.0014295,11.896,14.452,77251,86404.0,6.4968,298.03,111.46,1.5205,10.0,,23,,1.3856,0.19175,,,1.4514,0,,0,0,1,25,25,0,25.0,90222.0
109.4,75,100,90,0.0,56.375,34.593,0.0001,100,1.0,0,0.0013791,11.938,14.491,77295,86457.0,6.5011,298.03,110.82,1.5223,10.0,,23,,1.3751,0.19183,,,1.4531,0,,0,0,1,25,25,0,25.0,91075.0
109.6,75,100,90,0.0,56.442,35.194,0.0001,100,1.0,0,0.0013995,11.883,14.53,77339,86511.0,6.5064,298.03,110.91,1.5241,10.0,,23,,1.4029,0.19162,,,1.4548,0,,0,0,1,25,25,0,25.0,91598.0
109.8,75,100,90,0.0,54.415,36.433,0.0001,100,1.0,0,0.001398,11.85,14.57,77383,86564.0,6.5093,298.03,110.98,1.5259,10.0,,23,,1.421,0.19148,,,1.4566,0,,0,0,1,25,25,0,25.0,91122.0
110.0,75,100,90,0.0,51.234,37.651,0.0001,100,1.0,0,0.0013426,11.885,14.61,77426,86617.0,6.5091,298.03,109.69,1.5276,10.0,,23,,1.4067,0.19158,,,1.4582,0,,0,0,1,25,25,0,25.0,91978.0
110.2,75,100,90,0.0,48.115,37.603,0.0001,100,1.0,0,0.0014034,11.805,14.65,77469,86669.0,6.5042,298.03,110.33,1.5294,10.0,,23,,1.4193,0.19148,,,1.46,0,,0,0,1,25,25,0,25.0,91838.0
110.4,75,100,90,0.0,46.976,39.263,0.0001,100,1.0,0,0.0013895,11.8,14.69,77511,86721.0,6.497,298.03,110.92,1.5312,10.0,,23,,1.4257,0.19143,,,1.4617,0,,0,0,1,25,25,0,25.0,90697.0
110.6,75,100,90,0.0,48.696,40.903,0.0001,100,1.0,0,0.0013663,11.823,14.73,77554,86773.0,6.4928,298.03,110.1,1.533,10.0,,23,,1.4231,0.19145,,,1.4634,0,,0,0,1,25,25,0,25.0,92221.0
110.8,75,100,90,0.0,52.1,41.277,0.0001,100,1.0,0,0.0013089,11.896,14.769,77597,86826.0,6.4937,298.02,107.07,1.5347,10.0,,23,,1.3973,0.19164,,,1.465,0,,0,0,1,25,25,0,25.0,92739.0
111.0,75,100,90,0.0,55.135,39.533,0.0001,100,1.0,0,0.00128,11.94,14.807,77641,86879.0,6.4987,298.01,103.34,1.5363,10.0,,23,,1.3697,0.19184,,,1.4666,0,,0,0,1,25,25,0,25.0,92255.0
111.2,75,100,90,0.0,56.169,36.863,0.0001,100,1.0,0,0.0012749,11.933,14.845,77685,86933.0,6.5032,298.0,100.33,1.538,10.0,,23,,1.3774,0.19178,,,1.4682,0,,0,0,1,25,25,0,25.0,92604.0
111.4,75,100,90,0.0,55.395,34.512,0.0001,100,1.0,0,0.0013088,11.895,14.884,77729,86986.0,6.5057,298.0,98.695,1.5396,10.0,,23,,1.382,0.19174,,,1.4698,0,,0,0,1,25,25,0,25.0,92456.0
111.6,75,100,90,0.0,53.631,33.123,0.0001,100,1.0,0,0.0013936,11.785,14.923,77773,87039.0,6.5033,298.0,99.928,1.5414,10.0,,23,,1.4114,0.19152,,,1.4714,0,,0,0,1,25,25,0,25.0,92812.0
111.8,75,100,90,0.0,52.842,34.221,0.0001,100,1.0,0,0.001395,11.772,14.963,77817,87092.0,6.4992,298.0,101.11,1.5431,10.0,,23,,1.4148,0.19149,,,1.4731,0,,0,0,1,25,25,0,25.0,93334.0
112.0,75,100,90,0.0,53.674,35.337,0.0001,100,1.0,0,0.0013875,11.78,15.001,77860,87145.0,6.4974,298.01,101.9,1.5449,10.0,,23,,1.4089,0.19153,,,1.4748,0,,0,0,1,25,25,0,25.0,92686.0
112.2,75,100,90,0.0,55.22,36.209,0.0001,100,1.0,0,0.0013364,11.836,15.04,77904,87199.0,6.4967,298.0,101.06,1.5466,10.0,,23,,1.3832,0.19172,,,1.4765,0,,0,0,1,25,25,0,25.0,93035.0
112.4,75,100,90,0.0,57.055,35.652,0.0001,100,1.0,0,0.0013479,11.807,15.078,77948,87253.0,6.4988,298.0,100.7,1.5484,10.0,,23,,1.4025,0.19157,,,1.4781,0,,0,0,1,25,25,0,25.0,93052.0
112.6,75,100,90,0.0,58.032,35.483,0.0001,100,1.0,0,0.001311,11.855,15.115,77993,87307.0,6.5022,298.0,99.086,1.55,10.0,,23,,1.3803,0.19174,,,1.4797,0,,0,0,1,25,25,0,25.0,93565.0
112.8,75,100,90,0.0,57.677,34.105,0.0001,100,1.0,0,0.0013088,11.859,15.152,78037,87360.0,6.5056,297.99,97.052,1.5517,10.0,,23,,1.3681,0.19183,,,1.4813,0,,0,0,1,25,25,0,25.0,93576.0
113.0,75,100,90,0.0,55.966,32.198,0.0001,100,1.0,0,0.0013128,11.834,15.19,78081,87414.0,6.5057,297.99,95.343,1.5534,10.0,,23,,1.3679,0.19182,,,1.483,0,,0,0,1,25,25,0,25.0,94420.0
113.2,75,100,90,0.0,54.232,30.397,0.0001,100,1.0,0,0.0012597,11.884,15.226,78125,87467.0,6.5036,297.98,92.741,1.555,10.0,,23,,1.3499,0.19196,,,1.4845,0,,0,0,1,25,25,0,25.0,94261.0
113.4,75,100,90,0.0,53.317,27.587,0.0001,100,1.0,0,0.0012308,11.917,15.262,78169,87520.0,6.5034,297.97,89.344,1.5566,10.0,,23,,1.3318,0.19209,,,1.4861,0,,0,0,1,25,25,0,25.0,94599.0
113.6,75,100,90,0.0,52.482,23.796,0.0001,100,1.0,0,0.0012515,11.882,15.299,78212,87573.0,6.5031,297.97,87.3,1.5582,10.0,,23,,1.3373,0.19204,,,1.4876,0,,0,0,1,25,25,0,25.0,95107.0
113.8,75,100,90,0.0,51.751,20.936,0.0001,100,1.0,0,0.0012945,11.816,15.336,78255,87625.0,6.5002,297.97,86.937,1.5598,10.0,,23,,1.359,0.19188,,,1.4891,0,,0,0,1,25,25,0,25.0,95452.0
114.0,75,100,90,0.0,52.215,19.404,0.0001,100,1.0,0,0.0013119,11.779,15.374,78299,87678.0,6.4961,297.97,87.209,1.5615,10.0,,23,,1.3756,0.19175,,,1.4907,0,,0,0,1,25,25,0,25.0,94300.0
114.2,75,100,90,0.0,54.309,18.389,0.0001,100,1.0,0,0.0013032,11.794,15.412,78343,87731.0,6.4947,297.97,86.955,1.5632,10.0,,23,,1.3695,0.19179,,,1.4923,0,,0,0,1,25,25,0,25.0,95147.0
114.4,75,100,90,0.0,56.937,16.902,0.0001,100,1.0,0,0.0012938,11.804,15.449,78387,87785.0,6.4954,297.96,86.372,1.5648,10.0,,23,,1.3632,0.19184,,,1.4939,0,,0,0,1,25,25,0,25.0,95995.0
114.6,75,100,90,0.0,59.297,15.095,0.0001,100,1.0,0,0.0012584,11.845,15.487,78432,87839.0,6.4986,297.96,84.997,1.5664,10.0,,23,,1.3513,0.19192,,,1.4954,0,,0,0,1,25,25,0,25.0,96506.0
114.8,75,100,90,0.0,60.388,12.503,0.0001,100,1.0,0,0.001303,11.77,15.525,78476,87894.0,6.501,297.96,85.271,1.568,10.0,,23,,1.373,0.19176,,,1.497,0,,0,0,1,25,25,0,25.0,94688.0
115.0,75,100,90,0.0,60.5,11.315,0.0001,100,1.0,0,0.0013037,11.74,15.563,78521,87948.0,6.5024,297.96,85.636,1.5697,10.0,,23,,1.3973,0.19157,,,1.4986,0,,0,0,1,25,25,0,25.0,95870.0
115.2,75,100,90,0.0,60.064,10.205,0.0001,100,1.0,0,0.0012928,11.752,15.6,78566,88003.0,6.5053,297.96,85.926,1.5713,10.0,,23,,1.3875,0.19164,,,1.5001,0,,0,0,1,25,25,0,25.0,96217.0
115.4,75,100,90,0.0,58.474,9.0608,0.0001,100,1.0,0,0.0013096,11.704,15.639,78611,88057.0,6.5092,297.97,87.326,1.5729,10.0,,23,,1.408,0.19148,,,1.5017,0,,0,0,1,25,25,0,25.0,96067.0
115.6,75,100,90,0.0,55.316,8.9719,0.0001,100,1.0,0,0.001308,11.683,15.677,78655,88110.0,6.5108,297.97,89.004,1.5746,10.0,,23,,1.4182,0.1914,,,1.5033,0,,0,0,1,25,25,0,25.0,96084.0
115.8,75,100,90,0.0,51.504,9.2572,0.0001,100,1.0,0,0.0012737,11.688,15.715,78698,88163.0,6.5076,297.97,89.869,1.5762,10.0,,23,,1.43,0.19131,,,1.5048,0,,0,0,1,25,25,0,25.0,95934.0
116.0,75,100,90,0.0,49.004,8.9546,0.0001,100,1.0,0,0.0012332,11.692,15.753,78741,88215.0,6.5019,297.97,90.291,1.5778,10.0,,23,,1.4386,0.19124,,,1.5063,0,,0,0,1,25,25,0,25.0,97449.0
116.2,75,100,90,0.0,48.766,8.3459,0.0001,100,1.0,0,0.0012168,11.698,15.791,78783,88267.0,6.495,297.98,90.343,1.5793,10.0,,23,,1.4365,0.19126,,,1.5078,0,,0,0,1,25,25,0,25.0,97296.0
116.4,75,100,90,0.0,51.309,7.448,0.0001,100,1.0,0,0.001243,11.659,15.829,78826,88320.0,6.4903,297.98,91.022,1.5809,10.0,,23,,1.4557,0.19111,,,1.5093,0,,0,0,1,25,25,0,25.0,96977.0
116.6,75,100,90,0.0,55.722,7.1393,0.0001,100,1.0,0,0.0012158,11.702,15.866,78870,88373.0,6.4905,297.98,90.57,1.5824,10.0,,23,,1.4398,0.19123,,,1.5108,0,,0,0,1,25,25,0,25.0,97653.0
116.8,75,100,90,0.0,60.035,5.8447,0.0001,100,1.0,0,0.0012771,11.63,15.904,78915,88428.0,6.4937,297.98,91.511,1.584,10.0,,23,,1.4597,0.19107,,,1.5123,0,,0,0,1,25,25,0,25.0,96834.0
117.0,75,100,90,0.0,63.072,5.8089,0.0001,100,1.0,0,0.0012298,11.674,15.94,78961,88482.0,6.5005,297.98,90.998,1.5856,10.0,,23,,1.4595,0.19107,,,1.5138,0,,0,0,1,25,25,0,25.0,98176.0
117.2,75,100,90,0.0,63.362,4.5027,0.0001,100,1.0,0,0.0012251,11.666,15.977,79006,88537.0,6.5095,297.98,90.297,1.5871,10.0,,23,,1.4709,0.19098,,,1.5153,0,,0,0,1,25,25,0,25.0,98185.0
117.4,75,100,90,0.0,60.062,3.0025,0.0001,100,1.0,0,0.0011661,11.701,16.013,79051,88592.0,6.5168,297.97,88.543,1.5886,10.0,,23,,1.474,0.19096,,,1.5167,0,,0,0,1,25,25,0,25.0,98856.0
117.6,75,100,90,0.0,53.882,0.46944,0.0001,100,1.0,0,0.0011626,11.653,16.049,79094,88645.0,6.5199,297.97,87.84,1.59,10.0,,23,,1.4974,0.19078,,,1.5181,0,,0,0,1,25,25,0,25.0,98529.0
117.8,75,100,90,0.0,46.46,0.0001,0.0001,100,1.0,0,0.0011658,11.609,16.086,79137,88696.0,6.517,297.97,87.842,1.5915,10.0,,23,,1.5162,0.19063,,,1.5195,0,,0,0,1,25,25,0,25.0,99037.0
118.0,75,100,90,0.0,40.191,0.0001,0.0001,100,1.0,0,0.0011438,11.613,16.122,79177,88746.0,6.5101,297.97,87.867,1.5929,10.0,,23,,1.5052,0.19071,,,1.5209,0,,0,0,1,25,25,0,25.0,98212.0
118.2,75,100,90,0.0,36.679,0.0001,0.0001,100,1.0,0,0.0011199,11.614,16.158,79218,88796.0,6.5001,297.97,87.638,1.5943,10.0,,23,,1.5028,0.19073,,,1.5222,0,,0,0,1,25,25,0,25.0,99219.0
118.4,75,100,90,0.0,37.188,0.0001,0.0001,100,1.0,0,0.0010919,11.651,16.195,79258,88845.0,6.4908,297.97,86.581,1.5957,10.0,,23,,1.4826,0.19088,,,1.5236,0,,0,0,1,25,25,0,25.0,99558.0
118.6,75,100,90,0.0,41.367,0.0001,0.0001,100,1.0,0,0.0011021,11.641,16.231,79299,88895.0,6.4854,297.96,85.553,1.5971,10.0,,23,,1.4811,0.19088,,,1.5249,0,,0,0,1,25,25,0,25.0,99233.0
118.8,75,100,90,0.0,47.73,0.0001,0.0001,100,1.0,0,0.0011231,11.633,16.268,79341,88947.0,6.4859,297.96,84.55,1.5985,10.0,,23,,1.4795,0.19089,,,1.5262,0,,0,0,1,25,25,0,25.0,98241.0
119.0,75,100,90,0.0,53.855,0.0001,0.0001,100,1.0,0,0.0011592,11.602,16.305,79385,89000.0,6.4918,297.96,83.82,1.5999,10.0,,23,,1.4947,0.19078,,,1.5276,0,,0,0,1,25,25,0,25.0,99417.0
119.2,75,100,90,0.0,57.619,0.0001,0.0001,100,1.0,0,0.0011539,11.62,16.341,79429,89054.0,6.5029,297.95,82.593,1.6013,10.0,,23,,1.4861,0.19084,,,1.5289,0,,0,0,1,25,25,0,25.0,99926.0
119.4,75,100,90,0.0,56.955,0.0001,0.0001,100,1.0,0,0.0011201,11.652,16.377,79473,89107.0,6.5131,297.95,80.445,1.6027,10.0,,23,,1.4753,0.19092,,,1.5303,0,,0,0,1,25,25,0,25.0,100430.0
119.6,75,100,90,0.0,52.235,0.0001,11.116,100,1.0,0,0.0010988,11.663,16.413,79517,89160.0,6.5203,297.97,88.194,1.6041,10.0,,23,,1.4602,0.19103,,,1.5316,0,,0,0,1,25,25,0,25.0,99768.0
119.8,75,100,90,0.0,44.636,5.1939,1.1116,100,1.0,0,0.0010677,11.665,16.448,79558,89211.0,6.5219,297.96,85.281,1.6054,10.0,,23,,1.4618,0.19101,,,1.5329,0,,0,0,1,25,25,0,25.0,99770.0
120.0,75,100,90,0.0,36.433,1.236,0.11116,100,1.0,0,0.0010385,11.651,16.483,79598,89260.0,6.5145,297.95,82.115,1.6067,10.0,1887.9,23,1939.5,1.4748,0.19091,16.341,21.882,1.5341,0,52.376,0,0,1,25,25,0,25.0,100770.0
120.2,75,100,90,0.0,31.167,0.0001,0.011116,100,1.0,0,0.0010806,11.584,16.519,79637,89308.0,6.5012,297.95,80.718,1.608,10.0,,23,,1.4853,0.19083,,,1.5353,0,,0,0,1,25,25,0,25.0,101270.0
120.4,75,100,90,0.0,31.224,0.0001,9.0914,100,1.0,0,0.0011046,11.556,16.555,79676,89357.0,6.4897,297.97,88.072,1.6093,10.0,,23,,1.4918,0.19078,,,1.5366,0,,0,0,1,25,25,0,25.0,100110.0
120.6,75,100,90,0.0,35.87,4.8322,0.90914,100,1.0,0,0.0010834,11.579,16.59,79716,89406.0,6.4853,297.96,85.859,1.6107,10.0,,23,,1.4963,0.19074,,,1.5379,0,,0,0,1,25,25,0,25.0,100610.0
120.8,75,100,90,0.0,42.263,1.5126,0.090914,100,1.0,0,0.0010956,11.569,16.626,79757,89456.0,6.4879,297.96,83.493,1.612,10.0,,23,,1.5012,0.1907,,,1.5392,0,,0,0,1,25,25,0,25.0,100790.0
121.0,75,100,90,0.0,47.619,0.0001,0.0090914,100,1.0,0,0.0010516,11.611,16.661,79800,89508.0,6.4957,297.95,79.892,1.6133,10.0,,23,,1.5036,0.19068,,,1.5404,0,,0,0,1,25,25,0,25.0,100790.0
121.2,75,100,90,0.0,49.856,0.0001,11.792,100,1.0,0,0.0010461,11.617,16.695,79842,89560.0,6.5045,297.96,86.483,1.6145,10.0,,23,,1.5066,0.19066,,,1.5416,0,,0,0,1,25,25,0,25.0,101620.0
121.4,75,100,90,0.0,48.564,4.0873,1.1792,100,1.0,0,0.0010156,11.638,16.73,79885,89611.0,6.5114,297.95,81.84,1.6158,10.0,,23,,1.4963,0.19073,,,1.5428,0,,0,0,1,25,25,0,25.0,102110.0
121.6,75,100,90,0.0,44.535,0.0001,0.11792,100,1.0,0,0.00099841,11.641,16.763,79927,89662.0,6.5142,297.94,76.85,1.617,10.0,,23,,1.4954,0.19074,,,1.544,0,,0,0,1,25,25,0,25.0,101440.0
121.8,75,100,90,0.0,39.398,0.0001,12.984,100,1.0,0,0.00098785,11.62,16.797,79967,89712.0,6.5119,297.96,83.937,1.6182,10.0,,23,,1.5,0.1907,,,1.5451,0,,0,0,1,25,25,0,25.0,101940.0
122.0,75,100,90,0.0,35.175,4.2542,1.2984,100,1.0,0,0.0010014,11.577,16.832,80007,89760.0,6.5048,297.95,80.211,1.6194,10.0,,23,,1.5081,0.19064,,,1.5463,0,,0,0,1,25,25,0,25.0,102600.0
122.2,75,100,90,0.0,33.805,1.2763,22.181,100,1.0,0,0.0010134,11.568,16.867,80046,89809.0,6.4949,297.99,96.768,1.6206,10.0,,23,,1.4902,0.19077,,,1.5474,0,,0,0,1,25,25,0,25.0,102100.0
122.4,75,100,90,0.0,36.372,14.406,2.2181,100,1.0,0,0.0010127,11.574,16.902,80086,89858.0,6.4877,297.98,92.086,1.6219,10.0,,23,,1.4792,0.19085,,,1.5486,0,,0,0,1,25,25,0,25.0,102270.0
122.6,75,100,90,0.0,41.809,9.5344,0.22181,100,1.0,0,0.00097427,11.64,16.936,80128,89909.0,6.4864,297.96,85.094,1.6231,10.0,,23,,1.4589,0.191,,,1.5498,0,,0,0,1,25,25,0,25.0,101600.0
122.8,75,100,90,0.0,47.736,2.5331,0.022181,100,1.0,0,0.00094633,11.693,16.969,80170,89960.0,6.4922,297.94,78.053,1.6242,10.0,,23,,1.4405,0.19114,,,1.5509,0,,0,0,1,25,25,0,25.0,102590.0
123.0,75,100,90,0.0,51.341,0.75994,14.942,100,1.0,0,0.00093324,11.712,17.002,80213,90012.0,6.5001,297.96,84.328,1.6253,10.0,,23,,1.4343,0.19118,,,1.552,0,,0,0,1,25,25,0,25.0,102580.0
123.2,75,100,90,0.0,51.826,4.4204,1.4942,100,1.0,0,0.00091386,11.717,17.035,80256,90064.0,6.5074,297.94,77.149,1.6264,10.0,,23,,1.4354,0.19117,,,1.553,0,,0,0,1,25,25,0,25.0,103900.0
123.4,75,100,90,0.0,49.393,1.3261,26.094,100,1.0,0,0.00094117,11.668,17.069,80298,90116.0,6.5112,297.98,94.097,1.6275,10.0,,23,,1.4418,0.19112,,,1.5541,0,,0,0,1,25,25,0,25.0,102400.0
123.6,75,100,90,0.0,45.444,14.527,2.6094,100,1.0,0,0.00092566,11.662,17.103,80340,90166.0,6.5126,297.97,87.067,1.6287,10.0,,23,,1.4448,0.1911,,,1.5552,0,,0,0,1,25,25,0,25.0,103400.0
123.8,75,100,90,0.0,40.928,7.2797,0.26094,100,1.0,0,0.00097785,11.585,17.139,80381,90216.0,6.5084,297.95,80.871,1.6298,10.0,,23,,1.4553,0.19102,,,1.5563,0,,0,0,1,25,25,0,25.0,103400.0
124.0,75,100,90,0.0,38.102,0.56848,0.026094,100,1.0,0,0.00097093,11.595,17.174,80421,90266.0,6.5015,297.94,75.872,1.631,10.0,,23,,1.4438,0.1911,,,1.5574,0,,0,0,1,25,25,0,25.0,103230.0
124.2,75,100,90,0.0,38.027,0.17054,13.023,100,1.0,0,0.00099697,11.565,17.209,80462,90316.0,6.494,297.96,83.448,1.6321,10.0,,23,,1.4438,0.1911,,,1.5585,0,,0,0,1,25,25,0,25.0,103740.0
124.4,75,100,90,0.0,40.951,4.7313,1.3023,100,1.0,0,0.00095954,11.627,17.244,80503,90366.0,6.4902,297.94,77.885,1.6333,10.0,,23,,1.4247,0.19124,,,1.5596,0,,0,0,1,25,25,0,25.0,104240.0
124.6,75,100,90,0.0,45.386,1.4194,25.563,100,1.0,0,0.00094949,11.652,17.278,80544,90417.0,6.4925,297.98,94.192,1.6344,10.0,,23,,1.4175,0.19129,,,1.5606,0,,0,0,1,25,25,0,25.0,104070.0
124.8,75,100,90,0.0,48.897,14.036,2.5563,100,1.0,0,0.00094827,11.639,17.312,80587,90468.0,6.4986,297.96,86.541,1.6355,10.0,,23,,1.4384,0.19113,,,1.5617,0,,0,0,1,25,25,0,25.0,104560.0
125.0,75,100,90,0.0,49.947,6.2701,0.25563,100,1.0,0,0.00096288,11.613,17.347,80630,90520.0,6.5042,297.94,78.718,1.6366,10.0,,23,,1.448,0.19106,,,1.5628,0,,0,0,1,25,25,0,25.0,104230.0
125.2,75,100,90,0.0,48.783,1.881,18.49,100,1.0,0,0.00094123,11.613,17.381,80672,90572.0,6.5076,297.97,87.931,1.6377,10.0,,23,,1.4614,0.19096,,,1.5638,0,,0,0,1,25,25,0,25.0,105050.0
125.4,75,100,90,0.0,46.261,8.2284,1.849,100,1.0,0,0.00095014,11.597,17.415,80714,90623.0,6.5088,297.95,81.243,1.6388,10.0,,23,,1.4575,0.19098,,,1.5648,0,,0,0,1,25,25,0,25.0,105220.0
125.6,75,100,90,0.0,43.288,0.8649,0.1849,100,1.0,0,0.00095541,11.577,17.449,80755,90673.0,6.5049,297.93,74.692,1.6398,10.0,,23,,1.4586,0.19097,,,1.5659,0,,0,0,1,25,25,0,25.0,104380.0
125.8,75,100,90,0.0,41.871,0.25947,14.807,100,1.0,0,0.00093162,11.595,17.483,80796,90723.0,6.5008,297.95,81.026,1.6409,10.0,,23,,1.4556,0.19099,,,1.5669,0,,0,0,1,25,25,0,25.0,105210.0
126.0,75,100,90,0.0,42.074,3.5947,1.4807,100,1.0,0,0.00090768,11.606,17.516,80837,90774.0,6.4976,297.93,73.895,1.642,10.0,,23,,1.457,0.19098,,,1.5679,0,,0,0,1,25,25,0,25.0,105030.0
126.2,75,100,90,0.0,43.572,1.0784,26.86,100,1.0,0,0.000874,11.66,17.548,80879,90824.0,6.4952,297.97,89.189,1.643,10.0,,23,,1.4357,0.19114,,,1.5689,0,,0,0,1,25,25,0,25.0,104350.0
126.4,75,100,90,0.0,46.023,12.366,2.686,100,1.0,0,0.0009152,11.6,17.581,80921,90875.0,6.4935,297.95,80.984,1.644,10.0,,23,,1.4563,0.19098,,,1.5699,0,,0,0,1,25,25,0,25.0,105180.0
126.6,75,100,90,0.0,49.129,3.6631,0.2686,100,1.0,0,0.00091147,11.628,17.614,80963,90927.0,6.4942,297.93,72.066,1.645,10.0,,23,,1.4352,0.19114,,,1.5709,0,,0,0,1,25,25,0,25.0,105500.0
126.8,75,100,90,0.0,51.963,1.0989,19.814,100,1.0,0,0.00090905,11.635,17.647,81006,90979.0,6.4971,297.95,81.406,1.6461,10.0,,23,,1.4231,0.19123,,,1.5719,0,,0,0,1,25,25,0,25.0,105490.0
127.0,75,100,90,0.0,53.652,6.8979,1.9814,100,1.0,0,0.00090443,11.637,17.68,81050,91031.0,6.5005,297.93,73.072,1.6471,10.0,,23,,1.4265,0.1912,,,1.5729,0,,0,0,1,25,25,0,25.0,105320.0
127.2,75,100,90,0.0,53.975,2.0694,33.438,100,1.0,0,0.0008955,11.639,17.712,81093,91084.0,6.5037,297.98,94.147,1.6481,10.0,,23,,1.4228,0.19123,,,1.5738,0,,0,0,1,25,25,0,25.0,107140.0
127.4,75,100,90,0.0,53.021,18.427,3.3438,100,1.0,0,0.00092537,11.59,17.746,81136,91136.0,6.5048,297.96,86.315,1.6492,10.0,,23,,1.4294,0.19117,,,1.5749,0,,0,0,1,25,25,0,25.0,106960.0
127.6,75,100,90,0.0,51.611,10.445,0.33438,100,1.0,0,0.00095075,11.549,17.779,81179,91189.0,6.506,297.94,77.665,1.6503,10.0,,23,,1.4414,0.19108,,,1.5759,0,,0,0,1,25,25,0,25.0,105790.0
127.8,75,100,90,0.0,49.723,3.1336,23.717,100,1.0,0,0.00094446,11.552,17.813,81222,91241.0,6.5049,297.98,91.518,1.6514,10.0,,23,,1.4333,0.19114,,,1.5769,0,,0,0,1,25,25,0,25.0,106780.0
128.0,75,100,90,0.0,48.274,13.473,2.3717,100,1.0,0,0.00096234,11.518,17.847,81264,91292.0,6.5011,297.96,85.029,1.6524,10.0,,23,,1.4387,0.1911,,,1.578,0,,0,0,1,25,25,0,25.0,106610.0
128.2,75,100,90,0.0,48.353,6.5837,0.23717,100,1.0,0,0.00097158,11.53,17.882,81306,91344.0,6.4987,297.94,77.67,1.6536,10.0,,23,,1.4154,0.19127,,,1.579,0,,0,0,1,25,25,0,25.0,107110.0
128.4,75,100,90,0.0,49.387,1.9751,19.71,100,1.0,0,0.00097636,11.522,17.917,81349,91396.0,6.4985,297.97,88.918,1.6547,10.0,,23,,1.4123,0.19129,,,1.5801,0,,0,0,1,25,25,0,25.0,107280.0
128.6,75,100,90,0.0,50.517,9.9517,1.971,100,1.0,0,0.00096321,11.557,17.951,81392,91448.0,6.5014,297.95,82.252,1.6558,10.0,,23,,1.3878,0.19147,,,1.5812,0,,0,0,1,25,25,0,25.0,107770.0
128.8,75,100,90,0.0,50.481,2.7134,0.1971,100,1.0,0,0.0010288,11.476,17.986,81434,91500.0,6.5027,297.94,76.736,1.6569,10.0,,23,,1.4019,0.19137,,,1.5823,0,,0,0,1,25,25,0,25.0,107110.0
129.0,75,100,90,0.0,49.906,0.81402,14.776,100,1.0,0,0.0010336,11.469,18.022,81477,91553.0,6.5031,297.96,85.051,1.6581,10.0,,23,,1.3987,0.19139,,,1.5834,0,,0,0,1,25,25,0,25.0,107950.0
129.2,75,100,90,0.0,49.193,6.0415,1.4776,100,1.0,0,0.0010701,11.413,18.058,81519,91605.0,6.5004,297.95,81.436,1.6593,10.0,,23,,1.4152,0.19126,,,1.5845,0,,0,0,1,25,25,0,25.0,107950.0
129.4,75,100,90,0.0,49.569,1.2059,0.14776,100,1.0,0,0.0010933,11.391,18.095,81562,91657.0,6.501,297.94,77.772,1.6605,10.0,,23,,1.4168,0.19125,,,1.5857,0,,0,0,1,25,25,0,25.0,106960.0
129.6,75,100,90,0.0,49.67,0.36176,13.266,100,1.0,0,0.0010791,11.414,18.131,81604,91710.0,6.5027,297.96,85.684,1.6617,10.0,,23,,1.4047,0.19134,,,1.5869,0,,0,0,1,25,25,0,25.0,109140.0
129.8,75,100,90,0.0,49.118,5.2843,1.3266,100,1.0,0,0.0010566,11.408,18.167,81647,91762.0,6.5041,297.95,81.55,1.6629,10.0,,23,,1.4187,0.19123,,,1.588,0,,0,0,1,25,25,0,25.0,108140.0
130.0,75,100,90,0.0,47.999,0.061818,0.13266,100,1.0,0,0.0010411,11.417,18.203,81689,91814.0,6.5034,297.94,76.767,1.6641,10.0,,23,,1.4122,0.19127,,,1.5891,0,,0,0,1,25,25,0,25.0,107810.0
130.2,75,100,90,0.0,47.174,0.018546,13.162,100,1.0,-4000,0.0010672,11.38,18.239,81030,91065.0,6.5259,297.96,84.182,1.6559,10.0,,23,,1.4132,0.19128,,,1.5813,0,,0,0,1,25,25,0,25.0,109480.0
130.4,75,100,90,0.0,37.242,4.4445,1.3162,100,1.0,-4000,0.0010891,11.327,18.275,80368,90315.0,6.5396,297.95,80.963,1.6433,10.0,,23,,1.418,0.19127,,,1.5692,0,,0,0,1,25,25,0,25.0,108660.0
130.6,75,100,90,0.0,21.937,0.0001,0.13162,100,1.0,-4000,0.0010953,11.256,18.312,79704,89562.0,6.5363,297.94,78.498,1.6305,10.0,,23,,1.4201,0.19128,,,1.5569,0,,0,0,1,25,25,0,25.0,109000.0
130.8,75,100,90,0.0,8.0104,0.0001,11.06,100,1.0,-4000,0.0011,11.188,18.35,79037,88806.0,6.5167,297.97,87.19,1.6176,10.0,,23,,1.424,0.19128,,,1.5445,0,,0,0,1,25,25,0,25.0,108850.0
131.0,75,100,90,0.0,1.8883,5.8728,1.106,100,1.0,-4000,0.0011442,11.118,18.389,78369,88049.0,6.4905,297.97,87.523,1.6047,10.0,,23,,1.4143,0.19137,,,1.5322,0,,0,0,1,25,25,0,25.0,110370.0
131.2,75,100,90,0.0,6.2386,4.7661,0.1106,100,1.0,-4000,0.0011278,11.149,18.427,77702,87293.0,6.4713,297.96,86.125,1.5918,10.0,,23,,1.3912,0.19157,,,1.5198,0,,0,0,1,25,25,0,25.0,109220.0
131.4,75,100,90,0.0,18.21,2.2552,0.01106,100,1.0,-4000,0.0011203,11.197,18.465,77037,86539.0,6.4681,297.96,83.419,1.5789,10.0,,23,,1.3671,0.19178,,,1.5075,0,,0,0,1,25,25,0,25.0,109230.0
131.6,75,100,90,0.0,31.455,0.0001,0.001106,100,1.0,-4000,0.001111,11.253,18.501,76375,85788.0,6.4815,297.95,79.494,1.566,10.0,,23,,1.3385,0.19202,,,1.4951,0,,0,0,1,25,25,0,25.0,110570.0
131.8,75,100,90,0.0,39.324,0.0001,12.191,100,1.0,-4000,0.0011689,11.228,18.538,75715,85038.0,6.5035,297.97,87.098,1.5531,10.0,,23,,1.3181,0.1922,,,1.4827,0,,0,0,1,25,25,0,25.0,110920.0
132.0,75,100,90,0.0,38.403,5.29,1.2191,100,1.0,-4000,0.0012294,11.161,18.576,75055,84289.0,6.5243,297.96,84.898,1.5402,10.0,1987.3,23,1971.7,1.3208,0.1922,18.427,22.32,1.4703,0,60.139,0,0,1,25,25,0,25.0,111100.0
132.2,75,100,90,0.0,29.194,1.782,0.12191,100,1.0,0,0.0011848,11.157,18.614,75094,84337.0,6.5067,297.95,82.397,1.5371,10.0,,23,,1.3167,0.19224,,,1.4673,0,,0,0,1,25,25,0,25.0,110610.0
132.4,75,100,90,0.0,27.175,0.0001,0.012191,100,1.0,0,0.0012206,11.093,18.653,75132,84386.0,6.4874,297.95,81.226,1.5381,10.0,,23,,1.3337,0.19211,,,1.4682,0,,0,0,1,25,25,0,25.0,111300.0
132.6,75,100,90,0.0,32.758,0.0001,0.0012191,100,1.0,0,0.0012128,11.107,18.692,75172,84435.0,6.4767,297.95,79.262,1.5393,10.0,,23,,1.3441,0.19203,,,1.4694,0,,0,0,1,25,25,0,25.0,110650.0
132.8,75,100,90,0.0,42.564,0.0001,11.807,100,1.0,0,0.001223,11.125,18.73,75214,84486.0,6.4763,297.97,87.291,1.5405,10.0,,23,,1.346,0.19201,,,1.4706,0,,0,0,1,25,25,0,25.0,110170.0
133.0,75,100,90,0.0,52.515,5.7057,1.1807,100,1.0,0,0.0012292,11.167,18.767,75257,84540.0,6.4841,297.96,83.994,1.5417,10.0,,23,,1.3264,0.19216,,,1.4718,0,,0,0,1,25,25,0,25.0,111850.0
133.2,75,100,90,0.0,59.376,1.149,0.11807,100,1.0,0,0.001239,11.188,18.805,75302,84595.0,6.497,297.95,79.904,1.5429,10.0,,23,,1.312,0.19227,,,1.4729,0,,0,0,1,25,25,0,25.0,110690.0
133.4,75,100,90,0.0,61.071,0.3447,12.889,100,1.0,0,0.0011975,11.251,18.841,75348,84650.0,6.5109,297.97,86.429,1.5441,10.0,,23,,1.2828,0.19248,,,1.4741,0,,0,0,1,25,25,0,25.0,111530.0
133.6,75,100,90,0.0,57.238,4.7043,1.2889,100,1.0,0,0.0011829,11.262,18.878,75392,84704.0,6.5229,297.95,81.78,1.5453,10.0,,23,,1.2619,0.19264,,,1.4752,0,,0,0,1,25,25,0,25.0,111870.0
133.8,75,100,90,0.0,48.591,0.0001,0.12889,100,1.0,0,0.0011964,11.208,18.915,75435,84756.0,6.5253,297.94,77.75,1.5465,10.0,,23,,1.2677,0.19259,,,1.4763,0,,0,0,1,25,25,0,25.0,111550.0
134.0,75,100,90,0.0,39.034,0.0001,11.941,100,1.0,0,0.0012279,11.111,18.953,75476,84807.0,6.5161,297.96,86.179,1.5477,10.0,,23,,1.3008,0.19234,,,1.4775,0,,0,0,1,25,25,0,25.0,112240.0
134.2,75,100,90,0.0,33.148,5.9468,1.1941,100,1.0,0,0.0012335,11.086,18.992,75516,84857.0,6.502,297.96,84.582,1.5489,10.0,,23,,1.3011,0.19234,,,1.4787,0,,0,0,1,25,25,0,25.0,111760.0
134.4,75,100,90,0.0,32.866,2.9047,0.11941,100,1.0,0,0.0012055,11.127,19.03,75556,84906.0,6.4898,297.95,81.648,1.5501,10.0,,23,,1.2755,0.19253,,,1.4798,0,,0,0,1,25,25,0,25.0,112440.0
134.6,75,100,90,0.0,37.464,0.0001,0.011941,100,1.0,0,0.001194,11.166,19.068,75596,84957.0,6.4844,297.94,78.36,1.5513,10.0,,23,,1.2542,0.19268,,,1.4809,0,,0,0,1,25,25,0,25.0,113620.0
134.8,75,100,90,0.0,44.198,0.0001,12.169,100,1.0,0,0.0011829,11.198,19.105,75638,85008.0,6.4857,297.96,85.193,1.5525,10.0,,23,,1.2468,0.19274,,,1.4821,0,,0,0,1,25,25,0,25.0,112630.0
135.0,75,100,90,0.0,50.397,4.4515,1.2169,100,1.0,0,0.0011443,11.251,19.141,75681,85061.0,6.4926,297.95,80.056,1.5536,10.0,,23,,1.2358,0.19282,,,1.4831,0,,0,0,1,25,25,0,25.0,112970.0
135.2,75,100,90,0.0,53.876,1.3355,23.981,100,1.0,0,0.0011327,11.278,19.177,75725,85115.0,6.5019,297.99,95.338,1.5547,10.0,,23,,1.2252,0.1929,,,1.4842,0,,0,0,1,25,25,0,25.0,113310.0
135.4,75,100,90,0.0,53.623,14.062,2.3981,100,1.0,0,0.00116,11.259,19.213,75769,85168.0,6.5103,297.97,89.544,1.5558,10.0,,23,,1.2109,0.193,,,1.4853,0,,0,0,1,25,25,0,25.0,113650.0
135.6,75,100,90,0.0,50.023,7.8276,0.23981,100,1.0,0,0.0011666,11.234,19.25,75812,85221.0,6.516,297.96,83.336,1.557,10.0,,23,,1.2115,0.19299,,,1.4864,0,,0,0,1,25,25,0,25.0,113820.0
135.8,75,100,90,0.0,44.167,1.0374,0.023981,100,1.0,0,0.0011437,11.243,19.286,75854,85273.0,6.5162,297.94,77.817,1.5581,10.0,,23,,1.207,0.19303,,,1.4874,0,,0,0,1,25,25,0,25.0,113990.0
136.0,75,100,90,0.0,38.234,0.31121,13.076,100,1.0,0,0.0011454,11.207,19.322,75895,85323.0,6.5116,297.96,84.797,1.5592,10.0,,23,,1.2173,0.19295,,,1.4885,0,,0,0,1,25,25,0,25.0,114170.0
136.2,75,100,90,0.0,34.133,4.8714,1.3076,100,1.0,0,0.0011225,11.22,19.357,75935,85373.0,6.5031,297.95,79.986,1.5603,10.0,,23,,1.2078,0.19302,,,1.4896,0,,0,0,1,25,25,0,25.0,113830.0
136.4,75,100,90,0.0,33.42,1.4614,24.229,100,1.0,0,0.0010628,11.275,19.391,75975,85422.0,6.4969,297.99,95.065,1.5613,10.0,,23,,1.2007,0.19307,,,1.4906,0,,0,0,1,25,25,0,25.0,113660.0
136.6,75,100,90,0.0,35.155,13.931,2.4229,100,1.0,0,0.0010469,11.292,19.424,76015,85472.0,6.4946,297.97,87.554,1.5623,10.0,,23,,1.1935,0.19312,,,1.4915,0,,0,0,1,25,25,0,25.0,114660.0
136.8,75,100,90,0.0,37.806,6.0567,0.24229,100,1.0,0,0.0010238,11.312,19.457,76055,85522.0,6.4956,297.94,78.678,1.5633,10.0,,23,,1.1973,0.19309,,,1.4925,0,,0,0,1,25,25,0,25.0,113980.0
137.0,75,100,90,0.0,40.062,1.817,19.486,100,1.0,0,0.00099238,11.369,19.489,76097,85572.0,6.4986,297.97,87.065,1.5643,10.0,,23,,1.1731,0.19327,,,1.4934,0,,0,0,1,25,25,0,25.0,114300.0
137.2,75,100,90,0.0,41.136,7.8549,1.9486,100,1.0,0,0.0010076,11.343,19.522,76138,85623.0,6.5026,297.94,78.718,1.5653,10.0,,23,,1.1799,0.19321,,,1.4943,0,,0,0,1,25,25,0,25.0,114120.0
137.4,75,100,90,0.0,40.594,2.3565,31.764,100,1.0,0,0.0010316,11.31,19.555,76179,85674.0,6.5056,298.0,99.068,1.5662,10.0,,23,,1.1844,0.19318,,,1.4953,0,,0,0,1,25,25,0,25.0,115610.0
137.6,75,100,90,0.0,38.875,19.73,3.1764,100,1.0,0,0.0010522,11.263,19.589,76220,85724.0,6.5063,297.98,91.564,1.5672,10.0,,23,,1.198,0.19308,,,1.4962,0,,0,0,1,25,25,0,25.0,114440.0
137.8,75,100,90,0.0,36.884,12.185,0.31764,100,1.0,0,0.0010854,11.207,19.623,76260,85774.0,6.5046,297.96,83.417,1.5683,10.0,,23,,1.2152,0.19294,,,1.4972,0,,0,0,1,25,25,0,25.0,114600.0
138.0,75,100,90,0.0,35.56,3.8347,0.031764,100,1.0,0,0.0010809,11.196,19.657,76301,85824.0,6.5022,297.94,76.372,1.5693,10.0,,23,,1.2259,0.19286,,,1.4982,0,,0,0,1,25,25,0,25.0,115600.0
138.2,75,100,90,0.0,35.202,1.1504,16.563,100,1.0,0,0.0010256,11.263,19.691,76341,85874.0,6.5003,297.96,83.434,1.5703,10.0,,23,,1.2035,0.19303,,,1.4992,0,,0,0,1,25,25,0,25.0,115590.0
138.4,75,100,90,0.0,35.605,5.6331,1.6563,100,1.0,0,0.001011,11.285,19.723,76381,85924.0,6.4996,297.94,75.528,1.5713,10.0,,23,,1.1917,0.19311,,,1.5001,0,,0,0,1,25,25,0,25.0,116080.0
138.6,75,100,90,0.0,36.278,1.6899,29.964,100,1.0,0,0.0010264,11.288,19.756,76421,85973.0,6.5,297.99,94.094,1.5722,10.0,,23,,1.1804,0.1932,,,1.501,0,,0,0,1,25,25,0,25.0,116410.0
138.8,75,100,90,0.0,36.804,16.976,2.9964,100,1.0,0,0.0010146,11.302,19.788,76462,86023.0,6.5008,297.96,84.627,1.5732,10.0,,23,,1.1839,0.19317,,,1.5019,0,,0,0,1,25,25,0,25.0,116060.0
139.0,75,100,90,0.0,37.013,7.1209,0.29964,100,1.0,0,0.0009638,11.355,19.819,76502,86073.0,6.5014,297.93,73.253,1.574,10.0,,23,,1.1754,0.19323,,,1.5028,0,,0,0,1,25,25,0,25.0,117040.0
139.2,75,100,90,0.0,36.989,2.1363,24.198,100,1.0,0,0.00092544,11.397,19.849,76543,86123.0,6.503,297.96,83.53,1.5749,10.0,,23,,1.1643,0.19331,,,1.5036,0,,0,0,1,25,25,0,25.0,117350.0
139.4,75,100,90,0.0,36.307,9.4065,2.4198,100,1.0,0,0.00086234,11.465,19.878,76583,86172.0,6.5053,297.92,70.924,1.5757,10.0,,23,,1.1459,0.19345,,,1.5043,0,,0,0,1,25,25,0,25.0,116150.0
139.6,75,100,90,0.0,34.714,2.822,42.271,100,1.0,0,0.00086513,11.454,19.908,76623,86222.0,6.5054,297.99,96.086,1.5764,10.0,,23,,1.1398,0.19349,,,1.5051,0,,0,0,1,25,25,0,25.0,116130.0
139.8,75,100,90,0.0,33.088,23.906,4.2271,100,1.0,0,0.00086179,11.45,19.937,76663,86270.0,6.5041,297.95,81.905,1.5772,10.0,,23,,1.1407,0.19349,,,1.5058,0,,0,0,1,25,25,0,25.0,117600.0
140.0,75,100,90,0.0,31.967,9.6979,0.42271,100,1.0,0,0.00087733,11.421,19.966,76702,86319.0,6.5011,297.91,67.785,1.578,10.0,,23,,1.1499,0.19342,,,1.5065,0,,0,0,1,25,25,0,25.0,116740.0
140.2,75,100,90,0.0,32.064,2.9094,28.771,100,1.0,0,0.0008987,11.404,19.996,76741,86368.0,6.4989,297.95,81.566,1.5787,10.0,,23,,1.144,0.19346,,,1.5073,0,,0,0,1,25,25,0,25.0,117380.0
140.4,75,100,90,0.0,33.028,12.951,2.8771,100,1.0,0,0.00091568,11.383,20.026,76781,86417.0,6.4974,297.92,70.166,1.5795,10.0,,23,,1.1482,0.19343,,,1.508,0,,0,0,1,25,25,0,25.0,117030.0
140.6,75,100,90,0.0,34.592,3.8852,47.572,100,1.0,0,0.00093853,11.362,20.057,76821,86466.0,6.4969,298.01,101.29,1.5803,10.0,,23,,1.1542,0.19338,,,1.5088,0,,0,0,1,25,25,0,25.0,116670.0
140.8,75,100,90,0.0,36.33,30.412,4.7572,100,1.0,0,0.0009412,11.358,20.088,76861,86516.0,6.498,297.97,88.278,1.5812,10.0,,23,,1.1556,0.19337,,,1.5096,0,,0,0,1,25,25,0,25.0,117650.0
141.0,75,100,90,0.0,37.651,17.746,0.47572,100,1.0,0,0.00093927,11.364,20.118,76902,86566.0,6.5023,297.93,73.808,1.582,10.0,,23,,1.1489,0.19342,,,1.5104,0,,0,0,1,25,25,0,25.0,118300.0
141.2,75,100,90,0.0,37.246,5.3238,34.594,100,1.0,0,0.0008918,11.412,20.147,76942,86616.0,6.5086,297.98,91.435,1.5828,10.0,,23,,1.1453,0.19344,,,1.5111,0,,0,0,1,25,25,0,25.0,117600.0
141.4,75,100,90,0.0,34.307,19.564,3.4594,100,1.0,0,0.00082531,11.477,20.175,76982,86665.0,6.512,297.94,76.345,1.5835,10.0,,23,,1.1316,0.19354,,,1.5118,0,,0,0,1,25,25,0,25.0,118400.0
141.6,75,100,90,0.0,30.03,5.8693,56.377,100,1.0,0,0.00079635,11.483,20.203,77021,86713.0,6.5091,298.03,111.49,1.5841,10.0,,23,,1.1381,0.19349,,,1.5124,0,,0,0,1,25,25,0,25.0,117700.0
141.8,75,100,90,0.0,26.94,36.798,5.6377,100,1.0,0,0.00078044,11.482,20.23,77060,86760.0,6.5026,297.99,93.918,1.5848,10.0,,23,,1.1412,0.19347,,,1.513,0,,0,0,1,25,25,0,25.0,117830.0
142.0,75,100,90,0.0,26.432,20.845,0.56377,100,1.0,0,0.0007842,11.466,20.257,77098,86808.0,6.4965,297.93,74.847,1.5854,10.0,,23,,1.1506,0.1934,,,1.5137,0,,0,0,1,25,25,0,25.0,117290.0
142.2,75,100,90,0.0,28.346,6.2535,37.748,100,1.0,0,0.00080945,11.44,20.285,77137,86856.0,6.4928,297.98,93.503,1.586,10.0,,23,,1.1552,0.19336,,,1.5143,0,,0,0,1,25,25,0,25.0,117590.0
142.4,75,100,90,0.0,31.723,21.617,3.7748,100,1.0,0,0.00081897,11.426,20.313,77176,86904.0,6.4931,297.94,77.844,1.5867,10.0,,23,,1.1676,0.19327,,,1.5149,0,,0,0,1,25,25,0,25.0,118890.0
142.6,75,100,90,0.0,34.973,6.4851,58.693,100,1.0,0,0.00081023,11.454,20.34,77216,86953.0,6.4972,298.04,114.4,1.5874,10.0,,23,,1.1649,0.19328,,,1.5155,0,,0,0,1,25,25,0,25.0,118680.0
142.8,75,100,90,0.0,36.588,38.814,5.8693,100,1.0,0,0.00082556,11.425,20.367,77256,87003.0,6.5011,297.99,95.933,1.588,10.0,,23,,1.1845,0.19314,,,1.5162,0,,0,0,1,25,25,0,25.0,119480.0
143.0,75,100,90,0.0,36.688,22.331,0.58693,100,1.0,0,0.00080743,11.453,20.394,77296,87053.0,6.5052,297.94,75.416,1.5886,10.0,,23,,1.177,0.19319,,,1.5168,0,,0,0,1,25,25,0,25.0,118940.0
143.2,75,100,90,0.0,35.119,6.6993,39.461,100,1.0,0,0.00082664,11.431,20.422,77336,87102.0,6.5056,297.99,94.488,1.5893,10.0,,23,,1.174,0.19321,,,1.5174,0,,0,0,1,25,25,0,25.0,118900.0
143.4,75,100,90,0.0,33.394,22.495,3.9461,100,1.0,0,0.00079055,11.475,20.448,77376,87151.0,6.5052,297.94,76.575,1.5899,10.0,,23,,1.1551,0.19335,,,1.518,0,,0,0,1,25,25,0,25.0,119700.0
143.6,75,100,90,0.0,31.857,6.7484,62.279,100,1.0,0,0.00078607,11.48,20.475,77415,87199.0,6.504,298.04,115.27,1.5905,10.0,,23,,1.1467,0.19341,,,1.5185,0,,0,0,1,25,25,0,25.0,118660.0
143.8,75,100,90,0.0,30.798,40.894,6.2279,100,1.0,0,0.00078437,11.454,20.502,77455,87248.0,6.5011,297.99,94.419,1.5911,10.0,,23,,1.1675,0.19326,,,1.5191,0,,0,0,1,25,25,0,25.0,119620.0
144.0,75,100,90,0.0,30.87,22.28,0.62279,100,1.0,0,0.00077342,11.459,20.529,77494,87296.0,6.4997,297.93,73.231,1.5916,10.0,2124.9,23,2022.4,1.1704,0.19323,20.422,22.649,1.5196,0,67.334,0,0,1,25,25,0,25.0,119410.0
144.2,75,100,90,0.0,31.517,6.6841,39.493,100,1.0,0,0.00078941,11.425,20.556,77533,87345.0,6.4988,297.98,91.473,1.5922,10.0,,23,,1.1937,0.19306,,,1.5202,0,,0,0,1,25,25,0,25.0,120710.0
144.4,75,100,90,0.0,32.5,21.455,3.9493,100,1.0,0,0.00073984,11.489,20.582,77572,87393.0,6.499,297.93,72.514,1.5927,10.0,,23,,1.18,0.19316,,,1.5207,0,,0,0,1,25,25,0,25.0,120500.0
144.6,75,100,90,0.0,33.41,6.4364,63.625,100,1.0,0,0.00072779,11.501,20.608,77612,87442.0,6.4998,298.03,110.81,1.5933,10.0,,23,,1.1764,0.19319,,,1.5212,0,,0,0,1,25,25,0,25.0,119290.0
144.8,75,100,90,0.0,33.998,39.735,6.3625,100,1.0,0,0.00073485,11.501,20.633,77652,87491.0,6.5006,297.97,88.824,1.5938,10.0,,23,,1.1769,0.19318,,,1.5217,0,,0,0,1,25,25,0,25.0,120410.0
145.0,75,100,90,0.0,34.291,19.663,0.63625,100,1.0,0,0.00071418,11.547,20.657,77692,87540.0,6.5004,297.91,66.091,1.5942,10.0,,23,,1.1556,0.19334,,,1.5221,0,,0,0,1,25,25,0,25.0,119520.0
145.2,75,100,90,0.0,34.641,5.899,41.174,100,1.0,0,0.00074101,11.499,20.683,77731,87589.0,6.4987,297.96,84.15,1.5947,10.0,,23,,1.173,0.19321,,,1.5226,0,,0,0,1,25,25,0,25.0,120810.0
145.4,75,100,90,0.0,35.682,19.767,4.1174,100,1.0,0,0.00071198,11.543,20.707,77772,87638.0,6.4979,297.91,64.843,1.5952,10.0,,23,,1.1623,0.19329,,,1.5231,0,,0,0,1,25,25,0,25.0,121090.0
145.6,75,100,90,0.0,37.033,5.9302,66.134,100,1.0,0,0.00070886,11.537,20.731,77812,87688.0,6.4982,298.01,104.41,1.5957,10.0,,23,,1.1707,0.19322,,,1.5235,0,,0,0,1,25,25,0,25.0,120370.0
145.8,75,100,90,0.0,38.287,39.542,6.6134,100,1.0,0,0.00072245,11.51,20.755,77852,87738.0,6.4996,297.96,83.106,1.5962,10.0,,23,,1.1883,0.19309,,,1.524,0,,0,0,1,25,25,0,25.0,120150.0
146.0,75,100,90,0.0,38.971,19.487,0.66134,100,1.0,0,0.00074529,11.502,20.78,77893,87788.0,6.4995,297.9,60.774,1.5967,10.0,,23,,1.1755,0.19319,,,1.5245,0,,0,0,1,25,25,0,25.0,121600.0
146.2,75,100,90,0.0,39.689,5.8462,43.965,100,1.0,0,0.00071161,11.543,20.804,77934,87838.0,6.5007,297.95,79.779,1.5971,10.0,,23,,1.1716,0.19321,,,1.5249,0,,0,0,1,25,25,0,25.0,121380.0
146.4,75,100,90,0.0,39.938,1.7539,0.0001,100,1.0,0,0.00071151,11.542,20.828,77975,87888.0,6.5023,297.89,59.731,1.5976,10.0,,23,,1.172,0.19321,,,1.5253,0,,0,0,1,25,25,0,25.0,121330.0
146.6,75,100,90,0.0,39.532,0.52616,52.0,100,1.0,0,0.00072802,11.499,20.853,78016,87938.0,6.5018,297.97,87.614,1.598,10.0,,23,,1.1972,0.19302,,,1.5258,0,,0,0,1,25,25,0,25.0,121450.0
146.8,75,100,90,0.0,39.329,22.731,5.2,100,1.0,0,0.00075723,11.447,20.878,78057,87988.0,6.5014,297.92,69.684,1.5985,10.0,,23,,1.2154,0.19288,,,1.5262,0,,0,0,1,25,25,0,25.0,120570.0
147.0,75,100,90,0.0,39.271,6.8193,71.852,100,1.0,0,0.00073727,11.466,20.903,78097,88038.0,6.5019,298.04,114.41,1.599,10.0,,23,,1.2205,0.19284,,,1.5267,0,,0,0,1,25,25,0,25.0,122350.0
147.2,75,100,90,0.0,39.021,45.525,7.1852,100,1.0,0,0.0007503,11.442,20.928,78138,88088.0,6.5018,297.98,92.809,1.5995,10.0,,23,,1.2266,0.1928,,,1.5271,0,,0,0,1,25,25,0,25.0,120800.0
147.4,75,100,90,0.0,38.839,26.162,0.71852,100,1.0,0,0.00071073,11.489,20.952,78179,88139.0,6.5021,297.92,68.59,1.5999,10.0,,23,,1.2162,0.19287,,,1.5276,0,,0,0,1,25,25,0,25.0,121590.0
147.6,75,100,90,0.0,38.516,7.8487,47.715,100,1.0,0,0.00067564,11.541,20.976,78219,88188.0,6.5043,297.97,89.927,1.6003,10.0,,23,,1.197,0.19302,,,1.528,0,,0,0,1,25,25,0,25.0,122360.0
147.8,75,100,90,0.0,37.295,24.921,4.7715,100,1.0,0,0.00064552,11.587,20.998,78260,88238.0,6.5056,297.92,68.675,1.6007,10.0,,23,,1.1768,0.19317,,,1.5283,0,,0,0,1,25,25,0,25.0,122130.0
148.0,75,100,90,0.0,35.59,7.4762,72.752,100,1.0,0,0.00063327,11.602,21.019,78300,88287.0,6.5049,298.03,111.19,1.601,10.0,,23,,1.1708,0.19321,,,1.5287,0,,0,0,1,25,25,0,25.0,122570.0
148.2,75,100,90,0.0,34.142,44.004,7.2752,100,1.0,0,0.00056265,11.673,21.039,78339,88336.0,6.5044,297.96,85.183,1.6013,10.0,,23,,1.1583,0.19331,,,1.5289,0,,0,0,1,25,25,0,25.0,121830.0
148.4,75,100,90,0.0,32.883,20.35,0.72752,100,1.0,0,0.00048942,11.762,21.057,78379,88384.0,6.5038,297.88,56.389,1.6016,10.0,,23,,1.1325,0.1935,,,1.5292,0,,0,0,1,25,25,0,25.0,122080.0
148.6,75,100,90,0.0,31.88,6.1049,49.101,100,1.0,0,0.00047551,11.779,21.075,78418,88432.0,6.503,297.93,74.474,1.6017,10.0,,23,,1.1256,0.19355,,,1.5293,0,,0,0,1,25,25,0,25.0,122160.0
148.8,75,100,90,0.0,31.188,1.8315,0.0001,100,1.0,0,0.00044353,11.806,21.092,78457,88480.0,6.5025,297.86,48.77,1.6019,10.0,,23,,1.1226,0.19357,,,1.5295,0,,0,0,1,25,25,0,25.0,121740.0
149.0,75,100,90,0.0,30.717,0.54944,61.576,100,1.0,0,0.00046167,11.78,21.109,78496,88528.0,6.5003,297.95,79.251,1.602,10.0,,23,,1.1314,0.19351,,,1.5296,0,,0,0,1,25,25,0,25.0,122820.0
149.2,75,100,90,0.0,31.132,0.16483,0.0001,100,1.0,0,0.00049301,11.753,21.127,78535,88576.0,6.4989,297.88,53.888,1.6022,10.0,,23,,1.1325,0.1935,,,1.5298,0,,0,0,1,25,25,0,25.0,123070.0
149.4,75,100,90,0.0,32.102,0.04945,65.128,100,1.0,0,0.0005439,11.694,21.147,78575,88624.0,6.4976,297.97,88.564,1.6024,10.0,,23,,1.1521,0.19335,,,1.5299,0,,0,0,1,25,25,0,25.0,122160.0
149.6,75,100,90,0.0,33.587,27.839,6.5128,100,1.0,0,0.00051685,11.721,21.166,78614,88673.0,6.4986,297.9,62.157,1.6026,10.0,,23,,1.1577,0.19331,,,1.5301,0,,0,0,1,25,25,0,25.0,121920.0
149.8,75,100,90,0.0,34.671,8.3518,91.977,100,1.0,0,0.00054129,11.699,21.185,78654,88722.0,6.4997,298.05,118.58,1.6028,10.0,,23,,1.1633,0.19327,,,1.5303,0,,0,0,1,25,25,0,25.0,122680.0
150.0,75,100,90,0.0,35.328,56.912,9.1977,100,1.0,0,0.00051775,11.74,21.204,78694,88771.0,6.5012,297.97,86.78,1.6029,10.0,,23,,1.1447,0.19341,,,1.5305,0,,0,0,1,25,25,0,25.0,122930.0
150.2,75,100,90,0.0,35.371,28.504,0.91977,0,0.9,-4000,0.00054924,10.446,21.228,78015,88000.0,6.5297,297.91,65.04,1.5937,10.0,,23,,1.2273,0.1928,,,1.5216,0,,0,0,1,25,25,0,25.0,122210.0
150.4,75,100,90,0.0,23.929,8.5512,43.249,0,0.9,-4000,0.00055154,10.404,21.254,77333,87226.0,6.5457,297.97,87.653,1.5801,10.0,,23,,1.2243,0.19285,,,1.5086,0,,0,0,1,25,25,0,25.0,123160.0
150.6,75,100,90,0.0,6.2056,26.535,4.3249,0,0.9,-4000,0.00061655,10.253,21.282,76648,86450.0,6.5359,297.93,72.697,1.5663,10.0,,23,,1.2404,0.19276,,,1.4954,0,,0,0,1,25,25,0,25.0,123300.0
150.8,75,100,90,0.0,0.0,7.9606,68.366,0,0.9,-4000,0.0006251,10.198,21.311,75962,85672.0,6.5176,298.06,121.57,1.5526,10.0,,23,,1.2508,0.19271,,,1.4822,0,,0,0,1,25,25,0,25.0,123270.0
151.0,75,100,90,0.0,0.0,51.785,6.8366,0,0.9,-4000,0.0006953,10.135,21.341,75275,84894.0,6.4993,298.01,104.15,1.5388,10.0,,23,,1.2412,0.19281,,,1.469,0,,0,0,1,25,25,0,25.0,123910.0
151.2,75,100,90,0.0,0.81145,36.485,0.68366,0,0.9,-4000,0.00066688,10.181,21.37,74589,84117.0,6.4836,297.96,83.401,1.5251,10.0,,23,,1.1992,0.19315,,,1.4558,0,,0,0,1,25,25,0,25.0,122710.0
151.4,75,100,90,0.0,7.8939,17.379,0.068366,0,0.9,-4000,0.0006913,10.192,21.399,73905,83341.0,6.4775,297.91,67.441,1.5113,10.0,,23,,1.1689,0.1934,,,1.4426,0,,0,0,1,25,25,0,25.0,124690.0
151.6,75,100,90,0.0,17.364,5.2138,34.214,0,0.9,-4000,0.00075547,10.178,21.43,73222,82566.0,6.4831,297.97,86.586,1.4976,10.0,,23,,1.1449,0.19361,,,1.4295,0,,0,0,1,25,25,0,25.0,123160.0
151.8,75,100,90,0.0,24.59,20.988,3.4214,0,0.9,-4000,0.00083268,10.129,21.462,72541,81794.0,6.4973,297.93,73.763,1.4839,10.0,,23,,1.14,0.19367,,,1.4164,0,,0,0,1,25,25,0,25.0,124310.0
152.0,75,100,90,0.0,26.142,6.2965,59.934,0,0.9,-4000,0.00086321,10.106,21.494,71861,81022.0,6.5128,298.05,116.78,1.4703,10.0,,23,,1.1337,0.19375,,,1.4033,0,,0,0,1,25,25,0,25.0,123470.0
152.2,75,100,90,0.0,21.524,46.884,5.9934,0,0.9,0,0.00094813,10.003,21.529,71879,81049.0,6.4933,298.01,101.27,1.4665,10.0,,23,,1.139,0.19372,,,1.3996,0,,0,0,1,25,25,0,25.0,124300.0
152.4,75,100,90,0.0,24.841,32.372,0.59934,0,0.9,0,0.00091634,10.044,21.564,71897,81076.0,6.4803,297.96,83.891,1.4667,10.0,,23,,1.1298,0.19378,,,1.3998,0,,0,0,1,25,25,0,25.0,124460.0
152.6,75,100,90,0.0,33.228,15.572,0.059934,0,0.9,0,0.00095392,10.059,21.598,71917,81105.0,6.4772,297.92,70.93,1.467,10.0,,23,,1.1062,0.19396,,,1.4002,0,,0,0,1,25,25,0,25.0,124460.0
152.8,75,100,90,0.0,42.825,4.6717,30.29,0,0.9,0,0.00101,10.056,21.633,71939,81137.0,6.4832,297.97,88.87,1.4675,10.0,,23,,1.0949,0.19405,,,1.4006,0,,0,0,1,25,25,0,25.0,124630.0
153.0,75,100,90,0.0,50.021,19.936,3.029,0,0.9,0,0.001033,10.063,21.669,71963,81170.0,6.4968,297.94,76.946,1.4679,10.0,,23,,1.0922,0.19406,,,1.401,0,,0,0,1,25,25,0,25.0,124800.0
153.2,75,100,90,0.0,51.784,5.9808,55.915,0,0.9,0,0.0011282,9.9751,21.706,71986,81203.0,6.5106,298.06,118.54,1.4684,10.0,,23,,1.1146,0.1939,,,1.4014,0,,0,0,1,25,25,0,25.0,125970.0
153.4,75,100,90,0.0,48.072,45.566,5.5915,0,0.9,0,0.0011779,9.9151,21.744,72010,81236.0,6.5189,298.01,103.46,1.4689,10.0,,23,,1.1205,0.19385,,,1.4019,0,,0,0,1,25,25,0,25.0,125660.0
153.6,75,100,90,0.0,41.041,31.734,0.55915,0,0.9,0,0.0012453,9.8269,21.785,72031,81267.0,6.5185,297.97,89.061,1.4694,10.0,,23,,1.127,0.1938,,,1.4025,0,,0,0,1,25,25,0,25.0,125680.0
153.8,75,100,90,0.0,34.18,18.179,0.055915,0,0.9,0,0.0012792,9.7535,21.827,72051,81297.0,6.5084,297.95,79.918,1.47,10.0,,23,,1.1454,0.19366,,,1.403,0,,0,0,1,25,25,0,25.0,126220.0
154.0,75,100,90,0.0,31.391,5.4537,26.496,0,0.9,0,0.0012761,9.7253,21.869,72071,81327.0,6.4946,298.0,99.235,1.4706,10.0,,23,,1.1592,0.19356,,,1.4036,0,,0,0,1,25,25,0,25.0,126590.0
154.2,75,100,90,0.0,34.068,22.958,2.6496,0,0.9,0,0.0012621,9.742,21.91,72091,81357.0,6.4853,297.98,90.355,1.4711,10.0,,23,,1.1641,0.19352,,,1.4041,0,,0,0,1,25,25,0,25.0,126620.0
154.4,75,100,90,0.0,40.452,13.728,0.26496,0,0.9,0,0.0012277,9.7909,21.95,72113,81388.0,6.4838,297.95,80.956,1.4717,10.0,,23,,1.1558,0.19358,,,1.4046,0,,0,0,1,25,25,0,25.0,126140.0
154.6,75,100,90,0.0,47.413,4.1185,25.663,0,0.9,0,0.0012176,9.8349,21.989,72136,81420.0,6.4895,298.0,97.051,1.4722,10.0,,23,,1.1373,0.19372,,,1.4051,0,,0,0,1,25,25,0,25.0,127490.0
154.8,75,100,90,0.0,52.096,18.501,2.5663,0,0.9,0,0.001248,9.8359,22.029,72160,81454.0,6.4972,297.96,86.346,1.4727,10.0,,23,,1.1275,0.19379,,,1.4056,0,,0,0,1,25,25,0,25.0,127520.0
155.0,75,100,90,0.0,53.717,7.2895,0.25663,0,0.9,0,0.0012181,9.8628,22.068,72184,81488.0,6.5074,297.94,77.467,1.4733,10.0,,23,,1.1169,0.19387,,,1.4061,0,,0,0,1,25,25,0,25.0,127370.0
155.2,75,100,90,0.0,51.285,2.1869,19.466,0,0.9,0,0.0011937,9.8584,22.106,72208,81521.0,6.5159,297.97,87.84,1.4738,10.0,,23,,1.1192,0.19385,,,1.4066,0,,0,0,1,25,25,0,25.0,126220.0
155.4,75,100,90,0.0,45.44,10.448,1.9466,0,0.9,0,0.0012054,9.8125,22.146,72230,81553.0,6.5183,297.95,79.747,1.4743,10.0,,23,,1.1292,0.19377,,,1.4071,0,,0,0,1,25,25,0,25.0,128240.0
155.6,75,100,90,0.0,38.671,3.1343,35.873,0,0.9,0,0.0011677,9.7973,22.185,72251,81583.0,6.5147,298.02,105.22,1.4748,10.0,,23,,1.137,0.19372,,,1.4076,0,,0,0,1,25,25,0,25.0,127430.0
155.8,75,100,90,0.0,33.336,26.687,3.5873,0,0.9,0,0.0011858,9.7412,22.224,72271,81613.0,6.5034,297.98,92.735,1.4753,10.0,,23,,1.1571,0.19356,,,1.408,0,,0,0,1,25,25,0,25.0,128610.0
156.0,75,100,90,0.0,32.518,14.401,0.35873,0,0.9,0,0.0012561,9.6728,22.265,72291,81642.0,6.4915,297.96,83.372,1.4758,10.0,2341.3,23,2116.3,1.1711,0.19346,22.106,22.704,1.4085,0,75.945,0,0,1,25,25,0,25.0,127980.0
156.2,75,100,90,0.0,36.437,4.7001,0.035873,0,0.9,0,0.001248,9.6877,22.306,72312,81673.0,6.4842,297.94,77.205,1.4763,10.0,,23,,1.1729,0.19344,,,1.409,0,,0,0,1,25,25,0,25.0,129010.0
156.4,75,100,90,0.0,43.244,1.41,15.634,0,0.9,0,0.0013041,9.6768,22.347,72334,81704.0,6.4842,297.97,86.661,1.4768,10.0,,23,,1.1628,0.19352,,,1.4095,0,,0,0,1,25,25,0,25.0,128870.0
156.6,75,100,90,0.0,50.046,8.6507,1.5634,0,0.9,0,0.0012856,9.7322,22.388,72358,81737.0,6.4902,297.95,79.55,1.4774,10.0,,23,,1.1408,0.19368,,,1.41,0,,0,0,1,25,25,0,25.0,128900.0
156.8,75,100,90,0.0,54.475,2.5952,32.638,0,0.9,0,0.0013757,9.6712,22.429,72382,81771.0,6.4996,298.01,103.61,1.4779,10.0,,23,,1.1603,0.19353,,,1.4106,0,,0,0,1,25,25,0,25.0,128760.0
157.0,75,100,90,0.0,55.139,24.65,3.2638,0,0.9,0,0.0014217,9.6244,22.471,72406,81806.0,6.5085,297.99,93.478,1.4785,10.0,,23,,1.1785,0.1934,,,1.4111,0,,0,0,1,25,25,0,25.0,129460.0
157.2,75,100,90,0.0,52.274,14.583,0.32638,0,0.9,0,0.0014163,9.6066,22.513,72430,81839.0,6.5151,297.96,84.518,1.4791,10.0,,23,,1.186,0.19334,,,1.4117,0,,0,0,1,25,25,0,25.0,129330.0
157.4,75,100,90,0.0,46.776,5.3319,0.032638,0,0.9,0,0.0013729,9.6064,22.555,72453,81872.0,6.5178,297.94,78.567,1.4797,10.0,,23,,1.1892,0.19331,,,1.4123,0,,0,0,1,25,25,0,25.0,129030.0
157.6,75,100,90,0.0,40.198,1.5996,15.576,0,0.9,0,0.0013934,9.5367,22.598,72475,81903.0,6.5146,297.97,89.002,1.4802,10.0,,23,,1.213,0.19313,,,1.4128,0,,0,0,1,25,25,0,25.0,128900.0
157.8,75,100,90,0.0,34.878,9.9391,1.5576,0,0.9,0,0.0013515,9.5346,22.64,72495,81933.0,6.506,297.96,83.557,1.4808,10.0,,23,,1.2203,0.19308,,,1.4133,0,,0,0,1,25,25,0,25.0,129940.0
158.0,75,100,90,0.0,33.035,3.2615,0.15576,0,0.9,0,0.0013533,9.505,22.682,72515,81963.0,6.495,297.94,79.379,1.4813,10.0,,23,,1.2337,0.19298,,,1.4138,0,,0,0,1,25,25,0,25.0,129970.0
158.2,75,100,90,0.0,35.567,0.97845,14.035,0,0.9,0,0.0013129,9.5174,22.724,72535,81993.0,6.4885,297.97,87.775,1.4818,10.0,,23,,1.2531,0.19283,,,1.4143,0,,0,0,1,25,25,0,25.0,130170.0
158.4,75,100,90,0.0,40.659,7.3314,1.4035,0,0.9,0,0.0013416,9.5274,22.765,72557,82024.0,6.4881,297.95,82.367,1.4823,10.0,,23,,1.2362,0.19295,,,1.4148,0,,0,0,1,25,25,0,25.0,130370.0
158.6,75,100,90,0.0,45.906,0.60676,0.14035,0,0.9,0,0.0013715,9.5162,22.808,72580,82056.0,6.4918,297.94,78.174,1.4829,10.0,,23,,1.2371,0.19295,,,1.4153,0,,0,0,1,25,25,0,25.0,129570.0
158.8,75,100,90,0.0,49.673,0.18203,12.111,0,0.9,0,0.0013797,9.5141,22.849,72603,82089.0,6.5002,297.96,84.697,1.4834,10.0,,23,,1.2477,0.19287,,,1.4159,0,,0,0,1,25,25,0,25.0,130600.0
159.0,75,100,90,0.0,50.095,4.5383,1.2111,0,0.9,0,0.0013909,9.5071,22.891,72626,82122.0,6.5067,297.95,79.746,1.484,10.0,,23,,1.246,0.19288,,,1.4164,0,,0,0,1,25,25,0,25.0,130300.0
159.2,75,100,90,0.0,47.93,1.3615,24.373,0,0.9,0,0.0013513,9.5163,22.932,72649,82154.0,6.5107,297.99,96.368,1.4845,10.0,,23,,1.2543,0.19281,,,1.4169,0,,0,0,1,25,25,0,25.0,131660.0
159.4,75,100,90,0.0,44.193,15.914,2.4373,0,0.9,0,0.0013801,9.4704,22.973,72672,82186.0,6.5119,297.97,89.187,1.485,10.0,,23,,1.262,0.19276,,,1.4174,0,,0,0,1,25,25,0,25.0,130860.0
159.6,75,100,90,0.0,39.954,8.1898,0.24373,0,0.9,0,0.0013478,9.4616,23.015,72693,82217.0,6.5078,297.95,82.413,1.4855,10.0,,23,,1.2649,0.19273,,,1.4179,0,,0,0,1,25,25,0,25.0,132060.0
159.8,75,100,90,0.0,37.368,0.61082,0.024373,0,0.9,0,0.0014375,9.3748,23.058,72714,82248.0,6.4985,297.94,79.348,1.4861,10.0,,23,,1.2847,0.19258,,,1.4184,0,,0,0,1,25,25,0,25.0,131270.0
160.0,75,100,90,0.0,38.512,0.18325,9.4804,0,0.9,0,0.0014048,9.3963,23.1,72735,82278.0,6.4915,297.96,84.497,1.4866,10.0,,23,,1.2788,0.19263,,,1.4189,0,,0,0,1,25,25,0,25.0,130800.0
160.2,75,100,80,0.0,42.427,3.2681,0.94804,400,0.9,0,0.0010915,11.577,23.112,72835,82387.0,6.4939,297.88,57.8,1.487,10.0,,23,,0.82202,0.19605,,,1.4193,0,,0,0,1,25,25,0,25.0,132860.0
160.4,75,100,80,0.0,45.371,0.98044,53.389,400,0.9,0,0.0011187,11.596,23.123,72935,82497.0,6.4996,297.94,79.4,1.4874,10.0,,23,,0.77521,0.1964,,,1.4197,0,,0,0,1,25,25,0,25.0,131910.0
160.6,75,100,80,0.0,46.039,0.29413,0.0001,400,0.9,0,0.0011132,11.614,23.134,73036,82606.0,6.5071,297.87,52.847,1.4878,10.0,,23,,0.77118,0.19643,,,1.42,0,,0,0,1,25,25,0,25.0,131800.0
160.8,75,100,80,0.0,43.728,0.08824,64.816,400,0.9,0,0.0011037,11.639,23.145,73136,82715.0,6.5107,297.96,85.029,1.4881,10.0,,23,,0.75461,0.19655,,,1.4204,0,,0,0,1,25,25,0,25.0,131020.0
161.0,75,100,80,0.0,39.997,27.447,6.4816,400,0.9,0,0.0092116,12.394,23.155,73235,82824.0,6.512,297.88,56.157,1.4885,10.0,,23,,0.73587,0.19669,,,1.4207,0,,0,0,1,25,25,0,25.0,131400.0
161.2,75,100,80,0.0,35.722,8.234,99.494,400,0.9,0,0.11035,13.09,23.112,73334,82931.0,6.5443,298.05,116.93,1.4883,10.0,,23,,0.45025,0.19881,,,1.4205,0,,0,0,1,25,25,0,25.0,132030.0
161.4,75,100,80,0.0,18.403,64.021,9.9494,400,0.9,0,0.22507,13.0,23.071,73429,83035.0,6.5572,297.94,79.049,1.4879,10.0,,23,,0.46679,0.19869,,,1.4202,0,,0,0,1,25,25,0,25.0,132660.0
161.6,75,100,80,0.51987,9.2016,19.206,150.93,400,0.9,0,0.34626,12.959,23.029,73522,83137.0,6.5555,298.24,182.18,1.4876,10.0,,23,,0.48955,0.19852,,,1.4198,0,,0,0,1,25,25,0,25.0,130950.0
161.8,75,100,80,1.0407,4.6008,119.01,15.093,400,0.9,0,0.46998,12.94,22.989,73615,83239.0,6.546,298.09,130.79,1.4872,10.0,,23,,0.50599,0.1984,,,1.4195,0,,0,0,1,25,25,0,25.0,131920.0
162.0,75,100,80,0.0,0.0,75.368,1.5093,400,0.9,0,0.59557,12.931,22.948,73706,83339.0,6.5316,297.95,81.018,1.4869,10.0,,23,,0.50329,0.19842,,,1.4192,0,,0,0,1,25,25,0,25.0,131720.0
162.2,75,100,80,0.0,0.0,22.61,91.304,400,0.9,0,0.7243,12.947,22.908,73797,83439.0,6.518,298.09,129.17,1.4865,10.0,,23,,0.49705,0.19847,,,1.4188,0,,0,0,1,25,25,0,25.0,131360.0
162.4,75,100,80,0.0,0.0,68.823,9.1304,400,0.9,0,0.85213,12.95,22.868,73888,83539.0,6.5053,297.97,88.21,1.4862,10.0,,23,,0.50434,0.19842,,,1.4185,0,,0,0,1,25,25,0,25.0,130660.0
162.6,75,100,80,0.0,0.0,31.059,0.91304,400,0.9,0,0.98165,12.962,22.828,73980,83640.0,6.4931,297.87,52.761,1.4858,10.0,,23,,0.50318,0.19843,,,1.4182,0,,0,0,1,25,25,0,25.0,130300.0
162.8,75,100,80,0.0,3.2616,9.3177,58.134,400,0.9,0,1.1133,12.987,22.788,74072,83741.0,6.4859,297.94,75.826,1.4855,10.0,,23,,0.50061,0.19844,,,1.4178,0,,0,0,1,25,25,0,25.0,129940.0
163.0,75,100,80,0.0,9.413,2.7953,0.0001,400,0.9,0,1.2468,13.017,22.748,74165,83843.0,6.4862,297.86,48.237,1.4851,10.0,,23,,0.50303,0.19843,,,1.4175,0,,0,0,1,25,25,0,25.0,130910.0
163.2,75,100,80,0.0,15.428,0.83859,70.92,400,0.9,0,1.3792,13.056,22.707,74259,83947.0,6.4946,297.96,85.496,1.4847,10.0,,23,,0.49669,0.19848,,,1.4171,0,,0,0,1,25,25,0,25.0,129540.0
163.4,75,100,80,0.0,18.096,32.256,7.092,400,0.9,0,1.5112,13.068,22.667,74354,84051.0,6.5072,297.87,54.312,1.4844,10.0,,23,,0.50432,0.19842,,,1.4168,0,,0,0,1,25,25,0,25.0,128840.0
163.6,75,100,80,0.0,15.717,9.6769,109.86,400,0.9,0,1.6436,13.064,22.626,74448,84154.0,6.5172,298.07,123.49,1.484,10.0,,23,,0.51071,0.19837,,,1.4164,0,,0,0,1,25,25,0,25.0,128640.0
163.8,75,100,80,0.0,9.3735,72.655,10.986,400,0.9,0,1.7788,13.05,22.586,74542,84256.0,6.5182,297.95,81.767,1.4837,10.0,,23,,0.51144,0.19837,,,1.4161,0,,0,0,1,25,25,0,25.0,129950.0
164.0,75,100,80,0.0,2.6567,33.403,1.0986,400,0.9,0,1.909,13.022,22.547,74633,84357.0,6.5095,297.85,44.261,1.4833,10.0,,23,,0.52615,0.19826,,,1.4157,0,,0,0,1,25,25,0,25.0,129750.0
164.2,75,100,80,0.0,0.0,10.021,66.318,400,0.9,0,2.0395,13.011,22.508,74725,84458.0,6.4975,297.93,74.236,1.4829,10.0,,23,,0.54107,0.19815,,,1.4154,0,,0,0,1,25,25,0,25.0,129230.0
164.4,75,100,80,0.0,1.5446,3.0063,0.0001,400,0.9,0,2.169,13.022,22.469,74816,84558.0,6.4879,297.85,46.333,1.4826,10.0,,23,,0.54749,0.1981,,,1.415,0,,0,0,1,25,25,0,25.0,129370.0
164.6,75,100,80,0.0,6.8987,0.90188,76.846,400,0.9,0,2.3007,13.056,22.429,74909,84660.0,6.4851,297.97,88.789,1.4822,10.0,,23,,0.54334,0.19813,,,1.4147,0,,0,0,1,25,25,0,25.0,128680.0
164.8,75,100,80,0.0,13.352,36.85,7.6846,400,0.9,0,2.433,13.1,22.39,75003,84763.0,6.4896,297.88,54.424,1.4818,10.0,,23,,0.53054,0.19823,,,1.4143,0,,0,0,1,25,25,0,25.0,128980.0
165.0,75,100,80,0.0,17.994,11.055,120.16,400,0.9,0,2.5641,13.139,22.35,75097,84867.0,6.499,298.09,131.79,1.4814,10.0,,23,,0.51619,0.19834,,,1.414,0,,0,0,1,25,25,0,25.0,127120.0
165.2,75,100,80,0.0,18.897,81.433,12.016,400,0.9,0,2.6973,13.151,22.31,75192,84971.0,6.5092,297.96,83.48,1.4811,10.0,,23,,0.51552,0.19834,,,1.4136,0,,0,0,1,25,25,0,25.0,128260.0
165.4,75,100,80,0.0,15.728,36.86,1.2016,400,0.9,0,2.8287,13.143,22.271,75287,85074.0,6.5163,297.84,43.262,1.4807,10.0,,23,,0.52247,0.19829,,,1.4133,0,,0,0,1,25,25,0,25.0,128400.0
165.6,75,100,80,0.0,9.7241,11.058,67.852,400,0.9,0,2.9599,13.124,22.232,75380,85177.0,6.5162,297.93,73.651,1.4803,10.0,,23,,0.5313,0.19823,,,1.4129,0,,0,0,1,25,25,0,25.0,128540.0
165.8,75,100,80,0.0,3.7808,3.3174,0.0001,400,0.9,0,3.0927,13.109,22.194,75472,85278.0,6.5087,297.85,45.348,1.4799,10.0,,23,,0.53631,0.19819,,,1.4125,0,,0,0,1,25,25,0,25.0,127690.0
166.0,75,100,80,0.0,0.83582,0.99523,77.824,400,0.9,0,3.2302,13.092,22.155,75563,85378.0,6.4979,297.97,88.508,1.4796,10.0,,23,,0.55724,0.19804,,,1.4122,0,,0,0,1,25,25,0,25.0,126500.0
166.2,75,100,80,0.0,2.2171,37.204,7.7824,400,0.9,0,3.3676,13.107,22.117,75655,85479.0,6.4891,297.88,54.428,1.4792,10.0,,23,,0.55825,0.19803,,,1.4118,0,,0,0,1,25,25,0,25.0,126980.0
166.4,75,100,80,0.0,7.1008,11.161,120.19,400,0.9,0,3.5046,13.145,22.079,75747,85581.0,6.4864,298.09,131.77,1.4788,10.0,,23,,0.54725,0.19811,,,1.4114,0,,0,0,1,25,25,0,25.0,126290.0
166.6,75,100,80,0.0,13.055,80.911,12.019,400,0.9,0,3.6401,13.17,22.04,75841,85684.0,6.4909,297.96,84.573,1.4784,10.0,,23,,0.5529,0.19807,,,1.4111,0,,0,0,1,25,25,0,25.0,126100.0
166.8,75,100,80,0.0,17.195,37.742,1.2019,400,0.9,0,3.775,13.187,22.001,75935,85788.0,6.5002,297.85,43.486,1.478,10.0,,23,,0.56128,0.19801,,,1.4107,0,,0,0,1,25,25,0,25.0,125410.0
167.0,75,100,80,0.0,17.605,11.323,69.958,400,0.9,0,3.9092,13.185,21.963,76030,85892.0,6.5103,297.93,75.118,1.4777,10.0,,23,,0.57755,0.19789,,,1.4103,0,,0,0,1,25,25,0,25.0,126220.0
167.2,75,100,80,0.0,13.983,3.3968,0.0001,400,0.9,0,4.0439,13.176,21.924,76124,85996.0,6.5162,297.85,46.554,1.4773,10.0,,23,,0.58507,0.19783,,,1.41,0,,0,0,1,25,25,0,25.0,125700.0
167.4,75,100,80,0.0,8.0529,1.019,77.812,400,0.9,0,4.178,13.162,21.886,76217,86098.0,6.5136,297.97,89.556,1.4769,10.0,,23,,0.5902,0.1978,,,1.4096,0,,0,0,1,25,25,0,25.0,126680.0
167.6,75,100,80,0.0,3.1441,36.89,7.7812,400,0.9,0,4.3094,13.153,21.849,76308,86199.0,6.5055,297.87,53.885,1.4765,10.0,,23,,0.59376,0.19777,,,1.4092,0,,0,0,1,25,25,0,25.0,125000.0
167.8,75,100,80,0.0,1.5021,11.067,120.8,400,0.9,0,4.4395,13.149,21.812,76400,86299.0,6.4956,298.09,131.07,1.4761,10.0,,23,,0.60464,0.19769,,,1.4088,0,,0,0,1,25,25,0,25.0,125650.0
168.0,75,100,80,0.0,3.7974,80.062,12.08,400,0.9,0,4.5695,13.171,21.774,76492,86400.0,6.4888,297.94,78.786,1.4757,10.0,2866.3,23,2312.5,0.60114,0.19772,21.924,21.88,1.4085,0,72.502,0,0,1,25,25,0,25.0,126300.0
168.2,75,100,80,0.0,8.8042,24.019,187.22,400,0.9,0,4.6989,13.208,21.736,76584,86502.0,6.4882,298.3,208.52,1.4753,10.0,,23,,0.59064,0.1978,,,1.4081,0,,0,0,1,25,25,0,25.0,125280.0
168.4,75,100,80,0.0,14.036,145.3,18.722,400,0.9,0,4.8285,13.244,21.698,76678,86605.0,6.4937,298.09,132.31,1.4749,10.0,,23,,0.58017,0.19788,,,1.4077,0,,0,0,1,25,25,0,25.0,125430.0
168.6,75,100,80,0.0,17.041,82.028,1.8722,400,0.9,0,4.9595,13.26,21.661,76773,86709.0,6.5033,297.92,68.866,1.4745,10.0,,23,,0.58354,0.19785,,,1.4073,0,,0,0,1,25,25,0,25.0,125410.0
168.8,75,100,80,0.0,16.231,24.608,98.583,400,0.9,0,5.0884,13.272,21.623,76867,86812.0,6.5124,298.05,119.42,1.4741,10.0,,23,,0.57844,0.19789,,,1.407,0,,0,0,1,25,25,0,25.0,124050.0
169.0,75,100,80,0.0,11.788,70.289,9.8583,400,0.9,0,5.2172,13.263,21.586,76960,86915.0,6.5157,297.92,68.282,1.4737,10.0,,23,,0.58154,0.19787,,,1.4066,0,,0,0,1,25,25,0,25.0,124370.0
169.2,75,100,80,0.0,6.045,21.087,163.4,400,0.9,0,5.3461,13.259,21.549,77052,87016.0,6.5114,298.21,177.94,1.4733,10.0,,23,,0.57769,0.1979,,,1.4062,0,,0,0,1,25,25,0,25.0,124860.0
169.4,75,100,80,0.0,2.0493,121.76,16.34,400,0.9,0,5.4757,13.261,21.512,77144,87117.0,6.502,298.02,105.05,1.4729,10.0,,23,,0.57171,0.19794,,,1.4058,0,,0,0,1,25,25,0,25.0,124680.0
169.6,75,100,80,0.0,1.7816,59.27,1.634,400,0.9,0,5.605,13.281,21.475,77235,87217.0,6.4925,297.86,49.241,1.4725,10.0,,23,,0.55803,0.19804,,,1.4054,0,,0,0,1,25,25,0,25.0,123330.0
169.8,75,100,80,0.0,5.2858,17.781,82.388,400,0.9,0,5.7353,13.308,21.439,77327,87319.0,6.4875,297.97,87.704,1.4721,10.0,,23,,0.552,0.19809,,,1.405,0,,0,0,1,25,25,0,25.0,123320.0
170.0,75,100,80,0.0,10.788,49.757,8.2388,400,0.9,0,5.8684,13.342,21.402,77420,87421.0,6.4895,297.85,43.622,1.4717,10.0,,23,,0.54521,0.19814,,,1.4046,0,,0,0,1,25,25,0,25.0,124300.0
170.2,75,100,80,0.0,15.496,14.927,141.77,150,0.9,-4000,6.0048,12.323,21.379,76764,86675.0,6.5274,298.11,139.45,1.4625,10.0,,23,,0.78369,0.19638,,,1.3958,0,,0,0,1,25,25,0,25.0,122690.0
170.4,75,100,80,0.0,4.9453,99.925,14.177,150,0.9,-4000,6.1431,12.283,21.356,76106,85926.0,6.553,297.94,79.207,1.4492,10.0,,23,,0.80255,0.19627,,,1.3831,0,,0,0,1,25,25,0,25.0,122910.0
170.6,75,100,80,0.51849,2.4726,29.978,225.64,150,0.9,-4000,6.2824,12.289,21.333,75448,85177.0,6.5752,298.4,242.66,1.4358,10.0,,23,,0.78399,0.19644,,,1.3702,0,,0,0,1,25,25,0,25.0,122960.0
170.8,75,100,80,1.0368,1.2363,184.93,22.564,150,0.9,-4000,6.4224,12.288,21.31,74789,84428.0,6.595,298.13,148.56,1.4224,10.0,,23,,0.77279,0.19655,,,1.3574,0,,0,0,1,25,25,0,25.0,123010.0
171.0,75,100,80,1.5552,0.61816,105.89,2.2564,150,0.9,-4000,6.5633,12.287,21.288,74131,83679.0,6.6132,297.93,75.829,1.409,10.0,,23,,0.7656,0.19663,,,1.3445,0,,0,0,1,25,25,0,25.0,123230.0
171.2,75,100,80,2.0737,0.30908,31.766,115.86,150,0.9,-4000,6.7033,12.289,21.265,73473,82930.0,6.6302,298.11,140.91,1.3956,10.0,,23,,0.7574,0.19671,,,1.3317,0,,0,0,1,25,25,0,25.0,122450.0
171.4,75,100,80,2.5922,0.15454,94.341,11.586,150,0.9,-4000,6.8429,12.299,21.242,72815,82181.0,6.6462,297.94,81.118,1.3822,10.0,,23,,0.74026,0.19687,,,1.3189,0,,0,0,1,25,25,0,25.0,123660.0
171.6,75,100,80,3.1108,0.07727,28.302,203.37,150,0.9,-4000,6.9832,12.31,21.219,72156,81432.0,6.6612,298.36,226.46,1.3689,10.0,,23,,0.72355,0.19702,,,1.3061,0,,0,0,1,25,25,0,25.0,123210.0
171.8,75,100,80,3.6294,0.038635,172.28,20.337,150,0.9,-4000,7.1246,12.324,21.195,71498,80683.0,6.6751,298.1,138.11,1.3555,10.0,,23,,0.70103,0.19721,,,1.2933,0,,0,0,1,25,25,0,25.0,122100.0
172.0,75,100,80,4.1482,0.019318,93.854,2.0337,150,0.9,-4000,7.2693,12.326,21.172,70841,79935.0,6.688,297.91,70.352,1.3422,10.0,,23,,0.69372,0.1973,,,1.2806,0,,0,0,1,25,25,0,25.0,121650.0
172.2,75,100,80,4.6669,0.0096588,28.156,108.19,150,0.9,0,7.4144,12.333,21.149,70883,79986.0,6.6588,298.08,130.62,1.338,10.0,,23,,0.68664,0.19736,,,1.2765,0,,0,0,1,25,25,0,25.0,122190.0
172.4,75,100,80,5.1912,0.0048294,87.542,10.819,150,0.9,0,7.5594,12.344,21.125,70926,80038.0,6.631,297.92,74.735,1.3374,10.0,,23,,0.67758,0.19743,,,1.276,0,,0,0,1,25,25,0,25.0,122410.0
172.6,75,100,80,5.7132,0.0024147,26.262,197.89,150,0.9,0,7.7056,12.346,21.102,70968,80090.0,6.6048,298.34,217.25,1.337,10.0,,23,,0.68027,0.19741,,,1.2756,0,,0,0,1,25,25,0,25.0,122790.0
172.8,75,100,80,6.2351,0.0012073,169.56,19.789,150,0.9,0,7.8533,12.34,21.078,71011,80142.0,6.5799,298.09,131.84,1.3366,10.0,,23,,0.69157,0.19732,,,1.2752,0,,0,0,1,25,25,0,25.0,122170.0
173.0,75,100,80,6.7569,0.00060367,92.2,1.9789,150,0.9,0,8.0021,12.355,21.055,71054,80194.0,6.5553,297.9,67.242,1.3363,10.0,,23,,0.67932,0.19742,,,1.2749,0,,0,0,1,25,25,0,25.0,121720.0
173.2,75,100,80,7.2788,0.00030184,27.66,107.01,150,0.9,0,8.1502,12.366,21.031,71097,80246.0,6.5318,298.07,127.2,1.3359,10.0,,23,,0.67168,0.19747,,,1.2745,0,,0,0,1,25,25,0,25.0,120770.0
173.4,75,100,80,0.0,0.0,86.162,10.701,150,0.9,0,8.2943,12.342,21.008,71138,80297.0,6.5206,297.92,73.74,1.3355,10.0,,23,,0.67132,0.19748,,,1.2741,0,,0,0,1,25,25,0,25.0,121990.0
173.6,75,100,80,0.0,0.0,25.848,194.38,150,0.9,0,8.4369,12.329,20.985,71180,80348.0,6.51,298.33,212.82,1.3351,10.0,,23,,0.68986,0.19734,,,1.2737,0,,0,0,1,25,25,0,25.0,121370.0
173.8,75,100,80,0.0,0.0,165.09,19.438,150,0.9,0,8.5822,12.327,20.962,71221,80398.0,6.4998,298.08,127.75,1.3347,10.0,,23,,0.6955,0.1973,,,1.2734,0,,0,0,1,25,25,0,25.0,121420.0
174.0,75,100,80,0.0,0.59084,87.894,1.9438,150,0.9,0,8.7282,12.327,20.939,71263,80449.0,6.4908,297.89,65.254,1.3343,10.0,,23,,0.70017,0.19726,,,1.273,0,,0,0,1,25,25,0,25.0,120300.0
174.2,75,100,80,0.0,4.7919,26.368,102.21,150,0.9,0,8.8738,12.352,20.915,71305,80501.0,6.488,298.06,122.18,1.3339,10.0,,23,,0.69097,0.19733,,,1.2726,0,,0,0,1,25,25,0,25.0,121020.0
174.4,75,100,80,0.0,10.107,81.373,10.221,150,0.9,0,9.0181,12.378,20.892,71349,80553.0,6.4924,297.91,71.294,1.3335,10.0,,23,,0.68392,0.19739,,,1.2722,0,,0,0,1,25,25,0,25.0,120570.0
174.6,75,100,80,0.0,13.652,24.412,186.19,150,0.9,0,9.1619,12.387,20.868,71393,80607.0,6.5019,298.3,205.12,1.3331,10.0,,23,,0.69177,0.19733,,,1.2718,0,,0,0,1,25,25,0,25.0,120610.0
174.8,75,100,80,0.0,13.41,157.62,18.619,150,0.9,0,9.3014,12.389,20.844,71437,80660.0,6.5112,298.09,131.83,1.3327,10.0,,23,,0.68973,0.19734,,,1.2715,0,,0,0,1,25,25,0,25.0,120830.0
175.0,75,100,80,0.0,9.4433,91.833,1.8619,150,0.9,0,9.4421,12.374,20.821,71481,80712.0,6.5145,297.91,72.454,1.3323,10.0,,23,,0.69295,0.19732,,,1.2711,0,,0,0,1,25,25,0,25.0,120040.0
175.2,75,100,80,0.0,4.1928,27.55,107.74,150,0.9,0,9.5839,12.352,20.798,71523,80764.0,6.5099,298.1,134.89,1.3319,10.0,,23,,0.70057,0.19727,,,1.2707,0,,0,0,1,25,25,0,25.0,121260.0
175.4,75,100,80,0.0,0.78284,88.697,10.774,150,0.9,0,9.7241,12.33,20.775,71565,80814.0,6.5007,297.95,83.761,1.3315,10.0,,23,,0.71403,0.19717,,,1.2703,0,,0,0,1,25,25,0,25.0,120810.0
175.6,75,100,80,0.0,1.0374,26.609,190.14,150,0.9,0,9.8661,12.347,20.752,71606,80865.0,6.4922,298.34,219.97,1.3311,10.0,,23,,0.70025,0.19727,,,1.2699,0,,0,0,1,25,25,0,25.0,120190.0
175.8,75,100,80,0.0,4.6582,163.23,19.014,150,0.9,0,10.007,12.373,20.729,71649,80916.0,6.489,298.13,145.32,1.3307,10.0,,23,,0.68529,0.19738,,,1.2695,0,,0,0,1,25,25,0,25.0,120410.0
176.0,75,100,80,0.0,9.5543,97.839,1.9014,150,0.9,0,10.144,12.375,20.706,71692,80969.0,6.4926,297.94,82.717,1.3303,10.0,,23,,0.70381,0.19724,,,1.2691,0,,0,0,1,25,25,0,25.0,120290.0
176.2,75,100,80,0.0,12.995,29.352,109.5,150,0.9,0,10.28,12.414,20.682,71736,81022.0,6.5012,298.13,145.45,1.3299,10.0,,23,,0.67596,0.19745,,,1.2688,0,,0,0,1,25,25,0,25.0,120180.0
176.4,75,100,80,0.0,12.999,91.834,10.95,150,0.9,0,10.417,12.425,20.659,71780,81075.0,6.51,297.97,92.089,1.3295,10.0,,23,,0.66372,0.19754,,,1.2684,0,,0,0,1,25,25,0,25.0,119720.0
176.6,75,100,80,0.0,9.5149,41.449,1.095,150,0.9,0,10.551,12.418,20.636,71824,81127.0,6.5139,297.85,50.468,1.3291,10.0,,23,,0.6586,0.19758,,,1.268,0,,0,0,1,25,25,0,25.0,119610.0
176.8,75,100,80,0.0,4.4979,12.435,69.065,150,0.9,0,10.685,12.408,20.613,71866,81178.0,6.5102,297.95,83.84,1.3287,10.0,,23,,0.65243,0.19763,,,1.2676,0,,0,0,1,25,25,0,25.0,118660.0
177.0,75,100,80,0.0,0.94622,3.7304,0.0001,150,0.9,0,10.817,12.403,20.59,71908,81229.0,6.5013,297.87,58.036,1.3283,10.0,,23,,0.64533,0.19768,,,1.2672,0,,0,0,1,25,25,0,25.0,119550.0
177.2,75,100,80,0.0,0.96873,1.1191,76.34,150,0.9,0,10.954,12.407,20.568,71949,81279.0,6.4927,298.0,102.71,1.3278,10.0,,23,,0.6434,0.1977,,,1.2668,0,,0,0,1,25,25,0,25.0,118930.0
177.4,75,100,80,0.0,4.4257,41.763,7.634,150,0.9,0,11.09,12.431,20.545,71992,81330.0,6.4892,297.9,67.547,1.3274,10.0,,23,,0.63135,0.19779,,,1.2664,0,,0,0,1,25,25,0,25.0,119650.0
177.6,75,100,80,0.0,9.2638,12.529,125.17,150,0.9,0,11.224,12.451,20.522,72035,81383.0,6.4927,298.14,151.19,1.327,10.0,,23,,0.63007,0.1978,,,1.266,0,,0,0,1,25,25,0,25.0,118870.0
177.8,75,100,80,0.0,12.683,93.497,12.517,150,0.9,0,11.359,12.459,20.499,72079,81435.0,6.5012,297.99,97.969,1.3266,10.0,,23,,0.63654,0.19775,,,1.2656,0,,0,0,1,25,25,0,25.0,119250.0
178.0,75,100,80,0.0,12.706,43.614,1.2517,150,0.9,0,11.492,12.446,20.476,72123,81488.0,6.5089,297.86,55.693,1.3262,10.0,,23,,0.6532,0.19763,,,1.2652,0,,0,0,1,25,25,0,25.0,118640.0
178.2,75,100,80,0.0,9.6582,13.084,68.79,150,0.9,0,11.626,12.436,20.453,72166,81541.0,6.5125,297.96,88.197,1.3258,10.0,,23,,0.65607,0.19761,,,1.2648,0,,0,0,1,25,25,0,25.0,119520.0
178.4,75,100,80,0.0,5.1987,41.518,6.879,150,0.9,0,11.758,12.416,20.431,72209,81592.0,6.5095,297.85,51.88,1.3253,10.0,,23,,0.6647,0.19755,,,1.2644,0,,0,0,1,25,25,0,25.0,118740.0
178.6,75,100,80,0.0,1.9366,12.455,125.97,150,0.9,0,11.893,12.405,20.408,72251,81643.0,6.5018,298.1,136.19,1.3249,10.0,,23,,0.66765,0.19752,,,1.264,0,,0,0,1,25,25,0,25.0,118800.0
178.8,75,100,80,0.0,1.7577,92.17,12.597,150,0.9,0,12.027,12.399,20.386,72292,81693.0,6.4941,297.94,81.549,1.3245,10.0,,23,,0.67651,0.19746,,,1.2636,0,,0,0,1,25,25,0,25.0,118850.0
179.0,75,100,80,0.0,4.633,27.651,212.85,150,0.9,0,12.159,12.414,20.363,72335,81744.0,6.4904,298.39,235.91,1.3241,10.0,,23,,0.67498,0.19747,,,1.2632,0,,0,0,1,25,25,0,25.0,118400.0
179.2,75,100,80,0.0,8.9674,180.95,21.285,150,0.9,0,12.29,12.442,20.341,72378,81796.0,6.4925,298.13,145.34,1.3237,10.0,,23,,0.66108,0.19758,,,1.2628,0,,0,0,1,25,25,0,25.0,117950.0
179.4,75,100,80,0.0,12.473,101.62,2.1285,150,0.9,0,12.421,12.441,20.318,72422,81849.0,6.4985,297.92,73.386,1.3232,10.0,,23,,0.67675,0.19746,,,1.2624,0,,0,0,1,25,25,0,25.0,118010.0
179.6,75,100,80,0.0,13.565,30.485,115.17,150,0.9,0,12.551,12.455,20.295,72466,81902.0,6.5064,298.11,138.76,1.3228,10.0,,23,,0.66886,0.19752,,,1.262,0,,0,0,1,25,25,0,25.0,117060.0
179.8,75,100,80,0.0,11.513,94.189,11.517,150,0.9,0,12.683,12.465,20.272,72510,81954.0,6.5118,297.94,79.829,1.3224,10.0,,23,,0.65047,0.19766,,,1.2616,0,,0,0,1,25,25,0,25.0,118610.0
180.0,75,100,80,0.0,7.3375,28.257,205.49,150,0.9,0,12.81,12.441,20.25,72552,82006.0,6.5113,298.36,227.37,1.3219,10.0,3657.1,23,2644.7,0.66413,0.19756,20.341,20.938,1.2611,0,70.647,0,0,1,25,25,0,25.0,117160.0
180.2,75,100,80,0.0,3.3632,174.24,20.549,150,0.9,0,12.937,12.427,20.227,72594,82056.0,6.5054,298.1,137.89,1.3215,10.0,,23,,0.66761,0.19753,,,1.2607,0,,0,0,1,25,25,0,25.0,118220.0
180.4,75,100,80,0.0,1.7362,95.447,2.0549,150,0.9,0,13.067,12.425,20.205,72636,82107.0,6.4975,297.91,69.374,1.3211,10.0,,23,,0.66568,0.19755,,,1.2603,0,,0,0,1,25,25,0,25.0,117940.0
180.6,75,100,80,0.0,3.2469,28.634,109.04,150,0.9,0,13.196,12.429,20.183,72678,82158.0,6.492,298.08,130.57,1.3207,10.0,,23,,0.66897,0.19752,,,1.2599,0,,0,0,1,25,25,0,25.0,117490.0
180.8,75,100,80,0.0,6.9642,87.503,10.904,150,0.9,0,13.325,12.46,20.161,72721,82209.0,6.4917,297.92,75.86,1.3202,10.0,,23,,0.65002,0.19767,,,1.2595,0,,0,0,1,25,25,0,25.0,117710.0
181.0,75,100,80,0.0,10.806,26.251,194.08,150,0.9,0,13.454,12.478,20.138,72764,82261.0,6.4961,298.32,214.32,1.3198,10.0,,23,,0.64697,0.19769,,,1.2591,0,,0,0,1,25,25,0,25.0,117930.0
181.2,75,100,80,0.0,12.859,162.29,19.408,150,0.9,0,13.581,12.479,20.116,72808,82314.0,6.503,298.09,132.34,1.3194,10.0,,23,,0.65488,0.19763,,,1.2587,0,,0,0,1,25,25,0,25.0,116650.0
181.4,75,100,80,0.0,12.191,89.957,1.9408,150,0.9,0,13.707,12.484,20.093,72852,82366.0,6.5086,297.91,70.848,1.3189,10.0,,23,,0.64922,0.19767,,,1.2582,0,,0,0,1,25,25,0,25.0,117210.0
181.6,75,100,80,0.0,9.2678,26.987,101.95,150,0.9,0,13.832,12.466,20.071,72895,82418.0,6.5109,298.07,127.1,1.3185,10.0,,23,,0.66091,0.19759,,,1.2578,0,,0,0,1,25,25,0,25.0,117430.0
181.8,75,100,80,0.0,5.4495,80.795,10.195,150,0.9,0,13.958,12.47,20.049,72938,82469.0,6.508,297.93,77.439,1.318,10.0,,23,,0.64404,0.19771,,,1.2574,0,,0,0,1,25,25,0,25.0,116480.0
182.0,75,100,80,0.0,2.7874,24.238,178.21,150,0.9,0,14.084,12.451,20.027,72980,82520.0,6.5016,298.29,203.39,1.3176,10.0,,23,,0.65828,0.19761,,,1.257,0,,0,0,1,25,25,0,25.0,117200.0
182.2,75,100,80,0.0,2.6684,147.56,17.821,150,0.9,0,14.208,12.442,20.005,73021,82570.0,6.4954,298.08,130.69,1.3172,10.0,,23,,0.67069,0.19752,,,1.2566,0,,0,0,1,25,25,0,25.0,117260.0
182.4,75,100,80,0.0,5.045,83.725,1.7821,150,0.9,0,14.331,12.454,19.983,73064,82621.0,6.4928,297.92,72.357,1.3167,10.0,,23,,0.66922,0.19753,,,1.2561,0,,0,0,1,25,25,0,25.0,115650.0
182.6,75,100,80,0.0,8.441,25.117,98.734,150,0.9,0,14.453,12.466,19.961,73107,82673.0,6.4955,298.07,126.45,1.3163,10.0,,23,,0.6702,0.19752,,,1.2557,0,,0,0,1,25,25,0,25.0,115870.0
182.8,75,100,80,0.0,10.733,76.748,9.8734,150,0.9,0,14.577,12.477,19.939,73150,82725.0,6.5018,297.93,77.835,1.3158,10.0,,23,,0.66824,0.19754,,,1.2553,0,,0,0,1,25,25,0,25.0,116090.0
183.0,75,100,80,0.0,10.516,23.024,171.2,150,0.9,0,14.7,12.477,19.917,73194,82777.0,6.5074,298.28,198.13,1.3154,10.0,,23,,0.67081,0.19752,,,1.2549,0,,0,0,1,25,25,0,25.0,116150.0
183.2,75,100,80,0.0,8.097,140.43,17.12,150,0.9,0,14.823,12.461,19.895,73237,82828.0,6.5094,298.07,127.88,1.3149,10.0,,23,,0.68162,0.19744,,,1.2544,0,,0,0,1,25,25,0,25.0,115700.0
183.4,75,100,80,0.0,4.8873,78.758,1.712,150,0.9,0,14.948,12.449,19.873,73279,82879.0,6.5065,297.91,70.56,1.3145,10.0,,23,,0.68616,0.19741,,,1.254,0,,0,0,1,25,25,0,25.0,114930.0
183.6,75,100,80,0.0,2.8149,23.627,95.601,150,0.9,0,15.074,12.439,19.851,73321,82930.0,6.5005,298.06,122.41,1.314,10.0,,23,,0.69282,0.19736,,,1.2536,0,,0,0,1,25,25,0,25.0,115320.0
183.8,75,100,80,0.0,3.1325,72.691,9.5601,150,0.9,0,15.199,12.447,19.83,73363,82980.0,6.4951,297.92,74.21,1.3136,10.0,,23,,0.68706,0.1974,,,1.2531,0,,0,0,1,25,25,0,25.0,115710.0
184.0,75,100,80,0.0,5.6129,21.807,166.97,150,0.9,0,15.325,12.465,19.808,73405,83031.0,6.4935,298.26,191.13,1.3131,10.0,,23,,0.67973,0.19746,,,1.2527,0,,0,0,1,25,25,0,25.0,115770.0
184.2,75,100,80,0.0,8.7228,135.17,16.697,150,0.9,0,15.451,12.48,19.786,73448,83083.0,6.4965,298.06,123.19,1.3127,10.0,,23,,0.675,0.19749,,,1.2523,0,,0,0,1,25,25,0,25.0,116150.0
184.4,75,100,80,0.0,10.638,75.273,1.6697,150,0.9,0,15.578,12.484,19.764,73492,83135.0,6.502,297.9,67.58,1.3122,10.0,,23,,0.6789,0.19747,,,1.2518,0,,0,0,1,25,25,0,25.0,115540.0
184.6,75,100,80,0.0,10.365,22.582,93.934,150,0.9,0,15.705,12.492,19.742,73535,83187.0,6.5065,298.05,118.68,1.3118,10.0,,23,,0.67214,0.19752,,,1.2514,0,,0,0,1,25,25,0,25.0,114430.0
184.8,75,100,80,0.0,8.2763,70.417,9.3934,150,0.9,0,15.832,12.483,19.72,73578,83239.0,6.5083,297.92,74.428,1.3113,10.0,,23,,0.67538,0.19749,,,1.251,0,,0,0,1,25,25,0,25.0,114820.0
185.0,75,100,80,0.0,5.4932,21.125,160.37,150,0.9,0,15.961,12.485,19.699,73620,83290.0,6.5056,298.24,186.68,1.3109,10.0,,23,,0.66607,0.19756,,,1.2505,0,,0,0,1,25,25,0,25.0,114880.0
185.2,75,100,80,0.0,3.7741,129.53,16.037,150,0.9,0,16.087,12.474,19.677,73662,83341.0,6.5007,298.07,124.69,1.3104,10.0,,23,,0.67353,0.19751,,,1.2501,0,,0,0,1,25,25,0,25.0,114440.0
185.4,75,100,80,0.0,4.0129,75.277,1.6037,150,0.9,0,16.211,12.483,19.656,73705,83392.0,6.4962,297.92,73.567,1.31,10.0,,23,,0.667,0.19756,,,1.2497,0,,0,0,1,25,25,0,25.0,115000.0
185.6,75,100,80,0.0,6.0319,22.583,90.87,150,0.9,0,16.334,12.481,19.635,73747,83443.0,6.4948,298.06,123.11,1.3095,10.0,,23,,0.67902,0.19747,,,1.2492,0,,0,0,1,25,25,0,25.0,114220.0
185.8,75,100,80,0.0,8.6052,69.305,9.087,150,0.9,0,16.458,12.503,19.613,73790,83494.0,6.4965,297.94,80.764,1.309,10.0,,23,,0.66621,0.19757,,,1.2488,0,,0,0,1,25,25,0,25.0,115110.0
186.0,75,100,80,0.0,10.52,20.792,152.65,150,0.9,0,16.581,12.499,19.591,73833,83546.0,6.5009,298.24,186.71,1.3086,10.0,,23,,0.68097,0.19746,,,1.2483,0,,0,0,1,25,25,0,25.0,114170.0
186.2,75,100,80,0.0,10.675,123.36,15.265,150,0.9,0,16.703,12.503,19.569,73877,83598.0,6.5055,298.08,130.32,1.3081,10.0,,23,,0.68009,0.19747,,,1.2479,0,,0,0,1,25,25,0,25.0,113730.0
186.4,75,100,80,0.0,9.0036,74.883,1.5265,150,0.9,0,16.827,12.497,19.548,73920,83650.0,6.5077,297.94,79.091,1.3077,10.0,,23,,0.68185,0.19745,,,1.2475,0,,0,0,1,25,25,0,25.0,113620.0
186.6,75,100,80,0.0,6.4413,22.465,91.336,150,0.9,0,16.953,12.501,19.527,73962,83701.0,6.5061,298.08,128.38,1.3072,10.0,,23,,0.67079,0.19754,,,1.247,0,,0,0,1,25,25,0,25.0,114850.0
186.8,75,100,80,0.0,4.5141,69.401,9.1336,150,0.9,0,17.08,12.484,19.505,74005,83752.0,6.5017,297.95,85.627,1.3067,10.0,,23,,0.68358,0.19744,,,1.2466,0,,0,0,1,25,25,0,25.0,113900.0
187.0,75,100,80,0.0,4.361,29.352,0.91336,150,0.9,0,17.211,12.483,19.484,74047,83803.0,6.4972,297.86,50.709,1.3063,10.0,,23,,0.68814,0.19741,,,1.2461,0,,0,0,1,25,25,0,25.0,113960.0
187.2,75,100,80,0.0,6.0199,8.8057,57.672,150,0.9,0,17.341,12.502,19.463,74089,83855.0,6.4949,297.92,75.188,1.3058,10.0,,23,,0.67549,0.1975,,,1.2457,0,,0,0,1,25,25,0,25.0,113860.0
187.4,75,100,80,0.0,8.5616,2.6417,0.0001,150,0.9,0,17.469,12.526,19.442,74132,83907.0,6.4959,297.85,49.5,1.3053,10.0,,23,,0.65855,0.19763,,,1.2452,0,,0,0,1,25,25,0,25.0,113580.0
187.6,75,100,80,0.0,10.701,0.79252,71.418,150,0.9,0,17.596,12.546,19.421,74176,83959.0,6.5001,297.97,89.579,1.3049,10.0,,23,,0.64436,0.19774,,,1.2448,0,,0,0,1,25,25,0,25.0,113640.0
187.8,75,100,80,0.0,11.188,34.921,7.1418,150,0.9,0,17.725,12.536,19.399,74219,84011.0,6.5049,297.87,56.838,1.3044,10.0,,23,,0.65919,0.19763,,,1.2443,0,,0,0,1,25,25,0,25.0,113700.0
188.0,75,100,80,0.0,9.7372,10.476,116.51,150,0.9,0,17.852,12.538,19.378,74262,84063.0,6.5079,298.09,133.87,1.3039,10.0,,23,,0.65484,0.19766,,,1.2439,0,,0,0,1,25,25,0,25.0,113090.0
188.2,75,100,80,0.0,7.0874,81.53,11.651,150,0.9,0,17.978,12.531,19.357,74305,84115.0,6.5072,297.96,88.406,1.3035,10.0,,23,,0.65471,0.19766,,,1.2434,0,,0,0,1,25,25,0,25.0,112990.0
188.4,75,100,80,0.0,4.7499,38.975,1.1651,150,0.9,0,18.105,12.526,19.336,74347,84166.0,6.5032,297.85,50.427,1.303,10.0,,23,,0.65388,0.19767,,,1.243,0,,0,0,1,25,25,0,25.0,112710.0
188.6,75,100,80,0.0,3.9916,11.693,68.074,150,0.9,0,18.231,12.521,19.315,74389,84217.0,6.4984,297.95,83.533,1.3025,10.0,,23,,0.65982,0.19763,,,1.2425,0,,0,0,1,25,25,0,25.0,113780.0
188.8,75,100,80,0.0,5.1357,3.5078,0.0001,150,0.9,0,18.356,12.527,19.294,74432,84268.0,6.4954,297.88,57.67,1.302,10.0,,23,,0.65907,0.19763,,,1.2421,0,,0,0,1,25,25,0,25.0,112170.0
189.0,75,100,80,0.0,7.4962,1.0523,73.696,150,0.9,0,18.477,12.547,19.273,74474,84319.0,6.4954,297.99,99.661,1.3016,10.0,,23,,0.64807,0.19772,,,1.2416,0,,0,0,1,25,25,0,25.0,112900.0
189.2,75,100,80,0.0,9.8416,37.77,7.3696,150,0.9,0,18.602,12.563,19.252,74518,84371.0,6.4989,297.91,68.885,1.3011,10.0,,23,,0.64002,0.19778,,,1.2412,0,,0,0,1,25,25,0,25.0,112620.0
189.4,75,100,80,0.0,10.799,11.331,111.99,150,0.9,0,18.724,12.561,19.231,74561,84423.0,6.5029,298.11,141.76,1.3006,10.0,,23,,0.64812,0.19772,,,1.2407,0,,0,0,1,25,25,0,25.0,112180.0
189.6,75,100,80,0.0,10.164,79.307,11.199,150,0.9,0,18.849,12.567,19.21,74604,84475.0,6.5065,297.99,99.244,1.3002,10.0,,23,,0.6415,0.19777,,,1.2403,0,,0,0,1,25,25,0,25.0,112580.0
189.8,75,100,80,0.0,8.0741,40.683,1.1199,150,0.9,0,18.975,12.556,19.189,74647,84527.0,6.5073,297.89,61.803,1.2997,10.0,,23,,0.64701,0.19773,,,1.2398,0,,0,0,1,25,25,0,25.0,112810.0
190.0,75,100,80,0.0,5.7018,12.205,64.92,150,0.9,0,19.102,12.565,19.168,74689,84578.0,6.5045,297.97,91.815,1.2992,10.0,,23,,0.63061,0.19785,,,1.2394,0,,0,0,1,25,25,0,25.0,112700.0
190.2,75,100,80,0.0,4.4253,37.879,6.492,150,0.9,-4000,19.23,12.572,19.148,74029,83829.0,6.5283,297.88,58.746,1.2905,10.0,,23,,0.61402,0.19799,,,1.231,0,,0,0,1,25,25,0,25.0,111760.0
190.4,75,100,80,0.0,0.0,11.364,111.36,150,0.9,-4000,19.358,12.566,19.127,73369,83079.0,6.5463,298.08,130.91,1.2783,10.0,,23,,0.59654,0.19815,,,1.2193,0,,0,0,1,25,25,0,25.0,111990.0
190.6,75,100,80,0.0,0.0,78.438,11.136,150,0.9,-4000,19.491,12.59,19.106,72708,82330.0,6.5647,297.96,87.371,1.2659,10.0,,23,,0.5606,0.19844,,,1.2075,0,,0,0,1,25,25,0,25.0,112390.0
190.8,75,100,80,0.51842,0.0,36.848,1.1136,150,0.9,-4000,19.623,12.577,19.086,72047,81580.0,6.5826,297.85,51.015,1.2536,10.0,,23,,0.56894,0.1984,,,1.1957,0,,0,0,1,25,25,0,25.0,111780.0
191.0,75,100,80,1.0369,0.0,11.054,66.57,150,0.9,-4000,19.759,12.589,19.065,71387,80831.0,6.6,297.95,83.644,1.2412,10.0,,23,,0.55167,0.19856,,,1.1838,0,,0,0,1,25,25,0,25.0,110840.0
191.2,75,100,80,1.5554,0.0,3.3163,0.0001,150,0.9,-4000,19.896,12.612,19.044,70726,80081.0,6.617,297.87,58.482,1.2289,10.0,,23,,0.51886,0.19883,,,1.172,0,,0,0,1,25,25,0,25.0,112570.0
191.4,75,100,80,2.0739,0.0,0.9949,74.653,150,0.9,-4000,20.033,12.614,19.023,70066,79332.0,6.6332,298.0,102.23,1.2165,10.0,,23,,0.51135,0.19891,,,1.1602,0,,0,0,1,25,25,0,25.0,111130.0
191.6,75,100,80,2.5925,0.0,41.876,7.4653,150,0.9,-4000,20.173,12.624,19.002,69406,78583.0,6.6486,297.91,71.386,1.2042,10.0,,23,,0.49588,0.19905,,,1.1485,0,,0,0,1,25,25,0,25.0,111190.0
191.8,75,100,80,3.1111,0.0,12.563,119.99,150,0.9,-4000,20.313,12.64,18.981,68746,77835.0,6.6633,298.16,152.32,1.1919,10.0,,23,,0.47452,0.19923,,,1.1367,0,,0,0,1,25,25,0,25.0,111750.0
192.0,75,100,80,3.6298,0.0,94.859,11.999,150,0.9,-4000,20.454,12.639,18.959,68086,77086.0,6.6772,298.02,107.01,1.1797,10.0,4371.7,23,2962.9,0.47094,0.19928,19.044,20.22,1.1249,0,72.207,0,0,1,25,25,0,25.0,110980.0
192.2,75,100,80,4.1485,0.0,50.949,1.1999,150,0.9,0,20.596,12.657,18.938,68129,77137.0,6.6499,297.89,66.355,1.1759,10.0,,23,,0.45042,0.19944,,,1.1213,0,,0,0,1,25,25,0,25.0,111370.0
192.4,75,100,80,4.6725,0.0,15.285,75.068,150,0.9,0,20.738,12.65,18.916,68172,77189.0,6.6237,298.02,106.18,1.1753,10.0,,23,,0.46265,0.19935,,,1.1207,0,,0,0,1,25,25,0,25.0,110590.0
192.6,75,100,80,5.1944,0.0,54.574,7.5068,150,0.9,0,20.881,12.66,18.895,68215,77241.0,6.5985,297.91,72.428,1.1748,10.0,,23,,0.45676,0.1994,,,1.1203,0,,0,0,1,25,25,0,25.0,110650.0
192.8,75,100,80,5.7162,0.0,16.372,133.97,150,0.9,0,21.023,12.672,18.873,68258,77293.0,6.5744,298.2,164.72,1.1744,10.0,,23,,0.44753,0.19947,,,1.1199,0,,0,0,1,25,25,0,25.0,110380.0
193.0,75,100,80,6.238,0.0,111.87,13.397,150,0.9,0,21.164,12.692,18.852,68301,77344.0,6.5511,298.05,115.8,1.1739,10.0,,23,,0.42867,0.19961,,,1.1195,0,,0,0,1,25,25,0,25.0,110440.0
193.2,75,100,80,6.7598,0.0,65.191,1.3397,150,0.9,0,21.302,12.692,18.83,68344,77396.0,6.5288,297.91,71.364,1.1735,10.0,,23,,0.43192,0.19958,,,1.119,0,,0,0,1,25,25,0,25.0,110330.0
193.4,75,100,80,0.0,0.0,19.557,86.689,150,0.9,0,21.439,12.665,18.809,68386,77447.0,6.5175,298.06,120.13,1.173,10.0,,23,,0.43924,0.19953,,,1.1186,0,,0,0,1,25,25,0,25.0,110550.0
193.6,75,100,80,0.0,0.0,68.87,8.6689,150,0.9,0,21.574,12.676,18.788,68427,77497.0,6.5066,297.94,81.863,1.1726,10.0,,23,,0.42965,0.1996,,,1.1182,0,,0,0,1,25,25,0,25.0,110110.0
193.8,75,100,80,0.0,0.0,20.661,153.24,150,0.9,0,21.71,12.676,18.767,68469,77548.0,6.4962,298.27,190.21,1.1722,10.0,,23,,0.43203,0.19959,,,1.1178,0,,0,0,1,25,25,0,25.0,110510.0
194.0,75,100,80,0.0,2.0539,134.07,15.324,150,0.9,0,21.843,12.68,18.745,68511,77598.0,6.4889,298.11,137.08,1.1717,10.0,,23,,0.43887,0.19954,,,1.1173,0,,0,0,1,25,25,0,25.0,109400.0
194.2,75,100,80,0.0,7.0179,85.635,1.5324,150,0.9,0,21.976,12.711,18.724,68554,77650.0,6.4882,297.96,87.459,1.1713,10.0,,23,,0.4249,0.19964,,,1.1169,0,,0,0,1,25,25,0,25.0,110460.0
194.4,75,100,80,0.0,12.227,38.555,0.15324,150,0.9,0,22.106,12.735,18.702,68599,77703.0,6.4947,297.85,52.679,1.1708,10.0,,23,,0.41898,0.19969,,,1.1165,0,,0,0,1,25,25,0,25.0,110510.0
194.6,75,100,80,0.0,14.848,11.566,61.984,150,0.9,0,22.234,12.746,18.68,68643,77756.0,6.5047,297.94,82.565,1.1704,10.0,,23,,0.41829,0.19969,,,1.1161,0,,0,0,1,25,25,0,25.0,109900.0
194.8,75,100,80,0.0,13.475,3.4699,0.0001,150,0.9,0,22.364,12.749,18.659,68688,77809.0,6.512,297.87,58.258,1.1699,10.0,,23,,0.41198,0.19974,,,1.1156,0,,0,0,1,25,25,0,25.0,108960.0
195.0,75,100,80,0.0,9.1948,1.041,74.719,150,0.9,0,22.493,12.717,18.637,68731,77861.0,6.5136,298.01,102.58,1.1695,10.0,,23,,0.43508,0.19957,,,1.1152,0,,0,0,1,25,25,0,25.0,108520.0
195.2,75,100,80,0.0,4.291,43.468,7.4719,150,0.9,0,22.623,12.682,18.616,68774,77912.0,6.5087,297.92,75.297,1.169,10.0,,23,,0.45912,0.19939,,,1.1148,0,,0,0,1,25,25,0,25.0,109240.0
195.4,75,100,80,0.0,1.3657,13.04,117.99,150,0.9,0,22.752,12.658,18.595,68816,77962.0,6.5,298.17,155.43,1.1686,10.0,,23,,0.48165,0.19922,,,1.1143,0,,0,0,1,25,25,0,25.0,108310.0
195.6,75,100,80,0.0,1.9114,95.167,11.799,150,0.9,0,22.886,12.666,18.574,68858,78013.0,6.4923,298.06,119.09,1.1681,10.0,,23,,0.47798,0.19925,,,1.1139,0,,0,0,1,25,25,0,25.0,110200.0
195.8,75,100,80,0.0,5.5077,61.318,1.1799,150,0.9,0,23.018,12.696,18.553,68901,78064.0,6.4898,297.94,82.809,1.1677,10.0,,23,,0.45926,0.19939,,,1.1135,0,,0,0,1,25,25,0,25.0,109760.0
196.0,75,100,80,0.0,10.103,18.395,77.807,150,0.9,0,23.152,12.702,18.532,68945,78117.0,6.4932,298.08,126.06,1.1672,10.0,,23,,0.4715,0.1993,,,1.113,0,,0,0,1,25,25,0,25.0,108650.0
196.2,75,100,80,0.0,13.328,62.651,7.7807,150,0.9,0,23.285,12.727,18.51,68989,78170.0,6.5007,297.99,96.781,1.1668,10.0,,23,,0.45887,0.1994,,,1.1126,0,,0,0,1,25,25,0,25.0,109210.0
196.4,75,100,80,0.0,13.546,33.769,0.77807,150,0.9,0,23.42,12.723,18.489,69033,78223.0,6.5073,297.9,67.367,1.1663,10.0,,23,,0.46574,0.19935,,,1.1122,0,,0,0,1,25,25,0,25.0,108430.0
196.6,75,100,80,0.0,11.133,10.131,58.729,150,0.9,0,23.555,12.71,18.467,69077,78276.0,6.5115,297.98,95.487,1.1659,10.0,,23,,0.47453,0.19928,,,1.1117,0,,0,0,1,25,25,0,25.0,107660.0
196.8,75,100,80,0.0,7.0806,36.504,5.8729,150,0.9,0,23.691,12.697,18.446,69121,78328.0,6.5099,297.91,71.508,1.1654,10.0,,23,,0.47606,0.19927,,,1.1113,0,,0,0,1,25,25,0,25.0,108050.0
197.0,75,100,80,0.0,3.663,10.951,97.636,150,0.9,0,23.824,12.696,18.426,69163,78379.0,6.5039,298.1,135.1,1.165,10.0,,23,,0.46739,0.19934,,,1.1109,0,,0,0,1,25,25,0,25.0,108620.0
197.2,75,100,80,0.0,2.6434,74.841,9.7636,150,0.9,0,23.96,12.701,18.405,69205,78430.0,6.4967,298.03,110.6,1.1645,10.0,,23,,0.45929,0.1994,,,1.1104,0,,0,0,1,25,25,0,25.0,109180.0
197.4,75,100,80,0.0,4.4886,51.61,0.97636,150,0.9,0,24.099,12.706,18.384,69248,78481.0,6.4919,297.94,80.861,1.1641,10.0,,23,,0.46178,0.19938,,,1.11,0,,0,0,1,25,25,0,25.0,107740.0
197.6,75,100,80,0.0,8.2217,15.483,72.231,150,0.9,0,24.236,12.721,18.363,69291,78533.0,6.4919,298.06,120.86,1.1636,10.0,,23,,0.46243,0.19938,,,1.1096,0,,0,0,1,25,25,0,25.0,107970.0
197.8,75,100,80,0.0,11.948,55.752,7.2231,150,0.9,0,24.372,12.737,18.342,69335,78586.0,6.4968,297.99,96.444,1.1631,10.0,,23,,0.46125,0.19939,,,1.1091,0,,0,0,1,25,25,0,25.0,107520.0
198.0,75,100,80,0.0,13.734,31.575,0.72231,150,0.9,0,24.509,12.752,18.321,69380,78639.0,6.5044,297.91,69.736,1.1627,10.0,,23,,0.45195,0.19946,,,1.1087,0,,0,0,1,25,25,0,25.0,107580.0
198.2,75,100,80,0.0,12.479,9.4726,56.215,150,0.9,0,24.65,12.761,18.3,69424,78692.0,6.5097,297.99,96.127,1.1622,10.0,,23,,0.43932,0.19955,,,1.1083,0,,0,0,1,25,25,0,25.0,107640.0
198.4,75,100,80,0.0,9.1275,34.119,5.6215,150,0.9,0,24.789,12.75,18.279,69467,78745.0,6.511,297.92,73.76,1.1618,10.0,,23,,0.44056,0.19954,,,1.1078,0,,0,0,1,25,25,0,25.0,108540.0
198.6,75,100,80,0.0,5.2734,10.236,90.833,150,0.9,0,24.928,12.754,18.258,69510,78796.0,6.5069,298.09,131.53,1.1613,10.0,,23,,0.42282,0.19968,,,1.1074,0,,0,0,1,25,25,0,25.0,107430.0
198.8,75,100,80,0.0,3.0307,67.955,9.0833,150,0.9,0,25.067,12.757,18.237,69552,78848.0,6.5004,298.02,106.46,1.1608,10.0,,23,,0.41232,0.19976,,,1.1069,0,,0,0,1,25,25,0,25.0,107160.0
199.0,75,100,80,0.0,3.418,43.967,0.90833,150,0.9,0,25.207,12.76,18.217,69595,78899.0,6.4942,297.93,77.712,1.1604,10.0,,23,,0.41184,0.19976,,,1.1065,0,,0,0,1,25,25,0,25.0,107390.0
199.2,75,100,80,0.0,6.2456,13.19,65.073,150,0.9,0,25.345,12.743,18.196,69638,78951.0,6.4917,298.03,111.52,1.1599,10.0,,23,,0.44547,0.19951,,,1.1061,0,,0,0,1,25,25,0,25.0,107460.0
199.4,75,100,80,0.0,10.08,46.436,6.5073,150,0.9,0,25.482,12.759,18.176,69681,79003.0,6.4938,297.96,88.392,1.1595,10.0,,23,,0.44679,0.1995,,,1.1056,0,,0,0,1,25,25,0,25.0,107680.0
199.6,75,100,80,0.0,13.048,22.795,0.65073,150,0.9,0,25.62,12.768,18.155,69726,79056.0,6.4999,297.89,63.063,1.159,10.0,,23,,0.4501,0.19948,,,1.1052,0,,0,0,1,25,25,0,25.0,107250.0
199.8,75,100,80,0.0,13.608,6.8386,51.089,150,0.9,0,25.757,12.773,18.134,69770,79110.0,6.5067,297.95,85.274,1.1585,10.0,,23,,0.44931,0.19949,,,1.1047,0,,0,0,1,25,25,0,25.0,106640.0
200.0,75,100,80,0.0,11.443,26.232,5.1089,150,0.9,0,25.891,12.77,18.113,69814,79162.0,6.5108,297.89,63.143,1.1581,10.0,,23,,0.4462,0.19951,,,1.1043,0,,0,0,1,25,25,0,25.0,107200.0
200.2,65,100,80,0.0,7.6688,7.8696,85.737,250,0.9,0,26.019,12.921,18.088,69876,79233.0,6.5095,298.05,115.93,1.3203,4.0,,23,,0.44482,0.19868,,,1.0917,0,,0,0,1,25,25,0,25.0,106740.0
200.4,65,100,80,0.0,4.4248,58.924,8.5737,250,0.9,0,26.148,12.9,18.063,69937,79303.0,6.5038,297.98,93.358,1.3295,4.0,,23,,0.47097,0.19844,,,1.0992,0,,0,0,1,25,25,0,25.0,106280.0
200.6,65,100,80,0.0,3.4576,36.002,0.85737,250,0.9,0,26.28,12.902,18.037,69998,79373.0,6.4968,297.89,66.005,1.3295,4.0,,23,,0.47342,0.19842,,,1.0993,0,,0,0,1,25,25,0,25.0,107330.0
200.8,65,100,80,0.0,5.2615,10.801,64.696,250,0.9,0,26.411,12.926,18.012,70060,79444.0,6.4921,297.99,99.28,1.329,4.0,,23,,0.46249,0.19851,,,1.0989,0,,0,0,1,25,25,0,25.0,105870.0
201.0,65,100,80,0.0,8.9501,41.952,6.4696,250,0.9,0,26.541,12.946,17.987,70122,79515.0,6.4919,297.93,76.349,1.3285,4.0,,23,,0.45946,0.19854,,,1.0984,0,,0,0,1,25,25,0,25.0,106910.0
201.2,65,100,80,0.0,12.682,12.585,102.35,250,0.9,0,26.672,12.969,17.962,70185,79587.0,6.4957,298.13,143.46,1.328,4.0,,23,,0.4548,0.19858,,,1.098,0,,0,0,1,25,25,0,25.0,106610.0
201.4,65,100,80,0.0,14.912,79.733,10.235,250,0.9,0,26.801,12.973,17.936,70249,79659.0,6.5009,298.06,120.29,1.3274,4.0,,23,,0.46279,0.19852,,,1.0975,0,,0,0,1,25,25,0,25.0,105820.0
201.6,65,100,80,0.0,15.056,59.065,1.0235,250,0.9,0,26.931,12.971,17.911,70312,79731.0,6.5068,297.97,91.744,1.3269,4.0,,23,,0.47111,0.19844,,,1.0971,0,,0,0,1,25,25,0,25.0,106360.0
201.8,65,100,80,0.0,12.844,32.279,0.10235,250,0.9,0,27.061,12.95,17.885,70375,79803.0,6.5095,297.89,64.569,1.3263,4.0,,23,,0.49046,0.19828,,,1.0966,0,,0,0,1,25,25,0,25.0,105570.0
202.0,65,100,80,0.0,9.5645,9.6838,57.051,250,0.9,0,27.189,12.933,17.86,70437,79874.0,6.5086,297.97,91.035,1.3258,4.0,,23,,0.50435,0.19816,,,1.0962,0,,0,0,1,25,25,0,25.0,106440.0
202.2,65,100,80,0.0,6.6685,33.491,5.7051,250,0.9,0,27.318,12.937,17.836,70499,79945.0,6.5045,297.9,68.388,1.3252,4.0,,23,,0.49758,0.19822,,,1.0957,0,,0,0,1,25,25,0,25.0,105650.0
202.4,65,100,80,0.0,5.3858,10.047,93.0,250,0.9,0,27.444,12.922,17.811,70560,80015.0,6.4991,298.08,127.16,1.3247,4.0,,23,,0.51343,0.19809,,,1.0953,0,,0,0,1,25,25,0,25.0,105030.0
202.6,65,100,80,0.0,6.2786,67.378,9.3,250,0.9,0,27.57,12.922,17.786,70622,80086.0,6.4946,298.01,104.13,1.3241,4.0,,23,,0.5235,0.198,,,1.0948,0,,0,0,1,25,25,0,25.0,105070.0
202.8,65,100,80,0.0,8.9448,45.314,0.93,250,0.9,0,27.695,12.95,17.761,70684,80157.0,6.4931,297.92,75.685,1.3236,4.0,,23,,0.51096,0.19811,,,1.0944,0,,0,0,1,25,25,0,25.0,104280.0
203.0,65,100,80,0.0,12.204,13.594,68.642,250,0.9,0,27.823,12.958,17.736,70747,80228.0,6.4959,298.03,112.16,1.323,4.0,,23,,0.51894,0.19804,,,1.0939,0,,0,0,1,25,25,0,25.0,105330.0
203.2,65,100,80,0.0,14.36,48.844,6.8642,250,0.9,0,27.953,12.98,17.711,70810,80300.0,6.5009,297.97,89.889,1.3225,4.0,,23,,0.51059,0.19811,,,1.0934,0,,0,0,1,25,25,0,25.0,104200.0
203.4,65,100,80,0.0,14.512,26.431,0.68642,250,0.9,0,28.081,12.983,17.687,70874,80373.0,6.5063,297.89,63.787,1.3219,4.0,,23,,0.51252,0.1981,,,1.093,0,,0,0,1,25,25,0,25.0,104250.0
203.6,65,100,80,0.0,12.504,7.9293,55.247,250,0.9,0,28.211,12.986,17.662,70936,80445.0,6.5092,297.96,88.845,1.3214,4.0,,23,,0.50863,0.19813,,,1.0925,0,,0,0,1,25,25,0,25.0,104290.0
203.8,65,100,80,0.0,9.3353,30.017,5.5247,250,0.9,0,28.341,12.992,17.637,70999,80516.0,6.5086,297.9,66.709,1.3208,4.0,,23,,0.49795,0.19823,,,1.0921,0,,0,0,1,25,25,0,25.0,104670.0
204.0,65,100,80,0.0,6.4458,9.005,88.66,250,0.9,0,28.472,12.981,17.613,71060,80586.0,6.5041,298.06,121.9,1.3203,4.0,4977.6,23,3229.8,0.50357,0.19818,17.711,19.395,1.0916,0,72.091,0,0,1,25,25,0,25.0,104040.0
204.2,65,100,80,0.0,5.3324,62.085,8.866,250,0.9,0,28.604,12.982,17.589,71122,80657.0,6.4988,298.0,99.527,1.3197,4.0,,23,,0.50577,0.19816,,,1.0911,0,,0,0,1,25,25,0,25.0,104420.0
204.4,65,100,80,0.0,6.3412,40.323,0.8866,250,0.9,0,28.735,12.978,17.564,71183,80728.0,6.495,297.91,71.492,1.3192,4.0,,23,,0.5182,0.19806,,,1.0907,0,,0,0,1,25,25,0,25.0,103970.0
204.6,65,100,80,0.0,8.8637,12.097,66.134,250,0.9,0,28.866,12.997,17.54,71245,80799.0,6.4944,298.01,105.57,1.3186,4.0,,23,,0.51472,0.19809,,,1.0902,0,,0,0,1,25,25,0,25.0,104520.0
204.8,65,100,80,0.0,11.616,44.183,6.6134,250,0.9,0,28.996,12.999,17.515,71308,80870.0,6.4975,297.94,81.691,1.318,4.0,,23,,0.52685,0.19798,,,1.0898,0,,0,0,1,25,25,0,25.0,103560.0
205.0,65,100,80,0.0,13.118,13.255,101.97,250,0.9,0,29.125,13.008,17.491,71371,80942.0,6.5022,298.14,147.76,1.3175,4.0,,23,,0.52914,0.19797,,,1.0893,0,,0,0,1,25,25,0,25.0,104270.0
205.2,65,100,80,0.0,12.74,78.879,10.197,250,0.9,0,29.256,13.02,17.467,71434,81014.0,6.5067,298.06,120.93,1.3169,4.0,,23,,0.52218,0.19803,,,1.0888,0,,0,0,1,25,25,0,25.0,103980.0
205.4,65,100,80,0.0,10.582,55.294,1.0197,250,0.9,0,29.385,13.009,17.442,71496,81086.0,6.5081,297.97,90.098,1.3164,4.0,,23,,0.53053,0.19796,,,1.0884,0,,0,0,1,25,25,0,25.0,103860.0
205.6,65,100,80,0.0,7.8888,26.756,0.10197,250,0.9,0,29.512,13.02,17.418,71558,81156.0,6.5059,297.89,62.24,1.3158,4.0,,23,,0.5174,0.19807,,,1.0879,0,,0,0,1,25,25,0,25.0,104410.0
205.8,65,100,80,0.0,6.0644,8.0267,51.493,250,0.9,0,29.641,13.007,17.394,71620,81227.0,6.5018,297.95,83.316,1.3152,4.0,,23,,0.52885,0.19797,,,1.0874,0,,0,0,1,25,25,0,25.0,102960.0
206.0,65,100,80,0.0,5.8562,2.408,0.0001,250,0.9,0,29.767,13.029,17.371,71681,81297.0,6.4973,297.87,58.093,1.3147,4.0,,23,,0.51353,0.19811,,,1.087,0,,0,0,1,25,25,0,25.0,103170.0
206.2,65,100,80,0.0,7.459,0.7224,65.401,250,0.9,0,29.894,13.033,17.347,71743,81368.0,6.4945,297.98,92.732,1.3141,4.0,,23,,0.51897,0.19806,,,1.0865,0,,0,0,1,25,25,0,25.0,103390.0
206.4,65,100,80,0.0,10.158,31.618,6.5401,250,0.9,0,30.019,13.047,17.323,71805,81439.0,6.4948,297.91,69.346,1.3135,4.0,,23,,0.52007,0.19805,,,1.086,0,,0,0,1,25,25,0,25.0,102430.0
206.6,65,100,80,0.0,12.751,9.4853,96.267,250,0.9,0,30.144,13.078,17.299,71868,81511.0,6.4972,298.09,130.36,1.313,4.0,,23,,0.50353,0.19819,,,1.0855,0,,0,0,1,25,25,0,25.0,103310.0
206.8,65,100,80,0.0,14.403,68.187,9.6267,250,0.9,0,30.267,13.091,17.274,71931,81583.0,6.5018,298.01,102.87,1.3124,4.0,,23,,0.49986,0.19823,,,1.0851,0,,0,0,1,25,25,0,25.0,102530.0
207.0,65,100,80,0.0,14.202,42.279,0.96267,250,0.9,0,30.39,13.092,17.25,71994,81655.0,6.506,297.91,71.553,1.3118,4.0,,23,,0.50284,0.1982,,,1.0846,0,,0,0,1,25,25,0,25.0,101570.0
207.2,65,100,80,0.0,12.309,12.684,66.951,250,0.9,0,30.515,13.068,17.227,72057,81727.0,6.5081,298.01,105.26,1.3113,4.0,,23,,0.52599,0.198,,,1.0841,0,,0,0,1,25,25,0,25.0,103290.0
207.4,65,100,80,0.0,9.6012,44.118,6.6951,250,0.9,0,30.641,13.065,17.203,72119,81798.0,6.5066,297.93,77.923,1.3107,4.0,,23,,0.52857,0.19798,,,1.0836,0,,0,0,1,25,25,0,25.0,102340.0
207.6,65,100,80,0.0,7.5076,13.236,106.29,250,0.9,0,30.768,13.078,17.179,72181,81869.0,6.503,298.13,147.11,1.3101,4.0,,23,,0.51589,0.19809,,,1.0832,0,,0,0,1,25,25,0,25.0,101380.0
207.8,65,100,80,0.0,6.8388,80.947,10.629,250,0.9,0,30.894,13.068,17.156,72242,81939.0,6.4988,298.05,117.13,1.3095,4.0,,23,,0.52797,0.19799,,,1.0827,0,,0,0,1,25,25,0,25.0,101770.0
208.0,65,100,80,0.0,7.8278,54.294,1.0629,250,0.9,0,31.021,13.086,17.132,72304,82010.0,6.4963,297.95,83.588,1.309,4.0,,23,,0.5196,0.19806,,,1.0822,0,,0,0,1,25,25,0,25.0,102320.0
208.2,65,100,80,0.0,9.8317,16.288,71.978,250,0.9,0,31.15,13.091,17.109,72366,82081.0,6.496,298.06,121.2,1.3084,4.0,,23,,0.52627,0.19801,,,1.0817,0,,0,0,1,25,25,0,25.0,101530.0
208.4,65,100,80,0.0,11.932,52.878,7.1978,250,0.9,0,31.277,13.1,17.085,72429,82153.0,6.4982,297.98,93.884,1.3078,4.0,,23,,0.52942,0.19798,,,1.0813,0,,0,0,1,25,25,0,25.0,101580.0
208.6,65,100,80,0.0,13.175,26.834,0.71978,250,0.9,0,31.403,13.115,17.061,72492,82225.0,6.5015,297.89,64.935,1.3072,4.0,,23,,0.52452,0.19803,,,1.0808,0,,0,0,1,25,25,0,25.0,101630.0
208.8,65,100,80,0.0,13.101,8.0501,53.254,250,0.9,0,31.53,13.115,17.038,72555,82297.0,6.5046,297.96,87.186,1.3067,4.0,,23,,0.52931,0.19799,,,1.0803,0,,0,0,1,25,25,0,25.0,100680.0
209.0,65,100,80,0.0,11.782,27.026,5.3254,250,0.9,0,31.655,13.133,17.014,72617,82368.0,6.5058,297.89,62.752,1.3061,4.0,,23,,0.51344,0.19812,,,1.0798,0,,0,0,1,25,25,0,25.0,101900.0
209.2,65,100,80,0.0,9.9836,8.1079,86.75,250,0.9,0,31.782,13.131,16.991,72680,82439.0,6.5051,298.04,115.31,1.3055,4.0,,23,,0.51409,0.19812,,,1.0793,0,,0,0,1,25,25,0,25.0,101950.0
209.4,65,100,80,0.0,8.454,57.03,8.675,250,0.9,0,31.909,13.139,16.968,72741,82510.0,6.5027,297.96,88.395,1.3049,4.0,,23,,0.50696,0.19818,,,1.0789,0,,0,0,1,25,25,0,25.0,101160.0
209.6,65,100,80,0.0,7.9151,30.518,0.8675,250,0.9,0,32.035,13.147,16.945,72803,82581.0,6.5,297.88,59.156,1.3043,4.0,,23,,0.5024,0.19822,,,1.0784,0,,0,0,1,25,25,0,25.0,101220.0
209.8,65,100,80,0.0,8.4454,9.1554,60.757,250,0.9,0,32.162,13.152,16.922,72865,82652.0,6.4982,297.96,88.247,1.3037,4.0,,23,,0.50444,0.19821,,,1.0779,0,,0,0,1,25,25,0,25.0,100930.0
210.0,65,100,80,0.0,9.6901,34.25,6.0757,250,0.9,0,32.286,13.154,16.899,72927,82723.0,6.4974,297.89,63.918,1.3032,4.0,,23,,0.51212,0.19814,,,1.0774,0,,0,0,1,25,25,0,25.0,101150.0
210.2,65,100,80,0.0,11.25,10.275,97.952,250,0.9,-4000,32.409,13.161,16.875,72285,81995.0,6.5261,298.07,126.56,1.2945,4.0,,23,,0.51423,0.19814,,,1.0702,0,,0,0,1,25,25,0,25.0,100870.0
210.4,65,100,80,0.0,1.2474,69.47,9.7952,250,0.9,-4000,32.534,13.12,16.852,71641,81264.0,6.5445,298.0,100.79,1.2819,4.0,,23,,0.52344,0.19809,,,1.0598,0,,0,0,1,25,25,0,25.0,100260.0
210.6,65,100,80,0.0,0.0,44.844,0.97952,250,0.9,-4000,32.658,13.129,16.83,70997,80533.0,6.5616,297.91,70.921,1.2691,4.0,,23,,0.51117,0.19822,,,1.0491,0,,0,0,1,25,25,0,25.0,100640.0
210.8,65,100,80,0.51861,0.0,13.453,70.41,250,0.9,-4000,32.784,13.134,16.807,70353,79802.0,6.5785,298.02,108.56,1.2563,4.0,,23,,0.50624,0.19829,,,1.0385,0,,0,0,1,25,25,0,25.0,100030.0
211.0,65,100,80,1.0372,0.0,49.467,7.041,250,0.9,-4000,32.914,13.154,16.784,69709,79072.0,6.5949,297.95,83.497,1.2434,4.0,,23,,0.48724,0.19847,,,1.0279,0,,0,0,1,25,25,0,25.0,100410.0
211.2,65,100,80,1.5558,0.0,14.84,110.75,250,0.9,-4000,33.047,13.168,16.76,69066,78342.0,6.6109,298.17,157.65,1.2307,4.0,,23,,0.47403,0.19861,,,1.0172,0,,0,0,1,25,25,0,25.0,99964.0
211.4,65,100,80,2.0744,0.0,91.114,11.075,250,0.9,-4000,33.181,13.167,16.737,68422,77612.0,6.6261,298.09,129.5,1.2179,4.0,,23,,0.47586,0.19862,,,1.0067,0,,0,0,1,25,25,0,25.0,100350.0
211.6,65,100,80,2.593,0.0,66.112,1.1075,250,0.9,-4000,33.317,13.18,16.713,67778,76882.0,6.6407,297.99,97.55,1.2051,4.0,,23,,0.46473,0.19874,,,0.99608,0,,0,0,1,25,25,0,25.0,99230.0
211.8,65,100,80,3.1117,0.0,35.869,0.11075,250,0.9,-4000,33.456,13.221,16.69,67135,76152.0,6.6544,297.9,69.173,1.1924,4.0,,23,,0.4252,0.19911,,,0.98552,0,,0,0,1,25,25,0,25.0,100110.0
212.0,65,100,80,3.6305,0.0,10.761,58.073,250,0.9,-4000,33.597,13.248,16.666,66492,75423.0,6.6671,297.99,97.27,1.1797,4.0,,23,,0.39804,0.19937,,,0.97499,0,,0,0,1,25,25,0,25.0,99827.0
212.2,65,100,80,4.1493,0.0,38.194,5.8073,250,0.9,0,33.74,13.262,16.642,66554,75493.0,6.6398,297.92,75.555,1.1753,4.0,,23,,0.38556,0.19948,,,0.97136,0,,0,0,1,25,25,0,25.0,99375.0
212.4,65,100,80,4.6733,0.0,11.458,97.342,250,0.9,0,33.88,13.265,16.618,66615,75564.0,6.6142,298.12,139.13,1.1745,4.0,,23,,0.38864,0.19946,,,0.97071,0,,0,0,1,25,25,0,25.0,99757.0
212.6,65,100,80,5.1951,0.0,78.326,9.7342,250,0.9,0,34.022,13.276,16.594,66677,75635.0,6.5899,298.05,115.87,1.174,4.0,,23,,0.38622,0.19948,,,0.97025,0,,0,0,1,25,25,0,25.0,98971.0
212.8,65,100,80,5.7169,0.0,55.919,0.97342,250,0.9,0,34.163,13.275,16.571,66739,75706.0,6.5666,297.95,86.142,1.1734,4.0,,23,,0.39431,0.19941,,,0.9698,0,,0,0,1,25,25,0,25.0,99186.0
213.0,65,100,80,6.2386,0.0,25.79,0.097342,250,0.9,0,34.303,13.275,16.547,66801,75777.0,6.5439,297.87,59.756,1.1729,4.0,,23,,0.40164,0.19935,,,0.96935,0,,0,0,1,25,25,0,25.0,99400.0
213.2,65,100,80,0.0,0.0,7.7369,53.559,250,0.9,0,34.442,13.244,16.523,66862,75847.0,6.5308,297.95,84.089,1.1724,4.0,,23,,0.41923,0.1992,,,0.96889,0,,0,0,1,25,25,0,25.0,99783.0
213.4,65,100,80,0.0,0.0,2.3211,0.0001,250,0.9,0,34.58,13.261,16.5,66922,75916.0,6.5183,297.87,59.986,1.1718,4.0,,23,,0.40965,0.19928,,,0.96844,0,,0,0,1,25,25,0,25.0,98167.0
213.6,65,100,80,0.0,0.0,0.69632,70.392,250,0.9,0,34.716,13.275,16.477,66983,75986.0,6.5063,298.0,100.3,1.1713,4.0,,23,,0.39989,0.19937,,,0.96799,0,,0,0,1,25,25,0,25.0,98717.0
213.8,65,100,80,0.0,0.0,40.16,7.0392,250,0.9,0,34.852,13.279,16.453,67044,76056.0,6.4949,297.93,78.989,1.1707,4.0,,23,,0.4014,0.19936,,,0.96754,0,,0,0,1,25,25,0,25.0,98767.0
214.0,65,100,80,0.0,2.5543,12.048,106.13,250,0.9,0,34.99,13.294,16.43,67105,76126.0,6.4869,298.15,150.32,1.1702,4.0,,23,,0.40054,0.19937,,,0.96708,0,,0,0,1,25,25,0,25.0,99316.0
214.2,65,100,80,0.0,8.3046,87.24,10.613,250,0.9,0,35.127,13.327,16.406,67167,76197.0,6.4858,298.08,125.8,1.1696,4.0,,23,,0.39122,0.19945,,,0.96663,0,,0,0,1,25,25,0,25.0,98197.0
214.4,65,100,80,0.0,14.485,64.749,1.0613,250,0.9,0,35.263,13.357,16.382,67231,76270.0,6.492,297.98,95.569,1.1691,4.0,,23,,0.38546,0.1995,,,0.96617,0,,0,0,1,25,25,0,25.0,98911.0
214.6,65,100,80,0.0,18.172,35.483,0.10613,250,0.9,0,35.395,13.375,16.358,67295,76343.0,6.5021,297.9,68.378,1.1685,4.0,,23,,0.38408,0.19951,,,0.96571,0,,0,0,1,25,25,0,25.0,97791.0
214.8,65,100,80,0.0,17.847,10.645,58.047,250,0.9,0,35.528,13.368,16.334,67360,76416.0,6.5111,297.98,96.099,1.168,4.0,,23,,0.39557,0.19941,,,0.96525,0,,0,0,1,25,25,0,25.0,97338.0
215.0,65,100,80,0.0,13.949,37.348,5.8047,250,0.9,0,35.663,13.355,16.31,67423,76489.0,6.5163,297.91,73.46,1.1674,4.0,,23,,0.40221,0.19936,,,0.9648,0,,0,0,1,25,25,0,25.0,97387.0
215.2,65,100,80,0.0,7.941,11.205,97.803,250,0.9,0,35.797,13.337,16.286,67485,76560.0,6.5139,298.11,137.06,1.1669,4.0,,23,,0.40715,0.19932,,,0.96434,0,,0,0,1,25,25,0,25.0,97603.0
215.4,65,100,80,0.0,2.9083,77.034,9.7803,250,0.9,0,35.932,13.326,16.263,67546,76630.0,6.5055,298.03,110.83,1.1663,4.0,,23,,0.4086,0.1993,,,0.96387,0,,0,0,1,25,25,0,25.0,97988.0
215.6,65,100,80,0.0,1.2538,51.453,0.97803,250,0.9,0,36.064,13.326,16.24,67607,76700.0,6.4954,297.94,80.666,1.1657,4.0,,23,,0.40937,0.1993,,,0.96341,0,,0,0,1,25,25,0,25.0,96873.0
215.8,65,100,80,0.0,3.6174,15.436,72.163,250,0.9,0,36.197,13.339,16.217,67669,76770.0,6.4884,298.06,120.17,1.1652,4.0,,23,,0.40979,0.1993,,,0.96295,0,,0,0,1,25,25,0,25.0,98258.0
216.0,65,100,80,0.0,8.7698,56.196,7.2163,250,0.9,0,36.325,13.359,16.194,67731,76841.0,6.4872,297.98,93.873,1.1646,4.0,5152.4,23,3343.2,0.41114,0.19929,16.286,18.393,0.96249,0,67.461,0,0,1,25,25,0,25.0,97808.0
216.2,65,100,80,0.0,14.392,29.207,0.72163,250,0.9,0,36.454,13.384,16.17,67795,76914.0,6.4922,297.89,66.004,1.1641,4.0,,23,,0.40943,0.1993,,,0.96202,0,,0,0,1,25,25,0,25.0,97524.0
216.4,65,100,80,0.0,18.006,8.762,56.802,250,0.9,0,36.584,13.404,16.147,67859,76987.0,6.5007,297.97,92.514,1.1635,4.0,,23,,0.40552,0.19934,,,0.96156,0,,0,0,1,25,25,0,25.0,97073.0
216.6,65,100,80,0.0,18.242,33.713,5.6802,250,0.9,0,36.716,13.414,16.123,67923,77060.0,6.5087,297.9,68.407,1.163,4.0,,23,,0.40152,0.19937,,,0.96109,0,,0,0,1,25,25,0,25.0,97456.0
216.8,65,100,80,0.0,15.294,10.114,97.328,250,0.9,0,36.851,13.402,16.1,67987,77133.0,6.5126,298.09,131.46,1.1624,4.0,,23,,0.40977,0.1993,,,0.96063,0,,0,0,1,25,25,0,25.0,97173.0
217.0,65,100,80,0.0,10.774,74.333,9.7328,250,0.9,0,36.985,13.39,16.077,68050,77204.0,6.5121,298.02,107.51,1.1618,4.0,,23,,0.41344,0.19927,,,0.96016,0,,0,0,1,25,25,0,25.0,97057.0
217.2,65,100,80,0.0,6.4871,50.726,0.97328,250,0.9,0,37.116,13.382,16.054,68112,77275.0,6.507,297.93,78.813,1.1613,4.0,,23,,0.4142,0.19927,,,0.95969,0,,0,0,1,25,25,0,25.0,97443.0
217.4,65,100,80,0.0,4.2133,15.218,72.864,250,0.9,0,37.244,13.39,16.031,68173,77345.0,6.4998,298.05,119.23,1.1607,4.0,,23,,0.40535,0.19934,,,0.95922,0,,0,0,1,25,25,0,25.0,95996.0
217.6,65,100,80,0.0,4.834,56.414,7.2864,250,0.9,0,37.371,13.393,16.008,68235,77416.0,6.4931,297.98,95.503,1.1601,4.0,,23,,0.40852,0.19932,,,0.95876,0,,0,0,1,25,25,0,25.0,96050.0
217.8,65,100,80,0.0,8.1194,32.218,0.72864,250,0.9,0,37.497,13.403,15.985,68297,77487.0,6.4897,297.9,68.264,1.1596,4.0,,23,,0.41452,0.19927,,,0.95828,0,,0,0,1,25,25,0,25.0,95936.0
218.0,65,100,80,0.0,12.751,9.6653,59.649,250,0.9,0,37.621,13.423,15.962,68360,77559.0,6.4911,297.99,97.358,1.159,4.0,,23,,0.41521,0.19926,,,0.95781,0,,0,0,1,25,25,0,25.0,95655.0
218.2,65,100,80,0.0,16.827,37.434,5.9649,250,0.9,0,37.742,13.451,15.939,68424,77631.0,6.4964,297.92,74.169,1.1584,4.0,,23,,0.40446,0.19936,,,0.95734,0,,0,0,1,25,25,0,25.0,96039.0
218.4,65,100,80,0.0,18.754,11.23,98.215,250,0.9,0,37.861,13.465,15.916,68488,77704.0,6.5028,298.11,138.19,1.1579,4.0,,23,,0.40146,0.19938,,,0.95687,0,,0,0,1,25,25,0,25.0,96257.0
218.6,65,100,80,0.0,18.138,76.67,9.8215,250,0.9,0,37.979,13.465,15.893,68552,77777.0,6.5088,298.04,114.17,1.1573,4.0,,23,,0.40427,0.19936,,,0.95639,0,,0,0,1,25,25,0,25.0,96308.0
218.8,65,100,80,0.0,15.153,53.904,0.98215,250,0.9,0,38.099,13.444,15.87,68616,77849.0,6.5121,297.95,85.733,1.1567,4.0,,23,,0.42247,0.1992,,,0.95592,0,,0,0,1,25,25,0,25.0,96194.0
219.0,65,100,80,0.0,10.831,25.747,0.098215,250,0.9,0,38.218,13.438,15.847,68679,77920.0,6.5116,297.87,58.952,1.1561,4.0,,23,,0.42222,0.19921,,,0.95544,0,,0,0,1,25,25,0,25.0,94748.0
219.2,65,100,80,0.0,6.7401,7.7242,54.734,250,0.9,0,38.339,13.428,15.825,68741,77991.0,6.5068,297.95,84.1,1.1556,4.0,,23,,0.42495,0.19919,,,0.95497,0,,0,0,1,25,25,0,25.0,95303.0
219.4,65,100,80,0.0,4.5354,2.3173,0.0001,250,0.9,0,38.46,13.413,15.803,68802,78061.0,6.5,297.87,59.613,1.155,4.0,,23,,0.43948,0.19906,,,0.95449,0,,0,0,1,25,25,0,25.0,95692.0
219.6,65,100,80,0.0,5.0786,0.69518,69.9,250,0.9,0,38.578,13.425,15.78,68864,78131.0,6.4938,297.99,99.173,1.1544,4.0,,23,,0.43664,0.19909,,,0.95401,0,,0,0,1,25,25,0,25.0,95248.0
219.8,65,100,80,0.0,8.0788,38.268,6.99,250,0.9,0,38.696,13.447,15.758,68926,78202.0,6.4906,297.93,78.791,1.1538,4.0,,23,,0.42831,0.19916,,,0.95353,0,,0,0,1,25,25,0,25.0,94637.0
220.0,65,100,80,0.0,12.344,11.481,101.28,250,0.9,0,38.81,13.458,15.736,68989,78273.0,6.4914,298.14,146.11,1.1533,4.0,,23,,0.43551,0.1991,,,0.95305,0,,0,0,1,25,25,0,25.0,95024.0
220.2,65,100,80,0.0,16.274,80.402,10.128,250,0.9,0,38.923,13.48,15.713,69053,78345.0,6.4976,298.08,126.29,1.1527,4.0,,23,,0.43103,0.19914,,,0.95257,0,,0,0,1,25,25,0,25.0,94411.0
220.4,65,100,80,0.0,17.746,63.048,1.0128,250,0.9,0,39.037,13.494,15.69,69117,78418.0,6.5062,297.99,99.423,1.1521,4.0,,23,,0.42618,0.19918,,,0.95209,0,,0,0,1,25,25,0,25.0,94965.0
220.6,65,100,80,0.0,15.794,38.027,0.10128,250,0.9,0,39.149,13.495,15.668,69180,78490.0,6.5121,297.91,72.235,1.1515,4.0,,23,,0.42464,0.1992,,,0.95161,0,,0,0,1,25,25,0,25.0,95519.0
220.8,65,100,80,0.0,11.496,11.408,60.305,250,0.9,0,39.263,13.489,15.645,69243,78561.0,6.5128,298.0,102.02,1.1509,4.0,,23,,0.42294,0.19921,,,0.95112,0,,0,0,1,25,25,0,25.0,94241.0
221.0,65,100,80,0.0,6.9005,40.008,6.0305,250,0.9,0,39.378,13.472,15.623,69305,78631.0,6.5086,297.93,79.808,1.1503,4.0,,23,,0.43198,0.19914,,,0.95064,0,,0,0,1,25,25,0,25.0,94632.0
221.2,65,100,80,0.0,3.9976,12.002,96.287,250,0.9,0,39.494,13.467,15.601,69366,78701.0,6.5014,298.12,142.06,1.1498,4.0,,23,,0.43553,0.19911,,,0.95015,0,,0,0,1,25,25,0,25.0,93689.0
221.4,65,100,80,0.0,3.9823,75.397,9.6287,250,0.9,0,39.607,13.487,15.58,69428,78770.0,6.4945,298.05,119.36,1.1492,4.0,,23,,0.42077,0.19923,,,0.94967,0,,0,0,1,25,25,0,25.0,93747.0
221.6,65,100,80,0.0,6.7206,54.771,0.96287,250,0.9,0,39.718,13.496,15.558,69489,78841.0,6.4907,297.97,91.409,1.1486,4.0,,23,,0.42387,0.19921,,,0.94918,0,,0,0,1,25,25,0,25.0,94471.0
221.8,65,100,80,0.0,10.931,28.018,0.096287,250,0.9,0,39.83,13.519,15.536,69552,78912.0,6.4917,297.89,65.029,1.148,4.0,,23,,0.41953,0.19925,,,0.94869,0,,0,0,1,25,25,0,25.0,94528.0
222.0,65,100,80,0.0,14.744,8.4055,53.0,250,0.9,0,39.943,13.53,15.514,69615,78984.0,6.4965,297.96,88.461,1.1474,4.0,,23,,0.42484,0.1992,,,0.94821,0,,0,0,1,25,25,0,25.0,93917.0
222.2,65,100,80,0.0,16.663,29.369,5.3,250,0.9,0,40.055,13.555,15.491,69679,79056.0,6.5028,297.89,66.25,1.1468,4.0,,23,,0.41134,0.19932,,,0.94772,0,,0,0,1,25,25,0,25.0,93973.0
222.4,65,100,80,0.0,16.068,8.8107,88.766,250,0.9,0,40.163,13.573,15.469,69743,79128.0,6.5088,298.06,122.05,1.1462,4.0,,23,,0.39613,0.19945,,,0.94723,0,,0,0,1,25,25,0,25.0,92863.0
222.6,65,100,80,0.0,13.073,63.589,8.8766,250,0.9,0,40.271,13.562,15.447,69806,79199.0,6.5112,297.99,99.873,1.1456,4.0,,23,,0.40191,0.1994,,,0.94673,0,,0,0,1,25,25,0,25.0,92920.0
222.8,65,100,80,0.0,9.1301,41.494,0.88766,250,0.9,0,40.38,13.544,15.426,69868,79269.0,6.5096,297.91,72.316,1.145,4.0,,23,,0.41454,0.1993,,,0.94624,0,,0,0,1,25,25,0,25.0,93812.0
223.0,65,100,80,0.0,5.8345,12.448,67.43,250,0.9,0,40.49,13.533,15.404,69930,79339.0,6.5046,298.02,107.91,1.1444,4.0,,23,,0.42324,0.19922,,,0.94575,0,,0,0,1,25,25,0,25.0,93038.0
223.2,65,100,80,0.0,4.5391,46.836,6.743,250,0.9,0,40.601,13.541,15.383,69991,79409.0,6.4981,297.95,84.297,1.1438,4.0,,23,,0.41764,0.19927,,,0.94526,0,,0,0,1,25,25,0,25.0,94098.0
223.4,65,100,80,0.0,5.8376,14.051,105.55,250,0.9,0,40.712,13.562,15.361,70053,79479.0,6.4933,298.16,154.23,1.1433,4.0,,23,,0.40604,0.19937,,,0.94476,0,,0,0,1,25,25,0,25.0,92490.0
223.6,65,100,80,0.0,9.0372,85.374,10.555,250,0.9,0,40.823,13.559,15.34,70115,79550.0,6.4922,298.08,126.96,1.1427,4.0,,23,,0.42207,0.19924,,,0.94426,0,,0,0,1,25,25,0,25.0,92383.0
223.8,65,100,80,0.0,12.652,61.393,1.0555,250,0.9,0,40.936,13.574,15.318,70178,79621.0,6.4946,297.98,94.158,1.1421,4.0,,23,,0.42447,0.19922,,,0.94377,0,,0,0,1,25,25,0,25.0,92608.0
224.0,65,100,80,0.0,15.309,30.807,0.10555,250,0.9,0,41.05,13.587,15.296,70241,79693.0,6.4992,297.89,64.75,1.1415,4.0,,23,,0.42383,0.19922,,,0.94327,0,,0,0,1,25,25,0,25.0,93833.0
224.2,65,100,80,0.0,16.146,9.2421,54.816,250,0.9,0,41.161,13.6,15.274,70305,79765.0,6.5043,297.96,88.766,1.1409,4.0,,23,,0.41893,0.19927,,,0.94277,0,,0,0,1,25,25,0,25.0,91891.0
224.4,65,100,80,0.0,14.924,30.646,5.4816,250,0.9,0,41.274,13.602,15.253,70369,79837.0,6.5078,297.89,63.547,1.1403,4.0,,23,,0.41904,0.19927,,,0.94227,0,,0,0,1,25,25,0,25.0,92783.0
224.6,65,100,80,0.0,12.342,9.1938,94.272,250,0.9,0,41.387,13.587,15.231,70431,79908.0,6.5085,298.06,123.02,1.1396,4.0,,23,,0.43157,0.19916,,,0.94177,0,,0,0,1,25,25,0,25.0,92510.0
224.8,65,100,80,0.0,9.4592,67.022,9.4272,250,0.9,0,41.498,13.586,15.21,70494,79979.0,6.5068,297.97,92.193,1.139,4.0,,23,,0.43172,0.19916,,,0.94127,0,,0,0,1,25,25,0,25.0,92237.0
225.0,65,100,80,0.0,7.272,36.209,0.94272,250,0.9,0,41.612,13.583,15.189,70556,80049.0,6.5031,297.87,59.865,1.1384,4.0,,23,,0.43351,0.19915,,,0.94077,0,,0,0,1,25,25,0,25.0,92131.0
225.2,65,100,80,0.0,6.5644,10.863,67.184,250,0.9,0,41.726,13.597,15.168,70617,80120.0,6.4987,297.98,94.241,1.1378,4.0,,23,,0.4241,0.19923,,,0.94027,0,,0,0,1,25,25,0,25.0,93193.0
225.4,65,100,80,0.0,7.5936,42.38,6.7184,250,0.9,0,41.837,13.601,15.147,70679,80190.0,6.4953,297.89,65.797,1.1372,4.0,,23,,0.42731,0.1992,,,0.93977,0,,0,0,1,25,25,0,25.0,91921.0
225.6,65,100,80,0.0,10.002,12.714,115.07,250,0.9,0,41.949,13.605,15.126,70742,80261.0,6.4944,298.12,143.06,1.1366,4.0,,23,,0.43588,0.19913,,,0.93926,0,,0,0,1,25,25,0,25.0,91315.0
225.8,65,100,80,0.0,12.745,88.943,11.507,250,0.9,0,42.063,13.619,15.104,70804,80332.0,6.4963,298.02,107.62,1.136,4.0,,23,,0.43531,0.19914,,,0.93876,0,,0,0,1,25,25,0,25.0,92542.0
226.0,65,100,80,0.0,14.738,55.352,1.1507,250,0.9,0,42.176,13.646,15.083,70868,80404.0,6.5007,297.91,70.376,1.1354,4.0,,23,,0.41998,0.19927,,,0.93825,0,,0,0,1,25,25,0,25.0,91603.0
226.2,65,100,80,0.0,14.964,16.605,80.901,250,0.9,0,42.29,13.66,15.062,70931,80476.0,6.5046,298.04,115.95,1.1348,4.0,,23,,0.41039,0.19935,,,0.93774,0,,0,0,1,25,25,0,25.0,90997.0
226.4,65,100,80,0.0,13.644,60.781,8.0901,250,0.9,0,42.406,13.66,15.041,70994,80548.0,6.5061,297.95,86.076,1.1342,4.0,,23,,0.41157,0.19934,,,0.93724,0,,0,0,1,25,25,0,25.0,91558.0
226.6,65,100,80,0.0,11.728,30.671,0.80901,250,0.9,0,42.522,13.646,15.02,71057,80619.0,6.5054,297.86,56.147,1.1336,4.0,,23,,0.4252,0.19923,,,0.93673,0,,0,0,1,25,25,0,25.0,91287.0
226.8,65,100,80,0.0,10.077,9.2014,62.251,250,0.9,0,42.636,13.63,14.999,71119,80690.0,6.5035,297.95,86.495,1.1329,4.0,,23,,0.44348,0.19907,,,0.93622,0,,0,0,1,25,25,0,25.0,91683.0
227.0,65,100,80,0.0,9.1974,35.899,6.2251,250,0.9,0,42.752,13.631,14.978,71181,80761.0,6.501,297.88,59.715,1.1323,4.0,,23,,0.44728,0.19904,,,0.93571,0,,0,0,1,25,25,0,25.0,91912.0
227.2,65,100,80,0.0,9.3266,10.77,107.27,250,0.9,0,42.868,13.643,14.957,71244,80832.0,6.4984,298.09,130.73,1.1317,4.0,,23,,0.4421,0.19909,,,0.9352,0,,0,0,1,25,25,0,25.0,91142.0
227.4,65,100,80,0.0,10.479,79.37,10.727,250,0.9,0,42.984,13.656,14.936,71306,80903.0,6.4975,297.99,99.5,1.1311,4.0,,23,,0.43708,0.19913,,,0.93468,0,,0,0,1,25,25,0,25.0,91204.0
227.6,65,100,80,0.0,11.991,49.068,1.0727,250,0.9,0,43.098,13.668,14.916,71369,80974.0,6.4983,297.89,65.347,1.1305,4.0,,23,,0.43471,0.19915,,,0.93417,0,,0,0,1,25,25,0,25.0,91101.0
227.8,65,100,80,0.0,13.173,14.72,77.85,250,0.9,0,43.211,13.68,14.895,71432,81046.0,6.5003,298.02,108.37,1.1299,4.0,,23,,0.43068,0.19919,,,0.93366,0,,0,0,1,25,25,0,25.0,90163.0
228.0,65,100,80,0.0,13.553,55.353,7.785,250,0.9,0,43.324,13.69,14.874,71495,81118.0,6.5029,297.93,77.332,1.1292,4.0,5317.1,23,3441.7,0.42722,0.19922,14.957,17.423,0.93314,0,62.7,0,0,1,25,25,0,25.0,90393.0
228.2,65,100,80,0.0,12.903,16.606,129.18,250,0.9,0,43.439,13.687,14.853,71558,81189.0,6.5051,298.19,166.03,1.1286,4.0,,23,,0.43361,0.19917,,,0.93263,0,,0,0,1,25,25,0,25.0,89789.0
228.4,65,100,80,0.0,11.395,104.98,12.918,250,0.9,0,43.549,13.689,14.832,71620,81260.0,6.5047,298.07,126.2,1.128,4.0,,23,,0.43321,0.19917,,,0.93211,0,,0,0,1,25,25,0,25.0,89853.0
228.6,65,100,80,0.0,10.028,69.564,1.2918,250,0.9,0,43.657,13.689,14.812,71682,81331.0,6.503,297.95,84.885,1.1274,4.0,,23,,0.43541,0.19915,,,0.93159,0,,0,0,1,25,25,0,25.0,89750.0
228.8,65,100,80,0.0,9.335,31.114,0.12918,250,0.9,0,43.767,13.687,14.792,71745,81402.0,6.5013,297.85,52.222,1.1267,4.0,,23,,0.44137,0.1991,,,0.93108,0,,0,0,1,25,25,0,25.0,89481.0
229.0,65,100,80,0.0,9.3402,9.3343,58.729,250,0.9,0,43.872,13.687,14.771,71807,81472.0,6.4998,297.93,78.863,1.1261,4.0,,23,,0.44737,0.19905,,,0.93056,0,,0,0,1,25,25,0,25.0,90880.0
229.2,65,100,80,0.0,9.9431,2.8003,0.0001,250,0.9,0,43.977,13.7,14.751,71869,81543.0,6.4989,297.86,53.296,1.1255,4.0,,23,,0.44134,0.19911,,,0.93004,0,,0,0,1,25,25,0,25.0,90611.0
229.4,65,100,80,0.0,10.913,0.84009,73.527,250,0.9,0,44.082,13.71,14.73,71932,81613.0,6.4989,297.98,95.523,1.1249,4.0,,23,,0.43928,0.19912,,,0.92952,0,,0,0,1,25,25,0,25.0,90343.0
229.6,65,100,80,0.0,11.868,38.87,7.3527,250,0.9,0,44.189,13.7,14.71,71994,81684.0,6.4997,297.9,67.383,1.1242,4.0,,23,,0.45678,0.19898,,,0.929,0,,0,0,1,25,25,0,25.0,90241.0
229.8,65,100,80,0.0,12.494,11.661,114.95,250,0.9,0,44.296,13.707,14.69,72057,81756.0,6.5012,298.12,144.5,1.1236,4.0,,23,,0.45952,0.19895,,,0.92847,0,,0,0,1,25,25,0,25.0,89972.0
230.0,65,100,80,0.0,12.53,86.555,11.495,250,0.9,0,44.403,13.705,14.669,72120,81827.0,6.5026,298.02,110.01,1.123,4.0,,23,,0.46625,0.1989,,,0.92795,0,,0,0,1,25,25,0,25.0,90037.0
230.2,65,100,80,0.0,12.007,54.654,1.1495,250,0.9,-4000,44.513,13.722,14.649,71476,81098.0,6.5315,297.92,73.369,1.1152,4.0,,23,,0.4502,0.19905,,,0.92154,0,,0,0,1,25,25,0,25.0,88936.0
230.4,65,100,80,0.0,0.0,16.396,78.543,250,0.9,-4000,44.628,13.696,14.629,70829,80367.0,6.5481,298.04,116.21,1.1042,4.0,,23,,0.44019,0.19916,,,0.91239,0,,0,0,1,25,25,0,25.0,90170.0
230.6,65,100,80,0.0,0.0,57.966,7.8543,250,0.9,-4000,44.745,13.71,14.609,70183,79636.0,6.565,297.94,83.436,1.0929,4.0,,23,,0.42221,0.19934,,,0.90303,0,,0,0,1,25,25,0,25.0,89070.0
230.8,65,100,80,0.51854,0.0,17.39,130.27,250,0.9,-4000,44.867,13.729,14.589,69536,78905.0,6.5817,298.21,172.56,1.0816,4.0,,23,,0.40138,0.19954,,,0.89368,0,,0,0,1,25,25,0,25.0,89136.0
231.0,65,100,80,1.0371,0.0,109.11,13.027,250,0.9,-4000,44.991,13.727,14.569,68890,78175.0,6.5981,298.08,130.04,1.0704,4.0,,23,,0.40011,0.19957,,,0.88435,0,,0,0,1,25,25,0,25.0,89034.0
231.2,65,100,80,1.5557,0.0,70.329,1.3027,250,0.9,-4000,45.113,13.732,14.548,68244,77444.0,6.6139,297.95,87.286,1.0591,4.0,,23,,0.39433,0.19964,,,0.87503,0,,0,0,1,25,25,0,25.0,89266.0
231.4,65,100,80,2.0743,0.0,29.004,0.13027,250,0.9,-4000,45.237,13.754,14.528,67598,76714.0,6.629,297.85,54.984,1.0479,4.0,,23,,0.37139,0.19986,,,0.86573,0,,0,0,1,25,25,0,25.0,88831.0
231.6,65,100,80,2.593,0.0,8.7013,55.73,250,0.9,-4000,45.363,13.778,14.507,66952,75984.0,6.6436,297.93,79.495,1.0367,4.0,,23,,0.34595,0.2001,,,0.85645,0,,0,0,1,25,25,0,25.0,89229.0
231.8,65,100,80,3.1117,0.0,2.6104,0.0001,250,0.9,-4000,45.491,13.794,14.487,66307,75254.0,6.6574,297.85,54.891,1.0255,4.0,,23,,0.32714,0.20029,,,0.84718,0,,0,0,1,25,25,0,25.0,88459.0
232.0,65,100,80,3.6304,0.0,0.78312,75.018,250,0.9,-4000,45.621,13.808,14.466,65661,74525.0,6.6702,298.0,99.751,1.0144,4.0,,23,,0.31223,0.20044,,,0.83794,0,,0,0,1,25,25,0,25.0,88689.0
232.2,65,100,80,4.1492,0.0,45.395,7.5018,250,0.9,0,45.756,13.814,14.445,65723,74595.0,6.6428,297.9,69.388,1.0105,4.0,,23,,0.30826,0.20048,,,0.83472,0,,0,0,1,25,25,0,25.0,88585.0
232.4,65,100,80,4.6732,0.0,13.619,131.17,250,0.9,0,45.893,13.83,14.424,65785,74666.0,6.6169,298.19,161.25,1.0097,4.0,,23,,0.29984,0.20055,,,0.83407,0,,0,0,1,25,25,0,25.0,88980.0
232.6,65,100,80,5.1951,0.0,112.42,13.117,250,0.9,0,46.031,13.832,14.403,65847,74737.0,6.5921,298.05,115.25,1.0091,4.0,,23,,0.30397,0.20052,,,0.83358,0,,0,0,1,25,25,0,25.0,88376.0
232.8,65,100,80,5.7169,0.0,66.45,1.3117,250,0.9,0,46.165,13.843,14.382,65909,74808.0,6.5686,297.9,71.233,1.0085,4.0,,23,,0.29988,0.20056,,,0.8331,0,,0,0,1,25,25,0,25.0,88272.0
233.0,65,100,80,6.2386,0.0,19.935,91.143,250,0.9,0,46.301,13.87,14.361,65971,74879.0,6.5458,298.07,124.32,1.0079,4.0,,23,,0.28001,0.20073,,,0.83262,0,,0,0,1,25,25,0,25.0,87668.0
233.2,65,100,80,0.0,0.0,76.121,9.1143,250,0.9,0,46.437,13.85,14.341,66031,74949.0,6.5323,297.94,83.908,1.0073,4.0,,23,,0.28663,0.20067,,,0.83213,0,,0,0,1,25,25,0,25.0,87731.0
233.4,65,100,80,0.0,0.0,22.836,168.62,250,0.9,0,46.572,13.858,14.32,66092,75018.0,6.5195,298.33,205.52,1.0068,4.0,,23,,0.28494,0.20069,,,0.83165,0,,0,0,1,25,25,0,25.0,87295.0
233.6,65,100,80,0.0,0.0,156.04,16.862,250,0.9,0,46.706,13.866,14.3,66153,75088.0,6.5073,298.13,140.83,1.0062,4.0,,23,,0.28149,0.20072,,,0.83116,0,,0,0,1,25,25,0,25.0,87859.0
233.8,65,100,80,0.0,0.0,94.255,1.6862,250,0.9,0,46.839,13.87,14.279,66214,75158.0,6.4956,297.95,84.291,1.0056,4.0,,23,,0.28293,0.20071,,,0.83068,0,,0,0,1,25,25,0,25.0,87256.0
234.0,65,100,80,0.0,2.2819,28.277,107.48,250,0.9,0,46.973,13.864,14.258,66275,75228.0,6.4871,298.15,148.4,1.005,4.0,,23,,0.30145,0.20055,,,0.83019,0,,0,0,1,25,25,0,25.0,86820.0
234.2,65,100,80,0.0,7.9612,98.231,10.748,250,0.9,0,47.108,13.899,14.238,66337,75299.0,6.4857,298.0,99.828,1.0044,4.0,,23,,0.28839,0.20066,,,0.8297,0,,0,0,1,25,25,0,25.0,87383.0
234.4,65,100,80,0.0,14.16,48.902,1.0748,250,0.9,0,47.245,13.929,14.217,66401,75372.0,6.4914,297.87,60.2,1.0038,4.0,,23,,0.28015,0.20074,,,0.82922,0,,0,0,1,25,25,0,25.0,86612.0
234.6,65,100,80,0.0,18.116,14.671,74.111,250,0.9,0,47.383,13.939,14.196,66465,75446.0,6.5012,298.0,99.697,1.0032,4.0,,23,,0.28523,0.20069,,,0.82873,0,,0,0,1,25,25,0,25.0,87007.0
234.8,65,100,80,0.0,18.134,54.116,7.4111,250,0.9,0,47.521,13.943,14.175,66530,75519.0,6.5113,297.89,65.841,1.0026,4.0,,23,,0.28746,0.20068,,,0.82824,0,,0,0,1,25,25,0,25.0,87735.0
235.0,65,100,80,0.0,14.146,16.235,140.31,250,0.9,0,47.658,13.918,14.154,66593,75592.0,6.5155,298.2,164.93,1.0021,4.0,,23,,0.30757,0.2005,,,0.82775,0,,0,0,1,25,25,0,25.0,86631.0
235.2,65,100,80,0.0,8.4656,121.47,14.031,250,0.9,0,47.799,13.907,14.133,66655,75664.0,6.5139,298.04,115.0,1.0015,4.0,,23,,0.30888,0.20049,,,0.82725,0,,0,0,1,25,25,0,25.0,87195.0
235.4,65,100,80,0.0,3.4621,72.013,1.4031,250,0.9,0,47.939,13.88,14.113,66717,75734.0,6.5058,297.9,68.666,1.0009,4.0,,23,,0.3282,0.20033,,,0.82676,0,,0,0,1,25,25,0,25.0,87094.0
235.6,65,100,80,0.0,1.6633,21.604,97.038,250,0.9,0,48.08,13.875,14.093,66778,75805.0,6.4961,298.08,127.06,1.0003,4.0,,23,,0.33536,0.20027,,,0.82627,0,,0,0,1,25,25,0,25.0,86493.0
235.8,65,100,80,0.0,3.7614,82.694,9.7038,250,0.9,0,48.218,13.887,14.072,66839,75875.0,6.4891,297.96,87.145,0.99967,4.0,,23,,0.33506,0.20027,,,0.82578,0,,0,0,1,25,25,0,25.0,85725.0
236.0,65,100,80,0.0,8.6441,40.789,0.97038,250,0.9,0,48.353,13.917,14.052,66902,75947.0,6.4879,297.84,50.939,0.99908,4.0,,23,,0.32348,0.20037,,,0.82528,0,,0,0,1,25,25,0,25.0,86124.0
236.2,65,100,80,0.0,13.972,12.237,75.299,250,0.9,0,48.488,13.932,14.032,66965,76020.0,6.4929,297.97,92.112,0.99848,4.0,,23,,0.32815,0.20033,,,0.82479,0,,0,0,1,25,25,0,25.0,86688.0
236.4,65,100,80,0.0,17.31,52.042,7.5299,250,0.9,0,48.623,13.939,14.011,67030,76093.0,6.501,297.86,57.659,0.99788,4.0,,23,,0.33546,0.20027,,,0.82429,0,,0,0,1,25,25,0,25.0,85418.0
236.6,65,100,80,0.0,17.433,15.613,144.69,250,0.9,0,48.757,13.951,13.99,67094,76166.0,6.5085,298.19,160.43,0.99728,4.0,,23,,0.32941,0.20033,,,0.82379,0,,0,0,1,25,25,0,25.0,85648.0
236.8,65,100,80,0.0,14.545,123.14,14.469,250,0.9,0,48.89,13.947,13.97,67157,76239.0,6.5129,298.01,104.12,0.99668,4.0,,23,,0.33101,0.20031,,,0.8233,0,,0,0,1,25,25,0,25.0,86046.0
237.0,65,100,80,0.0,9.927,66.486,1.4469,250,0.9,0,49.024,13.929,13.95,67220,76311.0,6.5118,297.86,57.659,0.99608,4.0,,23,,0.34168,0.20022,,,0.8228,0,,0,0,1,25,25,0,25.0,85945.0
237.2,65,100,80,0.0,5.7532,19.946,93.396,250,0.9,0,49.156,13.931,13.93,67282,76382.0,6.506,298.04,112.33,0.99548,4.0,,23,,0.33547,0.20028,,,0.8223,0,,0,0,1,25,25,0,25.0,85345.0
237.4,65,100,80,0.0,3.8803,75.254,9.3396,250,0.9,0,49.289,13.919,13.91,67343,76452.0,6.4985,297.9,70.545,0.99487,4.0,,23,,0.34655,0.20018,,,0.8218,0,,0,0,1,25,25,0,25.0,86079.0
237.6,65,100,80,0.0,4.9942,22.576,176.92,250,0.9,0,49.422,13.936,13.89,67405,76523.0,6.4921,298.31,199.9,0.99427,4.0,,23,,0.34002,0.20024,,,0.8213,0,,0,0,1,25,25,0,25.0,85813.0
237.8,65,100,80,0.0,8.6783,160.12,17.692,250,0.9,0,49.549,13.961,13.87,67467,76594.0,6.4899,298.11,135.08,0.99367,4.0,,23,,0.32899,0.20034,,,0.8208,0,,0,0,1,25,25,0,25.0,86213.0
238.0,65,100,80,0.0,13.211,98.521,1.7692,250,0.9,0,49.673,13.991,13.849,67531,76667.0,6.4926,297.93,79.267,0.99306,4.0,,23,,0.31523,0.20046,,,0.8203,0,,0,0,1,25,25,0,25.0,86445.0
238.2,65,100,80,0.0,16.691,29.556,113.83,250,0.9,0,49.794,14.004,13.829,67595,76739.0,6.4981,298.15,149.26,0.99245,4.0,,23,,0.31645,0.20045,,,0.81979,0,,0,0,1,25,25,0,25.0,85177.0
238.4,65,100,80,0.0,17.961,103.95,11.383,250,0.9,0,49.916,14.01,13.809,67659,76812.0,6.504,297.99,98.574,0.99185,4.0,,23,,0.31895,0.20043,,,0.81929,0,,0,0,1,25,25,0,25.0,85243.0
238.6,65,100,80,0.0,16.885,53.233,1.1383,250,0.9,0,50.035,14.016,13.789,67723,76885.0,6.5082,297.86,56.201,0.99124,4.0,,23,,0.31477,0.20046,,,0.81879,0,,0,0,1,25,25,0,25.0,85142.0
238.8,65,100,80,0.0,14.145,15.97,81.367,250,0.9,0,50.155,14.004,13.769,67786,76957.0,6.5094,298.0,100.94,0.99063,4.0,,23,,0.32501,0.20038,,,0.81828,0,,0,0,1,25,25,0,25.0,85542.0
239.0,65,100,80,0.0,10.897,59.919,8.1367,250,0.9,0,50.277,14.0,13.749,67849,77029.0,6.5077,297.88,62.499,0.99002,4.0,,23,,0.32678,0.20036,,,0.81778,0,,0,0,1,25,25,0,25.0,84443.0
239.2,65,100,80,0.0,8.3662,17.976,154.94,250,0.9,0,50.398,13.995,13.729,67911,77100.0,6.5036,298.23,173.43,0.98941,4.0,,23,,0.33148,0.20032,,,0.81727,0,,0,0,1,25,25,0,25.0,84345.0
239.4,65,100,80,0.0,7.4435,133.69,15.494,250,0.9,0,50.519,14.008,13.71,67974,77171.0,6.4988,298.03,112.21,0.9888,4.0,,23,,0.32186,0.20041,,,0.81677,0,,0,0,1,25,25,0,25.0,84747.0
239.6,65,100,80,0.0,8.4385,73.754,1.5494,250,0.9,0,50.643,14.016,13.69,68036,77242.0,6.495,297.88,61.338,0.98818,4.0,,23,,0.32062,0.20042,,,0.81626,0,,0,0,1,25,25,0,25.0,84482.0
239.8,65,100,80,0.0,10.962,22.126,98.305,250,0.9,0,50.763,14.028,13.67,68099,77313.0,6.4937,298.06,118.98,0.98757,4.0,,23,,0.32095,0.20042,,,0.81575,0,,0,0,1,25,25,0,25.0,84550.0
240.0,65,100,80,0.0,14.008,80.524,9.8305,250,0.9,0,50.884,14.036,13.65,68162,77386.0,6.496,297.92,74.644,0.98696,4.0,5471.4,23,3528.3,0.32545,0.20038,13.729,16.494,0.81524,0,57.811,0,0,1,25,25,0,25.0,83952.0
240.2,65,100,80,0.0,16.135,24.157,183.09,250,0.9,0,51.005,14.044,13.631,68226,77458.0,6.5014,298.33,208.3,0.98634,4.0,,23,,0.32912,0.20035,,,0.81473,0,,0,0,1,25,25,0,25.0,84686.0
240.4,65,100,80,0.0,16.095,165.25,18.309,250,0.9,0,51.125,14.064,13.611,68290,77531.0,6.5074,298.11,138.04,0.98572,4.0,,23,,0.31473,0.20048,,,0.81422,0,,0,0,1,25,25,0,25.0,83920.0
240.6,65,100,80,0.0,13.636,99.443,1.8309,250,0.9,0,51.242,14.053,13.591,68353,77603.0,6.5111,297.93,77.798,0.98511,4.0,,23,,0.32319,0.2004,,,0.81371,0,,0,0,1,25,25,0,25.0,83822.0
240.8,65,100,80,0.0,9.7327,29.833,115.33,250,0.9,0,51.359,14.042,13.572,68415,77674.0,6.5093,298.15,147.83,0.98449,4.0,,23,,0.33047,0.20034,,,0.8132,0,,0,0,1,25,25,0,25.0,84225.0
241.0,65,100,80,0.0,6.5592,103.34,11.533,250,0.9,0,51.476,14.039,13.552,68477,77744.0,6.5043,297.98,95.466,0.98387,4.0,,23,,0.3319,0.20033,,,0.81269,0,,0,0,1,25,25,0,25.0,84962.0
241.2,65,100,80,0.0,5.3545,51.274,1.1533,250,0.9,0,51.593,14.049,13.533,68539,77815.0,6.4985,297.85,52.817,0.98325,4.0,,23,,0.32342,0.20041,,,0.81217,0,,0,0,1,25,25,0,25.0,83866.0
241.4,65,100,80,0.0,6.4715,15.382,80.075,250,0.9,0,51.71,14.051,13.514,68601,77885.0,6.494,297.99,96.405,0.98263,4.0,,23,,0.32976,0.20035,,,0.81166,0,,0,0,1,25,25,0,25.0,83104.0
241.6,65,100,80,0.0,9.4009,57.227,8.0075,250,0.9,0,51.826,14.069,13.495,68663,77956.0,6.4926,297.87,57.874,0.98201,4.0,,23,,0.32497,0.20039,,,0.81115,0,,0,0,1,25,25,0,25.0,83508.0
241.8,65,100,80,0.0,12.889,17.168,153.15,250,0.9,0,51.941,14.087,13.475,68726,78028.0,6.4951,298.2,166.85,0.98139,4.0,,23,,0.32055,0.20043,,,0.81063,0,,0,0,1,25,25,0,25.0,83077.0
242.0,65,100,80,0.0,15.353,128.96,15.315,250,0.9,0,52.052,14.094,13.456,68790,78100.0,6.5,298.02,106.03,0.98077,4.0,,23,,0.32517,0.2004,,,0.81012,0,,0,0,1,25,25,0,25.0,83980.0
242.2,65,100,80,0.0,15.881,69.428,1.5315,250,0.9,0,52.16,14.098,13.437,68854,78172.0,6.5047,297.86,56.919,0.98014,4.0,,23,,0.32824,0.20037,,,0.8096,0,,0,0,1,25,25,0,25.0,83550.0
242.4,65,100,80,0.0,14.502,20.828,95.046,250,0.9,0,52.27,14.092,13.417,68917,78244.0,6.5082,298.03,112.19,0.97952,4.0,,23,,0.33599,0.20031,,,0.80908,0,,0,0,1,25,25,0,25.0,83454.0
242.6,65,100,80,0.0,11.743,75.503,9.5046,250,0.9,0,52.382,14.11,13.398,68980,78315.0,6.5082,297.9,68.434,0.9789,4.0,,23,,0.31712,0.20047,,,0.80857,0,,0,0,1,25,25,0,25.0,83025.0
242.8,65,100,80,0.0,8.9922,22.651,178.31,250,0.9,0,52.493,14.096,13.379,69042,78386.0,6.5057,298.3,198.41,0.97827,4.0,,23,,0.32884,0.20037,,,0.80805,0,,0,0,1,25,25,0,25.0,83763.0
243.0,65,100,80,0.0,7.2288,157.51,17.831,250,0.9,0,52.606,14.098,13.36,69104,78457.0,6.5014,298.09,130.99,0.97764,4.0,,23,,0.32856,0.20037,,,0.80753,0,,0,0,1,25,25,0,25.0,83002.0
243.2,65,100,80,0.0,7.1862,94.412,1.7831,250,0.9,0,52.718,14.104,13.341,69166,78527.0,6.4972,297.92,75.294,0.97702,4.0,,23,,0.32768,0.20038,,,0.80701,0,,0,0,1,25,25,0,25.0,83574.0
243.4,65,100,80,0.0,8.8323,28.324,109.62,250,0.9,0,52.827,14.117,13.322,69228,78598.0,6.4948,298.12,140.73,0.97639,4.0,,23,,0.32481,0.20041,,,0.80649,0,,0,0,1,25,25,0,25.0,82980.0
243.6,65,100,80,0.0,11.444,95.763,10.962,250,0.9,0,52.934,14.129,13.303,69291,78669.0,6.4942,297.97,90.533,0.97576,4.0,,23,,0.32355,0.20042,,,0.80597,0,,0,0,1,25,25,0,25.0,83218.0
243.8,65,100,80,0.0,14.266,45.863,1.0962,250,0.9,0,53.041,14.148,13.284,69355,78741.0,6.4966,297.85,50.823,0.97513,4.0,,23,,0.31674,0.20048,,,0.80545,0,,0,0,1,25,25,0,25.0,83123.0
244.0,65,100,80,0.0,16.135,13.759,74.492,250,0.9,0,53.143,14.167,13.265,69418,78812.0,6.5005,297.97,90.048,0.9745,4.0,,23,,0.30705,0.20056,,,0.80492,0,,0,0,1,25,25,0,25.0,82528.0
244.2,65,100,80,0.0,16.445,50.241,7.4492,250,0.9,0,53.242,14.167,13.247,69482,78884.0,6.5042,297.86,55.036,0.97387,4.0,,23,,0.31263,0.20052,,,0.8044,0,,0,0,1,25,25,0,25.0,82267.0
244.4,65,100,80,0.0,15.29,15.072,140.23,250,0.9,0,53.341,14.189,13.228,69546,78956.0,6.5065,298.16,153.52,0.97323,4.0,,23,,0.29372,0.20068,,,0.80388,0,,0,0,1,25,25,0,25.0,82672.0
244.6,65,100,80,0.0,13.2,114.16,14.023,250,0.9,0,53.437,14.186,13.209,69609,79027.0,6.5065,298.0,101.99,0.9726,4.0,,23,,0.29526,0.20067,,,0.80335,0,,0,0,1,25,25,0,25.0,82078.0
244.8,65,100,80,0.0,11.128,63.779,1.4023,250,0.9,0,53.534,14.185,13.19,69671,79098.0,6.5042,297.87,57.036,0.97197,4.0,,23,,0.29729,0.20065,,,0.80283,0,,0,0,1,25,25,0,25.0,83151.0
245.0,65,100,80,0.0,9.9623,19.134,92.303,250,0.9,0,53.632,14.172,13.171,69734,79168.0,6.5018,298.03,111.27,0.97133,4.0,,23,,0.31239,0.20052,,,0.8023,0,,0,0,1,25,25,0,25.0,82558.0
245.2,65,100,80,0.0,9.7809,72.015,9.2303,250,0.9,0,53.731,14.163,13.153,69796,79239.0,6.4989,297.91,72.521,0.9707,4.0,,23,,0.32768,0.20039,,,0.80178,0,,0,0,1,25,25,0,25.0,81632.0
245.4,65,100,80,0.0,10.761,21.605,165.81,250,0.9,0,53.83,14.162,13.134,69859,79309.0,6.4972,298.28,192.29,0.97006,4.0,,23,,0.3389,0.2003,,,0.80125,0,,0,0,1,25,25,0,25.0,81039.0
245.6,65,100,80,0.0,12.407,144.61,16.581,250,0.9,0,53.93,14.17,13.116,69922,79380.0,6.4975,298.1,133.99,0.96942,4.0,,23,,0.34055,0.20029,,,0.80072,0,,0,0,1,25,25,0,25.0,82279.0
245.8,65,100,80,0.0,13.932,91.299,1.6581,250,0.9,0,54.03,14.18,13.097,69985,79452.0,6.4988,297.94,80.1,0.96879,4.0,,23,,0.33955,0.2003,,,0.80019,0,,0,0,1,25,25,0,25.0,81686.0
246.0,65,100,80,0.0,14.936,27.39,108.69,250,0.9,0,54.13,14.191,13.078,70048,79523.0,6.501,298.14,146.56,0.96815,4.0,,23,,0.33616,0.20033,,,0.79966,0,,0,0,1,25,25,0,25.0,81759.0
246.2,65,100,80,0.0,15.041,95.632,10.869,250,0.9,0,54.228,14.196,13.06,70112,79595.0,6.5029,298.0,102.27,0.96751,4.0,,23,,0.33647,0.20033,,,0.79913,0,,0,0,1,25,25,0,25.0,82000.0
246.4,65,100,80,0.0,14.412,53.111,1.0869,250,0.9,0,54.332,14.203,13.041,70175,79666.0,6.5051,297.88,62.146,0.96687,4.0,,23,,0.33322,0.20035,,,0.7986,0,,0,0,1,25,25,0,25.0,82241.0
246.6,65,100,80,0.0,12.889,15.933,79.409,250,0.9,0,54.438,14.204,13.023,70238,79738.0,6.5054,298.01,105.72,0.96623,4.0,,23,,0.33369,0.20035,,,0.79807,0,,0,0,1,25,25,0,25.0,80815.0
246.8,65,100,80,0.0,11.237,57.824,7.9409,250,0.9,0,54.544,14.188,13.005,70301,79809.0,6.5045,297.91,71.157,0.96559,4.0,,23,,0.35167,0.2002,,,0.79754,0,,0,0,1,25,25,0,25.0,81390.0
247.0,65,100,80,0.0,9.9674,17.347,139.91,250,0.9,0,54.649,14.201,12.986,70363,79880.0,6.5019,298.21,169.13,0.96494,4.0,,23,,0.34327,0.20027,,,0.79701,0,,0,0,1,25,25,0,25.0,81799.0
247.2,65,100,80,0.0,9.722,116.61,13.991,250,0.9,0,54.754,14.2,12.968,70425,79950.0,6.4994,298.05,119.03,0.9643,4.0,,23,,0.34746,0.20024,,,0.79648,0,,0,0,1,25,25,0,25.0,82208.0
247.4,65,100,80,0.0,10.462,70.068,1.3991,250,0.9,0,54.862,14.217,12.95,70488,80021.0,6.4977,297.92,73.419,0.96365,4.0,,23,,0.33799,0.20032,,,0.79594,0,,0,0,1,25,25,0,25.0,81450.0
247.6,65,100,80,0.0,11.907,21.02,90.034,250,0.9,0,54.966,14.217,12.932,70551,80092.0,6.4971,298.07,124.82,0.96301,4.0,,23,,0.34595,0.20025,,,0.79541,0,,0,0,1,25,25,0,25.0,80526.0
247.8,65,100,80,0.0,13.574,72.243,9.0034,250,0.9,0,55.07,14.224,12.913,70614,80164.0,6.4979,297.95,85.345,0.96236,4.0,,23,,0.3488,0.20023,,,0.79487,0,,0,0,1,25,25,0,25.0,80935.0
248.0,65,100,80,0.0,14.922,32.892,0.90034,250,0.9,0,55.174,14.22,12.895,70677,80236.0,6.5002,297.85,50.994,0.96172,4.0,,23,,0.36144,0.20012,,,0.79434,0,,0,0,1,25,25,0,25.0,80177.0
248.2,65,100,80,0.0,15.353,9.8676,64.112,250,0.9,0,55.278,14.227,12.877,70741,80307.0,6.5029,297.94,82.135,0.96107,4.0,,23,,0.36276,0.20011,,,0.7938,0,,0,0,1,25,25,0,25.0,79919.0
248.4,65,100,80,0.0,14.699,2.9603,0.0001,250,0.9,0,55.386,14.24,12.859,70804,80379.0,6.5052,297.87,56.394,0.96042,4.0,,23,,0.35335,0.20019,,,0.79326,0,,0,0,1,25,25,0,25.0,81329.0
248.6,65,100,80,0.0,13.135,0.88809,76.106,250,0.9,0,55.493,14.238,12.841,70867,80451.0,6.5065,298.0,101.27,0.95977,4.0,,23,,0.35653,0.20017,,,0.79273,0,,0,0,1,25,25,0,25.0,79905.0
248.8,65,100,80,0.0,11.039,42.791,7.6106,250,0.9,0,55.602,14.245,12.823,70930,80522.0,6.5057,297.9,68.63,0.95912,4.0,,23,,0.34999,0.20023,,,0.79219,0,,0,0,1,25,25,0,25.0,80149.0
249.0,65,100,80,0.0,9.3029,12.837,124.98,250,0.9,0,55.708,14.234,12.805,70992,80593.0,6.5023,298.16,153.83,0.95847,4.0,,23,,0.36184,0.20013,,,0.79165,0,,0,0,1,25,25,0,25.0,80726.0
249.2,65,100,80,0.0,8.9096,97.747,12.498,250,0.9,0,55.818,14.236,12.787,71054,80663.0,6.4987,298.01,105.02,0.95782,4.0,,23,,0.3659,0.20009,,,0.79111,0,,0,0,1,25,25,0,25.0,79804.0
249.4,65,100,80,0.0,9.9397,51.499,1.2498,250,0.9,0,55.926,14.243,12.769,71116,80734.0,6.4958,297.89,64.16,0.95717,4.0,,23,,0.3668,0.20009,,,0.79057,0,,0,0,1,25,25,0,25.0,80048.0
249.6,65,100,80,0.0,12.143,15.45,73.587,250,0.9,0,56.034,14.243,12.752,71179,80806.0,6.495,298.0,101.51,0.95651,4.0,,23,,0.37731,0.2,,,0.79003,0,,0,0,1,25,25,0,25.0,79792.0
249.8,65,100,80,0.0,14.661,50.64,7.3587,250,0.9,0,56.144,14.27,12.734,71242,80878.0,6.4963,297.89,65.344,0.95586,4.0,,23,,0.36287,0.20012,,,0.78948,0,,0,0,1,25,25,0,25.0,79703.0
250.0,65,100,80,0.0,16.657,15.192,131.98,250,0.9,0,56.256,14.282,12.716,71306,80950.0,6.5002,298.16,155.97,0.9552,4.0,,23,,0.35911,0.20016,,,0.78894,0,,0,0,1,25,25,0,25.0,79946.0
250.2,60,100,80,0.0,17.094,105.02,13.198,0,0.9,-4000,56.41,13.422,12.707,70611,80172.0,6.5339,298.02,109.01,1.0192,4.0,,23,,0.55203,0.19797,,,0.77717,0,,0,0,1,25,25,0,25.0,80064.0
250.4,60,100,80,0.0,3.9564,60.717,1.3198,0,0.9,-4000,56.57,13.38,12.698,69913,79393.0,6.5563,297.9,66.864,1.0141,4.0,,23,,0.57312,0.19778,,,0.77328,0,,0,0,1,25,25,0,25.0,80017.0
250.6,60,100,80,0.5187,1.9782,18.215,84.607,0,0.9,-4000,56.733,13.363,12.69,69215,78613.0,6.5768,298.05,116.02,1.0039,4.0,,23,,0.5698,0.19783,,,0.76551,0,,0,0,1,25,25,0,25.0,79804.0
250.8,60,100,80,1.0371,0.98911,66.966,8.4607,0,0.9,-4000,56.898,13.344,12.681,68517,77832.0,6.596,297.94,80.437,0.99334,4.0,,23,,0.56741,0.19788,,,0.75741,0,,0,0,1,25,25,0,25.0,80257.0
251.0,60,100,80,1.5555,0.49455,20.09,150.06,0,0.9,-4000,57.063,13.349,12.673,67819,77052.0,6.6146,298.27,188.89,0.98273,4.0,,23,,0.54509,0.19811,,,0.7493,0,,0,0,1,25,25,0,25.0,79044.0
251.2,60,100,80,2.0739,0.24728,134.91,15.006,0,0.9,-4000,57.233,13.348,12.664,67121,76272.0,6.6326,298.11,137.23,0.97212,4.0,,23,,0.52626,0.1983,,,0.74119,0,,0,0,1,25,25,0,25.0,79663.0
251.4,60,100,80,2.5923,0.12364,86.617,1.5006,0,0.9,-4000,57.403,13.348,12.656,66423,75492.0,6.6502,297.97,91.723,0.96154,4.0,,23,,0.50747,0.1985,,,0.7331,0,,0,0,1,25,25,0,25.0,78783.0
251.6,60,100,80,3.1107,0.061819,42.147,0.15006,0,0.9,-4000,57.574,13.357,12.647,65726,74713.0,6.6674,297.86,57.676,0.95096,4.0,,23,,0.48084,0.19877,,,0.72501,0,,0,0,1,25,25,0,25.0,79069.0
251.8,60,100,80,3.6291,0.03091,12.644,67.32,0,0.9,-4000,57.749,13.361,12.638,65028,73933.0,6.6842,297.98,94.341,0.94041,4.0,,23,,0.45822,0.199,,,0.71694,0,,0,0,1,25,25,0,25.0,79189.0
252.0,60,100,80,4.1476,0.015455,49.15,6.732,0,0.9,-4000,57.927,13.35,12.63,64331,73154.0,6.7008,297.88,65.126,0.92986,4.0,5616.7,23,3612.2,0.44998,0.1991,12.664,15.693,0.70889,0,54.293,0,0,1,25,25,0,25.0,79475.0
252.2,60,100,80,4.666,0.0077274,14.745,131.51,0,0.9,0,58.104,13.335,12.621,64343,73175.0,6.6746,298.2,160.6,0.92595,4.0,,23,,0.45647,0.19905,,,0.7059,0,,0,0,1,25,25,0,25.0,79761.0
252.4,60,100,80,5.19,0.0038637,119.54,13.151,0,0.9,0,58.278,13.343,12.612,64355,73196.0,6.6499,298.08,124.97,0.9251,4.0,,23,,0.44733,0.19914,,,0.70525,0,,0,0,1,25,25,0,25.0,79713.0
252.6,60,100,80,5.7117,0.0019318,83.994,1.3151,0,0.9,0,58.454,13.336,12.604,64367,73217.0,6.6268,297.95,85.783,0.92444,4.0,,23,,0.45017,0.19911,,,0.70474,0,,0,0,1,25,25,0,25.0,80332.0
252.8,60,100,80,6.2333,0.00096592,25.198,103.63,0,0.9,0,58.634,13.344,12.595,64379,73238.0,6.6048,298.17,153.47,0.92379,4.0,,23,,0.44071,0.1992,,,0.70425,0,,0,0,1,25,25,0,25.0,79784.0
253.0,60,100,80,6.7549,0.00048296,101.16,10.363,0,0.9,0,58.811,13.351,12.586,64391,73259.0,6.5841,298.05,117.26,0.92315,4.0,,23,,0.43102,0.19929,,,0.70375,0,,0,0,1,25,25,0,25.0,79902.0
253.2,60,100,80,7.2764,0.00024148,64.783,1.0363,0,0.9,0,58.985,13.36,12.577,64404,73280.0,6.5637,297.93,81.09,0.9225,4.0,,23,,0.41912,0.19941,,,0.70326,0,,0,0,1,25,25,0,25.0,79354.0
253.4,60,100,80,7.7979,0.00012074,19.435,84.038,0,0.9,0,59.163,13.355,12.568,64416,73302.0,6.5444,298.1,132.06,0.92185,4.0,,23,,0.42057,0.19939,,,0.70276,0,,0,0,1,25,25,0,25.0,78305.0
253.6,60,100,80,0.0,0.0,75.712,8.4038,0,0.9,0,59.342,13.328,12.56,64427,73322.0,6.5326,298.0,100.76,0.92121,4.0,,23,,0.42237,0.19938,,,0.70227,0,,0,0,1,25,25,0,25.0,78925.0
253.8,60,100,80,0.0,0.0,42.701,0.84038,0,0.9,0,59.522,13.325,12.551,64438,73342.0,6.5212,297.9,70.37,0.92056,4.0,,23,,0.42229,0.19938,,,0.70178,0,,0,0,1,25,25,0,25.0,79711.0
254.0,60,100,80,0.0,0.0,12.81,67.333,0,0.9,0,59.701,13.316,12.542,64449,73361.0,6.5104,298.02,107.82,0.91991,4.0,,23,,0.42623,0.19934,,,0.70128,0,,0,0,1,25,25,0,25.0,78997.0
254.2,60,100,80,0.0,0.0,52.25,6.7333,0,0.9,0,59.88,13.318,12.534,64460,73381.0,6.4999,297.93,79.863,0.91926,4.0,,23,,0.42068,0.1994,,,0.70078,0,,0,0,1,25,25,0,25.0,79950.0
254.4,60,100,80,0.0,0.54849,15.675,124.79,0,0.9,0,60.057,13.322,12.525,64471,73401.0,6.4903,298.22,168.73,0.91861,4.0,,23,,0.41426,0.19946,,,0.70029,0,,0,0,1,25,25,0,25.0,78236.0
254.6,60,100,80,0.0,4.9447,114.57,12.479,0,0.9,0,60.234,13.33,12.516,64483,73422.0,6.4842,298.1,130.31,0.91796,4.0,,23,,0.41314,0.19947,,,0.69979,0,,0,0,1,25,25,0,25.0,78688.0
254.8,60,100,80,0.0,11.767,77.085,1.2479,0,0.9,0,60.41,13.349,12.507,64496,73444.0,6.4829,297.97,91.17,0.91731,4.0,,23,,0.40829,0.19952,,,0.6993,0,,0,0,1,25,25,0,25.0,78472.0
255.0,60,100,80,0.0,19.096,37.208,0.12479,0,0.9,0,60.584,13.374,12.498,64511,73468.0,6.4879,297.87,60.687,0.91666,4.0,,23,,0.39834,0.19961,,,0.6988,0,,0,0,1,25,25,0,25.0,78921.0
255.2,60,100,80,0.0,24.446,11.162,61.83,0,0.9,0,60.756,13.368,12.488,64527,73493.0,6.4949,297.97,93.697,0.91601,4.0,,23,,0.41241,0.19948,,,0.6983,0,,0,0,1,25,25,0,25.0,78703.0
255.4,60,100,80,0.0,26.997,44.335,6.183,0,0.9,0,60.928,13.366,12.479,64543,73518.0,6.5033,297.89,66.871,0.91536,4.0,,23,,0.41788,0.19943,,,0.6978,0,,0,0,1,25,25,0,25.0,78651.0
255.6,60,100,80,0.0,26.175,13.3,120.56,0,0.9,0,61.1,13.36,12.469,64559,73543.0,6.5125,298.17,152.76,0.91471,4.0,,23,,0.41794,0.19943,,,0.6973,0,,0,0,1,25,25,0,25.0,78599.0
255.8,60,100,80,0.0,21.687,107.06,12.056,0,0.9,0,61.27,13.337,12.46,64574,73567.0,6.519,298.05,118.0,0.91406,4.0,,23,,0.425,0.19937,,,0.69681,0,,0,0,1,25,25,0,25.0,78048.0
256.0,60,100,80,0.0,14.611,71.893,1.2056,0,0.9,0,61.441,13.316,12.451,64588,73590.0,6.5198,297.94,81.916,0.91341,4.0,,23,,0.424,0.19938,,,0.69631,0,,0,0,1,25,25,0,25.0,78832.0
256.2,60,100,80,0.0,7.2342,21.568,91.663,0,0.9,0,61.617,13.274,12.442,64601,73611.0,6.5147,298.12,139.24,0.91275,4.0,,23,,0.44182,0.19921,,,0.69581,0,,0,0,1,25,25,0,25.0,78117.0
256.4,60,100,80,0.0,1.8839,84.997,9.1663,0,0.9,0,61.794,13.25,12.433,64612,73631.0,6.5057,298.02,105.91,0.9121,4.0,,23,,0.44914,0.19915,,,0.69531,0,,0,0,1,25,25,0,25.0,78070.0
256.6,60,100,80,0.0,0.15056,50.503,0.91663,0,0.9,0,61.968,13.229,12.425,64623,73651.0,6.4955,297.91,74.186,0.91145,4.0,,23,,0.46139,0.19903,,,0.69481,0,,0,0,1,25,25,0,25.0,77357.0
256.8,60,100,80,0.0,2.477,15.151,72.208,0,0.9,0,62.14,13.238,12.416,64634,73671.0,6.4874,298.05,115.85,0.91079,4.0,,23,,0.45605,0.19908,,,0.69431,0,,0,0,1,25,25,0,25.0,78643.0
257.0,60,100,80,0.0,8.0144,59.758,7.2208,0,0.9,0,62.311,13.251,12.407,64647,73693.0,6.4838,297.96,88.476,0.91014,4.0,,23,,0.45323,0.19911,,,0.69381,0,,0,0,1,25,25,0,25.0,78761.0
257.2,60,100,80,0.0,15.021,29.534,0.72208,0,0.9,0,62.483,13.263,12.398,64661,73715.0,6.4864,297.87,61.944,0.90948,4.0,,23,,0.45528,0.19909,,,0.69331,0,,0,0,1,25,25,0,25.0,78712.0
257.4,60,100,80,0.0,20.948,8.8603,59.039,0,0.9,0,62.655,13.279,12.389,64676,73739.0,6.4943,297.97,93.015,0.90882,4.0,,23,,0.45097,0.19914,,,0.69281,0,,0,0,1,25,25,0,25.0,77828.0
257.6,60,100,80,0.0,23.711,39.822,5.9039,0,0.9,0,62.827,13.295,12.38,64692,73764.0,6.5061,297.89,67.991,0.90817,4.0,,23,,0.43938,0.19924,,,0.6923,0,,0,0,1,25,25,0,25.0,79110.0
257.8,60,100,80,0.0,21.788,11.947,111.79,0,0.9,0,63.0,13.28,12.37,64707,73788.0,6.5162,298.15,146.37,0.90751,4.0,,23,,0.44343,0.19921,,,0.6918,0,,0,0,1,25,25,0,25.0,78227.0
258.0,60,100,80,0.0,15.819,97.104,11.179,0,0.9,0,63.175,13.25,12.361,64721,73811.0,6.5204,298.04,113.79,0.90685,4.0,,23,,0.4534,0.19912,,,0.6913,0,,0,0,1,25,25,0,25.0,78677.0
258.2,60,100,80,0.0,8.2052,63.872,1.1179,0,0.9,0,63.353,13.222,12.353,64733,73833.0,6.5169,297.93,80.078,0.9062,4.0,,23,,0.45801,0.19907,,,0.6908,0,,0,0,1,25,25,0,25.0,77462.0
258.4,60,100,80,0.0,1.9697,19.162,84.259,0,0.9,0,63.531,13.207,12.344,64745,73853.0,6.5078,298.1,131.73,0.90554,4.0,,23,,0.45437,0.19911,,,0.69029,0,,0,0,1,25,25,0,25.0,77416.0
258.6,60,100,80,0.0,0.0,75.763,8.4259,0,0.9,0,63.71,13.197,12.336,64756,73873.0,6.4975,298.0,100.88,0.90488,4.0,,23,,0.45487,0.19911,,,0.68979,0,,0,0,1,25,25,0,25.0,77536.0
258.8,60,100,80,0.0,1.539,43.354,0.84259,0,0.9,0,63.892,13.188,12.327,64767,73893.0,6.4888,297.9,70.816,0.90422,4.0,,23,,0.46327,0.19903,,,0.68929,0,,0,0,1,25,25,0,25.0,78489.0
259.0,60,100,80,0.0,6.5507,13.006,67.617,0,0.9,0,64.072,13.204,12.318,64779,73915.0,6.4845,298.02,108.58,0.90356,4.0,,23,,0.45758,0.19908,,,0.68878,0,,0,0,1,25,25,0,25.0,77775.0
259.2,60,100,80,0.0,13.238,52.657,6.7617,0,0.9,0,64.254,13.221,12.309,64793,73938.0,6.4859,297.93,80.934,0.9029,4.0,,23,,0.4543,0.19912,,,0.68828,0,,0,0,1,25,25,0,25.0,77560.0
259.4,60,100,80,0.0,19.399,15.797,124.09,0,0.9,0,64.433,13.248,12.3,64807,73962.0,6.4912,298.22,168.98,0.90224,4.0,,23,,0.44044,0.19925,,,0.68777,0,,0,0,1,25,25,0,25.0,78676.0
259.6,60,100,80,0.0,23.435,113.4,12.409,0,0.9,0,64.613,13.278,12.291,64823,73986.0,6.5,298.1,130.41,0.90158,4.0,,23,,0.41784,0.19946,,,0.68727,0,,0,0,1,25,25,0,25.0,76959.0
259.8,60,100,80,0.0,23.929,75.992,1.2409,0,0.9,0,64.789,13.272,12.282,64839,74011.0,6.5103,297.97,92.245,0.90092,4.0,,23,,0.4188,0.19945,,,0.68676,0,,0,0,1,25,25,0,25.0,78241.0
260.0,60,100,80,0.0,20.314,37.425,0.12409,0,0.9,0,64.966,13.265,12.272,64854,74035.0,6.5171,297.87,62.811,0.90026,4.0,,23,,0.41374,0.1995,,,0.68626,0,,0,0,1,25,25,0,25.0,76858.0
260.2,60,100,80,0.0,14.025,11.228,60.294,0,0.9,0,65.144,13.235,12.264,64867,74058.0,6.5181,297.98,94.347,0.89959,4.0,,23,,0.42198,0.19942,,,0.68575,0,,0,0,1,25,25,0,25.0,76976.0
260.4,60,100,80,0.0,7.3412,42.806,6.0294,0,0.9,0,65.323,13.2,12.255,64880,74080.0,6.5135,297.89,68.879,0.89893,4.0,,23,,0.43459,0.19931,,,0.68525,0,,0,0,1,25,25,0,25.0,77096.0
260.6,60,100,80,0.0,2.4639,12.842,114.8,0,0.9,0,65.504,13.18,12.246,64891,74100.0,6.5049,298.16,149.88,0.89827,4.0,,23,,0.43943,0.19926,,,0.68474,0,,0,0,1,25,25,0,25.0,77383.0
260.8,60,100,80,0.0,1.0396,100.85,11.48,0,0.9,0,65.687,13.166,12.238,64902,74120.0,6.4955,298.05,117.29,0.8976,4.0,,23,,0.44577,0.19921,,,0.68423,0,,0,0,1,25,25,0,25.0,77336.0
261.0,60,100,80,0.0,3.3504,68.055,1.148,0,0.9,0,65.87,13.162,12.229,64914,74141.0,6.4886,297.94,81.518,0.89694,4.0,5820.8,23,3753.4,0.45209,0.19915,12.264,15.553,0.68372,0,61.749,0,0,1,25,25,0,25.0,76289.0
