time,aeration_rate,agitator,sugar_feed_rate,acid_flow_rate,base_flow_rate,heating/cooling_water_flow_rate,heating_water_flow_rate,water_for_injection/dilution,air_head_pressure,dumped_broth_flow,substrate_concentration,dissolved_oxygen_concentration,penicillin_concentration,vessel_volume,vessel_weight,pH,temperature,generated_heat,CO2_percent_in_off_gas,PAA_flow,PAA_concentration,oil_flow,NH3_concentration,oxygen_uptake_rate,oxygen_in_percent_in_off_gas,offline_penicillin_concentration,offline_biomass_concentration,carbon_evolution_rate,ammonia_shots,viscosity,Fault reference(Fault_ref:Fault ref),0 - Recipe driven 1 - Operator controlled(Control_ref:Control ref),1- No Raman spec, 1-Raman spec recorded,2-PAT control(PAT_ref:PAT ref),Batch reference(Batch_ref:Batch ref),experiment_ID,Fault flag
0.2,30,100,8,0.0,0.0,0.0001,178.72,0,0.6,0,1.1227,14.69,0.001,58121,62201.0,6.5959,297.72,164.33,0.085923,5.0,,22,,-0.017887,0.20535,,,0.032679,0,,0,1,1,47,47,0,47.0,0.0
0.4,30,100,8,0.0,0.0,0.0001,55.792,0,0.6,0,1.1728,14.67,0.00099954,58118,62202.0,6.5723,297.89,210.52,0.096817,5.0,,22,,-0.071827,0.20633,,,0.036823,0,,0,1,1,47,47,0,47.0,0.0
0.6,30,100,8,0.52298,0.0,0.0001,0.0001,0,0.6,0,1.2214,14.664,0.00099908,58115,62204.0,6.5489,297.87,204.5,0.10048,5.0,,22,,-0.084333,0.20655,,,0.038217,0,,0,1,1,47,47,0,47.0,0.0
0.8,30,100,8,0.0,0.0,0.0001,75.688,0,0.6,0,1.2685,14.644,0.00099861,58113,62206.0,6.5276,298.12,270.26,0.10272,5.0,,22,,-0.081604,0.2065,,,0.039068,0,,0,1,1,47,47,0,47.0,0.0
1.0,30,100,8,0.0,0.0,80.202,7.5688,0,0.6,0,1.3142,14.63,0.00099814,58110,62208.0,6.5073,298.01,242.41,0.10473,5.0,1380.0,22,1697.5,-0.07742,0.20642,0.001,0.49183,0.039832,0,4.0811,0,1,1,47,47,0,47.0,0.0
1.2,30,100,8,0.0,0.0,46.813,0.75688,0,0.6,0,1.358,14.617,0.00099767,58107,62210.0,6.4877,297.93,220.6,0.10677,5.0,,22,,-0.073994,0.20635,,,0.040609,0,,0,1,1,47,47,0,47.0,0.0
1.4,30,100,8,0.0,5.4454,14.044,58.948,0,0.6,0,1.3998,14.596,0.00099718,58106,62213.0,6.4771,298.11,267.28,0.1089,5.0,,22,,-0.067367,0.20622,,,0.041419,0,,0,1,1,47,47,0,47.0,0.0
1.6,30,100,8,0.0,15.081,72.338,5.8948,0,0.6,0,1.4392,14.566,0.00099666,58106,62217.0,6.4812,298.02,243.13,0.11112,5.0,,22,,-0.055603,0.206,,,0.042266,0,,0,1,1,47,47,0,47.0,0.0
1.8,30,100,8,0.0,23.063,43.836,0.58948,0,0.6,0,1.4766,14.537,0.00099611,58108,62224.0,6.4976,297.95,225.36,0.11345,5.0,,22,,-0.043276,0.20576,,,0.043152,0,,0,1,1,47,47,0,47.0,0.0
2.0,30,100,8,0.0,24.502,13.151,51.328,0,0.6,0,1.512,14.503,0.00099556,58110,62230.0,6.5147,298.11,267.38,0.11588,5.0,,22,,-0.028886,0.20549,,,0.044076,0,,0,1,1,47,47,0,47.0,0.0
2.2,30,100,8,0.0,19.14,65.977,5.1328,0,0.6,0,1.5453,14.467,0.00099502,58111,62236.0,6.523,298.03,247.8,0.11841,5.0,,22,,-0.013148,0.20519,,,0.045039,0,,0,1,1,47,47,0,47.0,21073.0
2.4,30,100,8,0.0,10.505,43.521,0.51328,0,0.6,0,1.5766,14.435,0.00099452,58111,62240.0,6.5173,297.98,232.28,0.12105,5.0,,22,,0.00070833,0.20493,,,0.046042,0,,0,1,1,47,47,0,47.0,21902.0
2.6,30,100,8,0.0,4.1584,25.288,0.051328,0,0.6,0,1.6052,14.394,0.00099404,58109,62242.0,6.5008,297.94,223.91,0.1238,5.0,,22,,0.01714,0.20462,,,0.047089,0,,0,1,1,47,47,0,47.0,22731.0
2.8,30,100,8,0.0,4.3902,7.5864,31.381,0,0.6,0,1.6319,14.375,0.00099356,58107,62245.0,6.4852,298.05,252.36,0.12667,5.0,,22,,0.024801,0.20447,,,0.048181,0,,0,1,1,47,47,0,47.0,21893.0
3.0,30,100,8,0.0,10.848,42.435,3.1381,0,0.6,0,1.6562,14.348,0.00099305,58107,62249.0,6.4809,298.01,240.94,0.12965,5.0,,22,,0.034061,0.20429,,,0.049316,0,,0,1,1,47,47,0,47.0,22055.0
3.2,30,100,15,0.0,18.97,28.785,0.31381,0,0.6,0,1.692,14.319,0.00099249,58109,62256.0,6.4886,297.98,233.75,0.13275,5.0,,22,,0.044535,0.20409,,,0.050494,0,,0,1,1,47,47,0,47.0,20884.0
3.4,30,100,15,0.0,23.991,20.112,0.031381,0,0.6,0,1.7259,14.281,0.00099192,58113,62265.0,6.5038,297.97,230.45,0.13597,5.0,,22,,0.058215,0.20383,,,0.051719,0,,0,1,1,47,47,0,47.0,21212.0
3.6,30,100,15,0.0,22.959,15.326,0.0031381,0,0.6,0,1.7563,14.237,0.00099136,58116,62273.0,6.5164,297.97,229.99,0.13931,5.0,,22,,0.075847,0.20349,,,0.052991,0,,0,1,1,47,47,0,47.0,22041.0
3.8,30,100,15,0.0,16.933,13.644,0.00031381,0,0.6,0,1.7845,14.203,0.00099081,58118,62280.0,6.5172,297.97,231.07,0.14278,5.0,,22,,0.089122,0.20323,,,0.054312,0,,0,1,1,47,47,0,47.0,22203.0
4.0,30,100,15,0.0,10.617,13.791,0.0001,0,0.6,0,1.8102,14.167,0.00099029,58119,62286.0,6.5071,297.98,233.13,0.14639,5.0,,22,,0.10191,0.20299,,,0.055683,0,,0,1,1,47,47,0,47.0,21199.0
4.2,30,100,15,0.0,8.3266,15.328,0.0001,0,0.6,0,1.8606,14.11,0.00098977,58119,62292.0,6.4936,297.99,235.38,0.15014,5.0,,30,,0.11797,0.20268,,,0.05711,0,,0,1,1,47,47,0,47.0,22194.0
4.4,30,100,15,0.0,11.399,17.355,0.0001,0,0.6,0,1.9073,14.081,0.00098924,58120,62300.0,6.4845,298.0,237.91,0.15403,5.0,,30,,0.12748,0.20249,,,0.058592,0,,0,1,1,47,47,0,47.0,21523.0
4.6,30,100,15,0.0,18.106,20.069,0.0001,0,0.6,0,1.951,14.043,0.00098869,58123,62308.0,6.4856,298.01,240.8,0.15808,5.0,,30,,0.13927,0.20226,,,0.060132,0,,0,1,1,47,47,0,47.0,22185.0
4.8,30,100,15,0.0,24.37,23.578,0.0001,0,0.6,0,1.9913,14.004,0.00098812,58126,62318.0,6.4963,298.01,242.82,0.16227,5.0,,30,,0.1521,0.20201,,,0.061727,0,,0,1,1,47,47,0,47.0,21347.0
5.0,30,100,15,0.0,26.354,26.374,0.0001,0,0.6,0,2.028,13.971,0.00098754,58130,62329.0,6.5096,298.02,245.46,0.16661,5.0,,30,,0.16193,0.20182,,,0.06338,0,,0,1,1,47,47,0,47.0,21342.0
5.2,30,100,15,0.0,23.04,30.265,0.0001,0,0.6,0,2.0608,13.928,0.00098699,58132,62337.0,6.5162,298.03,247.26,0.17111,0.0,,30,,0.17439,0.20158,,,0.065091,0,,0,1,1,47,47,0,47.0,22504.0
5.4,30,100,15,0.0,17.088,33.432,0.0001,0,0.6,0,2.09,13.881,0.00098646,58134,62345.0,6.5129,298.04,249.58,0.17577,0.0,,30,,0.1887,0.2013,,,0.066865,0,,0,1,1,47,47,0,47.0,21832.0
5.6,30,100,15,0.0,12.479,37.541,0.0001,0,0.6,0,2.115,13.819,0.00098595,58134,62351.0,6.5012,298.05,252.07,0.18063,0.0,,30,,0.20853,0.20092,,,0.068714,0,,0,1,1,47,47,0,47.0,21828.0
5.8,30,100,15,0.0,12.551,42.179,0.0001,0,0.6,0,2.1368,13.774,0.00098543,58134,62357.0,6.49,298.05,253.57,0.18567,0.0,,30,,0.22336,0.20063,,,0.070635,0,,0,1,1,47,47,0,47.0,21656.0
6.0,30,100,15,0.0,17.051,45.896,0.0001,0,0.6,0,2.155,13.727,0.0009849,58135,62365.0,6.4867,298.06,255.32,0.1909,0.0,,30,,0.23812,0.20034,,,0.072624,0,,0,1,1,47,47,0,47.0,20985.0
6.2,30,100,15,0.0,22.871,50.153,0.0001,0,0.6,0,2.169,13.672,0.00098435,58137,62373.0,6.4913,298.07,257.0,0.19631,0.0,,30,,0.25488,0.20001,,,0.074683,0,,0,1,1,47,47,0,47.0,21480.0
6.4,30,100,15,0.0,26.854,54.578,0.0001,0,0.6,0,2.1785,13.607,0.00098379,58140,62383.0,6.5007,298.07,258.72,0.20192,0.0,,30,,0.27674,0.19959,,,0.076817,0,,0,1,1,47,47,0,47.0,21975.0
6.6,30,100,15,0.0,27.071,59.281,0.0001,0,0.6,0,2.1826,13.539,0.00098322,58143,62392.0,6.5099,298.08,260.43,0.20773,0.0,,30,,0.29931,0.19915,,,0.079029,0,,0,1,1,47,47,0,47.0,22303.0
6.8,30,100,15,0.0,23.645,64.218,0.0001,0,0.6,0,2.182,13.479,0.00098267,58146,62401.0,6.5124,298.09,263.3,0.21376,0.0,,30,,0.31818,0.19878,,,0.081327,0,,0,1,1,47,47,0,47.0,21965.0
7.0,30,100,15,0.0,19.209,70.879,0.0001,0,0.6,0,2.1765,13.412,0.00098214,58147,62408.0,6.5074,298.09,264.07,0.22003,0.0,,30,,0.33797,0.1984,,,0.083712,0,,0,1,1,47,47,0,47.0,20960.0
7.2,30,100,15,0.0,16.796,75.206,0.0001,0,0.6,0,2.1658,13.335,0.00098161,58148,62416.0,6.4972,298.1,264.74,0.22654,0.0,,30,,0.36229,0.19792,,,0.086191,0,,0,1,1,47,47,0,47.0,21289.0
7.4,30,100,15,0.0,18.446,79.571,0.0001,0,0.6,0,2.1513,13.266,0.00098107,58150,62423.0,6.4897,298.1,265.49,0.23327,0.0,,30,,0.38577,0.19747,,,0.088753,0,,0,1,1,47,47,0,47.0,21284.0
7.6,30,100,15,0.0,23.083,84.148,0.0001,0,0.6,0,2.1322,13.192,0.00098052,58152,62432.0,6.4899,298.1,266.91,0.24022,0.0,,30,,0.40991,0.197,,,0.091397,0,,0,1,1,47,47,0,47.0,22279.0
7.8,30,100,15,0.0,27.606,89.679,0.0001,0,0.6,0,2.1085,13.118,0.00097996,58155,62441.0,6.4954,298.11,267.86,0.24741,0.0,,30,,0.43211,0.19656,,,0.094136,0,,0,1,1,47,47,0,47.0,21940.0
8.0,30,100,15,0.0,29.955,94.791,0.0001,0,0.6,0,2.0798,13.054,0.00097939,58159,62451.0,6.5023,298.1,265.45,0.25484,0.0,,30,,0.45109,0.19618,,,0.096966,0,,0,1,1,47,47,0,47.0,21935.0
8.2,42,100,15,0.0,29.552,95.712,0.0001,0,0.6,0,2.0466,13.178,0.00097882,58163,62461.0,6.5062,298.1,264.65,0.2049,0.0,,30,,0.4118,0.19926,,,0.10913,0,,0,1,1,47,47,0,47.0,21430.0
8.4,42,100,15,0.0,27.593,98.462,0.0001,0,0.6,0,2.0079,13.083,0.00097826,58166,62470.0,6.505,298.09,263.7,0.20442,0.0,,30,,0.41381,0.19923,,,0.10888,0,,0,1,1,47,47,0,47.0,20592.0
8.6,42,100,15,0.0,26.124,100.88,0.0001,0,0.6,0,1.9637,12.998,0.0009777,58169,62480.0,6.5004,298.1,266.05,0.20957,0.0,,30,,0.4403,0.19886,,,0.11162,0,,0,1,1,47,47,0,47.0,21587.0
8.8,42,100,15,0.0,26.48,107.4,0.0001,0,0.6,0,1.9134,12.926,0.00097714,58172,62489.0,6.4952,298.11,269.01,0.21555,0.0,,30,,0.46099,0.19857,,,0.11481,0,,0,1,1,47,47,0,47.0,22248.0
9.0,42,100,15,0.0,28.909,114.95,0.0001,0,0.6,0,1.8571,12.852,0.00097657,58175,62498.0,6.4916,298.11,269.67,0.22182,0.0,,30,,0.48075,0.19829,,,0.11815,0,,0,1,1,47,47,0,47.0,20910.0
9.2,42,100,15,0.0,32.769,119.94,0.0001,0,0.6,0,1.7947,12.763,0.00097599,58179,62509.0,6.494,298.11,267.38,0.22831,0.0,,30,,0.50774,0.19791,,,0.12161,0,,0,1,1,47,47,0,47.0,22071.0
9.4,42,100,15,0.0,35.685,121.27,0.0001,0,0.6,0,1.726,12.665,0.0009754,58184,62520.0,6.4985,298.1,265.81,0.23503,0.0,,30,,0.54459,0.1974,,,0.12519,0,,0,1,1,47,47,0,47.0,21566.0
9.6,42,100,15,0.0,36.783,123.31,0.0001,0,0.6,0,1.6508,12.573,0.00097481,58189,62531.0,6.5023,298.1,266.14,0.24195,0.0,,30,,0.57585,0.19696,,,0.12888,0,,0,1,1,47,47,0,47.0,21394.0
9.8,42,100,15,0.0,36.39,127.55,0.0001,0,0.6,0,1.5682,12.477,0.00097422,58194,62543.0,6.5033,298.11,267.16,0.24912,0.0,,30,,0.6044,0.19656,,,0.1327,0,,0,1,1,47,47,0,47.0,20556.0
10.0,42,100,15,0.0,35.604,132.67,0.0001,0,0.6,0,1.4782,12.377,0.00097364,58199,62554.0,6.5032,298.11,267.37,0.25652,0.0,,30,,0.63704,0.19611,,,0.13664,0,,0,1,1,47,47,0,47.0,21217.0
10.2,42,100,15,0.0,34.846,136.87,0.0001,0,0.6,0,1.3803,12.267,0.00097305,58204,62564.0,6.4991,298.12,269.98,0.26418,0.0,,30,,0.67122,0.19563,,,0.14073,0,,0,1,1,47,47,0,47.0,22212.0
10.4,42,100,15,0.0,35.746,144.21,0.0001,0,0.6,0,1.2739,12.148,0.00097246,58208,62575.0,6.4926,298.12,272.25,0.27212,0.0,,30,,0.70927,0.19509,,,0.14496,0,,0,1,1,47,47,0,47.0,21207.0
10.6,42,100,15,0.0,39.221,151.41,0.0001,0,0.6,0,1.1596,12.029,0.00097187,58214,62587.0,6.4877,298.14,275.17,0.28034,0.0,,30,,0.74833,0.19455,,,0.14934,0,,0,1,1,47,47,0,47.0,22201.0
10.8,42,100,15,0.0,44.669,159.77,0.0001,0,0.6,0,1.0382,11.913,0.00097125,58221,62600.0,6.4857,298.15,279.21,0.28883,0.0,,30,,0.78867,0.19398,,,0.15387,0,,0,1,1,47,47,0,47.0,21529.0
11.0,42,100,15,0.0,50.9,169.95,0.0001,0,0.6,0,0.90672,11.773,0.00097061,58228,62614.0,6.4878,298.18,287.38,0.29763,0.0,,30,,0.83437,0.19334,,,0.15856,0,,0,1,1,47,47,0,47.0,21690.0
11.2,42,100,15,0.0,56.292,185.99,0.0001,0,0.6,0,0.76844,11.68,0.00096995,58237,62629.0,6.4922,298.19,290.77,0.3067,0.0,,30,,0.86066,0.19296,,,0.1634,0,,0,1,1,47,47,0,47.0,21185.0
11.4,42,100,15,0.0,59.932,196.91,0.0001,0,0.6,0,0.6216,11.532,0.00096928,58247,62645.0,6.4971,298.2,292.77,0.31606,0.0,,30,,0.90999,0.19227,,,0.16839,0,,0,1,1,47,47,0,47.0,22180.0
11.6,42,100,15,0.0,61.605,206.63,0.0001,0,0.6,0,0.46602,11.415,0.00096861,58257,62661.0,6.5006,298.22,297.68,0.32574,0.0,,30,,0.94269,0.1918,,,0.17355,0,,0,1,1,47,47,0,47.0,21674.0
11.8,42,100,15,0.0,61.896,220.42,0.0001,0,0.6,0,0.30572,11.324,0.00096793,58267,62678.0,6.5021,298.23,299.6,0.33566,0.0,,30,,0.97126,0.19139,,,0.17884,0,,0,1,1,47,47,0,47.0,21169.0
12.0,42,100,15,0.0,61.565,230.97,0.0001,0,0.6,0,0.14605,11.272,0.00096726,58277,62694.0,6.5043,298.22,297.28,0.34578,0.0,1480.5,30,1822.1,0.99796,0.191,0.00096995,2.9096,0.18424,0,10.71,0,1,1,47,47,0,47.0,21330.0
12.2,42,100,30,0.0,60.347,236.43,0.0001,0,0.6,0,0.040032,11.607,0.00096654,58290,62714.0,6.5124,298.18,286.22,0.35573,0.0,,30,,0.94022,0.19178,,,0.18954,0,,0,1,1,47,47,0,47.0,21658.0
12.4,42,100,30,0.0,55.89,230.47,0.0001,0,0.6,0,0.012954,12.399,0.00096585,58301,62733.0,6.5356,298.03,247.06,0.36416,0.0,,30,,0.68412,0.19526,,,0.19404,0,,0,1,1,47,47,0,47.0,22319.0
12.6,42,100,30,0.0,42.116,187.16,0.0001,0,0.7,0,0.012468,13.232,0.0009652,58310,62749.0,6.5539,297.91,213.58,0.37092,0.0,,30,,0.59581,0.19644,,,0.19764,0,,0,1,1,47,47,0,47.0,20647.0
12.8,42,100,30,0.51872,21.058,56.147,206.79,0,0.7,0,0.012168,13.213,0.00096461,58315,62761.0,6.5409,298.7,426.09,0.37735,0.0,,30,,0.57672,0.19669,,,0.20107,0,,0,1,1,47,47,0,47.0,21475.0
13.0,42,100,30,0.0,5.315,326.13,20.679,0,0.7,0,0.011604,13.18,0.00096407,58317,62770.0,6.5029,298.42,352.95,0.38371,0.0,,30,,0.58479,0.19656,,,0.20447,0,,0,1,1,47,47,0,47.0,21636.0
13.2,42,100,30,0.0,4.7637,252.53,2.0679,0,0.7,0,0.011583,13.15,0.00096354,58319,62779.0,6.4674,298.22,297.37,0.39007,0.0,,30,,0.5853,0.19654,,,0.20786,0,,0,1,1,47,47,0,47.0,21797.0
13.4,42,100,30,0.0,18.33,199.23,0.20679,0,0.7,0,0.011456,13.13,0.00096296,58323,62790.0,6.4546,298.09,261.85,0.39647,0.0,,30,,0.58425,0.19655,,,0.21127,0,,0,1,1,47,47,0,47.0,21958.0
13.6,42,100,30,0.0,36.92,163.41,0.020679,0,0.7,0,0.011056,13.134,0.00096232,58331,62806.0,6.4657,298.03,245.81,0.40285,0.0,,30,,0.58038,0.19659,,,0.21467,0,,0,1,1,47,47,0,47.0,21453.0
13.8,42,100,30,0.0,51.065,147.06,0.0020679,0,0.7,0,0.010903,13.107,0.00096164,58342,62824.0,6.489,297.99,235.0,0.4092,0.0,,30,,0.58479,0.19651,,,0.21806,0,,0,1,1,47,47,0,47.0,22447.0
14.0,42,100,30,0.0,55.936,134.66,0.00020679,0,0.7,0,0.010857,13.083,0.00096095,58354,62843.0,6.5142,297.96,227.83,0.41555,0.0,,30,,0.58927,0.19644,,,0.22145,0,,0,1,1,47,47,0,47.0,20775.0
14.2,42,100,30,0.0,50.787,125.26,0.0001,0,0.7,0,0.010596,13.074,0.00096028,58365,62861.0,6.5341,297.95,224.3,0.42188,0.0,,30,,0.58719,0.19646,,,0.22483,0,,0,1,1,47,47,0,47.0,21936.0
14.4,42,100,30,0.0,37.668,37.578,133.21,0,0.7,0,0.010351,13.055,0.00095965,58373,62876.0,6.5418,298.51,375.55,0.42817,0.0,,30,,0.58998,0.19641,,,0.22818,0,,0,1,1,47,47,0,47.0,21764.0
14.6,42,100,30,0.0,21.5,229.38,13.321,0,0.7,0,0.010098,13.029,0.00095906,58378,62888.0,6.5275,298.38,341.68,0.43443,0.0,,30,,0.59376,0.19634,,,0.23152,0,,0,1,1,47,47,0,47.0,21425.0
14.8,42,100,30,0.0,11.086,200.85,1.3321,0,0.7,0,0.0096976,13.008,0.00095852,58380,62898.0,6.4988,298.26,307.74,0.44067,0.0,,30,,0.59562,0.19631,,,0.23485,0,,0,1,1,47,47,0,47.0,22086.0
15.0,42,100,30,0.0,12.138,172.67,0.13321,0,0.7,0,0.0094921,12.981,0.000958,58383,62908.0,6.4729,298.16,282.6,0.44689,0.0,,30,,0.60104,0.19622,,,0.23817,0,,0,1,1,47,47,0,47.0,22080.0
15.2,42,100,30,0.0,23.49,151.04,0.013321,0,0.7,0,0.0094147,12.951,0.00095744,58389,62921.0,6.4637,298.1,265.75,0.4531,0.0,,30,,0.61296,0.19605,,,0.24148,0,,0,1,1,47,47,0,47.0,21242.0
15.4,42,100,30,0.0,38.466,136.3,0.0013321,0,0.7,0,0.0092798,12.925,0.00095687,58397,62936.0,6.4733,298.05,252.38,0.4593,0.0,,30,,0.62092,0.19593,,,0.24479,0,,0,1,1,47,47,0,47.0,21569.0
15.6,42,100,30,0.0,49.62,123.42,0.00013321,0,0.7,0,0.0092122,12.922,0.00095628,58408,62954.0,6.496,298.02,243.04,0.46549,0.0,,30,,0.61789,0.19595,,,0.2481,0,,0,1,1,47,47,0,47.0,21564.0
15.8,42,100,30,0.0,51.706,113.76,0.0001,0,0.7,0,0.0092312,12.903,0.00095569,58419,62972.0,6.519,298.0,237.35,0.47167,0.0,,30,,0.61393,0.196,,,0.2514,0,,0,1,1,47,47,0,47.0,21058.0
16.0,42,100,30,0.0,44.619,107.35,0.0001,0,0.7,0,0.0091997,12.864,0.00095513,58428,62989.0,6.533,297.99,234.8,0.47788,0.0,,30,,0.62085,0.19589,,,0.25471,0,,0,1,1,47,47,0,47.0,21053.0
16.2,42,100,75,0.0,31.969,104.06,0.0001,0,0.7,0,0.029223,11.592,0.00095437,58444,63016.0,6.5108,298.09,261.8,0.48565,0.0,,35,,0.93924,0.19154,,,0.25885,0,,0,1,1,47,47,0,47.0,21714.0
16.4,42,100,75,0.0,28.275,138.12,0.0001,0,0.7,0,0.029004,11.488,0.00095363,58460,63042.0,6.4814,298.16,282.2,0.49505,0.0,,35,,1.0445,0.19008,,,0.26387,0,,0,1,1,47,47,0,47.0,22375.0
16.6,42,100,75,0.0,36.258,166.67,0.0001,0,0.7,0,0.027018,11.468,0.00095285,58477,63070.0,6.4636,298.21,295.15,0.50476,0.0,,35,,1.0603,0.18984,,,0.26905,0,,0,1,1,47,47,0,47.0,21869.0
16.8,42,100,75,0.0,51.311,188.7,0.0001,0,0.7,0,0.024864,11.448,0.00095202,58497,63101.0,6.4623,298.23,299.99,0.5145,0.0,,35,,1.0659,0.18975,,,0.27425,0,,0,1,1,47,47,0,47.0,21197.0
17.0,42,100,75,0.0,66.859,202.37,0.0001,0,0.7,0,0.024174,11.386,0.00095115,58520,63135.0,6.4723,298.23,302.01,0.52426,0.0,,35,,1.0781,0.18956,,,0.27946,0,,0,1,1,47,47,0,47.0,21524.0
17.2,42,100,75,0.0,78.435,213.34,0.0001,0,0.7,0,0.022795,11.367,0.00095024,58545,63171.0,6.485,298.24,303.52,0.53407,0.0,,35,,1.0789,0.18953,,,0.2847,0,,0,1,1,47,47,0,47.0,21019.0
17.4,42,100,75,0.0,84.945,224.01,0.0001,0,0.7,0,0.021934,11.333,0.0009493,58571,63208.0,6.4983,298.24,302.13,0.54387,0.0,,35,,1.0852,0.18943,,,0.28993,0,,0,1,1,47,47,0,47.0,21846.0
17.6,42,100,75,0.0,86.149,231.22,0.0001,0,0.7,0,0.020733,11.315,0.00094837,58598,63246.0,6.5108,298.22,298.16,0.55365,0.0,,35,,1.0862,0.18939,,,0.29515,0,,0,1,1,47,47,0,47.0,21341.0
17.8,42,100,75,0.0,82.343,235.01,0.0001,0,0.7,0,0.020251,11.264,0.00094746,58624,63283.0,6.5196,298.19,289.34,0.56345,0.0,,35,,1.0889,0.18934,,,0.30038,0,,0,1,1,47,47,0,47.0,21002.0
18.0,42,100,75,0.0,75.024,232.16,0.0001,0,0.7,0,0.018825,11.253,0.00094656,58649,63318.0,6.5256,298.16,282.08,0.57323,0.0,,35,,1.0925,0.18927,,,0.30561,0,,0,1,1,47,47,0,47.0,21829.0
18.2,42,100,75,0.0,65.322,230.22,0.0001,0,0.7,0,0.017676,11.241,0.00094571,58672,63352.0,6.5278,298.13,274.06,0.58291,0.0,,35,,1.0958,0.18921,,,0.31078,0,,0,1,1,47,47,0,47.0,20490.0
18.4,42,100,75,0.0,54.736,226.25,0.0001,0,0.7,0,0.017026,11.217,0.00094489,58692,63383.0,6.5224,298.09,262.04,0.59251,0.0,,35,,1.0969,0.18917,,,0.3159,0,,0,1,1,47,47,0,47.0,22318.0
18.6,42,100,75,0.0,46.301,216.12,0.0001,0,0.7,0,0.016419,11.154,0.00094409,58711,63412.0,6.5118,298.05,252.27,0.60212,0.0,,35,,1.1073,0.18901,,,0.32104,0,,0,1,1,47,47,0,47.0,20645.0
18.8,42,100,75,0.0,42.11,207.31,0.0001,0,0.7,0,0.015889,11.103,0.00094331,58729,63441.0,6.4994,298.02,244.49,0.61177,0.0,,35,,1.1173,0.18886,,,0.32619,0,,0,1,1,47,47,0,47.0,21973.0
19.0,42,100,75,0.0,42.861,199.61,0.0001,0,0.7,0,0.015432,11.071,0.00094253,58747,63470.0,6.4875,298.0,238.78,0.62143,0.0,,35,,1.1211,0.18879,,,0.33135,0,,0,1,1,47,47,0,47.0,21300.0
19.2,42,100,75,0.0,48.366,193.43,0.0001,0,0.7,0,0.015478,11.0,0.00094173,58767,63500.0,6.4837,297.99,236.67,0.63114,0.0,,35,,1.1355,0.18857,,,0.33653,0,,0,1,1,47,47,0,47.0,21128.0
19.4,42,100,75,0.0,55.369,190.96,0.0001,0,0.7,0,0.015204,10.944,0.00094092,58787,63532.0,6.484,298.0,237.18,0.64092,0.0,,35,,1.1479,0.18838,,,0.34176,0,,0,1,1,47,47,0,47.0,20455.0
19.6,42,100,75,0.0,62.265,191.43,0.0001,0,0.7,0,0.014538,10.92,0.00094008,58810,63565.0,6.4893,298.0,237.82,0.65074,0.0,,35,,1.1491,0.18835,,,0.347,0,,0,1,1,47,47,0,47.0,21950.0
19.8,42,100,75,0.0,67.029,192.07,0.0001,0,0.7,0,0.014194,10.895,0.00093922,58833,63599.0,6.4968,298.0,237.16,0.66056,0.0,,35,,1.1483,0.18834,,,0.35225,0,,0,1,1,47,47,0,47.0,21944.0
20.0,42,100,75,0.0,68.834,191.15,0.0001,0,0.7,0,0.013737,10.846,0.00093836,58856,63633.0,6.5049,297.99,236.72,0.6704,0.0,,35,,1.1582,0.18818,,,0.3575,0,,0,1,1,47,47,0,47.0,21438.0
20.2,55,100,150,0.0,67.395,190.44,0.0001,0,0.7,0,0.041136,9.8789,0.00093727,58894,63686.0,6.4865,298.09,262.28,0.5384,0.0,,35,,1.4586,0.18904,,,0.37585,0,,0,1,1,47,47,0,47.0,20932.0
20.4,55,100,150,0.0,73.389,222.6,0.0001,0,0.7,0,0.040276,9.7134,0.00093616,58933,63741.0,6.4686,298.17,283.84,0.54056,0.0,,35,,1.534,0.18825,,,0.37736,0,,0,1,1,47,47,0,47.0,21260.0
20.6,55,100,150,0.0,86.452,252.49,0.0001,0,0.7,0,0.035183,9.6931,0.000935,58975,63798.0,6.4573,298.18,288.39,0.55076,0.0,,35,,1.5389,0.18818,,,0.38449,0,,0,1,1,47,47,0,47.0,20420.0
20.8,55,100,150,0.0,104.03,263.91,0.0001,0,0.7,0,0.033155,9.6174,0.00093379,59021,63859.0,6.4505,298.19,290.05,0.56148,0.0,,35,,1.5485,0.18805,,,0.39198,0,,0,1,1,47,47,0,47.0,20914.0
21.0,55,100,150,0.0,124.32,272.77,0.0001,0,0.7,0,0.030949,9.5405,0.00093251,59070,63923.0,6.4466,298.19,289.98,0.57233,0.0,,35,,1.5737,0.18777,,,0.39957,0,,0,1,1,47,47,0,47.0,21575.0
21.2,55,100,150,0.0,146.19,279.75,0.0001,0,0.7,0,0.029831,9.4725,0.00093117,59124,63992.0,6.4442,298.18,286.9,0.58327,0.0,,35,,1.5864,0.18761,,,0.40722,0,,0,1,1,47,47,0,47.0,21736.0
21.4,55,100,150,0.0,169.01,282.97,0.0001,0,0.7,0,0.028427,9.4171,0.00092976,59182,64066.0,6.4427,298.14,277.73,0.59431,0.0,,35,,1.5904,0.18755,,,0.41494,0,,0,1,1,47,47,0,47.0,22063.0
21.6,55,100,150,0.0,192.43,278.19,0.0001,0,0.7,0,0.026271,9.3919,0.00092828,59245,64145.0,6.4423,298.11,268.66,0.60541,0.0,,35,,1.5962,0.18747,,,0.4227,0,,0,1,1,47,47,0,47.0,21057.0
21.8,55,100,150,0.0,216.05,272.46,0.0001,0,0.7,0,0.024675,9.3653,0.00092674,59313,64228.0,6.4423,298.11,268.49,0.61653,0.0,,35,,1.5942,0.18747,,,0.43048,0,,0,1,1,47,47,0,47.0,22051.0
22.0,55,100,150,0.0,225.0,276.68,0.0001,0,0.7,0,0.024617,9.2277,0.00092516,59383,64313.0,6.4415,298.11,267.84,0.62777,0.0,,35,,1.6327,0.18704,,,0.43834,0,,0,1,1,47,47,0,47.0,21212.0
22.2,55,100,150,0.0,225.0,280.02,0.0001,0,0.7,0,0.024814,9.1015,0.0009236,59452,64398.0,6.4397,298.1,266.76,0.63918,0.0,,35,,1.6671,0.18666,,,0.44632,0,,0,1,1,47,47,0,47.0,20539.0
22.4,55,100,150,0.0,225.0,282.77,0.0001,0,0.7,0,0.023754,9.0304,0.00092203,59522,64483.0,6.438,298.11,267.07,0.6507,0.0,,35,,1.6937,0.18635,,,0.45438,0,,0,1,1,47,47,0,47.0,21033.0
22.6,55,100,150,0.0,225.0,287.11,0.0001,0,0.7,0,0.023119,8.9292,0.00092047,59591,64569.0,6.4361,298.13,272.92,0.6623,0.0,,35,,1.7223,0.18603,,,0.4625,0,,0,1,1,47,47,0,47.0,21194.0
22.8,55,100,150,0.0,225.0,298.39,0.0001,0,0.7,0,0.022581,8.8493,0.00091891,59661,64654.0,6.4343,298.15,280.61,0.674,0.0,,35,,1.7384,0.18584,,,0.47068,0,,0,1,1,47,47,0,47.0,20688.0
23.0,55,100,150,0.0,225.0,312.6,0.0001,0,0.7,0,0.020146,8.8927,0.00091736,59730,64739.0,6.4342,298.18,286.47,0.68568,0.0,,35,,1.7179,0.18603,,,0.47885,0,,0,1,1,47,47,0,47.0,20515.0
23.2,55,100,150,0.0,225.0,325.51,0.0001,0,0.7,0,0.01908,8.8737,0.00091581,59800,64824.0,6.435,298.18,287.56,0.69725,0.0,,35,,1.7187,0.186,,,0.48694,0,,0,1,1,47,47,0,47.0,21842.0
23.4,55,100,150,0.0,225.0,333.31,0.0001,0,0.7,0,0.017984,8.8416,0.00091426,59869,64909.0,6.436,298.18,286.57,0.7088,0.0,,35,,1.7146,0.18603,,,0.49503,0,,0,1,1,47,47,0,47.0,20836.0
23.6,55,100,150,0.0,225.0,338.79,0.0001,0,0.7,0,0.01726,8.8112,0.00091272,59939,64994.0,6.437,298.17,285.42,0.72034,0.0,,35,,1.7117,0.18603,,,0.5031,0,,0,1,1,47,47,0,47.0,21996.0
23.8,55,100,150,0.0,225.0,344.01,0.0001,0,0.7,0,0.016521,8.7927,0.00091118,60008,65079.0,6.4382,298.15,280.37,0.73186,0.0,,35,,1.7063,0.18607,,,0.51117,0,,0,1,1,47,47,0,47.0,20990.0
24.0,55,100,150,0.0,225.0,344.24,0.0001,0,0.7,0,0.015379,8.807,0.00090965,60078,65164.0,6.4402,298.11,267.26,0.7433,0.0,1175.7,35,1823.3,1.7004,0.18611,0.00091581,8.9247,0.51917,0,21.968,0,1,1,47,47,0,47.0,21151.0
24.2,55,100,30,0.0,225.0,333.92,0.0001,0,0.7,0,0.0028754,11.969,0.017128,60123,65217.0,6.4812,297.79,179.88,0.75047,0.0,,35,,0.82946,0.19518,,,0.52419,0,,0,1,1,47,47,0,47.0,21224.0
24.4,55,100,30,0.0,225.0,100.18,457.49,0,0.7,0,0.0029387,11.945,0.035358,60169,65271.0,6.5202,299.29,596.61,0.75502,0.0,,35,,0.7273,0.19623,,,0.52737,0,,0,1,1,47,47,0,47.0,21807.0
24.6,55,100,30,0.0,217.46,610.15,45.749,0,0.7,0,0.0028999,11.917,0.053837,60213,65323.0,6.5547,298.74,444.9,0.7594,0.0,,35,,0.72873,0.1962,,,0.53044,0,,0,1,1,47,47,0,47.0,21392.0
24.8,55,100,30,0.51738,108.73,459.76,4.5749,0,0.7,0,0.0028853,11.77,0.072555,60235,65353.0,6.5818,298.27,313.56,0.76375,0.0,,35,,0.7635,0.19584,,,0.53349,0,,0,1,1,47,47,0,47.0,22144.0
25.0,55,100,30,1.0355,54.365,329.54,0.45749,0,0.7,0,0.002835,11.691,0.091849,60246,65373.0,6.5902,297.99,233.11,0.76808,0.0,,35,,0.7845,0.19561,,,0.53652,0,,0,1,1,47,47,0,47.0,21900.0
25.2,55,100,30,1.5556,27.183,244.02,0.045749,0,0.8,0,0.0028227,12.465,0.11139,60253,65387.0,6.5683,297.83,189.07,0.77241,0.0,,35,,0.80025,0.19544,,,0.53955,0,,0,1,1,47,47,0,47.0,22156.0
25.4,55,100,30,2.0788,13.591,73.206,253.64,0,0.8,0,0.0027603,12.458,0.13166,60256,65398.0,6.5267,298.71,436.5,0.77672,0.0,,35,,0.78609,0.19558,,,0.54256,0,,0,1,1,47,47,0,47.0,22083.0
25.6,55,100,30,0.0,3.4897,373.31,25.364,0,0.8,0,0.0027274,12.409,0.15225,60257,65408.0,6.4792,298.41,352.3,0.781,0.0,,35,,0.79609,0.19547,,,0.54556,0,,0,1,1,47,47,0,47.0,22011.0
25.8,55,100,30,0.0,12.348,289.52,2.5364,0,0.8,0,0.0026682,12.409,0.17333,60260,65419.0,6.4472,298.16,282.55,0.78525,0.0,,35,,0.79941,0.19543,,,0.54854,0,,0,1,1,47,47,0,47.0,21608.0
26.0,55,100,30,0.0,33.961,221.19,0.25364,0,0.8,0,0.0027121,12.379,0.19432,60267,65434.0,6.4419,298.01,239.38,0.78951,0.0,,35,,0.80782,0.19533,,,0.55152,0,,0,1,1,47,47,0,47.0,21038.0
26.2,55,100,30,0.0,57.639,175.91,0.025364,0,0.8,0,0.002684,12.424,0.21541,60279,65454.0,6.4596,297.9,209.75,0.79376,0.0,,35,,0.78382,0.19557,,,0.55449,0,,0,1,1,47,47,0,47.0,21969.0
26.4,55,100,30,0.0,74.233,52.774,188.57,0,0.8,0,0.0026979,12.431,0.23679,60295,65477.0,6.4865,298.58,400.48,0.79798,0.0,,35,,0.77154,0.19569,,,0.55745,0,,0,1,1,47,47,0,47.0,22734.0
26.6,55,100,30,0.0,80.106,285.08,18.857,0,0.8,0,0.0027091,12.416,0.25803,60311,65502.0,6.513,298.37,339.27,0.80218,0.0,,35,,0.7763,0.19563,,,0.56039,0,,0,1,1,47,47,0,47.0,21832.0
26.8,55,100,30,0.0,75.414,226.43,1.8857,0,0.8,0,0.0027063,12.36,0.27935,60327,65525.0,6.5347,298.17,284.59,0.80639,0.0,,35,,0.8002,0.19538,,,0.56333,0,,0,1,1,47,47,0,47.0,23431.0
27.0,55,100,30,0.0,62.062,174.41,0.18857,0,0.8,0,0.0026925,12.335,0.30095,60340,65546.0,6.55,298.05,250.5,0.81058,0.0,,35,,0.80326,0.19534,,,0.56627,0,,0,1,1,47,47,0,47.0,22530.0
27.2,55,100,30,0.0,42.615,140.26,0.018857,0,0.8,0,0.002694,12.279,0.32272,60349,65563.0,6.5486,297.98,231.48,0.81477,0.0,,35,,0.81319,0.19523,,,0.5692,0,,0,1,1,47,47,0,47.0,22964.0
27.4,55,100,30,0.0,23.748,119.57,0.0018857,0,0.8,0,0.0026463,12.225,0.34479,60354,65577.0,6.5259,297.95,223.01,0.81894,0.0,,35,,0.8326,0.19502,,,0.57212,0,,0,1,1,47,47,0,47.0,22067.0
27.6,55,100,30,0.0,13.993,108.94,0.00018857,0,0.8,0,0.0025853,12.206,0.36734,60357,65588.0,6.4927,297.94,220.08,0.82306,0.0,,35,,0.84162,0.19492,,,0.57501,0,,0,1,1,47,47,0,47.0,22504.0
27.8,55,100,30,0.0,17.471,32.681,116.52,0,0.8,0,0.0026193,12.173,0.3898,60361,65600.0,6.4664,298.41,352.91,0.82719,0.0,,35,,0.84498,0.19487,,,0.57789,0,,0,1,1,47,47,0,47.0,23108.0
28.0,55,100,30,0.0,31.404,194.01,11.652,0,0.8,0,0.0025623,12.198,0.4126,60368,65615.0,6.4568,298.28,316.59,0.83128,0.0,,35,,0.83348,0.19498,,,0.58076,0,,0,1,1,47,47,0,47.0,23547.0
28.2,55,100,37,0.0,49.138,161.28,1.1652,0,0.8,0,0.0029541,11.97,0.43272,60379,65635.0,6.4645,298.19,290.3,0.83566,0.0,,35,,0.89373,0.19435,,,0.58383,0,,0,1,1,47,47,0,47.0,23307.0
28.4,55,100,37,0.0,63.797,140.56,0.11652,0,0.8,0,0.0029072,12.003,0.45326,60394,65658.0,6.4815,298.11,268.51,0.84017,0.0,,35,,0.87636,0.19452,,,0.58699,0,,0,1,1,47,47,0,47.0,22568.0
28.6,55,100,37,0.0,71.678,121.62,0.011652,0,0.8,0,0.0029158,11.984,0.47384,60410,65682.0,6.5007,298.06,253.83,0.84469,0.0,,35,,0.87251,0.19455,,,0.59015,0,,0,1,1,47,47,0,47.0,22996.0
28.8,55,100,37,0.0,71.912,108.38,0.0011652,0,0.8,0,0.0029693,11.932,0.49398,60427,65707.0,6.519,298.04,246.9,0.84925,0.0,,35,,0.87927,0.19448,,,0.59335,0,,0,1,1,47,47,0,47.0,23422.0
29.0,55,100,37,0.0,64.817,102.52,0.00011652,0,0.8,0,0.0029896,11.887,0.51406,60441,65730.0,6.5317,298.02,242.05,0.85386,0.0,,35,,0.88537,0.1944,,,0.59657,0,,0,1,1,47,47,0,47.0,23181.0
29.2,55,100,37,0.0,52.66,98.096,0.0001,0,0.8,0,0.0030008,11.82,0.53423,60454,65751.0,6.5328,298.01,239.47,0.85849,0.0,,35,,0.90358,0.19421,,,0.59982,0,,0,1,1,47,47,0,47.0,23774.0
29.4,55,100,37,0.0,40.09,95.747,0.0001,0,0.8,0,0.0029564,11.783,0.55478,60464,65770.0,6.5225,298.0,238.01,0.86313,0.0,,35,,0.91002,0.19413,,,0.60306,0,,0,1,1,47,47,0,47.0,23535.0
29.6,55,100,37,0.0,31.629,94.381,0.0001,0,0.8,0,0.0029246,11.737,0.5757,60472,65787.0,6.5054,298.0,237.76,0.86776,0.0,,35,,0.91814,0.19404,,,0.60631,0,,0,1,1,47,47,0,47.0,22965.0
29.8,55,100,37,0.0,30.032,94.267,0.0001,0,0.8,0,0.0028998,11.716,0.59691,60480,65803.0,6.4877,298.0,236.9,0.87238,0.0,,35,,0.92043,0.19401,,,0.60954,0,,0,1,1,47,47,0,47.0,24396.0
30.0,55,100,37,0.0,35.465,93.347,0.0001,0,0.8,0,0.0029001,11.708,0.61847,60489,65821.0,6.4795,298.0,236.06,0.87698,0.0,,35,,0.91422,0.19406,,,0.61277,0,,0,1,1,47,47,0,47.0,24329.0
30.2,55,100,37,0.0,44.145,92.344,0.0001,0,0.9,0,0.0029312,12.512,0.63983,60500,65840.0,6.4807,298.0,236.03,0.88162,0.0,,35,,0.92042,0.19399,,,0.61601,0,,0,1,1,47,47,0,47.0,23427.0
30.4,55,100,37,0.0,52.352,92.228,0.0001,0,0.9,0,0.0028763,12.541,0.66206,60512,65861.0,6.4895,298.0,236.64,0.88623,0.0,,35,,0.89348,0.19426,,,0.61925,0,,0,1,1,47,47,0,47.0,24197.0
30.6,55,100,37,0.0,57.055,92.879,0.0001,0,0.9,0,0.002861,12.511,0.68441,60525,65883.0,6.5015,298.0,236.4,0.89083,0.0,,35,,0.90102,0.19417,,,0.62247,0,,0,1,1,47,47,0,47.0,24634.0
30.8,55,100,37,0.0,56.975,92.544,0.0001,0,0.9,0,0.0028482,12.486,0.70709,60539,65905.0,6.5095,298.01,238.32,0.89543,0.0,,35,,0.89798,0.19419,,,0.62569,0,,0,1,1,47,47,0,47.0,23572.0
31.0,55,100,37,0.0,53.7,94.844,0.0001,0,0.9,0,0.0028504,12.433,0.72976,60551,65926.0,6.5128,298.0,238.11,0.90005,0.0,,35,,0.91483,0.19401,,,0.62893,0,,0,1,1,47,47,0,47.0,25510.0
31.2,55,100,37,0.0,49.133,94.736,0.0001,0,0.9,0,0.00291,12.368,0.75192,60563,65946.0,6.5124,298.01,240.06,0.90472,0.0,,35,,0.92582,0.19389,,,0.6322,0,,0,1,1,47,47,0,47.0,24113.0
31.4,55,100,37,0.0,44.722,97.297,0.0001,0,0.9,0,0.0028577,12.36,0.77452,60574,65966.0,6.5074,298.01,240.28,0.90939,0.0,,35,,0.92188,0.19392,,,0.63547,0,,0,1,1,47,47,0,47.0,24051.0
31.6,55,100,37,0.0,42.288,97.957,0.0001,0,0.9,0,0.002836,12.336,0.79743,60584,65985.0,6.5004,298.01,241.04,0.91404,0.0,,35,,0.92381,0.19389,,,0.63872,0,,0,1,1,47,47,0,47.0,25157.0
31.8,55,100,37,0.0,42.648,99.336,0.0001,0,0.9,0,0.0027781,12.337,0.82102,60594,66004.0,6.4949,298.02,241.06,0.91863,0.0,,35,,0.92041,0.19392,,,0.64194,0,,0,1,1,47,47,0,47.0,25433.0
32.0,55,100,37,0.0,45.209,99.909,0.0001,0,0.9,0,0.0027474,12.309,0.8452,60605,66023.0,6.492,298.01,240.86,0.9232,0.0,,35,,0.92666,0.19384,,,0.64515,0,,0,1,1,47,47,0,47.0,24546.0
32.2,55,100,43,0.0,48.922,100.22,0.0001,0,0.9,0,0.0030789,12.09,0.86647,60618,66045.0,6.4906,298.02,242.07,0.92804,0.0,,35,,0.97645,0.19332,,,0.64853,0,,0,1,1,47,47,0,47.0,25311.0
32.4,55,100,43,0.0,53.199,102.25,0.0001,0,0.9,0,0.0030443,12.075,0.8883,60632,66068.0,6.4926,298.02,242.05,0.93301,0.0,,35,,0.97834,0.19329,,,0.65202,0,,0,1,1,47,47,0,47.0,24245.0
32.6,55,100,43,0.0,56.666,102.89,0.0001,0,0.9,0,0.0030747,12.018,0.90999,60646,66092.0,6.4984,298.01,240.8,0.93803,0.0,,35,,0.99375,0.19312,,,0.65553,0,,0,1,1,47,47,0,47.0,25178.0
32.8,55,100,43,0.0,57.808,102.06,0.0001,0,0.9,0,0.0029903,12.014,0.93273,60661,66115.0,6.505,298.01,239.82,0.94301,0.0,,35,,0.99936,0.19305,,,0.65902,0,,0,1,1,47,47,0,47.0,25284.0
33.0,55,100,43,0.0,56.311,101.42,0.0001,0,0.9,0,0.0029861,11.986,0.95586,60675,66139.0,6.5081,298.0,237.98,0.94797,0.0,,35,,0.99694,0.19307,,,0.6625,0,,0,1,1,47,47,0,47.0,25391.0
33.2,55,100,43,0.0,53.609,99.604,0.0001,0,0.9,0,0.0029581,11.952,0.97956,60689,66161.0,6.511,298.0,237.82,0.95292,0.0,,35,,1.0077,0.19295,,,0.66596,0,,0,1,1,47,47,0,47.0,24668.0
33.4,55,100,43,0.0,49.728,99.611,0.0001,0,0.9,0,0.0029633,11.903,1.0033,60702,66184.0,6.5098,298.01,240.79,0.95787,0.0,,35,,1.0138,0.19287,,,0.66944,0,,0,1,1,47,47,0,47.0,25778.0
33.6,55,100,43,0.0,46.329,103.37,0.0001,0,0.9,0,0.0029735,11.845,1.027,60715,66205.0,6.506,298.03,244.58,0.96286,0.0,,35,,1.0296,0.1927,,,0.67293,0,,0,1,1,47,47,0,47.0,26054.0
33.8,55,100,43,0.0,44.447,108.46,0.0001,0,0.9,0,0.0028991,11.836,1.0515,60726,66226.0,6.5009,298.04,248.52,0.96782,0.0,,35,,1.0316,0.19267,,,0.67641,0,,0,1,1,47,47,0,47.0,25835.0
34.0,55,100,43,0.0,44.611,114.19,0.0001,0,0.9,0,0.0028042,11.86,1.0772,60738,66247.0,6.4974,298.04,248.08,0.97269,0.0,,35,,1.0227,0.19275,,,0.67982,0,,0,1,1,47,47,0,47.0,26455.0
34.2,55,100,43,0.0,46.158,115.11,0.0001,0,0.9,0,0.002815,11.805,1.1029,60751,66268.0,6.4976,298.03,244.35,0.97754,0.0,,35,,1.0364,0.1926,,,0.68322,0,,0,1,1,47,47,0,47.0,26741.0
34.4,55,100,43,0.0,47.638,112.07,0.0001,0,0.9,0,0.0028329,11.757,1.1285,60763,66290.0,6.4963,298.02,242.24,0.98243,0.0,,35,,1.048,0.19247,,,0.68665,0,,0,1,1,47,47,0,47.0,26027.0
34.6,55,100,43,0.0,49.638,110.6,0.0001,0,0.9,0,0.0028364,11.717,1.1544,60776,66312.0,6.4965,298.01,241.02,0.98733,0.0,,35,,1.0616,0.19232,,,0.69008,0,,0,1,1,47,47,0,47.0,27481.0
34.8,55,100,43,0.0,51.556,109.88,0.0001,0,0.9,0,0.0027937,11.724,1.1808,60790,66335.0,6.4999,298.01,239.1,0.99219,0.0,,35,,1.0587,0.19234,,,0.69349,0,,0,1,1,47,47,0,47.0,25605.0
35.0,55,100,43,0.0,52.098,108.13,0.0001,0,0.9,0,0.0027152,11.739,1.2081,60803,66357.0,6.5037,298.01,238.23,0.99697,0.0,,35,,1.0499,0.19242,,,0.69684,0,,0,1,1,47,47,0,47.0,26566.0
35.2,55,100,43,0.0,51.126,107.42,0.0001,0,0.9,0,0.0027339,11.695,1.2353,60817,66380.0,6.5077,298.01,239.48,1.0017,0.0,,35,,1.0589,0.19232,,,0.70018,0,,0,1,1,47,47,0,47.0,26526.0
35.4,55,100,43,0.0,48.567,109.17,0.0001,0,0.9,0,0.0027022,11.689,1.2629,60829,66401.0,6.5088,298.01,239.24,1.0065,0.0,,35,,1.0525,0.19238,,,0.70351,0,,0,1,1,47,47,0,47.0,26988.0
35.6,55,100,43,0.0,45.568,109.2,0.0001,0,0.9,0,0.0027434,11.615,1.2902,60841,66423.0,6.5072,298.01,240.99,1.0113,0.0,,35,,1.0663,0.19223,,,0.70686,0,,0,1,1,47,47,0,47.0,27116.0
35.8,55,100,43,0.0,43.225,111.66,0.0001,0,0.9,0,0.0027178,11.605,1.3178,60853,66443.0,6.5034,298.01,241.03,1.0161,0.0,,35,,1.0634,0.19225,,,0.71022,0,,0,1,1,47,47,0,47.0,27079.0
36.0,55,100,43,0.0,42.386,112.22,0.0001,0,0.9,0,0.0026654,11.615,1.3462,60865,66464.0,6.499,298.01,239.12,1.0208,0.0,748.29,35,1777.2,1.0437,0.19244,1.2353,12.742,0.71355,0,35.437,0,1,1,47,47,0,47.0,28379.0
36.2,55,100,47,0.0,43.328,110.45,0.0001,0,0.9,0,0.0029284,11.422,1.3722,60877,66486.0,6.4939,298.02,243.26,1.0258,0.0,,35,,1.0751,0.19211,,,0.71703,0,,0,1,1,47,47,0,47.0,26833.0
36.4,55,100,47,0.0,46.274,115.85,0.0001,0,0.9,0,0.0029118,11.383,1.3986,60890,66508.0,6.4926,298.04,246.88,1.0309,0.0,,35,,1.0928,0.19191,,,0.72059,0,,0,1,1,47,47,0,47.0,27956.0
36.6,55,100,47,0.0,49.726,120.99,0.0001,0,0.9,0,0.0028633,11.385,1.4256,60904,66532.0,6.4924,298.04,248.82,1.0359,0.0,,35,,1.0885,0.19195,,,0.72414,0,,0,1,1,47,47,0,47.0,28416.0
36.8,55,100,47,0.0,53.281,124.6,0.0001,0,0.9,0,0.0028453,11.368,1.4527,60919,66555.0,6.4931,298.05,250.09,1.041,0.0,,35,,1.0852,0.19197,,,0.72768,0,,0,1,1,47,47,0,47.0,28042.0
37.0,55,100,47,0.0,56.552,127.68,0.0001,0,0.9,0,0.0028138,11.34,1.4803,60934,66580.0,6.4967,298.04,249.49,1.046,0.0,,35,,1.0993,0.19182,,,0.73121,0,,0,1,1,47,47,0,47.0,28172.0
37.2,55,100,47,0.0,58.396,128.67,0.0001,0,0.9,0,0.0027691,11.331,1.5085,60949,66605.0,6.5015,298.04,249.13,1.051,0.0,,35,,1.1001,0.1918,,,0.73471,0,,0,1,1,47,47,0,47.0,27970.0
37.4,55,100,47,0.0,58.295,129.93,0.0001,0,0.9,0,0.002812,11.252,1.5365,60965,66630.0,6.5046,298.04,249.03,1.056,0.0,,35,,1.1251,0.19153,,,0.73822,0,,0,1,1,47,47,0,47.0,28768.0
37.6,55,100,47,0.0,56.986,131.44,0.0001,0,0.9,0,0.0028072,11.233,1.5645,60980,66655.0,6.508,298.03,245.79,1.061,0.0,,35,,1.122,0.19155,,,0.74175,0,,0,1,1,47,47,0,47.0,28233.0
37.8,55,100,47,0.0,54.314,129.14,0.0001,0,0.9,0,0.0027551,11.217,1.5933,60995,66679.0,6.5093,298.02,243.52,1.0661,0.0,,35,,1.1199,0.19157,,,0.74527,0,,0,1,1,47,47,0,47.0,29034.0
38.0,55,100,47,0.0,51.122,127.66,0.0001,0,0.9,0,0.0027424,11.177,1.6221,61009,66702.0,6.5058,298.01,240.71,1.071,0.0,,35,,1.1309,0.19144,,,0.74877,0,,0,1,1,47,47,0,47.0,29336.0
38.2,55,100,47,0.0,49.342,125.2,0.0001,0,0.9,0,0.0027133,11.139,1.6515,61023,66725.0,6.4997,298.01,240.97,1.076,0.0,,35,,1.1427,0.19131,,,0.75227,0,,0,1,1,47,47,0,47.0,28140.0
38.4,55,100,47,0.0,49.988,126.12,0.0001,0,0.9,0,0.0026806,11.123,1.6813,61036,66749.0,6.4943,298.0,237.93,1.081,0.0,,35,,1.146,0.19127,,,0.75574,0,,0,1,1,47,47,0,47.0,28780.0
38.6,55,100,47,0.0,52.778,122.97,0.0001,0,0.9,0,0.0026548,11.117,1.7116,61051,66773.0,6.4925,297.99,234.96,1.0859,0.0,,35,,1.1403,0.19132,,,0.7592,0,,0,1,1,47,47,0,47.0,28423.0
38.8,55,100,47,0.0,56.303,119.61,0.0001,0,0.9,0,0.0026312,11.128,1.7423,61066,66797.0,6.494,297.99,234.85,1.0908,0.0,,35,,1.1268,0.19145,,,0.76263,0,,0,1,1,47,47,0,47.0,28400.0
39.0,55,100,47,0.0,59.231,119.32,0.0001,0,0.9,0,0.0025904,11.114,1.7736,61082,66822.0,6.4965,297.99,234.47,1.0957,0.0,,35,,1.1264,0.19144,,,0.76604,0,,0,1,1,47,47,0,47.0,29214.0
39.2,55,100,47,0.0,61.16,118.61,0.0001,0,0.9,0,0.0025676,11.079,1.8055,61098,66848.0,6.499,297.99,232.67,1.1005,0.0,,35,,1.1367,0.19132,,,0.76944,0,,0,1,1,47,47,0,47.0,29031.0
39.4,55,100,47,0.0,62.068,116.13,0.0001,0,0.9,0,0.0026017,11.032,1.8374,61114,66873.0,6.5025,297.98,232.43,1.1054,0.0,,35,,1.1436,0.19124,,,0.77286,0,,0,1,1,47,47,0,47.0,29514.0
39.6,55,100,47,0.0,61.578,115.36,0.0001,0,0.9,0,0.0026355,10.978,1.8691,61130,66899.0,6.5035,297.99,233.37,1.1103,0.0,,35,,1.1485,0.19118,,,0.77631,0,,0,1,1,47,47,0,47.0,30330.0
39.8,55,100,47,0.0,60.713,115.93,0.0001,0,0.9,0,0.0026223,10.962,1.9011,61146,66924.0,6.5051,297.99,234.53,1.1152,0.0,,35,,1.1467,0.19119,,,0.77977,0,,0,1,1,47,47,0,47.0,29814.0
40.0,55,100,47,0.0,59.188,116.87,0.0001,0,0.9,0,0.0025765,10.95,1.9337,61162,66950.0,6.5064,297.99,235.05,1.1201,0.0,,35,,1.1527,0.19112,,,0.78319,0,,0,1,1,47,47,0,47.0,29301.0
40.2,60,100,51,0.0,57.168,117.17,0.0001,0,1.1,0,0.0027982,12.623,1.9641,61180,66977.0,6.5052,298.0,237.69,1.039,10.0,,35,,1.1693,0.19212,,,0.79229,0,,0,1,1,47,47,0,47.0,30111.0
40.4,60,100,51,0.0,55.614,120.12,0.0001,0,1.1,0,0.0028981,12.508,1.9936,61198,67005.0,6.5049,298.02,243.73,1.0394,10.0,,35,,1.1844,0.19197,,,0.79267,0,,0,1,1,47,47,0,47.0,30916.0
40.6,60,100,51,0.0,54.164,127.47,0.0001,0,1.1,0,0.0028733,12.498,2.0232,61215,67032.0,6.506,298.04,247.43,1.0441,10.0,,35,,1.181,0.19199,,,0.79621,0,,0,1,1,47,47,0,47.0,31055.0
40.8,60,100,51,0.0,52.263,132.7,0.0001,0,1.1,0,0.0028869,12.444,2.0531,61232,67059.0,6.5039,298.04,249.59,1.0489,10.0,,35,,1.1887,0.19191,,,0.79993,0,,0,1,1,47,47,0,47.0,30528.0
41.0,60,100,51,0.0,51.224,136.61,0.0001,0,1.1,0,0.0028569,12.428,2.0836,61249,67086.0,6.5027,298.05,250.73,1.0538,10.0,,35,,1.1844,0.19194,,,0.80367,0,,0,1,1,47,47,0,47.0,31838.0
41.2,60,100,51,0.0,50.653,139.61,0.0001,0,1.1,0,0.0028886,12.353,2.1141,61266,67113.0,6.4993,298.05,250.79,1.0587,10.0,,35,,1.2037,0.19175,,,0.80743,0,,0,1,1,47,47,0,47.0,30481.0
41.4,60,100,51,0.0,51.444,141.48,0.0001,0,1.1,0,0.0028758,12.312,2.1448,61283,67140.0,6.4971,298.06,253.26,1.0637,10.0,,35,,1.2144,0.19164,,,0.8112,0,,0,1,1,47,47,0,47.0,30792.0
41.6,60,100,51,0.0,53.102,146.3,0.0001,0,1.1,0,0.0028681,12.283,2.1755,61300,67167.0,6.4954,298.06,252.67,1.0686,10.0,,35,,1.2229,0.19155,,,0.81498,0,,0,1,1,47,47,0,47.0,31436.0
41.8,60,100,51,0.0,55.45,147.7,0.0001,0,1.1,0,0.0028152,12.288,2.2071,61317,67195.0,6.4959,298.06,252.77,1.0735,10.0,,35,,1.2083,0.19168,,,0.81874,0,,0,1,1,47,47,0,47.0,30918.0
42.0,60,100,51,0.0,57.618,149.91,0.0001,0,1.1,0,0.0027874,12.281,2.239,61336,67223.0,6.4996,298.06,252.98,1.0784,10.0,,35,,1.2034,0.19172,,,0.82248,0,,0,1,1,47,47,0,47.0,31069.0
42.2,60,100,51,0.0,58.298,152.27,0.0001,0,1.1,0,0.0027917,12.255,2.2711,61354,67251.0,6.5035,298.07,255.44,1.0833,10.0,,35,,1.1986,0.19175,,,0.82622,0,,0,1,1,47,47,0,47.0,30886.0
42.4,60,100,51,0.0,57.404,157.35,0.0001,0,1.1,0,0.0027466,12.269,2.3037,61372,67279.0,6.506,298.08,258.71,1.0882,10.0,,35,,1.1871,0.19185,,,0.82993,0,,0,1,1,47,47,0,47.0,32207.0
42.6,60,100,51,0.0,55.515,163.68,0.0001,0,1.1,0,0.0027821,12.202,2.3359,61390,67307.0,6.5072,298.08,259.16,1.093,10.0,,35,,1.1966,0.19175,,,0.83366,0,,0,1,1,47,47,0,47.0,31692.0
42.8,60,100,51,0.0,53.161,167.02,0.0001,0,1.1,0,0.0027537,12.184,2.3686,61407,67334.0,6.5067,298.08,258.83,1.0979,10.0,,35,,1.1941,0.19177,,,0.83738,0,,0,1,1,47,47,0,47.0,32179.0
43.0,60,100,51,0.0,51.004,169.55,0.0001,0,1.1,0,0.0026664,12.178,2.4024,61424,67361.0,6.5048,298.08,258.62,1.1027,10.0,,35,,1.2051,0.19165,,,0.84106,0,,0,1,1,47,47,0,47.0,32171.0
43.2,60,100,51,0.0,49.627,172.19,0.0001,0,1.1,0,0.0027054,12.126,2.4359,61440,67388.0,6.501,298.08,260.4,1.1075,10.0,,35,,1.2111,0.19159,,,0.84474,0,,0,1,1,47,47,0,47.0,31663.0
43.4,60,100,51,0.0,49.752,177.21,0.0001,0,1.1,0,0.002709,12.061,2.4695,61457,67414.0,6.4955,298.06,254.86,1.1123,10.0,,35,,1.2303,0.19139,,,0.84844,0,,0,1,1,47,47,0,47.0,31655.0
43.6,60,100,51,0.0,52.094,173.61,0.0001,0,1.1,0,0.0026642,12.066,2.5038,61474,67442.0,6.4914,298.06,253.7,1.1172,10.0,,35,,1.2235,0.19145,,,0.85213,0,,0,1,1,47,47,0,47.0,33316.0
43.8,60,100,51,0.0,56.063,174.73,0.0001,0,1.1,0,0.0026648,12.033,2.538,61491,67469.0,6.4914,298.06,254.11,1.122,10.0,,35,,1.2334,0.19135,,,0.85581,0,,0,1,1,47,47,0,47.0,33144.0
44.0,60,100,51,0.0,60.004,177.48,0.0001,0,1.1,0,0.0026238,12.039,2.5728,61510,67498.0,6.4941,298.05,251.73,1.1268,10.0,,35,,1.2243,0.19142,,,0.85948,0,,0,1,1,47,47,0,47.0,33309.0
44.2,60,100,57,0.0,62.859,176.89,0.0001,0,1.1,0,0.0029278,11.748,2.6043,61530,67529.0,6.4944,298.07,257.76,1.1319,10.0,,35,,1.2927,0.19076,,,0.86337,0,,0,1,1,47,47,0,47.0,32957.0
44.4,60,100,57,0.0,65.624,186.15,0.0001,0,1.1,0,0.0029754,11.668,2.6354,61551,67561.0,6.4951,298.08,260.38,1.1371,10.0,,35,,1.3227,0.19047,,,0.86741,0,,0,1,1,47,47,0,47.0,33436.0
44.6,60,100,57,0.0,68.097,191.89,0.0001,0,1.1,0,0.0029627,11.634,2.6666,61573,67593.0,6.4992,298.08,258.51,1.1424,10.0,,35,,1.3352,0.19034,,,0.87147,0,,0,1,1,47,47,0,47.0,33750.0
44.8,60,100,57,0.0,68.923,192.68,0.0001,0,1.1,0,0.0029628,11.591,2.698,61594,67625.0,6.5028,298.05,251.55,1.1478,10.0,,35,,1.342,0.19026,,,0.87554,0,,0,1,1,47,47,0,47.0,33897.0
45.0,60,100,57,0.0,68.315,187.23,0.0001,0,1.1,0,0.0028538,11.627,2.7311,61616,67657.0,6.5073,298.04,248.99,1.153,10.0,,35,,1.3266,0.1904,,,0.87956,0,,0,1,1,47,47,0,47.0,32887.0
45.2,60,100,57,0.0,65.9,186.29,0.0001,0,1.1,0,0.0028048,11.635,2.7652,61637,67688.0,6.5096,298.04,246.87,1.1582,10.0,,35,,1.3207,0.19045,,,0.88351,0,,0,1,1,47,47,0,47.0,33881.0
45.4,60,100,57,0.0,62.586,185.44,0.0001,0,1.1,0,0.0027684,11.619,2.7998,61657,67719.0,6.5084,298.04,247.72,1.1633,10.0,,35,,1.3139,0.1905,,,0.88742,0,,0,1,1,47,47,0,47.0,34044.0
45.6,60,100,57,0.0,59.769,187.85,0.0001,0,1.1,0,0.0027727,11.571,2.8346,61677,67749.0,6.5045,298.05,252.01,1.1684,10.0,,35,,1.3173,0.19046,,,0.89134,0,,0,1,1,47,47,0,47.0,35042.0
45.8,60,100,57,0.0,58.483,194.4,0.0001,0,1.1,0,0.0027563,11.538,2.8698,61696,67780.0,6.5003,298.06,253.71,1.1735,10.0,,35,,1.3222,0.1904,,,0.89525,0,,0,1,1,47,47,0,47.0,35041.0
46.0,60,100,57,0.0,58.901,198.33,0.0001,0,1.1,0,0.0027168,11.514,2.9055,61716,67810.0,6.495,298.07,256.62,1.1786,10.0,,35,,1.3321,0.1903,,,0.89915,0,,0,1,1,47,47,0,47.0,35710.0
46.2,60,100,57,0.0,61.421,203.98,0.0001,0,1.1,0,0.0026788,11.504,2.9418,61736,67840.0,6.4936,298.06,254.07,1.1837,10.0,,35,,1.3367,0.19025,,,0.90302,0,,0,1,1,47,47,0,47.0,35215.0
46.4,60,100,57,0.0,64.469,203.47,0.0001,0,1.1,0,0.0025833,11.563,2.9793,61756,67871.0,6.4956,298.04,249.1,1.1886,10.0,,35,,1.3211,0.19038,,,0.90682,0,,0,1,1,47,47,0,47.0,34559.0
46.6,60,100,57,0.0,66.73,199.86,0.0001,0,1.1,0,0.0025041,11.591,3.0177,61778,67903.0,6.4994,298.03,244.56,1.1935,10.0,,35,,1.3081,0.1905,,,0.91053,0,,0,1,1,47,47,0,47.0,34241.0
46.8,60,100,57,0.0,67.466,196.21,0.0001,0,1.1,0,0.0025006,11.546,3.056,61799,67934.0,6.5042,298.02,242.22,1.1983,10.0,,35,,1.32,0.19038,,,0.91423,0,,0,1,1,47,47,0,47.0,34423.0
47.0,60,100,57,0.0,66.314,194.57,0.0001,0,1.1,0,0.002461,11.538,3.0949,61820,67966.0,6.5097,298.01,240.88,1.2031,10.0,,35,,1.3208,0.19036,,,0.91791,0,,0,1,1,47,47,0,47.0,35273.0
47.2,60,100,57,0.0,62.955,193.77,0.0001,0,1.1,0,0.0024176,11.562,3.1343,61840,67996.0,6.5141,298.01,238.64,1.2079,10.0,,35,,1.3009,0.19054,,,0.92154,0,,0,1,1,47,47,0,47.0,35627.0
47.4,60,100,57,0.0,57.827,191.69,0.0001,0,1.1,0,0.00239,11.561,3.1743,61860,68026.0,6.5138,298.01,240.34,1.2125,10.0,,35,,1.2899,0.19063,,,0.92512,0,,0,1,1,47,47,0,47.0,36650.0
47.6,60,100,57,0.0,52.838,194.05,0.0001,0,1.1,0,0.0024033,11.482,3.2142,61878,68055.0,6.5102,298.03,243.97,1.2172,10.0,,35,,1.3113,0.19042,,,0.92871,0,,0,1,1,47,47,0,47.0,36173.0
47.8,60,100,57,0.0,49.286,198.82,0.0001,0,1.1,0,0.0023456,11.516,3.2547,61895,68082.0,6.5061,298.01,239.86,1.2219,10.0,,35,,1.2947,0.19057,,,0.93226,0,,0,1,1,47,47,0,47.0,36365.0
48.0,60,100,57,0.0,47.369,194.79,0.0001,0,1.1,0,0.0022992,11.513,3.2955,61913,68110.0,6.501,298.0,237.73,1.2264,10.0,782.47,35,1847.5,1.2961,0.19055,3.1343,16.574,0.93576,0,49.636,0,1,1,47,47,0,47.0,36892.0
48.2,60,100,61,0.0,47.509,192.79,0.0001,0,1.1,0,0.0024358,11.348,3.3357,61931,68138.0,6.4946,298.0,237.34,1.2311,10.0,,35,,1.327,0.19025,,,0.93935,0,,0,1,1,47,47,0,47.0,35916.0
48.4,60,100,61,0.0,50.196,192.54,0.0001,0,1.1,0,0.0023804,11.353,3.3761,61949,68167.0,6.4899,297.99,232.98,1.2358,10.0,,35,,1.3316,0.19019,,,0.94297,0,,0,1,1,47,47,0,47.0,37108.0
48.6,60,100,61,0.0,54.761,187.47,0.0001,0,1.1,0,0.0023818,11.324,3.4165,61969,68197.0,6.4899,297.96,226.26,1.2406,10.0,,35,,1.3396,0.19011,,,0.94659,0,,0,1,1,47,47,0,47.0,37800.0
48.8,60,100,61,0.0,59.308,179.12,0.0001,0,1.1,0,0.0023924,11.308,3.4569,61989,68228.0,6.492,297.95,221.44,1.2453,10.0,,35,,1.3301,0.19019,,,0.95022,0,,0,1,1,47,47,0,47.0,36991.0
49.0,60,100,61,0.0,63.038,53.736,188.7,0,1.1,0,0.0024016,11.275,3.4976,62010,68260.0,6.4962,298.66,427.23,1.2501,10.0,,35,,1.3368,0.19012,,,0.95386,0,,0,1,1,47,47,0,47.0,37018.0
49.2,60,100,61,0.0,65.083,296.38,18.87,0,1.1,0,0.0023693,11.279,3.5386,62032,68291.0,6.502,298.54,393.23,1.2548,10.0,,35,,1.3328,0.19015,,,0.95747,0,,0,1,1,47,47,0,47.0,37379.0
49.4,60,100,61,0.0,64.8,275.31,1.887,0,1.1,0,0.0023253,11.286,3.5798,62053,68323.0,6.5082,298.39,350.29,1.2595,10.0,,35,,1.3293,0.19017,,,0.96105,0,,0,1,1,47,47,0,47.0,37908.0
49.6,60,100,61,0.0,62.056,245.45,0.1887,0,1.1,0,0.0022887,11.266,3.6214,62074,68354.0,6.513,298.29,321.31,1.2641,10.0,,35,,1.3342,0.19011,,,0.9646,0,,0,1,1,47,47,0,47.0,37772.0
49.8,60,100,61,0.0,57.38,226.87,0.01887,0,1.1,0,0.0022676,11.215,3.6631,62094,68385.0,6.5161,298.19,292.62,1.2687,10.0,,35,,1.3469,0.18998,,,0.96814,0,,0,1,1,47,47,0,47.0,37804.0
50.0,60,100,61,0.0,51.47,204.55,0.001887,0,1.1,0,0.00227,11.147,3.705,62113,68414.0,6.5145,298.12,271.19,1.2733,10.0,,35,,1.3683,0.18977,,,0.97168,0,,0,1,1,47,47,0,47.0,37836.0
50.2,60,100,61,0.0,46.219,187.14,0.0001887,500,1.1,0,0.0022464,12.654,3.7409,62231,68542.0,6.5066,297.95,222.84,1.2779,10.0,,35,,1.0574,0.19271,,,0.97521,0,,0,1,1,47,47,0,47.0,39179.0
50.4,60,100,61,0.0,44.101,134.93,0.0001,500,1.1,0,0.0022327,12.664,3.7771,62348,68670.0,6.4966,297.85,193.93,1.2825,10.0,,35,,1.0283,0.19297,,,0.97872,0,,0,1,1,47,47,0,47.0,38856.0
50.6,60,100,61,0.0,46.0,40.48,152.16,500,1.1,0,0.0021945,12.699,3.8134,62466,68798.0,6.4904,298.34,334.69,1.2871,10.0,,35,,1.0351,0.1929,,,0.9822,0,,0,1,1,47,47,0,47.0,38034.0
50.8,60,100,61,0.0,50.341,201.8,15.216,500,1.1,0,0.002135,12.774,3.8498,62584,68927.0,6.4882,298.17,286.57,1.2915,10.0,,35,,1.0286,0.19295,,,0.98562,0,,0,1,1,47,47,0,47.0,39379.0
51.0,60,100,61,0.0,55.581,154.15,1.5216,500,1.1,0,0.0021196,12.805,3.8865,62704,69056.0,6.4905,298.02,243.32,1.296,10.0,,35,,1.0273,0.19296,,,0.98902,0,,0,1,1,47,47,0,47.0,39226.0
51.2,60,100,61,0.0,59.899,111.02,0.15216,500,1.1,0,0.0021065,12.84,3.9234,62824,69187.0,6.4955,297.92,213.86,1.3004,10.0,,35,,1.024,0.19298,,,0.9924,0,,0,1,1,47,47,0,47.0,39573.0
51.4,60,100,61,0.0,62.217,33.307,119.34,500,1.1,0,0.002075,12.867,3.9601,62945,69318.0,6.5007,298.29,321.8,1.3048,10.0,,35,,1.0359,0.19286,,,0.99575,0,,0,1,1,47,47,0,47.0,38753.0
51.6,60,100,61,0.0,62.442,157.55,11.934,500,1.1,0,0.0021131,12.841,3.9968,63066,69449.0,6.5028,298.15,281.71,1.3092,10.0,,35,,1.0498,0.19272,,,0.99912,0,,0,1,1,47,47,0,47.0,39933.0
51.8,60,100,61,0.0,61.835,118.87,1.1934,500,1.1,0,0.0020938,12.853,4.0339,63187,69580.0,6.5052,298.04,248.86,1.3136,10.0,,35,,1.0558,0.19266,,,1.0025,0,,0,1,1,47,47,0,47.0,39448.0
52.0,60,100,61,0.0,60.27,87.419,0.11934,500,1.1,0,0.0020791,12.869,4.0712,63307,69711.0,6.5061,297.97,227.68,1.3179,10.0,,35,,1.0578,0.19263,,,1.0058,0,,0,1,1,47,47,0,47.0,39798.0
52.2,60,100,65,0.0,58.363,65.265,0.011934,500,1.1,0,0.0022225,12.731,4.1081,63428,69843.0,6.5043,297.94,218.07,1.3225,10.0,,35,,1.09,0.19231,,,1.0093,0,,0,1,1,47,47,0,47.0,41312.0
52.4,60,100,65,0.0,57.172,19.579,69.078,500,1.1,0,0.0022449,12.705,4.1449,63549,69974.0,6.5009,298.18,289.89,1.3271,10.0,,35,,1.0959,0.19225,,,1.0129,0,,0,1,1,47,47,0,47.0,40992.0
52.6,60,100,65,0.0,57.329,100.8,6.9078,500,1.1,0,0.0022154,12.733,4.1822,63669,70105.0,6.4972,298.11,269.74,1.3318,10.0,,35,,1.094,0.19226,,,1.0165,0,,0,1,1,47,47,0,47.0,40842.0
52.8,60,100,65,0.0,58.951,82.498,0.69078,500,1.1,0,0.0022443,12.697,4.2195,63790,70237.0,6.4948,298.05,251.15,1.3365,10.0,,35,,1.1139,0.19206,,,1.0201,0,,0,1,1,47,47,0,47.0,41025.0
53.0,60,100,65,0.0,61.53,65.819,0.069078,500,1.1,0,0.0022151,12.724,4.2568,63912,70369.0,6.4958,298.02,240.52,1.3412,10.0,,35,,1.1165,0.19203,,,1.0237,0,,0,1,1,47,47,0,47.0,42041.0
53.2,60,100,65,0.0,63.721,55.972,0.0069078,500,1.1,0,0.0022059,12.741,4.2941,64034,70502.0,6.4969,297.99,233.07,1.3459,10.0,,35,,1.1264,0.19192,,,1.0273,0,,0,1,1,47,47,0,47.0,42390.0
53.4,60,100,65,0.0,65.484,48.283,0.00069078,500,1.1,0,0.0021907,12.78,4.3315,64156,70635.0,6.4977,297.97,228.0,1.3506,10.0,,35,,1.1313,0.19187,,,1.0308,0,,0,1,1,47,47,0,47.0,41240.0
53.6,60,100,65,0.0,66.939,42.336,0.0001,500,1.1,0,0.0021717,12.79,4.3689,64279,70768.0,6.4999,297.96,224.93,1.3552,10.0,,35,,1.1475,0.19171,,,1.0344,0,,0,1,1,47,47,0,47.0,42090.0
53.8,60,100,65,0.0,67.512,37.986,0.0001,500,1.1,0,0.0021533,12.808,4.4062,64401,70901.0,6.5015,297.96,223.69,1.3598,10.0,,35,,1.1469,0.1917,,,1.0379,0,,0,1,1,47,47,0,47.0,41273.0
54.0,60,100,65,0.0,67.414,35.314,0.0001,500,1.1,0,0.0021498,12.831,4.4434,64524,71035.0,6.5046,297.96,223.45,1.3644,10.0,,35,,1.1396,0.19176,,,1.0415,0,,0,1,1,47,47,0,47.0,42289.0
54.2,60,100,65,0.0,66.105,33.576,0.0001,500,1.1,0,0.0021166,12.861,4.4808,64646,71167.0,6.5076,297.96,224.03,1.369,10.0,,35,,1.1427,0.19173,,,1.045,0,,0,1,1,47,47,0,47.0,41972.0
54.4,60,100,65,0.0,63.576,32.716,0.0001,500,1.1,0,0.0021319,12.841,4.5182,64768,71300.0,6.5094,297.96,224.81,1.3736,10.0,,35,,1.1524,0.19163,,,1.0485,0,,0,1,1,47,47,0,47.0,42322.0
54.6,60,100,65,0.0,60.335,32.147,0.0001,500,1.1,0,0.0020846,12.898,4.5558,64889,71432.0,6.5103,297.97,225.76,1.3781,10.0,,35,,1.1388,0.19174,,,1.052,0,,0,1,1,47,47,0,47.0,43673.0
54.8,60,100,65,0.0,56.747,31.844,0.0001,500,1.1,0,0.0020691,12.921,4.5935,65010,71563.0,6.5104,297.97,226.02,1.3827,10.0,,35,,1.1409,0.19172,,,1.0554,0,,0,1,1,47,47,0,47.0,42524.0
55.0,60,100,65,0.0,53.127,30.883,0.0001,500,1.1,0,0.0020926,12.891,4.6311,65129,71693.0,6.5066,297.97,226.69,1.3872,10.0,,35,,1.1548,0.19158,,,1.0589,0,,0,1,1,47,47,0,47.0,42542.0
55.2,60,100,65,0.0,51.014,30.429,0.0001,500,1.1,0,0.0021407,12.831,4.6689,65249,71823.0,6.5002,297.98,228.36,1.3918,10.0,,35,,1.1777,0.19135,,,1.0624,0,,0,1,1,47,47,0,47.0,44060.0
55.4,60,100,65,0.0,51.463,31.175,0.0001,500,1.1,0,0.00214,12.832,4.7068,65368,71953.0,6.4941,297.98,229.59,1.3964,10.0,,35,,1.1869,0.19125,,,1.066,0,,0,1,1,47,47,0,47.0,43580.0
55.6,60,100,65,0.0,54.336,31.599,0.0001,500,1.1,0,0.0020937,12.901,4.7448,65488,72084.0,6.4901,297.98,229.4,1.401,10.0,,35,,1.1765,0.19134,,,1.0695,0,,0,1,1,47,47,0,47.0,44266.0
55.8,60,100,65,0.0,58.817,30.587,0.0001,500,1.1,0,0.0020721,12.913,4.783,65609,72216.0,6.4901,297.98,229.69,1.4056,10.0,,35,,1.1834,0.19127,,,1.073,0,,0,1,1,47,47,0,47.0,44120.0
56.0,60,100,65,0.0,63.273,30.134,0.0001,500,1.1,0,0.0020836,12.937,4.8211,65731,72348.0,6.4934,297.98,229.96,1.4102,10.0,,35,,1.1796,0.1913,,,1.0765,0,,0,1,1,47,47,0,47.0,43473.0
56.2,60,100,72,0.0,66.406,29.673,0.0001,500,1.1,0,0.0022758,12.767,4.8583,65854,72483.0,6.4957,297.99,234.35,1.415,10.0,,34,,1.2281,0.19083,,,1.0802,0,,0,1,1,47,47,0,47.0,44489.0
56.4,60,100,72,0.0,68.64,33.843,0.0001,500,1.1,0,0.0022585,12.787,4.896,65978,72618.0,6.4977,298.0,236.39,1.4199,10.0,,34,,1.2357,0.19075,,,1.084,0,,0,1,1,47,47,0,47.0,44674.0
56.6,60,100,72,0.0,70.077,35.829,0.0001,500,1.1,0,0.0022345,12.815,4.934,66103,72754.0,6.4999,298.0,236.93,1.4248,10.0,,34,,1.2355,0.19074,,,1.0878,0,,0,1,1,47,47,0,47.0,44527.0
56.8,60,100,72,0.0,70.636,36.436,0.0001,500,1.1,0,0.0021781,12.888,4.9724,66227,72889.0,6.5024,298.0,235.41,1.4297,10.0,,34,,1.2252,0.19083,,,1.0915,0,,0,1,1,47,47,0,47.0,44548.0
57.0,60,100,72,0.0,70.183,34.861,0.0001,500,1.1,0,0.0021607,12.921,5.0108,66352,73025.0,6.5044,297.99,234.01,1.4345,10.0,,34,,1.2226,0.19084,,,1.0951,0,,0,1,1,47,47,0,47.0,45570.0
57.2,60,100,72,0.0,68.959,33.28,0.0001,500,1.1,0,0.0021412,12.935,5.0491,66476,73160.0,6.5057,297.99,232.71,1.4392,10.0,,34,,1.2241,0.19082,,,1.0988,0,,0,1,1,47,47,0,47.0,46091.0
57.4,60,100,72,0.0,67.2,31.656,0.0001,500,1.1,0,0.0021596,12.911,5.0873,66600,73295.0,6.5051,297.99,233.5,1.444,10.0,,34,,1.236,0.1907,,,1.1025,0,,0,1,1,47,47,0,47.0,45445.0
57.6,60,100,72,0.0,65.704,32.175,0.0001,500,1.1,0,0.0021895,12.892,5.125,66723,73429.0,6.5037,297.99,234.33,1.4489,10.0,,34,,1.2489,0.19057,,,1.1062,0,,0,1,1,47,47,0,47.0,45630.0
57.8,60,100,72,0.0,64.748,32.775,0.0001,500,1.1,0,0.0021472,12.933,5.163,66846,73564.0,6.502,298.0,234.7,1.4537,10.0,,34,,1.2479,0.19057,,,1.1099,0,,0,1,1,47,47,0,47.0,45649.0
58.0,60,100,72,0.0,64.464,32.975,0.0001,500,1.1,0,0.0021313,12.953,5.2012,66970,73698.0,6.501,298.0,235.14,1.4585,10.0,,34,,1.2517,0.19052,,,1.1136,0,,0,1,1,47,47,0,47.0,46003.0
58.2,60,100,72,0.0,64.599,33.303,0.0001,500,1.1,0,0.002155,12.933,5.2394,67093,73832.0,6.5007,298.0,236.42,1.4633,10.0,,34,,1.2622,0.19041,,,1.1173,0,,0,1,1,47,47,0,47.0,46357.0
58.4,60,100,72,0.0,64.852,34.604,0.0001,500,1.1,0,0.0021484,12.947,5.2779,67216,73967.0,6.5015,298.01,237.72,1.4682,10.0,,34,,1.259,0.19043,,,1.121,0,,0,1,1,47,47,0,47.0,46046.0
58.6,60,100,72,0.0,64.783,36.055,0.0001,500,1.1,0,0.0021157,12.991,5.3167,67339,74101.0,6.5031,298.0,237.11,1.473,10.0,,34,,1.2566,0.19045,,,1.1247,0,,0,1,1,47,47,0,47.0,46736.0
58.8,60,100,72,0.0,64.062,35.569,0.0001,500,1.1,0,0.0021326,12.976,5.3553,67462,74236.0,6.5044,298.0,236.92,1.4778,10.0,,34,,1.2706,0.19031,,,1.1284,0,,0,1,1,47,47,0,47.0,46925.0
59.0,60,100,72,0.0,62.84,35.52,0.0001,500,1.1,0,0.0021167,12.986,5.3941,67585,74370.0,6.5048,298.0,236.83,1.4826,10.0,,34,,1.2822,0.19019,,,1.1321,0,,0,1,1,47,47,0,47.0,46615.0
59.2,60,100,72,0.0,61.433,35.542,0.0001,500,1.1,0,0.0020786,13.026,5.4331,67708,74503.0,6.5051,298.0,235.62,1.4874,10.0,,34,,1.2826,0.19017,,,1.1357,0,,0,1,1,47,47,0,47.0,46640.0
59.4,60,100,72,0.0,59.932,34.337,0.0001,500,1.1,0,0.0020739,13.048,5.4718,67830,74637.0,6.5045,298.0,235.26,1.4921,10.0,,34,,1.2814,0.19018,,,1.1394,0,,0,1,1,47,47,0,47.0,47330.0
59.6,60,100,72,0.0,58.65,33.949,0.0001,500,1.1,0,0.0020577,13.079,5.5108,67952,74770.0,6.5035,298.0,235.04,1.4968,10.0,,34,,1.272,0.19026,,,1.143,0,,0,1,1,47,47,0,47.0,47854.0
59.8,60,100,72,0.0,57.762,33.632,0.0001,500,1.1,0,0.0020807,13.051,5.5496,68074,74903.0,6.5011,298.0,236.18,1.5016,10.0,,34,,1.2839,0.19013,,,1.1466,0,,0,1,1,47,47,0,47.0,48044.0
60.0,60,100,72,0.0,57.83,34.773,0.0001,500,1.1,0,0.0020716,13.078,5.5885,68195,75036.0,6.4989,298.01,237.65,1.5064,10.0,1084.9,34,1844.9,1.2781,0.19018,5.4331,18.748,1.1503,0,41.449,0,1,1,47,47,0,47.0,47401.0
60.2,60,100,76,0.0,58.797,36.353,0.0001,500,1.1,0,0.0021226,13.032,5.6272,68318,75170.0,6.4959,298.01,240.08,1.5113,10.0,,33,,1.2987,0.18997,,,1.154,0,,0,1,1,47,47,0,47.0,47925.0
60.4,60,100,76,0.0,60.956,39.133,0.0001,500,1.1,0,0.0020776,13.104,5.6665,68441,75304.0,6.4949,298.01,240.66,1.5161,10.0,,33,,1.2831,0.19011,,,1.1578,0,,0,1,1,47,47,0,47.0,48450.0
60.6,60,100,76,0.0,63.523,40.195,0.0001,500,1.1,0,0.00214,13.041,5.7056,68565,75439.0,6.4948,298.02,243.08,1.5211,10.0,,33,,1.3039,0.18991,,,1.1616,0,,0,1,1,47,47,0,47.0,48309.0
60.8,60,100,76,0.0,66.103,43.322,0.0001,500,1.1,0,0.0021977,13.02,5.7445,68689,75575.0,6.4962,298.03,245.79,1.5261,10.0,,33,,1.307,0.18987,,,1.1654,0,,0,1,1,47,47,0,47.0,47999.0
61.0,60,100,76,0.0,68.145,47.007,0.0001,500,1.1,0,0.002202,13.046,5.7835,68814,75711.0,6.4978,298.04,247.49,1.5312,10.0,,33,,1.3019,0.18991,,,1.1693,0,,0,1,1,47,47,0,47.0,49024.0
61.2,60,100,76,0.0,69.56,49.909,0.0001,500,1.1,0,0.0021966,13.065,5.8226,68939,75848.0,6.5002,298.04,248.23,1.5363,10.0,,33,,1.302,0.1899,,,1.1732,0,,0,1,1,47,47,0,47.0,48715.0
61.4,60,100,76,0.0,70.0,51.999,0.0001,500,1.1,0,0.002235,13.033,5.8616,69063,75984.0,6.5016,298.04,249.13,1.5415,10.0,,33,,1.3109,0.1898,,,1.1772,0,,0,1,1,47,47,0,47.0,48740.0
61.6,60,100,76,0.0,69.886,54.378,0.0001,500,1.1,0,0.0022343,13.049,5.9006,69188,76121.0,6.5031,298.05,250.5,1.5467,10.0,,33,,1.3123,0.18978,,,1.1812,0,,0,1,1,47,47,0,47.0,48931.0
61.8,60,100,76,0.0,69.167,57.351,0.0001,500,1.1,0,0.0021772,13.113,5.9403,69313,76258.0,6.5038,298.04,250.0,1.5518,10.0,,33,,1.3041,0.18985,,,1.1851,0,,0,1,1,47,47,0,47.0,49959.0
62.0,60,100,76,0.0,68.185,58.487,0.0001,500,1.1,0,0.0021727,13.125,5.9805,69438,76394.0,6.5029,298.04,250.11,1.5569,10.0,,33,,1.3057,0.18982,,,1.189,0,,0,1,1,47,47,0,47.0,49156.0
62.2,60,100,76,0.0,67.533,60.256,0.0001,500,1.1,0,0.0021875,13.14,6.0206,69562,76530.0,6.5007,298.04,249.42,1.562,10.0,,33,,1.2945,0.18992,,,1.193,0,,0,1,1,47,47,0,47.0,49186.0
62.4,60,100,76,0.0,67.777,61.176,0.0001,500,1.1,0,0.0021928,13.125,6.061,69686,76666.0,6.4976,298.04,249.38,1.5672,10.0,,33,,1.309,0.18977,,,1.1969,0,,0,1,1,47,47,0,47.0,50384.0
62.6,60,100,76,0.0,69.272,62.722,0.0001,500,1.1,0,0.0021792,13.151,6.1014,69811,76803.0,6.4965,298.04,248.88,1.5723,10.0,,33,,1.3137,0.18972,,,1.2009,0,,0,1,1,47,47,0,47.0,50248.0
62.8,60,100,76,0.0,71.195,63.757,0.0001,500,1.1,0,0.0021667,13.173,6.1418,69936,76940.0,6.4959,298.04,249.14,1.5775,10.0,,33,,1.32,0.18965,,,1.2048,0,,0,1,1,47,47,0,47.0,49613.0
63.0,60,100,76,0.0,73.347,65.552,0.0001,500,1.1,0,0.0021313,13.224,6.1824,70062,77077.0,6.4966,298.04,247.3,1.5826,10.0,,33,,1.3142,0.18969,,,1.2088,0,,0,1,1,47,47,0,47.0,49812.0
63.2,60,100,76,0.0,75.221,65.157,0.0001,500,1.1,0,0.0021063,13.257,6.2227,70187,77215.0,6.4982,298.03,244.1,1.5876,10.0,,33,,1.3209,0.18962,,,1.2126,0,,0,1,1,47,47,0,47.0,50509.0
63.4,60,100,76,0.0,76.44,63.192,0.0001,500,1.1,0,0.002103,13.28,6.2627,70314,77352.0,6.4986,298.02,241.85,1.5927,10.0,,33,,1.3188,0.18963,,,1.2165,0,,0,1,1,47,47,0,47.0,50706.0
63.6,60,100,76,0.0,77.525,61.882,0.0001,500,1.1,0,0.0020771,13.315,6.3029,70440,77490.0,6.4981,298.01,239.46,1.5977,10.0,,33,,1.3179,0.18963,,,1.2203,0,,0,1,1,47,47,0,47.0,51236.0
63.8,60,100,76,0.0,78.801,60.155,0.0001,500,1.1,0,0.0020464,13.379,6.3432,70566,77629.0,6.4997,298.0,236.29,1.6026,10.0,,33,,1.3061,0.18973,,,1.2241,0,,0,1,1,47,47,0,47.0,50767.0
64.0,60,100,76,0.0,79.428,57.355,0.0001,500,1.1,0,0.0020583,13.379,6.3837,70693,77767.0,6.5007,298.0,233.99,1.6076,10.0,,33,,1.3125,0.18966,,,1.2279,0,,0,1,1,47,47,0,47.0,51798.0
64.2,60,100,80,0.0,79.672,55.121,0.0001,500,1.1,0,0.0021599,13.335,6.4235,70821,77906.0,6.4999,297.99,233.82,1.6126,10.0,,32,,1.3262,0.18952,,,1.2318,0,,0,1,1,47,47,0,47.0,51994.0
64.4,60,100,80,0.0,80.246,54.814,0.0001,500,1.1,0,0.0020946,13.42,6.4633,70948,78046.0,6.4993,297.99,231.74,1.6177,10.0,,32,,1.3147,0.18962,,,1.2357,0,,0,1,1,47,47,0,47.0,51855.0
64.6,60,100,80,0.0,81.058,52.477,0.0001,500,1.1,0,0.0020923,13.45,6.5029,71076,78185.0,6.4987,297.98,229.61,1.6227,10.0,,32,,1.3089,0.18966,,,1.2396,0,,0,1,1,47,47,0,47.0,51549.0
64.8,60,100,80,0.0,82.116,49.892,0.0001,500,1.1,0,0.0020635,13.493,6.5426,71204,78325.0,6.499,297.98,227.95,1.6277,10.0,,32,,1.3032,0.18971,,,1.2434,0,,0,1,1,47,47,0,47.0,52911.0
65.0,60,100,80,0.0,83.016,47.563,0.0001,500,1.1,0,0.0020187,13.556,6.5825,71332,78465.0,6.4994,297.97,225.13,1.6326,10.0,,32,,1.2885,0.18984,,,1.2472,0,,0,1,1,47,47,0,47.0,52606.0
65.2,60,100,80,0.0,83.766,43.842,0.0001,500,1.1,0,0.0020473,13.543,6.6225,71460,78605.0,6.5003,297.97,223.88,1.6375,10.0,,32,,1.3014,0.18971,,,1.2509,0,,0,1,1,47,47,0,47.0,53636.0
65.4,60,100,80,0.0,84.166,41.456,0.0001,500,1.1,0,0.0020559,13.559,6.6619,71589,78745.0,6.5008,297.96,223.15,1.6424,10.0,,32,,1.3083,0.18963,,,1.2547,0,,0,1,1,47,47,0,47.0,52329.0
65.6,60,100,80,0.0,84.348,39.422,0.0001,500,1.1,0,0.0020168,13.6,6.7015,71717,78885.0,6.5022,297.96,222.45,1.6474,10.0,,32,,1.3058,0.18965,,,1.2585,0,,0,1,1,47,47,0,47.0,52856.0
65.8,60,100,80,0.0,83.974,37.338,0.0001,500,1.1,0,0.0020039,13.602,6.7408,71845,79025.0,6.5022,297.96,222.09,1.6522,10.0,,32,,1.3239,0.18946,,,1.2622,0,,0,1,1,47,47,0,47.0,53548.0
66.0,60,100,80,0.0,83.607,35.512,0.0001,500,1.1,0,0.001984,13.615,6.7803,71973,79165.0,6.5012,297.96,222.4,1.6571,10.0,,32,,1.3291,0.18941,,,1.266,0,,0,1,1,47,47,0,47.0,53575.0
66.2,60,100,80,0.0,83.647,34.329,0.0001,500,1.1,0,0.0019731,13.643,6.82,72102,79305.0,6.4995,297.96,223.23,1.662,10.0,,32,,1.3252,0.18943,,,1.2697,0,,0,1,1,47,47,0,47.0,54103.0
66.4,60,100,80,0.0,84.381,33.692,0.0001,500,1.1,0,0.0019531,13.671,6.8596,72230,79445.0,6.4991,297.97,224.11,1.6669,10.0,,32,,1.326,0.18942,,,1.2735,0,,0,1,1,47,47,0,47.0,54297.0
66.6,60,100,80,0.0,85.273,33.184,0.0001,500,1.1,0,0.0019296,13.731,6.8994,72358,79585.0,6.4997,297.96,223.21,1.6717,10.0,,32,,1.3145,0.18952,,,1.2772,0,,0,1,1,47,47,0,47.0,54826.0
66.8,60,100,80,0.0,85.929,30.975,0.0001,500,1.1,0,0.0019348,13.746,6.9392,72487,79725.0,6.4994,297.96,223.33,1.6765,10.0,,32,,1.3179,0.18947,,,1.2809,0,,0,1,1,47,47,0,47.0,53854.0
67.0,60,100,80,0.0,86.681,29.732,0.0001,500,1.1,0,0.0019253,13.766,6.9789,72616,79865.0,6.4996,297.97,224.33,1.6813,10.0,,32,,1.3231,0.18942,,,1.2845,0,,0,1,1,47,47,0,47.0,55216.0
67.2,60,100,80,0.0,87.34,29.364,0.0001,500,1.1,0,0.001927,13.772,7.0183,72745,80006.0,6.5001,297.97,226.05,1.6861,10.0,,32,,1.3327,0.18932,,,1.2882,0,,0,1,1,47,47,0,47.0,54075.0
67.4,60,100,80,0.0,87.829,29.814,0.0001,500,1.1,0,0.001948,13.765,7.0575,72874,80147.0,6.5006,297.98,228.3,1.6909,10.0,,32,,1.3441,0.1892,,,1.2919,0,,0,1,1,47,47,0,47.0,54434.0
67.6,60,100,80,0.0,88.109,30.965,0.0001,500,1.1,0,0.0019447,13.798,7.0964,73003,80288.0,6.5017,297.98,229.1,1.6957,10.0,,32,,1.3434,0.1892,,,1.2956,0,,0,1,1,47,47,0,47.0,54458.0
67.8,60,100,80,0.0,87.958,30.894,0.0001,500,1.1,0,0.0019078,13.856,7.1355,73132,80428.0,6.5039,297.98,228.57,1.7005,10.0,,32,,1.3369,0.18925,,,1.2993,0,,0,1,1,47,47,0,47.0,55316.0
68.0,60,100,80,0.0,86.931,29.606,0.0001,500,1.1,0,0.0019191,13.871,7.1742,73260,80569.0,6.5035,297.98,229.2,1.7053,10.0,,32,,1.3361,0.18925,,,1.303,0,,0,1,1,47,47,0,47.0,55172.0
68.2,60,100,84,0.0,86.073,29.452,0.0001,500,1.1,0,0.0019894,13.836,7.2126,73390,80710.0,6.5018,297.99,231.49,1.7101,10.0,,31,,1.3607,0.189,,,1.3067,0,,0,1,1,47,47,0,47.0,55861.0
68.4,60,100,84,0.0,85.871,30.997,0.0001,500,1.1,0,0.0019883,13.842,7.2509,73519,80851.0,6.5004,297.99,233.45,1.715,10.0,,31,,1.3754,0.18886,,,1.3105,0,,0,1,1,47,47,0,47.0,56382.0
68.6,60,100,84,0.0,86.249,32.424,0.0001,500,1.1,0,0.0019599,13.905,7.2892,73648,80992.0,6.5008,297.99,233.7,1.7199,10.0,,31,,1.3615,0.18898,,,1.3142,0,,0,1,1,47,47,0,47.0,56736.0
68.8,60,100,84,0.0,86.43,32.355,0.0001,500,1.1,0,0.0019704,13.906,7.3278,73778,81133.0,6.5005,297.99,233.29,1.7248,10.0,,31,,1.3711,0.18888,,,1.3179,0,,0,1,1,47,47,0,47.0,56592.0
69.0,60,100,84,0.0,86.734,31.703,0.0001,500,1.1,0,0.0019992,13.886,7.3667,73907,81274.0,6.499,298.0,234.32,1.7297,10.0,,31,,1.3855,0.18873,,,1.3217,0,,0,1,1,47,47,0,47.0,56616.0
69.2,60,100,84,0.0,87.639,32.455,0.0001,500,1.1,0,0.0019766,13.923,7.406,74037,81416.0,6.498,298.0,234.64,1.7346,10.0,,31,,1.3872,0.18871,,,1.3254,0,,0,1,1,47,47,0,47.0,57642.0
69.4,60,100,84,0.0,88.941,32.57,0.0001,500,1.1,0,0.0019731,13.935,7.4452,74166,81558.0,6.4981,298.0,234.98,1.7395,10.0,,31,,1.3918,0.18865,,,1.3292,0,,0,1,1,47,47,0,47.0,56834.0
69.6,60,100,84,0.0,90.206,32.757,0.0001,500,1.1,0,0.001938,13.959,7.4845,74297,81700.0,6.4995,298.0,234.58,1.7443,10.0,,31,,1.4051,0.18852,,,1.333,0,,0,1,1,47,47,0,47.0,56026.0
69.8,60,100,84,0.0,90.928,32.251,0.0001,500,1.1,0,0.0019424,13.966,7.5234,74427,81842.0,6.5003,298.0,234.35,1.7492,10.0,,31,,1.4141,0.18842,,,1.3367,0,,0,1,1,47,47,0,47.0,57717.0
70.0,60,100,84,0.0,91.331,31.888,0.0001,500,1.1,0,0.0019083,14.013,7.5627,74557,81984.0,6.5004,297.99,233.44,1.7541,10.0,,31,,1.4068,0.18848,,,1.3404,0,,0,1,1,47,47,0,47.0,57743.0
70.2,60,100,84,0.0,91.704,30.83,0.0001,500,1.1,0,0.0018736,14.07,7.6021,74687,82126.0,6.5009,297.99,231.87,1.7589,10.0,,31,,1.3949,0.18859,,,1.3441,0,,0,1,1,47,47,0,47.0,56936.0
70.4,60,100,84,0.0,91.881,29.044,0.0001,500,1.1,0,0.0018627,14.099,7.6413,74818,82268.0,6.5001,297.99,231.28,1.7636,10.0,,31,,1.3932,0.18859,,,1.3478,0,,0,1,1,47,47,0,47.0,57128.0
70.6,60,100,84,0.0,92.355,28.069,0.0001,500,1.1,0,0.0018846,14.104,7.6808,74948,82411.0,6.4997,297.99,230.95,1.7684,10.0,,31,,1.4008,0.18851,,,1.3515,0,,0,1,1,47,47,0,47.0,58155.0
70.8,60,100,84,0.0,92.997,27.256,0.0001,500,1.1,0,0.0018601,14.146,7.7203,75079,82553.0,6.499,297.98,230.6,1.7732,10.0,,31,,1.3939,0.18857,,,1.3551,0,,0,1,1,47,47,0,47.0,59182.0
71.0,60,100,84,0.0,93.9,26.394,0.0001,500,1.1,0,0.0018704,14.132,7.7599,75210,82696.0,6.5002,297.99,230.77,1.778,10.0,,31,,1.4164,0.18835,,,1.3588,0,,0,1,1,47,47,0,47.0,57709.0
71.2,60,100,84,0.0,94.348,25.991,0.0001,500,1.1,0,0.0018668,14.129,7.7997,75340,82838.0,6.5009,297.99,231.37,1.7828,10.0,,31,,1.4367,0.18815,,,1.3625,0,,0,1,1,47,47,0,47.0,58237.0
71.4,60,100,84,0.0,94.499,26.019,0.0001,500,1.1,0,0.0018666,14.147,7.8396,75471,82981.0,6.5014,297.99,232.26,1.7876,10.0,,31,,1.4445,0.18806,,,1.3662,0,,0,1,1,47,47,0,47.0,58267.0
71.6,60,100,84,0.0,94.461,26.384,0.0001,500,1.1,0,0.0018263,14.186,7.8795,75602,83124.0,6.5027,297.99,232.42,1.7923,10.0,,31,,1.4494,0.18801,,,1.3698,0,,0,1,1,47,47,0,47.0,59462.0
71.8,60,100,84,0.0,93.896,26.127,0.0001,500,1.1,0,0.0018509,14.208,7.9193,75733,83267.0,6.5034,297.99,232.87,1.7971,10.0,,31,,1.4462,0.18803,,,1.3735,0,,0,1,1,47,47,0,47.0,59491.0
72.0,60,100,84,0.0,93.072,26.183,0.0001,500,1.1,0,0.0018265,14.259,7.9593,75863,83409.0,6.505,297.99,233.01,1.8018,10.0,1257.4,31,1763.0,1.4359,0.18812,7.7997,20.294,1.3771,0,26.486,0,1,1,47,47,0,47.0,60020.0
72.2,60,100,90,0.0,91.58,25.969,0.0001,500,1.1,0,0.0019246,14.198,7.9991,75995,83552.0,6.5051,298.0,236.79,1.8067,10.0,,30,,1.4605,0.18787,,,1.3809,0,,0,1,1,47,47,0,47.0,59548.0
72.4,60,100,90,0.0,90.066,29.297,0.0001,500,1.1,0,0.0018983,14.238,8.0391,76126,83696.0,6.5051,298.01,238.78,1.8116,10.0,,30,,1.4597,0.18787,,,1.3846,0,,0,1,1,47,47,0,47.0,59411.0
72.6,60,100,90,0.0,88.563,31.21,0.0001,500,1.1,0,0.0018848,14.28,8.079,76257,83838.0,6.504,298.01,240.5,1.8165,10.0,,30,,1.449,0.18796,,,1.3884,0,,0,1,1,47,47,0,47.0,60773.0
72.8,60,100,90,0.0,87.471,33.109,0.0001,500,1.1,0,0.0019499,14.22,8.1194,76387,83981.0,6.5013,298.02,244.23,1.8214,10.0,,30,,1.4817,0.18764,,,1.3922,0,,0,1,1,47,47,0,47.0,59638.0
73.0,60,100,90,0.0,87.486,37.111,0.0001,500,1.1,0,0.001973,14.191,8.16,76518,84124.0,6.4981,298.03,247.99,1.8265,10.0,,30,,1.5112,0.18736,,,1.3961,0,,0,1,1,47,47,0,47.0,60670.0
73.2,60,100,90,0.0,88.753,41.489,0.0001,500,1.1,0,0.0019578,14.241,8.1999,76648,84267.0,6.4963,298.04,249.77,1.8316,10.0,,30,,1.5057,0.1874,,,1.4,0,,0,1,1,47,47,0,47.0,61032.0
73.4,60,100,90,0.0,90.755,44.358,0.0001,500,1.1,0,0.0019224,14.303,8.2397,76780,84411.0,6.4954,298.04,250.02,1.8366,10.0,,30,,1.4922,0.18752,,,1.4039,0,,0,1,1,47,47,0,47.0,60227.0
73.6,60,100,90,0.0,93.099,45.986,0.0001,500,1.1,0,0.0018756,14.372,8.2794,76911,84554.0,6.4978,298.04,248.7,1.8416,10.0,,30,,1.4787,0.18764,,,1.4077,0,,0,1,1,47,47,0,47.0,61089.0
73.8,60,100,90,0.0,94.482,46.181,0.0001,500,1.1,0,0.001864,14.408,8.3189,77043,84698.0,6.5007,298.03,246.27,1.8465,10.0,,30,,1.4782,0.18763,,,1.4115,0,,0,1,1,47,47,0,47.0,60115.0
74.0,60,100,90,0.0,94.737,45.223,0.0001,500,1.1,0,0.0018312,14.448,8.3585,77175,84843.0,6.5043,298.02,243.3,1.8514,10.0,,30,,1.4776,0.18763,,,1.4152,0,,0,1,1,47,47,0,47.0,61643.0
74.2,60,100,90,0.0,93.535,43.525,0.0001,500,1.1,0,0.0018639,14.43,8.398,77307,84986.0,6.5068,298.02,241.83,1.8563,10.0,,30,,1.4961,0.18744,,,1.419,0,,0,1,1,47,47,0,47.0,61337.0
74.4,60,100,90,0.0,91.335,42.966,0.0001,500,1.1,0,0.001852,14.444,8.4375,77438,85130.0,6.5077,298.01,239.05,1.8612,10.0,,30,,1.5111,0.18729,,,1.4227,0,,0,1,1,47,47,0,47.0,61363.0
74.6,60,100,90,0.0,88.76,40.983,0.0001,500,1.1,0,0.0018171,14.486,8.4768,77569,85273.0,6.508,298.0,234.78,1.866,10.0,,30,,1.5144,0.18725,,,1.4265,0,,0,1,1,47,47,0,47.0,60889.0
74.8,60,100,90,0.0,86.074,37.333,0.0001,500,1.1,0,0.001801,14.496,8.5159,77699,85415.0,6.5082,297.99,231.93,1.8708,10.0,,30,,1.5276,0.18711,,,1.4302,0,,0,1,1,47,47,0,47.0,61581.0
75.0,60,100,90,0.0,83.309,34.629,0.0001,500,1.1,0,0.0017847,14.527,8.5552,77828,85557.0,6.5064,297.98,229.87,1.8756,10.0,,30,,1.5286,0.1871,,,1.4339,0,,0,1,1,47,47,0,47.0,63107.0
75.2,60,100,90,0.0,81.272,32.346,0.0001,100,1.1,0,0.0018219,13.581,8.6032,77878,85618.0,6.5072,298.07,261.79,1.8805,10.0,,30,,1.8421,0.1841,,,1.4376,0,,0,1,1,47,47,0,47.0,63003.0
75.4,60,100,90,0.0,78.885,61.743,0.0001,100,1.1,0,0.0018214,13.551,8.6511,77926,85679.0,6.5084,298.13,284.08,1.8853,10.0,,30,,1.8955,0.18358,,,1.4413,0,,0,1,1,47,47,0,47.0,61733.0
75.6,60,100,90,0.0,76.039,84.646,0.0001,100,1.1,0,0.0018374,13.511,8.6991,77974,85739.0,6.5085,298.17,298.08,1.8902,10.0,,30,,1.9118,0.18342,,,1.4451,0,,0,1,1,47,47,0,47.0,62963.0
75.8,60,100,90,0.0,73.161,102.23,0.0001,100,1.1,0,0.0018152,13.509,8.7473,78022,85799.0,6.5084,298.18,303.84,1.8951,10.0,,30,,1.912,0.18341,,,1.4488,0,,0,1,1,47,47,0,47.0,63028.0
76.0,60,100,90,0.0,70.312,113.69,0.0001,100,1.1,0,0.0018274,13.465,8.7957,78069,85858.0,6.5075,298.2,308.06,1.8999,10.0,,30,,1.9234,0.18329,,,1.4525,0,,0,1,1,47,47,0,47.0,64260.0
76.2,60,100,116,0.0,67.839,124.46,0.0001,100,1.1,0,0.0026003,12.827,8.8394,78120,85924.0,6.4972,298.25,326.6,1.9057,10.0,,29,,2.1383,0.18121,,,1.457,0,,0,1,1,47,47,0,47.0,63469.0
76.4,60,100,116,0.0,69.516,149.07,0.0001,100,1.1,0,0.0025649,12.807,8.8834,78172,85990.0,6.4892,298.29,341.07,1.9121,10.0,,29,,2.1754,0.18084,,,1.4619,0,,0,1,1,47,47,0,47.0,63513.0
76.6,60,100,116,0.0,74.363,171.46,0.0001,100,1.1,0,0.0024923,12.815,8.9279,78225,86056.0,6.4835,298.29,343.73,1.9185,10.0,,29,,2.1852,0.18074,,,1.4669,0,,0,1,1,47,47,0,47.0,63726.0
76.8,60,100,116,0.0,81.465,184.37,0.0001,100,1.1,0,0.0025565,12.739,8.9714,78279,86125.0,6.4798,298.28,340.15,1.9249,10.0,,29,,2.2124,0.18046,,,1.4718,0,,0,1,1,47,47,0,47.0,63267.0
77.0,60,100,116,0.0,90.066,191.96,0.0001,100,1.1,0,0.0025603,12.697,9.0145,78335,86195.0,6.48,298.26,333.26,1.9314,10.0,,29,,2.2317,0.18027,,,1.4768,0,,0,1,1,47,47,0,47.0,63973.0
77.2,60,100,116,0.0,98.558,196.23,0.0001,100,1.1,0,0.0024835,12.74,9.0588,78393,86266.0,6.4819,298.23,320.75,1.9379,10.0,,29,,2.2167,0.1804,,,1.4817,0,,0,1,1,47,47,0,47.0,65685.0
77.4,60,100,116,0.0,106.32,194.63,0.0001,100,1.1,0,0.0023947,12.765,9.1041,78452,86340.0,6.4849,298.2,310.88,1.9442,10.0,,29,,2.2093,0.18046,,,1.4866,0,,0,1,1,47,47,0,47.0,64736.0
77.6,60,100,116,0.0,112.89,194.36,0.0001,100,1.1,0,0.0024356,12.714,9.1491,78513,86414.0,6.488,298.19,306.63,1.9505,10.0,,29,,2.2244,0.1803,,,1.4915,0,,0,1,1,47,47,0,47.0,65118.0
77.8,60,100,116,0.0,118.22,198.26,0.0001,100,1.1,0,0.002426,12.698,9.1939,78574,86490.0,6.4914,298.18,300.45,1.9568,10.0,,29,,2.2283,0.18025,,,1.4963,0,,0,1,1,47,47,0,47.0,65332.0
78.0,60,100,116,0.0,122.16,199.83,0.0001,100,1.1,0,0.0024053,12.697,9.2389,78637,86566.0,6.4945,298.15,290.68,1.9632,10.0,,29,,2.2223,0.1803,,,1.5012,0,,0,1,1,47,47,0,47.0,65214.0
78.2,60,100,116,0.0,124.9,197.48,0.0001,100,1.1,0,0.0023175,12.751,9.2845,78700,86643.0,6.4979,298.12,281.23,1.9694,10.0,,29,,2.1933,0.18057,,,1.506,0,,0,1,1,47,47,0,47.0,66266.0
78.4,60,100,116,0.0,126.27,194.54,0.0001,100,1.1,0,0.0023104,12.724,9.3303,78763,86720.0,6.5006,298.1,270.35,1.9756,10.0,,29,,2.1963,0.18053,,,1.5107,0,,0,1,1,47,47,0,47.0,66318.0
78.6,60,100,116,0.0,126.55,189.3,0.0001,100,1.1,0,0.0023185,12.681,9.3765,78826,86797.0,6.5029,298.08,263.4,1.9817,10.0,,29,,2.2065,0.18042,,,1.5155,0,,0,1,1,47,47,0,47.0,66706.0
78.8,60,100,116,0.0,125.91,186.65,0.0001,100,1.1,0,0.0022828,12.703,9.423,78889,86875.0,6.505,298.06,256.43,1.9879,10.0,,29,,2.1921,0.18054,,,1.5202,0,,0,1,1,47,47,0,47.0,65929.0
79.0,60,100,116,0.0,124.44,183.21,0.0001,100,1.1,0,0.0022374,12.712,9.4702,78952,86951.0,6.5064,298.05,252.52,1.994,10.0,,29,,2.1791,0.18066,,,1.5249,0,,0,1,1,47,47,0,47.0,67655.0
79.2,60,100,116,0.0,122.4,181.91,0.0001,100,1.1,0,0.002227,12.68,9.5175,79015,87028.0,6.5077,298.03,247.64,2.0,10.0,,29,,2.187,0.18057,,,1.5295,0,,0,1,1,47,47,0,47.0,66548.0
79.4,60,100,116,0.0,119.85,179.25,0.0001,100,1.1,0,0.0022073,12.676,9.5646,79077,87103.0,6.5091,298.02,242.21,2.006,10.0,,29,,2.1818,0.18061,,,1.5341,0,,0,1,1,47,47,0,47.0,66274.0
79.6,60,100,116,0.0,116.72,175.63,0.0001,100,1.1,0,0.0021571,12.682,9.6125,79138,87178.0,6.5098,298.01,237.88,2.0119,10.0,,29,,2.1729,0.18068,,,1.5387,0,,0,1,1,47,47,0,47.0,66337.0
79.8,60,100,116,0.0,113.34,172.47,0.0001,100,1.1,0,0.0021797,12.616,9.6604,79199,87253.0,6.51,298.0,235.32,2.0179,10.0,,29,,2.1964,0.18045,,,1.5433,0,,0,1,1,47,47,0,47.0,68400.0
80.0,60,100,116,0.0,109.85,170.51,0.0001,100,1.1,0,0.0020998,12.657,9.7088,79259,87326.0,6.511,297.99,231.63,2.0237,10.0,,29,,2.1808,0.18059,,,1.5478,0,,0,1,1,47,47,0,47.0,68299.0
80.2,60,100,90,0.0,105.96,167.21,0.0001,100,1.1,0,0.0013296,13.523,9.7523,79313,87391.0,6.5257,297.91,200.51,2.0284,10.0,,23,,1.9184,0.1831,,,1.5514,0,,0,1,1,47,47,0,47.0,67674.0
80.4,60,100,90,0.0,96.166,50.164,207.94,100,1.1,0,0.0013114,13.495,9.7957,79365,87454.0,6.5374,298.43,396.81,2.0323,10.0,,23,,1.885,0.18341,,,1.5544,0,,0,1,1,47,47,0,47.0,68048.0
80.6,60,100,90,0.0,81.743,227.78,20.794,100,1.1,0,0.0013243,13.429,9.8395,79414,87513.0,6.5445,298.33,358.54,2.0362,10.0,,23,,1.8959,0.1833,,,1.5574,0,,0,1,1,47,47,0,47.0,67924.0
80.8,60,100,90,0.0,64.487,204.89,2.0794,100,1.1,0,0.0012909,13.411,9.8831,79459,87570.0,6.5441,298.22,316.3,2.04,10.0,,23,,1.9008,0.18324,,,1.5603,0,,0,1,1,47,47,0,47.0,67799.0
81.0,60,100,90,0.0,47.39,179.25,0.20794,100,1.1,0,0.0012964,13.34,9.9271,79501,87622.0,6.5318,298.14,287.4,2.0438,10.0,,23,,1.9229,0.18302,,,1.5632,0,,0,1,1,47,47,0,47.0,68343.0
81.2,60,100,90,0.0,35.212,161.72,0.020794,100,1.1,0,0.0012719,13.316,9.9713,79541,87673.0,6.5096,298.09,268.67,2.0476,10.0,,23,,1.9281,0.18297,,,1.5661,0,,0,1,1,47,47,0,47.0,68388.0
81.4,60,100,90,0.0,31.924,150.39,0.0020794,100,1.1,0,0.001242,13.301,10.015,79580,87722.0,6.4846,298.05,251.61,2.0513,10.0,,23,,1.9402,0.18284,,,1.569,0,,0,1,1,47,47,0,47.0,69265.0
81.6,60,100,90,0.0,38.606,138.53,0.00020794,100,1.1,0,0.0012075,13.331,10.058,79621,87773.0,6.4689,298.0,234.04,2.0549,10.0,,23,,1.9343,0.18289,,,1.5718,0,,0,1,1,47,47,0,47.0,69138.0
81.8,60,100,90,0.0,51.555,124.48,0.0001,100,1.1,0,0.0012449,13.287,10.102,79664,87827.0,6.4651,297.96,219.01,2.0586,10.0,,23,,1.946,0.18277,,,1.5746,0,,0,1,1,47,47,0,47.0,69511.0
82.0,60,100,90,0.0,65.98,111.03,0.0001,100,1.1,0,0.0012253,13.359,10.145,79710,87883.0,6.4724,297.93,208.19,2.0622,10.0,,23,,1.9114,0.1831,,,1.5774,0,,0,1,1,47,47,0,47.0,70216.0
82.2,60,100,90,0.0,77.515,33.308,123.65,100,1.1,0,0.0012297,13.361,10.187,79758,87942.0,6.4853,298.26,333.09,2.0658,10.0,,23,,1.9057,0.18315,,,1.5802,0,,0,1,1,47,47,0,47.0,70087.0
82.4,60,100,90,0.0,83.879,145.07,12.365,100,1.1,0,0.001246,13.347,10.23,79807,88002.0,6.4983,298.22,318.69,2.0695,10.0,,23,,1.9056,0.18314,,,1.583,0,,0,1,1,47,47,0,47.0,70291.0
82.6,60,100,90,0.0,85.078,139.22,1.2365,100,1.1,0,0.0012082,13.382,10.272,79857,88062.0,6.5119,298.16,294.98,2.0731,10.0,,23,,1.8916,0.18327,,,1.5858,0,,0,1,1,47,47,0,47.0,70992.0
82.8,60,100,90,0.0,80.817,126.22,0.12365,100,1.1,0,0.0011685,13.403,10.313,79906,88121.0,6.5228,298.1,271.03,2.0766,10.0,,23,,1.8867,0.18331,,,1.5885,0,,0,1,1,47,47,0,47.0,70855.0
83.0,60,100,90,0.0,72.213,110.85,0.012365,100,1.1,0,0.0011827,13.355,10.355,79953,88178.0,6.5284,298.05,251.68,2.08,10.0,,23,,1.8918,0.18325,,,1.5911,0,,0,1,1,47,47,0,47.0,70886.0
83.2,60,100,90,0.0,61.391,97.318,0.0012365,100,1.1,0,0.0012149,13.26,10.397,79998,88234.0,6.5276,298.01,239.35,2.0836,10.0,,23,,1.9192,0.18298,,,1.5939,0,,0,1,1,47,47,0,47.0,71090.0
83.4,60,100,90,0.0,50.9,88.184,0.00012365,100,1.1,0,0.0011994,13.224,10.439,80041,88287.0,6.5204,297.99,229.19,2.0871,10.0,,23,,1.9358,0.18282,,,1.5966,0,,0,1,1,47,47,0,47.0,71124.0
83.6,60,100,90,0.0,43.279,79.672,0.0001,100,1.1,0,0.001183,13.209,10.481,80082,88339.0,6.5067,297.97,222.84,2.0906,10.0,,23,,1.9348,0.18282,,,1.5993,0,,0,1,1,47,47,0,47.0,72326.0
83.8,60,100,90,0.0,41.152,73.577,0.0001,100,1.1,0,0.0011614,13.212,10.524,80123,88390.0,6.4927,297.96,217.78,2.0941,10.0,,23,,1.9327,0.18284,,,1.602,0,,0,1,1,47,47,0,47.0,72361.0
84.0,60,100,90,0.0,44.582,67.966,0.0001,100,1.1,0,0.0011344,13.245,10.565,80165,88442.0,6.4843,297.95,213.52,2.0975,10.0,1278.3,23,1708.2,1.9169,0.18298,10.397,22.434,1.6046,0,28.165,0,1,1,47,47,0,47.0,71726.0
84.2,60,100,90,0.0,51.36,20.39,79.007,100,1.1,0,0.0011442,13.227,10.607,80208,88495.0,6.4822,298.17,299.0,2.1009,10.0,,23,,1.9186,0.18296,,,1.6072,0,,0,1,1,47,47,0,47.0,72092.0
84.4,60,100,90,0.0,58.995,96.06,7.9007,100,1.1,0,0.0011516,13.224,10.649,80252,88550.0,6.4867,298.15,290.4,2.1043,10.0,,23,,1.9114,0.18302,,,1.6098,0,,0,1,1,47,47,0,47.0,72626.0
84.6,60,100,90,0.0,64.808,92.944,0.79007,100,1.1,0,0.001178,13.177,10.691,80298,88606.0,6.4953,298.11,276.96,2.1078,10.0,,23,,1.9264,0.18287,,,1.6125,0,,0,1,1,47,47,0,47.0,72329.0
84.8,60,100,90,0.0,67.205,86.45,0.079007,100,1.1,0,0.0012247,13.109,10.734,80344,88663.0,6.5033,298.08,264.94,2.1113,10.0,,23,,1.9442,0.18269,,,1.6152,0,,0,1,1,47,47,0,47.0,73702.0
85.0,60,100,90,0.0,66.422,80.023,0.0079007,100,1.1,0,0.0012422,13.069,10.778,80390,88719.0,6.5095,298.06,256.21,2.1149,10.0,,23,,1.9505,0.18263,,,1.618,0,,0,1,1,47,47,0,47.0,72244.0
85.2,60,100,90,0.0,63.13,75.364,0.00079007,100,1.1,0,0.001259,13.037,10.822,80435,88775.0,6.513,298.05,252.97,2.1186,10.0,,23,,1.9535,0.18259,,,1.6208,0,,0,1,1,47,47,0,47.0,73122.0
85.4,60,100,90,0.0,58.477,74.769,0.0001,100,1.1,0,0.0012109,13.048,10.866,80480,88830.0,6.5138,298.04,250.13,2.1222,10.0,,23,,1.9566,0.18255,,,1.6236,0,,0,1,1,47,47,0,47.0,72831.0
85.6,60,100,90,0.0,53.48,74.098,0.0001,100,1.1,0,0.0012052,13.02,10.909,80523,88884.0,6.5127,298.04,248.35,2.1257,10.0,,23,,1.9677,0.18244,,,1.6263,0,,0,1,1,47,47,0,47.0,73872.0
85.8,60,100,90,0.0,48.937,74.109,0.0001,100,1.1,0,0.0011612,13.055,10.952,80565,88937.0,6.5085,298.03,244.92,2.1292,10.0,,23,,1.9542,0.18256,,,1.629,0,,0,1,1,47,47,0,47.0,73242.0
86.0,60,100,90,0.0,46.079,72.425,0.0001,100,1.1,0,0.0011556,13.029,10.994,80607,88989.0,6.502,298.02,242.52,2.1326,10.0,,23,,1.9614,0.18249,,,1.6316,0,,0,1,1,47,47,0,47.0,74945.0
86.2,60,100,90,0.0,45.826,71.38,0.0001,100,1.1,0,0.0011604,12.991,11.037,80649,89042.0,6.4946,298.02,241.59,2.1361,10.0,,23,,1.9706,0.18239,,,1.6343,0,,0,1,1,47,47,0,47.0,74650.0
86.4,60,100,90,0.0,48.504,71.402,0.0001,100,1.1,0,0.0011638,12.966,11.08,80691,89094.0,6.4916,298.01,239.46,2.1395,10.0,,23,,1.982,0.18228,,,1.6369,0,,0,1,1,47,47,0,47.0,74020.0
86.6,60,100,90,0.0,52.359,70.218,0.0001,100,1.1,0,0.0011463,12.994,11.122,80735,89148.0,6.4928,298.01,237.29,2.1429,10.0,,23,,1.9662,0.18242,,,1.6396,0,,0,1,1,47,47,0,47.0,74555.0
86.8,60,100,90,0.0,55.755,68.818,0.0001,100,1.1,0,0.0011597,12.953,11.164,80778,89202.0,6.4957,298.0,235.73,2.1464,10.0,,23,,1.9777,0.18231,,,1.6422,0,,0,1,1,47,47,0,47.0,75757.0
87.0,60,100,90,0.0,58.005,67.757,0.0001,100,1.1,0,0.0011577,12.941,11.206,80823,89257.0,6.5014,298.0,232.7,2.1498,10.0,,23,,1.9803,0.18228,,,1.6449,0,,0,1,1,47,47,0,47.0,75125.0
87.2,60,100,90,0.0,57.96,65.203,0.0001,100,1.1,0,0.0011854,12.891,11.249,80867,89312.0,6.5061,298.0,232.62,2.1533,10.0,,23,,1.9889,0.18219,,,1.6476,0,,0,1,1,47,47,0,47.0,74994.0
87.4,60,100,90,0.0,56.054,65.041,0.0001,100,1.1,0,0.0011537,12.919,11.291,80911,89366.0,6.5092,297.99,231.97,2.1568,10.0,,23,,1.9833,0.18223,,,1.6502,0,,0,1,1,47,47,0,47.0,75195.0
87.6,60,100,90,0.0,52.894,64.308,0.0001,100,1.1,0,0.0011237,12.929,11.332,80954,89420.0,6.5105,297.99,229.87,2.1601,10.0,,23,,1.9812,0.18225,,,1.6528,0,,0,1,1,47,47,0,47.0,75391.0
87.8,60,100,90,0.0,49.238,62.213,0.0001,100,1.1,0,0.0011455,12.863,11.373,80996,89472.0,6.5076,297.99,229.74,2.1635,10.0,,23,,1.9993,0.18207,,,1.6554,0,,0,1,1,47,47,0,47.0,75923.0
88.0,60,100,90,0.0,46.734,61.712,0.0001,100,1.1,0,0.0011451,12.842,11.415,81038,89525.0,6.5019,297.99,230.77,2.1669,10.0,,23,,2.0058,0.182,,,1.6581,0,,0,1,1,47,47,0,47.0,76289.0
88.2,60,100,90,0.0,46.484,62.202,0.0001,100,1.1,0,0.0013601,12.83,11.457,81080,89577.0,6.4959,298.0,233.99,2.1704,10.0,,23,,2.0132,0.18192,,,1.6607,0,,0,1,1,47,47,0,47.0,75658.0
88.4,60,100,90,0.0,48.65,64.727,0.0001,100,1.1,0,0.11428,15.084,11.453,81123,89630.0,6.5339,297.89,193.44,2.172,10.0,,23,,1.3536,0.18818,,,1.662,0,,0,1,1,47,47,0,47.0,76963.0
88.6,60,100,90,0.0,35.456,19.418,119.64,100,1.1,0,0.0035243,6.1278,11.441,81162,89681.0,6.5014,298.3,347.89,2.1735,10.0,,23,,2.5007,0.17722,,,1.6631,0,,0,1,1,47,47,0,47.0,76402.0
88.8,60,100,90,0.0,35.652,154.68,11.964,100,1.1,0,0.0011902,12.671,11.484,81202,89731.0,6.4796,298.28,340.48,2.1796,10.0,,23,,2.1627,0.18047,,,1.6678,0,,0,1,1,47,47,0,47.0,76274.0
89.0,60,100,90,0.0,44.286,156.12,1.1964,100,1.1,0,0.0012001,12.68,11.527,81243,89783.0,6.4697,298.24,325.11,2.1834,10.0,,23,,2.0648,0.1814,,,1.6707,0,,0,1,1,47,47,0,47.0,76146.0
89.2,60,100,90,0.0,56.907,152.84,0.11964,100,1.1,0,0.11264,15.042,11.523,81287,89838.0,6.5124,298.08,263.98,2.1851,10.0,,23,,1.3731,0.18797,,,1.672,0,,0,1,1,47,47,0,47.0,75951.0
89.4,60,100,90,0.0,52.3,107.29,0.011964,100,1.1,0,0.23313,15.023,11.511,81330,89891.0,6.559,297.93,208.85,2.1851,10.0,,23,,1.2347,0.18928,,,1.6721,0,,0,1,1,47,47,0,47.0,75387.0
89.6,60,100,90,0.516,26.15,32.186,123.6,100,1.1,0,0.35783,14.953,11.499,81368,89940.0,6.5777,298.14,286.52,2.185,10.0,,23,,1.2298,0.18932,,,1.672,0,,0,1,1,47,47,0,47.0,76660.0
89.8,60,100,90,1.0358,13.075,100.25,12.36,100,1.1,0,0.48501,14.899,11.489,81404,89986.0,6.5779,298.03,247.49,2.1849,10.0,,23,,1.2485,0.18915,,,1.6719,0,,0,1,1,47,47,0,47.0,75935.0
90.0,60,100,90,1.5566,6.5375,68.952,1.236,100,1.1,0,0.61605,14.877,11.478,81438,90030.0,6.5678,297.93,207.51,2.1848,10.0,,23,,1.2557,0.18908,,,1.6718,0,,0,1,1,47,47,0,47.0,75877.0
90.2,75,100,90,2.0778,3.2687,20.686,88.483,100,1.1,0,0.0010669,13.072,11.486,81471,90074.0,6.3828,298.64,481.94,1.7912,10.0,,23,,3.1891,0.17742,,,1.7112,0,,0,1,1,47,47,0,47.0,76581.0
90.4,75,100,90,0.0,51.229,263.96,8.8483,100,1.1,0,0.0010891,13.173,11.527,81514,90128.0,6.3892,298.54,441.97,1.771,10.0,,23,,2.008,0.18656,,,1.6918,0,,0,1,1,47,47,0,47.0,76606.0
90.6,75,100,90,0.0,95.444,247.02,0.88483,100,1.1,0,0.0011019,13.252,11.566,81565,90190.0,6.4204,298.43,398.54,1.7722,10.0,,23,,1.8796,0.18753,,,1.693,0,,0,1,1,47,47,0,47.0,76793.0
90.8,75,100,90,0.0,127.7,229.24,0.088483,100,1.1,0,0.0011175,13.293,11.604,81623,90258.0,6.4523,298.31,354.59,1.7748,10.0,,23,,1.8565,0.1877,,,1.6955,0,,0,1,1,47,47,0,47.0,76810.0
91.0,75,100,90,0.0,147.28,206.89,0.0088483,100,1.1,0,0.0011079,13.349,11.642,81685,90331.0,6.4818,298.21,313.66,1.7776,10.0,,23,,1.8331,0.18787,,,1.6981,0,,0,1,1,47,47,0,47.0,77322.0
91.2,75,100,90,0.0,155.07,183.01,0.00088483,100,1.1,0,0.0010728,13.41,11.679,81749,90405.0,6.5089,298.11,277.86,1.7803,10.0,,23,,1.8092,0.18805,,,1.7007,0,,0,1,1,47,47,0,47.0,77332.0
91.4,75,100,90,0.0,152.02,159.7,0.0001,100,1.1,0,0.001039,13.446,11.715,81812,90478.0,6.5337,298.04,248.29,1.7829,10.0,,23,,1.7927,0.18817,,,1.7032,0,,0,1,1,47,47,0,47.0,77337.0
91.6,75,100,90,0.0,139.05,138.39,0.0001,100,1.1,0,0.0010396,13.405,11.752,81872,90549.0,6.5548,297.98,227.58,1.7854,10.0,,23,,1.7989,0.18812,,,1.7057,0,,0,1,1,47,47,0,47.0,76678.0
91.8,75,100,90,0.51843,69.525,122.0,0.0001,100,1.1,0,0.0010791,13.127,11.792,81919,90606.0,6.5589,297.96,217.64,1.7881,10.0,,23,,1.8902,0.18742,,,1.7082,0,,0,1,1,47,47,0,47.0,77701.0
92.0,75,100,90,1.0389,34.763,113.0,0.0001,100,1.1,0,0.0010675,13.034,11.832,81958,90656.0,6.5351,297.94,211.7,1.7907,10.0,,23,,1.9243,0.18716,,,1.7107,0,,0,1,1,47,47,0,47.0,77561.0
92.2,75,100,90,0.0,21.324,33.901,122.39,100,1.1,0,0.0010557,12.996,11.873,81995,90704.0,6.4996,298.26,336.25,1.7933,10.0,,23,,1.9308,0.1871,,,1.7133,0,,0,1,1,47,47,0,47.0,77589.0
92.4,75,100,90,0.0,22.036,142.37,12.239,100,1.1,0,0.0010544,12.982,11.914,82032,90751.0,6.4685,298.26,335.68,1.796,10.0,,23,,1.9358,0.18706,,,1.7158,0,,0,1,1,47,47,0,47.0,78450.0
92.6,75,100,90,0.0,35.143,149.37,1.2239,100,1.1,0,0.0010397,13.01,11.954,82071,90801.0,6.4544,298.22,320.54,1.7986,10.0,,23,,1.9258,0.18713,,,1.7183,0,,0,1,1,47,47,0,47.0,78475.0
92.8,75,100,90,0.0,53.835,145.82,0.12239,100,1.1,0,0.001029,13.071,11.993,82115,90855.0,6.458,298.18,304.82,1.8012,10.0,,23,,1.8994,0.18732,,,1.7208,0,,0,1,1,47,47,0,47.0,77998.0
93.0,75,100,90,0.0,71.083,140.58,0.012239,100,1.1,0,0.00099471,13.161,12.032,82161,90912.0,6.4725,298.14,286.5,1.8037,10.0,,23,,1.8634,0.18759,,,1.7232,0,,0,1,1,47,47,0,47.0,78513.0
93.2,75,100,90,0.0,82.57,131.56,0.0012239,100,1.1,0,0.0009747,13.197,12.069,82210,90971.0,6.4929,298.09,267.09,1.8061,10.0,,23,,1.8563,0.18764,,,1.7256,0,,0,1,1,47,47,0,47.0,80025.0
93.4,75,100,90,0.0,85.925,119.87,0.00012239,100,1.1,0,0.00098459,13.197,12.107,82260,91031.0,6.5131,298.04,249.22,1.8086,10.0,,23,,1.8466,0.18771,,,1.7279,0,,0,1,1,47,47,0,47.0,79537.0
93.6,75,100,90,0.0,81.186,107.7,0.0001,100,1.1,0,0.00098662,13.16,12.144,82309,91090.0,6.5295,298.01,236.22,1.811,10.0,,23,,1.8607,0.1876,,,1.7303,0,,0,1,1,47,47,0,47.0,79215.0
93.8,75,100,90,0.0,69.903,98.105,0.0001,100,1.1,0,0.00098589,13.121,12.182,82355,91147.0,6.5404,297.98,226.27,1.8135,10.0,,23,,1.8699,0.18753,,,1.7326,0,,0,1,1,47,47,0,47.0,79561.0
94.0,75,100,90,0.0,54.294,89.856,0.0001,100,1.1,0,0.0010212,13.019,12.221,82399,91201.0,6.539,297.96,219.51,1.816,10.0,,23,,1.8991,0.1873,,,1.735,0,,0,1,1,47,47,0,47.0,79746.0
94.2,75,100,90,0.0,39.269,83.423,0.0001,100,1.1,0,0.0010304,12.951,12.26,82439,91252.0,6.523,297.96,217.73,1.8185,10.0,,23,,1.9198,0.18714,,,1.7374,0,,0,1,1,47,47,0,47.0,79269.0
94.4,75,100,90,0.0,30.657,80.669,0.0001,100,1.1,0,0.0010128,12.916,12.3,82478,91301.0,6.4991,297.95,215.42,1.821,10.0,,23,,1.9478,0.18692,,,1.7398,0,,0,1,1,47,47,0,47.0,80124.0
94.6,75,100,90,0.0,31.579,77.179,0.0001,100,1.1,0,0.0010123,12.896,12.339,82516,91350.0,6.4772,297.95,213.46,1.8235,10.0,,23,,1.9569,0.18685,,,1.7422,0,,0,1,1,47,47,0,47.0,79979.0
94.8,75,100,90,0.0,41.227,23.154,87.296,100,1.1,0,0.00098873,12.944,12.378,82557,91401.0,6.4681,298.18,302.62,1.8259,10.0,,23,,1.9461,0.18692,,,1.7446,0,,0,1,1,47,47,0,47.0,80496.0
95.0,75,100,90,0.0,54.458,99.777,8.7296,100,1.1,0,0.00098513,12.974,12.416,82600,91455.0,6.4715,298.18,303.61,1.8283,10.0,,23,,1.9328,0.18702,,,1.7469,0,,0,1,1,47,47,0,47.0,81345.0
95.2,75,100,90,0.0,66.326,105.57,0.87296,100,1.1,0,0.00096531,13.02,12.454,82646,91510.0,6.4838,298.15,292.58,1.8307,10.0,,23,,1.9152,0.18715,,,1.7492,0,,0,1,1,47,47,0,47.0,80525.0
95.4,75,100,90,0.0,73.314,102.59,0.087296,100,1.1,0,0.00096589,13.018,12.492,82693,91568.0,6.497,298.12,280.1,1.8331,10.0,,23,,1.9157,0.18714,,,1.7514,0,,0,1,1,47,47,0,47.0,80539.0
95.6,75,100,90,0.0,75.021,97.513,0.0087296,100,1.1,0,0.00097374,12.979,12.53,82741,91626.0,6.5092,298.09,268.13,1.8354,10.0,,23,,1.9359,0.18698,,,1.7537,0,,0,1,1,47,47,0,47.0,81720.0
95.8,75,100,90,0.0,71.863,91.731,0.00087296,100,1.1,0,0.00096615,12.971,12.568,82787,91683.0,6.519,298.06,255.58,1.8378,10.0,,23,,1.9363,0.18697,,,1.756,0,,0,1,1,47,47,0,47.0,81569.0
96.0,75,100,90,0.0,64.809,84.283,0.0001,100,1.1,0,0.00095314,12.967,12.606,82833,91738.0,6.5233,298.03,244.02,1.8401,10.0,1393.3,23,1730.8,1.9271,0.18704,12.454,23.859,1.7582,0,37.705,0,1,1,47,47,0,47.0,81751.0
96.2,75,100,90,0.0,56.015,76.538,0.0001,100,1.1,0,0.00095256,12.921,12.645,82877,91792.0,6.5221,298.01,235.21,1.8424,10.0,,23,,1.9463,0.18689,,,1.7604,0,,0,1,1,47,47,0,47.0,81435.0
96.4,75,100,90,0.0,47.723,70.075,0.0001,100,1.1,0,0.00093795,12.902,12.683,82919,91844.0,6.5174,297.99,229.09,1.8447,10.0,,23,,1.951,0.18685,,,1.7626,0,,0,1,1,47,47,0,47.0,81952.0
96.6,75,100,90,0.0,41.274,65.089,0.0001,100,1.1,0,0.00095255,12.844,12.723,82959,91895.0,6.5064,297.98,226.09,1.847,10.0,,23,,1.9694,0.1867,,,1.7649,0,,0,1,1,47,47,0,47.0,82473.0
96.8,75,100,90,0.0,39.259,62.2,0.0001,100,1.1,0,0.0009648,12.783,12.762,83000,91946.0,6.4942,297.98,226.28,1.8494,10.0,,23,,1.9934,0.18652,,,1.7671,0,,0,1,1,47,47,0,47.0,82329.0
97.0,75,100,90,0.0,42.094,61.76,0.0001,100,1.1,0,0.00096659,12.774,12.802,83040,91997.0,6.4851,297.98,225.92,1.8517,10.0,,23,,1.9978,0.18648,,,1.7694,0,,0,1,1,47,47,0,47.0,82183.0
97.2,75,100,90,0.0,48.547,60.798,0.0001,100,1.1,0,0.00096265,12.802,12.841,83083,92050.0,6.4813,297.98,224.85,1.8541,10.0,,23,,1.9769,0.18663,,,1.7717,0,,0,1,1,47,47,0,47.0,83035.0
97.4,75,100,90,0.0,56.512,59.188,0.0001,100,1.1,0,0.00097472,12.779,12.88,83126,92104.0,6.4834,297.98,224.17,1.8565,10.0,,23,,1.9857,0.18656,,,1.7739,0,,0,1,1,47,47,0,47.0,83222.0
97.6,75,100,90,0.0,63.643,57.837,0.0001,100,1.1,0,0.00097745,12.776,12.918,83172,92160.0,6.4905,297.97,222.62,1.8589,10.0,,23,,1.9917,0.18651,,,1.7762,0,,0,1,1,47,47,0,47.0,83406.0
97.8,75,100,90,0.0,67.941,55.652,0.0001,100,1.1,0,0.00096441,12.807,12.956,83218,92216.0,6.4999,297.97,220.71,1.8613,10.0,,23,,1.9744,0.18664,,,1.7785,0,,0,1,1,47,47,0,47.0,83086.0
98.0,75,100,90,0.0,68.495,53.023,0.0001,100,1.1,0,0.00099166,12.736,12.995,83264,92273.0,6.5093,297.97,221.73,1.8637,10.0,,23,,1.9977,0.18646,,,1.7808,0,,0,1,1,47,47,0,47.0,82603.0
98.2,75,100,90,0.0,65.31,52.776,0.0001,100,1.1,0,0.00099849,12.717,13.033,83309,92329.0,6.5154,297.98,224.45,1.8661,10.0,,23,,2.0005,0.18643,,,1.7832,0,,0,1,1,47,47,0,47.0,83952.0
98.4,75,100,90,0.0,59.66,54.047,0.0001,100,1.1,0,0.00097924,12.733,13.071,83354,92384.0,6.5186,297.98,226.06,1.8685,10.0,,23,,1.9908,0.1865,,,1.7855,0,,0,1,1,47,47,0,47.0,84132.0
98.6,75,100,90,0.0,52.762,54.581,0.0001,100,1.1,0,0.00097414,12.711,13.108,83397,92437.0,6.5147,297.99,227.45,1.8709,10.0,,23,,1.9947,0.18647,,,1.7878,0,,0,1,1,47,47,0,47.0,82978.0
98.8,75,100,90,0.0,47.441,55.089,0.0001,100,1.1,0,0.00096749,12.677,13.146,83438,92490.0,6.5054,297.99,230.36,1.8732,10.0,,23,,2.0084,0.18636,,,1.79,0,,0,1,1,47,47,0,47.0,83159.0
99.0,75,100,90,0.0,45.832,57.063,0.0001,100,1.1,0,0.0009968,12.599,13.185,83480,92542.0,6.4954,298.0,234.0,1.8757,10.0,,23,,2.0368,0.18614,,,1.7924,0,,0,1,1,47,47,0,47.0,85177.0
99.2,75,100,90,0.0,48.212,59.912,0.0001,100,1.1,0,0.00097348,12.634,13.223,83522,92594.0,6.4892,298.0,234.27,1.878,10.0,,23,,2.0233,0.18624,,,1.7947,0,,0,1,1,47,47,0,47.0,84860.0
99.4,75,100,90,0.0,53.042,60.163,0.0001,100,1.1,0,0.000972,12.65,13.262,83565,92648.0,6.4869,298.0,234.4,1.8804,10.0,,23,,2.0037,0.18638,,,1.7969,0,,0,1,1,47,47,0,47.0,84209.0
99.6,75,100,90,0.0,58.807,60.377,0.0001,100,1.1,0,0.00096152,12.674,13.3,83609,92702.0,6.4899,298.0,232.3,1.8828,10.0,,23,,1.9899,0.18648,,,1.7992,0,,0,1,1,47,47,0,47.0,85225.0
99.8,75,100,90,0.0,63.364,58.673,0.0001,100,1.1,0,0.0009375,12.716,13.337,83654,92758.0,6.4971,297.99,228.97,1.8851,10.0,,23,,1.9734,0.1866,,,1.8014,0,,0,1,1,47,47,0,47.0,85736.0
100.0,75,100,90,0.0,65.02,55.747,0.0001,100,1.1,0,0.00093162,12.718,13.375,83700,92814.0,6.5039,297.98,225.74,1.8873,10.0,,23,,1.9681,0.18664,,,1.8036,0,,0,1,1,47,47,0,47.0,84748.0
100.2,75,100,90,0.0,63.984,52.622,0.0001,100,1.0,-4000,0.00093324,11.871,13.412,83042,92069.0,6.5377,297.98,224.04,1.8793,10.0,,23,,1.9539,0.18676,,,1.7959,0,,0,1,1,47,47,0,47.0,84926.0
100.4,75,100,90,0.0,49.353,50.508,0.0001,100,1.0,-4000,0.00095214,11.789,13.45,82381,91322.0,6.5606,297.98,224.45,1.8663,10.0,,23,,1.9598,0.18674,,,1.7833,0,,0,1,1,47,47,0,47.0,86442.0
100.6,75,100,90,0.51863,24.676,50.046,0.0001,100,1.0,-4000,0.0009573,11.693,13.49,81715,90570.0,6.5543,297.98,226.82,1.8529,10.0,,23,,1.9729,0.18667,,,1.7705,0,,0,1,1,47,47,0,47.0,85628.0
100.8,75,100,90,1.0405,12.338,51.317,0.0001,100,1.0,-4000,0.00093988,11.671,13.528,81048,89815.0,6.5339,297.99,228.61,1.8394,10.0,,23,,1.9612,0.18678,,,1.7575,0,,0,1,1,47,47,0,47.0,85814.0
101.0,75,100,90,0.0,0.0,52.28,0.0001,100,1.0,-4000,0.0009375,11.605,13.568,80377,89058.0,6.5006,297.99,230.8,1.8259,10.0,,23,,1.9634,0.18679,,,1.7446,0,,0,1,1,47,47,0,47.0,86168.0
101.2,75,100,90,0.0,0.32427,53.794,0.0001,100,1.0,-4000,0.00094953,11.573,13.608,79707,88301.0,6.4699,298.0,232.69,1.8124,10.0,,23,,1.9439,0.18697,,,1.7316,0,,0,1,1,47,47,0,47.0,86359.0
101.4,75,100,90,0.0,12.871,55.262,0.0001,100,1.0,-4000,0.0009891,11.537,13.648,79040,87546.0,6.4549,298.0,234.28,1.7989,10.0,,23,,1.93,0.1871,,,1.7186,0,,0,1,1,47,47,0,47.0,86384.0
101.6,75,100,90,0.0,31.381,56.663,0.0001,100,1.0,-4000,0.00097449,11.624,13.687,78376,86795.0,6.4613,298.0,232.93,1.7855,10.0,,23,,1.8736,0.18755,,,1.7057,0,,0,1,1,47,47,0,47.0,86904.0
101.8,75,100,90,0.0,47.307,55.535,0.0001,100,1.0,-4000,0.00097913,11.659,13.726,77715,86048.0,6.4833,297.99,230.89,1.7719,10.0,,23,,1.8406,0.18783,,,1.6927,0,,0,1,1,47,47,0,47.0,87754.0
102.0,75,100,90,0.0,54.437,53.67,0.0001,100,1.0,-4000,0.00098176,11.669,13.764,77056,85302.0,6.5108,297.99,227.56,1.7584,10.0,,23,,1.8129,0.18806,,,1.6797,0,,0,1,1,47,47,0,47.0,86936.0
102.2,75,100,90,0.0,50.61,50.392,0.0001,100,1.0,0,0.00098894,11.639,13.802,77099,85355.0,6.5058,297.98,226.41,1.7556,10.0,,23,,1.8112,0.18808,,,1.677,0,,0,1,1,47,47,0,47.0,86454.0
102.4,75,100,90,0.0,48.914,48.842,0.0001,100,1.0,0,0.00099688,11.605,13.841,77142,85407.0,6.4984,297.98,225.73,1.7574,10.0,,23,,1.8187,0.18802,,,1.6788,0,,0,1,1,47,47,0,47.0,87138.0
102.6,75,100,90,0.0,50.099,47.573,0.0001,100,1.0,0,0.0010045,11.581,13.88,77185,85460.0,6.4927,297.98,224.32,1.7596,10.0,,23,,1.8251,0.18797,,,1.6809,0,,0,1,1,47,47,0,47.0,86991.0
102.8,75,100,90,0.0,53.529,45.531,0.0001,100,1.0,0,0.0009884,11.589,13.919,77229,85514.0,6.4909,297.97,221.79,1.7618,10.0,,23,,1.8304,0.18792,,,1.683,0,,0,1,1,47,47,0,47.0,88841.0
103.0,75,100,90,0.0,57.664,42.315,0.0001,100,1.0,0,0.00099402,11.585,13.957,77273,85569.0,6.4914,297.97,220.11,1.764,10.0,,23,,1.8324,0.1879,,,1.6851,0,,0,1,1,47,47,0,47.0,88025.0
103.2,75,100,90,0.0,61.597,39.669,0.0001,100,1.0,0,0.0010074,11.56,13.996,77319,85624.0,6.4934,297.96,218.99,1.7662,10.0,,23,,1.8442,0.18781,,,1.6872,0,,0,1,1,47,47,0,47.0,88042.0
103.4,75,100,90,0.0,64.757,37.35,0.0001,100,1.0,0,0.0010137,11.556,14.034,77365,85680.0,6.4968,297.96,217.98,1.7684,10.0,,23,,1.8489,0.18777,,,1.6893,0,,0,1,1,47,47,0,47.0,88059.0
103.6,75,100,90,0.0,66.536,35.015,0.0001,100,1.0,0,0.0010129,11.553,14.072,77411,85736.0,6.503,297.96,216.86,1.7706,10.0,,23,,1.85,0.18776,,,1.6914,0,,0,1,1,47,47,0,47.0,88074.0
103.8,75,100,90,0.0,65.867,32.473,0.0001,100,1.0,0,0.0009879,11.593,14.11,77457,85793.0,6.5087,297.95,215.57,1.7728,10.0,,23,,1.8318,0.18789,,,1.6935,0,,0,1,1,47,47,0,47.0,88418.0
104.0,75,100,90,0.0,62.915,29.654,0.0001,100,1.0,0,0.00097479,11.591,14.147,77503,85848.0,6.5122,297.95,215.03,1.7749,10.0,,23,,1.8323,0.18788,,,1.6955,0,,0,1,1,47,47,0,47.0,89262.0
104.2,75,100,90,0.0,58.561,27.416,0.0001,100,1.0,0,0.00098099,11.539,14.184,77547,85903.0,6.5131,297.95,215.84,1.777,10.0,,23,,1.8544,0.18771,,,1.6976,0,,0,1,1,47,47,0,47.0,89607.0
104.4,75,100,90,0.0,53.865,26.372,0.0001,100,1.0,0,0.00095942,11.55,14.221,77591,85956.0,6.5098,297.95,215.86,1.7791,10.0,,23,,1.856,0.1877,,,1.6996,0,,0,1,1,47,47,0,47.0,89949.0
104.6,75,100,90,0.0,50.467,24.636,0.0001,100,1.0,0,0.00094868,11.551,14.257,77634,86009.0,6.5054,297.96,216.46,1.7811,10.0,,23,,1.8498,0.18774,,,1.7015,0,,0,1,1,47,47,0,47.0,88955.0
104.8,75,100,90,0.0,48.832,23.469,0.0001,100,1.0,0,0.00096146,11.532,14.294,77677,86062.0,6.4992,297.96,218.0,1.7832,10.0,,23,,1.8379,0.18783,,,1.7035,0,,0,1,1,47,47,0,47.0,89296.0
105.0,75,100,90,0.0,49.69,23.219,0.0001,100,1.0,0,0.00092512,11.575,14.33,77720,86114.0,6.4949,297.96,217.57,1.7852,10.0,,23,,1.83,0.18788,,,1.7054,0,,0,1,1,47,47,0,47.0,89467.0
105.2,75,100,90,0.0,52.225,21.274,0.0001,100,1.0,0,0.00094724,11.544,14.366,77763,86167.0,6.493,297.96,217.92,1.7872,10.0,,23,,1.836,0.18783,,,1.7074,0,,0,1,1,47,47,0,47.0,88974.0
105.4,75,100,90,0.0,55.518,20.049,0.0001,100,1.0,0,0.00095333,11.53,14.403,77807,86221.0,6.4935,297.96,218.57,1.7892,10.0,,23,,1.8407,0.18779,,,1.7093,0,,0,1,1,47,47,0,47.0,89813.0
105.6,75,100,90,0.0,58.615,19.129,0.0001,100,1.0,0,0.00094165,11.514,14.439,77852,86276.0,6.4974,297.96,218.56,1.7912,10.0,,23,,1.8711,0.18756,,,1.7112,0,,0,1,1,47,47,0,47.0,89984.0
105.8,75,100,90,0.0,60.165,17.65,0.0001,100,1.0,0,0.00093027,11.537,14.474,77897,86330.0,6.5026,297.96,218.32,1.7932,10.0,,23,,1.8596,0.18764,,,1.7131,0,,0,1,1,47,47,0,47.0,90818.0
106.0,75,100,90,0.0,59.638,15.967,0.0001,100,1.0,0,0.00092714,11.535,14.509,77942,86385.0,6.5091,297.96,218.3,1.7952,10.0,,23,,1.8624,0.18762,,,1.715,0,,0,1,1,47,47,0,47.0,90483.0
106.2,75,100,90,0.0,56.504,14.469,0.0001,100,1.0,0,0.00089641,11.586,14.543,77986,86439.0,6.5173,297.96,217.72,1.7971,10.0,,23,,1.8316,0.18785,,,1.7169,0,,0,1,1,47,47,0,47.0,90646.0
106.4,75,100,90,0.0,50.08,12.447,0.0001,100,1.0,0,0.0009071,11.527,14.577,78029,86491.0,6.5212,297.96,218.69,1.799,10.0,,23,,1.8515,0.18769,,,1.7187,0,,0,1,1,47,47,0,47.0,90810.0
106.6,75,100,90,0.0,42.145,11.816,0.0001,100,1.0,0,0.00091678,11.488,14.612,78070,86542.0,6.5154,297.97,221.01,1.8009,10.0,,23,,1.8599,0.18762,,,1.7205,0,,0,1,1,47,47,0,47.0,90976.0
106.8,75,100,90,0.0,36.537,12.508,0.0001,100,1.0,0,0.00093115,11.436,14.648,78110,86592.0,6.5043,297.98,224.73,1.8028,10.0,,23,,1.8653,0.18758,,,1.7224,0,,0,1,1,47,47,0,47.0,91145.0
107.0,75,100,90,0.0,35.335,14.699,0.0001,100,1.0,0,0.00091911,11.434,14.683,78150,86642.0,6.4933,297.98,227.27,1.8048,10.0,,23,,1.8689,0.18755,,,1.7242,0,,0,1,1,47,47,0,47.0,91812.0
107.2,75,100,90,0.0,38.535,16.147,0.0001,100,1.0,0,0.00091322,11.469,14.718,78191,86692.0,6.4884,297.99,228.69,1.8067,10.0,,23,,1.8385,0.18778,,,1.7261,0,,0,1,1,47,47,0,47.0,91977.0
107.4,75,100,90,0.0,43.69,16.832,0.0001,100,1.0,0,0.00094421,11.42,14.753,78233,86744.0,6.488,297.99,230.98,1.8086,10.0,,23,,1.8522,0.18767,,,1.728,0,,0,1,1,47,47,0,47.0,91144.0
107.6,75,100,90,0.0,48.978,18.482,0.0001,100,1.0,0,0.00095689,11.406,14.789,78275,86796.0,6.4921,298.0,233.27,1.8106,10.0,,23,,1.848,0.1877,,,1.7299,0,,0,1,1,47,47,0,47.0,92647.0
107.8,75,100,90,0.0,52.643,20.351,0.0001,100,1.0,0,0.0009582,11.395,14.824,78319,86849.0,6.4965,298.01,234.93,1.8126,10.0,,23,,1.8512,0.18767,,,1.7318,0,,0,1,1,47,47,0,47.0,92817.0
108.0,75,100,90,0.0,54.561,21.867,0.0001,100,1.0,0,0.00093742,11.411,14.859,78362,86903.0,6.5002,298.01,235.16,1.8146,10.0,1467.6,23,1744.6,1.8547,0.18764,14.718,24.976,1.7337,0,47.23,0,1,1,47,47,0,47.0,91317.0
108.2,75,100,90,0.0,55.016,22.235,0.0001,100,1.0,0,0.00092161,11.418,14.894,78406,86957.0,6.5048,298.0,234.37,1.8166,10.0,,23,,1.8597,0.1876,,,1.7356,0,,0,1,1,47,47,0,47.0,92650.0
108.4,75,100,90,0.0,53.601,21.712,0.0001,100,1.0,0,0.00091505,11.399,14.929,78450,87010.0,6.5084,298.0,233.44,1.8185,10.0,,23,,1.8698,0.18752,,,1.7374,0,,0,1,1,47,47,0,47.0,92482.0
108.6,75,100,90,0.0,50.78,21.005,0.0001,100,1.0,0,0.00092925,11.374,14.964,78493,87063.0,6.509,298.0,233.41,1.8204,10.0,,23,,1.8643,0.18755,,,1.7393,0,,0,1,1,47,47,0,47.0,93149.0
108.8,75,100,90,0.0,47.696,21.041,0.0001,100,1.0,0,0.00091383,11.374,15.0,78535,87115.0,6.507,298.0,232.84,1.8224,10.0,,23,,1.8606,0.18758,,,1.7412,0,,0,1,1,47,47,0,47.0,92817.0
109.0,75,100,90,0.0,45.42,20.549,0.0001,100,1.0,0,0.00091666,11.359,15.035,78577,87167.0,6.5009,298.0,232.97,1.8243,10.0,,23,,1.855,0.18762,,,1.743,0,,0,1,1,47,47,0,47.0,92986.0
109.2,75,100,90,0.0,45.601,20.668,0.0001,100,1.0,0,0.00090044,11.356,15.07,78619,87219.0,6.495,298.0,232.15,1.8262,10.0,,23,,1.8633,0.18755,,,1.7448,0,,0,1,1,47,47,0,47.0,93486.0
109.4,75,100,90,0.0,48.125,19.905,0.0001,100,1.0,0,0.00089668,11.355,15.105,78662,87271.0,6.4919,298.0,231.62,1.8281,10.0,,23,,1.8681,0.18751,,,1.7466,0,,0,1,1,47,47,0,47.0,93152.0
109.6,75,100,90,0.0,51.858,19.342,0.0001,100,1.0,0,0.00091955,11.303,15.141,78705,87324.0,6.4903,298.0,231.89,1.83,10.0,,23,,1.8957,0.1873,,,1.7485,0,,0,1,1,47,47,0,47.0,94487.0
109.8,75,100,90,0.0,56.251,19.463,0.0001,100,1.0,0,0.0009515,11.255,15.177,78749,87378.0,6.4903,298.0,233.07,1.832,10.0,,23,,1.9142,0.18715,,,1.7504,0,,0,1,1,47,47,0,47.0,93492.0
110.0,75,100,90,0.0,60.664,20.427,0.0001,100,1.0,0,0.00094591,11.279,15.213,78794,87433.0,6.4957,298.0,233.28,1.8339,10.0,,23,,1.8984,0.18727,,,1.7523,0,,0,1,1,47,47,0,47.0,94164.0
110.2,75,100,90,0.0,62.901,20.605,0.0001,100,1.0,0,0.000944,11.291,15.248,78839,87488.0,6.5017,298.0,232.89,1.8359,10.0,,23,,1.8864,0.18736,,,1.7541,0,,0,1,1,47,47,0,47.0,94333.0
110.4,75,100,90,0.0,62.719,20.265,0.0001,100,1.0,0,0.00093944,11.271,15.284,78885,87544.0,6.5086,298.0,232.57,1.8378,10.0,,23,,1.8975,0.18727,,,1.756,0,,0,1,1,47,47,0,47.0,95336.0
110.6,75,100,90,0.0,59.786,19.961,0.0001,100,1.0,0,0.00095111,11.227,15.32,78929,87598.0,6.5115,298.0,233.51,1.8398,10.0,,23,,1.9123,0.18715,,,1.7579,0,,0,1,1,47,47,0,47.0,94842.0
110.8,75,100,90,0.0,55.724,20.791,0.0001,100,1.0,0,0.00094133,11.21,15.356,78973,87652.0,6.5104,298.0,234.23,1.8418,10.0,,23,,1.9206,0.18709,,,1.7598,0,,0,1,1,47,47,0,47.0,94681.0
111.0,75,100,90,0.0,52.082,21.479,0.0001,100,1.0,0,0.00095093,11.181,15.393,79017,87706.0,6.5068,298.01,235.07,1.8437,10.0,,23,,1.9193,0.18709,,,1.7617,0,,0,1,1,47,47,0,47.0,95022.0
111.2,75,100,90,0.0,49.891,22.349,0.0001,100,1.0,0,0.00095582,11.162,15.43,79059,87758.0,6.5008,298.01,235.99,1.8457,10.0,,23,,1.9189,0.18709,,,1.7636,0,,0,1,1,47,47,0,47.0,95033.0
111.4,75,100,90,0.0,50.094,23.378,0.0001,100,1.0,0,0.00096152,11.138,15.468,79102,87811.0,6.4956,298.01,236.54,1.8477,10.0,,23,,1.929,0.18701,,,1.7655,0,,0,1,1,47,47,0,47.0,94378.0
111.6,75,100,90,0.0,52.365,24.157,0.0001,100,1.0,0,0.00096852,11.137,15.505,79145,87865.0,6.4912,298.01,236.94,1.8496,10.0,,23,,1.9144,0.18712,,,1.7674,0,,0,1,1,47,47,0,47.0,96058.0
111.8,75,100,90,0.0,56.421,24.864,0.0001,100,1.0,0,0.00096482,11.149,15.543,79190,87919.0,6.4912,298.01,236.41,1.8516,10.0,,23,,1.9035,0.1872,,,1.7693,0,,0,1,1,47,47,0,47.0,96238.0
112.0,75,100,90,0.0,60.443,24.759,0.0001,100,1.0,0,0.00094067,11.191,15.581,79234,87974.0,6.4944,298.0,234.02,1.8536,10.0,,23,,1.8914,0.18728,,,1.7711,0,,0,1,1,47,47,0,47.0,96583.0
112.2,75,100,90,0.0,63.207,22.923,0.0001,100,1.0,0,0.00095291,11.179,15.618,79280,88030.0,6.4989,298.0,231.87,1.8555,10.0,,23,,1.8869,0.18732,,,1.773,0,,0,1,1,47,47,0,47.0,96429.0
112.4,75,100,90,0.0,64.176,21.114,0.0001,100,1.0,0,0.00097217,11.14,15.657,79326,88085.0,6.5047,297.99,230.99,1.8575,10.0,,23,,1.8943,0.18726,,,1.7749,0,,0,1,1,47,47,0,47.0,96445.0
112.6,75,100,90,0.0,62.794,20.24,0.0001,100,1.0,0,0.00096777,11.123,15.695,79371,88141.0,6.5096,297.99,230.26,1.8594,10.0,,23,,1.9091,0.18714,,,1.7767,0,,0,1,1,47,47,0,47.0,96794.0
112.8,75,100,90,0.0,59.477,19.388,0.0001,100,1.0,0,0.00095994,11.116,15.733,79416,88196.0,6.5119,297.99,229.34,1.8614,10.0,,23,,1.9077,0.18715,,,1.7786,0,,0,1,1,47,47,0,47.0,96976.0
113.0,75,100,90,0.0,55.226,18.292,0.0001,100,1.0,0,0.00096523,11.086,15.771,79459,88250.0,6.5101,297.99,229.16,1.8633,10.0,,23,,1.9117,0.18711,,,1.7805,0,,0,1,1,47,47,0,47.0,97158.0
113.2,75,100,90,0.0,51.733,17.784,0.0001,100,1.0,0,0.00092443,11.129,15.809,79502,88303.0,6.5071,297.99,227.94,1.8652,10.0,,23,,1.9023,0.18718,,,1.7823,0,,0,1,1,47,47,0,47.0,96669.0
113.4,75,100,90,0.0,49.422,16.291,0.0001,100,1.0,0,0.00090265,11.146,15.845,79545,88356.0,6.5033,297.98,226.17,1.867,10.0,,23,,1.8997,0.1872,,,1.7841,0,,0,1,1,47,47,0,47.0,96842.0
113.6,75,100,90,0.0,48.635,14.203,0.0001,100,1.0,0,0.00090867,11.113,15.882,79588,88408.0,6.4991,297.98,225.36,1.8688,10.0,,23,,1.9164,0.18707,,,1.7858,0,,0,1,1,47,47,0,47.0,97017.0
113.8,75,100,90,0.0,49.508,12.823,0.0001,100,1.0,0,0.00091795,11.079,15.919,79630,88461.0,6.4954,297.98,225.71,1.8707,10.0,,23,,1.9273,0.18698,,,1.7876,0,,0,1,1,47,47,0,47.0,97695.0
114.0,75,100,90,0.0,51.868,12.405,0.0001,100,1.0,0,0.00091822,11.087,15.956,79673,88514.0,6.4925,297.98,225.87,1.8725,10.0,,23,,1.9161,0.18706,,,1.7893,0,,0,1,1,47,47,0,47.0,97373.0
114.2,75,100,90,0.0,55.37,11.818,0.0001,100,1.0,0,0.00089704,11.117,15.993,79717,88568.0,6.4934,297.98,225.08,1.8743,10.0,,23,,1.9089,0.18711,,,1.7911,0,,0,1,1,47,47,0,47.0,97880.0
114.4,75,100,90,0.0,58.521,10.392,0.0001,100,1.0,0,0.00089088,11.125,16.03,79762,88622.0,6.4965,297.98,224.23,1.8761,10.0,,23,,1.9054,0.18714,,,1.7928,0,,0,1,1,47,47,0,47.0,97722.0
114.6,75,100,90,0.0,60.415,8.8471,0.0001,100,1.0,0,0.0009018,11.109,16.067,79807,88677.0,6.4993,297.98,223.92,1.8779,10.0,,23,,1.9081,0.18711,,,1.7945,0,,0,1,1,47,47,0,47.0,98064.0
114.8,75,100,90,0.0,61.235,7.719,0.0001,100,1.0,0,0.00091079,11.086,16.104,79852,88732.0,6.503,297.98,224.2,1.8797,10.0,,23,,1.9168,0.18704,,,1.7962,0,,0,1,1,47,47,0,47.0,97574.0
115.0,75,100,90,0.0,60.548,7.0755,0.0001,100,1.0,0,0.00095551,11.011,16.142,79896,88787.0,6.5061,297.98,226.48,1.8816,10.0,,23,,1.9309,0.18693,,,1.798,0,,0,1,1,47,47,0,47.0,99089.0
115.2,75,100,90,0.0,58.632,8.2598,0.0001,100,1.0,0,0.00096402,10.959,16.18,79941,88842.0,6.5083,297.99,228.87,1.8835,10.0,,23,,1.9605,0.1867,,,1.7999,0,,0,1,1,47,47,0,47.0,98438.0
115.4,75,100,90,0.0,55.824,9.7266,0.0001,100,1.0,0,0.00096336,10.931,16.218,79985,88896.0,6.5093,297.99,231.13,1.8854,10.0,,23,,1.9705,0.18662,,,1.8017,0,,0,1,1,47,47,0,47.0,98453.0
115.6,75,100,90,0.0,52.612,11.312,0.0001,100,1.0,0,0.00094766,10.942,16.256,80028,88950.0,6.5095,298.0,232.33,1.8873,10.0,,23,,1.9654,0.18666,,,1.8035,0,,0,1,1,47,47,0,47.0,98300.0
115.8,75,100,90,0.0,49.322,12.162,0.0001,100,1.0,0,0.00093731,10.92,16.294,80071,89002.0,6.5082,298.0,233.18,1.8891,10.0,,23,,1.9824,0.18653,,,1.8053,0,,0,1,1,47,47,0,47.0,99312.0
116.0,75,100,90,0.0,46.577,12.831,0.0001,100,1.0,0,0.00095565,10.872,16.332,80113,89055.0,6.5049,298.0,234.48,1.891,10.0,,23,,2.0019,0.18637,,,1.8071,0,,0,1,1,47,47,0,47.0,99827.0
116.2,75,100,90,0.0,45.149,14.002,0.0001,100,1.0,0,0.00095715,10.847,16.37,80154,89107.0,6.5003,298.01,235.8,1.8929,10.0,,23,,2.0087,0.18632,,,1.8089,0,,0,1,1,47,47,0,47.0,99678.0
116.4,75,100,90,0.0,45.547,15.299,0.0001,100,1.0,0,0.00096318,10.83,16.409,80196,89159.0,6.4952,298.01,236.82,1.8948,10.0,,23,,2.009,0.18631,,,1.8107,0,,0,1,1,47,47,0,47.0,99364.0
116.6,75,100,90,0.0,47.983,16.462,0.0001,100,1.0,0,0.00098238,10.794,16.449,80238,89212.0,6.4925,298.01,238.05,1.8967,10.0,,23,,2.0164,0.18625,,,1.8126,0,,0,1,1,47,47,0,47.0,99886.0
116.8,75,100,90,0.0,51.484,17.917,0.0001,100,1.0,0,0.00097007,10.824,16.487,80281,89265.0,6.4937,298.01,237.79,1.8986,10.0,,23,,2.0047,0.18634,,,1.8144,0,,0,1,1,47,47,0,47.0,100400.0
117.0,75,100,90,0.0,54.506,18.149,0.0001,100,1.0,0,0.0010003,10.781,16.526,80325,89319.0,6.4948,298.01,238.29,1.9006,10.0,,23,,2.0087,0.1863,,,1.8163,0,,0,1,1,47,47,0,47.0,100090.0
117.2,75,100,90,0.0,57.116,19.07,0.0001,100,1.0,0,0.001007,10.743,16.566,80369,89374.0,6.4977,298.01,238.64,1.9025,10.0,,23,,2.0348,0.1861,,,1.8182,0,,0,1,1,47,47,0,47.0,100610.0
117.4,75,100,90,0.0,58.551,19.882,0.0001,100,1.0,0,0.0010046,10.733,16.605,80413,89429.0,6.4999,298.01,238.6,1.9045,10.0,,23,,2.0496,0.18599,,,1.8201,0,,0,1,1,47,47,0,47.0,100960.0
117.6,75,100,90,0.0,59.108,20.384,0.0001,100,1.0,0,0.0010101,10.727,16.644,80458,89484.0,6.5025,298.01,238.51,1.9065,10.0,,23,,2.0449,0.18602,,,1.822,0,,0,1,1,47,47,0,47.0,99983.0
117.8,75,100,90,0.0,58.623,20.846,0.0001,100,1.0,0,0.0010023,10.742,16.683,80502,89539.0,6.5057,298.01,237.59,1.9085,10.0,,23,,2.0358,0.18608,,,1.8239,0,,0,1,1,47,47,0,47.0,100670.0
118.0,75,100,90,0.0,56.87,20.551,0.0001,100,1.0,0,0.0010133,10.709,16.723,80546,89594.0,6.5071,298.01,237.38,1.9104,10.0,,23,,2.035,0.18609,,,1.8258,0,,0,1,1,47,47,0,47.0,101690.0
118.2,75,100,90,0.0,54.542,20.826,0.0001,100,1.0,0,0.0010289,10.666,16.763,80590,89648.0,6.5065,298.01,237.67,1.9124,10.0,,23,,2.0466,0.18599,,,1.8277,0,,0,1,1,47,47,0,47.0,101720.0
118.4,75,100,90,0.0,52.454,21.511,0.0001,100,1.0,0,0.0010364,10.64,16.803,80633,89702.0,6.5058,298.01,238.23,1.9144,10.0,,23,,2.0519,0.18595,,,1.8296,0,,0,1,1,47,47,0,47.0,100910.0
118.6,75,100,90,0.0,50.655,22.463,0.0001,100,1.0,0,0.0010368,10.622,16.843,80676,89755.0,6.5031,298.01,238.14,1.9164,10.0,,23,,2.0562,0.18591,,,1.8315,0,,0,1,1,47,47,0,47.0,101100.0
118.8,75,100,90,0.0,49.947,22.876,0.0001,100,1.0,0,0.0010415,10.608,16.884,80719,89809.0,6.5001,298.01,238.13,1.9184,10.0,,23,,2.0579,0.1859,,,1.8334,0,,0,1,1,47,47,0,47.0,101460.0
119.0,75,100,90,0.0,50.445,23.36,0.0001,100,1.0,0,0.0010792,10.538,16.925,80761,89862.0,6.4967,298.02,239.35,1.9204,10.0,,23,,2.079,0.18573,,,1.8354,0,,0,1,1,47,47,0,47.0,102660.0
119.2,75,100,90,0.0,52.284,24.954,0.0001,100,1.0,0,0.0011053,10.49,16.967,80804,89916.0,6.4947,298.02,240.82,1.9225,10.0,,23,,2.093,0.18562,,,1.8374,0,,0,1,1,47,47,0,47.0,102530.0
119.4,75,100,90,0.0,54.903,26.857,0.0001,100,1.0,0,0.0010945,10.509,17.008,80848,89971.0,6.4963,298.02,240.74,1.9246,10.0,,23,,2.0884,0.18565,,,1.8394,0,,0,1,1,47,47,0,47.0,102890.0
119.6,75,100,90,0.0,56.876,27.511,0.0001,100,1.0,0,0.0011138,10.477,17.049,80892,90026.0,6.5,298.02,240.2,1.9267,10.0,,23,,2.1019,0.18555,,,1.8415,0,,0,1,1,47,47,0,47.0,103250.0
119.8,75,100,90,0.0,57.396,27.781,0.0001,100,1.0,0,0.0011378,10.437,17.091,80936,90081.0,6.5026,298.02,240.18,1.9289,10.0,,23,,2.111,0.18547,,,1.8435,0,,0,1,1,47,47,0,47.0,102120.0
120.0,75,100,105,0.0,56.889,28.473,0.0001,100,1.0,0,0.0014437,10.028,17.138,80983,90141.0,6.497,298.04,249.57,1.9314,10.0,1535.0,23,1760.6,2.2144,0.18468,16.967,25.876,1.846,0,56.501,0,1,1,47,47,0,47.0,102840.0
120.2,75,100,105,0.0,58.624,37.539,0.0001,100,1.0,0,0.0014281,10.029,17.184,81030,90200.0,6.4926,298.06,255.11,1.9341,10.0,,23,,2.2309,0.18455,,,1.8485,0,,0,1,1,47,47,0,47.0,103070.0
120.4,75,100,105,0.0,62.11,43.898,0.0001,100,1.0,0,0.001442,9.9881,17.231,81078,90261.0,6.4924,298.07,258.55,1.9368,10.0,,23,,2.2607,0.18432,,,1.8512,0,,0,1,1,47,47,0,47.0,103960.0
120.6,75,100,105,0.0,65.676,49.0,0.0001,100,1.0,0,0.0014032,10.041,17.278,81127,90322.0,6.4939,298.07,259.35,1.9395,10.0,,23,,2.2446,0.18443,,,1.8537,0,,0,1,1,47,47,0,47.0,103680.0
120.8,75,100,105,0.0,68.623,52.121,0.0001,100,1.0,0,0.001345,10.104,17.323,81177,90383.0,6.4972,298.06,257.07,1.9421,10.0,,23,,2.2308,0.18453,,,1.8562,0,,0,1,1,47,47,0,47.0,105060.0
121.0,75,100,105,0.0,70.277,52.626,0.0001,100,1.0,0,0.0013686,10.095,17.368,81226,90445.0,6.5003,298.05,254.09,1.9447,10.0,,23,,2.2168,0.18464,,,1.8587,0,,0,1,1,47,47,0,47.0,104950.0
121.2,75,100,105,0.0,70.681,52.354,0.0001,100,1.0,0,0.0013498,10.125,17.413,81276,90507.0,6.5024,298.04,249.52,1.9472,10.0,,23,,2.1953,0.1848,,,1.8612,0,,0,1,1,47,47,0,47.0,103490.0
121.4,75,100,105,0.0,70.23,50.397,0.0001,100,1.0,0,0.001331,10.142,17.457,81326,90569.0,6.504,298.03,245.55,1.9498,10.0,,23,,2.1831,0.18488,,,1.8636,0,,0,1,1,47,47,0,47.0,104870.0
121.6,75,100,105,0.0,69.16,48.56,0.0001,100,1.0,0,0.0013499,10.116,17.5,81375,90630.0,6.505,298.02,242.17,1.9523,10.0,,23,,2.1862,0.18485,,,1.8661,0,,0,1,1,47,47,0,47.0,104410.0
121.8,75,100,105,0.0,67.677,46.866,0.0001,100,1.0,0,0.0013541,10.083,17.544,81424,90691.0,6.5061,298.02,240.1,1.9549,10.0,,23,,2.1934,0.1848,,,1.8685,0,,0,1,1,47,47,0,47.0,104290.0
122.0,75,100,105,0.0,65.75,45.981,0.0001,100,1.0,0,0.001391,10.005,17.589,81473,90752.0,6.5046,298.02,240.33,1.9575,10.0,,23,,2.2122,0.18465,,,1.871,0,,0,1,1,47,47,0,47.0,105670.0
122.2,75,100,105,0.0,64.435,46.926,0.0001,100,1.0,0,0.0013775,10.017,17.633,81521,90813.0,6.5032,298.02,239.0,1.9601,10.0,,23,,2.2047,0.1847,,,1.8736,0,,0,1,1,47,47,0,47.0,104880.0
122.4,75,100,105,0.0,63.677,46.459,0.0001,100,1.0,0,0.0013349,10.062,17.677,81570,90874.0,6.5019,298.01,236.02,1.9627,10.0,,23,,2.1839,0.18485,,,1.876,0,,0,1,1,47,47,0,47.0,106760.0
122.6,75,100,105,0.0,63.427,44.437,0.0001,100,1.0,0,0.0013072,10.096,17.72,81618,90934.0,6.499,298.0,233.98,1.9652,10.0,,23,,2.1689,0.18496,,,1.8785,0,,0,1,1,47,47,0,47.0,106460.0
122.8,75,100,105,0.0,64.349,42.992,0.0001,100,1.0,0,0.0012577,10.171,17.762,81666,90994.0,6.4982,297.99,230.82,1.9676,10.0,,23,,2.1406,0.18517,,,1.8808,0,,0,1,1,47,47,0,47.0,106500.0
123.0,75,100,105,0.0,65.576,40.345,0.0001,100,1.0,0,0.0012685,10.155,17.804,81715,91055.0,6.4973,297.99,228.61,1.9701,10.0,,23,,2.1364,0.1852,,,1.8831,0,,0,1,1,47,47,0,47.0,106870.0
123.2,75,100,105,0.0,67.188,38.251,0.0001,100,1.0,0,0.0012438,10.18,17.846,81764,91116.0,6.4996,297.98,226.45,1.9725,10.0,,23,,2.1329,0.18522,,,1.8854,0,,0,1,1,47,47,0,47.0,106400.0
123.4,75,100,105,0.0,67.851,35.978,0.0001,100,1.0,0,0.0012658,10.143,17.887,81813,91177.0,6.5019,297.98,226.37,1.9749,10.0,,23,,2.1333,0.18522,,,1.8877,0,,0,1,1,47,47,0,47.0,106760.0
123.6,75,100,105,0.0,67.594,35.334,0.0001,100,1.0,0,0.0012411,10.161,17.929,81862,91238.0,6.5039,297.98,225.85,1.9772,10.0,,23,,2.1276,0.18525,,,1.89,0,,0,1,1,47,47,0,47.0,106960.0
123.8,75,100,105,0.0,66.552,34.256,0.0001,100,1.0,0,0.0012215,10.169,17.97,81911,91299.0,6.5047,297.98,225.28,1.9796,10.0,,23,,2.1257,0.18526,,,1.8923,0,,0,1,1,47,47,0,47.0,106490.0
124.0,75,100,105,0.0,65.213,33.083,0.0001,100,1.0,0,0.0011838,10.202,18.011,81960,91359.0,6.5063,297.98,223.26,1.9819,10.0,,23,,2.1225,0.18528,,,1.8945,0,,0,1,1,47,47,0,47.0,107020.0
124.2,75,100,105,0.0,63.226,30.593,0.0001,100,1.0,0,0.0011637,10.211,18.052,82008,91419.0,6.5061,297.97,221.83,1.9841,10.0,,23,,2.1224,0.18528,,,1.8967,0,,0,1,1,47,47,0,47.0,107050.0
124.4,75,100,105,0.0,61.32,28.445,0.0001,100,1.0,0,0.0011729,10.174,18.092,82056,91478.0,6.5036,297.97,221.99,1.9864,10.0,,23,,2.1345,0.18518,,,1.8988,0,,0,1,1,47,47,0,47.0,108240.0
124.6,75,100,105,0.0,60.396,27.555,0.0001,100,1.0,0,0.0011821,10.139,18.133,82103,91538.0,6.4994,297.97,222.42,1.9886,10.0,,23,,2.1562,0.18501,,,1.901,0,,0,1,1,47,47,0,47.0,108100.0
124.8,75,100,105,0.0,61.145,26.888,0.0001,100,1.0,0,0.0011911,10.123,18.174,82151,91597.0,6.4932,297.98,223.5,1.9909,10.0,,23,,2.1551,0.18502,,,1.9032,0,,0,1,1,47,47,0,47.0,108470.0
125.0,75,100,105,0.0,64.378,26.822,0.0001,100,1.0,0,0.0011595,10.173,18.214,82199,91657.0,6.4908,297.97,222.73,1.9931,10.0,,23,,2.1417,0.18512,,,1.9053,0,,0,1,1,47,47,0,47.0,107490.0
125.2,75,100,105,0.0,68.581,25.225,0.0001,100,1.0,0,0.001171,10.162,18.255,82249,91718.0,6.4921,297.97,222.42,1.9953,10.0,,23,,2.1384,0.18514,,,1.9074,0,,0,1,1,47,47,0,47.0,109520.0
125.4,75,100,105,0.0,72.235,23.999,0.0001,100,1.0,0,0.0011916,10.138,18.295,82299,91780.0,6.4936,297.97,222.76,1.9976,10.0,,23,,2.137,0.18514,,,1.9096,0,,0,1,1,47,47,0,47.0,109050.0
125.6,75,100,105,0.0,75.329,23.297,0.0001,100,1.0,0,0.0011825,10.161,18.336,82349,91843.0,6.4971,297.97,222.14,1.9998,10.0,,23,,2.1304,0.18519,,,1.9117,0,,0,1,1,47,47,0,47.0,109740.0
125.8,75,100,105,0.0,77.015,21.781,0.0001,100,1.0,0,0.001168,10.187,18.375,82400,91905.0,6.5003,297.97,221.87,2.002,10.0,,23,,2.1135,0.18531,,,1.9139,0,,0,1,1,47,47,0,47.0,109590.0
126.0,75,100,105,0.0,77.408,20.524,0.0001,100,1.0,0,0.0011545,10.217,18.415,82451,91968.0,6.505,297.97,221.79,2.0042,10.0,,23,,2.0862,0.18552,,,1.916,0,,0,1,1,47,47,0,47.0,109120.0
126.2,75,100,105,0.0,75.934,19.403,0.0001,100,1.0,0,0.0010895,10.298,18.452,82502,92030.0,6.5105,297.97,219.24,2.0064,10.0,,23,,2.0664,0.18567,,,1.918,0,,0,1,1,47,47,0,47.0,109960.0
126.4,75,100,105,0.0,72.238,16.119,0.0001,100,1.0,0,0.0010782,10.301,18.49,82552,92092.0,6.5148,297.96,217.81,2.0084,10.0,,23,,2.0547,0.18575,,,1.92,0,,0,1,1,47,47,0,47.0,109310.0
126.6,75,100,105,0.0,66.859,13.61,0.0001,100,1.0,0,0.001089,10.251,18.528,82601,92152.0,6.5151,297.96,218.57,2.0105,10.0,,23,,2.0603,0.1857,,,1.922,0,,0,1,1,47,47,0,47.0,110320.0
126.8,75,100,105,0.0,61.333,12.863,0.0001,100,1.0,0,0.0010614,10.245,18.565,82648,92212.0,6.5139,297.96,219.04,2.0125,10.0,,23,,2.0741,0.1856,,,1.924,0,,0,1,1,47,47,0,47.0,109670.0
127.0,75,100,105,0.0,56.303,11.885,0.0001,100,1.0,0,0.0010724,10.202,18.603,82695,92270.0,6.5078,297.97,220.74,2.0146,10.0,,23,,2.087,0.18549,,,1.9259,0,,0,1,1,47,47,0,47.0,109680.0
127.2,75,100,105,0.0,53.721,12.033,0.0001,100,1.0,0,0.0010445,10.243,18.641,82741,92327.0,6.5005,297.97,221.43,2.0166,10.0,,23,,2.067,0.18564,,,1.9279,0,,0,1,1,47,47,0,47.0,110190.0
127.4,75,100,105,0.0,54.064,11.439,0.0001,100,1.0,0,0.0010574,10.207,18.678,82788,92385.0,6.4945,297.97,222.73,2.0186,10.0,,23,,2.0754,0.18557,,,1.9298,0,,0,1,1,47,47,0,47.0,110210.0
127.6,75,100,105,0.0,56.766,11.463,0.0001,100,1.0,0,0.0010654,10.195,18.716,82835,92444.0,6.4914,297.98,224.1,2.0206,10.0,,23,,2.0814,0.18552,,,1.9317,0,,0,1,1,47,47,0,47.0,109720.0
127.8,75,100,105,0.0,60.736,11.659,0.0001,100,1.0,0,0.0010403,10.265,18.753,82882,92503.0,6.4921,297.98,223.58,2.0225,10.0,,23,,2.0527,0.18574,,,1.9336,0,,0,1,1,47,47,0,47.0,111390.0
128.0,75,100,105,0.0,64.413,10.334,0.0001,100,1.0,0,0.0010408,10.259,18.79,82931,92562.0,6.4952,297.98,223.19,2.0245,10.0,,23,,2.0538,0.18573,,,1.9355,0,,0,1,1,47,47,0,47.0,111570.0
128.2,75,100,105,0.0,66.865,9.11,0.0001,100,1.0,0,0.0010497,10.253,18.827,82979,92623.0,6.4993,297.98,223.23,2.0265,10.0,,23,,2.0503,0.18575,,,1.9374,0,,0,1,1,47,47,0,47.0,110910.0
128.4,75,100,105,0.0,67.651,8.2242,0.0001,100,1.0,0,0.0010653,10.231,18.864,83028,92683.0,6.5041,297.98,223.74,2.0284,10.0,,23,,2.056,0.1857,,,1.9393,0,,0,1,1,47,47,0,47.0,111920.0
128.6,75,100,105,0.0,66.517,7.738,0.0001,100,1.0,0,0.0010579,10.207,18.901,83077,92743.0,6.507,297.98,224.59,2.0304,10.0,,23,,2.0675,0.18561,,,1.9412,0,,0,1,1,47,47,0,47.0,111100.0
128.8,75,100,105,0.0,64.251,7.5816,0.0001,100,1.0,0,0.0010356,10.231,18.938,83125,92803.0,6.51,297.98,224.62,2.0323,10.0,,23,,2.063,0.18564,,,1.943,0,,0,1,1,47,47,0,47.0,111440.0
129.0,75,100,105,0.0,60.775,6.7949,0.0001,100,1.0,0,0.0010383,10.185,18.975,83173,92862.0,6.5103,297.98,225.54,2.0343,10.0,,23,,2.0831,0.18549,,,1.9449,0,,0,1,1,47,47,0,47.0,111950.0
129.2,75,100,105,0.0,57.166,6.7938,0.0001,100,1.0,0,0.0010317,10.149,19.012,83220,92921.0,6.5078,297.98,226.59,2.0362,10.0,,23,,2.1048,0.18532,,,1.9467,0,,0,1,1,47,47,0,47.0,112300.0
129.4,75,100,105,0.0,54.58,6.9801,0.0001,100,1.0,0,0.0010238,10.134,19.05,83266,92979.0,6.5019,297.99,227.58,2.0381,10.0,,23,,2.1186,0.18521,,,1.9486,0,,0,1,1,47,47,0,47.0,113310.0
129.6,75,100,105,0.0,54.371,7.2033,0.0001,100,1.0,0,0.0010167,10.122,19.087,83313,93036.0,6.4955,297.99,228.17,2.04,10.0,,23,,2.1287,0.18513,,,1.9504,0,,0,1,1,47,47,0,47.0,112650.0
129.8,75,100,105,0.0,56.688,7.1809,0.0001,100,1.0,0,0.0010195,10.101,19.124,83359,93095.0,6.4899,297.99,228.82,2.0419,10.0,,23,,2.14,0.18504,,,1.9522,0,,0,1,1,47,47,0,47.0,111990.0
130.0,75,100,105,0.0,61.243,7.265,0.0001,100,1.0,0,0.0010123,10.146,19.16,83407,93154.0,6.4873,297.99,228.39,2.0438,10.0,,23,,2.1204,0.18518,,,1.9541,0,,0,1,1,47,47,0,47.0,112500.0
130.2,75,100,105,0.0,66.815,6.4862,0.0001,100,1.0,-4000,0.0010085,10.17,19.196,82758,92414.0,6.5159,297.98,226.97,2.0345,10.0,,23,,2.1033,0.18533,,,1.9451,0,,0,1,1,47,47,0,47.0,113170.0
130.4,75,100,105,0.0,60.868,4.8147,0.0001,100,1.0,-4000,0.0010533,10.073,19.233,82107,91673.0,6.537,297.99,228.31,2.0199,10.0,,23,,2.1049,0.18535,,,1.9311,0,,0,1,1,47,47,0,47.0,113180.0
130.6,75,100,105,0.0,46.629,5.4442,0.0001,100,1.0,-4000,0.001074,9.974,19.271,81454,90930.0,6.5455,298.0,231.43,2.005,10.0,,23,,2.115,0.1853,,,1.9167,0,,0,1,1,47,47,0,47.0,112530.0
130.8,75,100,105,0.0,28.994,7.7177,0.0001,100,1.0,-4000,0.0010832,9.8723,19.311,80798,90183.0,6.5384,298.01,235.46,1.99,10.0,,23,,2.1339,0.18518,,,1.9023,0,,0,1,1,47,47,0,47.0,113220.0
131.0,75,100,105,0.0,14.224,11.082,0.0001,100,1.0,-4000,0.0010926,9.7889,19.351,80138,89433.0,6.5156,298.02,239.75,1.975,10.0,,23,,2.1394,0.18517,,,1.8879,0,,0,1,1,47,47,0,47.0,113580.0
131.2,75,100,105,0.0,8.5723,15.085,0.0001,100,1.0,-4000,0.0011324,9.6997,19.393,79478,88682.0,6.4872,298.03,244.3,1.9601,10.0,,23,,2.1436,0.18517,,,1.8735,0,,0,1,1,47,47,0,47.0,113940.0
131.4,75,100,105,0.0,14.245,19.768,0.0001,100,1.0,-4000,0.0011996,9.609,19.435,78818,87932.0,6.4653,298.04,248.21,1.9452,10.0,,23,,2.1533,0.18512,,,1.8592,0,,0,1,1,47,47,0,47.0,115150.0
131.6,75,100,105,0.0,28.616,24.336,0.0001,100,1.0,-4000,0.001203,9.6526,19.477,78162,87185.0,6.4593,298.04,248.73,1.9303,10.0,,23,,2.139,0.18526,,,1.8449,0,,0,1,1,47,47,0,47.0,114010.0
131.8,75,100,105,0.0,45.347,26.228,0.0001,100,1.0,-4000,0.001229,9.6914,19.519,77509,86442.0,6.4685,298.04,247.15,1.9154,10.0,,23,,2.1082,0.18552,,,1.8306,0,,0,1,1,47,47,0,47.0,114210.0
132.0,75,100,105,0.0,58.428,26.295,0.0001,100,1.0,-4000,0.0012636,9.7088,19.56,76859,85701.0,6.4876,298.03,245.25,1.9006,10.0,1507.1,23,1744.4,2.0723,0.18582,19.393,26.907,1.8163,0,65.559,0,1,1,47,47,0,47.0,115080.0
132.2,75,100,105,0.0,63.873,25.942,0.0001,100,1.0,0,0.0012351,9.7586,19.601,76908,85762.0,6.4834,298.02,242.28,1.8973,10.0,,23,,2.0486,0.18601,,,1.8132,0,,0,1,1,47,47,0,47.0,114770.0
132.4,75,100,105,0.0,71.124,24.385,0.0001,100,1.0,0,0.0012236,9.7855,19.641,76958,85824.0,6.4852,298.01,238.99,1.899,10.0,,23,,2.0433,0.18604,,,1.8148,0,,0,1,1,47,47,0,47.0,115300.0
132.6,75,100,105,0.0,77.532,22.262,0.0001,100,1.0,0,0.001216,9.8172,19.682,77010,85887.0,6.4903,298.01,235.6,1.901,10.0,,23,,2.0339,0.18611,,,1.8168,0,,0,1,1,47,47,0,47.0,115490.0
132.8,75,100,105,0.0,81.925,19.71,0.0001,100,1.0,0,0.0012608,9.7618,19.722,77062,85951.0,6.495,298.0,233.98,1.9031,10.0,,23,,2.0515,0.18597,,,1.8188,0,,0,1,1,47,47,0,47.0,115850.0
133.0,75,100,105,0.0,84.441,18.474,0.0001,100,1.0,0,0.0012472,9.7617,19.763,77115,86016.0,6.4997,298.0,232.37,1.9052,10.0,,23,,2.0642,0.18587,,,1.8208,0,,0,1,1,47,47,0,47.0,116550.0
133.2,75,100,105,0.0,85.075,17.055,0.0001,100,1.0,0,0.001247,9.7686,19.803,77168,86080.0,6.5045,297.99,231.2,1.9073,10.0,,23,,2.0463,0.18601,,,1.8228,0,,0,1,1,47,47,0,47.0,116070.0
133.4,75,100,105,0.0,83.805,15.87,0.0001,100,1.0,0,0.0012115,9.8156,19.843,77221,86145.0,6.5081,297.99,229.13,1.9093,10.0,,23,,2.0302,0.18612,,,1.8247,0,,0,1,1,47,47,0,47.0,116100.0
133.6,75,100,105,0.0,81.089,13.734,0.0001,100,1.0,0,0.0012064,9.835,19.883,77273,86209.0,6.5101,297.98,227.56,1.9113,10.0,,23,,2.0049,0.18631,,,1.8266,0,,0,1,1,47,47,0,47.0,116620.0
133.8,75,100,105,0.0,77.559,11.865,0.0001,100,1.0,0,0.0011579,9.8751,19.922,77324,86272.0,6.5123,297.98,225.25,1.9133,10.0,,23,,1.9981,0.18636,,,1.8285,0,,0,1,1,47,47,0,47.0,116140.0
134.0,75,100,105,0.0,73.146,9.1352,0.0001,100,1.0,0,0.0011278,9.8853,19.959,77375,86334.0,6.5115,297.97,223.23,1.9151,10.0,,23,,1.9966,0.18637,,,1.8303,0,,0,1,1,47,47,0,47.0,116150.0
134.2,75,100,105,0.0,69.059,6.4615,0.0001,100,1.0,0,0.0011312,9.8549,19.998,77425,86395.0,6.5081,297.97,222.61,1.917,10.0,,23,,2.0109,0.18626,,,1.8321,0,,0,1,1,47,47,0,47.0,116500.0
134.4,75,100,105,0.0,66.365,4.8824,0.0001,100,1.0,0,0.001121,9.8304,20.036,77474,86456.0,6.5025,297.97,222.53,1.9189,10.0,,23,,2.0324,0.18609,,,1.8339,0,,0,1,1,47,47,0,47.0,116350.0
134.6,75,100,105,0.0,65.898,3.7212,0.0001,100,1.0,0,0.001132,9.7908,20.074,77523,86516.0,6.496,297.97,223.53,1.9207,10.0,,23,,2.0461,0.18598,,,1.8357,0,,0,1,1,47,47,0,47.0,116870.0
134.8,75,100,105,0.0,68.029,3.5287,0.0001,100,1.0,0,0.0011643,9.7354,20.114,77573,86578.0,6.4916,297.98,225.48,1.9226,10.0,,23,,2.0666,0.18582,,,1.8375,0,,0,1,1,47,47,0,47.0,117720.0
135.0,75,100,105,0.0,71.91,4.3068,0.0001,100,1.0,0,0.0011832,9.7305,20.153,77623,86640.0,6.4899,297.98,227.3,1.9246,10.0,,23,,2.0573,0.18589,,,1.8394,0,,0,1,1,47,47,0,47.0,118410.0
135.2,75,100,105,0.0,76.453,5.1346,0.0001,100,1.0,0,0.0012008,9.7186,20.193,77674,86703.0,6.4909,297.99,228.83,1.9265,10.0,,23,,2.0559,0.1859,,,1.8412,0,,0,1,1,47,47,0,47.0,117100.0
135.4,75,100,105,0.0,80.599,5.8811,0.0001,100,1.0,0,0.0011942,9.7319,20.232,77726,86767.0,6.4954,297.99,229.23,1.9285,10.0,,23,,2.0616,0.18585,,,1.8431,0,,0,1,1,47,47,0,47.0,117950.0
135.6,75,100,105,0.0,82.957,5.7452,0.0001,100,1.0,0,0.0011673,9.7976,20.271,77779,86831.0,6.5006,297.99,228.35,1.9304,10.0,,23,,2.0305,0.18608,,,1.845,0,,0,1,1,47,47,0,47.0,117470.0
135.8,75,100,105,0.0,83.218,4.4816,0.0001,100,1.0,0,0.0011695,9.7813,20.309,77831,86895.0,6.5043,297.98,227.88,1.9323,10.0,,23,,2.0391,0.18601,,,1.8468,0,,0,1,1,47,47,0,47.0,118820.0
136.0,75,100,105,0.0,82.021,3.5413,0.0001,100,1.0,0,0.001162,9.7604,20.348,77884,86959.0,6.5071,297.98,227.78,1.9342,10.0,,23,,2.0512,0.18592,,,1.8486,0,,0,1,1,47,47,0,47.0,118510.0
136.2,75,100,105,0.0,79.712,2.8766,0.0001,100,1.0,0,0.0011494,9.7759,20.386,77936,87023.0,6.5093,297.98,227.58,1.936,10.0,,23,,2.0401,0.186,,,1.8504,0,,0,1,1,47,47,0,47.0,118520.0
136.4,75,100,105,0.0,76.526,2.1104,0.0001,100,1.0,0,0.0011618,9.7257,20.425,77987,87086.0,6.5108,297.99,228.55,1.9379,10.0,,23,,2.0562,0.18587,,,1.8522,0,,0,1,1,47,47,0,47.0,119210.0
136.6,75,100,105,0.0,72.712,2.4059,0.0001,100,1.0,0,0.0011698,9.6582,20.464,78037,87148.0,6.5127,297.99,230.1,1.9398,10.0,,23,,2.0981,0.18555,,,1.854,0,,0,1,1,47,47,0,47.0,118060.0
136.8,75,100,105,0.0,68.14,3.3106,0.0001,100,1.0,0,0.0012036,9.58,20.504,78087,87209.0,6.5125,298.0,232.86,1.9417,10.0,,23,,2.1165,0.18541,,,1.8559,0,,0,1,1,47,47,0,47.0,118750.0
137.0,75,100,105,0.0,63.674,5.4671,0.0001,100,1.0,0,0.0012029,9.5472,20.545,78135,87270.0,6.5098,298.0,235.17,1.9437,10.0,,23,,2.1254,0.18534,,,1.8577,0,,0,1,1,47,47,0,47.0,119950.0
137.2,75,100,105,0.0,60.296,7.4561,0.0001,100,1.0,0,0.0011951,9.5413,20.585,78183,87330.0,6.5058,298.01,236.49,1.9456,10.0,,23,,2.1249,0.18534,,,1.8596,0,,0,1,1,47,47,0,47.0,118800.0
137.4,75,100,105,0.0,58.49,8.7868,0.0001,100,1.0,0,0.0011945,9.5326,20.626,78231,87389.0,6.4988,298.01,237.54,1.9475,10.0,,23,,2.1169,0.18539,,,1.8614,0,,0,1,1,47,47,0,47.0,120330.0
137.6,75,100,105,0.0,59.509,10.009,0.0001,100,1.0,0,0.0011479,9.5997,20.665,78279,87449.0,6.4938,298.01,236.25,1.9494,10.0,,23,,2.099,0.18552,,,1.8632,0,,0,1,1,47,47,0,47.0,120350.0
137.8,75,100,105,0.0,62.494,9.1909,0.0001,100,1.0,0,0.0011585,9.5816,20.705,78327,87509.0,6.4919,298.0,235.06,1.9512,10.0,,23,,2.1071,0.18546,,,1.865,0,,0,1,1,47,47,0,47.0,120870.0
138.0,75,100,105,0.0,66.262,8.3917,0.0001,100,1.0,0,0.0011617,9.587,20.744,78376,87570.0,6.4916,298.0,234.03,1.9531,10.0,,23,,2.1049,0.18547,,,1.8668,0,,0,1,1,47,47,0,47.0,121400.0
138.2,75,100,105,0.0,70.117,7.6098,0.0001,100,1.0,0,0.0011673,9.5846,20.783,78426,87632.0,6.4923,298.0,233.18,1.955,10.0,,23,,2.103,0.18548,,,1.8686,0,,0,1,1,47,47,0,47.0,121580.0
138.4,75,100,105,0.0,73.706,6.8932,0.0001,100,1.0,0,0.0011758,9.5827,20.822,78477,87695.0,6.4952,298.0,232.32,1.9569,10.0,,23,,2.1046,0.18547,,,1.8704,0,,0,1,1,47,47,0,47.0,121430.0
138.6,75,100,105,0.0,76.15,6.0791,0.0001,100,1.0,0,0.0011374,9.6363,20.86,78528,87758.0,6.5003,297.99,230.16,1.9587,10.0,,23,,2.0967,0.18553,,,1.8722,0,,0,1,1,47,47,0,47.0,120780.0
138.8,75,100,105,0.0,76.526,3.9922,0.0001,100,1.0,0,0.0011083,9.6671,20.898,78579,87820.0,6.5051,297.98,227.87,1.9605,10.0,,23,,2.0919,0.18556,,,1.8739,0,,0,1,1,47,47,0,47.0,121300.0
139.0,75,100,105,0.0,75.004,1.5933,0.0001,100,1.0,0,0.0010931,9.6669,20.935,78630,87883.0,6.5098,297.98,226.41,1.9622,10.0,,23,,2.095,0.18553,,,1.8756,0,,0,1,1,47,47,0,47.0,121640.0
139.2,75,100,105,0.0,71.61,0.0001,0.0001,100,1.0,0,0.0010856,9.6661,20.972,78680,87945.0,6.5104,297.98,225.63,1.964,10.0,,23,,2.0915,0.18555,,,1.8773,0,,0,1,1,47,47,0,47.0,121980.0
139.4,75,100,105,0.0,67.987,0.0001,0.0001,100,1.0,0,0.0010714,9.6502,21.01,78729,88006.0,6.508,297.98,224.75,1.9657,10.0,,23,,2.1034,0.18546,,,1.8789,0,,0,1,1,47,47,0,47.0,121660.0
139.6,75,100,105,0.0,65.317,0.0001,0.0001,100,1.0,0,0.0010879,9.5883,21.048,78778,88067.0,6.5018,297.98,224.84,1.9674,10.0,,23,,2.1269,0.18528,,,1.8806,0,,0,1,1,47,47,0,47.0,122350.0
139.8,75,100,105,0.0,65.125,0.0001,0.0001,100,1.0,0,0.0010537,9.6137,21.085,78827,88127.0,6.4947,297.97,223.81,1.9691,10.0,,23,,2.1349,0.18521,,,1.8822,0,,0,1,1,47,47,0,47.0,122860.0
140.0,75,100,90,0.0,67.788,0.0001,0.0001,100,1.0,0,0.00075906,10.055,21.115,78874,88184.0,6.4996,297.95,212.9,1.9704,11.0,,23,,2.02,0.18609,,,1.8835,0,,0,1,1,47,47,0,47.0,122500.0
140.2,75,100,90,0.0,68.416,0.0001,18.928,100,1.0,0,0.00078295,10.011,21.146,78921,88242.0,6.5051,297.96,219.84,1.9716,11.0,,23,,2.0157,0.18612,,,1.8846,0,,0,1,1,47,47,0,47.0,121640.0
140.4,75,100,90,0.0,66.885,4.4844,1.8928,100,1.0,0,0.000792,9.9873,21.177,78967,88299.0,6.5094,297.94,209.45,1.9728,11.0,,23,,2.0147,0.18612,,,1.8858,0,,0,1,1,47,47,0,47.0,121790.0
140.6,75,100,90,0.0,63.65,1.3453,30.076,100,1.0,0,0.00080159,9.9533,21.208,79013,88356.0,6.511,297.98,226.8,1.9741,11.0,,23,,2.0241,0.18605,,,1.887,0,,0,1,1,47,47,0,47.0,122440.0
140.8,75,100,90,0.0,59.792,14.942,3.0076,100,1.0,0,0.00080777,9.9269,21.239,79058,88411.0,6.5091,297.94,212.27,1.9753,11.0,,23,,2.0277,0.18602,,,1.8882,0,,0,1,1,47,47,0,47.0,123250.0
141.0,75,100,90,0.0,56.677,4.4826,49.154,100,1.0,0,0.00079476,9.9295,21.27,79102,88466.0,6.5061,298.03,245.13,1.9765,11.0,,23,,2.0263,0.18603,,,1.8894,0,,0,1,1,47,47,0,47.0,121900.0
141.2,75,100,90,0.0,54.752,32.503,4.9154,100,1.0,0,0.00080425,9.9013,21.301,79146,88521.0,6.4987,297.97,222.0,1.9778,11.0,,23,,2.0306,0.18599,,,1.8905,0,,0,1,1,47,47,0,47.0,123050.0
141.4,75,100,90,0.0,55.806,11.986,0.49154,100,1.0,0,0.00079663,9.9338,21.332,79190,88576.0,6.4934,297.93,206.67,1.979,11.0,,23,,2.0126,0.18613,,,1.8917,0,,0,1,1,47,47,0,47.0,123860.0
141.6,75,100,90,0.0,58.96,3.5957,23.096,100,1.0,0,0.00077952,9.971,21.362,79235,88632.0,6.4903,297.95,215.45,1.9801,11.0,,23,,2.0069,0.18617,,,1.8928,0,,0,1,1,47,47,0,47.0,124170.0
141.8,75,100,90,0.0,63.354,9.1973,2.3096,100,1.0,0,0.00079558,9.9559,21.393,79281,88688.0,6.4922,297.92,202.49,1.9813,11.0,,23,,2.0073,0.18616,,,1.894,0,,0,1,1,47,47,0,47.0,123150.0
142.0,75,100,90,0.0,66.988,2.7592,41.594,100,1.0,0,0.00077732,9.9964,21.422,79327,88745.0,6.4972,297.98,227.41,1.9825,11.0,,23,,2.0024,0.1862,,,1.8951,0,,0,1,1,47,47,0,47.0,123790.0
142.2,75,100,90,0.0,68.634,22.504,4.1594,100,1.0,0,0.00077307,9.9974,21.452,79374,88803.0,6.5059,297.93,207.56,1.9836,11.0,,23,,2.0066,0.18616,,,1.8962,0,,0,1,1,47,47,0,47.0,123930.0
142.4,75,100,90,0.0,66.789,6.7513,68.222,100,1.0,0,0.00076668,9.9782,21.481,79420,88860.0,6.5129,298.05,253.95,1.9848,11.0,,23,,2.0199,0.18606,,,1.8973,0,,0,1,1,47,47,0,47.0,124070.0
142.6,75,100,90,0.0,62.16,46.527,6.8222,100,1.0,0,0.00076059,9.967,21.511,79465,88916.0,6.5165,297.98,225.25,1.9859,11.0,,23,,2.0198,0.18606,,,1.8984,0,,0,1,1,47,47,0,47.0,124710.0
142.8,75,100,90,0.0,56.11,21.654,0.68222,100,1.0,0,0.00075459,9.9204,21.541,79510,88971.0,6.5152,297.92,204.0,1.987,11.0,,23,,2.0448,0.18587,,,1.8994,0,,0,1,1,47,47,0,47.0,124190.0
143.0,75,100,90,0.0,50.552,6.4961,35.146,100,1.0,0,0.00079938,9.8065,21.573,79553,89025.0,6.5094,297.97,223.99,1.9882,11.0,,23,,2.075,0.18563,,,1.9005,0,,0,1,1,47,47,0,47.0,124340.0
143.2,75,100,90,0.0,47.314,22.046,3.5146,100,1.0,0,0.0008176,9.7509,21.606,79595,89078.0,6.5009,297.93,208.17,1.9894,11.0,,23,,2.0916,0.18551,,,1.9017,0,,0,1,1,47,47,0,47.0,124330.0
143.4,75,100,90,0.0,47.471,6.6139,60.956,100,1.0,0,0.00083163,9.7217,21.639,79638,89132.0,6.4929,298.05,252.57,1.9906,11.0,,23,,2.1043,0.18541,,,1.9029,0,,0,1,1,47,47,0,47.0,124820.0
143.6,75,100,90,0.0,50.832,44.465,6.0956,100,1.0,0,0.00082294,9.7459,21.672,79681,89186.0,6.4891,297.98,227.07,1.9918,11.0,,23,,2.0996,0.18544,,,1.904,0,,0,1,1,47,47,0,47.0,125800.0
143.8,75,100,90,0.0,55.699,22.451,0.60956,100,1.0,0,0.0008175,9.7698,21.703,79725,89241.0,6.4903,297.93,207.19,1.993,11.0,,23,,2.0946,0.18548,,,1.9052,0,,0,1,1,47,47,0,47.0,124950.0
144.0,75,100,90,0.0,60.08,6.7353,35.268,100,1.0,0,0.00081556,9.809,21.735,79770,89297.0,6.496,297.98,226.33,1.9942,11.0,1579.7,23,1762.8,2.0666,0.18569,21.606,27.559,1.9063,0,74.295,0,1,1,47,47,0,47.0,124940.0
144.2,75,100,90,0.0,62.204,21.749,3.5268,100,1.0,0,0.00080432,9.8379,21.767,79815,89354.0,6.502,297.93,208.43,1.9954,11.0,,23,,2.047,0.18583,,,1.9075,0,,0,1,1,47,47,0,47.0,125250.0
144.4,75,100,90,0.0,61.905,6.5247,61.479,100,1.0,0,0.00079235,9.8655,21.797,79861,89410.0,6.5085,298.04,250.04,1.9965,11.0,,23,,2.0279,0.18598,,,1.9086,0,,0,1,1,47,47,0,47.0,125730.0
144.6,75,100,90,0.0,59.016,41.819,6.1479,100,1.0,0,0.00077426,9.8689,21.828,79905,89466.0,6.514,297.97,221.92,1.9977,11.0,,23,,2.0345,0.18592,,,1.9097,0,,0,1,1,47,47,0,47.0,125210.0
144.8,75,100,90,0.0,53.941,17.307,0.61479,100,1.0,0,0.00075906,9.8696,21.858,79949,89520.0,6.5145,297.92,202.03,1.9988,11.0,,23,,2.0314,0.18595,,,1.9107,0,,0,1,1,47,47,0,47.0,124850.0
145.0,75,100,90,0.0,48.683,5.1922,31.077,100,1.0,0,0.0007856,9.812,21.89,79992,89574.0,6.5088,297.96,217.88,1.9999,11.0,,23,,2.0338,0.18593,,,1.9118,0,,0,1,1,47,47,0,47.0,126170.0
145.2,75,100,90,0.0,45.684,16.707,3.1077,100,1.0,0,0.00080406,9.7622,21.922,80034,89627.0,6.4983,297.92,203.03,2.001,11.0,,23,,2.044,0.18585,,,1.9129,0,,0,1,1,47,47,0,47.0,125660.0
145.4,75,100,90,0.0,46.911,5.0122,54.643,100,1.0,0,0.00078373,9.7972,21.953,80076,89681.0,6.4903,298.02,240.35,2.0021,11.0,,23,,2.0298,0.18595,,,1.914,0,,0,1,1,47,47,0,47.0,125310.0
145.6,75,100,90,0.0,51.319,35.762,5.4643,100,1.0,0,0.00080504,9.7692,21.986,80119,89735.0,6.4863,297.96,216.92,2.0033,11.0,,23,,2.0372,0.18589,,,1.915,0,,0,1,1,47,47,0,47.0,127290.0
145.8,75,100,90,0.0,57.308,14.665,0.54643,100,1.0,0,0.00077318,9.8545,22.017,80164,89791.0,6.4883,297.91,198.81,2.0044,11.0,,23,,2.0142,0.18607,,,1.9161,0,,0,1,1,47,47,0,47.0,126440.0
146.0,75,100,90,0.0,62.489,4.3996,31.768,100,1.0,0,0.00074314,9.9308,22.047,80209,89847.0,6.4941,297.94,212.69,2.0054,11.0,,23,,1.9875,0.18627,,,1.9171,0,,0,1,1,47,47,0,47.0,126580.0
146.2,75,100,90,0.0,65.345,1.3199,0.0001,100,1.0,0,0.00074031,9.9217,22.077,80255,89904.0,6.5033,297.91,199.01,2.0064,11.0,,23,,2.0053,0.18613,,,1.9181,0,,0,1,1,47,47,0,47.0,127060.0
146.4,75,100,90,0.0,64.515,0.39596,39.065,100,1.0,0,0.00073791,9.9156,22.107,80301,89961.0,6.5088,297.97,221.06,2.0074,11.0,,23,,2.0084,0.1861,,,1.9191,0,,0,1,1,47,47,0,47.0,127530.0
146.6,75,100,90,0.0,61.515,16.98,3.9065,100,1.0,0,0.00072922,9.9097,22.137,80346,90017.0,6.5114,297.92,202.34,2.0084,11.0,,23,,2.0119,0.18608,,,1.92,0,,0,1,1,47,47,0,47.0,127340.0
146.8,75,100,90,0.0,57.477,5.0941,62.183,100,1.0,0,0.00072363,9.9087,22.167,80391,90072.0,6.5103,298.02,242.44,2.0094,11.0,,23,,2.0095,0.18609,,,1.921,0,,0,1,1,47,47,0,47.0,127320.0
147.0,75,100,90,0.0,53.901,38.203,6.2183,100,1.0,0,0.00073969,9.8633,22.197,80434,90127.0,6.5069,297.95,215.65,2.0104,11.0,,23,,2.019,0.18602,,,1.9219,0,,0,1,1,47,47,0,47.0,127460.0
147.2,75,100,90,0.0,51.685,14.334,0.62183,100,1.0,0,0.00072936,9.8667,22.228,80477,90181.0,6.5023,297.9,195.98,2.0113,11.0,,23,,2.0204,0.18601,,,1.9228,0,,0,1,1,47,47,0,47.0,127770.0
147.4,75,100,90,0.0,51.297,4.3002,31.911,100,1.0,0,0.0007288,9.8431,22.258,80521,90235.0,6.4959,297.94,209.86,2.0123,11.0,,23,,2.0454,0.18581,,,1.9237,0,,0,1,1,47,47,0,47.0,127080.0
147.6,75,100,90,0.0,53.445,1.2901,0.0001,100,1.0,0,0.00069929,9.8887,22.287,80564,90290.0,6.4953,297.9,195.1,2.0132,11.0,,23,,2.0457,0.18581,,,1.9246,0,,0,1,1,47,47,0,47.0,126890.0
147.8,75,100,90,0.0,55.809,0.38702,41.796,100,1.0,0,0.00070927,9.8847,22.316,80608,90345.0,6.4955,297.96,218.68,2.0141,11.0,,23,,2.0375,0.18587,,,1.9255,0,,0,1,1,47,47,0,47.0,127360.0
148.0,75,100,90,0.0,58.136,17.908,4.1796,100,1.0,0,0.00069837,9.9142,22.345,80653,90400.0,6.4975,297.91,198.51,2.015,11.0,,23,,2.0314,0.18591,,,1.9264,0,,0,1,1,47,47,0,47.0,128330.0
148.2,75,100,90,0.0,59.653,5.3723,67.07,100,1.0,0,0.00071301,9.8884,22.374,80698,90456.0,6.501,298.02,241.43,2.0159,11.0,,23,,2.0456,0.18581,,,1.9272,0,,0,1,1,47,47,0,47.0,128300.0
148.4,75,100,90,0.0,59.759,40.506,6.707,100,1.0,0,0.00071055,9.8847,22.404,80742,90512.0,6.5037,297.94,210.86,2.0168,11.0,,23,,2.0464,0.1858,,,1.9281,0,,0,1,1,47,47,0,47.0,128440.0
148.6,75,100,90,0.0,58.791,12.152,103.75,100,1.0,0,0.00071694,9.8554,22.434,80787,90568.0,6.5055,298.13,283.12,2.0177,11.0,,23,,2.0631,0.18567,,,1.9289,0,,0,1,1,47,47,0,47.0,128080.0
148.8,75,100,90,0.0,57.098,74.712,10.375,100,1.0,0,0.00069902,9.8871,22.463,80831,90623.0,6.5075,298.0,235.12,2.0185,11.0,,23,,2.0473,0.18579,,,1.9298,0,,0,1,1,47,47,0,47.0,128560.0
149.0,75,100,90,0.0,54.635,35.429,1.0375,100,1.0,0,0.00070125,9.8776,22.493,80875,90678.0,6.5065,297.92,201.97,2.0194,11.0,,23,,2.0401,0.18584,,,1.9306,0,,0,1,1,47,47,0,47.0,128530.0
149.2,75,100,90,0.0,52.566,10.629,46.625,100,1.0,0,0.00072566,9.8432,22.523,80918,90732.0,6.5034,297.97,224.3,2.0203,11.0,,23,,2.0344,0.18588,,,1.9314,0,,0,1,1,47,47,0,47.0,128670.0
149.4,75,100,90,0.0,51.734,27.987,4.6625,100,1.0,0,0.00074742,9.8011,22.555,80962,90787.0,6.5,297.91,199.64,2.0212,11.0,,23,,2.0378,0.18585,,,1.9323,0,,0,1,1,47,47,0,47.0,128490.0
149.6,75,100,90,0.0,52.25,8.396,79.039,100,1.0,0,0.00075326,9.7795,22.586,81005,90841.0,6.4976,298.05,253.2,2.0221,11.0,,23,,2.0534,0.18573,,,1.9332,0,,0,1,1,47,47,0,47.0,129300.0
149.8,75,100,90,0.0,53.712,53.006,7.9039,100,1.0,0,0.00073168,9.8242,22.617,81048,90896.0,6.4937,297.95,216.4,2.023,11.0,,23,,2.0383,0.18585,,,1.934,0,,0,1,1,47,47,0,47.0,129120.0
150.0,75,100,90,0.0,56.77,21.236,0.79039,100,1.0,0,0.000708,9.893,22.646,81093,90951.0,6.4922,297.89,190.18,2.0238,11.0,,23,,2.0051,0.1861,,,1.9349,0,,0,1,1,47,47,0,47.0,129260.0
150.2,75,100,90,0.0,60.39,6.3708,40.328,0,0.9,-4000,0.00069059,8.6672,22.68,80422,90187.0,6.5237,297.96,218.0,2.0132,11.0,,23,,2.0654,0.18566,,,1.9247,0,,0,1,1,47,47,0,47.0,128580.0
150.4,75,100,90,0.0,51.332,27.371,4.0328,0,0.9,-4000,0.00069739,8.6145,22.715,79750,89421.0,6.5507,297.92,202.36,1.9972,11.0,,23,,2.0756,0.18561,,,1.9093,0,,0,1,1,47,47,0,47.0,129580.0
150.6,75,100,90,0.518,25.666,8.2113,73.778,0,0.9,-4000,0.00071229,8.4702,22.751,79073,88650.0,6.5516,298.08,262.86,1.9809,11.0,,23,,2.0904,0.18553,,,1.8936,0,,0,1,1,47,47,0,47.0,129420.0
150.8,75,100,90,1.0392,12.833,60.125,7.3778,0,0.9,-4000,0.00071241,8.4014,22.787,78393,87877.0,6.5356,298.01,237.76,1.9646,11.0,,23,,2.0969,0.18551,,,1.8778,0,,0,1,1,47,47,0,47.0,129920.0
151.0,75,100,90,0.0,0.0,38.948,0.73778,0,0.9,-4000,0.00075851,8.2449,22.826,77711,87101.0,6.5052,297.96,220.55,1.9482,11.0,,23,,2.127,0.18531,,,1.8621,0,,0,1,1,47,47,0,47.0,130270.0
151.2,75,100,90,0.0,0.0,24.014,0.073778,0,0.9,-4000,0.00076241,8.2229,22.864,77029,86325.0,6.4771,297.94,210.13,1.9319,11.0,,23,,2.1271,0.18534,,,1.8465,0,,0,1,1,47,47,0,47.0,129790.0
151.4,75,100,90,0.0,9.6562,7.2042,33.6,0,0.9,-4000,0.00079801,8.2174,22.903,76349,85551.0,6.4613,298.01,238.66,1.9156,11.0,,23,,2.1105,0.1855,,,1.8308,0,,0,1,1,47,47,0,47.0,129970.0
151.6,75,100,90,0.0,25.612,31.734,3.36,0,0.9,-4000,0.00082368,8.2691,22.941,75672,84781.0,6.463,297.98,226.34,1.8994,11.0,,23,,2.0655,0.18587,,,1.8152,0,,0,1,1,47,47,0,47.0,131150.0
151.8,75,100,90,0.0,40.885,20.06,0.336,0,0.9,-4000,0.00081795,8.3745,22.978,74998,84013.0,6.4829,297.95,214.84,1.8831,11.0,,23,,2.0063,0.18636,,,1.7995,0,,0,1,1,47,47,0,47.0,130330.0
152.0,75,100,90,0.0,48.177,6.0181,31.434,0,0.9,-4000,0.00083612,8.3919,23.015,74326,83247.0,6.5078,298.01,238.16,1.8668,11.0,,23,,1.9692,0.18667,,,1.7839,0,,0,1,1,47,47,0,47.0,131000.0
152.2,75,100,90,0.0,45.543,26.738,3.1434,0,0.9,0,0.00080922,8.4045,23.051,74349,83280.0,6.5025,297.98,224.91,1.8624,11.0,,23,,1.9631,0.18672,,,1.7796,0,,0,1,1,47,47,0,47.0,131180.0
152.4,75,100,90,0.0,45.161,13.979,0.31434,0,0.9,0,0.00082761,8.3711,23.089,74371,83314.0,6.4954,297.95,216.28,1.8629,11.0,,23,,1.9594,0.18675,,,1.7801,0,,0,1,1,47,47,0,47.0,131350.0
152.6,75,100,90,0.0,47.517,5.0515,0.031434,0,0.9,0,0.00084104,8.3442,23.126,74394,83347.0,6.4929,297.94,212.12,1.8638,11.0,,23,,1.9749,0.18663,,,1.7809,0,,0,1,1,47,47,0,47.0,132360.0
152.8,75,100,90,0.0,50.87,1.5155,14.345,0,0.9,0,0.00081991,8.3737,23.163,74418,83382.0,6.4934,297.97,221.73,1.8646,11.0,,23,,1.9727,0.18665,,,1.7817,0,,0,1,1,47,47,0,47.0,131710.0
153.0,75,100,90,0.0,54.031,8.6461,1.4345,0,0.9,0,0.00081335,8.4042,23.2,74442,83417.0,6.4975,297.95,215.59,1.8654,11.0,,23,,1.9522,0.1868,,,1.7825,0,,0,1,1,47,47,0,47.0,133050.0
153.2,75,100,90,0.0,55.547,1.3173,0.14345,0,0.9,0,0.00075571,8.4724,23.235,74466,83452.0,6.5049,297.93,209.78,1.8662,11.0,,23,,1.9498,0.18682,,,1.7833,0,,0,1,1,47,47,0,47.0,131710.0
153.4,75,100,90,0.0,54.114,0.39519,15.047,0,0.9,0,0.00073716,8.4904,23.269,74491,83487.0,6.5097,297.96,217.28,1.8669,11.0,,23,,1.9447,0.18685,,,1.784,0,,0,1,1,47,47,0,47.0,132870.0
153.6,75,100,90,0.0,50.772,5.2706,1.5047,0,0.9,0,0.00074016,8.4627,23.303,74514,83521.0,6.5125,297.94,210.61,1.8676,11.0,,23,,1.9412,0.18688,,,1.7846,0,,0,1,1,47,47,0,47.0,132200.0
153.8,75,100,90,0.0,46.281,1.5812,28.757,0,0.9,0,0.00074575,8.4384,23.338,74537,83555.0,6.5113,297.99,230.74,1.8683,11.0,,23,,1.9385,0.1869,,,1.7853,0,,0,1,1,47,47,0,47.0,132030.0
154.0,75,100,90,0.0,42.299,18.711,2.8757,0,0.9,0,0.00075142,8.398,23.374,74559,83587.0,6.5066,297.96,219.78,1.869,11.0,,23,,1.9467,0.18684,,,1.786,0,,0,1,1,47,47,0,47.0,133200.0
154.2,75,100,90,0.0,40.209,7.4743,0.28757,0,0.9,0,0.00079252,8.3233,23.411,74580,83620.0,6.5,297.94,213.28,1.8698,11.0,,23,,1.9601,0.18673,,,1.7867,0,,0,1,1,47,47,0,47.0,133710.0
154.4,75,100,90,0.0,40.735,2.2423,16.45,0,0.9,0,0.00076381,8.3617,23.446,74602,83652.0,6.4953,297.97,222.94,1.8705,11.0,,23,,1.951,0.1868,,,1.7874,0,,0,1,1,47,47,0,47.0,133550.0
154.6,75,100,90,0.0,43.149,9.5627,1.645,0,0.9,0,0.00074183,8.4033,23.481,74624,83685.0,6.4924,297.95,214.77,1.8712,11.0,,23,,1.9351,0.18692,,,1.7881,0,,0,1,1,47,47,0,47.0,133880.0
154.8,75,100,90,0.0,46.686,2.8688,33.47,0,0.9,0,0.00072884,8.4317,23.516,74647,83718.0,6.4934,298.01,237.46,1.8718,11.0,,23,,1.9295,0.18696,,,1.7887,0,,0,1,1,47,47,0,47.0,133870.0
155.0,75,100,90,0.0,49.832,22.894,3.347,0,0.9,0,0.00069599,8.4859,23.549,74670,83752.0,6.4989,297.97,221.93,1.8725,11.0,,23,,1.9201,0.18703,,,1.7893,0,,0,1,1,47,47,0,47.0,132700.0
155.2,75,100,90,0.0,50.785,7.9287,0.3347,0,0.9,0,0.00066809,8.5279,23.581,74694,83786.0,6.5055,297.93,209.59,1.873,11.0,,23,,1.9154,0.18707,,,1.7898,0,,0,1,1,47,47,0,47.0,134350.0
155.4,75,100,90,0.0,49.093,2.3786,20.646,0,0.9,0,0.00063319,8.5606,23.612,74717,83820.0,6.5097,297.96,217.38,1.8736,11.0,,23,,1.9072,0.18713,,,1.7903,0,,0,1,1,47,47,0,47.0,134160.0
155.6,75,100,90,0.0,45.732,7.6265,2.0646,0,0.9,0,0.00058551,8.6064,23.641,74740,83853.0,6.5118,297.92,204.38,1.874,11.0,,23,,1.9035,0.18715,,,1.7908,0,,0,1,1,47,47,0,47.0,133960.0
155.8,75,100,90,0.0,41.519,2.288,40.007,0,0.9,0,0.00055032,8.6445,23.67,74761,83885.0,6.5099,297.98,227.55,1.8744,11.0,,23,,1.8761,0.18736,,,1.7912,0,,0,1,1,47,47,0,47.0,134430.0
156.0,75,100,90,0.0,38.081,21.753,4.0007,0,0.9,0,0.00055115,8.6204,23.699,74782,83916.0,6.5041,297.93,208.82,1.8748,11.0,1789.2,23,1841.1,1.8745,0.18737,23.581,27.882,1.7915,0,84.808,0,1,1,47,47,0,47.0,134070.0
156.2,75,100,90,0.0,36.986,6.5259,67.124,0,0.9,0,0.00053528,8.6369,23.728,74803,83947.0,6.4983,298.06,253.89,1.8752,11.0,,23,,1.8718,0.18739,,,1.7919,0,,0,1,1,47,47,0,47.0,134200.0
156.4,75,100,90,0.0,38.201,47.548,6.7124,0,0.9,0,0.0004988,8.6916,23.755,74824,83978.0,6.4967,297.97,222.97,1.8755,11.0,,23,,1.8541,0.18753,,,1.7922,0,,0,1,1,47,47,0,47.0,134830.0
156.6,75,100,90,0.0,40.024,19.124,0.67124,0,0.9,0,0.00046208,8.7515,23.782,74846,84009.0,6.4973,297.91,200.04,1.8758,11.0,,23,,1.8394,0.18764,,,1.7925,0,,0,1,1,47,47,0,47.0,134960.0
156.8,75,100,90,0.0,41.607,5.7373,35.279,0,0.9,0,0.00046293,8.7519,23.808,74867,84041.0,6.4978,297.95,214.14,1.876,11.0,,23,,1.8407,0.18763,,,1.7927,0,,0,1,1,47,47,0,47.0,134580.0
157.0,75,100,90,0.0,42.998,1.7212,0.0001,0,0.9,0,0.00047226,8.7484,23.833,74889,84073.0,6.4985,297.9,198.37,1.8763,11.0,,23,,1.8345,0.18767,,,1.7929,0,,0,1,1,47,47,0,47.0,135860.0
157.2,75,100,90,0.0,44.128,0.51635,44.078,0,0.9,0,0.00044984,8.7922,23.859,74911,84105.0,6.4982,297.97,222.0,1.8765,11.0,,23,,1.8144,0.18783,,,1.7932,0,,0,1,1,47,47,0,47.0,135480.0
157.4,75,100,90,0.0,45.37,19.812,4.4078,0,0.9,0,0.00045097,8.8004,23.884,74934,84137.0,6.5003,297.91,200.43,1.8767,11.0,,23,,1.7996,0.18794,,,1.7934,0,,0,1,1,47,47,0,47.0,135270.0
157.6,75,100,90,0.0,45.763,5.9437,72.437,0,0.9,0,0.00044217,8.8053,23.909,74957,84170.0,6.5021,298.04,246.43,1.8769,11.0,,23,,1.7998,0.18793,,,1.7936,0,,0,1,1,47,47,0,47.0,136380.0
157.8,75,100,90,0.0,45.457,46.943,7.2437,0,0.9,0,0.00043236,8.8217,23.933,74979,84202.0,6.5051,297.95,215.18,1.8771,11.0,,23,,1.7912,0.188,,,1.7938,0,,0,1,1,47,47,0,47.0,135660.0
158.0,75,100,90,0.0,43.941,14.083,114.91,0,0.9,0,0.00046656,8.7445,23.958,75001,84234.0,6.5059,298.17,295.79,1.8773,11.0,,23,,1.8205,0.18778,,,1.794,0,,0,1,1,47,47,0,47.0,134950.0
158.2,75,100,90,0.0,42.125,89.863,11.491,0,0.9,0,0.00048896,8.6955,23.984,75023,84266.0,6.5038,298.04,249.55,1.8776,11.0,,23,,1.8353,0.18767,,,1.7942,0,,0,1,1,47,47,0,47.0,135900.0
158.4,75,100,90,0.0,41.119,50.493,1.1491,0,0.9,0,0.00046896,8.7213,24.009,75044,84298.0,6.501,297.94,213.07,1.8778,11.0,,23,,1.8261,0.18773,,,1.7944,0,,0,1,1,47,47,0,47.0,135520.0
158.6,75,100,90,0.0,41.222,15.148,60.038,0,0.9,0,0.00046144,8.7143,24.034,75066,84329.0,6.4988,298.03,244.28,1.878,11.0,,23,,1.8421,0.18761,,,1.7946,0,,0,1,1,47,47,0,47.0,136140.0
158.8,75,100,90,0.0,42.236,43.58,6.0038,0,0.9,0,0.00047132,8.6972,24.06,75088,84361.0,6.4967,297.95,214.71,1.8782,11.0,,23,,1.8471,0.18757,,,1.7948,0,,0,1,1,47,47,0,47.0,136420.0
159.0,75,100,90,0.0,44.076,13.074,100.05,0,0.9,0,0.00048314,8.6777,24.085,75110,84393.0,6.4952,298.14,282.86,1.8784,11.0,,23,,1.8554,0.18751,,,1.795,0,,0,1,1,47,47,0,47.0,136210.0
159.2,75,100,90,0.0,46.506,76.761,10.005,0,0.9,0,0.00045555,8.7326,24.11,75133,84426.0,6.4948,298.02,239.86,1.8786,11.0,,23,,1.8367,0.18765,,,1.7952,0,,0,1,1,47,47,0,47.0,136490.0
159.4,75,100,90,0.0,49.122,39.47,1.0005,0,0.9,0,0.00044773,8.7559,24.134,75156,84459.0,6.4966,297.92,204.76,1.8788,11.0,,23,,1.824,0.18775,,,1.7953,0,,0,1,1,47,47,0,47.0,135770.0
159.6,75,100,90,0.0,51.0,11.841,54.69,0,0.9,0,0.00045346,8.7446,24.158,75180,84493.0,6.5001,297.99,230.71,1.8789,11.0,,23,,1.8342,0.18767,,,1.7955,0,,0,1,1,47,47,0,47.0,136380.0
159.8,75,100,90,0.0,51.469,34.33,5.469,0,0.9,0,0.00046398,8.7256,24.183,75203,84527.0,6.5039,297.91,201.21,1.8791,11.0,,23,,1.8387,0.18764,,,1.7956,0,,0,1,1,47,47,0,47.0,137660.0
160.0,75,100,75,0.0,50.412,10.299,94.485,0,0.9,0,0.00022223,8.9731,24.201,75223,84556.0,6.5129,298.07,258.37,1.879,10.0,,23,,1.7865,0.18803,,,1.7956,0,,0,1,1,47,47,0,47.0,137240.0
160.2,75,100,75,0.0,45.736,62.025,9.4485,400,0.9,0,0.0002409,11.066,24.194,75323,84665.0,6.5154,297.93,209.42,1.8789,10.0,,23,,1.3101,0.19162,,,1.7955,0,,0,1,1,47,47,0,47.0,137380.0
160.4,75,100,75,0.0,40.102,18.607,155.23,400,0.9,0,0.00023633,11.047,24.188,75421,84772.0,6.514,298.22,312.54,1.8788,10.0,,23,,1.2838,0.19182,,,1.7954,0,,0,1,1,47,47,0,47.0,136510.0
160.6,75,100,75,0.0,35.042,115.15,15.523,400,0.9,0,0.0002634,10.989,24.183,75518,84878.0,6.5055,298.03,244.03,1.8787,10.0,,23,,1.3042,0.19167,,,1.7953,0,,0,1,1,47,47,0,47.0,136820.0
160.8,75,100,75,0.0,33.383,56.155,1.5523,400,0.9,0,0.00029166,10.954,24.179,75615,84984.0,6.4952,297.88,191.07,1.8786,10.0,,23,,1.3139,0.1916,,,1.7952,0,,0,1,1,47,47,0,47.0,136960.0
161.0,75,100,75,0.0,35.825,16.846,75.916,400,0.9,0,0.00031933,10.94,24.175,75712,85091.0,6.4864,297.98,224.28,1.8786,10.0,,23,,1.3248,0.19151,,,1.7952,0,,0,1,1,47,47,0,47.0,136110.0
161.2,75,100,75,0.0,41.769,45.038,7.5916,400,0.9,0,0.00036543,10.938,24.172,75811,85199.0,6.4819,297.86,181.68,1.8786,10.0,,23,,1.3114,0.19161,,,1.7952,0,,0,1,1,47,47,0,47.0,136930.0
161.4,75,100,75,0.0,49.496,13.511,131.21,400,0.9,0,0.00039603,10.953,24.171,75911,85308.0,6.4847,298.09,265.72,1.8786,10.0,,23,,1.3098,0.19163,,,1.7952,0,,0,1,1,47,47,0,47.0,136590.0
161.6,75,100,75,0.0,56.105,88.446,13.121,400,0.9,0,0.00044832,10.936,24.17,76012,85419.0,6.4919,297.92,205.59,1.8787,10.0,,23,,1.3111,0.19162,,,1.7953,0,,0,1,1,47,47,0,47.0,136420.0
161.8,75,100,75,0.0,59.869,26.534,210.51,400,0.9,0,0.00043806,10.988,24.168,76114,85531.0,6.4999,298.33,353.43,1.8787,10.0,,23,,1.3019,0.19169,,,1.7953,0,,0,1,1,47,47,0,47.0,136240.0
162.0,75,100,75,0.0,60.414,164.19,21.051,400,0.9,0,0.0004492,10.993,24.167,76216,85642.0,6.5069,298.07,260.58,1.8788,10.0,,23,,1.3031,0.19168,,,1.7954,0,,0,1,1,47,47,0,47.0,137240.0
162.2,75,100,75,0.0,58.163,86.091,2.1051,400,0.9,0,0.00044259,11.012,24.166,76318,85753.0,6.5143,297.89,191.31,1.8789,10.0,,23,,1.2967,0.19172,,,1.7955,0,,0,1,1,47,47,0,47.0,136560.0
162.4,75,100,75,0.0,52.947,25.827,102.22,400,0.9,0,0.00044874,10.981,24.165,76418,85863.0,6.5166,298.03,243.07,1.8789,10.0,,23,,1.3162,0.19158,,,1.7955,0,,0,1,1,47,47,0,47.0,137560.0
162.6,75,100,75,0.0,46.829,71.522,10.222,400,0.9,0,0.00044613,10.98,24.165,76518,85972.0,6.5136,297.88,188.71,1.879,10.0,,23,,1.3094,0.19163,,,1.7956,0,,0,1,1,47,47,0,47.0,135890.0
162.8,75,100,75,0.0,41.916,21.457,175.24,400,0.9,0,0.00043214,10.994,24.164,76616,86080.0,6.5051,298.2,307.61,1.879,10.0,,23,,1.3011,0.19169,,,1.7956,0,,0,1,1,47,47,0,47.0,136220.0
163.0,75,100,75,0.0,40.431,129.31,17.524,400,0.9,0,0.00046299,10.95,24.165,76714,86187.0,6.4963,297.99,229.06,1.8791,10.0,,23,,1.3203,0.19155,,,1.7957,0,,0,1,1,47,47,0,47.0,136560.0
163.2,75,100,75,0.0,42.427,61.022,1.7524,400,0.9,0,0.00044103,10.988,24.165,76813,86295.0,6.4903,297.84,172.81,1.8791,10.0,,23,,1.3286,0.19148,,,1.7957,0,,0,1,1,47,47,0,47.0,137220.0
163.4,75,100,75,0.0,46.806,18.307,86.205,400,0.9,0,0.00045406,10.989,24.166,76912,86403.0,6.4891,297.95,213.99,1.8792,10.0,,23,,1.3475,0.19134,,,1.7957,0,,0,1,1,47,47,0,47.0,136890.0
163.6,75,100,75,0.0,51.69,5.492,0.0001,400,0.9,0,0.00049184,10.979,24.167,77013,86513.0,6.4924,297.87,183.9,1.8792,10.0,,23,,1.3518,0.19131,,,1.7958,0,,0,1,1,47,47,0,47.0,136230.0
163.8,75,100,75,0.0,55.245,1.6476,84.389,400,0.9,0,0.00049209,11.01,24.168,77114,86623.0,6.4997,298.0,231.72,1.8793,10.0,,23,,1.3495,0.19133,,,1.7959,0,,0,1,1,47,47,0,47.0,136900.0
164.0,75,100,75,0.0,55.886,41.72,8.4389,400,0.9,0,0.00050637,11.01,24.17,77215,86734.0,6.5061,297.88,189.68,1.8794,10.0,,23,,1.352,0.19131,,,1.7959,0,,0,1,1,47,47,0,47.0,136410.0
164.2,75,100,75,0.0,53.949,12.516,131.47,400,0.9,0,0.00051722,11.0,24.172,77316,86843.0,6.5097,298.11,273.91,1.8795,10.0,,23,,1.3622,0.19123,,,1.796,0,,0,1,1,47,47,0,47.0,137090.0
164.4,75,100,75,0.0,50.6,87.093,13.147,400,0.9,0,0.00052003,10.997,24.174,77416,86953.0,6.509,297.95,213.88,1.8796,10.0,,23,,1.3613,0.19124,,,1.7961,0,,0,1,1,47,47,0,47.0,136930.0
164.6,75,100,75,0.0,47.553,26.128,202.59,400,0.9,0,0.00050684,11.013,24.176,77515,87061.0,6.5023,298.32,354.6,1.8796,10.0,,23,,1.3638,0.19122,,,1.7962,0,,0,1,1,47,47,0,47.0,137110.0
164.8,75,100,75,0.0,47.156,155.58,20.259,400,0.9,0,0.00048363,11.04,24.177,77614,87170.0,6.4974,298.09,268.15,1.8797,10.0,,23,,1.3731,0.19115,,,1.7962,0,,0,1,1,47,47,0,47.0,136610.0
165.0,75,100,75,0.0,48.726,85.039,2.0259,400,0.9,0,0.00048291,11.061,24.178,77714,87278.0,6.4938,297.91,199.12,1.8797,10.0,,23,,1.3755,0.19113,,,1.7962,0,,0,1,1,47,47,0,47.0,136780.0
165.2,75,100,75,0.0,51.723,25.512,100.81,400,0.9,0,0.00048386,11.093,24.18,77814,87387.0,6.4942,298.04,248.82,1.8797,10.0,,23,,1.3657,0.1912,,,1.7963,0,,0,1,1,47,47,0,47.0,137290.0
165.4,75,100,75,0.0,54.558,69.284,10.081,400,0.9,0,0.00048251,11.116,24.18,77915,87497.0,6.4978,297.9,194.04,1.8797,10.0,,23,,1.3707,0.19117,,,1.7963,0,,0,1,1,47,47,0,47.0,137290.0
165.6,75,100,75,0.0,55.951,20.785,167.28,400,0.9,0,0.00050353,11.129,24.182,78016,87607.0,6.5007,298.19,305.37,1.8798,10.0,,23,,1.3575,0.19127,,,1.7963,0,,0,1,1,47,47,0,47.0,137630.0
165.8,75,100,75,0.0,56.179,120.32,16.728,400,0.9,0,0.00051328,11.122,24.183,78117,87717.0,6.5044,297.99,227.63,1.8798,10.0,,23,,1.3705,0.19117,,,1.7964,0,,0,1,1,47,47,0,47.0,137300.0
166.0,75,100,75,0.0,54.949,53.901,1.6728,400,0.9,0,0.00048649,11.159,24.185,78218,87827.0,6.5067,297.84,172.77,1.8798,10.0,,23,,1.3616,0.19124,,,1.7964,0,,0,1,1,47,47,0,47.0,136480.0
166.2,75,100,75,0.0,52.801,16.17,78.075,400,0.9,0,0.0004998,11.143,24.187,78319,87936.0,6.5089,297.93,207.46,1.8798,10.0,,23,,1.3735,0.19115,,,1.7964,0,,0,1,1,47,47,0,47.0,136150.0
166.4,75,100,75,0.0,49.775,4.8511,0.0001,400,0.9,0,0.00049397,11.142,24.189,78419,88045.0,6.5091,297.85,177.51,1.8798,10.0,,23,,1.382,0.19108,,,1.7964,0,,0,1,1,47,47,0,47.0,137330.0
166.6,75,100,75,0.0,46.659,1.4553,81.319,400,0.9,0,0.00048759,11.14,24.192,78518,88153.0,6.5051,297.97,222.53,1.8798,10.0,,23,,1.392,0.19101,,,1.7964,0,,0,1,1,47,47,0,47.0,136340.0
166.8,75,100,75,0.0,45.161,37.631,8.1319,400,0.9,0,0.0005091,11.128,24.195,78617,88260.0,6.4994,297.87,184.21,1.8798,10.0,,23,,1.3945,0.19099,,,1.7964,0,,0,1,1,47,47,0,47.0,136530.0
167.0,75,100,75,0.0,45.922,11.289,123.89,400,0.9,0,0.00052928,11.126,24.199,78716,88368.0,6.4939,298.08,262.54,1.8798,10.0,,23,,1.3996,0.19095,,,1.7964,0,,0,1,1,47,47,0,47.0,136710.0
167.2,75,100,75,0.0,48.864,78.56,12.389,400,0.9,0,0.00056453,11.109,24.204,78815,88476.0,6.4913,297.93,208.8,1.8799,10.0,,23,,1.4137,0.19084,,,1.7964,0,,0,1,1,47,47,0,47.0,137400.0
167.4,75,100,75,0.0,52.865,23.568,185.86,400,0.9,0,0.00059195,11.115,24.209,78916,88586.0,6.4902,298.27,336.12,1.8799,10.0,,23,,1.4143,0.19084,,,1.7964,0,,0,1,1,47,47,0,47.0,135930.0
167.6,75,100,75,0.0,57.285,137.95,18.586,400,0.9,0,0.00059283,11.152,24.214,79017,88696.0,6.4929,298.07,259.79,1.88,10.0,,23,,1.4046,0.19091,,,1.7965,0,,0,1,1,47,47,0,47.0,136950.0
167.8,75,100,75,0.0,60.628,76.267,1.8586,400,0.9,0,0.00061312,11.154,24.219,79119,88807.0,6.4962,297.91,199.46,1.88,10.0,,23,,1.4106,0.19087,,,1.7966,0,,0,1,1,47,47,0,47.0,136810.0
168.0,75,100,75,0.0,62.654,22.88,91.434,400,0.9,0,0.00059839,11.192,24.224,79221,88918.0,6.5014,298.03,243.72,1.8801,10.0,2206.9,23,1972.5,1.404,0.19092,24.204,26.848,1.7966,0,82.677,0,1,1,47,47,0,47.0,137000.0
168.2,75,100,75,0.0,62.606,60.821,9.1434,400,0.9,0,0.00059248,11.221,24.229,79323,89029.0,6.5062,297.9,196.27,1.8801,10.0,,23,,1.3933,0.191,,,1.7967,0,,0,1,1,47,47,0,47.0,137350.0
168.4,75,100,75,0.0,60.628,18.246,146.64,400,0.9,0,0.00060621,11.215,24.234,79425,89140.0,6.5096,298.15,291.61,1.8802,10.0,,23,,1.3951,0.19098,,,1.7967,0,,0,1,1,47,47,0,47.0,136210.0
168.6,75,100,75,0.0,57.298,101.66,14.664,400,0.9,0,0.00067069,11.15,24.241,79527,89250.0,6.5085,297.99,230.37,1.8803,10.0,,23,,1.4095,0.19087,,,1.7968,0,,0,1,1,47,47,0,47.0,136580.0
168.8,75,100,75,0.0,54.453,50.246,1.4664,400,0.9,0,0.00067287,11.155,24.249,79627,89360.0,6.5048,297.86,181.19,1.8804,10.0,,23,,1.4069,0.19089,,,1.7969,0,,0,1,1,47,47,0,47.0,137120.0
169.0,75,100,75,0.0,53.074,15.074,75.992,400,0.9,0,0.00066225,11.152,24.257,79728,89469.0,6.5007,297.95,215.02,1.8804,10.0,,23,,1.427,0.19074,,,1.797,0,,0,1,1,47,47,0,47.0,137820.0
169.2,75,100,75,0.0,53.308,41.378,7.5992,400,0.9,0,0.00065619,11.187,24.264,79828,89578.0,6.4971,297.85,174.2,1.8805,10.0,,23,,1.4147,0.19084,,,1.797,0,,0,1,1,47,47,0,47.0,137860.0
169.4,75,100,75,0.0,54.999,12.413,126.21,400,0.9,0,0.0006658,11.192,24.272,79929,89688.0,6.4946,298.05,253.83,1.8806,10.0,,23,,1.4194,0.1908,,,1.7971,0,,0,1,1,47,47,0,47.0,137560.0
169.6,75,100,75,0.0,57.662,78.916,12.621,400,0.9,0,0.00067369,11.204,24.28,80030,89798.0,6.4947,297.91,198.77,1.8807,10.0,,23,,1.4257,0.19075,,,1.7972,0,,0,1,1,47,47,0,47.0,136930.0
169.8,75,100,75,0.0,60.275,23.675,191.7,400,0.9,0,0.00067559,11.225,24.287,80132,89909.0,6.4933,298.25,331.02,1.8807,10.0,,23,,1.4285,0.19073,,,1.7972,0,,0,1,1,47,47,0,47.0,137300.0
170.0,75,100,75,0.0,63.478,139.8,19.17,400,0.9,0,0.00067345,11.26,24.295,80234,90020.0,6.4948,298.06,255.55,1.8808,10.0,,23,,1.4178,0.19081,,,1.7973,0,,0,1,1,47,47,0,47.0,136840.0
170.2,75,100,75,0.0,66.056,79.214,1.917,150,0.9,-4000,0.0007124,10.103,24.318,79592,89282.0,6.5272,297.9,195.48,1.8702,10.0,,23,,1.6752,0.18889,,,1.7871,0,,0,1,1,47,47,0,47.0,137780.0
170.4,75,100,75,0.0,55.585,23.764,96.942,150,0.9,-4000,0.00076788,10.017,24.343,78948,88542.0,6.552,298.04,246.63,1.8545,10.0,,23,,1.7085,0.18867,,,1.772,0,,0,1,1,47,47,0,47.0,137070.0
170.6,75,100,75,0.51834,27.792,67.514,9.6942,150,0.9,-4000,0.00079069,9.8683,24.37,78298,87796.0,6.5527,297.91,199.45,1.8386,10.0,,23,,1.739,0.18847,,,1.7568,0,,0,1,1,47,47,0,47.0,137870.0
170.8,75,100,75,1.0394,13.896,20.254,156.37,150,0.9,-4000,0.00081905,9.7926,24.399,77646,87048.0,6.5392,298.2,306.62,1.8227,10.0,,23,,1.7416,0.18848,,,1.7415,0,,0,1,1,47,47,0,47.0,137170.0
171.0,75,100,75,0.0,0.0,116.43,15.637,150,0.9,-4000,0.00084908,9.7058,24.43,76991,86297.0,6.5133,298.03,245.76,1.8069,10.0,,23,,1.7468,0.18847,,,1.7263,0,,0,1,1,47,47,0,47.0,137820.0
171.2,75,100,75,0.0,0.0,65.189,1.5637,150,0.9,-4000,0.00091458,9.643,24.462,76335,85546.0,6.4876,297.9,197.38,1.7911,10.0,,23,,1.7548,0.18844,,,1.7111,0,,0,1,1,47,47,0,47.0,138640.0
171.4,75,100,75,0.0,5.4818,19.557,83.353,150,0.9,-4000,0.00094204,9.6498,24.495,75682,84796.0,6.4675,298.03,242.9,1.7753,10.0,,23,,1.7422,0.18857,,,1.6959,0,,0,1,1,47,47,0,47.0,138300.0
171.6,75,100,75,0.0,18.991,59.813,8.3353,150,0.9,-4000,0.00094559,9.7333,24.526,75030,84049.0,6.4585,297.91,202.12,1.7595,10.0,,23,,1.7022,0.1889,,,1.6807,0,,0,1,1,47,47,0,47.0,138780.0
171.8,75,100,75,0.0,36.073,17.944,142.01,150,0.9,-4000,0.0009378,9.8493,24.556,74383,83305.0,6.4637,298.18,296.89,1.7437,10.0,,23,,1.6526,0.18931,,,1.6656,0,,0,1,1,47,47,0,47.0,137920.0
172.0,75,100,75,0.0,51.056,106.53,14.201,150,0.9,-4000,0.00095134,9.9308,24.585,73738,82565.0,6.483,298.01,238.72,1.7279,10.0,,23,,1.6088,0.18967,,,1.6504,0,,0,1,1,47,47,0,47.0,139060.0
172.2,75,100,75,0.0,58.343,54.864,1.4201,150,0.9,0,0.00097132,9.9556,24.614,73790,82626.0,6.4803,297.88,192.08,1.7233,10.0,,23,,1.5904,0.18981,,,1.646,0,,0,1,1,47,47,0,47.0,138200.0
172.4,75,100,75,0.0,66.802,16.459,76.97,150,0.9,0,0.00098437,10.016,24.643,73844,82688.0,6.4849,297.99,230.19,1.7232,10.0,,23,,1.5569,0.19007,,,1.6459,0,,0,1,1,47,47,0,47.0,138500.0
172.6,75,100,75,0.0,73.321,50.059,7.697,150,0.9,0,0.0010233,10.014,24.672,73899,82752.0,6.4935,297.88,192.19,1.7234,10.0,,23,,1.5599,0.19005,,,1.6461,0,,0,1,1,47,47,0,47.0,139310.0
172.8,75,100,75,0.0,76.419,15.018,132.38,150,0.9,0,0.00099637,10.057,24.7,73954,82817.0,6.5045,298.13,280.23,1.7237,10.0,,23,,1.55,0.19012,,,1.6464,0,,0,1,1,47,47,0,47.0,139280.0
173.0,75,100,75,0.0,75.118,96.819,13.238,150,0.9,0,0.00097997,10.067,24.728,74010,82881.0,6.5145,297.98,225.57,1.7239,10.0,,23,,1.5455,0.19015,,,1.6466,0,,0,1,1,47,47,0,47.0,139580.0
173.2,75,100,75,0.0,69.848,46.87,1.3238,150,0.9,0,0.00095482,10.066,24.756,74064,82944.0,6.52,297.86,182.4,1.7241,10.0,,23,,1.5439,0.19016,,,1.6468,0,,0,1,1,47,47,0,47.0,140380.0
173.4,75,100,75,0.0,62.393,14.061,73.699,150,0.9,0,0.00095813,10.03,24.784,74117,83006.0,6.5193,297.96,218.26,1.7243,10.0,,23,,1.551,0.19011,,,1.6469,0,,0,1,1,47,47,0,47.0,139850.0
173.6,75,100,75,0.0,55.214,44.261,7.3699,150,0.9,0,0.000988,9.9821,24.814,74168,83066.0,6.5138,297.85,181.32,1.7245,10.0,,23,,1.5551,0.19008,,,1.6471,0,,0,1,1,47,47,0,47.0,138820.0
173.8,75,100,75,0.0,50.241,13.278,129.93,150,0.9,0,0.001001,9.9457,24.844,74218,83125.0,6.5044,298.1,268.03,1.7247,10.0,,23,,1.5666,0.18999,,,1.6473,0,,0,1,1,47,47,0,47.0,140470.0
174.0,75,100,75,0.0,48.994,92.323,12.993,150,0.9,0,0.0010071,9.9293,24.875,74268,83184.0,6.4947,297.95,216.02,1.7249,10.0,,23,,1.581,0.18988,,,1.6475,0,,0,1,1,47,47,0,47.0,139610.0
174.2,75,100,75,0.0,51.632,27.697,206.72,150,0.9,0,0.0010186,9.9524,24.905,74319,83243.0,6.4902,298.36,364.35,1.7251,10.0,,23,,1.5683,0.18998,,,1.6477,0,,0,1,1,47,47,0,47.0,140260.0
174.4,75,100,75,0.0,56.046,170.05,20.672,150,0.9,0,0.0010464,9.9536,24.935,74370,83304.0,6.4883,298.16,289.63,1.7253,10.0,,23,,1.5721,0.18995,,,1.648,0,,0,1,1,47,47,0,47.0,139240.0
174.6,75,100,75,0.0,61.249,108.57,2.0672,150,0.9,0,0.0010608,9.9548,24.966,74423,83365.0,6.4932,297.97,222.8,1.7256,10.0,,23,,1.5809,0.18988,,,1.6482,0,,0,1,1,47,47,0,47.0,140550.0
174.8,75,100,75,0.0,64.485,51.589,0.20672,150,0.9,0,0.0010349,9.9969,24.996,74476,83427.0,6.5001,297.84,177.87,1.7258,10.0,,23,,1.5685,0.18998,,,1.6484,0,,0,1,1,47,47,0,47.0,141190.0
175.0,75,100,75,0.0,64.96,15.477,73.751,150,0.9,0,0.001039,10.0,25.025,74529,83490.0,6.5046,297.94,213.0,1.726,10.0,,23,,1.5725,0.18994,,,1.6486,0,,0,1,1,47,47,0,47.0,140160.0
175.2,75,100,75,0.0,63.665,4.643,0.0001,150,0.9,0,0.0011009,9.9519,25.055,74582,83552.0,6.5047,297.87,186.27,1.7263,10.0,,23,,1.5777,0.1899,,,1.6488,0,,0,1,1,47,47,0,47.0,140640.0
175.4,75,100,75,0.0,62.325,1.3929,77.999,150,0.9,0,0.0010995,9.9457,25.086,74635,83614.0,6.5012,297.99,231.19,1.7265,10.0,,23,,1.5825,0.18987,,,1.6491,0,,0,1,1,47,47,0,47.0,141290.0
175.6,75,100,75,0.0,62.385,40.145,7.7999,150,0.9,0,0.0011333,9.9237,25.117,74687,83676.0,6.4972,297.89,196.03,1.7268,10.0,,23,,1.5889,0.18982,,,1.6493,0,,0,1,1,47,47,0,47.0,140940.0
175.8,75,100,75,0.0,64.021,12.043,121.84,150,0.9,0,0.0011456,9.9339,25.148,74740,83738.0,6.4937,298.12,275.39,1.7271,10.0,,23,,1.5791,0.18989,,,1.6496,0,,0,1,1,47,47,0,47.0,141250.0
176.0,75,100,75,0.0,67.043,84.971,12.184,150,0.9,0,0.0011679,9.9307,25.18,74794,83801.0,6.4906,297.98,224.99,1.7273,10.0,,23,,1.5854,0.18985,,,1.6499,0,,0,1,1,47,47,0,47.0,141740.0
176.2,75,100,75,0.0,71.316,39.323,1.2184,150,0.9,0,0.0012159,9.9268,25.212,74848,83864.0,6.4904,297.86,184.79,1.7277,10.0,,23,,1.5705,0.18996,,,1.6502,0,,0,1,1,47,47,0,47.0,141890.0
176.4,75,100,75,0.0,75.669,11.797,65.056,150,0.9,0,0.0012114,9.9657,25.244,74904,83929.0,6.4955,297.94,213.59,1.728,10.0,,23,,1.5512,0.1901,,,1.6505,0,,0,1,1,47,47,0,47.0,142210.0
176.6,75,100,75,0.0,77.979,3.5391,0.0001,150,0.9,0,0.0011693,10.032,25.275,74960,83994.0,6.5031,297.87,187.22,1.7283,10.0,,23,,1.5124,0.19039,,,1.6508,0,,0,1,1,47,47,0,47.0,142030.0
176.8,75,100,75,0.0,77.257,1.0617,71.352,150,0.9,0,0.0011704,10.04,25.306,75015,84059.0,6.5111,297.98,226.22,1.7286,10.0,,23,,1.5003,0.19048,,,1.651,0,,0,1,1,47,47,0,47.0,142680.0
177.0,75,100,75,0.0,73.348,34.03,7.1352,150,0.9,0,0.0011245,10.055,25.336,75070,84123.0,6.5165,297.89,192.67,1.7288,10.0,,23,,1.502,0.19047,,,1.6513,0,,0,1,1,47,47,0,47.0,142320.0
177.2,75,100,75,0.0,67.259,10.209,111.78,150,0.9,0,0.0011505,10.002,25.367,75124,84186.0,6.5189,298.08,263.75,1.7291,10.0,,23,,1.5215,0.19032,,,1.6516,0,,0,1,1,47,47,0,47.0,143300.0
177.4,75,100,75,0.0,60.227,74.458,11.178,150,0.9,0,0.0011604,9.9604,25.398,75176,84248.0,6.5148,297.95,216.01,1.7294,10.0,,23,,1.5311,0.19025,,,1.6518,0,,0,1,1,47,47,0,47.0,142280.0
177.6,75,100,75,0.0,54.864,30.542,1.1178,150,0.9,0,0.0011682,9.9479,25.43,75227,84308.0,6.5103,297.85,179.37,1.7296,10.0,,23,,1.5227,0.19031,,,1.6521,0,,0,1,1,47,47,0,47.0,142440.0
177.8,75,100,75,0.0,51.273,9.1626,58.092,150,0.9,0,0.001164,9.9247,25.462,75278,84368.0,6.5031,297.92,204.46,1.7299,10.0,,23,,1.538,0.1902,,,1.6524,0,,0,1,1,47,47,0,47.0,143250.0
178.0,75,100,75,0.0,50.543,2.7488,0.0001,150,0.9,0,0.0011851,9.9151,25.494,75328,84427.0,6.4955,297.85,180.44,1.7302,10.0,,23,,1.5345,0.19022,,,1.6526,0,,0,1,1,47,47,0,47.0,143740.0
178.2,75,100,75,0.0,52.87,0.82463,69.515,150,0.9,0,0.0011887,9.9143,25.525,75379,84488.0,6.4905,297.96,219.83,1.7305,10.0,,23,,1.5424,0.19016,,,1.6529,0,,0,1,1,47,47,0,47.0,143390.0
178.4,75,100,75,0.0,57.173,33.237,6.9515,150,0.9,0,0.001227,9.8931,25.557,75430,84549.0,6.4886,297.87,188.21,1.7308,10.0,,23,,1.5643,0.19,,,1.6532,0,,0,1,1,47,47,0,47.0,143380.0
178.6,75,100,75,0.0,62.235,9.971,111.79,150,0.9,0,0.0011548,9.9642,25.588,75483,84610.0,6.4908,298.07,259.65,1.7311,10.0,,23,,1.5558,0.19006,,,1.6535,0,,0,1,1,47,47,0,47.0,143190.0
178.8,75,100,75,0.0,66.434,73.74,11.179,150,0.9,0,0.0012294,10.029,25.617,75536,84673.0,6.4968,297.93,209.88,1.7314,10.0,,23,,1.5309,0.19025,,,1.6537,0,,0,1,1,47,47,0,47.0,143170.0
179.0,75,100,75,0.0,68.218,22.122,177.32,150,0.9,0,0.0019435,10.019,25.654,75590,84736.0,6.5013,298.27,332.78,1.7315,10.0,,23,,1.531,0.19025,,,1.6539,0,,0,1,1,47,47,0,47.0,144180.0
179.2,75,100,75,0.0,68.233,137.2,17.732,150,0.9,0,0.041492,11.465,25.665,75644,84799.0,6.5224,298.05,253.5,1.7316,10.0,,23,,1.3444,0.19165,,,1.6539,0,,0,1,1,47,47,0,47.0,144390.0
179.4,75,100,75,0.0,59.729,69.713,1.7732,150,0.9,0,0.1538,11.445,25.634,75696,84860.0,6.5666,297.89,195.04,1.7311,10.0,,23,,1.1945,0.19278,,,1.6535,0,,0,1,1,47,47,0,47.0,143240.0
179.6,75,100,75,0.51522,29.864,20.914,84.827,150,0.9,0,0.27315,11.314,25.606,75742,84916.0,6.5851,298.0,235.29,1.7306,10.0,,23,,1.2062,0.19269,,,1.6531,0,,0,1,1,47,47,0,47.0,143090.0
179.8,75,100,75,1.0349,14.932,56.199,8.4827,150,0.9,0,0.39468,11.24,25.578,75785,84968.0,6.5869,297.87,187.87,1.7301,10.0,,23,,1.2307,0.19251,,,1.6526,0,,0,1,1,47,47,0,47.0,143620.0
180.0,75,100,90,1.5555,7.4661,16.86,148.15,150,0.9,0,0.54355,11.293,25.55,75830,85023.0,6.5793,298.14,286.32,1.7296,10.0,2405.8,23,2032.3,1.2119,0.19265,25.665,26.112,1.6521,0,80.949,0,1,1,47,47,0,47.0,143150.0
180.2,75,100,90,2.0765,3.7331,106.16,14.815,150,0.9,0,0.69518,11.289,25.522,75874,85078.0,6.5669,297.95,215.75,1.7291,10.0,,23,,1.2033,0.19272,,,1.6516,0,,0,1,1,47,47,0,47.0,142510.0
180.4,75,100,90,2.5976,1.8665,31.849,241.63,150,0.9,0,0.84952,11.284,25.494,75918,85132.0,6.5525,298.42,387.53,1.7286,10.0,,23,,1.2071,0.19269,,,1.6511,0,,0,1,1,47,47,0,47.0,142700.0
180.6,75,100,90,3.1188,0.93327,193.64,24.163,150,0.9,0,1.005,11.282,25.466,75962,85186.0,6.5371,298.1,270.53,1.7281,10.0,,23,,1.2093,0.19268,,,1.6506,0,,0,1,1,47,47,0,47.0,142720.0
180.8,75,100,90,0.0,0.0,95.442,2.4163,150,0.9,0,1.1617,11.267,25.438,76005,85240.0,6.5251,297.89,192.65,1.7276,10.0,,23,,1.2109,0.19266,,,1.6501,0,,0,1,1,47,47,0,47.0,141920.0
181.0,75,100,90,0.0,0.0,28.633,101.9,150,0.9,0,1.3176,11.259,25.411,76048,85293.0,6.5137,298.02,242.72,1.7271,10.0,,23,,1.224,0.19257,,,1.6496,0,,0,1,1,47,47,0,47.0,143110.0
181.2,75,100,90,0.0,0.0,73.194,10.19,150,0.9,0,1.4747,11.262,25.383,76091,85347.0,6.5027,297.86,184.51,1.7266,10.0,,23,,1.2243,0.19257,,,1.6491,0,,0,1,1,47,47,0,47.0,142310.0
181.4,75,100,90,0.0,0.0,21.958,182.12,150,0.9,0,1.6313,11.256,25.356,76134,85400.0,6.4923,298.21,309.98,1.726,10.0,,23,,1.2353,0.19248,,,1.6486,0,,0,1,1,47,47,0,47.0,142670.0
181.6,75,100,90,0.0,3.6039,136.26,18.212,150,0.9,0,1.7913,11.275,25.328,76178,85455.0,6.4865,297.97,224.58,1.7255,10.0,,23,,1.2322,0.19251,,,1.6481,0,,0,1,1,47,47,0,47.0,142530.0
181.8,75,100,90,0.0,9.5245,61.078,1.8212,150,0.9,0,1.9525,11.311,25.3,76223,85510.0,6.4874,297.82,167.5,1.725,10.0,,23,,1.219,0.19261,,,1.6476,0,,0,1,1,47,47,0,47.0,142220.0
182.0,75,100,90,0.0,15.052,18.323,85.774,150,0.9,0,2.1126,11.36,25.272,76269,85567.0,6.4951,297.93,209.7,1.7245,10.0,,23,,1.1888,0.19284,,,1.6471,0,,0,1,1,47,47,0,47.0,141750.0
182.2,75,100,90,0.0,17.505,5.497,0.0001,150,0.9,0,2.2711,11.377,25.243,76316,85624.0,6.5062,297.86,181.27,1.724,10.0,,23,,1.1803,0.1929,,,1.6466,0,,0,1,1,47,47,0,47.0,141270.0
182.4,75,100,90,0.0,15.54,1.6491,86.225,150,0.9,0,2.4309,11.371,25.215,76362,85680.0,6.5147,298.0,232.68,1.7234,10.0,,23,,1.1808,0.1929,,,1.6461,0,,0,1,1,47,47,0,47.0,140460.0
182.6,75,100,90,0.0,10.179,45.132,8.6225,150,0.9,0,2.5898,11.346,25.187,76407,85736.0,6.517,297.88,189.52,1.7229,10.0,,23,,1.1883,0.19284,,,1.6456,0,,0,1,1,47,47,0,47.0,140320.0
182.8,75,100,90,0.0,3.922,13.539,139.6,150,0.9,0,2.7494,11.319,25.16,76451,85790.0,6.5112,298.13,281.81,1.7224,10.0,,23,,1.1959,0.19279,,,1.6451,0,,0,1,1,47,47,0,47.0,140690.0
183.0,75,100,90,0.0,0.0,96.467,13.96,150,0.9,0,2.911,11.308,25.133,76494,85844.0,6.5006,297.94,213.12,1.7219,10.0,,23,,1.1949,0.1928,,,1.6446,0,,0,1,1,47,47,0,47.0,140880.0
183.2,75,100,90,0.0,0.30522,28.94,226.6,150,0.9,0,3.0736,11.33,25.106,76537,85898.0,6.4908,298.38,373.28,1.7213,10.0,,23,,1.1758,0.19294,,,1.6441,0,,0,1,1,47,47,0,47.0,140080.0
183.4,75,100,90,0.0,4.5062,178.31,22.66,150,0.9,0,3.2367,11.347,25.078,76581,85952.0,6.4864,298.08,265.21,1.7208,10.0,,23,,1.1739,0.19295,,,1.6436,0,,0,1,1,47,47,0,47.0,140440.0
183.6,75,100,90,0.0,10.458,87.997,2.266,150,0.9,0,3.3984,11.379,25.05,76626,86008.0,6.4891,297.89,191.87,1.7203,10.0,,23,,1.166,0.19302,,,1.6431,0,,0,1,1,47,47,0,47.0,140970.0
183.8,75,100,90,0.0,15.296,26.399,97.197,150,0.9,0,3.559,11.405,25.022,76672,86064.0,6.4978,298.01,238.64,1.7197,10.0,,23,,1.1596,0.19306,,,1.6426,0,,0,1,1,47,47,0,47.0,139660.0
184.0,75,100,90,0.0,16.69,67.368,9.7197,150,0.9,0,3.7166,11.4,24.994,76719,86121.0,6.5086,297.86,183.39,1.7192,10.0,,23,,1.1724,0.19297,,,1.6421,0,,0,1,1,47,47,0,47.0,139350.0
184.2,75,100,90,0.0,13.747,20.21,171.44,150,0.9,0,3.8749,11.393,24.967,76764,86178.0,6.516,298.18,300.31,1.7187,10.0,,23,,1.1727,0.19297,,,1.6415,0,,0,1,1,47,47,0,47.0,140210.0
184.4,75,100,90,0.0,7.8904,125.47,17.144,150,0.9,0,4.0334,11.368,24.939,76809,86233.0,6.5157,297.96,220.03,1.7181,10.0,,23,,1.1774,0.19293,,,1.641,0,,0,1,1,47,47,0,47.0,139740.0
184.6,75,100,90,0.0,2.1384,54.83,1.7144,150,0.9,0,4.1881,11.34,24.912,76852,86286.0,6.5077,297.81,164.46,1.7176,10.0,,23,,1.1874,0.19286,,,1.6405,0,,0,1,1,47,47,0,47.0,139440.0
184.8,75,100,90,0.0,0.0,16.449,83.226,150,0.9,0,4.3466,11.33,24.886,76895,86340.0,6.4972,297.92,205.12,1.717,10.0,,23,,1.1942,0.19281,,,1.64,0,,0,1,1,47,47,0,47.0,138970.0
185.0,75,100,90,0.0,1.6661,4.9347,0.0001,150,0.9,0,4.5067,11.337,24.859,76939,86394.0,6.4891,297.85,176.95,1.7165,10.0,,23,,1.1958,0.1928,,,1.6395,0,,0,1,1,47,47,0,47.0,139670.0
185.2,75,100,90,0.0,6.5381,1.4804,86.139,150,0.9,0,4.6676,11.357,24.832,76983,86449.0,6.4875,297.98,228.34,1.7159,10.0,,23,,1.1973,0.19279,,,1.6389,0,,0,1,1,47,47,0,47.0,139200.0
185.4,75,100,90,0.0,12.057,44.166,8.6139,150,0.9,0,4.8276,11.387,24.804,77029,86505.0,6.493,297.87,187.17,1.7154,10.0,,23,,1.1901,0.19284,,,1.6384,0,,0,1,1,47,47,0,47.0,140060.0
185.6,75,100,90,0.0,15.366,13.25,137.57,150,0.9,0,4.9887,11.402,24.777,77075,86562.0,6.5026,298.12,278.13,1.7148,10.0,,23,,1.189,0.19285,,,1.6379,0,,0,1,1,47,47,0,47.0,139920.0
185.8,75,100,90,0.0,14.845,94.032,13.757,150,0.9,0,5.1485,11.401,24.749,77121,86618.0,6.5108,297.94,213.08,1.7143,10.0,,23,,1.19,0.19285,,,1.6374,0,,0,1,1,47,47,0,47.0,138120.0
186.0,75,100,90,0.0,11.055,28.21,219.38,150,0.9,0,5.3077,11.377,24.722,77166,86674.0,6.5141,298.36,367.99,1.7137,10.0,,23,,1.2054,0.19273,,,1.6368,0,,0,1,1,47,47,0,47.0,139150.0
186.2,75,100,90,0.0,5.9491,171.48,21.938,150,0.9,0,5.4702,11.353,24.695,77210,86729.0,6.5109,298.1,270.35,1.7132,10.0,,23,,1.2147,0.19266,,,1.6363,0,,0,1,1,47,47,0,47.0,138680.0
186.4,75,100,90,0.0,2.1145,91.117,2.1938,150,0.9,0,5.635,11.353,24.668,77253,86783.0,6.503,297.9,198.54,1.7126,10.0,,23,,1.201,0.19277,,,1.6358,0,,0,1,1,47,47,0,47.0,138210.0
186.6,75,100,90,0.0,1.4568,27.335,102.46,150,0.9,0,5.7969,11.358,24.642,77297,86837.0,6.4945,298.04,250.68,1.7121,10.0,,23,,1.1942,0.19282,,,1.6352,0,,0,1,1,47,47,0,47.0,138240.0
186.8,75,100,90,0.0,4.1867,73.628,10.246,150,0.9,0,5.9577,11.366,24.615,77340,86891.0,6.4896,297.9,196.17,1.7115,10.0,,23,,1.1988,0.19279,,,1.6347,0,,0,1,1,47,47,0,47.0,137780.0
187.0,75,100,90,0.0,8.8739,22.088,173.07,150,0.9,0,6.1184,11.379,24.588,77385,86947.0,6.4902,298.22,314.21,1.711,10.0,,23,,1.2087,0.19271,,,1.6342,0,,0,1,1,47,47,0,47.0,138640.0
187.2,75,100,90,0.0,13.28,128.86,17.307,150,0.9,0,6.2791,11.398,24.561,77431,87003.0,6.4965,298.01,237.36,1.7104,10.0,,23,,1.2075,0.19272,,,1.6336,0,,0,1,1,47,47,0,47.0,138340.0
187.4,75,100,90,0.0,15.183,63.32,1.7307,150,0.9,0,6.4374,11.409,24.533,77477,87059.0,6.5048,297.86,180.34,1.7098,10.0,,23,,1.2055,0.19274,,,1.6331,0,,0,1,1,47,47,0,47.0,137700.0
187.6,75,100,90,0.0,13.774,18.996,86.443,150,0.9,0,6.5948,11.403,24.506,77522,87116.0,6.5117,297.97,223.0,1.7093,10.0,,23,,1.2088,0.19272,,,1.6325,0,,0,1,1,47,47,0,47.0,137560.0
187.8,75,100,90,0.0,9.6155,54.243,8.6443,150,0.9,0,6.7492,11.392,24.48,77567,87171.0,6.5132,297.85,177.6,1.7087,10.0,,23,,1.2069,0.19273,,,1.632,0,,0,1,1,47,47,0,47.0,137090.0
188.0,75,100,90,0.0,4.8632,16.273,149.67,150,0.9,0,6.9049,11.364,24.453,77611,87225.0,6.5088,298.12,278.44,1.7081,10.0,,23,,1.2217,0.19262,,,1.6314,0,,0,1,1,47,47,0,47.0,137960.0
188.2,75,100,90,0.0,1.9026,104.79,14.967,150,0.9,0,7.0603,11.358,24.427,77654,87279.0,6.5006,297.95,214.24,1.7076,10.0,,23,,1.2205,0.19263,,,1.6309,0,,0,1,1,47,47,0,47.0,137500.0
188.4,75,100,90,0.0,2.2045,31.436,234.6,150,0.9,0,7.2154,11.359,24.401,77698,87333.0,6.4931,298.4,382.29,1.707,10.0,,23,,1.2243,0.1926,,,1.6304,0,,0,1,1,47,47,0,47.0,137030.0
188.6,75,100,90,0.0,5.4672,186.03,23.46,150,0.9,0,7.375,11.384,24.374,77742,87387.0,6.4901,298.11,276.52,1.7064,10.0,,23,,1.2119,0.1927,,,1.6298,0,,0,1,1,47,47,0,47.0,136730.0
188.8,75,100,90,0.0,9.9327,99.856,2.346,150,0.9,0,7.5351,11.394,24.347,77787,87443.0,6.493,297.91,199.46,1.7059,10.0,,23,,1.2206,0.19263,,,1.6293,0,,0,1,1,47,47,0,47.0,137430.0
189.0,75,100,90,0.0,13.245,29.957,109.37,150,0.9,0,7.6959,11.403,24.32,77832,87499.0,6.4993,298.06,256.44,1.7053,10.0,,23,,1.228,0.19258,,,1.6287,0,,0,1,1,47,47,0,47.0,136960.0
189.2,75,100,90,0.0,14.05,80.61,10.937,150,0.9,0,7.8566,11.42,24.294,77878,87556.0,6.507,297.9,197.36,1.7047,10.0,,23,,1.2146,0.19268,,,1.6281,0,,0,1,1,47,47,0,47.0,136490.0
189.4,75,100,90,0.0,11.785,24.183,185.63,150,0.9,0,8.0175,11.401,24.267,77923,87612.0,6.5119,298.24,325.08,1.7041,10.0,,23,,1.2296,0.19257,,,1.6276,0,,0,1,1,47,47,0,47.0,136690.0
189.6,75,100,90,0.0,7.5334,139.41,18.563,150,0.9,0,8.1815,11.374,24.24,77968,87667.0,6.511,298.01,237.9,1.7035,10.0,,23,,1.2452,0.19245,,,1.627,0,,0,1,1,47,47,0,47.0,136560.0
189.8,75,100,90,0.0,3.6622,65.678,1.8563,150,0.9,0,8.3462,11.358,24.215,78011,87722.0,6.5049,297.85,176.33,1.703,10.0,,23,,1.2502,0.19242,,,1.6265,0,,0,1,1,47,47,0,47.0,136930.0
190.0,75,100,90,0.0,2.2341,19.703,87.509,150,0.9,0,8.5136,11.349,24.189,78055,87776.0,6.497,297.96,218.15,1.7024,10.0,,23,,1.2585,0.19236,,,1.6259,0,,0,1,1,47,47,0,47.0,135960.0
190.2,75,100,90,0.0,3.9418,53.654,8.7509,150,0.9,-4000,8.6827,11.364,24.163,77402,87031.0,6.5188,297.83,170.3,1.6916,10.0,,23,,1.2483,0.19245,,,1.6156,0,,0,1,1,47,47,0,47.0,135500.0
190.4,75,100,90,0.0,0.0,16.096,154.04,150,0.9,-4000,8.8524,11.342,24.137,76749,86285.0,6.5365,298.11,274.58,1.6765,10.0,,23,,1.2519,0.19246,,,1.601,0,,0,1,1,47,47,0,47.0,136530.0
190.6,75,100,90,0.0,0.0,107.85,15.404,150,0.9,-4000,9.024,11.351,24.111,76096,85539.0,6.5545,297.92,205.08,1.661,10.0,,23,,1.2353,0.19261,,,1.5862,0,,0,1,1,47,47,0,47.0,135740.0
190.8,75,100,90,0.51847,0.0,32.354,250.65,150,0.9,-4000,9.2013,11.377,24.085,75444,84793.0,6.5723,298.42,387.01,1.6456,10.0,,23,,1.2032,0.19288,,,1.5714,0,,0,1,1,47,47,0,47.0,135940.0
191.0,75,100,90,1.037,0.0,203.31,25.065,150,0.9,-4000,9.3799,11.399,24.058,74791,84048.0,6.5897,298.12,276.95,1.6301,10.0,,23,,1.1716,0.19315,,,1.5566,0,,0,1,1,47,47,0,47.0,135300.0
191.2,75,100,90,1.5555,0.0,110.14,2.5065,150,0.9,-4000,9.5608,11.407,24.032,74138,83302.0,6.6064,297.9,198.02,1.6147,10.0,,23,,1.157,0.19329,,,1.5418,0,,0,1,1,47,47,0,47.0,136170.0
191.4,75,100,90,2.074,0.0,33.041,120.84,150,0.9,-4000,9.7404,11.416,24.005,73486,82557.0,6.6225,298.09,265.28,1.5993,10.0,,23,,1.1443,0.19342,,,1.527,0,,0,1,1,47,47,0,47.0,135370.0
191.6,75,100,90,2.5926,0.0,96.267,12.084,150,0.9,-4000,9.9236,11.418,23.979,72833,81812.0,6.6381,297.91,202.01,1.5839,10.0,,23,,1.1397,0.19348,,,1.5122,0,,0,1,1,47,47,0,47.0,136240.0
191.8,75,100,90,3.1112,0.0,28.88,216.56,150,0.9,-4000,10.108,11.438,23.952,72181,81067.0,6.6531,298.35,357.38,1.5685,10.0,,23,,1.116,0.19369,,,1.4975,0,,0,1,1,47,47,0,47.0,135770.0
192.0,75,100,90,3.6299,0.0,180.63,21.656,150,0.9,-4000,10.294,11.442,23.925,71529,80322.0,6.6676,298.08,262.26,1.5532,10.0,3186.7,23,2381.6,1.1086,0.19377,24.032,25.219,1.4827,0,82.458,0,1,1,47,47,0,47.0,134300.0
192.2,75,100,90,4.1485,0.0,95.39,2.1656,150,0.9,0,10.479,11.438,23.898,71574,80377.0,6.6417,297.88,194.65,1.5482,10.0,,23,,1.1124,0.19376,,,1.478,0,,0,1,1,47,47,0,47.0,134670.0
192.4,75,100,90,4.6724,0.0,28.617,109.57,150,0.9,0,10.665,11.452,23.871,71618,80433.0,6.617,298.06,255.12,1.5474,10.0,,23,,1.1027,0.19383,,,1.4772,0,,0,1,1,47,47,0,47.0,134860.0
192.6,75,100,90,5.1942,0.0,86.248,10.957,150,0.9,0,10.853,11.464,23.844,71662,80489.0,6.5938,297.89,198.55,1.5469,10.0,,23,,1.0934,0.1939,,,1.4767,0,,0,1,1,47,47,0,47.0,133890.0
192.8,75,100,90,5.7159,0.0,25.874,201.31,150,0.9,0,11.037,11.478,23.817,71707,80544.0,6.5718,298.31,341.67,1.5463,10.0,,23,,1.0832,0.19398,,,1.4762,0,,0,1,1,47,47,0,47.0,134760.0
193.0,75,100,90,6.2374,0.0,166.45,20.131,150,0.9,0,11.218,11.485,23.79,71752,80600.0,6.551,298.04,249.48,1.5458,10.0,,23,,1.0798,0.194,,,1.4756,0,,0,1,1,47,47,0,47.0,134450.0
193.2,75,100,90,6.759,0.0,82.498,2.0131,150,0.9,0,11.397,11.484,23.763,71797,80655.0,6.5307,297.85,183.88,1.5452,10.0,,23,,1.086,0.19396,,,1.4751,0,,0,1,1,47,47,0,47.0,133980.0
193.4,75,100,90,0.0,0.0,24.749,102.91,150,0.9,0,11.574,11.449,23.737,71840,80709.0,6.5192,298.01,239.13,1.5447,10.0,,23,,1.1,0.19386,,,1.4746,0,,0,1,1,47,47,0,47.0,134180.0
193.6,75,100,90,0.0,0.0,75.786,10.291,150,0.9,0,11.753,11.443,23.71,71884,80764.0,6.508,297.85,184.24,1.5441,10.0,,23,,1.1107,0.19378,,,1.474,0,,0,1,1,47,47,0,47.0,134550.0
193.8,75,100,90,0.0,0.0,22.736,193.57,150,0.9,0,11.93,11.448,23.684,71927,80818.0,6.4974,298.25,321.65,1.5435,10.0,,23,,1.1094,0.19379,,,1.4735,0,,0,1,1,47,47,0,47.0,133750.0
194.0,75,100,90,0.0,1.544,155.61,19.357,150,0.9,0,12.108,11.455,23.657,71971,80872.0,6.4889,297.98,229.99,1.543,10.0,,23,,1.1102,0.19378,,,1.473,0,,0,1,1,47,47,0,47.0,133950.0
194.2,75,100,90,0.0,6.4817,70.382,1.9357,150,0.9,0,12.287,11.487,23.63,72015,80928.0,6.4855,297.81,170.46,1.5424,10.0,,23,,1.0984,0.19387,,,1.4724,0,,0,1,1,47,47,0,47.0,133150.0
194.4,75,100,90,0.0,12.777,21.114,93.625,150,0.9,0,12.465,11.518,23.603,72062,80985.0,6.4886,297.95,219.33,1.5419,10.0,,23,,1.0934,0.19391,,,1.4719,0,,0,1,1,47,47,0,47.0,133180.0
194.6,75,100,90,0.0,17.841,64.043,9.3625,150,0.9,0,12.642,11.549,23.575,72109,81042.0,6.4966,297.81,169.16,1.5413,10.0,,23,,1.0817,0.194,,,1.4713,0,,0,1,1,47,47,0,47.0,133540.0
194.8,75,100,90,0.0,19.708,19.213,181.51,150,0.9,0,12.814,11.559,23.548,72156,81100.0,6.5069,298.18,298.09,1.5407,10.0,,23,,1.0821,0.194,,,1.4708,0,,0,1,1,47,47,0,47.0,132070.0
195.0,75,100,90,0.0,17.448,141.51,18.151,150,0.9,0,12.985,11.558,23.52,72203,81158.0,6.5164,297.94,215.1,1.5402,10.0,,23,,1.0746,0.19405,,,1.4703,0,,0,1,1,47,47,0,47.0,132590.0
195.2,75,100,90,0.0,11.418,42.453,318.53,150,0.9,0,13.159,11.524,23.493,72248,81214.0,6.5197,298.62,452.51,1.5396,10.0,,23,,1.0925,0.19392,,,1.4697,0,,0,1,1,47,47,0,47.0,132960.0
195.4,75,100,90,0.0,4.0791,278.21,31.853,150,0.9,0,13.333,11.503,23.466,72293,81269.0,6.5135,298.21,309.55,1.539,10.0,,23,,1.0863,0.19397,,,1.4692,0,,0,1,1,47,47,0,47.0,131660.0
195.6,75,100,90,0.0,0.0,154.32,3.1853,150,0.9,0,13.508,11.474,23.44,72336,81323.0,6.5027,297.93,210.9,1.5384,10.0,,23,,1.1029,0.19385,,,1.4686,0,,0,1,1,47,47,0,47.0,131860.0
195.8,75,100,90,0.0,0.0,46.297,150.96,150,0.9,0,13.684,11.477,23.414,72379,81377.0,6.4922,298.18,299.48,1.5379,10.0,,23,,1.1049,0.19383,,,1.4681,0,,0,1,1,47,47,0,47.0,132560.0
196.0,75,100,90,0.0,3.6206,133.72,15.096,150,0.9,0,13.861,11.506,23.387,72423,81432.0,6.4866,297.96,223.21,1.5373,10.0,,23,,1.0895,0.19395,,,1.4675,0,,0,1,1,47,47,0,47.0,132090.0
196.2,75,100,90,0.0,9.4965,62.957,1.5096,150,0.9,0,14.038,11.522,23.361,72469,81488.0,6.4878,297.81,170.9,1.5367,10.0,,23,,1.0995,0.19388,,,1.467,0,,0,1,1,47,47,0,47.0,131620.0
196.4,75,100,90,0.0,14.877,18.887,90.59,150,0.9,0,14.214,11.558,23.334,72515,81545.0,6.4957,297.95,219.71,1.5361,10.0,,23,,1.085,0.19398,,,1.4664,0,,0,1,1,47,47,0,47.0,131990.0
196.6,75,100,90,0.0,17.085,61.404,9.059,150,0.9,0,14.392,11.578,23.307,72562,81603.0,6.5056,297.83,175.24,1.5356,10.0,,23,,1.0731,0.19407,,,1.4658,0,,0,1,1,47,47,0,47.0,131190.0
196.8,75,100,90,0.0,15.378,18.421,169.64,150,0.9,0,14.569,11.577,23.28,72609,81660.0,6.5127,298.17,294.75,1.535,10.0,,23,,1.0702,0.1941,,,1.4653,0,,0,1,1,47,47,0,47.0,131220.0
197.0,75,100,90,0.0,10.825,131.21,16.964,150,0.9,0,14.747,11.556,23.253,72654,81717.0,6.5148,297.96,221.49,1.5344,10.0,,23,,1.0761,0.19405,,,1.4647,0,,0,1,1,47,47,0,47.0,131080.0
197.2,75,100,90,0.0,5.4235,62.447,1.6964,150,0.9,0,14.928,11.532,23.227,72699,81772.0,6.5101,297.81,168.95,1.5338,10.0,,23,,1.0823,0.19401,,,1.4642,0,,0,1,1,47,47,0,47.0,132280.0
197.4,75,100,90,0.0,1.9347,18.734,93.499,150,0.9,0,15.11,11.522,23.201,72742,81827.0,6.5014,297.95,219.94,1.5332,10.0,,23,,1.0825,0.19401,,,1.4636,0,,0,1,1,47,47,0,47.0,131650.0
197.6,75,100,90,0.0,1.8905,63.073,9.3499,150,0.9,0,15.289,11.514,23.175,72786,81882.0,6.4932,297.82,173.91,1.5326,10.0,,23,,1.0939,0.19392,,,1.463,0,,0,1,1,47,47,0,47.0,131690.0
197.8,75,100,90,0.0,5.1477,18.922,174.7,150,0.9,0,15.471,11.525,23.149,72831,81937.0,6.489,298.18,297.55,1.532,10.0,,23,,1.101,0.19387,,,1.4625,0,,0,1,1,47,47,0,47.0,130890.0
198.0,75,100,90,0.0,10.036,135.35,17.47,150,0.9,0,15.652,11.541,23.123,72876,81994.0,6.491,297.96,223.08,1.5315,10.0,,23,,1.1069,0.19383,,,1.4619,0,,0,1,1,47,47,0,47.0,130090.0
198.2,75,100,90,0.0,14.121,65.792,1.747,150,0.9,0,15.827,11.553,23.096,72922,82051.0,6.4989,297.81,169.35,1.5309,10.0,,23,,1.1139,0.19378,,,1.4613,0,,0,1,1,47,47,0,47.0,130130.0
198.4,75,100,90,0.0,15.065,19.738,96.71,150,0.9,0,16.002,11.564,23.07,72969,82108.0,6.5077,297.96,222.89,1.5303,10.0,,23,,1.1091,0.19382,,,1.4608,0,,0,1,1,47,47,0,47.0,130830.0
198.6,75,100,90,0.0,12.509,66.529,9.671,150,0.9,0,16.181,11.551,23.043,73015,82165.0,6.5132,297.82,173.73,1.5297,10.0,,23,,1.1142,0.19378,,,1.4602,0,,0,1,1,47,47,0,47.0,130030.0
198.8,75,100,90,0.0,7.7401,19.959,182.48,150,0.9,0,16.359,11.54,23.017,73059,82221.0,6.5127,298.19,303.44,1.5291,10.0,,23,,1.1105,0.19381,,,1.4596,0,,0,1,1,47,47,0,47.0,130900.0
199.0,75,100,90,0.0,3.188,142.06,18.248,150,0.9,0,16.536,11.519,22.992,73103,82275.0,6.5061,297.97,223.98,1.5285,10.0,,23,,1.1167,0.19376,,,1.4591,0,,0,1,1,47,47,0,47.0,129930.0
199.2,75,100,90,0.0,1.3055,68.3,1.8248,150,0.9,0,16.711,11.521,22.966,73147,82330.0,6.4971,297.81,168.05,1.5279,10.0,,23,,1.1096,0.19382,,,1.4585,0,,0,1,1,47,47,0,47.0,129800.0
199.4,75,100,90,0.0,2.9998,20.49,98.235,150,0.9,0,16.887,11.52,22.941,73191,82385.0,6.4906,297.96,222.52,1.5273,10.0,,23,,1.1215,0.19373,,,1.4579,0,,0,1,1,47,47,0,47.0,130510.0
199.6,75,100,90,0.0,7.2737,67.96,9.8235,150,0.9,0,17.064,11.559,22.915,73236,82440.0,6.4896,297.82,173.43,1.5267,10.0,,23,,1.0985,0.1939,,,1.4573,0,,0,1,1,47,47,0,47.0,130040.0
199.8,75,100,90,0.0,11.956,20.388,184.38,150,0.9,0,17.24,11.57,22.889,73282,82497.0,6.4942,298.2,304.64,1.5261,10.0,,23,,1.1088,0.19383,,,1.4568,0,,0,1,1,47,47,0,47.0,129410.0
200.0,75,100,105,0.0,14.784,143.57,18.438,150,0.9,0,17.443,11.66,22.861,73331,82558.0,6.5016,297.97,224.36,1.5255,10.0,,23,,1.0851,0.194,,,1.4562,0,,0,1,1,47,47,0,47.0,129440.0
200.2,65,100,105,0.0,14.635,69.312,1.8438,250,0.9,0,17.639,11.866,22.828,73400,82640.0,6.5087,297.8,166.29,1.7388,10.0,,23,,1.0081,0.193,,,1.4394,0,,0,1,1,47,47,0,47.0,128940.0
200.4,65,100,105,0.0,11.672,20.793,101.41,250,0.9,0,17.837,11.841,22.795,73469,82720.0,6.5125,297.96,222.54,1.7526,10.0,,23,,1.0426,0.19267,,,1.4509,0,,0,1,1,47,47,0,47.0,128950.0
200.6,65,100,105,0.0,7.199,69.694,10.141,250,0.9,0,18.035,11.821,22.762,73537,82800.0,6.5104,297.82,174.07,1.7529,10.0,,23,,1.0552,0.19256,,,1.4512,0,,0,1,1,47,47,0,47.0,129120.0
200.8,65,100,105,0.0,3.585,20.908,186.1,250,0.9,0,18.231,11.808,22.73,73604,82879.0,6.5034,298.2,306.1,1.7523,10.0,,23,,1.0632,0.1925,,,1.4507,0,,0,1,1,47,47,0,47.0,128290.0
201.0,65,100,105,0.0,2.7609,144.45,18.61,250,0.9,0,18.429,11.806,22.698,73670,82958.0,6.4958,297.97,226.55,1.7516,10.0,,23,,1.069,0.19245,,,1.4501,0,,0,1,1,47,47,0,47.0,128290.0
201.2,65,100,105,0.0,4.9595,71.341,1.861,250,0.9,0,18.626,11.838,22.665,73738,83037.0,6.4912,297.81,169.02,1.7509,10.0,,23,,1.0522,0.19259,,,1.4495,0,,0,1,1,47,47,0,47.0,127970.0
201.4,65,100,105,0.0,8.9768,21.402,101.85,250,0.9,0,18.823,11.851,22.633,73806,83117.0,6.492,297.97,225.18,1.7502,10.0,,23,,1.0596,0.19253,,,1.4489,0,,0,1,1,47,47,0,47.0,128300.0
201.6,65,100,105,0.0,12.697,70.275,10.185,250,0.9,0,19.017,11.877,22.6,73875,83198.0,6.4977,297.83,174.56,1.7495,10.0,,23,,1.0543,0.19258,,,1.4483,0,,0,1,1,47,47,0,47.0,128980.0
201.8,65,100,105,0.0,14.119,21.082,187.69,250,0.9,0,19.211,11.899,22.567,73944,83279.0,6.5057,298.2,308.05,1.7488,10.0,,23,,1.0442,0.19267,,,1.4477,0,,0,1,1,47,47,0,47.0,128310.0
202.0,65,100,105,0.0,12.351,145.59,18.769,250,0.9,0,19.404,11.906,22.535,74013,83360.0,6.5107,297.98,230.53,1.7481,10.0,,23,,1.0362,0.19274,,,1.4471,0,,0,1,1,47,47,0,47.0,128150.0
202.2,65,100,105,0.0,8.6067,74.946,1.8769,250,0.9,0,19.598,11.897,22.502,74081,83440.0,6.5103,297.81,170.42,1.7473,10.0,,23,,1.0361,0.19274,,,1.4465,0,,0,1,1,47,47,0,47.0,128320.0
202.4,65,100,105,0.0,5.0199,22.484,108.17,250,0.9,0,19.794,11.89,22.47,74148,83519.0,6.5054,297.99,231.29,1.7466,10.0,,23,,1.0362,0.19274,,,1.4459,0,,0,1,1,47,47,0,47.0,126660.0
202.6,65,100,105,0.0,3.3994,75.911,10.817,250,0.9,0,19.989,11.877,22.439,74215,83598.0,6.4985,297.83,177.16,1.7459,10.0,,23,,1.0489,0.19263,,,1.4453,0,,0,1,1,47,47,0,47.0,126670.0
202.8,65,100,105,0.0,4.5297,22.773,197.67,250,0.9,0,20.18,11.9,22.407,74282,83677.0,6.4935,298.23,317.9,1.7452,10.0,,23,,1.0388,0.19272,,,1.4447,0,,0,1,1,47,47,0,47.0,128010.0
203.0,65,100,105,0.0,7.6634,154.12,19.767,250,0.9,0,20.371,11.917,22.375,74350,83756.0,6.4927,297.99,231.58,1.7445,10.0,,23,,1.0386,0.19273,,,1.4441,0,,0,1,1,47,47,0,47.0,127520.0
203.2,65,100,105,0.0,11.082,76.136,1.9767,250,0.9,0,20.565,11.94,22.343,74418,83837.0,6.496,297.82,170.56,1.7437,10.0,,23,,1.0345,0.19276,,,1.4435,0,,0,1,1,47,47,0,47.0,127190.0
203.4,65,100,105,0.0,13.191,22.841,103.76,250,0.9,0,20.758,11.976,22.31,74487,83918.0,6.5012,297.98,227.78,1.743,10.0,,23,,1.0128,0.19295,,,1.4429,0,,0,1,1,47,47,0,47.0,126870.0
203.6,65,100,105,0.0,13.23,72.535,10.376,250,0.9,0,20.952,11.974,22.278,74556,83999.0,6.5062,297.83,176.62,1.7423,10.0,,23,,1.0182,0.19291,,,1.4423,0,,0,1,1,47,47,0,47.0,126540.0
203.8,65,100,105,0.0,11.276,21.76,189.03,250,0.9,0,21.145,11.977,22.246,74624,84079.0,6.509,298.21,310.67,1.7415,10.0,,23,,1.0158,0.19293,,,1.4417,0,,0,1,1,47,47,0,47.0,126550.0
204.0,65,100,105,0.0,8.2157,145.95,18.903,250,0.9,0,21.338,11.972,22.215,74692,84159.0,6.5076,297.99,232.8,1.7408,10.0,3970.0,23,2721.4,1.0156,0.19293,22.343,24.182,1.4411,0,82.271,0,1,1,47,47,0,47.0,126230.0
204.2,65,100,105,0.0,5.7282,75.837,1.8903,250,0.9,0,21.528,11.963,22.183,74760,84238.0,6.5029,297.83,175.07,1.7401,10.0,,23,,1.0211,0.19288,,,1.4405,0,,0,1,1,47,47,0,47.0,126400.0
204.4,65,100,105,0.0,5.0851,22.751,104.01,250,0.9,0,21.717,11.958,22.152,74827,84317.0,6.4976,297.99,232.64,1.7393,10.0,,23,,1.0311,0.1928,,,1.4399,0,,0,1,1,47,47,0,47.0,125580.0
204.6,65,100,105,0.0,6.5799,72.973,10.401,250,0.9,0,21.902,11.975,22.121,74894,84397.0,6.4942,297.85,181.27,1.7386,10.0,,23,,1.0266,0.19284,,,1.4393,0,,0,1,1,47,47,0,47.0,125920.0
204.8,65,100,105,0.0,9.406,21.892,186.84,250,0.9,0,22.088,11.998,22.089,74962,84476.0,6.4942,298.21,312.65,1.7379,10.0,,23,,1.0211,0.19289,,,1.4387,0,,0,1,1,47,47,0,47.0,125600.0
205.0,65,100,105,0.0,12.255,143.47,18.684,250,0.9,0,22.271,12.033,22.057,75031,84557.0,6.4971,297.99,231.91,1.7371,10.0,,23,,1.0023,0.19305,,,1.438,0,,0,1,1,47,47,0,47.0,124940.0
205.2,65,100,105,0.0,13.914,71.159,1.8684,250,0.9,0,22.454,12.058,22.026,75100,84637.0,6.5022,297.82,173.09,1.7364,10.0,,23,,0.98774,0.19318,,,1.4374,0,,0,1,1,47,47,0,47.0,125450.0
205.4,65,100,105,0.0,13.547,21.348,99.249,250,0.9,0,22.639,12.072,21.994,75169,84718.0,6.5065,297.97,226.5,1.7356,10.0,,23,,0.9775,0.19327,,,1.4368,0,,0,1,1,47,47,0,47.0,125960.0
205.6,65,100,105,0.0,11.463,67.181,9.9249,250,0.9,0,22.821,12.072,21.963,75237,84798.0,6.5085,297.83,176.43,1.7349,10.0,,23,,0.9752,0.19329,,,1.4362,0,,0,1,1,47,47,0,47.0,125140.0
205.8,65,100,105,0.0,8.5858,20.154,179.3,250,0.9,0,23.003,12.086,21.932,75305,84878.0,6.5071,298.18,302.7,1.7342,10.0,,23,,0.95846,0.19344,,,1.4356,0,,0,1,1,47,47,0,47.0,124820.0
206.0,65,100,105,0.0,6.2728,135.78,17.93,250,0.9,0,23.184,12.082,21.901,75373,84957.0,6.5027,297.97,227.14,1.7334,10.0,,23,,0.95773,0.19345,,,1.4349,0,,0,1,1,47,47,0,47.0,125500.0
206.2,65,100,105,0.0,5.7426,67.799,1.793,250,0.9,0,23.364,12.088,21.87,75440,85036.0,6.4977,297.82,169.72,1.7327,10.0,,23,,0.95626,0.19346,,,1.4343,0,,0,1,1,47,47,0,47.0,124680.0
206.4,65,100,105,0.0,7.1935,20.34,100.09,250,0.9,0,23.548,12.112,21.839,75508,85115.0,6.4945,297.97,224.51,1.7319,10.0,,23,,0.94426,0.19357,,,1.4337,0,,0,1,1,47,47,0,47.0,123860.0
206.6,65,100,105,0.0,9.9107,66.899,10.009,250,0.9,0,23.73,12.141,21.809,75576,85195.0,6.4947,297.83,173.72,1.7312,10.0,,23,,0.93048,0.19369,,,1.4331,0,,0,1,1,47,47,0,47.0,123700.0
206.8,65,100,105,0.0,12.528,20.07,181.61,250,0.9,0,23.914,12.17,21.778,75644,85276.0,6.4978,298.18,300.99,1.7304,10.0,,23,,0.9171,0.1938,,,1.4324,0,,0,1,1,47,47,0,47.0,124880.0
207.0,65,100,105,0.0,13.901,135.89,18.161,250,0.9,0,24.097,12.173,21.746,75713,85356.0,6.5024,297.96,220.52,1.7296,10.0,,23,,0.92234,0.19376,,,1.4318,0,,0,1,1,47,47,0,47.0,124400.0
207.2,65,100,105,0.0,13.451,63.312,1.8161,250,0.9,0,24.283,12.194,21.716,75782,85437.0,6.5055,297.8,162.46,1.7289,10.0,,23,,0.90766,0.19389,,,1.4312,0,,0,1,1,47,47,0,47.0,123080.0
207.4,65,100,105,0.0,11.786,18.993,96.644,250,0.9,0,24.467,12.201,21.685,75851,85517.0,6.507,297.94,213.44,1.7281,10.0,,23,,0.89988,0.19396,,,1.4306,0,,0,1,1,47,47,0,47.0,123760.0
207.6,65,100,105,0.0,9.514,5.698,0.0001,250,0.9,0,24.652,12.195,21.654,75919,85597.0,6.506,297.86,183.97,1.7274,10.0,,23,,0.90327,0.19393,,,1.4299,0,,0,1,1,47,47,0,47.0,123770.0
207.8,65,100,105,0.0,7.6407,1.7094,94.106,250,0.9,0,24.839,12.169,21.624,75986,85677.0,6.5029,298.01,241.88,1.7266,10.0,,23,,0.92776,0.19372,,,1.4293,0,,0,1,1,47,47,0,47.0,123790.0
208.0,65,100,105,0.0,6.9926,51.828,9.4106,250,0.9,0,25.021,12.169,21.594,76054,85756.0,6.4993,297.89,195.83,1.7259,10.0,,23,,0.93459,0.19366,,,1.4287,0,,0,1,1,47,47,0,47.0,123300.0
208.2,65,100,105,0.0,7.7844,15.548,152.03,250,0.9,0,25.203,12.166,21.563,76121,85836.0,6.4968,298.17,297.75,1.7251,10.0,,23,,0.94758,0.19355,,,1.428,0,,0,1,1,47,47,0,47.0,122650.0
208.4,65,100,105,0.0,9.5964,108.84,15.203,250,0.9,0,25.383,12.18,21.533,76189,85915.0,6.4966,297.96,223.54,1.7243,10.0,,23,,0.94782,0.19355,,,1.4274,0,,0,1,1,47,47,0,47.0,122670.0
208.6,65,100,105,0.0,11.481,42.795,1.5203,250,0.9,0,25.562,12.189,21.503,76258,85995.0,6.4984,297.83,174.08,1.7236,10.0,,23,,0.95086,0.19352,,,1.4268,0,,0,1,1,47,47,0,47.0,123010.0
208.8,65,100,105,0.0,12.648,12.838,66.851,250,0.9,0,25.737,12.211,21.472,76326,86076.0,6.5011,297.9,201.32,1.7228,10.0,,23,,0.94076,0.19361,,,1.4261,0,,0,1,1,47,47,0,47.0,122530.0
209.0,65,100,105,0.0,12.717,3.8515,0.0001,250,0.9,0,25.911,12.214,21.442,76395,86156.0,6.504,297.83,172.89,1.722,10.0,,23,,0.94206,0.1936,,,1.4255,0,,0,1,1,47,47,0,47.0,122210.0
209.2,65,100,105,0.0,11.643,1.1555,80.758,250,0.9,0,26.085,12.221,21.412,76463,86236.0,6.5055,297.95,219.17,1.7213,10.0,,23,,0.9384,0.19364,,,1.4248,0,,0,1,1,47,47,0,47.0,121900.0
209.4,65,100,105,0.0,9.9692,38.834,8.0758,250,0.9,0,26.259,12.209,21.382,76532,86316.0,6.5055,297.84,179.48,1.7205,10.0,,23,,0.94964,0.19354,,,1.4242,0,,0,1,1,47,47,0,47.0,122910.0
209.6,65,100,105,0.0,8.3078,11.65,134.28,250,0.9,0,26.433,12.201,21.352,76599,86395.0,6.5038,298.09,268.13,1.7197,10.0,,23,,0.96001,0.19345,,,1.4236,0,,0,1,1,47,47,0,47.0,121760.0
209.8,65,100,105,0.0,7.2989,90.062,13.428,250,0.9,0,26.609,12.198,21.322,76667,86474.0,6.5014,297.9,201.81,1.7189,10.0,,23,,0.96691,0.19339,,,1.4229,0,,0,1,1,47,47,0,47.0,121780.0
210.0,65,100,105,0.0,7.2671,27.018,223.88,250,0.9,0,26.784,12.2,21.292,76734,86553.0,6.4986,298.34,360.88,1.7182,10.0,,23,,0.97261,0.19335,,,1.4223,0,,0,1,1,47,47,0,47.0,120970.0
210.2,65,100,105,0.0,8.3489,174.32,22.388,250,0.9,-4000,26.961,12.217,21.262,76103,85832.0,6.5251,298.04,252.39,1.7075,10.0,,23,,0.96485,0.19344,,,1.4134,0,,0,1,1,47,47,0,47.0,121490.0
210.4,65,100,105,0.0,0.0,81.365,2.2388,250,0.9,-4000,27.136,12.181,21.233,75470,85110.0,6.5416,297.84,180.62,1.6918,10.0,,23,,0.97143,0.19341,,,1.4003,0,,0,1,1,47,47,0,47.0,122170.0
210.6,65,100,105,0.0,0.0,24.409,97.916,250,0.9,-4000,27.316,12.197,21.203,74837,84388.0,6.5583,297.98,228.82,1.6757,10.0,,23,,0.95826,0.19355,,,1.3869,0,,0,1,1,47,47,0,47.0,121030.0
210.8,65,100,105,0.51857,0.0,66.275,9.7916,250,0.9,-4000,27.494,12.226,21.174,74205,83666.0,6.5747,297.82,172.81,1.6596,10.0,,23,,0.93181,0.19382,,,1.3736,0,,0,1,1,47,47,0,47.0,120210.0
211.0,65,100,105,1.0372,0.0,19.882,182.88,250,0.9,-4000,27.672,12.234,21.144,73572,82944.0,6.5905,298.18,300.04,1.6436,10.0,,23,,0.9259,0.1939,,,1.3602,0,,0,1,1,47,47,0,47.0,121560.0
211.2,65,100,105,1.5558,0.0,138.51,18.288,250,0.9,-4000,27.852,12.252,21.114,72940,82222.0,6.6057,297.91,204.99,1.6275,10.0,,23,,0.91065,0.19406,,,1.3469,0,,0,1,1,47,47,0,47.0,120750.0
211.4,65,100,105,2.0745,0.0,41.552,328.09,250,0.9,-4000,28.031,12.268,21.084,72308,81500.0,6.6204,298.61,446.89,1.6115,10.0,,23,,0.89936,0.19419,,,1.3335,0,,0,1,1,47,47,0,47.0,120930.0
211.6,65,100,105,2.5932,0.0,280.43,32.809,250,0.9,-4000,28.211,12.286,21.053,71675,80778.0,6.6344,298.09,269.65,1.5955,10.0,,23,,0.88348,0.19436,,,1.3202,0,,0,1,1,47,47,0,47.0,120610.0
211.8,65,100,105,3.1119,0.0,120.31,3.2809,250,0.9,-4000,28.39,12.294,21.023,71043,80056.0,6.6472,297.8,168.81,1.5796,10.0,,23,,0.87791,0.19444,,,1.307,0,,0,1,1,47,47,0,47.0,120130.0
212.0,65,100,105,3.6308,0.0,36.094,121.26,250,0.9,-4000,28.574,12.314,20.992,70412,79335.0,6.6589,297.98,229.72,1.5636,10.0,,23,,0.86294,0.1946,,,1.2937,0,,0,1,1,47,47,0,47.0,120640.0
212.2,65,100,105,4.1497,0.0,92.762,12.126,250,0.9,0,28.759,12.316,20.962,70479,79414.0,6.6315,297.75,155.41,1.5579,10.0,,23,,0.86291,0.19461,,,1.289,0,,0,1,1,47,47,0,47.0,119820.0
212.4,65,100,105,4.6737,0.0,27.829,253.04,250,0.9,0,28.947,12.318,20.931,70547,79492.0,6.6053,298.3,340.48,1.5568,10.0,,23,,0.87091,0.19454,,,1.2881,0,,0,1,1,47,47,0,47.0,120340.0
212.6,65,100,105,5.1956,0.0,209.62,25.304,250,0.9,0,29.134,12.336,20.9,70614,79571.0,6.5804,297.86,192.05,1.556,10.0,,23,,0.8614,0.19463,,,1.2874,0,,0,1,1,47,47,0,47.0,118850.0
212.8,65,100,105,5.7174,0.0,62.885,506.01,250,0.9,0,29.319,12.337,20.869,70682,79650.0,6.5567,298.99,573.42,1.5553,10.0,,23,,0.87023,0.19455,,,1.2868,0,,0,1,1,47,47,0,47.0,120690.0
213.0,65,100,105,6.2392,0.0,450.52,50.601,250,0.9,0,29.503,12.348,20.838,70749,79729.0,6.5336,298.11,276.33,1.5546,10.0,,23,,0.86622,0.19459,,,1.2862,0,,0,1,1,47,47,0,47.0,119540.0
213.2,65,100,105,0.0,0.0,176.16,5.0601,250,0.9,0,29.688,12.328,20.808,70816,79807.0,6.5207,297.7,137.55,1.5539,10.0,,23,,0.86852,0.19457,,,1.2856,0,,0,1,1,47,47,0,47.0,120060.0
213.4,65,100,105,0.0,0.0,52.849,138.75,250,0.9,0,29.874,12.324,20.778,70883,79885.0,6.5083,297.9,203.23,1.5532,10.0,,23,,0.87926,0.19448,,,1.285,0,,0,1,1,47,47,0,47.0,120070.0
213.6,65,100,105,0.0,0.0,15.855,0.0001,250,0.9,0,30.057,12.338,20.748,70949,79963.0,6.4964,297.79,167.47,1.5524,10.0,,23,,0.87308,0.19453,,,1.2844,0,,0,1,1,47,47,0,47.0,119590.0
213.8,65,100,105,0.0,1.9503,4.7564,137.49,250,0.9,0,30.237,12.353,20.717,71016,80041.0,6.4876,298.08,263.67,1.5517,10.0,,23,,0.87142,0.19455,,,1.2838,0,,0,1,1,47,47,0,47.0,118770.0
214.0,65,100,105,0.0,7.4136,95.556,13.749,250,0.9,0,30.414,12.391,20.687,71084,80120.0,6.4863,297.85,186.02,1.551,10.0,,23,,0.85832,0.19466,,,1.2832,0,,0,1,1,47,47,0,47.0,119290.0
214.2,65,100,105,0.0,13.402,28.667,265.57,250,0.9,0,30.592,12.417,20.656,71153,80201.0,6.4926,298.42,380.34,1.5502,10.0,,23,,0.8601,0.19465,,,1.2826,0,,0,1,1,47,47,0,47.0,119630.0
214.4,65,100,105,0.0,16.864,221.83,26.557,250,0.9,0,30.77,12.428,20.625,71223,80282.0,6.5039,297.97,227.98,1.5495,10.0,,23,,0.86658,0.1946,,,1.282,0,,0,1,1,47,47,0,47.0,118310.0
214.6,65,100,105,0.0,15.818,78.793,2.6557,250,0.9,0,30.949,12.417,20.594,71293,80363.0,6.5139,297.75,152.46,1.5488,10.0,,23,,0.87944,0.19449,,,1.2814,0,,0,1,1,47,47,0,47.0,117990.0
214.8,65,100,105,0.0,10.765,23.638,83.52,250,0.9,0,31.128,12.389,20.564,71362,80443.0,6.517,297.85,187.42,1.548,10.0,,23,,0.8968,0.19434,,,1.2808,0,,0,1,1,47,47,0,47.0,118010.0
215.0,65,100,105,0.0,4.4973,7.0914,0.0001,250,0.9,0,31.303,12.364,20.534,71429,80521.0,6.5112,297.76,157.42,1.5473,10.0,,23,,0.90666,0.19425,,,1.2802,0,,0,1,1,47,47,0,47.0,118030.0
215.2,65,100,105,0.0,0.55264,2.1274,106.31,250,0.9,0,31.48,12.357,20.504,71496,80599.0,6.5,297.97,227.37,1.5466,10.0,,23,,0.90766,0.19425,,,1.2796,0,,0,1,1,47,47,0,47.0,118380.0
215.4,65,100,105,0.0,1.0823,64.582,10.631,250,0.9,0,31.658,12.361,20.475,71563,80677.0,6.49,297.79,167.35,1.5458,10.0,,23,,0.91212,0.19421,,,1.2789,0,,0,1,1,47,47,0,47.0,117730.0
215.6,65,100,105,0.0,5.5886,19.375,209.81,250,0.9,0,31.835,12.385,20.445,71630,80756.0,6.4867,298.24,318.56,1.5451,10.0,,23,,0.91121,0.19422,,,1.2783,0,,0,1,1,47,47,0,47.0,117920.0
215.8,65,100,105,0.0,11.42,165.39,20.981,250,0.9,0,32.011,12.404,20.415,71699,80836.0,6.4908,297.9,202.53,1.5444,10.0,,23,,0.91824,0.19416,,,1.2777,0,,0,1,1,47,47,0,47.0,117930.0
216.0,65,100,105,0.0,15.607,49.618,398.25,250,0.9,0,32.186,12.434,20.384,71768,80917.0,6.4998,298.76,499.41,1.5436,10.0,4710.0,23,3018.5,0.9114,0.19422,20.504,22.888,1.2771,0,77.562,0,1,1,47,47,0,47.0,117950.0
216.2,65,100,105,0.0,16.172,347.06,39.825,250,0.9,0,32.363,12.451,20.354,71838,80997.0,6.5095,298.09,268.22,1.5429,10.0,,23,,0.90065,0.19431,,,1.2765,0,,0,1,1,47,47,0,47.0,116790.0
216.4,65,100,105,0.0,12.878,136.69,3.9825,250,0.9,0,32.537,12.461,20.324,71907,81078.0,6.5151,297.75,150.93,1.5421,10.0,,23,,0.88341,0.19447,,,1.2759,0,,0,1,1,47,47,0,47.0,116310.0
216.6,65,100,105,0.0,7.3655,41.008,121.3,250,0.9,0,32.714,12.453,20.294,71975,81157.0,6.5128,297.91,207.65,1.5414,10.0,,23,,0.87772,0.19452,,,1.2752,0,,0,1,1,47,47,0,47.0,116170.0
216.8,65,100,105,0.0,2.7741,12.302,0.0001,250,0.9,0,32.888,12.442,20.265,72042,81235.0,6.5044,297.81,173.84,1.5406,10.0,,23,,0.87759,0.19452,,,1.2746,0,,0,1,1,47,47,0,47.0,116190.0
217.0,65,100,105,0.0,1.552,3.6907,120.28,250,0.9,0,33.065,12.449,20.236,72109,81313.0,6.4946,298.05,254.94,1.5399,10.0,,23,,0.87418,0.19455,,,1.274,0,,0,1,1,47,47,0,47.0,116370.0
217.2,65,100,105,0.0,4.2298,78.698,12.028,250,0.9,0,33.24,12.472,20.206,72176,81392.0,6.4884,297.85,186.1,1.5391,10.0,,23,,0.86533,0.19463,,,1.2734,0,,0,1,1,47,47,0,47.0,115730.0
217.4,65,100,105,0.0,9.3651,23.609,227.59,250,0.9,0,33.417,12.521,20.177,72244,81472.0,6.4889,298.32,349.94,1.5384,10.0,,23,,0.84105,0.19484,,,1.2728,0,,0,1,1,47,47,0,47.0,117080.0
217.6,65,100,105,0.0,14.309,183.32,22.759,250,0.9,0,33.593,12.545,20.147,72314,81552.0,6.4948,297.94,218.89,1.5376,10.0,,23,,0.83751,0.19487,,,1.2721,0,,0,1,1,47,47,0,47.0,115270.0
217.8,65,100,105,0.0,16.908,54.996,426.93,250,0.9,0,33.77,12.567,20.117,72383,81633.0,6.5047,298.86,536.45,1.5369,10.0,,23,,0.83234,0.19492,,,1.2715,0,,0,1,1,47,47,0,47.0,115450.0
218.0,65,100,105,0.0,15.515,372.8,42.693,250,0.9,0,33.948,12.561,20.087,72453,81714.0,6.513,298.15,290.85,1.5361,10.0,,23,,0.83683,0.19488,,,1.2709,0,,0,1,1,47,47,0,47.0,114800.0
218.2,65,100,105,0.0,10.839,153.34,4.2693,250,0.9,0,34.121,12.546,20.057,72521,81794.0,6.5153,297.8,168.09,1.5354,10.0,,23,,0.84149,0.19484,,,1.2703,0,,0,1,1,47,47,0,47.0,115490.0
218.4,65,100,105,0.0,5.2427,46.001,122.34,250,0.9,0,34.292,12.529,20.029,72589,81872.0,6.5099,297.96,224.11,1.5346,10.0,,23,,0.84669,0.1948,,,1.2696,0,,0,1,1,47,47,0,47.0,116180.0
218.6,65,100,105,0.0,1.8096,96.904,12.234,250,0.9,0,34.469,12.524,20.0,72655,81951.0,6.5002,297.74,147.01,1.5339,10.0,,23,,0.84662,0.1948,,,1.269,0,,0,1,1,47,47,0,47.0,115200.0
218.8,65,100,105,0.0,2.2663,29.071,256.29,250,0.9,0,34.647,12.52,19.971,72722,82029.0,6.4914,298.28,334.11,1.5331,10.0,,23,,0.85896,0.19469,,,1.2684,0,,0,1,1,47,47,0,47.0,115720.0
219.0,65,100,105,0.0,6.209,206.88,25.629,250,0.9,0,34.821,12.529,19.942,72790,82108.0,6.4879,297.88,194.6,1.5323,10.0,,23,,0.8699,0.1946,,,1.2677,0,,0,1,1,47,47,0,47.0,114910.0
219.2,65,100,105,0.0,11.535,62.065,486.88,250,0.9,0,34.995,12.554,19.913,72858,82188.0,6.4914,298.93,561.88,1.5316,10.0,,23,,0.87226,0.19458,,,1.2671,0,,0,1,1,47,47,0,47.0,115430.0
219.4,65,100,105,0.0,15.469,424.8,48.688,250,0.9,0,35.168,12.572,19.883,72928,82268.0,6.4993,298.13,281.69,1.5308,10.0,,23,,0.87206,0.19459,,,1.2665,0,,0,1,1,47,47,0,47.0,114290.0
219.6,65,100,105,0.0,16.267,174.11,4.8688,250,0.9,0,35.343,12.583,19.854,72997,82349.0,6.5077,297.72,139.14,1.5301,10.0,,23,,0.86836,0.19462,,,1.2658,0,,0,1,1,47,47,0,47.0,114140.0
219.8,65,100,105,0.0,13.708,52.234,152.01,250,0.9,0,35.515,12.573,19.825,73066,82430.0,6.5137,297.94,216.63,1.5293,10.0,,23,,0.8759,0.19456,,,1.2652,0,,0,1,1,47,47,0,47.0,114830.0
220.0,65,100,90,0.0,8.7542,15.67,0.0001,250,0.9,0,35.665,12.489,19.798,73131,82505.0,6.5137,297.84,180.75,1.5285,9.0,,23,,0.89553,0.19439,,,1.2646,0,,0,1,1,47,47,0,47.0,114190.0
220.2,65,100,90,0.0,3.8208,4.7011,134.58,250,0.9,0,35.817,12.479,19.77,73195,82580.0,6.5069,298.1,274.06,1.5278,9.0,,23,,0.89893,0.19436,,,1.2639,0,,0,1,1,47,47,0,47.0,113560.0
220.4,65,100,90,0.0,1.6158,91.54,13.458,250,0.9,0,35.968,12.468,19.743,73259,82653.0,6.4973,297.88,196.7,1.527,9.0,,23,,0.90772,0.19428,,,1.2633,0,,0,1,1,47,47,0,47.0,113420.0
220.6,65,100,90,0.0,3.2321,27.462,248.05,250,0.9,0,36.117,12.487,19.715,73322,82728.0,6.4901,298.39,375.6,1.5262,9.0,,23,,0.90283,0.19433,,,1.2626,0,,0,1,1,47,47,0,47.0,113450.0
220.8,65,100,90,0.0,7.7141,201.15,24.805,250,0.9,0,36.262,12.508,19.688,73387,82802.0,6.4886,298.0,236.35,1.5254,9.0,,23,,0.9012,0.19434,,,1.262,0,,0,1,1,47,47,0,47.0,113810.0
221.0,65,100,90,0.0,12.788,74.917,2.4805,250,0.9,0,36.404,12.528,19.66,73453,82878.0,6.4934,297.79,164.06,1.5247,9.0,,23,,0.90353,0.19433,,,1.2614,0,,0,1,1,47,47,0,47.0,114670.0
221.2,65,100,90,0.0,15.912,22.475,79.237,250,0.9,0,36.545,12.558,19.632,73519,82955.0,6.5026,297.88,196.26,1.5239,9.0,,23,,0.8907,0.19444,,,1.2607,0,,0,1,1,47,47,0,47.0,113870.0
221.4,65,100,90,0.0,15.364,6.7426,0.0001,250,0.9,0,36.684,12.574,19.604,73585,83031.0,6.5108,297.8,166.33,1.5231,9.0,,23,,0.87779,0.19455,,,1.2601,0,,0,1,1,47,47,0,47.0,113560.0
221.6,65,100,90,0.0,11.555,2.0228,95.82,250,0.9,0,36.822,12.576,19.577,73651,83106.0,6.5133,297.97,226.65,1.5223,9.0,,23,,0.86825,0.19464,,,1.2594,0,,0,1,1,47,47,0,47.0,112590.0
221.8,65,100,90,0.0,6.7581,54.284,9.582,250,0.9,0,36.959,12.563,19.55,73715,83181.0,6.5098,297.82,173.05,1.5215,9.0,,23,,0.87077,0.19462,,,1.2588,0,,0,1,1,47,47,0,47.0,112290.0
222.0,65,100,90,0.0,3.3859,16.285,179.64,250,0.9,0,37.093,12.567,19.523,73779,83254.0,6.5022,298.17,298.95,1.5208,9.0,,23,,0.86344,0.19468,,,1.2581,0,,0,1,1,47,47,0,47.0,112160.0
222.2,65,100,90,0.0,3.0478,133.96,17.964,250,0.9,0,37.224,12.557,19.496,73843,83328.0,6.4946,297.87,192.99,1.52,9.0,,23,,0.87586,0.19457,,,1.2575,0,,0,1,1,47,47,0,47.0,113020.0
222.4,65,100,90,0.0,5.7273,40.189,338.96,250,0.9,0,37.356,12.567,19.469,73907,83401.0,6.4907,298.58,442.79,1.5192,9.0,,23,,0.88422,0.1945,,,1.2568,0,,0,1,1,47,47,0,47.0,112220.0
222.6,65,100,90,0.0,9.9693,282.16,33.896,250,0.9,0,37.491,12.592,19.441,73972,83476.0,6.4922,298.01,240.38,1.5184,9.0,,23,,0.87812,0.19456,,,1.2562,0,,0,1,1,47,47,0,47.0,113250.0
222.8,65,100,90,0.0,13.595,100.75,3.3896,250,0.9,0,37.625,12.611,19.414,74038,83552.0,6.4976,297.74,144.51,1.5176,9.0,,23,,0.87622,0.19458,,,1.2555,0,,0,1,1,47,47,0,47.0,112620.0
223.0,65,100,90,0.0,15.063,30.225,91.423,250,0.9,0,37.758,12.617,19.387,74104,83628.0,6.5051,297.84,181.13,1.5168,9.0,,23,,0.88081,0.19454,,,1.2549,0,,0,1,1,47,47,0,47.0,112650.0
223.2,65,100,90,0.0,13.535,9.0676,0.0001,250,0.9,0,37.89,12.622,19.36,74170,83704.0,6.5104,297.75,149.35,1.5161,9.0,,23,,0.8769,0.19457,,,1.2542,0,,0,1,1,47,47,0,47.0,111850.0
223.4,65,100,90,0.0,9.9133,2.7203,111.81,250,0.9,0,38.023,12.609,19.333,74235,83778.0,6.5104,297.96,223.73,1.5153,9.0,,23,,0.88418,0.19451,,,1.2535,0,,0,1,1,47,47,0,47.0,112040.0
223.6,65,100,90,0.0,6.3052,66.525,11.181,250,0.9,0,38.153,12.611,19.307,74299,83853.0,6.5061,297.78,161.39,1.5145,9.0,,23,,0.87744,0.19457,,,1.2529,0,,0,1,1,47,47,0,47.0,112250.0
223.8,65,100,90,0.0,4.4095,19.957,214.89,250,0.9,0,38.283,12.609,19.28,74363,83926.0,6.4996,298.22,316.31,1.5137,9.0,,23,,0.87994,0.19455,,,1.2522,0,,0,1,1,47,47,0,47.0,112450.0
224.0,65,100,90,0.0,5.0883,163.93,21.489,250,0.9,0,38.41,12.626,19.253,74427,84000.0,6.4945,297.87,192.16,1.5129,9.0,,23,,0.87113,0.19463,,,1.2516,0,,0,1,1,47,47,0,47.0,111480.0
224.2,65,100,90,0.0,7.7927,49.178,403.74,250,0.9,0,38.536,12.637,19.227,74492,84074.0,6.4934,298.72,493.46,1.5121,9.0,,23,,0.87539,0.19459,,,1.2509,0,,0,1,1,47,47,0,47.0,111180.0
224.4,65,100,90,0.0,10.946,339.65,40.374,250,0.9,0,38.657,12.662,19.2,74557,84148.0,6.4966,298.04,252.39,1.5113,9.0,,23,,0.86539,0.19468,,,1.2502,0,,0,1,1,47,47,0,47.0,110550.0
224.6,65,100,90,0.0,12.812,126.33,4.0374,250,0.9,0,38.775,12.669,19.173,74622,84223.0,6.5022,297.72,139.32,1.5105,9.0,,23,,0.8684,0.19466,,,1.2496,0,,0,1,1,47,47,0,47.0,111580.0
224.8,65,100,90,0.0,12.453,37.899,107.3,250,0.9,0,38.893,12.668,19.146,74688,84298.0,6.5077,297.85,184.76,1.5097,9.0,,23,,0.87514,0.1946,,,1.2489,0,,0,1,1,47,47,0,47.0,111780.0
225.0,65,100,90,0.0,9.9001,11.37,0.0001,250,0.9,0,39.008,12.643,19.12,74753,84372.0,6.5087,297.76,151.28,1.5089,9.0,,23,,0.89783,0.19441,,,1.2482,0,,0,1,1,47,47,0,47.0,110650.0
225.2,65,100,90,0.0,6.9406,3.4109,119.9,250,0.9,0,39.124,12.634,19.094,74817,84446.0,6.5058,297.99,232.38,1.5081,9.0,,23,,0.90663,0.19433,,,1.2476,0,,0,1,1,47,47,0,47.0,111020.0
225.4,65,100,90,0.0,5.147,73.477,11.99,250,0.9,0,39.24,12.637,19.068,74881,84519.0,6.5008,297.8,167.12,1.5073,9.0,,23,,0.90472,0.19435,,,1.2469,0,,0,1,1,47,47,0,47.0,111720.0
225.6,65,100,90,0.0,5.372,22.043,224.7,250,0.9,0,39.357,12.657,19.041,74945,84592.0,6.4961,298.26,329.38,1.5065,9.0,,23,,0.89264,0.19446,,,1.2462,0,,0,1,1,47,47,0,47.0,110590.0
225.8,65,100,90,0.0,7.4686,172.7,22.47,250,0.9,0,39.475,12.681,19.015,75010,84666.0,6.4941,297.91,205.01,1.5057,9.0,,23,,0.87965,0.19457,,,1.2456,0,,0,1,1,47,47,0,47.0,110290.0
226.0,65,100,90,0.0,10.34,51.81,408.87,250,0.9,0,39.593,12.7,18.989,75075,84740.0,6.4953,298.76,509.48,1.5048,9.0,,23,,0.87614,0.1946,,,1.2449,0,,0,1,1,47,47,0,47.0,110830.0
226.2,65,100,90,0.0,12.714,344.54,40.887,250,0.9,0,39.708,12.723,18.962,75140,84815.0,6.4995,298.11,275.45,1.504,9.0,,23,,0.8651,0.1947,,,1.2442,0,,0,1,1,47,47,0,47.0,109530.0
226.4,65,100,90,0.0,13.424,141.2,4.0887,250,0.9,0,39.821,12.736,18.936,75206,84890.0,6.5046,297.77,155.45,1.5032,9.0,,23,,0.85895,0.19475,,,1.2435,0,,0,1,1,47,47,0,47.0,109560.0
226.6,65,100,90,0.0,12.096,42.361,124.02,250,0.9,0,39.934,12.75,18.91,75271,84964.0,6.509,297.93,213.9,1.5024,9.0,,23,,0.84653,0.19486,,,1.2429,0,,0,1,1,47,47,0,47.0,110270.0
226.8,65,100,90,0.0,9.0333,12.708,0.0001,250,0.9,0,40.048,12.75,18.884,75336,85038.0,6.509,297.84,179.06,1.5016,9.0,,23,,0.84239,0.1949,,,1.2422,0,,0,1,1,47,47,0,47.0,109970.0
227.0,65,100,90,0.0,5.9776,3.8125,115.1,250,0.9,0,40.16,12.746,18.858,75400,85111.0,6.5047,298.05,255.16,1.5008,9.0,,23,,0.84214,0.1949,,,1.2415,0,,0,1,1,47,47,0,47.0,109670.0
227.2,65,100,90,0.0,4.627,71.498,11.51,250,0.9,0,40.273,12.74,18.832,75464,85184.0,6.4988,297.87,192.24,1.5,9.0,,23,,0.85001,0.19484,,,1.2408,0,,0,1,1,47,47,0,47.0,109710.0
227.4,65,100,90,0.0,5.6181,21.449,202.13,250,0.9,0,40.39,12.764,18.807,75528,85258.0,6.4943,298.27,334.69,1.4991,9.0,,23,,0.83757,0.19495,,,1.2401,0,,0,1,1,47,47,0,47.0,109420.0
227.6,65,100,90,0.0,8.3962,154.59,20.213,250,0.9,0,40.508,12.79,18.781,75593,85332.0,6.4934,297.97,225.85,1.4983,9.0,,23,,0.82433,0.19506,,,1.2395,0,,0,1,1,47,47,0,47.0,108620.0
227.8,65,100,90,0.0,11.537,57.487,2.0213,250,0.9,0,40.628,12.811,18.755,75658,85406.0,6.497,297.8,163.66,1.4975,9.0,,23,,0.81743,0.19512,,,1.2388,0,,0,1,1,47,47,0,47.0,109160.0
228.0,65,100,90,0.0,13.25,17.246,74.664,250,0.9,0,40.748,12.818,18.729,75724,85482.0,6.5026,297.88,194.18,1.4967,9.0,5370.4,23,3277.5,0.82076,0.1951,18.832,21.684,1.2381,0,72.718,0,1,1,47,47,0,47.0,108700.0
