time,aeration_rate,agitator,sugar_feed_rate,acid_flow_rate,base_flow_rate,heating/cooling_water_flow_rate,heating_water_flow_rate,water_for_injection/dilution,air_head_pressure,dumped_broth_flow,substrate_concentration,dissolved_oxygen_concentration,penicillin_concentration,vessel_volume,vessel_weight,pH,temperature,generated_heat,CO2_percent_in_off_gas,PAA_flow,PAA_concentration,oil_flow,NH3_concentration,oxygen_uptake_rate,oxygen_in_percent_in_off_gas,offline_penicillin_concentration,offline_biomass_concentration,carbon_evolution_rate,ammonia_shots,viscosity,Fault reference(Fault_ref:Fault ref),0 - Recipe driven 1 - Operator controlled(Control_ref:Control ref),1- No Raman spec, 1-Raman spec recorded,2-PAT control(PAT_ref:PAT ref),Batch reference(Batch_ref:Batch ref),experiment_ID,Fault flag
0.2,30,100,8,0.0,26.474,0.0001,229.84,0,0.6,0,1.0861,14.703,0.001,57862,61188.0,6.4517,297.66,215.45,0.095362,5.0,,22,,-0.12433,0.2073,,,0.03627,0,,0,0,1,13,13,0,13.0,0.0
0.4,30,100,8,0.0,45.81,0.0001,67.958,0,0.6,0,1.1331,14.7,0.00099938,57869,61199.0,6.491,297.88,274.23,0.10858,5.0,,22,,-0.088177,0.20661,,,0.0413,0,,0,0,1,13,13,0,13.0,0.0
0.6,30,100,8,0.0,49.805,0.0001,0.0001,0,0.6,0,1.1788,14.687,0.00099874,57876,61210.0,6.5377,297.86,269.05,0.11282,5.0,,22,,-0.074606,0.20635,,,0.042911,0,,0,0,1,13,13,0,13.0,0.0
0.8,30,100,8,0.0,35.234,0.0001,88.715,0,0.6,0,1.2233,14.658,0.00099815,57881,61219.0,6.5682,298.16,347.75,0.11526,5.0,,22,,-0.059723,0.20606,,,0.04384,0,,0,0,1,13,13,0,13.0,0.0
1.0,30,100,8,0.51828,17.617,96.926,8.8715,0,0.6,0,1.2664,14.64,0.00099762,57881,61225.0,6.5737,298.06,322.59,0.1174,5.0,1455.8,22,1741.5,-0.049867,0.20588,0.001,0.58631,0.044653,0,4.086,0,0,1,13,13,0,13.0,0.0
1.2,30,100,8,1.039,8.8085,68.005,0.88715,0,0.6,0,1.308,14.616,0.00099712,57881,61229.0,6.5632,297.98,300.27,0.11954,5.0,,22,,-0.03855,0.20566,,,0.045467,0,,0,0,1,13,13,0,13.0,0.0
1.4,30,100,8,1.5606,4.4042,42.137,0.088715,0,0.6,0,1.3481,14.601,0.00099664,57879,61232.0,6.5442,297.92,285.2,0.12174,5.0,,22,,-0.030809,0.20551,,,0.046306,0,,0,0,1,13,13,0,13.0,0.0
1.6,30,100,8,0.0,0.0,12.641,53.708,0,0.6,0,1.3867,14.571,0.00099617,57877,61233.0,6.5209,298.09,330.0,0.12403,5.0,,22,,-0.01751,0.20526,,,0.047177,0,,0,0,1,13,13,0,13.0,0.0
1.8,30,100,8,0.0,0.0,68.197,5.3708,0,0.6,0,1.4235,14.551,0.0009957,57874,61235.0,6.4987,298.04,316.45,0.12642,5.0,,22,,-0.0076112,0.20507,,,0.048084,0,,0,0,1,13,13,0,13.0,0.0
2.0,30,100,8,0.0,1.019,52.772,0.53708,0,0.6,0,1.4584,14.53,0.00099523,57871,61237.0,6.4793,297.99,303.23,0.12889,5.0,,22,,0.0023096,0.20488,,,0.049027,0,,0,0,1,13,13,0,13.0,0.0
2.2,30,100,8,0.0,9.8308,37.51,0.053708,0,0.6,0,1.4913,14.519,0.00099473,57871,61241.0,6.4741,297.95,293.72,0.13148,5.0,,22,,0.0068015,0.20479,,,0.05001,0,,0,0,1,13,13,0,13.0,21904.0
2.4,30,100,8,0.0,20.682,25.18,0.0053708,0,0.6,0,1.5222,14.498,0.00099419,57872,61247.0,6.4863,297.93,287.8,0.13417,5.0,,22,,0.015065,0.20463,,,0.051034,0,,0,0,1,13,13,0,13.0,20899.0
2.6,30,100,8,0.0,26.644,7.5539,36.518,0,0.6,0,1.551,14.476,0.00099363,57875,61254.0,6.5047,298.06,321.41,0.13696,5.0,,22,,0.02425,0.20446,,,0.052096,0,,0,0,1,13,13,0,13.0,22227.0
2.8,30,100,8,0.0,25.278,48.708,3.6518,0,0.6,0,1.5782,14.43,0.00099307,57877,61261.0,6.5196,298.03,313.33,0.13985,5.0,,22,,0.04444,0.20407,,,0.053196,0,,0,0,1,13,13,0,13.0,20723.0
3.0,30,100,8,0.0,17.975,39.475,0.36518,0,0.6,0,1.6035,14.405,0.00099255,57878,61266.0,6.5221,298.0,304.86,0.14284,5.0,,22,,0.057954,0.20382,,,0.054334,0,,0,0,1,13,13,0,13.0,21718.0
3.2,30,100,15,0.0,9.6824,29.776,0.036518,0,0.6,0,1.642,14.378,0.00099202,57879,61272.0,6.5114,297.97,299.1,0.14593,5.0,,22,,0.070024,0.20358,,,0.055511,0,,0,0,1,13,13,0,13.0,22546.0
3.4,30,100,15,0.0,5.7035,22.408,0.0036518,0,0.6,0,1.6788,14.337,0.00099151,57879,61277.0,6.4945,297.96,296.52,0.14913,5.0,,22,,0.087906,0.20324,,,0.056729,0,,0,0,1,13,13,0,13.0,22208.0
3.6,30,100,15,0.0,8.459,18.273,0.00036518,0,0.6,0,1.7137,14.297,0.000991,57879,61282.0,6.4823,297.96,296.07,0.15245,5.0,,22,,0.10677,0.20288,,,0.05799,0,,0,0,1,13,13,0,13.0,21703.0
3.8,30,100,15,0.0,16.047,16.435,0.0001,0,0.6,0,1.7462,14.262,0.00099045,57881,61289.0,6.4813,297.97,297.05,0.15589,5.0,,22,,0.12334,0.20257,,,0.059298,0,,0,0,1,13,13,0,13.0,21199.0
4.0,30,100,15,0.0,23.995,16.333,0.0001,0,0.6,0,1.7753,14.222,0.00098988,57885,61298.0,6.4903,297.97,298.98,0.15945,5.0,,22,,0.14197,0.20221,,,0.060655,0,,0,0,1,13,13,0,13.0,22194.0
4.2,30,100,15,0.0,28.372,17.563,0.0001,0,0.6,0,1.8297,14.194,0.00098929,57889,61309.0,6.5046,297.98,301.06,0.16313,5.0,,30,,0.15068,0.20204,,,0.062055,0,,0,0,1,13,13,0,13.0,21522.0
4.4,30,100,15,0.0,27.017,19.219,0.0001,0,0.6,0,1.8813,14.162,0.00098871,57893,61319.0,6.5173,297.99,303.41,0.16694,5.0,,30,,0.16264,0.20181,,,0.063503,0,,0,0,1,13,13,0,13.0,21684.0
4.6,30,100,15,0.0,20.608,21.525,0.0001,0,0.6,0,1.9299,14.116,0.00098815,57896,61329.0,6.5195,298.0,306.54,0.17088,5.0,,30,,0.18135,0.20145,,,0.065004,0,,0,0,1,13,13,0,13.0,22679.0
4.8,30,100,15,0.0,13.349,25.165,0.0001,0,0.6,0,1.977,14.083,0.00098762,57898,61336.0,6.5104,298.01,309.79,0.17495,5.0,,30,,0.19614,0.20116,,,0.066551,0,,0,0,1,13,13,0,13.0,21507.0
5.0,30,100,15,0.0,9.762,29.364,0.0001,0,0.6,0,2.0212,14.056,0.0009871,57898,61343.0,6.4955,298.03,313.44,0.17915,5.0,,30,,0.20637,0.20096,,,0.06815,0,,0,0,1,13,13,0,13.0,21336.0
5.2,30,100,15,0.0,12.109,34.545,0.0001,0,0.6,0,2.0638,14.031,0.00098658,57898,61350.0,6.4847,298.04,316.76,0.18347,0.0,,30,,0.21542,0.20078,,,0.069797,0,,0,0,1,13,13,0,13.0,21164.0
5.4,30,100,15,0.0,18.749,39.797,0.0001,0,0.6,0,2.1022,13.991,0.00098605,57900,61358.0,6.4826,298.05,319.44,0.18794,0.0,,30,,0.22959,0.20051,,,0.071498,0,,0,0,1,13,13,0,13.0,22659.0
5.6,30,100,15,0.0,26.201,44.697,0.0001,0,0.6,0,2.1379,13.953,0.00098548,57903,61367.0,6.4901,298.06,322.88,0.19257,0.0,,30,,0.24442,0.20022,,,0.073259,0,,0,0,1,13,13,0,13.0,21488.0
5.8,30,100,15,0.0,30.67,50.988,0.0001,0,0.6,0,2.1695,13.924,0.00098491,57907,61378.0,6.5039,298.08,326.25,0.19736,0.0,,30,,0.2547,0.20001,,,0.075083,0,,0,0,1,13,13,0,13.0,22316.0
6.0,30,100,15,0.0,29.605,57.638,0.0001,0,0.6,0,2.1983,13.882,0.00098433,57910,61388.0,6.5147,298.09,328.79,0.20232,0.0,,30,,0.26942,0.19973,,,0.076969,0,,0,0,1,13,13,0,13.0,22144.0
6.2,30,100,15,0.0,24.243,63.688,0.0001,0,0.6,0,2.2236,13.833,0.00098378,57913,61397.0,6.5163,298.09,330.01,0.20744,0.0,,30,,0.28782,0.19937,,,0.078919,0,,0,0,1,13,13,0,13.0,21473.0
6.4,30,100,15,0.0,18.29,68.418,0.0001,0,0.6,0,2.2451,13.793,0.00098325,57914,61404.0,6.5088,298.1,331.72,0.21276,0.0,,30,,0.3022,0.19909,,,0.080944,0,,0,0,1,13,13,0,13.0,21967.0
6.6,30,100,15,0.0,15.315,73.98,0.0001,0,0.6,0,2.2625,13.74,0.00098272,57915,61412.0,6.4962,298.11,334.09,0.21829,0.0,,30,,0.32079,0.19873,,,0.083048,0,,0,0,1,13,13,0,13.0,21129.0
6.8,30,100,15,0.0,17.369,80.635,0.0001,0,0.6,0,2.2764,13.694,0.00098219,57916,61419.0,6.4858,298.11,336.27,0.22401,0.0,,30,,0.33826,0.19838,,,0.085228,0,,0,0,1,13,13,0,13.0,21624.0
7.0,30,100,15,0.0,23.554,87.351,0.0001,0,0.6,0,2.2856,13.642,0.00098164,57919,61428.0,6.4835,298.13,339.8,0.22993,0.0,,30,,0.35798,0.198,,,0.087479,0,,0,0,1,13,13,0,13.0,21285.0
7.2,30,100,15,0.0,30.662,96.125,0.0001,0,0.6,0,2.2907,13.591,0.00098106,57922,61438.0,6.4861,298.13,341.0,0.23602,0.0,,30,,0.37722,0.19762,,,0.0898,0,,0,0,1,13,13,0,13.0,21114.0
7.4,30,100,15,0.0,36.733,102.35,0.0001,0,0.6,0,2.2916,13.532,0.00098046,57927,61450.0,6.4941,298.14,343.03,0.24231,0.0,,30,,0.3998,0.19718,,,0.092193,0,,0,0,1,13,13,0,13.0,21442.0
7.6,30,100,15,0.0,39.596,109.87,0.0001,0,0.6,0,2.2886,13.475,0.00097985,57933,61462.0,6.5014,298.14,343.69,0.2488,0.0,,30,,0.42145,0.19676,,,0.094664,0,,0,0,1,13,13,0,13.0,21937.0
7.8,30,100,15,0.0,39.556,115.9,0.0001,0,0.6,0,2.2806,13.404,0.00097925,57939,61474.0,6.5071,298.14,344.4,0.25551,0.0,,30,,0.44829,0.19624,,,0.097218,0,,0,0,1,13,13,0,13.0,21265.0
8.0,30,100,15,0.0,37.253,122.1,0.0001,0,0.6,0,2.2685,13.35,0.00097865,57944,61485.0,6.5076,298.15,345.28,0.26243,0.0,,30,,0.46944,0.19582,,,0.099852,0,,0,0,1,13,13,0,13.0,22260.0
8.2,42,100,15,0.0,34.751,128.64,0.0001,0,0.6,0,2.2521,13.468,0.00097806,57948,61497.0,6.5066,298.15,345.5,0.21006,0.0,,30,,0.43851,0.19889,,,0.11188,0,,0,0,1,13,13,0,13.0,22421.0
8.4,42,100,15,0.0,32.621,134.43,0.0001,0,0.6,0,2.2309,13.408,0.00097748,57953,61507.0,6.5048,298.15,344.57,0.20893,0.0,,30,,0.42624,0.19905,,,0.11128,0,,0,0,1,13,13,0,13.0,20916.0
8.6,42,100,15,0.0,31.235,138.8,0.0001,0,0.6,0,2.2045,13.358,0.00097691,57956,61517.0,6.5005,298.14,344.09,0.21365,0.0,,30,,0.43881,0.19887,,,0.11379,0,,0,0,1,13,13,0,13.0,21077.0
8.8,42,100,15,0.0,31.564,143.65,0.0001,0,0.6,0,2.1727,13.288,0.00097633,57960,61528.0,6.4962,298.15,345.62,0.21916,0.0,,30,,0.46617,0.19849,,,0.11673,0,,0,0,1,13,13,0,13.0,22572.0
9.0,42,100,15,0.0,33.612,151.0,0.0001,0,0.6,0,2.1375,13.25,0.00097575,57965,61539.0,6.4924,298.16,348.36,0.22491,0.0,,30,,0.47702,0.19834,,,0.1198,0,,0,0,1,13,13,0,13.0,21733.0
9.2,42,100,15,0.0,37.172,160.08,0.0001,0,0.6,0,2.097,13.174,0.00097515,57970,61550.0,6.4909,298.16,348.56,0.23083,0.0,,30,,0.50794,0.19791,,,0.12295,0,,0,0,1,13,13,0,13.0,21894.0
9.4,42,100,15,0.0,41.338,166.23,0.0001,0,0.6,0,2.0522,13.11,0.00097454,57976,61563.0,6.4926,298.17,351.15,0.23694,0.0,,30,,0.53388,0.19754,,,0.12621,0,,0,0,1,13,13,0,13.0,21722.0
9.6,42,100,15,0.0,44.81,175.58,0.0001,0,0.6,0,2.0008,13.035,0.00097392,57983,61576.0,6.4958,298.17,351.31,0.24325,0.0,,30,,0.56233,0.19715,,,0.12957,0,,0,0,1,13,13,0,13.0,21884.0
9.8,42,100,15,0.0,47.024,182.07,0.0001,0,0.6,0,1.944,12.966,0.00097329,57990,61589.0,6.4988,298.16,349.65,0.24976,0.0,,30,,0.58906,0.19677,,,0.13304,0,,0,0,1,13,13,0,13.0,21045.0
10.0,42,100,15,0.0,48.031,186.31,0.0001,0,0.6,0,1.8815,12.891,0.00097266,57997,61603.0,6.4998,298.16,349.86,0.25646,0.0,,30,,0.61995,0.19634,,,0.13661,0,,0,0,1,13,13,0,13.0,21206.0
10.2,42,100,15,0.0,48.633,192.77,0.0001,0,0.6,0,1.813,12.821,0.00097203,58004,61617.0,6.4979,298.15,345.46,0.26334,0.0,,30,,0.64611,0.19597,,,0.14028,0,,0,0,1,13,13,0,13.0,21034.0
10.4,42,100,15,0.0,49.993,193.27,0.0001,0,0.6,0,1.7388,12.731,0.00097139,58012,61631.0,6.4962,298.13,340.28,0.27044,0.0,,30,,0.68291,0.19546,,,0.14407,0,,0,0,1,13,13,0,13.0,20529.0
10.6,42,100,15,0.0,52.019,192.28,0.0001,0,0.6,0,1.6589,12.659,0.00097075,58020,61645.0,6.4947,298.13,340.01,0.27775,0.0,,30,,0.70965,0.19508,,,0.14796,0,,0,0,1,13,13,0,13.0,21690.0
10.8,42,100,15,0.0,54.646,196.9,0.0001,0,0.6,0,1.5721,12.578,0.0009701,58029,61661.0,6.4937,298.15,345.42,0.28528,0.0,,30,,0.73887,0.19466,,,0.15198,0,,0,0,1,13,13,0,13.0,21684.0
11.0,42,100,15,0.0,57.667,208.7,0.0001,0,0.6,0,1.4799,12.499,0.00096944,58038,61676.0,6.4931,298.17,352.17,0.29303,0.0,,30,,0.76618,0.19428,,,0.15611,0,,0,0,1,13,13,0,13.0,22012.0
11.2,42,100,15,0.0,60.937,222.81,0.0001,0,0.6,0,1.3813,12.409,0.00096877,58048,61693.0,6.4918,298.2,360.25,0.30102,0.0,,30,,0.79941,0.19381,,,0.16037,0,,0,0,1,13,13,0,13.0,21173.0
11.4,42,100,15,0.0,64.732,239.53,0.0001,0,0.6,0,1.275,12.321,0.00096808,58058,61710.0,6.4917,298.24,369.27,0.30925,0.0,,30,,0.82965,0.19338,,,0.16476,0,,0,0,1,13,13,0,13.0,21501.0
11.6,42,100,15,0.0,68.578,258.58,0.0001,0,0.6,0,1.1618,12.222,0.00096738,58070,61727.0,6.4905,298.28,379.5,0.31773,0.0,,30,,0.86823,0.19284,,,0.16928,0,,0,0,1,13,13,0,13.0,21162.0
11.8,42,100,15,0.0,72.92,280.41,0.0001,0,0.6,0,1.041,12.132,0.00096667,58082,61746.0,6.4902,298.3,385.69,0.32645,0.0,,30,,0.90027,0.19238,,,0.17393,0,,0,0,1,13,13,0,13.0,21656.0
12.0,42,100,15,0.0,77.337,298.44,0.0001,0,0.6,0,0.91299,12.047,0.00096594,58095,61766.0,6.4926,298.32,391.25,0.33542,0.0,1576.1,30,1867.6,0.92931,0.19197,0.00096877,2.854,0.17871,0,10.854,0,0,1,13,13,0,13.0,21817.0
12.2,42,100,30,0.0,80.804,316.62,0.0001,0,0.6,0,0.81134,11.924,0.00096515,58112,61790.0,6.4922,298.34,396.84,0.34467,0.0,,30,,0.9765,0.1913,,,0.18364,0,,0,0,1,13,13,0,13.0,21478.0
12.4,42,100,30,0.0,84.473,335.64,0.0001,0,0.6,0,0.7018,11.831,0.00096435,58129,61815.0,6.4906,298.37,403.99,0.35419,0.0,,30,,1.0091,0.19084,,,0.18872,0,,0,0,1,13,13,0,13.0,21973.0
12.6,42,100,30,0.0,88.775,357.44,0.0001,0,0.7,0,0.58486,12.569,0.00096353,58148,61841.0,6.4894,298.38,407.48,0.36397,0.0,,30,,1.0504,0.19025,,,0.19394,0,,0,0,1,13,13,0,13.0,21800.0
12.8,42,100,30,0.0,93.549,375.5,0.0001,0,0.7,0,0.46075,12.464,0.0009627,58167,61868.0,6.4875,298.4,413.2,0.374,0.0,,30,,1.0858,0.18974,,,0.19928,0,,0,0,1,13,13,0,13.0,21295.0
13.0,42,100,30,0.0,99.053,397.01,0.0001,0,0.7,0,0.33267,12.382,0.00096185,58187,61896.0,6.4869,298.4,412.9,0.38423,0.0,,30,,1.1205,0.18925,,,0.20474,0,,0,0,1,13,13,0,13.0,21289.0
13.2,42,100,30,0.0,104.8,411.51,0.0001,0,0.7,0,0.20353,12.335,0.00096098,58209,61925.0,6.4881,298.37,403.95,0.3946,0.0,,30,,1.141,0.18894,,,0.21027,0,,0,0,1,13,13,0,13.0,22116.0
13.4,42,100,30,0.0,110.07,415.03,0.0001,0,0.7,0,0.086142,12.407,0.0009601,58232,61955.0,6.4906,298.34,396.12,0.40495,0.0,,30,,1.1347,0.18901,,,0.2158,0,,0,0,1,13,13,0,13.0,20444.0
13.6,42,100,30,0.0,114.35,418.98,0.0001,0,0.7,0,0.019454,13.02,0.0009592,58255,61987.0,6.5056,298.29,383.89,0.41468,0.0,,30,,0.99425,0.19092,,,0.22099,0,,0,0,1,13,13,0,13.0,20771.0
13.8,42,100,30,0.0,112.57,416.16,0.0001,0,0.7,0,0.014402,13.249,0.00095832,58278,62017.0,6.5327,298.18,353.16,0.42253,0.0,,30,,0.79717,0.1936,,,0.22517,0,,0,0,1,13,13,0,13.0,21599.0
14.0,42,100,30,0.0,99.96,388.03,0.0001,0,0.7,0,0.014323,13.22,0.00095749,58299,62046.0,6.5548,298.07,323.73,0.42959,0.0,,30,,0.76569,0.19402,,,0.22894,0,,0,0,1,13,13,0,13.0,22426.0
14.2,42,100,30,0.51842,49.98,357.83,0.0001,0,0.7,0,0.013974,13.188,0.00095682,58310,62064.0,6.547,298.04,315.17,0.43653,0.0,,30,,0.76719,0.19398,,,0.23264,0,,0,0,1,13,13,0,13.0,21087.0
14.4,42,100,30,0.0,31.794,350.23,0.0001,0,0.7,0,0.013928,13.139,0.00095621,58317,62079.0,6.522,297.99,303.78,0.44345,0.0,,30,,0.78222,0.19377,,,0.23634,0,,0,0,1,13,13,0,13.0,22248.0
14.6,42,100,30,0.0,23.589,337.26,0.0001,0,0.7,0,0.013669,13.122,0.00095563,58322,62092.0,6.4937,297.97,297.63,0.45039,0.0,,30,,0.78281,0.19374,,,0.24004,0,,0,0,1,13,13,0,13.0,21242.0
14.8,42,100,30,0.0,26.621,329.48,0.0001,0,0.7,0,0.013349,13.097,0.00095504,58328,62106.0,6.4711,297.92,282.68,0.45733,0.0,,30,,0.78916,0.19364,,,0.24374,0,,0,0,1,13,13,0,13.0,20903.0
15.0,42,100,30,0.0,38.675,98.844,357.21,0,0.7,0,0.013439,13.073,0.00095438,58336,62122.0,6.4617,299.23,637.8,0.46428,0.0,,30,,0.79322,0.19358,,,0.24745,0,,0,0,1,13,13,0,13.0,21064.0
15.2,42,100,30,0.0,54.468,551.04,35.721,0,0.7,0,0.013342,13.037,0.00095366,58348,62141.0,6.4642,299.04,585.41,0.47127,0.0,,30,,0.80225,0.19344,,,0.25118,0,,0,0,1,13,13,0,13.0,21892.0
15.4,42,100,30,0.0,69.282,520.34,3.5721,0,0.7,0,0.012779,13.044,0.0009529,58362,62163.0,6.4779,298.78,516.23,0.47823,0.0,,30,,0.79914,0.19347,,,0.2549,0,,0,0,1,13,13,0,13.0,21719.0
15.6,42,100,30,0.0,78.601,472.23,0.35721,0,0.7,0,0.012458,13.056,0.00095212,58378,62187.0,6.4983,298.59,463.7,0.48513,0.0,,30,,0.78562,0.19364,,,0.25858,0,,0,0,1,13,13,0,13.0,20713.0
15.8,42,100,30,0.0,79.782,436.3,0.035721,0,0.7,0,0.012201,13.049,0.00095134,58395,62211.0,6.5188,298.45,426.65,0.49199,0.0,,30,,0.77989,0.1937,,,0.26224,0,,0,0,1,13,13,0,13.0,21207.0
16.0,42,100,30,0.0,72.772,412.43,0.0035721,0,0.7,0,0.012045,13.027,0.00095059,58410,62234.0,6.537,298.33,393.75,0.49883,0.0,,30,,0.7821,0.19366,,,0.26589,0,,0,0,1,13,13,0,13.0,21535.0
16.2,42,100,75,0.0,58.488,388.29,0.00035721,0,0.7,0,0.049071,11.936,0.00094975,58431,62267.0,6.5215,298.34,395.38,0.50717,0.0,,35,,1.0856,0.18949,,,0.27034,0,,0,0,1,13,13,0,13.0,20696.0
16.4,42,100,75,0.0,50.519,403.64,0.0001,0,0.7,0,0.051968,11.794,0.00094893,58451,62299.0,6.498,298.35,399.43,0.51728,0.0,,35,,1.2108,0.18775,,,0.27573,0,,0,0,1,13,13,0,13.0,22190.0
16.6,42,100,75,0.0,51.875,421.33,0.0001,0,0.7,0,0.04943,11.709,0.0009481,58471,62331.0,6.4785,298.4,412.75,0.52787,0.0,,35,,1.2581,0.18707,,,0.28139,0,,0,0,1,13,13,0,13.0,20684.0
16.8,42,100,75,0.0,60.998,451.37,0.0001,0,0.7,0,0.046777,11.658,0.00094724,58492,62364.0,6.4653,298.43,420.61,0.53863,0.0,,35,,1.275,0.18682,,,0.28713,0,,0,0,1,13,13,0,13.0,21344.0
17.0,42,100,75,0.0,75.366,476.02,0.0001,0,0.7,0,0.041311,11.638,0.00094633,58517,62401.0,6.4621,298.45,426.45,0.54945,0.0,,35,,1.287,0.18663,,,0.29291,0,,0,0,1,13,13,0,13.0,20339.0
17.2,42,100,75,0.0,91.006,499.33,0.0001,0,0.7,0,0.039535,11.601,0.00094538,58545,62441.0,6.4641,298.43,422.31,0.56026,0.0,,35,,1.2906,0.18656,,,0.29868,0,,0,0,1,13,13,0,13.0,20499.0
17.4,42,100,75,0.0,105.86,510.76,0.0001,0,0.7,0,0.037488,11.555,0.00094438,58576,62483.0,6.4706,298.41,416.18,0.57114,0.0,,35,,1.2996,0.18642,,,0.30449,0,,0,0,1,13,13,0,13.0,21993.0
17.6,42,100,75,0.0,118.11,519.38,0.0001,0,0.7,0,0.035175,11.515,0.00094334,58609,62529.0,6.4782,298.37,404.09,0.5821,0.0,,35,,1.3071,0.18629,,,0.31034,0,,0,0,1,13,13,0,13.0,21987.0
17.8,42,100,75,0.0,127.32,519.6,0.0001,0,0.7,0,0.032795,11.471,0.00094228,58644,62576.0,6.4864,298.34,397.49,0.59312,0.0,,35,,1.3201,0.18609,,,0.31623,0,,0,0,1,13,13,0,13.0,20315.0
18.0,42,100,75,0.0,133.29,525.33,0.0001,0,0.7,0,0.030306,11.45,0.0009412,58680,62624.0,6.4939,298.35,398.54,0.60415,0.0,,35,,1.3244,0.18601,,,0.32212,0,,0,0,1,13,13,0,13.0,21809.0
18.2,42,100,75,0.0,136.27,539.71,0.0001,0,0.7,0,0.030139,11.384,0.00094011,58717,62673.0,6.4995,298.35,399.96,0.61519,0.0,,35,,1.3399,0.18578,,,0.32801,0,,0,0,1,13,13,0,13.0,21469.0
18.4,42,100,75,0.0,136.98,554.5,0.0001,0,0.7,0,0.028541,11.351,0.00093902,58754,62722.0,6.5042,298.39,408.83,0.62626,0.0,,35,,1.3533,0.18557,,,0.33393,0,,0,0,1,13,13,0,13.0,20963.0
18.6,42,100,75,0.0,135.83,578.94,0.0001,0,0.7,0,0.027592,11.323,0.00093793,58790,62771.0,6.5092,298.41,416.7,0.63734,0.0,,35,,1.3543,0.18554,,,0.33984,0,,0,0,1,13,13,0,13.0,21457.0
18.8,42,100,75,0.0,132.68,603.14,0.0001,0,0.7,0,0.027138,11.273,0.00093686,58827,62819.0,6.5116,298.41,416.9,0.64844,0.0,,35,,1.3629,0.1854,,,0.34577,0,,0,0,1,13,13,0,13.0,20618.0
19.0,42,100,75,0.0,128.58,618.69,0.0001,0,0.7,0,0.025818,11.257,0.0009358,58862,62866.0,6.5131,298.38,408.62,0.65955,0.0,,35,,1.3648,0.18535,,,0.35171,0,,0,0,1,13,13,0,13.0,21612.0
19.2,42,100,75,0.0,123.87,623.74,0.0001,0,0.7,0,0.024473,11.221,0.00093477,58896,62913.0,6.515,298.35,398.0,0.67063,0.0,,35,,1.3773,0.18516,,,0.35762,0,,0,0,1,13,13,0,13.0,21772.0
19.4,42,100,75,0.0,118.39,624.93,0.0001,0,0.7,0,0.022717,11.214,0.00093375,58929,62958.0,6.5161,298.29,382.04,0.68165,0.0,,35,,1.3752,0.18516,,,0.36351,0,,0,0,1,13,13,0,13.0,20266.0
19.6,42,100,75,0.0,112.46,617.96,0.0001,0,0.7,0,0.021626,11.157,0.00093275,58961,63002.0,6.5176,298.24,369.8,0.69266,0.0,,35,,1.3876,0.18497,,,0.3694,0,,0,0,1,13,13,0,13.0,21927.0
19.8,42,100,75,0.0,105.92,613.67,0.0001,0,0.7,0,0.021032,11.111,0.00093178,58992,63044.0,6.5175,298.17,350.4,0.70368,0.0,,35,,1.3984,0.1848,,,0.37529,0,,0,0,1,13,13,0,13.0,21587.0
20.0,42,100,75,0.0,99.442,598.55,0.0001,0,0.7,0,0.019745,11.102,0.00093083,59022,63086.0,6.5149,298.11,332.73,0.71468,0.0,,35,,1.3997,0.18476,,,0.38116,0,,0,0,1,13,13,0,13.0,21248.0
20.2,55,100,150,0.0,94.01,583.17,0.0001,0,0.7,0,0.078405,10.36,0.00092966,59065,63146.0,6.484,298.12,337.81,0.5737,0.0,,35,,1.6993,0.18644,,,0.40052,0,,0,0,1,13,13,0,13.0,20242.0
20.4,55,100,150,0.0,101.03,594.03,0.0001,0,0.7,0,0.087817,10.128,0.00092847,59110,63209.0,6.4498,298.12,335.66,0.57602,0.0,,35,,1.7932,0.18544,,,0.40215,0,,0,0,1,13,13,0,13.0,21402.0
20.6,55,100,150,0.0,121.64,595.85,0.0001,0,0.7,0,0.082342,10.001,0.00092721,59159,63275.0,6.4253,298.05,318.55,0.58723,0.0,,35,,1.8458,0.18486,,,0.40998,0,,0,0,1,13,13,0,13.0,21729.0
20.8,55,100,150,0.0,151.99,578.73,0.0001,0,0.7,0,0.07064,9.924,0.00092586,59214,63347.0,6.4098,298.05,317.04,0.59918,0.0,,35,,1.8816,0.18446,,,0.41834,0,,0,0,1,13,13,0,13.0,20556.0
21.0,55,100,150,0.0,188.56,579.33,0.0001,0,0.7,0,0.062835,9.8711,0.0009244,59276,63426.0,6.4012,298.02,309.99,0.61129,0.0,,35,,1.8964,0.18428,,,0.42681,0,,0,0,1,13,13,0,13.0,20883.0
21.2,55,100,150,0.0,225.0,572.34,0.0001,0,0.7,0,0.055039,9.8669,0.00092283,59346,63513.0,6.3959,297.98,299.38,0.62346,0.0,,35,,1.8935,0.18429,,,0.43533,0,,0,0,1,13,13,0,13.0,20544.0
21.4,55,100,150,0.0,225.0,560.06,0.0001,0,0.7,0,0.050069,9.7679,0.00092127,59415,63600.0,6.3911,297.99,301.38,0.63573,0.0,,35,,1.9198,0.18399,,,0.44391,0,,0,0,1,13,13,0,13.0,21037.0
21.6,55,100,150,0.0,225.0,562.28,0.0001,0,0.7,0,0.046896,9.6936,0.00091971,59485,63687.0,6.3871,298.03,311.93,0.64809,0.0,,35,,1.9446,0.1837,,,0.45255,0,,0,0,1,13,13,0,13.0,21531.0
21.8,55,100,150,0.0,225.0,575.13,0.0001,0,0.7,0,0.042827,9.6129,0.00091815,59554,63774.0,6.3841,298.09,327.94,0.66055,0.0,,35,,1.9734,0.18337,,,0.46127,0,,0,0,1,13,13,0,13.0,20858.0
22.0,55,100,150,0.0,225.0,596.0,0.0001,0,0.7,0,0.038556,9.5878,0.00091659,59624,63860.0,6.3823,298.13,340.2,0.67305,0.0,,35,,1.9775,0.1833,,,0.47001,0,,0,0,1,13,13,0,13.0,20852.0
22.2,55,100,150,0.0,225.0,614.19,0.0001,0,0.7,0,0.038848,9.4308,0.00091503,59693,63947.0,6.3801,298.15,345.55,0.68566,0.0,,35,,2.0228,0.1828,,,0.47884,0,,0,0,1,13,13,0,13.0,21345.0
22.4,55,100,150,0.0,225.0,625.5,0.0001,0,0.7,0,0.034968,9.4064,0.00091348,59763,64034.0,6.3784,298.16,347.38,0.69841,0.0,,35,,2.0318,0.18268,,,0.48776,0,,0,0,1,13,13,0,13.0,20672.0
22.6,55,100,150,0.0,225.0,633.33,0.0001,0,0.7,0,0.031629,9.3998,0.00091193,59832,64121.0,6.3779,298.14,340.89,0.71114,0.0,,35,,2.0214,0.18277,,,0.49666,0,,0,0,1,13,13,0,13.0,20166.0
22.8,55,100,150,0.0,225.0,631.14,0.0001,0,0.7,0,0.028867,9.3899,0.00091039,59902,64207.0,6.3789,298.14,343.62,0.72381,0.0,,35,,2.0169,0.18279,,,0.50553,0,,0,0,1,13,13,0,13.0,21326.0
23.0,55,100,150,0.0,225.0,639.77,0.0001,0,0.7,0,0.028245,9.3328,0.00090885,59971,64294.0,6.3797,298.13,338.25,0.73646,0.0,,35,,2.023,0.1827,,,0.51438,0,,0,0,1,13,13,0,13.0,20986.0
23.2,55,100,150,0.0,225.0,638.46,0.0001,0,0.7,0,0.02708,9.2575,0.00090731,60041,64380.0,6.3798,298.11,334.76,0.74919,0.0,,35,,2.0422,0.18248,,,0.52329,0,,0,0,1,13,13,0,13.0,20980.0
23.4,55,100,150,0.0,225.0,638.98,0.0001,0,0.7,0,0.025682,9.2294,0.00090578,60110,64467.0,6.3806,298.08,325.32,0.76194,0.0,,35,,2.0493,0.18238,,,0.53222,0,,0,0,1,13,13,0,13.0,20807.0
23.6,55,100,150,0.0,225.0,631.63,0.0001,0,0.7,0,0.024213,9.215,0.00090426,60180,64553.0,6.3818,298.09,328.89,0.77465,0.0,,35,,2.0498,0.18235,,,0.54112,0,,0,0,1,13,13,0,13.0,20967.0
23.8,55,100,150,0.0,225.0,639.27,0.0001,0,0.7,0,0.022873,9.1675,0.00090274,60249,64640.0,6.3834,298.06,320.16,0.78737,0.0,,35,,2.0538,0.18228,,,0.55002,0,,0,0,1,13,13,0,13.0,21627.0
24.0,55,100,150,0.0,225.0,631.84,0.0001,0,0.7,0,0.022199,9.0627,0.00090122,60319,64726.0,6.3844,298.08,325.4,0.80018,0.0,1226.9,35,1841.2,2.0876,0.1819,0.00090731,9.5857,0.55898,0,22.535,0,0,1,13,13,0,13.0,21954.0
24.2,55,100,30,0.0,225.0,640.8,0.0001,0,0.7,0,0.0029972,12.258,0.020082,60365,64780.0,6.426,297.79,243.04,0.80817,0.0,,35,,1.0582,0.19271,,,0.56458,0,,0,0,1,13,13,0,13.0,20708.0
24.4,55,100,30,0.0,225.0,192.24,776.64,0,0.7,0,0.0030734,12.243,0.043089,60410,64834.0,6.4667,300.24,932.15,0.8129,0.0,,35,,0.93202,0.194,,,0.56789,0,,0,0,1,13,13,0,13.0,21981.0
24.6,55,100,30,0.0,225.0,1034.7,77.664,0,0.7,0,0.0030356,12.211,0.065639,60455,64887.0,6.5033,299.65,764.61,0.81744,0.0,,35,,0.93001,0.19401,,,0.57107,0,,0,0,1,13,13,0,13.0,21252.0
24.8,55,100,30,0.0,224.2,894.3,7.7664,0,0.7,0,0.0029455,12.22,0.08931,60500,64941.0,6.5363,299.14,623.42,0.82192,0.0,,35,,0.92241,0.19408,,,0.57421,0,,0,0,1,13,13,0,13.0,22362.0
25.0,55,100,30,0.0,210.23,787.01,0.77664,0,0.7,0,0.0028749,12.225,0.11386,60542,64991.0,6.5652,298.75,512.99,0.82632,0.0,,35,,0.91013,0.1942,,,0.57729,0,,0,0,1,13,13,0,13.0,21309.0
25.2,55,100,30,0.5178,105.11,698.08,0.077664,0,0.8,0,0.0029172,12.913,0.13813,60563,65021.0,6.584,298.44,424.42,0.83071,0.0,,35,,0.95588,0.19372,,,0.58036,0,,0,0,1,13,13,0,13.0,21922.0
25.4,55,100,30,1.0367,52.557,620.48,0.0077664,0,0.8,0,0.0028719,12.856,0.16297,60574,65041.0,6.5805,298.17,350.88,0.83508,0.0,,35,,0.96597,0.19361,,,0.58342,0,,0,0,1,13,13,0,13.0,21537.0
25.6,55,100,30,1.558,26.278,548.95,0.00077664,0,0.8,0,0.002808,12.818,0.18862,60580,65055.0,6.549,297.97,293.24,0.83941,0.0,,35,,0.97012,0.19356,,,0.58645,0,,0,0,1,13,13,0,13.0,20990.0
25.8,55,100,30,0.0,7.2991,486.75,0.0001,0,0.8,0,0.0027158,12.807,0.21519,60582,65065.0,6.5007,297.81,249.35,0.84368,0.0,,35,,0.96439,0.19361,,,0.58945,0,,0,0,1,13,13,0,13.0,21780.0
26.0,55,100,30,0.0,7.5953,146.03,519.7,0,0.8,0,0.0026963,12.795,0.24242,60584,65075.0,6.4577,299.54,734.44,0.8479,0.0,,35,,0.96316,0.19361,,,0.5924,0,,0,0,1,13,13,0,13.0,22574.0
26.2,55,100,30,0.0,25.03,735.05,51.97,0,0.8,0,0.0026424,12.794,0.27005,60589,65089.0,6.4353,299.26,657.54,0.85209,0.0,,35,,0.96426,0.19359,,,0.59533,0,,0,0,1,13,13,0,13.0,23037.0
26.4,55,100,30,0.0,51.378,685.48,5.197,0,0.8,0,0.0025946,12.814,0.29828,60600,65107.0,6.4374,298.9,555.09,0.85624,0.0,,35,,0.9546,0.19368,,,0.59824,0,,0,0,1,13,13,0,13.0,21835.0
26.6,55,100,30,0.0,76.84,609.34,0.5197,0,0.8,0,0.0025854,12.819,0.32664,60615,65131.0,6.4567,298.53,452.2,0.86036,0.0,,35,,0.95691,0.19365,,,0.60113,0,,0,0,1,13,13,0,13.0,21635.0
26.8,55,100,30,0.0,94.637,519.73,0.05197,0,0.8,0,0.0025023,12.853,0.35588,60635,65159.0,6.4815,298.19,356.37,0.86442,0.0,,35,,0.93949,0.19382,,,0.60397,0,,0,0,1,13,13,0,13.0,23105.0
27.0,55,100,30,0.0,102.53,425.12,0.005197,0,0.8,0,0.0024999,12.838,0.38542,60656,65188.0,6.5089,297.93,282.61,0.86845,0.0,,35,,0.94215,0.19379,,,0.60679,0,,0,0,1,13,13,0,13.0,22577.0
27.2,55,100,30,0.0,99.459,127.54,432.08,0,0.8,0,0.0025226,12.805,0.41515,60676,65217.0,6.534,299.34,678.92,0.87246,0.0,,35,,0.95819,0.19362,,,0.6096,0,,0,0,1,13,13,0,13.0,22049.0
27.4,55,100,30,0.0,86.37,612.08,43.208,0,0.8,0,0.0025309,12.754,0.44477,60693,65242.0,6.5541,298.97,575.32,0.87648,0.0,,35,,0.97672,0.19342,,,0.61242,0,,0,0,1,13,13,0,13.0,23355.0
27.6,55,100,30,0.51858,43.185,524.96,4.3208,0,0.8,0,0.0024973,12.68,0.47486,60702,65260.0,6.5456,298.59,467.67,0.88048,0.0,,35,,1.0035,0.19313,,,0.61522,0,,0,0,1,13,13,0,13.0,22996.0
27.8,55,100,30,0.0,25.564,432.45,0.43208,0,0.8,0,0.0024771,12.631,0.50531,60708,65273.0,6.5189,298.34,397.73,0.88447,0.0,,35,,1.018,0.19297,,,0.61801,0,,0,0,1,13,13,0,13.0,24139.0
28.0,55,100,30,0.0,18.591,371.88,0.043208,0,0.8,0,0.0024662,12.599,0.53599,60712,65286.0,6.486,298.16,345.26,0.88847,0.0,,35,,1.0242,0.1929,,,0.62081,0,,0,0,1,13,13,0,13.0,23283.0
28.2,55,100,37,0.0,24.745,322.4,0.0043208,0,0.8,0,0.0029246,12.357,0.5629,60719,65301.0,6.4603,298.03,308.61,0.89285,0.0,,35,,1.0921,0.19219,,,0.62388,0,,0,0,1,13,13,0,13.0,23742.0
28.4,55,100,37,0.0,41.128,284.81,0.00043208,0,0.8,0,0.0029301,12.356,0.58986,60729,65320.0,6.4525,297.93,281.27,0.89744,0.0,,35,,1.0935,0.19217,,,0.6271,0,,0,0,1,13,13,0,13.0,24034.0
28.6,55,100,37,0.0,60.601,85.443,295.63,0,0.8,0,0.0029044,12.373,0.61733,60742,65343.0,6.4648,298.95,570.8,0.90201,0.0,,35,,1.0884,0.19221,,,0.6303,0,,0,0,1,13,13,0,13.0,23996.0
28.8,55,100,37,0.0,75.147,437.32,29.563,0,0.8,0,0.0029018,12.374,0.64478,60759,65368.0,6.4854,298.72,505.5,0.90656,0.0,,35,,1.0813,0.19227,,,0.63349,0,,0,0,1,13,13,0,13.0,24957.0
29.0,55,100,37,0.0,81.468,385.65,2.9563,0,0.8,0,0.0028972,12.358,0.67258,60777,65395.0,6.5076,298.45,427.36,0.91112,0.0,,35,,1.0778,0.1923,,,0.63668,0,,0,0,1,13,13,0,13.0,24254.0
29.2,55,100,37,0.0,78.923,319.07,0.29563,0,0.8,0,0.0029211,12.327,0.70033,60795,65421.0,6.5256,298.27,376.36,0.9157,0.0,,35,,1.0814,0.19226,,,0.63989,0,,0,0,1,13,13,0,13.0,24383.0
29.4,55,100,37,0.0,69.206,275.64,0.029563,0,0.8,0,0.00293,12.288,0.72817,60810,65446.0,6.5377,298.14,341.12,0.92028,0.0,,35,,1.0911,0.19215,,,0.6431,0,,0,0,1,13,13,0,13.0,23514.0
29.6,55,100,37,0.0,54.671,243.96,0.0029563,0,0.8,0,0.002918,12.248,0.75635,60823,65468.0,6.5398,298.04,312.71,0.92485,0.0,,35,,1.1022,0.19202,,,0.6463,0,,0,0,1,13,13,0,13.0,24312.0
29.8,55,100,37,0.0,39.303,215.54,0.00029563,0,0.8,0,0.0028629,12.227,0.78544,60833,65486.0,6.5281,297.98,295.43,0.92938,0.0,,35,,1.1055,0.19198,,,0.64948,0,,0,0,1,13,13,0,13.0,24615.0
30.0,55,100,37,0.0,28.63,196.75,0.0001,0,0.8,0,0.0028333,12.176,0.81518,60840,65503.0,6.5062,297.94,284.12,0.93388,0.0,,35,,1.1239,0.19178,,,0.65263,0,,0,0,1,13,13,0,13.0,24921.0
30.2,55,100,37,0.0,26.693,59.026,205.48,0,0.9,0,0.0027885,13.003,0.84573,60848,65519.0,6.4838,298.7,498.83,0.93834,0.0,,35,,1.1274,0.19174,,,0.65575,0,,0,0,1,13,13,0,13.0,25398.0
30.4,55,100,37,0.0,33.716,318.83,20.548,0,0.9,0,0.0028208,12.984,0.876,60856,65536.0,6.4701,298.57,462.15,0.9428,0.0,,35,,1.1197,0.19181,,,0.65888,0,,0,0,1,13,13,0,13.0,25706.0
30.6,55,100,37,0.0,46.174,294.64,2.0548,0,0.9,0,0.0027345,13.014,0.90731,60867,65556.0,6.4697,298.39,412.77,0.94722,0.0,,35,,1.1039,0.19196,,,0.66198,0,,0,0,1,13,13,0,13.0,25853.0
30.8,55,100,37,0.0,58.76,256.77,0.20548,0,0.9,0,0.0027409,12.99,0.93871,60880,65578.0,6.4778,298.24,368.15,0.95163,0.0,,35,,1.1094,0.1919,,,0.66507,0,,0,0,1,13,13,0,13.0,25834.0
31.0,55,100,37,0.0,68.128,218.52,0.020548,0,0.9,0,0.0027006,13.008,0.9706,60896,65602.0,6.4907,298.13,336.56,0.95602,0.0,,35,,1.0977,0.19201,,,0.66814,0,,0,0,1,13,13,0,13.0,25317.0
31.2,55,100,37,0.0,72.36,190.12,0.0020548,0,0.9,0,0.0027444,12.987,1.0021,60912,65627.0,6.5035,298.04,311.34,0.96041,0.0,,35,,1.0944,0.19203,,,0.67121,0,,0,0,1,13,13,0,13.0,25466.0
31.4,55,100,37,0.0,71.47,164.97,0.00020548,0,0.9,0,0.0026872,12.972,1.0344,60928,65652.0,6.5172,297.98,293.89,0.96477,0.0,,35,,1.1017,0.19195,,,0.67427,0,,0,0,1,13,13,0,13.0,25617.0
31.6,55,100,37,0.0,65.097,145.77,0.0001,0,0.9,0,0.0026979,12.938,1.0667,60943,65676.0,6.525,297.93,280.48,0.96913,0.0,,35,,1.1071,0.19189,,,0.67733,0,,0,0,1,13,13,0,13.0,26269.0
31.8,55,100,37,0.0,55.637,43.73,159.01,0,0.9,0,0.0026333,12.92,1.0999,60956,65698.0,6.5242,298.53,451.86,0.97345,0.0,,35,,1.1123,0.19182,,,0.68035,0,,0,0,1,13,13,0,13.0,26926.0
32.0,55,100,37,0.0,46.492,249.82,15.901,0,0.9,0,0.0025993,12.896,1.1336,60967,65718.0,6.5153,298.39,411.17,0.97772,0.0,,35,,1.1165,0.19177,,,0.68335,0,,0,0,1,13,13,0,13.0,26084.0
32.2,55,100,43,0.0,40.936,215.75,1.5901,0,0.9,0,0.0029799,12.685,1.1632,60978,65738.0,6.4993,298.27,377.08,0.98228,0.0,,35,,1.1727,0.19118,,,0.68654,0,,0,0,1,13,13,0,13.0,26723.0
32.4,55,100,43,0.0,41.742,189.96,0.15901,0,0.9,0,0.0029763,12.649,1.1929,60990,65758.0,6.4881,298.18,351.45,0.98702,0.0,,35,,1.1891,0.191,,,0.68986,0,,0,0,1,13,13,0,13.0,27196.0
32.6,55,100,43,0.0,47.021,169.77,0.015901,0,0.9,0,0.0029899,12.622,1.2226,61002,65780.0,6.4816,298.12,334.06,0.99178,0.0,,35,,1.198,0.1909,,,0.6932,0,,0,0,1,13,13,0,13.0,26835.0
32.8,55,100,43,0.0,54.897,156.01,0.0015901,0,0.9,0,0.0029439,12.64,1.2529,61016,65803.0,6.4834,298.07,320.21,0.9965,0.0,,35,,1.1871,0.191,,,0.69651,0,,0,0,1,13,13,0,13.0,26977.0
33.0,55,100,43,0.0,62.039,144.02,0.00015901,0,0.9,0,0.0029865,12.607,1.2829,61031,65828.0,6.4911,298.04,311.03,1.0012,0.0,,35,,1.1884,0.19098,,,0.69984,0,,0,0,1,13,13,0,13.0,26451.0
33.2,55,100,43,0.0,66.092,135.8,0.0001,0,0.9,0,0.0029158,12.627,1.3139,61048,65853.0,6.5004,298.01,303.97,1.006,0.0,,35,,1.1772,0.19109,,,0.70314,0,,0,0,1,13,13,0,13.0,27096.0
33.4,55,100,43,0.0,66.443,128.82,0.0001,0,0.9,0,0.0028063,12.643,1.3465,61064,65879.0,6.5068,297.98,295.06,1.0106,0.0,,35,,1.1705,0.19115,,,0.70637,0,,0,0,1,13,13,0,13.0,28083.0
33.6,55,100,43,0.0,64.237,118.6,0.0001,0,0.9,0,0.0028044,12.625,1.3793,61080,65904.0,6.5103,297.97,291.6,1.0151,0.0,,35,,1.1699,0.19114,,,0.70956,0,,0,0,1,13,13,0,13.0,26905.0
33.8,55,100,43,0.0,60.661,113.88,0.0001,0,0.9,0,0.0028131,12.584,1.4124,61095,65928.0,6.5126,297.97,293.49,1.0197,0.0,,35,,1.1767,0.19107,,,0.71276,0,,0,0,1,13,13,0,13.0,28227.0
34.0,55,100,43,0.0,56.139,115.04,0.0001,0,0.9,0,0.0028787,12.504,1.4446,61109,65952.0,6.5093,297.98,295.11,1.0243,0.0,,35,,1.2023,0.19079,,,0.71601,0,,0,0,1,13,13,0,13.0,26878.0
34.2,55,100,43,0.0,52.964,115.98,0.0001,0,0.9,0,0.002816,12.504,1.4779,61123,65974.0,6.503,297.99,299.11,1.029,0.0,,35,,1.1931,0.19088,,,0.71927,0,,0,0,1,13,13,0,13.0,28035.0
34.4,55,100,43,0.0,52.282,120.03,0.0001,0,0.9,0,0.002781,12.482,1.5118,61137,65997.0,6.4955,297.99,299.39,1.0336,0.0,,35,,1.1979,0.19082,,,0.7225,0,,0,0,1,13,13,0,13.0,27695.0
34.6,55,100,43,0.0,54.608,120.03,0.0001,0,0.9,0,0.0027507,12.473,1.546,61150,66020.0,6.4908,297.99,299.14,1.0382,0.0,,35,,1.2012,0.19078,,,0.72571,0,,0,0,1,13,13,0,13.0,29023.0
34.8,55,100,43,0.0,58.805,119.52,0.0001,0,0.9,0,0.002801,12.44,1.5798,61165,66044.0,6.4904,297.99,298.39,1.0428,0.0,,35,,1.1984,0.1908,,,0.72894,0,,0,0,1,13,13,0,13.0,28515.0
35.0,55,100,43,0.0,63.141,118.4,0.0001,0,0.9,0,0.0028103,12.435,1.6133,61181,66069.0,6.4913,298.0,301.36,1.0474,0.0,,35,,1.1879,0.1909,,,0.73219,0,,0,0,1,13,13,0,13.0,28340.0
35.2,55,100,43,0.0,67.154,121.69,0.0001,0,0.9,0,0.0027798,12.454,1.6474,61197,66095.0,6.4965,298.0,300.28,1.052,0.0,,35,,1.1703,0.19107,,,0.73543,0,,0,0,1,13,13,0,13.0,28500.0
35.4,55,100,43,0.0,69.077,120.37,0.0001,0,0.9,0,0.0027602,12.439,1.6819,61214,66121.0,6.5055,298.0,300.57,1.0566,0.0,,35,,1.1684,0.19108,,,0.73865,0,,0,0,1,13,13,0,13.0,29663.0
35.6,55,100,43,0.0,67.401,120.67,0.0001,0,0.9,0,0.0027364,12.433,1.7168,61231,66147.0,6.5141,298.01,302.95,1.0612,0.0,,35,,1.1625,0.19113,,,0.74185,0,,0,0,1,13,13,0,13.0,29494.0
35.8,55,100,43,0.0,62.3,123.5,0.0001,0,0.9,0,0.002695,12.425,1.7524,61246,66172.0,6.5174,298.01,303.68,1.0657,0.0,,35,,1.1585,0.19117,,,0.74502,0,,0,0,1,13,13,0,13.0,30163.0
36.0,55,100,43,0.0,55.87,124.59,0.0001,0,0.9,0,0.0026432,12.41,1.7889,61260,66195.0,6.5181,298.01,304.75,1.0702,0.0,721.06,35,1757.6,1.1576,0.19117,1.6474,13.318,0.74815,0,36.565,0,0,1,13,13,0,13.0,29502.0
36.2,55,100,47,0.0,49.153,126.24,0.0001,0,0.9,0,0.0028643,12.235,1.8229,61274,66218.0,6.5122,298.03,309.09,1.0748,0.0,,35,,1.2078,0.19064,,,0.75142,0,,0,0,1,13,13,0,13.0,29495.0
36.4,55,100,47,0.0,44.831,131.97,0.0001,0,0.9,0,0.0027783,12.22,1.8581,61287,66240.0,6.5021,298.03,310.4,1.0796,0.0,,35,,1.2108,0.1906,,,0.75474,0,,0,0,1,13,13,0,13.0,29662.0
36.6,55,100,47,0.0,44.521,134.51,0.0001,0,0.9,0,0.0027626,12.21,1.8937,61300,66263.0,6.4916,298.03,309.03,1.0843,0.0,,35,,1.2117,0.19058,,,0.75804,0,,0,0,1,13,13,0,13.0,29996.0
36.8,55,100,47,0.0,48.422,134.08,0.0001,0,0.9,0,0.002748,12.197,1.9297,61313,66285.0,6.4843,298.02,307.06,1.0889,0.0,,35,,1.214,0.19054,,,0.76133,0,,0,0,1,13,13,0,13.0,29833.0
37.0,55,100,47,0.0,55.216,132.8,0.0001,0,0.9,0,0.0027419,12.179,1.966,61328,66310.0,6.4834,298.03,308.22,1.0936,0.0,,35,,1.2202,0.19047,,,0.7646,0,,0,0,1,13,13,0,13.0,30005.0
37.2,55,100,47,0.0,62.351,135.08,0.0001,0,0.9,0,0.0026928,12.194,2.0031,61344,66335.0,6.4859,298.02,305.58,1.0982,0.0,,35,,1.2126,0.19054,,,0.76784,0,,0,0,1,13,13,0,13.0,30846.0
37.4,55,100,47,0.0,68.487,132.82,0.0001,0,0.9,0,0.0026673,12.167,2.0404,61362,66362.0,6.4915,298.02,306.2,1.1028,0.0,,35,,1.222,0.19044,,,0.77107,0,,0,0,1,13,13,0,13.0,29856.0
37.6,55,100,47,0.0,72.389,134.26,0.0001,0,0.9,0,0.0026199,12.178,2.0785,61380,66390.0,6.4989,298.01,302.56,1.1074,0.0,,35,,1.222,0.19043,,,0.77427,0,,0,0,1,13,13,0,13.0,31203.0
37.8,55,100,47,0.0,73.333,130.56,0.0001,0,0.9,0,0.0026091,12.159,2.1169,61399,66418.0,6.5066,298.01,302.67,1.1119,0.0,,35,,1.2223,0.19041,,,0.77744,0,,0,0,1,13,13,0,13.0,31218.0
38.0,55,100,47,0.0,71.223,131.01,0.0001,0,0.9,0,0.0025732,12.161,2.1557,61417,66445.0,6.5114,298.01,303.85,1.1164,0.0,,35,,1.2172,0.19046,,,0.78058,0,,0,0,1,13,13,0,13.0,31902.0
38.2,55,100,47,0.0,67.181,132.67,0.0001,0,0.9,0,0.0025291,12.149,2.1952,61434,66472.0,6.5135,298.01,303.89,1.1208,0.0,,35,,1.2151,0.19047,,,0.7837,0,,0,0,1,13,13,0,13.0,31423.0
38.4,55,100,47,0.0,62.29,133.08,0.0001,0,0.9,0,0.0025323,12.108,2.2348,61450,66498.0,6.5136,298.02,306.72,1.1253,0.0,,35,,1.2283,0.19033,,,0.7868,0,,0,0,1,13,13,0,13.0,31277.0
38.6,55,100,47,0.0,57.38,136.88,0.0001,0,0.9,0,0.0025022,12.114,2.2747,61465,66522.0,6.5093,298.03,309.49,1.1297,0.0,,35,,1.219,0.19041,,,0.78987,0,,0,0,1,13,13,0,13.0,31799.0
38.8,55,100,47,0.0,54.206,140.91,0.0001,0,0.9,0,0.0024913,12.093,2.3146,61480,66546.0,6.5001,298.03,310.59,1.134,0.0,,35,,1.2218,0.19038,,,0.79293,0,,0,0,1,13,13,0,13.0,31989.0
39.0,55,100,47,0.0,54.704,143.28,0.0001,0,0.9,0,0.0025014,12.058,2.3545,61495,66570.0,6.4938,298.04,312.08,1.1384,0.0,,35,,1.2309,0.19027,,,0.79598,0,,0,0,1,13,13,0,13.0,31678.0
39.2,55,100,47,0.0,57.706,146.33,0.0001,0,0.9,0,0.0024746,12.057,2.3947,61510,66595.0,6.4902,298.03,308.51,1.1427,0.0,,35,,1.2238,0.19034,,,0.79904,0,,0,0,1,13,13,0,13.0,32702.0
39.4,55,100,47,0.0,62.135,143.47,0.0001,0,0.9,0,0.0024691,12.028,2.435,61526,66620.0,6.4903,298.02,305.58,1.1471,0.0,,35,,1.2295,0.19027,,,0.8021,0,,0,0,1,13,13,0,13.0,32893.0
39.6,55,100,47,0.0,66.525,141.05,0.0001,0,0.9,0,0.0024303,12.034,2.476,61543,66647.0,6.4937,298.0,302.01,1.1514,0.0,,35,,1.2309,0.19025,,,0.80513,0,,0,0,1,13,13,0,13.0,32254.0
39.8,55,100,47,0.0,69.536,137.46,0.0001,0,0.9,0,0.0024375,12.004,2.517,61561,66674.0,6.4967,297.98,295.2,1.1557,0.0,,35,,1.242,0.19013,,,0.80815,0,,0,0,1,13,13,0,13.0,32782.0
40.0,55,100,47,0.0,71.375,129.53,0.0001,0,0.9,0,0.0024289,12.0,2.5582,61579,66701.0,6.5019,297.97,291.83,1.16,0.0,,35,,1.2382,0.19016,,,0.81116,0,,0,0,1,13,13,0,13.0,33477.0
40.2,60,100,51,0.0,71.128,124.92,0.0001,0,1.1,0,0.0026576,13.663,2.5971,61600,66732.0,6.5043,297.98,295.96,1.0752,10.0,,35,,1.2637,0.19115,,,0.82004,0,,0,0,1,13,13,0,13.0,33661.0
40.4,60,100,51,0.0,69.938,128.8,0.0001,0,1.1,0,0.002698,13.624,2.6358,61621,66762.0,6.5055,298.0,299.4,1.0749,10.0,,35,,1.2463,0.19131,,,0.81981,0,,0,0,1,13,13,0,13.0,33178.0
40.6,60,100,51,0.0,68.259,132.18,0.0001,0,1.1,0,0.0026661,13.614,2.6752,61641,66792.0,6.5053,298.0,300.56,1.0789,10.0,,35,,1.2469,0.1913,,,0.82286,0,,0,0,1,13,13,0,13.0,33698.0
40.8,60,100,51,0.0,66.663,133.29,0.0001,0,1.1,0,0.0026694,13.591,2.7145,61661,66822.0,6.505,298.0,300.27,1.0832,10.0,,35,,1.2494,0.19127,,,0.82611,0,,0,0,1,13,13,0,13.0,34718.0
41.0,60,100,51,0.0,65.177,132.88,0.0001,0,1.1,0,0.0026484,13.551,2.7543,61680,66851.0,6.5044,297.99,299.35,1.0874,10.0,,35,,1.264,0.19112,,,0.82937,0,,0,0,1,13,13,0,13.0,33406.0
41.2,60,100,51,0.0,63.925,131.71,0.0001,0,1.1,0,0.0026064,13.535,2.7949,61700,66880.0,6.5017,298.0,301.27,1.0917,10.0,,35,,1.2729,0.19103,,,0.83261,0,,0,0,1,13,13,0,13.0,33599.0
41.4,60,100,51,0.0,63.782,133.84,0.0001,0,1.1,0,0.0025895,13.544,2.8357,61719,66909.0,6.5003,298.02,305.68,1.0958,10.0,,35,,1.259,0.19115,,,0.83581,0,,0,0,1,13,13,0,13.0,34626.0
41.6,60,100,51,0.0,64.177,139.13,0.0001,0,1.1,0,0.0025606,13.538,2.877,61739,66938.0,6.4964,298.02,307.37,1.1,10.0,,35,,1.2547,0.19119,,,0.839,0,,0,0,1,13,13,0,13.0,35155.0
41.8,60,100,51,0.0,66.146,141.66,0.0001,0,1.1,0,0.0025388,13.53,2.9186,61758,66968.0,6.4968,298.02,307.16,1.1042,10.0,,35,,1.2456,0.19126,,,0.84218,0,,0,0,1,13,13,0,13.0,35519.0
42.0,60,100,51,0.0,67.946,142.21,0.0001,0,1.1,0,0.0025558,13.486,2.9601,61778,66998.0,6.4978,298.02,308.04,1.1083,10.0,,35,,1.2564,0.19115,,,0.84538,0,,0,0,1,13,13,0,13.0,35550.0
42.2,60,100,51,0.0,69.326,144.09,0.0001,0,1.1,0,0.0025565,13.462,3.002,61799,67028.0,6.4992,298.03,308.39,1.1125,10.0,,35,,1.2639,0.19107,,,0.84858,0,,0,0,1,13,13,0,13.0,35415.0
42.4,60,100,51,0.0,70.175,145.43,0.0001,0,1.1,0,0.0025037,13.454,3.0449,61820,67058.0,6.4985,298.02,306.35,1.1167,10.0,,35,,1.2716,0.19099,,,0.85176,0,,0,0,1,13,13,0,13.0,35452.0
42.6,60,100,51,0.0,71.295,143.97,0.0001,0,1.1,0,0.0024688,13.446,3.0881,61840,67089.0,6.4978,298.0,301.24,1.1208,10.0,,35,,1.2782,0.19092,,,0.85489,0,,0,0,1,13,13,0,13.0,35491.0
42.8,60,100,51,0.0,72.71,138.63,0.0001,0,1.1,0,0.0024564,13.429,3.1314,61861,67119.0,6.5008,297.98,295.41,1.1249,10.0,,35,,1.2846,0.19085,,,0.85801,0,,0,0,1,13,13,0,13.0,35530.0
43.0,60,100,51,0.0,72.905,131.87,0.0001,0,1.1,0,0.0024494,13.397,3.1751,61883,67150.0,6.5041,297.97,291.42,1.1289,10.0,,35,,1.2887,0.19081,,,0.86113,0,,0,0,1,13,13,0,13.0,35738.0
43.2,60,100,51,0.0,71.775,126.56,0.0001,0,1.1,0,0.0024815,13.347,3.2187,61904,67181.0,6.5059,297.97,291.68,1.1331,10.0,,35,,1.2965,0.19073,,,0.86429,0,,0,0,1,13,13,0,13.0,36611.0
43.4,60,100,51,0.0,69.959,125.75,0.0001,0,1.1,0,0.0024268,13.35,3.2628,61924,67211.0,6.507,297.97,291.66,1.1372,10.0,,35,,1.2983,0.1907,,,0.86742,0,,0,0,1,13,13,0,13.0,37322.0
43.6,60,100,51,0.0,67.68,124.54,0.0001,0,1.1,0,0.002363,13.346,3.3078,61944,67241.0,6.5068,297.97,291.29,1.1412,10.0,,35,,1.3048,0.19063,,,0.8705,0,,0,0,1,13,13,0,13.0,36202.0
43.8,60,100,51,0.0,65.492,122.92,0.0001,0,1.1,0,0.0023157,13.359,3.3532,61964,67270.0,6.5064,297.97,291.24,1.1451,10.0,,35,,1.2933,0.19073,,,0.87353,0,,0,0,1,13,13,0,13.0,36585.0
44.0,60,100,51,0.0,63.454,121.63,0.0001,0,1.1,0,0.0022742,13.351,3.3993,61983,67299.0,6.5037,297.98,294.21,1.149,10.0,,35,,1.2931,0.19073,,,0.87652,0,,0,0,1,13,13,0,13.0,36971.0
44.2,60,100,57,0.0,62.51,123.92,0.0001,0,1.1,0,0.0025915,13.139,3.4424,62003,67330.0,6.4952,298.01,302.72,1.1532,10.0,,35,,1.3439,0.19024,,,0.8797,0,,0,0,1,13,13,0,13.0,37676.0
44.4,60,100,57,0.0,64.973,133.11,0.0001,0,1.1,0,0.0025552,13.126,3.4859,62024,67360.0,6.4887,298.03,310.36,1.1575,10.0,,35,,1.354,0.19013,,,0.88297,0,,0,0,1,13,13,0,13.0,38216.0
44.6,60,100,57,0.0,69.997,142.22,0.0001,0,1.1,0,0.0026426,13.04,3.5282,62046,67392.0,6.4825,298.06,319.18,1.1618,10.0,,35,,1.3804,0.18987,,,0.88631,0,,0,0,1,13,13,0,13.0,37917.0
44.8,60,100,57,0.0,77.508,153.74,0.0001,0,1.1,0,0.0025908,13.053,3.571,62069,67425.0,6.483,298.09,325.96,1.1662,10.0,,35,,1.373,0.18993,,,0.88967,0,,0,0,1,13,13,0,13.0,36953.0
45.0,60,100,57,0.0,84.809,163.93,0.0001,0,1.1,0,0.0026419,13.01,3.613,62094,67460.0,6.4866,298.11,332.21,1.1707,10.0,,35,,1.3801,0.18986,,,0.89306,0,,0,0,1,13,13,0,13.0,37653.0
45.2,60,100,57,0.0,90.679,174.42,0.0001,0,1.1,0,0.0026655,12.986,3.655,62120,67496.0,6.4906,298.12,335.59,1.1751,10.0,,35,,1.3795,0.18985,,,0.89649,0,,0,0,1,13,13,0,13.0,39352.0
45.4,60,100,57,0.0,94.976,182.32,0.0001,0,1.1,0,0.0026452,12.979,3.6974,62146,67533.0,6.4943,298.13,338.25,1.1796,10.0,,35,,1.3722,0.18991,,,0.89993,0,,0,0,1,13,13,0,13.0,39053.0
45.6,60,100,57,0.0,97.767,189.88,0.0001,0,1.1,0,0.0026352,12.968,3.7401,62174,67571.0,6.4992,298.12,335.2,1.1841,10.0,,35,,1.3666,0.18996,,,0.90337,0,,0,0,1,13,13,0,13.0,38423.0
45.8,60,100,57,0.0,98.618,191.03,0.0001,0,1.1,0,0.0026394,12.939,3.783,62201,67609.0,6.5027,298.1,330.79,1.1886,10.0,,35,,1.3675,0.18994,,,0.90683,0,,0,0,1,13,13,0,13.0,39127.0
46.0,60,100,57,0.0,98.058,190.32,0.0001,0,1.1,0,0.0026124,12.908,3.8266,62228,67646.0,6.5068,298.11,331.53,1.1931,10.0,,35,,1.3795,0.18982,,,0.91028,0,,0,0,1,13,13,0,13.0,39334.0
46.2,60,100,57,0.0,95.854,195.18,0.0001,0,1.1,0,0.0025887,12.905,3.8706,62255,67683.0,6.5092,298.1,328.81,1.1976,10.0,,35,,1.3783,0.18982,,,0.9137,0,,0,0,1,13,13,0,13.0,40043.0
46.4,60,100,57,0.0,92.698,195.9,0.0001,0,1.1,0,0.0025684,12.895,3.9151,62282,67720.0,6.51,298.08,324.87,1.2021,10.0,,35,,1.377,0.18983,,,0.9171,0,,0,0,1,13,13,0,13.0,39755.0
46.6,60,100,57,0.0,89.221,194.92,0.0001,0,1.1,0,0.0025912,12.858,3.9594,62307,67756.0,6.51,298.06,318.81,1.2065,10.0,,35,,1.3852,0.18974,,,0.92049,0,,0,0,1,13,13,0,13.0,40799.0
46.8,60,100,57,0.0,85.737,190.97,0.0001,0,1.1,0,0.0025739,12.83,4.004,62332,67791.0,6.5107,298.06,316.97,1.2109,10.0,,35,,1.3879,0.18971,,,0.92388,0,,0,0,1,13,13,0,13.0,40678.0
47.0,60,100,57,0.0,81.966,191.28,0.0001,0,1.1,0,0.0025382,12.796,4.0493,62356,67825.0,6.5086,298.06,317.25,1.2153,10.0,,35,,1.3985,0.1896,,,0.92727,0,,0,0,1,13,13,0,13.0,39393.0
47.2,60,100,57,0.0,79.055,193.75,0.0001,0,1.1,0,0.0024717,12.796,4.0956,62380,67859.0,6.5064,298.05,314.67,1.2197,10.0,,35,,1.3982,0.18959,,,0.93061,0,,0,0,1,13,13,0,13.0,41280.0
47.4,60,100,57,0.0,77.031,192.82,0.0001,0,1.1,0,0.0024678,12.759,4.1421,62403,67893.0,6.5038,298.03,310.76,1.2241,10.0,,35,,1.4078,0.18949,,,0.93394,0,,0,0,1,13,13,0,13.0,40335.0
47.6,60,100,57,0.0,76.037,190.07,0.0001,0,1.1,0,0.0024655,12.719,4.1888,62426,67926.0,6.5005,298.03,308.32,1.2284,10.0,,35,,1.4174,0.18939,,,0.93729,0,,0,0,1,13,13,0,13.0,41557.0
47.8,60,100,57,0.0,76.343,188.59,0.0001,0,1.1,0,0.0024265,12.697,4.2356,62449,67959.0,6.4997,298.01,303.62,1.2328,10.0,,35,,1.4301,0.18926,,,0.94062,0,,0,0,1,13,13,0,13.0,41447.0
48.0,60,100,57,0.0,76.986,184.1,0.0001,0,1.1,0,0.0024251,12.667,4.2827,62472,67993.0,6.5015,297.98,295.92,1.2371,10.0,655.66,35,1787.6,1.4373,0.18918,4.0956,16.594,0.94395,0,51.068,0,0,1,13,13,0,13.0,40504.0
48.2,60,100,61,0.0,76.885,175.52,0.0001,0,1.1,0,0.0025591,12.53,4.3284,62496,68027.0,6.5032,297.97,290.61,1.2416,10.0,,35,,1.4757,0.18881,,,0.94739,0,,0,0,1,13,13,0,13.0,40722.0
48.4,60,100,61,0.0,76.106,168.86,0.0001,0,1.1,0,0.0025186,12.511,4.3749,62519,68061.0,6.5048,297.97,291.09,1.2462,10.0,,35,,1.4848,0.18871,,,0.95087,0,,0,0,1,13,13,0,13.0,41443.0
48.6,60,100,61,0.0,74.699,168.27,0.0001,0,1.1,0,0.0025059,12.49,4.422,62543,68095.0,6.5068,297.96,290.12,1.2507,10.0,,35,,1.4848,0.18871,,,0.95435,0,,0,0,1,13,13,0,13.0,42001.0
48.8,60,100,61,0.0,72.489,165.89,0.0001,0,1.1,0,0.0024907,12.502,4.4698,62566,68129.0,6.5084,297.96,288.22,1.2552,10.0,,35,,1.4706,0.18883,,,0.95779,0,,0,0,1,13,13,0,13.0,42896.0
49.0,60,100,61,0.0,69.642,162.33,0.0001,0,1.1,0,0.0025005,12.473,4.5176,62588,68162.0,6.508,297.96,287.66,1.2597,10.0,,35,,1.4665,0.18886,,,0.96122,0,,0,0,1,13,13,0,13.0,42624.0
49.2,60,100,61,0.0,66.958,160.13,0.0001,0,1.1,0,0.0025381,12.396,4.565,62610,68194.0,6.5073,297.96,289.39,1.2642,10.0,,35,,1.4931,0.1886,,,0.9647,0,,0,0,1,13,13,0,13.0,41683.0
49.4,60,100,61,0.0,64.562,160.52,0.0001,0,1.1,0,0.0025446,12.369,4.6124,62632,68226.0,6.5065,297.96,289.94,1.2688,10.0,,35,,1.4908,0.18861,,,0.96819,0,,0,0,1,13,13,0,13.0,42908.0
49.6,60,100,61,0.0,62.476,159.68,0.0001,0,1.1,0,0.0025308,12.343,4.6601,62653,68258.0,6.5051,297.96,289.25,1.2733,10.0,,35,,1.498,0.18854,,,0.97169,0,,0,0,1,13,13,0,13.0,42636.0
49.8,60,100,61,0.0,60.968,157.49,0.0001,0,1.1,0,0.0025908,12.309,4.707,62673,68290.0,6.5047,297.97,291.47,1.2779,10.0,,35,,1.4952,0.18856,,,0.97521,0,,0,0,1,13,13,0,13.0,43693.0
50.0,60,100,61,0.0,59.608,158.65,0.0001,0,1.1,0,0.0025759,12.262,4.7544,62694,68321.0,6.5034,297.98,293.58,1.2825,10.0,,35,,1.5128,0.18838,,,0.97874,0,,0,0,1,13,13,0,13.0,44085.0
50.2,60,100,61,0.0,58.781,159.89,0.0001,500,1.1,0,0.0025172,13.586,4.7952,62814,68452.0,6.4977,297.87,261.0,1.2871,10.0,,35,,1.176,0.19157,,,0.98223,0,,0,0,1,13,13,0,13.0,44451.0
50.4,60,100,61,0.0,60.226,47.967,221.86,500,1.1,0,0.0025565,13.566,4.8355,62934,68583.0,6.4951,298.56,464.87,1.2917,10.0,,35,,1.1644,0.19167,,,0.98572,0,,0,0,1,13,13,0,13.0,43315.0
50.6,60,100,61,0.0,62.683,282.2,22.186,500,1.1,0,0.0024951,13.624,4.8763,63055,68714.0,6.4945,298.38,412.72,1.2962,10.0,,35,,1.1488,0.19181,,,0.98919,0,,0,0,1,13,13,0,13.0,44182.0
50.8,60,100,61,0.0,65.396,237.01,2.2186,500,1.1,0,0.0024705,13.654,4.9171,63177,68846.0,6.4957,298.19,357.51,1.3007,10.0,,35,,1.1495,0.19179,,,0.99263,0,,0,0,1,13,13,0,13.0,44382.0
51.0,60,100,61,0.0,67.62,188.24,0.22186,500,1.1,0,0.0024183,13.708,4.9583,63299,68979.0,6.4971,298.04,312.11,1.3051,10.0,,35,,1.14,0.19188,,,0.99602,0,,0,0,1,13,13,0,13.0,44750.0
51.2,60,100,61,0.0,69.285,144.11,0.022186,500,1.1,0,0.0024629,13.688,4.9992,63421,69112.0,6.4989,297.95,284.27,1.3096,10.0,,35,,1.148,0.19179,,,0.99942,0,,0,0,1,13,13,0,13.0,45451.0
51.4,60,100,61,0.0,70.247,43.234,144.61,500,1.1,0,0.0023973,13.725,5.0408,63543,69245.0,6.5012,298.39,416.39,1.314,10.0,,35,,1.1478,0.19179,,,1.0028,0,,0,0,1,13,13,0,13.0,44821.0
51.6,60,100,61,0.0,70.278,194.96,14.461,500,1.1,0,0.002349,13.748,5.0828,63666,69378.0,6.5024,298.26,376.96,1.3184,10.0,,35,,1.1483,0.19177,,,1.0062,0,,0,0,1,13,13,0,13.0,45693.0
51.8,60,100,61,0.0,69.853,160.69,1.4461,500,1.1,0,0.0023225,13.759,5.1252,63788,69511.0,6.5024,298.13,337.89,1.3227,10.0,,35,,1.152,0.19173,,,1.0095,0,,0,0,1,13,13,0,13.0,45234.0
52.0,60,100,61,0.0,69.412,126.29,0.14461,500,1.1,0,0.0023338,13.744,5.1678,63910,69644.0,6.5023,298.03,308.66,1.3271,10.0,,35,,1.1708,0.19154,,,1.0128,0,,0,0,1,13,13,0,13.0,45943.0
52.2,60,100,65,0.0,69.003,98.403,0.014461,500,1.1,0,0.0024851,13.627,5.209,64033,69778.0,6.4998,297.97,292.05,1.3316,10.0,,35,,1.2125,0.19114,,,1.0163,0,,0,0,1,13,13,0,13.0,46311.0
52.4,60,100,65,0.0,69.601,81.177,0.0014461,500,1.1,0,0.0025185,13.611,5.2498,64156,69912.0,6.4985,297.94,283.04,1.3362,10.0,,35,,1.224,0.19102,,,1.0199,0,,0,0,1,13,13,0,13.0,46345.0
52.6,60,100,65,0.0,70.737,24.353,87.372,500,1.1,0,0.0025388,13.612,5.2903,64280,70046.0,6.4976,298.24,371.85,1.3409,10.0,,35,,1.2217,0.19103,,,1.0235,0,,0,0,1,13,13,0,13.0,46876.0
52.8,60,100,65,0.0,72.21,124.14,8.7372,500,1.1,0,0.0025461,13.628,5.3305,64403,70181.0,6.4979,298.18,353.81,1.3456,10.0,,35,,1.2254,0.19099,,,1.0271,0,,0,0,1,13,13,0,13.0,46073.0
53.0,60,100,65,0.0,73.569,110.3,0.87372,500,1.1,0,0.0024738,13.696,5.3711,64527,70316.0,6.4996,298.11,333.35,1.3503,10.0,,35,,1.215,0.19108,,,1.0306,0,,0,0,1,13,13,0,13.0,45605.0
53.2,60,100,65,0.0,74.242,94.167,0.087372,500,1.1,0,0.0024662,13.712,5.4119,64651,70451.0,6.5017,298.06,318.96,1.3549,10.0,,35,,1.2055,0.19116,,,1.0342,0,,0,0,1,13,13,0,13.0,47305.0
53.4,60,100,65,0.0,74.066,82.496,0.0087372,500,1.1,0,0.0024749,13.715,5.4526,64775,70586.0,6.5033,298.03,307.99,1.3595,10.0,,35,,1.2064,0.19114,,,1.0377,0,,0,0,1,13,13,0,13.0,47004.0
53.6,60,100,65,0.0,73.28,72.826,0.00087372,500,1.1,0,0.0024593,13.747,5.4935,64899,70720.0,6.5044,298.0,299.01,1.3641,10.0,,35,,1.2052,0.19114,,,1.0412,0,,0,0,1,13,13,0,13.0,47038.0
53.8,60,100,65,0.0,72.053,63.99,0.0001,500,1.1,0,0.0024305,13.767,5.5346,65022,70855.0,6.5057,297.98,292.98,1.3687,10.0,,35,,1.2104,0.19109,,,1.0447,0,,0,0,1,13,13,0,13.0,47406.0
54.0,60,100,65,0.0,70.299,57.346,0.0001,500,1.1,0,0.0023972,13.795,5.5759,65145,70989.0,6.5065,297.96,288.59,1.3732,10.0,,35,,1.2137,0.19105,,,1.0482,0,,0,0,1,13,13,0,13.0,48441.0
54.2,60,100,65,0.0,68.24,51.76,0.0001,500,1.1,0,0.0023839,13.81,5.6174,65268,71122.0,6.5058,297.96,286.17,1.3777,10.0,,35,,1.2128,0.19105,,,1.0516,0,,0,0,1,13,13,0,13.0,47645.0
54.4,60,100,65,0.0,66.429,47.829,0.0001,500,1.1,0,0.002378,13.807,5.659,65390,71256.0,6.5036,297.95,284.23,1.3822,10.0,,35,,1.2172,0.191,,,1.0551,0,,0,0,1,13,13,0,13.0,47848.0
54.6,60,100,65,0.0,65.502,44.097,0.0001,500,1.1,0,0.0023632,13.791,5.7005,65512,71389.0,6.5005,297.95,284.75,1.3867,10.0,,35,,1.2353,0.19082,,,1.0586,0,,0,0,1,13,13,0,13.0,48552.0
54.8,60,100,65,0.0,65.834,42.877,0.0001,500,1.1,0,0.0023317,13.83,5.7427,65635,71522.0,6.4985,297.95,285.4,1.3912,10.0,,35,,1.225,0.1909,,,1.062,0,,0,0,1,13,13,0,13.0,48758.0
55.0,60,100,65,0.0,66.952,41.799,0.0001,500,1.1,0,0.0022883,13.875,5.785,65757,71655.0,6.4981,297.95,284.27,1.3957,10.0,,35,,1.2165,0.19098,,,1.0654,0,,0,0,1,13,13,0,13.0,48799.0
55.2,60,100,65,0.0,68.221,38.812,0.0001,500,1.1,0,0.0022661,13.896,5.8274,65880,71789.0,6.4975,297.95,284.42,1.4001,10.0,,35,,1.2172,0.19096,,,1.0688,0,,0,0,1,13,13,0,13.0,48339.0
55.4,60,100,65,0.0,69.726,37.159,0.0001,500,1.1,0,0.0022668,13.901,5.87,66003,71923.0,6.4963,297.95,284.9,1.4045,10.0,,35,,1.2256,0.19087,,,1.0722,0,,0,0,1,13,13,0,13.0,48881.0
55.6,60,100,65,0.0,71.722,35.868,0.0001,500,1.1,0,0.0022086,13.967,5.9127,66126,72057.0,6.4963,297.95,284.35,1.4088,10.0,,35,,1.2139,0.19098,,,1.0755,0,,0,0,1,13,13,0,13.0,49091.0
55.8,60,100,65,0.0,73.727,33.475,0.0001,500,1.1,0,0.002155,14.028,5.9558,66250,72192.0,6.4976,297.95,284.05,1.4131,10.0,,35,,1.1992,0.19111,,,1.0788,0,,0,0,1,13,13,0,13.0,49135.0
56.0,60,100,65,0.0,75.209,31.318,0.0001,500,1.1,0,0.0020934,14.073,5.9987,66374,72326.0,6.4996,297.95,283.1,1.4173,10.0,,35,,1.1925,0.19116,,,1.082,0,,0,0,1,13,13,0,13.0,50345.0
56.2,60,100,72,0.0,75.887,9.3954,42.582,500,1.1,0,0.0023375,13.907,6.0399,66499,72463.0,6.4981,298.1,331.73,1.4217,10.0,,34,,1.2507,0.1906,,,1.0854,0,,0,0,1,13,13,0,13.0,50880.0
56.4,60,100,72,0.0,77.192,61.163,4.2582,500,1.1,0,0.0023385,13.932,6.0812,66625,72600.0,6.496,298.09,328.12,1.4262,10.0,,34,,1.2417,0.19068,,,1.0888,0,,0,0,1,13,13,0,13.0,49749.0
56.6,60,100,72,0.0,79.323,59.872,0.42582,500,1.1,0,0.0023666,13.931,6.1224,66751,72737.0,6.4921,298.07,320.49,1.4309,10.0,,34,,1.2422,0.19067,,,1.0924,0,,0,0,1,13,13,0,13.0,49617.0
56.8,60,100,72,0.0,82.999,54.981,0.042582,500,1.1,0,0.0023079,13.978,6.1641,66878,72875.0,6.4902,298.04,312.81,1.4354,10.0,,34,,1.2372,0.1907,,,1.0959,0,,0,0,1,13,13,0,13.0,50822.0
57.0,60,100,72,0.0,87.453,49.238,0.0042582,500,1.1,0,0.0022513,14.02,6.2063,67006,73014.0,6.491,298.02,306.82,1.4399,10.0,,34,,1.2399,0.19067,,,1.0994,0,,0,0,1,13,13,0,13.0,50195.0
57.2,60,100,72,0.0,91.569,44.444,0.00042582,500,1.1,0,0.0022431,14.042,6.2483,67135,73154.0,6.4936,298.01,302.18,1.4444,10.0,,34,,1.2346,0.19071,,,1.1028,0,,0,0,1,13,13,0,13.0,51234.0
57.4,60,100,72,0.0,94.643,40.389,0.0001,500,1.1,0,0.0022078,14.084,6.2906,67264,73294.0,6.4967,298.0,298.03,1.4489,10.0,,34,,1.2184,0.19086,,,1.1062,0,,0,0,1,13,13,0,13.0,50941.0
57.6,60,100,72,0.0,96.47,36.288,0.0001,500,1.1,0,0.0021946,14.114,6.3326,67393,73435.0,6.5012,297.99,294.97,1.4534,10.0,,34,,1.2138,0.19089,,,1.1097,0,,0,0,1,13,13,0,13.0,50814.0
57.8,60,100,72,0.0,96.496,32.891,0.0001,500,1.1,0,0.0021903,14.114,6.3747,67523,73575.0,6.5051,297.98,292.96,1.4579,10.0,,34,,1.2204,0.19082,,,1.1131,0,,0,0,1,13,13,0,13.0,52020.0
58.0,60,100,72,0.0,94.965,30.241,0.0001,500,1.1,0,0.002173,14.138,6.417,67652,73716.0,6.5078,297.98,291.99,1.4623,10.0,,34,,1.2184,0.19083,,,1.1165,0,,0,0,1,13,13,0,13.0,52394.0
58.2,60,100,72,0.0,92.368,28.47,0.0001,500,1.1,0,0.0021463,14.163,6.4597,67781,73855.0,6.51,297.97,291.35,1.4667,10.0,,34,,1.2151,0.19085,,,1.1199,0,,0,0,1,13,13,0,13.0,51102.0
58.4,60,100,72,0.0,88.873,26.924,0.0001,500,1.1,0,0.0021422,14.176,6.5021,67909,73995.0,6.5115,297.97,290.9,1.4712,10.0,,34,,1.2159,0.19084,,,1.1233,0,,0,0,1,13,13,0,13.0,52477.0
58.6,60,100,72,0.0,84.781,25.495,0.0001,500,1.1,0,0.0021492,14.149,6.5447,68036,74133.0,6.5113,297.98,291.57,1.4756,10.0,,34,,1.2365,0.19063,,,1.1267,0,,0,0,1,13,13,0,13.0,52852.0
58.8,60,100,72,0.0,80.775,25.217,0.0001,500,1.1,0,0.0021612,14.139,6.5873,68162,74270.0,6.5094,297.98,293.36,1.48,10.0,,34,,1.2432,0.19056,,,1.1301,0,,0,0,1,13,13,0,13.0,52561.0
59.0,60,100,72,0.0,77.522,26.194,0.0001,500,1.1,0,0.0021648,14.131,6.6302,68288,74407.0,6.5076,297.99,294.92,1.4845,10.0,,34,,1.2531,0.19046,,,1.1335,0,,0,0,1,13,13,0,13.0,52104.0
59.2,60,100,72,0.0,75.0,27.112,0.0001,500,1.1,0,0.0021412,14.158,6.6732,68413,74544.0,6.504,297.99,295.63,1.489,10.0,,34,,1.246,0.19052,,,1.137,0,,0,0,1,13,13,0,13.0,53482.0
59.4,60,100,72,0.0,73.945,27.3,0.0001,500,1.1,0,0.0021526,14.146,6.7162,68538,74680.0,6.5001,297.99,296.37,1.4935,10.0,,34,,1.256,0.19041,,,1.1404,0,,0,0,1,13,13,0,13.0,52859.0
59.6,60,100,72,0.0,74.436,27.617,0.0001,500,1.1,0,0.0021097,14.191,6.7591,68663,74816.0,6.4979,297.99,296.19,1.498,10.0,,34,,1.2502,0.19046,,,1.1439,0,,0,0,1,13,13,0,13.0,53735.0
59.8,60,100,72,0.0,75.802,27.036,0.0001,500,1.1,0,0.0020423,14.252,6.8021,68789,74953.0,6.4958,297.98,294.23,1.5024,10.0,,34,,1.2389,0.19056,,,1.1472,0,,0,0,1,13,13,0,13.0,53779.0
60.0,60,100,72,0.0,77.981,24.561,0.0001,500,1.1,0,0.001995,14.305,6.8448,68914,75089.0,6.4969,297.98,291.87,1.5067,10.0,887.1,34,1769.1,1.2353,0.19058,6.6732,18.573,1.1505,0,42.979,0,0,1,13,13,0,13.0,53322.0
60.2,60,100,76,0.0,79.728,21.475,0.0001,500,1.1,0,0.0020532,14.277,6.8874,69041,75227.0,6.4971,297.98,292.36,1.511,10.0,,33,,1.2515,0.19042,,,1.1539,0,,0,0,1,13,13,0,13.0,54197.0
60.4,60,100,76,0.0,81.417,21.157,0.0001,500,1.1,0,0.002035,14.303,6.9299,69169,75366.0,6.4966,297.98,292.67,1.5154,10.0,,33,,1.2525,0.1904,,,1.1572,0,,0,0,1,13,13,0,13.0,54239.0
60.6,60,100,76,0.0,83.289,20.644,0.0001,500,1.1,0,0.0020734,14.288,6.9719,69296,75504.0,6.4974,297.98,294.58,1.5198,10.0,,33,,1.2633,0.19029,,,1.1606,0,,0,0,1,13,13,0,13.0,54611.0
60.8,60,100,76,0.0,84.83,21.856,0.0001,500,1.1,0,0.0020119,14.346,7.014,69424,75643.0,6.4985,297.98,294.68,1.5242,10.0,,33,,1.2534,0.19038,,,1.1639,0,,0,0,1,13,13,0,13.0,54484.0
61.0,60,100,76,0.0,85.962,21.339,0.0001,500,1.1,0,0.0020297,14.353,7.0564,69552,75782.0,6.4982,297.99,295.18,1.5285,10.0,,33,,1.2503,0.1904,,,1.1673,0,,0,0,1,13,13,0,13.0,55358.0
61.2,60,100,76,0.0,87.216,21.299,0.0001,500,1.1,0,0.0020198,14.38,7.0991,69680,75922.0,6.4977,297.99,295.88,1.5329,10.0,,33,,1.2445,0.19045,,,1.1707,0,,0,0,1,13,13,0,13.0,55234.0
61.4,60,100,76,0.0,88.646,21.516,0.0001,500,1.1,0,0.0020063,14.402,7.1417,69809,76062.0,6.4983,297.99,295.7,1.5373,10.0,,33,,1.2464,0.19042,,,1.174,0,,0,0,1,13,13,0,13.0,54942.0
61.6,60,100,76,0.0,89.854,20.874,0.0001,500,1.1,0,0.0019979,14.428,7.1844,69938,76202.0,6.4981,297.99,295.68,1.5416,10.0,,33,,1.2396,0.19048,,,1.1773,0,,0,0,1,13,13,0,13.0,56152.0
61.8,60,100,76,0.0,91.155,20.411,0.0001,500,1.1,0,0.0020159,14.44,7.2274,70067,76342.0,6.4995,297.99,295.73,1.546,10.0,,33,,1.2347,0.19051,,,1.1807,0,,0,0,1,13,13,0,13.0,55695.0
62.0,60,100,76,0.0,91.878,20.007,0.0001,500,1.1,0,0.0020178,14.454,7.2704,70196,76482.0,6.4998,297.99,295.83,1.5504,10.0,,33,,1.2341,0.19051,,,1.184,0,,0,0,1,13,13,0,13.0,56906.0
62.2,60,100,76,0.0,92.475,19.665,0.0001,500,1.1,0,0.0020129,14.488,7.3135,70325,76623.0,6.4999,297.99,295.46,1.5547,10.0,,33,,1.2255,0.19058,,,1.1874,0,,0,0,1,13,13,0,13.0,55450.0
62.4,60,100,76,0.0,93.033,18.84,0.0001,500,1.1,0,0.0020273,14.495,7.3562,70455,76764.0,6.5002,297.99,295.43,1.5591,10.0,,33,,1.2307,0.19053,,,1.1908,0,,0,0,1,13,13,0,13.0,56826.0
62.6,60,100,76,0.0,93.491,18.342,0.0001,500,1.1,0,0.0019677,14.538,7.3991,70584,76904.0,6.4982,297.98,293.95,1.5634,10.0,,33,,1.2321,0.1905,,,1.1941,0,,0,0,1,13,13,0,13.0,57203.0
62.8,60,100,76,0.0,94.731,16.323,0.0001,500,1.1,0,0.0019201,14.604,7.4421,70714,77045.0,6.4979,297.98,291.6,1.5677,10.0,,33,,1.2169,0.19064,,,1.1973,0,,0,0,1,13,13,0,13.0,56413.0
63.0,60,100,76,0.0,96.096,13.275,0.0001,500,1.1,0,0.0019228,14.618,7.4849,70844,77186.0,6.4998,297.97,290.69,1.5719,10.0,,33,,1.2165,0.19064,,,1.2005,0,,0,0,1,13,13,0,13.0,56623.0
63.2,60,100,76,0.0,96.696,11.465,0.0001,500,1.1,0,0.001944,14.623,7.5274,70974,77327.0,6.5022,297.97,290.91,1.5761,10.0,,33,,1.221,0.19058,,,1.2038,0,,0,0,1,13,13,0,13.0,58165.0
63.4,60,100,76,0.0,96.336,10.695,0.0001,500,1.1,0,0.0019625,14.62,7.5699,71104,77468.0,6.505,297.98,291.73,1.5803,10.0,,33,,1.2279,0.19051,,,1.207,0,,0,0,1,13,13,0,13.0,57373.0
63.6,60,100,76,0.0,94.841,10.553,0.0001,500,1.1,0,0.0019369,14.659,7.6126,71234,77609.0,6.5084,297.98,291.92,1.5846,10.0,,33,,1.2216,0.19056,,,1.2103,0,,0,0,1,13,13,0,13.0,57248.0
63.8,60,100,76,0.0,91.999,9.8312,0.0001,500,1.1,0,0.0019139,14.661,7.6553,71363,77750.0,6.5123,297.98,292.22,1.5887,10.0,,33,,1.2367,0.19041,,,1.2135,0,,0,0,1,13,13,0,13.0,57291.0
64.0,60,100,76,0.0,87.589,9.2518,0.0001,500,1.1,0,0.0018174,14.754,7.6978,71491,77889.0,6.5146,297.97,290.48,1.5928,10.0,,33,,1.2149,0.19061,,,1.2166,0,,0,0,1,13,13,0,13.0,57999.0
64.2,60,100,80,0.0,82.282,6.6188,0.0001,500,1.1,0,0.0018685,14.715,7.7406,71619,78028.0,6.5134,297.98,291.62,1.5969,10.0,,32,,1.2336,0.19043,,,1.2197,0,,0,0,1,13,13,0,13.0,58542.0
64.4,60,100,80,0.0,77.437,6.7889,0.0001,500,1.1,0,0.001889,14.675,7.7836,71746,78166.0,6.5106,297.98,293.66,1.601,10.0,,32,,1.2635,0.19013,,,1.2229,0,,0,0,1,13,13,0,13.0,59086.0
64.6,60,100,80,0.0,73.738,7.9326,0.0001,500,1.1,0,0.0018779,14.668,7.8267,71872,78303.0,6.5073,297.99,295.08,1.6052,10.0,,32,,1.2862,0.18991,,,1.2261,0,,0,0,1,13,13,0,13.0,58464.0
64.8,60,100,80,0.0,71.332,8.6563,0.0001,500,1.1,0,0.0018169,14.739,7.8697,71998,78440.0,6.5039,297.99,295.1,1.6093,10.0,,32,,1.2643,0.19011,,,1.2293,0,,0,0,1,13,13,0,13.0,58174.0
65.0,60,100,80,0.0,70.312,8.1178,0.0001,500,1.1,0,0.0017712,14.779,7.9126,72123,78576.0,6.5002,297.98,294.41,1.6133,10.0,,32,,1.257,0.19017,,,1.2324,0,,0,0,1,13,13,0,13.0,59718.0
65.2,60,100,80,0.0,70.765,6.883,0.0001,500,1.1,0,0.0017673,14.77,7.9554,72249,78713.0,6.4955,297.98,294.28,1.6173,10.0,,32,,1.2761,0.18998,,,1.2354,0,,0,0,1,13,13,0,13.0,58927.0
65.4,60,100,80,0.0,73.081,6.1717,0.0001,500,1.1,0,0.0017757,14.792,7.9986,72375,78850.0,6.4918,297.98,294.33,1.6213,10.0,,32,,1.2762,0.18998,,,1.2385,0,,0,0,1,13,13,0,13.0,58472.0
65.6,60,100,80,0.0,76.863,5.6035,0.0001,500,1.1,0,0.0017661,14.81,8.0416,72502,78987.0,6.4915,297.98,294.21,1.6253,10.0,,32,,1.2828,0.18991,,,1.2416,0,,0,0,1,13,13,0,13.0,60349.0
65.8,60,100,80,0.0,80.783,4.8783,0.0001,500,1.1,0,0.0017349,14.857,8.0841,72629,79126.0,6.4939,297.98,293.41,1.6293,10.0,,32,,1.2763,0.18996,,,1.2446,0,,0,0,1,13,13,0,13.0,59224.0
66.0,60,100,80,0.0,83.734,3.4421,0.0001,500,1.1,0,0.0017168,14.901,8.1263,72758,79265.0,6.4974,297.98,292.51,1.6332,10.0,,32,,1.2653,0.19006,,,1.2476,0,,0,0,1,13,13,0,13.0,59598.0
66.2,60,100,80,0.0,85.271,1.8476,0.0001,500,1.1,0,0.0017091,14.911,8.1685,72886,79404.0,6.501,297.98,292.03,1.6371,10.0,,32,,1.2749,0.18996,,,1.2506,0,,0,0,1,13,13,0,13.0,61304.0
66.4,60,100,80,0.0,85.397,0.57621,0.0001,500,1.1,0,0.0016891,14.924,8.2104,73014,79544.0,6.5036,297.98,291.9,1.6409,10.0,,32,,1.2837,0.18987,,,1.2536,0,,0,0,1,13,13,0,13.0,60843.0
66.6,60,100,80,0.0,84.465,0.0001,0.0001,500,1.1,0,0.0017237,14.894,8.2529,73143,79683.0,6.505,297.98,293.34,1.6449,10.0,,32,,1.3016,0.18969,,,1.2566,0,,0,0,1,13,13,0,13.0,60384.0
66.8,60,100,80,0.0,82.981,0.5652,0.0001,500,1.1,0,0.0017029,14.933,8.2949,73271,79822.0,6.5067,297.98,293.96,1.6488,10.0,,32,,1.2957,0.18974,,,1.2596,0,,0,0,1,13,13,0,13.0,61090.0
67.0,60,100,80,0.0,80.816,0.43645,0.0001,500,1.1,0,0.0017006,14.945,8.3368,73398,79960.0,6.508,297.98,294.6,1.6527,10.0,,32,,1.2997,0.18969,,,1.2626,0,,0,0,1,13,13,0,13.0,60795.0
67.2,60,100,80,0.0,78.147,0.40474,0.0001,500,1.1,0,0.0016795,14.979,8.3785,73525,80098.0,6.5084,297.99,294.88,1.6566,10.0,,32,,1.2924,0.18975,,,1.2656,0,,0,0,1,13,13,0,13.0,61666.0
67.4,60,100,80,0.0,75.295,0.085779,0.0001,500,1.1,0,0.0017071,14.967,8.4201,73651,80235.0,6.5064,297.99,296.02,1.6605,10.0,,32,,1.304,0.18964,,,1.2686,0,,0,0,1,13,13,0,13.0,61203.0
67.6,60,100,80,0.0,73.264,0.66895,0.0001,500,1.1,0,0.001731,14.956,8.462,73777,80372.0,6.504,297.99,297.58,1.6645,10.0,,32,,1.3183,0.18949,,,1.2716,0,,0,0,1,13,13,0,13.0,62242.0
67.8,60,100,80,0.0,72.193,1.7561,0.0001,500,1.1,0,0.001721,14.963,8.5038,73903,80509.0,6.502,298.0,298.61,1.6684,10.0,,32,,1.3277,0.1894,,,1.2746,0,,0,0,1,13,13,0,13.0,62280.0
68.0,60,100,80,0.0,71.895,2.4833,0.0001,500,1.1,0,0.0017053,14.987,8.5457,74029,80646.0,6.4978,298.0,298.97,1.6724,10.0,,32,,1.3283,0.18938,,,1.2777,0,,0,0,1,13,13,0,13.0,61485.0
68.2,60,100,84,0.0,73.293,2.6648,0.0001,500,1.1,0,0.0017586,14.971,8.5878,74155,80783.0,6.4941,298.0,300.36,1.6764,10.0,,31,,1.3434,0.18923,,,1.2808,0,,0,0,1,13,13,0,13.0,62191.0
68.4,60,100,84,0.0,76.169,3.9247,0.0001,500,1.1,0,0.0017262,15.033,8.6297,74283,80922.0,6.4918,298.0,300.11,1.6804,10.0,,31,,1.3248,0.1894,,,1.2838,0,,0,0,1,13,13,0,13.0,62229.0
68.6,60,100,84,0.0,79.948,3.6806,0.0001,500,1.1,0,0.0016707,15.099,8.6707,74411,81061.0,6.4914,297.99,297.93,1.6843,10.0,,31,,1.3123,0.18951,,,1.2868,0,,0,0,1,13,13,0,13.0,63097.0
68.8,60,100,84,0.0,83.887,1.5591,0.0001,500,1.1,0,0.0016635,15.116,8.712,74540,81200.0,6.4934,297.99,296.44,1.6882,10.0,,31,,1.3162,0.18947,,,1.2898,0,,0,0,1,13,13,0,13.0,62799.0
69.0,60,100,84,0.0,87.02,0.0001,0.0001,500,1.1,0,0.0016663,15.143,8.7531,74669,81341.0,6.4975,297.99,295.41,1.692,10.0,,31,,1.3152,0.18947,,,1.2928,0,,0,0,1,13,13,0,13.0,63001.0
69.2,60,100,84,0.0,88.534,0.0001,0.0001,500,1.1,0,0.0017432,15.088,8.7945,74799,81481.0,6.5012,297.99,296.37,1.696,10.0,,31,,1.3454,0.18918,,,1.2958,0,,0,0,1,13,13,0,13.0,62370.0
69.4,60,100,84,0.0,88.59,0.4724,0.0001,500,1.1,0,0.0017376,15.115,8.8354,74928,81622.0,6.5034,297.99,296.95,1.7,10.0,,31,,1.3457,0.18917,,,1.2989,0,,0,0,1,13,13,0,13.0,64070.0
69.6,60,100,84,0.0,87.739,0.6372,0.0001,500,1.1,0,0.0017229,15.142,8.876,75058,81763.0,6.5051,297.99,297.03,1.704,10.0,,31,,1.3442,0.18917,,,1.302,0,,0,0,1,13,13,0,13.0,63603.0
69.8,60,100,84,0.0,86.206,0.36763,0.0001,500,1.1,0,0.001723,15.141,8.9167,75187,81903.0,6.506,297.99,297.8,1.708,10.0,,31,,1.3527,0.18908,,,1.305,0,,0,0,1,13,13,0,13.0,64135.0
70.0,60,100,84,0.0,84.315,0.80075,0.0001,500,1.1,0,0.001743,15.129,8.9575,75316,82043.0,6.5054,298.0,298.83,1.712,10.0,,31,,1.3716,0.1889,,,1.3081,0,,0,0,1,13,13,0,13.0,64335.0
70.2,60,100,84,0.0,82.696,1.55,0.0001,500,1.1,0,0.0017437,15.146,8.9982,75444,82183.0,6.5038,298.0,299.12,1.7161,10.0,,31,,1.3795,0.18882,,,1.3112,0,,0,0,1,13,13,0,13.0,63701.0
70.4,60,100,84,0.0,81.712,1.6829,0.0001,500,1.1,0,0.001751,15.151,9.0391,75573,82322.0,6.502,298.0,299.45,1.7201,10.0,,31,,1.39,0.18871,,,1.3143,0,,0,0,1,13,13,0,13.0,63568.0
70.6,60,100,84,0.0,81.437,1.9005,0.0001,500,1.1,0,0.0017206,15.183,9.08,75701,82462.0,6.5,298.0,298.95,1.7241,10.0,,31,,1.3912,0.18869,,,1.3174,0,,0,0,1,13,13,0,13.0,63768.0
70.8,60,100,84,0.0,81.948,1.3461,0.0001,500,1.1,0,0.0016885,15.237,9.1204,75829,82601.0,6.501,297.99,297.65,1.728,10.0,,31,,1.3772,0.18881,,,1.3204,0,,0,0,1,13,13,0,13.0,64632.0
71.0,60,100,84,0.0,82.056,0.0001,0.0001,500,1.1,0,0.0016735,15.271,9.1602,75958,82740.0,6.5023,297.99,296.57,1.7319,10.0,,31,,1.3699,0.18888,,,1.3234,0,,0,0,1,13,13,0,13.0,64827.0
71.2,60,100,84,0.0,81.644,0.0001,0.0001,500,1.1,0,0.0016475,15.304,9.1997,76086,82879.0,6.5036,297.99,294.69,1.7357,10.0,,31,,1.3678,0.18889,,,1.3264,0,,0,0,1,13,13,0,13.0,64521.0
71.4,60,100,84,0.0,80.725,0.0001,0.0001,500,1.1,0,0.0016506,15.319,9.2397,76214,83018.0,6.5061,297.98,292.83,1.7396,10.0,,31,,1.3709,0.18885,,,1.3293,0,,0,0,1,13,13,0,13.0,65717.0
71.6,60,100,84,0.0,78.808,0.0001,0.0001,500,1.1,0,0.0016439,15.329,9.28,76341,83157.0,6.5067,297.98,291.11,1.7434,10.0,,31,,1.3775,0.18878,,,1.3322,0,,0,0,1,13,13,0,13.0,65081.0
71.8,60,100,84,0.0,76.671,0.0001,0.0001,500,1.1,0,0.0016341,15.355,9.3203,76469,83295.0,6.5056,297.97,289.48,1.7472,10.0,,31,,1.3721,0.18883,,,1.3352,0,,0,0,1,13,13,0,13.0,65945.0
72.0,60,100,84,0.0,74.946,0.0001,0.0001,500,1.1,0,0.0015794,15.408,9.3604,76595,83433.0,6.5062,297.96,286.48,1.7509,10.0,1023.2,31,1692.1,1.362,0.18891,9.1997,19.552,1.338,0,27.939,0,0,1,13,13,0,13.0,66141.0
72.2,60,100,90,0.0,72.978,0.0001,0.0001,500,1.1,0,0.0016727,15.358,9.4014,76723,83572.0,6.5033,297.96,285.84,1.7548,10.0,,30,,1.3904,0.18864,,,1.341,0,,0,0,1,13,13,0,13.0,66342.0
72.4,60,100,90,0.0,72.196,0.0001,0.0001,500,1.1,0,0.0017169,15.324,9.4426,76851,83710.0,6.499,297.96,286.67,1.7587,10.0,,30,,1.4208,0.18834,,,1.344,0,,0,0,1,13,13,0,13.0,66377.0
72.6,60,100,90,0.0,73.134,0.0001,0.0001,500,1.1,0,0.0017029,15.361,9.4835,76978,83849.0,6.4921,297.96,286.94,1.7627,10.0,,30,,1.4191,0.18835,,,1.347,0,,0,0,1,13,13,0,13.0,66578.0
72.8,60,100,90,0.0,76.829,0.0001,0.0001,500,1.1,0,0.0017923,15.313,9.525,77107,83989.0,6.4864,297.97,289.49,1.7667,10.0,,30,,1.4451,0.1881,,,1.3502,0,,0,0,1,13,13,0,13.0,66281.0
73.0,60,100,90,0.0,82.771,1.0481,0.0001,500,1.1,0,0.0017577,15.372,9.5659,77236,84130.0,6.4847,297.97,290.15,1.7708,10.0,,30,,1.4349,0.18818,,,1.3533,0,,0,0,1,13,13,0,13.0,67814.0
73.2,60,100,90,0.0,89.41,0.51509,0.0001,500,1.1,0,0.0016888,15.449,9.6062,77367,84272.0,6.4865,297.97,288.95,1.7748,10.0,,30,,1.4139,0.18838,,,1.3564,0,,0,0,1,13,13,0,13.0,66679.0
73.4,60,100,90,0.0,95.32,0.0001,0.0001,500,1.1,0,0.0017292,15.45,9.6468,77499,84415.0,6.4903,297.97,288.41,1.7788,10.0,,30,,1.4212,0.1883,,,1.3594,0,,0,0,1,13,13,0,13.0,67211.0
73.6,60,100,90,0.0,99.698,0.0001,0.0001,500,1.1,0,0.0016982,15.51,9.6865,77632,84559.0,6.4957,297.96,286.58,1.7828,10.0,,30,,1.4066,0.18843,,,1.3625,0,,0,0,1,13,13,0,13.0,67572.0
73.8,60,100,90,0.0,101.95,0.0001,0.0001,500,1.1,0,0.0016804,15.541,9.7259,77765,84704.0,6.5023,297.96,283.89,1.7867,10.0,,30,,1.406,0.18843,,,1.3655,0,,0,0,1,13,13,0,13.0,68598.0
74.0,60,100,90,0.0,101.56,0.0001,0.0001,500,1.1,0,0.0016614,15.581,9.7655,77898,84848.0,6.5071,297.95,280.58,1.7906,10.0,,30,,1.398,0.1885,,,1.3685,0,,0,0,1,13,13,0,13.0,68459.0
74.2,60,100,90,0.0,99.246,0.0001,11.619,500,1.1,0,0.0016728,15.582,9.8048,78031,84992.0,6.5101,297.97,288.65,1.7945,10.0,,30,,1.4041,0.18843,,,1.3715,0,,0,0,1,13,13,0,13.0,68984.0
74.4,60,100,90,0.0,95.742,5.6132,1.1619,500,1.1,0,0.0016943,15.566,9.8444,78163,85136.0,6.5128,297.96,284.82,1.7984,10.0,,30,,1.4267,0.18821,,,1.3745,0,,0,0,1,13,13,0,13.0,68845.0
74.6,60,100,90,0.0,91.146,0.66538,0.11619,500,1.1,0,0.001739,15.553,9.8847,78294,85278.0,6.5133,297.96,284.37,1.8024,10.0,,30,,1.4398,0.18808,,,1.3776,0,,0,0,1,13,13,0,13.0,68709.0
74.8,60,100,90,0.0,86.346,0.0001,0.011619,500,1.1,0,0.0017627,15.541,9.9252,78425,85420.0,6.5126,297.96,285.29,1.8065,10.0,,30,,1.4571,0.18791,,,1.3807,0,,0,0,1,13,13,0,13.0,68574.0
75.0,60,100,90,0.0,81.847,0.0001,0.0011619,500,1.1,0,0.0017537,15.55,9.9657,78554,85560.0,6.5124,297.96,286.23,1.8106,10.0,,30,,1.4699,0.18778,,,1.3839,0,,0,0,1,13,13,0,13.0,68439.0
75.2,60,100,90,0.0,77.421,0.0001,0.00011619,100,1.1,0,0.001745,14.792,10.016,78602,85620.0,6.5125,298.05,319.26,1.8146,10.0,,30,,1.7697,0.18492,,,1.387,0,,0,0,1,13,13,0,13.0,69183.0
75.4,60,100,90,0.0,72.938,29.25,0.0001,100,1.1,0,0.0017981,14.726,10.068,78650,85679.0,6.5116,298.1,338.06,1.8187,10.0,,30,,1.834,0.18429,,,1.3901,0,,0,0,1,13,13,0,13.0,69929.0
75.6,60,100,90,0.0,68.83,47.939,0.0001,100,1.1,0,0.0017661,14.728,10.119,78696,85737.0,6.5094,298.12,345.58,1.8229,10.0,,30,,1.8365,0.18426,,,1.3933,0,,0,0,1,13,13,0,13.0,69174.0
75.8,60,100,90,0.0,65.607,58.34,0.0001,100,1.1,0,0.0017871,14.702,10.17,78742,85795.0,6.5059,298.13,346.95,1.827,10.0,,30,,1.8399,0.18422,,,1.3965,0,,0,0,1,13,13,0,13.0,70419.0
76.0,60,100,90,0.0,63.766,64.016,0.0001,100,1.1,0,0.0017834,14.683,10.221,78788,85852.0,6.5027,298.12,345.78,1.8311,10.0,,30,,1.8441,0.18417,,,1.3996,0,,0,0,1,13,13,0,13.0,70331.0
76.2,60,100,116,0.0,63.223,67.596,0.0001,100,1.1,0,0.0025512,14.198,10.268,78838,85916.0,6.49,298.16,359.2,1.8361,10.0,,29,,2.0362,0.18232,,,1.4035,0,,0,0,1,13,13,0,13.0,70056.0
76.4,60,100,116,0.0,67.789,84.627,0.0001,100,1.1,0,0.0025742,14.173,10.315,78890,85981.0,6.4801,298.16,361.07,1.8417,10.0,,29,,2.0736,0.18195,,,1.4078,0,,0,0,1,13,13,0,13.0,70446.0
76.6,60,100,116,0.0,76.27,92.015,0.0001,100,1.1,0,0.0025719,14.174,10.361,78943,86047.0,6.4747,298.16,358.64,1.8473,10.0,,29,,2.0762,0.18192,,,1.4121,0,,0,0,1,13,13,0,13.0,71168.0
76.8,60,100,116,0.0,86.88,95.84,0.0001,100,1.1,0,0.002569,14.137,10.408,78998,86116.0,6.4749,298.14,353.53,1.8529,10.0,,29,,2.0943,0.18173,,,1.4164,0,,0,0,1,13,13,0,13.0,71892.0
77.0,60,100,116,0.0,97.419,97.033,0.0001,100,1.1,0,0.0025702,14.15,10.454,79056,86186.0,6.4782,298.12,345.91,1.8586,10.0,,29,,2.0868,0.1818,,,1.4208,0,,0,0,1,13,13,0,13.0,71281.0
77.2,60,100,116,0.0,106.64,95.452,0.0001,100,1.1,0,0.0025535,14.175,10.5,79115,86259.0,6.4823,298.1,336.96,1.8642,10.0,,29,,2.0659,0.18199,,,1.4251,0,,0,0,1,13,13,0,13.0,72002.0
77.4,60,100,116,0.0,114.23,91.934,0.0001,100,1.1,0,0.0025574,14.154,10.546,79176,86333.0,6.4868,298.08,330.62,1.8699,10.0,,29,,2.0685,0.18195,,,1.4294,0,,0,0,1,13,13,0,13.0,71722.0
77.6,60,100,116,0.0,120.02,89.964,0.0001,100,1.1,0,0.0025999,14.107,10.592,79238,86409.0,6.4907,298.07,326.83,1.8756,10.0,,29,,2.0852,0.18178,,,1.4338,0,,0,0,1,13,13,0,13.0,71440.0
77.8,60,100,116,0.0,124.24,89.656,0.0001,100,1.1,0,0.0026064,14.084,10.637,79301,86485.0,6.4943,298.06,322.27,1.8813,10.0,,29,,2.0963,0.18166,,,1.4383,0,,0,0,1,13,13,0,13.0,72992.0
78.0,60,100,116,0.0,127.05,88.214,0.0001,100,1.1,0,0.0026246,14.043,10.683,79364,86562.0,6.4976,298.04,315.44,1.8871,10.0,,29,,2.115,0.18147,,,1.4427,0,,0,0,1,13,13,0,13.0,72374.0
78.2,60,100,116,0.0,128.51,84.24,0.0001,100,1.1,0,0.0026455,14.029,10.728,79428,86639.0,6.5009,298.03,310.12,1.893,10.0,,29,,2.1152,0.18146,,,1.4472,0,,0,0,1,13,13,0,13.0,73090.0
78.4,60,100,116,0.0,128.65,81.029,0.0001,100,1.1,0,0.0025546,14.041,10.774,79491,86717.0,6.5041,298.02,306.13,1.8988,10.0,,29,,2.1116,0.18148,,,1.4517,0,,0,0,1,13,13,0,13.0,73147.0
78.6,60,100,116,0.0,127.52,78.48,0.0001,100,1.1,0,0.0025213,14.037,10.822,79555,86794.0,6.5071,298.01,302.37,1.9045,10.0,,29,,2.1043,0.18154,,,1.4561,0,,0,0,1,13,13,0,13.0,72207.0
78.8,60,100,116,0.0,125.2,75.719,0.0001,100,1.1,0,0.0024568,14.046,10.871,79618,86870.0,6.5099,298.0,300.02,1.9101,10.0,,29,,2.0979,0.18159,,,1.4604,0,,0,0,1,13,13,0,13.0,73443.0
79.0,60,100,116,0.0,121.74,73.877,0.0001,100,1.1,0,0.0024345,14.018,10.92,79680,86946.0,6.5117,298.0,299.28,1.9157,10.0,,29,,2.1061,0.1815,,,1.4647,0,,0,0,1,13,13,0,13.0,73346.0
79.2,60,100,116,0.0,117.59,73.248,0.0001,100,1.1,0,0.0023137,14.057,10.972,79742,87021.0,6.5134,297.99,297.15,1.9211,10.0,,29,,2.0919,0.18163,,,1.4688,0,,0,0,1,13,13,0,13.0,73759.0
79.4,60,100,116,0.0,112.76,71.238,0.0001,100,1.1,0,0.0022732,14.046,11.023,79802,87094.0,6.5145,297.99,294.78,1.9264,10.0,,29,,2.0957,0.18158,,,1.4729,0,,0,0,1,13,13,0,13.0,73340.0
79.6,60,100,116,0.0,107.47,68.826,0.0001,100,1.1,0,0.0022363,14.037,11.075,79861,87167.0,6.5151,297.98,293.95,1.9316,10.0,,29,,2.0967,0.18157,,,1.4769,0,,0,0,1,13,13,0,13.0,75090.0
79.8,60,100,116,0.0,101.95,67.601,0.0001,100,1.1,0,0.002243,14.017,11.128,79920,87238.0,6.5147,297.99,295.12,1.9368,10.0,,29,,2.0936,0.18158,,,1.4809,0,,0,0,1,13,13,0,13.0,74675.0
80.0,60,100,116,0.0,96.589,68.079,0.0001,100,1.1,0,0.0023047,13.945,11.18,79977,87309.0,6.513,297.99,297.5,1.9421,10.0,,29,,2.1195,0.18133,,,1.485,0,,0,0,1,13,13,0,13.0,74759.0
80.2,60,100,90,0.0,91.921,69.74,0.0001,100,1.1,0,0.0013484,14.692,11.228,80028,87370.0,6.525,297.92,271.43,1.9462,10.0,,23,,1.867,0.18374,,,1.4882,0,,0,0,1,13,13,0,13.0,74490.0
80.4,60,100,90,0.0,82.39,20.922,107.08,100,1.1,0,0.0013333,14.682,11.276,80077,87430.0,6.5338,298.2,375.58,1.9497,10.0,,23,,1.821,0.18417,,,1.4908,0,,0,0,1,13,13,0,13.0,75219.0
80.6,60,100,90,0.0,69.406,113.45,10.708,100,1.1,0,0.0013562,14.627,11.325,80124,87487.0,6.5344,298.08,330.8,1.953,10.0,,23,,1.8268,0.18411,,,1.4934,0,,0,0,1,13,13,0,13.0,74955.0
80.8,60,100,90,0.0,56.182,78.113,1.0708,100,1.1,0,0.0013643,14.578,11.375,80168,87541.0,6.5275,298.01,302.13,1.9564,10.0,,23,,1.8436,0.18394,,,1.496,0,,0,0,1,13,13,0,13.0,76192.0
81.0,60,100,90,0.0,45.727,55.966,0.10708,100,1.1,0,0.001341,14.578,11.424,80210,87594.0,6.5136,297.97,288.55,1.9598,10.0,,23,,1.8362,0.18401,,,1.4986,0,,0,0,1,13,13,0,13.0,75430.0
81.2,60,100,90,0.0,40.82,44.404,0.010708,100,1.1,0,0.0013517,14.543,11.474,80251,87645.0,6.496,297.96,283.73,1.9632,10.0,,23,,1.8422,0.18394,,,1.5012,0,,0,0,1,13,13,0,13.0,76504.0
81.4,60,100,90,0.0,42.95,39.163,0.0010708,100,1.1,0,0.0013484,14.532,11.525,80292,87697.0,6.4809,297.95,282.46,1.9666,10.0,,23,,1.8461,0.1839,,,1.5038,0,,0,0,1,13,13,0,13.0,76745.0
81.6,60,100,90,0.0,51.086,36.5,0.00010708,100,1.1,0,0.0013258,14.565,11.574,80335,87750.0,6.4761,297.95,280.73,1.9699,10.0,,23,,1.8273,0.18407,,,1.5064,0,,0,0,1,13,13,0,13.0,77317.0
81.8,60,100,90,0.0,61.128,10.95,47.172,100,1.1,0,0.0012988,14.589,11.623,80380,87805.0,6.4794,298.1,338.14,1.9732,10.0,,23,,1.8156,0.18418,,,1.5089,0,,0,0,1,13,13,0,13.0,76552.0
82.0,60,100,90,0.0,69.866,61.141,4.7172,100,1.1,0,0.0012781,14.629,11.672,80426,87862.0,6.4878,298.05,319.09,1.9765,10.0,,23,,1.793,0.18439,,,1.5114,0,,0,0,1,13,13,0,13.0,77451.0
82.2,60,100,90,0.0,75.229,46.503,0.47172,100,1.1,0,0.0012863,14.613,11.721,80474,87920.0,6.4987,298.02,307.05,1.9797,10.0,,23,,1.7957,0.18436,,,1.5139,0,,0,0,1,13,13,0,13.0,77851.0
82.4,60,100,90,0.0,76.278,37.858,0.047172,100,1.1,0,0.0012697,14.616,11.769,80522,87978.0,6.5081,298.0,299.71,1.9829,10.0,,23,,1.7959,0.18435,,,1.5164,0,,0,0,1,13,13,0,13.0,77583.0
82.6,60,100,90,0.0,73.556,32.149,0.0047172,100,1.1,0,0.0012606,14.608,11.817,80569,88036.0,6.5167,297.99,296.09,1.9861,10.0,,23,,1.7971,0.18433,,,1.5188,0,,0,0,1,13,13,0,13.0,77313.0
82.8,60,100,90,0.0,67.415,28.99,0.00047172,100,1.1,0,0.0012371,14.609,11.865,80615,88092.0,6.523,297.98,294.0,1.9892,10.0,,23,,1.7952,0.18434,,,1.5212,0,,0,0,1,13,13,0,13.0,78542.0
83.0,60,100,90,0.0,58.723,26.794,0.0001,100,1.1,0,0.0012077,14.621,11.912,80660,88147.0,6.5256,297.98,293.1,1.9922,10.0,,23,,1.7826,0.18446,,,1.5235,0,,0,0,1,13,13,0,13.0,79104.0
83.2,60,100,90,0.0,49.031,25.433,0.0001,100,1.1,0,0.0011911,14.588,11.96,80702,88199.0,6.5203,297.98,293.97,1.9952,10.0,,23,,1.7936,0.18435,,,1.5259,0,,0,0,1,13,13,0,13.0,78499.0
83.4,60,100,90,0.0,41.475,25.557,0.0001,100,1.1,0,0.0011823,14.561,12.008,80743,88250.0,6.5082,297.99,295.18,1.9982,10.0,,23,,1.8018,0.18426,,,1.5282,0,,0,0,1,13,13,0,13.0,79063.0
83.6,60,100,90,0.0,38.728,26.039,0.0001,100,1.1,0,0.0011388,14.586,12.055,80784,88301.0,6.4952,297.99,294.98,2.0011,10.0,,23,,1.79,0.18437,,,1.5304,0,,0,0,1,13,13,0,13.0,80121.0
83.8,60,100,90,0.0,41.189,25.361,0.0001,100,1.1,0,0.0011389,14.597,12.102,80825,88351.0,6.4846,297.99,294.99,2.004,10.0,,23,,1.7756,0.1845,,,1.5326,0,,0,0,1,13,13,0,13.0,79680.0
84.0,60,100,90,0.0,47.88,24.887,0.0001,100,1.1,0,0.001122,14.609,12.149,80867,88403.0,6.4813,297.98,293.82,2.0069,10.0,1034.1,23,1637.7,1.7717,0.18454,11.96,21.281,1.5348,0,29.345,0,0,1,13,13,0,13.0,80402.0
84.2,60,100,90,0.0,55.864,23.346,0.0001,100,1.1,0,0.0011191,14.61,12.195,80911,88457.0,6.4856,297.98,293.54,2.0097,10.0,,23,,1.7707,0.18454,,,1.537,0,,0,0,1,13,13,0,13.0,79790.0
84.4,60,100,90,0.0,62.104,22.505,0.0001,100,1.1,0,0.001119,14.608,12.241,80956,88512.0,6.4938,297.98,293.29,2.0126,10.0,,23,,1.7721,0.18452,,,1.5392,0,,0,0,1,13,13,0,13.0,79343.0
84.6,60,100,90,0.0,65.1,21.656,0.0001,100,1.1,0,0.00112,14.593,12.287,81001,88567.0,6.5033,297.98,293.74,2.0154,10.0,,23,,1.7785,0.18445,,,1.5414,0,,0,0,1,13,13,0,13.0,80230.0
84.8,60,100,90,0.0,64.292,21.41,0.0001,100,1.1,0,0.0011166,14.567,12.333,81047,88623.0,6.5116,297.98,294.22,2.0182,10.0,,23,,1.7933,0.18431,,,1.5435,0,,0,0,1,13,13,0,13.0,80451.0
85.0,60,100,90,0.0,60.186,21.215,0.0001,100,1.1,0,0.0011084,14.554,12.379,81092,88677.0,6.515,297.99,295.21,2.021,10.0,,23,,1.7951,0.18429,,,1.5457,0,,0,0,1,13,13,0,13.0,81506.0
85.2,60,100,90,0.0,54.707,21.528,0.0001,100,1.1,0,0.0010855,14.56,12.425,81135,88731.0,6.5121,297.99,295.87,2.0238,10.0,,23,,1.7859,0.18437,,,1.5478,0,,0,0,1,13,13,0,13.0,81892.0
85.4,60,100,90,0.0,50.411,21.631,0.0001,100,1.1,0,0.0010844,14.542,12.471,81178,88783.0,6.5052,297.99,297.01,2.0265,10.0,,23,,1.7862,0.18436,,,1.5499,0,,0,0,1,13,13,0,13.0,81611.0
85.6,60,100,90,0.0,48.866,22.234,0.0001,100,1.1,0,0.0011071,14.508,12.517,81220,88835.0,6.4955,298.0,298.72,2.0293,10.0,,23,,1.7919,0.1843,,,1.5521,0,,0,0,1,13,13,0,13.0,82165.0
85.8,60,100,90,0.0,51.181,23.449,0.0001,100,1.1,0,0.0011399,14.47,12.564,81263,88888.0,6.4869,298.0,300.56,2.0322,10.0,,23,,1.801,0.18421,,,1.5543,0,,0,0,1,13,13,0,13.0,81222.0
86.0,60,100,90,0.0,56.945,24.938,0.0001,100,1.1,0,0.0011679,14.435,12.611,81307,88942.0,6.4811,298.01,302.1,2.0352,10.0,,23,,1.8134,0.18408,,,1.5566,0,,0,0,1,13,13,0,13.0,81448.0
86.2,60,100,90,0.0,65.02,26.336,0.0001,100,1.1,0,0.0011476,14.468,12.657,81353,88998.0,6.4816,298.0,301.3,2.0381,10.0,,23,,1.7983,0.18422,,,1.5589,0,,0,0,1,13,13,0,13.0,81337.0
86.4,60,100,90,0.0,72.872,25.792,0.0001,100,1.1,0,0.0011604,14.469,12.704,81400,89055.0,6.4862,298.0,300.87,2.0411,10.0,,23,,1.7892,0.1843,,,1.5611,0,,0,0,1,13,13,0,13.0,81562.0
86.6,60,100,90,0.0,78.897,25.543,0.0001,100,1.1,0,0.0011647,14.475,12.751,81448,89114.0,6.492,298.0,299.76,2.044,10.0,,23,,1.7829,0.18436,,,1.5634,0,,0,0,1,13,13,0,13.0,82619.0
86.8,60,100,90,0.0,82.609,24.645,0.0001,100,1.1,0,0.0011437,14.495,12.798,81497,89173.0,6.5021,297.99,298.0,2.0469,10.0,,23,,1.7716,0.18446,,,1.5657,0,,0,0,1,13,13,0,13.0,81842.0
87.0,60,100,90,0.0,82.278,23.064,0.0001,100,1.1,0,0.0011404,14.474,12.844,81546,89232.0,6.5109,297.99,297.59,2.0499,10.0,,23,,1.7786,0.18439,,,1.5679,0,,0,0,1,13,13,0,13.0,82897.0
87.2,60,100,90,0.0,78.427,22.539,0.0001,100,1.1,0,0.0011458,14.447,12.891,81595,89291.0,6.5167,298.0,298.3,2.0528,10.0,,23,,1.7847,0.18433,,,1.5701,0,,0,0,1,13,13,0,13.0,82789.0
87.4,60,100,90,0.0,72.278,22.943,0.0001,100,1.1,0,0.0011147,14.481,12.937,81642,89348.0,6.5165,297.99,297.75,2.0556,10.0,,23,,1.7613,0.18454,,,1.5724,0,,0,0,1,13,13,0,13.0,83012.0
87.6,60,100,90,0.0,66.201,22.27,0.0001,100,1.1,0,0.0011001,14.47,12.984,81687,89404.0,6.5114,297.99,297.1,2.0585,10.0,,23,,1.758,0.18457,,,1.5746,0,,0,0,1,13,13,0,13.0,84233.0
87.8,60,100,90,0.0,62.166,21.482,0.0001,100,1.1,0,0.001081,14.461,13.029,81732,89459.0,6.5063,297.99,296.83,2.0613,10.0,,23,,1.7613,0.18453,,,1.5767,0,,0,0,1,13,13,0,13.0,83619.0
88.0,60,100,90,0.0,60.178,20.968,0.0001,100,1.1,0,0.0010577,14.473,13.075,81777,89513.0,6.4991,297.99,296.51,2.0641,10.0,,23,,1.7544,0.18459,,,1.5788,0,,0,0,1,13,13,0,13.0,84670.0
88.2,60,100,90,0.0,61.07,20.379,0.0001,100,1.1,0,0.0010492,14.467,13.12,81822,89568.0,6.4942,297.99,296.57,2.0668,10.0,,23,,1.7535,0.1846,,,1.5809,0,,0,0,1,13,13,0,13.0,84052.0
88.4,60,100,90,0.0,63.891,20.096,0.0001,100,1.1,0,0.0010568,14.447,13.165,81867,89623.0,6.4925,297.99,296.82,2.0695,10.0,,23,,1.7595,0.18453,,,1.5831,0,,0,0,1,13,13,0,13.0,84934.0
88.6,60,100,90,0.0,67.415,19.984,0.0001,100,1.1,0,0.0010683,14.436,13.21,81913,89679.0,6.4944,297.99,297.96,2.0723,10.0,,23,,1.7595,0.18453,,,1.5852,0,,0,0,1,13,13,0,13.0,84817.0
88.8,60,100,90,0.0,70.167,20.684,0.0001,100,1.1,0,0.0010877,14.412,13.256,81960,89736.0,6.4982,298.0,299.23,2.0751,10.0,,23,,1.7638,0.18448,,,1.5874,0,,0,0,1,13,13,0,13.0,84869.0
89.0,60,100,90,0.0,71.411,21.584,0.0001,100,1.1,0,0.0010827,14.398,13.302,82007,89793.0,6.5027,298.0,299.54,2.0779,10.0,,23,,1.7716,0.1844,,,1.5895,0,,0,0,1,13,13,0,13.0,84255.0
89.2,60,100,90,0.0,70.864,21.755,0.0001,100,1.1,0,0.0010739,14.4,13.347,82053,89849.0,6.5065,298.0,298.97,2.0807,10.0,,23,,1.7687,0.18443,,,1.5917,0,,0,0,1,13,13,0,13.0,85806.0
89.4,60,100,90,0.0,68.775,21.195,0.0001,100,1.1,0,0.0010746,14.375,13.393,82100,89906.0,6.5069,298.0,298.8,2.0835,10.0,,23,,1.7757,0.18435,,,1.5938,0,,0,0,1,13,13,0,13.0,86190.0
89.6,60,100,90,0.0,66.537,20.957,0.0001,100,1.1,0,0.001047,14.375,13.438,82145,89961.0,6.5046,297.99,298.09,2.0863,10.0,,23,,1.7815,0.18429,,,1.596,0,,0,0,1,13,13,0,13.0,85739.0
89.8,60,100,90,0.0,65.243,20.209,0.0001,100,1.1,0,0.0010401,14.364,13.482,82191,90017.0,6.5009,297.99,297.82,2.089,10.0,,23,,1.7856,0.18425,,,1.5981,0,,0,0,1,13,13,0,13.0,86787.0
90.0,60,100,90,0.0,65.422,19.8,0.0001,100,1.1,0,0.0010368,14.368,13.527,82237,90072.0,6.4975,297.99,297.39,2.0917,10.0,,23,,1.7794,0.1843,,,1.6002,0,,0,0,1,13,13,0,13.0,86334.0
90.2,75,100,90,0.0,66.922,19.206,0.0001,100,1.1,0,0.0010422,14.747,13.572,82282,90128.0,6.4956,297.99,297.3,1.7077,10.0,,23,,1.7117,0.18893,,,1.631,0,,0,0,1,13,13,0,13.0,87050.0
90.4,75,100,90,0.0,69.18,18.881,0.0001,100,1.1,0,0.0010602,14.728,13.618,82329,90185.0,6.4943,297.99,297.71,1.6862,10.0,,23,,1.6501,0.18944,,,1.6104,0,,0,0,1,13,13,0,13.0,86436.0
90.6,75,100,90,0.0,71.966,18.982,0.0001,100,1.1,0,0.0010564,14.728,13.663,82376,90242.0,6.496,297.99,297.44,1.6868,10.0,,23,,1.6466,0.18946,,,1.611,0,,0,0,1,13,13,0,13.0,86986.0
90.8,75,100,90,0.0,74.085,18.508,0.0001,100,1.1,0,0.0010742,14.709,13.709,82423,90299.0,6.4958,298.0,298.22,1.6889,10.0,,23,,1.6492,0.18944,,,1.613,0,,0,0,1,13,13,0,13.0,87705.0
91.0,75,100,90,0.0,76.296,18.948,0.0001,100,1.1,0,0.0010814,14.701,13.754,82471,90357.0,6.497,298.0,298.83,1.6911,10.0,,23,,1.6498,0.18943,,,1.6151,0,,0,0,1,13,13,0,13.0,87922.0
91.2,75,100,90,0.0,78.002,19.297,0.0001,100,1.1,0,0.0010734,14.706,13.8,82519,90415.0,6.5001,298.0,298.94,1.6933,10.0,,23,,1.6465,0.18945,,,1.6172,0,,0,0,1,13,13,0,13.0,87638.0
91.4,75,100,90,0.0,78.466,19.267,0.0001,100,1.1,0,0.0010576,14.708,13.844,82567,90473.0,6.5041,298.0,298.68,1.6954,10.0,,23,,1.6456,0.18945,,,1.6192,0,,0,0,1,13,13,0,13.0,88352.0
91.6,75,100,90,0.0,77.345,18.932,0.0001,100,1.1,0,0.0010484,14.704,13.889,82615,90531.0,6.5063,298.0,298.33,1.6976,10.0,,23,,1.6444,0.18946,,,1.6213,0,,0,0,1,13,13,0,13.0,87900.0
91.8,75,100,90,0.0,75.359,18.498,0.0001,100,1.1,0,0.0010468,14.692,13.934,82663,90589.0,6.5068,297.99,298.08,1.6997,10.0,,23,,1.6474,0.18943,,,1.6233,0,,0,0,1,13,13,0,13.0,87447.0
92.0,75,100,90,0.0,73.179,18.115,0.0001,100,1.1,0,0.0010272,14.702,13.978,82710,90646.0,6.5055,297.99,296.95,1.7018,10.0,,23,,1.6443,0.18945,,,1.6254,0,,0,0,1,13,13,0,13.0,89323.0
92.2,75,100,90,0.0,71.506,16.936,0.0001,100,1.1,0,0.0010347,14.671,14.022,82756,90703.0,6.502,297.99,297.16,1.7039,10.0,,23,,1.659,0.18933,,,1.6274,0,,0,0,1,13,13,0,13.0,87701.0
92.4,75,100,90,0.0,71.245,16.843,0.0001,100,1.1,0,0.0010368,14.663,14.066,82803,90759.0,6.4985,297.99,297.43,1.706,10.0,,23,,1.6595,0.18933,,,1.6294,0,,0,0,1,13,13,0,13.0,89245.0
92.6,75,100,90,0.0,72.358,16.802,0.0001,100,1.1,0,0.0010398,14.651,14.11,82850,90816.0,6.496,297.99,297.89,1.7081,10.0,,23,,1.6635,0.18929,,,1.6314,0,,0,0,1,13,13,0,13.0,89790.0
92.8,75,100,90,0.0,74.459,16.947,0.0001,100,1.1,0,0.0010501,14.633,14.155,82897,90874.0,6.4942,298.0,299.09,1.7102,10.0,,23,,1.6658,0.18927,,,1.6334,0,,0,0,1,13,13,0,13.0,89670.0
93.0,75,100,90,0.0,77.289,17.781,0.0001,100,1.1,0,0.001033,14.668,14.199,82945,90932.0,6.4924,298.0,298.58,1.7123,10.0,,23,,1.641,0.18945,,,1.6355,0,,0,0,1,13,13,0,13.0,89381.0
93.2,75,100,90,0.0,80.85,17.219,0.0001,100,1.1,0,0.0010199,14.685,14.242,82994,90990.0,6.4937,297.99,297.31,1.7144,10.0,,23,,1.6287,0.18954,,,1.6375,0,,0,0,1,13,13,0,13.0,89922.0
93.4,75,100,90,0.0,83.883,15.98,0.0001,100,1.1,0,0.0010087,14.691,14.286,83043,91049.0,6.4951,297.99,296.14,1.7164,10.0,,23,,1.6258,0.18956,,,1.6394,0,,0,0,1,13,13,0,13.0,89463.0
93.6,75,100,90,0.0,86.379,14.712,0.0001,100,1.1,0,0.00096608,14.749,14.328,83093,91109.0,6.4959,297.98,293.76,1.7184,10.0,,23,,1.5939,0.1898,,,1.6413,0,,0,0,1,13,13,0,13.0,89996.0
93.8,75,100,90,0.0,88.523,12.284,0.0001,100,1.1,0,0.00096149,14.762,14.37,83143,91169.0,6.5007,297.98,292.71,1.7204,10.0,,23,,1.5736,0.18995,,,1.6432,0,,0,0,1,13,13,0,13.0,90030.0
94.0,75,100,90,0.0,88.741,10.81,0.0001,100,1.1,0,0.00092836,14.782,14.411,83193,91229.0,6.5039,297.98,291.35,1.7223,10.0,,23,,1.5655,0.19001,,,1.645,0,,0,0,1,13,13,0,13.0,89894.0
94.2,75,100,90,0.0,87.705,8.9402,0.0001,100,1.1,0,0.00091803,14.778,14.452,83243,91288.0,6.5072,297.98,290.6,1.7242,10.0,,23,,1.5688,0.18998,,,1.6468,0,,0,0,1,13,13,0,13.0,90758.0
94.4,75,100,90,0.0,85.344,7.4904,0.0001,100,1.1,0,0.00091011,14.778,14.493,83293,91347.0,6.5111,297.98,290.6,1.726,10.0,,23,,1.5642,0.19001,,,1.6486,0,,0,0,1,13,13,0,13.0,91286.0
94.6,75,100,90,0.0,81.406,6.5986,0.0001,100,1.1,0,0.00092204,14.733,14.534,83341,91406.0,6.5149,297.98,291.65,1.7279,10.0,,23,,1.5893,0.18981,,,1.6504,0,,0,0,1,13,13,0,13.0,90984.0
94.8,75,100,90,0.0,75.973,6.6163,0.0001,100,1.1,0,0.00094069,14.682,14.577,83389,91463.0,6.5147,297.98,293.83,1.7298,10.0,,23,,1.6163,0.18961,,,1.6522,0,,0,0,1,13,13,0,13.0,91019.0
95.0,75,100,90,0.0,70.644,7.6934,0.0001,100,1.1,0,0.00093525,14.651,14.619,83436,91519.0,6.5124,297.99,295.89,1.7317,10.0,,23,,1.6375,0.18944,,,1.654,0,,0,0,1,13,13,0,13.0,91721.0
95.2,75,100,90,0.0,66.23,8.8523,0.0001,100,1.1,0,0.00093556,14.615,14.661,83481,91575.0,6.5098,297.99,297.67,1.7335,10.0,,23,,1.6604,0.18927,,,1.6558,0,,0,0,1,13,13,0,13.0,91424.0
95.4,75,100,90,0.0,62.838,9.9617,0.0001,100,1.1,0,0.00091406,14.631,14.703,83526,91629.0,6.5056,298.0,298.21,1.7354,10.0,,23,,1.6473,0.18936,,,1.6576,0,,0,0,1,13,13,0,13.0,91458.0
95.6,75,100,90,0.0,61.113,10.165,0.0001,100,1.1,0,0.00091277,14.606,14.745,83571,91684.0,6.4993,298.0,298.88,1.7373,10.0,,23,,1.6612,0.18925,,,1.6594,0,,0,0,1,13,13,0,13.0,91492.0
95.8,75,100,90,0.0,61.92,10.556,0.0001,100,1.1,0,0.00089819,14.598,14.787,83616,91738.0,6.4943,298.0,298.57,1.7391,10.0,,23,,1.6742,0.18915,,,1.6612,0,,0,0,1,13,13,0,13.0,91690.0
96.0,75,100,90,0.0,64.732,10.158,0.0001,100,1.1,0,0.00089502,14.598,14.828,83661,91793.0,6.4911,297.99,297.95,1.7409,10.0,1055.4,23,1617.9,1.6755,0.18914,14.661,22.349,1.6629,0,38.407,0,0,1,13,13,0,13.0,92554.0
96.2,75,100,90,0.0,68.813,9.4782,0.0001,100,1.1,0,0.0008914,14.597,14.87,83707,91849.0,6.4921,297.99,297.24,1.7428,10.0,,23,,1.6762,0.18913,,,1.6647,0,,0,0,1,13,13,0,13.0,93586.0
96.4,75,100,90,0.0,72.473,8.6744,0.0001,100,1.1,0,0.00087097,14.623,14.91,83754,91905.0,6.4978,297.99,295.46,1.7445,10.0,,23,,1.6688,0.18918,,,1.6664,0,,0,0,1,13,13,0,13.0,92113.0
96.6,75,100,90,0.0,73.873,6.8748,0.0001,100,1.1,0,0.00084996,14.639,14.951,83801,91962.0,6.5036,297.98,293.67,1.7463,10.0,,23,,1.6613,0.18923,,,1.6681,0,,0,0,1,13,13,0,13.0,92637.0
96.8,75,100,90,0.0,72.948,4.9137,0.0001,100,1.1,0,0.00084462,14.635,14.991,83848,92018.0,6.5099,297.98,292.67,1.748,10.0,,23,,1.6631,0.18922,,,1.6697,0,,0,0,1,13,13,0,13.0,93496.0
97.0,75,100,90,0.0,69.51,3.4817,0.0001,100,1.1,0,0.00084264,14.622,15.031,83894,92074.0,6.514,297.98,292.57,1.7497,10.0,,23,,1.668,0.18918,,,1.6713,0,,0,0,1,13,13,0,13.0,93520.0
97.2,75,100,90,0.0,64.425,2.7097,0.0001,100,1.1,0,0.00084247,14.607,15.071,83940,92129.0,6.5136,297.98,293.35,1.7513,10.0,,23,,1.668,0.18917,,,1.6729,0,,0,0,1,13,13,0,13.0,93378.0
97.4,75,100,90,0.0,59.517,2.677,0.0001,100,1.1,0,0.00084212,14.573,15.111,83984,92182.0,6.51,297.99,294.81,1.753,10.0,,23,,1.6841,0.18905,,,1.6746,0,,0,0,1,13,13,0,13.0,93571.0
97.6,75,100,90,0.0,56.052,3.2839,0.0001,100,1.1,0,0.00081764,14.591,15.151,84028,92235.0,6.5045,297.99,295.17,1.7547,10.0,,23,,1.6737,0.18912,,,1.6762,0,,0,0,1,13,13,0,13.0,93761.0
97.8,75,100,90,0.0,54.771,3.0637,0.0001,100,1.1,0,0.0008007,14.606,15.19,84071,92288.0,6.4978,297.99,294.79,1.7563,10.0,,23,,1.6647,0.18919,,,1.6777,0,,0,0,1,13,13,0,13.0,94614.0
98.0,75,100,90,0.0,56.156,2.2659,0.0001,100,1.1,0,0.00078798,14.625,15.229,84114,92341.0,6.4921,297.99,294.34,1.7579,10.0,,23,,1.6463,0.18933,,,1.6793,0,,0,0,1,13,13,0,13.0,93632.0
98.2,75,100,90,0.0,59.823,1.381,0.0001,100,1.1,0,0.00079334,14.62,15.268,84159,92394.0,6.4876,297.99,294.2,1.7595,10.0,,23,,1.6455,0.18933,,,1.6808,0,,0,0,1,13,13,0,13.0,94316.0
98.4,75,100,90,0.0,65.28,0.7287,0.0001,100,1.1,0,0.00079411,14.623,15.306,84204,92449.0,6.488,297.98,294.08,1.7611,10.0,,23,,1.6416,0.18935,,,1.6823,0,,0,0,1,13,13,0,13.0,94498.0
98.6,75,100,90,0.0,70.569,0.064874,0.0001,100,1.1,0,0.00079335,14.631,15.344,84251,92505.0,6.49,297.98,293.69,1.7627,10.0,,23,,1.6379,0.18938,,,1.6839,0,,0,0,1,13,13,0,13.0,95012.0
98.8,75,100,90,0.0,75.083,0.0001,0.0001,100,1.1,0,0.00078374,14.64,15.381,84298,92562.0,6.4954,297.98,292.38,1.7643,10.0,,23,,1.6378,0.18938,,,1.6854,0,,0,0,1,13,13,0,13.0,95190.0
99.0,75,100,90,0.0,77.426,0.0001,0.0001,100,1.1,0,0.00078893,14.635,15.419,84346,92619.0,6.4997,297.98,291.0,1.7659,10.0,,23,,1.6378,0.18937,,,1.6869,0,,0,0,1,13,13,0,13.0,95202.0
99.2,75,100,90,0.0,78.067,0.0001,0.0001,100,1.1,0,0.00078917,14.621,15.456,84394,92676.0,6.505,297.97,289.43,1.7675,10.0,,23,,1.6483,0.18929,,,1.6884,0,,0,0,1,13,13,0,13.0,95212.0
99.4,75,100,90,0.0,76.568,0.0001,0.0001,100,1.1,0,0.00077285,14.633,15.492,84441,92733.0,6.5122,297.97,287.24,1.7691,10.0,,23,,1.6421,0.18934,,,1.6899,0,,0,0,1,13,13,0,13.0,95220.0
99.6,75,100,90,0.0,72.215,0.0001,0.0001,100,1.1,0,0.00076882,14.622,15.529,84488,92789.0,6.5171,297.96,285.22,1.7706,10.0,,23,,1.643,0.18933,,,1.6914,0,,0,0,1,13,13,0,13.0,95061.0
99.8,75,100,90,0.0,65.889,0.0001,0.0001,100,1.1,0,0.00076453,14.614,15.566,84534,92844.0,6.5163,297.96,283.58,1.7721,10.0,,23,,1.6382,0.18936,,,1.6929,0,,0,0,1,13,13,0,13.0,96403.0
100.0,75,100,90,0.0,59.889,0.0001,0.0001,100,1.1,0,0.00079584,14.553,15.604,84578,92897.0,6.51,297.96,283.86,1.7737,10.0,,23,,1.6573,0.18921,,,1.6944,0,,0,0,1,13,13,0,13.0,96250.0
100.2,75,100,90,0.0,56.421,0.0001,0.0001,100,1.0,-4000,0.00079373,13.705,15.641,83919,92150.0,6.5308,297.96,283.85,1.7657,10.0,,23,,1.641,0.18935,,,1.6868,0,,0,0,1,13,13,0,13.0,96096.0
100.4,75,100,90,0.0,44.55,0.0001,0.0001,100,1.0,-4000,0.00078381,13.687,15.679,83257,91401.0,6.543,297.96,284.02,1.7531,10.0,,23,,1.6274,0.18948,,,1.6747,0,,0,0,1,13,13,0,13.0,96109.0
100.6,75,100,90,0.0,27.889,0.0001,0.0001,100,1.0,-4000,0.00079562,13.639,15.718,82593,90648.0,6.5391,297.96,285.75,1.7402,10.0,,23,,1.6122,0.18962,,,1.6622,0,,0,0,1,13,13,0,13.0,95960.0
100.8,75,100,90,0.0,12.827,0.0001,0.0001,100,1.0,-4000,0.00078675,13.595,15.757,81925,89892.0,6.5224,297.97,288.15,1.7271,10.0,,23,,1.6097,0.18966,,,1.6497,0,,0,0,1,13,13,0,13.0,97145.0
101.0,75,100,90,0.0,4.4269,0.74164,0.0001,100,1.0,-4000,0.00080583,13.543,15.796,81256,89135.0,6.4991,297.98,291.38,1.7141,10.0,,23,,1.604,0.18973,,,1.6372,0,,0,0,1,13,13,0,13.0,96333.0
101.2,75,100,90,0.0,5.3184,2.4524,0.0001,100,1.0,-4000,0.00083667,13.485,15.836,80587,88378.0,6.4773,297.99,294.4,1.7011,10.0,,23,,1.6116,0.1897,,,1.6247,0,,0,0,1,13,13,0,13.0,97691.0
101.4,75,100,90,0.0,14.916,4.2966,0.0001,100,1.0,-4000,0.0008766,13.455,15.877,79920,87623.0,6.4635,297.99,296.58,1.6882,10.0,,23,,1.6015,0.1898,,,1.6123,0,,0,0,1,13,13,0,13.0,97385.0
101.6,75,100,90,0.0,30.024,5.7001,0.0001,100,1.0,-4000,0.00087409,13.482,15.917,79256,86871.0,6.4615,297.99,296.3,1.6752,10.0,,23,,1.5721,0.19005,,,1.5999,0,,0,0,1,13,13,0,13.0,98077.0
101.8,75,100,90,0.0,45.904,5.1085,0.0001,100,1.0,-4000,0.00089595,13.48,15.957,78595,86122.0,6.4707,297.99,295.67,1.6623,10.0,,23,,1.5539,0.19021,,,1.5874,0,,0,0,1,13,13,0,13.0,98600.0
102.0,75,100,90,0.0,58.09,4.2109,0.0001,100,1.0,-4000,0.000921,13.48,15.997,77937,85376.0,6.4883,297.99,295.15,1.6494,10.0,,23,,1.53,0.19041,,,1.575,0,,0,0,1,13,13,0,13.0,97123.0
102.2,75,100,90,0.0,63.249,3.3549,0.0001,100,1.0,0,0.00091198,13.498,16.036,77983,85430.0,6.4822,297.99,294.45,1.6464,10.0,,23,,1.5132,0.19055,,,1.5721,0,,0,0,1,13,13,0,13.0,98646.0
102.4,75,100,90,0.0,70.945,2.2857,0.0001,100,1.0,0,0.00087944,13.548,16.075,78030,85487.0,6.4852,297.98,292.72,1.6477,10.0,,23,,1.4893,0.19073,,,1.5734,0,,0,0,1,13,13,0,13.0,97664.0
102.6,75,100,90,0.0,77.372,0.18468,0.0001,100,1.0,0,0.00087157,13.585,16.113,78078,85544.0,6.4935,297.98,291.19,1.6492,10.0,,23,,1.4648,0.19091,,,1.5749,0,,0,0,1,13,13,0,13.0,99178.0
102.8,75,100,90,0.0,80.464,0.0001,0.0001,100,1.0,0,0.00085367,13.616,16.15,78127,85602.0,6.5036,297.97,288.71,1.6507,10.0,,23,,1.4436,0.19106,,,1.5763,0,,0,0,1,13,13,0,13.0,98690.0
103.0,75,100,90,0.0,79.555,0.0001,0.0001,100,1.0,0,0.00086229,13.586,16.188,78176,85660.0,6.5126,297.97,286.57,1.6523,10.0,,23,,1.46,0.19094,,,1.5778,0,,0,0,1,13,13,0,13.0,98202.0
103.2,75,100,90,0.0,75.029,0.0001,0.0001,100,1.0,0,0.00085107,13.568,16.226,78224,85717.0,6.5202,297.96,284.57,1.6538,10.0,,23,,1.4716,0.19085,,,1.5793,0,,0,0,1,13,13,0,13.0,98548.0
103.4,75,100,90,0.0,67.491,0.0001,0.0001,100,1.0,0,0.00082862,13.562,16.263,78270,85772.0,6.5201,297.95,282.45,1.6553,10.0,,23,,1.4755,0.19081,,,1.5807,0,,0,0,1,13,13,0,13.0,98727.0
103.6,75,100,90,0.0,59.995,0.0001,0.0001,100,1.0,0,0.00080102,13.559,16.3,78315,85826.0,6.5151,297.95,279.96,1.6567,10.0,,23,,1.4809,0.19077,,,1.5821,0,,0,0,1,13,13,0,13.0,99570.0
103.8,75,100,90,0.0,54.478,0.0001,11.067,100,1.0,0,0.000794,13.539,16.337,78359,85879.0,6.5079,297.97,287.83,1.6582,10.0,,23,,1.4892,0.19071,,,1.5835,0,,0,0,1,13,13,0,13.0,99079.0
104.0,75,100,90,0.0,51.835,5.3592,1.1067,100,1.0,0,0.00081394,13.509,16.375,78402,85931.0,6.4994,297.96,284.1,1.6596,10.0,,23,,1.4937,0.19067,,,1.5849,0,,0,0,1,13,13,0,13.0,99591.0
104.2,75,100,90,0.0,52.588,0.57667,0.11067,100,1.0,0,0.00080925,13.502,16.412,78446,85983.0,6.4933,297.95,282.37,1.6611,10.0,,23,,1.4982,0.19063,,,1.5863,0,,0,0,1,13,13,0,13.0,100100.0
104.4,75,100,90,0.0,55.78,0.0001,0.011067,100,1.0,0,0.00082535,13.502,16.45,78490,86036.0,6.489,297.95,281.22,1.6626,10.0,,23,,1.4856,0.19072,,,1.5877,0,,0,0,1,13,13,0,13.0,100280.0
104.6,75,100,90,0.0,60.68,0.0001,0.0011067,100,1.0,0,0.00081929,13.528,16.487,78535,86090.0,6.4898,297.95,279.27,1.664,10.0,,23,,1.4683,0.19085,,,1.5891,0,,0,0,1,13,13,0,13.0,100790.0
104.8,75,100,90,0.0,65.274,0.0001,11.66,100,1.0,0,0.00081354,13.55,16.524,78581,86145.0,6.4924,297.97,287.18,1.6655,10.0,,23,,1.4517,0.19097,,,1.5905,0,,0,0,1,13,13,0,13.0,100640.0
105.0,75,100,90,0.0,68.819,5.2963,1.166,100,1.0,0,0.00079067,13.585,16.56,78627,86201.0,6.4949,297.95,280.96,1.6669,10.0,,23,,1.4331,0.19111,,,1.5919,0,,0,0,1,13,13,0,13.0,100310.0
105.2,75,100,90,0.0,71.391,0.0001,0.1166,100,1.0,0,0.00079323,13.58,16.596,78674,86257.0,6.4974,297.94,276.99,1.6683,10.0,,23,,1.4326,0.19111,,,1.5932,0,,0,0,1,13,13,0,13.0,101150.0
105.4,75,100,90,0.0,72.932,0.0001,11.087,100,1.0,0,0.00078655,13.59,16.633,78722,86313.0,6.4991,297.95,282.72,1.6697,10.0,,23,,1.4238,0.19118,,,1.5946,0,,0,0,1,13,13,0,13.0,100150.0
105.6,75,100,90,0.0,73.814,3.0851,1.1087,100,1.0,0,0.00077766,13.591,16.669,78770,86370.0,6.5021,297.94,276.71,1.6711,10.0,,23,,1.4304,0.19112,,,1.5959,0,,0,0,1,13,13,0,13.0,100990.0
105.8,75,100,90,0.0,73.496,0.92554,23.925,100,1.0,0,0.00077427,13.593,16.704,78817,86426.0,6.5079,297.98,292.53,1.6725,10.0,,23,,1.4299,0.19113,,,1.5972,0,,0,0,1,13,13,0,13.0,100660.0
106.0,75,100,90,0.0,70.847,13.293,2.3925,100,1.0,0,0.00077795,13.565,16.74,78864,86482.0,6.5114,297.95,281.43,1.6738,10.0,,23,,1.4464,0.191,,,1.5985,0,,0,0,1,13,13,0,13.0,102330.0
106.2,75,100,90,0.0,66.825,2.0668,0.23925,100,1.0,0,0.00077912,13.53,16.776,78910,86537.0,6.5111,297.94,275.5,1.6752,10.0,,23,,1.4736,0.19079,,,1.5998,0,,0,0,1,13,13,0,13.0,102170.0
106.4,75,100,90,0.0,62.915,0.62003,12.265,100,1.0,0,0.00076801,13.525,16.811,78956,86591.0,6.5074,297.95,281.29,1.6765,10.0,,23,,1.4809,0.19073,,,1.6011,0,,0,0,1,13,13,0,13.0,102500.0
106.6,75,100,90,0.0,60.494,3.6393,1.2265,100,1.0,0,0.00078113,13.48,16.847,79001,86645.0,6.5001,297.94,275.96,1.6779,10.0,,23,,1.5053,0.19055,,,1.6024,0,,0,0,1,13,13,0,13.0,101170.0
106.8,75,100,90,0.0,60.97,1.0918,24.342,100,1.0,0,0.00077543,13.481,16.883,79046,86699.0,6.4955,297.98,292.74,1.6792,10.0,,23,,1.5112,0.1905,,,1.6037,0,,0,0,1,13,13,0,13.0,101840.0
107.0,75,100,90,0.0,63.283,14.209,2.4342,100,1.0,0,0.00074341,13.511,16.918,79091,86753.0,6.4936,297.95,280.47,1.6805,10.0,,23,,1.5059,0.19054,,,1.6049,0,,0,0,1,13,13,0,13.0,103010.0
107.2,75,100,90,0.0,66.373,4.2627,45.327,100,1.0,0,0.00073843,13.532,16.952,79137,86808.0,6.4947,298.03,312.34,1.6818,10.0,,23,,1.4882,0.19067,,,1.6062,0,,0,0,1,13,13,0,13.0,101840.0
107.4,75,100,90,0.0,69.001,31.758,4.5327,100,1.0,0,0.00074578,13.505,16.986,79184,86863.0,6.4971,297.98,291.36,1.6831,10.0,,23,,1.5122,0.19048,,,1.6074,0,,0,0,1,13,13,0,13.0,103330.0
107.6,75,100,90,0.0,70.662,13.188,0.45327,100,1.0,0,0.00077361,13.481,17.021,79231,86919.0,6.4999,297.94,277.89,1.6844,10.0,,23,,1.5176,0.19044,,,1.6086,0,,0,0,1,13,13,0,13.0,102000.0
107.8,75,100,90,0.0,71.231,3.9565,21.543,100,1.0,0,0.00073289,13.527,17.056,79278,86975.0,6.504,297.97,287.55,1.6856,10.0,,23,,1.4981,0.19058,,,1.6098,0,,0,0,1,13,13,0,13.0,102660.0
108.0,75,100,90,0.0,70.157,10.877,2.1543,100,1.0,0,0.00072247,13.54,17.09,79325,87031.0,6.5087,297.93,274.9,1.6868,10.0,1164.8,23,1640.2,1.4858,0.19068,16.952,22.954,1.611,0,47.221,0,0,1,13,13,0,13.0,103320.0
108.2,75,100,90,0.0,67.194,3.2631,40.456,100,1.0,0,0.00074939,13.514,17.124,79371,87086.0,6.5115,298.01,302.87,1.6881,10.0,,23,,1.4789,0.19072,,,1.6122,0,,0,0,1,13,13,0,13.0,103660.0
108.4,75,100,90,0.0,63.139,26.574,4.0456,100,1.0,0,0.00075443,13.483,17.159,79416,87140.0,6.5116,297.96,284.62,1.6893,10.0,,23,,1.4955,0.1906,,,1.6134,0,,0,0,1,13,13,0,13.0,103320.0
108.6,75,100,90,0.0,59.016,9.6877,0.40456,100,1.0,0,0.00077142,13.45,17.195,79461,87193.0,6.5078,297.93,273.65,1.6906,10.0,,23,,1.5084,0.1905,,,1.6146,0,,0,0,1,13,13,0,13.0,103160.0
108.8,75,100,90,0.0,56.41,2.9063,20.108,100,1.0,0,0.00078242,13.419,17.231,79505,87246.0,6.4997,297.96,285.28,1.6919,10.0,,23,,1.5228,0.19039,,,1.6159,0,,0,0,1,13,13,0,13.0,103160.0
109.0,75,100,90,0.0,57.057,11.122,2.0108,100,1.0,0,0.00079161,13.396,17.267,79549,87300.0,6.4936,297.94,275.74,1.6932,10.0,,23,,1.5351,0.19029,,,1.6171,0,,0,0,1,13,13,0,13.0,104340.0
109.2,75,100,90,0.0,60.118,3.3367,39.025,100,1.0,0,0.00080337,13.395,17.304,79594,87353.0,6.4899,298.01,304.57,1.6945,10.0,,23,,1.5286,0.19034,,,1.6184,0,,0,0,1,13,13,0,13.0,104340.0
109.4,75,100,90,0.0,64.659,27.375,3.9025,100,1.0,0,0.00081641,13.39,17.34,79640,87408.0,6.4878,297.96,286.15,1.6958,10.0,,23,,1.5292,0.19033,,,1.6196,0,,0,0,1,13,13,0,13.0,105180.0
109.6,75,100,90,0.0,70.035,10.535,0.39025,100,1.0,0,0.0007481,13.488,17.375,79686,87464.0,6.4914,297.93,272.0,1.6971,10.0,,23,,1.4901,0.19062,,,1.6208,0,,0,0,1,13,13,0,13.0,105180.0
109.8,75,100,90,0.0,73.971,3.1605,24.221,100,1.0,0,0.00075305,13.484,17.409,79734,87520.0,6.4964,297.96,284.23,1.6983,10.0,,23,,1.4857,0.19065,,,1.622,0,,0,0,1,13,13,0,13.0,104340.0
110.0,75,100,90,0.0,75.908,11.794,2.4221,100,1.0,0,0.0007466,13.509,17.443,79782,87577.0,6.5023,297.92,270.38,1.6995,10.0,,23,,1.4696,0.19077,,,1.6232,0,,0,0,1,13,13,0,13.0,105000.0
110.2,75,100,90,0.0,75.521,3.5381,46.248,100,1.0,0,0.00073753,13.517,17.476,79830,87634.0,6.5051,298.0,301.08,1.7007,10.0,,23,,1.4645,0.19081,,,1.6243,0,,0,0,1,13,13,0,13.0,105000.0
110.4,75,100,90,0.0,74.013,28.743,4.6248,100,1.0,0,0.00074009,13.507,17.51,79877,87690.0,6.5071,297.94,277.46,1.7019,10.0,,23,,1.4667,0.19079,,,1.6255,0,,0,0,1,13,13,0,13.0,105820.0
110.6,75,100,90,0.0,71.695,8.623,79.29,100,1.0,0,0.00071988,13.516,17.543,79924,87746.0,6.5117,298.09,334.16,1.7031,10.0,,23,,1.4644,0.19081,,,1.6266,0,,0,0,1,13,13,0,13.0,104810.0
110.8,75,100,90,0.0,67.529,58.236,7.929,100,1.0,0,0.00071067,13.52,17.576,79971,87801.0,6.5125,297.98,293.51,1.7042,10.0,,23,,1.4574,0.19086,,,1.6277,0,,0,0,1,13,13,0,13.0,105630.0
111.0,75,100,90,0.0,63.052,23.706,0.7929,100,1.0,0,0.00071869,13.494,17.609,80016,87855.0,6.5097,297.92,269.53,1.7054,10.0,,23,,1.4648,0.1908,,,1.6288,0,,0,0,1,13,13,0,13.0,104790.0
111.2,75,100,90,0.0,59.685,7.1118,31.806,100,1.0,0,0.00074482,13.469,17.643,80061,87908.0,6.5017,297.96,286.08,1.7065,10.0,,23,,1.4564,0.19086,,,1.6299,0,,0,0,1,13,13,0,13.0,105790.0
111.4,75,100,90,0.0,59.53,19.567,3.1806,100,1.0,0,0.00072168,13.489,17.676,80105,87962.0,6.4966,297.92,267.57,1.7077,10.0,,23,,1.4522,0.19089,,,1.631,0,,0,0,1,13,13,0,13.0,105610.0
111.6,75,100,90,0.0,61.415,5.87,61.867,100,1.0,0,0.00073565,13.482,17.709,80150,88015.0,6.4942,298.03,311.61,1.7088,10.0,,23,,1.4454,0.19094,,,1.6321,0,,0,0,1,13,13,0,13.0,106270.0
111.8,75,100,90,0.0,64.24,42.824,6.1867,100,1.0,0,0.00074886,13.464,17.743,80196,88070.0,6.4947,297.95,281.32,1.71,10.0,,23,,1.4539,0.19087,,,1.6332,0,,0,0,1,13,13,0,13.0,106600.0
112.0,75,100,90,0.0,66.877,15.781,0.61867,100,1.0,0,0.00077813,13.419,17.778,80242,88125.0,6.4989,297.91,264.27,1.7112,10.0,,23,,1.4794,0.19068,,,1.6344,0,,0,0,1,13,13,0,13.0,106090.0
112.2,75,100,90,0.0,67.812,4.7344,27.977,100,1.0,0,0.00078319,13.412,17.812,80288,88180.0,6.5031,297.95,279.19,1.7124,10.0,,23,,1.4835,0.19064,,,1.6356,0,,0,0,1,13,13,0,13.0,106090.0
112.4,75,100,90,0.0,67.087,1.4203,0.0001,100,1.0,0,0.00080118,13.376,17.847,80334,88235.0,6.5043,297.93,271.53,1.7137,10.0,,23,,1.502,0.1905,,,1.6368,0,,0,0,1,13,13,0,13.0,105760.0
112.6,75,100,90,0.0,65.884,0.42609,32.0,100,1.0,0,0.00080815,13.376,17.881,80380,88290.0,6.5069,297.98,293.69,1.7149,10.0,,23,,1.4972,0.19054,,,1.638,0,,0,0,1,13,13,0,13.0,106920.0
112.8,75,100,90,0.0,63.648,17.746,3.2,100,1.0,0,0.00078947,13.382,17.916,80426,88345.0,6.5076,297.94,277.38,1.7161,10.0,,23,,1.4954,0.19055,,,1.6391,0,,0,0,1,13,13,0,13.0,107250.0
113.0,75,100,90,0.0,61.117,5.3238,56.727,100,1.0,0,0.00079585,13.368,17.95,80471,88399.0,6.5083,298.05,318.65,1.7174,10.0,,23,,1.4905,0.19058,,,1.6403,0,,0,0,1,13,13,0,13.0,107580.0
113.2,75,100,90,0.0,58.33,40.541,5.6727,100,1.0,0,0.00079203,13.358,17.985,80515,88452.0,6.5097,297.97,289.39,1.7186,10.0,,23,,1.4952,0.19054,,,1.6415,0,,0,0,1,13,13,0,13.0,107410.0
113.4,75,100,90,0.0,54.972,15.266,0.56727,100,1.0,0,0.00078054,13.341,18.019,80559,88505.0,6.5079,297.93,272.57,1.7198,10.0,,23,,1.5094,0.19043,,,1.6427,0,,0,0,1,13,13,0,13.0,107240.0
113.6,75,100,90,0.0,52.358,4.5799,23.601,100,1.0,0,0.00079789,13.315,18.054,80602,88557.0,6.5047,297.96,284.89,1.721,10.0,,23,,1.5177,0.19037,,,1.6438,0,,0,0,1,13,13,0,13.0,107910.0
113.8,75,100,90,0.0,50.987,13.288,2.3601,100,1.0,0,0.00078377,13.312,18.089,80645,88609.0,6.502,297.93,271.48,1.7223,10.0,,23,,1.523,0.19033,,,1.645,0,,0,0,1,13,13,0,13.0,108410.0
114.0,75,100,90,0.0,50.699,3.9864,46.576,100,1.0,0,0.0008127,13.291,18.124,80687,88661.0,6.4975,298.01,305.66,1.7235,10.0,,23,,1.5193,0.19035,,,1.6462,0,,0,0,1,13,13,0,13.0,109070.0
114.2,75,100,90,0.0,52.235,32.111,4.6576,100,1.0,0,0.0008054,13.302,18.159,80731,88713.0,6.4937,297.95,282.37,1.7247,10.0,,23,,1.5094,0.19042,,,1.6474,0,,0,0,1,13,13,0,13.0,108740.0
114.4,75,100,90,0.0,55.268,11.127,0.46576,100,1.0,0,0.00080991,13.297,18.194,80774,88766.0,6.4938,297.92,269.61,1.726,10.0,,23,,1.5125,0.1904,,,1.6486,0,,0,0,1,13,13,0,13.0,108410.0
114.6,75,100,90,0.0,58.248,3.3381,21.712,100,1.0,0,0.00077454,13.321,18.228,80819,88820.0,6.4986,297.95,279.98,1.7272,10.0,,23,,1.5141,0.19038,,,1.6497,0,,0,0,1,13,13,0,13.0,108070.0
114.8,75,100,90,0.0,59.307,1.0014,0.0001,100,1.0,0,0.00075228,13.349,18.261,80863,88873.0,6.5045,297.92,270.93,1.7283,10.0,,23,,1.5063,0.19044,,,1.6508,0,,0,0,1,13,13,0,13.0,109560.0
115.0,75,100,90,0.0,58.031,0.30043,29.855,100,1.0,0,0.00075186,13.329,18.295,80907,88926.0,6.5111,297.97,289.39,1.7295,10.0,,23,,1.5226,0.19032,,,1.6519,0,,0,0,1,13,13,0,13.0,108720.0
115.2,75,100,90,0.0,54.111,14.149,2.9855,100,1.0,0,0.00071649,13.347,18.327,80951,88979.0,6.5133,297.93,273.19,1.7306,10.0,,23,,1.5235,0.19031,,,1.653,0,,0,0,1,13,13,0,13.0,108870.0
115.4,75,100,90,0.0,49.344,4.2448,52.609,100,1.0,0,0.00069938,13.341,18.359,80993,89030.0,6.511,298.02,308.23,1.7316,10.0,,23,,1.5306,0.19025,,,1.654,0,,0,0,1,13,13,0,13.0,109190.0
115.6,75,100,90,0.0,45.493,33.238,5.2609,100,1.0,0,0.00069172,13.337,18.392,81035,89080.0,6.5069,297.95,280.46,1.7326,10.0,,23,,1.5287,0.19026,,,1.655,0,,0,0,1,13,13,0,13.0,109510.0
115.8,75,100,90,0.0,43.249,9.9713,87.597,100,1.0,0,0.00070627,13.313,18.424,81076,89130.0,6.5,298.11,343.52,1.7337,10.0,,23,,1.5343,0.19022,,,1.656,0,,0,0,1,13,13,0,13.0,108830.0
116.0,75,100,90,0.0,43.769,64.852,8.7597,100,1.0,0,0.00069724,13.313,18.457,81118,89180.0,6.4937,297.99,296.69,1.7347,10.0,,23,,1.5405,0.19017,,,1.6569,0,,0,0,1,13,13,0,13.0,108820.0
116.2,75,100,90,0.0,46.793,26.092,0.87597,100,1.0,0,0.0006737,13.341,18.488,81160,89231.0,6.4923,297.92,268.38,1.7357,10.0,,23,,1.5351,0.19021,,,1.6579,0,,0,0,1,13,13,0,13.0,109800.0
116.4,75,100,90,0.0,50.395,7.8275,34.134,100,1.0,0,0.00069095,13.327,18.52,81202,89283.0,6.4939,297.96,283.54,1.7367,10.0,,23,,1.5357,0.1902,,,1.6589,0,,0,0,1,13,13,0,13.0,109790.0
116.6,75,100,90,0.0,53.329,18.812,3.4134,100,1.0,0,0.00070671,13.316,18.552,81246,89335.0,6.4982,297.91,263.73,1.7377,10.0,,23,,1.537,0.19019,,,1.6598,0,,0,0,1,13,13,0,13.0,109940.0
116.8,75,100,90,0.0,54.566,5.6437,62.683,100,1.0,0,0.00070641,13.308,18.585,81289,89387.0,6.5039,298.02,306.6,1.7387,10.0,,23,,1.542,0.19015,,,1.6608,0,,0,0,1,13,13,0,13.0,110260.0
117.0,75,100,90,0.0,53.527,40.641,6.2683,100,1.0,0,0.0007071,13.296,18.617,81333,89439.0,6.5101,297.94,276.15,1.7398,10.0,,23,,1.5472,0.19011,,,1.6618,0,,0,0,1,13,13,0,13.0,110410.0
117.2,75,100,90,0.0,50.008,12.192,104.15,100,1.0,0,0.00071977,13.282,18.649,81375,89491.0,6.5125,298.14,353.21,1.7408,10.0,,23,,1.5402,0.19016,,,1.6628,0,,0,0,1,13,13,0,13.0,110730.0
117.4,75,100,90,0.0,45.523,78.929,10.415,100,1.0,0,0.00071329,13.271,18.681,81417,89541.0,6.5118,298.01,303.61,1.7419,10.0,,23,,1.5449,0.19012,,,1.6638,0,,0,0,1,13,13,0,13.0,110050.0
117.6,75,100,90,0.0,41.32,38.524,1.0415,100,1.0,0,0.00073939,13.219,18.715,81458,89591.0,6.5084,297.93,272.73,1.7429,10.0,,23,,1.5646,0.18997,,,1.6648,0,,0,0,1,13,13,0,13.0,111210.0
117.8,75,100,90,0.0,38.488,11.557,44.508,100,1.0,0,0.0007112,13.269,18.747,81498,89641.0,6.5022,297.99,296.99,1.744,10.0,,23,,1.5347,0.1902,,,1.6658,0,,0,0,1,13,13,0,13.0,111700.0
118.0,75,100,90,0.0,38.133,31.036,4.4508,100,1.0,0,0.00069619,13.279,18.78,81538,89690.0,6.4966,297.93,273.29,1.745,10.0,,23,,1.5265,0.19026,,,1.6668,0,,0,0,1,13,13,0,13.0,110850.0
118.2,75,100,90,0.0,39.995,9.3107,78.675,100,1.0,0,0.0007217,13.251,18.813,81579,89739.0,6.4923,298.08,330.44,1.746,10.0,,23,,1.5303,0.19022,,,1.6678,0,,0,0,1,13,13,0,13.0,110840.0
118.4,75,100,90,0.0,43.587,57.824,7.8675,100,1.0,0,0.00070768,13.248,18.846,81620,89789.0,6.4925,297.99,295.09,1.747,10.0,,23,,1.5415,0.19014,,,1.6687,0,,0,0,1,13,13,0,13.0,111330.0
118.6,75,100,90,0.0,47.078,28.333,0.78675,100,1.0,0,0.00066488,13.294,18.877,81662,89840.0,6.4965,297.92,268.91,1.748,10.0,,23,,1.5346,0.19019,,,1.6697,0,,0,0,1,13,13,0,13.0,112150.0
118.8,75,100,90,0.0,48.997,8.5,41.796,100,1.0,0,0.00064603,13.329,18.908,81704,89891.0,6.503,297.97,289.66,1.7489,10.0,,23,,1.5202,0.1903,,,1.6706,0,,0,0,1,13,13,0,13.0,112460.0
119.0,75,100,90,0.0,48.31,24.362,4.1796,100,1.0,0,0.0006378,13.31,18.938,81747,89942.0,6.5079,297.92,267.23,1.7498,10.0,,23,,1.541,0.19014,,,1.6714,0,,0,0,1,13,13,0,13.0,111940.0
119.2,75,100,90,0.0,45.665,7.3085,71.762,100,1.0,0,0.00064111,13.294,18.969,81788,89993.0,6.5106,298.04,315.52,1.7507,10.0,,23,,1.5506,0.19006,,,1.6723,0,,0,0,1,13,13,0,13.0,111580.0
119.4,75,100,90,0.0,41.962,47.252,7.1762,100,1.0,0,0.00063645,13.273,18.999,81829,90042.0,6.5093,297.95,282.3,1.7515,10.0,,23,,1.5641,0.18996,,,1.6731,0,,0,0,1,13,13,0,13.0,111390.0
119.6,75,100,90,0.0,38.776,18.457,0.71762,100,1.0,0,0.00064295,13.26,19.03,81870,90091.0,6.5047,297.9,260.71,1.7524,10.0,,23,,1.5634,0.18996,,,1.674,0,,0,0,1,13,13,0,13.0,112540.0
119.8,75,100,90,0.0,37.411,5.5372,33.947,100,1.0,0,0.00062518,13.275,19.061,81910,90140.0,6.5001,297.94,275.94,1.7533,10.0,,23,,1.5573,0.19001,,,1.6748,0,,0,0,1,13,13,0,13.0,111520.0
120.0,75,100,90,0.0,37.879,1.6612,0.0001,100,1.0,0,0.00062376,13.268,19.091,81950,90189.0,6.4969,297.9,262.33,1.7541,10.0,1306.4,23,1688.0,1.5632,0.18996,18.969,23.269,1.6756,0,55.608,0,0,1,13,13,0,13.0,113660.0
120.2,75,100,90,0.0,39.642,0.49835,41.177,100,1.0,0,0.00065744,13.22,19.122,81990,90238.0,6.4957,297.97,287.76,1.755,10.0,,23,,1.5864,0.18978,,,1.6765,0,,0,0,1,13,13,0,13.0,112810.0
120.4,75,100,90,0.0,41.866,19.547,4.1177,100,1.0,0,0.00066071,13.211,19.152,82031,90288.0,6.4977,297.92,268.11,1.7559,10.0,,23,,1.5969,0.1897,,,1.6773,0,,0,0,1,13,13,0,13.0,112620.0
120.6,75,100,90,0.0,43.289,5.8642,67.226,100,1.0,0,0.00063294,13.253,19.182,82073,90338.0,6.4994,298.03,312.42,1.7568,10.0,,23,,1.5786,0.18984,,,1.6781,0,,0,0,1,13,13,0,13.0,112590.0
120.8,75,100,90,0.0,44.044,42.182,6.7226,100,1.0,0,0.00063562,13.271,19.212,82114,90388.0,6.5012,297.95,280.22,1.7576,10.0,,23,,1.5547,0.19002,,,1.679,0,,0,0,1,13,13,0,13.0,113900.0
121.0,75,100,90,0.0,44.068,12.655,105.3,100,1.0,0,0.0006199,13.275,19.242,82155,90438.0,6.5033,298.14,354.19,1.7585,10.0,,23,,1.5577,0.18999,,,1.6798,0,,0,0,1,13,13,0,13.0,113880.0
121.2,75,100,90,0.0,43.253,76.424,10.53,100,1.0,0,0.0006525,13.233,19.273,82196,90488.0,6.5049,298.02,306.83,1.7593,10.0,,23,,1.5676,0.18992,,,1.6806,0,,0,0,1,13,13,0,13.0,113690.0
121.4,75,100,90,0.0,41.818,38.537,1.053,100,1.0,0,0.00064873,13.221,19.303,82237,90537.0,6.5055,297.93,272.61,1.7602,10.0,,23,,1.579,0.18983,,,1.6814,0,,0,0,1,13,13,0,13.0,113000.0
121.6,75,100,90,0.0,40.156,11.561,48.558,100,1.0,0,0.00063963,13.218,19.334,82278,90587.0,6.5042,297.99,297.14,1.761,10.0,,23,,1.5814,0.18981,,,1.6822,0,,0,0,1,13,13,0,13.0,113980.0
121.8,75,100,90,0.0,38.999,31.121,4.8558,100,1.0,0,0.00062979,13.229,19.365,82318,90636.0,6.5024,297.92,270.17,1.7618,10.0,,23,,1.5745,0.18986,,,1.683,0,,0,0,1,13,13,0,13.0,113620.0
122.0,75,100,90,0.0,38.55,9.3363,82.596,100,1.0,0,0.00064229,13.205,19.396,82358,90685.0,6.5,298.07,327.01,1.7627,10.0,,23,,1.5834,0.18979,,,1.6838,0,,0,0,1,13,13,0,13.0,113770.0
122.2,75,100,90,0.0,39.077,56.847,8.2596,100,1.0,0,0.00064001,13.199,19.427,82399,90734.0,6.4995,297.98,290.92,1.7635,10.0,,23,,1.5893,0.18975,,,1.6846,0,,0,0,1,13,13,0,13.0,113250.0
122.4,75,100,90,0.0,39.807,26.678,0.82596,100,1.0,0,0.00064105,13.21,19.457,82439,90783.0,6.4996,297.91,264.13,1.7643,10.0,,23,,1.5761,0.18984,,,1.6854,0,,0,0,1,13,13,0,13.0,114230.0
122.6,75,100,90,0.0,40.489,8.0035,42.491,100,1.0,0,0.000636,13.218,19.488,82480,90833.0,6.5014,297.96,285.08,1.7651,10.0,,23,,1.5701,0.18989,,,1.6862,0,,0,0,1,13,13,0,13.0,114040.0
122.8,75,100,90,0.0,40.436,23.424,4.2491,100,1.0,0,0.00063452,13.214,19.518,82520,90882.0,6.5025,297.9,262.3,1.766,10.0,,23,,1.5689,0.1899,,,1.687,0,,0,0,1,13,13,0,13.0,115020.0
123.0,75,100,90,0.0,39.95,7.0272,73.309,100,1.0,0,0.00066047,13.189,19.549,82561,90931.0,6.5026,298.03,312.38,1.7668,10.0,,23,,1.5721,0.18987,,,1.6878,0,,0,0,1,13,13,0,13.0,115830.0
123.2,75,100,90,0.0,39.443,47.671,7.3309,100,1.0,0,0.00066558,13.183,19.581,82601,90981.0,6.5026,297.95,280.06,1.7676,10.0,,23,,1.5702,0.18988,,,1.6886,0,,0,0,1,13,13,0,13.0,114480.0
123.4,75,100,90,0.0,38.916,14.301,114.24,100,1.0,0,0.0006551,13.192,19.612,82642,91030.0,6.5022,298.16,362.58,1.7685,10.0,,23,,1.567,0.1899,,,1.6894,0,,0,0,1,13,13,0,13.0,116130.0
123.6,75,100,90,0.0,38.561,85.128,11.424,100,1.0,0,0.00068125,13.141,19.643,82682,91079.0,6.4994,298.04,315.25,1.7693,10.0,,23,,1.594,0.1897,,,1.6902,0,,0,0,1,13,13,0,13.0,114610.0
123.8,75,100,90,0.0,39.338,48.134,1.1424,100,1.0,0,0.00069247,13.136,19.675,82722,91128.0,6.4979,297.95,278.89,1.7702,10.0,,23,,1.5918,0.18971,,,1.691,0,,0,0,1,13,13,0,13.0,115760.0
124.0,75,100,90,0.0,40.713,14.44,56.572,100,1.0,0,0.00070553,13.137,19.707,82763,91178.0,6.4975,298.03,310.98,1.7711,10.0,,23,,1.5824,0.18978,,,1.6919,0,,0,0,1,13,13,0,13.0,115580.0
124.2,75,100,90,0.0,42.241,41.11,5.6572,100,1.0,0,0.00069206,13.154,19.739,82804,91228.0,6.4985,297.96,282.76,1.772,10.0,,23,,1.5755,0.18983,,,1.6927,0,,0,0,1,13,13,0,13.0,116560.0
124.4,75,100,90,0.0,43.361,16.907,0.56572,100,1.0,0,0.00070876,13.121,19.771,82845,91278.0,6.499,297.91,262.77,1.7728,10.0,,23,,1.5931,0.1897,,,1.6936,0,,0,0,1,13,13,0,13.0,115050.0
124.6,75,100,90,0.0,44.295,5.0722,33.16,100,1.0,0,0.00069542,13.155,19.803,82886,91329.0,6.5009,297.94,277.99,1.7737,10.0,,23,,1.5717,0.18986,,,1.6944,0,,0,0,1,13,13,0,13.0,115870.0
124.8,75,100,90,0.0,44.439,1.5216,0.0001,100,1.0,0,0.0006531,13.214,19.833,82927,91379.0,6.5041,297.91,263.37,1.7745,10.0,,23,,1.5421,0.19008,,,1.6952,0,,0,0,1,13,13,0,13.0,116340.0
125.0,75,100,90,0.0,43.331,0.45649,40.829,100,1.0,0,0.00068943,13.177,19.865,82969,91429.0,6.5034,297.97,287.86,1.7753,10.0,,23,,1.537,0.19012,,,1.696,0,,0,0,1,13,13,0,13.0,117000.0
125.2,75,100,90,0.0,42.504,18.557,4.0829,100,1.0,0,0.00068591,13.167,19.897,83010,91479.0,6.5006,297.92,269.38,1.7762,10.0,,23,,1.5447,0.19006,,,1.6968,0,,0,0,1,13,13,0,13.0,116150.0
125.4,75,100,90,0.0,42.809,5.5671,63.572,100,1.0,0,0.00069834,13.145,19.929,83051,91529.0,6.4954,298.03,311.98,1.777,10.0,,23,,1.5564,0.18997,,,1.6976,0,,0,0,1,13,13,0,13.0,117130.0
125.6,75,100,90,0.0,45.169,40.035,6.3572,100,1.0,0,0.00068593,13.173,19.961,83092,91580.0,6.4938,297.96,283.68,1.7778,10.0,,23,,1.5424,0.19007,,,1.6984,0,,0,0,1,13,13,0,13.0,116450.0
125.8,75,100,90,0.0,48.167,15.744,0.63572,100,1.0,0,0.00064463,13.234,19.991,83134,91631.0,6.4949,297.9,261.33,1.7786,10.0,,23,,1.5141,0.19028,,,1.6991,0,,0,0,1,13,13,0,13.0,116760.0
126.0,75,100,90,0.0,50.73,4.7233,34.436,100,1.0,0,0.00062216,13.269,20.02,83177,91682.0,6.4981,297.93,274.35,1.7794,10.0,,23,,1.4981,0.1904,,,1.6998,0,,0,0,1,13,13,0,13.0,117230.0
126.2,75,100,90,0.0,52.006,1.417,0.0001,100,1.0,0,0.00060703,13.278,20.049,83220,91734.0,6.5022,297.89,257.21,1.7801,10.0,,23,,1.4996,0.19039,,,1.7005,0,,0,0,1,13,13,0,13.0,117370.0
126.4,75,100,90,0.0,51.661,0.4251,44.231,100,1.0,0,0.00059733,13.287,20.077,83262,91786.0,6.5064,297.95,280.35,1.7808,10.0,,23,,1.4971,0.19041,,,1.7012,0,,0,0,1,13,13,0,13.0,118000.0
126.6,75,100,90,0.0,49.62,0.12753,0.0001,100,1.0,0,0.00057747,13.306,20.105,83305,91837.0,6.5086,297.91,262.97,1.7814,10.0,,23,,1.4856,0.19049,,,1.7018,0,,0,0,1,13,13,0,13.0,117300.0
126.8,75,100,90,0.0,46.688,0.038259,46.556,100,1.0,0,0.00056087,13.316,20.132,83347,91887.0,6.5089,297.97,287.51,1.7821,10.0,,23,,1.4784,0.19055,,,1.7024,0,,0,0,1,13,13,0,13.0,117430.0
127.0,75,100,90,0.0,43.654,18.092,4.6556,100,1.0,0,0.00055413,13.32,20.16,83388,91937.0,6.5069,297.91,264.13,1.7827,10.0,,23,,1.4705,0.19061,,,1.703,0,,0,0,1,13,13,0,13.0,117890.0
127.2,75,100,90,0.0,41.436,5.4275,69.297,100,1.0,0,0.00055761,13.321,20.188,83428,91986.0,6.5024,298.01,306.34,1.7833,10.0,,23,,1.4613,0.19067,,,1.7036,0,,0,0,1,13,13,0,13.0,118020.0
127.4,75,100,90,0.0,41.019,38.984,6.9297,100,1.0,0,0.00057138,13.309,20.216,83469,92036.0,6.4981,297.94,274.9,1.7839,10.0,,23,,1.4586,0.19069,,,1.7042,0,,0,0,1,13,13,0,13.0,118490.0
127.6,75,100,90,0.0,42.286,11.695,101.9,100,1.0,0,0.00054265,13.339,20.243,83510,92085.0,6.496,298.11,342.43,1.7845,10.0,,23,,1.4509,0.19075,,,1.7048,0,,0,0,1,13,13,0,13.0,118120.0
127.8,75,100,90,0.0,44.412,68.266,10.19,100,1.0,0,0.00053144,13.357,20.27,83551,92135.0,6.4949,297.99,296.52,1.7851,10.0,,23,,1.4442,0.1908,,,1.7053,0,,0,0,1,13,13,0,13.0,118580.0
128.0,75,100,90,0.0,46.983,31.28,1.019,100,1.0,0,0.00053717,13.363,20.297,83593,92185.0,6.4975,297.9,261.89,1.7856,10.0,,23,,1.4354,0.19086,,,1.7058,0,,0,0,1,13,13,0,13.0,118200.0
128.2,75,100,90,0.0,48.509,9.3839,47.828,100,1.0,0,0.00050832,13.402,20.323,83635,92236.0,6.5006,297.95,280.31,1.7861,10.0,,23,,1.4183,0.19099,,,1.7063,0,,0,0,1,13,13,0,13.0,118330.0
128.4,75,100,90,0.0,48.787,2.8152,0.0001,100,1.0,0,0.00053914,13.361,20.349,83677,92287.0,6.5022,297.9,259.65,1.7867,10.0,,23,,1.4326,0.19088,,,1.7069,0,,0,0,1,13,13,0,13.0,119620.0
128.6,75,100,90,0.0,48.439,0.84455,50.23,100,1.0,0,0.00056123,13.33,20.377,83719,92338.0,6.5015,297.96,286.25,1.7872,10.0,,23,,1.448,0.19077,,,1.7074,0,,0,0,1,13,13,0,13.0,118250.0
128.8,75,100,90,0.0,48.346,20.336,5.023,100,1.0,0,0.00055163,13.327,20.404,83761,92388.0,6.5018,297.9,261.83,1.7878,10.0,,23,,1.4597,0.19068,,,1.708,0,,0,0,1,13,13,0,13.0,118210.0
129.0,75,100,90,0.0,48.132,6.1008,74.551,100,1.0,0,0.00053023,13.346,20.43,83803,92439.0,6.5023,298.02,306.53,1.7884,10.0,,23,,1.4578,0.19069,,,1.7085,0,,0,0,1,13,13,0,13.0,118660.0
129.2,75,100,90,0.0,47.743,41.437,7.4551,100,1.0,0,0.00052346,13.347,20.456,83845,92490.0,6.5034,297.93,273.44,1.7889,10.0,,23,,1.4588,0.19068,,,1.709,0,,0,0,1,13,13,0,13.0,118120.0
129.4,75,100,90,0.0,46.902,12.431,107.6,100,1.0,0,0.00053019,13.329,20.482,83887,92540.0,6.5018,298.11,344.97,1.7894,10.0,,23,,1.4678,0.19061,,,1.7095,0,,0,0,1,13,13,0,13.0,119070.0
129.6,75,100,90,0.0,46.705,72.06,10.76,100,1.0,0,0.00047212,13.381,20.506,83929,92590.0,6.5022,298.0,299.46,1.7899,10.0,,23,,1.4608,0.19066,,,1.7099,0,,0,0,1,13,13,0,13.0,119860.0
129.8,75,100,90,0.0,46.342,35.747,1.076,100,1.0,0,0.00046399,13.378,20.53,83970,92640.0,6.5026,297.91,262.55,1.7903,10.0,,23,,1.4664,0.19062,,,1.7103,0,,0,0,1,13,13,0,13.0,120300.0
130.0,75,100,90,0.0,45.809,10.724,53.882,100,1.0,0,0.0004582,13.373,20.554,84012,92690.0,6.5014,297.96,284.59,1.7907,10.0,,23,,1.4723,0.19058,,,1.7108,0,,0,0,1,13,13,0,13.0,118750.0
130.2,75,100,90,0.0,45.792,26.81,5.3882,100,1.0,-4000,0.00046838,13.367,20.578,83354,91940.0,6.5267,297.89,256.05,1.7815,10.0,,23,,1.458,0.1907,,,1.7018,0,,0,0,1,13,13,0,13.0,120190.0
130.4,75,100,90,0.0,35.546,8.0431,84.134,100,1.0,-4000,0.0005052,13.288,20.603,82694,91188.0,6.5422,298.02,308.55,1.7676,10.0,,23,,1.4671,0.19066,,,1.6886,0,,0,0,1,13,13,0,13.0,120150.0
130.6,75,100,90,0.0,19.214,50.051,8.4134,100,1.0,-4000,0.00049612,13.244,20.629,82032,90433.0,6.5426,297.93,274.26,1.7534,10.0,,23,,1.4665,0.19069,,,1.6749,0,,0,0,1,13,13,0,13.0,119770.0
130.8,75,100,90,0.0,2.7468,15.015,122.39,100,1.0,-4000,0.00052486,13.162,20.656,81365,89675.0,6.5265,298.16,360.96,1.7392,10.0,,23,,1.4729,0.19067,,,1.6613,0,,0,0,1,13,13,0,13.0,120400.0
131.0,75,100,90,0.0,0.0,89.783,12.239,100,1.0,-4000,0.00053583,13.148,20.684,80699,88916.0,6.5085,298.04,315.69,1.725,10.0,,23,,1.454,0.19084,,,1.6476,0,,0,0,1,13,13,0,13.0,120530.0
131.2,75,100,90,0.0,0.0,53.663,1.2239,100,1.0,-4000,0.00054333,13.135,20.712,80032,88157.0,6.4914,297.94,276.01,1.7108,10.0,,23,,1.4416,0.19096,,,1.634,0,,0,0,1,13,13,0,13.0,120330.0
131.4,75,100,90,0.0,3.9693,16.099,68.215,100,1.0,-4000,0.00054215,13.141,20.739,79366,87399.0,6.4788,298.03,313.47,1.6966,10.0,,23,,1.4243,0.19112,,,1.6204,0,,0,0,1,13,13,0,13.0,120290.0
131.6,75,100,90,0.0,12.954,48.399,6.8215,100,1.0,-4000,0.00058608,13.131,20.767,78702,86642.0,6.4735,297.95,282.14,1.6825,10.0,,23,,1.3973,0.19135,,,1.6068,0,,0,0,1,13,13,0,13.0,120250.0
131.8,75,100,90,0.0,24.05,20.349,0.68215,100,1.0,-4000,0.00062876,13.127,20.796,78041,85889.0,6.4783,297.89,257.49,1.6684,10.0,,23,,1.3731,0.19156,,,1.5933,0,,0,0,1,13,13,0,13.0,119720.0
132.0,75,100,90,0.0,33.228,6.1047,42.219,100,1.0,-4000,0.00062113,13.149,20.823,77381,85137.0,6.491,297.93,275.58,1.6542,10.0,1451.8,23,1756.6,1.3581,0.1917,20.712,23.33,1.5797,0,63.354,0,0,1,13,13,0,13.0,121520.0
132.2,75,100,90,0.0,37.303,1.8314,0.0001,100,1.0,0,0.00059991,13.204,20.851,77422,85186.0,6.482,297.88,256.49,1.6501,10.0,,23,,1.3162,0.19202,,,1.5758,0,,0,0,1,13,13,0,13.0,120980.0
132.4,75,100,90,0.0,45.1,0.54943,52.916,100,1.0,0,0.0005693,13.255,20.876,77464,85236.0,6.4806,297.96,284.22,1.6503,10.0,,23,,1.3013,0.19214,,,1.5759,0,,0,0,1,13,13,0,13.0,120600.0
132.6,75,100,90,0.0,53.352,22.373,5.2916,100,1.0,0,0.00055656,13.3,20.901,77507,85288.0,6.4862,297.89,258.5,1.6508,10.0,,23,,1.2817,0.19228,,,1.5764,0,,0,0,1,13,13,0,13.0,120880.0
132.8,75,100,90,0.0,59.363,6.7119,84.247,100,1.0,0,0.00053289,13.344,20.925,77552,85341.0,6.4971,298.03,309.39,1.6512,10.0,,23,,1.2662,0.1924,,,1.5768,0,,0,0,1,13,13,0,13.0,121660.0
133.0,75,100,90,0.0,61.009,50.388,8.4247,100,1.0,0,0.00051202,13.365,20.948,77597,85394.0,6.509,297.93,273.95,1.6516,10.0,,23,,1.2633,0.19242,,,1.5772,0,,0,0,1,13,13,0,13.0,120770.0
133.2,75,100,90,0.0,57.928,15.116,127.34,100,1.0,0,0.00056027,13.307,20.972,77642,85447.0,6.5167,298.17,361.34,1.652,10.0,,23,,1.2778,0.19231,,,1.5776,0,,0,0,1,13,13,0,13.0,121720.0
133.4,75,100,90,0.0,51.776,94.414,12.734,100,1.0,0,0.00055104,13.298,20.996,77685,85499.0,6.5183,298.04,313.7,1.6525,10.0,,23,,1.2811,0.19228,,,1.578,0,,0,0,1,13,13,0,13.0,121330.0
133.6,75,100,90,0.0,44.996,54.603,1.2734,100,1.0,0,0.00055257,13.283,21.021,77727,85549.0,6.5143,297.92,271.85,1.6529,10.0,,23,,1.2789,0.1923,,,1.5784,0,,0,0,1,13,13,0,13.0,122280.0
133.8,75,100,90,0.0,39.795,16.381,71.397,100,1.0,0,0.00059363,13.221,21.048,77768,85598.0,6.5049,298.03,310.18,1.6534,10.0,,23,,1.2957,0.19217,,,1.5789,0,,0,0,1,13,13,0,13.0,122080.0
134.0,75,100,90,0.0,38.376,49.958,7.1397,100,1.0,0,0.00057778,13.238,21.074,77809,85647.0,6.4914,297.93,275.51,1.6538,10.0,,23,,1.2897,0.19222,,,1.5793,0,,0,0,1,13,13,0,13.0,122030.0
134.2,75,100,90,0.0,42.353,14.987,116.78,100,1.0,0,0.00058219,13.251,21.1,77850,85697.0,6.48,298.15,354.22,1.6543,10.0,,23,,1.2793,0.19229,,,1.5798,0,,0,0,1,13,13,0,13.0,122160.0
134.4,75,100,90,0.0,50.881,86.165,11.678,100,1.0,0,0.00061892,13.251,21.127,77893,85749.0,6.4735,298.02,306.1,1.6548,10.0,,23,,1.2672,0.19238,,,1.5802,0,,0,0,1,13,13,0,13.0,122620.0
134.6,75,100,90,0.0,61.993,45.484,1.1678,100,1.0,0,0.00062419,13.27,21.153,77938,85803.0,6.4729,297.91,266.37,1.6553,10.0,,23,,1.2679,0.19238,,,1.5807,0,,0,0,1,13,13,0,13.0,122070.0
134.8,75,100,90,0.0,73.34,13.645,63.139,100,1.0,0,0.00062606,13.306,21.179,77986,85859.0,6.4799,297.99,295.68,1.6558,10.0,,23,,1.2573,0.19246,,,1.5812,0,,0,0,1,13,13,0,13.0,123190.0
135.0,75,100,90,0.0,81.89,38.182,6.3139,100,1.0,0,0.00063756,13.323,21.204,78035,85917.0,6.4922,297.9,262.43,1.6563,10.0,,23,,1.2513,0.1925,,,1.5817,0,,0,0,1,13,13,0,13.0,122310.0
135.2,75,100,90,0.0,85.529,11.454,104.63,100,1.0,0,0.00064383,13.326,21.229,78085,85976.0,6.5065,298.08,329.51,1.6568,10.0,,23,,1.2504,0.19251,,,1.5821,0,,0,0,1,13,13,0,13.0,122760.0
135.4,75,100,90,0.0,83.455,70.327,10.463,100,1.0,0,0.00063665,13.336,21.254,78135,86034.0,6.5181,297.97,287.2,1.6573,10.0,,23,,1.2403,0.19258,,,1.5826,0,,0,0,1,13,13,0,13.0,122880.0
135.6,75,100,90,0.0,76.741,32.89,1.0463,100,1.0,0,0.00063089,13.31,21.279,78183,86091.0,6.5266,297.87,252.34,1.6578,10.0,,23,,1.2518,0.19249,,,1.5831,0,,0,0,1,13,13,0,13.0,122330.0
135.8,75,100,90,0.0,66.618,9.867,57.994,100,1.0,0,0.00065111,13.251,21.305,78229,86146.0,6.5313,297.95,280.33,1.6583,10.0,,23,,1.2751,0.19232,,,1.5836,0,,0,0,1,13,13,0,13.0,123290.0
136.0,75,100,90,0.0,54.61,2.9601,0.0001,100,1.0,0,0.00061671,13.265,21.331,78273,86198.0,6.5266,297.89,258.55,1.6588,10.0,,23,,1.2583,0.19244,,,1.5841,0,,0,0,1,13,13,0,13.0,122910.0
136.2,75,100,90,0.0,44.512,0.88803,61.233,100,1.0,0,0.00060775,13.243,21.358,78315,86249.0,6.5151,297.98,293.62,1.6592,10.0,,23,,1.262,0.19241,,,1.5845,0,,0,0,1,13,13,0,13.0,122540.0
136.4,75,100,90,0.0,38.998,29.48,6.1233,100,1.0,0,0.00061845,13.192,21.384,78356,86298.0,6.4991,297.92,268.28,1.6597,10.0,,23,,1.2934,0.19218,,,1.5849,0,,0,0,1,13,13,0,13.0,124500.0
136.6,75,100,90,0.0,39.901,8.8441,90.086,100,1.0,0,0.00062691,13.179,21.411,78396,86348.0,6.485,298.07,327.03,1.6601,10.0,,23,,1.3052,0.19209,,,1.5854,0,,0,0,1,13,13,0,13.0,122620.0
136.8,75,100,90,0.0,46.397,60.231,9.0086,100,1.0,0,0.00063228,13.207,21.438,78439,86399.0,6.4761,297.98,292.3,1.6606,10.0,,23,,1.2892,0.19221,,,1.5858,0,,0,0,1,13,13,0,13.0,124580.0
137.0,75,100,90,0.0,56.467,29.823,0.90086,100,1.0,0,0.00065499,13.208,21.465,78483,86452.0,6.4756,297.9,261.72,1.6611,10.0,,23,,1.293,0.19218,,,1.5863,0,,0,0,1,13,13,0,13.0,123040.0
137.2,75,100,90,0.0,66.736,8.9468,51.492,100,1.0,0,0.00065489,13.249,21.491,78529,86507.0,6.4837,297.96,284.03,1.6616,10.0,,23,,1.2731,0.19233,,,1.5868,0,,0,0,1,13,13,0,13.0,124330.0
137.4,75,100,90,0.0,73.74,26.222,5.1492,100,1.0,0,0.00069684,13.235,21.518,78577,86564.0,6.4959,297.89,258.66,1.6621,10.0,,23,,1.2724,0.19233,,,1.5873,0,,0,0,1,13,13,0,13.0,123960.0
137.6,75,100,90,0.0,75.874,7.8666,83.324,100,1.0,0,0.00069249,13.256,21.544,78625,86621.0,6.5098,298.03,310.12,1.6626,10.0,,23,,1.2615,0.19241,,,1.5878,0,,0,0,1,13,13,0,13.0,124080.0
137.8,75,100,90,0.0,72.477,51.452,8.3324,100,1.0,0,0.00068211,13.24,21.57,78672,86677.0,6.5219,297.94,277.65,1.6631,10.0,,23,,1.277,0.19229,,,1.5882,0,,0,0,1,13,13,0,13.0,125040.0
138.0,75,100,90,0.0,64.249,15.436,123.44,100,1.0,0,0.00064682,13.26,21.596,78718,86732.0,6.5321,298.16,361.26,1.6636,10.0,,23,,1.2636,0.19239,,,1.5887,0,,0,0,1,13,13,0,13.0,123490.0
138.2,75,100,90,0.0,51.941,90.449,12.344,100,1.0,0,0.00063502,13.229,21.622,78761,86784.0,6.5339,298.04,314.93,1.664,10.0,,23,,1.2722,0.19233,,,1.5891,0,,0,0,1,13,13,0,13.0,125280.0
138.4,75,100,90,0.0,38.917,52.461,1.2344,100,1.0,0,0.00062131,13.206,21.649,78802,86833.0,6.5231,297.93,273.67,1.6645,10.0,,23,,1.275,0.19231,,,1.5895,0,,0,0,1,13,13,0,13.0,124580.0
138.6,75,100,90,0.0,30.236,15.738,68.523,100,1.0,0,0.00059456,13.209,21.675,78840,86881.0,6.5057,298.02,309.01,1.6649,10.0,,23,,1.2688,0.19235,,,1.5899,0,,0,0,1,13,13,0,13.0,124030.0
138.8,75,100,90,0.0,28.507,46.256,6.8523,100,1.0,0,0.00059423,13.21,21.701,78879,86928.0,6.4864,297.93,274.46,1.6653,10.0,,23,,1.2601,0.19242,,,1.5903,0,,0,0,1,13,13,0,13.0,125820.0
139.0,75,100,90,0.0,34.493,13.877,110.67,100,1.0,0,0.00059832,13.22,21.727,78919,86977.0,6.4736,298.13,347.8,1.6656,10.0,,23,,1.2627,0.1924,,,1.5907,0,,0,0,1,13,13,0,13.0,125450.0
139.2,75,100,90,0.0,45.549,79.034,11.067,100,1.0,0,0.00058046,13.279,21.752,78961,87027.0,6.4713,298.0,301.34,1.666,10.0,,23,,1.2437,0.19254,,,1.591,0,,0,0,1,13,13,0,13.0,125400.0
139.4,75,100,90,0.0,57.516,39.888,1.1067,100,1.0,0,0.00056469,13.331,21.776,79005,87080.0,6.4797,297.9,261.96,1.6664,10.0,,23,,1.225,0.19268,,,1.5913,0,,0,0,1,13,13,0,13.0,124510.0
139.6,75,100,90,0.0,66.126,11.966,60.516,100,1.0,0,0.00054563,13.379,21.799,79051,87135.0,6.4929,297.97,287.02,1.6667,10.0,,23,,1.2064,0.19282,,,1.5916,0,,0,0,1,13,13,0,13.0,125120.0
139.8,75,100,90,0.0,69.479,31.831,6.0516,100,1.0,0,0.00052464,13.401,21.821,79098,87191.0,6.5085,297.88,254.37,1.667,10.0,,23,,1.2056,0.19282,,,1.5919,0,,0,0,1,13,13,0,13.0,124890.0
140.0,75,100,90,0.0,66.595,9.5494,98.4,100,1.0,0,0.00051583,13.39,21.843,79144,87245.0,6.5218,298.04,314.28,1.6673,10.0,,23,,1.2192,0.19272,,,1.5922,0,,0,0,1,13,13,0,13.0,125490.0
140.2,75,100,90,0.0,58.4,60.248,9.84,100,1.0,0,0.00053491,13.354,21.866,79188,87299.0,6.525,297.93,274.22,1.6675,10.0,,23,,1.2252,0.19267,,,1.5925,0,,0,0,1,13,13,0,13.0,126430.0
140.4,75,100,90,0.0,48.97,18.074,145.14,100,1.0,0,0.00056626,13.299,21.89,79231,87350.0,6.5196,298.2,374.89,1.6678,10.0,,23,,1.2386,0.19257,,,1.5928,0,,0,0,1,13,13,0,13.0,125710.0
140.6,75,100,90,0.0,41.665,107.91,14.514,100,1.0,0,0.0006004,13.245,21.916,79272,87400.0,6.5083,298.06,324.19,1.6682,10.0,,23,,1.25,0.19249,,,1.5931,0,,0,0,1,13,13,0,13.0,126330.0
140.8,75,100,90,0.0,38.875,67.213,1.4514,100,1.0,0,0.00058557,13.255,21.941,79312,87449.0,6.4952,297.94,277.79,1.6685,10.0,,23,,1.2431,0.19254,,,1.5934,0,,0,0,1,13,13,0,13.0,126450.0
141.0,75,100,90,0.0,41.332,20.164,82.177,100,1.0,0,0.00058757,13.27,21.967,79354,87499.0,6.4861,298.06,321.59,1.6688,10.0,,23,,1.2334,0.19261,,,1.5937,0,,0,0,1,13,13,0,13.0,126240.0
141.2,75,100,90,0.0,47.41,58.676,8.2177,100,1.0,0,0.00058815,13.309,21.991,79396,87551.0,6.4835,297.95,281.42,1.6692,10.0,,23,,1.2069,0.19281,,,1.594,0,,0,0,1,13,13,0,13.0,126860.0
141.4,75,100,90,0.0,54.511,23.467,0.82177,100,1.0,0,0.00057795,13.342,22.015,79440,87603.0,6.4854,297.87,249.05,1.6695,10.0,,23,,1.1935,0.19291,,,1.5943,0,,0,0,1,13,13,0,13.0,125470.0
141.6,75,100,90,0.0,60.848,7.0402,49.401,100,1.0,0,0.00056075,13.362,22.039,79484,87657.0,6.4924,297.91,266.49,1.6698,10.0,,23,,1.1985,0.19287,,,1.5946,0,,0,0,1,13,13,0,13.0,126410.0
141.8,75,100,90,0.0,64.385,2.112,0.0001,100,1.0,0,0.00052744,13.408,22.061,79530,87712.0,6.5006,297.84,240.13,1.67,10.0,,23,,1.1855,0.19297,,,1.5949,0,,0,0,1,13,13,0,13.0,126680.0
142.0,75,100,90,0.0,64.68,0.63361,65.858,100,1.0,0,0.00055659,13.39,22.083,79576,87766.0,6.5059,297.93,274.33,1.6703,10.0,,23,,1.1855,0.19297,,,1.5951,0,,0,0,1,13,13,0,13.0,126120.0
142.2,75,100,90,0.0,62.857,0.19008,0.0001,100,1.0,0,0.00054197,13.393,22.106,79621,87821.0,6.5099,297.87,248.78,1.6706,10.0,,23,,1.1873,0.19295,,,1.5954,0,,0,0,1,13,13,0,13.0,126390.0
142.4,75,100,90,0.0,59.402,0.057025,69.699,100,1.0,0,0.00057994,13.319,22.129,79666,87874.0,6.5136,297.97,287.7,1.6709,10.0,,23,,1.2288,0.19264,,,1.5957,0,,0,0,1,13,13,0,13.0,126500.0
142.6,75,100,90,0.0,54.47,30.723,6.9699,100,1.0,0,0.00054753,13.344,22.152,79710,87927.0,6.5151,297.88,255.74,1.6711,10.0,,23,,1.2207,0.1927,,,1.5959,0,,0,0,1,13,13,0,13.0,127440.0
142.8,75,100,90,0.0,48.976,9.217,104.66,100,1.0,0,0.00051158,13.365,22.174,79752,87979.0,6.5123,298.05,320.93,1.6714,10.0,,23,,1.212,0.19277,,,1.5961,0,,0,0,1,13,13,0,13.0,126880.0
143.0,75,100,90,0.0,44.585,64.4,10.466,100,1.0,0,0.00054225,13.313,22.197,79794,88029.0,6.5068,297.94,277.25,1.6716,10.0,,23,,1.2309,0.19262,,,1.5964,0,,0,0,1,13,13,0,13.0,127320.0
143.2,75,100,90,0.0,42.413,19.32,153.41,100,1.0,0,0.00054011,13.312,22.22,79835,88079.0,6.5001,298.22,382.72,1.6718,10.0,,23,,1.2305,0.19263,,,1.5966,0,,0,0,1,13,13,0,13.0,127600.0
143.4,75,100,90,0.0,42.907,113.15,15.341,100,1.0,0,0.00053517,13.323,22.243,79876,88130.0,6.4954,298.05,320.19,1.6721,10.0,,23,,1.2246,0.19267,,,1.5968,0,,0,0,1,13,13,0,13.0,127040.0
143.6,75,100,90,0.0,45.265,62.754,1.5341,100,1.0,0,0.00053208,13.343,22.266,79918,88181.0,6.4898,297.92,268.25,1.6723,10.0,,23,,1.2118,0.19277,,,1.597,0,,0,0,1,13,13,0,13.0,126980.0
143.8,75,100,90,0.0,49.856,18.826,79.269,100,1.0,0,0.00051376,13.38,22.288,79961,88232.0,6.4861,298.01,305.74,1.6725,10.0,,23,,1.1983,0.19287,,,1.5972,0,,0,0,1,13,13,0,13.0,127080.0
144.0,75,100,90,0.0,55.924,50.511,7.9269,100,1.0,0,0.00049936,13.414,22.309,80005,88285.0,6.4868,297.91,265.12,1.6727,10.0,1655.6,23,1850.5,1.1871,0.19295,22.22,23.133,1.5974,0,70.095,0,0,1,13,13,0,13.0,128850.0
144.2,75,100,90,0.0,61.699,15.153,125.11,100,1.0,0,0.00054252,13.391,22.331,80050,88339.0,6.4901,298.12,345.61,1.6728,10.0,,23,,1.1992,0.19286,,,1.5976,0,,0,0,1,13,13,0,13.0,128280.0
144.4,75,100,90,0.0,66.184,84.994,12.511,100,1.0,0,0.00052797,13.412,22.352,80096,88394.0,6.4975,297.99,294.41,1.673,10.0,,23,,1.2006,0.19285,,,1.5978,0,,0,0,1,13,13,0,13.0,127380.0
144.6,75,100,90,0.0,67.673,41.797,1.2511,100,1.0,0,0.00052631,13.409,22.373,80142,88450.0,6.5053,297.88,252.37,1.6732,10.0,,23,,1.2082,0.19279,,,1.5979,0,,0,0,1,13,13,0,13.0,127150.0
144.8,75,100,90,0.0,66.075,12.539,66.204,100,1.0,0,0.00050819,13.424,22.394,80188,88505.0,6.512,297.95,281.63,1.6734,10.0,,23,,1.2041,0.19282,,,1.5981,0,,0,0,1,13,13,0,13.0,127910.0
145.0,75,100,90,0.0,61.798,34.993,6.6204,100,1.0,0,0.00047716,13.451,22.414,80233,88559.0,6.5169,297.86,247.66,1.6735,10.0,,23,,1.1845,0.19297,,,1.5982,0,,0,0,1,13,13,0,13.0,127840.0
145.2,75,100,90,0.0,55.544,10.498,107.93,100,1.0,0,0.00045731,13.437,22.434,80277,88611.0,6.5186,298.04,315.25,1.6736,10.0,,23,,1.1954,0.19289,,,1.5983,0,,0,0,1,13,13,0,13.0,128760.0
145.4,75,100,90,0.0,48.643,66.714,10.793,100,1.0,0,0.00044101,13.431,22.453,80319,88663.0,6.5182,297.93,273.03,1.6737,10.0,,23,,1.1952,0.19289,,,1.5984,0,,0,0,1,13,13,0,13.0,128860.0
145.6,75,100,90,0.0,41.904,20.014,157.76,100,1.0,0,0.00045343,13.409,22.474,80360,88713.0,6.5124,298.21,381.17,1.6738,10.0,,23,,1.1944,0.19289,,,1.5985,0,,0,0,1,13,13,0,13.0,128620.0
145.8,75,100,90,0.0,37.483,115.17,15.776,100,1.0,0,0.00042272,13.421,22.494,80400,88762.0,6.5034,298.05,320.34,1.6739,10.0,,23,,1.1934,0.1929,,,1.5986,0,,0,0,1,13,13,0,13.0,128710.0
146.0,75,100,90,0.0,36.642,66.43,1.5776,100,1.0,0,0.00040636,13.44,22.513,80440,88811.0,6.4954,297.92,267.96,1.674,10.0,,23,,1.1833,0.19298,,,1.5986,0,,0,0,1,13,13,0,13.0,128470.0
146.2,75,100,90,0.0,39.012,19.929,84.451,100,1.0,0,0.00038378,13.479,22.531,80481,88860.0,6.4912,298.03,310.21,1.674,10.0,,23,,1.1656,0.19311,,,1.5987,0,,0,0,1,13,13,0,13.0,129050.0
146.4,75,100,90,0.0,43.042,55.646,8.4451,100,1.0,0,0.00040957,13.482,22.55,80522,88911.0,6.4921,297.92,269.06,1.674,10.0,,23,,1.1535,0.1932,,,1.5987,0,,0,0,1,13,13,0,13.0,129140.0
146.6,75,100,90,0.0,46.708,16.694,131.23,100,1.0,0,0.00041099,13.491,22.568,80564,88962.0,6.4933,298.14,354.31,1.674,10.0,,23,,1.1529,0.1932,,,1.5987,0,,0,0,1,13,13,0,13.0,129390.0
146.8,75,100,90,0.0,49.913,90.726,13.123,100,1.0,0,0.00045392,13.465,22.587,80607,89013.0,6.4966,298.0,300.86,1.6741,10.0,,23,,1.1634,0.19313,,,1.5988,0,,0,0,1,13,13,0,13.0,129650.0
147.0,75,100,90,0.0,51.781,46.538,1.3123,100,1.0,0,0.00048321,13.459,22.608,80650,89065.0,6.4986,297.89,257.04,1.6742,10.0,,23,,1.1565,0.19318,,,1.5988,0,,0,0,1,13,13,0,13.0,129740.0
147.2,75,100,90,0.0,52.879,13.961,68.289,100,1.0,0,0.00047858,13.462,22.627,80693,89117.0,6.5018,297.97,287.42,1.6742,10.0,,23,,1.1597,0.19315,,,1.5989,0,,0,0,1,13,13,0,13.0,130000.0
147.4,75,100,90,0.0,52.656,37.755,6.8289,100,1.0,0,0.0004631,13.473,22.647,80736,89170.0,6.5071,297.88,252.45,1.6743,10.0,,23,,1.1601,0.19315,,,1.5989,0,,0,0,1,13,13,0,13.0,129090.0
147.6,75,100,90,0.0,50.332,11.327,109.26,100,1.0,0,0.0004853,13.457,22.667,80779,89221.0,6.51,298.05,320.57,1.6743,10.0,,23,,1.1595,0.19315,,,1.599,0,,0,0,1,13,13,0,13.0,129180.0
147.8,75,100,90,0.0,46.87,68.144,10.926,100,1.0,0,0.0005063,13.434,22.687,80821,89272.0,6.5103,297.94,275.61,1.6744,10.0,,23,,1.1657,0.19311,,,1.5991,0,,0,0,1,13,13,0,13.0,128780.0
148.0,75,100,90,0.0,43.277,20.443,159.75,100,1.0,0,0.00052069,13.404,22.708,80862,89322.0,6.5082,298.22,384.44,1.6745,10.0,,23,,1.182,0.19299,,,1.5991,0,,0,0,1,13,13,0,13.0,130210.0
148.2,75,100,90,0.0,40.516,115.91,15.975,100,1.0,0,0.00054891,13.369,22.73,80903,89372.0,6.5024,298.05,321.47,1.6746,10.0,,23,,1.196,0.19288,,,1.5992,0,,0,0,1,13,13,0,13.0,130480.0
148.4,75,100,90,0.0,40.102,65.872,1.5975,100,1.0,0,0.00052648,13.398,22.751,80944,89421.0,6.4981,297.92,268.34,1.6747,10.0,,23,,1.181,0.19299,,,1.5993,0,,0,0,1,13,13,0,13.0,129580.0
148.6,75,100,90,0.0,41.368,19.762,82.784,100,1.0,0,0.00058317,13.338,22.774,80985,89471.0,6.4941,298.02,309.67,1.6748,10.0,,23,,1.2114,0.19276,,,1.5994,0,,0,0,1,13,13,0,13.0,130020.0
148.8,75,100,90,0.0,44.234,54.485,8.2784,100,1.0,0,0.00055964,13.368,22.796,81026,89522.0,6.4925,297.92,269.27,1.6749,10.0,,23,,1.2055,0.19281,,,1.5995,0,,0,0,1,13,13,0,13.0,129290.0
149.0,75,100,90,0.0,47.727,16.346,128.31,100,1.0,0,0.00058253,13.362,22.819,81068,89573.0,6.493,298.14,352.85,1.675,10.0,,23,,1.2071,0.1928,,,1.5996,0,,0,0,1,13,13,0,13.0,130060.0
149.2,75,100,90,0.0,51.035,88.429,12.831,100,1.0,0,0.00057536,13.379,22.84,81111,89624.0,6.4958,298.01,304.74,1.6751,10.0,,23,,1.2049,0.19281,,,1.5997,0,,0,0,1,13,13,0,13.0,130830.0
149.4,75,100,90,0.0,53.221,49.162,1.2831,100,1.0,0,0.00055715,13.415,22.862,81154,89676.0,6.4999,297.9,261.18,1.6752,10.0,,23,,1.1843,0.19297,,,1.5998,0,,0,0,1,13,13,0,13.0,130770.0
149.6,75,100,90,0.0,53.769,14.749,71.88,100,1.0,0,0.0005785,13.408,22.884,81198,89729.0,6.504,297.98,294.28,1.6753,10.0,,23,,1.1782,0.19301,,,1.5999,0,,0,0,1,13,13,0,13.0,130040.0
149.8,75,100,90,0.0,52.708,41.201,7.188,100,1.0,0,0.00057864,13.413,22.906,81241,89780.0,6.504,297.89,257.87,1.6753,10.0,,23,,1.1716,0.19306,,,1.6,0,,0,0,1,13,13,0,13.0,130470.0
150.0,75,100,90,0.0,51.649,12.36,112.32,100,1.0,0,0.00055852,13.423,22.927,81284,89832.0,6.5048,298.07,328.23,1.6754,10.0,,23,,1.1713,0.19306,,,1.6,0,,0,0,1,13,13,0,13.0,130410.0
150.2,75,100,90,0.0,50.264,71.342,11.232,0,0.9,-4000,0.0005676,12.237,22.954,80608,89063.0,6.5363,297.97,289.81,1.6661,10.0,,23,,1.2588,0.19243,,,1.5911,0,,0,0,1,13,13,0,13.0,130530.0
150.4,75,100,90,0.0,36.166,38.496,1.1232,0,0.9,-4000,0.00063349,12.135,22.984,79930,88292.0,6.5553,297.89,259.04,1.6523,10.0,,23,,1.2862,0.19225,,,1.5779,0,,0,0,1,13,13,0,13.0,131340.0
150.6,75,100,90,0.51903,18.083,11.549,59.155,0,0.9,-4000,0.00065289,12.068,23.015,79249,87517.0,6.5556,297.99,294.56,1.6383,10.0,,23,,1.2805,0.19232,,,1.5644,0,,0,0,1,13,13,0,13.0,130490.0
150.8,75,100,90,1.0399,9.0416,40.277,5.9155,0,0.9,-4000,0.00062614,12.046,23.045,78565,86740.0,6.546,297.92,268.64,1.6242,10.0,,23,,1.274,0.19239,,,1.5509,0,,0,0,1,13,13,0,13.0,130970.0
151.0,75,100,90,0.0,0.0,12.083,100.64,0,0.9,-4000,0.00067335,11.97,23.078,77880,85962.0,6.5275,298.12,342.76,1.6102,10.0,,23,,1.2775,0.19239,,,1.5375,0,,0,0,1,13,13,0,13.0,131120.0
151.2,75,100,90,0.0,0.0,77.757,10.064,0,0.9,-4000,0.00069636,11.956,23.111,77195,85183.0,6.5097,298.02,306.01,1.5962,10.0,,23,,1.2548,0.19259,,,1.524,0,,0,0,1,13,13,0,13.0,131780.0
151.4,75,100,90,0.0,0.0,46.457,1.0064,0,0.9,-4000,0.00074611,11.907,23.146,76510,84404.0,6.4918,297.93,275.86,1.5822,10.0,,23,,1.2541,0.19262,,,1.5106,0,,0,0,1,13,13,0,13.0,132610.0
151.6,75,100,90,0.0,3.7915,13.937,59.398,0,0.9,-4000,0.00080061,11.884,23.181,75826,83627.0,6.4775,298.04,313.74,1.5682,10.0,,23,,1.2356,0.19279,,,1.4972,0,,0,0,1,13,13,0,13.0,132270.0
151.8,75,100,90,0.0,13.298,47.916,5.9398,0,0.9,-4000,0.00085501,11.883,23.218,75144,82851.0,6.4716,297.96,286.7,1.5543,10.0,,23,,1.2078,0.19303,,,1.4838,0,,0,0,1,13,13,0,13.0,131780.0
152.0,75,100,90,0.0,25.161,22.774,0.59398,0,0.9,-4000,0.00088558,11.903,23.254,74464,82078.0,6.4774,297.91,266.38,1.5404,10.0,,23,,1.1758,0.19329,,,1.4705,0,,0,0,1,13,13,0,13.0,131790.0
152.2,75,100,90,0.0,34.665,6.8321,39.742,0,0.9,0,0.00088257,11.945,23.291,74484,82107.0,6.4665,297.97,288.56,1.5363,10.0,,23,,1.1452,0.19353,,,1.4665,0,,0,0,1,13,13,0,13.0,131790.0
152.4,75,100,90,0.0,48.641,25.211,3.9742,0,0.9,0,0.0008919,11.982,23.326,74507,82138.0,6.4684,297.91,267.77,1.5362,10.0,,23,,1.1346,0.19361,,,1.4665,0,,0,0,1,13,13,0,13.0,131960.0
152.6,75,100,90,0.0,61.768,7.5633,76.088,0,0.9,0,0.00086253,12.05,23.36,74533,82172.0,6.4791,298.05,319.27,1.5364,10.0,,23,,1.1086,0.19381,,,1.4667,0,,0,0,1,13,13,0,13.0,133460.0
152.8,75,100,90,0.0,70.611,54.413,7.6088,0,0.9,0,0.0009238,12.009,23.395,74560,82208.0,6.4954,297.96,286.28,1.5367,10.0,,23,,1.1397,0.19357,,,1.4669,0,,0,0,1,13,13,0,13.0,132620.0
153.0,75,100,90,0.0,72.963,23.528,0.76088,0,0.9,0,0.00088811,12.032,23.429,74588,82245.0,6.5135,297.89,261.24,1.5369,10.0,,23,,1.1415,0.19356,,,1.4671,0,,0,0,1,13,13,0,13.0,133620.0
153.2,75,100,90,0.0,68.077,7.0584,42.96,0,0.9,0,0.00094196,11.974,23.465,74615,82280.0,6.5275,297.96,284.01,1.5371,10.0,,23,,1.1602,0.19342,,,1.4673,0,,0,0,1,13,13,0,13.0,132290.0
153.4,75,100,90,0.0,57.624,25.527,4.296,0,0.9,0,0.00092004,11.949,23.501,74639,82313.0,6.5345,297.9,264.23,1.5373,10.0,,23,,1.1625,0.1934,,,1.4676,0,,0,0,1,13,13,0,13.0,134130.0
153.6,75,100,90,0.0,44.366,7.6581,77.858,0,0.9,0,0.00093601,11.894,23.538,74661,82344.0,6.5302,298.06,320.26,1.5376,10.0,,23,,1.1739,0.19331,,,1.4678,0,,0,0,1,13,13,0,13.0,132970.0
153.8,75,100,90,0.0,32.841,58.385,7.7858,0,0.9,0,0.0009879,11.824,23.577,74681,82372.0,6.5126,297.98,292.38,1.5378,10.0,,23,,1.1866,0.19322,,,1.468,0,,0,0,1,13,13,0,13.0,132820.0
154.0,75,100,90,0.0,28.354,32.488,0.77858,0,0.9,0,0.00099451,11.791,23.617,74700,82400.0,6.4901,297.92,269.94,1.538,10.0,,23,,1.203,0.1931,,,1.4682,0,,0,0,1,13,13,0,13.0,133510.0
154.2,75,100,90,0.0,32.845,9.7463,48.435,0,0.9,0,0.0010143,11.787,23.656,74720,82429.0,6.4729,298.0,300.68,1.5383,10.0,,23,,1.2077,0.19306,,,1.4685,0,,0,0,1,13,13,0,13.0,133530.0
154.4,75,100,90,0.0,44.172,36.724,4.8435,0,0.9,0,0.0010168,11.817,23.695,74742,82459.0,6.4676,297.94,278.14,1.5386,10.0,,23,,1.2055,0.19308,,,1.4687,0,,0,0,1,13,13,0,13.0,134550.0
154.6,75,100,90,0.0,57.626,11.017,89.097,0,0.9,0,0.0010363,11.849,23.733,74767,82493.0,6.4717,298.12,342.48,1.5388,10.0,,23,,1.197,0.19314,,,1.469,0,,0,0,1,13,13,0,13.0,134560.0
154.8,75,100,90,0.0,69.429,71.178,8.9097,0,0.9,0,0.0010722,11.876,23.771,74794,82529.0,6.4825,298.02,306.53,1.5391,10.0,,23,,1.1767,0.19329,,,1.4692,0,,0,0,1,13,13,0,13.0,135240.0
155.0,75,100,90,0.0,76.931,39.709,0.89097,0,0.9,0,0.0010907,11.876,23.809,74822,82566.0,6.4982,297.94,278.26,1.5394,10.0,,23,,1.1801,0.19326,,,1.4695,0,,0,0,1,13,13,0,13.0,134590.0
155.2,75,100,90,0.0,78.164,11.913,50.226,0,0.9,0,0.0010884,11.867,23.848,74851,82604.0,6.514,298.02,306.71,1.5397,10.0,,23,,1.1923,0.19317,,,1.4698,0,,0,0,1,13,13,0,13.0,134940.0
155.4,75,100,90,0.0,73.083,37.623,5.0226,0,0.9,0,0.0010878,11.849,23.887,74879,82640.0,6.5282,297.96,283.63,1.5399,10.0,,23,,1.193,0.19317,,,1.4701,0,,0,0,1,13,13,0,13.0,135460.0
155.6,75,100,90,0.0,62.328,15.572,0.50226,0,0.9,0,0.0010765,11.807,23.926,74905,82675.0,6.5362,297.91,266.91,1.5402,10.0,,23,,1.2049,0.19308,,,1.4703,0,,0,0,1,13,13,0,13.0,135810.0
155.8,75,100,90,0.0,48.395,4.6716,31.72,0,0.9,0,0.0011275,11.735,23.967,74928,82706.0,6.5323,297.96,285.08,1.5405,10.0,,23,,1.2167,0.19299,,,1.4706,0,,0,0,1,13,13,0,13.0,136180.0
156.0,75,100,90,0.0,36.028,19.047,3.172,0,0.9,0,0.0011828,11.638,24.011,74948,82736.0,6.5165,297.93,272.96,1.5408,10.0,1852.0,23,1947.9,1.2542,0.1927,23.848,22.957,1.4709,0,77.856,0,0,1,13,13,0,13.0,135380.0
156.2,75,100,90,0.0,29.989,5.714,56.696,0,0.9,0,0.0011981,11.62,24.055,74967,82764.0,6.4957,298.04,315.76,1.5411,10.0,,23,,1.2477,0.19275,,,1.4712,0,,0,0,1,13,13,0,13.0,135930.0
156.4,75,100,90,0.0,32.254,44.26,5.6696,0,0.9,0,0.0012698,11.566,24.1,74987,82793.0,6.4758,297.99,295.49,1.5415,10.0,,23,,1.2731,0.19256,,,1.4715,0,,0,0,1,13,13,0,13.0,136140.0
156.6,75,100,90,0.0,42.433,25.59,0.56696,0,0.9,0,0.0013031,11.577,24.145,75008,82824.0,6.466,297.94,278.56,1.5419,10.0,,23,,1.2777,0.19253,,,1.4719,0,,0,0,1,13,13,0,13.0,136860.0
156.8,75,100,90,0.0,56.52,7.6771,37.378,0,0.9,0,0.0012986,11.632,24.189,75033,82857.0,6.4705,298.01,301.74,1.5422,10.0,,23,,1.2535,0.19271,,,1.4723,0,,0,0,1,13,13,0,13.0,136240.0
157.0,75,100,90,0.0,68.785,28.056,3.7378,0,0.9,0,0.0012459,11.696,24.231,75060,82893.0,6.4816,297.95,282.99,1.5426,10.0,,23,,1.2393,0.19281,,,1.4726,0,,0,0,1,13,13,0,13.0,135940.0
157.2,75,100,90,0.0,76.641,9.7999,0.37378,0,0.9,0,0.0012714,11.718,24.273,75088,82931.0,6.4976,297.92,269.26,1.5429,10.0,,23,,1.2232,0.19293,,,1.4729,0,,0,0,1,13,13,0,13.0,136640.0
157.4,75,100,90,0.0,78.097,2.94,25.127,0,0.9,0,0.0012739,11.726,24.315,75117,82969.0,6.5137,297.95,281.1,1.5433,10.0,,23,,1.2156,0.19299,,,1.4733,0,,0,0,1,13,13,0,13.0,136840.0
157.6,75,100,90,0.0,73.152,0.88199,0.0001,0,0.9,0,0.001341,11.673,24.358,75145,83006.0,6.5257,297.92,272.55,1.5436,10.0,,23,,1.2229,0.19293,,,1.4736,0,,0,0,1,13,13,0,13.0,137380.0
157.8,75,100,90,0.0,63.385,0.2646,31.309,0,0.9,0,0.0012771,11.677,24.401,75171,83041.0,6.5316,297.98,292.72,1.544,10.0,,23,,1.2098,0.19303,,,1.474,0,,0,0,1,13,13,0,13.0,136750.0
158.0,75,100,90,0.0,51.268,16.911,3.1309,0,0.9,0,0.0013303,11.608,24.446,75194,83073.0,6.529,297.95,281.44,1.5444,10.0,,23,,1.2189,0.19296,,,1.4743,0,,0,0,1,13,13,0,13.0,136960.0
158.2,75,100,90,0.0,40.211,5.0734,50.441,0,0.9,0,0.0013661,11.549,24.491,75215,83104.0,6.5166,298.06,319.72,1.5447,10.0,,23,,1.236,0.19283,,,1.4747,0,,0,0,1,13,13,0,13.0,138850.0
158.4,75,100,90,0.0,34.121,40.019,5.0441,0,0.9,0,0.0013629,11.532,24.537,75235,83133.0,6.4988,298.01,302.47,1.5451,10.0,,23,,1.2347,0.19284,,,1.475,0,,0,0,1,13,13,0,13.0,138400.0
158.6,75,100,90,0.0,35.145,24.805,0.50441,0,0.9,0,0.0013679,11.53,24.583,75256,83163.0,6.4859,297.97,287.46,1.5455,10.0,,23,,1.2342,0.19285,,,1.4754,0,,0,0,1,13,13,0,13.0,138780.0
158.8,75,100,90,0.0,41.295,11.099,0.050441,0,0.9,0,0.0013814,11.542,24.628,75277,83193.0,6.4791,297.94,277.68,1.5459,10.0,,23,,1.2288,0.19289,,,1.4758,0,,0,0,1,13,13,0,13.0,138330.0
159.0,75,100,90,0.0,50.166,3.3297,21.058,0,0.9,0,0.0013744,11.569,24.673,75300,83226.0,6.4785,297.97,289.31,1.5463,10.0,,23,,1.2226,0.19293,,,1.4761,0,,0,0,1,13,13,0,13.0,138880.0
159.2,75,100,90,0.0,59.264,12.349,2.1058,0,0.9,0,0.0014314,11.579,24.718,75325,83260.0,6.4828,297.94,279.14,1.5467,10.0,,23,,1.2108,0.19302,,,1.4765,0,,0,0,1,13,13,0,13.0,138930.0
159.4,75,100,90,0.0,66.63,3.7048,40.262,0,0.9,0,0.0014149,11.623,24.762,75352,83296.0,6.4925,298.02,306.33,1.547,10.0,,23,,1.1937,0.19315,,,1.4769,0,,0,0,1,13,13,0,13.0,139470.0
159.6,75,100,90,0.0,70.136,27.725,4.0262,0,0.9,0,0.0014452,11.61,24.806,75379,83332.0,6.5043,297.97,288.49,1.5474,10.0,,23,,1.1945,0.19314,,,1.4772,0,,0,0,1,13,13,0,13.0,139850.0
159.8,75,100,90,0.0,68.935,10.819,0.40262,0,0.9,0,0.0014385,11.595,24.851,75406,83369.0,6.5131,297.93,276.01,1.5478,10.0,,23,,1.2048,0.19306,,,1.4776,0,,0,0,1,13,13,0,13.0,139560.0
160.0,75,100,90,0.0,64.218,3.2458,21.978,0,0.9,0,0.0014522,11.562,24.896,75432,83404.0,6.5174,297.97,287.83,1.5482,10.0,,23,,1.2151,0.19298,,,1.478,0,,0,0,1,13,13,0,13.0,139950.0
160.2,75,100,80,0.0,57.79,12.306,2.1978,400,0.9,0,0.0011606,13.168,24.911,75535,83516.0,6.52,297.88,256.28,1.5485,10.0,,23,,0.76871,0.19632,,,1.4783,0,,0,0,1,13,13,0,13.0,140850.0
160.4,75,100,80,0.0,50.299,3.6919,70.631,400,0.9,0,0.0011799,13.147,24.926,75636,83626.0,6.5155,297.98,291.18,1.5488,10.0,,23,,0.7338,0.19658,,,1.4785,0,,0,0,1,13,13,0,13.0,140090.0
160.6,75,100,80,0.0,44.646,33.037,7.0631,400,0.9,0,0.0011919,13.137,24.942,75736,83735.0,6.508,297.87,254.08,1.549,10.0,,23,,0.73283,0.19659,,,1.4788,0,,0,0,1,13,13,0,13.0,139340.0
160.8,75,100,80,0.0,41.984,9.9112,112.96,400,0.9,0,0.0012148,13.129,24.958,75835,83843.0,6.4981,298.07,323.96,1.5493,10.0,,23,,0.73445,0.19658,,,1.479,0,,0,0,1,13,13,0,13.0,140250.0
161.0,75,100,80,0.0,43.281,72.24,11.296,400,0.9,0,0.0012443,13.128,24.974,75935,83952.0,6.4893,297.92,270.79,1.5496,10.0,,23,,0.74015,0.19654,,,1.4793,0,,0,0,1,13,13,0,13.0,139660.0
161.2,75,100,80,0.0,48.061,21.672,180.06,400,0.9,0,0.001229,13.16,24.99,76036,84061.0,6.4861,298.26,394.42,1.5499,10.0,,23,,0.7415,0.19652,,,1.4796,0,,0,0,1,13,13,0,13.0,140400.0
161.4,75,100,80,0.0,54.105,136.75,18.006,400,0.9,0,0.0012558,13.169,25.005,76138,84172.0,6.4855,298.03,312.52,1.5502,10.0,,23,,0.74665,0.19649,,,1.4799,0,,0,0,1,13,13,0,13.0,140640.0
161.6,75,100,80,0.0,60.404,66.527,1.8006,400,0.9,0,0.0012883,13.196,25.021,76241,84284.0,6.4895,297.87,251.88,1.5505,10.0,,23,,0.73711,0.19656,,,1.4802,0,,0,0,1,13,13,0,13.0,140890.0
161.8,75,100,80,0.0,65.104,19.958,86.415,400,0.9,0,0.001329,13.204,25.036,76345,84397.0,6.495,297.98,291.98,1.5508,10.0,,23,,0.73823,0.19655,,,1.4805,0,,0,0,1,13,13,0,13.0,140960.0
162.0,75,100,80,0.0,67.632,54.078,8.6415,400,0.9,0,0.0013388,13.22,25.052,76449,84511.0,6.5036,297.85,243.27,1.5511,10.0,,23,,0.73179,0.19659,,,1.4808,0,,0,0,1,13,13,0,13.0,140040.0
162.2,75,100,80,0.0,66.709,16.223,152.21,400,0.9,0,0.0013105,13.234,25.068,76554,84625.0,6.5095,298.12,344.22,1.5514,10.0,,23,,0.73709,0.19655,,,1.4811,0,,0,0,1,13,13,0,13.0,140950.0
162.4,75,100,80,0.0,63.435,106.31,15.221,400,0.9,0,0.0013241,13.217,25.084,76658,84737.0,6.5126,297.92,271.34,1.5517,10.0,,23,,0.74999,0.19646,,,1.4814,0,,0,0,1,13,13,0,13.0,140360.0
162.6,75,100,80,0.0,58.925,31.894,250.09,400,0.9,0,0.001354,13.2,25.1,76760,84849.0,6.5128,298.41,450.32,1.552,10.0,,23,,0.76157,0.19637,,,1.4817,0,,0,0,1,13,13,0,13.0,140110.0
162.8,75,100,80,0.0,54.354,198.23,25.009,400,0.9,0,0.0013862,13.159,25.118,76862,84960.0,6.5108,298.1,335.06,1.5524,10.0,,23,,0.78945,0.19616,,,1.482,0,,0,0,1,13,13,0,13.0,141360.0
163.0,75,100,80,0.0,50.57,102.02,2.5009,400,0.9,0,0.0013812,13.154,25.136,76963,85070.0,6.5047,297.88,254.59,1.5527,10.0,,23,,0.79465,0.19612,,,1.4823,0,,0,0,1,13,13,0,13.0,140780.0
163.2,75,100,80,0.0,49.239,30.605,113.69,400,0.9,0,0.0013602,13.183,25.154,77064,85180.0,6.4962,298.04,313.36,1.553,10.0,,23,,0.77942,0.19624,,,1.4826,0,,0,0,1,13,13,0,13.0,141200.0
163.4,75,100,80,0.0,51.3,82.533,11.369,400,0.9,0,0.0013446,13.188,25.172,77165,85291.0,6.4888,297.87,251.5,1.5533,10.0,,23,,0.79299,0.19613,,,1.4829,0,,0,0,1,13,13,0,13.0,141290.0
163.6,75,100,80,0.0,56.287,24.76,198.52,400,0.9,0,0.0013108,13.242,25.189,77268,85402.0,6.4853,298.24,388.58,1.5537,10.0,,23,,0.77874,0.19624,,,1.4832,0,,0,0,1,13,13,0,13.0,141370.0
163.8,75,100,80,0.0,62.656,148.77,19.852,400,0.9,0,0.0013307,13.276,25.205,77371,85515.0,6.4861,297.99,295.31,1.554,10.0,,23,,0.75961,0.19638,,,1.4835,0,,0,0,1,13,13,0,13.0,141790.0
164.0,75,100,80,0.0,68.708,68.247,1.9852,400,0.9,0,0.0013559,13.285,25.222,77476,85628.0,6.4901,297.82,232.0,1.5543,10.0,,23,,0.76632,0.19633,,,1.4838,0,,0,0,1,13,13,0,13.0,142040.0
164.2,75,100,80,0.0,73.182,20.474,92.948,400,0.9,0,0.001347,13.312,25.239,77581,85743.0,6.495,297.94,277.82,1.5546,10.0,,23,,0.7664,0.19633,,,1.4841,0,,0,0,1,13,13,0,13.0,141620.0
164.4,75,100,80,0.0,75.684,6.1423,0.0001,400,0.9,0,0.0013939,13.309,25.256,77687,85859.0,6.5019,297.86,246.93,1.5549,10.0,,23,,0.76636,0.19633,,,1.4844,0,,0,0,1,13,13,0,13.0,142530.0
164.6,75,100,80,0.0,75.453,1.8427,90.188,400,0.9,0,0.001434,13.299,25.275,77794,85974.0,6.5068,298.0,299.88,1.5552,10.0,,23,,0.77048,0.1963,,,1.4847,0,,0,0,1,13,13,0,13.0,141290.0
164.8,75,100,80,0.0,73.258,46.113,9.0188,400,0.9,0,0.0014852,13.281,25.294,77899,86089.0,6.5103,297.88,255.14,1.5556,10.0,,23,,0.77323,0.19628,,,1.485,0,,0,0,1,13,13,0,13.0,141220.0
165.0,75,100,80,0.0,69.673,13.834,141.47,400,0.9,0,0.0014589,13.294,25.313,78004,86203.0,6.5133,298.13,347.79,1.5559,10.0,,23,,0.77542,0.19626,,,1.4854,0,,0,0,1,13,13,0,13.0,141640.0
165.2,75,100,80,0.0,64.894,95.704,14.147,400,0.9,0,0.0013861,13.311,25.33,78108,86316.0,6.5144,297.95,282.06,1.5562,10.0,,23,,0.78167,0.19621,,,1.4857,0,,0,0,1,13,13,0,13.0,142230.0
165.4,75,100,80,0.0,59.645,38.091,1.4147,400,0.9,0,0.0014513,13.267,25.349,78211,86428.0,6.5118,297.83,235.46,1.5566,10.0,,23,,0.80171,0.19606,,,1.486,0,,0,0,1,13,13,0,13.0,143320.0
165.6,75,100,80,0.0,55.475,11.427,65.845,400,0.9,0,0.0014562,13.254,25.368,78313,86540.0,6.5061,297.9,261.67,1.5569,10.0,,23,,0.81532,0.19596,,,1.4864,0,,0,0,1,13,13,0,13.0,141410.0
165.8,75,100,80,0.0,53.551,3.4282,0.0001,400,0.9,0,0.0014509,13.261,25.387,78414,86651.0,6.4992,297.82,232.28,1.5573,10.0,,23,,0.81685,0.19595,,,1.4867,0,,0,0,1,13,13,0,13.0,142170.0
166.0,75,100,80,0.0,54.379,1.0285,80.356,400,0.9,0,0.0014944,13.262,25.406,78516,86762.0,6.4946,297.94,276.86,1.5577,10.0,,23,,0.81979,0.19593,,,1.487,0,,0,0,1,13,13,0,13.0,142430.0
166.2,75,100,80,0.0,57.034,0.30854,0.0001,400,0.9,0,0.0014773,13.279,25.425,78618,86874.0,6.493,297.86,249.02,1.558,10.0,,23,,0.82162,0.19591,,,1.4874,0,,0,0,1,13,13,0,13.0,143690.0
166.4,75,100,80,0.0,60.34,0.092562,79.194,400,0.9,0,0.0015588,13.258,25.444,78721,86986.0,6.4931,297.98,292.8,1.5584,10.0,,23,,0.83583,0.1958,,,1.4878,0,,0,0,1,13,13,0,13.0,143450.0
166.6,75,100,80,0.0,63.614,35.58,7.9194,400,0.9,0,0.0015706,13.27,25.464,78825,87099.0,6.4955,297.88,254.58,1.5588,10.0,,23,,0.8459,0.19573,,,1.4882,0,,0,0,1,13,13,0,13.0,142210.0
166.8,75,100,80,0.0,65.916,10.674,119.07,400,0.9,0,0.0015612,13.291,25.482,78929,87213.0,6.499,298.08,328.89,1.5592,10.0,,23,,0.847,0.19572,,,1.4885,0,,0,0,1,13,13,0,13.0,143140.0
167.0,75,100,80,0.0,66.845,74.652,11.907,400,0.9,0,0.001605,13.283,25.501,79033,87327.0,6.4999,297.93,274.64,1.5596,10.0,,23,,0.85822,0.19563,,,1.4889,0,,0,0,1,13,13,0,13.0,142730.0
167.2,75,100,80,0.0,67.396,22.396,180.2,400,0.9,0,0.0016149,13.282,25.521,79137,87441.0,6.5001,298.26,397.64,1.56,10.0,,23,,0.86877,0.19556,,,1.4893,0,,0,0,1,13,13,0,13.0,143490.0
167.4,75,100,80,0.0,67.874,132.77,18.02,400,0.9,0,0.0015998,13.299,25.539,79242,87555.0,6.4985,298.06,323.46,1.5604,10.0,,23,,0.87097,0.19554,,,1.4897,0,,0,0,1,13,13,0,13.0,143750.0
167.6,75,100,80,0.0,68.982,72.603,1.802,400,0.9,0,0.0016654,13.308,25.559,79346,87669.0,6.4987,297.9,263.06,1.5609,10.0,,23,,0.85152,0.19568,,,1.4901,0,,0,0,1,13,13,0,13.0,142340.0
167.8,75,100,80,0.0,70.029,21.781,90.894,400,0.9,0,0.0016714,13.317,25.579,79451,87784.0,6.4998,298.02,307.26,1.5613,10.0,,23,,0.85046,0.19569,,,1.4905,0,,0,0,1,13,13,0,13.0,144270.0
168.0,75,100,80,0.0,70.644,59.351,9.0894,400,0.9,0,0.0016922,13.317,25.598,79556,87898.0,6.503,297.9,260.39,1.5617,10.0,2011.5,23,1983.6,0.85685,0.19564,25.521,22.314,1.491,0,73.824,0,0,1,13,13,0,13.0,143200.0
168.2,75,100,80,0.0,69.967,17.805,146.07,400,0.9,0,0.001668,13.336,25.618,79661,88013.0,6.5061,298.15,355.79,1.5622,10.0,,23,,0.85599,0.19565,,,1.4914,0,,0,0,1,13,13,0,13.0,143300.0
168.4,75,100,80,0.0,68.063,100.98,14.607,400,0.9,0,0.0016852,13.323,25.638,79765,88127.0,6.5073,297.99,294.73,1.5626,10.0,,23,,0.86541,0.19558,,,1.4918,0,,0,0,1,13,13,0,13.0,143060.0
168.6,75,100,80,0.0,65.665,49.492,1.4607,400,0.9,0,0.0016967,13.319,25.658,79869,88241.0,6.5064,297.85,244.39,1.5631,10.0,,23,,0.86794,0.19556,,,1.4922,0,,0,0,1,13,13,0,13.0,144330.0
168.8,75,100,80,0.0,63.639,14.848,78.124,400,0.9,0,0.001732,13.311,25.679,79972,88354.0,6.5033,297.95,279.89,1.5635,10.0,,23,,0.87013,0.19554,,,1.4927,0,,0,0,1,13,13,0,13.0,143260.0
169.0,75,100,80,0.0,62.848,4.4543,0.0001,400,0.9,0,0.0018085,13.279,25.7,80076,88468.0,6.4972,297.87,249.56,1.564,10.0,,23,,0.89202,0.19537,,,1.4931,0,,0,0,1,13,13,0,13.0,144530.0
169.2,75,100,80,0.0,64.502,1.3363,77.677,400,0.9,0,0.0017781,13.309,25.721,80179,88581.0,6.4927,297.98,290.98,1.5645,10.0,,23,,0.88018,0.19546,,,1.4936,0,,0,0,1,13,13,0,13.0,144630.0
169.4,75,100,80,0.0,67.924,34.148,7.7677,400,0.9,0,0.0017703,13.312,25.742,80284,88696.0,6.4889,297.88,252.41,1.565,10.0,,23,,0.89389,0.19536,,,1.4941,0,,0,0,1,13,13,0,13.0,143240.0
169.6,75,100,80,0.0,72.874,10.244,116.03,400,0.9,0,0.0017875,13.338,25.763,80389,88811.0,6.4901,298.06,323.8,1.5655,10.0,,23,,0.89054,0.19538,,,1.4946,0,,0,0,1,13,13,0,13.0,143670.0
169.8,75,100,80,0.0,77.319,70.226,11.603,400,0.9,0,0.0017544,13.362,25.783,80495,88927.0,6.4931,297.93,272.52,1.566,10.0,,23,,0.8959,0.19534,,,1.4951,0,,0,0,1,13,13,0,13.0,144940.0
170.0,75,100,80,0.0,80.587,21.068,170.8,400,0.9,0,0.0017061,13.391,25.803,80602,89044.0,6.4984,298.23,387.52,1.5665,10.0,,23,,0.89992,0.19531,,,1.4955,0,,0,0,1,13,13,0,13.0,144200.0
170.2,75,100,80,0.0,81.733,122.02,17.08,150,0.9,-4000,0.0017366,12.571,25.838,79962,88311.0,6.5298,298.07,327.64,1.5581,10.0,,23,,1.1408,0.19352,,,1.4874,0,,0,0,1,13,13,0,13.0,144200.0
170.4,75,100,80,0.0,70.256,74.606,1.708,150,0.9,-4000,0.0018002,12.51,25.874,79320,87576.0,6.5537,297.94,278.89,1.5455,10.0,,23,,1.1739,0.1933,,,1.4754,0,,0,0,1,13,13,0,13.0,144870.0
170.6,75,100,80,0.51838,35.128,22.382,85.529,150,0.9,-4000,0.0018707,12.372,25.912,78671,86834.0,6.5502,298.08,331.96,1.5327,10.0,,23,,1.2047,0.19309,,,1.4632,0,,0,0,1,13,13,0,13.0,145390.0
170.8,75,100,80,1.04,17.564,69.488,8.5529,150,0.9,-4000,0.0019082,12.289,25.952,78019,86089.0,6.5291,297.99,297.01,1.52,10.0,,23,,1.2235,0.19298,,,1.4509,0,,0,0,1,13,13,0,13.0,145920.0
171.0,75,100,80,0.0,6.5172,39.453,0.85529,150,0.9,-4000,0.0019292,12.252,25.993,77364,85341.0,6.5009,297.92,270.05,1.5072,10.0,,23,,1.211,0.1931,,,1.4387,0,,0,0,1,13,13,0,13.0,144610.0
171.2,75,100,80,0.0,6.6945,11.836,54.475,150,0.9,-4000,0.0019496,12.233,26.034,76710,84593.0,6.4749,298.01,303.24,1.4945,10.0,,23,,1.2111,0.19312,,,1.4265,0,,0,0,1,13,13,0,13.0,145140.0
171.4,75,100,80,0.0,17.264,40.25,5.4475,150,0.9,-4000,0.0020038,12.244,26.073,76057,83848.0,6.458,297.94,278.75,1.4818,10.0,,23,,1.1982,0.19324,,,1.4143,0,,0,0,1,13,13,0,13.0,145670.0
171.6,75,100,80,0.0,34.555,12.075,94.725,150,0.9,-4000,0.0021076,12.282,26.111,75409,83106.0,6.4545,298.12,345.9,1.4691,10.0,,23,,1.1666,0.1935,,,1.4021,0,,0,0,1,13,13,0,13.0,146020.0
171.8,75,100,80,0.0,53.238,74.082,9.4725,150,0.9,-4000,0.0022023,12.329,26.147,74764,82368.0,6.4641,298.02,306.85,1.4564,10.0,,23,,1.1317,0.19379,,,1.39,0,,0,0,1,13,13,0,13.0,145520.0
172.0,75,100,80,0.0,68.068,39.991,0.94725,150,0.9,-4000,0.0021246,12.392,26.182,74122,81633.0,6.4829,297.92,274.12,1.4438,10.0,,23,,1.1031,0.19403,,,1.3779,0,,0,0,1,13,13,0,13.0,146190.0
172.2,75,100,80,0.0,75.409,11.997,55.406,150,0.9,0,0.0022194,12.397,26.216,74178,81699.0,6.4811,298.01,302.87,1.4403,10.0,,23,,1.0954,0.1941,,,1.3746,0,,0,0,1,13,13,0,13.0,146680.0
172.4,75,100,80,0.0,83.559,37.738,5.5406,150,0.9,0,0.0022919,12.406,26.248,74236,81767.0,6.4848,297.93,274.95,1.4408,10.0,,23,,1.0976,0.19408,,,1.375,0,,0,0,1,13,13,0,13.0,146000.0
172.6,75,100,80,0.0,90.147,11.321,95.989,150,0.9,0,0.0024085,12.421,26.277,74295,81837.0,6.493,298.11,339.76,1.4415,10.0,,23,,1.0915,0.19412,,,1.3757,0,,0,0,1,13,13,0,13.0,146480.0
172.8,75,100,80,0.0,93.452,71.905,9.5989,150,0.9,0,0.0024558,12.434,26.306,74355,81907.0,6.5019,298.0,300.98,1.4423,10.0,,23,,1.0814,0.1942,,,1.3764,0,,0,0,1,13,13,0,13.0,147610.0
173.0,75,100,80,0.0,93.2,37.132,0.95989,150,0.9,0,0.0023895,12.442,26.335,74415,81977.0,6.5125,297.91,269.77,1.443,10.0,,23,,1.0754,0.19424,,,1.3771,0,,0,0,1,13,13,0,13.0,146590.0
173.2,75,100,80,0.0,88.732,11.14,53.579,150,0.9,0,0.0022616,12.435,26.365,74474,82046.0,6.5187,297.99,296.48,1.4437,10.0,,23,,1.0838,0.19418,,,1.3778,0,,0,0,1,13,13,0,13.0,147730.0
173.4,75,100,80,0.0,81.794,34.319,5.3579,150,0.9,0,0.0022587,12.41,26.396,74532,82114.0,6.519,297.91,270.14,1.4444,10.0,,23,,1.0887,0.19414,,,1.3785,0,,0,0,1,13,13,0,13.0,147550.0
173.6,75,100,80,0.0,74.736,10.296,92.28,150,0.9,0,0.0021024,12.427,26.429,74588,82180.0,6.5166,298.09,332.59,1.4451,10.0,,23,,1.0752,0.19424,,,1.3791,0,,0,0,1,13,13,0,13.0,147370.0
173.8,75,100,80,0.0,68.621,67.821,9.228,150,0.9,0,0.0020131,12.423,26.461,74643,82245.0,6.513,297.98,294.74,1.4457,10.0,,23,,1.0822,0.19418,,,1.3797,0,,0,0,1,13,13,0,13.0,147190.0
174.0,75,100,80,0.0,63.937,33.381,0.9228,150,0.9,0,0.0019491,12.418,26.495,74697,82309.0,6.5064,297.9,264.37,1.4463,10.0,,23,,1.0859,0.19415,,,1.3803,0,,0,0,1,13,13,0,13.0,147520.0
174.2,75,100,80,0.0,61.91,10.014,52.741,150,0.9,0,0.0018019,12.463,26.527,74750,82372.0,6.5016,297.97,290.51,1.4469,10.0,,23,,1.0691,0.19428,,,1.3808,0,,0,0,1,13,13,0,13.0,147010.0
174.4,75,100,80,0.0,61.773,31.973,5.2741,150,0.9,0,0.0018423,12.455,26.56,74804,82436.0,6.4935,297.9,264.25,1.4474,10.0,,23,,1.0654,0.19431,,,1.3813,0,,0,0,1,13,13,0,13.0,148000.0
174.6,75,100,80,0.0,64.894,9.5919,92.554,150,0.9,0,0.0017905,12.482,26.593,74858,82500.0,6.4861,298.07,326.14,1.4479,10.0,,23,,1.0588,0.19436,,,1.3818,0,,0,0,1,13,13,0,13.0,148990.0
174.8,75,100,80,0.0,70.979,65.745,9.2554,150,0.9,0,0.0017911,12.501,26.625,74914,82565.0,6.4856,297.97,288.93,1.4485,10.0,,23,,1.0535,0.19439,,,1.3824,0,,0,0,1,13,13,0,13.0,148810.0
175.0,75,100,80,0.0,77.247,31.381,0.92554,150,0.9,0,0.0018069,12.497,26.657,74970,82632.0,6.4885,297.88,258.32,1.449,10.0,,23,,1.068,0.19428,,,1.3829,0,,0,0,1,13,13,0,13.0,149130.0
175.2,75,100,80,0.0,82.338,9.4144,54.713,150,0.9,0,0.0017387,12.541,26.688,75028,82699.0,6.495,297.95,284.45,1.4495,10.0,,23,,1.0541,0.19439,,,1.3833,0,,0,0,1,13,13,0,13.0,149440.0
175.4,75,100,80,0.0,84.859,30.649,5.4713,150,0.9,0,0.0017392,12.56,26.719,75086,82767.0,6.5011,297.88,256.26,1.45,10.0,,23,,1.0407,0.19449,,,1.3838,0,,0,0,1,13,13,0,13.0,149590.0
175.6,75,100,80,0.0,84.953,9.1948,97.064,150,0.9,0,0.0017283,12.563,26.751,75144,82835.0,6.5099,298.05,319.93,1.4505,10.0,,23,,1.0382,0.1945,,,1.3843,0,,0,0,1,13,13,0,13.0,149080.0
175.8,75,100,80,0.0,81.522,66.029,9.7064,150,0.9,0,0.0017295,12.576,26.783,75202,82902.0,6.5152,297.94,279.13,1.451,10.0,,23,,1.015,0.19468,,,1.3848,0,,0,0,1,13,13,0,13.0,149390.0
176.0,75,100,80,0.0,75.975,19.809,156.17,150,0.9,0,0.0016644,12.575,26.814,75258,82968.0,6.5178,298.25,390.97,1.4515,10.0,,23,,1.0169,0.19466,,,1.3852,0,,0,0,1,13,13,0,13.0,149380.0
176.2,75,100,80,0.0,69.38,125.19,15.617,150,0.9,0,0.0016104,12.58,26.845,75313,83033.0,6.5169,298.08,329.27,1.4519,10.0,,23,,1.0135,0.19469,,,1.3857,0,,0,0,1,13,13,0,13.0,149530.0
176.4,75,100,80,0.0,63.165,73.327,1.5617,150,0.9,0,0.0016169,12.56,26.877,75367,83096.0,6.5126,297.94,277.92,1.4523,10.0,,23,,1.0201,0.19464,,,1.3861,0,,0,0,1,13,13,0,13.0,150180.0
176.6,75,100,80,0.0,58.665,21.998,85.945,150,0.9,0,0.0016031,12.544,26.909,75420,83159.0,6.5045,298.07,326.79,1.4528,10.0,,23,,1.0324,0.19454,,,1.3865,0,,0,0,1,13,13,0,13.0,150330.0
176.8,75,100,80,0.0,57.417,67.245,8.5945,150,0.9,0,0.0015849,12.529,26.941,75472,83221.0,6.4979,297.96,286.45,1.4532,10.0,,23,,1.0505,0.19441,,,1.3869,0,,0,0,1,13,13,0,13.0,149150.0
177.0,75,100,80,0.0,58.788,30.497,0.85945,150,0.9,0,0.0015627,12.539,26.973,75525,83283.0,6.4929,297.87,255.06,1.4536,10.0,,23,,1.0563,0.19436,,,1.3873,0,,0,0,1,13,13,0,13.0,150140.0
177.2,75,100,80,0.0,62.156,9.1491,53.916,150,0.9,0,0.0016385,12.526,27.005,75579,83346.0,6.49,297.95,281.48,1.454,10.0,,23,,1.0531,0.19439,,,1.3877,0,,0,0,1,13,13,0,13.0,150460.0
177.4,75,100,80,0.0,66.667,2.7447,0.0001,150,0.9,0,0.0016526,12.542,27.037,75633,83411.0,6.4892,297.89,261.55,1.4545,10.0,,23,,1.047,0.19443,,,1.3881,0,,0,0,1,13,13,0,13.0,150780.0
177.6,75,100,80,0.0,71.515,0.82342,59.11,150,0.9,0,0.0016044,12.557,27.069,75689,83476.0,6.492,297.98,294.87,1.4549,10.0,,23,,1.0601,0.19433,,,1.3885,0,,0,0,1,13,13,0,13.0,150600.0
177.8,75,100,80,0.0,75.22,28.793,5.911,150,0.9,0,0.0016554,12.544,27.1,75745,83542.0,6.4966,297.91,268.91,1.4554,10.0,,23,,1.0679,0.19427,,,1.389,0,,0,0,1,13,13,0,13.0,151080.0
178.0,75,100,80,0.0,77.108,8.6378,90.771,150,0.9,0,0.001684,12.538,27.132,75801,83608.0,6.503,298.07,327.67,1.4558,10.0,,23,,1.0798,0.19418,,,1.3894,0,,0,0,1,13,13,0,13.0,151230.0
178.2,75,100,80,0.0,76.42,61.564,9.0771,150,0.9,0,0.0017423,12.512,27.163,75858,83674.0,6.509,297.97,291.42,1.4563,10.0,,23,,1.0899,0.19411,,,1.3898,0,,0,0,1,13,13,0,13.0,151050.0
178.4,75,100,80,0.0,73.353,28.766,0.90771,150,0.9,0,0.0017705,12.497,27.195,75914,83740.0,6.5123,297.89,262.0,1.4568,10.0,,23,,1.093,0.19408,,,1.3903,0,,0,0,1,13,13,0,13.0,151200.0
178.6,75,100,80,0.0,68.972,8.6297,49.507,150,0.9,0,0.0017646,12.482,27.227,75968,83805.0,6.5121,297.96,285.0,1.4573,10.0,,23,,1.1067,0.19398,,,1.3908,0,,0,0,1,13,13,0,13.0,152020.0
178.8,75,100,80,0.0,64.666,26.976,4.9507,150,0.9,0,0.0018135,12.459,27.259,76023,83869.0,6.5096,297.89,261.22,1.4578,10.0,,23,,1.104,0.194,,,1.3913,0,,0,0,1,13,13,0,13.0,151170.0
179.0,75,100,80,0.0,61.338,8.0928,84.109,150,0.9,0,0.0019091,12.43,27.291,76076,83932.0,6.5051,298.05,317.65,1.4583,10.0,,23,,1.1027,0.194,,,1.3918,0,,0,0,1,13,13,0,13.0,152160.0
179.2,75,100,80,0.0,59.825,57.778,8.4109,150,0.9,0,0.0019375,12.427,27.324,76129,83995.0,6.4994,297.96,287.68,1.4589,10.0,,23,,1.0899,0.1941,,,1.3923,0,,0,0,1,13,13,0,13.0,152150.0
179.4,75,100,80,0.0,60.569,30.037,0.84109,150,0.9,0,0.0018835,12.453,27.356,76182,84059.0,6.494,297.89,261.14,1.4594,10.0,,23,,1.0798,0.19417,,,1.3929,0,,0,0,1,13,13,0,13.0,151640.0
179.6,75,100,80,0.0,63.493,9.011,53.135,150,0.9,0,0.0018423,12.472,27.389,76236,84122.0,6.491,297.97,288.72,1.46,10.0,,23,,1.0795,0.19418,,,1.3934,0,,0,0,1,13,13,0,13.0,152960.0
179.8,75,100,80,0.0,67.599,31.447,5.3135,150,0.9,0,0.0018016,12.512,27.42,76291,84187.0,6.494,297.9,263.57,1.4605,10.0,,23,,1.0619,0.19431,,,1.3939,0,,0,0,1,13,13,0,13.0,152440.0
180.0,75,100,80,0.0,70.485,9.434,91.359,150,0.9,0,0.0017863,12.518,27.451,76346,84252.0,6.5005,298.06,323.92,1.461,10.0,2105.4,23,2011.3,1.0664,0.19427,27.324,22.008,1.3944,0,71.839,0,0,1,13,13,0,13.0,153090.0
180.2,75,100,80,0.0,70.794,62.887,9.1359,150,0.9,0,0.0017366,12.542,27.481,76401,84317.0,6.5104,297.96,287.87,1.4615,10.0,,23,,1.0557,0.19435,,,1.3948,0,,0,0,1,13,13,0,13.0,153410.0
180.4,75,100,80,0.0,67.142,30.088,0.91359,150,0.9,0,0.0018224,12.491,27.513,76455,84382.0,6.5172,297.88,258.18,1.462,10.0,,23,,1.077,0.19419,,,1.3953,0,,0,0,1,13,13,0,13.0,153390.0
180.6,75,100,80,0.0,60.799,9.0264,53.176,150,0.9,0,0.0017737,12.463,27.545,76509,84445.0,6.5201,297.96,285.13,1.4625,10.0,,23,,1.1027,0.194,,,1.3958,0,,0,0,1,13,13,0,13.0,152540.0
180.8,75,100,80,0.0,53.296,30.542,5.3176,150,0.9,0,0.0017333,12.436,27.577,76560,84506.0,6.5169,297.89,259.62,1.463,10.0,,23,,1.1248,0.19383,,,1.3962,0,,0,0,1,13,13,0,13.0,153360.0
181.0,75,100,80,0.0,47.077,9.1627,92.288,150,0.9,0,0.0017517,12.428,27.61,76611,84567.0,6.5089,298.06,322.61,1.4634,10.0,,23,,1.1155,0.1939,,,1.3967,0,,0,0,1,13,13,0,13.0,153020.0
181.2,75,100,80,0.0,44.062,64.495,9.2288,150,0.9,0,0.0017334,12.423,27.642,76661,84627.0,6.4993,297.96,286.39,1.4639,10.0,,23,,1.1155,0.1939,,,1.3972,0,,0,0,1,13,13,0,13.0,153170.0
181.4,75,100,80,0.0,44.883,31.459,0.92288,150,0.9,0,0.001774,12.407,27.675,76711,84687.0,6.491,297.88,257.69,1.4644,10.0,,23,,1.1256,0.19382,,,1.3976,0,,0,0,1,13,13,0,13.0,153500.0
181.6,75,100,80,0.0,48.989,9.4376,53.852,150,0.9,0,0.0017377,12.423,27.707,76762,84747.0,6.4885,297.96,285.68,1.4649,10.0,,23,,1.1301,0.19379,,,1.3981,0,,0,0,1,13,13,0,13.0,153650.0
181.8,75,100,80,0.0,54.075,31.786,5.3852,150,0.9,0,0.0017218,12.459,27.738,76813,84809.0,6.4913,297.88,258.57,1.4654,10.0,,23,,1.1129,0.19391,,,1.3986,0,,0,0,1,13,13,0,13.0,153970.0
182.0,75,100,80,0.0,58.039,9.5359,95.94,150,0.9,0,0.0017292,12.463,27.769,76866,84872.0,6.4944,298.06,323.34,1.4659,10.0,,23,,1.113,0.19391,,,1.399,0,,0,0,1,13,13,0,13.0,153620.0
182.2,75,100,80,0.0,60.814,66.257,9.594,150,0.9,0,0.0017063,12.487,27.8,76919,84935.0,6.4998,297.95,283.11,1.4663,10.0,,23,,1.108,0.19395,,,1.3995,0,,0,0,1,13,13,0,13.0,153430.0
182.4,75,100,80,0.0,61.413,29.632,0.9594,150,0.9,0,0.0016676,12.508,27.829,76972,84998.0,6.5055,297.87,251.86,1.4668,10.0,,23,,1.1008,0.194,,,1.3999,0,,0,0,1,13,13,0,13.0,154070.0
182.6,75,100,80,0.0,59.745,8.8896,54.497,150,0.9,0,0.0016568,12.501,27.859,77025,85061.0,6.5089,297.94,278.72,1.4673,10.0,,23,,1.1055,0.19397,,,1.4004,0,,0,0,1,13,13,0,13.0,155040.0
182.8,75,100,80,0.0,56.707,2.6669,0.0001,150,0.9,0,0.0016477,12.501,27.889,77078,85123.0,6.5096,297.89,259.53,1.4677,10.0,,23,,1.0967,0.19403,,,1.4008,0,,0,0,1,13,13,0,13.0,154850.0
183.0,75,100,80,0.0,53.393,0.80006,58.935,150,0.9,0,0.0016226,12.502,27.918,77129,85185.0,6.5092,297.98,294.18,1.4681,10.0,,23,,1.1012,0.194,,,1.4012,0,,0,0,1,13,13,0,13.0,155660.0
183.2,75,100,80,0.0,50.23,29.214,5.8935,150,0.9,0,0.0015981,12.498,27.947,77181,85245.0,6.5068,297.91,267.72,1.4686,10.0,,23,,1.1077,0.19395,,,1.4016,0,,0,0,1,13,13,0,13.0,154630.0
183.4,75,100,80,0.0,48.017,8.7641,92.141,150,0.9,0,0.0016223,12.483,27.977,77231,85306.0,6.5046,298.07,328.9,1.469,10.0,,23,,1.1123,0.19391,,,1.402,0,,0,0,1,13,13,0,13.0,155270.0
183.6,75,100,80,0.0,46.693,62.777,9.2141,150,0.9,0,0.0015472,12.5,28.005,77281,85366.0,6.5024,297.97,291.08,1.4694,10.0,,23,,1.1193,0.19386,,,1.4024,0,,0,0,1,13,13,0,13.0,154240.0
183.8,75,100,80,0.0,46.244,29.188,0.92141,150,0.9,0,0.0016675,12.458,28.034,77332,85426.0,6.4983,297.89,261.86,1.4699,10.0,,23,,1.126,0.19381,,,1.4029,0,,0,0,1,13,13,0,13.0,154710.0
184.0,75,100,80,0.0,47.458,8.7563,48.585,150,0.9,0,0.0016893,12.457,28.064,77382,85486.0,6.4945,297.96,284.73,1.4703,10.0,,23,,1.1272,0.1938,,,1.4033,0,,0,0,1,13,13,0,13.0,155360.0
184.2,75,100,80,0.0,50.187,26.573,4.8585,150,0.9,0,0.001616,12.498,28.092,77433,85547.0,6.4942,297.89,259.49,1.4708,10.0,,23,,1.1152,0.19389,,,1.4037,0,,0,0,1,13,13,0,13.0,155660.0
184.4,75,100,80,0.0,53.003,7.972,84.823,150,0.9,0,0.0015976,12.501,28.12,77485,85608.0,6.4979,298.03,313.68,1.4712,10.0,,23,,1.1253,0.19381,,,1.4041,0,,0,0,1,13,13,0,13.0,155290.0
184.6,75,100,80,0.0,54.34,54.461,8.4823,150,0.9,0,0.0016207,12.511,28.148,77537,85670.0,6.5027,297.94,277.76,1.4716,10.0,,23,,1.1108,0.19392,,,1.4045,0,,0,0,1,13,13,0,13.0,154930.0
184.8,75,100,80,0.0,53.79,16.338,132.46,150,0.9,0,0.0016055,12.509,28.176,77588,85731.0,6.5064,298.18,370.31,1.472,10.0,,23,,1.1177,0.19387,,,1.4049,0,,0,0,1,13,13,0,13.0,156060.0
185.0,75,100,80,0.0,51.771,100.31,13.246,150,0.9,0,0.0015712,12.516,28.204,77639,85792.0,6.5089,298.04,317.23,1.4724,10.0,,23,,1.121,0.19384,,,1.4053,0,,0,0,1,13,13,0,13.0,156190.0
185.2,75,100,80,0.0,48.726,56.293,1.3246,150,0.9,0,0.0015875,12.49,28.232,77690,85853.0,6.5102,297.93,274.51,1.4728,10.0,,23,,1.1376,0.19371,,,1.4057,0,,0,0,1,13,13,0,13.0,156490.0
185.4,75,100,80,0.0,45.184,16.888,69.445,150,0.9,0,0.0015455,12.495,28.259,77740,85912.0,6.51,298.03,310.79,1.4732,10.0,,23,,1.1409,0.19369,,,1.4061,0,,0,0,1,13,13,0,13.0,155620.0
185.6,75,100,80,0.0,41.716,48.551,6.9445,150,0.9,0,0.0015971,12.44,28.288,77789,85971.0,6.5045,297.94,278.24,1.4736,10.0,,23,,1.1671,0.19349,,,1.4065,0,,0,0,1,13,13,0,13.0,156590.0
185.8,75,100,80,0.0,40.439,14.565,111.34,150,0.9,0,0.0015917,12.434,28.316,77838,86030.0,6.4992,298.14,354.36,1.4741,10.0,,23,,1.1766,0.19342,,,1.4069,0,,0,0,1,13,13,0,13.0,156230.0
186.0,75,100,80,0.0,41.268,83.088,11.134,150,0.9,0,0.0015706,12.44,28.344,77888,86089.0,6.4941,298.03,311.35,1.4745,10.0,,23,,1.1814,0.19338,,,1.4073,0,,0,0,1,13,13,0,13.0,156360.0
186.2,75,100,80,0.0,44.166,47.232,1.1134,150,0.9,0,0.0015559,12.46,28.372,77937,86148.0,6.4926,297.93,273.79,1.4749,10.0,,23,,1.1769,0.19342,,,1.4077,0,,0,0,1,13,13,0,13.0,156660.0
186.4,75,100,80,0.0,47.653,14.169,63.314,150,0.9,0,0.0015893,12.461,28.399,77988,86209.0,6.4941,298.01,306.32,1.4753,10.0,,23,,1.1775,0.19341,,,1.408,0,,0,0,1,13,13,0,13.0,157290.0
186.6,75,100,80,0.0,50.503,42.098,6.3314,150,0.9,0,0.0015554,12.484,28.426,78039,86269.0,6.4974,297.93,275.51,1.4757,10.0,,23,,1.1733,0.19344,,,1.4084,0,,0,0,1,13,13,0,13.0,156920.0
186.8,75,100,80,0.0,52.068,12.629,102.23,150,0.9,0,0.0015494,12.495,28.453,78090,86330.0,6.5023,298.11,342.54,1.476,10.0,,23,,1.1726,0.19345,,,1.4088,0,,0,0,1,13,13,0,13.0,158210.0
187.0,75,100,80,0.0,51.669,72.259,10.223,150,0.9,0,0.0015563,12.484,28.479,78141,86391.0,6.5062,298.0,301.71,1.4764,10.0,,23,,1.1822,0.19337,,,1.4092,0,,0,0,1,13,13,0,13.0,157670.0
187.2,75,100,80,0.0,49.73,37.535,1.0223,150,0.9,0,0.001535,12.469,28.506,78192,86451.0,6.5073,297.91,267.46,1.4768,10.0,,23,,1.2044,0.1932,,,1.4095,0,,0,0,1,13,13,0,13.0,157790.0
187.4,75,100,80,0.0,47.346,11.261,55.747,150,0.9,0,0.0015119,12.454,28.532,78242,86511.0,6.5091,297.98,293.84,1.4772,10.0,,23,,1.2261,0.19304,,,1.4099,0,,0,0,1,13,13,0,13.0,158590.0
187.6,75,100,80,0.0,44.205,32.757,5.5747,150,0.9,0,0.0015591,12.433,28.559,78292,86571.0,6.5069,297.91,267.78,1.4775,10.0,,23,,1.2276,0.19303,,,1.4102,0,,0,0,1,13,13,0,13.0,158550.0
187.8,75,100,80,0.0,41.96,9.827,88.937,150,0.9,0,0.0015725,12.418,28.586,78342,86630.0,6.5031,298.06,325.25,1.4779,10.0,,23,,1.2389,0.19294,,,1.4106,0,,0,0,1,13,13,0,13.0,157010.0
188.0,75,100,80,0.0,41.236,59.644,8.8937,150,0.9,0,0.0015793,12.407,28.613,78391,86689.0,6.499,297.97,291.3,1.4783,10.0,,23,,1.2462,0.19289,,,1.4109,0,,0,0,1,13,13,0,13.0,157810.0
188.2,75,100,80,0.0,42.148,29.795,0.88937,150,0.9,0,0.001572,12.39,28.64,78440,86748.0,6.4964,297.9,261.84,1.4787,10.0,,23,,1.2718,0.19269,,,1.4113,0,,0,0,1,13,13,0,13.0,158440.0
188.4,75,100,80,0.0,44.119,8.9384,51.704,150,0.9,0,0.0015886,12.392,28.667,78490,86807.0,6.4959,297.96,286.34,1.479,10.0,,23,,1.2742,0.19267,,,1.4117,0,,0,0,1,13,13,0,13.0,158560.0
188.6,75,100,80,0.0,46.271,27.99,5.1704,150,0.9,0,0.0015582,12.418,28.693,78540,86867.0,6.4964,297.89,260.47,1.4794,10.0,,23,,1.2655,0.19274,,,1.412,0,,0,0,1,13,13,0,13.0,158690.0
188.8,75,100,80,0.0,48.219,8.3971,86.482,150,0.9,0,0.0015637,12.407,28.72,78590,86927.0,6.4981,298.04,315.71,1.4798,10.0,,23,,1.2789,0.19264,,,1.4124,0,,0,0,1,13,13,0,13.0,158150.0
189.0,75,100,80,0.0,49.486,55.271,8.6482,150,0.9,0,0.0015938,12.403,28.746,78641,86987.0,6.4998,297.95,282.22,1.4802,10.0,,23,,1.2791,0.19264,,,1.4127,0,,0,0,1,13,13,0,13.0,158770.0
189.2,75,100,80,0.0,50.095,16.581,128.57,150,0.9,0,0.0016234,12.392,28.772,78692,87048.0,6.5026,298.19,371.94,1.4806,10.0,,23,,1.2873,0.19257,,,1.4131,0,,0,0,1,13,13,0,13.0,157900.0
189.4,75,100,80,0.0,49.557,97.14,12.857,150,0.9,0,0.0015815,12.423,28.799,78743,87108.0,6.5053,298.06,324.66,1.4809,10.0,,23,,1.2632,0.19275,,,1.4135,0,,0,0,1,13,13,0,13.0,159020.0
189.6,75,100,80,0.0,47.95,59.263,1.2857,150,0.9,0,0.0015652,12.434,28.825,78793,87168.0,6.5051,297.95,283.26,1.4813,10.0,,23,,1.254,0.19282,,,1.4138,0,,0,0,1,13,13,0,13.0,158480.0
189.8,75,100,80,0.0,46.443,24.804,0.12857,150,0.9,0,0.0016061,12.411,28.851,78843,87228.0,6.5034,297.88,254.83,1.4817,10.0,,23,,1.2648,0.19274,,,1.4142,0,,0,0,1,13,13,0,13.0,159270.0
190.0,75,100,80,0.0,45.619,7.4413,44.574,150,0.9,0,0.0015983,12.409,28.877,78893,87288.0,6.5001,297.93,273.12,1.4821,10.0,,23,,1.2718,0.19269,,,1.4146,0,,0,0,1,13,13,0,13.0,159400.0
190.2,75,100,80,0.0,46.117,2.2324,0.0001,150,0.9,-4000,0.0016441,12.399,28.903,78248,86548.0,6.5235,297.87,253.39,1.4738,10.0,,23,,1.2642,0.19276,,,1.4066,0,,0,0,1,13,13,0,13.0,159190.0
190.4,75,100,80,0.0,37.161,0.66972,55.326,150,0.9,-4000,0.0015915,12.396,28.929,77601,85806.0,6.5386,297.96,284.27,1.4616,10.0,,23,,1.2465,0.19292,,,1.3949,0,,0,0,1,13,13,0,13.0,159810.0
190.6,75,100,80,0.0,22.271,24.726,5.5326,150,0.9,-4000,0.0015881,12.356,28.956,76952,85060.0,6.5366,297.9,262.58,1.4492,10.0,,23,,1.2378,0.19301,,,1.383,0,,0,0,1,13,13,0,13.0,159770.0
190.8,75,100,80,0.0,8.2021,7.4177,83.404,150,0.9,-4000,0.0016361,12.298,28.984,76299,84313.0,6.5179,298.05,319.01,1.4367,10.0,,23,,1.2297,0.19309,,,1.3711,0,,0,0,1,13,13,0,13.0,160070.0
191.0,75,100,80,0.0,1.6087,56.822,8.3404,150,0.9,-4000,0.0016112,12.286,29.012,75646,83563.0,6.4932,297.97,289.44,1.4243,10.0,,23,,1.2194,0.19319,,,1.3592,0,,0,0,1,13,13,0,13.0,159370.0
191.2,75,100,80,0.0,4.8757,29.642,0.83404,150,0.9,-4000,0.0015594,12.319,29.038,74993,82815.0,6.4746,297.89,262.3,1.4118,10.0,,23,,1.1974,0.19338,,,1.3473,0,,0,0,1,13,13,0,13.0,160670.0
191.4,75,100,80,0.0,15.555,8.8927,53.002,150,0.9,-4000,0.0015693,12.373,29.064,74342,82068.0,6.4691,297.97,289.06,1.3994,10.0,,23,,1.1508,0.19376,,,1.3353,0,,0,0,1,13,13,0,13.0,160620.0
191.6,75,100,80,0.0,28.387,31.198,5.3002,150,0.9,-4000,0.0015406,12.427,29.088,73694,81324.0,6.4777,297.9,263.65,1.3869,10.0,,23,,1.1196,0.19402,,,1.3234,0,,0,0,1,13,13,0,13.0,160070.0
191.8,75,100,80,0.0,37.767,9.3593,91.721,150,0.9,-4000,0.0015616,12.456,29.112,73048,80582.0,6.494,298.06,322.69,1.3745,10.0,,23,,1.0909,0.19426,,,1.3115,0,,0,0,1,13,13,0,13.0,159680.0
192.0,75,100,80,0.0,40.644,63.765,9.1721,150,0.9,-4000,0.0016743,12.436,29.137,72402,79841.0,6.5124,297.97,289.71,1.362,10.0,2193.3,23,2066.3,1.0675,0.19446,29.038,21.939,1.2996,0,73.546,0,0,1,13,13,0,13.0,160630.0
192.2,75,100,80,0.0,36.209,32.419,0.91721,150,0.9,0,0.0015979,12.459,29.161,72451,79898.0,6.4993,297.89,260.31,1.3585,10.0,,23,,1.0489,0.19461,,,1.2962,0,,0,0,1,13,13,0,13.0,161080.0
192.4,75,100,80,0.0,37.126,9.7257,56.918,150,0.9,0,0.0015598,12.492,29.185,72500,79956.0,6.4882,297.97,288.49,1.3587,10.0,,23,,1.0251,0.19478,,,1.2963,0,,0,0,1,13,13,0,13.0,161030.0
192.6,75,100,80,0.0,42.37,33.968,5.6918,150,0.9,0,0.0015467,12.513,29.209,72550,80015.0,6.4822,297.89,262.12,1.359,10.0,,23,,1.0193,0.19483,,,1.2966,0,,0,0,1,13,13,0,13.0,161810.0
192.8,75,100,80,0.0,49.997,10.19,98.547,150,0.9,0,0.0015802,12.523,29.232,72601,80075.0,6.4829,298.08,326.82,1.3593,10.0,,23,,1.0183,0.19483,,,1.2969,0,,0,0,1,13,13,0,13.0,160580.0
193.0,75,100,80,0.0,57.342,70.6,9.8547,150,0.9,0,0.0016572,12.52,29.255,72654,80137.0,6.4889,297.98,294.53,1.3596,10.0,,23,,1.0189,0.19483,,,1.2972,0,,0,0,1,13,13,0,13.0,161030.0
193.2,75,100,80,0.0,62.28,40.208,0.98547,150,0.9,0,0.001652,12.533,29.278,72708,80200.0,6.4987,297.89,262.54,1.36,10.0,,23,,1.0223,0.1948,,,1.2976,0,,0,0,1,13,13,0,13.0,160470.0
193.4,75,100,80,0.0,63.298,12.062,65.98,150,0.9,0,0.0016575,12.537,29.301,72762,80263.0,6.5085,297.99,297.07,1.3603,10.0,,23,,1.0205,0.19482,,,1.2979,0,,0,0,1,13,13,0,13.0,160240.0
193.6,75,100,80,0.0,60.436,42.771,6.598,150,0.9,0,0.0016201,12.544,29.324,72815,80326.0,6.5183,297.91,269.67,1.3607,10.0,,23,,1.0203,0.19482,,,1.2982,0,,0,0,1,13,13,0,13.0,161350.0
193.8,75,100,80,0.0,53.629,12.831,108.25,150,0.9,0,0.0016723,12.497,29.347,72867,80387.0,6.5238,298.12,342.84,1.361,10.0,,23,,1.0377,0.19469,,,1.2986,0,,0,0,1,13,13,0,13.0,161960.0
194.0,75,100,80,0.0,44.644,82.181,10.825,150,0.9,0,0.0017369,12.425,29.372,72918,80447.0,6.5214,298.03,311.55,1.3614,10.0,,23,,1.0708,0.19444,,,1.2989,0,,0,0,1,13,13,0,13.0,160910.0
194.2,75,100,80,0.0,36.62,54.415,1.0825,150,0.9,0,0.0017911,12.377,29.397,72966,80505.0,6.5113,297.94,280.02,1.3618,10.0,,23,,1.0891,0.1943,,,1.2993,0,,0,0,1,13,13,0,13.0,161870.0
194.4,75,100,80,0.0,32.645,16.324,70.46,150,0.9,0,0.0017696,12.368,29.422,73014,80562.0,6.4956,298.06,321.15,1.3622,10.0,,23,,1.095,0.19425,,,1.2997,0,,0,0,1,13,13,0,13.0,162650.0
194.6,75,100,80,0.0,34.941,55.259,7.046,150,0.9,0,0.0016773,12.411,29.446,73063,80619.0,6.485,297.98,293.07,1.3626,10.0,,23,,1.0841,0.19433,,,1.3001,0,,0,0,1,13,13,0,13.0,161600.0
194.8,75,100,80,0.0,41.464,29.076,0.7046,150,0.9,0,0.0016833,12.444,29.47,73112,80678.0,6.4811,297.9,265.59,1.3629,10.0,,23,,1.0658,0.19447,,,1.3004,0,,0,0,1,13,13,0,13.0,161210.0
195.0,75,100,80,0.0,49.542,8.7228,52.126,150,0.9,0,0.0016863,12.476,29.493,73164,80739.0,6.4854,297.97,289.7,1.3633,10.0,,23,,1.0553,0.19455,,,1.3008,0,,0,0,1,13,13,0,13.0,161660.0
195.2,75,100,80,0.0,55.895,29.267,5.2126,150,0.9,0,0.0016718,12.516,29.515,73216,80800.0,6.4947,297.9,264.53,1.3637,10.0,,23,,1.0346,0.1947,,,1.3011,0,,0,0,1,13,13,0,13.0,162600.0
195.4,75,100,80,0.0,58.516,8.7802,88.007,150,0.9,0,0.0016219,12.553,29.537,73269,80862.0,6.505,298.05,319.21,1.364,10.0,,23,,1.0187,0.19482,,,1.3014,0,,0,0,1,13,13,0,13.0,162030.0
195.6,75,100,80,0.0,57.022,59.051,8.8007,150,0.9,0,0.0016991,12.516,29.56,73322,80924.0,6.512,297.96,287.47,1.3644,10.0,,23,,1.0286,0.19475,,,1.3018,0,,0,0,1,13,13,0,13.0,162970.0
195.8,75,100,80,0.0,52.754,28.879,0.88007,150,0.9,0,0.0017882,12.452,29.583,73374,80985.0,6.5124,297.88,259.2,1.3647,10.0,,23,,1.0628,0.19449,,,1.3021,0,,0,0,1,13,13,0,13.0,162580.0
196.0,75,100,80,0.0,48.327,8.6636,53.576,150,0.9,0,0.0017627,12.431,29.607,73425,81046.0,6.5084,297.96,285.35,1.3651,10.0,,23,,1.0829,0.19434,,,1.3025,0,,0,0,1,13,13,0,13.0,162030.0
196.2,75,100,80,0.0,45.505,30.46,5.3576,150,0.9,0,0.0018282,12.386,29.631,73475,81106.0,6.4995,297.89,261.53,1.3655,10.0,,23,,1.108,0.19415,,,1.3029,0,,0,0,1,13,13,0,13.0,163310.0
196.4,75,100,80,0.0,46.223,9.1381,91.015,150,0.9,0,0.0017708,12.407,29.655,73526,81166.0,6.4941,298.06,321.62,1.3659,10.0,,23,,1.1041,0.19418,,,1.3033,0,,0,0,1,13,13,0,13.0,162920.0
196.6,75,100,80,0.0,49.108,64.152,9.1015,150,0.9,0,0.0017818,12.406,29.678,73577,81226.0,6.4917,297.97,290.21,1.3663,10.0,,23,,1.1067,0.19416,,,1.3037,0,,0,0,1,13,13,0,13.0,162200.0
196.8,75,100,80,0.0,52.936,34.542,0.91015,150,0.9,0,0.0017437,12.442,29.701,73629,81287.0,6.4934,297.89,260.43,1.3667,10.0,,23,,1.0941,0.19425,,,1.304,0,,0,0,1,13,13,0,13.0,162810.0
197.0,75,100,80,0.0,56.091,10.363,59.998,150,0.9,0,0.0017091,12.459,29.724,73681,81349.0,6.4981,297.97,290.6,1.3671,10.0,,23,,1.0956,0.19424,,,1.3044,0,,0,0,1,13,13,0,13.0,162920.0
197.2,75,100,80,0.0,57.368,36.149,5.9998,150,0.9,0,0.0017556,12.454,29.746,73734,81411.0,6.5019,297.9,264.82,1.3675,10.0,,23,,1.0935,0.19425,,,1.3048,0,,0,0,1,13,13,0,13.0,163190.0
197.4,75,100,80,0.0,57.126,10.845,99.161,150,0.9,0,0.0017405,12.465,29.769,73787,81473.0,6.5072,298.08,330.19,1.3679,10.0,,23,,1.0922,0.19426,,,1.3051,0,,0,0,1,13,13,0,13.0,163460.0
197.6,75,100,80,0.0,54.766,71.169,9.9161,150,0.9,0,0.0017434,12.458,29.791,73839,81535.0,6.5084,297.99,297.04,1.3682,10.0,,23,,1.094,0.19425,,,1.3055,0,,0,0,1,13,13,0,13.0,163230.0
197.8,75,100,80,0.0,51.947,40.774,0.99161,150,0.9,0,0.001744,12.446,29.814,73891,81596.0,6.5105,297.9,265.71,1.3686,10.0,,23,,1.0978,0.19422,,,1.3058,0,,0,0,1,13,13,0,13.0,163010.0
198.0,75,100,80,0.0,48.25,12.232,63.28,150,0.9,0,0.001761,12.438,29.837,73942,81656.0,6.5087,298.0,299.37,1.369,10.0,,23,,1.0947,0.19424,,,1.3062,0,,0,0,1,13,13,0,13.0,163790.0
198.2,75,100,80,0.0,45.312,41.892,6.328,150,0.9,0,0.001672,12.466,29.86,73992,81715.0,6.5037,297.92,270.92,1.3693,10.0,,23,,1.0837,0.19432,,,1.3065,0,,0,0,1,13,13,0,13.0,164230.0
198.4,75,100,80,0.0,44.354,12.568,105.96,150,0.9,0,0.0016488,12.484,29.882,74042,81775.0,6.4989,298.12,341.69,1.3696,10.0,,23,,1.0666,0.19445,,,1.3068,0,,0,0,1,13,13,0,13.0,163670.0
198.6,75,100,80,0.0,45.307,78.6,10.596,150,0.9,0,0.0016833,12.469,29.905,74092,81834.0,6.4977,298.01,305.27,1.37,10.0,,23,,1.0739,0.1944,,,1.3071,0,,0,0,1,13,13,0,13.0,164270.0
198.8,75,100,80,0.0,46.753,46.233,1.0596,150,0.9,0,0.0017394,12.459,29.928,74143,81894.0,6.4978,297.92,272.51,1.3703,10.0,,23,,1.0718,0.19441,,,1.3075,0,,0,0,1,13,13,0,13.0,163880.0
199.0,75,100,80,0.0,48.156,13.87,63.758,150,0.9,0,0.0018282,12.431,29.951,74194,81954.0,6.4983,298.02,306.88,1.3707,10.0,,23,,1.0816,0.19434,,,1.3079,0,,0,0,1,13,13,0,13.0,165320.0
199.2,75,100,80,0.0,49.353,44.855,6.3758,150,0.9,0,0.0017891,12.462,29.973,74245,82015.0,6.5003,297.95,281.08,1.3711,10.0,,23,,1.0664,0.19445,,,1.3082,0,,0,0,1,13,13,0,13.0,164760.0
199.4,75,100,80,0.0,49.731,13.457,101.29,150,0.9,0,0.0018619,12.443,29.996,74296,82076.0,6.501,298.14,349.58,1.3715,10.0,,23,,1.0679,0.19444,,,1.3086,0,,0,0,1,13,13,0,13.0,164870.0
199.6,75,100,80,0.0,49.862,78.079,10.129,150,0.9,0,0.0019214,12.443,30.019,74347,82136.0,6.5005,298.06,320.85,1.3719,10.0,,23,,1.0545,0.19454,,,1.309,0,,0,0,1,13,13,0,13.0,164980.0
199.8,75,100,80,0.0,50.198,54.125,1.0129,150,0.9,0,0.0019411,12.437,30.042,74399,82197.0,6.5016,297.97,289.98,1.3724,10.0,,23,,1.0528,0.19455,,,1.3095,0,,0,0,1,13,13,0,13.0,165590.0
200.0,75,100,80,0.0,50.089,27.143,0.10129,150,0.9,0,0.0019918,12.43,30.064,74450,82258.0,6.5009,297.9,265.23,1.3728,10.0,,23,,1.0473,0.19459,,,1.3099,0,,0,0,1,13,13,0,13.0,163860.0
200.2,65,100,80,0.0,50.244,8.143,45.818,250,0.9,0,0.002001,12.504,30.08,74520,82338.0,6.5005,297.94,278.88,1.5652,4.0,,23,,1.0319,0.19313,,,1.295,0,,0,0,1,13,13,0,13.0,164430.0
200.4,65,100,80,0.0,50.554,2.4429,0.0001,250,0.9,0,0.0019313,12.536,30.095,74590,82418.0,6.5026,297.87,252.74,1.579,4.0,,23,,1.0403,0.19304,,,1.3066,0,,0,0,1,13,13,0,13.0,164340.0
200.6,65,100,80,0.0,50.009,0.73287,60.263,250,0.9,0,0.0020223,12.501,30.11,74660,82497.0,6.504,297.95,281.27,1.5805,4.0,,23,,1.0573,0.19288,,,1.3078,0,,0,0,1,13,13,0,13.0,165240.0
200.8,65,100,80,0.0,48.915,0.21986,0.0001,250,0.9,0,0.0021235,12.464,30.124,74730,82577.0,6.5046,297.88,255.56,1.5812,4.0,,23,,1.0764,0.19272,,,1.3083,0,,0,0,1,13,13,0,13.0,165480.0
201.0,65,100,80,0.0,47.617,0.065958,66.39,250,0.9,0,0.0020611,12.492,30.139,74800,82656.0,6.5034,297.97,289.66,1.5818,4.0,,23,,1.0688,0.19278,,,1.3088,0,,0,0,1,13,13,0,13.0,164720.0
201.2,65,100,80,0.0,46.772,28.614,6.639,250,0.9,0,0.0020824,12.488,30.154,74869,82735.0,6.5015,297.9,263.57,1.5824,4.0,,23,,1.0659,0.19281,,,1.3093,0,,0,0,1,13,13,0,13.0,165120.0
201.4,65,100,80,0.0,46.688,8.5842,94.434,250,0.9,0,0.0021828,12.465,30.168,74938,82815.0,6.4998,298.06,320.7,1.583,4.0,,23,,1.0743,0.19273,,,1.3098,0,,0,0,1,13,13,0,13.0,166360.0
201.6,65,100,80,0.0,47.286,59.947,9.4434,250,0.9,0,0.0021338,12.464,30.183,75008,82894.0,6.5013,297.97,291.15,1.5836,4.0,,23,,1.0864,0.19263,,,1.3104,0,,0,0,1,13,13,0,13.0,164760.0
201.8,65,100,80,0.0,47.283,32.635,0.94434,250,0.9,0,0.0021062,12.474,30.197,75077,82973.0,6.5044,297.89,260.07,1.5843,4.0,,23,,1.0874,0.19262,,,1.3109,0,,0,0,1,13,13,0,13.0,165820.0
202.0,65,100,80,0.0,46.049,9.7905,60.285,250,0.9,0,0.0021096,12.476,30.211,75146,83052.0,6.5059,297.96,286.61,1.5849,4.0,,23,,1.0872,0.19262,,,1.3114,0,,0,0,1,13,13,0,13.0,165220.0
202.2,65,100,80,0.0,44.22,31.566,6.0285,250,0.9,0,0.0021002,12.468,30.225,75215,83131.0,6.5081,297.89,259.98,1.5855,4.0,,23,,1.0943,0.19255,,,1.3119,0,,0,0,1,13,13,0,13.0,164620.0
202.4,65,100,80,0.0,41.496,9.4697,94.32,250,0.9,0,0.0020538,12.469,30.24,75284,83209.0,6.5091,298.05,317.14,1.5861,4.0,,23,,1.0996,0.19251,,,1.3124,0,,0,0,1,13,13,0,13.0,165860.0
202.6,65,100,80,0.0,38.379,60.254,9.432,250,0.9,0,0.0020066,12.481,30.254,75351,83287.0,6.5069,297.97,288.66,1.5867,4.0,,23,,1.0917,0.19257,,,1.3129,0,,0,0,1,13,13,0,13.0,164760.0
202.8,65,100,80,0.0,36.138,33.707,0.9432,250,0.9,0,0.0020646,12.453,30.269,75418,83364.0,6.5022,297.88,258.57,1.5873,4.0,,23,,1.1052,0.19246,,,1.3134,0,,0,0,1,13,13,0,13.0,166500.0
203.0,65,100,80,0.0,35.768,10.112,62.019,250,0.9,0,0.0020012,12.48,30.284,75485,83441.0,6.4969,297.96,287.14,1.5879,4.0,,23,,1.095,0.19254,,,1.3139,0,,0,0,1,13,13,0,13.0,166230.0
203.2,65,100,80,0.0,37.52,33.533,6.2019,250,0.9,0,0.0020187,12.468,30.298,75553,83518.0,6.4939,297.89,260.91,1.5885,4.0,,23,,1.1083,0.19243,,,1.3144,0,,0,0,1,13,13,0,13.0,166470.0
203.4,65,100,80,0.0,40.483,10.06,96.593,250,0.9,0,0.0019777,12.499,30.313,75621,83596.0,6.4936,298.05,319.8,1.5891,4.0,,23,,1.0992,0.1925,,,1.3149,0,,0,0,1,13,13,0,13.0,166540.0
203.6,65,100,80,0.0,43.561,62.325,9.6593,250,0.9,0,0.0020203,12.49,30.327,75690,83674.0,6.4985,297.97,289.73,1.5897,4.0,,23,,1.1078,0.19243,,,1.3154,0,,0,0,1,13,13,0,13.0,166270.0
203.8,65,100,80,0.0,44.649,34.62,0.96593,250,0.9,0,0.002066,12.473,30.341,75758,83753.0,6.5035,297.88,257.41,1.5903,4.0,,23,,1.1231,0.19229,,,1.3159,0,,0,0,1,13,13,0,13.0,166840.0
204.0,65,100,80,0.0,43.754,10.386,64.225,250,0.9,0,0.0021037,12.457,30.355,75827,83832.0,6.5077,297.96,287.4,1.5909,4.0,2219.4,23,2116.9,1.135,0.19219,30.298,21.801,1.3164,0,73.677,0,0,1,13,13,0,13.0,165740.0
204.2,65,100,80,0.0,41.197,34.965,6.4225,250,0.9,0,0.0020305,12.465,30.369,75895,83910.0,6.5095,297.89,260.19,1.5915,4.0,,23,,1.1417,0.19213,,,1.3169,0,,0,0,1,13,13,0,13.0,166800.0
204.4,65,100,80,0.0,37.924,10.489,99.967,250,0.9,0,0.0021765,12.398,30.383,75963,83987.0,6.5057,298.06,323.42,1.5922,4.0,,23,,1.1717,0.19187,,,1.3175,0,,0,0,1,13,13,0,13.0,166530.0
204.6,65,100,80,0.0,36.169,66.554,9.9967,250,0.9,0,0.0021383,12.4,30.397,76030,84065.0,6.5006,297.98,295.07,1.5928,4.0,,23,,1.1792,0.1918,,,1.318,0,,0,0,1,13,13,0,13.0,166600.0
204.8,65,100,80,0.0,36.451,40.874,0.99967,250,0.9,0,0.0021215,12.405,30.411,76097,84142.0,6.4974,297.9,263.29,1.5935,4.0,,23,,1.1783,0.19181,,,1.3186,0,,0,0,1,13,13,0,13.0,166170.0
205.0,65,100,80,0.0,38.008,12.262,67.904,250,0.9,0,0.0021604,12.406,30.424,76165,84219.0,6.4967,297.99,297.42,1.5942,4.0,,23,,1.1767,0.19182,,,1.3191,0,,0,0,1,13,13,0,13.0,167400.0
205.2,65,100,80,0.0,39.856,41.2,6.7904,250,0.9,0,0.002111,12.433,30.438,76232,84297.0,6.4966,297.92,270.53,1.5949,4.0,,23,,1.1684,0.19189,,,1.3197,0,,0,0,1,13,13,0,13.0,166790.0
205.4,65,100,80,0.0,41.745,12.36,102.86,250,0.9,0,0.0020572,12.468,30.451,76301,84376.0,6.4996,298.09,334.95,1.5955,4.0,,23,,1.1602,0.19196,,,1.3202,0,,0,0,1,13,13,0,13.0,165860.0
205.6,65,100,80,0.0,42.412,70.337,10.286,250,0.9,0,0.0020086,12.495,30.464,76369,84454.0,6.5034,298.01,305.45,1.5961,4.0,,23,,1.1482,0.19207,,,1.3207,0,,0,0,1,13,13,0,13.0,166590.0
205.8,65,100,80,0.0,41.589,44.839,1.0286,250,0.9,0,0.0019383,12.515,30.478,76437,84532.0,6.5062,297.92,272.56,1.5967,4.0,,23,,1.1392,0.19214,,,1.3212,0,,0,0,1,13,13,0,13.0,166820.0
206.0,65,100,80,0.0,39.613,13.452,66.844,250,0.9,0,0.0019687,12.511,30.491,76505,84610.0,6.5057,298.01,304.18,1.5973,4.0,,23,,1.1384,0.19215,,,1.3217,0,,0,0,1,13,13,0,13.0,166210.0
206.2,65,100,80,0.0,37.88,40.873,6.6844,250,0.9,0,0.0020076,12.486,30.505,76572,84687.0,6.5019,297.94,276.74,1.5979,4.0,,23,,1.1517,0.19203,,,1.3222,0,,0,0,1,13,13,0,13.0,166610.0
206.4,65,100,80,0.0,37.642,12.262,97.638,250,0.9,0,0.0020486,12.486,30.518,76640,84764.0,6.4976,298.1,336.59,1.5985,4.0,,23,,1.1486,0.19206,,,1.3227,0,,0,0,1,13,13,0,13.0,167170.0
206.6,65,100,80,0.0,39.132,66.348,9.7638,250,0.9,0,0.0020311,12.498,30.532,76707,84842.0,6.4944,298.02,308.15,1.5991,4.0,,23,,1.1462,0.19208,,,1.3232,0,,0,0,1,13,13,0,13.0,166900.0
206.8,65,100,80,0.0,41.87,42.216,0.97638,250,0.9,0,0.0020259,12.513,30.545,76776,84920.0,6.4961,297.93,275.52,1.5997,4.0,,23,,1.1419,0.19211,,,1.3237,0,,0,0,1,13,13,0,13.0,166300.0
207.0,65,100,80,0.0,43.934,12.665,63.037,250,0.9,0,0.0019562,12.547,30.558,76844,84999.0,6.4998,298.01,303.56,1.6003,4.0,,23,,1.1324,0.19219,,,1.3242,0,,0,0,1,13,13,0,13.0,167030.0
207.2,65,100,80,0.0,44.51,36.927,6.3037,250,0.9,0,0.0020644,12.509,30.571,76913,85078.0,6.5031,297.93,276.41,1.6009,4.0,,23,,1.1448,0.19209,,,1.3247,0,,0,0,1,13,13,0,13.0,166590.0
207.4,65,100,80,0.0,43.783,11.078,90.968,250,0.9,0,0.0021546,12.459,30.583,76981,85157.0,6.5049,298.08,331.12,1.6016,4.0,,23,,1.1773,0.1918,,,1.3253,0,,0,0,1,13,13,0,13.0,166810.0
207.6,65,100,80,0.0,42.359,60.093,9.0968,250,0.9,0,0.0021465,12.451,30.596,77050,85235.0,6.5043,298.01,303.26,1.6023,4.0,,23,,1.1846,0.19174,,,1.3259,0,,0,0,1,13,13,0,13.0,167710.0
207.8,65,100,80,0.0,41.178,36.158,0.90968,250,0.9,0,0.0021728,12.422,30.609,77118,85313.0,6.5017,297.93,273.68,1.603,4.0,,23,,1.2033,0.19157,,,1.3265,0,,0,0,1,13,13,0,13.0,167100.0
208.0,65,100,80,0.0,41.01,10.848,55.815,250,0.9,0,0.0022568,12.402,30.622,77186,85392.0,6.4972,297.99,298.39,1.6038,4.0,,23,,1.2124,0.19149,,,1.3271,0,,0,0,1,13,13,0,13.0,167160.0
208.2,65,100,80,0.0,42.637,31.661,5.5815,250,0.9,0,0.0022963,12.38,30.635,77254,85471.0,6.4943,297.93,273.45,1.6046,4.0,,23,,1.234,0.1913,,,1.3278,0,,0,0,1,13,13,0,13.0,167390.0
208.4,65,100,80,0.0,45.423,9.4982,83.032,250,0.9,0,0.0022312,12.403,30.647,77323,85550.0,6.4942,298.06,322.37,1.6053,4.0,,23,,1.2339,0.1913,,,1.3284,0,,0,0,1,13,13,0,13.0,167940.0
208.6,65,100,80,0.0,48.254,52.588,8.3032,250,0.9,0,0.0021759,12.441,30.659,77392,85630.0,6.4976,297.98,294.96,1.6061,4.0,,23,,1.2185,0.19143,,,1.329,0,,0,0,1,13,13,0,13.0,167000.0
208.8,65,100,80,0.0,49.712,28.409,0.83032,250,0.9,0,0.0021532,12.458,30.671,77462,85710.0,6.5023,297.91,265.62,1.6068,4.0,,23,,1.213,0.19148,,,1.3297,0,,0,0,1,13,13,0,13.0,168060.0
209.0,65,100,80,0.0,49.294,8.5228,52.433,250,0.9,0,0.0020832,12.491,30.684,77532,85790.0,6.5044,297.96,286.13,1.6075,4.0,,23,,1.1944,0.19164,,,1.3302,0,,0,0,1,13,13,0,13.0,168290.0
209.2,65,100,80,0.0,48.056,24.549,5.2433,250,0.9,0,0.0020577,12.493,30.697,77601,85869.0,6.5059,297.89,260.77,1.6082,4.0,,23,,1.1945,0.19164,,,1.3308,0,,0,0,1,13,13,0,13.0,167850.0
209.4,65,100,80,0.0,46.209,7.3647,80.046,250,0.9,0,0.0021352,12.45,30.71,77670,85949.0,6.5053,298.02,307.04,1.6089,4.0,,23,,1.2141,0.19147,,,1.3314,0,,0,0,1,13,13,0,13.0,168070.0
209.6,65,100,80,0.0,44.616,46.552,8.0046,250,0.9,0,0.0020985,12.453,30.723,77739,86028.0,6.5032,297.95,280.34,1.6096,4.0,,23,,1.2216,0.1914,,,1.332,0,,0,0,1,13,13,0,13.0,167800.0
209.8,65,100,80,0.0,43.87,13.966,109.8,250,0.9,0,0.0020824,12.447,30.737,77807,86107.0,6.5002,298.14,351.42,1.6103,4.0,,23,,1.2302,0.19132,,,1.3326,0,,0,0,1,13,13,0,13.0,168030.0
210.0,65,100,80,0.0,44.33,77.907,10.98,250,0.9,0,0.0020286,12.455,30.751,77876,86186.0,6.4966,298.05,319.21,1.611,4.0,,23,,1.2329,0.1913,,,1.3331,0,,0,0,1,13,13,0,13.0,167770.0
210.2,65,100,80,0.0,46.221,51.92,1.098,250,0.9,-4000,0.0021985,12.425,30.764,77250,85465.0,6.5218,297.96,285.07,1.6027,4.0,,23,,1.2334,0.19131,,,1.3262,0,,0,0,1,13,13,0,13.0,168990.0
210.4,65,100,80,0.0,37.926,22.884,0.1098,250,0.9,-4000,0.0022913,12.374,30.777,76624,84743.0,6.538,297.88,257.1,1.5898,4.0,,23,,1.2375,0.1913,,,1.3155,0,,0,0,1,13,13,0,13.0,167560.0
210.6,65,100,80,0.0,23.271,6.8651,46.193,250,0.9,-4000,0.0023536,12.316,30.791,75994,84018.0,6.5369,297.93,276.31,1.5765,4.0,,23,,1.2338,0.19136,,,1.3045,0,,0,0,1,13,13,0,13.0,168290.0
210.8,65,100,80,0.0,9.1043,2.0595,0.0001,250,0.9,-4000,0.0023363,12.274,30.805,75362,83291.0,6.5169,297.88,256.17,1.5633,4.0,,23,,1.2339,0.19138,,,1.2934,0,,0,0,1,13,13,0,13.0,168520.0
211.0,65,100,80,0.0,2.9256,0.61786,55.814,250,0.9,-4000,0.002313,12.253,30.819,74728,82562.0,6.4896,297.96,286.94,1.55,4.0,,23,,1.2317,0.19143,,,1.2824,0,,0,0,1,13,13,0,13.0,167760.0
211.2,65,100,80,0.0,7.6242,25.878,5.5814,250,0.9,-4000,0.0022942,12.283,30.833,74096,81833.0,6.4705,297.91,265.65,1.5367,4.0,,23,,1.2043,0.19169,,,1.2714,0,,0,0,1,13,13,0,13.0,168820.0
211.4,65,100,80,0.0,19.905,7.7635,83.944,250,0.9,-4000,0.002357,12.312,30.845,73466,81108.0,6.4682,298.05,318.37,1.5234,4.0,,23,,1.1852,0.19189,,,1.2603,0,,0,0,1,13,13,0,13.0,168050.0
211.6,65,100,80,0.0,33.082,55.826,8.3944,250,0.9,-4000,0.002484,12.351,30.855,72838,80385.0,6.4808,297.98,291.16,1.5102,4.0,,23,,1.1506,0.19221,,,1.2494,0,,0,0,1,13,13,0,13.0,169260.0
211.8,65,100,80,0.0,41.226,30.084,0.83944,250,0.9,-4000,0.0025902,12.371,30.863,72213,79664.0,6.5039,297.9,262.89,1.4971,4.0,,23,,1.1288,0.19243,,,1.2384,0,,0,0,1,13,13,0,13.0,168790.0
212.0,65,100,80,0.0,40.14,9.0253,55.987,250,0.9,-4000,0.0026014,12.37,30.87,71587,78942.0,6.5262,297.97,289.32,1.4839,4.0,,23,,1.1175,0.19255,,,1.2275,0,,0,0,1,13,13,0,13.0,168330.0
212.2,65,100,80,0.0,30.165,32.031,5.5987,250,0.9,0,0.0026358,12.326,30.877,71653,79019.0,6.5086,297.91,267.26,1.4801,4.0,,23,,1.1199,0.19254,,,1.2244,0,,0,0,1,13,13,0,13.0,169020.0
212.4,65,100,80,0.0,27.384,9.6092,88.734,250,0.9,0,0.002446,12.349,30.886,71719,79095.0,6.489,298.07,324.07,1.4808,4.0,,23,,1.1129,0.1926,,,1.2249,0,,0,0,1,13,13,0,13.0,169400.0
212.6,65,100,80,0.0,32.304,63.378,8.8734,250,0.9,0,0.0023485,12.38,30.896,71786,79172.0,6.4778,298.0,299.08,1.4816,4.0,,23,,1.1063,0.19265,,,1.2256,0,,0,0,1,13,13,0,13.0,168940.0
212.8,65,100,80,0.0,41.669,39.908,0.88734,250,0.9,0,0.0022926,12.413,30.906,71854,79251.0,6.478,297.92,271.24,1.4825,4.0,,23,,1.1038,0.19267,,,1.2263,0,,0,0,1,13,13,0,13.0,168160.0
213.0,65,100,80,0.0,50.949,11.972,62.062,250,0.9,0,0.0022405,12.472,30.915,71925,79332.0,6.4888,298.01,301.14,1.4833,4.0,,23,,1.0872,0.19282,,,1.227,0,,0,0,1,13,13,0,13.0,169360.0
213.2,65,100,80,0.0,55.914,39.329,6.2062,250,0.9,0,0.0022189,12.49,30.923,71996,79413.0,6.5026,297.93,275.23,1.4841,4.0,,23,,1.0878,0.19281,,,1.2277,0,,0,0,1,13,13,0,13.0,169070.0
213.4,65,100,80,0.0,55.393,11.799,97.098,250,0.9,0,0.0021647,12.503,30.931,72068,79495.0,6.5158,298.1,335.25,1.4849,4.0,,23,,1.0875,0.19281,,,1.2283,0,,0,0,1,13,13,0,13.0,168610.0
213.6,65,100,80,0.0,49.6,69.436,9.7098,250,0.9,0,0.0021333,12.495,30.941,72138,79575.0,6.5239,298.03,308.49,1.4857,4.0,,23,,1.0889,0.1928,,,1.229,0,,0,0,1,13,13,0,13.0,168820.0
213.8,65,100,80,0.0,40.567,45.462,0.97098,250,0.9,0,0.0022701,12.421,30.95,72206,79654.0,6.5223,297.94,279.03,1.4865,4.0,,23,,1.1106,0.19261,,,1.2297,0,,0,0,1,13,13,0,13.0,169360.0
214.0,65,100,80,0.0,32.18,13.639,63.17,250,0.9,0,0.0021115,12.444,30.961,72273,79730.0,6.5125,298.03,310.5,1.4873,4.0,,23,,1.1035,0.19267,,,1.2303,0,,0,0,1,13,13,0,13.0,168080.0
214.2,65,100,80,0.0,27.714,43.31,6.317,250,0.9,0,0.0019841,12.452,30.973,72339,79806.0,6.4975,297.96,285.07,1.488,4.0,,23,,1.1154,0.19256,,,1.2309,0,,0,0,1,13,13,0,13.0,169130.0
214.4,65,100,80,0.0,29.242,18.668,0.6317,250,0.9,0,0.0019809,12.462,30.985,72405,79882.0,6.4853,297.88,258.52,1.4887,4.0,,23,,1.1086,0.19262,,,1.2315,0,,0,0,1,13,13,0,13.0,169690.0
214.6,65,100,80,0.0,35.647,5.6004,46.543,250,0.9,0,0.0018998,12.547,30.996,72472,79960.0,6.483,297.93,274.67,1.4894,4.0,,23,,1.0697,0.19296,,,1.232,0,,0,0,1,13,13,0,13.0,169240.0
214.8,65,100,80,0.0,42.922,1.6801,0.0001,250,0.9,0,0.0018876,12.591,31.006,72541,80038.0,6.4888,297.86,249.23,1.49,4.0,,23,,1.0481,0.19314,,,1.2325,0,,0,0,1,13,13,0,13.0,169620.0
215.0,65,100,80,0.0,47.899,0.50403,63.69,250,0.9,0,0.0018347,12.633,31.017,72611,80118.0,6.4986,297.95,281.34,1.4906,4.0,,23,,1.0356,0.19325,,,1.233,0,,0,0,1,13,13,0,13.0,169670.0
215.2,65,100,80,0.0,48.954,0.15121,0.0001,250,0.9,0,0.0018047,12.657,31.027,72681,80198.0,6.5079,297.88,256.1,1.4912,4.0,,23,,1.0281,0.19331,,,1.2335,0,,0,0,1,13,13,0,13.0,168720.0
215.4,65,100,80,0.0,46.319,0.045363,69.4,250,0.9,0,0.0018612,12.628,31.037,72750,80277.0,6.514,297.98,293.29,1.4918,4.0,,23,,1.0401,0.19321,,,1.234,0,,0,0,1,13,13,0,13.0,169100.0
215.6,65,100,80,0.0,41.268,32.586,6.94,250,0.9,0,0.0018782,12.613,31.047,72819,80355.0,6.5142,297.91,267.87,1.4924,4.0,,23,,1.0415,0.19319,,,1.2345,0,,0,0,1,13,13,0,13.0,170310.0
215.8,65,100,80,0.0,36.118,9.7759,98.801,250,0.9,0,0.001813,12.626,31.057,72886,80433.0,6.5086,298.09,329.28,1.493,4.0,,23,,1.0387,0.19322,,,1.235,0,,0,0,1,13,13,0,13.0,168860.0
216.0,65,100,80,0.0,33.221,67.314,9.8801,250,0.9,0,0.0018603,12.597,31.068,72953,80509.0,6.498,298.0,300.04,1.4936,4.0,1933.3,23,2074.8,1.0478,0.19314,31.027,21.709,1.2355,0,69.761,0,0,1,13,13,0,13.0,169410.0
