time,aeration_rate,agitator,sugar_feed_rate,acid_flow_rate,base_flow_rate,heating/cooling_water_flow_rate,heating_water_flow_rate,water_for_injection/dilution,air_head_pressure,dumped_broth_flow,substrate_concentration,dissolved_oxygen_concentration,penicillin_concentration,vessel_volume,vessel_weight,pH,temperature,generated_heat,CO2_percent_in_off_gas,PAA_flow,PAA_concentration,oil_flow,NH3_concentration,oxygen_uptake_rate,oxygen_in_percent_in_off_gas,offline_penicillin_concentration,offline_biomass_concentration,carbon_evolution_rate,ammonia_shots,viscosity,Fault reference(Fault_ref:Fault ref),0 - Recipe driven 1 - Operator controlled(Control_ref:Control ref),1- No Raman spec, 1-Raman spec recorded,2-PAT control(PAT_ref:PAT ref),Batch reference(Batch_ref:Batch ref),experiment_ID,Fault flag
0.2,30,100,8,0.0,64.536,0.0001,229.57,0,0.6,0,0.9683,14.635,0.001,57649,61550.0,6.3887,297.67,217.72,0.093182,5.0,,22,,0.0083103,0.20484,,,0.03544,0,,0,0,2,78,78,0,78.0,0.0
0.4,30,100,8,0.0,109.08,0.0001,65.364,0,0.6,0,1.0057,14.621,0.00099915,57669,61574.0,6.456,297.9,276.78,0.1065,5.0,,22,,-0.028804,0.20551,,,0.040508,0,,0,0,2,78,78,0,78.0,0.0
0.6,30,100,8,0.0,126.96,0.0001,0.0001,0,0.6,0,1.0407,14.598,0.00099824,57691,61601.0,6.5222,297.89,274.65,0.11109,5.0,,22,,-0.028557,0.20549,,,0.042253,0,,0,0,2,78,78,0,78.0,0.0
0.8,30,100,8,0.0,118.62,0.0001,80.512,0,0.6,0,1.0742,14.563,0.00099737,57712,61627.0,6.5846,298.17,348.79,0.11397,5.0,,22,,-0.014152,0.20522,,,0.043348,0,,0,0,2,78,78,0,78.0,0.0
1.0,30,100,8,0.51508,59.31,92.209,8.0512,0,0.6,0,1.1059,14.534,0.0009967,57722,61641.0,6.6274,298.08,326.22,0.11658,5.0,1509.3,22,1752.8,0.00049388,0.20494,0.001,0.57088,0.044343,0,4.0852,0,0,2,78,78,0,78.0,0.0
1.2,30,100,8,1.0325,29.655,67.055,0.80512,0,0.6,0,1.1353,14.508,0.00099613,57725,61649.0,6.6394,298.01,306.52,0.11924,5.0,,22,,0.012762,0.20471,,,0.045355,0,,0,0,2,78,78,0,78.0,0.0
1.4,30,100,8,1.5529,14.827,45.175,0.080512,0,0.6,0,1.1621,14.488,0.00099561,57726,61654.0,6.627,297.96,294.51,0.12201,5.0,,22,,0.021944,0.20453,,,0.046409,0,,0,0,2,78,78,0,78.0,0.0
1.6,30,100,8,2.0749,7.4137,30.421,0.0080512,0,0.6,0,1.1863,14.463,0.00099512,57725,61658.0,6.6018,297.94,287.93,0.12491,5.0,,22,,0.032181,0.20433,,,0.047513,0,,0,0,2,78,78,0,78.0,0.0
1.8,30,100,8,2.5974,3.7069,9.1264,38.957,0,0.6,0,1.2077,14.435,0.00099464,57724,61661.0,6.5714,298.08,325.38,0.12796,5.0,,22,,0.043866,0.20411,,,0.048671,0,,0,0,2,78,78,0,78.0,0.0
2.0,30,100,8,3.1201,1.8534,55.629,3.8957,0,0.6,0,1.2264,14.401,0.00099416,57722,61663.0,6.5391,298.05,316.88,0.13115,5.0,,22,,0.058666,0.20383,,,0.049885,0,,0,0,2,78,78,0,78.0,0.0
2.2,30,100,8,0.0,0.0,46.484,0.38957,0,0.6,0,1.2419,14.362,0.00099369,57719,61665.0,6.5107,298.01,308.02,0.1345,5.0,,22,,0.076064,0.20349,,,0.051161,0,,0,0,2,78,78,0,78.0,22406.0
2.4,30,100,8,0.0,0.0,36.979,0.038957,0,0.6,0,1.2535,14.325,0.00099322,57717,61667.0,6.4836,297.99,303.06,0.13803,5.0,,22,,0.092692,0.20318,,,0.052504,0,,0,0,2,78,78,0,78.0,21235.0
2.6,30,100,8,0.0,7.0891,31.292,0.0038957,0,0.6,0,1.2612,14.283,0.00099273,57715,61670.0,6.4666,297.99,301.74,0.14174,5.0,,22,,0.11149,0.20282,,,0.053916,0,,0,0,2,78,78,0,78.0,22063.0
2.8,30,100,8,0.0,20.953,29.532,0.00038957,0,0.6,0,1.2653,14.244,0.00099219,57717,61676.0,6.4665,297.99,302.5,0.14563,5.0,,22,,0.12927,0.20248,,,0.055395,0,,0,0,2,78,78,0,78.0,22559.0
3.0,30,100,8,0.0,34.806,30.168,0.0001,0,0.6,0,1.2661,14.21,0.0009916,57721,61685.0,6.4835,298.0,303.57,0.14969,5.0,,22,,0.14465,0.20218,,,0.05694,0,,0,0,2,78,78,0,78.0,21721.0
3.2,30,100,15,0.0,41.874,31.269,0.0001,0,0.6,0,1.2777,14.175,0.00099096,57728,61697.0,6.5062,298.0,305.35,0.15391,5.0,,22,,0.15963,0.20189,,,0.058548,0,,0,0,2,78,78,0,78.0,21383.0
3.4,30,100,15,0.0,39.878,33.43,0.0001,0,0.6,0,1.2857,14.137,0.00099034,57735,61709.0,6.5263,298.01,307.14,0.15831,5.0,,22,,0.17516,0.20159,,,0.06022,0,,0,0,2,78,78,0,78.0,22711.0
3.6,30,100,15,0.0,29.885,35.843,0.0001,0,0.6,0,1.2903,14.105,0.00098975,57740,61718.0,6.5326,298.02,309.34,0.16288,5.0,,22,,0.1879,0.20134,,,0.061958,0,,0,0,2,78,78,0,78.0,22207.0
3.8,30,100,15,0.0,17.406,39.024,0.0001,0,0.6,0,1.291,14.061,0.0009892,57742,61725.0,6.5215,298.03,312.71,0.16763,5.0,,22,,0.20445,0.20102,,,0.063766,0,,0,0,2,78,78,0,78.0,21869.0
4.0,30,100,15,0.0,9.3703,44.039,0.0001,0,0.6,0,1.2878,13.999,0.00098868,57743,61731.0,6.4993,298.04,316.23,0.17257,5.0,,22,,0.22978,0.20053,,,0.065649,0,,0,0,2,78,78,0,78.0,20697.0
4.2,30,100,15,0.0,10.206,49.678,0.0001,0,0.6,0,1.3077,13.943,0.00098815,57743,61738.0,6.4782,298.06,319.9,0.17774,5.0,,30,,0.24716,0.2002,,,0.067616,0,,0,0,2,78,78,0,78.0,22026.0
4.4,30,100,15,0.0,19.43,56.004,0.0001,0,0.6,0,1.3229,13.896,0.00098759,57746,61747.0,6.4691,298.07,322.46,0.18313,5.0,,30,,0.266,0.19983,,,0.069666,0,,0,0,2,78,78,0,78.0,22355.0
4.6,30,100,15,0.0,32.285,61.408,0.0001,0,0.6,0,1.3344,13.845,0.00098699,57751,61758.0,6.475,298.08,324.53,0.18872,5.0,,30,,0.28635,0.19944,,,0.071795,0,,0,0,2,78,78,0,78.0,21516.0
4.8,30,100,15,0.0,42.737,66.568,0.0001,0,0.6,0,1.3417,13.79,0.00098635,57759,61772.0,6.4903,298.08,326.37,0.19452,5.0,,30,,0.30855,0.199,,,0.074003,0,,0,0,2,78,78,0,78.0,22512.0
5.0,30,100,15,0.0,47.112,71.74,0.0001,0,0.6,0,1.3439,13.728,0.0009857,57767,61787.0,6.5097,298.09,329.06,0.20056,5.0,,30,,0.33291,0.19853,,,0.076299,0,,0,0,2,78,78,0,78.0,21673.0
5.2,30,100,15,0.0,43.745,78.27,0.0001,0,0.6,0,1.3413,13.67,0.00098508,57773,61799.0,6.5239,298.1,330.57,0.20683,0.0,,30,,0.35609,0.19808,,,0.078685,0,,0,0,2,78,78,0,78.0,21335.0
5.4,30,100,15,0.0,34.734,83.632,0.0001,0,0.6,0,1.3333,13.597,0.00098449,57778,61810.0,6.5271,298.11,333.85,0.21335,0.0,,30,,0.38413,0.19754,,,0.081168,0,,0,0,2,78,78,0,78.0,20997.0
5.6,30,100,15,0.0,24.46,91.531,0.0001,0,0.6,0,1.3202,13.527,0.00098393,57780,61819.0,6.5167,298.13,337.68,0.22013,0.0,,30,,0.41218,0.19699,,,0.083749,0,,0,0,2,78,78,0,78.0,22492.0
5.8,30,100,15,0.0,18.343,100.56,0.0001,0,0.6,0,1.3019,13.452,0.00098339,57782,61827.0,6.4969,298.13,339.78,0.22718,0.0,,30,,0.44132,0.19642,,,0.086433,0,,0,0,2,78,78,0,78.0,22321.0
6.0,30,100,15,0.0,20.146,107.87,0.0001,0,0.6,0,1.2784,13.367,0.00098285,57783,61835.0,6.4796,298.14,341.83,0.23451,0.0,,30,,0.47506,0.19577,,,0.089224,0,,0,0,2,78,78,0,78.0,21316.0
6.2,30,100,15,0.0,28.828,115.45,0.0001,0,0.6,0,1.2492,13.303,0.00098228,57787,61845.0,6.4715,298.16,346.0,0.24213,0.0,,30,,0.50101,0.19526,,,0.092124,0,,0,0,2,78,78,0,78.0,21311.0
6.4,30,100,15,0.0,40.73,126.09,0.0001,0,0.6,0,1.2136,13.224,0.00098166,57793,61857.0,6.4749,298.16,347.89,0.25004,0.0,,30,,0.5304,0.19468,,,0.095136,0,,0,0,2,78,78,0,78.0,22306.0
6.6,30,100,15,0.0,51.271,134.27,0.0001,0,0.6,0,1.1712,13.149,0.00098101,57801,61872.0,6.4844,298.17,349.13,0.25827,0.0,,30,,0.55794,0.19414,,,0.09827,0,,0,0,2,78,78,0,78.0,21634.0
6.8,30,100,15,0.0,58.005,141.97,0.0001,0,0.6,0,1.1218,13.057,0.00098034,57810,61887.0,6.4937,298.18,351.22,0.26684,0.0,,30,,0.59147,0.19348,,,0.10153,0,,0,0,2,78,78,0,78.0,21296.0
7.0,30,100,15,0.0,61.028,150.94,0.0001,0,0.6,0,1.0648,12.97,0.00097966,57820,61904.0,6.5013,298.19,353.96,0.27575,0.0,,30,,0.62378,0.19285,,,0.10492,0,,0,0,2,78,78,0,78.0,21124.0
7.2,30,100,15,0.0,61.025,161.04,0.0001,0,0.6,0,1.0018,12.895,0.00097898,57830,61920.0,6.5064,298.2,356.79,0.28497,0.0,,30,,0.65164,0.1923,,,0.10844,0,,0,0,2,78,78,0,78.0,21952.0
7.4,30,100,15,0.0,58.987,171.61,0.0001,0,0.6,0,0.9315,12.804,0.00097831,57839,61936.0,6.5079,298.22,362.84,0.29453,0.0,,30,,0.68257,0.19168,,,0.11208,0,,0,0,2,78,78,0,78.0,20614.0
7.6,30,100,15,0.0,56.373,186.74,0.0001,0,0.6,0,0.85341,12.718,0.00097765,57848,61951.0,6.5066,298.23,366.12,0.30446,0.0,,30,,0.71175,0.1911,,,0.11586,0,,0,0,2,78,78,0,78.0,22109.0
7.8,30,100,15,0.0,54.276,199.06,0.0001,0,0.6,0,0.76727,12.613,0.00097699,57857,61966.0,6.5037,298.24,367.34,0.31476,0.0,,30,,0.74825,0.19038,,,0.11978,0,,0,0,2,78,78,0,78.0,20604.0
8.0,30,100,15,0.0,53.32,209.24,0.0001,0,0.6,0,0.67324,12.512,0.00097633,57865,61981.0,6.4995,298.24,369.25,0.32544,0.0,,30,,0.78415,0.18967,,,0.12385,0,,0,0,2,78,78,0,78.0,21265.0
8.2,42,100,15,0.0,54.043,220.54,0.0001,0,0.6,0,0.57245,12.667,0.00097568,57874,61996.0,6.4945,298.23,366.55,0.2602,0.0,,30,,0.78559,0.19408,,,0.1386,0,,0,0,2,78,78,0,78.0,21260.0
8.4,42,100,15,0.0,56.757,226.14,0.0001,0,0.6,0,0.46518,12.588,0.00097501,57883,62011.0,6.4897,298.23,366.45,0.26044,0.0,,30,,0.76199,0.1944,,,0.13873,0,,0,0,2,78,78,0,78.0,22421.0
8.6,42,100,15,0.0,61.417,234.84,0.0001,0,0.6,0,0.3508,12.507,0.00097433,57893,62028.0,6.4879,298.24,367.58,0.26796,0.0,,30,,0.78289,0.1941,,,0.14274,0,,0,0,2,78,78,0,78.0,21916.0
8.8,42,100,15,0.0,66.78,245.05,0.0001,0,0.6,0,0.23116,12.432,0.00097364,57904,62045.0,6.4878,298.23,364.96,0.27654,0.0,,30,,0.81064,0.1937,,,0.14732,0,,0,0,2,78,78,0,78.0,21911.0
9.0,42,100,15,0.0,72.184,250.53,0.0001,0,0.6,0,0.11258,12.401,0.00097292,57916,62064.0,6.4938,298.2,358.19,0.28541,0.0,,30,,0.83311,0.19338,,,0.15205,0,,0,0,2,78,78,0,78.0,21572.0
9.2,42,100,15,0.0,75.172,250.39,0.0001,0,0.6,0,0.02464,12.781,0.0009722,57928,62083.0,6.508,298.15,344.95,0.29409,0.0,,30,,0.76003,0.19436,,,0.15667,0,,0,0,2,78,78,0,78.0,22233.0
9.4,42,100,15,0.0,72.446,241.06,0.0001,0,0.6,0,0.011457,13.226,0.00097149,57941,62101.0,6.5374,298.03,312.31,0.30102,0.0,,30,,0.51827,0.19763,,,0.16037,0,,0,0,2,78,78,0,78.0,20728.0
9.6,42,100,15,0.0,57.974,204.99,0.0001,0,0.6,0,0.011123,13.217,0.00097084,57950,62117.0,6.5618,297.92,284.0,0.30672,0.0,,30,,0.45514,0.19847,,,0.16341,0,,0,0,2,78,78,0,78.0,21223.0
9.8,42,100,15,0.51821,28.987,61.496,221.34,0,0.6,0,0.0109,13.192,0.00097027,57953,62127.0,6.5569,298.75,505.64,0.31219,0.0,,30,,0.45446,0.19847,,,0.16633,0,,0,0,2,78,78,0,78.0,22051.0
10.0,42,100,15,1.04,14.493,345.67,22.134,0,0.6,0,0.010761,13.173,0.00096974,57954,62134.0,6.5316,298.55,450.06,0.31762,0.0,,30,,0.45664,0.19843,,,0.16922,0,,0,0,2,78,78,0,78.0,21879.0
10.2,42,100,15,0.0,2.4407,295.96,2.2134,0,0.6,0,0.010566,13.134,0.00096925,57952,62139.0,6.4937,298.33,393.06,0.32305,0.0,,30,,0.47314,0.19819,,,0.17211,0,,0,0,2,78,78,0,78.0,21040.0
10.4,42,100,15,0.0,5.5169,244.4,0.22134,0,0.6,0,0.010224,13.118,0.00096877,57951,62144.0,6.4639,298.17,348.74,0.32846,0.0,,30,,0.47991,0.19809,,,0.175,0,,0,0,2,78,78,0,78.0,21535.0
10.6,42,100,15,0.0,20.454,201.25,0.022134,0,0.6,0,0.0099845,13.109,0.00096823,57953,62152.0,6.4564,298.07,322.54,0.33384,0.0,,30,,0.48141,0.19806,,,0.17787,0,,0,0,2,78,78,0,78.0,21530.0
10.8,42,100,15,0.0,38.328,174.93,0.0022134,0,0.6,0,0.0097912,13.099,0.00096765,57958,62164.0,6.469,297.99,301.49,0.3392,0.0,,30,,0.48142,0.19805,,,0.18073,0,,0,0,2,78,78,0,78.0,20858.0
11.0,42,100,15,0.0,51.19,151.06,0.00022134,0,0.6,0,0.0095872,13.102,0.00096703,57966,62178.0,6.493,297.94,287.41,0.34454,0.0,,30,,0.47262,0.19816,,,0.18358,0,,0,0,2,78,78,0,78.0,21352.0
11.2,42,100,15,0.0,54.464,45.318,159.7,0,0.6,0,0.0095644,13.083,0.0009664,57975,62193.0,6.5198,298.56,454.09,0.34987,0.0,,30,,0.4766,0.19809,,,0.18642,0,,0,0,2,78,78,0,78.0,21347.0
11.4,42,100,15,0.0,47.067,258.45,15.97,0,0.6,0,0.0095512,13.065,0.00096579,57982,62207.0,6.5372,298.4,411.1,0.35518,0.0,,30,,0.47898,0.19805,,,0.18925,0,,0,0,2,78,78,0,78.0,21175.0
11.6,42,100,15,0.0,32.752,219.35,1.597,0,0.6,0,0.0093572,13.035,0.00096525,57986,62217.0,6.5381,298.24,369.44,0.3605,0.0,,30,,0.4883,0.19791,,,0.19209,0,,0,0,2,78,78,0,78.0,21169.0
11.8,42,100,15,0.0,18.097,181.81,0.1597,0,0.6,0,0.0090898,13.024,0.00096481,57987,62225.0,6.5207,298.14,341.46,0.3658,0.0,,30,,0.48977,0.19788,,,0.19491,0,,0,0,2,78,78,0,78.0,21997.0
12.0,42,100,15,0.0,10.389,156.05,0.01597,0,0.6,0,0.0088596,12.998,0.0009645,57987,62231.0,6.4945,298.07,323.59,0.37108,0.0,1583.9,30,1868.0,0.49835,0.19776,0.0009664,3.3581,0.19773,0,11.196,0,0,2,78,78,0,78.0,21825.0
12.2,42,100,30,0.0,13.151,139.02,0.001597,0,0.6,0,0.013539,12.647,0.00096395,57990,62242.0,6.4672,298.07,322.77,0.37691,0.0,,30,,0.61142,0.19622,,,0.20084,0,,0,0,2,78,78,0,78.0,21153.0
12.4,42,100,30,0.0,26.779,141.19,0.0001597,0,0.6,0,0.01283,12.649,0.00096334,57996,62255.0,6.4571,298.07,322.16,0.38326,0.0,,30,,0.63265,0.19592,,,0.20422,0,,0,0,2,78,78,0,78.0,21815.0
12.6,42,100,30,0.0,44.39,143.05,0.0001,0,0.7,0,0.01241,13.47,0.00096268,58006,62272.0,6.4648,298.08,324.5,0.38964,0.0,,30,,0.64396,0.19575,,,0.20763,0,,0,0,2,78,78,0,78.0,21476.0
12.8,42,100,30,0.0,58.934,148.61,0.0001,0,0.7,0,0.012029,13.46,0.00096197,58018,62292.0,6.4847,298.08,325.83,0.39603,0.0,,30,,0.63931,0.1958,,,0.21103,0,,0,0,2,78,78,0,78.0,20804.0
13.0,42,100,30,0.0,65.515,153.12,0.0001,0,0.7,0,0.011786,13.453,0.00096124,58032,62313.0,6.5074,298.09,327.1,0.4024,0.0,,30,,0.63354,0.19587,,,0.21443,0,,0,0,2,78,78,0,78.0,21798.0
13.2,42,100,30,0.0,63.081,157.76,0.0001,0,0.7,0,0.011449,13.428,0.00096052,58045,62334.0,6.5262,298.08,324.28,0.40875,0.0,,30,,0.64175,0.19574,,,0.21782,0,,0,0,2,78,78,0,78.0,21293.0
13.4,42,100,30,0.0,53.13,157.32,0.0001,0,0.7,0,0.011096,13.427,0.00095984,58057,62353.0,6.5378,298.07,321.5,0.41507,0.0,,30,,0.63611,0.19581,,,0.2212,0,,0,0,2,78,78,0,78.0,21454.0
13.6,42,100,30,0.0,38.533,156.64,0.0001,0,0.7,0,0.010729,13.402,0.00095921,58065,62368.0,6.5336,298.07,322.24,0.42135,0.0,,30,,0.64285,0.1957,,,0.22455,0,,0,0,2,78,78,0,78.0,21449.0
13.8,42,100,30,0.0,25.683,160.12,0.0001,0,0.7,0,0.010526,13.37,0.00095862,58071,62381.0,6.5154,298.07,322.86,0.42762,0.0,,30,,0.65098,0.19558,,,0.22789,0,,0,0,2,78,78,0,78.0,21277.0
14.0,42,100,30,0.0,20.069,163.43,0.0001,0,0.7,0,0.010348,13.35,0.00095804,58076,62394.0,6.4926,298.06,321.12,0.43389,0.0,,30,,0.65267,0.19555,,,0.23124,0,,0,0,2,78,78,0,78.0,22438.0
14.2,42,100,30,0.0,23.546,163.81,0.0001,0,0.7,0,0.0099685,13.343,0.00095746,58081,62406.0,6.4767,298.06,319.78,0.44014,0.0,,30,,0.65444,0.19551,,,0.23457,0,,0,0,2,78,78,0,78.0,21599.0
14.4,42,100,30,0.0,33.35,164.51,0.0001,0,0.7,0,0.0099107,13.316,0.00095685,58088,62421.0,6.4727,298.06,319.47,0.44638,0.0,,30,,0.65836,0.19544,,,0.2379,0,,0,0,2,78,78,0,78.0,20760.0
14.6,42,100,30,0.0,44.743,166.35,0.0001,0,0.7,0,0.0096707,13.304,0.00095621,58098,62438.0,6.4807,298.07,321.59,0.45263,0.0,,30,,0.65951,0.19542,,,0.24123,0,,0,0,2,78,78,0,78.0,21255.0
14.8,42,100,30,0.0,52.946,171.24,0.0001,0,0.7,0,0.0095803,13.282,0.00095555,58109,62457.0,6.4934,298.07,322.71,0.4589,0.0,,30,,0.66047,0.19539,,,0.24458,0,,0,0,2,78,78,0,78.0,20416.0
15.0,42,100,30,0.0,56.08,175.07,0.0001,0,0.7,0,0.0094123,13.278,0.0009549,58121,62476.0,6.5047,298.07,323.88,0.46518,0.0,,30,,0.65434,0.19546,,,0.24793,0,,0,0,2,78,78,0,78.0,22244.0
15.2,42,100,30,0.0,54.736,179.15,0.0001,0,0.7,0,0.0091607,13.28,0.00095432,58133,62495.0,6.5169,298.07,323.79,0.47143,0.0,,30,,0.6464,0.19556,,,0.25127,0,,0,0,2,78,78,0,78.0,21739.0
15.4,42,100,30,0.0,48.485,181.78,0.0001,0,0.7,0,0.008931,13.265,0.00095387,58143,62513.0,6.5247,298.08,325.19,0.47764,0.0,,30,,0.64828,0.19552,,,0.25458,0,,0,0,2,78,78,0,78.0,21233.0
15.6,42,100,30,0.0,39.143,186.33,0.0001,0,0.7,0,0.0089073,13.232,0.00095348,58152,62528.0,6.5235,298.09,328.7,0.48385,0.0,,30,,0.65361,0.19543,,,0.25789,0,,0,0,2,78,78,0,78.0,21561.0
15.8,42,100,30,0.0,30.286,193.76,0.0001,0,0.7,0,0.0086086,13.239,0.00095345,58159,62543.0,6.5118,298.1,331.36,0.49004,0.0,,30,,0.64322,0.19556,,,0.2612,0,,0,0,2,78,78,0,78.0,21722.0
16.0,42,100,30,0.0,26.127,200.52,0.0001,0,0.7,0,0.0084348,13.21,0.00095385,58164,62556.0,6.4951,298.11,333.77,0.49622,0.0,,30,,0.64872,0.19548,,,0.2645,0,,0,0,2,78,78,0,78.0,20550.0
16.2,42,100,75,0.0,28.635,207.36,0.0001,0,0.7,0,0.024907,12.123,0.00095311,58180,62582.0,6.461,298.22,362.3,0.504,0.0,,35,,0.96061,0.19121,,,0.26865,0,,0,0,2,78,78,0,78.0,21878.0
16.4,42,100,75,0.0,44.829,248.08,0.0001,0,0.7,0,0.023749,12.095,0.0009523,58198,62612.0,6.4433,298.32,389.99,0.51331,0.0,,35,,1.0406,0.1901,,,0.27362,0,,0,0,2,78,78,0,78.0,20706.0
16.6,42,100,75,0.0,67.981,290.97,0.0001,0,0.7,0,0.022097,12.067,0.00095141,58222,62646.0,6.4433,298.36,401.86,0.52284,0.0,,35,,1.0626,0.18978,,,0.2787,0,,0,0,2,78,78,0,78.0,21700.0
16.8,42,100,75,0.0,91.106,317.42,0.0001,0,0.7,0,0.020978,12.041,0.00095045,58249,62685.0,6.4551,298.37,404.32,0.53241,0.0,,35,,1.0685,0.18968,,,0.28381,0,,0,0,2,78,78,0,78.0,20694.0
17.0,42,100,75,0.0,109.55,333.89,0.0001,0,0.7,0,0.019906,12.011,0.00094943,58281,62727.0,6.4703,298.36,401.93,0.542,0.0,,35,,1.0777,0.18953,,,0.28893,0,,0,0,2,78,78,0,78.0,21189.0
17.2,42,100,75,0.0,121.94,344.76,0.0001,0,0.7,0,0.019589,11.968,0.00094837,58315,62772.0,6.4859,298.36,400.98,0.55164,0.0,,35,,1.0859,0.1894,,,0.29408,0,,0,0,2,78,78,0,78.0,20850.0
17.4,42,100,75,0.0,128.1,357.26,0.0001,0,0.7,0,0.018583,11.927,0.00094729,58350,62818.0,6.5001,298.35,396.87,0.56133,0.0,,35,,1.0997,0.18919,,,0.29925,0,,0,0,2,78,78,0,78.0,21844.0
17.6,42,100,75,0.0,128.58,365.57,0.0001,0,0.7,0,0.017915,11.893,0.00094622,58385,62865.0,6.5131,298.3,384.77,0.57105,0.0,,35,,1.1066,0.18908,,,0.30444,0,,0,0,2,78,78,0,78.0,20839.0
17.8,42,100,75,0.0,123.88,363.16,0.0001,0,0.7,0,0.017425,11.83,0.00094517,58420,62910.0,6.5225,298.26,374.92,0.58083,0.0,,35,,1.1244,0.18882,,,0.30966,0,,0,0,2,78,78,0,78.0,21500.0
18.0,42,100,75,0.0,115.4,362.19,0.0001,0,0.7,0,0.016228,11.814,0.00094415,58453,62954.0,6.529,298.23,365.72,0.59062,0.0,,35,,1.1299,0.18872,,,0.31489,0,,0,0,2,78,78,0,78.0,20994.0
18.2,42,100,75,0.0,104.32,360.61,0.0001,0,0.7,0,0.015832,11.753,0.00094316,58483,62995.0,6.5332,298.19,354.6,0.60039,0.0,,35,,1.1478,0.18846,,,0.32011,0,,0,0,2,78,78,0,78.0,20655.0
18.4,42,100,75,0.0,91.566,355.31,0.0001,0,0.7,0,0.015044,11.747,0.00094222,58511,63034.0,6.5333,298.15,342.85,0.61017,0.0,,35,,1.1431,0.1885,,,0.32533,0,,0,0,2,78,78,0,78.0,21816.0
18.6,42,100,75,0.0,78.79,347.72,0.0001,0,0.7,0,0.014295,11.716,0.00094132,58536,63070.0,6.5309,298.11,334.14,0.61991,0.0,,35,,1.1484,0.18841,,,0.33053,0,,0,0,2,78,78,0,78.0,21977.0
18.8,42,100,75,0.0,66.96,342.4,0.0001,0,0.7,0,0.013652,11.697,0.00094047,58559,63104.0,6.5246,298.11,332.48,0.62963,0.0,,35,,1.1443,0.18845,,,0.33572,0,,0,0,2,78,78,0,78.0,20971.0
19.0,42,100,75,0.0,57.655,344.78,0.0001,0,0.7,0,0.013166,11.665,0.00093964,58581,63136.0,6.5129,298.1,329.73,0.63934,0.0,,35,,1.1464,0.1884,,,0.34091,0,,0,0,2,78,78,0,78.0,21465.0
19.2,42,100,75,0.0,53.015,345.35,0.0001,0,0.7,0,0.012763,11.646,0.00093883,58601,63167.0,6.4993,298.1,330.11,0.64907,0.0,,35,,1.1385,0.18849,,,0.34611,0,,0,0,2,78,78,0,78.0,21626.0
19.4,42,100,75,0.0,53.825,349.54,0.0001,0,0.7,0,0.012297,11.614,0.00093801,58621,63198.0,6.4895,298.1,330.33,0.65882,0.0,,35,,1.1405,0.18845,,,0.35132,0,,0,0,2,78,78,0,78.0,21954.0
19.6,42,100,75,0.0,58.514,353.51,0.0001,0,0.7,0,0.011726,11.625,0.00093718,58643,63231.0,6.4869,298.08,323.87,0.66853,0.0,,35,,1.1307,0.18856,,,0.35651,0,,0,0,2,78,78,0,78.0,21115.0
19.8,42,100,75,0.0,64.266,349.01,0.0001,0,0.7,0,0.011508,11.58,0.00093633,58665,63264.0,6.4869,298.04,314.57,0.67822,0.0,,35,,1.141,0.1884,,,0.36168,0,,0,0,2,78,78,0,78.0,21109.0
20.0,42,100,75,0.0,70.033,340.19,0.0001,0,0.7,0,0.011147,11.57,0.00093547,58689,63298.0,6.4897,298.02,308.73,0.6879,0.0,,35,,1.1397,0.1884,,,0.36685,0,,0,0,2,78,78,0,78.0,21437.0
20.2,55,100,150,0.0,74.678,334.57,0.0001,0,0.7,0,0.030659,10.651,0.00093435,58728,63353.0,6.4683,298.12,336.06,0.55199,0.0,,35,,1.466,0.18894,,,0.38535,0,,0,0,2,78,78,0,78.0,21931.0
20.4,55,100,150,0.0,87.975,370.18,0.0001,0,0.7,0,0.027522,10.595,0.00093319,58771,63410.0,6.4527,298.19,353.68,0.55401,0.0,,35,,1.5058,0.18852,,,0.38676,0,,0,0,2,78,78,0,78.0,20925.0
20.6,55,100,150,0.0,107.38,396.3,0.0001,0,0.7,0,0.02551,10.548,0.00093197,58817,63471.0,6.4444,298.23,364.98,0.56415,0.0,,35,,1.5217,0.18833,,,0.39385,0,,0,0,2,78,78,0,78.0,20586.0
20.8,55,100,150,0.0,130.13,417.08,0.0001,0,0.7,0,0.024115,10.498,0.00093067,58867,63537.0,6.4404,298.27,376.12,0.57483,0.0,,35,,1.5299,0.18823,,,0.40132,0,,0,0,2,78,78,0,78.0,21413.0
21.0,55,100,150,0.0,154.5,439.38,0.0001,0,0.7,0,0.024053,10.416,0.0009293,58923,63608.0,6.4384,298.3,384.24,0.58565,0.0,,35,,1.5501,0.18799,,,0.40888,0,,0,0,2,78,78,0,78.0,21241.0
21.2,55,100,150,0.0,179.66,459.38,0.0001,0,0.7,0,0.022354,10.392,0.00092786,58983,63684.0,6.4379,298.29,382.92,0.59658,0.0,,35,,1.5564,0.1879,,,0.41653,0,,0,0,2,78,78,0,78.0,20735.0
21.4,55,100,150,0.0,205.0,468.65,0.0001,0,0.7,0,0.021023,10.357,0.00092633,59049,63764.0,6.4384,298.28,378.9,0.60755,0.0,,35,,1.5676,0.18777,,,0.42419,0,,0,0,2,78,78,0,78.0,21729.0
21.6,55,100,150,0.0,225.0,474.57,0.0001,0,0.7,0,0.019758,10.331,0.00092475,59118,63849.0,6.4396,298.26,374.4,0.61853,0.0,,35,,1.5754,0.18766,,,0.43188,0,,0,0,2,78,78,0,78.0,21723.0
21.8,55,100,150,0.0,225.0,479.43,0.0001,0,0.7,0,0.018733,10.301,0.00092317,59188,63934.0,6.4411,298.23,366.88,0.62951,0.0,,35,,1.5834,0.18756,,,0.43956,0,,0,0,2,78,78,0,78.0,21217.0
22.0,55,100,150,0.0,225.0,479.89,0.0001,0,0.7,0,0.017737,10.242,0.0009216,59257,64018.0,6.4425,298.2,357.84,0.64052,0.0,,35,,1.6045,0.18731,,,0.44726,0,,0,0,2,78,78,0,78.0,20544.0
22.2,55,100,150,0.0,225.0,477.48,0.0001,0,0.7,0,0.01716,10.181,0.00092004,59327,64103.0,6.4437,298.17,349.15,0.65156,0.0,,35,,1.6254,0.18707,,,0.45498,0,,0,0,2,78,78,0,78.0,22038.0
22.4,55,100,150,0.0,225.0,474.36,0.0001,0,0.7,0,0.01599,10.192,0.00091847,59396,64187.0,6.4457,298.17,349.32,0.66257,0.0,,35,,1.6197,0.18711,,,0.46268,0,,0,0,2,78,78,0,78.0,21866.0
22.6,55,100,150,0.0,225.0,481.16,0.0001,0,0.7,0,0.014871,10.207,0.00091692,59466,64272.0,6.4486,298.18,350.83,0.67345,0.0,,35,,1.6163,0.18713,,,0.47029,0,,0,0,2,78,78,0,78.0,21026.0
22.8,55,100,150,0.0,225.0,489.42,0.0001,0,0.7,0,0.015189,10.095,0.00091536,59535,64356.0,6.4498,298.19,353.67,0.6844,0.0,,35,,1.6399,0.18686,,,0.47795,0,,0,0,2,78,78,0,78.0,22187.0
23.0,55,100,150,0.0,225.0,499.51,0.0001,0,0.7,0,0.014836,10.002,0.00091381,59605,64441.0,6.4502,298.23,365.66,0.69549,0.0,,35,,1.6766,0.18645,,,0.48571,0,,0,0,2,78,78,0,78.0,20181.0
23.2,55,100,150,0.0,225.0,521.38,0.0001,0,0.7,0,0.014426,9.9577,0.00091226,59675,64525.0,6.4505,298.22,364.2,0.70665,0.0,,35,,1.6869,0.18632,,,0.49352,0,,0,0,2,78,78,0,78.0,21342.0
23.4,55,100,150,0.0,225.0,527.82,0.0001,0,0.7,0,0.014034,9.9054,0.00091072,59744,64610.0,6.4505,298.22,363.66,0.71786,0.0,,35,,1.6969,0.18619,,,0.50136,0,,0,0,2,78,78,0,78.0,22169.0
23.6,55,100,150,0.0,225.0,535.58,0.0001,0,0.7,0,0.012909,9.9796,0.00090918,59814,64694.0,6.4521,298.2,358.9,0.72895,0.0,,35,,1.6636,0.18652,,,0.50913,0,,0,0,2,78,78,0,78.0,20163.0
23.8,55,100,150,0.0,225.0,537.99,0.0001,0,0.7,0,0.012405,9.9675,0.00090765,59883,64779.0,6.4543,298.16,345.86,0.7399,0.0,,35,,1.6689,0.18645,,,0.51679,0,,0,0,2,78,78,0,78.0,22157.0
24.0,55,100,150,0.0,225.0,529.58,0.0001,0,0.7,0,0.012102,9.9186,0.00090612,59953,64863.0,6.4561,298.1,330.48,0.75083,0.0,1286.5,35,1867.9,1.6827,0.18628,0.00091226,9.0673,0.52444,0,22.245,0,0,2,78,78,0,78.0,20484.0
24.2,55,100,30,0.0,225.0,516.76,0.0001,0,0.7,0,0.0024731,12.542,0.022537,59998,64917.0,6.4953,297.8,245.35,0.75757,0.0,,35,,0.83383,0.19513,,,0.52916,0,,0,0,2,78,78,0,78.0,22084.0
24.4,55,100,30,0.0,225.0,155.03,635.44,0,0.7,0,0.0024955,12.529,0.046301,60043,64970.0,6.5321,299.84,815.19,0.76181,0.0,,35,,0.74603,0.19602,,,0.53213,0,,0,0,2,78,78,0,78.0,21861.0
24.6,55,100,30,0.0,212.7,855.81,63.544,0,0.7,0,0.0025108,12.484,0.069793,60086,65020.0,6.5644,299.35,677.82,0.76592,0.0,,35,,0.74894,0.19598,,,0.535,0,,0,0,2,78,78,0,78.0,20470.0
24.8,55,100,30,0.51756,106.35,739.49,6.3544,0,0.7,0,0.0024853,12.363,0.093737,60108,65050.0,6.5887,298.87,542.88,0.77002,0.0,,35,,0.78343,0.19562,,,0.53787,0,,0,0,2,78,78,0,78.0,20915.0
25.0,55,100,30,1.0359,53.175,626.84,0.63544,0,0.7,0,0.0024777,12.272,0.11791,60119,65069.0,6.5934,298.5,440.61,0.77411,0.0,,35,,0.81837,0.19525,,,0.54074,0,,0,0,2,78,78,0,78.0,21528.0
25.2,55,100,30,1.5564,26.587,536.44,0.063544,0,0.8,0,0.0024698,13.055,0.1421,60125,65083.0,6.5678,298.22,362.01,0.77822,0.0,,35,,0.83724,0.19505,,,0.54361,0,,0,0,2,78,78,0,78.0,21640.0
25.4,55,100,30,2.0799,13.294,460.71,0.0063544,0,0.8,0,0.0024043,13.041,0.16685,60128,65095.0,6.5257,298.0,301.47,0.7823,0.22008,,35,,0.83237,0.19509,,,0.54647,0,,0,0,2,78,78,0,78.0,22756.0
25.6,55,100,30,0.0,3.6075,396.13,0.00063544,0,0.8,0,0.0023708,13.013,0.19187,60130,65104.0,6.4781,297.86,261.52,0.78636,0.68043,,35,,0.8373,0.19503,,,0.54931,0,,0,0,2,78,78,0,78.0,22539.0
25.8,55,100,30,0.0,12.908,118.84,413.34,0,0.8,0,0.0023674,13.011,0.21715,60133,65115.0,6.4471,299.27,654.37,0.79039,1.3072,,35,,0.83431,0.19506,,,0.55213,0,,0,0,2,78,78,0,78.0,22823.0
26.0,55,100,30,0.0,34.535,600.24,41.334,0,0.8,0,0.0023245,13.037,0.24251,60140,65131.0,6.4424,299.08,602.36,0.79438,2.0391,,35,,0.81908,0.1952,,,0.55493,0,,0,0,2,78,78,0,78.0,21442.0
26.2,55,100,30,0.0,58.0,572.84,4.1334,0,0.8,0,0.0022913,13.045,0.26804,60153,65151.0,6.4601,298.8,524.64,0.79835,2.8124,,35,,0.81616,0.19523,,,0.5577,0,,0,0,2,78,78,0,78.0,21894.0
26.4,55,100,30,0.0,74.427,518.65,0.41334,0,0.8,0,0.0022581,13.074,0.29389,60169,65175.0,6.4882,298.59,464.6,0.80227,3.576,,35,,0.79746,0.19541,,,0.56045,0,,0,0,2,78,78,0,78.0,21848.0
26.6,55,100,30,0.0,79.617,476.59,0.041334,0,0.8,0,0.0022371,13.069,0.32004,60186,65200.0,6.5141,298.42,417.3,0.80617,4.2815,,35,,0.79264,0.19545,,,0.56318,0,,0,0,2,78,78,0,78.0,23137.0
26.8,55,100,30,0.0,74.49,441.74,0.0041334,0,0.8,0,0.0021917,13.07,0.34634,60202,65224.0,6.5339,298.3,386.19,0.81004,4.8947,,35,,0.78498,0.19553,,,0.56589,0,,0,0,2,78,78,0,78.0,23093.0
27.0,55,100,30,0.0,61.458,420.21,0.00041334,0,0.8,0,0.0021801,13.054,0.37256,60216,65246.0,6.5461,298.19,354.34,0.81386,5.3839,,35,,0.78349,0.19553,,,0.56857,0,,0,0,2,78,78,0,78.0,23549.0
27.2,55,100,30,0.0,43.56,393.17,0.0001,0,0.8,0,0.0021679,13.01,0.39906,60226,65264.0,6.5438,298.07,319.29,0.81769,5.7306,,35,,0.79119,0.19545,,,0.57125,0,,0,0,2,78,78,0,78.0,22007.0
27.4,55,100,30,0.0,26.602,357.94,0.0001,0,0.8,0,0.0021535,12.956,0.42564,60233,65279.0,6.5232,297.95,288.09,0.82152,5.9452,,35,,0.81175,0.19523,,,0.57393,0,,0,0,2,78,78,0,78.0,22631.0
27.6,55,100,30,0.0,17.914,322.85,0.0001,0,0.8,0,0.0021337,12.926,0.45237,60239,65292.0,6.4943,297.89,269.7,0.82534,6.0262,,35,,0.82138,0.19512,,,0.5766,0,,0,0,2,78,78,0,78.0,22589.0
27.8,55,100,30,0.0,20.76,96.856,337.05,0,0.8,0,0.0021354,12.909,0.47924,60245,65306.0,6.4703,299.06,597.96,0.82916,5.9922,,35,,0.82329,0.19509,,,0.57928,0,,0,0,2,78,78,0,78.0,23215.0
28.0,55,100,30,0.0,33.138,497.96,33.705,0,0.8,0,0.0021146,12.902,0.50632,60253,65322.0,6.4615,298.95,566.48,0.83296,5.8796,,35,,0.82907,0.19503,,,0.58194,0,,0,0,2,78,78,0,78.0,24175.0
28.2,55,100,37,0.0,49.003,490.16,3.3705,0,0.8,0,0.0023841,12.741,0.53284,60265,65343.0,6.466,298.75,510.39,0.837,5.71,,35,,0.87433,0.19455,,,0.58476,0,,0,0,2,78,78,0,78.0,23466.0
28.4,55,100,37,0.0,63.092,457.46,0.33705,0,0.8,0,0.0023974,12.737,0.55933,60281,65366.0,6.481,298.55,455.51,0.84116,5.5135,,35,,0.87434,0.19454,,,0.58768,0,,0,0,2,78,78,0,78.0,24090.0
28.6,55,100,37,0.0,71.195,419.42,0.033705,0,0.8,0,0.0024313,12.703,0.58581,60298,65392.0,6.4993,298.39,411.12,0.84538,5.2977,,35,,0.88154,0.19446,,,0.59063,0,,0,0,2,78,78,0,78.0,23713.0
28.8,55,100,37,0.0,72.0,386.93,0.0033705,0,0.8,0,0.0024257,12.685,0.61255,60315,65417.0,6.5181,298.26,374.75,0.84961,5.0806,,35,,0.88232,0.19444,,,0.5936,0,,0,0,2,78,78,0,78.0,23338.0
29.0,55,100,37,0.0,65.264,358.11,0.00033705,0,0.8,0,0.0024043,12.661,0.6398,60331,65442.0,6.5309,298.14,339.68,0.85383,4.8792,,35,,0.8868,0.19439,,,0.59655,0,,0,0,2,78,78,0,78.0,24299.0
29.2,55,100,37,0.0,53.451,325.83,0.0001,0,0.8,0,0.0023787,12.639,0.66731,60344,65463.0,6.5321,298.03,309.37,0.85802,4.7124,,35,,0.88711,0.19438,,,0.59949,0,,0,0,2,78,78,0,78.0,23595.0
29.4,55,100,37,0.0,41.172,294.68,0.0001,0,0.8,0,0.0023679,12.594,0.69504,60355,65483.0,6.5216,297.97,292.71,0.86222,4.5871,,35,,0.89787,0.19426,,,0.60242,0,,0,0,2,78,78,0,78.0,24225.0
29.6,55,100,37,0.0,33.111,276.16,0.0001,0,0.8,0,0.0023347,12.574,0.72312,60365,65501.0,6.5018,297.93,280.63,0.8664,4.5051,,35,,0.89665,0.19426,,,0.60536,0,,0,0,2,78,78,0,78.0,25523.0
29.8,55,100,37,0.0,32.928,82.849,288.49,0,0.8,0,0.0023614,12.547,0.75145,60374,65518.0,6.4824,298.96,569.02,0.8706,4.4651,,35,,0.89561,0.19427,,,0.6083,0,,0,0,2,78,78,0,78.0,24489.0
30.0,55,100,37,0.0,40.495,435.11,28.849,0,0.8,0,0.0023316,12.54,0.77999,60385,65537.0,6.4698,298.93,562.55,0.87479,4.4662,,35,,0.8987,0.19423,,,0.61123,0,,0,0,2,78,78,0,78.0,24623.0
30.2,55,100,37,0.0,53.075,455.32,2.8849,0,0.9,0,0.0022991,13.376,0.80864,60398,65559.0,6.4658,298.82,531.28,0.87895,4.5073,,35,,0.9026,0.19418,,,0.61415,0,,0,0,2,78,78,0,78.0,24757.0
30.4,55,100,37,0.0,67.252,452.07,0.28849,0,0.9,0,0.0022615,13.384,0.83746,60414,65583.0,6.4735,298.7,496.37,0.88309,4.5818,,35,,0.89812,0.19422,,,0.61705,0,,0,0,2,78,78,0,78.0,24393.0
30.6,55,100,37,0.0,78.316,440.84,0.028849,0,0.9,0,0.0022267,13.387,0.86649,60432,65610.0,6.4894,298.57,460.3,0.88719,4.674,,35,,0.89888,0.1942,,,0.61992,0,,0,0,2,78,78,0,78.0,24362.0
30.8,55,100,37,0.0,83.044,423.64,0.0028849,0,0.9,0,0.0022085,13.397,0.89552,60451,65637.0,6.5042,298.47,431.65,0.89126,4.78,,35,,0.88565,0.19433,,,0.62277,0,,0,0,2,78,78,0,78.0,25999.0
31.0,55,100,37,0.0,81.894,410.78,0.00028849,0,0.9,0,0.0021726,13.388,0.92472,60471,65665.0,6.5159,298.35,399.77,0.89529,4.8895,,35,,0.88673,0.19431,,,0.62559,0,,0,0,2,78,78,0,78.0,25302.0
31.2,55,100,37,0.0,76.069,389.94,0.0001,0,0.9,0,0.0020827,13.397,0.95457,60489,65691.0,6.5258,298.24,368.62,0.89924,4.9908,,35,,0.88819,0.19429,,,0.62836,0,,0,0,2,78,78,0,78.0,24943.0
31.4,55,100,37,0.0,66.269,365.85,0.0001,0,0.9,0,0.0020834,13.36,0.98461,60505,65715.0,6.5277,298.16,345.52,0.90316,5.0833,,35,,0.89349,0.19422,,,0.6311,0,,0,0,2,78,78,0,78.0,25417.0
31.6,55,100,37,0.0,55.729,347.47,0.0001,0,0.9,0,0.0021123,13.298,1.0146,60519,65737.0,6.5217,298.07,319.89,0.90712,5.1621,,35,,0.90973,0.19405,,,0.63388,0,,0,0,2,78,78,0,78.0,25892.0
31.8,55,100,37,0.0,47.596,322.71,0.0001,0,0.9,0,0.0021207,13.243,1.0447,60531,65758.0,6.5097,297.99,297.98,0.91112,5.2265,,35,,0.92542,0.19388,,,0.63668,0,,0,0,2,78,78,0,78.0,26200.0
32.0,55,100,37,0.0,44.241,299.16,0.0001,0,0.9,0,0.0021257,13.206,1.0749,60543,65778.0,6.4959,297.94,283.72,0.91514,5.2772,,35,,0.94025,0.19372,,,0.63949,0,,0,0,2,78,78,0,78.0,25842.0
32.2,55,100,43,0.0,46.412,89.749,306.58,0,0.9,0,0.0023421,13.049,1.1048,60556,65800.0,6.4853,299.02,588.01,0.91935,5.3075,,35,,0.98497,0.19325,,,0.64245,0,,0,0,2,78,78,0,78.0,26316.0
32.4,55,100,43,0.0,52.805,460.68,30.658,0,0.9,0,0.0023558,13.022,1.1347,60571,65823.0,6.4805,298.92,559.02,0.92369,5.336,,35,,0.99203,0.19317,,,0.64549,0,,0,0,2,78,78,0,78.0,27123.0
32.6,55,100,43,0.0,61.087,455.4,3.0658,0,0.9,0,0.0023728,12.982,1.1646,60587,65848.0,6.4811,298.73,505.83,0.92808,5.3519,,35,,1.0038,0.19304,,,0.64856,0,,0,0,2,78,78,0,78.0,26430.0
32.8,55,100,43,0.0,69.137,425.52,0.30658,0,0.9,0,0.0022928,13.031,1.1949,60605,65874.0,6.4869,298.59,465.21,0.93243,5.3627,,35,,0.98031,0.19327,,,0.65161,0,,0,0,2,78,78,0,78.0,26239.0
33.0,55,100,43,0.0,74.871,404.62,0.030658,0,0.9,0,0.0022799,13.027,1.2253,60624,65902.0,6.4966,298.47,431.95,0.93674,5.3736,,35,,0.97317,0.19334,,,0.65463,0,,0,0,2,78,78,0,78.0,26549.0
33.2,55,100,43,0.0,76.733,387.0,0.0030658,0,0.9,0,0.0022545,13.003,1.256,60643,65930.0,6.5057,298.33,392.44,0.94104,5.3795,,35,,0.98317,0.19322,,,0.65764,0,,0,0,2,78,78,0,78.0,26360.0
33.4,55,100,43,0.0,74.965,357.14,0.00030658,0,0.9,0,0.0022181,13.0,1.287,60662,65958.0,6.5135,298.19,352.13,0.94529,5.3892,,35,,0.98385,0.19321,,,0.66062,0,,0,0,2,78,78,0,78.0,27172.0
33.6,55,100,43,0.0,70.071,321.22,0.0001,0,0.9,0,0.0022363,12.953,1.3181,60680,65984.0,6.5183,298.08,322.23,0.94954,5.4005,,35,,0.99893,0.19304,,,0.6636,0,,0,0,2,78,78,0,78.0,26819.0
33.8,55,100,43,0.0,63.261,292.71,0.0001,0,0.9,0,0.0022146,12.92,1.3493,60697,66010.0,6.5199,298.01,303.85,0.95378,5.4131,,35,,1.0114,0.19291,,,0.66657,0,,0,0,2,78,78,0,78.0,26466.0
34.0,55,100,43,0.0,55.836,274.03,0.0001,0,0.9,0,0.0021581,12.911,1.3808,60712,66034.0,6.5156,297.96,288.97,0.95798,5.4197,,35,,1.017,0.19284,,,0.66951,0,,0,0,2,78,78,0,78.0,27447.0
34.2,55,100,43,0.0,50.124,256.91,0.0001,0,0.9,0,0.0021357,12.883,1.4126,60727,66056.0,6.5084,297.92,278.17,0.96215,5.4198,,35,,1.0227,0.19277,,,0.67243,0,,0,0,2,78,78,0,78.0,27930.0
34.4,55,100,43,0.0,47.3,77.072,270.49,0,0.9,0,0.0021053,12.886,1.444,60740,66078.0,6.5002,298.88,549.16,0.96628,5.4279,,35,,1.0198,0.1928,,,0.67533,0,,0,0,2,78,78,0,78.0,26912.0
34.6,55,100,43,0.0,47.756,405.17,27.049,0,0.9,0,0.0020753,12.874,1.4756,60754,66100.0,6.4929,298.79,524.31,0.97038,5.4221,,35,,1.0183,0.1928,,,0.6782,0,,0,0,2,78,78,0,78.0,28394.0
34.8,55,100,43,0.0,51.11,400.74,2.7049,0,0.9,0,0.0020693,12.842,1.5072,60768,66123.0,6.4921,298.61,472.74,0.97448,5.4109,,35,,1.0285,0.19269,,,0.68108,0,,0,0,2,78,78,0,78.0,27876.0
35.0,55,100,43,0.0,54.785,368.3,0.27049,0,0.9,0,0.0020475,12.832,1.5391,60783,66146.0,6.494,298.46,429.42,0.97857,5.4013,,35,,1.0334,0.19263,,,0.68394,0,,0,0,2,78,78,0,78.0,27859.0
35.2,55,100,43,0.0,57.701,339.8,0.027049,0,0.9,0,0.002047,12.812,1.5712,60798,66170.0,6.4975,298.32,390.83,0.98266,5.3947,,35,,1.0366,0.19259,,,0.68681,0,,0,0,2,78,78,0,78.0,28177.0
35.4,55,100,43,0.0,59.205,311.13,0.0027049,0,0.9,0,0.0019886,12.826,1.6034,60814,66195.0,6.5056,298.18,349.37,0.98668,5.3992,,35,,1.0382,0.19257,,,0.68963,0,,0,0,2,78,78,0,78.0,28830.0
35.6,55,100,43,0.0,57.462,273.73,0.00027049,0,0.9,0,0.002,12.781,1.6357,60830,66219.0,6.5114,298.08,321.33,0.99069,5.3977,,35,,1.0521,0.19241,,,0.69244,0,,0,0,2,78,78,0,78.0,29148.0
35.8,55,100,43,0.0,53.44,247.29,0.0001,0,0.9,0,0.0019997,12.746,1.6683,60845,66242.0,6.5128,298.01,302.88,0.99471,5.4049,,35,,1.0663,0.19226,,,0.69525,0,,0,0,2,78,78,0,78.0,29302.0
36.0,55,100,43,0.0,48.86,228.45,0.0001,0,0.9,0,0.0019796,12.724,1.7015,60858,66265.0,6.5113,297.97,292.2,0.9987,5.4237,1200.0,35,1913.9,1.0716,0.1922,1.5712,12.492,0.69805,0,35.513,0,0,2,78,78,0,78.0,29459.0
36.2,55,100,47,0.0,44.887,216.39,0.0001,0,0.9,0,0.0020817,12.599,1.7345,60872,66287.0,6.5057,297.96,288.14,1.0028,5.4569,,35,,1.1078,0.19181,,,0.70093,0,,0,0,2,78,78,0,78.0,29281.0
36.4,55,100,47,0.0,43.154,210.78,0.0001,0,0.9,0,0.0020885,12.564,1.7676,60886,66309.0,6.4972,297.95,285.16,1.007,5.5052,,35,,1.1216,0.19166,,,0.70386,0,,0,0,2,78,78,0,78.0,28770.0
36.6,55,100,47,0.0,44.792,63.234,220.46,0,0.9,0,0.0021047,12.532,1.8006,60900,66332.0,6.4899,298.75,513.43,1.0112,5.5544,,35,,1.1338,0.19153,,,0.7068,0,,0,0,2,78,78,0,78.0,29593.0
36.8,55,100,47,0.0,49.348,339.01,22.046,0,0.9,0,0.0020542,12.546,1.834,60914,66355.0,6.4877,298.68,492.32,1.0153,5.6055,,35,,1.1294,0.19157,,,0.70971,0,,0,0,2,78,78,0,78.0,30417.0
37.0,55,100,47,0.0,54.761,335.6,2.2046,0,0.9,0,0.0020494,12.532,1.8675,60930,66380.0,6.4897,298.54,453.51,1.0195,5.6509,,35,,1.1304,0.19155,,,0.71261,0,,0,0,2,78,78,0,78.0,29909.0
37.2,55,100,47,0.0,59.396,314.48,0.22046,0,0.9,0,0.0020676,12.502,1.901,60947,66405.0,6.4947,298.43,420.39,1.0236,5.6967,,35,,1.1394,0.19144,,,0.71552,0,,0,0,2,78,78,0,78.0,30734.0
37.4,55,100,47,0.0,62.017,295.63,0.022046,0,0.9,0,0.0020655,12.483,1.9347,60964,66431.0,6.5015,298.31,388.19,1.0278,5.7394,,35,,1.1471,0.19136,,,0.71843,0,,0,0,2,78,78,0,78.0,29726.0
37.6,55,100,47,0.0,61.932,273.4,0.0022046,0,0.9,0,0.002039,12.487,1.9683,60982,66457.0,6.5073,298.21,358.05,1.0319,5.7751,,35,,1.1456,0.19137,,,0.72131,0,,0,0,2,78,78,0,78.0,30718.0
37.8,55,100,47,0.0,59.537,249.39,0.00022046,0,0.9,0,0.0020611,12.428,2.0022,60998,66483.0,6.511,298.13,335.72,1.036,5.7999,,35,,1.1619,0.19119,,,0.7242,0,,0,0,2,78,78,0,78.0,31211.0
38.0,55,100,47,0.0,55.655,230.85,0.0001,0,0.9,0,0.0020352,12.403,2.0363,61015,66507.0,6.5122,298.05,314.08,1.0401,5.8253,,35,,1.1773,0.19102,,,0.72708,0,,0,0,2,78,78,0,78.0,30372.0
38.2,55,100,47,0.0,51.29,210.01,0.0001,0,0.9,0,0.0020256,12.385,2.0705,61030,66531.0,6.5111,298.0,299.23,1.0442,5.8524,,35,,1.1767,0.19102,,,0.72996,0,,0,0,2,78,78,0,78.0,31034.0
38.4,55,100,47,0.0,47.386,194.53,0.0001,0,0.9,0,0.0020317,12.346,2.1049,61044,66555.0,6.506,297.95,285.31,1.0483,5.876,,35,,1.1804,0.19097,,,0.73284,0,,0,0,2,78,78,0,78.0,31030.0
38.6,55,100,47,0.0,45.514,178.05,0.0001,0,0.9,0,0.0020469,12.304,2.1395,61058,66577.0,6.4981,297.92,277.1,1.0525,5.9006,,35,,1.183,0.19094,,,0.73576,0,,0,0,2,78,78,0,78.0,32027.0
38.8,55,100,47,0.0,46.799,53.416,189.99,0,0.9,0,0.0020466,12.278,2.1745,61073,66601.0,6.4916,298.62,476.55,1.0567,5.9307,,35,,1.1878,0.19088,,,0.73868,0,,0,0,2,78,78,0,78.0,31859.0
39.0,55,100,47,0.0,50.689,292.37,18.999,0,0.9,0,0.0020134,12.287,2.2094,61088,66624.0,6.4892,298.51,445.08,1.0608,5.9689,,35,,1.1846,0.1909,,,0.74159,0,,0,0,2,78,78,0,78.0,31024.0
39.2,55,100,47,0.0,55.514,272.37,1.8999,0,0.9,0,0.0019295,12.335,2.2444,61104,66649.0,6.4919,298.35,399.63,1.0649,5.999,,35,,1.1684,0.19106,,,0.74444,0,,0,0,2,78,78,0,78.0,32023.0
39.4,55,100,47,0.0,59.24,237.38,0.18999,0,0.9,0,0.0019363,12.301,2.2794,61121,66674.0,6.4958,298.23,364.18,1.0689,6.0116,,35,,1.178,0.19096,,,0.74727,0,,0,0,2,78,78,0,78.0,31854.0
39.6,55,100,47,0.0,61.428,208.89,0.018999,0,0.9,0,0.0019445,12.263,2.3145,61138,66700.0,6.4992,298.15,341.57,1.073,6.0243,,35,,1.1918,0.19081,,,0.75011,0,,0,0,2,78,78,0,78.0,32687.0
39.8,55,100,47,0.0,62.287,191.03,0.0018999,0,0.9,0,0.0019007,12.273,2.3496,61155,66727.0,6.5037,298.1,328.85,1.077,6.0437,,35,,1.1858,0.19086,,,0.75294,0,,0,0,2,78,78,0,78.0,32520.0
40.0,55,100,47,0.0,61.341,181.84,0.00018999,0,0.9,0,0.0019523,12.212,2.3847,61173,66753.0,6.5054,298.07,319.51,1.0811,6.0568,,35,,1.1973,0.19073,,,0.75579,0,,0,0,2,78,78,0,78.0,32853.0
40.2,60,100,51,0.0,59.722,174.8,0.0001,0,1.1,0,0.002024,13.933,2.42,61190,66779.0,6.5062,298.03,308.96,1.002,6.0829,,35,,1.2057,0.19184,,,0.76401,0,,0,0,2,78,78,0,78.0,32186.0
40.4,60,100,51,0.0,57.772,165.0,0.0001,0,1.1,0,0.0019951,13.943,2.4555,61208,66806.0,6.5032,297.99,296.17,1.0018,6.1232,,35,,1.1782,0.1921,,,0.76385,0,,0,0,2,78,78,0,78.0,33354.0
40.6,60,100,51,0.0,57.021,151.12,0.0001,0,1.1,0,0.0020405,13.875,2.4909,61225,66832.0,6.4998,297.97,290.43,1.0054,6.1559,,35,,1.1907,0.19198,,,0.76662,0,,0,0,2,78,78,0,78.0,32355.0
40.8,60,100,51,0.0,57.636,144.16,0.0001,0,1.1,0,0.0019704,13.915,2.5262,61242,66858.0,6.4969,297.95,284.77,1.0092,6.1864,,35,,1.1745,0.19212,,,0.76955,0,,0,0,2,78,78,0,78.0,32355.0
41.0,60,100,51,0.0,59.386,136.35,0.0001,0,1.1,0,0.0019266,13.929,2.5617,61260,66885.0,6.4957,297.94,283.0,1.013,6.204,,35,,1.1664,0.19219,,,0.77244,0,,0,0,2,78,78,0,78.0,32690.0
41.2,60,100,51,0.0,61.613,40.905,144.45,0,1.1,0,0.0018681,13.984,2.597,61278,66912.0,6.4978,298.49,439.32,1.0167,6.2163,,35,,1.1383,0.19245,,,0.77526,0,,0,0,2,78,78,0,78.0,33523.0
41.4,60,100,51,0.0,63.001,227.45,14.445,0,1.1,0,0.0018358,13.988,2.6326,61297,66939.0,6.5008,298.42,420.05,1.0203,6.2067,,35,,1.1335,0.19249,,,0.77804,0,,0,0,2,78,78,0,78.0,32858.0
41.6,60,100,51,0.0,63.195,218.51,1.4445,0,1.1,0,0.0018575,13.962,2.6685,61315,66966.0,6.5033,298.33,392.5,1.024,6.189,,35,,1.1284,0.19253,,,0.78083,0,,0,0,2,78,78,0,78.0,33361.0
41.8,60,100,51,0.0,62.411,201.67,0.14445,0,1.1,0,0.0018632,13.94,2.7044,61333,66993.0,6.5033,298.24,368.74,1.0276,6.1832,,35,,1.1221,0.19258,,,0.78363,0,,0,0,2,78,78,0,78.0,33365.0
42.0,60,100,51,0.0,61.601,186.02,0.014445,0,1.1,0,0.0018608,13.927,2.7404,61351,67020.0,6.5041,298.17,348.75,1.0313,6.1897,,35,,1.1201,0.1926,,,0.78645,0,,0,0,2,78,78,0,78.0,33035.0
42.2,60,100,51,0.0,60.478,171.71,0.0014445,0,1.1,0,0.0018953,13.865,2.7765,61369,67046.0,6.5029,298.13,334.67,1.035,6.1918,,35,,1.1351,0.19245,,,0.78929,0,,0,0,2,78,78,0,78.0,33872.0
42.4,60,100,51,0.0,59.843,161.82,0.00014445,0,1.1,0,0.0018888,13.845,2.8127,61387,67073.0,6.5017,298.08,322.56,1.0388,6.1986,,35,,1.1391,0.1924,,,0.79215,0,,0,0,2,78,78,0,78.0,34377.0
42.6,60,100,51,0.0,59.692,152.3,0.0001,0,1.1,0,0.0018646,13.828,2.8491,61405,67100.0,6.4998,298.04,311.41,1.0425,6.2095,,35,,1.1501,0.19229,,,0.79499,0,,0,0,2,78,78,0,78.0,35216.0
42.8,60,100,51,0.0,60.286,142.31,0.0001,0,1.1,0,0.0018621,13.792,2.8857,61423,67127.0,6.5001,298.01,301.0,1.0462,6.2235,,35,,1.1671,0.19212,,,0.79782,0,,0,0,2,78,78,0,78.0,35556.0
43.0,60,100,51,0.0,60.768,131.72,0.0001,0,1.1,0,0.0018241,13.818,2.9223,61441,67153.0,6.4999,297.99,295.32,1.0498,6.2454,,35,,1.1488,0.19229,,,0.80063,0,,0,0,2,78,78,0,78.0,34063.0
43.2,60,100,51,0.0,61.325,125.45,0.0001,0,1.1,0,0.0018187,13.801,2.9589,61459,67180.0,6.4998,297.98,292.48,1.0535,6.2685,,35,,1.1456,0.19231,,,0.80343,0,,0,0,2,78,78,0,78.0,34403.0
43.4,60,100,51,0.0,61.926,121.73,0.0001,0,1.1,0,0.0018198,13.783,2.9953,61477,67207.0,6.5019,297.97,290.84,1.0572,6.2849,,35,,1.1462,0.1923,,,0.80623,0,,0,0,2,78,78,0,78.0,35408.0
43.6,60,100,51,0.0,61.678,119.01,0.0001,0,1.1,0,0.0018021,13.765,3.0317,61495,67234.0,6.5038,297.97,289.69,1.0608,6.2981,,35,,1.1515,0.19224,,,0.80903,0,,0,0,2,78,78,0,78.0,35247.0
43.8,60,100,51,0.0,60.664,116.62,0.0001,0,1.1,0,0.0018078,13.733,3.0682,61513,67261.0,6.5062,297.96,288.36,1.0645,6.3083,,35,,1.1602,0.19215,,,0.81184,0,,0,0,2,78,78,0,78.0,36587.0
44.0,60,100,51,0.0,58.708,113.87,0.0001,0,1.1,0,0.0018161,13.694,3.1045,61531,67288.0,6.5078,297.97,288.76,1.0682,6.3077,,35,,1.1702,0.19205,,,0.81465,0,,0,0,2,78,78,0,78.0,36092.0
44.2,60,100,57,0.0,56.093,113.02,0.0001,0,1.1,0,0.002015,13.492,3.1408,61549,67315.0,6.5043,297.98,291.78,1.0721,6.3042,,35,,1.2215,0.19156,,,0.81764,0,,0,0,2,78,78,0,78.0,35430.0
44.4,60,100,57,0.0,54.906,115.33,0.0001,0,1.1,0,0.0020386,13.424,3.1773,61567,67343.0,6.5014,297.99,295.06,1.0761,6.3289,,35,,1.2493,0.19128,,,0.82074,0,,0,0,2,78,78,0,78.0,36270.0
44.6,60,100,57,0.0,54.875,118.26,0.0001,0,1.1,0,0.0019931,13.432,3.2143,61585,67370.0,6.4989,297.99,296.33,1.0802,6.3668,,35,,1.2484,0.19128,,,0.82382,0,,0,0,2,78,78,0,78.0,35278.0
44.8,60,100,57,0.0,55.852,119.2,0.0001,0,1.1,0,0.0019923,13.416,3.2512,61604,67397.0,6.4996,298.0,297.86,1.0842,6.4053,,35,,1.2458,0.1913,,,0.82689,0,,0,0,2,78,78,0,78.0,36119.0
45.0,60,100,57,0.0,56.526,120.68,0.0001,0,1.1,0,0.0019261,13.451,3.2885,61622,67425.0,6.503,297.99,296.09,1.0881,6.4349,,35,,1.235,0.1914,,,0.8299,0,,0,0,2,78,78,0,78.0,36296.0
45.2,60,100,57,0.0,55.851,118.39,0.0001,0,1.1,0,0.0019022,13.426,3.326,61640,67452.0,6.5048,297.98,293.66,1.092,6.4689,,35,,1.2427,0.19132,,,0.83289,0,,0,0,2,78,78,0,78.0,37640.0
45.4,60,100,57,0.0,54.458,115.17,0.0001,0,1.1,0,0.0019095,13.393,3.3636,61658,67479.0,6.5037,297.97,290.01,1.0959,6.4925,,35,,1.2447,0.19129,,,0.83589,0,,0,0,2,78,78,0,78.0,37319.0
45.6,60,100,57,0.0,53.51,110.2,0.0001,0,1.1,0,0.0018945,13.383,3.4014,61676,67506.0,6.5018,297.96,287.86,1.0999,6.5121,,35,,1.2414,0.19131,,,0.83888,0,,0,0,2,78,78,0,78.0,37498.0
45.8,60,100,57,0.0,53.314,106.57,0.0001,0,1.1,0,0.0018579,13.392,3.4392,61694,67533.0,6.5012,297.96,286.26,1.1037,6.5255,,35,,1.2389,0.19133,,,0.84185,0,,0,0,2,78,78,0,78.0,37844.0
46.0,60,100,57,0.0,53.333,103.28,0.0001,0,1.1,0,0.0018234,13.39,3.4772,61712,67560.0,6.5004,297.96,287.85,1.1076,6.5306,,35,,1.236,0.19135,,,0.84478,0,,0,0,2,78,78,0,78.0,37357.0
46.2,60,100,57,0.0,53.706,103.59,0.0001,0,1.1,0,0.0018305,13.364,3.5152,61730,67587.0,6.5022,297.96,287.74,1.1114,6.5273,,35,,1.237,0.19133,,,0.84771,0,,0,0,2,78,78,0,78.0,38037.0
46.4,60,100,57,0.0,53.322,101.99,0.0001,0,1.1,0,0.0018231,13.352,3.5532,61747,67614.0,6.5029,297.97,288.97,1.1152,6.5247,,35,,1.233,0.19136,,,0.85065,0,,0,0,2,78,78,0,78.0,37550.0
46.6,60,100,57,0.0,52.699,102.02,0.0001,0,1.1,0,0.0018032,13.35,3.5911,61765,67641.0,6.5039,297.96,288.58,1.1191,6.5254,,35,,1.2287,0.1914,,,0.85357,0,,0,0,2,78,78,0,78.0,38230.0
46.8,60,100,57,0.0,51.656,100.23,0.0001,0,1.1,0,0.0018194,13.306,3.6292,61782,67667.0,6.5039,297.97,290.57,1.1229,6.5284,,35,,1.2346,0.19133,,,0.85651,0,,0,0,2,78,78,0,78.0,37411.0
47.0,60,100,57,0.0,50.629,101.29,0.0001,0,1.1,0,0.0018114,13.299,3.6677,61800,67694.0,6.5033,297.99,295.09,1.1267,6.537,,35,,1.229,0.19138,,,0.85944,0,,0,0,2,78,78,0,78.0,37427.0
47.2,60,100,57,0.0,49.814,105.56,0.0001,0,1.1,0,0.0017661,13.329,3.7061,61817,67720.0,6.5006,297.99,295.76,1.1305,6.5531,,35,,1.214,0.19151,,,0.86234,0,,0,0,2,78,78,0,78.0,37775.0
47.4,60,100,57,0.0,50.082,105.75,0.0001,0,1.1,0,0.0017514,13.316,3.7444,61834,67746.0,6.4987,297.99,295.17,1.1343,6.5616,,35,,1.2148,0.1915,,,0.86521,0,,0,0,2,78,78,0,78.0,38957.0
47.6,60,100,57,0.0,51.125,104.62,0.0001,0,1.1,0,0.0017775,13.26,3.7829,61851,67773.0,6.4984,297.99,294.66,1.138,6.5665,,35,,1.2284,0.19136,,,0.8681,0,,0,0,2,78,78,0,78.0,38806.0
47.8,60,100,57,0.0,52.283,103.55,0.0001,0,1.1,0,0.0017661,13.248,3.8215,61869,67799.0,6.496,297.99,297.02,1.1418,6.5812,,35,,1.2279,0.19136,,,0.87101,0,,0,0,2,78,78,0,78.0,38656.0
48.0,60,100,57,0.0,54.397,105.83,0.0001,0,1.1,0,0.0017387,13.242,3.8597,61887,67827.0,6.4962,297.99,295.46,1.1456,6.5971,1199.8,35,1977.8,1.2384,0.19125,3.7061,15.487,0.87389,0,49.362,0,0,2,78,78,0,78.0,38337.0
48.2,60,100,61,0.0,56.444,103.68,0.0001,0,1.1,0,0.0018101,13.149,3.8984,61906,67855.0,6.4993,297.98,293.46,1.1495,6.5984,,35,,1.2607,0.19103,,,0.87683,0,,0,0,2,78,78,0,78.0,39021.0
48.4,60,100,61,0.0,57.243,100.9,0.0001,0,1.1,0,0.001756,13.19,3.9369,61925,67884.0,6.5046,297.98,292.14,1.1533,6.6238,,35,,1.2504,0.19112,,,0.87976,0,,0,0,2,78,78,0,78.0,38870.0
48.6,60,100,61,0.0,55.905,98.67,0.0001,0,1.1,0,0.0017411,13.155,3.9757,61944,67912.0,6.5085,297.97,291.63,1.1571,6.6349,,35,,1.2677,0.19095,,,0.88265,0,,0,0,2,78,78,0,78.0,39554.0
48.8,60,100,61,0.0,53.009,97.223,0.0001,0,1.1,0,0.0017495,13.118,4.0146,61963,67940.0,6.5107,297.98,293.1,1.1608,6.6524,,35,,1.2734,0.19089,,,0.88555,0,,0,0,2,78,78,0,78.0,39738.0
49.0,60,100,61,0.0,49.259,98.054,0.0001,0,1.1,0,0.0017234,13.119,4.0532,61980,67967.0,6.5132,297.98,293.07,1.1646,6.6681,,35,,1.2696,0.19092,,,0.88843,0,,0,0,2,78,78,0,78.0,39755.0
49.2,60,100,61,0.0,44.51,97.237,0.0001,0,1.1,0,0.0017786,13.024,4.092,61997,67993.0,6.5099,297.99,295.61,1.1684,6.667,,35,,1.2902,0.19072,,,0.89136,0,,0,0,2,78,78,0,78.0,40105.0
49.4,60,100,61,0.0,41.069,99.502,0.0001,0,1.1,0,0.0017286,13.057,4.1308,62013,68018.0,6.506,297.99,295.85,1.1722,6.6756,,35,,1.274,0.19086,,,0.89427,0,,0,0,2,78,78,0,78.0,40122.0
49.6,60,100,61,0.0,39.183,99.3,0.0001,0,1.1,0,0.0016998,13.063,4.1695,62029,68043.0,6.5005,297.99,296.46,1.176,6.674,,35,,1.2688,0.19091,,,0.89714,0,,0,0,2,78,78,0,78.0,40973.0
49.8,60,100,61,0.0,39.518,99.63,0.0001,0,1.1,0,0.0016553,13.08,4.2085,62045,68068.0,6.4942,297.99,296.93,1.1797,6.6664,,35,,1.2618,0.19096,,,0.89996,0,,0,0,2,78,78,0,78.0,40991.0
50.0,60,100,61,0.0,42.344,99.855,0.0001,0,1.1,0,0.0016746,13.033,4.2473,62061,68093.0,6.4928,297.99,295.82,1.1834,6.6585,,35,,1.2807,0.19078,,,0.90278,0,,0,0,2,78,78,0,78.0,41342.0
50.2,60,100,61,0.0,45.725,98.271,0.0001,500,1.1,0,0.0016391,14.281,4.2793,62178,68220.0,6.4923,297.88,262.86,1.187,6.6588,,35,,0.97553,0.19366,,,0.90558,0,,0,0,2,78,78,0,78.0,41999.0
50.4,60,100,61,0.0,49.322,29.481,156.06,500,1.1,0,0.0016443,14.299,4.3113,62296,68346.0,6.4949,298.34,398.38,1.1906,6.5807,,35,,0.94489,0.19394,,,0.90836,0,,0,0,2,78,78,0,78.0,42156.0
50.6,60,100,61,0.0,51.852,186.07,15.606,500,1.1,0,0.0016618,14.288,4.3431,62414,68474.0,6.4989,298.14,340.44,1.1943,6.5029,,35,,0.95479,0.19384,,,0.91116,0,,0,0,2,78,78,0,78.0,41645.0
50.8,60,100,61,0.0,52.815,126.94,1.5606,500,1.1,0,0.0016662,14.296,4.3747,62532,68601.0,6.505,297.99,295.81,1.198,6.4257,,35,,0.95414,0.19384,,,0.91398,0,,0,0,2,78,78,0,78.0,41634.0
51.0,60,100,61,0.0,51.319,81.162,0.15606,500,1.1,0,0.0016534,14.318,4.4065,62650,68728.0,6.5102,297.91,271.34,1.2016,6.3584,,35,,0.9565,0.19381,,,0.91679,0,,0,0,2,78,78,0,78.0,42956.0
51.2,60,100,61,0.0,47.759,24.349,86.731,500,1.1,0,0.0016362,14.318,4.4382,62768,68855.0,6.5132,298.16,346.72,1.2053,6.3076,,35,,0.97065,0.19367,,,0.91957,0,,0,0,2,78,78,0,78.0,42445.0
51.4,60,100,61,0.0,42.996,110.01,8.6731,500,1.1,0,0.0016478,14.315,4.4703,62884,68980.0,6.511,298.08,323.21,1.2089,6.2718,,35,,0.97213,0.19365,,,0.92235,0,,0,0,2,78,78,0,78.0,41602.0
51.6,60,100,61,0.0,39.139,86.648,0.86731,500,1.1,0,0.0016675,14.293,4.5023,63000,69105.0,6.5034,298.01,301.2,1.2126,6.2595,,35,,0.98344,0.19353,,,0.92516,0,,0,0,2,78,78,0,78.0,42592.0
51.8,60,100,61,0.0,38.331,64.628,0.086731,500,1.1,0,0.0016572,14.302,4.5345,63115,69230.0,6.4954,297.95,285.3,1.2163,6.2601,,35,,0.98598,0.1935,,,0.92797,0,,0,0,2,78,78,0,78.0,41918.0
52.0,60,100,61,0.0,40.687,46.947,0.0086731,500,1.1,0,0.001644,14.337,4.5668,63231,69355.0,6.4902,297.92,274.48,1.2199,6.289,,35,,0.97096,0.19364,,,0.93078,0,,0,0,2,78,78,0,78.0,42409.0
52.2,60,100,65,0.0,45.106,14.084,60.765,500,1.1,0,0.0017365,14.253,4.5997,63348,69482.0,6.4887,298.12,333.02,1.2237,6.3315,,35,,0.99188,0.19343,,,0.93369,0,,0,0,2,78,78,0,78.0,42737.0
52.4,60,100,65,0.0,50.143,79.399,6.0765,500,1.1,0,0.0017301,14.26,4.6326,63467,69610.0,6.4925,298.07,319.53,1.2276,6.4157,,35,,1.0065,0.19329,,,0.93665,0,,0,0,2,78,78,0,78.0,43565.0
52.6,60,100,65,0.0,53.654,66.603,0.60765,500,1.1,0,0.0017259,14.262,4.6653,63586,69738.0,6.4994,298.02,304.23,1.2315,6.5085,,35,,1.02,0.19315,,,0.9396,0,,0,0,2,78,78,0,78.0,42559.0
52.8,60,100,65,0.0,54.409,51.849,0.060765,500,1.1,0,0.0017486,14.259,4.698,63706,69867.0,6.5057,297.98,292.64,1.2353,6.5927,,35,,1.0221,0.19313,,,0.94259,0,,0,0,2,78,78,0,78.0,42386.0
53.0,60,100,65,0.0,52.655,39.545,0.0060765,500,1.1,0,0.0017521,14.269,4.7303,63825,69996.0,6.5111,297.96,286.69,1.2393,6.673,,35,,1.0197,0.19314,,,0.94559,0,,0,0,2,78,78,0,78.0,44044.0
53.2,60,100,65,0.0,48.722,32.231,0.00060765,500,1.1,0,0.0017437,14.272,4.7623,63943,70124.0,6.5129,297.95,283.28,1.2432,6.7381,,35,,1.0329,0.19301,,,0.94858,0,,0,0,2,78,78,0,78.0,44035.0
53.4,60,100,65,0.0,44.097,9.6692,40.9,500,1.1,0,0.0017475,14.252,4.7944,64060,70251.0,6.5099,298.09,325.14,1.2471,6.7904,,35,,1.0474,0.19286,,,0.95158,0,,0,0,2,78,78,0,78.0,43526.0
53.6,60,100,65,0.0,40.668,55.981,4.09,500,1.1,0,0.0017369,14.278,4.8264,64177,70377.0,6.5046,298.06,317.98,1.251,6.8376,,35,,1.0388,0.19294,,,0.95457,0,,0,0,2,78,78,0,78.0,45016.0
53.8,60,100,65,0.0,39.347,50.033,0.409,500,1.1,0,0.0017298,14.288,4.8584,64293,70503.0,6.4992,298.04,311.02,1.2549,6.8657,,35,,1.0351,0.19296,,,0.95757,0,,0,0,2,78,78,0,78.0,44840.0
54.0,60,100,65,0.0,40.185,44.661,0.0409,500,1.1,0,0.0017103,14.31,4.8904,64410,70629.0,6.4941,298.02,305.32,1.2588,6.8822,,35,,1.0341,0.19297,,,0.96057,0,,0,0,2,78,78,0,78.0,44497.0
54.2,60,100,65,0.0,43.062,39.868,0.00409,500,1.1,0,0.0017015,14.331,4.9225,64527,70756.0,6.4932,298.0,299.78,1.2627,6.8819,,35,,1.034,0.19296,,,0.96355,0,,0,0,2,78,78,0,78.0,44821.0
54.4,60,100,65,0.0,46.301,34.535,0.000409,500,1.1,0,0.0017363,14.296,4.9545,64645,70883.0,6.4944,297.99,296.86,1.2667,6.8706,,35,,1.057,0.19274,,,0.96657,0,,0,0,2,78,78,0,78.0,44811.0
54.6,60,100,65,0.0,49.051,31.501,0.0001,500,1.1,0,0.0017145,14.332,4.9863,64763,71011.0,6.4995,297.99,294.53,1.2706,6.8658,,35,,1.061,0.19269,,,0.96957,0,,0,0,2,78,78,0,78.0,44801.0
54.8,60,100,65,0.0,49.744,28.725,0.0001,500,1.1,0,0.0017352,14.307,5.0179,64881,71139.0,6.5043,297.98,293.74,1.2745,6.8518,,35,,1.083,0.19247,,,0.97259,0,,0,0,2,78,78,0,78.0,45622.0
55.0,60,100,65,0.0,48.532,27.401,0.0001,500,1.1,0,0.0017295,14.281,5.0497,65000,71267.0,6.508,297.98,293.17,1.2785,6.8345,,35,,1.1148,0.19217,,,0.97561,0,,0,0,2,78,78,0,78.0,44945.0
55.2,60,100,65,0.0,45.865,26.187,0.0001,500,1.1,0,0.0017289,14.285,5.0816,65117,71395.0,6.5097,297.98,292.44,1.2824,6.8269,,35,,1.1235,0.19208,,,0.97863,0,,0,0,2,78,78,0,78.0,45935.0
55.4,60,100,65,0.0,42.505,24.713,0.0001,500,1.1,0,0.0017238,14.293,5.1138,65234,71521.0,6.5083,297.98,292.58,1.2864,6.8311,,35,,1.1244,0.19206,,,0.98165,0,,0,0,2,78,78,0,78.0,44593.0
55.6,60,100,65,0.0,39.699,24.15,0.0001,500,1.1,0,0.0017302,14.289,5.1461,65351,71648.0,6.5021,297.98,293.36,1.2903,6.8424,,35,,1.1284,0.19201,,,0.98468,0,,0,0,2,78,78,0,78.0,45918.0
55.8,60,100,65,0.0,39.4,24.297,0.0001,500,1.1,0,0.0017213,14.309,5.1784,65467,71774.0,6.4955,297.99,294.32,1.2943,6.8616,,35,,1.1219,0.19207,,,0.98772,0,,0,0,2,78,78,0,78.0,46743.0
56.0,60,100,65,0.0,41.702,24.724,0.0001,500,1.1,0,0.0017221,14.334,5.2106,65584,71900.0,6.4915,297.99,295.14,1.2982,6.8779,,35,,1.1153,0.19212,,,0.99076,0,,0,0,2,78,78,0,78.0,46067.0
56.2,60,100,72,0.0,45.6,25.097,0.0001,500,1.1,0,0.0018272,14.26,5.2434,65703,72029.0,6.4882,298.0,298.38,1.3024,6.9046,,34,,1.1364,0.19192,,,0.9939,0,,0,0,2,78,78,0,78.0,45062.0
56.4,60,100,72,0.0,50.843,28.293,0.0001,500,1.1,0,0.0018396,14.286,5.2761,65822,72159.0,6.4901,298.01,300.94,1.3065,6.9719,,34,,1.1261,0.192,,,0.99712,0,,0,0,2,78,78,0,78.0,46055.0
56.6,60,100,72,0.0,55.292,31.05,0.0001,500,1.1,0,0.0018411,14.307,5.3085,65943,72290.0,6.4954,298.02,303.31,1.3108,7.04,,34,,1.1252,0.192,,,1.0003,0,,0,0,2,78,78,0,78.0,46215.0
56.8,60,100,72,0.0,57.632,33.925,0.0001,500,1.1,0,0.0018226,14.339,5.341,66065,72422.0,6.5016,298.02,303.75,1.315,7.1067,,34,,1.1186,0.19206,,,1.0036,0,,0,0,2,78,78,0,78.0,46207.0
57.0,60,100,72,0.0,57.494,34.937,0.0001,500,1.1,0,0.0018145,14.354,5.3735,66186,72553.0,6.5068,298.02,304.44,1.3192,7.1667,,34,,1.1172,0.19206,,,1.0068,0,,0,0,2,78,78,0,78.0,46700.0
57.2,60,100,72,0.0,55.285,36.324,0.0001,500,1.1,0,0.0017888,14.37,5.4058,66307,72684.0,6.5105,298.02,304.44,1.3233,7.2238,,34,,1.1221,0.19201,,,1.01,0,,0,0,2,78,78,0,78.0,47525.0
57.4,60,100,72,0.0,51.592,37.018,0.0001,500,1.1,0,0.0017738,14.374,5.4379,66427,72814.0,6.5119,298.02,304.43,1.3275,7.2679,,34,,1.1322,0.19191,,,1.0132,0,,0,0,2,78,78,0,78.0,47182.0
57.6,60,100,72,0.0,47.353,37.72,0.0001,500,1.1,0,0.00176,14.364,5.4703,66546,72944.0,6.5106,298.02,304.65,1.3317,7.3047,,34,,1.1497,0.19173,,,1.0164,0,,0,0,2,78,78,0,78.0,47008.0
57.8,60,100,72,0.0,43.654,38.678,0.0001,500,1.1,0,0.0017492,14.373,5.5031,66665,73072.0,6.5055,298.02,304.98,1.3358,7.3443,,34,,1.154,0.19168,,,1.0195,0,,0,0,2,78,78,0,78.0,47669.0
58.0,60,100,72,0.0,41.978,39.78,0.0001,500,1.1,0,0.0017483,14.39,5.536,66783,73200.0,6.4987,298.02,305.29,1.3399,7.3851,,34,,1.1534,0.19168,,,1.0227,0,,0,0,2,78,78,0,78.0,48164.0
58.2,60,100,72,0.0,43.018,40.893,0.0001,500,1.1,0,0.0017347,14.417,5.569,66901,73329.0,6.4931,298.02,305.4,1.344,7.4161,,34,,1.1538,0.19167,,,1.0258,0,,0,0,2,78,78,0,78.0,47159.0
58.4,60,100,72,0.0,46.293,41.815,0.0001,500,1.1,0,0.0017194,14.452,5.602,67020,73458.0,6.4905,298.02,305.28,1.3481,7.4397,,34,,1.1466,0.19173,,,1.029,0,,0,0,2,78,78,0,78.0,48154.0
58.6,60,100,72,0.0,50.589,42.513,0.0001,500,1.1,0,0.001735,14.471,5.6353,67140,73588.0,6.4924,298.02,305.18,1.3522,7.4547,,34,,1.1374,0.19181,,,1.0321,0,,0,0,2,78,78,0,78.0,47984.0
58.8,60,100,72,0.0,54.147,43.217,0.0001,500,1.1,0,0.0017509,14.448,5.6689,67261,73719.0,6.4972,298.02,305.01,1.3563,7.4722,,34,,1.1589,0.1916,,,1.0352,0,,0,0,2,78,78,0,78.0,47482.0
59.0,60,100,72,0.0,55.76,43.839,0.0001,500,1.1,0,0.0017714,14.444,5.7024,67382,73850.0,6.503,298.02,305.41,1.3605,7.5046,,34,,1.1652,0.19153,,,1.0384,0,,0,0,2,78,78,0,78.0,48480.0
59.2,60,100,72,0.0,55.057,45.06,0.0001,500,1.1,0,0.0017625,14.469,5.7356,67503,73981.0,6.5086,298.02,304.75,1.3646,7.5318,,34,,1.1622,0.19155,,,1.0416,0,,0,0,2,78,78,0,78.0,48976.0
59.4,60,100,72,0.0,52.154,45.161,0.0001,500,1.1,0,0.0017414,14.511,5.7686,67623,74111.0,6.5107,298.02,303.36,1.3688,7.5421,,34,,1.1491,0.19167,,,1.0448,0,,0,0,2,78,78,0,78.0,48805.0
59.6,60,100,72,0.0,48.41,44.416,0.0001,500,1.1,0,0.0017253,14.506,5.8018,67742,74241.0,6.5111,298.01,300.94,1.3729,7.5392,,34,,1.1605,0.19155,,,1.048,0,,0,0,2,78,78,0,78.0,48301.0
59.8,60,100,72,0.0,44.496,42.408,0.0001,500,1.1,0,0.0017046,14.54,5.8352,67861,74370.0,6.5074,298.0,298.44,1.377,7.5298,,34,,1.1505,0.19164,,,1.0511,0,,0,0,2,78,78,0,78.0,49798.0
60.0,60,100,72,0.0,42.06,40.056,0.0001,500,1.1,0,0.0017167,14.533,5.8683,67979,74498.0,6.5,297.99,295.67,1.3811,7.5157,1199.4,34,1913.9,1.1545,0.19159,5.7356,17.221,1.0543,0,40.652,0,0,2,78,78,0,78.0,48294.0
60.2,60,100,76,0.0,42.601,37.131,0.0001,500,1.1,0,0.0017754,14.462,5.9019,68098,74627.0,6.4943,297.99,295.34,1.3854,7.4892,,33,,1.1936,0.19121,,,1.0575,0,,0,0,2,78,78,0,78.0,49792.0
60.4,60,100,76,0.0,45.401,36.519,0.0001,500,1.1,0,0.0017834,14.473,5.9355,68218,74757.0,6.4909,297.99,295.28,1.3896,7.4723,,33,,1.2012,0.19113,,,1.0608,0,,0,0,2,78,78,0,78.0,49623.0
60.6,60,100,76,0.0,49.536,36.101,0.0001,500,1.1,0,0.0017954,14.479,5.9691,68338,74888.0,6.4907,297.99,295.5,1.394,7.4666,,33,,1.2082,0.19106,,,1.0641,0,,0,0,2,78,78,0,78.0,49621.0
60.8,60,100,76,0.0,53.756,35.974,0.0001,500,1.1,0,0.0017923,14.504,6.0025,68459,75020.0,6.4933,297.99,294.43,1.3983,7.4667,,33,,1.2108,0.19103,,,1.0674,0,,0,0,2,78,78,0,78.0,49952.0
61.0,60,100,76,0.0,56.948,34.479,0.0001,500,1.1,0,0.0017678,14.546,6.0357,68581,75152.0,6.4994,297.98,293.58,1.4025,7.465,,33,,1.205,0.19107,,,1.0707,0,,0,0,2,78,78,0,78.0,50115.0
61.2,60,100,76,0.0,57.69,33.128,0.0001,500,1.1,0,0.0017704,14.543,6.0692,68703,75284.0,6.5048,297.99,293.58,1.4068,7.4613,,33,,1.2186,0.19093,,,1.0739,0,,0,0,2,78,78,0,78.0,50613.0
61.4,60,100,76,0.0,56.286,32.593,0.0001,500,1.1,0,0.0017671,14.562,6.1028,68825,75416.0,6.5094,297.99,294.15,1.4111,7.4631,,33,,1.2129,0.19098,,,1.0772,0,,0,0,2,78,78,0,78.0,50611.0
61.6,60,100,76,0.0,53.059,32.63,0.0001,500,1.1,0,0.0017669,14.576,6.1361,68946,75548.0,6.5112,297.99,294.78,1.4153,7.4771,,33,,1.2182,0.19092,,,1.0805,0,,0,0,2,78,78,0,78.0,49774.0
61.8,60,100,76,0.0,49.125,32.795,0.0001,500,1.1,0,0.0017687,14.548,6.1697,69066,75678.0,6.5095,297.99,296.3,1.4196,7.4914,,33,,1.2447,0.19066,,,1.0837,0,,0,0,2,78,78,0,78.0,50105.0
62.0,60,100,76,0.0,45.839,33.98,0.0001,500,1.1,0,0.0017567,14.564,6.2029,69186,75808.0,6.5047,297.99,296.72,1.4238,7.5129,,33,,1.2492,0.19061,,,1.087,0,,0,0,2,78,78,0,78.0,50935.0
62.2,60,100,76,0.0,44.494,34.144,0.0001,500,1.1,0,0.0017082,14.625,6.236,69305,75938.0,6.4987,297.99,295.98,1.428,7.5282,,33,,1.2341,0.19075,,,1.0902,0,,0,0,2,78,78,0,78.0,50597.0
62.4,60,100,76,0.0,45.552,33.142,0.0001,500,1.1,0,0.0016815,14.677,6.269,69424,76068.0,6.4958,297.99,294.98,1.4322,7.5305,,33,,1.2156,0.19091,,,1.0934,0,,0,0,2,78,78,0,78.0,50926.0
62.6,60,100,76,0.0,47.74,31.819,0.0001,500,1.1,0,0.0016307,14.724,6.3014,69544,76198.0,6.4938,297.98,292.3,1.4363,7.5273,,33,,1.2145,0.19092,,,1.0965,0,,0,0,2,78,78,0,78.0,50585.0
62.8,60,100,76,0.0,50.74,28.612,0.0001,500,1.1,0,0.0016465,14.716,6.3338,69665,76329.0,6.4913,297.98,290.99,1.4403,7.4963,,33,,1.2261,0.1908,,,1.0996,0,,0,0,2,78,78,0,78.0,51244.0
63.0,60,100,76,0.0,54.752,26.587,0.0001,500,1.1,0,0.0016967,14.695,6.3665,69786,76460.0,6.4923,297.98,292.18,1.4445,7.4636,,33,,1.236,0.1907,,,1.1028,0,,0,0,2,78,78,0,78.0,52571.0
63.2,60,100,76,0.0,58.352,27.011,0.0001,500,1.1,0,0.0017015,14.709,6.399,69908,76593.0,6.4964,297.98,292.15,1.4487,7.4399,,33,,1.2417,0.19064,,,1.106,0,,0,0,2,78,78,0,78.0,51897.0
63.4,60,100,76,0.0,60.307,26.224,0.0001,500,1.1,0,0.0017073,14.708,6.432,70031,76726.0,6.5002,297.98,292.39,1.4529,7.4223,,33,,1.2531,0.19052,,,1.1093,0,,0,0,2,78,78,0,78.0,51226.0
63.6,60,100,76,0.0,60.741,25.754,0.0001,500,1.1,0,0.0016952,14.726,6.4651,70153,76859.0,6.5025,297.98,292.37,1.457,7.4239,,33,,1.2578,0.19047,,,1.1125,0,,0,0,2,78,78,0,78.0,52054.0
63.8,60,100,76,0.0,60.248,25.033,0.0001,500,1.1,0,0.0016917,14.751,6.4981,70275,76991.0,6.5036,297.98,292.54,1.4612,7.4267,,33,,1.2508,0.19053,,,1.1157,0,,0,0,2,78,78,0,78.0,52216.0
64.0,60,100,76,0.0,59.343,24.513,0.0001,500,1.1,0,0.0016762,14.768,6.5312,70398,77124.0,6.5027,297.98,292.52,1.4654,7.434,,33,,1.2519,0.19051,,,1.1189,0,,0,0,2,78,78,0,78.0,53379.0
64.2,60,100,80,0.0,58.788,23.806,0.0001,500,1.1,0,0.0016945,14.763,6.5645,70520,77257.0,6.501,297.98,293.01,1.4696,7.4518,,32,,1.2616,0.19041,,,1.1221,0,,0,0,2,78,78,0,78.0,52209.0
64.4,60,100,80,0.0,58.92,23.631,0.0001,500,1.1,0,0.0016891,14.751,6.5979,70643,77391.0,6.4986,297.99,293.66,1.4739,7.4911,,32,,1.2848,0.19018,,,1.1254,0,,0,0,2,78,78,0,78.0,51872.0
64.6,60,100,80,0.0,60.005,23.67,0.0001,500,1.1,0,0.0016813,14.747,6.6314,70766,77524.0,6.497,297.99,294.6,1.4781,7.5302,,32,,1.3042,0.18999,,,1.1286,0,,0,0,2,78,78,0,78.0,51870.0
64.8,60,100,80,0.0,61.723,24.075,0.0001,500,1.1,0,0.0016943,14.753,6.6647,70890,77658.0,6.4937,297.99,295.93,1.4824,7.5815,,32,,1.3137,0.18989,,,1.1319,0,,0,0,2,78,78,0,78.0,53200.0
65.0,60,100,80,0.0,64.749,24.986,0.0001,500,1.1,0,0.0016724,14.796,6.6976,71014,77793.0,6.4937,297.99,296.01,1.4867,7.6362,,32,,1.3074,0.18994,,,1.1352,0,,0,0,2,78,78,0,78.0,53028.0
65.2,60,100,80,0.0,67.774,24.742,0.0001,500,1.1,0,0.0016544,14.83,6.7304,71138,77928.0,6.4968,297.99,294.92,1.4909,7.6774,,32,,1.3078,0.18993,,,1.1384,0,,0,0,2,78,78,0,78.0,54022.0
65.4,60,100,80,0.0,69.583,23.321,0.0001,500,1.1,0,0.0016346,14.841,6.7629,71263,78064.0,6.5005,297.98,293.5,1.495,7.7009,,32,,1.3236,0.18977,,,1.1416,0,,0,0,2,78,78,0,78.0,53515.0
65.6,60,100,80,0.0,69.895,21.48,0.0001,500,1.1,0,0.0016314,14.866,6.7953,71388,78199.0,6.5037,297.98,292.73,1.4992,7.7171,,32,,1.3215,0.18978,,,1.1448,0,,0,0,2,78,78,0,78.0,53674.0
65.8,60,100,80,0.0,68.921,20.148,0.0001,500,1.1,0,0.0016069,14.895,6.8273,71513,78334.0,6.506,297.98,291.44,1.5033,7.7165,,32,,1.3206,0.18978,,,1.148,0,,0,0,2,78,78,0,78.0,54331.0
66.0,60,100,80,0.0,67.038,18.181,0.0001,500,1.1,0,0.0016263,14.888,6.8595,71638,78469.0,6.5068,297.98,291.45,1.5075,7.7049,,32,,1.3283,0.1897,,,1.1511,0,,0,0,2,78,78,0,78.0,54322.0
66.2,60,100,80,0.0,64.824,17.416,0.0001,500,1.1,0,0.0016487,14.86,6.8923,71762,78604.0,6.5044,297.98,292.63,1.5117,7.694,,32,,1.3488,0.1895,,,1.1543,0,,0,0,2,78,78,0,78.0,54816.0
66.4,60,100,80,0.0,63.582,17.831,0.0001,500,1.1,0,0.0016634,14.865,6.9251,71885,78738.0,6.5011,297.99,294.08,1.5159,7.702,,32,,1.3566,0.18942,,,1.1576,0,,0,0,2,78,78,0,78.0,54644.0
66.6,60,100,80,0.0,63.676,18.61,0.0001,500,1.1,0,0.0016552,14.873,6.9582,72009,78872.0,6.4972,297.99,294.78,1.5201,7.7111,,32,,1.3645,0.18933,,,1.1608,0,,0,0,2,78,78,0,78.0,55473.0
66.8,60,100,80,0.0,65.336,18.787,0.0001,500,1.1,0,0.0016412,14.896,6.9913,72133,79007.0,6.4962,297.99,295.27,1.5244,7.7327,,32,,1.3674,0.1893,,,1.1641,0,,0,0,2,78,78,0,78.0,54135.0
67.0,60,100,80,0.0,67.376,18.846,0.0001,500,1.1,0,0.0016404,14.918,7.0242,72258,79142.0,6.4979,297.99,296.01,1.5286,7.7487,,32,,1.3614,0.18935,,,1.1673,0,,0,0,2,78,78,0,78.0,55297.0
67.2,60,100,80,0.0,68.747,19.206,0.0001,500,1.1,0,0.0016347,14.95,7.0573,72382,79278.0,6.5017,297.99,296.78,1.5328,7.7708,,32,,1.3537,0.18941,,,1.1706,0,,0,0,2,78,78,0,78.0,54626.0
67.4,60,100,80,0.0,68.562,19.681,0.0001,500,1.1,0,0.0016159,14.999,7.0901,72507,79413.0,6.5073,298.0,297.11,1.537,7.7922,,32,,1.3372,0.18956,,,1.1738,0,,0,0,2,78,78,0,78.0,55620.0
67.6,60,100,80,0.0,66.16,19.792,0.0001,500,1.1,0,0.0016131,15.022,7.1231,72631,79548.0,6.5109,298.0,297.31,1.5412,7.8115,,32,,1.3307,0.18961,,,1.177,0,,0,0,2,78,78,0,78.0,55115.0
67.8,60,100,80,0.0,62.313,19.807,0.0001,500,1.1,0,0.0016104,15.026,7.1559,72755,79682.0,6.511,298.0,297.68,1.5454,7.8371,,32,,1.338,0.18954,,,1.1803,0,,0,0,2,78,78,0,78.0,55609.0
68.0,60,100,80,0.0,58.455,20.027,0.0001,500,1.1,0,0.0015506,15.086,7.1883,72877,79815.0,6.5092,297.99,296.48,1.5495,7.8584,,32,,1.3294,0.18961,,,1.1834,0,,0,0,2,78,78,0,78.0,54935.0
68.2,60,100,84,0.0,55.291,18.707,0.0001,500,1.1,0,0.001557,15.094,7.2206,73000,79948.0,6.5059,297.99,295.61,1.5536,7.8545,,31,,1.3387,0.18951,,,1.1865,0,,0,0,2,78,78,0,78.0,55260.0
68.4,60,100,84,0.0,53.453,17.61,0.0001,500,1.1,0,0.001544,15.119,7.2526,73123,80081.0,6.5035,297.99,294.8,1.5577,7.8442,,31,,1.3402,0.18949,,,1.1897,0,,0,0,2,78,78,0,78.0,55584.0
68.6,60,100,84,0.0,52.588,16.486,0.0001,500,1.1,0,0.0015583,15.114,7.2849,73245,80214.0,6.5003,297.99,294.81,1.5618,7.8213,,31,,1.3512,0.18938,,,1.1928,0,,0,0,2,78,78,0,78.0,55575.0
68.8,60,100,84,0.0,52.973,16.084,0.0001,500,1.1,0,0.0015601,15.13,7.3169,73367,80347.0,6.4963,297.99,295.17,1.5659,7.8082,,31,,1.3539,0.18935,,,1.1959,0,,0,0,2,78,78,0,78.0,56732.0
69.0,60,100,84,0.0,54.972,16.022,0.0001,500,1.1,0,0.001565,15.153,7.3487,73490,80480.0,6.4946,297.99,295.26,1.57,7.7977,,31,,1.354,0.18934,,,1.1991,0,,0,0,2,78,78,0,78.0,56721.0
69.2,60,100,84,0.0,57.642,15.718,0.0001,500,1.1,0,0.0015353,15.204,7.3802,73613,80613.0,6.4945,297.99,294.02,1.574,7.7822,,31,,1.3473,0.18939,,,1.2022,0,,0,0,2,78,78,0,78.0,55876.0
69.4,60,100,84,0.0,60.359,14.103,0.0001,500,1.1,0,0.0015209,15.237,7.4115,73737,80748.0,6.497,297.98,292.31,1.5781,7.7587,,31,,1.3452,0.18941,,,1.2053,0,,0,0,2,78,78,0,78.0,55696.0
69.6,60,100,84,0.0,62.09,11.924,0.0001,500,1.1,0,0.0015026,15.27,7.4428,73861,80882.0,6.4997,297.98,290.65,1.582,7.7232,,31,,1.3421,0.18943,,,1.2083,0,,0,0,2,78,78,0,78.0,55850.0
69.8,60,100,84,0.0,62.714,9.6203,0.0001,500,1.1,0,0.0015066,15.282,7.4738,73985,81016.0,6.5017,297.97,289.82,1.586,7.6808,,31,,1.3463,0.18938,,,1.2114,0,,0,0,2,78,78,0,78.0,57835.0
70.0,60,100,84,0.0,62.577,7.9582,0.0001,500,1.1,0,0.0014732,15.326,7.5044,74109,81151.0,6.5054,297.97,287.87,1.5899,7.6351,,31,,1.3451,0.18938,,,1.2144,0,,0,0,2,78,78,0,78.0,57152.0
70.2,60,100,84,0.0,60.938,5.079,0.0001,500,1.1,0,0.0014753,15.338,7.5354,74233,81285.0,6.5087,297.97,287.03,1.5938,7.5761,,31,,1.3457,0.18937,,,1.2174,0,,0,0,2,78,78,0,78.0,57637.0
70.4,60,100,84,0.0,57.967,3.1183,0.0001,500,1.1,0,0.0014423,15.381,7.566,74356,81418.0,6.5096,297.96,285.6,1.5976,7.5323,,31,,1.3418,0.1894,,,1.2203,0,,0,0,2,78,78,0,78.0,57287.0
70.6,60,100,84,0.0,54.636,0.47016,0.0001,500,1.1,0,0.0014571,15.362,7.5966,74478,81551.0,6.5076,297.96,285.44,1.6015,7.4764,,31,,1.3641,0.18918,,,1.2233,0,,0,0,2,78,78,0,78.0,57771.0
70.8,60,100,84,0.0,52.114,0.0001,0.0001,500,1.1,0,0.0014673,15.377,7.6273,74600,81683.0,6.5039,297.96,285.67,1.6053,7.4344,,31,,1.3668,0.18915,,,1.2262,0,,0,0,2,78,78,0,78.0,57421.0
71.0,60,100,84,0.0,51.099,0.0001,0.0001,500,1.1,0,0.001453,15.404,7.6578,74722,81815.0,6.4978,297.96,285.65,1.6092,7.3975,,31,,1.3647,0.18916,,,1.2292,0,,0,0,2,78,78,0,78.0,57404.0
71.2,60,100,84,0.0,52.497,0.0001,0.0001,500,1.1,0,0.0014702,15.41,7.6883,74844,81948.0,6.4943,297.96,286.05,1.613,7.3672,,31,,1.3701,0.1891,,,1.2321,0,,0,0,2,78,78,0,78.0,57554.0
71.4,60,100,84,0.0,55.281,0.0001,0.0001,500,1.1,0,0.001451,15.446,7.7185,74967,82081.0,6.4928,297.96,285.59,1.6169,7.3502,,31,,1.3688,0.18911,,,1.2351,0,,0,0,2,78,78,0,78.0,58868.0
71.6,60,100,84,0.0,58.662,0.0001,0.0001,500,1.1,0,0.001443,15.461,7.7482,75090,82214.0,6.4947,297.96,284.72,1.6207,7.3334,,31,,1.3777,0.18902,,,1.238,0,,0,0,2,78,78,0,78.0,58014.0
71.8,60,100,84,0.0,61.275,0.0001,0.0001,500,1.1,0,0.0014448,15.472,7.7776,75213,82348.0,6.4974,297.96,283.85,1.6246,7.3225,,31,,1.3861,0.18893,,,1.241,0,,0,0,2,78,78,0,78.0,59492.0
72.0,60,100,84,0.0,62.839,0.0001,0.0001,500,1.1,0,0.0014524,15.469,7.8072,75337,82482.0,6.5008,297.96,283.35,1.6284,7.3104,1200.8,31,1815.2,1.4013,0.18878,7.6883,18.453,1.244,0,25.112,0,0,2,78,78,0,78.0,59470.0
72.2,60,100,90,0.0,63.046,0.0001,0.0001,500,1.1,0,0.001515,15.451,7.8374,75463,82618.0,6.5025,297.96,284.29,1.6324,7.3199,,30,,1.4203,0.18859,,,1.247,0,,0,0,2,78,78,0,78.0,58618.0
72.4,60,100,90,0.0,62.576,0.0001,0.0001,500,1.1,0,0.0015375,15.457,7.8679,75588,82754.0,6.5024,297.96,285.93,1.6364,7.3719,,30,,1.4271,0.18852,,,1.2501,0,,0,0,2,78,78,0,78.0,59435.0
72.6,60,100,90,0.0,62.138,0.017265,0.0001,500,1.1,0,0.001485,15.524,7.8982,75713,82889.0,6.5037,297.96,285.92,1.6404,7.438,,30,,1.4107,0.18866,,,1.2531,0,,0,0,2,78,78,0,78.0,58917.0
72.8,60,100,90,0.0,61.166,0.0001,0.0001,500,1.1,0,0.0014893,15.532,7.9281,75838,83025.0,6.505,297.96,285.64,1.6443,7.4946,,30,,1.4214,0.18856,,,1.2562,0,,0,0,2,78,78,0,78.0,59230.0
73.0,60,100,90,0.0,59.669,0.0001,0.0001,500,1.1,0,0.0014714,15.565,7.958,75962,83159.0,6.5047,297.96,284.61,1.6482,7.5421,,30,,1.4224,0.18854,,,1.2592,0,,0,0,2,78,78,0,78.0,59210.0
73.2,60,100,90,0.0,58.318,0.0001,0.0001,500,1.1,0,0.0014153,15.638,7.9875,76087,83294.0,6.5023,297.95,281.79,1.652,7.5856,,30,,1.4012,0.18873,,,1.2621,0,,0,0,2,78,78,0,78.0,59855.0
73.4,60,100,90,0.0,57.92,0.0001,0.0001,500,1.1,0,0.0014055,15.664,8.0169,76211,83428.0,6.4991,297.94,278.63,1.6558,7.6017,,30,,1.3983,0.18875,,,1.2649,0,,0,0,2,78,78,0,78.0,60499.0
73.6,60,100,90,0.0,58.789,0.0001,12.124,500,1.1,0,0.001431,15.645,8.0464,76335,83563.0,6.4959,297.97,287.41,1.6595,7.6074,,30,,1.4205,0.18853,,,1.2678,0,,0,0,2,78,78,0,78.0,58810.0
73.8,60,100,90,0.0,60.952,6.3521,1.2124,500,1.1,0,0.0014245,15.657,8.076,76460,83698.0,6.4946,297.96,284.86,1.6633,7.6113,,30,,1.4329,0.18841,,,1.2707,0,,0,0,2,78,78,0,78.0,60289.0
74.0,60,100,90,0.0,63.645,2.4972,0.12124,500,1.1,0,0.0014044,15.686,8.1052,76585,83834.0,6.4953,297.95,281.0,1.6671,7.6152,,30,,1.4391,0.18834,,,1.2736,0,,0,0,2,78,78,0,78.0,59432.0
74.2,60,100,90,0.0,66.054,0.74916,14.067,500,1.1,0,0.0014084,15.699,8.1346,76711,83970.0,6.4986,297.98,290.37,1.6708,7.6147,,30,,1.4465,0.18827,,,1.2765,0,,0,0,2,78,78,0,78.0,59243.0
74.4,60,100,90,0.0,67.142,7.8849,1.4067,500,1.1,0,0.0014221,15.711,8.1643,76837,84106.0,6.5025,297.97,287.27,1.6746,7.6161,,30,,1.4501,0.18822,,,1.2794,0,,0,0,2,78,78,0,78.0,59888.0
74.6,60,100,90,0.0,66.678,3.8112,0.14067,500,1.1,0,0.0013896,15.752,8.1937,76963,84242.0,6.506,297.95,282.62,1.6783,7.6242,,30,,1.4475,0.18824,,,1.2823,0,,0,0,2,78,78,0,78.0,60533.0
74.8,60,100,90,0.0,64.782,0.0001,0.014067,500,1.1,0,0.0013519,15.809,8.223,77088,84378.0,6.5088,297.94,277.43,1.682,7.62,,30,,1.4318,0.18838,,,1.2851,0,,0,0,2,78,78,0,78.0,59843.0
75.0,60,100,90,0.0,61.789,0.0001,13.146,500,1.1,0,0.0013316,15.847,8.2522,77213,84513.0,6.5111,297.96,284.02,1.6856,7.6068,,30,,1.4208,0.18848,,,1.2879,0,,0,0,2,78,78,0,78.0,60820.0
75.2,60,100,90,0.0,57.879,4.0922,1.3146,100,1.1,0,0.0013463,15.115,8.2904,77257,84567.0,6.5114,298.03,310.05,1.6892,7.5892,,30,,1.7153,0.18567,,,1.2906,0,,0,0,2,78,78,0,78.0,60668.0
75.4,60,100,90,0.0,53.853,27.056,0.13146,100,1.1,0,0.0013586,15.083,8.3289,77300,84621.0,6.5081,298.09,330.6,1.6929,7.7569,,30,,1.7663,0.18518,,,1.2934,0,,0,0,2,78,78,0,78.0,61519.0
75.6,60,100,90,0.0,51.164,47.094,0.013146,100,1.1,0,0.0013474,15.083,8.3677,77343,84674.0,6.5016,298.13,345.73,1.6965,7.9494,,30,,1.7653,0.18518,,,1.2962,0,,0,0,2,78,78,0,78.0,62204.0
75.8,60,100,90,0.0,51.06,64.212,0.0013146,100,1.1,0,0.0013601,15.048,8.4065,77386,84727.0,6.4954,298.16,358.05,1.7002,8.1539,,30,,1.777,0.18506,,,1.2991,0,,0,0,2,78,78,0,78.0,61723.0
76.0,60,100,90,0.0,53.419,80.335,0.00013146,100,1.1,0,0.0013648,15.023,8.4453,77429,84780.0,6.4933,298.19,367.03,1.7039,8.3569,,30,,1.7872,0.18496,,,1.3019,0,,0,0,2,78,78,0,78.0,62241.0
76.2,60,100,116,0.0,56.598,94.617,0.0001,100,1.1,0,0.0018019,14.669,8.4873,77478,84841.0,6.4856,298.24,386.26,1.7082,8.5506,,29,,1.9275,0.18361,,,1.3052,0,,0,0,2,78,78,0,78.0,62276.0
76.4,60,100,116,0.0,62.904,119.57,0.0001,100,1.1,0,0.0017571,14.718,8.5289,77529,84903.0,6.4836,298.27,398.57,1.7128,8.8856,,29,,1.9228,0.18364,,,1.3087,0,,0,0,2,78,78,0,78.0,61975.0
76.6,60,100,116,0.0,69.98,139.74,0.0001,100,1.1,0,0.0017078,14.763,8.5702,77581,84966.0,6.4864,298.29,405.3,1.7173,9.1939,,29,,1.9007,0.18385,,,1.3122,0,,0,0,2,78,78,0,78.0,62005.0
76.8,60,100,116,0.0,75.932,156.04,0.0001,100,1.1,0,0.0016885,14.765,8.611,77634,85030.0,6.492,298.31,411.99,1.7217,9.462,,29,,1.8994,0.18385,,,1.3156,0,,0,0,2,78,78,0,78.0,62867.0
77.0,60,100,116,0.0,79.639,173.11,0.0001,100,1.1,0,0.0016999,14.736,8.6519,77688,85096.0,6.499,298.31,413.42,1.7262,9.6789,,29,,1.9067,0.18377,,,1.319,0,,0,0,2,78,78,0,78.0,62062.0
77.2,60,100,116,0.0,80.574,185.9,0.0001,100,1.1,0,0.0017028,14.722,8.6926,77742,85161.0,6.5054,298.32,414.55,1.7306,9.8597,,29,,1.9075,0.18376,,,1.3224,0,,0,0,2,78,78,0,78.0,61923.0
77.4,60,100,116,0.0,78.941,198.67,0.0001,100,1.1,0,0.0016705,14.732,8.7333,77795,85226.0,6.5105,298.31,412.17,1.735,9.9905,,29,,1.8979,0.18384,,,1.3258,0,,0,0,2,78,78,0,78.0,63452.0
77.6,60,100,116,0.0,75.279,208.24,0.0001,100,1.1,0,0.0016759,14.685,8.7742,77849,85291.0,6.5132,298.29,406.03,1.7395,10.069,,29,,1.9192,0.18363,,,1.3292,0,,0,0,2,78,78,0,78.0,63647.0
77.8,60,100,116,0.0,70.52,214.12,0.0001,100,1.1,0,0.0016793,14.652,8.8154,77901,85354.0,6.5126,298.26,395.29,1.7439,10.103,,29,,1.9374,0.18344,,,1.3326,0,,0,0,2,78,78,0,78.0,63177.0
78.0,60,100,116,0.0,66.023,215.12,0.0001,100,1.1,0,0.0016492,14.644,8.8565,77952,85417.0,6.5101,298.23,382.88,1.7482,10.105,,29,,1.9419,0.18339,,,1.336,0,,0,0,2,78,78,0,78.0,63540.0
78.2,60,100,116,0.0,62.517,213.56,0.0001,100,1.1,0,0.0016582,14.592,8.898,78002,85479.0,6.5036,298.2,373.59,1.7526,10.069,,29,,1.9616,0.1832,,,1.3393,0,,0,0,2,78,78,0,78.0,63239.0
78.4,60,100,116,0.0,61.617,213.71,0.0001,100,1.1,0,0.0016368,14.585,8.94,78053,85540.0,6.4968,298.17,362.73,1.757,10.013,,29,,1.9637,0.18317,,,1.3427,0,,0,0,2,78,78,0,78.0,64773.0
78.6,60,100,116,0.0,63.401,211.38,0.0001,100,1.1,0,0.0016522,14.564,8.9821,78104,85603.0,6.4917,298.14,350.92,1.7614,9.945,,29,,1.9658,0.18314,,,1.3461,0,,0,0,2,78,78,0,78.0,64141.0
78.8,60,100,116,0.0,67.255,207.09,0.0001,100,1.1,0,0.0016108,14.625,9.0238,78155,85665.0,6.4911,298.12,341.22,1.7657,9.8755,,29,,1.9261,0.18351,,,1.3494,0,,0,0,2,78,78,0,78.0,64507.0
79.0,60,100,116,0.0,71.319,203.6,0.0001,100,1.1,0,0.0015801,14.622,9.065,78207,85729.0,6.4939,298.09,330.32,1.77,9.7856,,29,,1.9253,0.18351,,,1.3527,0,,0,0,2,78,78,0,78.0,64538.0
79.2,60,100,116,0.0,74.249,197.96,0.0001,100,1.1,0,0.0015716,14.635,9.1063,78260,85793.0,6.4989,298.07,323.33,1.7743,9.6803,,29,,1.9122,0.18363,,,1.3559,0,,0,0,2,78,78,0,78.0,65068.0
79.4,60,100,116,0.0,75.221,194.9,0.0001,100,1.1,0,0.0016029,14.595,9.1474,78313,85857.0,6.5051,298.05,317.32,1.7785,9.5729,,29,,1.9212,0.18353,,,1.3592,0,,0,0,2,78,78,0,78.0,65931.0
79.6,60,100,116,0.0,73.713,191.98,0.0001,100,1.1,0,0.0015423,14.651,9.1884,78366,85921.0,6.5107,298.04,311.67,1.7827,9.4776,,29,,1.8894,0.18383,,,1.3625,0,,0,0,2,78,78,0,78.0,64961.0
79.8,60,100,116,0.0,69.94,188.77,0.0001,100,1.1,0,0.0015419,14.616,9.2296,78418,85984.0,6.5127,298.02,306.88,1.7869,9.3811,,29,,1.8969,0.18375,,,1.3657,0,,0,0,2,78,78,0,78.0,65657.0
80.0,60,100,116,0.0,65.385,185.77,0.0001,100,1.1,0,0.0015641,14.566,9.2711,78469,86046.0,6.5118,298.02,306.71,1.7912,9.3041,,29,,1.9108,0.18361,,,1.3689,0,,0,0,2,78,78,0,78.0,66189.0
80.2,60,100,90,0.0,61.178,186.58,0.0001,100,1.1,0,0.00097536,15.181,9.3044,78514,86100.0,6.5234,297.96,282.51,1.7945,9.2526,,23,,1.6853,0.18576,,,1.3715,0,,0,0,2,78,78,0,78.0,66014.0
80.4,60,100,90,0.0,52.305,164.91,0.0001,100,1.1,0,0.00097238,15.158,9.3381,78557,86152.0,6.5267,297.9,262.47,1.7974,8.8997,,23,,1.6572,0.18602,,,1.3737,0,,0,0,2,78,78,0,78.0,66341.0
80.6,60,100,90,0.0,42.185,49.472,184.1,100,1.1,0,0.00099678,15.102,9.3726,78598,86202.0,6.5193,298.37,434.43,1.8002,8.5403,,23,,1.6697,0.1859,,,1.3759,0,,0,0,2,78,78,0,78.0,66839.0
80.8,60,100,90,0.0,35.032,206.24,18.41,100,1.1,0,0.0010052,15.069,9.4074,78637,86250.0,6.5069,298.33,421.05,1.803,8.2119,,23,,1.678,0.18581,,,1.3781,0,,0,0,2,78,78,0,78.0,66837.0
81.0,60,100,90,0.0,32.82,204.1,1.841,100,1.1,0,0.0010216,15.03,9.4428,78676,86298.0,6.4913,298.26,393.59,1.8059,7.919,,23,,1.6905,0.18569,,,1.3803,0,,0,0,2,78,78,0,78.0,65839.0
81.2,60,100,90,0.0,36.819,191.27,0.1841,100,1.1,0,0.00103,15.03,9.4783,78716,86347.0,6.4824,298.19,368.09,1.8089,7.6843,,23,,1.6801,0.18578,,,1.3826,0,,0,0,2,78,78,0,78.0,67175.0
81.4,60,100,90,0.0,44.363,177.78,0.01841,100,1.1,0,0.0010431,15.019,9.5141,78757,86397.0,6.4801,298.13,347.59,1.8119,7.5064,,23,,1.6757,0.18582,,,1.3849,0,,0,0,2,78,78,0,78.0,66512.0
81.6,60,100,90,0.0,52.829,166.34,0.001841,100,1.1,0,0.0010342,15.034,9.5495,78800,86449.0,6.4847,298.09,331.01,1.8149,7.3916,,23,,1.6667,0.1859,,,1.3871,0,,0,0,2,78,78,0,78.0,67014.0
81.8,60,100,90,0.0,59.428,156.37,0.0001841,100,1.1,0,0.0010308,15.044,9.5851,78844,86502.0,6.4947,298.04,314.23,1.8178,7.3195,,23,,1.6547,0.18601,,,1.3894,0,,0,0,2,78,78,0,78.0,67017.0
82.0,60,100,90,0.0,62.041,144.48,0.0001,100,1.1,0,0.0010304,15.041,9.6207,78888,86556.0,6.5077,298.01,301.23,1.8208,7.2977,,23,,1.6514,0.18603,,,1.3917,0,,0,0,2,78,78,0,78.0,67353.0
82.2,60,100,90,0.0,59.454,134.41,0.0001,100,1.1,0,0.0010485,15.0,9.6568,78933,86609.0,6.5163,297.99,295.13,1.8238,7.3244,,23,,1.6635,0.18591,,,1.394,0,,0,0,2,78,78,0,78.0,67358.0
82.4,60,100,90,0.0,53.474,129.35,0.0001,100,1.1,0,0.0010465,14.964,9.6933,78976,86662.0,6.5185,297.99,292.81,1.8268,7.403,,23,,1.6799,0.18575,,,1.3963,0,,0,0,2,78,78,0,78.0,68365.0
82.6,60,100,90,0.0,46.61,127.04,0.0001,100,1.1,0,0.0010332,14.957,9.7299,79017,86713.0,6.5135,297.98,292.28,1.8298,7.5304,,23,,1.6794,0.18575,,,1.3986,0,,0,0,2,78,78,0,78.0,67373.0
82.8,60,100,90,0.0,41.737,126.08,0.0001,100,1.1,0,0.0010524,14.919,9.7669,79058,86763.0,6.503,297.99,292.49,1.8328,7.6856,,23,,1.6895,0.18565,,,1.4009,0,,0,0,2,78,78,0,78.0,68550.0
83.0,60,100,90,0.0,41.068,125.71,0.0001,100,1.1,0,0.0010686,14.885,9.804,79099,86813.0,6.4931,297.99,292.57,1.8358,7.8607,,23,,1.7007,0.18554,,,1.4033,0,,0,0,2,78,78,0,78.0,69226.0
83.2,60,100,90,0.0,44.329,125.23,0.0001,100,1.1,0,0.0010686,14.878,9.8406,79140,86863.0,6.4868,297.99,293.02,1.8389,8.0462,,23,,1.7031,0.18551,,,1.4056,0,,0,0,2,78,78,0,78.0,67734.0
83.4,60,100,90,0.0,50.11,125.11,0.0001,100,1.1,0,0.001036,14.922,9.8767,79182,86915.0,6.4871,297.98,291.1,1.8419,8.2201,,23,,1.6798,0.18572,,,1.4079,0,,0,0,2,78,78,0,78.0,69573.0
83.6,60,100,90,0.0,55.768,122.83,0.0001,100,1.1,0,0.0010481,14.933,9.9123,79226,86968.0,6.4908,297.98,288.73,1.8449,8.3548,,23,,1.661,0.1859,,,1.4102,0,,0,0,2,78,78,0,78.0,68242.0
83.8,60,100,90,0.0,59.95,119.99,0.0001,100,1.1,0,0.00099543,14.986,9.9469,79270,87021.0,6.4994,297.96,284.54,1.8478,8.4618,,23,,1.6389,0.1861,,,1.4125,0,,0,0,2,78,78,0,78.0,68907.0
84.0,60,100,90,0.0,60.712,115.25,0.0001,100,1.1,0,0.0010032,14.962,9.9816,79315,87075.0,6.5085,297.95,279.72,1.8507,8.5054,1196.7,23,1777.1,1.6436,0.18605,9.8406,19.985,1.4147,0,26.099,0,0,2,78,78,0,78.0,69072.0
84.2,60,100,90,0.0,57.835,109.54,0.0001,100,1.1,0,0.0009844,14.978,10.016,79359,87128.0,6.5137,297.94,274.24,1.8536,8.5236,,23,,1.633,0.18615,,,1.4169,0,,0,0,2,78,78,0,78.0,69070.0
84.4,60,100,90,0.0,52.871,32.863,123.38,100,1.1,0,0.0010002,14.933,10.051,79402,87180.0,6.5133,298.26,394.2,1.8564,8.5061,,23,,1.6456,0.18602,,,1.4191,0,,0,0,2,78,78,0,78.0,69904.0
84.6,60,100,90,0.0,48.082,140.96,12.338,100,1.1,0,0.00098546,14.933,10.087,79444,87231.0,6.5101,298.25,392.02,1.8593,8.4764,,23,,1.6431,0.18604,,,1.4213,0,,0,0,2,78,78,0,78.0,69405.0
84.8,60,100,90,0.0,44.555,146.17,1.2338,100,1.1,0,0.00099391,14.903,10.122,79485,87282.0,6.5035,298.22,379.68,1.8621,8.4264,,23,,1.6496,0.18597,,,1.4235,0,,0,0,2,78,78,0,78.0,70574.0
85.0,60,100,90,0.0,43.694,144.27,0.12338,100,1.1,0,0.00097441,14.921,10.157,79526,87332.0,6.4971,298.18,366.03,1.865,8.3806,,23,,1.6365,0.18609,,,1.4257,0,,0,0,2,78,78,0,78.0,70241.0
85.2,60,100,90,0.0,45.394,140.15,0.012338,100,1.1,0,0.00099333,14.887,10.192,79568,87383.0,6.493,298.15,352.98,1.8678,8.3119,,23,,1.6469,0.18599,,,1.4278,0,,0,0,2,78,78,0,78.0,70574.0
85.4,60,100,90,0.0,48.689,135.25,0.0012338,100,1.1,0,0.00099919,14.883,10.227,79610,87434.0,6.493,298.12,343.57,1.8707,8.2427,,23,,1.6438,0.18601,,,1.43,0,,0,0,2,78,78,0,78.0,70409.0
85.6,60,100,90,0.0,51.984,132.38,0.00012338,100,1.1,0,0.00099566,14.868,10.262,79653,87486.0,6.4973,298.1,334.12,1.8735,8.1725,,23,,1.6531,0.18592,,,1.4322,0,,0,0,2,78,78,0,78.0,70742.0
85.8,60,100,90,0.0,53.565,128.47,0.0001,100,1.1,0,0.00099616,14.869,10.297,79696,87538.0,6.5027,298.07,325.8,1.8764,8.1016,,23,,1.646,0.18598,,,1.4345,0,,0,0,2,78,78,0,78.0,70073.0
86.0,60,100,90,0.0,52.997,124.66,0.0001,100,1.1,0,0.001014,14.832,10.332,79739,87590.0,6.5083,298.06,320.83,1.8793,8.0293,,23,,1.6546,0.18589,,,1.4367,0,,0,0,2,78,78,0,78.0,71574.0
86.2,60,100,90,0.0,50.206,123.07,0.0001,100,1.1,0,0.0010238,14.802,10.367,79781,87642.0,6.5103,298.05,317.24,1.8822,7.9822,,23,,1.6646,0.18579,,,1.4389,0,,0,0,2,78,78,0,78.0,71575.0
86.4,60,100,90,0.0,46.635,122.19,0.0001,100,1.1,0,0.00099425,14.817,10.402,79823,87693.0,6.5097,298.03,310.87,1.8851,7.9563,,23,,1.6584,0.18584,,,1.4412,0,,0,0,2,78,78,0,78.0,70741.0
86.6,60,100,90,0.0,43.296,118.37,0.0001,100,1.1,0,0.00098097,14.811,10.437,79864,87743.0,6.506,298.02,305.89,1.888,7.9319,,23,,1.6575,0.18585,,,1.4434,0,,0,0,2,78,78,0,78.0,71405.0
86.8,60,100,90,0.0,41.431,115.25,0.0001,100,1.1,0,0.00097056,14.821,10.471,79904,87792.0,6.5012,298.01,301.06,1.8908,7.912,,23,,1.6483,0.18593,,,1.4456,0,,0,0,2,78,78,0,78.0,71070.0
87.0,60,100,90,0.0,41.459,111.75,0.0001,100,1.1,0,0.00098262,14.792,10.506,79945,87842.0,6.4957,298.0,299.47,1.8937,7.9015,,23,,1.654,0.18587,,,1.4477,0,,0,0,2,78,78,0,78.0,72401.0
87.2,60,100,90,0.0,43.711,110.74,0.0001,100,1.1,0,0.00098153,14.784,10.541,79986,87892.0,6.4919,298.0,297.86,1.8965,7.9017,,23,,1.6541,0.18586,,,1.4499,0,,0,0,2,78,78,0,78.0,71399.0
87.4,60,100,90,0.0,47.484,109.48,0.0001,100,1.1,0,0.00099609,14.753,10.576,80028,87944.0,6.49,298.0,296.76,1.8994,7.9128,,23,,1.666,0.18575,,,1.4521,0,,0,0,2,78,78,0,78.0,72066.0
87.6,60,100,90,0.0,51.99,108.52,0.0001,100,1.1,0,0.0010007,14.746,10.611,80070,87996.0,6.4926,297.99,294.78,1.9023,7.9418,,23,,1.6663,0.18574,,,1.4544,0,,0,0,2,78,78,0,78.0,72234.0
87.8,60,100,90,0.0,55.474,106.65,0.0001,100,1.1,0,0.00098332,14.77,10.646,80114,88048.0,6.4985,297.99,292.37,1.9051,7.9821,,23,,1.6529,0.18586,,,1.4566,0,,0,0,2,78,78,0,78.0,72232.0
88.0,60,100,90,0.0,56.592,104.2,0.0001,100,1.1,0,0.0010033,14.756,10.681,80157,88101.0,6.5034,297.98,290.45,1.908,8.0272,,23,,1.6438,0.18594,,,1.4588,0,,0,0,2,78,78,0,78.0,72233.0
88.2,60,100,90,0.0,55.749,101.97,0.0001,100,1.1,0,0.0010114,14.727,10.716,80201,88154.0,6.5077,297.98,289.84,1.9109,8.0921,,23,,1.6535,0.18584,,,1.461,0,,0,0,2,78,78,0,78.0,72569.0
88.4,60,100,90,0.0,53.198,100.74,0.0001,100,1.1,0,0.0010126,14.717,10.752,80244,88206.0,6.5097,297.98,290.06,1.9139,8.1639,,23,,1.6541,0.18583,,,1.4633,0,,0,0,2,78,78,0,78.0,73071.0
88.6,60,100,90,0.0,49.864,100.17,0.0001,100,1.1,0,0.00098091,14.748,10.787,80286,88258.0,6.5094,297.98,290.83,1.9167,8.2257,,23,,1.636,0.186,,,1.4655,0,,0,0,2,78,78,0,78.0,72071.0
88.8,60,100,90,0.0,46.642,100.12,0.0001,100,1.1,0,0.00097791,14.736,10.822,80328,88309.0,6.5067,297.99,292.64,1.9196,8.2683,,23,,1.6317,0.18603,,,1.4677,0,,0,0,2,78,78,0,78.0,73403.0
89.0,60,100,90,0.0,44.504,101.07,0.0001,100,1.1,0,0.0009872,14.699,10.857,80369,88359.0,6.5009,297.99,294.24,1.9224,8.2987,,23,,1.6465,0.18589,,,1.4699,0,,0,0,2,78,78,0,78.0,73237.0
89.2,60,100,90,0.0,44.681,101.98,0.0001,100,1.1,0,0.0010243,14.638,10.893,80410,88410.0,6.4944,298.0,297.18,1.9254,8.3252,,23,,1.6666,0.18569,,,1.4721,0,,0,0,2,78,78,0,78.0,73075.0
89.4,60,100,90,0.0,47.455,104.28,0.0001,100,1.1,0,0.001039,14.616,10.929,80452,88462.0,6.4897,298.01,301.61,1.9283,8.3674,,23,,1.6761,0.18559,,,1.4744,0,,0,0,2,78,78,0,78.0,73415.0
89.6,60,100,90,0.0,52.09,108.18,0.0001,100,1.1,0,0.0010509,14.579,10.966,80495,88514.0,6.4886,298.02,304.47,1.9313,8.4124,,23,,1.6964,0.1854,,,1.4767,0,,0,0,2,78,78,0,78.0,73422.0
89.8,60,100,90,0.0,57.164,111.07,0.0001,100,1.1,0,0.0010425,14.587,11.002,80539,88567.0,6.4924,298.02,305.6,1.9343,8.4598,,23,,1.6966,0.18539,,,1.479,0,,0,0,2,78,78,0,78.0,72928.0
90.0,60,100,90,0.0,60.69,112.71,0.0001,100,1.1,0,0.0010435,14.58,11.038,80583,88621.0,6.4998,298.02,305.56,1.9373,8.497,,23,,1.6963,0.18538,,,1.4813,0,,0,0,2,78,78,0,78.0,73098.0
90.2,75,100,90,0.0,61.293,113.42,0.0001,100,1.1,0,0.0010303,14.946,11.073,80628,88676.0,6.508,298.02,306.13,1.5815,8.5233,,23,,1.6319,0.18977,,,1.5099,0,,0,0,2,78,78,0,78.0,73768.0
90.4,75,100,90,0.0,58.629,114.71,0.0001,100,1.1,0,0.0010127,14.957,11.109,80672,88729.0,6.513,298.02,305.45,1.5628,8.5383,,23,,1.5611,0.19035,,,1.492,0,,0,0,2,78,78,0,78.0,74437.0
90.6,75,100,90,0.0,53.966,114.92,0.0001,100,1.1,0,0.0010021,14.952,11.144,80715,88782.0,6.5126,298.02,305.39,1.5638,8.5321,,23,,1.5517,0.19042,,,1.493,0,,0,0,2,78,78,0,78.0,74940.0
90.8,75,100,90,0.0,49.46,115.64,0.0001,100,1.1,0,0.001043,14.883,11.181,80758,88834.0,6.507,298.02,305.04,1.5661,8.5227,,23,,1.5762,0.19023,,,1.4952,0,,0,0,2,78,78,0,78.0,74614.0
91.0,75,100,90,0.0,47.211,116.08,0.0001,100,1.1,0,0.0010405,14.876,11.218,80799,88885.0,6.5017,298.02,303.94,1.5685,8.5383,,23,,1.5767,0.19022,,,1.4974,0,,0,0,2,78,78,0,78.0,74955.0
91.2,75,100,90,0.0,47.033,115.82,0.0001,100,1.1,0,0.0010432,14.851,11.254,80841,88936.0,6.4962,298.02,304.29,1.5709,8.551,,23,,1.5892,0.19012,,,1.4997,0,,0,0,2,78,78,0,78.0,75631.0
91.4,75,100,90,0.0,49.084,116.77,0.0001,100,1.1,0,0.0010603,14.834,11.291,80883,88988.0,6.4931,298.02,305.04,1.5733,8.5648,,23,,1.5892,0.19011,,,1.502,0,,0,0,2,78,78,0,78.0,74306.0
91.6,75,100,90,0.0,52.371,118.08,0.0001,100,1.1,0,0.0010489,14.849,11.328,80926,89041.0,6.492,298.01,303.29,1.5757,8.5851,,23,,1.5796,0.19018,,,1.5044,0,,0,0,2,78,78,0,78.0,75479.0
91.8,75,100,90,0.0,56.092,117.21,0.0001,100,1.1,0,0.0010531,14.837,11.364,80970,89094.0,6.4944,298.01,302.46,1.5781,8.5882,,23,,1.5818,0.19016,,,1.5067,0,,0,0,2,78,78,0,78.0,75818.0
92.0,75,100,90,0.0,58.826,117.06,0.0001,100,1.1,0,0.0010599,14.833,11.4,81014,89148.0,6.4992,298.01,300.31,1.5805,8.5843,,23,,1.5722,0.19023,,,1.509,0,,0,0,2,78,78,0,78.0,76158.0
92.2,75,100,90,0.0,59.669,115.61,0.0001,100,1.1,0,0.0010538,14.824,11.436,81058,89202.0,6.5053,298.0,299.57,1.583,8.577,,23,,1.5772,0.19019,,,1.5113,0,,0,0,2,78,78,0,78.0,75830.0
92.4,75,100,90,0.0,58.052,115.24,0.0001,100,1.1,0,0.0010432,14.803,11.472,81102,89255.0,6.5115,298.01,300.6,1.5854,8.5626,,23,,1.5882,0.1901,,,1.5137,0,,0,0,2,78,78,0,78.0,76503.0
92.6,75,100,90,0.0,53.969,116.37,0.0001,100,1.1,0,0.001043,14.787,11.509,81145,89308.0,6.5138,298.01,302.79,1.5878,8.5459,,23,,1.5923,0.19006,,,1.516,0,,0,0,2,78,78,0,78.0,77009.0
92.8,75,100,90,0.0,48.995,118.6,0.0001,100,1.1,0,0.0010354,14.76,11.545,81187,89360.0,6.5119,298.02,303.71,1.5902,8.526,,23,,1.6085,0.18993,,,1.5183,0,,0,0,2,78,78,0,78.0,76184.0
93.0,75,100,90,0.0,44.781,119.88,0.0001,100,1.1,0,0.0010588,14.708,11.583,81228,89411.0,6.5061,298.02,304.5,1.5926,8.5187,,23,,1.6334,0.18974,,,1.5206,0,,0,0,2,78,78,0,78.0,77028.0
93.2,75,100,90,0.0,42.88,121.17,0.0001,100,1.1,0,0.0010826,14.649,11.62,81269,89462.0,6.4983,298.02,305.95,1.5951,8.5314,,23,,1.6666,0.18949,,,1.523,0,,0,0,2,78,78,0,78.0,77708.0
93.4,75,100,90,0.0,44.107,123.12,0.0001,100,1.1,0,0.0010686,14.652,11.658,81310,89513.0,6.4932,298.01,303.4,1.5976,8.5666,,23,,1.6683,0.18947,,,1.5253,0,,0,0,2,78,78,0,78.0,77389.0
93.6,75,100,90,0.0,47.351,121.61,0.0001,100,1.1,0,0.0010635,14.649,11.696,81352,89565.0,6.4919,298.01,302.89,1.6,8.6084,,23,,1.6726,0.18943,,,1.5277,0,,0,0,2,78,78,0,78.0,77903.0
93.8,75,100,90,0.0,51.107,121.77,0.0001,100,1.1,0,0.0010746,14.622,11.734,81395,89617.0,6.4948,298.02,303.48,1.6025,8.6518,,23,,1.6901,0.18929,,,1.53,0,,0,0,2,78,78,0,78.0,77750.0
94.0,75,100,90,0.0,53.707,122.82,0.0001,100,1.1,0,0.0010636,14.637,11.772,81438,89670.0,6.499,298.01,302.26,1.6049,8.7005,,23,,1.6775,0.18938,,,1.5324,0,,0,0,2,78,78,0,78.0,77929.0
94.2,75,100,90,0.0,54.63,122.29,0.0001,100,1.1,0,0.0010503,14.658,11.809,81481,89723.0,6.5037,298.01,299.65,1.6073,8.7465,,23,,1.6589,0.18952,,,1.5347,0,,0,0,2,78,78,0,78.0,77440.0
94.4,75,100,90,0.0,53.679,120.42,0.0001,100,1.1,0,0.0010637,14.627,11.846,81524,89776.0,6.508,298.0,298.78,1.6097,8.7777,,23,,1.6678,0.18945,,,1.537,0,,0,0,2,78,78,0,78.0,78286.0
94.6,75,100,90,0.0,50.986,119.9,0.0001,100,1.1,0,0.0010571,14.618,11.883,81567,89829.0,6.5107,298.0,296.26,1.6121,8.8199,,23,,1.6724,0.18941,,,1.5393,0,,0,0,2,78,78,0,78.0,78129.0
94.8,75,100,90,0.0,47.242,117.78,0.0001,100,1.1,0,0.0010657,14.583,11.92,81608,89881.0,6.5097,297.99,295.58,1.6146,8.8464,,23,,1.6879,0.18929,,,1.5416,0,,0,0,2,78,78,0,78.0,78639.0
95.0,75,100,90,0.0,43.877,117.08,0.0001,100,1.1,0,0.0010584,14.56,11.957,81650,89932.0,6.5063,297.99,292.64,1.617,8.8766,,23,,1.7045,0.18916,,,1.544,0,,0,0,2,78,78,0,78.0,77815.0
95.2,75,100,90,0.0,41.89,114.27,0.0001,100,1.1,0,0.0010795,14.507,11.995,81690,89982.0,6.5015,297.98,290.57,1.6194,8.8965,,23,,1.7274,0.18898,,,1.5463,0,,0,0,2,78,78,0,78.0,78327.0
95.4,75,100,90,0.0,41.814,112.0,0.0001,100,1.1,0,0.0010854,14.474,12.033,81731,90033.0,6.4963,297.97,287.8,1.6219,8.9296,,23,,1.7521,0.18879,,,1.5487,0,,0,0,2,78,78,0,78.0,79007.0
95.6,75,100,90,0.0,43.826,108.89,0.0001,100,1.1,0,0.0011011,14.44,12.071,81772,90084.0,6.4951,297.97,284.78,1.6244,8.9725,,23,,1.7676,0.18866,,,1.5511,0,,0,0,2,78,78,0,78.0,80022.0
95.8,75,100,90,0.0,46.277,105.29,0.0001,100,1.1,0,0.0010793,14.455,12.108,81814,90136.0,6.497,297.96,280.97,1.6269,9.0306,,23,,1.767,0.18866,,,1.5535,0,,0,0,2,78,78,0,78.0,79366.0
96.0,75,100,90,0.0,48.001,100.72,0.0001,100,1.1,0,0.0010694,14.446,12.145,81856,90188.0,6.5019,297.95,277.12,1.6293,9.0635,1199.2,23,1764.9,1.7741,0.1886,11.995,21.324,1.5558,0,34.779,0,0,2,78,78,0,78.0,79877.0
96.2,75,100,90,0.0,47.74,30.215,111.82,100,1.1,0,0.0010783,14.454,12.183,81898,90240.0,6.5069,298.24,389.19,1.6318,9.0909,,23,,1.754,0.18875,,,1.5582,0,,0,0,2,78,78,0,78.0,79222.0
96.4,75,100,90,0.0,45.496,127.96,11.182,100,1.1,0,0.0010799,14.436,12.22,81939,90291.0,6.5073,298.23,387.28,1.6343,9.1119,,23,,1.7544,0.18874,,,1.5605,0,,0,0,2,78,78,0,78.0,79236.0
96.6,75,100,90,0.0,43.115,132.94,1.1182,100,1.1,0,0.0010948,14.409,12.259,81980,90342.0,6.5062,298.2,376.63,1.6367,9.1328,,23,,1.7591,0.1887,,,1.5629,0,,0,0,2,78,78,0,78.0,79919.0
96.8,75,100,90,0.0,41.154,132.18,0.11182,100,1.1,0,0.0010893,14.4,12.297,82021,90393.0,6.5027,298.17,363.16,1.6392,9.1701,,23,,1.7591,0.1887,,,1.5653,0,,0,0,2,78,78,0,78.0,80270.0
97.0,75,100,90,0.0,40.596,128.06,0.011182,100,1.1,0,0.0010826,14.388,12.336,82061,90444.0,6.5006,298.14,350.39,1.6417,9.2061,,23,,1.7629,0.18867,,,1.5676,0,,0,0,2,78,78,0,78.0,79288.0
97.2,75,100,90,0.0,40.861,123.33,0.0011182,100,1.1,0,0.0010918,14.356,12.375,82101,90494.0,6.4988,298.1,337.62,1.6441,9.2442,,23,,1.7813,0.18852,,,1.57,0,,0,0,2,78,78,0,78.0,81306.0
97.4,75,100,90,0.0,41.858,117.35,0.00011182,100,1.1,0,0.001104,14.336,12.414,82142,90545.0,6.4976,298.08,326.89,1.6466,9.2879,,23,,1.7859,0.18848,,,1.5724,0,,0,0,2,78,78,0,78.0,80491.0
97.6,75,100,90,0.0,43.337,111.96,0.0001,100,1.1,0,0.0010862,14.347,12.452,82183,90597.0,6.4992,298.05,317.28,1.6491,9.3406,,23,,1.7803,0.18852,,,1.5748,0,,0,0,2,78,78,0,78.0,81008.0
97.8,75,100,90,0.0,44.186,106.49,0.0001,100,1.1,0,0.0010943,14.33,12.491,82224,90648.0,6.5003,298.03,308.57,1.6516,9.3762,,23,,1.7805,0.18851,,,1.5772,0,,0,0,2,78,78,0,78.0,80192.0
98.0,75,100,90,0.0,44.601,100.87,0.0001,100,1.1,0,0.0011287,14.275,12.53,82266,90700.0,6.5003,298.02,304.32,1.6541,9.4193,,23,,1.801,0.18835,,,1.5796,0,,0,0,2,78,78,0,78.0,81880.0
98.2,75,100,90,0.0,45.022,98.36,0.0001,100,1.1,0,0.0011063,14.298,12.569,82307,90752.0,6.5004,298.01,302.27,1.6567,9.4769,,23,,1.7874,0.18845,,,1.582,0,,0,0,2,78,78,0,78.0,80565.0
98.4,75,100,90,0.0,45.369,97.29,0.0001,100,1.1,0,0.0010693,14.324,12.606,82349,90803.0,6.501,298.0,298.5,1.6591,9.5078,,23,,1.7809,0.1885,,,1.5844,0,,0,0,2,78,78,0,78.0,81911.0
98.6,75,100,90,0.0,45.5,94.465,0.0001,100,1.1,0,0.0010617,14.322,12.644,82390,90855.0,6.5015,297.99,294.73,1.6616,9.503,,23,,1.7814,0.18849,,,1.5867,0,,0,0,2,78,78,0,78.0,81591.0
98.8,75,100,90,0.0,45.408,91.317,0.0001,100,1.1,0,0.0010795,14.274,12.682,82432,90907.0,6.5024,297.99,293.41,1.664,9.487,,23,,1.8059,0.1883,,,1.5891,0,,0,0,2,78,78,0,78.0,82938.0
99.0,75,100,90,0.0,44.953,89.964,0.0001,100,1.1,0,0.0010736,14.273,12.719,82473,90958.0,6.5017,297.99,293.05,1.6665,9.4669,,23,,1.8012,0.18833,,,1.5915,0,,0,0,2,78,78,0,78.0,82782.0
99.2,75,100,90,0.0,44.787,89.287,0.0001,100,1.1,0,0.0010937,14.248,12.756,82514,91010.0,6.5009,297.99,295.23,1.669,9.4271,,23,,1.8037,0.1883,,,1.5939,0,,0,0,2,78,78,0,78.0,82293.0
99.4,75,100,90,0.0,44.932,90.803,0.0001,100,1.1,0,0.0011179,14.213,12.794,82556,91062.0,6.5011,298.0,297.55,1.6715,9.3871,,23,,1.8187,0.18818,,,1.5963,0,,0,0,2,78,78,0,78.0,82806.0
99.6,75,100,90,0.0,45.011,92.6,0.0001,100,1.1,0,0.0010788,14.247,12.831,82597,91113.0,6.5012,298.0,296.98,1.674,9.3579,,23,,1.8028,0.1883,,,1.5987,0,,0,0,2,78,78,0,78.0,82818.0
99.8,75,100,90,0.0,45.048,92.069,0.0001,100,1.1,0,0.0010698,14.224,12.868,82638,91165.0,6.501,298.0,295.75,1.6764,9.3213,,23,,1.8248,0.18813,,,1.601,0,,0,0,2,78,78,0,78.0,82660.0
100.0,75,100,90,0.0,45.162,90.954,0.0001,100,1.1,0,0.0010652,14.222,12.905,82680,91216.0,6.5012,297.99,292.86,1.6789,9.2694,,23,,1.8252,0.18812,,,1.6033,0,,0,0,2,78,78,0,78.0,82169.0
100.2,75,100,90,0.0,45.183,88.274,0.0001,100,1.0,-4000,0.001066,13.379,12.942,82016,90468.0,6.5295,297.98,290.62,1.6719,9.2098,,23,,1.8024,0.18831,,,1.5967,0,,0,0,2,78,78,0,78.0,82511.0
100.4,75,100,90,0.0,33.829,85.919,0.0001,100,1.0,-4000,0.0010667,13.333,12.979,81350,89717.0,6.5445,297.98,289.07,1.6606,9.1493,,23,,1.806,0.1883,,,1.5858,0,,0,0,2,78,78,0,78.0,82856.0
100.6,75,100,90,0.0,16.606,83.931,0.0001,100,1.0,-4000,0.0010814,13.266,13.018,80681,88963.0,6.5356,297.98,290.3,1.6488,9.102,,23,,1.8023,0.18835,,,1.5745,0,,0,0,2,78,78,0,78.0,82538.0
100.8,75,100,90,0.0,2.965,84.267,0.0001,100,1.0,-4000,0.0010927,13.213,13.057,80010,88206.0,6.506,297.99,292.51,1.6371,9.0693,,23,,1.7934,0.18844,,,1.5633,0,,0,0,2,78,78,0,78.0,84058.0
101.0,75,100,90,0.0,1.1426,85.563,0.0001,100,1.0,-4000,0.001132,13.152,13.096,79338,87449.0,6.4753,297.99,295.04,1.6254,9.0593,,23,,1.7902,0.18849,,,1.552,0,,0,0,2,78,78,0,78.0,84913.0
101.2,75,100,90,0.0,11.565,87.365,0.0001,100,1.0,-4000,0.0011054,13.188,13.135,78668,86694.0,6.4628,298.0,295.88,1.6137,9.0718,,23,,1.7588,0.18875,,,1.5408,0,,0,0,2,78,78,0,78.0,83930.0
101.4,75,100,90,0.0,26.918,87.879,0.0001,100,1.0,-4000,0.0011654,13.133,13.174,78001,85942.0,6.4716,298.0,297.99,1.6019,9.0555,,23,,1.7589,0.18877,,,1.5295,0,,0,0,2,78,78,0,78.0,84285.0
101.6,75,100,90,0.0,38.747,89.693,0.0001,100,1.0,-4000,0.0011606,13.143,13.213,77337,85193.0,6.4946,298.01,299.13,1.5902,9.0505,,23,,1.742,0.18892,,,1.5183,0,,0,0,2,78,78,0,78.0,84639.0
101.8,75,100,90,0.0,41.396,90.806,0.0001,100,1.0,-4000,0.0011739,13.127,13.253,76673,84444.0,6.5204,298.01,301.38,1.5784,9.0319,,23,,1.724,0.18908,,,1.507,0,,0,0,2,78,78,0,78.0,85494.0
102.0,75,100,90,0.0,33.747,93.112,0.0001,100,1.0,-4000,0.0011825,13.078,13.293,76008,83693.0,6.5369,298.02,304.79,1.5666,9.0023,,23,,1.7196,0.18914,,,1.4957,0,,0,0,2,78,78,0,78.0,84186.0
102.2,75,100,90,0.0,19.547,96.741,0.0001,100,1.0,0,0.0011665,13.034,13.333,76045,83740.0,6.5047,298.03,307.42,1.5646,8.9825,,23,,1.7325,0.18904,,,1.4937,0,,0,0,2,78,78,0,78.0,85380.0
102.4,75,100,90,0.0,18.357,99.968,0.0001,100,1.0,0,0.0011651,13.014,13.374,76082,83787.0,6.4726,298.04,309.89,1.5667,8.9692,,23,,1.7397,0.18899,,,1.4957,0,,0,0,2,78,78,0,78.0,85907.0
102.6,75,100,90,0.0,29.824,103.34,0.0001,100,1.0,0,0.0011601,13.03,13.414,76121,83836.0,6.4576,298.04,310.48,1.5691,8.9594,,23,,1.7346,0.18902,,,1.498,0,,0,0,2,78,78,0,78.0,86433.0
102.8,75,100,90,0.0,47.248,105.17,0.0001,100,1.0,0,0.0011461,13.087,13.454,76163,83888.0,6.4632,298.03,309.51,1.5715,8.953,,23,,1.7089,0.18921,,,1.5003,0,,0,0,2,78,78,0,78.0,85123.0
103.0,75,100,90,0.0,62.435,105.61,0.0001,100,1.0,0,0.0011303,13.125,13.493,76208,83943.0,6.4801,298.03,308.94,1.5738,8.9382,,23,,1.6969,0.1893,,,1.5026,0,,0,0,2,78,78,0,78.0,86309.0
103.2,75,100,90,0.0,70.896,106.36,0.0001,100,1.0,0,0.001111,13.158,13.531,76255,84000.0,6.5002,298.03,306.89,1.5762,8.9018,,23,,1.683,0.1894,,,1.5048,0,,0,0,2,78,78,0,78.0,86492.0
103.4,75,100,90,0.0,71.335,105.63,0.0001,100,1.0,0,0.0011258,13.127,13.57,76302,84057.0,6.5173,298.02,305.35,1.5785,8.8537,,23,,1.6904,0.18934,,,1.507,0,,0,0,2,78,78,0,78.0,86177.0
103.6,75,100,90,0.0,64.928,105.21,0.0001,100,1.0,0,0.0010801,13.157,13.609,76348,84113.0,6.531,298.01,300.7,1.5808,8.817,,23,,1.6761,0.18944,,,1.5092,0,,0,0,2,78,78,0,78.0,86195.0
103.8,75,100,90,0.0,53.055,101.66,0.0001,100,1.0,0,0.0010664,13.136,13.647,76391,84166.0,6.5372,298.0,296.59,1.583,8.7809,,23,,1.681,0.1894,,,1.5113,0,,0,0,2,78,78,0,78.0,86546.0
104.0,75,100,90,0.0,38.718,98.213,0.0001,100,1.0,0,0.0010659,13.085,13.686,76432,84216.0,6.5296,297.99,292.09,1.5852,8.7432,,23,,1.7026,0.18923,,,1.5135,0,,0,0,2,78,78,0,78.0,86232.0
104.2,75,100,90,0.0,27.457,93.963,0.0001,100,1.0,0,0.0010561,13.067,13.726,76470,84264.0,6.5091,297.98,289.3,1.5874,8.7246,,23,,1.7051,0.18921,,,1.5156,0,,0,0,2,78,78,0,78.0,87919.0
104.4,75,100,90,0.0,24.388,90.877,0.0001,100,1.0,0,0.0010611,13.026,13.765,76508,84312.0,6.4868,297.98,288.61,1.5896,8.7142,,23,,1.725,0.18905,,,1.5177,0,,0,0,2,78,78,0,78.0,87108.0
104.6,75,100,90,0.0,30.208,89.468,0.0001,100,1.0,0,0.0010791,13.014,13.805,76547,84360.0,6.4747,297.98,289.74,1.5918,8.7205,,23,,1.7294,0.18902,,,1.5198,0,,0,0,2,78,78,0,78.0,87297.0
104.8,75,100,90,0.0,40.836,89.662,0.0001,100,1.0,0,0.0010776,13.045,13.844,76588,84411.0,6.4761,297.98,289.22,1.594,8.7396,,23,,1.7059,0.18919,,,1.5219,0,,0,0,2,78,78,0,78.0,87652.0
105.0,75,100,90,0.0,50.885,88.383,0.0001,100,1.0,0,0.0010614,13.08,13.883,76631,84464.0,6.4867,297.97,286.72,1.5962,8.7641,,23,,1.6921,0.18929,,,1.524,0,,0,0,2,78,78,0,78.0,88335.0
105.2,75,100,90,0.0,56.713,85.202,0.0001,100,1.0,0,0.0010584,13.085,13.921,76675,84518.0,6.5021,297.96,283.85,1.5984,8.7646,,23,,1.6943,0.18927,,,1.5261,0,,0,0,2,78,78,0,78.0,88350.0
105.4,75,100,90,0.0,56.375,81.45,0.0001,100,1.0,0,0.0010347,13.116,13.958,76719,84572.0,6.5165,297.95,279.57,1.6005,8.7518,,23,,1.6769,0.1894,,,1.5282,0,,0,0,2,78,78,0,78.0,88696.0
105.6,75,100,90,0.0,50.295,76.082,0.0001,100,1.0,0,0.0010172,13.103,13.996,76762,84624.0,6.5261,297.94,274.27,1.6026,8.7257,,23,,1.6825,0.18935,,,1.5302,0,,0,0,2,78,78,0,78.0,88376.0
105.8,75,100,90,0.0,40.379,22.824,90.096,100,1.0,0,0.0010119,13.089,14.034,76803,84675.0,6.5268,298.18,361.91,1.6047,8.6965,,23,,1.6725,0.18942,,,1.5322,0,,0,0,2,78,78,0,78.0,88558.0
106.0,75,100,90,0.0,30.201,103.46,9.0096,100,1.0,0,0.0010388,13.016,14.073,76841,84723.0,6.5145,298.17,360.04,1.6069,8.6834,,23,,1.6946,0.18925,,,1.5342,0,,0,0,2,78,78,0,78.0,88910.0
106.2,75,100,90,0.0,24.958,106.54,0.90096,100,1.0,0,0.0010029,13.025,14.112,76879,84770.0,6.4958,298.14,350.0,1.6089,8.7021,,23,,1.6971,0.18923,,,1.5362,0,,0,0,2,78,78,0,78.0,88762.0
106.4,75,100,90,0.0,27.166,103.54,0.090096,100,1.0,0,0.0010087,13.025,14.151,76917,84818.0,6.4818,298.12,341.57,1.611,8.719,,23,,1.6859,0.18931,,,1.5382,0,,0,0,2,78,78,0,78.0,89948.0
106.6,75,100,90,0.0,34.945,101.22,0.0090096,100,1.0,0,0.00098974,13.064,14.19,76957,84867.0,6.4805,298.1,332.07,1.6131,8.7408,,23,,1.6652,0.18946,,,1.5402,0,,0,0,2,78,78,0,78.0,88133.0
106.8,75,100,90,0.0,43.216,96.983,0.00090096,100,1.0,0,0.00099117,13.092,14.228,76998,84918.0,6.4892,298.06,320.52,1.6151,8.7522,,23,,1.6418,0.18963,,,1.5422,0,,0,0,2,78,78,0,78.0,88817.0
107.0,75,100,90,0.0,48.009,89.871,0.0001,100,1.0,0,0.00098845,13.109,14.266,77040,84970.0,6.5013,298.03,308.68,1.6171,8.7539,,23,,1.6293,0.18973,,,1.5441,0,,0,0,2,78,78,0,78.0,90499.0
107.2,75,100,90,0.0,47.998,81.356,0.0001,100,1.0,0,0.00099889,13.086,14.304,77083,85022.0,6.5116,298.01,300.07,1.6192,8.7444,,23,,1.6327,0.1897,,,1.5461,0,,0,0,2,78,78,0,78.0,90014.0
107.4,75,100,90,0.0,43.882,74.677,0.0001,100,1.0,0,0.00098938,13.076,14.343,77124,85074.0,6.5174,297.99,292.94,1.6212,8.7395,,23,,1.6294,0.18972,,,1.548,0,,0,0,2,78,78,0,78.0,90531.0
107.6,75,100,90,0.0,37.453,68.447,0.0001,100,1.0,0,0.00097719,13.082,14.381,77165,85123.0,6.5164,297.98,288.53,1.6232,8.7328,,23,,1.6134,0.18983,,,1.55,0,,0,0,2,78,78,0,78.0,89047.0
107.8,75,100,90,0.0,31.439,64.022,0.0001,100,1.0,0,0.00097196,13.063,14.419,77204,85172.0,6.5072,297.97,286.56,1.6252,8.7255,,23,,1.6146,0.18982,,,1.5519,0,,0,0,2,78,78,0,78.0,90896.0
108.0,75,100,90,0.0,29.088,61.385,0.0001,100,1.0,0,0.00095098,13.06,14.457,77242,85220.0,6.4958,297.97,284.95,1.6272,8.7226,1200.0,23,1758.2,1.6251,0.18974,14.304,22.684,1.5538,0,43.499,0,0,2,78,78,0,78.0,90577.0
108.2,75,100,90,0.0,31.289,58.84,0.0001,100,1.0,0,0.00096619,13.038,14.496,77281,85269.0,6.4871,297.96,283.32,1.6292,8.7133,,23,,1.6328,0.18968,,,1.5557,0,,0,0,2,78,78,0,78.0,90926.0
108.4,75,100,90,0.0,36.956,56.096,0.0001,100,1.0,0,0.00096764,13.037,14.534,77321,85319.0,6.4866,297.96,281.59,1.6312,8.7121,,23,,1.638,0.18963,,,1.5576,0,,0,0,2,78,78,0,78.0,91774.0
108.6,75,100,90,0.0,42.806,53.099,0.0001,100,1.0,0,0.00097108,13.037,14.572,77363,85369.0,6.4939,297.95,280.15,1.6332,8.7042,,23,,1.6367,0.18964,,,1.5595,0,,0,0,2,78,78,0,78.0,91122.0
108.8,75,100,90,0.0,45.745,50.199,0.0001,100,1.0,0,0.0009992,13.003,14.61,77404,85421.0,6.5025,297.95,280.16,1.6352,8.6992,,23,,1.6454,0.18957,,,1.5614,0,,0,0,2,78,78,0,78.0,91306.0
109.0,75,100,90,0.0,45.276,48.508,0.0001,100,1.0,0,0.0010198,12.955,14.649,77446,85473.0,6.5096,297.95,280.41,1.6373,8.7091,,23,,1.6702,0.18938,,,1.5634,0,,0,0,2,78,78,0,78.0,91492.0
109.2,75,100,90,0.0,41.95,47.014,0.0001,100,1.0,0,0.0010133,12.934,14.688,77487,85524.0,6.5127,297.96,282.64,1.6393,8.7441,,23,,1.685,0.18926,,,1.5654,0,,0,0,2,78,78,0,78.0,90512.0
109.4,75,100,90,0.0,37.396,47.395,0.0001,100,1.0,0,0.00098818,12.959,14.727,77527,85574.0,6.5114,297.96,284.06,1.6414,8.7877,,23,,1.6651,0.18941,,,1.5674,0,,0,0,2,78,78,0,78.0,90865.0
109.6,75,100,90,0.0,33.358,47.208,0.0001,100,1.0,0,0.00096666,12.967,14.766,77567,85623.0,6.5061,297.97,285.41,1.6434,8.8269,,23,,1.6601,0.18944,,,1.5693,0,,0,0,2,78,78,0,78.0,92716.0
109.8,75,100,90,0.0,31.467,47.108,0.0001,100,1.0,0,0.00097748,12.943,14.805,77606,85671.0,6.4979,297.97,287.44,1.6453,8.8568,,23,,1.6673,0.18938,,,1.5712,0,,0,0,2,78,78,0,78.0,92734.0
110.0,75,100,90,0.0,32.83,47.788,0.0001,100,1.0,0,0.0010026,12.907,14.844,77645,85721.0,6.4921,297.98,289.21,1.6473,8.8784,,23,,1.6762,0.18931,,,1.5731,0,,0,0,2,78,78,0,78.0,92587.0
110.2,75,100,90,0.0,36.51,48.406,0.0001,100,1.0,0,0.0009817,12.946,14.882,77685,85770.0,6.4902,297.98,289.86,1.6493,8.8983,,23,,1.6541,0.18948,,,1.575,0,,0,0,2,78,78,0,78.0,92939.0
110.4,75,100,90,0.0,40.955,48.174,0.0001,100,1.0,0,0.00099657,12.924,14.921,77726,85821.0,6.4921,297.98,290.44,1.6513,8.9106,,23,,1.662,0.18941,,,1.5769,0,,0,0,2,78,78,0,78.0,92623.0
110.6,75,100,90,0.0,44.633,47.959,0.0001,100,1.0,0,0.00096944,12.945,14.959,77768,85872.0,6.4981,297.98,289.37,1.6533,8.9201,,23,,1.6678,0.18936,,,1.5788,0,,0,0,2,78,78,0,78.0,92805.0
110.8,75,100,90,0.0,45.914,46.269,0.0001,100,1.0,0,0.00096001,12.952,14.997,77810,85924.0,6.5051,297.98,288.3,1.6553,8.9067,,23,,1.6653,0.18938,,,1.5807,0,,0,0,2,78,78,0,78.0,93318.0
111.0,75,100,90,0.0,44.401,44.499,0.0001,100,1.0,0,0.00093477,12.973,15.034,77851,85975.0,6.5109,297.97,285.65,1.6572,8.8788,,23,,1.6543,0.18946,,,1.5825,0,,0,0,2,78,78,0,78.0,92829.0
111.2,75,100,90,0.0,40.546,41.149,0.0001,100,1.0,0,0.00091767,12.975,15.071,77892,86026.0,6.5128,297.96,283.47,1.659,8.8259,,23,,1.6541,0.18946,,,1.5843,0,,0,0,2,78,78,0,78.0,93173.0
111.4,75,100,90,0.0,35.942,38.003,0.0001,100,1.0,0,0.00092125,12.939,15.108,77932,86075.0,6.5091,297.96,282.6,1.6609,8.7574,,23,,1.674,0.1893,,,1.5861,0,,0,0,2,78,78,0,78.0,93183.0
111.6,75,100,90,0.0,32.82,35.853,0.0001,100,1.0,0,0.00090015,12.962,15.145,77971,86124.0,6.502,297.96,280.96,1.6627,8.6947,,23,,1.6605,0.1894,,,1.5878,0,,0,0,2,78,78,0,78.0,93358.0
111.8,75,100,90,0.0,32.554,32.871,0.0001,100,1.0,0,0.00089488,12.957,15.181,78010,86172.0,6.4966,297.95,279.45,1.6645,8.6269,,23,,1.6678,0.18934,,,1.5895,0,,0,0,2,78,78,0,78.0,93696.0
112.0,75,100,90,0.0,34.444,29.85,0.0001,100,1.0,0,0.00092272,12.914,15.217,78050,86221.0,6.4937,297.95,279.74,1.6663,8.5501,,23,,1.6805,0.18924,,,1.5913,0,,0,0,2,78,78,0,78.0,94536.0
112.2,75,100,90,0.0,37.474,28.36,0.0001,100,1.0,0,0.00091902,12.928,15.254,78090,86271.0,6.4943,297.95,280.13,1.6681,8.4952,,23,,1.6716,0.18931,,,1.593,0,,0,0,2,78,78,0,78.0,93708.0
112.4,75,100,90,0.0,40.274,26.947,0.0001,100,1.0,0,0.00088341,12.986,15.289,78131,86321.0,6.4997,297.95,278.8,1.6699,8.4505,,23,,1.6458,0.1895,,,1.5947,0,,0,0,2,78,78,0,78.0,95042.0
112.6,75,100,90,0.0,40.903,23.98,0.0001,100,1.0,0,0.00087203,13.005,15.323,78171,86371.0,6.5043,297.95,277.8,1.6716,8.3816,,23,,1.6276,0.18963,,,1.5964,0,,0,0,2,78,78,0,78.0,94540.0
112.8,75,100,90,0.0,39.697,7.194,34.354,100,1.0,0,0.00088335,12.987,15.358,78212,86421.0,6.5069,298.04,311.99,1.6734,8.3081,,23,,1.6183,0.1897,,,1.5981,0,,0,0,2,78,78,0,78.0,94374.0
113.0,75,100,90,0.0,37.479,36.95,3.4354,100,1.0,0,0.00089884,12.95,15.394,78252,86471.0,6.5067,298.04,312.95,1.6751,8.2651,,23,,1.6321,0.18959,,,1.5998,0,,0,0,2,78,78,0,78.0,94376.0
113.2,75,100,90,0.0,35.331,38.63,0.34354,100,1.0,0,0.00092091,12.9,15.43,78291,86520.0,6.5034,298.04,312.08,1.677,8.2431,,23,,1.6568,0.1894,,,1.6015,0,,0,0,2,78,78,0,78.0,94880.0
113.4,75,100,90,0.0,34.518,39.392,0.034354,100,1.0,0,0.00088239,12.942,15.465,78331,86569.0,6.5002,298.03,308.53,1.6787,8.2508,,23,,1.6419,0.18951,,,1.6032,0,,0,0,2,78,78,0,78.0,95047.0
113.6,75,100,90,0.0,34.938,37.614,0.0034354,100,1.0,0,0.00089528,12.926,15.5,78370,86618.0,6.4972,298.02,306.37,1.6805,8.245,,23,,1.6385,0.18953,,,1.6049,0,,0,0,2,78,78,0,78.0,95714.0
113.8,75,100,90,0.0,36.561,36.818,0.00034354,100,1.0,0,0.00088828,12.906,15.535,78410,86667.0,6.497,298.02,304.06,1.6822,8.2548,,23,,1.6544,0.18941,,,1.6066,0,,0,0,2,78,78,0,78.0,95549.0
114.0,75,100,90,0.0,38.29,35.643,0.0001,100,1.0,0,0.00088736,12.898,15.571,78450,86717.0,6.4984,298.01,301.67,1.684,8.2765,,23,,1.6559,0.1894,,,1.6083,0,,0,0,2,78,78,0,78.0,96051.0
114.2,75,100,90,0.0,39.461,34.172,0.0001,100,1.0,0,0.00089526,12.874,15.606,78491,86767.0,6.5008,298.01,299.64,1.6858,8.3111,,23,,1.6676,0.1893,,,1.61,0,,0,0,2,78,78,0,78.0,96554.0
114.4,75,100,90,0.0,39.666,32.786,0.0001,100,1.0,0,0.00091028,12.833,15.643,78531,86817.0,6.5034,298.0,298.63,1.6876,8.3659,,23,,1.686,0.18916,,,1.6117,0,,0,0,2,78,78,0,78.0,96060.0
114.6,75,100,90,0.0,38.831,32.145,0.0001,100,1.0,0,0.0009177,12.812,15.679,78571,86867.0,6.5057,298.0,298.09,1.6894,8.4481,,23,,1.6961,0.18908,,,1.6135,0,,0,0,2,78,78,0,78.0,95233.0
114.8,75,100,90,0.0,37.089,31.807,0.0001,100,1.0,0,0.00091691,12.799,15.715,78611,86917.0,6.5069,298.0,296.71,1.6913,8.5362,,23,,1.704,0.18902,,,1.6152,0,,0,0,2,78,78,0,78.0,95906.0
115.0,75,100,90,0.0,34.84,30.629,0.0001,100,1.0,0,0.00089904,12.813,15.751,78651,86966.0,6.5056,297.99,294.49,1.6931,8.6223,,23,,1.6924,0.1891,,,1.617,0,,0,0,2,78,78,0,78.0,96412.0
115.2,75,100,90,0.0,33.148,28.558,0.0001,100,1.0,0,0.00089952,12.802,15.787,78690,87015.0,6.5029,297.99,292.81,1.6948,8.6975,,23,,1.6919,0.1891,,,1.6187,0,,0,0,2,78,78,0,78.0,96583.0
115.4,75,100,90,0.0,32.516,26.783,0.0001,100,1.0,0,0.00091187,12.77,15.823,78729,87064.0,6.4991,297.99,292.29,1.6967,8.7608,,23,,1.7061,0.18899,,,1.6204,0,,0,0,2,78,78,0,78.0,96088.0
115.6,75,100,90,0.0,33.412,25.894,0.0001,100,1.0,0,0.00090123,12.776,15.859,78769,87113.0,6.4972,297.98,291.15,1.6985,8.8209,,23,,1.7084,0.18897,,,1.6221,0,,0,0,2,78,78,0,78.0,96924.0
115.8,75,100,90,0.0,35.035,24.361,0.0001,100,1.0,0,0.00092435,12.74,15.895,78808,87162.0,6.4968,297.98,290.58,1.7003,8.8538,,23,,1.7222,0.18886,,,1.6239,0,,0,0,2,78,78,0,78.0,96929.0
116.0,75,100,90,0.0,36.825,23.251,0.0001,100,1.0,0,0.00093076,12.718,15.931,78848,87212.0,6.4982,297.98,290.45,1.7021,8.8761,,23,,1.7336,0.18877,,,1.6257,0,,0,0,2,78,78,0,78.0,97769.0
116.2,75,100,90,0.0,38.061,22.485,0.0001,100,1.0,0,0.00094788,12.704,15.968,78888,87262.0,6.4996,297.98,290.81,1.704,8.8989,,23,,1.7278,0.18881,,,1.6274,0,,0,0,2,78,78,0,78.0,97946.0
116.4,75,100,90,0.0,38.754,22.136,0.0001,100,1.0,0,0.00094601,12.713,16.005,78929,87312.0,6.5019,297.98,290.56,1.7058,8.931,,23,,1.7143,0.18891,,,1.6292,0,,0,0,2,78,78,0,78.0,97788.0
116.6,75,100,90,0.0,38.521,21.258,0.0001,100,1.0,0,0.00096789,12.659,16.043,78969,87362.0,6.5022,297.99,291.74,1.7077,8.9371,,23,,1.7384,0.18873,,,1.631,0,,0,0,2,78,78,0,78.0,98800.0
116.8,75,100,90,0.0,38.157,21.677,0.0001,100,1.0,0,0.00096013,12.642,16.08,79009,87413.0,6.5022,297.99,292.25,1.7096,8.9552,,23,,1.7561,0.18859,,,1.6329,0,,0,0,2,78,78,0,78.0,98646.0
117.0,75,100,90,0.0,37.806,21.573,0.0001,100,1.0,0,0.00096281,12.632,16.118,79049,87463.0,6.5024,297.99,293.35,1.7115,8.9725,,23,,1.7582,0.18857,,,1.6347,0,,0,0,2,78,78,0,78.0,97824.0
117.2,75,100,90,0.0,37.352,22.072,0.0001,100,1.0,0,0.00094521,12.644,16.155,79090,87513.0,6.5018,297.99,293.14,1.7134,8.9787,,23,,1.7549,0.18859,,,1.6365,0,,0,0,2,78,78,0,78.0,98835.0
117.4,75,100,90,0.0,37.172,21.466,0.0001,100,1.0,0,0.00094364,12.631,16.192,79130,87563.0,6.5004,297.99,293.16,1.7152,8.9718,,23,,1.7611,0.18854,,,1.6383,0,,0,0,2,78,78,0,78.0,99012.0
117.6,75,100,90,0.0,37.522,21.08,0.0001,100,1.0,0,0.00090787,12.667,16.228,79170,87613.0,6.5015,297.99,292.19,1.7171,8.9545,,23,,1.7513,0.18861,,,1.64,0,,0,0,2,78,78,0,78.0,98519.0
117.8,75,100,90,0.0,37.437,19.79,0.0001,100,1.0,0,0.00091345,12.631,16.265,79210,87663.0,6.5017,297.99,292.04,1.7188,8.9113,,23,,1.7712,0.18845,,,1.6417,0,,0,0,2,78,78,0,78.0,99361.0
118.0,75,100,90,0.0,37.267,19.164,0.0001,100,1.0,0,0.00090502,12.629,16.301,79250,87712.0,6.5024,297.99,291.88,1.7206,8.8759,,23,,1.7793,0.18839,,,1.6434,0,,0,0,2,78,78,0,78.0,99700.0
118.2,75,100,90,0.0,36.845,18.505,0.0001,100,1.0,0,0.0009165,12.609,16.338,79290,87762.0,6.503,297.99,292.19,1.7224,8.828,,23,,1.7758,0.18841,,,1.6452,0,,0,0,2,78,78,0,78.0,99542.0
118.4,75,100,90,0.0,36.16,18.252,0.0001,100,1.0,0,0.00089975,12.622,16.375,79329,87812.0,6.5038,297.99,291.8,1.7242,8.7996,,23,,1.7687,0.18846,,,1.6469,0,,0,0,2,78,78,0,78.0,99551.0
118.6,75,100,90,0.0,35.145,17.392,0.0001,100,1.0,0,0.0008827,12.645,16.412,79369,87861.0,6.5028,297.98,291.24,1.726,8.7765,,23,,1.7519,0.18859,,,1.6486,0,,0,0,2,78,78,0,78.0,100230.0
118.8,75,100,90,0.0,34.559,16.343,0.0001,100,1.0,0,0.00088317,12.647,16.448,79408,87911.0,6.5001,297.98,290.96,1.7277,8.7434,,23,,1.7419,0.18866,,,1.6502,0,,0,0,2,78,78,0,78.0,100060.0
119.0,75,100,90,0.0,35.044,15.496,0.0001,100,1.0,0,0.00084963,12.682,16.483,79448,87960.0,6.4989,297.98,289.22,1.7294,8.7148,,23,,1.7349,0.18871,,,1.6518,0,,0,0,2,78,78,0,78.0,100570.0
119.2,75,100,90,0.0,36.007,13.289,0.0001,100,1.0,0,0.0008647,12.667,16.519,79488,88009.0,6.4976,297.98,288.31,1.731,8.6684,,23,,1.7351,0.18871,,,1.6534,0,,0,0,2,78,78,0,78.0,99570.0
119.4,75,100,90,0.0,37.495,11.701,0.0001,100,1.0,0,0.00088342,12.637,16.555,79528,88059.0,6.4967,297.98,288.66,1.7327,8.6331,,23,,1.7432,0.18864,,,1.655,0,,0,0,2,78,78,0,78.0,100910.0
119.6,75,100,90,0.0,39.35,11.151,0.0001,100,1.0,0,0.00085285,12.665,16.591,79568,88109.0,6.499,297.98,287.85,1.7344,8.621,,23,,1.7433,0.18864,,,1.6566,0,,0,0,2,78,78,0,78.0,100910.0
119.8,75,100,90,0.0,40.278,9.5513,0.0001,100,1.0,0,0.00085756,12.657,16.627,79609,88159.0,6.5019,297.97,287.53,1.736,8.5936,,23,,1.745,0.18862,,,1.6582,0,,0,0,2,78,78,0,78.0,100580.0
120.0,75,100,90,0.0,40.041,8.3386,0.0001,100,1.0,0,0.00085895,12.647,16.662,79649,88209.0,6.5051,297.97,287.72,1.7377,8.5765,1200.8,23,1757.8,1.7443,0.18862,16.519,23.67,1.6598,0,52.153,0,0,2,78,78,0,78.0,100750.0
120.2,75,100,90,0.0,38.509,7.5535,0.0001,100,1.0,0,0.00086057,12.642,16.698,79689,88259.0,6.5059,297.98,288.56,1.7393,8.5739,,23,,1.7343,0.1887,,,1.6614,0,,0,0,2,78,78,0,78.0,100920.0
120.4,75,100,90,0.0,36.674,7.3624,0.0001,100,1.0,0,0.00085951,12.631,16.734,79729,88309.0,6.5054,297.98,289.69,1.741,8.5801,,23,,1.7364,0.18868,,,1.663,0,,0,0,2,78,78,0,78.0,100760.0
120.6,75,100,90,0.0,35.054,7.5145,0.0001,100,1.0,0,0.00085544,12.609,16.77,79769,88358.0,6.5028,297.98,290.68,1.7426,8.5944,,23,,1.7517,0.18856,,,1.6645,0,,0,0,2,78,78,0,78.0,101770.0
120.8,75,100,90,0.0,34.447,7.6358,0.0001,100,1.0,0,0.00083805,12.637,16.806,79808,88407.0,6.4989,297.98,290.86,1.7442,8.6241,,23,,1.7346,0.18868,,,1.6661,0,,0,0,2,78,78,0,78.0,102600.0
121.0,75,100,90,0.0,35.408,7.1256,0.0001,100,1.0,0,0.00080908,12.669,16.84,79848,88456.0,6.4965,297.98,289.75,1.7458,8.6421,,23,,1.7252,0.18875,,,1.6676,0,,0,0,2,78,78,0,78.0,101770.0
121.2,75,100,90,0.0,37.341,5.4771,0.0001,100,1.0,0,0.00078803,12.708,16.874,79887,88506.0,6.4972,297.98,288.0,1.7473,8.6361,,23,,1.7039,0.18891,,,1.669,0,,0,0,2,78,78,0,78.0,101430.0
121.4,75,100,90,0.0,38.972,3.163,0.0001,100,1.0,0,0.00081216,12.682,16.908,79928,88556.0,6.5,297.97,287.49,1.7488,8.6042,,23,,1.7067,0.18889,,,1.6705,0,,0,0,2,78,78,0,78.0,101920.0
121.6,75,100,90,0.0,39.484,1.8246,0.0001,100,1.0,0,0.00080081,12.689,16.943,79968,88606.0,6.504,297.97,286.88,1.7503,8.586,,23,,1.7044,0.1889,,,1.672,0,,0,0,2,78,78,0,78.0,102750.0
121.8,75,100,90,0.0,38.38,0.31274,0.0001,100,1.0,0,0.00078959,12.702,16.977,80008,88655.0,6.5076,297.97,286.22,1.7518,8.5771,,23,,1.6953,0.18897,,,1.6734,0,,0,0,2,78,78,0,78.0,101580.0
122.0,75,100,90,0.0,35.871,0.0001,0.0001,100,1.0,0,0.00077921,12.707,17.011,80048,88704.0,6.508,297.97,285.45,1.7533,8.5603,,23,,1.6864,0.18903,,,1.6748,0,,0,0,2,78,78,0,78.0,103080.0
122.2,75,100,90,0.0,33.203,0.0001,0.0001,100,1.0,0,0.00076029,12.704,17.044,80087,88753.0,6.5062,297.97,284.24,1.7547,8.5518,,23,,1.6932,0.18898,,,1.6762,0,,0,0,2,78,78,0,78.0,101900.0
122.4,75,100,90,0.0,31.27,0.0001,0.0001,100,1.0,0,0.00075618,12.691,17.078,80126,88801.0,6.5025,297.96,283.16,1.7561,8.5366,,23,,1.6968,0.18895,,,1.6775,0,,0,0,2,78,78,0,78.0,103400.0
122.6,75,100,90,0.0,30.816,0.0001,0.0001,100,1.0,0,0.00074226,12.702,17.111,80164,88849.0,6.4977,297.96,281.55,1.7576,8.5278,,23,,1.6921,0.18898,,,1.6789,0,,0,0,2,78,78,0,78.0,103560.0
122.8,75,100,90,0.0,32.249,0.0001,0.0001,100,1.0,0,0.00071161,12.733,17.144,80203,88897.0,6.4962,297.95,278.52,1.7589,8.5204,,23,,1.687,0.18902,,,1.6802,0,,0,0,2,78,78,0,78.0,103210.0
123.0,75,100,90,0.0,34.283,0.0001,0.0001,100,1.0,0,0.00068442,12.795,17.176,80242,88946.0,6.4981,297.94,274.02,1.7602,8.4906,,23,,1.6504,0.18929,,,1.6814,0,,0,0,2,78,78,0,78.0,103700.0
123.2,75,100,90,0.0,35.538,0.0001,13.755,100,1.0,0,0.00067204,12.808,17.207,80282,88994.0,6.5019,297.96,281.3,1.7615,8.4372,,23,,1.6441,0.18934,,,1.6827,0,,0,0,2,78,78,0,78.0,102510.0
123.4,75,100,90,0.0,35.295,4.353,1.3755,100,1.0,0,0.00069202,12.763,17.239,80321,89043.0,6.5035,297.95,276.98,1.7627,8.3659,,23,,1.6603,0.18921,,,1.6839,0,,0,0,2,78,78,0,78.0,103830.0
123.6,75,100,90,0.0,34.434,1.3059,23.151,100,1.0,0,0.00069701,12.753,17.271,80360,89091.0,6.5037,297.99,293.63,1.764,8.3191,,23,,1.6599,0.18921,,,1.6851,0,,0,0,2,78,78,0,78.0,103150.0
123.8,75,100,90,0.0,33.495,14.376,2.3151,100,1.0,0,0.00071672,12.727,17.303,80400,89140.0,6.5036,297.98,288.05,1.7654,8.2792,,23,,1.6625,0.18919,,,1.6864,0,,0,0,2,78,78,0,78.0,103300.0
124.0,75,100,90,0.0,32.56,8.6591,0.23151,100,1.0,0,0.00070896,12.716,17.335,80438,89188.0,6.5025,297.96,282.12,1.7667,8.2609,,23,,1.6714,0.18912,,,1.6877,0,,0,0,2,78,78,0,78.0,104620.0
124.2,75,100,90,0.0,32.075,2.5221,0.023151,100,1.0,0,0.00071207,12.694,17.368,80477,89236.0,6.5013,297.95,278.19,1.768,8.2566,,23,,1.6849,0.18901,,,1.6889,0,,0,0,2,78,78,0,78.0,104110.0
124.4,75,100,90,0.0,32.076,0.75662,11.766,100,1.0,0,0.00069854,12.716,17.4,80516,89284.0,6.5012,297.97,284.79,1.7693,8.2725,,23,,1.6732,0.1891,,,1.6902,0,,0,0,2,78,78,0,78.0,104760.0
124.6,75,100,90,0.0,32.13,4.8828,1.1766,100,1.0,0,0.00070204,12.704,17.432,80555,89332.0,6.5008,297.96,280.64,1.7706,8.2871,,23,,1.6757,0.18908,,,1.6914,0,,0,0,2,78,78,0,78.0,103580.0
124.8,75,100,90,0.0,32.342,0.0001,0.11766,100,1.0,0,0.00071194,12.682,17.465,80594,89380.0,6.5008,297.95,277.36,1.7719,8.3143,,23,,1.6808,0.18904,,,1.6927,0,,0,0,2,78,78,0,78.0,104570.0
125.0,75,100,90,0.0,32.546,0.0001,10.319,100,1.0,0,0.00068793,12.702,17.496,80632,89428.0,6.501,297.96,282.43,1.7732,8.3581,,23,,1.6784,0.18905,,,1.6939,0,,0,0,2,78,78,0,78.0,105220.0
125.2,75,100,90,0.0,32.683,2.6426,1.0319,100,1.0,0,0.00069532,12.673,17.528,80671,89477.0,6.5011,297.95,278.55,1.7745,8.3725,,23,,1.6954,0.18892,,,1.6951,0,,0,0,2,78,78,0,78.0,104870.0
125.4,75,100,90,0.0,32.774,0.0001,0.10319,100,1.0,0,0.00068832,12.666,17.56,80710,89525.0,6.5008,297.94,274.27,1.7757,8.3908,,23,,1.705,0.18885,,,1.6964,0,,0,0,2,78,78,0,78.0,105520.0
125.6,75,100,90,0.0,32.968,0.0001,12.875,100,1.0,0,0.00069473,12.652,17.592,80749,89573.0,6.5016,297.96,281.71,1.777,8.4022,,23,,1.7135,0.18878,,,1.6976,0,,0,0,2,78,78,0,78.0,105670.0
125.8,75,100,90,0.0,32.856,4.4844,1.2875,100,1.0,0,0.00068338,12.669,17.624,80788,89621.0,6.5037,297.95,276.85,1.7783,8.4122,,23,,1.7047,0.18884,,,1.6988,0,,0,0,2,78,78,0,78.0,105490.0
126.0,75,100,90,0.0,31.908,1.3453,23.822,100,1.0,0,0.00067245,12.681,17.655,80827,89669.0,6.5044,297.99,292.76,1.7795,8.4071,,23,,1.6977,0.1889,,,1.7,0,,0,0,2,78,78,0,78.0,105470.0
126.2,75,100,90,0.0,30.69,13.666,2.3822,100,1.0,0,0.00067932,12.667,17.687,80865,89717.0,6.504,297.97,286.52,1.7807,8.3948,,23,,1.6936,0.18892,,,1.7011,0,,0,0,2,78,78,0,78.0,106460.0
126.4,75,100,90,0.0,29.597,7.3122,0.23822,100,1.0,0,0.00068205,12.636,17.719,80903,89765.0,6.5014,297.95,280.09,1.782,8.3929,,23,,1.7146,0.18876,,,1.7023,0,,0,0,2,78,78,0,78.0,104940.0
126.6,75,100,90,0.0,29.554,0.61493,0.023822,100,1.0,0,0.00067061,12.659,17.751,80942,89812.0,6.4998,297.94,274.75,1.7832,8.4033,,23,,1.6991,0.18888,,,1.7035,0,,0,0,2,78,78,0,78.0,106590.0
126.8,75,100,90,0.0,30.156,0.18448,12.399,100,1.0,0,0.00067899,12.649,17.783,80980,89860.0,6.4984,297.96,280.99,1.7844,8.4107,,23,,1.6961,0.1889,,,1.7047,0,,0,0,2,78,78,0,78.0,106080.0
127.0,75,100,90,0.0,31.303,3.6515,1.2399,100,1.0,0,0.00066336,12.664,17.815,81019,89908.0,6.4992,297.94,275.25,1.7856,8.425,,23,,1.6945,0.18891,,,1.7058,0,,0,0,2,78,78,0,78.0,107400.0
127.2,75,100,90,0.0,32.134,1.0955,23.685,100,1.0,0,0.00068477,12.636,17.847,81057,89956.0,6.5012,297.98,291.38,1.7868,8.4202,,23,,1.6991,0.18887,,,1.707,0,,0,0,2,78,78,0,78.0,106380.0
127.4,75,100,90,0.0,32.152,13.43,2.3685,100,1.0,0,0.00066234,12.659,17.879,81096,90004.0,6.5041,297.96,283.53,1.788,8.4311,,23,,1.6945,0.1889,,,1.7081,0,,0,0,2,78,78,0,78.0,107030.0
127.6,75,100,90,0.0,31.02,5.5191,0.23685,100,1.0,0,0.00065123,12.663,17.91,81135,90052.0,6.505,297.94,275.65,1.7891,8.4217,,23,,1.6951,0.1889,,,1.7092,0,,0,0,2,78,78,0,78.0,106510.0
127.8,75,100,90,0.0,29.556,1.6557,17.882,100,1.0,0,0.00064215,12.679,17.941,81173,90099.0,6.5044,297.97,284.53,1.7902,8.3973,,23,,1.6816,0.189,,,1.7103,0,,0,0,2,78,78,0,78.0,107660.0
128.0,75,100,90,0.0,28.327,7.5893,1.7882,100,1.0,0,0.0006581,12.624,17.972,81211,90147.0,6.5,297.95,278.0,1.7914,8.3622,,23,,1.7117,0.18877,,,1.7114,0,,0,0,2,78,78,0,78.0,107140.0
128.2,75,100,90,0.0,28.857,2.2768,28.481,100,1.0,0,0.00065891,12.616,18.003,81249,90194.0,6.496,298.0,297.08,1.7925,8.3469,,23,,1.7171,0.18872,,,1.7125,0,,0,0,2,78,78,0,78.0,107460.0
128.4,75,100,90,0.0,30.967,17.483,2.8481,100,1.0,0,0.00065752,12.619,18.034,81287,90242.0,6.4943,297.98,288.29,1.7937,8.3248,,23,,1.7187,0.18871,,,1.7136,0,,0,0,2,78,78,0,78.0,106600.0
128.6,75,100,90,0.0,33.762,9.2418,0.28481,100,1.0,0,0.00063166,12.669,18.065,81326,90290.0,6.4964,297.95,278.28,1.7948,8.2908,,23,,1.6926,0.1889,,,1.7147,0,,0,0,2,78,78,0,78.0,106910.0
128.8,75,100,90,0.0,35.696,0.0001,0.028481,100,1.0,0,0.00062696,12.679,18.095,81366,90339.0,6.4999,297.93,270.13,1.7959,8.2419,,23,,1.6835,0.18897,,,1.7157,0,,0,0,2,78,78,0,78.0,107060.0
129.0,75,100,90,0.0,36.259,0.0001,14.01,100,1.0,0,0.00064024,12.637,18.125,81405,90387.0,6.5039,297.94,275.27,1.797,8.1937,,23,,1.7069,0.18879,,,1.7168,0,,0,0,2,78,78,0,78.0,107700.0
129.2,75,100,90,0.0,35.218,0.0001,2.3037,100,1.0,0,0.00061443,12.678,18.155,81445,90436.0,6.507,297.93,268.77,1.7981,8.1712,,23,,1.6861,0.18895,,,1.7178,0,,0,0,2,78,78,0,78.0,107840.0
129.4,75,100,90,0.0,32.942,0.0001,23.173,100,1.0,0,0.00059097,12.695,18.185,81484,90484.0,6.508,297.96,280.16,1.7991,8.1387,,23,,1.6867,0.18894,,,1.7188,0,,0,0,2,78,78,0,78.0,107480.0
129.6,75,100,90,0.0,30.265,7.4439,2.3173,100,1.0,0,0.00057055,12.71,18.213,81522,90531.0,6.5068,297.93,269.49,1.8001,8.0831,,23,,1.685,0.18895,,,1.7197,0,,0,0,2,78,78,0,78.0,108620.0
129.8,75,100,90,0.0,28.089,2.2332,37.472,100,1.0,0,0.0005611,12.716,18.242,81560,90578.0,6.5031,297.99,292.0,1.801,8.0104,,23,,1.6813,0.18898,,,1.7206,0,,0,0,2,78,78,0,78.0,108250.0
130.0,75,100,90,0.0,27.381,19.667,3.7472,100,1.0,0,0.00055804,12.719,18.269,81597,90624.0,6.499,297.95,277.86,1.8019,7.9285,,23,,1.6768,0.18901,,,1.7215,0,,0,0,2,78,78,0,78.0,108550.0
130.2,75,100,90,0.0,28.302,5.9002,55.194,100,1.0,-4000,0.00054152,12.741,18.297,80935,89871.0,6.5237,298.04,313.69,1.7927,7.8483,,23,,1.6593,0.18916,,,1.7126,0,,0,0,2,78,78,0,78.0,108510.0
130.4,75,100,90,0.0,19.228,36.125,5.5194,100,1.0,-4000,0.0005542,12.686,18.324,80271,89116.0,6.5347,297.99,295.62,1.7787,7.7455,,23,,1.6612,0.18917,,,1.6992,0,,0,0,2,78,78,0,78.0,108810.0
130.6,75,100,90,0.0,5.9034,20.783,0.55194,100,1.0,-4000,0.00057213,12.61,18.353,79604,88358.0,6.5227,297.95,280.01,1.7644,7.6553,,23,,1.6687,0.18914,,,1.6855,0,,0,0,2,78,78,0,78.0,108610.0
130.8,75,100,90,0.0,0.0,6.819,0.055194,100,1.0,-4000,0.00057858,12.589,18.382,78936,87599.0,6.5009,297.93,269.19,1.7501,7.5962,,23,,1.6452,0.18935,,,1.6717,0,,0,0,2,78,78,0,78.0,110080.0
131.0,75,100,90,0.0,0.20057,2.0457,20.163,100,1.0,-4000,0.00057775,12.594,18.411,78268,86840.0,6.4808,297.95,278.02,1.7357,7.5561,,23,,1.6177,0.18958,,,1.6579,0,,0,0,2,78,78,0,78.0,108550.0
131.2,75,100,90,0.0,8.395,0.61371,0.0001,100,1.0,-4000,0.00055871,12.652,18.439,77602,86083.0,6.4756,297.92,267.22,1.7214,7.5152,,23,,1.5748,0.18994,,,1.6442,0,,0,0,2,78,78,0,78.0,110350.0
131.4,75,100,90,0.0,18.608,0.18411,31.298,100,1.0,-4000,0.00058463,12.656,18.467,76938,85328.0,6.4857,297.97,284.91,1.707,7.4422,,23,,1.5413,0.19022,,,1.6304,0,,0,0,2,78,78,0,78.0,109650.0
131.6,75,100,90,0.0,24.785,13.922,3.1298,100,1.0,-4000,0.00056668,12.689,18.494,76276,84574.0,6.5072,297.93,270.69,1.6926,7.3815,,23,,1.5194,0.19041,,,1.6166,0,,0,0,2,78,78,0,78.0,109610.0
131.8,75,100,90,0.0,22.383,4.1766,51.843,100,1.0,-4000,0.00057188,12.686,18.522,75613,83820.0,6.5253,298.02,304.14,1.6783,7.3017,,23,,1.489,0.19067,,,1.6028,0,,0,0,2,78,78,0,78.0,110240.0
132.0,75,100,90,0.0,12.788,33.605,5.1843,100,1.0,-4000,0.00056465,12.675,18.549,74948,83063.0,6.5276,297.97,285.03,1.6639,7.2239,1201.5,23,1773.7,1.4583,0.19093,18.439,24.193,1.5889,0,60.499,0,0,2,78,78,0,78.0,110540.0
132.2,75,100,90,0.0,2.3245,15.353,0.51843,100,1.0,0,0.00056433,12.634,18.578,74981,83105.0,6.4829,297.92,269.46,1.66,7.1507,,23,,1.4587,0.19093,,,1.5852,0,,0,0,2,78,78,0,78.0,109680.0
132.4,75,100,90,0.0,9.8366,4.606,30.267,100,1.0,0,0.00055545,12.662,18.606,75015,83148.0,6.4557,297.96,284.08,1.6605,7.11,,23,,1.4517,0.19098,,,1.5857,0,,0,0,2,78,78,0,78.0,109640.0
132.6,75,100,90,0.0,28.016,16.163,3.0267,100,1.0,0,0.00054195,12.751,18.632,75054,83194.0,6.4603,297.92,267.45,1.6613,7.0667,,23,,1.4132,0.19127,,,1.5865,0,,0,0,2,78,78,0,78.0,109930.0
132.8,75,100,90,0.0,44.3,4.8489,56.561,100,1.0,0,0.00057037,12.765,18.659,75095,83244.0,6.4833,298.02,302.96,1.6621,7.0021,,23,,1.401,0.19136,,,1.5873,0,,0,0,2,78,78,0,78.0,111060.0
133.0,75,100,90,0.0,51.43,36.31,5.6561,100,1.0,0,0.00052262,12.869,18.684,75138,83296.0,6.5122,297.95,277.44,1.6629,6.9565,,23,,1.3598,0.19167,,,1.588,0,,0,0,2,78,78,0,78.0,110010.0
133.2,75,100,90,0.0,47.064,10.893,93.11,100,1.0,0,0.00051523,12.873,18.709,75180,83346.0,6.5369,298.12,340.65,1.6636,6.8702,,23,,1.3511,0.19174,,,1.5887,0,,0,0,2,78,78,0,78.0,109960.0
133.4,75,100,90,0.0,32.846,70.151,9.311,100,1.0,0,0.00048845,12.849,18.734,75219,83393.0,6.5475,298.02,304.56,1.6643,6.789,,23,,1.3656,0.19162,,,1.5893,0,,0,0,2,78,78,0,78.0,111740.0
133.6,75,100,90,0.0,14.395,38.774,0.9311,100,1.0,0,0.00048573,12.769,18.759,75254,83437.0,6.5268,297.94,275.71,1.6649,6.7166,,23,,1.4053,0.19132,,,1.59,0,,0,0,2,78,78,0,78.0,110700.0
133.8,75,100,90,0.0,4.3099,11.632,49.382,100,1.0,0,0.00049535,12.721,18.786,75288,83478.0,6.4881,298.02,302.25,1.6656,6.6817,,23,,1.4181,0.19123,,,1.5906,0,,0,0,2,78,78,0,78.0,110820.0
134.0,75,100,90,0.0,9.6407,35.511,4.9382,100,1.0,0,0.00049997,12.73,18.812,75322,83521.0,6.4617,297.95,279.29,1.6663,6.689,,23,,1.414,0.19126,,,1.5913,0,,0,0,2,78,78,0,78.0,110950.0
134.2,75,100,90,0.0,25.444,13.526,0.49382,100,1.0,0,0.00046284,12.846,18.837,75360,83567.0,6.4623,297.89,257.91,1.6669,6.7116,,23,,1.3704,0.19158,,,1.5919,0,,0,0,2,78,78,0,78.0,111060.0
134.4,75,100,90,0.0,40.942,4.0578,36.898,100,1.0,0,0.00043058,12.96,18.859,75400,83615.0,6.4833,297.93,270.32,1.6675,6.6893,,23,,1.3186,0.19197,,,1.5924,0,,0,0,2,78,78,0,78.0,111500.0
134.6,75,100,90,0.0,48.056,1.2173,0.0001,100,1.0,0,0.00047189,12.933,18.883,75443,83666.0,6.5096,297.87,251.02,1.6681,6.6137,,23,,1.3171,0.19198,,,1.593,0,,0,0,2,78,78,0,78.0,110950.0
134.8,75,100,90,0.0,44.727,0.3652,51.227,100,1.0,0,0.0004787,12.905,18.907,75484,83715.0,6.5319,297.95,279.05,1.6687,6.572,,23,,1.3297,0.19189,,,1.5936,0,,0,0,2,78,78,0,78.0,112220.0
135.0,75,100,90,0.0,32.495,22.834,5.1227,100,1.0,0,0.00046112,12.884,18.931,75523,83762.0,6.5413,297.89,257.31,1.6693,6.5493,,23,,1.3404,0.19181,,,1.5941,0,,0,0,2,78,78,0,78.0,112500.0
135.2,75,100,90,0.0,16.546,6.8503,82.182,100,1.0,0,0.00047862,12.8,18.956,75559,83806.0,6.5247,298.05,313.3,1.6699,6.5305,,23,,1.3636,0.19163,,,1.5947,0,,0,0,2,78,78,0,78.0,112290.0
135.4,75,100,90,0.0,7.2579,56.718,8.2182,100,1.0,0,0.00052636,12.69,18.984,75593,83849.0,6.4909,297.97,286.27,1.6705,6.5621,,23,,1.3995,0.19136,,,1.5954,0,,0,0,2,78,78,0,78.0,112250.0
135.6,75,100,90,0.0,11.461,31.455,0.82182,100,1.0,0,0.0005382,12.692,19.011,75627,83892.0,6.4674,297.91,262.52,1.6712,6.6696,,23,,1.3976,0.19137,,,1.596,0,,0,0,2,78,78,0,78.0,111720.0
135.8,75,100,90,0.0,24.982,9.4364,51.399,100,1.0,0,0.00056974,12.699,19.039,75665,83938.0,6.4682,297.99,292.55,1.672,6.7943,,23,,1.3875,0.19145,,,1.5967,0,,0,0,2,78,78,0,78.0,111180.0
136.0,75,100,90,0.0,38.129,35.04,5.1399,100,1.0,0,0.00058772,12.707,19.067,75705,83987.0,6.4869,297.93,270.61,1.6728,6.9343,,23,,1.3898,0.19143,,,1.5975,0,,0,0,2,78,78,0,78.0,111980.0
136.2,75,100,90,0.0,43.812,10.512,88.465,100,1.0,0,0.00059686,12.7,19.094,75746,84037.0,6.5096,298.1,332.43,1.6735,7.0773,,23,,1.4022,0.19133,,,1.5982,0,,0,0,2,78,78,0,78.0,113110.0
136.4,75,100,90,0.0,40.479,67.195,8.8465,100,1.0,0,0.00061688,12.666,19.123,75787,84086.0,6.5273,298.01,300.29,1.6743,7.216,,23,,1.4102,0.19127,,,1.599,0,,0,0,2,78,78,0,78.0,111580.0
136.6,75,100,90,0.0,30.075,38.987,0.88465,100,1.0,0,0.00062218,12.603,19.152,75825,84134.0,6.5316,297.93,273.03,1.6752,7.3621,,23,,1.4438,0.19102,,,1.5998,0,,0,0,2,78,78,0,78.0,113380.0
136.8,75,100,90,0.0,18.018,11.696,52.46,100,1.0,0,0.00059831,12.576,19.181,75862,84179.0,6.5153,298.02,303.8,1.676,7.5126,,23,,1.4663,0.19084,,,1.6006,0,,0,0,2,78,78,0,78.0,112690.0
137.0,75,100,90,0.0,12.497,39.092,5.246,100,1.0,0,0.00057404,12.574,19.209,75897,84223.0,6.4905,297.96,280.54,1.6767,7.6426,,23,,1.4757,0.19077,,,1.6013,0,,0,0,2,78,78,0,78.0,113990.0
137.2,75,100,90,0.0,16.862,17.057,0.5246,100,1.0,0,0.00058347,12.562,19.238,75933,84268.0,6.4744,297.9,261.9,1.6775,7.7385,,23,,1.4853,0.1907,,,1.602,0,,0,0,2,78,78,0,78.0,112130.0
137.4,75,100,90,0.0,27.596,5.117,35.642,100,1.0,0,0.00058459,12.597,19.266,75971,84314.0,6.4752,297.95,278.84,1.6782,7.8108,,23,,1.4758,0.19077,,,1.6027,0,,0,0,2,78,78,0,78.0,113090.0
137.6,75,100,90,0.0,37.973,17.998,3.5642,100,1.0,0,0.00056131,12.661,19.293,76011,84363.0,6.4899,297.9,259.74,1.6789,7.8337,,23,,1.4596,0.19089,,,1.6034,0,,0,0,2,78,78,0,78.0,114050.0
137.8,75,100,90,0.0,42.492,5.3995,65.839,100,1.0,0,0.00055338,12.669,19.319,76052,84413.0,6.5086,298.01,301.08,1.6796,7.7939,,23,,1.4703,0.19081,,,1.6041,0,,0,0,2,78,78,0,78.0,114340.0
138.0,75,100,90,0.0,39.549,41.209,6.5839,100,1.0,0,0.00053295,12.682,19.344,76093,84462.0,6.5247,297.94,275.07,1.6803,7.7097,,23,,1.4694,0.19081,,,1.6047,0,,0,0,2,78,78,0,78.0,113130.0
138.2,75,100,90,0.0,30.204,12.363,103.05,100,1.0,0,0.00050895,12.686,19.37,76132,84509.0,6.5285,298.14,346.77,1.6809,7.5933,,23,,1.4652,0.19084,,,1.6053,0,,0,0,2,78,78,0,78.0,113080.0
138.4,75,100,90,0.0,19.353,78.645,10.305,100,1.0,0,0.00053234,12.615,19.396,76168,84554.0,6.5145,298.04,312.92,1.6815,7.4563,,23,,1.4836,0.1907,,,1.6059,0,,0,0,2,78,78,0,78.0,113540.0
138.6,75,100,90,0.0,14.131,50.233,1.0305,100,1.0,0,0.00052571,12.601,19.423,76203,84598.0,6.4934,297.95,279.91,1.6821,7.3563,,23,,1.4899,0.19065,,,1.6065,0,,0,0,2,78,78,0,78.0,114330.0
138.8,75,100,90,0.0,17.331,21.327,0.10305,100,1.0,0,0.00051233,12.63,19.449,76239,84643.0,6.48,297.89,256.33,1.6827,7.2571,,23,,1.4797,0.19073,,,1.6071,0,,0,0,2,78,78,0,78.0,114960.0
139.0,75,100,90,0.0,25.815,6.398,40.29,100,1.0,0,0.00051881,12.642,19.475,76277,84689.0,6.4795,297.94,274.25,1.6833,7.157,,23,,1.4788,0.19073,,,1.6076,0,,0,0,2,78,78,0,78.0,114580.0
139.2,75,100,90,0.0,34.491,1.9194,0.0001,100,1.0,0,0.00050051,12.688,19.5,76316,84737.0,6.493,297.89,255.72,1.6839,7.0652,,23,,1.4708,0.19079,,,1.6082,0,,0,0,2,78,78,0,78.0,114200.0
139.4,75,100,90,0.0,37.755,0.57582,51.991,100,1.0,0,0.00050167,12.702,19.525,76357,84786.0,6.5098,297.97,284.48,1.6845,6.962,,23,,1.4613,0.19086,,,1.6087,0,,0,0,2,78,78,0,78.0,114150.0
139.6,75,100,90,0.0,34.355,23.92,5.1991,100,1.0,0,0.00052101,12.664,19.551,76396,84833.0,6.5206,297.91,263.67,1.6851,6.865,,23,,1.4689,0.19081,,,1.6093,0,,0,0,2,78,78,0,78.0,114770.0
139.8,75,100,90,0.0,26.642,7.1759,78.895,100,1.0,0,0.0005235,12.636,19.577,76434,84880.0,6.5204,298.05,316.1,1.6857,6.8134,,23,,1.4756,0.19075,,,1.6099,0,,0,0,2,78,78,0,78.0,114220.0
140.0,75,100,90,0.0,19.044,53.711,7.8895,100,1.0,0,0.00051166,12.625,19.603,76470,84925.0,6.5093,297.97,287.42,1.6862,6.8018,,23,,1.4803,0.19072,,,1.6104,0,,0,0,2,78,78,0,78.0,115840.0
140.2,75,100,90,0.0,15.873,27.538,0.78895,100,1.0,0,0.00050524,12.609,19.628,76505,84969.0,6.494,297.9,261.88,1.6868,6.8021,,23,,1.4956,0.1906,,,1.611,0,,0,0,2,78,78,0,78.0,115470.0
140.4,75,100,90,0.0,18.825,8.2613,48.007,100,1.0,0,0.00047045,12.662,19.653,76542,85013.0,6.4857,297.97,284.5,1.6873,6.8146,,23,,1.4823,0.1907,,,1.6114,0,,0,0,2,78,78,0,78.0,115410.0
140.6,75,100,90,0.0,25.025,26.53,4.8007,100,1.0,0,0.00051004,12.613,19.678,76579,85059.0,6.4869,297.9,262.06,1.6878,6.8034,,23,,1.5063,0.19052,,,1.612,0,,0,0,2,78,78,0,78.0,115700.0
140.8,75,100,90,0.0,30.749,7.9589,79.403,100,1.0,0,0.00048685,12.678,19.702,76618,85106.0,6.4986,298.04,312.42,1.6884,6.8298,,23,,1.478,0.19073,,,1.6125,0,,0,0,2,78,78,0,78.0,115650.0
141.0,75,100,90,0.0,31.795,52.288,7.9403,100,1.0,0,0.00047781,12.695,19.726,76656,85154.0,6.5113,297.96,280.77,1.6889,6.8441,,23,,1.4694,0.1908,,,1.6129,0,,0,0,2,78,78,0,78.0,115090.0
141.2,75,100,90,0.0,27.774,23.048,0.79403,100,1.0,0,0.00050159,12.643,19.75,76694,85200.0,6.5174,297.89,254.84,1.6894,6.8566,,23,,1.4907,0.19063,,,1.6134,0,,0,0,2,78,78,0,78.0,115710.0
141.4,75,100,90,0.0,21.354,6.9144,45.624,100,1.0,0,0.00055956,12.533,19.777,76731,85246.0,6.5105,297.95,278.25,1.6899,6.8938,,23,,1.5306,0.19033,,,1.614,0,,0,0,2,78,78,0,78.0,116670.0
141.6,75,100,90,0.0,17.701,2.0743,0.0001,100,1.0,0,0.00054799,12.532,19.803,76767,85290.0,6.4981,297.9,261.88,1.6905,6.9972,,23,,1.5347,0.1903,,,1.6146,0,,0,0,2,78,78,0,78.0,115790.0
141.8,75,100,90,0.0,18.994,0.62229,50.502,100,1.0,0,0.000541,12.533,19.83,76803,85335.0,6.4894,297.98,291.38,1.6911,7.1004,,23,,1.5428,0.19024,,,1.6151,0,,0,0,2,78,78,0,78.0,116250.0
142.0,75,100,90,0.0,23.759,25.088,5.0502,100,1.0,0,0.00053525,12.569,19.855,76840,85381.0,6.4885,297.93,269.64,1.6917,7.1947,,23,,1.525,0.19037,,,1.6156,0,,0,0,2,78,78,0,78.0,117030.0
142.2,75,100,90,0.0,28.843,7.5265,77.796,100,1.0,0,0.00051592,12.617,19.88,76879,85428.0,6.4963,298.06,319.02,1.6922,7.2591,,23,,1.5051,0.19052,,,1.6162,0,,0,0,2,78,78,0,78.0,116980.0
142.4,75,100,90,0.0,30.834,51.533,7.7796,100,1.0,0,0.00051193,12.613,19.904,76917,85476.0,6.5061,297.98,287.99,1.6927,7.2813,,23,,1.5144,0.19045,,,1.6167,0,,0,0,2,78,78,0,78.0,116930.0
142.6,75,100,90,0.0,28.911,23.664,0.77796,100,1.0,0,0.00052625,12.576,19.929,76956,85523.0,6.5129,297.9,261.5,1.6932,7.2917,,23,,1.535,0.19029,,,1.6172,0,,0,0,2,78,78,0,78.0,116380.0
142.8,75,100,90,0.0,24.267,7.0992,43.44,100,1.0,0,0.00052512,12.564,19.955,76993,85569.0,6.5122,297.96,280.55,1.6938,7.3136,,23,,1.5369,0.19028,,,1.6176,0,,0,0,2,78,78,0,78.0,117170.0
143.0,75,100,90,0.0,19.949,21.876,4.344,100,1.0,0,0.0005336,12.526,19.98,77029,85614.0,6.5031,297.9,259.25,1.6943,7.3351,,23,,1.5575,0.19012,,,1.6181,0,,0,0,2,78,78,0,78.0,117130.0
143.2,75,100,90,0.0,19.244,6.5627,72.648,100,1.0,0,0.00050482,12.547,20.006,77066,85659.0,6.4944,298.02,304.61,1.6948,7.3639,,23,,1.5588,0.19011,,,1.6186,0,,0,0,2,78,78,0,78.0,115910.0
143.4,75,100,90,0.0,22.015,45.619,7.2648,100,1.0,0,0.0004912,12.568,20.03,77103,85704.0,6.4907,297.94,274.92,1.6952,7.3627,,23,,1.5556,0.19013,,,1.6191,0,,0,0,2,78,78,0,78.0,116690.0
143.6,75,100,90,0.0,26.221,13.686,112.52,100,1.0,0,0.00047668,12.61,20.054,77140,85751.0,6.4931,298.15,351.54,1.6957,7.3373,,23,,1.5391,0.19026,,,1.6195,0,,0,0,2,78,78,0,78.0,116810.0
143.8,75,100,90,0.0,29.461,83.696,11.252,100,1.0,0,0.00045098,12.633,20.077,77179,85798.0,6.5012,298.03,309.15,1.6961,7.2722,,23,,1.5467,0.1902,,,1.6199,0,,0,0,2,78,78,0,78.0,116580.0
144.0,75,100,90,0.0,29.476,48.058,1.1252,100,1.0,0,0.00044305,12.636,20.099,77217,85844.0,6.509,297.93,271.34,1.6965,7.1726,1199.5,23,1804.6,1.5516,0.19016,20.006,24.26,1.6202,0,68.135,0,0,2,78,78,0,78.0,116850.0
144.2,75,100,90,0.0,26.382,14.417,63.954,100,1.0,0,0.00046109,12.602,20.122,77255,85891.0,6.51,298.02,303.57,1.6968,7.063,,23,,1.5608,0.19009,,,1.6206,0,,0,0,2,78,78,0,78.0,117630.0
144.4,75,100,90,0.0,22.908,42.685,6.3954,100,1.0,0,0.00046487,12.598,20.146,77291,85936.0,6.506,297.94,273.75,1.6972,6.975,,23,,1.5529,0.19015,,,1.621,0,,0,0,2,78,78,0,78.0,117240.0
144.6,75,100,90,0.0,21.062,12.805,101.28,100,1.0,0,0.00049183,12.565,20.17,77328,85981.0,6.4985,298.12,341.59,1.6976,6.9039,,23,,1.5549,0.19013,,,1.6214,0,,0,0,2,78,78,0,78.0,118520.0
144.8,75,100,90,0.0,22.185,74.34,10.128,100,1.0,0,0.00048374,12.573,20.194,77365,86027.0,6.4928,298.02,305.84,1.6981,6.8729,,23,,1.5576,0.19011,,,1.6218,0,,0,0,2,78,78,0,78.0,117960.0
145.0,75,100,90,0.0,25.588,44.153,1.0128,100,1.0,0,0.00049171,12.575,20.217,77402,86073.0,6.4932,297.93,271.24,1.6985,6.851,,23,,1.5575,0.19011,,,1.6222,0,,0,0,2,78,78,0,78.0,118740.0
145.2,75,100,90,0.0,28.824,13.246,61.945,100,1.0,0,0.00048156,12.606,20.241,77440,86120.0,6.4979,298.01,302.0,1.6989,6.8457,,23,,1.5415,0.19023,,,1.6225,0,,0,0,2,78,78,0,78.0,117520.0
145.4,75,100,90,0.0,30.182,39.989,6.1945,100,1.0,0,0.00050338,12.566,20.265,77479,86167.0,6.5035,297.94,273.53,1.6993,6.8395,,23,,1.5618,0.19008,,,1.6229,0,,0,0,2,78,78,0,78.0,118630.0
145.6,75,100,90,0.0,29.293,11.997,96.46,100,1.0,0,0.00048925,12.567,20.288,77517,86214.0,6.5075,298.11,335.98,1.6997,6.8701,,23,,1.5753,0.18997,,,1.6233,0,,0,0,2,78,78,0,78.0,117410.0
145.8,75,100,90,0.0,26.831,68.313,9.646,100,1.0,0,0.00049049,12.567,20.312,77555,86260.0,6.5073,298.01,300.21,1.7001,6.8913,,23,,1.5709,0.19001,,,1.6237,0,,0,0,2,78,78,0,78.0,118520.0
146.0,75,100,90,0.0,24.445,37.722,0.9646,100,1.0,0,0.00049882,12.543,20.336,77592,86306.0,6.5034,297.92,267.75,1.7005,6.914,,23,,1.5806,0.18993,,,1.6241,0,,0,0,2,78,78,0,78.0,119130.0
146.2,75,100,90,0.0,23.631,11.317,55.595,100,1.0,0,0.00050305,12.534,20.36,77629,86352.0,6.4978,297.99,294.46,1.7009,6.9533,,23,,1.5861,0.18989,,,1.6245,0,,0,0,2,78,78,0,78.0,118580.0
146.4,75,100,90,0.0,25.042,33.83,5.5595,100,1.0,0,0.00050225,12.55,20.384,77666,86398.0,6.4931,297.92,268.49,1.7013,6.9944,,23,,1.5734,0.18999,,,1.6248,0,,0,0,2,78,78,0,78.0,119190.0
146.6,75,100,90,0.0,28.307,10.149,88.12,100,1.0,0,0.00051468,12.572,20.407,77704,86445.0,6.4944,298.07,324.81,1.7017,7.0324,,23,,1.5464,0.19019,,,1.6252,0,,0,0,2,78,78,0,78.0,118300.0
146.8,75,100,90,0.0,31.062,60.071,8.812,100,1.0,0,0.00052531,12.576,20.431,77743,86493.0,6.4988,297.99,293.49,1.7021,7.0707,,23,,1.5378,0.19025,,,1.6256,0,,0,0,2,78,78,0,78.0,119250.0
147.0,75,100,90,0.0,32.036,32.682,0.8812,100,1.0,0,0.00051397,12.577,20.455,77781,86540.0,6.5043,297.91,263.68,1.7025,7.1165,,23,,1.5443,0.1902,,,1.626,0,,0,0,2,78,78,0,78.0,119030.0
147.2,75,100,90,0.0,30.823,9.8045,53.573,100,1.0,0,0.0005032,12.583,20.479,77820,86588.0,6.5082,297.98,288.17,1.7028,7.1595,,23,,1.5445,0.1902,,,1.6264,0,,0,0,2,78,78,0,78.0,118310.0
147.4,75,100,90,0.0,28.06,29.749,5.3573,100,1.0,0,0.00051296,12.567,20.503,77858,86635.0,6.5066,297.91,262.64,1.7032,7.1841,,23,,1.5457,0.19019,,,1.6267,0,,0,0,2,78,78,0,78.0,119420.0
147.6,75,100,90,0.0,25.974,8.9246,85.22,100,1.0,0,0.00052336,12.537,20.528,77896,86681.0,6.5019,298.05,316.63,1.7036,7.2107,,23,,1.5639,0.19005,,,1.6271,0,,0,0,2,78,78,0,78.0,119530.0
147.8,75,100,90,0.0,25.761,55.957,8.522,100,1.0,0,0.00049171,12.567,20.551,77933,86728.0,6.4985,297.97,284.17,1.704,7.2292,,23,,1.5618,0.19007,,,1.6274,0,,0,0,2,78,78,0,78.0,118980.0
148.0,75,100,90,0.0,26.878,26.812,0.8522,100,1.0,0,0.00046533,12.599,20.573,77971,86774.0,6.4973,297.88,253.24,1.7043,7.2083,,23,,1.5538,0.19013,,,1.6277,0,,0,0,2,78,78,0,78.0,119420.0
148.2,75,100,90,0.0,28.455,8.0435,53.404,100,1.0,0,0.00045158,12.626,20.595,78009,86821.0,6.4988,297.94,276.18,1.7046,7.1456,,23,,1.5435,0.19021,,,1.628,0,,0,0,2,78,78,0,78.0,120180.0
148.4,75,100,90,0.0,29.465,2.4131,0.0001,100,1.0,0,0.00042346,12.67,20.615,78047,86868.0,6.5023,297.88,251.52,1.7048,7.0552,,23,,1.525,0.19034,,,1.6283,0,,0,0,2,78,78,0,78.0,120610.0
148.6,75,100,90,0.0,29.048,0.72392,61.985,100,1.0,0,0.00045179,12.644,20.637,78085,86915.0,6.5049,297.97,284.43,1.7051,6.9314,,23,,1.5259,0.19034,,,1.6285,0,,0,0,2,78,78,0,78.0,119380.0
148.8,75,100,90,0.0,27.63,27.038,6.1985,100,1.0,0,0.00050259,12.587,20.659,78123,86962.0,6.5045,297.9,259.26,1.7054,6.8289,,23,,1.5366,0.19026,,,1.6288,0,,0,0,2,78,78,0,78.0,119820.0
149.0,75,100,90,0.0,26.371,8.1114,89.51,100,1.0,0,0.00047744,12.615,20.681,78161,87008.0,6.5015,298.05,315.3,1.7057,6.7818,,23,,1.5263,0.19033,,,1.6291,0,,0,0,2,78,78,0,78.0,120920.0
149.2,75,100,90,0.0,26.295,56.522,8.951,100,1.0,0,0.0004647,12.625,20.703,78198,87055.0,6.4997,297.96,281.96,1.706,6.7252,,23,,1.5252,0.19034,,,1.6294,0,,0,0,2,78,78,0,78.0,119860.0
149.4,75,100,90,0.0,26.924,26.48,0.8951,100,1.0,0,0.00048182,12.608,20.725,78236,87101.0,6.4991,297.88,251.18,1.7063,6.6717,,23,,1.5296,0.19031,,,1.6297,0,,0,0,2,78,78,0,78.0,120290.0
149.6,75,100,90,0.0,27.788,7.9441,53.407,100,1.0,0,0.00045665,12.637,20.747,78274,87148.0,6.5001,297.94,273.76,1.7066,6.6491,,23,,1.5242,0.19035,,,1.6299,0,,0,0,2,78,78,0,78.0,119900.0
149.8,75,100,90,0.0,28.273,2.3832,0.0001,100,1.0,0,0.00042092,12.679,20.767,78311,87195.0,6.502,297.87,248.76,1.7068,6.6262,,23,,1.51,0.19045,,,1.6302,0,,0,0,2,78,78,0,78.0,119990.0
150.0,75,100,90,0.0,27.975,0.71497,63.3,100,1.0,0,0.00039653,12.703,20.787,78349,87241.0,6.5038,297.96,281.01,1.707,6.5833,,23,,1.501,0.19052,,,1.6303,0,,0,0,2,78,78,0,78.0,120090.0
150.2,75,100,90,0.0,26.989,26.06,6.33,0,0.9,-4000,0.00041466,11.492,20.813,77668,86468.0,6.5327,297.91,263.2,1.6971,6.5316,,23,,1.5969,0.18982,,,1.6208,0,,0,0,2,78,78,0,78.0,119700.0
150.4,75,100,90,0.0,14.348,7.8181,80.046,0,0.9,-4000,0.00043484,11.417,20.839,76985,85692.0,6.5405,298.06,320.07,1.6825,6.6171,,23,,1.6137,0.18972,,,1.6069,0,,0,0,2,78,78,0,78.0,120830.0
150.6,75,100,90,0.0,0.0,57.797,8.0046,0,0.9,-4000,0.0004636,11.326,20.867,76298,84913.0,6.5227,298.0,295.32,1.6678,6.7432,,23,,1.6228,0.18968,,,1.5927,0,,0,0,2,78,78,0,78.0,121130.0
150.8,75,100,90,0.0,0.0,35.715,0.80046,0,0.9,-4000,0.00046777,11.327,20.896,75612,84134.0,6.5056,297.93,272.2,1.6531,6.9106,,23,,1.5944,0.18992,,,1.5786,0,,0,0,2,78,78,0,78.0,121430.0
151.0,75,100,90,0.0,0.0,10.714,51.563,0,0.9,-4000,0.00047661,11.307,20.924,74926,83355.0,6.4892,298.02,304.32,1.6383,7.0769,,23,,1.5811,0.19005,,,1.5644,0,,0,0,2,78,78,0,78.0,121560.0
151.2,75,100,90,0.0,4.8368,39.404,5.1563,0,0.9,-4000,0.00051237,11.296,20.953,74241,82578.0,6.4809,297.96,283.62,1.6236,7.2369,,23,,1.5547,0.19028,,,1.5503,0,,0,0,2,78,78,0,78.0,122200.0
151.4,75,100,90,0.0,12.99,19.514,0.51563,0,0.9,-4000,0.00056911,11.265,20.983,73558,81802.0,6.4845,297.92,267.39,1.6089,7.3824,,23,,1.5387,0.19043,,,1.5362,0,,0,0,2,78,78,0,78.0,122340.0
151.6,75,100,90,0.0,19.684,5.8541,35.36,0,0.9,-4000,0.00061948,11.238,21.014,72876,81028.0,6.4969,297.98,288.33,1.5943,7.5249,,23,,1.5226,0.19058,,,1.5222,0,,0,0,2,78,78,0,78.0,121820.0
151.8,75,100,90,0.0,21.401,23.707,3.536,0,0.9,-4000,0.00068073,11.181,21.047,72195,80254.0,6.5102,297.94,275.23,1.5798,7.6671,,23,,1.5141,0.19067,,,1.5082,0,,0,0,2,78,78,0,78.0,122470.0
152.0,75,100,90,0.0,17.822,7.1121,62.154,0,0.9,-4000,0.00068015,11.179,21.079,71513,79480.0,6.5178,298.07,321.34,1.5652,7.8233,,23,,1.486,0.19091,,,1.4943,0,,0,0,2,78,78,0,78.0,121290.0
152.2,75,100,90,0.0,11.232,51.372,6.2154,0,0.9,0,0.0007016,11.129,21.113,71528,79505.0,6.486,298.02,302.47,1.5611,7.9447,,23,,1.4895,0.19089,,,1.4904,0,,0,0,2,78,78,0,78.0,121120.0
152.4,75,100,90,0.0,17.462,34.098,0.62154,0,0.9,0,0.00065445,11.203,21.145,71545,79530.0,6.4666,297.96,282.79,1.5613,8.0693,,23,,1.4631,0.19109,,,1.4906,0,,0,0,2,78,78,0,78.0,122270.0
152.6,75,100,90,0.0,31.299,15.364,0.062154,0,0.9,0,0.0006355,11.272,21.176,71564,79559.0,6.4659,297.92,267.35,1.5617,8.1192,,23,,1.4408,0.19126,,,1.4909,0,,0,0,2,78,78,0,78.0,122080.0
152.8,75,100,90,0.0,45.405,4.6091,31.397,0,0.9,0,0.00064501,11.318,21.206,71586,79590.0,6.4806,297.96,282.94,1.562,8.0936,,23,,1.421,0.19141,,,1.4912,0,,0,0,2,78,78,0,78.0,122730.0
153.0,75,100,90,0.0,53.626,17.476,3.1397,0,0.9,0,0.00065072,11.346,21.236,71610,79623.0,6.5013,297.92,267.28,1.5624,8.0226,,23,,1.4074,0.19151,,,1.4916,0,,0,0,2,78,78,0,78.0,122530.0
153.2,75,100,90,0.0,53.587,5.2428,59.488,0,0.9,0,0.0006803,11.318,21.267,71634,79656.0,6.5207,298.03,307.73,1.5628,7.9161,,23,,1.4083,0.1915,,,1.4919,0,,0,0,2,78,78,0,78.0,122680.0
153.4,75,100,90,0.0,45.825,43.108,5.9488,0,0.9,0,0.00068807,11.268,21.298,71656,79687.0,6.5331,297.97,287.04,1.5631,7.8106,,23,,1.4271,0.19136,,,1.4923,0,,0,0,2,78,78,0,78.0,122660.0
153.6,75,100,90,0.0,33.14,22.667,0.59488,0,0.9,0,0.00069074,11.223,21.33,71676,79716.0,6.53,297.92,270.22,1.5635,7.7265,,23,,1.429,0.19134,,,1.4927,0,,0,0,2,78,78,0,78.0,123310.0
153.8,75,100,90,0.0,21.722,6.8001,37.489,0,0.9,0,0.00072403,11.134,21.364,71693,79743.0,6.511,297.99,294.22,1.5639,7.6753,,23,,1.4542,0.19115,,,1.493,0,,0,0,2,78,78,0,78.0,122640.0
154.0,75,100,90,0.0,17.909,28.435,3.7489,0,0.9,0,0.00075241,11.076,21.399,71710,79769.0,6.4872,297.95,280.61,1.5643,7.686,,23,,1.4813,0.19095,,,1.4934,0,,0,0,2,78,78,0,78.0,123970.0
154.2,75,100,90,0.0,23.547,14.005,0.37489,0,0.9,0,0.00073134,11.11,21.434,71728,79796.0,6.473,297.92,268.49,1.5647,7.7419,,23,,1.4702,0.19103,,,1.4938,0,,0,0,2,78,78,0,78.0,123130.0
154.4,75,100,90,0.0,34.846,4.2015,30.884,0,0.9,0,0.00071931,11.157,21.467,71748,79826.0,6.4744,297.97,286.05,1.5651,7.7953,,23,,1.4635,0.19108,,,1.4942,0,,0,0,2,78,78,0,78.0,124460.0
154.6,75,100,90,0.0,45.544,19.069,3.0884,0,0.9,0,0.00071812,11.2,21.499,71770,79857.0,6.4878,297.93,271.75,1.5655,7.824,,23,,1.4476,0.1912,,,1.4946,0,,0,0,2,78,78,0,78.0,124280.0
154.8,75,100,90,0.0,50.892,5.7206,58.64,0,0.9,0,0.00075548,11.178,21.532,71793,79890.0,6.5056,298.05,312.86,1.5659,7.8295,,23,,1.4526,0.19116,,,1.4949,0,,0,0,2,78,78,0,78.0,123270.0
155.0,75,100,90,0.0,49.166,44.609,5.864,0,0.9,0,0.00073309,11.19,21.564,71816,79922.0,6.5215,297.99,293.61,1.5663,7.8485,,23,,1.4518,0.19117,,,1.4953,0,,0,0,2,78,78,0,78.0,124250.0
155.2,75,100,90,0.0,41.075,26.202,0.5864,0,0.9,0,0.00077102,11.118,21.598,71837,79953.0,6.5268,297.94,277.17,1.5666,7.8559,,23,,1.4727,0.19101,,,1.4957,0,,0,0,2,78,78,0,78.0,124410.0
155.4,75,100,90,0.0,30.89,7.8606,37.675,0,0.9,0,0.00076102,11.067,21.632,71856,79982.0,6.5197,298.01,300.5,1.567,7.8996,,23,,1.5021,0.19078,,,1.496,0,,0,0,2,78,78,0,78.0,125070.0
155.6,75,100,90,0.0,23.561,29.517,3.7675,0,0.9,0,0.00076119,11.03,21.667,71874,80009.0,6.5041,297.97,287.54,1.5674,7.9443,,23,,1.5151,0.19069,,,1.4964,0,,0,0,2,78,78,0,78.0,124240.0
155.8,75,100,90,0.0,22.468,16.467,0.37675,0,0.9,0,0.00072761,11.052,21.701,71892,80036.0,6.4885,297.94,274.65,1.5678,8.0002,,23,,1.506,0.19075,,,1.4967,0,,0,0,2,78,78,0,78.0,125730.0
156.0,75,100,90,0.0,27.595,4.9402,30.879,0,0.9,0,0.00072158,11.073,21.734,71910,80064.0,6.481,297.99,292.08,1.5681,8.0359,1199.5,23,1850.6,1.4987,0.19081,21.598,24.281,1.4971,0,77.187,0,0,2,78,78,0,78.0,125060.0
156.2,75,100,90,0.0,35.685,20.324,3.0879,0,0.9,0,0.00069782,11.117,21.767,71931,80093.0,6.484,297.95,278.47,1.5684,8.0505,,23,,1.4885,0.19088,,,1.4974,0,,0,0,2,78,78,0,78.0,125380.0
156.4,75,100,90,0.0,42.557,6.0971,55.206,0,0.9,0,0.00072418,11.119,21.8,71952,80124.0,6.4922,298.06,315.83,1.5687,8.0341,,23,,1.4835,0.19092,,,1.4977,0,,0,0,2,78,78,0,78.0,125700.0
156.6,75,100,90,0.0,46.174,41.848,5.5206,0,0.9,0,0.00070099,11.159,21.832,71974,80155.0,6.5044,298.0,295.75,1.569,8.0157,,23,,1.4614,0.19109,,,1.498,0,,0,0,2,78,78,0,78.0,124850.0
156.8,75,100,90,0.0,44.919,23.054,0.55206,0,0.9,0,0.00072645,11.128,21.865,71996,80186.0,6.5139,297.95,277.79,1.5694,7.9731,,23,,1.4667,0.19105,,,1.4983,0,,0,0,2,78,78,0,78.0,125510.0
157.0,75,100,90,0.0,39.897,6.9161,34.869,0,0.9,0,0.00070339,11.137,21.897,72017,80216.0,6.5185,298.0,296.09,1.5696,7.9495,,23,,1.4549,0.19114,,,1.4985,0,,0,0,2,78,78,0,78.0,125500.0
157.2,75,100,90,0.0,33.02,23.595,3.4869,0,0.9,0,0.00071065,11.081,21.931,72037,80245.0,6.515,297.96,281.4,1.5699,7.9201,,23,,1.4814,0.19094,,,1.4988,0,,0,0,2,78,78,0,78.0,124820.0
157.4,75,100,90,0.0,27.567,8.4856,0.34869,0,0.9,0,0.00076347,10.998,21.966,72056,80273.0,6.5038,297.93,270.52,1.5703,7.9143,,23,,1.5089,0.19073,,,1.4991,0,,0,0,2,78,78,0,78.0,125150.0
157.6,75,100,90,0.0,26.594,2.5457,22.275,0,0.9,0,0.00078976,10.959,22.002,72074,80300.0,6.4908,297.96,282.02,1.5706,7.9811,,23,,1.5289,0.19057,,,1.4995,0,,0,0,2,78,78,0,78.0,126320.0
157.8,75,100,90,0.0,30.792,11.467,2.2275,0,0.9,0,0.00075753,11.011,22.037,72093,80328.0,6.4851,297.93,271.29,1.5709,8.0665,,23,,1.5064,0.19074,,,1.4998,0,,0,0,2,78,78,0,78.0,126820.0
158.0,75,100,90,0.0,37.232,3.4401,43.627,0,0.9,0,0.00075226,11.035,22.071,72114,80358.0,6.4891,298.01,299.66,1.5713,8.1245,,23,,1.5014,0.19078,,,1.5001,0,,0,0,2,78,78,0,78.0,125980.0
158.2,75,100,90,0.0,42.068,29.272,4.3627,0,0.9,0,0.00075382,11.054,22.105,72135,80389.0,6.4986,297.96,283.55,1.5716,8.1505,,23,,1.4906,0.19086,,,1.5004,0,,0,0,2,78,78,0,78.0,126980.0
158.4,75,100,90,0.0,43.13,12.936,0.43627,0,0.9,0,0.00079234,11.01,22.14,72157,80419.0,6.5072,297.92,269.94,1.5719,8.1685,,23,,1.5047,0.19076,,,1.5007,0,,0,0,2,78,78,0,78.0,127310.0
158.6,75,100,90,0.0,40.791,3.8807,28.381,0,0.9,0,0.000817,10.971,22.176,72178,80450.0,6.512,297.97,285.41,1.5722,8.2165,,23,,1.5175,0.19066,,,1.501,0,,0,0,2,78,78,0,78.0,127150.0
158.8,75,100,90,0.0,36.513,16.738,2.8381,0,0.9,0,0.00087658,10.908,22.214,72199,80479.0,6.5095,297.94,275.13,1.5726,8.2898,,23,,1.5272,0.19058,,,1.5014,0,,0,0,2,78,78,0,78.0,126660.0
159.0,75,100,90,0.0,33.261,5.0214,49.121,0,0.9,0,0.00091989,10.847,22.252,72218,80509.0,6.5008,298.04,311.63,1.573,8.4004,,23,,1.5508,0.1904,,,1.5018,0,,0,0,2,78,78,0,78.0,126510.0
159.2,75,100,90,0.0,33.489,39.327,4.9121,0,0.9,0,0.00090288,10.876,22.291,72238,80538.0,6.4931,298.0,295.8,1.5734,8.5399,,23,,1.527,0.19058,,,1.5022,0,,0,0,2,78,78,0,78.0,127860.0
159.4,75,100,90,0.0,36.769,24.41,0.49121,0,0.9,0,0.00094118,10.85,22.329,72259,80568.0,6.49,297.96,281.25,1.5738,8.6724,,23,,1.5357,0.19052,,,1.5026,0,,0,0,2,78,78,0,78.0,128710.0
159.6,75,100,90,0.0,41.28,10.197,0.049121,0,0.9,0,0.00095294,10.853,22.368,72280,80598.0,6.4925,297.93,270.92,1.5743,8.8088,,23,,1.5386,0.19049,,,1.503,0,,0,0,2,78,78,0,78.0,127560.0
159.8,75,100,90,0.0,44.781,3.0592,23.351,0,0.9,0,0.00097912,10.849,22.407,72302,80630.0,6.498,297.97,284.37,1.5747,8.9181,,23,,1.5328,0.19054,,,1.5034,0,,0,0,2,78,78,0,78.0,127750.0
160.0,75,100,90,0.0,46.087,13.912,2.3351,0,0.9,0,0.00096291,10.867,22.445,72325,80662.0,6.5058,297.94,274.62,1.5752,9.0197,,23,,1.5213,0.19062,,,1.5038,0,,0,0,2,78,78,0,78.0,128600.0
160.2,75,100,80,0.0,44.267,4.1737,44.627,400,0.9,0,0.00072865,12.638,22.453,72425,80771.0,6.5117,297.97,287.06,1.5755,9.0871,,23,,1.0524,0.19415,,,1.5041,0,,0,0,2,78,78,0,78.0,129300.0
160.4,75,100,80,0.0,40.106,14.401,4.4627,400,0.9,0,0.00072404,12.643,22.461,72524,80879.0,6.5133,297.89,259.58,1.5757,8.3325,,23,,1.0136,0.19444,,,1.5044,0,,0,0,2,78,78,0,78.0,129010.0
160.6,75,100,80,0.0,35.311,4.3204,68.321,400,0.9,0,0.0007336,12.623,22.469,72622,80985.0,6.5101,297.99,293.49,1.576,7.4823,,23,,1.0228,0.19437,,,1.5046,0,,0,0,2,78,78,0,78.0,128050.0
160.8,75,100,80,0.0,31.824,34.563,6.8321,400,0.9,0,0.00072393,12.637,22.478,72719,81091.0,6.5029,297.9,262.44,1.5762,6.6153,,23,,1.0096,0.19447,,,1.5048,0,,0,0,2,78,78,0,78.0,127920.0
161.0,75,100,80,0.0,31.201,10.369,105.22,400,0.9,0,0.00076047,12.606,22.487,72816,81197.0,6.4943,298.09,327.55,1.5764,5.777,,23,,1.0314,0.19431,,,1.5051,0,,0,0,2,78,78,0,78.0,127800.0
161.2,75,100,80,0.0,34.016,71.773,10.522,400,0.9,0,0.00074625,12.628,22.496,72913,81302.0,6.4899,297.98,289.27,1.5767,5.0252,,23,,1.0396,0.19425,,,1.5053,0,,0,0,2,78,78,0,78.0,128340.0
161.4,75,100,80,0.0,38.581,35.9,1.0522,400,0.9,0,0.00076476,12.634,22.505,73011,81409.0,6.4908,297.88,253.38,1.5769,4.3601,,23,,1.044,0.19421,,,1.5055,0,,0,0,2,78,78,0,78.0,128390.0
161.6,75,100,80,0.0,42.775,10.77,63.956,400,0.9,0,0.00078763,12.637,22.515,73110,81516.0,6.4965,297.96,281.5,1.5772,3.8297,,23,,1.0499,0.19417,,,1.5058,0,,0,0,2,78,78,0,78.0,128600.0
161.8,75,100,80,0.0,44.697,34.621,6.3956,400,0.9,0,0.00081507,12.644,22.524,73209,81624.0,6.5026,297.87,250.45,1.5775,3.4506,,23,,1.0421,0.19422,,,1.506,0,,0,0,2,78,78,0,78.0,129480.0
162.0,75,100,80,0.0,44.176,10.386,107.57,400,0.9,0,0.00083021,12.647,22.534,73308,81732.0,6.507,298.06,318.02,1.5777,3.2284,,23,,1.0411,0.19423,,,1.5063,0,,0,0,2,78,78,0,78.0,128360.0
162.2,75,100,80,0.0,41.897,72.502,10.757,400,0.9,0,0.0008504,12.644,22.545,73406,81839.0,6.5073,297.95,278.45,1.578,3.1484,,23,,1.0394,0.19424,,,1.5066,0,,0,0,2,78,78,0,78.0,129750.0
162.4,75,100,80,0.0,39.491,21.751,164.69,400,0.9,0,0.00085682,12.642,22.555,73504,81946.0,6.5036,298.27,392.61,1.5783,3.2004,,23,,1.0463,0.19419,,,1.5069,0,,0,0,2,78,78,0,78.0,129130.0
162.6,75,100,80,0.0,38.565,132.51,16.469,400,0.9,0,0.00085762,12.646,22.565,73601,82052.0,6.4969,298.12,337.48,1.5786,3.3614,,23,,1.0567,0.19411,,,1.5072,0,,0,0,2,78,78,0,78.0,128850.0
162.8,75,100,80,0.0,40.346,86.358,1.6469,400,0.9,0,0.0008885,12.617,22.576,73699,82159.0,6.4914,297.97,287.63,1.5789,3.5946,,23,,1.0843,0.19391,,,1.5074,0,,0,0,2,78,78,0,78.0,128730.0
163.0,75,100,80,0.0,44.285,43.163,0.16469,400,0.9,0,0.00089404,12.64,22.587,73798,82267.0,6.4891,297.87,249.08,1.5792,3.9096,,23,,1.0836,0.19391,,,1.5077,0,,0,0,2,78,78,0,78.0,129290.0
163.2,75,100,80,0.0,49.163,12.949,67.389,400,0.9,0,0.00092163,12.653,22.599,73898,82376.0,6.4895,297.95,279.39,1.5796,4.2678,,23,,1.0828,0.19392,,,1.508,0,,0,0,2,78,78,0,78.0,128840.0
163.4,75,100,80,0.0,53.87,38.29,6.7389,400,0.9,0,0.000935,12.66,22.611,73999,82485.0,6.4956,297.86,247.3,1.5799,4.6517,,23,,1.0913,0.19385,,,1.5084,0,,0,0,2,78,78,0,78.0,129570.0
163.6,75,100,80,0.0,56.14,11.487,114.66,400,0.9,0,0.00095765,12.656,22.623,74101,82596.0,6.5012,298.07,320.5,1.5802,5.0425,,23,,1.1016,0.19377,,,1.5087,0,,0,0,2,78,78,0,78.0,128630.0
163.8,75,100,80,0.0,56.189,78.112,11.466,400,0.9,0,0.00092514,12.693,22.635,74203,82706.0,6.5081,297.95,278.5,1.5805,5.4311,,23,,1.0952,0.19382,,,1.509,0,,0,0,2,78,78,0,78.0,128850.0
164.0,75,100,80,0.0,53.484,23.434,175.32,400,0.9,0,0.00095641,12.689,22.648,74304,82816.0,6.5116,298.3,401.63,1.5808,5.7571,,23,,1.0842,0.1939,,,1.5093,0,,0,0,2,78,78,0,78.0,129250.0
164.2,75,100,80,0.0,49.359,141.78,17.532,400,0.9,0,0.00096583,12.687,22.661,74404,82926.0,6.5093,298.13,342.35,1.5812,6.0499,,23,,1.0821,0.19392,,,1.5096,0,,0,0,2,78,78,0,78.0,128980.0
164.4,75,100,80,0.0,46.166,92.866,1.7532,400,0.9,0,0.00097723,12.675,22.674,74504,83034.0,6.5046,297.97,284.67,1.5815,6.2883,,23,,1.0935,0.19383,,,1.5099,0,,0,0,2,78,78,0,78.0,129380.0
164.6,75,100,80,0.0,44.84,43.17,0.17532,400,0.9,0,0.00096218,12.699,22.687,74603,83143.0,6.4987,297.85,243.16,1.5818,6.4635,,23,,1.0882,0.19387,,,1.5102,0,,0,0,2,78,78,0,78.0,128940.0
164.8,75,100,80,0.0,45.872,12.951,67.422,400,0.9,0,0.0009625,12.706,22.7,74703,83251.0,6.497,297.93,273.17,1.5821,6.5668,,23,,1.0961,0.19381,,,1.5105,0,,0,0,2,78,78,0,78.0,129500.0
165.0,75,100,80,0.0,47.567,3.8853,0.0001,400,0.9,0,0.00094301,12.74,22.712,74803,83360.0,6.4988,297.86,244.97,1.5824,6.6063,,23,,1.088,0.19387,,,1.5108,0,,0,0,2,78,78,0,78.0,128900.0
165.2,75,100,80,0.0,48.559,1.1656,77.249,400,0.9,0,0.00095582,12.734,22.725,74903,83469.0,6.5004,297.97,287.62,1.5827,6.5823,,23,,1.1011,0.19377,,,1.5111,0,,0,0,2,78,78,0,78.0,130630.0
165.4,75,100,80,0.0,48.919,37.381,7.7249,400,0.9,0,0.00095427,12.751,22.738,75003,83578.0,6.5022,297.89,255.5,1.583,6.5234,,23,,1.1007,0.19377,,,1.5114,0,,0,0,2,78,78,0,78.0,130190.0
165.6,75,100,80,0.0,48.545,11.214,116.82,400,0.9,0,0.00099834,12.724,22.751,75104,83688.0,6.5034,298.09,330.34,1.5833,6.4176,,23,,1.1152,0.19367,,,1.5117,0,,0,0,2,78,78,0,78.0,130250.0
165.8,75,100,80,0.0,47.693,79.376,11.682,400,0.9,0,0.00097975,12.734,22.764,75203,83796.0,6.5037,297.98,288.75,1.5837,6.3137,,23,,1.1269,0.19358,,,1.512,0,,0,0,2,78,78,0,78.0,129320.0
166.0,75,100,80,0.0,46.751,41.485,1.1682,400,0.9,0,0.0010155,12.721,22.778,75303,83905.0,6.5021,297.87,249.82,1.584,6.1893,,23,,1.1288,0.19356,,,1.5123,0,,0,0,2,78,78,0,78.0,128880.0
166.2,75,100,80,0.0,46.442,12.445,70.957,400,0.9,0,0.00099997,12.737,22.792,75403,84014.0,6.5017,297.96,283.15,1.5843,6.086,,23,,1.1354,0.19351,,,1.5126,0,,0,0,2,78,78,0,78.0,129620.0
166.4,75,100,80,0.0,46.277,40.234,7.0957,400,0.9,0,0.00096079,12.768,22.804,75503,84122.0,6.4995,297.87,249.95,1.5846,5.9719,,23,,1.1393,0.19348,,,1.5129,0,,0,0,2,78,78,0,78.0,130180.0
166.6,75,100,80,0.0,47.012,12.07,116.72,400,0.9,0,0.00099136,12.768,22.817,75602,84231.0,6.4994,298.08,324.33,1.5849,5.8312,,23,,1.14,0.19348,,,1.5132,0,,0,0,2,78,78,0,78.0,129570.0
166.8,75,100,80,0.0,47.781,78.784,11.672,400,0.9,0,0.00098876,12.778,22.829,75702,84339.0,6.4987,297.96,281.45,1.5852,5.709,,23,,1.1447,0.19344,,,1.5135,0,,0,0,2,78,78,0,78.0,129130.0
167.0,75,100,80,0.0,48.804,39.3,1.1672,400,0.9,0,0.00099703,12.798,22.842,75802,84448.0,6.4967,297.85,241.82,1.5855,5.604,,23,,1.1301,0.19355,,,1.5137,0,,0,0,2,78,78,0,78.0,129190.0
167.2,75,100,80,0.0,50.661,11.79,72.758,400,0.9,0,0.00097995,12.825,22.854,75902,84557.0,6.4951,297.94,276.71,1.5858,5.5356,,23,,1.1304,0.19355,,,1.514,0,,0,0,2,78,78,0,78.0,129250.0
167.4,75,100,80,0.0,53.158,3.537,0.0001,400,0.9,0,0.00098896,12.832,22.866,76003,84667.0,6.4956,297.87,248.38,1.5861,5.4652,,23,,1.1424,0.19346,,,1.5143,0,,0,0,2,78,78,0,78.0,130310.0
167.6,75,100,80,0.0,55.428,1.0611,77.519,400,0.9,0,0.00098133,12.864,22.877,76105,84777.0,6.4981,297.98,291.02,1.5863,5.4068,,23,,1.1347,0.19351,,,1.5146,0,,0,0,2,78,78,0,78.0,129530.0
167.8,75,100,80,0.0,56.694,37.018,7.7519,400,0.9,0,0.00094388,12.909,22.887,76206,84887.0,6.5004,297.9,258.71,1.5866,5.3612,,23,,1.1222,0.19361,,,1.5148,0,,0,0,2,78,78,0,78.0,129750.0
168.0,75,100,80,0.0,57.068,11.105,113.78,400,0.9,0,0.00098144,12.902,22.898,76308,84998.0,6.5004,298.09,330.42,1.5869,5.3064,1202.2,23,1852.6,1.1207,0.19362,22.854,23.569,1.515,0,73.884,0,0,2,78,78,0,78.0,130470.0
168.2,75,100,80,0.0,57.451,75.547,11.378,400,0.9,0,0.00097589,12.918,22.909,76409,85108.0,6.4985,297.97,286.78,1.5871,5.2925,,23,,1.1203,0.19362,,,1.5153,0,,0,0,2,78,78,0,78.0,130690.0
168.4,75,100,80,0.0,58.568,36.359,1.1378,400,0.9,0,0.00094671,12.945,22.919,76511,85218.0,6.4975,297.87,247.7,1.5874,5.2938,,23,,1.1198,0.19362,,,1.5155,0,,0,0,2,78,78,0,78.0,130400.0
168.6,75,100,80,0.0,60.075,10.908,65.413,400,0.9,0,0.00094605,12.973,22.929,76613,85329.0,6.4996,297.94,276.08,1.5876,5.293,,23,,1.1055,0.19373,,,1.5158,0,,0,0,2,78,78,0,78.0,130950.0
168.8,75,100,80,0.0,60.753,3.2723,0.0001,400,0.9,0,0.00092211,13.017,22.939,76715,85440.0,6.505,297.87,247.7,1.5878,5.3034,,23,,1.0863,0.19387,,,1.516,0,,0,0,2,78,78,0,78.0,131000.0
169.0,75,100,80,0.0,59.262,0.98169,72.641,400,0.9,0,0.00091751,13.023,22.948,76817,85550.0,6.5108,297.97,285.83,1.588,5.2965,,23,,1.089,0.19385,,,1.5162,0,,0,0,2,78,78,0,78.0,131540.0
169.2,75,100,80,0.0,55.475,32.287,7.2641,400,0.9,0,0.00091185,13.033,22.957,76919,85660.0,6.5157,297.88,253.98,1.5883,5.293,,23,,1.0855,0.19388,,,1.5164,0,,0,0,2,78,78,0,78.0,131090.0
169.4,75,100,80,0.0,49.731,9.6861,107.57,400,0.9,0,0.00090905,13.019,22.966,77019,85769.0,6.5159,298.06,320.37,1.5885,5.2923,,23,,1.0969,0.19379,,,1.5166,0,,0,0,2,78,78,0,78.0,130470.0
169.6,75,100,80,0.0,43.894,68.045,10.757,400,0.9,0,0.00088214,13.026,22.975,77117,85876.0,6.514,297.95,278.36,1.5887,5.3013,,23,,1.101,0.19376,,,1.5168,0,,0,0,2,78,78,0,78.0,130840.0
169.8,75,100,80,0.0,38.818,20.414,157.34,400,0.9,0,0.00085602,13.044,22.984,77215,85982.0,6.5091,298.24,384.92,1.5888,5.3,,23,,1.0973,0.19379,,,1.5169,0,,0,0,2,78,78,0,78.0,131220.0
170.0,75,100,80,0.0,35.694,118.79,15.734,400,0.9,0,0.00088416,13.032,22.993,77312,86088.0,6.5003,298.08,327.11,1.589,5.2872,,23,,1.0967,0.19379,,,1.5171,0,,0,0,2,78,78,0,78.0,130430.0
170.2,75,100,80,0.0,36.098,71.652,1.5734,150,0.9,-4000,0.00092196,12.127,23.018,76662,85343.0,6.5224,297.94,276.71,1.5796,5.2959,,23,,1.3606,0.19183,,,1.5081,0,,0,0,2,78,78,0,78.0,131210.0
170.4,75,100,80,0.0,27.576,21.496,84.686,150,0.9,-4000,0.00095499,12.083,23.043,76009,84597.0,6.5351,298.07,321.44,1.566,5.7063,,23,,1.3815,0.1917,,,1.495,0,,0,0,2,78,78,0,78.0,131170.0
170.6,75,100,80,0.0,14.103,62.635,8.4686,150,0.9,-4000,0.0010051,12.01,23.071,75355,83849.0,6.5294,297.96,283.67,1.5522,6.1791,,23,,1.3849,0.1917,,,1.4818,0,,0,0,2,78,78,0,78.0,131470.0
170.8,75,100,80,0.0,2.9083,28.288,0.84686,150,0.9,-4000,0.001013,11.97,23.1,74698,83099.0,6.5095,297.88,253.51,1.5383,6.7117,,23,,1.3817,0.19175,,,1.4685,0,,0,0,2,78,78,0,78.0,131610.0
171.0,75,100,80,0.0,0.0,8.4864,51.654,150,0.9,-4000,0.00098818,11.989,23.128,74041,82348.0,6.4876,297.94,276.61,1.5245,7.2492,,23,,1.3548,0.19198,,,1.4552,0,,0,0,2,78,78,0,78.0,131410.0
171.2,75,100,80,0.0,5.4729,2.5459,0.0001,150,0.9,-4000,0.0010381,11.978,23.157,73385,81598.0,6.473,297.88,255.38,1.5107,7.7173,,23,,1.3406,0.19211,,,1.442,0,,0,0,2,78,78,0,78.0,131040.0
171.4,75,100,80,0.0,16.783,0.76377,60.088,150,0.9,-4000,0.0010978,11.991,23.186,72732,80851.0,6.4714,297.98,288.82,1.4969,8.1354,,23,,1.3195,0.1923,,,1.4288,0,,0,0,2,78,78,0,78.0,130850.0
171.6,75,100,80,0.0,28.716,29.804,6.0088,150,0.9,-4000,0.0011265,12.026,23.214,72081,80106.0,6.4827,297.9,261.63,1.4831,8.4734,,23,,1.2916,0.19254,,,1.4156,0,,0,0,2,78,78,0,78.0,132320.0
171.8,75,100,80,0.0,36.132,8.9411,97.069,150,0.9,-4000,0.0011296,12.077,23.241,71431,79363.0,6.5026,298.08,323.38,1.4694,8.6921,,23,,1.2473,0.1929,,,1.4024,0,,0,0,2,78,78,0,78.0,132620.0
172.0,75,100,80,0.0,35.587,67.764,9.7069,150,0.9,-4000,0.0011605,12.054,23.269,70782,78620.0,6.5216,297.96,283.97,1.4556,8.7772,,23,,1.2429,0.19296,,,1.3892,0,,0,0,2,78,78,0,78.0,133080.0
172.2,75,100,80,0.0,27.466,29.522,0.97069,150,0.9,0,0.0011214,12.061,23.297,70829,78675.0,6.504,297.87,251.72,1.4517,8.7745,,23,,1.2282,0.19307,,,1.3855,0,,0,0,2,78,78,0,78.0,132880.0
172.4,75,100,80,0.0,26.502,8.8566,55.208,150,0.9,0,0.0010973,12.07,23.324,70875,78730.0,6.4871,297.94,276.4,1.4518,8.6793,,23,,1.2238,0.19311,,,1.3856,0,,0,0,2,78,78,0,78.0,132840.0
172.6,75,100,80,0.0,32.193,2.657,0.0001,150,0.9,0,0.001126,12.083,23.351,70923,78786.0,6.4771,297.87,253.35,1.4521,8.5154,,23,,1.214,0.19318,,,1.3858,0,,0,0,2,78,78,0,78.0,131640.0
172.8,75,100,80,0.0,41.845,0.79709,66.295,150,0.9,0,0.0011115,12.123,23.377,70973,78844.0,6.4776,297.98,289.93,1.4524,8.3245,,23,,1.2062,0.19324,,,1.3861,0,,0,0,2,78,78,0,78.0,132430.0
173.0,75,100,80,0.0,51.31,33.714,6.6295,150,0.9,0,0.0011286,12.15,23.403,71024,78904.0,6.4866,297.89,259.65,1.4526,8.0872,,23,,1.1984,0.1933,,,1.3863,0,,0,0,2,78,78,0,78.0,133220.0
173.2,75,100,80,0.0,57.167,10.114,108.71,150,0.9,0,0.0011639,12.146,23.43,71077,78965.0,6.4993,298.1,330.31,1.4529,7.8355,,23,,1.2031,0.19326,,,1.3866,0,,0,0,2,78,78,0,78.0,133020.0
173.4,75,100,80,0.0,57.97,78.354,10.871,150,0.9,0,0.0011104,12.197,23.455,71129,79026.0,6.5122,297.97,286.78,1.4532,7.5993,,23,,1.1765,0.19346,,,1.3869,0,,0,0,2,78,78,0,78.0,133140.0
173.6,75,100,80,0.0,53.624,36.499,1.0871,150,0.9,0,0.0011631,12.144,23.482,71181,79086.0,6.5192,297.87,251.34,1.4535,7.3499,,23,,1.1982,0.1933,,,1.3872,0,,0,0,2,78,78,0,78.0,134100.0
173.8,75,100,80,0.0,46.469,10.95,61.975,150,0.9,0,0.0011621,12.119,23.509,71231,79144.0,6.5184,297.95,280.61,1.4538,7.1519,,23,,1.208,0.19322,,,1.3874,0,,0,0,2,78,78,0,78.0,133390.0
174.0,75,100,80,0.0,39.641,36.401,6.1975,150,0.9,0,0.0011967,12.081,23.537,71280,79202.0,6.5127,297.87,250.91,1.4541,7.0097,,23,,1.2115,0.1932,,,1.3877,0,,0,0,2,78,78,0,78.0,133190.0
174.2,75,100,80,0.0,35.099,10.92,110.41,150,0.9,0,0.0012319,12.056,23.566,71328,79258.0,6.5028,298.09,325.8,1.4544,6.9426,,23,,1.2088,0.19322,,,1.388,0,,0,0,2,78,78,0,78.0,133830.0
174.4,75,100,80,0.0,34.493,82.211,11.041,150,0.9,0,0.0012527,12.053,23.595,71376,79315.0,6.4934,297.97,284.55,1.4547,6.9423,,23,,1.2029,0.19326,,,1.3884,0,,0,0,2,78,78,0,78.0,133470.0
174.6,75,100,80,0.0,37.672,42.207,1.1041,150,0.9,0,0.0012676,12.056,23.624,71424,79372.0,6.4864,297.86,249.35,1.4551,6.9914,,23,,1.1992,0.19329,,,1.3887,0,,0,0,2,78,78,0,78.0,133940.0
174.8,75,100,80,0.0,43.643,12.662,70.247,150,0.9,0,0.0012617,12.084,23.653,71474,79430.0,6.4853,297.97,287.25,1.4554,7.0921,,23,,1.1921,0.19334,,,1.389,0,,0,0,2,78,78,0,78.0,134750.0
175.0,75,100,80,0.0,50.011,46.488,7.0247,150,0.9,0,0.0012912,12.093,23.682,71525,79490.0,6.4871,297.88,254.3,1.4558,7.2046,,23,,1.1902,0.19335,,,1.3893,0,,0,0,2,78,78,0,78.0,134220.0
175.2,75,100,80,0.0,55.662,13.946,127.43,150,0.9,0,0.0013318,12.088,23.711,71577,79550.0,6.4936,298.14,342.73,1.4561,7.3265,,23,,1.1955,0.19331,,,1.3897,0,,0,0,2,78,78,0,78.0,134030.0
175.4,75,100,80,0.0,58.745,99.032,12.743,150,0.9,0,0.001329,12.108,23.74,71630,79612.0,6.5039,298.0,295.29,1.4565,7.4659,,23,,1.1852,0.19339,,,1.3901,0,,0,0,2,78,78,0,78.0,134160.0
175.6,75,100,80,0.0,57.701,54.505,1.2743,150,0.9,0,0.0012999,12.149,23.768,71682,79673.0,6.511,297.87,252.87,1.4569,7.5955,,23,,1.1486,0.19366,,,1.3904,0,,0,0,2,78,78,0,78.0,134130.0
175.8,75,100,80,0.0,53.83,16.351,82.209,150,0.9,0,0.0012987,12.139,23.797,71734,79734.0,6.5145,298.01,299.16,1.4572,7.7072,,23,,1.1472,0.19367,,,1.3908,0,,0,0,2,78,78,0,78.0,134270.0
176.0,75,100,80,0.0,48.565,58.998,8.2209,150,0.9,0,0.0013132,12.11,23.826,71785,79793.0,6.5133,297.9,261.91,1.4576,7.8158,,23,,1.1591,0.19358,,,1.3911,0,,0,0,2,78,78,0,78.0,134410.0
176.2,75,100,80,0.0,43.777,17.699,145.07,150,0.9,0,0.0012973,12.108,23.855,71835,79852.0,6.5065,298.2,364.63,1.4579,7.9155,,23,,1.1557,0.19361,,,1.3914,0,,0,0,2,78,78,0,78.0,135550.0
176.4,75,100,80,0.0,41.724,117.71,14.507,150,0.9,0,0.0012957,12.128,23.884,71884,79910.0,6.4983,298.04,310.6,1.4583,7.9916,,23,,1.1307,0.19379,,,1.3918,0,,0,0,2,78,78,0,78.0,134520.0
176.6,75,100,80,0.0,42.933,68.823,1.4507,150,0.9,0,0.0012799,12.156,23.912,71934,79968.0,6.4914,297.91,264.33,1.4587,8.0446,,23,,1.1065,0.19398,,,1.3921,0,,0,0,2,78,78,0,78.0,135320.0
176.8,75,100,80,0.0,46.88,20.647,88.35,150,0.9,0,0.0012965,12.185,23.941,71984,80028.0,6.4893,298.05,314.64,1.459,8.0751,,23,,1.0791,0.19418,,,1.3925,0,,0,0,2,78,78,0,78.0,135290.0
177.0,75,100,80,0.0,51.654,68.495,8.835,150,0.9,0,0.0013168,12.191,23.969,72036,80088.0,6.4916,297.93,272.71,1.4594,8.0918,,23,,1.0751,0.19421,,,1.3928,0,,0,0,2,78,78,0,78.0,135430.0
177.2,75,100,80,0.0,55.538,20.549,154.97,150,0.9,0,0.0012777,12.234,23.997,72088,80149.0,6.498,298.25,380.98,1.4597,8.0982,,23,,1.0639,0.19429,,,1.3931,0,,0,0,2,78,78,0,78.0,135730.0
177.4,75,100,80,0.0,56.839,127.02,15.497,150,0.9,0,0.0012753,12.231,24.024,72140,80210.0,6.5064,298.07,319.1,1.4601,8.0647,,23,,1.0721,0.19423,,,1.3935,0,,0,0,2,78,78,0,78.0,135520.0
177.6,75,100,80,0.0,54.802,72.126,1.5497,150,0.9,0,0.001273,12.235,24.052,72192,80270.0,6.5126,297.92,268.71,1.4604,8.0088,,23,,1.065,0.19428,,,1.3938,0,,0,0,2,78,78,0,78.0,135320.0
177.8,75,100,80,0.0,50.305,21.638,86.903,150,0.9,0,0.0012565,12.227,24.079,72243,80330.0,6.5134,298.06,316.52,1.4607,7.9416,,23,,1.0654,0.19428,,,1.3941,0,,0,0,2,78,78,0,78.0,136450.0
178.0,75,100,80,0.0,45.477,67.387,8.6903,150,0.9,0,0.0012424,12.214,24.107,72293,80389.0,6.5095,297.94,275.58,1.4611,7.8726,,23,,1.0718,0.19423,,,1.3944,0,,0,0,2,78,78,0,78.0,136580.0
178.2,75,100,80,0.0,42.222,20.216,149.19,150,0.9,0,0.001276,12.167,24.135,72343,80447.0,6.5029,298.24,380.91,1.4614,7.8057,,23,,1.1039,0.19399,,,1.3947,0,,0,0,2,78,78,0,78.0,136050.0
178.4,75,100,80,0.0,41.586,123.67,14.919,150,0.9,0,0.0012342,12.188,24.162,72392,80505.0,6.4979,298.08,324.21,1.4617,7.7632,,23,,1.1037,0.19399,,,1.3951,0,,0,0,2,78,78,0,78.0,136350.0
178.6,75,100,80,0.0,42.956,74.189,1.4919,150,0.9,0,0.0012379,12.203,24.189,72441,80563.0,6.4953,297.95,277.51,1.462,7.7036,,23,,1.0916,0.19408,,,1.3954,0,,0,0,2,78,78,0,78.0,137310.0
178.8,75,100,80,0.0,45.349,22.257,84.355,150,0.9,0,0.0012494,12.212,24.216,72491,80622.0,6.4945,298.08,324.15,1.4624,7.6501,,23,,1.0819,0.19415,,,1.3957,0,,0,0,2,78,78,0,78.0,136100.0
179.0,75,100,80,0.0,48.081,67.563,8.4355,150,0.9,0,0.0012855,12.189,24.243,72542,80681.0,6.496,297.97,285.31,1.4627,7.6048,,23,,1.0982,0.19403,,,1.396,0,,0,0,2,78,78,0,78.0,136730.0
179.2,75,100,80,0.0,50.181,31.054,0.84355,150,0.9,0,0.001317,12.17,24.271,72593,80741.0,6.5003,297.88,254.27,1.463,7.5877,,23,,1.1122,0.19392,,,1.3963,0,,0,0,2,78,78,0,78.0,138040.0
179.4,75,100,80,0.0,50.579,9.3162,53.904,150,0.9,0,0.0013601,12.162,24.3,72644,80801.0,6.505,297.95,279.41,1.4634,7.6026,,23,,1.1037,0.19399,,,1.3967,0,,0,0,2,78,78,0,78.0,136670.0
179.6,75,100,80,0.0,49.106,30.391,5.3904,150,0.9,0,0.0013631,12.167,24.328,72695,80861.0,6.5072,297.88,253.39,1.4638,7.6466,,23,,1.0911,0.19408,,,1.3971,0,,0,0,2,78,78,0,78.0,137640.0
179.8,75,100,80,0.0,46.759,9.1174,95.35,150,0.9,0,0.0013468,12.151,24.357,72745,80920.0,6.5075,298.06,316.13,1.4642,7.7052,,23,,1.1072,0.19396,,,1.3974,0,,0,0,2,78,78,0,78.0,138280.0
180.0,75,100,80,0.0,44.268,67.146,9.535,150,0.9,0,0.0013676,12.131,24.385,72795,80979.0,6.5069,297.96,281.45,1.4646,7.7689,1200.6,23,1865.6,1.1177,0.19388,24.271,23.052,1.3978,0,71.821,0,0,2,78,78,0,78.0,137080.0
180.2,75,100,80,0.0,42.031,33.671,0.9535,150,0.9,0,0.0012737,12.161,24.413,72844,81037.0,6.5045,297.87,250.11,1.4649,7.8403,,23,,1.1255,0.19382,,,1.3982,0,,0,0,2,78,78,0,78.0,137380.0
180.4,75,100,80,0.0,40.758,10.101,62.103,150,0.9,0,0.001277,12.147,24.44,72893,81095.0,6.4991,297.96,282.41,1.4653,7.8653,,23,,1.1331,0.19376,,,1.3985,0,,0,0,2,78,78,0,78.0,137510.0
180.6,75,100,80,0.0,41.648,37.713,6.2103,150,0.9,0,0.0012528,12.162,24.467,72943,81153.0,6.495,297.88,254.18,1.4656,7.8948,,23,,1.1295,0.19379,,,1.3988,0,,0,0,2,78,78,0,78.0,137310.0
180.8,75,100,80,0.0,44.154,11.314,109.03,150,0.9,0,0.0012408,12.161,24.494,72992,81211.0,6.4936,298.09,327.19,1.466,7.9099,,23,,1.1467,0.19366,,,1.3991,0,,0,0,2,78,78,0,78.0,138430.0
181.0,75,100,80,0.0,47.223,79.382,10.903,150,0.9,0,0.0012622,12.162,24.52,73043,81271.0,6.4932,297.98,287.68,1.4663,7.9047,,23,,1.1463,0.19366,,,1.3995,0,,0,0,2,78,78,0,78.0,138890.0
181.2,75,100,80,0.0,50.442,42.224,1.0903,150,0.9,0,0.0012506,12.182,24.546,73094,81330.0,6.4959,297.87,252.34,1.4666,7.8982,,23,,1.1431,0.19369,,,1.3998,0,,0,0,2,78,78,0,78.0,138020.0
181.4,75,100,80,0.0,52.595,12.667,69.289,150,0.9,0,0.0012767,12.153,24.573,73145,81391.0,6.499,297.98,289.39,1.467,7.8712,,23,,1.1701,0.19348,,,1.4001,0,,0,0,2,78,78,0,78.0,138640.0
181.6,75,100,80,0.0,53.51,45.181,6.9289,150,0.9,0,0.001271,12.179,24.599,73197,81451.0,6.5011,297.9,259.42,1.4673,7.843,,23,,1.1468,0.19366,,,1.4004,0,,0,0,2,78,78,0,78.0,139600.0
181.8,75,100,80,0.0,53.597,13.554,118.17,150,0.9,0,0.0012777,12.18,24.624,73248,81512.0,6.5045,298.12,339.66,1.4677,7.8209,,23,,1.1465,0.19366,,,1.4008,0,,0,0,2,78,78,0,78.0,138890.0
182.0,75,100,80,0.0,52.323,89.069,11.817,150,0.9,0,0.0012633,12.18,24.65,73300,81572.0,6.5062,298.01,298.73,1.468,7.7928,,23,,1.149,0.19364,,,1.4011,0,,0,0,2,78,78,0,78.0,138510.0
182.2,75,100,80,0.0,50.377,51.818,1.1817,150,0.9,0,0.0012588,12.174,24.676,73351,81632.0,6.5078,297.9,260.33,1.4684,7.7685,,23,,1.1516,0.19362,,,1.4014,0,,0,0,2,78,78,0,78.0,138800.0
182.4,75,100,80,0.0,47.787,15.545,75.856,150,0.9,0,0.0012686,12.169,24.702,73401,81691.0,6.5062,298.02,302.28,1.4687,7.7437,,23,,1.1483,0.19364,,,1.4018,0,,0,0,2,78,78,0,78.0,138760.0
182.6,75,100,80,0.0,45.829,53.653,7.5856,150,0.9,0,0.0012261,12.181,24.727,73451,81750.0,6.5052,297.92,268.94,1.4691,7.7134,,23,,1.1548,0.19359,,,1.4021,0,,0,0,2,78,78,0,78.0,138540.0
182.8,75,100,80,0.0,44.276,16.096,127.33,150,0.9,0,0.0011954,12.188,24.75,73501,81808.0,6.5034,298.17,355.51,1.4694,7.6575,,23,,1.1628,0.19353,,,1.4024,0,,0,0,2,78,78,0,78.0,140160.0
183.0,75,100,80,0.0,43.452,98.627,12.733,150,0.9,0,0.0011585,12.195,24.774,73550,81866.0,6.5025,298.03,307.37,1.4697,7.5833,,23,,1.1688,0.19349,,,1.4027,0,,0,0,2,78,78,0,78.0,139270.0
183.2,75,100,80,0.0,42.958,56.011,1.2733,150,0.9,0,0.0012058,12.178,24.799,73600,81924.0,6.5001,297.91,266.14,1.47,7.5027,,23,,1.1654,0.19351,,,1.403,0,,0,0,2,78,78,0,78.0,140220.0
183.4,75,100,80,0.0,43.45,16.803,73.971,150,0.9,0,0.0012584,12.137,24.824,73649,81983.0,6.4968,298.03,305.72,1.4703,7.4491,,23,,1.1898,0.19333,,,1.4033,0,,0,0,2,78,78,0,78.0,139170.0
183.6,75,100,80,0.0,45.239,53.147,7.3971,150,0.9,0,0.0012117,12.176,24.849,73699,82041.0,6.4967,297.93,271.53,1.4706,7.4367,,23,,1.1762,0.19343,,,1.4036,0,,0,0,2,78,78,0,78.0,139120.0
183.8,75,100,80,0.0,47.075,15.944,124.14,150,0.9,0,0.0012799,12.151,24.874,73749,82100.0,6.497,298.17,356.35,1.4709,7.4158,,23,,1.1762,0.19343,,,1.4039,0,,0,0,2,78,78,0,78.0,140080.0
184.0,75,100,80,0.0,48.785,96.774,12.414,150,0.9,0,0.001349,12.125,24.901,73800,82160.0,6.4962,298.04,311.13,1.4713,7.4426,,23,,1.1815,0.19339,,,1.4042,0,,0,0,2,78,78,0,78.0,141040.0
184.2,75,100,80,0.0,50.82,57.28,1.2414,150,0.9,0,0.0013974,12.105,24.928,73851,82220.0,6.4957,297.93,271.52,1.4717,7.4999,,23,,1.1862,0.19335,,,1.4046,0,,0,0,2,78,78,0,78.0,140170.0
184.4,75,100,80,0.0,53.07,17.184,72.813,150,0.9,0,0.0013553,12.138,24.954,73902,82280.0,6.4973,298.04,309.91,1.4721,7.5867,,23,,1.1793,0.1934,,,1.405,0,,0,0,2,78,78,0,78.0,140460.0
184.6,75,100,80,0.0,54.672,52.776,7.2813,150,0.9,0,0.0013117,12.18,24.979,73954,82341.0,6.5009,297.94,275.8,1.4724,7.6542,,23,,1.1545,0.19359,,,1.4053,0,,0,0,2,78,78,0,78.0,140410.0
184.8,75,100,80,0.0,54.817,15.833,120.19,150,0.9,0,0.0012963,12.189,25.004,74006,82402.0,6.5031,298.17,356.41,1.4728,7.6916,,23,,1.1506,0.19362,,,1.4057,0,,0,0,2,78,78,0,78.0,141200.0
185.0,75,100,80,0.0,54.109,92.744,12.019,150,0.9,0,0.0013161,12.18,25.029,74057,82462.0,6.5045,298.04,311.36,1.4732,7.7158,,23,,1.1494,0.19362,,,1.406,0,,0,0,2,78,78,0,78.0,141150.0
185.2,75,100,80,0.0,52.825,53.644,1.2019,150,0.9,0,0.0013034,12.189,25.054,74109,82523.0,6.5058,297.93,271.54,1.4735,7.744,,23,,1.1398,0.1937,,,1.4064,0,,0,0,2,78,78,0,78.0,140440.0
185.4,75,100,80,0.0,51.043,16.093,69.376,150,0.9,0,0.0013006,12.177,25.08,74160,82583.0,6.5035,298.03,307.37,1.4739,7.7677,,23,,1.1482,0.19363,,,1.4067,0,,0,0,2,78,78,0,78.0,141060.0
185.6,75,100,80,0.0,50.182,49.083,6.9376,150,0.9,0,0.0013152,12.154,25.106,74211,82642.0,6.5,297.94,274.15,1.4743,7.7899,,23,,1.1631,0.19352,,,1.4071,0,,0,0,2,78,78,0,78.0,140350.0
185.8,75,100,80,0.0,50.691,14.725,114.61,150,0.9,0,0.0013754,12.135,25.132,74261,82703.0,6.4973,298.16,351.53,1.4747,7.8218,,23,,1.1618,0.19353,,,1.4075,0,,0,0,2,78,78,0,78.0,140140.0
186.0,75,100,80,0.0,52.308,88.04,11.461,150,0.9,0,0.0014012,12.108,25.158,74313,82763.0,6.4961,298.03,307.56,1.4751,7.874,,23,,1.1861,0.19335,,,1.4079,0,,0,0,2,78,78,0,78.0,141600.0
186.2,75,100,80,0.0,54.367,49.692,1.1461,150,0.9,0,0.0013485,12.153,25.184,74364,82824.0,6.4963,297.92,268.22,1.4755,7.931,,23,,1.1676,0.19348,,,1.4082,0,,0,0,2,78,78,0,78.0,142050.0
186.4,75,100,80,0.0,56.376,14.908,67.58,150,0.9,0,0.0013367,12.175,25.209,74417,82885.0,6.4978,298.02,301.89,1.4759,7.9661,,23,,1.1574,0.19356,,,1.4086,0,,0,0,2,78,78,0,78.0,142510.0
186.6,75,100,80,0.0,57.754,45.336,6.758,150,0.9,0,0.0013465,12.168,25.233,74469,82947.0,6.4981,297.92,267.61,1.4762,7.9735,,23,,1.1672,0.19349,,,1.409,0,,0,0,2,78,78,0,78.0,141120.0
186.8,75,100,80,0.0,59.026,13.601,113.67,150,0.9,0,0.0013552,12.148,25.258,74522,83008.0,6.5014,298.13,343.37,1.4766,7.9635,,23,,1.1885,0.19332,,,1.4094,0,,0,0,2,78,78,0,78.0,141410.0
187.0,75,100,80,0.0,58.963,84.436,11.367,150,0.9,0,0.0013519,12.128,25.284,74574,83070.0,6.5002,298.01,298.07,1.477,7.9511,,23,,1.2124,0.19314,,,1.4097,0,,0,0,2,78,78,0,78.0,142030.0
187.2,75,100,80,0.0,59.426,44.115,1.1367,150,0.9,0,0.0013098,12.135,25.308,74627,83132.0,6.5004,297.9,259.62,1.4774,7.9404,,23,,1.2284,0.19302,,,1.4101,0,,0,0,2,78,78,0,78.0,141650.0
187.4,75,100,80,0.0,59.768,13.234,65.065,150,0.9,0,0.0012754,12.166,25.332,74680,83194.0,6.502,297.99,290.83,1.4778,7.9084,,23,,1.2161,0.19311,,,1.4105,0,,0,0,2,78,78,0,78.0,142090.0
187.6,75,100,80,0.0,59.471,40.263,6.5065,150,0.9,0,0.0012544,12.194,25.355,74732,83255.0,6.5052,297.89,258.02,1.4781,7.8566,,23,,1.1985,0.19325,,,1.4108,0,,0,0,2,78,78,0,78.0,142870.0
187.8,75,100,80,0.0,57.925,12.079,110.75,150,0.9,0,0.0012282,12.192,25.378,74785,83317.0,6.5044,298.09,330.25,1.4784,7.784,,23,,1.2072,0.19318,,,1.4111,0,,0,0,2,78,78,0,78.0,142480.0
188.0,75,100,80,0.0,56.706,78.224,11.075,150,0.9,0,0.0012143,12.2,25.4,74837,83377.0,6.5031,297.97,284.81,1.4788,7.6996,,23,,1.1999,0.19323,,,1.4114,0,,0,0,2,78,78,0,78.0,142920.0
188.2,75,100,80,0.0,55.975,36.622,1.1075,150,0.9,0,0.0011955,12.21,25.423,74889,83438.0,6.4997,297.86,247.56,1.4791,7.6097,,23,,1.1957,0.19327,,,1.4117,0,,0,0,2,78,78,0,78.0,142860.0
188.4,75,100,80,0.0,56.616,10.986,63.137,150,0.9,0,0.0011788,12.232,25.445,74941,83499.0,6.4993,297.95,276.65,1.4794,7.5108,,23,,1.1836,0.19336,,,1.412,0,,0,0,2,78,78,0,78.0,141960.0
188.6,75,100,80,0.0,57.408,3.2959,0.0001,150,0.9,0,0.0011797,12.224,25.467,74993,83560.0,6.5009,297.88,251.83,1.4796,7.4126,,23,,1.1956,0.19327,,,1.4122,0,,0,0,2,78,78,0,78.0,142070.0
188.8,75,100,80,0.0,57.569,0.98878,68.872,150,0.9,0,0.0011756,12.218,25.49,75045,83621.0,6.5028,297.98,290.12,1.4799,7.3329,,23,,1.2055,0.19319,,,1.4125,0,,0,0,2,78,78,0,78.0,142010.0
189.0,75,100,80,0.0,56.985,33.566,6.8872,150,0.9,0,0.001162,12.207,25.512,75097,83682.0,6.5036,297.9,259.02,1.4802,7.2691,,23,,1.226,0.19304,,,1.4128,0,,0,0,2,78,78,0,78.0,142610.0
189.2,75,100,80,0.0,56.071,10.07,106.71,150,0.9,0,0.0012207,12.169,25.535,75149,83743.0,6.5024,298.09,328.16,1.4805,7.2135,,23,,1.2387,0.19294,,,1.413,0,,0,0,2,78,78,0,78.0,142550.0
189.4,75,100,80,0.0,55.652,72.995,10.671,150,0.9,0,0.0012151,12.167,25.558,75201,83803.0,6.5017,297.97,283.99,1.4808,7.2085,,23,,1.2494,0.19286,,,1.4133,0,,0,0,2,78,78,0,78.0,142660.0
189.6,75,100,80,0.0,55.509,32.648,1.0671,150,0.9,0,0.0012407,12.156,25.581,75252,83864.0,6.5011,297.87,249.07,1.4811,7.2146,,23,,1.2508,0.19285,,,1.4136,0,,0,0,2,78,78,0,78.0,144270.0
189.8,75,100,80,0.0,55.577,9.7944,57.195,150,0.9,0,0.0012121,12.193,25.603,75304,83925.0,6.5025,297.94,273.82,1.4814,7.2407,,23,,1.2277,0.19302,,,1.4139,0,,0,0,2,78,78,0,78.0,143040.0
190.0,75,100,80,0.0,55.083,2.9383,0.0001,150,0.9,0,0.0012404,12.169,25.626,75356,83985.0,6.5019,297.87,250.23,1.4817,7.2534,,23,,1.2356,0.19296,,,1.4142,0,,0,0,2,78,78,0,78.0,144150.0
190.2,75,100,80,0.0,54.83,0.88149,65.121,150,0.9,-4000,0.001287,12.149,25.649,74711,83246.0,6.5306,297.97,286.74,1.4728,7.2908,,23,,1.2292,0.19303,,,1.4056,0,,0,0,2,78,78,0,78.0,142930.0
190.4,75,100,80,0.0,43.03,31.574,6.5121,150,0.9,-4000,0.0013321,12.09,25.673,74064,82504.0,6.5477,297.9,260.59,1.4599,7.3419,,23,,1.2327,0.19302,,,1.3933,0,,0,0,2,78,78,0,78.0,143210.0
190.6,75,100,80,0.0,24.504,9.4721,98.747,150,0.9,-4000,0.0013485,12.013,25.698,73413,81759.0,6.5446,298.09,327.34,1.4469,7.3997,,23,,1.2402,0.19299,,,1.3808,0,,0,0,2,78,78,0,78.0,143500.0
190.8,75,100,80,0.0,7.2357,71.358,9.8747,150,0.9,-4000,0.0014098,11.936,25.725,72758,81010.0,6.5235,297.99,292.57,1.4338,7.4748,,23,,1.2299,0.1931,,,1.3683,0,,0,0,2,78,78,0,78.0,143960.0
191.0,75,100,80,0.0,0.0,39.105,0.98747,150,0.9,-4000,0.0014255,11.915,25.753,72103,80260.0,6.4957,297.9,262.94,1.4208,7.5822,,23,,1.2089,0.19328,,,1.3559,0,,0,0,2,78,78,0,78.0,144260.0
191.2,75,100,80,0.0,2.2496,11.731,58.906,150,0.9,-4000,0.0014429,11.913,25.78,71448,79511.0,6.4723,298.0,296.01,1.4078,7.6818,,23,,1.1979,0.19339,,,1.3434,0,,0,0,2,78,78,0,78.0,143890.0
191.4,75,100,80,0.0,13.854,41.927,5.8906,150,0.9,-4000,0.0014407,11.962,25.807,70795,78764.0,6.4623,297.92,268.05,1.3948,7.7484,,23,,1.1585,0.19371,,,1.331,0,,0,0,2,78,78,0,78.0,144520.0
191.6,75,100,80,0.0,29.407,12.578,106.68,150,0.9,-4000,0.0014534,12.022,25.832,70146,78020.0,6.4705,298.13,340.56,1.3819,7.7746,,23,,1.124,0.194,,,1.3185,0,,0,0,2,78,78,0,78.0,144470.0
191.8,75,100,80,0.0,41.657,84.11,10.668,150,0.9,-4000,0.0014698,12.072,25.856,69499,77278.0,6.4921,298.0,295.11,1.3689,7.7297,,23,,1.092,0.19426,,,1.3061,0,,0,0,2,78,78,0,78.0,144580.0
192.0,75,100,80,0.0,45.306,40.724,1.0668,150,0.9,-4000,0.0015087,12.075,25.88,68853,76537.0,6.5151,297.89,259.64,1.3559,7.6198,1198.2,23,1894.4,1.0705,0.19445,25.78,22.852,1.2937,0,73.35,0,0,2,78,78,0,78.0,144700.0
192.2,75,100,80,0.0,39.789,12.217,60.666,150,0.9,0,0.0014806,12.076,25.903,68902,76595.0,6.5046,297.98,290.55,1.3525,7.4915,,23,,1.055,0.19457,,,1.2904,0,,0,0,2,78,78,0,78.0,144480.0
192.4,75,100,80,0.0,38.581,41.175,6.0666,150,0.9,0,0.0014542,12.086,25.927,68951,76653.0,6.4924,297.89,259.68,1.3527,7.3514,,23,,1.0536,0.19458,,,1.2906,0,,0,0,2,78,78,0,78.0,143920.0
192.6,75,100,80,0.0,42.156,12.353,114.28,150,0.9,0,0.001486,12.089,25.951,69000,76711.0,6.4819,298.13,338.41,1.3532,7.213,,23,,1.0476,0.19463,,,1.291,0,,0,0,2,78,78,0,78.0,145700.0
192.8,75,100,80,0.0,49.914,90.972,11.428,150,0.9,0,0.0014903,12.105,25.974,69052,76771.0,6.4776,297.99,291.98,1.3536,7.0896,,23,,1.0471,0.19463,,,1.2914,0,,0,0,2,78,78,0,78.0,144810.0
193.0,75,100,80,0.0,59.383,45.705,1.1428,150,0.9,0,0.0015304,12.112,25.998,69105,76833.0,6.4784,297.88,254.78,1.354,6.9845,,23,,1.0537,0.19458,,,1.2919,0,,0,0,2,78,78,0,78.0,145590.0
193.2,75,100,80,0.0,68.507,13.711,69.0,150,0.9,0,0.0015232,12.156,26.02,69159,76897.0,6.4872,297.98,290.42,1.3545,6.9044,,23,,1.0371,0.1947,,,1.2923,0,,0,0,2,78,78,0,78.0,145030.0
193.4,75,100,80,0.0,74.127,46.967,6.9,150,0.9,0,0.0015127,12.183,26.042,69215,76962.0,6.5003,297.88,256.25,1.3549,6.8312,,23,,1.0326,0.19474,,,1.2927,0,,0,0,2,78,78,0,78.0,144470.0
193.6,75,100,80,0.0,74.505,14.09,128.42,150,0.9,0,0.00154,12.18,26.064,69271,77027.0,6.5116,298.15,344.85,1.3554,6.7503,,23,,1.0245,0.1948,,,1.2932,0,,0,0,2,78,78,0,78.0,145570.0
193.8,75,100,80,0.0,70.373,102.33,12.842,150,0.9,0,0.0015514,12.162,26.086,69326,77091.0,6.5198,298.0,295.81,1.3558,6.6954,,23,,1.0325,0.19473,,,1.2936,0,,0,0,2,78,78,0,78.0,146170.0
194.0,75,100,80,0.0,62.986,55.032,1.2842,150,0.9,0,0.0015093,12.153,26.108,69380,77153.0,6.5221,297.88,256.54,1.3563,6.669,,23,,1.0341,0.19472,,,1.294,0,,0,0,2,78,78,0,78.0,146110.0
194.2,75,100,80,0.0,54.684,16.51,77.093,150,0.9,0,0.0015207,12.126,26.131,69432,77214.0,6.5192,298.01,300.42,1.3567,6.6817,,23,,1.0353,0.19471,,,1.2945,0,,0,0,2,78,78,0,78.0,146550.0
194.4,75,100,80,0.0,47.524,58.406,7.7093,150,0.9,0,0.001438,12.147,26.153,69483,77274.0,6.512,297.91,267.28,1.3571,6.7239,,23,,1.0219,0.19481,,,1.2949,0,,0,0,2,78,78,0,78.0,146660.0
194.6,75,100,80,0.0,43.257,17.522,138.19,150,0.9,0,0.0014583,12.123,26.176,69532,77332.0,6.5011,298.21,366.21,1.3576,6.7764,,23,,1.0242,0.19479,,,1.2952,0,,0,0,2,78,78,0,78.0,146600.0
194.8,75,100,80,0.0,43.339,117.31,13.819,150,0.9,0,0.001411,12.133,26.198,69582,77391.0,6.4933,298.07,317.66,1.358,6.8527,,23,,1.0294,0.19475,,,1.2956,0,,0,0,2,78,78,0,78.0,146040.0
195.0,75,100,80,0.0,46.519,72.859,1.3819,150,0.9,0,0.0014092,12.128,26.22,69632,77450.0,6.4882,297.93,273.01,1.3584,6.9259,,23,,1.0437,0.19464,,,1.296,0,,0,0,2,78,78,0,78.0,145650.0
195.2,75,100,80,0.0,51.742,21.858,90.153,150,0.9,0,0.0014132,12.135,26.243,69684,77510.0,6.4876,298.09,325.93,1.3588,6.999,,23,,1.0515,0.19459,,,1.2964,0,,0,0,2,78,78,0,78.0,145920.0
195.4,75,100,80,0.0,57.192,74.88,9.0153,150,0.9,0,0.0013668,12.191,26.264,69736,77571.0,6.4924,297.97,286.47,1.3591,7.07,,23,,1.0301,0.19475,,,1.2968,0,,0,0,2,78,78,0,78.0,147180.0
195.6,75,100,80,0.0,60.719,36.417,0.90153,150,0.9,0,0.0013695,12.194,26.284,69789,77633.0,6.4999,297.87,252.92,1.3595,7.0999,,23,,1.0359,0.1947,,,1.2971,0,,0,0,2,78,78,0,78.0,147120.0
195.8,75,100,80,0.0,61.252,10.925,62.519,150,0.9,0,0.0014376,12.145,26.306,69843,77696.0,6.5067,297.97,284.81,1.3599,7.1088,,23,,1.0596,0.19452,,,1.2975,0,,0,0,2,78,78,0,78.0,146890.0
196.0,75,100,80,0.0,59.08,39.703,6.2519,150,0.9,0,0.0014691,12.118,26.328,69896,77758.0,6.5108,297.88,257.09,1.3603,7.1436,,23,,1.0742,0.19441,,,1.2979,0,,0,0,2,78,78,0,78.0,147490.0
196.2,75,100,80,0.0,55.287,11.911,111.29,150,0.9,0,0.0015193,12.058,26.352,69948,77819.0,6.5104,298.11,334.26,1.3608,7.1794,,23,,1.103,0.19419,,,1.2983,0,,0,0,2,78,78,0,78.0,146940.0
196.4,75,100,80,0.0,51.677,87.485,11.129,150,0.9,0,0.0015099,12.042,26.376,69999,77879.0,6.5052,298.01,298.12,1.3612,7.2473,,23,,1.1113,0.19413,,,1.2988,0,,0,0,2,78,78,0,78.0,147220.0
196.6,75,100,80,0.0,50.127,52.968,1.1129,150,0.9,0,0.001498,12.053,26.399,70050,77939.0,6.4971,297.91,263.95,1.3617,7.3224,,23,,1.0987,0.19423,,,1.2992,0,,0,0,2,78,78,0,78.0,147160.0
196.8,75,100,80,0.0,51.807,15.89,75.473,150,0.9,0,0.0015321,12.04,26.423,70102,78000.0,6.4891,298.04,308.38,1.3622,7.3954,,23,,1.1024,0.1942,,,1.2997,0,,0,0,2,78,78,0,78.0,147440.0
197.0,75,100,80,0.0,56.688,58.65,7.5473,150,0.9,0,0.001505,12.088,26.445,70154,78062.0,6.4857,297.95,277.27,1.3626,7.4657,,23,,1.0827,0.19434,,,1.3001,0,,0,0,2,78,78,0,78.0,148050.0
197.2,75,100,80,0.0,62.902,17.595,130.32,150,0.9,0,0.0015271,12.099,26.467,70208,78125.0,6.4887,298.22,368.64,1.3631,7.4968,,23,,1.0801,0.19436,,,1.3006,0,,0,0,2,78,78,0,78.0,146820.0
197.4,75,100,80,0.0,67.938,109.73,13.032,150,0.9,0,0.0014967,12.124,26.488,70262,78188.0,6.4957,298.08,322.63,1.3636,7.5018,,23,,1.0818,0.19435,,,1.301,0,,0,0,2,78,78,0,78.0,147920.0
197.6,75,100,80,0.0,70.184,68.756,1.3032,150,0.9,0,0.0014259,12.185,26.509,70318,78252.0,6.5043,297.95,279.11,1.364,7.475,,23,,1.0553,0.19455,,,1.3014,0,,0,0,2,78,78,0,78.0,146680.0
197.8,75,100,80,0.0,68.964,28.309,0.13032,150,0.9,0,0.0014009,12.206,26.529,70373,78316.0,6.513,297.86,247.95,1.3644,7.4001,,23,,1.0375,0.19468,,,1.3018,0,,0,0,2,78,78,0,78.0,148110.0
198.0,75,100,80,0.0,64.268,8.4926,52.002,150,0.9,0,0.0014362,12.161,26.549,70426,78379.0,6.5192,297.93,271.12,1.3648,7.3193,,23,,1.0563,0.19454,,,1.3022,0,,0,0,2,78,78,0,78.0,147710.0
198.2,75,100,80,0.0,57.133,2.5478,0.0001,150,0.9,0,0.0014198,12.152,26.57,70479,78441.0,6.5201,297.86,249.67,1.3652,7.2467,,23,,1.0529,0.19456,,,1.3026,0,,0,0,2,78,78,0,78.0,148970.0
198.4,75,100,80,0.0,49.645,0.76434,65.91,150,0.9,0,0.0014364,12.108,26.592,70530,78501.0,6.514,297.98,289.19,1.3657,7.1827,,23,,1.0701,0.19443,,,1.303,0,,0,0,2,78,78,0,78.0,148410.0
198.6,75,100,80,0.0,44.604,36.389,6.591,150,0.9,0,0.0013727,12.137,26.612,70580,78560.0,6.505,297.91,264.06,1.3661,7.1407,,23,,1.0529,0.19456,,,1.3034,0,,0,0,2,78,78,0,78.0,147840.0
198.8,75,100,80,0.0,43.15,10.917,106.53,150,0.9,0,0.0014014,12.119,26.634,70630,78618.0,6.4935,298.12,337.14,1.3665,7.0879,,23,,1.0527,0.19456,,,1.3038,0,,0,0,2,78,78,0,78.0,147940.0
199.0,75,100,80,0.0,46.296,82.286,10.653,150,0.9,0,0.0014048,12.136,26.655,70680,78677.0,6.4848,298.02,302.56,1.3669,7.0657,,23,,1.0424,0.19464,,,1.3042,0,,0,0,2,78,78,0,78.0,148700.0
199.2,75,100,80,0.0,52.896,50.094,1.0653,150,0.9,0,0.0014224,12.147,26.676,70731,78738.0,6.4825,297.93,270.65,1.3673,7.053,,23,,1.0364,0.19468,,,1.3046,0,,0,0,2,78,78,0,78.0,148800.0
199.4,75,100,80,0.0,60.378,15.028,67.593,150,0.9,0,0.0014073,12.185,26.696,70784,78800.0,6.4895,298.03,306.68,1.3677,7.0607,,23,,1.027,0.19475,,,1.305,0,,0,0,2,78,78,0,78.0,147900.0
199.6,75,100,80,0.0,65.086,49.516,6.7593,150,0.9,0,0.0014218,12.197,26.716,70838,78863.0,6.4986,297.95,278.88,1.3681,7.0577,,23,,1.0222,0.19479,,,1.3054,0,,0,0,2,78,78,0,78.0,148160.0
199.8,75,100,80,0.0,66.161,21.74,0.67593,150,0.9,0,0.0014526,12.179,26.736,70893,78926.0,6.5091,297.87,252.99,1.3686,7.0601,,23,,1.0294,0.19473,,,1.3058,0,,0,0,2,78,78,0,78.0,147750.0
200.0,75,100,80,0.0,63.017,6.522,49.273,150,0.9,0,0.0014883,12.143,26.757,70946,78989.0,6.5159,297.94,275.59,1.369,7.0798,,23,,1.0474,0.1946,,,1.3062,0,,0,0,2,78,78,0,78.0,148520.0
200.2,65,100,80,0.0,57.201,1.9566,0.0001,250,0.9,0,0.001519,12.229,26.771,71019,79071.0,6.5203,297.87,250.26,1.5626,7.1297,,23,,1.0229,0.19322,,,1.2929,0,,0,0,2,78,78,0,78.0,149080.0
200.4,65,100,80,0.0,49.611,0.58698,67.549,250,0.9,0,0.0014773,12.226,26.785,71090,79151.0,6.52,297.97,286.27,1.5749,7.02,,23,,1.0406,0.19304,,,1.3031,0,,0,0,2,78,78,0,78.0,149320.0
200.6,65,100,80,0.0,42.153,32.513,6.7549,250,0.9,0,0.0014709,12.204,26.799,71159,79230.0,6.5126,297.89,258.8,1.5761,6.9043,,23,,1.0489,0.19297,,,1.3041,0,,0,0,2,78,78,0,78.0,149220.0
200.8,65,100,80,0.0,37.66,9.7538,104.7,250,0.9,0,0.0015076,12.181,26.814,71227,79307.0,6.5006,298.09,325.34,1.5767,6.7862,,23,,1.0471,0.19298,,,1.3046,0,,0,0,2,78,78,0,78.0,149460.0
201.0,65,100,80,0.0,37.969,73.39,10.47,250,0.9,0,0.001451,12.225,26.828,71296,79385.0,6.4902,297.98,289.33,1.5772,6.6905,,23,,1.0358,0.19308,,,1.305,0,,0,0,2,78,78,0,78.0,148530.0
201.2,65,100,80,0.0,42.4,38.867,1.047,250,0.9,0,0.0014783,12.227,26.842,71365,79463.0,6.4857,297.88,255.06,1.5777,6.5838,,23,,1.0378,0.19306,,,1.3054,0,,0,0,2,78,78,0,78.0,148920.0
201.4,65,100,80,0.0,48.641,11.66,66.414,250,0.9,0,0.0014873,12.256,26.855,71436,79543.0,6.4872,297.97,286.85,1.5782,6.4826,,23,,1.0313,0.19311,,,1.3059,0,,0,0,2,78,78,0,78.0,148490.0
201.6,65,100,80,0.0,54.277,39.907,6.6414,250,0.9,0,0.0014646,12.3,26.868,71507,79624.0,6.4926,297.89,257.01,1.5788,6.3842,,23,,1.0179,0.19323,,,1.3063,0,,0,0,2,78,78,0,78.0,148380.0
201.8,65,100,80,0.0,57.741,11.972,111.83,250,0.9,0,0.0014926,12.3,26.88,71580,79706.0,6.5011,298.1,329.44,1.5793,6.2815,,23,,1.0172,0.19323,,,1.3068,0,,0,0,2,78,78,0,78.0,148770.0
202.0,65,100,80,0.0,57.806,81.063,11.183,250,0.9,0,0.0015024,12.296,26.893,71652,79787.0,6.5082,297.99,293.57,1.5799,6.207,,23,,1.0179,0.19323,,,1.3072,0,,0,0,2,78,78,0,78.0,150160.0
202.2,65,100,80,0.0,55.053,47.164,1.1183,250,0.9,0,0.001538,12.257,26.906,71724,79868.0,6.5134,297.89,257.17,1.5804,6.1611,,23,,1.0385,0.19305,,,1.3077,0,,0,0,2,78,78,0,78.0,149230.0
202.4,65,100,80,0.0,50.232,14.149,75.328,250,0.9,0,0.0015294,12.246,26.92,71794,79948.0,6.5148,298.0,296.01,1.581,6.1612,,23,,1.0446,0.19299,,,1.3082,0,,0,0,2,78,78,0,78.0,148630.0
202.6,65,100,80,0.0,44.833,49.573,7.5328,250,0.9,0,0.001479,12.245,26.934,71864,80027.0,6.5119,297.91,263.75,1.5815,6.2046,,23,,1.0535,0.19291,,,1.3086,0,,0,0,2,78,78,0,78.0,149520.0
202.8,65,100,80,0.0,40.626,14.872,124.46,250,0.9,0,0.0015089,12.21,26.947,71933,80105.0,6.5047,298.15,346.31,1.5821,6.2572,,23,,1.0679,0.19279,,,1.3091,0,,0,0,2,78,78,0,78.0,149420.0
203.0,65,100,80,0.0,39.281,94.5,12.446,250,0.9,0,0.0015045,12.21,26.961,72001,80183.0,6.4964,298.02,304.28,1.5826,6.3372,,23,,1.0696,0.19277,,,1.3095,0,,0,0,2,78,78,0,78.0,150150.0
203.2,65,100,80,0.0,41.23,56.24,1.2446,250,0.9,0,0.0014875,12.238,26.975,72070,80262.0,6.4909,297.91,263.46,1.5832,6.4287,,23,,1.0602,0.19285,,,1.31,0,,0,0,2,78,78,0,78.0,149550.0
203.4,65,100,80,0.0,45.385,16.872,80.033,250,0.9,0,0.0015156,12.232,26.989,72140,80341.0,6.489,298.03,305.72,1.5837,6.5208,,23,,1.0681,0.19278,,,1.3105,0,,0,0,2,78,78,0,78.0,149950.0
203.6,65,100,80,0.0,50.285,56.311,8.0033,250,0.9,0,0.0015338,12.239,27.003,72211,80421.0,6.4909,297.93,272.65,1.5843,6.6233,,23,,1.0694,0.19277,,,1.3109,0,,0,0,2,78,78,0,78.0,150520.0
203.8,65,100,80,0.0,54.428,16.893,128.88,250,0.9,0,0.001549,12.243,27.017,72283,80502.0,6.4959,298.18,358.35,1.5849,6.7249,,23,,1.0751,0.19272,,,1.3114,0,,0,0,2,78,78,0,78.0,150420.0
204.0,65,100,80,0.0,56.577,100.24,12.888,250,0.9,0,0.0015839,12.229,27.031,72355,80584.0,6.5005,298.06,315.38,1.5855,6.8265,1198.6,23,1925.7,1.083,0.19265,26.975,22.646,1.3119,0,73.527,0,0,2,78,78,0,78.0,150490.0
204.2,65,100,80,0.0,56.909,62.459,1.2888,250,0.9,0,0.0015394,12.252,27.045,72427,80665.0,6.5044,297.94,274.86,1.5861,6.9217,,23,,1.0826,0.19265,,,1.3124,0,,0,0,2,78,78,0,78.0,149550.0
204.4,65,100,80,0.0,55.664,18.738,78.616,250,0.9,0,0.0015172,12.265,27.059,72499,80747.0,6.5083,298.06,315.3,1.5867,6.9941,,23,,1.0766,0.1927,,,1.3129,0,,0,0,2,78,78,0,78.0,150450.0
204.6,65,100,80,0.0,52.857,57.397,7.8616,250,0.9,0,0.0015326,12.24,27.073,72570,80828.0,6.511,297.96,280.94,1.5872,7.0481,,23,,1.089,0.1926,,,1.3134,0,,0,0,2,78,78,0,78.0,150020.0
204.8,65,100,80,0.0,48.987,24.599,0.78616,250,0.9,0,0.0015658,12.213,27.088,72641,80908.0,6.5103,297.87,249.6,1.5878,7.1015,,23,,1.0943,0.19255,,,1.3139,0,,0,0,2,78,78,0,78.0,151420.0
205.0,65,100,80,0.0,45.402,7.3796,53.477,250,0.9,0,0.0015981,12.186,27.104,72711,80988.0,6.5062,297.93,270.77,1.5885,7.1601,,23,,1.1054,0.19245,,,1.3144,0,,0,0,2,78,78,0,78.0,150830.0
205.2,65,100,80,0.0,43.438,2.2139,0.0001,250,0.9,0,0.0015972,12.195,27.119,72780,81067.0,6.5012,297.85,245.03,1.5891,7.2121,,23,,1.1008,0.19249,,,1.3149,0,,0,0,2,78,78,0,78.0,151230.0
205.4,65,100,80,0.0,43.499,0.66417,68.634,250,0.9,0,0.0016365,12.187,27.134,72850,81146.0,6.494,297.96,281.62,1.5897,7.2454,,23,,1.0966,0.19253,,,1.3154,0,,0,0,2,78,78,0,78.0,149640.0
205.6,65,100,80,0.0,46.415,31.815,6.8634,250,0.9,0,0.0015677,12.257,27.149,72920,81226.0,6.4906,297.88,254.72,1.5903,7.2772,,23,,1.0714,0.19274,,,1.3159,0,,0,0,2,78,78,0,78.0,150210.0
205.8,65,100,80,0.0,50.693,9.5446,104.62,250,0.9,0,0.0015629,12.283,27.162,72991,81306.0,6.4908,298.07,321.14,1.5909,7.2628,,23,,1.0625,0.19282,,,1.3164,0,,0,0,2,78,78,0,78.0,150610.0
206.0,65,100,80,0.0,54.892,71.045,10.462,250,0.9,0,0.0015901,12.273,27.176,73063,81388.0,6.492,297.97,284.68,1.5916,7.2206,,23,,1.0723,0.19273,,,1.317,0,,0,0,2,78,78,0,78.0,150670.0
206.2,65,100,80,0.0,58.609,36.453,1.0462,250,0.9,0,0.0016085,12.285,27.19,73135,81470.0,6.4968,297.87,250.43,1.5922,7.1625,,23,,1.0706,0.19275,,,1.3175,0,,0,0,2,78,78,0,78.0,151240.0
206.4,65,100,80,0.0,60.398,10.936,65.737,250,0.9,0,0.0016455,12.285,27.203,73208,81552.0,6.5019,297.96,281.62,1.5928,7.0851,,23,,1.0681,0.19277,,,1.318,0,,0,0,2,78,78,0,78.0,150300.0
206.6,65,100,80,0.0,60.145,37.387,6.5737,250,0.9,0,0.0017149,12.246,27.217,73281,81635.0,6.5052,297.87,251.5,1.5935,7.0112,,23,,1.0827,0.19264,,,1.3186,0,,0,0,2,78,78,0,78.0,151530.0
206.8,65,100,80,0.0,58.604,11.216,110.63,250,0.9,0,0.0017842,12.21,27.231,73353,81718.0,6.5058,298.07,322.5,1.5942,6.957,,23,,1.0971,0.19251,,,1.3192,0,,0,0,2,78,78,0,78.0,151100.0
207.0,65,100,80,0.0,56.801,76.616,11.063,250,0.9,0,0.0018229,12.177,27.246,73425,81800.0,6.5051,297.97,286.25,1.595,6.916,,23,,1.1146,0.19236,,,1.3198,0,,0,0,2,78,78,0,78.0,151170.0
207.2,65,100,80,0.0,55.268,42.439,1.1063,250,0.9,0,0.0018164,12.167,27.26,73497,81882.0,6.5045,297.87,250.62,1.5958,6.8952,,23,,1.1301,0.19222,,,1.3205,0,,0,0,2,78,78,0,78.0,151570.0
207.4,65,100,80,0.0,53.978,12.732,72.841,250,0.9,0,0.0017245,12.214,27.274,73569,81963.0,6.5048,297.98,287.82,1.5965,6.8835,,23,,1.119,0.19232,,,1.3211,0,,0,0,2,78,78,0,78.0,150300.0
207.6,65,100,80,0.0,52.571,44.953,7.2841,250,0.9,0,0.0017395,12.212,27.288,73640,82044.0,6.503,297.89,258.11,1.5972,6.8698,,23,,1.1164,0.19234,,,1.3217,0,,0,0,2,78,78,0,78.0,150700.0
207.8,65,100,80,0.0,51.89,13.486,118.04,250,0.9,0,0.0017951,12.192,27.301,73711,82125.0,6.5024,298.11,336.07,1.598,6.8594,,23,,1.1194,0.19231,,,1.3223,0,,0,0,2,78,78,0,78.0,151260.0
208.0,65,100,80,0.0,51.444,86.028,11.804,250,0.9,0,0.0017342,12.239,27.314,73782,82206.0,6.5022,298.02,302.36,1.5987,6.8653,,23,,1.1008,0.19247,,,1.3229,0,,0,0,2,78,78,0,78.0,151490.0
208.2,65,100,80,0.0,51.064,55.776,1.1804,250,0.9,0,0.0018142,12.181,27.328,73853,82287.0,6.5021,297.91,265.87,1.5995,6.8533,,23,,1.1279,0.19223,,,1.3235,0,,0,0,2,78,78,0,78.0,151560.0
208.4,65,100,80,0.0,50.727,16.733,79.992,250,0.9,0,0.0017787,12.181,27.341,73924,82368.0,6.5031,298.04,308.87,1.6002,6.8481,,23,,1.1448,0.19209,,,1.3242,0,,0,0,2,78,78,0,78.0,151780.0
208.6,65,100,80,0.0,50.002,56.063,7.9992,250,0.9,0,0.0017783,12.171,27.354,73994,82449.0,6.5026,297.95,279.25,1.601,6.8354,,23,,1.1564,0.19198,,,1.3248,0,,0,0,2,78,78,0,78.0,151510.0
208.8,65,100,80,0.0,49.473,27.734,0.79992,250,0.9,0,0.0017995,12.168,27.367,74065,82529.0,6.5017,297.87,249.66,1.6018,6.8282,,23,,1.1531,0.19201,,,1.3255,0,,0,0,2,78,78,0,78.0,151240.0
209.0,65,100,80,0.0,49.331,8.3202,58.057,250,0.9,0,0.0018254,12.164,27.38,74135,82610.0,6.4996,297.94,276.26,1.6026,6.8337,,23,,1.1538,0.192,,,1.3261,0,,0,0,2,78,78,0,78.0,152300.0
209.2,65,100,80,0.0,50.0,2.4961,0.0001,250,0.9,0,0.0017678,12.208,27.393,74206,82691.0,6.4987,297.87,250.77,1.6034,6.8355,,23,,1.1365,0.19215,,,1.3268,0,,0,0,2,78,78,0,78.0,152200.0
209.4,65,100,80,0.0,51.047,0.74882,68.196,250,0.9,0,0.0016931,12.258,27.405,74277,82772.0,6.4971,297.97,286.58,1.6041,6.8289,,23,,1.1195,0.1923,,,1.3274,0,,0,0,2,78,78,0,78.0,151420.0
209.6,65,100,80,0.0,52.732,31.112,6.8196,250,0.9,0,0.0016667,12.275,27.417,74348,82853.0,6.4971,297.9,261.15,1.6048,6.8086,,23,,1.1129,0.19235,,,1.328,0,,0,0,2,78,78,0,78.0,151310.0
209.8,65,100,80,0.0,54.415,9.3336,97.306,250,0.9,0,0.0016926,12.262,27.429,74420,82934.0,6.4965,298.07,321.15,1.6055,6.7916,,23,,1.1198,0.19229,,,1.3285,0,,0,0,2,78,78,0,78.0,152030.0
210.0,65,100,80,0.0,56.327,64.057,9.7306,250,0.9,0,0.0016249,12.306,27.441,74491,83016.0,6.4982,297.98,290.18,1.6062,6.7822,,23,,1.1085,0.19239,,,1.3291,0,,0,0,2,78,78,0,78.0,152920.0
210.2,65,100,80,0.0,57.541,35.54,0.97306,250,0.9,-4000,0.0016635,12.305,27.452,73868,82298.0,6.5291,297.89,257.72,1.5972,6.7554,,23,,1.096,0.19252,,,1.3217,0,,0,0,2,78,78,0,78.0,152640.0
210.4,65,100,80,0.0,46.344,10.662,62.932,250,0.9,-4000,0.0017238,12.237,27.465,73242,81578.0,6.55,297.97,287.13,1.5837,6.7242,,23,,1.1008,0.1925,,,1.3104,0,,0,0,2,78,78,0,78.0,151700.0
210.6,65,100,80,0.51875,23.172,35.98,6.2932,250,0.9,-4000,0.0017461,12.156,27.479,72612,80853.0,6.5443,297.91,263.62,1.5697,6.7115,,23,,1.1036,0.1925,,,1.2988,0,,0,0,2,78,78,0,78.0,152100.0
210.8,65,100,80,0.0,6.0601,10.794,95.394,250,0.9,-4000,0.0018014,12.075,27.495,71978,80125.0,6.518,298.09,326.76,1.5557,6.7395,,23,,1.1067,0.1925,,,1.2872,0,,0,0,2,78,78,0,78.0,152680.0
211.0,65,100,80,0.0,0.0,70.532,9.5394,250,0.9,-4000,0.0018001,12.067,27.51,71343,79396.0,6.4864,298.02,303.02,1.5418,6.8029,,23,,1.0893,0.19268,,,1.2756,0,,0,0,2,78,78,0,78.0,151750.0
211.2,65,100,80,0.0,5.9599,48.736,0.95394,250,0.9,-4000,0.00182,12.085,27.525,70710,78668.0,6.4643,297.94,275.25,1.5279,6.8593,,23,,1.0701,0.19288,,,1.264,0,,0,0,2,78,78,0,78.0,152660.0
211.4,65,100,80,0.0,20.725,14.621,68.101,250,0.9,-4000,0.0018533,12.141,27.539,70079,77943.0,6.4599,298.05,312.24,1.514,6.8839,,23,,1.0431,0.19314,,,1.2525,0,,0,0,2,78,78,0,78.0,153220.0
211.6,65,100,80,0.0,37.21,50.674,6.8101,250,0.9,-4000,0.0019286,12.17,27.551,69452,77221.0,6.4741,297.97,286.33,1.5001,6.8529,,23,,1.0254,0.19332,,,1.2409,0,,0,0,2,78,78,0,78.0,151940.0
211.8,65,100,80,0.0,48.021,25.008,0.68101,250,0.9,-4000,0.0020316,12.171,27.563,68827,76502.0,6.5011,297.89,259.6,1.4863,6.7676,,23,,1.0135,0.19345,,,1.2295,0,,0,0,2,78,78,0,78.0,153330.0
212.0,65,100,80,0.0,48.048,7.5025,51.689,250,0.9,-4000,0.0020527,12.176,27.574,68202,75783.0,6.5277,297.96,282.03,1.4725,6.654,,23,,0.99403,0.19364,,,1.218,0,,0,0,2,78,78,0,78.0,153390.0
212.2,65,100,80,0.0,37.473,27.514,5.1689,250,0.9,0,0.001996,12.148,27.587,68271,75861.0,6.5146,297.89,258.93,1.4687,6.5109,,23,,0.99648,0.19363,,,1.2148,0,,0,0,2,78,78,0,78.0,153440.0
212.4,65,100,80,0.0,32.278,8.2542,88.004,250,0.9,0,0.0020095,12.125,27.599,68338,75939.0,6.4964,298.06,315.33,1.4693,6.3813,,23,,1.001,0.19359,,,1.2153,0,,0,0,2,78,78,0,78.0,152840.0
212.6,65,100,80,0.0,34.252,63.852,8.8004,250,0.9,0,0.001989,12.13,27.611,68406,76017.0,6.4835,297.98,287.89,1.4702,6.2712,,23,,1.0094,0.19352,,,1.2161,0,,0,0,2,78,78,0,78.0,153230.0
212.8,65,100,80,0.0,41.354,36.024,0.88004,250,0.9,0,0.002065,12.117,27.623,68476,76096.0,6.4807,297.89,259.2,1.4711,6.168,,23,,1.0266,0.19337,,,1.2169,0,,0,0,2,78,78,0,78.0,152450.0
213.0,65,100,80,0.0,49.577,10.807,63.424,250,0.9,0,0.0019749,12.189,27.633,68547,76177.0,6.4852,297.98,290.52,1.472,6.0646,,23,,1.0173,0.19344,,,1.2176,0,,0,0,2,78,78,0,78.0,152660.0
213.2,65,100,80,0.0,55.974,40.119,6.3424,250,0.9,0,0.0019985,12.198,27.643,68619,76259.0,6.4941,297.9,262.49,1.4729,5.9501,,23,,1.0183,0.19343,,,1.2184,0,,0,0,2,78,78,0,78.0,152040.0
213.4,65,100,80,0.0,58.823,12.036,109.49,250,0.9,0,0.0019382,12.24,27.653,68691,76342.0,6.5048,298.11,333.49,1.4738,5.848,,23,,1.008,0.19352,,,1.2191,0,,0,0,2,78,78,0,78.0,153750.0
213.6,65,100,80,0.0,57.413,83.12,10.949,250,0.9,0,0.0019593,12.223,27.662,68764,76424.0,6.5138,298.01,297.88,1.4747,5.7576,,23,,1.0152,0.19346,,,1.2199,0,,0,0,2,78,78,0,78.0,153300.0
213.8,65,100,80,0.0,52.418,48.621,1.0949,250,0.9,0,0.0019172,12.211,27.672,68835,76505.0,6.5183,297.9,262.64,1.4756,5.6846,,23,,1.03,0.19333,,,1.2206,0,,0,0,2,78,78,0,78.0,152180.0
214.0,65,100,80,0.0,45.636,14.586,73.558,250,0.9,0,0.0018615,12.213,27.683,68905,76585.0,6.5161,298.02,301.65,1.4764,5.6458,,23,,1.0284,0.19334,,,1.2213,0,,0,0,2,78,78,0,78.0,152560.0
214.2,65,100,80,0.0,39.757,52.287,7.3558,250,0.9,0,0.0018517,12.199,27.694,68974,76664.0,6.5076,297.93,271.69,1.4773,5.6443,,23,,1.0295,0.19333,,,1.222,0,,0,0,2,78,78,0,78.0,154110.0
214.4,65,100,80,0.0,37.272,15.686,123.3,250,0.9,0,0.0018317,12.189,27.705,69042,76742.0,6.4951,298.18,355.32,1.4781,5.6734,,23,,1.0389,0.19325,,,1.2227,0,,0,0,2,78,78,0,78.0,153330.0
214.6,65,100,80,0.0,39.772,100.62,12.33,250,0.9,0,0.0018031,12.21,27.715,69111,76820.0,6.4872,298.06,315.82,1.4789,5.7174,,23,,1.0368,0.19326,,,1.2233,0,,0,0,2,78,78,0,78.0,153380.0
214.8,65,100,80,0.0,45.396,64.433,1.233,250,0.9,0,0.0018394,12.223,27.725,69181,76900.0,6.4838,297.94,276.51,1.4797,5.7686,,23,,1.0294,0.19332,,,1.224,0,,0,0,2,78,78,0,78.0,153590.0
215.0,65,100,80,0.0,52.378,19.33,81.64,250,0.9,0,0.0018294,12.254,27.734,69252,76981.0,6.4888,298.08,320.77,1.4806,5.8171,,23,,1.0284,0.19333,,,1.2247,0,,0,0,2,78,78,0,78.0,153300.0
215.2,65,100,80,0.0,57.342,63.958,8.164,250,0.9,0,0.0018441,12.264,27.742,69325,77064.0,6.4981,297.98,288.49,1.4814,5.8388,,23,,1.0278,0.19333,,,1.2254,0,,0,0,2,78,78,0,78.0,153000.0
215.4,65,100,80,0.0,58.591,32.366,0.8164,250,0.9,0,0.0018123,12.271,27.75,69397,77146.0,6.5082,297.88,256.75,1.4823,5.8446,,23,,1.0405,0.19322,,,1.2261,0,,0,0,2,78,78,0,78.0,153210.0
215.6,65,100,80,0.0,55.824,9.7098,59.981,250,0.9,0,0.001753,12.291,27.758,69469,77228.0,6.5173,297.96,283.71,1.4831,5.8331,,23,,1.0353,0.19327,,,1.2268,0,,0,0,2,78,78,0,78.0,154580.0
215.8,65,100,80,0.0,49.439,33.922,5.9981,250,0.9,0,0.0017896,12.254,27.767,69540,77309.0,6.5209,297.88,254.72,1.4839,5.814,,23,,1.0369,0.19325,,,1.2275,0,,0,0,2,78,78,0,78.0,153450.0
216.0,65,100,80,0.0,41.601,10.176,104.62,250,0.9,0,0.0017692,12.235,27.777,69609,77388.0,6.5181,298.08,322.05,1.4847,5.8206,1199.6,23,1951.2,1.0438,0.19319,27.742,22.462,1.2282,0,69.663,0,0,2,78,78,0,78.0,154330.0
216.2,65,100,80,0.0,34.917,75.669,10.462,250,0.9,0,0.0017861,12.199,27.787,69677,77465.0,6.5074,297.97,286.41,1.4856,5.8394,,23,,1.0568,0.19307,,,1.2289,0,,0,0,2,78,78,0,78.0,153380.0
216.4,65,100,80,0.0,32.511,40.396,1.0462,250,0.9,0,0.0017612,12.193,27.797,69744,77543.0,6.4957,297.87,253.11,1.4864,5.8732,,23,,1.0663,0.19299,,,1.2295,0,,0,0,2,78,78,0,78.0,153260.0
216.6,65,100,80,0.0,34.762,12.119,68.98,250,0.9,0,0.0017581,12.197,27.806,69812,77620.0,6.4859,297.98,288.41,1.4872,5.912,,23,,1.0742,0.19292,,,1.2302,0,,0,0,2,78,78,0,78.0,152800.0
216.8,65,100,80,0.0,40.907,44.407,6.898,250,0.9,0,0.0017737,12.198,27.815,69881,77699.0,6.482,297.88,256.41,1.488,5.9421,,23,,1.0892,0.19279,,,1.2309,0,,0,0,2,78,78,0,78.0,153510.0
217.0,65,100,80,0.0,48.626,13.322,122.7,250,0.9,0,0.0017515,12.239,27.823,69952,77780.0,6.4848,298.13,337.9,1.4889,5.946,,23,,1.0812,0.19286,,,1.2316,0,,0,0,2,78,78,0,78.0,154210.0
217.2,65,100,80,0.0,55.203,93.279,12.27,250,0.9,0,0.0017299,12.271,27.831,70024,77862.0,6.4931,297.99,293.54,1.4897,5.9228,,23,,1.0813,0.19285,,,1.2323,0,,0,0,2,78,78,0,78.0,154250.0
217.4,65,100,80,0.0,58.449,50.689,1.227,250,0.9,0,0.0017947,12.243,27.839,70096,77944.0,6.5024,297.88,253.7,1.4905,5.8761,,23,,1.0928,0.19275,,,1.233,0,,0,0,2,78,78,0,78.0,154950.0
217.6,65,100,80,0.0,58.017,15.207,78.148,250,0.9,0,0.0018108,12.236,27.847,70168,78027.0,6.5098,298.0,295.13,1.4914,5.8374,,23,,1.0946,0.19274,,,1.2337,0,,0,0,2,78,78,0,78.0,154490.0
217.8,65,100,80,0.0,54.642,53.799,7.8148,250,0.9,0,0.0018397,12.208,27.855,70240,78108.0,6.514,297.9,263.05,1.4923,5.8051,,23,,1.1054,0.19264,,,1.2344,0,,0,0,2,78,78,0,78.0,154190.0
218.0,65,100,80,0.0,49.588,16.14,132.39,250,0.9,0,0.0018207,12.216,27.863,70311,78189.0,6.5148,298.17,354.0,1.4932,5.7795,,23,,1.0906,0.19277,,,1.2352,0,,0,0,2,78,78,0,78.0,154230.0
218.2,65,100,80,0.0,44.193,106.07,13.239,250,0.9,0,0.0018161,12.194,27.872,70380,78269.0,6.5113,298.05,313.45,1.4941,5.7673,,23,,1.0974,0.19271,,,1.2359,0,,0,0,2,78,78,0,78.0,154100.0
218.4,65,100,80,0.0,40.202,69.161,1.3239,250,0.9,0,0.0017397,12.212,27.881,70449,78348.0,6.5056,297.93,272.74,1.4949,5.7797,,23,,1.0969,0.19271,,,1.2366,0,,0,0,2,78,78,0,78.0,154150.0
218.6,65,100,80,0.0,38.484,20.748,88.826,250,0.9,0,0.0017077,12.234,27.89,70518,78426.0,6.4973,298.08,323.79,1.4958,5.8015,,23,,1.0851,0.19281,,,1.2373,0,,0,0,2,78,78,0,78.0,154190.0
218.8,65,100,80,0.0,40.099,71.076,8.8826,250,0.9,0,0.0016688,12.276,27.899,70586,78505.0,6.4899,297.98,288.9,1.4966,5.8177,,23,,1.0656,0.19298,,,1.238,0,,0,0,2,78,78,0,78.0,153890.0
219.0,65,100,80,0.0,44.67,37.57,0.88826,250,0.9,0,0.0016484,12.308,27.906,70656,78584.0,6.489,297.88,255.0,1.4973,5.8191,,23,,1.0587,0.19304,,,1.2387,0,,0,0,2,78,78,0,78.0,153760.0
219.2,65,100,80,0.0,49.573,11.271,65.786,250,0.9,0,0.0016961,12.306,27.914,70727,78665.0,6.492,297.97,286.6,1.4981,5.8017,,23,,1.0588,0.19303,,,1.2393,0,,0,0,2,78,78,0,78.0,153630.0
219.4,65,100,80,0.0,53.272,39.601,6.5786,250,0.9,0,0.0016792,12.332,27.922,70798,78746.0,6.4984,297.88,256.54,1.4989,5.7878,,23,,1.0546,0.19307,,,1.24,0,,0,0,2,78,78,0,78.0,153830.0
219.6,65,100,80,0.0,54.422,11.88,112.4,250,0.9,0,0.0015821,12.399,27.929,70870,78828.0,6.506,298.1,329.78,1.4997,5.7584,,23,,1.0377,0.19321,,,1.2406,0,,0,0,2,78,78,0,78.0,153860.0
219.8,65,100,80,0.0,52.557,82.407,11.24,250,0.9,0,0.001506,12.444,27.934,70941,78908.0,6.5109,298.0,294.88,1.5003,5.7024,,23,,1.0245,0.19333,,,1.2411,0,,0,0,2,78,78,0,78.0,154220.0
220.0,65,100,80,0.0,48.739,49.222,1.124,250,0.9,0,0.0015418,12.41,27.941,71011,78989.0,6.5114,297.89,259.0,1.501,5.6165,,23,,1.0313,0.19327,,,1.2417,0,,0,0,2,78,78,0,78.0,154250.0
220.2,65,100,80,0.0,44.726,14.767,76.708,250,0.9,0,0.0015235,12.417,27.947,71081,79068.0,6.5066,298.01,299.79,1.5017,5.5551,,23,,1.0303,0.19327,,,1.2423,0,,0,0,2,78,78,0,78.0,154110.0
220.4,65,100,80,0.0,42.636,52.704,7.6708,250,0.9,0,0.0015513,12.393,27.955,71150,79147.0,6.4994,297.92,268.38,1.5024,5.5012,,23,,1.0373,0.19321,,,1.2428,0,,0,0,2,78,78,0,78.0,153810.0
220.6,65,100,80,0.0,43.396,15.811,126.14,250,0.9,0,0.0015223,12.415,27.961,71219,79226.0,6.4938,298.17,352.68,1.503,5.4792,,23,,1.0377,0.19321,,,1.2434,0,,0,0,2,78,78,0,78.0,155180.0
220.8,65,100,80,0.0,46.38,98.467,12.614,250,0.9,0,0.0015048,12.44,27.967,71289,79305.0,6.4904,298.06,314.73,1.5037,5.4465,,23,,1.0313,0.19326,,,1.2439,0,,0,0,2,78,78,0,78.0,155540.0
221.0,65,100,80,0.0,50.75,64.635,1.2614,250,0.9,0,0.0015381,12.439,27.973,71360,79385.0,6.4921,297.94,275.61,1.5043,5.4051,,23,,1.0329,0.19325,,,1.2445,0,,0,0,2,78,78,0,78.0,154230.0
221.2,65,100,80,0.0,54.414,19.391,82.899,250,0.9,0,0.0014754,12.505,27.978,71431,79467.0,6.4988,298.07,320.66,1.505,5.3834,,23,,1.0108,0.19344,,,1.245,0,,0,0,2,78,78,0,78.0,154590.0
221.4,65,100,80,0.0,55.382,63.318,8.2899,250,0.9,0,0.0014554,12.535,27.983,71503,79548.0,6.505,297.98,287.62,1.5056,5.344,,23,,0.99748,0.19355,,,1.2455,0,,0,0,2,78,78,0,78.0,154610.0
221.6,65,100,80,0.0,53.886,31.885,0.82899,250,0.9,0,0.0014964,12.496,27.989,71574,79629.0,6.5095,297.88,256.07,1.5062,5.3048,,23,,1.0165,0.19338,,,1.246,0,,0,0,2,78,78,0,78.0,154970.0
221.8,65,100,80,0.0,50.615,9.5655,58.434,250,0.9,0,0.0015053,12.463,27.995,71645,79709.0,6.5118,297.96,281.65,1.5068,5.2945,,23,,1.0436,0.19315,,,1.2465,0,,0,0,2,78,78,0,78.0,154490.0
222.0,65,100,80,0.0,46.418,31.558,5.8434,250,0.9,0,0.0014891,12.444,28.001,71715,79788.0,6.5096,297.88,255.03,1.5074,5.2994,,23,,1.0666,0.19295,,,1.247,0,,0,0,2,78,78,0,78.0,154520.0
222.2,65,100,80,0.0,43.129,9.4674,96.961,250,0.9,0,0.0014872,12.431,28.007,71784,79867.0,6.5047,298.06,315.13,1.508,5.3229,,23,,1.0815,0.19282,,,1.2475,0,,0,0,2,78,78,0,78.0,154210.0
222.4,65,100,80,0.0,41.795,65.714,9.6961,250,0.9,0,0.0014898,12.421,28.013,71853,79946.0,6.498,297.97,284.95,1.5086,5.3502,,23,,1.0911,0.19273,,,1.248,0,,0,0,2,78,78,0,78.0,154580.0
222.6,65,100,80,0.0,43.102,36.348,0.96961,250,0.9,0,0.0014606,12.438,28.019,71922,80024.0,6.4938,297.88,252.83,1.5092,5.3831,,23,,1.0953,0.19269,,,1.2485,0,,0,0,2,78,78,0,78.0,155100.0
222.8,65,100,80,0.0,46.106,10.904,67.249,250,0.9,0,0.0014824,12.444,28.025,71992,80104.0,6.4916,297.97,286.15,1.5098,5.4047,,23,,1.0929,0.19271,,,1.249,0,,0,0,2,78,78,0,78.0,155460.0
223.0,65,100,80,0.0,49.975,40.156,6.7249,250,0.9,0,0.0015253,12.428,28.03,72063,80184.0,6.4914,297.89,259.02,1.5104,5.4274,,23,,1.1032,0.19262,,,1.2495,0,,0,0,2,78,78,0,78.0,154650.0
223.2,65,100,80,0.0,53.911,12.047,109.0,250,0.9,0,0.0015291,12.449,28.036,72134,80265.0,6.4969,298.1,329.57,1.511,5.4557,,23,,1.1012,0.19264,,,1.25,0,,0,0,2,78,78,0,78.0,154840.0
223.4,65,100,80,0.0,55.657,78.841,10.9,250,0.9,0,0.0015623,12.44,28.041,72206,80346.0,6.5032,298.0,296.67,1.5116,5.4729,,23,,1.1054,0.1926,,,1.2505,0,,0,0,2,78,78,0,78.0,154530.0
223.6,65,100,80,0.0,54.904,48.253,1.09,250,0.9,0,0.0014978,12.482,28.046,72277,80427.0,6.5104,297.9,260.45,1.5122,5.4876,,23,,1.0929,0.19271,,,1.251,0,,0,0,2,78,78,0,78.0,154890.0
223.8,65,100,80,0.0,51.247,14.476,76.231,250,0.9,0,0.0014675,12.496,28.051,72348,80507.0,6.5154,298.01,300.48,1.5128,5.4819,,23,,1.084,0.19279,,,1.2515,0,,0,0,2,78,78,0,78.0,155580.0
224.0,65,100,80,0.0,45.616,51.146,7.6231,250,0.9,0,0.001463,12.482,28.056,72417,80587.0,6.5144,297.92,269.56,1.5134,5.4604,,23,,1.0892,0.19274,,,1.252,0,,0,0,2,78,78,0,78.0,154270.0
224.2,65,100,80,0.0,40.387,15.344,121.71,250,0.9,0,0.0014122,12.517,28.061,72486,80665.0,6.509,298.15,349.87,1.5139,5.4357,,23,,1.0711,0.1929,,,1.2524,0,,0,0,2,78,78,0,78.0,155120.0
224.4,65,100,80,0.0,37.325,92.689,12.171,250,0.9,0,0.0014263,12.501,28.065,72554,80742.0,6.5005,298.05,312.0,1.5144,5.3927,,23,,1.0759,0.19285,,,1.2528,0,,0,0,2,78,78,0,78.0,155140.0
224.6,65,100,80,0.0,37.65,59.301,1.2171,250,0.9,0,0.0013956,12.516,28.07,72622,80819.0,6.4921,297.94,273.64,1.5149,5.3532,,23,,1.0773,0.19284,,,1.2533,0,,0,0,2,78,78,0,78.0,155490.0
224.8,65,100,80,0.0,41.329,17.79,77.853,250,0.9,0,0.0014214,12.512,28.075,72691,80897.0,6.4865,298.05,313.96,1.5155,5.3094,,23,,1.0851,0.19277,,,1.2537,0,,0,0,2,78,78,0,78.0,154680.0
225.0,65,100,80,0.0,47.233,56.034,7.7853,250,0.9,0,0.0013779,12.566,28.078,72761,80977.0,6.4873,297.96,280.47,1.516,5.2718,,23,,1.0724,0.19288,,,1.2541,0,,0,0,2,78,78,0,78.0,155200.0
225.2,65,100,80,0.0,52.803,24.072,0.77853,250,0.9,0,0.0013655,12.601,28.082,72832,81057.0,6.4939,297.87,249.28,1.5164,5.2048,,23,,1.0588,0.193,,,1.2545,0,,0,0,2,78,78,0,78.0,154540.0
225.4,65,100,80,0.0,55.727,7.2216,53.497,250,0.9,0,0.0013989,12.583,28.085,72903,81138.0,6.5011,297.93,270.37,1.5169,5.1322,,23,,1.0709,0.19289,,,1.2549,0,,0,0,2,78,78,0,78.0,154890.0
225.6,65,100,80,0.0,55.792,2.1665,0.0001,250,0.9,0,0.0014338,12.575,28.089,72975,81219.0,6.5093,297.85,244.56,1.5174,5.0733,,23,,1.0693,0.1929,,,1.2554,0,,0,0,2,78,78,0,78.0,155410.0
225.8,65,100,80,0.0,52.574,0.64995,68.598,250,0.9,0,0.0014152,12.592,28.093,73046,81299.0,6.5127,297.96,281.05,1.518,5.0354,,23,,1.0576,0.193,,,1.2558,0,,0,0,2,78,78,0,78.0,155760.0
226.0,65,100,80,0.0,48.015,31.564,6.8598,250,0.9,0,0.0014308,12.574,28.097,73116,81379.0,6.5123,297.88,253.91,1.5185,5.0083,,23,,1.0609,0.19297,,,1.2562,0,,0,0,2,78,78,0,78.0,155110.0
226.2,65,100,80,0.0,43.619,9.4692,104.68,250,0.9,0,0.0014519,12.54,28.102,73185,81457.0,6.5065,298.07,320.36,1.519,5.0073,,23,,1.0772,0.19283,,,1.2567,0,,0,0,2,78,78,0,78.0,154460.0
226.4,65,100,80,0.0,41.566,70.729,10.468,250,0.9,0,0.0013794,12.594,28.106,73253,81535.0,6.4988,297.97,287.15,1.5195,5.0402,,23,,1.0566,0.19301,,,1.2571,0,,0,0,2,78,78,0,78.0,155480.0
226.6,65,100,80,0.0,42.585,39.361,1.0468,250,0.9,0,0.0013811,12.597,28.111,73322,81613.0,6.4947,297.88,252.58,1.52,5.0642,,23,,1.0542,0.19303,,,1.2575,0,,0,0,2,78,78,0,78.0,155000.0
226.8,65,100,80,0.0,45.225,11.808,69.873,250,0.9,0,0.001411,12.585,28.115,73392,81692.0,6.4942,297.97,286.96,1.5205,5.1056,,23,,1.0636,0.19295,,,1.2579,0,,0,0,2,78,78,0,78.0,155190.0
227.0,65,100,80,0.0,48.039,41.538,6.9873,250,0.9,0,0.0013857,12.613,28.119,73462,81771.0,6.4966,297.89,255.83,1.521,5.1628,,23,,1.0566,0.19301,,,1.2583,0,,0,0,2,78,78,0,78.0,154710.0
227.2,65,100,80,0.0,49.915,12.462,115.16,250,0.9,0,0.0013824,12.627,28.124,73532,81851.0,6.4998,298.1,330.5,1.5214,5.2159,,23,,1.053,0.19304,,,1.2587,0,,0,0,2,78,78,0,78.0,155230.0
227.4,65,100,80,0.0,50.524,81.737,11.516,250,0.9,0,0.0014137,12.61,28.128,73602,81931.0,6.5026,297.99,291.95,1.5219,5.2657,,23,,1.0608,0.19297,,,1.2591,0,,0,0,2,78,78,0,78.0,155410.0
227.6,65,100,80,0.0,50.0,46.199,1.1516,250,0.9,0,0.0013993,12.609,28.132,73673,82011.0,6.5033,297.88,255.32,1.5224,5.3139,,23,,1.0677,0.19291,,,1.2595,0,,0,0,2,78,78,0,78.0,155430.0
227.8,65,100,80,0.0,49.187,13.86,73.028,250,0.9,0,0.0014081,12.604,28.137,73743,82091.0,6.5038,297.99,292.33,1.5229,5.3659,,23,,1.0781,0.19282,,,1.2599,0,,0,0,2,78,78,0,78.0,155610.0
228.0,65,100,80,0.0,48.182,46.342,7.3028,250,0.9,0,0.001461,12.582,28.142,73813,82170.0,6.5041,297.91,263.75,1.5234,5.402,1199.1,23,1979.4,1.0806,0.19279,28.124,22.271,1.2603,0,66.101,0,0,2,78,78,0,78.0,155800.0
228.2,65,100,80,0.0,47.075,13.902,114.88,250,0.9,0,0.0014659,12.576,28.146,73883,82249.0,6.5041,298.12,338.58,1.524,5.4493,,23,,1.0872,0.19274,,,1.2608,0,,0,0,2,78,78,0,78.0,155660.0
228.4,65,100,80,0.0,45.954,83.782,11.488,250,0.9,0,0.0014758,12.562,28.151,73952,82328.0,6.5048,298.03,306.19,1.5245,5.4885,,23,,1.1002,0.19262,,,1.2612,0,,0,0,2,78,78,0,78.0,154850.0
228.6,65,100,80,0.0,44.55,55.238,1.1488,250,0.9,0,0.001419,12.595,28.156,74022,82407.0,6.5058,297.93,271.06,1.525,5.5183,,23,,1.0946,0.19267,,,1.2616,0,,0,0,2,78,78,0,78.0,155700.0
228.8,65,100,80,0.0,42.762,16.572,76.166,250,0.9,0,0.0014157,12.589,28.16,74091,82486.0,6.5065,298.04,310.7,1.5255,5.5243,,23,,1.1002,0.19262,,,1.262,0,,0,0,2,78,78,0,78.0,155380.0
229.0,65,100,80,0.0,40.674,53.068,7.6166,250,0.9,0,0.0013844,12.604,28.164,74159,82563.0,6.5058,297.96,282.06,1.526,5.5115,,23,,1.0982,0.19264,,,1.2624,0,,0,0,2,78,78,0,78.0,155070.0
229.2,65,100,80,0.0,38.892,26.041,0.76166,250,0.9,0,0.0013873,12.598,28.168,74227,82641.0,6.5038,297.88,252.5,1.5264,5.4742,,23,,1.1027,0.1926,,,1.2628,0,,0,0,2,78,78,0,78.0,156250.0
229.4,65,100,80,0.0,37.902,7.8124,55.28,250,0.9,0,0.0013823,12.61,28.172,74295,82718.0,6.501,297.94,275.64,1.5269,5.4353,,23,,1.0977,0.19264,,,1.2632,0,,0,0,2,78,78,0,78.0,155940.0
229.6,65,100,80,0.0,38.035,2.3437,0.0001,250,0.9,0,0.0013795,12.612,28.176,74363,82795.0,6.4986,297.87,249.74,1.5273,5.3864,,23,,1.1003,0.19262,,,1.2636,0,,0,0,2,78,78,0,78.0,155120.0
229.8,65,100,80,0.0,39.096,0.70312,66.286,250,0.9,0,0.0013894,12.591,28.18,74431,82873.0,6.498,297.97,283.85,1.5278,5.3361,,23,,1.1235,0.19241,,,1.2639,0,,0,0,2,78,78,0,78.0,156310.0
230.0,65,100,80,0.0,40.427,29.27,6.6286,250,0.9,0,0.0013932,12.597,28.185,74500,82951.0,6.4988,297.9,260.22,1.5282,5.3001,1200.2,23,1985.1,1.1287,0.19237,28.168,22.231,1.2643,0,65.488,0,0,2,78,78,0,78.0,155160.0
