time,aeration_rate,agitator,sugar_feed_rate,acid_flow_rate,base_flow_rate,heating/cooling_water_flow_rate,heating_water_flow_rate,water_for_injection/dilution,air_head_pressure,dumped_broth_flow,substrate_concentration,dissolved_oxygen_concentration,penicillin_concentration,vessel_volume,vessel_weight,pH,temperature,generated_heat,CO2_percent_in_off_gas,PAA_flow,PAA_concentration,oil_flow,NH3_concentration,oxygen_uptake_rate,oxygen_in_percent_in_off_gas,offline_penicillin_concentration,offline_biomass_concentration,carbon_evolution_rate,ammonia_shots,viscosity,Fault reference(Fault_ref:Fault ref),0 - Recipe driven 1 - Operator controlled(Control_ref:Control ref),1- No Raman spec, 1-Raman spec recorded,2-PAT control(PAT_ref:PAT ref),Batch reference(Batch_ref:Batch ref),experiment_ID,Fault flag
0.2,30,100,8,0.0,6.1553,0.0001,38.474,0,0.6,0,1.1557,14.668,0.001,57160,61807.0,6.4766,297.92,28.966,0.084908,5.0,,22,,0.58923,0.19388,,,0.032293,0,,0,0,1,5,5,0,5.0,0.0
0.4,30,100,8,0.0,15.498,0.0001,16.442,0,0.6,0,1.2076,14.648,0.00099948,57160,61812.0,6.4813,297.95,37.566,0.095882,5.0,,22,,0.075905,0.20358,,,0.036467,0,,0,0,1,5,5,0,5.0,0.0
0.6,30,100,8,0.0,23.468,8.2011,1.6442,0,0.6,0,1.2582,14.617,0.00099892,57162,61819.0,6.4968,297.92,29.716,0.099472,5.0,,22,,-0.035216,0.20564,,,0.037833,0,,0,0,1,5,5,0,5.0,0.0
0.8,30,100,8,0.0,25.226,2.4603,41.205,0,0.6,0,1.3068,14.603,0.00099837,57165,61826.0,6.5129,298.04,61.778,0.10163,5.0,,22,,-0.057169,0.20605,,,0.038653,0,,0,0,1,5,5,0,5.0,0.0
1.0,30,100,8,0.0,20.602,41.773,4.1205,0,0.6,0,1.3535,14.578,0.00099782,57166,61831.0,6.5234,297.98,44.498,0.10356,5.0,1424.3,22,1678.1,-0.053858,0.20598,0.001,0.49258,0.039388,0,4.0812,0,0,1,5,5,0,5.0,0.0
1.2,30,100,8,0.0,11.778,19.785,0.41205,0,0.6,0,1.3984,14.551,0.00099732,57166,61836.0,6.5204,297.93,32.718,0.10552,5.0,,22,,-0.043712,0.20579,,,0.040132,0,,0,0,1,5,5,0,5.0,0.0
1.4,30,100,8,0.0,4.191,5.9354,30.381,0,0.6,0,1.442,14.537,0.00099683,57164,61838.0,6.5059,298.02,55.074,0.10755,5.0,,22,,-0.037623,0.20567,,,0.040905,0,,0,0,1,5,5,0,5.0,0.0
1.6,30,100,8,0.0,2.3819,33.052,3.0381,0,0.6,0,1.4845,14.511,0.00099636,57162,61841.0,6.4893,297.97,41.753,0.10966,5.0,,22,,-0.027775,0.20548,,,0.04171,0,,0,0,1,5,5,0,5.0,0.0
1.8,30,100,8,0.0,7.1826,15.578,0.30381,0,0.6,0,1.5248,14.489,0.00099586,57161,61844.0,6.4799,297.93,33.331,0.11187,5.0,,22,,-0.018732,0.20531,,,0.04255,0,,0,0,1,5,5,0,5.0,0.0
2.0,30,100,8,0.0,15.733,4.6735,25.643,0,0.6,0,1.5629,14.459,0.00099534,57162,61849.0,6.4818,298.01,53.694,0.11418,5.0,,22,,-0.00666,0.20508,,,0.043429,0,,0,0,1,5,5,0,5.0,0.0
2.2,30,100,8,0.0,23.514,29.168,2.5643,0,0.6,0,1.5996,14.434,0.00099479,57164,61856.0,6.4926,297.97,43.464,0.11659,5.0,,22,,0.0040508,0.20488,,,0.044347,0,,0,0,1,5,5,0,5.0,21230.0
2.4,30,100,8,0.0,26.975,15.61,0.25643,0,0.6,0,1.6346,14.414,0.00099423,57166,61863.0,6.5084,297.95,37.008,0.1191,5.0,,22,,0.012068,0.20472,,,0.0453,0,,0,0,1,5,5,0,5.0,21224.0
2.6,30,100,8,0.0,24.128,4.6831,23.573,0,0.6,0,1.668,14.398,0.00099367,57169,61870.0,6.5179,298.03,57.577,0.1217,5.0,,22,,0.017162,0.20462,,,0.04629,0,,0,0,1,5,5,0,5.0,21886.0
2.8,30,100,8,0.0,17.502,29.911,2.3573,0,0.6,0,1.6996,14.374,0.00099315,57170,61875.0,6.5174,298.0,49.461,0.1244,5.0,,22,,0.025169,0.20447,,,0.047318,0,,0,0,1,5,5,0,5.0,21880.0
3.0,30,100,8,0.0,11.086,19.677,0.23573,0,0.6,0,1.7292,14.346,0.00099264,57169,61879.0,6.5085,297.97,43.718,0.12721,5.0,,22,,0.034822,0.20428,,,0.048385,0,,0,0,1,5,5,0,5.0,21375.0
3.2,30,100,15,0.0,8.2487,12.215,0.023573,0,0.6,0,1.7703,14.323,0.00099212,57170,61884.0,6.4947,297.96,41.159,0.13013,5.0,,22,,0.04235,0.20413,,,0.049497,0,,0,0,1,5,5,0,5.0,21369.0
3.4,30,100,15,0.0,10.902,8.0441,0.0023573,0,0.6,0,1.8088,14.283,0.00099159,57171,61890.0,6.4845,297.96,41.248,0.13318,5.0,,22,,0.057061,0.20385,,,0.050659,0,,0,0,1,5,5,0,5.0,22364.0
3.6,30,100,15,0.0,17.6,6.8901,0.00023573,0,0.6,0,1.845,14.246,0.00099104,57173,61897.0,6.4829,297.97,42.64,0.13636,5.0,,22,,0.071955,0.20357,,,0.05187,0,,0,0,1,5,5,0,5.0,21025.0
3.8,30,100,15,0.0,24.935,7.3814,0.0001,0,0.6,0,1.8792,14.204,0.00099046,57177,61906.0,6.4915,297.98,44.558,0.13966,5.0,,22,,0.089738,0.20323,,,0.053125,0,,0,0,1,5,5,0,5.0,21353.0
4.0,30,100,15,0.0,28.827,8.7249,0.0001,0,0.6,0,1.9108,14.17,0.00098987,57181,61916.0,6.5033,297.99,46.963,0.14308,5.0,,22,,0.10396,0.20296,,,0.054423,0,,0,0,1,5,5,0,5.0,21347.0
4.2,30,100,15,0.0,28.021,10.965,0.0001,0,0.6,0,1.9672,14.13,0.00098929,57186,61926.0,6.5132,298.0,49.41,0.14661,5.0,,30,,0.11423,0.20276,,,0.055769,0,,0,0,1,5,5,0,5.0,21342.0
4.4,30,100,15,0.0,23.251,13.588,0.0001,0,0.6,0,2.0214,14.094,0.00098872,57189,61936.0,6.5184,298.0,51.57,0.15026,5.0,,30,,0.12726,0.2025,,,0.057159,0,,0,0,1,5,5,0,5.0,22503.0
4.6,30,100,15,0.0,16.439,16.182,0.0001,0,0.6,0,2.0731,14.068,0.00098817,57191,61945.0,6.5123,298.01,53.653,0.15403,5.0,,30,,0.13571,0.20234,,,0.058593,0,,0,0,1,5,5,0,5.0,21664.0
4.8,30,100,15,0.0,12.072,18.991,0.0001,0,0.6,0,2.1215,14.025,0.00098764,57192,61952.0,6.4995,298.02,55.807,0.15793,5.0,,30,,0.14952,0.20207,,,0.060076,0,,0,0,1,5,5,0,5.0,22325.0
5.0,30,100,15,0.0,12.833,22.192,0.0001,0,0.6,0,2.1676,13.989,0.00098711,57194,61960.0,6.4875,298.03,58.005,0.16197,5.0,,30,,0.16194,0.20183,,,0.061613,0,,0,0,1,5,5,0,5.0,21653.0
5.2,30,100,15,0.0,18.343,25.755,0.0001,0,0.6,0,2.2104,13.941,0.00098657,57195,61968.0,6.4816,298.04,59.985,0.16617,0.0,,30,,0.17794,0.20152,,,0.06321,0,,0,0,1,5,5,0,5.0,21814.0
5.4,30,100,15,0.0,26.206,29.344,0.0001,0,0.6,0,2.2507,13.913,0.000986,57198,61977.0,6.4836,298.04,60.84,0.17051,0.0,,30,,0.18773,0.20133,,,0.064863,0,,0,0,1,5,5,0,5.0,22308.0
5.6,30,100,15,0.0,33.259,31.748,0.0001,0,0.6,0,2.2872,13.886,0.00098542,57203,61988.0,6.4924,298.04,62.189,0.175,0.0,,30,,0.19368,0.20121,,,0.066571,0,,0,0,1,5,5,0,5.0,22636.0
5.8,30,100,15,0.0,36.784,34.952,0.0001,0,0.6,0,2.3199,13.831,0.00098482,57208,61999.0,6.5045,298.05,63.492,0.17965,0.0,,30,,0.21065,0.20088,,,0.068342,0,,0,0,1,5,5,0,5.0,21797.0
6.0,30,100,15,0.0,35.481,38.274,0.0001,0,0.6,0,2.3499,13.785,0.00098422,57213,62011.0,6.5124,298.05,64.33,0.18447,0.0,,30,,0.22647,0.20057,,,0.070176,0,,0,0,1,5,5,0,5.0,21125.0
6.2,30,100,15,0.0,31.044,41.173,0.0001,0,0.6,0,2.3763,13.722,0.00098364,57217,62021.0,6.5159,298.05,63.974,0.18946,0.0,,30,,0.24832,0.20015,,,0.072075,0,,0,0,1,5,5,0,5.0,21952.0
6.4,30,100,15,0.0,25.22,42.64,0.0001,0,0.6,0,2.3983,13.663,0.00098309,57220,62030.0,6.5106,298.05,65.06,0.19463,0.0,,30,,0.26972,0.19974,,,0.074043,0,,0,0,1,5,5,0,5.0,22280.0
6.6,30,100,15,0.0,21.518,45.98,0.0001,0,0.6,0,2.4153,13.608,0.00098254,57222,62039.0,6.4994,298.06,67.308,0.2,0.0,,30,,0.28716,0.1994,,,0.076089,0,,0,0,1,5,5,0,5.0,21441.0
6.8,30,100,15,0.0,22.302,50.955,0.0001,0,0.6,0,2.4289,13.553,0.00098199,57224,62047.0,6.4891,298.07,69.982,0.20559,0.0,,30,,0.30478,0.19905,,,0.078214,0,,0,0,1,5,5,0,5.0,22602.0
7.0,30,100,15,0.0,27.186,56.776,0.0001,0,0.6,0,2.4383,13.496,0.00098143,57227,62057.0,6.4836,298.08,71.356,0.21137,0.0,,30,,0.32343,0.19869,,,0.080414,0,,0,0,1,5,5,0,5.0,22096.0
7.2,30,100,15,0.0,34.232,61.261,0.0001,0,0.6,0,2.4443,13.439,0.00098084,57232,62068.0,6.4847,298.08,72.738,0.21734,0.0,,30,,0.34204,0.19833,,,0.082688,0,,0,0,1,5,5,0,5.0,21590.0
7.4,30,100,15,0.0,40.861,65.99,0.0001,0,0.6,0,2.4462,13.38,0.00098022,57238,62080.0,6.4916,298.09,74.896,0.22351,0.0,,30,,0.36119,0.19795,,,0.085035,0,,0,0,1,5,5,0,5.0,21751.0
7.6,30,100,15,0.0,44.725,71.93,0.0001,0,0.6,0,2.443,13.319,0.0009796,57244,62093.0,6.4995,298.1,75.721,0.22988,0.0,,30,,0.37973,0.19759,,,0.087463,0,,0,0,1,5,5,0,5.0,21578.0
7.8,30,100,15,0.0,45.449,76.411,0.0001,0,0.6,0,2.4351,13.24,0.00097897,57251,62106.0,6.508,298.1,75.987,0.23648,0.0,,30,,0.40574,0.19708,,,0.089975,0,,0,0,1,5,5,0,5.0,21573.0
8.0,30,100,15,0.0,42.755,80.315,0.0001,0,0.6,0,2.4224,13.159,0.00097836,57258,62119.0,6.5118,298.1,75.775,0.24331,0.0,,30,,0.4336,0.19654,,,0.092573,0,,0,0,1,5,5,0,5.0,21900.0
8.2,42,100,15,0.0,38.587,83.646,0.0001,0,0.6,0,2.4045,13.276,0.00097776,57263,62131.0,6.5095,298.1,77.65,0.19558,0.0,,30,,0.39982,0.19944,,,0.10417,0,,0,0,1,5,5,0,5.0,21894.0
8.4,42,100,15,0.0,35.321,89.693,0.0001,0,0.6,0,2.3825,13.2,0.00097717,57268,62142.0,6.5026,298.11,80.068,0.19512,0.0,,30,,0.39443,0.19951,,,0.10392,0,,0,0,1,5,5,0,5.0,20555.0
8.6,42,100,15,0.0,34.81,96.656,0.0001,0,0.6,0,2.3555,13.126,0.00097658,57273,62153.0,6.4933,298.12,81.936,0.19993,0.0,,30,,0.41732,0.19919,,,0.10649,0,,0,0,1,5,5,0,5.0,21549.0
8.8,42,100,15,0.0,38.019,103.23,0.0001,0,0.6,0,2.3225,13.056,0.00097598,57278,62165.0,6.4846,298.12,83.313,0.20548,0.0,,30,,0.43919,0.19889,,,0.10944,0,,0,0,1,5,5,0,5.0,21376.0
9.0,42,100,15,0.0,44.715,109.44,0.0001,0,0.6,0,2.2843,12.991,0.00097535,57285,62178.0,6.4812,298.13,84.681,0.21128,0.0,,30,,0.45818,0.19862,,,0.11253,0,,0,0,1,5,5,0,5.0,20870.0
9.2,42,100,15,0.0,52.751,115.85,0.0001,0,0.6,0,2.239,12.91,0.0009747,57293,62193.0,6.4818,298.14,87.498,0.2173,0.0,,30,,0.48447,0.19825,,,0.11574,0,,0,0,1,5,5,0,5.0,20864.0
9.4,42,100,15,0.0,60.547,124.34,0.0001,0,0.6,0,2.1863,12.821,0.00097402,57303,62209.0,6.4867,298.14,87.099,0.22354,0.0,,30,,0.51342,0.19785,,,0.11907,0,,0,0,1,5,5,0,5.0,21858.0
9.6,42,100,15,0.0,66.375,129.0,0.0001,0,0.6,0,2.1275,12.731,0.00097333,57314,62226.0,6.494,298.14,87.238,0.23001,0.0,,30,,0.54556,0.1974,,,0.12252,0,,0,0,1,5,5,0,5.0,21019.0
9.8,42,100,15,0.0,69.291,134.39,0.0001,0,0.6,0,2.0619,12.634,0.00097262,57325,62244.0,6.5013,298.14,86.735,0.23671,0.0,,30,,0.58234,0.19689,,,0.12608,0,,0,0,1,5,5,0,5.0,20513.0
10.0,42,100,15,0.0,69.282,138.94,0.0001,0,0.6,0,1.9902,12.55,0.00097192,57337,62262.0,6.5086,298.15,89.051,0.24361,0.0,,30,,0.60997,0.1965,,,0.12977,0,,0,0,1,5,5,0,5.0,20840.0
10.2,42,100,15,0.0,66.344,147.13,0.0001,0,0.6,0,1.9106,12.444,0.00097123,57348,62280.0,6.5119,298.16,91.671,0.25076,0.0,,30,,0.64648,0.19599,,,0.13357,0,,0,0,1,5,5,0,5.0,21834.0
10.4,42,100,15,0.0,62.134,155.95,0.0001,0,0.6,0,1.8236,12.347,0.00097055,57358,62296.0,6.5112,298.16,93.577,0.25815,0.0,,30,,0.67629,0.19557,,,0.13751,0,,0,0,1,5,5,0,5.0,21661.0
10.6,42,100,15,0.0,58.188,164.21,0.0001,0,0.6,0,1.7283,12.233,0.00096988,57368,62312.0,6.5048,298.17,95.05,0.26581,0.0,,30,,0.7135,0.19505,,,0.1416,0,,0,0,1,5,5,0,5.0,21821.0
10.8,42,100,15,0.0,56.79,172.2,0.0001,0,0.6,0,1.6257,12.123,0.00096922,57377,62328.0,6.4947,298.18,97.496,0.27374,0.0,,30,,0.75078,0.19453,,,0.14582,0,,0,0,1,5,5,0,5.0,22149.0
11.0,42,100,15,0.0,59.427,181.67,0.0001,0,0.6,0,1.5134,12.012,0.00096855,57386,62344.0,6.4865,298.19,99.894,0.28196,0.0,,30,,0.78068,0.1941,,,0.15021,0,,0,0,1,5,5,0,5.0,21476.0
11.2,42,100,15,0.0,65.361,191.4,0.0001,0,0.6,0,1.3938,11.892,0.00096786,57397,62361.0,6.4802,298.19,100.85,0.29047,0.0,,30,,0.82321,0.1935,,,0.15474,0,,0,0,1,5,5,0,5.0,21969.0
11.4,42,100,15,0.0,73.777,199.6,0.0001,0,0.6,0,1.2635,11.751,0.00096714,57409,62380.0,6.4775,298.18,98.547,0.29929,0.0,,30,,0.87132,0.19283,,,0.15944,0,,0,0,1,5,5,0,5.0,20963.0
11.6,42,100,15,0.0,83.303,203.71,0.0001,0,0.6,0,1.1245,11.632,0.00096639,57424,62400.0,6.4784,298.17,96.316,0.30841,0.0,,30,,0.91062,0.19227,,,0.16431,0,,0,0,1,5,5,0,5.0,21123.0
11.8,42,100,15,0.0,92.46,207.69,0.0001,0,0.6,0,0.97649,11.496,0.00096561,57440,62423.0,6.481,298.18,98.003,0.31785,0.0,,30,,0.95689,0.19162,,,0.16934,0,,0,0,1,5,5,0,5.0,22284.0
12.0,42,100,15,0.0,100.59,216.46,0.0001,0,0.6,0,0.81947,11.36,0.00096481,57458,62447.0,6.4813,298.18,96.985,0.3276,0.0,1539.1,30,1802.6,1.0039,0.19096,0.00096786,2.7765,0.17454,0,10.649,0,0,1,5,5,0,5.0,21444.0
12.2,42,100,30,0.0,108.58,221.83,0.0001,0,0.6,0,0.68685,11.247,0.00096393,57480,62477.0,6.4804,298.17,95.437,0.33763,0.0,,30,,1.0409,0.19043,,,0.17989,0,,0,0,1,5,5,0,5.0,22271.0
12.4,42,100,30,0.0,116.94,226.44,0.0001,0,0.6,0,0.54472,11.107,0.00096302,57504,62508.0,6.4814,298.17,96.351,0.34798,0.0,,30,,1.086,0.18979,,,0.18541,0,,0,0,1,5,5,0,5.0,22431.0
12.6,42,100,30,0.0,124.9,234.06,0.0001,0,0.7,0,0.39378,11.812,0.00096208,57530,62542.0,6.4842,298.16,92.466,0.35862,0.0,,30,,1.1395,0.18903,,,0.19108,0,,0,0,1,5,5,0,5.0,21592.0
12.8,42,100,30,0.0,131.73,235.49,0.0001,0,0.7,0,0.23895,11.718,0.00096113,57557,62576.0,6.4865,298.15,88.903,0.36951,0.0,,30,,1.1704,0.18858,,,0.19689,0,,0,0,1,5,5,0,5.0,22085.0
13.0,42,100,30,0.0,137.66,236.93,0.0001,0,0.7,0,0.091308,11.785,0.00096015,57586,62611.0,6.4903,298.13,85.6,0.38052,0.0,,30,,1.1682,0.18859,,,0.20277,0,,0,0,1,5,5,0,5.0,21412.0
13.2,42,100,30,0.0,142.07,238.19,0.0001,0,0.7,0,0.013131,12.903,0.00095917,57615,62648.0,6.5099,298.03,58.834,0.39071,0.0,,30,,0.95002,0.19158,,,0.2082,0,,0,0,1,5,5,0,5.0,21239.0
13.4,42,100,30,0.0,138.59,208.53,0.0001,0,0.7,0,0.01104,13.067,0.0009582,57643,62684.0,6.5444,297.91,25.004,0.39826,0.0,,30,,0.71384,0.19478,,,0.21223,0,,0,0,1,5,5,0,5.0,21399.0
13.6,42,100,30,0.0,121.29,62.56,240.49,0,0.7,0,0.010927,13.061,0.00095728,57668,62716.0,6.5742,298.82,267.12,0.40497,0.0,,30,,0.6717,0.19534,,,0.2158,0,,0,0,1,5,5,0,5.0,21226.0
13.8,42,100,30,0.51777,60.645,373.93,24.049,0,0.7,0,0.010866,13.003,0.00095656,57681,62736.0,6.5742,298.5,183.48,0.41155,0.0,,30,,0.68127,0.1952,,,0.21932,0,,0,0,1,5,5,0,5.0,21719.0
14.0,42,100,30,1.0392,30.322,289.24,2.4049,0,0.7,0,0.010526,12.977,0.00095594,57688,62750.0,6.5499,298.26,118.66,0.41811,0.0,,30,,0.68644,0.19512,,,0.22281,0,,0,0,1,5,5,0,5.0,21546.0
14.2,42,100,30,0.0,10.971,226.39,0.24049,0,0.7,0,0.010178,12.953,0.0009554,57691,62760.0,6.5112,298.11,78.379,0.42464,0.0,,30,,0.68849,0.19508,,,0.2263,0,,0,0,1,5,5,0,5.0,20873.0
14.4,42,100,30,0.0,7.0538,185.67,0.024049,0,0.7,0,0.010149,12.901,0.00095487,57693,62770.0,6.4721,298.02,56.242,0.4312,0.0,,30,,0.6984,0.19493,,,0.2298,0,,0,0,1,5,5,0,5.0,21533.0
14.6,42,100,30,0.0,18.753,162.11,0.0024049,0,0.7,0,0.0097724,12.91,0.00095431,57697,62782.0,6.4475,297.97,41.61,0.43774,0.0,,30,,0.6944,0.19497,,,0.23329,0,,0,0,1,5,5,0,5.0,21193.0
14.8,42,100,30,0.0,40.229,144.64,0.00024049,0,0.7,0,0.0095234,12.911,0.0009537,57706,62798.0,6.4416,297.93,30.947,0.44422,0.0,,30,,0.6914,0.195,,,0.23675,0,,0,0,1,5,5,0,5.0,21354.0
15.0,42,100,30,0.0,64.047,43.392,157.3,0,0.7,0,0.0094488,12.913,0.00095301,57720,62819.0,6.4535,298.57,202.62,0.45066,0.0,,30,,0.68179,0.19512,,,0.24018,0,,0,0,1,5,5,0,5.0,20514.0
15.2,42,100,30,0.0,83.123,263.3,15.73,0,0.7,0,0.009256,12.915,0.0009523,57737,62843.0,6.4764,298.37,149.01,0.45706,0.0,,30,,0.6771,0.19517,,,0.2436,0,,0,0,1,5,5,0,5.0,20507.0
15.4,42,100,30,0.0,93.032,210.54,1.573,0,0.7,0,0.0090596,12.903,0.00095163,57756,62870.0,6.5047,298.21,106.02,0.46341,0.0,,30,,0.67956,0.19512,,,0.24699,0,,0,0,1,5,5,0,5.0,21667.0
15.6,42,100,30,0.0,91.65,170.33,0.1573,0,0.7,0,0.0091229,12.87,0.00095096,57775,62896.0,6.5308,298.11,78.348,0.46975,0.0,,30,,0.6857,0.19503,,,0.25037,0,,0,0,1,5,5,0,5.0,21661.0
15.8,42,100,30,0.0,79.84,143.62,0.01573,0,0.7,0,0.0090612,12.849,0.00095036,57792,62920.0,6.5492,298.04,60.717,0.47609,0.0,,30,,0.68598,0.19501,,,0.25375,0,,0,0,1,5,5,0,5.0,21321.0
16.0,42,100,30,0.0,60.694,125.59,0.001573,0,0.7,0,0.0086941,12.833,0.00095013,57805,62940.0,6.5517,298.0,49.753,0.48239,0.0,,30,,0.69175,0.19492,,,0.25712,0,,0,0,1,5,5,0,5.0,20648.0
16.2,42,100,75,0.52053,30.347,113.42,0.0001573,0,0.7,0,0.026939,11.575,0.00094938,57821,62967.0,6.5102,298.09,73.093,0.49027,0.0,,35,,1.0109,0.19055,,,0.26132,0,,0,0,1,5,5,0,5.0,20975.0
16.4,42,100,75,0.0,26.943,143.86,0.0001,0,0.7,0,0.025682,11.521,0.00094864,57836,62993.0,6.4686,298.15,89.355,0.49974,0.0,,35,,1.1017,0.18928,,,0.26637,0,,0,0,1,5,5,0,5.0,20968.0
16.6,42,100,75,0.0,40.035,167.45,0.0001,0,0.7,0,0.025311,11.456,0.00094785,57853,63021.0,6.4407,298.19,99.924,0.50947,0.0,,35,,1.1294,0.18888,,,0.27157,0,,0,0,1,5,5,0,5.0,21628.0
16.8,42,100,75,0.0,64.214,186.17,0.0001,0,0.7,0,0.024392,11.436,0.00094698,57876,63055.0,6.4271,298.21,105.72,0.5193,0.0,,35,,1.1284,0.18888,,,0.27682,0,,0,0,1,5,5,0,5.0,21955.0
17.0,42,100,75,0.0,93.854,200.36,0.0001,0,0.7,0,0.022707,11.442,0.00094601,57904,63094.0,6.4334,298.22,109.47,0.52915,0.0,,35,,1.1234,0.18893,,,0.28207,0,,0,0,1,5,5,0,5.0,21615.0
17.2,42,100,75,0.0,120.94,212.86,0.0001,0,0.7,0,0.022758,11.39,0.00094496,57938,63139.0,6.4492,298.22,107.52,0.539,0.0,,35,,1.1288,0.18884,,,0.28733,0,,0,0,1,5,5,0,5.0,21775.0
17.4,42,100,75,0.0,141.75,218.59,0.0001,0,0.7,0,0.021629,11.373,0.00094384,57976,63187.0,6.4679,298.2,102.5,0.5489,0.0,,35,,1.1347,0.18874,,,0.29261,0,,0,0,1,5,5,0,5.0,20935.0
17.6,42,100,75,0.0,155.08,220.26,0.0001,0,0.7,0,0.02021,11.38,0.00094269,58017,63239.0,6.4871,298.17,94.946,0.55874,0.0,,35,,1.1324,0.18875,,,0.29787,0,,0,0,1,5,5,0,5.0,20762.0
17.8,42,100,75,0.0,160.74,218.05,0.0001,0,0.7,0,0.019692,11.319,0.00094151,58059,63292.0,6.5041,298.17,94.669,0.56858,0.0,,35,,1.1438,0.18857,,,0.30313,0,,0,0,1,5,5,0,5.0,21088.0
18.0,42,100,75,0.0,159.64,224.22,0.0001,0,0.7,0,0.018654,11.317,0.00094035,58100,63344.0,6.5191,298.13,85.948,0.5784,0.0,,35,,1.145,0.18854,,,0.30837,0,,0,0,1,5,5,0,5.0,21748.0
18.2,42,100,75,0.0,152.53,219.3,0.0001,0,0.7,0,0.018011,11.283,0.00093921,58141,63395.0,6.5325,298.11,78.195,0.58817,0.0,,35,,1.1503,0.18845,,,0.31358,0,,0,0,1,5,5,0,5.0,21242.0
18.4,42,100,75,0.0,140.06,214.65,0.0001,0,0.7,0,0.017322,11.246,0.00093812,58178,63443.0,6.5433,298.08,71.319,0.59791,0.0,,35,,1.1581,0.18832,,,0.31879,0,,0,0,1,5,5,0,5.0,21068.0
18.6,42,100,75,0.0,123.28,210.02,0.0001,0,0.7,0,0.017577,11.151,0.00093708,58213,63489.0,6.5503,298.07,67.915,0.60771,0.0,,35,,1.1786,0.18802,,,0.32402,0,,0,0,1,5,5,0,5.0,20228.0
18.8,42,100,75,0.51955,61.642,208.87,0.0001,0,0.7,0,0.017037,11.065,0.00093624,58235,63522.0,6.5368,298.04,59.534,0.61757,0.0,,35,,1.2015,0.18769,,,0.32928,0,,0,0,1,5,5,0,5.0,21388.0
19.0,42,100,75,0.0,47.517,200.76,0.0001,0,0.7,0,0.016699,10.995,0.00093545,58254,63552.0,6.5147,298.01,51.733,0.62748,0.0,,35,,1.2167,0.18746,,,0.33458,0,,0,0,1,5,5,0,5.0,21382.0
19.2,42,100,75,0.0,42.2,192.38,0.0001,0,0.7,0,0.015922,10.981,0.00093468,58272,63581.0,6.4877,298.0,49.047,0.63742,0.0,,35,,1.2113,0.18751,,,0.33989,0,,0,0,1,5,5,0,5.0,22208.0
19.4,42,100,75,0.0,47.64,189.45,0.0001,0,0.7,0,0.01586,10.905,0.00093389,58291,63611.0,6.4685,298.01,53.052,0.64741,0.0,,35,,1.2237,0.18732,,,0.34522,0,,0,0,1,5,5,0,5.0,22035.0
19.6,42,100,75,0.0,60.745,194.57,0.0001,0,0.7,0,0.01537,10.888,0.00093305,58313,63644.0,6.4603,298.0,49.681,0.65744,0.0,,35,,1.2279,0.18725,,,0.35058,0,,0,0,1,5,5,0,5.0,21695.0
19.8,42,100,75,0.0,77.124,190.62,0.0001,0,0.7,0,0.01511,10.824,0.00093217,58338,63680.0,6.462,297.98,44.905,0.66751,0.0,,35,,1.2424,0.18703,,,0.35596,0,,0,0,1,5,5,0,5.0,20688.0
20.0,42,100,75,0.0,92.812,184.61,0.0001,0,0.7,0,0.014484,10.829,0.00093123,58366,63719.0,6.4701,297.97,42.448,0.67757,0.0,,35,,1.2399,0.18704,,,0.36134,0,,0,0,1,5,5,0,5.0,21681.0
20.2,55,100,150,0.0,105.29,180.95,0.0001,0,0.7,0,0.047414,9.8622,0.00093002,58412,63781.0,6.4557,298.09,72.623,0.54399,0.0,,35,,1.5595,0.18797,,,0.37975,0,,0,0,1,5,5,0,5.0,21008.0
20.4,55,100,150,0.0,123.62,218.55,0.0001,0,0.7,0,0.048285,9.6755,0.00092874,58462,63846.0,6.4408,298.18,98.117,0.54651,0.0,,35,,1.6397,0.18712,,,0.38152,0,,0,0,1,5,5,0,5.0,21668.0
20.6,55,100,150,0.0,147.83,253.43,0.0001,0,0.7,0,0.043349,9.6038,0.00092739,58516,63916.0,6.43,298.21,107.52,0.55711,0.0,,35,,1.6705,0.18678,,,0.38892,0,,0,0,1,5,5,0,5.0,21661.0
20.8,55,100,150,0.0,176.32,271.43,0.0001,0,0.7,0,0.039855,9.5773,0.00092595,58576,63992.0,6.4247,298.21,107.37,0.56821,0.0,,35,,1.674,0.18672,,,0.39669,0,,0,0,1,5,5,0,5.0,21821.0
21.0,55,100,150,0.0,206.96,279.01,0.0001,0,0.7,0,0.035603,9.5388,0.00092442,58642,64074.0,6.4223,298.19,99.942,0.57938,0.0,,35,,1.6936,0.18649,,,0.4045,0,,0,0,1,5,5,0,5.0,21481.0
21.2,55,100,150,0.0,225.0,277.57,0.0001,0,0.7,0,0.032811,9.5291,0.00092283,58711,64159.0,6.4217,298.18,97.037,0.59055,0.0,,35,,1.6914,0.18649,,,0.41231,0,,0,0,1,5,5,0,5.0,20640.0
21.4,55,100,150,0.0,225.0,281.06,0.0001,0,0.7,0,0.031765,9.4551,0.00092125,58781,64244.0,6.4211,298.16,93.144,0.60174,0.0,,35,,1.7,0.18638,,,0.42014,0,,0,0,1,5,5,0,5.0,21133.0
21.6,55,100,150,0.0,225.0,282.78,0.0001,0,0.7,0,0.02965,9.4084,0.00091968,58850,64330.0,6.4205,298.17,96.646,0.61302,0.0,,35,,1.7006,0.18635,,,0.42802,0,,0,0,1,5,5,0,5.0,20960.0
21.8,55,100,150,0.0,225.0,293.37,0.0001,0,0.7,0,0.027976,9.3256,0.0009181,58920,64415.0,6.4202,298.18,99.501,0.62437,0.0,,35,,1.7259,0.18606,,,0.43596,0,,0,0,1,5,5,0,5.0,21120.0
22.0,55,100,150,0.0,225.0,303.41,0.0001,0,0.7,0,0.025535,9.3156,0.00091653,58990,64500.0,6.4211,298.2,102.51,0.63572,0.0,,35,,1.7236,0.18607,,,0.4439,0,,0,0,1,5,5,0,5.0,21779.0
22.2,55,100,150,0.0,225.0,314.04,0.0001,0,0.7,0,0.024043,9.2469,0.00091497,59059,64585.0,6.4216,298.18,97.045,0.6471,0.0,,35,,1.7337,0.18594,,,0.45186,0,,0,0,1,5,5,0,5.0,20939.0
22.4,55,100,150,0.0,225.0,314.4,0.0001,0,0.7,0,0.024006,9.0997,0.00091341,59129,64671.0,6.4212,298.15,89.935,0.65861,0.0,,35,,1.7765,0.18546,,,0.45991,0,,0,0,1,5,5,0,5.0,20599.0
22.6,55,100,150,0.0,225.0,312.17,0.0001,0,0.7,0,0.022604,9.0595,0.00091185,59198,64756.0,6.4208,298.13,85.572,0.67022,0.0,,35,,1.7859,0.18534,,,0.46803,0,,0,0,1,5,5,0,5.0,20925.0
22.8,55,100,150,0.0,225.0,312.48,0.0001,0,0.7,0,0.021468,9.0344,0.0009103,59268,64841.0,6.4212,298.11,79.672,0.68182,0.0,,35,,1.7894,0.18528,,,0.47615,0,,0,0,1,5,5,0,5.0,21085.0
23.0,55,100,150,0.0,225.0,310.2,0.0001,0,0.7,0,0.02053,9.0351,0.00090875,59337,64926.0,6.4222,298.07,69.376,0.69335,0.0,,35,,1.7778,0.18539,,,0.48422,0,,0,0,1,5,5,0,5.0,21078.0
23.2,55,100,150,0.0,225.0,301.64,0.0001,0,0.7,0,0.019599,9.0082,0.00090721,59407,65012.0,6.4236,298.06,65.182,0.70487,0.0,,35,,1.7717,0.18543,,,0.49228,0,,0,0,1,5,5,0,5.0,21237.0
23.4,55,100,150,0.0,225.0,299.46,0.0001,0,0.7,0,0.019018,8.9303,0.00090568,59477,65097.0,6.4242,298.05,62.962,0.71641,0.0,,35,,1.7967,0.18514,,,0.50035,0,,0,0,1,5,5,0,5.0,21397.0
23.6,55,100,150,0.0,225.0,299.02,0.0001,0,0.7,0,0.017856,8.9324,0.00090414,59546,65182.0,6.4257,298.04,60.213,0.72791,0.0,,35,,1.7995,0.18509,,,0.5084,0,,0,0,1,5,5,0,5.0,20390.0
23.8,55,100,150,0.0,225.0,297.57,0.0001,0,0.7,0,0.016581,8.9269,0.00090261,59616,65267.0,6.4283,298.01,51.981,0.7393,0.0,,35,,1.8126,0.18493,,,0.51637,0,,0,0,1,5,5,0,5.0,21216.0
24.0,55,100,150,0.0,225.0,288.92,0.0001,0,0.7,0,0.016732,8.8033,0.00090109,59685,65352.0,6.4296,297.97,40.705,0.75074,0.0,1208.8,35,1786.5,1.8366,0.18466,0.00090721,9.0856,0.52438,0,22.062,0,0,1,5,5,0,5.0,20876.0
24.2,55,100,30,0.0,225.0,275.52,0.0001,0,0.7,0,0.0028344,11.965,0.021289,59731,65406.0,6.4691,297.68,1e-06,0.7579,0.0,,35,,0.94045,0.19402,,,0.52939,0,,0,0,1,5,5,0,5.0,20969.0
24.4,55,100,30,0.0,225.0,82.655,417.3,0,0.7,0,0.0028501,11.95,0.044828,59776,65459.0,6.5066,299.05,380.27,0.76232,0.0,,35,,0.83517,0.1951,,,0.53249,0,,0,0,1,5,5,0,5.0,20910.0
24.6,55,100,30,0.0,222.9,546.1,41.73,0,0.7,0,0.0028531,11.902,0.06819,59821,65512.0,6.5401,298.33,179.96,0.76658,0.0,,35,,0.8495,0.19495,,,0.53547,0,,0,0,1,5,5,0,5.0,22018.0
24.8,55,100,30,0.0,207.41,326.08,4.173,0,0.7,0,0.0028701,11.859,0.091566,59863,65563.0,6.5695,297.91,62.863,0.77083,0.0,,35,,0.86188,0.19481,,,0.53844,0,,0,0,1,5,5,0,5.0,20959.0
25.0,55,100,30,0.51776,103.7,97.825,290.77,0,0.7,0,0.0029245,11.692,0.11479,59885,65592.0,6.589,298.84,321.33,0.77511,0.0,,35,,0.90922,0.19431,,,0.54143,0,,0,0,1,5,5,0,5.0,22232.0
25.2,55,100,30,1.0366,51.852,418.47,29.077,0,0.8,0,0.0028631,12.455,0.13855,59896,65611.0,6.5842,298.34,183.3,0.77937,0.0,,35,,0.93357,0.19405,,,0.54442,0,,0,0,1,5,5,0,5.0,21342.0
25.4,55,100,30,1.5581,25.926,271.53,2.9077,0,0.8,0,0.0027836,12.425,0.16327,59902,65625.0,6.5527,298.02,95.605,0.78357,0.0,,35,,0.93577,0.19402,,,0.54736,0,,0,0,1,5,5,0,5.0,20789.0
25.6,55,100,30,2.0819,12.963,179.16,0.29077,0,0.8,0,0.0027384,12.392,0.18846,59905,65637.0,6.5086,297.87,51.379,0.78772,0.0,,35,,0.94718,0.1939,,,0.55026,0,,0,0,1,5,5,0,5.0,22239.0
25.8,55,100,30,0.0,10.085,53.749,174.86,0,0.8,0,0.0027237,12.365,0.21391,59908,65648.0,6.4681,298.5,227.85,0.79184,0.0,,35,,0.94955,0.19386,,,0.55315,0,,0,0,1,5,5,0,5.0,21190.0
26.0,55,100,30,0.0,23.355,268.89,17.486,0,0.8,0,0.0026692,12.364,0.23994,59913,65661.0,6.4443,298.25,157.03,0.79595,0.0,,35,,0.94865,0.19386,,,0.55602,0,,0,0,1,5,5,0,5.0,21144.0
26.2,55,100,30,0.0,46.089,195.03,1.7486,0,0.8,0,0.0026233,12.396,0.26637,59923,65679.0,6.4424,298.06,105.27,0.8,0.0,,35,,0.93526,0.19399,,,0.55886,0,,0,0,1,5,5,0,5.0,21600.0
26.4,55,100,30,0.0,69.583,141.95,0.17486,0,0.8,0,0.0025829,12.427,0.29325,59937,65702.0,6.458,297.96,78.814,0.80399,0.0,,35,,0.92203,0.19412,,,0.56166,0,,0,0,1,5,5,0,5.0,22225.0
26.6,55,100,30,0.0,86.854,112.77,0.017486,0,0.8,0,0.0025861,12.44,0.32021,59955,65728.0,6.4837,297.91,64.671,0.80796,0.0,,35,,0.90826,0.19426,,,0.56443,0,,0,0,1,5,5,0,5.0,22350.0
26.8,55,100,30,0.0,93.854,33.832,121.49,0,0.8,0,0.0025807,12.445,0.34742,59974,65755.0,6.5125,298.39,196.21,0.8119,0.0,,35,,0.90137,0.19432,,,0.56719,0,,0,0,1,5,5,0,5.0,23643.0
27.0,55,100,30,0.0,89.37,193.99,12.149,0,0.8,0,0.0025612,12.44,0.37479,59993,65781.0,6.537,298.22,149.53,0.81581,0.0,,35,,0.88964,0.19443,,,0.56993,0,,0,0,1,5,5,0,5.0,22770.0
27.2,55,100,30,0.0,75.086,147.1,1.2149,0,0.8,0,0.0025515,12.402,0.4024,60008,65805.0,6.556,298.1,116.47,0.8197,0.0,,35,,0.89839,0.19434,,,0.57266,0,,0,0,1,5,5,0,5.0,23732.0
27.4,55,100,30,0.51869,37.543,115.62,0.12149,0,0.8,0,0.0025191,12.335,0.4303,60016,65821.0,6.5469,298.03,97.925,0.82357,0.0,,35,,0.91964,0.19411,,,0.57536,0,,0,0,1,5,5,0,5.0,24029.0
27.6,55,100,30,0.0,19.386,97.297,0.012149,0,0.8,0,0.0024881,12.285,0.45862,60021,65833.0,6.5169,298.01,91.245,0.8274,0.0,,35,,0.93617,0.19393,,,0.57805,0,,0,0,1,5,5,0,5.0,22660.0
27.8,55,100,30,0.0,13.234,90.781,0.0012149,0,0.8,0,0.0024376,12.279,0.48747,60024,65845.0,6.4818,297.99,85.572,0.8312,0.0,,35,,0.93275,0.19396,,,0.58071,0,,0,0,1,5,5,0,5.0,23628.0
28.0,55,100,30,0.0,21.045,84.295,0.00012149,0,0.8,0,0.0023967,12.265,0.51676,60028,65857.0,6.4594,297.98,83.086,0.83496,0.0,,35,,0.94079,0.19387,,,0.58334,0,,0,0,1,5,5,0,5.0,23598.0
28.2,55,100,37,0.0,37.785,80.962,0.0001,0,0.8,0,0.0027759,12.037,0.54334,60038,65875.0,6.4544,297.99,86.369,0.83902,0.0,,35,,1.0083,0.19316,,,0.58618,0,,0,0,1,5,5,0,5.0,23888.0
28.4,55,100,37,0.0,56.489,84.347,0.0001,0,0.8,0,0.0027549,12.033,0.57015,60051,65897.0,6.466,297.99,85.252,0.84322,0.0,,35,,1.0232,0.193,,,0.58912,0,,0,0,1,5,5,0,5.0,23179.0
28.6,55,100,37,0.0,70.553,82.576,0.0001,0,0.8,0,0.0028121,12.002,0.59651,60067,65921.0,6.4882,297.98,82.986,0.84745,0.0,,35,,1.0316,0.1929,,,0.59208,0,,0,0,1,5,5,0,5.0,23135.0
28.8,55,100,37,0.0,75.76,79.352,0.0001,0,0.8,0,0.0028499,11.94,0.62259,60084,65947.0,6.51,297.98,83.563,0.85175,0.0,,35,,1.0524,0.19268,,,0.59509,0,,0,0,1,5,5,0,5.0,23922.0
29.0,55,100,37,0.0,72.263,79.37,0.0001,0,0.8,0,0.0028302,11.927,0.649,60101,65972.0,6.5271,297.98,83.072,0.85604,0.0,,35,,1.0558,0.19264,,,0.5981,0,,0,0,1,5,5,0,5.0,23378.0
29.2,55,100,37,0.0,61.939,78.069,0.0001,0,0.8,0,0.0028492,11.885,0.67544,60115,65995.0,6.5375,297.98,83.244,0.86032,0.0,,35,,1.067,0.19251,,,0.6011,0,,0,0,1,5,5,0,5.0,23501.0
29.4,55,100,37,0.0,47.485,77.55,0.0001,0,0.8,0,0.0028485,11.832,0.70212,60127,66015.0,6.5389,297.98,82.05,0.86461,0.0,,35,,1.0809,0.19236,,,0.6041,0,,0,0,1,5,5,0,5.0,23958.0
29.6,55,100,37,0.0,32.455,75.349,0.0001,0,0.8,0,0.002843,11.788,0.72912,60135,66032.0,6.5238,297.98,83.65,0.8689,0.0,,35,,1.0795,0.19237,,,0.60711,0,,0,0,1,5,5,0,5.0,24416.0
29.8,55,100,37,0.0,23.527,76.475,0.0001,0,0.8,0,0.0028056,11.752,0.75647,60142,66047.0,6.4987,297.99,84.88,0.8732,0.0,,35,,1.083,0.19232,,,0.61012,0,,0,0,1,5,5,0,5.0,24043.0
30.0,55,100,37,0.0,24.602,77.283,0.0001,0,0.8,0,0.0028193,11.72,0.78384,60148,66062.0,6.4774,297.99,85.671,0.8775,0.0,,35,,1.0914,0.19223,,,0.61313,0,,0,0,1,5,5,0,5.0,25337.0
30.2,55,100,37,0.0,34.135,77.724,0.0001,0,0.9,0,0.0028415,12.547,0.81094,60157,66079.0,6.4686,297.99,86.198,0.88181,0.0,,35,,1.0863,0.19227,,,0.61615,0,,0,0,1,5,5,0,5.0,24796.0
30.4,55,100,37,0.0,47.163,77.956,0.0001,0,0.9,0,0.0027923,12.584,0.83858,60169,66099.0,6.4738,297.99,84.976,0.88608,0.0,,35,,1.0605,0.19253,,,0.61914,0,,0,0,1,5,5,0,5.0,24925.0
30.6,55,100,37,0.0,58.108,76.11,0.0001,0,0.9,0,0.0028266,12.537,0.86613,60182,66121.0,6.4857,297.98,82.844,0.89037,0.0,,35,,1.0723,0.1924,,,0.62215,0,,0,0,1,5,5,0,5.0,25720.0
30.8,55,100,37,0.0,64.339,73.025,0.0001,0,0.9,0,0.0028334,12.529,0.89381,60197,66145.0,6.499,297.97,81.627,0.89468,0.0,,35,,1.0691,0.19242,,,0.62516,0,,0,0,1,5,5,0,5.0,25515.0
31.0,55,100,37,0.0,65.265,70.806,0.0001,0,0.9,0,0.0028179,12.502,0.92177,60212,66168.0,6.511,297.98,82.064,0.89898,0.0,,35,,1.075,0.19235,,,0.62817,0,,0,0,1,5,5,0,5.0,24978.0
31.2,55,100,37,0.0,61.384,70.44,0.0001,0,0.9,0,0.0028389,12.455,0.94954,60226,66191.0,6.5185,297.98,82.562,0.90328,0.0,,35,,1.0922,0.19217,,,0.63119,0,,0,0,1,5,5,0,5.0,25607.0
31.4,55,100,37,0.0,54.503,70.162,0.0001,0,0.9,0,0.0028728,12.389,0.97725,60239,66213.0,6.5217,297.98,83.993,0.90762,0.0,,35,,1.1115,0.19196,,,0.63423,0,,0,0,1,5,5,0,5.0,25736.0
31.6,55,100,37,0.0,46.346,71.098,0.0001,0,0.9,0,0.0028768,12.342,1.0051,60250,66233.0,6.517,297.99,86.61,0.91198,0.0,,35,,1.1238,0.19182,,,0.63728,0,,0,0,1,5,5,0,5.0,25532.0
31.8,55,100,37,0.0,40.099,73.661,0.0001,0,0.9,0,0.0028748,12.303,1.033,60260,66251.0,6.505,298.0,88.619,0.91633,0.0,,35,,1.1359,0.19169,,,0.64033,0,,0,0,1,5,5,0,5.0,26329.0
32.0,55,100,37,0.0,38.649,75.793,0.0001,0,0.9,0,0.0028365,12.283,1.0616,60270,66270.0,6.4925,298.0,89.508,0.92067,0.0,,35,,1.1368,0.19167,,,0.64337,0,,0,0,1,5,5,0,5.0,25462.0
32.2,55,100,43,0.0,42.163,76.831,0.0001,0,0.9,0,0.0032454,12.05,1.0853,60281,66290.0,6.4842,298.02,95.323,0.92531,0.0,,35,,1.1975,0.19103,,,0.64662,0,,0,0,1,5,5,0,5.0,25238.0
32.4,55,100,43,0.0,49.004,84.078,0.0001,0,0.9,0,0.0032232,12.026,1.1092,60294,66312.0,6.4825,298.03,97.033,0.93011,0.0,,35,,1.2141,0.19085,,,0.64998,0,,0,0,1,5,5,0,5.0,25848.0
32.6,55,100,43,0.0,56.518,86.921,0.0001,0,0.9,0,0.0031099,12.044,1.1347,60309,66336.0,6.486,298.03,96.714,0.93486,0.0,,35,,1.2075,0.19091,,,0.65331,0,,0,0,1,5,5,0,5.0,26466.0
32.8,55,100,43,0.0,62.623,87.606,0.0001,0,0.9,0,0.0031569,12.022,1.1598,60324,66360.0,6.4917,298.03,96.125,0.9396,0.0,,35,,1.2019,0.19096,,,0.65663,0,,0,0,1,5,5,0,5.0,27415.0
33.0,55,100,43,0.0,66.441,87.971,0.0001,0,0.9,0,0.0031238,12.004,1.1855,60341,66386.0,6.4997,298.02,95.274,0.94433,0.0,,35,,1.2101,0.19086,,,0.65995,0,,0,0,1,5,5,0,5.0,27534.0
33.2,55,100,43,0.0,67.094,87.943,0.0001,0,0.9,0,0.0030673,12.013,1.2119,60357,66411.0,6.5099,298.03,95.702,0.94902,0.0,,35,,1.1969,0.19099,,,0.66324,0,,0,0,1,5,5,0,5.0,26157.0
33.4,55,100,43,0.0,63.648,89.38,0.0001,0,0.9,0,0.0030623,11.991,1.2388,60373,66436.0,6.5165,298.02,94.783,0.95369,0.0,,35,,1.1912,0.19104,,,0.66651,0,,0,0,1,5,5,0,5.0,26448.0
33.6,55,100,43,0.0,57.594,89.185,0.0001,0,0.9,0,0.0030995,11.921,1.2654,60388,66460.0,6.5171,298.02,93.802,0.95839,0.0,,35,,1.212,0.19082,,,0.6698,0,,0,0,1,5,5,0,5.0,26238.0
33.8,55,100,43,0.0,51.28,88.827,0.0001,0,0.9,0,0.0030629,11.88,1.2925,60401,66482.0,6.5133,298.02,94.142,0.96309,0.0,,35,,1.2222,0.1907,,,0.6731,0,,0,0,1,5,5,0,5.0,27030.0
34.0,55,100,43,0.0,46.48,89.963,0.0001,0,0.9,0,0.0030351,11.877,1.3202,60413,66504.0,6.5064,298.02,92.883,0.96776,0.0,,35,,1.2152,0.19077,,,0.67637,0,,0,0,1,5,5,0,5.0,27326.0
34.2,55,100,43,0.0,44.456,89.145,0.0001,0,0.9,0,0.0029764,11.848,1.3489,60425,66525.0,6.4972,298.01,92.7,0.9724,0.0,,35,,1.2225,0.19068,,,0.67962,0,,0,0,1,5,5,0,5.0,27626.0
34.4,55,100,43,0.0,46.119,89.524,0.0001,0,0.9,0,0.0030066,11.785,1.3775,60438,66546.0,6.491,298.03,96.101,0.97705,0.0,,35,,1.2427,0.19046,,,0.68288,0,,0,0,1,5,5,0,5.0,27093.0
34.6,55,100,43,0.0,50.219,94.244,0.0001,0,0.9,0,0.0030247,11.741,1.4061,60451,66568.0,6.4878,298.04,98.823,0.98174,0.0,,35,,1.2573,0.1903,,,0.68616,0,,0,0,1,5,5,0,5.0,27892.0
34.8,55,100,43,0.0,55.612,98.487,0.0001,0,0.9,0,0.0029503,11.753,1.4356,60465,66592.0,6.4889,298.04,98.839,0.9864,0.0,,35,,1.2525,0.19034,,,0.68943,0,,0,0,1,5,5,0,5.0,27197.0
35.0,55,100,43,0.0,60.569,99.795,0.0001,0,0.9,0,0.0029155,11.743,1.4658,60480,66616.0,6.493,298.04,100.34,0.99103,0.0,,35,,1.241,0.19045,,,0.69268,0,,0,0,1,5,5,0,5.0,28171.0
35.2,55,100,43,0.0,63.888,103.0,0.0001,0,0.9,0,0.0029167,11.712,1.4959,60496,66641.0,6.4996,298.04,99.153,0.99568,0.0,,35,,1.2447,0.19041,,,0.69594,0,,0,0,1,5,5,0,5.0,27645.0
35.4,55,100,43,0.0,64.546,103.07,0.0001,0,0.9,0,0.0029501,11.653,1.5258,60512,66666.0,6.5089,298.04,99.698,1.0004,0.0,,35,,1.2635,0.1902,,,0.69922,0,,0,0,1,5,5,0,5.0,28951.0
35.6,55,100,43,0.0,61.503,105.17,0.0001,0,0.9,0,0.0029195,11.639,1.5561,60527,66691.0,6.5135,298.04,100.75,1.0051,0.0,,35,,1.2609,0.19022,,,0.7025,0,,0,0,1,5,5,0,5.0,28426.0
35.8,55,100,43,0.0,56.646,107.92,0.0001,0,0.9,0,0.0029037,11.611,1.5868,60542,66715.0,6.5144,298.05,102.12,1.0097,0.0,,35,,1.2591,0.19023,,,0.70578,0,,0,0,1,5,5,0,5.0,28569.0
36.0,55,100,43,0.0,51.433,111.19,0.0001,0,0.9,0,0.0028353,11.6,1.6184,60555,66737.0,6.5102,298.04,100.56,1.0144,0.0,737.04,35,1720.7,1.2549,0.19026,1.4959,12.729,0.70903,0,35.628,0,0,1,5,5,0,5.0,28051.0
36.2,55,100,47,0.0,47.896,111.04,0.0001,0,0.9,0,0.003145,11.41,1.6462,60569,66760.0,6.5018,298.06,104.64,1.0192,0.0,,35,,1.2915,0.18987,,,0.71244,0,,0,0,1,5,5,0,5.0,28013.0
36.4,55,100,47,0.0,47.724,117.66,0.0001,0,0.9,0,0.0030788,11.412,1.6747,60582,66783.0,6.4924,298.05,102.15,1.0242,0.0,,35,,1.2927,0.18985,,,0.7159,0,,0,0,1,5,5,0,5.0,28979.0
36.6,55,100,47,0.0,51.306,116.65,0.0001,0,0.9,0,0.0029968,11.43,1.7046,60596,66806.0,6.4882,298.03,97.794,1.029,0.0,,35,,1.2917,0.18985,,,0.71931,0,,0,0,1,5,5,0,5.0,28618.0
36.8,55,100,47,0.0,56.526,113.19,0.0001,0,0.9,0,0.0029566,11.427,1.7352,60611,66831.0,6.4876,298.02,93.884,1.0338,0.0,,35,,1.287,0.18989,,,0.72267,0,,0,0,1,5,5,0,5.0,28761.0
37.0,55,100,47,0.0,62.007,109.75,0.0001,0,0.9,0,0.0029725,11.413,1.7659,60628,66857.0,6.4902,298.01,90.962,1.0386,0.0,,35,,1.2848,0.18991,,,0.72603,0,,0,0,1,5,5,0,5.0,28905.0
37.2,55,100,47,0.0,66.422,107.0,0.0001,0,0.9,0,0.0029415,11.407,1.797,60645,66883.0,6.4958,298.0,89.778,1.0434,0.0,,35,,1.2843,0.1899,,,0.72937,0,,0,0,1,5,5,0,5.0,29550.0
37.4,55,100,47,0.0,68.626,105.95,0.0001,0,0.9,0,0.0029135,11.388,1.8287,60662,66910.0,6.5048,298.0,88.444,1.0481,0.0,,35,,1.2877,0.18986,,,0.73269,0,,0,0,1,5,5,0,5.0,29532.0
37.6,55,100,47,0.0,67.203,104.51,0.0001,0,0.9,0,0.0028853,11.351,1.8611,60680,66937.0,6.5113,298.0,87.952,1.0528,0.0,,35,,1.2951,0.18977,,,0.73601,0,,0,0,1,5,5,0,5.0,29850.0
37.8,55,100,47,0.0,63.23,103.93,0.0001,0,0.9,0,0.0028425,11.335,1.8942,60696,66963.0,6.5146,297.99,85.099,1.0575,0.0,,35,,1.2955,0.18976,,,0.73931,0,,0,0,1,5,5,0,5.0,30005.0
38.0,55,100,47,0.0,57.902,100.38,0.0001,0,0.9,0,0.0027706,11.315,1.9283,60712,66988.0,6.5157,297.98,82.612,1.0622,0.0,,35,,1.301,0.18969,,,0.74257,0,,0,0,1,5,5,0,5.0,30332.0
38.2,55,100,47,0.0,52.167,96.967,0.0001,0,0.9,0,0.0027508,11.264,1.9629,60726,67011.0,6.5129,297.99,84.671,1.0668,0.0,,35,,1.3156,0.18953,,,0.74582,0,,0,0,1,5,5,0,5.0,30495.0
38.4,55,100,47,0.0,47.528,98.754,0.0001,0,0.9,0,0.0027513,11.213,1.9976,60739,67034.0,6.5057,297.99,86.798,1.0715,0.0,,35,,1.3324,0.18935,,,0.74907,0,,0,0,1,5,5,0,5.0,29991.0
38.6,55,100,47,0.0,45.784,100.77,0.0001,0,0.9,0,0.0027179,11.197,2.0329,60752,67057.0,6.4962,298.0,89.441,1.0761,0.0,,35,,1.3346,0.18932,,,0.7523,0,,0,0,1,5,5,0,5.0,31157.0
38.8,55,100,47,0.0,47.831,103.7,0.0001,0,0.9,0,0.0026455,11.207,2.0688,60766,67079.0,6.4881,298.0,89.031,1.0806,0.0,,35,,1.3353,0.1893,,,0.75549,0,,0,0,1,5,5,0,5.0,30659.0
39.0,55,100,47,0.0,53.105,103.25,0.0001,0,0.9,0,0.0026818,11.158,2.1043,60780,67103.0,6.4844,298.01,90.213,1.0852,0.0,,35,,1.3472,0.18917,,,0.75869,0,,0,0,1,5,5,0,5.0,30493.0
39.2,55,100,47,0.0,59.834,104.76,0.0001,0,0.9,0,0.0027204,11.112,2.1395,60796,67128.0,6.4827,298.01,90.723,1.0898,0.0,,35,,1.355,0.18908,,,0.76192,0,,0,0,1,5,5,0,5.0,30491.0
39.4,55,100,47,0.0,67.281,105.56,0.0001,0,0.9,0,0.0027721,11.073,2.1742,60813,67155.0,6.4851,298.01,91.59,1.0945,0.0,,35,,1.3528,0.18909,,,0.76521,0,,0,0,1,5,5,0,5.0,31321.0
39.6,55,100,47,0.0,73.736,106.89,0.0001,0,0.9,0,0.0027689,11.068,2.2089,60832,67183.0,6.4921,298.01,91.672,1.0992,0.0,,35,,1.3465,0.18915,,,0.76852,0,,0,0,1,5,5,0,5.0,30818.0
39.8,55,100,47,0.0,77.421,107.37,0.0001,0,0.9,0,0.0027703,11.054,2.2437,60851,67212.0,6.5022,298.01,91.097,1.1039,0.0,,35,,1.3457,0.18915,,,0.77183,0,,0,0,1,5,5,0,5.0,31814.0
40.0,55,100,47,0.0,77.065,107.07,0.0001,0,0.9,0,0.0027016,11.077,2.2795,60871,67241.0,6.5112,298.02,92.924,1.1086,0.0,,35,,1.3299,0.1893,,,0.7751,0,,0,0,1,5,5,0,5.0,32316.0
40.2,60,100,51,0.0,73.089,109.64,0.0001,0,1.1,0,0.0029511,12.707,2.3121,60892,67272.0,6.5176,298.02,95.31,1.0281,10.0,,35,,1.3739,0.19019,,,0.78396,0,,0,0,1,5,5,0,5.0,32135.0
40.4,60,100,51,0.0,66.558,113.07,0.0001,0,1.1,0,0.002873,12.72,2.3459,60912,67302.0,6.5205,298.04,98.636,1.0283,10.0,,35,,1.3476,0.19044,,,0.78417,0,,0,0,1,5,5,0,5.0,31461.0
40.6,60,100,51,0.0,58.904,117.93,0.0001,0,1.1,0,0.0028577,12.683,2.3802,60930,67330.0,6.5179,298.04,100.04,1.0326,10.0,,35,,1.3434,0.19047,,,0.78742,0,,0,0,1,5,5,0,5.0,32288.0
40.8,60,100,51,0.0,52.263,120.88,0.0001,0,1.1,0,0.0028453,12.658,2.4148,60947,67357.0,6.5118,298.05,103.51,1.0371,10.0,,35,,1.3378,0.19052,,,0.79085,0,,0,0,1,5,5,0,5.0,32117.0
41.0,60,100,51,0.0,48.088,126.56,0.0001,0,1.1,0,0.0028041,12.656,2.4501,60964,67382.0,6.5011,298.06,106.94,1.0415,10.0,,35,,1.3289,0.19059,,,0.79425,0,,0,0,1,5,5,0,5.0,31950.0
41.2,60,100,51,0.0,48.202,132.6,0.0001,0,1.1,0,0.0027858,12.64,2.486,60980,67408.0,6.4895,298.08,111.38,1.0459,10.0,,35,,1.3232,0.19064,,,0.79764,0,,0,0,1,5,5,0,5.0,32285.0
41.4,60,100,51,0.0,52.914,140.32,0.0001,0,1.1,0,0.0027384,12.626,2.5229,60997,67435.0,6.4849,298.08,111.33,1.0504,10.0,,35,,1.324,0.19062,,,0.80102,0,,0,0,1,5,5,0,5.0,32626.0
41.6,60,100,51,0.0,59.436,143.14,0.0001,0,1.1,0,0.0027348,12.612,2.56,61016,67464.0,6.4864,298.07,107.06,1.0548,10.0,,35,,1.323,0.19062,,,0.80439,0,,0,0,1,5,5,0,5.0,32634.0
41.8,60,100,51,0.0,65.387,140.98,0.0001,0,1.1,0,0.0027651,12.576,2.5966,61035,67493.0,6.4933,298.05,102.79,1.0592,10.0,,35,,1.3264,0.19058,,,0.80779,0,,0,0,1,5,5,0,5.0,32973.0
42.0,60,100,51,0.0,68.574,138.36,0.0001,0,1.1,0,0.0027544,12.55,2.6335,61056,67523.0,6.5002,298.04,99.581,1.0637,10.0,,35,,1.3334,0.19051,,,0.8112,0,,0,0,1,5,5,0,5.0,33146.0
42.2,60,100,51,0.0,69.023,136.47,0.0001,0,1.1,0,0.0027043,12.556,2.6713,61076,67553.0,6.5072,298.03,97.817,1.0681,10.0,,35,,1.3321,0.19051,,,0.81457,0,,0,0,1,5,5,0,5.0,33991.0
42.4,60,100,51,0.0,66.645,135.87,0.0001,0,1.1,0,0.0027116,12.509,2.7091,61096,67583.0,6.5122,298.04,100.46,1.0725,10.0,,35,,1.3367,0.19046,,,0.81794,0,,0,0,1,5,5,0,5.0,34503.0
42.6,60,100,51,0.0,62.306,140.34,0.0001,0,1.1,0,0.0027454,12.436,2.7467,61115,67612.0,6.5129,298.05,102.34,1.0769,10.0,,35,,1.3512,0.19031,,,0.82135,0,,0,0,1,5,5,0,5.0,33847.0
42.8,60,100,51,0.0,57.676,144.11,0.0001,0,1.1,0,0.0027488,12.404,2.7844,61133,67640.0,6.5104,298.05,102.99,1.0814,10.0,,35,,1.3539,0.19028,,,0.82478,0,,0,0,1,5,5,0,5.0,33691.0
43.0,60,100,51,0.0,54.053,146.67,0.0001,0,1.1,0,0.0027455,12.368,2.8221,61151,67668.0,6.5043,298.05,101.58,1.0859,10.0,,35,,1.3548,0.19026,,,0.82822,0,,0,0,1,5,5,0,5.0,34035.0
43.2,60,100,51,0.0,52.875,146.85,0.0001,0,1.1,0,0.0027615,12.332,2.8598,61168,67695.0,6.4999,298.05,103.66,1.0904,10.0,,35,,1.3575,0.19023,,,0.83166,0,,0,0,1,5,5,0,5.0,34213.0
43.4,60,100,51,0.0,53.422,151.11,0.0001,0,1.1,0,0.0027998,12.292,2.8969,61185,67722.0,6.4969,298.04,101.1,1.095,10.0,,35,,1.3646,0.19015,,,0.83513,0,,0,0,1,5,5,0,5.0,33888.0
43.6,60,100,51,0.0,55.186,149.96,0.0001,0,1.1,0,0.0027828,12.286,2.9343,61203,67749.0,6.4947,298.05,102.23,1.0995,10.0,,35,,1.3629,0.19016,,,0.83859,0,,0,0,1,5,5,0,5.0,34231.0
43.8,60,100,51,0.0,57.834,153.05,0.0001,0,1.1,0,0.0027941,12.26,2.9714,61221,67778.0,6.4948,298.05,102.69,1.104,10.0,,35,,1.3634,0.19014,,,0.84206,0,,0,0,1,5,5,0,5.0,34905.0
44.0,60,100,51,0.0,60.434,155.38,0.0001,0,1.1,0,0.0027395,12.271,3.0094,61240,67806.0,6.4959,298.05,101.39,1.1085,10.0,,35,,1.3518,0.19025,,,0.8455,0,,0,0,1,5,5,0,5.0,35251.0
44.2,60,100,57,0.0,62.61,155.66,0.0001,0,1.1,0,0.0032107,11.954,3.0401,61260,67837.0,6.4986,298.06,106.77,1.1134,10.0,,35,,1.4223,0.18956,,,0.84923,0,,0,0,1,5,5,0,5.0,36228.0
44.4,60,100,57,0.0,63.692,163.88,0.0001,0,1.1,0,0.0031262,11.958,3.0719,61281,67868.0,6.4992,298.08,111.1,1.1184,10.0,,35,,1.4255,0.18952,,,0.85308,0,,0,0,1,5,5,0,5.0,35043.0
44.6,60,100,57,0.0,64.546,171.35,0.0001,0,1.1,0,0.0031895,11.91,3.1025,61301,67899.0,6.5009,298.08,111.1,1.1235,10.0,,35,,1.4217,0.18955,,,0.85696,0,,0,0,1,5,5,0,5.0,35853.0
44.8,60,100,57,0.0,64.722,174.21,0.0001,0,1.1,0,0.0031742,11.9,3.1335,61322,67930.0,6.5017,298.08,111.68,1.1286,10.0,,35,,1.4177,0.18958,,,0.86084,0,,0,0,1,5,5,0,5.0,35998.0
45.0,60,100,57,0.0,64.565,177.87,0.0001,0,1.1,0,0.0032146,11.845,3.164,61343,67961.0,6.503,298.09,113.52,1.1337,10.0,,35,,1.4239,0.18951,,,0.86475,0,,0,0,1,5,5,0,5.0,36473.0
45.2,60,100,57,0.0,63.89,183.1,0.0001,0,1.1,0,0.0031816,11.824,3.1952,61363,67993.0,6.5035,298.08,112.43,1.1388,10.0,,35,,1.4272,0.18947,,,0.86866,0,,0,0,1,5,5,0,5.0,36452.0
45.4,60,100,57,0.0,63.025,185.03,0.0001,0,1.1,0,0.0031184,11.798,3.2277,61384,68023.0,6.5038,298.08,112.12,1.1438,10.0,,35,,1.4326,0.18941,,,0.87254,0,,0,0,1,5,5,0,5.0,35937.0
45.6,60,100,57,0.0,62.006,187.82,0.0001,0,1.1,0,0.0032235,11.693,3.2584,61404,68054.0,6.5038,298.07,109.56,1.149,10.0,,35,,1.4562,0.18917,,,0.87649,0,,0,0,1,5,5,0,5.0,36247.0
45.8,60,100,57,0.0,61.019,187.85,0.0001,0,1.1,0,0.003252,11.649,3.2885,61424,68085.0,6.5026,298.07,108.03,1.1542,10.0,,35,,1.4614,0.18911,,,0.88048,0,,0,0,1,5,5,0,5.0,35721.0
46.0,60,100,57,0.0,60.514,188.85,0.0001,0,1.1,0,0.0031562,11.679,3.3204,61444,68115.0,6.5007,298.06,104.19,1.1594,10.0,,35,,1.4442,0.18927,,,0.88444,0,,0,0,1,5,5,0,5.0,37037.0
46.2,60,100,57,0.0,60.737,186.85,0.0001,0,1.1,0,0.0030685,11.673,3.3539,61464,68146.0,6.4978,298.04,100.89,1.1645,10.0,,35,,1.4478,0.18922,,,0.88833,0,,0,0,1,5,5,0,5.0,37361.0
46.4,60,100,57,0.0,62.136,185.05,0.0001,0,1.1,0,0.0031149,11.628,3.3869,61484,68177.0,6.4951,298.04,98.452,1.1696,10.0,,35,,1.4498,0.1892,,,0.89223,0,,0,0,1,5,5,0,5.0,36682.0
46.6,60,100,57,0.0,64.609,183.85,0.0001,0,1.1,0,0.0029961,11.664,3.4219,61505,68208.0,6.4939,298.02,95.197,1.1746,10.0,,35,,1.4371,0.18931,,,0.89608,0,,0,0,1,5,5,0,5.0,37513.0
46.8,60,100,57,0.0,67.552,181.32,0.0001,0,1.1,0,0.0029996,11.642,3.4568,61526,68240.0,6.4938,298.02,93.962,1.1796,10.0,,35,,1.4356,0.18931,,,0.89991,0,,0,0,1,5,5,0,5.0,37177.0
47.0,60,100,57,0.0,70.552,180.82,0.0001,0,1.1,0,0.0029008,11.674,3.4935,61548,68272.0,6.4956,298.02,94.837,1.1845,10.0,,35,,1.4255,0.1894,,,0.90368,0,,0,0,1,5,5,0,5.0,36349.0
47.2,60,100,57,0.0,72.828,182.63,0.0001,0,1.1,0,0.0028958,11.63,3.5304,61570,68305.0,6.4979,298.03,96.58,1.1894,10.0,,35,,1.4321,0.18933,,,0.90744,0,,0,0,1,5,5,0,5.0,37690.0
47.4,60,100,57,0.0,74.185,185.54,0.0001,0,1.1,0,0.0028931,11.588,3.5675,61593,68338.0,6.5008,298.04,99.131,1.1944,10.0,,35,,1.4468,0.18918,,,0.91121,0,,0,0,1,5,5,0,5.0,36698.0
47.6,60,100,57,0.0,74.372,189.62,0.0001,0,1.1,0,0.0028896,11.563,3.6047,61616,68372.0,6.5028,298.04,101.22,1.1993,10.0,,35,,1.4471,0.18916,,,0.91498,0,,0,0,1,5,5,0,5.0,37540.0
47.8,60,100,57,0.0,73.762,193.46,0.0001,0,1.1,0,0.0027589,11.611,3.6436,61638,68405.0,6.5063,298.03,97.421,1.2041,10.0,,35,,1.4304,0.18931,,,0.91869,0,,0,0,1,5,5,0,5.0,38723.0
48.0,60,100,57,0.0,71.762,190.53,0.0001,0,1.1,0,0.0027411,11.583,3.6833,61660,68437.0,6.5083,298.02,94.865,1.2089,10.0,758.92,35,1780.6,1.4317,0.18929,3.5304,16.387,0.92235,0,49.84,0,0,1,5,5,0,5.0,38077.0
48.2,60,100,61,0.0,68.96,188.76,0.0001,0,1.1,0,0.0029928,11.374,3.7193,61683,68470.0,6.5069,298.01,92.571,1.2139,10.0,,35,,1.4712,0.18891,,,0.92617,0,,0,0,1,5,5,0,5.0,38413.0
48.4,60,100,61,0.0,66.724,186.93,0.0001,0,1.1,0,0.0029326,11.376,3.7561,61705,68503.0,6.5035,298.01,90.871,1.219,10.0,,35,,1.4691,0.18892,,,0.93005,0,,0,0,1,5,5,0,5.0,38253.0
48.6,60,100,61,0.0,65.846,185.51,0.0001,0,1.1,0,0.0028811,11.394,3.7942,61726,68535.0,6.5013,297.99,85.91,1.224,10.0,,35,,1.4532,0.18906,,,0.93389,0,,0,0,1,5,5,0,5.0,39266.0
48.8,60,100,61,0.0,65.84,179.97,0.0001,0,1.1,0,0.0028486,11.377,3.8335,61748,68568.0,6.5,297.98,82.901,1.229,10.0,,35,,1.4463,0.18911,,,0.93769,0,,0,0,1,5,5,0,5.0,38618.0
49.0,60,100,61,0.0,66.355,176.19,0.0001,0,1.1,0,0.0028384,11.34,3.8732,61770,68601.0,6.4986,297.99,84.317,1.2339,10.0,,35,,1.4499,0.18907,,,0.9415,0,,0,0,1,5,5,0,5.0,38472.0
49.2,60,100,61,0.0,67.42,177.26,0.0001,0,1.1,0,0.0027902,11.322,3.9137,61792,68633.0,6.4976,297.98,82.119,1.2389,10.0,,35,,1.4595,0.18897,,,0.94528,0,,0,0,1,5,5,0,5.0,39663.0
49.4,60,100,61,0.0,68.893,174.08,0.0001,0,1.1,0,0.0027674,11.307,3.9547,61814,68666.0,6.4976,297.96,75.778,1.2438,10.0,,35,,1.4682,0.18888,,,0.94904,0,,0,0,1,5,5,0,5.0,39357.0
49.6,60,100,61,0.0,70.372,165.78,0.0001,0,1.1,0,0.0027286,11.329,3.9964,61837,68700.0,6.4991,297.95,72.602,1.2486,10.0,,35,,1.4597,0.18895,,,0.95274,0,,0,0,1,5,5,0,5.0,38887.0
49.8,60,100,61,0.0,71.257,49.734,174.46,0,1.1,0,0.0027167,11.322,4.0385,61860,68733.0,6.5012,298.61,265.83,1.2534,10.0,,35,,1.4622,0.18892,,,0.95641,0,,0,0,1,5,5,0,5.0,39920.0
50.0,60,100,61,0.0,71.291,277.76,17.446,0,1.1,0,0.0027648,11.228,4.0797,61883,68766.0,6.5039,298.5,233.57,1.2582,10.0,,35,,1.4891,0.18865,,,0.9601,0,,0,0,1,5,5,0,5.0,39781.0
50.2,60,100,61,0.0,70.259,257.35,1.7446,500,1.1,0,0.0026858,12.737,4.1154,62005,68900.0,6.5025,298.25,160.32,1.263,10.0,,35,,1.1647,0.19172,,,0.96377,0,,0,0,1,5,5,0,5.0,40455.0
50.4,60,100,61,0.0,69.793,189.93,0.17446,500,1.1,0,0.0026847,12.744,4.1513,62127,69033.0,6.5017,298.07,109.27,1.2678,10.0,,35,,1.1345,0.192,,,0.96741,0,,0,0,1,5,5,0,5.0,40297.0
50.6,60,100,61,0.0,69.638,140.63,0.017446,500,1.1,0,0.0026551,12.769,4.1874,62250,69166.0,6.5014,297.97,80.037,1.2725,10.0,,35,,1.1373,0.19196,,,0.97103,0,,0,0,1,5,5,0,5.0,39640.0
50.8,60,100,61,0.0,69.608,110.1,0.0017446,500,1.1,0,0.0026821,12.742,4.2231,62372,69299.0,6.5008,297.91,60.4,1.2772,10.0,,35,,1.1571,0.19177,,,0.97466,0,,0,0,1,5,5,0,5.0,41481.0
51.0,60,100,61,0.0,69.824,33.029,124.02,500,1.1,0,0.002734,12.714,4.2583,62495,69432.0,6.5002,298.32,180.68,1.282,10.0,,35,,1.1675,0.19166,,,0.97834,0,,0,0,1,5,5,0,5.0,41819.0
51.2,60,100,61,0.0,70.263,171.77,12.402,500,1.1,0,0.0027107,12.719,4.2937,62617,69565.0,6.4988,298.2,147.21,1.2869,10.0,,35,,1.1752,0.19158,,,0.98204,0,,0,0,1,5,5,0,5.0,41325.0
51.4,60,100,61,0.0,71.269,141.19,1.2402,500,1.1,0,0.0026688,12.746,4.3299,62740,69699.0,6.4985,298.09,112.72,1.2917,10.0,,35,,1.1769,0.19155,,,0.98572,0,,0,0,1,5,5,0,5.0,41002.0
51.6,60,100,61,0.0,72.391,109.16,0.12402,500,1.1,0,0.0026566,12.769,4.3662,62863,69833.0,6.4983,298.0,88.662,1.2965,10.0,,35,,1.173,0.19158,,,0.98939,0,,0,0,1,5,5,0,5.0,41679.0
51.8,60,100,61,0.0,73.581,85.063,0.012402,500,1.1,0,0.0026591,12.765,4.4024,62986,69967.0,6.498,297.95,72.496,1.3013,10.0,,35,,1.1863,0.19145,,,0.99306,0,,0,0,1,5,5,0,5.0,41022.0
52.0,60,100,61,0.0,74.897,25.519,91.311,500,1.1,0,0.0027214,12.738,4.4375,63110,70101.0,6.4977,298.26,163.95,1.3061,10.0,,35,,1.2026,0.19128,,,0.99677,0,,0,0,1,5,5,0,5.0,42360.0
52.2,60,100,65,0.0,76.346,130.72,9.1311,500,1.1,0,0.0029789,12.561,4.4684,63234,70236.0,6.4965,298.19,142.83,1.3112,10.0,,35,,1.2494,0.19083,,,1.0007,0,,0,0,1,5,5,0,5.0,41677.0
52.4,60,100,65,0.0,78.272,113.48,0.91311,500,1.1,0,0.003001,12.536,4.4986,63359,70373.0,6.4948,298.12,121.63,1.3165,10.0,,35,,1.2741,0.19058,,,1.0047,0,,0,0,1,5,5,0,5.0,41824.0
52.6,60,100,65,0.0,80.882,96.393,0.091311,500,1.1,0,0.0029041,12.594,4.5309,63484,70509.0,6.4936,298.06,105.06,1.3217,10.0,,35,,1.2778,0.19054,,,1.0087,0,,0,0,1,5,5,0,5.0,41981.0
52.8,60,100,65,0.0,83.977,82.038,0.0091311,500,1.1,0,0.0028284,12.668,4.5645,63610,70646.0,6.4948,298.02,94.135,1.3268,10.0,,35,,1.264,0.19066,,,1.0127,0,,0,0,1,5,5,0,5.0,41978.0
53.0,60,100,65,0.0,86.551,72.058,0.00091311,500,1.1,0,0.0028335,12.686,4.5982,63737,70784.0,6.4958,298.0,87.073,1.3319,10.0,,35,,1.2657,0.19063,,,1.0165,0,,0,0,1,5,5,0,5.0,42143.0
53.2,60,100,65,0.0,88.741,65.044,0.0001,500,1.1,0,0.0027891,12.697,4.6325,63864,70922.0,6.4971,297.98,82.031,1.337,10.0,,35,,1.2835,0.19046,,,1.0204,0,,0,0,1,5,5,0,5.0,43143.0
53.4,60,100,65,0.0,90.422,59.391,0.0001,500,1.1,0,0.0028283,12.665,4.6666,63991,71060.0,6.498,297.97,78.698,1.342,10.0,,35,,1.2957,0.19033,,,1.0243,0,,0,0,1,5,5,0,5.0,42310.0
53.6,60,100,65,0.0,91.754,55.031,0.0001,500,1.1,0,0.0028609,12.657,4.7004,64119,71199.0,6.4987,297.97,78.44,1.3472,10.0,,35,,1.2918,0.19036,,,1.0283,0,,0,0,1,5,5,0,5.0,43307.0
53.8,60,100,65,0.0,92.804,53.75,0.0001,500,1.1,0,0.0028313,12.684,4.7345,64246,71338.0,6.4999,297.97,79.18,1.3524,10.0,,35,,1.2862,0.1904,,,1.0322,0,,0,0,1,5,5,0,5.0,43807.0
54.0,60,100,65,0.0,93.368,53.504,0.0001,500,1.1,0,0.0028099,12.683,4.7692,64374,71477.0,6.5008,297.98,80.394,1.3576,10.0,,35,,1.2967,0.19029,,,1.0362,0,,0,0,1,5,5,0,5.0,43310.0
54.2,60,100,65,0.0,93.579,53.865,0.0001,500,1.1,0,0.0028468,12.667,4.8034,64502,71616.0,6.5017,297.98,82.168,1.3628,10.0,,35,,1.2996,0.19025,,,1.0402,0,,0,0,1,5,5,0,5.0,43643.0
54.4,60,100,65,0.0,93.422,55.001,0.0001,500,1.1,0,0.0027642,12.717,4.839,64630,71756.0,6.5026,297.98,81.917,1.368,10.0,,35,,1.2934,0.1903,,,1.0442,0,,0,0,1,5,5,0,5.0,43317.0
54.6,60,100,65,0.0,92.906,54.034,0.0001,500,1.1,0,0.0027354,12.744,4.8749,64757,71895.0,6.5027,297.98,82.045,1.3731,10.0,,35,,1.2904,0.19032,,,1.0481,0,,0,0,1,5,5,0,5.0,43992.0
54.8,60,100,65,0.0,92.344,53.518,0.0001,500,1.1,0,0.0027255,12.77,4.9111,64885,72033.0,6.5019,297.99,83.581,1.3783,10.0,,35,,1.2899,0.19031,,,1.0521,0,,0,0,1,5,5,0,5.0,44335.0
55.0,60,100,65,0.0,92.116,54.604,0.0001,500,1.1,0,0.0026581,12.813,4.948,65013,72172.0,6.5005,297.99,83.275,1.3833,10.0,,35,,1.2842,0.19036,,,1.0559,0,,0,0,1,5,5,0,5.0,44682.0
55.2,60,100,65,0.0,92.433,53.756,0.0001,500,1.1,0,0.0026264,12.828,4.9854,65140,72311.0,6.5005,297.98,82.52,1.3883,10.0,,35,,1.2957,0.19024,,,1.0598,0,,0,0,1,5,5,0,5.0,44864.0
55.4,60,100,65,0.0,92.733,52.409,0.0001,500,1.1,0,0.0026558,12.819,5.0226,65268,72450.0,6.5006,297.98,82.617,1.3934,10.0,,35,,1.3023,0.19017,,,1.0637,0,,0,0,1,5,5,0,5.0,44712.0
55.6,60,100,65,0.0,92.998,51.944,0.0001,500,1.1,0,0.0026715,12.814,5.0598,65395,72589.0,6.5,297.99,83.4,1.3985,10.0,,35,,1.3042,0.19014,,,1.0676,0,,0,0,1,5,5,0,5.0,45060.0
55.8,60,100,65,0.0,93.501,52.24,0.0001,500,1.1,0,0.0026815,12.849,5.0973,65523,72728.0,6.4999,297.99,84.947,1.4036,10.0,,35,,1.2921,0.19024,,,1.0715,0,,0,0,1,5,5,0,5.0,45076.0
56.0,60,100,65,0.0,94.072,53.472,0.0001,500,1.1,0,0.0026083,12.909,5.1359,65651,72867.0,6.4994,297.99,84.438,1.4086,10.0,,35,,1.2807,0.19034,,,1.0753,0,,0,0,1,5,5,0,5.0,44932.0
56.2,60,100,72,0.0,94.823,52.567,0.0001,500,1.1,0,0.0030177,12.642,5.1675,65780,73009.0,6.4973,298.01,90.582,1.414,10.0,,34,,1.358,0.1896,,,1.0794,0,,0,0,1,5,5,0,5.0,44919.0
56.4,60,100,72,0.0,96.413,59.088,0.0001,500,1.1,0,0.0029881,12.672,5.1994,65910,73150.0,6.4956,298.02,94.87,1.4195,10.0,,34,,1.3626,0.18955,,,1.0837,0,,0,0,1,5,5,0,5.0,46574.0
56.6,60,100,72,0.0,98.699,64.109,0.0001,500,1.1,0,0.0029088,12.744,5.2328,66040,73292.0,6.4931,298.03,96.166,1.4251,10.0,,34,,1.346,0.18969,,,1.0879,0,,0,0,1,5,5,0,5.0,44737.0
56.8,60,100,72,0.0,101.99,66.356,0.0001,500,1.1,0,0.0028939,12.761,5.2666,66171,73434.0,6.4914,298.03,96.429,1.4305,10.0,,34,,1.3468,0.18967,,,1.0921,0,,0,0,1,5,5,0,5.0,46068.0
57.0,60,100,72,0.0,105.97,67.681,0.0001,500,1.1,0,0.0028378,12.821,5.3014,66303,73578.0,6.4919,298.03,96.068,1.436,10.0,,34,,1.342,0.18971,,,1.0963,0,,0,0,1,5,5,0,5.0,45405.0
57.2,60,100,72,0.0,109.72,68.37,0.0001,500,1.1,0,0.0027874,12.855,5.337,66435,73722.0,6.4945,298.02,94.266,1.4413,10.0,,34,,1.3438,0.18968,,,1.1004,0,,0,0,1,5,5,0,5.0,46578.0
57.4,60,100,72,0.0,112.43,67.437,0.0001,500,1.1,0,0.0027159,12.899,5.3736,66568,73866.0,6.4979,298.01,91.609,1.4466,10.0,,34,,1.3489,0.18962,,,1.1045,0,,0,0,1,5,5,0,5.0,45923.0
57.6,60,100,72,0.0,113.8,65.383,0.0001,500,1.1,0,0.0026813,12.921,5.4108,66701,74011.0,6.5012,298.01,90.289,1.4519,10.0,,34,,1.3528,0.18958,,,1.1085,0,,0,0,1,5,5,0,5.0,47271.0
57.8,60,100,72,0.0,113.86,64.508,0.0001,500,1.1,0,0.0025999,12.992,5.4493,66834,74155.0,6.5047,298.0,87.116,1.457,10.0,,34,,1.3398,0.18969,,,1.1125,0,,0,0,1,5,5,0,5.0,46792.0
58.0,60,100,72,0.0,112.52,61.409,0.0001,500,1.1,0,0.0025778,13.006,5.4882,66967,74300.0,6.5077,297.99,84.696,1.4621,10.0,,34,,1.3451,0.18963,,,1.1164,0,,0,0,1,5,5,0,5.0,46482.0
58.2,60,100,72,0.0,109.96,58.808,0.0001,500,1.1,0,0.0024947,13.054,5.5284,67099,74443.0,6.5105,297.98,81.748,1.4672,10.0,,34,,1.3408,0.18966,,,1.1202,0,,0,0,1,5,5,0,5.0,46512.0
58.4,60,100,72,0.0,106.29,55.327,0.0001,500,1.1,0,0.0024623,13.078,5.5691,67231,74586.0,6.5128,297.98,80.248,1.4722,10.0,,34,,1.3394,0.18966,,,1.1241,0,,0,0,1,5,5,0,5.0,46710.0
58.6,60,100,72,0.0,101.68,53.098,0.0001,500,1.1,0,0.0023757,13.154,5.6108,67361,74728.0,6.5154,297.97,77.646,1.477,10.0,,34,,1.3245,0.1898,,,1.1278,0,,0,0,1,5,5,0,5.0,48581.0
58.8,60,100,72,0.0,96.05,49.457,0.0001,500,1.1,0,0.0023384,13.172,5.6532,67491,74869.0,6.517,297.96,75.274,1.4818,10.0,,34,,1.3304,0.18973,,,1.1315,0,,0,0,1,5,5,0,5.0,47454.0
59.0,60,100,72,0.0,89.754,45.79,0.0001,500,1.1,0,0.0023546,13.161,5.6954,67619,75009.0,6.5171,297.96,75.198,1.4866,10.0,,34,,1.3398,0.18963,,,1.1351,0,,0,0,1,5,5,0,5.0,47826.0
59.2,60,100,72,0.0,83.454,44.335,0.0001,500,1.1,0,0.0023556,13.159,5.7375,67746,75147.0,6.5155,297.96,75.414,1.4914,10.0,,34,,1.3421,0.1896,,,1.1388,0,,0,0,1,5,5,0,5.0,47865.0
59.4,60,100,72,0.0,77.773,43.135,0.0001,500,1.1,0,0.0023002,13.217,5.7804,67872,75284.0,6.5145,297.96,74.479,1.4961,10.0,,34,,1.3273,0.18973,,,1.1424,0,,0,0,1,5,5,0,5.0,48575.0
59.6,60,100,72,0.0,72.502,40.706,0.0001,500,1.1,0,0.0022717,13.231,5.8232,67996,75420.0,6.5122,297.96,74.651,1.5008,10.0,,34,,1.3278,0.18972,,,1.146,0,,0,0,1,5,5,0,5.0,49284.0
59.8,60,100,72,0.0,68.144,39.393,0.0001,500,1.1,0,0.0022174,13.268,5.8665,68120,75555.0,6.5091,297.96,74.254,1.5054,10.0,,34,,1.326,0.18973,,,1.1496,0,,0,0,1,5,5,0,5.0,48328.0
60.0,60,100,72,0.0,65.038,37.46,0.0001,500,1.1,0,0.0021941,13.293,5.9097,68243,75689.0,6.5054,297.96,74.214,1.51,10.0,1077.3,34,1775.1,1.325,0.18973,5.7375,18.788,1.1531,0,41.695,0,0,1,5,5,0,5.0,48206.0
60.2,60,100,76,0.0,63.419,35.879,0.0001,500,1.1,0,0.0022649,13.255,5.9521,68367,75824.0,6.5007,297.97,76.271,1.5147,10.0,,33,,1.3468,0.18951,,,1.1567,0,,0,0,1,5,5,0,5.0,48413.0
60.4,60,100,76,0.0,63.656,36.537,0.0001,500,1.1,0,0.0021802,13.305,5.995,68491,75959.0,6.4972,297.97,76.832,1.5193,10.0,,33,,1.3538,0.18944,,,1.1602,0,,0,0,1,5,5,0,5.0,49622.0
60.6,60,100,76,0.0,65.294,35.779,0.0001,500,1.1,0,0.0021473,13.342,6.0379,68615,76094.0,6.4942,297.97,77.162,1.5238,10.0,,33,,1.3577,0.18939,,,1.1637,0,,0,0,1,5,5,0,5.0,48998.0
60.8,60,100,76,0.0,68.141,34.872,0.0001,500,1.1,0,0.0021208,13.371,6.0806,68739,76230.0,6.4927,297.97,76.889,1.5284,10.0,,33,,1.3642,0.18932,,,1.1672,0,,0,0,1,5,5,0,5.0,49373.0
61.0,60,100,76,0.0,71.585,33.364,0.0001,500,1.1,0,0.0021456,13.372,6.1234,68865,76366.0,6.4933,297.97,77.336,1.5329,10.0,,33,,1.3723,0.18924,,,1.1706,0,,0,0,1,5,5,0,5.0,50249.0
61.2,60,100,76,0.0,74.761,32.607,0.0001,500,1.1,0,0.0021424,13.367,6.1661,68991,76503.0,6.4953,297.97,77.077,1.5374,10.0,,33,,1.3888,0.18907,,,1.1741,0,,0,0,1,5,5,0,5.0,50290.0
61.4,60,100,76,0.0,77.169,31.133,0.0001,500,1.1,0,0.0021539,13.366,6.2086,69117,76641.0,6.4979,297.97,77.551,1.542,10.0,,33,,1.4051,0.18891,,,1.1776,0,,0,0,1,5,5,0,5.0,50831.0
61.6,60,100,76,0.0,78.53,30.425,0.0001,500,1.1,0,0.0021477,13.386,6.251,69244,76778.0,6.4996,297.97,78.801,1.5466,10.0,,33,,1.4144,0.18881,,,1.1811,0,,0,0,1,5,5,0,5.0,50038.0
61.8,60,100,76,0.0,79.219,30.575,0.0001,500,1.1,0,0.0021767,13.397,6.2929,69370,76916.0,6.5017,297.98,80.613,1.5511,10.0,,33,,1.4105,0.18884,,,1.1846,0,,0,0,1,5,5,0,5.0,50409.0
62.0,60,100,76,0.0,79.051,31.445,0.0001,500,1.1,0,0.0021973,13.383,6.3351,69497,77054.0,6.5037,297.98,82.715,1.5558,10.0,,33,,1.4138,0.1888,,,1.1882,0,,0,0,1,5,5,0,5.0,50282.0
62.2,60,100,76,0.0,78.083,32.813,0.0001,500,1.1,0,0.0022141,13.388,6.3771,69623,77192.0,6.5048,297.99,85.197,1.5605,10.0,,33,,1.4138,0.18879,,,1.1918,0,,0,0,1,5,5,0,5.0,50987.0
62.4,60,100,76,0.0,76.684,34.811,0.0001,500,1.1,0,0.0022326,13.348,6.4192,69750,77330.0,6.5037,298.0,87.807,1.5652,10.0,,33,,1.4373,0.18856,,,1.1954,0,,0,0,1,5,5,0,5.0,50692.0
62.6,60,100,76,0.0,75.746,37.215,0.0001,500,1.1,0,0.0021626,13.423,6.462,69876,77467.0,6.5028,298.0,88.444,1.5699,10.0,,33,,1.4229,0.18868,,,1.199,0,,0,0,1,5,5,0,5.0,51901.0
62.8,60,100,76,0.0,75.165,37.838,0.0001,500,1.1,0,0.0021429,13.454,6.5051,70002,77604.0,6.5017,298.0,88.738,1.5745,10.0,,33,,1.4122,0.18878,,,1.2026,0,,0,0,1,5,5,0,5.0,52111.0
63.0,60,100,76,0.0,74.996,38.218,0.0001,500,1.1,0,0.0020973,13.533,6.548,70127,77742.0,6.5015,298.0,87.385,1.5791,10.0,,33,,1.3881,0.189,,,1.2061,0,,0,0,1,5,5,0,5.0,51821.0
63.2,60,100,76,0.0,74.898,36.915,0.0001,500,1.1,0,0.002076,13.558,6.5908,70253,77879.0,6.5009,298.0,86.572,1.5837,10.0,,33,,1.3893,0.18898,,,1.2096,0,,0,0,1,5,5,0,5.0,52696.0
63.4,60,100,76,0.0,75.068,36.062,0.0001,500,1.1,0,0.0020255,13.608,6.6336,70379,78016.0,6.5006,297.99,85.443,1.5882,10.0,,33,,1.382,0.18904,,,1.213,0,,0,0,1,5,5,0,5.0,52905.0
63.6,60,100,76,0.0,75.36,34.777,0.0001,500,1.1,0,0.0020045,13.644,6.6767,70505,78153.0,6.5005,297.99,84.519,1.5926,10.0,,33,,1.3838,0.18901,,,1.2164,0,,0,0,1,5,5,0,5.0,53116.0
63.8,60,100,76,0.0,75.683,33.587,0.0001,500,1.1,0,0.0019814,13.658,6.7196,70631,78290.0,6.5011,297.99,84.14,1.597,10.0,,33,,1.3902,0.18894,,,1.2198,0,,0,0,1,5,5,0,5.0,53825.0
64.0,60,100,76,0.0,75.779,32.855,0.0001,500,1.1,0,0.0019775,13.683,6.7624,70757,78427.0,6.5022,297.99,83.736,1.6014,10.0,,33,,1.388,0.18896,,,1.2232,0,,0,0,1,5,5,0,5.0,53700.0
64.2,60,100,80,0.0,75.418,32.043,0.0001,500,1.1,0,0.0021099,13.585,6.8049,70883,78565.0,6.5003,298.0,86.658,1.606,10.0,,32,,1.4176,0.18867,,,1.2267,0,,0,0,1,5,5,0,5.0,53574.0
64.4,60,100,80,0.0,75.81,34.629,0.0001,500,1.1,0,0.0021072,13.612,6.8474,71010,78703.0,6.4994,298.0,88.995,1.6106,10.0,,32,,1.4167,0.18866,,,1.2303,0,,0,0,1,5,5,0,5.0,53448.0
64.6,60,100,80,0.0,76.581,36.859,0.0001,500,1.1,0,0.0020857,13.644,6.89,71137,78841.0,6.4986,298.01,90.18,1.6152,10.0,,32,,1.4133,0.18869,,,1.2338,0,,0,0,1,5,5,0,5.0,53156.0
64.8,60,100,80,0.0,77.675,38.171,0.0001,500,1.1,0,0.0021167,13.637,6.9322,71264,78980.0,6.4982,298.01,91.37,1.6199,10.0,,32,,1.4236,0.18858,,,1.2374,0,,0,0,1,5,5,0,5.0,53695.0
65.0,60,100,80,0.0,78.909,39.646,0.0001,500,1.1,0,0.002082,13.683,6.9745,71391,79119.0,6.4976,298.01,91.306,1.6246,10.0,,32,,1.4191,0.18862,,,1.241,0,,0,0,1,5,5,0,5.0,53402.0
65.2,60,100,80,0.0,80.408,39.964,0.0001,500,1.1,0,0.0020595,13.726,7.017,71519,79258.0,6.4969,298.01,90.602,1.6292,10.0,,32,,1.407,0.18872,,,1.2445,0,,0,0,1,5,5,0,5.0,54776.0
65.4,60,100,80,0.0,82.167,39.646,0.0001,500,1.1,0,0.0020425,13.757,7.0599,71647,79397.0,6.4963,298.0,89.012,1.6338,10.0,,32,,1.4007,0.18877,,,1.2481,0,,0,0,1,5,5,0,5.0,54819.0
65.6,60,100,80,0.0,84.155,38.358,0.0001,500,1.1,0,0.0020278,13.796,7.103,71775,79537.0,6.4974,298.0,86.544,1.6384,10.0,,32,,1.3987,0.18878,,,1.2516,0,,0,0,1,5,5,0,5.0,55696.0
65.8,60,100,80,0.0,85.697,36.02,0.0001,500,1.1,0,0.0020144,13.806,7.146,71904,79677.0,6.4969,297.99,84.545,1.6429,10.0,,32,,1.4104,0.18866,,,1.2551,0,,0,0,1,5,5,0,5.0,55572.0
66.0,60,100,80,0.0,87.445,33.909,0.0001,500,1.1,0,0.002041,13.771,7.1891,72033,79817.0,6.4975,297.99,84.241,1.6475,10.0,,32,,1.437,0.1884,,,1.2586,0,,0,0,1,5,5,0,5.0,54949.0
66.2,60,100,80,0.0,88.966,33.296,0.0001,500,1.1,0,0.0019611,13.867,7.2323,72162,79958.0,6.4997,297.98,81.813,1.652,10.0,,32,,1.4155,0.1886,,,1.2621,0,,0,0,1,5,5,0,5.0,55327.0
66.4,60,100,80,0.0,89.584,30.454,0.0001,500,1.1,0,0.0019578,13.883,7.2758,72291,80099.0,6.5029,297.98,79.851,1.6565,10.0,,32,,1.4215,0.18853,,,1.2655,0,,0,0,1,5,5,0,5.0,55372.0
66.6,60,100,80,0.0,88.952,27.867,0.0001,500,1.1,0,0.0019174,13.918,7.3192,72420,80239.0,6.5068,297.97,77.809,1.6609,10.0,,32,,1.4248,0.18849,,,1.2689,0,,0,0,1,5,5,0,5.0,56584.0
66.8,60,100,80,0.0,86.748,24.978,0.0001,500,1.1,0,0.0019253,13.937,7.3626,72549,80379.0,6.51,297.97,76.982,1.6653,10.0,,32,,1.4245,0.18849,,,1.2723,0,,0,0,1,5,5,0,5.0,56630.0
67.0,60,100,80,0.0,83.256,23.096,0.0001,500,1.1,0,0.0019017,13.955,7.4059,72677,80519.0,6.5121,297.97,76.315,1.6697,10.0,,32,,1.4369,0.18836,,,1.2756,0,,0,0,1,5,5,0,5.0,56007.0
67.2,60,100,80,0.0,78.95,21.26,0.0001,500,1.1,0,0.001915,13.938,7.449,72804,80657.0,6.512,297.97,77.413,1.6741,10.0,,32,,1.4508,0.18822,,,1.279,0,,0,0,1,5,5,0,5.0,57218.0
67.4,60,100,80,0.0,74.674,21.125,0.0001,500,1.1,0,0.001873,13.97,7.4923,72931,80795.0,6.5103,297.97,78.21,1.6784,10.0,,32,,1.4545,0.18818,,,1.2823,0,,0,0,1,5,5,0,5.0,55762.0
67.6,60,100,80,0.0,71.077,20.767,0.0001,500,1.1,0,0.0018688,13.998,7.5354,73056,80932.0,6.5061,297.97,78.276,1.6827,10.0,,32,,1.449,0.18822,,,1.2856,0,,0,0,1,5,5,0,5.0,56639.0
67.8,60,100,80,0.0,69.146,19.767,0.0001,500,1.1,0,0.0018736,13.992,7.5787,73181,81068.0,6.502,297.98,79.248,1.6871,10.0,,32,,1.4553,0.18815,,,1.289,0,,0,0,1,5,5,0,5.0,57184.0
68.0,60,100,80,0.0,68.868,19.699,0.0001,500,1.1,0,0.0018879,13.996,7.6223,73307,81205.0,6.4981,297.98,80.588,1.6915,10.0,,32,,1.4595,0.1881,,,1.2923,0,,0,0,1,5,5,0,5.0,56897.0
68.2,60,100,84,0.0,70.162,20.082,0.0001,500,1.1,0,0.0019714,13.95,7.666,73433,81343.0,6.495,297.99,83.274,1.6959,10.0,,31,,1.4832,0.18787,,,1.2958,0,,0,0,1,5,5,0,5.0,56777.0
68.4,60,100,84,0.0,72.66,21.943,0.0001,500,1.1,0,0.0020212,13.929,7.7095,73559,81481.0,6.493,297.99,86.024,1.7006,10.0,,31,,1.499,0.18771,,,1.2993,0,,0,0,1,5,5,0,5.0,58489.0
68.6,60,100,84,0.0,75.974,24.127,0.0001,500,1.1,0,0.0020221,13.944,7.753,73687,81620.0,6.4934,298.0,87.941,1.7052,10.0,,31,,1.5043,0.18765,,,1.3029,0,,0,0,1,5,5,0,5.0,57868.0
68.8,60,100,84,0.0,79.143,25.773,0.0001,500,1.1,0,0.0019474,14.047,7.7965,73815,81760.0,6.496,298.0,86.684,1.7098,10.0,,31,,1.4759,0.18791,,,1.3065,0,,0,0,1,5,5,0,5.0,58580.0
69.0,60,100,84,0.0,81.25,24.491,0.0001,500,1.1,0,0.0019315,14.083,7.8399,73943,81900.0,6.4988,297.99,85.366,1.7144,10.0,,31,,1.473,0.18793,,,1.3099,0,,0,0,1,5,5,0,5.0,58459.0
69.2,60,100,84,0.0,82.244,23.083,0.0001,500,1.1,0,0.0018873,14.139,7.8837,74071,82040.0,6.5017,297.99,83.669,1.7188,10.0,,31,,1.4636,0.18801,,,1.3134,0,,0,0,1,5,5,0,5.0,58172.0
69.4,60,100,84,0.0,82.09,21.163,0.0001,500,1.1,0,0.0018318,14.223,7.9274,74200,82179.0,6.5055,297.98,80.998,1.7232,10.0,,31,,1.4403,0.18823,,,1.3167,0,,0,0,1,5,5,0,5.0,58886.0
69.6,60,100,84,0.0,80.406,18.111,0.0001,500,1.1,0,0.0018137,14.243,7.9715,74328,82319.0,6.5084,297.98,79.159,1.7275,10.0,,31,,1.4383,0.18824,,,1.32,0,,0,0,1,5,5,0,5.0,58435.0
69.8,60,100,84,0.0,77.55,15.616,0.0001,500,1.1,0,0.0017975,14.279,8.0158,74456,82458.0,6.5105,297.97,77.795,1.7318,10.0,,31,,1.4309,0.1883,,,1.3233,0,,0,0,1,5,5,0,5.0,58817.0
70.0,60,100,84,0.0,73.873,13.377,0.0001,500,1.1,0,0.0017761,14.297,8.0596,74582,82596.0,6.511,297.97,76.612,1.736,10.0,,31,,1.4445,0.18816,,,1.3266,0,,0,0,1,5,5,0,5.0,59531.0
70.2,60,100,84,0.0,69.99,11.163,0.0001,500,1.1,0,0.0017627,14.331,8.1033,74708,82733.0,6.5103,297.97,76.423,1.7402,10.0,,31,,1.4367,0.18823,,,1.3298,0,,0,0,1,5,5,0,5.0,59245.0
70.4,60,100,84,0.0,66.378,9.7943,0.0001,500,1.1,0,0.0017517,14.363,8.1471,74834,82870.0,6.5081,297.97,76.692,1.7444,10.0,,31,,1.4305,0.18828,,,1.333,0,,0,0,1,5,5,0,5.0,58958.0
70.6,60,100,84,0.0,63.671,8.8322,0.0001,500,1.1,0,0.0017611,14.377,8.1909,74958,83006.0,6.5048,297.97,77.474,1.7486,10.0,,31,,1.4309,0.18827,,,1.3362,0,,0,0,1,5,5,0,5.0,59838.0
70.8,60,100,84,0.0,62.26,8.3904,0.0001,500,1.1,0,0.001743,14.392,8.2345,75083,83142.0,6.5013,297.97,78.618,1.7527,10.0,,31,,1.4347,0.18822,,,1.3394,0,,0,0,1,5,5,0,5.0,60385.0
71.0,60,100,84,0.0,62.279,8.3725,0.0001,500,1.1,0,0.0017438,14.412,8.2785,75207,83278.0,6.4981,297.98,80.424,1.7569,10.0,,31,,1.4278,0.18828,,,1.3426,0,,0,0,1,5,5,0,5.0,60433.0
71.2,60,100,84,0.0,63.555,9.1109,0.0001,500,1.1,0,0.0017627,14.399,8.3223,75332,83414.0,6.4959,297.98,82.477,1.7612,10.0,,31,,1.4466,0.18809,,,1.3459,0,,0,0,1,5,5,0,5.0,61313.0
71.4,60,100,84,0.0,65.699,10.262,0.0001,500,1.1,0,0.0017717,14.422,8.366,75457,83551.0,6.4951,297.99,84.174,1.7654,10.0,,31,,1.4454,0.1881,,,1.3492,0,,0,0,1,5,5,0,5.0,60193.0
71.6,60,100,84,0.0,68.171,11.278,0.0001,500,1.1,0,0.0018077,14.42,8.4095,75583,83688.0,6.4952,297.99,86.248,1.7698,10.0,,31,,1.4524,0.18802,,,1.3525,0,,0,0,1,5,5,0,5.0,61072.0
71.8,60,100,84,0.0,70.595,12.842,0.0001,500,1.1,0,0.0017912,14.454,8.4528,75709,83825.0,6.4964,298.0,86.882,1.7741,10.0,,31,,1.4553,0.18799,,,1.3558,0,,0,0,1,5,5,0,5.0,61950.0
72.0,60,100,84,0.0,72.54,13.22,0.0001,500,1.1,0,0.0018072,14.473,8.4962,75835,83964.0,6.4977,298.0,87.65,1.7785,10.0,1204.6,31,1685.0,1.4514,0.18801,8.3223,20.043,1.3592,0,26.752,0,0,1,5,5,0,5.0,61495.0
72.2,60,100,90,0.0,73.981,13.824,0.0001,500,1.1,0,0.001908,14.395,8.5399,75963,84103.0,6.497,298.01,91.771,1.783,10.0,,30,,1.4865,0.18767,,,1.3627,0,,0,0,1,5,5,0,5.0,61542.0
72.4,60,100,90,0.0,75.695,17.735,0.0001,500,1.1,0,0.0018606,14.463,8.5834,76091,84243.0,6.4978,298.01,93.115,1.7876,10.0,,30,,1.4765,0.18776,,,1.3662,0,,0,0,1,5,5,0,5.0,61754.0
72.6,60,100,90,0.0,77.076,19.33,0.0001,500,1.1,0,0.0018477,14.515,8.627,76220,84384.0,6.4998,298.01,92.922,1.7921,10.0,,30,,1.4631,0.18788,,,1.3697,0,,0,0,1,5,5,0,5.0,62633.0
72.8,60,100,90,0.0,77.665,19.645,0.0001,500,1.1,0,0.0018695,14.522,8.6707,76348,84524.0,6.5011,298.01,93.286,1.7967,10.0,,30,,1.466,0.18784,,,1.3732,0,,0,0,1,5,5,0,5.0,63180.0
73.0,60,100,90,0.0,77.745,20.506,0.0001,500,1.1,0,0.0017955,14.615,8.7141,76477,84665.0,6.5022,298.01,91.457,1.8011,10.0,,30,,1.442,0.18806,,,1.3766,0,,0,0,1,5,5,0,5.0,62059.0
73.2,60,100,90,0.0,77.384,19.296,0.0001,500,1.1,0,0.0017596,14.674,8.7571,76605,84805.0,6.5038,298.0,89.161,1.8055,10.0,,30,,1.4281,0.18818,,,1.38,0,,0,0,1,5,5,0,5.0,61935.0
73.4,60,100,90,0.0,76.371,17.497,0.0001,500,1.1,0,0.001813,14.64,8.7999,76734,84945.0,6.5056,298.0,88.715,1.8099,10.0,,30,,1.4509,0.18796,,,1.3834,0,,0,0,1,5,5,0,5.0,62811.0
73.6,60,100,90,0.0,74.662,17.237,0.0001,500,1.1,0,0.0017656,14.677,8.8427,76862,85084.0,6.5082,298.0,87.419,1.8143,10.0,,30,,1.4578,0.18789,,,1.3867,0,,0,0,1,5,5,0,5.0,63853.0
73.8,60,100,90,0.0,71.904,16.085,0.0001,500,1.1,0,0.0017983,14.661,8.886,76989,85224.0,6.5088,298.0,87.825,1.8188,10.0,,30,,1.4714,0.18775,,,1.3901,0,,0,0,1,5,5,0,5.0,64064.0
74.0,60,100,90,0.0,68.898,16.434,0.0001,500,1.1,0,0.0017812,14.682,8.9292,77116,85362.0,6.5075,298.0,87.871,1.8232,10.0,,30,,1.4801,0.18766,,,1.3935,0,,0,0,1,5,5,0,5.0,63608.0
74.2,60,100,90,0.0,66.442,16.45,0.0001,500,1.1,0,0.0017799,14.694,8.9722,77242,85500.0,6.5049,298.0,87.231,1.8276,10.0,,30,,1.4934,0.18752,,,1.3969,0,,0,0,1,5,5,0,5.0,63485.0
74.4,60,100,90,0.0,65.02,15.827,0.0001,500,1.1,0,0.0017442,14.749,9.0151,77368,85638.0,6.5006,297.99,85.913,1.8319,10.0,,30,,1.4875,0.18757,,,1.4003,0,,0,0,1,5,5,0,5.0,63861.0
74.6,60,100,90,0.0,65.3,14.513,0.0001,500,1.1,0,0.0017653,14.724,9.0581,77494,85776.0,6.4954,298.0,86.523,1.8363,10.0,,30,,1.5089,0.18736,,,1.4036,0,,0,0,1,5,5,0,5.0,64738.0
74.8,60,100,90,0.0,67.677,14.899,0.0001,500,1.1,0,0.0017353,14.767,9.1008,77620,85914.0,6.4926,297.99,86.172,1.8407,10.0,,30,,1.5115,0.18733,,,1.407,0,,0,0,1,5,5,0,5.0,64779.0
75.0,60,100,90,0.0,71.149,14.401,0.0001,500,1.1,0,0.0017889,14.756,9.1436,77748,86053.0,6.4912,298.0,86.962,1.8451,10.0,,30,,1.5266,0.18717,,,1.4104,0,,0,0,1,5,5,0,5.0,64155.0
75.2,60,100,90,0.0,75.197,14.961,0.0001,100,1.1,0,0.0017001,13.966,9.195,77796,86113.0,6.4954,298.08,117.34,1.8494,10.0,,30,,1.8005,0.18456,,,1.4137,0,,0,0,1,5,5,0,5.0,65401.0
75.4,60,100,90,0.0,77.543,43.375,0.0001,100,1.1,0,0.0016831,13.954,9.2462,77844,86173.0,6.5002,298.13,136.43,1.8537,10.0,,30,,1.8433,0.18414,,,1.417,0,,0,0,1,5,5,0,5.0,64646.0
75.6,60,100,90,0.0,77.98,63.675,0.0001,100,1.1,0,0.0016774,13.928,9.2973,77892,86233.0,6.5055,298.16,147.04,1.8579,10.0,,30,,1.8586,0.18399,,,1.4203,0,,0,0,1,5,5,0,5.0,65890.0
75.8,60,100,90,0.0,76.29,78.181,0.0001,100,1.1,0,0.0016635,13.924,9.3482,77941,86293.0,6.5096,298.18,152.35,1.8622,10.0,,30,,1.8536,0.18403,,,1.4235,0,,0,0,1,5,5,0,5.0,65134.0
76.0,60,100,90,0.0,72.971,88.965,0.0001,100,1.1,0,0.0016235,13.948,9.3992,77988,86352.0,6.5135,298.17,150.06,1.8663,10.0,,30,,1.8365,0.18418,,,1.4267,0,,0,0,1,5,5,0,5.0,66211.0
76.2,60,100,116,0.0,68.081,93.269,0.0001,100,1.1,0,0.0022524,13.425,9.4507,78040,86416.0,6.5051,298.2,161.87,1.8712,10.0,,29,,2.0136,0.18248,,,1.4305,0,,0,0,1,5,5,0,5.0,66124.0
76.4,60,100,116,0.0,66.603,110.71,0.0001,100,1.1,0,0.0021975,13.436,9.5024,78091,86481.0,6.4975,298.21,166.36,1.8765,10.0,,29,,2.0334,0.18228,,,1.4346,0,,0,0,1,5,5,0,5.0,66538.0
76.6,60,100,116,0.0,68.118,122.2,0.0001,100,1.1,0,0.0021647,13.446,9.5544,78143,86545.0,6.4923,298.21,165.11,1.8818,10.0,,29,,2.0271,0.18233,,,1.4386,0,,0,0,1,5,5,0,5.0,66954.0
76.8,60,100,116,0.0,71.7,128.93,0.0001,100,1.1,0,0.0021653,13.425,9.6065,78195,86610.0,6.4895,298.2,162.09,1.8871,10.0,,29,,2.0292,0.1823,,,1.4427,0,,0,0,1,5,5,0,5.0,67370.0
77.0,60,100,116,0.0,76.43,133.99,0.0001,100,1.1,0,0.0022652,13.336,9.6581,78248,86677.0,6.4868,298.19,159.64,1.8925,10.0,,29,,2.0556,0.18203,,,1.4468,0,,0,0,1,5,5,0,5.0,66950.0
77.2,60,100,116,0.0,82.216,139.32,0.0001,100,1.1,0,0.0022827,13.295,9.7097,78303,86745.0,6.4861,298.18,153.89,1.898,10.0,,29,,2.067,0.18191,,,1.451,0,,0,0,1,5,5,0,5.0,66864.0
77.4,60,100,116,0.0,88.286,141.32,0.0001,100,1.1,0,0.0022698,13.296,9.7614,78358,86814.0,6.4868,298.16,146.02,1.9035,10.0,,29,,2.0597,0.18197,,,1.4553,0,,0,0,1,5,5,0,5.0,68278.0
77.6,60,100,116,0.0,94.082,140.82,0.0001,100,1.1,0,0.0023163,13.237,9.8128,78415,86884.0,6.4886,298.14,140.11,1.9091,10.0,,29,,2.0764,0.1818,,,1.4596,0,,0,0,1,5,5,0,5.0,67690.0
77.8,60,100,116,0.0,99.173,141.41,0.0001,100,1.1,0,0.0022266,13.293,9.8647,78473,86955.0,6.4921,298.11,129.01,1.9147,10.0,,29,,2.0613,0.18194,,,1.4639,0,,0,0,1,5,5,0,5.0,67772.0
78.0,60,100,116,0.0,102.87,136.53,0.0001,100,1.1,0,0.0021785,13.308,9.9171,78532,87027.0,6.4949,298.08,117.49,1.9201,10.0,,29,,2.0536,0.182,,,1.468,0,,0,0,1,5,5,0,5.0,67856.0
78.2,60,100,116,0.0,105.43,130.25,0.0001,100,1.1,0,0.0021133,13.326,9.9705,78591,87099.0,6.4987,298.05,107.27,1.9253,10.0,,29,,2.048,0.18204,,,1.4721,0,,0,0,1,5,5,0,5.0,68279.0
78.4,60,100,116,0.0,106.45,124.03,0.0001,100,1.1,0,0.002085,13.347,10.024,78650,87171.0,6.5016,298.04,100.37,1.9305,10.0,,29,,2.0282,0.18223,,,1.4761,0,,0,0,1,5,5,0,5.0,69535.0
78.6,60,100,116,0.0,106.35,119.84,0.0001,100,1.1,0,0.0020556,13.323,10.078,78709,87244.0,6.5039,298.02,95.844,1.9357,10.0,,29,,2.037,0.18213,,,1.4801,0,,0,0,1,5,5,0,5.0,69625.0
78.8,60,100,116,0.0,105.3,117.1,0.0001,100,1.1,0,0.002032,13.305,10.132,78768,87316.0,6.5054,298.01,92.172,1.9408,10.0,,29,,2.0435,0.18206,,,1.484,0,,0,0,1,5,5,0,5.0,69885.0
79.0,60,100,116,0.0,103.66,114.64,0.0001,100,1.1,0,0.0019794,13.329,10.186,78827,87387.0,6.5073,298.0,86.793,1.9459,10.0,,29,,2.0305,0.18217,,,1.4879,0,,0,0,1,5,5,0,5.0,69813.0
79.2,60,100,116,0.0,101.28,110.23,0.0001,100,1.1,0,0.0019831,13.299,10.241,78885,87458.0,6.5085,297.99,85.128,1.9509,10.0,,29,,2.0325,0.18215,,,1.4918,0,,0,0,1,5,5,0,5.0,69908.0
79.4,60,100,116,0.0,98.405,108.74,0.0001,100,1.1,0,0.0019839,13.275,10.295,78943,87529.0,6.5091,298.0,85.695,1.9559,10.0,,29,,2.0337,0.18212,,,1.4956,0,,0,0,1,5,5,0,5.0,69669.0
79.6,60,100,116,0.0,95.271,109.08,0.0001,100,1.1,0,0.0019983,13.208,10.35,79000,87599.0,6.5089,298.0,87.033,1.961,10.0,,29,,2.0626,0.18184,,,1.4995,0,,0,0,1,5,5,0,5.0,69929.0
79.8,60,100,116,0.0,92.224,110.14,0.0001,100,1.1,0,0.0019941,13.154,10.404,79057,87669.0,6.5074,298.01,89.855,1.9661,10.0,,29,,2.0845,0.18162,,,1.5034,0,,0,0,1,5,5,0,5.0,70024.0
80.0,60,100,116,0.0,89.807,112.69,0.0001,100,1.1,0,0.0019648,13.144,10.459,79113,87738.0,6.5044,298.01,90.25,1.9712,10.0,,29,,2.0906,0.18155,,,1.5073,0,,0,0,1,5,5,0,5.0,70620.0
80.2,60,100,90,0.0,88.562,113.25,0.0001,100,1.1,0,0.0012312,13.935,10.507,79163,87798.0,6.516,297.95,68.825,1.9752,10.0,,23,,1.8451,0.18389,,,1.5104,0,,0,0,1,5,5,0,5.0,72348.0
80.4,60,100,90,0.0,82.641,93.791,0.0001,100,1.1,0,0.0012293,13.911,10.554,79213,87858.0,6.525,297.91,54.378,1.9786,10.0,,23,,1.8091,0.18423,,,1.5131,0,,0,0,1,5,5,0,5.0,70575.0
80.6,60,100,90,0.0,73.17,28.137,108.65,100,1.1,0,0.001198,13.929,10.602,79260,87916.0,6.5299,298.2,162.66,1.9819,10.0,,23,,1.7846,0.18446,,,1.5156,0,,0,0,1,5,5,0,5.0,71633.0
80.8,60,100,90,0.0,61.75,124.76,10.865,100,1.1,0,0.0011665,13.915,10.648,79305,87971.0,6.5279,298.14,141.2,1.9852,10.0,,23,,1.786,0.18444,,,1.5181,0,,0,0,1,5,5,0,5.0,72189.0
81.0,60,100,90,0.0,51.149,110.39,1.0865,100,1.1,0,0.0011427,13.883,10.695,79348,88024.0,6.5192,298.08,116.8,1.9884,10.0,,23,,1.7991,0.18431,,,1.5206,0,,0,0,1,5,5,0,5.0,73078.0
81.2,60,100,90,0.0,44.004,93.781,0.10865,100,1.1,0,0.0011315,13.864,10.741,79390,88075.0,6.5043,298.03,99.371,1.9916,10.0,,23,,1.7999,0.1843,,,1.523,0,,0,0,1,5,5,0,5.0,72634.0
81.4,60,100,90,0.0,42.824,81.215,0.010865,100,1.1,0,0.0011167,13.861,10.788,79431,88127.0,6.4901,298.0,87.128,1.9947,10.0,,23,,1.7973,0.18431,,,1.5255,0,,0,0,1,5,5,0,5.0,72521.0
81.6,60,100,90,0.0,47.294,71.534,0.0010865,100,1.1,0,0.0011147,13.853,10.834,79473,88179.0,6.4804,297.98,79.29,1.9978,10.0,,23,,1.8005,0.18428,,,1.5279,0,,0,0,1,5,5,0,5.0,72908.0
81.8,60,100,90,0.0,55.642,64.576,0.00010865,100,1.1,0,0.0011227,13.857,10.879,79517,88233.0,6.4776,297.96,73.964,2.001,10.0,,23,,1.7945,0.18433,,,1.5303,0,,0,0,1,5,5,0,5.0,73458.0
82.0,60,100,90,0.0,65.088,59.056,0.0001,100,1.1,0,0.0011361,13.834,10.925,79563,88289.0,6.4811,297.96,70.752,2.0041,10.0,,23,,1.8001,0.18427,,,1.5327,0,,0,0,1,5,5,0,5.0,73175.0
82.2,60,100,90,0.0,73.167,54.895,0.0001,100,1.1,0,0.0011422,13.831,10.97,79610,88346.0,6.4896,297.95,68.113,2.0073,10.0,,23,,1.7986,0.18428,,,1.5352,0,,0,0,1,5,5,0,5.0,74392.0
82.4,60,100,90,0.0,77.819,16.469,65.035,100,1.1,0,0.0011318,13.851,11.015,79658,88405.0,6.4992,298.14,138.3,2.0105,10.0,,23,,1.7836,0.18442,,,1.5376,0,,0,0,1,5,5,0,5.0,73273.0
82.6,60,100,90,0.0,78.666,78.835,6.5035,100,1.1,0,0.0010843,13.9,11.059,79707,88463.0,6.5107,298.1,126.72,2.0136,10.0,,23,,1.7646,0.18459,,,1.54,0,,0,0,1,5,5,0,5.0,74483.0
82.8,60,100,90,0.0,74.905,71.925,0.65035,100,1.1,0,0.0010551,13.937,11.103,79755,88520.0,6.5205,298.06,109.16,2.0166,10.0,,23,,1.7382,0.18484,,,1.5423,0,,0,0,1,5,5,0,5.0,73690.0
83.0,60,100,90,0.0,67.245,60.034,0.065035,100,1.1,0,0.0010369,13.911,11.146,79801,88576.0,6.5236,298.03,97.106,2.0196,10.0,,23,,1.7439,0.18478,,,1.5446,0,,0,0,1,5,5,0,5.0,74062.0
83.2,60,100,90,0.0,58.351,51.55,0.0065035,100,1.1,0,0.0010219,13.888,11.189,79845,88630.0,6.5213,298.0,88.05,2.0225,10.0,,23,,1.7531,0.18468,,,1.5468,0,,0,0,1,5,5,0,5.0,74600.0
83.4,60,100,90,0.0,50.355,44.506,0.00065035,100,1.1,0,0.0010361,13.83,11.233,79888,88683.0,6.512,297.99,83.139,2.0254,10.0,,23,,1.7708,0.18451,,,1.5491,0,,0,0,1,5,5,0,5.0,74808.0
83.6,60,100,90,0.0,46.096,40.291,0.0001,100,1.1,0,0.0010641,13.752,11.277,79930,88735.0,6.4972,297.99,82.072,2.0284,10.0,,23,,1.7997,0.18423,,,1.5514,0,,0,0,1,5,5,0,5.0,75186.0
83.8,60,100,90,0.0,47.773,39.012,0.0001,100,1.1,0,0.0010818,13.7,11.321,79972,88787.0,6.4824,297.99,81.673,2.0314,10.0,,23,,1.8194,0.18403,,,1.5537,0,,0,0,1,5,5,0,5.0,76066.0
84.0,60,100,90,0.0,55.333,38.161,0.0001,100,1.1,0,0.0011158,13.649,11.366,80016,88841.0,6.4745,297.99,82.331,2.0346,10.0,1211.0,23,1619.5,1.8405,0.18383,11.189,21.806,1.5561,0,28.319,0,0,1,5,5,0,5.0,74613.0
84.2,60,100,90,0.0,66.038,38.219,0.0001,100,1.1,0,0.0011265,13.617,11.411,80062,88897.0,6.4752,297.99,82.178,2.0378,10.0,,23,,1.862,0.18362,,,1.5586,0,,0,0,1,5,5,0,5.0,74992.0
84.4,60,100,90,0.0,76.463,37.584,0.0001,100,1.1,0,0.0011458,13.607,11.456,80110,88955.0,6.4827,297.99,82.656,2.041,10.0,,23,,1.8646,0.18358,,,1.5611,0,,0,0,1,5,5,0,5.0,75206.0
84.6,60,100,90,0.0,83.9,37.523,0.0001,100,1.1,0,0.0011449,13.61,11.5,80159,89015.0,6.4932,297.99,83.184,2.0443,10.0,,23,,1.8615,0.18361,,,1.5636,0,,0,0,1,5,5,0,5.0,75919.0
84.8,60,100,90,0.0,87.127,37.542,0.0001,100,1.1,0,0.0011502,13.595,11.545,80210,89075.0,6.5031,297.99,83.349,2.0475,10.0,,23,,1.8663,0.18356,,,1.5661,0,,0,0,1,5,5,0,5.0,76299.0
85.0,60,100,90,0.0,86.427,37.282,0.0001,100,1.1,0,0.001167,13.564,11.59,80260,89136.0,6.5116,297.99,83.424,2.0508,10.0,,23,,1.8714,0.1835,,,1.5686,0,,0,0,1,5,5,0,5.0,76179.0
85.2,60,100,90,0.0,82.306,36.964,0.0001,100,1.1,0,0.0011769,13.55,11.635,80309,89195.0,6.5177,297.99,83.386,2.0541,10.0,,23,,1.8633,0.18357,,,1.5712,0,,0,0,1,5,5,0,5.0,77394.0
85.4,60,100,90,0.0,75.75,36.553,0.0001,100,1.1,0,0.0011922,13.486,11.68,80357,89253.0,6.52,297.99,84.678,2.0574,10.0,,23,,1.8878,0.18333,,,1.5737,0,,0,0,1,5,5,0,5.0,76609.0
85.6,60,100,90,0.0,68.296,37.345,0.0001,100,1.1,0,0.0011966,13.44,11.726,80403,89310.0,6.5163,298.0,86.264,2.0607,10.0,,23,,1.9056,0.18316,,,1.5763,0,,0,0,1,5,5,0,5.0,77827.0
85.8,60,100,90,0.0,62.298,38.504,0.0001,100,1.1,0,0.0011828,13.432,11.771,80448,89366.0,6.5107,298.0,87.225,2.0641,10.0,,23,,1.9071,0.18314,,,1.5789,0,,0,0,1,5,5,0,5.0,77376.0
86.0,60,100,90,0.0,58.559,39.247,0.0001,100,1.1,0,0.0011779,13.409,11.817,80492,89420.0,6.5027,298.0,88.839,2.0674,10.0,,23,,1.9112,0.18309,,,1.5814,0,,0,0,1,5,5,0,5.0,77760.0
86.2,60,100,90,0.0,58.012,40.687,0.0001,100,1.1,0,0.0011584,13.426,11.862,80537,89475.0,6.4963,298.01,89.291,2.0707,10.0,,23,,1.9002,0.18319,,,1.5839,0,,0,0,1,5,5,0,5.0,77308.0
86.4,60,100,90,0.0,60.024,41.221,0.0001,100,1.1,0,0.0011392,13.446,11.906,80581,89530.0,6.4924,298.0,87.348,2.0739,10.0,,23,,1.89,0.18328,,,1.5864,0,,0,0,1,5,5,0,5.0,77854.0
86.6,60,100,90,0.0,63.561,39.659,0.0001,100,1.1,0,0.0011394,13.443,11.951,80627,89586.0,6.4899,298.0,85.715,2.0771,10.0,,23,,1.8856,0.18332,,,1.5889,0,,0,0,1,5,5,0,5.0,78566.0
86.8,60,100,90,0.0,68.112,38.233,0.0001,100,1.1,0,0.0011235,13.454,11.995,80673,89642.0,6.4906,297.99,83.255,2.0802,10.0,,23,,1.8826,0.18334,,,1.5913,0,,0,0,1,5,5,0,5.0,78775.0
87.0,60,100,90,0.0,72.372,35.897,0.0001,100,1.1,0,0.001109,13.462,12.038,80720,89699.0,6.4953,297.98,80.401,2.0834,10.0,,23,,1.88,0.18336,,,1.5937,0,,0,0,1,5,5,0,5.0,78649.0
87.2,60,100,90,0.0,74.757,32.981,0.0001,100,1.1,0,0.0011108,13.433,12.082,80768,89757.0,6.5027,297.98,79.251,2.0865,10.0,,23,,1.8917,0.18324,,,1.5961,0,,0,0,1,5,5,0,5.0,78357.0
87.4,60,100,90,0.0,74.2,31.33,0.0001,100,1.1,0,0.0011179,13.426,12.125,80815,89815.0,6.5093,297.98,78.756,2.0896,10.0,,23,,1.8891,0.18326,,,1.5985,0,,0,0,1,5,5,0,5.0,79731.0
87.6,60,100,90,0.0,70.997,30.125,0.0001,100,1.1,0,0.0010839,13.445,12.168,80862,89872.0,6.5153,297.97,77.521,2.0927,10.0,,23,,1.8843,0.1833,,,1.6009,0,,0,0,1,5,5,0,5.0,80103.0
87.8,60,100,90,0.0,65.387,28.191,0.0001,100,1.1,0,0.0010593,13.463,12.211,80908,89928.0,6.5176,297.97,77.574,2.0957,10.0,,23,,1.8673,0.18346,,,1.6032,0,,0,0,1,5,5,0,5.0,79306.0
88.0,60,100,90,0.0,58.867,27.311,0.0001,100,1.1,0,0.001094,13.398,12.255,80952,89982.0,6.5134,297.98,80.134,2.0987,10.0,,23,,1.8754,0.18337,,,1.6055,0,,0,0,1,5,5,0,5.0,79348.0
88.2,60,100,90,0.0,54.058,28.664,0.0001,100,1.1,0,0.0010844,13.374,12.299,80996,90036.0,6.5049,297.99,81.747,2.1018,10.0,,23,,1.8856,0.18327,,,1.6079,0,,0,0,1,5,5,0,5.0,80390.0
88.4,60,100,90,0.0,52.629,29.366,0.0001,100,1.1,0,0.0010649,13.395,12.342,81039,90089.0,6.4974,297.99,82.214,2.1047,10.0,,23,,1.8722,0.18339,,,1.6102,0,,0,0,1,5,5,0,5.0,79264.0
88.6,60,100,90,0.0,54.189,29.215,0.0001,100,1.1,0,0.0010806,13.366,12.386,81082,90143.0,6.4915,297.99,83.484,2.1078,10.0,,23,,1.8757,0.18335,,,1.6125,0,,0,0,1,5,5,0,5.0,79306.0
88.8,60,100,90,0.0,58.088,29.851,0.0001,100,1.1,0,0.0010758,13.358,12.43,81127,90197.0,6.4898,297.99,84.187,2.1108,10.0,,23,,1.8771,0.18333,,,1.6148,0,,0,0,1,5,5,0,5.0,80681.0
89.0,60,100,90,0.0,62.691,30.087,0.0001,100,1.1,0,0.0010794,13.355,12.474,81172,90252.0,6.4896,297.99,84.189,2.1138,10.0,,23,,1.8745,0.18335,,,1.6171,0,,0,0,1,5,5,0,5.0,80390.0
89.2,60,100,90,0.0,67.35,29.774,0.0001,100,1.1,0,0.0010514,13.404,12.517,81218,90309.0,6.494,297.99,82.856,2.1167,10.0,,23,,1.8522,0.18356,,,1.6194,0,,0,0,1,5,5,0,5.0,80927.0
89.4,60,100,90,0.0,70.248,28.279,0.0001,100,1.1,0,0.0010338,13.404,12.559,81265,90365.0,6.4998,297.98,81.37,2.1197,10.0,,23,,1.8532,0.18355,,,1.6217,0,,0,0,1,5,5,0,5.0,80963.0
89.6,60,100,90,0.0,70.842,26.544,0.0001,100,1.1,0,0.0010552,13.37,12.602,81311,90422.0,6.5061,297.99,81.551,2.1226,10.0,,23,,1.8603,0.18347,,,1.6239,0,,0,0,1,5,5,0,5.0,80667.0
89.8,60,100,90,0.0,68.913,26.159,0.0001,100,1.1,0,0.0010861,13.323,12.645,81358,90479.0,6.5112,297.99,83.834,2.1256,10.0,,23,,1.8691,0.18338,,,1.6262,0,,0,0,1,5,5,0,5.0,81206.0
90.0,60,100,90,0.0,64.954,27.639,0.0001,100,1.1,0,0.0010852,13.304,12.688,81403,90534.0,6.5126,298.0,85.416,2.1286,10.0,,23,,1.8709,0.18336,,,1.6285,0,,0,0,1,5,5,0,5.0,81579.0
90.2,75,100,90,0.0,60.436,28.671,0.0001,100,1.1,0,0.0010996,13.728,12.732,81448,90589.0,6.5105,298.0,87.215,1.7371,10.0,,23,,1.8141,0.18809,,,1.6593,0,,0,0,1,5,5,0,5.0,82787.0
90.4,75,100,90,0.0,56.765,30.065,0.0001,100,1.1,0,0.0011006,13.71,12.776,81492,90644.0,6.5066,298.0,88.479,1.7161,10.0,,23,,1.7504,0.18862,,,1.6391,0,,0,0,1,5,5,0,5.0,82497.0
90.6,75,100,90,0.0,54.647,31.15,0.0001,100,1.1,0,0.001102,13.695,12.82,81535,90697.0,6.5013,298.01,89.637,1.7171,10.0,,23,,1.7374,0.18871,,,1.64,0,,0,0,1,5,5,0,5.0,82375.0
90.8,75,100,90,0.0,54.659,32.273,0.0001,100,1.1,0,0.0010894,13.706,12.864,81579,90751.0,6.4948,298.0,88.826,1.7194,10.0,,23,,1.7281,0.18878,,,1.6423,0,,0,0,1,5,5,0,5.0,83249.0
91.0,75,100,90,0.0,57.252,31.754,0.0001,100,1.1,0,0.0010905,13.703,12.908,81623,90806.0,6.4886,298.0,88.224,1.7218,10.0,,23,,1.7223,0.18882,,,1.6446,0,,0,0,1,5,5,0,5.0,83124.0
91.2,75,100,90,0.0,62.349,31.383,0.0001,100,1.1,0,0.0010543,13.765,12.95,81668,90861.0,6.4888,298.0,85.4,1.7241,10.0,,23,,1.6909,0.18905,,,1.6468,0,,0,0,1,5,5,0,5.0,82161.0
91.4,75,100,90,0.0,67.324,28.97,0.0001,100,1.1,0,0.0010403,13.793,12.993,81714,90917.0,6.4923,297.99,82.981,1.7265,10.0,,23,,1.6734,0.18918,,,1.649,0,,0,0,1,5,5,0,5.0,83361.0
91.6,75,100,90,0.0,70.908,26.69,0.0001,100,1.1,0,0.0010452,13.78,13.034,81761,90974.0,6.4969,297.98,81.07,1.7287,10.0,,23,,1.6819,0.18911,,,1.6512,0,,0,0,1,5,5,0,5.0,83894.0
91.8,75,100,90,0.0,72.667,24.621,0.0001,100,1.1,0,0.00099309,13.85,13.075,81808,91031.0,6.5039,297.97,77.561,1.7309,10.0,,23,,1.6535,0.18932,,,1.6533,0,,0,0,1,5,5,0,5.0,83587.0
92.0,75,100,90,0.0,71.606,20.939,0.0001,100,1.1,0,0.00097717,13.849,13.115,81855,91087.0,6.5122,297.97,75.676,1.7331,10.0,,23,,1.6501,0.18934,,,1.6554,0,,0,0,1,5,5,0,5.0,83944.0
92.2,75,100,90,0.0,67.238,18.392,0.0001,100,1.1,0,0.00092099,13.89,13.154,81901,91143.0,6.5196,297.96,73.257,1.7352,10.0,,23,,1.6406,0.18941,,,1.6574,0,,0,0,1,5,5,0,5.0,84630.0
92.4,75,100,90,0.0,59.912,15.159,0.0001,100,1.1,0,0.00092995,13.843,13.194,81945,91197.0,6.5211,297.96,73.573,1.7372,10.0,,23,,1.6558,0.18929,,,1.6594,0,,0,0,1,5,5,0,5.0,84485.0
92.6,75,100,90,0.0,52.008,14.13,0.0001,100,1.1,0,0.00091846,13.813,13.234,81988,91250.0,6.517,297.97,74.733,1.7393,10.0,,23,,1.671,0.18917,,,1.6613,0,,0,0,1,5,5,0,5.0,84340.0
92.8,75,100,90,0.0,45.739,13.827,0.0001,100,1.1,0,0.00090158,13.817,13.273,82030,91301.0,6.5067,297.97,75.729,1.7413,10.0,,23,,1.6616,0.18924,,,1.6633,0,,0,0,1,5,5,0,5.0,84860.0
93.0,75,100,90,0.0,43.603,13.474,0.0001,100,1.1,0,0.00091071,13.783,13.312,82071,91352.0,6.4951,297.97,77.395,1.7433,10.0,,23,,1.6712,0.18917,,,1.6652,0,,0,0,1,5,5,0,5.0,85215.0
93.2,75,100,90,0.0,46.083,13.812,0.0001,100,1.1,0,0.00091961,13.758,13.352,82113,91403.0,6.4868,297.98,79.111,1.7453,10.0,,23,,1.6817,0.18908,,,1.6672,0,,0,0,1,5,5,0,5.0,84736.0
93.4,75,100,90,0.0,51.877,14.34,0.0001,100,1.1,0,0.0008988,13.781,13.391,82156,91456.0,6.4841,297.98,79.377,1.7473,10.0,,23,,1.6801,0.18909,,,1.6691,0,,0,0,1,5,5,0,5.0,85754.0
93.6,75,100,90,0.0,58.728,13.75,0.0001,100,1.1,0,0.00089605,13.798,13.43,82200,91510.0,6.4884,297.98,79.161,1.7493,10.0,,23,,1.6716,0.18915,,,1.671,0,,0,0,1,5,5,0,5.0,84771.0
93.8,75,100,90,0.0,63.857,12.787,0.0001,100,1.1,0,0.00088638,13.819,13.468,82245,91564.0,6.4964,297.98,78.866,1.7513,10.0,,23,,1.6529,0.18929,,,1.6729,0,,0,0,1,5,5,0,5.0,84455.0
94.0,75,100,90,0.0,65.805,11.743,0.0001,100,1.1,0,0.00088023,13.816,13.507,82291,91620.0,6.506,297.98,78.591,1.7533,10.0,,23,,1.6531,0.18928,,,1.6748,0,,0,0,1,5,5,0,5.0,85304.0
94.2,75,100,90,0.0,63.922,10.69,0.0001,100,1.1,0,0.00086212,13.815,13.545,82336,91674.0,6.5157,297.98,78.202,1.7552,10.0,,23,,1.66,0.18923,,,1.6766,0,,0,0,1,5,5,0,5.0,85153.0
94.4,75,100,90,0.0,58.15,9.5109,0.0001,100,1.1,0,0.00084198,13.816,13.584,82381,91728.0,6.5209,297.98,77.954,1.757,10.0,,23,,1.6598,0.18923,,,1.6784,0,,0,0,1,5,5,0,5.0,85668.0
94.6,75,100,90,0.0,50.309,8.4202,0.0001,100,1.1,0,0.00082863,13.803,13.622,82423,91780.0,6.5204,297.98,78.118,1.7589,10.0,,23,,1.6643,0.18919,,,1.6801,0,,0,0,1,5,5,0,5.0,86015.0
94.8,75,100,90,0.0,42.707,7.666,0.0001,100,1.1,0,0.00085203,13.712,13.661,82464,91830.0,6.5131,297.98,80.283,1.7607,10.0,,23,,1.7141,0.18881,,,1.6819,0,,0,0,1,5,5,0,5.0,85866.0
95.0,75,100,90,0.0,38.002,8.682,0.0001,100,1.1,0,0.00084894,13.672,13.699,82504,91880.0,6.5021,297.99,82.087,1.7626,10.0,,23,,1.7425,0.18859,,,1.6837,0,,0,0,1,5,5,0,5.0,87217.0
95.2,75,100,90,0.0,37.678,9.548,0.0001,100,1.1,0,0.0008479,13.649,13.738,82544,91929.0,6.4923,297.99,83.588,1.7644,10.0,,23,,1.7535,0.1885,,,1.6855,0,,0,0,1,5,5,0,5.0,86735.0
95.4,75,100,90,0.0,41.26,10.327,0.0001,100,1.1,0,0.000861,13.617,13.777,82585,91980.0,6.4869,297.99,84.895,1.7663,10.0,,23,,1.7713,0.18836,,,1.6873,0,,0,0,1,5,5,0,5.0,87088.0
95.6,75,100,90,0.0,46.989,11.083,0.0001,100,1.1,0,0.00085702,13.614,13.816,82627,92031.0,6.4887,297.99,85.228,1.7682,10.0,,23,,1.7811,0.18829,,,1.6891,0,,0,0,1,5,5,0,5.0,87107.0
95.8,75,100,90,0.0,52.022,11.111,0.0001,100,1.1,0,0.00086115,13.618,13.855,82670,92083.0,6.4942,297.99,85.119,1.7701,10.0,,23,,1.7772,0.18831,,,1.6909,0,,0,0,1,5,5,0,5.0,86791.0
96.0,75,100,90,0.0,54.853,10.803,0.0001,100,1.1,0,0.00085456,13.639,13.894,82713,92136.0,6.5025,297.99,84.956,1.7719,10.0,1258.4,23,1607.3,1.7544,0.18848,13.738,23.009,1.6927,0,37.544,0,0,1,5,5,0,5.0,87141.0
96.2,75,100,90,0.0,54.347,10.443,0.0001,100,1.1,0,0.00086639,13.615,13.932,82757,92189.0,6.5099,297.99,85.346,1.7738,10.0,,23,,1.7534,0.18848,,,1.6945,0,,0,0,1,5,5,0,5.0,87323.0
96.4,75,100,90,0.0,50.916,10.556,0.0001,100,1.1,0,0.00089201,13.551,13.972,82799,92242.0,6.514,298.0,86.93,1.7757,10.0,,23,,1.7792,0.18829,,,1.6964,0,,0,0,1,5,5,0,5.0,87677.0
96.6,75,100,90,0.0,45.859,11.74,0.0001,100,1.1,0,0.00087644,13.563,14.011,82841,92293.0,6.5134,298.0,87.531,1.7777,10.0,,23,,1.7723,0.18833,,,1.6982,0,,0,0,1,5,5,0,5.0,87361.0
96.8,75,100,90,0.0,41.019,12.192,0.0001,100,1.1,0,0.00086129,13.561,14.049,82882,92343.0,6.5095,298.0,88.053,1.7795,10.0,,23,,1.765,0.18839,,,1.7,0,,0,0,1,5,5,0,5.0,88879.0
97.0,75,100,90,0.0,37.767,12.65,0.0001,100,1.1,0,0.00088247,13.511,14.089,82922,92393.0,6.5023,298.01,89.562,1.7814,10.0,,23,,1.7739,0.18831,,,1.7018,0,,0,0,1,5,5,0,5.0,88732.0
97.2,75,100,90,0.0,37.382,14.023,0.0001,100,1.1,0,0.00086692,13.536,14.127,82962,92442.0,6.4962,298.01,89.485,1.7833,10.0,,23,,1.7587,0.18843,,,1.7037,0,,0,0,1,5,5,0,5.0,89082.0
97.4,75,100,90,0.0,39.417,14.132,0.0001,100,1.1,0,0.0008732,13.51,14.166,83002,92492.0,6.4923,298.0,89.041,1.7852,10.0,,23,,1.7721,0.18832,,,1.7055,0,,0,0,1,5,5,0,5.0,88766.0
97.6,75,100,90,0.0,42.991,13.943,0.0001,100,1.1,0,0.00084886,13.548,14.204,83043,92543.0,6.4922,298.0,87.312,1.7871,10.0,,23,,1.7561,0.18844,,,1.7073,0,,0,0,1,5,5,0,5.0,88946.0
97.8,75,100,90,0.0,46.605,12.596,0.0001,100,1.1,0,0.00081185,13.612,14.241,83085,92594.0,6.4967,297.99,84.468,1.7889,10.0,,23,,1.7252,0.18867,,,1.709,0,,0,0,1,5,5,0,5.0,89121.0
98.0,75,100,90,0.0,48.422,10.136,0.0001,100,1.1,0,0.0008139,13.588,14.278,83127,92646.0,6.5029,297.99,82.744,1.7907,10.0,,23,,1.7389,0.18856,,,1.7107,0,,0,0,1,5,5,0,5.0,89297.0
98.2,75,100,90,0.0,47.791,8.4067,0.0001,100,1.1,0,0.00081324,13.589,14.315,83169,92697.0,6.5078,297.99,81.982,1.7924,10.0,,23,,1.7308,0.18862,,,1.7124,0,,0,0,1,5,5,0,5.0,88973.0
98.4,75,100,90,0.0,45.209,7.3319,0.0001,100,1.1,0,0.00081185,13.582,14.352,83210,92748.0,6.5101,297.99,81.802,1.7942,10.0,,23,,1.7244,0.18867,,,1.7141,0,,0,0,1,5,5,0,5.0,89649.0
98.6,75,100,90,0.0,41.706,6.6752,0.0001,100,1.1,0,0.0008115,13.573,14.389,83251,92798.0,6.5091,297.99,82.164,1.7959,10.0,,23,,1.7217,0.18868,,,1.7157,0,,0,0,1,5,5,0,5.0,89991.0
98.8,75,100,90,0.0,38.594,6.4632,0.0001,100,1.1,0,0.00083282,13.515,14.427,83291,92848.0,6.5036,297.99,83.844,1.7977,10.0,,23,,1.741,0.18853,,,1.7174,0,,0,0,1,5,5,0,5.0,89671.0
99.0,75,100,90,0.0,37.694,7.4228,0.0001,100,1.1,0,0.00083902,13.498,14.465,83331,92897.0,6.4984,297.99,85.358,1.7995,10.0,,23,,1.7439,0.18851,,,1.7192,0,,0,0,1,5,5,0,5.0,89684.0
99.2,75,100,90,0.0,38.844,8.3712,0.0001,100,1.1,0,0.00082292,13.511,14.502,83371,92947.0,6.4953,298.0,85.557,1.8013,10.0,,23,,1.7422,0.18852,,,1.7209,0,,0,0,1,5,5,0,5.0,91361.0
99.4,75,100,90,0.0,41.253,8.3205,0.0001,100,1.1,0,0.00082321,13.516,14.54,83412,92997.0,6.4951,298.0,85.721,1.803,10.0,,23,,1.7268,0.18863,,,1.7226,0,,0,0,1,5,5,0,5.0,90871.0
99.6,75,100,90,0.0,43.722,8.2834,0.0001,100,1.1,0,0.00081291,13.521,14.576,83453,93047.0,6.4997,297.99,85.148,1.8048,10.0,,23,,1.7303,0.1886,,,1.7243,0,,0,0,1,5,5,0,5.0,89712.0
99.8,75,100,90,0.0,44.347,7.6219,0.0001,100,1.1,0,0.00084635,13.461,14.614,83494,93098.0,6.5061,298.0,86.001,1.8066,10.0,,23,,1.756,0.1884,,,1.726,0,,0,0,1,5,5,0,5.0,90722.0
100.0,75,100,90,0.0,42.402,8.1595,0.0001,100,1.1,0,0.00083989,13.44,14.651,83535,93149.0,6.5097,298.0,86.356,1.8083,10.0,,23,,1.7757,0.18825,,,1.7277,0,,0,0,1,5,5,0,5.0,91401.0
100.2,75,100,90,0.0,39.066,8.3176,0.0001,100,1.0,-4000,0.00086282,12.562,14.69,82873,92399.0,6.537,298.0,87.424,1.8003,10.0,,23,,1.7696,0.18831,,,1.7199,0,,0,0,1,5,5,0,5.0,91415.0
100.4,75,100,90,0.0,24.719,9.1415,0.0001,100,1.0,-4000,0.00089745,12.451,14.73,82207,91646.0,6.5435,298.01,90.778,1.7874,10.0,,23,,1.7922,0.18816,,,1.7076,0,,0,0,1,5,5,0,5.0,91605.0
100.6,75,100,90,0.0,7.8916,12.07,0.0001,100,1.0,-4000,0.00091102,12.366,14.77,81538,90889.0,6.5241,298.02,94.511,1.7743,10.0,,23,,1.8048,0.18809,,,1.695,0,,0,0,1,5,5,0,5.0,90799.0
100.8,75,100,90,0.0,0.0,15.634,0.0001,100,1.0,-4000,0.00091464,12.332,14.812,80868,90132.0,6.4937,298.03,97.197,1.7611,10.0,,23,,1.7882,0.18825,,,1.6823,0,,0,0,1,5,5,0,5.0,91496.0
101.0,75,100,90,0.0,3.0834,18.642,0.0001,100,1.0,-4000,0.00089811,12.347,14.852,80199,89374.0,6.4704,298.02,96.973,1.7479,10.0,,23,,1.7626,0.18846,,,1.6696,0,,0,0,1,5,5,0,5.0,91690.0
101.2,75,100,90,0.0,15.42,19.33,0.0001,100,1.0,-4000,0.00091154,12.36,14.893,79532,88620.0,6.4656,298.02,95.373,1.7347,10.0,,23,,1.7312,0.18873,,,1.6569,0,,0,0,1,5,5,0,5.0,92049.0
101.4,75,100,90,0.0,29.64,18.801,0.0001,100,1.0,-4000,0.00092741,12.371,14.933,78867,87868.0,6.4783,298.01,92.985,1.7215,10.0,,23,,1.7009,0.18898,,,1.6443,0,,0,0,1,5,5,0,5.0,92074.0
101.6,75,100,90,0.0,38.798,17.408,0.0001,100,1.0,-4000,0.00096861,12.319,14.974,78205,87118.0,6.5002,298.01,91.735,1.7083,10.0,,23,,1.7001,0.18901,,,1.6316,0,,0,0,1,5,5,0,5.0,91935.0
101.8,75,100,90,0.0,39.199,16.825,0.0001,100,1.0,-4000,0.00096342,12.312,15.015,77543,86369.0,6.524,298.01,90.367,1.6951,10.0,,23,,1.6843,0.18916,,,1.619,0,,0,0,1,5,5,0,5.0,92464.0
102.0,75,100,90,0.0,30.127,15.976,0.0001,100,1.0,-4000,0.00099973,12.239,15.058,76880,85617.0,6.5368,298.01,91.503,1.682,10.0,,23,,1.6744,0.18926,,,1.6063,0,,0,0,1,5,5,0,5.0,93165.0
102.2,75,100,90,0.0,15.954,17.33,0.0001,100,1.0,0,0.0009917,12.182,15.101,76916,85663.0,6.5006,298.01,93.076,1.6791,10.0,,23,,1.689,0.18915,,,1.6036,0,,0,0,1,5,5,0,5.0,93203.0
102.4,75,100,90,0.0,16.397,19.166,0.0001,100,1.0,0,0.00097989,12.187,15.143,76952,85709.0,6.4692,298.01,92.805,1.6807,10.0,,23,,1.6941,0.18911,,,1.6051,0,,0,0,1,5,5,0,5.0,93905.0
102.6,75,100,90,0.0,29.205,19.415,0.0001,100,1.0,0,0.00098883,12.183,15.185,76991,85757.0,6.4571,298.01,92.057,1.6826,10.0,,23,,1.7059,0.18902,,,1.6069,0,,0,0,1,5,5,0,5.0,93438.0
102.8,75,100,90,0.0,46.806,19.226,0.0001,100,1.0,0,0.0010094,12.197,15.227,77033,85809.0,6.4653,298.01,90.538,1.6845,10.0,,23,,1.7018,0.18905,,,1.6087,0,,0,0,1,5,5,0,5.0,93638.0
103.0,75,100,90,0.0,61.127,18.244,0.0001,100,1.0,0,0.0010041,12.226,15.268,77079,85864.0,6.4831,298.0,87.872,1.6864,10.0,,23,,1.7038,0.18903,,,1.6106,0,,0,0,1,5,5,0,5.0,93834.0
103.2,75,100,90,0.0,68.377,16.046,0.0001,100,1.0,0,0.0010049,12.245,15.309,77125,85921.0,6.5025,297.99,85.737,1.6883,10.0,,23,,1.6908,0.18912,,,1.6124,0,,0,0,1,5,5,0,5.0,93861.0
103.4,75,100,90,0.0,67.909,14.098,0.0001,100,1.0,0,0.0010227,12.226,15.35,77172,85977.0,6.5189,297.99,85.376,1.6903,10.0,,23,,1.6828,0.18918,,,1.6143,0,,0,0,1,5,5,0,5.0,94224.0
103.6,75,100,90,0.0,60.889,13.59,0.0001,100,1.0,0,0.0010406,12.156,15.392,77217,86032.0,6.5308,298.0,86.763,1.6922,10.0,,23,,1.7123,0.18895,,,1.6162,0,,0,0,1,5,5,0,5.0,94091.0
103.8,75,100,90,0.0,49.122,14.65,0.0001,100,1.0,0,0.0010438,12.105,15.435,77260,86085.0,6.5336,298.0,89.118,1.6942,10.0,,23,,1.7283,0.18883,,,1.6181,0,,0,0,1,5,5,0,5.0,95460.0
104.0,75,100,90,0.0,36.231,16.722,0.0001,100,1.0,0,0.0010067,12.083,15.477,77300,86135.0,6.5244,298.01,90.29,1.6961,10.0,,23,,1.749,0.18867,,,1.6199,0,,0,0,1,5,5,0,5.0,95163.0
104.2,75,100,90,0.0,27.027,17.904,0.0001,100,1.0,0,0.0010181,12.024,15.521,77338,86183.0,6.5051,298.01,92.239,1.698,10.0,,23,,1.7699,0.1885,,,1.6218,0,,0,0,1,5,5,0,5.0,95704.0
104.4,75,100,90,0.0,25.559,19.958,0.0001,100,1.0,0,0.0010197,11.991,15.564,77376,86231.0,6.4846,298.02,93.652,1.7,10.0,,23,,1.791,0.18834,,,1.6236,0,,0,0,1,5,5,0,5.0,95745.0
104.6,75,100,90,0.0,32.226,21.691,0.0001,100,1.0,0,0.0010388,11.963,15.609,77416,86280.0,6.4736,298.02,94.362,1.7019,10.0,,23,,1.8087,0.1882,,,1.6255,0,,0,0,1,5,5,0,5.0,95956.0
104.8,75,100,90,0.0,43.291,22.921,0.0001,100,1.0,0,0.0010312,11.986,15.652,77457,86331.0,6.4756,298.02,93.815,1.7039,10.0,,23,,1.8042,0.18823,,,1.6273,0,,0,0,1,5,5,0,5.0,95829.0
105.0,75,100,90,0.0,53.532,23.06,0.0001,100,1.0,0,0.0010488,11.979,15.696,77501,86385.0,6.4873,298.01,92.839,1.7058,10.0,,23,,1.8082,0.1882,,,1.6292,0,,0,0,1,5,5,0,5.0,95870.0
105.2,75,100,90,0.0,59.1,22.769,0.0001,100,1.0,0,0.0010333,12.014,15.739,77546,86440.0,6.5008,298.01,90.894,1.7078,10.0,,23,,1.7907,0.18833,,,1.6311,0,,0,0,1,5,5,0,5.0,96408.0
105.4,75,100,90,0.0,59.298,21.482,0.0001,100,1.0,0,0.0010337,12.008,15.782,77591,86494.0,6.513,298.0,89.396,1.7097,10.0,,23,,1.7822,0.18839,,,1.633,0,,0,0,1,5,5,0,5.0,96280.0
105.6,75,100,90,0.0,54.617,20.436,0.0001,100,1.0,0,0.001042,11.964,15.826,77635,86548.0,6.5205,298.0,89.441,1.7117,10.0,,23,,1.7946,0.18829,,,1.6349,0,,0,0,1,5,5,0,5.0,95655.0
105.8,75,100,90,0.0,46.965,20.67,0.0001,100,1.0,0,0.0010639,11.891,15.87,77677,86601.0,6.5218,298.01,91.275,1.7137,10.0,,23,,1.8153,0.18813,,,1.6368,0,,0,0,1,5,5,0,5.0,96202.0
106.0,75,100,90,0.0,38.774,22.546,0.0001,100,1.0,0,0.00106,11.875,15.915,77718,86652.0,6.5139,298.01,92.921,1.7157,10.0,,23,,1.8079,0.18818,,,1.6387,0,,0,0,1,5,5,0,5.0,96416.0
106.2,75,100,90,0.0,33.773,24.394,0.0001,100,1.0,0,0.001081,11.807,15.961,77757,86701.0,6.5013,298.02,95.683,1.7178,10.0,,23,,1.8296,0.18801,,,1.6407,0,,0,0,1,5,5,0,5.0,98302.0
106.4,75,100,90,0.0,33.77,27.452,0.0001,100,1.0,0,0.0010789,11.81,16.007,77797,86751.0,6.4897,298.03,97.393,1.7198,10.0,,23,,1.8163,0.18811,,,1.6427,0,,0,0,1,5,5,0,5.0,97686.0
106.6,75,100,90,0.0,38.42,29.786,0.0001,100,1.0,0,0.0010872,11.816,16.052,77837,86802.0,6.4824,298.03,97.664,1.7219,10.0,,23,,1.8049,0.18819,,,1.6446,0,,0,0,1,5,5,0,5.0,97569.0
106.8,75,100,90,0.0,45.982,30.976,0.0001,100,1.0,0,0.0011011,11.792,16.098,77880,86855.0,6.4817,298.02,96.956,1.724,10.0,,23,,1.8198,0.18808,,,1.6466,0,,0,0,1,5,5,0,5.0,97453.0
107.0,75,100,90,0.0,53.82,31.31,0.0001,100,1.0,0,0.0011071,11.789,16.143,77923,86909.0,6.4874,298.02,96.363,1.7261,10.0,,23,,1.8288,0.188,,,1.6487,0,,0,0,1,5,5,0,5.0,98004.0
107.2,75,100,90,0.0,59.354,31.7,0.0001,100,1.0,0,0.0011049,11.798,16.188,77968,86964.0,6.4966,298.02,94.85,1.7282,10.0,,23,,1.8328,0.18797,,,1.6507,0,,0,0,1,5,5,0,5.0,98218.0
107.4,75,100,90,0.0,61.238,31.174,0.0001,100,1.0,0,0.001089,11.823,16.233,78013,87019.0,6.5065,298.01,92.864,1.7302,10.0,,23,,1.8206,0.18806,,,1.6526,0,,0,0,1,5,5,0,5.0,98764.0
107.6,75,100,90,0.0,59.151,30.076,0.0001,100,1.0,0,0.0010825,11.811,16.277,78058,87074.0,6.5147,298.01,91.234,1.7323,10.0,,23,,1.8239,0.18803,,,1.6546,0,,0,0,1,5,5,0,5.0,99640.0
107.8,75,100,90,0.0,53.813,29.118,0.0001,100,1.0,0,0.0010638,11.812,16.32,78102,87128.0,6.5195,298.0,89.578,1.7343,10.0,,23,,1.8216,0.18804,,,1.6566,0,,0,0,1,5,5,0,5.0,98847.0
108.0,75,100,90,0.0,46.539,27.966,0.0001,100,1.0,0,0.001043,11.805,16.363,78144,87180.0,6.5175,298.0,87.838,1.7363,10.0,1319.9,23,1613.5,1.8221,0.18804,16.188,23.947,1.6585,0,46.582,0,0,1,5,5,0,5.0,98885.0
108.2,75,100,90,0.0,40.061,26.57,0.0001,100,1.0,0,0.0010469,11.774,16.406,78185,87232.0,6.5075,298.0,87.494,1.7383,10.0,,23,,1.8209,0.18804,,,1.6604,0,,0,0,1,5,5,0,5.0,99591.0
108.4,75,100,90,0.0,37.613,26.294,0.0001,100,1.0,0,0.001059,11.729,16.45,78225,87282.0,6.4944,298.0,88.25,1.7403,10.0,,23,,1.8334,0.18794,,,1.6623,0,,0,0,1,5,5,0,5.0,99134.0
108.6,75,100,90,0.0,40.395,26.974,0.0001,100,1.0,0,0.0010367,11.756,16.493,78266,87333.0,6.4853,298.0,87.458,1.7423,10.0,,23,,1.8277,0.18798,,,1.6642,0,,0,0,1,5,5,0,5.0,99507.0
108.8,75,100,90,0.0,46.798,26.275,0.0001,100,1.0,0,0.0010304,11.786,16.536,78308,87386.0,6.4816,297.99,85.775,1.7443,10.0,,23,,1.8102,0.18811,,,1.6661,0,,0,0,1,5,5,0,5.0,100040.0
109.0,75,100,90,0.0,54.677,24.705,0.0001,100,1.0,0,0.0010504,11.769,16.58,78352,87440.0,6.4833,297.99,85.257,1.7462,10.0,,23,,1.8089,0.18812,,,1.668,0,,0,0,1,5,5,0,5.0,100580.0
109.2,75,100,90,0.0,61.839,24.061,0.0001,100,1.0,0,0.0010712,11.743,16.623,78397,87495.0,6.4904,297.99,85.538,1.7483,10.0,,23,,1.8213,0.18802,,,1.67,0,,0,0,1,5,5,0,5.0,101290.0
109.4,75,100,90,0.0,66.2,24.079,0.0001,100,1.0,0,0.0010693,11.755,16.666,78443,87552.0,6.5009,297.99,85.101,1.7503,10.0,,23,,1.8175,0.18804,,,1.6719,0,,0,0,1,5,5,0,5.0,100500.0
109.6,75,100,90,0.0,66.365,23.446,0.0001,100,1.0,0,0.0010746,11.733,16.709,78490,87608.0,6.5111,297.99,85.369,1.7524,10.0,,23,,1.8256,0.18798,,,1.6739,0,,0,0,1,5,5,0,5.0,100870.0
109.8,75,100,90,0.0,62.462,23.436,0.0001,100,1.0,0,0.0010926,11.681,16.753,78535,87664.0,6.5186,298.0,86.331,1.7544,10.0,,23,,1.8419,0.18785,,,1.6759,0,,0,0,1,5,5,0,5.0,100740.0
110.0,75,100,90,0.0,55.533,24.076,0.0001,100,1.0,0,0.0011304,11.598,16.798,78579,87719.0,6.5185,298.0,88.698,1.7565,10.0,,23,,1.8659,0.18766,,,1.6779,0,,0,0,1,5,5,0,5.0,101460.0
110.2,75,100,90,0.0,48.674,26.093,0.0001,100,1.0,0,0.0011163,11.577,16.843,78621,87772.0,6.5126,298.01,91.146,1.7587,10.0,,23,,1.8721,0.18761,,,1.68,0,,0,0,1,5,5,0,5.0,101170.0
110.4,75,100,90,0.0,44.169,28.391,0.0001,100,1.0,0,0.0011133,11.567,16.888,78663,87824.0,6.5036,298.01,92.764,1.7608,10.0,,23,,1.8621,0.18768,,,1.682,0,,0,0,1,5,5,0,5.0,101720.0
110.6,75,100,90,0.0,43.275,30.168,0.0001,100,1.0,0,0.0011147,11.544,16.933,78705,87876.0,6.4928,298.02,93.749,1.7629,10.0,,23,,1.8673,0.18764,,,1.684,0,,0,0,1,5,5,0,5.0,101940.0
110.8,75,100,90,0.0,46.672,31.54,0.0001,100,1.0,0,0.0010981,11.571,16.977,78747,87929.0,6.4855,298.01,92.821,1.765,10.0,,23,,1.8593,0.1877,,,1.6861,0,,0,0,1,5,5,0,5.0,101810.0
111.0,75,100,90,0.0,52.967,31.266,0.0001,100,1.0,0,0.0010902,11.597,17.022,78790,87983.0,6.4872,298.01,91.126,1.7671,10.0,,23,,1.8477,0.18778,,,1.6881,0,,0,0,1,5,5,0,5.0,102520.0
111.2,75,100,90,0.0,58.567,30.233,0.0001,100,1.0,0,0.0011092,11.585,17.066,78835,88038.0,6.4936,298.01,89.781,1.7692,10.0,,23,,1.843,0.18781,,,1.6901,0,,0,0,1,5,5,0,5.0,102570.0
111.4,75,100,90,0.0,61.64,29.369,0.0001,100,1.0,0,0.0010966,11.601,17.11,78880,88094.0,6.5014,298.0,88.72,1.7713,10.0,,23,,1.8382,0.18785,,,1.6921,0,,0,0,1,5,5,0,5.0,102110.0
111.6,75,100,90,0.0,61.593,28.626,0.0001,100,1.0,0,0.0011042,11.59,17.153,78925,88150.0,6.5083,298.0,88.276,1.7734,10.0,,23,,1.8342,0.18787,,,1.6941,0,,0,0,1,5,5,0,5.0,103650.0
111.8,75,100,90,0.0,58.796,28.336,0.0001,100,1.0,0,0.0011217,11.547,17.198,78970,88205.0,6.5122,298.0,88.713,1.7755,10.0,,23,,1.8438,0.1878,,,1.6961,0,,0,0,1,5,5,0,5.0,102200.0
112.0,75,100,90,0.0,54.43,28.797,0.0001,100,1.0,0,0.0011442,11.492,17.243,79013,88259.0,6.5129,298.01,90.871,1.7776,10.0,,23,,1.8621,0.18765,,,1.6982,0,,0,0,1,5,5,0,5.0,103080.0
112.2,75,100,90,0.0,49.819,30.859,0.0001,100,1.0,0,0.0011706,11.43,17.289,79056,88313.0,6.5082,298.01,93.0,1.7798,10.0,,23,,1.8826,0.18749,,,1.7003,0,,0,0,1,5,5,0,5.0,102970.0
112.4,75,100,90,0.0,47.062,33.073,0.0001,100,1.0,0,0.0011415,11.429,17.335,79098,88366.0,6.5012,298.02,94.374,1.782,10.0,,23,,1.8917,0.18742,,,1.7023,0,,0,0,1,5,5,0,5.0,104180.0
112.6,75,100,90,0.0,47.101,34.81,0.0001,100,1.0,0,0.0011259,11.429,17.38,79140,88419.0,6.4957,298.02,94.563,1.7841,10.0,,23,,1.896,0.18738,,,1.7044,0,,0,0,1,5,5,0,5.0,105070.0
112.8,75,100,90,0.0,49.355,35.613,0.0001,100,1.0,0,0.0011357,11.421,17.425,79183,88472.0,6.4909,298.02,95.263,1.7862,10.0,,23,,1.8872,0.18745,,,1.7064,0,,0,0,1,5,5,0,5.0,104280.0
113.0,75,100,90,0.0,53.526,36.926,0.0001,100,1.0,0,0.0011156,11.46,17.471,79227,88527.0,6.4886,298.02,94.095,1.7883,10.0,,23,,1.8685,0.18758,,,1.7085,0,,0,0,1,5,5,0,5.0,103670.0
113.2,75,100,90,0.0,58.606,36.593,0.0001,100,1.0,0,0.0010996,11.488,17.515,79271,88582.0,6.4912,298.01,91.953,1.7904,10.0,,23,,1.8581,0.18766,,,1.7105,0,,0,0,1,5,5,0,5.0,105540.0
113.4,75,100,90,0.0,62.631,35.293,0.0001,100,1.0,0,0.00107,11.536,17.558,79316,88638.0,6.4967,298.0,88.499,1.7925,10.0,,23,,1.8369,0.18782,,,1.7124,0,,0,0,1,5,5,0,5.0,104580.0
113.6,75,100,90,0.0,64.453,32.606,0.0001,100,1.0,0,0.0010587,11.551,17.601,79362,88694.0,6.5035,297.99,85.518,1.7945,10.0,,23,,1.8246,0.18791,,,1.7144,0,,0,0,1,5,5,0,5.0,104460.0
113.8,75,100,90,0.0,63.585,30.035,0.0001,100,1.0,0,0.001077,11.508,17.645,79408,88750.0,6.5091,297.99,84.129,1.7965,10.0,,23,,1.8345,0.18783,,,1.7163,0,,0,0,1,5,5,0,5.0,105660.0
114.0,75,100,90,0.0,60.479,28.611,0.0001,100,1.0,0,0.0010743,11.482,17.689,79452,88806.0,6.5119,297.99,84.023,1.7985,10.0,,23,,1.8441,0.18775,,,1.7183,0,,0,0,1,5,5,0,5.0,105370.0
114.2,75,100,90,0.0,56.248,28.186,0.0001,100,1.0,0,0.0010802,11.452,17.734,79496,88861.0,6.511,297.99,84.69,1.8006,10.0,,23,,1.8506,0.1877,,,1.7202,0,,0,0,1,5,5,0,5.0,105920.0
114.4,75,100,90,0.0,52.361,28.428,0.0001,100,1.0,0,0.0010474,11.48,17.778,79540,88914.0,6.5082,297.99,83.899,1.8026,10.0,,23,,1.8402,0.18777,,,1.7221,0,,0,0,1,5,5,0,5.0,106460.0
114.6,75,100,90,0.0,49.612,27.395,0.0001,100,1.0,0,0.0010411,11.467,17.821,79582,88968.0,6.5034,297.99,83.141,1.8046,10.0,,23,,1.8418,0.18776,,,1.724,0,,0,0,1,5,5,0,5.0,105500.0
114.8,75,100,90,0.0,48.797,26.343,0.0001,100,1.0,0,0.0010409,11.454,17.865,79625,89021.0,6.4983,297.99,83.295,1.8065,10.0,,23,,1.8472,0.18771,,,1.7259,0,,0,0,1,5,5,0,5.0,107050.0
115.0,75,100,90,0.0,49.981,26.045,0.0001,100,1.0,0,0.0010509,11.451,17.909,79668,89074.0,6.4979,297.99,84.123,1.8085,10.0,,23,,1.83,0.18784,,,1.7278,0,,0,0,1,5,5,0,5.0,107260.0
115.2,75,100,90,0.0,51.307,26.354,0.0001,100,1.0,0,0.0010513,11.442,17.953,79711,89128.0,6.4984,297.99,85.067,1.8105,10.0,,23,,1.8349,0.1878,,,1.7297,0,,0,0,1,5,5,0,5.0,106970.0
115.4,75,100,90,0.0,52.475,26.836,0.0001,100,1.0,0,0.0010491,11.45,17.997,79754,89182.0,6.5004,297.99,85.402,1.8125,10.0,,23,,1.8292,0.18784,,,1.7316,0,,0,0,1,5,5,0,5.0,106670.0
115.6,75,100,90,0.0,52.836,26.857,0.0001,100,1.0,0,0.0010013,11.525,18.038,79797,89235.0,6.5035,297.99,83.507,1.8144,10.0,,23,,1.802,0.18804,,,1.7335,0,,0,0,1,5,5,0,5.0,107040.0
115.8,75,100,90,0.0,51.945,24.904,0.0001,100,1.0,0,0.00099776,11.507,18.08,79840,89289.0,6.5053,297.98,82.006,1.8162,10.0,,23,,1.8094,0.18798,,,1.7353,0,,0,0,1,5,5,0,5.0,106900.0
116.0,75,100,90,0.0,50.337,23.165,0.0001,100,1.0,0,0.00098454,11.507,18.122,79883,89342.0,6.503,297.98,80.952,1.8181,10.0,,23,,1.8091,0.18798,,,1.737,0,,0,0,1,5,5,0,5.0,107440.0
116.2,75,100,90,0.0,49.687,21.677,0.0001,100,1.0,0,0.00096987,11.514,18.163,79926,89395.0,6.501,297.98,80.0,1.8199,10.0,,23,,1.8068,0.18799,,,1.7388,0,,0,0,1,5,5,0,5.0,108130.0
116.4,75,100,90,0.0,49.791,20.168,0.0001,100,1.0,0,0.00096958,11.503,18.204,79969,89448.0,6.4981,297.98,79.854,1.8217,10.0,,23,,1.8144,0.18793,,,1.7405,0,,0,0,1,5,5,0,5.0,107990.0
116.6,75,100,90,0.0,51.075,19.293,0.0001,100,1.0,0,0.00096854,11.495,18.245,80011,89501.0,6.4961,297.98,79.509,1.8236,10.0,,23,,1.8177,0.1879,,,1.7423,0,,0,0,1,5,5,0,5.0,108850.0
116.8,75,100,90,0.0,53.156,18.208,0.0001,100,1.0,0,0.00096798,11.474,18.285,80055,89555.0,6.497,297.98,79.22,1.8254,10.0,,23,,1.8425,0.18771,,,1.744,0,,0,0,1,5,5,0,5.0,107880.0
117.0,75,100,90,0.0,54.848,17.144,0.0001,100,1.0,0,0.00096422,11.464,18.325,80099,89609.0,6.5001,297.98,78.245,1.8272,10.0,,23,,1.8599,0.18757,,,1.7458,0,,0,0,1,5,5,0,5.0,108240.0
117.2,75,100,90,0.0,55.335,15.431,0.0001,100,1.0,0,0.00098637,11.414,18.366,80142,89663.0,6.5026,297.98,78.525,1.829,10.0,,23,,1.8806,0.18741,,,1.7475,0,,0,0,1,5,5,0,5.0,107930.0
117.4,75,100,90,0.0,54.808,14.768,0.0001,100,1.0,0,0.00099641,11.393,18.407,80186,89718.0,6.5051,297.98,79.533,1.8308,10.0,,23,,1.8819,0.1874,,,1.7493,0,,0,0,1,5,5,0,5.0,109620.0
117.6,75,100,90,0.0,53.268,14.764,0.0001,100,1.0,0,0.0009947,11.367,18.448,80229,89771.0,6.5071,297.98,80.405,1.8327,10.0,,23,,1.8989,0.18727,,,1.7511,0,,0,0,1,5,5,0,5.0,109320.0
117.8,75,100,90,0.0,50.964,14.721,0.0001,100,1.0,0,0.00097531,11.383,18.489,80272,89825.0,6.5073,297.98,80.713,1.8345,10.0,,23,,1.8899,0.18733,,,1.7528,0,,0,0,1,5,5,0,5.0,108510.0
118.0,75,100,90,0.0,48.57,14.258,0.0001,100,1.0,0,0.00096292,11.378,18.529,80315,89878.0,6.5057,297.98,81.25,1.8363,10.0,,23,,1.8872,0.18735,,,1.7546,0,,0,0,1,5,5,0,5.0,109870.0
118.2,75,100,90,0.0,46.83,14.042,0.0001,100,1.0,0,0.00096237,11.353,18.57,80357,89930.0,6.5036,297.98,81.885,1.8381,10.0,,23,,1.9033,0.18722,,,1.7563,0,,0,0,1,5,5,0,5.0,110230.0
118.4,75,100,90,0.0,45.929,13.961,0.0001,100,1.0,0,0.00097908,11.309,18.61,80399,89982.0,6.5017,297.99,83.239,1.8399,10.0,,23,,1.9148,0.18713,,,1.758,0,,0,0,1,5,5,0,5.0,109760.0
118.6,75,100,90,0.0,45.772,14.587,0.0001,100,1.0,0,0.00098272,11.301,18.651,80440,90035.0,6.498,297.99,84.648,1.8418,10.0,,23,,1.914,0.18714,,,1.7598,0,,0,0,1,5,5,0,5.0,110620.0
118.8,75,100,90,0.0,47.115,15.379,0.0001,100,1.0,0,0.00097887,11.299,18.692,80483,90087.0,6.4957,297.99,85.338,1.8436,10.0,,23,,1.9124,0.18714,,,1.7616,0,,0,0,1,5,5,0,5.0,109650.0
119.0,75,100,90,0.0,49.363,15.662,0.0001,100,1.0,0,0.00096551,11.317,18.733,80525,90140.0,6.4948,297.99,84.981,1.8454,10.0,,23,,1.9055,0.18719,,,1.7633,0,,0,0,1,5,5,0,5.0,109670.0
119.2,75,100,90,0.0,51.949,15.087,0.0001,100,1.0,0,0.0009834,11.294,18.773,80568,90194.0,6.494,297.99,85.182,1.8472,10.0,,23,,1.9079,0.18717,,,1.7651,0,,0,0,1,5,5,0,5.0,111030.0
119.4,75,100,90,0.0,54.856,14.997,0.0001,100,1.0,0,0.00099795,11.272,18.814,80612,90248.0,6.4943,297.99,85.748,1.8491,10.0,,23,,1.9155,0.18711,,,1.7668,0,,0,0,1,5,5,0,5.0,110230.0
119.6,75,100,90,0.0,57.661,15.244,0.0001,100,1.0,0,0.00097744,11.298,18.854,80656,90303.0,6.4975,297.99,85.225,1.8509,10.0,,23,,1.9132,0.18712,,,1.7686,0,,0,0,1,5,5,0,5.0,111090.0
119.8,75,100,90,0.0,59.187,14.563,0.0001,100,1.0,0,0.00099022,11.263,18.895,80701,90358.0,6.5018,297.99,85.257,1.8528,10.0,,23,,1.9277,0.18701,,,1.7704,0,,0,0,1,5,5,0,5.0,110780.0
120.0,75,100,90,0.0,58.991,14.35,0.0001,100,1.0,0,0.00096005,11.288,18.934,80745,90413.0,6.5068,297.99,84.301,1.8546,10.0,1307.1,23,1604.7,1.9248,0.18703,18.773,24.928,1.7721,0,55.463,0,0,1,5,5,0,5.0,110800.0
120.2,75,100,90,0.0,56.78,13.245,0.0001,100,1.0,0,0.00098095,11.247,18.975,80789,90468.0,6.5095,297.99,84.701,1.8564,10.0,,23,,1.9316,0.18697,,,1.7738,0,,0,0,1,5,5,0,5.0,111160.0
120.4,75,100,90,0.0,53.52,13.279,0.0001,100,1.0,0,0.00098904,11.221,19.016,80832,90522.0,6.5086,297.99,85.628,1.8582,10.0,,23,,1.9301,0.18698,,,1.7756,0,,0,0,1,5,5,0,5.0,112360.0
120.6,75,100,90,0.0,50.601,13.796,0.0001,100,1.0,0,0.0009919,11.205,19.057,80875,90576.0,6.5055,298.0,86.494,1.86,10.0,,23,,1.9352,0.18694,,,1.7774,0,,0,0,1,5,5,0,5.0,112380.0
120.8,75,100,90,0.0,48.938,14.337,0.0001,100,1.0,0,0.0010139,11.154,19.099,80918,90629.0,6.5013,298.0,88.099,1.8619,10.0,,23,,1.9478,0.18684,,,1.7791,0,,0,0,1,5,5,0,5.0,112250.0
121.0,75,100,90,0.0,48.944,15.622,0.0001,100,1.0,0,0.00099763,11.146,19.141,80960,90682.0,6.4969,298.0,89.168,1.8638,10.0,,23,,1.9598,0.18675,,,1.7809,0,,0,0,1,5,5,0,5.0,112280.0
121.2,75,100,90,0.0,50.706,16.57,0.0001,100,1.0,0,0.0010153,11.109,19.183,81003,90736.0,6.4946,298.01,90.334,1.8656,10.0,,23,,1.9788,0.1866,,,1.7827,0,,0,0,1,5,5,0,5.0,112480.0
121.4,75,100,90,0.0,53.368,17.717,0.0001,100,1.0,0,0.0010264,11.085,19.224,81046,90790.0,6.4949,298.01,91.191,1.8675,10.0,,23,,1.9928,0.18649,,,1.7845,0,,0,0,1,5,5,0,5.0,113350.0
121.6,75,100,90,0.0,55.91,18.7,0.0001,100,1.0,0,0.0010321,11.07,19.267,81090,90845.0,6.4967,298.01,91.978,1.8694,10.0,,23,,2.0029,0.18641,,,1.7864,0,,0,0,1,5,5,0,5.0,112710.0
121.8,75,100,90,0.0,57.731,19.71,0.0001,100,1.0,0,0.0010566,11.039,19.309,81134,90900.0,6.5002,298.01,93.036,1.8713,10.0,,23,,2.0069,0.18637,,,1.7882,0,,0,0,1,5,5,0,5.0,113580.0
122.0,75,100,90,0.0,58.161,21.037,0.0001,100,1.0,0,0.001058,11.029,19.352,81178,90955.0,6.5036,298.01,93.239,1.8733,10.0,,23,,2.0158,0.1863,,,1.7901,0,,0,0,1,5,5,0,5.0,113290.0
122.2,75,100,90,0.0,57.238,21.701,0.0001,100,1.0,0,0.0010251,11.057,19.393,81222,91010.0,6.5066,298.01,91.794,1.8751,10.0,,23,,2.021,0.18626,,,1.7919,0,,0,0,1,5,5,0,5.0,113820.0
122.4,75,100,90,0.0,55.11,20.938,0.0001,100,1.0,0,0.0010231,11.029,19.434,81266,91065.0,6.5069,298.01,90.949,1.877,10.0,,23,,2.0378,0.18613,,,1.7937,0,,0,0,1,5,5,0,5.0,114350.0
122.6,75,100,90,0.0,52.896,20.599,0.0001,100,1.0,0,0.001032,10.982,19.476,81309,91119.0,6.5057,298.01,90.067,1.8789,10.0,,23,,2.068,0.18589,,,1.7954,0,,0,0,1,5,5,0,5.0,115040.0
122.8,75,100,90,0.0,51.141,20.135,0.0001,100,1.0,0,0.0010694,10.909,19.519,81352,91173.0,6.5025,298.01,90.828,1.8808,10.0,,23,,2.0889,0.18573,,,1.7973,0,,0,0,1,5,5,0,5.0,113580.0
123.0,75,100,90,0.0,50.657,21.045,0.0001,100,1.0,0,0.0010485,10.94,19.561,81395,91227.0,6.4992,298.01,90.24,1.8827,10.0,,23,,2.0709,0.18587,,,1.7991,0,,0,0,1,5,5,0,5.0,114780.0
123.2,75,100,90,0.0,51.48,20.8,0.0001,100,1.0,0,0.0010552,10.932,19.603,81438,91281.0,6.4971,298.0,89.75,1.8846,10.0,,23,,2.0646,0.18591,,,1.8009,0,,0,0,1,5,5,0,5.0,114480.0
123.4,75,100,90,0.0,53.166,20.611,0.0001,100,1.0,0,0.0010799,10.895,19.646,81481,91335.0,6.4956,298.01,90.732,1.8865,10.0,,23,,2.0693,0.18587,,,1.8028,0,,0,0,1,5,5,0,5.0,114690.0
123.6,75,100,90,0.0,55.426,21.677,0.0001,100,1.0,0,0.0010627,10.907,19.689,81524,91390.0,6.4969,298.01,90.337,1.8884,10.0,,23,,2.0778,0.1858,,,1.8046,0,,0,0,1,5,5,0,5.0,115390.0
123.8,75,100,90,0.0,57.197,21.59,0.0001,100,1.0,0,0.0010363,10.932,19.73,81568,91445.0,6.5006,298.0,88.677,1.8903,10.0,,23,,2.0759,0.18581,,,1.8065,0,,0,0,1,5,5,0,5.0,115750.0
124.0,75,100,90,0.0,57.457,20.374,0.0001,100,1.0,0,0.0010266,10.952,19.771,81612,91500.0,6.5038,298.0,86.992,1.8922,10.0,,23,,2.0647,0.18589,,,1.8082,0,,0,0,1,5,5,0,5.0,115120.0
124.2,75,100,90,0.0,56.452,19.001,0.0001,100,1.0,0,0.0010337,10.933,19.813,81656,91555.0,6.5053,298.0,86.093,1.894,10.0,,23,,2.0662,0.18588,,,1.81,0,,0,0,1,5,5,0,5.0,115980.0
124.4,75,100,90,0.0,54.844,18.162,0.0001,100,1.0,0,0.0010527,10.887,19.855,81700,91610.0,6.504,298.0,86.436,1.8959,10.0,,23,,2.0827,0.18575,,,1.8118,0,,0,0,1,5,5,0,5.0,116180.0
124.6,75,100,90,0.0,53.762,18.318,0.0001,100,1.0,0,0.0010627,10.856,19.897,81743,91665.0,6.5023,298.0,86.962,1.8978,10.0,,23,,2.0935,0.18566,,,1.8136,0,,0,0,1,5,5,0,5.0,115380.0
124.8,75,100,90,0.0,53.347,18.644,0.0001,100,1.0,0,0.001036,10.892,19.939,81786,91719.0,6.5017,298.0,86.152,1.8996,10.0,,23,,2.0794,0.18577,,,1.8154,0,,0,0,1,5,5,0,5.0,116080.0
125.0,75,100,90,0.0,53.172,17.84,0.0001,100,1.0,0,0.0010292,10.89,19.98,81830,91773.0,6.5019,297.99,85.1,1.9014,10.0,,23,,2.0856,0.18572,,,1.8171,0,,0,0,1,5,5,0,5.0,116610.0
125.2,75,100,90,0.0,52.912,16.77,0.0001,100,1.0,0,0.0010335,10.869,20.021,81873,91827.0,6.5004,297.99,84.724,1.9033,10.0,,23,,2.0897,0.18568,,,1.8189,0,,0,0,1,5,5,0,5.0,116970.0
125.4,75,100,90,0.0,53.261,16.2,0.0001,100,1.0,0,0.001028,10.896,20.062,81916,91882.0,6.4999,297.99,83.799,1.9051,10.0,,23,,2.0684,0.18584,,,1.8206,0,,0,0,1,5,5,0,5.0,116670.0
125.6,75,100,90,0.0,53.832,15.098,0.0001,100,1.0,0,0.0010033,10.926,20.103,81959,91936.0,6.4997,297.99,82.657,1.9069,10.0,,23,,2.0552,0.18594,,,1.8224,0,,0,0,1,5,5,0,5.0,117860.0
125.8,75,100,90,0.0,54.451,13.729,0.0001,100,1.0,0,0.00099164,10.93,20.143,82003,91990.0,6.5,297.98,81.545,1.9086,10.0,,23,,2.0534,0.18595,,,1.824,0,,0,0,1,5,5,0,5.0,116720.0
126.0,75,100,90,0.0,54.958,12.28,0.0001,100,1.0,0,0.00098617,10.923,20.184,82046,92045.0,6.5015,297.98,81.047,1.9103,10.0,,23,,2.0532,0.18595,,,1.8257,0,,0,0,1,5,5,0,5.0,116910.0
126.2,75,100,90,0.0,54.861,11.266,0.0001,100,1.0,0,0.00099507,10.907,20.225,82090,92100.0,6.5016,297.98,81.017,1.9121,10.0,,23,,2.0535,0.18594,,,1.8274,0,,0,0,1,5,5,0,5.0,118270.0
126.4,75,100,90,0.0,54.765,10.602,0.0001,100,1.0,0,0.00096773,10.944,20.265,82133,92154.0,6.5029,297.98,80.405,1.9138,10.0,,23,,2.04,0.18604,,,1.829,0,,0,0,1,5,5,0,5.0,117630.0
126.6,75,100,90,0.0,54.13,9.4169,0.0001,100,1.0,0,0.0009345,10.976,20.304,82177,92208.0,6.5046,297.98,78.756,1.9155,10.0,,23,,2.0391,0.18605,,,1.8306,0,,0,0,1,5,5,0,5.0,117650.0
126.8,75,100,90,0.0,52.789,7.2748,0.0001,100,1.0,0,0.00095021,10.92,20.344,82220,92262.0,6.5048,297.98,78.781,1.9171,10.0,,23,,2.0641,0.18585,,,1.8322,0,,0,0,1,5,5,0,5.0,118010.0
127.0,75,100,90,0.0,51.378,6.4635,0.0001,100,1.0,0,0.00094125,10.923,20.383,82263,92316.0,6.5029,297.98,78.877,1.9187,10.0,,23,,2.0582,0.18589,,,1.8338,0,,0,0,1,5,5,0,5.0,119200.0
127.2,75,100,90,0.0,50.741,5.6848,0.0001,100,1.0,0,0.00093052,10.945,20.423,82305,92369.0,6.5005,297.98,78.798,1.9204,10.0,,23,,2.0414,0.18602,,,1.8353,0,,0,0,1,5,5,0,5.0,118720.0
127.4,75,100,90,0.0,51.046,4.7603,0.0001,100,1.0,0,0.00092893,10.947,20.463,82348,92423.0,6.4987,297.98,78.668,1.922,10.0,,23,,2.0377,0.18604,,,1.8369,0,,0,0,1,5,5,0,5.0,118240.0
127.6,75,100,90,0.0,52.09,3.7875,0.0001,100,1.0,0,0.00094269,10.921,20.502,82391,92477.0,6.4982,297.98,79.112,1.9236,10.0,,23,,2.0518,0.18593,,,1.8384,0,,0,0,1,5,5,0,5.0,119590.0
127.8,75,100,90,0.0,53.312,3.3045,0.0001,100,1.0,0,0.00093848,10.936,20.541,82434,92531.0,6.4978,297.98,79.164,1.9252,10.0,,23,,2.0444,0.18599,,,1.84,0,,0,0,1,5,5,0,5.0,119450.0
128.0,75,100,90,0.0,54.695,2.5109,0.0001,100,1.0,0,0.00094493,10.918,20.581,82477,92585.0,6.4978,297.98,79.599,1.9268,10.0,,23,,2.0518,0.18593,,,1.8415,0,,0,0,1,5,5,0,5.0,118630.0
128.2,75,100,90,0.0,56.088,2.0638,0.0001,100,1.0,0,0.00093154,10.945,20.62,82521,92640.0,6.5001,297.98,79.398,1.9284,10.0,,23,,2.0394,0.18602,,,1.843,0,,0,0,1,5,5,0,5.0,118650.0
128.4,75,100,90,0.0,56.578,1.0952,0.0001,100,1.0,0,0.00094114,10.918,20.659,82565,92695.0,6.5025,297.98,79.932,1.9299,10.0,,23,,2.046,0.18597,,,1.8445,0,,0,0,1,5,5,0,5.0,119670.0
128.6,75,100,90,0.0,56.093,0.76107,0.0001,100,1.0,0,0.00094006,10.92,20.698,82609,92749.0,6.5039,297.98,80.553,1.9315,10.0,,23,,2.0378,0.18602,,,1.8461,0,,0,0,1,5,5,0,5.0,119690.0
128.8,75,100,90,0.0,55.05,0.53913,0.0001,100,1.0,0,0.00094265,10.911,20.738,82652,92804.0,6.5039,297.98,81.389,1.9331,10.0,,23,,2.0342,0.18605,,,1.8476,0,,0,0,1,5,5,0,5.0,119550.0
129.0,75,100,90,0.0,54.023,0.56141,0.0001,100,1.0,0,0.00095183,10.88,20.777,82695,92858.0,6.5022,297.99,82.478,1.9347,10.0,,23,,2.0497,0.18593,,,1.8491,0,,0,0,1,5,5,0,5.0,120730.0
129.2,75,100,90,0.0,53.676,0.87922,0.0001,100,1.0,0,0.00094238,10.871,20.817,82739,92912.0,6.4983,297.99,83.124,1.9363,10.0,,23,,2.0635,0.18582,,,1.8506,0,,0,0,1,5,5,0,5.0,121260.0
129.4,75,100,90,0.0,54.885,0.90908,0.0001,100,1.0,0,0.00092738,10.893,20.856,82782,92966.0,6.4947,297.99,82.886,1.9378,10.0,,23,,2.0599,0.18584,,,1.8521,0,,0,0,1,5,5,0,5.0,119610.0
129.6,75,100,90,0.0,57.539,0.2386,0.0001,100,1.0,0,0.00092626,10.902,20.895,82826,93021.0,6.4924,297.99,82.471,1.9393,10.0,,23,,2.0543,0.18588,,,1.8536,0,,0,0,1,5,5,0,5.0,121460.0
129.8,75,100,90,0.0,61.11,0.0001,0.0001,100,1.0,0,0.00090783,10.947,20.933,82871,93077.0,6.4917,297.98,80.997,1.9409,10.0,,23,,2.0322,0.18605,,,1.855,0,,0,0,1,5,5,0,5.0,120810.0
130.0,75,100,90,0.0,64.935,0.0001,0.0001,100,1.0,0,0.00089952,10.963,20.971,82916,93133.0,6.4938,297.98,78.825,1.9423,10.0,,23,,2.026,0.18609,,,1.8565,0,,0,0,1,5,5,0,5.0,122160.0
130.2,75,100,90,0.0,67.933,0.0001,0.0001,100,1.0,-4000,0.00090184,10.984,21.009,82265,92390.0,6.5248,297.97,75.778,1.9331,10.0,,23,,2.0006,0.1863,,,1.8476,0,,0,0,1,5,5,0,5.0,121840.0
130.4,75,100,90,0.0,58.429,0.0001,0.0001,100,1.0,-4000,0.00091139,10.947,21.048,81611,91645.0,6.5506,297.96,73.657,1.9188,10.0,,23,,1.9818,0.18647,,,1.8339,0,,0,0,1,5,5,0,5.0,121180.0
130.6,75,100,90,0.51813,29.214,0.0001,0.0001,100,1.0,-4000,0.00093041,10.795,21.088,80952,90894.0,6.5487,297.97,74.879,1.9042,10.0,,23,,2.0084,0.1863,,,1.8198,0,,0,0,1,5,5,0,5.0,121710.0
130.8,75,100,90,0.0,10.35,0.0001,0.0001,100,1.0,-4000,0.00089701,10.779,21.128,80289,90140.0,6.526,297.97,76.548,1.8895,10.0,,23,,1.9857,0.1865,,,1.8056,0,,0,0,1,5,5,0,5.0,121230.0
131.0,75,100,90,0.0,0.52133,0.2364,0.0001,100,1.0,-4000,0.00088736,10.755,21.168,79625,89383.0,6.4943,297.98,78.365,1.8747,10.0,,23,,1.9714,0.18664,,,1.7915,0,,0,0,1,5,5,0,5.0,121760.0
131.2,75,100,90,0.0,3.3421,0.77101,0.0001,100,1.0,-4000,0.00087589,10.773,21.208,78960,88627.0,6.4685,297.98,79.095,1.8599,10.0,,23,,1.9504,0.18683,,,1.7772,0,,0,0,1,5,5,0,5.0,121950.0
131.4,75,100,90,0.0,16.464,0.50753,0.0001,100,1.0,-4000,0.00088694,10.793,21.247,78299,87873.0,6.4573,297.98,78.798,1.8451,10.0,,23,,1.9328,0.18699,,,1.763,0,,0,0,1,5,5,0,5.0,122970.0
131.6,75,100,90,0.0,34.019,0.0001,0.0001,100,1.0,-4000,0.00089171,10.847,21.286,77641,87123.0,6.4652,297.97,76.995,1.8303,10.0,,23,,1.8982,0.18728,,,1.7488,0,,0,0,1,5,5,0,5.0,123320.0
131.8,75,100,90,0.0,48.386,0.0001,0.0001,100,1.0,-4000,0.00089653,10.911,21.324,76987,86376.0,6.4865,297.96,73.545,1.8155,10.0,,23,,1.8525,0.18765,,,1.7346,0,,0,0,1,5,5,0,5.0,123160.0
132.0,75,100,90,0.0,54.251,0.0001,0.0001,100,1.0,-4000,0.00090984,10.915,21.361,76333,85631.0,6.514,297.95,69.593,1.8007,10.0,1290.0,23,1602.4,1.8331,0.18783,21.208,25.697,1.7203,0,64.101,0,0,1,5,5,0,5.0,122670.0
132.2,75,100,90,0.0,49.143,0.0001,0.0001,100,1.0,0,0.00092372,10.879,21.399,76376,85684.0,6.5097,297.95,66.867,1.797,10.0,,23,,1.8235,0.18791,,,1.7168,0,,0,0,1,5,5,0,5.0,123020.0
132.4,75,100,90,0.0,45.904,0.0001,10.535,100,1.0,0,0.00095015,10.811,21.438,76418,85736.0,6.5027,297.97,75.042,1.798,10.0,,23,,1.8409,0.18777,,,1.7178,0,,0,0,1,5,5,0,5.0,123710.0
132.6,75,100,90,0.0,45.353,5.695,1.0535,100,1.0,0,0.0009507,10.804,21.478,76460,85789.0,6.4949,297.96,73.068,1.7994,10.0,,23,,1.8376,0.1878,,,1.7191,0,,0,0,1,5,5,0,5.0,123900.0
132.8,75,100,90,0.0,47.909,2.4454,0.10535,100,1.0,0,0.00093932,10.822,21.517,76503,85842.0,6.49,297.96,70.515,1.8008,10.0,,23,,1.8328,0.18783,,,1.7205,0,,0,0,1,5,5,0,5.0,123910.0
133.0,75,100,90,0.0,52.439,0.0001,0.010535,100,1.0,0,0.00091124,10.882,21.555,76546,85896.0,6.4903,297.95,67.122,1.8022,10.0,,23,,1.8128,0.18798,,,1.7218,0,,0,0,1,5,5,0,5.0,123930.0
133.2,75,100,90,0.0,56.813,0.0001,11.878,100,1.0,0,0.00091699,10.883,21.593,76591,85951.0,6.4951,297.97,74.201,1.8035,10.0,,23,,1.8098,0.188,,,1.7231,0,,0,0,1,5,5,0,5.0,123770.0
133.4,75,100,90,0.0,59.295,4.6867,1.1878,100,1.0,0,0.00091954,10.884,21.631,76636,86006.0,6.5021,297.95,69.909,1.8049,10.0,,23,,1.8138,0.18797,,,1.7244,0,,0,0,1,5,5,0,5.0,124790.0
133.6,75,100,90,0.0,58.957,0.0001,0.11878,100,1.0,0,0.00093045,10.86,21.669,76681,86061.0,6.5068,297.94,66.324,1.8062,10.0,,23,,1.8197,0.18792,,,1.7257,0,,0,0,1,5,5,0,5.0,124140.0
133.8,75,100,90,0.0,56.753,0.0001,11.28,100,1.0,0,0.00095559,10.819,21.707,76725,86116.0,6.5086,297.96,73.933,1.8076,10.0,,23,,1.8218,0.1879,,,1.727,0,,0,0,1,5,5,0,5.0,124490.0
134.0,75,100,90,0.0,53.844,5.0945,1.128,100,1.0,0,0.00095213,10.809,21.746,76769,86171.0,6.5064,297.96,71.002,1.809,10.0,,23,,1.8218,0.1879,,,1.7283,0,,0,0,1,5,5,0,5.0,124840.0
134.2,75,100,90,0.0,51.827,0.85435,0.1128,100,1.0,0,0.00094701,10.802,21.785,76812,86225.0,6.5033,297.95,68.354,1.8104,10.0,,23,,1.8212,0.1879,,,1.7296,0,,0,0,1,5,5,0,5.0,125850.0
134.4,75,100,90,0.0,51.023,0.2563,11.19,100,1.0,0,0.0009251,10.824,21.823,76855,86278.0,6.5007,297.97,75.114,1.8117,10.0,,23,,1.8193,0.18791,,,1.7309,0,,0,0,1,5,5,0,5.0,124700.0
134.6,75,100,90,0.0,51.254,4.7314,1.119,100,1.0,0,0.00092868,10.814,21.861,76899,86332.0,6.5004,297.96,71.673,1.8131,10.0,,23,,1.8188,0.18791,,,1.7322,0,,0,0,1,5,5,0,5.0,125380.0
134.8,75,100,90,0.0,51.591,0.15529,0.1119,100,1.0,0,0.00097678,10.741,21.9,76942,86386.0,6.4993,297.95,69.986,1.8145,10.0,,23,,1.8384,0.18776,,,1.7336,0,,0,0,1,5,5,0,5.0,126570.0
135.0,75,100,90,0.0,52.412,0.0001,0.01119,100,1.0,0,0.0010089,10.684,21.94,76986,86440.0,6.4987,297.95,69.278,1.8159,10.0,,23,,1.8606,0.18759,,,1.7349,0,,0,0,1,5,5,0,5.0,125090.0
135.2,75,100,90,0.0,53.469,0.0001,0.001119,100,1.0,0,0.0010223,10.668,21.98,77029,86495.0,6.4982,297.95,69.029,1.8174,10.0,,23,,1.8576,0.18761,,,1.7364,0,,0,0,1,5,5,0,5.0,125280.0
135.4,75,100,90,0.0,54.693,0.0001,0.0001119,100,1.0,0,0.00099123,10.71,22.02,77073,86550.0,6.4986,297.95,67.584,1.8188,10.0,,23,,1.8455,0.1877,,,1.7377,0,,0,0,1,5,5,0,5.0,126140.0
135.6,75,100,90,0.0,55.773,0.0001,11.585,100,1.0,0,0.00094266,10.796,22.057,77117,86605.0,6.4994,297.97,74.727,1.8202,10.0,,23,,1.8079,0.18798,,,1.7391,0,,0,0,1,5,5,0,5.0,126650.0
135.8,75,100,90,0.0,56.516,4.7069,1.1585,100,1.0,0,0.00094556,10.788,22.095,77162,86659.0,6.501,297.96,71.263,1.8216,10.0,,23,,1.8048,0.188,,,1.7404,0,,0,0,1,5,5,0,5.0,126830.0
136.0,75,100,90,0.0,56.639,0.073885,0.11585,100,1.0,0,0.00094507,10.79,22.133,77206,86714.0,6.5016,297.95,68.017,1.8229,10.0,,23,,1.7939,0.18808,,,1.7417,0,,0,0,1,5,5,0,5.0,127680.0
136.2,75,100,90,0.0,56.511,0.022166,10.708,100,1.0,0,0.00093427,10.791,22.171,77250,86769.0,6.5019,297.96,73.986,1.8243,10.0,,23,,1.7987,0.18804,,,1.743,0,,0,0,1,5,5,0,5.0,127520.0
136.4,75,100,90,0.0,56.29,3.7046,1.0708,100,1.0,0,0.00093023,10.79,22.208,77294,86824.0,6.5006,297.95,70.278,1.8256,10.0,,23,,1.798,0.18805,,,1.7443,0,,0,0,1,5,5,0,5.0,127870.0
136.6,75,100,90,0.0,56.567,0.0001,0.10708,100,1.0,0,0.00096042,10.751,22.247,77339,86879.0,6.4971,297.95,67.5,1.827,10.0,,23,,1.7971,0.18805,,,1.7456,0,,0,0,1,5,5,0,5.0,127710.0
136.8,75,100,90,0.0,58.247,0.0001,10.366,100,1.0,0,0.00093385,10.795,22.284,77383,86935.0,6.4938,297.96,72.887,1.8283,10.0,,23,,1.7835,0.18815,,,1.7469,0,,0,0,1,5,5,0,5.0,128060.0
137.0,75,100,90,0.0,61.243,3.0699,1.0366,100,1.0,0,0.00091272,10.834,22.32,77429,86991.0,6.4914,297.95,68.034,1.8297,10.0,,23,,1.7679,0.18827,,,1.7482,0,,0,0,1,5,5,0,5.0,127400.0
137.2,75,100,90,0.0,65.197,0.92098,20.946,100,1.0,0,0.00093116,10.815,22.357,77475,87047.0,6.4908,297.99,81.789,1.831,10.0,,23,,1.7767,0.1882,,,1.7494,0,,0,0,1,5,5,0,5.0,127740.0
137.4,75,100,90,0.0,69.397,11.848,2.0946,100,1.0,0,0.00092881,10.842,22.393,77521,87105.0,6.4912,297.97,75.011,1.8323,10.0,,23,,1.7595,0.18833,,,1.7507,0,,0,0,1,5,5,0,5.0,127570.0
137.6,75,100,90,0.0,73.422,4.7342,0.20946,100,1.0,0,0.00092558,10.843,22.428,77569,87163.0,6.4925,297.95,67.894,1.8336,10.0,,23,,1.7687,0.18825,,,1.752,0,,0,0,1,5,5,0,5.0,128580.0
137.8,75,100,90,0.0,76.946,1.4202,16.314,100,1.0,0,0.00089839,10.895,22.463,77617,87222.0,6.496,297.97,74.805,1.8349,10.0,,23,,1.7575,0.18834,,,1.7532,0,,0,0,1,5,5,0,5.0,128570.0
138.0,75,100,90,0.0,79.067,6.0154,1.6314,100,1.0,0,0.00087522,10.939,22.496,77666,87281.0,6.499,297.94,66.169,1.8362,10.0,,23,,1.7414,0.18846,,,1.7544,0,,0,0,1,5,5,0,5.0,129060.0
138.2,75,100,90,0.0,80.004,1.8046,28.927,100,1.0,0,0.00083487,10.998,22.529,77715,87341.0,6.5039,297.98,81.617,1.8374,10.0,,23,,1.7259,0.18857,,,1.7556,0,,0,0,1,5,5,0,5.0,127550.0
138.4,75,100,90,0.0,78.949,14.145,2.8927,100,1.0,0,0.00084989,10.987,22.561,77764,87400.0,6.5066,297.96,70.911,1.8385,10.0,,23,,1.7172,0.18863,,,1.7567,0,,0,0,1,5,5,0,5.0,128870.0
138.6,75,100,90,0.0,76.832,3.3685,0.28927,100,1.0,0,0.00083014,10.998,22.594,77812,87459.0,6.5073,297.93,59.927,1.8397,10.0,,23,,1.7169,0.18863,,,1.7578,0,,0,0,1,5,5,0,5.0,128190.0
138.8,75,100,90,0.0,74.426,1.0106,19.678,100,1.0,0,0.00083685,10.967,22.626,77860,87517.0,6.5085,297.95,67.565,1.8408,10.0,,23,,1.7293,0.18854,,,1.7589,0,,0,0,1,5,5,0,5.0,128340.0
139.0,75,100,90,0.0,71.528,0.30317,0.0001,100,1.0,0,0.00084359,10.946,22.659,77907,87575.0,6.5089,297.92,58.034,1.842,10.0,,23,,1.7317,0.18852,,,1.76,0,,0,0,1,5,5,0,5.0,128330.0
139.2,75,100,90,0.0,68.482,0.090951,28.725,100,1.0,0,0.00081119,10.984,22.691,77954,87632.0,6.5073,297.96,73.526,1.8431,10.0,,23,,1.7182,0.18862,,,1.7611,0,,0,0,1,5,5,0,5.0,129650.0
139.4,75,100,90,0.0,66.104,11.628,2.8725,100,1.0,0,0.00082436,10.947,22.723,78000,87688.0,6.5003,297.94,63.337,1.8442,10.0,,23,,1.724,0.18857,,,1.7622,0,,0,0,1,5,5,0,5.0,129800.0
139.6,75,100,90,0.0,66.505,3.4885,42.972,100,1.0,0,0.00084395,10.931,22.756,78046,87745.0,6.494,298.01,91.942,1.8454,10.0,,23,,1.7183,0.18861,,,1.7633,0,,0,0,1,5,5,0,5.0,129960.0
139.8,75,100,90,0.0,69.433,27.628,4.2972,100,1.0,0,0.00086099,10.92,22.789,78093,87802.0,6.4878,297.98,78.802,1.8465,10.0,,23,,1.7174,0.18862,,,1.7644,0,,0,0,1,5,5,0,5.0,129780.0
140.0,75,100,90,0.0,74.839,15.42,0.42972,100,1.0,0,0.00083303,10.981,22.822,78141,87861.0,6.4894,297.94,64.355,1.8477,10.0,,23,,1.7011,0.18874,,,1.7655,0,,0,0,1,5,5,0,5.0,129430.0
140.2,75,100,90,0.0,79.574,4.6261,30.482,100,1.0,0,0.00084263,10.994,22.854,78190,87920.0,6.4927,297.98,79.802,1.8488,10.0,,23,,1.6871,0.18884,,,1.7666,0,,0,0,1,5,5,0,5.0,130250.0
140.4,75,100,90,0.0,83.017,16.811,3.0482,100,1.0,0,0.00085501,10.99,22.886,78239,87980.0,6.4976,297.95,67.053,1.8499,10.0,,23,,1.6839,0.18886,,,1.7677,0,,0,0,1,5,5,0,5.0,131240.0
140.6,75,100,90,0.0,84.472,5.0434,48.111,100,1.0,0,0.00088243,10.948,22.918,78289,88041.0,6.5024,298.03,98.942,1.8511,10.0,,23,,1.6978,0.18876,,,1.7688,0,,0,0,1,5,5,0,5.0,130720.0
140.8,75,100,90,0.0,84.049,32.537,4.8111,100,1.0,0,0.00086095,10.949,22.951,78339,88101.0,6.506,297.99,83.688,1.8523,10.0,,23,,1.713,0.18864,,,1.7699,0,,0,0,1,5,5,0,5.0,130380.0
141.0,75,100,90,0.0,82.165,19.06,0.48111,100,1.0,0,0.0008369,10.975,22.982,78388,88161.0,6.5085,297.95,67.664,1.8534,10.0,,23,,1.7087,0.18867,,,1.771,0,,0,0,1,5,5,0,5.0,131030.0
141.2,75,100,90,0.0,79.296,5.7181,32.182,100,1.0,0,0.00080007,11.004,23.013,78437,88220.0,6.5086,297.99,82.702,1.8545,10.0,,23,,1.7073,0.18868,,,1.772,0,,0,0,1,5,5,0,5.0,130670.0
141.4,75,100,90,0.0,76.386,17.847,3.2182,100,1.0,0,0.00079622,10.989,23.044,78485,88279.0,6.5096,297.95,68.616,1.8555,10.0,,23,,1.716,0.18861,,,1.773,0,,0,0,1,5,5,0,5.0,131650.0
141.6,75,100,90,0.0,73.067,4.1831,0.32182,100,1.0,0,0.00078562,10.973,23.075,78532,88337.0,6.511,297.91,55.213,1.8565,10.0,,23,,1.7304,0.1885,,,1.774,0,,0,0,1,5,5,0,5.0,131630.0
141.8,75,100,90,0.0,69.189,1.2549,22.586,100,1.0,0,0.0007717,10.962,23.105,78579,88394.0,6.5136,297.93,62.747,1.8576,10.0,,23,,1.7413,0.18841,,,1.775,0,,0,0,1,5,5,0,5.0,131110.0
142.0,75,100,90,0.0,64.257,0.37648,0.0001,100,1.0,0,0.00073067,11.006,23.135,78625,88450.0,6.514,297.9,49.09,1.8585,10.0,,23,,1.7257,0.18853,,,1.7759,0,,0,0,1,5,5,0,5.0,131250.0
142.2,75,100,90,0.0,59.2,0.11294,36.545,100,1.0,0,0.00075892,10.937,23.166,78670,88505.0,6.5088,297.95,69.904,1.8595,10.0,,23,,1.7437,0.18839,,,1.7768,0,,0,0,1,5,5,0,5.0,131560.0
142.4,75,100,90,0.0,56.199,15.58,3.6545,100,1.0,0,0.00074892,10.95,23.196,78714,88559.0,6.5035,297.92,55.704,1.8604,10.0,,23,,1.7325,0.18848,,,1.7777,0,,0,0,1,5,5,0,5.0,132370.0
142.6,75,100,90,0.0,55.332,4.674,57.443,100,1.0,0,0.0007206,10.967,23.226,78758,88613.0,6.4999,298.01,92.78,1.8613,10.0,,23,,1.7375,0.18844,,,1.7786,0,,0,0,1,5,5,0,5.0,130840.0
142.8,75,100,90,0.0,55.896,35.62,5.7443,100,1.0,0,0.00070319,11.002,23.255,78802,88668.0,6.4972,297.96,72.749,1.8622,10.0,,23,,1.7255,0.18853,,,1.7794,0,,0,0,1,5,5,0,5.0,131980.0
143.0,75,100,90,0.0,57.532,17.147,0.57443,100,1.0,0,0.0006701,11.036,23.283,78846,88722.0,6.4975,297.91,51.969,1.863,10.0,,23,,1.7317,0.18848,,,1.7802,0,,0,0,1,5,5,0,5.0,132610.0
143.2,75,100,90,0.0,59.026,5.1441,39.154,100,1.0,0,0.00063111,11.084,23.31,78891,88777.0,6.5002,297.95,68.354,1.8638,10.0,,23,,1.7346,0.18845,,,1.781,0,,0,0,1,5,5,0,5.0,132070.0
143.4,75,100,90,0.0,59.463,1.5432,0.0001,100,1.0,0,0.00061762,11.096,23.336,78935,88831.0,6.5028,297.9,49.979,1.8645,10.0,,23,,1.7374,0.18843,,,1.7817,0,,0,0,1,5,5,0,5.0,132030.0
143.6,75,100,90,0.0,58.849,0.46297,46.715,100,1.0,0,0.00062783,11.086,23.363,78980,88886.0,6.5045,297.97,74.504,1.8653,10.0,,23,,1.7312,0.18848,,,1.7824,0,,0,0,1,5,5,0,5.0,132150.0
143.8,75,100,90,0.0,57.559,19.415,4.6715,100,1.0,0,0.00063568,11.081,23.39,79024,88940.0,6.5034,297.91,54.805,1.866,10.0,,23,,1.7208,0.18855,,,1.7831,0,,0,0,1,5,5,0,5.0,132780.0
144.0,75,100,90,0.0,56.746,5.8244,68.417,100,1.0,0,0.00061227,11.095,23.416,79068,88994.0,6.5033,298.02,96.451,1.8667,10.0,1349.4,23,1637.2,1.7293,0.18849,23.31,26.059,1.7838,0,72.261,0,0,1,5,5,0,5.0,132730.0
144.2,75,100,90,0.0,55.938,40.805,6.8417,100,1.0,0,0.00061996,11.099,23.442,79112,89048.0,6.503,297.95,70.048,1.8674,10.0,,23,,1.715,0.1886,,,1.7844,0,,0,0,1,5,5,0,5.0,133360.0
144.4,75,100,90,0.0,55.255,16.888,0.68417,100,1.0,0,0.00059755,11.11,23.468,79156,89102.0,6.5024,297.89,45.971,1.8681,10.0,,23,,1.7235,0.18853,,,1.7851,0,,0,0,1,5,5,0,5.0,133140.0
144.6,75,100,90,0.0,54.796,5.0663,40.415,100,1.0,0,0.00060904,11.098,23.494,79200,89156.0,6.4992,297.93,62.466,1.8688,10.0,,23,,1.7192,0.18856,,,1.7857,0,,0,0,1,5,5,0,5.0,133100.0
144.8,75,100,90,0.0,55.665,1.5199,0.0001,100,1.0,0,0.00061231,11.093,23.52,79244,89210.0,6.4979,297.88,43.659,1.8694,10.0,,23,,1.723,0.18853,,,1.7864,0,,0,0,1,5,5,0,5.0,132550.0
145.0,75,100,90,0.0,57.022,0.45597,50.289,100,1.0,0,0.0005895,11.149,23.545,79288,89264.0,6.4975,297.95,69.527,1.8701,10.0,,23,,1.6985,0.18871,,,1.787,0,,0,0,1,5,5,0,5.0,133840.0
145.2,75,100,90,0.0,58.529,19.924,5.0289,100,1.0,0,0.00058973,11.14,23.57,79333,89318.0,6.4988,297.89,47.124,1.8707,10.0,,23,,1.7024,0.18868,,,1.7876,0,,0,0,1,5,5,0,5.0,133290.0
145.4,75,100,90,0.0,59.528,5.9771,75.819,100,1.0,0,0.00058202,11.158,23.595,79378,89373.0,6.502,298.01,93.011,1.8713,10.0,,23,,1.7005,0.1887,,,1.7882,0,,0,0,1,5,5,0,5.0,134070.0
145.6,75,100,90,0.0,59.239,43.941,7.5819,100,1.0,0,0.00057118,11.179,23.62,79422,89428.0,6.5033,297.93,61.793,1.8719,10.0,,23,,1.6899,0.18878,,,1.7888,0,,0,0,1,5,5,0,5.0,133690.0
145.8,75,100,90,0.0,58.453,13.182,112.15,100,1.0,0,0.00057738,11.152,23.644,79467,89482.0,6.5058,298.13,136.72,1.8725,10.0,,23,,1.7067,0.18865,,,1.7894,0,,0,0,1,5,5,0,5.0,134130.0
146.0,75,100,90,0.0,56.661,78.954,11.215,100,1.0,0,0.00060196,11.11,23.67,79511,89536.0,6.5051,298.02,93.574,1.8731,10.0,,23,,1.7114,0.18861,,,1.7899,0,,0,0,1,5,5,0,5.0,133760.0
146.2,75,100,90,0.0,55.168,43.332,1.1215,100,1.0,0,0.00060187,11.093,23.697,79555,89590.0,6.5032,297.92,57.279,1.8738,10.0,,23,,1.7211,0.18854,,,1.7905,0,,0,0,1,5,5,0,5.0,134050.0
146.4,75,100,90,0.0,54.396,13.0,59.494,100,1.0,0,0.0006,11.098,23.723,79598,89644.0,6.502,298.0,86.365,1.8744,10.0,,23,,1.7134,0.18859,,,1.7911,0,,0,0,1,5,5,0,5.0,133840.0
146.6,75,100,90,0.0,54.101,36.966,5.9494,100,1.0,0,0.00059782,11.083,23.75,79642,89697.0,6.5005,297.92,57.374,1.875,10.0,,23,,1.7285,0.18848,,,1.7917,0,,0,0,1,5,5,0,5.0,133960.0
146.8,75,100,90,0.0,54.428,11.09,94.558,100,1.0,0,0.00061788,11.062,23.777,79685,89751.0,6.4966,298.08,119.16,1.8756,10.0,,23,,1.7346,0.18843,,,1.7923,0,,0,0,1,5,5,0,5.0,134250.0
147.0,75,100,90,0.0,56.318,64.363,9.4558,100,1.0,0,0.00059952,11.113,23.802,79729,89805.0,6.4924,297.98,81.16,1.8762,10.0,,23,,1.7076,0.18863,,,1.7929,0,,0,0,1,5,5,0,5.0,134710.0
147.2,75,100,90,0.0,59.873,32.008,0.94558,100,1.0,0,0.00061821,11.102,23.829,79774,89860.0,6.4923,297.9,49.156,1.8768,10.0,,23,,1.7036,0.18866,,,1.7934,0,,0,0,1,5,5,0,5.0,134330.0
147.4,75,100,90,0.0,63.468,9.6023,52.368,100,1.0,0,0.00060401,11.141,23.854,79820,89916.0,6.4949,297.96,72.249,1.8774,10.0,,23,,1.6907,0.18876,,,1.794,0,,0,0,1,5,5,0,5.0,135620.0
147.6,75,100,90,0.0,66.036,27.23,5.2368,100,1.0,0,0.0005932,11.182,23.879,79866,89972.0,6.4989,297.89,45.572,1.8779,10.0,,23,,1.6659,0.18895,,,1.7946,0,,0,0,1,5,5,0,5.0,135900.0
147.8,75,100,90,0.0,66.985,8.1689,85.109,100,1.0,0,0.00056794,11.216,23.904,79912,90028.0,6.5054,298.02,96.994,1.8785,10.0,,23,,1.6579,0.18901,,,1.7951,0,,0,0,1,5,5,0,5.0,134350.0
148.0,75,100,90,0.0,65.348,50.769,8.5109,100,1.0,0,0.00055381,11.238,23.928,79958,90084.0,6.5093,297.93,61.859,1.879,10.0,,23,,1.6461,0.18909,,,1.7956,0,,0,0,1,5,5,0,5.0,135300.0
148.2,75,100,90,0.0,62.165,15.231,125.16,100,1.0,0,0.00054607,11.238,23.952,80003,90139.0,6.5089,298.15,145.8,1.8795,10.0,,23,,1.6434,0.18911,,,1.796,0,,0,0,1,5,5,0,5.0,135070.0
148.4,75,100,90,0.0,59.158,88.712,12.516,100,1.0,0,0.00051214,11.278,23.975,80047,90194.0,6.5053,298.03,97.686,1.8799,10.0,,23,,1.6312,0.1892,,,1.7965,0,,0,0,1,5,5,0,5.0,135680.0
148.6,75,100,90,0.0,57.571,49.587,1.2516,100,1.0,0,0.00049307,11.294,23.997,80091,90248.0,6.5033,297.92,55.458,1.8803,10.0,,23,,1.6321,0.1892,,,1.7969,0,,0,0,1,5,5,0,5.0,134450.0
148.8,75,100,90,0.0,56.753,14.876,68.003,100,1.0,0,0.00047802,11.315,24.019,80135,90302.0,6.5016,298.0,86.542,1.8807,10.0,,23,,1.6246,0.18925,,,1.7972,0,,0,0,1,5,5,0,5.0,135720.0
149.0,75,100,90,0.0,56.622,40.401,6.8003,100,1.0,0,0.00049095,11.299,24.042,80180,90356.0,6.5025,297.91,53.244,1.8811,10.0,,23,,1.6237,0.18926,,,1.7976,0,,0,0,1,5,5,0,5.0,134660.0
149.2,75,100,90,0.0,56.131,12.12,104.41,100,1.0,0,0.00048619,11.301,24.064,80223,90410.0,6.5039,298.08,118.15,1.8815,10.0,,23,,1.6227,0.18927,,,1.7979,0,,0,0,1,5,5,0,5.0,136260.0
149.4,75,100,90,0.0,55.087,67.49,10.441,100,1.0,0,0.00049563,11.288,24.087,80267,90463.0,6.5024,297.97,76.858,1.8818,10.0,,23,,1.6218,0.18927,,,1.7983,0,,0,0,1,5,5,0,5.0,136200.0
149.6,75,100,90,0.0,54.67,32.255,1.0441,100,1.0,0,0.00049122,11.291,24.109,80311,90517.0,6.5013,297.88,40.742,1.8822,10.0,,23,,1.6262,0.18924,,,1.7986,0,,0,0,1,5,5,0,5.0,136310.0
149.8,75,100,90,0.0,54.649,9.6764,57.927,100,1.0,0,0.00047761,11.307,24.131,80354,90571.0,6.5001,297.94,64.304,1.8825,10.0,,23,,1.6279,0.18922,,,1.799,0,,0,0,1,5,5,0,5.0,135410.0
150.0,75,100,90,0.0,55.144,2.9029,0.0001,100,1.0,0,0.00046091,11.326,24.153,80398,90624.0,6.498,297.87,37.487,1.8829,10.0,,23,,1.6276,0.18923,,,1.7993,0,,0,0,1,5,5,0,5.0,136340.0
150.2,75,100,90,0.0,56.456,0.87087,65.015,0,0.9,-4000,0.00044872,10.085,24.179,79727,89858.0,6.5258,297.98,80.309,1.8724,10.0,,23,,1.7162,0.18858,,,1.7893,0,,0,0,1,5,5,0,5.0,136130.0
150.4,75,100,90,0.0,46.549,34.892,6.5015,0,0.9,-4000,0.00045921,10.018,24.207,79053,89090.0,6.5462,297.92,56.838,1.8569,10.0,,23,,1.7336,0.18847,,,1.7744,0,,0,0,1,5,5,0,5.0,136760.0
150.6,75,100,90,0.0,28.6,10.468,97.247,0,0.9,-4000,0.00049652,9.8831,24.237,78376,88318.0,6.5494,298.11,128.14,1.8412,10.0,,23,,1.7492,0.18839,,,1.7593,0,,0,0,1,5,5,0,5.0,136230.0
150.8,75,100,90,0.0,9.4317,72.922,9.7247,0,0.9,-4000,0.0004755,9.8236,24.268,77696,87543.0,6.5359,298.02,94.674,1.8255,10.0,,23,,1.7462,0.18844,,,1.7441,0,,0,0,1,5,5,0,5.0,136710.0
151.0,75,100,90,0.0,0.0,44.786,0.97247,0,0.9,-4000,0.00046354,9.7921,24.299,77013,86765.0,6.5151,297.94,66.285,1.8097,10.0,,23,,1.7369,0.18854,,,1.729,0,,0,0,1,5,5,0,5.0,137360.0
151.2,75,100,90,0.0,0.0,13.436,56.896,0,0.9,-4000,0.00048621,9.7679,24.33,76331,85988.0,6.4949,298.04,102.57,1.7939,10.0,,23,,1.7164,0.18873,,,1.7138,0,,0,0,1,5,5,0,5.0,137170.0
151.4,75,100,90,0.0,2.5417,45.814,5.6896,0,0.9,-4000,0.00052486,9.7263,24.362,75649,85211.0,6.477,297.98,79.225,1.7782,10.0,,23,,1.7038,0.18885,,,1.6987,0,,0,0,1,5,5,0,5.0,136490.0
151.6,75,100,90,0.0,12.262,24.561,0.56896,0,0.9,-4000,0.00056669,9.7102,24.395,74969,84437.0,6.4663,297.93,60.635,1.7625,10.0,,23,,1.6902,0.18899,,,1.6836,0,,0,0,1,5,5,0,5.0,137480.0
151.8,75,100,90,0.0,26.226,7.3684,38.855,0,0.9,-4000,0.00060272,9.7309,24.428,74292,83665.0,6.4658,297.99,83.612,1.7468,10.0,,23,,1.664,0.18921,,,1.6686,0,,0,0,1,5,5,0,5.0,137460.0
152.0,75,100,90,0.0,40.376,27.06,3.8855,0,0.9,-4000,0.00060551,9.8125,24.461,73618,82896.0,6.4753,297.94,64.666,1.7312,10.0,,23,,1.6069,0.18967,,,1.6535,0,,0,0,1,5,5,0,5.0,136950.0
152.2,75,100,90,0.0,50.739,8.118,71.773,0,0.9,0,0.00058057,9.8724,24.492,73641,82929.0,6.4683,298.07,113.56,1.7266,10.0,,23,,1.5959,0.18977,,,1.6492,0,,0,0,1,5,5,0,5.0,137590.0
152.4,75,100,90,0.0,64.007,53.775,7.1773,0,0.9,0,0.00059258,9.9259,24.522,73668,82965.0,6.4747,297.99,82.951,1.7267,10.0,,23,,1.5738,0.18993,,,1.6493,0,,0,0,1,5,5,0,5.0,138240.0
152.6,75,100,90,0.0,74.598,25.718,0.71773,0,0.9,0,0.00057685,9.9996,24.551,73696,83003.0,6.4873,297.91,56.82,1.727,10.0,,23,,1.5524,0.19009,,,1.6496,0,,0,0,1,5,5,0,5.0,137870.0
152.8,75,100,90,0.0,80.18,7.7155,43.367,0,0.9,0,0.00055348,10.047,24.579,73725,83042.0,6.5018,297.97,75.975,1.7274,10.0,,23,,1.5433,0.19016,,,1.6499,0,,0,0,1,5,5,0,5.0,139170.0
153.0,75,100,90,0.0,79.984,23.698,4.3367,0,0.9,0,0.00055023,10.05,24.606,73754,83081.0,6.5172,297.9,52.311,1.7277,10.0,,23,,1.5382,0.1902,,,1.6502,0,,0,0,1,5,5,0,5.0,139300.0
153.2,75,100,90,0.0,73.603,7.1093,76.892,0,0.9,0,0.00054256,10.024,24.634,73782,83119.0,6.5268,298.04,101.96,1.7279,10.0,,23,,1.54,0.19019,,,1.6505,0,,0,0,1,5,5,0,5.0,137590.0
153.4,75,100,90,0.0,63.422,52.196,7.6892,0,0.9,0,0.0005215,9.9931,24.662,73808,83154.0,6.5286,297.95,68.455,1.7282,10.0,,23,,1.5523,0.19009,,,1.6507,0,,0,0,1,5,5,0,5.0,138390.0
153.6,75,100,90,0.0,52.539,15.659,126.06,0,0.9,0,0.00052212,9.9413,24.691,73832,83188.0,6.5224,298.2,159.5,1.7284,10.0,,23,,1.5662,0.18999,,,1.6509,0,,0,0,1,5,5,0,5.0,139020.0
153.8,75,100,90,0.0,44.127,102.85,12.606,0,0.9,0,0.00052748,9.905,24.72,73854,83219.0,6.509,298.07,110.86,1.7287,10.0,,23,,1.558,0.19005,,,1.6512,0,,0,0,1,5,5,0,5.0,138490.0
154.0,75,100,90,0.0,41.073,61.318,1.2606,0,0.9,0,0.00053887,9.871,24.75,73876,83250.0,6.4938,297.96,71.842,1.7289,10.0,,23,,1.5673,0.18998,,,1.6514,0,,0,0,1,5,5,0,5.0,138300.0
154.2,75,100,90,0.0,44.08,26.958,0.12606,0,0.9,0,0.00052827,9.8886,24.779,73898,83282.0,6.4826,297.89,46.708,1.7292,10.0,,23,,1.5688,0.18997,,,1.6517,0,,0,0,1,5,5,0,5.0,138440.0
154.4,75,100,90,0.0,51.54,8.0873,43.492,0,0.9,0,0.00054199,9.9012,24.808,73921,83316.0,6.4776,297.95,68.27,1.7294,10.0,,23,,1.5628,0.19001,,,1.6519,0,,0,0,1,5,5,0,5.0,138740.0
154.6,75,100,90,0.0,61.009,2.4262,0.0001,0,0.9,0,0.0005105,9.9724,24.836,73947,83351.0,6.4819,297.9,51.061,1.7296,10.0,,23,,1.5492,0.19011,,,1.6521,0,,0,0,1,5,5,0,5.0,138700.0
154.8,75,100,90,0.0,68.727,0.72786,52.425,0,0.9,0,0.00053026,9.9846,24.864,73974,83388.0,6.4921,297.98,81.405,1.7299,10.0,,23,,1.5412,0.19017,,,1.6523,0,,0,0,1,5,5,0,5.0,140000.0
155.0,75,100,90,0.0,72.397,26.703,5.2425,0,0.9,0,0.00053678,9.9789,24.892,74002,83425.0,6.5041,297.92,59.033,1.7301,10.0,,23,,1.5505,0.1901,,,1.6525,0,,0,0,1,5,5,0,5.0,140460.0
155.2,75,100,90,0.0,71.283,8.0108,82.714,0,0.9,0,0.00053045,9.9797,24.92,74029,83463.0,6.5172,298.07,113.15,1.7303,10.0,,23,,1.546,0.19014,,,1.6527,0,,0,0,1,5,5,0,5.0,139260.0
155.4,75,100,90,0.0,64.93,57.943,8.2714,0,0.9,0,0.00050856,9.9621,24.948,74056,83499.0,6.5263,297.98,80.246,1.7305,10.0,,23,,1.5602,0.19003,,,1.6529,0,,0,0,1,5,5,0,5.0,139060.0
155.6,75,100,90,0.0,54.944,27.668,0.82714,0,0.9,0,0.0005067,9.9195,24.976,74080,83533.0,6.5262,297.91,53.53,1.7307,10.0,,23,,1.56,0.19003,,,1.6531,0,,0,0,1,5,5,0,5.0,139520.0
155.8,75,100,90,0.0,45.007,8.3003,45.977,0,0.9,0,0.00053009,9.8424,25.007,74102,83565.0,6.5178,297.97,77.124,1.7308,10.0,,23,,1.5689,0.18996,,,1.6532,0,,0,0,1,5,5,0,5.0,140330.0
156.0,75,100,90,0.0,38.435,28.152,4.5977,0,0.9,0,0.00054829,9.7695,25.038,74123,83595.0,6.5019,297.91,56.517,1.731,10.0,1522.8,23,1729.3,1.6023,0.18971,24.92,26.014,1.6534,0,81.957,0,0,1,5,5,0,5.0,140980.0
156.2,75,100,90,0.0,38.207,8.4456,79.265,0,0.9,0,0.00056032,9.7575,25.069,74144,83626.0,6.4871,298.07,111.4,1.7312,10.0,,23,,1.5991,0.18973,,,1.6536,0,,0,0,1,5,5,0,5.0,140790.0
156.4,75,100,90,0.0,43.882,58.736,7.9265,0,0.9,0,0.00053945,9.806,25.1,74166,83658.0,6.4775,297.99,82.635,1.7314,10.0,,23,,1.5824,0.18986,,,1.6538,0,,0,0,1,5,5,0,5.0,140770.0
156.6,75,100,90,0.0,53.371,32.305,0.79265,0,0.9,0,0.00054999,9.8333,25.13,74190,83691.0,6.4773,297.91,56.409,1.7316,10.0,,23,,1.5766,0.1899,,,1.654,0,,0,0,1,5,5,0,5.0,140410.0
156.8,75,100,90,0.0,62.947,9.6916,51.466,0,0.9,0,0.0005531,9.8779,25.16,74216,83727.0,6.4851,297.99,83.026,1.7318,10.0,,23,,1.5593,0.19003,,,1.6541,0,,0,0,1,5,5,0,5.0,139880.0
157.0,75,100,90,0.0,69.392,32.722,5.1466,0,0.9,0,0.00055697,9.9006,25.19,74243,83764.0,6.4975,297.92,58.672,1.7319,10.0,,23,,1.5538,0.19008,,,1.6543,0,,0,0,1,5,5,0,5.0,141020.0
157.2,75,100,90,0.0,70.899,9.8167,87.815,0,0.9,0,0.00057144,9.8955,25.22,74270,83801.0,6.5098,298.08,117.06,1.7321,10.0,,23,,1.5465,0.19013,,,1.6544,0,,0,0,1,5,5,0,5.0,140660.0
157.4,75,100,90,0.0,67.489,63.697,8.7815,0,0.9,0,0.00057244,9.8878,25.25,74297,83837.0,6.5216,298.0,85.911,1.7323,10.0,,23,,1.5333,0.19023,,,1.6546,0,,0,0,1,5,5,0,5.0,140800.0
157.6,75,100,90,0.0,59.389,35.539,0.87815,0,0.9,0,0.00060413,9.8131,25.282,74322,83872.0,6.5268,297.92,59.664,1.7325,10.0,,23,,1.539,0.19019,,,1.6548,0,,0,0,1,5,5,0,5.0,141120.0
157.8,75,100,90,0.0,49.194,10.662,51.204,0,0.9,0,0.00064728,9.7242,25.317,74345,83905.0,6.5225,298.01,89.218,1.7327,10.0,,23,,1.5469,0.19013,,,1.655,0,,0,0,1,5,5,0,5.0,141450.0
158.0,75,100,90,0.0,40.759,36.822,5.1204,0,0.9,0,0.00065644,9.669,25.352,74367,83936.0,6.5113,297.95,68.905,1.7329,10.0,,23,,1.5591,0.19003,,,1.6552,0,,0,0,1,5,5,0,5.0,141450.0
158.2,75,100,90,0.0,36.775,11.046,84.762,0,0.9,0,0.00067512,9.6382,25.388,74387,83966.0,6.4968,298.12,130.14,1.7331,10.0,,23,,1.5544,0.19007,,,1.6554,0,,0,0,1,5,5,0,5.0,141120.0
158.4,75,100,90,0.0,38.577,68.564,8.4762,0,0.9,0,0.0006633,9.6368,25.424,74408,83997.0,6.4865,298.04,100.79,1.7334,10.0,,23,,1.5708,0.18994,,,1.6557,0,,0,0,1,5,5,0,5.0,141790.0
158.6,75,100,90,0.0,44.494,43.499,0.84762,0,0.9,0,0.00068138,9.6535,25.459,74430,84028.0,6.4807,297.97,75.288,1.7336,10.0,,23,,1.5577,0.19004,,,1.6559,0,,0,0,1,5,5,0,5.0,141290.0
158.8,75,100,90,0.0,52.737,20.966,0.084762,0,0.9,0,0.00070013,9.6667,25.495,74454,84062.0,6.4814,297.91,56.006,1.7338,10.0,,23,,1.5557,0.19006,,,1.6561,0,,0,0,1,5,5,0,5.0,142790.0
159.0,75,100,90,0.0,60.679,6.2898,36.75,0,0.9,0,0.00070151,9.7003,25.53,74479,84097.0,6.4886,297.96,73.899,1.7341,10.0,,23,,1.5445,0.19014,,,1.6564,0,,0,0,1,5,5,0,5.0,143620.0
159.2,75,100,90,0.0,65.755,20.645,3.675,0,0.9,0,0.00073787,9.674,25.566,74506,84133.0,6.4976,297.92,57.62,1.7343,10.0,,23,,1.555,0.19006,,,1.6566,0,,0,0,1,5,5,0,5.0,142630.0
159.4,75,100,90,0.0,67.23,6.1935,63.28,0,0.9,0,0.00079445,9.6275,25.604,74533,84170.0,6.507,298.04,100.71,1.7346,10.0,,23,,1.559,0.19003,,,1.6569,0,,0,0,1,5,5,0,5.0,142640.0
159.6,75,100,90,0.0,64.934,44.877,6.328,0,0.9,0,0.00079472,9.6079,25.641,74559,84206.0,6.5138,297.98,80.613,1.7349,10.0,,23,,1.5674,0.18997,,,1.6572,0,,0,0,1,5,5,0,5.0,143820.0
159.8,75,100,90,0.0,59.933,26.058,0.6328,0,0.9,0,0.00085608,9.5097,25.681,74584,84241.0,6.5143,297.93,63.361,1.7353,10.0,,23,,1.5921,0.18978,,,1.6575,0,,0,0,1,5,5,0,5.0,143170.0
160.0,75,100,90,0.0,54.767,7.8174,39.797,0,0.9,0,0.00087905,9.4732,25.722,74608,84275.0,6.5112,298.0,87.886,1.7356,10.0,,23,,1.5857,0.18983,,,1.6578,0,,0,0,1,5,5,0,5.0,144530.0
160.2,75,100,80,0.0,50.811,29.24,3.9797,400,0.9,0,0.00067439,11.577,25.731,74710,84386.0,6.5081,297.91,54.872,1.7359,10.0,,23,,1.1016,0.19347,,,1.6581,0,,0,0,1,5,5,0,5.0,143910.0
160.4,75,100,80,0.0,48.107,8.7721,91.905,400,0.9,0,0.00071137,11.543,25.74,74810,84496.0,6.5038,298.06,107.8,1.7361,10.0,,23,,1.0682,0.19372,,,1.6583,0,,0,0,1,5,5,0,5.0,143790.0
160.6,75,100,80,0.0,47.102,56.818,9.1905,400,0.9,0,0.00070721,11.558,25.75,74911,84606.0,6.501,297.96,71.411,1.7363,10.0,,23,,1.0653,0.19374,,,1.6585,0,,0,0,1,5,5,0,5.0,144500.0
160.8,75,100,80,0.0,47.221,23.01,0.91905,400,0.9,0,0.00068956,11.584,25.759,75012,84716.0,6.4992,297.86,37.851,1.7365,10.0,,23,,1.0692,0.19371,,,1.6586,0,,0,0,1,5,5,0,5.0,143870.0
161.0,75,100,80,0.0,48.073,6.903,53.082,400,0.9,0,0.00071453,11.589,25.768,75112,84827.0,6.4971,297.91,56.573,1.7366,10.0,,23,,1.0604,0.19377,,,1.6588,0,,0,0,1,5,5,0,5.0,143920.0
161.2,75,100,80,0.0,49.756,2.0709,0.0001,400,0.9,0,0.00072457,11.588,25.778,75214,84937.0,6.4937,297.84,28.956,1.7369,10.0,,23,,1.0747,0.19367,,,1.659,0,,0,0,1,5,5,0,5.0,143800.0
161.4,75,100,80,0.0,52.796,0.62127,70.241,400,0.9,0,0.00077429,11.57,25.789,75315,85049.0,6.4928,297.94,65.147,1.7371,10.0,,23,,1.0802,0.19362,,,1.6592,0,,0,0,1,5,5,0,5.0,144020.0
161.6,75,100,80,0.0,56.198,0.18638,0.0001,400,0.9,0,0.00077113,11.621,25.799,75418,85160.0,6.4953,297.86,38.082,1.7373,10.0,,23,,1.0588,0.19378,,,1.6594,0,,0,0,1,5,5,0,5.0,144900.0
161.8,75,100,80,0.0,58.604,0.055914,74.801,400,0.9,0,0.00079544,11.635,25.809,75521,85273.0,6.4986,297.97,78.403,1.7375,10.0,,23,,1.044,0.19389,,,1.6597,0,,0,0,1,5,5,0,5.0,143780.0
162.0,75,100,80,0.0,59.698,33.794,7.4801,400,0.9,0,0.00083941,11.602,25.821,75624,85386.0,6.5008,297.88,45.309,1.7378,10.0,,23,,1.0626,0.19375,,,1.6599,0,,0,0,1,5,5,0,5.0,144510.0
162.2,75,100,80,0.0,59.906,10.138,112.09,400,0.9,0,0.00083286,11.621,25.833,75727,85498.0,6.5051,298.07,114.95,1.7381,10.0,,23,,1.0697,0.1937,,,1.6602,0,,0,0,1,5,5,0,5.0,144060.0
162.4,75,100,80,0.0,58.384,72.411,11.209,400,0.9,0,0.00082883,11.621,25.844,75830,85611.0,6.5087,297.95,69.959,1.7383,10.0,,23,,1.0845,0.19359,,,1.6604,0,,0,0,1,5,5,0,5.0,144280.0
162.6,75,100,80,0.0,55.421,31.236,1.1209,400,0.9,0,0.00082437,11.625,25.856,75932,85722.0,6.5107,297.85,31.41,1.7385,10.0,,23,,1.0833,0.1936,,,1.6606,0,,0,0,1,5,5,0,5.0,144500.0
162.8,75,100,80,0.0,51.675,9.3708,62.865,400,0.9,0,0.00084385,11.599,25.868,76033,85833.0,6.5088,297.92,57.331,1.7388,10.0,,23,,1.0909,0.19354,,,1.6609,0,,0,0,1,5,5,0,5.0,143730.0
163.0,75,100,80,0.0,48.702,2.8112,0.0001,400,0.9,0,0.00084355,11.586,25.881,76134,85944.0,6.5065,297.84,29.091,1.7391,10.0,,23,,1.1082,0.19341,,,1.6611,0,,0,0,1,5,5,0,5.0,145130.0
163.2,75,100,80,0.0,46.635,0.84337,75.711,400,0.9,0,0.00090226,11.538,25.896,76235,86054.0,6.5021,297.95,69.875,1.7393,10.0,,23,,1.1163,0.19335,,,1.6614,0,,0,0,1,5,5,0,5.0,143860.0
163.4,75,100,80,0.0,46.315,33.783,7.5711,400,0.9,0,0.00091002,11.547,25.911,76335,86164.0,6.4973,297.86,36.48,1.7396,10.0,,23,,1.1159,0.19335,,,1.6617,0,,0,0,1,5,5,0,5.0,144100.0
163.6,75,100,80,0.0,47.906,10.135,116.87,400,0.9,0,0.00090381,11.571,25.925,76436,86274.0,6.4943,298.06,110.32,1.7399,10.0,,23,,1.1214,0.19331,,,1.6619,0,,0,0,1,5,5,0,5.0,144340.0
163.8,75,100,80,0.0,50.702,74.859,11.687,400,0.9,0,0.00092364,11.574,25.939,76537,86385.0,6.4935,297.93,63.543,1.7402,10.0,,23,,1.1274,0.19326,,,1.6622,0,,0,0,1,5,5,0,5.0,144740.0
164.0,75,100,80,0.0,53.827,22.458,176.43,400,0.9,0,0.0009207,11.621,25.953,76639,86496.0,6.4936,298.26,185.14,1.7405,10.0,,23,,1.1068,0.19342,,,1.6625,0,,0,0,1,5,5,0,5.0,144300.0
164.2,75,100,80,0.0,56.92,134.73,17.643,400,0.9,0,0.0009443,11.624,25.968,76741,86609.0,6.4954,298.09,121.47,1.7408,10.0,,23,,1.1079,0.19341,,,1.6628,0,,0,0,1,5,5,0,5.0,144710.0
164.4,75,100,80,0.0,59.282,82.633,1.7643,400,0.9,0,0.00097618,11.602,25.984,76844,86721.0,6.4956,297.94,64.8,1.7411,10.0,,23,,1.1244,0.19329,,,1.6631,0,,0,0,1,5,5,0,5.0,145450.0
164.6,75,100,80,0.0,61.563,24.79,97.931,400,0.9,0,0.00096338,11.634,25.999,76947,86834.0,6.4959,298.08,116.15,1.7414,10.0,,23,,1.118,0.19333,,,1.6634,0,,0,0,1,5,5,0,5.0,145030.0
164.8,75,100,80,0.0,63.728,71.477,9.7931,400,0.9,0,0.00096712,11.661,26.015,77051,86948.0,6.5006,297.95,71.047,1.7417,10.0,,23,,1.1051,0.19343,,,1.6637,0,,0,0,1,5,5,0,5.0,145930.0
165.0,75,100,80,0.0,63.986,31.319,0.97931,400,0.9,0,0.00099899,11.644,26.031,77155,87062.0,6.503,297.85,33.766,1.742,10.0,,23,,1.1136,0.19337,,,1.664,0,,0,0,1,5,5,0,5.0,145350.0
165.2,75,100,80,0.0,63.305,9.3958,60.145,400,0.9,0,0.0010146,11.628,26.048,77258,87175.0,6.5032,297.92,57.421,1.7424,10.0,,23,,1.1343,0.19321,,,1.6643,0,,0,0,1,5,5,0,5.0,145260.0
165.4,75,100,80,0.0,62.545,2.8187,0.0001,400,0.9,0,0.0010212,11.634,26.065,77362,87289.0,6.5022,297.84,29.016,1.7427,10.0,,23,,1.1365,0.19319,,,1.6646,0,,0,0,1,5,5,0,5.0,145010.0
165.6,75,100,80,0.0,62.196,0.84562,73.284,400,0.9,0,0.0010386,11.637,26.082,77465,87402.0,6.4983,297.94,67.368,1.743,10.0,,23,,1.1333,0.19322,,,1.665,0,,0,0,1,5,5,0,5.0,145260.0
165.8,75,100,80,0.0,63.386,0.25369,0.0001,400,0.9,0,0.0010555,11.635,26.1,77569,87516.0,6.4974,297.87,39.762,1.7434,10.0,,23,,1.1404,0.19316,,,1.6653,0,,0,0,1,5,5,0,5.0,145510.0
166.0,75,100,80,0.0,64.942,0.076106,74.047,400,0.9,0,0.0010657,11.621,26.117,77673,87630.0,6.4984,297.98,78.894,1.7438,10.0,,23,,1.1684,0.19295,,,1.6656,0,,0,0,1,5,5,0,5.0,144760.0
166.2,75,100,80,0.0,66.103,31.92,7.4047,400,0.9,0,0.0010523,11.664,26.135,77777,87744.0,6.502,297.89,46.835,1.7441,10.0,,23,,1.1527,0.19307,,,1.666,0,,0,0,1,5,5,0,5.0,146180.0
166.4,75,100,80,0.0,65.831,9.5759,105.87,400,0.9,0,0.0010691,11.671,26.152,77881,87858.0,6.5077,298.06,111.11,1.7445,10.0,,23,,1.1461,0.19312,,,1.6663,0,,0,0,1,5,5,0,5.0,145930.0
166.6,75,100,80,0.0,63.28,65.284,10.587,400,0.9,0,0.0010709,11.666,26.17,77985,87971.0,6.5117,297.96,71.444,1.7448,10.0,,23,,1.1506,0.19308,,,1.6667,0,,0,0,1,5,5,0,5.0,145850.0
166.8,75,100,80,0.0,59.105,29.811,1.0587,400,0.9,0,0.0010902,11.656,26.189,78087,88084.0,6.514,297.86,34.797,1.7452,10.0,,23,,1.1488,0.1931,,,1.667,0,,0,0,1,5,5,0,5.0,145610.0
167.0,75,100,80,0.0,54.03,8.9433,61.044,400,0.9,0,0.0010981,11.635,26.208,78189,88196.0,6.5132,297.92,59.181,1.7455,10.0,,23,,1.1625,0.19299,,,1.6673,0,,0,0,1,5,5,0,5.0,145030.0
167.2,75,100,80,0.0,49.264,2.683,0.0001,400,0.9,0,0.0010914,11.61,26.228,78290,88307.0,6.5079,297.85,30.561,1.7459,10.0,,23,,1.1816,0.19285,,,1.6677,0,,0,0,1,5,5,0,5.0,145800.0
167.4,75,100,80,0.0,46.659,0.80489,72.328,400,0.9,0,0.0010893,11.597,26.248,78390,88417.0,6.5013,297.95,67.834,1.7462,10.0,,23,,1.2016,0.1927,,,1.668,0,,0,0,1,5,5,0,5.0,145560.0
167.6,75,100,80,0.0,46.647,0.24147,0.0001,400,0.9,0,0.0011135,11.598,26.269,78490,88527.0,6.4962,297.87,40.018,1.7466,10.0,,23,,1.1969,0.19273,,,1.6684,0,,0,0,1,5,5,0,5.0,146990.0
167.8,75,100,80,0.0,48.69,0.07244,72.657,400,0.9,0,0.0011293,11.622,26.289,78591,88638.0,6.4929,297.97,77.695,1.747,10.0,,23,,1.1838,0.19283,,,1.6687,0,,0,0,1,5,5,0,5.0,146090.0
168.0,75,100,80,0.0,52.056,30.212,7.2657,400,0.9,0,0.0011188,11.657,26.309,78692,88749.0,6.4931,297.89,45.657,1.7474,10.0,1732.9,23,1798.9,1.1765,0.19288,26.228,25.144,1.6691,0,78.994,0,0,1,5,5,0,5.0,146190.0
168.2,75,100,80,0.0,55.318,9.0636,103.12,400,0.9,0,0.0011157,11.704,26.329,78794,88861.0,6.4958,298.05,107.35,1.7477,10.0,,23,,1.1545,0.19305,,,1.6695,0,,0,0,1,5,5,0,5.0,145790.0
168.4,75,100,80,0.0,57.505,61.624,10.312,400,0.9,0,0.0011081,11.74,26.349,78897,88974.0,6.4987,297.94,67.407,1.7481,10.0,,23,,1.1391,0.19316,,,1.6698,0,,0,0,1,5,5,0,5.0,146710.0
168.6,75,100,80,0.0,58.549,18.487,144.98,400,0.9,0,0.0011251,11.739,26.369,78999,89086.0,6.503,298.2,163.11,1.7484,10.0,,23,,1.1441,0.19312,,,1.6701,0,,0,0,1,5,5,0,5.0,147140.0
168.8,75,100,80,0.0,57.878,104.1,14.498,400,0.9,0,0.0011157,11.755,26.388,79101,89199.0,6.5058,298.07,113.45,1.7488,10.0,,23,,1.1528,0.19306,,,1.6705,0,,0,0,1,5,5,0,5.0,147570.0
169.0,75,100,80,0.0,56.071,64.536,1.4498,400,0.9,0,0.00114,11.737,26.408,79203,89311.0,6.5076,297.94,65.689,1.7492,10.0,,23,,1.1588,0.19301,,,1.6708,0,,0,0,1,5,5,0,5.0,146830.0
169.2,75,100,80,0.0,53.541,19.361,81.4,400,0.9,0,0.0011244,11.745,26.427,79305,89422.0,6.5064,298.04,104.38,1.7495,10.0,,23,,1.1693,0.19293,,,1.6712,0,,0,0,1,5,5,0,5.0,146430.0
169.4,75,100,80,0.0,51.503,53.07,8.14,400,0.9,0,0.0011341,11.728,26.447,79406,89534.0,6.5044,297.94,65.668,1.7499,10.0,,23,,1.1894,0.19278,,,1.6715,0,,0,0,1,5,5,0,5.0,146690.0
169.6,75,100,80,0.0,50.281,15.921,120.72,400,0.9,0,0.0010625,11.784,26.465,79507,89644.0,6.5019,298.14,140.13,1.7502,10.0,,23,,1.1891,0.19278,,,1.6718,0,,0,0,1,5,5,0,5.0,146270.0
169.8,75,100,80,0.0,50.027,81.637,12.072,400,0.9,0,0.0010238,11.821,26.482,79608,89755.0,6.5002,298.01,92.359,1.7505,10.0,,23,,1.1871,0.1928,,,1.6721,0,,0,0,1,5,5,0,5.0,147520.0
170.0,75,100,80,0.0,50.453,42.205,1.2072,400,0.9,0,0.0010354,11.825,26.499,79708,89866.0,6.4989,297.9,50.432,1.7508,10.0,,23,,1.1907,0.19277,,,1.6724,0,,0,0,1,5,5,0,5.0,146770.0
170.2,75,100,80,0.0,51.432,12.661,63.579,150,0.9,-4000,0.0010342,10.784,26.532,79065,89126.0,6.5264,297.98,80.071,1.741,10.0,,23,,1.4398,0.19092,,,1.663,0,,0,0,1,5,5,0,5.0,146600.0
170.4,75,100,80,0.0,41.295,36.541,6.3579,150,0.9,-4000,0.001074,10.716,26.566,78419,88385.0,6.5463,297.9,51.05,1.7266,10.0,,23,,1.4667,0.19074,,,1.6492,0,,0,0,1,5,5,0,5.0,147590.0
170.6,75,100,80,0.0,23.299,10.962,98.474,150,0.9,-4000,0.0011144,10.606,26.603,77770,87641.0,6.5452,298.08,116.63,1.7119,10.0,,23,,1.4804,0.19067,,,1.6351,0,,0,0,1,5,5,0,5.0,147110.0
170.8,75,100,80,0.0,5.8125,68.073,9.8474,150,0.9,-4000,0.0011472,10.491,26.643,77117,86893.0,6.5199,297.98,82.378,1.6972,10.0,,23,,1.5064,0.1905,,,1.621,0,,0,0,1,5,5,0,5.0,148290.0
171.0,75,100,80,0.0,0.0,37.936,0.98474,150,0.9,-4000,0.001203,10.421,26.684,76463,86144.0,6.4876,297.91,53.236,1.6826,10.0,,23,,1.5139,0.19047,,,1.6069,0,,0,0,1,5,5,0,5.0,147990.0
171.2,75,100,80,0.0,5.4916,11.381,57.426,150,0.9,-4000,0.0012184,10.439,26.725,75811,85396.0,6.4646,297.99,85.168,1.668,10.0,,23,,1.4977,0.19062,,,1.5929,0,,0,0,1,5,5,0,5.0,149190.0
171.4,75,100,80,0.0,20.157,38.513,5.7426,150,0.9,-4000,0.001244,10.491,26.765,75161,84651.0,6.4602,297.92,58.367,1.6534,10.0,,23,,1.4668,0.19088,,,1.5789,0,,0,0,1,5,5,0,5.0,149380.0
171.6,75,100,80,0.0,36.542,11.554,98.567,150,0.9,-4000,0.0012948,10.541,26.805,74515,83909.0,6.4741,298.1,124.55,1.6389,10.0,,23,,1.4392,0.19112,,,1.5649,0,,0,0,1,5,5,0,5.0,148900.0
171.8,75,100,80,0.0,47.35,72.475,9.8567,150,0.9,-4000,0.0013434,10.56,26.844,73871,83170.0,6.4976,297.99,85.936,1.6243,10.0,,23,,1.4172,0.19131,,,1.551,0,,0,0,1,5,5,0,5.0,149760.0
172.0,75,100,80,0.0,48.813,37.657,0.98567,150,0.9,-4000,0.0013692,10.566,26.885,73228,82431.0,6.5192,297.9,53.903,1.6098,10.0,,23,,1.3896,0.19155,,,1.5371,0,,0,0,1,5,5,0,5.0,148790.0
172.2,75,100,80,0.0,41.675,11.297,56.878,150,0.9,0,0.0013642,10.535,26.926,73277,82491.0,6.5072,297.99,83.618,1.6057,10.0,,23,,1.3876,0.19157,,,1.5331,0,,0,0,1,5,5,0,5.0,148820.0
172.4,75,100,80,0.0,39.427,37.463,5.6878,150,0.9,0,0.0013804,10.518,26.968,73327,82550.0,6.494,297.91,57.408,1.6059,10.0,,23,,1.387,0.19158,,,1.5333,0,,0,0,1,5,5,0,5.0,149350.0
172.6,75,100,80,0.0,42.355,11.239,97.917,150,0.9,0,0.0013755,10.519,27.009,73376,82610.0,6.4831,298.1,124.0,1.6064,10.0,,23,,1.3988,0.19149,,,1.5338,0,,0,0,1,5,5,0,5.0,150050.0
172.8,75,100,80,0.0,49.637,73.64,9.7917,150,0.9,0,0.0013504,10.576,27.049,73428,82671.0,6.4792,297.99,83.164,1.6068,10.0,,23,,1.3784,0.19164,,,1.5342,0,,0,0,1,5,5,0,5.0,149910.0
173.0,75,100,80,0.0,58.465,36.227,0.97917,150,0.9,0,0.0013483,10.613,27.088,73481,82734.0,6.4824,297.89,49.387,1.6073,10.0,,23,,1.3701,0.1917,,,1.5346,0,,0,0,1,5,5,0,5.0,149600.0
173.2,75,100,80,0.0,66.017,10.868,57.6,150,0.9,0,0.0013333,10.657,27.127,73535,82798.0,6.4915,297.97,76.794,1.6077,10.0,,23,,1.3621,0.19176,,,1.5351,0,,0,0,1,5,5,0,5.0,149780.0
173.4,75,100,80,0.0,69.9,34.247,5.76,150,0.9,0,0.0013163,10.684,27.165,73590,82864.0,6.5019,297.88,45.831,1.6082,10.0,,23,,1.3562,0.19181,,,1.5355,0,,0,0,1,5,5,0,5.0,150630.0
173.6,75,100,80,0.0,69.638,10.274,103.43,150,0.9,0,0.0012621,10.714,27.201,73646,82929.0,6.5114,298.07,112.99,1.6086,10.0,,23,,1.3602,0.19177,,,1.5359,0,,0,0,1,5,5,0,5.0,150140.0
173.8,75,100,80,0.0,65.584,71.862,10.343,150,0.9,0,0.0013639,10.643,27.24,73700,82993.0,6.5168,297.95,68.992,1.609,10.0,,23,,1.3618,0.19176,,,1.5363,0,,0,0,1,5,5,0,5.0,150320.0
174.0,75,100,80,0.0,59.417,21.558,166.94,150,0.9,0,0.0013917,10.6,27.279,73753,83056.0,6.5167,298.29,190.1,1.6095,10.0,,23,,1.3758,0.19166,,,1.5368,0,,0,0,1,5,5,0,5.0,150670.0
174.2,75,100,80,0.0,53.263,138.2,16.694,150,0.9,0,0.0013941,10.564,27.319,73805,83118.0,6.5133,298.1,123.56,1.61,10.0,,23,,1.3885,0.19156,,,1.5372,0,,0,0,1,5,5,0,5.0,150860.0
174.4,75,100,80,0.0,48.472,81.855,1.6694,150,0.9,0,0.0013759,10.556,27.359,73856,83179.0,6.5054,297.95,68.874,1.6105,10.0,,23,,1.3891,0.19155,,,1.5377,0,,0,0,1,5,5,0,5.0,151720.0
174.6,75,100,80,0.0,46.856,24.557,91.688,150,0.9,0,0.0013681,10.553,27.398,73907,83240.0,6.4956,298.1,122.3,1.6109,10.0,,23,,1.3978,0.19149,,,1.5381,0,,0,0,1,5,5,0,5.0,151740.0
174.8,75,100,80,0.0,49.127,75.541,9.1688,150,0.9,0,0.0013388,10.592,27.436,73958,83301.0,6.4878,297.97,76.525,1.6114,10.0,,23,,1.3832,0.1916,,,1.5386,0,,0,0,1,5,5,0,5.0,151760.0
175.0,75,100,80,0.0,54.536,33.724,0.91688,150,0.9,0,0.0013244,10.637,27.474,74010,83363.0,6.487,297.87,41.894,1.6118,10.0,,23,,1.3635,0.19174,,,1.539,0,,0,0,1,5,5,0,5.0,152280.0
175.2,75,100,80,0.0,60.218,10.117,56.371,150,0.9,0,0.0013778,10.642,27.512,74063,83427.0,6.4887,297.95,68.806,1.6123,10.0,,23,,1.3583,0.19178,,,1.5394,0,,0,0,1,5,5,0,5.0,151630.0
175.4,75,100,80,0.0,65.25,3.0352,0.0001,150,0.9,0,0.0013505,10.675,27.55,74118,83491.0,6.4933,297.89,47.807,1.6127,10.0,,23,,1.3515,0.19183,,,1.5399,0,,0,0,1,5,5,0,5.0,151300.0
175.6,75,100,80,0.0,68.45,0.91055,61.857,150,0.9,0,0.0013245,10.694,27.586,74173,83556.0,6.4975,297.99,82.841,1.6131,10.0,,23,,1.3588,0.19178,,,1.5403,0,,0,0,1,5,5,0,5.0,152150.0
175.8,75,100,80,0.0,69.974,31.013,6.1857,150,0.9,0,0.0012906,10.733,27.622,74228,83621.0,6.5036,297.9,52.027,1.6136,10.0,,23,,1.3429,0.1919,,,1.5407,0,,0,0,1,5,5,0,5.0,152480.0
176.0,75,100,80,0.0,69.058,9.3039,101.33,150,0.9,0,0.001319,10.714,27.658,74283,83686.0,6.509,298.08,118.06,1.614,10.0,,23,,1.3437,0.19189,,,1.5411,0,,0,0,1,5,5,0,5.0,152820.0
176.2,75,100,80,0.0,65.996,69.903,10.133,150,0.9,0,0.0012917,10.715,27.694,74337,83751.0,6.5118,297.95,71.364,1.6144,10.0,,23,,1.346,0.19187,,,1.5415,0,,0,0,1,5,5,0,5.0,153490.0
176.4,75,100,80,0.0,61.816,26.702,1.0133,150,0.9,0,0.0012756,10.705,27.73,74391,83814.0,6.5116,297.86,38.698,1.6148,10.0,,23,,1.352,0.19182,,,1.5419,0,,0,0,1,5,5,0,5.0,154170.0
176.6,75,100,80,0.0,57.724,8.0106,48.779,150,0.9,0,0.0012727,10.674,27.766,74444,83877.0,6.5085,297.92,58.801,1.6152,10.0,,23,,1.3748,0.19165,,,1.5423,0,,0,0,1,5,5,0,5.0,153170.0
176.8,75,100,80,0.0,54.844,2.4032,0.0001,150,0.9,0,0.0012433,10.684,27.802,74496,83939.0,6.502,297.86,37.599,1.6156,10.0,,23,,1.3732,0.19166,,,1.5426,0,,0,0,1,5,5,0,5.0,153840.0
177.0,75,100,80,0.0,54.589,0.72096,62.088,150,0.9,0,0.0012078,10.727,27.836,74548,84001.0,6.4965,297.96,72.374,1.616,10.0,,23,,1.3577,0.19178,,,1.543,0,,0,0,1,5,5,0,5.0,154340.0
177.2,75,100,80,0.0,56.51,29.343,6.2088,150,0.9,0,0.0012496,10.699,27.871,74601,84063.0,6.4924,297.87,41.738,1.6163,10.0,,23,,1.3704,0.19168,,,1.5433,0,,0,0,1,5,5,0,5.0,153340.0
177.4,75,100,80,0.0,60.055,8.803,104.76,150,0.9,0,0.0012441,10.719,27.906,74654,84126.0,6.4913,298.06,110.13,1.6167,10.0,,23,,1.3667,0.19171,,,1.5437,0,,0,0,1,5,5,0,5.0,154840.0
177.6,75,100,80,0.0,64.052,70.262,10.476,150,0.9,0,0.0012429,10.74,27.94,74708,84190.0,6.4924,297.92,59.589,1.6171,10.0,,23,,1.3615,0.19175,,,1.5441,0,,0,0,1,5,5,0,5.0,155000.0
177.8,75,100,80,0.0,67.611,21.079,175.62,150,0.9,0,0.0012149,10.793,27.972,74763,84255.0,6.4933,298.26,183.18,1.6175,10.0,,23,,1.3428,0.19189,,,1.5444,0,,0,0,1,5,5,0,5.0,153490.0
178.0,75,100,80,0.0,70.827,137.61,17.562,150,0.9,0,0.001249,10.78,28.005,74818,84320.0,6.4964,298.04,102.13,1.6178,10.0,,23,,1.3494,0.19184,,,1.5448,0,,0,0,1,5,5,0,5.0,154480.0
178.2,75,100,80,0.0,72.768,67.368,1.7562,150,0.9,0,0.0012885,10.762,28.038,74874,84386.0,6.5008,297.88,44.746,1.6182,10.0,,23,,1.3527,0.19181,,,1.5452,0,,0,0,1,5,5,0,5.0,154140.0
178.4,75,100,80,0.0,72.97,20.211,82.697,150,0.9,0,0.0013083,10.743,28.072,74930,84451.0,6.5056,298.0,87.016,1.6186,10.0,,23,,1.369,0.19169,,,1.5455,0,,0,0,1,5,5,0,5.0,154800.0
178.6,75,100,80,0.0,71.229,57.343,8.2697,150,0.9,0,0.0012996,10.751,28.105,74985,84517.0,6.5094,297.87,42.215,1.619,10.0,,23,,1.3631,0.19173,,,1.5459,0,,0,0,1,5,5,0,5.0,154960.0
178.8,75,100,80,0.0,67.992,17.203,149.05,150,0.9,0,0.0012972,10.749,28.138,75040,84581.0,6.5122,298.16,145.17,1.6195,10.0,,23,,1.3591,0.19176,,,1.5463,0,,0,0,1,5,5,0,5.0,156110.0
179.0,75,100,80,0.0,63.64,111.67,14.905,150,0.9,0,0.0013307,10.702,28.172,75094,84645.0,6.5126,297.97,78.645,1.6199,10.0,1782.5,23,1818.6,1.373,0.19166,28.038,24.669,1.5467,0,77.112,0,0,1,5,5,0,5.0,155110.0
