time,aeration_rate,agitator,sugar_feed_rate,acid_flow_rate,base_flow_rate,heating/cooling_water_flow_rate,heating_water_flow_rate,water_for_injection/dilution,air_head_pressure,dumped_broth_flow,substrate_concentration,dissolved_oxygen_concentration,penicillin_concentration,vessel_volume,vessel_weight,pH,temperature,generated_heat,CO2_percent_in_off_gas,PAA_flow,PAA_concentration,oil_flow,NH3_concentration,oxygen_uptake_rate,oxygen_in_percent_in_off_gas,offline_penicillin_concentration,offline_biomass_concentration,carbon_evolution_rate,ammonia_shots,viscosity,Fault reference(Fault_ref:Fault ref),0 - Recipe driven 1 - Operator controlled(Control_ref:Control ref),1- No Raman spec, 1-Raman spec recorded,2-PAT control(PAT_ref:PAT ref),Batch reference(Batch_ref:Batch ref),experiment_ID,Fault flag
0.2,30,100,8,0.0,0.0,0.0001,174.38,0,0.6,0,1.197,14.737,0.001,58366,61699.0,6.6445,297.72,159.23,0.084207,5.0,,22,,0.32828,0.19885,,,0.032026,0,,0,1,1,49,49,0,49.0,0.0
0.4,30,100,8,0.0,0.0,0.0001,55.772,0,0.6,0,1.2499,14.717,0.00099955,58363,61701.0,6.6181,297.89,204.45,0.095243,5.0,,22,,0.0044525,0.20491,,,0.036224,0,,0,1,1,49,49,0,49.0,0.0
0.6,30,100,8,0.52328,0.0,0.0001,0.0001,0,0.6,0,1.3013,14.692,0.00099909,58361,61703.0,6.5923,297.86,197.49,0.098849,5.0,,22,,-0.065296,0.2062,,,0.037596,0,,0,1,1,49,49,0,49.0,0.0
0.8,30,100,8,1.0452,0.0,0.0001,77.164,0,0.6,0,1.3508,14.673,0.00099862,58358,61705.0,6.5671,298.11,263.68,0.10097,5.0,,22,,-0.076049,0.2064,,,0.038404,0,,0,1,1,49,49,0,49.0,0.0
1.0,30,100,8,1.5671,0.0,80.142,7.7164,0,0.6,0,1.3985,14.646,0.00099815,58356,61707.0,6.5425,298.01,237.86,0.10286,5.0,1339.9,22,1760.6,-0.068839,0.20626,0.001,0.47907,0.039122,0,4.0804,0,1,1,49,49,0,49.0,0.0
1.2,30,100,8,0.0,0.0,49.249,0.77164,0,0.6,0,1.4444,14.618,0.00099768,58353,61709.0,6.5215,297.94,217.02,0.10478,5.0,,22,,-0.056949,0.20603,,,0.039852,0,,0,1,1,49,49,0,49.0,0.0
1.4,30,100,8,0.0,0.0,14.775,61.219,0,0.6,0,1.4884,14.592,0.00099721,58351,61711.0,6.5013,298.12,265.33,0.10678,5.0,,22,,-0.045322,0.20581,,,0.040614,0,,0,1,1,49,49,0,49.0,0.0
1.6,30,100,8,0.0,0.0,75.056,6.1219,0,0.6,0,1.5311,14.571,0.00099674,58348,61712.0,6.482,298.03,242.5,0.10888,5.0,,22,,-0.03597,0.20564,,,0.041411,0,,0,1,1,49,49,0,49.0,0.0
1.8,30,100,8,0.0,7.7241,48.725,0.61219,0,0.6,0,1.5716,14.553,0.00099624,58347,61716.0,6.4741,297.96,223.8,0.11107,5.0,,22,,-0.028784,0.2055,,,0.042245,0,,0,1,1,49,49,0,49.0,0.0
2.0,30,100,8,0.0,18.58,26.504,0.061219,0,0.6,0,1.6098,14.53,0.00099571,58348,61721.0,6.4791,297.92,213.15,0.11336,5.0,,22,,-0.019678,0.20532,,,0.043117,0,,0,1,1,49,49,0,49.0,0.0
2.2,30,100,8,0.0,27.399,7.9512,36.59,0,0.6,0,1.6464,14.512,0.00099515,58350,61728.0,6.494,298.04,243.6,0.11576,5.0,,22,,-0.012601,0.20519,,,0.044029,0,,0,1,1,49,49,0,49.0,21907.0
2.4,30,100,8,0.0,30.291,44.45,3.659,0,0.6,0,1.6812,14.498,0.00099458,58354,61736.0,6.5113,297.99,232.16,0.11825,5.0,,22,,-0.008007,0.2051,,,0.044977,0,,0,1,1,49,49,0,49.0,21403.0
2.6,30,100,8,0.0,26.264,30.224,0.3659,0,0.6,0,1.7136,14.483,0.00099402,58356,61743.0,6.5242,297.96,223.38,0.12084,5.0,,22,,-0.0039357,0.20502,,,0.045964,0,,0,1,1,49,49,0,49.0,22232.0
2.8,30,100,8,0.0,17.129,18.997,0.03659,0,0.6,0,1.7439,14.45,0.0009935,58357,61748.0,6.524,297.94,218.51,0.12355,5.0,,22,,0.0076711,0.20479,,,0.046995,0,,0,1,1,49,49,0,49.0,21894.0
3.0,30,100,8,0.0,8.0886,5.6992,27.886,0,0.6,0,1.7718,14.418,0.00099301,58356,61752.0,6.5112,298.04,244.57,0.12638,5.0,,22,,0.020164,0.20455,,,0.048072,0,,0,1,1,49,49,0,49.0,20723.0
3.2,30,100,15,0.0,4.1534,37.142,2.7886,0,0.6,0,1.8105,14.396,0.0009925,58355,61756.0,6.4931,298.01,237.81,0.12933,5.0,,22,,0.028808,0.20439,,,0.049194,0,,0,1,1,49,49,0,49.0,21385.0
3.4,30,100,15,0.0,7.4593,29.197,0.27886,0,0.6,0,1.8471,14.37,0.00099199,58356,61761.0,6.48,297.99,231.77,0.1324,5.0,,22,,0.038267,0.2042,,,0.05036,0,,0,1,1,49,49,0,49.0,21880.0
3.6,30,100,15,0.0,15.951,22.139,0.027886,0,0.6,0,1.8819,14.33,0.00099144,58358,61768.0,6.4782,297.98,228.54,0.13558,5.0,,22,,0.053871,0.20391,,,0.051571,0,,0,1,1,49,49,0,49.0,21376.0
3.8,30,100,15,0.0,25.167,17.834,0.0027886,0,0.6,0,1.9134,14.294,0.00099086,58361,61776.0,6.4857,297.98,227.43,0.13888,5.0,,22,,0.068781,0.20362,,,0.052826,0,,0,1,1,49,49,0,49.0,21371.0
4.0,30,100,15,0.0,31.379,15.73,0.00027886,0,0.6,0,1.9429,14.258,0.00099027,58366,61786.0,6.498,297.98,227.59,0.14229,5.0,,22,,0.083854,0.20333,,,0.054126,0,,0,1,1,49,49,0,49.0,21367.0
4.2,30,100,15,0.0,32.698,15.029,0.0001,0,0.6,0,1.9972,14.224,0.00098967,58371,61798.0,6.5115,297.98,228.72,0.14583,5.0,,30,,0.092801,0.20316,,,0.055471,0,,0,1,1,49,49,0,49.0,20862.0
4.4,30,100,15,0.0,28.601,15.571,0.0001,0,0.6,0,2.0484,14.18,0.00098909,58376,61808.0,6.5182,297.99,230.59,0.1495,5.0,,30,,0.10819,0.20286,,,0.056867,0,,0,1,1,49,49,0,49.0,21858.0
4.6,30,100,15,0.0,21.868,17.19,0.0001,0,0.6,0,2.0973,14.143,0.00098852,58379,61818.0,6.5147,298.0,233.13,0.1533,5.0,,30,,0.12272,0.20258,,,0.058315,0,,0,1,1,49,49,0,49.0,21686.0
4.8,30,100,15,0.0,16.552,19.911,0.0001,0,0.6,0,2.1427,14.103,0.00098798,58381,61826.0,6.5045,298.01,235.63,0.15724,5.0,,30,,0.13748,0.2023,,,0.059815,0,,0,1,1,49,49,0,49.0,21015.0
5.0,30,100,15,0.0,15.312,22.918,0.0001,0,0.6,0,2.1856,14.067,0.00098744,58383,61834.0,6.4929,298.01,237.73,0.16132,5.0,,30,,0.15072,0.20204,,,0.061366,0,,0,1,1,49,49,0,49.0,21010.0
5.2,30,100,15,0.0,18.676,25.753,0.0001,0,0.6,0,2.2255,14.028,0.0009869,58384,61842.0,6.4855,298.02,240.08,0.16553,0.0,,30,,0.16465,0.20177,,,0.062967,0,,0,1,1,49,49,0,49.0,20839.0
5.4,30,100,15,0.0,24.986,29.216,0.0001,0,0.6,0,2.2626,13.985,0.00098635,58387,61851.0,6.4852,298.03,242.21,0.16987,0.0,,30,,0.18026,0.20147,,,0.064621,0,,0,1,1,49,49,0,49.0,22001.0
5.6,30,100,15,0.0,31.412,32.727,0.0001,0,0.6,0,2.296,13.942,0.00098577,58391,61861.0,6.4918,298.04,244.29,0.17437,0.0,,30,,0.19557,0.20117,,,0.066333,0,,0,1,1,49,49,0,49.0,21496.0
5.8,30,100,15,0.0,35.201,36.464,0.0001,0,0.6,0,2.3263,13.902,0.00098518,58395,61872.0,6.4992,298.04,245.71,0.17902,0.0,,30,,0.20968,0.2009,,,0.068102,0,,0,1,1,49,49,0,49.0,21825.0
6.0,30,100,15,0.0,36.055,39.653,0.0001,0,0.6,0,2.353,13.862,0.00098459,58400,61883.0,6.5051,298.05,247.63,0.18382,0.0,,30,,0.22286,0.20064,,,0.069929,0,,0,1,1,49,49,0,49.0,20653.0
6.2,30,100,15,0.0,34.525,43.702,0.0001,0,0.6,0,2.3759,13.789,0.000984,58405,61894.0,6.5075,298.06,249.84,0.18879,0.0,,30,,0.24911,0.20014,,,0.07182,0,,0,1,1,49,49,0,49.0,21815.0
6.4,30,100,15,0.0,32.056,48.366,0.0001,0,0.6,0,2.395,13.731,0.00098342,58409,61904.0,6.5085,298.06,250.93,0.19394,0.0,,30,,0.27175,0.1997,,,0.073782,0,,0,1,1,49,49,0,49.0,20811.0
6.6,30,100,15,0.0,29.193,51.905,0.0001,0,0.6,0,2.4101,13.682,0.00098285,58413,61914.0,6.5044,298.07,253.28,0.19928,0.0,,30,,0.28992,0.19935,,,0.075813,0,,0,1,1,49,49,0,49.0,21806.0
6.8,30,100,15,0.0,27.986,57.236,0.0001,0,0.6,0,2.4211,13.625,0.00098229,58416,61923.0,6.4985,298.07,253.86,0.2048,0.0,,30,,0.30927,0.19897,,,0.077916,0,,0,1,1,49,49,0,49.0,21468.0
7.0,30,100,15,0.0,29.12,60.586,0.0001,0,0.6,0,2.4278,13.571,0.00098172,58419,61933.0,6.4934,298.07,254.0,0.21052,0.0,,30,,0.3274,0.19862,,,0.080093,0,,0,1,1,49,49,0,49.0,21796.0
7.2,30,100,15,0.0,32.272,63.513,0.0001,0,0.6,0,2.4303,13.509,0.00098114,58423,61943.0,6.4908,298.07,254.08,0.21644,0.0,,30,,0.34867,0.1982,,,0.082344,0,,0,1,1,49,49,0,49.0,21958.0
7.4,30,100,15,0.0,36.473,66.385,0.0001,0,0.6,0,2.4286,13.464,0.00098054,58428,61954.0,6.4891,298.08,255.32,0.22255,0.0,,30,,0.36269,0.19792,,,0.084669,0,,0,1,1,49,49,0,49.0,21286.0
7.6,30,100,15,0.0,41.342,70.767,0.0001,0,0.6,0,2.4227,13.396,0.00097994,58434,61966.0,6.4894,298.08,255.61,0.22887,0.0,,30,,0.38382,0.19751,,,0.087077,0,,0,1,1,49,49,0,49.0,21282.0
7.8,30,100,15,0.0,46.092,74.061,0.0001,0,0.6,0,2.412,13.336,0.00097931,58441,61979.0,6.493,298.08,256.42,0.23542,0.0,,30,,0.40356,0.19713,,,0.089569,0,,0,1,1,49,49,0,49.0,21443.0
8.0,30,100,15,0.0,49.388,78.089,0.0001,0,0.6,0,2.3973,13.275,0.00097867,58449,61993.0,6.4947,298.09,258.5,0.2422,0.0,,30,,0.42192,0.19676,,,0.09215,0,,0,1,1,49,49,0,49.0,21272.0
8.2,42,100,15,0.0,52.025,83.851,0.0001,0,0.6,0,2.3788,13.398,0.00097803,58457,62007.0,6.5008,298.1,260.09,0.195,0.0,,30,,0.38133,0.19969,,,0.10386,0,,0,1,1,49,49,0,49.0,20600.0
8.4,42,100,15,0.0,52.211,89.24,0.0001,0,0.6,0,2.3555,13.332,0.00097739,58465,62022.0,6.5054,298.1,261.03,0.19427,0.0,,30,,0.3694,0.19985,,,0.10347,0,,0,1,1,49,49,0,49.0,21929.0
8.6,42,100,15,0.0,50.59,94.021,0.0001,0,0.6,0,2.3255,13.253,0.00097675,58473,62036.0,6.5051,298.11,263.06,0.19897,0.0,,30,,0.3928,0.19952,,,0.10597,0,,0,1,1,49,49,0,49.0,21257.0
8.8,42,100,15,0.0,49.098,100.35,0.0001,0,0.6,0,2.2892,13.168,0.00097612,58480,62049.0,6.5016,298.11,264.64,0.20447,0.0,,30,,0.42419,0.19909,,,0.1089,0,,0,1,1,49,49,0,49.0,22252.0
9.0,42,100,15,0.0,48.981,106.36,0.0001,0,0.6,0,2.2487,13.111,0.00097548,58488,62063.0,6.4983,298.13,268.72,0.21024,0.0,,30,,0.44193,0.19884,,,0.11198,0,,0,1,1,49,49,0,49.0,21080.0
9.2,42,100,15,0.0,50.162,115.8,0.0001,0,0.6,0,2.2025,13.042,0.00097485,58495,62077.0,6.4938,298.15,273.83,0.21619,0.0,,30,,0.46439,0.19852,,,0.11515,0,,0,1,1,49,49,0,49.0,22242.0
9.4,42,100,15,0.0,53.17,127.05,0.0001,0,0.6,0,2.1512,12.955,0.0009742,58503,62091.0,6.492,298.17,279.59,0.22233,0.0,,30,,0.49719,0.19807,,,0.11842,0,,0,1,1,49,49,0,49.0,22070.0
9.6,42,100,15,0.0,56.897,139.83,0.0001,0,0.6,0,2.0936,12.869,0.00097354,58512,62107.0,6.4912,298.19,284.86,0.22868,0.0,,30,,0.53031,0.19761,,,0.12181,0,,0,1,1,49,49,0,49.0,20565.0
9.8,42,100,15,0.0,60.921,152.75,0.0001,0,0.6,0,2.0294,12.78,0.00097287,58522,62123.0,6.4922,298.21,290.82,0.23524,0.0,,30,,0.5646,0.19713,,,0.1253,0,,0,1,1,49,49,0,49.0,21560.0
10.0,42,100,15,0.0,64.541,167.31,0.0001,0,0.6,0,1.9596,12.696,0.00097218,58533,62139.0,6.492,298.23,297.18,0.242,0.0,,30,,0.59525,0.1967,,,0.12891,0,,0,1,1,49,49,0,49.0,22221.0
10.2,42,100,15,0.0,68.271,183.18,0.0001,0,0.6,0,1.8847,12.611,0.00097148,58544,62157.0,6.4924,298.24,298.35,0.24897,0.0,,30,,0.62549,0.19628,,,0.13262,0,,0,1,1,49,49,0,49.0,22216.0
10.4,42,100,15,0.0,71.836,193.28,0.0001,0,0.6,0,1.8043,12.529,0.00097077,58556,62175.0,6.4931,298.25,301.02,0.25614,0.0,,30,,0.65465,0.19587,,,0.13644,0,,0,1,1,49,49,0,49.0,21044.0
10.6,42,100,15,0.0,75.108,205.62,0.0001,0,0.6,0,1.7171,12.421,0.00097005,58569,62194.0,6.4926,298.28,309.54,0.26354,0.0,,30,,0.69283,0.19533,,,0.14039,0,,0,1,1,49,49,0,49.0,21872.0
10.8,42,100,15,0.0,78.579,225.76,0.0001,0,0.6,0,1.623,12.334,0.00096932,58582,62214.0,6.4926,298.3,315.38,0.27119,0.0,,30,,0.72051,0.19494,,,0.14446,0,,0,1,1,49,49,0,49.0,22201.0
11.0,42,100,15,0.0,82.039,243.49,0.0001,0,0.6,0,1.521,12.231,0.00096858,58596,62234.0,6.4938,298.31,317.66,0.27908,0.0,,30,,0.7538,0.19447,,,0.14867,0,,0,1,1,49,49,0,49.0,21695.0
11.2,42,100,15,0.0,85.034,257.55,0.0001,0,0.6,0,1.4129,12.143,0.00096783,58610,62255.0,6.4926,298.3,315.35,0.28721,0.0,,30,,0.78283,0.19406,,,0.153,0,,0,1,1,49,49,0,49.0,22190.0
11.4,42,100,15,0.0,88.54,266.17,0.0001,0,0.6,0,1.2977,12.032,0.00096706,58626,62276.0,6.4891,298.29,311.71,0.29558,0.0,,30,,0.81845,0.19356,,,0.15747,0,,0,1,1,49,49,0,49.0,20851.0
11.6,42,100,15,0.0,93.425,272.91,0.0001,0,0.6,0,1.174,11.919,0.00096628,58642,62299.0,6.4825,298.27,308.01,0.30423,0.0,,30,,0.85552,0.19304,,,0.16208,0,,0,1,1,49,49,0,49.0,22346.0
11.8,42,100,15,0.0,100.95,279.09,0.0001,0,0.6,0,1.0407,11.79,0.00096548,58660,62323.0,6.4759,298.25,302.64,0.31319,0.0,,30,,0.89901,0.19242,,,0.16686,0,,0,1,1,49,49,0,49.0,21341.0
12.0,42,100,15,0.0,111.1,282.62,0.0001,0,0.6,0,0.89999,11.692,0.00096464,58680,62349.0,6.4737,298.26,302.82,0.32243,0.0,1455.6,30,1884.5,0.93008,0.19198,0.00096783,2.684,0.17178,0,10.588,0,1,1,49,49,0,49.0,21669.0
12.2,42,100,30,0.0,122.14,292.56,0.0001,0,0.6,0,0.77979,11.583,0.00096372,58705,62381.0,6.4703,298.25,300.71,0.33195,0.0,,30,,0.96141,0.19153,,,0.17686,0,,0,1,1,49,49,0,49.0,21830.0
12.4,42,100,30,0.0,134.54,299.44,0.0001,0,0.6,0,0.65147,11.46,0.00096277,58732,62416.0,6.4706,298.24,298.45,0.34178,0.0,,30,,1.0001,0.19098,,,0.1821,0,,0,1,1,49,49,0,49.0,21824.0
12.6,42,100,30,0.0,146.79,305.89,0.0001,0,0.7,0,0.51528,12.187,0.00096177,58762,62453.0,6.4725,298.22,292.6,0.35192,0.0,,30,,1.0381,0.19044,,,0.18751,0,,0,1,1,49,49,0,49.0,21319.0
12.8,42,100,30,0.0,158.32,307.48,0.0001,0,0.7,0,0.37233,12.069,0.00096073,58794,62493.0,6.4751,298.21,289.2,0.36236,0.0,,30,,1.072,0.18995,,,0.19308,0,,0,1,1,49,49,0,49.0,21480.0
13.0,42,100,30,0.0,168.8,311.47,0.0001,0,0.7,0,0.22446,11.989,0.00095967,58829,62534.0,6.479,298.18,283.3,0.37306,0.0,,30,,1.1015,0.18953,,,0.19878,0,,0,1,1,49,49,0,49.0,21641.0
13.2,42,100,30,0.0,177.7,311.75,0.0001,0,0.7,0,0.084854,12.065,0.00095858,58865,62578.0,6.4855,298.19,286.12,0.38384,0.0,,30,,1.1009,0.18952,,,0.20454,0,,0,1,1,49,49,0,49.0,21302.0
13.4,42,100,30,0.0,184.03,322.37,0.0001,0,0.7,0,0.013362,13.106,0.00095747,58902,62622.0,6.5082,298.13,267.86,0.39378,0.0,,30,,0.88526,0.19246,,,0.20983,0,,0,1,1,49,49,0,49.0,22130.0
13.6,42,100,30,0.0,181.2,306.37,0.0001,0,0.7,0,0.011358,13.266,0.00095637,58939,62666.0,6.544,298.0,232.54,0.40121,0.0,,30,,0.66003,0.19551,,,0.2138,0,,0,1,1,49,49,0,49.0,21125.0
13.8,42,100,30,0.0,164.06,266.79,0.0001,0,0.7,0,0.011099,13.254,0.00095534,58973,62707.0,6.5767,297.89,204.3,0.40783,0.0,,30,,0.62394,0.19599,,,0.21733,0,,0,1,1,49,49,0,49.0,21453.0
14.0,42,100,30,0.51745,82.029,80.038,286.92,0,0.7,0,0.011139,13.191,0.00095456,58990,62731.0,6.5849,298.95,491.69,0.41432,0.0,,30,,0.6356,0.19582,,,0.22079,0,,0,1,1,49,49,0,49.0,21947.0
14.2,42,100,30,1.0379,41.014,441.09,28.692,0,0.7,0,0.010991,13.145,0.00095391,58998,62747.0,6.5666,298.74,434.5,0.42082,0.0,,30,,0.64404,0.19569,,,0.22426,0,,0,1,1,49,49,0,49.0,21775.0
14.4,42,100,30,1.5606,20.507,396.26,2.8692,0,0.7,0,0.010658,13.114,0.00095332,59003,62759.0,6.5325,298.49,365.97,0.42732,0.0,,30,,0.65229,0.19556,,,0.22773,0,,0,1,1,49,49,0,49.0,20436.0
14.6,42,100,30,0.0,8.0745,338.71,0.28692,0,0.7,0,0.010218,13.1,0.00095278,59005,62769.0,6.4925,298.28,310.04,0.43381,0.0,,30,,0.65326,0.19554,,,0.23119,0,,0,1,1,49,49,0,49.0,21597.0
14.8,42,100,30,0.0,11.621,288.0,0.028692,0,0.7,0,0.009797,13.084,0.00095224,59008,62779.0,6.4594,298.12,265.98,0.44026,0.0,,30,,0.65362,0.19552,,,0.23463,0,,0,1,1,49,49,0,49.0,21425.0
15.0,42,100,30,0.0,28.349,244.29,0.0028692,0,0.7,0,0.0095154,13.08,0.00095167,59015,62792.0,6.4422,298.03,240.78,0.44668,0.0,,30,,0.64983,0.19556,,,0.23806,0,,0,1,1,49,49,0,49.0,21753.0
15.2,42,100,30,0.0,51.96,218.07,0.00028692,0,0.7,0,0.0092597,13.064,0.00095106,59026,62811.0,6.4426,297.96,221.58,0.45307,0.0,,30,,0.65538,0.19547,,,0.24147,0,,0,1,1,49,49,0,49.0,21914.0
15.4,42,100,30,0.0,75.373,195.48,0.0001,0,0.7,0,0.0092016,13.061,0.00095041,59041,62833.0,6.4619,297.91,209.75,0.45943,0.0,,30,,0.6512,0.19552,,,0.24486,0,,0,1,1,49,49,0,49.0,20742.0
15.6,42,100,30,0.0,91.065,58.643,208.22,0,0.7,0,0.0093697,13.019,0.00094967,59060,62859.0,6.4899,298.71,427.63,0.46581,0.0,,30,,0.66436,0.19532,,,0.24826,0,,0,1,1,49,49,0,49.0,21070.0
15.8,42,100,30,0.0,95.61,331.45,20.822,0,0.7,0,0.009193,13.007,0.00094893,59080,62886.0,6.5172,298.55,384.39,0.47219,0.0,,30,,0.66549,0.1953,,,0.25167,0,,0,1,1,49,49,0,49.0,21064.0
16.0,42,100,30,0.0,89.263,297.47,2.0822,0,0.7,0,0.0092105,12.962,0.00094823,59098,62912.0,6.5415,298.4,341.94,0.47857,0.0,,30,,0.67988,0.19509,,,0.25508,0,,0,1,1,49,49,0,49.0,21725.0
16.2,42,100,75,0.0,73.188,265.76,0.20822,0,0.7,0,0.031022,11.734,0.00094735,59122,62947.0,6.5352,298.4,342.68,0.48655,0.0,,35,,0.99719,0.19074,,,0.25933,0,,0,1,1,49,49,0,49.0,22053.0
16.4,42,100,75,0.0,59.714,282.8,0.020822,0,0.7,0,0.029861,11.647,0.0009465,59144,62979.0,6.5138,298.42,347.6,0.4962,0.0,,35,,1.1062,0.18923,,,0.26449,0,,0,1,1,49,49,0,49.0,21214.0
16.6,42,100,75,0.0,54.782,304.03,0.0020822,0,0.7,0,0.027709,11.6,0.00094567,59164,63011.0,6.4907,298.41,344.86,0.50616,0.0,,35,,1.1351,0.18881,,,0.2698,0,,0,1,1,49,49,0,49.0,21542.0
16.8,42,100,75,0.0,59.04,316.16,0.00020822,0,0.7,0,0.026376,11.575,0.00094483,59185,63043.0,6.473,298.39,339.52,0.51613,0.0,,35,,1.1408,0.18871,,,0.27512,0,,0,1,1,49,49,0,49.0,20869.0
17.0,42,100,75,0.0,70.339,324.84,0.0001,0,0.7,0,0.024497,11.568,0.00094395,59209,63077.0,6.4662,298.36,330.57,0.52609,0.0,,35,,1.1391,0.18872,,,0.28044,0,,0,1,1,49,49,0,49.0,21197.0
17.2,42,100,75,0.0,84.331,328.3,0.0001,0,0.7,0,0.023015,11.547,0.00094303,59235,63114.0,6.4681,298.34,326.63,0.53604,0.0,,35,,1.138,0.18872,,,0.28575,0,,0,1,1,49,49,0,49.0,21525.0
17.4,42,100,75,0.0,97.565,336.96,0.0001,0,0.7,0,0.02193,11.522,0.00094206,59264,63154.0,6.4734,298.32,319.5,0.54597,0.0,,35,,1.1409,0.18866,,,0.29105,0,,0,1,1,49,49,0,49.0,21019.0
17.6,42,100,75,0.0,108.7,340.93,0.0001,0,0.7,0,0.020556,11.506,0.00094107,59296,63196.0,6.4844,298.29,313.0,0.55587,0.0,,35,,1.1448,0.18858,,,0.29634,0,,0,1,1,49,49,0,49.0,21347.0
17.8,42,100,75,0.0,115.44,344.8,0.0001,0,0.7,0,0.019639,11.513,0.00094006,59328,63240.0,6.4964,298.26,304.43,0.5657,0.0,,35,,1.1376,0.18866,,,0.30159,0,,0,1,1,49,49,0,49.0,20674.0
18.0,42,100,75,0.0,117.39,345.17,0.0001,0,0.7,0,0.019895,11.426,0.00093904,59361,63283.0,6.5054,298.24,298.28,0.57555,0.0,,35,,1.1551,0.1884,,,0.30684,0,,0,1,1,49,49,0,49.0,21669.0
18.2,42,100,75,0.0,115.76,347.46,0.0001,0,0.7,0,0.019522,11.371,0.00093803,59394,63327.0,6.5136,298.22,294.44,0.58548,0.0,,35,,1.17,0.18818,,,0.31215,0,,0,1,1,49,49,0,49.0,21163.0
18.4,42,100,75,0.0,110.86,351.77,0.0001,0,0.7,0,0.019222,11.338,0.00093704,59426,63370.0,6.5196,298.19,285.62,0.59547,0.0,,35,,1.1707,0.18815,,,0.31748,0,,0,1,1,49,49,0,49.0,21991.0
18.6,42,100,75,0.0,103.54,349.23,0.0001,0,0.7,0,0.018499,11.3,0.00093608,59456,63411.0,6.5229,298.17,278.09,0.60548,0.0,,35,,1.1777,0.18804,,,0.32283,0,,0,1,1,49,49,0,49.0,21985.0
18.8,42,100,75,0.0,94.929,347.24,0.0001,0,0.7,0,0.018539,11.214,0.00093514,59484,63450.0,6.5222,298.14,272.22,0.61554,0.0,,35,,1.1974,0.18775,,,0.3282,0,,0,1,1,49,49,0,49.0,20479.0
19.0,42,100,75,0.0,86.562,346.28,0.0001,0,0.7,0,0.01747,11.205,0.00093423,59511,63488.0,6.5181,298.11,263.94,0.62562,0.0,,35,,1.2011,0.18768,,,0.33358,0,,0,1,1,49,49,0,49.0,20973.0
19.2,42,100,75,0.0,79.848,341.46,0.0001,0,0.7,0,0.01681,11.169,0.00093335,59537,63524.0,6.5118,298.1,259.61,0.63566,0.0,,35,,1.206,0.18759,,,0.33895,0,,0,1,1,49,49,0,49.0,22301.0
19.4,42,100,75,0.0,75.664,340.53,0.0001,0,0.7,0,0.016158,11.133,0.00093248,59561,63560.0,6.5037,298.09,256.47,0.64569,0.0,,35,,1.2105,0.18751,,,0.34431,0,,0,1,1,49,49,0,49.0,21129.0
19.6,42,100,75,0.0,74.716,340.41,0.0001,0,0.7,0,0.015398,11.126,0.00093161,59586,63595.0,6.4982,298.11,261.48,0.65569,0.0,,35,,1.2082,0.18752,,,0.34965,0,,0,1,1,49,49,0,49.0,21456.0
19.8,42,100,75,0.0,75.962,350.02,0.0001,0,0.7,0,0.015399,11.044,0.00093074,59611,63631.0,6.4911,298.07,251.93,0.66573,0.0,,35,,1.2208,0.18733,,,0.35501,0,,0,1,1,49,49,0,49.0,20617.0
20.0,42,100,75,0.0,80.047,341.87,0.0001,0,0.7,0,0.014941,10.996,0.00092985,59636,63668.0,6.4864,298.04,242.19,0.67586,0.0,,35,,1.2319,0.18716,,,0.36042,0,,0,1,1,49,49,0,49.0,21445.0
20.2,55,100,150,0.0,86.016,332.59,0.0001,0,0.7,0,0.05034,10.118,0.00092872,59678,63725.0,6.4593,298.1,259.58,0.5432,0.0,,35,,1.5229,0.18836,,,0.3792,0,,0,1,1,49,49,0,49.0,20939.0
20.4,55,100,150,0.0,102.91,355.9,0.0001,0,0.7,0,0.051324,9.9394,0.00092753,59723,63786.0,6.437,298.2,288.59,0.54523,0.0,,35,,1.6001,0.18754,,,0.38062,0,,0,1,1,49,49,0,49.0,20766.0
20.6,55,100,150,0.0,128.63,395.35,0.0001,0,0.7,0,0.04973,9.8306,0.00092626,59773,63852.0,6.4224,298.3,316.47,0.55575,0.0,,35,,1.6355,0.18715,,,0.38798,0,,0,1,1,49,49,0,49.0,21927.0
20.8,55,100,150,0.0,160.18,436.97,0.0001,0,0.7,0,0.046908,9.7107,0.00092489,59830,63925.0,6.4148,298.38,336.55,0.56703,0.0,,35,,1.6684,0.18678,,,0.39586,0,,0,1,1,49,49,0,49.0,20921.0
21.0,55,100,150,0.0,194.75,472.64,0.0001,0,0.7,0,0.04334,9.6124,0.00092341,59893,64005.0,6.4107,298.43,351.34,0.57856,0.0,,35,,1.7013,0.18641,,,0.40392,0,,0,1,1,49,49,0,49.0,21082.0
21.2,55,100,150,0.0,225.0,504.63,0.0001,0,0.7,0,0.039076,9.5886,0.00092184,59963,64090.0,6.4082,298.42,349.17,0.59018,0.0,,35,,1.7114,0.18628,,,0.41205,0,,0,1,1,49,49,0,49.0,21576.0
21.4,55,100,150,0.0,225.0,517.65,0.0001,0,0.7,0,0.035539,9.4964,0.00092028,60032,64176.0,6.4066,298.41,347.01,0.60189,0.0,,35,,1.7376,0.18598,,,0.42024,0,,0,1,1,49,49,0,49.0,22237.0
21.6,55,100,150,0.0,225.0,530.86,0.0001,0,0.7,0,0.033821,9.4137,0.00091872,60101,64261.0,6.4055,298.38,338.82,0.61368,0.0,,35,,1.7587,0.18574,,,0.42848,0,,0,1,1,49,49,0,49.0,20231.0
21.8,55,100,150,0.0,225.0,536.29,0.0001,0,0.7,0,0.03133,9.3355,0.00091716,60171,64347.0,6.4047,298.4,342.59,0.62556,0.0,,35,,1.7825,0.18546,,,0.4368,0,,0,1,1,49,49,0,49.0,21558.0
22.0,55,100,150,0.0,225.0,555.62,0.0001,0,0.7,0,0.029591,9.3,0.00091561,60240,64433.0,6.4042,298.39,339.2,0.63746,0.0,,35,,1.7919,0.18534,,,0.44512,0,,0,1,1,49,49,0,49.0,21219.0
22.2,55,100,150,0.0,225.0,566.27,0.0001,0,0.7,0,0.027707,9.237,0.00091407,60310,64518.0,6.4045,298.35,330.39,0.64938,0.0,,35,,1.8113,0.18511,,,0.45346,0,,0,1,1,49,49,0,49.0,20546.0
22.4,55,100,150,0.0,225.0,569.95,0.0001,0,0.7,0,0.025633,9.2179,0.00091253,60379,64604.0,6.4054,298.32,319.35,0.66129,0.0,,35,,1.8148,0.18505,,,0.46179,0,,0,1,1,49,49,0,49.0,21707.0
22.6,55,100,150,0.0,225.0,569.87,0.0001,0,0.7,0,0.02492,9.1259,0.00091099,60448,64689.0,6.4057,298.31,318.11,0.67324,0.0,,35,,1.8343,0.18482,,,0.47015,0,,0,1,1,49,49,0,49.0,20867.0
22.8,55,100,150,0.0,225.0,580.46,0.0001,0,0.7,0,0.024186,9.0233,0.00090946,60518,64775.0,6.4048,298.29,312.57,0.68532,0.0,,35,,1.8592,0.18454,,,0.4786,0,,0,1,1,49,49,0,49.0,20528.0
23.0,55,100,150,0.0,225.0,585.32,0.0001,0,0.7,0,0.022981,8.9427,0.00090793,60587,64861.0,6.4027,298.25,302.0,0.69751,0.0,,35,,1.8812,0.18428,,,0.48713,0,,0,1,1,49,49,0,49.0,21522.0
23.2,55,100,150,0.0,225.0,583.39,0.0001,0,0.7,0,0.022044,8.8843,0.0009064,60657,64946.0,6.401,298.22,291.96,0.70976,0.0,,35,,1.8934,0.18413,,,0.4957,0,,0,1,1,49,49,0,49.0,21849.0
23.4,55,100,150,0.0,225.0,580.84,0.0001,0,0.7,0,0.021396,8.8074,0.00090489,60726,65032.0,6.3989,298.18,281.27,0.72204,0.0,,35,,1.9211,0.18381,,,0.50429,0,,0,1,1,49,49,0,49.0,21009.0
23.6,55,100,150,0.0,225.0,576.16,0.0001,0,0.7,0,0.020694,8.7317,0.00090337,60796,65118.0,6.3955,298.13,268.52,0.73439,0.0,,35,,1.9408,0.18358,,,0.51293,0,,0,1,1,49,49,0,49.0,20837.0
23.8,55,100,150,0.0,225.0,567.57,0.0001,0,0.7,0,0.019839,8.6816,0.00090186,60865,65204.0,6.3936,298.09,255.26,0.74676,0.0,,35,,1.9588,0.18337,,,0.52159,0,,0,1,1,49,49,0,49.0,20664.0
24.0,55,100,150,0.0,225.0,556.73,0.0001,0,0.7,0,0.019038,8.6361,0.00090036,60934,65290.0,6.3933,298.08,254.29,0.75914,0.0,1129.2,35,1863.0,1.9649,0.18328,0.0009064,8.9675,0.53026,0,21.932,0,1,1,49,49,0,49.0,21324.0
24.2,55,100,30,0.0,225.0,559.18,0.0001,0,0.7,0,0.0030883,11.936,0.017665,60980,65344.0,6.431,297.81,176.39,0.76698,0.0,,35,,1.0099,0.19329,,,0.53575,0,,0,1,1,49,49,0,49.0,20234.0
24.4,55,100,30,0.0,225.0,167.75,679.3,0,0.7,0,0.0031611,11.915,0.037454,61025,65397.0,6.4675,299.98,789.94,0.77185,0.0,,35,,0.89445,0.19447,,,0.53915,0,,0,1,1,49,49,0,49.0,20325.0
24.6,55,100,30,0.0,225.0,910.7,67.93,0,0.7,0,0.003132,11.876,0.056848,61070,65450.0,6.5007,299.36,614.35,0.77654,0.0,,35,,0.89643,0.19444,,,0.54244,0,,0,1,1,49,49,0,49.0,20747.0
24.8,55,100,30,0.0,225.0,754.66,6.793,0,0.7,0,0.0030466,11.9,0.077269,61115,65504.0,6.5299,298.75,443.16,0.78118,0.0,,35,,0.87238,0.19468,,,0.54569,0,,0,1,1,49,49,0,49.0,21508.0
25.0,55,100,30,0.0,213.58,601.8,0.6793,0,0.7,0,0.0030141,11.857,0.098303,61158,65555.0,6.5549,298.33,322.31,0.78578,0.0,,35,,0.89389,0.19445,,,0.5489,0,,0,1,1,49,49,0,49.0,21605.0
25.2,55,100,30,0.51813,106.79,487.55,0.06793,0,0.8,0,0.002939,12.563,0.12007,61180,65585.0,6.56,298.02,234.26,0.79033,0.0,,35,,0.93007,0.19407,,,0.55209,0,,0,1,1,49,49,0,49.0,20706.0
25.4,55,100,30,1.0386,53.396,395.96,0.006793,0,0.8,0,0.0028755,12.483,0.14257,61191,65605.0,6.5401,297.81,177.02,0.79483,0.0,,35,,0.95427,0.19381,,,0.55524,0,,0,1,1,49,49,0,49.0,22143.0
25.6,55,100,30,0.0,37.962,118.79,415.93,0,0.8,0,0.0028077,12.46,0.16597,61199,65621.0,6.5126,299.19,568.92,0.79927,0.0,,35,,0.96052,0.19373,,,0.55835,0,,0,1,1,49,49,0,49.0,21752.0
25.8,55,100,30,0.0,33.473,589.47,41.593,0,0.8,0,0.0027601,12.43,0.18964,61206,65636.0,6.4857,298.85,470.1,0.80368,0.0,,35,,0.97012,0.19363,,,0.56143,0,,0,1,1,49,49,0,49.0,22362.0
26.0,55,100,30,0.0,39.711,503.89,4.1593,0,0.8,0,0.0026959,12.427,0.21382,61214,65653.0,6.4636,298.47,362.7,0.80805,0.0,,35,,0.96937,0.19363,,,0.56449,0,,0,1,1,49,49,0,49.0,21141.0
26.2,55,100,30,0.0,54.791,407.83,0.41593,0,0.8,0,0.0027117,12.411,0.23805,61225,65672.0,6.4576,298.19,282.55,0.81241,0.0,,35,,0.96775,0.19363,,,0.56755,0,,0,1,1,49,49,0,49.0,23254.0
26.4,55,100,30,0.0,72.227,330.93,0.041593,0,0.8,0,0.002693,12.426,0.26271,61240,65696.0,6.4644,297.98,224.52,0.81677,0.0,,35,,0.95737,0.19373,,,0.5706,0,,0,1,1,49,49,0,49.0,22535.0
26.6,55,100,30,0.0,86.955,269.62,0.0041593,0,0.8,0,0.0026951,12.413,0.28752,61258,65722.0,6.4803,297.83,181.95,0.82111,0.0,,35,,0.9608,0.19369,,,0.57364,0,,0,1,1,49,49,0,49.0,22984.0
26.8,55,100,30,0.0,95.337,80.885,296.93,0,0.8,0,0.0027015,12.411,0.31251,61277,65749.0,6.5003,298.84,467.83,0.82543,0.0,,35,,0.95599,0.19373,,,0.57667,0,,0,1,1,49,49,0,49.0,22767.0
27.0,55,100,30,0.0,95.727,422.5,29.693,0,0.8,0,0.002675,12.393,0.33772,61297,65777.0,6.5193,298.61,402.93,0.82975,0.0,,35,,0.95397,0.19374,,,0.57969,0,,0,1,1,49,49,0,49.0,22218.0
27.2,55,100,30,0.0,88.518,367.69,2.9693,0,0.8,0,0.0026551,12.375,0.36327,61315,65803.0,6.5319,298.37,333.94,0.83405,0.0,,35,,0.95282,0.19375,,,0.5827,0,,0,1,1,49,49,0,49.0,22504.0
27.4,55,100,30,0.0,76.294,308.66,0.29693,0,0.8,0,0.0026225,12.337,0.38906,61330,65827.0,6.5377,298.18,281.41,0.83833,0.0,,35,,0.96083,0.19365,,,0.5857,0,,0,1,1,49,49,0,49.0,23458.0
27.6,55,100,30,0.0,61.763,260.61,0.029693,0,0.8,0,0.0025826,12.313,0.41528,61343,65848.0,6.5343,298.05,243.47,0.84258,0.0,,35,,0.96215,0.19363,,,0.58868,0,,0,1,1,49,49,0,49.0,23080.0
27.8,55,100,30,0.0,48.611,222.9,0.0029693,0,0.8,0,0.0025514,12.291,0.44182,61353,65867.0,6.524,297.97,220.63,0.84681,0.0,,35,,0.95731,0.19367,,,0.59164,0,,0,1,1,49,49,0,49.0,23871.0
28.0,55,100,30,0.0,39.545,198.1,0.00029693,0,0.8,0,0.0025477,12.225,0.46871,61362,65883.0,6.5076,297.93,208.16,0.85106,0.0,,35,,0.97614,0.19347,,,0.59461,0,,0,1,1,49,49,0,49.0,23497.0
28.2,55,100,37,0.0,37.029,59.431,206.01,0,0.8,0,0.0030312,11.94,0.49159,61371,65901.0,6.4885,298.7,428.58,0.85569,0.0,,35,,1.0526,0.19267,,,0.59785,0,,0,1,1,49,49,0,49.0,23769.0
28.4,55,100,37,0.0,42.168,323.77,20.601,0,0.8,0,0.0030115,11.915,0.51449,61381,65920.0,6.4745,298.61,403.8,0.86055,0.0,,35,,1.0593,0.19259,,,0.60126,0,,0,1,1,49,49,0,49.0,23376.0
28.6,55,100,37,0.0,52.852,314.21,2.0601,0,0.8,0,0.0029246,11.928,0.53821,61393,65941.0,6.4684,298.48,364.99,0.86538,0.0,,35,,1.0573,0.1926,,,0.60464,0,,0,1,1,49,49,0,49.0,23486.0
28.8,55,100,37,0.0,66.001,290.87,0.20601,0,0.8,0,0.0029051,11.93,0.56235,61408,65965.0,6.4722,298.33,324.69,0.87017,0.0,,35,,1.0553,0.19261,,,0.60799,0,,0,1,1,49,49,0,49.0,23098.0
29.0,55,100,37,0.0,77.596,261.01,0.020601,0,0.8,0,0.002894,11.914,0.58694,61425,65991.0,6.4826,298.23,295.45,0.87493,0.0,,35,,1.0602,0.19255,,,0.61133,0,,0,1,1,49,49,0,49.0,22879.0
29.2,55,100,37,0.0,85.066,239.27,0.0020601,0,0.8,0,0.0028784,11.898,0.61188,61444,66018.0,6.4962,298.17,276.93,0.87969,0.0,,35,,1.0598,0.19255,,,0.61467,0,,0,1,1,49,49,0,49.0,23829.0
29.4,55,100,37,0.0,87.1,226.37,0.00020601,0,0.8,0,0.002829,11.899,0.63747,61463,66046.0,6.5071,298.13,265.69,0.88443,0.0,,35,,1.0534,0.19261,,,0.61798,0,,0,1,1,49,49,0,49.0,23115.0
29.6,55,100,37,0.0,84.795,219.56,0.0001,0,0.8,0,0.0028207,11.845,0.6632,61482,66074.0,6.515,298.09,253.49,0.88916,0.0,,35,,1.0692,0.19243,,,0.6213,0,,0,1,1,49,49,0,49.0,25068.0
29.8,55,100,37,0.0,79.315,209.93,0.0001,0,0.8,0,0.002772,11.842,0.68946,61500,66100.0,6.5174,298.04,239.78,0.89387,0.0,,35,,1.0646,0.19247,,,0.62459,0,,0,1,1,49,49,0,49.0,23691.0
30.0,55,100,37,0.0,72.895,196.9,0.0001,0,0.8,0,0.0027352,11.802,0.71618,61516,66126.0,6.5168,298.0,229.71,0.89855,0.0,,35,,1.0768,0.19234,,,0.62787,0,,0,1,1,49,49,0,49.0,24649.0
30.2,55,100,37,0.0,66.7,186.52,0.0001,0,0.9,0,0.002738,12.591,0.74302,61531,66150.0,6.5153,297.98,223.52,0.90324,0.0,,35,,1.0845,0.19225,,,0.63116,0,,0,1,1,49,49,0,49.0,25441.0
30.4,55,100,37,0.0,61.097,179.4,0.0001,0,0.9,0,0.0027046,12.567,0.77035,61545,66173.0,6.5125,297.96,217.66,0.90793,0.0,,35,,1.0851,0.19223,,,0.63445,0,,0,1,1,49,49,0,49.0,24569.0
30.6,55,100,37,0.0,56.611,171.77,0.0001,0,0.9,0,0.0026746,12.547,0.79824,61558,66194.0,6.507,297.95,214.85,0.91258,0.0,,35,,1.09,0.19217,,,0.6377,0,,0,1,1,49,49,0,49.0,24533.0
30.8,55,100,37,0.0,54.355,167.05,0.0001,0,0.9,0,0.0026418,12.525,0.82651,61571,66216.0,6.4984,297.93,209.78,0.9172,0.0,,35,,1.0948,0.19211,,,0.64094,0,,0,1,1,49,49,0,49.0,24666.0
31.0,55,100,37,0.0,55.527,50.115,183.39,0,0.9,0,0.0025884,12.532,0.85543,61584,66238.0,6.491,298.62,407.25,0.92175,0.0,,35,,1.0951,0.1921,,,0.64413,0,,0,1,1,49,49,0,49.0,25468.0
31.2,55,100,37,0.0,59.629,285.67,18.339,0,0.9,0,0.0025602,12.529,0.88479,61597,66260.0,6.4845,298.53,381.95,0.92625,0.0,,35,,1.0893,0.19215,,,0.64728,0,,0,1,1,49,49,0,49.0,25606.0
31.4,55,100,37,0.0,66.35,273.35,1.8339,0,0.9,0,0.0024983,12.552,0.91473,61612,66284.0,6.4823,298.39,341.4,0.93069,0.0,,35,,1.0789,0.19225,,,0.65039,0,,0,1,1,49,49,0,49.0,24746.0
31.6,55,100,37,0.0,73.932,245.2,0.18339,0,0.9,0,0.0024922,12.528,0.94492,61629,66309.0,6.485,298.26,304.73,0.9351,0.0,,35,,1.0855,0.19218,,,0.65348,0,,0,1,1,49,49,0,49.0,26388.0
31.8,55,100,37,0.0,80.453,216.83,0.018339,0,0.9,0,0.0024589,12.55,0.97537,61646,66335.0,6.4911,298.16,273.61,0.93948,0.0,,35,,1.0679,0.19235,,,0.65655,0,,0,1,1,49,49,0,49.0,25532.0
32.0,55,100,37,0.0,84.512,190.26,0.0018339,0,0.9,0,0.0024707,12.514,1.006,61665,66363.0,6.4953,298.08,252.36,0.94388,0.0,,35,,1.0673,0.19235,,,0.65963,0,,0,1,1,49,49,0,49.0,26009.0
32.2,55,100,43,0.0,86.899,171.37,0.00018339,0,0.9,0,0.0028066,12.29,1.0338,61685,66392.0,6.4998,298.05,243.36,0.94857,0.0,,35,,1.1253,0.19174,,,0.66292,0,,0,1,1,49,49,0,49.0,25473.0
32.4,55,100,43,0.0,87.51,164.17,0.0001,0,0.9,0,0.0027851,12.282,1.062,61706,66422.0,6.505,298.02,235.62,0.9534,0.0,,35,,1.1278,0.1917,,,0.6663,0,,0,1,1,49,49,0,49.0,26105.0
32.6,55,100,43,0.0,86.045,157.0,0.0001,0,0.9,0,0.0028157,12.241,1.0899,61726,66451.0,6.5082,298.02,234.17,0.95825,0.0,,35,,1.1331,0.19164,,,0.6697,0,,0,1,1,49,49,0,49.0,26902.0
32.8,55,100,43,0.0,83.284,156.33,0.0001,0,0.9,0,0.0027382,12.241,1.1186,61746,66480.0,6.5101,298.02,233.55,0.96306,0.0,,35,,1.1361,0.1916,,,0.67308,0,,0,1,1,49,49,0,49.0,27037.0
33.0,55,100,43,0.0,79.781,156.31,0.0001,0,0.9,0,0.0027377,12.196,1.1476,61765,66508.0,6.5114,298.01,233.0,0.96785,0.0,,35,,1.147,0.19147,,,0.67643,0,,0,1,1,49,49,0,49.0,27006.0
33.2,55,100,43,0.0,75.735,156.29,0.0001,0,0.9,0,0.0027294,12.157,1.1769,61783,66535.0,6.5089,298.02,233.78,0.97265,0.0,,35,,1.1552,0.19138,,,0.67979,0,,0,1,1,49,49,0,49.0,26643.0
33.4,55,100,43,0.0,72.702,157.77,0.0001,0,0.9,0,0.0026693,12.127,1.2068,61800,66562.0,6.5071,298.02,235.77,0.97741,0.0,,35,,1.1737,0.19118,,,0.68313,0,,0,1,1,49,49,0,49.0,27284.0
33.6,55,100,43,0.0,70.385,160.79,0.0001,0,0.9,0,0.0026015,12.117,1.2377,61817,66588.0,6.5026,298.01,232.56,0.98212,0.0,,35,,1.1792,0.19111,,,0.68643,0,,0,1,1,49,49,0,49.0,26262.0
33.8,55,100,43,0.0,69.855,157.78,0.0001,0,0.9,0,0.0025728,12.098,1.2688,61834,66614.0,6.5014,298.0,229.44,0.98678,0.0,,35,,1.1865,0.19103,,,0.68969,0,,0,1,1,49,49,0,49.0,26909.0
34.0,55,100,43,0.0,69.807,154.6,0.0001,0,0.9,0,0.0025381,12.084,1.3003,61851,66640.0,6.4972,297.99,224.91,0.99139,0.0,,35,,1.1919,0.19096,,,0.69293,0,,0,1,1,49,49,0,49.0,27224.0
34.2,55,100,43,0.0,71.476,149.34,0.0001,0,0.9,0,0.0024885,12.07,1.3327,61869,66666.0,6.4928,297.98,222.01,0.99596,0.0,,35,,1.2026,0.19084,,,0.69613,0,,0,1,1,49,49,0,49.0,27710.0
34.4,55,100,43,0.0,74.882,145.46,0.0001,0,0.9,0,0.0025241,12.021,1.3649,61886,66693.0,6.4892,297.98,223.12,1.0005,0.0,,35,,1.2147,0.19071,,,0.69933,0,,0,1,1,49,49,0,49.0,27028.0
34.6,55,100,43,0.0,79.7,145.97,0.0001,0,0.9,0,0.0025224,11.989,1.3972,61905,66721.0,6.4923,297.97,221.42,1.0051,0.0,,35,,1.226,0.19058,,,0.70256,0,,0,1,1,49,49,0,49.0,27514.0
34.8,55,100,43,0.0,83.296,143.16,0.0001,0,0.9,0,0.0024695,12.02,1.4302,61925,66750.0,6.4996,297.97,218.83,1.0097,0.0,,35,,1.2133,0.19071,,,0.70574,0,,0,1,1,49,49,0,49.0,27836.0
35.0,55,100,43,0.0,83.978,139.13,0.0001,0,0.9,0,0.0024419,12.009,1.4636,61945,66779.0,6.5072,297.96,217.55,1.0141,0.0,,35,,1.2185,0.19064,,,0.70888,0,,0,1,1,49,49,0,49.0,27827.0
35.2,55,100,43,0.0,81.615,136.36,0.0001,0,0.9,0,0.0024151,11.993,1.4974,61964,66807.0,6.513,297.96,217.12,1.0186,0.0,,35,,1.2186,0.19063,,,0.71199,0,,0,1,1,49,49,0,49.0,27654.0
35.4,55,100,43,0.0,76.944,134.42,0.0001,0,0.9,0,0.0023516,12.005,1.5319,61982,66834.0,6.5142,297.96,217.68,1.023,0.0,,35,,1.21,0.19071,,,0.71506,0,,0,1,1,49,49,0,49.0,28483.0
35.6,55,100,43,0.0,71.783,133.57,0.0001,0,0.9,0,0.0023081,11.998,1.5666,62000,66861.0,6.5122,297.96,218.17,1.0273,0.0,,35,,1.2035,0.19077,,,0.7181,0,,0,1,1,49,49,0,49.0,27480.0
35.8,55,100,43,0.0,67.425,132.69,0.0001,0,0.9,0,0.0022799,11.974,1.6017,62016,66886.0,6.5078,297.95,215.54,1.0316,0.0,,35,,1.2093,0.1907,,,0.7211,0,,0,1,1,49,49,0,49.0,29313.0
36.0,55,100,43,0.0,64.829,128.14,0.0001,0,0.9,0,0.0022982,11.91,1.6372,62032,66911.0,6.5033,297.94,213.0,1.0359,0.0,651.36,35,1785.2,1.2205,0.19058,1.4974,12.722,0.72413,0,35.535,0,1,1,49,49,0,49.0,29148.0
36.2,55,100,47,0.0,64.031,38.442,139.51,0,0.9,0,0.0024698,11.762,1.6719,62049,66937.0,6.499,298.49,371.69,1.0404,0.0,,35,,1.2524,0.19024,,,0.72729,0,,0,1,1,49,49,0,49.0,28645.0
36.4,55,100,47,0.0,64.932,225.85,13.951,0,0.9,0,0.0025126,11.709,1.7061,62065,66963.0,6.4932,298.4,344.84,1.045,0.0,,35,,1.2665,0.19008,,,0.73053,0,,0,1,1,49,49,0,49.0,29473.0
36.6,55,100,47,0.0,68.196,208.22,1.3951,0,0.9,0,0.0024781,11.713,1.7406,62083,66989.0,6.4904,298.29,312.6,1.0497,0.0,,35,,1.2579,0.19016,,,0.73378,0,,0,1,1,49,49,0,49.0,29470.0
36.8,55,100,47,0.0,72.542,185.5,0.13951,0,0.9,0,0.002438,11.705,1.7756,62101,67017.0,6.4919,298.2,287.59,1.0543,0.0,,35,,1.2573,0.19016,,,0.73701,0,,0,1,1,49,49,0,49.0,29635.0
37.0,55,100,47,0.0,76.299,167.38,0.013951,0,0.9,0,0.0023906,11.72,1.8107,62120,67045.0,6.4958,298.15,271.06,1.0588,0.0,,35,,1.2473,0.19026,,,0.74021,0,,0,1,1,49,49,0,49.0,28634.0
37.2,55,100,47,0.0,78.501,155.96,0.0013951,0,0.9,0,0.0024184,11.705,1.846,62139,67073.0,6.5019,298.11,260.09,1.0634,0.0,,35,,1.238,0.19035,,,0.74341,0,,0,1,1,49,49,0,49.0,29634.0
37.4,55,100,47,0.0,78.259,148.79,0.00013951,0,0.9,0,0.002379,11.719,1.8819,62158,67102.0,6.5055,298.08,252.52,1.0679,0.0,,35,,1.2282,0.19044,,,0.74657,0,,0,1,1,49,49,0,49.0,28971.0
37.6,55,100,47,0.0,76.577,144.12,0.0001,0,0.9,0,0.0022975,11.742,1.9184,62178,67130.0,6.5094,298.06,245.78,1.0723,0.0,,35,,1.2198,0.19052,,,0.74967,0,,0,1,1,49,49,0,49.0,29311.0
37.8,55,100,47,0.0,73.328,139.38,0.0001,0,0.9,0,0.00228,11.734,1.9553,62196,67158.0,6.513,298.04,240.04,1.0767,0.0,,35,,1.2125,0.19058,,,0.75274,0,,0,1,1,49,49,0,49.0,29985.0
38.0,55,100,47,0.0,68.64,134.93,0.0001,0,0.9,0,0.0022423,11.739,1.9925,62213,67184.0,6.5141,298.01,232.3,1.081,0.0,,35,,1.2038,0.19067,,,0.75576,0,,0,1,1,49,49,0,49.0,29828.0
38.2,55,100,47,0.0,63.523,127.33,0.0001,0,0.9,0,0.0022184,11.71,2.03,62230,67209.0,6.5095,297.99,225.89,1.0853,0.0,,35,,1.2165,0.19053,,,0.75875,0,,0,1,1,49,49,0,49.0,30339.0
38.4,55,100,47,0.0,60.273,120.37,0.0001,0,0.9,0,0.0021943,11.702,2.0676,62246,67234.0,6.5054,297.97,220.98,1.0895,0.0,,35,,1.2072,0.19061,,,0.76173,0,,0,1,1,49,49,0,49.0,30017.0
38.6,55,100,47,0.0,58.64,114.34,0.0001,0,0.9,0,0.0021802,11.671,2.1054,62261,67259.0,6.4991,297.97,219.4,1.0938,0.0,,35,,1.2105,0.19057,,,0.7647,0,,0,1,1,49,49,0,49.0,32030.0
38.8,55,100,47,0.0,59.527,111.6,0.0001,0,0.9,0,0.0021795,11.653,2.1435,62277,67284.0,6.4915,297.97,221.25,1.098,0.0,,35,,1.2076,0.19059,,,0.76768,0,,0,1,1,49,49,0,49.0,32210.0
39.0,55,100,47,0.0,63.445,112.63,0.0001,0,0.9,0,0.0021737,11.635,2.1818,62293,67309.0,6.4861,297.97,221.26,1.1023,0.0,,35,,1.2034,0.19063,,,0.77066,0,,0,1,1,49,49,0,49.0,30392.0
39.2,55,100,47,0.0,69.504,111.63,0.0001,0,0.9,0,0.0021825,11.608,2.2202,62311,67336.0,6.4846,297.97,221.24,1.1065,0.0,,35,,1.2094,0.19056,,,0.77365,0,,0,1,1,49,49,0,49.0,31407.0
39.4,55,100,47,0.0,76.168,110.65,0.0001,0,0.9,0,0.0021566,11.596,2.2587,62330,67364.0,6.4882,297.97,221.33,1.1108,0.0,,35,,1.2185,0.19046,,,0.77663,0,,0,1,1,49,49,0,49.0,30923.0
39.6,55,100,47,0.0,81.387,109.79,0.0001,0,0.9,0,0.0021394,11.567,2.2974,62350,67393.0,6.4943,297.98,223.09,1.115,0.0,,35,,1.2299,0.19033,,,0.77962,0,,0,1,1,49,49,0,49.0,31940.0
39.8,55,100,47,0.0,84.177,110.92,0.0001,0,0.9,0,0.0020982,11.562,2.3365,62370,67423.0,6.502,297.99,224.56,1.1192,0.0,,35,,1.2378,0.19024,,,0.78258,0,,0,1,1,49,49,0,49.0,32126.0
40.0,55,100,47,0.0,83.884,111.89,0.0001,0,0.9,0,0.0021078,11.525,2.3757,62391,67452.0,6.5104,298.0,227.93,1.1235,0.0,,35,,1.2469,0.19014,,,0.78553,0,,0,1,1,49,49,0,49.0,31979.0
40.2,60,100,51,0.0,80.243,115.31,0.0001,0,1.1,0,0.0022651,13.203,2.4146,62413,67484.0,6.5141,298.02,234.78,1.0415,10.0,,35,,1.2695,0.19116,,,0.79427,0,,0,1,1,49,49,0,49.0,32830.0
40.4,60,100,51,0.0,75.154,123.24,0.0001,0,1.1,0,0.0022749,13.16,2.4534,62435,67515.0,6.5164,298.04,239.36,1.0411,10.0,,35,,1.2603,0.19125,,,0.79397,0,,0,1,1,49,49,0,49.0,33181.0
40.6,60,100,51,0.0,69.099,129.26,0.0001,0,1.1,0,0.0022536,13.137,2.4927,62455,67545.0,6.5149,298.05,241.97,1.045,10.0,,35,,1.2618,0.19123,,,0.79689,0,,0,1,1,49,49,0,49.0,32534.0
40.8,60,100,51,0.0,63.673,133.6,0.0001,0,1.1,0,0.0022208,13.125,2.5324,62475,67574.0,6.508,298.05,242.41,1.049,10.0,,35,,1.2617,0.19122,,,0.79998,0,,0,1,1,49,49,0,49.0,33056.0
41.0,60,100,51,0.0,60.99,135.75,0.0001,0,1.1,0,0.0022156,13.111,2.5722,62493,67602.0,6.4984,298.03,238.16,1.053,10.0,,35,,1.2581,0.19124,,,0.80307,0,,0,1,1,49,49,0,49.0,34078.0
41.2,60,100,51,0.0,62.175,132.49,0.0001,0,1.1,0,0.0022049,13.102,2.6121,62512,67630.0,6.493,298.02,235.82,1.0571,10.0,,35,,1.2526,0.19129,,,0.80615,0,,0,1,1,49,49,0,49.0,33934.0
41.4,60,100,51,0.0,65.49,131.04,0.0001,0,1.1,0,0.0022075,13.074,2.6523,62532,67659.0,6.4892,298.02,234.9,1.0611,10.0,,35,,1.2568,0.19124,,,0.80923,0,,0,1,1,49,49,0,49.0,33791.0
41.6,60,100,51,0.0,70.315,130.92,0.0001,0,1.1,0,0.0021531,13.106,2.6927,62552,67689.0,6.489,298.02,233.13,1.0651,10.0,,35,,1.2417,0.19138,,,0.81229,0,,0,1,1,49,49,0,49.0,33650.0
41.8,60,100,51,0.0,75.24,129.66,0.0001,0,1.1,0,0.0021838,13.083,2.7333,62574,67720.0,6.493,298.02,234.12,1.0691,10.0,,35,,1.2291,0.19149,,,0.81535,0,,0,1,1,49,49,0,49.0,34510.0
42.0,60,100,51,0.0,78.553,131.44,0.0001,0,1.1,0,0.0021396,13.085,2.7745,62596,67752.0,6.5,298.03,236.46,1.0731,10.0,,35,,1.2246,0.19152,,,0.81841,0,,0,1,1,49,49,0,49.0,34038.0
42.2,60,100,51,0.0,79.059,134.87,0.0001,0,1.1,0,0.0021368,13.076,2.8156,62618,67783.0,6.5079,298.03,236.45,1.0771,10.0,,35,,1.2225,0.19154,,,0.82145,0,,0,1,1,49,49,0,49.0,34234.0
42.4,60,100,51,0.0,76.406,135.79,0.0001,0,1.1,0,0.0021389,13.07,2.857,62640,67814.0,6.5135,298.02,235.1,1.081,10.0,,35,,1.211,0.19164,,,0.82448,0,,0,1,1,49,49,0,49.0,34597.0
42.6,60,100,51,0.0,71.553,135.2,0.0001,0,1.1,0,0.0021727,12.997,2.8984,62661,67845.0,6.515,298.02,234.78,1.085,10.0,,35,,1.2275,0.19147,,,0.82754,0,,0,1,1,49,49,0,49.0,34127.0
42.8,60,100,51,0.0,66.082,135.67,0.0001,0,1.1,0,0.0021739,12.939,2.94,62681,67874.0,6.5129,298.03,238.5,1.0891,10.0,,35,,1.2426,0.19132,,,0.83062,0,,0,1,1,49,49,0,49.0,33992.0
43.0,60,100,51,0.0,61.471,140.85,0.0001,0,1.1,0,0.0022049,12.867,2.9819,62699,67902.0,6.5051,298.03,238.93,1.0931,10.0,,35,,1.2628,0.19112,,,0.83373,0,,0,1,1,49,49,0,49.0,35858.0
43.2,60,100,51,0.0,59.971,142.52,0.0001,0,1.1,0,0.002201,12.858,3.0239,62718,67930.0,6.4977,298.04,240.84,1.0972,10.0,,35,,1.2511,0.19123,,,0.83685,0,,0,1,1,49,49,0,49.0,34724.0
43.4,60,100,51,0.0,61.393,146.07,0.0001,0,1.1,0,0.0021822,12.841,3.0663,62737,67959.0,6.4925,298.06,245.26,1.1013,10.0,,35,,1.246,0.19127,,,0.83998,0,,0,1,1,49,49,0,49.0,36092.0
43.6,60,100,51,0.0,64.919,152.78,0.0001,0,1.1,0,0.0021606,12.822,3.1085,62756,67988.0,6.4863,298.08,251.29,1.1054,10.0,,35,,1.2502,0.19122,,,0.84311,0,,0,1,1,49,49,0,49.0,35960.0
43.8,60,100,51,0.0,70.907,161.88,0.0001,0,1.1,0,0.0021641,12.812,3.151,62777,68018.0,6.487,298.1,258.4,1.1095,10.0,,35,,1.2468,0.19124,,,0.84624,0,,0,1,1,49,49,0,49.0,35662.0
44.0,60,100,51,0.0,76.605,172.98,0.0001,0,1.1,0,0.0021635,12.805,3.1934,62799,68049.0,6.4915,298.12,262.64,1.1136,10.0,,35,,1.2378,0.19132,,,0.84937,0,,0,1,1,49,49,0,49.0,36197.0
44.2,60,100,57,0.0,80.528,181.59,0.0001,0,1.1,0,0.0023899,12.604,3.2349,62822,68083.0,6.4979,298.15,274.09,1.1179,10.0,,35,,1.2777,0.19093,,,0.85269,0,,0,1,1,49,49,0,49.0,36728.0
44.4,60,100,57,0.0,81.894,199.28,0.0001,0,1.1,0,0.0023606,12.618,3.277,62846,68117.0,6.5045,298.19,284.78,1.1223,10.0,,35,,1.2675,0.19102,,,0.85606,0,,0,1,1,49,49,0,49.0,36094.0
44.6,60,100,57,0.0,80.617,217.35,0.0001,0,1.1,0,0.002365,12.575,3.3191,62870,68151.0,6.5093,298.2,287.0,1.1267,10.0,,35,,1.2745,0.19095,,,0.85944,0,,0,1,1,49,49,0,49.0,37295.0
44.8,60,100,57,0.0,77.409,226.85,0.0001,0,1.1,0,0.0023459,12.534,3.3617,62893,68184.0,6.5118,298.21,288.93,1.1311,10.0,,35,,1.2869,0.19082,,,0.86282,0,,0,1,1,49,49,0,49.0,37331.0
45.0,60,100,57,0.0,73.236,236.51,0.0001,0,1.1,0,0.0023703,12.501,3.4043,62915,68217.0,6.5107,298.22,293.17,1.1356,10.0,,35,,1.2905,0.19078,,,0.8662,0,,0,1,1,49,49,0,49.0,36534.0
45.2,60,100,57,0.0,69.487,249.14,0.0001,0,1.1,0,0.0023945,12.454,3.4469,62937,68248.0,6.5068,298.24,298.52,1.14,10.0,,35,,1.2978,0.1907,,,0.86959,0,,0,1,1,49,49,0,49.0,37403.0
45.4,60,100,57,0.0,67.29,263.54,0.0001,0,1.1,0,0.0023208,12.469,3.4904,62958,68279.0,6.5031,298.26,304.44,1.1444,10.0,,35,,1.2901,0.19076,,,0.87296,0,,0,1,1,49,49,0,49.0,37110.0
45.6,60,100,57,0.0,66.588,279.27,0.0001,0,1.1,0,0.0023726,12.382,3.5336,62979,68310.0,6.4995,298.26,305.47,1.1488,10.0,,35,,1.3018,0.19064,,,0.87635,0,,0,1,1,49,49,0,49.0,38482.0
45.8,60,100,57,0.0,67.292,290.0,0.0001,0,1.1,0,0.0024013,12.313,3.5768,63000,68342.0,6.4967,298.25,301.59,1.1533,10.0,,35,,1.3237,0.19043,,,0.87981,0,,0,1,1,49,49,0,49.0,38188.0
46.0,60,100,57,0.0,69.121,295.24,0.0001,0,1.1,0,0.0024604,12.244,3.6195,63021,68373.0,6.494,298.22,293.59,1.1579,10.0,,35,,1.3389,0.19027,,,0.88331,0,,0,1,1,49,49,0,49.0,38057.0
46.2,60,100,57,0.0,72.032,295.28,0.0001,0,1.1,0,0.0024053,12.279,3.663,63043,68406.0,6.4914,298.17,278.46,1.1625,10.0,,35,,1.3238,0.19041,,,0.8868,0,,0,1,1,49,49,0,49.0,37931.0
46.4,60,100,57,0.0,75.975,286.09,0.0001,0,1.1,0,0.0023982,12.266,3.7062,63066,68439.0,6.4898,298.11,260.05,1.167,10.0,,35,,1.3131,0.1905,,,0.89028,0,,0,1,1,49,49,0,49.0,39637.0
46.6,60,100,57,0.0,80.578,271.31,0.0001,0,1.1,0,0.00238,12.249,3.7497,63090,68473.0,6.489,298.06,245.38,1.1716,10.0,,35,,1.3156,0.19047,,,0.89376,0,,0,1,1,49,49,0,49.0,38677.0
46.8,60,100,57,0.0,85.482,258.68,0.0001,0,1.1,0,0.0023281,12.327,3.7936,63115,68508.0,6.4894,298.02,232.93,1.176,10.0,,35,,1.2818,0.19078,,,0.89719,0,,0,1,1,49,49,0,49.0,40053.0
47.0,60,100,57,0.0,90.227,246.67,0.0001,0,1.1,0,0.0023768,12.26,3.8373,63140,68544.0,6.4914,297.99,224.18,1.1805,10.0,,35,,1.2985,0.19061,,,0.90062,0,,0,1,1,49,49,0,49.0,39427.0
47.2,60,100,57,0.0,94.168,237.36,0.0001,0,1.1,0,0.0022878,12.309,3.8817,63167,68580.0,6.4941,297.96,217.31,1.185,10.0,,35,,1.2814,0.19077,,,0.90401,0,,0,1,1,49,49,0,49.0,39472.0
47.4,60,100,57,0.0,97.063,229.04,0.0001,0,1.1,0,0.0022324,12.326,3.9267,63194,68618.0,6.4977,297.93,207.94,1.1893,10.0,,35,,1.2777,0.1908,,,0.90735,0,,0,1,1,49,49,0,49.0,40353.0
47.6,60,100,57,0.0,98.489,68.711,246.51,0,1.1,0,0.0022171,12.33,3.9719,63221,68655.0,6.499,298.79,460.93,1.1936,10.0,,35,,1.271,0.19085,,,0.91065,0,,0,1,1,49,49,0,49.0,40568.0
47.8,60,100,57,0.0,99.415,361.34,24.651,0,1.1,0,0.0022395,12.292,4.0167,63248,68692.0,6.5012,298.69,433.56,1.1979,10.0,,35,,1.2735,0.19082,,,0.91395,0,,0,1,1,49,49,0,49.0,40115.0
48.0,60,100,57,0.0,99.453,352.51,2.4651,0,1.1,0,0.0021947,12.283,4.0621,63276,68730.0,6.5039,298.57,397.77,1.2022,10.0,597.21,35,1817.5,1.2781,0.19077,3.8817,15.909,0.91725,0,49.681,0,1,1,49,49,0,49.0,40998.0
48.2,60,100,61,0.0,98.416,337.53,0.24651,0,1.1,0,0.0023661,12.091,4.1064,63304,68768.0,6.4979,298.48,369.77,1.2067,10.0,,35,,1.314,0.19042,,,0.92068,0,,0,1,1,49,49,0,49.0,39709.0
48.4,60,100,61,0.0,99.812,327.33,0.024651,0,1.1,0,0.0023533,12.078,4.1505,63332,68807.0,6.4922,298.4,345.12,1.2113,10.0,,35,,1.3176,0.19037,,,0.92419,0,,0,1,1,49,49,0,49.0,40419.0
48.6,60,100,61,0.0,103.44,317.29,0.0024651,0,1.1,0,0.0023277,12.053,4.1951,63361,68846.0,6.4897,298.31,318.98,1.2159,10.0,,35,,1.3267,0.19028,,,0.92769,0,,0,1,1,49,49,0,49.0,40965.0
48.8,60,100,61,0.0,108.07,302.34,0.00024651,0,1.1,0,0.0023011,12.07,4.2403,63391,68887.0,6.4888,298.26,303.95,1.2204,10.0,,35,,1.3163,0.19037,,,0.93117,0,,0,1,1,49,49,0,49.0,41680.0
49.0,60,100,61,0.0,113.09,297.05,0.0001,0,1.1,0,0.0023011,12.05,4.2859,63422,68928.0,6.4917,298.2,287.07,1.225,10.0,,35,,1.3176,0.19035,,,0.93464,0,,0,1,1,49,49,0,49.0,40731.0
49.2,60,100,61,0.0,116.9,287.44,0.0001,0,1.1,0,0.0022744,12.055,4.3318,63454,68970.0,6.495,298.15,271.34,1.2295,10.0,,35,,1.3153,0.19036,,,0.9381,0,,0,1,1,49,49,0,49.0,42450.0
49.4,60,100,61,0.0,119.41,277.1,0.0001,0,1.1,0,0.0022846,12.026,4.3779,63486,69013.0,6.4965,298.11,259.64,1.234,10.0,,35,,1.314,0.19036,,,0.94155,0,,0,1,1,49,49,0,49.0,42003.0
49.6,60,100,61,0.0,121.34,269.42,0.0001,0,1.1,0,0.0022715,12.006,4.4247,63519,69056.0,6.5005,298.06,244.19,1.2385,10.0,,35,,1.3143,0.19035,,,0.94502,0,,0,1,1,49,49,0,49.0,42559.0
49.8,60,100,61,0.0,121.65,255.82,0.0001,0,1.1,0,0.0022521,11.998,4.4717,63551,69100.0,6.5012,298.01,230.19,1.243,10.0,,35,,1.3129,0.19036,,,0.94846,0,,0,1,1,49,49,0,49.0,41284.0
50.0,60,100,61,0.0,121.69,242.07,0.0001,0,1.1,0,0.0021955,12.025,4.5194,63584,69143.0,6.5032,297.97,218.98,1.2475,10.0,,35,,1.3039,0.19043,,,0.95186,0,,0,1,1,49,49,0,49.0,42678.0
50.2,60,100,61,0.0,120.91,229.76,0.0001,500,1.1,0,0.0021806,13.415,4.5603,63717,69286.0,6.5023,297.82,175.1,1.2518,10.0,,35,,0.98913,0.1934,,,0.95521,0,,0,1,1,49,49,0,49.0,42545.0
50.4,60,100,61,0.0,120.52,68.927,299.73,500,1.1,0,0.0021318,13.471,4.601,63849,69428.0,6.5018,298.71,440.8,1.2561,10.0,,35,,0.95476,0.19372,,,0.95852,0,,0,1,1,49,49,0,49.0,43078.0
50.6,60,100,61,0.0,120.3,370.05,29.973,500,1.1,0,0.0021511,13.458,4.6413,63981,69571.0,6.4991,298.49,373.21,1.2605,10.0,,35,,0.95784,0.19368,,,0.96182,0,,0,1,1,49,49,0,49.0,43609.0
50.8,60,100,61,0.0,121.2,312.26,2.9973,500,1.1,0,0.002169,13.429,4.6816,64114,69714.0,6.4958,298.24,298.62,1.2648,10.0,,35,,0.9802,0.19346,,,0.96516,0,,0,1,1,49,49,0,49.0,43473.0
51.0,60,100,61,0.0,123.42,246.51,0.29973,500,1.1,0,0.0021584,13.481,4.7221,64247,69857.0,6.4943,298.04,239.34,1.2692,10.0,,35,,0.96216,0.19362,,,0.96849,0,,0,1,1,49,49,0,49.0,43505.0
51.2,60,100,61,0.0,126.21,189.33,0.029973,500,1.1,0,0.0021012,13.544,4.7627,64381,70001.0,6.4948,297.91,198.76,1.2735,10.0,,35,,0.95657,0.19367,,,0.97178,0,,0,1,1,49,49,0,49.0,44204.0
51.4,60,100,61,0.0,128.82,56.8,199.09,500,1.1,0,0.0020896,13.585,4.8029,64515,70146.0,6.4964,298.49,373.75,1.2777,10.0,,35,,0.95384,0.19369,,,0.97503,0,,0,1,1,49,49,0,49.0,44568.0
51.6,60,100,61,0.0,130.76,254.12,19.909,500,1.1,0,0.0020873,13.616,4.8431,64649,70290.0,6.4985,298.32,324.99,1.2819,10.0,,35,,0.9471,0.19374,,,0.97826,0,,0,1,1,49,49,0,49.0,43765.0
51.8,60,100,61,0.0,131.9,212.45,1.9909,500,1.1,0,0.002052,13.652,4.8834,64784,70435.0,6.4995,298.16,274.77,1.2861,10.0,,35,,0.95314,0.19368,,,0.98145,0,,0,1,1,49,49,0,49.0,44463.0
52.0,60,100,61,0.0,132.63,168.75,0.19909,500,1.1,0,0.0020395,13.685,4.9237,64918,70580.0,6.4962,298.04,237.18,1.2902,10.0,,35,,0.9434,0.19376,,,0.98463,0,,0,1,1,49,49,0,49.0,44660.0
52.2,60,100,65,0.0,134.67,133.32,0.019909,500,1.1,0,0.0021925,13.574,4.9633,65054,70727.0,6.4931,297.96,214.51,1.2945,10.0,,35,,0.96782,0.19352,,,0.98792,0,,0,1,1,49,49,0,49.0,45188.0
52.4,60,100,65,0.0,137.95,109.92,0.0019909,500,1.1,0,0.0021729,13.596,5.003,65191,70874.0,6.4952,297.9,196.57,1.2989,10.0,,35,,0.96749,0.19352,,,0.99128,0,,0,1,1,49,49,0,49.0,45050.0
52.6,60,100,65,0.0,140.37,32.977,128.41,500,1.1,0,0.0021541,13.643,5.0425,65328,71022.0,6.4984,298.29,314.37,1.3033,10.0,,35,,0.96012,0.19358,,,0.99462,0,,0,1,1,49,49,0,49.0,45743.0
52.8,60,100,65,0.0,141.53,162.56,12.841,500,1.1,0,0.0021354,13.658,5.0821,65465,71169.0,6.5004,298.21,289.77,1.3076,10.0,,35,,0.96383,0.19353,,,0.99795,0,,0,1,1,49,49,0,49.0,45771.0
53.0,60,100,65,0.0,141.88,142.78,1.2841,500,1.1,0,0.0021206,13.671,5.1215,65603,71317.0,6.4998,298.12,261.63,1.312,10.0,,35,,0.97287,0.19344,,,1.0013,0,,0,1,1,49,49,0,49.0,45131.0
53.2,60,100,65,0.0,142.49,119.59,0.12841,500,1.1,0,0.0020794,13.736,5.1608,65740,71465.0,6.5016,298.04,239.57,1.3162,10.0,,35,,0.96087,0.19354,,,1.0045,0,,0,1,1,49,49,0,49.0,46157.0
53.4,60,100,65,0.0,142.37,99.903,0.012841,500,1.1,0,0.0020631,13.762,5.2002,65878,71613.0,6.5029,297.99,223.26,1.3205,10.0,,35,,0.95697,0.19357,,,1.0078,0,,0,1,1,49,49,0,49.0,46183.0
53.6,60,100,65,0.0,141.74,83.878,0.0012841,500,1.1,0,0.0020921,13.747,5.2395,66015,71761.0,6.5024,297.95,211.5,1.3247,10.0,,35,,0.96232,0.19351,,,1.0111,0,,0,1,1,49,49,0,49.0,45043.0
53.8,60,100,65,0.0,141.32,70.831,0.00012841,500,1.1,0,0.0020778,13.77,5.2789,66152,71909.0,6.5023,297.92,201.13,1.329,10.0,,35,,0.96063,0.19352,,,1.0143,0,,0,1,1,49,49,0,49.0,47236.0
54.0,60,100,65,0.0,140.92,21.249,87.358,500,1.1,0,0.0020922,13.773,5.3183,66290,72056.0,6.5049,298.18,283.31,1.3333,10.0,,35,,0.97248,0.1934,,,1.0176,0,,0,1,1,49,49,0,49.0,47429.0
54.2,60,100,65,0.0,139.48,109.75,8.7358,500,1.1,0,0.0020353,13.829,5.3579,66426,72203.0,6.5086,298.14,268.94,1.3375,10.0,,35,,0.97052,0.19341,,,1.0208,0,,0,1,1,49,49,0,49.0,46290.0
54.4,60,100,65,0.0,136.57,98.76,0.87358,500,1.1,0,0.001995,13.864,5.3976,66563,72350.0,6.5122,298.08,249.71,1.3416,10.0,,35,,0.96954,0.19341,,,1.024,0,,0,1,1,49,49,0,49.0,47318.0
54.6,60,100,65,0.0,132.22,83.03,0.087358,500,1.1,0,0.0019876,13.886,5.4374,66698,72496.0,6.5134,298.02,231.34,1.3457,10.0,,35,,0.96373,0.19346,,,1.0271,0,,0,1,1,49,49,0,49.0,47680.0
54.8,60,100,65,0.0,127.4,66.099,0.0087358,500,1.1,0,0.0019671,13.903,5.4771,66832,72640.0,6.5143,297.97,217.59,1.3498,10.0,,35,,0.96226,0.19347,,,1.0302,0,,0,1,1,49,49,0,49.0,46541.0
55.0,60,100,65,0.0,122.21,52.065,0.00087358,500,1.1,0,0.0019671,13.893,5.5165,66966,72784.0,6.5159,297.94,208.1,1.3538,10.0,,35,,0.97461,0.19334,,,1.0334,0,,0,1,1,49,49,0,49.0,48401.0
55.2,60,100,65,0.0,116.36,15.62,61.391,500,1.1,0,0.0019698,13.885,5.5557,67098,72927.0,6.5166,298.13,265.66,1.3579,10.0,,35,,0.98634,0.19322,,,1.0365,0,,0,1,1,49,49,0,49.0,46927.0
55.4,60,100,65,0.0,110.23,76.857,6.1391,500,1.1,0,0.0018851,13.971,5.5949,67229,73068.0,6.5175,298.08,252.44,1.3619,10.0,,35,,0.97267,0.19334,,,1.0395,0,,0,1,1,49,49,0,49.0,47453.0
55.6,60,100,65,0.0,103.77,65.776,0.61391,500,1.1,0,0.0019237,13.931,5.6343,67358,73208.0,6.5139,298.04,238.98,1.3659,10.0,,35,,0.98145,0.19325,,,1.0426,0,,0,1,1,49,49,0,49.0,48479.0
55.8,60,100,65,0.0,98.747,54.564,0.061391,500,1.1,0,0.0018618,14.004,5.6737,67487,73346.0,6.5115,298.01,227.97,1.3698,10.0,,35,,0.96178,0.19343,,,1.0456,0,,0,1,1,49,49,0,49.0,48339.0
56.0,60,100,65,0.0,94.66,44.465,0.0061391,500,1.1,0,0.0018235,14.038,5.7128,67615,73484.0,6.5094,297.98,218.69,1.3737,10.0,,35,,0.96436,0.1934,,,1.0486,0,,0,1,1,49,49,0,49.0,49197.0
56.2,60,100,72,0.0,91.424,34.907,0.00061391,500,1.1,0,0.0019812,13.898,5.752,67743,73623.0,6.5028,297.97,215.61,1.3777,10.0,,34,,1.0023,0.19303,,,1.0516,0,,0,1,1,49,49,0,49.0,47890.0
56.4,60,100,72,0.0,90.83,30.97,0.0001,500,1.1,0,0.0019269,13.955,5.791,67872,73762.0,6.4976,297.96,212.46,1.3818,10.0,,34,,1.003,0.19302,,,1.0548,0,,0,1,1,49,49,0,49.0,48748.0
56.6,60,100,72,0.0,92.299,26.44,0.0001,500,1.1,0,0.0019459,13.952,5.8298,68000,73901.0,6.4921,297.95,210.74,1.3858,10.0,,34,,1.0061,0.19298,,,1.0579,0,,0,1,1,49,49,0,49.0,49271.0
56.8,60,100,72,0.0,95.984,23.098,0.0001,500,1.1,0,0.0018839,14.015,5.8687,68130,74041.0,6.4887,297.95,208.97,1.3899,10.0,,34,,1.0014,0.19302,,,1.061,0,,0,1,1,49,49,0,49.0,48129.0
57.0,60,100,72,0.0,101.03,6.9294,33.871,500,1.1,0,0.0018714,14.048,5.9075,68260,74181.0,6.4896,298.05,242.49,1.3939,10.0,,34,,0.99494,0.19307,,,1.064,0,,0,1,1,49,49,0,49.0,49153.0
57.2,60,100,72,0.0,105.68,41.121,3.3871,500,1.1,0,0.0018265,14.131,5.9461,68392,74323.0,6.4939,298.03,236.04,1.3978,10.0,,34,,0.97979,0.19321,,,1.067,0,,0,1,1,49,49,0,49.0,49175.0
57.4,60,100,72,0.0,108.63,35.358,0.33871,500,1.1,0,0.0018156,14.16,5.9844,68523,74465.0,6.4961,298.01,227.88,1.4017,10.0,,34,,0.98052,0.19319,,,1.07,0,,0,1,1,49,49,0,49.0,49530.0
57.6,60,100,72,0.0,110.73,27.966,0.033871,500,1.1,0,0.0017994,14.185,6.0225,68656,74607.0,6.5023,297.99,221.47,1.4055,10.0,,34,,0.98192,0.19317,,,1.073,0,,0,1,1,49,49,0,49.0,50883.0
57.8,60,100,72,0.0,110.34,21.543,0.0033871,500,1.1,0,0.0017741,14.232,6.0604,68788,74750.0,6.5087,297.97,215.7,1.4093,10.0,,34,,0.97356,0.19324,,,1.0759,0,,0,1,1,49,49,0,49.0,50569.0
58.0,60,100,72,0.0,107.38,15.037,0.00033871,500,1.1,0,0.0017727,14.217,6.0982,68920,74891.0,6.5139,297.96,212.09,1.4131,10.0,,34,,0.99308,0.19305,,,1.0788,0,,0,1,1,49,49,0,49.0,50588.0
58.2,60,100,72,0.0,102.33,10.162,0.0001,500,1.1,0,0.0017422,14.244,6.1357,69050,75032.0,6.518,297.95,209.44,1.4169,10.0,,34,,0.99845,0.19299,,,1.0817,0,,0,1,1,49,49,0,49.0,50272.0
58.4,60,100,72,0.0,95.635,3.0485,19.889,500,1.1,0,0.0017465,14.236,6.1733,69179,75171.0,6.5194,298.01,227.62,1.4207,10.0,,34,,1.0072,0.1929,,,1.0846,0,,0,1,1,49,49,0,49.0,50789.0
58.6,60,100,72,0.0,88.418,20.542,1.9889,500,1.1,0,0.0017192,14.253,6.2107,69307,75309.0,6.5184,297.99,224.03,1.4244,10.0,,34,,1.0111,0.19286,,,1.0874,0,,0,1,1,49,49,0,49.0,51140.0
58.8,60,100,72,0.0,81.566,16.536,0.19889,500,1.1,0,0.0016907,14.258,6.248,69434,75446.0,6.5149,297.98,219.72,1.4281,10.0,,34,,1.0242,0.19273,,,1.0903,0,,0,1,1,49,49,0,49.0,50656.0
59.0,60,100,72,0.0,76.126,11.848,0.019889,500,1.1,0,0.0016671,14.269,6.2855,69559,75581.0,6.5079,297.97,216.4,1.4318,10.0,,34,,1.0328,0.19264,,,1.0931,0,,0,1,1,49,49,0,49.0,50506.0
59.2,60,100,72,0.0,73.51,7.7504,0.0019889,500,1.1,0,0.0016026,14.338,6.3226,69684,75716.0,6.5021,297.96,213.04,1.4354,10.0,,34,,1.02,0.19275,,,1.0958,0,,0,1,1,49,49,0,49.0,50521.0
59.4,60,100,72,0.0,73.177,3.2032,0.00019889,500,1.1,0,0.0016305,14.327,6.3599,69808,75850.0,6.499,297.96,211.65,1.4389,10.0,,34,,1.0261,0.19269,,,1.0986,0,,0,1,1,49,49,0,49.0,51705.0
59.6,60,100,72,0.0,74.069,0.35854,0.0001,500,1.1,0,0.0016162,14.354,6.3972,69933,75985.0,6.4943,297.95,210.61,1.4425,10.0,,34,,1.0269,0.19268,,,1.1013,0,,0,1,1,49,49,0,49.0,51387.0
59.8,60,100,72,0.0,76.869,0.0001,0.0001,500,1.1,0,0.0016296,14.375,6.4344,70059,76120.0,6.4907,297.95,209.7,1.4461,10.0,,34,,1.0203,0.19273,,,1.1041,0,,0,1,1,49,49,0,49.0,51570.0
60.0,60,100,72,0.0,81.111,0.0001,0.0001,500,1.1,0,0.0016732,14.364,6.4718,70185,76257.0,6.4883,297.95,209.66,1.4497,10.0,870.9,34,1795.2,1.0217,0.19271,6.3226,17.56,1.1068,0,41.258,0,1,1,49,49,0,49.0,51420.0
60.2,60,100,76,0.0,86.289,0.0001,0.0001,500,1.1,0,0.0017382,14.318,6.5094,70313,76395.0,6.4854,297.95,210.91,1.4535,10.0,,33,,1.048,0.19245,,,1.1097,0,,0,1,1,49,49,0,49.0,52605.0
60.4,60,100,76,0.0,92.644,0.0001,0.0001,500,1.1,0,0.0017689,14.305,6.547,70442,76534.0,6.4832,297.96,212.71,1.4573,10.0,,33,,1.0625,0.19231,,,1.1126,0,,0,1,1,49,49,0,49.0,52789.0
60.6,60,100,76,0.0,99.902,0.13864,0.0001,500,1.1,0,0.0017824,14.32,6.5848,70573,76675.0,6.4859,297.96,214.28,1.4611,10.0,,33,,1.0691,0.19224,,,1.1156,0,,0,1,1,49,49,0,49.0,51641.0
60.8,60,100,76,0.0,106.04,0.23764,0.0001,500,1.1,0,0.0017995,14.329,6.6225,70705,76818.0,6.4914,297.97,215.73,1.465,10.0,,33,,1.0778,0.19215,,,1.1186,0,,0,1,1,49,49,0,49.0,52659.0
61.0,60,100,76,0.0,110.01,0.37996,0.0001,500,1.1,0,0.0018271,14.324,6.6599,70838,76961.0,6.4991,297.97,217.42,1.469,10.0,,33,,1.0894,0.19203,,,1.1216,0,,0,1,1,49,49,0,49.0,52676.0
61.2,60,100,76,0.0,110.89,0.93958,0.0001,500,1.1,0,0.0018031,14.368,6.6974,70971,77104.0,6.5054,297.98,218.39,1.4729,10.0,,33,,1.0798,0.19212,,,1.1246,0,,0,1,1,49,49,0,49.0,53527.0
61.4,60,100,76,0.0,109.27,0.94139,0.0001,500,1.1,0,0.0018006,14.373,6.7349,71103,77247.0,6.5093,297.98,219.43,1.4768,10.0,,33,,1.0855,0.19206,,,1.1276,0,,0,1,1,49,49,0,49.0,53377.0
61.6,60,100,76,0.0,106.06,1.1334,0.0001,500,1.1,0,0.0017863,14.392,6.7723,71235,77389.0,6.5127,297.98,220.35,1.4807,10.0,,33,,1.0855,0.19205,,,1.1306,0,,0,1,1,49,49,0,49.0,54061.0
61.8,60,100,76,0.0,101.5,1.3115,0.0001,500,1.1,0,0.0017645,14.418,6.8094,71366,77531.0,6.512,297.98,220.71,1.4845,10.0,,33,,1.0889,0.19201,,,1.1336,0,,0,1,1,49,49,0,49.0,53909.0
62.0,60,100,76,0.0,97.246,1.0181,0.0001,500,1.1,0,0.0017654,14.426,6.8464,71497,77671.0,6.5101,297.99,221.21,1.4884,10.0,,33,,1.0942,0.19195,,,1.1365,0,,0,1,1,49,49,0,49.0,54091.0
62.2,60,100,76,0.0,93.727,0.92482,0.0001,500,1.1,0,0.0017735,14.427,6.8838,71626,77811.0,6.5078,297.99,222.1,1.4922,10.0,,33,,1.1002,0.19189,,,1.1394,0,,0,1,1,49,49,0,49.0,53941.0
62.4,60,100,76,0.0,91.136,1.2773,0.0001,500,1.1,0,0.0017784,14.421,6.921,71755,77950.0,6.5052,297.99,223.29,1.4961,10.0,,33,,1.1104,0.19178,,,1.1424,0,,0,1,1,49,49,0,49.0,54123.0
62.6,60,100,76,0.0,89.564,2.0326,0.0001,500,1.1,0,0.0017933,14.413,6.9581,71883,78089.0,6.5045,298.0,224.66,1.5,10.0,,33,,1.124,0.19165,,,1.1454,0,,0,1,1,49,49,0,49.0,54639.0
62.8,60,100,76,0.0,88.271,3.0966,0.0001,500,1.1,0,0.0017791,14.441,6.9955,72012,78228.0,6.5056,298.0,225.32,1.5038,10.0,,33,,1.1236,0.19164,,,1.1484,0,,0,1,1,49,49,0,49.0,54989.0
63.0,60,100,76,0.0,86.546,3.5778,0.0001,500,1.1,0,0.0017373,14.467,7.0326,72140,78366.0,6.5072,298.0,224.89,1.5077,10.0,,33,,1.135,0.19153,,,1.1513,0,,0,1,1,49,49,0,49.0,55338.0
63.2,60,100,76,0.0,84.178,3.0373,0.0001,500,1.1,0,0.0017265,14.485,7.0696,72267,78504.0,6.5092,297.99,224.28,1.5114,10.0,,33,,1.1409,0.19147,,,1.1542,0,,0,1,1,49,49,0,49.0,55186.0
63.4,60,100,76,0.0,80.998,2.2883,0.0001,500,1.1,0,0.0017003,14.505,7.1069,72394,78641.0,6.5112,297.99,223.6,1.5152,10.0,,33,,1.1458,0.19141,,,1.157,0,,0,1,1,49,49,0,49.0,54369.0
63.6,60,100,76,0.0,77.047,1.4142,0.0001,500,1.1,0,0.0017055,14.502,7.1441,72520,78777.0,6.5127,297.99,223.79,1.5189,10.0,,33,,1.1498,0.19137,,,1.1599,0,,0,1,1,49,49,0,49.0,55051.0
63.8,60,100,76,0.0,72.474,1.3451,0.0001,500,1.1,0,0.0016768,14.536,7.181,72645,78912.0,6.5117,297.99,223.35,1.5226,10.0,,33,,1.149,0.19137,,,1.1628,0,,0,1,1,49,49,0,49.0,55399.0
64.0,60,100,76,0.0,68.32,0.63874,0.0001,500,1.1,0,0.0016848,14.533,7.2179,72769,79047.0,6.5084,297.99,223.7,1.5264,10.0,,33,,1.1531,0.19132,,,1.1656,0,,0,1,1,49,49,0,49.0,55246.0
64.2,60,100,80,0.0,65.483,0.69387,0.0001,500,1.1,0,0.0017294,14.525,7.2551,72894,79182.0,6.5025,298.0,225.14,1.5301,10.0,,32,,1.1569,0.19128,,,1.1685,0,,0,1,1,49,49,0,49.0,56929.0
64.4,60,100,80,0.0,65.014,1.8645,0.0001,500,1.1,0,0.0017288,14.543,7.2923,73018,79316.0,6.4985,298.0,226.19,1.5339,10.0,,32,,1.1575,0.19127,,,1.1714,0,,0,1,1,49,49,0,49.0,55778.0
64.6,60,100,80,0.0,66.117,2.7808,0.0001,500,1.1,0,0.0017075,14.566,7.3292,73143,79451.0,6.4949,298.0,226.46,1.5377,10.0,,32,,1.1629,0.19121,,,1.1744,0,,0,1,1,49,49,0,49.0,56292.0
64.8,60,100,80,0.0,68.659,3.0325,0.0001,500,1.1,0,0.0016813,14.606,7.3659,73268,79587.0,6.4961,298.0,225.88,1.5415,10.0,,32,,1.16,0.19123,,,1.1772,0,,0,1,1,49,49,0,49.0,56639.0
65.0,60,100,80,0.0,70.707,2.4858,0.0001,500,1.1,0,0.0016672,14.623,7.4025,73393,79722.0,6.498,298.0,225.09,1.5452,10.0,,32,,1.1675,0.19115,,,1.1801,0,,0,1,1,49,49,0,49.0,56319.0
65.2,60,100,80,0.0,72.027,1.679,0.0001,500,1.1,0,0.0016674,14.647,7.4388,73519,79858.0,6.4983,297.99,224.26,1.549,10.0,,32,,1.1676,0.19114,,,1.183,0,,0,1,1,49,49,0,49.0,56830.0
65.4,60,100,80,0.0,73.213,0.7513,0.0001,500,1.1,0,0.0016535,14.674,7.4751,73645,79994.0,6.5002,297.99,223.35,1.5527,10.0,,32,,1.1666,0.19114,,,1.1858,0,,0,1,1,49,49,0,49.0,57341.0
65.6,60,100,80,0.0,73.659,0.0001,0.0001,500,1.1,0,0.0016235,14.733,7.5113,73771,80131.0,6.5042,297.99,221.73,1.5564,10.0,,32,,1.1502,0.19129,,,1.1886,0,,0,1,1,49,49,0,49.0,57019.0
65.8,60,100,80,0.0,72.473,0.0001,0.0001,500,1.1,0,0.001656,14.704,7.5476,73897,80267.0,6.5047,297.99,221.26,1.5601,10.0,,32,,1.1648,0.19115,,,1.1915,0,,0,1,1,49,49,0,49.0,57863.0
66.0,60,100,80,0.0,71.107,0.0001,0.0001,500,1.1,0,0.0016528,14.722,7.5835,74022,80403.0,6.5043,297.98,220.91,1.5638,10.0,,32,,1.1646,0.19114,,,1.1943,0,,0,1,1,49,49,0,49.0,57540.0
66.2,60,100,80,0.0,69.923,0.0001,0.0001,500,1.1,0,0.0015974,14.786,7.6191,74148,80538.0,6.5038,297.98,219.03,1.5675,10.0,,32,,1.1561,0.19121,,,1.1972,0,,0,1,1,49,49,0,49.0,57381.0
66.4,60,100,80,0.0,68.922,0.0001,0.0001,500,1.1,0,0.0015897,14.812,7.6546,74273,80673.0,6.5062,297.97,217.04,1.5711,10.0,,32,,1.1497,0.19127,,,1.1999,0,,0,1,1,49,49,0,49.0,56888.0
66.6,60,100,80,0.0,66.935,0.0001,0.0001,500,1.1,0,0.0016274,14.785,7.6905,74397,80808.0,6.5065,297.97,216.37,1.5748,10.0,,32,,1.1622,0.19114,,,1.2028,0,,0,1,1,49,49,0,49.0,58398.0
66.8,60,100,80,0.0,64.844,0.0001,0.0001,500,1.1,0,0.0016043,14.829,7.7259,74521,80943.0,6.5063,297.97,214.91,1.5784,10.0,,32,,1.1576,0.19118,,,1.2056,0,,0,1,1,49,49,0,49.0,57572.0
67.0,60,100,80,0.0,62.86,0.0001,0.0001,500,1.1,0,0.001621,14.83,7.7617,74645,81077.0,6.5067,297.97,213.98,1.5821,10.0,,32,,1.1613,0.19114,,,1.2084,0,,0,1,1,49,49,0,49.0,59414.0
67.2,60,100,80,0.0,60.683,0.0001,0.0001,500,1.1,0,0.0016467,14.815,7.7975,74769,81210.0,6.506,297.97,213.96,1.5858,10.0,,32,,1.1731,0.19102,,,1.2112,0,,0,1,1,49,49,0,49.0,58423.0
67.4,60,100,80,0.0,58.798,0.0001,0.0001,500,1.1,0,0.0016656,14.816,7.8333,74892,81344.0,6.5036,297.97,214.55,1.5895,10.0,,32,,1.179,0.19095,,,1.2141,0,,0,1,1,49,49,0,49.0,58932.0
67.6,60,100,80,0.0,57.893,0.0001,0.0001,500,1.1,0,0.0016594,14.845,7.8691,75014,81477.0,6.4998,297.97,214.74,1.5933,10.0,,32,,1.1781,0.19096,,,1.217,0,,0,1,1,49,49,0,49.0,58774.0
67.8,60,100,80,0.0,58.497,0.0001,0.0001,500,1.1,0,0.001634,14.88,7.9047,75137,81610.0,6.4996,297.97,214.25,1.597,10.0,,32,,1.1766,0.19096,,,1.2198,0,,0,1,1,49,49,0,49.0,59948.0
68.0,60,100,80,0.0,59.18,0.0001,0.0001,500,1.1,0,0.0016068,14.926,7.94,75260,81744.0,6.5006,297.96,212.93,1.6007,10.0,,32,,1.1685,0.19103,,,1.2226,0,,0,1,1,49,49,0,49.0,59621.0
68.2,60,100,84,0.0,59.438,0.0001,0.0001,500,1.1,0,0.0016148,14.932,7.9756,75384,81878.0,6.5023,297.96,211.58,1.6043,10.0,,31,,1.1823,0.1909,,,1.2255,0,,0,1,1,49,49,0,49.0,58796.0
68.4,60,100,84,0.0,59.042,0.0001,0.0001,500,1.1,0,0.0016014,14.97,8.011,75508,82012.0,6.5043,297.95,209.89,1.608,10.0,,31,,1.175,0.19096,,,1.2283,0,,0,1,1,49,49,0,49.0,59136.0
68.6,60,100,84,0.0,57.859,0.0001,0.0001,500,1.1,0,0.0015951,14.98,8.0461,75631,82146.0,6.5073,297.95,208.04,1.6116,10.0,,31,,1.1845,0.19086,,,1.231,0,,0,1,1,49,49,0,49.0,59642.0
68.8,60,100,84,0.0,55.449,0.0001,10.696,500,1.1,0,0.0015559,15.032,8.0809,75754,82279.0,6.5098,297.97,214.98,1.6152,10.0,,31,,1.1766,0.19093,,,1.2338,0,,0,1,1,49,49,0,49.0,60313.0
69.0,60,100,84,0.0,52.05,4.8174,1.0696,500,1.1,0,0.0015839,15.024,8.116,75877,82411.0,6.5087,297.96,212.63,1.6188,10.0,,31,,1.1792,0.1909,,,1.2366,0,,0,1,1,49,49,0,49.0,61152.0
69.2,60,100,84,0.0,49.107,1.1923,0.10696,500,1.1,0,0.0015583,15.058,8.1509,75998,82543.0,6.5051,297.95,209.96,1.6224,10.0,,31,,1.1771,0.19091,,,1.2393,0,,0,1,1,49,49,0,49.0,60489.0
69.4,60,100,84,0.0,47.583,0.0001,0.010696,500,1.1,0,0.0015144,15.115,8.1856,76120,82675.0,6.5014,297.94,206.3,1.6259,10.0,,31,,1.168,0.19099,,,1.242,0,,0,1,1,49,49,0,49.0,60659.0
69.6,60,100,84,0.0,47.539,0.0001,12.492,500,1.1,0,0.0015258,15.122,8.2204,76241,82807.0,6.498,297.97,214.47,1.6294,10.0,,31,,1.1714,0.19095,,,1.2447,0,,0,1,1,49,49,0,49.0,61164.0
69.8,60,100,84,0.0,48.84,5.8119,1.2492,500,1.1,0,0.0015335,15.12,8.2552,76363,82938.0,6.4966,297.96,210.72,1.6329,10.0,,31,,1.1817,0.19085,,,1.2474,0,,0,1,1,49,49,0,49.0,60834.0
70.0,60,100,84,0.0,50.7,0.77681,0.12492,500,1.1,0,0.0015057,15.152,8.2898,76485,83071.0,6.4963,297.95,206.89,1.6364,10.0,,31,,1.1857,0.1908,,,1.2501,0,,0,1,1,49,49,0,49.0,61338.0
70.2,60,100,84,0.0,52.689,0.23304,12.306,500,1.1,0,0.0014869,15.209,8.3243,76607,83203.0,6.4967,297.96,213.46,1.6399,10.0,,31,,1.1735,0.19091,,,1.2528,0,,0,1,1,49,49,0,49.0,61340.0
70.4,60,100,84,0.0,54.546,4.5448,1.2306,500,1.1,0,0.0014688,15.249,8.3587,76730,83336.0,6.497,297.95,207.71,1.6433,10.0,,31,,1.1648,0.19099,,,1.2554,0,,0,1,1,49,49,0,49.0,62009.0
70.6,60,100,84,0.0,56.261,1.3634,24.362,500,1.1,0,0.0014792,15.255,8.3931,76853,83469.0,6.4999,297.99,224.43,1.6467,10.0,,31,,1.173,0.1909,,,1.258,0,,0,1,1,49,49,0,49.0,61511.0
70.8,60,100,84,0.0,56.803,15.465,2.4362,500,1.1,0,0.0015063,15.247,8.4277,76976,83603.0,6.5017,297.97,216.92,1.6502,10.0,,31,,1.1828,0.1908,,,1.2607,0,,0,1,1,49,49,0,49.0,61014.0
71.0,60,100,84,0.0,56.632,7.7282,0.24362,500,1.1,0,0.0015208,15.248,8.4625,77099,83736.0,6.5037,297.96,210.61,1.6537,10.0,,31,,1.1924,0.1907,,,1.2633,0,,0,1,1,49,49,0,49.0,62018.0
71.2,60,100,84,0.0,55.673,0.87536,0.024362,500,1.1,0,0.0014818,15.304,8.4968,77222,83869.0,6.5047,297.94,205.27,1.6572,10.0,,31,,1.1855,0.19076,,,1.266,0,,0,1,1,49,49,0,49.0,62853.0
71.4,60,100,84,0.0,54.315,0.26261,12.748,500,1.1,0,0.0014469,15.352,8.5304,77345,84002.0,6.505,297.96,210.61,1.6605,10.0,,31,,1.1812,0.1908,,,1.2686,0,,0,1,1,49,49,0,49.0,62184.0
71.6,60,100,84,0.0,52.839,3.2193,1.2748,500,1.1,0,0.0013951,15.39,8.5635,77467,84134.0,6.5044,297.93,202.97,1.6638,10.0,,31,,1.1849,0.19075,,,1.2711,0,,0,1,1,49,49,0,49.0,62180.0
71.8,60,100,84,0.0,51.596,0.96578,26.236,500,1.1,0,0.0013958,15.41,8.5964,77589,84266.0,6.5037,297.98,218.97,1.6671,10.0,,31,,1.1878,0.19072,,,1.2737,0,,0,1,1,49,49,0,49.0,61508.0
72.0,60,100,84,0.0,50.633,13.791,2.6236,500,1.1,0,0.0013614,15.471,8.6288,77711,84398.0,6.5024,297.95,207.14,1.6703,10.0,1089.4,31,1747.8,1.1728,0.19086,8.4968,18.376,1.2761,0,25.827,0,1,1,49,49,0,49.0,62167.0
72.2,60,100,90,0.0,50.197,4.1373,45.213,500,1.1,0,0.0014561,15.419,8.6619,77834,84531.0,6.4994,298.04,240.53,1.6736,10.0,,30,,1.1974,0.19062,,,1.2787,0,,0,1,1,49,49,0,49.0,63163.0
72.4,60,100,90,0.0,50.976,33.797,4.5213,500,1.1,0,0.0014709,15.419,8.6951,77957,84664.0,6.497,298.0,226.29,1.677,10.0,,30,,1.2129,0.19047,,,1.2813,0,,0,1,1,49,49,0,49.0,62326.0
72.6,60,100,90,0.0,52.676,21.124,0.45213,500,1.1,0,0.0014659,15.445,8.7284,78081,84797.0,6.496,297.96,212.63,1.6804,10.0,,30,,1.2138,0.19045,,,1.2839,0,,0,1,1,49,49,0,49.0,63322.0
72.8,60,100,90,0.0,54.773,8.5429,0.045213,500,1.1,0,0.0014571,15.457,8.7615,78205,84931.0,6.496,297.93,202.74,1.6838,10.0,,30,,1.2304,0.19029,,,1.2865,0,,0,1,1,49,49,0,49.0,63485.0
73.0,60,100,90,0.0,56.889,2.5629,20.425,500,1.1,0,0.0014483,15.489,8.7941,78329,85066.0,6.4982,297.96,213.11,1.6872,10.0,,30,,1.2339,0.19025,,,1.289,0,,0,1,1,49,49,0,49.0,62811.0
73.2,60,100,90,0.0,58.132,10.006,2.0425,500,1.1,0,0.0014456,15.5,8.8266,78453,85200.0,6.4997,297.94,203.59,1.6905,10.0,,30,,1.2456,0.19013,,,1.2916,0,,0,1,1,49,49,0,49.0,62971.0
73.4,60,100,90,0.0,58.758,3.0019,37.405,500,1.1,0,0.001446,15.523,8.8591,78578,85335.0,6.5016,298.01,228.84,1.6938,10.0,,30,,1.2498,0.19008,,,1.2942,0,,0,1,1,49,49,0,49.0,64297.0
73.6,60,100,90,0.0,58.62,24.373,3.7405,500,1.1,0,0.0014581,15.517,8.8915,78703,85470.0,6.502,297.97,215.71,1.6972,10.0,,30,,1.2656,0.18993,,,1.2967,0,,0,1,1,49,49,0,49.0,62956.0
73.8,60,100,90,0.0,58.359,11.822,0.37405,500,1.1,0,0.0014684,15.495,8.9243,78827,85604.0,6.5006,297.94,204.97,1.7005,10.0,,30,,1.2961,0.18963,,,1.2993,0,,0,1,1,49,49,0,49.0,63617.0
74.0,60,100,90,0.0,58.642,3.5465,23.5,500,1.1,0,0.0014914,15.476,8.9576,78952,85739.0,6.4994,297.98,219.52,1.704,10.0,,30,,1.3198,0.1894,,,1.302,0,,0,1,1,49,49,0,49.0,64613.0
74.2,60,100,90,0.0,59.391,15.039,2.35,500,1.1,0,0.001478,15.512,8.9905,79076,85874.0,6.4994,297.95,210.25,1.7074,10.0,,30,,1.3211,0.18938,,,1.3046,0,,0,1,1,49,49,0,49.0,64108.0
74.4,60,100,90,0.0,60.137,5.406,0.235,500,1.1,0,0.0014949,15.526,9.0239,79201,86009.0,6.4988,297.93,202.79,1.7109,10.0,,30,,1.3199,0.18939,,,1.3073,0,,0,1,1,49,49,0,49.0,65605.0
74.6,60,100,90,0.0,61.146,1.6218,18.201,500,1.1,0,0.0014694,15.595,9.057,79326,86145.0,6.4994,297.96,212.15,1.7143,10.0,,30,,1.2977,0.18959,,,1.3099,0,,0,1,1,49,49,0,49.0,64267.0
74.8,60,100,90,0.0,61.884,7.9762,1.8201,500,1.1,0,0.0014871,15.597,9.0899,79451,86280.0,6.4996,297.94,204.81,1.7177,10.0,,30,,1.3044,0.18952,,,1.3125,0,,0,1,1,49,49,0,49.0,65429.0
75.0,60,100,90,0.0,62.555,2.3929,32.054,500,1.1,0,0.0014411,15.693,9.1222,79577,86416.0,6.4992,298.0,225.5,1.7211,10.0,,30,,1.2691,0.18985,,,1.3151,0,,0,1,1,49,49,0,49.0,65754.0
75.2,60,100,90,0.0,63.402,19.353,3.2054,100,1.1,0,0.0014422,14.917,9.1638,79622,86471.0,6.503,298.05,244.19,1.7245,10.0,,30,,1.5467,0.18721,,,1.3177,0,,0,1,1,49,49,0,49.0,65453.0
75.4,60,100,90,0.0,62.718,35.956,0.32054,100,1.1,0,0.0014427,14.882,9.2056,79667,86527.0,6.5048,298.07,253.66,1.7278,10.0,,30,,1.6042,0.18666,,,1.3203,0,,0,1,1,49,49,0,49.0,66153.0
75.6,60,100,90,0.0,61.31,45.985,0.032054,100,1.1,0,0.0013924,14.891,9.2467,79712,86582.0,6.5079,298.08,257.55,1.7311,10.0,,30,,1.6125,0.18657,,,1.3228,0,,0,1,1,49,49,0,49.0,65516.0
75.8,60,100,90,0.0,58.661,52.015,0.0032054,100,1.1,0,0.0013722,14.894,9.2875,79757,86636.0,6.5084,298.09,259.38,1.7344,10.0,,30,,1.6063,0.18663,,,1.3253,0,,0,1,1,49,49,0,49.0,66378.0
76.0,60,100,90,0.0,55.848,56.654,0.00032054,100,1.1,0,0.0013481,14.889,9.3283,79801,86690.0,6.5104,298.08,258.38,1.7376,10.0,,30,,1.6067,0.18662,,,1.3278,0,,0,1,1,49,49,0,49.0,66740.0
76.2,60,100,116,0.0,52.219,58.916,0.0001,100,1.1,0,0.0017718,14.531,9.3726,79849,86750.0,6.5003,298.11,269.12,1.7413,10.0,,29,,1.7341,0.18539,,,1.3306,0,,0,1,1,49,49,0,49.0,66619.0
76.4,60,100,116,0.0,52.655,71.901,0.0001,100,1.1,0,0.0017174,14.535,9.4167,79897,86809.0,6.492,298.13,274.52,1.7452,10.0,,29,,1.7581,0.18516,,,1.3337,0,,0,1,1,49,49,0,49.0,65496.0
76.6,60,100,116,0.0,56.374,80.818,0.0001,100,1.1,0,0.0016735,14.537,9.4603,79947,86869.0,6.4886,298.13,275.89,1.7492,10.0,,29,,1.7642,0.18509,,,1.3367,0,,0,1,1,49,49,0,49.0,67039.0
76.8,60,100,116,0.0,61.446,86.692,0.0001,100,1.1,0,0.0016499,14.544,9.5036,79997,86930.0,6.4898,298.13,276.71,1.7531,10.0,,29,,1.7598,0.18513,,,1.3397,0,,0,1,1,49,49,0,49.0,67246.0
77.0,60,100,116,0.0,66.013,92.278,0.0001,100,1.1,0,0.0016145,14.58,9.5467,80048,86992.0,6.4938,298.12,274.01,1.7569,10.0,,29,,1.7403,0.18531,,,1.3426,0,,0,1,1,49,49,0,49.0,66952.0
77.2,60,100,116,0.0,68.996,94.738,0.0001,100,1.1,0,0.0015924,14.566,9.5896,80100,87054.0,6.5005,298.11,269.59,1.7606,10.0,,29,,1.7491,0.18522,,,1.3455,0,,0,1,1,49,49,0,49.0,66491.0
77.4,60,100,116,0.0,69.326,95.429,0.0001,100,1.1,0,0.0015753,14.564,9.6325,80151,87117.0,6.5049,298.1,265.2,1.7643,10.0,,29,,1.7451,0.18525,,,1.3483,0,,0,1,1,49,49,0,49.0,67863.0
77.6,60,100,116,0.0,67.909,95.746,0.0001,100,1.1,0,0.0015515,14.577,9.6751,80203,87179.0,6.509,298.09,262.48,1.768,10.0,,29,,1.7312,0.18537,,,1.3512,0,,0,1,1,49,49,0,49.0,67733.0
77.8,60,100,116,0.0,64.82,97.155,0.0001,100,1.1,0,0.0015632,14.552,9.7181,80254,87241.0,6.5113,298.09,261.96,1.7717,10.0,,29,,1.7306,0.18537,,,1.354,0,,0,1,1,49,49,0,49.0,67606.0
78.0,60,100,116,0.0,60.845,100.26,0.0001,100,1.1,0,0.0015185,14.562,9.7612,80304,87301.0,6.5102,298.09,259.37,1.7753,10.0,,29,,1.7249,0.18542,,,1.3568,0,,0,1,1,49,49,0,49.0,67812.0
78.2,60,100,116,0.0,57.303,101.4,0.0001,100,1.1,0,0.0015477,14.515,9.8045,80353,87361.0,6.5052,298.08,256.48,1.779,10.0,,29,,1.7363,0.1853,,,1.3596,0,,0,1,1,49,49,0,49.0,68186.0
78.4,60,100,116,0.0,55.757,102.04,0.0001,100,1.1,0,0.0014958,14.538,9.8474,80402,87421.0,6.5005,298.07,252.62,1.7826,10.0,,29,,1.7295,0.18536,,,1.3623,0,,0,1,1,49,49,0,49.0,68392.0
78.6,60,100,116,0.0,56.092,101.53,0.0001,100,1.1,0,0.0015209,14.504,9.8906,80451,87481.0,6.4954,298.06,248.59,1.7862,10.0,,29,,1.7372,0.18528,,,1.3651,0,,0,1,1,49,49,0,49.0,68432.0
78.8,60,100,116,0.0,58.445,100.5,0.0001,100,1.1,0,0.0015543,14.455,9.9342,80501,87541.0,6.4927,298.05,245.64,1.7898,10.0,,29,,1.757,0.18509,,,1.3679,0,,0,1,1,49,49,0,49.0,69141.0
79.0,60,100,116,0.0,61.892,100.06,0.0001,100,1.1,0,0.0015275,14.482,9.9774,80551,87602.0,6.492,298.04,243.01,1.7934,10.0,,29,,1.743,0.18521,,,1.3707,0,,0,1,1,49,49,0,49.0,68848.0
79.2,60,100,116,0.0,65.618,99.591,0.0001,100,1.1,0,0.0014968,14.489,10.02,80602,87663.0,6.494,298.03,238.06,1.797,10.0,,29,,1.7389,0.18524,,,1.3734,0,,0,1,1,49,49,0,49.0,69717.0
79.4,60,100,116,0.0,68.514,96.768,0.0001,100,1.1,0,0.0015396,14.435,10.063,80653,87726.0,6.498,298.02,233.98,1.8006,10.0,,29,,1.7547,0.18509,,,1.3762,0,,0,1,1,49,49,0,49.0,68922.0
79.6,60,100,116,0.0,69.831,94.283,0.0001,100,1.1,0,0.0015743,14.394,10.106,80705,87788.0,6.5017,298.02,232.85,1.8043,10.0,,29,,1.7685,0.18495,,,1.379,0,,0,1,1,49,49,0,49.0,69128.0
79.8,60,100,116,0.0,69.691,94.06,0.0001,100,1.1,0,0.0015857,14.383,10.149,80757,87851.0,6.5049,298.01,229.3,1.808,10.0,,29,,1.7689,0.18494,,,1.3819,0,,0,1,1,49,49,0,49.0,69669.0
80.0,60,100,116,0.0,68.237,91.473,0.0001,100,1.1,0,0.0015949,14.354,10.192,80808,87914.0,6.506,298.0,227.67,1.8117,10.0,,29,,1.7722,0.1849,,,1.3847,0,,0,1,1,49,49,0,49.0,70043.0
80.2,60,100,90,0.0,66.353,90.32,0.0001,100,1.1,0,0.0010039,14.953,10.227,80854,87968.0,6.5179,297.95,205.78,1.8147,10.0,,23,,1.577,0.18675,,,1.387,0,,0,1,1,49,49,0,49.0,71042.0
80.4,60,100,90,0.0,59.675,27.096,117.41,100,1.1,0,0.00098776,14.954,10.261,80899,88021.0,6.5251,298.22,310.94,1.8172,10.0,,23,,1.5385,0.18711,,,1.389,0,,0,1,1,49,49,0,49.0,69705.0
80.6,60,100,90,0.0,50.152,120.48,11.741,100,1.1,0,0.00096966,14.939,10.296,80941,88072.0,6.5236,298.17,291.5,1.8196,10.0,,23,,1.5386,0.18711,,,1.3908,0,,0,1,1,49,49,0,49.0,70701.0
80.8,60,100,90,0.0,41.268,109.14,1.1741,100,1.1,0,0.00096353,14.92,10.33,80982,88122.0,6.5149,298.11,266.85,1.822,10.0,,23,,1.5416,0.18708,,,1.3927,0,,0,1,1,49,49,0,49.0,71197.0
81.0,60,100,90,0.0,35.868,93.638,0.11741,100,1.1,0,0.0010006,14.851,10.365,81022,88170.0,6.5006,298.05,246.96,1.8244,10.0,,23,,1.5635,0.18686,,,1.3945,0,,0,1,1,49,49,0,49.0,70863.0
81.2,60,100,90,0.0,36.16,80.129,0.011741,100,1.1,0,0.00099028,14.857,10.4,81062,88218.0,6.4873,298.01,231.46,1.8269,10.0,,23,,1.561,0.18688,,,1.3964,0,,0,1,1,49,49,0,49.0,70863.0
81.4,60,100,90,0.0,41.756,68.546,0.0011741,100,1.1,0,0.00097544,14.857,10.434,81103,88268.0,6.4796,297.98,219.97,1.8293,10.0,,23,,1.5635,0.18685,,,1.3982,0,,0,1,1,49,49,0,49.0,71360.0
81.6,60,100,90,0.0,50.434,58.97,0.00011741,100,1.1,0,0.00098662,14.843,10.469,81146,88319.0,6.4807,297.96,210.78,1.8317,10.0,,23,,1.5667,0.18682,,,1.4001,0,,0,1,1,49,49,0,49.0,70524.0
81.8,60,100,90,0.0,58.657,50.275,0.0001,100,1.1,0,0.00098488,14.847,10.503,81190,88372.0,6.4877,297.94,202.94,1.8341,10.0,,23,,1.5649,0.18683,,,1.4019,0,,0,1,1,49,49,0,49.0,72354.0
82.0,60,100,90,0.0,64.067,15.083,62.751,100,1.1,0,0.000961,14.863,10.537,81235,88426.0,6.499,298.09,261.26,1.8365,10.0,,23,,1.5614,0.18686,,,1.4038,0,,0,1,1,49,49,0,49.0,72349.0
82.2,60,100,90,0.0,64.97,65.377,6.2751,100,1.1,0,0.00098444,14.835,10.571,81281,88480.0,6.5092,298.07,255.22,1.8389,10.0,,23,,1.563,0.18684,,,1.4056,0,,0,1,1,49,49,0,49.0,72847.0
82.4,60,100,90,0.0,61.81,62.193,0.62751,100,1.1,0,0.00099099,14.821,10.606,81326,88534.0,6.5183,298.05,244.99,1.8413,10.0,,23,,1.5629,0.18684,,,1.4074,0,,0,1,1,49,49,0,49.0,71513.0
82.6,60,100,90,0.0,55.02,55.922,0.062751,100,1.1,0,0.0009782,14.811,10.641,81369,88586.0,6.5216,298.03,236.24,1.8436,10.0,,23,,1.5643,0.18682,,,1.4093,0,,0,1,1,49,49,0,49.0,71511.0
82.8,60,100,90,0.0,46.931,50.064,0.0062751,100,1.1,0,0.00094996,14.828,10.675,81411,88636.0,6.5201,298.0,227.41,1.846,10.0,,23,,1.5519,0.18693,,,1.4111,0,,0,1,1,49,49,0,49.0,73507.0
83.0,60,100,90,0.0,39.421,43.253,0.00062751,100,1.1,0,0.00097232,14.788,10.71,81452,88686.0,6.5085,297.99,222.44,1.8483,10.0,,23,,1.5548,0.1869,,,1.4128,0,,0,1,1,49,49,0,49.0,73175.0
83.2,60,100,90,0.0,36.584,39.049,0.0001,100,1.1,0,0.00092062,14.825,10.744,81492,88734.0,6.4951,297.98,217.39,1.8506,10.0,,23,,1.5409,0.18703,,,1.4146,0,,0,1,1,49,49,0,49.0,73004.0
83.4,60,100,90,0.0,39.088,34.225,0.0001,100,1.1,0,0.00090018,14.854,10.778,81532,88783.0,6.4854,297.96,212.19,1.8528,10.0,,23,,1.5222,0.1872,,,1.4163,0,,0,1,1,49,49,0,49.0,73163.0
83.6,60,100,90,0.0,45.438,28.771,0.0001,100,1.1,0,0.00090795,14.848,10.811,81574,88833.0,6.482,297.95,207.82,1.855,10.0,,23,,1.5195,0.18722,,,1.418,0,,0,1,1,49,49,0,49.0,73654.0
83.8,60,100,90,0.0,53.153,23.559,0.0001,100,1.1,0,0.00090187,14.856,10.844,81617,88884.0,6.4844,297.94,204.31,1.8572,10.0,,23,,1.5161,0.18725,,,1.4197,0,,0,1,1,49,49,0,49.0,73478.0
84.0,60,100,90,0.0,59.914,7.0676,35.005,100,1.1,0,0.0009236,14.831,10.878,81662,88937.0,6.4891,298.03,237.92,1.8594,10.0,1233.6,23,1746.5,1.5228,0.18718,10.744,19.525,1.4214,0,26.758,0,1,1,49,49,0,49.0,74137.0
84.2,60,100,90,0.0,64.772,35.03,3.5005,100,1.1,0,0.00092312,14.827,10.911,81707,88991.0,6.4953,298.02,234.54,1.8616,10.0,,23,,1.5243,0.18716,,,1.4231,0,,0,1,1,49,49,0,49.0,72629.0
84.4,60,100,90,0.0,67.16,32.456,0.35005,100,1.1,0,0.0009273,14.834,10.944,81753,89045.0,6.4985,298.0,227.97,1.8638,10.0,,23,,1.515,0.18725,,,1.4248,0,,0,1,1,49,49,0,49.0,73786.0
84.6,60,100,90,0.0,68.302,27.43,0.035005,100,1.1,0,0.00085861,14.914,10.976,81799,89100.0,6.5053,297.98,220.43,1.8659,10.0,,23,,1.4823,0.18755,,,1.4264,0,,0,1,1,49,49,0,49.0,73269.0
84.8,60,100,90,0.0,66.685,20.956,0.0035005,100,1.1,0,0.0008443,14.918,11.007,81845,89154.0,6.5097,297.97,213.93,1.868,10.0,,23,,1.4734,0.18763,,,1.428,0,,0,1,1,49,49,0,49.0,74751.0
85.0,60,100,90,0.0,63.313,14.714,0.00035005,100,1.1,0,0.00084874,14.897,11.039,81891,89207.0,6.5115,297.96,210.15,1.87,10.0,,23,,1.4743,0.18762,,,1.4295,0,,0,1,1,49,49,0,49.0,74568.0
85.2,60,100,90,0.0,59.239,10.241,0.0001,100,1.1,0,0.00084194,14.896,11.07,81935,89260.0,6.5118,297.95,207.73,1.872,10.0,,23,,1.4663,0.18769,,,1.4311,0,,0,1,1,49,49,0,49.0,75218.0
85.4,60,100,90,0.0,55.04,6.5664,0.0001,100,1.1,0,0.00083547,14.883,11.102,81979,89312.0,6.5077,297.95,206.74,1.8741,10.0,,23,,1.4654,0.1877,,,1.4327,0,,0,1,1,49,49,0,49.0,75036.0
85.6,60,100,90,0.0,52.507,1.9699,16.028,100,1.1,0,0.00084823,14.817,11.134,82022,89363.0,6.5014,297.99,221.94,1.8761,10.0,,23,,1.5008,0.18736,,,1.4342,0,,0,1,1,49,49,0,49.0,75354.0
85.8,60,100,90,0.0,52.481,13.594,1.6028,100,1.1,0,0.00083486,14.813,11.166,82065,89414.0,6.4954,297.98,220.4,1.8781,10.0,,23,,1.5081,0.18729,,,1.4358,0,,0,1,1,49,49,0,49.0,74005.0
86.0,60,100,90,0.0,54.823,11.477,0.16028,100,1.1,0,0.00087713,14.77,11.199,82108,89466.0,6.4919,297.98,219.5,1.8802,10.0,,23,,1.5162,0.18721,,,1.4374,0,,0,1,1,49,49,0,49.0,74661.0
86.2,60,100,90,0.0,58.562,10.106,0.016028,100,1.1,0,0.00084164,14.799,11.23,82152,89518.0,6.4912,297.98,217.48,1.8823,10.0,,23,,1.5094,0.18727,,,1.439,0,,0,1,1,49,49,0,49.0,74478.0
86.4,60,100,90,0.0,62.596,7.6342,0.0016028,100,1.1,0,0.00085794,14.779,11.262,82197,89572.0,6.4902,297.97,216.46,1.8843,10.0,,23,,1.5105,0.18725,,,1.4406,0,,0,1,1,49,49,0,49.0,74297.0
86.6,60,100,90,0.0,67.024,5.884,0.00016028,100,1.1,0,0.00086873,14.772,11.294,82243,89626.0,6.488,297.97,216.04,1.8864,10.0,,23,,1.5089,0.18726,,,1.4422,0,,0,1,1,49,49,0,49.0,74782.0
86.8,60,100,90,0.0,72.334,4.5474,0.0001,100,1.1,0,0.00085219,14.794,11.326,82290,89681.0,6.4889,297.97,214.83,1.8885,10.0,,23,,1.4993,0.18735,,,1.4438,0,,0,1,1,49,49,0,49.0,76097.0
87.0,60,100,90,0.0,77.295,2.4659,0.0001,100,1.1,0,0.00085042,14.799,11.357,82338,89737.0,6.491,297.97,213.64,1.8906,10.0,,23,,1.4936,0.1874,,,1.4453,0,,0,1,1,49,49,0,49.0,75412.0
87.2,60,100,90,0.0,81.414,0.29589,0.0001,100,1.1,0,0.00087419,14.781,11.389,82387,89794.0,6.492,297.97,213.39,1.8926,10.0,,23,,1.4924,0.18741,,,1.4469,0,,0,1,1,49,49,0,49.0,75395.0
87.4,60,100,90,0.0,85.134,0.0001,0.0001,100,1.1,0,0.00087477,14.78,11.42,82437,89852.0,6.4956,297.96,212.71,1.8947,10.0,,23,,1.493,0.1874,,,1.4486,0,,0,1,1,49,49,0,49.0,76544.0
87.6,60,100,90,0.0,87.422,0.0001,0.0001,100,1.1,0,0.00091155,14.742,11.452,82487,89911.0,6.4981,297.97,213.28,1.8969,10.0,,23,,1.4981,0.18734,,,1.4502,0,,0,1,1,49,49,0,49.0,76031.0
87.8,60,100,90,0.0,88.694,0.0001,0.0001,100,1.1,0,0.00090105,14.756,11.484,82537,89969.0,6.4982,297.97,213.35,1.899,10.0,,23,,1.4889,0.18743,,,1.4519,0,,0,1,1,49,49,0,49.0,75848.0
88.0,60,100,90,0.0,89.925,0.0001,0.0001,100,1.1,0,0.00092249,14.731,11.516,82587,90028.0,6.4972,297.97,214.0,1.9012,10.0,,23,,1.4913,0.1874,,,1.4535,0,,0,1,1,49,49,0,49.0,77167.0
88.2,60,100,90,0.0,91.584,0.0001,0.0001,100,1.1,0,0.00092876,14.714,11.548,82638,90088.0,6.498,297.97,214.77,1.9034,10.0,,23,,1.4969,0.18734,,,1.4552,0,,0,1,1,49,49,0,49.0,76820.0
88.4,60,100,90,0.0,92.897,0.0001,0.0001,100,1.1,0,0.00089034,14.754,11.58,82689,90147.0,6.5002,297.97,214.0,1.9056,10.0,,23,,1.4822,0.18748,,,1.4569,0,,0,1,1,49,49,0,49.0,76137.0
88.6,60,100,90,0.0,93.347,0.0001,0.0001,100,1.1,0,0.00089939,14.723,11.611,82740,90207.0,6.5046,297.97,213.6,1.9077,10.0,,23,,1.4913,0.18739,,,1.4585,0,,0,1,1,49,49,0,49.0,77120.0
88.8,60,100,90,0.0,92.04,0.0001,0.0001,100,1.1,0,0.00087569,14.724,11.643,82791,90266.0,6.5075,297.96,212.45,1.9098,10.0,,23,,1.4958,0.18734,,,1.4601,0,,0,1,1,49,49,0,49.0,77436.0
89.0,60,100,90,0.0,89.575,0.0001,0.0001,100,1.1,0,0.0008628,14.727,11.674,82842,90325.0,6.507,297.96,210.93,1.9119,10.0,,23,,1.4932,0.18736,,,1.4617,0,,0,1,1,49,49,0,49.0,77584.0
89.2,60,100,90,0.0,87.303,0.0001,0.0001,100,1.1,0,0.0008567,14.719,11.705,82892,90383.0,6.5062,297.96,209.28,1.9139,10.0,,23,,1.4943,0.18735,,,1.4633,0,,0,1,1,49,49,0,49.0,77730.0
89.4,60,100,90,0.0,85.326,0.0001,0.0001,100,1.1,0,0.00087644,14.674,11.736,82941,90441.0,6.507,297.95,208.49,1.916,10.0,,23,,1.5099,0.1872,,,1.4649,0,,0,1,1,49,49,0,49.0,76880.0
89.6,60,100,90,0.0,83.059,0.0001,0.0001,100,1.1,0,0.00086231,14.675,11.768,82990,90499.0,6.5043,297.95,207.28,1.9181,10.0,,23,,1.5118,0.18718,,,1.4665,0,,0,1,1,49,49,0,49.0,77696.0
89.8,60,100,90,0.0,81.879,0.0001,0.0001,100,1.1,0,0.00085822,14.67,11.799,83039,90556.0,6.499,297.95,205.74,1.9201,10.0,,23,,1.5137,0.18715,,,1.4681,0,,0,1,1,49,49,0,49.0,78344.0
90.0,60,100,90,0.0,82.788,0.0001,11.115,100,1.1,0,0.00087413,14.646,11.831,83088,90613.0,6.4934,297.97,214.83,1.9221,10.0,,23,,1.5191,0.1871,,,1.4696,0,,0,1,1,49,49,0,49.0,78660.0
90.2,75,100,90,0.0,85.966,5.9928,1.1115,100,1.1,0,0.00086241,15.025,11.862,83138,90671.0,6.4865,297.96,212.8,1.5704,10.0,,23,,1.4512,0.19116,,,1.4993,0,,0,1,1,49,49,0,49.0,77974.0
90.4,75,100,90,0.0,91.905,2.9039,0.11115,100,1.1,0,0.0008269,15.06,11.892,83189,90730.0,6.484,297.95,208.62,1.5492,10.0,,23,,1.3832,0.19172,,,1.4789,0,,0,1,1,49,49,0,49.0,78449.0
90.6,75,100,90,0.0,98.814,0.0001,0.011115,100,1.1,0,0.00083294,15.058,11.921,83241,90791.0,6.4831,297.94,204.64,1.5493,10.0,,23,,1.378,0.19176,,,1.4791,0,,0,1,1,49,49,0,49.0,78756.0
90.8,75,100,90,0.0,106.1,0.0001,11.654,100,1.1,0,0.00081398,15.088,11.95,83295,90853.0,6.4908,297.96,210.23,1.5508,10.0,,23,,1.3603,0.19189,,,1.4805,0,,0,1,1,49,49,0,49.0,79059.0
91.0,75,100,90,0.0,110.26,2.8565,1.1654,100,1.1,0,0.00085128,15.057,11.98,83349,90916.0,6.4991,297.95,206.54,1.5524,10.0,,23,,1.3634,0.19186,,,1.482,0,,0,1,1,49,49,0,49.0,78701.0
91.2,75,100,90,0.0,111.12,0.85696,19.511,100,1.1,0,0.00086115,15.038,12.01,83404,90979.0,6.5066,297.98,220.62,1.554,10.0,,23,,1.3658,0.19184,,,1.4835,0,,0,1,1,49,49,0,49.0,78845.0
91.4,75,100,90,0.0,109.02,11.307,1.9511,100,1.1,0,0.0008464,15.046,12.041,83458,91041.0,6.5113,297.97,216.19,1.5556,10.0,,23,,1.3593,0.19188,,,1.485,0,,0,1,1,49,49,0,49.0,78655.0
91.6,75,100,90,0.0,105.05,6.5774,0.19511,100,1.1,0,0.00084626,15.032,12.071,83511,91103.0,6.5153,297.96,211.24,1.5572,10.0,,23,,1.3579,0.19189,,,1.4866,0,,0,1,1,49,49,0,49.0,79465.0
91.8,75,100,90,0.0,99.435,1.3201,0.019511,100,1.1,0,0.00087966,14.981,12.102,83564,91164.0,6.517,297.95,208.89,1.5588,10.0,,23,,1.3699,0.1918,,,1.4881,0,,0,1,1,49,49,0,49.0,79278.0
92.0,75,100,90,0.0,93.172,0.0001,0.0019511,100,1.1,0,0.00088055,14.944,12.133,83615,91224.0,6.5113,297.95,207.29,1.5605,10.0,,23,,1.3932,0.19162,,,1.4897,0,,0,1,1,49,49,0,49.0,78591.0
92.2,75,100,90,0.0,89.194,0.0001,0.00019511,100,1.1,0,0.00085649,14.957,12.163,83665,91282.0,6.5053,297.94,204.97,1.5621,10.0,,23,,1.389,0.19165,,,1.4913,0,,0,1,1,49,49,0,49.0,78736.0
92.4,75,100,90,0.0,87.6,0.0001,11.828,100,1.1,0,0.00085029,14.957,12.194,83715,91341.0,6.4996,297.97,213.24,1.5637,10.0,,23,,1.3846,0.19168,,,1.4928,0,,0,1,1,49,49,0,49.0,79881.0
92.6,75,100,90,0.0,88.26,5.1654,1.1828,100,1.1,0,0.0008702,14.941,12.225,83765,91399.0,6.4958,297.96,211.48,1.5653,10.0,,23,,1.377,0.19173,,,1.4944,0,,0,1,1,49,49,0,49.0,80029.0
92.8,75,100,90,0.0,90.452,2.1843,0.11828,100,1.1,0,0.00082946,14.979,12.255,83815,91458.0,6.4944,297.95,207.5,1.5669,10.0,,23,,1.366,0.19181,,,1.4959,0,,0,1,1,49,49,0,49.0,79837.0
93.0,75,100,90,0.0,93.212,0.0001,0.011828,100,1.1,0,0.00081983,14.991,12.284,83866,91517.0,6.4945,297.94,203.04,1.5684,10.0,,23,,1.3619,0.19184,,,1.4974,0,,0,1,1,49,49,0,49.0,79475.0
93.2,75,100,90,0.0,95.929,0.0001,12.908,100,1.1,0,0.00077899,15.045,12.312,83918,91577.0,6.5002,297.95,208.47,1.5699,10.0,,23,,1.3385,0.19201,,,1.4988,0,,0,1,1,49,49,0,49.0,80607.0
93.4,75,100,90,0.0,96.339,2.5353,1.2908,100,1.1,0,0.00080018,15.02,12.34,83970,91637.0,6.5038,297.94,203.51,1.5714,10.0,,23,,1.3397,0.192,,,1.5002,0,,0,1,1,49,49,0,49.0,80908.0
93.6,75,100,90,0.0,95.334,0.7606,21.509,100,1.1,0,0.000812,14.996,12.369,84021,91697.0,6.5052,297.98,217.73,1.5729,10.0,,23,,1.3494,0.19193,,,1.5016,0,,0,1,1,49,49,0,49.0,80377.0
93.8,75,100,90,0.0,93.773,10.979,2.1509,100,1.1,0,0.00084013,14.94,12.398,84072,91756.0,6.5057,297.97,214.02,1.5744,10.0,,23,,1.3732,0.19174,,,1.5031,0,,0,1,1,49,49,0,49.0,81349.0
94.0,75,100,90,0.0,92.004,6.6158,0.21509,100,1.1,0,0.0008426,14.917,12.428,84123,91816.0,6.5016,297.96,209.57,1.576,10.0,,23,,1.3862,0.19164,,,1.5046,0,,0,1,1,49,49,0,49.0,79823.0
94.2,75,100,90,0.0,91.892,1.6106,0.021509,100,1.1,0,0.00084281,14.923,12.457,84174,91875.0,6.4967,297.95,205.58,1.5775,10.0,,23,,1.3757,0.19172,,,1.5061,0,,0,1,1,49,49,0,49.0,81296.0
94.4,75,100,90,0.0,93.745,0.48319,12.59,100,1.1,0,0.00085059,14.908,12.487,84225,91934.0,6.4933,297.97,213.49,1.5791,10.0,,23,,1.3783,0.1917,,,1.5076,0,,0,1,1,49,49,0,49.0,80936.0
94.6,75,100,90,0.0,96.941,5.3823,1.259,100,1.1,0,0.00085809,14.899,12.517,84277,91995.0,6.4871,297.96,210.6,1.5807,10.0,,23,,1.3777,0.1917,,,1.5091,0,,0,1,1,49,49,0,49.0,80244.0
94.8,75,100,90,0.0,102.62,1.4632,0.1259,100,1.1,0,0.0008655,14.915,12.547,84329,92056.0,6.4855,297.95,206.77,1.5823,10.0,,23,,1.3591,0.19183,,,1.5107,0,,0,1,1,49,49,0,49.0,82051.0
95.0,75,100,90,0.0,108.92,0.43895,12.699,100,1.1,0,0.00085416,14.939,12.576,84384,92119.0,6.4905,297.97,213.65,1.5839,10.0,,23,,1.3453,0.19193,,,1.5122,0,,0,1,1,49,49,0,49.0,81857.0
95.2,75,100,90,0.0,113.21,4.5413,1.2699,100,1.1,0,0.00087882,14.908,12.605,84439,92182.0,6.4928,297.96,210.18,1.5855,10.0,,23,,1.3551,0.19186,,,1.5137,0,,0,1,1,49,49,0,49.0,81497.0
95.4,75,100,90,0.0,116.61,0.16374,0.12699,100,1.1,0,0.00087343,14.92,12.635,84494,92247.0,6.4975,297.95,205.54,1.5871,10.0,,23,,1.3498,0.19189,,,1.5153,0,,0,1,1,49,49,0,49.0,81469.0
95.6,75,100,90,0.0,118.12,0.049123,12.257,100,1.1,0,0.00085373,14.939,12.664,84550,92311.0,6.5051,297.96,211.24,1.5887,10.0,,23,,1.3402,0.19196,,,1.5168,0,,0,1,1,49,49,0,49.0,81605.0
95.8,75,100,90,0.0,116.6,3.0258,1.2257,100,1.1,0,0.0008749,14.903,12.693,84606,92375.0,6.5099,297.95,207.24,1.5902,10.0,,23,,1.3525,0.19187,,,1.5183,0,,0,1,1,49,49,0,49.0,82078.0
96.0,75,100,90,0.0,113.18,0.0001,0.12257,100,1.1,0,0.00088149,14.869,12.723,84661,92439.0,6.5113,297.94,203.25,1.5918,10.0,1436.5,23,1790.5,1.3665,0.19176,12.605,20.184,1.5198,0,35.178,0,1,1,49,49,0,49.0,82386.0
96.2,75,100,90,0.0,109.21,0.0001,12.406,100,1.1,0,0.00087244,14.851,12.753,84715,92502.0,6.5136,297.96,210.4,1.5934,10.0,,23,,1.383,0.19163,,,1.5214,0,,0,1,1,49,49,0,49.0,81694.0
96.4,75,100,90,0.0,104.29,3.9904,1.2406,100,1.1,0,0.00083767,14.879,12.782,84768,92564.0,6.5195,297.95,205.79,1.595,10.0,,23,,1.3675,0.19175,,,1.5229,0,,0,1,1,49,49,0,49.0,83166.0
96.6,75,100,90,0.0,96.981,1.1971,22.55,100,1.1,0,0.00085015,14.828,12.812,84820,92624.0,6.5218,297.99,222.24,1.5966,10.0,,23,,1.3876,0.19159,,,1.5244,0,,0,1,1,49,49,0,49.0,82976.0
96.8,75,100,90,0.0,88.792,13.421,2.255,100,1.1,0,0.00084347,14.816,12.842,84870,92682.0,6.5194,297.98,218.33,1.5981,10.0,,23,,1.3874,0.19159,,,1.5258,0,,0,1,1,49,49,0,49.0,82953.0
97.0,75,100,90,0.0,81.583,9.2981,0.2255,100,1.1,0,0.00081026,14.826,12.872,84918,92740.0,6.5147,297.96,212.49,1.5996,10.0,,23,,1.3883,0.19158,,,1.5273,0,,0,1,1,49,49,0,49.0,82260.0
97.2,75,100,90,0.0,76.239,3.5339,0.02255,100,1.1,0,0.00083547,14.78,12.902,84966,92796.0,6.5122,297.95,208.79,1.6011,10.0,,23,,1.4004,0.19149,,,1.5287,0,,0,1,1,49,49,0,49.0,82737.0
97.4,75,100,90,0.0,71.878,0.0001,0.002255,100,1.1,0,0.0008328,14.762,12.933,85013,92851.0,6.5085,297.95,205.76,1.6026,10.0,,23,,1.4103,0.19141,,,1.5302,0,,0,1,1,49,49,0,49.0,84216.0
97.6,75,100,90,0.0,68.999,0.0001,10.608,100,1.1,0,0.00082102,14.759,12.964,85059,92905.0,6.5014,297.96,212.14,1.6041,10.0,,23,,1.4133,0.19138,,,1.5316,0,,0,1,1,49,49,0,49.0,83027.0
97.8,75,100,90,0.0,68.969,3.5173,1.0608,100,1.1,0,0.00083504,14.744,12.994,85105,92960.0,6.4933,297.96,209.74,1.6056,10.0,,23,,1.4111,0.1914,,,1.533,0,,0,1,1,49,49,0,49.0,84173.0
98.0,75,100,90,0.0,72.183,0.0001,0.10608,100,1.1,0,0.00083535,14.743,13.025,85151,93015.0,6.4903,297.95,206.76,1.6071,10.0,,23,,1.4086,0.19141,,,1.5345,0,,0,1,1,49,49,0,49.0,82985.0
98.2,75,100,90,0.0,76.577,0.0001,10.887,100,1.1,0,0.00084831,14.733,13.055,85199,93072.0,6.4867,297.97,213.87,1.6086,10.0,,23,,1.4073,0.19142,,,1.5359,0,,0,1,1,49,49,0,49.0,83962.0
98.4,75,100,90,0.0,82.419,4.2347,1.0887,100,1.1,0,0.000842,14.755,13.085,85248,93129.0,6.4877,297.96,210.67,1.6101,10.0,,23,,1.3936,0.19152,,,1.5374,0,,0,1,1,49,49,0,49.0,84438.0
98.6,75,100,90,0.0,87.849,0.11811,0.10887,100,1.1,0,0.00083899,14.762,13.115,85298,93187.0,6.491,297.95,206.58,1.6117,10.0,,23,,1.3881,0.19156,,,1.5389,0,,0,1,1,49,49,0,49.0,83410.0
98.8,75,100,90,0.0,91.96,0.035432,11.404,100,1.1,0,0.0008665,14.738,13.144,85348,93247.0,6.4915,297.97,213.4,1.6132,10.0,,23,,1.3936,0.19151,,,1.5403,0,,0,1,1,49,49,0,49.0,85051.0
99.0,75,100,90,0.0,95.882,4.0115,1.1404,100,1.1,0,0.00083837,14.76,13.173,85400,93307.0,6.4927,297.95,209.02,1.6148,10.0,,23,,1.3925,0.19152,,,1.5418,0,,0,1,1,49,49,0,49.0,84522.0
99.2,75,100,90,0.0,99.31,0.0001,0.11404,100,1.1,0,0.00084634,14.75,13.202,85452,93368.0,6.4946,297.94,204.16,1.6163,10.0,,23,,1.3949,0.1915,,,1.5433,0,,0,1,1,49,49,0,49.0,84991.0
99.4,75,100,90,0.0,101.99,0.0001,12.326,100,1.1,0,0.0008337,14.746,13.23,85504,93429.0,6.4951,297.96,209.87,1.6178,10.0,,23,,1.4064,0.19141,,,1.5447,0,,0,1,1,49,49,0,49.0,84958.0
99.6,75,100,90,0.0,104.47,2.8053,1.2326,100,1.1,0,0.00084179,14.706,13.259,85558,93491.0,6.497,297.95,205.23,1.6193,10.0,,23,,1.4363,0.19118,,,1.5462,0,,0,1,1,49,49,0,49.0,84259.0
99.8,75,100,90,0.0,106.18,0.8416,20.665,100,1.1,0,0.00083913,14.704,13.287,85611,93553.0,6.4992,297.98,218.44,1.6209,10.0,,23,,1.4386,0.19116,,,1.5477,0,,0,1,1,49,49,0,49.0,84727.0
100.0,75,100,90,0.0,107.03,10.124,2.0665,100,1.1,0,0.00081474,14.723,13.315,85665,93615.0,6.508,297.96,212.41,1.6224,10.0,,23,,1.433,0.1912,,,1.5491,0,,0,1,1,49,49,0,49.0,84691.0
100.2,75,100,90,0.0,104.31,3.9308,0.20665,100,1.0,-4000,0.00087072,13.818,13.344,85012,92877.0,6.5418,297.95,207.27,1.6153,10.0,,23,,1.4302,0.19123,,,1.5424,0,,0,1,1,49,49,0,49.0,84496.0
100.4,75,100,90,0.0,88.043,0.0001,0.020665,100,1.0,-4000,0.00088073,13.757,13.374,84356,92135.0,6.571,297.94,203.78,1.6041,10.0,,23,,1.444,0.19115,,,1.5316,0,,0,1,1,49,49,0,49.0,85637.0
100.6,75,100,90,0.5178,44.022,0.0001,11.067,100,1.0,-4000,0.00089019,13.625,13.405,83692,91385.0,6.5762,297.97,213.95,1.5925,10.0,,23,,1.4725,0.19096,,,1.5205,0,,0,1,1,49,49,0,49.0,84951.0
100.8,75,100,90,1.0385,22.011,6.6911,1.1067,100,1.0,-4000,0.00089759,13.557,13.437,83024,90631.0,6.5651,297.97,215.67,1.5809,10.0,,23,,1.479,0.19093,,,1.5094,0,,0,1,1,49,49,0,49.0,84936.0
101.0,75,100,90,1.5601,11.005,6.7779,0.11067,100,1.0,-4000,0.00090588,13.491,13.469,82353,89875.0,6.5466,297.98,217.18,1.5693,10.0,,23,,1.4981,0.19081,,,1.4983,0,,0,1,1,49,49,0,49.0,85423.0
101.2,75,100,90,0.0,0.0,7.0118,0.011067,100,1.0,-4000,0.00090688,13.444,13.502,81680,89116.0,6.522,297.98,219.46,1.5577,10.0,,23,,1.4951,0.19086,,,1.4871,0,,0,1,1,49,49,0,49.0,85580.0
101.4,75,100,90,0.0,0.0,8.0959,0.0011067,100,1.0,-4000,0.00091434,13.413,13.536,81007,88357.0,6.4988,297.99,221.75,1.5461,10.0,,23,,1.4892,0.19092,,,1.476,0,,0,1,1,49,49,0,49.0,85572.0
101.6,75,100,90,0.0,0.98927,9.3973,0.00011067,100,1.0,-4000,0.00096115,13.34,13.57,80335,87599.0,6.4769,298.0,225.13,1.5345,10.0,,23,,1.5023,0.19085,,,1.4648,0,,0,1,1,49,49,0,49.0,86401.0
101.8,75,100,90,0.0,10.75,11.929,0.0001,100,1.0,-4000,0.0009491,13.376,13.603,79664,86842.0,6.4631,298.0,226.96,1.5229,10.0,,23,,1.4591,0.19119,,,1.4537,0,,0,1,1,49,49,0,49.0,86226.0
102.0,75,100,90,0.0,26.002,13.386,0.0001,100,1.0,-4000,0.00098622,13.348,13.637,78997,86089.0,6.4589,298.0,228.43,1.5113,10.0,,23,,1.4536,0.19126,,,1.4426,0,,0,1,1,49,49,0,49.0,86053.0
102.2,75,100,90,0.0,42.911,14.739,0.0001,100,1.0,0,0.00098705,13.37,13.67,79038,86139.0,6.4414,298.01,228.66,1.5087,10.0,,23,,1.4425,0.19135,,,1.4401,0,,0,1,1,49,49,0,49.0,86712.0
102.4,75,100,90,0.0,66.916,15.105,0.0001,100,1.0,0,0.0010038,13.417,13.703,79084,86194.0,6.4398,298.0,227.42,1.5101,10.0,,23,,1.4149,0.19155,,,1.4414,0,,0,1,1,49,49,0,49.0,86536.0
102.6,75,100,90,0.0,91.457,14.173,0.0001,100,1.0,0,0.00097771,13.51,13.735,79135,86254.0,6.4529,297.99,223.19,1.5117,10.0,,23,,1.3766,0.19184,,,1.443,0,,0,1,1,49,49,0,49.0,86353.0
102.8,75,100,90,0.0,110.76,10.39,0.0001,100,1.0,0,0.0010099,13.509,13.767,79190,86317.0,6.4738,297.98,219.28,1.5133,10.0,,23,,1.3795,0.19181,,,1.4446,0,,0,1,1,49,49,0,49.0,86503.0
103.0,75,100,90,0.0,121.73,6.5388,0.0001,100,1.0,0,0.0010074,13.534,13.798,79248,86383.0,6.4973,297.97,215.19,1.515,10.0,,23,,1.3671,0.1919,,,1.4462,0,,0,1,1,49,49,0,49.0,87320.0
103.2,75,100,90,0.0,123.31,2.1352,0.0001,100,1.0,0,0.001035,13.503,13.83,79305,86450.0,6.5199,297.96,212.47,1.5167,10.0,,23,,1.3754,0.19184,,,1.4478,0,,0,1,1,49,49,0,49.0,87139.0
103.4,75,100,90,0.0,115.86,0.0001,0.0001,100,1.0,0,0.0010013,13.524,13.862,79361,86515.0,6.539,297.95,209.41,1.5183,10.0,,23,,1.3656,0.19191,,,1.4493,0,,0,1,1,49,49,0,49.0,87623.0
103.6,75,100,90,0.0,100.78,0.0001,0.0001,100,1.0,0,0.0010204,13.457,13.895,79414,86576.0,6.5512,297.95,208.17,1.52,10.0,,23,,1.3829,0.19178,,,1.4509,0,,0,1,1,49,49,0,49.0,88278.0
103.8,75,100,90,0.5193,50.388,0.0001,0.0001,100,1.0,0,0.0010301,13.306,13.929,79457,86628.0,6.5349,297.96,210.97,1.5217,10.0,,23,,1.4382,0.19136,,,1.4525,0,,0,1,1,49,49,0,49.0,87442.0
104.0,75,100,90,0.0,37.051,0.74968,0.0001,100,1.0,0,0.0010175,13.262,13.964,79497,86677.0,6.5098,297.97,214.58,1.5233,10.0,,23,,1.4597,0.19119,,,1.4541,0,,0,1,1,49,49,0,49.0,87609.0
104.2,75,100,90,0.0,33.693,2.4376,0.0001,100,1.0,0,0.0010043,13.244,13.999,79537,86726.0,6.4838,297.98,217.64,1.525,10.0,,23,,1.4769,0.19106,,,1.4557,0,,0,1,1,49,49,0,49.0,88941.0
104.4,75,100,90,0.0,40.717,3.9683,0.0001,100,1.0,0,0.00099808,13.261,14.033,79578,86775.0,6.4658,297.98,219.47,1.5266,10.0,,23,,1.4741,0.19107,,,1.4573,0,,0,1,1,49,49,0,49.0,88938.0
104.6,75,100,90,0.0,54.875,4.6844,0.0001,100,1.0,0,0.00099734,13.287,14.067,79621,86828.0,6.4606,297.98,220.05,1.5282,10.0,,23,,1.4662,0.19113,,,1.4588,0,,0,1,1,49,49,0,49.0,88932.0
104.8,75,100,90,0.0,71.12,4.459,0.0001,100,1.0,0,0.0009837,13.341,14.1,79668,86884.0,6.4654,297.98,218.81,1.5298,10.0,,23,,1.4455,0.19128,,,1.4604,0,,0,1,1,49,49,0,49.0,88254.0
105.0,75,100,90,0.0,85.43,2.6599,0.0001,100,1.0,0,0.00096939,13.399,14.132,79718,86942.0,6.4781,297.97,216.34,1.5314,10.0,,23,,1.4129,0.19153,,,1.4619,0,,0,1,1,49,49,0,49.0,88907.0
105.2,75,100,90,0.0,94.676,0.0001,0.0001,100,1.0,0,0.00095915,13.424,14.163,79770,87003.0,6.4927,297.96,213.26,1.533,10.0,,23,,1.4058,0.19158,,,1.4634,0,,0,1,1,49,49,0,49.0,89223.0
105.4,75,100,90,0.0,98.126,0.0001,0.0001,100,1.0,0,0.0009816,13.4,14.195,79822,87064.0,6.5057,297.96,210.61,1.5345,10.0,,23,,1.4127,0.19152,,,1.4649,0,,0,1,1,49,49,0,49.0,88874.0
105.6,75,100,90,0.0,96.351,0.0001,0.0001,100,1.0,0,0.00096683,13.402,14.227,79874,87125.0,6.5132,297.95,207.71,1.5361,10.0,,23,,1.4116,0.19153,,,1.4664,0,,0,1,1,49,49,0,49.0,89692.0
105.8,75,100,90,0.0,91.624,0.0001,10.573,100,1.0,0,0.00097007,13.365,14.259,79925,87185.0,6.5208,297.97,214.89,1.5377,10.0,,23,,1.4319,0.19137,,,1.4679,0,,0,1,1,49,49,0,49.0,89177.0
106.0,75,100,90,0.0,83.818,4.7187,1.0573,100,1.0,0,0.00099423,13.31,14.291,79975,87243.0,6.5263,297.97,213.44,1.5393,10.0,,23,,1.4544,0.1912,,,1.4694,0,,0,1,1,49,49,0,49.0,89665.0
106.2,75,100,90,0.0,73.819,2.0895,0.10573,100,1.0,0,0.00097859,13.297,14.324,80022,87299.0,6.5282,297.96,211.9,1.5409,10.0,,23,,1.459,0.19116,,,1.4709,0,,0,1,1,49,49,0,49.0,89320.0
106.4,75,100,90,0.0,63.061,0.0001,0.010573,100,1.0,0,0.00099866,13.238,14.357,80068,87354.0,6.5207,297.96,212.49,1.5424,10.0,,23,,1.4728,0.19105,,,1.4725,0,,0,1,1,49,49,0,49.0,90812.0
106.6,75,100,90,0.0,55.341,0.0001,0.0010573,100,1.0,0,0.00096232,13.258,14.39,80111,87406.0,6.509,297.96,212.44,1.544,10.0,,23,,1.4623,0.19113,,,1.474,0,,0,1,1,49,49,0,49.0,90468.0
106.8,75,100,90,0.0,52.277,0.0001,0.00010573,100,1.0,0,0.00097664,13.207,14.424,80155,87458.0,6.4974,297.96,213.25,1.5456,10.0,,23,,1.4859,0.19095,,,1.4755,0,,0,1,1,49,49,0,49.0,90793.0
107.0,75,100,90,0.0,53.818,0.0001,0.0001,100,1.0,0,0.00097516,13.216,14.457,80198,87511.0,6.4867,297.97,213.9,1.5472,10.0,,23,,1.4756,0.19102,,,1.477,0,,0,1,1,49,49,0,49.0,90951.0
107.2,75,100,90,0.0,59.674,0.0001,0.0001,100,1.0,0,0.00094918,13.252,14.489,80243,87564.0,6.4802,297.96,213.32,1.5487,10.0,,23,,1.4591,0.19115,,,1.4785,0,,0,1,1,49,49,0,49.0,90605.0
107.4,75,100,90,0.0,68.095,0.0001,0.0001,100,1.0,0,0.0009619,13.253,14.522,80289,87620.0,6.4765,297.96,212.38,1.5503,10.0,,23,,1.4571,0.19116,,,1.48,0,,0,1,1,49,49,0,49.0,90093.0
107.6,75,100,90,0.0,77.994,0.0001,0.0001,100,1.0,0,0.00096082,13.275,14.554,80337,87677.0,6.4808,297.96,210.51,1.5518,10.0,,23,,1.4504,0.1912,,,1.4814,0,,0,1,1,49,49,0,49.0,90412.0
107.8,75,100,90,0.0,86.175,0.0001,0.0001,100,1.0,0,0.00094284,13.317,14.585,80387,87735.0,6.4904,297.95,207.3,1.5533,10.0,,23,,1.4318,0.19134,,,1.4829,0,,0,1,1,49,49,0,49.0,90062.0
108.0,75,100,90,0.0,90.508,0.0001,11.518,100,1.0,0,0.00094926,13.311,14.617,80438,87795.0,6.5004,297.97,214.36,1.5548,10.0,1631.4,23,1833.8,1.4349,0.19132,14.489,20.83,1.4844,0,43.335,0,1,1,49,49,0,49.0,91879.0
108.2,75,100,90,0.0,90.849,4.5308,1.1518,100,1.0,0,0.00093709,13.305,14.649,80489,87855.0,6.5112,297.96,210.29,1.5563,10.0,,23,,1.449,0.19121,,,1.4858,0,,0,1,1,49,49,0,49.0,92030.0
108.4,75,100,90,0.0,86.88,0.0001,0.11518,100,1.0,0,0.00092004,13.325,14.68,80539,87914.0,6.5175,297.94,205.73,1.5578,10.0,,23,,1.4378,0.19129,,,1.4872,0,,0,1,1,49,49,0,49.0,91679.0
108.6,75,100,90,0.0,80.428,0.0001,11.951,100,1.0,0,0.00091305,13.314,14.712,80588,87971.0,6.5194,297.96,212.34,1.5592,10.0,,23,,1.4341,0.19131,,,1.4885,0,,0,1,1,49,49,0,49.0,91995.0
108.8,75,100,90,0.0,73.182,3.9809,1.1951,100,1.0,0,0.00091491,13.284,14.743,80635,88027.0,6.5169,297.95,208.75,1.5607,10.0,,23,,1.4397,0.19127,,,1.4899,0,,0,1,1,49,49,0,49.0,90812.0
109.0,75,100,90,0.0,66.956,0.0001,0.11951,100,1.0,0,0.00090722,13.253,14.775,80681,88082.0,6.5101,297.94,205.66,1.5621,10.0,,23,,1.4563,0.19114,,,1.4913,0,,0,1,1,49,49,0,49.0,92465.0
109.2,75,100,90,0.0,63.47,0.0001,11.155,100,1.0,0,0.00092503,13.195,14.808,80727,88136.0,6.5046,297.97,213.64,1.5635,10.0,,23,,1.4883,0.1909,,,1.4927,0,,0,1,1,49,49,0,49.0,91953.0
109.4,75,100,90,0.0,62.141,5.1714,1.1155,100,1.0,0,0.00092635,13.191,14.841,80772,88190.0,6.502,297.96,211.12,1.565,10.0,,23,,1.484,0.19093,,,1.4941,0,,0,1,1,49,49,0,49.0,92609.0
109.6,75,100,90,0.0,61.865,1.4569,0.11155,100,1.0,0,0.00092126,13.181,14.873,80817,88244.0,6.5019,297.95,208.62,1.5665,10.0,,23,,1.49,0.19088,,,1.4955,0,,0,1,1,49,49,0,49.0,92931.0
109.8,75,100,90,0.0,61.632,0.0001,0.011155,100,1.0,0,0.00090574,13.198,14.906,80862,88298.0,6.5018,297.95,205.86,1.5679,10.0,,23,,1.4814,0.19094,,,1.4969,0,,0,1,1,49,49,0,49.0,92083.0
110.0,75,100,90,0.0,61.437,0.0001,11.482,100,1.0,0,0.00090256,13.188,14.938,80907,88352.0,6.5012,297.97,213.69,1.5693,10.0,,23,,1.4815,0.19094,,,1.4982,0,,0,1,1,49,49,0,49.0,92904.0
110.2,75,100,90,0.0,61.462,5.0278,1.1482,100,1.0,0,0.00086409,13.234,14.969,80952,88405.0,6.505,297.95,209.14,1.5707,10.0,,23,,1.4631,0.19107,,,1.4996,0,,0,1,1,49,49,0,49.0,92218.0
110.4,75,100,90,0.0,59.985,0.0001,0.11482,100,1.0,0,0.0008491,13.242,15.0,80996,88459.0,6.5076,297.94,204.55,1.5721,10.0,,23,,1.4594,0.1911,,,1.5009,0,,0,1,1,49,49,0,49.0,93865.0
110.6,75,100,90,0.0,57.483,0.0001,12.272,100,1.0,0,0.00086334,13.214,15.031,81040,88512.0,6.5078,297.96,211.78,1.5734,10.0,,23,,1.4642,0.19106,,,1.5022,0,,0,1,1,49,49,0,49.0,93180.0
110.8,75,100,90,0.0,54.877,4.3974,1.2272,100,1.0,0,0.00086703,13.202,15.063,81084,88564.0,6.5055,297.95,207.53,1.5748,10.0,,23,,1.4684,0.19102,,,1.5035,0,,0,1,1,49,49,0,49.0,93829.0
111.0,75,100,90,0.0,53.196,1.3192,22.509,100,1.0,0,0.00086115,13.183,15.094,81127,88616.0,6.5008,297.99,223.65,1.5761,10.0,,23,,1.4848,0.1909,,,1.5047,0,,0,1,1,49,49,0,49.0,93478.0
111.2,75,100,90,0.0,53.391,13.947,2.2509,100,1.0,0,0.00085228,13.195,15.125,81171,88668.0,6.4963,297.97,216.61,1.5774,10.0,,23,,1.4781,0.19095,,,1.506,0,,0,1,1,49,49,0,49.0,93959.0
111.4,75,100,90,0.0,55.387,7.0089,0.22509,100,1.0,0,0.00086876,13.185,15.157,81214,88720.0,6.4915,297.96,210.38,1.5788,10.0,,23,,1.4722,0.19099,,,1.5073,0,,0,1,1,49,49,0,49.0,93942.0
111.6,75,100,90,0.0,59.298,0.56555,0.022509,100,1.0,0,0.00089738,13.15,15.189,81259,88774.0,6.4883,297.95,206.92,1.5801,10.0,,23,,1.4816,0.19091,,,1.5086,0,,0,1,1,49,49,0,49.0,94261.0
111.8,75,100,90,0.0,64.501,0.16966,9.6115,100,1.0,0,0.00088479,13.159,15.22,81304,88828.0,6.4889,297.96,211.65,1.5815,10.0,,23,,1.4855,0.19088,,,1.5099,0,,0,1,1,49,49,0,49.0,95078.0
112.0,75,100,90,0.0,69.433,2.5118,0.96115,100,1.0,0,0.00090646,13.149,15.252,81351,88884.0,6.4909,297.95,207.79,1.5829,10.0,,23,,1.4844,0.19089,,,1.5113,0,,0,1,1,49,49,0,49.0,94563.0
112.2,75,100,90,0.0,73.595,0.0001,0.096115,100,1.0,0,0.00089643,13.175,15.284,81398,88940.0,6.4967,297.94,203.23,1.5843,10.0,,23,,1.4699,0.19099,,,1.5126,0,,0,1,1,49,49,0,49.0,94047.0
112.4,75,100,90,0.0,75.431,0.0001,13.35,100,1.0,0,0.00089083,13.172,15.315,81446,88996.0,6.5039,297.96,210.41,1.5857,10.0,,23,,1.4761,0.19094,,,1.5139,0,,0,1,1,49,49,0,49.0,94195.0
112.6,75,100,90,0.0,74.404,4.1854,1.335,100,1.0,0,0.00088722,13.174,15.346,81493,89053.0,6.5118,297.94,205.15,1.587,10.0,,23,,1.4698,0.19099,,,1.5152,0,,0,1,1,49,49,0,49.0,94343.0
112.8,75,100,90,0.0,70.188,1.2556,24.214,100,1.0,0,0.00090675,13.141,15.378,81540,89108.0,6.5149,297.99,222.64,1.5884,10.0,,23,,1.4734,0.19096,,,1.5165,0,,0,1,1,49,49,0,49.0,95327.0
113.0,75,100,90,0.0,64.78,14.816,2.4214,100,1.0,0,0.0009221,13.095,15.41,81585,89163.0,6.5139,297.97,216.79,1.5898,10.0,,23,,1.4914,0.19082,,,1.5179,0,,0,1,1,49,49,0,49.0,95313.0
113.2,75,100,90,0.0,59.75,8.8437,0.24214,100,1.0,0,0.00087796,13.123,15.441,81630,89216.0,6.5138,297.96,209.72,1.5912,10.0,,23,,1.4898,0.19083,,,1.5192,0,,0,1,1,49,49,0,49.0,95295.0
113.4,75,100,90,0.0,54.766,1.6727,0.024214,100,1.0,0,0.0008957,13.072,15.473,81674,89269.0,6.509,297.95,205.79,1.5925,10.0,,23,,1.51,0.19068,,,1.5205,0,,0,1,1,49,49,0,49.0,95446.0
113.6,75,100,90,0.0,51.683,0.50182,11.122,100,1.0,0,0.00090068,13.031,15.506,81716,89321.0,6.4994,297.96,212.98,1.5939,10.0,,23,,1.5327,0.1905,,,1.5218,0,,0,1,1,49,49,0,49.0,95100.0
113.8,75,100,90,0.0,52.472,4.9073,1.1122,100,1.0,0,0.00091999,13.004,15.538,81760,89373.0,6.4938,297.96,210.13,1.5953,10.0,,23,,1.5438,0.19041,,,1.5231,0,,0,1,1,49,49,0,49.0,94587.0
114.0,75,100,90,0.0,55.443,0.87555,0.11122,100,1.0,0,0.00088167,13.047,15.57,81803,89425.0,6.4922,297.95,206.21,1.5967,10.0,,23,,1.5287,0.19053,,,1.5245,0,,0,1,1,49,49,0,49.0,94905.0
114.2,75,100,90,0.0,59.088,0.26266,12.818,100,1.0,0,0.00087368,13.073,15.601,81848,89479.0,6.4944,297.96,213.48,1.598,10.0,,23,,1.5103,0.19066,,,1.5257,0,,0,1,1,49,49,0,49.0,95221.0
114.4,75,100,90,0.0,61.82,4.7697,1.2818,100,1.0,0,0.00087099,13.068,15.633,81893,89533.0,6.4961,297.95,208.58,1.5993,10.0,,23,,1.5129,0.19064,,,1.527,0,,0,1,1,49,49,0,49.0,96536.0
114.6,75,100,90,0.0,63.91,0.0001,0.12818,100,1.0,0,0.00089343,13.062,15.664,81938,89587.0,6.4942,297.94,204.55,1.6007,10.0,,23,,1.4987,0.19075,,,1.5283,0,,0,1,1,49,49,0,49.0,96188.0
114.8,75,100,90,0.0,66.743,0.0001,11.554,100,1.0,0,0.000892,13.076,15.696,81984,89642.0,6.4923,297.96,210.75,1.602,10.0,,23,,1.4833,0.19086,,,1.5296,0,,0,1,1,49,49,0,49.0,95838.0
115.0,75,100,90,0.0,70.362,3.3928,1.1554,100,1.0,0,0.00089468,13.088,15.728,82030,89698.0,6.4915,297.95,206.11,1.6034,10.0,,23,,1.4718,0.19094,,,1.5309,0,,0,1,1,49,49,0,49.0,96823.0
115.2,75,100,90,0.0,74.284,1.0178,21.745,100,1.0,0,0.00089745,13.086,15.76,82078,89754.0,6.4916,297.98,220.57,1.6047,10.0,,23,,1.4754,0.19091,,,1.5322,0,,0,1,1,49,49,0,49.0,95973.0
115.4,75,100,90,0.0,78.156,11.874,2.1745,100,1.0,0,0.00088719,13.091,15.791,82126,89811.0,6.4924,297.96,213.04,1.6061,10.0,,23,,1.4799,0.19088,,,1.5335,0,,0,1,1,49,49,0,49.0,96123.0
115.6,75,100,90,0.0,81.719,4.308,0.21745,100,1.0,0,0.00090796,13.064,15.823,82175,89869.0,6.4948,297.95,206.63,1.6074,10.0,,23,,1.4902,0.1908,,,1.5348,0,,0,1,1,49,49,0,49.0,97442.0
115.8,75,100,90,0.0,84.301,1.2924,14.944,100,1.0,0,0.00091238,13.074,15.855,82224,89928.0,6.4949,297.97,214.31,1.6088,10.0,,23,,1.4836,0.19084,,,1.5361,0,,0,1,1,49,49,0,49.0,97093.0
116.0,75,100,90,0.0,86.865,6.224,1.4944,100,1.0,0,0.00090575,13.083,15.887,82274,89987.0,6.4963,297.95,207.54,1.6101,10.0,,23,,1.4798,0.19087,,,1.5374,0,,0,1,1,49,49,0,49.0,96744.0
116.2,75,100,90,0.0,88.858,1.8672,26.387,100,1.0,0,0.00090325,13.087,15.918,82324,90046.0,6.4941,297.99,224.61,1.6115,10.0,,23,,1.4781,0.19088,,,1.5387,0,,0,1,1,49,49,0,49.0,97728.0
116.4,75,100,90,0.0,91.731,15.16,2.6387,100,1.0,0,0.00090358,13.098,15.949,82375,90106.0,6.4952,297.97,215.17,1.6128,10.0,,23,,1.4704,0.19094,,,1.5399,0,,0,1,1,49,49,0,49.0,98209.0
116.6,75,100,90,0.0,94.176,6.2633,0.26387,100,1.0,0,0.00088274,13.136,15.98,82427,90167.0,6.4946,297.94,205.64,1.6141,10.0,,23,,1.4478,0.1911,,,1.5412,0,,0,1,1,49,49,0,49.0,98020.0
116.8,75,100,90,0.0,96.86,1.879,18.555,100,1.0,0,0.00085576,13.185,16.01,82479,90228.0,6.4976,297.96,213.11,1.6154,10.0,,23,,1.4201,0.19131,,,1.5424,0,,0,1,1,49,49,0,49.0,97661.0
117.0,75,100,90,0.0,98.326,6.5742,1.8555,100,1.0,0,0.00087912,13.146,16.04,82531,90289.0,6.5001,297.94,204.2,1.6167,10.0,,23,,1.4377,0.19117,,,1.5436,0,,0,1,1,49,49,0,49.0,98136.0
117.2,75,100,90,0.0,98.824,1.9722,29.913,100,1.0,0,0.00088632,13.132,16.07,82583,90350.0,6.5059,297.99,222.44,1.6179,10.0,,23,,1.4487,0.19109,,,1.5449,0,,0,1,1,49,49,0,49.0,98611.0
117.4,75,100,90,0.0,96.971,15.971,2.9913,100,1.0,0,0.000903,13.1,16.1,82635,90411.0,6.5123,297.96,212.01,1.6192,10.0,,23,,1.4569,0.19102,,,1.5461,0,,0,1,1,49,49,0,49.0,98589.0
117.6,75,100,90,0.0,92.56,6.0028,0.29913,100,1.0,0,0.00091657,13.075,16.131,82686,90471.0,6.5135,297.94,203.17,1.6206,10.0,,23,,1.4625,0.19098,,,1.5474,0,,0,1,1,49,49,0,49.0,98403.0
117.8,75,100,90,0.0,87.716,1.8008,18.379,100,1.0,0,0.00087979,13.11,16.161,82736,90531.0,6.5121,297.96,211.51,1.6219,10.0,,23,,1.4441,0.19112,,,1.5486,0,,0,1,1,49,49,0,49.0,97880.0
118.0,75,100,90,0.0,83.386,6.9824,1.8379,100,1.0,0,0.00088758,13.097,16.192,82785,90589.0,6.51,297.94,203.53,1.6231,10.0,,23,,1.433,0.1912,,,1.5499,0,,0,1,1,49,49,0,49.0,98358.0
118.2,75,100,90,0.0,79.904,2.0947,30.442,100,1.0,0,0.00092141,13.041,16.223,82834,90646.0,6.5051,297.99,224.74,1.6244,10.0,,23,,1.4486,0.19108,,,1.5511,0,,0,1,1,49,49,0,49.0,99008.0
118.4,75,100,90,0.0,78.403,18.567,3.0442,100,1.0,0,0.00095936,12.983,16.256,82882,90704.0,6.5014,297.97,216.48,1.6258,10.0,,23,,1.466,0.19094,,,1.5524,0,,0,1,1,49,49,0,49.0,99330.0
118.6,75,100,90,0.0,78.345,10.681,0.30442,100,1.0,0,0.00097632,12.953,16.289,82930,90762.0,6.4987,297.95,208.91,1.6272,10.0,,23,,1.4822,0.19082,,,1.5538,0,,0,1,1,49,49,0,49.0,98819.0
118.8,75,100,90,0.0,79.367,3.1813,0.030442,100,1.0,0,0.00096915,12.967,16.321,82978,90819.0,6.4976,297.94,203.45,1.6286,10.0,,23,,1.4761,0.19086,,,1.5551,0,,0,1,1,49,49,0,49.0,99139.0
119.0,75,100,90,0.0,80.842,0.95439,14.638,100,1.0,0,0.00098296,12.934,16.354,83027,90877.0,6.4979,297.96,212.66,1.63,10.0,,23,,1.4907,0.19075,,,1.5564,0,,0,1,1,49,49,0,49.0,99129.0
119.2,75,100,90,0.0,82.206,6.8344,1.4638,100,1.0,0,0.00094958,12.982,16.386,83076,90936.0,6.4961,297.95,206.53,1.6314,10.0,,23,,1.4702,0.1909,,,1.5578,0,,0,1,1,49,49,0,49.0,100110.0
119.4,75,100,90,0.0,84.313,2.0503,27.866,100,1.0,0,0.00096051,12.955,16.418,83125,90995.0,6.4967,298.0,226.18,1.6327,10.0,,23,,1.4865,0.19078,,,1.5591,0,,0,1,1,49,49,0,49.0,99267.0
119.6,75,100,90,0.0,86.151,17.344,2.7866,100,1.0,0,0.00097614,12.944,16.45,83175,91054.0,6.4949,297.98,217.7,1.6341,10.0,,23,,1.4884,0.19076,,,1.5604,0,,0,1,1,49,49,0,49.0,99586.0
119.8,75,100,90,0.0,88.704,9.4574,0.27866,100,1.0,0,0.00097245,12.945,16.482,83225,91113.0,6.4941,297.95,209.42,1.6355,10.0,,23,,1.491,0.19074,,,1.5617,0,,0,1,1,49,49,0,49.0,100240.0
120.0,75,100,90,0.0,91.564,1.4799,0.027866,100,1.0,0,0.00097861,12.946,16.514,83275,91173.0,6.4952,297.94,203.81,1.6369,9.0,1808.3,23,1876.5,1.4827,0.1908,16.386,21.34,1.5631,0,51.217,0,1,1,49,49,0,49.0,100560.0
120.2,75,100,90,0.0,94.005,0.44396,12.41,100,1.0,0,0.00098283,12.944,16.546,83327,91234.0,6.4963,297.96,209.71,1.6383,9.0,,23,,1.4832,0.19079,,,1.5644,0,,0,1,1,49,49,0,49.0,101040.0
120.4,75,100,90,0.0,96.014,3.4613,1.241,100,1.0,0,0.0010125,12.908,16.578,83378,91295.0,6.4935,297.94,204.79,1.6397,9.0,,23,,1.5001,0.19066,,,1.5658,0,,0,1,1,49,49,0,49.0,100200.0
120.6,75,100,90,0.0,99.13,1.0384,22.331,100,1.0,0,0.0010041,12.924,16.61,83430,91357.0,6.4925,297.98,219.3,1.6411,9.0,,23,,1.4985,0.19067,,,1.5671,0,,0,1,1,49,49,0,49.0,100510.0
120.8,75,100,90,0.0,102.63,11.607,2.2331,100,1.0,0,0.001029,12.889,16.642,83483,91419.0,6.4906,297.96,212.08,1.6426,9.0,,23,,1.5157,0.19054,,,1.5685,0,,0,1,1,49,49,0,49.0,101000.0
121.0,75,100,90,0.0,106.9,4.296,0.22331,100,1.0,0,0.0010044,12.904,16.673,83536,91482.0,6.4922,297.94,204.77,1.644,9.0,,23,,1.5223,0.19048,,,1.5699,0,,0,1,1,49,49,0,49.0,99981.0
121.2,75,100,90,0.0,110.53,1.2888,16.694,100,1.0,0,0.00096193,12.969,16.704,83591,91546.0,6.4962,297.96,211.8,1.6454,9.0,,23,,1.4974,0.19067,,,1.5712,0,,0,1,1,49,49,0,49.0,102130.0
121.4,75,100,90,0.0,112.57,5.3878,1.6694,100,1.0,0,0.00094219,12.974,16.734,83645,91610.0,6.5012,297.94,202.74,1.6467,9.0,,23,,1.5064,0.1906,,,1.5725,0,,0,1,1,49,49,0,49.0,100600.0
121.6,75,100,90,0.0,112.62,1.6163,29.078,100,1.0,0,0.00094573,12.96,16.764,83700,91674.0,6.5041,297.98,219.88,1.648,9.0,,23,,1.5197,0.19049,,,1.5737,0,,0,1,1,49,49,0,49.0,101410.0
121.8,75,100,90,0.0,111.52,14.312,2.9078,100,1.0,0,0.0009031,13.02,16.793,83755,91738.0,6.5019,297.95,207.1,1.6493,9.0,,23,,1.4896,0.19072,,,1.5749,0,,0,1,1,49,49,0,49.0,100880.0
122.0,75,100,90,0.0,111.31,4.2935,44.946,100,1.0,0,0.00090013,13.014,16.822,83809,91802.0,6.4955,298.02,236.24,1.6505,9.0,,23,,1.4865,0.19074,,,1.5761,0,,0,1,1,49,49,0,49.0,101850.0
122.2,75,100,90,0.0,113.65,27.834,4.4946,100,1.0,0,0.00092579,12.998,16.851,83864,91866.0,6.4894,297.98,219.64,1.6518,9.0,,23,,1.4828,0.19077,,,1.5773,0,,0,1,1,49,49,0,49.0,101830.0
122.4,75,100,90,0.0,118.43,13.751,0.44946,100,1.0,0,0.00090718,13.019,16.881,83920,91932.0,6.4847,297.94,203.88,1.653,9.0,,23,,1.485,0.19075,,,1.5785,0,,0,1,1,49,49,0,49.0,101960.0
122.6,75,100,90,0.0,125.08,4.1254,27.026,100,1.0,0,0.00092136,13.025,16.909,83977,91998.0,6.4809,297.97,215.98,1.6543,9.0,,23,,1.4815,0.19077,,,1.5797,0,,0,1,1,49,49,0,49.0,101430.0
122.8,75,100,90,0.0,133.22,12.653,2.7026,100,1.0,0,0.00094096,13.019,16.938,84036,92066.0,6.4795,297.94,202.57,1.6555,9.0,,23,,1.4834,0.19075,,,1.581,0,,0,1,1,49,49,0,49.0,102070.0
123.0,75,100,90,0.0,141.94,3.7958,42.781,100,1.0,0,0.0010027,12.972,16.968,84096,92137.0,6.4765,298.01,230.33,1.6569,9.0,,23,,1.4932,0.19068,,,1.5822,0,,0,1,1,49,49,0,49.0,102550.0
123.2,75,100,90,0.0,151.85,25.648,4.2781,100,1.0,0,0.00098865,13.013,16.998,84159,92209.0,6.4744,297.96,213.1,1.6582,9.0,,23,,1.4874,0.19072,,,1.5835,0,,0,1,1,49,49,0,49.0,102520.0
123.4,75,100,90,0.0,162.63,10.536,0.42781,100,1.0,0,0.00096773,13.072,17.025,84224,92283.0,6.4761,297.92,196.43,1.6595,9.0,,23,,1.4646,0.19089,,,1.5848,0,,0,1,1,49,49,0,49.0,102480.0
123.6,75,100,90,0.0,172.7,3.1608,27.792,100,1.0,0,0.00095922,13.09,17.053,84290,92359.0,6.482,297.95,206.61,1.6608,9.0,,23,,1.4691,0.19085,,,1.586,0,,0,1,1,49,49,0,49.0,103110.0
123.8,75,100,90,0.0,180.42,0.94825,0.0001,100,1.0,0,0.00098886,13.08,17.08,84359,92437.0,6.488,297.91,192.6,1.6622,9.0,,23,,1.4683,0.19086,,,1.5873,0,,0,1,1,49,49,0,49.0,102910.0
124.0,75,100,90,0.0,185.75,0.28447,35.209,100,1.0,0,0.0010112,13.064,17.108,84428,92516.0,6.4984,297.96,211.32,1.6635,9.0,,23,,1.4712,0.19083,,,1.5886,0,,0,1,1,49,49,0,49.0,102870.0
124.2,75,100,90,0.0,186.91,13.353,3.5209,100,1.0,0,0.0010242,13.051,17.136,84497,92596.0,6.5119,297.92,197.11,1.6649,9.0,,23,,1.4745,0.1908,,,1.5899,0,,0,1,1,49,49,0,49.0,103000.0
124.4,75,100,90,0.0,182.65,4.0059,50.806,100,1.0,0,0.001062,13.0,17.164,84566,92674.0,6.5174,298.01,230.32,1.6663,9.0,,23,,1.4876,0.1907,,,1.5913,0,,0,1,1,49,49,0,49.0,103310.0
124.6,75,100,90,0.0,176.24,29.901,5.0806,100,1.0,0,0.0010618,12.966,17.193,84633,92752.0,6.5189,297.97,214.51,1.6678,9.0,,23,,1.5049,0.19057,,,1.5927,0,,0,1,1,49,49,0,49.0,103110.0
124.8,75,100,90,0.0,169.21,15.988,0.50806,100,1.0,0,0.0010563,12.949,17.222,84699,92828.0,6.5214,297.93,199.68,1.6692,9.0,,23,,1.509,0.19053,,,1.5941,0,,0,1,1,49,49,0,49.0,103250.0
125.0,75,100,90,0.0,161.17,4.7964,31.116,100,1.0,0,0.0010746,12.893,17.253,84764,92902.0,6.517,297.97,217.34,1.6706,9.0,,23,,1.5292,0.19038,,,1.5954,0,,0,1,1,49,49,0,49.0,102890.0
125.2,75,100,90,0.0,154.92,17.578,3.1116,100,1.0,0,0.0010923,12.854,17.283,84827,92975.0,6.5098,297.95,207.02,1.6721,9.0,,23,,1.5424,0.19028,,,1.5968,0,,0,1,1,49,49,0,49.0,104870.0
125.4,75,100,90,0.0,151.52,5.2733,46.458,100,1.0,0,0.0010859,12.838,17.314,84889,93048.0,6.5039,298.03,239.44,1.6735,9.0,,23,,1.5495,0.19022,,,1.5982,0,,0,1,1,49,49,0,49.0,104020.0
125.6,75,100,90,0.0,150.48,31.231,4.6458,100,1.0,0,0.0010689,12.852,17.345,84951,93120.0,6.5038,298.0,225.84,1.675,9.0,,23,,1.5419,0.19027,,,1.5996,0,,0,1,1,49,49,0,49.0,104160.0
125.8,75,100,90,0.0,149.48,20.112,0.46458,100,1.0,0,0.0010848,12.832,17.376,85013,93192.0,6.5087,297.96,212.64,1.6764,9.0,,23,,1.541,0.19028,,,1.601,0,,0,1,1,49,49,0,49.0,104640.0
126.0,75,100,90,0.0,146.51,8.9349,0.046458,100,1.0,0,0.001107,12.797,17.408,85075,93264.0,6.5131,297.94,203.04,1.6779,9.0,,23,,1.5499,0.19021,,,1.6024,0,,0,1,1,49,49,0,49.0,105460.0
126.2,75,100,90,0.0,141.78,2.6805,20.086,100,1.0,0,0.0011169,12.783,17.44,85135,93334.0,6.5144,297.97,213.91,1.6794,9.0,,23,,1.5459,0.19024,,,1.6039,0,,0,1,1,49,49,0,49.0,105110.0
126.4,75,100,90,0.0,136.56,9.8224,2.0086,100,1.0,0,0.0010726,12.803,17.471,85194,93404.0,6.5163,297.94,205.12,1.6809,9.0,,23,,1.5439,0.19025,,,1.6053,0,,0,1,1,49,49,0,49.0,104430.0
126.6,75,100,90,0.0,130.55,2.9467,34.198,100,1.0,0,0.0010929,12.735,17.503,85253,93472.0,6.5115,298.0,228.93,1.6823,9.0,,23,,1.5756,0.19001,,,1.6067,0,,0,1,1,49,49,0,49.0,105920.0
126.8,75,100,90,0.0,126.48,21.263,3.4198,100,1.0,0,0.0010587,12.754,17.534,85310,93540.0,6.5064,297.97,217.47,1.6838,9.0,,23,,1.5747,0.19001,,,1.608,0,,0,1,1,49,49,0,49.0,104900.0
127.0,75,100,90,0.0,124.45,11.195,0.34198,100,1.0,0,0.001012,12.795,17.565,85367,93607.0,6.5036,297.95,205.47,1.6851,9.0,,23,,1.5624,0.1901,,,1.6094,0,,0,1,1,49,49,0,49.0,105710.0
127.2,75,100,90,0.0,123.52,3.3584,23.979,100,1.0,0,0.0010202,12.802,17.596,85424,93674.0,6.4984,297.98,217.82,1.6865,9.0,,23,,1.5458,0.19022,,,1.6107,0,,0,1,1,49,49,0,49.0,106190.0
127.4,75,100,90,0.0,124.68,11.994,2.3979,100,1.0,0,0.001056,12.77,17.627,85481,93741.0,6.4949,297.95,208.39,1.6879,9.0,,23,,1.5445,0.19023,,,1.612,0,,0,1,1,49,49,0,49.0,104500.0
127.6,75,100,90,0.0,127.24,2.85,0.23979,100,1.0,0,0.0010753,12.757,17.659,85538,93809.0,6.4909,297.93,200.62,1.6893,9.0,,23,,1.5449,0.19022,,,1.6133,0,,0,1,1,49,49,0,49.0,105650.0
127.8,75,100,90,0.0,131.41,0.855,16.133,100,1.0,0,0.0010391,12.799,17.69,85596,93877.0,6.4864,297.95,206.81,1.6907,9.0,,23,,1.533,0.19031,,,1.6147,0,,0,1,1,49,49,0,49.0,106130.0
128.0,75,100,90,0.0,137.36,0.2565,1.8593,100,1.0,0,0.00097175,12.907,17.719,85656,93947.0,6.484,297.93,197.42,1.692,9.0,,23,,1.4876,0.19065,,,1.6159,0,,0,1,1,49,49,0,49.0,106270.0
128.2,75,100,90,0.0,144.28,0.07695,25.879,100,1.0,0,0.00094365,12.971,17.747,85717,94017.0,6.4863,297.95,208.32,1.6932,9.0,,23,,1.4547,0.1909,,,1.6171,0,,0,1,1,49,49,0,49.0,105070.0
128.4,75,100,90,0.0,150.24,6.668,2.5879,100,1.0,0,0.0009118,13.021,17.774,85779,94089.0,6.4993,297.92,194.24,1.6944,9.0,,23,,1.4387,0.19102,,,1.6183,0,,0,1,1,49,49,0,49.0,106200.0
128.6,75,100,90,0.0,150.99,2.0004,40.174,100,1.0,0,0.00092014,13.014,17.801,85841,94161.0,6.5165,297.97,215.71,1.6956,9.0,,23,,1.4437,0.19098,,,1.6194,0,,0,1,1,49,49,0,49.0,106160.0
128.8,75,100,90,0.0,144.9,17.295,4.0174,100,1.0,0,0.00096455,12.922,17.829,85902,94232.0,6.5302,297.93,201.01,1.6968,9.0,,23,,1.4812,0.19069,,,1.6206,0,,0,1,1,49,49,0,49.0,106460.0
129.0,75,100,90,0.0,133.36,5.1885,54.377,100,1.0,0,0.00093126,12.92,17.858,85961,94301.0,6.5429,298.02,235.96,1.698,9.0,,23,,1.4923,0.1906,,,1.6217,0,,0,1,1,49,49,0,49.0,106100.0
129.2,75,100,90,0.0,116.71,32.452,5.4377,100,1.0,0,0.00094147,12.862,17.887,86016,94366.0,6.5497,297.98,218.64,1.6992,9.0,,23,,1.5051,0.19051,,,1.6229,0,,0,1,1,49,49,0,49.0,106400.0
129.4,75,100,90,0.0,97.384,17.957,0.54377,100,1.0,0,0.0009664,12.772,17.917,86068,94427.0,6.5476,297.94,204.24,1.7004,9.0,,23,,1.5307,0.19031,,,1.624,0,,0,1,1,49,49,0,49.0,106710.0
129.6,75,100,90,0.0,78.895,5.3872,29.491,100,1.0,0,0.00098237,12.686,17.949,86115,94485.0,6.5392,297.99,222.58,1.7017,9.0,,23,,1.5629,0.19006,,,1.6252,0,,0,1,1,49,49,0,49.0,107530.0
129.8,75,100,90,0.0,63.763,18.91,2.9491,100,1.0,0,0.00097646,12.64,17.981,86160,94540.0,6.5242,297.96,212.9,1.7029,9.0,,23,,1.5783,0.18995,,,1.6264,0,,0,1,1,49,49,0,49.0,107180.0
130.0,75,100,90,0.0,54.641,9.9423,0.29491,100,1.0,0,0.0010017,12.605,18.014,86203,94593.0,6.504,297.94,205.18,1.7041,9.0,,23,,1.5787,0.18994,,,1.6276,0,,0,1,1,49,49,0,49.0,108170.0
130.2,75,100,90,0.0,53.579,2.9827,20.787,100,1.0,-4000,0.0010045,12.61,18.047,85544,93846.0,6.5121,297.98,218.55,1.6965,9.0,,23,,1.5531,0.19015,,,1.6203,0,,0,1,1,49,49,0,49.0,107660.0
130.4,75,100,90,0.0,49.154,12.322,2.0787,100,1.0,-4000,0.0010104,12.606,18.08,84884,93098.0,6.5186,297.96,211.68,1.6845,9.0,,23,,1.5208,0.19042,,,1.6087,0,,0,1,1,49,49,0,49.0,107490.0
130.6,75,100,90,0.0,42.257,5.3817,0.20787,100,1.0,-4000,0.0010416,12.543,18.113,84222,92349.0,6.5204,297.95,206.84,1.6721,9.0,,23,,1.5183,0.19046,,,1.5968,0,,0,1,1,49,49,0,49.0,106980.0
130.8,75,100,90,0.0,34.642,1.6145,15.113,100,1.0,-4000,0.001074,12.463,18.148,83560,91598.0,6.5178,297.98,218.5,1.6597,9.0,,23,,1.5349,0.19036,,,1.585,0,,0,1,1,49,49,0,49.0,108310.0
131.0,75,100,90,0.0,28.039,9.8303,1.5113,100,1.0,-4000,0.0010818,12.421,18.184,82896,90846.0,6.5115,297.97,215.03,1.6474,9.0,,23,,1.5334,0.19039,,,1.5731,0,,0,1,1,49,49,0,49.0,108650.0
131.2,75,100,90,0.0,23.954,5.7495,0.15113,100,1.0,-4000,0.0010968,12.382,18.22,82231,90093.0,6.5012,297.96,212.43,1.635,9.0,,23,,1.5296,0.19045,,,1.5612,0,,0,1,1,49,49,0,49.0,108320.0
131.4,75,100,90,0.0,24.004,2.3549,0.015113,100,1.0,-4000,0.0011191,12.364,18.256,81566,89340.0,6.4912,297.96,211.66,1.6226,9.0,,23,,1.5085,0.19063,,,1.5494,0,,0,1,1,49,49,0,49.0,108160.0
131.6,75,100,90,0.0,28.031,0.3,0.0015113,100,1.0,-4000,0.001122,12.366,18.292,80903,88589.0,6.4853,297.96,211.39,1.6103,9.0,,23,,1.4868,0.19082,,,1.5375,0,,0,1,1,49,49,0,49.0,108160.0
131.8,75,100,90,0.0,34.417,0.0001,0.00015113,100,1.0,-4000,0.001144,12.349,18.328,80240,87838.0,6.4837,297.96,211.02,1.5979,9.0,,23,,1.4798,0.19089,,,1.5257,0,,0,1,1,49,49,0,49.0,108830.0
132.0,75,100,90,0.0,41.446,0.0001,0.0001,100,1.0,-4000,0.0011328,12.371,18.363,79579,87089.0,6.4869,297.95,209.59,1.5855,9.0,1861.8,23,1881.4,1.4598,0.19107,18.22,21.697,1.5138,0,58.703,0,1,1,49,49,0,49.0,109010.0
132.2,75,100,90,0.0,47.177,0.0001,0.0001,100,1.0,0,0.0011358,12.367,18.399,79621,87141.0,6.469,297.95,208.04,1.5824,9.0,,23,,1.4601,0.19107,,,1.5108,0,,0,1,1,49,49,0,49.0,109840.0
132.4,75,100,90,0.0,60.175,0.0001,0.0001,100,1.0,0,0.0011585,12.376,18.435,79666,87196.0,6.4598,297.95,206.19,1.5834,9.0,,23,,1.4531,0.19112,,,1.5118,0,,0,1,1,49,49,0,49.0,109680.0
132.6,75,100,90,0.0,76.744,0.0001,11.292,100,1.0,0,0.001123,12.449,18.47,79714,87254.0,6.4617,297.96,212.08,1.5847,9.0,,23,,1.4453,0.19118,,,1.513,0,,0,1,1,49,49,0,49.0,110350.0
132.8,75,100,90,0.0,92.54,3.3515,1.1292,100,1.0,0,0.0011352,12.49,18.504,79765,87315.0,6.4732,297.95,206.25,1.586,9.0,,23,,1.427,0.19131,,,1.5143,0,,0,1,1,49,49,0,49.0,108680.0
133.0,75,100,90,0.0,103.73,1.0055,22.659,100,1.0,0,0.0011189,12.542,18.538,79818,87378.0,6.4906,297.98,219.52,1.5873,9.0,,23,,1.4088,0.19145,,,1.5155,0,,0,1,1,49,49,0,49.0,109170.0
133.2,75,100,90,0.0,107.97,11.126,2.2659,100,1.0,0,0.0010977,12.563,18.571,79872,87443.0,6.5081,297.95,209.29,1.5886,9.0,,23,,1.4068,0.19146,,,1.5167,0,,0,1,1,49,49,0,49.0,109660.0
133.4,75,100,90,0.0,105.25,0.87236,0.22659,100,1.0,0,0.0010658,12.572,18.604,79926,87506.0,6.5259,297.93,200.58,1.5898,9.0,,23,,1.4137,0.19141,,,1.5179,0,,0,1,1,49,49,0,49.0,110480.0
133.6,75,100,90,0.0,95.414,0.26171,14.809,100,1.0,0,0.0010605,12.529,18.636,79978,87568.0,6.538,297.95,206.16,1.591,9.0,,23,,1.4346,0.19125,,,1.519,0,,0,1,1,49,49,0,49.0,110970.0
133.8,75,100,90,0.0,80.758,0.078512,1.026,100,1.0,0,0.0010754,12.445,18.67,80026,87627.0,6.5414,297.93,200.81,1.5922,9.0,,23,,1.4733,0.19095,,,1.5202,0,,0,1,1,49,49,0,49.0,110800.0
134.0,75,100,90,0.0,64.747,0.023554,21.62,100,1.0,0,0.0010658,12.391,18.705,80072,87682.0,6.5324,297.97,215.27,1.5934,9.0,,23,,1.498,0.19076,,,1.5213,0,,0,1,1,49,49,0,49.0,110470.0
134.2,75,100,90,0.0,52.328,10.636,2.162,100,1.0,0,0.0010616,12.339,18.74,80115,87735.0,6.5161,297.95,208.77,1.5946,9.0,,23,,1.5202,0.19059,,,1.5225,0,,0,1,1,49,49,0,49.0,110970.0
134.4,75,100,90,0.0,46.44,3.3353,0.2162,100,1.0,0,0.0010325,12.356,18.774,80157,87787.0,6.497,297.94,202.88,1.5958,9.0,,23,,1.513,0.19065,,,1.5236,0,,0,1,1,49,49,0,49.0,110460.0
134.6,75,100,90,0.0,48.169,1.0006,16.28,100,1.0,0,0.0010508,12.348,18.809,80199,87839.0,6.4797,297.96,212.94,1.5969,9.0,,23,,1.506,0.1907,,,1.5247,0,,0,1,1,49,49,0,49.0,111960.0
134.8,75,100,90,0.0,56.805,7.8351,1.628,100,1.0,0,0.0010967,12.301,18.844,80243,87893.0,6.4691,297.95,207.58,1.5982,9.0,,23,,1.5282,0.19053,,,1.5259,0,,0,1,1,49,49,0,49.0,110960.0
135.0,75,100,90,0.0,69.683,2.3505,28.749,100,1.0,0,0.0011041,12.326,18.879,80289,87950.0,6.4673,298.0,227.98,1.5994,9.0,,23,,1.5318,0.1905,,,1.5271,0,,0,1,1,49,49,0,49.0,111960.0
135.2,75,100,90,0.0,83.246,18.949,2.8749,100,1.0,0,0.0010696,12.404,18.913,80338,88009.0,6.4749,297.97,215.78,1.6006,9.0,,23,,1.5072,0.19068,,,1.5282,0,,0,1,1,49,49,0,49.0,110960.0
135.4,75,100,90,0.0,93.757,7.6608,0.28749,100,1.0,0,0.0011034,12.414,18.946,80389,88071.0,6.4878,297.94,205.67,1.6018,9.0,,23,,1.4941,0.19078,,,1.5294,0,,0,1,1,49,49,0,49.0,111450.0
135.6,75,100,90,0.0,99.156,2.2982,18.722,100,1.0,0,0.0010917,12.443,18.979,80442,88133.0,6.5014,297.97,213.86,1.603,9.0,,23,,1.4829,0.19086,,,1.5306,0,,0,1,1,49,49,0,49.0,111610.0
135.8,75,100,90,0.0,99.13,7.7809,1.8722,100,1.0,0,0.0010948,12.426,19.012,80494,88196.0,6.515,297.94,204.26,1.6042,9.0,,23,,1.4945,0.19077,,,1.5317,0,,0,1,1,49,49,0,49.0,112270.0
136.0,75,100,90,0.0,93.65,2.3343,32.464,100,1.0,0,0.0010952,12.414,19.046,80545,88257.0,6.5267,298.0,225.18,1.6054,9.0,,23,,1.4936,0.19077,,,1.5329,0,,0,1,1,49,49,0,49.0,112590.0
136.2,75,100,90,0.0,83.48,19.093,3.2464,100,1.0,0,0.0011232,12.354,19.08,80594,88317.0,6.5286,297.96,213.32,1.6067,9.0,,23,,1.5027,0.1907,,,1.534,0,,0,1,1,49,49,0,49.0,111420.0
136.4,75,100,90,0.0,72.593,7.8558,0.32464,100,1.0,0,0.0011175,12.318,19.115,80642,88374.0,6.5259,297.94,204.88,1.6079,9.0,,23,,1.5122,0.19063,,,1.5352,0,,0,1,1,49,49,0,49.0,112090.0
136.6,75,100,90,0.0,62.781,2.3567,18.23,100,1.0,0,0.001119,12.28,19.151,80687,88430.0,6.5138,297.97,216.06,1.6091,9.0,,23,,1.5251,0.19053,,,1.5364,0,,0,1,1,49,49,0,49.0,112430.0
136.8,75,100,90,0.0,57.798,10.393,1.823,100,1.0,0,0.0011255,12.25,19.187,80731,88484.0,6.5002,297.95,209.05,1.6103,9.0,,23,,1.541,0.19041,,,1.5376,0,,0,1,1,49,49,0,49.0,113260.0
137.0,75,100,90,0.0,58.229,2.8227,0.1823,100,1.0,0,0.001139,12.241,19.223,80775,88539.0,6.4853,297.94,204.15,1.6115,9.0,,23,,1.5406,0.19041,,,1.5387,0,,0,1,1,49,49,0,49.0,112940.0
137.2,75,100,90,0.0,64.645,0.8468,13.975,100,1.0,0,0.0011735,12.215,19.26,80820,88595.0,6.4746,297.96,213.15,1.6128,9.0,,23,,1.5523,0.19032,,,1.5399,0,,0,1,1,49,49,0,49.0,114110.0
137.4,75,100,90,0.0,75.322,6.7753,1.3975,100,1.0,0,0.0011651,12.261,19.296,80868,88653.0,6.4718,297.95,207.0,1.614,9.0,,23,,1.533,0.19046,,,1.5411,0,,0,1,1,49,49,0,49.0,113120.0
137.6,75,100,90,0.0,87.079,2.0326,27.806,100,1.0,0,0.001136,12.327,19.33,80917,88713.0,6.4761,297.99,225.08,1.6152,9.0,,23,,1.512,0.19062,,,1.5423,0,,0,1,1,49,49,0,49.0,113450.0
137.8,75,100,90,0.0,97.138,16.364,2.7806,100,1.0,0,0.0011221,12.355,19.365,80969,88776.0,6.4873,297.96,213.14,1.6164,9.0,,23,,1.5134,0.1906,,,1.5434,0,,0,1,1,49,49,0,49.0,113610.0
138.0,75,100,90,0.0,102.73,5.1554,0.27806,100,1.0,0,0.0010975,12.386,19.398,81022,88839.0,6.5003,297.94,202.47,1.6176,9.0,,23,,1.5087,0.19064,,,1.5446,0,,0,1,1,49,49,0,49.0,113440.0
138.2,75,100,90,0.0,103.12,1.5466,18.453,100,1.0,0,0.001059,12.424,19.431,81075,88903.0,6.5138,297.95,208.82,1.6188,9.0,,23,,1.4991,0.19071,,,1.5457,0,,0,1,1,49,49,0,49.0,114600.0
138.4,75,100,90,0.0,98.118,5.0319,1.8453,100,1.0,0,0.0010599,12.402,19.464,81127,88965.0,6.524,297.93,198.97,1.6199,9.0,,23,,1.5068,0.19065,,,1.5467,0,,0,1,1,49,49,0,49.0,114590.0
138.6,75,100,90,0.0,89.04,1.5096,31.324,100,1.0,0,0.0010243,12.417,19.498,81178,89026.0,6.5309,297.97,217.29,1.6209,9.0,,23,,1.4909,0.19076,,,1.5477,0,,0,1,1,49,49,0,49.0,113750.0
138.8,75,100,90,0.0,77.212,15.294,3.1324,100,1.0,0,0.0010426,12.364,19.531,81226,89084.0,6.5321,297.95,205.84,1.622,9.0,,23,,1.5002,0.19069,,,1.5488,0,,0,1,1,49,49,0,49.0,114570.0
139.0,75,100,90,0.0,64.898,4.5881,46.981,100,1.0,0,0.0010161,12.339,19.566,81271,89140.0,6.5292,298.03,238.67,1.6231,9.0,,23,,1.513,0.19059,,,1.5498,0,,0,1,1,49,49,0,49.0,115070.0
139.2,75,100,90,0.0,53.734,31.968,4.6981,100,1.0,0,0.0010501,12.261,19.601,81314,89193.0,6.5186,297.99,223.41,1.6241,9.0,,23,,1.5331,0.19044,,,1.5508,0,,0,1,1,49,49,0,49.0,114910.0
139.4,75,100,90,0.0,46.832,18.875,0.46981,100,1.0,0,0.001027,12.257,19.636,81356,89245.0,6.5027,297.95,209.63,1.6252,9.0,,23,,1.5449,0.19035,,,1.5518,0,,0,1,1,49,49,0,49.0,114910.0
139.6,75,100,90,0.0,46.305,6.5578,0.046981,100,1.0,0,0.0010445,12.246,19.671,81398,89297.0,6.488,297.93,201.05,1.6262,9.0,,23,,1.5428,0.19036,,,1.5528,0,,0,1,1,49,49,0,49.0,115240.0
139.8,75,100,90,0.0,51.615,1.9673,17.754,100,1.0,0,0.00097651,12.344,19.704,81440,89350.0,6.4805,297.95,208.13,1.6272,9.0,,23,,1.506,0.19064,,,1.5538,0,,0,1,1,49,49,0,49.0,115730.0
140.0,75,100,75,0.0,59.903,5.8996,1.7754,100,1.0,0,0.00066408,12.692,19.73,81482,89401.0,6.4847,297.91,190.7,1.628,9.0,,23,,1.3935,0.19149,,,1.5545,0,,0,1,1,49,49,0,49.0,115520.0
140.2,75,100,75,0.0,66.526,1.7699,42.674,100,1.0,0,0.0006348,12.751,19.754,81524,89453.0,6.4942,297.96,210.47,1.6285,9.0,,23,,1.3633,0.19171,,,1.555,0,,0,1,1,49,49,0,49.0,115630.0
140.4,75,100,75,0.0,69.353,16.124,4.2674,100,1.0,0,0.00063334,12.747,19.778,81568,89505.0,6.504,297.9,189.84,1.6291,9.0,,23,,1.3741,0.19163,,,1.5556,0,,0,1,1,49,49,0,49.0,116410.0
140.6,75,100,75,0.0,68.28,4.8373,63.939,100,1.0,0,0.00065564,12.709,19.803,81611,89558.0,6.5123,298.0,228.01,1.6296,9.0,,23,,1.39,0.19151,,,1.5561,0,,0,1,1,49,49,0,49.0,116860.0
140.8,75,100,75,0.0,63.903,35.449,6.3939,100,1.0,0,0.00063646,12.73,19.827,81653,89609.0,6.515,297.94,202.2,1.6302,9.0,,23,,1.3732,0.19163,,,1.5566,0,,0,1,1,49,49,0,49.0,116810.0
141.0,75,100,75,0.0,58.454,10.635,92.677,100,1.0,0,0.00064713,12.691,19.852,81694,89659.0,6.5187,298.1,264.44,1.6307,9.0,,23,,1.3865,0.19153,,,1.5572,0,,0,1,1,49,49,0,49.0,116260.0
141.2,75,100,75,0.0,51.502,63.808,9.2677,100,1.0,0,0.00065188,12.663,19.878,81734,89708.0,6.5173,298.01,231.99,1.6313,9.0,,23,,1.3928,0.19148,,,1.5577,0,,0,1,1,49,49,0,49.0,115550.0
141.4,75,100,75,0.0,45.101,37.489,0.92677,100,1.0,0,0.00062581,12.681,19.903,81772,89756.0,6.5111,297.94,202.26,1.6318,9.0,,23,,1.3778,0.1916,,,1.5582,0,,0,1,1,49,49,0,49.0,117170.0
141.6,75,100,75,0.0,41.208,11.247,52.343,100,1.0,0,0.00062357,12.656,19.928,81810,89803.0,6.5025,298.0,229.04,1.6323,9.0,,23,,1.3931,0.19148,,,1.5587,0,,0,1,1,49,49,0,49.0,116290.0
141.8,75,100,75,0.0,40.753,33.082,5.2343,100,1.0,0,0.00060226,12.683,19.953,81847,89850.0,6.4954,297.94,204.98,1.6328,9.0,,23,,1.3843,0.19155,,,1.5591,0,,0,1,1,49,49,0,49.0,115910.0
142.0,75,100,75,0.0,43.09,9.9245,80.095,100,1.0,0,0.00059662,12.712,19.977,81885,89897.0,6.4901,298.07,255.96,1.6333,9.0,,23,,1.3622,0.19171,,,1.5596,0,,0,1,1,49,49,0,49.0,116520.0
142.2,75,100,75,0.0,47.551,53.259,8.0095,100,1.0,0,0.00056827,12.759,20.001,81924,89945.0,6.4886,297.99,225.01,1.6337,9.0,,23,,1.3474,0.19182,,,1.56,0,,0,1,1,49,49,0,49.0,116960.0
142.4,75,100,75,0.0,52.603,27.719,0.80095,100,1.0,0,0.00055332,12.785,20.023,81964,89994.0,6.4926,297.92,195.64,1.6342,9.0,,23,,1.3415,0.19187,,,1.5604,0,,0,1,1,49,49,0,49.0,117070.0
142.6,75,100,75,0.0,56.046,8.3158,46.596,100,1.0,0,0.00056731,12.794,20.046,82004,90043.0,6.4974,297.97,214.6,1.6346,9.0,,23,,1.3274,0.19197,,,1.5608,0,,0,1,1,49,49,0,49.0,116680.0
142.8,75,100,75,0.0,57.604,22.566,4.6596,100,1.0,0,0.00055674,12.822,20.069,82045,90093.0,6.5035,297.9,189.49,1.635,9.0,,23,,1.3103,0.1921,,,1.5612,0,,0,1,1,49,49,0,49.0,117620.0
143.0,75,100,75,0.0,56.731,6.7697,73.211,100,1.0,0,0.00056574,12.8,20.092,82086,90143.0,6.5102,298.01,232.77,1.6354,9.0,,23,,1.3229,0.192,,,1.5616,0,,0,1,1,49,49,0,49.0,116730.0
143.2,75,100,75,0.0,53.156,41.748,7.3211,100,1.0,0,0.00054204,12.808,20.115,82126,90192.0,6.5137,297.94,203.43,1.6358,9.0,,23,,1.3269,0.19197,,,1.562,0,,0,1,1,49,49,0,49.0,117330.0
143.4,75,100,75,0.0,48.197,12.524,103.99,100,1.0,0,0.00051536,12.807,20.136,82165,90240.0,6.512,298.11,271.67,1.6361,9.0,,23,,1.3399,0.19187,,,1.5623,0,,0,1,1,49,49,0,49.0,117930.0
143.6,75,100,75,0.0,43.933,70.836,10.399,100,1.0,0,0.00048581,12.814,20.158,82203,90287.0,6.5061,298.02,234.69,1.6364,9.0,,23,,1.3445,0.19184,,,1.5626,0,,0,1,1,49,49,0,49.0,117530.0
143.8,75,100,75,0.0,42.02,41.262,1.0399,100,1.0,0,0.00045886,12.834,20.178,82241,90334.0,6.4997,297.93,198.24,1.6367,9.0,,23,,1.3409,0.19187,,,1.5629,0,,0,1,1,49,49,0,49.0,118470.0
144.0,75,100,75,0.0,42.668,12.379,60.342,100,1.0,0,0.00044155,12.854,20.199,82279,90381.0,6.4955,297.99,225.26,1.637,9.0,1923.9,23,1903.9,1.335,0.19191,20.115,21.994,1.5631,0,65.655,0,1,1,49,49,0,49.0,117730.0
144.2,75,100,75,0.0,44.985,34.044,6.0342,100,1.0,0,0.00039403,12.916,20.218,82317,90428.0,6.4966,297.91,193.38,1.6372,9.0,,23,,1.3167,0.19205,,,1.5633,0,,0,1,1,49,49,0,49.0,117480.0
144.4,75,100,75,0.0,46.84,10.213,92.846,100,1.0,0,0.00037652,12.954,20.236,82356,90475.0,6.4968,298.05,248.1,1.6373,9.0,,23,,1.2976,0.19219,,,1.5635,0,,0,1,1,49,49,0,49.0,118730.0
144.6,75,100,75,0.0,48.624,55.609,9.2846,100,1.0,0,0.00034923,12.98,20.253,82395,90523.0,6.4985,297.95,209.51,1.6375,9.0,,23,,1.2997,0.19217,,,1.5636,0,,0,1,1,49,49,0,49.0,117810.0
144.8,75,100,75,0.0,49.742,22.702,0.92846,100,1.0,0,0.00031848,13.001,20.27,82434,90570.0,6.5001,297.87,175.86,1.6375,9.0,,23,,1.3073,0.19212,,,1.5637,0,,0,1,1,49,49,0,49.0,117890.0
145.0,75,100,75,0.0,50.205,6.8106,49.967,100,1.0,0,0.00028503,13.033,20.285,82473,90618.0,6.5027,297.91,192.73,1.6376,9.0,,23,,1.3056,0.19213,,,1.5637,0,,0,1,1,49,49,0,49.0,118630.0
145.2,75,100,75,0.0,49.628,2.0432,0.0001,100,1.0,0,0.00027355,13.046,20.3,82513,90666.0,6.5034,297.84,166.02,1.6376,9.0,,23,,1.3001,0.19217,,,1.5638,0,,0,1,1,49,49,0,49.0,118360.0
145.4,75,100,75,0.0,48.809,0.61295,64.231,100,1.0,0,0.00029312,13.014,20.316,82552,90713.0,6.5026,297.93,198.25,1.6377,9.0,,23,,1.3154,0.19205,,,1.5638,0,,0,1,1,49,49,0,49.0,117600.0
145.6,75,100,75,0.0,48.306,0.18389,0.0001,100,1.0,0,0.00030934,12.992,20.332,82591,90761.0,6.4986,297.86,172.21,1.6377,9.0,,23,,1.3219,0.19201,,,1.5638,0,,0,1,1,49,49,0,49.0,118340.0
145.8,75,100,75,0.0,49.409,0.055166,68.433,100,1.0,0,0.000338,12.976,20.349,82630,90809.0,6.4939,297.95,208.36,1.6378,9.0,,23,,1.3187,0.19203,,,1.5639,0,,0,1,1,49,49,0,49.0,118750.0
146.0,75,100,75,0.0,52.379,26.927,6.8433,100,1.0,0,0.00031235,13.008,20.364,82670,90857.0,6.4916,297.88,178.56,1.6378,9.0,,23,,1.3167,0.19204,,,1.564,0,,0,1,1,49,49,0,49.0,118660.0
146.2,75,100,75,0.0,56.26,8.078,97.255,100,1.0,0,0.00029626,13.031,20.38,82710,90906.0,6.4911,298.03,237.85,1.6379,9.0,,23,,1.3143,0.19206,,,1.564,0,,0,1,1,49,49,0,49.0,119400.0
146.4,75,100,75,0.0,60.335,55.807,9.7255,100,1.0,0,0.00027853,13.067,20.394,82752,90956.0,6.4911,297.93,201.35,1.6379,9.0,,23,,1.3037,0.19214,,,1.564,0,,0,1,1,49,49,0,49.0,118300.0
146.6,75,100,75,0.0,64.421,16.742,134.27,100,1.0,0,0.00028509,13.073,20.408,82794,91007.0,6.492,298.16,290.67,1.6379,9.0,,23,,1.3029,0.19215,,,1.564,0,,0,1,1,49,49,0,49.0,118530.0
146.8,75,100,75,0.0,68.127,92.926,13.427,100,1.0,0,0.00026037,13.118,20.422,82837,91058.0,6.4969,298.04,244.76,1.6379,9.0,,23,,1.2864,0.19227,,,1.564,0,,0,1,1,49,49,0,49.0,119420.0
147.0,75,100,75,0.0,69.867,57.179,1.3427,100,1.0,0,0.00025348,13.159,20.435,82880,91110.0,6.5002,297.93,200.64,1.6378,9.0,,23,,1.2526,0.19253,,,1.564,0,,0,1,1,49,49,0,49.0,119650.0
147.2,75,100,75,0.0,70.305,17.154,75.129,100,1.0,0,0.00024046,13.176,20.447,82923,91162.0,6.5035,298.02,236.79,1.6378,9.0,,23,,1.2444,0.19259,,,1.5639,0,,0,1,1,49,49,0,49.0,119370.0
147.4,75,100,75,0.0,69.409,46.959,7.5129,100,1.0,0,0.00020825,13.207,20.459,82966,91213.0,6.5062,297.93,201.16,1.6377,9.0,,23,,1.2354,0.19266,,,1.5639,0,,0,1,1,49,49,0,49.0,119260.0
147.6,75,100,75,0.0,67.443,14.088,110.03,100,1.0,0,0.00018028,13.241,20.471,83009,91264.0,6.5053,298.11,269.83,1.6376,9.0,,23,,1.2203,0.19277,,,1.5638,0,,0,1,1,49,49,0,49.0,119310.0
147.8,75,100,75,0.0,65.857,72.06,11.003,100,1.0,0,0.0001754,13.241,20.482,83051,91315.0,6.5065,298.0,228.38,1.6375,9.0,,23,,1.2173,0.19279,,,1.5636,0,,0,1,1,49,49,0,49.0,119030.0
148.0,75,100,75,0.0,63.753,38.704,1.1003,100,1.0,0,0.00015786,13.237,20.493,83093,91365.0,6.5074,297.9,189.46,1.6373,9.0,,23,,1.229,0.19271,,,1.5635,0,,0,1,1,49,49,0,49.0,119410.0
148.2,75,100,75,0.0,61.308,11.611,61.124,100,1.0,0,0.00012326,13.268,20.503,83135,91415.0,6.5073,297.97,214.49,1.6372,9.0,,23,,1.2209,0.19277,,,1.5633,0,,0,1,1,49,49,0,49.0,118460.0
148.4,75,100,75,0.0,58.906,30.514,6.1124,100,1.0,0,0.00011489,13.256,20.513,83176,91464.0,6.5051,297.89,182.01,1.637,9.0,,23,,1.2329,0.19268,,,1.5631,0,,0,1,1,49,49,0,49.0,119000.0
148.6,75,100,75,0.0,57.388,9.1541,93.683,100,1.0,0,0.00014954,13.227,20.524,83217,91513.0,6.5002,298.02,237.34,1.6368,9.0,,23,,1.2348,0.19266,,,1.5629,0,,0,1,1,49,49,0,49.0,119720.0
148.8,75,100,75,0.0,57.852,53.524,9.3683,100,1.0,0,0.00017493,13.206,20.535,83257,91563.0,6.4945,297.93,198.87,1.6366,9.0,,23,,1.2379,0.19264,,,1.5628,0,,0,1,1,49,49,0,49.0,118940.0
149.0,75,100,75,0.0,60.561,16.057,131.75,100,1.0,0,0.00020071,13.196,20.547,83299,91612.0,6.4894,298.15,285.89,1.6365,9.0,,23,,1.2356,0.19266,,,1.5626,0,,0,1,1,49,49,0,49.0,118320.0
149.2,75,100,75,0.0,65.328,89.592,13.175,100,1.0,0,0.00021483,13.199,20.559,83341,91663.0,6.4862,298.03,239.4,1.6363,9.0,,23,,1.2357,0.19266,,,1.5625,0,,0,1,1,49,49,0,49.0,120210.0
149.4,75,100,75,0.0,71.375,53.141,1.3175,100,1.0,0,0.00021377,13.24,20.57,83385,91715.0,6.4881,297.92,196.48,1.6362,9.0,,23,,1.2103,0.19285,,,1.5624,0,,0,1,1,49,49,0,49.0,118930.0
149.6,75,100,75,0.0,76.625,15.942,71.81,100,1.0,0,0.00021826,13.269,20.581,83429,91767.0,6.4908,298.01,230.08,1.6361,9.0,,23,,1.186,0.19303,,,1.5623,0,,0,1,1,49,49,0,49.0,119480.0
149.8,75,100,75,0.0,80.811,42.943,7.181,100,1.0,0,0.00024639,13.253,20.593,83474,91821.0,6.4971,297.92,196.07,1.636,9.0,,23,,1.1913,0.19299,,,1.5622,0,,0,1,1,49,49,0,49.0,119370.0
150.0,75,100,75,0.0,82.464,12.883,105.38,100,1.0,0,0.000286,13.207,20.606,83520,91875.0,6.5029,298.08,260.95,1.6359,9.0,,23,,1.2168,0.1928,,,1.5621,0,,0,1,1,49,49,0,49.0,119930.0
150.2,75,100,75,0.0,81.811,66.712,10.538,0,0.9,-4000,0.00032169,12.01,20.625,82845,91109.0,6.5369,298.0,225.78,1.627,9.0,,23,,1.2893,0.19227,,,1.5535,0,,0,1,1,49,49,0,49.0,120180.0
150.4,75,100,75,0.0,67.466,38.1,1.0538,0,0.9,-4000,0.00037813,11.897,20.646,82168,90340.0,6.5615,297.92,194.22,1.6138,9.0,,23,,1.3208,0.19206,,,1.5409,0,,0,1,1,49,49,0,49.0,119270.0
150.6,75,100,75,0.51843,33.733,11.43,56.935,0,0.9,-4000,0.0004131,11.734,20.669,81484,89565.0,6.5649,298.0,225.46,1.6003,9.0,,23,,1.3592,0.1918,,,1.528,0,,0,1,1,49,49,0,49.0,120720.0
150.8,75,100,75,1.0391,16.866,36.441,5.6935,0,0.9,-4000,0.0004621,11.633,20.695,80797,88786.0,6.5586,297.94,205.81,1.5869,9.0,,23,,1.3658,0.19177,,,1.5151,0,,0,1,1,49,49,0,49.0,119670.0
151.0,75,100,75,1.56,8.4332,10.932,82.725,0,0.9,-4000,0.00047458,11.586,20.721,80108,88006.0,6.5475,298.1,264.1,1.5735,9.0,,23,,1.3653,0.1918,,,1.5022,0,,0,1,1,49,49,0,49.0,119630.0
151.2,75,100,75,0.0,0.0,61.591,8.2725,0,0.9,-4000,0.00048346,11.525,20.748,79417,87224.0,6.5334,298.04,242.3,1.5601,9.0,,23,,1.3723,0.19178,,,1.4894,0,,0,1,1,49,49,0,49.0,120760.0
151.4,75,100,75,0.0,0.0,44.319,0.82725,0,0.9,-4000,0.00049505,11.506,20.776,78727,86442.0,6.5197,297.98,218.71,1.5467,9.0,,23,,1.3625,0.19188,,,1.4765,0,,0,1,1,49,49,0,49.0,120880.0
151.6,75,100,75,0.0,0.0,24.662,0.082725,0,0.9,-4000,0.00053494,11.46,20.804,78036,85660.0,6.506,297.93,200.16,1.5333,9.0,,23,,1.3605,0.19192,,,1.4637,0,,0,1,1,49,49,0,49.0,120180.0
151.8,75,100,75,0.0,0.0,7.3985,38.487,0,0.9,-4000,0.00055043,11.438,20.832,77346,84878.0,6.4928,297.98,221.53,1.52,9.0,,23,,1.3555,0.19198,,,1.4509,0,,0,1,1,49,49,0,49.0,120980.0
152.0,75,100,75,0.0,3.3947,24.906,3.8487,0,0.9,-4000,0.00061574,11.391,20.862,76656,84096.0,6.4807,297.94,206.82,1.5066,9.0,,23,,1.3455,0.19208,,,1.4381,0,,0,1,1,49,49,0,49.0,121120.0
152.2,75,100,75,0.0,11.637,7.4717,62.366,0,0.9,0,0.0006478,11.387,20.892,76668,84117.0,6.4473,298.06,250.58,1.5026,9.0,,23,,1.3418,0.19212,,,1.4342,0,,0,1,1,49,49,0,49.0,120600.0
152.4,75,100,75,0.0,33.305,46.929,6.2366,0,0.9,0,0.00067288,11.435,20.922,76685,84142.0,6.4257,298.0,228.69,1.5025,9.0,,23,,1.3344,0.19218,,,1.4341,0,,0,1,1,49,49,0,49.0,121410.0
152.6,75,100,75,0.0,63.517,27.821,0.62366,0,0.9,0,0.00071404,11.509,20.951,76707,84173.0,6.418,297.94,206.44,1.5027,9.0,,23,,1.3115,0.19235,,,1.4343,0,,0,1,1,49,49,0,49.0,121040.0
152.8,75,100,75,0.0,96.811,8.3463,42.357,0,0.9,0,0.00073635,11.611,20.978,76736,84210.0,6.4254,298.0,226.03,1.5029,9.0,,23,,1.2826,0.19257,,,1.4345,0,,0,1,1,49,49,0,49.0,122000.0
153.0,75,100,75,0.0,127.11,25.134,4.2357,0,0.9,0,0.0007809,11.673,21.005,76772,84254.0,6.4447,297.94,203.93,1.5031,9.0,,23,,1.2697,0.19266,,,1.4348,0,,0,1,1,49,49,0,49.0,120470.0
153.2,75,100,75,0.0,149.7,7.5401,69.208,0,0.9,0,0.00075958,11.772,21.031,76811,84303.0,6.4705,298.05,243.88,1.5034,9.0,,23,,1.2427,0.19286,,,1.435,0,,0,1,1,49,49,0,49.0,120920.0
153.4,75,100,75,0.0,161.98,43.195,6.9208,0,0.9,0,0.00073022,11.828,21.054,76854,84353.0,6.4989,297.97,214.91,1.5036,9.0,,23,,1.2358,0.19292,,,1.4352,0,,0,1,1,49,49,0,49.0,121530.0
153.6,75,100,75,0.0,162.91,16.866,0.69208,0,0.9,0,0.00075552,11.812,21.079,76896,84404.0,6.5299,297.89,188.31,1.5038,9.0,,23,,1.2373,0.1929,,,1.4354,0,,0,1,1,49,49,0,49.0,122310.0
153.8,75,100,75,0.0,151.47,5.0599,39.985,0,0.9,0,0.00075632,11.764,21.104,76936,84453.0,6.5586,297.93,202.28,1.504,9.0,,23,,1.2515,0.1928,,,1.4356,0,,0,1,1,49,49,0,49.0,122260.0
154.0,75,100,75,0.51773,75.736,1.518,0.0001,0,0.9,0,0.00075051,11.5,21.134,76961,84486.0,6.5568,297.89,187.42,1.5042,9.0,,23,,1.3096,0.19236,,,1.4358,0,,0,1,1,49,49,0,49.0,122740.0
154.2,75,100,75,1.0393,37.868,0.45539,44.742,0,0.9,0,0.0007801,11.324,21.166,76979,84512.0,6.5307,297.97,217.35,1.5044,9.0,,23,,1.3653,0.19194,,,1.436,0,,0,1,1,49,49,0,49.0,122390.0
154.4,75,100,75,0.0,26.175,24.788,4.4742,0,0.9,0,0.00074854,11.307,21.199,76994,84535.0,6.5015,297.94,204.53,1.5046,9.0,,23,,1.3625,0.19196,,,1.4362,0,,0,1,1,49,49,0,49.0,122040.0
154.6,75,100,75,0.0,26.122,7.4365,67.882,0,0.9,0,0.00073987,11.304,21.231,77009,84559.0,6.4758,298.07,253.55,1.5048,9.0,,23,,1.3663,0.19193,,,1.4364,0,,0,1,1,49,49,0,49.0,123530.0
154.8,75,100,75,0.0,36.3,51.367,6.7882,0,0.9,0,0.00077003,11.308,21.263,77026,84584.0,6.4582,298.02,234.07,1.505,9.0,,23,,1.3704,0.1919,,,1.4366,0,,0,1,1,49,49,0,49.0,123180.0
155.0,75,100,75,0.0,53.496,34.795,0.67882,0,0.9,0,0.00082317,11.331,21.295,77046,84613.0,6.45,297.96,212.89,1.5052,9.0,,23,,1.3605,0.19197,,,1.4368,0,,0,1,1,49,49,0,49.0,123330.0
155.2,75,100,75,0.0,74.005,16.047,0.067882,0,0.9,0,0.00088678,11.332,21.328,77071,84646.0,6.4545,297.92,195.94,1.5055,9.0,,23,,1.3727,0.19188,,,1.437,0,,0,1,1,49,49,0,49.0,123150.0
155.4,75,100,75,0.0,92.674,4.8141,32.413,0,0.9,0,0.00088869,11.395,21.36,77099,84683.0,6.4682,297.95,210.29,1.5057,9.0,,23,,1.3584,0.19199,,,1.4373,0,,0,1,1,49,49,0,49.0,123140.0
155.6,75,100,75,0.0,105.9,15.419,3.2413,0,0.9,0,0.00089794,11.44,21.391,77130,84723.0,6.4847,297.91,193.99,1.506,9.0,,23,,1.3359,0.19216,,,1.4375,0,,0,1,1,49,49,0,49.0,122460.0
155.8,75,100,75,0.0,112.54,4.6258,56.415,0,0.9,0,0.00092474,11.428,21.424,77163,84764.0,6.503,298.01,229.15,1.5063,9.0,,23,,1.3466,0.19208,,,1.4378,0,,0,1,1,49,49,0,49.0,123610.0
156.0,75,100,75,0.0,111.87,34.484,5.6415,0,0.9,0,0.00093644,11.42,21.456,77195,84805.0,6.5172,297.95,210.17,1.5066,9.0,2135.1,23,2007.0,1.3398,0.19213,21.328,21.789,1.4381,0,73.722,0,1,1,49,49,0,49.0,123430.0
156.2,75,100,75,0.0,105.53,16.215,0.56415,0,0.9,0,0.00089725,11.434,21.488,77226,84844.0,6.5279,297.9,191.98,1.5068,9.0,,23,,1.3243,0.19224,,,1.4383,0,,0,1,1,49,49,0,49.0,124080.0
156.4,75,100,75,0.0,94.904,4.8645,37.208,0,0.9,0,0.00089572,11.403,21.521,77255,84882.0,6.5298,297.96,210.64,1.5071,9.0,,23,,1.324,0.19225,,,1.4386,0,,0,1,1,49,49,0,49.0,124230.0
156.6,75,100,75,0.0,83.531,19.097,3.7208,0,0.9,0,0.00091243,11.332,21.554,77281,84917.0,6.5273,297.92,195.86,1.5073,9.0,,23,,1.3541,0.19202,,,1.4388,0,,0,1,1,49,49,0,49.0,124060.0
156.8,75,100,75,0.0,73.126,5.729,60.718,0,0.9,0,0.00091571,11.293,21.589,77305,84950.0,6.519,298.03,237.5,1.5076,9.0,,23,,1.3621,0.19196,,,1.439,0,,0,1,1,49,49,0,49.0,123220.0
157.0,75,100,75,0.0,66.073,41.736,6.0718,0,0.9,0,0.00091528,11.269,21.623,77328,84981.0,6.5071,297.98,219.46,1.5078,9.0,,23,,1.3574,0.19199,,,1.4393,0,,0,1,1,49,49,0,49.0,124720.0
157.2,75,100,75,0.0,63.76,25.095,0.60718,0,0.9,0,0.00095856,11.232,21.659,77351,85012.0,6.4991,297.93,202.78,1.5081,9.0,,23,,1.3659,0.19193,,,1.4395,0,,0,1,1,49,49,0,49.0,124390.0
157.4,75,100,75,0.0,64.646,7.5286,39.639,0,0.9,0,0.00096521,11.214,21.694,77374,85044.0,6.4914,298.0,226.32,1.5083,9.0,,23,,1.3828,0.1918,,,1.4398,0,,0,1,1,49,49,0,49.0,124890.0
157.6,75,100,75,0.0,68.621,27.348,3.9639,0,0.9,0,0.00097846,11.221,21.73,77397,85076.0,6.4859,297.96,211.34,1.5086,9.0,,23,,1.3743,0.19186,,,1.44,0,,0,1,1,49,49,0,49.0,124230.0
157.8,75,100,75,0.0,74.763,12.811,0.39639,0,0.9,0,0.0010025,11.216,21.766,77422,85109.0,6.4843,297.92,197.27,1.5089,9.0,,23,,1.3797,0.19182,,,1.4403,0,,0,1,1,49,49,0,49.0,124400.0
158.0,75,100,75,0.0,81.535,3.8432,30.278,0,0.9,0,0.0010565,11.194,21.802,77448,85144.0,6.4875,297.96,213.25,1.5092,9.0,,23,,1.3872,0.19176,,,1.4406,0,,0,1,1,49,49,0,49.0,125740.0
158.2,75,100,75,0.0,87.034,15.983,3.0278,0,0.9,0,0.0010248,11.236,21.838,77475,85180.0,6.4929,297.93,199.68,1.5095,9.0,,23,,1.3753,0.19185,,,1.4408,0,,0,1,1,49,49,0,49.0,125570.0
158.4,75,100,75,0.0,90.4,4.7949,52.646,0,0.9,0,0.00099488,11.264,21.872,77503,85217.0,6.5001,298.02,233.49,1.5097,9.0,,23,,1.3733,0.19187,,,1.4411,0,,0,1,1,49,49,0,49.0,125570.0
158.6,75,100,75,0.0,90.877,33.771,5.2646,0,0.9,0,0.0010367,11.238,21.907,77531,85253.0,6.5048,297.97,215.33,1.51,9.0,,23,,1.3748,0.19186,,,1.4414,0,,0,1,1,49,49,0,49.0,124740.0
158.8,75,100,75,0.0,89.47,16.805,0.52646,0,0.9,0,0.0010648,11.212,21.943,77559,85290.0,6.5091,297.92,198.65,1.5103,9.0,,23,,1.3761,0.19185,,,1.4416,0,,0,1,1,49,49,0,49.0,126240.0
159.0,75,100,75,0.0,86.345,5.0415,33.476,0,0.9,0,0.0010639,11.186,21.979,77586,85325.0,6.5109,297.97,216.17,1.5106,9.0,,23,,1.3949,0.1917,,,1.4419,0,,0,1,1,49,49,0,49.0,125910.0
159.2,75,100,75,0.0,82.494,18.79,3.3476,0,0.9,0,0.0010646,11.16,22.015,77612,85360.0,6.5134,297.93,202.48,1.5109,9.0,,23,,1.4055,0.19162,,,1.4422,0,,0,1,1,49,49,0,49.0,126590.0
159.4,75,100,75,0.0,77.664,5.637,55.035,0,0.9,0,0.0010749,11.117,22.052,77637,85394.0,6.5131,298.03,240.23,1.5112,9.0,,23,,1.4241,0.19148,,,1.4425,0,,0,1,1,49,49,0,49.0,126430.0
159.6,75,100,75,0.0,72.965,38.502,5.5035,0,0.9,0,0.0010523,11.114,22.089,77661,85427.0,6.5056,297.98,221.18,1.5115,9.0,,23,,1.4229,0.19149,,,1.4428,0,,0,1,1,49,49,0,49.0,126100.0
159.8,75,100,75,0.0,71.264,21.341,0.55035,0,0.9,0,0.0010417,11.107,22.125,77685,85460.0,6.4969,297.94,203.56,1.5118,9.0,,23,,1.4246,0.19148,,,1.443,0,,0,1,1,49,49,0,49.0,126110.0
160.0,75,100,90,0.0,73.018,6.4023,35.5,0,0.9,0,0.0014259,10.915,22.168,77713,85497.0,6.4841,298.0,227.23,1.5122,10.0,,23,,1.4689,0.19114,,,1.4434,0,,0,1,1,49,49,0,49.0,126810.0
160.2,75,100,90,0.0,79.917,26.338,3.55,400,0.9,0,0.0014028,12.49,22.187,77822,85615.0,6.4694,297.91,192.41,1.5126,10.0,,23,,1.0702,0.19414,,,1.4439,0,,0,1,1,49,49,0,49.0,127570.0
160.4,75,100,90,0.0,92.682,7.9014,89.099,400,0.9,0,0.0014006,12.531,22.205,77933,85736.0,6.4623,298.04,242.22,1.5131,10.0,,23,,1.0457,0.19432,,,1.4443,0,,0,1,1,49,49,0,49.0,127830.0
160.6,75,100,90,0.0,108.26,51.226,8.9099,400,0.9,0,0.0014505,12.597,22.223,78048,85861.0,6.4614,297.93,202.21,1.5136,10.0,,23,,1.0096,0.19459,,,1.4448,0,,0,1,1,49,49,0,49.0,126750.0
160.8,75,100,90,0.0,124.22,15.368,130.3,400,0.9,0,0.0014093,12.693,22.239,78166,85988.0,6.4721,298.16,285.65,1.5141,10.0,,23,,0.98615,0.19477,,,1.4452,0,,0,1,1,49,49,0,49.0,127160.0
161.0,75,100,90,0.0,135.86,90.726,13.03,400,0.9,0,0.0013888,12.751,22.254,78286,86117.0,6.4876,298.01,232.8,1.5145,10.0,,23,,0.9824,0.1948,,,1.4457,0,,0,1,1,49,49,0,49.0,127400.0
161.2,75,100,90,0.0,141.33,46.158,1.303,400,0.9,0,0.0013775,12.789,22.268,78407,86248.0,6.5046,297.89,187.69,1.515,10.0,,23,,0.9747,0.19485,,,1.4461,0,,0,1,1,49,49,0,49.0,126970.0
161.4,75,100,90,0.0,139.99,13.847,68.065,400,0.9,0,0.0013311,12.829,22.282,78528,86378.0,6.522,297.97,215.98,1.5154,10.0,,23,,0.96803,0.1949,,,1.4465,0,,0,1,1,49,49,0,49.0,127870.0
161.6,75,100,90,0.0,131.7,36.802,6.8065,400,0.9,0,0.0013683,12.779,22.296,78647,86506.0,6.5377,297.87,178.86,1.5158,10.0,,23,,0.98865,0.19475,,,1.4469,0,,0,1,1,49,49,0,49.0,127440.0
161.8,75,100,90,0.0,117.13,11.041,111.08,400,0.9,0,0.0014197,12.711,22.312,78763,86632.0,6.5491,298.05,246.78,1.5163,10.0,,23,,1.0021,0.19465,,,1.4474,0,,0,1,1,49,49,0,49.0,127350.0
162.0,75,100,90,0.0,98.01,69.201,11.108,400,0.9,0,0.0014236,12.658,22.329,78876,86754.0,6.5521,297.92,197.87,1.5168,10.0,,23,,1.0241,0.19448,,,1.4478,0,,0,1,1,49,49,0,49.0,127930.0
162.2,75,100,90,0.52012,49.005,20.76,168.89,400,0.9,0,0.0014023,12.51,22.348,78978,86866.0,6.528,298.23,312.76,1.5172,10.0,,23,,1.0604,0.19421,,,1.4483,0,,0,1,1,49,49,0,49.0,128020.0
162.4,75,100,90,0.0,38.419,123.82,16.889,400,0.9,0,0.0013613,12.486,22.367,79079,86976.0,6.5002,298.05,244.87,1.5177,10.0,,23,,1.0857,0.19402,,,1.4487,0,,0,1,1,49,49,0,49.0,127950.0
162.6,75,100,90,0.0,38.863,68.041,1.6889,400,0.9,0,0.0013146,12.517,22.386,79179,87086.0,6.4734,297.9,189.79,1.5181,10.0,,23,,1.0871,0.194,,,1.4491,0,,0,1,1,49,49,0,49.0,127540.0
162.8,75,100,90,0.0,50.017,20.412,86.619,400,0.9,0,0.0012495,12.607,22.403,79282,87198.0,6.4569,298.01,231.36,1.5184,10.0,,23,,1.07,0.19413,,,1.4494,0,,0,1,1,49,49,0,49.0,127120.0
163.0,75,100,90,0.0,67.727,55.649,8.6619,400,0.9,0,0.0012306,12.695,22.418,79389,87313.0,6.4518,297.89,186.74,1.5188,10.0,,23,,1.0429,0.19433,,,1.4498,0,,0,1,1,49,49,0,49.0,128700.0
163.2,75,100,90,0.0,87.48,16.695,139.76,400,0.9,0,0.0012247,12.78,22.433,79499,87433.0,6.4573,298.13,278.04,1.5192,10.0,,23,,1.0186,0.19452,,,1.4501,0,,0,1,1,49,49,0,49.0,127940.0
163.4,75,100,90,0.0,105.04,96.484,13.976,400,0.9,0,0.0012275,12.86,22.446,79613,87556.0,6.4697,297.99,223.25,1.5195,10.0,,23,,0.99703,0.19468,,,1.4505,0,,0,1,1,49,49,0,49.0,127670.0
163.6,75,100,90,0.0,117.67,49.994,1.3976,400,0.9,0,0.0012898,12.881,22.46,79729,87681.0,6.485,297.87,176.07,1.5199,10.0,,23,,0.99066,0.19472,,,1.4508,0,,0,1,1,49,49,0,49.0,129400.0
163.8,75,100,90,0.0,124.19,14.998,78.036,400,0.9,0,0.0013299,12.909,22.474,79846,87808.0,6.5009,297.96,212.42,1.5203,10.0,,23,,0.97148,0.19487,,,1.4512,0,,0,1,1,49,49,0,49.0,128140.0
164.0,75,100,90,0.0,124.35,43.755,7.8036,400,0.9,0,0.0013563,12.895,22.488,79964,87935.0,6.5139,297.86,174.01,1.5207,10.0,,23,,0.98819,0.19474,,,1.4516,0,,0,1,1,49,49,0,49.0,128710.0
164.2,75,100,90,0.0,119.31,13.126,125.69,400,0.9,0,0.0013613,12.881,22.502,80081,88061.0,6.5221,298.07,254.22,1.5211,10.0,,23,,1.0018,0.19464,,,1.452,0,,0,1,1,49,49,0,49.0,128950.0
164.4,75,100,90,0.0,110.99,80.965,12.569,400,0.9,0,0.0013559,12.882,22.517,80196,88185.0,6.5269,297.94,203.59,1.5215,10.0,,23,,0.99515,0.19469,,,1.4524,0,,0,1,1,49,49,0,49.0,129180.0
164.6,75,100,90,0.0,100.76,24.289,185.47,400,0.9,0,0.0013733,12.84,22.533,80308,88307.0,6.5237,298.27,331.9,1.522,10.0,,23,,1.0105,0.19457,,,1.4528,0,,0,1,1,49,49,0,49.0,128260.0
164.8,75,100,90,0.0,91.847,138.31,18.547,400,0.9,0,0.0013904,12.815,22.549,80419,88428.0,6.5195,298.08,259.25,1.5224,10.0,,23,,1.0149,0.19454,,,1.4532,0,,0,1,1,49,49,0,49.0,127840.0
165.0,75,100,90,0.0,84.58,80.779,1.8547,400,0.9,0,0.0013779,12.802,22.566,80529,88547.0,6.5177,297.92,196.22,1.5228,10.0,,23,,1.024,0.19447,,,1.4536,0,,0,1,1,49,49,0,49.0,129250.0
165.2,75,100,90,0.0,78.019,24.234,98.803,400,0.9,0,0.0013825,12.793,22.582,80637,88665.0,6.5127,298.05,246.07,1.5232,10.0,,23,,1.0269,0.19445,,,1.454,0,,0,1,1,49,49,0,49.0,129500.0
165.4,75,100,90,0.0,73.472,67.07,9.8803,400,0.9,0,0.0013811,12.78,22.6,80745,88781.0,6.5041,297.92,197.24,1.5237,10.0,,23,,1.0379,0.19436,,,1.4545,0,,0,1,1,49,49,0,49.0,128590.0
165.6,75,100,90,0.0,72.351,20.121,152.96,400,0.9,0,0.001414,12.761,22.617,80852,88898.0,6.4939,298.18,298.15,1.5241,10.0,,23,,1.0537,0.19424,,,1.4549,0,,0,1,1,49,49,0,49.0,129010.0
165.8,75,100,90,0.0,75.311,108.26,15.296,400,0.9,0,0.0014257,12.759,22.635,80959,89015.0,6.4871,298.02,233.7,1.5246,10.0,,23,,1.0721,0.1941,,,1.4553,0,,0,1,1,49,49,0,49.0,128930.0
166.0,75,100,90,0.0,80.969,55.691,1.5296,400,0.9,0,0.001414,12.789,22.652,81068,89134.0,6.4851,297.88,182.0,1.525,10.0,,23,,1.0762,0.19407,,,1.4557,0,,0,1,1,49,49,0,49.0,130010.0
166.2,75,100,90,0.0,87.424,16.707,77.432,400,0.9,0,0.0014583,12.802,22.669,81178,89253.0,6.4838,297.97,215.97,1.5255,10.0,,23,,1.0755,0.19408,,,1.4562,0,,0,1,1,49,49,0,49.0,129760.0
166.4,75,100,90,0.0,94.432,43.543,7.7432,400,0.9,0,0.0014638,12.832,22.686,81290,89375.0,6.4863,297.86,173.95,1.5259,10.0,,23,,1.0761,0.19407,,,1.4566,0,,0,1,1,49,49,0,49.0,128510.0
166.6,75,100,90,0.0,100.43,13.063,125.37,400,0.9,0,0.0015438,12.823,22.703,81403,89497.0,6.4929,298.07,252.8,1.5264,10.0,,23,,1.084,0.19401,,,1.4571,0,,0,1,1,49,49,0,49.0,129930.0
166.8,75,100,90,0.0,103.79,78.661,12.537,400,0.9,0,0.0015313,12.863,22.72,81516,89620.0,6.5006,297.92,196.73,1.5269,10.0,,23,,1.0652,0.19415,,,1.4576,0,,0,1,1,49,49,0,49.0,129010.0
167.0,75,100,90,0.0,104.05,23.598,188.26,400,0.9,0,0.001511,12.884,22.736,81629,89743.0,6.5065,298.25,325.82,1.5274,10.0,,23,,1.0651,0.19415,,,1.458,0,,0,1,1,49,49,0,49.0,129920.0
167.2,75,100,90,0.0,101.98,135.92,18.826,400,0.9,0,0.0015385,12.881,22.753,81742,89866.0,6.5119,298.04,243.44,1.5279,10.0,,23,,1.0613,0.19418,,,1.4585,0,,0,1,1,49,49,0,49.0,130500.0
167.4,75,100,90,0.0,97.726,70.135,1.8826,400,0.9,0,0.0015369,12.875,22.77,81854,89988.0,6.5127,297.88,181.0,1.5284,10.0,,23,,1.0644,0.19415,,,1.459,0,,0,1,1,49,49,0,49.0,129420.0
167.6,75,100,90,0.0,93.168,21.04,88.948,400,0.9,0,0.0015929,12.852,22.788,81966,90109.0,6.5108,297.99,222.97,1.5289,10.0,,23,,1.0699,0.19411,,,1.4595,0,,0,1,1,49,49,0,49.0,129670.0
167.8,75,100,90,0.0,89.377,54.773,8.8948,400,0.9,0,0.0015135,12.901,22.805,82076,90229.0,6.5069,297.87,176.73,1.5294,10.0,,23,,1.052,0.19425,,,1.46,0,,0,1,1,49,49,0,49.0,131090.0
168.0,75,100,90,0.0,87.157,16.432,142.72,400,0.9,0,0.0015428,12.905,22.822,82186,90349.0,6.5007,298.11,269.7,1.5299,10.0,2275.5,23,2035.8,1.0429,0.19431,22.753,21.143,1.4604,0,69.669,0,1,1,49,49,0,49.0,129840.0
168.2,75,100,90,0.0,87.398,94.148,14.272,400,0.9,0,0.0015614,12.903,22.839,82296,90469.0,6.4956,297.96,211.28,1.5304,10.0,,23,,1.0494,0.19426,,,1.4609,0,,0,1,1,49,49,0,49.0,129590.0
168.4,75,100,90,0.0,89.689,45.164,1.4272,400,0.9,0,0.0015633,12.913,22.856,82406,90589.0,6.493,297.84,162.8,1.5309,10.0,,23,,1.0585,0.19419,,,1.4614,0,,0,1,1,49,49,0,49.0,130840.0
168.6,75,100,90,0.0,93.02,13.549,77.741,400,0.9,0,0.0015575,12.937,22.873,82518,90710.0,6.4928,297.93,198.39,1.5314,10.0,,23,,1.0639,0.19415,,,1.4619,0,,0,1,1,49,49,0,49.0,130250.0
168.8,75,100,90,0.0,96.398,4.0647,0.0001,400,0.9,0,0.0015724,12.945,22.889,82629,90832.0,6.4942,297.85,167.79,1.5319,10.0,,23,,1.0735,0.19408,,,1.4624,0,,0,1,1,49,49,0,49.0,130170.0
169.0,75,100,90,0.0,99.232,1.2194,80.103,400,0.9,0,0.0015454,12.98,22.905,82742,90954.0,6.4957,297.96,211.17,1.5324,10.0,,23,,1.0698,0.19411,,,1.4628,0,,0,1,1,49,49,0,49.0,130080.0
169.2,75,100,90,0.0,101.46,33.984,8.0103,400,0.9,0,0.0015291,13.014,22.92,82854,91077.0,6.4956,297.86,173.22,1.5329,10.0,,23,,1.0586,0.19419,,,1.4633,0,,0,1,1,49,49,0,49.0,130650.0
169.4,75,100,90,0.0,103.75,10.195,117.61,400,0.9,0,0.0015641,13.006,22.935,82968,91200.0,6.497,298.05,245.94,1.5334,10.0,,23,,1.0731,0.19408,,,1.4638,0,,0,1,1,49,49,0,49.0,130730.0
169.6,75,100,90,0.0,105.46,69.044,11.761,400,0.9,0,0.001563,13.023,22.951,83081,91323.0,6.4982,297.92,194.46,1.5339,10.0,,23,,1.072,0.19409,,,1.4642,0,,0,1,1,49,49,0,49.0,131470.0
169.8,75,100,90,0.0,106.7,20.713,170.5,400,0.9,0,0.001598,13.024,22.966,83195,91447.0,6.5007,298.21,309.64,1.5344,10.0,,23,,1.0757,0.19406,,,1.4647,0,,0,1,1,49,49,0,49.0,130710.0
170.0,75,100,90,0.0,106.94,118.52,17.05,400,0.9,0,0.0015666,13.049,22.981,83309,91570.0,6.5047,298.04,241.89,1.5348,10.0,,23,,1.0703,0.1941,,,1.4652,0,,0,1,1,49,49,0,49.0,131290.0
170.2,75,100,90,0.0,105.59,65.358,1.705,150,0.9,-4000,0.0015797,12.208,23.01,82673,90844.0,6.5345,297.91,191.47,1.527,10.0,,23,,1.3005,0.19238,,,1.4576,0,,0,1,1,49,49,0,49.0,131760.0
170.4,75,100,90,0.0,92.225,19.607,79.137,150,0.9,-4000,0.0015566,12.187,23.039,82035,90114.0,6.5594,298.01,232.32,1.5151,10.0,,23,,1.3194,0.19226,,,1.4463,0,,0,1,1,49,49,0,49.0,132060.0
170.6,75,100,90,0.51818,46.113,52.93,7.9137,150,0.9,-4000,0.0015823,12.009,23.071,81387,89376.0,6.5579,297.92,197.04,1.503,10.0,,23,,1.3688,0.19192,,,1.4346,0,,0,1,1,49,49,0,49.0,130880.0
170.8,75,100,90,1.0395,23.056,15.879,121.48,150,0.9,-4000,0.0016425,11.924,23.104,80735,88633.0,6.5424,298.15,283.8,1.4908,10.0,,23,,1.3729,0.19191,,,1.423,0,,0,1,1,49,49,0,49.0,130710.0
171.0,75,100,90,0.0,6.6434,90.884,12.148,150,0.9,-4000,0.0016333,11.881,23.138,80080,87887.0,6.5182,298.03,238.78,1.4787,10.0,,23,,1.3633,0.192,,,1.4113,0,,0,1,1,49,49,0,49.0,132370.0
171.2,75,100,90,0.0,0.0,54.291,1.2148,150,0.9,-4000,0.001579,11.893,23.17,79424,87139.0,6.4918,297.93,200.26,1.4665,10.0,,23,,1.3404,0.1922,,,1.3997,0,,0,1,1,49,49,0,49.0,131860.0
171.4,75,100,90,0.0,3.8202,16.287,69.691,150,0.9,-4000,0.0016613,11.86,23.204,78768,86392.0,6.4689,298.04,241.73,1.4544,10.0,,23,,1.3425,0.19221,,,1.3881,0,,0,1,1,49,49,0,49.0,132350.0
171.6,75,100,90,0.0,16.761,52.175,6.9691,150,0.9,-4000,0.0016879,11.895,23.236,78115,85648.0,6.4561,297.95,208.75,1.4423,10.0,,23,,1.3182,0.19242,,,1.3764,0,,0,1,1,49,49,0,49.0,131840.0
171.8,75,100,90,0.0,34.803,15.653,116.0,150,0.9,-4000,0.0016993,11.962,23.267,77465,84907.0,6.4563,298.17,289.41,1.4302,10.0,,23,,1.2836,0.1927,,,1.3648,0,,0,1,1,49,49,0,49.0,132650.0
172.0,75,100,90,0.0,52.748,89.249,11.6,150,0.9,-4000,0.0016779,12.032,23.296,76820,84170.0,6.4712,298.04,242.23,1.4181,10.0,,23,,1.2534,0.19295,,,1.3532,0,,0,1,1,49,49,0,49.0,132960.0
172.2,75,100,90,0.0,64.73,49.75,1.16,150,0.9,0,0.0017542,12.041,23.325,76876,84235.0,6.4666,297.93,202.43,1.4146,10.0,,23,,1.2425,0.19304,,,1.3499,0,,0,1,1,49,49,0,49.0,131600.0
172.4,75,100,90,0.0,78.68,14.925,64.154,150,0.9,0,0.0017862,12.064,23.354,76935,84304.0,6.4666,298.02,234.24,1.4149,10.0,,23,,1.2456,0.19302,,,1.3502,0,,0,1,1,49,49,0,49.0,132570.0
172.6,75,100,90,0.0,92.543,42.962,6.4154,150,0.9,0,0.001777,12.109,23.382,76996,84375.0,6.4738,297.92,199.88,1.4154,10.0,,23,,1.2421,0.19304,,,1.3507,0,,0,1,1,49,49,0,49.0,133200.0
172.8,75,100,90,0.0,103.53,12.889,107.85,150,0.9,0,0.0018115,12.153,23.409,77060,84448.0,6.4851,298.11,270.17,1.416,10.0,,23,,1.2124,0.19326,,,1.3512,0,,0,1,1,49,49,0,49.0,132670.0
173.0,75,100,90,0.0,109.98,76.548,10.785,150,0.9,0,0.0017948,12.2,23.436,77125,84522.0,6.5011,297.98,222.01,1.4165,10.0,,23,,1.1852,0.19347,,,1.3518,0,,0,1,1,49,49,0,49.0,132460.0
173.2,75,100,90,0.0,110.06,34.353,1.0785,150,0.9,0,0.0017479,12.212,23.462,77190,84597.0,6.5165,297.88,184.64,1.4171,10.0,,23,,1.1827,0.19348,,,1.3523,0,,0,1,1,49,49,0,49.0,133420.0
173.4,75,100,90,0.0,103.99,10.306,55.568,150,0.9,0,0.0017332,12.222,23.488,77254,84670.0,6.5278,297.95,208.23,1.4176,10.0,,23,,1.164,0.19362,,,1.3528,0,,0,1,1,49,49,0,49.0,133050.0
173.6,75,100,90,0.0,93.386,3.0918,0.0001,150,0.9,0,0.0017521,12.168,23.515,77315,84741.0,6.5343,297.89,185.76,1.4181,10.0,,23,,1.1841,0.19347,,,1.3533,0,,0,1,1,49,49,0,49.0,132510.0
173.8,75,100,90,0.0,80.191,0.92753,60.154,150,0.9,0,0.0017794,12.123,23.543,77374,84810.0,6.5351,297.98,220.18,1.4187,10.0,,23,,1.19,0.19343,,,1.3538,0,,0,1,1,49,49,0,49.0,133970.0
174.0,75,100,90,0.0,66.683,29.19,6.0154,150,0.9,0,0.0017758,12.073,23.572,77431,84876.0,6.5304,297.91,193.6,1.4192,10.0,,23,,1.2072,0.1933,,,1.3543,0,,0,1,1,49,49,0,49.0,133280.0
174.2,75,100,90,0.0,55.077,8.7569,92.593,150,0.9,0,0.0017577,12.045,23.601,77484,84940.0,6.5171,298.07,255.71,1.4198,10.0,,23,,1.2117,0.19326,,,1.3549,0,,0,1,1,49,49,0,49.0,133590.0
174.4,75,100,90,0.0,48.776,63.625,9.2593,150,0.9,0,0.0017387,12.03,23.631,77537,85002.0,6.5009,297.97,217.75,1.4203,10.0,,23,,1.2084,0.19329,,,1.3554,0,,0,1,1,49,49,0,49.0,134390.0
174.6,75,100,90,0.0,48.949,29.85,0.92593,150,0.9,0,0.0017872,11.991,23.661,77590,85064.0,6.4859,297.89,187.87,1.4209,10.0,,23,,1.2334,0.1931,,,1.3559,0,,0,1,1,49,49,0,49.0,133700.0
174.8,75,100,90,0.0,55.099,8.9549,50.093,150,0.9,0,0.0017967,12.011,23.69,77644,85128.0,6.476,297.96,212.03,1.4214,10.0,,23,,1.2308,0.19311,,,1.3565,0,,0,1,1,49,49,0,49.0,135180.0
175.0,75,100,90,0.0,65.199,27.939,5.0093,150,0.9,0,0.0018571,12.011,23.719,77700,85194.0,6.4732,297.89,185.89,1.422,10.0,,23,,1.2379,0.19306,,,1.357,0,,0,1,1,49,49,0,49.0,135150.0
175.2,75,100,90,0.0,76.41,8.3816,88.026,150,0.9,0,0.0018422,12.053,23.748,77758,85262.0,6.4776,298.04,243.22,1.4226,10.0,,23,,1.2316,0.19311,,,1.3576,0,,0,1,1,49,49,0,49.0,134790.0
175.4,75,100,90,0.0,85.863,57.827,8.8026,150,0.9,0,0.0018152,12.072,23.775,77818,85332.0,6.4886,297.94,205.12,1.4232,10.0,,23,,1.2481,0.19298,,,1.3582,0,,0,1,1,49,49,0,49.0,135080.0
175.6,75,100,90,0.0,90.908,17.348,139.44,150,0.9,0,0.0017734,12.112,23.802,77879,85402.0,6.4995,298.2,302.19,1.4238,10.0,,23,,1.2367,0.19307,,,1.3587,0,,0,1,1,49,49,0,49.0,135880.0
175.8,75,100,90,0.0,91.645,105.7,13.944,150,0.9,0,0.0017291,12.133,23.828,77941,85473.0,6.5114,298.04,243.29,1.4243,10.0,,23,,1.2345,0.19308,,,1.3592,0,,0,1,1,49,49,0,49.0,135500.0
176.0,75,100,90,0.0,87.61,56.693,1.3944,150,0.9,0,0.0016444,12.16,23.853,78001,85543.0,6.5201,297.91,195.36,1.4249,10.0,,23,,1.2284,0.19313,,,1.3597,0,,0,1,1,49,49,0,49.0,135290.0
176.2,75,100,90,0.0,80.1,17.008,73.284,150,0.9,0,0.0015584,12.164,23.879,78060,85611.0,6.5261,298.01,231.58,1.4253,10.0,,23,,1.2364,0.19306,,,1.3602,0,,0,1,1,49,49,0,49.0,136080.0
176.4,75,100,90,0.0,70.175,48.148,7.3284,150,0.9,0,0.0015014,12.164,23.904,78117,85678.0,6.5267,297.91,193.01,1.4258,10.0,,23,,1.2303,0.19311,,,1.3606,0,,0,1,1,49,49,0,49.0,134860.0
176.6,75,100,90,0.0,60.022,14.445,122.16,150,0.9,0,0.0014968,12.135,23.93,78172,85742.0,6.5202,298.13,275.2,1.4262,10.0,,23,,1.2347,0.19308,,,1.361,0,,0,1,1,49,49,0,49.0,136150.0
176.8,75,100,90,0.0,52.479,87.529,12.216,150,0.9,0,0.0015115,12.09,23.956,78225,85804.0,6.5101,297.98,222.4,1.4266,10.0,,23,,1.2583,0.1929,,,1.3614,0,,0,1,1,49,49,0,49.0,135780.0
177.0,75,100,90,0.0,48.98,41.924,1.2216,150,0.9,0,0.00153,12.065,23.983,78278,85866.0,6.4989,297.88,184.18,1.427,10.0,,23,,1.2651,0.19285,,,1.3618,0,,0,1,1,49,49,0,49.0,135080.0
177.2,75,100,90,0.0,49.96,12.577,60.739,150,0.9,0,0.0015555,12.049,24.01,78331,85929.0,6.4889,297.96,214.09,1.4275,10.0,,23,,1.277,0.19276,,,1.3623,0,,0,1,1,49,49,0,49.0,135370.0
177.4,75,100,90,0.0,54.903,36.479,6.0739,150,0.9,0,0.0015495,12.071,24.037,78385,85992.0,6.4831,297.88,182.57,1.4279,10.0,,23,,1.2733,0.19278,,,1.3627,0,,0,1,1,49,49,0,49.0,135830.0
177.6,75,100,90,0.0,62.186,10.944,105.95,150,0.9,0,0.0014816,12.121,24.062,78440,86056.0,6.4826,298.06,252.04,1.4284,10.0,,23,,1.2753,0.19277,,,1.3631,0,,0,1,1,49,49,0,49.0,135450.0
177.8,75,100,90,0.0,69.644,70.884,10.595,150,0.9,0,0.0015791,12.125,24.087,78497,86123.0,6.4857,297.94,206.36,1.4288,10.0,,23,,1.2749,0.19277,,,1.3635,0,,0,1,1,49,49,0,49.0,137240.0
178.0,75,100,90,0.0,75.861,21.265,165.27,150,0.9,0,0.031636,13.448,24.095,78555,86190.0,6.5057,298.25,320.91,1.4291,10.0,,23,,1.0779,0.19425,,,1.3638,0,,0,1,1,49,49,0,49.0,135610.0
178.2,75,100,90,0.0,74.045,125.16,16.527,150,0.9,0,0.14451,13.482,24.065,78612,86257.0,6.554,298.06,250.13,1.4288,10.0,,23,,0.87634,0.19576,,,1.3635,0,,0,1,1,49,49,0,49.0,135790.0
178.4,75,100,90,0.51466,37.023,67.199,1.6527,150,0.9,0,0.26673,13.336,24.037,78663,86316.0,6.5768,297.91,193.69,1.4283,10.0,,23,,0.9189,0.19544,,,1.3631,0,,0,1,1,49,49,0,49.0,136150.0
178.6,75,100,90,1.034,18.511,20.16,83.427,150,0.9,0,0.39272,13.276,24.011,78709,86373.0,6.5812,298.01,233.42,1.4279,10.0,,23,,0.93859,0.1953,,,1.3626,0,,0,1,1,49,49,0,49.0,136350.0
178.8,75,100,90,1.5545,9.2557,54.259,8.3427,150,0.9,0,0.52321,13.247,23.985,78754,86427.0,6.5755,297.9,189.48,1.4274,10.0,,23,,0.94945,0.19522,,,1.3622,0,,0,1,1,49,49,0,49.0,135720.0
179.0,75,100,90,2.0753,4.6278,16.278,136.14,150,0.9,0,0.65741,13.23,23.959,78799,86481.0,6.565,298.13,278.91,1.427,10.0,,23,,0.96095,0.19513,,,1.3617,0,,0,1,1,49,49,0,49.0,135420.0
179.2,75,100,90,2.5963,2.3139,95.156,13.614,150,0.9,0,0.7933,13.213,23.933,78842,86534.0,6.5521,297.98,221.04,1.4265,10.0,,23,,0.97721,0.19501,,,1.3613,0,,0,1,1,49,49,0,49.0,135130.0
179.4,75,100,90,3.1174,1.157,45.497,1.3614,150,0.9,0,0.93091,13.22,23.908,78886,86587.0,6.5383,297.86,174.31,1.426,10.0,,23,,0.97058,0.19506,,,1.3609,0,,0,1,1,49,49,0,49.0,135500.0
179.6,75,100,90,0.0,0.0,13.649,72.808,150,0.9,0,1.0695,13.202,23.883,78929,86640.0,6.5271,297.95,207.93,1.4256,10.0,,23,,0.98071,0.19498,,,1.3604,0,,0,1,1,49,49,0,49.0,134540.0
179.8,75,100,90,0.0,0.0,4.0948,0.0001,150,0.9,0,1.2096,13.2,23.858,78972,86692.0,6.5164,297.87,180.11,1.4251,10.0,,23,,0.98601,0.19495,,,1.36,0,,0,1,1,49,49,0,49.0,134240.0
180.0,75,100,75,0.0,0.0,1.2284,73.889,150,0.9,0,1.3273,13.148,23.833,79012,86741.0,6.5063,297.98,220.83,1.4246,10.0,2481.9,23,2105.1,1.0029,0.19482,23.933,20.761,1.3595,0,67.535,0,1,1,49,49,0,49.0,135120.0
180.2,75,100,75,0.0,0.0,34.189,7.3889,150,0.9,0,1.4455,13.145,23.809,79051,86789.0,6.4966,297.89,185.71,1.4242,10.0,,23,,1.0099,0.19477,,,1.3591,0,,0,1,1,49,49,0,49.0,134830.0
180.4,75,100,75,0.0,1.881,10.257,111.46,150,0.9,0,1.5629,13.16,23.785,79092,86838.0,6.4889,298.07,255.85,1.4237,10.0,,23,,1.0021,0.19483,,,1.3586,0,,0,1,1,49,49,0,49.0,134710.0
180.6,75,100,75,0.0,6.8539,70.711,11.146,150,0.9,0,1.6785,13.179,23.76,79133,86888.0,6.4854,297.94,207.25,1.4232,10.0,,23,,0.99556,0.19488,,,1.3582,0,,0,1,1,49,49,0,49.0,135250.0
180.8,75,100,75,0.0,13.186,21.213,166.65,150,0.9,0,1.7943,13.209,23.735,79175,86939.0,6.4871,298.25,321.41,1.4227,10.0,,23,,0.98404,0.19497,,,1.3577,0,,0,1,1,49,49,0,49.0,133460.0
181.0,75,100,75,0.0,18.858,124.12,16.665,150,0.9,0,1.9105,13.226,23.709,79219,86991.0,6.4927,298.06,250.17,1.4223,10.0,,23,,0.98153,0.19499,,,1.3573,0,,0,1,1,49,49,0,49.0,133660.0
181.2,75,100,75,0.0,22.296,66.215,1.6665,150,0.9,0,2.0256,13.233,23.684,79263,87044.0,6.5014,297.91,192.36,1.4218,10.0,,23,,0.98454,0.19496,,,1.3568,0,,0,1,1,49,49,0,49.0,134700.0
181.4,75,100,75,0.0,22.245,19.864,83.845,150,0.9,0,2.1412,13.235,23.659,79307,87097.0,6.5107,298.01,232.11,1.4213,10.0,,23,,0.98486,0.19496,,,1.3563,0,,0,1,1,49,49,0,49.0,134240.0
181.6,75,100,75,0.0,18.501,53.631,8.3845,150,0.9,0,2.2585,13.209,23.633,79351,87149.0,6.5148,297.89,185.5,1.4208,10.0,,23,,1.0048,0.19481,,,1.3559,0,,0,1,1,49,49,0,49.0,133780.0
181.8,75,100,75,0.0,13.098,16.089,139.17,150,0.9,0,2.3733,13.196,23.609,79393,87200.0,6.5147,298.13,276.97,1.4204,10.0,,23,,1.0078,0.19479,,,1.3554,0,,0,1,1,49,49,0,49.0,134490.0
182.0,75,100,75,0.0,7.7367,95.921,13.917,150,0.9,0,2.4892,13.18,23.584,79434,87249.0,6.5105,297.96,213.29,1.4199,10.0,,23,,1.0127,0.19476,,,1.355,0,,0,1,1,49,49,0,49.0,133700.0
182.2,75,100,75,0.0,4.0584,41.095,1.3917,150,0.9,0,2.603,13.166,23.56,79475,87299.0,6.5038,297.84,167.3,1.4194,10.0,,23,,1.0196,0.19471,,,1.3545,0,,0,1,1,49,49,0,49.0,133410.0
182.4,75,100,75,0.0,3.0623,12.329,67.525,150,0.9,0,2.7169,13.155,23.536,79515,87347.0,6.4967,297.92,196.3,1.4189,10.0,,23,,1.0324,0.19461,,,1.354,0,,0,1,1,49,49,0,49.0,133290.0
182.6,75,100,75,0.0,4.9179,3.6986,0.0001,150,0.9,0,2.8291,13.168,23.512,79556,87397.0,6.4913,297.84,168.67,1.4184,10.0,,23,,1.026,0.19466,,,1.3536,0,,0,1,1,49,49,0,49.0,133000.0
182.8,75,100,75,0.0,8.9162,1.1096,75.86,150,0.9,0,2.9419,13.189,23.488,79598,87447.0,6.489,297.96,211.23,1.4179,10.0,,23,,1.0153,0.19474,,,1.3531,0,,0,1,1,49,49,0,49.0,133210.0
183.0,75,100,75,0.0,13.82,34.363,7.586,150,0.9,0,3.054,13.188,23.463,79640,87498.0,6.4902,297.86,174.93,1.4175,10.0,,23,,1.0321,0.19462,,,1.3526,0,,0,1,1,49,49,0,49.0,133750.0
183.2,75,100,75,0.0,18.23,10.309,118.92,150,0.9,0,3.1671,13.214,23.438,79684,87549.0,6.4951,298.06,251.6,1.417,10.0,,23,,1.0196,0.19471,,,1.3522,0,,0,1,1,49,49,0,49.0,132630.0
183.4,75,100,75,0.0,20.712,75.207,11.892,150,0.9,0,3.2792,13.223,23.413,79728,87602.0,6.5022,297.92,198.33,1.4165,10.0,,23,,1.0178,0.19472,,,1.3517,0,,0,1,1,49,49,0,49.0,133340.0
183.6,75,100,75,0.0,20.36,22.562,183.15,150,0.9,0,3.3909,13.226,23.388,79771,87654.0,6.5082,298.26,326.55,1.416,10.0,,23,,1.0161,0.19474,,,1.3512,0,,0,1,1,49,49,0,49.0,132710.0
183.8,75,100,75,0.0,17.598,136.67,18.315,150,0.9,0,3.5055,13.219,23.363,79815,87706.0,6.5115,298.07,253.7,1.4155,10.0,,23,,1.0175,0.19473,,,1.3508,0,,0,1,1,49,49,0,49.0,133580.0
184.0,75,100,75,0.0,13.511,77.942,1.8315,150,0.9,0,3.6199,13.22,23.339,79857,87757.0,6.511,297.91,191.95,1.415,10.0,,23,,1.0053,0.19482,,,1.3503,0,,0,1,1,49,49,0,49.0,131960.0
184.2,75,100,75,0.0,9.6272,23.383,97.733,150,0.9,0,3.7335,13.2,23.315,79899,87807.0,6.508,298.04,242.93,1.4145,10.0,,23,,1.0188,0.19472,,,1.3498,0,,0,1,1,49,49,0,49.0,133340.0
184.4,75,100,75,0.0,6.974,67.087,9.7733,150,0.9,0,3.8501,13.191,23.291,79940,87857.0,6.5028,297.91,193.48,1.414,10.0,,23,,1.0241,0.19468,,,1.3493,0,,0,1,1,49,49,0,49.0,131550.0
184.6,75,100,75,0.0,6.3787,20.126,157.47,150,0.9,0,3.9674,13.193,23.267,79981,87906.0,6.4977,298.19,300.42,1.4135,10.0,,23,,1.0239,0.19468,,,1.3489,0,,0,1,1,49,49,0,49.0,132260.0
184.8,75,100,75,0.0,7.8217,114.2,15.747,150,0.9,0,4.0852,13.191,23.242,80022,87956.0,6.4934,298.02,235.46,1.413,10.0,,23,,1.0311,0.19463,,,1.3484,0,,0,1,1,49,49,0,49.0,131470.0
185.0,75,100,75,0.0,10.987,60.584,1.5747,150,0.9,0,4.2008,13.2,23.218,80064,88007.0,6.4914,297.88,182.86,1.4125,10.0,,23,,1.0323,0.19462,,,1.3479,0,,0,1,1,49,49,0,49.0,131350.0
185.2,75,100,75,0.0,14.937,18.175,83.053,150,0.9,0,4.3169,13.206,23.194,80107,88058.0,6.4925,297.99,223.31,1.412,10.0,,23,,1.0402,0.19457,,,1.3474,0,,0,1,1,49,49,0,49.0,132230.0
185.4,75,100,75,0.0,18.445,51.207,8.3053,150,0.9,0,4.4327,13.224,23.169,80150,88110.0,6.4957,297.87,179.14,1.4115,10.0,,23,,1.0317,0.19463,,,1.3469,0,,0,1,1,49,49,0,49.0,132110.0
185.6,75,100,75,0.0,20.658,15.362,137.83,150,0.9,0,4.5492,13.243,23.145,80194,88162.0,6.5009,298.11,270.53,1.411,10.0,,23,,1.0189,0.19473,,,1.3465,0,,0,1,1,49,49,0,49.0,131150.0
185.8,75,100,75,0.0,20.812,93.688,13.783,150,0.9,0,4.6663,13.263,23.12,80238,88215.0,6.5063,297.96,211.84,1.4105,10.0,,23,,0.99786,0.19489,,,1.346,0,,0,1,1,49,49,0,49.0,132020.0
186.0,75,100,75,0.0,18.804,43.237,1.3783,150,0.9,0,4.7829,13.25,23.096,80281,88267.0,6.5099,297.84,167.17,1.41,10.0,,23,,1.0064,0.19482,,,1.3455,0,,0,1,1,49,49,0,49.0,131900.0
186.2,75,100,75,0.0,15.354,12.971,71.744,150,0.9,0,4.8971,13.253,23.072,80324,88318.0,6.5106,297.93,200.33,1.4095,10.0,,23,,0.99585,0.1949,,,1.345,0,,0,1,1,49,49,0,49.0,131110.0
186.4,75,100,75,0.0,11.652,3.8913,0.0001,150,0.9,0,5.0112,13.237,23.048,80366,88369.0,6.5086,297.85,172.56,1.409,10.0,,23,,1.0046,0.19484,,,1.3445,0,,0,1,1,49,49,0,49.0,131490.0
186.6,75,100,75,0.0,8.7507,1.1674,76.213,150,0.9,0,5.1265,13.229,23.024,80408,88419.0,6.5049,297.97,215.27,1.4085,10.0,,23,,1.008,0.19481,,,1.344,0,,0,1,1,49,49,0,49.0,130710.0
186.8,75,100,75,0.0,7.3235,34.621,7.6213,150,0.9,0,5.2444,13.238,23.001,80449,88469.0,6.5005,297.88,180.73,1.408,10.0,,23,,0.99643,0.1949,,,1.3435,0,,0,1,1,49,49,0,49.0,131590.0
187.0,75,100,75,0.0,7.6412,10.386,114.13,150,0.9,0,5.3613,13.235,22.977,80490,88519.0,6.4965,298.07,253.4,1.4074,10.0,,23,,1.002,0.19486,,,1.343,0,,0,1,1,49,49,0,49.0,130470.0
187.2,75,100,75,0.0,9.5501,71.617,11.413,150,0.9,0,5.4801,13.247,22.953,80532,88569.0,6.4947,297.94,204.55,1.4069,10.0,,23,,0.99599,0.19491,,,1.3426,0,,0,1,1,49,49,0,49.0,131180.0
187.4,75,100,75,0.0,12.183,21.485,169.31,150,0.9,0,5.5994,13.264,22.929,80574,88620.0,6.4951,298.24,321.34,1.4064,10.0,,23,,0.98806,0.19497,,,1.3421,0,,0,1,1,49,49,0,49.0,130060.0
187.6,75,100,75,0.0,14.639,124.79,16.931,150,0.9,0,5.7186,13.294,22.905,80616,88671.0,6.4975,298.06,250.73,1.4059,10.0,,23,,0.96165,0.19517,,,1.3416,0,,0,1,1,49,49,0,49.0,130270.0
187.8,75,100,75,0.0,16.155,68.326,1.6931,150,0.9,0,5.8374,13.301,22.881,80659,88723.0,6.5015,297.91,193.78,1.4054,10.0,,23,,0.95654,0.19521,,,1.3411,0,,0,1,1,49,49,0,49.0,129820.0
188.0,75,100,75,0.0,16.06,20.498,84.741,150,0.9,0,5.9563,13.3,22.857,80702,88774.0,6.5053,298.02,234.82,1.4049,10.0,,23,,0.95918,0.19519,,,1.3406,0,,0,1,1,49,49,0,49.0,129200.0
188.2,75,100,75,0.0,14.467,54.98,8.4741,150,0.9,0,6.0761,13.308,22.834,80745,88826.0,6.5083,297.9,191.42,1.4043,10.0,,23,,0.94835,0.19527,,,1.3401,0,,0,1,1,49,49,0,49.0,129580.0
188.4,75,100,75,0.0,11.668,16.494,134.47,150,0.9,0,6.1977,13.286,22.81,80787,88877.0,6.5096,298.13,279.29,1.4038,10.0,,23,,0.96629,0.19514,,,1.3396,0,,0,1,1,49,49,0,49.0,130290.0
188.6,75,100,75,0.0,8.3541,92.312,13.447,150,0.9,0,6.3205,13.282,22.786,80828,88927.0,6.508,297.98,220.21,1.4033,10.0,,23,,0.96456,0.19515,,,1.3391,0,,0,1,1,49,49,0,49.0,128840.0
188.8,75,100,75,0.0,5.6906,42.766,1.3447,150,0.9,0,6.4427,13.286,22.763,80869,88977.0,6.504,297.86,174.99,1.4028,10.0,,23,,0.95418,0.19523,,,1.3386,0,,0,1,1,49,49,0,49.0,130390.0
189.0,75,100,75,0.0,4.6285,12.83,67.232,150,0.9,0,6.5654,13.297,22.74,80909,89026.0,6.4991,297.94,204.01,1.4022,10.0,,23,,0.94028,0.19533,,,1.3381,0,,0,1,1,49,49,0,49.0,129270.0
189.2,75,100,75,0.0,5.5005,3.8489,0.0001,150,0.9,0,6.6891,13.296,22.717,80950,89076.0,6.4952,297.86,176.11,1.4017,10.0,,23,,0.94505,0.1953,,,1.3376,0,,0,1,1,49,49,0,49.0,129150.0
189.4,75,100,75,0.0,7.9379,1.1547,71.281,150,0.9,0,6.8149,13.306,22.694,80991,89126.0,6.4937,297.96,214.18,1.4012,10.0,,23,,0.94359,0.19531,,,1.3371,0,,0,1,1,49,49,0,49.0,128540.0
189.6,75,100,75,0.0,10.96,30.59,7.1281,150,0.9,0,6.9389,13.316,22.67,81033,89177.0,6.4955,297.88,180.3,1.4007,10.0,,23,,0.94201,0.19532,,,1.3365,0,,0,1,1,49,49,0,49.0,128590.0
189.8,75,100,75,0.0,13.286,9.177,106.3,150,0.9,0,7.0613,13.322,22.647,81076,89228.0,6.4989,298.05,246.2,1.4001,10.0,,23,,0.9442,0.19531,,,1.336,0,,0,1,1,49,49,0,49.0,128630.0
190.0,75,100,75,0.0,14.221,63.894,10.63,150,0.9,0,7.1828,13.328,22.623,81118,89280.0,6.5031,297.92,199.24,1.3996,10.0,,23,,0.9425,0.19532,,,1.3355,0,,0,1,1,49,49,0,49.0,128350.0
190.2,75,100,75,0.0,13.487,19.168,157.85,150,0.9,-4000,7.3068,13.332,22.6,80460,88531.0,6.5358,298.2,306.59,1.3911,10.0,,23,,0.92867,0.19544,,,1.3274,0,,0,1,1,49,49,0,49.0,128060.0
190.4,75,100,75,0.0,0.0,113.25,15.785,150,0.9,-4000,7.435,13.293,22.577,79800,87780.0,6.5549,298.03,239.96,1.3791,10.0,,23,,0.91968,0.19553,,,1.3159,0,,0,1,1,49,49,0,49.0,128110.0
190.6,75,100,75,0.51908,0.0,58.707,1.5785,150,0.9,-4000,7.5645,13.307,22.554,79140,87029.0,6.5738,297.89,186.75,1.3668,10.0,,23,,0.89203,0.19577,,,1.3041,0,,0,1,1,49,49,0,49.0,128160.0
190.8,75,100,75,1.0375,0.0,17.612,79.498,150,0.9,-4000,7.6975,13.311,22.531,78480,86278.0,6.5925,297.99,224.77,1.3545,10.0,,23,,0.87442,0.19592,,,1.2923,0,,0,1,1,49,49,0,49.0,128380.0
191.0,75,100,75,1.5559,0.0,49.348,7.9498,150,0.9,-4000,7.8309,13.33,22.508,77820,85528.0,6.6108,297.87,181.69,1.3421,10.0,,23,,0.83984,0.1962,,,1.2805,0,,0,1,1,49,49,0,49.0,128270.0
191.2,75,100,75,2.0743,0.0,14.804,134.38,150,0.9,-4000,7.9672,13.345,22.485,77160,84777.0,6.6288,298.11,270.4,1.3299,10.0,,23,,0.81076,0.19645,,,1.2687,0,,0,1,1,49,49,0,49.0,127820.0
191.4,75,100,75,2.5927,0.0,93.664,13.438,150,0.9,-4000,8.1044,13.342,22.462,76500,84027.0,6.6463,297.95,211.0,1.3176,10.0,,23,,0.80112,0.19654,,,1.257,0,,0,1,1,49,49,0,49.0,128030.0
191.6,75,100,75,3.1111,0.0,40.285,1.3438,150,0.9,-4000,8.2441,13.339,22.439,75841,83277.0,6.6634,297.83,166.44,1.3053,10.0,,23,,0.79294,0.19663,,,1.2452,0,,0,1,1,49,49,0,49.0,128410.0
191.8,75,100,75,3.6296,0.0,12.085,70.639,150,0.9,-4000,8.3881,13.331,22.415,75182,82527.0,6.6797,297.92,199.68,1.2931,10.0,,23,,0.7919,0.19666,,,1.2335,0,,0,1,1,49,49,0,49.0,127300.0
192.0,75,100,75,4.1481,0.0,3.6256,0.0001,150,0.9,-4000,8.5317,13.342,22.392,74522,81777.0,6.6955,297.85,173.06,1.2808,10.0,3220.6,23,2439.0,0.76954,0.19685,22.485,20.117,1.2218,0,68.853,0,1,1,49,49,0,49.0,128010.0
192.2,75,100,75,4.6666,0.0,1.0877,79.555,150,0.9,0,8.6749,13.339,22.368,74564,81828.0,6.6685,297.98,220.06,1.2767,10.0,,23,,0.77073,0.19685,,,1.2178,0,,0,1,1,49,49,0,49.0,127890.0
192.4,75,100,75,5.1907,0.0,41.474,7.9555,150,0.9,0,8.8177,13.342,22.344,74605,81878.0,6.6432,297.87,180.29,1.276,10.0,,23,,0.77185,0.19684,,,1.2172,0,,0,1,1,49,49,0,49.0,127110.0
192.6,75,100,75,5.7124,0.0,12.442,134.44,150,0.9,0,8.9599,13.332,22.321,74646,81929.0,6.6193,298.12,270.59,1.2755,10.0,,23,,0.7885,0.19672,,,1.2167,0,,0,1,1,49,49,0,49.0,126820.0
192.8,75,100,75,6.2341,0.0,95.746,13.444,150,0.9,0,9.1033,13.345,22.297,74688,81980.0,6.5958,297.94,207.24,1.275,10.0,,23,,0.77779,0.1968,,,1.2162,0,,0,1,1,49,49,0,49.0,127200.0
193.0,75,100,75,6.7559,0.0,28.724,223.72,150,0.9,0,9.2467,13.356,22.273,74729,82030.0,6.573,298.4,368.48,1.2745,10.0,,23,,0.7707,0.19686,,,1.2157,0,,0,1,1,49,49,0,49.0,127080.0
193.2,75,100,75,7.2776,0.0,183.87,22.372,150,0.9,0,9.3896,13.365,22.249,74771,82081.0,6.551,298.1,262.76,1.274,10.0,,23,,0.76271,0.19692,,,1.2152,0,,0,1,1,49,49,0,49.0,126290.0
193.4,75,100,75,7.7992,0.0,93.114,2.2372,150,0.9,0,9.5327,13.346,22.225,74812,82132.0,6.5293,297.89,186.76,1.2735,10.0,,23,,0.78653,0.19674,,,1.2147,0,,0,1,1,49,49,0,49.0,126840.0
193.6,75,100,75,0.0,0.0,27.934,105.62,150,0.9,0,9.6758,13.326,22.202,74853,82182.0,6.5187,298.04,241.99,1.273,10.0,,23,,0.79005,0.19671,,,1.2142,0,,0,1,1,49,49,0,49.0,126390.0
193.8,75,100,75,0.0,0.0,78.598,10.562,150,0.9,0,9.8174,13.317,22.179,74893,82231.0,6.5086,297.87,181.78,1.2725,10.0,,23,,0.80327,0.19662,,,1.2138,0,,0,1,1,49,49,0,49.0,126100.0
194.0,75,100,75,0.0,0.0,23.579,193.26,150,0.9,0,9.9576,13.316,22.155,74933,82280.0,6.4989,298.25,318.24,1.2719,10.0,,23,,0.80901,0.19657,,,1.2133,0,,0,1,1,49,49,0,49.0,126150.0
194.2,75,100,75,0.0,0.96791,151.7,19.326,150,0.9,0,10.098,13.325,22.132,74973,82330.0,6.4906,297.99,222.95,1.2714,10.0,,23,,0.80354,0.19662,,,1.2128,0,,0,1,1,49,49,0,49.0,125530.0
194.4,75,100,75,0.0,5.2265,66.492,1.9326,150,0.9,0,10.236,13.345,22.108,75015,82380.0,6.4874,297.81,160.99,1.2709,10.0,,23,,0.79471,0.19668,,,1.2123,0,,0,1,1,49,49,0,49.0,126080.0
194.6,75,100,75,0.0,10.751,19.948,88.901,150,0.9,0,10.374,13.362,22.085,75057,82432.0,6.4901,297.94,205.44,1.2704,10.0,,23,,0.79435,0.19669,,,1.2118,0,,0,1,1,49,49,0,49.0,125630.0
194.8,75,100,75,0.0,15.193,5.9843,0.0001,150,0.9,0,10.514,13.391,22.06,75100,82484.0,6.4963,297.86,176.99,1.2699,10.0,,23,,0.77671,0.19682,,,1.2113,0,,0,1,1,49,49,0,49.0,126340.0
195.0,75,100,75,0.0,17.188,1.7953,88.94,150,0.9,0,10.656,13.405,22.036,75144,82537.0,6.5041,298.01,231.83,1.2694,10.0,,23,,0.76784,0.19689,,,1.2108,0,,0,1,1,49,49,0,49.0,126220.0
195.2,75,100,75,0.0,16.065,49.882,8.894,150,0.9,0,10.796,13.398,22.012,75187,82589.0,6.5102,297.88,185.1,1.2688,10.0,,23,,0.77292,0.19685,,,1.2103,0,,0,1,1,49,49,0,49.0,125600.0
195.4,75,100,75,0.0,12.491,14.964,150.77,150,0.9,0,10.936,13.395,21.988,75230,82641.0,6.5134,298.17,287.54,1.2683,10.0,,23,,0.76923,0.19688,,,1.2098,0,,0,1,1,49,49,0,49.0,125310.0
195.6,75,100,75,0.0,7.6751,109.97,15.077,150,0.9,0,11.078,13.364,21.965,75272,82692.0,6.511,297.96,212.61,1.2678,10.0,,23,,0.79148,0.19671,,,1.2093,0,,0,1,1,49,49,0,49.0,126190.0
195.8,75,100,75,0.0,3.8143,42.139,1.5077,150,0.9,0,11.219,13.354,21.942,75313,82742.0,6.5048,297.82,164.08,1.2673,10.0,,23,,0.79408,0.1967,,,1.2088,0,,0,1,1,49,49,0,49.0,125240.0
196.0,75,100,75,0.0,2.4407,12.642,65.731,150,0.9,0,11.357,13.346,21.919,75353,82792.0,6.4974,297.9,191.74,1.2668,10.0,,23,,0.8026,0.19663,,,1.2083,0,,0,1,1,49,49,0,49.0,125960.0
196.2,75,100,75,0.0,4.0243,3.7925,0.0001,150,0.9,0,11.495,13.352,21.896,75394,82842.0,6.4918,297.83,164.73,1.2662,10.0,,23,,0.80245,0.19664,,,1.2078,0,,0,1,1,49,49,0,49.0,125510.0
196.4,75,100,75,0.0,7.8029,1.1378,80.417,150,0.9,0,11.63,13.37,21.872,75436,82893.0,6.4901,297.96,212.39,1.2657,10.0,,23,,0.79681,0.19668,,,1.2073,0,,0,1,1,49,49,0,49.0,124890.0
196.6,75,100,75,0.0,12.274,40.849,8.0417,150,0.9,0,11.767,13.383,21.849,75479,82944.0,6.4935,297.84,171.57,1.2652,10.0,,23,,0.7961,0.19668,,,1.2068,0,,0,1,1,49,49,0,49.0,125100.0
196.8,75,100,75,0.0,15.39,12.255,139.01,150,0.9,0,11.904,13.393,21.825,75522,82997.0,6.4997,298.11,265.78,1.2647,10.0,,23,,0.79681,0.19668,,,1.2063,0,,0,1,1,49,49,0,49.0,125150.0
197.0,75,100,75,0.0,16.036,97.486,13.901,150,0.9,0,12.042,13.384,21.801,75565,83049.0,6.507,297.93,200.69,1.2641,10.0,,23,,0.81128,0.19657,,,1.2058,0,,0,1,1,49,49,0,49.0,124690.0
197.2,75,100,75,0.0,13.749,29.246,231.89,150,0.9,0,12.178,13.373,21.777,75608,83101.0,6.5121,298.39,368.49,1.2636,10.0,,23,,0.82189,0.1965,,,1.2053,0,,0,1,1,49,49,0,49.0,124910.0
197.4,75,100,75,0.0,9.417,188.32,23.189,150,0.9,0,12.316,13.36,21.754,75650,83152.0,6.5127,298.08,256.67,1.2631,10.0,,23,,0.8248,0.19647,,,1.2048,0,,0,1,1,49,49,0,49.0,125290.0
197.6,75,100,75,0.0,4.854,92.587,2.3189,150,0.9,0,12.453,13.327,21.731,75691,83202.0,6.5083,297.87,179.4,1.2625,10.0,,23,,0.85073,0.19628,,,1.2043,0,,0,1,1,49,49,0,49.0,123840.0
197.8,75,100,75,0.0,2.0823,27.776,105.93,150,0.9,0,12.589,13.301,21.708,75731,83252.0,6.5008,298.02,233.87,1.262,10.0,,23,,0.87744,0.19608,,,1.2038,0,,0,1,1,49,49,0,49.0,123890.0
198.0,75,100,75,0.0,2.2731,76.413,10.593,150,0.9,0,12.727,13.306,21.685,75772,83302.0,6.4937,297.85,173.29,1.2615,10.0,,23,,0.87571,0.1961,,,1.2032,0,,0,1,1,49,49,0,49.0,124280.0
198.2,75,100,75,0.0,5.2983,22.924,194.36,150,0.9,0,12.867,13.312,21.662,75813,83352.0,6.4901,298.23,310.54,1.2609,10.0,,23,,0.88212,0.19605,,,1.2027,0,,0,1,1,49,49,0,49.0,123330.0
198.4,75,100,75,0.0,9.7569,149.51,19.436,150,0.9,0,13.003,13.317,21.639,75855,83403.0,6.4916,297.96,214.07,1.2604,10.0,,23,,0.89097,0.19598,,,1.2022,0,,0,1,1,49,49,0,49.0,123540.0
198.6,75,100,75,0.0,13.6,63.292,1.9436,150,0.9,0,13.14,13.346,21.616,75898,83455.0,6.4972,297.8,153.83,1.2599,10.0,,23,,0.87225,0.19613,,,1.2017,0,,0,1,1,49,49,0,49.0,123920.0
198.8,75,100,75,0.0,15.232,18.988,87.219,150,0.9,0,13.278,13.35,21.592,75941,83507.0,6.5046,297.92,197.51,1.2593,10.0,,23,,0.87327,0.19612,,,1.2012,0,,0,1,1,49,49,0,49.0,123640.0
199.0,75,100,75,0.0,13.894,5.6963,0.0001,150,0.9,0,13.418,13.339,21.569,75984,83560.0,6.5105,297.84,169.31,1.2588,10.0,,23,,0.88358,0.19604,,,1.2007,0,,0,1,1,49,49,0,49.0,123020.0
199.2,75,100,75,0.0,10.238,1.7089,91.288,150,0.9,0,13.556,13.327,21.546,76026,83611.0,6.5122,298.0,226.34,1.2582,10.0,,23,,0.8899,0.196,,,1.2001,0,,0,1,1,49,49,0,49.0,122570.0
199.4,75,100,75,0.0,5.8834,50.536,9.1288,150,0.9,0,13.696,13.312,21.523,76068,83662.0,6.5088,297.87,180.84,1.2577,10.0,,23,,0.89658,0.19595,,,1.1996,0,,0,1,1,49,49,0,49.0,122630.0
199.6,75,100,75,0.0,2.9005,15.161,153.22,150,0.9,0,13.833,13.298,21.501,76108,83711.0,6.5023,298.16,285.85,1.2572,10.0,,23,,0.907,0.19587,,,1.1991,0,,0,1,1,49,49,0,49.0,123180.0
199.8,75,100,75,0.0,2.5198,111.09,15.322,150,0.9,0,13.966,13.299,21.478,76149,83761.0,6.4954,297.95,210.21,1.2566,10.0,,23,,0.90722,0.19587,,,1.1986,0,,0,1,1,49,49,0,49.0,123400.0
200.0,75,100,75,0.0,4.8829,43.087,1.5322,150,0.9,0,14.098,13.302,21.456,76190,83811.0,6.4911,297.82,161.69,1.2561,11.0,,23,,0.91602,0.19581,,,1.1981,0,,0,1,1,49,49,0,49.0,123120.0
200.2,65,100,75,0.0,8.9636,12.926,67.326,250,0.9,0,14.226,13.465,21.427,76252,83882.0,6.4902,297.9,189.99,1.4294,11.0,,23,,0.84602,0.19501,,,1.1822,0,,0,1,1,49,49,0,49.0,122810.0
200.4,65,100,75,0.0,13.388,3.8778,0.0001,250,0.9,0,14.353,13.481,21.398,76315,83954.0,6.494,297.82,161.99,1.4419,11.0,,23,,0.85879,0.19488,,,1.1925,0,,0,1,1,49,49,0,49.0,121660.0
200.6,65,100,75,0.0,16.308,1.1634,82.488,250,0.9,0,14.478,13.489,21.37,76379,84027.0,6.5005,297.95,210.57,1.4423,11.0,,23,,0.86579,0.19481,,,1.1929,0,,0,1,1,49,49,0,49.0,122350.0
200.8,65,100,75,0.0,16.608,41.01,8.2488,250,0.9,0,14.601,13.485,21.341,76442,84099.0,6.5082,297.84,168.22,1.4417,11.0,,23,,0.87547,0.19473,,,1.1924,0,,0,1,1,49,49,0,49.0,122540.0
201.0,65,100,75,0.0,13.832,12.303,141.85,250,0.9,0,14.725,13.497,21.312,76505,84171.0,6.5133,298.1,263.8,1.4411,11.0,,23,,0.8641,0.19483,,,1.1919,0,,0,1,1,49,49,0,49.0,122570.0
201.2,65,100,75,0.0,9.0421,97.474,14.185,250,0.9,0,14.85,13.475,21.284,76567,84242.0,6.5134,297.91,194.91,1.4404,11.0,,23,,0.87689,0.19472,,,1.1914,0,,0,1,1,49,49,0,49.0,122430.0
201.4,65,100,75,0.0,4.2067,29.242,237.58,250,0.9,0,14.973,13.464,21.256,76628,84312.0,6.5077,298.38,366.23,1.4398,11.0,,23,,0.88289,0.19467,,,1.1909,0,,0,1,1,49,49,0,49.0,121790.0
201.6,65,100,75,0.0,1.6609,189.11,23.758,250,0.9,0,15.095,13.489,21.228,76689,84381.0,6.4992,298.07,252.27,1.4392,11.0,,23,,0.85739,0.19489,,,1.1903,0,,0,1,1,49,49,0,49.0,121480.0
201.8,65,100,75,0.0,2.4922,92.256,2.3758,250,0.9,0,15.216,13.494,21.2,76750,84450.0,6.4921,297.86,175.64,1.4385,11.0,,23,,0.85669,0.1949,,,1.1898,0,,0,1,1,49,49,0,49.0,121180.0
202.0,65,100,75,0.0,6.1883,27.677,105.56,250,0.9,0,15.338,13.504,21.173,76811,84521.0,6.4895,298.01,229.75,1.4379,11.0,,23,,0.86208,0.19486,,,1.1892,0,,0,1,1,49,49,0,49.0,121540.0
202.2,65,100,75,0.0,10.886,74.916,10.556,250,0.9,0,15.459,13.521,21.145,76874,84592.0,6.4925,297.84,170.12,1.4372,11.0,,23,,0.86207,0.19486,,,1.1887,0,,0,1,1,49,49,0,49.0,120400.0
202.4,65,100,75,0.0,14.403,22.475,192.09,250,0.9,0,15.578,13.545,21.116,76937,84664.0,6.4994,298.21,305.02,1.4366,11.0,,23,,0.85427,0.19493,,,1.1882,0,,0,1,1,49,49,0,49.0,120760.0
202.6,65,100,75,0.0,15.133,144.75,19.209,250,0.9,0,15.699,13.555,21.088,77000,84736.0,6.507,297.95,209.86,1.4359,11.0,,23,,0.84942,0.19497,,,1.1876,0,,0,1,1,49,49,0,49.0,120780.0
202.8,65,100,75,0.0,12.854,60.429,1.9209,250,0.9,0,15.819,13.549,21.06,77063,84807.0,6.5115,297.79,149.6,1.4353,11.0,,23,,0.85336,0.19494,,,1.1871,0,,0,1,1,49,49,0,49.0,121810.0
203.0,65,100,75,0.0,8.8011,18.129,87.304,250,0.9,0,15.94,13.542,21.032,77125,84878.0,6.5104,297.9,192.15,1.4346,11.0,,23,,0.85559,0.19492,,,1.1866,0,,0,1,1,49,49,0,49.0,120010.0
203.2,65,100,75,0.0,5.1644,5.4386,0.0001,250,0.9,0,16.06,13.538,21.005,77186,84948.0,6.5052,297.82,162.76,1.434,11.0,,23,,0.85589,0.19492,,,1.186,0,,0,1,1,49,49,0,49.0,120540.0
203.4,65,100,75,0.0,3.613,1.6316,93.668,250,0.9,0,16.181,13.54,20.978,77247,85018.0,6.4986,297.98,220.95,1.4333,11.0,,23,,0.8562,0.19492,,,1.1855,0,,0,1,1,49,49,0,49.0,120400.0
203.6,65,100,75,0.0,4.6811,50.147,9.3668,250,0.9,0,16.303,13.538,20.95,77308,85088.0,6.4934,297.85,171.82,1.4327,11.0,,23,,0.86537,0.19484,,,1.1849,0,,0,1,1,49,49,0,49.0,119600.0
203.8,65,100,75,0.0,7.8313,15.044,160.05,250,0.9,0,16.423,13.556,20.923,77370,85158.0,6.4919,298.15,281.71,1.432,11.0,,23,,0.86292,0.19486,,,1.1844,0,,0,1,1,49,49,0,49.0,120130.0
204.0,65,100,75,0.0,11.58,113.19,16.005,250,0.9,0,16.543,13.577,20.895,77432,85229.0,6.4944,297.93,200.4,1.4314,11.0,3993.6,23,2772.8,0.8561,0.19492,21.005,19.381,1.1838,0,68.487,0,1,1,49,49,0,49.0,119320.0
204.2,65,100,75,0.0,14.336,33.958,268.66,250,0.9,0,16.663,13.6,20.867,77495,85301.0,6.5,298.45,395.12,1.4307,11.0,,23,,0.84578,0.19501,,,1.1833,0,,0,1,1,49,49,0,49.0,119350.0
204.4,65,100,75,0.0,14.838,214.79,26.866,250,0.9,0,16.782,13.608,20.839,77558,85373.0,6.5065,298.07,254.37,1.43,11.0,,23,,0.84208,0.19504,,,1.1827,0,,0,1,1,49,49,0,49.0,119040.0
204.6,65,100,75,0.0,12.766,96.402,2.6866,250,0.9,0,16.9,13.605,20.812,77621,85444.0,6.5107,297.85,171.07,1.4294,11.0,,23,,0.8445,0.19502,,,1.1822,0,,0,1,1,49,49,0,49.0,119740.0
204.8,65,100,75,0.0,9.0208,28.92,99.338,250,0.9,0,17.018,13.601,20.784,77683,85515.0,6.5106,297.97,217.61,1.4287,11.0,,23,,0.8446,0.19502,,,1.1816,0,,0,1,1,49,49,0,49.0,118770.0
205.0,65,100,75,0.0,5.3271,68.268,9.9338,250,0.9,0,17.137,13.611,20.757,77744,85585.0,6.5061,297.81,157.89,1.4281,11.0,,23,,0.83063,0.19515,,,1.1811,0,,0,1,1,49,49,0,49.0,119970.0
205.2,65,100,75,0.0,3.438,20.481,185.79,250,0.9,0,17.255,13.628,20.73,77805,85655.0,6.4994,298.16,287.44,1.4274,11.0,,23,,0.81509,0.19528,,,1.1805,0,,0,1,1,49,49,0,49.0,120170.0
205.4,65,100,75,0.0,4.2019,135.22,18.579,250,0.9,0,17.371,13.653,20.703,77866,85724.0,6.4938,297.91,194.21,1.4267,11.0,,23,,0.79577,0.19545,,,1.18,0,,0,1,1,49,49,0,49.0,119700.0
205.6,65,100,75,0.0,7.2106,40.566,316.07,250,0.9,0,17.487,13.676,20.676,77927,85794.0,6.4916,298.54,426.72,1.4261,11.0,,23,,0.78521,0.19554,,,1.1794,0,,0,1,1,49,49,0,49.0,119230.0
205.8,65,100,75,0.0,11.066,255.18,31.607,250,0.9,0,17.601,13.679,20.649,77989,85865.0,6.494,298.1,262.91,1.4254,11.0,,23,,0.79355,0.19547,,,1.1789,0,,0,1,1,49,49,0,49.0,119100.0
206.0,65,100,75,0.0,13.973,118.45,3.1607,250,0.9,0,17.714,13.699,20.622,78052,85936.0,6.4997,297.84,167.56,1.4247,11.0,,23,,0.78655,0.19553,,,1.1783,0,,0,1,1,49,49,0,49.0,119790.0
206.2,65,100,75,0.0,14.61,35.535,117.42,250,0.9,0,17.83,13.702,20.594,78115,86008.0,6.5057,298.0,226.58,1.4241,11.0,,23,,0.79015,0.1955,,,1.1778,0,,0,1,1,49,49,0,49.0,118660.0
206.4,65,100,75,0.0,12.85,86.14,11.742,250,0.9,0,17.945,13.712,20.567,78178,86080.0,6.5098,297.81,157.34,1.4234,11.0,,23,,0.78143,0.19558,,,1.1772,0,,0,1,1,49,49,0,49.0,118690.0
206.6,65,100,75,0.0,9.4385,25.842,219.32,250,0.9,0,18.062,13.715,20.54,78240,86150.0,6.5103,298.23,313.64,1.4227,11.0,,23,,0.77575,0.19563,,,1.1767,0,,0,1,1,49,49,0,49.0,118890.0
206.8,65,100,75,0.0,5.8673,164.89,21.932,250,0.9,0,18.177,13.706,20.514,78301,86220.0,6.5064,297.94,206.52,1.422,11.0,,23,,0.7791,0.1956,,,1.1761,0,,0,1,1,49,49,0,49.0,118260.0
207.0,65,100,75,0.0,3.8232,49.468,367.25,250,0.9,0,18.292,13.712,20.487,78362,86289.0,6.5004,298.68,480.0,1.4214,11.0,,23,,0.77618,0.19563,,,1.1755,0,,0,1,1,49,49,0,49.0,117290.0
207.2,65,100,75,0.0,4.1865,302.36,36.725,250,0.9,0,18.406,13.728,20.46,78423,86359.0,6.495,298.21,306.32,1.4207,11.0,,23,,0.76604,0.19572,,,1.175,0,,0,1,1,49,49,0,49.0,117990.0
207.4,65,100,75,0.0,6.7034,161.77,3.6725,250,0.9,0,18.519,13.729,20.434,78484,86429.0,6.4922,297.89,187.13,1.42,11.0,,23,,0.77332,0.19566,,,1.1744,0,,0,1,1,49,49,0,49.0,117690.0
207.6,65,100,75,0.0,10.351,48.531,162.69,250,0.9,0,18.631,13.751,20.407,78546,86499.0,6.4934,298.14,279.38,1.4193,11.0,,23,,0.76772,0.19571,,,1.1738,0,,0,1,1,49,49,0,49.0,118060.0
207.8,65,100,75,0.0,13.497,131.99,16.269,250,0.9,0,18.742,13.766,20.38,78609,86571.0,6.4982,297.9,189.16,1.4186,11.0,,23,,0.76383,0.19574,,,1.1733,0,,0,1,1,49,49,0,49.0,117260.0
208.0,65,100,75,0.0,14.717,39.597,286.38,250,0.9,0,18.855,13.786,20.353,78672,86642.0,6.5042,298.45,396.99,1.418,11.0,,23,,0.75355,0.19583,,,1.1727,0,,0,1,1,49,49,0,49.0,117120.0
208.2,65,100,75,0.0,13.558,229.02,28.638,250,0.9,0,18.968,13.806,20.326,78735,86713.0,6.5083,298.08,255.49,1.4173,11.0,,23,,0.73536,0.19599,,,1.1721,0,,0,1,1,49,49,0,49.0,116990.0
208.4,65,100,75,0.0,10.772,111.6,2.8638,250,0.9,0,19.08,13.812,20.3,78797,86784.0,6.509,297.83,162.48,1.4166,11.0,,23,,0.72548,0.19608,,,1.1716,0,,0,1,1,49,49,0,49.0,117690.0
208.6,65,100,75,0.0,7.7211,33.48,126.11,250,0.9,0,19.19,13.798,20.273,78858,86854.0,6.5065,298.01,229.85,1.4159,11.0,,23,,0.73535,0.19599,,,1.171,0,,0,1,1,49,49,0,49.0,117560.0
208.8,65,100,75,0.0,5.6599,90.785,12.611,250,0.9,0,19.3,13.791,20.247,78920,86924.0,6.5016,297.81,157.45,1.4152,11.0,,23,,0.74313,0.19593,,,1.1704,0,,0,1,1,49,49,0,49.0,117260.0
209.0,65,100,75,0.0,5.5342,27.235,230.63,250,0.9,0,19.409,13.794,20.221,78981,86994.0,6.4964,298.26,323.27,1.4145,11.0,,23,,0.74737,0.19589,,,1.1699,0,,0,1,1,49,49,0,49.0,116800.0
209.2,65,100,75,0.0,7.4833,173.88,23.063,250,0.9,0,19.518,13.812,20.195,79042,87063.0,6.4932,297.94,206.03,1.4139,11.0,,23,,0.73919,0.19596,,,1.1693,0,,0,1,1,49,49,0,49.0,117000.0
209.4,65,100,75,0.0,10.702,52.165,388.91,250,0.9,0,19.627,13.821,20.168,79104,87134.0,6.4935,298.71,494.74,1.4132,11.0,,23,,0.74414,0.19592,,,1.1687,0,,0,1,1,49,49,0,49.0,115540.0
209.6,65,100,75,0.0,13.803,316.94,38.891,250,0.9,0,19.737,13.833,20.142,79167,87205.0,6.4972,298.18,294.1,1.4125,11.0,,23,,0.74419,0.19592,,,1.1682,0,,0,1,1,49,49,0,49.0,116400.0
209.8,65,100,75,0.0,15.433,154.12,3.8891,250,0.9,0,19.845,13.837,20.115,79230,87277.0,6.5024,297.85,171.63,1.4118,11.0,,23,,0.7482,0.19589,,,1.1676,0,,0,1,1,49,49,0,49.0,116600.0
210.0,65,100,75,0.0,15.006,46.237,147.81,250,0.9,0,19.954,13.844,20.089,79293,87348.0,6.5079,298.06,250.07,1.4111,11.0,,23,,0.74586,0.19591,,,1.167,0,,0,1,1,49,49,0,49.0,117140.0
210.2,65,100,75,0.0,12.378,114.88,14.781,250,0.9,-4000,20.062,13.839,20.063,78653,86619.0,6.5392,297.82,161.21,1.4026,11.0,,23,,0.74259,0.19596,,,1.16,0,,0,1,1,49,49,0,49.0,115840.0
210.4,65,100,75,0.0,0.0,34.464,272.84,250,0.9,-4000,20.172,13.79,20.037,78011,85888.0,6.5572,298.36,359.03,1.3901,11.0,,23,,0.7551,0.19587,,,1.1496,0,,0,1,1,49,49,0,49.0,116050.0
210.6,65,100,75,0.51916,0.0,212.71,27.284,250,0.9,-4000,20.283,13.807,20.011,77368,85156.0,6.5749,297.97,215.66,1.3773,11.0,,23,,0.7348,0.19607,,,1.1389,0,,0,1,1,49,49,0,49.0,116580.0
210.8,65,100,75,1.0377,0.0,88.289,2.7284,250,0.9,-4000,20.395,13.814,19.985,76726,84425.0,6.592,297.75,134.66,1.3644,11.0,,23,,0.72028,0.19623,,,1.1282,0,,0,1,1,49,49,0,49.0,115120.0
211.0,65,100,75,1.5562,0.0,26.487,108.31,250,0.9,-4000,20.509,13.812,19.96,76084,83694.0,6.6088,297.9,191.06,1.3515,11.0,,23,,0.71641,0.19628,,,1.1176,0,,0,1,1,49,49,0,49.0,114990.0
211.2,65,100,75,2.0747,0.0,7.946,0.0001,250,0.9,-4000,20.624,13.8,19.934,75443,82963.0,6.6251,297.82,160.29,1.3387,11.0,,23,,0.72241,0.19626,,,1.1069,0,,0,1,1,49,49,0,49.0,114700.0
211.4,65,100,75,2.5933,0.0,2.3838,109.05,250,0.9,-4000,20.74,13.813,19.907,74801,82233.0,6.6409,298.02,232.49,1.3259,11.0,,23,,0.70648,0.19642,,,1.0963,0,,0,1,1,49,49,0,49.0,115230.0
211.6,65,100,75,3.1119,0.0,65.814,10.905,250,0.9,-4000,20.859,13.819,19.881,74159,81502.0,6.656,297.85,173.58,1.3131,11.0,,23,,0.6942,0.19655,,,1.0856,0,,0,1,1,49,49,0,49.0,114430.0
211.8,65,100,75,3.6305,0.0,19.744,195.74,250,0.9,-4000,20.979,13.814,19.854,73518,80772.0,6.6703,298.25,312.72,1.3003,11.0,,23,,0.69483,0.19657,,,1.075,0,,0,1,1,49,49,0,49.0,115300.0
212.0,65,100,75,4.1492,0.0,152.06,19.574,250,0.9,-4000,21.1,13.828,19.828,72877,80042.0,6.6834,297.94,206.4,1.2876,11.0,,23,,0.67696,0.19675,,,1.0645,0,,0,1,1,49,49,0,49.0,115500.0
212.2,65,100,75,4.668,0.0,45.618,354.06,250,0.9,0,21.223,13.828,19.801,72938,80112.0,6.6553,298.7,468.53,1.2828,11.0,,23,,0.67911,0.19674,,,1.0605,0,,0,1,1,49,49,0,49.0,114040.0
212.4,65,100,75,5.1921,0.0,306.41,35.406,250,0.9,0,21.349,13.829,19.774,73000,80182.0,6.6291,298.1,261.25,1.2818,11.0,,23,,0.6837,0.19671,,,1.0597,0,,0,1,1,49,49,0,49.0,114570.0
212.6,65,100,75,5.7139,0.0,120.99,3.5406,250,0.9,0,21.478,13.832,19.747,73061,80253.0,6.6042,297.8,155.27,1.2812,11.0,,23,,0.6869,0.19668,,,1.0592,0,,0,1,1,49,49,0,49.0,114600.0
212.8,65,100,75,6.2357,0.0,36.298,103.96,250,0.9,0,21.605,13.838,19.721,73123,80323.0,6.581,297.92,198.81,1.2805,11.0,,23,,0.68808,0.19667,,,1.0586,0,,0,1,1,49,49,0,49.0,113470.0
213.0,65,100,75,6.7574,0.0,10.889,0.0001,250,0.9,0,21.732,13.848,19.694,73185,80394.0,6.559,297.83,166.08,1.2799,11.0,,23,,0.6848,0.1967,,,1.0581,0,,0,1,1,49,49,0,49.0,114840.0
213.2,65,100,75,7.279,0.0,3.2668,104.87,250,0.9,0,21.862,13.841,19.667,73247,80465.0,6.5378,298.02,234.15,1.2792,11.0,,23,,0.69861,0.19658,,,1.0576,0,,0,1,1,49,49,0,49.0,113870.0
213.4,65,100,75,0.0,0.0,64.917,10.487,250,0.9,0,21.993,13.814,19.641,73308,80534.0,6.5258,297.84,172.02,1.2786,11.0,,23,,0.71321,0.19646,,,1.057,0,,0,1,1,49,49,0,49.0,113400.0
213.6,65,100,75,0.0,0.0,19.475,198.26,250,0.9,0,22.124,13.813,19.615,73368,80604.0,6.5143,298.25,312.36,1.2779,11.0,,23,,0.72167,0.19639,,,1.0565,0,,0,1,1,49,49,0,49.0,113110.0
213.8,65,100,75,0.0,0.0,153.75,19.826,250,0.9,0,22.254,13.815,19.588,73429,80673.0,6.5032,297.89,188.53,1.2773,11.0,,23,,0.72488,0.19636,,,1.0559,0,,0,1,1,49,49,0,49.0,113140.0
214.0,65,100,75,0.0,0.0,46.125,382.2,250,0.9,0,22.384,13.829,19.562,73489,80742.0,6.4927,298.71,472.85,1.2766,11.0,,23,,0.7193,0.19641,,,1.0554,0,,0,1,1,49,49,0,49.0,112680.0
214.2,65,100,75,0.0,3.4327,325.43,38.22,250,0.9,0,22.515,13.848,19.535,73550,80812.0,6.486,298.01,230.85,1.276,11.0,,23,,0.71137,0.19648,,,1.0549,0,,0,1,1,49,49,0,49.0,113380.0
214.4,65,100,75,0.0,9.534,107.09,3.822,250,0.9,0,22.648,13.883,19.509,73613,80884.0,6.4857,297.72,127.7,1.2753,11.0,,23,,0.69549,0.19662,,,1.0543,0,,0,1,1,49,49,0,49.0,112910.0
214.6,65,100,75,0.0,15.757,32.126,78.635,250,0.9,0,22.781,13.911,19.482,73676,80957.0,6.4915,297.78,150.16,1.2747,11.0,,23,,0.68651,0.1967,,,1.0538,0,,0,1,1,49,49,0,49.0,113950.0
214.8,65,100,75,0.0,19.669,9.6379,0.0001,250,0.9,0,22.914,13.944,19.455,73741,81030.0,6.501,297.69,117.85,1.274,11.0,,23,,0.6675,0.19686,,,1.0532,0,,0,1,1,49,49,0,49.0,113480.0
215.0,65,100,75,0.0,19.769,2.8914,115.05,250,0.9,0,23.049,13.956,19.428,73805,81104.0,6.5105,297.91,195.77,1.2734,11.0,,23,,0.65983,0.19693,,,1.0527,0,,0,1,1,49,49,0,49.0,112510.0
215.2,65,100,75,0.0,16.074,0.86741,0.0001,250,0.9,0,23.185,13.962,19.401,73869,81177.0,6.5155,297.84,169.81,1.2727,11.0,,23,,0.64911,0.19702,,,1.0521,0,,0,1,1,49,49,0,49.0,113040.0
215.4,65,100,75,0.0,10.399,0.26022,110.66,250,0.9,0,23.322,13.955,19.375,73932,81249.0,6.5145,298.05,245.07,1.2721,11.0,,23,,0.64668,0.19704,,,1.0516,0,,0,1,1,49,49,0,49.0,111750.0
215.6,65,100,75,0.0,5.1313,68.664,11.066,250,0.9,0,23.46,13.942,19.349,73993,81320.0,6.5085,297.86,175.45,1.2714,11.0,,23,,0.65115,0.19701,,,1.051,0,,0,1,1,49,49,0,49.0,112620.0
215.8,65,100,75,0.0,2.2817,20.599,210.43,250,0.9,0,23.599,13.943,19.323,74054,81390.0,6.4999,298.28,324.83,1.2707,11.0,,23,,0.65015,0.19702,,,1.0505,0,,0,1,1,49,49,0,49.0,112820.0
216.0,65,100,75,0.0,2.8444,163.06,21.043,250,0.9,0,23.736,13.947,19.297,74115,81460.0,6.4921,297.89,188.63,1.2701,11.0,4786.5,23,3086.2,0.65237,0.197,19.401,18.464,1.05,0,63.619,0,1,1,49,49,0,49.0,111520.0
216.2,65,100,75,0.0,6.5282,48.918,406.42,250,0.9,0,23.871,13.981,19.271,74177,81531.0,6.4882,298.75,490.65,1.2694,11.0,,23,,0.63502,0.19715,,,1.0494,0,,0,1,1,49,49,0,49.0,111730.0
216.4,65,100,75,0.0,11.775,343.32,40.642,250,0.9,0,24.006,14.013,19.244,74239,81603.0,6.4886,298.0,226.52,1.2688,11.0,,23,,0.61728,0.1973,,,1.0489,0,,0,1,1,49,49,0,49.0,111590.0
216.6,65,100,75,0.0,16.845,106.79,4.0642,250,0.9,0,24.141,14.041,19.218,74303,81676.0,6.4929,297.71,123.51,1.2681,11.0,,23,,0.60508,0.19741,,,1.0483,0,,0,1,1,49,49,0,49.0,112800.0
216.8,65,100,75,0.0,20.198,32.038,65.209,250,0.9,0,24.276,14.074,19.191,74368,81750.0,6.5004,297.74,133.9,1.2674,11.0,,23,,0.58483,0.19759,,,1.0478,0,,0,1,1,49,49,0,49.0,111330.0
217.0,65,100,75,0.0,20.536,9.6113,2.4556,250,0.9,0,24.413,14.073,19.165,74432,81823.0,6.5079,297.65,103.84,1.2668,11.0,,23,,0.58887,0.19755,,,1.0472,0,,0,1,1,49,49,0,49.0,112370.0
217.2,65,100,75,0.0,17.885,2.8834,111.61,250,0.9,0,24.55,14.08,19.139,74497,81897.0,6.5126,297.87,178.73,1.2661,11.0,,23,,0.58179,0.19762,,,1.0466,0,,0,1,1,49,49,0,49.0,111400.0
217.4,65,100,75,0.0,13.38,0.86502,0.0001,250,0.9,0,24.687,14.062,19.113,74560,81969.0,6.5136,297.79,152.73,1.2654,11.0,,23,,0.59257,0.19752,,,1.0461,0,,0,1,1,49,49,0,49.0,111440.0
217.6,65,100,75,0.0,8.455,0.25951,117.28,250,0.9,0,24.827,14.048,19.087,74622,82041.0,6.5101,298.02,234.1,1.2648,11.0,,23,,0.6021,0.19744,,,1.0455,0,,0,1,1,49,49,0,49.0,110980.0
217.8,65,100,75,0.0,4.9331,72.184,11.728,250,0.9,0,24.969,14.034,19.062,74683,82112.0,6.5033,297.83,164.72,1.2641,11.0,,23,,0.61298,0.19735,,,1.045,0,,0,1,1,49,49,0,49.0,111020.0
218.0,65,100,75,0.0,4.1452,21.655,222.93,250,0.9,0,25.108,14.035,19.036,74744,82182.0,6.496,298.28,325.28,1.2634,11.0,,23,,0.61788,0.19731,,,1.0444,0,,0,1,1,49,49,0,49.0,111060.0
218.2,65,100,75,0.0,6.2668,172.56,22.293,250,0.9,0,25.25,14.033,19.011,74806,82254.0,6.4906,297.91,193.33,1.2627,11.0,,23,,0.6288,0.19722,,,1.0439,0,,0,1,1,49,49,0,49.0,110430.0
218.4,65,100,75,0.0,10.542,51.769,415.5,250,0.9,0,25.392,14.067,18.985,74868,82326.0,6.4886,298.78,504.34,1.2621,11.0,,23,,0.6138,0.19735,,,1.0433,0,,0,1,1,49,49,0,49.0,111130.0
218.6,65,100,75,0.0,15.605,352.68,41.55,250,0.9,0,25.534,14.085,18.959,74932,82398.0,6.4898,298.09,259.48,1.2614,11.0,,23,,0.6104,0.19738,,,1.0427,0,,0,1,1,49,49,0,49.0,110170.0
218.8,65,100,75,0.0,20.176,138.17,4.155,250,0.9,0,25.678,14.114,18.933,74996,82473.0,6.4939,297.75,138.19,1.2607,11.0,,23,,0.59562,0.19751,,,1.0422,0,,0,1,1,49,49,0,49.0,109870.0
219.0,65,100,75,0.0,23.146,41.45,117.7,250,0.9,0,25.82,14.12,18.907,75061,82547.0,6.4979,297.9,190.76,1.26,11.0,,23,,0.60021,0.19747,,,1.0416,0,,0,1,1,49,49,0,49.0,109740.0
219.2,65,100,75,0.0,24.499,12.435,0.0001,250,0.9,0,25.963,14.142,18.88,75127,82622.0,6.5019,297.81,156.63,1.2594,11.0,,23,,0.58782,0.19758,,,1.0411,0,,0,1,1,49,49,0,49.0,110610.0
219.4,65,100,75,0.0,24.272,3.7305,116.97,250,0.9,0,26.104,14.135,18.854,75192,82697.0,6.5073,298.02,235.14,1.2587,11.0,,23,,0.59772,0.19749,,,1.0405,0,,0,1,1,49,49,0,49.0,110150.0
219.6,65,100,75,0.0,21.882,72.969,11.697,250,0.9,0,26.246,14.124,18.829,75257,82771.0,6.5123,297.84,170.67,1.258,11.0,,23,,0.60924,0.1974,,,1.0399,0,,0,1,1,49,49,0,49.0,110190.0
219.8,65,100,75,0.0,17.464,21.891,213.11,250,0.9,0,26.388,14.117,18.803,75320,82845.0,6.5142,298.27,323.57,1.2573,11.0,,23,,0.61303,0.19736,,,1.0394,0,,0,1,1,49,49,0,49.0,109390.0
220.0,65,100,90,0.0,12.324,164.84,21.311,250,0.9,0,26.556,14.148,18.777,75386,82922.0,6.5115,297.94,205.4,1.2566,12.0,,23,,0.61189,0.19738,,,1.0388,0,,0,1,1,49,49,0,49.0,108930.0
220.2,65,100,90,0.0,8.2486,49.453,382.3,250,0.9,0,26.725,14.139,18.751,75451,82997.0,6.5064,298.73,489.21,1.2559,12.0,,23,,0.61898,0.19732,,,1.0382,0,,0,1,1,49,49,0,49.0,109970.0
220.4,65,100,90,0.0,6.2107,322.95,38.23,250,0.9,0,26.896,14.14,18.725,75516,83073.0,6.5001,298.13,273.45,1.2553,12.0,,23,,0.61773,0.19733,,,1.0377,0,,0,1,1,49,49,0,49.0,109340.0
220.6,65,100,90,0.0,6.6939,137.0,3.823,250,0.9,0,27.065,14.13,18.699,75581,83149.0,6.4943,297.81,158.22,1.2546,12.0,,23,,0.63226,0.1972,,,1.0371,0,,0,1,1,49,49,0,49.0,109540.0
220.8,65,100,90,0.0,9.5064,41.1,120.67,250,0.9,0,27.233,14.148,18.673,75646,83225.0,6.4907,297.97,214.11,1.2539,12.0,,23,,0.6284,0.19724,,,1.0365,0,,0,1,1,49,49,0,49.0,108080.0
221.0,65,100,90,0.0,13.746,90.106,12.067,250,0.9,0,27.404,14.178,18.647,75713,83302.0,6.4912,297.75,137.19,1.2532,12.0,,23,,0.61275,0.19737,,,1.0359,0,,0,1,1,49,49,0,49.0,109950.0
221.2,65,100,90,0.0,17.778,27.032,242.6,250,0.9,0,27.571,14.19,18.621,75780,83380.0,6.4954,298.24,313.42,1.2525,12.0,,23,,0.61452,0.19736,,,1.0354,0,,0,1,1,49,49,0,49.0,107820.0
221.4,65,100,90,0.0,20.143,188.31,24.26,250,0.9,0,27.739,14.199,18.595,75847,83458.0,6.502,297.87,177.59,1.2518,12.0,,23,,0.61542,0.19735,,,1.0348,0,,0,1,1,49,49,0,49.0,109190.0
221.6,65,100,90,0.0,19.851,56.493,450.76,250,0.9,0,27.909,14.211,18.568,75915,83536.0,6.5082,298.81,517.3,1.2511,12.0,,23,,0.61098,0.19739,,,1.0342,0,,0,1,1,49,49,0,49.0,109060.0
221.8,65,100,90,0.0,17.081,379.38,45.076,250,0.9,0,28.076,14.188,18.542,75981,83614.0,6.5115,298.11,263.95,1.2504,12.0,,23,,0.62939,0.19724,,,1.0336,0,,0,1,1,49,49,0,49.0,108430.0
222.0,65,100,90,0.0,12.997,160.36,4.5076,250,0.9,0,28.245,14.182,18.517,76047,83691.0,6.5115,297.73,129.1,1.2497,12.0,,23,,0.63315,0.19721,,,1.0331,0,,0,1,1,49,49,0,49.0,108630.0
222.2,65,100,90,0.0,8.9195,48.108,150.4,250,0.9,0,28.412,14.181,18.491,76113,83767.0,6.5081,297.95,207.51,1.249,12.0,,23,,0.63133,0.19722,,,1.0325,0,,0,1,1,49,49,0,49.0,107840.0
222.4,65,100,90,0.0,6.2163,14.432,0.0001,250,0.9,0,28.58,14.18,18.466,76178,83843.0,6.5024,297.85,171.6,1.2483,12.0,,23,,0.63106,0.19723,,,1.0319,0,,0,1,1,49,49,0,49.0,108210.0
222.6,65,100,90,0.0,5.7812,4.3297,128.48,250,0.9,0,28.749,14.197,18.441,76242,83918.0,6.4966,298.09,259.58,1.2476,12.0,,23,,0.61972,0.19733,,,1.0313,0,,0,1,1,49,49,0,49.0,106920.0
222.8,65,100,90,0.0,7.647,83.29,12.848,250,0.9,0,28.917,14.208,18.416,76307,83994.0,6.4926,297.9,188.39,1.2469,12.0,,23,,0.61626,0.19736,,,1.0308,0,,0,1,1,49,49,0,49.0,108300.0
223.0,65,100,90,0.0,11.137,24.987,223.7,250,0.9,0,29.085,14.222,18.39,76373,84070.0,6.4916,298.34,348.5,1.2462,12.0,,23,,0.61552,0.19736,,,1.0302,0,,0,1,1,49,49,0,49.0,107840.0
223.2,65,100,90,0.0,14.991,174.92,22.37,250,0.9,0,29.25,14.234,18.365,76439,84148.0,6.4945,298.01,230.57,1.2455,12.0,,23,,0.61644,0.19736,,,1.0296,0,,0,1,1,49,49,0,49.0,107040.0
223.4,65,100,90,0.0,17.7,72.164,2.237,250,0.9,0,29.414,14.258,18.339,76506,84225.0,6.4996,297.82,161.96,1.2448,12.0,,23,,0.60386,0.19747,,,1.029,0,,0,1,1,49,49,0,49.0,108410.0
223.6,65,100,90,0.0,18.361,21.649,82.771,250,0.9,0,29.577,14.26,18.314,76573,84303.0,6.5054,297.92,198.27,1.2441,12.0,,23,,0.60686,0.19744,,,1.0284,0,,0,1,1,49,49,0,49.0,107120.0
223.8,65,100,90,0.0,16.736,6.4948,0.0001,250,0.9,0,29.737,14.258,18.288,76640,84381.0,6.5094,297.84,168.07,1.2434,12.0,,23,,0.61139,0.19741,,,1.0278,0,,0,1,1,49,49,0,49.0,107160.0
224.0,65,100,90,0.0,13.498,1.9484,88.18,250,0.9,0,29.896,14.256,18.263,76706,84457.0,6.5103,297.99,221.14,1.2427,12.0,,23,,0.61188,0.1974,,,1.0272,0,,0,1,1,49,49,0,49.0,106700.0
224.2,65,100,90,0.0,9.9262,46.893,8.818,250,0.9,0,30.054,14.244,18.238,76772,84533.0,6.5077,297.85,172.33,1.242,12.0,,23,,0.62046,0.19733,,,1.0267,0,,0,1,1,49,49,0,49.0,106240.0
224.4,65,100,90,0.0,7.3738,14.068,152.96,250,0.9,0,30.213,14.24,18.214,76837,84609.0,6.503,298.14,276.0,1.2413,12.0,,23,,0.62587,0.19729,,,1.0261,0,,0,1,1,49,49,0,49.0,106450.0
224.6,65,100,90,0.0,6.693,107.62,15.296,250,0.9,0,30.374,14.236,18.189,76901,84684.0,6.498,297.9,190.74,1.2406,12.0,,23,,0.63367,0.19722,,,1.0255,0,,0,1,1,49,49,0,49.0,107000.0
224.8,65,100,90,0.0,8.0091,32.287,268.07,250,0.9,0,30.532,14.241,18.164,76966,84760.0,6.4944,298.44,385.7,1.2399,12.0,,23,,0.63912,0.19717,,,1.0249,0,,0,1,1,49,49,0,49.0,105540.0
225.0,65,100,90,0.0,10.749,214.55,26.807,250,0.9,0,30.69,14.243,18.139,77032,84836.0,6.4928,298.04,239.36,1.2392,12.0,,23,,0.64735,0.1971,,,1.0243,0,,0,1,1,49,49,0,49.0,106920.0
225.2,65,100,90,0.0,14.149,88.842,2.6807,250,0.9,0,30.848,14.228,18.114,77098,84912.0,6.4943,297.81,157.87,1.2384,12.0,,23,,0.6741,0.19688,,,1.0237,0,,0,1,1,49,49,0,49.0,105790.0
225.4,65,100,90,0.0,16.923,26.653,92.739,250,0.9,0,31.003,14.241,18.089,77165,84990.0,6.4983,297.93,199.21,1.2377,12.0,,23,,0.67531,0.19687,,,1.0231,0,,0,1,1,49,49,0,49.0,105330.0
225.6,65,100,90,0.0,18.104,7.9958,0.0001,250,0.9,0,31.158,14.259,18.064,77232,85067.0,6.503,297.84,167.71,1.237,12.0,,23,,0.66546,0.19695,,,1.0225,0,,0,1,1,49,49,0,49.0,106380.0
225.8,65,100,90,0.0,17.419,2.3987,93.769,250,0.9,0,31.311,14.261,18.039,77299,85145.0,6.5068,298.0,225.48,1.2363,12.0,,23,,0.66649,0.19694,,,1.0219,0,,0,1,1,49,49,0,49.0,106250.0
226.0,65,100,90,0.0,15.241,51.416,9.3769,250,0.9,0,31.463,14.264,18.015,77365,85221.0,6.5086,297.86,174.33,1.2356,12.0,,23,,0.66431,0.19697,,,1.0213,0,,0,1,1,49,49,0,49.0,106290.0
226.2,65,100,90,0.0,12.312,15.425,160.72,250,0.9,0,31.617,14.275,17.99,77431,85298.0,6.5079,298.16,284.6,1.2348,12.0,,23,,0.65329,0.19706,,,1.0207,0,,0,1,1,49,49,0,49.0,105840.0
226.4,65,100,90,0.0,9.6663,114.74,16.072,250,0.9,0,31.769,14.27,17.966,77496,85373.0,6.5051,297.93,198.4,1.2341,12.0,,23,,0.65589,0.19704,,,1.0201,0,,0,1,1,49,49,0,49.0,106550.0
226.6,65,100,90,0.0,8.1717,34.422,275.1,250,0.9,0,31.919,14.278,17.941,77561,85448.0,6.5009,298.47,398.82,1.2334,12.0,,23,,0.65181,0.19708,,,1.0195,0,,0,1,1,49,49,0,49.0,105090.0
226.8,65,100,90,0.0,8.3256,221.25,27.51,250,0.9,0,32.072,14.281,17.917,77626,85524.0,6.4969,298.08,253.78,1.2327,12.0,,23,,0.65335,0.19707,,,1.0189,0,,0,1,1,49,49,0,49.0,104810.0
227.0,65,100,90,0.0,10.088,98.921,2.751,250,0.9,0,32.223,14.284,17.892,77691,85599.0,6.4942,297.84,165.41,1.232,12.0,,23,,0.65855,0.19702,,,1.0183,0,,0,1,1,49,49,0,49.0,105350.0
227.2,65,100,90,0.0,12.928,29.676,105.19,250,0.9,0,32.37,14.298,17.868,77757,85676.0,6.4939,297.97,216.1,1.2312,12.0,,23,,0.65672,0.19704,,,1.0177,0,,0,1,1,49,49,0,49.0,104400.0
227.4,65,100,90,0.0,15.871,72.735,10.519,250,0.9,0,32.523,14.321,17.844,77824,85753.0,6.4959,297.8,151.58,1.2305,12.0,,23,,0.64499,0.19714,,,1.0171,0,,0,1,1,49,49,0,49.0,104610.0
227.6,65,100,90,0.0,18.013,21.821,199.78,250,0.9,0,32.679,14.328,17.819,77891,85830.0,6.5004,298.18,292.96,1.2298,12.0,,23,,0.64761,0.19712,,,1.0165,0,,0,1,1,49,49,0,49.0,105650.0
227.8,65,100,90,0.0,18.367,147.59,19.978,250,0.9,0,32.832,14.349,17.795,77958,85908.0,6.5052,297.9,189.89,1.229,12.0,,23,,0.63219,0.19726,,,1.0159,0,,0,1,1,49,49,0,49.0,104530.0
228.0,65,100,90,0.0,16.815,44.276,346.33,250,0.9,0,32.983,14.359,17.77,78024,85985.0,6.509,298.6,448.63,1.2283,12.0,5611.9,23,3388.1,0.62454,0.19732,17.868,17.541,1.0153,0,58.634,0,1,1,49,49,0,49.0,104410.0
228.2,65,100,90,0.0,13.751,283.9,34.633,250,0.9,0,33.136,14.35,17.746,78090,86061.0,6.5098,298.12,269.28,1.2276,12.0,,23,,0.63048,0.19727,,,1.0147,0,,0,1,1,49,49,0,49.0,103950.0
228.4,65,100,90,0.0,10.349,134.18,3.4633,250,0.9,0,33.288,14.352,17.722,78156,86137.0,6.5081,297.82,159.84,1.2268,12.0,,23,,0.62724,0.1973,,,1.0141,0,,0,1,1,49,49,0,49.0,104000.0
228.6,65,100,90,0.0,7.6377,40.253,137.22,250,0.9,0,33.44,14.335,17.698,78221,86212.0,6.504,298.02,232.73,1.2261,12.0,,23,,0.6431,0.19717,,,1.0135,0,,0,1,1,49,49,0,49.0,103210.0
228.8,65,100,90,0.0,6.5847,103.58,13.722,250,0.9,0,33.595,14.342,17.674,78285,86288.0,6.4988,297.8,153.14,1.2254,12.0,,23,,0.641,0.19719,,,1.0129,0,,0,1,1,49,49,0,49.0,104260.0
229.0,65,100,90,0.0,7.6075,31.075,256.13,250,0.9,0,33.747,14.358,17.65,78350,86363.0,6.4947,298.31,339.63,1.2246,12.0,,23,,0.63339,0.19725,,,1.0123,0,,0,1,1,49,49,0,49.0,104980.0
229.2,65,100,90,0.0,10.229,198.49,25.613,250,0.9,0,33.901,14.369,17.627,78415,86439.0,6.4929,297.95,208.85,1.2239,12.0,,23,,0.63127,0.19727,,,1.0116,0,,0,1,1,49,49,0,49.0,103860.0
229.4,65,100,90,0.0,13.579,84.888,2.5613,250,0.9,0,34.048,14.378,17.603,78481,86515.0,6.4945,297.75,131.36,1.2232,12.0,,23,,0.63385,0.19725,,,1.011,0,,0,1,1,49,49,0,49.0,103910.0
229.6,65,100,90,0.0,16.286,25.466,110.14,250,0.9,0,34.196,14.405,17.579,78548,86592.0,6.4982,297.9,189.69,1.2224,12.0,,23,,0.619,0.19738,,,1.0104,0,,0,1,1,49,49,0,49.0,103450.0
229.8,65,100,90,0.0,17.502,7.6399,0.0001,250,0.9,0,34.346,14.418,17.555,78615,86669.0,6.5024,297.82,158.16,1.2217,12.0,,23,,0.61145,0.19745,,,1.0098,0,,0,1,1,49,49,0,49.0,103330.0
230.0,65,100,90,0.0,17.077,2.292,108.46,250,0.9,0,34.495,14.43,17.531,78681,86746.0,6.5058,298.01,229.21,1.2209,12.0,,23,,0.60435,0.19751,,,1.0092,0,,0,1,1,49,49,0,49.0,103050.0
230.2,65,100,90,0.0,15.268,61.812,10.846,250,0.9,-4000,34.644,14.425,17.507,78043,86023.0,6.5356,297.86,173.73,1.2134,12.0,,23,,0.60052,0.19756,,,1.0029,0,,0,1,1,49,49,0,49.0,102600.0
230.4,65,100,90,0.0,1.4586,18.544,182.29,250,0.9,-4000,34.798,14.368,17.484,77401,85297.0,6.5542,298.21,301.99,1.2023,12.0,,23,,0.62157,0.1974,,,0.99375,0,,0,1,1,49,49,0,49.0,103650.0
230.6,65,100,90,0.519,0.72931,134.45,18.229,250,0.9,-4000,34.953,14.376,17.46,76760,84571.0,6.5721,297.96,211.34,1.191,12.0,,23,,0.60801,0.19754,,,0.98434,0,,0,1,1,49,49,0,49.0,103030.0
230.8,65,100,90,1.0375,0.36466,54.06,1.8229,250,0.9,-4000,35.107,14.389,17.437,76119,83846.0,6.5895,297.8,154.42,1.1796,12.0,,23,,0.58707,0.19774,,,0.97493,0,,0,1,1,49,49,0,49.0,102080.0
231.0,65,100,90,1.556,0.18233,16.218,78.658,250,0.9,-4000,35.261,14.387,17.414,75478,83120.0,6.6063,297.9,190.84,1.1683,12.0,,23,,0.58004,0.19783,,,0.96553,0,,0,1,1,49,49,0,49.0,102290.0
231.2,65,100,90,2.0746,0.091164,4.8654,0.0001,250,0.9,-4000,35.415,14.396,17.39,74837,82394.0,6.6227,297.82,162.12,1.157,12.0,,23,,0.5645,0.19798,,,0.95614,0,,0,1,1,49,49,0,49.0,102180.0
231.4,65,100,90,2.5931,0.045582,1.4596,89.72,250,0.9,-4000,35.568,14.41,17.366,74196,81668.0,6.6385,297.98,217.62,1.1457,12.0,,23,,0.54384,0.19818,,,0.94678,0,,0,1,1,49,49,0,49.0,102060.0
231.6,65,100,90,3.1117,0.022791,49.628,8.972,250,0.9,-4000,35.72,14.427,17.342,73555,80943.0,6.6538,297.85,171.01,1.1344,12.0,,23,,0.5187,0.19842,,,0.93743,0,,0,1,1,49,49,0,49.0,101940.0
231.8,65,100,90,3.6303,0.011395,14.888,159.35,250,0.9,-4000,35.873,14.441,17.318,72914,80217.0,6.6686,298.17,282.1,1.1232,12.0,,23,,0.49797,0.19862,,,0.9281,0,,0,1,1,49,49,0,49.0,102150.0
232.0,65,100,90,4.1489,0.0056977,120.53,15.935,250,0.9,-4000,36.024,14.44,17.294,72274,79492.0,6.6827,297.93,200.85,1.1119,12.0,5885.6,23,3483.7,0.49111,0.19871,17.39,17.248,0.91879,0,56.946,0,1,1,49,49,0,49.0,102870.0
