time,aeration_rate,agitator,sugar_feed_rate,acid_flow_rate,base_flow_rate,heating/cooling_water_flow_rate,heating_water_flow_rate,water_for_injection/dilution,air_head_pressure,dumped_broth_flow,substrate_concentration,dissolved_oxygen_concentration,penicillin_concentration,vessel_volume,vessel_weight,pH,temperature,generated_heat,CO2_percent_in_off_gas,PAA_flow,PAA_concentration,oil_flow,NH3_concentration,oxygen_uptake_rate,oxygen_in_percent_in_off_gas,offline_penicillin_concentration,offline_biomass_concentration,carbon_evolution_rate,ammonia_shots,viscosity,Fault reference(Fault_ref:Fault ref),0 - Recipe driven 1 - Operator controlled(Control_ref:Control ref),1- No Raman spec, 1-Raman spec recorded,2-PAT control(PAT_ref:PAT ref),Batch reference(Batch_ref:Batch ref),experiment_ID,Fault flag
0.2,30,100,8,0.0,24.249,0.0001,144.34,0,0.6,0,0.95596,14.692,0.001,57606,61274.0,6.4568,297.77,130.24,0.083609,5.0,,22,,-0.3422,0.21135,,,0.031799,0,,0,1,1,41,41,0,41.0,0.0
0.4,30,100,8,0.0,41.525,0.0001,46.041,0,0.6,0,1.0092,14.684,0.00099939,57612,61285.0,6.4953,297.91,166.39,0.09426,5.0,,22,,-0.15821,0.20793,,,0.03585,0,,0,1,1,41,41,0,41.0,0.0
0.6,30,100,8,0.0,43.817,0.0001,0.0001,0,0.6,0,1.0609,14.664,0.00099877,57618,61295.0,6.5385,297.88,159.47,0.097751,5.0,,22,,-0.10859,0.20701,,,0.037178,0,,0,1,1,41,41,0,41.0,0.0
0.8,30,100,8,0.0,28.937,0.0001,65.915,0,0.6,0,1.1112,14.639,0.0009982,57622,61303.0,6.562,298.09,215.08,0.099833,5.0,,22,,-0.088119,0.20662,,,0.03797,0,,0,1,1,41,41,0,41.0,0.0
1.0,30,100,8,0.51902,14.469,68.081,6.5915,0,0.6,0,1.16,14.62,0.00099769,57622,61308.0,6.5631,298.0,190.66,0.10169,5.0,1444.9,22,1711.4,-0.077436,0.20642,0.001,0.47654,0.038676,0,4.0803,0,1,1,41,41,0,41.0,0.0
1.2,30,100,8,1.04,7.2343,38.097,0.65915,0,0.6,0,1.2077,14.605,0.00099719,57621,61311.0,6.5506,297.93,171.96,0.10356,5.0,,22,,-0.071107,0.2063,,,0.039387,0,,0,1,1,41,41,0,41.0,0.0
1.4,30,100,8,1.5616,3.6172,11.429,50.794,0,0.6,0,1.2531,14.573,0.00099671,57619,61314.0,6.532,298.07,210.45,0.1055,5.0,,22,,-0.058318,0.20606,,,0.040126,0,,0,1,1,41,41,0,41.0,0.0
1.6,30,100,8,0.0,0.0,59.334,5.0794,0,0.6,0,1.2964,14.546,0.00099624,57617,61316.0,6.5109,297.98,186.68,0.10754,5.0,,22,,-0.046497,0.20583,,,0.040902,0,,0,1,1,41,41,0,41.0,0.0
1.8,30,100,8,0.0,0.0,30.016,0.50794,0,0.6,0,1.3379,14.523,0.00099577,57614,61318.0,6.4907,297.92,171.36,0.10968,5.0,,22,,-0.037106,0.20566,,,0.041715,0,,0,1,1,41,41,0,41.0,0.0
2.0,30,100,8,0.0,4.2217,9.0048,39.946,0,0.6,0,1.3779,14.504,0.00099529,57612,61320.0,6.4769,298.04,202.36,0.11191,5.0,,22,,-0.030018,0.20552,,,0.042565,0,,0,1,1,41,41,0,41.0,0.0
2.2,30,100,8,0.0,13.977,46.973,3.9946,0,0.6,0,1.416,14.486,0.00099477,57612,61325.0,6.4755,297.97,182.79,0.11425,5.0,,22,,-0.024194,0.20541,,,0.043455,0,,0,1,1,41,41,0,41.0,21909.0
2.4,30,100,8,0.0,24.271,22.201,0.39946,0,0.6,0,1.4525,14.472,0.00099422,57615,61331.0,6.4851,297.93,171.71,0.11669,5.0,,22,,-0.020093,0.20532,,,0.044385,0,,0,1,1,41,41,0,41.0,22404.0
2.6,30,100,8,0.0,30.714,6.6604,31.032,0,0.6,0,1.4872,14.447,0.00099365,57618,61339.0,6.5003,298.02,197.36,0.11923,5.0,,22,,-0.011615,0.20516,,,0.045352,0,,0,1,1,41,41,0,41.0,22067.0
2.8,30,100,8,0.0,31.109,37.586,3.1032,0,0.6,0,1.5205,14.41,0.00099307,57622,61347.0,6.5154,297.97,182.99,0.12187,5.0,,22,,0.0028176,0.20489,,,0.046353,0,,0,1,1,41,41,0,41.0,21396.0
3.0,30,100,8,0.0,25.487,19.022,0.31032,0,0.6,0,1.5518,14.388,0.00099252,57624,61354.0,6.522,297.94,175.32,0.1246,5.0,,22,,0.011682,0.20472,,,0.047394,0,,0,1,1,41,41,0,41.0,21225.0
3.2,30,100,15,0.0,17.235,5.7067,26.173,0,0.6,0,1.5952,14.361,0.00099197,57626,61362.0,6.5183,298.03,199.04,0.12743,5.0,,22,,0.021518,0.20453,,,0.048471,0,,0,1,1,41,41,0,41.0,21554.0
3.4,30,100,15,0.0,10.453,34.54,2.6173,0,0.6,0,1.6369,14.328,0.00099144,57627,61367.0,6.5056,297.99,189.25,0.13036,5.0,,22,,0.033418,0.2043,,,0.049585,0,,0,1,1,41,41,0,41.0,20883.0
3.6,30,100,15,0.0,8.7515,22.234,0.26173,0,0.6,0,1.6767,14.307,0.00099092,57628,61373.0,6.4911,297.97,182.83,0.13339,5.0,,22,,0.040967,0.20415,,,0.050738,0,,0,1,1,41,41,0,41.0,22378.0
3.8,30,100,15,0.0,12.829,13.866,0.026173,0,0.6,0,1.7141,14.284,0.00099039,57629,61379.0,6.4812,297.96,180.67,0.13654,5.0,,22,,0.047145,0.20403,,,0.051935,0,,0,1,1,41,41,0,41.0,22374.0
4.0,30,100,15,0.0,20.867,10.046,0.0026173,0,0.6,0,1.7487,14.256,0.00098983,57632,61387.0,6.4792,297.96,180.9,0.1398,5.0,,22,,0.055651,0.20387,,,0.053178,0,,0,1,1,41,41,0,41.0,22036.0
4.2,30,100,15,0.0,29.683,8.9157,0.00026173,0,0.6,0,1.8091,14.21,0.00098924,57637,61398.0,6.4857,297.97,182.58,0.14319,5.0,,30,,0.068088,0.20363,,,0.054466,0,,0,1,1,41,41,0,41.0,22032.0
4.4,30,100,15,0.0,35.875,9.6333,0.0001,0,0.6,0,1.8672,14.187,0.00098862,57643,61410.0,6.4985,297.98,184.73,0.14669,5.0,,30,,0.075303,0.20348,,,0.055799,0,,0,1,1,41,41,0,41.0,21361.0
4.6,30,100,15,0.0,36.959,11.156,0.0001,0,0.6,0,1.9224,14.159,0.00098801,57649,61423.0,6.5128,297.98,187.14,0.15032,5.0,,30,,0.083366,0.20333,,,0.057178,0,,0,1,1,41,41,0,41.0,22023.0
4.8,30,100,15,0.0,32.35,13.307,0.0001,0,0.6,0,1.976,14.119,0.00098741,57654,61434.0,6.5219,297.99,189.17,0.15406,5.0,,30,,0.096488,0.20307,,,0.058602,0,,0,1,1,41,41,0,41.0,20852.0
5.0,30,100,15,0.0,24.119,15.29,0.0001,0,0.6,0,2.0266,14.081,0.00098684,57658,61444.0,6.521,298.0,191.53,0.15793,5.0,,30,,0.10881,0.20283,,,0.060074,0,,0,1,1,41,41,0,41.0,21514.0
5.2,30,100,15,0.0,16.285,18.008,0.0001,0,0.6,0,2.0745,14.025,0.00098631,57659,61451.0,6.5092,298.01,193.77,0.16193,0.0,,30,,0.12939,0.20244,,,0.0616,0,,0,1,1,41,41,0,41.0,20843.0
5.4,30,100,15,0.0,13.149,20.89,0.0001,0,0.6,0,2.1195,13.985,0.0009858,57659,61458.0,6.4944,298.02,195.77,0.16608,0.0,,30,,0.14408,0.20216,,,0.063177,0,,0,1,1,41,41,0,41.0,20838.0
5.6,30,100,15,0.0,15.94,23.779,0.0001,0,0.6,0,2.1609,13.934,0.00098527,57660,61465.0,6.4817,298.02,197.74,0.17038,0.0,,30,,0.16167,0.20182,,,0.064812,0,,0,1,1,41,41,0,41.0,21167.0
5.8,30,100,15,0.0,23.764,26.926,0.0001,0,0.6,0,2.1996,13.895,0.00098472,57662,61474.0,6.4778,298.03,199.89,0.17484,0.0,,30,,0.17413,0.20158,,,0.066512,0,,0,1,1,41,41,0,41.0,21663.0
6.0,30,100,15,0.0,33.122,30.582,0.0001,0,0.6,0,2.2357,13.861,0.00098413,57667,61485.0,6.4815,298.04,201.49,0.17946,0.0,,30,,0.18449,0.20137,,,0.068271,0,,0,1,1,41,41,0,41.0,22158.0
6.2,30,100,15,0.0,41.023,33.822,0.0001,0,0.6,0,2.2693,13.814,0.00098352,57673,61497.0,6.4912,298.04,203.09,0.18422,0.0,,30,,0.19934,0.20108,,,0.070081,0,,0,1,1,41,41,0,41.0,21653.0
6.4,30,100,15,0.0,45.037,37.303,0.0001,0,0.6,0,2.2996,13.753,0.00098289,57679,61510.0,6.5007,298.05,204.5,0.18914,0.0,,30,,0.22006,0.20068,,,0.071952,0,,0,1,1,41,41,0,41.0,20649.0
6.6,30,100,15,0.0,45.276,40.764,0.0001,0,0.6,0,2.3264,13.694,0.00098227,57686,61524.0,6.5105,298.06,205.98,0.19422,0.0,,30,,0.24152,0.20027,,,0.073889,0,,0,1,1,41,41,0,41.0,21311.0
6.8,30,100,15,0.0,41.594,44.513,0.0001,0,0.6,0,2.349,13.635,0.00098166,57692,61536.0,6.5161,298.06,207.92,0.1995,0.0,,30,,0.26145,0.19988,,,0.075896,0,,0,1,1,41,41,0,41.0,21973.0
7.0,30,100,15,0.0,35.679,49.07,0.0001,0,0.6,0,2.3682,13.579,0.00098107,57697,61547.0,6.5171,298.07,209.26,0.20495,0.0,,30,,0.28035,0.19952,,,0.077971,0,,0,1,1,41,41,0,41.0,20968.0
7.2,30,100,15,0.0,29.379,53.108,0.0001,0,0.6,0,2.3838,13.521,0.0009805,57701,61557.0,6.5132,298.07,210.89,0.21058,0.0,,30,,0.29844,0.19916,,,0.080116,0,,0,1,1,41,41,0,41.0,21463.0
7.4,30,100,15,0.0,24.64,57.734,0.0001,0,0.6,0,2.3953,13.451,0.00097994,57703,61566.0,6.5032,298.08,211.84,0.21642,0.0,,30,,0.32112,0.19872,,,0.082338,0,,0,1,1,41,41,0,41.0,22125.0
7.6,30,100,15,0.0,23.881,61.693,0.0001,0,0.6,0,2.403,13.382,0.00097939,57706,61575.0,6.4923,298.08,213.43,0.22245,0.0,,30,,0.34533,0.19825,,,0.084633,0,,0,1,1,41,41,0,41.0,21787.0
7.8,30,100,15,0.0,27.483,66.634,0.0001,0,0.6,0,2.4071,13.309,0.00097883,57709,61585.0,6.4826,298.09,214.7,0.22867,0.0,,30,,0.37103,0.19775,,,0.087001,0,,0,1,1,41,41,0,41.0,21449.0
8.0,30,100,15,0.0,34.965,71.381,0.0001,0,0.6,0,2.4072,13.231,0.00097824,57714,61596.0,6.4798,298.09,214.72,0.23509,0.0,,30,,0.39835,0.19722,,,0.089446,0,,0,1,1,41,41,0,41.0,21444.0
8.2,42,100,15,0.0,43.532,74.677,0.0001,0,0.6,0,2.4023,13.339,0.00097762,57720,61609.0,6.485,298.09,216.1,0.18922,0.0,,30,,0.36664,0.1999,,,0.10078,0,,0,1,1,41,41,0,41.0,22273.0
8.4,42,100,15,0.0,50.031,79.776,0.0001,0,0.6,0,2.3935,13.275,0.00097698,57728,61623.0,6.4952,298.09,215.1,0.1886,0.0,,30,,0.35724,0.20002,,,0.10045,0,,0,1,1,41,41,0,41.0,22102.0
8.6,42,100,15,0.0,52.448,81.951,0.0001,0,0.6,0,2.3803,13.217,0.00097633,57736,61638.0,6.5097,298.08,212.49,0.19308,0.0,,30,,0.37368,0.19979,,,0.10283,0,,0,1,1,41,41,0,41.0,22263.0
8.8,42,100,15,0.0,49.07,81.957,0.0001,0,0.6,0,2.3618,13.134,0.0009757,57744,61652.0,6.5185,298.08,212.62,0.19827,0.0,,30,,0.40243,0.1994,,,0.1056,0,,0,1,1,41,41,0,41.0,22592.0
9.0,42,100,15,0.0,42.194,85.205,0.0001,0,0.6,0,2.3379,13.063,0.00097509,57750,61664.0,6.5197,298.09,215.68,0.2037,0.0,,30,,0.42686,0.19906,,,0.10849,0,,0,1,1,41,41,0,41.0,21754.0
9.2,42,100,15,0.0,34.877,92.182,0.0001,0,0.6,0,2.3076,12.985,0.00097451,57755,61675.0,6.5111,298.1,216.57,0.20932,0.0,,30,,0.45197,0.19871,,,0.11149,0,,0,1,1,41,41,0,41.0,21749.0
9.4,42,100,15,0.0,30.984,96.707,0.0001,0,0.6,0,2.272,12.907,0.00097393,57759,61686.0,6.4975,298.09,216.39,0.21513,0.0,,30,,0.47794,0.19834,,,0.11459,0,,0,1,1,41,41,0,41.0,22411.0
9.6,42,100,15,0.0,32.503,100.02,0.0001,0,0.6,0,2.2292,12.824,0.00097335,57763,61696.0,6.4849,298.09,215.36,0.22114,0.0,,30,,0.50451,0.19797,,,0.11779,0,,0,1,1,41,41,0,41.0,22072.0
9.8,42,100,15,0.0,39.075,102.23,0.0001,0,0.6,0,2.1798,12.739,0.00097275,57768,61708.0,6.475,298.1,216.87,0.22737,0.0,,30,,0.53105,0.1976,,,0.12111,0,,0,1,1,41,41,0,41.0,21067.0
10.0,42,100,15,0.0,49.592,107.63,0.0001,0,0.6,0,2.1246,12.653,0.00097212,57776,61722.0,6.4729,298.1,218.39,0.23381,0.0,,30,,0.56009,0.19719,,,0.12454,0,,0,1,1,41,41,0,41.0,21562.0
10.2,42,100,15,0.0,60.939,113.18,0.0001,0,0.6,0,2.0625,12.576,0.00097144,57786,61738.0,6.4808,298.11,219.86,0.24047,0.0,,30,,0.58026,0.19691,,,0.12809,0,,0,1,1,41,41,0,41.0,21891.0
10.4,42,100,15,0.0,69.091,118.87,0.0001,0,0.6,0,1.9948,12.505,0.00097074,57797,61756.0,6.4924,298.12,223.93,0.24733,0.0,,30,,0.59954,0.19663,,,0.13174,0,,0,1,1,41,41,0,41.0,21886.0
10.6,42,100,15,0.0,72.634,128.13,0.0001,0,0.6,0,1.9207,12.418,0.00097003,57810,61775.0,6.5051,298.13,225.8,0.25438,0.0,,30,,0.6252,0.19627,,,0.13551,0,,0,1,1,41,41,0,41.0,21881.0
10.8,42,100,15,0.0,71.116,135.06,0.0001,0,0.6,0,1.8399,12.311,0.00096933,57822,61793.0,6.5141,298.13,227.07,0.26166,0.0,,30,,0.66067,0.19578,,,0.13939,0,,0,1,1,41,41,0,41.0,22209.0
11.0,42,100,15,0.0,66.025,141.52,0.0001,0,0.6,0,1.7535,12.216,0.00096864,57832,61810.0,6.5209,298.14,229.79,0.26915,0.0,,30,,0.69467,0.1953,,,0.14338,0,,0,1,1,41,41,0,41.0,22537.0
11.2,42,100,15,0.0,58.2,150.06,0.0001,0,0.6,0,1.6604,12.104,0.00096798,57842,61826.0,6.5208,298.16,233.73,0.27687,0.0,,30,,0.73099,0.19479,,,0.14749,0,,0,1,1,41,41,0,41.0,20865.0
11.4,42,100,15,0.0,50.436,160.51,0.0001,0,0.6,0,1.5607,11.994,0.00096735,57850,61840.0,6.5127,298.17,237.25,0.28482,0.0,,30,,0.76719,0.19428,,,0.15173,0,,0,1,1,41,41,0,41.0,21360.0
11.6,42,100,15,0.0,45.921,170.96,0.0001,0,0.6,0,1.4527,11.872,0.00096673,57856,61854.0,6.4982,298.18,239.3,0.29304,0.0,,30,,0.80576,0.19374,,,0.15611,0,,0,1,1,41,41,0,41.0,20855.0
11.8,42,100,15,0.0,47.166,179.99,0.0001,0,0.6,0,1.3368,11.758,0.0009661,57864,61867.0,6.4839,298.19,240.51,0.30152,0.0,,30,,0.84223,0.19322,,,0.16063,0,,0,1,1,41,41,0,41.0,22183.0
12.0,42,100,15,0.0,54.115,188.27,0.0001,0,0.6,0,1.2126,11.65,0.00096545,57872,61882.0,6.4754,298.19,242.66,0.31027,0.0,1560.3,30,1837.9,0.87096,0.19281,0.00096798,2.6083,0.1653,0,10.547,0,1,1,41,41,0,41.0,20678.0
12.2,42,100,30,0.0,64.458,197.96,0.0001,0,0.6,0,1.1107,11.525,0.00096472,57886,61903.0,6.4726,298.2,243.73,0.31931,0.0,,30,,0.90787,0.19229,,,0.17012,0,,0,1,1,41,41,0,41.0,21339.0
12.4,42,100,30,0.0,75.918,206.53,0.0001,0,0.6,0,0.99792,11.406,0.00096395,57901,61926.0,6.4703,298.2,243.48,0.32867,0.0,,30,,0.9395,0.19184,,,0.17511,0,,0,1,1,41,41,0,41.0,22167.0
12.6,42,100,30,0.0,88.315,213.58,0.0001,0,0.7,0,0.87481,12.107,0.00096313,57920,61952.0,6.4718,298.19,241.6,0.33835,0.0,,30,,0.98492,0.1912,,,0.18027,0,,0,1,1,41,41,0,41.0,20996.0
12.8,42,100,30,0.0,100.12,218.51,0.0001,0,0.7,0,0.74383,11.995,0.00096228,57940,61980.0,6.4758,298.19,241.24,0.34831,0.0,,30,,1.0141,0.19078,,,0.18559,0,,0,1,1,41,41,0,41.0,21157.0
13.0,42,100,30,0.0,110.32,225.2,0.0001,0,0.7,0,0.60491,11.867,0.0009614,57963,62010.0,6.4805,298.18,239.6,0.35856,0.0,,30,,1.0514,0.19025,,,0.19105,0,,0,1,1,41,41,0,41.0,22152.0
13.2,42,100,30,0.0,118.64,230.14,0.0001,0,0.7,0,0.45697,11.742,0.00096049,57988,62041.0,6.4844,298.19,243.07,0.3691,0.0,,30,,1.0895,0.1897,,,0.19667,0,,0,1,1,41,41,0,41.0,21313.0
13.4,42,100,30,0.0,125.39,241.48,0.0001,0,0.7,0,0.30353,11.647,0.00095956,58013,62074.0,6.4871,298.21,245.97,0.37989,0.0,,30,,1.1187,0.18928,,,0.20243,0,,0,1,1,41,41,0,41.0,20641.0
13.6,42,100,30,0.0,131.09,252.43,0.0001,0,0.7,0,0.15227,11.621,0.00095861,58040,62109.0,6.4904,298.2,244.47,0.39082,0.0,,30,,1.1369,0.18901,,,0.20826,0,,0,1,1,41,41,0,41.0,20802.0
13.8,42,100,30,0.0,135.45,258.13,0.0001,0,0.7,0,0.03125,12.116,0.00095765,58068,62144.0,6.501,298.14,227.69,0.40156,0.0,,30,,1.0666,0.18995,,,0.21398,0,,0,1,1,41,41,0,41.0,21630.0
14.0,42,100,30,0.0,135.55,244.05,0.0001,0,0.7,0,0.011337,13.01,0.0009567,58096,62179.0,6.5332,297.98,185.05,0.4102,0.0,,30,,0.74174,0.19438,,,0.2186,0,,0,1,1,41,41,0,41.0,20958.0
14.2,42,100,30,0.0,122.72,194.79,0.0001,0,0.7,0,0.011088,12.984,0.0009558,58121,62211.0,6.5661,297.86,154.25,0.4171,0.0,,30,,0.65593,0.19553,,,0.22228,0,,0,1,1,41,41,0,41.0,21786.0
14.4,42,100,30,0.51724,61.36,58.437,216.79,0,0.7,0,0.010952,12.945,0.00095509,58134,62232.0,6.5742,298.7,378.15,0.42373,0.0,,30,,0.64911,0.19561,,,0.22581,0,,0,1,1,41,41,0,41.0,21780.0
14.6,42,100,30,1.0377,30.68,342.12,21.679,0,0.7,0,0.010708,12.934,0.00095446,58141,62246.0,6.5546,298.47,317.85,0.43029,0.0,,30,,0.64084,0.19571,,,0.22931,0,,0,1,1,41,41,0,41.0,20442.0
14.8,42,100,30,1.5606,15.34,284.51,2.1679,0,0.7,0,0.010505,12.887,0.0009539,58145,62257.0,6.5198,298.26,259.84,0.43683,0.0,,30,,0.65288,0.19554,,,0.2328,0,,0,1,1,41,41,0,41.0,21770.0
15.0,42,100,30,0.0,8.0055,229.37,0.21679,0,0.7,0,0.010268,12.852,0.00095336,58147,62267.0,6.4817,298.12,221.86,0.44337,0.0,,30,,0.66132,0.19541,,,0.23629,0,,0,1,1,41,41,0,41.0,21764.0
15.2,42,100,30,0.0,15.848,191.8,0.021679,0,0.7,0,0.009903,12.848,0.00095281,58151,62278.0,6.4555,298.01,192.47,0.4499,0.0,,30,,0.65984,0.19542,,,0.23978,0,,0,1,1,41,41,0,41.0,21759.0
15.4,42,100,30,0.0,34.151,159.44,0.0021679,0,0.7,0,0.0094918,12.865,0.00095221,58159,62293.0,6.4496,297.95,177.17,0.45637,0.0,,30,,0.64626,0.19559,,,0.24323,0,,0,1,1,41,41,0,41.0,21253.0
15.6,42,100,30,0.0,54.773,47.831,159.34,0,0.7,0,0.0093918,12.863,0.00095156,58170,62311.0,6.4623,298.59,350.02,0.4628,0.0,,30,,0.6386,0.19568,,,0.24666,0,,0,1,1,41,41,0,41.0,21415.0
15.8,42,100,30,0.0,70.31,268.41,15.934,0,0.7,0,0.0092573,12.842,0.00095088,58185,62333.0,6.4842,298.41,302.13,0.4692,0.0,,30,,0.64204,0.19562,,,0.25008,0,,0,1,1,41,41,0,41.0,21076.0
16.0,42,100,30,0.0,77.103,224.32,1.5934,0,0.7,0,0.0091011,12.83,0.00095023,58201,62356.0,6.5082,298.25,257.84,0.47559,0.0,,30,,0.64236,0.1956,,,0.25349,0,,0,1,1,41,41,0,41.0,21904.0
16.2,42,100,75,0.0,74.335,184.32,0.15934,0,0.7,0,0.030129,11.55,0.00094933,58225,62392.0,6.5105,298.24,254.38,0.48356,0.0,,35,,0.9544,0.19134,,,0.25774,0,,0,1,1,41,41,0,41.0,21398.0
16.4,42,100,75,0.0,70.723,190.49,0.015934,0,0.7,0,0.029493,11.479,0.00094845,58249,62426.0,6.5021,298.24,254.02,0.49318,0.0,,35,,1.052,0.18998,,,0.26288,0,,0,1,1,41,41,0,41.0,21059.0
16.6,42,100,75,0.0,70.421,199.01,0.0015934,0,0.7,0,0.028272,11.436,0.00094756,58273,62461.0,6.4954,298.23,253.01,0.50307,0.0,,35,,1.075,0.18964,,,0.26815,0,,0,1,1,41,41,0,41.0,20554.0
16.8,42,100,75,0.0,72.766,206.55,0.00015934,0,0.7,0,0.026442,11.403,0.00094667,58297,62496.0,6.492,298.24,254.23,0.513,0.0,,35,,1.0862,0.18947,,,0.27345,0,,0,1,1,41,41,0,41.0,21382.0
17.0,42,100,75,0.0,76.482,216.83,0.0001,0,0.7,0,0.02416,11.408,0.00094577,58322,62532.0,6.4909,298.23,251.38,0.5229,0.0,,35,,1.0801,0.18954,,,0.27874,0,,0,1,1,41,41,0,41.0,21543.0
17.2,42,100,75,0.0,80.633,222.01,0.0001,0,0.7,0,0.023307,11.37,0.00094485,58348,62568.0,6.4881,298.21,246.2,0.53274,0.0,,35,,1.0839,0.18947,,,0.28399,0,,0,1,1,41,41,0,41.0,21871.0
17.4,42,100,75,0.0,85.907,223.92,0.0001,0,0.7,0,0.023492,11.302,0.00094393,58375,62606.0,6.487,298.18,238.35,0.54262,0.0,,35,,1.0941,0.18931,,,0.28926,0,,0,1,1,41,41,0,41.0,22198.0
17.6,42,100,75,0.0,91.636,221.76,0.0001,0,0.7,0,0.022541,11.291,0.00094298,58402,62644.0,6.4885,298.17,235.76,0.55254,0.0,,35,,1.0908,0.18933,,,0.29456,0,,0,1,1,41,41,0,41.0,21526.0
17.8,42,100,75,0.0,96.764,225.32,0.0001,0,0.7,0,0.021688,11.267,0.00094202,58431,62684.0,6.4925,298.14,228.31,0.56246,0.0,,35,,1.0926,0.18929,,,0.29985,0,,0,1,1,41,41,0,41.0,21854.0
18.0,42,100,75,0.0,100.26,222.17,0.0001,0,0.7,0,0.021005,11.233,0.00094105,58461,62725.0,6.4969,298.13,225.63,0.57236,0.0,,35,,1.0967,0.18921,,,0.30514,0,,0,1,1,41,41,0,41.0,21015.0
18.2,42,100,75,0.0,102.01,224.21,0.0001,0,0.7,0,0.019776,11.228,0.00094008,58491,62765.0,6.5039,298.11,218.97,0.58224,0.0,,35,,1.0925,0.18925,,,0.31042,0,,0,1,1,41,41,0,41.0,20676.0
18.4,42,100,75,0.0,100.98,220.66,0.0001,0,0.7,0,0.018305,11.236,0.00093911,58521,62806.0,6.5113,298.1,218.44,0.59205,0.0,,35,,1.0835,0.18936,,,0.31565,0,,0,1,1,41,41,0,41.0,21171.0
18.6,42,100,75,0.0,96.963,224.13,0.0001,0,0.7,0,0.018057,11.191,0.00093815,58550,62846.0,6.5164,298.1,217.54,0.6018,0.0,,35,,1.0882,0.18928,,,0.32086,0,,0,1,1,41,41,0,41.0,20832.0
18.8,42,100,75,0.0,90.939,226.88,0.0001,0,0.7,0,0.017648,11.144,0.00093722,58578,62884.0,6.5164,298.1,217.03,0.61157,0.0,,35,,1.093,0.18919,,,0.32608,0,,0,1,1,41,41,0,41.0,21326.0
19.0,42,100,75,0.0,84.907,230.02,0.0001,0,0.7,0,0.016875,11.114,0.00093631,58605,62921.0,6.5168,298.07,210.24,0.62136,0.0,,35,,1.0962,0.18913,,,0.33131,0,,0,1,1,41,41,0,41.0,22154.0
19.2,42,100,75,0.0,78.717,225.07,0.0001,0,0.7,0,0.016281,11.086,0.00093542,58630,62957.0,6.5138,298.06,206.66,0.63112,0.0,,35,,1.1012,0.18904,,,0.33652,0,,0,1,1,41,41,0,41.0,21315.0
19.4,42,100,75,0.0,73.738,223.47,0.0001,0,0.7,0,0.015326,11.064,0.00093455,58654,62992.0,6.5074,298.04,200.35,0.64082,0.0,,35,,1.1082,0.18893,,,0.3417,0,,0,1,1,41,41,0,41.0,21643.0
19.6,42,100,75,0.0,71.314,217.78,0.0001,0,0.7,0,0.01489,11.028,0.00093368,58678,63027.0,6.4998,298.01,193.63,0.65049,0.0,,35,,1.1117,0.18886,,,0.34687,0,,0,1,1,41,41,0,41.0,20970.0
19.8,42,100,75,0.0,71.908,210.81,0.0001,0,0.7,0,0.014685,10.985,0.00093282,58702,63061.0,6.4929,297.99,187.49,0.66015,0.0,,35,,1.1178,0.18876,,,0.35203,0,,0,1,1,41,41,0,41.0,20798.0
20.0,42,100,75,0.0,75.251,203.64,0.0001,0,0.7,0,0.014249,10.947,0.00093195,58727,63097.0,6.4903,297.97,183.02,0.66984,0.0,,35,,1.1249,0.18864,,,0.3572,0,,0,1,1,41,41,0,41.0,20792.0
20.2,55,100,150,0.0,79.622,197.74,0.0001,0,0.7,0,0.04182,10.078,0.00093082,58768,63152.0,6.4697,298.06,206.21,0.53769,0.0,,35,,1.3805,0.18986,,,0.37535,0,,0,1,1,41,41,0,41.0,21120.0
20.4,55,100,150,0.0,92.314,226.28,0.0001,0,0.7,0,0.041238,9.9386,0.00092965,58811,63210.0,6.4543,298.13,226.58,0.53961,0.0,,35,,1.4449,0.18918,,,0.37669,0,,0,1,1,41,41,0,41.0,21281.0
20.6,55,100,150,0.0,111.09,253.67,0.0001,0,0.7,0,0.036654,9.8984,0.00092842,58858,63271.0,6.4459,298.18,239.0,0.5495,0.0,,35,,1.466,0.18894,,,0.3836,0,,0,1,1,41,41,0,41.0,21442.0
20.8,55,100,150,0.0,133.24,273.85,0.0001,0,0.7,0,0.033776,9.8539,0.00092712,58909,63337.0,6.4423,298.21,247.87,0.55988,0.0,,35,,1.4795,0.18878,,,0.39086,0,,0,1,1,41,41,0,41.0,21269.0
21.0,55,100,150,0.0,156.84,291.45,0.0001,0,0.7,0,0.030979,9.842,0.00092575,58965,63408.0,6.4421,298.24,255.11,0.57028,0.0,,35,,1.4872,0.18868,,,0.39813,0,,0,1,1,41,41,0,41.0,20597.0
21.2,55,100,150,0.0,180.5,308.29,0.0001,0,0.7,0,0.028088,9.8621,0.00092431,59025,63483.0,6.4446,298.25,259.01,0.58063,0.0,,35,,1.4751,0.18879,,,0.40537,0,,0,1,1,41,41,0,41.0,20591.0
21.4,55,100,150,0.0,203.16,321.93,0.0001,0,0.7,0,0.026454,9.8238,0.0009228,59091,63562.0,6.4476,298.27,262.59,0.59098,0.0,,35,,1.4779,0.18874,,,0.41261,0,,0,1,1,41,41,0,41.0,21585.0
21.6,55,100,150,0.0,224.63,335.81,0.0001,0,0.7,0,0.026517,9.7524,0.00092123,59160,63646.0,6.4501,298.26,261.24,0.60137,0.0,,35,,1.4956,0.18853,,,0.41987,0,,0,1,1,41,41,0,41.0,21580.0
21.8,55,100,150,0.0,225.0,343.96,0.0001,0,0.7,0,0.025953,9.6426,0.00091966,59230,63731.0,6.4515,298.27,262.7,0.61189,0.0,,35,,1.5312,0.18814,,,0.42723,0,,0,1,1,41,41,0,41.0,21407.0
22.0,55,100,150,0.0,225.0,355.6,0.0001,0,0.7,0,0.024887,9.5797,0.00091809,59299,63815.0,6.4524,298.28,266.0,0.6225,0.0,,35,,1.5471,0.18795,,,0.43465,0,,0,1,1,41,41,0,41.0,21068.0
22.2,55,100,150,0.0,225.0,369.68,0.0001,0,0.7,0,0.023367,9.5428,0.00091653,59369,63899.0,6.4534,298.29,268.49,0.63315,0.0,,35,,1.551,0.18789,,,0.4421,0,,0,1,1,41,41,0,41.0,20229.0
22.4,55,100,150,0.0,225.0,383.13,0.0001,0,0.7,0,0.023256,9.4395,0.00091497,59438,63983.0,6.4534,298.3,270.79,0.64388,0.0,,35,,1.5712,0.18766,,,0.44961,0,,0,1,1,41,41,0,41.0,22223.0
22.6,55,100,150,0.0,225.0,396.7,0.0001,0,0.7,0,0.021991,9.4211,0.00091342,59508,64067.0,6.4539,298.29,269.08,0.65464,0.0,,35,,1.5786,0.18756,,,0.45713,0,,0,1,1,41,41,0,41.0,21384.0
22.8,55,100,150,0.0,225.0,405.56,0.0001,0,0.7,0,0.021767,9.351,0.00091187,59577,64152.0,6.4542,298.29,270.55,0.6654,0.0,,35,,1.5966,0.18735,,,0.46466,0,,0,1,1,41,41,0,41.0,20544.0
23.0,55,100,150,0.0,225.0,418.28,0.0001,0,0.7,0,0.020358,9.348,0.00091032,59647,64236.0,6.4549,298.27,263.72,0.67616,0.0,,35,,1.5888,0.18741,,,0.47219,0,,0,1,1,41,41,0,41.0,20705.0
23.2,55,100,150,0.0,225.0,420.75,0.0001,0,0.7,0,0.018992,9.3366,0.00090878,59716,64320.0,6.4565,298.24,254.68,0.68686,0.0,,35,,1.5982,0.18729,,,0.47968,0,,0,1,1,41,41,0,41.0,21033.0
23.4,55,100,150,0.0,225.0,419.76,0.0001,0,0.7,0,0.018487,9.2821,0.00090725,59786,64404.0,6.4579,298.2,244.8,0.69754,0.0,,35,,1.6033,0.18722,,,0.48715,0,,0,1,1,41,41,0,41.0,20693.0
23.6,55,100,150,0.0,225.0,416.6,0.0001,0,0.7,0,0.018728,9.1464,0.00090572,59855,64488.0,6.458,298.19,242.09,0.70834,0.0,,35,,1.6398,0.18682,,,0.4947,0,,0,1,1,41,41,0,41.0,21521.0
23.8,55,100,150,0.0,225.0,421.04,0.0001,0,0.7,0,0.017739,9.1101,0.00090419,59925,64572.0,6.4582,298.19,240.3,0.71921,0.0,,35,,1.6531,0.18665,,,0.50231,0,,0,1,1,41,41,0,41.0,21348.0
24.0,55,100,150,0.0,225.0,426.06,0.0001,0,0.7,0,0.017214,9.0629,0.00090267,59994,64657.0,6.4584,298.18,238.58,0.73009,0.0,1238.3,35,1826.2,1.6615,0.18655,0.00090878,8.794,0.50992,0,21.921,0,1,1,41,41,0,41.0,21342.0
24.2,55,100,30,0.0,225.0,430.92,0.0001,0,0.7,0,0.0033093,11.96,0.013337,60040,64710.0,6.4969,297.92,165.73,0.73717,0.0,,35,,0.86077,0.19489,,,0.51488,0,,0,1,1,41,41,0,41.0,20897.0
24.4,55,100,30,0.0,225.0,129.28,524.5,0,0.7,0,0.0034526,11.94,0.027261,60085,64763.0,6.5336,299.63,641.79,0.74182,0.0,,35,,0.75617,0.19596,,,0.51814,0,,0,1,1,41,41,0,41.0,21626.0
24.6,55,100,30,0.0,212.07,717.79,52.45,0,0.7,0,0.0034202,11.892,0.041021,60127,64814.0,6.5663,299.12,500.44,0.74633,0.0,,35,,0.76673,0.19584,,,0.52129,0,,0,1,1,41,41,0,41.0,21188.0
24.8,55,100,30,0.51751,106.03,591.02,5.245,0,0.7,0,0.0034359,11.722,0.054874,60149,64844.0,6.5854,298.62,361.37,0.75085,0.0,,35,,0.81592,0.19532,,,0.52445,0,,0,1,1,41,41,0,41.0,22083.0
25.0,55,100,30,1.0365,53.017,464.78,0.5245,0,0.7,0,0.0033633,11.642,0.069421,60160,64863.0,6.5754,298.24,254.43,0.75534,0.0,,35,,0.84513,0.19501,,,0.5276,0,,0,1,1,41,41,0,41.0,20649.0
25.2,55,100,30,1.5587,26.509,359.55,0.05245,0,0.8,0,0.0033201,12.416,0.084426,60166,64877.0,6.5428,297.99,184.92,0.75983,0.0,,35,,0.86374,0.19481,,,0.53074,0,,0,1,1,41,41,0,41.0,22216.0
25.4,55,100,30,0.0,9.9727,285.4,0.005245,0,0.8,0,0.0032457,12.375,0.10027,60169,64888.0,6.4992,297.86,150.4,0.76429,0.0,,35,,0.8691,0.19475,,,0.53386,0,,0,1,1,41,41,0,41.0,22288.0
25.6,55,100,30,0.0,10.865,85.621,287.35,0,0.8,0,0.0031583,12.39,0.11708,60171,64898.0,6.4606,298.88,433.03,0.7687,0.0,,35,,0.85403,0.19489,,,0.53695,0,,0,1,1,41,41,0,41.0,21365.0
25.8,55,100,30,0.0,27.15,430.78,28.735,0,0.8,0,0.0030998,12.384,0.13435,60177,64912.0,6.4392,298.67,375.53,0.77306,0.0,,35,,0.85658,0.19486,,,0.54,0,,0,1,1,41,41,0,41.0,22777.0
26.0,55,100,30,0.0,51.916,385.02,2.8735,0,0.8,0,0.0030929,12.393,0.15174,60188,64931.0,6.4378,298.41,303.57,0.7774,0.0,,35,,0.8509,0.19491,,,0.54304,0,,0,1,1,41,41,0,41.0,22190.0
26.2,55,100,30,0.0,77.265,322.83,0.28735,0,0.8,0,0.0030831,12.404,0.16921,60204,64954.0,6.4517,298.25,256.58,0.78173,0.0,,35,,0.8462,0.19495,,,0.54607,0,,0,1,1,41,41,0,41.0,22103.0
26.4,55,100,30,0.0,97.07,282.22,0.028735,0,0.8,0,0.0030421,12.416,0.187,60224,64982.0,6.4772,298.11,217.77,0.78604,0.0,,35,,0.8394,0.19501,,,0.54909,0,,0,1,1,41,41,0,41.0,22517.0
26.6,55,100,30,0.0,106.66,244.76,0.0028735,0,0.8,0,0.003005,12.401,0.20526,60246,65012.0,6.5022,298.0,188.22,0.79033,0.0,,35,,0.84356,0.19496,,,0.55209,0,,0,1,1,41,41,0,41.0,22268.0
26.8,55,100,30,0.0,106.28,213.31,0.00028735,0,0.8,0,0.0029681,12.412,0.22405,60267,65042.0,6.5249,297.94,170.44,0.79458,0.0,,35,,0.8285,0.19511,,,0.55506,0,,0,1,1,41,41,0,41.0,21687.0
27.0,55,100,30,0.0,96.86,63.992,218.55,0,0.8,0,0.0030239,12.368,0.24264,60287,65070.0,6.5428,298.73,391.41,0.79884,0.0,,35,,0.82553,0.19513,,,0.55805,0,,0,1,1,41,41,0,41.0,23272.0
27.2,55,100,30,0.0,80.265,334.6,21.855,0,0.8,0,0.0029886,12.337,0.26161,60303,65094.0,6.5509,298.61,357.52,0.80311,0.0,,35,,0.82561,0.19512,,,0.56103,0,,0,1,1,41,41,0,41.0,22860.0
27.4,55,100,30,0.51978,40.133,314.14,2.1855,0,0.8,0,0.002984,12.254,0.28072,60312,65111.0,6.5294,298.47,319.7,0.80737,0.0,,35,,0.84151,0.19495,,,0.56402,0,,0,1,1,41,41,0,41.0,22781.0
27.6,55,100,30,0.0,29.003,291.16,0.21855,0,0.8,0,0.0029482,12.219,0.30038,60318,65125.0,6.5005,298.35,285.11,0.81164,0.0,,35,,0.84618,0.19489,,,0.56701,0,,0,1,1,41,41,0,41.0,21538.0
27.8,55,100,30,0.0,29.368,267.2,0.021855,0,0.8,0,0.0029043,12.195,0.32059,60324,65139.0,6.4758,298.25,258.03,0.81588,0.0,,35,,0.85217,0.19482,,,0.56998,0,,0,1,1,41,41,0,41.0,22631.0
28.0,55,100,30,0.0,39.569,247.78,0.0021855,0,0.8,0,0.0029041,12.189,0.3411,60333,65156.0,6.4613,298.19,239.95,0.82012,0.0,,35,,0.84445,0.19489,,,0.57295,0,,0,1,1,41,41,0,41.0,22892.0
28.2,55,100,37,0.0,55.533,235.63,0.00021855,0,0.8,0,0.0034308,11.925,0.35694,60346,65177.0,6.4555,298.15,230.41,0.82472,0.0,,35,,0.92127,0.19409,,,0.57617,0,,0,1,1,41,41,0,41.0,22131.0
28.4,55,100,37,0.0,73.828,231.33,0.0001,0,0.8,0,0.0033108,11.96,0.37389,60362,65202.0,6.4608,298.14,226.57,0.82944,0.0,,35,,0.91927,0.1941,,,0.57948,0,,0,1,1,41,41,0,41.0,22708.0
28.6,55,100,37,0.0,89.989,232.55,0.0001,0,0.8,0,0.0033845,11.893,0.39017,60382,65230.0,6.4706,298.14,225.82,0.83421,0.0,,35,,0.94605,0.19382,,,0.58281,0,,0,1,1,41,41,0,41.0,23282.0
28.8,55,100,37,0.0,102.27,236.91,0.0001,0,0.8,0,0.0032991,11.935,0.40741,60405,65261.0,6.4829,298.12,222.79,0.83894,0.0,,35,,0.93411,0.19393,,,0.58612,0,,0,1,1,41,41,0,41.0,23194.0
29.0,55,100,37,0.0,109.64,238.27,0.0001,0,0.8,0,0.0032441,11.95,0.42531,60428,65293.0,6.4969,298.1,216.59,0.8436,0.0,,35,,0.91728,0.19409,,,0.58939,0,,0,1,1,41,41,0,41.0,23276.0
29.2,55,100,37,0.0,111.4,235.4,0.0001,0,0.8,0,0.0032096,11.932,0.44365,60453,65326.0,6.5066,298.08,210.77,0.84822,0.0,,35,,0.92535,0.194,,,0.59262,0,,0,1,1,41,41,0,41.0,23026.0
29.4,55,100,37,0.0,109.27,232.26,0.0001,0,0.8,0,0.0031391,11.948,0.46277,60476,65358.0,6.5134,298.06,203.71,0.85278,0.0,,35,,0.91086,0.19414,,,0.59582,0,,0,1,1,41,41,0,41.0,23614.0
29.6,55,100,37,0.0,104.43,226.82,0.0001,0,0.8,0,0.0031053,11.948,0.48228,60499,65389.0,6.5167,298.02,194.18,0.85729,0.0,,35,,0.89753,0.19427,,,0.59898,0,,0,1,1,41,41,0,41.0,23370.0
29.8,55,100,37,0.0,98.262,217.42,0.0001,0,0.8,0,0.0031551,11.884,0.50139,60521,65419.0,6.5182,298.02,192.37,0.86183,0.0,,35,,0.90583,0.19418,,,0.60216,0,,0,1,1,41,41,0,41.0,23458.0
30.0,55,100,37,0.0,91.522,216.31,0.0001,0,0.8,0,0.003142,11.842,0.52061,60541,65448.0,6.5191,298.01,190.93,0.8664,0.0,,35,,0.91741,0.19405,,,0.60536,0,,0,1,1,41,41,0,41.0,24380.0
30.2,55,100,37,0.0,84.388,215.21,0.0001,0,0.9,0,0.0031506,12.628,0.53972,60560,65475.0,6.5166,298.01,189.59,0.87098,0.0,,35,,0.93559,0.19385,,,0.60856,0,,0,1,1,41,41,0,41.0,24301.0
30.4,55,100,37,0.0,78.297,214.01,0.0001,0,0.9,0,0.0030644,12.606,0.55959,60577,65501.0,6.5104,297.99,184.74,0.87554,0.0,,35,,0.9407,0.19379,,,0.61176,0,,0,1,1,41,41,0,41.0,24392.0
30.6,55,100,37,0.0,74.687,208.34,0.0001,0,0.9,0,0.0030696,12.575,0.57956,60594,65526.0,6.5061,297.98,180.97,0.88009,0.0,,35,,0.93812,0.19381,,,0.61494,0,,0,1,1,41,41,0,41.0,23151.0
30.8,55,100,37,0.0,72.763,203.44,0.0001,0,0.9,0,0.0030027,12.566,0.60041,60610,65551.0,6.5016,297.96,177.77,0.88461,0.0,,35,,0.93775,0.1938,,,0.61811,0,,0,1,1,41,41,0,41.0,23747.0
31.0,55,100,37,0.0,72.646,198.72,0.0001,0,0.9,0,0.0029567,12.547,0.62194,60627,65576.0,6.4941,297.97,178.02,0.88911,0.0,,35,,0.93859,0.19379,,,0.62126,0,,0,1,1,41,41,0,41.0,23680.0
31.2,55,100,37,0.0,75.556,197.78,0.0001,0,0.9,0,0.0029489,12.528,0.64376,60644,65602.0,6.4918,297.99,185.19,0.89359,0.0,,35,,0.93652,0.1938,,,0.6244,0,,0,1,1,41,41,0,41.0,24115.0
31.4,55,100,37,0.0,79.35,205.24,0.0001,0,0.9,0,0.0029859,12.472,0.66541,60662,65628.0,6.4916,298.01,191.93,0.89811,0.0,,35,,0.94988,0.19365,,,0.62757,0,,0,1,1,41,41,0,41.0,24048.0
31.6,55,100,37,0.0,83.211,212.95,0.0001,0,0.9,0,0.0030108,12.427,0.68683,60680,65655.0,6.496,298.03,196.49,0.90267,0.0,,35,,0.96759,0.19346,,,0.63076,0,,0,1,1,41,41,0,41.0,24147.0
31.8,55,100,37,0.0,85.319,218.89,0.0001,0,0.9,0,0.0030239,12.376,0.70835,60699,65683.0,6.5015,298.04,200.12,0.90726,0.0,,35,,0.98517,0.19327,,,0.63398,0,,0,1,1,41,41,0,41.0,24080.0
32.0,55,100,37,0.0,85.25,224.37,0.0001,0,0.9,0,0.0030328,12.338,0.73003,60718,65710.0,6.5075,298.06,203.46,0.91185,0.0,,35,,1.0025,0.19308,,,0.63719,0,,0,1,1,41,41,0,41.0,24514.0
32.2,55,100,43,0.0,82.752,230.0,0.0001,0,0.9,0,0.0034779,12.093,0.74704,60737,65739.0,6.5107,298.08,211.15,0.91676,0.0,,35,,1.0553,0.19252,,,0.64063,0,,0,1,1,41,41,0,41.0,24258.0
32.4,55,100,43,0.0,79.005,241.38,0.0001,0,0.9,0,0.0034293,12.065,0.76448,60756,65767.0,6.5136,298.1,215.43,0.92184,0.0,,35,,1.0666,0.1924,,,0.64419,0,,0,1,1,41,41,0,41.0,24171.0
32.6,55,100,43,0.0,74.074,249.51,0.0001,0,0.9,0,0.0033429,12.061,0.78311,60774,65794.0,6.5145,298.11,220.18,0.92686,0.0,,35,,1.0671,0.19238,,,0.64771,0,,0,1,1,41,41,0,41.0,24256.0
32.8,55,100,43,0.0,68.796,258.86,0.0001,0,0.9,0,0.0032427,12.071,0.803,60791,65819.0,6.5125,298.12,220.51,0.93181,0.0,,35,,1.0537,0.19251,,,0.65117,0,,0,1,1,41,41,0,41.0,24348.0
33.0,55,100,43,0.0,64.343,263.44,0.0001,0,0.9,0,0.0031466,12.082,0.82408,60807,65844.0,6.512,298.1,216.19,0.93667,0.0,,35,,1.0383,0.19266,,,0.65458,0,,0,1,1,41,41,0,41.0,25112.0
33.2,55,100,43,0.0,60.068,262.5,0.0001,0,0.9,0,0.0030297,12.084,0.84643,60822,65868.0,6.5089,298.07,206.43,0.94145,0.0,,35,,1.0369,0.19267,,,0.65793,0,,0,1,1,41,41,0,41.0,25215.0
33.4,55,100,43,0.0,57.038,254.49,0.0001,0,0.9,0,0.0030861,12.008,0.86837,60836,65891.0,6.5021,298.05,201.38,0.94623,0.0,,35,,1.0531,0.19249,,,0.66128,0,,0,1,1,41,41,0,41.0,24650.0
33.6,55,100,43,0.0,56.716,251.06,0.0001,0,0.9,0,0.0030641,11.996,0.89085,60851,65915.0,6.496,298.04,197.8,0.95104,0.0,,35,,1.0478,0.19254,,,0.66465,0,,0,1,1,41,41,0,41.0,25255.0
33.8,55,100,43,0.0,58.853,248.65,0.0001,0,0.9,0,0.0030423,11.989,0.91371,60866,65939.0,6.4922,298.01,190.78,0.95582,0.0,,35,,1.0404,0.1926,,,0.668,0,,0,1,1,41,41,0,41.0,25694.0
34.0,55,100,43,0.0,62.486,241.52,0.0001,0,0.9,0,0.0030377,11.955,0.93677,60881,65963.0,6.4903,298.0,186.81,0.9606,0.0,,35,,1.0511,0.19248,,,0.67135,0,,0,1,1,41,41,0,41.0,24801.0
34.2,55,100,43,0.0,66.891,237.28,0.0001,0,0.9,0,0.0030192,11.933,0.96007,60898,65988.0,6.4911,298.0,187.54,0.96538,0.0,,35,,1.0567,0.19242,,,0.6747,0,,0,1,1,41,41,0,41.0,26076.0
34.4,55,100,43,0.0,70.963,238.14,0.0001,0,0.9,0,0.0030867,11.847,0.98288,60915,66015.0,6.4938,298.0,188.09,0.97022,0.0,,35,,1.0808,0.19216,,,0.67809,0,,0,1,1,41,41,0,41.0,25849.0
34.6,55,100,43,0.0,73.97,238.77,0.0001,0,0.9,0,0.0030146,11.841,1.0066,60933,66042.0,6.4971,298.0,187.86,0.97506,0.0,,35,,1.0887,0.19207,,,0.68148,0,,0,1,1,41,41,0,41.0,25792.0
34.8,55,100,43,0.0,75.642,238.53,0.0001,0,0.9,0,0.0029218,11.838,1.0314,60951,66069.0,6.5022,297.99,184.27,0.97982,0.0,,35,,1.0948,0.19199,,,0.68482,0,,0,1,1,41,41,0,41.0,25741.0
35.0,55,100,43,0.0,75.269,234.19,0.0001,0,0.9,0,0.0028921,11.82,1.0569,60969,66096.0,6.5058,297.97,178.62,0.98454,0.0,,35,,1.0978,0.19195,,,0.68813,0,,0,1,1,41,41,0,41.0,26027.0
35.2,55,100,43,0.0,73.462,226.95,0.0001,0,0.9,0,0.0029454,11.752,1.0817,60987,66123.0,6.5083,297.96,176.83,0.98931,0.0,,35,,1.108,0.19184,,,0.69147,0,,0,1,1,41,41,0,41.0,26143.0
35.4,55,100,43,0.0,70.683,223.72,0.0001,0,0.9,0,0.0029472,11.698,1.1068,61004,66149.0,6.5089,297.95,173.24,0.99412,0.0,,35,,1.1205,0.1917,,,0.69484,0,,0,1,1,41,41,0,41.0,25926.0
35.6,55,100,43,0.0,67.647,67.117,236.14,0,0.9,0,0.0030237,11.621,1.1311,61020,66175.0,6.5085,298.82,419.54,0.999,0.0,,35,,1.133,0.19156,,,0.69826,0,,0,1,1,41,41,0,41.0,26706.0
35.8,55,100,43,0.0,64.781,364.45,23.614,0,0.9,0,0.0029773,11.605,1.1561,61036,66199.0,6.5086,298.68,381.83,1.0039,0.0,,35,,1.1318,0.19156,,,0.7017,0,,0,1,1,41,41,0,41.0,25490.0
36.0,55,100,43,0.0,61.859,342.76,2.3614,0,0.9,0,0.0029771,11.57,1.1814,61051,66224.0,6.5094,298.51,331.55,1.0088,0.0,838.33,35,1785.0,1.1296,0.19158,1.0817,12.544,0.70513,0,35.384,0,1,1,41,41,0,41.0,26941.0
36.2,55,100,47,0.0,58.621,308.36,0.23614,0,0.9,0,0.0032962,11.352,1.2029,61067,66249.0,6.508,298.39,297.9,1.014,0.0,,35,,1.1767,0.19108,,,0.70875,0,,0,1,1,41,41,0,41.0,26373.0
36.4,55,100,47,0.0,55.937,287.84,0.023614,0,0.9,0,0.0032617,11.317,1.2249,61082,66273.0,6.5048,298.28,267.72,1.0193,0.0,,35,,1.1854,0.19098,,,0.71246,0,,0,1,1,41,41,0,41.0,27808.0
36.6,55,100,47,0.0,54.557,266.68,0.0023614,0,0.9,0,0.0032508,11.303,1.247,61096,66297.0,6.5012,298.21,246.89,1.0246,0.0,,35,,1.178,0.19104,,,0.71617,0,,0,1,1,41,41,0,41.0,25911.0
36.8,55,100,47,0.0,54.607,252.79,0.00023614,0,0.9,0,0.0032091,11.306,1.2699,61111,66322.0,6.4968,298.15,230.2,1.0298,0.0,,35,,1.1644,0.19117,,,0.71987,0,,0,1,1,41,41,0,41.0,27017.0
37.0,55,100,47,0.0,56.412,240.94,0.0001,0,0.9,0,0.0032292,11.251,1.2926,61126,66346.0,6.4915,298.12,220.68,1.0351,0.0,,35,,1.1765,0.19104,,,0.72357,0,,0,1,1,41,41,0,41.0,26289.0
37.2,55,100,47,0.0,60.324,235.47,0.0001,0,0.9,0,0.0031948,11.212,1.316,61142,66372.0,6.4901,298.1,216.86,1.0404,0.0,,35,,1.186,0.19093,,,0.72728,0,,0,1,1,41,41,0,41.0,26898.0
37.4,55,100,47,0.0,64.806,235.47,0.0001,0,0.9,0,0.0031339,11.216,1.3403,61159,66398.0,6.489,298.07,208.09,1.0457,0.0,,35,,1.1764,0.19102,,,0.73099,0,,0,1,1,41,41,0,41.0,26511.0
37.6,55,100,47,0.0,69.74,228.83,0.0001,0,0.9,0,0.0031385,11.19,1.3645,61177,66425.0,6.494,298.05,202.01,1.051,0.0,,35,,1.1795,0.19098,,,0.73468,0,,0,1,1,41,41,0,41.0,27457.0
37.8,55,100,47,0.0,72.656,224.41,0.0001,0,0.9,0,0.0031156,11.189,1.3894,61195,66453.0,6.4991,298.04,197.97,1.0562,0.0,,35,,1.1731,0.19103,,,0.73836,0,,0,1,1,41,41,0,41.0,27407.0
38.0,55,100,47,0.0,73.516,221.61,0.0001,0,0.9,0,0.0031447,11.136,1.4142,61214,66481.0,6.5038,298.03,196.11,1.0615,0.0,,35,,1.182,0.19093,,,0.74205,0,,0,1,1,41,41,0,41.0,28189.0
38.2,55,100,47,0.0,72.518,220.85,0.0001,0,0.9,0,0.0030715,11.133,1.44,61232,66509.0,6.5055,298.02,193.09,1.0667,0.0,,35,,1.1874,0.19086,,,0.74571,0,,0,1,1,41,41,0,41.0,28476.0
38.4,55,100,47,0.0,70.835,218.4,0.0001,0,0.9,0,0.0030739,11.082,1.4659,61250,66537.0,6.5055,298.02,194.21,1.0719,0.0,,35,,1.1996,0.19073,,,0.74937,0,,0,1,1,41,41,0,41.0,27930.0
38.6,55,100,47,0.0,69.152,220.58,0.0001,0,0.9,0,0.0030911,11.044,1.4919,61268,66564.0,6.5039,298.03,196.58,1.0771,0.0,,35,,1.1964,0.19075,,,0.75304,0,,0,1,1,41,41,0,41.0,28718.0
38.8,55,100,47,0.0,68.108,224.3,0.0001,0,0.9,0,0.0031,10.983,1.5179,61285,66591.0,6.5011,298.06,203.26,1.0824,0.0,,35,,1.2119,0.19058,,,0.75674,0,,0,1,1,41,41,0,41.0,28506.0
39.0,55,100,47,0.0,68.209,233.51,0.0001,0,0.9,0,0.0031215,10.944,1.5436,61302,66619.0,6.499,298.08,209.21,1.0877,0.0,,35,,1.2137,0.19055,,,0.76047,0,,0,1,1,41,41,0,41.0,28793.0
39.2,55,100,47,0.0,69.142,242.6,0.0001,0,0.9,0,0.0031473,10.893,1.569,61320,66646.0,6.4977,298.06,205.61,1.0931,0.0,,35,,1.2201,0.19047,,,0.76422,0,,0,1,1,41,41,0,41.0,28411.0
39.4,55,100,47,0.0,70.568,240.96,0.0001,0,0.9,0,0.0031272,10.893,1.5949,61338,66674.0,6.4975,298.06,204.96,1.0984,0.0,,35,,1.2125,0.19054,,,0.76797,0,,0,1,1,41,41,0,41.0,29032.0
39.6,55,100,47,0.0,72.095,242.67,0.0001,0,0.9,0,0.0029994,10.955,1.6225,61356,66702.0,6.4973,298.06,204.02,1.1037,0.0,,35,,1.1932,0.19073,,,0.77164,0,,0,1,1,41,41,0,41.0,27995.0
39.8,55,100,47,0.0,73.711,243.86,0.0001,0,0.9,0,0.0029209,10.977,1.6512,61375,66730.0,6.4985,298.05,201.99,1.1088,0.0,,35,,1.1798,0.19086,,,0.77523,0,,0,1,1,41,41,0,41.0,29463.0
40.0,55,100,47,0.0,74.808,243.61,0.0001,0,0.9,0,0.0028797,10.968,1.6806,61393,66758.0,6.5007,298.05,200.82,1.1138,0.0,,35,,1.1818,0.19083,,,0.77877,0,,0,1,1,41,41,0,41.0,28601.0
40.2,60,100,51,0.0,75.048,244.18,0.0001,0,1.1,0,0.0030642,12.728,1.7078,61415,66790.0,6.5014,298.05,202.34,1.0332,10.0,,35,,1.1613,0.1922,,,0.78786,0,,0,1,1,41,41,0,41.0,29062.0
40.4,60,100,51,0.0,75.021,247.8,0.0001,0,1.1,0,0.0030217,12.706,1.7355,61437,66821.0,6.504,298.07,207.55,1.0337,10.0,,35,,1.148,0.19233,,,0.78831,0,,0,1,1,41,41,0,41.0,28525.0
40.6,60,100,51,0.0,73.933,255.99,0.0001,0,1.1,0,0.0030266,12.691,1.7633,61458,66852.0,6.5073,298.09,214.01,1.0383,10.0,,35,,1.1426,0.19237,,,0.79177,0,,0,1,1,41,41,0,41.0,29488.0
40.8,60,100,51,0.0,71.511,266.28,0.0001,0,1.1,0,0.0029435,12.701,1.7923,61479,66883.0,6.5094,298.1,214.9,1.043,10.0,,35,,1.1419,0.19237,,,0.79538,0,,0,1,1,41,41,0,41.0,28791.0
41.0,60,100,51,0.0,68.261,270.67,0.0001,0,1.1,0,0.0029116,12.667,1.822,61499,66913.0,6.5088,298.1,216.79,1.0477,10.0,,35,,1.146,0.19232,,,0.79896,0,,0,1,1,41,41,0,41.0,30097.0
41.2,60,100,51,0.0,65.261,276.53,0.0001,0,1.1,0,0.0029146,12.63,1.8518,61519,66942.0,6.5056,298.1,216.15,1.0524,10.0,,35,,1.1474,0.1923,,,0.80255,0,,0,1,1,41,41,0,41.0,28904.0
41.4,60,100,51,0.0,63.541,279.56,0.0001,0,1.1,0,0.0028574,12.631,1.8821,61538,66971.0,6.5028,298.09,212.74,1.057,10.0,,35,,1.1354,0.1924,,,0.80613,0,,0,1,1,41,41,0,41.0,30880.0
41.6,60,100,51,0.0,62.931,279.24,0.0001,0,1.1,0,0.002837,12.603,1.9126,61557,67000.0,6.5016,298.09,212.6,1.0617,10.0,,35,,1.1415,0.19234,,,0.80969,0,,0,1,1,41,41,0,41.0,31023.0
41.8,60,100,51,0.0,62.826,282.5,0.0001,0,1.1,0,0.0027521,12.626,1.944,61576,67029.0,6.5034,298.07,206.49,1.0663,10.0,,35,,1.1346,0.19239,,,0.81319,0,,0,1,1,41,41,0,41.0,29504.0
42.0,60,100,51,0.0,61.985,278.46,0.0001,0,1.1,0,0.0027547,12.594,1.9755,61595,67057.0,6.5052,298.04,198.4,1.0708,10.0,,35,,1.1341,0.19239,,,0.81669,0,,0,1,1,41,41,0,41.0,30486.0
42.2,60,100,51,0.0,60.416,271.42,0.0001,0,1.1,0,0.0026736,12.598,2.0082,61614,67086.0,6.5033,298.01,190.31,1.0753,10.0,,35,,1.1395,0.19233,,,0.82013,0,,0,1,1,41,41,0,41.0,30640.0
42.4,60,100,51,0.0,59.609,263.37,0.0001,0,1.1,0,0.002659,12.566,2.0413,61633,67114.0,6.499,297.98,180.37,1.0798,10.0,,35,,1.1422,0.19229,,,0.82356,0,,0,1,1,41,41,0,41.0,30630.0
42.6,60,100,51,0.0,60.544,252.06,0.0001,0,1.1,0,0.0026719,12.513,2.0745,61651,67142.0,6.4963,297.95,173.19,1.0843,10.0,,35,,1.1539,0.19217,,,0.827,0,,0,1,1,41,41,0,41.0,31453.0
42.8,60,100,51,0.0,62.55,242.82,0.0001,0,1.1,0,0.0026833,12.482,2.1074,61670,67171.0,6.4919,297.93,166.58,1.0889,10.0,,35,,1.1538,0.19217,,,0.83046,0,,0,1,1,41,41,0,41.0,30442.0
43.0,60,100,51,0.0,66.326,72.847,257.86,0,1.1,0,0.002655,12.505,2.1407,61690,67201.0,6.4893,298.85,432.08,1.0934,10.0,,35,,1.1431,0.19226,,,0.8339,0,,0,1,1,41,41,0,41.0,31099.0
43.2,60,100,51,0.0,71.134,388.36,25.786,0,1.1,0,0.0026882,12.465,2.1738,61711,67231.0,6.4908,298.74,400.65,1.0979,10.0,,35,,1.1472,0.19221,,,0.83735,0,,0,1,1,41,41,0,41.0,30755.0
43.4,60,100,51,0.0,75.339,375.69,2.5786,0,1.1,0,0.002638,12.471,2.2074,61732,67262.0,6.4955,298.55,346.62,1.1024,10.0,,35,,1.1409,0.19226,,,0.84079,0,,0,1,1,41,41,0,41.0,32247.0
43.6,60,100,51,0.0,77.667,339.63,0.25786,0,1.1,0,0.0025754,12.481,2.242,61754,67294.0,6.4976,298.39,299.34,1.1068,10.0,,35,,1.1323,0.19233,,,0.84419,0,,0,1,1,41,41,0,41.0,31244.0
43.8,60,100,51,0.0,79.148,305.22,0.025786,0,1.1,0,0.0025185,12.505,2.277,61776,67326.0,6.5023,298.25,259.18,1.1112,10.0,,35,,1.1185,0.19246,,,0.84755,0,,0,1,1,41,41,0,41.0,32076.0
44.0,60,100,51,0.0,78.755,273.04,0.0025786,0,1.1,0,0.0025169,12.485,2.3124,61799,67358.0,6.5075,298.15,230.81,1.1156,10.0,,35,,1.1084,0.19254,,,0.85089,0,,0,1,1,41,41,0,41.0,32910.0
44.2,60,100,57,0.0,76.254,249.55,0.00025786,0,1.1,0,0.0028357,12.209,2.3445,61822,67391.0,6.5069,298.1,214.52,1.1202,10.0,,35,,1.1653,0.192,,,0.85446,0,,0,1,1,41,41,0,41.0,32395.0
44.4,60,100,57,0.0,74.018,236.52,0.0001,0,1.1,0,0.0027519,12.201,2.3775,61844,67423.0,6.5064,298.04,197.83,1.125,10.0,,35,,1.1794,0.19185,,,0.8581,0,,0,1,1,41,41,0,41.0,31217.0
44.6,60,100,57,0.0,71.978,220.6,0.0001,0,1.1,0,0.0027321,12.166,2.411,61866,67455.0,6.4989,298.01,190.03,1.1297,10.0,,35,,1.1832,0.19181,,,0.86173,0,,0,1,1,41,41,0,41.0,32709.0
44.8,60,100,57,0.0,72.964,213.15,0.0001,0,1.1,0,0.0026981,12.13,2.4452,61889,67488.0,6.4925,298.0,186.19,1.1345,10.0,,35,,1.192,0.19172,,,0.86535,0,,0,1,1,41,41,0,41.0,32870.0
45.0,60,100,57,0.0,76.491,209.17,0.0001,0,1.1,0,0.0026863,12.13,2.4796,61912,67521.0,6.4912,297.98,180.88,1.1392,10.0,,35,,1.1849,0.19177,,,0.86897,0,,0,1,1,41,41,0,41.0,33199.0
45.2,60,100,57,0.0,80.497,202.85,0.0001,0,1.1,0,0.0027093,12.088,2.5135,61936,67555.0,6.4914,297.96,175.4,1.1439,10.0,,35,,1.1898,0.19172,,,0.8726,0,,0,1,1,41,41,0,41.0,32526.0
45.4,60,100,57,0.0,84.465,195.67,0.0001,0,1.1,0,0.0027286,12.061,2.5473,61960,67590.0,6.4958,297.94,170.71,1.1487,10.0,,35,,1.1894,0.19171,,,0.87626,0,,0,1,1,41,41,0,41.0,33853.0
45.6,60,100,57,0.0,86.66,58.702,206.99,0,1.1,0,0.0027487,12.015,2.5812,61985,67625.0,6.4981,298.71,393.63,1.1535,10.0,,35,,1.2039,0.19157,,,0.87993,0,,0,1,1,41,41,0,41.0,32179.0
45.8,60,100,57,0.0,87.94,322.2,20.699,0,1.1,0,0.0026921,12.026,2.6157,62010,67660.0,6.5003,298.65,375.31,1.1583,10.0,,35,,1.192,0.19167,,,0.88359,0,,0,1,1,41,41,0,41.0,32676.0
46.0,60,100,57,0.0,88.356,321.38,2.0699,0,1.1,0,0.0026787,12.019,2.6504,62036,67695.0,6.4999,298.53,340.9,1.163,10.0,,35,,1.1885,0.19169,,,0.88722,0,,0,1,1,41,41,0,41.0,33840.0
46.2,60,100,57,0.0,88.933,305.31,0.20699,0,1.1,0,0.0027085,11.961,2.6849,62061,67731.0,6.4995,298.44,313.41,1.1678,10.0,,35,,1.2053,0.19152,,,0.89086,0,,0,1,1,41,41,0,41.0,32836.0
46.4,60,100,57,0.0,89.64,293.45,0.020699,0,1.1,0,0.0026812,11.933,2.7198,62087,67767.0,6.4992,298.34,285.22,1.1725,10.0,,35,,1.2159,0.19141,,,0.8945,0,,0,1,1,41,41,0,41.0,33334.0
46.6,60,100,57,0.0,90.483,277.04,0.0020699,0,1.1,0,0.0027184,11.887,2.7543,62112,67803.0,6.4993,298.26,261.3,1.1773,10.0,,35,,1.2231,0.19134,,,0.89816,0,,0,1,1,41,41,0,41.0,34331.0
46.8,60,100,57,0.0,91.284,262.09,0.00020699,0,1.1,0,0.0027519,11.805,2.7885,62138,67839.0,6.4989,298.21,248.47,1.1822,10.0,,35,,1.2425,0.19114,,,0.90186,0,,0,1,1,41,41,0,41.0,35159.0
47.0,60,100,57,0.0,92.231,257.14,0.0001,0,1.1,0,0.0026922,11.828,2.8234,62164,67875.0,6.4996,298.17,237.06,1.187,10.0,,35,,1.2341,0.19121,,,0.90555,0,,0,1,1,41,41,0,41.0,34157.0
47.2,60,100,57,0.0,92.91,251.92,0.0001,0,1.1,0,0.0026802,11.804,2.8587,62191,67912.0,6.5014,298.15,230.52,1.1918,10.0,,35,,1.2406,0.19114,,,0.90922,0,,0,1,1,41,41,0,41.0,35158.0
47.4,60,100,57,0.0,92.861,250.99,0.0001,0,1.1,0,0.0026688,11.749,2.8942,62217,67948.0,6.5027,298.15,229.41,1.1966,10.0,,35,,1.2559,0.19099,,,0.91289,0,,0,1,1,41,41,0,41.0,35159.0
47.6,60,100,57,0.0,92.287,255.52,0.0001,0,1.1,0,0.0027057,11.674,2.9293,62243,67985.0,6.504,298.16,232.62,1.2014,10.0,,35,,1.2737,0.19081,,,0.91659,0,,0,1,1,41,41,0,41.0,34825.0
47.8,60,100,57,0.0,91.19,264.9,0.0001,0,1.1,0,0.0027277,11.623,2.9645,62269,68021.0,6.5035,298.19,241.66,1.2063,10.0,,35,,1.2879,0.19067,,,0.92033,0,,0,1,1,41,41,0,41.0,34991.0
48.0,60,100,57,0.0,90.309,281.48,0.0001,0,1.1,0,0.0026626,11.644,3.0008,62295,68057.0,6.5051,298.2,243.9,1.2111,10.0,913.2,35,1859.7,1.2741,0.19079,2.8587,16.255,0.92403,0,49.561,0,1,1,41,41,0,41.0,35163.0
48.2,60,100,61,0.0,88.79,291.01,0.0001,0,1.1,0,0.0029087,11.445,3.0343,62321,68094.0,6.503,298.22,249.82,1.2161,10.0,,35,,1.3061,0.19047,,,0.92788,0,,0,1,1,41,41,0,41.0,34488.0
48.4,60,100,61,0.0,88.113,305.36,0.0001,0,1.1,0,0.0028275,11.427,3.0688,62347,68131.0,6.5023,298.22,249.95,1.2212,10.0,,35,,1.3151,0.19038,,,0.93178,0,,0,1,1,41,41,0,41.0,35317.0
48.6,60,100,61,0.0,87.713,313.53,0.0001,0,1.1,0,0.0028753,11.382,3.1029,62373,68168.0,6.5004,298.2,245.17,1.2264,10.0,,35,,1.3078,0.19044,,,0.93571,0,,0,1,1,41,41,0,41.0,34978.0
48.8,60,100,61,0.0,88.085,316.06,0.0001,0,1.1,0,0.0028713,11.338,3.1372,62399,68204.0,6.4989,298.19,240.96,1.2315,10.0,,35,,1.3286,0.19023,,,0.93964,0,,0,1,1,41,41,0,41.0,36474.0
49.0,60,100,61,0.0,89.027,318.79,0.0001,0,1.1,0,0.0029045,11.278,3.1711,62425,68241.0,6.497,298.13,224.96,1.2367,10.0,,35,,1.3436,0.19008,,,0.9436,0,,0,1,1,41,41,0,41.0,36134.0
49.2,60,100,61,0.0,90.757,307.03,0.0001,0,1.1,0,0.0028303,11.303,3.2061,62452,68279.0,6.4977,298.09,213.08,1.2418,10.0,,35,,1.3423,0.19008,,,0.94752,0,,0,1,1,41,41,0,41.0,35966.0
49.4,60,100,61,0.0,92.207,298.4,0.0001,0,1.1,0,0.0027842,11.311,3.2419,62479,68316.0,6.4983,298.04,199.13,1.2468,10.0,,35,,1.3335,0.19015,,,0.95139,0,,0,1,1,41,41,0,41.0,36635.0
49.6,60,100,61,0.0,93.4,285.7,0.0001,0,1.1,0,0.0028154,11.263,3.2776,62506,68354.0,6.4987,298.03,194.31,1.2519,10.0,,35,,1.3355,0.19013,,,0.95526,0,,0,1,1,41,41,0,41.0,35637.0
49.8,60,100,61,0.0,94.432,282.04,0.0001,0,1.1,0,0.0027856,11.256,3.3138,62534,68392.0,6.4982,298.01,188.88,1.2569,10.0,,35,,1.3396,0.19008,,,0.95913,0,,0,1,1,41,41,0,41.0,37142.0
50.0,60,100,61,0.0,95.688,276.81,0.0001,0,1.1,0,0.0027941,11.208,3.3499,62561,68431.0,6.4974,297.99,183.49,1.262,10.0,,35,,1.3461,0.19001,,,0.963,0,,0,1,1,41,41,0,41.0,37813.0
50.2,60,100,61,0.0,97.237,270.95,0.0001,500,1.1,0,0.0027742,12.685,3.3807,62689,68569.0,6.4962,297.86,145.63,1.2671,10.0,,35,,1.0235,0.19305,,,0.96688,0,,0,1,1,41,41,0,41.0,37131.0
50.4,60,100,61,0.0,99.27,81.285,332.69,500,1.1,0,0.0027322,12.736,3.4121,62817,68708.0,6.4936,298.89,447.29,1.2721,10.0,,35,,0.98494,0.1934,,,0.97073,0,,0,1,1,41,41,0,41.0,36952.0
50.6,60,100,61,0.0,102.35,431.12,33.269,500,1.1,0,0.0027608,12.738,3.4429,62946,68848.0,6.4892,298.65,378.23,1.2771,10.0,,35,,0.97802,0.19346,,,0.97459,0,,0,1,1,41,41,0,41.0,37603.0
50.8,60,100,61,0.0,107.19,375.85,3.3269,500,1.1,0,0.0026952,12.796,3.4746,63076,68988.0,6.4868,298.37,293.85,1.2821,10.0,,35,,0.9781,0.19345,,,0.97842,0,,0,1,1,41,41,0,41.0,38258.0
51.0,60,100,61,0.0,112.96,303.49,0.33269,500,1.1,0,0.0026595,12.815,3.5068,63207,69130.0,6.4862,298.14,227.02,1.2871,10.0,,35,,0.97354,0.19348,,,0.98224,0,,0,1,1,41,41,0,41.0,37416.0
51.2,60,100,61,0.0,119.0,241.49,0.033269,500,1.1,0,0.0025703,12.91,3.5398,63339,69273.0,6.489,297.97,175.86,1.292,10.0,,35,,0.96288,0.19357,,,0.98601,0,,0,1,1,41,41,0,41.0,37412.0
51.4,60,100,61,0.0,123.92,188.97,0.0033269,500,1.1,0,0.0025758,12.918,3.5727,63472,69417.0,6.493,297.85,141.8,1.2969,10.0,,35,,0.97107,0.19349,,,0.98975,0,,0,1,1,41,41,0,41.0,37906.0
51.6,60,100,61,0.0,127.24,56.69,209.28,500,1.1,0,0.0025918,12.918,3.6054,63606,69561.0,6.4958,298.5,333.54,1.3018,10.0,,35,,0.97685,0.19342,,,0.9935,0,,0,1,1,41,41,0,41.0,37733.0
51.8,60,100,61,0.0,129.43,274.28,20.928,500,1.1,0,0.0025467,12.976,3.6386,63740,69706.0,6.4986,298.35,289.63,1.3067,10.0,,35,,0.96788,0.1935,,,0.99724,0,,0,1,1,41,41,0,41.0,38896.0
52.0,60,100,61,0.0,130.52,237.38,2.0928,500,1.1,0,0.0024886,13.038,3.6728,63875,69851.0,6.5008,298.18,239.5,1.3115,10.0,,35,,0.95588,0.1936,,,1.0009,0,,0,1,1,41,41,0,41.0,37897.0
52.2,60,100,65,0.0,130.74,193.83,0.20928,500,1.1,0,0.0026882,12.882,3.7043,64010,69997.0,6.5021,298.06,203.15,1.3165,10.0,,35,,1.0047,0.19313,,,1.0047,0,,0,1,1,41,41,0,41.0,39386.0
52.4,60,100,65,0.0,130.42,160.13,0.020928,500,1.1,0,0.0026714,12.915,3.736,64145,70143.0,6.503,297.96,172.91,1.3215,10.0,,35,,1.0031,0.19314,,,1.0086,0,,0,1,1,41,41,0,41.0,38374.0
52.6,60,100,65,0.0,129.76,128.65,0.0020928,500,1.1,0,0.0026728,12.924,3.7676,64280,70290.0,6.5046,297.89,150.89,1.3266,10.0,,35,,0.99942,0.19316,,,1.0124,0,,0,1,1,41,41,0,41.0,39530.0
52.8,60,100,65,0.0,128.45,38.594,147.67,500,1.1,0,0.0027346,12.884,3.7988,64415,70435.0,6.5041,298.35,291.49,1.3317,10.0,,35,,1.0138,0.19302,,,1.0164,0,,0,1,1,41,41,0,41.0,38516.0
53.0,60,100,65,0.0,127.35,195.79,14.767,500,1.1,0,0.0026697,12.919,3.8308,64550,70581.0,6.5021,298.25,259.12,1.3367,10.0,,35,,1.0156,0.19299,,,1.0203,0,,0,1,1,41,41,0,41.0,39506.0
53.2,60,100,65,0.0,127.03,168.66,1.4767,500,1.1,0,0.0025576,13.036,3.8645,64684,70726.0,6.4988,298.14,225.46,1.3417,10.0,,35,,0.98239,0.19329,,,1.0241,0,,0,1,1,41,41,0,41.0,38338.0
53.4,60,100,65,0.0,128.04,140.42,0.14767,500,1.1,0,0.0024814,13.1,3.899,64819,70872.0,6.4962,298.05,200.54,1.3466,10.0,,35,,0.97072,0.19339,,,1.0278,0,,0,1,1,41,41,0,41.0,40008.0
53.6,60,100,65,0.0,130.09,118.06,0.014767,500,1.1,0,0.0024588,13.121,3.9338,64954,71017.0,6.4958,297.99,181.14,1.3514,10.0,,35,,0.96714,0.19342,,,1.0315,0,,0,1,1,41,41,0,41.0,39678.0
53.8,60,100,65,0.0,132.31,98.717,0.0014767,500,1.1,0,0.0024682,13.119,3.9684,65090,71164.0,6.4951,297.94,166.77,1.3563,10.0,,35,,0.97041,0.19338,,,1.0352,0,,0,1,1,41,41,0,41.0,39848.0
54.0,60,100,65,0.0,134.79,29.615,108.17,500,1.1,0,0.0023887,13.183,4.004,65226,71311.0,6.4966,298.28,270.06,1.3611,10.0,,35,,0.96359,0.19343,,,1.0389,0,,0,1,1,41,41,0,41.0,40190.0
54.2,60,100,65,0.0,136.67,144.49,10.817,500,1.1,0,0.0023931,13.186,4.0394,65362,71458.0,6.4991,298.22,251.7,1.3658,10.0,,35,,0.97345,0.19333,,,1.0425,0,,0,1,1,41,41,0,41.0,40697.0
54.4,60,100,65,0.0,137.56,131.84,1.0817,500,1.1,0,0.0024306,13.157,4.0742,65498,71605.0,6.5015,298.15,229.78,1.3707,10.0,,35,,0.98692,0.19319,,,1.0462,0,,0,1,1,41,41,0,41.0,41034.0
54.6,60,100,65,0.0,137.47,115.95,0.10817,500,1.1,0,0.0024464,13.161,4.1087,65635,71753.0,6.502,298.09,212.03,1.3755,10.0,,35,,0.99493,0.19311,,,1.05,0,,0,1,1,41,41,0,41.0,41537.0
54.8,60,100,65,0.0,137.19,102.22,0.010817,500,1.1,0,0.0024271,13.173,4.1432,65771,71900.0,6.5033,298.05,198.11,1.3804,10.0,,35,,1.0023,0.19303,,,1.0537,0,,0,1,1,41,41,0,41.0,41206.0
55.0,60,100,65,0.0,136.4,90.546,0.0010817,500,1.1,0,0.0024181,13.197,4.1779,65908,72047.0,6.5063,298.01,186.02,1.3852,10.0,,35,,1.0057,0.19299,,,1.0574,0,,0,1,1,41,41,0,41.0,41043.0
55.2,60,100,65,0.0,134.41,79.148,0.00010817,500,1.1,0,0.0024386,13.186,4.2128,66043,72194.0,6.5099,297.98,177.0,1.3901,10.0,,35,,1.0179,0.19286,,,1.0611,0,,0,1,1,41,41,0,41.0,41048.0
55.4,60,100,65,0.0,130.98,69.699,0.0001,500,1.1,0,0.0024244,13.186,4.2478,66179,72340.0,6.5118,297.96,171.22,1.3949,10.0,,35,,1.0297,0.19274,,,1.0648,0,,0,1,1,41,41,0,41.0,40886.0
55.6,60,100,65,0.0,126.8,62.709,0.0001,500,1.1,0,0.0024038,13.202,4.2831,66313,72485.0,6.5119,297.95,166.57,1.3997,10.0,,35,,1.0322,0.19271,,,1.0685,0,,0,1,1,41,41,0,41.0,41726.0
55.8,60,100,65,0.0,122.55,18.813,73.418,500,1.1,0,0.0024362,13.185,4.3181,66446,72630.0,6.5106,298.19,241.85,1.4046,10.0,,35,,1.0416,0.19261,,,1.0722,0,,0,1,1,41,41,0,41.0,41731.0
56.0,60,100,65,0.0,118.84,100.28,7.3418,500,1.1,0,0.0024081,13.198,4.3534,66579,72774.0,6.5085,298.15,231.07,1.4094,10.0,,35,,1.0384,0.19263,,,1.076,0,,0,1,1,41,41,0,41.0,40738.0
56.2,60,100,72,0.0,115.98,93.57,0.73418,500,1.1,0,0.0025995,13.056,4.3869,66713,72918.0,6.5057,298.12,220.7,1.4145,10.0,,34,,1.0735,0.19229,,,1.0798,0,,0,1,1,41,41,0,41.0,41735.0
56.4,60,100,72,0.0,114.24,88.12,0.073418,500,1.1,0,0.0025276,13.106,4.4211,66846,73063.0,6.5035,298.09,211.72,1.4196,10.0,,34,,1.0753,0.19226,,,1.0837,0,,0,1,1,41,41,0,41.0,42903.0
56.6,60,100,72,0.0,113.36,82.97,0.0073418,500,1.1,0,0.002517,13.121,4.4555,66979,73207.0,6.5018,298.07,204.02,1.4247,10.0,,34,,1.0761,0.19225,,,1.0876,0,,0,1,1,41,41,0,41.0,42572.0
56.8,60,100,72,0.0,113.14,78.132,0.00073418,500,1.1,0,0.0025709,13.084,4.4889,67112,73351.0,6.4974,298.05,198.66,1.4298,10.0,,34,,1.0834,0.19217,,,1.0916,0,,0,1,1,41,41,0,41.0,42736.0
57.0,60,100,72,0.0,114.71,74.932,0.0001,500,1.1,0,0.0025442,13.091,4.5226,67245,73496.0,6.4927,298.04,194.75,1.435,10.0,,34,,1.0956,0.19204,,,1.0956,0,,0,1,1,41,41,0,41.0,42735.0
57.2,60,100,72,0.0,118.14,72.632,0.0001,500,1.1,0,0.0025578,13.087,4.5562,67379,73641.0,6.4918,298.03,191.65,1.4402,10.0,,34,,1.1023,0.19197,,,1.0996,0,,0,1,1,41,41,0,41.0,42733.0
57.4,60,100,72,0.0,121.93,70.726,0.0001,500,1.1,0,0.0025107,13.161,4.5901,67513,73787.0,6.4947,298.02,188.23,1.4454,10.0,,34,,1.0857,0.19212,,,1.1035,0,,0,1,1,41,41,0,41.0,43066.0
57.6,60,100,72,0.0,124.56,68.096,0.0001,500,1.1,0,0.0025188,13.158,4.624,67648,73933.0,6.4985,298.01,186.33,1.4506,10.0,,34,,1.0936,0.19203,,,1.1075,0,,0,1,1,41,41,0,41.0,43232.0
57.8,60,100,72,0.0,125.69,66.72,0.0001,500,1.1,0,0.0024797,13.207,4.6582,67784,74080.0,6.5013,298.01,184.72,1.4558,10.0,,34,,1.0861,0.19209,,,1.1115,0,,0,1,1,41,41,0,41.0,43400.0
58.0,60,100,72,0.0,125.7,65.407,0.0001,500,1.1,0,0.0025093,13.195,4.6921,67919,74227.0,6.5046,298.01,184.73,1.4609,10.0,,34,,1.0941,0.19201,,,1.1154,0,,0,1,1,41,41,0,41.0,43233.0
58.2,60,100,72,0.0,124.4,65.655,0.0001,500,1.1,0,0.0024514,13.241,4.7265,68054,74373.0,6.5081,298.0,184.24,1.4661,10.0,,34,,1.0928,0.19201,,,1.1194,0,,0,1,1,41,41,0,41.0,43902.0
58.4,60,100,72,0.0,121.67,65.331,0.0001,500,1.1,0,0.0024473,13.241,4.7612,68189,74519.0,6.5105,298.0,183.99,1.4712,10.0,,34,,1.0985,0.19194,,,1.1233,0,,0,1,1,41,41,0,41.0,44739.0
58.6,60,100,72,0.0,117.99,65.214,0.0001,500,1.1,0,0.0024468,13.21,4.796,68323,74665.0,6.5119,298.01,184.74,1.4764,10.0,,34,,1.1126,0.1918,,,1.1273,0,,0,1,1,41,41,0,41.0,44410.0
58.8,60,100,72,0.0,113.74,66.137,0.0001,500,1.1,0,0.0024256,13.228,4.8309,68456,74809.0,6.5128,298.01,185.61,1.4815,10.0,,34,,1.109,0.19183,,,1.1312,0,,0,1,1,41,41,0,41.0,44080.0
59.0,60,100,72,0.0,109.16,67.261,0.0001,500,1.1,0,0.0023962,13.254,4.8659,68588,74952.0,6.5131,298.01,186.4,1.4867,10.0,,34,,1.1013,0.19189,,,1.1352,0,,0,1,1,41,41,0,41.0,44252.0
59.2,60,100,72,0.0,104.42,68.387,0.0001,500,1.1,0,0.0023431,13.293,4.9011,68719,75095.0,6.512,298.01,186.09,1.4918,10.0,,34,,1.0938,0.19195,,,1.1391,0,,0,1,1,41,41,0,41.0,44592.0
59.4,60,100,72,0.0,100.15,68.437,0.0001,500,1.1,0,0.0023452,13.292,4.9362,68849,75237.0,6.5102,298.01,185.44,1.4969,10.0,,34,,1.0992,0.19189,,,1.143,0,,0,1,1,41,41,0,41.0,44764.0
59.6,60,100,72,0.0,96.588,68.107,0.0001,500,1.1,0,0.0022878,13.346,4.9717,68978,75377.0,6.5079,298.0,183.3,1.502,10.0,,34,,1.0939,0.19193,,,1.1469,0,,0,1,1,41,41,0,41.0,44771.0
59.8,60,100,72,0.0,93.952,66.124,0.0001,500,1.1,0,0.0023087,13.343,5.0072,69107,75518.0,6.5053,298.0,182.73,1.507,10.0,,34,,1.0933,0.19192,,,1.1508,0,,0,1,1,41,41,0,41.0,45113.0
60.0,60,100,72,0.0,92.358,65.603,0.0001,500,1.1,0,0.0022768,13.368,5.0432,69236,75658.0,6.5031,298.0,181.96,1.512,10.0,1232.3,34,1852.6,1.0868,0.19198,4.9011,18.529,1.1546,0,41.349,0,1,1,41,41,0,41.0,45956.0
60.2,60,100,76,0.0,91.629,64.765,0.0001,500,1.1,0,0.002336,13.324,5.0789,69365,75798.0,6.5001,298.0,182.86,1.5172,10.0,,33,,1.1094,0.19175,,,1.1586,0,,0,1,1,41,41,0,41.0,44797.0
60.4,60,100,76,0.0,92.128,65.625,0.0001,500,1.1,0,0.0022631,13.398,5.1151,69494,75939.0,6.4994,298.0,181.66,1.5222,10.0,,33,,1.0976,0.19185,,,1.1625,0,,0,1,1,41,41,0,41.0,46142.0
60.6,60,100,76,0.0,92.872,64.315,0.0001,500,1.1,0,0.0022418,13.43,5.1518,69624,76080.0,6.498,297.99,180.83,1.5273,10.0,,33,,1.0912,0.1919,,,1.1663,0,,0,1,1,41,41,0,41.0,45822.0
60.8,60,100,76,0.0,94.191,63.318,0.0001,500,1.1,0,0.002245,13.421,5.1885,69753,76221.0,6.4973,298.0,181.43,1.5323,10.0,,33,,1.1073,0.19174,,,1.1702,0,,0,1,1,41,41,0,41.0,45335.0
61.0,60,100,76,0.0,95.806,63.713,0.0001,500,1.1,0,0.0022285,13.446,5.2254,69883,76363.0,6.4985,298.0,181.58,1.5374,10.0,,33,,1.1079,0.19173,,,1.1741,0,,0,1,1,41,41,0,41.0,45850.0
61.2,60,100,76,0.0,96.934,63.678,0.0001,500,1.1,0,0.0022701,13.42,5.2623,70014,76505.0,6.5005,298.0,182.1,1.5425,10.0,,33,,1.1208,0.1916,,,1.178,0,,0,1,1,41,41,0,41.0,46864.0
61.4,60,100,76,0.0,97.268,64.06,0.0001,500,1.1,0,0.0022432,13.443,5.2995,70144,76646.0,6.5015,298.0,181.54,1.5476,10.0,,33,,1.1259,0.19154,,,1.1819,0,,0,1,1,41,41,0,41.0,46213.0
61.6,60,100,76,0.0,97.197,63.356,0.0001,500,1.1,0,0.002284,13.436,5.3364,70274,76788.0,6.5023,298.0,182.56,1.5527,10.0,,33,,1.1229,0.19156,,,1.1858,0,,0,1,1,41,41,0,41.0,47561.0
61.8,60,100,76,0.0,96.778,64.265,0.0001,500,1.1,0,0.0022845,13.433,5.3736,70404,76930.0,6.5029,298.0,183.62,1.5579,10.0,,33,,1.1319,0.19146,,,1.1898,0,,0,1,1,41,41,0,41.0,46410.0
62.0,60,100,76,0.0,96.131,65.304,0.0001,500,1.1,0,0.0022136,13.507,5.4112,70534,77072.0,6.5025,298.0,182.27,1.563,10.0,,33,,1.1212,0.19155,,,1.1938,0,,0,1,1,41,41,0,41.0,46261.0
62.2,60,100,76,0.0,95.661,63.944,0.0001,500,1.1,0,0.0021263,13.568,5.4493,70664,77213.0,6.5007,297.99,180.32,1.568,10.0,,33,,1.1207,0.19155,,,1.1976,0,,0,1,1,41,41,0,41.0,46615.0
62.4,60,100,76,0.0,95.892,61.861,0.0001,500,1.1,0,0.0021169,13.579,5.4876,70794,77355.0,6.4996,297.98,177.48,1.573,10.0,,33,,1.127,0.19148,,,1.2014,0,,0,1,1,41,41,0,41.0,47803.0
62.6,60,100,76,0.0,96.576,58.656,0.0001,500,1.1,0,0.0021187,13.592,5.526,70924,77496.0,6.499,297.98,176.64,1.5779,10.0,,33,,1.1342,0.1914,,,1.2052,0,,0,1,1,41,41,0,41.0,47325.0
62.8,60,100,76,0.0,97.501,57.219,0.0001,500,1.1,0,0.0021465,13.579,5.5644,71054,77638.0,6.4982,297.98,177.01,1.5829,10.0,,33,,1.1383,0.19135,,,1.209,0,,0,1,1,41,41,0,41.0,48013.0
63.0,60,100,76,0.0,98.744,56.905,0.0001,500,1.1,0,0.0020873,13.649,5.6031,71185,77780.0,6.4976,297.98,175.72,1.5879,10.0,,33,,1.1253,0.19147,,,1.2128,0,,0,1,1,41,41,0,41.0,47869.0
63.2,60,100,76,0.0,100.22,54.89,0.0001,500,1.1,0,0.0020469,13.726,5.6415,71316,77923.0,6.4987,297.97,173.41,1.5928,10.0,,33,,1.1082,0.19162,,,1.2166,0,,0,1,1,41,41,0,41.0,48725.0
63.4,60,100,76,0.0,101.27,51.713,0.0001,500,1.1,0,0.0020536,13.728,5.68,71447,78065.0,6.4995,297.96,170.55,1.5976,10.0,,33,,1.1182,0.19151,,,1.2203,0,,0,1,1,41,41,0,41.0,47747.0
63.6,60,100,76,0.0,101.98,47.747,0.0001,500,1.1,0,0.0020503,13.736,5.7183,71578,78208.0,6.5021,297.96,168.74,1.6024,10.0,,33,,1.1343,0.19135,,,1.224,0,,0,1,1,41,41,0,41.0,48435.0
63.8,60,100,76,0.0,101.67,44.553,0.0001,500,1.1,0,0.0020081,13.754,5.7565,71709,78350.0,6.5051,297.95,167.77,1.6073,10.0,,33,,1.1529,0.19117,,,1.2277,0,,0,1,1,41,41,0,41.0,48455.0
64.0,60,100,76,0.0,100.14,41.997,0.0001,500,1.1,0,0.0019959,13.751,5.795,71840,78492.0,6.507,297.95,166.85,1.612,10.0,,33,,1.1742,0.19096,,,1.2314,0,,0,1,1,41,41,0,41.0,48311.0
64.2,60,100,80,0.0,97.841,39.369,0.0001,500,1.1,0,0.0020742,13.696,5.8331,71971,78635.0,6.5076,297.96,169.15,1.6169,10.0,,32,,1.198,0.19072,,,1.2351,0,,0,1,1,41,41,0,41.0,48831.0
64.4,60,100,80,0.0,95.315,39.921,0.0001,500,1.1,0,0.0020876,13.698,5.8714,72101,78777.0,6.5069,297.97,172.42,1.6218,10.0,,32,,1.2088,0.19061,,,1.2389,0,,0,1,1,41,41,0,41.0,49186.0
64.6,60,100,80,0.0,93.067,41.64,0.0001,500,1.1,0,0.0020726,13.704,5.9098,72231,78919.0,6.5066,297.98,175.62,1.6268,10.0,,32,,1.2221,0.19048,,,1.2427,0,,0,1,1,41,41,0,41.0,50041.0
64.8,60,100,80,0.0,90.961,43.628,0.0001,500,1.1,0,0.0020638,13.703,5.9482,72361,79060.0,6.5059,297.99,178.83,1.6317,10.0,,32,,1.2413,0.19029,,,1.2465,0,,0,1,1,41,41,0,41.0,49729.0
65.0,60,100,80,0.0,89.134,45.971,0.0001,500,1.1,0,0.0020836,13.717,5.9865,72490,79201.0,6.5045,298.0,181.81,1.6366,10.0,,32,,1.2435,0.19025,,,1.2503,0,,0,1,1,41,41,0,41.0,48751.0
65.2,60,100,80,0.0,87.861,48.436,0.0001,500,1.1,0,0.0020788,13.739,6.0248,72619,79341.0,6.5018,298.0,184.94,1.6416,10.0,,32,,1.2422,0.19026,,,1.254,0,,0,1,1,41,41,0,41.0,49438.0
65.4,60,100,80,0.0,87.676,51.373,0.0001,500,1.1,0,0.0020358,13.803,6.0633,72748,79482.0,6.5002,298.01,185.05,1.6464,10.0,,32,,1.2307,0.19036,,,1.2578,0,,0,1,1,41,41,0,41.0,50294.0
65.6,60,100,80,0.0,88.125,51.596,0.0001,500,1.1,0,0.0020321,13.812,6.1018,72877,79622.0,6.4979,298.0,183.48,1.6513,10.0,,32,,1.2356,0.1903,,,1.2615,0,,0,1,1,41,41,0,41.0,50649.0
65.8,60,100,80,0.0,89.487,50.215,0.0001,500,1.1,0,0.0019766,13.876,6.1404,73006,79763.0,6.4975,297.99,181.44,1.6561,10.0,,32,,1.2269,0.19037,,,1.2652,0,,0,1,1,41,41,0,41.0,50172.0
66.0,60,100,80,0.0,91.004,48.214,0.0001,500,1.1,0,0.0019404,13.918,6.1794,73136,79904.0,6.497,297.99,179.33,1.6608,10.0,,32,,1.224,0.19039,,,1.2688,0,,0,1,1,41,41,0,41.0,49863.0
66.2,60,100,80,0.0,92.705,45.95,0.0001,500,1.1,0,0.001896,13.991,6.2181,73266,80045.0,6.4996,297.98,176.82,1.6655,10.0,,32,,1.204,0.19057,,,1.2724,0,,0,1,1,41,41,0,41.0,50053.0
66.4,60,100,80,0.0,93.381,43.054,0.0001,500,1.1,0,0.0018352,14.049,6.257,73396,80186.0,6.5021,297.97,173.11,1.67,10.0,,32,,1.2025,0.19058,,,1.2759,0,,0,1,1,41,41,0,41.0,51578.0
66.6,60,100,80,0.0,93.073,38.693,0.0001,500,1.1,0,0.0018326,14.074,6.2956,73526,80328.0,6.5027,297.96,169.15,1.6746,10.0,,32,,1.1993,0.1906,,,1.2794,0,,0,1,1,41,41,0,41.0,51600.0
66.8,60,100,80,0.0,92.515,33.719,0.0001,500,1.1,0,0.0018167,14.081,6.3342,73655,80469.0,6.5038,297.95,166.26,1.6791,10.0,,32,,1.2143,0.19045,,,1.2828,0,,0,1,1,41,41,0,41.0,51289.0
67.0,60,100,80,0.0,91.521,29.386,0.0001,500,1.1,0,0.0017894,14.123,6.3727,73785,80609.0,6.5032,297.94,164.22,1.6835,10.0,,32,,1.2135,0.19045,,,1.2863,0,,0,1,1,41,41,0,41.0,51478.0
67.2,60,100,80,0.0,90.764,8.8157,40.081,500,1.1,0,0.001777,14.135,6.4109,73914,80750.0,6.5025,298.06,204.66,1.688,10.0,,32,,1.2202,0.19038,,,1.2897,0,,0,1,1,41,41,0,41.0,50999.0
67.4,60,100,80,0.0,90.272,46.925,4.0081,500,1.1,0,0.0017611,14.181,6.4489,74044,80891.0,6.501,298.05,201.13,1.6924,10.0,,32,,1.2122,0.19044,,,1.2931,0,,0,1,1,41,41,0,41.0,51852.0
67.6,60,100,80,0.0,90.385,44.856,0.40081,500,1.1,0,0.0017388,14.231,6.4864,74173,81031.0,6.501,298.03,193.87,1.6968,10.0,,32,,1.208,0.19047,,,1.2964,0,,0,1,1,41,41,0,41.0,53036.0
67.8,60,100,80,0.0,90.489,39.665,0.040081,500,1.1,0,0.0017181,14.258,6.524,74302,81171.0,6.5031,298.01,187.05,1.7011,10.0,,32,,1.2142,0.19041,,,1.2997,0,,0,1,1,41,41,0,41.0,52554.0
68.0,60,100,80,0.0,89.744,34.22,0.0040081,500,1.1,0,0.0016562,14.343,6.5612,74432,81311.0,6.5037,297.99,179.93,1.7053,10.0,,32,,1.1957,0.19057,,,1.303,0,,0,1,1,41,41,0,41.0,51736.0
68.2,60,100,84,0.0,88.794,27.753,0.00040081,500,1.1,0,0.001708,14.308,6.5988,74561,81452.0,6.5031,297.98,176.5,1.7095,10.0,,31,,1.2121,0.19041,,,1.3062,0,,0,1,1,41,41,0,41.0,52921.0
68.4,60,100,84,0.0,88.066,24.173,0.0001,500,1.1,0,0.0016877,14.344,6.6362,74691,81593.0,6.5023,297.97,173.22,1.7138,10.0,,31,,1.2159,0.19037,,,1.3095,0,,0,1,1,41,41,0,41.0,53105.0
68.6,60,100,84,0.0,87.673,20.295,0.0001,500,1.1,0,0.0016814,14.362,6.6736,74821,81733.0,6.5011,297.97,171.28,1.7181,10.0,,31,,1.2192,0.19033,,,1.3128,0,,0,1,1,41,41,0,41.0,53955.0
68.8,60,100,84,0.0,87.772,17.389,0.0001,500,1.1,0,0.0016784,14.371,6.7111,74950,81874.0,6.4984,297.96,170.47,1.7223,10.0,,31,,1.2318,0.1902,,,1.316,0,,0,1,1,41,41,0,41.0,53805.0
69.0,60,100,84,0.0,88.947,15.35,0.0001,500,1.1,0,0.001621,14.454,6.7481,75080,82014.0,6.4967,297.96,167.97,1.7265,10.0,,31,,1.217,0.19033,,,1.3192,0,,0,1,1,41,41,0,41.0,54487.0
69.2,60,100,84,0.0,90.77,11.555,0.0001,500,1.1,0,0.0016226,14.46,6.7852,75210,82155.0,6.494,297.95,166.4,1.7306,10.0,,31,,1.2232,0.19026,,,1.3224,0,,0,1,1,41,41,0,41.0,53335.0
69.4,60,100,84,0.0,93.697,8.4453,0.0001,500,1.1,0,0.0016147,14.507,6.822,75341,82297.0,6.4943,297.95,165.05,1.7347,10.0,,31,,1.2124,0.19036,,,1.3256,0,,0,1,1,41,41,0,41.0,54016.0
69.6,60,100,84,0.0,96.486,2.5336,18.855,500,1.1,0,0.0016244,14.504,6.8593,75472,82439.0,6.4953,298.0,182.43,1.7389,10.0,,31,,1.2259,0.19022,,,1.3288,0,,0,1,1,41,41,0,41.0,54199.0
69.8,60,100,84,0.0,98.887,17.502,1.8855,500,1.1,0,0.0016165,14.529,6.8965,75604,82582.0,6.4995,297.99,180.32,1.743,10.0,,31,,1.2313,0.19016,,,1.332,0,,0,1,1,41,41,0,41.0,54381.0
70.0,60,100,84,0.0,99.616,14.978,0.18855,500,1.1,0,0.0016382,14.522,6.9337,75735,82724.0,6.5041,297.98,177.83,1.7472,10.0,,31,,1.2399,0.19007,,,1.3352,0,,0,1,1,41,41,0,41.0,54564.0
70.2,60,100,84,0.0,98.477,12.285,0.018855,500,1.1,0,0.001637,14.527,6.9709,75867,82867.0,6.5079,297.98,175.97,1.7514,10.0,,31,,1.2515,0.18996,,,1.3384,0,,0,1,1,41,41,0,41.0,54080.0
70.4,60,100,84,0.0,95.834,9.9447,0.0018855,500,1.1,0,0.0016427,14.544,7.0082,75998,83009.0,6.5107,297.98,175.04,1.7556,10.0,,31,,1.2528,0.18994,,,1.3416,0,,0,1,1,41,41,0,41.0,55430.0
70.6,60,100,84,0.0,92.076,8.3008,0.00018855,500,1.1,0,0.0016584,14.536,7.0456,76128,83150.0,6.511,297.98,175.29,1.7599,10.0,,31,,1.2631,0.18983,,,1.3449,0,,0,1,1,41,41,0,41.0,54446.0
70.8,60,100,84,0.0,88.215,7.6734,0.0001,500,1.1,0,0.0016539,14.53,7.083,76258,83291.0,6.5078,297.98,176.09,1.7641,10.0,,31,,1.2827,0.18964,,,1.3482,0,,0,1,1,41,41,0,41.0,55463.0
71.0,60,100,84,0.0,85.642,7.5753,0.0001,500,1.1,0,0.0016837,14.499,7.1204,76387,83431.0,6.5027,297.99,178.16,1.7685,10.0,,31,,1.3087,0.18938,,,1.3515,0,,0,1,1,41,41,0,41.0,54980.0
71.2,60,100,84,0.0,85.072,8.7718,0.0001,500,1.1,0,0.0016868,14.517,7.1577,76516,83571.0,6.4977,297.99,180.19,1.7728,10.0,,31,,1.314,0.18933,,,1.3548,0,,0,1,1,41,41,0,41.0,55830.0
71.4,60,100,84,0.0,86.493,10.112,0.0001,500,1.1,0,0.0017143,14.505,7.1952,76645,83712.0,6.492,298.0,182.36,1.7772,10.0,,31,,1.3311,0.18916,,,1.3582,0,,0,1,1,41,41,0,41.0,55847.0
71.6,60,100,84,0.0,90.233,11.798,0.0001,500,1.1,0,0.0017091,14.544,7.2325,76775,83853.0,6.4906,298.0,183.7,1.7816,10.0,,31,,1.3273,0.18918,,,1.3616,0,,0,1,1,41,41,0,41.0,56197.0
71.8,60,100,84,0.0,94.479,12.904,0.0001,500,1.1,0,0.001687,14.58,7.2698,76906,83995.0,6.4928,298.0,184.12,1.786,10.0,,31,,1.3263,0.18918,,,1.3649,0,,0,1,1,41,41,0,41.0,56046.0
72.0,60,100,84,0.0,97.875,13.294,0.0001,500,1.1,0,0.0016905,14.594,7.3071,77037,84138.0,6.4952,298.0,184.22,1.7904,10.0,1400.5,31,1775.2,1.3318,0.18912,7.1577,19.866,1.3683,0,26.352,0,1,1,41,41,0,41.0,55729.0
72.2,60,100,90,0.0,100.31,13.435,0.0001,500,1.1,0,0.0018207,14.495,7.345,77170,84282.0,6.4961,298.01,187.78,1.7949,10.0,,30,,1.3813,0.18865,,,1.3718,0,,0,1,1,41,41,0,41.0,56582.0
72.4,60,100,90,0.0,102.4,16.881,0.0001,500,1.1,0,0.0018398,14.49,7.3832,77303,84428.0,6.4973,298.02,190.5,1.7996,10.0,,30,,1.4055,0.18841,,,1.3754,0,,0,1,1,41,41,0,41.0,57103.0
72.6,60,100,90,0.0,104.0,19.821,0.0001,500,1.1,0,0.0018579,14.474,7.4214,77437,84573.0,6.5003,298.03,192.83,1.8044,10.0,,30,,1.4307,0.18816,,,1.3791,0,,0,1,1,41,41,0,41.0,56957.0
72.8,60,100,90,0.0,104.38,22.691,0.0001,500,1.1,0,0.0018166,14.521,7.4594,77571,84719.0,6.5047,298.03,193.05,1.8091,10.0,,30,,1.4367,0.18809,,,1.3827,0,,0,1,1,41,41,0,41.0,57143.0
73.0,60,100,90,0.0,103.01,23.805,0.0001,500,1.1,0,0.001773,14.571,7.4976,77704,84864.0,6.5097,298.02,192.09,1.8137,10.0,,30,,1.4342,0.18811,,,1.3863,0,,0,1,1,41,41,0,41.0,56997.0
73.2,60,100,90,0.0,99.659,23.874,0.0001,500,1.1,0,0.0017517,14.59,7.5357,77837,85008.0,6.5131,298.02,191.61,1.8183,10.0,,30,,1.4417,0.18803,,,1.3898,0,,0,1,1,41,41,0,41.0,58184.0
73.4,60,100,90,0.0,94.954,24.325,0.0001,500,1.1,0,0.0017532,14.583,7.5739,77969,85152.0,6.5153,298.02,191.56,1.8229,10.0,,30,,1.462,0.18783,,,1.3933,0,,0,1,1,41,41,0,41.0,57372.0
73.6,60,100,90,0.0,89.352,25.116,0.0001,500,1.1,0,0.0017628,14.576,7.6123,78100,85294.0,6.5156,298.02,192.28,1.8275,10.0,,30,,1.4793,0.18766,,,1.3968,0,,0,1,1,41,41,0,41.0,57560.0
73.8,60,100,90,0.0,83.633,26.616,0.0001,500,1.1,0,0.0017159,14.629,7.6504,78230,85435.0,6.5148,298.02,191.86,1.832,10.0,,30,,1.4752,0.18769,,,1.4003,0,,0,1,1,41,41,0,41.0,58580.0
74.0,60,100,90,0.0,78.218,27.114,0.0001,500,1.1,0,0.0017002,14.657,7.6882,78358,85575.0,6.5123,298.02,191.43,1.8365,10.0,,30,,1.4751,0.18768,,,1.4038,0,,0,1,1,41,41,0,41.0,58432.0
74.2,60,100,90,0.0,73.828,27.58,0.0001,500,1.1,0,0.0017692,14.609,7.726,78486,85715.0,6.508,298.03,193.36,1.8411,10.0,,30,,1.5016,0.18742,,,1.4073,0,,0,1,1,41,41,0,41.0,57785.0
74.4,60,100,90,0.0,71.147,30.196,0.0001,500,1.1,0,0.0017513,14.646,7.7638,78613,85853.0,6.5021,298.03,194.68,1.8456,10.0,,30,,1.5022,0.1874,,,1.4108,0,,0,1,1,41,41,0,41.0,58470.0
74.6,60,100,90,0.0,70.834,32.397,0.0001,500,1.1,0,0.0017298,14.68,7.8015,78740,85992.0,6.4973,298.03,195.0,1.8502,10.0,,30,,1.5026,0.18739,,,1.4143,0,,0,1,1,41,41,0,41.0,58988.0
74.8,60,100,90,0.0,72.417,33.813,0.0001,500,1.1,0,0.0016578,14.771,7.8388,78867,86131.0,6.4925,298.02,192.5,1.8547,10.0,,30,,1.4828,0.18757,,,1.4177,0,,0,1,1,41,41,0,41.0,58171.0
75.0,60,100,90,0.0,75.93,32.66,0.0001,500,1.1,0,0.0016866,14.76,7.8762,78995,86270.0,6.4895,298.02,190.99,1.8591,10.0,,30,,1.4953,0.18744,,,1.4212,0,,0,1,1,41,41,0,41.0,59688.0
75.2,60,100,90,0.0,80.63,32.231,0.0001,100,1.1,0,0.0017404,13.841,7.9219,79044,86331.0,6.4914,298.11,222.91,1.8637,10.0,,30,,1.8111,0.18443,,,1.4247,0,,0,1,1,41,41,0,41.0,58907.0
75.4,60,100,90,0.0,84.576,62.592,0.0001,100,1.1,0,0.0017389,13.812,7.9675,79094,86393.0,6.4952,298.18,249.18,1.8683,10.0,,30,,1.8663,0.18389,,,1.4282,0,,0,1,1,41,41,0,41.0,59792.0
75.6,60,100,90,0.0,87.024,90.231,0.0001,100,1.1,0,0.0017626,13.771,8.0127,79144,86455.0,6.5004,298.23,270.89,1.8729,10.0,,30,,1.8858,0.1837,,,1.4318,0,,0,1,1,41,41,0,41.0,60176.0
75.8,60,100,90,0.0,87.391,116.4,0.0001,100,1.1,0,0.0017687,13.743,8.0579,79194,86517.0,6.5046,298.28,289.28,1.8776,10.0,,30,,1.8943,0.18361,,,1.4354,0,,0,1,1,41,41,0,41.0,60392.0
76.0,60,100,90,0.0,86.085,141.76,0.0001,100,1.1,0,0.0017722,13.722,8.1029,79244,86578.0,6.5074,298.31,299.81,1.8823,10.0,,30,,1.8994,0.18355,,,1.439,0,,0,1,1,41,41,0,41.0,60108.0
76.2,60,100,116,0.0,83.662,161.77,0.0001,100,1.1,0,0.0024673,13.142,8.1452,79298,86647.0,6.5015,298.37,320.44,1.8879,10.0,,29,,2.095,0.18166,,,1.4433,0,,0,1,1,41,41,0,41.0,60477.0
76.4,60,100,116,0.0,83.622,192.3,0.0001,100,1.1,0,0.0024736,13.088,8.1875,79353,86715.0,6.4969,298.4,332.44,1.894,10.0,,29,,2.1425,0.18119,,,1.448,0,,0,1,1,41,41,0,41.0,60013.0
76.6,60,100,116,0.0,85.375,216.73,0.0001,100,1.1,0,0.0024437,13.072,8.2305,79408,86783.0,6.4932,298.41,337.29,1.9003,10.0,,29,,2.1496,0.18111,,,1.4528,0,,0,1,1,41,41,0,41.0,60719.0
76.8,60,100,116,0.0,88.631,235.94,0.0001,100,1.1,0,0.0024338,13.059,8.2736,79463,86852.0,6.4898,298.43,342.59,1.9065,10.0,,29,,2.1487,0.18111,,,1.4576,0,,0,1,1,41,41,0,41.0,60592.0
77.0,60,100,116,0.0,93.237,256.19,0.0001,100,1.1,0,0.0023447,13.111,8.3176,79520,86922.0,6.4893,298.42,341.66,1.9126,10.0,,29,,2.1302,0.18128,,,1.4623,0,,0,1,1,41,41,0,41.0,61136.0
77.2,60,100,116,0.0,98.028,271.22,0.0001,100,1.1,0,0.0023638,13.07,8.3615,79577,86993.0,6.4911,298.41,337.73,1.9186,10.0,,29,,2.1414,0.18116,,,1.4669,0,,0,1,1,41,41,0,41.0,61680.0
77.4,60,100,116,0.0,102.08,283.53,0.0001,100,1.1,0,0.0024101,13.019,8.4053,79635,87065.0,6.4927,298.42,339.23,1.9247,10.0,,29,,2.1552,0.18101,,,1.4716,0,,0,1,1,41,41,0,41.0,61389.0
77.6,60,100,116,0.0,105.52,300.5,0.0001,100,1.1,0,0.0023607,13.015,8.4495,79694,87138.0,6.4946,298.38,326.8,1.9308,10.0,,29,,2.1608,0.18095,,,1.4763,0,,0,1,1,41,41,0,41.0,61601.0
77.8,60,100,116,0.0,108.19,304.73,0.0001,100,1.1,0,0.0023858,12.965,8.4934,79754,87211.0,6.4953,298.36,317.31,1.9369,10.0,,29,,2.178,0.18077,,,1.481,0,,0,1,1,41,41,0,41.0,62478.0
78.0,60,100,116,0.0,110.6,310.7,0.0001,100,1.1,0,0.0023354,12.96,8.5379,79814,87284.0,6.4965,298.32,303.32,1.943,10.0,,29,,2.1809,0.18073,,,1.4857,0,,0,1,1,41,41,0,41.0,61524.0
78.2,60,100,116,0.0,112.52,311.55,0.0001,100,1.1,0,0.002285,12.973,8.5829,79874,87358.0,6.4992,298.28,288.99,1.949,10.0,,29,,2.178,0.18075,,,1.4903,0,,0,1,1,41,41,0,41.0,62574.0
78.4,60,100,116,0.0,113.37,310.8,0.0001,100,1.1,0,0.0022726,12.949,8.6281,79935,87432.0,6.5021,298.24,272.79,1.955,10.0,,29,,2.185,0.18067,,,1.4949,0,,0,1,1,41,41,0,41.0,62623.0
78.6,60,100,116,0.0,113.06,306.93,0.0001,100,1.1,0,0.0021932,12.98,8.674,79995,87506.0,6.505,298.19,253.35,1.9608,10.0,,29,,2.172,0.18079,,,1.4994,0,,0,1,1,41,41,0,41.0,62677.0
78.8,60,100,116,0.0,111.57,298.54,0.0001,100,1.1,0,0.0021519,12.972,8.7203,80055,87579.0,6.5068,298.15,237.03,1.9666,10.0,,29,,2.1746,0.18075,,,1.5038,0,,0,1,1,41,41,0,41.0,64066.0
79.0,60,100,116,0.0,109.38,291.14,0.0001,100,1.1,0,0.0021314,12.967,8.7671,80115,87652.0,6.5077,298.12,225.6,1.9723,10.0,,29,,2.1665,0.18082,,,1.5082,0,,0,1,1,41,41,0,41.0,62457.0
79.2,60,100,116,0.0,106.84,286.54,0.0001,100,1.1,0,0.0020483,13.018,8.8143,80174,87725.0,6.5089,298.08,212.88,1.9779,10.0,,29,,2.1453,0.18101,,,1.5125,0,,0,1,1,41,41,0,41.0,63350.0
79.4,60,100,116,0.0,103.8,279.53,0.0001,100,1.1,0,0.0020099,13.031,8.8615,80233,87796.0,6.5103,298.05,200.71,1.9833,10.0,,29,,2.1346,0.18111,,,1.5167,0,,0,1,1,41,41,0,41.0,64076.0
79.6,60,100,116,0.0,100.19,271.81,0.0001,100,1.1,0,0.0019989,12.997,8.9092,80291,87867.0,6.51,298.02,189.72,1.9887,10.0,,29,,2.1401,0.18104,,,1.5208,0,,0,1,1,41,41,0,41.0,63638.0
79.8,60,100,116,0.0,96.729,263.95,0.0001,100,1.1,0,0.0020431,12.906,8.957,80348,87938.0,6.509,298.0,179.87,1.9942,10.0,,29,,2.1732,0.18071,,,1.525,0,,0,1,1,41,41,0,41.0,63534.0
80.0,60,100,116,0.0,93.648,256.03,0.0001,100,1.1,0,0.0020414,12.855,9.0054,80405,88008.0,6.5069,297.99,175.86,1.9997,10.0,,29,,2.198,0.18046,,,1.5293,0,,0,1,1,41,41,0,41.0,64433.0
80.2,60,100,90,0.0,91.394,252.42,0.0001,100,1.1,0,0.0013085,13.653,9.0485,80456,88069.0,6.5185,297.9,144.85,2.0041,10.0,,23,,1.9668,0.18268,,,1.5327,0,,0,1,1,41,41,0,41.0,64973.0
80.4,60,100,90,0.0,84.451,75.727,293.55,100,1.1,0,0.001332,13.591,9.0915,80505,88129.0,6.526,298.62,418.35,2.008,10.0,,23,,1.9428,0.1829,,,1.5357,0,,0,1,1,41,41,0,41.0,64512.0
80.6,60,100,90,0.0,74.576,320.83,29.355,100,1.1,0,0.001312,13.569,9.1348,80552,88187.0,6.5297,298.56,393.21,2.0117,10.0,,23,,1.9402,0.18292,,,1.5386,0,,0,1,1,41,41,0,41.0,64886.0
80.8,60,100,90,0.0,63.216,315.99,2.9355,100,1.1,0,0.0013068,13.529,9.178,80597,88242.0,6.5277,298.44,350.25,2.0155,10.0,,23,,1.9499,0.18282,,,1.5415,0,,0,1,1,41,41,0,41.0,64426.0
81.0,60,100,90,0.0,52.691,298.44,0.29355,100,1.1,0,0.0012964,13.466,9.2216,80641,88296.0,6.5167,298.34,310.37,2.0192,10.0,,23,,1.9752,0.18257,,,1.5443,0,,0,1,1,41,41,0,41.0,65135.0
81.2,60,100,90,0.0,46.57,279.83,0.029355,100,1.1,0,0.0012722,13.441,9.2649,80682,88348.0,6.5007,298.26,280.13,2.023,10.0,,23,,1.9907,0.18241,,,1.5472,0,,0,1,1,41,41,0,41.0,65509.0
81.4,60,100,90,0.0,46.83,265.96,0.0029355,100,1.1,0,0.0012548,13.44,9.308,80724,88401.0,6.4864,298.18,250.59,2.0267,10.0,,23,,1.9872,0.18244,,,1.5501,0,,0,1,1,41,41,0,41.0,66048.0
81.6,60,100,90,0.0,52.777,249.59,0.00029355,100,1.1,0,0.0012337,13.471,9.3502,80767,88454.0,6.4807,298.11,222.69,2.0303,10.0,,23,,1.9684,0.18261,,,1.5529,0,,0,1,1,41,41,0,41.0,66250.0
81.8,60,100,90,0.0,61.002,231.8,0.0001,100,1.1,0,0.0012265,13.477,9.3923,80812,88509.0,6.4794,298.05,199.02,2.034,10.0,,23,,1.962,0.18267,,,1.5557,0,,0,1,1,41,41,0,41.0,66285.0
82.0,60,100,90,0.0,69.76,215.07,0.0001,100,1.1,0,0.0011996,13.504,9.4336,80859,88566.0,6.4843,298.0,179.32,2.0376,10.0,,23,,1.9527,0.18275,,,1.5585,0,,0,1,1,41,41,0,41.0,66150.0
82.2,60,100,90,0.0,76.537,199.53,0.0001,100,1.1,0,0.0011867,13.533,9.4747,80907,88624.0,6.4932,297.94,158.45,2.0411,10.0,,23,,1.9361,0.1829,,,1.5612,0,,0,1,1,41,41,0,41.0,66513.0
82.4,60,100,90,0.0,79.777,59.859,214.76,100,1.1,0,0.0012105,13.508,9.5159,80955,88683.0,6.5033,298.47,362.5,2.0447,10.0,,23,,1.9354,0.1829,,,1.5639,0,,0,1,1,41,41,0,41.0,65876.0
82.6,60,100,90,0.0,78.967,242.01,21.476,100,1.1,0,0.0011896,13.513,9.5569,81004,88742.0,6.5118,298.43,346.26,2.0482,10.0,,23,,1.9328,0.18292,,,1.5666,0,,0,1,1,41,41,0,41.0,67072.0
82.8,60,100,90,0.0,74.781,241.18,2.1476,100,1.1,0,0.0011728,13.505,9.5977,81051,88799.0,6.517,298.34,312.28,2.0517,10.0,,23,,1.932,0.18292,,,1.5693,0,,0,1,1,41,41,0,41.0,67767.0
83.0,60,100,90,0.0,68.516,227.11,0.21476,100,1.1,0,0.0011495,13.5,9.6383,81097,88856.0,6.5182,298.24,274.24,2.0551,10.0,,23,,1.9311,0.18292,,,1.572,0,,0,1,1,41,41,0,41.0,67961.0
83.2,60,100,90,0.0,61.764,206.42,0.021476,100,1.1,0,0.0011489,13.461,9.6792,81142,88911.0,6.5161,298.17,246.04,2.0585,10.0,,23,,1.9427,0.18281,,,1.5746,0,,0,1,1,41,41,0,41.0,67990.0
83.4,60,100,90,0.0,55.864,190.96,0.0021476,100,1.1,0,0.0011719,13.394,9.7205,81186,88965.0,6.5071,298.11,222.42,2.062,10.0,,23,,1.9638,0.1826,,,1.5772,0,,0,1,1,41,41,0,41.0,66854.0
83.6,60,100,90,0.0,53.586,176.69,0.00021476,100,1.1,0,0.0011669,13.375,9.7619,81229,89018.0,6.4968,298.05,201.07,2.0654,10.0,,23,,1.9678,0.18255,,,1.5799,0,,0,1,1,41,41,0,41.0,67219.0
83.8,60,100,90,0.0,55.376,162.07,0.0001,100,1.1,0,0.0011491,13.383,9.8025,81273,89072.0,6.4899,298.01,183.56,2.0689,10.0,,23,,1.9611,0.18261,,,1.5825,0,,0,1,1,41,41,0,41.0,67413.0
84.0,60,100,90,0.0,59.946,148.78,0.0001,100,1.1,0,0.0011163,13.429,9.8428,81317,89127.0,6.4882,297.97,168.87,2.0723,10.0,1468.0,23,1726.5,1.9402,0.1828,9.6792,21.846,1.5852,0,27.901,0,1,1,41,41,0,41.0,69272.0
84.2,60,100,90,0.0,65.156,136.25,0.0001,100,1.1,0,0.00111,13.433,9.883,81363,89182.0,6.4905,297.93,154.58,2.0756,10.0,,23,,1.9353,0.18284,,,1.5877,0,,0,1,1,41,41,0,41.0,68798.0
84.4,60,100,90,0.0,69.478,40.874,151.31,100,1.1,0,0.0010912,13.455,9.9229,81409,89239.0,6.4959,298.31,300.27,2.0789,10.0,,23,,1.9198,0.18299,,,1.5903,0,,0,1,1,41,41,0,41.0,68488.0
84.6,60,100,90,0.0,71.623,169.16,15.131,100,1.1,0,0.0010702,13.472,9.9625,81456,89296.0,6.5004,298.28,288.77,2.0821,10.0,,23,,1.9058,0.18311,,,1.5928,0,,0,1,1,41,41,0,41.0,68344.0
84.8,60,100,90,0.0,71.989,167.69,1.5131,100,1.1,0,0.0010416,13.52,10.001,81503,89352.0,6.5031,298.22,263.3,2.0853,10.0,,23,,1.8798,0.18336,,,1.5952,0,,0,1,1,41,41,0,41.0,69530.0
85.0,60,100,90,0.0,71.274,155.67,0.15131,100,1.1,0,0.0010447,13.491,10.041,81550,89409.0,6.5032,298.16,240.85,2.0885,10.0,,23,,1.8834,0.18332,,,1.5976,0,,0,1,1,41,41,0,41.0,69051.0
85.2,60,100,90,0.0,70.513,144.16,0.015131,100,1.1,0,0.0010403,13.47,10.08,81597,89465.0,6.5021,298.1,218.97,2.0916,10.0,,23,,1.8873,0.18327,,,1.6001,0,,0,1,1,41,41,0,41.0,68571.0
85.4,60,100,90,0.0,70.19,130.93,0.0015131,100,1.1,0,0.0010503,13.453,10.119,81643,89522.0,6.4993,298.06,202.51,2.0948,10.0,,23,,1.8854,0.18329,,,1.6025,0,,0,1,1,41,41,0,41.0,69092.0
85.6,60,100,90,0.0,71.008,120.4,0.00015131,100,1.1,0,0.0010576,13.452,10.158,81690,89579.0,6.498,298.02,189.85,2.098,10.0,,23,,1.8754,0.18338,,,1.605,0,,0,1,1,41,41,0,41.0,70111.0
85.8,60,100,90,0.0,72.339,111.59,0.0001,100,1.1,0,0.0010775,13.408,10.198,81737,89636.0,6.4976,298.0,180.97,2.1012,10.0,,23,,1.8856,0.18327,,,1.6074,0,,0,1,1,41,41,0,41.0,70800.0
86.0,60,100,90,0.0,73.825,104.85,0.0001,100,1.1,0,0.0011035,13.365,10.238,81784,89693.0,6.498,297.98,174.09,2.1045,10.0,,23,,1.8943,0.18318,,,1.61,0,,0,1,1,41,41,0,41.0,70325.0
86.2,60,100,90,0.0,75.162,98.956,0.0001,100,1.1,0,0.0010987,13.352,10.277,81832,89751.0,6.4989,297.97,168.78,2.1078,10.0,,23,,1.9002,0.18312,,,1.6125,0,,0,1,1,41,41,0,41.0,70182.0
86.4,60,100,90,0.0,76.14,93.77,0.0001,100,1.1,0,0.0010969,13.345,10.317,81880,89809.0,6.5038,297.96,164.6,2.1111,10.0,,23,,1.9012,0.1831,,,1.615,0,,0,1,1,41,41,0,41.0,70369.0
86.6,60,100,90,0.0,75.109,89.04,0.0001,100,1.1,0,0.001117,13.296,10.356,81927,89867.0,6.5068,297.96,163.05,2.1144,10.0,,23,,1.9159,0.18296,,,1.6176,0,,0,1,1,41,41,0,41.0,70558.0
86.8,60,100,90,0.0,72.928,86.23,0.0001,100,1.1,0,0.0011292,13.269,10.396,81974,89924.0,6.5078,297.96,163.15,2.1177,10.0,,23,,1.9202,0.18291,,,1.6202,0,,0,1,1,41,41,0,41.0,70913.0
87.0,60,100,90,0.0,70.341,84.686,0.0001,100,1.1,0,0.0011267,13.236,10.435,82021,89981.0,6.5055,297.97,166.84,2.1211,10.0,,23,,1.9287,0.18282,,,1.6228,0,,0,1,1,41,41,0,41.0,72101.0
87.2,60,100,90,0.0,68.69,86.31,0.0001,100,1.1,0,0.001093,13.271,10.474,82067,90037.0,6.5023,297.97,168.03,2.1245,10.0,,23,,1.9149,0.18295,,,1.6254,0,,0,1,1,41,41,0,41.0,71285.0
87.4,60,100,90,0.0,68.297,85.999,0.0001,100,1.1,0,0.0010977,13.241,10.512,82113,90094.0,6.4979,297.97,169.21,2.1278,10.0,,23,,1.9194,0.1829,,,1.6279,0,,0,1,1,41,41,0,41.0,71638.0
87.6,60,100,90,0.0,69.678,85.839,0.0001,100,1.1,0,0.001092,13.257,10.551,82160,90150.0,6.4937,297.97,169.02,2.1311,10.0,,23,,1.9058,0.18302,,,1.6304,0,,0,1,1,41,41,0,41.0,72322.0
87.8,60,100,90,0.0,72.704,84.58,0.0001,100,1.1,0,0.0010766,13.284,10.589,82207,90207.0,6.4894,297.97,169.2,2.1343,10.0,,23,,1.8836,0.18323,,,1.633,0,,0,1,1,41,41,0,41.0,72505.0
88.0,60,100,90,0.0,77.462,83.653,0.0001,100,1.1,0,0.0010562,13.323,10.627,82255,90265.0,6.4888,297.97,167.84,2.1376,10.0,,23,,1.863,0.18342,,,1.6355,0,,0,1,1,41,41,0,41.0,72518.0
88.2,60,100,90,0.0,82.455,81.382,0.0001,100,1.1,0,0.00105,13.331,10.665,82304,90324.0,6.4921,297.96,165.15,2.1408,10.0,,23,,1.8515,0.18352,,,1.6379,0,,0,1,1,41,41,0,41.0,73031.0
88.4,60,100,90,0.0,86.104,77.821,0.0001,100,1.1,0,0.0010524,13.335,10.702,82354,90384.0,6.4962,297.95,162.54,2.1439,10.0,,23,,1.8447,0.18358,,,1.6404,0,,0,1,1,41,41,0,41.0,72376.0
88.6,60,100,90,0.0,88.137,74.108,0.0001,100,1.1,0,0.0010703,13.31,10.74,82404,90444.0,6.5008,297.95,160.6,2.1471,10.0,,23,,1.8473,0.18355,,,1.6428,0,,0,1,1,41,41,0,41.0,72721.0
88.8,60,100,90,0.0,88.324,22.233,84.041,100,1.1,0,0.001047,13.331,10.776,82454,90505.0,6.5047,298.17,245.71,2.1503,10.0,,23,,1.8387,0.18363,,,1.6453,0,,0,1,1,41,41,0,41.0,73397.0
89.0,60,100,90,0.0,86.984,95.575,8.4041,100,1.1,0,0.0010271,13.347,10.813,82504,90564.0,6.5067,298.17,246.27,2.1534,10.0,,23,,1.8271,0.18373,,,1.6477,0,,0,1,1,41,41,0,41.0,73904.0
89.2,60,100,90,0.0,84.848,100.71,0.84041,100,1.1,0,0.0010115,13.359,10.849,82553,90624.0,6.5068,298.14,236.75,2.1565,10.0,,23,,1.8167,0.18383,,,1.65,0,,0,1,1,41,41,0,41.0,73908.0
89.4,60,100,90,0.0,82.638,98.627,0.084041,100,1.1,0,0.0010154,13.321,10.885,82602,90682.0,6.5045,298.12,226.13,2.1596,10.0,,23,,1.8273,0.18372,,,1.6524,0,,0,1,1,41,41,0,41.0,74413.0
89.6,60,100,90,0.0,81.371,94.861,0.0084041,100,1.1,0,0.0010198,13.306,10.921,82651,90741.0,6.4998,298.09,217.31,2.1626,10.0,,23,,1.8259,0.18373,,,1.6548,0,,0,1,1,41,41,0,41.0,73753.0
89.8,60,100,90,0.0,81.98,91.693,0.00084041,100,1.1,0,0.00099834,13.312,10.957,82700,90800.0,6.495,298.07,206.55,2.1657,10.0,,23,,1.8287,0.18369,,,1.6571,0,,0,1,1,41,41,0,41.0,73091.0
90.0,60,100,90,0.0,84.491,85.947,0.0001,100,1.1,0,0.0044409,13.975,10.993,82749,90859.0,6.4936,298.04,194.74,2.1686,10.0,,23,,1.8013,0.18395,,,1.6594,0,,0,1,1,41,41,0,41.0,73761.0
90.2,75,100,90,0.0,87.55,78.279,0.0001,100,1.1,0,0.00095915,13.826,11.028,82799,90918.0,6.4929,298.02,187.09,1.7707,10.0,,23,,1.7298,0.18867,,,1.6915,0,,0,1,1,41,41,0,41.0,74759.0
90.4,75,100,90,0.0,90.898,73.178,0.0001,100,1.1,0,0.00097315,13.801,11.062,82850,90979.0,6.4955,298.0,179.3,1.7481,10.0,,23,,1.6701,0.18916,,,1.6699,0,,0,1,1,41,41,0,41.0,74592.0
90.6,75,100,90,0.0,93.201,67.135,0.0001,100,1.1,0,0.00097762,13.757,11.097,82901,91040.0,6.4996,297.98,173.28,1.7489,10.0,,23,,1.6935,0.18899,,,1.6706,0,,0,1,1,41,41,0,41.0,74592.0
90.8,75,100,90,0.0,93.894,61.92,0.0001,100,1.1,0,0.00096069,13.76,11.132,82952,91101.0,6.5031,297.97,168.26,1.7511,10.0,,23,,1.7015,0.18892,,,1.6727,0,,0,1,1,41,41,0,41.0,75591.0
91.0,75,100,90,0.0,93.183,56.968,0.0001,100,1.1,0,0.0009807,13.721,11.167,83003,91162.0,6.5072,297.96,166.22,1.7534,10.0,,23,,1.711,0.18884,,,1.6749,0,,0,1,1,41,41,0,41.0,75091.0
91.2,75,100,90,0.0,90.818,54.142,0.0001,100,1.1,0,0.00097786,13.717,11.202,83054,91222.0,6.5096,297.96,164.85,1.7558,10.0,,23,,1.7087,0.18886,,,1.6772,0,,0,1,1,41,41,0,41.0,75756.0
91.4,75,100,90,0.0,87.518,51.651,0.0001,100,1.1,0,0.0009432,13.751,11.236,83104,91282.0,6.5091,297.96,162.88,1.7581,10.0,,23,,1.6912,0.18899,,,1.6794,0,,0,1,1,41,41,0,41.0,76084.0
91.6,75,100,90,0.0,84.407,48.494,0.0001,100,1.1,0,0.00095631,13.713,11.27,83153,91341.0,6.505,297.95,162.19,1.7604,10.0,,23,,1.6959,0.18895,,,1.6816,0,,0,1,1,41,41,0,41.0,75415.0
91.8,75,100,90,0.0,82.944,46.277,0.0001,100,1.1,0,0.0009403,13.724,11.304,83202,91399.0,6.4995,297.95,160.91,1.7627,10.0,,23,,1.6855,0.18902,,,1.6838,0,,0,1,1,41,41,0,41.0,75077.0
92.0,75,100,90,0.0,83.656,43.463,0.0001,100,1.1,0,0.00098351,13.649,11.339,83251,91458.0,6.4923,297.96,162.56,1.765,10.0,,23,,1.7084,0.18884,,,1.686,0,,0,1,1,41,41,0,41.0,75244.0
92.2,75,100,90,0.0,87.277,43.097,0.0001,100,1.1,0,0.00097837,13.644,11.374,83301,91518.0,6.4879,297.96,162.89,1.7674,10.0,,23,,1.7167,0.18877,,,1.6883,0,,0,1,1,41,41,0,41.0,75908.0
92.4,75,100,90,0.0,92.63,41.674,0.0001,100,1.1,0,0.0009525,13.687,11.408,83352,91579.0,6.4878,297.95,162.03,1.7697,10.0,,23,,1.6975,0.18892,,,1.6905,0,,0,1,1,41,41,0,41.0,76236.0
92.6,75,100,90,0.0,98.03,39.274,0.0001,100,1.1,0,0.00093393,13.719,11.441,83404,91641.0,6.4909,297.95,160.94,1.772,10.0,,23,,1.6803,0.18904,,,1.6927,0,,0,1,1,41,41,0,41.0,76228.0
92.8,75,100,90,0.0,102.17,36.611,0.0001,100,1.1,0,0.0009806,13.657,11.475,83457,91703.0,6.4967,297.95,161.14,1.7743,10.0,,23,,1.6933,0.18894,,,1.695,0,,0,1,1,41,41,0,41.0,75724.0
93.0,75,100,90,0.0,104.02,34.978,0.0001,100,1.1,0,0.00097691,13.689,11.51,83510,91766.0,6.5052,297.95,160.82,1.7766,10.0,,23,,1.6575,0.1892,,,1.6972,0,,0,1,1,41,41,0,41.0,76386.0
93.2,75,100,90,0.0,102.44,32.877,0.0001,100,1.1,0,0.0010259,13.605,11.545,83563,91829.0,6.5123,297.96,163.54,1.779,10.0,,23,,1.6769,0.18905,,,1.6995,0,,0,1,1,41,41,0,41.0,75721.0
93.4,75,100,90,0.0,98.028,33.414,0.0001,100,1.1,0,0.0010639,13.531,11.581,83615,91892.0,6.5162,297.97,168.02,1.7816,10.0,,23,,1.6931,0.18893,,,1.702,0,,0,1,1,41,41,0,41.0,76725.0
93.6,75,100,90,0.0,92.08,35.675,0.0001,100,1.1,0,0.0010872,13.48,11.617,83666,91953.0,6.5142,297.98,173.52,1.7841,10.0,,23,,1.704,0.18884,,,1.7044,0,,0,1,1,41,41,0,41.0,77066.0
93.8,75,100,90,0.0,86.935,39.217,0.0001,100,1.1,0,0.0010611,13.492,11.653,83716,92013.0,6.5114,297.99,177.16,1.7867,10.0,,23,,1.6981,0.18888,,,1.7069,0,,0,1,1,41,41,0,41.0,76571.0
94.0,75,100,90,0.0,82.904,41.638,0.0001,100,1.1,0,0.0010577,13.463,11.689,83765,92072.0,6.5086,298.0,180.27,1.7892,10.0,,23,,1.7102,0.18878,,,1.7093,0,,0,1,1,41,41,0,41.0,77576.0
94.2,75,100,90,0.0,79.972,43.967,0.0001,100,1.1,0,0.0010535,13.421,11.725,83813,92131.0,6.506,298.01,182.58,1.7918,10.0,,23,,1.7386,0.18856,,,1.7118,0,,0,1,1,41,41,0,41.0,77247.0
94.4,75,100,90,0.0,78.079,45.911,0.0001,100,1.1,0,0.0010593,13.398,11.761,83861,92189.0,6.5003,298.01,184.73,1.7943,10.0,,23,,1.7492,0.18848,,,1.7142,0,,0,1,1,41,41,0,41.0,77919.0
94.6,75,100,90,0.0,78.5,47.948,0.0001,100,1.1,0,0.0010741,13.361,11.798,83909,92248.0,6.4965,298.01,186.01,1.7969,10.0,,23,,1.7619,0.18838,,,1.7167,0,,0,1,1,41,41,0,41.0,77594.0
94.8,75,100,90,0.0,80.413,49.438,0.0001,100,1.1,0,0.0010843,13.356,11.835,83958,92306.0,6.4918,298.02,187.65,1.7994,10.0,,23,,1.7524,0.18844,,,1.7191,0,,0,1,1,41,41,0,41.0,78269.0
95.0,75,100,90,0.0,84.197,51.375,0.0001,100,1.1,0,0.0011158,13.305,11.872,84007,92366.0,6.4877,298.02,188.72,1.8021,10.0,,23,,1.767,0.18833,,,1.7216,0,,0,1,1,41,41,0,41.0,78614.0
95.2,75,100,90,0.0,89.637,52.962,0.0001,100,1.1,0,0.0011136,13.311,11.909,84057,92427.0,6.489,298.02,188.63,1.8047,10.0,,23,,1.7596,0.18838,,,1.7242,0,,0,1,1,41,41,0,41.0,79292.0
95.4,75,100,90,0.0,94.555,53.652,0.0001,100,1.1,0,0.001108,13.317,11.947,84108,92489.0,6.4932,298.02,187.57,1.8073,10.0,,23,,1.7565,0.1884,,,1.7267,0,,0,1,1,41,41,0,41.0,78970.0
95.6,75,100,90,0.0,97.802,53.521,0.0001,100,1.1,0,0.0011095,13.318,11.984,84160,92551.0,6.4971,298.02,186.64,1.8099,10.0,,23,,1.7492,0.18845,,,1.7292,0,,0,1,1,41,41,0,41.0,78649.0
95.8,75,100,90,0.0,99.471,53.428,0.0001,100,1.1,0,0.0011085,13.295,12.022,84213,92614.0,6.5012,298.01,184.72,1.8126,10.0,,23,,1.763,0.18834,,,1.7317,0,,0,1,1,41,41,0,41.0,79495.0
96.0,75,100,90,0.0,99.52,52.386,0.0001,100,1.1,0,0.0011151,13.265,12.059,84265,92677.0,6.5057,298.01,183.02,1.8152,10.0,1575.5,23,1729.7,1.7781,0.18822,11.909,23.12,1.7343,0,37.164,0,1,1,41,41,0,41.0,78673.0
96.2,75,100,90,0.0,97.776,51.374,0.0001,100,1.1,0,0.0011223,13.217,12.097,84317,92740.0,6.5094,298.0,182.1,1.8178,10.0,,23,,1.8049,0.18801,,,1.7368,0,,0,1,1,41,41,0,41.0,80020.0
96.4,75,100,90,0.0,94.527,50.865,0.0001,100,1.1,0,0.0011229,13.189,12.135,84368,92802.0,6.5113,298.0,181.19,1.8205,10.0,,23,,1.8162,0.18792,,,1.7393,0,,0,1,1,41,41,0,41.0,79867.0
96.6,75,100,90,0.0,90.546,50.273,0.0001,100,1.1,0,0.0011263,13.124,12.173,84418,92863.0,6.5136,298.0,179.95,1.8232,10.0,,23,,1.8525,0.18764,,,1.7419,0,,0,1,1,41,41,0,41.0,79050.0
96.8,75,100,90,0.0,85.615,49.311,0.0001,100,1.1,0,0.0011111,13.113,12.211,84468,92923.0,6.5145,298.0,179.69,1.8258,10.0,,23,,1.8602,0.18757,,,1.7445,0,,0,1,1,41,41,0,41.0,79566.0
97.0,75,100,90,0.0,80.359,49.074,0.0001,100,1.1,0,0.0011027,13.095,12.25,84516,92982.0,6.5128,298.0,179.87,1.8284,10.0,,23,,1.8653,0.18753,,,1.747,0,,0,1,1,41,41,0,41.0,79248.0
97.2,75,100,90,0.0,75.777,49.179,0.0001,100,1.1,0,0.0010715,13.121,12.287,84564,93040.0,6.5093,298.0,178.3,1.831,10.0,,23,,1.8528,0.18762,,,1.7495,0,,0,1,1,41,41,0,41.0,80761.0
97.4,75,100,90,0.0,72.588,47.795,0.0001,100,1.1,0,0.0010636,13.101,12.325,84610,93097.0,6.5048,297.99,176.78,1.8336,10.0,,23,,1.8635,0.18754,,,1.7519,0,,0,1,1,41,41,0,41.0,80275.0
97.6,75,100,90,0.0,71.184,46.332,0.0001,100,1.1,0,0.0010556,13.091,12.363,84657,93154.0,6.4973,297.99,175.62,1.8361,10.0,,23,,1.8715,0.18747,,,1.7543,0,,0,1,1,41,41,0,41.0,80789.0
97.8,75,100,90,0.0,72.791,45.039,0.0001,100,1.1,0,0.0010726,13.056,12.401,84704,93212.0,6.4918,297.99,175.93,1.8386,10.0,,23,,1.879,0.18741,,,1.7567,0,,0,1,1,41,41,0,41.0,79638.0
98.0,75,100,90,0.0,76.567,44.89,0.0001,100,1.1,0,0.0010686,13.046,12.439,84751,93270.0,6.491,297.99,177.13,1.8411,10.0,,23,,1.8854,0.18735,,,1.7592,0,,0,1,1,41,41,0,41.0,80321.0
98.2,75,100,90,0.0,80.684,45.514,0.0001,100,1.1,0,0.0010539,13.066,12.477,84800,93329.0,6.4914,297.99,177.57,1.8436,10.0,,23,,1.8765,0.18742,,,1.7616,0,,0,1,1,41,41,0,41.0,80999.0
98.4,75,100,90,0.0,84.637,45.576,0.0001,100,1.1,0,0.0010567,13.073,12.514,84849,93389.0,6.4939,298.0,178.63,1.8462,10.0,,23,,1.8653,0.1875,,,1.764,0,,0,1,1,41,41,0,41.0,82011.0
98.6,75,100,90,0.0,87.573,46.221,0.0001,100,1.1,0,0.0010714,13.072,12.552,84899,93449.0,6.4997,298.0,179.94,1.8487,10.0,,23,,1.8522,0.18759,,,1.7664,0,,0,1,1,41,41,0,41.0,80358.0
98.8,75,100,90,0.0,88.213,47.166,0.0001,100,1.1,0,0.0010672,13.074,12.589,84949,93510.0,6.5061,298.0,181.88,1.8512,10.0,,23,,1.8479,0.18762,,,1.7688,0,,0,1,1,41,41,0,41.0,81370.0
99.0,75,100,90,0.0,86.292,48.775,0.0001,100,1.1,0,0.0010691,13.052,12.627,84998,93570.0,6.5109,298.01,184.1,1.8537,10.0,,23,,1.8495,0.1876,,,1.7712,0,,0,1,1,41,41,0,41.0,82717.0
99.2,75,100,90,0.0,82.473,50.786,0.0001,100,1.1,0,0.0010412,13.069,12.665,85047,93629.0,6.514,298.01,185.6,1.8561,10.0,,23,,1.8409,0.18766,,,1.7736,0,,0,1,1,41,41,0,41.0,81730.0
99.4,75,100,90,0.0,77.401,52.376,0.0001,100,1.1,0,0.0010375,13.047,12.703,85095,93688.0,6.5122,298.01,186.31,1.8586,10.0,,23,,1.8447,0.18763,,,1.776,0,,0,1,1,41,41,0,41.0,82409.0
99.6,75,100,90,0.0,73.067,53.449,0.0001,100,1.1,0,0.0010691,12.965,12.741,85142,93745.0,6.5058,298.02,187.38,1.8611,10.0,,23,,1.8745,0.1874,,,1.7783,0,,0,1,1,41,41,0,41.0,83260.0
99.8,75,100,90,0.0,71.28,54.909,0.0001,100,1.1,0,0.0010403,12.989,12.779,85188,93802.0,6.5001,298.02,186.53,1.8635,10.0,,23,,1.8684,0.18744,,,1.7807,0,,0,1,1,41,41,0,41.0,82274.0
100.0,75,100,90,0.0,71.76,54.824,0.0001,100,1.1,0,0.0010332,12.97,12.817,85235,93859.0,6.4919,298.01,185.27,1.866,10.0,,23,,1.8781,0.18736,,,1.7831,0,,0,1,1,41,41,0,41.0,83288.0
100.2,75,100,90,0.0,75.546,54.351,0.0001,100,1.0,-4000,0.0010524,12.095,12.855,84578,93117.0,6.5143,298.01,183.35,1.8585,10.0,,23,,1.8792,0.18737,,,1.7759,0,,0,1,1,41,41,0,41.0,83469.0
100.4,75,100,90,0.0,70.243,53.197,0.0001,100,1.0,-4000,0.0010689,12.048,12.893,83921,92374.0,6.5319,298.01,182.46,1.8461,10.0,,23,,1.8773,0.18741,,,1.764,0,,0,1,1,41,41,0,41.0,83320.0
100.6,75,100,90,0.0,58.007,52.751,0.0001,100,1.0,-4000,0.0010822,11.985,12.932,83261,91629.0,6.5441,298.0,181.81,1.8334,10.0,,23,,1.8734,0.18746,,,1.7518,0,,0,1,1,41,41,0,41.0,84173.0
100.8,75,100,90,0.0,40.903,52.399,0.0001,100,1.0,-4000,0.0010909,11.893,12.972,82598,90880.0,6.5417,298.01,183.4,1.8207,10.0,,23,,1.8904,0.18736,,,1.7395,0,,0,1,1,41,41,0,41.0,84031.0
101.0,75,100,90,0.0,24.771,53.951,0.0001,100,1.0,-4000,0.0011218,11.797,13.013,81931,90128.0,6.5269,298.02,186.81,1.8079,10.0,,23,,1.8963,0.18733,,,1.7273,0,,0,1,1,41,41,0,41.0,82894.0
101.2,75,100,90,0.0,14.566,57.217,0.0001,100,1.0,-4000,0.001165,11.69,13.056,81263,89375.0,6.5024,298.03,190.88,1.7952,10.0,,23,,1.9037,0.1873,,,1.7151,0,,0,1,1,41,41,0,41.0,84429.0
101.4,75,100,90,0.0,14.144,61.392,0.0001,100,1.0,-4000,0.0011955,11.624,13.098,80595,88621.0,6.4787,298.04,193.97,1.7826,10.0,,23,,1.9019,0.18734,,,1.7029,0,,0,1,1,41,41,0,41.0,84633.0
101.6,75,100,90,0.0,23.178,65.101,0.0001,100,1.0,-4000,0.001223,11.606,13.141,79928,87869.0,6.4637,298.04,195.78,1.7699,10.0,,23,,1.882,0.18752,,,1.6908,0,,0,1,1,41,41,0,41.0,83172.0
101.8,75,100,90,0.0,38.19,67.991,0.0001,100,1.0,-4000,0.0012405,11.632,13.184,79265,87120.0,6.4613,298.04,195.46,1.7573,10.0,,23,,1.8447,0.18782,,,1.6787,0,,0,1,1,41,41,0,41.0,85210.0
102.0,75,100,90,0.0,54.139,69.155,0.0001,100,1.0,-4000,0.0012577,11.64,13.227,78605,86375.0,6.4697,298.03,193.03,1.7447,10.0,,23,,1.8184,0.18805,,,1.6665,0,,0,1,1,41,41,0,41.0,83914.0
102.2,75,100,90,0.0,66.743,68.388,0.0001,100,1.0,0,0.0012265,11.702,13.269,78651,86432.0,6.4632,298.02,189.1,1.7424,10.0,,23,,1.7948,0.18823,,,1.6643,0,,0,1,1,41,41,0,41.0,84948.0
102.4,75,100,90,0.0,82.016,66.028,0.0001,100,1.0,0,0.0012178,11.769,13.31,78701,86491.0,6.4677,298.01,183.85,1.7446,10.0,,23,,1.7642,0.18846,,,1.6665,0,,0,1,1,41,41,0,41.0,84644.0
102.6,75,100,90,0.0,95.42,62.086,0.0001,100,1.0,0,0.0012085,11.813,13.35,78753,86554.0,6.4798,298.0,179.58,1.7472,10.0,,23,,1.7486,0.18857,,,1.6689,0,,0,1,1,41,41,0,41.0,85170.0
102.8,75,100,90,0.0,103.99,58.558,0.0001,100,1.0,0,0.0012032,11.836,13.39,78806,86618.0,6.4925,297.99,176.86,1.7497,10.0,,23,,1.7364,0.18866,,,1.6713,0,,0,1,1,41,41,0,41.0,85697.0
103.0,75,100,90,0.0,107.5,56.004,0.0001,100,1.0,0,0.0012061,11.808,13.431,78861,86683.0,6.5072,297.98,174.45,1.7522,10.0,,23,,1.7613,0.18847,,,1.6738,0,,0,1,1,41,41,0,41.0,85389.0
103.2,75,100,90,0.0,105.14,53.434,0.0001,100,1.0,0,0.0012097,11.783,13.471,78914,86748.0,6.518,297.98,173.37,1.7548,10.0,,23,,1.7712,0.18839,,,1.6762,0,,0,1,1,41,41,0,41.0,85415.0
103.4,75,100,90,0.0,98.485,51.844,0.0001,100,1.0,0,0.0011927,11.787,13.511,78967,86811.0,6.5271,297.98,172.15,1.7573,10.0,,23,,1.7606,0.18846,,,1.6786,0,,0,1,1,41,41,0,41.0,85940.0
103.6,75,100,90,0.0,88.154,49.997,0.0001,100,1.0,0,0.0012038,11.718,13.551,79017,86872.0,6.531,297.98,173.18,1.7598,10.0,,23,,1.7826,0.18829,,,1.681,0,,0,1,1,41,41,0,41.0,86300.0
103.8,75,100,90,0.0,76.309,50.095,0.0001,100,1.0,0,0.0012129,11.66,13.592,79065,86931.0,6.5289,297.99,176.13,1.7623,10.0,,23,,1.7962,0.18818,,,1.6835,0,,0,1,1,41,41,0,41.0,85995.0
104.0,75,100,90,0.0,65.296,52.01,0.0001,100,1.0,0,0.0012159,11.614,13.633,79111,86987.0,6.5203,298.0,179.14,1.7649,10.0,,23,,1.8066,0.1881,,,1.6859,0,,0,1,1,41,41,0,41.0,85691.0
104.2,75,100,90,0.0,57.714,54.231,0.0001,100,1.0,0,0.0012251,11.532,13.675,79156,87043.0,6.5068,298.01,182.81,1.7675,10.0,,23,,1.8456,0.1878,,,1.6884,0,,0,1,1,41,41,0,41.0,86558.0
104.4,75,100,90,0.0,55.527,57.363,0.0001,100,1.0,0,0.0011968,11.54,13.716,79200,87097.0,6.4937,298.01,185.28,1.77,10.0,,23,,1.8488,0.18777,,,1.6909,0,,0,1,1,41,41,0,41.0,86421.0
104.6,75,100,90,0.0,58.559,59.741,0.0001,100,1.0,0,0.0012027,11.523,13.757,79244,87153.0,6.4835,298.02,188.08,1.7726,10.0,,23,,1.853,0.18773,,,1.6933,0,,0,1,1,41,41,0,41.0,87285.0
104.8,75,100,90,0.0,65.656,62.693,0.0001,100,1.0,0,0.0012223,11.49,13.799,79290,87209.0,6.4777,298.02,190.29,1.7751,10.0,,23,,1.8707,0.18759,,,1.6958,0,,0,1,1,41,41,0,41.0,86482.0
105.0,75,100,90,0.0,75.084,65.37,0.0001,100,1.0,0,0.0012124,11.513,13.84,79338,87268.0,6.4769,298.03,191.34,1.7777,10.0,,23,,1.8628,0.18765,,,1.6983,0,,0,1,1,41,41,0,41.0,87513.0
105.2,75,100,90,0.0,84.818,67.221,0.0001,100,1.0,0,0.0011873,11.594,13.88,79388,87328.0,6.4806,298.02,189.61,1.7803,10.0,,23,,1.8225,0.18795,,,1.7007,0,,0,1,1,41,41,0,41.0,87371.0
105.4,75,100,90,0.0,93.077,66.651,0.0001,100,1.0,0,0.0012162,11.543,13.92,79439,87391.0,6.488,298.02,187.52,1.7829,10.0,,23,,1.8404,0.18781,,,1.7032,0,,0,1,1,41,41,0,41.0,88230.0
105.6,75,100,90,0.0,98.365,65.65,0.0001,100,1.0,0,0.0012219,11.55,13.96,79491,87454.0,6.4981,298.01,185.48,1.7854,10.0,,23,,1.8353,0.18784,,,1.7057,0,,0,1,1,41,41,0,41.0,87423.0
105.8,75,100,90,0.0,99.645,64.488,0.0001,100,1.0,0,0.0012316,11.531,14.001,79544,87518.0,6.5079,298.01,184.78,1.7881,10.0,,23,,1.8374,0.18782,,,1.7082,0,,0,1,1,41,41,0,41.0,87616.0
106.0,75,100,90,0.0,97.012,64.34,0.0001,100,1.0,0,0.001199,11.555,14.041,79596,87581.0,6.5167,298.01,184.15,1.7906,10.0,,23,,1.8303,0.18787,,,1.7107,0,,0,1,1,41,41,0,41.0,87473.0
106.2,75,100,90,0.0,90.846,64.169,0.0001,100,1.0,0,0.0012145,11.517,14.081,79647,87643.0,6.5228,298.01,184.25,1.7932,10.0,,23,,1.8344,0.18783,,,1.7131,0,,0,1,1,41,41,0,41.0,89164.0
106.4,75,100,90,0.0,82.253,64.596,0.0001,100,1.0,0,0.0012284,11.462,14.122,79696,87703.0,6.525,298.01,185.61,1.7958,10.0,,23,,1.8382,0.1878,,,1.7156,0,,0,1,1,41,41,0,41.0,88192.0
106.6,75,100,90,0.0,72.793,66.163,0.0001,100,1.0,0,0.0012266,11.413,14.163,79744,87761.0,6.5189,298.02,188.73,1.7984,10.0,,23,,1.8524,0.18769,,,1.7181,0,,0,1,1,41,41,0,41.0,89222.0
106.8,75,100,90,0.0,65.794,69.447,0.0001,100,1.0,0,0.0012308,11.355,14.204,79789,87818.0,6.5057,298.03,191.55,1.801,10.0,,23,,1.8674,0.18757,,,1.7206,0,,0,1,1,41,41,0,41.0,89588.0
107.0,75,100,90,0.0,64.048,72.725,0.0001,100,1.0,0,0.0012219,11.351,14.246,79835,87875.0,6.4939,298.03,191.83,1.8036,10.0,,23,,1.8698,0.18754,,,1.7231,0,,0,1,1,41,41,0,41.0,89454.0
107.2,75,100,90,0.0,66.988,73.977,0.0001,100,1.0,0,0.0012111,11.359,14.287,79881,87932.0,6.4831,298.03,191.9,1.8062,10.0,,23,,1.8654,0.18757,,,1.7256,0,,0,1,1,41,41,0,41.0,89817.0
107.4,75,100,90,0.0,74.283,75.115,0.0001,100,1.0,0,0.0011945,11.419,14.327,79929,87990.0,6.4801,298.03,190.38,1.8088,10.0,,23,,1.8362,0.18779,,,1.7281,0,,0,1,1,41,41,0,41.0,90010.0
107.6,75,100,90,0.0,82.754,74.827,0.0001,100,1.0,0,0.0012293,11.404,14.368,79978,88051.0,6.4787,298.02,189.02,1.8114,10.0,,23,,1.8225,0.18789,,,1.7306,0,,0,1,1,41,41,0,41.0,90039.0
107.8,75,100,90,0.0,91.804,74.569,0.0001,100,1.0,0,0.0012538,11.364,14.41,80029,88113.0,6.482,298.02,187.83,1.814,10.0,,23,,1.8408,0.18775,,,1.7331,0,,0,1,1,41,41,0,41.0,90737.0
108.0,75,100,90,0.0,99.527,74.322,0.0001,100,1.0,0,0.0012699,11.355,14.451,80082,88177.0,6.4855,298.01,186.07,1.8167,10.0,1609.4,23,1721.2,1.8434,0.18772,14.287,24.441,1.7357,0,46.364,0,1,1,41,41,0,41.0,90768.0
108.2,75,100,90,0.0,105.86,73.443,0.0001,100,1.0,0,0.0012698,11.354,14.493,80136,88242.0,6.492,298.01,185.56,1.8194,10.0,,23,,1.8454,0.1877,,,1.7383,0,,0,1,1,41,41,0,41.0,89801.0
108.4,75,100,90,0.0,109.58,73.534,0.0001,100,1.0,0,0.0012724,11.336,14.535,80190,88308.0,6.4978,298.01,185.07,1.8221,10.0,,23,,1.8572,0.1876,,,1.7409,0,,0,1,1,41,41,0,41.0,91169.0
108.6,75,100,90,0.0,110.97,73.561,0.0001,100,1.0,0,0.0012706,11.33,14.577,80245,88375.0,6.5032,298.0,182.53,1.8247,10.0,,23,,1.8595,0.18758,,,1.7434,0,,0,1,1,41,41,0,41.0,91871.0
108.8,75,100,90,0.0,110.23,71.694,0.0001,100,1.0,0,0.0012909,11.277,14.62,80300,88441.0,6.5062,298.0,181.14,1.8274,10.0,,23,,1.8775,0.18744,,,1.746,0,,0,1,1,41,41,0,41.0,91076.0
109.0,75,100,90,0.0,108.29,70.661,0.0001,100,1.0,0,0.0012939,11.25,14.663,80354,88507.0,6.5108,298.0,180.28,1.8302,10.0,,23,,1.8944,0.18731,,,1.7486,0,,0,1,1,41,41,0,41.0,92116.0
109.2,75,100,90,0.0,104.49,69.945,0.0001,100,1.0,0,0.0012874,11.232,14.706,80408,88572.0,6.5143,298.0,180.9,1.8328,10.0,,23,,1.903,0.18724,,,1.7512,0,,0,1,1,41,41,0,41.0,91655.0
109.4,75,100,90,0.0,99.29,70.47,0.0001,100,1.0,0,0.0012854,11.215,14.749,80460,88636.0,6.5169,298.0,181.97,1.8355,10.0,,23,,1.9049,0.18722,,,1.7538,0,,0,1,1,41,41,0,41.0,92193.0
109.6,75,100,90,0.0,93.062,71.425,0.0001,100,1.0,0,0.0012926,11.168,14.792,80512,88698.0,6.516,298.01,184.83,1.8382,10.0,,23,,1.912,0.18716,,,1.7564,0,,0,1,1,41,41,0,41.0,92068.0
109.8,75,100,90,0.0,87.208,74.089,0.0001,100,1.0,0,0.0012881,11.143,14.836,80562,88760.0,6.5145,298.02,187.99,1.8409,10.0,,23,,1.9157,0.18712,,,1.759,0,,0,1,1,41,41,0,41.0,92778.0
110.0,75,100,90,0.0,81.917,77.269,0.0001,100,1.0,0,0.0012395,11.18,14.879,80611,88820.0,6.5126,298.02,189.22,1.8435,10.0,,23,,1.9096,0.18717,,,1.7615,0,,0,1,1,41,41,0,41.0,91484.0
110.2,75,100,90,0.0,77.392,79.013,0.0001,100,1.0,0,0.0012423,11.124,14.923,80659,88880.0,6.508,298.02,190.16,1.8461,10.0,,23,,1.9352,0.18697,,,1.764,0,,0,1,1,41,41,0,41.0,92359.0
110.4,75,100,90,0.0,74.712,80.66,0.0001,100,1.0,0,0.0012339,11.116,14.966,80706,88939.0,6.5015,298.02,188.92,1.8487,10.0,,23,,1.9405,0.18692,,,1.7665,0,,0,1,1,41,41,0,41.0,92066.0
110.6,75,100,90,0.0,74.658,80.442,0.0001,100,1.0,0,0.0012297,11.104,15.009,80754,88998.0,6.4964,298.02,188.12,1.8513,10.0,,23,,1.9433,0.1869,,,1.769,0,,0,1,1,41,41,0,41.0,92940.0
110.8,75,100,90,0.0,76.615,80.544,0.0001,100,1.0,0,0.0012108,11.133,15.052,80802,89057.0,6.4954,298.01,185.09,1.8539,10.0,,23,,1.9248,0.18703,,,1.7714,0,,0,1,1,41,41,0,41.0,93812.0
111.0,75,100,90,0.0,78.946,78.556,0.0001,100,1.0,0,0.0011757,11.224,15.094,80850,89117.0,6.4971,298.0,181.33,1.8564,10.0,,23,,1.8702,0.18744,,,1.7738,0,,0,1,1,41,41,0,41.0,93011.0
111.2,75,100,90,0.0,80.605,75.662,0.0001,100,1.0,0,0.0011584,11.242,15.135,80899,89177.0,6.4975,298.0,179.02,1.8588,10.0,,23,,1.8528,0.18757,,,1.7762,0,,0,1,1,41,41,0,41.0,92875.0
111.4,75,100,90,0.0,82.129,73.721,0.0001,100,1.0,0,0.0011514,11.251,15.176,80948,89237.0,6.4967,297.98,174.69,1.8612,10.0,,23,,1.8426,0.18764,,,1.7785,0,,0,1,1,41,41,0,41.0,94905.0
111.6,75,100,90,0.0,83.968,69.723,0.0001,100,1.0,0,0.0011214,11.285,15.216,80998,89297.0,6.4981,297.97,170.95,1.8636,10.0,,23,,1.8294,0.18774,,,1.7808,0,,0,1,1,41,41,0,41.0,95098.0
111.8,75,100,90,0.0,85.228,65.873,0.0001,100,1.0,0,0.0010933,11.32,15.256,81047,89358.0,6.4999,297.96,167.21,1.866,10.0,,23,,1.8191,0.18781,,,1.7831,0,,0,1,1,41,41,0,41.0,93454.0
112.0,75,100,90,0.0,85.803,61.648,0.0001,100,1.0,0,0.0010733,11.353,15.295,81097,89418.0,6.5015,297.96,163.71,1.8683,10.0,,23,,1.8027,0.18793,,,1.7852,0,,0,1,1,41,41,0,41.0,94809.0
112.2,75,100,90,0.0,85.723,57.278,0.0001,100,1.0,0,0.0010661,11.371,15.335,81147,89479.0,6.5031,297.95,161.03,1.8705,10.0,,23,,1.7819,0.18808,,,1.7874,0,,0,1,1,41,41,0,41.0,93997.0
112.4,75,100,90,0.0,84.992,17.183,67.324,100,1.0,0,0.0010553,11.359,15.374,81197,89539.0,6.5045,298.12,227.71,1.8727,10.0,,23,,1.7845,0.18806,,,1.7896,0,,0,1,1,41,41,0,41.0,95019.0
112.6,75,100,90,0.0,83.728,74.768,6.7324,100,1.0,0,0.0010885,11.276,15.415,81246,89600.0,6.5032,298.12,228.11,1.875,10.0,,23,,1.8141,0.18783,,,1.7917,0,,0,1,1,41,41,0,41.0,95212.0
112.8,75,100,90,0.0,82.966,78.379,0.67324,100,1.0,0,0.0010742,11.273,15.454,81295,89660.0,6.5041,298.1,221.35,1.8773,10.0,,23,,1.8219,0.18777,,,1.7939,0,,0,1,1,41,41,0,41.0,94735.0
113.0,75,100,90,0.0,81.854,76.934,0.067324,100,1.0,0,0.0010878,11.238,15.494,81344,89720.0,6.5027,298.09,214.33,1.8796,10.0,,23,,1.8334,0.18768,,,1.7961,0,,0,1,1,41,41,0,41.0,94926.0
113.2,75,100,90,0.0,81.32,74.743,0.0067324,100,1.0,0,0.0011003,11.213,15.535,81393,89779.0,6.5033,298.07,209.05,1.8819,10.0,,23,,1.8419,0.18761,,,1.7984,0,,0,1,1,41,41,0,41.0,95618.0
113.4,75,100,90,0.0,80.516,73.433,0.00067324,100,1.0,0,0.0011455,11.14,15.576,81441,89839.0,6.5047,298.07,207.34,1.8843,10.0,,23,,1.8557,0.1875,,,1.8006,0,,0,1,1,41,41,0,41.0,95481.0
113.6,75,100,90,0.0,79.164,74.756,0.0001,100,1.0,0,0.0011096,11.178,15.616,81490,89899.0,6.5042,298.06,205.18,1.8866,10.0,,23,,1.8511,0.18753,,,1.8029,0,,0,1,1,41,41,0,41.0,95506.0
113.8,75,100,90,0.0,78.016,75.443,0.0001,100,1.0,0,0.0011154,11.148,15.657,81538,89958.0,6.5037,298.06,203.55,1.8889,10.0,,23,,1.857,0.18748,,,1.8051,0,,0,1,1,41,41,0,41.0,96702.0
114.0,75,100,90,0.0,77.044,76.401,0.0001,100,1.0,0,0.001131,11.09,15.698,81586,90017.0,6.5029,298.05,200.56,1.8913,10.0,,23,,1.8828,0.18728,,,1.8074,0,,0,1,1,41,41,0,41.0,96567.0
114.2,75,100,90,0.0,76.417,75.99,0.0001,100,1.0,0,0.0011241,11.084,15.74,81634,90076.0,6.5021,298.04,197.74,1.8936,10.0,,23,,1.8867,0.18724,,,1.8096,0,,0,1,1,41,41,0,41.0,96933.0
114.4,75,100,90,0.0,76.107,75.47,0.0001,100,1.0,0,0.0011274,11.068,15.781,81682,90135.0,6.4989,298.04,195.55,1.896,10.0,,23,,1.8858,0.18725,,,1.8119,0,,0,1,1,41,41,0,41.0,97299.0
114.6,75,100,90,0.0,77.086,75.233,0.0001,100,1.0,0,0.001121,11.075,15.823,81730,90194.0,6.4984,298.03,192.55,1.8983,10.0,,23,,1.882,0.18727,,,1.8141,0,,0,1,1,41,41,0,41.0,96496.0
114.8,75,100,90,0.0,78.246,74.053,0.0001,100,1.0,0,0.001109,11.089,15.863,81778,90254.0,6.4968,298.02,187.96,1.9006,10.0,,23,,1.8775,0.1873,,,1.8164,0,,0,1,1,41,41,0,41.0,96190.0
115.0,75,100,90,0.0,80.06,71.204,0.0001,100,1.0,0,0.0011186,11.088,15.904,81826,90313.0,6.4965,298.01,184.56,1.9029,10.0,,23,,1.8702,0.18735,,,1.8186,0,,0,1,1,41,41,0,41.0,96386.0
115.2,75,100,90,0.0,81.983,68.991,0.0001,100,1.0,0,0.0010979,11.085,15.945,81875,90373.0,6.5,298.0,181.16,1.9052,10.0,,23,,1.8871,0.18722,,,1.8208,0,,0,1,1,41,41,0,41.0,97079.0
115.4,75,100,90,0.0,82.48,66.434,0.0001,100,1.0,0,0.001082,11.08,15.985,81924,90434.0,6.5037,297.99,178.52,1.9075,10.0,,23,,1.9014,0.18711,,,1.8229,0,,0,1,1,41,41,0,41.0,97939.0
115.6,75,100,90,0.0,81.531,64.223,0.0001,100,1.0,0,0.0010692,11.103,16.025,81973,90493.0,6.5083,297.98,174.4,1.9097,10.0,,23,,1.8882,0.1872,,,1.8251,0,,0,1,1,41,41,0,41.0,97463.0
115.8,75,100,90,0.0,78.712,60.437,0.0001,100,1.0,0,0.0010332,11.135,16.064,82021,90553.0,6.5128,297.98,171.22,1.9119,10.0,,23,,1.8732,0.18731,,,1.8272,0,,0,1,1,41,41,0,41.0,97983.0
116.0,75,100,90,0.0,74.1,57.114,0.0001,100,1.0,0,0.0010397,11.106,16.104,82069,90611.0,6.5125,297.97,169.51,1.914,10.0,,23,,1.8703,0.18733,,,1.8292,0,,0,1,1,41,41,0,41.0,98172.0
116.2,75,100,90,0.0,69.624,54.768,0.0001,100,1.0,0,0.0010511,11.066,16.143,82115,90668.0,6.5093,297.97,168.59,1.9162,10.0,,23,,1.8792,0.18726,,,1.8313,0,,0,1,1,41,41,0,41.0,98862.0
116.4,75,100,90,0.0,66.426,52.929,0.0001,100,1.0,0,0.001053,11.032,16.183,82161,90725.0,6.5049,297.97,169.03,1.9184,10.0,,23,,1.8921,0.18716,,,1.8334,0,,0,1,1,41,41,0,41.0,98887.0
116.6,75,100,90,0.0,64.985,52.183,0.0001,100,1.0,0,0.0010617,11.008,16.224,82207,90782.0,6.4984,297.97,169.32,1.9205,10.0,,23,,1.8967,0.18712,,,1.8355,0,,0,1,1,41,41,0,41.0,99578.0
116.8,75,100,90,0.0,66.156,51.317,0.0001,100,1.0,0,0.0010452,11.027,16.263,82252,90839.0,6.4922,297.97,167.45,1.9227,10.0,,23,,1.8862,0.18719,,,1.8376,0,,0,1,1,41,41,0,41.0,100100.0
117.0,75,100,90,0.0,69.806,48.584,0.0001,100,1.0,0,0.0010418,11.021,16.302,82299,90896.0,6.4908,297.96,165.8,1.9249,10.0,,23,,1.8934,0.18713,,,1.8397,0,,0,1,1,41,41,0,41.0,99953.0
117.2,75,100,90,0.0,73.998,45.914,0.0001,100,1.0,0,0.0010478,11.016,16.341,82346,90954.0,6.4916,297.96,163.5,1.9271,10.0,,23,,1.8912,0.18715,,,1.8418,0,,0,1,1,41,41,0,41.0,99475.0
117.4,75,100,90,0.0,77.86,42.502,0.0001,100,1.0,0,0.0010471,11.025,16.381,82394,91014.0,6.4936,297.95,161.53,1.9292,10.0,,23,,1.8804,0.18722,,,1.8439,0,,0,1,1,41,41,0,41.0,99832.0
117.6,75,100,90,0.0,80.933,39.185,0.0001,100,1.0,0,0.0010514,11.026,16.421,82443,91073.0,6.4961,297.95,160.81,1.9314,10.0,,23,,1.8697,0.1873,,,1.846,0,,0,1,1,41,41,0,41.0,99356.0
117.8,75,100,90,0.0,83.007,11.756,48.584,100,1.0,0,0.0010403,11.052,16.461,82492,91134.0,6.4976,298.07,210.08,1.9336,10.0,,23,,1.8519,0.18743,,,1.848,0,,0,1,1,41,41,0,41.0,100710.0
118.0,75,100,90,0.0,84.486,53.051,4.8584,100,1.0,0,0.0010492,11.022,16.501,82541,91194.0,6.5001,298.08,210.97,1.9357,10.0,,23,,1.8575,0.18739,,,1.8501,0,,0,1,1,41,41,0,41.0,100740.0
118.2,75,100,90,0.0,84.975,55.69,0.48584,100,1.0,0,0.0010426,11.026,16.541,82591,91255.0,6.5018,298.06,205.76,1.9379,10.0,,23,,1.8534,0.18741,,,1.8522,0,,0,1,1,41,41,0,41.0,100090.0
118.4,75,100,90,0.0,84.792,53.997,0.048584,100,1.0,0,0.0010588,10.998,16.581,82640,91315.0,6.5031,298.06,202.9,1.9401,10.0,,23,,1.8535,0.18741,,,1.8543,0,,0,1,1,41,41,0,41.0,100950.0
118.6,75,100,90,0.0,84.064,53.987,0.0048584,100,1.0,0,0.0010622,10.976,16.621,82690,91376.0,6.5032,298.05,199.21,1.9423,10.0,,23,,1.859,0.18736,,,1.8564,0,,0,1,1,41,41,0,41.0,100140.0
118.8,75,100,90,0.0,83.308,52.933,0.00048584,100,1.0,0,0.0010358,11.023,16.66,82739,91436.0,6.5028,298.04,195.07,1.9444,10.0,,23,,1.8309,0.18757,,,1.8585,0,,0,1,1,41,41,0,41.0,100670.0
119.0,75,100,90,0.0,82.72,51.149,0.0001,100,1.0,0,0.0010332,11.022,16.701,82788,91496.0,6.4996,298.03,190.85,1.9466,10.0,,23,,1.8197,0.18765,,,1.8605,0,,0,1,1,41,41,0,41.0,100690.0
119.2,75,100,90,0.0,83.394,48.918,0.0001,100,1.0,0,0.0010508,10.994,16.741,82837,91557.0,6.4979,298.02,187.21,1.9487,10.0,,23,,1.8175,0.18766,,,1.8626,0,,0,1,1,41,41,0,41.0,102050.0
119.4,75,100,90,0.0,84.753,46.793,0.0001,100,1.0,0,0.0010618,10.971,16.782,82886,91617.0,6.4975,298.01,184.1,1.9509,10.0,,23,,1.8256,0.1876,,,1.8647,0,,0,1,1,41,41,0,41.0,101580.0
119.6,75,100,90,0.0,86.264,44.776,0.0001,100,1.0,0,0.0010482,10.993,16.822,82936,91678.0,6.4967,298.0,180.66,1.9531,10.0,,23,,1.82,0.18764,,,1.8668,0,,0,1,1,41,41,0,41.0,101440.0
119.8,75,100,90,0.0,88.117,42.174,0.0001,100,1.0,0,0.0010355,11.006,16.862,82986,91740.0,6.4971,297.99,177.1,1.9552,10.0,,23,,1.8165,0.18766,,,1.8688,0,,0,1,1,41,41,0,41.0,102460.0
120.0,75,100,105,0.0,89.812,39.145,0.0001,100,1.0,0,0.0013165,10.598,16.907,83039,91805.0,6.4891,298.01,184.45,1.9577,9.0,1597.7,23,1705.5,1.9256,0.18683,16.741,25.584,1.8712,0,55.531,0,1,1,41,41,0,41.0,102510.0
120.2,75,100,105,0.0,94.71,45.276,0.0001,100,1.0,0,0.0013518,10.537,16.953,83093,91872.0,6.4836,298.03,191.94,1.9604,9.0,,23,,1.9642,0.18653,,,1.8738,0,,0,1,1,41,41,0,41.0,102730.0
120.4,75,100,105,0.0,101.79,52.014,0.0001,100,1.0,0,0.0012995,10.618,16.999,83149,91940.0,6.4842,298.03,194.0,1.9631,9.0,,23,,1.9494,0.18664,,,1.8764,0,,0,1,1,41,41,0,41.0,101950.0
120.6,75,100,105,0.0,108.59,54.739,0.0001,100,1.0,0,0.0012896,10.649,17.043,83206,92009.0,6.4877,298.03,194.38,1.9657,9.0,,23,,1.9347,0.18674,,,1.8789,0,,0,1,1,41,41,0,41.0,102500.0
120.8,75,100,105,0.0,114.01,56.294,0.0001,100,1.0,0,0.0012533,10.688,17.087,83264,92079.0,6.4929,298.03,192.02,1.9683,9.0,,23,,1.935,0.18674,,,1.8814,0,,0,1,1,41,41,0,41.0,103040.0
121.0,75,100,105,0.0,117.35,55.548,0.0001,100,1.0,0,0.0012419,10.701,17.129,83323,92150.0,6.4998,298.02,188.54,1.9709,9.0,,23,,1.9369,0.18672,,,1.8839,0,,0,1,1,41,41,0,41.0,103580.0
121.2,75,100,105,0.0,117.93,53.651,0.0001,100,1.0,0,0.0012695,10.658,17.173,83381,92221.0,6.5065,298.02,186.59,1.9734,9.0,,23,,1.949,0.18662,,,1.8864,0,,0,1,1,41,41,0,41.0,103790.0
121.4,75,100,105,0.0,115.84,52.784,0.0001,100,1.0,0,0.0012437,10.668,17.216,83440,92292.0,6.5121,298.01,184.53,1.976,9.0,,23,,1.9497,0.18661,,,1.8888,0,,0,1,1,41,41,0,41.0,103160.0
121.6,75,100,105,0.0,111.52,51.609,0.0001,100,1.0,0,0.0011958,10.728,17.259,83497,92362.0,6.5154,298.0,180.85,1.9784,9.0,,23,,1.9284,0.18677,,,1.8912,0,,0,1,1,41,41,0,41.0,103030.0
121.8,75,100,105,0.0,105.89,48.838,0.0001,100,1.0,0,0.0011826,10.716,17.301,83554,92430.0,6.5156,297.99,176.95,1.9809,9.0,,23,,1.9287,0.18676,,,1.8935,0,,0,1,1,41,41,0,41.0,103070.0
122.0,75,100,105,0.0,100.18,45.563,0.0001,100,1.0,0,0.0012056,10.632,17.345,83609,92497.0,6.5132,297.99,175.1,1.9833,9.0,,23,,1.9598,0.18652,,,1.8959,0,,0,1,1,41,41,0,41.0,104440.0
122.2,75,100,105,0.0,95.443,43.705,0.0001,100,1.0,0,0.0011786,10.642,17.388,83663,92564.0,6.5089,297.98,174.08,1.9857,9.0,,23,,1.9556,0.18655,,,1.8982,0,,0,1,1,41,41,0,41.0,104150.0
122.4,75,100,105,0.0,92.42,42.342,0.0001,100,1.0,0,0.0012006,10.589,17.431,83717,92629.0,6.5021,297.99,175.17,1.9882,9.0,,23,,1.9653,0.18647,,,1.9005,0,,0,1,1,41,41,0,41.0,105020.0
122.6,75,100,105,0.0,92.096,42.699,0.0001,100,1.0,0,0.0011952,10.569,17.475,83770,92695.0,6.495,297.99,175.78,1.9906,9.0,,23,,1.9822,0.18633,,,1.9029,0,,0,1,1,41,41,0,41.0,104900.0
122.8,75,100,105,0.0,94.626,42.7,0.0001,100,1.0,0,0.0011426,10.668,17.518,83825,92761.0,6.4889,297.98,173.71,1.993,9.0,,23,,1.9477,0.18659,,,1.9051,0,,0,1,1,41,41,0,41.0,105270.0
123.0,75,100,105,0.0,99.587,40.453,0.0001,100,1.0,0,0.0011708,10.621,17.561,83880,92828.0,6.4847,297.98,172.51,1.9953,9.0,,23,,1.9645,0.18646,,,1.9074,0,,0,1,1,41,41,0,41.0,105980.0
123.2,75,100,105,0.0,106.24,38.818,0.0001,100,1.0,0,0.0011171,10.736,17.602,83936,92897.0,6.4863,297.97,168.69,1.9976,9.0,,23,,1.9263,0.18675,,,1.9096,0,,0,1,1,41,41,0,41.0,105670.0
123.4,75,100,105,0.0,112.22,34.803,0.0001,100,1.0,0,0.0011177,10.74,17.643,83994,92966.0,6.4875,297.96,165.32,1.9999,9.0,,23,,1.9253,0.18675,,,1.9118,0,,0,1,1,41,41,0,41.0,105700.0
123.6,75,100,105,0.0,117.75,30.868,0.0001,100,1.0,0,0.0011034,10.781,17.683,84052,93037.0,6.4934,297.95,162.07,2.0021,9.0,,23,,1.916,0.18682,,,1.9139,0,,0,1,1,41,41,0,41.0,105900.0
123.8,75,100,105,0.0,120.9,26.713,0.0001,100,1.0,0,0.0011028,10.791,17.723,84112,93108.0,6.5014,297.95,158.83,2.0043,9.0,,23,,1.9105,0.18685,,,1.9161,0,,0,1,1,41,41,0,41.0,106090.0
124.0,75,100,105,0.0,120.87,8.014,37.941,100,1.0,0,0.0011176,10.751,17.764,84171,93179.0,6.5091,298.04,196.11,2.0065,9.0,,23,,1.9175,0.1868,,,1.9182,0,,0,1,1,41,41,0,41.0,105780.0
124.2,75,100,105,0.0,117.75,38.014,3.7941,100,1.0,0,0.0010888,10.794,17.804,84230,93249.0,6.5148,298.03,192.38,2.0087,9.0,,23,,1.8924,0.18698,,,1.9203,0,,0,1,1,41,41,0,41.0,106640.0
124.4,75,100,105,0.0,112.35,35.57,0.37941,100,1.0,0,0.0011163,10.706,17.845,84287,93319.0,6.5184,298.02,187.29,2.011,9.0,,23,,1.9226,0.18675,,,1.9225,0,,0,1,1,41,41,0,41.0,106670.0
124.6,75,100,105,0.0,105.52,32.376,0.037941,100,1.0,0,0.001114,10.657,17.887,84344,93387.0,6.5196,298.01,182.95,2.0132,9.0,,23,,1.9469,0.18656,,,1.9246,0,,0,1,1,41,41,0,41.0,107040.0
124.8,75,100,105,0.0,98.218,29.378,0.0037941,100,1.0,0,0.0011142,10.61,17.929,84398,93454.0,6.5177,298.0,179.74,2.0154,9.0,,23,,1.9659,0.18641,,,1.9267,0,,0,1,1,41,41,0,41.0,106910.0
125.0,75,100,105,0.0,91.662,26.933,0.00037941,100,1.0,0,0.0010814,10.641,17.971,84452,93519.0,6.5143,297.99,176.88,2.0176,9.0,,23,,1.9513,0.18652,,,1.9288,0,,0,1,1,41,41,0,41.0,107440.0
125.2,75,100,105,0.0,86.449,24.474,0.0001,100,1.0,0,0.0010642,10.642,18.013,84504,93583.0,6.5079,297.99,174.98,2.0197,9.0,,23,,1.9482,0.18654,,,1.9309,0,,0,1,1,41,41,0,41.0,107140.0
125.4,75,100,105,0.0,83.815,22.559,0.0001,100,1.0,0,0.0010552,10.634,18.054,84556,93647.0,6.5004,297.98,173.85,2.0218,9.0,,23,,1.9481,0.18653,,,1.9329,0,,0,1,1,41,41,0,41.0,107840.0
125.6,75,100,105,0.0,84.181,21.111,0.0001,100,1.0,0,0.0010605,10.621,18.096,84608,93711.0,6.4927,297.98,173.29,2.0239,9.0,,23,,1.9484,0.18653,,,1.9349,0,,0,1,1,41,41,0,41.0,107370.0
125.8,75,100,105,0.0,87.64,20.029,0.0001,100,1.0,0,0.0010665,10.602,18.137,84661,93775.0,6.4869,297.98,172.43,2.026,9.0,,23,,1.9605,0.18643,,,1.937,0,,0,1,1,41,41,0,41.0,107730.0
126.0,75,100,105,0.0,93.406,18.628,0.0001,100,1.0,0,0.0010483,10.655,18.178,84714,93841.0,6.487,297.98,170.64,2.0281,9.0,,23,,1.9415,0.18657,,,1.939,0,,0,1,1,41,41,0,41.0,107930.0
126.2,75,100,105,0.0,99.087,16.358,0.0001,100,1.0,0,0.0010648,10.623,18.218,84769,93907.0,6.4873,297.97,170.16,2.0303,9.0,,23,,1.9563,0.18646,,,1.941,0,,0,1,1,41,41,0,41.0,109120.0
126.4,75,100,105,0.0,104.71,15.061,0.0001,100,1.0,0,0.0010621,10.651,18.258,84825,93975.0,6.4863,297.97,169.2,2.0324,9.0,,23,,1.9403,0.18657,,,1.9431,0,,0,1,1,41,41,0,41.0,108640.0
126.6,75,100,105,0.0,110.72,13.283,0.0001,100,1.0,0,0.0010631,10.681,18.297,84883,94044.0,6.4886,297.97,167.89,2.0345,9.0,,23,,1.921,0.18672,,,1.9451,0,,0,1,1,41,41,0,41.0,109330.0
126.8,75,100,105,0.0,115.77,11.138,0.0001,100,1.0,0,0.0010453,10.726,18.336,84941,94114.0,6.4928,297.96,165.72,2.0366,9.0,,23,,1.9083,0.18681,,,1.9471,0,,0,1,1,41,41,0,41.0,108350.0
127.0,75,100,105,0.0,119.18,8.1424,0.0001,100,1.0,0,0.0010599,10.694,18.375,85000,94185.0,6.4947,297.96,164.97,2.0387,9.0,,23,,1.9248,0.18668,,,1.9491,0,,0,1,1,41,41,0,41.0,109200.0
127.2,75,100,105,0.0,121.84,6.1665,0.0001,100,1.0,0,0.0010158,10.777,18.412,85059,94256.0,6.4998,297.96,162.81,2.0407,9.0,,23,,1.8978,0.18688,,,1.9511,0,,0,1,1,41,41,0,41.0,109550.0
127.4,75,100,105,0.0,122.44,2.899,0.0001,100,1.0,0,0.0010138,10.774,18.449,85119,94327.0,6.5057,297.95,161.67,2.0427,9.0,,23,,1.8963,0.18689,,,1.953,0,,0,1,1,41,41,0,41.0,109720.0
127.6,75,100,105,0.0,120.69,0.3279,0.0001,100,1.0,0,0.00099676,10.769,18.486,85178,94398.0,6.5126,297.95,161.22,2.0447,9.0,,23,,1.9023,0.18684,,,1.9549,0,,0,1,1,41,41,0,41.0,109400.0
127.8,75,100,105,0.0,116.18,0.0001,0.0001,100,1.0,0,0.00099697,10.737,18.523,85236,94468.0,6.5181,297.95,161.16,2.0467,9.0,,23,,1.9183,0.18671,,,1.9568,0,,0,1,1,41,41,0,41.0,109240.0
128.0,75,100,105,0.0,109.48,0.0001,0.0001,100,1.0,0,0.0010114,10.691,18.561,85293,94537.0,6.5234,297.95,162.15,2.0486,9.0,,23,,1.9282,0.18663,,,1.9587,0,,0,1,1,41,41,0,41.0,110260.0
128.2,75,100,105,0.0,100.65,0.0001,0.0001,100,1.0,0,0.0010112,10.661,18.599,85348,94604.0,6.5259,297.96,163.83,2.0506,9.0,,23,,1.9317,0.1866,,,1.9606,0,,0,1,1,41,41,0,41.0,109600.0
128.4,75,100,105,0.0,90.826,0.0001,0.0001,100,1.0,0,0.0010019,10.631,18.637,85402,94669.0,6.5241,297.96,166.04,2.0526,9.0,,23,,1.9379,0.18655,,,1.9625,0,,0,1,1,41,41,0,41.0,110120.0
128.6,75,100,105,0.0,81.715,0.28246,0.0001,100,1.0,0,0.0010012,10.593,18.676,85453,94732.0,6.5194,297.97,168.71,2.0545,9.0,,23,,1.953,0.18643,,,1.9644,0,,0,1,1,41,41,0,41.0,110970.0
128.8,75,100,105,0.0,74.466,1.1458,0.0001,100,1.0,0,0.00098547,10.587,18.715,85503,94793.0,6.5123,297.98,171.05,2.0564,9.0,,23,,1.9515,0.18644,,,1.9662,0,,0,1,1,41,41,0,41.0,109820.0
129.0,75,100,105,0.0,70.078,1.9671,0.0001,100,1.0,0,0.00098424,10.561,18.754,85552,94854.0,6.5062,297.98,173.06,2.0583,9.0,,23,,1.9689,0.18631,,,1.968,0,,0,1,1,41,41,0,41.0,111180.0
129.2,75,100,105,0.0,68.132,2.7295,0.0001,100,1.0,0,0.00098214,10.562,18.792,85601,94914.0,6.5003,297.99,174.84,2.0602,9.0,,23,,1.9582,0.18638,,,1.9698,0,,0,1,1,41,41,0,41.0,112030.0
129.4,75,100,105,0.0,68.526,3.4826,0.0001,100,1.0,0,0.00097771,10.536,18.831,85649,94974.0,6.495,297.99,176.27,2.062,9.0,,23,,1.9765,0.18624,,,1.9716,0,,0,1,1,41,41,0,41.0,111050.0
129.6,75,100,105,0.0,71.046,4.114,0.0001,100,1.0,0,0.00095214,10.583,18.869,85699,95035.0,6.4923,297.99,176.14,2.0639,9.0,,23,,1.9607,0.18636,,,1.9734,0,,0,1,1,41,41,0,41.0,111900.0
129.8,75,100,105,0.0,74.645,3.5668,0.0001,100,1.0,0,0.00094932,10.589,18.907,85749,95097.0,6.4914,297.99,175.55,2.0657,9.0,,23,,1.9649,0.18632,,,1.9751,0,,0,1,1,41,41,0,41.0,112080.0
130.0,75,100,105,0.0,78.583,2.6507,0.0001,100,1.0,0,0.00090681,10.689,18.944,85799,95159.0,6.4918,297.98,173.03,2.0674,9.0,,23,,1.9229,0.18664,,,1.9768,0,,0,1,1,41,41,0,41.0,111920.0
130.2,75,100,105,0.0,82.376,0.060696,0.0001,100,1.0,-4000,0.00091291,10.708,18.98,85152,94421.0,6.5213,297.98,170.66,2.0582,9.0,,23,,1.892,0.18689,,,1.968,0,,0,1,1,41,41,0,41.0,112590.0
130.4,75,100,105,0.0,74.299,0.0001,0.0001,100,1.0,-4000,0.00091923,10.677,19.016,84504,93683.0,6.548,297.97,168.88,2.0438,9.0,,23,,1.8744,0.18705,,,1.9541,0,,0,1,1,41,41,0,41.0,112260.0
130.6,75,100,105,0.0,55.606,0.0001,0.0001,100,1.0,-4000,0.00097102,10.519,19.054,83852,92940.0,6.5596,297.98,170.82,2.0289,9.0,,23,,1.8933,0.18694,,,1.9398,0,,0,1,1,41,41,0,41.0,113110.0
130.8,75,100,105,0.51976,27.803,0.59949,0.0001,100,1.0,-4000,0.00098639,10.386,19.094,83194,92193.0,6.5468,297.99,175.72,2.0141,9.0,,23,,1.906,0.18687,,,1.9255,0,,0,1,1,41,41,0,41.0,112470.0
131.0,75,100,105,0.0,9.6676,3.8819,0.0001,100,1.0,-4000,0.00098541,10.311,19.135,82533,91441.0,6.519,298.0,180.95,1.9992,9.0,,23,,1.9056,0.1869,,,1.9112,0,,0,1,1,41,41,0,41.0,113170.0
131.2,75,100,105,0.0,2.6419,7.894,0.0001,100,1.0,-4000,0.00098849,10.257,19.176,81870,90688.0,6.4864,298.01,185.29,1.9844,9.0,,23,,1.9085,0.18691,,,1.8969,0,,0,1,1,41,41,0,41.0,112700.0
131.4,75,100,105,0.0,8.6319,11.644,0.0001,100,1.0,-4000,0.0010329,10.222,19.218,81209,89937.0,6.4611,298.02,188.77,1.9695,9.0,,23,,1.8906,0.18707,,,1.8826,0,,0,1,1,41,41,0,41.0,112730.0
131.6,75,100,105,0.0,24.679,15.092,0.0001,100,1.0,-4000,0.0010733,10.217,19.26,80551,89189.0,6.4506,298.03,190.87,1.9547,9.0,,23,,1.8738,0.18723,,,1.8684,0,,0,1,1,41,41,0,41.0,112760.0
131.8,75,100,105,0.0,44.915,17.687,0.0001,100,1.0,-4000,0.0011056,10.238,19.301,79898,88445.0,6.4568,298.03,190.92,1.94,9.0,,23,,1.8598,0.18736,,,1.8542,0,,0,1,1,41,41,0,41.0,113630.0
132.0,75,100,105,0.0,62.677,18.689,0.0001,100,1.0,-4000,0.0010956,10.336,19.341,79248,87704.0,6.4775,298.02,187.57,1.9252,9.0,1482.6,23,1659.5,1.807,0.18779,19.176,26.444,1.84,0,64.522,0,1,1,41,41,0,41.0,113650.0
132.2,75,100,105,0.0,72.134,16.661,0.0001,100,1.0,0,0.0011228,10.311,19.382,79298,87766.0,6.4772,298.01,185.04,1.9217,9.0,,23,,1.8101,0.18777,,,1.8366,0,,0,1,1,41,41,0,41.0,113680.0
132.4,75,100,105,0.0,81.857,15.095,0.0001,100,1.0,0,0.0011031,10.371,19.421,79350,87829.0,6.482,298.0,181.52,1.9232,9.0,,23,,1.7917,0.18791,,,1.8381,0,,0,1,1,41,41,0,41.0,113870.0
132.6,75,100,105,0.0,89.544,12.367,0.0001,100,1.0,0,0.001092,10.42,19.46,79403,87894.0,6.4879,297.99,177.71,1.9251,9.0,,23,,1.7698,0.18807,,,1.8399,0,,0,1,1,41,41,0,41.0,113880.0
132.8,75,100,105,0.0,94.901,9.0605,0.0001,100,1.0,0,0.001063,10.455,19.498,79458,87960.0,6.4968,297.98,173.8,1.927,9.0,,23,,1.7685,0.18808,,,1.8417,0,,0,1,1,41,41,0,41.0,114400.0
133.0,75,100,105,0.0,96.682,5.2894,0.0001,100,1.0,0,0.0010706,10.465,19.535,79512,88026.0,6.5034,297.98,171.3,1.9288,9.0,,23,,1.758,0.18815,,,1.8434,0,,0,1,1,41,41,0,41.0,115240.0
133.2,75,100,105,0.0,95.856,2.4108,0.0001,100,1.0,0,0.0010313,10.526,19.572,79567,88092.0,6.5107,297.97,168.38,1.9306,9.0,,23,,1.7351,0.18832,,,1.8452,0,,0,1,1,41,41,0,41.0,115250.0
133.4,75,100,105,0.0,92.101,0.0001,0.0001,100,1.0,0,0.0010292,10.502,19.608,79621,88158.0,6.5175,297.96,166.6,1.9324,9.0,,23,,1.7426,0.18826,,,1.8469,0,,0,1,1,41,41,0,41.0,115430.0
133.6,75,100,105,0.0,85.635,0.0001,0.0001,100,1.0,0,0.0010107,10.498,19.645,79674,88221.0,6.5215,297.96,164.45,1.9341,9.0,,23,,1.7526,0.18818,,,1.8485,0,,0,1,1,41,41,0,41.0,115100.0
133.8,75,100,105,0.0,77.568,0.0001,0.0001,100,1.0,0,0.00099671,10.481,19.681,79725,88284.0,6.5228,297.95,162.55,1.9358,9.0,,23,,1.7551,0.18816,,,1.8501,0,,0,1,1,41,41,0,41.0,116110.0
134.0,75,100,105,0.0,68.964,0.0001,0.0001,100,1.0,0,0.0010179,10.411,19.719,79774,88344.0,6.5191,297.95,162.35,1.9375,9.0,,23,,1.7645,0.18809,,,1.8518,0,,0,1,1,41,41,0,41.0,115290.0
134.2,75,100,105,0.0,61.843,0.0001,0.0001,100,1.0,0,0.0010358,10.322,19.757,79822,88404.0,6.5092,297.96,163.76,1.9392,9.0,,23,,1.7978,0.18783,,,1.8535,0,,0,1,1,41,41,0,41.0,115970.0
134.4,75,100,105,0.0,58.691,0.0001,0.0001,100,1.0,0,0.0010275,10.31,19.795,79870,88462.0,6.4975,297.96,165.19,1.941,9.0,,23,,1.804,0.18778,,,1.8552,0,,0,1,1,41,41,0,41.0,115980.0
134.6,75,100,105,0.0,60.23,0.0001,0.0001,100,1.0,0,0.0010138,10.329,19.832,79917,88521.0,6.4887,297.96,165.98,1.9427,9.0,,23,,1.797,0.18783,,,1.8568,0,,0,1,1,41,41,0,41.0,116000.0
134.8,75,100,105,0.0,65.243,0.0001,0.0001,100,1.0,0,0.0010176,10.329,19.869,79966,88581.0,6.4826,297.96,166.33,1.9445,9.0,,23,,1.8021,0.18779,,,1.8585,0,,0,1,1,41,41,0,41.0,117170.0
135.0,75,100,105,0.0,72.701,0.0001,0.0001,100,1.0,0,0.0010032,10.391,19.906,80016,88642.0,6.4804,297.96,165.31,1.9462,9.0,,23,,1.7747,0.18799,,,1.8602,0,,0,1,1,41,41,0,41.0,116340.0
135.2,75,100,105,0.0,81.056,0.0001,0.0001,100,1.0,0,0.00098039,10.458,19.941,80068,88705.0,6.4825,297.95,162.69,1.9479,9.0,,23,,1.746,0.18821,,,1.8618,0,,0,1,1,41,41,0,41.0,117350.0
135.4,75,100,105,0.0,88.556,0.0001,0.0001,100,1.0,0,0.00099159,10.444,19.977,80121,88770.0,6.4868,297.94,159.74,1.9495,9.0,,23,,1.761,0.18809,,,1.8634,0,,0,1,1,41,41,0,41.0,116520.0
135.6,75,100,105,0.0,94.364,0.0001,11.622,100,1.0,0,0.00097907,10.492,20.012,80175,88836.0,6.4926,297.96,165.99,1.9512,9.0,,23,,1.7477,0.18819,,,1.865,0,,0,1,1,41,41,0,41.0,116350.0
135.8,75,100,105,0.0,97.846,3.5993,1.1622,100,1.0,0,0.00099059,10.494,20.046,80230,88902.0,6.4983,297.95,161.49,1.9529,9.0,,23,,1.7338,0.18829,,,1.8666,0,,0,1,1,41,41,0,41.0,116520.0
136.0,75,100,105,0.0,99.04,1.0798,21.282,100,1.0,0,0.0010112,10.452,20.082,80286,88969.0,6.5039,297.99,176.74,1.9546,9.0,,23,,1.7475,0.18818,,,1.8682,0,,0,1,1,41,41,0,41.0,116680.0
136.2,75,100,105,0.0,97.994,12.949,2.1282,100,1.0,0,0.0010163,10.444,20.117,80341,89035.0,6.5068,297.97,170.5,1.9563,9.0,,23,,1.7425,0.18822,,,1.8699,0,,0,1,1,41,41,0,41.0,118020.0
136.4,75,100,105,0.0,95.786,6.6456,0.21282,100,1.0,0,0.00098187,10.483,20.152,80395,89101.0,6.511,297.95,163.56,1.958,9.0,,23,,1.7344,0.18827,,,1.8715,0,,0,1,1,41,41,0,41.0,117350.0
136.6,75,100,105,0.0,91.905,0.0001,0.021282,100,1.0,0,0.00099178,10.467,20.187,80449,89166.0,6.5136,297.94,159.64,1.9596,9.0,,23,,1.7214,0.18837,,,1.8731,0,,0,1,1,41,41,0,41.0,118190.0
136.8,75,100,105,0.0,86.975,0.0001,9.6218,100,1.0,0,0.00099897,10.426,20.223,80502,89231.0,6.5138,297.96,165.17,1.9613,9.0,,23,,1.7297,0.1883,,,1.8747,0,,0,1,1,41,41,0,41.0,119020.0
137.0,75,100,105,0.0,81.971,2.9541,0.96218,100,1.0,0,0.00098329,10.426,20.258,80554,89294.0,6.5124,297.95,161.58,1.9629,9.0,,23,,1.7326,0.18828,,,1.8763,0,,0,1,1,41,41,0,41.0,119020.0
137.2,75,100,105,0.0,77.536,0.88622,19.392,100,1.0,0,0.00096663,10.421,20.292,80605,89356.0,6.5104,297.98,175.13,1.9645,9.0,,23,,1.7387,0.18823,,,1.8778,0,,0,1,1,41,41,0,41.0,117690.0
137.4,75,100,105,0.0,73.914,11.17,1.9392,100,1.0,0,0.00096544,10.405,20.327,80655,89418.0,6.5051,297.97,169.38,1.9661,9.0,,23,,1.7411,0.18821,,,1.8794,0,,0,1,1,41,41,0,41.0,118690.0
137.6,75,100,105,0.0,72.399,5.2058,0.19392,100,1.0,0,0.00092675,10.438,20.361,80705,89479.0,6.4983,297.95,162.79,1.9677,9.0,,23,,1.7451,0.18818,,,1.8808,0,,0,1,1,41,41,0,41.0,118680.0
137.8,75,100,105,0.0,73.612,0.0001,0.019392,100,1.0,0,0.00088789,10.494,20.394,80755,89540.0,6.4942,297.94,156.37,1.9692,9.0,,23,,1.7328,0.18826,,,1.8823,0,,0,1,1,41,41,0,41.0,118670.0
138.0,75,100,105,0.0,76.439,0.0001,13.466,100,1.0,0,0.00088977,10.495,20.427,80806,89602.0,6.493,297.95,161.66,1.9706,9.0,,23,,1.7382,0.18822,,,1.8837,0,,0,1,1,41,41,0,41.0,119330.0
138.2,75,100,105,0.0,79.764,0.0001,1.755,100,1.0,0,0.00093442,10.434,20.461,80858,89665.0,6.4936,297.94,157.72,1.9721,9.0,,23,,1.7486,0.18814,,,1.8851,0,,0,1,1,41,41,0,41.0,119660.0
138.4,75,100,105,0.0,82.836,0.0001,18.515,100,1.0,0,0.00095222,10.429,20.495,80910,89728.0,6.4957,297.97,168.99,1.9737,9.0,,23,,1.7457,0.18816,,,1.8866,0,,0,1,1,41,41,0,41.0,119820.0
138.6,75,100,105,0.0,85.084,7.8456,1.8515,100,1.0,0,0.00095434,10.418,20.529,80962,89792.0,6.5002,297.95,162.39,1.9752,9.0,,23,,1.7567,0.18807,,,1.8881,0,,0,1,1,41,41,0,41.0,119650.0
138.8,75,100,105,0.0,85.496,0.5967,0.18515,100,1.0,0,0.00093168,10.452,20.563,81015,89856.0,6.5079,297.93,155.79,1.9767,9.0,,23,,1.7449,0.18816,,,1.8895,0,,0,1,1,41,41,0,41.0,119810.0
139.0,75,100,105,0.0,82.844,0.17901,14.479,100,1.0,0,0.00094944,10.425,20.596,81067,89919.0,6.5144,297.95,163.1,1.9782,9.0,,23,,1.7383,0.18821,,,1.891,0,,0,1,1,41,41,0,41.0,118800.0
139.2,75,100,105,0.0,77.607,4.352,1.4479,100,1.0,0,0.00093145,10.429,20.629,81118,89981.0,6.5169,297.94,156.86,1.9797,9.0,,23,,1.7344,0.18823,,,1.8924,0,,0,1,1,41,41,0,41.0,119960.0
139.4,75,100,105,0.0,71.37,1.3056,26.341,100,1.0,0,0.00091797,10.43,20.662,81167,90042.0,6.5167,297.98,174.1,1.9812,9.0,,23,,1.7288,0.18827,,,1.8939,0,,0,1,1,41,41,0,41.0,120110.0
139.6,75,100,105,0.0,65.219,14.369,2.6341,100,1.0,0,0.00090948,10.391,20.695,81216,90102.0,6.5143,297.96,165.45,1.9827,9.0,,23,,1.7474,0.18813,,,1.8953,0,,0,1,1,41,41,0,41.0,119600.0
139.8,75,100,105,0.0,60.031,5.6905,0.26341,100,1.0,0,0.00088914,10.377,20.728,81263,90160.0,6.5082,297.94,157.55,1.9841,9.0,,23,,1.7699,0.18796,,,1.8966,0,,0,1,1,41,41,0,41.0,121090.0
140.0,75,100,90,0.0,57.287,1.7071,18.327,100,1.0,0,0.00062281,10.739,20.754,81307,90214.0,6.5075,297.94,158.68,1.9852,9.0,,23,,1.6921,0.18854,,,1.8977,0,,0,1,1,41,41,0,41.0,120550.0
140.2,75,100,90,0.0,54.792,0.51214,7.312,100,1.0,0,0.00059995,10.775,20.779,81350,90268.0,6.5065,297.92,149.36,1.9861,9.0,,23,,1.6664,0.18873,,,1.8986,0,,0,1,1,41,41,0,41.0,120670.0
140.4,75,100,90,0.0,52.703,0.15364,24.713,100,1.0,0,0.00058557,10.781,20.804,81393,90321.0,6.5044,297.93,155.53,1.987,9.0,,23,,1.6638,0.18875,,,1.8994,0,,0,1,1,41,41,0,41.0,120780.0
140.6,75,100,90,0.0,51.484,0.046093,2.5908,100,1.0,0,0.0005927,10.762,20.829,81436,90373.0,6.5028,297.9,142.2,1.9878,9.0,,23,,1.6614,0.18877,,,1.9002,0,,0,1,1,41,41,0,41.0,120740.0
140.8,75,100,90,0.0,50.88,0.013828,34.211,100,1.0,0,0.0005768,10.79,20.854,81479,90426.0,6.5012,297.94,156.77,1.9887,9.0,,23,,1.6505,0.18885,,,1.901,0,,0,1,1,41,41,0,41.0,121690.0
141.0,75,100,90,0.0,50.924,0.0041484,0.0001,100,1.0,0,0.00056798,10.796,20.878,81521,90478.0,6.4983,297.89,139.93,1.9895,9.0,,23,,1.6526,0.18883,,,1.9018,0,,0,1,1,41,41,0,41.0,120970.0
141.2,75,100,90,0.0,52.115,0.0012445,43.367,100,1.0,0,0.00057172,10.784,20.903,81564,90531.0,6.4972,297.95,162.25,1.9903,9.0,,23,,1.6612,0.18877,,,1.9026,0,,0,1,1,41,41,0,41.0,121590.0
141.4,75,100,90,0.0,53.737,16.043,4.3367,100,1.0,0,0.00058892,10.786,20.928,81607,90584.0,6.4977,297.9,143.72,1.9911,9.0,,23,,1.6378,0.18894,,,1.9034,0,,0,1,1,41,41,0,41.0,121540.0
141.6,75,100,90,0.0,55.176,4.8128,63.702,100,1.0,0,0.00054789,10.867,20.952,81651,90637.0,6.5015,298.0,181.34,1.9919,9.0,,23,,1.6035,0.1892,,,1.9041,0,,0,1,1,41,41,0,41.0,120980.0
141.8,75,100,90,0.0,55.095,34.712,6.3702,100,1.0,0,0.0005398,10.88,20.977,81694,90691.0,6.5056,297.94,156.45,1.9927,9.0,,23,,1.592,0.18928,,,1.9049,0,,0,1,1,41,41,0,41.0,122100.0
142.0,75,100,90,0.0,53.366,10.414,90.467,100,1.0,0,0.00053693,10.889,21.0,81737,90744.0,6.5117,298.09,215.81,1.9934,9.0,,23,,1.5761,0.1894,,,1.9056,0,,0,1,1,41,41,0,41.0,120710.0
142.2,75,100,90,0.0,49.191,60.749,9.0467,100,1.0,0,0.00053286,10.874,21.024,81779,90796.0,6.5152,298.01,184.41,1.9941,9.0,,23,,1.5804,0.18937,,,1.9063,0,,0,1,1,41,41,0,41.0,122660.0
142.4,75,100,90,0.0,43.621,35.296,0.90467,100,1.0,0,0.00051797,10.87,21.048,81820,90846.0,6.5132,297.93,154.34,1.9948,9.0,,23,,1.5866,0.18932,,,1.9069,0,,0,1,1,41,41,0,41.0,121770.0
142.6,75,100,90,0.0,38.893,10.589,52.008,100,1.0,0,0.00050187,10.872,21.071,81861,90896.0,6.5082,297.99,178.68,1.9955,9.0,,23,,1.5932,0.18927,,,1.9076,0,,0,1,1,41,41,0,41.0,122380.0
142.8,75,100,90,0.0,36.141,29.976,5.2008,100,1.0,0,0.00052969,10.814,21.096,81900,90946.0,6.4998,297.94,155.78,1.9962,9.0,,23,,1.6041,0.18918,,,1.9082,0,,0,1,1,41,41,0,41.0,122660.0
143.0,75,100,90,0.0,36.769,8.9928,75.952,100,1.0,0,0.00052215,10.842,21.119,81940,90995.0,6.4916,298.06,203.05,1.9968,9.0,,23,,1.5893,0.1893,,,1.9089,0,,0,1,1,41,41,0,41.0,122270.0
143.2,75,100,90,0.0,40.659,48.478,7.5952,100,1.0,0,0.00052575,10.867,21.143,81980,91045.0,6.488,297.98,175.35,1.9975,9.0,,23,,1.5681,0.18945,,,1.9095,0,,0,1,1,41,41,0,41.0,122550.0
143.4,75,100,90,0.0,45.967,25.35,0.75952,100,1.0,0,0.00054008,10.859,21.166,82022,91097.0,6.4921,297.92,148.86,1.9982,9.0,,23,,1.573,0.18942,,,1.9102,0,,0,1,1,41,41,0,41.0,122820.0
143.6,75,100,90,0.0,49.622,7.605,44.43,100,1.0,0,0.00054498,10.861,21.19,82064,91149.0,6.4988,297.96,167.37,1.9989,9.0,,23,,1.5767,0.18939,,,1.9108,0,,0,1,1,41,41,0,41.0,122600.0
143.8,75,100,90,0.0,50.62,21.239,4.443,100,1.0,0,0.00053777,10.86,21.213,82107,91201.0,6.5067,297.91,144.64,1.9996,9.0,,23,,1.5871,0.18931,,,1.9115,0,,0,1,1,41,41,0,41.0,123380.0
144.0,75,100,90,0.0,48.471,6.3716,68.938,100,1.0,0,0.00054809,10.821,21.236,82149,91253.0,6.5118,298.01,185.91,2.0002,9.0,1485.1,23,1670.2,1.6055,0.18917,21.143,26.869,1.9122,0,73.098,0,1,1,41,41,0,41.0,122320.0
144.2,75,100,90,0.0,44.282,39.436,6.8938,100,1.0,0,0.00055661,10.789,21.26,82190,91304.0,6.5112,297.95,160.47,2.0009,9.0,,23,,1.6123,0.18911,,,1.9128,0,,0,1,1,41,41,0,41.0,121930.0
144.4,75,100,90,0.0,40.333,11.831,95.565,100,1.0,0,0.00056111,10.75,21.285,82230,91355.0,6.5071,298.11,224.72,2.0016,9.0,,23,,1.6291,0.18899,,,1.9135,0,,0,1,1,41,41,0,41.0,122380.0
144.6,75,100,90,0.0,38.026,66.509,9.5565,100,1.0,0,0.00054111,10.767,21.309,82270,91405.0,6.5016,298.03,191.63,2.0023,9.0,,23,,1.6302,0.18898,,,1.9141,0,,0,1,1,41,41,0,41.0,122500.0
144.8,75,100,90,0.0,37.899,40.493,0.95565,100,1.0,0,0.00053193,10.793,21.334,82310,91455.0,6.496,297.95,159.65,2.0029,9.0,,23,,1.6139,0.1891,,,1.9147,0,,0,1,1,41,41,0,41.0,122940.0
145.0,75,100,90,0.0,40.013,12.148,54.813,100,1.0,0,0.00050105,10.861,21.357,82350,91505.0,6.494,298.01,184.8,2.0035,9.0,,23,,1.5892,0.18928,,,1.9153,0,,0,1,1,41,41,0,41.0,123720.0
145.2,75,100,90,0.0,42.938,32.654,5.4813,100,1.0,0,0.0004979,10.881,21.38,82391,91555.0,6.4957,297.94,158.14,2.0041,9.0,,23,,1.573,0.1894,,,1.9159,0,,0,1,1,41,41,0,41.0,123160.0
145.4,75,100,90,0.0,45.179,9.7963,80.537,100,1.0,0,0.00049801,10.889,21.403,82433,91606.0,6.4994,298.06,206.77,2.0047,9.0,,23,,1.5653,0.18946,,,1.9164,0,,0,1,1,41,41,0,41.0,123930.0
145.6,75,100,90,0.0,45.936,50.517,8.0537,100,1.0,0,0.00048012,10.927,21.425,82474,91658.0,6.5053,297.99,177.12,2.0052,9.0,,23,,1.5492,0.18958,,,1.9169,0,,0,1,1,41,41,0,41.0,124540.0
145.8,75,100,90,0.0,44.348,26.157,0.80537,100,1.0,0,0.00047374,10.928,21.447,82515,91709.0,6.5093,297.92,148.02,2.0057,9.0,,23,,1.5462,0.1896,,,1.9174,0,,0,1,1,41,41,0,41.0,123640.0
146.0,75,100,90,0.0,41.161,7.8472,46.304,100,1.0,0,0.00046732,10.932,21.47,82556,91759.0,6.5111,297.96,165.63,2.0062,9.0,,23,,1.5384,0.18966,,,1.9179,0,,0,1,1,41,41,0,41.0,124250.0
146.2,75,100,90,0.0,37.229,20.572,4.6304,100,1.0,0,0.00049228,10.875,21.493,82596,91809.0,6.5081,297.9,143.28,2.0067,9.0,,23,,1.5459,0.1896,,,1.9184,0,,0,1,1,41,41,0,41.0,124030.0
146.4,75,100,90,0.0,34.506,6.1717,67.82,100,1.0,0,0.00045554,10.939,21.516,82635,91857.0,6.5038,298.0,180.88,2.0072,9.0,,23,,1.5199,0.1898,,,1.9189,0,,0,1,1,41,41,0,41.0,123800.0
146.6,75,100,90,0.0,33.525,35.7,6.782,100,1.0,0,0.0004842,10.892,21.539,82674,91906.0,6.4977,297.93,155.38,2.0077,9.0,,23,,1.5223,0.18978,,,1.9193,0,,0,1,1,41,41,0,41.0,123910.0
146.8,75,100,90,0.0,34.982,10.71,91.789,100,1.0,0,0.00050478,10.849,21.563,82713,91955.0,6.4923,298.08,214.6,2.0082,9.0,,23,,1.5441,0.18961,,,1.9198,0,,0,1,1,41,41,0,41.0,125020.0
147.0,75,100,90,0.0,38.57,60.195,9.1789,100,1.0,0,0.00048672,10.887,21.587,82753,92005.0,6.4917,298.0,182.82,2.0087,9.0,,23,,1.5397,0.18965,,,1.9203,0,,0,1,1,41,41,0,41.0,124130.0
147.2,75,100,90,0.0,42.375,34.61,0.91789,100,1.0,0,0.00045283,10.955,21.609,82794,92056.0,6.4978,297.92,149.37,2.0092,9.0,,23,,1.5313,0.18971,,,1.9207,0,,0,1,1,41,41,0,41.0,124400.0
147.4,75,100,90,0.0,43.75,10.383,55.979,100,1.0,0,0.00045769,10.962,21.63,82835,92107.0,6.5058,297.98,173.2,2.0096,9.0,,23,,1.5217,0.18978,,,1.9211,0,,0,1,1,41,41,0,41.0,125340.0
147.6,75,100,90,0.0,41.956,28.668,5.5979,100,1.0,0,0.00043687,10.978,21.652,82876,92157.0,6.5117,297.91,144.93,2.01,9.0,,23,,1.5199,0.18979,,,1.9215,0,,0,1,1,41,41,0,41.0,124110.0
147.8,75,100,90,0.0,37.798,8.6005,83.313,100,1.0,0,0.00042912,10.96,21.673,82915,92206.0,6.5142,298.03,193.33,2.0104,9.0,,23,,1.5363,0.18967,,,1.9219,0,,0,1,1,41,41,0,41.0,124710.0
148.0,75,100,90,0.0,32.633,47.653,8.3313,100,1.0,0,0.00043257,10.929,21.695,82954,92255.0,6.5099,297.96,163.59,2.0107,9.0,,23,,1.5451,0.1896,,,1.9223,0,,0,1,1,41,41,0,41.0,125470.0
148.2,75,100,90,0.0,29.218,22.09,0.83313,100,1.0,0,0.00046483,10.858,21.717,82992,92303.0,6.5013,297.89,136.62,2.0112,9.0,,23,,1.5623,0.18947,,,1.9226,0,,0,1,1,41,41,0,41.0,124750.0
148.4,75,100,90,0.0,29.236,6.6271,46.216,100,1.0,0,0.00045515,10.868,21.74,83030,92351.0,6.4948,297.93,154.61,2.0116,9.0,,23,,1.5651,0.18945,,,1.923,0,,0,1,1,41,41,0,41.0,124180.0
148.6,75,100,90,0.0,31.822,1.9881,0.0001,100,1.0,0,0.000472,10.853,21.762,83069,92399.0,6.4899,297.88,132.38,2.012,9.0,,23,,1.563,0.18946,,,1.9235,0,,0,1,1,41,41,0,41.0,125620.0
148.8,75,100,90,0.0,36.382,0.59644,54.616,100,1.0,0,0.00045962,10.877,21.785,83109,92449.0,6.4899,297.94,158.92,2.0124,9.0,,23,,1.567,0.18943,,,1.9239,0,,0,1,1,41,41,0,41.0,124890.0
149.0,75,100,90,0.0,40.936,0.17893,0.0001,100,1.0,0,0.00048226,10.874,21.807,83149,92499.0,6.4942,297.89,136.39,2.0128,9.0,,23,,1.5595,0.18949,,,1.9243,0,,0,1,1,41,41,0,41.0,125670.0
149.2,75,100,90,0.0,43.745,0.053679,56.35,100,1.0,0,0.0004813,10.881,21.83,83190,92550.0,6.5003,297.96,164.4,2.0133,9.0,,23,,1.5615,0.18947,,,1.9247,0,,0,1,1,41,41,0,41.0,125770.0
149.4,75,100,90,0.0,44.158,20.44,5.635,100,1.0,0,0.00047849,10.888,21.852,83231,92601.0,6.5062,297.9,140.67,2.0137,9.0,,23,,1.5591,0.18949,,,1.9251,0,,0,1,1,41,41,0,41.0,125380.0
149.6,75,100,90,0.0,42.189,6.132,76.246,100,1.0,0,0.00048434,10.855,21.874,83272,92652.0,6.5085,298.01,184.96,2.0141,9.0,,23,,1.5788,0.18934,,,1.9255,0,,0,1,1,41,41,0,41.0,126150.0
149.8,75,100,90,0.0,39.319,40.965,7.6246,100,1.0,0,0.00046388,10.887,21.896,83312,92702.0,6.5105,297.94,158.38,2.0145,9.0,,23,,1.5612,0.18947,,,1.9259,0,,0,1,1,41,41,0,41.0,125750.0
150.0,75,100,90,0.0,35.657,12.29,100.19,100,1.0,0,0.00044426,10.88,21.917,83351,92751.0,6.5082,298.1,221.93,2.0149,9.0,,23,,1.5788,0.18934,,,1.9262,0,,0,1,1,41,41,0,41.0,126350.0
150.2,75,100,90,0.0,32.917,65.41,10.019,0,0.9,-4000,0.00045686,9.5665,21.944,82674,91980.0,6.5309,298.06,204.16,2.0043,9.0,,23,,1.6809,0.18859,,,1.916,0,,0,1,1,41,41,0,41.0,126140.0
150.4,75,100,90,0.0,21.006,52.623,1.0019,0,0.9,-4000,0.00045438,9.5233,21.971,81994,91207.0,6.5392,298.0,181.79,1.9884,9.0,,23,,1.6839,0.1886,,,1.9007,0,,0,1,1,41,41,0,41.0,126770.0
150.6,75,100,90,0.0,5.8777,35.547,0.10019,0,0.9,-4000,0.00047687,9.4283,22.0,81311,90430.0,6.5265,297.96,164.66,1.9721,9.0,,23,,1.6728,0.18871,,,1.8851,0,,0,1,1,41,41,0,41.0,126240.0
150.8,75,100,90,0.0,0.0,20.88,0.010019,0,0.9,-4000,0.00048366,9.3932,22.03,80627,89652.0,6.5064,297.92,151.78,1.9559,9.0,,23,,1.6547,0.18888,,,1.8695,0,,0,1,1,41,41,0,41.0,126880.0
151.0,75,100,90,0.0,0.0,6.2641,35.312,0,0.9,-4000,0.00049848,9.3502,22.06,79943,88875.0,6.4871,297.98,174.45,1.9397,9.0,,23,,1.6577,0.18889,,,1.8539,0,,0,1,1,41,41,0,41.0,126860.0
151.2,75,100,90,0.0,5.6889,23.915,3.5312,0,0.9,-4000,0.00048991,9.3969,22.09,79261,88098.0,6.4761,297.95,164.01,1.9234,9.0,,23,,1.6205,0.1892,,,1.8383,0,,0,1,1,41,41,0,41.0,127160.0
151.4,75,100,90,0.0,15.728,13.357,0.35312,0,0.9,-4000,0.00050192,9.4312,22.119,78580,87324.0,6.4777,297.92,152.15,1.9072,9.0,,23,,1.5848,0.1895,,,1.8227,0,,0,1,1,41,41,0,41.0,126630.0
151.6,75,100,90,0.0,25.111,4.007,31.29,0,0.9,-4000,0.0004887,9.4955,22.147,77902,86551.0,6.4906,297.97,168.34,1.8909,9.0,,23,,1.5444,0.18984,,,1.807,0,,0,1,1,41,41,0,41.0,127760.0
151.8,75,100,90,0.0,29.361,16.227,3.129,0,0.9,-4000,0.00049411,9.5197,22.175,77224,85779.0,6.509,297.93,156.59,1.8746,9.0,,23,,1.5079,0.19014,,,1.7914,0,,0,1,1,41,41,0,41.0,127400.0
152.0,75,100,90,0.0,26.253,4.868,49.547,0,0.9,-4000,0.00052284,9.4645,22.204,76546,85007.0,6.5241,298.02,189.61,1.8584,9.0,,23,,1.4997,0.19024,,,1.7758,0,,0,1,1,41,41,0,41.0,126860.0
152.2,75,100,90,0.0,17.135,33.512,4.9547,0,0.9,0,0.00052403,9.4168,22.233,76562,85033.0,6.4993,298.0,179.64,1.8535,9.0,,23,,1.4968,0.19027,,,1.7711,0,,0,1,1,41,41,0,41.0,127000.0
152.4,75,100,90,0.0,18.062,24.396,0.49547,0,0.9,0,0.00053302,9.3868,22.263,76578,85059.0,6.4777,297.97,167.91,1.8535,9.0,,23,,1.5173,0.19012,,,1.7711,0,,0,1,1,41,41,0,41.0,127640.0
152.6,75,100,90,0.0,27.481,13.479,0.049547,0,0.9,0,0.00055319,9.4096,22.292,76597,85087.0,6.4676,297.93,156.5,1.8539,9.0,,23,,1.5041,0.19021,,,1.7715,0,,0,1,1,41,41,0,41.0,127450.0
152.8,75,100,90,0.0,40.906,4.0436,27.992,0,0.9,0,0.0005504,9.4762,22.321,76618,85118.0,6.472,297.97,169.65,1.8543,9.0,,23,,1.4803,0.19039,,,1.7718,0,,0,1,1,41,41,0,41.0,127750.0
153.0,75,100,90,0.0,52.595,14.131,2.7992,0,0.9,0,0.0005171,9.5769,22.349,76641,85151.0,6.4878,297.93,156.38,1.8546,9.0,,23,,1.4511,0.19061,,,1.7722,0,,0,1,1,41,41,0,41.0,127210.0
153.2,75,100,90,0.0,57.967,4.2392,47.138,0,0.9,0,0.00049389,9.609,22.375,76666,85185.0,6.5081,298.01,182.92,1.8549,9.0,,23,,1.4605,0.19054,,,1.7724,0,,0,1,1,41,41,0,41.0,129000.0
153.4,75,100,90,0.0,55.222,26.892,4.7138,0,0.9,0,0.00048424,9.6043,22.401,76690,85218.0,6.5242,297.97,168.0,1.8552,9.0,,23,,1.4621,0.19053,,,1.7727,0,,0,1,1,41,41,0,41.0,128790.0
153.6,75,100,90,0.0,46.067,12.594,0.47138,0,0.9,0,0.00047577,9.5715,22.427,76712,85250.0,6.5324,297.92,151.75,1.8555,9.0,,23,,1.4621,0.19053,,,1.773,0,,0,1,1,41,41,0,41.0,127750.0
153.8,75,100,90,0.0,33.657,3.7783,31.451,0,0.9,0,0.00046747,9.5102,22.454,76731,85279.0,6.5287,297.96,165.82,1.8557,9.0,,23,,1.4779,0.19041,,,1.7732,0,,0,1,1,41,41,0,41.0,128210.0
154.0,75,100,90,0.0,22.735,14.326,3.1451,0,0.9,0,0.00044127,9.4849,22.481,76749,85306.0,6.5131,297.93,153.27,1.8559,9.0,,23,,1.4867,0.19034,,,1.7734,0,,0,1,1,41,41,0,41.0,129170.0
154.2,75,100,90,0.0,18.047,4.2979,49.016,0,0.9,0,0.00042046,9.4833,22.508,76765,85331.0,6.4932,298.01,183.16,1.8561,9.0,,23,,1.4899,0.19032,,,1.7736,0,,0,1,1,41,41,0,41.0,129620.0
154.4,75,100,90,0.0,21.285,29.715,4.9016,0,0.9,0,0.00045902,9.4368,22.535,76782,85358.0,6.4784,297.97,171.35,1.8563,9.0,,23,,1.5005,0.19024,,,1.7738,0,,0,1,1,41,41,0,41.0,128920.0
154.6,75,100,90,0.0,30.441,18.305,0.49016,0,0.9,0,0.00046503,9.446,22.562,76801,85386.0,6.4761,297.93,156.12,1.8566,9.0,,23,,1.5135,0.19014,,,1.774,0,,0,1,1,41,41,0,41.0,128380.0
154.8,75,100,90,0.0,40.474,5.4915,36.075,0,0.9,0,0.00047116,9.4755,22.588,76822,85417.0,6.4858,297.98,173.43,1.8568,9.0,,23,,1.5109,0.19016,,,1.7742,0,,0,1,1,41,41,0,41.0,130000.0
155.0,75,100,90,0.0,46.642,19.472,3.6075,0,0.9,0,0.00044839,9.5347,22.613,76844,85449.0,6.5045,297.94,159.02,1.857,9.0,,23,,1.4923,0.1903,,,1.7744,0,,0,1,1,41,41,0,41.0,129950.0
155.2,75,100,90,0.0,45.32,5.8416,54.716,0,0.9,0,0.00042129,9.5762,22.638,76866,85480.0,6.5209,298.03,190.88,1.8572,9.0,,23,,1.4707,0.19046,,,1.7746,0,,0,1,1,41,41,0,41.0,128570.0
155.4,75,100,90,0.0,37.467,33.689,5.4716,0,0.9,0,0.00042169,9.533,22.663,76886,85510.0,6.5277,297.99,177.55,1.8573,9.0,,23,,1.4764,0.19042,,,1.7747,0,,0,1,1,41,41,0,41.0,130180.0
155.6,75,100,90,0.0,26.944,21.613,0.54716,0,0.9,0,0.00041448,9.4898,22.688,76904,85538.0,6.5218,297.95,161.13,1.8575,9.0,,23,,1.4848,0.19035,,,1.7749,0,,0,1,1,41,41,0,41.0,129300.0
155.8,75,100,90,0.0,18.794,6.4839,36.572,0,0.9,0,0.00039253,9.4653,22.713,76921,85564.0,6.5065,297.99,178.33,1.8576,9.0,,23,,1.4971,0.19026,,,1.775,0,,0,1,1,41,41,0,41.0,129590.0
156.0,75,100,90,0.0,16.757,20.875,3.6572,0,0.9,0,0.00036997,9.4826,22.738,76937,85589.0,6.4896,297.96,164.62,1.8577,9.0,1607.6,23,1748.6,1.4896,0.19032,22.638,26.88,1.7751,0,83.199,0,1,1,41,41,0,41.0,130530.0
156.2,75,100,90,0.0,21.454,7.479,0.36572,0,0.9,0,0.00035892,9.5157,22.762,76954,85616.0,6.4802,297.91,147.76,1.8577,9.0,,23,,1.4799,0.19039,,,1.7751,0,,0,1,1,41,41,0,41.0,130150.0
156.4,75,100,90,0.0,29.863,2.2437,29.778,0,0.9,0,0.00035951,9.5572,22.786,76973,85644.0,6.4828,297.94,156.89,1.8578,9.0,,23,,1.465,0.1905,,,1.7752,0,,0,1,1,41,41,0,41.0,129590.0
156.6,75,100,90,0.0,37.207,0.67311,0.0001,0,0.9,0,0.00034013,9.5937,22.808,76993,85673.0,6.494,297.88,137.84,1.8578,9.0,,23,,1.4728,0.19044,,,1.7752,0,,0,1,1,41,41,0,41.0,129530.0
156.8,75,100,90,0.0,40.089,0.20193,45.54,0,0.9,0,0.00036552,9.5651,22.831,77014,85704.0,6.5066,297.94,160.23,1.8579,9.0,,23,,1.4841,0.19036,,,1.7753,0,,0,1,1,41,41,0,41.0,131300.0
157.0,75,100,90,0.0,37.98,0.06058,0.0001,0,0.9,0,0.0003227,9.6003,22.853,77035,85733.0,6.5175,297.89,140.4,1.8579,9.0,,23,,1.4842,0.19036,,,1.7753,0,,0,1,1,41,41,0,41.0,130900.0
157.2,75,100,90,0.0,31.502,0.018174,53.114,0,0.9,0,0.00033074,9.5585,22.875,77054,85762.0,6.5193,297.97,169.31,1.8579,9.0,,23,,1.4879,0.19033,,,1.7753,0,,0,1,1,41,41,0,41.0,130170.0
157.4,75,100,90,0.0,24.338,23.255,5.3114,0,0.9,0,0.00030086,9.5613,22.897,77071,85789.0,6.5125,297.92,151.95,1.8579,9.0,,23,,1.4864,0.19034,,,1.7753,0,,0,1,1,41,41,0,41.0,129940.0
157.6,75,100,90,0.0,19.894,6.9765,72.459,0,0.9,0,0.00029041,9.5519,22.918,77088,85815.0,6.5004,298.04,197.17,1.8578,9.0,,23,,1.4833,0.19036,,,1.7752,0,,0,1,1,41,41,0,41.0,130370.0
157.8,75,100,90,0.0,20.255,46.511,7.2459,0,0.9,0,0.00026973,9.5757,22.94,77105,85841.0,6.4898,297.99,178.84,1.8578,9.0,,23,,1.4724,0.19044,,,1.7752,0,,0,1,1,41,41,0,41.0,129970.0
158.0,75,100,90,0.0,24.865,30.179,0.72459,0,0.9,0,0.00028584,9.5676,22.961,77123,85868.0,6.4856,297.93,156.6,1.8577,9.0,,23,,1.4704,0.19046,,,1.7751,0,,0,1,1,41,41,0,41.0,131570.0
158.2,75,100,90,0.0,31.124,9.0537,48.91,0,0.9,0,0.00030507,9.5771,22.982,77142,85896.0,6.4898,298.0,179.42,1.8576,9.0,,23,,1.4634,0.19051,,,1.775,0,,0,1,1,41,41,0,41.0,131340.0
158.4,75,100,90,0.0,35.686,28.278,4.891,0,0.9,0,0.00032893,9.5634,23.004,77162,85925.0,6.4983,297.95,160.64,1.8576,9.0,,23,,1.4656,0.1905,,,1.775,0,,0,1,1,41,41,0,41.0,130270.0
158.6,75,100,90,0.0,36.887,8.4834,69.773,0,0.9,0,0.00035387,9.5378,23.027,77182,85954.0,6.506,298.06,202.85,1.8576,9.0,,23,,1.463,0.19052,,,1.775,0,,0,1,1,41,41,0,41.0,131380.0
158.8,75,100,90,0.0,35.026,46.077,6.9773,0,0.9,0,0.00039498,9.484,23.05,77202,85984.0,6.5096,298.01,186.0,1.8576,9.0,,23,,1.4658,0.1905,,,1.775,0,,0,1,1,41,41,0,41.0,131320.0
159.0,75,100,90,0.0,31.699,31.773,0.69773,0,0.9,0,0.00039608,9.4659,23.074,77221,86012.0,6.5094,297.96,164.88,1.8576,9.0,,23,,1.4643,0.19051,,,1.775,0,,0,1,1,41,41,0,41.0,131770.0
159.2,75,100,90,0.0,28.477,13.002,0.069773,0,0.9,0,0.0004001,9.4325,23.099,77239,86040.0,6.5051,297.91,145.87,1.8576,9.0,,23,,1.4772,0.19041,,,1.775,0,,0,1,1,41,41,0,41.0,132050.0
159.4,75,100,90,0.0,26.965,3.9006,33.003,0,0.9,0,0.00042954,9.3756,23.124,77257,86067.0,6.4989,297.94,158.55,1.8576,9.0,,23,,1.4936,0.19029,,,1.7751,0,,0,1,1,41,41,0,41.0,132500.0
159.6,75,100,90,0.0,27.941,1.1702,0.0001,0,0.9,0,0.00046133,9.3347,23.151,77276,86095.0,6.4932,297.9,142.5,1.8577,9.0,,23,,1.5037,0.19021,,,1.7751,0,,0,1,1,41,41,0,41.0,131960.0
159.8,75,100,90,0.0,31.161,0.35105,43.336,0,0.9,0,0.00045863,9.3504,23.177,77295,86123.0,6.4922,297.96,165.12,1.8578,9.0,,23,,1.5026,0.19022,,,1.7752,0,,0,1,1,41,41,0,41.0,132750.0
160.0,75,100,90,0.0,34.772,17.805,4.3336,0,0.9,0,0.00047339,9.3341,23.203,77315,86152.0,6.4939,297.92,149.65,1.8578,9.0,,23,,1.5131,0.19014,,,1.7752,0,,0,1,1,41,41,0,41.0,132200.0
160.2,75,100,90,0.0,37.73,5.3416,62.341,400,0.9,0,0.00047943,11.337,23.206,77415,86262.0,6.4961,297.99,177.55,1.8579,9.0,,23,,1.0609,0.19353,,,1.7753,0,,0,1,1,41,41,0,41.0,132550.0
160.4,75,100,90,0.0,39.808,28.373,6.2341,400,0.9,0,0.00052823,11.303,23.209,77516,86372.0,6.4991,297.92,151.59,1.858,9.0,,23,,1.0281,0.19378,,,1.7754,0,,0,1,1,41,41,0,41.0,132070.0
160.6,75,100,90,0.0,40.705,8.5118,83.794,400,0.9,0,0.00056907,11.265,23.215,77617,86482.0,6.5025,298.05,198.18,1.8582,9.0,,23,,1.0457,0.19364,,,1.7755,0,,0,1,1,41,41,0,41.0,131590.0
160.8,75,100,90,0.0,40.205,49.189,8.3794,400,0.9,0,0.00055914,11.297,23.219,77717,86592.0,6.506,297.98,171.76,1.8583,9.0,,23,,1.0399,0.19369,,,1.7757,0,,0,1,1,41,41,0,41.0,131110.0
161.0,75,100,90,0.0,38.326,25.56,0.83794,400,0.9,0,0.0005845,11.28,23.225,77818,86702.0,6.5072,297.9,141.83,1.8584,9.0,,23,,1.0399,0.19369,,,1.7758,0,,0,1,1,41,41,0,41.0,132970.0
161.2,75,100,90,0.0,35.967,7.668,52.819,400,0.9,0,0.00060226,11.252,23.231,77918,86812.0,6.5055,297.95,160.91,1.8586,9.0,,23,,1.0627,0.19352,,,1.7759,0,,0,1,1,41,41,0,41.0,132500.0
161.4,75,100,90,0.0,34.298,2.3004,0.0001,400,0.9,0,0.00062242,11.23,23.237,78017,86921.0,6.5012,297.87,132.87,1.8587,9.0,,23,,1.0766,0.19341,,,1.7761,0,,0,1,1,41,41,0,41.0,132200.0
161.6,75,100,90,0.0,34.336,0.69012,63.2,400,0.9,0,0.00068109,11.167,23.245,78117,87030.0,6.4959,297.95,162.08,1.8589,9.0,,23,,1.1071,0.19318,,,1.7763,0,,0,1,1,41,41,0,41.0,131910.0
161.8,75,100,90,0.0,36.48,0.20704,0.0001,400,0.9,0,0.00065823,11.224,23.253,78217,87139.0,6.4928,297.88,134.28,1.8591,9.0,,23,,1.0923,0.19329,,,1.7765,0,,0,1,1,41,41,0,41.0,131940.0
162.0,75,100,90,0.0,39.855,0.062111,66.813,400,0.9,0,0.0006825,11.224,23.261,78318,87250.0,6.4935,297.96,166.76,1.8593,9.0,,23,,1.096,0.19327,,,1.7767,0,,0,1,1,41,41,0,41.0,132480.0
162.2,75,100,90,0.0,42.967,25.726,6.6813,400,0.9,0,0.00071153,11.218,23.27,78419,87361.0,6.496,297.9,142.12,1.8596,9.0,,23,,1.1021,0.19322,,,1.7769,0,,0,1,1,41,41,0,41.0,132030.0
162.4,75,100,90,0.0,45.096,7.7178,87.683,400,0.9,0,0.00071933,11.22,23.279,78521,87472.0,6.5017,298.03,192.33,1.8598,9.0,,23,,1.1146,0.19313,,,1.7771,0,,0,1,1,41,41,0,41.0,131400.0
162.6,75,100,90,0.0,44.925,50.244,8.7683,400,0.9,0,0.00072953,11.236,23.289,78622,87583.0,6.5057,297.96,166.69,1.86,9.0,,23,,1.1068,0.19318,,,1.7773,0,,0,1,1,41,41,0,41.0,132950.0
162.8,75,100,90,0.0,43.183,26.92,0.87683,400,0.9,0,0.0007349,11.238,23.298,78723,87694.0,6.5073,297.88,136.97,1.8602,9.0,,23,,1.1071,0.19318,,,1.7775,0,,0,1,1,41,41,0,41.0,132330.0
163.0,75,100,90,0.0,40.797,8.0759,56.951,400,0.9,0,0.00081115,11.144,23.31,78824,87805.0,6.5049,297.94,159.66,1.8605,9.0,,23,,1.1425,0.19292,,,1.7778,0,,0,1,1,41,41,0,41.0,133220.0
163.2,75,100,90,0.0,39.36,2.4228,0.0001,400,0.9,0,0.00084416,11.114,23.323,78925,87915.0,6.5013,297.87,131.51,1.8608,9.0,,23,,1.1578,0.1928,,,1.7781,0,,0,1,1,41,41,0,41.0,132450.0
163.4,75,100,90,0.0,39.383,0.72683,65.983,400,0.9,0,0.00083453,11.131,23.336,79025,88026.0,6.4972,297.95,163.04,1.8611,9.0,,23,,1.1651,0.19275,,,1.7784,0,,0,1,1,41,41,0,41.0,133510.0
163.6,75,100,90,0.0,41.007,25.017,6.5983,400,0.9,0,0.00088345,11.103,23.35,79126,88136.0,6.4937,297.89,138.63,1.8614,9.0,,23,,1.1748,0.19267,,,1.7787,0,,0,1,1,41,41,0,41.0,133080.0
163.8,75,100,90,0.0,44.046,7.5052,87.58,400,0.9,0,0.00086399,11.158,23.363,79228,88248.0,6.4935,298.02,188.82,1.8617,9.0,,23,,1.1639,0.19275,,,1.779,0,,0,1,1,41,41,0,41.0,132480.0
164.0,75,100,90,0.0,47.139,49.269,8.758,400,0.9,0,0.00084115,11.21,23.375,79330,88359.0,6.4966,297.96,164.48,1.862,9.0,,23,,1.1544,0.19282,,,1.7793,0,,0,1,1,41,41,0,41.0,132700.0
164.2,75,100,90,0.0,48.998,26.955,0.8758,400,0.9,0,0.00087419,11.205,23.387,79432,88472.0,6.4987,297.88,135.58,1.8623,9.0,,23,,1.1573,0.1928,,,1.7796,0,,0,1,1,41,41,0,41.0,132760.0
164.4,75,100,90,0.0,50.027,8.0866,57.777,400,0.9,0,0.00087249,11.222,23.4,79535,88584.0,6.5032,297.94,159.15,1.8626,9.0,,23,,1.1596,0.19278,,,1.7799,0,,0,1,1,41,41,0,41.0,133990.0
164.6,75,100,90,0.0,49.271,2.426,0.0001,400,0.9,0,0.00087124,11.25,23.413,79637,88696.0,6.5073,297.87,130.91,1.8629,9.0,,23,,1.1429,0.19291,,,1.7801,0,,0,1,1,41,41,0,41.0,134060.0
164.8,75,100,90,0.0,46.884,0.72779,66.498,400,0.9,0,0.00087983,11.239,23.426,79739,88808.0,6.509,297.95,162.8,1.8632,9.0,,23,,1.1519,0.19284,,,1.7804,0,,0,1,1,41,41,0,41.0,134120.0
165.0,75,100,90,0.0,43.798,25.039,6.6498,400,0.9,0,0.00090745,11.218,23.44,79840,88919.0,6.508,297.89,140.2,1.8635,9.0,,23,,1.1552,0.19282,,,1.7807,0,,0,1,1,41,41,0,41.0,132520.0
165.2,75,100,90,0.0,41.125,7.5116,85.169,400,0.9,0,0.0009343,11.203,23.455,79941,89030.0,6.5047,298.02,188.64,1.8639,9.0,,23,,1.1561,0.19281,,,1.781,0,,0,1,1,41,41,0,41.0,132930.0
165.4,75,100,90,0.0,39.767,47.422,8.5169,400,0.9,0,0.00091931,11.214,23.469,80042,89140.0,6.4993,297.97,168.34,1.8642,9.0,,23,,1.1618,0.19276,,,1.7813,0,,0,1,1,41,41,0,41.0,133500.0
165.6,75,100,90,0.0,40.576,28.931,0.85169,400,0.9,0,0.00092547,11.216,23.484,80142,89251.0,6.4937,297.89,140.87,1.8645,9.0,,23,,1.1678,0.19272,,,1.7816,0,,0,1,1,41,41,0,41.0,133240.0
165.8,75,100,90,0.0,43.62,8.6792,58.369,400,0.9,0,0.0009739,11.212,23.5,80244,89362.0,6.4911,297.96,165.21,1.8648,9.0,,23,,1.1689,0.19271,,,1.782,0,,0,1,1,41,41,0,41.0,134150.0
166.0,75,100,90,0.0,47.703,27.02,5.8369,400,0.9,0,0.00097095,11.252,23.515,80346,89474.0,6.4924,297.9,142.18,1.8652,9.0,,23,,1.1539,0.19282,,,1.7823,0,,0,1,1,41,41,0,41.0,132560.0
166.2,75,100,90,0.0,51.232,8.1061,81.249,400,0.9,0,0.00097837,11.273,23.531,80448,89587.0,6.4964,298.01,187.06,1.8655,9.0,,23,,1.152,0.19283,,,1.7826,0,,0,1,1,41,41,0,41.0,133630.0
166.4,75,100,90,0.0,53.2,44.775,8.1249,400,0.9,0,0.00098165,11.285,23.546,80551,89700.0,6.5027,297.96,166.49,1.8659,9.0,,23,,1.1615,0.19276,,,1.783,0,,0,1,1,41,41,0,41.0,134040.0
166.6,75,100,90,0.0,52.615,26.069,0.81249,400,0.9,0,0.0010154,11.272,23.562,80655,89813.0,6.5076,297.89,138.68,1.8662,9.0,,23,,1.1643,0.19274,,,1.7833,0,,0,1,1,41,41,0,41.0,133620.0
166.8,75,100,90,0.0,50.098,7.8206,56.626,400,0.9,0,0.0010255,11.26,23.578,80757,89926.0,6.5111,297.95,161.5,1.8666,9.0,,23,,1.1789,0.19263,,,1.7836,0,,0,1,1,41,41,0,41.0,134530.0
167.0,75,100,90,0.0,46.179,2.3462,0.0001,400,0.9,0,0.0010167,11.266,23.593,80859,90038.0,6.5105,297.87,133.09,1.867,9.0,,23,,1.1877,0.19256,,,1.784,0,,0,1,1,41,41,0,41.0,134100.0
167.2,75,100,90,0.0,42.505,0.70385,64.165,400,0.9,0,0.0010415,11.244,23.609,80960,90149.0,6.5051,297.95,162.6,1.8673,9.0,,23,,1.1985,0.19248,,,1.7844,0,,0,1,1,41,41,0,41.0,134350.0
167.4,75,100,90,0.0,41.008,22.718,6.4165,400,0.9,0,0.0010494,11.235,23.625,81060,90259.0,6.4974,297.89,140.16,1.8677,9.0,,23,,1.2136,0.19237,,,1.7847,0,,0,1,1,41,41,0,41.0,134090.0
167.6,75,100,90,0.0,42.566,6.8155,80.497,400,0.9,0,0.0010365,11.254,23.642,81161,90370.0,6.4922,298.01,184.22,1.868,9.0,,23,,1.2188,0.19233,,,1.785,0,,0,1,1,41,41,0,41.0,134010.0
167.8,75,100,90,0.0,46.195,42.207,8.0497,400,0.9,0,0.0010236,11.284,23.658,81263,90482.0,6.4907,297.95,162.74,1.8684,9.0,,23,,1.2254,0.19228,,,1.7854,0,,0,1,1,41,41,0,41.0,134920.0
168.0,75,100,90,0.0,50.415,22.579,0.80497,400,0.9,0,0.0010524,11.299,23.674,81365,90595.0,6.4919,297.88,134.5,1.8687,9.0,1828.4,23,1822.0,1.215,0.19236,23.609,25.987,1.7857,0,80.53,0,1,1,41,41,0,41.0,134670.0
168.2,75,100,90,0.0,54.153,6.7736,54.877,400,0.9,0,0.0010749,11.305,23.691,81469,90708.0,6.4944,297.93,155.36,1.8691,9.0,,23,,1.2203,0.19232,,,1.7861,0,,0,1,1,41,41,0,41.0,134750.0
168.4,75,100,90,0.0,56.896,2.0321,0.0001,400,0.9,0,0.0010679,11.34,23.707,81573,90822.0,6.4995,297.86,126.81,1.8695,9.0,,23,,1.2107,0.19239,,,1.7864,0,,0,1,1,41,41,0,41.0,135160.0
168.6,75,100,90,0.0,57.62,0.60963,65.512,400,0.9,0,0.0010464,11.365,23.723,81676,90936.0,6.5059,297.94,157.44,1.8698,9.0,,23,,1.2177,0.19233,,,1.7868,0,,0,1,1,41,41,0,41.0,135570.0
168.8,75,100,90,0.0,55.784,0.18289,0.0001,400,0.9,0,0.0010545,11.338,23.739,81780,91050.0,6.5112,297.86,128.85,1.8702,9.0,,23,,1.246,0.19212,,,1.7871,0,,0,1,1,41,41,0,41.0,133980.0
169.0,75,100,90,0.0,51.833,0.054866,68.767,400,0.9,0,0.0010279,11.351,23.755,81883,91162.0,6.5139,297.95,162.35,1.8705,9.0,,23,,1.2513,0.19208,,,1.7874,0,,0,1,1,41,41,0,41.0,134730.0
169.2,75,100,90,0.0,46.809,0.01646,0.0001,400,0.9,0,0.0009995,11.372,23.77,81985,91274.0,6.513,297.88,133.7,1.8709,9.0,,23,,1.2519,0.19208,,,1.7877,0,,0,1,1,41,41,0,41.0,134300.0
169.4,75,100,90,0.0,42.151,0.004938,67.884,400,0.9,0,0.00098089,11.384,23.785,82085,91385.0,6.5075,297.96,166.32,1.8712,9.0,,23,,1.2507,0.19208,,,1.788,0,,0,1,1,41,41,0,41.0,135210.0
169.6,75,100,90,0.0,39.694,24.459,6.7884,400,0.9,0,0.00096416,11.387,23.8,82186,91495.0,6.4982,297.9,143.18,1.8714,9.0,,23,,1.2631,0.19199,,,1.7883,0,,0,1,1,41,41,0,41.0,135110.0
169.8,75,100,90,0.0,40.964,7.3377,82.643,400,0.9,0,0.00093293,11.432,23.813,82286,91605.0,6.4915,298.02,188.7,1.8717,9.0,,23,,1.2572,0.19203,,,1.7886,0,,0,1,1,41,41,0,41.0,135510.0
170.0,75,100,90,0.0,44.88,43.789,8.2643,400,0.9,0,0.00088729,11.505,23.826,82387,91716.0,6.4911,297.96,165.16,1.8719,9.0,,23,,1.2409,0.19216,,,1.7888,0,,0,1,1,41,41,0,41.0,134740.0
170.2,75,100,90,0.0,48.929,22.979,0.82643,150,0.9,-4000,0.00091825,10.419,23.853,81744,90978.0,6.5253,297.89,138.35,1.8619,9.0,,23,,1.4943,0.19027,,,1.7791,0,,0,1,1,41,41,0,41.0,134700.0
170.4,75,100,90,0.0,39.202,6.8937,50.869,150,0.9,-4000,0.0008843,10.405,23.88,81098,90237.0,6.5504,297.94,157.53,1.8468,9.0,,23,,1.5215,0.1901,,,1.7647,0,,0,1,1,41,41,0,41.0,135160.0
170.6,75,100,90,0.51838,19.601,2.0681,0.0001,150,0.9,-4000,0.00093655,10.284,23.908,80449,89493.0,6.5492,297.88,133.54,1.8315,9.0,,23,,1.5402,0.18998,,,1.75,0,,0,1,1,41,41,0,41.0,134470.0
170.8,75,100,90,0.0,0.54389,0.62044,57.802,150,0.9,-4000,0.00099897,10.166,23.939,79795,88745.0,6.5216,297.96,164.87,1.8162,9.0,,23,,1.5455,0.18997,,,1.7353,0,,0,1,1,41,41,0,41.0,136620.0
171.0,75,100,90,0.0,0.0,24.486,5.7802,150,0.9,-4000,0.0010738,10.101,23.972,79142,87998.0,6.4939,297.92,150.1,1.801,9.0,,23,,1.5528,0.18995,,,1.7206,0,,0,1,1,41,41,0,41.0,135770.0
171.2,75,100,90,0.0,2.9704,7.3457,72.818,150,0.9,-4000,0.0010856,10.116,24.005,78489,87250.0,6.4718,298.04,195.84,1.7858,9.0,,23,,1.5341,0.19012,,,1.706,0,,0,1,1,41,41,0,41.0,135260.0
171.4,75,100,90,0.0,14.745,46.235,7.2818,150,0.9,-4000,0.0011088,10.175,24.037,77839,86506.0,6.4656,298.0,180.68,1.7706,9.0,,23,,1.491,0.19047,,,1.6914,0,,0,1,1,41,41,0,41.0,136420.0
171.6,75,100,90,0.0,28.97,32.861,0.72818,150,0.9,-4000,0.0011515,10.217,24.069,77192,85764.0,6.4765,297.94,158.69,1.7554,9.0,,23,,1.4606,0.19073,,,1.6768,0,,0,1,1,41,41,0,41.0,136740.0
171.8,75,100,90,0.0,38.839,9.8584,52.599,150,0.9,-4000,0.0011605,10.264,24.099,76547,85024.0,6.4995,298.01,183.0,1.7402,9.0,,23,,1.4443,0.19088,,,1.6622,0,,0,1,1,41,41,0,41.0,136550.0
172.0,75,100,90,0.0,39.51,30.734,5.2599,150,0.9,-4000,0.0011818,10.284,24.13,75902,84284.0,6.5232,297.95,163.87,1.725,9.0,,23,,1.4086,0.19118,,,1.6477,0,,0,1,1,41,41,0,41.0,136530.0
172.2,75,100,90,0.0,30.75,12.421,0.52599,150,0.9,0,0.0011736,10.259,24.161,75951,84343.0,6.5087,297.89,141.93,1.7205,9.0,,23,,1.4046,0.19122,,,1.6434,0,,0,1,1,41,41,0,41.0,137010.0
172.4,75,100,90,0.0,27.926,3.7262,38.826,150,0.9,0,0.0012023,10.24,24.192,75999,84401.0,6.4895,297.93,155.51,1.7206,9.0,,23,,1.4005,0.19125,,,1.6434,0,,0,1,1,41,41,0,41.0,136830.0
172.6,75,100,90,0.0,32.669,1.1179,0.0001,150,0.9,0,0.0011738,10.274,24.222,76049,84460.0,6.4777,297.87,133.26,1.721,9.0,,23,,1.4021,0.19124,,,1.6438,0,,0,1,1,41,41,0,41.0,136810.0
172.8,75,100,90,0.0,42.089,0.33536,54.857,150,0.9,0,0.00121,10.292,24.253,76100,84521.0,6.4769,297.94,160.12,1.7213,9.0,,23,,1.3992,0.19126,,,1.6441,0,,0,1,1,41,41,0,41.0,137120.0
173.0,75,100,90,0.0,51.834,0.10061,0.0001,150,0.9,0,0.0012238,10.323,24.283,76153,84583.0,6.4835,297.88,136.82,1.7217,9.0,,23,,1.3908,0.19132,,,1.6445,0,,0,1,1,41,41,0,41.0,137260.0
173.2,75,100,90,0.0,58.942,0.030182,61.774,150,0.9,0,0.0012422,10.339,24.313,76208,84648.0,6.4935,297.97,168.85,1.7221,9.0,,23,,1.3893,0.19133,,,1.6448,0,,0,1,1,41,41,0,41.0,136740.0
173.4,75,100,90,0.0,62.068,26.143,6.1774,150,0.9,0,0.0012634,10.348,24.343,76263,84713.0,6.5033,297.92,150.26,1.7225,9.0,,23,,1.3797,0.19141,,,1.6452,0,,0,1,1,41,41,0,41.0,138050.0
173.6,75,100,90,0.0,61.256,7.8429,80.076,150,0.9,0,0.0012809,10.333,24.374,76318,84778.0,6.5117,298.05,198.62,1.7229,9.0,,23,,1.3828,0.19138,,,1.6456,0,,0,1,1,41,41,0,41.0,137870.0
173.8,75,100,90,0.0,57.118,50.552,8.0076,150,0.9,0,0.0013079,10.289,24.406,76373,84842.0,6.5144,298.0,180.63,1.7233,9.0,,23,,1.3941,0.1913,,,1.646,0,,0,1,1,41,41,0,41.0,138350.0
174.0,75,100,90,0.0,51.877,34.442,0.80076,150,0.9,0,0.0012785,10.282,24.438,76426,84905.0,6.5097,297.93,157.21,1.7237,9.0,,23,,1.4012,0.19124,,,1.6464,0,,0,1,1,41,41,0,41.0,137670.0
174.2,75,100,90,0.0,48.545,10.332,54.361,150,0.9,0,0.0012258,10.295,24.469,76478,84967.0,6.5035,298.0,182.75,1.7241,9.0,,23,,1.4073,0.19119,,,1.6468,0,,0,1,1,41,41,0,41.0,137820.0
174.4,75,100,90,0.0,47.68,32.337,5.4361,150,0.9,0,0.0012102,10.324,24.5,76531,85029.0,6.4971,297.95,162.42,1.7245,9.0,,23,,1.3823,0.19138,,,1.6471,0,,0,1,1,41,41,0,41.0,138300.0
174.6,75,100,90,0.0,49.364,9.7011,76.482,150,0.9,0,0.0012588,10.295,24.531,76584,85091.0,6.4907,298.07,208.23,1.7249,9.0,,23,,1.3868,0.19135,,,1.6475,0,,0,1,1,41,41,0,41.0,138290.0
174.8,75,100,90,0.0,53.607,51.141,7.6482,150,0.9,0,0.0012916,10.299,24.563,76637,85154.0,6.4873,298.02,189.85,1.7253,9.0,,23,,1.3824,0.19138,,,1.6479,0,,0,1,1,41,41,0,41.0,138770.0
175.0,75,100,90,0.0,59.201,35.75,0.76482,150,0.9,0,0.0013195,10.306,24.595,76692,85219.0,6.4877,297.96,166.56,1.7257,9.0,,23,,1.3797,0.1914,,,1.6483,0,,0,1,1,41,41,0,41.0,139260.0
175.2,75,100,90,0.0,64.613,15.207,0.076482,150,0.9,0,0.0013138,10.329,24.626,76748,85285.0,6.4892,297.9,143.27,1.7261,9.0,,23,,1.3743,0.19144,,,1.6487,0,,0,1,1,41,41,0,41.0,139740.0
175.4,75,100,90,0.0,69.459,4.5622,38.896,150,0.9,0,0.0012718,10.401,24.656,76804,85351.0,6.4939,297.93,154.15,1.7266,9.0,,23,,1.346,0.19165,,,1.6491,0,,0,1,1,41,41,0,41.0,138220.0
175.6,75,100,90,0.0,72.418,1.3687,0.0001,150,0.9,0,0.0012093,10.47,24.686,76862,85418.0,6.5014,297.86,128.9,1.7269,9.0,,23,,1.3147,0.19189,,,1.6495,0,,0,1,1,41,41,0,41.0,139530.0
175.8,75,100,90,0.0,72.354,0.4106,57.561,150,0.9,0,0.0012436,10.451,24.715,76919,85485.0,6.5077,297.93,156.18,1.7273,9.0,,23,,1.3128,0.1919,,,1.6499,0,,0,1,1,41,41,0,41.0,139340.0
176.0,75,100,90,0.0,69.805,0.12318,0.0001,150,0.9,0,0.0012769,10.419,24.746,76976,85552.0,6.5108,297.87,132.32,1.7277,9.0,,23,,1.3157,0.19188,,,1.6502,0,,0,1,1,41,41,0,41.0,139980.0
176.2,75,100,90,0.0,65.997,0.036954,64.375,150,0.9,0,0.0012685,10.419,24.776,77032,85617.0,6.5131,297.96,166.73,1.7281,9.0,,23,,1.3109,0.19191,,,1.6506,0,,0,1,1,41,41,0,41.0,139290.0
176.4,75,100,90,0.0,61.293,27.622,6.4375,150,0.9,0,0.0011935,10.451,24.805,77087,85682.0,6.5119,297.91,147.56,1.7285,9.0,,23,,1.3093,0.19192,,,1.651,0,,0,1,1,41,41,0,41.0,140100.0
176.6,75,100,90,0.0,57.064,8.2867,84.606,150,0.9,0,0.0011732,10.446,24.834,77141,85746.0,6.5112,298.05,198.94,1.7288,9.0,,23,,1.316,0.19187,,,1.6513,0,,0,1,1,41,41,0,41.0,140900.0
176.8,75,100,90,0.0,53.097,53.068,8.4606,150,0.9,0,0.0011753,10.438,24.862,77194,85809.0,6.5054,298.0,180.76,1.7292,9.0,,23,,1.3088,0.19193,,,1.6516,0,,0,1,1,41,41,0,41.0,140040.0
177.0,75,100,90,0.0,51.454,36.898,0.84606,150,0.9,0,0.0011804,10.429,24.891,77247,85871.0,6.4998,297.93,156.3,1.7295,9.0,,23,,1.3146,0.19188,,,1.652,0,,0,1,1,41,41,0,41.0,140340.0
177.2,75,100,90,0.0,52.037,11.069,57.887,150,0.9,0,0.001185,10.422,24.919,77301,85934.0,6.496,298.01,183.87,1.7299,9.0,,23,,1.329,0.19177,,,1.6523,0,,0,1,1,41,41,0,41.0,140980.0
177.4,75,100,90,0.0,54.16,34.634,5.7887,150,0.9,0,0.0011488,10.463,24.946,77354,85997.0,6.4965,297.95,163.97,1.7302,9.0,,23,,1.3211,0.19183,,,1.6526,0,,0,1,1,41,41,0,41.0,140770.0
177.6,75,100,90,0.0,56.071,15.871,0.57887,150,0.9,0,0.0011868,10.446,24.974,77408,86061.0,6.497,297.89,139.96,1.7305,9.0,,23,,1.3263,0.19179,,,1.6529,0,,0,1,1,41,41,0,41.0,140240.0
177.8,75,100,90,0.0,57.773,4.7613,44.109,150,0.9,0,0.0012338,10.411,25.002,77463,86125.0,6.4984,297.93,155.73,1.7309,9.0,,23,,1.3482,0.19163,,,1.6533,0,,0,1,1,41,41,0,41.0,140540.0
178.0,75,100,90,0.0,58.913,1.4284,0.0001,150,0.9,0,0.0012355,10.421,25.03,77517,86189.0,6.4981,297.87,131.44,1.7312,9.0,,23,,1.3489,0.19162,,,1.6536,0,,0,1,1,41,41,0,41.0,140510.0
178.2,75,100,90,0.0,60.186,0.42851,58.391,150,0.9,0,0.001251,10.411,25.058,77572,86253.0,6.4965,297.94,160.01,1.7316,9.0,,23,,1.3545,0.19158,,,1.654,0,,0,1,1,41,41,0,41.0,141140.0
178.4,75,100,90,0.0,62.099,0.12855,0.0001,150,0.9,0,0.0012906,10.392,25.086,77627,86318.0,6.4943,297.88,136.24,1.732,9.0,,23,,1.3621,0.19152,,,1.6544,0,,0,1,1,41,41,0,41.0,141110.0
178.6,75,100,90,0.0,64.919,0.038566,62.618,150,0.9,0,0.0013027,10.393,25.115,77683,86384.0,6.4947,297.97,168.94,1.7324,9.0,,23,,1.3634,0.19151,,,1.6547,0,,0,1,1,41,41,0,41.0,140410.0
178.8,75,100,90,0.0,67.542,26.179,6.2618,150,0.9,0,0.0013294,10.399,25.143,77739,86450.0,6.4951,297.92,151.51,1.7328,9.0,,23,,1.355,0.19157,,,1.6551,0,,0,1,1,41,41,0,41.0,141220.0
179.0,75,100,90,0.0,70.024,7.8537,78.119,150,0.9,0,0.0013043,10.426,25.171,77796,86516.0,6.498,298.04,197.6,1.7332,9.0,,23,,1.3506,0.1916,,,1.6555,0,,0,1,1,41,41,0,41.0,141850.0
179.2,75,100,90,0.0,71.325,47.709,7.8119,150,0.9,0,0.0012759,10.431,25.199,77853,86583.0,6.5001,298.0,180.56,1.7336,9.0,,23,,1.3624,0.19151,,,1.6559,0,,0,1,1,41,41,0,41.0,141820.0
179.4,75,100,90,0.0,71.788,32.694,0.78119,150,0.9,0,0.0012535,10.451,25.227,77910,86650.0,6.5009,297.93,156.08,1.734,9.0,,23,,1.359,0.19154,,,1.6563,0,,0,1,1,41,41,0,41.0,142280.0
179.6,75,100,90,0.0,71.959,9.8081,54.499,150,0.9,0,0.0012437,10.465,25.254,77967,86717.0,6.5008,297.99,179.54,1.7343,9.0,,23,,1.3534,0.19158,,,1.6566,0,,0,1,1,41,41,0,41.0,141740.0
179.8,75,100,90,0.0,72.153,29.338,5.4499,150,0.9,0,0.0012841,10.445,25.281,78024,86784.0,6.4993,297.94,159.29,1.7347,9.0,,23,,1.3514,0.1916,,,1.657,0,,0,1,1,41,41,0,41.0,141540.0
180.0,75,100,90,0.0,72.974,8.8015,73.031,150,0.9,0,0.0012701,10.469,25.309,78081,86851.0,6.4958,298.05,199.71,1.7351,8.0,1918.6,23,1846.8,1.3364,0.19171,25.199,25.428,1.6573,0,78.853,0,1,1,41,41,0,41.0,142510.0
180.2,75,100,90,0.0,75.174,44.12,7.3031,150,0.9,0,0.0012715,10.476,25.336,78139,86918.0,6.4946,298.0,179.8,1.7355,8.0,,23,,1.3372,0.1917,,,1.6577,0,,0,1,1,41,41,0,41.0,142300.0
180.4,75,100,90,0.0,77.862,26.85,0.73031,150,0.9,0,0.0012977,10.476,25.363,78197,86986.0,6.4904,297.93,155.3,1.7359,8.0,,23,,1.3343,0.19172,,,1.6581,0,,0,1,1,41,41,0,41.0,142100.0
180.6,75,100,90,0.0,82.223,8.0549,47.112,150,0.9,0,0.001279,10.5,25.389,78256,87054.0,6.4904,297.97,172.02,1.7362,8.0,,23,,1.3338,0.19172,,,1.6584,0,,0,1,1,41,41,0,41.0,142560.0
180.8,75,100,90,0.0,86.587,21.254,4.7112,150,0.9,0,0.0013155,10.488,25.416,78316,87124.0,6.4911,297.92,150.7,1.7366,8.0,,23,,1.3439,0.19165,,,1.6588,0,,0,1,1,41,41,0,41.0,142850.0
181.0,75,100,90,0.0,90.655,6.3763,65.735,150,0.9,0,0.0013082,10.5,25.443,78376,87195.0,6.4942,298.01,184.08,1.737,8.0,,23,,1.3545,0.19157,,,1.6592,0,,0,1,1,41,41,0,41.0,143310.0
181.2,75,100,90,0.0,93.48,34.281,6.5735,150,0.9,0,0.0013506,10.476,25.469,78437,87266.0,6.4977,297.95,164.44,1.7375,8.0,,23,,1.37,0.19145,,,1.6596,0,,0,1,1,41,41,0,41.0,142770.0
181.4,75,100,90,0.0,94.905,15.902,0.65735,150,0.9,0,0.0013627,10.466,25.497,78499,87337.0,6.5026,297.89,139.31,1.7379,8.0,,23,,1.3811,0.19137,,,1.66,0,,0,1,1,41,41,0,41.0,143740.0
181.6,75,100,90,0.0,94.385,4.7707,45.267,150,0.9,0,0.0013647,10.454,25.524,78560,87409.0,6.5068,297.93,154.46,1.7383,8.0,,23,,1.3947,0.19126,,,1.6604,0,,0,1,1,41,41,0,41.0,142200.0
181.8,75,100,90,0.0,92.205,1.4312,0.0001,150,0.9,0,0.0014013,10.422,25.551,78621,87480.0,6.5102,297.86,129.49,1.7388,8.0,,23,,1.4037,0.19119,,,1.6608,0,,0,1,1,41,41,0,41.0,143660.0
182.0,75,100,90,0.0,88.639,0.42936,58.855,150,0.9,0,0.0014151,10.399,25.578,78681,87550.0,6.5096,297.94,158.01,1.7392,8.0,,23,,1.4185,0.19108,,,1.6613,0,,0,1,1,41,41,0,41.0,142790.0
182.2,75,100,90,0.0,85.323,0.12881,0.0001,150,0.9,0,0.001377,10.411,25.605,78741,87620.0,6.5074,297.87,133.14,1.7397,8.0,,23,,1.4197,0.19107,,,1.6617,0,,0,1,1,41,41,0,41.0,144590.0
182.4,75,100,90,0.0,82.884,0.038642,64.336,150,0.9,0,0.0013552,10.411,25.631,78800,87689.0,6.5047,297.96,166.16,1.7401,8.0,,23,,1.4254,0.19103,,,1.6621,0,,0,1,1,41,41,0,41.0,143380.0
182.6,75,100,90,0.0,81.508,25.777,6.4336,150,0.9,0,0.0013856,10.373,25.657,78859,87757.0,6.5012,297.91,146.58,1.7405,8.0,,23,,1.4526,0.19082,,,1.6625,0,,0,1,1,41,41,0,41.0,143500.0
182.8,75,100,90,0.0,81.544,7.7332,81.601,150,0.9,0,0.0013486,10.382,25.682,78918,87826.0,6.4986,298.03,194.55,1.7409,8.0,,23,,1.4709,0.19068,,,1.6629,0,,0,1,1,41,41,0,41.0,143120.0
183.0,75,100,90,0.0,82.611,48.246,8.1601,150,0.9,0,0.0012751,10.445,25.707,78976,87895.0,6.4988,297.98,174.78,1.7413,8.0,,23,,1.4512,0.19083,,,1.6633,0,,0,1,1,41,41,0,41.0,144240.0
183.2,75,100,90,0.0,83.601,30.596,0.81601,150,0.9,0,0.0013,10.436,25.731,79036,87964.0,6.4974,297.91,148.82,1.7417,8.0,,23,,1.4524,0.19082,,,1.6637,0,,0,1,1,41,41,0,41.0,144690.0
183.4,75,100,90,0.0,85.187,9.1787,55.412,150,0.9,0,0.0013013,10.441,25.755,79095,88033.0,6.4973,297.98,172.62,1.7421,8.0,,23,,1.4537,0.19081,,,1.664,0,,0,1,1,41,41,0,41.0,143300.0
183.6,75,100,90,0.0,86.791,28.02,5.5412,150,0.9,0,0.0012696,10.472,25.779,79155,88103.0,6.4989,297.92,150.99,1.7425,8.0,,23,,1.4447,0.19088,,,1.6644,0,,0,1,1,41,41,0,41.0,145250.0
183.8,75,100,90,0.0,87.738,8.4061,76.897,150,0.9,0,0.0012717,10.472,25.802,79215,88172.0,6.5005,298.03,193.83,1.7428,8.0,,23,,1.4416,0.1909,,,1.6648,0,,0,1,1,41,41,0,41.0,144530.0
184.0,75,100,90,0.0,88.04,44.579,7.6897,150,0.9,0,0.0012699,10.459,25.826,79275,88242.0,6.5006,297.98,173.34,1.7432,8.0,,23,,1.4639,0.19073,,,1.6651,0,,0,1,1,41,41,0,41.0,143980.0
184.2,75,100,90,0.0,88.337,26.38,0.76897,150,0.9,0,0.0012663,10.467,25.85,79335,88312.0,6.5019,297.91,147.33,1.7436,8.0,,23,,1.462,0.19075,,,1.6655,0,,0,1,1,41,41,0,41.0,145090.0
184.4,75,100,90,0.0,88.084,7.9139,51.486,150,0.9,0,0.001325,10.418,25.874,79395,88382.0,6.5029,297.96,167.5,1.744,8.0,,23,,1.4773,0.19063,,,1.6658,0,,0,1,1,41,41,0,41.0,144370.0
184.6,75,100,90,0.0,87.436,23.25,5.1486,150,0.9,0,0.0013132,10.432,25.898,79455,88452.0,6.5044,297.9,145.54,1.7443,8.0,,23,,1.4737,0.19065,,,1.6662,0,,0,1,1,41,41,0,41.0,145650.0
184.8,75,100,90,0.0,86.179,6.9749,72.704,150,0.9,0,0.0013849,10.374,25.923,79514,88522.0,6.5052,298.01,185.84,1.7448,8.0,,23,,1.4867,0.19056,,,1.6666,0,,0,1,1,41,41,0,41.0,145440.0
185.0,75,100,90,0.0,84.608,40.189,7.2704,150,0.9,0,0.0014295,10.348,25.949,79574,88591.0,6.505,297.96,167.96,1.7452,8.0,,23,,1.4841,0.19057,,,1.667,0,,0,1,1,41,41,0,41.0,144730.0
185.2,75,100,90,0.0,83.139,23.671,0.72704,150,0.9,0,0.0014212,10.337,25.975,79633,88660.0,6.5056,297.9,145.03,1.7457,8.0,,23,,1.498,0.19047,,,1.6675,0,,0,1,1,41,41,0,41.0,144690.0
185.4,75,100,90,0.0,81.43,7.1014,49.21,150,0.9,0,0.0013995,10.346,26.001,79691,88729.0,6.504,297.96,165.38,1.7461,8.0,,23,,1.4945,0.19049,,,1.6679,0,,0,1,1,41,41,0,41.0,145470.0
185.6,75,100,90,0.0,80.372,22.251,4.921,150,0.9,0,0.0014332,10.327,26.027,79750,88798.0,6.5,297.91,147.13,1.7466,8.0,,23,,1.4915,0.19052,,,1.6684,0,,0,1,1,41,41,0,41.0,145930.0
185.8,75,100,90,0.0,80.896,6.6754,67.957,150,0.9,0,0.001459,10.298,26.053,79808,88867.0,6.4969,298.01,185.43,1.7471,8.0,,23,,1.5082,0.19039,,,1.6688,0,,0,1,1,41,41,0,41.0,145050.0
186.0,75,100,90,0.0,82.637,38.049,6.7957,150,0.9,0,0.0014546,10.297,26.078,79867,88936.0,6.4967,297.97,170.33,1.7476,8.0,,23,,1.5218,0.19029,,,1.6693,0,,0,1,1,41,41,0,41.0,145180.0
186.2,75,100,90,0.0,84.468,24.079,0.67957,150,0.9,0,0.0014747,10.288,26.104,79926,89005.0,6.4924,297.91,149.11,1.7481,8.0,,23,,1.528,0.19024,,,1.6698,0,,0,1,1,41,41,0,41.0,146960.0
186.4,75,100,90,0.0,88.023,7.2238,47.915,150,0.9,0,0.0014934,10.292,26.129,79986,89076.0,6.49,297.97,169.5,1.7486,8.0,,23,,1.5249,0.19026,,,1.6703,0,,0,1,1,41,41,0,41.0,146090.0
186.6,75,100,90,0.0,92.525,22.711,4.7915,150,0.9,0,0.0014322,10.352,26.153,80047,89147.0,6.4863,297.92,151.15,1.7491,8.0,,23,,1.5128,0.19035,,,1.6708,0,,0,1,1,41,41,0,41.0,145870.0
186.8,75,100,90,0.0,98.532,6.8132,66.289,150,0.9,0,0.0014773,10.363,26.178,80109,89219.0,6.4823,298.01,186.74,1.7496,8.0,,23,,1.4996,0.19045,,,1.6713,0,,0,1,1,41,41,0,41.0,146820.0
187.0,75,100,90,0.0,106.12,36.025,6.6289,150,0.9,0,0.0014881,10.392,26.201,80173,89293.0,6.482,297.97,169.98,1.7501,8.0,,23,,1.4895,0.19052,,,1.6718,0,,0,1,1,41,41,0,41.0,146260.0
187.2,75,100,90,0.0,113.83,20.792,0.66289,150,0.9,0,0.0014858,10.417,26.225,80238,89369.0,6.485,297.91,145.93,1.7506,8.0,,23,,1.4954,0.19048,,,1.6723,0,,0,1,1,41,41,0,41.0,146540.0
187.4,75,100,90,0.0,120.32,6.2375,47.327,150,0.9,0,0.0015129,10.433,26.248,80304,89446.0,6.4902,297.95,162.72,1.7512,8.0,,23,,1.488,0.19053,,,1.6728,0,,0,1,1,41,41,0,41.0,146980.0
187.6,75,100,90,0.0,124.76,1.8713,0.0001,150,0.9,0,0.0015075,10.446,26.27,80372,89524.0,6.4974,297.88,136.54,1.7517,8.0,,23,,1.496,0.19047,,,1.6733,0,,0,1,1,41,41,0,41.0,146420.0
187.8,75,100,90,0.0,126.33,0.56138,56.612,150,0.9,0,0.001532,10.449,26.293,80439,89602.0,6.5038,297.95,161.31,1.7523,8.0,,23,,1.4833,0.19057,,,1.6738,0,,0,1,1,41,41,0,41.0,147530.0
188.0,75,100,90,0.0,125.35,0.16841,0.0001,150,0.9,0,0.0015953,10.409,26.316,80507,89680.0,6.5101,297.88,135.78,1.7528,8.0,,23,,1.4862,0.19054,,,1.6744,0,,0,1,1,41,41,0,41.0,146310.0
188.2,75,100,90,0.0,121.82,0.050524,59.879,150,0.9,0,0.0016213,10.391,26.34,80573,89757.0,6.517,297.96,164.94,1.7534,8.0,,23,,1.4818,0.19058,,,1.675,0,,0,1,1,41,41,0,41.0,148090.0
188.4,75,100,90,0.0,115.53,21.997,5.9879,150,0.9,0,0.0017181,10.3,26.365,80639,89834.0,6.5192,297.91,148.12,1.7541,8.0,,23,,1.51,0.19036,,,1.6756,0,,0,1,1,41,41,0,41.0,147210.0
188.6,75,100,90,0.0,108.38,6.5991,71.378,150,0.9,0,0.0016765,10.273,26.391,80703,89909.0,6.5205,298.02,190.03,1.7547,8.0,,23,,1.5299,0.19021,,,1.6762,0,,0,1,1,41,41,0,41.0,147330.0
188.8,75,100,90,0.0,100.71,40.865,7.1378,150,0.9,0,0.0016504,10.243,26.416,80765,89982.0,6.5218,297.98,175.28,1.7554,8.0,,23,,1.5458,0.19009,,,1.6768,0,,0,1,1,41,41,0,41.0,148120.0
189.0,75,100,90,0.0,92.506,27.719,0.71378,150,0.9,0,0.0015655,10.248,26.442,80826,90054.0,6.5234,297.93,154.17,1.756,8.0,,23,,1.5527,0.19004,,,1.6774,0,,0,1,1,41,41,0,41.0,148240.0
189.2,75,100,90,0.0,83.676,8.3156,48.96,150,0.9,0,0.0015633,10.192,26.468,80885,90123.0,6.5228,297.99,177.26,1.7566,8.0,,23,,1.5728,0.18988,,,1.6779,0,,0,1,1,41,41,0,41.0,147870.0
189.4,75,100,90,0.0,75.087,26.482,4.896,150,0.9,0,0.001564,10.155,26.496,80942,90191.0,6.518,297.95,161.96,1.7571,8.0,,23,,1.5754,0.18986,,,1.6785,0,,0,1,1,41,41,0,41.0,147830.0
189.6,75,100,90,0.0,68.421,7.9445,63.525,150,0.9,0,0.0015377,10.133,26.523,80998,90258.0,6.507,298.04,199.16,1.7577,8.0,,23,,1.5907,0.18975,,,1.6791,0,,0,1,1,41,41,0,41.0,148630.0
189.8,75,100,90,0.0,66.173,39.212,6.3525,150,0.9,0,0.0015207,10.12,26.551,81053,90324.0,6.4943,298.01,184.97,1.7583,8.0,,23,,1.5992,0.18968,,,1.6796,0,,0,1,1,41,41,0,41.0,148100.0
190.0,75,100,90,0.0,68.983,27.573,0.63525,150,0.9,0,0.0015173,10.136,26.578,81109,90391.0,6.4849,297.96,165.62,1.7589,8.0,,23,,1.5968,0.1897,,,1.6802,0,,0,1,1,41,41,0,41.0,148390.0
190.2,75,100,90,0.0,75.54,11.004,0.063525,150,0.9,-4000,0.0015597,10.154,26.604,80472,89659.0,6.5065,297.9,145.23,1.7495,8.0,,23,,1.5835,0.18982,,,1.6712,0,,0,1,1,41,41,0,41.0,147690.0
190.4,75,100,90,0.0,73.369,3.3012,33.365,150,0.9,-4000,0.0015906,10.129,26.632,79835,88927.0,6.5256,297.93,155.23,1.7356,8.0,,23,,1.5805,0.18987,,,1.6578,0,,0,1,1,41,41,0,41.0,148310.0
190.6,75,100,90,0.0,63.657,0.99035,0.0001,150,0.9,-4000,0.0016259,10.078,26.66,79195,88193.0,6.5421,297.88,136.39,1.7214,8.0,,23,,1.5761,0.18993,,,1.6442,0,,0,1,1,41,41,0,41.0,148780.0
190.8,75,100,90,0.0,47.355,0.29711,45.922,150,0.9,-4000,0.0016798,9.976,26.689,78553,87456.0,6.5466,297.95,161.24,1.7072,8.0,,23,,1.5848,0.18989,,,1.6306,0,,0,1,1,41,41,0,41.0,148760.0
191.0,75,100,90,0.0,29.288,0.089132,0.0001,150,0.9,-4000,0.0017476,9.8598,26.72,77906,86715.0,6.5342,297.91,147.13,1.6931,8.0,,23,,1.6033,0.18978,,,1.617,0,,0,1,1,41,41,0,41.0,148410.0
191.2,75,100,90,0.0,16.198,0.02674,45.774,150,0.9,-4000,0.001757,9.8242,26.751,77258,85971.0,6.5126,297.99,175.36,1.6789,8.0,,23,,1.5843,0.18995,,,1.6034,0,,0,1,1,41,41,0,41.0,148720.0
191.4,75,100,90,0.0,11.721,22.993,4.5774,150,0.9,-4000,0.0018184,9.7717,26.782,76608,85227.0,6.4888,297.96,166.89,1.6648,8.0,,23,,1.5827,0.18999,,,1.5899,0,,0,1,1,41,41,0,41.0,148870.0
191.6,75,100,90,0.0,16.722,13.978,0.45774,150,0.9,-4000,0.0018654,9.7926,26.812,75960,84484.0,6.4716,297.93,154.46,1.6507,8.0,,23,,1.5527,0.19024,,,1.5763,0,,0,1,1,41,41,0,41.0,150010.0
191.8,75,100,90,0.0,28.596,4.1934,32.711,150,0.9,-4000,0.0020111,9.7981,26.841,75314,83743.0,6.4653,297.98,171.46,1.6367,8.0,,23,,1.5314,0.19043,,,1.5629,0,,0,1,1,41,41,0,41.0,148820.0
192.0,75,100,90,0.0,42.974,17.864,3.2711,150,0.9,-4000,0.0019443,9.8902,26.869,74671,83005.0,6.47,297.94,159.63,1.6227,8.0,1910.4,23,1852.1,1.5002,0.19069,26.751,25.148,1.5494,0,80.732,0,1,1,41,41,0,41.0,150290.0
192.2,75,100,90,0.0,55.478,5.3591,50.871,150,0.9,0,0.0019726,9.941,26.896,74725,83070.0,6.4593,298.03,189.9,1.6189,8.0,,23,,1.4751,0.19089,,,1.5458,0,,0,1,1,41,41,0,41.0,150250.0
192.4,75,100,90,0.0,72.344,32.475,5.0871,150,0.9,0,0.0019526,10.043,26.922,74782,83138.0,6.4602,297.99,175.89,1.6194,8.0,,23,,1.4341,0.1912,,,1.5463,0,,0,1,1,41,41,0,41.0,149040.0
192.6,75,100,90,0.0,88.752,19.413,0.50871,150,0.9,0,0.0018567,10.174,26.946,74842,83210.0,6.4708,297.93,155.8,1.6202,8.0,,23,,1.3972,0.19147,,,1.547,0,,0,1,1,41,41,0,41.0,149980.0
192.8,75,100,90,0.0,100.93,5.824,40.049,150,0.9,0,0.0018106,10.238,26.968,74905,83283.0,6.4868,297.97,169.99,1.6209,8.0,,23,,1.3946,0.19149,,,1.5477,0,,0,1,1,41,41,0,41.0,150420.0
193.0,75,100,90,0.0,106.7,17.27,4.0049,150,0.9,0,0.001847,10.243,26.991,74969,83358.0,6.502,297.92,150.82,1.6216,8.0,,23,,1.3948,0.19149,,,1.5484,0,,0,1,1,41,41,0,41.0,149530.0
193.2,75,100,90,0.0,106.4,5.181,59.427,150,0.9,0,0.0018669,10.221,27.013,75034,83433.0,6.5146,298.01,182.32,1.6223,8.0,,23,,1.4129,0.19135,,,1.5491,0,,0,1,1,41,41,0,41.0,149640.0
193.4,75,100,90,0.0,101.1,32.592,5.9427,150,0.9,0,0.0019792,10.138,27.036,75097,83507.0,6.524,297.96,164.87,1.6231,8.0,,23,,1.4402,0.19114,,,1.5498,0,,0,1,1,41,41,0,41.0,151410.0
193.6,75,100,90,0.0,92.007,15.482,0.59427,150,0.9,0,0.0019492,10.103,27.058,75158,83579.0,6.5271,297.9,144.73,1.6239,8.0,,23,,1.4566,0.19102,,,1.5506,0,,0,1,1,41,41,0,41.0,150350.0
193.8,75,100,90,0.0,81.707,4.6445,39.829,150,0.9,0,0.0019181,10.056,27.082,75217,83649.0,6.5259,297.95,161.62,1.6246,8.0,,23,,1.4821,0.19082,,,1.5513,0,,0,1,1,41,41,0,41.0,150130.0
194.0,75,100,90,0.0,71.895,1.3933,0.0001,150,0.9,0,0.0019415,9.992,27.106,75274,83717.0,6.5183,297.9,144.28,1.6254,8.0,,23,,1.497,0.19071,,,1.552,0,,0,1,1,41,41,0,41.0,151080.0
194.2,75,100,90,0.0,65.13,0.418,47.372,150,0.9,0,0.0018525,9.9822,27.131,75330,83783.0,6.5094,297.97,169.64,1.6261,8.0,,23,,1.5129,0.19059,,,1.5528,0,,0,1,1,41,41,0,41.0,151030.0
194.4,75,100,90,0.0,61.897,21.153,4.7372,150,0.9,0,0.0018446,9.9629,27.156,75385,83849.0,6.5,297.93,155.38,1.6269,8.0,,23,,1.5217,0.19052,,,1.5535,0,,0,1,1,41,41,0,41.0,151150.0
194.6,75,100,90,0.0,62.425,6.3459,64.247,150,0.9,0,0.0019727,9.912,27.181,75440,83916.0,6.488,298.04,196.7,1.6277,8.0,,23,,1.5249,0.19049,,,1.5542,0,,0,1,1,41,41,0,41.0,151430.0
194.8,75,100,90,0.0,67.749,43.283,6.4247,150,0.9,0,0.001909,9.9622,27.205,75496,83983.0,6.4829,298.0,181.21,1.6285,8.0,,23,,1.5142,0.19057,,,1.555,0,,0,1,1,41,41,0,41.0,152220.0
195.0,75,100,90,0.0,75.077,29.403,0.64247,150,0.9,0,0.0018849,10.015,27.229,75554,84052.0,6.4859,297.95,161.26,1.6292,8.0,,23,,1.4921,0.19074,,,1.5557,0,,0,1,1,41,41,0,41.0,151660.0
195.2,75,100,90,0.0,81.201,8.821,45.78,150,0.9,0,0.0018811,10.037,27.252,75613,84121.0,6.4931,298.01,183.18,1.63,8.0,,23,,1.4923,0.19074,,,1.5564,0,,0,1,1,41,41,0,41.0,152270.0
195.4,75,100,90,0.0,84.449,28.014,4.578,150,0.9,0,0.0018856,10.064,27.275,75673,84192.0,6.5001,297.96,166.42,1.6308,8.0,,23,,1.4731,0.19088,,,1.5572,0,,0,1,1,41,41,0,41.0,152220.0
195.6,75,100,90,0.0,84.934,11.971,0.4578,150,0.9,0,0.0017912,10.1,27.297,75733,84263.0,6.5091,297.91,145.92,1.6315,8.0,,23,,1.4784,0.19084,,,1.5579,0,,0,1,1,41,41,0,41.0,150990.0
195.8,75,100,90,0.0,81.797,3.5912,36.321,150,0.9,0,0.0017343,10.135,27.32,75792,84332.0,6.516,297.94,158.19,1.6322,8.0,,23,,1.4541,0.19102,,,1.5585,0,,0,1,1,41,41,0,41.0,151930.0
196.0,75,100,90,0.0,75.938,1.0774,0.0001,150,0.9,0,0.0017001,10.114,27.342,75850,84401.0,6.5197,297.88,138.14,1.6329,8.0,,23,,1.4677,0.19092,,,1.5592,0,,0,1,1,41,41,0,41.0,151200.0
196.2,75,100,90,0.0,68.57,0.32321,49.179,150,0.9,0,0.0016874,10.095,27.364,75906,84468.0,6.5178,297.95,162.96,1.6335,8.0,,23,,1.4683,0.19091,,,1.5598,0,,0,1,1,41,41,0,41.0,151140.0
196.4,75,100,90,0.0,62.003,19.799,4.9179,150,0.9,0,0.0016511,10.084,27.387,75961,84534.0,6.5121,297.91,146.72,1.6341,8.0,,23,,1.4688,0.19091,,,1.5604,0,,0,1,1,41,41,0,41.0,151910.0
196.6,75,100,90,0.0,57.701,5.9397,68.62,150,0.9,0,0.0016618,10.07,27.41,76015,84599.0,6.5044,298.02,189.26,1.6348,8.0,,23,,1.4598,0.19097,,,1.561,0,,0,1,1,41,41,0,41.0,153020.0
196.8,75,100,90,0.0,56.469,42.891,6.862,150,0.9,0,0.0016388,10.083,27.433,76069,84663.0,6.4977,297.98,172.01,1.6354,8.0,,23,,1.4521,0.19103,,,1.5616,0,,0,1,1,41,41,0,41.0,151970.0
197.0,75,100,90,0.0,57.908,26.658,0.6862,150,0.9,0,0.0016715,10.075,27.456,76124,84728.0,6.4893,297.92,151.52,1.636,8.0,,23,,1.4534,0.19102,,,1.5622,0,,0,1,1,41,41,0,41.0,152740.0
197.2,75,100,90,0.0,62.719,7.9973,47.541,150,0.9,0,0.0016055,10.144,27.478,76179,84794.0,6.4879,297.98,173.5,1.6366,8.0,,23,,1.4335,0.19117,,,1.5628,0,,0,1,1,41,41,0,41.0,152850.0
197.4,75,100,90,0.0,68.064,26.102,4.7541,150,0.9,0,0.0015888,10.193,27.499,76235,84861.0,6.4901,297.93,154.74,1.6372,8.0,,23,,1.4146,0.19131,,,1.5634,0,,0,1,1,41,41,0,41.0,152950.0
197.6,75,100,90,0.0,72.539,7.8307,70.526,150,0.9,0,0.0016126,10.185,27.52,76292,84928.0,6.4962,298.04,196.37,1.6378,8.0,,23,,1.4247,0.19123,,,1.564,0,,0,1,1,41,41,0,41.0,153040.0
197.8,75,100,90,0.0,74.586,44.649,7.0526,150,0.9,0,0.0015522,10.241,27.54,76350,84996.0,6.5058,297.99,175.57,1.6384,8.0,,23,,1.4053,0.19138,,,1.5645,0,,0,1,1,41,41,0,41.0,152970.0
198.0,75,100,90,0.0,72.771,25.883,0.70526,150,0.9,0,0.0014933,10.272,27.56,76407,85064.0,6.5108,297.92,150.51,1.6389,8.0,,23,,1.3935,0.19146,,,1.565,0,,0,1,1,41,41,0,41.0,152730.0
198.2,75,100,90,0.0,68.969,7.7649,48.557,150,0.9,0,0.0014582,10.257,27.58,76464,85130.0,6.5119,297.97,170.46,1.6394,8.0,,23,,1.4155,0.1913,,,1.5655,0,,0,1,1,41,41,0,41.0,153660.0
198.4,75,100,90,0.0,64.727,23.889,4.8557,150,0.9,0,0.0014419,10.239,27.6,76519,85196.0,6.5098,297.91,149.23,1.6399,8.0,,23,,1.4229,0.19124,,,1.566,0,,0,1,1,41,41,0,41.0,152590.0
198.6,75,100,90,0.0,61.324,7.1667,71.802,150,0.9,0,0.0014383,10.208,27.62,76574,85261.0,6.5072,298.03,190.48,1.6404,8.0,,23,,1.4473,0.19106,,,1.5664,0,,0,1,1,41,41,0,41.0,153850.0
198.8,75,100,90,0.0,58.977,42.984,7.1802,150,0.9,0,0.0014695,10.199,27.641,76628,85326.0,6.5025,297.97,169.07,1.6409,8.0,,23,,1.4265,0.19121,,,1.5669,0,,0,1,1,41,41,0,41.0,153780.0
199.0,75,100,90,0.0,58.512,23.12,0.71802,150,0.9,0,0.0014729,10.192,27.662,76683,85391.0,6.496,297.9,144.38,1.6414,8.0,,23,,1.4323,0.19117,,,1.5674,0,,0,1,1,41,41,0,41.0,153550.0
199.2,75,100,90,0.0,60.639,6.9359,48.352,150,0.9,0,0.0014871,10.2,27.682,76738,85456.0,6.4901,297.96,165.3,1.6419,8.0,,23,,1.4282,0.1912,,,1.5679,0,,0,1,1,41,41,0,41.0,153650.0
199.4,75,100,90,0.0,65.115,23.275,4.8352,150,0.9,0,0.0014941,10.216,27.703,76793,85522.0,6.4884,297.9,144.15,1.6424,8.0,,23,,1.425,0.19122,,,1.5684,0,,0,1,1,41,41,0,41.0,154410.0
199.6,75,100,90,0.0,70.254,6.9825,74.39,150,0.9,0,0.0015137,10.227,27.722,76850,85589.0,6.4923,298.02,187.83,1.643,8.0,,23,,1.4203,0.19125,,,1.5689,0,,0,1,1,41,41,0,41.0,153000.0
199.8,75,100,90,0.0,73.831,44.406,7.439,150,0.9,0,0.0015116,10.251,27.742,76907,85657.0,6.4986,297.96,165.81,1.6435,8.0,,23,,1.4067,0.19136,,,1.5694,0,,0,1,1,41,41,0,41.0,153430.0
200.0,75,100,75,0.0,74.922,23.726,0.7439,150,0.9,0,0.0010415,10.574,27.755,76962,85721.0,6.5126,297.88,137.59,1.6438,9.0,,23,,1.3186,0.19202,,,1.5697,0,,0,1,1,41,41,0,41.0,154320.0
200.2,65,100,75,0.0,70.362,7.1177,55.004,250,0.9,0,0.001023,10.711,27.76,77036,85804.0,6.5233,297.94,159.94,1.873,9.0,,23,,1.255,0.1906,,,1.5512,0,,0,1,1,41,41,0,41.0,154840.0
200.4,65,100,75,0.0,61.556,2.1353,0.0001,250,0.9,0,0.0010173,10.68,27.767,77108,85885.0,6.5279,297.87,133.5,1.8905,9.0,,23,,1.2862,0.19029,,,1.5658,0,,0,1,1,41,41,0,41.0,154210.0
200.6,65,100,75,0.0,50.932,0.64059,64.043,250,0.9,0,0.0010399,10.617,27.774,77178,85965.0,6.5231,297.96,164.94,1.8921,9.0,,23,,1.305,0.19013,,,1.5671,0,,0,1,1,41,41,0,41.0,154070.0
200.8,65,100,75,0.0,42.247,25.563,6.4043,250,0.9,0,0.0010753,10.561,27.783,77246,86042.0,6.5117,297.89,140.09,1.8925,9.0,,23,,1.311,0.19007,,,1.5674,0,,0,1,1,41,41,0,41.0,153950.0
201.0,65,100,75,0.0,38.124,7.6688,88.675,250,0.9,0,0.001108,10.515,27.793,77314,86119.0,6.4962,298.03,192.27,1.8927,9.0,,23,,1.3275,0.18993,,,1.5676,0,,0,1,1,41,41,0,41.0,154160.0
201.2,65,100,75,0.0,40.183,52.394,8.8675,250,0.9,0,0.0010634,10.557,27.802,77382,86196.0,6.4865,297.96,164.98,1.893,9.0,,23,,1.3311,0.1899,,,1.5678,0,,0,1,1,41,41,0,41.0,155040.0
201.4,65,100,75,0.0,46.077,27.223,0.88675,250,0.9,0,0.0011155,10.556,27.811,77451,86274.0,6.4803,297.88,134.82,1.8932,9.0,,23,,1.33,0.18991,,,1.568,0,,0,1,1,41,41,0,41.0,153410.0
201.6,65,100,75,0.0,54.471,8.1668,57.908,250,0.9,0,0.0011263,10.586,27.82,77521,86354.0,6.4822,297.94,159.43,1.8935,9.0,,23,,1.334,0.18987,,,1.5682,0,,0,1,1,41,41,0,41.0,154450.0
201.8,65,100,75,0.0,62.083,2.45,0.0001,250,0.9,0,0.001145,10.614,27.828,77594,86436.0,6.4901,297.87,132.8,1.8937,9.0,,23,,1.3313,0.18989,,,1.5684,0,,0,1,1,41,41,0,41.0,153490.0
202.0,65,100,75,0.0,66.538,0.73501,66.117,250,0.9,0,0.0011476,10.63,27.837,77667,86518.0,6.5007,297.96,165.98,1.894,9.0,,23,,1.3362,0.18985,,,1.5686,0,,0,1,1,41,41,0,41.0,154030.0
202.2,65,100,75,0.0,66.751,27.033,6.6117,250,0.9,0,0.0011299,10.667,27.845,77740,86601.0,6.5108,297.89,141.34,1.8942,9.0,,23,,1.3191,0.19,,,1.5688,0,,0,1,1,41,41,0,41.0,154070.0
202.4,65,100,75,0.0,62.949,8.11,90.176,250,0.9,0,0.0011377,10.651,27.853,77812,86682.0,6.5163,298.04,194.62,1.8945,9.0,,23,,1.3243,0.18995,,,1.5691,0,,0,1,1,41,41,0,41.0,153940.0
202.6,65,100,75,0.0,56.978,53.664,9.0176,250,0.9,0,0.0011678,10.616,27.862,77883,86763.0,6.5168,297.96,167.37,1.8947,9.0,,23,,1.325,0.18995,,,1.5693,0,,0,1,1,41,41,0,41.0,154150.0
202.8,65,100,75,0.0,50.779,28.89,0.90176,250,0.9,0,0.0011661,10.577,27.872,77953,86842.0,6.5137,297.88,137.04,1.895,9.0,,23,,1.342,0.1898,,,1.5695,0,,0,1,1,41,41,0,41.0,154860.0
203.0,65,100,75,0.0,45.833,8.667,58.447,250,0.9,0,0.0011048,10.607,27.88,78022,86920.0,6.5091,297.95,162.01,1.8952,9.0,,23,,1.3475,0.18975,,,1.5697,0,,0,1,1,41,41,0,41.0,153740.0
203.2,65,100,75,0.0,42.731,2.6001,0.0001,250,0.9,0,0.0011284,10.56,27.89,78090,86998.0,6.5013,297.88,135.25,1.8954,9.0,,23,,1.3713,0.18954,,,1.5698,0,,0,1,1,41,41,0,41.0,155450.0
203.4,65,100,75,0.0,42.723,0.78003,64.973,250,0.9,0,0.0011284,10.544,27.899,78158,87075.0,6.4942,297.96,167.25,1.8956,9.0,,23,,1.3981,0.18931,,,1.57,0,,0,1,1,41,41,0,41.0,154820.0
203.6,65,100,75,0.0,45.548,26.063,6.4973,250,0.9,0,0.0011472,10.565,27.909,78227,87154.0,6.4906,297.9,142.43,1.8959,9.0,,23,,1.3888,0.18939,,,1.5702,0,,0,1,1,41,41,0,41.0,154370.0
203.8,65,100,75,0.0,49.813,7.8189,87.673,250,0.9,0,0.0011585,10.591,27.918,78297,87232.0,6.4929,298.03,193.69,1.8961,9.0,,23,,1.3819,0.18945,,,1.5704,0,,0,1,1,41,41,0,41.0,154580.0
204.0,65,100,75,0.0,53.174,51.345,8.7673,250,0.9,0,0.0011604,10.611,27.927,78367,87312.0,6.4988,297.96,167.31,1.8963,9.0,1999.2,23,1898.5,1.3803,0.18946,27.89,24.938,1.5706,0,81.435,0,1,1,41,41,0,41.0,154620.0
204.2,65,100,75,0.0,54.18,27.45,0.87673,250,0.9,0,0.0011783,10.606,27.936,78438,87392.0,6.5049,297.88,137.51,1.8965,9.0,,23,,1.3911,0.18937,,,1.5708,0,,0,1,1,41,41,0,41.0,155660.0
204.4,65,100,75,0.0,52.738,8.2351,56.797,250,0.9,0,0.0011497,10.634,27.944,78508,87471.0,6.5102,297.95,160.8,1.8967,9.0,,23,,1.3826,0.18944,,,1.5709,0,,0,1,1,41,41,0,41.0,154370.0
204.6,65,100,75,0.0,49.199,2.4705,0.0001,250,0.9,0,0.001152,10.633,27.953,78578,87550.0,6.5109,297.87,133.96,1.8969,9.0,,23,,1.3735,0.18952,,,1.5711,0,,0,1,1,41,41,0,41.0,155570.0
204.8,65,100,75,0.0,45.366,0.74116,64.17,250,0.9,0,0.0010997,10.657,27.961,78646,87628.0,6.5086,297.96,165.16,1.8971,9.0,,23,,1.3707,0.18955,,,1.5712,0,,0,1,1,41,41,0,41.0,154110.0
205.0,65,100,75,0.0,42.438,24.992,6.417,250,0.9,0,0.00113,10.642,27.971,78714,87705.0,6.5026,297.89,140.31,1.8972,9.0,,23,,1.3608,0.18963,,,1.5714,0,,0,1,1,41,41,0,41.0,154490.0
205.2,65,100,75,0.0,41.922,7.4977,86.898,250,0.9,0,0.0011587,10.639,27.98,78782,87783.0,6.4976,298.02,190.84,1.8974,9.0,,23,,1.3561,0.18967,,,1.5715,0,,0,1,1,41,41,0,41.0,154530.0
205.4,65,100,75,0.0,43.384,49.866,8.6898,250,0.9,0,0.0011705,10.641,27.99,78851,87860.0,6.4928,297.96,164.88,1.8976,9.0,,23,,1.3509,0.18972,,,1.5717,0,,0,1,1,41,41,0,41.0,154740.0
205.6,65,100,75,0.0,46.776,26.213,0.86898,250,0.9,0,0.0011585,10.659,27.999,78920,87938.0,6.49,297.88,135.34,1.8978,9.0,,23,,1.3567,0.18967,,,1.5718,0,,0,1,1,41,41,0,41.0,154620.0
205.8,65,100,75,0.0,51.289,7.864,56.67,250,0.9,0,0.0011511,10.7,28.008,78990,88018.0,6.4902,297.94,158.63,1.898,9.0,,23,,1.345,0.18977,,,1.572,0,,0,1,1,41,41,0,41.0,155000.0
206.0,65,100,75,0.0,55.715,2.3592,0.0001,250,0.9,0,0.0011321,10.75,28.017,79061,88097.0,6.4946,297.87,131.73,1.8982,9.0,,23,,1.3302,0.1899,,,1.5721,0,,0,1,1,41,41,0,41.0,154700.0
206.2,65,100,75,0.0,58.384,0.70776,64.986,250,0.9,0,0.0011409,10.761,28.025,79132,88178.0,6.503,297.95,163.58,1.8983,9.0,,23,,1.3309,0.18989,,,1.5723,0,,0,1,1,41,41,0,41.0,155240.0
206.4,65,100,75,0.0,57.689,25.17,6.4986,250,0.9,0,0.0011919,10.726,28.034,79203,88258.0,6.5093,297.89,138.27,1.8985,9.0,,23,,1.3412,0.1898,,,1.5724,0,,0,1,1,41,41,0,41.0,154620.0
206.6,65,100,75,0.0,54.514,7.5509,88.644,250,0.9,0,0.0011843,10.732,28.043,79273,88338.0,6.5132,298.02,190.05,1.8987,9.0,,23,,1.3411,0.1898,,,1.5726,0,,0,1,1,41,41,0,41.0,155160.0
206.8,65,100,75,0.0,49.744,50.576,8.8644,250,0.9,0,0.0011793,10.731,28.052,79343,88417.0,6.513,297.95,163.03,1.8988,9.0,,23,,1.3373,0.18983,,,1.5727,0,,0,1,1,41,41,0,41.0,155030.0
207.0,65,100,75,0.0,45.082,26.003,0.88644,250,0.9,0,0.0012234,10.675,28.062,79412,88495.0,6.5056,297.87,132.36,1.899,9.0,,23,,1.3574,0.18966,,,1.5728,0,,0,1,1,41,41,0,41.0,155750.0
207.2,65,100,75,0.0,43.396,7.801,58.127,250,0.9,0,0.0012427,10.648,28.073,79480,88572.0,6.4973,297.93,156.61,1.8992,9.0,,23,,1.3747,0.18951,,,1.573,0,,0,1,1,41,41,0,41.0,155800.0
207.4,65,100,75,0.0,44.983,2.3403,0.0001,250,0.9,0,0.0012298,10.685,28.083,79549,88650.0,6.4891,297.86,129.59,1.8994,9.0,,23,,1.3622,0.18962,,,1.5732,0,,0,1,1,41,41,0,41.0,154680.0
207.6,65,100,75,0.0,49.85,0.70209,66.506,250,0.9,0,0.0012347,10.695,28.093,79618,88729.0,6.4853,297.95,162.72,1.8996,9.0,,23,,1.3748,0.18951,,,1.5733,0,,0,1,1,41,41,0,41.0,155390.0
207.8,65,100,75,0.0,56.225,25.935,6.6506,250,0.9,0,0.0012233,10.74,28.101,79689,88809.0,6.4872,297.89,137.82,1.8998,9.0,,23,,1.3718,0.18953,,,1.5735,0,,0,1,1,41,41,0,41.0,154430.0
208.0,65,100,75,0.0,61.856,7.7805,89.857,250,0.9,0,0.0012508,10.762,28.11,79761,88890.0,6.4907,298.02,190.38,1.8999,9.0,,23,,1.3652,0.18959,,,1.5736,0,,0,1,1,41,41,0,41.0,155470.0
208.2,65,100,75,0.0,66.1,51.181,8.9857,250,0.9,0,0.0012444,10.782,28.119,79834,88972.0,6.4988,297.94,160.05,1.9001,9.0,,23,,1.3654,0.18959,,,1.5738,0,,0,1,1,41,41,0,41.0,156340.0
208.4,65,100,75,0.0,67.093,15.354,120.33,250,0.9,0,0.001251,10.795,28.127,79907,89055.0,6.5063,298.15,237.76,1.9003,9.0,,23,,1.3596,0.18964,,,1.5739,0,,0,1,1,41,41,0,41.0,154880.0
208.6,65,100,75,0.0,65.09,83.483,12.033,250,0.9,0,0.0012906,10.777,28.136,79979,89136.0,6.5096,298.06,203.18,1.9005,9.0,,23,,1.3549,0.18968,,,1.5741,0,,0,1,1,41,41,0,41.0,155090.0
208.8,65,100,75,0.0,61.796,56.454,1.2033,250,0.9,0,0.0012977,10.759,28.145,80051,89218.0,6.5094,297.96,165.15,1.9007,9.0,,23,,1.3585,0.18964,,,1.5743,0,,0,1,1,41,41,0,41.0,154970.0
209.0,65,100,75,0.0,58.572,25.195,0.12033,250,0.9,0,0.0012817,10.745,28.155,80122,89298.0,6.5072,297.88,133.5,1.9009,9.0,,23,,1.3694,0.18955,,,1.5744,0,,0,1,1,41,41,0,41.0,156520.0
209.2,65,100,75,0.0,56.201,7.5585,50.132,250,0.9,0,0.0013088,10.717,28.166,80193,89379.0,6.5049,297.92,150.33,1.9011,9.0,,23,,1.3827,0.18943,,,1.5746,0,,0,1,1,41,41,0,41.0,155400.0
209.4,65,100,75,0.0,54.761,2.2675,0.0001,250,0.9,0,0.0013306,10.693,28.177,80264,89459.0,6.5037,297.85,123.08,1.9013,9.0,,23,,1.3941,0.18933,,,1.5748,0,,0,1,1,41,41,0,41.0,155950.0
209.6,65,100,75,0.0,53.808,0.68026,64.676,250,0.9,0,0.0013244,10.695,28.188,80334,89538.0,6.503,297.93,154.43,1.9016,9.0,,23,,1.4031,0.18925,,,1.575,0,,0,1,1,41,41,0,41.0,155510.0
209.8,65,100,75,0.0,53.113,0.20408,0.0001,250,0.9,0,0.0013698,10.648,28.2,80404,89618.0,6.502,297.86,127.58,1.9018,9.0,,23,,1.4241,0.18907,,,1.5752,0,,0,1,1,41,41,0,41.0,155560.0
210.0,65,100,75,0.0,52.824,0.061224,69.288,250,0.9,0,0.0013562,10.666,28.213,80474,89698.0,6.5008,297.95,163.13,1.902,9.0,,23,,1.4151,0.18915,,,1.5754,0,,0,1,1,41,41,0,41.0,156790.0
210.2,65,100,75,0.0,53.04,26.961,6.9288,250,0.9,-4000,0.0013823,10.657,28.225,79850,88977.0,6.5276,297.88,136.35,1.8921,9.0,,23,,1.4129,0.18919,,,1.567,0,,0,1,1,41,41,0,41.0,156180.0
210.4,65,100,75,0.0,42.425,8.0882,94.234,250,0.9,-4000,0.0013818,10.621,28.238,79224,88255.0,6.546,298.03,192.37,1.8767,9.0,,23,,1.4114,0.18923,,,1.5543,0,,0,1,1,41,41,0,41.0,155740.0
210.6,65,100,75,0.0,24.552,54.619,9.4234,250,0.9,-4000,0.0014187,10.532,28.253,78595,87529.0,6.5457,297.95,160.85,1.8609,9.0,,23,,1.4149,0.18923,,,1.5411,0,,0,1,1,41,41,0,41.0,156640.0
210.8,65,100,75,0.0,6.8456,16.386,126.93,250,0.9,-4000,0.0014567,10.446,28.269,77962,86800.0,6.5246,298.17,243.72,1.845,9.0,,23,,1.4246,0.18918,,,1.5279,0,,0,1,1,41,41,0,41.0,156050.0
211.0,65,100,75,0.0,0.0,90.774,12.693,250,0.9,-4000,0.0015405,10.371,28.286,77328,86069.0,6.4966,298.06,203.46,1.8292,9.0,,23,,1.4325,0.18914,,,1.5147,0,,0,1,1,41,41,0,41.0,156800.0
211.2,65,100,75,0.0,1.8968,58.198,1.2693,250,0.9,-4000,0.0015433,10.401,28.302,76694,85338.0,6.4727,297.94,161.19,1.8134,9.0,,23,,1.4131,0.18934,,,1.5016,0,,0,1,1,41,41,0,41.0,156210.0
211.4,65,100,75,0.0,13.344,17.46,76.734,250,0.9,-4000,0.0014965,10.503,28.316,76063,84610.0,6.4617,298.05,199.3,1.7976,9.0,,23,,1.3731,0.18972,,,1.4884,0,,0,1,1,41,41,0,41.0,155450.0
211.6,65,100,75,0.0,29.125,51.925,7.6734,250,0.9,-4000,0.0014864,10.592,28.33,75434,83885.0,6.4667,297.95,164.92,1.7819,9.0,,23,,1.3403,0.19003,,,1.4753,0,,0,1,1,41,41,0,41.0,156510.0
211.8,65,100,75,0.0,42.913,20.423,0.76734,250,0.9,-4000,0.0015591,10.634,28.343,74809,83163.0,6.4845,297.87,133.41,1.7661,9.0,,23,,1.3151,0.19028,,,1.4621,0,,0,1,1,41,41,0,41.0,156240.0
212.0,65,100,75,0.0,49.586,6.127,49.788,250,0.9,-4000,0.0016171,10.644,28.356,74185,82443.0,6.5091,297.91,150.85,1.7504,9.0,,23,,1.3017,0.19043,,,1.4491,0,,0,1,1,41,41,0,41.0,157630.0
212.2,65,100,75,0.0,46.455,1.8381,0.0001,250,0.9,0,0.0016269,10.644,28.369,74255,82522.0,6.5044,297.84,124.87,1.7452,9.0,,23,,1.2818,0.19061,,,1.4448,0,,0,1,1,41,41,0,41.0,156360.0
212.4,65,100,75,0.0,45.294,0.55143,67.394,250,0.9,0,0.0016082,10.652,28.382,74324,82600.0,6.5,297.94,159.97,1.7451,9.0,,23,,1.2743,0.19068,,,1.4447,0,,0,1,1,41,41,0,41.0,156760.0
212.6,65,100,75,0.0,45.824,0.16543,0.0001,250,0.9,0,0.0016489,10.638,28.396,74393,82679.0,6.4959,297.87,134.42,1.7455,9.0,,23,,1.2753,0.19067,,,1.445,0,,0,1,1,41,41,0,41.0,156320.0
212.8,65,100,75,0.0,47.991,0.049629,72.317,250,0.9,0,0.001592,10.672,28.409,74463,82758.0,6.4947,297.98,173.96,1.7459,9.0,,23,,1.2782,0.19064,,,1.4453,0,,0,1,1,41,41,0,41.0,157050.0
213.0,65,100,75,0.0,50.612,33.688,7.2317,250,0.9,0,0.0016316,10.661,28.421,74533,82838.0,6.4956,297.9,144.32,1.7463,9.0,,23,,1.2888,0.19055,,,1.4457,0,,0,1,1,41,41,0,41.0,157940.0
213.2,65,100,75,0.0,52.903,10.106,106.73,250,0.9,0,0.0016341,10.693,28.434,74603,82918.0,6.4977,298.08,211.27,1.7467,9.0,,23,,1.2705,0.19071,,,1.446,0,,0,1,1,41,41,0,41.0,156840.0
213.4,65,100,75,0.0,54.346,71.111,10.673,250,0.9,0,0.001612,10.708,28.446,74674,82998.0,6.5007,297.98,172.86,1.7471,9.0,,23,,1.2741,0.19068,,,1.4463,0,,0,1,1,41,41,0,41.0,157390.0
213.6,65,100,75,0.0,54.591,35.979,1.0673,250,0.9,0,0.0015551,10.75,28.458,74745,83079.0,6.5036,297.87,136.35,1.7474,9.0,,23,,1.2668,0.19074,,,1.4466,0,,0,1,1,41,41,0,41.0,157450.0
213.8,65,100,75,0.0,53.657,10.794,64.809,250,0.9,0,0.0015706,10.743,28.47,74816,83159.0,6.5052,297.96,165.38,1.7478,9.0,,23,,1.2709,0.1907,,,1.4469,0,,0,1,1,41,41,0,41.0,157840.0
214.0,65,100,75,0.0,52.106,34.635,6.4809,250,0.9,0,0.0015267,10.755,28.481,74886,83239.0,6.5059,297.87,133.79,1.7481,9.0,,23,,1.2755,0.19066,,,1.4472,0,,0,1,1,41,41,0,41.0,156730.0
214.2,65,100,75,0.0,50.285,10.391,107.55,250,0.9,0,0.001469,10.785,28.492,74956,83318.0,6.5061,298.05,201.05,1.7484,9.0,,23,,1.2729,0.19069,,,1.4474,0,,0,1,1,41,41,0,41.0,157610.0
214.4,65,100,75,0.0,48.347,70.34,10.755,250,0.9,0,0.0014133,10.809,28.503,75026,83397.0,6.5049,297.94,161.13,1.7487,9.0,,23,,1.2726,0.19069,,,1.4476,0,,0,1,1,41,41,0,41.0,157490.0
214.6,65,100,75,0.0,46.909,21.102,161.39,250,0.9,0,0.0014512,10.804,28.513,75095,83475.0,6.502,298.25,273.01,1.7489,9.0,,23,,1.2628,0.19077,,,1.4479,0,,0,1,1,41,41,0,41.0,157210.0
214.8,65,100,75,0.0,46.621,126.51,16.139,250,0.9,0,0.0014144,10.827,28.524,75165,83554.0,6.4996,298.1,218.51,1.7492,9.0,,23,,1.2601,0.19079,,,1.4481,0,,0,1,1,41,41,0,41.0,157930.0
215.0,65,100,75,0.0,47.287,81.733,1.6139,250,0.9,0,0.0014642,10.812,28.534,75234,83632.0,6.4975,297.96,166.7,1.7494,9.0,,23,,1.2611,0.19079,,,1.4483,0,,0,1,1,41,41,0,41.0,157310.0
215.2,65,100,75,0.0,48.814,37.37,0.16139,250,0.9,0,0.0015213,10.786,28.545,75304,83711.0,6.496,297.85,128.87,1.7497,9.0,,23,,1.2667,0.19074,,,1.4485,0,,0,1,1,41,41,0,41.0,157360.0
215.4,65,100,75,0.0,50.947,11.211,61.963,250,0.9,0,0.0014586,10.844,28.556,75374,83791.0,6.4955,297.93,155.39,1.75,9.0,,23,,1.2515,0.19087,,,1.4488,0,,0,1,1,41,41,0,41.0,157740.0
215.6,65,100,75,0.0,53.245,3.3633,0.0001,250,0.9,0,0.0015268,10.812,28.567,75445,83871.0,6.4981,297.85,128.59,1.7503,9.0,,23,,1.2617,0.19078,,,1.449,0,,0,1,1,41,41,0,41.0,157960.0
215.8,65,100,75,0.0,54.516,1.009,72.921,250,0.9,0,0.0015228,10.846,28.577,75515,83951.0,6.5017,297.96,168.18,1.7506,9.0,,23,,1.245,0.19092,,,1.4493,0,,0,1,1,41,41,0,41.0,157180.0
216.0,65,100,75,0.0,54.333,33.637,7.2921,250,0.9,0,0.0015127,10.855,28.588,75586,84031.0,6.5056,297.88,137.84,1.751,9.0,2190.4,23,1985.1,1.2438,0.19093,28.545,24.384,1.4496,0,77.424,0,1,1,41,41,0,41.0,157390.0
216.2,65,100,75,0.0,52.614,10.091,109.93,250,0.9,0,0.001526,10.844,28.598,75657,84111.0,6.5062,298.07,207.38,1.7513,9.0,,23,,1.2477,0.1909,,,1.4498,0,,0,1,1,41,41,0,41.0,158440.0
216.4,65,100,75,0.0,50.645,72.034,10.993,250,0.9,0,0.0014944,10.858,28.608,75727,84190.0,6.506,297.96,167.16,1.7516,9.0,,23,,1.2456,0.19092,,,1.4501,0,,0,1,1,41,41,0,41.0,157820.0
216.6,65,100,75,0.0,48.776,35.209,1.0993,250,0.9,0,0.0014648,10.874,28.618,75796,84269.0,6.5018,297.86,130.73,1.7519,9.0,,23,,1.242,0.19095,,,1.4503,0,,0,1,1,41,41,0,41.0,158540.0
216.8,65,100,75,0.0,48.58,10.563,65.498,250,0.9,0,0.0013762,10.923,28.627,75866,84348.0,6.498,297.94,160.33,1.7521,9.0,,23,,1.2423,0.19094,,,1.4505,0,,0,1,1,41,41,0,41.0,157910.0
217.0,65,100,75,0.0,49.893,3.1688,0.0001,250,0.9,0,0.0013984,10.914,28.637,75936,84427.0,6.4921,297.87,133.36,1.7523,9.0,,23,,1.2472,0.1909,,,1.4507,0,,0,1,1,41,41,0,41.0,157790.0
217.2,65,100,75,0.0,53.589,0.95065,72.002,250,0.9,0,0.0013598,10.959,28.645,76007,84507.0,6.492,297.97,171.96,1.7525,9.0,,23,,1.2486,0.19089,,,1.4509,0,,0,1,1,41,41,0,41.0,157660.0
217.4,65,100,75,0.0,57.299,32.91,7.2002,250,0.9,0,0.0013975,10.955,28.653,76078,84587.0,6.4945,297.88,139.63,1.7527,9.0,,23,,1.255,0.19083,,,1.451,0,,0,1,1,41,41,0,41.0,158200.0
217.6,65,100,75,0.0,60.019,9.873,108.76,250,0.9,0,0.0013261,11.022,28.66,76150,84668.0,6.5009,298.07,207.5,1.7529,9.0,,23,,1.2434,0.19093,,,1.4512,0,,0,1,1,41,41,0,41.0,157900.0
217.8,65,100,75,0.0,60.167,70.052,10.876,250,0.9,0,0.0013946,10.986,28.668,76222,84749.0,6.5062,297.95,163.83,1.7531,9.0,,23,,1.2477,0.19089,,,1.4514,0,,0,1,1,41,41,0,41.0,158600.0
218.0,65,100,75,0.0,58.218,30.254,1.0876,250,0.9,0,0.0013741,10.986,28.676,76293,84830.0,6.5119,297.85,126.82,1.7533,9.0,,23,,1.2546,0.19083,,,1.4515,0,,0,1,1,41,41,0,41.0,158470.0
218.2,65,100,75,0.0,53.987,9.0763,60.687,250,0.9,0,0.001406,10.951,28.684,76364,84910.0,6.5141,297.92,152.08,1.7535,9.0,,23,,1.266,0.19074,,,1.4517,0,,0,1,1,41,41,0,41.0,159010.0
218.4,65,100,75,0.0,48.895,2.7229,0.0001,250,0.9,0,0.0014325,10.91,28.694,76434,84989.0,6.5102,297.85,125.08,1.7538,9.0,,23,,1.2831,0.19059,,,1.4519,0,,0,1,1,41,41,0,41.0,157220.0
218.6,65,100,75,0.0,45.358,0.81687,72.771,250,0.9,0,0.0014305,10.893,28.703,76503,85067.0,6.5028,297.95,164.36,1.754,9.0,,23,,1.2933,0.1905,,,1.4521,0,,0,1,1,41,41,0,41.0,159260.0
218.8,65,100,75,0.0,44.757,32.342,7.2771,250,0.9,0,0.0014705,10.87,28.713,76571,85145.0,6.4935,297.86,131.16,1.7542,9.0,,23,,1.3015,0.19042,,,1.4523,0,,0,1,1,41,41,0,41.0,158310.0
219.0,65,100,75,0.0,47.89,9.7026,113.56,250,0.9,0,0.0015043,10.863,28.724,76641,85224.0,6.4872,298.06,203.46,1.7545,9.0,,23,,1.3083,0.19036,,,1.4525,0,,0,1,1,41,41,0,41.0,158030.0
219.2,65,100,75,0.0,53.513,72.773,11.356,250,0.9,0,0.0015168,10.872,28.734,76711,85304.0,6.4874,297.94,161.24,1.7547,9.0,,23,,1.3165,0.19029,,,1.4527,0,,0,1,1,41,41,0,41.0,159410.0
219.4,65,100,75,0.0,59.032,21.832,167.26,250,0.9,0,0.0015049,10.923,28.743,76783,85385.0,6.4917,298.26,276.68,1.755,9.0,,23,,1.3006,0.19043,,,1.4529,0,,0,1,1,41,41,0,41.0,158780.0
219.6,65,100,75,0.0,62.872,128.26,16.726,250,0.9,0,0.0014997,10.965,28.751,76855,85466.0,6.5009,298.1,218.64,1.7553,9.0,,23,,1.2827,0.19059,,,1.4532,0,,0,1,1,41,41,0,41.0,158320.0
219.8,65,100,75,0.0,63.024,81.422,1.6726,250,0.9,0,0.0014864,10.982,28.76,76928,85548.0,6.511,297.95,164.23,1.7555,9.0,,23,,1.2766,0.19064,,,1.4534,0,,0,1,1,41,41,0,41.0,158530.0
220.0,65,100,90,0.0,59.125,35.654,0.16726,250,0.9,0,0.0022395,10.677,28.769,77002,85633.0,6.5114,297.85,125.29,1.7561,9.0,,23,,1.3441,0.19005,,,1.4538,0,,0,1,1,41,41,0,41.0,159070.0
220.2,65,100,90,0.0,55.128,10.696,60.982,250,0.9,0,0.0021968,10.659,28.779,77076,85717.0,6.5097,297.91,150.12,1.7568,9.0,,23,,1.3659,0.18986,,,1.4544,0,,0,1,1,41,41,0,41.0,158620.0
220.4,65,100,90,0.0,51.78,3.2089,0.0001,250,0.9,0,0.0022195,10.633,28.79,77149,85801.0,6.5054,297.84,122.62,1.7575,9.0,,23,,1.372,0.1898,,,1.455,0,,0,1,1,41,41,0,41.0,158500.0
220.6,65,100,90,0.0,50.138,0.96267,74.097,250,0.9,0,0.0021785,10.63,28.8,77222,85885.0,6.5005,297.95,162.68,1.7582,9.0,,23,,1.3814,0.18972,,,1.4556,0,,0,1,1,41,41,0,41.0,159220.0
220.8,65,100,90,0.0,50.461,0.2888,0.0001,250,0.9,0,0.0020864,10.649,28.811,77295,85968.0,6.498,297.88,136.21,1.7589,9.0,,23,,1.3879,0.18966,,,1.4562,0,,0,1,1,41,41,0,41.0,158770.0
221.0,65,100,90,0.0,51.783,0.08664,73.192,250,0.9,0,0.0020518,10.667,28.821,77368,86051.0,6.4984,297.98,175.62,1.7596,9.0,,23,,1.3911,0.18963,,,1.4567,0,,0,1,1,41,41,0,41.0,158480.0
221.2,65,100,90,0.0,52.944,32.481,7.3192,250,0.9,0,0.0020561,10.68,28.832,77442,86135.0,6.4998,297.9,144.42,1.7602,9.0,,23,,1.3841,0.18969,,,1.4573,0,,0,1,1,41,41,0,41.0,159370.0
221.4,65,100,90,0.0,53.544,9.7444,104.24,250,0.9,0,0.0020074,10.694,28.842,77515,86219.0,6.5017,298.07,208.0,1.7609,9.0,,23,,1.3873,0.18966,,,1.4578,0,,0,1,1,41,41,0,41.0,159580.0
221.6,65,100,90,0.0,53.385,65.322,10.424,250,0.9,0,0.0019957,10.705,28.853,77588,86303.0,6.5023,297.96,168.29,1.7615,9.0,,23,,1.3792,0.18973,,,1.4583,0,,0,1,1,41,41,0,41.0,159800.0
221.8,65,100,90,0.0,52.996,29.986,1.0424,250,0.9,0,0.0019668,10.726,28.864,77662,86387.0,6.5027,297.87,132.31,1.7621,9.0,,23,,1.3723,0.18979,,,1.4588,0,,0,1,1,41,41,0,41.0,159680.0
222.0,65,100,90,0.0,52.43,8.9959,58.937,250,0.9,0,0.0020744,10.678,28.874,77735,86470.0,6.5022,297.93,155.95,1.7628,9.0,,23,,1.3883,0.18965,,,1.4594,0,,0,1,1,41,41,0,41.0,159400.0
222.2,65,100,90,0.0,52.067,2.6988,0.0001,250,0.9,0,0.0020467,10.692,28.885,77808,86554.0,6.4988,297.86,128.61,1.7634,9.0,,23,,1.3826,0.1897,,,1.4599,0,,0,1,1,41,41,0,41.0,159120.0
222.4,65,100,90,0.0,53.061,0.80963,68.993,250,0.9,0,0.001946,10.75,28.895,77882,86638.0,6.4977,297.95,164.0,1.764,9.0,,23,,1.3647,0.18985,,,1.4604,0,,0,1,1,41,41,0,41.0,159500.0
222.6,65,100,90,0.0,54.511,28.532,6.8993,250,0.9,0,0.0019851,10.753,28.905,77955,86722.0,6.4981,297.87,134.37,1.7647,9.0,,23,,1.3589,0.1899,,,1.461,0,,0,1,1,41,41,0,41.0,159710.0
222.8,65,100,90,0.0,55.798,8.5597,101.32,250,0.9,0,0.0019978,10.768,28.915,78029,86806.0,6.4989,298.04,195.91,1.7653,9.0,,23,,1.3504,0.18998,,,1.4615,0,,0,1,1,41,41,0,41.0,159420.0
223.0,65,100,90,0.0,56.749,60.845,10.132,250,0.9,0,0.0019827,10.775,28.924,78103,86891.0,6.5017,297.93,157.58,1.7659,9.0,,23,,1.3502,0.18998,,,1.462,0,,0,1,1,41,41,0,41.0,159630.0
223.2,65,100,90,0.0,56.589,18.254,145.5,250,0.9,0,0.0019558,10.794,28.934,78177,86975.0,6.5017,298.19,254.86,1.7666,9.0,,23,,1.3425,0.19004,,,1.4625,0,,0,1,1,41,41,0,41.0,159010.0
223.4,65,100,90,0.0,56.428,105.66,14.55,250,0.9,0,0.0019319,10.801,28.943,78251,87060.0,6.5028,298.07,207.01,1.7672,9.0,,23,,1.3461,0.19001,,,1.463,0,,0,1,1,41,41,0,41.0,158890.0
223.6,65,100,90,0.0,55.83,67.155,1.455,250,0.9,0,0.0019202,10.814,28.953,78325,87144.0,6.5018,297.94,159.76,1.7678,9.0,,23,,1.3394,0.19007,,,1.4635,0,,0,1,1,41,41,0,41.0,160100.0
223.8,65,100,90,0.0,55.642,20.146,84.924,250,0.9,0,0.0019594,10.8,28.962,78399,87228.0,6.5009,298.05,202.39,1.7684,9.0,,23,,1.3404,0.19006,,,1.4641,0,,0,1,1,41,41,0,41.0,159310.0
224.0,65,100,90,0.0,55.799,57.788,8.4924,250,0.9,0,0.0018957,10.837,28.972,78473,87313.0,6.5013,297.95,163.92,1.769,9.0,,23,,1.3281,0.19016,,,1.4646,0,,0,1,1,41,41,0,41.0,159520.0
224.2,65,100,90,0.0,55.808,23.822,0.84924,250,0.9,0,0.0018395,10.865,28.981,78546,87397.0,6.5023,297.86,130.35,1.7696,9.0,,23,,1.3228,0.19021,,,1.465,0,,0,1,1,41,41,0,41.0,159730.0
224.4,65,100,90,0.0,55.424,7.1466,52.447,250,0.9,0,0.0018522,10.854,28.99,78620,87481.0,6.5058,297.91,148.64,1.7701,9.0,,23,,1.3302,0.19014,,,1.4655,0,,0,1,1,41,41,0,41.0,159940.0
224.6,65,100,90,0.0,53.597,2.144,0.0001,250,0.9,0,0.0018412,10.85,28.999,78694,87565.0,6.5089,297.84,121.29,1.7707,9.0,,23,,1.3307,0.19014,,,1.466,0,,0,1,1,41,41,0,41.0,159980.0
224.8,65,100,90,0.0,50.57,0.64319,68.092,250,0.9,0,0.0019006,10.805,29.009,78766,87648.0,6.5093,297.93,155.77,1.7713,9.0,,23,,1.3491,0.18998,,,1.4665,0,,0,1,1,41,41,0,41.0,159530.0
225.0,65,100,90,0.0,47.37,0.19296,0.0001,250,0.9,0,0.0018753,10.802,29.019,78839,87731.0,6.5082,297.86,129.03,1.7719,9.0,,23,,1.356,0.18992,,,1.467,0,,0,1,1,41,41,0,41.0,160570.0
225.2,65,100,90,0.0,44.618,0.057887,72.168,250,0.9,0,0.0018663,10.801,29.029,78910,87813.0,6.5054,297.96,167.25,1.7725,9.0,,23,,1.3629,0.18986,,,1.4674,0,,0,1,1,41,41,0,41.0,160290.0
225.4,65,100,90,0.0,43.0,29.996,7.2168,250,0.9,0,0.0018433,10.803,29.038,78981,87895.0,6.5014,297.88,136.63,1.773,9.0,,23,,1.3661,0.18983,,,1.4679,0,,0,1,1,41,41,0,41.0,158830.0
225.6,65,100,90,0.0,42.945,8.9989,103.39,250,0.9,0,0.001813,10.825,29.048,79053,87976.0,6.4984,298.04,199.54,1.7736,9.0,,23,,1.3594,0.18988,,,1.4684,0,,0,1,1,41,41,0,41.0,160880.0
225.8,65,100,90,0.0,44.12,62.067,10.339,250,0.9,0,0.0017937,10.826,29.057,79124,88058.0,6.4954,297.94,159.8,1.7741,9.0,,23,,1.3666,0.18982,,,1.4688,0,,0,1,1,41,41,0,41.0,159750.0
226.0,65,100,90,0.0,46.464,18.62,146.57,250,0.9,0,0.0017191,10.87,29.066,79196,88140.0,6.4953,298.2,257.77,1.7746,9.0,,23,,1.3664,0.18982,,,1.4693,0,,0,1,1,41,41,0,41.0,160130.0
226.2,65,100,90,0.0,48.861,105.75,14.657,250,0.9,0,0.0017185,10.885,29.074,79268,88223.0,6.498,298.07,208.71,1.7751,9.0,,23,,1.3638,0.18984,,,1.4697,0,,0,1,1,41,41,0,41.0,159830.0
226.4,65,100,90,0.0,50.152,66.891,1.4657,250,0.9,0,0.0016496,10.938,29.082,79341,88306.0,6.5029,297.95,162.83,1.7756,9.0,,23,,1.3538,0.18993,,,1.47,0,,0,1,1,41,41,0,41.0,159870.0
226.6,65,100,90,0.0,49.494,20.067,81.061,250,0.9,0,0.0017054,10.911,29.09,79413,88388.0,6.5064,298.05,202.09,1.776,9.0,,23,,1.3609,0.18986,,,1.4704,0,,0,1,1,41,41,0,41.0,161070.0
226.8,65,100,90,0.0,47.477,54.438,8.1061,250,0.9,0,0.0017565,10.872,29.099,79485,88471.0,6.5077,297.95,164.37,1.7765,9.0,,23,,1.3734,0.18976,,,1.4708,0,,0,1,1,41,41,0,41.0,160780.0
227.0,65,100,90,0.0,44.916,21.606,0.81061,250,0.9,0,0.0017096,10.886,29.108,79557,88553.0,6.5063,297.87,131.03,1.777,9.0,,23,,1.3732,0.18976,,,1.4712,0,,0,1,1,41,41,0,41.0,160160.0
227.2,65,100,90,0.0,42.918,6.4817,49.921,250,0.9,0,0.0016674,10.907,29.117,79628,88634.0,6.5032,297.91,146.91,1.7775,9.0,,23,,1.3699,0.18978,,,1.4716,0,,0,1,1,41,41,0,41.0,161190.0
227.4,65,100,90,0.0,42.158,1.9445,0.0001,250,0.9,0,0.0016456,10.921,29.125,79699,88715.0,6.4991,297.84,119.38,1.7779,9.0,,23,,1.3647,0.18983,,,1.472,0,,0,1,1,41,41,0,41.0,160400.0
227.6,65,100,90,0.0,43.051,0.58336,66.711,250,0.9,0,0.0016316,10.934,29.133,79770,88797.0,6.4967,297.92,152.45,1.7783,9.0,,23,,1.3648,0.18983,,,1.4723,0,,0,1,1,41,41,0,41.0,160610.0
227.8,65,100,90,0.0,44.871,0.17501,0.0001,250,0.9,0,0.001645,10.928,29.142,79842,88878.0,6.4962,297.85,125.52,1.7788,9.0,,23,,1.3756,0.18973,,,1.4727,0,,0,1,1,41,41,0,41.0,160140.0
228.0,65,100,90,0.0,46.919,0.052502,72.389,250,0.9,0,0.0016323,10.951,29.15,79914,88961.0,6.4975,297.95,163.77,1.7792,9.0,2361.2,23,2065.7,1.374,0.18974,29.117,24.011,1.473,0,73.539,0,1,1,41,41,0,41.0,159850.0
228.2,65,100,90,0.0,48.449,29.278,7.2389,250,0.9,0,0.0016217,10.957,29.157,79986,89043.0,6.5002,297.87,134.0,1.7796,9.0,,23,,1.379,0.1897,,,1.4734,0,,0,1,1,41,41,0,41.0,160550.0
228.4,65,100,90,0.0,48.891,8.7835,102.57,250,0.9,0,0.0015851,10.989,29.164,80058,89125.0,6.5028,298.04,196.41,1.78,9.0,,23,,1.3732,0.18975,,,1.4737,0,,0,1,1,41,41,0,41.0,159750.0
228.6,65,100,90,0.0,48.305,60.444,10.257,250,0.9,0,0.0015682,11.005,29.171,80131,89208.0,6.5051,297.94,158.94,1.7803,9.0,,23,,1.3693,0.18978,,,1.474,0,,0,1,1,41,41,0,41.0,160450.0
228.8,65,100,90,0.0,46.805,18.133,142.35,250,0.9,0,0.001543,11.006,29.178,80202,89290.0,6.5049,298.18,253.35,1.7807,9.0,,23,,1.381,0.18968,,,1.4743,0,,0,1,1,41,41,0,41.0,160480.0
229.0,65,100,90,0.0,45.387,100.84,14.235,250,0.9,0,0.0014778,11.031,29.185,80274,89371.0,6.5049,298.05,203.96,1.781,9.0,,23,,1.3837,0.18966,,,1.4746,0,,0,1,1,41,41,0,41.0,159510.0
229.2,65,100,90,0.0,43.953,61.8,1.4235,250,0.9,0,0.0015209,11.014,29.191,80345,89452.0,6.5029,297.94,159.09,1.7813,9.0,,23,,1.3814,0.18968,,,1.4748,0,,0,1,1,41,41,0,41.0,160210.0
229.4,65,100,90,0.0,43.314,18.54,76.849,250,0.9,0,0.0015556,11.004,29.198,80416,89534.0,6.4999,298.03,195.14,1.7817,9.0,,23,,1.3773,0.18971,,,1.4751,0,,0,1,1,41,41,0,41.0,159570.0
229.6,65,100,90,0.0,43.868,49.223,7.6849,250,0.9,0,0.0015935,10.999,29.206,80488,89615.0,6.4974,297.94,161.12,1.782,9.0,,23,,1.3739,0.18974,,,1.4754,0,,0,1,1,41,41,0,41.0,160110.0
229.8,65,100,90,0.0,45.415,14.767,109.94,250,0.9,0,0.0015489,11.06,29.212,80559,89697.0,6.4958,298.12,228.37,1.7824,9.0,,23,,1.3495,0.18995,,,1.4757,0,,0,1,1,41,41,0,41.0,160630.0
230.0,65,100,90,0.0,47.622,73.114,10.994,250,0.9,0,0.0019839,11.1,29.219,80631,89779.0,6.4945,298.02,191.16,1.7827,9.0,,23,,1.3483,0.18996,,,1.476,0,,0,1,1,41,41,0,41.0,160330.0
230.2,65,100,90,0.0,50.347,43.181,1.0994,250,0.9,-4000,0.083645,12.667,29.189,80010,89061.0,6.5534,297.92,153.25,1.7731,9.0,,23,,1.0104,0.19291,,,1.4679,0,,0,1,1,41,41,0,41.0,160180.0
230.4,65,100,90,0.51221,25.174,12.954,63.842,250,0.9,-4000,0.21404,12.583,29.15,79384,88339.0,6.6031,297.99,179.96,1.7576,9.0,,23,,0.91875,0.19373,,,1.4551,0,,0,1,1,41,41,0,41.0,159990.0
230.6,65,100,90,1.0286,12.587,34.831,6.3842,250,0.9,-4000,0.35454,12.541,29.111,78755,87614.0,6.6393,297.91,149.26,1.7416,9.0,,23,,0.90727,0.19387,,,1.4418,0,,0,1,1,41,41,0,41.0,160300.0
230.8,65,100,90,1.5462,6.2934,10.449,93.823,250,0.9,-4000,0.49857,12.529,29.072,78126,86888.0,6.667,298.06,204.01,1.7256,9.0,,23,,0.8977,0.19398,,,1.4284,0,,0,1,1,41,41,0,41.0,160440.0
231.0,65,100,90,2.0642,3.1467,57.758,9.3823,250,0.9,-4000,0.64933,12.523,29.034,77496,86162.0,6.689,297.97,169.77,1.7096,9.0,,23,,0.8921,0.19406,,,1.4152,0,,0,1,1,41,41,0,41.0,159080.0
231.2,65,100,90,2.5824,1.5734,27.332,0.93823,250,0.9,-4000,0.80387,12.519,28.996,76865,85435.0,6.7073,297.88,136.72,1.6937,9.0,,23,,0.89026,0.19411,,,1.4019,0,,0,1,1,41,41,0,41.0,159720.0
231.4,65,100,90,3.1009,0.78668,8.1995,55.666,250,0.9,-4000,0.96112,12.542,28.957,76235,84709.0,6.7229,297.94,158.4,1.6778,9.0,,23,,0.8668,0.19434,,,1.3886,0,,0,1,1,41,41,0,41.0,160030.0
231.6,65,100,90,3.6195,0.39334,2.4599,0.0001,250,0.9,-4000,1.1207,12.552,28.918,75605,83983.0,6.7365,297.86,131.65,1.6619,9.0,,23,,0.85326,0.19449,,,1.3754,0,,0,1,1,41,41,0,41.0,158840.0
231.8,65,100,90,4.1382,0.19667,0.73796,66.467,250,0.9,-4000,1.2819,12.582,28.879,74975,83257.0,6.7485,297.96,165.39,1.646,9.0,,23,,0.82425,0.19477,,,1.3622,0,,0,1,1,41,41,0,41.0,158480.0
232.0,65,100,90,4.657,0.098334,28.245,6.6467,250,0.9,-4000,1.4429,12.59,28.84,74344,82530.0,6.7589,297.88,137.17,1.6302,9.0,,23,,0.8142,0.19489,,,1.349,0,,0,1,1,41,41,0,41.0,158950.0
232.2,65,100,90,5.1759,0.049167,8.4736,99.504,250,0.9,0,1.6056,12.601,28.801,74409,82604.0,6.7204,298.05,198.25,1.6241,9.0,,23,,0.80602,0.19497,,,1.344,0,,0,1,1,41,41,0,41.0,159090.0
232.4,65,100,90,5.7012,0.024584,63.287,9.9504,250,0.9,0,1.7678,12.61,28.762,74473,82678.0,6.6846,297.95,162.52,1.6228,9.0,,23,,0.8034,0.195,,,1.3429,0,,0,1,1,41,41,0,41.0,158730.0
232.6,65,100,90,6.2237,0.012292,18.986,146.08,250,0.9,0,1.9303,12.625,28.722,74537,82753.0,6.6514,298.23,261.78,1.6218,9.0,,23,,0.79743,0.19505,,,1.3421,0,,0,1,1,41,41,0,41.0,159030.0
232.8,65,100,90,6.746,0.0061459,113.22,14.608,250,0.9,0,2.094,12.625,28.683,74601,82827.0,6.6202,298.1,217.25,1.6209,9.0,,23,,0.80409,0.19499,,,1.3413,0,,0,1,1,41,41,0,41.0,158510.0
233.0,65,100,90,7.2682,0.003073,76.816,1.4608,250,0.9,0,2.2617,12.644,28.644,74666,82901.0,6.5908,297.97,170.8,1.62,9.0,,23,,0.79418,0.19508,,,1.3406,0,,0,1,1,41,41,0,41.0,157310.0
233.2,65,100,90,7.7904,0.0015365,36.959,0.14608,250,0.9,0,2.4312,12.661,28.604,74730,82976.0,6.5628,297.87,134.63,1.619,9.0,,23,,0.78372,0.19517,,,1.3398,0,,0,1,1,41,41,0,41.0,157780.0
233.4,65,100,90,8.3125,0.00076824,11.088,60.536,250,0.9,0,2.6002,12.678,28.565,74795,83051.0,6.5358,297.94,160.23,1.6181,9.0,,23,,0.77436,0.19526,,,1.339,0,,0,1,1,41,41,0,41.0,157590.0
233.6,65,100,90,0.0,0.0,3.3263,0.0001,250,0.9,0,2.7724,12.652,28.526,74858,83124.0,6.5242,297.87,133.47,1.6172,9.0,,23,,0.77527,0.19525,,,1.3383,0,,0,1,1,41,41,0,41.0,156730.0
233.8,65,100,90,0.0,0.0,0.99789,69.723,250,0.9,0,2.9461,12.654,28.488,74921,83197.0,6.5131,297.97,170.14,1.6163,9.0,,23,,0.77983,0.19521,,,1.3375,0,,0,1,1,41,41,0,41.0,157200.0
234.0,65,100,90,0.0,0.0,31.691,6.9723,250,0.9,0,3.1197,12.663,28.449,74984,83271.0,6.5024,297.89,141.0,1.6153,9.0,,23,,0.77647,0.19524,,,1.3367,0,,0,1,1,41,41,0,41.0,157180.0
234.2,65,100,90,0.0,0.0,9.5072,103.49,250,0.9,0,3.2945,12.659,28.411,75047,83344.0,6.4922,298.07,205.2,1.6144,9.0,,23,,0.7866,0.19516,,,1.336,0,,0,1,1,41,41,0,41.0,155820.0
234.4,65,100,90,0.0,3.64,67.268,10.349,250,0.9,0,3.4677,12.673,28.372,75111,83418.0,6.4873,297.96,167.78,1.6135,9.0,,23,,0.79102,0.19512,,,1.3352,0,,0,1,1,41,41,0,41.0,156460.0
234.6,65,100,90,0.0,9.2315,32.737,1.0349,250,0.9,0,3.6403,12.707,28.333,75176,83493.0,6.4901,297.87,132.3,1.6125,9.0,,23,,0.78324,0.19519,,,1.3344,0,,0,1,1,41,41,0,41.0,156770.0
234.8,65,100,90,0.0,13.682,9.8211,63.219,250,0.9,0,3.8128,12.719,28.294,75241,83569.0,6.4988,297.94,160.18,1.6116,9.0,,23,,0.79064,0.19513,,,1.3336,0,,0,1,1,41,41,0,41.0,156570.0
235.0,65,100,90,0.0,14.653,2.9463,0.0001,250,0.9,0,3.9862,12.733,28.254,75307,83646.0,6.5091,297.87,133.27,1.6107,9.0,,23,,0.78628,0.19517,,,1.3328,0,,0,1,1,41,41,0,41.0,156050.0
235.2,65,100,90,0.0,11.541,0.8839,70.87,250,0.9,0,4.1626,12.708,28.215,75372,83721.0,6.515,297.97,170.86,1.6097,9.0,,23,,0.80529,0.19501,,,1.3321,0,,0,1,1,41,41,0,41.0,155350.0
235.4,65,100,90,0.0,6.0627,32.249,7.087,250,0.9,0,4.3376,12.697,28.177,75437,83796.0,6.5133,297.89,140.47,1.6088,9.0,,23,,0.80473,0.19501,,,1.3313,0,,0,1,1,41,41,0,41.0,154830.0
235.6,65,100,90,0.0,1.2888,9.6748,105.68,250,0.9,0,4.5138,12.671,28.139,75500,83870.0,6.5045,298.07,205.89,1.6078,9.0,,23,,0.82027,0.19488,,,1.3305,0,,0,1,1,41,41,0,41.0,154970.0
235.8,65,100,90,0.0,0.012156,68.237,10.568,250,0.9,0,4.6904,12.668,28.101,75563,83943.0,6.4943,297.95,163.94,1.6069,9.0,,23,,0.82516,0.19484,,,1.3297,0,,0,1,1,41,41,0,41.0,155620.0
236.0,65,100,90,0.0,2.8188,29.63,1.0568,250,0.9,0,4.8654,12.682,28.063,75626,84017.0,6.4883,297.85,127.56,1.6059,9.0,,23,,0.82675,0.19483,,,1.3289,0,,0,1,1,41,41,0,41.0,155260.0
236.2,65,100,90,0.0,8.0228,8.8889,60.246,250,0.9,0,5.0436,12.704,28.025,75691,84092.0,6.4895,297.92,152.59,1.605,9.0,,23,,0.82923,0.19481,,,1.3281,0,,0,1,1,41,41,0,41.0,154910.0
236.4,65,100,90,0.0,12.726,2.6667,0.0001,250,0.9,0,5.2208,12.72,27.986,75756,84168.0,6.4974,297.85,125.57,1.604,9.0,,23,,0.8341,0.19477,,,1.3273,0,,0,1,1,41,41,0,41.0,154710.0
236.6,65,100,90,0.0,14.258,0.8,72.644,250,0.9,0,5.3969,12.738,27.947,75822,84245.0,6.5071,297.95,164.76,1.6031,9.0,,23,,0.82803,0.19482,,,1.3265,0,,0,1,1,41,41,0,41.0,154020.0
236.8,65,100,90,0.0,11.913,32.699,7.2644,250,0.9,0,5.571,12.73,27.909,75887,84320.0,6.5139,297.87,132.64,1.6021,9.0,,23,,0.83178,0.19479,,,1.3257,0,,0,1,1,41,41,0,41.0,154330.0
237.0,65,100,90,0.0,6.8818,9.8098,112.61,250,0.9,0,5.7451,12.712,27.871,75952,84395.0,6.5132,298.06,203.8,1.6011,9.0,,23,,0.8397,0.19473,,,1.3249,0,,0,1,1,41,41,0,41.0,154140.0
237.2,65,100,90,0.0,2.1512,72.674,11.261,250,0.9,0,5.9182,12.701,27.833,76015,84469.0,6.5055,297.93,157.04,1.6002,9.0,,23,,0.84022,0.19472,,,1.3241,0,,0,1,1,41,41,0,41.0,153960.0
237.4,65,100,90,0.0,0.48032,21.802,173.02,250,0.9,0,6.0901,12.705,27.796,76078,84542.0,6.4959,298.26,276.3,1.5992,9.0,,23,,0.8385,0.19474,,,1.3233,0,,0,1,1,41,41,0,41.0,154100.0
237.6,65,100,90,0.0,2.6445,132.73,17.302,250,0.9,0,6.2613,12.722,27.758,76141,84616.0,6.4896,298.07,207.45,1.5983,9.0,,23,,0.83413,0.19478,,,1.3225,0,,0,1,1,41,41,0,41.0,152920.0
237.8,65,100,90,0.0,7.3112,75.151,1.7302,250,0.9,0,6.4325,12.736,27.721,76206,84691.0,6.4899,297.91,149.81,1.5973,9.0,,23,,0.83975,0.19473,,,1.3217,0,,0,1,1,41,41,0,41.0,153730.0
238.0,65,100,90,0.0,11.839,22.545,92.481,250,0.9,0,6.604,12.754,27.683,76271,84766.0,6.4964,298.04,196.69,1.5963,9.0,,23,,0.84361,0.1947,,,1.3209,0,,0,1,1,41,41,0,41.0,152540.0
238.2,65,100,90,0.0,13.78,64.604,9.2481,250,0.9,0,6.7739,12.762,27.644,76337,84842.0,6.5043,297.91,149.26,1.5953,9.0,,23,,0.84716,0.19467,,,1.3201,0,,0,1,1,41,41,0,41.0,152850.0
238.4,65,100,90,0.0,12.564,19.381,152.74,250,0.9,0,6.9445,12.769,27.607,76402,84918.0,6.5105,298.19,250.98,1.5944,9.0,,23,,0.8431,0.19471,,,1.3193,0,,0,1,1,41,41,0,41.0,152330.0
238.6,65,100,90,0.0,8.9013,112.61,15.274,250,0.9,0,7.1173,12.763,27.569,76466,84993.0,6.5116,298.01,185.71,1.5934,9.0,,23,,0.84111,0.19473,,,1.3185,0,,0,1,1,41,41,0,41.0,152810.0
238.8,65,100,90,0.0,4.7996,56.405,1.5274,250,0.9,0,7.2905,12.741,27.532,76530,85067.0,6.5072,297.87,134.94,1.5924,9.0,,23,,0.85361,0.19462,,,1.3177,0,,0,1,1,41,41,0,41.0,152790.0
239.0,65,100,90,0.0,2.4602,16.922,78.565,250,0.9,0,7.4609,12.737,27.495,76594,85141.0,6.4999,297.98,172.05,1.5914,9.0,,23,,0.85736,0.19459,,,1.3168,0,,0,1,1,41,41,0,41.0,151280.0
239.2,65,100,90,0.0,3.0253,48.004,7.8565,250,0.9,0,7.629,12.742,27.458,76657,85215.0,6.4935,297.87,131.84,1.5904,9.0,,23,,0.85972,0.19457,,,1.316,0,,0,1,1,41,41,0,41.0,152090.0
239.4,65,100,90,0.0,6.143,14.401,132.75,250,0.9,0,7.7971,12.753,27.421,76721,85289.0,6.491,298.1,218.27,1.5895,9.0,,23,,0.86631,0.19452,,,1.3152,0,,0,1,1,41,41,0,41.0,151740.0
239.6,65,100,90,0.0,10.249,91.048,13.275,250,0.9,0,7.9635,12.772,27.384,76786,85364.0,6.4935,297.95,162.73,1.5885,9.0,,23,,0.86658,0.19452,,,1.3144,0,,0,1,1,41,41,0,41.0,151390.0
239.8,65,100,90,0.0,13.351,27.314,204.82,250,0.9,0,8.1285,12.794,27.346,76851,85440.0,6.4994,298.34,307.42,1.5875,9.0,,23,,0.8619,0.19456,,,1.3136,0,,0,1,1,41,41,0,41.0,150870.0
240.0,65,100,105,0.0,14.088,161.7,20.482,250,0.9,0,8.3135,12.858,27.307,76920,85519.0,6.506,298.12,224.32,1.5865,8.0,2968.0,23,2350.8,0.85166,0.19465,27.458,23.017,1.3127,0,69.727,0,1,1,41,41,0,41.0,150850.0
240.2,65,100,105,0.0,12.225,94.014,2.0482,250,0.9,0,8.4979,12.851,27.269,76988,85598.0,6.5103,297.94,157.92,1.5855,8.0,,23,,0.85489,0.19463,,,1.3119,0,,0,1,1,41,41,0,41.0,151320.0
240.4,65,100,105,0.0,8.6216,28.204,104.2,250,0.9,0,8.6834,12.837,27.231,77055,85677.0,6.5095,298.08,212.25,1.5845,8.0,,23,,0.86307,0.19456,,,1.3111,0,,0,1,1,41,41,0,41.0,150800.0
240.6,65,100,105,0.0,5.3701,77.814,10.42,250,0.9,0,8.867,12.835,27.194,77122,85754.0,6.5049,297.94,159.47,1.5835,8.0,,23,,0.86105,0.19458,,,1.3102,0,,0,1,1,41,41,0,41.0,150120.0
240.8,65,100,105,0.0,3.944,23.344,168.91,250,0.9,0,9.0509,12.832,27.156,77188,85832.0,6.4989,298.25,273.76,1.5825,8.0,,23,,0.86655,0.19453,,,1.3094,0,,0,1,1,41,41,0,41.0,150600.0
241.0,65,100,105,0.0,4.8993,128.53,16.891,250,0.9,0,9.2358,12.842,27.119,77255,85909.0,6.4943,298.06,204.04,1.5815,8.0,,23,,0.86515,0.19455,,,1.3086,0,,0,1,1,41,41,0,41.0,151080.0
241.2,65,100,105,0.0,7.6773,70.786,1.6891,250,0.9,0,9.4202,12.863,27.081,77322,85988.0,6.4928,297.91,148.62,1.5805,8.0,,23,,0.85806,0.19461,,,1.3077,0,,0,1,1,41,41,0,41.0,150390.0
241.4,65,100,105,0.0,11.083,21.236,86.049,250,0.9,0,9.6076,12.878,27.043,77390,86067.0,6.495,298.03,190.56,1.5795,8.0,,23,,0.85916,0.1946,,,1.3069,0,,0,1,1,41,41,0,41.0,149370.0
241.6,65,100,105,0.0,13.598,58.002,8.6049,250,0.9,0,9.7952,12.894,27.006,77458,86146.0,6.4997,297.91,147.69,1.5785,8.0,,23,,0.85655,0.19463,,,1.3061,0,,0,1,1,41,41,0,41.0,150180.0
241.8,65,100,105,0.0,14.248,17.401,138.7,250,0.9,0,9.9839,12.908,26.968,77526,86226.0,6.5059,298.15,237.84,1.5774,8.0,,23,,0.85171,0.19467,,,1.3052,0,,0,1,1,41,41,0,41.0,149160.0
242.0,65,100,105,0.0,12.412,98.406,13.87,250,0.9,0,10.175,12.908,26.93,77594,86305.0,6.5095,297.99,178.91,1.5764,8.0,,23,,0.84991,0.19469,,,1.3044,0,,0,1,1,41,41,0,41.0,149140.0
242.2,65,100,105,0.0,9.1219,47.766,1.387,250,0.9,0,10.365,12.916,26.893,77662,86384.0,6.5091,297.87,131.52,1.5754,8.0,,23,,0.83733,0.1948,,,1.3035,0,,0,1,1,41,41,0,41.0,149290.0
242.4,65,100,105,0.0,6.0206,14.33,72.922,250,0.9,0,10.55,12.922,26.856,77728,86462.0,6.5051,297.95,164.21,1.5744,8.0,,23,,0.82634,0.19489,,,1.3027,0,,0,1,1,41,41,0,41.0,148610.0
242.6,65,100,105,0.0,4.5009,40.511,7.2922,250,0.9,0,10.734,12.92,26.819,77795,86540.0,6.4996,297.85,124.68,1.5734,8.0,,23,,0.82718,0.19489,,,1.3018,0,,0,1,1,41,41,0,41.0,149090.0
242.8,65,100,105,0.0,5.1981,12.153,124.33,250,0.9,0,10.914,12.923,26.783,77861,86617.0,6.495,298.06,204.16,1.5723,8.0,,23,,0.83363,0.19484,,,1.301,0,,0,1,1,41,41,0,41.0,147910.0
243.0,65,100,105,0.0,7.7016,80.608,12.433,250,0.9,0,11.094,12.926,26.746,77928,86695.0,6.4934,297.92,150.98,1.5713,8.0,3130.5,23,2428.1,0.84389,0.19475,26.893,22.72,1.3001,0,68.742,0,1,1,41,41,0,41.0,148230.0
