time,aeration_rate,agitator,sugar_feed_rate,acid_flow_rate,base_flow_rate,heating/cooling_water_flow_rate,heating_water_flow_rate,water_for_injection/dilution,air_head_pressure,dumped_broth_flow,substrate_concentration,dissolved_oxygen_concentration,penicillin_concentration,vessel_volume,vessel_weight,pH,temperature,generated_heat,CO2_percent_in_off_gas,PAA_flow,PAA_concentration,oil_flow,NH3_concentration,oxygen_uptake_rate,oxygen_in_percent_in_off_gas,offline_penicillin_concentration,offline_biomass_concentration,carbon_evolution_rate,ammonia_shots,viscosity,Fault reference(Fault_ref:Fault ref),0 - Recipe driven 1 - Operator controlled(Control_ref:Control ref),1- No Raman spec, 1-Raman spec recorded,2-PAT control(PAT_ref:PAT ref),Batch reference(Batch_ref:Batch ref),experiment_ID,Fault flag
0.2,30,100,8,0.0,30.118,9.8335,0.0001,0,0.6,0,0.95749,14.711,1.0178000000000001e-25,58479,62574.0,6.4472,298.22,1e-06,0.089514,5.0,,22,,0.48051,0.19595,,,0.034045,0,,0,0,1,1,1,0,1.0,0.0
0.4,30,100,8,0.0,51.221,18.155,0.0001,0,0.6,0,1.0046,14.699,0.001,58487,62585.0,6.4932,298.17,1e-06,0.10176,5.0,,22,,0.058147,0.2039,,,0.038702,0,,0,0,1,1,1,0,1.0,0.0
0.6,30,100,8,0.0,54.302,9.5982,0.0001,0,0.6,0,1.0498,14.686,0.00099934,58495,62598.0,6.5425,298.14,1e-06,0.1058,5.0,,22,,-0.041505,0.20575,,,0.04024,0,,0,0,1,1,1,0,1.0,0.0
0.8,30,100,8,0.0,37.816,4.3395,0.0001,0,0.6,0,1.0942,14.661,0.00099874,58499,62607.0,6.5753,298.11,1e-06,0.10819,5.0,,22,,-0.056737,0.20602,,,0.041149,0,,0,0,1,1,1,0,1.0,0.0
1.0,30,100,8,0.5181,18.908,1.1045,0.0001,0,0.6,0,1.137,14.633,0.00099821,58501,62613.0,6.5825,298.09,1e-06,0.1103,5.0,1488.0,22,1667.8,-0.049975,0.20589,1.0178000000000001e-25,0.52808,0.041951,0,4.083,0,0,1,1,1,0,1.0,0.0
1.2,30,100,8,1.0387,9.4541,0.0001,0.0001,0,0.6,0,1.1782,14.621,0.00099771,58500,62617.0,6.5717,298.08,1e-06,0.11242,5.0,,22,,-0.045267,0.2058,,,0.042758,0,,0,0,1,1,1,0,1.0,0.0
1.4,30,100,8,1.5604,4.727,0.0001,0.0001,0,0.6,0,1.2172,14.604,0.00099722,58498,62620.0,6.5521,298.07,1e-06,0.11463,5.0,,22,,-0.039369,0.20569,,,0.043599,0,,0,0,1,1,1,0,1.0,0.0
1.6,30,100,8,2.0823,2.3635,0.0001,0.0001,0,0.6,0,1.2544,14.583,0.00099674,58497,62622.0,6.5287,298.06,1e-06,0.11694,5.0,,22,,-0.031033,0.20553,,,0.044478,0,,0,0,1,1,1,0,1.0,0.0
1.8,30,100,8,0.0,0.0,0.0001,0.0001,0,0.6,0,1.2891,14.547,0.00099627,58494,62624.0,6.5061,298.06,1e-06,0.11936,5.0,,22,,-0.016025,0.20524,,,0.045398,0,,0,0,1,1,1,0,1.0,0.0
2.0,30,100,8,0.0,0.0,0.51077,0.0001,0,0.6,0,1.3218,14.529,0.0009958,58491,62626.0,6.4844,298.05,1e-06,0.12189,5.0,,22,,-0.0071831,0.20507,,,0.046361,0,,0,0,1,1,1,0,1.0,0.0
2.2,30,100,8,0.0,6.7741,1.638,0.0001,0,0.6,0,1.3523,14.509,0.0009953,58490,62629.0,6.4728,298.05,1e-06,0.12453,5.0,,22,,0.00095122,0.20492,,,0.047367,0,,0,0,1,1,1,0,1.0,21072.0
2.4,30,100,8,0.0,18.126,3.2411,0.0001,0,0.6,0,1.3804,14.496,0.00099477,58491,62634.0,6.4764,298.05,0.0275,0.12729,5.0,,22,,0.0054429,0.20483,,,0.048418,0,,0,0,1,1,1,0,1.0,21234.0
2.6,30,100,8,0.0,28.037,5.2094,0.0001,0,0.6,0,1.406,14.462,0.00099421,58494,62642.0,6.4915,298.05,0.27393,0.13018,5.0,,22,,0.018177,0.20458,,,0.049515,0,,0,0,1,1,1,0,1.0,22063.0
2.8,30,100,8,0.0,31.908,7.4531,0.0001,0,0.6,0,1.429,14.434,0.00099363,58497,62650.0,6.51,298.05,0.62348,0.13318,5.0,,22,,0.030167,0.20435,,,0.050658,0,,0,0,1,1,1,0,1.0,22225.0
3.0,30,100,8,0.0,28.397,9.8571,0.0001,0,0.6,0,1.4495,14.408,0.00099306,58500,62657.0,6.5233,298.05,0.98893,0.13631,5.0,,22,,0.040673,0.20415,,,0.05185,0,,0,0,1,1,1,0,1.0,22387.0
3.2,30,100,15,0.0,19.594,12.327,0.0001,0,0.6,0,1.4813,14.372,0.00099251,58503,62665.0,6.5239,298.06,1.2113,0.13957,5.0,,22,,0.054921,0.20388,,,0.053091,0,,0,0,1,1,1,0,1.0,22216.0
3.4,30,100,15,0.0,10.588,14.665,0.0001,0,0.6,0,1.5099,14.326,0.00099198,58503,62670.0,6.5122,298.06,1.4427,0.14297,5.0,,22,,0.074225,0.20351,,,0.054382,0,,0,0,1,1,1,0,1.0,21878.0
3.6,30,100,15,0.0,6.2774,17.049,0.0001,0,0.6,0,1.5362,14.289,0.00099147,58503,62675.0,6.4945,298.06,1.8352,0.14649,5.0,,22,,0.091194,0.20319,,,0.055722,0,,0,0,1,1,1,0,1.0,22040.0
3.8,30,100,15,0.0,9.0006,19.671,0.0001,0,0.6,0,1.5601,14.254,0.00099095,58504,62681.0,6.4808,298.06,2.5867,0.15015,5.0,,22,,0.10584,0.20291,,,0.057114,0,,0,0,1,1,1,0,1.0,20869.0
4.0,30,100,15,0.0,17.201,22.803,0.0001,0,0.6,0,1.5812,14.213,0.00099039,58506,62688.0,6.4791,298.06,3.0896,0.15395,5.0,,22,,0.12264,0.20258,,,0.058562,0,,0,0,1,1,1,0,1.0,21697.0
4.2,30,100,15,0.0,26.041,25.712,0.0001,0,0.6,0,1.6269,14.168,0.00098981,58510,62698.0,6.4889,298.06,3.2798,0.1579,5.0,,30,,0.13701,0.20231,,,0.060065,0,,0,0,1,1,1,0,1.0,22693.0
4.4,30,100,15,0.0,30.979,28.297,0.0001,0,0.6,0,1.6703,14.13,0.00098922,58515,62709.0,6.5052,298.07,3.9021,0.16198,5.0,,30,,0.15252,0.20201,,,0.061618,0,,0,0,1,1,1,0,1.0,21688.0
4.6,30,100,15,0.0,29.382,31.47,0.0001,0,0.6,0,1.7103,14.083,0.00098863,58519,62720.0,6.5188,298.07,4.345,0.1662,5.0,,30,,0.17099,0.20165,,,0.063224,0,,0,0,1,1,1,0,1.0,21517.0
4.8,30,100,15,0.0,22.389,34.489,0.0001,0,0.6,0,1.7475,14.049,0.00098806,58522,62729.0,6.5223,298.07,5.3331,0.17057,5.0,,30,,0.18465,0.20139,,,0.064885,0,,0,0,1,1,1,0,1.0,21679.0
5.0,30,100,15,0.0,14.017,38.272,0.0001,0,0.6,0,1.7819,14.003,0.00098753,58524,62737.0,6.5126,298.08,6.647,0.17508,5.0,,30,,0.20142,0.20106,,,0.066604,0,,0,0,1,1,1,0,1.0,21507.0
5.2,30,100,15,0.0,9.552,42.595,0.0001,0,0.6,0,1.8122,13.967,0.00098702,58523,62743.0,6.4954,298.08,7.8168,0.17976,0.0,,30,,0.21438,0.20081,,,0.068385,0,,0,0,1,1,1,0,1.0,21336.0
5.4,30,100,15,0.0,11.944,46.907,0.0001,0,0.6,0,1.839,13.923,0.00098651,58523,62749.0,6.4821,298.08,8.7216,0.1846,0.0,,30,,0.22995,0.20051,,,0.070228,0,,0,0,1,1,1,0,1.0,22664.0
5.6,30,100,15,0.0,19.592,51.046,0.0001,0,0.6,0,1.8633,13.875,0.00098597,58525,62757.0,6.4792,298.09,9.9082,0.1896,0.0,,30,,0.24847,0.20015,,,0.07213,0,,0,0,1,1,1,0,1.0,21993.0
5.8,30,100,15,0.0,28.416,55.68,0.0001,0,0.6,0,1.8842,13.83,0.0009854,58528,62767.0,6.4876,298.09,9.817,0.19475,0.0,,30,,0.26607,0.19981,,,0.074088,0,,0,0,1,1,1,0,1.0,21488.0
6.0,30,100,15,0.0,33.855,58.835,0.0001,0,0.6,0,1.9017,13.797,0.00098481,58533,62778.0,6.5015,298.08,8.9182,0.20005,0.0,,30,,0.2775,0.19958,,,0.076105,0,,0,0,1,1,1,0,1.0,20816.0
6.2,30,100,15,0.0,33.741,60.978,0.0001,0,0.6,0,1.915,13.745,0.00098423,58537,62789.0,6.5145,298.08,8.6957,0.20552,0.0,,30,,0.29452,0.19925,,,0.078189,0,,0,0,1,1,1,0,1.0,21978.0
6.4,30,100,15,0.0,28.466,63.885,0.0001,0,0.6,0,1.9241,13.692,0.00098366,58540,62798.0,6.5194,298.09,10.104,0.21118,0.0,,30,,0.31348,0.19888,,,0.080341,0,,0,0,1,1,1,0,1.0,22140.0
6.6,30,100,15,0.0,21.244,68.83,0.0001,0,0.6,0,1.93,13.648,0.00098312,58542,62806.0,6.5144,298.09,9.3355,0.21701,0.0,,30,,0.32857,0.19858,,,0.082563,0,,0,0,1,1,1,0,1.0,20802.0
6.8,30,100,15,0.0,16.017,71.138,0.0001,0,0.6,0,1.9325,13.596,0.00098259,58543,62814.0,6.5012,298.09,9.2838,0.22303,0.0,,30,,0.34544,0.19825,,,0.084854,0,,0,0,1,1,1,0,1.0,21130.0
7.0,30,100,15,0.0,16.096,74.318,0.0001,0,0.6,0,1.931,13.527,0.00098207,58544,62821.0,6.4886,298.08,9.0259,0.22924,0.0,,30,,0.37052,0.19776,,,0.087217,0,,0,0,1,1,1,0,1.0,21625.0
7.2,30,100,15,0.0,21.177,77.207,0.0001,0,0.6,0,1.9253,13.455,0.00098153,58546,62829.0,6.482,298.08,8.2531,0.23564,0.0,,30,,0.39836,0.19722,,,0.089656,0,,0,0,1,1,1,0,1.0,22453.0
7.4,30,100,15,0.0,28.898,79.407,0.0001,0,0.6,0,1.9156,13.401,0.00098096,58549,62839.0,6.4855,298.08,6.8575,0.24224,0.0,,30,,0.41999,0.1968,,,0.092166,0,,0,0,1,1,1,0,1.0,22282.0
7.6,30,100,15,0.0,35.196,80.716,0.0001,0,0.6,0,1.9014,13.333,0.00098037,58554,62850.0,6.4951,298.08,7.8167,0.24903,0.0,,30,,0.444,0.19633,,,0.094753,0,,0,0,1,1,1,0,1.0,20943.0
7.8,30,100,15,0.0,37.665,84.863,0.0001,0,0.6,0,1.8833,13.276,0.00097977,58559,62861.0,6.5054,298.08,8.7817,0.25603,0.0,,30,,0.46436,0.19593,,,0.097418,0,,0,0,1,1,1,0,1.0,22438.0
8.0,30,100,15,0.0,36.02,89.084,0.0001,0,0.6,0,1.8607,13.222,0.00097918,58564,62872.0,6.5128,298.09,9.8352,0.26324,0.0,,30,,0.48107,0.1956,,,0.10016,0,,0,0,1,1,1,0,1.0,21433.0
8.2,42,100,15,0.0,31.438,93.552,0.0001,0,0.6,0,1.8336,13.331,0.00097861,58568,62883.0,6.5144,298.09,11.664,0.21112,0.0,,30,,0.45819,0.19862,,,0.11245,0,,0,0,1,1,1,0,1.0,22095.0
8.4,42,100,15,0.0,26.22,99.157,0.0001,0,0.6,0,1.8006,13.254,0.00097805,58571,62892.0,6.5086,298.1,12.346,0.21015,0.0,,30,,0.45132,0.19871,,,0.11193,0,,0,0,1,1,1,0,1.0,21923.0
8.6,42,100,15,0.0,23.338,103.53,0.0001,0,0.6,0,1.7627,13.191,0.00097751,58573,62900.0,6.4976,298.1,13.047,0.21507,0.0,,30,,0.46919,0.19846,,,0.11456,0,,0,0,1,1,1,0,1.0,21584.0
8.8,42,100,15,0.0,24.852,108.05,0.0001,0,0.6,0,1.7182,13.112,0.00097695,58576,62909.0,6.488,298.11,15.776,0.22089,0.0,,30,,0.49778,0.19806,,,0.11765,0,,0,0,1,1,1,0,1.0,21579.0
9.0,42,100,15,0.0,30.166,115.26,0.0001,0,0.6,0,1.6681,13.049,0.00097638,58580,62919.0,6.4845,298.12,17.587,0.22698,0.0,,30,,0.51847,0.19777,,,0.1209,0,,0,0,1,1,1,0,1.0,22074.0
9.2,42,100,15,0.0,36.871,121.62,0.0001,0,0.6,0,1.6111,12.975,0.00097579,58585,62931.0,6.4847,298.12,19.374,0.2333,0.0,,30,,0.54284,0.19743,,,0.12427,0,,0,0,1,1,1,0,1.0,21736.0
9.4,42,100,15,0.0,43.504,128.22,0.0001,0,0.6,0,1.5493,12.919,0.00097518,58591,62943.0,6.4889,298.13,20.763,0.23979,0.0,,30,,0.56083,0.19717,,,0.12773,0,,0,0,1,1,1,0,1.0,20730.0
9.6,42,100,15,0.0,48.433,134.57,0.0001,0,0.6,0,1.4815,12.842,0.00097454,58598,62957.0,6.4957,298.14,23.997,0.24647,0.0,,30,,0.58866,0.19678,,,0.13129,0,,0,0,1,1,1,0,1.0,20725.0
9.8,42,100,15,0.0,50.664,143.48,0.0001,0,0.6,0,1.4079,12.776,0.00097391,58606,62971.0,6.5042,298.15,25.96,0.25333,0.0,,30,,0.60956,0.19649,,,0.13495,0,,0,0,1,1,1,0,1.0,21387.0
10.0,42,100,15,0.0,49.499,151.16,0.0001,0,0.6,0,1.3281,12.693,0.00097327,58613,62985.0,6.5089,298.15,26.957,0.2604,0.0,,30,,0.6385,0.19608,,,0.13871,0,,0,0,1,1,1,0,1.0,22381.0
10.2,42,100,15,0.0,46.488,157.91,0.0001,0,0.6,0,1.2424,12.601,0.00097265,58620,62998.0,6.5082,298.15,26.698,0.26768,0.0,,30,,0.672,0.19561,,,0.14259,0,,0,0,1,1,1,0,1.0,21876.0
10.4,42,100,15,0.0,43.731,163.22,0.0001,0,0.6,0,1.1493,12.516,0.00097204,58627,63011.0,6.5039,298.15,25.696,0.27519,0.0,,30,,0.70032,0.19521,,,0.1466,0,,0,0,1,1,1,0,1.0,21704.0
10.6,42,100,15,0.0,42.712,167.59,0.0001,0,0.6,0,1.0486,12.41,0.00097143,58633,63023.0,6.498,298.14,25.128,0.28295,0.0,,30,,0.73895,0.19467,,,0.15074,0,,0,0,1,1,1,0,1.0,21865.0
10.8,42,100,15,0.0,44.043,172.39,0.0001,0,0.6,0,0.94074,12.309,0.00097082,58639,63036.0,6.4931,298.14,23.97,0.29098,0.0,,30,,0.7746,0.19417,,,0.15501,0,,0,0,1,1,1,0,1.0,22360.0
11.0,42,100,15,0.0,47.308,176.35,0.0001,0,0.6,0,0.82618,12.221,0.00097019,58646,63049.0,6.4917,298.14,23.993,0.29925,0.0,,30,,0.80504,0.19374,,,0.15942,0,,0,0,1,1,1,0,1.0,20855.0
11.2,42,100,15,0.0,51.125,181.67,0.0001,0,0.6,0,0.70488,12.132,0.00096956,58654,63063.0,6.4931,298.12,17.29,0.30775,0.0,,30,,0.8343,0.19332,,,0.16396,0,,0,0,1,1,1,0,1.0,21182.0
11.4,42,100,15,0.0,54.39,178.37,0.0001,0,0.6,0,0.57682,12.033,0.00096891,58663,63078.0,6.4942,298.08,7.2958,0.31649,0.0,,30,,0.86827,0.19284,,,0.16861,0,,0,0,1,1,1,0,1.0,21177.0
11.6,42,100,15,0.0,57.231,170.14,0.0001,0,0.6,0,0.44014,11.92,0.00096826,58672,63094.0,6.495,298.07,4.0842,0.3255,0.0,,30,,0.90697,0.19229,,,0.17342,0,,0,0,1,1,1,0,1.0,22005.0
11.8,42,100,15,0.0,59.744,169.27,0.0001,0,0.6,0,0.29866,11.855,0.0009676,58681,63109.0,6.4968,298.06,1.1719,0.33475,0.0,,30,,0.92745,0.19199,,,0.17835,0,,0,0,1,1,1,0,1.0,21833.0
12.0,42,100,15,0.0,61.535,168.15,0.0001,0,0.6,0,0.15862,11.835,0.00096693,58691,63126.0,6.5002,298.04,1e-06,0.34413,0.0,1577.7,30,1791.4,0.93728,0.19184,0.00096956,2.8974,0.18335,0,10.792,0,0,1,1,1,0,1.0,21661.0
12.2,42,100,30,0.0,61.979,163.16,0.0001,0,0.6,0,0.061676,11.966,0.00096622,58704,63146.0,6.5075,298.03,1e-06,0.35344,0.0,,30,,0.9102,0.19219,,,0.18832,0,,0,0,1,1,1,0,1.0,21655.0
12.4,42,100,30,0.0,59.487,163.22,0.0001,0,0.6,0,0.016875,12.564,0.00096551,58717,63166.0,6.5259,297.97,1e-06,0.36193,0.0,,30,,0.75194,0.19434,,,0.19285,0,,0,0,1,1,1,0,1.0,21983.0
12.6,42,100,30,0.0,49.612,144.79,0.0001,0,0.7,0,0.013954,13.538,0.00096484,58728,63183.0,6.5442,297.9,1e-06,0.36878,0.0,,30,,0.6053,0.19632,,,0.1965,0,,0,0,1,1,1,0,1.0,21644.0
12.8,42,100,30,0.0,32.44,43.436,171.31,0,0.7,0,0.013902,13.51,0.00096422,58735,63198.0,6.5424,298.57,181.73,0.37509,0.0,,30,,0.57759,0.19668,,,0.19987,0,,0,0,1,1,1,0,1.0,21805.0
13.0,42,100,30,0.0,16.067,271.75,17.131,0,0.7,0,0.013506,13.478,0.00096365,58738,63208.0,6.5188,298.34,118.4,0.38133,0.0,,30,,0.58194,0.19661,,,0.20319,0,,0,0,1,1,1,0,1.0,21466.0
13.2,42,100,30,0.0,9.1289,207.61,1.7131,0,0.7,0,0.013119,13.456,0.00096311,58741,63218.0,6.4876,298.17,73.522,0.38754,0.0,,30,,0.58845,0.19651,,,0.20651,0,,0,0,1,1,1,0,1.0,20794.0
13.4,42,100,30,0.0,14.632,164.98,0.17131,0,0.7,0,0.012755,13.435,0.00096254,58744,63229.0,6.4656,298.07,45.835,0.39373,0.0,,30,,0.59483,0.19641,,,0.20981,0,,0,0,1,1,1,0,1.0,21122.0
13.6,42,100,30,0.0,28.896,137.52,0.017131,0,0.7,0,0.012597,13.412,0.00096194,58751,63242.0,6.4611,298.0,26.587,0.39991,0.0,,30,,0.59939,0.19633,,,0.21311,0,,0,0,1,1,1,0,1.0,21616.0
13.8,42,100,30,0.0,44.921,116.5,0.0017131,0,0.7,0,0.012335,13.391,0.00096128,58760,63259.0,6.4736,297.95,13.159,0.4061,0.0,,30,,0.60479,0.19625,,,0.21641,0,,0,0,1,1,1,0,1.0,22444.0
14.0,42,100,30,0.0,55.961,99.992,0.00017131,0,0.7,0,0.012014,13.394,0.00096059,58772,63278.0,6.4955,297.93,8.0127,0.41227,0.0,,30,,0.60088,0.19629,,,0.2197,0,,0,0,1,1,1,0,1.0,20939.0
14.2,42,100,30,0.0,58.23,29.998,106.74,0,0.7,0,0.011821,13.384,0.00095989,58785,63297.0,6.5191,298.4,133.85,0.41838,0.0,,30,,0.60076,0.19628,,,0.22296,0,,0,0,1,1,1,0,1.0,21266.0
14.4,42,100,30,0.0,51.089,187.67,10.674,0,0.7,0,0.011639,13.364,0.00095921,58795,63315.0,6.5331,298.25,94.369,0.42446,0.0,,30,,0.60238,0.19625,,,0.2262,0,,0,0,1,1,1,0,1.0,21761.0
14.6,42,100,30,0.0,38.386,148.87,1.0674,0,0.7,0,0.011474,13.33,0.00095857,58804,63331.0,6.5335,298.15,67.533,0.43054,0.0,,30,,0.6124,0.1961,,,0.22945,0,,0,0,1,1,1,0,1.0,21755.0
14.8,42,100,30,0.0,25.554,125.26,0.10674,0,0.7,0,0.01132,13.3,0.00095798,58809,63344.0,6.5197,298.1,52.291,0.43661,0.0,,30,,0.62085,0.19597,,,0.23268,0,,0,0,1,1,1,0,1.0,22083.0
15.0,42,100,30,0.0,18.234,112.34,0.010674,0,0.7,0,0.011133,13.285,0.00095742,58814,63355.0,6.4993,298.06,41.714,0.44268,0.0,,30,,0.61958,0.19598,,,0.23592,0,,0,0,1,1,1,0,1.0,21744.0
15.2,42,100,30,0.0,19.05,102.93,0.0010674,0,0.7,0,0.011068,13.262,0.00095685,58818,63367.0,6.4821,298.04,36.223,0.44874,0.0,,30,,0.62284,0.19592,,,0.23916,0,,0,0,1,1,1,0,1.0,21239.0
15.4,42,100,30,0.0,26.733,98.386,0.00010674,0,0.7,0,0.01065,13.264,0.00095625,58824,63380.0,6.4761,298.02,31.969,0.45479,0.0,,30,,0.61698,0.19599,,,0.24239,0,,0,0,1,1,1,0,1.0,22066.0
15.6,42,100,30,0.0,36.776,94.518,0.0001,0,0.7,0,0.010541,13.237,0.00095563,58832,63395.0,6.4847,298.01,28.432,0.46085,0.0,,30,,0.62034,0.19593,,,0.24562,0,,0,0,1,1,1,0,1.0,21061.0
15.8,42,100,30,0.0,43.376,90.942,0.0001,0,0.7,0,0.010326,13.239,0.00095499,58841,63411.0,6.5022,298.0,27.183,0.46689,0.0,,30,,0.61351,0.19601,,,0.24884,0,,0,0,1,1,1,0,1.0,20888.0
16.0,42,100,30,0.0,42.986,89.764,0.0001,0,0.7,0,0.0099612,13.238,0.00095435,58851,63428.0,6.5185,297.99,24.255,0.47289,0.0,,30,,0.60975,0.19605,,,0.25205,0,,0,0,1,1,1,0,1.0,20883.0
16.2,42,100,75,0.0,36.105,86.218,0.0001,0,0.7,0,0.032322,12.221,0.00095358,58867,63455.0,6.507,298.07,44.964,0.48019,0.0,,35,,0.88051,0.19235,,,0.25594,0,,0,0,1,1,1,0,1.0,21211.0
16.4,42,100,75,0.0,33.93,112.32,0.0001,0,0.7,0,0.031608,12.149,0.00095282,58884,63482.0,6.488,298.13,60.575,0.48895,0.0,,35,,0.97308,0.19107,,,0.26062,0,,0,0,1,1,1,0,1.0,21038.0
16.6,42,100,75,0.0,39.258,134.15,0.0001,0,0.7,0,0.028842,12.134,0.00095204,58901,63510.0,6.4785,298.15,67.134,0.49798,0.0,,35,,0.99052,0.19081,,,0.26543,0,,0,0,1,1,1,0,1.0,21699.0
16.8,42,100,75,0.0,48.333,146.78,0.0001,0,0.7,0,0.027508,12.074,0.00095123,58921,63540.0,6.479,298.16,69.649,0.50705,0.0,,35,,1.0091,0.19054,,,0.27028,0,,0,0,1,1,1,0,1.0,22360.0
17.0,42,100,75,0.0,57.203,155.44,0.0001,0,0.7,0,0.025651,12.057,0.00095039,58942,63571.0,6.4866,298.16,70.81,0.51615,0.0,,35,,1.0144,0.19045,,,0.27513,0,,0,0,1,1,1,0,1.0,22021.0
17.2,42,100,75,0.0,63.043,162.84,0.0001,0,0.7,0,0.0242,12.025,0.00094954,58964,63604.0,6.4974,298.15,65.783,0.52526,0.0,,35,,1.0178,0.19039,,,0.28,0,,0,0,1,1,1,0,1.0,21516.0
17.4,42,100,75,0.0,64.596,162.59,0.0001,0,0.7,0,0.022999,11.99,0.00094868,58986,63636.0,6.5072,298.13,60.996,0.53438,0.0,,35,,1.0263,0.19025,,,0.28487,0,,0,0,1,1,1,0,1.0,21010.0
17.6,42,100,75,0.0,62.245,162.13,0.0001,0,0.7,0,0.022262,11.932,0.00094784,59008,63669.0,6.5135,298.11,56.356,0.54352,0.0,,35,,1.0437,0.19,,,0.28975,0,,0,0,1,1,1,0,1.0,20671.0
17.8,42,100,75,0.0,57.377,161.2,0.0001,0,0.7,0,0.021035,11.901,0.000947,59029,63700.0,6.5164,298.1,52.336,0.55267,0.0,,35,,1.0561,0.18981,,,0.29463,0,,0,0,1,1,1,0,1.0,21998.0
18.0,42,100,75,0.0,51.333,160.4,0.0001,0,0.7,0,0.020201,11.87,0.0009462,59049,63731.0,6.5156,298.09,51.179,0.56179,0.0,,35,,1.0627,0.1897,,,0.2995,0,,0,0,1,1,1,0,1.0,21159.0
18.2,42,100,75,0.0,45.631,162.67,0.0001,0,0.7,0,0.019788,11.818,0.0009454,59068,63760.0,6.5092,298.08,48.49,0.57093,0.0,,35,,1.0725,0.18955,,,0.30438,0,,0,0,1,1,1,0,1.0,21654.0
18.4,42,100,75,0.0,42.505,162.75,0.0001,0,0.7,0,0.018783,11.795,0.00094462,59086,63788.0,6.4998,298.08,46.703,0.58008,0.0,,35,,1.0782,0.18945,,,0.30927,0,,0,0,1,1,1,0,1.0,21481.0
18.6,42,100,75,0.0,43.102,163.65,0.0001,0,0.7,0,0.018253,11.761,0.00094384,59104,63817.0,6.4919,298.07,46.18,0.58925,0.0,,35,,1.0791,0.18942,,,0.31416,0,,0,0,1,1,1,0,1.0,21142.0
18.8,42,100,75,0.0,46.877,165.88,0.0001,0,0.7,0,0.01689,11.773,0.00094305,59123,63846.0,6.4885,298.04,38.277,0.59838,0.0,,35,,1.0725,0.1895,,,0.31904,0,,0,0,1,1,1,0,1.0,21303.0
19.0,42,100,75,0.0,51.989,158.68,0.0001,0,0.7,0,0.016194,11.75,0.00094224,59143,63876.0,6.4897,298.02,30.316,0.60745,0.0,,35,,1.0751,0.18945,,,0.32388,0,,0,0,1,1,1,0,1.0,21297.0
19.2,42,100,75,0.0,56.609,150.54,0.0001,0,0.7,0,0.015549,11.704,0.00094142,59164,63907.0,6.4951,298.0,25.125,0.61652,0.0,,35,,1.086,0.18928,,,0.32872,0,,0,0,1,1,1,0,1.0,21291.0
19.4,42,100,75,0.0,59.09,144.8,0.0001,0,0.7,0,0.015077,11.689,0.00094059,59186,63939.0,6.5005,297.98,20.314,0.62561,0.0,,35,,1.0818,0.18932,,,0.33358,0,,0,0,1,1,1,0,1.0,21786.0
19.6,42,100,75,0.0,59.411,138.75,0.0001,0,0.7,0,0.014782,11.643,0.00093977,59207,63971.0,6.5067,297.97,18.721,0.63472,0.0,,35,,1.0886,0.18921,,,0.33844,0,,0,0,1,1,1,0,1.0,21613.0
19.8,42,100,75,0.0,57.243,136.09,0.0001,0,0.7,0,0.014799,11.569,0.00093895,59228,64002.0,6.5105,297.98,20.589,0.64391,0.0,,35,,1.106,0.18895,,,0.34335,0,,0,0,1,1,1,0,1.0,21107.0
20.0,42,100,75,0.0,53.583,137.49,0.0001,0,0.7,0,0.014009,11.561,0.00093814,59249,64033.0,6.512,297.99,22.669,0.65311,0.0,,35,,1.1091,0.18889,,,0.34827,0,,0,0,1,1,1,0,1.0,21435.0
20.2,55,100,150,0.0,49.305,139.32,0.0001,0,0.7,0,0.040175,10.832,0.00093711,59283,64082.0,6.4901,298.09,49.679,0.52435,0.0,,35,,1.3617,0.19009,,,0.36603,0,,0,0,1,1,1,0,1.0,20596.0
20.4,55,100,150,0.0,53.842,172.8,0.0001,0,0.7,0,0.03929,10.71,0.00093607,59318,64131.0,6.4707,298.15,66.979,0.52569,0.0,,35,,1.414,0.18954,,,0.36697,0,,0,0,1,1,1,0,1.0,21256.0
20.6,55,100,150,0.0,66.062,197.05,0.0001,0,0.7,0,0.035933,10.637,0.00093498,59356,64183.0,6.4605,298.19,78.984,0.53502,0.0,,35,,1.4435,0.18921,,,0.37348,0,,0,0,1,1,1,0,1.0,20584.0
20.8,55,100,150,0.0,82.37,217.27,0.0001,0,0.7,0,0.032406,10.598,0.00093384,59397,64239.0,6.4575,298.19,77.696,0.54488,0.0,,35,,1.4553,0.18907,,,0.38038,0,,0,0,1,1,1,0,1.0,20745.0
21.0,55,100,150,0.0,99.876,222.57,0.0001,0,0.7,0,0.032412,10.503,0.00093265,59442,64298.0,6.4567,298.18,74.755,0.55486,0.0,,35,,1.475,0.18884,,,0.38735,0,,0,0,1,1,1,0,1.0,22072.0
21.2,55,100,150,0.0,117.69,225.98,0.0001,0,0.7,0,0.031898,10.423,0.00093141,59490,64360.0,6.4566,298.18,75.444,0.56499,0.0,,35,,1.496,0.1886,,,0.39444,0,,0,0,1,1,1,0,1.0,22233.0
21.4,55,100,150,0.0,135.58,233.59,0.0001,0,0.7,0,0.029761,10.382,0.00093011,59541,64426.0,6.4573,298.15,67.723,0.57522,0.0,,35,,1.5124,0.18841,,,0.40159,0,,0,0,1,1,1,0,1.0,21393.0
21.6,55,100,150,0.0,153.19,230.66,0.0001,0,0.7,0,0.029329,10.308,0.00092876,59597,64496.0,6.4581,298.12,58.604,0.58552,0.0,,35,,1.5312,0.18819,,,0.40879,0,,0,0,1,1,1,0,1.0,21221.0
21.8,55,100,150,0.0,170.48,225.16,0.0001,0,0.7,0,0.02862,10.22,0.00092736,59655,64570.0,6.4584,298.11,55.803,0.59596,0.0,,35,,1.5577,0.18789,,,0.41609,0,,0,0,1,1,1,0,1.0,21548.0
22.0,55,100,150,0.0,187.64,226.38,0.0001,0,0.7,0,0.027699,10.158,0.00092591,59717,64647.0,6.4585,298.08,47.628,0.60654,0.0,,35,,1.5668,0.18778,,,0.42349,0,,0,0,1,1,1,0,1.0,22042.0
22.2,55,100,150,0.0,204.76,220.34,0.0001,0,0.7,0,0.026234,10.121,0.00092441,59783,64727.0,6.4587,298.05,38.995,0.61719,0.0,,35,,1.5773,0.18765,,,0.43094,0,,0,0,1,1,1,0,1.0,21869.0
22.4,55,100,150,0.0,221.81,212.77,0.0001,0,0.7,0,0.024026,10.143,0.00092287,59852,64811.0,6.46,298.03,33.563,0.62782,0.0,,35,,1.5656,0.18775,,,0.43838,0,,0,0,1,1,1,0,1.0,20697.0
22.6,55,100,150,0.0,225.0,208.05,0.0001,0,0.7,0,0.023738,10.058,0.00092132,59921,64895.0,6.4606,298.03,32.87,0.63848,0.0,,35,,1.5837,0.18754,,,0.44583,0,,0,0,1,1,1,0,1.0,21190.0
22.8,55,100,150,0.0,225.0,208.4,0.0001,0,0.7,0,0.022694,10.007,0.00091977,59991,64979.0,6.4609,298.04,35.816,0.64921,0.0,,35,,1.5963,0.18739,,,0.45334,0,,0,0,1,1,1,0,1.0,21518.0
23.0,55,100,150,0.0,225.0,213.06,0.0001,0,0.7,0,0.022348,9.9447,0.00091823,60060,65064.0,6.4609,298.05,39.692,0.66,0.0,,35,,1.6054,0.18727,,,0.46089,0,,0,0,1,1,1,0,1.0,21845.0
23.2,55,100,150,0.0,225.0,219.16,0.0001,0,0.7,0,0.021954,9.8749,0.00091668,60130,65149.0,6.4602,298.07,45.229,0.6709,0.0,,35,,1.6124,0.18717,,,0.46851,0,,0,0,1,1,1,0,1.0,21339.0
23.4,55,100,150,0.0,225.0,227.82,0.0001,0,0.7,0,0.02004,9.887,0.00091515,60199,65233.0,6.4609,298.07,46.332,0.68179,0.0,,35,,1.6118,0.18716,,,0.47613,0,,0,0,1,1,1,0,1.0,21833.0
23.6,55,100,150,0.0,225.0,231.68,0.0001,0,0.7,0,0.018598,9.889,0.00091362,60269,65317.0,6.4625,298.06,42.692,0.69259,0.0,,35,,1.6063,0.1872,,,0.48368,0,,0,0,1,1,1,0,1.0,21327.0
23.8,55,100,150,0.0,225.0,229.95,0.0001,0,0.7,0,0.01769,9.8526,0.00091209,60338,65401.0,6.4643,298.05,38.1,0.70333,0.0,,35,,1.6179,0.18706,,,0.4912,0,,0,0,1,1,1,0,1.0,21820.0
24.0,55,100,150,0.0,225.0,226.68,0.0001,0,0.7,0,0.017054,9.8146,0.00091056,60408,65486.0,6.4661,298.03,34.356,0.71406,0.0,1289.8,35,1800.7,1.6293,0.18692,0.00091668,8.5233,0.49871,0,21.978,0,0,1,1,1,0,1.0,20314.0
24.2,55,100,30,0.0,225.0,223.87,0.0001,0,0.7,0,0.0031571,12.451,0.015465,60453,65539.0,6.5061,297.78,1e-06,0.72098,0.0,,35,,0.82523,0.19529,,,0.50355,0,,0,0,1,1,1,0,1.0,22046.0
24.4,55,100,30,0.0,222.96,67.162,339.37,0,0.7,0,0.0031577,12.443,0.032763,60498,65592.0,6.5442,298.9,312.71,0.72538,0.0,,35,,0.72351,0.19633,,,0.50663,0,,0,0,1,1,1,0,1.0,20292.0
24.6,55,100,30,0.0,205.79,445.62,33.937,0,0.7,0,0.0031633,12.398,0.049979,60540,65641.0,6.5779,298.35,158.78,0.72963,0.0,,35,,0.72841,0.19627,,,0.5096,0,,0,0,1,1,1,0,1.0,21870.0
24.8,55,100,30,0.51743,102.9,281.61,3.3937,0,0.7,0,0.0031719,12.267,0.067269,60561,65671.0,6.6036,298.01,64.416,0.73387,0.0,,35,,0.76764,0.19585,,,0.51257,0,,0,0,1,1,1,0,1.0,22282.0
25.0,55,100,30,1.0356,51.448,182.83,0.33937,0,0.7,0,0.0031463,12.179,0.08488,60572,65690.0,6.6095,297.86,21.781,0.7381,0.0,,35,,0.80397,0.19547,,,0.51553,0,,0,0,1,1,1,0,1.0,21196.0
25.2,55,100,30,1.556,25.724,54.848,172.32,0,0.8,0,0.0031004,12.982,0.10275,60578,65703.0,6.5856,298.48,195.61,0.74232,0.0,,35,,0.81174,0.19538,,,0.51849,0,,0,0,1,1,1,0,1.0,22444.0
25.4,55,100,30,2.0793,12.862,264.23,17.232,0,0.8,0,0.0030286,12.963,0.12142,60581,65715.0,6.5439,298.26,133.33,0.74652,0.0,,35,,0.80575,0.19544,,,0.52142,0,,0,0,1,1,1,0,1.0,21529.0
25.6,55,100,30,0.0,0.0,201.07,1.7232,0,0.8,0,0.0030267,12.911,0.14038,60582,65723.0,6.491,298.09,85.839,0.75072,0.0,,35,,0.81502,0.19533,,,0.52436,0,,0,0,1,1,1,0,1.0,21449.0
25.8,55,100,30,0.0,4.1396,154.07,0.17232,0,0.8,0,0.0029292,12.931,0.16038,60583,65732.0,6.4502,297.99,57.453,0.75487,0.0,,35,,0.79985,0.19548,,,0.52727,0,,0,0,1,1,1,0,1.0,21708.0
26.0,55,100,30,0.0,24.529,123.79,0.017232,0,0.8,0,0.002941,12.912,0.18051,60588,65746.0,6.4389,297.94,43.141,0.75902,0.0,,35,,0.80387,0.19543,,,0.53017,0,,0,0,1,1,1,0,1.0,22134.0
26.2,55,100,30,0.0,49.411,37.137,126.56,0,0.8,0,0.0029548,12.926,0.20077,60599,65764.0,6.4564,298.43,181.47,0.76317,0.0,,35,,0.79236,0.19554,,,0.53308,0,,0,0,1,1,1,0,1.0,22561.0
26.4,55,100,30,0.0,67.284,204.9,12.656,0,0.8,0,0.0029163,12.927,0.22149,60613,65786.0,6.4862,298.3,144.79,0.76729,0.0,,35,,0.7945,0.19551,,,0.53596,0,,0,0,1,1,1,0,1.0,22489.0
26.6,55,100,30,0.0,73.288,172.27,1.2656,0,0.8,0,0.0029147,12.925,0.24241,60628,65809.0,6.5161,298.19,113.09,0.77139,0.0,,35,,0.78745,0.19558,,,0.53883,0,,0,0,1,1,1,0,1.0,22586.0
26.8,55,100,30,0.0,67.38,145.54,0.12656,0,0.8,0,0.0029121,12.893,0.26351,60641,65831.0,6.5404,298.11,90.841,0.77547,0.0,,35,,0.80059,0.19543,,,0.54168,0,,0,0,1,1,1,0,1.0,21683.0
27.0,55,100,30,0.0,51.757,126.05,0.012656,0,0.8,0,0.0028428,12.896,0.28543,60652,65850.0,6.5549,298.05,76.28,0.7795,0.0,,35,,0.78604,0.19557,,,0.54451,0,,0,0,1,1,1,0,1.0,22451.0
27.2,55,100,30,0.51926,25.878,112.77,0.0012656,0,0.8,0,0.0028138,12.87,0.30762,60658,65863.0,6.5397,298.02,67.223,0.78349,0.0,,35,,0.77833,0.19565,,,0.5473,0,,0,0,1,1,1,0,1.0,22554.0
27.4,55,100,30,0.0,10.631,104.1,0.00012656,0,0.8,0,0.0028371,12.802,0.3298,60661,65874.0,6.5036,298.01,63.696,0.78752,0.0,,35,,0.79209,0.1955,,,0.55012,0,,0,0,1,1,1,0,1.0,22323.0
27.6,55,100,30,0.0,9.7937,100.85,0.0001,0,0.8,0,0.0028394,12.773,0.35212,60663,65884.0,6.4696,298.0,62.202,0.79157,0.0,,35,,0.79781,0.19543,,,0.55296,0,,0,0,1,1,1,0,1.0,23093.0
27.8,55,100,30,0.0,22.477,99.477,0.0001,0,0.8,0,0.0028228,12.771,0.37468,60668,65897.0,6.4559,298.0,60.854,0.79565,0.0,,35,,0.78485,0.19555,,,0.55581,0,,0,0,1,1,1,0,1.0,23031.0
28.0,55,100,30,0.0,40.582,98.028,0.0001,0,0.8,0,0.0028139,12.778,0.39754,60677,65914.0,6.4651,297.99,59.535,0.79972,0.0,,35,,0.7771,0.19563,,,0.55866,0,,0,0,1,1,1,0,1.0,22137.0
28.2,55,100,37,0.0,54.972,96.435,0.0001,0,0.8,0,0.0033614,12.576,0.41529,60690,65935.0,6.485,298.01,62.678,0.80412,0.0,,35,,0.82459,0.19513,,,0.56175,0,,0,0,1,1,1,0,1.0,23051.0
28.4,55,100,37,0.0,61.453,100.13,0.0001,0,0.8,0,0.0034163,12.541,0.43233,60704,65958.0,6.5076,298.02,66.057,0.80874,0.0,,35,,0.83956,0.19497,,,0.56498,0,,0,0,1,1,1,0,1.0,24129.0
28.6,55,100,37,0.0,58.922,104.41,0.0001,0,0.8,0,0.0034402,12.508,0.44924,60717,65980.0,6.5267,298.03,69.531,0.81341,0.0,,35,,0.8436,0.19491,,,0.56825,0,,0,0,1,1,1,0,1.0,23539.0
28.8,55,100,37,0.0,48.79,109.25,0.0001,0,0.8,0,0.0033848,12.493,0.46686,60729,66000.0,6.5376,298.03,70.512,0.81806,0.0,,35,,0.84073,0.19493,,,0.57151,0,,0,0,1,1,1,0,1.0,23619.0
29.0,55,100,37,0.0,34.278,111.5,0.0001,0,0.8,0,0.0033433,12.463,0.48508,60738,66017.0,6.5334,298.03,70.181,0.82268,0.0,,35,,0.84503,0.19488,,,0.57474,0,,0,0,1,1,1,0,1.0,22703.0
29.2,55,100,37,0.0,21.475,112.34,0.0001,0,0.8,0,0.0032459,12.448,0.50446,60744,66032.0,6.5124,298.03,68.477,0.82724,0.0,,35,,0.84611,0.19486,,,0.57793,0,,0,0,1,1,1,0,1.0,23791.0
29.4,55,100,37,0.0,17.098,111.49,0.0001,0,0.8,0,0.0031725,12.406,0.52479,60749,66046.0,6.4872,298.03,68.045,0.83174,0.0,,35,,0.86957,0.19461,,,0.58109,0,,0,0,1,1,1,0,1.0,24218.0
29.6,55,100,37,0.0,22.769,112.0,0.0001,0,0.8,0,0.0031034,12.41,0.54615,60756,66060.0,6.47,298.01,64.834,0.83619,0.0,,35,,0.86707,0.19463,,,0.5842,0,,0,0,1,1,1,0,1.0,24650.0
29.8,55,100,37,0.0,35.278,109.03,0.0001,0,0.8,0,0.0030989,12.39,0.5677,60764,66078.0,6.4706,298.02,65.652,0.84062,0.0,,35,,0.87555,0.19453,,,0.5873,0,,0,0,1,1,1,0,1.0,23416.0
30.0,55,100,37,0.0,47.493,110.63,0.0001,0,0.8,0,0.0030736,12.383,0.58969,60776,66098.0,6.4834,298.02,65.194,0.84503,0.0,,35,,0.88243,0.19445,,,0.59039,0,,0,0,1,1,1,0,1.0,23185.0
30.2,55,100,37,0.0,54.61,110.67,0.0001,0,0.9,0,0.0030133,13.224,0.61246,60789,66119.0,6.5019,298.02,67.564,0.84937,0.0,,35,,0.89123,0.19435,,,0.59343,0,,0,0,1,1,1,0,1.0,23457.0
30.4,55,100,37,0.0,54.366,114.14,0.0001,0,0.9,0,0.0029768,13.207,0.63558,60801,66140.0,6.5195,298.03,68.997,0.85368,0.0,,35,,0.8897,0.19436,,,0.59645,0,,0,0,1,1,1,0,1.0,24398.0
30.6,55,100,37,0.0,47.07,116.71,0.0001,0,0.9,0,0.0030001,13.162,0.65872,60813,66159.0,6.529,298.02,67.856,0.858,0.0,,35,,0.89781,0.19427,,,0.59947,0,,0,0,1,1,1,0,1.0,23505.0
30.8,55,100,37,0.0,36.029,116.35,0.0001,0,0.9,0,0.0030202,13.116,0.68167,60822,66177.0,6.5256,298.02,65.525,0.86234,0.0,,35,,0.90818,0.19415,,,0.60251,0,,0,0,1,1,1,0,1.0,23778.0
31.0,55,100,37,0.0,26.347,114.45,0.0001,0,0.9,0,0.0030642,13.045,0.70427,60829,66192.0,6.509,298.02,67.449,0.86673,0.0,,35,,0.92839,0.19393,,,0.60558,0,,0,0,1,1,1,0,1.0,24883.0
31.2,55,100,37,0.0,23.312,117.47,0.0001,0,0.9,0,0.0030622,13.008,0.72684,60835,66207.0,6.4901,298.03,68.261,0.87116,0.0,,35,,0.93402,0.19387,,,0.60869,0,,0,0,1,1,1,0,1.0,24820.0
31.4,55,100,37,0.0,27.785,119.27,0.0001,0,0.9,0,0.0030677,12.972,0.74975,60843,66223.0,6.48,298.03,68.936,0.87561,0.0,,35,,0.94426,0.19375,,,0.61181,0,,0,0,1,1,1,0,1.0,24593.0
31.6,55,100,37,0.0,36.295,121.04,0.0001,0,0.9,0,0.0029728,12.98,0.77397,60852,66241.0,6.4817,298.02,66.808,0.88002,0.0,,35,,0.94633,0.19372,,,0.6149,0,,0,0,1,1,1,0,1.0,24706.0
31.8,55,100,37,0.0,44.114,119.49,0.0001,0,0.9,0,0.0029235,12.99,0.79883,60863,66260.0,6.4932,298.02,65.22,0.88436,0.0,,35,,0.94153,0.19376,,,0.61794,0,,0,0,1,1,1,0,1.0,25822.0
32.0,55,100,37,0.0,47.313,118.39,0.0001,0,0.9,0,0.0029235,12.968,0.82367,60874,66280.0,6.5059,298.01,63.588,0.88868,0.0,,35,,0.94461,0.19372,,,0.62096,0,,0,0,1,1,1,0,1.0,24937.0
32.2,55,100,43,0.0,45.487,117.01,0.0001,0,0.9,0,0.0033777,12.755,0.84346,60886,66301.0,6.5146,298.03,68.663,0.89331,0.0,,35,,0.99862,0.19316,,,0.6242,0,,0,0,1,1,1,0,1.0,25862.0
32.4,55,100,43,0.0,40.182,123.59,0.0001,0,0.9,0,0.0034045,12.7,0.86269,60897,66321.0,6.5151,298.05,73.706,0.89813,0.0,,35,,1.021,0.19292,,,0.62758,0,,0,0,1,1,1,0,1.0,24783.0
32.6,55,100,43,0.0,34.7,130.62,0.0001,0,0.9,0,0.0033681,12.666,0.88244,60907,66340.0,6.5085,298.06,77.308,0.90295,0.0,,35,,1.0339,0.19277,,,0.63096,0,,0,0,1,1,1,0,1.0,24874.0
32.8,55,100,43,0.0,31.842,136.57,0.0001,0,0.9,0,0.0033006,12.659,0.90323,60917,66358.0,6.4977,298.07,81.12,0.90773,0.0,,35,,1.0346,0.19276,,,0.63431,0,,0,0,1,1,1,0,1.0,25469.0
33.0,55,100,43,0.0,33.299,143.28,0.0001,0,0.9,0,0.0032288,12.667,0.92505,60926,66376.0,6.4903,298.07,79.885,0.91245,0.0,,35,,1.024,0.19286,,,0.63761,0,,0,0,1,1,1,0,1.0,25904.0
33.2,55,100,43,0.0,37.682,144.35,0.0001,0,0.9,0,0.0031096,12.684,0.94832,60937,66396.0,6.4867,298.06,77.948,0.91708,0.0,,35,,1.0184,0.19291,,,0.64086,0,,0,0,1,1,1,0,1.0,26012.0
33.4,55,100,43,0.0,43.501,144.54,0.0001,0,0.9,0,0.0030686,12.67,0.97227,60949,66416.0,6.4892,298.05,74.54,0.92166,0.0,,35,,1.0205,0.19287,,,0.64406,0,,0,0,1,1,1,0,1.0,24623.0
33.6,55,100,43,0.0,48.315,142.69,0.0001,0,0.9,0,0.003013,12.679,0.99712,60961,66438.0,6.4973,298.04,72.501,0.92619,0.0,,35,,1.0102,0.19297,,,0.64724,0,,0,0,1,1,1,0,1.0,25405.0
33.8,55,100,43,0.0,49.909,142.11,0.0001,0,0.9,0,0.0028992,12.703,1.0234,60974,66459.0,6.5073,298.03,68.396,0.93065,0.0,,35,,0.99747,0.1931,,,0.65036,0,,0,0,1,1,1,0,1.0,25528.0
34.0,55,100,43,0.0,47.486,138.7,0.0001,0,0.9,0,0.0028986,12.686,1.0498,60987,66480.0,6.5142,298.02,66.784,0.93506,0.0,,35,,0.99217,0.19314,,,0.65345,0,,0,0,1,1,1,0,1.0,25318.0
34.2,55,100,43,0.0,42.338,137.84,0.0001,0,0.9,0,0.0028938,12.657,1.0764,60998,66501.0,6.5153,298.02,66.679,0.93946,0.0,,35,,0.99606,0.19309,,,0.65654,0,,0,0,1,1,1,0,1.0,26109.0
34.4,55,100,43,0.0,36.768,138.53,0.0001,0,0.9,0,0.0029079,12.622,1.103,61009,66520.0,6.5095,298.03,68.864,0.94387,0.0,,35,,0.99871,0.19306,,,0.65963,0,,0,0,1,1,1,0,1.0,27233.0
34.6,55,100,43,0.0,33.501,141.95,0.0001,0,0.9,0,0.0029106,12.589,1.1296,61018,66538.0,6.5021,298.04,71.466,0.9483,0.0,,35,,1.0042,0.19299,,,0.66273,0,,0,0,1,1,1,0,1.0,25857.0
34.8,55,100,43,0.0,33.177,146.11,0.0001,0,0.9,0,0.0029069,12.563,1.1566,61028,66557.0,6.495,298.04,72.258,0.95272,0.0,,35,,1.0075,0.19295,,,0.66583,0,,0,0,1,1,1,0,1.0,26650.0
35.0,55,100,43,0.0,35.696,148.4,0.0001,0,0.9,0,0.0028304,12.584,1.1845,61038,66575.0,6.4909,298.03,69.999,0.95712,0.0,,35,,0.9883,0.19314,,,0.66891,0,,0,0,1,1,1,0,1.0,26614.0
35.2,55,100,43,0.0,39.858,147.13,0.0001,0,0.9,0,0.0027703,12.599,1.2134,61049,66595.0,6.4918,298.04,72.242,0.96146,0.0,,35,,0.97004,0.19332,,,0.67195,0,,0,0,1,1,1,0,1.0,26583.0
35.4,55,100,43,0.0,43.654,151.12,0.0001,0,0.9,0,0.002768,12.59,1.2425,61061,66616.0,6.4961,298.03,70.032,0.96577,0.0,,35,,0.96692,0.19334,,,0.67497,0,,0,0,1,1,1,0,1.0,27386.0
35.6,55,100,43,0.0,45.716,149.87,0.0001,0,0.9,0,0.0027561,12.564,1.2717,61073,66637.0,6.5045,298.03,70.291,0.97007,0.0,,35,,0.97568,0.19324,,,0.67799,0,,0,0,1,1,1,0,1.0,26856.0
35.8,55,100,43,0.0,44.435,151.45,0.0001,0,0.9,0,0.0027589,12.533,1.3012,61085,66657.0,6.5108,298.02,65.723,0.97437,0.0,,35,,0.98141,0.19318,,,0.681,0,,0,0,1,1,1,0,1.0,27661.0
36.0,55,100,43,0.0,40.635,147.14,0.0001,0,0.9,0,0.002671,12.538,1.3316,61096,66677.0,6.5124,298.0,62.302,0.97862,0.0,874.46,35,1761.6,0.98151,0.19317,1.2134,12.164,0.68398,0,35.283,0,0,1,1,1,0,1.0,26638.0
36.2,55,100,47,0.0,36.228,143.75,0.0001,0,0.9,0,0.0029207,12.376,1.3596,61107,66697.0,6.5081,298.0,61.042,0.98302,0.0,,35,,1.0212,0.19275,,,0.68706,0,,0,0,1,1,1,0,1.0,26935.0
36.4,55,100,47,0.0,33.526,142.5,0.0001,0,0.9,0,0.0028507,12.384,1.3884,61118,66716.0,6.5004,298.01,64.143,0.98749,0.0,,35,,1.0119,0.19284,,,0.6902,0,,0,0,1,1,1,0,1.0,27570.0
36.6,55,100,47,0.0,33.909,146.31,0.0001,0,0.9,0,0.0028698,12.347,1.4172,61129,66736.0,6.4952,298.03,68.634,0.99197,0.0,,35,,1.0167,0.19278,,,0.69333,0,,0,0,1,1,1,0,1.0,28039.0
36.8,55,100,47,0.0,36.345,152.1,0.0001,0,0.9,0,0.0028259,12.338,1.4467,61140,66756.0,6.4941,298.03,70.17,0.99644,0.0,,35,,1.0161,0.19278,,,0.69646,0,,0,0,1,1,1,0,1.0,28177.0
37.0,55,100,47,0.0,39.225,154.87,0.0001,0,0.9,0,0.0027716,12.342,1.4771,61151,66776.0,6.4944,298.02,67.74,1.0009,0.0,,35,,1.0129,0.1928,,,0.69956,0,,0,0,1,1,1,0,1.0,27487.0
37.2,55,100,47,0.0,41.991,153.11,0.0001,0,0.9,0,0.0027351,12.341,1.5078,61164,66797.0,6.4986,298.02,67.139,1.0052,0.0,,35,,1.011,0.19281,,,0.70262,0,,0,0,1,1,1,0,1.0,28464.0
37.4,55,100,47,0.0,43.055,153.35,0.0001,0,0.9,0,0.0026707,12.337,1.5395,61176,66819.0,6.503,298.02,67.014,1.0095,0.0,,35,,1.0144,0.19277,,,0.70564,0,,0,0,1,1,1,0,1.0,27614.0
37.6,55,100,47,0.0,42.358,154.03,0.0001,0,0.9,0,0.0026251,12.33,1.5719,61188,66840.0,6.5085,298.01,64.724,1.0138,0.0,,35,,1.0114,0.19279,,,0.70863,0,,0,0,1,1,1,0,1.0,28766.0
37.8,55,100,47,0.0,39.48,152.07,0.0001,0,0.9,0,0.0026548,12.27,1.6041,61200,66860.0,6.5085,298.0,61.4,1.0181,0.0,,35,,1.0247,0.19264,,,0.71163,0,,0,0,1,1,1,0,1.0,27918.0
38.0,55,100,47,0.0,36.627,148.62,0.0001,0,0.9,0,0.002637,12.252,1.6367,61211,66880.0,6.505,297.99,57.659,1.0224,0.0,,35,,1.0233,0.19265,,,0.71464,0,,0,0,1,1,1,0,1.0,28571.0
38.2,55,100,47,0.0,35.141,144.25,0.0001,0,0.9,0,0.002633,12.226,1.6694,61222,66900.0,6.4998,297.99,58.834,1.0267,0.0,,35,,1.0206,0.19267,,,0.71766,0,,0,0,1,1,1,0,1.0,28892.0
38.4,55,100,47,0.0,35.76,145.34,0.0001,0,0.9,0,0.00261,12.212,1.7024,61233,66920.0,6.4962,298.0,61.534,1.031,0.0,,35,,1.018,0.19269,,,0.72067,0,,0,0,1,1,1,0,1.0,28881.0
38.6,55,100,47,0.0,37.812,148.31,0.0001,0,0.9,0,0.0025102,12.236,1.7364,61244,66940.0,6.4973,298.0,61.605,1.0352,0.0,,35,,1.0109,0.19275,,,0.72364,0,,0,0,1,1,1,0,1.0,28542.0
38.8,55,100,47,0.0,39.413,148.41,0.0001,0,0.9,0,0.0025018,12.211,1.7704,61256,66961.0,6.4999,298.0,61.495,1.0394,0.0,,35,,1.013,0.19272,,,0.72658,0,,0,0,1,1,1,0,1.0,29369.0
39.0,55,100,47,0.0,39.981,148.37,0.0001,0,0.9,0,0.0025288,12.158,1.8042,61268,66982.0,6.5018,298.01,63.561,1.0436,0.0,,35,,1.0252,0.19259,,,0.72956,0,,0,0,1,1,1,0,1.0,28862.0
39.2,55,100,47,0.0,39.777,150.95,0.0001,0,0.9,0,0.0024867,12.168,1.8383,61280,67002.0,6.504,298.01,62.383,1.0479,0.0,,35,,1.0196,0.19264,,,0.73252,0,,0,0,1,1,1,0,1.0,30189.0
39.4,55,100,47,0.0,38.698,149.83,0.0001,0,0.9,0,0.0024247,12.165,1.8732,61291,67023.0,6.5046,298.0,61.629,1.052,0.0,,35,,1.014,0.19269,,,0.73544,0,,0,0,1,1,1,0,1.0,29188.0
39.6,55,100,47,0.0,37.381,149.15,0.0001,0,0.9,0,0.0024509,12.126,1.9078,61303,67043.0,6.504,298.01,63.176,1.0562,0.0,,35,,1.0192,0.19263,,,0.73837,0,,0,0,1,1,1,0,1.0,30518.0
39.8,55,100,47,0.0,36.286,151.14,0.0001,0,0.9,0,0.0023971,12.135,1.9427,61314,67063.0,6.5031,298.01,62.631,1.0604,0.0,,35,,1.0131,0.19268,,,0.74127,0,,0,0,1,1,1,0,1.0,29683.0
40.0,55,100,47,0.0,35.571,150.74,0.0001,0,0.9,0,0.0024094,12.101,1.9777,61325,67083.0,6.5004,298.0,59.873,1.0645,0.0,,35,,1.0141,0.19266,,,0.74418,0,,0,0,1,1,1,0,1.0,30015.0
40.2,60,100,51,0.0,35.939,147.66,0.0001,0,1.1,0,0.0025648,13.83,2.0113,61338,67105.0,6.5,297.98,56.205,0.98689,10.0,,35,,1.0087,0.19374,,,0.75248,0,,0,0,1,1,1,0,1.0,30673.0
40.4,60,100,51,0.0,36.439,143.17,0.0001,0,1.1,0,0.0025972,13.778,2.0445,61352,67129.0,6.4988,297.98,54.899,0.98689,10.0,,35,,1.0089,0.19374,,,0.75248,0,,0,0,1,1,1,0,1.0,30663.0
40.6,60,100,51,0.0,37.436,141.08,0.0001,0,1.1,0,0.0025306,13.778,2.0785,61366,67152.0,6.4979,297.97,53.297,0.99066,10.0,,35,,1.0086,0.19373,,,0.75536,0,,0,0,1,1,1,0,1.0,29823.0
40.8,60,100,51,0.0,38.802,138.4,0.0001,0,1.1,0,0.0025176,13.752,2.1127,61381,67175.0,6.4992,297.96,49.317,0.99464,10.0,,35,,1.0125,0.19369,,,0.75841,0,,0,0,1,1,1,0,1.0,31652.0
41.0,60,100,51,0.0,39.648,132.65,0.0001,0,1.1,0,0.0025306,13.715,2.1468,61395,67199.0,6.5008,297.95,47.106,0.99865,10.0,,35,,1.0244,0.19357,,,0.76147,0,,0,0,1,1,1,0,1.0,30479.0
41.2,60,100,51,0.0,39.831,128.58,0.0001,0,1.1,0,0.0025273,13.686,2.1814,61410,67223.0,6.503,297.94,44.13,1.0027,10.0,,35,,1.0361,0.19345,,,0.76454,0,,0,0,1,1,1,0,1.0,30309.0
41.4,60,100,51,0.0,39.169,38.574,141.47,0,1.1,0,0.0025225,13.646,2.216,61424,67246.0,6.5039,298.5,202.78,1.0067,10.0,,35,,1.052,0.19329,,,0.7676,0,,0,0,1,1,1,0,1.0,31806.0
41.6,60,100,51,0.0,38.15,227.5,14.147,0,1.1,0,0.0024433,13.654,2.2515,61438,67269.0,6.5048,298.41,177.84,1.0106,10.0,,35,,1.0526,0.19328,,,0.77062,0,,0,0,1,1,1,0,1.0,31307.0
41.8,60,100,51,0.0,36.761,211.89,1.4147,0,1.1,0,0.0023941,13.652,2.2874,61452,67292.0,6.5025,298.3,145.6,1.0145,10.0,,35,,1.0533,0.19326,,,0.7736,0,,0,0,1,1,1,0,1.0,32477.0
42.0,60,100,51,0.0,36.298,189.05,0.14147,0,1.1,0,0.0023913,13.626,2.3235,61466,67315.0,6.4994,298.21,121.54,1.0184,10.0,,35,,1.0596,0.1932,,,0.77655,0,,0,0,1,1,1,0,1.0,31981.0
42.2,60,100,51,0.0,37.059,172.05,0.014147,0,1.1,0,0.0023977,13.633,2.3599,61480,67338.0,6.4974,298.17,108.51,1.0222,10.0,,35,,1.0415,0.19336,,,0.77951,0,,0,0,1,1,1,0,1.0,31820.0
42.4,60,100,51,0.0,38.606,164.95,0.0014147,0,1.1,0,0.002378,13.642,2.3967,61494,67362.0,6.499,298.13,98.137,1.0261,10.0,,35,,1.0239,0.19352,,,0.78244,0,,0,0,1,1,1,0,1.0,31994.0
42.6,60,100,51,0.0,39.502,159.06,0.00014147,0,1.1,0,0.0023363,13.637,2.4336,61509,67385.0,6.4989,298.11,93.256,1.0299,10.0,,35,,1.0222,0.19353,,,0.78536,0,,0,0,1,1,1,0,1.0,32502.0
42.8,60,100,51,0.0,40.45,158.35,0.0001,0,1.1,0,0.0023001,13.647,2.471,61523,67409.0,6.5013,298.1,89.42,1.0337,10.0,,35,,1.0068,0.19366,,,0.78825,0,,0,0,1,1,1,0,1.0,33012.0
43.0,60,100,51,0.0,40.446,158.12,0.0001,0,1.1,0,0.0022839,13.634,2.5083,61538,67433.0,6.5059,298.07,80.81,1.0374,10.0,,35,,1.0096,0.19363,,,0.79113,0,,0,0,1,1,1,0,1.0,32189.0
43.2,60,100,51,0.0,38.611,151.62,0.0001,0,1.1,0,0.0022522,13.627,2.5457,61552,67456.0,6.5078,298.04,71.845,1.0412,10.0,,35,,1.0085,0.19363,,,0.79398,0,,0,0,1,1,1,0,1.0,32033.0
43.4,60,100,51,0.0,36.035,143.7,0.0001,0,1.1,0,0.0022924,13.565,2.5829,61566,67479.0,6.5051,298.03,69.267,1.0449,10.0,,35,,1.0214,0.1935,,,0.79686,0,,0,0,1,1,1,0,1.0,33209.0
43.6,60,100,51,0.0,34.541,142.3,0.0001,0,1.1,0,0.0022373,13.57,2.6205,61580,67501.0,6.5,298.02,66.811,1.0487,10.0,,35,,1.0171,0.19354,,,0.79972,0,,0,0,1,1,1,0,1.0,33054.0
43.8,60,100,51,0.0,35.053,140.53,0.0001,0,1.1,0,0.0022217,13.57,2.6583,61593,67524.0,6.495,298.01,63.664,1.0524,10.0,,35,,1.0088,0.19361,,,0.80256,0,,0,0,1,1,1,0,1.0,32900.0
44.0,60,100,51,0.0,37.556,137.62,0.0001,0,1.1,0,0.0022282,13.53,2.6962,61607,67547.0,6.4927,298.0,60.933,1.0561,10.0,,35,,1.0224,0.19347,,,0.80541,0,,0,0,1,1,1,0,1.0,34079.0
44.2,60,100,57,0.0,41.001,134.81,0.0001,0,1.1,0,0.0024383,13.377,2.7327,61623,67573.0,6.4915,298.02,65.665,1.06,10.0,,35,,1.053,0.19318,,,0.8084,0,,0,0,1,1,1,0,1.0,33585.0
44.4,60,100,57,0.0,44.921,140.58,0.0001,0,1.1,0,0.002402,13.389,2.7694,61640,67599.0,6.4941,298.04,71.726,1.064,10.0,,35,,1.0425,0.19327,,,0.81145,0,,0,0,1,1,1,0,1.0,33592.0
44.6,60,100,57,0.0,47.797,148.37,0.0001,0,1.1,0,0.002422,13.363,2.8059,61658,67625.0,6.4979,298.06,76.701,1.068,10.0,,35,,1.0446,0.19324,,,0.8145,0,,0,0,1,1,1,0,1.0,34098.0
44.8,60,100,57,0.0,49.171,155.61,0.0001,0,1.1,0,0.0024112,13.341,2.8426,61675,67652.0,6.505,298.07,79.895,1.072,10.0,,35,,1.0534,0.19315,,,0.81756,0,,0,0,1,1,1,0,1.0,34272.0
45.0,60,100,57,0.0,47.664,161.39,0.0001,0,1.1,0,0.0024229,13.309,2.8793,61692,67679.0,6.5101,298.06,78.665,1.076,10.0,,35,,1.0599,0.19308,,,0.82062,0,,0,0,1,1,1,0,1.0,34779.0
45.2,60,100,57,0.0,44.136,162.33,0.0001,0,1.1,0,0.0024449,13.263,2.9161,61709,67705.0,6.5104,298.05,74.188,1.08,10.0,,35,,1.072,0.19296,,,0.82368,0,,0,0,1,1,1,0,1.0,35453.0
45.4,60,100,57,0.0,40.503,159.35,0.0001,0,1.1,0,0.0023352,13.309,2.9538,61725,67730.0,6.5081,298.03,69.932,1.0839,10.0,,35,,1.0588,0.19308,,,0.82669,0,,0,0,1,1,1,0,1.0,34632.0
45.6,60,100,57,0.0,37.797,156.13,0.0001,0,1.1,0,0.0022982,13.301,2.9917,61740,67755.0,6.502,298.0,60.898,1.0878,10.0,,35,,1.052,0.19313,,,0.82965,0,,0,0,1,1,1,0,1.0,35978.0
45.8,60,100,57,0.0,37.538,146.64,0.0001,0,1.1,0,0.0022602,13.297,3.0301,61756,67779.0,6.4942,297.98,53.802,1.0916,10.0,,35,,1.0515,0.19313,,,0.83258,0,,0,0,1,1,1,0,1.0,35160.0
46.0,60,100,57,0.0,40.366,138.42,0.0001,0,1.1,0,0.0023025,13.227,3.0683,61771,67804.0,6.4892,297.96,48.514,1.0955,10.0,,35,,1.0728,0.19292,,,0.83553,0,,0,0,1,1,1,0,1.0,35507.0
46.2,60,100,57,0.0,45.202,131.39,0.0001,0,1.1,0,0.0023141,13.21,3.1064,61788,67831.0,6.4896,297.95,45.742,1.0994,10.0,,35,,1.0769,0.19287,,,0.83851,0,,0,0,1,1,1,0,1.0,36521.0
46.4,60,100,57,0.0,49.869,39.417,140.04,0,1.1,0,0.0023283,13.208,3.1443,61806,67858.0,6.4928,298.49,201.01,1.1033,10.0,,35,,1.0678,0.19295,,,0.84149,0,,0,0,1,1,1,0,1.0,35701.0
46.6,60,100,57,0.0,53.244,223.0,14.004,0,1.1,0,0.0023173,13.173,3.1825,61824,67885.0,6.4978,298.41,180.42,1.1072,10.0,,35,,1.0858,0.19277,,,0.84447,0,,0,0,1,1,1,0,1.0,35215.0
46.8,60,100,57,0.0,54.649,212.61,1.4004,0,1.1,0,0.0023119,13.143,3.2209,61843,67913.0,6.5027,298.31,151.44,1.1111,10.0,,35,,1.0941,0.19269,,,0.84745,0,,0,0,1,1,1,0,1.0,36897.0
47.0,60,100,57,0.0,54.104,194.1,0.14004,0,1.1,0,0.0022535,13.156,3.26,61861,67941.0,6.508,298.22,122.88,1.1149,10.0,,35,,1.0856,0.19276,,,0.85041,0,,0,0,1,1,1,0,1.0,36082.0
47.2,60,100,57,0.0,51.426,172.56,0.014004,0,1.1,0,0.0022682,13.118,3.299,61879,67968.0,6.5123,298.14,102.01,1.1188,10.0,,35,,1.0877,0.19273,,,0.85336,0,,0,0,1,1,1,0,1.0,36934.0
47.4,60,100,57,0.0,47.014,156.49,0.0014004,0,1.1,0,0.0022624,13.047,3.3383,61896,67995.0,6.5128,298.1,89.932,1.1227,10.0,,35,,1.117,0.19245,,,0.85634,0,,0,0,1,1,1,0,1.0,36954.0
47.6,60,100,57,0.0,42.445,148.01,0.00014004,0,1.1,0,0.0022663,13.008,3.3777,61913,68020.0,6.5087,298.08,82.449,1.1266,10.0,,35,,1.125,0.19237,,,0.85932,0,,0,0,1,1,1,0,1.0,36807.0
47.8,60,100,57,0.0,39.516,143.22,0.0001,0,1.1,0,0.0022336,12.981,3.4176,61928,68045.0,6.5007,298.06,76.525,1.1304,10.0,,35,,1.1383,0.19223,,,0.86229,0,,0,0,1,1,1,0,1.0,36997.0
48.0,60,100,57,0.0,39.766,139.2,0.0001,0,1.1,0,0.0022198,12.947,3.4578,61944,68070.0,6.4924,298.04,71.878,1.1343,10.0,869.8,35,1835.4,1.1516,0.1921,3.299,15.306,0.86525,0,49.221,0,0,1,1,1,0,1.0,37521.0
48.2,60,100,61,0.0,43.348,135.9,0.0001,0,1.1,0,0.0023728,12.821,3.4969,61961,68097.0,6.4877,298.03,68.907,1.1383,10.0,,35,,1.1754,0.19186,,,0.86832,0,,0,0,1,1,1,0,1.0,37540.0
48.4,60,100,61,0.0,48.794,133.95,0.0001,0,1.1,0,0.0024203,12.765,3.5358,61980,68125.0,6.4875,298.02,65.229,1.1425,10.0,,35,,1.1974,0.19165,,,0.87148,0,,0,0,1,1,1,0,1.0,38057.0
48.6,60,100,61,0.0,54.29,130.74,0.0001,0,1.1,0,0.0023584,12.785,3.5755,61999,68154.0,6.4919,298.0,60.577,1.1466,10.0,,35,,1.1952,0.19166,,,0.87461,0,,0,0,1,1,1,0,1.0,38079.0
48.8,60,100,61,0.0,58.039,125.92,0.0001,0,1.1,0,0.0023536,12.766,3.6156,62019,68184.0,6.4983,298.0,59.299,1.1506,10.0,,35,,1.2018,0.19159,,,0.87773,0,,0,0,1,1,1,0,1.0,37769.0
49.0,60,100,61,0.0,59.234,124.53,0.0001,0,1.1,0,0.0023653,12.758,3.6558,62040,68214.0,6.5048,297.98,55.851,1.1547,10.0,,35,,1.1903,0.19169,,,0.88084,0,,0,0,1,1,1,0,1.0,38460.0
49.2,60,100,61,0.0,57.842,120.31,0.0001,0,1.1,0,0.0023181,12.764,3.6963,62060,68244.0,6.5101,297.98,54.12,1.1587,10.0,,35,,1.1814,0.19177,,,0.88394,0,,0,0,1,1,1,0,1.0,38819.0
49.4,60,100,61,0.0,54.32,117.74,0.0001,0,1.1,0,0.0022457,12.767,3.7379,62079,68273.0,6.5131,297.98,55.658,1.1627,10.0,,35,,1.1811,0.19176,,,0.88698,0,,0,0,1,1,1,0,1.0,39183.0
49.6,60,100,61,0.0,49.59,118.8,0.0001,0,1.1,0,0.0021944,12.768,3.7801,62098,68301.0,6.5125,297.99,58.576,1.1666,10.0,,35,,1.1736,0.19183,,,0.88997,0,,0,0,1,1,1,0,1.0,38551.0
49.8,60,100,61,0.0,45.107,121.6,0.0001,0,1.1,0,0.0021703,12.744,3.8224,62115,68328.0,6.5072,298.0,61.813,1.1705,10.0,,35,,1.1775,0.19178,,,0.89295,0,,0,0,1,1,1,0,1.0,39085.0
50.0,60,100,61,0.0,42.775,125.12,0.0001,0,1.1,0,0.0021815,12.693,3.8647,62132,68355.0,6.5,298.01,63.629,1.1744,10.0,,35,,1.1891,0.19167,,,0.89593,0,,0,0,1,1,1,0,1.0,40120.0
50.2,60,100,61,0.0,43.281,127.36,0.0001,500,1.1,0,0.0021408,13.977,3.9012,62249,68481.0,6.4923,297.9,31.644,1.1783,10.0,,35,,0.8933,0.19445,,,0.89889,0,,0,0,1,1,1,0,1.0,40132.0
50.4,60,100,61,0.0,46.901,38.207,181.69,500,1.1,0,0.0021237,14.015,3.9376,62367,68609.0,6.489,298.45,193.15,1.1821,10.0,,35,,0.86104,0.19475,,,0.90182,0,,0,0,1,1,1,0,1.0,39643.0
50.6,60,100,61,0.0,51.807,226.33,18.169,500,1.1,0,0.0021042,14.023,3.9737,62486,68737.0,6.4893,298.27,140.05,1.1859,10.0,,35,,0.86847,0.19467,,,0.90475,0,,0,0,1,1,1,0,1.0,40654.0
50.8,60,100,61,0.0,56.592,176.55,1.8169,500,1.1,0,0.0020609,14.067,4.0097,62606,68866.0,6.4933,298.1,89.152,1.1897,10.0,,35,,0.86585,0.19469,,,0.90766,0,,0,0,1,1,1,0,1.0,39664.0
51.0,60,100,61,0.0,59.791,128.18,0.18169,500,1.1,0,0.0020917,14.045,4.0456,62726,68996.0,6.4984,297.97,52.508,1.1935,10.0,,35,,0.88119,0.19454,,,0.91058,0,,0,0,1,1,1,0,1.0,39340.0
51.2,60,100,61,0.0,60.929,90.119,0.018169,500,1.1,0,0.0020818,14.069,4.0816,62847,69126.0,6.5031,297.89,28.421,1.1974,10.0,,35,,0.87961,0.19454,,,0.91351,0,,0,0,1,1,1,0,1.0,40183.0
51.4,60,100,61,0.0,60.221,27.036,105.01,500,1.1,0,0.0020587,14.084,4.1175,62967,69256.0,6.5053,298.21,122.55,1.2012,10.0,,35,,0.88166,0.19452,,,0.91643,0,,0,0,1,1,1,0,1.0,40859.0
51.6,60,100,61,0.0,58.611,133.86,10.501,500,1.1,0,0.0020857,14.062,4.1534,63088,69386.0,6.5063,298.13,97.546,1.205,10.0,,35,,0.89345,0.1944,,,0.91936,0,,0,0,1,1,1,0,1.0,41368.0
51.8,60,100,61,0.0,56.623,110.18,1.0501,500,1.1,0,0.0021026,14.065,4.1889,63207,69515.0,6.5043,298.04,71.14,1.2089,10.0,,35,,0.89388,0.19439,,,0.92232,0,,0,0,1,1,1,0,1.0,40876.0
52.0,60,100,61,0.0,55.438,84.775,0.10501,500,1.1,0,0.00208,14.1,4.2246,63327,69645.0,6.5031,297.97,51.293,1.2127,10.0,,35,,0.8809,0.1945,,,0.92527,0,,0,0,1,1,1,0,1.0,41551.0
52.2,60,100,65,0.0,54.715,63.756,0.010501,500,1.1,0,0.0022408,13.972,4.2597,63447,69775.0,6.4994,297.94,42.342,1.2167,10.0,,35,,0.91876,0.19414,,,0.92834,0,,0,0,1,1,1,0,1.0,41390.0
52.4,60,100,65,0.0,55.465,19.127,67.91,500,1.1,0,0.0022069,13.994,4.2948,63567,69905.0,6.4969,298.16,107.95,1.2208,10.0,,35,,0.93633,0.19396,,,0.93144,0,,0,0,1,1,1,0,1.0,41728.0
52.6,60,100,65,0.0,57.206,93.217,6.791,500,1.1,0,0.0021844,14.02,4.33,63688,70035.0,6.496,298.11,92.388,1.2248,10.0,,35,,0.94315,0.19389,,,0.9345,0,,0,0,1,1,1,0,1.0,41901.0
52.8,60,100,65,0.0,59.313,79.601,0.6791,500,1.1,0,0.0022108,14.008,4.365,63809,70166.0,6.4972,298.05,75.637,1.2288,10.0,,35,,0.9509,0.19381,,,0.93759,0,,0,0,1,1,1,0,1.0,41739.0
53.0,60,100,65,0.0,60.967,64.732,0.06791,500,1.1,0,0.0021807,14.032,4.3998,63930,70297.0,6.4985,298.01,62.386,1.2328,10.0,,35,,0.95586,0.19376,,,0.94067,0,,0,0,1,1,1,0,1.0,42077.0
53.2,60,100,65,0.0,62.085,51.862,0.006791,500,1.1,0,0.0021231,14.091,4.4352,64052,70429.0,6.5018,297.97,51.159,1.2368,10.0,,35,,0.94817,0.19382,,,0.9437,0,,0,0,1,1,1,0,1.0,42250.0
53.4,60,100,65,0.0,61.863,39.6,0.0006791,500,1.1,0,0.0020838,14.133,4.4704,64174,70560.0,6.5057,297.94,43.126,1.2407,10.0,,35,,0.94438,0.19385,,,0.94668,0,,0,0,1,1,1,0,1.0,42423.0
53.6,60,100,65,0.0,60.083,11.88,49.357,500,1.1,0,0.0020567,14.151,4.5057,64295,70691.0,6.5091,298.1,90.404,1.2445,10.0,,35,,0.94942,0.19379,,,0.94963,0,,0,0,1,1,1,0,1.0,42596.0
53.8,60,100,65,0.0,56.983,64.193,4.9357,500,1.1,0,0.0020241,14.172,4.541,64415,70821.0,6.5106,298.06,77.594,1.2483,10.0,,35,,0.95598,0.19372,,,0.95254,0,,0,0,1,1,1,0,1.0,42936.0
54.0,60,100,65,0.0,53.274,52.17,0.49357,500,1.1,0,0.0019805,14.187,4.5765,64535,70950.0,6.5112,298.01,63.431,1.2521,10.0,,35,,0.96259,0.19365,,,0.95543,0,,0,0,1,1,1,0,1.0,41943.0
54.2,60,100,65,0.0,49.318,38.533,0.049357,500,1.1,0,0.0020223,14.156,4.612,64654,71079.0,6.5088,297.99,55.303,1.2559,10.0,,35,,0.97326,0.19355,,,0.95833,0,,0,0,1,1,1,0,1.0,43117.0
54.4,60,100,65,0.0,46.33,30.079,0.0049357,500,1.1,0,0.0019742,14.196,4.6477,64772,71207.0,6.5023,297.97,49.726,1.2597,10.0,,35,,0.96794,0.19359,,,0.96122,0,,0,0,1,1,1,0,1.0,42792.0
54.6,60,100,65,0.0,45.932,23.388,0.00049357,500,1.1,0,0.0019182,14.262,4.6833,64891,71335.0,6.4957,297.96,46.191,1.2634,10.0,,35,,0.95207,0.19373,,,0.96406,0,,0,0,1,1,1,0,1.0,43300.0
54.8,60,100,65,0.0,48.191,18.275,0.0001,500,1.1,0,0.0018412,14.341,4.7184,65009,71463.0,6.493,297.94,42.629,1.267,10.0,,35,,0.94205,0.19382,,,0.96681,0,,0,0,1,1,1,0,1.0,44139.0
55.0,60,100,65,0.0,51.491,5.4824,30.145,500,1.1,0,0.0018825,14.32,4.7535,65129,71592.0,6.4931,298.04,71.632,1.2706,10.0,,35,,0.95353,0.1937,,,0.96957,0,,0,0,1,1,1,0,1.0,42978.0
55.2,60,100,65,0.0,54.754,36.266,3.0145,500,1.1,0,0.001843,14.38,4.7886,65249,71721.0,6.4955,298.02,64.802,1.2742,10.0,,35,,0.93842,0.19384,,,0.97231,0,,0,0,1,1,1,0,1.0,43983.0
55.4,60,100,65,0.0,57.058,29.296,0.30145,500,1.1,0,0.0018489,14.413,4.8234,65369,71851.0,6.4987,297.99,56.797,1.2777,10.0,,35,,0.92776,0.19393,,,0.97503,0,,0,0,1,1,1,0,1.0,43821.0
55.6,60,100,65,0.0,58.086,21.057,0.030145,500,1.1,0,0.0018366,14.445,4.8581,65490,71981.0,6.5018,297.97,50.992,1.2813,10.0,,35,,0.91745,0.19402,,,0.97775,0,,0,0,1,1,1,0,1.0,44324.0
55.8,60,100,65,0.0,57.898,14.359,0.0030145,500,1.1,0,0.0018443,14.44,4.8927,65611,72111.0,6.5051,297.96,47.624,1.2848,10.0,,35,,0.92326,0.19396,,,0.98048,0,,0,0,1,1,1,0,1.0,44493.0
56.0,60,100,65,0.0,56.391,9.6453,0.00030145,500,1.1,0,0.001852,14.443,4.9274,65731,72241.0,6.5056,297.96,46.018,1.2884,10.0,,35,,0.92947,0.19389,,,0.98321,0,,0,0,1,1,1,0,1.0,44330.0
56.2,60,100,72,0.0,54.686,6.4421,0.0001,500,1.1,0,0.0019458,14.366,4.9625,65852,72372.0,6.5033,297.96,47.454,1.2921,10.0,,34,,0.9608,0.19359,,,0.98603,0,,0,0,1,1,1,0,1.0,45503.0
56.4,60,100,72,0.0,53.908,6.4051,0.0001,500,1.1,0,0.0019641,14.331,4.9979,65973,72503.0,6.4993,297.97,49.821,1.2958,10.0,,34,,0.98585,0.19335,,,0.98892,0,,0,0,1,1,1,0,1.0,45843.0
56.6,60,100,72,0.0,54.711,7.5055,0.0001,500,1.1,0,0.0019181,14.392,5.0333,66095,72634.0,6.4943,297.97,50.669,1.2996,10.0,,34,,0.97683,0.19343,,,0.99178,0,,0,0,1,1,1,0,1.0,44349.0
56.8,60,100,72,0.0,57.526,7.1734,0.0001,500,1.1,0,0.0019166,14.411,5.0688,66217,72765.0,6.4921,297.97,51.337,1.3033,10.0,,34,,0.97589,0.19343,,,0.99462,0,,0,0,1,1,1,0,1.0,45357.0
57.0,60,100,72,0.0,61.208,6.7787,0.0001,500,1.1,0,0.0019215,14.43,5.1046,66339,72898.0,6.4917,297.97,52.147,1.307,10.0,,34,,0.97346,0.19344,,,0.99746,0,,0,0,1,1,1,0,1.0,46366.0
57.2,60,100,72,0.0,65.032,6.6248,0.0001,500,1.1,0,0.0018828,14.504,5.1401,66463,73030.0,6.4952,297.97,51.99,1.3107,10.0,,34,,0.94803,0.19368,,,1.0003,0,,0,0,1,1,1,0,1.0,45873.0
57.4,60,100,72,0.0,67.455,5.4932,0.0001,500,1.1,0,0.0019195,14.467,5.1754,66587,73164.0,6.5008,297.98,52.617,1.3144,10.0,,34,,0.97244,0.19344,,,1.0031,0,,0,0,1,1,1,0,1.0,45213.0
57.6,60,100,72,0.0,67.664,5.2329,0.0001,500,1.1,0,0.0019047,14.479,5.2105,66710,73298.0,6.5062,297.98,53.106,1.3181,10.0,,34,,0.98266,0.19334,,,1.0059,0,,0,0,1,1,1,0,1.0,45219.0
57.8,60,100,72,0.0,65.713,4.8755,0.0001,500,1.1,0,0.0019001,14.496,5.2459,66834,73431.0,6.5097,297.98,53.89,1.3218,10.0,,34,,0.97591,0.19339,,,1.0088,0,,0,0,1,1,1,0,1.0,46392.0
58.0,60,100,72,0.0,62.364,4.9041,0.0001,500,1.1,0,0.0018267,14.554,5.2815,66957,73563.0,6.5116,297.98,53.306,1.3254,10.0,,34,,0.96643,0.19347,,,1.0116,0,,0,0,1,1,1,0,1.0,45900.0
58.2,60,100,72,0.0,58.234,3.5133,0.0001,500,1.1,0,0.0017633,14.62,5.3168,67079,73694.0,6.5095,297.98,52.282,1.329,10.0,,34,,0.94639,0.19366,,,1.0143,0,,0,0,1,1,1,0,1.0,46740.0
58.4,60,100,72,0.0,54.984,1.6044,0.0001,500,1.1,0,0.0017159,14.65,5.3521,67200,73825.0,6.5061,297.97,51.054,1.3324,10.0,,34,,0.9516,0.1936,,,1.017,0,,0,0,1,1,1,0,1.0,46080.0
58.6,60,100,72,0.0,53.057,0.0001,0.0001,500,1.1,0,0.0017087,14.687,5.3873,67321,73956.0,6.5039,297.97,50.249,1.3359,10.0,,34,,0.93578,0.19374,,,1.0196,0,,0,0,1,1,1,0,1.0,46752.0
58.8,60,100,72,0.0,52.03,0.0001,0.0001,500,1.1,0,0.0016705,14.719,5.4224,67441,74086.0,6.5044,297.96,48.783,1.3393,10.0,,34,,0.93439,0.19375,,,1.0222,0,,0,0,1,1,1,0,1.0,46424.0
59.0,60,100,72,0.0,50.783,0.0001,0.0001,500,1.1,0,0.0016658,14.734,5.4574,67562,74215.0,6.5032,297.96,47.08,1.3426,10.0,,34,,0.93835,0.1937,,,1.0248,0,,0,0,1,1,1,0,1.0,46596.0
59.2,60,100,72,0.0,50.01,0.0001,0.0001,500,1.1,0,0.0016706,14.737,5.4925,67682,74345.0,6.5008,297.95,45.743,1.346,10.0,,34,,0.94013,0.19368,,,1.0274,0,,0,0,1,1,1,0,1.0,47768.0
59.4,60,100,72,0.0,50.209,0.0001,0.0001,500,1.1,0,0.001642,14.783,5.5274,67802,74475.0,6.4981,297.95,43.586,1.3494,10.0,,34,,0.93172,0.19375,,,1.0299,0,,0,0,1,1,1,0,1.0,47439.0
59.6,60,100,72,0.0,51.484,0.0001,11.391,500,1.1,0,0.0016173,14.814,5.562,67923,74604.0,6.4965,297.97,51.234,1.3527,10.0,,34,,0.9316,0.19375,,,1.0325,0,,0,0,1,1,1,0,1.0,47609.0
59.8,60,100,72,0.0,53.392,6.3868,1.1391,500,1.1,0,0.0016765,14.776,5.5969,68044,74735.0,6.4938,297.96,48.464,1.356,10.0,,34,,0.94646,0.1936,,,1.035,0,,0,0,1,1,1,0,1.0,48280.0
60.0,60,100,72,0.0,56.381,2.1596,0.11391,500,1.1,0,0.0016796,14.785,5.6316,68165,74866.0,6.4919,297.96,46.119,1.3594,10.0,1147.7,34,1857.7,0.95394,0.19352,5.4925,16.928,1.0377,0,40.596,0,0,1,1,1,0,1.0,48617.0
60.2,60,100,76,0.0,60.128,0.0001,0.011391,500,1.1,0,0.0017563,14.738,5.6664,68288,74998.0,6.4906,297.96,46.01,1.3629,10.0,,33,,0.97754,0.1933,,,1.0403,0,,0,0,1,1,1,0,1.0,47954.0
60.4,60,100,76,0.0,64.4,0.0001,0.0011391,500,1.1,0,0.0018084,14.72,5.7011,68412,75132.0,6.492,297.96,46.927,1.3665,10.0,,33,,0.98602,0.19321,,,1.0431,0,,0,0,1,1,1,0,1.0,48458.0
60.6,60,100,76,0.0,68.103,0.0001,0.00011391,500,1.1,0,0.0018097,14.754,5.7358,68537,75266.0,6.4959,297.96,47.798,1.3702,10.0,,33,,0.97265,0.19333,,,1.0459,0,,0,0,1,1,1,0,1.0,48128.0
60.8,60,100,76,0.0,70.251,0.0001,0.0001,500,1.1,0,0.0018026,14.785,5.7705,68662,75401.0,6.501,297.96,48.09,1.3738,10.0,,33,,0.96965,0.19335,,,1.0487,0,,0,0,1,1,1,0,1.0,48631.0
61.0,60,100,76,0.0,70.364,0.0001,0.0001,500,1.1,0,0.0018501,14.763,5.8052,68787,75536.0,6.504,297.97,49.356,1.3775,10.0,,33,,0.9791,0.19325,,,1.0515,0,,0,0,1,1,1,0,1.0,49301.0
61.2,60,100,76,0.0,69.295,0.0001,0.0001,500,1.1,0,0.0018052,14.807,5.8396,68912,75670.0,6.5086,297.97,49.748,1.3812,10.0,,33,,0.97507,0.19328,,,1.0543,0,,0,0,1,1,1,0,1.0,48804.0
61.4,60,100,76,0.0,66.36,0.0001,0.0001,500,1.1,0,0.0018327,14.779,5.8742,69036,75804.0,6.509,297.97,51.004,1.3848,10.0,,33,,0.99198,0.19312,,,1.0571,0,,0,0,1,1,1,0,1.0,48973.0
61.6,60,100,76,0.0,63.31,0.1006,0.0001,500,1.1,0,0.0018288,14.781,5.9086,69160,75937.0,6.5046,297.98,52.462,1.3885,10.0,,33,,1.0006,0.19303,,,1.0599,0,,0,0,1,1,1,0,1.0,48642.0
61.8,60,100,76,0.0,62.004,0.53843,0.0001,500,1.1,0,0.0018505,14.765,5.9428,69283,76071.0,6.5011,297.98,54.434,1.3923,10.0,,33,,1.0128,0.19291,,,1.0628,0,,0,0,1,1,1,0,1.0,49310.0
62.0,60,100,76,0.0,62.066,1.6834,0.0001,500,1.1,0,0.0018962,14.728,5.9772,69406,76204.0,6.4965,297.99,57.36,1.3961,10.0,,33,,1.0294,0.19274,,,1.0657,0,,0,0,1,1,1,0,1.0,49978.0
62.2,60,100,76,0.0,63.984,4.0521,0.0001,500,1.1,0,0.0018682,14.762,6.0116,69530,76338.0,6.4952,297.99,58.625,1.3999,10.0,,33,,1.0324,0.19271,,,1.0686,0,,0,0,1,1,1,0,1.0,48980.0
62.4,60,100,76,0.0,66.43,4.9727,0.0001,500,1.1,0,0.0019114,14.724,6.0461,69654,76472.0,6.4937,298.0,60.571,1.4037,10.0,,33,,1.0569,0.19247,,,1.0716,0,,0,0,1,1,1,0,1.0,49816.0
62.6,60,100,76,0.0,69.483,6.794,0.0001,500,1.1,0,0.0018694,14.757,6.0806,69779,76607.0,6.4937,298.0,60.873,1.4076,10.0,,33,,1.0652,0.19238,,,1.0745,0,,0,0,1,1,1,0,1.0,49485.0
62.8,60,100,76,0.0,72.511,7.086,0.0001,500,1.1,0,0.0018584,14.781,6.1147,69904,76742.0,6.4949,298.0,60.882,1.4114,10.0,,33,,1.0662,0.19237,,,1.0775,0,,0,0,1,1,1,0,1.0,50153.0
63.0,60,100,76,0.0,75.081,7.1416,0.0001,500,1.1,0,0.0018731,14.78,6.1489,70030,76878.0,6.4976,298.0,61.193,1.4153,10.0,,33,,1.0726,0.1923,,,1.0804,0,,0,0,1,1,1,0,1.0,49820.0
63.2,60,100,76,0.0,76.572,7.5224,0.0001,500,1.1,0,0.001891,14.764,6.183,70156,77014.0,6.5018,298.0,61.597,1.4191,10.0,,33,,1.0919,0.19211,,,1.0834,0,,0,0,1,1,1,0,1.0,50654.0
63.4,60,100,76,0.0,76.38,8.0287,0.0001,500,1.1,0,0.0018348,14.804,6.217,70282,77150.0,6.5048,298.0,60.512,1.423,10.0,,33,,1.0992,0.19203,,,1.0864,0,,0,0,1,1,1,0,1.0,50820.0
63.6,60,100,76,0.0,74.967,7.0198,0.0001,500,1.1,0,0.0017949,14.862,6.2507,70408,77286.0,6.5076,297.99,58.738,1.4268,10.0,,33,,1.0862,0.19215,,,1.0892,0,,0,0,1,1,1,0,1.0,50819.0
63.8,60,100,76,0.0,72.462,5.2048,0.0001,500,1.1,0,0.0017865,14.89,6.2846,70533,77421.0,6.5096,297.99,57.468,1.4305,10.0,,33,,1.0777,0.19222,,,1.0921,0,,0,0,1,1,1,0,1.0,50152.0
64.0,60,100,76,0.0,69.16,3.7322,0.0001,500,1.1,0,0.0017627,14.916,6.3182,70658,77555.0,6.5094,297.99,56.511,1.4342,10.0,,33,,1.075,0.19224,,,1.0949,0,,0,0,1,1,1,0,1.0,51984.0
64.2,60,100,80,0.0,65.937,2.4322,0.0001,500,1.1,0,0.0018724,14.848,6.3521,70783,77690.0,6.5075,297.99,58.454,1.438,10.0,,32,,1.101,0.19199,,,1.0978,0,,0,0,1,1,1,0,1.0,51316.0
64.4,60,100,80,0.0,63.454,4.0314,0.0001,500,1.1,0,0.001857,14.868,6.386,70907,77824.0,6.5039,298.0,59.79,1.4418,10.0,,32,,1.1061,0.19193,,,1.1008,0,,0,0,1,1,1,0,1.0,51649.0
64.6,60,100,80,0.0,62.422,5.1509,0.0001,500,1.1,0,0.0018087,14.899,6.42,71031,77958.0,6.5001,298.0,59.893,1.4456,10.0,,32,,1.1108,0.19188,,,1.1037,0,,0,0,1,1,1,0,1.0,51649.0
64.8,60,100,80,0.0,62.918,5.1564,0.0001,500,1.1,0,0.0017544,14.951,6.4537,71155,78092.0,6.4978,297.99,58.671,1.4493,10.0,,32,,1.1058,0.19192,,,1.1066,0,,0,0,1,1,1,0,1.0,51315.0
65.0,60,100,80,0.0,64.312,3.8318,0.0001,500,1.1,0,0.0017824,14.939,6.4874,71279,78227.0,6.4949,297.99,58.342,1.4531,10.0,,32,,1.1202,0.19178,,,1.1094,0,,0,0,1,1,1,0,1.0,52146.0
65.2,60,100,80,0.0,66.88,3.3238,0.0001,500,1.1,0,0.0018313,14.899,6.5209,71404,78361.0,6.4934,298.0,59.174,1.4569,10.0,,32,,1.15,0.19149,,,1.1123,0,,0,0,1,1,1,0,1.0,51644.0
65.4,60,100,80,0.0,70.018,3.9539,0.0001,500,1.1,0,0.0018079,14.941,6.5544,71530,78497.0,6.4916,298.0,58.953,1.4606,10.0,,32,,1.149,0.19149,,,1.1152,0,,0,0,1,1,1,0,1.0,52975.0
65.6,60,100,80,0.0,73.903,3.5671,0.0001,500,1.1,0,0.0018166,14.959,6.5874,71656,78633.0,6.493,297.99,58.696,1.4644,10.0,,32,,1.1496,0.19148,,,1.1181,0,,0,0,1,1,1,0,1.0,53470.0
65.8,60,100,80,0.0,77.223,3.144,0.0001,500,1.1,0,0.0017698,15.011,6.6202,71783,78770.0,6.4978,297.99,57.43,1.4682,10.0,,32,,1.1426,0.19153,,,1.121,0,,0,0,1,1,1,0,1.0,52131.0
66.0,60,100,80,0.0,78.623,1.6598,0.0001,500,1.1,0,0.0018092,14.995,6.6532,71910,78907.0,6.5026,297.99,57.316,1.4719,10.0,,32,,1.155,0.19141,,,1.1239,0,,0,0,1,1,1,0,1.0,53293.0
66.2,60,100,80,0.0,78.113,1.236,0.0001,500,1.1,0,0.0018159,14.986,6.686,72037,79045.0,6.5066,297.99,57.811,1.4758,10.0,,32,,1.1704,0.19126,,,1.1268,0,,0,0,1,1,1,0,1.0,53287.0
66.4,60,100,80,0.0,76.006,1.3963,0.0001,500,1.1,0,0.0017996,15.021,6.7189,72164,79181.0,6.5103,297.99,57.977,1.4796,10.0,,32,,1.1634,0.19132,,,1.1297,0,,0,0,1,1,1,0,1.0,52948.0
66.6,60,100,80,0.0,72.409,1.262,0.0001,500,1.1,0,0.0017544,15.058,6.7516,72290,79317.0,6.5122,297.99,57.276,1.4833,10.0,,32,,1.1622,0.19132,,,1.1326,0,,0,0,1,1,1,0,1.0,52942.0
66.8,60,100,80,0.0,68.074,0.2712,0.0001,500,1.1,0,0.0017486,15.07,6.7843,72415,79452.0,6.5126,297.99,56.686,1.487,10.0,,32,,1.1688,0.19125,,,1.1354,0,,0,0,1,1,1,0,1.0,53269.0
67.0,60,100,80,0.0,63.569,0.0001,0.0001,500,1.1,0,0.0017589,15.063,6.8174,72539,79586.0,6.5082,297.99,56.64,1.4907,10.0,,32,,1.1812,0.19113,,,1.1383,0,,0,0,1,1,1,0,1.0,53598.0
67.2,60,100,80,0.0,60.834,0.0001,0.0001,500,1.1,0,0.0017507,15.076,6.8506,72663,79720.0,6.5009,297.99,56.643,1.4944,10.0,,32,,1.1856,0.19108,,,1.1411,0,,0,0,1,1,1,0,1.0,54261.0
67.4,60,100,80,0.0,61.015,0.0001,0.0001,500,1.1,0,0.0017266,15.107,6.8835,72786,79853.0,6.4905,297.99,55.925,1.4981,10.0,,32,,1.1875,0.19105,,,1.1439,0,,0,0,1,1,1,0,1.0,54922.0
67.6,60,100,80,0.0,65.355,0.0001,0.0001,500,1.1,0,0.00172,15.131,6.9165,72911,79988.0,6.4856,297.98,54.98,1.5018,10.0,,32,,1.1862,0.19106,,,1.1468,0,,0,0,1,1,1,0,1.0,53918.0
67.8,60,100,80,0.0,71.614,0.0001,0.0001,500,1.1,0,0.0017264,15.157,6.9496,73036,80124.0,6.486,297.98,53.766,1.5054,10.0,,32,,1.1841,0.19107,,,1.1496,0,,0,0,1,1,1,0,1.0,54247.0
68.0,60,100,80,0.0,77.735,0.0001,0.0001,500,1.1,0,0.0017659,15.155,6.9826,73163,80261.0,6.4917,297.98,53.295,1.5091,10.0,,32,,1.1884,0.19102,,,1.1524,0,,0,0,1,1,1,0,1.0,55408.0
68.2,60,100,84,0.0,81.568,0.0001,0.0001,500,1.1,0,0.0018104,15.144,7.0152,73292,80399.0,6.4977,297.98,53.314,1.5129,10.0,,31,,1.2095,0.19082,,,1.1553,0,,0,0,1,1,1,0,1.0,55735.0
68.4,60,100,84,0.0,83.016,0.0001,0.0001,500,1.1,0,0.0018001,15.19,7.0476,73420,80538.0,6.5029,297.98,52.599,1.5167,10.0,,31,,1.2014,0.19088,,,1.1582,0,,0,0,1,1,1,0,1.0,54060.0
68.6,60,100,84,0.0,82.388,0.0001,0.0001,500,1.1,0,0.0018193,15.2,7.0802,73549,80677.0,6.5062,297.98,52.465,1.5205,10.0,,31,,1.1984,0.19091,,,1.1612,0,,0,0,1,1,1,0,1.0,54554.0
68.8,60,100,84,0.0,80.415,0.0001,0.0001,500,1.1,0,0.0018166,15.218,7.1128,73677,80815.0,6.5101,297.98,52.368,1.5244,10.0,,31,,1.1983,0.1909,,,1.1641,0,,0,0,1,1,1,0,1.0,54880.0
69.0,60,100,84,0.0,76.899,0.0001,0.0001,500,1.1,0,0.0017801,15.255,7.1454,73805,80953.0,6.5148,297.97,51.646,1.5281,10.0,,31,,1.1935,0.19094,,,1.167,0,,0,0,1,1,1,0,1.0,54873.0
69.2,60,100,84,0.0,71.515,0.0001,0.0001,500,1.1,0,0.0017787,15.26,7.1784,73931,81089.0,6.5165,297.97,51.002,1.5319,10.0,,31,,1.2026,0.19084,,,1.1699,0,,0,0,1,1,1,0,1.0,56201.0
69.4,60,100,84,0.0,65.46,0.0001,0.0001,500,1.1,0,0.0018115,15.221,7.2114,74056,81225.0,6.5141,297.97,51.664,1.5357,10.0,,31,,1.2314,0.19056,,,1.1728,0,,0,0,1,1,1,0,1.0,55697.0
69.6,60,100,84,0.0,60.338,0.0001,0.0001,500,1.1,0,0.0018474,15.197,7.2447,74180,81359.0,6.5095,297.98,53.496,1.5395,10.0,,31,,1.2524,0.19036,,,1.1757,0,,0,0,1,1,1,0,1.0,56193.0
69.8,60,100,84,0.0,57.08,0.8342,0.0001,500,1.1,0,0.0018267,15.226,7.2778,74304,81493.0,6.5025,297.98,55.046,1.5434,10.0,,31,,1.25,0.19037,,,1.1787,0,,0,0,1,1,1,0,1.0,55689.0
70.0,60,100,84,0.0,56.614,1.5594,0.0001,500,1.1,0,0.0018483,15.208,7.3112,74427,81627.0,6.4935,297.99,57.337,1.5473,10.0,,31,,1.2666,0.19021,,,1.1817,0,,0,0,1,1,1,0,1.0,56353.0
70.2,60,100,84,0.0,59.733,3.1847,0.0001,500,1.1,0,0.0018646,15.208,7.3446,74551,81761.0,6.4876,298.0,59.604,1.5512,10.0,,31,,1.2802,0.19007,,,1.1847,0,,0,0,1,1,1,0,1.0,56850.0
70.4,60,100,84,0.0,65.189,5.0121,0.0001,500,1.1,0,0.001868,15.226,7.378,74676,81897.0,6.4854,298.0,61.496,1.5552,10.0,,31,,1.2841,0.19003,,,1.1877,0,,0,0,1,1,1,0,1.0,56847.0
70.6,60,100,84,0.0,71.527,6.711,0.0001,500,1.1,0,0.0018687,15.243,7.4114,74802,82033.0,6.4885,298.01,62.949,1.5592,10.0,,31,,1.2879,0.18998,,,1.1908,0,,0,0,1,1,1,0,1.0,57677.0
70.8,60,100,84,0.0,76.625,8.1859,0.0001,500,1.1,0,0.0018882,15.261,7.4447,74930,82171.0,6.4914,298.01,63.935,1.5632,10.0,,31,,1.2886,0.18997,,,1.1939,0,,0,0,1,1,1,0,1.0,56841.0
71.0,60,100,84,0.0,80.603,9.3651,0.0001,500,1.1,0,0.0018863,15.273,7.4777,75058,82310.0,6.4954,298.01,64.589,1.5672,10.0,,31,,1.2973,0.18988,,,1.197,0,,0,0,1,1,1,0,1.0,56503.0
71.2,60,100,84,0.0,82.973,10.333,0.0001,500,1.1,0,0.0018742,15.324,7.5105,75186,82449.0,6.4982,298.01,64.437,1.5712,10.0,,31,,1.2821,0.19002,,,1.2001,0,,0,0,1,1,1,0,1.0,57330.0
71.4,60,100,84,0.0,84.213,10.59,0.0001,500,1.1,0,0.0018761,15.343,7.5434,75315,82588.0,6.5018,298.01,64.002,1.5753,10.0,,31,,1.2837,0.18999,,,1.2031,0,,0,0,1,1,1,0,1.0,57658.0
71.6,60,100,84,0.0,84.018,10.572,0.0001,500,1.1,0,0.0018973,15.362,7.5762,75444,82728.0,6.5047,298.01,64.291,1.5793,10.0,,31,,1.2781,0.19004,,,1.2062,0,,0,0,1,1,1,0,1.0,58485.0
71.8,60,100,84,0.0,82.676,11.219,0.0001,500,1.1,0,0.0018157,15.439,7.6086,75572,82867.0,6.508,298.01,62.435,1.5833,10.0,,31,,1.2597,0.19021,,,1.2093,0,,0,0,1,1,1,0,1.0,57478.0
72.0,60,100,84,0.0,79.993,9.7984,0.0001,500,1.1,0,0.0017874,15.491,7.6412,75700,83005.0,6.5079,298.0,60.183,1.5872,10.0,1343.5,31,1820.1,1.2414,0.19037,7.5105,17.879,1.2123,0,25.001,0,0,1,1,1,0,1.0,57137.0
72.2,60,100,90,0.0,77.368,7.8448,0.0001,500,1.1,0,0.0019045,15.419,7.6738,75829,83144.0,6.5078,298.0,61.026,1.5912,10.0,,30,,1.2802,0.19,,,1.2154,0,,0,0,1,1,1,0,1.0,57297.0
72.4,60,100,90,0.0,74.757,8.6629,0.0001,500,1.1,0,0.0019147,15.42,7.7066,75957,83283.0,6.5056,298.0,62.12,1.5952,10.0,,30,,1.2974,0.18983,,,1.2185,0,,0,0,1,1,1,0,1.0,58292.0
72.6,60,100,90,0.0,73.061,9.7448,0.0001,500,1.1,0,0.0019013,15.453,7.7394,76085,83421.0,6.5034,298.01,62.64,1.5993,10.0,,30,,1.2948,0.18984,,,1.2216,0,,0,0,1,1,1,0,1.0,58119.0
72.8,60,100,90,0.0,72.217,10.381,0.0001,500,1.1,0,0.0018886,15.483,7.772,76212,83560.0,6.5004,298.01,62.421,1.6034,10.0,,30,,1.2932,0.18985,,,1.2247,0,,0,0,1,1,1,0,1.0,57779.0
73.0,60,100,90,0.0,72.569,10.371,0.0001,500,1.1,0,0.0018157,15.565,7.8044,76340,83698.0,6.4977,298.0,60.2,1.6074,10.0,,30,,1.2692,0.19007,,,1.2278,0,,0,0,1,1,1,0,1.0,59604.0
73.2,60,100,90,0.0,74.014,8.4306,0.0001,500,1.1,0,0.0017866,15.599,7.8365,76468,83836.0,6.4972,297.99,57.655,1.6113,10.0,,30,,1.2645,0.19011,,,1.2308,0,,0,0,1,1,1,0,1.0,59595.0
73.4,60,100,90,0.0,75.662,5.9922,0.0001,500,1.1,0,0.001781,15.617,7.8684,76596,83974.0,6.4957,297.99,55.503,1.6151,10.0,,30,,1.271,0.19004,,,1.2337,0,,0,0,1,1,1,0,1.0,59252.0
73.6,60,100,90,0.0,77.901,3.6756,0.0001,500,1.1,0,0.0017822,15.631,7.9003,76724,84114.0,6.4978,297.98,53.925,1.619,10.0,,30,,1.2794,0.18995,,,1.2367,0,,0,0,1,1,1,0,1.0,59575.0
73.8,60,100,90,0.0,79.301,1.6792,0.0001,500,1.1,0,0.001757,15.667,7.9319,76853,84253.0,6.4993,297.98,52.173,1.6229,10.0,,30,,1.2787,0.18995,,,1.2397,0,,0,0,1,1,1,0,1.0,59730.0
74.0,60,100,90,0.0,80.11,0.0001,0.0001,500,1.1,0,0.0018227,15.643,7.9636,76982,84393.0,6.5025,297.98,52.587,1.6268,10.0,,30,,1.2949,0.18979,,,1.2427,0,,0,0,1,1,1,0,1.0,59718.0
74.2,60,100,90,0.0,79.635,0.0001,0.0001,500,1.1,0,0.0018098,15.664,7.9951,77111,84532.0,6.5037,297.98,52.738,1.6307,10.0,,30,,1.3023,0.18971,,,1.2457,0,,0,0,1,1,1,0,1.0,59706.0
74.4,60,100,90,0.0,78.664,0.0001,0.0001,500,1.1,0,0.0017695,15.716,8.0263,77240,84671.0,6.5038,297.98,51.961,1.6347,10.0,,30,,1.2917,0.1898,,,1.2487,0,,0,0,1,1,1,0,1.0,59193.0
74.6,60,100,90,0.0,77.664,0.0001,0.0001,500,1.1,0,0.0017425,15.752,8.0577,77368,84810.0,6.5028,297.97,50.74,1.6385,10.0,,30,,1.2847,0.18986,,,1.2517,0,,0,0,1,1,1,0,1.0,58846.0
74.8,60,100,90,0.0,77.049,0.0001,0.0001,500,1.1,0,0.0016701,15.816,8.0887,77497,84949.0,6.5024,297.96,47.758,1.6423,10.0,,30,,1.2717,0.18998,,,1.2546,0,,0,0,1,1,1,0,1.0,59999.0
75.0,60,100,90,0.0,76.62,0.0001,0.0001,500,1.1,0,0.0016207,15.872,8.1195,77625,85087.0,6.5034,297.95,43.382,1.646,10.0,,30,,1.2592,0.19009,,,1.2574,0,,0,0,1,1,1,0,1.0,60650.0
75.2,60,100,90,0.0,75.782,0.0001,0.0001,100,1.1,0,0.001551,15.211,8.1584,77673,85146.0,6.5063,298.02,66.607,1.6496,10.0,,30,,1.5081,0.18772,,,1.2602,0,,0,0,1,1,1,0,1.0,60502.0
75.4,60,100,90,0.0,73.788,20.227,0.0001,100,1.1,0,0.0015468,15.189,8.1974,77721,85203.0,6.5058,298.07,84.559,1.6531,10.0,,30,,1.5499,0.18732,,,1.2629,0,,0,0,1,1,1,0,1.0,60188.0
75.6,60,100,90,0.0,71.987,37.28,0.0001,100,1.1,0,0.001528,15.174,8.2364,77768,85261.0,6.5061,298.1,97.283,1.6566,10.0,,30,,1.5588,0.18723,,,1.2656,0,,0,0,1,1,1,0,1.0,59708.0
75.8,60,100,90,0.0,70.073,51.345,0.0001,100,1.1,0,0.0015303,15.146,8.2753,77815,85318.0,6.5042,298.12,106.37,1.6601,10.0,,30,,1.569,0.18712,,,1.2683,0,,0,0,1,1,1,0,1.0,60893.0
76.0,60,100,90,0.0,68.904,63.388,0.0001,100,1.1,0,0.0015411,15.136,8.3145,77862,85375.0,6.4997,298.14,112.92,1.6636,10.0,,30,,1.5636,0.18717,,,1.271,0,,0,0,1,1,1,0,1.0,61747.0
76.2,60,100,116,0.0,69.56,74.04,0.0001,100,1.1,0,0.0019887,14.829,8.3552,77914,85438.0,6.4884,298.18,126.35,1.6677,10.0,,29,,1.6752,0.1861,,,1.2741,0,,0,0,1,1,1,0,1.0,60941.0
76.4,60,100,116,0.0,74.734,91.881,0.0001,100,1.1,0,0.0019986,14.802,8.3958,77967,85502.0,6.4817,298.2,133.82,1.6721,10.0,,29,,1.7048,0.18581,,,1.2775,0,,0,0,1,1,1,0,1.0,61469.0
76.6,60,100,116,0.0,82.548,105.35,0.0001,100,1.1,0,0.0020954,14.722,8.4361,78021,85568.0,6.4793,298.21,139.26,1.6766,10.0,,29,,1.735,0.18551,,,1.281,0,,0,0,1,1,1,0,1.0,60661.0
76.8,60,100,116,0.0,91.325,117.78,0.0001,100,1.1,0,0.002119,14.701,8.4766,78077,85636.0,6.4839,298.22,141.22,1.6813,10.0,,29,,1.7427,0.18543,,,1.2845,0,,0,0,1,1,1,0,1.0,62022.0
77.0,60,100,116,0.0,98.252,127.54,0.0001,100,1.1,0,0.0020987,14.716,8.5168,78135,85705.0,6.4913,298.22,140.95,1.686,10.0,,29,,1.7314,0.18552,,,1.2881,0,,0,0,1,1,1,0,1.0,62380.0
77.2,60,100,116,0.0,102.25,135.49,0.0001,100,1.1,0,0.0020502,14.718,8.5576,78194,85775.0,6.4992,298.21,136.12,1.6906,10.0,,29,,1.7304,0.18553,,,1.2917,0,,0,0,1,1,1,0,1.0,62075.0
77.4,60,100,116,0.0,103.07,139.18,0.0001,100,1.1,0,0.0021135,14.67,8.5982,78252,85845.0,6.5072,298.19,130.79,1.6952,10.0,,29,,1.7429,0.1854,,,1.2952,0,,0,0,1,1,1,0,1.0,63269.0
77.6,60,100,116,0.0,100.7,142.0,0.0001,100,1.1,0,0.0021824,14.596,8.6386,78310,85915.0,6.5145,298.19,128.52,1.7,10.0,,29,,1.769,0.18514,,,1.2989,0,,0,0,1,1,1,0,1.0,62629.0
77.8,60,100,116,0.0,95.427,147.16,0.0001,100,1.1,0,0.0022233,14.558,8.6789,78367,85984.0,6.5197,298.17,123.63,1.7048,10.0,,29,,1.7829,0.185,,,1.3026,0,,0,0,1,1,1,0,1.0,61988.0
78.0,60,100,116,0.0,88.075,149.59,0.0001,100,1.1,0,0.0021606,14.567,8.7195,78423,86052.0,6.5223,298.17,121.22,1.7097,10.0,,29,,1.7761,0.18505,,,1.3063,0,,0,0,1,1,1,0,1.0,62515.0
78.2,60,100,116,0.0,79.679,153.88,0.0001,100,1.1,0,0.0021261,14.556,8.7605,78477,86117.0,6.5224,298.15,117.21,1.7144,10.0,,29,,1.7749,0.18506,,,1.31,0,,0,0,1,1,1,0,1.0,62711.0
78.4,60,100,116,0.0,71.254,156.39,0.0001,100,1.1,0,0.0020853,14.557,8.8019,78529,86181.0,6.5186,298.13,107.43,1.7191,10.0,,29,,1.771,0.18508,,,1.3136,0,,0,0,1,1,1,0,1.0,63909.0
78.6,60,100,116,0.0,64.365,153.15,0.0001,100,1.1,0,0.0021018,14.523,8.8436,78580,86244.0,6.5122,298.12,103.18,1.7237,10.0,,29,,1.7772,0.18502,,,1.3171,0,,0,0,1,1,1,0,1.0,63442.0
78.8,60,100,116,0.0,60.015,154.18,0.0001,100,1.1,0,0.0021059,14.482,8.8851,78630,86306.0,6.505,298.12,103.12,1.7284,10.0,,29,,1.7927,0.18486,,,1.3207,0,,0,0,1,1,1,0,1.0,64140.0
79.0,60,100,116,0.0,58.535,158.6,0.0001,100,1.1,0,0.0020386,14.506,8.927,78680,86367.0,6.4982,298.1,96.843,1.733,10.0,,29,,1.7814,0.18496,,,1.3242,0,,0,0,1,1,1,0,1.0,64507.0
79.2,60,100,116,0.0,59.772,157.12,0.0001,100,1.1,0,0.0020503,14.457,8.969,78730,86429.0,6.4918,298.08,89.765,1.7376,10.0,,29,,1.7977,0.18479,,,1.3278,0,,0,0,1,1,1,0,1.0,64041.0
79.4,60,100,116,0.0,63.582,154.4,0.0001,100,1.1,0,0.0020297,14.458,9.0112,78780,86491.0,6.4887,298.05,80.279,1.7422,10.0,,29,,1.7953,0.18481,,,1.3313,0,,0,0,1,1,1,0,1.0,64910.0
79.6,60,100,116,0.0,68.624,148.75,0.0001,100,1.1,0,0.0020007,14.476,9.0537,78832,86554.0,6.4873,298.04,73.281,1.7468,10.0,,29,,1.778,0.18496,,,1.3348,0,,0,0,1,1,1,0,1.0,64280.0
79.8,60,100,116,0.0,74.224,144.5,0.0001,100,1.1,0,0.0019663,14.5,9.0962,78885,86619.0,6.4888,298.02,68.77,1.7513,10.0,,29,,1.7621,0.18511,,,1.3383,0,,0,0,1,1,1,0,1.0,63816.0
80.0,60,100,116,0.0,79.227,141.81,0.0001,100,1.1,0,0.0019465,14.499,9.1387,78939,86684.0,6.4917,298.01,63.186,1.7558,10.0,,29,,1.7596,0.18512,,,1.3418,0,,0,0,1,1,1,0,1.0,64520.0
80.2,60,100,90,0.0,83.078,137.62,0.0001,100,1.1,0,0.0012097,15.158,9.1747,78988,86743.0,6.5085,297.94,36.855,1.7593,10.0,,23,,1.5313,0.18729,,,1.3445,0,,0,0,1,1,1,0,1.0,65691.0
80.4,60,100,90,0.0,80.144,41.287,167.43,100,1.1,0,0.0012221,15.135,9.2107,79037,86801.0,6.5224,298.35,190.13,1.7623,10.0,,23,,1.4982,0.1876,,,1.3468,0,,0,0,1,1,1,0,1.0,65529.0
80.6,60,100,90,0.0,71.693,181.4,16.743,100,1.1,0,0.0012399,15.079,9.2477,79084,86857.0,6.5295,298.27,159.58,1.7653,10.0,,23,,1.5136,0.18745,,,1.3491,0,,0,0,1,1,1,0,1.0,65539.0
80.8,60,100,90,0.0,60.421,163.16,1.6743,100,1.1,0,0.0012662,15.015,9.2853,79129,86911.0,6.5283,298.17,124.45,1.7683,10.0,,23,,1.5374,0.18722,,,1.3514,0,,0,0,1,1,1,0,1.0,66052.0
81.0,60,100,90,0.0,49.667,141.33,0.16743,100,1.1,0,0.0012748,14.963,9.3233,79172,86963.0,6.5197,298.1,97.07,1.7714,10.0,,23,,1.559,0.18701,,,1.3538,0,,0,0,1,1,1,0,1.0,66399.0
81.2,60,100,90,0.0,42.35,123.24,0.016743,100,1.1,0,0.0013096,14.898,9.3621,79213,87014.0,6.5044,298.04,75.929,1.7745,10.0,,23,,1.5851,0.18675,,,1.3561,0,,0,0,1,1,1,0,1.0,65251.0
81.4,60,100,90,0.0,41.127,108.02,0.0016743,100,1.1,0,0.001296,14.904,9.4005,79254,87064.0,6.489,298.0,59.596,1.7776,10.0,,23,,1.5793,0.1868,,,1.3585,0,,0,0,1,1,1,0,1.0,65768.0
81.6,60,100,90,0.0,46.059,95.006,0.00016743,100,1.1,0,0.0012848,14.916,9.4386,79296,87115.0,6.4798,297.96,46.441,1.7807,10.0,,23,,1.5714,0.18687,,,1.3609,0,,0,0,1,1,1,0,1.0,66449.0
81.8,60,100,90,0.0,54.647,83.194,0.0001,100,1.1,0,0.0012714,14.933,9.4762,79340,87168.0,6.4777,297.94,36.685,1.7838,10.0,,23,,1.5605,0.18697,,,1.3633,0,,0,0,1,1,1,0,1.0,66629.0
82.0,60,100,90,0.0,64.066,24.958,94.498,100,1.1,0,0.0012954,14.912,9.5139,79385,87223.0,6.4845,298.19,132.24,1.7869,10.0,,23,,1.5626,0.18694,,,1.3657,0,,0,0,1,1,1,0,1.0,66642.0
82.2,60,100,90,0.0,70.771,110.89,9.4498,100,1.1,0,0.0012614,14.942,9.5514,79432,87280.0,6.4961,298.16,117.97,1.79,10.0,,23,,1.5502,0.18705,,,1.368,0,,0,0,1,1,1,0,1.0,67154.0
82.4,60,100,90,0.0,72.825,103.1,0.94498,100,1.1,0,0.0012312,14.982,9.5885,79479,87336.0,6.5082,298.1,96.649,1.793,10.0,,23,,1.5247,0.18729,,,1.3703,0,,0,0,1,1,1,0,1.0,66497.0
82.6,60,100,90,0.0,70.042,89.609,0.094498,100,1.1,0,0.0012061,14.97,9.6259,79526,87392.0,6.5185,298.05,79.88,1.7959,10.0,,23,,1.5289,0.18725,,,1.3726,0,,0,0,1,1,1,0,1.0,67342.0
82.8,60,100,90,0.0,63.176,78.322,0.0094498,100,1.1,0,0.0011893,14.941,9.6636,79571,87447.0,6.525,298.02,67.809,1.7988,10.0,,23,,1.544,0.1871,,,1.3748,0,,0,0,1,1,1,0,1.0,67522.0
83.0,60,100,90,0.0,53.727,69.596,0.00094498,100,1.1,0,0.0012246,14.862,9.7019,79615,87499.0,6.5243,298.01,62.017,1.8017,10.0,,23,,1.5763,0.18678,,,1.377,0,,0,0,1,1,1,0,1.0,67538.0
83.2,60,100,90,0.0,44.552,65.343,0.0001,100,1.1,0,0.0012137,14.852,9.7403,79657,87550.0,6.5169,298.0,58.491,1.8046,10.0,,23,,1.5772,0.18677,,,1.3793,0,,0,0,1,1,1,0,1.0,67554.0
83.4,60,100,90,0.0,38.351,62.469,0.0001,100,1.1,0,0.001185,14.854,9.7783,79697,87600.0,6.5045,297.99,56.507,1.8075,10.0,,23,,1.5747,0.18679,,,1.3815,0,,0,0,1,1,1,0,1.0,67569.0
83.6,60,100,90,0.0,37.101,60.615,0.0001,100,1.1,0,0.0011697,14.864,9.8159,79737,87649.0,6.4918,297.99,54.68,1.8104,10.0,,23,,1.5654,0.18687,,,1.3837,0,,0,0,1,1,1,0,1.0,67749.0
83.8,60,100,90,0.0,40.91,58.677,0.0001,100,1.1,0,0.0011286,14.907,9.8527,79778,87699.0,6.4835,297.98,51.679,1.8131,10.0,,23,,1.5456,0.18705,,,1.3858,0,,0,0,1,1,1,0,1.0,68424.0
84.0,60,100,90,0.0,48.021,55.479,0.0001,100,1.1,0,0.0011453,14.883,9.8896,79821,87750.0,6.4802,297.98,51.143,1.8159,10.0,1437.4,23,1810.4,1.548,0.18703,9.7403,19.471,1.3879,0,25.919,0,0,1,1,1,0,1.0,68599.0
84.2,60,100,90,0.0,56.442,54.264,0.0001,100,1.1,0,0.0011257,14.912,9.9259,79865,87803.0,6.4856,297.97,48.217,1.8186,10.0,,23,,1.5344,0.18715,,,1.39,0,,0,0,1,1,1,0,1.0,69439.0
84.4,60,100,90,0.0,62.712,50.76,0.0001,100,1.1,0,0.0011122,14.907,9.9618,79910,87858.0,6.4953,297.96,45.53,1.8213,10.0,,23,,1.5399,0.18709,,,1.3921,0,,0,0,1,1,1,0,1.0,68277.0
84.6,60,100,90,0.0,65.113,47.232,0.0001,100,1.1,0,0.001075,14.943,9.9969,79956,87912.0,6.5085,297.95,42.139,1.824,10.0,,23,,1.5231,0.18725,,,1.3942,0,,0,0,1,1,1,0,1.0,69610.0
84.8,60,100,90,0.0,62.211,42.791,0.0001,100,1.1,0,0.0011128,14.874,10.033,80001,87966.0,6.519,297.95,41.109,1.8267,10.0,,23,,1.5457,0.18703,,,1.3962,0,,0,0,1,1,1,0,1.0,69448.0
85.0,60,100,90,0.0,55.136,40.185,0.0001,100,1.1,0,0.0011099,14.85,10.069,80045,88019.0,6.5236,297.95,41.193,1.8294,10.0,,23,,1.5546,0.18694,,,1.3983,0,,0,0,1,1,1,0,1.0,70451.0
85.2,60,100,90,0.0,46.244,38.448,0.0001,100,1.1,0,0.0011275,14.801,10.105,80087,88070.0,6.5195,297.96,43.095,1.8321,10.0,,23,,1.5712,0.18677,,,1.4004,0,,0,0,1,1,1,0,1.0,68791.0
85.4,60,100,90,0.0,39.006,38.356,0.0001,100,1.1,0,0.0011286,14.767,10.141,80127,88120.0,6.5106,297.96,45.242,1.8349,10.0,,23,,1.5842,0.18665,,,1.4025,0,,0,0,1,1,1,0,1.0,69963.0
85.6,60,100,90,0.0,35.306,38.639,0.0001,100,1.1,0,0.001154,14.725,10.178,80167,88169.0,6.4965,297.97,47.915,1.8377,10.0,,23,,1.5931,0.18656,,,1.4047,0,,0,0,1,1,1,0,1.0,69639.0
85.8,60,100,90,0.0,37.254,39.608,0.0001,100,1.1,0,0.0011129,14.757,10.214,80207,88218.0,6.4838,297.97,48.871,1.8405,10.0,,23,,1.5818,0.18666,,,1.4068,0,,0,0,1,1,1,0,1.0,69978.0
86.0,60,100,90,0.0,44.233,39.266,0.0001,100,1.1,0,0.00111,14.762,10.251,80249,88269.0,6.4771,297.97,50.01,1.8432,10.0,,23,,1.5749,0.18672,,,1.4089,0,,0,0,1,1,1,0,1.0,69652.0
86.2,60,100,90,0.0,53.901,39.219,0.0001,100,1.1,0,0.0011115,14.789,10.287,80292,88321.0,6.4791,297.98,50.606,1.8459,10.0,,23,,1.5507,0.18694,,,1.411,0,,0,0,1,1,1,0,1.0,69823.0
86.4,60,100,90,0.0,62.766,38.786,0.0001,100,1.1,0,0.0011106,14.797,10.322,80337,88376.0,6.485,297.98,50.317,1.8487,10.0,,23,,1.543,0.18701,,,1.4131,0,,0,0,1,1,1,0,1.0,70994.0
86.6,60,100,90,0.0,69.271,37.618,0.0001,100,1.1,0,0.0010953,14.795,10.358,80384,88431.0,6.4941,297.97,49.519,1.8514,10.0,,23,,1.5487,0.18695,,,1.4152,0,,0,0,1,1,1,0,1.0,71162.0
86.8,60,100,90,0.0,72.141,35.977,0.0001,100,1.1,0,0.001105,14.784,10.393,80431,88487.0,6.5043,297.97,49.186,1.8541,10.0,,23,,1.5481,0.18695,,,1.4173,0,,0,0,1,1,1,0,1.0,71664.0
87.0,60,100,90,0.0,70.942,34.689,0.0001,100,1.1,0,0.0011037,14.784,10.428,80478,88543.0,6.5136,297.97,48.448,1.8568,10.0,,23,,1.5419,0.18701,,,1.4194,0,,0,0,1,1,1,0,1.0,71499.0
87.2,60,100,90,0.0,66.02,32.992,0.0001,100,1.1,0,0.0010846,14.79,10.463,80524,88598.0,6.5194,297.97,47.279,1.8595,10.0,,23,,1.5348,0.18707,,,1.4215,0,,0,0,1,1,1,0,1.0,71332.0
87.4,60,100,90,0.0,58.793,30.84,0.0001,100,1.1,0,0.0011158,14.726,10.499,80568,88652.0,6.5182,297.97,48.36,1.8622,10.0,,23,,1.5541,0.18688,,,1.4236,0,,0,0,1,1,1,0,1.0,71502.0
87.6,60,100,90,0.0,52.064,30.621,0.0001,100,1.1,0,0.0011585,14.645,10.536,80611,88704.0,6.5094,297.98,52.27,1.865,10.0,,23,,1.5851,0.18658,,,1.4257,0,,0,0,1,1,1,0,1.0,71344.0
87.8,60,100,90,0.0,48.863,33.027,0.0001,100,1.1,0,0.0011682,14.619,10.573,80654,88756.0,6.5,297.99,56.318,1.8679,10.0,,23,,1.5949,0.18648,,,1.4279,0,,0,0,1,1,1,0,1.0,72188.0
88.0,60,100,90,0.0,49.398,35.885,0.0001,100,1.1,0,0.0011738,14.595,10.611,80696,88808.0,6.4928,298.0,59.846,1.8707,10.0,,23,,1.5998,0.18643,,,1.4301,0,,0,0,1,1,1,0,1.0,71032.0
88.2,60,100,90,0.0,52.778,38.666,0.0001,100,1.1,0,0.0011557,14.611,10.647,80739,88861.0,6.4875,298.0,61.406,1.8736,10.0,,23,,1.5928,0.18649,,,1.4323,0,,0,0,1,1,1,0,1.0,72541.0
88.4,60,100,90,0.0,58.293,40.023,0.0001,100,1.1,0,0.0012053,14.546,10.685,80784,88914.0,6.4853,298.01,64.521,1.8765,10.0,,23,,1.6152,0.18627,,,1.4345,0,,0,0,1,1,1,0,1.0,71387.0
88.6,60,100,90,0.0,64.675,42.976,0.0001,100,1.1,0,0.0012085,14.54,10.722,80829,88970.0,6.4877,298.02,65.828,1.8795,10.0,,23,,1.6219,0.1862,,,1.4368,0,,0,0,1,1,1,0,1.0,72731.0
88.8,60,100,90,0.0,70.112,44.57,0.0001,100,1.1,0,0.0012328,14.534,10.759,80876,89026.0,6.4938,298.02,66.372,1.8824,10.0,,23,,1.6147,0.18627,,,1.4391,0,,0,0,1,1,1,0,1.0,72909.0
89.0,60,100,90,0.0,73.12,45.639,0.0001,100,1.1,0,0.0012098,14.55,10.796,80923,89083.0,6.5024,298.02,66.245,1.8854,10.0,,23,,1.606,0.18634,,,1.4414,0,,0,0,1,1,1,0,1.0,72583.0
89.2,60,100,90,0.0,72.659,46.169,0.0001,100,1.1,0,0.0012092,14.527,10.833,80970,89139.0,6.5094,298.02,65.983,1.8884,10.0,,23,,1.6135,0.18627,,,1.4437,0,,0,0,1,1,1,0,1.0,73592.0
89.4,60,100,90,0.0,69.412,46.58,0.0001,100,1.1,0,0.0011912,14.538,10.869,81017,89195.0,6.516,298.01,64.9,1.8913,10.0,,23,,1.6045,0.18635,,,1.446,0,,0,0,1,1,1,0,1.0,72433.0
89.6,60,100,90,0.0,63.533,46.227,0.0001,100,1.1,0,0.0012102,14.481,10.907,81062,89250.0,6.5179,298.02,66.807,1.8943,10.0,,23,,1.624,0.18615,,,1.4482,0,,0,0,1,1,1,0,1.0,74278.0
89.8,60,100,90,0.0,56.917,48.478,0.0001,100,1.1,0,0.0012372,14.424,10.945,81106,89304.0,6.5152,298.02,69.175,1.8973,10.0,,23,,1.6416,0.18598,,,1.4505,0,,0,0,1,1,1,0,1.0,74127.0
90.0,60,100,90,0.0,51.361,51.27,0.0001,100,1.1,0,0.0012745,14.354,10.984,81149,89357.0,6.5085,298.03,71.89,1.9004,10.0,,23,,1.6634,0.18577,,,1.4529,0,,0,0,1,1,1,0,1.0,74813.0
90.2,75,100,90,0.0,48.498,54.596,0.0001,100,1.1,0,0.001265,14.735,11.023,81191,89409.0,6.5016,298.03,72.488,1.5517,10.0,,23,,1.5919,0.19014,,,1.4814,0,,0,0,1,1,1,0,1.0,73497.0
90.4,75,100,90,0.0,48.388,56.276,0.0001,100,1.1,0,0.0012526,14.736,11.061,81234,89461.0,6.4943,298.03,72.566,1.5335,10.0,,23,,1.529,0.19065,,,1.4638,0,,0,0,1,1,1,0,1.0,73680.0
90.6,75,100,90,0.0,51.19,57.589,0.0001,100,1.1,0,0.0012723,14.712,11.1,81277,89514.0,6.4919,298.04,73.264,1.5347,10.0,,23,,1.526,0.19067,,,1.465,0,,0,0,1,1,1,0,1.0,74530.0
90.8,75,100,90,0.0,54.933,59.476,0.0001,100,1.1,0,0.0012787,14.703,11.138,81320,89567.0,6.4947,298.04,73.533,1.5371,10.0,,23,,1.5251,0.19067,,,1.4673,0,,0,0,1,1,1,0,1.0,74216.0
91.0,75,100,90,0.0,57.547,61.033,0.0001,100,1.1,0,0.0012933,14.697,11.177,81364,89621.0,6.498,298.03,72.758,1.5396,10.0,,23,,1.5204,0.1907,,,1.4698,0,,0,0,1,1,1,0,1.0,74735.0
91.2,75,100,90,0.0,58.85,61.69,0.0001,100,1.1,0,0.001317,14.658,11.216,81409,89675.0,6.4996,298.03,72.037,1.5422,10.0,,23,,1.5397,0.19055,,,1.4722,0,,0,0,1,1,1,0,1.0,75588.0
91.4,75,100,90,0.0,59.544,62.339,0.0001,100,1.1,0,0.0012991,14.657,11.255,81453,89730.0,6.5042,298.02,69.078,1.5447,10.0,,23,,1.5477,0.19048,,,1.4746,0,,0,0,1,1,1,0,1.0,75439.0
91.6,75,100,90,0.0,58.366,60.913,0.0001,100,1.1,0,0.0012686,14.691,11.293,81497,89784.0,6.5081,298.02,66.023,1.5472,10.0,,23,,1.5206,0.19068,,,1.477,0,,0,0,1,1,1,0,1.0,75122.0
91.8,75,100,90,0.0,55.654,59.159,0.0001,100,1.1,0,0.0012492,14.692,11.331,81541,89837.0,6.5109,298.01,63.196,1.5496,10.0,,23,,1.5194,0.19069,,,1.4794,0,,0,0,1,1,1,0,1.0,76136.0
92.0,75,100,90,0.0,51.815,57.314,0.0001,100,1.1,0,0.0012802,14.648,11.37,81584,89890.0,6.5092,298.01,62.631,1.5521,10.0,,23,,1.5239,0.19065,,,1.4817,0,,0,0,1,1,1,0,1.0,76653.0
92.2,75,100,90,0.0,48.672,57.214,0.0001,100,1.1,0,0.001295,14.621,11.408,81626,89943.0,6.5063,298.01,63.922,1.5546,10.0,,23,,1.5282,0.19061,,,1.4841,0,,0,0,1,1,1,0,1.0,76836.0
92.4,75,100,90,0.0,46.661,58.674,0.0001,100,1.1,0,0.0013014,14.604,11.447,81668,89994.0,6.5016,298.01,64.742,1.5571,10.0,,23,,1.5312,0.19058,,,1.4866,0,,0,0,1,1,1,0,1.0,75853.0
92.6,75,100,90,0.0,46.538,59.802,0.0001,100,1.1,0,0.0013064,14.601,11.485,81710,90046.0,6.4979,298.02,66.353,1.5597,10.0,,23,,1.5233,0.19064,,,1.489,0,,0,0,1,1,1,0,1.0,75702.0
92.8,75,100,90,0.0,47.876,61.724,0.0001,100,1.1,0,0.0012866,14.589,11.523,81752,90098.0,6.4958,298.02,66.817,1.5622,10.0,,23,,1.5345,0.19055,,,1.4914,0,,0,0,1,1,1,0,1.0,76719.0
93.0,75,100,90,0.0,50.07,62.763,0.0001,100,1.1,0,0.0012614,14.601,11.561,81795,90151.0,6.4944,298.02,65.975,1.5647,10.0,,23,,1.5324,0.19056,,,1.4938,0,,0,0,1,1,1,0,1.0,75567.0
93.2,75,100,90,0.0,52.817,62.706,0.0001,100,1.1,0,0.0012155,14.624,11.598,81838,90204.0,6.4947,298.01,64.21,1.5671,10.0,,23,,1.5303,0.19057,,,1.4961,0,,0,0,1,1,1,0,1.0,76743.0
93.4,75,100,90,0.0,55.446,61.769,0.0001,100,1.1,0,0.0012284,14.606,11.636,81881,90257.0,6.496,298.01,63.339,1.5695,10.0,,23,,1.5305,0.19056,,,1.4984,0,,0,0,1,1,1,0,1.0,76755.0
93.6,75,100,90,0.0,57.561,61.476,0.0001,100,1.1,0,0.0012033,14.626,11.673,81926,90311.0,6.5003,298.01,62.146,1.5719,10.0,,23,,1.5167,0.19066,,,1.5007,0,,0,0,1,1,1,0,1.0,76764.0
93.8,75,100,90,0.0,57.959,60.796,0.0001,100,1.1,0,0.0012163,14.618,11.71,81970,90365.0,6.5057,298.0,61.101,1.5743,10.0,,23,,1.5062,0.19074,,,1.503,0,,0,0,1,1,1,0,1.0,77109.0
94.0,75,100,90,0.0,56.181,60.139,0.0001,100,1.1,0,0.0011803,14.65,11.747,82013,90419.0,6.5116,298.0,60.463,1.5767,10.0,,23,,1.4862,0.19089,,,1.5053,0,,0,0,1,1,1,0,1.0,77618.0
94.2,75,100,90,0.0,52.072,59.741,0.0001,100,1.1,0,0.0011939,14.593,11.784,82056,90471.0,6.5133,298.0,59.986,1.579,10.0,,23,,1.5164,0.19065,,,1.5075,0,,0,0,1,1,1,0,1.0,77463.0
94.4,75,100,90,0.0,47.294,59.416,0.0001,100,1.1,0,0.0011906,14.56,11.822,82098,90523.0,6.5105,298.0,60.312,1.5814,10.0,,23,,1.5368,0.19049,,,1.5098,0,,0,0,1,1,1,0,1.0,78143.0
94.6,75,100,90,0.0,43.621,59.755,0.0001,100,1.1,0,0.0011669,14.55,11.859,82140,90574.0,6.5041,298.0,59.337,1.5837,10.0,,23,,1.5455,0.19042,,,1.512,0,,0,0,1,1,1,0,1.0,76987.0
94.8,75,100,90,0.0,42.513,58.955,0.0001,100,1.1,0,0.0011517,14.539,11.896,82181,90625.0,6.4976,298.0,58.038,1.586,10.0,,23,,1.556,0.19034,,,1.5143,0,,0,0,1,1,1,0,1.0,77997.0
95.0,75,100,90,0.0,43.975,57.8,0.0001,100,1.1,0,0.0011501,14.522,11.933,82222,90676.0,6.4924,297.99,57.138,1.5883,10.0,,23,,1.566,0.19026,,,1.5165,0,,0,0,1,1,1,0,1.0,78506.0
95.2,75,100,90,0.0,47.549,56.88,0.0001,100,1.1,0,0.0011524,14.502,11.97,82264,90728.0,6.4917,297.99,56.443,1.5906,10.0,,23,,1.5806,0.19015,,,1.5187,0,,0,0,1,1,1,0,1.0,77682.0
95.4,75,100,90,0.0,51.374,56.048,0.0001,100,1.1,0,0.0011416,14.508,12.006,82307,90780.0,6.4948,297.99,54.76,1.5929,10.0,,23,,1.58,0.19015,,,1.5209,0,,0,0,1,1,1,0,1.0,78688.0
95.6,75,100,90,0.0,53.963,54.27,0.0001,100,1.1,0,0.0011643,14.472,12.043,82350,90833.0,6.5009,297.99,55.01,1.5953,10.0,,23,,1.5931,0.19004,,,1.5231,0,,0,0,1,1,1,0,1.0,79364.0
95.8,75,100,90,0.0,54.133,54.06,0.0001,100,1.1,0,0.0011739,14.44,12.08,82393,90887.0,6.5056,297.99,55.25,1.5976,10.0,,23,,1.6091,0.18992,,,1.5254,0,,0,0,1,1,1,0,1.0,80039.0
96.0,75,100,90,0.0,52.426,53.829,0.0001,100,1.1,0,0.0011866,14.413,12.117,82436,90939.0,6.508,297.99,55.399,1.6,10.0,1533.4,23,1827.8,1.6222,0.18981,11.97,20.781,1.5277,0,34.541,0,0,1,1,1,0,1.0,79216.0
96.2,75,100,90,0.0,49.749,53.54,0.0001,100,1.1,0,0.0011545,14.439,12.154,82479,90992.0,6.5089,297.99,54.901,1.6023,10.0,,23,,1.6069,0.18992,,,1.5299,0,,0,0,1,1,1,0,1.0,79223.0
96.4,75,100,90,0.0,46.731,52.697,0.0001,100,1.1,0,0.0011467,14.432,12.19,82521,91043.0,6.5088,297.99,54.012,1.6046,10.0,,23,,1.6076,0.18991,,,1.5321,0,,0,0,1,1,1,0,1.0,80229.0
96.6,75,100,90,0.0,43.737,51.471,0.0001,100,1.1,0,0.0011501,14.419,12.226,82562,91094.0,6.5039,297.99,53.908,1.6069,10.0,,23,,1.6085,0.1899,,,1.5343,0,,0,0,1,1,1,0,1.0,80236.0
96.8,75,100,90,0.0,42.7,50.862,0.0001,100,1.1,0,0.0011269,14.426,12.263,82603,91145.0,6.4996,297.98,53.36,1.6092,10.0,,23,,1.6052,0.18992,,,1.5365,0,,0,0,1,1,1,0,1.0,79742.0
97.0,75,100,90,0.0,43.386,49.836,0.0001,100,1.1,0,0.001113,14.419,12.299,82644,91196.0,6.4957,297.99,54.737,1.6114,10.0,,23,,1.6086,0.18989,,,1.5386,0,,0,0,1,1,1,0,1.0,80415.0
97.2,75,100,90,0.0,45.632,50.463,0.0001,100,1.1,0,0.0011087,14.392,12.335,82686,91247.0,6.495,297.99,55.329,1.6136,10.0,,23,,1.6334,0.1897,,,1.5407,0,,0,0,1,1,1,0,1.0,80087.0
97.4,75,100,90,0.0,48.154,50.494,0.0001,100,1.1,0,0.0011252,14.364,12.371,82728,91299.0,6.4966,297.99,57.449,1.6159,10.0,,23,,1.6408,0.18964,,,1.5429,0,,0,0,1,1,1,0,1.0,80260.0
97.6,75,100,90,0.0,50.013,51.94,0.0001,100,1.1,0,0.0011298,14.355,12.408,82770,91351.0,6.501,298.0,59.562,1.6181,10.0,,23,,1.6423,0.18963,,,1.5451,0,,0,0,1,1,1,0,1.0,80434.0
97.8,75,100,90,0.0,50.141,53.554,0.0001,100,1.1,0,0.0011239,14.343,12.444,82813,91403.0,6.5048,298.0,60.358,1.6204,10.0,,23,,1.6465,0.18959,,,1.5472,0,,0,0,1,1,1,0,1.0,80941.0
98.0,75,100,90,0.0,48.736,54.21,0.0001,100,1.1,0,0.0011153,14.334,12.481,82855,91455.0,6.506,298.0,59.679,1.6227,10.0,,23,,1.6466,0.18958,,,1.5494,0,,0,0,1,1,1,0,1.0,80280.0
98.2,75,100,90,0.0,46.884,53.67,0.0001,100,1.1,0,0.0011289,14.307,12.517,82897,91507.0,6.5059,298.0,59.051,1.6249,10.0,,23,,1.6528,0.18953,,,1.5516,0,,0,0,1,1,1,0,1.0,80623.0
98.4,75,100,90,0.0,45.052,53.14,0.0001,100,1.1,0,0.001095,14.338,12.553,82938,91558.0,6.5056,297.99,57.021,1.6272,10.0,,23,,1.6344,0.18967,,,1.5537,0,,0,0,1,1,1,0,1.0,81460.0
98.6,75,100,90,0.0,43.332,51.317,0.0001,100,1.1,0,0.0011006,14.307,12.59,82979,91609.0,6.5034,297.99,56.605,1.6294,10.0,,23,,1.6468,0.18957,,,1.5559,0,,0,0,1,1,1,0,1.0,81966.0
98.8,75,100,90,0.0,42.515,50.745,0.0001,100,1.1,0,0.0011246,14.258,12.626,83020,91660.0,6.4992,297.99,56.696,1.6317,10.0,,23,,1.6672,0.18941,,,1.5581,0,,0,0,1,1,1,0,1.0,81974.0
99.0,75,100,90,0.0,43.363,50.547,0.0001,100,1.1,0,0.0011244,14.245,12.663,83062,91711.0,6.4964,297.99,56.484,1.634,10.0,,23,,1.6727,0.18936,,,1.5603,0,,0,0,1,1,1,0,1.0,82481.0
99.2,75,100,90,0.0,45.312,50.083,0.0001,100,1.1,0,0.0011096,14.266,12.699,83103,91762.0,6.4978,297.99,55.413,1.6362,10.0,,23,,1.659,0.18946,,,1.5624,0,,0,0,1,1,1,0,1.0,81820.0
99.4,75,100,90,0.0,46.702,48.851,0.0001,100,1.1,0,0.0011046,14.276,12.735,83145,91814.0,6.5007,297.99,53.773,1.6385,10.0,,23,,1.645,0.18957,,,1.5646,0,,0,0,1,1,1,0,1.0,81323.0
99.6,75,100,90,0.0,46.941,47.036,0.0001,100,1.1,0,0.0010985,14.269,12.77,83187,91866.0,6.5029,297.98,52.043,1.6407,10.0,,23,,1.6456,0.18956,,,1.5668,0,,0,0,1,1,1,0,1.0,82992.0
99.8,75,100,90,0.0,46.311,44.998,0.0001,100,1.1,0,0.0010957,14.247,12.806,83228,91917.0,6.5044,297.98,50.34,1.643,10.0,,23,,1.6562,0.18947,,,1.5689,0,,0,0,1,1,1,0,1.0,82494.0
100.0,75,100,90,0.0,45.069,42.822,0.0001,100,1.1,0,0.0010837,14.245,12.841,83270,91968.0,6.5043,297.98,49.94,1.6452,10.0,,23,,1.6563,0.18947,,,1.5711,0,,0,0,1,1,1,0,1.0,82661.0
100.2,75,100,90,0.0,43.873,41.623,0.0001,100,1.0,-4000,0.0011142,13.369,12.876,82606,91219.0,6.5303,297.98,50.607,1.6385,10.0,,23,,1.6395,0.18961,,,1.5646,0,,0,0,1,1,1,0,1.0,82496.0
100.4,75,100,90,0.0,32.189,41.296,0.0001,100,1.0,-4000,0.0011467,13.29,12.912,81939,90468.0,6.5419,297.98,53.6,1.6273,10.0,,23,,1.6485,0.18956,,,1.5539,0,,0,0,1,1,1,0,1.0,83336.0
100.6,75,100,90,0.0,15.992,43.075,0.0001,100,1.0,-4000,0.0012082,13.153,12.951,81270,89714.0,6.5295,298.0,59.438,1.616,10.0,,23,,1.6793,0.18935,,,1.543,0,,0,0,1,1,1,0,1.0,83018.0
100.8,75,100,90,0.0,4.7899,47.657,0.0001,100,1.0,-4000,0.0011915,13.128,12.989,80598,88958.0,6.503,298.01,62.61,1.6047,10.0,,23,,1.6695,0.18945,,,1.5321,0,,0,0,1,1,1,0,1.0,83034.0
101.0,75,100,90,0.0,4.1501,50.393,0.0001,100,1.0,-4000,0.0012402,13.05,13.028,79926,88201.0,6.4767,298.02,65.876,1.5933,10.0,,23,,1.6806,0.18938,,,1.5213,0,,0,0,1,1,1,0,1.0,83720.0
101.2,75,100,90,0.0,14.004,53.6,0.0001,100,1.0,-4000,0.0012379,13.067,13.067,79257,87447.0,6.4634,298.02,68.312,1.582,10.0,,23,,1.6493,0.18964,,,1.5104,0,,0,0,1,1,1,0,1.0,84072.0
101.4,75,100,90,0.0,29.136,56.392,0.0001,100,1.0,-4000,0.0012933,13.034,13.106,78590,86696.0,6.4658,298.03,69.942,1.5707,10.0,,23,,1.6332,0.18979,,,1.4995,0,,0,0,1,1,1,0,1.0,83593.0
101.6,75,100,90,0.0,43.284,58.719,0.0001,100,1.0,-4000,0.0013667,12.964,13.146,77927,85948.0,6.482,298.03,71.44,1.5594,10.0,,23,,1.6391,0.18976,,,1.4887,0,,0,0,1,1,1,0,1.0,83951.0
101.8,75,100,90,0.0,50.966,61.114,0.0001,100,1.0,-4000,0.0013947,12.949,13.186,77265,85201.0,6.5054,298.03,72.478,1.5482,10.0,,23,,1.6198,0.18993,,,1.478,0,,0,0,1,1,1,0,1.0,84809.0
102.0,75,100,90,0.0,49.303,63.244,0.0001,100,1.0,-4000,0.0014354,12.878,13.227,76603,84454.0,6.5276,298.04,75.813,1.537,10.0,,23,,1.6302,0.18987,,,1.4672,0,,0,0,1,1,1,0,1.0,84502.0
102.2,75,100,90,0.0,38.791,67.669,0.0001,100,1.0,0,0.0014259,12.852,13.267,76643,84505.0,6.51,298.05,77.506,1.5353,10.0,,23,,1.6306,0.18987,,,1.4656,0,,0,0,1,1,1,0,1.0,84197.0
102.4,75,100,90,0.0,35.444,70.842,0.0001,100,1.0,0,0.0014184,12.817,13.308,76683,84556.0,6.4914,298.05,77.126,1.5377,10.0,,23,,1.6524,0.1897,,,1.4679,0,,0,0,1,1,1,0,1.0,84726.0
102.6,75,100,90,0.0,39.42,72.256,0.0001,100,1.0,0,0.001424,12.819,13.349,76724,84607.0,6.4782,298.04,75.831,1.5403,10.0,,23,,1.6472,0.18974,,,1.4704,0,,0,0,1,1,1,0,1.0,84089.0
102.8,75,100,90,0.0,48.636,72.807,0.0001,100,1.0,0,0.0014323,12.796,13.39,76767,84660.0,6.4744,298.04,74.951,1.5429,10.0,,23,,1.664,0.18961,,,1.4729,0,,0,0,1,1,1,0,1.0,85619.0
103.0,75,100,90,0.0,59.35,73.638,0.0001,100,1.0,0,0.001415,12.842,13.431,76812,84716.0,6.4798,298.03,70.727,1.5456,10.0,,23,,1.6391,0.18979,,,1.4755,0,,0,0,1,1,1,0,1.0,84979.0
103.2,75,100,90,0.0,67.907,71.202,0.0001,100,1.0,0,0.0014262,12.828,13.471,76859,84773.0,6.49,298.02,66.45,1.5482,10.0,,23,,1.6444,0.18974,,,1.478,0,,0,0,1,1,1,0,1.0,85838.0
103.4,75,100,90,0.0,72.419,68.353,0.0001,100,1.0,0,0.0014457,12.831,13.512,76906,84831.0,6.4998,298.01,64.199,1.5509,10.0,,23,,1.6272,0.18987,,,1.4806,0,,0,0,1,1,1,0,1.0,85864.0
103.6,75,100,90,0.0,73.025,66.985,0.0001,100,1.0,0,0.0014231,12.858,13.551,76954,84889.0,6.5096,298.0,61.105,1.5536,10.0,,23,,1.6102,0.18999,,,1.4831,0,,0,0,1,1,1,0,1.0,86721.0
103.8,75,100,90,0.0,69.697,64.547,0.0001,100,1.0,0,0.0014358,12.826,13.591,77001,84946.0,6.5149,298.0,58.926,1.5562,10.0,,23,,1.6181,0.18993,,,1.4857,0,,0,0,1,1,1,0,1.0,87245.0
104.0,75,100,90,0.0,64.255,62.676,0.0001,100,1.0,0,0.0013985,12.827,13.631,77046,85003.0,6.5173,297.99,56.919,1.5589,10.0,,23,,1.6148,0.18995,,,1.4882,0,,0,0,1,1,1,0,1.0,86103.0
104.2,75,100,90,0.0,57.844,60.725,0.0001,100,1.0,0,0.0013727,12.822,13.671,77091,85058.0,6.5163,297.99,55.906,1.5615,10.0,,23,,1.6214,0.18989,,,1.4907,0,,0,0,1,1,1,0,1.0,86958.0
104.4,75,100,90,0.0,51.835,59.504,0.0001,100,1.0,0,0.0013595,12.816,13.71,77134,85111.0,6.512,297.98,54.248,1.564,10.0,,23,,1.6165,0.18993,,,1.4931,0,,0,0,1,1,1,0,1.0,86647.0
104.6,75,100,90,0.0,47.577,57.552,0.0001,100,1.0,0,0.0013,12.852,13.749,77177,85164.0,6.5065,297.98,52.413,1.5665,10.0,,23,,1.606,0.19,,,1.4955,0,,0,0,1,1,1,0,1.0,87331.0
104.8,75,100,90,0.0,45.511,55.276,0.0001,100,1.0,0,0.0012949,12.851,13.787,77219,85216.0,6.5009,297.98,51.85,1.569,10.0,,23,,1.599,0.19005,,,1.4979,0,,0,0,1,1,1,0,1.0,87346.0
105.0,75,100,90,0.0,45.669,54.015,0.0001,100,1.0,0,0.0012835,12.848,13.825,77261,85269.0,6.495,297.98,51.608,1.5714,10.0,,23,,1.5991,0.19004,,,1.5002,0,,0,0,1,1,1,0,1.0,87361.0
105.2,75,100,90,0.0,48.189,52.973,0.0001,100,1.0,0,0.0013089,12.81,13.864,77304,85321.0,6.4919,297.98,51.874,1.5739,10.0,,23,,1.6133,0.18993,,,1.5026,0,,0,0,1,1,1,0,1.0,88044.0
105.4,75,100,90,0.0,51.943,52.377,0.0001,100,1.0,0,0.0013319,12.781,13.902,77347,85375.0,6.4904,297.98,52.219,1.5764,10.0,,23,,1.6254,0.18983,,,1.505,0,,0,0,1,1,1,0,1.0,87393.0
105.6,75,100,90,0.0,56.279,51.872,0.0001,100,1.0,0,0.0013459,12.756,13.94,77391,85430.0,6.4929,297.98,53.154,1.5789,10.0,,23,,1.6388,0.18973,,,1.5074,0,,0,0,1,1,1,0,1.0,88242.0
105.8,75,100,90,0.0,59.608,51.954,0.0001,100,1.0,0,0.0013286,12.771,13.978,77436,85485.0,6.4979,297.98,53.497,1.5814,10.0,,23,,1.6317,0.18978,,,1.5098,0,,0,0,1,1,1,0,1.0,88758.0
106.0,75,100,90,0.0,60.973,51.564,0.0001,100,1.0,0,0.0013204,12.783,14.016,77481,85540.0,6.5044,297.98,54.273,1.5839,10.0,,23,,1.6146,0.1899,,,1.5122,0,,0,0,1,1,1,0,1.0,88605.0
106.2,75,100,90,0.0,59.746,51.627,0.0001,100,1.0,0,0.001317,12.748,14.054,77526,85596.0,6.5099,297.99,55.383,1.5864,10.0,,23,,1.6424,0.18969,,,1.5146,0,,0,0,1,1,1,0,1.0,88119.0
106.4,75,100,90,0.0,56.318,52.073,0.0001,100,1.0,0,0.0013291,12.708,14.092,77570,85650.0,6.5123,297.99,56.93,1.5889,10.0,,23,,1.6624,0.18953,,,1.5171,0,,0,0,1,1,1,0,1.0,88967.0
106.6,75,100,90,0.0,51.916,53.034,0.0001,100,1.0,0,0.0013051,12.7,14.13,77614,85704.0,6.5113,297.99,57.708,1.5914,10.0,,23,,1.6759,0.18942,,,1.5194,0,,0,0,1,1,1,0,1.0,89648.0
106.8,75,100,90,0.0,47.937,53.422,0.0001,100,1.0,0,0.0013262,12.646,14.168,77656,85757.0,6.5065,298.0,59.246,1.5939,10.0,,23,,1.6952,0.18927,,,1.5218,0,,0,0,1,1,1,0,1.0,88498.0
107.0,75,100,90,0.0,45.85,54.616,0.0001,100,1.0,0,0.0013132,12.639,14.207,77698,85809.0,6.5008,298.0,61.113,1.5964,10.0,,23,,1.696,0.18926,,,1.5242,0,,0,0,1,1,1,0,1.0,89682.0
107.2,75,100,90,0.0,46.064,56.258,0.0001,100,1.0,0,0.0012763,12.68,14.245,77740,85862.0,6.497,298.0,61.245,1.5989,10.0,,23,,1.6719,0.18944,,,1.5266,0,,0,0,1,1,1,0,1.0,89529.0
107.4,75,100,90,0.0,47.791,56.46,0.0001,100,1.0,0,0.0012669,12.675,14.283,77783,85914.0,6.4943,298.0,61.012,1.6013,10.0,,23,,1.6737,0.18942,,,1.5289,0,,0,0,1,1,1,0,1.0,89877.0
107.6,75,100,90,0.0,50.605,56.371,0.0001,100,1.0,0,0.0012939,12.617,14.321,77826,85968.0,6.4958,298.0,61.78,1.6038,10.0,,23,,1.7065,0.18917,,,1.5313,0,,0,0,1,1,1,0,1.0,89226.0
107.8,75,100,90,0.0,52.806,57.199,0.0001,100,1.0,0,0.0012538,12.633,14.359,77869,86022.0,6.4991,298.0,60.669,1.6062,10.0,,23,,1.7205,0.18906,,,1.5336,0,,0,0,1,1,1,0,1.0,90072.0
108.0,75,100,90,0.0,53.694,56.331,0.0001,100,1.0,0,0.0012397,12.641,14.396,77913,86075.0,6.5033,298.0,59.965,1.6086,10.0,1594.1,23,1842.6,1.7175,0.18907,14.245,22.192,1.5359,0,43.193,0,0,1,1,1,0,1.0,90917.0
108.2,75,100,90,0.0,52.885,55.769,0.0001,100,1.0,0,0.0012623,12.613,14.434,77957,86129.0,6.5046,298.0,60.431,1.611,10.0,,23,,1.7145,0.18909,,,1.5382,0,,0,0,1,1,1,0,1.0,89597.0
108.4,75,100,90,0.0,51.593,56.219,0.0001,100,1.0,0,0.001244,12.619,14.471,78000,86183.0,6.5054,298.0,59.861,1.6134,10.0,,23,,1.71,0.18912,,,1.5405,0,,0,0,1,1,1,0,1.0,91442.0
108.6,75,100,90,0.0,49.945,55.727,0.0001,100,1.0,0,0.001235,12.611,14.509,78043,86236.0,6.5042,298.0,59.997,1.6158,10.0,,23,,1.7076,0.18913,,,1.5428,0,,0,0,1,1,1,0,1.0,89954.0
108.8,75,100,90,0.0,48.809,55.855,0.0001,100,1.0,0,0.001207,12.623,14.546,78085,86289.0,6.5021,298.0,58.877,1.6181,10.0,,23,,1.7049,0.18915,,,1.5451,0,,0,0,1,1,1,0,1.0,90132.0
109.0,75,100,90,0.0,48.495,54.814,0.0001,100,1.0,0,0.001165,12.664,14.583,78128,86341.0,6.5005,297.99,56.257,1.6204,10.0,,23,,1.6821,0.18932,,,1.5473,0,,0,0,1,1,1,0,1.0,90475.0
109.2,75,100,90,0.0,48.802,52.293,0.0001,100,1.0,0,0.0011693,12.65,14.62,78171,86394.0,6.4986,297.99,54.633,1.6227,10.0,,23,,1.6797,0.18933,,,1.5495,0,,0,0,1,1,1,0,1.0,90817.0
109.4,75,100,90,0.0,49.903,50.463,0.0001,100,1.0,0,0.0011377,12.683,14.656,78213,86447.0,6.4973,297.98,51.384,1.625,10.0,,23,,1.6652,0.18944,,,1.5516,0,,0,0,1,1,1,0,1.0,91656.0
109.6,75,100,90,0.0,51.514,46.942,0.0001,100,1.0,0,0.0011069,12.719,14.692,78257,86500.0,6.4971,297.97,47.919,1.6271,10.0,,23,,1.6493,0.18956,,,1.5537,0,,0,0,1,1,1,0,1.0,92158.0
109.8,75,100,90,0.0,53.186,42.927,0.0001,100,1.0,0,0.0011219,12.707,14.728,78300,86554.0,6.4957,297.96,45.174,1.6293,10.0,,23,,1.6409,0.18961,,,1.5558,0,,0,0,1,1,1,0,1.0,91829.0
110.0,75,100,90,0.0,55.411,39.237,0.0001,100,1.0,0,0.0011128,12.718,14.763,78344,86608.0,6.4953,297.95,42.643,1.6315,10.0,,23,,1.6325,0.18967,,,1.5579,0,,0,0,1,1,1,0,1.0,91000.0
110.2,75,100,90,0.0,57.8,35.455,0.0001,100,1.0,0,0.001112,12.726,14.799,78389,86662.0,6.4952,297.95,40.614,1.6337,10.0,,23,,1.6228,0.18974,,,1.56,0,,0,0,1,1,1,0,1.0,91836.0
110.4,75,100,90,0.0,60.23,10.637,45.794,100,1.0,0,0.0010728,12.781,14.833,78434,86717.0,6.4992,298.07,87.22,1.6358,10.0,,23,,1.5971,0.18993,,,1.562,0,,0,0,1,1,1,0,1.0,91166.0
110.6,75,100,90,0.0,61.06,51.86,4.5794,100,1.0,0,0.001111,12.713,14.869,78479,86772.0,6.5001,298.06,82.735,1.6379,10.0,,23,,1.6272,0.1897,,,1.5641,0,,0,0,1,1,1,0,1.0,91335.0
110.8,75,100,90,0.0,61.552,49.512,0.45794,100,1.0,0,0.0010858,12.754,14.904,78524,86827.0,6.5022,298.04,74.709,1.64,10.0,,23,,1.6056,0.18986,,,1.5661,0,,0,0,1,1,1,0,1.0,92833.0
111.0,75,100,90,0.0,61.185,44.469,0.045794,100,1.0,0,0.0011094,12.716,14.939,78569,86882.0,6.5028,298.03,70.105,1.6422,10.0,,23,,1.6164,0.18977,,,1.5681,0,,0,0,1,1,1,0,1.0,93668.0
111.2,75,100,90,0.0,60.585,41.858,0.0045794,100,1.0,0,0.0011097,12.705,14.975,78614,86937.0,6.5033,298.02,65.625,1.6443,10.0,,23,,1.6146,0.18978,,,1.5702,0,,0,0,1,1,1,0,1.0,92171.0
111.4,75,100,90,0.0,59.785,38.833,0.00045794,100,1.0,0,0.0011002,12.699,15.01,78659,86991.0,6.5019,298.01,62.234,1.6464,10.0,,23,,1.617,0.18976,,,1.5722,0,,0,0,1,1,1,0,1.0,93340.0
111.6,75,100,90,0.0,59.54,36.362,0.0001,100,1.0,0,0.0011041,12.692,15.045,78703,87046.0,6.502,298.0,59.399,1.6485,10.0,,23,,1.6108,0.18981,,,1.5742,0,,0,0,1,1,1,0,1.0,93340.0
111.8,75,100,90,0.0,59.243,34.045,0.0001,100,1.0,0,0.0011018,12.7,15.08,78748,87101.0,6.5016,298.0,58.196,1.6507,10.0,,23,,1.594,0.18993,,,1.5763,0,,0,0,1,1,1,0,1.0,93508.0
112.0,75,100,90,0.0,59.138,32.937,0.0001,100,1.0,0,0.0010518,12.765,15.115,78793,87155.0,6.5016,297.99,55.614,1.6528,10.0,,23,,1.5577,0.1902,,,1.5783,0,,0,0,1,1,1,0,1.0,93837.0
112.2,75,100,90,0.0,59.027,30.407,0.0001,100,1.0,0,0.00107,12.735,15.149,78837,87210.0,6.5019,297.99,54.899,1.6548,10.0,,23,,1.5547,0.19022,,,1.5803,0,,0,0,1,1,1,0,1.0,93335.0
112.4,75,100,90,0.0,58.803,29.366,0.0001,100,1.0,0,0.0010492,12.76,15.183,78882,87264.0,6.5031,297.98,53.537,1.6569,10.0,,23,,1.5448,0.19029,,,1.5823,0,,0,0,1,1,1,0,1.0,93997.0
112.6,75,100,90,0.0,58.084,27.621,0.0001,100,1.0,0,0.0010814,12.695,15.218,78926,87319.0,6.5042,297.98,54.077,1.659,10.0,,23,,1.5691,0.1901,,,1.5843,0,,0,0,1,1,1,0,1.0,94328.0
112.8,75,100,90,0.0,56.941,27.502,0.0001,100,1.0,0,0.0010759,12.688,15.252,78971,87373.0,6.504,297.98,53.597,1.6611,10.0,,23,,1.5763,0.19004,,,1.5863,0,,0,0,1,1,1,0,1.0,94659.0
113.0,75,100,90,0.0,55.869,26.462,0.0001,100,1.0,0,0.0010584,12.683,15.287,79015,87427.0,6.5047,297.98,53.314,1.6631,10.0,,23,,1.576,0.19004,,,1.5883,0,,0,0,1,1,1,0,1.0,93655.0
113.2,75,100,90,0.0,54.486,25.576,0.0001,100,1.0,0,0.0010533,12.697,15.321,79058,87481.0,6.5065,297.98,53.344,1.6652,10.0,,23,,1.5544,0.1902,,,1.5902,0,,0,0,1,1,1,0,1.0,94320.0
113.4,75,100,90,0.0,52.415,24.944,0.0001,100,1.0,0,0.0010685,12.655,15.356,79102,87534.0,6.5064,297.98,54.116,1.6673,10.0,,23,,1.562,0.19014,,,1.5923,0,,0,0,1,1,1,0,1.0,95654.0
113.6,75,100,90,0.0,50.398,24.99,0.0001,100,1.0,0,0.0011234,12.558,15.393,79144,87587.0,6.5031,297.99,57.622,1.6695,10.0,,23,,1.6003,0.18984,,,1.5943,0,,0,0,1,1,1,0,1.0,95662.0
113.8,75,100,90,0.0,49.704,27.602,0.0001,100,1.0,0,0.0011347,12.536,15.43,79187,87640.0,6.499,298.0,59.967,1.6717,10.0,,23,,1.6094,0.18977,,,1.5964,0,,0,0,1,1,1,0,1.0,95337.0
114.0,75,100,90,0.0,50.64,29.445,0.0001,100,1.0,0,0.0011568,12.499,15.467,79230,87693.0,6.4956,298.01,61.931,1.6739,10.0,,23,,1.6252,0.18965,,,1.5986,0,,0,0,1,1,1,0,1.0,95846.0
114.2,75,100,90,0.0,52.933,31.194,0.0001,100,1.0,0,0.0011654,12.477,15.504,79273,87747.0,6.4959,298.01,63.014,1.6762,10.0,,23,,1.6364,0.18956,,,1.6008,0,,0,0,1,1,1,0,1.0,96189.0
114.4,75,100,90,0.0,55.075,32.339,0.0001,100,1.0,0,0.0011492,12.507,15.54,79317,87801.0,6.4987,298.01,63.165,1.6784,10.0,,23,,1.6176,0.1897,,,1.6029,0,,0,0,1,1,1,0,1.0,94529.0
114.6,75,100,90,0.0,56.124,32.757,0.0001,100,1.0,0,0.0011881,12.458,15.577,79361,87856.0,6.5025,298.01,64.504,1.6807,10.0,,23,,1.6293,0.1896,,,1.6051,0,,0,0,1,1,1,0,1.0,96204.0
114.8,75,100,90,0.0,55.66,34.293,0.0001,100,1.0,0,0.0012061,12.415,15.614,79405,87910.0,6.5061,298.02,66.17,1.683,10.0,,23,,1.647,0.18946,,,1.6073,0,,0,0,1,1,1,0,1.0,95216.0
115.0,75,100,90,0.0,53.722,36.237,0.0001,100,1.0,0,0.0011668,12.43,15.651,79449,87964.0,6.5086,298.01,65.517,1.6853,10.0,,23,,1.6595,0.18937,,,1.6095,0,,0,0,1,1,1,0,1.0,95893.0
115.2,75,100,90,0.0,50.818,36.223,0.0001,100,1.0,0,0.0011634,12.409,15.688,79492,88018.0,6.5086,298.01,65.484,1.6875,10.0,,23,,1.6721,0.18927,,,1.6116,0,,0,0,1,1,1,0,1.0,95403.0
115.4,75,100,90,0.0,47.888,36.756,0.0001,100,1.0,0,0.0011255,12.437,15.725,79534,88070.0,6.51,298.01,64.131,1.6897,10.0,,23,,1.6589,0.18936,,,1.6137,0,,0,0,1,1,1,0,1.0,96245.0
115.6,75,100,90,0.0,44.397,36.069,0.0001,100,1.0,0,0.0010966,12.456,15.762,79576,88122.0,6.509,298.01,61.971,1.6918,10.0,,23,,1.6493,0.18943,,,1.6158,0,,0,0,1,1,1,0,1.0,95918.0
115.8,75,100,90,0.0,41.343,34.541,0.0001,100,1.0,0,0.0011,12.416,15.798,79617,88174.0,6.5041,298.0,60.858,1.694,10.0,,23,,1.6641,0.18931,,,1.6178,0,,0,0,1,1,1,0,1.0,96759.0
116.0,75,100,90,0.0,40.238,33.769,0.0001,100,1.0,0,0.0010733,12.446,15.834,79657,88225.0,6.4992,298.0,58.865,1.6961,10.0,,23,,1.6518,0.1894,,,1.6198,0,,0,0,1,1,1,0,1.0,96931.0
116.2,75,100,90,0.0,41.095,32.065,0.0001,100,1.0,0,0.0010568,12.457,15.87,79698,88276.0,6.495,297.99,56.163,1.6981,10.0,,23,,1.6534,0.18939,,,1.6218,0,,0,0,1,1,1,0,1.0,97601.0
116.4,75,100,90,0.0,43.598,29.538,0.0001,100,1.0,0,0.0010911,12.414,15.907,79740,88327.0,6.4926,297.99,55.47,1.7002,10.0,,23,,1.6599,0.18933,,,1.6238,0,,0,0,1,1,1,0,1.0,96608.0
116.6,75,100,90,0.0,47.069,28.586,0.0001,100,1.0,0,0.0010937,12.396,15.943,79782,88380.0,6.4936,297.99,55.565,1.7023,10.0,,23,,1.6728,0.18923,,,1.6258,0,,0,0,1,1,1,0,1.0,97283.0
116.8,75,100,90,0.0,50.131,28.242,0.0001,100,1.0,0,0.0011062,12.38,15.98,79825,88433.0,6.4971,297.99,56.743,1.7044,10.0,,23,,1.6739,0.18922,,,1.6279,0,,0,0,1,1,1,0,1.0,97126.0
117.0,75,100,90,0.0,51.809,28.874,0.0001,100,1.0,0,0.0010858,12.393,16.017,79868,88487.0,6.5,297.99,57.17,1.7065,10.0,,23,,1.6704,0.18924,,,1.6299,0,,0,0,1,1,1,0,1.0,97136.0
117.2,75,100,90,0.0,52.32,28.919,0.0001,100,1.0,0,0.0010928,12.366,16.055,79911,88540.0,6.5023,297.99,57.925,1.7086,10.0,,23,,1.6827,0.18915,,,1.6319,0,,0,0,1,1,1,0,1.0,97980.0
117.4,75,100,90,0.0,51.94,29.319,0.0001,100,1.0,0,0.0010822,12.385,16.092,79954,88594.0,6.506,298.0,58.408,1.7107,10.0,,23,,1.6662,0.18927,,,1.6339,0,,0,0,1,1,1,0,1.0,98157.0
117.6,75,100,90,0.0,50.053,29.54,0.0001,100,1.0,0,0.0010959,12.357,16.129,79997,88647.0,6.5078,298.0,59.498,1.7128,10.0,,23,,1.6652,0.18927,,,1.6359,0,,0,0,1,1,1,0,1.0,98335.0
117.8,75,100,90,0.0,47.458,30.363,0.0001,100,1.0,0,0.0011428,12.252,16.167,80039,88700.0,6.506,298.01,62.4,1.715,10.0,,23,,1.7201,0.18885,,,1.638,0,,0,0,1,1,1,0,1.0,98851.0
118.0,75,100,90,0.0,45.599,32.921,0.0001,100,1.0,0,0.001136,12.25,16.205,80081,88752.0,6.503,298.01,64.559,1.7171,10.0,,23,,1.7211,0.18884,,,1.6401,0,,0,0,1,1,1,0,1.0,99366.0
118.2,75,100,90,0.0,44.924,35.055,0.0001,100,1.0,0,0.0011539,12.21,16.244,80123,88804.0,6.5003,298.02,67.237,1.7194,10.0,,23,,1.7343,0.18873,,,1.6422,0,,0,0,1,1,1,0,1.0,99049.0
118.4,75,100,90,0.0,45.314,37.885,0.0001,100,1.0,0,0.0011366,12.216,16.282,80164,88857.0,6.4991,298.02,68.289,1.7215,10.0,,23,,1.7365,0.18871,,,1.6443,0,,0,0,1,1,1,0,1.0,99398.0
118.6,75,100,90,0.0,46.201,39.497,0.0001,100,1.0,0,0.0011519,12.19,16.32,80206,88909.0,6.4976,298.03,69.851,1.7237,10.0,,23,,1.7441,0.18865,,,1.6464,0,,0,0,1,1,1,0,1.0,98747.0
118.8,75,100,90,0.0,47.684,41.704,0.0001,100,1.0,0,0.0011347,12.194,16.358,80249,88962.0,6.4989,298.03,70.382,1.7259,10.0,,23,,1.7477,0.18862,,,1.6485,0,,0,0,1,1,1,0,1.0,98928.0
119.0,75,100,90,0.0,48.634,43.123,0.0001,100,1.0,0,0.0011374,12.174,16.396,80291,89015.0,6.5001,298.03,71.332,1.7281,10.0,,23,,1.7566,0.18855,,,1.6506,0,,0,0,1,1,1,0,1.0,99774.0
119.2,75,100,90,0.0,49.108,44.992,0.0001,100,1.0,0,0.0011337,12.182,16.433,80333,89068.0,6.5008,298.03,70.96,1.7303,10.0,,23,,1.7442,0.18864,,,1.6528,0,,0,0,1,1,1,0,1.0,99952.0
119.4,75,100,90,0.0,49.319,45.754,0.0001,100,1.0,0,0.0011633,12.143,16.471,80376,89122.0,6.5012,298.03,70.74,1.7326,10.0,,23,,1.7457,0.18862,,,1.6549,0,,0,0,1,1,1,0,1.0,100130.0
119.6,75,100,90,0.0,49.371,46.642,0.0001,100,1.0,0,0.0011824,12.114,16.508,80419,89175.0,6.4989,298.03,71.436,1.7348,10.0,,23,,1.7541,0.18855,,,1.6571,0,,0,0,1,1,1,0,1.0,99478.0
119.8,75,100,90,0.0,50.359,48.332,0.0001,100,1.0,0,0.0011864,12.107,16.546,80461,89229.0,6.4968,298.03,71.507,1.7371,10.0,,23,,1.7509,0.18857,,,1.6593,0,,0,0,1,1,1,0,1.0,99490.0
120.0,75,100,90,0.0,52.157,49.507,0.0001,100,1.0,0,0.0011781,12.124,16.583,80504,89282.0,6.4984,298.03,71.207,1.7394,10.0,1631.2,23,1864.6,1.7401,0.18865,16.433,23.39,1.6615,0,51.881,0,0,1,1,1,0,1.0,100670.0
120.2,75,100,90,0.0,53.32,50.369,0.0001,100,1.0,0,0.001205,12.085,16.621,80548,89337.0,6.4994,298.03,72.144,1.7417,10.0,,23,,1.7462,0.1886,,,1.6637,0,,0,0,1,1,1,0,1.0,101350.0
120.4,75,100,90,0.0,54.063,52.32,0.0001,100,1.0,0,0.0012065,12.093,16.659,80591,89391.0,6.5014,298.04,73.644,1.744,10.0,,23,,1.7216,0.18878,,,1.6659,0,,0,0,1,1,1,0,1.0,101190.0
120.6,75,100,90,0.0,54.02,54.845,0.0001,100,1.0,0,0.0012069,12.083,16.697,80635,89446.0,6.5031,298.04,74.494,1.7464,10.0,,23,,1.7194,0.18879,,,1.6682,0,,0,0,1,1,1,0,1.0,100870.0
120.8,75,100,90,0.0,53.293,56.92,0.0001,100,1.0,0,0.0011997,12.082,16.734,80678,89500.0,6.5038,298.04,75.875,1.7487,10.0,,23,,1.713,0.18884,,,1.6704,0,,0,0,1,1,1,0,1.0,101890.0
121.0,75,100,90,0.0,52.302,59.568,0.0001,100,1.0,0,0.0012128,12.034,16.772,80721,89554.0,6.5037,298.05,77.611,1.7511,10.0,,23,,1.7454,0.18859,,,1.6727,0,,0,0,1,1,1,0,1.0,101730.0
121.2,75,100,90,0.0,51.353,62.657,0.0001,100,1.0,0,0.001205,12.018,16.809,80764,89608.0,6.5043,298.05,79.019,1.7534,10.0,,23,,1.7579,0.18849,,,1.6749,0,,0,0,1,1,1,0,1.0,101080.0
121.4,75,100,90,0.0,50.167,65.614,0.0001,100,1.0,0,0.001179,12.04,16.846,80807,89662.0,6.5051,298.05,80.214,1.7557,10.0,,23,,1.7522,0.18853,,,1.6771,0,,0,0,1,1,1,0,1.0,102090.0
121.6,75,100,90,0.0,48.643,68.522,0.0001,100,1.0,0,0.0011781,12.021,16.883,80849,89715.0,6.5043,298.05,78.173,1.758,10.0,,23,,1.7599,0.18847,,,1.6793,0,,0,0,1,1,1,0,1.0,101430.0
121.8,75,100,90,0.0,47.436,68.654,0.0001,100,1.0,0,0.0011411,12.058,16.919,80891,89768.0,6.505,298.04,75.302,1.7602,10.0,,23,,1.7462,0.18857,,,1.6815,0,,0,0,1,1,1,0,1.0,101270.0
122.0,75,100,90,0.0,45.968,67.908,0.0001,100,1.0,0,0.0011245,12.073,16.955,80933,89820.0,6.5055,298.03,72.282,1.7624,10.0,,23,,1.7324,0.18867,,,1.6836,0,,0,0,1,1,1,0,1.0,101770.0
122.2,75,100,90,0.0,44.293,66.767,0.0001,100,1.0,0,0.0011462,12.028,16.992,80974,89873.0,6.505,298.03,71.572,1.7646,10.0,,23,,1.7476,0.18855,,,1.6857,0,,0,0,1,1,1,0,1.0,102120.0
122.4,75,100,90,0.0,42.821,67.401,0.0001,100,1.0,0,0.0011473,11.996,17.029,81016,89925.0,6.5015,298.03,71.274,1.7669,10.0,,23,,1.7656,0.18841,,,1.6878,0,,0,0,1,1,1,0,1.0,101960.0
122.6,75,100,90,0.0,42.76,68.29,0.0001,100,1.0,0,0.0011124,12.032,17.065,81057,89977.0,6.5011,298.03,69.975,1.769,10.0,,23,,1.7597,0.18845,,,1.6899,0,,0,0,1,1,1,0,1.0,103300.0
122.8,75,100,90,0.0,42.826,68.249,0.0001,100,1.0,0,0.0011297,11.974,17.102,81098,90029.0,6.5006,298.02,67.956,1.7712,10.0,,23,,1.79,0.18821,,,1.692,0,,0,0,1,1,1,0,1.0,102300.0
123.0,75,100,90,0.0,43.11,67.459,0.0001,100,1.0,0,0.0011865,11.893,17.139,81139,90081.0,6.4991,298.02,67.386,1.7735,10.0,,23,,1.8161,0.18801,,,1.6942,0,,0,0,1,1,1,0,1.0,102820.0
123.2,75,100,90,0.0,43.989,67.781,0.0001,100,1.0,0,0.0011803,11.891,17.176,81181,90134.0,6.4977,298.02,66.39,1.7757,10.0,,23,,1.8218,0.18796,,,1.6964,0,,0,0,1,1,1,0,1.0,103330.0
123.4,75,100,90,0.0,45.416,67.639,0.0001,100,1.0,0,0.0011811,11.868,17.213,81222,90186.0,6.4964,298.01,64.608,1.778,10.0,,23,,1.8434,0.18779,,,1.6986,0,,0,0,1,1,1,0,1.0,103330.0
123.6,75,100,90,0.0,47.372,66.71,0.0001,100,1.0,0,0.0011937,11.828,17.25,81264,90239.0,6.4975,298.01,63.253,1.7803,10.0,,23,,1.8712,0.18758,,,1.7007,0,,0,0,1,1,1,0,1.0,104180.0
123.8,75,100,90,0.0,48.874,66.005,0.0001,100,1.0,0,0.0011588,11.888,17.286,81307,90293.0,6.4998,298.0,59.456,1.7826,10.0,,23,,1.842,0.1878,,,1.7029,0,,0,0,1,1,1,0,1.0,104350.0
124.0,75,100,90,0.0,49.453,62.988,0.0001,100,1.0,0,0.0011494,11.895,17.322,81349,90346.0,6.5017,297.99,56.132,1.7848,10.0,,23,,1.8358,0.18784,,,1.705,0,,0,0,1,1,1,0,1.0,104360.0
124.2,75,100,90,0.0,49.313,60.073,0.0001,100,1.0,0,0.0011581,11.879,17.359,81392,90400.0,6.5038,297.99,54.948,1.787,10.0,,23,,1.8402,0.1878,,,1.7071,0,,0,0,1,1,1,0,1.0,104700.0
124.4,75,100,90,0.0,48.323,58.732,0.0001,100,1.0,0,0.0011993,11.819,17.396,81434,90453.0,6.5044,297.99,55.509,1.7892,10.0,,23,,1.8524,0.1877,,,1.7093,0,,0,0,1,1,1,0,1.0,104710.0
124.6,75,100,90,0.0,47.09,58.785,0.0001,100,1.0,0,0.0011838,11.812,17.432,81476,90506.0,6.5059,297.99,55.142,1.7915,10.0,,23,,1.8639,0.18761,,,1.7115,0,,0,0,1,1,1,0,1.0,104550.0
124.8,75,100,90,0.0,45.256,58.036,0.0001,100,1.0,0,0.0011691,11.827,17.469,81518,90559.0,6.5071,297.98,53.679,1.7937,10.0,,23,,1.8585,0.18765,,,1.7136,0,,0,0,1,1,1,0,1.0,105220.0
125.0,75,100,90,0.0,42.943,56.295,0.0001,100,1.0,0,0.0011819,11.789,17.505,81559,90611.0,6.5049,297.98,53.594,1.7959,10.0,,23,,1.8718,0.18754,,,1.7157,0,,0,0,1,1,1,0,1.0,105230.0
125.2,75,100,90,0.0,41.529,55.658,0.0001,100,1.0,0,0.0011677,11.796,17.541,81600,90663.0,6.501,297.98,51.997,1.7981,10.0,,23,,1.8684,0.18757,,,1.7179,0,,0,0,1,1,1,0,1.0,104070.0
125.4,75,100,90,0.0,41.67,53.647,0.0001,100,1.0,0,0.0011526,11.823,17.577,81641,90715.0,6.4977,297.98,51.79,1.8003,10.0,,23,,1.8498,0.1877,,,1.72,0,,0,0,1,1,1,0,1.0,105400.0
125.6,75,100,90,0.0,43.11,52.742,0.0001,100,1.0,0,0.00114,11.828,17.613,81682,90767.0,6.4965,297.98,51.0,1.8025,10.0,,23,,1.8467,0.18772,,,1.722,0,,0,0,1,1,1,0,1.0,105070.0
125.8,75,100,90,0.0,45.038,51.275,0.0001,100,1.0,0,0.0011345,11.836,17.649,81723,90819.0,6.4961,297.98,51.216,1.8046,10.0,,23,,1.8382,0.18778,,,1.7241,0,,0,0,1,1,1,0,1.0,106080.0
126.0,75,100,90,0.0,47.124,50.633,0.0001,100,1.0,0,0.0011293,11.841,17.685,81765,90872.0,6.4977,297.98,51.426,1.8067,10.0,,23,,1.8335,0.18781,,,1.7261,0,,0,0,1,1,1,0,1.0,105410.0
126.2,75,100,90,0.0,48.55,49.988,0.0001,100,1.0,0,0.0011319,11.841,17.72,81808,90926.0,6.4996,297.98,51.256,1.8088,10.0,,23,,1.8259,0.18787,,,1.7282,0,,0,0,1,1,1,0,1.0,106250.0
126.4,75,100,90,0.0,49.211,49.027,0.0001,100,1.0,0,0.0011519,11.788,17.757,81850,90979.0,6.5016,297.98,52.465,1.811,10.0,,23,,1.8474,0.1877,,,1.7302,0,,0,0,1,1,1,0,1.0,106430.0
126.6,75,100,90,0.0,49.094,49.274,0.0001,100,1.0,0,0.0011428,11.792,17.793,81892,91033.0,6.5032,297.98,53.196,1.8131,10.0,,23,,1.8467,0.1877,,,1.7323,0,,0,0,1,1,1,0,1.0,105270.0
126.8,75,100,90,0.0,48.346,49.189,0.0001,100,1.0,0,0.0011698,11.745,17.83,81935,91086.0,6.5041,297.99,54.376,1.8153,10.0,,23,,1.8594,0.1876,,,1.7344,0,,0,0,1,1,1,0,1.0,106110.0
127.0,75,100,90,0.0,47.23,49.579,0.0001,100,1.0,0,0.0011952,11.696,17.868,81977,91139.0,6.5034,297.99,56.816,1.8175,10.0,,23,,1.8718,0.1875,,,1.7365,0,,0,0,1,1,1,0,1.0,106290.0
127.2,75,100,90,0.0,46.389,51.184,0.0001,100,1.0,0,0.001218,11.638,17.906,82018,91192.0,6.5014,298.0,59.301,1.8198,10.0,,23,,1.9018,0.18727,,,1.7387,0,,0,0,1,1,1,0,1.0,107800.0
127.4,75,100,90,0.0,46.351,53.037,0.0001,100,1.0,0,0.0011536,11.724,17.943,82060,91245.0,6.5016,298.0,58.281,1.822,10.0,,23,,1.874,0.18748,,,1.7408,0,,0,0,1,1,1,0,1.0,106980.0
127.6,75,100,90,0.0,46.226,52.04,0.0001,100,1.0,0,0.0011299,11.741,17.979,82102,91298.0,6.503,297.99,57.269,1.8241,10.0,,23,,1.8706,0.1875,,,1.7428,0,,0,0,1,1,1,0,1.0,107650.0
127.8,75,100,90,0.0,45.559,51.019,0.0001,100,1.0,0,0.0011552,11.69,18.015,82144,91351.0,6.503,298.0,58.1,1.8262,10.0,,23,,1.8818,0.18741,,,1.7449,0,,0,0,1,1,1,0,1.0,107320.0
128.0,75,100,90,0.0,44.875,51.523,0.0001,100,1.0,0,0.0011461,11.688,18.052,82185,91404.0,6.5019,298.0,58.658,1.8284,10.0,,23,,1.8851,0.18738,,,1.7469,0,,0,0,1,1,1,0,1.0,107500.0
128.2,75,100,90,0.0,44.645,51.83,0.0001,100,1.0,0,0.0011548,11.67,18.089,82227,91456.0,6.4997,298.0,59.497,1.8305,10.0,,23,,1.8863,0.18737,,,1.749,0,,0,0,1,1,1,0,1.0,108010.0
128.4,75,100,90,0.0,45.275,52.444,0.0001,100,1.0,0,0.0011242,11.685,18.125,82268,91509.0,6.499,298.0,59.584,1.8327,10.0,,23,,1.889,0.18734,,,1.751,0,,0,0,1,1,1,0,1.0,107350.0
128.6,75,100,90,0.0,46.174,52.47,0.0001,100,1.0,0,0.001115,11.699,18.161,82310,91562.0,6.5001,298.0,58.89,1.8348,10.0,,23,,1.8822,0.18739,,,1.7531,0,,0,0,1,1,1,0,1.0,108020.0
128.8,75,100,90,0.0,46.642,51.835,0.0001,100,1.0,0,0.0011232,11.667,18.198,82352,91615.0,6.5014,297.99,57.197,1.8368,10.0,,23,,1.8993,0.18726,,,1.7551,0,,0,0,1,1,1,0,1.0,109030.0
129.0,75,100,90,0.0,46.618,50.271,0.0001,100,1.0,0,0.001146,11.632,18.235,82394,91668.0,6.5021,297.99,56.123,1.8389,10.0,,23,,1.9082,0.18719,,,1.7571,0,,0,0,1,1,1,0,1.0,108870.0
129.2,75,100,90,0.0,46.283,49.108,0.0001,100,1.0,0,0.0011201,11.665,18.271,82435,91721.0,6.5027,297.98,53.9,1.841,10.0,,23,,1.8985,0.18726,,,1.7591,0,,0,0,1,1,1,0,1.0,109540.0
129.4,75,100,90,0.0,45.704,46.825,0.0001,100,1.0,0,0.0011083,11.677,18.308,82477,91773.0,6.5027,297.98,52.147,1.8431,10.0,,23,,1.8858,0.18735,,,1.761,0,,0,0,1,1,1,0,1.0,108550.0
129.6,75,100,90,0.0,45.16,44.765,0.0001,100,1.0,0,0.0010748,11.717,18.343,82518,91826.0,6.5022,297.97,49.935,1.8451,10.0,,23,,1.8689,0.18747,,,1.763,0,,0,0,1,1,1,0,1.0,108890.0
129.8,75,100,90,0.0,44.791,42.128,0.0001,100,1.0,0,0.0010859,11.704,18.379,82560,91878.0,6.5014,297.97,48.875,1.8471,10.0,,23,,1.8599,0.18754,,,1.7649,0,,0,0,1,1,1,0,1.0,109890.0
130.0,75,100,90,0.0,44.758,40.298,0.0001,100,1.0,0,0.0010777,11.735,18.415,82601,91931.0,6.5005,297.97,47.509,1.849,10.0,,23,,1.8368,0.18771,,,1.7668,0,,0,0,1,1,1,0,1.0,109060.0
130.2,75,100,90,0.0,45.073,38.078,0.0001,100,1.0,-4000,0.0010925,11.702,18.451,81943,91183.0,6.5284,297.97,46.503,1.8407,10.0,,23,,1.8397,0.1877,,,1.7588,0,,0,0,1,1,1,0,1.0,109900.0
130.4,75,100,90,0.0,34.129,36.046,0.0001,100,1.0,-4000,0.0011152,11.633,18.488,81282,90434.0,6.5431,297.97,47.133,1.8276,10.0,,23,,1.8393,0.18773,,,1.7462,0,,0,0,1,1,1,0,1.0,109410.0
130.6,75,100,90,0.0,17.46,35.352,0.0001,100,1.0,-4000,0.0011156,11.564,18.525,80619,89681.0,6.5337,297.97,48.743,1.8141,10.0,,23,,1.8488,0.18768,,,1.7332,0,,0,0,1,1,1,0,1.0,109590.0
130.8,75,100,90,0.0,4.5929,35.566,0.0001,100,1.0,-4000,0.0011289,11.5,18.564,79952,88925.0,6.5051,297.98,52.261,1.8006,10.0,,23,,1.8446,0.18774,,,1.7202,0,,0,0,1,1,1,0,1.0,109770.0
131.0,75,100,90,0.0,3.1243,37.645,0.0001,100,1.0,-4000,0.0011617,11.441,18.603,79286,88170.0,6.4758,297.99,57.381,1.7871,10.0,,23,,1.8394,0.18781,,,1.7073,0,,0,0,1,1,1,0,1.0,110460.0
131.2,75,100,90,0.0,13.322,41.51,0.0001,100,1.0,-4000,0.0011642,11.489,18.641,78622,87416.0,6.463,298.0,59.3,1.7736,10.0,,23,,1.7927,0.18819,,,1.6943,0,,0,0,1,1,1,0,1.0,109640.0
131.4,75,100,90,0.0,28.575,42.959,0.0001,100,1.0,-4000,0.0011829,11.51,18.679,77961,86665.0,6.4708,298.0,59.604,1.7601,10.0,,23,,1.7664,0.18841,,,1.6813,0,,0,0,1,1,1,0,1.0,110820.0
131.6,75,100,90,0.0,40.704,43.187,0.0001,100,1.0,-4000,0.0012331,11.51,18.717,77302,85917.0,6.4927,298.0,59.59,1.7466,10.0,,23,,1.7331,0.18869,,,1.6684,0,,0,0,1,1,1,0,1.0,110670.0
131.8,75,100,90,0.0,44.117,43.184,0.0001,100,1.0,-4000,0.0012807,11.471,18.755,76644,85170.0,6.5171,298.0,60.569,1.7331,10.0,,23,,1.7188,0.18882,,,1.6554,0,,0,0,1,1,1,0,1.0,110520.0
132.0,75,100,90,0.0,37.782,44.117,0.0001,100,1.0,-4000,0.0012947,11.421,18.794,75985,84422.0,6.5347,298.01,62.129,1.7197,10.0,1614.8,23,1878.1,1.7149,0.18888,18.641,24.576,1.6425,0,60.502,0,0,1,1,1,0,1.0,110700.0
132.2,75,100,90,0.0,24.454,45.687,0.0001,100,1.0,0,0.0012778,11.378,18.834,76023,84471.0,6.5057,298.01,63.701,1.7169,10.0,,23,,1.7207,0.18884,,,1.6398,0,,0,0,1,1,1,0,1.0,111560.0
132.4,75,100,90,0.0,22.856,47.422,0.0001,100,1.0,0,0.0013186,11.299,18.873,76061,84519.0,6.4754,298.02,65.807,1.7187,10.0,,23,,1.7516,0.1886,,,1.6416,0,,0,0,1,1,1,0,1.0,111080.0
132.6,75,100,90,0.0,33.232,49.826,0.0001,100,1.0,0,0.0012894,11.351,18.912,76100,84570.0,6.4619,298.02,66.45,1.7207,10.0,,23,,1.7436,0.18866,,,1.6435,0,,0,0,1,1,1,0,1.0,111270.0
132.8,75,100,90,0.0,48.951,51.047,0.0001,100,1.0,0,0.001312,11.371,18.951,76143,84624.0,6.4639,298.02,66.118,1.7229,10.0,,23,,1.7387,0.18869,,,1.6456,0,,0,0,1,1,1,0,1.0,111950.0
133.0,75,100,90,0.0,63.874,51.439,0.0001,100,1.0,0,0.0013021,11.444,18.989,76189,84681.0,6.4762,298.01,64.132,1.7249,10.0,,23,,1.7065,0.18893,,,1.6476,0,,0,0,1,1,1,0,1.0,111970.0
133.2,75,100,90,0.0,73.889,50.251,0.0001,100,1.0,0,0.0013339,11.451,19.027,76237,84740.0,6.4917,298.01,62.737,1.7271,10.0,,23,,1.69,0.18905,,,1.6496,0,,0,0,1,1,1,0,1.0,111810.0
133.4,75,100,90,0.0,77.729,49.453,0.0001,100,1.0,0,0.0013445,11.441,19.065,76285,84800.0,6.5068,298.01,61.544,1.7292,10.0,,23,,1.6998,0.18898,,,1.6517,0,,0,0,1,1,1,0,1.0,111830.0
133.6,75,100,90,0.0,75.544,48.691,0.0001,100,1.0,0,0.0013401,11.417,19.103,76334,84859.0,6.5186,298.01,61.537,1.7313,10.0,,23,,1.714,0.18886,,,1.6537,0,,0,0,1,1,1,0,1.0,113340.0
133.8,75,100,90,0.0,68.648,48.924,0.0001,100,1.0,0,0.001311,11.419,19.141,76380,84917.0,6.5257,298.0,61.101,1.7334,10.0,,23,,1.7141,0.18886,,,1.6557,0,,0,0,1,1,1,0,1.0,112690.0
134.0,75,100,90,0.0,58.884,48.728,0.0001,100,1.0,0,0.0013428,11.339,19.18,76425,84973.0,6.5251,298.01,63.553,1.7355,10.0,,23,,1.7322,0.18872,,,1.6577,0,,0,0,1,1,1,0,1.0,112710.0
134.2,75,100,90,0.0,49.392,51.222,0.0001,100,1.0,0,0.0013241,11.314,19.219,76468,85027.0,6.5186,298.02,66.239,1.7376,10.0,,23,,1.7418,0.18864,,,1.6597,0,,0,0,1,1,1,0,1.0,112900.0
134.4,75,100,90,0.0,42.489,54.127,0.0001,100,1.0,0,0.001305,11.303,19.259,76510,85080.0,6.507,298.03,69.086,1.7397,10.0,,23,,1.7464,0.1886,,,1.6617,0,,0,0,1,1,1,0,1.0,113420.0
134.6,75,100,90,0.0,40.234,57.454,0.0001,100,1.0,0,0.0012501,11.353,19.298,76551,85132.0,6.4957,298.03,71.105,1.7417,10.0,,23,,1.7345,0.18869,,,1.6636,0,,0,0,1,1,1,0,1.0,114110.0
134.8,75,100,90,0.0,42.476,60.288,0.0001,100,1.0,0,0.0012812,11.301,19.337,76592,85185.0,6.4886,298.04,72.761,1.7437,10.0,,23,,1.7569,0.18852,,,1.6655,0,,0,0,1,1,1,0,1.0,114290.0
135.0,75,100,90,0.0,47.546,63.003,0.0001,100,1.0,0,0.0012846,11.305,19.376,76635,85239.0,6.4868,298.04,72.648,1.7457,10.0,,23,,1.7563,0.18852,,,1.6675,0,,0,0,1,1,1,0,1.0,114310.0
135.2,75,100,90,0.0,53.33,64.229,0.0001,100,1.0,0,0.0012861,11.309,19.415,76678,85293.0,6.4892,298.03,70.093,1.7477,10.0,,23,,1.765,0.18845,,,1.6694,0,,0,0,1,1,1,0,1.0,114160.0
135.4,75,100,90,0.0,58.152,63.181,0.0001,100,1.0,0,0.0013032,11.289,19.453,76723,85349.0,6.492,298.02,67.944,1.7497,10.0,,23,,1.774,0.18837,,,1.6713,0,,0,0,1,1,1,0,1.0,114180.0
135.6,75,100,90,0.0,61.884,62.305,0.0001,100,1.0,0,0.0012645,11.338,19.491,76768,85406.0,6.4971,298.01,63.657,1.7517,10.0,,23,,1.7595,0.18848,,,1.6733,0,,0,0,1,1,1,0,1.0,114030.0
135.8,75,100,90,0.0,63.541,59.193,0.0001,100,1.0,0,0.0012361,11.379,19.528,76814,85462.0,6.5025,298.0,59.672,1.7536,10.0,,23,,1.7497,0.18855,,,1.6751,0,,0,0,1,1,1,0,1.0,114540.0
136.0,75,100,90,0.0,63.075,55.973,0.0001,100,1.0,0,0.0012161,11.397,19.565,76860,85519.0,6.5072,297.99,56.268,1.7555,10.0,,23,,1.7429,0.1886,,,1.677,0,,0,0,1,1,1,0,1.0,115050.0
136.2,75,100,90,0.0,60.716,52.889,0.0001,100,1.0,0,0.0012169,11.376,19.601,76905,85575.0,6.509,297.98,53.24,1.7574,10.0,,23,,1.7523,0.18852,,,1.6788,0,,0,0,1,1,1,0,1.0,115050.0
136.4,75,100,90,0.0,57.649,49.799,0.0001,100,1.0,0,0.001198,11.369,19.638,76949,85631.0,6.509,297.98,50.748,1.7593,10.0,,23,,1.7529,0.18852,,,1.6806,0,,0,0,1,1,1,0,1.0,115390.0
136.6,75,100,90,0.0,54.575,46.898,0.0001,100,1.0,0,0.0012116,11.328,19.674,76993,85686.0,6.508,297.97,49.907,1.7612,10.0,,23,,1.7659,0.18841,,,1.6824,0,,0,0,1,1,1,0,1.0,115400.0
136.8,75,100,90,0.0,51.907,45.279,0.0001,100,1.0,0,0.0012072,11.31,19.711,77037,85740.0,6.5057,297.98,50.606,1.7631,10.0,,23,,1.7719,0.18837,,,1.6842,0,,0,0,1,1,1,0,1.0,115240.0
137.0,75,100,90,0.0,50.146,44.984,0.0001,100,1.0,0,0.0011723,11.328,19.748,77080,85794.0,6.5031,297.97,49.95,1.7649,10.0,,23,,1.7756,0.18833,,,1.686,0,,0,0,1,1,1,0,1.0,115420.0
137.2,75,100,90,0.0,49.414,43.46,0.0001,100,1.0,0,0.0011946,11.286,19.785,77123,85848.0,6.4999,297.97,49.311,1.7668,10.0,,23,,1.7868,0.18824,,,1.6877,0,,0,0,1,1,1,0,1.0,115930.0
137.4,75,100,90,0.0,49.975,41.913,0.0001,100,1.0,0,0.0011632,11.328,19.821,77166,85902.0,6.4981,297.97,47.888,1.7686,10.0,,23,,1.7662,0.1884,,,1.6895,0,,0,0,1,1,1,0,1.0,115600.0
137.6,75,100,90,0.0,51.256,39.569,0.0001,100,1.0,0,0.0011518,11.329,19.856,77209,85956.0,6.4981,297.97,46.849,1.7704,10.0,,23,,1.7661,0.18839,,,1.6913,0,,0,0,1,1,1,0,1.0,115770.0
137.8,75,100,90,0.0,52.535,37.455,0.0001,100,1.0,0,0.0011596,11.322,19.893,77252,86010.0,6.4991,297.96,45.816,1.7722,10.0,,23,,1.7625,0.18842,,,1.693,0,,0,0,1,1,1,0,1.0,115610.0
138.0,75,100,90,0.0,53.416,35.235,0.0001,100,1.0,0,0.0011783,11.282,19.929,77296,86065.0,6.5001,297.96,46.147,1.7741,10.0,,23,,1.7827,0.18826,,,1.6948,0,,0,0,1,1,1,0,1.0,117450.0
138.2,75,100,90,0.0,53.914,34.182,0.0001,100,1.0,0,0.0011732,11.286,19.965,77340,86120.0,6.5032,297.97,46.85,1.7759,10.0,,23,,1.7772,0.1883,,,1.6965,0,,0,0,1,1,1,0,1.0,115620.0
138.4,75,100,90,0.0,53.132,33.482,0.0001,100,1.0,0,0.0011686,11.283,20.001,77383,86175.0,6.5049,297.97,47.11,1.7778,10.0,,23,,1.7775,0.18829,,,1.6983,0,,0,0,1,1,1,0,1.0,116120.0
138.6,75,100,90,0.0,51.704,32.432,0.0001,100,1.0,0,0.001135,11.308,20.036,77427,86229.0,6.5054,297.97,46.522,1.7796,10.0,,23,,1.7717,0.18833,,,1.7,0,,0,0,1,1,1,0,1.0,116960.0
138.8,75,100,90,0.0,50.067,30.629,0.0001,100,1.0,0,0.0011361,11.294,20.071,77470,86283.0,6.5028,297.96,45.427,1.7813,10.0,,23,,1.7695,0.18835,,,1.7017,0,,0,0,1,1,1,0,1.0,117460.0
139.0,75,100,90,0.0,49.496,28.31,0.0001,100,1.0,0,0.0011264,11.312,20.106,77513,86337.0,6.5004,297.96,43.819,1.7831,10.0,,23,,1.7562,0.18845,,,1.7035,0,,0,0,1,1,1,0,1.0,116290.0
139.2,75,100,90,0.0,49.859,25.416,0.0001,100,1.0,0,0.0011452,11.282,20.141,77556,86391.0,6.4979,297.96,42.931,1.7849,10.0,,23,,1.7631,0.18839,,,1.7052,0,,0,0,1,1,1,0,1.0,117290.0
139.4,75,100,90,0.0,51.205,23.039,0.0001,100,1.0,0,0.0011312,11.292,20.176,77599,86445.0,6.498,297.95,41.813,1.7867,10.0,,23,,1.7628,0.18839,,,1.7069,0,,0,0,1,1,1,0,1.0,118290.0
139.6,75,100,90,0.0,52.533,20.344,0.0001,100,1.0,0,0.0011144,11.303,20.211,77642,86499.0,6.4991,297.95,40.54,1.7884,10.0,,23,,1.7623,0.18839,,,1.7086,0,,0,0,1,1,1,0,1.0,117790.0
139.8,75,100,90,0.0,53.422,6.1033,30.833,100,1.0,0,0.0011103,11.302,20.245,77686,86554.0,6.5005,298.03,69.924,1.7902,10.0,,23,,1.766,0.18836,,,1.7102,0,,0,0,1,1,1,0,1.0,118450.0
140.0,75,100,90,0.0,53.751,31.474,3.0833,100,1.0,0,0.0011002,11.297,20.28,77729,86609.0,6.4998,298.03,69.028,1.7919,10.0,,23,,1.7707,0.18832,,,1.7119,0,,0,0,1,1,1,0,1.0,118120.0
140.2,75,100,90,0.0,54.375,31.098,0.30833,100,1.0,0,0.0011005,11.306,20.314,77773,86663.0,6.5006,298.02,65.607,1.7936,10.0,,23,,1.759,0.1884,,,1.7135,0,,0,0,1,1,1,0,1.0,118950.0
140.4,75,100,90,0.0,54.631,28.904,0.030833,100,1.0,0,0.0010792,11.335,20.348,77817,86718.0,6.5041,298.01,61.991,1.7953,10.0,,23,,1.7393,0.18855,,,1.7152,0,,0,0,1,1,1,0,1.0,118280.0
140.6,75,100,90,0.0,53.508,26.238,0.0030833,100,1.0,0,0.0010648,11.353,20.382,77861,86773.0,6.5065,298.0,59.18,1.797,10.0,,23,,1.7228,0.18867,,,1.7168,0,,0,0,1,1,1,0,1.0,118440.0
140.8,75,100,90,0.0,51.435,23.958,0.00030833,100,1.0,0,0.0010736,11.315,20.416,77904,86827.0,6.5056,297.99,57.482,1.7986,10.0,,23,,1.7358,0.18857,,,1.7184,0,,0,0,1,1,1,0,1.0,118270.0
141.0,75,100,90,0.0,49.706,22.411,0.0001,100,1.0,0,0.0010934,11.281,20.451,77947,86881.0,6.5016,297.99,56.309,1.8003,10.0,,23,,1.7429,0.18851,,,1.72,0,,0,0,1,1,1,0,1.0,117930.0
141.2,75,100,90,0.0,49.577,21.156,0.0001,100,1.0,0,0.0011379,11.217,20.487,77990,86935.0,6.4972,297.99,56.474,1.8021,10.0,,23,,1.7642,0.18835,,,1.7216,0,,0,0,1,1,1,0,1.0,118610.0
141.4,75,100,90,0.0,51.217,21.01,0.0001,100,1.0,0,0.001109,11.261,20.523,78033,86989.0,6.4942,297.99,55.389,1.8038,10.0,,23,,1.7487,0.18846,,,1.7233,0,,0,0,1,1,1,0,1.0,119940.0
141.6,75,100,90,0.0,54.07,19.699,0.0001,100,1.0,0,0.0011298,11.239,20.559,78076,87044.0,6.4938,297.99,54.848,1.8055,10.0,,23,,1.7585,0.18839,,,1.7249,0,,0,0,1,1,1,0,1.0,119610.0
141.8,75,100,90,0.0,57.053,18.807,0.0001,100,1.0,0,0.0011525,11.203,20.595,78121,87100.0,6.4926,297.99,54.802,1.8072,10.0,,23,,1.7786,0.18823,,,1.7266,0,,0,0,1,1,1,0,1.0,119620.0
142.0,75,100,90,0.0,60.537,18.307,0.0001,100,1.0,0,0.0011634,11.204,20.631,78166,87156.0,6.4949,297.99,54.831,1.809,10.0,,23,,1.7706,0.18829,,,1.7283,0,,0,0,1,1,1,0,1.0,119960.0
142.2,75,100,90,0.0,63.09,17.861,0.0001,100,1.0,0,0.0012051,11.146,20.669,78211,87213.0,6.4982,297.99,56.025,1.8108,10.0,,23,,1.7895,0.18814,,,1.73,0,,0,0,1,1,1,0,1.0,119640.0
142.4,75,100,90,0.0,64.311,18.49,0.0001,100,1.0,0,0.0011847,11.168,20.706,78257,87270.0,6.501,297.99,56.546,1.8125,10.0,,23,,1.7831,0.18819,,,1.7317,0,,0,0,1,1,1,0,1.0,120650.0
142.6,75,100,90,0.0,64.451,18.595,0.0001,100,1.0,0,0.0011793,11.185,20.743,78303,87327.0,6.5047,297.99,56.897,1.8143,10.0,,23,,1.7655,0.18832,,,1.7334,0,,0,0,1,1,1,0,1.0,121160.0
142.8,75,100,90,0.0,63.077,18.608,0.0001,100,1.0,0,0.0011963,11.171,20.781,78348,87384.0,6.5078,297.99,57.655,1.8161,10.0,,23,,1.7556,0.18839,,,1.7351,0,,0,0,1,1,1,0,1.0,120670.0
143.0,75,100,90,0.0,60.47,19.034,0.0001,100,1.0,0,0.0011751,11.183,20.818,78393,87441.0,6.5082,298.0,57.988,1.8179,10.0,,23,,1.7497,0.18843,,,1.7368,0,,0,0,1,1,1,0,1.0,121510.0
143.2,75,100,90,0.0,57.699,19.137,0.0001,100,1.0,0,0.0011548,11.2,20.854,78438,87497.0,6.5054,298.0,57.832,1.8196,10.0,,23,,1.7407,0.18849,,,1.7385,0,,0,0,1,1,1,0,1.0,121350.0
143.4,75,100,90,0.0,56.077,18.832,0.0001,100,1.0,0,0.0011327,11.215,20.89,78482,87552.0,6.4997,297.99,57.273,1.8213,10.0,,23,,1.7337,0.18854,,,1.7401,0,,0,0,1,1,1,0,1.0,121530.0
143.6,75,100,90,0.0,56.732,18.152,0.0001,100,1.0,0,0.0011666,11.154,20.928,78526,87608.0,6.4933,298.0,57.945,1.823,10.0,,23,,1.7546,0.18838,,,1.7418,0,,0,0,1,1,1,0,1.0,120370.0
143.8,75,100,90,0.0,59.937,18.553,0.0001,100,1.0,0,0.0011837,11.159,20.965,78571,87664.0,6.4882,298.0,58.741,1.8247,10.0,,23,,1.7407,0.18848,,,1.7434,0,,0,0,1,1,1,0,1.0,121550.0
144.0,75,100,90,0.0,65.18,19.111,0.0001,100,1.0,0,0.0011816,11.188,21.002,78617,87722.0,6.4871,298.0,59.119,1.8265,10.0,1608.0,23,1899.0,1.7195,0.18864,20.854,25.54,1.7451,0,68.963,0,0,1,1,1,0,1.0,121390.0
144.2,75,100,90,0.0,70.856,19.362,0.0001,100,1.0,0,0.0011831,11.189,21.039,78664,87780.0,6.4882,298.0,59.171,1.8282,10.0,,23,,1.724,0.1886,,,1.7468,0,,0,0,1,1,1,0,1.0,121400.0
144.4,75,100,90,0.0,76.109,19.359,0.0001,100,1.0,0,0.0011843,11.193,21.075,78712,87840.0,6.4942,298.0,58.708,1.83,10.0,,23,,1.732,0.18854,,,1.7485,0,,0,0,1,1,1,0,1.0,122570.0
144.6,75,100,90,0.0,78.943,18.898,0.0001,100,1.0,0,0.0011823,11.197,21.112,78760,87900.0,6.5004,298.0,57.888,1.8317,10.0,,23,,1.7313,0.18854,,,1.7501,0,,0,0,1,1,1,0,1.0,121410.0
144.8,75,100,90,0.0,79.295,18.074,0.0001,100,1.0,0,0.0012199,11.161,21.149,78809,87961.0,6.5066,298.0,57.939,1.8335,10.0,,23,,1.7318,0.18853,,,1.7518,0,,0,0,1,1,1,0,1.0,121920.0
145.0,75,100,90,0.0,77.178,17.973,0.0001,100,1.0,0,0.0012259,11.144,21.187,78857,88021.0,6.5105,298.0,58.407,1.8353,10.0,,23,,1.7324,0.18853,,,1.7535,0,,0,0,1,1,1,0,1.0,122440.0
145.2,75,100,90,0.0,73.49,18.24,0.0001,100,1.0,0,0.0012165,11.149,21.224,78905,88080.0,6.5141,298.0,58.863,1.837,10.0,,23,,1.7238,0.18859,,,1.7552,0,,0,0,1,1,1,0,1.0,122280.0
145.4,75,100,90,0.0,68.372,18.533,0.0001,100,1.0,0,0.0012177,11.111,21.262,78951,88138.0,6.515,298.0,59.528,1.8388,10.0,,23,,1.7429,0.18844,,,1.7569,0,,0,0,1,1,1,0,1.0,122960.0
145.6,75,100,90,0.0,62.898,19.063,0.0001,100,1.0,0,0.0012197,11.065,21.299,78997,88196.0,6.513,298.0,61.025,1.8405,10.0,,23,,1.7672,0.18825,,,1.7586,0,,0,0,1,1,1,0,1.0,122810.0
145.8,75,100,90,0.0,58.223,20.412,0.0001,100,1.0,0,0.0011971,11.068,21.337,79041,88252.0,6.5091,298.01,62.031,1.8423,10.0,,23,,1.7691,0.18823,,,1.7603,0,,0,0,1,1,1,0,1.0,122490.0
146.0,75,100,90,0.0,55.101,21.445,0.0001,100,1.0,0,0.0012058,11.042,21.375,79085,88308.0,6.5037,298.01,63.341,1.844,10.0,,23,,1.7727,0.1882,,,1.7619,0,,0,0,1,1,1,0,1.0,123500.0
146.2,75,100,90,0.0,54.158,22.863,0.0001,100,1.0,0,0.0011952,11.044,21.413,79129,88363.0,6.499,298.01,64.411,1.8457,10.0,,23,,1.765,0.18826,,,1.7636,0,,0,0,1,1,1,0,1.0,123850.0
146.4,75,100,90,0.0,55.066,24.186,0.0001,100,1.0,0,0.0011836,11.05,21.45,79172,88419.0,6.498,298.01,63.922,1.8475,10.0,,23,,1.7669,0.18824,,,1.7653,0,,0,0,1,1,1,0,1.0,123530.0
146.6,75,100,90,0.0,56.375,24.202,0.0001,100,1.0,0,0.0011664,11.067,21.487,79217,88474.0,6.4988,298.01,62.295,1.8491,10.0,,23,,1.7732,0.18819,,,1.7669,0,,0,0,1,1,1,0,1.0,122870.0
146.8,75,100,90,0.0,57.374,23.166,0.0001,100,1.0,0,0.0011467,11.087,21.523,79261,88530.0,6.4993,298.0,59.787,1.8508,10.0,,23,,1.7693,0.18822,,,1.7685,0,,0,0,1,1,1,0,1.0,124540.0
147.0,75,100,90,0.0,58.164,21.194,0.0001,100,1.0,0,0.0011753,11.056,21.561,79305,88587.0,6.4982,298.0,58.064,1.8524,10.0,,23,,1.7772,0.18815,,,1.77,0,,0,0,1,1,1,0,1.0,124060.0
147.2,75,100,90,0.0,59.392,19.705,0.0001,100,1.0,0,0.0011919,11.05,21.598,79350,88643.0,6.4969,297.99,56.759,1.8541,10.0,,23,,1.768,0.18822,,,1.7716,0,,0,0,1,1,1,0,1.0,125070.0
147.4,75,100,90,0.0,61.135,18.411,0.0001,100,1.0,0,0.0011489,11.108,21.633,79395,88700.0,6.4988,297.99,54.15,1.8557,10.0,,23,,1.7527,0.18833,,,1.7732,0,,0,0,1,1,1,0,1.0,124900.0
147.6,75,100,90,0.0,62.141,15.799,0.0001,100,1.0,0,0.0011081,11.146,21.668,79440,88757.0,6.5019,297.98,50.197,1.8573,10.0,,23,,1.7493,0.18835,,,1.7747,0,,0,0,1,1,1,0,1.0,125070.0
147.8,75,100,90,0.0,61.895,11.739,0.0001,100,1.0,0,0.0011431,11.103,21.703,79485,88814.0,6.5019,297.97,48.046,1.8589,10.0,,23,,1.7577,0.18829,,,1.7762,0,,0,0,1,1,1,0,1.0,125070.0
148.0,75,100,90,0.0,61.65,8.9499,0.0001,100,1.0,0,0.0011483,11.109,21.739,79530,88870.0,6.4988,297.97,46.42,1.8605,10.0,,23,,1.7457,0.18838,,,1.7778,0,,0,0,1,1,1,0,1.0,125240.0
148.2,75,100,90,0.0,62.66,6.3902,0.0001,100,1.0,0,0.0011145,11.139,21.774,79576,88927.0,6.4965,297.96,44.397,1.862,10.0,,23,,1.7361,0.18845,,,1.7793,0,,0,0,1,1,1,0,1.0,125740.0
148.4,75,100,90,0.0,64.593,3.3017,0.0001,100,1.0,0,0.0011163,11.151,21.808,79621,88985.0,6.4938,297.96,42.789,1.8636,10.0,,23,,1.7219,0.18855,,,1.7808,0,,0,0,1,1,1,0,1.0,125730.0
148.6,75,100,90,0.0,67.601,0.39895,0.0001,100,1.0,0,0.0011139,11.159,21.843,79668,89043.0,6.4925,297.95,41.045,1.8651,10.0,,23,,1.7258,0.18852,,,1.7822,0,,0,0,1,1,1,0,1.0,125900.0
148.8,75,100,90,0.0,71.134,0.0001,0.0001,100,1.0,0,0.0011035,11.171,21.877,79715,89102.0,6.4929,297.95,38.854,1.8666,10.0,,23,,1.7232,0.18853,,,1.7837,0,,0,0,1,1,1,0,1.0,126060.0
149.0,75,100,90,0.0,74.48,0.0001,11.427,100,1.0,0,0.0011234,11.152,21.911,79762,89161.0,6.4944,297.97,47.202,1.8682,10.0,,23,,1.7293,0.18849,,,1.7852,0,,0,0,1,1,1,0,1.0,125730.0
149.2,75,100,90,0.0,77.234,5.5376,1.1427,100,1.0,0,0.0011185,11.161,21.945,79810,89221.0,6.4991,297.96,44.566,1.8697,10.0,,23,,1.7366,0.18843,,,1.7866,0,,0,0,1,1,1,0,1.0,125550.0
149.4,75,100,90,0.0,78.097,1.7826,0.11427,100,1.0,0,0.0011341,11.148,21.98,79859,89281.0,6.5031,297.95,42.058,1.8713,10.0,,23,,1.7304,0.18847,,,1.7881,0,,0,0,1,1,1,0,1.0,125880.0
149.6,75,100,90,0.0,77.382,0.0001,0.011427,100,1.0,0,0.0011785,11.078,22.015,79907,89341.0,6.5035,297.95,41.253,1.8728,10.0,,23,,1.7522,0.1883,,,1.7896,0,,0,0,1,1,1,0,1.0,127390.0
149.8,75,100,90,0.0,76.521,0.0001,0.0011427,100,1.0,0,0.0011649,11.084,22.051,79955,89401.0,6.5041,297.95,40.086,1.8744,10.0,,23,,1.7549,0.18828,,,1.7912,0,,0,0,1,1,1,0,1.0,126560.0
150.0,75,100,90,0.0,75.416,0.0001,10.586,100,1.0,0,0.0011821,11.035,22.087,80003,89461.0,6.5039,297.97,49.175,1.876,10.0,,23,,1.7776,0.18811,,,1.7927,0,,0,0,1,1,1,0,1.0,127060.0
150.2,75,100,90,0.0,74.373,6.2806,1.0586,0,0.9,-4000,0.0012019,9.8018,22.128,79334,88701.0,6.5312,298.0,59.488,1.8668,10.0,,23,,1.8519,0.18756,,,1.7839,0,,0,0,1,1,1,0,1.0,127420.0
150.4,75,100,90,0.0,62.336,14.385,0.10586,0,0.9,-4000,0.0012687,9.6729,22.171,78662,87939.0,6.5494,298.03,70.606,1.8527,10.0,,23,,1.8715,0.18744,,,1.7703,0,,0,0,1,1,1,0,1.0,126460.0
150.6,75,100,90,0.0,43.13,24.29,0.010586,0,0.9,-4000,0.0012799,9.5683,22.215,77987,87172.0,6.552,298.06,81.947,1.8383,10.0,,23,,1.883,0.18738,,,1.7564,0,,0,0,1,1,1,0,1.0,126500.0
150.8,75,100,90,0.52051,21.565,35.568,0.0010586,0,0.9,-4000,0.0012963,9.4773,22.26,77308,86402.0,6.5311,298.09,94.069,1.8238,10.0,,23,,1.8729,0.18748,,,1.7425,0,,0,0,1,1,1,0,1.0,126720.0
151.0,75,100,90,0.0,9.734,48.785,0.00010586,0,0.9,-4000,0.0013385,9.3735,22.306,76626,85629.0,6.4999,298.12,106.17,1.8094,10.0,,23,,1.876,0.18749,,,1.7287,0,,0,0,1,1,1,0,1.0,128770.0
151.2,75,100,90,0.0,10.334,63.286,0.0001,0,0.9,-4000,0.0013777,9.322,22.353,75944,84856.0,6.4709,298.15,116.13,1.795,10.0,,23,,1.8631,0.18761,,,1.7148,0,,0,0,1,1,1,0,1.0,128660.0
151.4,75,100,90,0.0,22.506,77.095,0.0001,0,0.9,-4000,0.0013741,9.3581,22.399,75265,84086.0,6.454,298.17,122.76,1.7805,10.0,,23,,1.8407,0.18781,,,1.701,0,,0,0,1,1,1,0,1.0,128210.0
151.6,75,100,90,0.0,41.377,88.878,0.0001,0,0.9,-4000,0.0014355,9.3605,22.445,74590,83319.0,6.4526,298.18,127.09,1.7661,10.0,,23,,1.8125,0.18805,,,1.6871,0,,0,0,1,1,1,0,1.0,128600.0
151.8,75,100,90,0.0,60.803,99.266,0.0001,0,0.9,-4000,0.0014558,9.4281,22.49,73919,82557.0,6.4648,298.18,127.94,1.7517,10.0,,23,,1.7596,0.18848,,,1.6733,0,,0,0,1,1,1,0,1.0,128480.0
152.0,75,100,90,0.0,75.352,106.83,0.0001,0,0.9,-4000,0.0015117,9.4298,22.536,73251,81797.0,6.4857,298.18,127.69,1.7374,10.0,,23,,1.7316,0.18872,,,1.6595,0,,0,0,1,1,1,0,1.0,128370.0
152.2,75,100,90,0.0,81.554,113.47,0.0001,0,0.9,0,0.0014891,9.4597,22.58,73280,81839.0,6.4846,298.17,123.87,1.7343,10.0,,23,,1.7211,0.18881,,,1.6565,0,,0,0,1,1,1,0,1.0,129250.0
152.4,75,100,90,0.0,88.322,116.63,0.0001,0,0.9,0,0.0014889,9.4618,22.625,73311,81882.0,6.4855,298.16,117.62,1.7358,10.0,,23,,1.7278,0.18875,,,1.658,0,,0,0,1,1,1,0,1.0,129120.0
152.6,75,100,90,0.0,94.615,117.06,0.0001,0,0.9,0,0.001466,9.4794,22.668,73344,81927.0,6.4887,298.13,107.65,1.7376,10.0,,23,,1.7389,0.18866,,,1.6597,0,,0,0,1,1,1,0,1.0,129500.0
152.8,75,100,90,0.0,99.638,113.24,0.0001,0,0.9,0,0.001469,9.4829,22.712,73377,81972.0,6.4916,298.1,96.606,1.7394,10.0,,23,,1.7434,0.18863,,,1.6614,0,,0,0,1,1,1,0,1.0,129040.0
153.0,75,100,90,0.0,103.52,107.39,0.0001,0,0.9,0,0.0014758,9.4691,22.754,73411,82018.0,6.4934,298.06,84.53,1.7412,10.0,,23,,1.7571,0.18852,,,1.6631,0,,0,0,1,1,1,0,1.0,129740.0
153.2,75,100,90,0.0,106.7,99.382,0.0001,0,0.9,0,0.0014749,9.489,22.796,73445,82065.0,6.4973,298.03,73.663,1.743,10.0,,23,,1.7379,0.18866,,,1.6649,0,,0,0,1,1,1,0,1.0,130110.0
153.4,75,100,90,0.0,108.28,91.302,0.0001,0,0.9,0,0.0015173,9.4516,22.839,73480,82112.0,6.4981,298.01,65.276,1.7448,10.0,,23,,1.7362,0.18867,,,1.6666,0,,0,0,1,1,1,0,1.0,130310.0
153.6,75,100,90,0.0,109.59,84.469,0.0001,0,0.9,0,0.0015396,9.4178,22.881,73516,82160.0,6.4992,297.99,59.097,1.7466,10.0,,23,,1.7443,0.18861,,,1.6684,0,,0,0,1,1,1,0,1.0,130340.0
153.8,75,100,90,0.0,110.41,78.855,0.0001,0,0.9,0,0.0015337,9.4072,22.924,73551,82208.0,6.4983,297.98,54.187,1.7485,10.0,,23,,1.746,0.18859,,,1.6702,0,,0,0,1,1,1,0,1.0,130380.0
154.0,75,100,90,0.0,111.61,73.781,0.0001,0,0.9,0,0.0015009,9.4255,22.966,73587,82256.0,6.4966,297.96,50.026,1.7503,10.0,,23,,1.7461,0.18858,,,1.672,0,,0,0,1,1,1,0,1.0,130750.0
154.2,75,100,90,0.0,113.49,68.891,0.0001,0,0.9,0,0.0014921,9.436,23.008,73623,82304.0,6.4956,297.95,44.815,1.7521,10.0,,23,,1.7396,0.18863,,,1.6737,0,,0,0,1,1,1,0,1.0,132110.0
154.4,75,100,90,0.0,115.77,20.667,80.64,0,0.9,0,0.0015351,9.3864,23.051,73659,82353.0,6.4938,298.17,124.33,1.754,10.0,,23,,1.7425,0.18861,,,1.6755,0,,0,0,1,1,1,0,1.0,130320.0
154.6,75,100,90,0.0,118.77,96.383,8.064,0,0.9,0,0.0015426,9.3956,23.093,73696,82403.0,6.4911,298.16,120.48,1.7559,10.0,,23,,1.7335,0.18867,,,1.6773,0,,0,0,1,1,1,0,1.0,131350.0
154.8,75,100,90,0.0,122.85,97.447,0.8064,0,0.9,0,0.0015761,9.3658,23.135,73734,82454.0,6.4883,298.13,109.92,1.7578,10.0,,23,,1.739,0.18862,,,1.6791,0,,0,0,1,1,1,0,1.0,132220.0
155.0,75,100,90,0.0,128.07,93.339,0.08064,0,0.9,0,0.0015437,9.4277,23.176,73773,82505.0,6.4869,298.1,98.904,1.7596,10.0,,23,,1.7151,0.1888,,,1.6809,0,,0,0,1,1,1,0,1.0,132240.0
155.2,75,100,90,0.0,133.84,87.815,0.008064,0,0.9,0,0.001544,9.435,23.217,73813,82558.0,6.4877,298.07,88.588,1.7615,10.0,,23,,1.7136,0.18881,,,1.6827,0,,0,0,1,1,1,0,1.0,132770.0
155.4,75,100,90,0.0,139.28,81.822,0.0008064,0,0.9,0,0.0015035,9.4857,23.256,73854,82611.0,6.4961,298.05,78.899,1.7633,10.0,,23,,1.7074,0.18885,,,1.6844,0,,0,0,1,1,1,0,1.0,131630.0
155.6,75,100,90,0.0,141.33,75.34,0.0001,0,0.9,0,0.0014965,9.5014,23.296,73895,82666.0,6.5022,298.02,70.297,1.7651,10.0,,23,,1.6982,0.18892,,,1.6861,0,,0,0,1,1,1,0,1.0,131480.0
155.8,75,100,90,0.0,140.98,68.881,0.0001,0,0.9,0,0.0015305,9.4587,23.336,73937,82720.0,6.5069,298.01,64.822,1.7669,10.0,,23,,1.7005,0.1889,,,1.6879,0,,0,0,1,1,1,0,1.0,132500.0
156.0,75,100,90,0.0,138.76,64.533,0.0001,0,0.9,0,0.0015369,9.4323,23.376,73978,82773.0,6.5114,297.99,59.799,1.7687,10.0,1541.0,23,1912.2,1.7033,0.18887,23.217,26.475,1.6896,0,79.651,0,0,1,1,1,0,1.0,132360.0
156.2,75,100,90,0.0,134.71,59.983,0.0001,0,0.9,0,0.0015071,9.4283,23.416,74018,82826.0,6.5142,297.98,54.666,1.7705,10.0,,23,,1.71,0.18882,,,1.6913,0,,0,0,1,1,1,0,1.0,132720.0
156.4,75,100,90,0.0,129.55,54.789,0.0001,0,0.9,0,0.0014959,9.4278,23.457,74057,82878.0,6.515,297.96,50.289,1.7723,10.0,,23,,1.6919,0.18895,,,1.693,0,,0,0,1,1,1,0,1.0,133080.0
156.6,75,100,90,0.0,124.08,49.793,0.0001,0,0.9,0,0.001499,9.4078,23.498,74095,82929.0,6.5138,297.96,47.363,1.774,10.0,,23,,1.6799,0.18904,,,1.6947,0,,0,0,1,1,1,0,1.0,133940.0
156.8,75,100,90,0.0,119.1,45.726,0.0001,0,0.9,0,0.0014602,9.4381,23.538,74132,82978.0,6.5139,297.95,45.218,1.7758,10.0,,23,,1.6557,0.18922,,,1.6964,0,,0,0,1,1,1,0,1.0,132630.0
157.0,75,100,90,0.0,114.05,42.08,0.0001,0,0.9,0,0.0014615,9.3936,23.579,74169,83027.0,6.5099,297.95,43.677,1.7775,10.0,,23,,1.6687,0.18912,,,1.698,0,,0,0,1,1,1,0,1.0,134490.0
157.2,75,100,90,0.0,110.63,12.624,52.641,0,0.9,0,0.0014303,9.3954,23.62,74204,83075.0,6.5078,298.09,96.096,1.7791,10.0,,23,,1.6734,0.18908,,,1.6996,0,,0,0,1,1,1,0,1.0,133520.0
157.4,75,100,90,0.0,108.03,61.339,5.2641,0,0.9,0,0.0014498,9.3546,23.66,74239,83122.0,6.5033,298.09,96.255,1.7808,10.0,,23,,1.684,0.189,,,1.7012,0,,0,0,1,1,1,0,1.0,133880.0
157.6,75,100,90,0.0,107.24,63.882,0.52641,0,0.9,0,0.001412,9.3844,23.701,74273,83170.0,6.4987,298.08,92.836,1.7824,10.0,,23,,1.6722,0.18908,,,1.7028,0,,0,0,1,1,1,0,1.0,134240.0
157.8,75,100,90,0.0,108.28,64.084,0.052641,0,0.9,0,0.0014088,9.3716,23.741,74308,83217.0,6.4928,298.07,88.013,1.7841,10.0,,23,,1.6851,0.18898,,,1.7044,0,,0,0,1,1,1,0,1.0,134930.0
158.0,75,100,90,0.0,111.68,62.648,0.0052641,0,0.9,0,0.0014157,9.3639,23.781,74344,83265.0,6.4919,298.06,82.998,1.7857,10.0,,23,,1.6876,0.18896,,,1.7059,0,,0,0,1,1,1,0,1.0,134950.0
158.2,75,100,90,0.0,115.42,60.551,0.00052641,0,0.9,0,0.0013878,9.3988,23.821,74380,83314.0,6.4925,298.04,78.738,1.7873,10.0,,23,,1.6735,0.18906,,,1.7075,0,,0,0,1,1,1,0,1.0,135970.0
158.4,75,100,90,0.0,118.94,58.664,0.0001,0,0.9,0,0.0013646,9.4298,23.86,74417,83363.0,6.4974,298.03,72.932,1.7889,10.0,,23,,1.662,0.18915,,,1.709,0,,0,0,1,1,1,0,1.0,134830.0
158.6,75,100,90,0.0,120.5,54.825,0.0001,0,0.9,0,0.001358,9.4346,23.898,74454,83413.0,6.5036,298.01,67.589,1.7904,10.0,,23,,1.6662,0.18911,,,1.7105,0,,0,0,1,1,1,0,1.0,135840.0
158.8,75,100,90,0.0,119.56,50.86,0.0001,0,0.9,0,0.0013045,9.4741,23.936,74492,83463.0,6.5119,297.99,60.871,1.7919,10.0,,23,,1.6564,0.18918,,,1.7119,0,,0,0,1,1,1,0,1.0,135520.0
159.0,75,100,90,0.0,115.32,45.004,0.0001,0,0.9,0,0.0012681,9.4919,23.974,74528,83511.0,6.5203,297.98,54.781,1.7934,10.0,,23,,1.6442,0.18927,,,1.7133,0,,0,0,1,1,1,0,1.0,136030.0
159.2,75,100,90,0.0,107.7,39.081,0.0001,0,0.9,0,0.0012514,9.4651,24.012,74563,83558.0,6.5269,297.97,50.477,1.7948,10.0,,23,,1.6458,0.18926,,,1.7147,0,,0,0,1,1,1,0,1.0,136050.0
159.4,75,100,90,0.0,97.452,34.229,0.0001,0,0.9,0,0.0012233,9.4558,24.05,74595,83603.0,6.5281,297.95,46.48,1.7962,10.0,,23,,1.6391,0.18931,,,1.716,0,,0,0,1,1,1,0,1.0,136730.0
159.6,75,100,90,0.0,86.768,29.187,0.0001,0,0.9,0,0.0012658,9.3533,24.09,74626,83646.0,6.5262,297.95,45.913,1.7976,10.0,,23,,1.6603,0.18914,,,1.7174,0,,0,0,1,1,1,0,1.0,136750.0
159.8,75,100,90,0.0,76.814,27.02,0.0001,0,0.9,0,0.0012075,9.3631,24.128,74655,83687.0,6.5201,297.95,45.088,1.799,10.0,,23,,1.6618,0.18913,,,1.7187,0,,0,0,1,1,1,0,1.0,136270.0
160.0,75,100,90,0.0,69.325,24.473,0.0001,0,0.9,0,0.0011365,9.3825,24.166,74682,83726.0,6.5126,297.95,43.177,1.8003,10.0,,23,,1.6694,0.18907,,,1.7199,0,,0,0,1,1,1,0,1.0,135780.0
160.2,75,100,80,0.0,64.822,7.342,36.433,400,0.9,0,0.00084268,11.561,24.172,74786,83841.0,6.5067,297.96,46.991,1.8013,10.0,,23,,1.115,0.19324,,,1.7209,0,,0,0,1,1,1,0,1.0,137470.0
160.4,75,100,80,0.0,62.673,8.99,3.6433,400,0.9,0,0.00084901,11.571,24.178,74890,83956.0,6.501,297.88,21.04,1.8021,10.0,,23,,1.0598,0.19365,,,1.7217,0,,0,0,1,1,1,0,1.0,137000.0
160.6,75,100,80,0.0,62.802,2.697,56.496,400,0.9,0,0.00082636,11.626,24.183,74993,84071.0,6.497,297.95,44.251,1.803,10.0,,23,,1.0342,0.19384,,,1.7225,0,,0,0,1,1,1,0,1.0,136860.0
160.8,75,100,80,0.0,64.503,0.8091,0.0001,400,0.9,0,0.00082672,11.661,24.189,75097,84187.0,6.4951,297.87,16.978,1.8038,10.0,,23,,1.0108,0.19401,,,1.7233,0,,0,0,1,1,1,0,1.0,136050.0
161.0,75,100,80,0.0,66.975,0.24273,65.029,400,0.9,0,0.00082765,11.679,24.194,75202,84302.0,6.4943,297.96,48.472,1.8047,10.0,,23,,1.0181,0.19396,,,1.7241,0,,0,0,1,1,1,0,1.0,136740.0
161.2,75,100,80,0.0,69.763,26.087,6.5029,400,0.9,0,0.00080778,11.729,24.198,75307,84419.0,6.4947,297.88,20.777,1.8055,10.0,,23,,1.0083,0.19403,,,1.7249,0,,0,0,1,1,1,0,1.0,137260.0
161.4,75,100,80,0.0,72.409,7.8262,94.156,400,0.9,0,0.00079234,11.764,24.202,75413,84536.0,6.496,298.04,76.424,1.8062,10.0,,23,,1.0041,0.19406,,,1.7257,0,,0,0,1,1,1,0,1.0,136120.0
161.6,75,100,80,0.0,74.522,56.977,9.4156,400,0.9,0,0.00076825,11.826,24.206,75519,84653.0,6.5003,297.94,42.817,1.807,10.0,,23,,0.98845,0.19417,,,1.7264,0,,0,0,1,1,1,0,1.0,135800.0
161.8,75,100,80,0.0,74.897,17.093,134.28,400,0.9,0,0.0007674,11.826,24.209,75625,84770.0,6.5052,298.19,131.77,1.8077,10.0,,23,,1.0055,0.19404,,,1.7271,0,,0,0,1,1,1,0,1.0,136310.0
162.0,75,100,80,0.0,73.325,100.11,13.428,400,0.9,0,0.00075014,11.846,24.211,75731,84887.0,6.5121,298.08,92.156,1.8084,10.0,,23,,1.0156,0.19397,,,1.7277,0,,0,0,1,1,1,0,1.0,137490.0
162.2,75,100,80,0.0,69.014,67.815,1.3428,400,0.9,0,0.00076132,11.833,24.215,75836,85003.0,6.5155,297.96,49.374,1.8091,10.0,,23,,1.0163,0.19396,,,1.7284,0,,0,0,1,1,1,0,1.0,137170.0
162.4,75,100,80,0.0,63.344,31.148,0.13428,400,0.9,0,0.00076748,11.809,24.219,75939,85119.0,6.5134,297.87,14.591,1.8098,10.0,,23,,1.0304,0.19385,,,1.7291,0,,0,0,1,1,1,0,1.0,136860.0
162.6,75,100,80,0.0,58.53,9.3443,56.905,400,0.9,0,0.00072022,11.857,24.222,76042,85233.0,6.509,297.93,36.328,1.8104,10.0,,23,,1.0251,0.19389,,,1.7297,0,,0,0,1,1,1,0,1.0,136210.0
162.8,75,100,80,0.0,55.473,2.8033,0.0001,400,0.9,0,0.00067043,11.92,24.225,76144,85346.0,6.5057,297.85,8.4097,1.811,10.0,,23,,1.0095,0.19401,,,1.7302,0,,0,0,1,1,1,0,1.0,137220.0
163.0,75,100,80,0.0,53.725,0.84099,70.424,400,0.9,0,0.00066284,11.933,24.227,76246,85459.0,6.5003,297.95,44.46,1.8116,10.0,,23,,1.005,0.19404,,,1.7308,0,,0,0,1,1,1,0,1.0,136900.0
163.2,75,100,80,0.0,54.115,0.2523,0.0001,400,0.9,0,0.00066631,11.95,24.229,76348,85572.0,6.497,297.87,17.056,1.8121,10.0,,23,,1.0026,0.19406,,,1.7313,0,,0,0,1,1,1,0,1.0,137070.0
163.4,75,100,80,0.0,55.84,0.075689,72.378,400,0.9,0,0.00062781,12.019,24.23,76450,85686.0,6.4964,297.98,54.908,1.8126,10.0,,23,,0.99094,0.19414,,,1.7318,0,,0,0,1,1,1,0,1.0,136410.0
163.6,75,100,80,0.0,57.775,31.459,7.2378,400,0.9,0,0.00059662,12.067,24.231,76553,85800.0,6.4998,297.9,27.426,1.8131,10.0,,23,,0.98988,0.19415,,,1.7322,0,,0,0,1,1,1,0,1.0,137080.0
163.8,75,100,80,0.0,58.377,9.4377,99.087,400,0.9,0,0.00061603,12.051,24.231,76656,85914.0,6.5027,298.06,87.042,1.8135,10.0,,23,,1.0068,0.19402,,,1.7326,0,,0,0,1,1,1,0,1.0,136910.0
164.0,75,100,80,0.0,57.837,62.166,9.9087,400,0.9,0,0.00061292,12.058,24.232,76758,86028.0,6.5045,297.98,56.287,1.8139,10.0,,23,,1.0143,0.19397,,,1.7331,0,,0,0,1,1,1,0,1.0,136250.0
164.2,75,100,80,0.0,56.558,34.611,0.99087,400,0.9,0,0.00063136,12.045,24.232,76861,86141.0,6.5031,297.89,23.391,1.8144,10.0,,23,,1.0175,0.19394,,,1.7335,0,,0,0,1,1,1,0,1.0,136580.0
164.4,75,100,80,0.0,55.829,10.383,62.077,400,0.9,0,0.00064299,12.038,24.234,76963,86255.0,6.5002,297.96,49.968,1.8148,10.0,,23,,1.0204,0.19392,,,1.7339,0,,0,0,1,1,1,0,1.0,137420.0
164.6,75,100,80,0.0,56.277,31.789,6.2077,400,0.9,0,0.00066201,12.03,24.236,77065,86369.0,6.4964,297.89,22.022,1.8153,10.0,,23,,1.0267,0.19387,,,1.7344,0,,0,0,1,1,1,0,1.0,136430.0
164.8,75,100,80,0.0,58.236,9.5368,94.698,400,0.9,0,0.00070425,12.004,24.239,77168,86483.0,6.494,298.04,77.965,1.8158,10.0,,23,,1.0311,0.19384,,,1.7348,0,,0,0,1,1,1,0,1.0,136280.0
165.0,75,100,80,0.0,61.155,57.958,9.4698,400,0.9,0,0.0006818,12.044,24.241,77271,86597.0,6.4937,297.96,48.257,1.8163,10.0,,23,,1.0382,0.19378,,,1.7353,0,,0,0,1,1,1,0,1.0,136790.0
165.2,75,100,80,0.0,64.181,30.702,0.94698,400,0.9,0,0.00069092,12.063,24.243,77375,86712.0,6.4963,297.87,16.38,1.8168,10.0,,23,,1.0358,0.1938,,,1.7358,0,,0,0,1,1,1,0,1.0,136960.0
165.4,75,100,80,0.0,66.182,9.2105,61.708,400,0.9,0,0.00069965,12.083,24.246,77479,86828.0,6.499,297.94,42.87,1.8172,10.0,,23,,1.0235,0.19389,,,1.7362,0,,0,0,1,1,1,0,1.0,137310.0
165.6,75,100,80,0.0,67.102,2.7632,0.0001,400,0.9,0,0.00073133,12.054,24.25,77583,86944.0,6.503,297.87,14.748,1.8177,10.0,,23,,1.0398,0.19377,,,1.7367,0,,0,0,1,1,1,0,1.0,137330.0
165.8,75,100,80,0.0,66.413,0.82895,69.32,400,0.9,0,0.00073167,12.068,24.254,77688,87059.0,6.5061,297.96,49.483,1.8182,10.0,,23,,1.0424,0.19375,,,1.7372,0,,0,0,1,1,1,0,1.0,136680.0
166.0,75,100,80,0.0,64.514,28.59,6.932,400,0.9,0,0.00077008,12.038,24.259,77792,87174.0,6.5061,297.89,22.636,1.8187,10.0,,23,,1.0451,0.19373,,,1.7377,0,,0,0,1,1,1,0,1.0,136540.0
166.2,75,100,80,0.0,62.586,8.5769,95.293,400,0.9,0,0.00075505,12.059,24.263,77895,87289.0,6.5051,298.04,79.054,1.8192,10.0,,23,,1.0473,0.19371,,,1.7382,0,,0,0,1,1,1,0,1.0,137230.0
166.4,75,100,80,0.0,61.062,57.006,9.5293,400,0.9,0,0.00076698,12.045,24.269,77998,87404.0,6.5031,297.96,48.838,1.8198,10.0,,23,,1.0616,0.1936,,,1.7386,0,,0,0,1,1,1,0,1.0,136920.0
166.6,75,100,80,0.0,60.344,29.61,0.95293,400,0.9,0,0.00079305,12.039,24.274,78101,87518.0,6.5005,297.87,15.99,1.8203,10.0,,23,,1.0596,0.19362,,,1.7391,0,,0,0,1,1,1,0,1.0,136610.0
166.8,75,100,80,0.0,60.648,8.8831,61.097,400,0.9,0,0.000786,12.077,24.28,78204,87632.0,6.4982,297.94,41.651,1.8208,10.0,,23,,1.0407,0.19376,,,1.7396,0,,0,0,1,1,1,0,1.0,138140.0
167.0,75,100,80,0.0,61.903,2.6649,0.0001,400,0.9,0,0.0008075,12.065,24.285,78307,87747.0,6.4957,297.87,13.296,1.8213,10.0,,23,,1.0526,0.19367,,,1.7402,0,,0,0,1,1,1,0,1.0,137160.0
167.2,75,100,80,0.0,64.151,0.79947,69.138,400,0.9,0,0.00084047,12.058,24.291,78411,87862.0,6.4944,297.96,47.713,1.8219,10.0,,23,,1.0559,0.19364,,,1.7407,0,,0,0,1,1,1,0,1.0,137690.0
167.4,75,100,80,0.0,66.892,27.852,6.9138,400,0.9,0,0.00086432,12.051,24.298,78515,87977.0,6.4962,297.88,20.133,1.8225,10.0,,23,,1.0644,0.19357,,,1.7412,0,,0,0,1,1,1,0,1.0,137230.0
167.6,75,100,80,0.0,68.934,8.3557,95.767,400,0.9,0,0.00087195,12.044,24.306,78620,88093.0,6.4986,298.03,76.508,1.823,10.0,,23,,1.0882,0.1934,,,1.7418,0,,0,0,1,1,1,0,1.0,138260.0
167.8,75,100,80,0.0,69.999,56.046,9.5767,400,0.9,0,0.00091724,12.013,24.314,78725,88210.0,6.5009,297.95,43.766,1.8236,10.0,,23,,1.0996,0.19331,,,1.7424,0,,0,0,1,1,1,0,1.0,137630.0
168.0,75,100,80,0.0,70.176,16.814,129.93,400,0.9,0,0.00092297,12.024,24.322,78830,88326.0,6.5057,298.17,128.64,1.8242,10.0,1719.1,23,1978.5,1.1075,0.19325,24.291,26.058,1.743,0,78.641,0,0,1,1,1,0,1.0,137170.0
168.2,75,100,80,0.0,68.402,92.778,12.993,400,0.9,0,0.00092835,12.012,24.331,78934,88442.0,6.5113,298.07,91.697,1.8249,10.0,,23,,1.1254,0.19311,,,1.7435,0,,0,0,1,1,1,0,1.0,136550.0
168.4,75,100,80,0.0,64.406,63.905,1.2993,400,0.9,0,0.00094465,11.985,24.34,79038,88557.0,6.5148,297.96,50.222,1.8255,10.0,,23,,1.1458,0.19296,,,1.7441,0,,0,0,1,1,1,0,1.0,136930.0
168.6,75,100,80,0.0,59.017,29.718,0.12993,400,0.9,0,0.00098252,11.937,24.351,79141,88671.0,6.5115,297.88,16.52,1.8261,10.0,,23,,1.1645,0.19282,,,1.7447,0,,0,0,1,1,1,0,1.0,136480.0
168.8,75,100,80,0.0,54.94,8.9155,53.852,400,0.9,0,0.0010004,11.92,24.362,79242,88784.0,6.5039,297.93,35.443,1.8267,10.0,,23,,1.17,0.19278,,,1.7454,0,,0,0,1,1,1,0,1.0,137700.0
169.0,75,100,80,0.0,53.907,2.6746,0.0001,400,0.9,0,0.0010054,11.916,24.375,79344,88898.0,6.4956,297.85,6.9474,1.8274,10.0,,23,,1.1754,0.19273,,,1.746,0,,0,0,1,1,1,0,1.0,137930.0
169.2,75,100,80,0.0,56.19,0.80239,67.378,400,0.9,0,0.0010131,11.927,24.387,79446,89011.0,6.4893,297.94,39.641,1.8281,10.0,,23,,1.1831,0.19268,,,1.7466,0,,0,0,1,1,1,0,1.0,137990.0
169.4,75,100,80,0.0,60.983,0.24072,0.0001,400,0.9,0,0.0010135,11.973,24.399,79549,89126.0,6.4854,297.86,11.557,1.8287,10.0,,23,,1.1661,0.1928,,,1.7472,0,,0,0,1,1,1,0,1.0,138380.0
169.6,75,100,80,0.0,67.328,0.072216,71.116,400,0.9,0,0.0010155,12.0,24.41,79653,89241.0,6.488,297.96,47.645,1.8293,10.0,,23,,1.168,0.19279,,,1.7479,0,,0,0,1,1,1,0,1.0,137930.0
169.8,75,100,80,0.0,72.616,28.012,7.1116,400,0.9,0,0.0010254,12.007,24.422,79759,89358.0,6.4938,297.89,21.343,1.83,10.0,,23,,1.1834,0.19267,,,1.7485,0,,0,0,1,1,1,0,1.0,137150.0
170.0,75,100,80,0.0,75.62,8.4035,94.465,400,0.9,0,0.00097674,12.09,24.432,79864,89475.0,6.5015,298.03,76.927,1.8306,10.0,,23,,1.1575,0.19286,,,1.7491,0,,0,0,1,1,1,0,1.0,138540.0
170.2,75,100,80,0.0,75.519,54.712,9.4465,150,0.9,-4000,0.0010058,11.078,24.457,79225,88742.0,6.5386,297.97,53.859,1.8207,10.0,,23,,1.4053,0.19102,,,1.7395,0,,0,0,1,1,1,0,1.0,138320.0
170.4,75,100,80,0.0,60.521,34.068,0.94465,150,0.9,-4000,0.001045,10.986,24.485,78582,88007.0,6.5653,297.91,28.756,1.8059,10.0,,23,,1.4392,0.1908,,,1.7253,0,,0,0,1,1,1,0,1.0,139120.0
170.6,75,100,80,0.5183,30.261,10.22,57.463,150,0.9,-4000,0.0011011,10.811,24.515,77934,87265.0,6.563,298.0,62.326,1.7909,10.0,,23,,1.4787,0.19053,,,1.7109,0,,0,0,1,1,1,0,1.0,138270.0
170.8,75,100,80,1.0398,15.13,38.009,5.7463,150,0.9,-4000,0.001128,10.733,24.547,77283,86521.0,6.5433,297.95,46.876,1.7759,10.0,,23,,1.4922,0.19045,,,1.6965,0,,0,0,1,1,1,0,1.0,137750.0
171.0,75,100,80,0.0,0.0,22.908,0.57463,150,0.9,-4000,0.0011778,10.644,24.58,76628,85773.0,6.5079,297.91,31.324,1.7609,10.0,,23,,1.4848,0.19054,,,1.6821,0,,0,0,1,1,1,0,1.0,137740.0
171.2,75,100,80,0.0,0.0,6.8725,42.629,150,0.9,-4000,0.0011681,10.665,24.613,75974,85025.0,6.476,297.98,56.052,1.7459,10.0,,23,,1.4567,0.19078,,,1.6677,0,,0,0,1,1,1,0,1.0,139070.0
171.4,75,100,80,0.0,10.13,27.169,4.2629,150,0.9,-4000,0.0011586,10.714,24.646,75322,84279.0,6.4579,297.94,41.761,1.7309,10.0,,23,,1.4293,0.19102,,,1.6533,0,,0,0,1,1,1,0,1.0,138560.0
171.6,75,100,80,0.0,27.434,8.1506,67.648,150,0.9,-4000,0.0011815,10.789,24.676,74673,83537.0,6.46,298.06,85.482,1.7159,10.0,,23,,1.3873,0.19136,,,1.6389,0,,0,0,1,1,1,0,1.0,139200.0
171.8,75,100,80,0.0,43.902,48.059,6.7648,150,0.9,-4000,0.0012439,10.822,24.707,74027,82798.0,6.4813,298.01,68.419,1.701,10.0,,23,,1.3531,0.19165,,,1.6246,0,,0,0,1,1,1,0,1.0,139850.0
172.0,75,100,80,0.0,51.855,33.01,0.67648,150,0.9,-4000,0.0012916,10.83,24.738,73384,82061.0,6.5097,297.95,47.325,1.686,10.0,,23,,1.3349,0.19181,,,1.6102,0,,0,0,1,1,1,0,1.0,139670.0
172.2,75,100,80,0.0,48.47,13.37,0.067648,150,0.9,0,0.001289,10.807,24.77,73435,82123.0,6.5047,297.9,28.837,1.682,10.0,,23,,1.3426,0.19176,,,1.6064,0,,0,0,1,1,1,0,1.0,138980.0
172.4,75,100,80,0.0,47.222,4.0111,33.712,150,0.9,0,0.0013051,10.775,24.802,73486,82185.0,6.4982,297.94,42.733,1.6825,10.0,,23,,1.3613,0.19162,,,1.6069,0,,0,0,1,1,1,0,1.0,138640.0
172.6,75,100,80,0.0,48.484,1.2033,0.0001,150,0.9,0,0.001371,10.72,24.834,73537,82247.0,6.4928,297.9,27.843,1.6833,10.0,,23,,1.3834,0.19145,,,1.6076,0,,0,0,1,1,1,0,1.0,139130.0
172.8,75,100,80,0.0,51.873,0.361,43.739,150,0.9,0,0.001313,10.766,24.866,73588,82310.0,6.4902,297.97,51.126,1.6841,10.0,,23,,1.3855,0.19144,,,1.6084,0,,0,0,1,1,1,0,1.0,139610.0
173.0,75,100,80,0.0,56.303,19.617,4.3739,150,0.9,0,0.0012745,10.83,24.897,73641,82374.0,6.4919,297.92,34.369,1.6849,10.0,,23,,1.3605,0.19162,,,1.6091,0,,0,0,1,1,1,0,1.0,139420.0
173.2,75,100,80,0.0,60.031,5.8852,66.64,150,0.9,0,0.0012613,10.849,24.927,73694,82438.0,6.495,298.03,75.28,1.6856,10.0,,23,,1.359,0.19163,,,1.6098,0,,0,0,1,1,1,0,1.0,140570.0
173.4,75,100,80,0.0,62.528,43.003,6.664,150,0.9,0,0.0012488,10.877,24.957,73748,82503.0,6.4991,297.98,55.257,1.6863,10.0,,23,,1.3492,0.19171,,,1.6105,0,,0,0,1,1,1,0,1.0,141040.0
173.6,75,100,80,0.0,63.404,23.917,0.6664,150,0.9,0,0.0012432,10.876,24.986,73802,82568.0,6.5013,297.91,33.054,1.687,10.0,,23,,1.3627,0.1916,,,1.6111,0,,0,0,1,1,1,0,1.0,140180.0
173.8,75,100,80,0.0,63.409,7.175,45.658,150,0.9,0,0.0012424,10.886,25.015,73856,82632.0,6.5017,297.97,53.93,1.6877,10.0,,23,,1.3547,0.19166,,,1.6118,0,,0,0,1,1,1,0,1.0,139820.0
174.0,75,100,80,0.0,63.269,24.721,4.5658,150,0.9,0,0.001223,10.916,25.044,73910,82697.0,6.5013,297.92,34.144,1.6884,10.0,,23,,1.3397,0.19177,,,1.6125,0,,0,0,1,1,1,0,1.0,141460.0
174.2,75,100,80,0.0,63.269,7.4162,72.584,150,0.9,0,0.0012369,10.901,25.073,73964,82762.0,6.5032,298.04,78.579,1.689,10.0,,23,,1.3486,0.1917,,,1.6131,0,,0,0,1,1,1,0,1.0,141270.0
174.4,75,100,80,0.0,62.518,47.848,7.2584,150,0.9,0,0.0012739,10.87,25.103,74018,82827.0,6.5043,297.98,56.847,1.6897,10.0,,23,,1.3591,0.19162,,,1.6138,0,,0,0,1,1,1,0,1.0,141410.0
174.6,75,100,80,0.0,61.318,27.444,0.72584,150,0.9,0,0.0012853,10.849,25.133,74071,82891.0,6.5029,297.92,34.072,1.6904,10.0,,23,,1.3727,0.19152,,,1.6145,0,,0,0,1,1,1,0,1.0,140550.0
174.8,75,100,80,0.0,60.672,8.2332,47.84,150,0.9,0,0.0012223,10.908,25.162,74125,82955.0,6.5007,297.98,56.053,1.6911,10.0,,23,,1.3524,0.19167,,,1.6151,0,,0,0,1,1,1,0,1.0,141350.0
175.0,75,100,80,0.0,60.899,26.897,4.784,150,0.9,0,0.001229,10.909,25.19,74178,83019.0,6.4966,297.92,35.744,1.6918,10.0,,23,,1.3457,0.19172,,,1.6157,0,,0,0,1,1,1,0,1.0,141490.0
175.2,75,100,80,0.0,62.77,8.0692,74.924,150,0.9,0,0.0012336,10.912,25.219,74232,83084.0,6.4915,298.05,81.864,1.6924,10.0,,23,,1.3478,0.1917,,,1.6163,0,,0,0,1,1,1,0,1.0,141960.0
175.4,75,100,80,0.0,66.69,50.153,7.4924,150,0.9,0,0.0012436,10.922,25.248,74286,83149.0,6.4895,297.99,58.671,1.6931,10.0,,23,,1.3461,0.19172,,,1.617,0,,0,0,1,1,1,0,1.0,142270.0
175.6,75,100,80,0.0,71.416,28.72,0.74924,150,0.9,0,0.0012543,10.943,25.276,74342,83216.0,6.4896,297.92,33.831,1.6937,10.0,,23,,1.3358,0.19179,,,1.6176,0,,0,0,1,1,1,0,1.0,141900.0
175.8,75,100,80,0.0,76.104,8.616,49.904,150,0.9,0,0.0012491,10.975,25.304,74398,83283.0,6.4932,297.98,56.419,1.6944,10.0,,23,,1.3194,0.19191,,,1.6182,0,,0,0,1,1,1,0,1.0,142200.0
176.0,75,100,80,0.0,79.33,27.809,4.9904,150,0.9,0,0.0012733,10.968,25.333,74456,83351.0,6.4997,297.92,35.632,1.695,10.0,,23,,1.3236,0.19188,,,1.6189,0,,0,0,1,1,1,0,1.0,141670.0
176.2,75,100,80,0.0,79.975,8.3426,76.561,150,0.9,0,0.0012724,10.961,25.361,74513,83419.0,6.5059,298.05,82.028,1.6957,10.0,,23,,1.3433,0.19173,,,1.6195,0,,0,0,1,1,1,0,1.0,142470.0
176.4,75,100,80,0.0,78.14,50.524,7.6561,150,0.9,0,0.0012871,10.936,25.389,74570,83486.0,6.5117,297.99,60.232,1.6964,10.0,,23,,1.359,0.19161,,,1.6201,0,,0,0,1,1,1,0,1.0,143110.0
176.6,75,100,80,0.0,73.962,30.525,0.76561,150,0.9,0,0.001334,10.886,25.419,74626,83553.0,6.5146,297.93,36.691,1.6971,10.0,,23,,1.3716,0.19152,,,1.6208,0,,0,0,1,1,1,0,1.0,142580.0
176.8,75,100,80,0.0,68.641,9.1576,49.942,150,0.9,0,0.0013149,10.88,25.449,74681,83619.0,6.5119,297.99,60.81,1.6977,10.0,,23,,1.376,0.19148,,,1.6215,0,,0,0,1,1,1,0,1.0,142890.0
177.0,75,100,80,0.0,64.436,30.013,4.9942,150,0.9,0,0.0013105,10.864,25.48,74735,83684.0,6.5065,297.94,42.049,1.6984,10.0,,23,,1.3751,0.19149,,,1.6221,0,,0,0,1,1,1,0,1.0,143040.0
177.2,75,100,80,0.0,62.347,9.0038,74.397,150,0.9,0,0.0013209,10.852,25.511,74788,83749.0,6.4998,298.07,89.158,1.6991,10.0,,23,,1.373,0.1915,,,1.6227,0,,0,0,1,1,1,0,1.0,143690.0
177.4,75,100,80,0.0,62.971,52.331,7.4397,150,0.9,0,0.0013218,10.855,25.542,74842,83813.0,6.4937,298.02,69.58,1.6997,10.0,,23,,1.383,0.19142,,,1.6234,0,,0,0,1,1,1,0,1.0,144170.0
177.6,75,100,80,0.0,66.019,35.259,0.74397,150,0.9,0,0.0013472,10.848,25.573,74897,83879.0,6.492,297.95,46.44,1.7004,10.0,,23,,1.3908,0.19136,,,1.624,0,,0,0,1,1,1,0,1.0,143320.0
177.8,75,100,80,0.0,69.744,14.142,0.074397,150,0.9,0,0.0013771,10.843,25.603,74952,83945.0,6.495,297.9,25.803,1.7011,10.0,,23,,1.3914,0.19136,,,1.6247,0,,0,0,1,1,1,0,1.0,142960.0
178.0,75,100,80,0.0,72.247,4.2425,36.179,150,0.9,0,0.0013308,10.887,25.633,75007,84011.0,6.4989,297.93,38.145,1.7018,10.0,,23,,1.3845,0.19141,,,1.6253,0,,0,0,1,1,1,0,1.0,143270.0
178.2,75,100,80,0.0,73.222,1.2728,0.0001,150,0.9,0,0.0013033,10.921,25.663,75063,84078.0,6.5048,297.87,17.576,1.7024,10.0,,23,,1.3716,0.19151,,,1.6259,0,,0,0,1,1,1,0,1.0,142750.0
178.4,75,100,80,0.0,71.829,0.38183,52.384,150,0.9,0,0.0013096,10.907,25.692,75119,84144.0,6.5102,297.95,44.502,1.703,10.0,,23,,1.3815,0.19143,,,1.6266,0,,0,0,1,1,1,0,1.0,142890.0
178.6,75,100,80,0.0,68.257,0.11455,0.0001,150,0.9,0,0.0013485,10.854,25.722,75174,84210.0,6.5107,297.89,25.314,1.7037,10.0,,23,,1.4012,0.19128,,,1.6272,0,,0,0,1,1,1,0,1.0,144530.0
178.8,75,100,80,0.0,64.507,0.034364,55.84,150,0.9,0,0.0013622,10.84,25.753,75228,84275.0,6.511,297.98,57.034,1.7044,10.0,,23,,1.3971,0.19131,,,1.6278,0,,0,0,1,1,1,0,1.0,143510.0
179.0,75,100,80,0.0,60.64,26.695,5.584,150,0.9,0,0.0013642,10.824,25.784,75281,84339.0,6.5069,297.94,40.364,1.705,10.0,,23,,1.4029,0.19127,,,1.6285,0,,0,0,1,1,1,0,1.0,143830.0
179.2,75,100,80,0.0,58.422,8.0086,75.272,150,0.9,0,0.0013942,10.809,25.815,75334,84403.0,6.5001,298.07,89.207,1.7057,10.0,,23,,1.398,0.1913,,,1.6291,0,,0,0,1,1,1,0,1.0,143640.0
179.4,75,100,80,0.0,58.916,52.431,7.5272,150,0.9,0,0.0013781,10.808,25.846,75387,84467.0,6.4954,298.02,70.851,1.7064,10.0,,23,,1.4125,0.19119,,,1.6298,0,,0,0,1,1,1,0,1.0,143790.0
179.6,75,100,80,0.0,61.259,36.603,0.75272,150,0.9,0,0.0013717,10.817,25.876,75440,84531.0,6.4926,297.96,48.925,1.707,10.0,,23,,1.4154,0.19117,,,1.6304,0,,0,0,1,1,1,0,1.0,144930.0
179.8,75,100,80,0.0,64.739,16.889,0.075272,150,0.9,0,0.0013619,10.829,25.906,75494,84596.0,6.4914,297.9,28.007,1.7077,10.0,,23,,1.4229,0.19111,,,1.631,0,,0,0,1,1,1,0,1.0,144910.0
180.0,75,100,80,0.0,68.7,5.0667,38.692,150,0.9,0,0.0013627,10.839,25.937,75549,84662.0,6.4916,297.94,43.068,1.7084,10.0,1819.5,23,2027.3,1.422,0.19111,25.815,25.693,1.6317,0,78.043,0,0,1,1,1,0,1.0,144890.0
180.2,75,100,80,0.0,72.57,1.52,0.0001,150,0.9,0,0.0013448,10.871,25.967,75605,84728.0,6.4956,297.89,23.006,1.709,10.0,,23,,1.4128,0.19118,,,1.6323,0,,0,0,1,1,1,0,1.0,145030.0
180.4,75,100,80,0.0,74.838,0.456,50.791,150,0.9,0,0.0013499,10.884,25.996,75661,84795.0,6.4993,297.96,48.579,1.7096,10.0,,23,,1.4073,0.19122,,,1.6329,0,,0,0,1,1,1,0,1.0,144670.0
180.6,75,100,80,0.0,75.64,20.907,5.0791,150,0.9,0,0.0013278,10.903,26.025,75717,84862.0,6.5052,297.91,30.32,1.7103,10.0,,23,,1.4075,0.19122,,,1.6335,0,,0,0,1,1,1,0,1.0,145810.0
180.8,75,100,80,0.0,74.085,6.2721,71.846,150,0.9,0,0.0012944,10.918,26.053,75773,84929.0,6.5102,298.02,72.709,1.7109,10.0,,23,,1.4141,0.19117,,,1.6341,0,,0,0,1,1,1,0,1.0,145610.0
181.0,75,100,80,0.0,70.52,43.312,7.1846,150,0.9,0,0.0013104,10.895,26.082,75828,84994.0,6.5125,297.97,52.837,1.7115,10.0,,23,,1.4185,0.19113,,,1.6346,0,,0,0,1,1,1,0,1.0,145410.0
181.2,75,100,80,0.0,66.039,24.574,0.71846,150,0.9,0,0.0013022,10.876,26.111,75883,85059.0,6.51,297.91,29.869,1.712,10.0,,23,,1.4223,0.19111,,,1.6352,0,,0,0,1,1,1,0,1.0,145890.0
181.4,75,100,80,0.0,62.564,7.3721,48.393,150,0.9,0,0.0013187,10.843,26.14,75936,85124.0,6.5014,297.97,52.874,1.7126,10.0,,23,,1.4354,0.191,,,1.6358,0,,0,0,1,1,1,0,1.0,146530.0
181.6,75,100,80,0.0,62.542,26.079,4.8393,150,0.9,0,0.0012914,10.874,26.169,75990,85188.0,6.4956,297.92,33.493,1.7132,10.0,,23,,1.4201,0.19112,,,1.6363,0,,0,0,1,1,1,0,1.0,146500.0
181.8,75,100,80,0.0,64.801,7.8236,74.288,150,0.9,0,0.0013508,10.843,26.199,76044,85253.0,6.4909,298.04,79.427,1.7138,10.0,,23,,1.4331,0.19102,,,1.6369,0,,0,0,1,1,1,0,1.0,146470.0
182.0,75,100,80,0.0,68.953,48.412,7.4288,150,0.9,0,0.0013356,10.856,26.228,76099,85318.0,6.4887,297.98,58.011,1.7144,10.0,,23,,1.4425,0.19095,,,1.6375,0,,0,0,1,1,1,0,1.0,146450.0
182.2,75,100,80,0.0,73.973,28.897,0.74288,150,0.9,0,0.0013043,10.895,26.256,76155,85385.0,6.4896,297.91,32.641,1.715,10.0,,23,,1.4444,0.19093,,,1.6381,0,,0,0,1,1,1,0,1.0,146410.0
182.4,75,100,80,0.0,78.649,8.6691,52.054,150,0.9,0,0.0013037,10.914,26.284,76212,85452.0,6.4929,297.98,56.312,1.7156,10.0,,23,,1.4362,0.19099,,,1.6386,0,,0,0,1,1,1,0,1.0,146050.0
182.6,75,100,80,0.0,81.998,28.26,5.2054,150,0.9,0,0.001302,10.943,26.312,76269,85521.0,6.4947,297.92,34.576,1.7162,10.0,,23,,1.4171,0.19114,,,1.6392,0,,0,0,1,1,1,0,1.0,146350.0
182.8,75,100,80,0.0,84.653,8.4781,78.101,150,0.9,0,0.0013497,10.925,26.34,76327,85589.0,6.4982,298.05,81.553,1.7168,10.0,,23,,1.4185,0.19112,,,1.6398,0,,0,0,1,1,1,0,1.0,147310.0
183.0,75,100,80,0.0,85.9,50.045,7.8101,150,0.9,0,0.0013512,10.927,26.368,76385,85658.0,6.5029,297.98,57.636,1.7174,10.0,,23,,1.4226,0.19109,,,1.6403,0,,0,0,1,1,1,0,1.0,147280.0
183.2,75,100,80,0.0,85.254,28.449,0.78101,150,0.9,0,0.0013039,10.958,26.396,76443,85727.0,6.5075,297.91,31.084,1.718,10.0,,23,,1.4175,0.19113,,,1.6409,0,,0,0,1,1,1,0,1.0,147080.0
183.4,75,100,80,0.0,82.761,8.5348,51.65,150,0.9,0,0.0012671,10.98,26.423,76501,85795.0,6.5122,297.97,53.16,1.7185,10.0,,23,,1.4094,0.19119,,,1.6414,0,,0,0,1,1,1,0,1.0,147040.0
183.6,75,100,80,0.0,78.411,26.418,5.165,150,0.9,0,0.0013098,10.922,26.451,76558,85863.0,6.5112,297.91,31.315,1.7191,10.0,,23,,1.4322,0.19102,,,1.6419,0,,0,0,1,1,1,0,1.0,147670.0
183.8,75,100,80,0.0,74.476,7.9253,76.868,150,0.9,0,0.0012582,10.944,26.478,76614,85929.0,6.5064,298.03,76.74,1.7196,10.0,,23,,1.4294,0.19104,,,1.6425,0,,0,0,1,1,1,0,1.0,147310.0
184.0,75,100,80,0.0,72.439,47.547,7.6868,150,0.9,0,0.0012923,10.913,26.506,76669,85995.0,6.5003,297.97,52.883,1.7201,10.0,,23,,1.4364,0.19098,,,1.643,0,,0,0,1,1,1,0,1.0,147600.0
184.2,75,100,80,0.0,72.848,25.626,0.76868,150,0.9,0,0.0012786,10.951,26.534,76725,86061.0,6.4947,297.9,26.917,1.7207,10.0,,23,,1.4049,0.19122,,,1.6435,0,,0,0,1,1,1,0,1.0,147070.0
184.4,75,100,80,0.0,75.474,7.6879,50.59,150,0.9,0,0.0012744,10.975,26.561,76781,86128.0,6.4903,297.96,49.034,1.7212,10.0,,23,,1.3871,0.19135,,,1.644,0,,0,0,1,1,1,0,1.0,147530.0
184.6,75,100,80,0.0,79.886,25.101,5.059,150,0.9,0,0.0012471,11.014,26.587,76838,86196.0,6.4899,297.9,26.604,1.7218,10.0,,23,,1.3804,0.1914,,,1.6445,0,,0,0,1,1,1,0,1.0,148320.0
184.8,75,100,80,0.0,84.438,7.5303,78.444,150,0.9,0,0.0012919,10.993,26.614,76896,86264.0,6.4921,298.02,73.138,1.7223,10.0,,23,,1.3905,0.19133,,,1.645,0,,0,0,1,1,1,0,1.0,147950.0
185.0,75,100,80,0.0,88.102,47.564,7.8444,150,0.9,0,0.0012858,10.999,26.641,76954,86333.0,6.4968,297.96,49.767,1.7228,10.0,,23,,1.396,0.19128,,,1.6456,0,,0,0,1,1,1,0,1.0,147750.0
185.2,75,100,80,0.0,89.886,25.785,0.78444,150,0.9,0,0.0012577,11.028,26.667,77013,86403.0,6.5037,297.89,22.855,1.7234,10.0,,23,,1.3925,0.19131,,,1.6461,0,,0,0,1,1,1,0,1.0,148200.0
185.4,75,100,80,0.0,88.916,7.7356,53.977,150,0.9,0,0.0012137,11.059,26.692,77072,86472.0,6.5098,297.95,45.531,1.7238,10.0,,23,,1.3882,0.19134,,,1.6465,0,,0,0,1,1,1,0,1.0,148490.0
185.6,75,100,80,0.0,85.514,25.203,5.3977,150,0.9,0,0.001236,11.033,26.718,77130,86541.0,6.5124,297.89,21.964,1.7243,10.0,,23,,1.397,0.19127,,,1.647,0,,0,0,1,1,1,0,1.0,149110.0
185.8,75,100,80,0.0,81.071,7.5608,82.176,150,0.9,0,0.0012176,11.022,26.743,77188,86608.0,6.5076,298.02,70.525,1.7248,10.0,,23,,1.4066,0.1912,,,1.6475,0,,0,0,1,1,1,0,1.0,149070.0
186.0,75,100,80,0.0,78.568,48.867,8.2176,150,0.9,0,0.0012542,10.968,26.77,77244,86675.0,6.4964,297.95,46.382,1.7253,10.0,,23,,1.4332,0.191,,,1.6479,0,,0,0,1,1,1,0,1.0,148690.0
186.2,75,100,80,0.0,80.552,26.144,0.82176,150,0.9,0,0.0012768,10.952,26.797,77301,86743.0,6.4879,297.88,19.232,1.7258,10.0,,23,,1.4541,0.19084,,,1.6484,0,,0,0,1,1,1,0,1.0,148990.0
186.4,75,100,80,0.0,85.903,7.8431,55.894,150,0.9,0,0.0012972,10.965,26.823,77360,86812.0,6.4855,297.95,44.957,1.7263,10.0,,23,,1.4496,0.19087,,,1.6489,0,,0,0,1,1,1,0,1.0,149280.0
186.6,75,100,80,0.0,92.21,2.3529,0.0001,150,0.9,0,0.0013279,10.969,26.85,77419,86882.0,6.4863,297.88,21.22,1.7269,10.0,,23,,1.4494,0.19087,,,1.6494,0,,0,0,1,1,1,0,1.0,148740.0
186.8,75,100,80,0.0,98.193,0.70588,61.74,150,0.9,0,0.0013413,10.987,26.876,77480,86953.0,6.4861,297.97,52.9,1.7274,10.0,,23,,1.4472,0.19089,,,1.6499,0,,0,0,1,1,1,0,1.0,149700.0
187.0,75,100,80,0.0,104.26,26.163,6.174,150,0.9,0,0.0013233,11.021,26.902,77541,87025.0,6.4899,297.91,28.925,1.728,10.0,,23,,1.4422,0.19092,,,1.6505,0,,0,0,1,1,1,0,1.0,149660.0
187.2,75,100,80,0.0,108.81,7.8489,85.532,150,0.9,0,0.0013469,11.036,26.927,77604,87099.0,6.4941,298.04,79.219,1.7285,10.0,,23,,1.4343,0.19098,,,1.651,0,,0,0,1,1,1,0,1.0,150280.0
187.4,75,100,80,0.0,111.68,51.223,8.5532,150,0.9,0,0.0012807,11.083,26.952,77667,87173.0,6.4972,297.97,51.449,1.729,10.0,,23,,1.4273,0.19103,,,1.6515,0,,0,0,1,1,1,0,1.0,150560.0
187.6,75,100,80,0.0,113.31,26.105,0.85532,150,0.9,0,0.0013017,11.096,26.977,77731,87247.0,6.4999,297.89,21.632,1.7295,10.0,,23,,1.4019,0.19122,,,1.652,0,,0,0,1,1,1,0,1.0,150340.0
187.8,75,100,80,0.0,113.88,7.8315,54.183,150,0.9,0,0.0013092,11.107,27.001,77795,87321.0,6.5036,297.94,43.194,1.73,10.0,,23,,1.3951,0.19128,,,1.6525,0,,0,0,1,1,1,0,1.0,150290.0
188.0,75,100,80,0.0,112.96,2.3494,0.0001,150,0.9,0,0.0012828,11.121,27.026,77858,87395.0,6.5092,297.87,17.137,1.7305,10.0,,23,,1.3949,0.19128,,,1.653,0,,0,0,1,1,1,0,1.0,149580.0
188.2,75,100,80,0.0,109.79,0.70483,62.717,150,0.9,0,0.0013225,11.075,27.051,77921,87469.0,6.5142,297.96,47.982,1.731,10.0,,23,,1.4132,0.19114,,,1.6534,0,,0,0,1,1,1,0,1.0,150030.0
188.4,75,100,80,0.0,104.61,24.873,6.2717,150,0.9,0,0.0013285,11.046,27.077,77983,87541.0,6.5162,297.89,24.223,1.7316,10.0,,23,,1.425,0.19105,,,1.6539,0,,0,0,1,1,1,0,1.0,150990.0
188.6,75,100,80,0.0,98.655,7.462,85.746,150,0.9,0,0.0012913,11.053,27.102,78044,87612.0,6.5166,298.03,75.133,1.7321,10.0,,23,,1.4173,0.1911,,,1.6544,0,,0,0,1,1,1,0,1.0,150440.0
188.8,75,100,80,0.0,92.558,50.665,8.5746,150,0.9,0,0.001257,11.059,27.128,78103,87682.0,6.5184,297.96,49.506,1.7325,10.0,,23,,1.409,0.19117,,,1.6549,0,,0,0,1,1,1,0,1.0,150560.0
189.0,75,100,80,0.0,85.694,27.222,0.85746,150,0.9,0,0.0012945,10.999,27.154,78161,87751.0,6.5146,297.89,22.658,1.733,10.0,,23,,1.4285,0.19102,,,1.6553,0,,0,0,1,1,1,0,1.0,150190.0
189.2,75,100,80,0.0,80.387,8.1667,53.729,150,0.9,0,0.0012623,11.0,27.18,78218,87818.0,6.5076,297.95,46.284,1.7335,10.0,,23,,1.4348,0.19097,,,1.6558,0,,0,0,1,1,1,0,1.0,151980.0
189.4,75,100,80,0.0,77.888,26.187,5.3729,150,0.9,0,0.0012664,10.98,27.206,78275,87885.0,6.4982,297.89,23.974,1.734,10.0,,23,,1.4452,0.19089,,,1.6563,0,,0,0,1,1,1,0,1.0,150770.0
189.6,75,100,80,0.0,79.121,7.856,81.055,150,0.9,0,0.0012841,10.975,27.233,78331,87952.0,6.4872,298.02,72.669,1.7345,10.0,,23,,1.4471,0.19088,,,1.6567,0,,0,0,1,1,1,0,1.0,151230.0
189.8,75,100,80,0.0,84.765,48.809,8.1055,150,0.9,0,0.0013066,10.992,27.259,78389,88021.0,6.4797,297.96,49.278,1.7349,10.0,,23,,1.442,0.19091,,,1.6572,0,,0,0,1,1,1,0,1.0,151860.0
190.0,75,100,80,0.0,93.396,27.289,0.81055,150,0.9,0,0.0012782,11.069,27.284,78449,88091.0,6.4817,297.89,21.6,1.7354,10.0,,23,,1.4086,0.19116,,,1.6576,0,,0,0,1,1,1,0,1.0,151970.0
190.2,75,100,80,0.0,101.2,8.1867,56.439,150,0.9,-4000,0.0013343,11.084,27.309,77816,87362.0,6.5119,297.95,45.869,1.7257,10.0,,23,,1.391,0.19131,,,1.6483,0,,0,0,1,1,1,0,1.0,151920.0
190.4,75,100,80,0.0,96.85,26.732,5.6439,150,0.9,-4000,0.0013682,11.042,27.334,77182,86633.0,6.5398,297.89,22.589,1.7114,10.0,,23,,1.3947,0.19131,,,1.6346,0,,0,0,1,1,1,0,1.0,151710.0
190.6,75,100,80,0.0,81.458,8.0197,83.794,150,0.9,-4000,0.0014001,10.963,27.361,76546,85901.0,6.558,298.03,74.416,1.6968,10.0,,23,,1.4001,0.1913,,,1.6206,0,,0,0,1,1,1,0,1.0,152670.0
190.8,75,100,80,0.51895,40.729,52.604,8.3794,150,0.9,-4000,0.0014541,10.753,27.391,75901,85161.0,6.5481,297.98,58.225,1.6823,10.0,,23,,1.4471,0.19098,,,1.6066,0,,0,0,1,1,1,0,1.0,151320.0
191.0,75,100,80,0.0,22.111,37.424,0.83794,150,0.9,-4000,0.0014733,10.658,27.424,75253,84417.0,6.5269,297.93,39.143,1.6677,10.0,,23,,1.4584,0.19092,,,1.5927,0,,0,0,1,1,1,0,1.0,151470.0
191.2,75,100,80,0.0,11.904,11.227,55.666,150,0.9,-4000,0.0015004,10.596,27.457,74602,83671.0,6.5003,298.03,73.879,1.6532,10.0,,23,,1.4656,0.19089,,,1.5787,0,,0,0,1,1,1,0,1.0,151800.0
191.4,75,100,80,0.0,12.324,42.278,5.5666,150,0.9,-4000,0.0015259,10.594,27.49,73952,82925.0,6.4749,297.99,61.451,1.6387,10.0,,23,,1.4451,0.19108,,,1.5648,0,,0,0,1,1,1,0,1.0,152790.0
191.6,75,100,80,0.0,22.867,30.646,0.55666,150,0.9,-4000,0.0015414,10.64,27.522,73304,82182.0,6.4575,297.95,44.603,1.6242,10.0,,23,,1.4139,0.19134,,,1.5509,0,,0,0,1,1,1,0,1.0,151780.0
191.8,75,100,80,0.0,40.352,9.1938,46.952,150,0.9,-4000,0.0015819,10.725,27.553,72660,81441.0,6.4484,298.02,69.592,1.6098,10.0,,23,,1.3609,0.19177,,,1.537,0,,0,0,1,1,1,0,1.0,152590.0
192.0,75,100,80,0.0,61.476,32.053,4.6952,150,0.9,-4000,0.0016286,10.812,27.582,72020,80706.0,6.4484,297.97,53.089,1.5953,10.0,1882.7,23,2074.1,1.3134,0.19215,27.457,25.44,1.5232,0,80.435,0,0,1,1,1,0,1.0,152730.0
192.2,75,100,80,0.0,82.608,15.838,0.46952,150,0.9,0,0.0016295,10.9,27.61,72078,80774.0,6.4343,297.91,32.158,1.5915,10.0,,23,,1.2803,0.19241,,,1.5195,0,,0,0,1,1,1,0,1.0,153360.0
192.4,75,100,80,0.0,109.44,4.7515,40.137,150,0.9,0,0.0016508,11.022,27.636,72141,80848.0,6.4323,297.95,45.416,1.5919,10.0,,23,,1.2324,0.19277,,,1.5199,0,,0,0,1,1,1,0,1.0,153150.0
192.6,75,100,80,0.0,136.98,1.4254,0.0001,150,0.9,0,0.0016279,11.15,27.66,72210,80927.0,6.4465,297.88,20.972,1.5925,10.0,,23,,1.199,0.19302,,,1.5205,0,,0,0,1,1,1,0,1.0,154100.0
192.8,75,100,80,0.0,158.87,0.42763,56.516,150,0.9,0,0.0016562,11.233,27.683,72283,81011.0,6.4633,297.95,47.451,1.5931,10.0,,23,,1.1747,0.1932,,,1.5211,0,,0,0,1,1,1,0,1.0,153210.0
193.0,75,100,80,0.0,174.06,22.599,5.6516,150,0.9,0,0.001691,11.27,27.704,72359,81098.0,6.4824,297.89,26.545,1.5938,10.0,,23,,1.1726,0.19321,,,1.5217,0,,0,0,1,1,1,0,1.0,154310.0
193.2,75,100,80,0.0,181.63,6.7797,80.862,150,0.9,0,0.0016949,11.294,27.725,72437,81186.0,6.5014,298.03,74.204,1.5945,10.0,,23,,1.1806,0.19315,,,1.5224,0,,0,0,1,1,1,0,1.0,152740.0
193.4,75,100,80,0.0,181.59,50.36,8.0862,150,0.9,0,0.0016765,11.307,27.746,72515,81275.0,6.5177,297.97,52.359,1.5952,10.0,,23,,1.1759,0.19319,,,1.523,0,,0,0,1,1,1,0,1.0,154010.0
193.6,75,100,80,0.0,175.05,28.898,0.80862,150,0.9,0,0.0016839,11.268,27.767,72591,81362.0,6.5307,297.89,26.149,1.5959,10.0,,23,,1.1952,0.19304,,,1.5237,0,,0,0,1,1,1,0,1.0,153440.0
193.8,75,100,80,0.0,163.3,8.6693,57.19,150,0.9,0,0.0016531,11.235,27.789,72665,81447.0,6.5397,297.97,52.226,1.5965,10.0,,23,,1.1982,0.19302,,,1.5243,0,,0,0,1,1,1,0,1.0,153550.0
194.0,75,100,80,0.0,147.95,30.908,5.719,150,0.9,0,0.0016791,11.14,27.813,72736,81528.0,6.5435,297.9,30.012,1.5972,10.0,,23,,1.2303,0.19277,,,1.525,0,,0,0,1,1,1,0,1.0,153820.0
194.2,75,100,80,0.0,131.1,9.2725,87.768,150,0.9,0,0.0016335,11.072,27.837,72804,81607.0,6.545,298.06,83.565,1.5979,10.0,,23,,1.2662,0.1925,,,1.5256,0,,0,0,1,1,1,0,1.0,154440.0
194.4,75,100,80,0.0,113.63,58.814,8.7768,150,0.9,0,0.0015852,11.036,27.862,72868,81681.0,6.5409,298.0,63.767,1.5985,10.0,,23,,1.2681,0.19249,,,1.5262,0,,0,0,1,1,1,0,1.0,154890.0
194.6,75,100,80,0.0,97.795,40.337,0.87768,150,0.9,0,0.0015683,10.977,27.888,72929,81753.0,6.5326,297.93,40.505,1.5991,10.0,,23,,1.2794,0.1924,,,1.5268,0,,0,0,1,1,1,0,1.0,154010.0
194.8,75,100,80,0.0,85.298,12.101,59.304,150,0.9,0,0.0015636,10.91,27.915,72987,81822.0,6.5215,298.02,72.471,1.5997,10.0,,23,,1.3079,0.19219,,,1.5274,0,,0,0,1,1,1,0,1.0,153810.0
195.0,75,100,80,0.0,77.224,41.478,5.9304,150,0.9,0,0.0015849,10.851,27.942,73044,81889.0,6.5099,297.98,56.332,1.6004,10.0,,23,,1.3338,0.19199,,,1.528,0,,0,0,1,1,1,0,1.0,154270.0
195.2,75,100,80,0.0,73.801,25.91,0.59304,150,0.9,0,0.0015967,10.811,27.97,73100,81956.0,6.4953,297.92,36.28,1.601,10.0,,23,,1.3592,0.1918,,,1.5286,0,,0,0,1,1,1,0,1.0,154070.0
195.4,75,100,80,0.0,76.226,7.7731,47.106,150,0.9,0,0.001635,10.8,27.998,73157,82023.0,6.4816,297.99,59.495,1.6016,10.0,,23,,1.3613,0.19178,,,1.5292,0,,0,0,1,1,1,0,1.0,155210.0
195.6,75,100,80,0.0,84.11,27.997,4.7106,150,0.9,0,0.0016429,10.825,28.025,73215,82092.0,6.4748,297.94,42.492,1.6023,10.0,,23,,1.3621,0.19177,,,1.5299,0,,0,0,1,1,1,0,1.0,155840.0
195.8,75,100,80,0.0,94.703,8.3991,70.967,150,0.9,0,0.0016154,10.88,28.052,73275,82163.0,6.4697,298.06,84.771,1.603,10.0,,23,,1.358,0.1918,,,1.5305,0,,0,0,1,1,1,0,1.0,155460.0
196.0,75,100,80,0.0,107.34,47.807,7.0967,150,0.9,0,0.0016262,10.908,28.077,73338,82236.0,6.4717,298.01,66.882,1.6036,10.0,,23,,1.3699,0.19171,,,1.5311,0,,0,0,1,1,1,0,1.0,155910.0
196.2,75,100,80,0.0,119.17,31.678,0.70967,150,0.9,0,0.0016412,10.941,28.101,73403,82312.0,6.4827,297.94,43.618,1.6043,10.0,,23,,1.3745,0.19168,,,1.5318,0,,0,0,1,1,1,0,1.0,155700.0
196.4,75,100,80,0.0,126.56,9.5033,50.133,150,0.9,0,0.001623,10.979,28.124,73470,82390.0,6.4936,298.0,64.378,1.605,10.0,,23,,1.3716,0.1917,,,1.5324,0,,0,0,1,1,1,0,1.0,154970.0
196.6,75,100,80,0.0,129.63,28.09,5.0133,150,0.9,0,0.0016377,10.989,28.147,73537,82468.0,6.5014,297.95,44.644,1.6056,10.0,,23,,1.3693,0.19171,,,1.5331,0,,0,0,1,1,1,0,1.0,155410.0
196.8,75,100,80,0.0,129.61,8.4271,70.243,150,0.9,0,0.001688,10.961,28.17,73604,82546.0,6.5096,298.06,84.059,1.6063,10.0,,23,,1.3749,0.19167,,,1.5337,0,,0,0,1,1,1,0,1.0,155860.0
197.0,75,100,80,0.0,126.27,45.156,7.0243,150,0.9,0,0.0016744,10.945,28.193,73671,82623.0,6.515,298.01,66.547,1.607,10.0,,23,,1.3908,0.19155,,,1.5344,0,,0,0,1,1,1,0,1.0,155300.0
197.2,75,100,80,0.0,120.8,29.45,0.70243,150,0.9,0,0.0017248,10.89,28.217,73736,82699.0,6.5137,297.95,44.419,1.6077,10.0,,23,,1.4082,0.19141,,,1.5351,0,,0,0,1,1,1,0,1.0,155080.0
197.4,75,100,80,0.0,115.84,8.8351,46.685,150,0.9,0,0.0017291,10.871,28.241,73801,82775.0,6.5125,298.0,64.69,1.6084,10.0,,23,,1.4026,0.19146,,,1.5358,0,,0,0,1,1,1,0,1.0,155360.0
197.6,75,100,80,0.0,111.35,26.923,4.6685,150,0.9,0,0.0017506,10.83,28.266,73864,82849.0,6.5086,297.96,48.054,1.6092,10.0,,23,,1.4198,0.19132,,,1.5365,0,,0,0,1,1,1,0,1.0,156480.0
197.8,75,100,80,0.0,108.43,10.47,0.46685,150,0.9,0,0.0017028,10.852,28.291,73927,82923.0,6.5015,297.9,27.194,1.6099,10.0,,23,,1.4131,0.19137,,,1.5372,0,,0,0,1,1,1,0,1.0,157260.0
198.0,75,100,80,0.0,108.35,3.141,36.892,150,0.9,0,0.0016812,10.878,28.315,73990,82997.0,6.4917,297.93,38.87,1.6106,10.0,,23,,1.3966,0.1915,,,1.5378,0,,0,0,1,1,1,0,1.0,155880.0
198.2,75,100,80,0.0,112.19,0.9423,0.0001,150,0.9,0,0.0016009,10.931,28.338,74054,83072.0,6.4839,297.87,15.958,1.6113,10.0,,23,,1.3923,0.19153,,,1.5385,0,,0,0,1,1,1,0,1.0,157150.0
198.4,75,100,80,0.0,119.14,0.28269,55.215,150,0.9,0,0.0015866,10.979,28.36,74119,83147.0,6.4811,297.94,41.769,1.6119,10.0,,23,,1.3756,0.19165,,,1.5391,0,,0,0,1,1,1,0,1.0,156760.0
198.6,75,100,80,0.0,127.19,0.084807,0.0001,150,0.9,0,0.0016106,10.994,28.382,74186,83225.0,6.4791,297.87,17.336,1.6126,10.0,,23,,1.378,0.19163,,,1.5397,0,,0,0,1,1,1,0,1.0,156360.0
198.8,75,100,80,0.0,136.06,0.025442,64.692,150,0.9,0,0.0015415,11.087,28.402,74254,83304.0,6.4753,297.96,50.738,1.6132,10.0,,23,,1.347,0.19186,,,1.5403,0,,0,0,1,1,1,0,1.0,156290.0
199.0,75,100,80,0.0,146.45,27.851,6.4692,150,0.9,0,0.0015219,11.15,28.421,74325,83385.0,6.4755,297.91,30.059,1.6138,10.0,,23,,1.3264,0.19202,,,1.5409,0,,0,0,1,1,1,0,1.0,156210.0
199.2,75,100,80,0.0,156.77,8.3552,87.424,150,0.9,0,0.0015163,11.197,28.439,74398,83468.0,6.478,298.05,82.958,1.6144,10.0,,23,,1.3163,0.19209,,,1.5414,0,,0,0,1,1,1,0,1.0,156800.0
199.4,75,100,80,0.0,166.1,56.13,8.7424,150,0.9,0,0.0015285,11.243,28.456,74472,83553.0,6.4841,297.99,60.884,1.615,10.0,,23,,1.3015,0.1922,,,1.542,0,,0,0,1,1,1,0,1.0,156040.0
199.6,75,100,80,0.0,172.96,35.792,0.87424,150,0.9,0,0.0015446,11.265,28.473,74548,83640.0,6.4943,297.92,33.497,1.6156,10.0,,23,,1.2925,0.19227,,,1.5426,0,,0,0,1,1,1,0,1.0,157120.0
199.8,75,100,80,0.0,175.74,10.738,60.251,150,0.9,0,0.0015978,11.242,28.491,74624,83727.0,6.5041,297.99,61.546,1.6162,10.0,,23,,1.3037,0.19219,,,1.5432,0,,0,0,1,1,1,0,1.0,157370.0
200.0,75,100,80,0.0,174.63,35.031,6.0251,150,0.9,0,0.0015531,11.265,28.507,74700,83814.0,6.5111,297.93,38.348,1.6168,10.0,,23,,1.2971,0.19223,,,1.5438,0,,0,0,1,1,1,0,1.0,157950.0
200.2,65,100,80,0.0,170.73,10.509,88.111,250,0.9,0,0.0015982,11.328,28.518,74795,83918.0,6.5096,298.07,90.461,1.8437,4.0,,23,,1.2595,0.19062,,,1.5268,0,,0,0,1,1,1,0,1.0,157170.0
200.4,65,100,80,0.0,167.43,58.195,8.8111,250,0.9,0,0.0015435,11.353,28.528,74888,84023.0,6.5089,298.01,66.572,1.8606,4.0,,23,,1.28,0.1904,,,1.5409,0,,0,0,1,1,1,0,1.0,158050.0
200.6,65,100,80,0.0,164.4,37.025,0.88111,250,0.9,0,0.0015451,11.333,28.538,74981,84126.0,6.5013,297.93,36.97,1.8624,4.0,,23,,1.2895,0.19032,,,1.5424,0,,0,0,1,1,1,0,1.0,157590.0
200.8,65,100,80,0.0,164.42,11.107,60.014,250,0.9,0,0.0014845,11.385,28.548,75074,84230.0,6.4995,298.0,63.871,1.8632,4.0,,23,,1.2748,0.19045,,,1.543,0,,0,0,1,1,1,0,1.0,156810.0
201.0,65,100,80,0.0,165.12,34.566,6.0014,250,0.9,0,0.0014421,11.43,28.557,75167,84333.0,6.5023,297.93,39.626,1.8638,4.0,,23,,1.2619,0.19056,,,1.5435,0,,0,0,1,1,1,0,1.0,157350.0
201.2,65,100,80,0.0,164.69,10.37,86.709,250,0.9,0,0.0014746,11.414,28.566,75260,84436.0,6.5059,298.07,90.263,1.8645,4.0,,23,,1.2669,0.19051,,,1.5441,0,,0,0,1,1,1,0,1.0,157890.0
201.4,65,100,80,0.0,162.85,56.508,8.6709,250,0.9,0,0.001514,11.385,28.575,75352,84539.0,6.5096,298.0,65.401,1.8651,4.0,,23,,1.2773,0.19042,,,1.5446,0,,0,0,1,1,1,0,1.0,157600.0
201.6,65,100,80,0.0,159.54,34.55,0.86709,250,0.9,0,0.001527,11.362,28.585,75444,84642.0,6.514,297.92,35.784,1.8658,4.0,,23,,1.2885,0.19032,,,1.5452,0,,0,0,1,1,1,0,1.0,156810.0
201.8,65,100,80,0.0,154.46,10.365,57.409,250,0.9,0,0.0015882,11.291,28.597,75535,84744.0,6.514,297.99,59.963,1.8665,4.0,,23,,1.3127,0.19011,,,1.5458,0,,0,0,1,1,1,0,1.0,157860.0
202.0,65,100,80,0.0,149.4,30.976,5.7409,250,0.9,0,0.0015572,11.304,28.607,75625,84844.0,6.5107,297.92,34.022,1.8672,4.0,,23,,1.3078,0.19015,,,1.5464,0,,0,0,1,1,1,0,1.0,158250.0
202.2,65,100,80,0.0,145.67,9.2927,85.421,250,0.9,0,0.0015472,11.294,28.618,75714,84944.0,6.5051,298.05,83.047,1.8679,4.0,,23,,1.3159,0.19008,,,1.5469,0,,0,0,1,1,1,0,1.0,157470.0
202.4,65,100,80,0.0,144.16,53.084,8.5421,250,0.9,0,0.0015593,11.287,28.63,75802,85043.0,6.501,297.98,55.78,1.8686,4.0,,23,,1.3129,0.1901,,,1.5475,0,,0,0,1,1,1,0,1.0,158190.0
202.6,65,100,80,0.0,144.28,28.273,0.85421,250,0.9,0,0.0015472,11.283,28.641,75891,85143.0,6.496,297.89,25.651,1.8693,4.0,,23,,1.3262,0.18999,,,1.5481,0,,0,0,1,1,1,0,1.0,157240.0
202.8,65,100,80,0.0,146.4,8.482,55.349,250,0.9,0,0.0014951,11.326,28.652,75980,85243.0,6.4867,297.96,48.049,1.87,4.0,,23,,1.326,0.18999,,,1.5487,0,,0,0,1,1,1,0,1.0,157290.0
203.0,65,100,80,0.0,152.25,26.26,5.5349,250,0.9,0,0.0014946,11.36,28.662,76071,85343.0,6.478,297.89,22.592,1.8706,4.0,,23,,1.3192,0.19004,,,1.5492,0,,0,0,1,1,1,0,1.0,157500.0
203.2,65,100,80,0.0,161.57,7.8779,85.057,250,0.9,0,0.0014837,11.413,28.672,76163,85446.0,6.4727,298.02,71.534,1.8713,4.0,,23,,1.3055,0.19016,,,1.5497,0,,0,0,1,1,1,0,1.0,158380.0
203.4,65,100,80,0.0,172.99,50.146,8.5057,250,0.9,0,0.0015352,11.436,28.681,76257,85551.0,6.4754,297.95,44.598,1.8719,4.0,,23,,1.3004,0.19021,,,1.5503,0,,0,0,1,1,1,0,1.0,158260.0
203.6,65,100,80,0.0,183.31,15.044,116.14,250,0.9,0,0.0015639,11.455,28.69,76354,85659.0,6.4826,298.15,119.66,1.8726,4.0,,23,,1.3062,0.19015,,,1.5508,0,,0,0,1,1,1,0,1.0,157470.0
203.8,65,100,80,0.0,190.78,83.969,11.614,250,0.9,0,0.0015746,11.474,28.699,76452,85767.0,6.4911,298.06,88.09,1.8733,4.0,,23,,1.3087,0.19013,,,1.5514,0,,0,0,1,1,1,0,1.0,158010.0
204.0,65,100,80,0.0,194.86,58.527,1.1614,250,0.9,0,0.0015736,11.489,28.707,76551,85877.0,6.5048,297.96,50.851,1.874,4.0,1889.0,23,2094.0,1.3181,0.19005,28.672,25.002,1.552,0,81.209,0,0,1,1,1,0,1.0,157380.0
204.2,65,100,80,0.0,193.46,26.781,0.11614,250,0.9,0,0.0015481,11.494,28.715,76649,85986.0,6.5168,297.88,18.758,1.8747,4.0,,23,,1.325,0.18999,,,1.5526,0,,0,0,1,1,1,0,1.0,158250.0
204.4,65,100,80,0.0,187.27,8.0344,52.184,250,0.9,0,0.0015772,11.448,28.724,76747,86094.0,6.5296,297.93,37.592,1.8754,4.0,,23,,1.344,0.18982,,,1.5532,0,,0,0,1,1,1,0,1.0,157460.0
204.6,65,100,80,0.0,175.93,2.4103,0.0001,250,0.9,0,0.0015825,11.402,28.734,76842,86200.0,6.5372,297.86,10.824,1.8761,4.0,,23,,1.3632,0.18965,,,1.5537,0,,0,0,1,1,1,0,1.0,158000.0
204.8,65,100,80,0.0,161.57,0.72309,65.67,250,0.9,0,0.0015607,11.354,28.744,76934,86303.0,6.5405,297.94,43.575,1.8768,4.0,,23,,1.3848,0.18946,,,1.5543,0,,0,0,1,1,1,0,1.0,159050.0
205.0,65,100,80,0.0,145.9,0.21693,0.0001,250,0.9,0,0.0015704,11.292,28.755,77023,86403.0,6.5407,297.87,17.311,1.8774,4.0,,23,,1.4032,0.1893,,,1.5548,0,,0,0,1,1,1,0,1.0,157940.0
205.2,65,100,80,0.0,130.17,0.065078,68.855,250,0.9,0,0.0015651,11.228,28.767,77109,86499.0,6.5353,297.97,52.976,1.8781,4.0,,23,,1.4203,0.18915,,,1.5554,0,,0,0,1,1,1,0,1.0,159160.0
205.4,65,100,80,0.0,116.58,28.956,6.8855,250,0.9,0,0.0016021,11.141,28.781,77192,86593.0,6.5228,297.89,24.936,1.8788,4.0,,23,,1.4521,0.18887,,,1.556,0,,0,0,1,1,1,0,1.0,159060.0
205.6,65,100,80,0.0,108.01,8.6867,96.768,250,0.9,0,0.0015732,11.132,28.794,77273,86686.0,6.5125,298.05,83.123,1.8794,4.0,,23,,1.4595,0.18881,,,1.5565,0,,0,0,1,1,1,0,1.0,158120.0
205.8,65,100,80,0.0,103.54,59.176,9.6768,250,0.9,0,0.0015413,11.134,28.807,77354,86777.0,6.5047,297.96,48.541,1.8801,4.0,,23,,1.4596,0.1888,,,1.5571,0,,0,0,1,1,1,0,1.0,158350.0
206.0,65,100,80,0.0,102.17,27.885,0.96768,250,0.9,0,0.0015974,11.084,28.821,77434,86868.0,6.497,297.87,15.488,1.8808,4.0,,23,,1.48,0.18862,,,1.5576,0,,0,0,1,1,1,0,1.0,158750.0
206.2,65,100,80,0.0,103.88,8.3656,57.492,250,0.9,0,0.0016252,11.093,28.835,77514,86959.0,6.4901,297.93,38.807,1.8815,4.0,,23,,1.4751,0.18867,,,1.5582,0,,0,0,1,1,1,0,1.0,158980.0
206.4,65,100,80,0.0,108.36,2.5097,0.0001,250,0.9,0,0.0016546,11.091,28.849,77596,87052.0,6.4867,297.86,11.838,1.8822,4.0,,23,,1.4874,0.18856,,,1.5588,0,,0,0,1,1,1,0,1.0,157880.0
206.6,65,100,80,0.0,114.19,0.7529,67.912,250,0.9,0,0.0016149,11.155,28.862,77678,87145.0,6.4852,297.95,46.397,1.8829,4.0,,23,,1.4735,0.18868,,,1.5594,0,,0,0,1,1,1,0,1.0,159940.0
206.8,65,100,80,0.0,120.64,27.858,6.7912,250,0.9,0,0.0016125,11.194,28.874,77762,87240.0,6.4837,297.88,18.319,1.8836,4.0,,23,,1.4605,0.18879,,,1.56,0,,0,0,1,1,1,0,1.0,159490.0
207.0,65,100,80,0.0,127.68,8.3574,98.095,250,0.9,0,0.0015976,11.237,28.885,77848,87336.0,6.4835,298.03,77.706,1.8843,4.0,,23,,1.4537,0.18885,,,1.5605,0,,0,0,1,1,1,0,1.0,159380.0
207.2,65,100,80,0.0,134.78,58.896,9.8095,250,0.9,0,0.0016141,11.265,28.895,77934,87433.0,6.4872,297.95,43.974,1.8849,4.0,,23,,1.4477,0.1889,,,1.5611,0,,0,0,1,1,1,0,1.0,158930.0
207.4,65,100,80,0.0,140.4,17.669,136.4,250,0.9,0,0.0016031,11.306,28.905,78022,87532.0,6.49,298.19,134.28,1.8856,4.0,,23,,1.4391,0.18897,,,1.5617,0,,0,0,1,1,1,0,1.0,158810.0
207.6,65,100,80,0.0,144.93,99.129,13.64,250,0.9,0,0.0015771,11.334,28.914,78111,87631.0,6.4958,298.07,92.42,1.8863,4.0,,23,,1.4374,0.18899,,,1.5622,0,,0,0,1,1,1,0,1.0,158850.0
207.8,65,100,80,0.0,147.14,65.915,1.364,250,0.9,0,0.001556,11.372,28.923,78200,87731.0,6.5077,297.96,48.047,1.8869,4.0,,23,,1.4226,0.18911,,,1.5628,0,,0,0,1,1,1,0,1.0,158890.0
208.0,65,100,80,0.0,144.55,28.906,0.1364,250,0.9,0,0.0015188,11.373,28.932,78288,87830.0,6.5154,297.86,13.104,1.8876,4.0,,23,,1.4327,0.18902,,,1.5633,0,,0,0,1,1,1,0,1.0,158930.0
208.2,65,100,80,0.0,138.93,8.6718,54.523,250,0.9,0,0.0015935,11.305,28.941,78376,87929.0,6.5224,297.92,33.205,1.8882,4.0,,23,,1.4561,0.18882,,,1.5638,0,,0,0,1,1,1,0,1.0,159470.0
208.4,65,100,80,0.0,130.49,2.6015,0.0001,250,0.9,0,0.0015303,11.323,28.951,78462,88025.0,6.5262,297.84,5.9593,1.8888,4.0,,23,,1.4503,0.18887,,,1.5644,0,,0,0,1,1,1,0,1.0,158850.0
208.6,65,100,80,0.0,120.54,0.78046,68.554,250,0.9,0,0.0014897,11.306,28.961,78546,88119.0,6.5234,297.94,40.965,1.8894,4.0,,23,,1.4575,0.1888,,,1.5649,0,,0,0,1,1,1,0,1.0,159230.0
208.8,65,100,80,0.0,111.71,0.23414,0.0001,250,0.9,0,0.0014246,11.324,28.971,78628,88212.0,6.5202,297.87,14.366,1.89,4.0,,23,,1.4485,0.18888,,,1.5653,0,,0,0,1,1,1,0,1.0,159450.0
209.0,65,100,80,0.0,104.16,0.070242,70.986,250,0.9,0,0.0014025,11.309,28.981,78708,88303.0,6.5153,297.97,51.636,1.8905,4.0,,23,,1.455,0.18882,,,1.5658,0,,0,0,1,1,1,0,1.0,159830.0
209.2,65,100,80,0.0,98.585,29.507,7.0986,250,0.9,0,0.0013697,11.313,28.991,78787,88393.0,6.5102,297.89,22.737,1.891,4.0,,23,,1.4554,0.18882,,,1.5662,0,,0,0,1,1,1,0,1.0,160370.0
209.4,65,100,80,0.0,95.043,8.8522,99.049,250,0.9,0,0.0013917,11.284,29.001,78866,88482.0,6.5077,298.05,82.226,1.8915,4.0,,23,,1.472,0.18867,,,1.5666,0,,0,0,1,1,1,0,1.0,158920.0
209.6,65,100,80,0.0,92.482,59.261,9.9049,250,0.9,0,0.0013951,11.268,29.011,78944,88570.0,6.5036,297.95,45.451,1.892,4.0,,23,,1.4847,0.18856,,,1.567,0,,0,0,1,1,1,0,1.0,159800.0
209.8,65,100,80,0.0,91.567,17.778,137.56,250,0.9,0,0.0013887,11.277,29.022,79022,88658.0,6.5,298.19,135.8,1.8925,4.0,,23,,1.4823,0.18858,,,1.5674,0,,0,0,1,1,1,0,1.0,159520.0
210.0,65,100,80,0.0,92.098,98.428,13.756,250,0.9,0,0.0014101,11.282,29.032,79100,88747.0,6.4945,298.06,88.036,1.893,4.0,,23,,1.4729,0.18866,,,1.5678,0,,0,0,1,1,1,0,1.0,159400.0
210.2,65,100,80,0.0,94.83,60.417,1.3756,250,0.9,-4000,0.0014081,11.313,29.042,78485,88036.0,6.5191,297.94,43.145,1.8831,4.0,,23,,1.456,0.18883,,,1.5596,0,,0,0,1,1,1,0,1.0,159780.0
210.4,65,100,80,0.0,87.606,18.125,75.973,250,0.9,-4000,0.0014465,11.273,29.053,77869,87323.0,6.5419,298.04,78.803,1.8678,4.0,,23,,1.458,0.18884,,,1.5468,0,,0,0,1,1,1,0,1.0,159490.0
210.6,65,100,80,0.0,71.356,49.507,7.5973,250,0.9,-4000,0.0014913,11.214,29.065,77250,86607.0,6.554,297.94,43.341,1.852,4.0,,23,,1.4441,0.18899,,,1.5337,0,,0,0,1,1,1,0,1.0,159880.0
210.8,65,100,80,0.51951,35.678,14.852,113.08,250,0.9,-4000,0.0015329,11.041,29.08,76623,85885.0,6.5417,298.13,113.89,1.8362,4.0,,23,,1.4744,0.18876,,,1.5205,0,,0,0,1,1,1,0,1.0,160120.0
211.0,65,100,80,0.0,19.597,79.025,11.308,250,0.9,-4000,0.001555,10.972,29.096,75993,85159.0,6.521,298.03,77.227,1.8205,4.0,,23,,1.4776,0.18876,,,1.5074,0,,0,0,1,1,1,0,1.0,160200.0
211.2,65,100,80,0.0,11.745,48.198,1.1308,250,0.9,-4000,0.0015746,10.94,29.113,75362,84431.0,6.4972,297.93,40.157,1.8047,4.0,,23,,1.4704,0.18886,,,1.4943,0,,0,0,1,1,1,0,1.0,160440.0
211.4,65,100,80,0.0,13.395,14.46,67.444,250,0.9,-4000,0.0015771,10.959,29.129,74732,83704.0,6.4757,298.02,70.815,1.789,4.0,,23,,1.4554,0.18902,,,1.4812,0,,0,0,1,1,1,0,1.0,159520.0
211.6,65,100,80,0.0,23.618,41.886,6.7444,250,0.9,-4000,0.0016553,10.972,29.144,74103,82979.0,6.4596,297.93,39.639,1.7733,4.0,,23,,1.4437,0.18915,,,1.4682,0,,0,0,1,1,1,0,1.0,160590.0
211.8,65,100,80,0.0,40.275,12.566,103.24,250,0.9,-4000,0.0016857,11.038,29.158,73478,82258.0,6.4531,298.11,103.34,1.7577,4.0,,23,,1.415,0.18943,,,1.4551,0,,0,0,1,1,1,0,1.0,159990.0
212.0,65,100,80,0.0,59.521,72.335,10.324,250,0.9,-4000,0.0017164,11.118,29.17,72856,81540.0,6.4575,298.01,68.358,1.742,4.0,,23,,1.3823,0.18974,,,1.4421,0,,0,0,1,1,1,0,1.0,160050.0
212.2,65,100,80,0.0,77.011,40.854,1.0324,250,0.9,0,0.0016837,11.22,29.181,72932,81626.0,6.4459,297.91,34.181,1.7372,4.0,,23,,1.3564,0.18998,,,1.4381,0,,0,0,1,1,1,0,1.0,160100.0
212.4,65,100,80,0.0,99.229,12.256,62.815,250,0.9,0,0.001698,11.322,29.189,73012,81716.0,6.4461,297.99,62.713,1.7374,4.0,,23,,1.3308,0.1902,,,1.4383,0,,0,0,1,1,1,0,1.0,160140.0
212.6,65,100,80,0.0,121.28,37.659,6.2815,250,0.9,0,0.0017098,11.412,29.195,73096,81810.0,6.454,297.92,35.237,1.738,4.0,,23,,1.3169,0.19032,,,1.4388,0,,0,0,1,1,1,0,1.0,160500.0
212.8,65,100,80,0.0,140.16,11.298,98.287,250,0.9,0,0.0016782,11.52,29.2,73184,81909.0,6.466,298.09,95.508,1.7387,4.0,,23,,1.2919,0.19054,,,1.4393,0,,0,0,1,1,1,0,1.0,160520.0
213.0,65,100,80,0.0,154.25,67.652,9.8287,250,0.9,0,0.0016728,11.602,29.203,73275,82010.0,6.4823,297.99,62.793,1.7393,4.0,,23,,1.2701,0.19073,,,1.4398,0,,0,0,1,1,1,0,1.0,160360.0
213.2,65,100,80,0.0,161.84,37.639,0.98287,250,0.9,0,0.0016852,11.643,29.205,73368,82112.0,6.4999,297.9,29.209,1.7399,4.0,,23,,1.2527,0.19088,,,1.4404,0,,0,0,1,1,1,0,1.0,160870.0
213.4,65,100,80,0.0,162.4,11.292,63.286,250,0.9,0,0.0017595,11.606,29.208,73461,82215.0,6.5131,297.98,58.088,1.7406,4.0,,23,,1.2604,0.19081,,,1.4409,0,,0,0,1,1,1,0,1.0,160220.0
213.6,65,100,80,0.0,157.69,36.337,6.3286,250,0.9,0,0.0018037,11.565,29.212,73552,82317.0,6.5234,297.9,30.296,1.7413,4.0,,23,,1.2745,0.19068,,,1.4415,0,,0,0,1,1,1,0,1.0,160070.0
213.8,65,100,80,0.0,148.88,10.901,99.93,250,0.9,0,0.0017899,11.541,29.217,73642,82418.0,6.5295,298.08,92.095,1.742,4.0,,23,,1.2823,0.19062,,,1.4421,0,,0,0,1,1,1,0,1.0,161590.0
214.0,65,100,80,0.0,137.6,67.871,9.993,250,0.9,0,0.0018318,11.48,29.222,73730,82516.0,6.5326,297.99,59.875,1.7427,4.0,,23,,1.2957,0.1905,,,1.4427,0,,0,0,1,1,1,0,1.0,161280.0
214.2,65,100,80,0.0,125.07,38.123,0.9993,250,0.9,0,0.0017505,11.471,29.228,73815,82611.0,6.5289,297.89,27.607,1.7434,4.0,,23,,1.2993,0.19046,,,1.4433,0,,0,0,1,1,1,0,1.0,161300.0
214.4,65,100,80,0.0,114.06,11.437,63.794,250,0.9,0,0.0017137,11.436,29.235,73898,82704.0,6.526,297.98,56.936,1.7441,4.0,,23,,1.3116,0.19036,,,1.4438,0,,0,0,1,1,1,0,1.0,161670.0
214.6,65,100,80,0.0,104.17,36.565,6.3794,250,0.9,0,0.0017106,11.403,29.243,73979,82795.0,6.5151,297.9,28.426,1.7447,4.0,,23,,1.3133,0.19034,,,1.4443,0,,0,0,1,1,1,0,1.0,160210.0
214.8,65,100,80,0.0,98.673,10.969,101.79,250,0.9,0,0.0017255,11.376,29.251,74059,82885.0,6.5026,298.07,91.304,1.7454,4.0,,23,,1.3205,0.19028,,,1.4449,0,,0,0,1,1,1,0,1.0,160410.0
215.0,65,100,80,0.0,98.169,68.471,10.179,250,0.9,0,0.001688,11.403,29.259,74138,82975.0,6.492,297.98,56.708,1.746,4.0,,23,,1.3135,0.19034,,,1.4454,0,,0,0,1,1,1,0,1.0,160950.0
215.2,65,100,80,0.0,101.9,36.481,1.0179,250,0.9,0,0.0016395,11.441,29.266,74219,83066.0,6.4865,297.88,23.083,1.7466,4.0,,23,,1.3048,0.19041,,,1.446,0,,0,0,1,1,1,0,1.0,160480.0
215.4,65,100,80,0.0,107.8,10.944,64.06,250,0.9,0,0.0016036,11.504,29.273,74300,83158.0,6.4883,297.96,52.551,1.7472,4.0,,23,,1.2842,0.19059,,,1.4464,0,,0,0,1,1,1,0,1.0,161010.0
215.6,65,100,80,0.0,112.95,35.617,6.406,250,0.9,0,0.001589,11.546,29.279,74383,83251.0,6.4936,297.88,23.417,1.7478,4.0,,23,,1.2731,0.19068,,,1.4469,0,,0,0,1,1,1,0,1.0,161200.0
215.8,65,100,80,0.0,116.01,10.685,103.95,250,0.9,0,0.0015941,11.56,29.284,74466,83344.0,6.5004,298.06,88.521,1.7484,4.0,,23,,1.2691,0.19072,,,1.4474,0,,0,0,1,1,1,0,1.0,160730.0
216.0,65,100,80,0.0,116.37,69.493,10.395,250,0.9,0,0.0016149,11.566,29.289,74549,83437.0,6.5089,297.97,56.05,1.749,4.0,1633.6,23,2037.8,1.2635,0.19077,29.266,24.397,1.4479,0,77.599,0,0,1,1,1,0,1.0,161250.0
216.2,65,100,80,0.0,113.33,39.373,1.0395,250,0.9,0,0.0016438,11.54,29.295,74632,83530.0,6.5158,297.88,21.742,1.7496,4.0,,23,,1.2706,0.1907,,,1.4484,0,,0,0,1,1,1,0,1.0,160110.0
216.4,65,100,80,0.0,107.56,11.812,69.644,250,0.9,0,0.0016247,11.525,29.301,74714,83622.0,6.5177,297.97,55.925,1.7502,4.0,,23,,1.2788,0.19063,,,1.4489,0,,0,0,1,1,1,0,1.0,160300.0
216.6,65,100,80,0.0,101.03,40.73,6.9644,250,0.9,0,0.0016371,11.487,29.308,74794,83712.0,6.5187,297.89,26.53,1.7508,4.0,,23,,1.292,0.19051,,,1.4494,0,,0,0,1,1,1,0,1.0,161670.0
216.8,65,100,80,0.0,94.065,12.219,110.5,250,0.9,0,0.0016403,11.462,29.315,74873,83801.0,6.5143,298.09,96.844,1.7514,4.0,,23,,1.3004,0.19044,,,1.4499,0,,0,0,1,1,1,0,1.0,160700.0
217.0,65,100,80,0.0,88.897,76.008,11.05,250,0.9,0,0.0016416,11.45,29.323,74951,83889.0,6.5062,297.99,61.345,1.752,4.0,,23,,1.2984,0.19046,,,1.4504,0,,0,0,1,1,1,0,1.0,161400.0
217.2,65,100,80,0.0,86.967,43.906,1.105,250,0.9,0,0.0016466,11.437,29.33,75028,83977.0,6.4958,297.89,24.316,1.7526,4.0,,23,,1.3096,0.19036,,,1.4509,0,,0,0,1,1,1,0,1.0,160600.0
217.4,65,100,80,0.0,89.166,13.172,72.794,250,0.9,0,0.0016022,11.47,29.337,75106,84065.0,6.4865,297.99,60.29,1.7532,4.0,,23,,1.3111,0.19034,,,1.4514,0,,0,0,1,1,1,0,1.0,161130.0
217.6,65,100,80,0.0,95.093,43.962,7.2794,250,0.9,0,0.001574,11.522,29.343,75185,84154.0,6.4785,297.9,28.468,1.7537,4.0,,23,,1.2949,0.19048,,,1.4519,0,,0,0,1,1,1,0,1.0,161820.0
217.8,65,100,80,0.0,104.2,13.189,115.58,250,0.9,0,0.0016104,11.547,29.348,75266,84245.0,6.4788,298.1,102.59,1.7543,4.0,,23,,1.2913,0.19051,,,1.4524,0,,0,0,1,1,1,0,1.0,160680.0
218.0,65,100,80,0.0,113.17,80.512,11.558,250,0.9,0,0.0016453,11.561,29.353,75348,84338.0,6.4819,298.0,65.391,1.7549,4.0,,23,,1.2926,0.1905,,,1.4528,0,,0,0,1,1,1,0,1.0,161040.0
218.2,65,100,80,0.0,120.92,47.473,1.1558,250,0.9,0,0.0017028,11.57,29.358,75432,84432.0,6.482,297.9,27.881,1.7556,4.0,,23,,1.2904,0.19052,,,1.4534,0,,0,0,1,1,1,0,1.0,161390.0
218.4,65,100,80,0.0,128.64,14.242,73.498,250,0.9,0,0.0016847,11.625,29.361,75518,84528.0,6.4853,298.0,64.275,1.7562,4.0,,23,,1.2772,0.19063,,,1.4539,0,,0,0,1,1,1,0,1.0,160740.0
218.6,65,100,80,0.0,135.02,45.636,7.3498,250,0.9,0,0.0017186,11.653,29.365,75605,84625.0,6.4918,297.91,34.084,1.7568,4.0,,23,,1.2639,0.19075,,,1.4545,0,,0,0,1,1,1,0,1.0,161920.0
218.8,65,100,80,0.0,138.81,13.691,112.75,250,0.9,0,0.0016293,11.735,29.366,75693,84723.0,6.4954,298.11,105.74,1.7575,4.0,,23,,1.2429,0.19093,,,1.455,0,,0,0,1,1,1,0,1.0,162260.0
219.0,65,100,80,0.0,141.18,78.846,11.275,250,0.9,0,0.0015739,11.771,29.368,75781,84822.0,6.5043,298.01,69.992,1.758,4.0,,23,,1.2388,0.19096,,,1.4554,0,,0,0,1,1,1,0,1.0,161930.0
219.2,65,100,80,0.0,139.97,47.735,1.1275,250,0.9,0,0.0015649,11.777,29.369,75869,84919.0,6.5148,297.91,32.365,1.7585,4.0,,23,,1.2374,0.19097,,,1.4559,0,,0,0,1,1,1,0,1.0,161600.0
219.4,65,100,80,0.0,134.58,14.32,72.262,250,0.9,0,0.0015487,11.778,29.371,75955,85016.0,6.5205,298.01,67.664,1.7591,4.0,,23,,1.2337,0.191,,,1.4563,0,,0,0,1,1,1,0,1.0,161610.0
219.6,65,100,80,0.0,126.91,44.963,7.2262,250,0.9,0,0.0016024,11.711,29.374,76041,85112.0,6.5276,297.92,36.816,1.7596,4.0,,23,,1.2549,0.19082,,,1.4568,0,,0,0,1,1,1,0,1.0,160950.0
219.8,65,100,80,0.0,116.41,13.489,110.0,250,0.9,0,0.0016602,11.627,29.378,76124,85205.0,6.5285,298.11,106.16,1.7602,4.0,,23,,1.2884,0.19053,,,1.4572,0,,0,0,1,1,1,0,1.0,161470.0
220.0,65,100,80,0.0,105.55,76.393,11.0,250,0.9,0,0.0017074,11.548,29.383,76205,85296.0,6.5286,298.02,71.426,1.7608,4.0,,23,,1.3217,0.19024,,,1.4577,0,,0,0,1,1,1,0,1.0,162160.0
220.2,65,100,80,0.0,94.616,46.496,1.1,250,0.9,0,0.0016136,11.539,29.388,76284,85385.0,6.5238,297.92,36.179,1.7614,4.0,,23,,1.3422,0.19006,,,1.4582,0,,0,0,1,1,1,0,1.0,161350.0
220.4,65,100,80,0.0,85.644,13.949,67.575,250,0.9,0,0.0015618,11.536,29.394,76361,85472.0,6.512,298.01,67.611,1.7619,4.0,,23,,1.3459,0.19002,,,1.4587,0,,0,0,1,1,1,0,1.0,162040.0
220.6,65,100,80,0.0,81.393,41.142,6.7575,250,0.9,0,0.0015567,11.519,29.399,76437,85559.0,6.4968,297.93,38.421,1.7624,4.0,,23,,1.3557,0.18994,,,1.4591,0,,0,0,1,1,1,0,1.0,161560.0
220.8,65,100,80,0.0,83.202,12.343,100.99,250,0.9,0,0.0015407,11.542,29.404,76513,85645.0,6.4802,298.09,99.72,1.7629,4.0,,23,,1.3561,0.18993,,,1.4595,0,,0,0,1,1,1,0,1.0,161750.0
221.0,65,100,80,0.0,91.651,67.527,10.099,250,0.9,0,0.0014639,11.626,29.407,76591,85733.0,6.4677,298.0,63.852,1.7634,4.0,,23,,1.3412,0.19006,,,1.4599,0,,0,0,1,1,1,0,1.0,161270.0
221.2,65,100,80,0.0,105.08,36.229,1.0099,250,0.9,0,0.0014041,11.706,29.409,76672,85824.0,6.4603,297.9,28.512,1.7638,4.0,,23,,1.3348,0.19012,,,1.4602,0,,0,0,1,1,1,0,1.0,161940.0
221.4,65,100,80,0.0,121.46,10.869,60.67,250,0.9,0,0.0014067,11.772,29.409,76756,85918.0,6.458,297.97,53.847,1.7642,4.0,,23,,1.3215,0.19023,,,1.4606,0,,0,0,1,1,1,0,1.0,160770.0
221.6,65,100,80,0.0,138.78,31.457,6.067,250,0.9,0,0.0013657,11.88,29.408,76844,86015.0,6.4587,297.89,24.425,1.7646,4.0,,23,,1.2912,0.19049,,,1.4609,0,,0,0,1,1,1,0,1.0,161600.0
221.8,65,100,80,0.0,155.8,9.4372,94.65,250,0.9,0,0.0013466,11.969,29.406,76935,86115.0,6.4667,298.04,80.63,1.7649,4.0,,23,,1.27,0.19068,,,1.4612,0,,0,0,1,1,1,0,1.0,162080.0
222.0,65,100,80,0.0,169.6,58.168,9.465,250,0.9,0,0.0013845,12.005,29.402,77029,86219.0,6.4789,297.95,46.513,1.7653,4.0,,23,,1.2642,0.19073,,,1.4615,0,,0,0,1,1,1,0,1.0,161400.0
222.2,65,100,80,0.0,178.56,17.45,133.94,250,0.9,0,0.0013597,12.06,29.398,77124,86324.0,6.4957,298.19,135.07,1.7657,4.0,,23,,1.2561,0.1908,,,1.4618,0,,0,0,1,1,1,0,1.0,161210.0
222.4,65,100,80,0.0,180.8,98.417,13.394,250,0.9,0,0.0013545,12.083,29.394,77220,86430.0,6.5107,298.07,89.91,1.766,4.0,,23,,1.2468,0.19088,,,1.4621,0,,0,0,1,1,1,0,1.0,161520.0
222.6,65,100,80,0.0,177.04,61.766,1.3394,250,0.9,0,0.0013484,12.08,29.39,77315,86534.0,6.5248,297.94,44.794,1.7663,4.0,,23,,1.2463,0.19088,,,1.4623,0,,0,0,1,1,1,0,1.0,161830.0
222.8,65,100,80,0.0,167.63,18.53,78.891,250,0.9,0,0.0013082,12.085,29.386,77408,86637.0,6.5336,298.05,83.043,1.7666,4.0,,23,,1.2393,0.19094,,,1.4626,0,,0,0,1,1,1,0,1.0,161810.0
223.0,65,100,80,0.0,154.72,52.73,7.8891,250,0.9,0,0.001318,12.037,29.384,77499,86737.0,6.5297,297.95,45.511,1.7669,4.0,,23,,1.2502,0.19085,,,1.4629,0,,0,0,1,1,1,0,1.0,161960.0
223.2,65,100,80,0.0,143.4,15.819,119.24,250,0.9,0,0.0013053,12.016,29.381,77588,86835.0,6.5302,298.15,120.14,1.7672,4.0,,23,,1.2561,0.19079,,,1.4631,0,,0,0,1,1,1,0,1.0,161610.0
223.4,65,100,80,0.0,131.81,83.435,11.924,250,0.9,0,0.0013472,11.933,29.38,77674,86931.0,6.5298,298.02,73.289,1.7675,4.0,,23,,1.2895,0.1905,,,1.4633,0,,0,0,1,1,1,0,1.0,161770.0
223.6,65,100,80,0.0,120.41,44.223,1.1924,250,0.9,0,0.0014192,11.851,29.38,77757,87024.0,6.5262,297.91,31.813,1.7678,4.0,,23,,1.3109,0.19032,,,1.4636,0,,0,0,1,1,1,0,1.0,161430.0
223.8,65,100,80,0.0,110.45,13.267,64.113,250,0.9,0,0.0013975,11.82,29.381,77839,87116.0,6.5147,297.98,58.341,1.7682,4.0,,23,,1.3282,0.19016,,,1.4639,0,,0,0,1,1,1,0,1.0,161770.0
224.0,65,100,80,0.0,105.12,35.129,6.4113,250,0.9,0,0.0014122,11.795,29.382,77920,87206.0,6.5042,297.89,24.437,1.7685,4.0,,23,,1.3411,0.19005,,,1.4642,0,,0,0,1,1,1,0,1.0,161440.0
224.2,65,100,80,0.0,103.94,10.539,101.79,250,0.9,0,0.0014537,11.764,29.384,78001,87297.0,6.4998,298.05,85.299,1.7689,4.0,,23,,1.3565,0.18992,,,1.4645,0,,0,0,1,1,1,0,1.0,161110.0
224.4,65,100,80,0.0,104.52,62.98,10.179,250,0.9,0,0.0014241,11.789,29.385,78081,87387.0,6.4912,297.94,41.853,1.7692,4.0,,23,,1.3575,0.18991,,,1.4648,0,,0,0,1,1,1,0,1.0,161280.0
224.6,65,100,80,0.0,108.58,18.894,150.71,250,0.9,0,0.0014285,11.791,29.386,78163,87478.0,6.4838,298.2,142.38,1.7696,4.0,,23,,1.3697,0.1898,,,1.465,0,,0,0,1,1,1,0,1.0,160450.0
224.8,65,100,80,0.0,115.56,109.48,15.071,250,0.9,0,0.0013732,11.866,29.386,78245,87570.0,6.4748,298.05,83.796,1.7699,4.0,,23,,1.3467,0.19,,,1.4653,0,,0,0,1,1,1,0,1.0,161950.0
225.0,65,100,80,0.0,126.18,61.521,1.5071,250,0.9,0,0.0013845,11.899,29.386,78330,87665.0,6.4683,297.91,32.825,1.7702,4.0,,23,,1.3429,0.19003,,,1.4656,0,,0,0,1,1,1,0,1.0,161950.0
225.2,65,100,80,0.0,139.36,18.456,80.497,250,0.9,0,0.0014343,11.926,29.386,78418,87762.0,6.4645,298.01,71.042,1.7705,4.0,,23,,1.3401,0.19006,,,1.4658,0,,0,0,1,1,1,0,1.0,161770.0
225.4,65,100,80,0.0,154.08,51.123,8.0497,250,0.9,0,0.001439,12.001,29.384,78508,87862.0,6.4603,297.91,30.354,1.7708,4.0,,23,,1.3181,0.19025,,,1.4661,0,,0,0,1,1,1,0,1.0,161100.0
225.6,65,100,80,0.0,170.49,15.337,127.27,250,0.9,0,0.0014072,12.097,29.381,78602,87965.0,6.4621,298.12,111.83,1.7712,4.0,,23,,1.2904,0.19049,,,1.4664,0,,0,0,1,1,1,0,1.0,160750.0
225.8,65,100,80,0.0,186.17,86.889,12.727,250,0.9,0,0.001426,12.153,29.377,78699,88072.0,6.466,297.99,60.197,1.7715,4.0,,23,,1.2765,0.19061,,,1.4666,0,,0,0,1,1,1,0,1.0,162220.0
226.0,65,100,80,0.0,200.3,42.875,1.2727,250,0.9,0,0.0014739,12.179,29.373,78799,88181.0,6.47,297.87,16.912,1.7718,4.0,1492.6,23,2023.4,1.2763,0.19061,29.386,23.86,1.4669,0,74.573,0,0,1,1,1,0,1.0,161700.0
