time,aeration_rate,agitator,sugar_feed_rate,acid_flow_rate,base_flow_rate,heating/cooling_water_flow_rate,heating_water_flow_rate,water_for_injection/dilution,air_head_pressure,dumped_broth_flow,substrate_concentration,dissolved_oxygen_concentration,penicillin_concentration,vessel_volume,vessel_weight,pH,temperature,generated_heat,CO2_percent_in_off_gas,PAA_flow,PAA_concentration,oil_flow,NH3_concentration,oxygen_uptake_rate,oxygen_in_percent_in_off_gas,offline_penicillin_concentration,offline_biomass_concentration,carbon_evolution_rate,ammonia_shots,viscosity,Fault reference(Fault_ref:Fault ref),0 - Recipe driven 1 - Operator controlled(Control_ref:Control ref),1- No Raman spec, 1-Raman spec recorded,2-PAT control(PAT_ref:PAT ref),Batch reference(Batch_ref:Batch ref),experiment_ID,Fault flag
0.2,30,100,8,0.0,34.682,0.0001,328.84,0,0.6,0,1.1239,14.714,0.001,58213,61330.0,6.4394,297.53,313.56,0.085825,5.0,,22,,0.084762,0.20343,,,0.032641,0,,0,1,1,37,37,0,37.0,0.0
0.4,30,100,8,0.0,58.902,0.0001,94.638,0,0.6,0,1.1717,14.71,0.00099933,58223,61344.0,6.4921,297.84,397.66,0.097332,5.0,,22,,-0.04014,0.20574,,,0.037019,0,,0,1,1,37,37,0,37.0,0.0
0.6,30,100,8,0.0,62.416,0.0001,0.0001,0,0.6,0,1.2178,14.692,0.00099866,58232,61358.0,6.5461,297.82,392.35,0.10122,5.0,,22,,-0.062765,0.20615,,,0.038496,0,,0,1,1,37,37,0,37.0,0.0
0.8,30,100,8,0.0,44.476,0.0001,120.25,0,0.6,0,1.2621,14.666,0.00099804,58239,61369.0,6.5871,298.22,500.52,0.10358,5.0,,22,,-0.05793,0.20606,,,0.039395,0,,0,1,1,37,37,0,37.0,0.0
1.0,30,100,8,0.51727,22.238,132.74,12.025,0,0.6,0,1.3051,14.651,0.0009975,58240,61375.0,6.5978,298.06,456.22,0.10569,5.0,1445.0,22,1676.7,-0.052022,0.20594,0.001,0.49568,0.0402,0,4.0813,0,1,1,37,37,0,37.0,0.0
1.2,30,100,8,1.0378,11.119,81.093,1.2025,0,0.6,0,1.3463,14.632,0.00099699,58240,61380.0,6.5885,297.93,422.19,0.10784,5.0,,22,,-0.04403,0.20579,,,0.041015,0,,0,1,1,37,37,0,37.0,0.0
1.4,30,100,8,1.5594,5.5594,24.328,91.367,0,0.6,0,1.3859,14.611,0.0009965,58239,61383.0,6.5691,298.21,495.77,0.11007,5.0,,22,,-0.034475,0.20561,,,0.041864,0,,0,1,1,37,37,0,37.0,0.0
1.6,30,100,8,2.0814,2.7797,117.49,9.1367,0,0.6,0,1.4237,14.587,0.00099602,58237,61386.0,6.5451,298.05,454.94,0.1124,5.0,,22,,-0.02386,0.2054,,,0.042752,0,,0,1,1,37,37,0,37.0,0.0
1.8,30,100,8,0.0,0.0,70.621,0.91367,0,0.6,0,1.4593,14.557,0.00099555,58234,61387.0,6.5211,297.94,425.4,0.11485,5.0,,22,,-0.010156,0.20514,,,0.043682,0,,0,1,1,37,37,0,37.0,0.0
2.0,30,100,8,0.0,0.0,21.186,76.723,0,0.6,0,1.4929,14.528,0.00099508,58232,61389.0,6.4983,298.18,487.88,0.11741,5.0,,22,,0.0038259,0.20488,,,0.044659,0,,0,1,1,37,37,0,37.0,0.0
2.2,30,100,8,0.0,1.2028,100.39,7.6723,0,0.6,0,1.5241,14.501,0.00099461,58229,61391.0,6.4781,298.04,451.96,0.1201,5.0,,22,,0.016589,0.20463,,,0.045681,0,,0,1,1,37,37,0,37.0,21403.0
2.4,30,100,8,0.0,10.491,59.039,0.76723,0,0.6,0,1.553,14.479,0.0009941,58229,61395.0,6.4711,297.95,428.21,0.12292,5.0,,22,,0.026933,0.20444,,,0.046752,0,,0,1,1,37,37,0,37.0,21898.0
2.6,30,100,8,0.0,22.543,31.099,0.076723,0,0.6,0,1.5797,14.449,0.00099356,58230,61401.0,6.4798,297.91,417.08,0.12586,5.0,,22,,0.039892,0.20419,,,0.047871,0,,0,1,1,37,37,0,37.0,21060.0
2.8,30,100,8,0.0,31.079,9.3296,38.744,0,0.6,0,1.604,14.42,0.00099298,58234,61409.0,6.5001,298.05,452.92,0.12892,5.0,,22,,0.053272,0.20393,,,0.049036,0,,0,1,1,37,37,0,37.0,21722.0
3.0,30,100,8,0.0,31.511,52.547,3.8744,0,0.6,0,1.6261,14.389,0.00099241,58238,61418.0,6.5213,297.99,438.48,0.1321,5.0,,22,,0.06756,0.20366,,,0.050247,0,,0,1,1,37,37,0,37.0,22384.0
3.2,30,100,15,0.0,23.519,34.72,0.38744,0,0.6,0,1.6607,14.361,0.00099184,58241,61426.0,6.5299,297.96,428.94,0.13541,5.0,,22,,0.079839,0.20342,,,0.051507,0,,0,1,1,37,37,0,37.0,21546.0
3.4,30,100,15,0.0,12.103,22.591,0.038744,0,0.6,0,1.6922,14.347,0.00099131,58242,61432.0,6.52,297.95,425.79,0.13886,5.0,,22,,0.085045,0.20332,,,0.052818,0,,0,1,1,37,37,0,37.0,21874.0
3.6,30,100,15,0.0,4.693,6.7772,28.049,0,0.6,0,1.72,14.298,0.00099081,58242,61437.0,6.4994,298.06,456.55,0.14245,5.0,,22,,0.10368,0.20296,,,0.054186,0,,0,1,1,37,37,0,37.0,21869.0
3.8,30,100,15,0.0,5.4824,44.432,2.8049,0,0.6,0,1.7447,14.258,0.0009903,58242,61441.0,6.4801,298.03,449.35,0.14621,5.0,,22,,0.1219,0.20261,,,0.055615,0,,0,1,1,37,37,0,37.0,21698.0
4.0,30,100,15,0.0,13.959,36.579,0.28049,0,0.6,0,1.7665,14.226,0.00098976,58243,61448.0,6.4724,298.01,443.83,0.15013,5.0,,22,,0.13636,0.20233,,,0.057106,0,,0,1,1,37,37,0,37.0,21026.0
4.2,30,100,15,0.0,25.464,30.945,0.028049,0,0.6,0,1.8125,14.183,0.00098918,58247,61458.0,6.4798,298.01,442.21,0.15421,5.0,,30,,0.14937,0.20208,,,0.058661,0,,0,1,1,37,37,0,37.0,21354.0
4.4,30,100,15,0.0,34.018,29.504,0.0028049,0,0.6,0,1.8553,14.145,0.00098857,58252,61470.0,6.4972,298.01,442.35,0.15845,5.0,,30,,0.16496,0.20178,,,0.060275,0,,0,1,1,37,37,0,37.0,22183.0
4.6,30,100,15,0.0,35.625,30.002,0.00028049,0,0.6,0,1.8946,14.099,0.00098797,58258,61482.0,6.5156,298.01,443.63,0.16285,5.0,,30,,0.18375,0.20142,,,0.061949,0,,0,1,1,37,37,0,37.0,21511.0
4.8,30,100,15,0.0,29.894,31.926,0.0001,0,0.6,0,1.9304,14.068,0.00098738,58263,61493.0,6.5247,298.02,445.58,0.16742,5.0,,30,,0.19625,0.20117,,,0.063689,0,,0,1,1,37,37,0,37.0,22006.0
5.0,30,100,15,0.0,20.579,34.868,0.0001,0,0.6,0,1.9625,14.027,0.00098682,58266,61503.0,6.5202,298.03,447.72,0.17217,5.0,,30,,0.21125,0.20088,,,0.065496,0,,0,1,1,37,37,0,37.0,21001.0
5.2,30,100,15,0.0,13.073,38.303,0.0001,0,0.6,0,1.99,13.976,0.00098631,58266,61509.0,6.5058,298.04,450.55,0.17712,0.0,,30,,0.23018,0.20052,,,0.067379,0,,0,1,1,37,37,0,37.0,22496.0
5.4,30,100,15,0.0,11.31,42.923,0.0001,0,0.6,0,2.0139,13.933,0.0009858,58266,61516.0,6.4894,298.05,453.17,0.18228,0.0,,30,,0.24652,0.2002,,,0.069343,0,,0,1,1,37,37,0,37.0,21658.0
5.6,30,100,15,0.0,16.071,47.647,0.0001,0,0.6,0,2.0333,13.882,0.00098527,58267,61523.0,6.4798,298.05,454.69,0.18765,0.0,,30,,0.26612,0.19982,,,0.071388,0,,0,1,1,37,37,0,37.0,21153.0
5.8,30,100,15,0.0,24.649,51.337,0.0001,0,0.6,0,2.0478,13.83,0.00098471,58269,61532.0,6.4821,298.06,456.36,0.19325,0.0,,30,,0.2862,0.19943,,,0.073518,0,,0,1,1,37,37,0,37.0,21648.0
6.0,30,100,15,0.0,32.299,55.451,0.0001,0,0.6,0,2.0566,13.776,0.00098413,58273,61543.0,6.4937,298.06,456.8,0.19909,0.0,,30,,0.3064,0.19904,,,0.075739,0,,0,1,1,37,37,0,37.0,21642.0
6.2,30,100,15,0.0,35.308,58.212,0.0001,0,0.6,0,2.0601,13.716,0.00098354,58278,61554.0,6.5076,298.07,459.94,0.20518,0.0,,30,,0.32867,0.1986,,,0.078059,0,,0,1,1,37,37,0,37.0,20971.0
6.4,30,100,15,0.0,32.772,64.546,0.0001,0,0.6,0,2.0595,13.668,0.00098296,58282,61564.0,6.5174,298.08,461.75,0.21152,0.0,,30,,0.3469,0.19825,,,0.080471,0,,0,1,1,37,37,0,37.0,20965.0
6.6,30,100,15,0.0,26.33,69.534,0.0001,0,0.6,0,2.0539,13.603,0.0009824,58285,61574.0,6.5164,298.09,463.37,0.21809,0.0,,30,,0.37029,0.19779,,,0.082972,0,,0,1,1,37,37,0,37.0,21294.0
6.8,30,100,15,0.0,20.327,74.565,0.0001,0,0.6,0,2.0429,13.524,0.00098186,58287,61582.0,6.5059,298.1,466.42,0.22492,0.0,,30,,0.4001,0.19721,,,0.085571,0,,0,1,1,37,37,0,37.0,21455.0
7.0,30,100,15,0.0,18.502,81.664,0.0001,0,0.6,0,2.0265,13.443,0.00098133,58289,61590.0,6.4922,298.11,468.54,0.23201,0.0,,30,,0.43234,0.19659,,,0.088273,0,,0,1,1,37,37,0,37.0,22283.0
7.2,30,100,15,0.0,22.171,87.964,0.0001,0,0.6,0,2.0037,13.363,0.00098078,58291,61598.0,6.4834,298.1,468.11,0.23938,0.0,,30,,0.46495,0.19595,,,0.09108,0,,0,1,1,37,37,0,37.0,22611.0
7.4,30,100,15,0.0,29.321,91.299,0.0001,0,0.6,0,1.9749,13.281,0.00098021,58294,61608.0,6.4817,298.1,467.7,0.24703,0.0,,30,,0.4978,0.19531,,,0.093991,0,,0,1,1,37,37,0,37.0,20606.0
7.6,30,100,15,0.0,37.138,94.668,0.0001,0,0.6,0,1.9403,13.215,0.00097961,58299,61620.0,6.4892,298.11,470.16,0.25495,0.0,,30,,0.52388,0.1948,,,0.097007,0,,0,1,1,37,37,0,37.0,21767.0
7.8,30,100,15,0.0,41.962,101.68,0.0001,0,0.6,0,1.8988,13.142,0.000979,58305,61632.0,6.4979,298.13,474.0,0.26316,0.0,,30,,0.54975,0.19429,,,0.10013,0,,0,1,1,37,37,0,37.0,22595.0
8.0,30,100,15,0.0,43.302,110.71,0.0001,0,0.6,0,1.8517,13.078,0.00097838,58312,61645.0,6.5066,298.12,473.36,0.27165,0.0,,30,,0.57216,0.19384,,,0.10337,0,,0,1,1,37,37,0,37.0,22090.0
8.2,42,100,15,0.0,41.17,114.49,0.0001,0,0.6,0,1.8004,13.214,0.00097778,58317,61657.0,6.5124,298.12,472.88,0.21841,0.0,,30,,0.54182,0.19747,,,0.11633,0,,0,1,1,37,37,0,37.0,21251.0
8.4,42,100,15,0.0,36.756,118.52,0.0001,0,0.6,0,1.7427,13.134,0.00097718,58323,61668.0,6.5092,298.12,472.73,0.21818,0.0,,30,,0.53026,0.19763,,,0.11621,0,,0,1,1,37,37,0,37.0,22412.0
8.6,42,100,15,0.0,33.626,122.9,0.0001,0,0.6,0,1.6766,13.034,0.0009766,58327,61679.0,6.5005,298.13,475.53,0.22416,0.0,,30,,0.5659,0.19713,,,0.1194,0,,0,1,1,37,37,0,37.0,21740.0
8.8,42,100,15,0.0,33.952,131.02,0.0001,0,0.6,0,1.603,12.967,0.00097602,58331,61690.0,6.4934,298.13,475.19,0.23106,0.0,,30,,0.58712,0.19683,,,0.12308,0,,0,1,1,37,37,0,37.0,21735.0
9.0,42,100,15,0.0,37.09,135.44,0.0001,0,0.6,0,1.5225,12.88,0.00097542,58336,61701.0,6.4907,298.14,478.06,0.23829,0.0,,30,,0.6207,0.19636,,,0.12693,0,,0,1,1,37,37,0,37.0,20729.0
9.2,42,100,15,0.0,41.329,144.01,0.0001,0,0.6,0,1.435,12.782,0.00097481,58342,61714.0,6.4907,298.16,484.04,0.24578,0.0,,30,,0.66216,0.19579,,,0.13092,0,,0,1,1,37,37,0,37.0,22557.0
9.4,42,100,15,0.0,45.575,156.88,0.0001,0,0.6,0,1.3391,12.677,0.00097419,58349,61727.0,6.4943,298.18,489.15,0.25354,0.0,,30,,0.70594,0.19518,,,0.13506,0,,0,1,1,37,37,0,37.0,20885.0
9.6,42,100,15,0.0,48.373,169.38,0.0001,0,0.6,0,1.2355,12.577,0.00097356,58356,61741.0,6.4988,298.19,492.53,0.26159,0.0,,30,,0.74655,0.19461,,,0.13935,0,,0,1,1,37,37,0,37.0,20880.0
9.8,42,100,15,0.0,49.384,180.41,0.0001,0,0.6,0,1.1233,12.473,0.00097292,58364,61755.0,6.502,298.21,496.82,0.26993,0.0,,30,,0.78662,0.19404,,,0.14379,0,,0,1,1,37,37,0,37.0,21874.0
10.0,42,100,15,0.0,49.122,193.1,0.0001,0,0.6,0,1.0015,12.371,0.00097229,58371,61768.0,6.5025,298.24,503.55,0.27858,0.0,,30,,0.8228,0.19353,,,0.1484,0,,0,1,1,37,37,0,37.0,21702.0
10.2,42,100,15,0.0,48.652,209.51,0.0001,0,0.6,0,0.86822,12.241,0.00097166,58379,61782.0,6.499,298.24,504.58,0.28759,0.0,,30,,0.87012,0.19287,,,0.15321,0,,0,1,1,37,37,0,37.0,22196.0
10.4,42,100,15,0.0,49.589,219.48,0.0001,0,0.6,0,0.72575,12.121,0.00097102,58386,61796.0,6.494,298.25,506.31,0.29695,0.0,,30,,0.91843,0.19219,,,0.1582,0,,0,1,1,37,37,0,37.0,20857.0
10.6,42,100,15,0.0,52.514,230.64,0.0001,0,0.6,0,0.5745,12.001,0.00097038,58394,61811.0,6.4898,298.26,510.86,0.30663,0.0,,30,,0.96825,0.19149,,,0.16336,0,,0,1,1,37,37,0,37.0,21185.0
10.8,42,100,15,0.0,57.097,245.64,0.0001,0,0.6,0,0.41466,11.882,0.00096971,58403,61826.0,6.4877,298.27,511.86,0.31663,0.0,,30,,1.0166,0.1908,,,0.16869,0,,0,1,1,37,37,0,37.0,21346.0
11.0,42,100,15,0.0,62.549,256.65,0.0001,0,0.6,0,0.249,11.795,0.00096903,58414,61842.0,6.4881,298.27,512.46,0.3269,0.0,,30,,1.0553,0.19025,,,0.17417,0,,0,1,1,37,37,0,37.0,21007.0
11.2,42,100,15,0.0,67.841,267.38,0.0001,0,0.6,0,0.090106,11.838,0.00096834,58425,61860.0,6.4926,298.25,507.46,0.3373,0.0,,30,,1.0655,0.19009,,,0.17972,0,,0,1,1,37,37,0,37.0,22001.0
11.4,42,100,15,0.0,71.303,271.04,0.0001,0,0.6,0,0.0093697,12.985,0.00096764,58437,61878.0,6.5156,298.13,476.35,0.34675,0.0,,30,,0.80203,0.19368,,,0.18475,0,,0,1,1,37,37,0,37.0,20828.0
11.6,42,100,15,0.0,65.53,240.72,0.0001,0,0.6,0,0.0082844,13.087,0.00096777,58447,61895.0,6.5538,297.97,430.99,0.35312,0.0,,30,,0.53825,0.19725,,,0.18815,0,,0,1,1,37,37,0,37.0,21989.0
11.8,42,100,15,0.51611,32.765,188.57,0.0001,0,0.6,0,0.0081386,13.074,0.00096866,58452,61906.0,6.5648,297.86,403.32,0.3586,0.0,,30,,0.49731,0.1978,,,0.19107,0,,0,1,1,37,37,0,37.0,20817.0
12.0,42,100,15,1.0365,16.382,56.572,204.55,0,0.6,0,0.0080495,13.061,0.00097008,58453,61914.0,6.5483,298.63,608.94,0.36395,0.0,1539.4,30,1793.1,0.49026,0.19788,0.00096834,3.2253,0.19393,0,10.838,0,1,1,37,37,0,37.0,21145.0
12.2,42,100,30,0.0,0.0,315.36,20.455,0,0.6,0,0.012135,12.701,0.00096959,58453,61921.0,6.5,298.44,559.79,0.36987,0.0,,30,,0.60452,0.19632,,,0.19708,0,,0,1,1,37,37,0,37.0,21139.0
12.4,42,100,30,0.0,0.62119,270.22,2.0455,0,0.6,0,0.01163,12.695,0.00096906,58454,61929.0,6.4574,298.27,513.46,0.37634,0.0,,30,,0.62717,0.196,,,0.20053,0,,0,1,1,37,37,0,37.0,21800.0
12.6,42,100,30,0.0,18.182,228.98,0.20455,0,0.7,0,0.011267,13.532,0.00096848,58458,61941.0,6.4427,298.15,480.79,0.38283,0.0,,30,,0.62976,0.19596,,,0.204,0,,0,1,1,37,37,0,37.0,20461.0
12.8,42,100,30,0.0,41.548,198.67,0.020455,0,0.7,0,0.01117,13.512,0.00096782,58467,61957.0,6.4543,298.06,456.45,0.38931,0.0,,30,,0.63005,0.19594,,,0.20745,0,,0,1,1,37,37,0,37.0,21288.0
13.0,42,100,30,0.0,60.258,174.11,0.0020455,0,0.7,0,0.010951,13.515,0.00096711,58480,61977.0,6.4832,297.99,436.76,0.39578,0.0,,30,,0.62266,0.19603,,,0.2109,0,,0,1,1,37,37,0,37.0,22116.0
13.2,42,100,30,0.0,67.44,151.89,0.00020455,0,0.7,0,0.010875,13.504,0.00096638,58494,61999.0,6.5138,297.96,428.72,0.40222,0.0,,30,,0.6191,0.19606,,,0.21434,0,,0,1,1,37,37,0,37.0,21610.0
13.4,42,100,30,0.0,62.42,141.71,0.0001,0,0.7,0,0.010822,13.465,0.00096566,58507,62019.0,6.5387,297.95,426.42,0.40868,0.0,,30,,0.63064,0.19589,,,0.21778,0,,0,1,1,37,37,0,37.0,21438.0
13.6,42,100,30,0.0,47.478,42.513,146.91,0,0.7,0,0.010728,13.45,0.00096499,58517,62037.0,6.5513,298.56,591.84,0.41514,0.0,,30,,0.63156,0.19587,,,0.22123,0,,0,1,1,37,37,0,37.0,21098.0
13.8,42,100,30,0.51954,23.739,252.04,14.691,0,0.7,0,0.010261,13.448,0.00096439,58523,62049.0,6.5359,298.44,557.73,0.42158,0.0,,30,,0.62185,0.19599,,,0.22467,0,,0,1,1,37,37,0,37.0,20593.0
14.0,42,100,30,0.0,9.971,224.95,1.4691,0,0.7,0,0.010118,13.395,0.00096384,58525,62059.0,6.5028,298.3,522.24,0.42802,0.0,,30,,0.63848,0.19575,,,0.2281,0,,0,1,1,37,37,0,37.0,21587.0
14.2,42,100,30,0.0,9.4473,196.92,0.14691,0,0.7,0,0.0098497,13.379,0.0009633,58528,62069.0,6.472,298.2,493.57,0.43447,0.0,,30,,0.642,0.19569,,,0.23154,0,,0,1,1,37,37,0,37.0,21581.0
14.4,42,100,30,0.0,21.181,172.71,0.014691,0,0.7,0,0.0097769,13.344,0.00096273,58533,62081.0,6.4583,298.12,473.31,0.44093,0.0,,30,,0.65281,0.19553,,,0.23499,0,,0,1,1,37,37,0,37.0,21242.0
14.6,42,100,30,0.0,38.318,155.07,0.0014691,0,0.7,0,0.0097498,13.317,0.0009621,58541,62097.0,6.4669,298.08,461.49,0.44742,0.0,,30,,0.66133,0.1954,,,0.23845,0,,0,1,1,37,37,0,37.0,20903.0
14.8,42,100,30,0.0,52.012,145.16,0.00014691,0,0.7,0,0.009535,13.316,0.00096144,58552,62116.0,6.4893,298.05,452.66,0.4539,0.0,,30,,0.65836,0.19543,,,0.24191,0,,0,1,1,37,37,0,37.0,22397.0
15.0,42,100,30,0.0,56.749,137.21,0.0001,0,0.7,0,0.0094501,13.3,0.00096079,58564,62135.0,6.5136,298.04,449.46,0.46036,0.0,,30,,0.65866,0.19541,,,0.24536,0,,0,1,1,37,37,0,37.0,21724.0
15.2,42,100,30,0.0,51.84,135.13,0.0001,0,0.7,0,0.0092533,13.291,0.00096018,58575,62153.0,6.5327,298.01,442.27,0.46679,0.0,,30,,0.65739,0.19542,,,0.24879,0,,0,1,1,37,37,0,37.0,21052.0
15.4,42,100,30,0.0,39.307,127.36,0.0001,0,0.7,0,0.0090722,13.273,0.00095968,58584,62169.0,6.5389,298.0,439.99,0.47319,0.0,,30,,0.66053,0.19536,,,0.2522,0,,0,1,1,37,37,0,37.0,21213.0
15.6,42,100,30,0.0,24.302,124.97,0.0001,0,0.7,0,0.0090129,13.252,0.00095925,58589,62182.0,6.5276,298.0,440.76,0.47955,0.0,,30,,0.6618,0.19533,,,0.2556,0,,0,1,1,37,37,0,37.0,21707.0
15.8,42,100,30,0.0,13.855,126.02,0.0001,0,0.7,0,0.0088482,13.223,0.00095896,58593,62193.0,6.5019,298.02,444.26,0.48591,0.0,,30,,0.668,0.19524,,,0.259,0,,0,1,1,37,37,0,37.0,21534.0
16.0,42,100,30,0.0,13.678,130.57,0.0001,0,0.7,0,0.0086809,13.207,0.00095884,58596,62204.0,6.4784,298.03,447.29,0.49227,0.0,,30,,0.66949,0.1952,,,0.26239,0,,0,1,1,37,37,0,37.0,20862.0
16.2,42,100,75,0.0,22.817,134.93,0.0001,0,0.7,0,0.027288,12.108,0.00095812,58610,62229.0,6.4484,298.13,475.7,0.50025,0.0,,35,,0.98398,0.1909,,,0.26665,0,,0,1,1,37,37,0,37.0,21356.0
16.4,42,100,75,0.0,44.012,172.08,0.0001,0,0.7,0,0.02672,12.064,0.00095731,58629,62259.0,6.4417,298.21,497.8,0.50985,0.0,,35,,1.0708,0.18969,,,0.27177,0,,0,1,1,37,37,0,37.0,20850.0
16.6,42,100,75,0.0,67.765,204.41,0.0001,0,0.7,0,0.025334,12.023,0.00095642,58652,62293.0,6.4527,298.26,511.55,0.51977,0.0,,35,,1.0924,0.18937,,,0.27707,0,,0,1,1,37,37,0,37.0,20678.0
16.8,42,100,75,0.0,87.153,229.31,0.0001,0,0.7,0,0.023929,12.017,0.00095548,58679,62331.0,6.4684,298.31,525.0,0.52975,0.0,,35,,1.0912,0.18937,,,0.28239,0,,0,1,1,37,37,0,37.0,20672.0
17.0,42,100,75,0.0,100.31,255.98,0.0001,0,0.7,0,0.022418,11.982,0.00095449,58708,62372.0,6.4844,298.34,531.4,0.53975,0.0,,35,,1.0995,0.18924,,,0.28773,0,,0,1,1,37,37,0,37.0,20832.0
17.2,42,100,75,0.0,107.05,275.52,0.0001,0,0.7,0,0.022858,11.901,0.00095348,58739,62414.0,6.4982,298.35,534.51,0.54981,0.0,,35,,1.1195,0.18894,,,0.2931,0,,0,1,1,37,37,0,37.0,22326.0
17.4,42,100,75,0.0,108.3,291.96,0.0001,0,0.7,0,0.021403,11.891,0.00095247,58771,62456.0,6.5099,298.37,538.97,0.55995,0.0,,35,,1.1218,0.18889,,,0.29851,0,,0,1,1,37,37,0,37.0,21654.0
17.6,42,100,75,0.0,104.88,310.64,0.0001,0,0.7,0,0.020454,11.851,0.00095147,58801,62498.0,6.5196,298.35,534.76,0.57008,0.0,,35,,1.1312,0.18874,,,0.30392,0,,0,1,1,37,37,0,37.0,20814.0
17.8,42,100,75,0.0,97.575,318.88,0.0001,0,0.7,0,0.019919,11.798,0.0009505,58830,62538.0,6.5263,298.34,531.94,0.58023,0.0,,35,,1.1445,0.18854,,,0.30935,0,,0,1,1,37,37,0,37.0,20975.0
18.0,42,100,75,0.0,87.604,328.54,0.0001,0,0.7,0,0.018929,11.768,0.00094956,58857,62577.0,6.5299,298.34,531.3,0.59039,0.0,,35,,1.1539,0.18839,,,0.31477,0,,0,1,1,37,37,0,37.0,20636.0
18.2,42,100,75,0.0,76.169,340.55,0.0001,0,0.7,0,0.018135,11.726,0.00094866,58882,62613.0,6.5297,298.31,523.99,0.60056,0.0,,35,,1.1615,0.18827,,,0.3202,0,,0,1,1,37,37,0,37.0,20630.0
18.4,42,100,75,0.0,64.815,343.94,0.0001,0,0.7,0,0.017506,11.688,0.0009478,58905,62646.0,6.5241,298.28,516.8,0.61074,0.0,,35,,1.1671,0.18817,,,0.32563,0,,0,1,1,37,37,0,37.0,20624.0
18.6,42,100,75,0.0,55.714,346.68,0.0001,0,0.7,0,0.01668,11.659,0.00094697,58925,62678.0,6.5135,298.27,513.18,0.6209,0.0,,35,,1.1758,0.18803,,,0.33106,0,,0,1,1,37,37,0,37.0,20784.0
18.8,42,100,75,0.0,50.869,352.95,0.0001,0,0.7,0,0.016216,11.598,0.00094616,58945,62709.0,6.5007,298.27,514.02,0.63108,0.0,,35,,1.1893,0.18783,,,0.3365,0,,0,1,1,37,37,0,37.0,21778.0
19.0,42,100,75,0.0,51.11,364.26,0.0001,0,0.7,0,0.015316,11.605,0.00094534,58965,62740.0,6.4887,298.25,508.67,0.64125,0.0,,35,,1.1825,0.1879,,,0.34193,0,,0,1,1,37,37,0,37.0,20606.0
19.2,42,100,75,0.0,56.145,367.74,0.0001,0,0.7,0,0.015283,11.543,0.00094451,58986,62772.0,6.4829,298.24,505.66,0.65144,0.0,,35,,1.1897,0.18779,,,0.34738,0,,0,1,1,37,37,0,37.0,20933.0
19.4,42,100,75,0.0,63.506,373.61,0.0001,0,0.7,0,0.014823,11.507,0.00094366,59008,62805.0,6.4818,298.24,503.84,0.6617,0.0,,35,,1.2001,0.18762,,,0.35286,0,,0,1,1,37,37,0,37.0,21593.0
19.6,42,100,75,0.0,71.304,380.51,0.0001,0,0.7,0,0.014858,11.425,0.00094278,59032,62841.0,6.485,298.2,493.38,0.67202,0.0,,35,,1.2256,0.18725,,,0.35837,0,,0,1,1,37,37,0,37.0,21254.0
19.8,42,100,75,0.0,77.817,376.21,0.0001,0,0.7,0,0.014667,11.392,0.00094189,59057,62877.0,6.4892,298.16,482.05,0.68242,0.0,,35,,1.2319,0.18714,,,0.36393,0,,0,1,1,37,37,0,37.0,20415.0
20.0,42,100,75,0.0,82.643,369.62,0.0001,0,0.7,0,0.013859,11.389,0.00094098,59083,62915.0,6.4953,298.15,480.43,0.69282,0.0,,35,,1.2288,0.18717,,,0.36948,0,,0,1,1,37,37,0,37.0,22075.0
20.2,55,100,150,0.0,85.047,373.76,0.0001,0,0.7,0,0.046599,10.426,0.00093982,59124,62973.0,6.4734,298.26,509.49,0.55658,0.0,,35,,1.5758,0.18778,,,0.38856,0,,0,1,1,37,37,0,37.0,22236.0
20.4,55,100,150,0.0,96.311,416.13,0.0001,0,0.7,0,0.043384,10.309,0.00093863,59168,63033.0,6.4521,298.33,528.56,0.55913,0.0,,35,,1.6374,0.18712,,,0.39034,0,,0,1,1,37,37,0,37.0,20896.0
20.6,55,100,150,0.0,116.01,449.0,0.0001,0,0.7,0,0.038015,10.261,0.00093737,59216,63097.0,6.4381,298.35,534.85,0.57009,0.0,,35,,1.6607,0.18685,,,0.398,0,,0,1,1,37,37,0,37.0,20723.0
20.8,55,100,150,0.0,141.25,468.65,0.0001,0,0.7,0,0.038322,10.142,0.00093604,59269,63166.0,6.4281,298.37,539.43,0.58166,0.0,,35,,1.6884,0.18654,,,0.4061,0,,0,1,1,37,37,0,37.0,21217.0
21.0,55,100,150,0.0,170.54,487.36,0.0001,0,0.7,0,0.035747,10.075,0.00093461,59327,63241.0,6.4212,298.35,535.14,0.59347,0.0,,35,,1.7122,0.18627,,,0.41435,0,,0,1,1,37,37,0,37.0,20877.0
21.2,55,100,150,0.0,202.56,495.58,0.0001,0,0.7,0,0.035,9.9586,0.00093309,59392,63323.0,6.4155,298.3,520.57,0.60547,0.0,,35,,1.7504,0.18584,,,0.42274,0,,0,1,1,37,37,0,37.0,21038.0
21.4,55,100,150,0.0,225.0,490.57,0.0001,0,0.7,0,0.034395,9.8156,0.0009315,59462,63410.0,6.4098,298.25,506.15,0.61771,0.0,,35,,1.8071,0.18522,,,0.4313,0,,0,1,1,37,37,0,37.0,21365.0
21.6,55,100,150,0.0,225.0,484.05,0.0001,0,0.7,0,0.032831,9.7254,0.00092991,59531,63497.0,6.4048,298.19,490.6,0.63014,0.0,,35,,1.839,0.18485,,,0.44,0,,0,1,1,37,37,0,37.0,20692.0
21.8,55,100,150,0.0,225.0,474.18,0.0001,0,0.7,0,0.031389,9.6539,0.00092834,59601,63584.0,6.4005,298.14,476.02,0.6427,0.0,,35,,1.8523,0.18469,,,0.44878,0,,0,1,1,37,37,0,37.0,21352.0
22.0,55,100,150,0.0,225.0,463.45,0.0001,0,0.7,0,0.029857,9.5338,0.00092676,59670,63671.0,6.3965,298.06,454.84,0.65542,0.0,,35,,1.8975,0.18419,,,0.45768,0,,0,1,1,37,37,0,37.0,21512.0
22.2,55,100,150,0.0,225.0,442.5,0.0001,0,0.7,0,0.027717,9.4881,0.0009252,59740,63758.0,6.3935,298.01,440.71,0.66823,0.0,,35,,1.9064,0.18407,,,0.46664,0,,0,1,1,37,37,0,37.0,21006.0
22.4,55,100,150,0.0,225.0,427.68,0.0001,0,0.7,0,0.025296,9.4777,0.00092363,59810,63844.0,6.3921,297.95,425.74,0.68104,0.0,,35,,1.9032,0.18408,,,0.4756,0,,0,1,1,37,37,0,37.0,20500.0
22.6,55,100,150,0.0,225.0,409.74,0.0001,0,0.7,0,0.023793,9.3938,0.00092208,59879,63931.0,6.3911,297.95,425.12,0.69388,0.0,,35,,1.9282,0.18379,,,0.48459,0,,0,1,1,37,37,0,37.0,21493.0
22.8,55,100,150,0.0,225.0,407.65,0.0001,0,0.7,0,0.022331,9.3546,0.00092052,59949,64018.0,6.3906,297.97,430.11,0.70676,0.0,,35,,1.934,0.1837,,,0.4936,0,,0,1,1,37,37,0,37.0,20820.0
23.0,55,100,150,0.0,225.0,412.07,0.0001,0,0.7,0,0.020922,9.3123,0.00091897,60018,64105.0,6.3905,297.96,427.46,0.71967,0.0,,35,,1.9401,0.18362,,,0.50263,0,,0,1,1,37,37,0,37.0,21647.0
23.2,55,100,150,0.0,225.0,407.53,0.0001,0,0.7,0,0.020141,9.2877,0.00091743,60088,64191.0,6.3908,297.95,425.16,0.73256,0.0,,35,,1.9392,0.1836,,,0.51165,0,,0,1,1,37,37,0,37.0,20641.0
23.4,55,100,150,0.0,225.0,403.27,0.0001,0,0.7,0,0.018945,9.2569,0.00091589,60157,64278.0,6.3915,297.93,419.48,0.74545,0.0,,35,,1.9383,0.18359,,,0.52067,0,,0,1,1,37,37,0,37.0,20801.0
23.6,55,100,150,0.0,225.0,120.98,420.95,0,0.7,0,0.018392,9.262,0.00091433,60227,64364.0,6.3925,299.62,891.86,0.7583,0.0,,35,,1.9279,0.18367,,,0.52967,0,,0,1,1,37,37,0,37.0,21794.0
23.8,55,100,150,0.0,225.0,702.34,42.095,0,0.7,0,0.017562,9.2039,0.00091275,60296,64450.0,6.3937,299.27,793.06,0.77112,0.0,,35,,1.94,0.18352,,,0.53864,0,,0,1,1,37,37,0,37.0,20621.0
24.0,55,100,150,0.0,225.0,628.61,4.2095,0,0.7,0,0.016959,9.1035,0.00091118,60365,64537.0,6.3942,298.96,706.01,0.78402,0.0,1225.6,35,1789.8,1.9736,0.18314,0.00091743,9.3578,0.54767,0,22.129,0,1,1,37,37,0,37.0,20781.0
24.2,55,100,30,0.0,225.0,571.61,0.42095,0,0.7,0,0.0027165,12.335,0.019274,60410,64590.0,6.4371,298.41,551.56,0.79194,0.0,,35,,0.93688,0.19399,,,0.55322,0,,0,1,1,37,37,0,37.0,21198.0
24.4,55,100,30,0.0,225.0,419.75,0.042095,0,0.7,0,0.0027623,12.298,0.039684,60456,64644.0,6.4776,298.01,441.12,0.79682,0.0,,35,,0.82231,0.19517,,,0.55663,0,,0,1,1,37,37,0,37.0,20792.0
24.6,55,100,30,0.0,225.0,303.33,0.0042095,0,0.7,0,0.002747,12.301,0.060436,60501,64698.0,6.5139,297.77,372.76,0.80151,0.0,,35,,0.80108,0.19538,,,0.55991,0,,0,1,1,37,37,0,37.0,21554.0
24.8,55,100,30,0.0,219.98,90.999,323.78,0,0.7,0,0.0028092,12.26,0.080884,60546,64751.0,6.546,298.85,675.51,0.80619,0.0,,35,,0.81139,0.19526,,,0.56319,0,,0,1,1,37,37,0,37.0,21314.0
25.0,55,100,30,0.0,202.1,456.09,32.378,0,0.7,0,0.0027963,12.228,0.10152,60586,64800.0,6.574,298.46,567.25,0.81088,0.0,,35,,0.81411,0.19522,,,0.56648,0,,0,1,1,37,37,0,37.0,21242.0
25.2,55,100,30,0.51788,101.05,346.97,3.2378,0,0.8,0,0.0028198,12.937,0.12212,60607,64830.0,6.5944,298.18,486.33,0.81558,0.0,,35,,0.85398,0.1948,,,0.56976,0,,0,1,1,37,37,0,37.0,21504.0
25.4,55,100,30,1.0365,50.524,267.98,0.32378,0,0.8,0,0.0027774,12.889,0.1432,60618,64849.0,6.599,297.99,434.79,0.82024,0.0,,35,,0.85887,0.19474,,,0.57303,0,,0,1,1,37,37,0,37.0,22267.0
25.6,55,100,30,1.5568,25.262,213.53,0.032378,0,0.8,0,0.0027605,12.839,0.16447,60624,64863.0,6.5742,297.89,405.79,0.82488,0.0,,35,,0.87261,0.19459,,,0.57628,0,,0,1,1,37,37,0,37.0,22199.0
25.8,55,100,30,2.0802,12.631,64.06,220.71,0,0.8,0,0.0027731,12.811,0.18579,60627,64875.0,6.5307,298.7,632.8,0.82951,0.0,,35,,0.8711,0.1946,,,0.57952,0,,0,1,1,37,37,0,37.0,22297.0
26.0,55,100,30,0.0,0.9273,338.95,22.071,0,0.8,0,0.002744,12.759,0.20741,60627,64884.0,6.4767,298.52,582.12,0.83414,0.0,,35,,0.88657,0.19443,,,0.58277,0,,0,1,1,37,37,0,37.0,22396.0
26.2,55,100,30,0.0,10.806,296.89,2.2071,0,0.8,0,0.0027065,12.745,0.22952,60630,64895.0,6.4438,298.35,535.56,0.83877,0.0,,35,,0.89152,0.19437,,,0.58601,0,,0,1,1,37,37,0,37.0,21832.0
26.4,55,100,30,0.0,33.738,260.54,0.22071,0,0.8,0,0.0026892,12.749,0.25204,60637,64911.0,6.4454,298.21,496.85,0.84339,0.0,,35,,0.88554,0.19442,,,0.58924,0,,0,1,1,37,37,0,37.0,22935.0
26.6,55,100,30,0.0,55.986,227.5,0.022071,0,0.8,0,0.0027333,12.738,0.27433,60649,64931.0,6.4687,298.12,471.87,0.84803,0.0,,35,,0.88207,0.19445,,,0.59249,0,,0,1,1,37,37,0,37.0,21872.0
26.8,55,100,30,0.0,68.942,205.92,0.0022071,0,0.8,0,0.0027038,12.737,0.29696,60663,64954.0,6.4964,298.05,450.37,0.85267,0.0,,35,,0.881,0.19445,,,0.59574,0,,0,1,1,37,37,0,37.0,23310.0
27.0,55,100,30,0.0,70.878,184.94,0.00022071,0,0.8,0,0.0026895,12.722,0.32015,60678,64977.0,6.5226,298.0,435.58,0.85728,0.0,,35,,0.8849,0.1944,,,0.59897,0,,0,1,1,37,37,0,37.0,22917.0
27.2,55,100,30,0.0,62.37,169.21,0.0001,0,0.8,0,0.0026159,12.71,0.34397,60691,64999.0,6.5443,297.95,421.57,0.86183,0.0,,35,,0.89031,0.19434,,,0.60215,0,,0,1,1,37,37,0,37.0,23694.0
27.4,55,100,30,0.0,45.195,50.762,181.78,0,0.8,0,0.0026369,12.646,0.36786,60700,65017.0,6.5543,298.63,614.37,0.86636,0.0,,35,,0.90948,0.19413,,,0.60533,0,,0,1,1,37,37,0,37.0,23804.0
27.6,55,100,30,0.51971,22.598,285.03,18.178,0,0.8,0,0.0026037,12.611,0.39209,60705,65030.0,6.5359,298.49,575.03,0.8709,0.0,,35,,0.90956,0.19412,,,0.60851,0,,0,1,1,37,37,0,37.0,22750.0
27.8,55,100,30,0.0,8.8573,255.39,1.8178,0,0.8,0,0.0025932,12.56,0.41655,60707,65041.0,6.495,298.35,534.57,0.87545,0.0,,35,,0.92264,0.19398,,,0.61169,0,,0,1,1,37,37,0,37.0,22697.0
28.0,55,100,30,0.0,11.446,225.34,0.18178,0,0.8,0,0.0025333,12.57,0.44159,60710,65052.0,6.4622,298.23,502.43,0.87996,0.0,,35,,0.9091,0.19411,,,0.61485,0,,0,1,1,37,37,0,37.0,23313.0
28.2,55,100,37,0.0,27.079,200.12,0.018178,0,0.8,0,0.0029301,12.356,0.4637,60717,65068.0,6.454,298.16,481.77,0.88481,0.0,,35,,0.96545,0.19352,,,0.61825,0,,0,1,1,37,37,0,37.0,22749.0
28.4,55,100,37,0.0,45.913,184.44,0.0018178,0,0.8,0,0.002876,12.375,0.48638,60728,65088.0,6.4682,298.11,466.4,0.88981,0.0,,35,,0.96199,0.19354,,,0.62175,0,,0,1,1,37,37,0,37.0,24020.0
28.6,55,100,37,0.0,59.063,172.19,0.00018178,0,0.8,0,0.0028752,12.389,0.50927,60742,65111.0,6.4895,298.05,452.1,0.89478,0.0,,35,,0.94708,0.19369,,,0.62523,0,,0,1,1,37,37,0,37.0,23459.0
28.8,55,100,37,0.0,63.757,159.06,0.0001,0,0.8,0,0.0028581,12.397,0.5324,60756,65135.0,6.5104,298.03,444.03,0.89972,0.0,,35,,0.93221,0.19383,,,0.6287,0,,0,1,1,37,37,0,37.0,23566.0
29.0,55,100,37,0.0,60.106,151.63,0.0001,0,0.8,0,0.0028936,12.341,0.55524,60770,65158.0,6.5268,298.01,439.8,0.90468,0.0,,35,,0.94825,0.19366,,,0.63217,0,,0,1,1,37,37,0,37.0,24338.0
29.2,55,100,37,0.0,49.921,147.66,0.0001,0,0.8,0,0.0028751,12.29,0.57848,60782,65178.0,6.5355,298.01,439.2,0.90965,0.0,,35,,0.97006,0.19342,,,0.63565,0,,0,1,1,37,37,0,37.0,24446.0
29.4,55,100,37,0.0,36.28,147.45,0.0001,0,0.8,0,0.0028384,12.289,0.60208,60791,65197.0,6.5293,298.01,440.17,0.91459,0.0,,35,,0.95469,0.19357,,,0.63911,0,,0,1,1,37,37,0,37.0,24055.0
29.6,55,100,37,0.0,25.13,148.99,0.0001,0,0.8,0,0.0027948,12.267,0.62611,60798,65212.0,6.5099,298.02,442.16,0.91949,0.0,,35,,0.95364,0.19357,,,0.64254,0,,0,1,1,37,37,0,37.0,23666.0
29.8,55,100,37,0.0,21.743,151.86,0.0001,0,0.8,0,0.0027598,12.247,0.65065,60804,65228.0,6.4874,298.03,443.84,0.92437,0.0,,35,,0.94619,0.19364,,,0.64597,0,,0,1,1,37,37,0,37.0,23947.0
30.0,55,100,37,0.0,27.329,154.58,0.0001,0,0.8,0,0.0027196,12.242,0.67583,60812,65244.0,6.4733,298.03,444.49,0.92924,0.0,,35,,0.93951,0.1937,,,0.64938,0,,0,1,1,37,37,0,37.0,24064.0
30.2,55,100,37,0.0,38.509,156.28,0.0001,0,0.9,0,0.0026795,13.105,0.70145,60821,65263.0,6.4733,298.02,441.42,0.93407,0.0,,35,,0.92941,0.19379,,,0.65276,0,,0,1,1,37,37,0,37.0,24516.0
30.4,55,100,37,0.0,49.681,153.56,0.0001,0,0.9,0,0.0027071,13.065,0.72712,60833,65283.0,6.484,298.0,437.94,0.93892,0.0,,35,,0.93279,0.19375,,,0.65616,0,,0,1,1,37,37,0,37.0,23802.0
30.6,55,100,37,0.0,56.58,150.03,0.0001,0,0.9,0,0.0026571,13.074,0.75323,60846,65306.0,6.4969,297.99,433.09,0.94374,0.0,,35,,0.93098,0.19376,,,0.65954,0,,0,1,1,37,37,0,37.0,25424.0
30.8,55,100,37,0.0,58.329,144.37,0.0001,0,0.9,0,0.0026272,13.07,0.77981,60860,65328.0,6.5093,297.97,428.96,0.94852,0.0,,35,,0.92461,0.19381,,,0.66289,0,,0,1,1,37,37,0,37.0,25215.0
31.0,55,100,37,0.0,55.116,139.0,0.0001,0,0.9,0,0.0026061,13.035,0.80683,60873,65350.0,6.5187,297.97,426.96,0.95329,0.0,,35,,0.93078,0.19374,,,0.66623,0,,0,1,1,37,37,0,37.0,24674.0
31.2,55,100,37,0.0,48.16,135.65,0.0001,0,0.9,0,0.0026132,12.992,0.83398,60884,65371.0,6.5225,297.97,428.8,0.95808,0.0,,35,,0.93953,0.19364,,,0.66958,0,,0,1,1,37,37,0,37.0,24301.0
31.4,55,100,37,0.0,39.698,136.65,0.0001,0,0.9,0,0.0025909,12.962,0.86152,60894,65389.0,6.5195,297.97,427.58,0.96285,0.0,,35,,0.94619,0.19356,,,0.67293,0,,0,1,1,37,37,0,37.0,25596.0
31.6,55,100,37,0.0,32.424,134.07,0.0001,0,0.9,0,0.0025717,12.922,0.88933,60902,65407.0,6.5093,297.97,428.25,0.96761,0.0,,35,,0.96056,0.19341,,,0.67626,0,,0,1,1,37,37,0,37.0,24892.0
31.8,55,100,37,0.0,29.249,133.72,0.0001,0,0.9,0,0.0025556,12.891,0.91718,60910,65424.0,6.494,297.98,431.28,0.97236,0.0,,35,,0.96701,0.19333,,,0.67959,0,,0,1,1,37,37,0,37.0,24689.0
32.0,55,100,37,0.0,32.198,136.27,0.0001,0,0.9,0,0.0025193,12.883,0.94547,60918,65441.0,6.4837,298.0,435.57,0.97709,0.0,,35,,0.96911,0.1933,,,0.68291,0,,0,1,1,37,37,0,37.0,26155.0
32.2,55,100,43,0.0,39.233,140.7,0.0001,0,0.9,0,0.0028669,12.672,0.97111,60929,65461.0,6.4791,298.03,445.09,0.98211,0.0,,35,,1.0247,0.19271,,,0.68642,0,,0,1,1,37,37,0,37.0,25774.0
32.4,55,100,43,0.0,48.089,152.02,0.0001,0,0.9,0,0.0028273,12.678,0.9972,60942,65483.0,6.4827,298.06,454.32,0.98726,0.0,,35,,1.0261,0.19269,,,0.69003,0,,0,1,1,37,37,0,37.0,26728.0
32.6,55,100,43,0.0,55.511,164.11,0.0001,0,0.9,0,0.0027826,12.695,1.024,60956,65507.0,6.4917,298.09,460.9,0.99236,0.0,,35,,1.0159,0.19279,,,0.69361,0,,0,1,1,37,37,0,37.0,25353.0
32.8,55,100,43,0.0,59.352,174.21,0.0001,0,0.9,0,0.0027595,12.705,1.0512,60971,65531.0,6.5038,298.11,466.53,0.99741,0.0,,35,,1.0011,0.19293,,,0.69715,0,,0,1,1,37,37,0,37.0,25480.0
33.0,55,100,43,0.0,58.322,184.08,0.0001,0,0.9,0,0.0027413,12.677,1.0786,60986,65555.0,6.5143,298.12,471.56,1.0024,0.0,,35,,1.0079,0.19285,,,0.70067,0,,0,1,1,37,37,0,37.0,26608.0
33.2,55,100,43,0.0,53.145,193.99,0.0001,0,0.9,0,0.0027094,12.644,1.1068,60999,65578.0,6.5182,298.14,476.33,1.0074,0.0,,35,,1.0206,0.19271,,,0.70418,0,,0,1,1,37,37,0,37.0,26407.0
33.4,55,100,43,0.0,46.407,204.26,0.0001,0,0.9,0,0.0026917,12.595,1.1353,61011,65600.0,6.5152,298.16,483.15,1.0124,0.0,,35,,1.0397,0.1925,,,0.70767,0,,0,1,1,37,37,0,37.0,25373.0
33.6,55,100,43,0.0,40.874,217.66,0.0001,0,0.9,0,0.0026124,12.596,1.1647,61023,65620.0,6.5058,298.15,478.94,1.0173,0.0,,35,,1.0392,0.1925,,,0.71112,0,,0,1,1,37,37,0,37.0,26177.0
33.8,55,100,43,0.0,39.106,218.5,0.0001,0,0.9,0,0.0025956,12.567,1.1945,61033,65640.0,6.495,298.13,472.96,1.0222,0.0,,35,,1.0477,0.1924,,,0.71454,0,,0,1,1,37,37,0,37.0,26650.0
34.0,55,100,43,0.0,41.633,216.94,0.0001,0,0.9,0,0.002526,12.594,1.2249,61045,65661.0,6.4883,298.11,466.62,1.027,0.0,,35,,1.0339,0.19253,,,0.71791,0,,0,1,1,37,37,0,37.0,26459.0
34.2,55,100,43,0.0,46.827,214.21,0.0001,0,0.9,0,0.0025071,12.591,1.2556,61057,65682.0,6.4842,298.09,463.55,1.0318,0.0,,35,,1.0318,0.19254,,,0.72124,0,,0,1,1,37,37,0,37.0,26937.0
34.4,55,100,43,0.0,53.668,214.61,0.0001,0,0.9,0,0.0025015,12.57,1.2865,61071,65705.0,6.4867,298.09,462.55,1.0365,0.0,,35,,1.0343,0.19251,,,0.72457,0,,0,1,1,37,37,0,37.0,26082.0
34.6,55,100,43,0.0,59.506,217.03,0.0001,0,0.9,0,0.0024606,12.598,1.318,61086,65729.0,6.4935,298.09,460.83,1.0412,0.0,,35,,1.0125,0.19272,,,0.72787,0,,0,1,1,37,37,0,37.0,27063.0
34.8,55,100,43,0.0,62.613,218.39,0.0001,0,0.9,0,0.0024223,12.607,1.3499,61101,65754.0,6.5035,298.1,464.75,1.0459,0.0,,35,,1.0024,0.19282,,,0.73114,0,,0,1,1,37,37,0,37.0,27546.0
35.0,55,100,43,0.0,61.739,226.38,0.0001,0,0.9,0,0.0024147,12.592,1.3821,61117,65779.0,6.513,298.1,466.27,1.0505,0.0,,35,,0.99866,0.19285,,,0.73438,0,,0,1,1,37,37,0,37.0,28364.0
35.2,55,100,43,0.0,57.042,231.84,0.0001,0,0.9,0,0.0023979,12.575,1.4145,61131,65802.0,6.519,298.1,465.28,1.0551,0.0,,35,,1.0015,0.19281,,,0.73761,0,,0,1,1,37,37,0,37.0,27683.0
35.4,55,100,43,0.0,49.987,234.51,0.0001,0,0.9,0,0.0023742,12.533,1.4474,61144,65824.0,6.5187,298.09,462.28,1.0597,0.0,,35,,1.0155,0.19266,,,0.74082,0,,0,1,1,37,37,0,37.0,27838.0
35.6,55,100,43,0.0,43.043,234.69,0.0001,0,0.9,0,0.0023612,12.508,1.4804,61156,65845.0,6.5123,298.07,457.52,1.0643,0.0,,35,,1.0113,0.19269,,,0.74403,0,,0,1,1,37,37,0,37.0,28994.0
35.8,55,100,43,0.0,38.682,232.39,0.0001,0,0.9,0,0.0022825,12.528,1.514,61167,65865.0,6.5005,298.07,456.32,1.0688,0.0,,35,,1.0011,0.19279,,,0.7472,0,,0,1,1,37,37,0,37.0,27485.0
36.0,55,100,43,0.0,39.04,233.83,0.0001,0,0.9,0,0.0022543,12.515,1.5479,61177,65885.0,6.49,298.08,459.22,1.0733,0.0,753.88,35,1725.7,0.99965,0.1928,1.4145,13.373,0.75032,0,35.846,0,1,1,37,37,0,37.0,27978.0
36.2,55,100,47,0.0,43.564,239.97,0.0001,0,0.9,0,0.0024628,12.362,1.5807,61190,65907.0,6.4826,298.09,461.68,1.0779,0.0,,35,,1.0334,0.19244,,,0.75359,0,,0,1,1,37,37,0,37.0,28466.0
36.4,55,100,47,0.0,51.045,245.86,0.0001,0,0.9,0,0.0024864,12.323,1.6132,61204,65930.0,6.4816,298.1,465.45,1.0827,0.0,,35,,1.0478,0.19228,,,0.75695,0,,0,1,1,37,37,0,37.0,28952.0
36.6,55,100,47,0.0,58.904,253.66,0.0001,0,0.9,0,0.0024701,12.314,1.646,61219,65955.0,6.4856,298.13,472.3,1.0875,0.0,,35,,1.0511,0.19224,,,0.76033,0,,0,1,1,37,37,0,37.0,28606.0
36.8,55,100,47,0.0,65.161,265.65,0.0001,0,0.9,0,0.0025063,12.274,1.6786,61236,65981.0,6.4938,298.12,470.61,1.0924,0.0,,35,,1.0644,0.19209,,,0.76371,0,,0,1,1,37,37,0,37.0,28260.0
37.0,55,100,47,0.0,68.133,268.13,0.0001,0,0.9,0,0.0024552,12.274,1.7117,61254,66008.0,6.5027,298.09,461.48,1.0972,0.0,,35,,1.0675,0.19205,,,0.76708,0,,0,1,1,37,37,0,37.0,29248.0
37.2,55,100,47,0.0,67.57,261.63,0.0001,0,0.9,0,0.0024578,12.237,1.7449,61271,66035.0,6.5099,298.05,450.82,1.1019,0.0,,35,,1.0778,0.19193,,,0.77044,0,,0,1,1,37,37,0,37.0,30238.0
37.4,55,100,47,0.0,64.121,252.28,0.0001,0,0.9,0,0.0024589,12.196,1.7782,61288,66061.0,6.5146,298.04,447.89,1.1067,0.0,,35,,1.0889,0.19181,,,0.7738,0,,0,1,1,37,37,0,37.0,30228.0
37.6,55,100,47,0.0,58.819,250.91,0.0001,0,0.9,0,0.0024381,12.177,1.8117,61303,66086.0,6.5172,298.03,445.34,1.1115,0.0,,35,,1.0869,0.19182,,,0.77717,0,,0,1,1,37,37,0,37.0,29386.0
37.8,55,100,47,0.0,52.471,249.41,0.0001,0,0.9,0,0.0024277,12.173,1.8455,61318,66110.0,6.5172,298.03,445.72,1.1163,0.0,,35,,1.0731,0.19195,,,0.78052,0,,0,1,1,37,37,0,37.0,30212.0
38.0,55,100,47,0.0,46.122,251.09,0.0001,0,0.9,0,0.0023992,12.133,1.8795,61331,66132.0,6.511,298.03,443.8,1.1211,0.0,,35,,1.0823,0.19185,,,0.78385,0,,0,1,1,37,37,0,37.0,29872.0
38.2,55,100,47,0.0,42.248,249.99,0.0001,0,0.9,0,0.0023618,12.133,1.9139,61343,66154.0,6.5021,298.04,447.64,1.1258,0.0,,35,,1.0788,0.19188,,,0.78716,0,,0,1,1,37,37,0,37.0,29867.0
38.4,55,100,47,0.0,41.923,255.63,0.0001,0,0.9,0,0.0023322,12.118,1.9485,61355,66175.0,6.4947,298.05,451.81,1.1305,0.0,,35,,1.0843,0.19181,,,0.79044,0,,0,1,1,37,37,0,37.0,30530.0
38.6,55,100,47,0.0,44.574,262.02,0.0001,0,0.9,0,0.0023598,12.087,1.983,61368,66198.0,6.4901,298.06,453.66,1.1351,0.0,,35,,1.0851,0.19179,,,0.79372,0,,0,1,1,37,37,0,37.0,31193.0
38.8,55,100,47,0.0,49.057,266.15,0.0001,0,0.9,0,0.0023198,12.098,2.018,61381,66221.0,6.4943,298.08,458.59,1.1398,0.0,,35,,1.0799,0.19184,,,0.79699,0,,0,1,1,37,37,0,37.0,29692.0
39.0,55,100,47,0.0,51.821,274.3,0.0001,0,0.9,0,0.0023173,12.073,2.0534,61395,66244.0,6.5007,298.1,464.46,1.1444,0.0,,35,,1.0865,0.19176,,,0.80024,0,,0,1,1,37,37,0,37.0,30525.0
39.2,55,100,47,0.0,52.047,284.15,0.0001,0,0.9,0,0.0023166,12.043,2.089,61410,66268.0,6.5065,298.13,473.21,1.1491,0.0,,35,,1.0945,0.19167,,,0.80348,0,,0,1,1,37,37,0,37.0,30693.0
39.4,55,100,47,0.0,49.952,298.19,0.0001,0,0.9,0,0.0023545,11.976,2.1247,61423,66291.0,6.5091,298.15,479.26,1.1537,0.0,,35,,1.1135,0.19146,,,0.80675,0,,0,1,1,37,37,0,37.0,31361.0
39.6,55,100,47,0.0,46.842,310.06,0.0001,0,0.9,0,0.0023472,11.944,2.1606,61437,66314.0,6.5086,298.16,480.93,1.1584,0.0,,35,,1.1246,0.19134,,,0.81003,0,,0,1,1,37,37,0,37.0,31365.0
39.8,55,100,47,0.0,43.921,317.51,0.0001,0,0.9,0,0.0023989,11.877,2.1966,61449,66336.0,6.5056,298.15,480.68,1.1631,0.0,,35,,1.1409,0.19116,,,0.81334,0,,0,1,1,37,37,0,37.0,30701.0
40.0,55,100,47,0.0,42.192,322.99,0.0001,0,0.9,0,0.0023812,11.853,2.2328,61461,66357.0,6.5025,298.16,482.63,1.1678,0.0,,35,,1.1469,0.19109,,,0.81666,0,,0,1,1,37,37,0,37.0,31539.0
40.2,60,100,51,0.0,41.727,331.13,0.0001,0,1.1,0,0.0025872,13.549,2.2675,61476,66382.0,6.4978,298.18,487.02,1.0828,10.0,,35,,1.1567,0.19215,,,0.82584,0,,0,1,1,37,37,0,37.0,31702.0
40.4,60,100,51,0.0,43.133,342.41,0.0001,0,1.1,0,0.0026035,13.506,2.302,61491,66407.0,6.4969,298.2,493.12,1.0829,10.0,,35,,1.1538,0.19218,,,0.82587,0,,0,1,1,37,37,0,37.0,31365.0
40.6,60,100,51,0.0,44.87,356.24,0.0001,0,1.1,0,0.0025705,13.503,2.337,61507,66433.0,6.4983,298.2,493.09,1.0872,10.0,,35,,1.1484,0.19222,,,0.82919,0,,0,1,1,37,37,0,37.0,31030.0
40.8,60,100,51,0.0,46.072,363.46,0.0001,0,1.1,0,0.0025537,13.491,2.3723,61523,66458.0,6.4997,298.2,493.33,1.0918,10.0,,35,,1.1456,0.19224,,,0.83269,0,,0,1,1,37,37,0,37.0,33030.0
41.0,60,100,51,0.0,46.719,371.17,0.0001,0,1.1,0,0.002591,13.444,2.4074,61539,66484.0,6.5004,298.22,500.24,1.0964,10.0,,35,,1.1467,0.19222,,,0.83624,0,,0,1,1,37,37,0,37.0,32362.0
41.2,60,100,51,0.0,47.089,386.89,0.0001,0,1.1,0,0.002537,13.46,2.443,61554,66510.0,6.5018,298.21,497.54,1.101,10.0,,35,,1.1337,0.19233,,,0.83977,0,,0,1,1,37,37,0,37.0,32697.0
41.4,60,100,51,0.0,46.897,391.82,0.0001,0,1.1,0,0.0025961,13.393,2.478,61570,66536.0,6.5018,298.2,493.76,1.1057,10.0,,35,,1.1489,0.19218,,,0.84334,0,,0,1,1,37,37,0,37.0,33028.0
41.6,60,100,51,0.0,46.686,395.34,0.0001,0,1.1,0,0.00258,13.371,2.5132,61586,66562.0,6.5015,298.2,494.32,1.1104,10.0,,35,,1.1547,0.19212,,,0.84691,0,,0,1,1,37,37,0,37.0,32361.0
41.8,60,100,51,0.0,46.611,403.62,0.0001,0,1.1,0,0.002627,13.324,2.5477,61602,66587.0,6.4998,298.2,494.21,1.1151,10.0,,35,,1.1626,0.19203,,,0.85051,0,,0,1,1,37,37,0,37.0,33023.0
42.0,60,100,51,0.0,47.212,411.05,0.0001,0,1.1,0,0.0025867,13.315,2.5828,61618,66613.0,6.4984,298.19,490.99,1.1198,10.0,,35,,1.1626,0.19202,,,0.85411,0,,0,1,1,37,37,0,37.0,33355.0
42.2,60,100,51,0.0,48.387,414.75,0.0001,0,1.1,0,0.0025727,13.292,2.6183,61634,66640.0,6.4974,298.16,481.35,1.1245,10.0,,35,,1.1656,0.19198,,,0.8577,0,,0,1,1,37,37,0,37.0,33023.0
42.4,60,100,51,0.0,49.95,410.43,0.0001,0,1.1,0,0.0025434,13.274,2.6539,61651,66666.0,6.4975,298.16,481.75,1.1291,10.0,,35,,1.1714,0.19192,,,0.86128,0,,0,1,1,37,37,0,37.0,33024.0
42.6,60,100,51,0.0,51.477,417.04,0.0001,0,1.1,0,0.0024735,13.294,2.6906,61668,66693.0,6.4986,298.16,481.07,1.1337,10.0,,35,,1.162,0.192,,,0.86481,0,,0,1,1,37,37,0,37.0,33531.0
42.8,60,100,51,0.0,52.563,422.16,0.0001,0,1.1,0,0.002443,13.283,2.7277,61685,66720.0,6.5005,298.16,481.54,1.1383,10.0,,35,,1.1625,0.19199,,,0.8683,0,,0,1,1,37,37,0,37.0,33706.0
43.0,60,100,51,0.0,52.875,428.58,0.0001,0,1.1,0,0.0024421,13.271,2.765,61702,66747.0,6.5005,298.17,485.42,1.1429,10.0,,35,,1.1524,0.19207,,,0.87178,0,,0,1,1,37,37,0,37.0,33882.0
43.2,60,100,51,0.0,53.214,439.12,0.0001,0,1.1,0,0.0024334,13.253,2.8023,61719,66774.0,6.4984,298.18,488.96,1.1474,10.0,,35,,1.1521,0.19207,,,0.87527,0,,0,1,1,37,37,0,37.0,34559.0
43.4,60,100,51,0.0,54.394,449.67,0.0001,0,1.1,0,0.0024217,13.242,2.8399,61736,66802.0,6.497,298.15,478.33,1.152,10.0,,35,,1.1496,0.19208,,,0.87875,0,,0,1,1,37,37,0,37.0,34070.0
43.6,60,100,51,0.0,56.095,443.74,0.0001,0,1.1,0,0.0023889,13.234,2.8779,61754,66829.0,6.4964,298.13,472.17,1.1565,10.0,,35,,1.1511,0.19206,,,0.8822,0,,0,1,1,37,37,0,37.0,33750.0
43.8,60,100,51,0.0,58.037,442.15,0.0001,0,1.1,0,0.0023732,13.233,2.9167,61772,66857.0,6.4968,298.1,466.06,1.1609,10.0,,35,,1.1479,0.19208,,,0.88562,0,,0,1,1,37,37,0,37.0,35266.0
44.0,60,100,51,0.0,59.815,439.7,0.0001,0,1.1,0,0.0023462,13.216,2.9556,61791,66886.0,6.5003,298.11,468.96,1.1654,10.0,,35,,1.1574,0.19198,,,0.88902,0,,0,1,1,37,37,0,37.0,34284.0
44.2,60,100,57,0.0,60.223,447.23,0.0001,0,1.1,0,0.0026465,12.951,2.9919,61811,66916.0,6.5008,298.14,475.09,1.1701,10.0,,35,,1.2282,0.1913,,,0.89265,0,,0,1,1,37,37,0,37.0,34789.0
44.4,60,100,57,0.0,60.425,458.74,0.0001,0,1.1,0,0.0026412,12.918,3.0285,61830,66946.0,6.5004,298.15,478.63,1.175,10.0,,35,,1.2442,0.19114,,,0.89639,0,,0,1,1,37,37,0,37.0,35128.0
44.6,60,100,57,0.0,60.785,467.88,0.0001,0,1.1,0,0.0025931,12.92,3.0657,61850,66976.0,6.4983,298.15,479.06,1.1799,10.0,,35,,1.2439,0.19113,,,0.90011,0,,0,1,1,37,37,0,37.0,34637.0
44.8,60,100,57,0.0,61.973,473.83,0.0001,0,1.1,0,0.0025796,12.9,3.1029,61870,67007.0,6.4967,298.15,480.13,1.1847,10.0,,35,,1.2465,0.1911,,,0.90381,0,,0,1,1,37,37,0,37.0,35313.0
45.0,60,100,57,0.0,63.811,480.68,0.0001,0,1.1,0,0.0025747,12.878,3.1401,61891,67037.0,6.4986,298.16,482.18,1.1895,10.0,,35,,1.2512,0.19105,,,0.90751,0,,0,1,1,37,37,0,37.0,35655.0
45.2,60,100,57,0.0,64.893,488.82,0.0001,0,1.1,0,0.0025852,12.814,3.1773,61912,67069.0,6.5016,298.16,482.88,1.1944,10.0,,35,,1.2722,0.19084,,,0.91123,0,,0,1,1,37,37,0,37.0,35498.0
45.4,60,100,57,0.0,64.771,495.59,0.0001,0,1.1,0,0.002586,12.799,3.2147,61932,67100.0,6.5036,298.17,484.77,1.1993,10.0,,35,,1.2658,0.19089,,,0.91497,0,,0,1,1,37,37,0,37.0,35841.0
45.6,60,100,57,0.0,63.873,503.91,0.0001,0,1.1,0,0.0025449,12.81,3.2524,61953,67131.0,6.5029,298.2,494.39,1.2041,10.0,,35,,1.2523,0.19101,,,0.91869,0,,0,1,1,37,37,0,37.0,36853.0
45.8,60,100,57,0.0,63.258,521.62,0.0001,0,1.1,0,0.0024842,12.827,3.2909,61973,67161.0,6.5015,298.24,505.47,1.2089,10.0,,35,,1.2396,0.19112,,,0.92236,0,,0,1,1,37,37,0,37.0,36035.0
46.0,60,100,57,0.0,63.188,542.12,0.0001,0,1.1,0,0.0024345,12.807,3.3299,61993,67192.0,6.5018,298.26,511.15,1.2137,10.0,,35,,1.245,0.19106,,,0.92599,0,,0,1,1,37,37,0,37.0,36719.0
46.2,60,100,57,0.0,62.968,557.59,0.0001,0,1.1,0,0.0023648,12.825,3.3693,62014,67222.0,6.5021,298.24,504.06,1.2184,10.0,,35,,1.2341,0.19115,,,0.92958,0,,0,1,1,37,37,0,37.0,36240.0
46.4,60,100,57,0.0,62.652,558.75,0.0001,0,1.1,0,0.0023979,12.753,3.4089,62034,67253.0,6.5021,298.24,505.47,1.2231,10.0,,35,,1.2561,0.19094,,,0.93318,0,,0,1,1,37,37,0,37.0,37760.0
46.6,60,100,57,0.0,62.336,569.43,0.0001,0,1.1,0,0.0023895,12.723,3.4486,62054,67283.0,6.4999,298.22,501.01,1.2278,10.0,,35,,1.2688,0.19081,,,0.93679,0,,0,1,1,37,37,0,37.0,37448.0
46.8,60,100,57,0.0,62.893,573.1,0.0001,0,1.1,0,0.0023353,12.739,3.4888,62074,67314.0,6.4988,298.19,489.95,1.2325,10.0,,35,,1.2581,0.1909,,,0.94037,0,,0,1,1,37,37,0,37.0,37472.0
47.0,60,100,57,0.0,63.909,568.52,0.0001,0,1.1,0,0.0023457,12.706,3.529,62095,67345.0,6.4981,298.17,483.99,1.2371,10.0,,35,,1.265,0.19082,,,0.94394,0,,0,1,1,37,37,0,37.0,37996.0
47.2,60,100,57,0.0,65.186,568.73,0.0001,0,1.1,0,0.0023124,12.691,3.5695,62116,67376.0,6.4963,298.13,473.54,1.2418,10.0,,35,,1.2705,0.19076,,,0.9475,0,,0,1,1,37,37,0,37.0,38521.0
47.4,60,100,57,0.0,67.185,562.72,0.0001,0,1.1,0,0.0022886,12.704,3.6103,62137,67407.0,6.4973,298.13,474.09,1.2464,10.0,,35,,1.2591,0.19086,,,0.95103,0,,0,1,1,37,37,0,37.0,38381.0
47.6,60,100,57,0.0,68.765,568.53,0.0001,0,1.1,0,0.0022911,12.682,3.6513,62158,67439.0,6.4987,298.12,471.23,1.251,10.0,,35,,1.2644,0.1908,,,0.95454,0,,0,1,1,37,37,0,37.0,38075.0
47.8,60,100,57,0.0,69.81,570.07,0.0001,0,1.1,0,0.0022391,12.712,3.6925,62180,67471.0,6.5012,298.1,464.64,1.2555,10.0,,35,,1.2526,0.19091,,,0.95801,0,,0,1,1,37,37,0,37.0,38771.0
48.0,60,100,57,0.0,69.83,566.93,0.0001,0,1.1,0,0.002221,12.706,3.7338,62202,67503.0,6.5034,298.07,455.32,1.26,10.0,731.79,35,1777.4,1.2434,0.19098,3.5695,16.976,0.96145,0,50.211,0,1,1,37,37,0,37.0,38467.0
48.2,60,100,61,0.0,68.998,559.81,0.0001,0,1.1,0,0.0023013,12.62,3.7748,62224,67536.0,6.5025,297.99,433.29,1.2645,10.0,,35,,1.262,0.1908,,,0.96495,0,,0,1,1,37,37,0,37.0,38495.0
48.4,60,100,61,0.0,68.546,536.51,0.0001,0,1.1,0,0.0022662,12.615,3.8163,62246,67568.0,6.4976,297.93,415.48,1.2691,10.0,,35,,1.2625,0.19079,,,0.96846,0,,0,1,1,37,37,0,37.0,39858.0
48.6,60,100,61,0.0,70.031,160.95,549.72,0,1.1,0,0.0022801,12.588,3.8577,62268,67601.0,6.4976,299.71,933.44,1.2737,10.0,,35,,1.2737,0.19067,,,0.97195,0,,0,1,1,37,37,0,37.0,38721.0
48.8,60,100,61,0.0,71.496,771.27,54.972,0,1.1,0,0.0022866,12.561,3.8986,62291,67633.0,6.4977,299.55,887.25,1.2783,10.0,,35,,1.2712,0.19068,,,0.97546,0,,0,1,1,37,37,0,37.0,40081.0
49.0,60,100,61,0.0,72.931,767.35,5.4972,0,1.1,0,0.0022096,12.587,3.94,62313,67666.0,6.5007,299.25,799.65,1.2828,10.0,,35,,1.2641,0.19074,,,0.97893,0,,0,1,1,37,37,0,37.0,40611.0
49.2,60,100,61,0.0,73.176,723.1,0.54972,0,1.1,0,0.0021868,12.574,3.9818,62336,67700.0,6.5024,298.95,712.63,1.2873,10.0,,35,,1.2618,0.19076,,,0.98238,0,,0,1,1,37,37,0,37.0,40809.0
49.4,60,100,61,0.0,72.736,669.39,0.054972,0,1.1,0,0.0022064,12.511,4.0236,62359,67733.0,6.5052,298.68,633.58,1.2918,10.0,,35,,1.2837,0.19054,,,0.98584,0,,0,1,1,37,37,0,37.0,39341.0
49.6,60,100,61,0.0,71.156,613.97,0.0054972,0,1.1,0,0.0021866,12.488,4.0656,62382,67766.0,6.507,298.45,566.47,1.2963,10.0,,35,,1.2925,0.19045,,,0.98929,0,,0,1,1,37,37,0,37.0,39540.0
49.8,60,100,61,0.0,68.884,562.31,0.00054972,0,1.1,0,0.0022034,12.427,4.1079,62404,67798.0,6.5063,298.25,506.51,1.3009,10.0,,35,,1.3109,0.19026,,,0.99277,0,,0,1,1,37,37,0,37.0,40241.0
50.0,60,100,61,0.0,66.89,510.2,0.0001,0,1.1,0,0.0022513,12.364,4.15,62426,67831.0,6.5014,298.07,456.54,1.3055,10.0,,35,,1.317,0.1902,,,0.99629,0,,0,1,1,37,37,0,37.0,39941.0
50.2,60,100,61,0.0,66.861,462.04,0.0001,500,1.1,0,0.0022174,13.728,4.1857,62548,67963.0,6.4938,297.8,377.44,1.3101,10.0,,35,,0.96655,0.1935,,,0.99981,0,,0,1,1,37,37,0,37.0,40448.0
50.4,60,100,61,0.0,69.887,138.61,539.4,500,1.1,0,0.0022345,13.756,4.2212,62670,68096.0,6.4892,299.4,846.54,1.3146,10.0,,35,,0.92946,0.19384,,,1.0033,0,,0,1,1,37,37,0,37.0,40456.0
50.6,60,100,61,0.0,74.732,684.45,53.94,500,1.1,0,0.0021892,13.809,4.2569,62793,68229.0,6.4886,298.99,723.8,1.3192,10.0,,35,,0.91979,0.19393,,,1.0068,0,,0,1,1,37,37,0,37.0,41464.0
50.8,60,100,61,0.0,79.78,581.14,5.394,500,1.1,0,0.0021405,13.85,4.2931,62917,68364.0,6.4916,298.52,586.97,1.3237,10.0,,35,,0.91159,0.19399,,,1.0102,0,,0,1,1,37,37,0,37.0,40974.0
51.0,60,100,61,0.0,83.654,461.09,0.5394,500,1.1,0,0.0021314,13.882,4.3292,63042,68499.0,6.4961,298.16,480.78,1.3281,10.0,,35,,0.90967,0.194,,,1.0137,0,,0,1,1,37,37,0,37.0,41151.0
51.2,60,100,61,0.0,85.735,360.11,0.05394,500,1.1,0,0.00214,13.886,4.3656,63168,68635.0,6.5004,297.91,407.61,1.3326,10.0,,35,,0.90771,0.19401,,,1.0171,0,,0,1,1,37,37,0,37.0,41662.0
51.4,60,100,61,0.0,86.109,108.03,361.54,500,1.1,0,0.0021714,13.882,4.402,63293,68771.0,6.5048,298.97,721.32,1.3371,10.0,,35,,0.9075,0.19401,,,1.0206,0,,0,1,1,37,37,0,37.0,42674.0
51.6,60,100,61,0.0,84.688,471.52,36.154,500,1.1,0,0.0021746,13.877,4.4383,63418,68907.0,6.5077,298.74,651.16,1.3417,10.0,,35,,0.91801,0.1939,,,1.024,0,,0,1,1,37,37,0,37.0,41351.0
51.8,60,100,61,0.0,82.118,418.61,3.6154,500,1.1,0,0.0021538,13.889,4.4746,63543,69042.0,6.5094,298.43,559.59,1.3462,10.0,,35,,0.92792,0.1938,,,1.0275,0,,0,1,1,37,37,0,37.0,41862.0
52.0,60,100,61,0.0,78.864,341.9,0.36154,500,1.1,0,0.0021228,13.898,4.5114,63667,69176.0,6.5098,298.17,481.78,1.3507,10.0,,35,,0.93731,0.1937,,,1.0309,0,,0,1,1,37,37,0,37.0,42543.0
52.2,60,100,65,0.0,75.471,270.34,0.036154,500,1.1,0,0.0022255,13.791,4.5478,63792,69311.0,6.5073,297.97,422.58,1.3553,10.0,,35,,0.97614,0.19332,,,1.0345,0,,0,1,1,37,37,0,37.0,42554.0
52.4,60,100,65,0.0,73.1,210.29,0.0036154,500,1.1,0,0.002153,13.848,4.5845,63915,69446.0,6.5031,297.84,383.62,1.3599,10.0,,35,,0.97613,0.19332,,,1.038,0,,0,1,1,37,37,0,37.0,42567.0
52.6,60,100,65,0.0,72.391,63.087,231.85,500,1.1,0,0.0021542,13.857,4.6214,64039,69580.0,6.4963,298.53,591.55,1.3644,10.0,,35,,0.98104,0.19326,,,1.0415,0,,0,1,1,37,37,0,37.0,42247.0
52.8,60,100,65,0.0,74.398,296.97,23.185,500,1.1,0,0.0021132,13.898,4.6584,64163,69714.0,6.4903,298.37,543.06,1.3689,10.0,,35,,0.97879,0.19327,,,1.0449,0,,0,1,1,37,37,0,37.0,42262.0
53.0,60,100,65,0.0,78.78,256.13,2.3185,500,1.1,0,0.0020689,13.957,4.6955,64288,69850.0,6.4868,298.2,490.7,1.3734,10.0,,35,,0.97083,0.19334,,,1.0483,0,,0,1,1,37,37,0,37.0,42777.0
53.2,60,100,65,0.0,84.563,211.33,0.23185,500,1.1,0,0.0020713,13.961,4.7329,64414,69986.0,6.4862,298.06,448.56,1.3778,10.0,,35,,0.98454,0.1932,,,1.0517,0,,0,1,1,37,37,0,37.0,43793.0
53.4,60,100,65,0.0,90.585,171.91,0.023185,500,1.1,0,0.0020333,14.003,4.77,64541,70124.0,6.4889,297.95,416.08,1.3822,10.0,,35,,0.9895,0.19315,,,1.0551,0,,0,1,1,37,37,0,37.0,43308.0
53.6,60,100,65,0.0,95.521,138.1,0.0023185,500,1.1,0,0.0020472,14.016,4.8074,64669,70262.0,6.4943,297.87,392.88,1.3866,10.0,,35,,0.98897,0.19314,,,1.0584,0,,0,1,1,37,37,0,37.0,43991.0
53.8,60,100,65,0.0,98.296,41.431,159.4,500,1.1,0,0.0020323,14.058,4.8445,64798,70402.0,6.5,298.35,537.66,1.3909,10.0,,35,,0.97781,0.19324,,,1.0618,0,,0,1,1,37,37,0,37.0,43673.0
54.0,60,100,65,0.0,98.802,201.64,15.94,500,1.1,0,0.0020409,14.072,4.8816,64927,70541.0,6.5054,298.27,512.52,1.3953,10.0,,35,,0.97198,0.19328,,,1.0651,0,,0,1,1,37,37,0,37.0,44354.0
54.2,60,100,65,0.0,97.168,182.73,1.594,500,1.1,0,0.0019973,14.095,4.9188,65055,70680.0,6.5093,298.16,478.98,1.3997,10.0,,35,,0.97343,0.19326,,,1.0685,0,,0,1,1,37,37,0,37.0,44703.0
54.4,60,100,65,0.0,93.962,155.47,0.1594,500,1.1,0,0.0020002,14.08,4.9557,65183,70818.0,6.5109,298.06,449.63,1.404,10.0,,35,,0.99187,0.19308,,,1.0718,0,,0,1,1,37,37,0,37.0,45217.0
54.6,60,100,65,0.0,90.147,129.11,0.01594,500,1.1,0,0.002014,14.062,4.9929,65310,70956.0,6.5112,297.98,424.93,1.4084,10.0,,35,,1.0006,0.19299,,,1.0752,0,,0,1,1,37,37,0,37.0,44899.0
54.8,60,100,65,0.0,86.202,104.35,0.001594,500,1.1,0,0.0019971,14.076,5.0301,65436,71093.0,6.5103,297.92,407.34,1.4128,10.0,,35,,1.0063,0.19293,,,1.0785,0,,0,1,1,37,37,0,37.0,44248.0
55.0,60,100,65,0.0,82.595,31.304,116.56,500,1.1,0,0.0019526,14.114,5.0673,65562,71229.0,6.5103,298.27,514.22,1.4171,10.0,,35,,1.003,0.19295,,,1.0819,0,,0,1,1,37,37,0,37.0,45263.0
55.2,60,100,65,0.0,78.987,148.76,11.656,500,1.1,0,0.0019207,14.132,5.1046,65687,71364.0,6.5078,298.21,495.11,1.4214,10.0,,35,,1.0097,0.19288,,,1.0851,0,,0,1,1,37,37,0,37.0,45446.0
55.4,60,100,65,0.0,76.41,134.95,1.1656,500,1.1,0,0.0019104,14.158,5.1418,65811,71498.0,6.5028,298.12,468.64,1.4256,10.0,,35,,1.0058,0.19291,,,1.0884,0,,0,1,1,37,37,0,37.0,45794.0
55.6,60,100,65,0.0,75.798,113.7,0.11656,500,1.1,0,0.0018959,14.19,5.1787,65935,71633.0,6.4976,298.05,446.43,1.4298,10.0,,35,,0.99806,0.19297,,,1.0916,0,,0,1,1,37,37,0,37.0,45975.0
55.8,60,100,65,0.0,77.265,94.226,0.011656,500,1.1,0,0.0018568,14.246,5.2157,66059,71768.0,6.4949,297.99,428.49,1.434,10.0,,35,,0.98173,0.19312,,,1.0948,0,,0,1,1,37,37,0,37.0,45822.0
56.0,60,100,65,0.0,79.815,76.751,0.0011656,500,1.1,0,0.0018275,14.298,5.2523,66184,71903.0,6.4936,297.95,413.23,1.4381,10.0,,35,,0.96974,0.19322,,,1.0979,0,,0,1,1,37,37,0,37.0,45502.0
56.2,60,100,72,0.0,82.904,23.025,87.999,500,1.1,0,0.0019954,14.16,5.289,66311,72040.0,6.4914,298.21,496.4,1.4424,10.0,,34,,1.0128,0.19281,,,1.1013,0,,0,1,1,37,37,0,37.0,45848.0
56.4,60,100,72,0.0,86.877,113.53,8.7999,500,1.1,0,0.0019933,14.187,5.3255,66439,72179.0,6.4913,298.17,483.2,1.4468,10.0,,34,,1.0159,0.19277,,,1.1046,0,,0,1,1,37,37,0,37.0,46360.0
56.6,60,100,72,0.0,90.876,104.88,0.87999,500,1.1,0,0.0020506,14.153,5.3615,66568,72318.0,6.4935,298.12,466.46,1.4513,10.0,,34,,1.0318,0.19261,,,1.1081,0,,0,1,1,37,37,0,37.0,46703.0
56.8,60,100,72,0.0,93.999,93.092,0.087999,500,1.1,0,0.0020224,14.184,5.3972,66697,72458.0,6.4977,298.07,451.61,1.4558,10.0,,34,,1.0364,0.19256,,,1.1115,0,,0,1,1,37,37,0,37.0,46044.0
57.0,60,100,72,0.0,95.416,81.494,0.0087999,500,1.1,0,0.0020148,14.195,5.4328,66826,72598.0,6.5022,298.03,438.17,1.4603,10.0,,34,,1.0446,0.19247,,,1.115,0,,0,1,1,37,37,0,37.0,47885.0
57.2,60,100,72,0.0,95.044,69.652,0.00087999,500,1.1,0,0.0019667,14.241,5.4686,66955,72738.0,6.5067,297.99,426.15,1.4647,10.0,,34,,1.0396,0.19251,,,1.1184,0,,0,1,1,37,37,0,37.0,46560.0
57.4,60,100,72,0.0,92.9,57.764,0.0001,500,1.1,0,0.0019371,14.256,5.5046,67084,72877.0,6.5106,297.96,417.79,1.4691,10.0,,34,,1.0478,0.19243,,,1.1217,0,,0,1,1,37,37,0,37.0,46736.0
57.6,60,100,72,0.0,89.167,48.445,0.0001,500,1.1,0,0.0019202,14.285,5.541,67212,73016.0,6.5129,297.94,411.43,1.4735,10.0,,34,,1.0426,0.19247,,,1.1251,0,,0,1,1,37,37,0,37.0,46414.0
57.8,60,100,72,0.0,84.521,14.534,59.627,500,1.1,0,0.0018255,14.375,5.5772,67340,73153.0,6.5148,298.12,466.92,1.4777,10.0,,34,,1.0215,0.19266,,,1.1283,0,,0,1,1,37,37,0,37.0,47091.0
58.0,60,100,72,0.0,79.104,73.037,5.9627,500,1.1,0,0.001837,14.36,5.6131,67466,73290.0,6.5135,298.09,459.31,1.4819,10.0,,34,,1.0258,0.19261,,,1.1315,0,,0,1,1,37,37,0,37.0,47101.0
58.2,60,100,72,0.0,74.241,67.805,0.59627,500,1.1,0,0.0018385,14.362,5.6488,67591,73425.0,6.5104,298.06,449.12,1.4861,10.0,,34,,1.0324,0.19254,,,1.1347,0,,0,1,1,37,37,0,37.0,48108.0
58.4,60,100,72,0.0,70.619,60.384,0.059627,500,1.1,0,0.0017879,14.404,5.6841,67715,73560.0,6.5054,298.03,439.37,1.4903,10.0,,34,,1.0254,0.1926,,,1.1379,0,,0,1,1,37,37,0,37.0,47115.0
58.6,60,100,72,0.0,69.0,52.319,0.0059627,500,1.1,0,0.0017553,14.429,5.7199,67839,73695.0,6.4986,298.0,430.11,1.4944,10.0,,34,,1.0267,0.19258,,,1.1411,0,,0,1,1,37,37,0,37.0,47956.0
58.8,60,100,72,0.0,70.098,43.649,0.00059627,500,1.1,0,0.0017351,14.47,5.7556,67963,73829.0,6.4932,297.98,422.35,1.4985,10.0,,34,,1.0199,0.19263,,,1.1442,0,,0,1,1,37,37,0,37.0,48964.0
59.0,60,100,72,0.0,73.321,35.504,0.0001,500,1.1,0,0.0016994,14.514,5.7909,68088,73964.0,6.4926,297.95,415.04,1.5025,10.0,,34,,1.0162,0.19266,,,1.1473,0,,0,1,1,37,37,0,37.0,48804.0
59.2,60,100,72,0.0,76.776,26.926,0.0001,500,1.1,0,0.0016816,14.551,5.8259,68214,74100.0,6.4929,297.94,409.21,1.5065,10.0,,34,,1.0122,0.19269,,,1.1504,0,,0,1,1,37,37,0,37.0,48475.0
59.4,60,100,72,0.0,80.126,8.0779,39.578,500,1.1,0,0.0016521,14.592,5.8606,68340,74237.0,6.4964,298.04,443.65,1.5104,10.0,,34,,1.0122,0.19268,,,1.1534,0,,0,1,1,37,37,0,37.0,48312.0
59.6,60,100,72,0.0,82.065,42.813,3.9578,500,1.1,0,0.0016729,14.577,5.8955,68467,74373.0,6.5007,298.02,435.52,1.5143,10.0,,34,,1.025,0.19255,,,1.1564,0,,0,1,1,37,37,0,37.0,49316.0
59.8,60,100,72,0.0,82.315,34.892,0.39578,500,1.1,0,0.001668,14.585,5.9303,68593,74510.0,6.5026,297.99,426.64,1.5183,10.0,,34,,1.0315,0.19248,,,1.1594,0,,0,1,1,37,37,0,37.0,48653.0
60.0,60,100,72,0.0,81.808,26.224,0.039578,500,1.1,0,0.0016764,14.581,5.9653,68720,74647.0,6.5042,297.97,419.7,1.5223,10.0,1017.6,34,1776.8,1.0367,0.19243,5.8259,18.85,1.1625,0,42.089,0,1,1,37,37,0,37.0,49824.0
60.2,60,100,76,0.0,80.654,18.639,0.0039578,500,1.1,0,0.0017533,14.527,6.0008,68847,74785.0,6.5025,297.96,417.26,1.5264,10.0,,33,,1.0586,0.19221,,,1.1656,0,,0,1,1,37,37,0,37.0,50164.0
60.4,60,100,76,0.0,80.183,15.014,0.00039578,500,1.1,0,0.0017665,14.502,6.0366,68974,74922.0,6.4983,297.96,417.15,1.5306,10.0,,33,,1.076,0.19204,,,1.1689,0,,0,1,1,37,37,0,37.0,49339.0
60.6,60,100,76,0.0,81.398,13.486,0.0001,500,1.1,0,0.0017251,14.562,6.0722,69101,75060.0,6.4954,297.96,416.39,1.5347,10.0,,33,,1.0648,0.19214,,,1.1721,0,,0,1,1,37,37,0,37.0,50514.0
60.8,60,100,76,0.0,83.771,11.204,0.0001,500,1.1,0,0.0017107,14.612,6.1081,69229,75198.0,6.4948,297.96,415.46,1.5389,10.0,,33,,1.0485,0.19228,,,1.1752,0,,0,1,1,37,37,0,37.0,49189.0
61.0,60,100,76,0.0,86.367,8.6671,0.0001,500,1.1,0,0.0017306,14.584,6.1441,69357,75337.0,6.4921,297.96,415.95,1.543,10.0,,33,,1.0722,0.19205,,,1.1784,0,,0,1,1,37,37,0,37.0,50699.0
61.2,60,100,76,0.0,90.042,7.5308,0.0001,500,1.1,0,0.0017559,14.564,6.1802,69486,75476.0,6.4928,297.96,417.35,1.5472,10.0,,33,,1.0926,0.19185,,,1.1816,0,,0,1,1,37,37,0,37.0,49542.0
61.4,60,100,76,0.0,93.431,7.389,0.0001,500,1.1,0,0.0017535,14.577,6.216,69615,75616.0,6.4935,297.96,418.24,1.5514,10.0,,33,,1.1035,0.19174,,,1.1848,0,,0,1,1,37,37,0,37.0,50884.0
61.6,60,100,76,0.0,96.54,6.8323,0.0001,500,1.1,0,0.0017255,14.615,6.2518,69745,75757.0,6.4967,297.96,418.07,1.5555,10.0,,33,,1.1077,0.19169,,,1.188,0,,0,1,1,37,37,0,37.0,50892.0
61.8,60,100,76,0.0,98.372,5.2816,0.0001,500,1.1,0,0.0017433,14.619,6.2878,69876,75898.0,6.4984,297.97,418.99,1.5597,10.0,,33,,1.1063,0.1917,,,1.1912,0,,0,1,1,37,37,0,37.0,50902.0
62.0,60,100,76,0.0,99.531,4.8771,0.0001,500,1.1,0,0.0017187,14.648,6.3233,70007,76040.0,6.5024,297.97,419.35,1.5639,10.0,,33,,1.109,0.19167,,,1.1944,0,,0,1,1,37,37,0,37.0,50242.0
62.2,60,100,76,0.0,99.07,3.9654,0.0001,500,1.1,0,0.0016928,14.668,6.3584,70137,76181.0,6.5062,297.97,419.52,1.568,10.0,,33,,1.1157,0.19159,,,1.1976,0,,0,1,1,37,37,0,37.0,51081.0
62.4,60,100,76,0.0,97.101,2.9022,0.0001,500,1.1,0,0.0016646,14.683,6.3932,70268,76322.0,6.5104,297.97,419.39,1.5721,10.0,,33,,1.1276,0.19147,,,1.2007,0,,0,1,1,37,37,0,37.0,51585.0
62.6,60,100,76,0.0,93.473,1.5585,0.0001,500,1.1,0,0.001619,14.73,6.428,70397,76462.0,6.5135,297.97,418.61,1.5761,10.0,,33,,1.1224,0.19152,,,1.2038,0,,0,1,1,37,37,0,37.0,51921.0
62.8,60,100,76,0.0,88.594,0.0001,0.0001,500,1.1,0,0.001664,14.699,6.4632,70526,76601.0,6.5138,297.97,419.95,1.5801,10.0,,33,,1.1299,0.19144,,,1.2069,0,,0,1,1,37,37,0,37.0,51594.0
63.0,60,100,76,0.0,83.611,0.09774,0.0001,500,1.1,0,0.0016855,14.681,6.4986,70653,76739.0,6.5111,297.98,422.26,1.5842,10.0,,33,,1.1414,0.19132,,,1.21,0,,0,1,1,37,37,0,37.0,52600.0
63.2,60,100,76,0.0,79.694,1.3118,0.0001,500,1.1,0,0.001706,14.658,6.5341,70780,76876.0,6.5069,297.98,424.89,1.5884,10.0,,33,,1.1619,0.19112,,,1.2132,0,,0,1,1,37,37,0,37.0,53274.0
63.4,60,100,76,0.0,77.442,3.0848,0.0001,500,1.1,0,0.0016674,14.719,6.5697,70906,77013.0,6.5018,297.99,425.94,1.5925,10.0,,33,,1.1447,0.19127,,,1.2164,0,,0,1,1,37,37,0,37.0,53115.0
63.6,60,100,76,0.0,77.232,3.5035,0.0001,500,1.1,0,0.0016509,14.758,6.6051,71032,77150.0,6.4975,297.99,426.42,1.5966,10.0,,33,,1.1307,0.1914,,,1.2195,0,,0,1,1,37,37,0,37.0,53621.0
63.8,60,100,76,0.0,78.758,3.4987,0.0001,500,1.1,0,0.0016666,14.746,6.6404,71159,77287.0,6.4932,297.99,427.3,1.6006,10.0,,33,,1.1434,0.19127,,,1.2226,0,,0,1,1,37,37,0,37.0,53627.0
64.0,60,100,76,0.0,81.98,3.9558,0.0001,500,1.1,0,0.0016653,14.785,6.6755,71286,77425.0,6.4878,297.99,427.41,1.6047,10.0,,33,,1.1371,0.19132,,,1.2258,0,,0,1,1,37,37,0,37.0,52299.0
64.2,60,100,80,0.0,87.374,3.725,0.0001,500,1.1,0,0.0017423,14.745,6.711,71415,77565.0,6.4855,298.0,429.55,1.6089,10.0,,32,,1.154,0.19115,,,1.229,0,,0,1,1,37,37,0,37.0,53639.0
64.4,60,100,80,0.0,93.677,5.599,0.0001,500,1.1,0,0.0017422,14.784,6.746,71545,77706.0,6.4846,298.0,430.42,1.6132,10.0,,32,,1.1517,0.19117,,,1.2322,0,,0,1,1,37,37,0,37.0,53144.0
64.6,60,100,80,0.0,100.36,6.3642,0.0001,500,1.1,0,0.001773,14.774,6.781,71677,77848.0,6.4836,298.0,431.51,1.6174,10.0,,32,,1.1659,0.19102,,,1.2355,0,,0,1,1,37,37,0,37.0,53316.0
64.8,60,100,80,0.0,107.42,7.4705,0.0001,500,1.1,0,0.0017829,14.789,6.8162,71810,77992.0,6.4868,298.01,432.27,1.6218,10.0,,32,,1.1705,0.19097,,,1.2388,0,,0,1,1,37,37,0,37.0,53655.0
65.0,60,100,80,0.0,113.21,8.364,0.0001,500,1.1,0,0.0017764,14.824,6.8511,71944,78137.0,6.4909,298.01,432.14,1.6261,10.0,,32,,1.1667,0.191,,,1.2421,0,,0,1,1,37,37,0,37.0,54492.0
65.2,60,100,80,0.0,117.37,8.4294,0.0001,500,1.1,0,0.0017964,14.83,6.8865,72079,78283.0,6.4954,298.01,432.05,1.6304,10.0,,32,,1.172,0.19094,,,1.2455,0,,0,1,1,37,37,0,37.0,54165.0
65.4,60,100,80,0.0,119.73,8.5508,0.0001,500,1.1,0,0.0017455,14.877,6.9218,72214,78429.0,6.4998,298.0,430.65,1.6347,10.0,,32,,1.17,0.19095,,,1.2488,0,,0,1,1,37,37,0,37.0,53671.0
65.6,60,100,80,0.0,120.33,7.3284,0.0001,500,1.1,0,0.0017506,14.88,6.9569,72350,78576.0,6.5034,298.0,429.75,1.639,10.0,,32,,1.1783,0.19087,,,1.252,0,,0,1,1,37,37,0,37.0,53843.0
65.8,60,100,80,0.0,119.5,6.486,0.0001,500,1.1,0,0.0017359,14.897,6.9921,72485,78722.0,6.5086,298.0,428.96,1.6432,10.0,,32,,1.1822,0.19082,,,1.2553,0,,0,1,1,37,37,0,37.0,54515.0
66.0,60,100,80,0.0,116.56,5.6529,0.0001,500,1.1,0,0.0017262,14.905,7.0278,72620,78868.0,6.5107,298.0,428.61,1.6475,10.0,,32,,1.1873,0.19076,,,1.2586,0,,0,1,1,37,37,0,37.0,55190.0
66.2,60,100,80,0.0,112.79,5.1735,0.0001,500,1.1,0,0.0017312,14.898,7.0634,72754,79012.0,6.5131,298.0,428.99,1.6518,10.0,,32,,1.1989,0.19065,,,1.2619,0,,0,1,1,37,37,0,37.0,55031.0
66.4,60,100,80,0.0,108.07,5.3824,0.0001,500,1.1,0,0.0017106,14.903,7.0987,72887,79156.0,6.5145,298.0,429.28,1.6561,10.0,,32,,1.2105,0.19053,,,1.2652,0,,0,1,1,37,37,0,37.0,55370.0
66.6,60,100,80,0.0,102.79,5.5214,0.0001,500,1.1,0,0.0016765,14.947,7.1342,73018,79299.0,6.5152,298.0,428.81,1.6603,10.0,,32,,1.1996,0.19062,,,1.2684,0,,0,1,1,37,37,0,37.0,55044.0
66.8,60,100,80,0.0,97.245,4.9428,0.0001,500,1.1,0,0.0016545,14.974,7.1694,73149,79441.0,6.5161,297.99,428.0,1.6645,10.0,,32,,1.198,0.19063,,,1.2716,0,,0,1,1,37,37,0,37.0,55382.0
67.0,60,100,80,0.0,91.319,3.982,0.0001,500,1.1,0,0.0016187,15.015,7.2042,73279,79581.0,6.5147,297.99,427.03,1.6686,10.0,,32,,1.1882,0.19071,,,1.2748,0,,0,1,1,37,37,0,37.0,55220.0
67.2,60,100,80,0.0,85.952,2.776,0.0001,500,1.1,0,0.0015741,15.073,7.2391,73407,79720.0,6.5118,297.99,425.26,1.6726,10.0,,32,,1.1722,0.19086,,,1.2779,0,,0,1,1,37,37,0,37.0,56724.0
67.4,60,100,80,0.0,81.773,0.67624,0.0001,500,1.1,0,0.0015831,15.074,7.2742,73535,79859.0,6.5066,297.98,424.88,1.6767,10.0,,32,,1.1741,0.19083,,,1.281,0,,0,1,1,37,37,0,37.0,56229.0
67.6,60,100,80,0.0,79.66,0.0001,0.0001,500,1.1,0,0.0015853,15.093,7.3093,73662,79997.0,6.4985,297.98,424.84,1.6807,10.0,,32,,1.1713,0.19085,,,1.2841,0,,0,1,1,37,37,0,37.0,56734.0
67.8,60,100,80,0.0,80.791,0.0001,0.0001,500,1.1,0,0.0015846,15.113,7.3446,73790,80135.0,6.489,297.98,424.76,1.6847,10.0,,32,,1.1705,0.19085,,,1.2872,0,,0,1,1,37,37,0,37.0,55740.0
68.0,60,100,80,0.0,85.709,0.0001,0.0001,500,1.1,0,0.0015835,15.146,7.3801,73918,80274.0,6.4814,297.98,424.28,1.6887,10.0,,32,,1.1642,0.1909,,,1.2902,0,,0,1,1,37,37,0,37.0,57414.0
68.2,60,100,84,0.0,93.653,0.0001,0.0001,500,1.1,0,0.0016255,15.148,7.4158,74049,80416.0,6.4788,297.98,424.26,1.6928,10.0,,31,,1.1738,0.1908,,,1.2934,0,,0,1,1,37,37,0,37.0,56088.0
68.4,60,100,84,0.0,102.62,0.0001,0.0001,500,1.1,0,0.0016222,15.181,7.4514,74182,80559.0,6.4795,297.98,423.59,1.6969,10.0,,31,,1.1729,0.1908,,,1.2965,0,,0,1,1,37,37,0,37.0,56596.0
68.6,60,100,84,0.0,111.31,0.0001,0.0001,500,1.1,0,0.0016393,15.198,7.4872,74316,80704.0,6.4843,297.98,422.84,1.701,10.0,,31,,1.1752,0.19077,,,1.2997,0,,0,1,1,37,37,0,37.0,57104.0
68.8,60,100,84,0.0,118.09,0.0001,0.0001,500,1.1,0,0.0016178,15.236,7.5225,74452,80851.0,6.489,297.97,420.82,1.7051,10.0,,31,,1.1786,0.19073,,,1.3028,0,,0,1,1,37,37,0,37.0,58111.0
69.0,60,100,84,0.0,123.0,0.0001,0.0001,500,1.1,0,0.0016082,15.265,7.5575,74588,80998.0,6.4937,297.96,418.05,1.7092,10.0,,31,,1.1809,0.19071,,,1.3059,0,,0,1,1,37,37,0,37.0,56949.0
69.2,60,100,84,0.0,126.06,0.0001,0.0001,500,1.1,0,0.0016026,15.285,7.5924,74725,81146.0,6.4969,297.96,414.84,1.7132,10.0,,31,,1.1869,0.19064,,,1.3091,0,,0,1,1,37,37,0,37.0,57120.0
69.4,60,100,84,0.0,127.81,0.0001,0.0001,500,1.1,0,0.0015551,15.365,7.6268,74863,81295.0,6.5028,297.94,410.01,1.7172,10.0,,31,,1.1612,0.19088,,,1.3121,0,,0,1,1,37,37,0,37.0,56954.0
69.6,60,100,84,0.0,127.22,0.0001,13.421,500,1.1,0,0.0015594,15.363,7.6615,75000,81443.0,6.5075,297.96,417.71,1.7211,10.0,,31,,1.1719,0.19077,,,1.3151,0,,0,1,1,37,37,0,37.0,57791.0
69.8,60,100,84,0.0,124.74,5.4436,1.3421,500,1.1,0,0.0015368,15.408,7.696,75137,81591.0,6.5112,297.95,411.87,1.7251,10.0,,31,,1.1628,0.19084,,,1.3182,0,,0,1,1,37,37,0,37.0,58293.0
70.0,60,100,84,0.0,120.76,1.6331,26.376,500,1.1,0,0.0015181,15.445,7.7301,75273,81737.0,6.5116,298.0,429.99,1.729,10.0,,31,,1.15,0.19096,,,1.3211,0,,0,1,1,37,37,0,37.0,58293.0
70.2,60,100,84,0.0,116.65,17.422,2.6376,500,1.1,0,0.0015176,15.439,7.7642,75409,81883.0,6.5136,297.97,421.63,1.7328,10.0,,31,,1.162,0.19084,,,1.3241,0,,0,1,1,37,37,0,37.0,58960.0
70.4,60,100,84,0.0,111.73,8.8564,0.26376,500,1.1,0,0.0014978,15.476,7.7981,75543,82028.0,6.5155,297.95,413.57,1.7367,10.0,,31,,1.1551,0.1909,,,1.3271,0,,0,1,1,37,37,0,37.0,58626.0
70.6,60,100,84,0.0,106.04,0.27055,0.026376,500,1.1,0,0.0014984,15.468,7.8319,75676,82172.0,6.5126,297.94,408.3,1.7405,10.0,,31,,1.1729,0.19072,,,1.3301,0,,0,1,1,37,37,0,37.0,58124.0
70.8,60,100,84,0.0,101.53,0.081164,11.551,500,1.1,0,0.0015122,15.467,7.8656,75808,82315.0,6.5073,297.95,414.29,1.7444,10.0,,31,,1.1837,0.19061,,,1.333,0,,0,1,1,37,37,0,37.0,58956.0
71.0,60,100,84,0.0,99.138,3.6406,1.1551,500,1.1,0,0.001515,15.471,7.8992,75940,82458.0,6.4995,297.94,409.69,1.7483,10.0,,31,,1.1943,0.1905,,,1.336,0,,0,1,1,37,37,0,37.0,58954.0
71.2,60,100,84,0.0,99.847,1.0922,23.425,500,1.1,0,0.0014986,15.518,7.9325,76072,82600.0,6.4961,297.99,425.69,1.7521,10.0,,31,,1.1843,0.19059,,,1.339,0,,0,1,1,37,37,0,37.0,59284.0
71.4,60,100,84,0.0,101.91,14.401,2.3425,500,1.1,0,0.0015323,15.518,7.9663,76204,82743.0,6.492,297.97,418.34,1.756,10.0,,31,,1.1874,0.19055,,,1.3419,0,,0,1,1,37,37,0,37.0,58282.0
71.6,60,100,84,0.0,105.62,6.4722,0.23425,500,1.1,0,0.0015643,15.502,8.0005,76337,82887.0,6.4909,297.95,412.9,1.76,10.0,,31,,1.2048,0.19038,,,1.345,0,,0,1,1,37,37,0,37.0,59283.0
71.8,60,100,84,0.0,109.78,0.1202,0.023425,500,1.1,0,0.0015486,15.552,8.0346,76471,83032.0,6.4921,297.94,408.83,1.7639,10.0,,31,,1.1937,0.19048,,,1.348,0,,0,1,1,37,37,0,37.0,59616.0
72.0,60,100,84,0.0,113.46,0.03606,11.911,500,1.1,0,0.0015716,15.545,8.0687,76606,83177.0,6.4963,297.96,416.19,1.7679,10.0,1213.0,31,1720.7,1.2081,0.19033,7.9325,19.747,1.3511,0,27.003,0,1,1,37,37,0,37.0,59950.0
72.2,60,100,90,0.0,115.44,4.8783,1.1911,500,1.1,0,0.0016809,15.472,8.1041,76742,83324.0,6.4981,297.96,414.77,1.772,10.0,,30,,1.2521,0.18991,,,1.3542,0,,0,1,1,37,37,0,37.0,59623.0
72.4,60,100,90,0.0,116.71,1.8435,0.11911,500,1.1,0,0.0016529,15.512,8.1393,76878,83472.0,6.5007,297.95,412.52,1.7762,10.0,,30,,1.2555,0.18987,,,1.3574,0,,0,1,1,37,37,0,37.0,61129.0
72.6,60,100,90,0.0,116.96,0.55304,12.846,500,1.1,0,0.0016328,15.54,8.1744,77015,83620.0,6.5016,297.98,422.0,1.7804,10.0,,30,,1.2564,0.18985,,,1.3606,0,,0,1,1,37,37,0,37.0,59967.0
72.8,60,100,90,0.0,116.84,7.7226,1.2846,500,1.1,0,0.0016021,15.586,8.209,77151,83767.0,6.5012,297.96,417.24,1.7845,10.0,,30,,1.2484,0.18992,,,1.3638,0,,0,1,1,37,37,0,37.0,60636.0
73.0,60,100,90,0.0,116.86,2.0911,0.12846,500,1.1,0,0.0015953,15.591,8.2434,77287,83914.0,6.5002,297.95,413.42,1.7885,10.0,,30,,1.2596,0.18981,,,1.3669,0,,0,1,1,37,37,0,37.0,60305.0
73.2,60,100,90,0.0,117.31,0.0001,0.012846,500,1.1,0,0.0016053,15.611,8.2776,77424,84062.0,6.499,297.94,410.33,1.7926,10.0,,30,,1.2624,0.18977,,,1.3701,0,,0,1,1,37,37,0,37.0,61805.0
73.4,60,100,90,0.0,118.23,0.0001,11.225,500,1.1,0,0.0016215,15.628,8.3118,77560,84210.0,6.4989,297.96,418.01,1.7968,10.0,,30,,1.2613,0.18978,,,1.3732,0,,0,1,1,37,37,0,37.0,60973.0
73.6,60,100,90,0.0,119.17,5.1957,1.1225,500,1.1,0,0.001598,15.668,8.3456,77697,84358.0,6.4976,297.95,413.81,1.8009,10.0,,30,,1.2536,0.18984,,,1.3764,0,,0,1,1,37,37,0,37.0,60805.0
73.8,60,100,90,0.0,120.65,0.0001,0.11225,500,1.1,0,0.0016118,15.686,8.3795,77834,84506.0,6.4975,297.94,410.69,1.805,10.0,,30,,1.2551,0.18982,,,1.3796,0,,0,1,1,37,37,0,37.0,61471.0
74.0,60,100,90,0.0,122.17,0.0001,10.788,500,1.1,0,0.0016224,15.719,8.4134,77972,84654.0,6.4963,297.96,417.41,1.8091,10.0,,30,,1.2474,0.18988,,,1.3827,0,,0,1,1,37,37,0,37.0,61304.0
74.2,60,100,90,0.0,124.19,4.2873,1.0788,500,1.1,0,0.0016429,15.736,8.4476,78109,84803.0,6.4962,297.95,414.07,1.8132,10.0,,30,,1.2448,0.1899,,,1.3859,0,,0,1,1,37,37,0,37.0,62138.0
74.4,60,100,90,0.0,126.21,0.0001,0.10788,500,1.1,0,0.0016355,15.772,8.4816,78247,84953.0,6.5,297.95,410.87,1.8174,10.0,,30,,1.2396,0.18994,,,1.3891,0,,0,1,1,37,37,0,37.0,61804.0
74.6,60,100,90,0.0,126.72,0.0001,11.335,500,1.1,0,0.0016306,15.807,8.515,78386,85102.0,6.5033,297.96,417.71,1.8215,10.0,,30,,1.2332,0.18999,,,1.3923,0,,0,1,1,37,37,0,37.0,61301.0
74.8,60,100,90,0.0,125.93,4.3953,1.1335,500,1.1,0,0.00166,15.789,8.5485,78524,85252.0,6.5044,297.96,414.9,1.8257,10.0,,30,,1.2488,0.18984,,,1.3955,0,,0,1,1,37,37,0,37.0,61798.0
75.0,60,100,90,0.0,124.69,0.27326,0.11335,500,1.1,0,0.0016436,15.826,8.5821,78662,85401.0,6.505,297.95,412.35,1.8299,10.0,,30,,1.2449,0.18987,,,1.3987,0,,0,1,1,37,37,0,37.0,61962.0
75.2,60,100,90,0.0,123.21,0.081977,10.625,100,1.1,0,0.0016351,15.069,8.6242,78719,85470.0,6.5088,298.05,451.13,1.8341,10.0,,30,,1.5466,0.187,,,1.4019,0,,0,1,1,37,37,0,37.0,62997.0
75.4,60,100,90,0.0,120.19,34.263,1.0625,100,1.1,0,0.0016119,15.071,8.6659,78776,85538.0,6.5127,298.1,466.88,1.8382,10.0,,30,,1.5855,0.18663,,,1.4051,0,,0,1,1,37,37,0,37.0,63362.0
75.6,60,100,90,0.0,115.62,50.113,0.10625,100,1.1,0,0.0016234,15.034,8.7079,78832,85605.0,6.5136,298.12,476.25,1.8424,10.0,,30,,1.6033,0.18645,,,1.4083,0,,0,1,1,37,37,0,37.0,62730.0
75.8,60,100,90,0.0,110.71,62.082,0.010625,100,1.1,0,0.0016275,14.976,8.75,78887,85671.0,6.5111,298.13,480.82,1.8465,10.0,,30,,1.6335,0.18615,,,1.4115,0,,0,1,1,37,37,0,37.0,63097.0
76.0,60,100,90,0.0,106.8,70.678,0.0010625,100,1.1,0,0.001671,14.926,8.7919,78941,85737.0,6.5081,298.14,483.48,1.8507,10.0,,30,,1.6514,0.18598,,,1.4147,0,,0,1,1,37,37,0,37.0,62464.0
76.2,60,100,116,0.0,104.09,78.049,0.00010625,100,1.1,0,0.0022917,14.474,8.8333,79000,85808.0,6.4944,298.18,498.97,1.8557,10.0,,29,,1.8304,0.18426,,,1.4186,0,,0,1,1,37,37,0,37.0,63495.0
76.4,60,100,116,0.0,106.87,97.606,0.0001,100,1.1,0,0.0023394,14.4,8.8744,79059,85881.0,6.4809,298.2,507.09,1.8613,10.0,,29,,1.8904,0.18367,,,1.4229,0,,0,1,1,37,37,0,37.0,63024.0
76.6,60,100,116,0.0,115.04,111.63,0.0001,100,1.1,0,0.0023741,14.377,8.9149,79120,85955.0,6.4737,298.21,509.76,1.867,10.0,,29,,1.9025,0.18355,,,1.4272,0,,0,1,1,37,37,0,37.0,63551.0
76.8,60,100,116,0.0,126.07,121.58,0.0001,100,1.1,0,0.0023433,14.401,8.9554,79183,86031.0,6.4734,298.2,507.03,1.8727,10.0,,29,,1.8908,0.18365,,,1.4316,0,,0,1,1,37,37,0,37.0,64744.0
77.0,60,100,116,0.0,137.2,126.92,0.0001,100,1.1,0,0.0023381,14.417,8.9958,79248,86110.0,6.4769,298.19,500.31,1.8784,10.0,,29,,1.877,0.18377,,,1.436,0,,0,1,1,37,37,0,37.0,64937.0
77.2,60,100,116,0.0,146.96,128.42,0.0001,100,1.1,0,0.0023459,14.384,9.036,79316,86190.0,6.483,298.17,492.58,1.8841,10.0,,29,,1.8917,0.18362,,,1.4404,0,,0,1,1,37,37,0,37.0,64295.0
77.4,60,100,116,0.0,154.29,128.39,0.0001,100,1.1,0,0.0023389,14.374,9.0763,79384,86272.0,6.4891,298.15,485.07,1.8898,10.0,,29,,1.8924,0.1836,,,1.4448,0,,0,1,1,37,37,0,37.0,65654.0
77.6,60,100,116,0.0,159.16,127.83,0.0001,100,1.1,0,0.0023489,14.334,9.1165,79454,86355.0,6.493,298.12,476.85,1.8956,10.0,,29,,1.908,0.18344,,,1.4492,0,,0,1,1,37,37,0,37.0,65179.0
77.8,60,100,116,0.0,162.49,125.85,0.0001,100,1.1,0,0.002339,14.325,9.1564,79525,86439.0,6.4964,298.11,471.19,1.9014,10.0,,29,,1.909,0.18342,,,1.4537,0,,0,1,1,37,37,0,37.0,65202.0
78.0,60,100,116,0.0,164.46,125.43,0.0001,100,1.1,0,0.0023361,14.306,9.1961,79595,86523.0,6.5002,298.1,466.44,1.9072,10.0,,29,,1.9167,0.18334,,,1.4582,0,,0,1,1,37,37,0,37.0,64392.0
78.2,60,100,116,0.0,164.9,125.24,0.0001,100,1.1,0,0.0023773,14.26,9.2357,79666,86608.0,6.5033,298.09,463.37,1.9131,10.0,,29,,1.9302,0.1832,,,1.4627,0,,0,1,1,37,37,0,37.0,65580.0
78.4,60,100,116,0.0,164.11,126.09,0.0001,100,1.1,0,0.002389,14.22,9.2751,79737,86692.0,6.506,298.09,463.58,1.919,10.0,,29,,1.9454,0.18304,,,1.4672,0,,0,1,1,37,37,0,37.0,66101.0
78.6,60,100,116,0.0,162.21,129.63,0.0001,100,1.1,0,0.0024519,14.14,9.314,79807,86776.0,6.5069,298.09,462.91,1.925,10.0,,29,,1.9808,0.18269,,,1.4719,0,,0,1,1,37,37,0,37.0,66120.0
78.8,60,100,116,0.0,159.99,132.3,0.0001,100,1.1,0,0.0024568,14.112,9.3528,79877,86860.0,6.5071,298.08,459.59,1.9311,10.0,,29,,1.9933,0.18256,,,1.4765,0,,0,1,1,37,37,0,37.0,65971.0
79.0,60,100,116,0.0,157.67,132.5,0.0001,100,1.1,0,0.0024432,14.082,9.3919,79947,86943.0,6.5072,298.07,456.31,1.9372,10.0,,29,,2.0056,0.18243,,,1.4812,0,,0,1,1,37,37,0,37.0,66657.0
79.2,60,100,116,0.0,155.32,132.46,0.0001,100,1.1,0,0.0023258,14.139,9.4321,80016,87025.0,6.5081,298.05,449.87,1.9432,10.0,,29,,1.981,0.18265,,,1.4858,0,,0,1,1,37,37,0,37.0,66349.0
79.4,60,100,116,0.0,152.59,129.22,0.0001,100,1.1,0,0.0023695,14.058,9.4722,80084,87108.0,6.5061,298.04,446.57,1.9491,10.0,,29,,2.0088,0.18238,,,1.4904,0,,0,1,1,37,37,0,37.0,66207.0
79.6,60,100,116,0.0,150.69,128.27,0.0001,100,1.1,0,0.0023749,14.008,9.5126,80152,87189.0,6.5031,298.04,445.23,1.9551,10.0,,29,,2.0318,0.18215,,,1.495,0,,0,1,1,37,37,0,37.0,66900.0
79.8,60,100,116,0.0,149.98,128.72,0.0001,100,1.1,0,0.0023531,13.988,9.5531,80220,87271.0,6.4998,298.03,442.72,1.9612,10.0,,29,,2.0402,0.18205,,,1.4997,0,,0,1,1,37,37,0,37.0,67426.0
80.0,60,100,116,0.0,150.56,127.93,0.0001,100,1.1,0,0.0023636,13.957,9.5938,80288,87353.0,6.4978,298.03,441.2,1.9672,10.0,,29,,2.0489,0.18196,,,1.5043,0,,0,1,1,37,37,0,37.0,67120.0
80.2,60,100,90,0.0,151.96,127.82,0.0001,100,1.1,0,0.001451,14.727,9.6333,80351,87427.0,6.5101,297.95,412.21,1.9721,10.0,,23,,1.7822,0.1845,,,1.5081,0,,0,1,1,37,37,0,37.0,66808.0
80.4,60,100,90,0.0,148.39,102.58,0.0001,100,1.1,0,0.0014379,14.717,9.6729,80413,87500.0,6.5194,297.91,395.25,1.9762,10.0,,23,,1.7388,0.18491,,,1.5112,0,,0,1,1,37,37,0,37.0,67664.0
80.6,60,100,90,0.0,141.16,30.775,115.37,100,1.1,0,0.0014252,14.707,9.7123,80474,87572.0,6.5242,298.21,511.8,1.9802,10.0,,23,,1.732,0.18496,,,1.5143,0,,0,1,1,37,37,0,37.0,67185.0
80.8,60,100,90,0.0,132.01,133.39,11.537,100,1.1,0,0.0014373,14.673,9.7521,80533,87642.0,6.5238,298.17,495.01,1.9842,10.0,,23,,1.736,0.18492,,,1.5174,0,,0,1,1,37,37,0,37.0,67208.0
81.0,60,100,90,0.0,123.04,123.9,1.1537,100,1.1,0,0.0014387,14.612,9.7919,80591,87710.0,6.5218,298.11,471.37,1.9882,10.0,,23,,1.7645,0.18464,,,1.5205,0,,0,1,1,37,37,0,37.0,68731.0
81.2,60,100,90,0.0,114.83,109.19,0.11537,100,1.1,0,0.0014107,14.615,9.8314,80646,87776.0,6.5153,298.06,454.81,1.9922,10.0,,23,,1.7651,0.18463,,,1.5235,0,,0,1,1,37,37,0,37.0,68252.0
81.4,60,100,90,0.0,109.26,98.712,0.011537,100,1.1,0,0.0013897,14.588,9.871,80701,87842.0,6.5084,298.03,442.14,1.9961,10.0,,23,,1.779,0.18449,,,1.5265,0,,0,1,1,37,37,0,37.0,67774.0
81.6,60,100,90,0.0,106.42,89.996,0.0011537,100,1.1,0,0.0014165,14.542,9.9109,80755,87906.0,6.4978,298.01,435.23,2.0,10.0,,23,,1.792,0.18436,,,1.5296,0,,0,1,1,37,37,0,37.0,68465.0
81.8,60,100,90,0.0,107.85,85.175,0.00011537,100,1.1,0,0.0014297,14.531,9.9508,80809,87971.0,6.4907,298.0,430.93,2.004,10.0,,23,,1.7904,0.18436,,,1.5326,0,,0,1,1,37,37,0,37.0,68655.0
82.0,60,100,90,0.0,112.09,81.924,0.0001,100,1.1,0,0.0014277,14.526,9.9909,80864,88038.0,6.4891,297.99,426.47,2.0081,10.0,,23,,1.785,0.18441,,,1.5357,0,,0,1,1,37,37,0,37.0,69012.0
82.2,60,100,90,0.0,116.97,78.05,0.0001,100,1.1,0,0.0014155,14.539,10.031,80920,88105.0,6.4896,297.98,423.38,2.0121,10.0,,23,,1.7759,0.18449,,,1.5388,0,,0,1,1,37,37,0,37.0,68869.0
82.4,60,100,90,0.0,121.64,74.984,0.0001,100,1.1,0,0.0013923,14.567,10.07,80977,88172.0,6.4918,297.97,419.9,2.016,10.0,,23,,1.7573,0.18466,,,1.5419,0,,0,1,1,37,37,0,37.0,69057.0
82.6,60,100,90,0.0,125.41,71.243,0.0001,100,1.1,0,0.0013887,14.554,10.11,81035,88241.0,6.495,297.97,418.0,2.02,10.0,,23,,1.7606,0.18462,,,1.5449,0,,0,1,1,37,37,0,37.0,69912.0
82.8,60,100,90,0.0,127.92,68.586,0.0001,100,1.1,0,0.0013907,14.554,10.149,81093,88310.0,6.4979,297.96,416.01,2.0239,10.0,,23,,1.7544,0.18467,,,1.5479,0,,0,1,1,37,37,0,37.0,69600.0
83.0,60,100,90,0.0,129.28,65.642,0.0001,100,1.1,0,0.0013501,14.583,10.188,81151,88379.0,6.5005,297.96,413.79,2.0278,10.0,,23,,1.7422,0.18478,,,1.5509,0,,0,1,1,37,37,0,37.0,69951.0
83.2,60,100,90,0.0,129.62,62.292,0.0001,100,1.1,0,0.0013552,14.581,10.227,81210,88449.0,6.5034,297.95,411.44,2.0316,10.0,,23,,1.7359,0.18483,,,1.5538,0,,0,1,1,37,37,0,37.0,70803.0
83.4,60,100,90,0.0,128.77,58.618,0.0001,100,1.1,0,0.0013285,14.588,10.265,81268,88518.0,6.5066,297.94,408.77,2.0354,10.0,,23,,1.7317,0.18486,,,1.5568,0,,0,1,1,37,37,0,37.0,70320.0
83.6,60,100,90,0.0,126.65,17.585,70.355,100,1.1,0,0.0013281,14.58,10.304,81326,88586.0,6.5092,298.15,486.56,2.0391,10.0,,23,,1.7298,0.18487,,,1.5596,0,,0,1,1,37,37,0,37.0,70338.0
83.8,60,100,90,0.0,123.47,85.309,7.0355,100,1.1,0,0.00132,14.556,10.343,81383,88654.0,6.5137,298.13,479.79,2.0428,10.0,,23,,1.7402,0.18477,,,1.5625,0,,0,1,1,37,37,0,37.0,70021.0
84.0,60,100,90,0.0,118.51,83.21,0.70355,100,1.1,0,0.0013117,14.536,10.381,81440,88721.0,6.5183,298.1,468.48,2.0465,10.0,1265.0,23,1680.9,1.748,0.18469,10.227,21.548,1.5653,0,28.393,0,1,1,37,37,0,37.0,71206.0
84.2,60,100,90,0.0,111.7,78.042,0.070355,100,1.1,0,0.0012941,14.52,10.42,81495,88787.0,6.519,298.08,459.52,2.0502,10.0,,23,,1.7522,0.18464,,,1.5682,0,,0,1,1,37,37,0,37.0,70558.0
84.4,60,100,90,0.0,104.64,73.966,0.0070355,100,1.1,0,0.0012958,14.501,10.46,81548,88851.0,6.5192,298.06,452.95,2.0538,10.0,,23,,1.7521,0.18463,,,1.571,0,,0,1,1,37,37,0,37.0,70912.0
84.6,60,100,90,0.0,97.477,71.123,0.00070355,100,1.1,0,0.0013041,14.477,10.499,81600,88914.0,6.5171,298.04,447.49,2.0575,10.0,,23,,1.7501,0.18465,,,1.5738,0,,0,1,1,37,37,0,37.0,71767.0
84.8,60,100,90,0.0,91.149,68.591,0.0001,100,1.1,0,0.0012342,14.516,10.538,81651,88975.0,6.5132,298.03,443.56,2.0611,10.0,,23,,1.7358,0.18478,,,1.5766,0,,0,1,1,37,37,0,37.0,71952.0
85.0,60,100,90,0.0,86.401,66.874,0.0001,100,1.1,0,0.0012629,14.455,10.577,81701,89035.0,6.5073,298.03,442.76,2.0647,10.0,,23,,1.754,0.1846,,,1.5793,0,,0,1,1,37,37,0,37.0,71640.0
85.2,60,100,90,0.0,84.022,67.537,0.0001,100,1.1,0,0.0013078,14.374,10.618,81750,89095.0,6.4985,298.03,442.61,2.0683,10.0,,23,,1.7868,0.18428,,,1.5821,0,,0,1,1,37,37,0,37.0,71499.0
85.4,60,100,90,0.0,85.152,68.644,0.0001,100,1.1,0,0.001295,14.391,10.658,81800,89156.0,6.4917,298.03,442.21,2.072,10.0,,23,,1.7762,0.18437,,,1.585,0,,0,1,1,37,37,0,37.0,73192.0
85.6,60,100,90,0.0,88.995,69.5,0.0001,100,1.1,0,0.001265,14.417,10.699,81850,89217.0,6.4896,298.03,440.04,2.0757,10.0,,23,,1.7617,0.1845,,,1.5878,0,,0,1,1,37,37,0,37.0,72718.0
85.8,60,100,90,0.0,93.666,68.748,0.0001,100,1.1,0,0.0012996,14.36,10.74,81901,89279.0,6.4903,298.03,439.89,2.0793,10.0,,23,,1.7802,0.18432,,,1.5906,0,,0,1,1,37,37,0,37.0,72914.0
86.0,60,100,90,0.0,98.04,69.625,0.0001,100,1.1,0,0.001307,14.343,10.781,81953,89342.0,6.4909,298.02,439.05,2.083,10.0,,23,,1.7896,0.18422,,,1.5935,0,,0,1,1,37,37,0,37.0,73277.0
86.2,60,100,90,0.0,102.22,69.826,0.0001,100,1.1,0,0.0012961,14.333,10.822,82006,89406.0,6.4925,298.02,439.55,2.0867,10.0,,23,,1.7967,0.18415,,,1.5963,0,,0,1,1,37,37,0,37.0,72972.0
86.4,60,100,90,0.0,105.73,71.157,0.0001,100,1.1,0,0.001314,14.308,10.863,82060,89470.0,6.4958,298.03,440.95,2.0905,10.0,,23,,1.8022,0.18409,,,1.5992,0,,0,1,1,37,37,0,37.0,72502.0
86.6,60,100,90,0.0,107.93,73.301,0.0001,100,1.1,0,0.0013261,14.263,10.904,82114,89535.0,6.4992,298.03,442.53,2.0942,10.0,,23,,1.8215,0.1839,,,1.6021,0,,0,1,1,37,37,0,37.0,72866.0
86.8,60,100,90,0.0,108.78,75.733,0.0001,100,1.1,0,0.0013148,14.269,10.946,82168,89600.0,6.5017,298.03,442.63,2.098,10.0,,23,,1.8187,0.18392,,,1.605,0,,0,1,1,37,37,0,37.0,73063.0
87.0,60,100,90,0.0,108.64,76.995,0.0001,100,1.1,0,0.0013014,14.268,10.987,82223,89666.0,6.5032,298.03,442.27,2.1018,10.0,,23,,1.8207,0.18389,,,1.6079,0,,0,1,1,37,37,0,37.0,72926.0
87.2,60,100,90,0.0,107.88,77.883,0.0001,100,1.1,0,0.0012691,14.285,11.028,82277,89731.0,6.5064,298.03,440.2,2.1054,10.0,,23,,1.812,0.18397,,,1.6107,0,,0,1,1,37,37,0,37.0,74120.0
87.4,60,100,90,0.0,105.82,77.241,0.0001,100,1.1,0,0.0012733,14.251,11.069,82330,89795.0,6.5081,298.02,438.32,2.1091,10.0,,23,,1.8242,0.18384,,,1.6135,0,,0,1,1,37,37,0,37.0,74149.0
87.6,60,100,90,0.0,103.12,76.597,0.0001,100,1.1,0,0.0012574,14.256,11.11,82384,89859.0,6.5097,298.01,434.34,2.1127,10.0,,23,,1.8171,0.1839,,,1.6163,0,,0,1,1,37,37,0,37.0,73679.0
87.8,60,100,90,0.0,99.745,73.91,0.0001,100,1.1,0,0.0012525,14.248,11.151,82436,89922.0,6.5086,298.0,431.3,2.1163,10.0,,23,,1.8145,0.18392,,,1.6191,0,,0,1,1,37,37,0,37.0,74375.0
88.0,60,100,90,0.0,96.847,71.715,0.0001,100,1.1,0,0.0012712,14.201,11.192,82488,89985.0,6.5057,298.0,430.46,2.1199,10.0,,23,,1.8289,0.18378,,,1.6219,0,,0,1,1,37,37,0,37.0,75072.0
88.2,60,100,90,0.0,95.101,71.157,0.0001,100,1.1,0,0.0012755,14.185,11.234,82539,90047.0,6.5029,298.0,429.33,2.1236,10.0,,23,,1.8334,0.18373,,,1.6247,0,,0,1,1,37,37,0,37.0,74604.0
88.4,60,100,90,0.0,94.48,70.22,0.0001,100,1.1,0,0.0012882,14.139,11.275,82591,90110.0,6.4971,298.0,429.74,2.1273,10.0,,23,,1.8516,0.18355,,,1.6275,0,,0,1,1,37,37,0,37.0,74469.0
88.6,60,100,90,0.0,96.187,70.534,0.0001,100,1.1,0,0.0012924,14.127,11.317,82642,90172.0,6.4966,298.0,428.78,2.131,10.0,,23,,1.8584,0.18348,,,1.6304,0,,0,1,1,37,37,0,37.0,75333.0
88.8,60,100,90,0.0,98.048,69.658,0.0001,100,1.1,0,0.0012616,14.13,11.358,82695,90235.0,6.497,297.99,426.56,2.1346,10.0,,23,,1.8628,0.18343,,,1.6332,0,,0,1,1,37,37,0,37.0,76028.0
89.0,60,100,90,0.0,99.776,67.597,0.0001,100,1.1,0,0.0012676,14.094,11.398,82747,90299.0,6.497,297.99,424.85,2.1383,10.0,,23,,1.879,0.18327,,,1.636,0,,0,1,1,37,37,0,37.0,75056.0
89.2,60,100,90,0.0,101.49,65.811,0.0001,100,1.1,0,0.001261,14.106,11.439,82800,90363.0,6.501,297.98,423.28,2.1419,10.0,,23,,1.8709,0.18334,,,1.6388,0,,0,1,1,37,37,0,37.0,76083.0
89.4,60,100,90,0.0,101.58,63.965,0.0001,100,1.1,0,0.0012592,14.11,11.48,82853,90426.0,6.5024,297.98,421.67,2.1456,10.0,,23,,1.8592,0.18344,,,1.6416,0,,0,1,1,37,37,0,37.0,75444.0
89.6,60,100,90,0.0,101.15,61.934,0.0001,100,1.1,0,0.0012353,14.122,11.52,82905,90490.0,6.5038,297.97,420.2,2.1492,10.0,,23,,1.8512,0.18351,,,1.6444,0,,0,1,1,37,37,0,37.0,76635.0
89.8,60,100,90,0.0,100.16,59.874,0.0001,100,1.1,0,0.0012095,14.139,11.56,82958,90553.0,6.506,297.97,418.86,2.1527,10.0,,23,,1.8413,0.1836,,,1.6471,0,,0,1,1,37,37,0,37.0,76326.0
90.0,60,100,90,0.0,98.27,57.789,0.0001,100,1.1,0,0.001201,14.141,11.6,83010,90616.0,6.5052,297.97,416.57,2.1562,10.0,,23,,1.8352,0.18365,,,1.6498,0,,0,1,1,37,37,0,37.0,75683.0
90.2,75,100,90,0.0,96.705,54.739,0.0001,100,1.1,0,0.0011848,14.565,11.64,83062,90678.0,6.5056,297.96,414.57,1.7618,10.0,,23,,1.7374,0.18863,,,1.6829,0,,0,1,1,37,37,0,37.0,76707.0
90.4,75,100,90,0.0,94.968,51.747,0.0001,100,1.1,0,0.0011762,14.575,11.68,83113,90741.0,6.5072,297.96,412.7,1.7392,10.0,,23,,1.6519,0.18932,,,1.6613,0,,0,1,1,37,37,0,37.0,76564.0
90.6,75,100,90,0.0,92.615,48.67,0.0001,100,1.1,0,0.0011478,14.584,11.719,83164,90802.0,6.5104,297.95,410.37,1.7401,10.0,,23,,1.6364,0.18943,,,1.6622,0,,0,1,1,37,37,0,37.0,77586.0
90.8,75,100,90,0.0,88.981,45.017,0.0001,100,1.1,0,0.0011662,14.552,11.76,83214,90863.0,6.5084,297.95,410.73,1.7427,10.0,,23,,1.6392,0.18941,,,1.6646,0,,0,1,1,37,37,0,37.0,76945.0
91.0,75,100,90,0.0,86.14,43.501,0.0001,100,1.1,0,0.0011839,14.508,11.801,83264,90924.0,6.5061,297.96,413.54,1.7454,10.0,,23,,1.6507,0.18932,,,1.6672,0,,0,1,1,37,37,0,37.0,76974.0
91.2,75,100,90,0.0,84.221,44.11,0.0001,100,1.1,0,0.0011509,14.527,11.841,83313,90983.0,6.5038,297.96,415.48,1.7481,10.0,,23,,1.6427,0.18937,,,1.6698,0,,0,1,1,37,37,0,37.0,78835.0
91.4,75,100,90,0.0,83.217,44.173,0.0001,100,1.1,0,0.0011653,14.492,11.883,83362,91043.0,6.5,297.97,418.28,1.7508,10.0,,23,,1.6546,0.18928,,,1.6724,0,,0,1,1,37,37,0,37.0,78197.0
91.6,75,100,90,0.0,83.735,45.195,0.0001,100,1.1,0,0.0011578,14.481,11.923,83412,91103.0,6.498,297.97,420.11,1.7535,10.0,,23,,1.662,0.18922,,,1.675,0,,0,1,1,37,37,0,37.0,78893.0
91.8,75,100,90,0.0,85.054,45.616,0.0001,100,1.1,0,0.0011344,14.488,11.964,83461,91163.0,6.4979,297.98,420.35,1.7562,10.0,,23,,1.6624,0.18921,,,1.6776,0,,0,1,1,37,37,0,37.0,78920.0
92.0,75,100,90,0.0,86.413,44.839,0.0001,100,1.1,0,0.0011569,14.445,12.005,83511,91224.0,6.4972,297.98,422.45,1.7589,10.0,,23,,1.6767,0.18909,,,1.6802,0,,0,1,1,37,37,0,37.0,78617.0
92.2,75,100,90,0.0,88.071,45.739,0.0001,100,1.1,0,0.001164,14.405,12.047,83561,91285.0,6.4983,297.99,424.27,1.7616,10.0,,23,,1.7036,0.18888,,,1.6828,0,,0,1,1,37,37,0,37.0,79481.0
92.4,75,100,90,0.0,89.284,46.552,0.0001,100,1.1,0,0.0011604,14.403,12.088,83611,91346.0,6.4983,297.99,425.55,1.7644,10.0,,23,,1.7007,0.1889,,,1.6854,0,,0,1,1,37,37,0,37.0,79679.0
92.6,75,100,90,0.0,90.484,47.078,0.0001,100,1.1,0,0.0011643,14.371,12.13,83661,91407.0,6.4964,297.99,427.02,1.7671,10.0,,23,,1.7174,0.18877,,,1.6881,0,,0,1,1,37,37,0,37.0,78879.0
92.8,75,100,90,0.0,92.468,47.892,0.0001,100,1.1,0,0.0011632,14.373,12.172,83712,91469.0,6.4953,297.99,427.13,1.7699,10.0,,23,,1.7102,0.18882,,,1.6907,0,,0,1,1,37,37,0,37.0,79245.0
93.0,75,100,90,0.0,94.866,47.669,0.0001,100,1.1,0,0.0011307,14.424,12.213,83764,91531.0,6.4966,297.99,424.83,1.7726,10.0,,23,,1.6736,0.18909,,,1.6933,0,,0,1,1,37,37,0,37.0,79941.0
93.2,75,100,90,0.0,96.732,45.381,0.0001,100,1.1,0,0.0010952,14.452,12.253,83815,91594.0,6.4994,297.98,422.96,1.7752,10.0,,23,,1.6603,0.18919,,,1.6959,0,,0,1,1,37,37,0,37.0,80800.0
93.4,75,100,90,0.0,97.468,43.296,0.0001,100,1.1,0,0.0010953,14.448,12.294,83867,91656.0,6.504,297.98,420.68,1.7778,10.0,,23,,1.6528,0.18924,,,1.6984,0,,0,1,1,37,37,0,37.0,79996.0
93.6,75,100,90,0.0,96.371,40.678,0.0001,100,1.1,0,0.0010784,14.479,12.335,83919,91719.0,6.5083,297.97,418.95,1.7804,10.0,,23,,1.624,0.18945,,,1.7008,0,,0,1,1,37,37,0,37.0,80190.0
93.8,75,100,90,0.0,93.561,38.328,0.0001,100,1.1,0,0.0010873,14.44,12.376,83970,91780.0,6.5111,297.97,418.2,1.783,10.0,,23,,1.643,0.1893,,,1.7033,0,,0,1,1,37,37,0,37.0,79885.0
94.0,75,100,90,0.0,89.664,36.652,0.0001,100,1.1,0,0.0011119,14.401,12.418,84020,91841.0,6.5138,297.98,420.48,1.7856,10.0,,23,,1.652,0.18923,,,1.7058,0,,0,1,1,37,37,0,37.0,80251.0
94.2,75,100,90,0.0,84.654,37.509,0.0001,100,1.1,0,0.0011146,14.376,12.459,84070,91901.0,6.5178,297.98,423.33,1.7882,10.0,,23,,1.6612,0.18915,,,1.7083,0,,0,1,1,37,37,0,37.0,80283.0
94.4,75,100,90,0.0,78.05,39.017,0.0001,100,1.1,0,0.0010843,14.37,12.5,84118,91960.0,6.5202,297.99,425.06,1.7908,10.0,,23,,1.673,0.18906,,,1.7108,0,,0,1,1,37,37,0,37.0,80145.0
94.6,75,100,90,0.0,70.491,39.817,0.0001,100,1.1,0,0.0010742,14.343,12.541,84164,92017.0,6.517,297.99,426.92,1.7933,10.0,,23,,1.6867,0.18895,,,1.7133,0,,0,1,1,37,37,0,37.0,80340.0
94.8,75,100,90,0.0,64.236,40.908,0.0001,100,1.1,0,0.001062,14.334,12.582,84209,92073.0,6.5118,298.0,428.32,1.7959,10.0,,23,,1.6898,0.18892,,,1.7157,0,,0,1,1,37,37,0,37.0,81536.0
95.0,75,100,90,0.0,60.032,41.777,0.0001,100,1.1,0,0.0010691,14.325,12.623,84254,92128.0,6.5036,298.0,429.68,1.7984,10.0,,23,,1.6828,0.18897,,,1.7181,0,,0,1,1,37,37,0,37.0,80731.0
95.2,75,100,90,0.0,59.14,42.746,0.0001,100,1.1,0,0.0010159,14.363,12.663,84298,92183.0,6.4976,298.0,429.56,1.8008,10.0,,23,,1.6691,0.18907,,,1.7205,0,,0,1,1,37,37,0,37.0,81089.0
95.4,75,100,90,0.0,60.619,42.569,0.0001,100,1.1,0,0.001026,14.352,12.703,84342,92238.0,6.4944,298.0,429.77,1.8033,10.0,,23,,1.6613,0.18913,,,1.7228,0,,0,1,1,37,37,0,37.0,82447.0
95.6,75,100,90,0.0,63.387,42.692,0.0001,100,1.1,0,0.0010028,14.377,12.743,84387,92293.0,6.4933,298.0,428.73,1.8057,10.0,,23,,1.6455,0.18924,,,1.7251,0,,0,1,1,37,37,0,37.0,81803.0
95.8,75,100,90,0.0,66.571,41.747,0.0001,100,1.1,0,0.0010036,14.368,12.783,84433,92349.0,6.496,297.99,427.35,1.8081,10.0,,23,,1.6469,0.18922,,,1.7274,0,,0,1,1,37,37,0,37.0,83159.0
96.0,75,100,90,0.0,68.677,40.443,0.0001,100,1.1,0,0.0010084,14.368,12.822,84479,92406.0,6.499,297.99,426.82,1.8105,10.0,1285.3,23,1659.9,1.6419,0.18926,12.663,23.015,1.7297,0,37.57,0,1,1,37,37,0,37.0,82013.0
96.2,75,100,90,0.0,69.588,39.743,0.0001,100,1.1,0,0.00099822,14.37,12.862,84525,92462.0,6.5011,297.99,426.57,1.8129,10.0,,23,,1.6385,0.18928,,,1.732,0,,0,1,1,37,37,0,37.0,82367.0
96.4,75,100,90,0.0,69.671,39.226,0.0001,100,1.1,0,0.00097931,14.401,12.9,84571,92519.0,6.5049,297.99,425.51,1.8152,10.0,,23,,1.617,0.18944,,,1.7343,0,,0,1,1,37,37,0,37.0,83385.0
96.6,75,100,90,0.0,68.218,37.974,0.0001,100,1.1,0,0.00098261,14.365,12.939,84617,92575.0,6.5072,297.99,425.77,1.8175,10.0,,23,,1.6352,0.18929,,,1.7365,0,,0,1,1,37,37,0,37.0,82904.0
96.8,75,100,90,0.0,65.866,37.779,0.0001,100,1.1,0,0.00096018,14.392,12.978,84663,92631.0,6.509,297.99,426.12,1.8198,10.0,,23,,1.6163,0.18943,,,1.7387,0,,0,1,1,37,37,0,37.0,83754.0
97.0,75,100,90,0.0,62.784,37.66,0.0001,100,1.1,0,0.00092899,14.42,13.016,84708,92686.0,6.5076,297.99,425.55,1.8221,10.0,,23,,1.5995,0.18956,,,1.7409,0,,0,1,1,37,37,0,37.0,82771.0
97.2,75,100,90,0.0,60.279,36.784,0.0001,100,1.1,0,0.00094745,14.385,13.055,84752,92741.0,6.5039,297.99,425.85,1.8243,10.0,,23,,1.6032,0.18952,,,1.743,0,,0,1,1,37,37,0,37.0,83289.0
97.4,75,100,90,0.0,59.258,36.611,0.0001,100,1.1,0,0.00092907,14.409,13.094,84796,92795.0,6.4995,297.99,425.44,1.8265,10.0,,23,,1.5819,0.18968,,,1.7452,0,,0,1,1,37,37,0,37.0,84472.0
97.6,75,100,90,0.0,59.987,35.847,0.0001,100,1.1,0,0.00095106,14.383,13.133,84840,92849.0,6.4938,297.99,426.09,1.8288,10.0,,23,,1.5816,0.18968,,,1.7473,0,,0,1,1,37,37,0,37.0,84159.0
97.8,75,100,90,0.0,63.0,35.97,0.0001,100,1.1,0,0.00094326,14.381,13.172,84885,92905.0,6.4927,297.99,425.78,1.831,10.0,,23,,1.5836,0.18966,,,1.7495,0,,0,1,1,37,37,0,37.0,84680.0
98.0,75,100,90,0.0,66.419,35.305,0.0001,100,1.1,0,0.00091448,14.436,13.211,84931,92960.0,6.4956,297.98,423.97,1.8332,10.0,,23,,1.5492,0.18991,,,1.7516,0,,0,1,1,37,37,0,37.0,84030.0
98.2,75,100,90,0.0,68.686,33.352,0.0001,100,1.1,0,0.00093287,14.398,13.25,84977,93017.0,6.4997,297.98,423.36,1.8354,10.0,,23,,1.5614,0.18982,,,1.7537,0,,0,1,1,37,37,0,37.0,85217.0
98.4,75,100,90,0.0,69.326,32.281,0.0001,100,1.1,0,0.00095981,14.341,13.29,85023,93073.0,6.505,297.98,423.83,1.8376,10.0,,23,,1.5921,0.18958,,,1.7558,0,,0,1,1,37,37,0,37.0,84407.0
98.6,75,100,90,0.0,67.842,32.056,0.0001,100,1.1,0,0.0009436,14.372,13.329,85069,93129.0,6.5114,297.98,423.4,1.8399,10.0,,23,,1.5728,0.18972,,,1.758,0,,0,1,1,37,37,0,37.0,84928.0
98.8,75,100,90,0.0,63.803,31.082,0.0001,100,1.1,0,0.00096832,14.316,13.369,85114,93185.0,6.5147,297.99,424.96,1.8421,10.0,,23,,1.5939,0.18956,,,1.7601,0,,0,1,1,37,37,0,37.0,84785.0
99.0,75,100,90,0.0,58.449,31.791,0.0001,100,1.1,0,0.0009856,14.272,13.41,85158,93239.0,6.5118,297.99,427.73,1.8444,10.0,,23,,1.608,0.18945,,,1.7623,0,,0,1,1,37,37,0,37.0,85978.0
99.2,75,100,90,0.0,54.262,33.631,0.0001,100,1.1,0,0.0009802,14.254,13.45,85201,93293.0,6.5038,298.0,429.68,1.8467,10.0,,23,,1.6179,0.18937,,,1.7645,0,,0,1,1,37,37,0,37.0,85170.0
99.4,75,100,90,0.0,53.285,35.005,0.0001,100,1.1,0,0.001003,14.202,13.491,85244,93346.0,6.4957,298.0,432.04,1.849,10.0,,23,,1.64,0.1892,,,1.7667,0,,0,1,1,37,37,0,37.0,85365.0
99.6,75,100,90,0.0,55.54,36.928,0.0001,100,1.1,0,0.00098801,14.196,13.531,85287,93400.0,6.4901,298.01,433.57,1.8513,10.0,,23,,1.6541,0.18909,,,1.769,0,,0,1,1,37,37,0,37.0,86057.0
99.8,75,100,90,0.0,60.031,38.351,0.0001,100,1.1,0,0.001004,14.179,13.572,85331,93455.0,6.4861,298.01,434.07,1.8536,10.0,,23,,1.6609,0.18903,,,1.7712,0,,0,1,1,37,37,0,37.0,86418.0
100.0,75,100,90,0.0,66.095,39.059,0.0001,100,1.1,0,0.001007,14.18,13.612,85377,93511.0,6.4862,298.01,434.06,1.856,10.0,,23,,1.6598,0.18903,,,1.7734,0,,0,1,1,37,37,0,37.0,86277.0
100.2,75,100,90,0.0,72.121,39.395,0.0001,100,1.0,-4000,0.0010128,13.323,13.653,84720,92768.0,6.5149,298.01,432.96,1.8484,10.0,,23,,1.6464,0.18915,,,1.7662,0,,0,1,1,37,37,0,37.0,85970.0
100.4,75,100,90,0.0,66.573,38.803,0.0001,100,1.0,-4000,0.0010222,13.296,13.694,84062,92025.0,6.5395,298.0,431.71,1.8361,10.0,,23,,1.6328,0.18928,,,1.7543,0,,0,1,1,37,37,0,37.0,87500.0
100.6,75,100,90,0.0,51.302,38.002,0.0001,100,1.0,-4000,0.001032,13.226,13.736,83401,91278.0,6.5517,298.01,432.48,1.8233,10.0,,23,,1.6403,0.18925,,,1.742,0,,0,1,1,37,37,0,37.0,86867.0
100.8,75,100,90,0.51958,25.651,38.828,0.0001,100,1.0,-4000,0.0010473,13.114,13.779,82736,90526.0,6.5388,298.01,435.54,1.8105,10.0,,23,,1.6714,0.18903,,,1.7298,0,,0,1,1,37,37,0,37.0,87072.0
101.0,75,100,90,0.0,10.73,41.694,0.0001,100,1.0,-4000,0.0010304,13.073,13.822,82067,89771.0,6.5137,298.02,438.42,1.7977,10.0,,23,,1.6736,0.18904,,,1.7174,0,,0,1,1,37,37,0,37.0,88111.0
101.2,75,100,90,0.0,5.8016,44.668,0.0001,100,1.0,-4000,0.0010435,13.027,13.865,81397,89015.0,6.4855,298.03,441.05,1.7848,10.0,,23,,1.6663,0.18912,,,1.7051,0,,0,1,1,37,37,0,37.0,86651.0
101.4,75,100,90,0.0,12.131,47.721,0.0001,100,1.0,-4000,0.001058,13.0,13.908,80729,88261.0,6.4643,298.03,442.63,1.772,10.0,,23,,1.6542,0.18924,,,1.6927,0,,0,1,1,37,37,0,37.0,87691.0
101.6,75,100,90,0.0,26.907,50.109,0.0001,100,1.0,-4000,0.001062,13.003,13.951,80064,87509.0,6.4584,298.03,442.99,1.7591,10.0,,23,,1.6448,0.18933,,,1.6804,0,,0,1,1,37,37,0,37.0,87227.0
101.8,75,100,90,0.0,44.035,51.587,0.0001,100,1.0,-4000,0.001074,13.032,13.993,79402,86761.0,6.4681,298.03,440.77,1.7462,10.0,,23,,1.6048,0.18966,,,1.668,0,,0,1,1,37,37,0,37.0,88427.0
102.0,75,100,90,0.0,57.274,50.776,0.0001,100,1.0,-4000,0.0011084,13.044,14.035,78743,86016.0,6.4881,298.02,439.29,1.7334,10.0,,23,,1.5591,0.19003,,,1.6557,0,,0,1,1,37,37,0,37.0,88294.0
102.2,75,100,90,0.0,62.5,50.459,0.0001,100,1.0,0,0.0011064,13.04,14.077,78788,86071.0,6.4858,298.02,437.86,1.7308,10.0,,23,,1.552,0.19009,,,1.6532,0,,0,1,1,37,37,0,37.0,88663.0
102.4,75,100,90,0.0,68.789,50.018,0.0001,100,1.0,0,0.0010874,13.063,14.119,78835,86128.0,6.4889,298.01,435.33,1.7328,10.0,,23,,1.5443,0.19014,,,1.6551,0,,0,1,1,37,37,0,37.0,89196.0
102.6,75,100,90,0.0,73.747,48.425,0.0001,100,1.0,0,0.0010704,13.099,14.16,78883,86186.0,6.4947,298.0,431.7,1.735,10.0,,23,,1.5221,0.19031,,,1.6573,0,,0,1,1,37,37,0,37.0,89226.0
102.8,75,100,90,0.0,76.373,45.583,0.0001,100,1.0,0,0.0010629,13.11,14.201,78931,86244.0,6.4998,297.99,427.99,1.7373,10.0,,23,,1.5128,0.19037,,,1.6594,0,,0,1,1,37,37,0,37.0,89586.0
103.0,75,100,90,0.0,76.976,42.337,0.0001,100,1.0,0,0.0010514,13.123,14.241,78979,86303.0,6.5038,297.98,424.24,1.7395,10.0,,23,,1.5083,0.1904,,,1.6616,0,,0,1,1,37,37,0,37.0,88444.0
103.2,75,100,90,0.0,75.964,38.682,0.0001,100,1.0,0,0.0010445,13.121,14.281,79027,86361.0,6.5038,297.97,421.3,1.7417,10.0,,23,,1.5071,0.19041,,,1.6637,0,,0,1,1,37,37,0,37.0,88801.0
103.4,75,100,90,0.0,74.974,35.403,0.0001,100,1.0,0,0.0010321,13.142,14.32,79075,86419.0,6.5016,297.97,419.1,1.7439,10.0,,23,,1.4889,0.19054,,,1.6657,0,,0,1,1,37,37,0,37.0,90657.0
103.6,75,100,90,0.0,74.859,32.497,0.0001,100,1.0,0,0.0010052,13.171,14.359,79122,86477.0,6.5023,297.96,417.04,1.746,10.0,,23,,1.4741,0.19065,,,1.6678,0,,0,1,1,37,37,0,37.0,89508.0
103.8,75,100,90,0.0,74.453,29.48,0.0001,100,1.0,0,0.0010028,13.164,14.398,79170,86534.0,6.5037,297.96,416.19,1.7481,10.0,,23,,1.4781,0.19061,,,1.6698,0,,0,1,1,37,37,0,37.0,90525.0
104.0,75,100,90,0.0,73.476,27.37,0.0001,100,1.0,0,0.0010021,13.146,14.436,79218,86592.0,6.5044,297.96,416.18,1.7502,10.0,,23,,1.4872,0.19054,,,1.6718,0,,0,1,1,37,37,0,37.0,90208.0
104.2,75,100,90,0.0,72.236,25.922,0.0001,100,1.0,0,0.0010145,13.122,14.475,79265,86649.0,6.5031,297.96,417.12,1.7523,10.0,,23,,1.4946,0.19048,,,1.6738,0,,0,1,1,37,37,0,37.0,90892.0
104.4,75,100,90,0.0,71.534,25.322,0.0001,100,1.0,0,0.0010409,13.093,14.514,79312,86706.0,6.4996,297.97,419.38,1.7544,10.0,,23,,1.4924,0.19049,,,1.6759,0,,0,1,1,37,37,0,37.0,90078.0
104.6,75,100,90,0.0,72.212,26.003,0.0001,100,1.0,0,0.0010443,13.101,14.553,79359,86764.0,6.495,297.97,421.19,1.7565,10.0,,23,,1.4776,0.1906,,,1.6779,0,,0,1,1,37,37,0,37.0,90264.0
104.8,75,100,90,0.0,74.722,26.466,0.0001,100,1.0,0,0.0010078,13.134,14.591,79407,86821.0,6.4931,297.97,421.28,1.7587,10.0,,23,,1.4697,0.19066,,,1.6799,0,,0,1,1,37,37,0,37.0,91278.0
105.0,75,100,90,0.0,77.974,25.557,0.0001,100,1.0,0,0.00098109,13.174,14.628,79455,86880.0,6.4962,297.97,419.71,1.7607,10.0,,23,,1.4534,0.19078,,,1.6819,0,,0,1,1,37,37,0,37.0,91288.0
105.2,75,100,90,0.0,79.985,23.164,0.0001,100,1.0,0,0.00098454,13.165,14.665,79504,86938.0,6.4987,297.97,418.54,1.7627,10.0,,23,,1.4566,0.19075,,,1.6839,0,,0,1,1,37,37,0,37.0,91296.0
105.4,75,100,90,0.0,81.007,21.02,0.0001,100,1.0,0,0.00096703,13.164,14.701,79553,86997.0,6.5006,297.96,417.45,1.7647,10.0,,23,,1.4673,0.19066,,,1.6858,0,,0,1,1,37,37,0,37.0,91637.0
105.6,75,100,90,0.0,81.281,18.824,0.0001,100,1.0,0,0.00097345,13.142,14.738,79602,87056.0,6.5013,297.96,417.3,1.7667,10.0,,23,,1.4756,0.1906,,,1.6877,0,,0,1,1,37,37,0,37.0,92479.0
105.8,75,100,90,0.0,81.275,17.379,0.0001,100,1.0,0,0.0009427,13.17,14.774,79651,87115.0,6.5025,297.96,416.17,1.7687,10.0,,23,,1.4685,0.19065,,,1.6896,0,,0,1,1,37,37,0,37.0,91151.0
106.0,75,100,90,0.0,80.807,15.009,0.0001,100,1.0,0,0.00094615,13.148,14.81,79700,87174.0,6.5016,297.96,415.5,1.7706,10.0,,23,,1.4838,0.19053,,,1.6915,0,,0,1,1,37,37,0,37.0,91656.0
106.2,75,100,90,0.0,80.687,12.958,0.0001,100,1.0,0,0.00093075,13.15,14.846,79749,87232.0,6.5057,297.96,414.6,1.7726,10.0,,23,,1.4892,0.19048,,,1.6933,0,,0,1,1,37,37,0,37.0,92658.0
106.4,75,100,90,0.0,78.93,10.632,0.0001,100,1.0,0,0.00089321,13.184,14.881,79798,87290.0,6.5072,297.95,412.79,1.7744,10.0,,23,,1.4804,0.19055,,,1.6951,0,,0,1,1,37,37,0,37.0,92490.0
106.6,75,100,90,0.0,76.558,7.3872,0.0001,100,1.0,0,0.00088421,13.169,14.916,79846,87348.0,6.5054,297.95,411.75,1.7762,10.0,,23,,1.4897,0.19047,,,1.6968,0,,0,1,1,37,37,0,37.0,92988.0
106.8,75,100,90,0.0,74.934,2.2161,17.131,100,1.0,0,0.00090133,13.143,14.95,79893,87405.0,6.5012,297.99,428.79,1.7781,10.0,,23,,1.4924,0.19045,,,1.6986,0,,0,1,1,37,37,0,37.0,92653.0
107.0,75,100,90,0.0,74.978,15.809,1.7131,100,1.0,0,0.00089737,13.138,14.985,79941,87463.0,6.5006,297.99,427.43,1.7799,10.0,,23,,1.4918,0.19045,,,1.7004,0,,0,1,1,37,37,0,37.0,92984.0
107.2,75,100,90,0.0,75.25,14.021,0.17131,100,1.0,0,0.00090521,13.112,15.02,79989,87520.0,6.4986,297.99,425.59,1.7818,10.0,,23,,1.5052,0.19035,,,1.7022,0,,0,1,1,37,37,0,37.0,92315.0
107.4,75,100,90,0.0,76.353,12.031,0.017131,100,1.0,0,0.00091412,13.103,15.054,80037,87578.0,6.4986,297.98,424.18,1.7836,10.0,,23,,1.5075,0.19032,,,1.704,0,,0,1,1,37,37,0,37.0,92812.0
107.6,75,100,90,0.0,77.432,10.259,0.0017131,100,1.0,0,0.00093736,13.072,15.089,80085,87636.0,6.4989,297.98,424.06,1.7855,10.0,,23,,1.5154,0.19026,,,1.7058,0,,0,1,1,37,37,0,37.0,93811.0
107.8,75,100,90,0.0,78.406,9.5089,0.00017131,100,1.0,0,0.00095078,13.04,15.124,80133,87694.0,6.502,297.98,424.63,1.7875,10.0,,23,,1.5313,0.19014,,,1.7076,0,,0,1,1,37,37,0,37.0,93477.0
108.0,75,100,90,0.0,78.116,9.344,0.0001,100,1.0,0,0.00095349,13.048,15.159,80182,87752.0,6.5057,297.99,425.28,1.7894,10.0,1332.3,23,1659.6,1.5144,0.19026,15.02,24.089,1.7095,0,46.678,0,1,1,37,37,0,37.0,92977.0
108.2,75,100,90,0.0,76.346,9.2936,0.0001,100,1.0,0,0.00095858,13.014,15.194,80230,87810.0,6.5078,297.99,426.48,1.7914,10.0,,23,,1.5326,0.19012,,,1.7114,0,,0,1,1,37,37,0,37.0,93811.0
108.4,75,100,90,0.0,73.755,9.8081,0.0001,100,1.0,0,0.00094746,13.017,15.229,80277,87868.0,6.5073,297.99,427.11,1.7933,10.0,,23,,1.5319,0.19012,,,1.7132,0,,0,1,1,37,37,0,37.0,94144.0
108.6,75,100,90,0.0,71.352,9.9118,0.0001,100,1.0,0,0.00094436,12.995,15.264,80324,87925.0,6.5052,297.99,427.85,1.7952,10.0,,23,,1.5437,0.19003,,,1.7151,0,,0,1,1,37,37,0,37.0,93311.0
108.8,75,100,90,0.0,69.815,10.177,0.0001,100,1.0,0,0.0009308,13.001,15.3,80371,87981.0,6.5021,297.99,428.19,1.7971,10.0,,23,,1.5392,0.19006,,,1.7169,0,,0,1,1,37,37,0,37.0,94644.0
109.0,75,100,90,0.0,69.509,10.162,0.0001,100,1.0,0,0.00092282,13.01,15.334,80417,88037.0,6.5002,297.99,428.14,1.799,10.0,,23,,1.5289,0.19013,,,1.7187,0,,0,1,1,37,37,0,37.0,95476.0
109.2,75,100,90,0.0,69.946,9.836,0.0001,100,1.0,0,0.0009302,12.993,15.369,80464,88094.0,6.4994,297.99,428.37,1.8009,10.0,,23,,1.5366,0.19007,,,1.7205,0,,0,1,1,37,37,0,37.0,94306.0
109.4,75,100,90,0.0,70.689,9.7622,0.0001,100,1.0,0,0.00093331,12.995,15.403,80511,88151.0,6.4986,297.99,428.85,1.8028,10.0,,23,,1.5237,0.19016,,,1.7223,0,,0,1,1,37,37,0,37.0,94637.0
109.6,75,100,90,0.0,71.776,9.937,0.0001,100,1.0,0,0.00096944,12.951,15.438,80558,88208.0,6.4969,298.0,430.69,1.8047,10.0,,23,,1.5316,0.1901,,,1.7242,0,,0,1,1,37,37,0,37.0,94137.0
109.8,75,100,90,0.0,73.547,11.37,0.0001,100,1.0,0,0.00094654,12.956,15.473,80605,88265.0,6.4966,298.0,431.09,1.8067,10.0,,23,,1.5433,0.19001,,,1.7261,0,,0,1,1,37,37,0,37.0,95466.0
110.0,75,100,90,0.0,75.439,11.656,0.0001,100,1.0,0,0.00094958,12.941,15.507,80653,88323.0,6.4945,298.0,431.06,1.8086,10.0,,23,,1.5547,0.18992,,,1.7279,0,,0,1,1,37,37,0,37.0,95962.0
110.2,75,100,90,0.0,78.172,11.63,0.0001,100,1.0,0,0.0009415,12.946,15.541,80701,88381.0,6.495,298.0,430.15,1.8105,10.0,,23,,1.5559,0.18991,,,1.7298,0,,0,1,1,37,37,0,37.0,95624.0
110.4,75,100,90,0.0,80.687,10.817,0.0001,100,1.0,0,0.0009247,12.964,15.575,80750,88440.0,6.4971,297.99,428.69,1.8124,10.0,,23,,1.5501,0.18995,,,1.7316,0,,0,1,1,37,37,0,37.0,95284.0
110.6,75,100,90,0.0,82.367,9.445,0.0001,100,1.0,0,0.00091618,12.978,15.608,80799,88499.0,6.5022,297.99,426.88,1.8143,10.0,,23,,1.5447,0.18998,,,1.7334,0,,0,1,1,37,37,0,37.0,95773.0
110.8,75,100,90,0.0,81.98,7.6194,0.0001,100,1.0,0,0.00091544,12.954,15.641,80848,88557.0,6.5063,297.99,425.65,1.8161,10.0,,23,,1.5606,0.18986,,,1.7351,0,,0,1,1,37,37,0,37.0,95598.0
111.0,75,100,90,0.0,79.987,6.1512,0.0001,100,1.0,0,0.00094113,12.902,15.675,80897,88616.0,6.5113,297.99,426.08,1.818,10.0,,23,,1.5845,0.18968,,,1.7369,0,,0,1,1,37,37,0,37.0,95426.0
111.2,75,100,90,0.0,75.996,6.0438,0.0001,100,1.0,0,0.00094789,12.884,15.709,80945,88674.0,6.5143,297.99,426.9,1.8199,10.0,,23,,1.5899,0.18963,,,1.7388,0,,0,1,1,37,37,0,37.0,95921.0
111.4,75,100,90,0.0,70.816,6.2867,0.0001,100,1.0,0,0.0009268,12.887,15.743,80992,88731.0,6.5161,297.99,427.19,1.8217,10.0,,23,,1.5874,0.18965,,,1.7405,0,,0,1,1,37,37,0,37.0,96248.0
111.6,75,100,90,0.0,64.911,6.1304,0.0001,100,1.0,0,0.00090457,12.896,15.776,81037,88786.0,6.5165,297.99,426.92,1.8236,10.0,,23,,1.5811,0.18969,,,1.7423,0,,0,1,1,37,37,0,37.0,96906.0
111.8,75,100,90,0.0,58.831,5.5054,0.0001,100,1.0,0,0.00089291,12.886,15.809,81082,88840.0,6.5125,297.99,426.9,1.8253,10.0,,23,,1.5835,0.18967,,,1.744,0,,0,1,1,37,37,0,37.0,97396.0
112.0,75,100,90,0.0,54.384,5.0996,0.0001,100,1.0,0,0.00090457,12.834,15.843,81125,88893.0,6.5044,297.99,427.98,1.8271,10.0,,23,,1.6105,0.18946,,,1.7457,0,,0,1,1,37,37,0,37.0,97722.0
112.2,75,100,90,0.0,53.163,5.6598,0.0001,100,1.0,0,0.00089234,12.841,15.876,81168,88946.0,6.4971,297.99,428.38,1.8289,10.0,,23,,1.6094,0.18947,,,1.7475,0,,0,1,1,37,37,0,37.0,97547.0
112.4,75,100,90,0.0,54.837,5.6965,0.0001,100,1.0,0,0.00090552,12.797,15.91,81212,89000.0,6.4881,298.0,429.27,1.8307,10.0,,23,,1.6355,0.18927,,,1.7492,0,,0,1,1,37,37,0,37.0,97374.0
112.6,75,100,90,0.0,60.115,6.2233,0.0001,100,1.0,0,0.00088271,12.83,15.943,81257,89054.0,6.4827,297.99,428.59,1.8325,10.0,,23,,1.626,0.18934,,,1.7509,0,,0,1,1,37,37,0,37.0,97698.0
112.8,75,100,90,0.0,67.534,5.429,0.0001,100,1.0,0,0.00088486,12.838,15.977,81303,89110.0,6.4828,297.99,427.78,1.8342,10.0,,23,,1.6205,0.18937,,,1.7526,0,,0,1,1,37,37,0,37.0,97522.0
113.0,75,100,90,0.0,74.901,4.4851,0.0001,100,1.0,0,0.00091016,12.82,16.01,81350,89168.0,6.4875,297.99,427.29,1.836,10.0,,23,,1.6278,0.18931,,,1.7543,0,,0,1,1,37,37,0,37.0,97681.0
113.2,75,100,90,0.0,80.399,3.7514,0.0001,100,1.0,0,0.00090722,12.828,16.043,81399,89226.0,6.4932,297.99,426.56,1.8378,10.0,,23,,1.6256,0.18933,,,1.756,0,,0,1,1,37,37,0,37.0,98004.0
113.4,75,100,90,0.0,83.628,2.7472,0.0001,100,1.0,0,0.00092267,12.806,16.076,81448,89286.0,6.4983,297.99,426.28,1.8396,10.0,,23,,1.636,0.18925,,,1.7578,0,,0,1,1,37,37,0,37.0,98329.0
113.6,75,100,90,0.0,84.845,2.0843,0.0001,100,1.0,0,0.00093354,12.797,16.11,81498,89345.0,6.5018,297.99,426.4,1.8415,10.0,,23,,1.6348,0.18925,,,1.7595,0,,0,1,1,37,37,0,37.0,97822.0
113.8,75,100,90,0.0,84.63,1.7288,0.0001,100,1.0,0,0.00092325,12.779,16.144,81547,89405.0,6.5021,297.99,426.18,1.8433,10.0,,23,,1.6566,0.18908,,,1.7613,0,,0,1,1,37,37,0,37.0,98481.0
114.0,75,100,90,0.0,84.323,1.0895,0.0001,100,1.0,0,0.0009356,12.75,16.178,81597,89464.0,6.504,297.99,426.88,1.8451,10.0,,23,,1.6662,0.18901,,,1.763,0,,0,1,1,37,37,0,37.0,99309.0
114.2,75,100,90,0.0,83.247,1.2386,0.0001,100,1.0,0,0.00093907,12.736,16.211,81646,89524.0,6.5056,297.99,427.72,1.847,10.0,,23,,1.6698,0.18898,,,1.7648,0,,0,1,1,37,37,0,37.0,99303.0
114.4,75,100,90,0.0,81.529,1.5674,0.0001,100,1.0,0,0.00096409,12.687,16.246,81695,89583.0,6.5056,298.0,429.59,1.8488,10.0,,23,,1.6887,0.18883,,,1.7666,0,,0,1,1,37,37,0,37.0,99468.0
114.6,75,100,90,0.0,79.814,2.8846,0.0001,100,1.0,0,0.00095102,12.691,16.28,81743,89641.0,6.5041,298.0,430.65,1.8507,10.0,,23,,1.6908,0.18881,,,1.7684,0,,0,1,1,37,37,0,37.0,99630.0
114.8,75,100,90,0.0,78.709,3.6479,0.0001,100,1.0,0,0.00099201,12.629,16.316,81792,89700.0,6.5015,298.01,433.24,1.8526,10.0,,23,,1.7092,0.18867,,,1.7702,0,,0,1,1,37,37,0,37.0,99298.0
115.0,75,100,90,0.0,78.626,5.8771,0.0001,100,1.0,0,0.00096504,12.632,16.35,81840,89759.0,6.4999,298.01,434.29,1.8545,10.0,,23,,1.7233,0.18856,,,1.772,0,,0,1,1,37,37,0,37.0,99129.0
115.2,75,100,90,0.0,79.163,6.9688,0.0001,100,1.0,0,0.0010031,12.579,16.386,81888,89817.0,6.4985,298.01,436.36,1.8564,10.0,,23,,1.738,0.18844,,,1.7739,0,,0,1,1,37,37,0,37.0,99965.0
115.4,75,100,90,0.0,80.302,9.085,0.0001,100,1.0,0,0.00097084,12.624,16.421,81937,89876.0,6.4964,298.01,436.29,1.8583,10.0,,23,,1.7228,0.18855,,,1.7757,0,,0,1,1,37,37,0,37.0,99964.0
115.6,75,100,90,0.0,82.274,9.4973,0.0001,100,1.0,0,0.00099063,12.568,16.457,81986,89936.0,6.4917,298.02,437.05,1.8602,10.0,,23,,1.7495,0.18835,,,1.7775,0,,0,1,1,37,37,0,37.0,99134.0
115.8,75,100,90,0.0,86.13,10.674,0.0001,100,1.0,0,0.0010092,12.551,16.493,82036,89996.0,6.4895,298.02,438.0,1.8622,10.0,,23,,1.7532,0.18832,,,1.7794,0,,0,1,1,37,37,0,37.0,100640.0
116.0,75,100,90,0.0,90.832,12.064,0.0001,100,1.0,0,0.0010124,12.557,16.528,82086,90057.0,6.4894,298.02,438.09,1.8642,10.0,,23,,1.7497,0.18834,,,1.7813,0,,0,1,1,37,37,0,37.0,99641.0
116.2,75,100,90,0.0,95.567,12.799,0.0001,100,1.0,0,0.0010464,12.511,16.564,82138,90119.0,6.4908,298.02,438.88,1.8662,10.0,,23,,1.7695,0.18819,,,1.7832,0,,0,1,1,37,37,0,37.0,100810.0
116.4,75,100,90,0.0,99.751,14.163,0.0001,100,1.0,0,0.0010271,12.529,16.6,82191,90183.0,6.492,298.02,438.03,1.8682,10.0,,23,,1.7729,0.18816,,,1.7852,0,,0,1,1,37,37,0,37.0,100480.0
116.6,75,100,90,0.0,103.47,14.155,0.0001,100,1.0,0,0.0010445,12.483,16.635,82244,90246.0,6.4941,298.02,437.89,1.8702,10.0,,23,,1.8051,0.18791,,,1.7871,0,,0,1,1,37,37,0,37.0,100980.0
116.8,75,100,90,0.0,106.33,14.713,0.0001,100,1.0,0,0.0010614,12.457,16.672,82298,90311.0,6.4983,298.02,438.08,1.8722,10.0,,23,,1.815,0.18783,,,1.7891,0,,0,1,1,37,37,0,37.0,99822.0
117.0,75,100,90,0.0,107.52,15.543,0.0001,100,1.0,0,0.0010575,12.466,16.708,82352,90376.0,6.4984,298.02,438.11,1.8743,10.0,,23,,1.8038,0.18791,,,1.791,0,,0,1,1,37,37,0,37.0,101660.0
117.2,75,100,90,0.0,108.71,16.239,0.0001,100,1.0,0,0.0010449,12.462,16.743,82406,90441.0,6.4994,298.02,437.08,1.8763,10.0,,23,,1.8142,0.18783,,,1.793,0,,0,1,1,37,37,0,37.0,100330.0
117.4,75,100,90,0.0,109.48,16.01,0.0001,100,1.0,0,0.0010266,12.475,16.779,82460,90506.0,6.5019,298.01,435.24,1.8783,10.0,,23,,1.8165,0.18781,,,1.7949,0,,0,1,1,37,37,0,37.0,102000.0
117.6,75,100,90,0.0,109.22,14.992,0.0001,100,1.0,0,0.0010397,12.476,16.814,82514,90571.0,6.5043,298.01,434.31,1.8803,10.0,,23,,1.7991,0.18793,,,1.7969,0,,0,1,1,37,37,0,37.0,102330.0
117.8,75,100,90,0.0,108.02,14.619,0.0001,100,1.0,0,0.0010006,12.516,16.849,82569,90635.0,6.5043,298.0,432.22,1.8823,10.0,,23,,1.7825,0.18806,,,1.7988,0,,0,1,1,37,37,0,37.0,101830.0
118.0,75,100,90,0.0,106.83,13.117,0.0001,100,1.0,0,0.00099912,12.516,16.884,82622,90700.0,6.5063,298.0,430.51,1.8842,10.0,,23,,1.7711,0.18814,,,1.8006,0,,0,1,1,37,37,0,37.0,101500.0
118.2,75,100,90,0.0,104.83,11.782,0.0001,100,1.0,0,0.00101,12.477,16.919,82676,90764.0,6.5071,298.0,429.7,1.8862,10.0,,23,,1.7931,0.18797,,,1.8025,0,,0,1,1,37,37,0,37.0,102000.0
118.4,75,100,90,0.0,102.52,11.059,0.0001,100,1.0,0,0.0010178,12.455,16.955,82729,90828.0,6.5074,298.0,429.64,1.8881,10.0,,23,,1.7979,0.18793,,,1.8043,0,,0,1,1,37,37,0,37.0,102500.0
118.6,75,100,90,0.0,100.08,10.899,0.0001,100,1.0,0,0.0010054,12.444,16.99,82781,90891.0,6.5059,298.0,429.47,1.8901,10.0,,23,,1.8098,0.18783,,,1.8062,0,,0,1,1,37,37,0,37.0,102000.0
118.8,75,100,90,0.0,98.253,10.622,0.0001,100,1.0,0,0.001006,12.448,17.025,82833,90954.0,6.5024,298.0,429.51,1.892,10.0,,23,,1.8015,0.18789,,,1.8081,0,,0,1,1,37,37,0,37.0,103500.0
119.0,75,100,90,0.0,97.804,10.516,0.0001,100,1.0,0,0.00099731,12.458,17.06,82885,91016.0,6.4979,298.0,429.09,1.8939,10.0,,23,,1.7952,0.18794,,,1.8099,0,,0,1,1,37,37,0,37.0,102170.0
119.2,75,100,90,0.0,99.174,9.9992,0.0001,100,1.0,0,0.0010335,12.419,17.096,82938,91079.0,6.4959,298.0,429.99,1.8958,10.0,,23,,1.7995,0.1879,,,1.8118,0,,0,1,1,37,37,0,37.0,102510.0
119.4,75,100,90,0.0,101.32,10.612,0.0001,100,1.0,0,0.001049,12.393,17.132,82990,91143.0,6.4924,298.0,431.01,1.8978,10.0,,23,,1.815,0.18778,,,1.8136,0,,0,1,1,37,37,0,37.0,103510.0
119.6,75,100,90,0.0,104.89,11.392,0.0001,100,1.0,0,0.0010598,12.377,17.168,83044,91207.0,6.4922,298.0,431.97,1.8998,10.0,,23,,1.8239,0.18771,,,1.8155,0,,0,1,1,37,37,0,37.0,103520.0
119.8,75,100,90,0.0,108.51,12.207,0.0001,100,1.0,0,0.0010378,12.401,17.205,83098,91272.0,6.4951,298.0,432.1,1.9017,10.0,,23,,1.8148,0.18777,,,1.8174,0,,0,1,1,37,37,0,37.0,103360.0
120.0,75,100,90,0.0,110.98,12.387,0.0001,100,1.0,0,0.0010368,12.4,17.241,83153,91338.0,6.4986,298.0,431.58,1.9037,11.0,1419.6,23,1678.6,1.8198,0.18773,17.096,24.879,1.8193,0,55.572,0,1,1,37,37,0,37.0,104360.0
120.2,75,100,90,0.0,112.05,12.04,0.0001,100,1.0,0,0.0010434,12.392,17.277,83208,91404.0,6.5017,298.0,430.97,1.9056,11.0,,23,,1.8225,0.18771,,,1.8212,0,,0,1,1,37,37,0,37.0,103200.0
120.4,75,100,90,0.0,111.9,11.578,0.0001,100,1.0,0,0.0010284,12.388,17.313,83263,91470.0,6.5039,298.0,430.08,1.9076,11.0,,23,,1.8302,0.18765,,,1.823,0,,0,1,1,37,37,0,37.0,104870.0
120.6,75,100,90,0.0,110.85,10.813,0.0001,100,1.0,0,0.0010345,12.374,17.35,83318,91535.0,6.5061,298.0,429.91,1.9095,11.0,,23,,1.8293,0.18765,,,1.8249,0,,0,1,1,37,37,0,37.0,104210.0
120.8,75,100,90,0.0,108.93,10.588,0.0001,100,1.0,0,0.0010061,12.39,17.386,83372,91601.0,6.5074,297.99,428.79,1.9114,11.0,,23,,1.8264,0.18767,,,1.8267,0,,0,1,1,37,37,0,37.0,103880.0
121.0,75,100,90,0.0,106.47,9.5236,0.0001,100,1.0,0,0.00097503,12.408,17.421,83426,91665.0,6.5085,297.99,426.85,1.9132,11.0,,23,,1.8242,0.18768,,,1.8285,0,,0,1,1,37,37,0,37.0,104720.0
121.2,75,100,90,0.0,103.6,7.648,0.0001,100,1.0,0,0.00097207,12.397,17.457,83479,91729.0,6.5086,297.99,425.22,1.915,11.0,,23,,1.8282,0.18765,,,1.8302,0,,0,1,1,37,37,0,37.0,103890.0
121.4,75,100,90,0.0,100.69,5.8839,0.0001,100,1.0,0,0.00093465,12.431,17.492,83532,91792.0,6.5064,297.98,422.41,1.9168,11.0,,23,,1.8232,0.18768,,,1.8319,0,,0,1,1,37,37,0,37.0,104890.0
121.6,75,100,90,0.0,98.655,2.9429,0.0001,100,1.0,0,0.0009472,12.407,17.527,83584,91855.0,6.5014,297.97,420.53,1.9185,11.0,,23,,1.8277,0.18764,,,1.8336,0,,0,1,1,37,37,0,37.0,105390.0
121.8,75,100,90,0.0,98.618,0.55648,0.0001,100,1.0,0,0.00092772,12.43,17.561,83637,91918.0,6.4965,297.97,418.25,1.9202,11.0,,23,,1.8165,0.18773,,,1.8352,0,,0,1,1,37,37,0,37.0,104720.0
122.0,75,100,90,0.0,100.53,0.0001,0.0001,100,1.0,0,0.00094585,12.403,17.596,83689,91982.0,6.4905,297.96,416.52,1.922,11.0,,23,,1.8257,0.18765,,,1.8369,0,,0,1,1,37,37,0,37.0,105720.0
122.2,75,100,90,0.0,104.85,0.0001,0.0001,100,1.0,0,0.00094483,12.402,17.631,83743,92046.0,6.4912,297.96,414.17,1.9237,11.0,,23,,1.8361,0.18757,,,1.8385,0,,0,1,1,37,37,0,37.0,104880.0
122.4,75,100,90,0.0,108.86,0.0001,0.0001,100,1.0,0,0.00093163,12.419,17.666,83797,92111.0,6.4933,297.95,411.08,1.9254,11.0,,23,,1.8319,0.1876,,,1.8402,0,,0,1,1,37,37,0,37.0,105210.0
122.6,75,100,90,0.0,112.07,0.0001,0.0001,100,1.0,0,0.00091957,12.432,17.699,83852,92176.0,6.4973,297.94,407.04,1.9271,11.0,,23,,1.834,0.18758,,,1.8418,0,,0,1,1,37,37,0,37.0,106370.0
122.8,75,100,90,0.0,113.64,0.0001,13.097,100,1.0,0,0.00090648,12.435,17.732,83908,92242.0,6.5029,297.96,414.07,1.9287,11.0,,23,,1.8434,0.18751,,,1.8434,0,,0,1,1,37,37,0,37.0,106360.0
123.0,75,100,90,0.0,112.98,3.8792,1.3097,100,1.0,0,0.00089855,12.449,17.765,83963,92308.0,6.5095,297.94,408.92,1.9304,11.0,,23,,1.8346,0.18757,,,1.8449,0,,0,1,1,37,37,0,37.0,106180.0
123.2,75,100,90,0.0,109.68,1.1638,23.177,100,1.0,0,0.00090317,12.43,17.798,84017,92373.0,6.5144,297.98,424.87,1.932,11.0,,23,,1.8347,0.18757,,,1.8465,0,,0,1,1,37,37,0,37.0,105510.0
123.4,75,100,90,0.0,104.46,12.896,2.3177,100,1.0,0,0.00087682,12.453,17.83,84071,92436.0,6.5193,297.97,418.21,1.9336,11.0,,23,,1.8189,0.18768,,,1.848,0,,0,1,1,37,37,0,37.0,106830.0
123.6,75,100,90,0.0,97.269,6.2926,0.23177,100,1.0,0,0.00086479,12.444,17.863,84123,92499.0,6.5203,297.95,411.17,1.9351,11.0,,23,,1.8214,0.18766,,,1.8495,0,,0,1,1,37,37,0,37.0,106480.0
123.8,75,100,90,0.0,89.674,0.0001,0.023177,100,1.0,0,0.00087229,12.408,17.895,84173,92560.0,6.5175,297.94,406.52,1.9367,11.0,,23,,1.8355,0.18755,,,1.851,0,,0,1,1,37,37,0,37.0,107130.0
124.0,75,100,90,0.0,83.208,0.0001,11.331,100,1.0,0,0.0008736,12.385,17.928,84223,92619.0,6.5139,297.95,413.04,1.9383,11.0,,23,,1.8342,0.18756,,,1.8525,0,,0,1,1,37,37,0,37.0,106960.0
124.2,75,100,90,0.0,78.167,3.3779,1.1331,100,1.0,0,0.00090646,12.315,17.963,84271,92678.0,6.5068,297.95,411.16,1.9399,11.0,,23,,1.8562,0.18739,,,1.8541,0,,0,1,1,37,37,0,37.0,107950.0
124.4,75,100,90,0.0,75.973,0.0001,0.11331,100,1.0,0,0.00087972,12.338,17.997,84319,92736.0,6.5019,297.94,408.51,1.9414,11.0,,23,,1.8474,0.18745,,,1.8556,0,,0,1,1,37,37,0,37.0,106780.0
124.6,75,100,90,0.0,75.737,0.0001,12.068,100,1.0,0,0.00087532,12.337,18.031,84366,92794.0,6.4978,297.96,416.66,1.943,11.0,,23,,1.843,0.18748,,,1.8571,0,,0,1,1,37,37,0,37.0,106440.0
124.8,75,100,90,0.0,77.128,4.9188,1.2068,100,1.0,0,0.00090447,12.294,18.066,84414,92853.0,6.493,297.96,414.46,1.9446,11.0,,23,,1.8568,0.18737,,,1.8586,0,,0,1,1,37,37,0,37.0,106610.0
125.0,75,100,90,0.0,80.462,1.5324,0.12068,100,1.0,0,0.00087579,12.324,18.1,84463,92912.0,6.4936,297.95,410.94,1.9462,11.0,,23,,1.8525,0.1874,,,1.8602,0,,0,1,1,37,37,0,37.0,107940.0
125.2,75,100,90,0.0,83.538,0.45971,12.836,100,1.0,0,0.00087104,12.308,18.134,84512,92972.0,6.4954,297.97,419.01,1.9477,11.0,,23,,1.8702,0.18727,,,1.8617,0,,0,1,1,37,37,0,37.0,108270.0
125.4,75,100,90,0.0,85.887,5.5377,1.2836,100,1.0,0,0.0008673,12.305,18.169,84562,93032.0,6.4959,297.96,414.58,1.9493,11.0,,23,,1.877,0.18721,,,1.8631,0,,0,1,1,37,37,0,37.0,108430.0
125.6,75,100,90,0.0,88.058,0.47387,0.12836,100,1.0,0,0.00085033,12.335,18.202,84612,93093.0,6.4972,297.95,409.75,1.9508,11.0,,23,,1.8635,0.18731,,,1.8646,0,,0,1,1,37,37,0,37.0,107760.0
125.8,75,100,90,0.0,89.697,0.14216,11.961,100,1.0,0,0.00085862,12.303,18.236,84662,93154.0,6.4992,297.96,416.06,1.9523,11.0,,23,,1.8837,0.18715,,,1.8661,0,,0,1,1,37,37,0,37.0,108420.0
126.0,75,100,90,0.0,90.528,3.6243,1.1961,100,1.0,0,0.00087082,12.273,18.27,84713,93215.0,6.5009,297.95,411.83,1.9539,11.0,,23,,1.9027,0.18701,,,1.8676,0,,0,1,1,37,37,0,37.0,109250.0
126.2,75,100,90,0.0,90.683,0.0001,0.11961,100,1.0,0,0.00086106,12.281,18.304,84764,93276.0,6.5056,297.94,407.4,1.9554,11.0,,23,,1.8979,0.18704,,,1.869,0,,0,1,1,37,37,0,37.0,108240.0
126.4,75,100,90,0.0,88.959,0.0001,12.459,100,1.0,0,0.0008331,12.302,18.338,84814,93337.0,6.5081,297.96,413.25,1.9569,11.0,,23,,1.894,0.18707,,,1.8705,0,,0,1,1,37,37,0,37.0,108740.0
126.6,75,100,90,0.0,86.255,2.8451,1.2459,100,1.0,0,0.00081046,12.311,18.371,84864,93397.0,6.5114,297.94,407.31,1.9584,11.0,,23,,1.8942,0.18706,,,1.8719,0,,0,1,1,37,37,0,37.0,109230.0
126.8,75,100,90,0.0,82.207,0.85352,22.677,100,1.0,0,0.00080797,12.277,18.405,84913,93457.0,6.5124,297.98,421.8,1.9598,11.0,,23,,1.9151,0.1869,,,1.8732,0,,0,1,1,37,37,0,37.0,109720.0
127.0,75,100,90,0.0,77.777,11.064,2.2677,100,1.0,0,0.00079813,12.27,18.438,84961,93515.0,6.5103,297.96,414.38,1.9612,11.0,,23,,1.9236,0.18684,,,1.8746,0,,0,1,1,37,37,0,37.0,109210.0
127.2,75,100,90,0.0,74.201,3.6133,0.22677,100,1.0,0,0.00077899,12.288,18.471,85008,93573.0,6.507,297.94,406.78,1.9626,11.0,,23,,1.9162,0.18689,,,1.8759,0,,0,1,1,37,37,0,37.0,109370.0
127.4,75,100,90,0.0,71.915,1.084,16.742,100,1.0,0,0.00077753,12.288,18.504,85055,93630.0,6.5048,297.96,415.12,1.9639,11.0,,23,,1.9072,0.18696,,,1.8772,0,,0,1,1,37,37,0,37.0,110020.0
127.6,75,100,90,0.0,70.526,6.0345,1.6742,100,1.0,0,0.00076544,12.29,18.537,85101,93687.0,6.5019,297.94,407.93,1.9652,11.0,,23,,1.9071,0.18695,,,1.8785,0,,0,1,1,37,37,0,37.0,109680.0
127.8,75,100,90,0.0,70.291,1.8104,27.985,100,1.0,0,0.00075811,12.307,18.569,85148,93744.0,6.5004,297.99,425.38,1.9666,11.0,,23,,1.8941,0.18705,,,1.8798,0,,0,1,1,37,37,0,37.0,110160.0
128.0,75,100,90,0.0,70.657,14.575,2.7985,100,1.0,0,0.00074681,12.301,18.601,85195,93800.0,6.5013,297.96,415.94,1.9679,11.0,,23,,1.9034,0.18698,,,1.881,0,,0,1,1,37,37,0,37.0,110150.0
128.2,75,100,90,0.0,70.647,5.7009,0.27985,100,1.0,0,0.00075479,12.289,18.633,85241,93857.0,6.4989,297.94,406.98,1.9691,11.0,,23,,1.9047,0.18696,,,1.8822,0,,0,1,1,37,37,0,37.0,110800.0
128.4,75,100,90,0.0,71.612,1.7103,18.473,100,1.0,0,0.00075487,12.276,18.665,85288,93914.0,6.4983,297.96,415.57,1.9704,11.0,,23,,1.9175,0.18686,,,1.8835,0,,0,1,1,37,37,0,37.0,109950.0
128.6,75,100,90,0.0,72.825,6.8947,1.8473,100,1.0,0,0.00071553,12.331,18.696,85335,93971.0,6.4998,297.94,405.7,1.9717,11.0,,23,,1.904,0.18696,,,1.8847,0,,0,1,1,37,37,0,37.0,111430.0
128.8,75,100,90,0.0,73.424,2.0684,32.023,100,1.0,0,0.00072726,12.317,18.727,85382,94029.0,6.5048,297.98,424.66,1.9729,11.0,,23,,1.9059,0.18695,,,1.8858,0,,0,1,1,37,37,0,37.0,110250.0
129.0,75,100,90,0.0,72.022,15.908,3.2023,100,1.0,0,0.00073722,12.321,18.758,85429,94086.0,6.5107,297.96,414.08,1.9741,11.0,,23,,1.8895,0.18707,,,1.887,0,,0,1,1,37,37,0,37.0,110230.0
129.2,75,100,90,0.0,68.245,6.0042,0.32023,100,1.0,0,0.00073213,12.302,18.79,85475,94142.0,6.5143,297.93,403.88,1.9753,11.0,,23,,1.895,0.18703,,,1.8882,0,,0,1,1,37,37,0,37.0,110540.0
129.4,75,100,90,0.0,63.071,1.8013,20.506,100,1.0,0,0.0007353,12.296,18.822,85520,94197.0,6.5134,297.96,413.7,1.9765,11.0,,23,,1.884,0.18711,,,1.8893,0,,0,1,1,37,37,0,37.0,110860.0
129.6,75,100,90,0.0,58.251,7.7452,2.0506,100,1.0,0,0.00073363,12.286,18.854,85564,94252.0,6.5074,297.94,405.76,1.9777,11.0,,23,,1.877,0.18716,,,1.8905,0,,0,1,1,37,37,0,37.0,110850.0
129.8,75,100,90,0.0,55.808,2.3236,32.132,100,1.0,0,0.00074629,12.256,18.887,85608,94305.0,6.4997,297.99,427.07,1.979,11.0,,23,,1.8864,0.18708,,,1.8917,0,,0,1,1,37,37,0,37.0,110840.0
130.0,75,100,90,0.0,56.473,18.072,3.2132,100,1.0,0,0.00073601,12.247,18.919,85651,94359.0,6.492,297.97,418.14,1.9802,11.0,,23,,1.9004,0.18698,,,1.8929,0,,0,1,1,37,37,0,37.0,111490.0
130.2,75,100,90,0.0,60.186,9.7536,0.32132,100,1.0,-4000,0.0007239,12.277,18.951,84997,93614.0,6.513,297.94,407.28,1.971,11.0,,23,,1.8742,0.18719,,,1.884,0,,0,1,1,37,37,0,37.0,110970.0
130.4,75,100,90,0.0,55.426,2.9261,24.123,100,1.0,-4000,0.00073207,12.255,18.983,84341,92868.0,6.5294,297.97,420.27,1.9566,11.0,,23,,1.8516,0.18739,,,1.8702,0,,0,1,1,37,37,0,37.0,112630.0
130.6,75,100,90,0.0,44.192,11.977,2.4123,100,1.0,-4000,0.00075066,12.193,19.016,83684,92119.0,6.5362,297.96,413.34,1.9419,11.0,,23,,1.847,0.18745,,,1.856,0,,0,1,1,37,37,0,37.0,112620.0
130.8,75,100,90,0.0,30.261,4.7661,0.24123,100,1.0,-4000,0.00076574,12.11,19.05,83023,91368.0,6.5324,297.94,407.53,1.9271,11.0,,23,,1.8645,0.18735,,,1.8419,0,,0,1,1,37,37,0,37.0,111780.0
131.0,75,100,90,0.0,17.857,1.4298,16.61,100,1.0,-4000,0.000813,12.006,19.086,82360,90615.0,6.5174,297.97,420.08,1.9125,11.0,,23,,1.8759,0.18729,,,1.8277,0,,0,1,1,37,37,0,37.0,111780.0
131.2,75,100,90,0.0,11.436,10.279,1.661,100,1.0,-4000,0.00082473,11.965,19.122,81697,89860.0,6.4979,297.97,418.2,1.8978,11.0,,23,,1.8697,0.18737,,,1.8136,0,,0,1,1,37,37,0,37.0,111950.0
131.4,75,100,90,0.0,12.804,7.3653,0.1661,100,1.0,-4000,0.00082601,11.951,19.159,81033,89106.0,6.4808,297.96,415.27,1.8831,11.0,,23,,1.8598,0.18747,,,1.7995,0,,0,1,1,37,37,0,37.0,112460.0
131.6,75,100,90,0.0,21.003,3.6056,0.01661,100,1.0,-4000,0.00087115,11.924,19.195,80371,88353.0,6.47,297.96,413.38,1.8685,11.0,,23,,1.848,0.18759,,,1.7854,0,,0,1,1,37,37,0,37.0,112640.0
131.8,75,100,90,0.0,33.504,0.48981,0.001661,100,1.0,-4000,0.00088345,11.955,19.231,79712,87603.0,6.4697,297.95,411.02,1.8538,11.0,,23,,1.8126,0.18788,,,1.7714,0,,0,1,1,37,37,0,37.0,112470.0
132.0,75,100,90,0.0,46.109,0.14694,11.226,100,1.0,-4000,0.00090129,11.97,19.267,79055,86856.0,6.479,297.97,418.05,1.8392,11.0,1550.5,23,1715.3,1.7852,0.18812,19.122,25.373,1.7573,0,64.125,0,1,1,37,37,0,37.0,113140.0
132.2,75,100,90,0.0,54.996,4.6864,1.1226,100,1.0,0,0.00090051,11.981,19.303,79099,86910.0,6.469,297.96,414.32,1.8354,11.0,,23,,1.7832,0.18814,,,1.7537,0,,0,1,1,37,37,0,37.0,112810.0
132.4,75,100,90,0.0,67.998,0.0001,0.11226,100,1.0,0,0.00086736,12.059,19.337,79146,86967.0,6.4695,297.94,407.94,1.8364,11.0,,23,,1.7664,0.18827,,,1.7546,0,,0,1,1,37,37,0,37.0,113310.0
132.6,75,100,90,0.0,80.668,0.0001,14.337,100,1.0,0,0.00087563,12.084,19.37,79195,87026.0,6.4772,297.96,413.55,1.8377,11.0,,23,,1.7586,0.18832,,,1.7558,0,,0,1,1,37,37,0,37.0,112970.0
132.8,75,100,90,0.0,90.276,3.0255,1.4337,100,1.0,0,0.00087612,12.106,19.403,79246,87087.0,6.4887,297.94,406.0,1.839,11.0,,23,,1.7528,0.18836,,,1.7571,0,,0,1,1,37,37,0,37.0,113460.0
133.0,75,100,90,0.0,95.305,0.90765,25.472,100,1.0,0,0.00088228,12.113,19.437,79298,87150.0,6.502,297.97,420.24,1.8403,11.0,,23,,1.7507,0.18838,,,1.7584,0,,0,1,1,37,37,0,37.0,114120.0
133.2,75,100,90,0.0,95.015,11.61,2.5472,100,1.0,0,0.00089309,12.096,19.47,79350,87212.0,6.5156,297.95,411.78,1.8416,11.0,,23,,1.7546,0.18834,,,1.7596,0,,0,1,1,37,37,0,37.0,114270.0
133.4,75,100,90,0.0,89.301,2.6535,0.25472,100,1.0,0,0.00086188,12.113,19.503,79401,87273.0,6.5282,297.93,402.62,1.8429,11.0,,23,,1.7456,0.18841,,,1.7609,0,,0,1,1,37,37,0,37.0,114260.0
133.6,75,100,90,0.0,78.562,0.79604,18.862,100,1.0,0,0.00086537,12.071,19.537,79450,87332.0,6.5353,297.95,411.8,1.8442,11.0,,23,,1.7553,0.18833,,,1.7621,0,,0,1,1,37,37,0,37.0,114760.0
133.8,75,100,90,0.0,64.966,6.5774,1.8862,100,1.0,0,0.0008394,12.061,19.57,79496,87389.0,6.5354,297.93,404.71,1.8454,11.0,,23,,1.7533,0.18835,,,1.7633,0,,0,1,1,37,37,0,37.0,114420.0
134.0,75,100,90,0.0,51.329,1.9732,31.646,100,1.0,0,0.000842,12.013,19.604,79539,87442.0,6.5267,297.99,426.83,1.8466,11.0,,23,,1.7628,0.18827,,,1.7645,0,,0,1,1,37,37,0,37.0,114750.0
134.2,75,100,90,0.0,41.189,19.639,3.1646,100,1.0,0,0.00085631,11.942,19.64,79580,87494.0,6.5083,297.98,421.08,1.8479,11.0,,23,,1.7897,0.18807,,,1.7657,0,,0,1,1,37,37,0,37.0,115910.0
134.4,75,100,90,0.0,38.419,13.651,0.31646,100,1.0,0,0.00088434,11.9,19.675,79621,87545.0,6.4889,297.96,415.09,1.8492,11.0,,23,,1.8002,0.18799,,,1.7669,0,,0,1,1,37,37,0,37.0,115080.0
134.6,75,100,90,0.0,43.374,7.4379,0.031646,100,1.0,0,0.00088357,11.893,19.711,79662,87597.0,6.4753,297.95,409.85,1.8505,11.0,,23,,1.8125,0.18789,,,1.7681,0,,0,1,1,37,37,0,37.0,115250.0
134.8,75,100,90,0.0,53.749,2.2314,18.374,100,1.0,0,0.00088967,11.928,19.747,79706,87651.0,6.4687,297.98,421.31,1.8518,11.0,,23,,1.7947,0.18802,,,1.7694,0,,0,1,1,37,37,0,37.0,115590.0
135.0,75,100,90,0.0,66.755,10.691,1.8374,100,1.0,0,0.00088031,11.981,19.782,79752,87708.0,6.4734,297.96,414.23,1.853,11.0,,23,,1.7752,0.18817,,,1.7706,0,,0,1,1,37,37,0,37.0,115420.0
135.2,75,100,90,0.0,77.872,3.1779,0.18374,100,1.0,0,0.00086425,12.029,19.815,79801,87767.0,6.4832,297.94,405.52,1.8543,11.0,,23,,1.7671,0.18823,,,1.7718,0,,0,1,1,37,37,0,37.0,116080.0
135.4,75,100,90,0.0,85.098,0.95338,18.383,100,1.0,0,0.00086044,12.066,19.849,79851,87827.0,6.4939,297.95,413.11,1.8555,11.0,,23,,1.7427,0.18841,,,1.773,0,,0,1,1,37,37,0,37.0,115910.0
135.6,75,100,90,0.0,88.063,5.5433,1.8383,100,1.0,0,0.0008293,12.117,19.881,79901,87888.0,6.5062,297.93,403.45,1.8567,11.0,,23,,1.7221,0.18856,,,1.7742,0,,0,1,1,37,37,0,37.0,116390.0
135.8,75,100,90,0.0,86.093,1.663,32.163,100,1.0,0,0.0008315,12.104,19.914,79952,87948.0,6.5171,297.98,422.23,1.8579,11.0,,23,,1.7215,0.18856,,,1.7753,0,,0,1,1,37,37,0,37.0,117050.0
136.0,75,100,90,0.0,79.787,16.137,3.2163,100,1.0,0,0.00081758,12.078,19.947,80000,88008.0,6.5239,297.95,412.6,1.8591,11.0,,23,,1.7376,0.18844,,,1.7765,0,,0,1,1,37,37,0,37.0,115370.0
136.2,75,100,90,0.0,70.744,6.2959,0.32163,100,1.0,0,0.00083746,12.009,19.981,80048,88065.0,6.5232,297.93,403.43,1.8603,11.0,,23,,1.7602,0.18827,,,1.7776,0,,0,1,1,37,37,0,37.0,117200.0
136.4,75,100,90,0.0,61.999,1.8888,21.266,100,1.0,0,0.00083613,11.973,20.015,80093,88121.0,6.5175,297.96,414.95,1.8615,11.0,,23,,1.7763,0.18814,,,1.7788,0,,0,1,1,37,37,0,37.0,117700.0
136.6,75,100,90,0.0,55.548,9.7915,2.1266,100,1.0,0,0.00080836,11.964,20.049,80137,88175.0,6.5052,297.94,407.25,1.8627,11.0,,23,,1.7905,0.18803,,,1.7799,0,,0,1,1,37,37,0,37.0,116190.0
136.8,75,100,90,0.0,54.005,2.9374,35.405,100,1.0,0,0.00081529,11.953,20.084,80181,88230.0,6.493,298.0,431.47,1.8638,11.0,,23,,1.786,0.18806,,,1.781,0,,0,1,1,37,37,0,37.0,116020.0
137.0,75,100,90,0.0,57.326,22.594,3.5405,100,1.0,0,0.00079085,11.989,20.118,80225,88284.0,6.4855,297.98,421.47,1.8649,11.0,,23,,1.7803,0.18811,,,1.7821,0,,0,1,1,37,37,0,37.0,116680.0
137.2,75,100,90,0.0,63.643,13.233,0.35405,100,1.0,0,0.0007615,12.047,20.151,80271,88340.0,6.4816,297.94,408.8,1.866,11.0,,23,,1.7587,0.18827,,,1.7831,0,,0,1,1,37,37,0,37.0,117010.0
137.4,75,100,90,0.0,71.526,3.97,27.879,100,1.0,0,0.00077826,12.049,20.183,80318,88398.0,6.4842,297.98,422.85,1.8671,11.0,,23,,1.7538,0.1883,,,1.7842,0,,0,1,1,37,37,0,37.0,116660.0
137.6,75,100,90,0.0,78.351,14.71,2.7879,100,1.0,0,0.00076392,12.101,20.215,80366,88457.0,6.4942,297.95,410.76,1.8682,11.0,,23,,1.7289,0.18849,,,1.7852,0,,0,1,1,37,37,0,37.0,117980.0
137.8,75,100,90,0.0,81.165,4.4129,43.511,100,1.0,0,0.00078133,12.096,20.247,80416,88516.0,6.5043,298.02,437.69,1.8693,11.0,,23,,1.7219,0.18854,,,1.7862,0,,0,1,1,37,37,0,37.0,118630.0
138.0,75,100,90,0.0,79.968,26.863,4.3511,100,1.0,0,0.00078615,12.072,20.279,80464,88575.0,6.5122,297.99,425.53,1.8704,11.0,,23,,1.7364,0.18843,,,1.7873,0,,0,1,1,37,37,0,37.0,117950.0
138.2,75,100,90,0.0,75.603,16.149,0.43511,100,1.0,0,0.00077808,12.057,20.311,80512,88634.0,6.5195,297.95,411.76,1.8714,11.0,,23,,1.7496,0.18833,,,1.7883,0,,0,1,1,37,37,0,37.0,117770.0
138.4,75,100,90,0.0,68.312,3.5783,0.043511,100,1.0,0,0.0007803,12.012,20.344,80559,88691.0,6.5194,297.92,400.54,1.8725,11.0,,23,,1.7742,0.18814,,,1.7893,0,,0,1,1,37,37,0,37.0,118420.0
138.6,75,100,90,0.0,61.107,1.0735,18.89,100,1.0,0,0.00075804,12.01,20.376,80604,88746.0,6.5162,297.94,406.72,1.8735,11.0,,23,,1.7799,0.18809,,,1.7903,0,,0,1,1,37,37,0,37.0,117740.0
138.8,75,100,90,0.0,55.139,0.32205,1.3292,100,1.0,0,0.00074667,12.004,20.408,80648,88800.0,6.5096,297.91,397.19,1.8746,11.0,,23,,1.78,0.18809,,,1.7913,0,,0,1,1,37,37,0,37.0,118560.0
139.0,75,100,90,0.0,51.812,0.096615,28.987,100,1.0,0,0.00073168,12.012,20.44,80691,88854.0,6.5011,297.95,412.45,1.8755,11.0,,23,,1.7743,0.18813,,,1.7922,0,,0,1,1,37,37,0,37.0,119380.0
139.2,75,100,90,0.0,51.908,10.673,2.8987,100,1.0,0,0.00073323,12.007,20.472,80735,88907.0,6.4912,297.93,402.53,1.8765,11.0,,23,,1.7739,0.18813,,,1.7932,0,,0,1,1,37,37,0,37.0,118870.0
139.4,75,100,90,0.0,55.956,3.2019,42.733,100,1.0,0,0.00076648,11.97,20.505,80779,88962.0,6.4846,298.0,430.43,1.8775,11.0,,23,,1.7874,0.18803,,,1.7942,0,,0,1,1,37,37,0,37.0,118520.0
139.6,75,100,90,0.0,62.61,25.551,4.2733,100,1.0,0,0.00076009,12.0,20.538,80824,89018.0,6.4841,297.97,419.64,1.8785,11.0,,23,,1.7756,0.18812,,,1.7951,0,,0,1,1,37,37,0,37.0,118840.0
139.8,75,100,90,0.0,69.464,15.386,0.42733,100,1.0,0,0.00073767,12.037,20.569,80871,89075.0,6.4876,297.93,405.11,1.8795,11.0,,23,,1.7759,0.18811,,,1.7961,0,,0,1,1,37,37,0,37.0,118990.0
140.0,75,100,90,0.0,74.917,4.6159,32.821,100,1.0,0,0.00074954,12.045,20.6,80919,89133.0,6.4933,297.98,421.18,1.8805,12.0,,23,,1.7702,0.18815,,,1.797,0,,0,1,1,37,37,0,37.0,120140.0
140.2,75,100,90,0.0,78.128,16.732,3.2821,100,1.0,0,0.00075511,12.049,20.631,80967,89192.0,6.4993,297.94,408.24,1.8815,12.0,,23,,1.7675,0.18817,,,1.798,0,,0,1,1,37,37,0,37.0,119780.0
140.4,75,100,90,0.0,78.925,5.0195,48.625,100,1.0,0,0.00074347,12.053,20.661,81016,89252.0,6.5063,298.02,437.72,1.8825,12.0,,23,,1.7732,0.18813,,,1.7989,0,,0,1,1,37,37,0,37.0,119090.0
140.6,75,100,90,0.0,76.916,29.316,4.8625,100,1.0,0,0.00074545,12.052,20.691,81065,89311.0,6.512,297.98,424.09,1.8835,12.0,,23,,1.7681,0.18816,,,1.7999,0,,0,1,1,37,37,0,37.0,119570.0
140.8,75,100,90,0.0,72.65,17.326,0.48625,100,1.0,0,0.00074839,12.028,20.722,81112,89369.0,6.514,297.94,409.01,1.8844,12.0,,23,,1.7754,0.18811,,,1.8008,0,,0,1,1,37,37,0,37.0,120210.0
141.0,75,100,90,0.0,67.593,5.1977,31.318,100,1.0,0,0.00074824,11.99,20.754,81159,89426.0,6.5128,297.98,424.14,1.8854,12.0,,23,,1.7953,0.18795,,,1.8017,0,,0,1,1,37,37,0,37.0,120530.0
141.2,75,100,90,0.0,63.01,16.829,3.1318,100,1.0,0,0.00076869,11.964,20.786,81204,89482.0,6.5083,297.95,412.92,1.8864,12.0,,23,,1.796,0.18795,,,1.8027,0,,0,1,1,37,37,0,37.0,120520.0
141.4,75,100,90,0.0,60.238,5.9617,0.31318,100,1.0,0,0.00077045,11.948,20.818,81249,89538.0,6.4986,297.92,401.18,1.8874,12.0,,23,,1.7976,0.18793,,,1.8036,0,,0,1,1,37,37,0,37.0,120670.0
141.6,75,100,90,0.0,61.344,1.7885,22.929,100,1.0,0,0.00076454,11.964,20.85,81295,89594.0,6.4899,297.95,410.12,1.8884,12.0,,23,,1.7889,0.188,,,1.8046,0,,0,1,1,37,37,0,37.0,120990.0
141.8,75,100,90,0.0,65.891,0.53655,0.0001,100,1.0,0,0.00080395,11.925,20.883,81341,89650.0,6.4849,297.92,399.22,1.8894,12.0,,23,,1.8032,0.18789,,,1.8055,0,,0,1,1,37,37,0,37.0,121480.0
142.0,75,100,90,0.0,72.428,0.16097,30.796,100,1.0,0,0.00080832,11.947,20.915,81389,89709.0,6.4847,297.96,415.54,1.8904,12.0,,23,,1.7966,0.18793,,,1.8065,0,,0,1,1,37,37,0,37.0,121300.0
142.2,75,100,90,0.0,79.064,11.788,3.0796,100,1.0,0,0.00080652,11.964,20.947,81437,89768.0,6.4896,297.93,405.0,1.8914,12.0,,23,,1.7947,0.18795,,,1.8075,0,,0,1,1,37,37,0,37.0,121110.0
142.4,75,100,90,0.0,83.718,3.5363,43.531,100,1.0,0,0.00077342,12.044,20.977,81487,89829.0,6.4949,298.0,429.99,1.8924,12.0,,23,,1.7548,0.18825,,,1.8085,0,,0,1,1,37,37,0,37.0,121930.0
142.6,75,100,90,0.0,86.272,23.353,4.3531,100,1.0,0,0.00075562,12.077,21.008,81537,89890.0,6.5057,297.96,416.72,1.8933,12.0,,23,,1.7395,0.18836,,,1.8094,0,,0,1,1,37,37,0,37.0,121240.0
142.8,75,100,90,0.0,84.478,11.09,0.43531,100,1.0,0,0.00080817,12.01,21.039,81587,89950.0,6.514,297.93,402.76,1.8943,12.0,,23,,1.7501,0.18828,,,1.8103,0,,0,1,1,37,37,0,37.0,121220.0
143.0,75,100,90,0.0,79.421,3.327,27.624,100,1.0,0,0.00078432,12.025,21.071,81636,90010.0,6.5174,297.96,413.85,1.8953,12.0,,23,,1.7463,0.1883,,,1.8112,0,,0,1,1,37,37,0,37.0,122370.0
143.2,75,100,90,0.0,73.003,10.698,2.7624,100,1.0,0,0.00077762,12.006,21.102,81684,90068.0,6.5196,297.93,402.18,1.8962,12.0,,23,,1.7527,0.18825,,,1.8122,0,,0,1,1,37,37,0,37.0,122020.0
143.4,75,100,90,0.0,65.7,3.2093,41.33,100,1.0,0,0.00078313,11.983,21.133,81730,90125.0,6.5147,297.99,426.82,1.8972,12.0,,23,,1.7493,0.18828,,,1.8131,0,,0,1,1,37,37,0,37.0,122000.0
143.6,75,100,90,0.0,60.382,22.4,4.133,100,1.0,0,0.00075403,11.992,21.165,81775,90181.0,6.5075,297.96,415.49,1.8981,12.0,,23,,1.7518,0.18826,,,1.8139,0,,0,1,1,37,37,0,37.0,122480.0
143.8,75,100,90,0.0,57.895,11.576,0.4133,100,1.0,0,0.00075455,11.976,21.196,81819,90236.0,6.4983,297.93,401.73,1.899,12.0,,23,,1.7582,0.18821,,,1.8148,0,,0,1,1,37,37,0,37.0,122130.0
144.0,75,100,90,0.0,59.085,3.4729,29.683,100,1.0,0,0.00073483,12.011,21.227,81864,90292.0,6.4914,297.96,414.45,1.8999,12.0,1729.8,23,1776.9,1.743,0.18832,21.102,25.648,1.8157,0,72.063,0,1,1,37,37,0,37.0,121610.0
144.2,75,100,90,0.0,63.019,12.144,2.9683,100,1.0,0,0.00071316,12.056,21.256,81910,90348.0,6.4904,297.92,400.48,1.9007,12.0,,23,,1.7272,0.18844,,,1.8165,0,,0,1,1,37,37,0,37.0,122750.0
144.4,75,100,90,0.0,67.368,3.6432,46.381,100,1.0,0,0.00070319,12.087,21.285,81956,90405.0,6.4909,297.99,426.17,1.9016,12.0,,23,,1.7082,0.18858,,,1.8173,0,,0,1,1,37,37,0,37.0,122550.0
144.6,75,100,90,0.0,71.539,23.583,4.6381,100,1.0,0,0.00069592,12.116,21.315,82003,90463.0,6.4969,297.95,410.29,1.9024,12.0,,23,,1.6926,0.1887,,,1.818,0,,0,1,1,37,37,0,37.0,123360.0
144.8,75,100,90,0.0,73.28,7.0748,62.503,100,1.0,0,0.00068748,12.117,21.343,82051,90521.0,6.5036,298.05,448.57,1.9031,12.0,,23,,1.7001,0.18864,,,1.8188,0,,0,1,1,37,37,0,37.0,123490.0
145.0,75,100,90,0.0,72.356,38.995,6.2503,100,1.0,0,0.00067868,12.129,21.372,82098,90579.0,6.508,298.0,431.02,1.9039,12.0,,23,,1.6903,0.18871,,,1.8195,0,,0,1,1,37,37,0,37.0,123130.0
145.2,75,100,90,0.0,69.668,24.571,0.62503,100,1.0,0,0.00066057,12.139,21.401,82145,90636.0,6.5106,297.95,409.88,1.9046,12.0,,23,,1.6867,0.18874,,,1.8202,0,,0,1,1,37,37,0,37.0,123760.0
145.4,75,100,90,0.0,65.958,7.3714,40.172,100,1.0,0,0.00066472,12.107,21.43,82191,90693.0,6.5101,297.99,427.79,1.9054,12.0,,23,,1.7061,0.18859,,,1.8209,0,,0,1,1,37,37,0,37.0,123570.0
145.6,75,100,90,0.0,62.433,21.465,4.0172,100,1.0,0,0.00062945,12.13,21.457,82237,90749.0,6.5081,297.95,410.19,1.9061,12.0,,23,,1.7118,0.18855,,,1.8216,0,,0,1,1,37,37,0,37.0,123030.0
145.8,75,100,90,0.0,59.719,6.4394,56.696,100,1.0,0,0.00064564,12.089,21.486,82282,90804.0,6.5034,298.03,442.93,1.9067,12.0,,23,,1.7293,0.18841,,,1.8222,0,,0,1,1,37,37,0,37.0,123830.0
146.0,75,100,90,0.0,58.874,33.447,5.6696,100,1.0,0,0.00062946,12.09,21.515,82326,90859.0,6.4985,297.99,425.52,1.9074,12.0,,23,,1.7409,0.18832,,,1.8229,0,,0,1,1,37,37,0,37.0,124800.0
146.2,75,100,90,0.0,59.996,18.753,0.56696,100,1.0,0,0.00065432,12.073,21.544,82371,90915.0,6.4952,297.94,406.23,1.9081,12.0,,23,,1.7382,0.18834,,,1.8235,0,,0,1,1,37,37,0,37.0,123610.0
146.4,75,100,90,0.0,62.449,5.6258,34.848,100,1.0,0,0.0006461,12.102,21.572,82417,90971.0,6.4958,297.97,418.94,1.9087,12.0,,23,,1.7264,0.18843,,,1.8242,0,,0,1,1,37,37,0,37.0,123410.0
146.6,75,100,90,0.0,64.627,14.75,3.4848,100,1.0,0,0.00063445,12.131,21.6,82463,91027.0,6.5007,297.93,401.22,1.9094,12.0,,23,,1.7143,0.18852,,,1.8248,0,,0,1,1,37,37,0,37.0,123370.0
146.8,75,100,90,0.0,64.841,4.4251,51.227,100,1.0,0,0.00065421,12.126,21.629,82508,91084.0,6.5065,297.99,428.66,1.91,12.0,,23,,1.6994,0.18863,,,1.8254,0,,0,1,1,37,37,0,37.0,124680.0
147.0,75,100,90,0.0,62.774,25.876,5.1227,100,1.0,0,0.00064838,12.122,21.657,82554,91140.0,6.5076,297.95,411.94,1.9107,12.0,,23,,1.6996,0.18863,,,1.826,0,,0,1,1,37,37,0,37.0,124480.0
147.2,75,100,90,0.0,60.251,10.574,0.51227,100,1.0,0,0.00065072,12.092,21.686,82599,91195.0,6.5055,297.9,393.19,1.9113,12.0,,23,,1.719,0.18848,,,1.8266,0,,0,1,1,37,37,0,37.0,124110.0
147.4,75,100,90,0.0,58.592,3.1721,33.259,100,1.0,0,0.00061429,12.15,21.713,82644,91251.0,6.5025,297.93,403.71,1.9119,12.0,,23,,1.6921,0.18868,,,1.8272,0,,0,1,1,37,37,0,37.0,125070.0
147.6,75,100,90,0.0,58.095,0.95163,0.0001,100,1.0,0,0.00059639,12.182,21.74,82688,91306.0,6.5012,297.88,383.69,1.9125,12.0,,23,,1.6732,0.18882,,,1.8278,0,,0,1,1,37,37,0,37.0,125030.0
147.8,75,100,90,0.0,58.117,0.28549,46.571,100,1.0,0,0.000593,12.2,21.767,82733,91361.0,6.5014,297.94,405.57,1.913,12.0,,23,,1.6576,0.18894,,,1.8283,0,,0,1,1,37,37,0,37.0,125160.0
148.0,75,100,90,0.0,58.074,0.085646,0.0001,100,1.0,0,0.00057941,12.213,21.793,82777,91416.0,6.5032,297.88,384.81,1.9136,12.0,,23,,1.6545,0.18896,,,1.8288,0,,0,1,1,37,37,0,37.0,124450.0
148.2,75,100,90,0.0,57.31,0.025694,52.828,100,1.0,0,0.00055561,12.246,21.818,82821,91470.0,6.5052,297.95,411.01,1.914,12.0,,23,,1.6399,0.18907,,,1.8293,0,,0,1,1,37,37,0,37.0,124400.0
148.4,75,100,90,0.0,55.737,0.0077082,0.0001,100,1.0,0,0.00057981,12.209,21.845,82866,91525.0,6.5053,297.9,390.32,1.9145,12.0,,23,,1.6479,0.18901,,,1.8297,0,,0,1,1,37,37,0,37.0,124530.0
148.6,75,100,90,0.0,54.149,0.0023124,52.59,100,1.0,0,0.00057323,12.21,21.871,82909,91579.0,6.5051,297.96,417.01,1.915,12.0,,23,,1.6506,0.18899,,,1.8302,0,,0,1,1,37,37,0,37.0,125490.0
148.8,75,100,90,0.0,52.627,19.715,5.259,100,1.0,0,0.00059288,12.189,21.898,82953,91633.0,6.5049,297.92,398.37,1.9155,12.0,,23,,1.6493,0.189,,,1.8307,0,,0,1,1,37,37,0,37.0,125110.0
149.0,75,100,90,0.0,51.189,5.9145,66.99,100,1.0,0,0.00060292,12.182,21.925,82996,91687.0,6.5028,298.02,438.07,1.9161,12.0,,23,,1.6455,0.18903,,,1.8312,0,,0,1,1,37,37,0,37.0,125070.0
149.2,75,100,90,0.0,50.609,37.6,6.699,100,1.0,0,0.00059916,12.182,21.952,83039,91740.0,6.4991,297.97,418.58,1.9166,12.0,,23,,1.6432,0.18904,,,1.8317,0,,0,1,1,37,37,0,37.0,125530.0
149.4,75,100,90,0.0,51.494,20.63,0.6699,100,1.0,0,0.00061476,12.169,21.979,83082,91794.0,6.4958,297.91,396.53,1.9171,12.0,,23,,1.6462,0.18902,,,1.8322,0,,0,1,1,37,37,0,37.0,125990.0
149.6,75,100,90,0.0,53.714,6.1889,42.331,100,1.0,0,0.00061965,12.165,22.007,83125,91849.0,6.4949,297.96,414.26,1.9176,12.0,,23,,1.6501,0.18899,,,1.8327,0,,0,1,1,37,37,0,37.0,125790.0
149.8,75,100,90,0.0,56.254,18.696,4.2331,100,1.0,0,0.00062876,12.181,22.034,83170,91904.0,6.4966,297.91,395.6,1.9181,12.0,,23,,1.6337,0.18911,,,1.8332,0,,0,1,1,37,37,0,37.0,126590.0
150.0,75,100,90,0.0,58.128,5.6087,61.64,100,1.0,0,0.00062244,12.202,22.061,83214,91959.0,6.5012,298.0,429.96,1.9187,12.0,,23,,1.6229,0.18919,,,1.8337,0,,0,1,1,37,37,0,37.0,127220.0
150.2,75,100,90,0.0,58.159,32.322,6.164,0,0.9,-4000,0.00064742,10.979,22.094,82542,91194.0,6.5347,297.97,420.62,1.9088,12.0,,23,,1.7082,0.18857,,,1.8242,0,,0,1,1,37,37,0,37.0,126200.0
150.4,75,100,90,0.0,44.686,23.47,0.6164,0,0.9,-4000,0.00067481,10.905,22.128,81866,90427.0,6.5572,297.95,410.14,1.8938,12.0,,23,,1.7186,0.18852,,,1.8098,0,,0,1,1,37,37,0,37.0,127200.0
150.6,75,100,90,0.51869,22.343,7.0409,36.167,0,0.9,-4000,0.00067373,10.831,22.163,81187,89656.0,6.5556,298.01,436.41,1.8785,12.0,,23,,1.7112,0.1886,,,1.7951,0,,0,1,1,37,37,0,37.0,127360.0
150.8,75,100,90,1.0399,11.172,28.434,3.6167,0,0.9,-4000,0.000673,10.782,22.199,80505,88882.0,6.5394,298.0,430.0,1.8632,12.0,,23,,1.7067,0.18867,,,1.7804,0,,0,1,1,37,37,0,37.0,126370.0
151.0,75,100,90,0.0,0.0,22.764,0.36167,0,0.9,-4000,0.00071499,10.681,22.236,79822,88106.0,6.5118,297.98,423.93,1.8479,12.0,,23,,1.7178,0.18861,,,1.7657,0,,0,1,1,37,37,0,37.0,126210.0
151.2,75,100,90,0.0,0.0,17.352,0.036167,0,0.9,-4000,0.00068216,10.718,22.272,79138,87330.0,6.487,297.97,417.69,1.8326,12.0,,23,,1.6846,0.18889,,,1.751,0,,0,1,1,37,37,0,37.0,127050.0
151.4,75,100,90,0.0,5.693,11.148,0.0036167,0,0.9,-4000,0.00069002,10.736,22.309,78455,86555.0,6.4693,297.95,412.3,1.8173,12.0,,23,,1.6449,0.18922,,,1.7363,0,,0,1,1,37,37,0,37.0,127550.0
151.6,75,100,90,0.0,18.471,5.0644,0.00036167,0,0.9,-4000,0.00068081,10.78,22.344,77776,85782.0,6.4656,297.93,406.04,1.802,12.0,,23,,1.622,0.18942,,,1.7215,0,,0,1,1,37,37,0,37.0,127380.0
151.8,75,100,90,0.0,32.688,1.5193,19.598,0,0.9,-4000,0.00073023,10.773,22.379,77099,85013.0,6.4739,297.97,417.68,1.7866,12.0,,23,,1.6054,0.18958,,,1.7068,0,,0,1,1,37,37,0,37.0,128380.0
152.0,75,100,90,0.0,43.594,10.003,1.9598,0,0.9,-4000,0.00071932,10.823,22.413,76424,84245.0,6.4935,297.95,410.58,1.7713,12.0,,23,,1.5734,0.18985,,,1.6921,0,,0,1,1,37,37,0,37.0,128880.0
152.2,75,100,90,0.0,46.688,3.001,34.297,0,0.9,0,0.00068115,10.886,22.445,76447,84279.0,6.4889,298.01,432.27,1.7668,12.0,,23,,1.5377,0.19013,,,1.6878,0,,0,1,1,37,37,0,37.0,128030.0
152.4,75,100,90,0.0,51.725,21.543,3.4297,0,0.9,0,0.00068158,10.913,22.478,76471,84313.0,6.4894,297.98,422.99,1.767,12.0,,23,,1.5123,0.19032,,,1.688,0,,0,1,1,37,37,0,37.0,127850.0
152.6,75,100,90,0.0,56.465,12.6,0.34297,0,0.9,0,0.00068302,10.932,22.51,76495,84348.0,6.4944,297.95,411.32,1.7675,12.0,,23,,1.4977,0.19043,,,1.6884,0,,0,1,1,37,37,0,37.0,128840.0
152.8,75,100,90,0.0,59.196,3.7799,26.084,0,0.9,0,0.00068848,10.927,22.543,76521,84384.0,6.5022,297.98,424.22,1.768,12.0,,23,,1.5014,0.1904,,,1.6889,0,,0,1,1,37,37,0,37.0,128490.0
153.0,75,100,90,0.0,58.832,14.21,2.6084,0,0.9,0,0.00068125,10.92,22.575,76546,84420.0,6.5102,297.96,414.08,1.7684,12.0,,23,,1.5181,0.19027,,,1.6893,0,,0,1,1,37,37,0,37.0,128810.0
153.2,75,100,90,0.0,55.257,3.8234,0.26084,0,0.9,0,0.00064923,10.943,22.606,76570,84455.0,6.5141,297.92,402.57,1.7689,12.0,,23,,1.5083,0.19035,,,1.6897,0,,0,1,1,37,37,0,37.0,129790.0
153.4,75,100,90,0.0,50.165,1.147,21.342,0,0.9,0,0.00064119,10.915,22.638,76594,84488.0,6.5123,297.95,410.68,1.7693,12.0,,23,,1.5249,0.19022,,,1.6901,0,,0,1,1,37,37,0,37.0,130100.0
153.6,75,100,90,0.0,45.797,0.3441,0.0001,0,0.9,0,0.000658,10.876,22.67,76616,84522.0,6.5073,297.92,400.47,1.7697,12.0,,23,,1.5336,0.19015,,,1.6905,0,,0,1,1,37,37,0,37.0,128920.0
153.8,75,100,90,0.0,43.397,0.10323,30.348,0,0.9,0,0.00061361,10.914,22.701,76639,84554.0,6.5021,297.96,416.62,1.77,12.0,,23,,1.5212,0.19025,,,1.6909,0,,0,1,1,37,37,0,37.0,129400.0
154.0,75,100,90,0.0,43.087,12.428,3.0348,0,0.9,0,0.00059852,10.927,22.732,76661,84586.0,6.4964,297.93,405.51,1.7704,12.0,,23,,1.5156,0.19029,,,1.6912,0,,0,1,1,37,37,0,37.0,129710.0
154.2,75,100,90,0.0,45.063,3.7284,45.886,0,0.9,0,0.00060059,10.937,22.762,76683,84619.0,6.4945,298.01,433.8,1.7707,12.0,,23,,1.5081,0.19034,,,1.6915,0,,0,1,1,37,37,0,37.0,129520.0
154.4,75,100,90,0.0,47.758,27.956,4.5886,0,0.9,0,0.00059494,10.941,22.791,76706,84652.0,6.496,297.97,419.57,1.771,12.0,,23,,1.5141,0.1903,,,1.6918,0,,0,1,1,37,37,0,37.0,129660.0
154.6,75,100,90,0.0,49.865,14.416,0.45886,0,0.9,0,0.00059632,10.929,22.82,76729,84686.0,6.4989,297.93,404.29,1.7713,12.0,,23,,1.526,0.19021,,,1.6921,0,,0,1,1,37,37,0,37.0,130630.0
154.8,75,100,90,0.0,50.817,4.3248,31.27,0,0.9,0,0.00065922,10.856,22.852,76753,84720.0,6.5002,297.97,420.26,1.7716,12.0,,23,,1.5485,0.19004,,,1.6924,0,,0,1,1,37,37,0,37.0,129280.0
155.0,75,100,90,0.0,51.242,16.946,3.127,0,0.9,0,0.00066689,10.853,22.884,76777,84754.0,6.5017,297.94,408.71,1.772,12.0,,23,,1.5499,0.19003,,,1.6928,0,,0,1,1,37,37,0,37.0,130430.0
155.2,75,100,90,0.0,51.089,5.0839,48.854,0,0.9,0,0.00067147,10.855,22.915,76800,84788.0,6.5004,298.03,440.2,1.7723,12.0,,23,,1.5405,0.1901,,,1.6931,0,,0,1,1,37,37,0,37.0,129740.0
155.4,75,100,90,0.0,51.476,32.602,4.8854,0,0.9,0,0.0006545,10.895,22.946,76824,84821.0,6.4992,297.99,426.86,1.7727,12.0,,23,,1.5101,0.19033,,,1.6934,0,,0,1,1,37,37,0,37.0,130050.0
155.6,75,100,90,0.0,52.33,20.492,0.48854,0,0.9,0,0.00065153,10.907,22.976,76848,84855.0,6.4978,297.95,411.08,1.773,12.0,,23,,1.4931,0.19045,,,1.6937,0,,0,1,1,37,37,0,37.0,130860.0
155.8,75,100,90,0.0,53.72,6.1475,34.657,0,0.9,0,0.00067534,10.897,23.007,76872,84890.0,6.4973,298.0,428.89,1.7733,12.0,,23,,1.4862,0.1905,,,1.694,0,,0,1,1,37,37,0,37.0,130010.0
156.0,75,100,90,0.0,55.308,21.173,3.4657,0,0.9,0,0.00071258,10.878,23.039,76897,84924.0,6.4969,297.96,416.52,1.7737,12.0,1980.4,23,1883.7,1.4758,0.19058,22.915,25.734,1.6944,0,81.52,0,1,1,37,37,0,37.0,130160.0
156.2,75,100,90,0.0,57.075,9.1216,0.34657,0,0.9,0,0.00075779,10.835,23.072,76921,84960.0,6.4976,297.93,404.68,1.7741,12.0,,23,,1.4824,0.19053,,,1.6948,0,,0,1,1,37,37,0,37.0,131820.0
156.4,75,100,90,0.0,58.566,2.7365,24.215,0,0.9,0,0.00076567,10.832,23.105,76947,84995.0,6.4995,297.96,415.49,1.7745,12.0,,23,,1.481,0.19054,,,1.6952,0,,0,1,1,37,37,0,37.0,131140.0
156.6,75,100,90,0.0,59.288,10.482,2.4215,0,0.9,0,0.00081765,10.766,23.14,76972,85031.0,6.5012,297.94,406.3,1.7749,12.0,,23,,1.5087,0.19033,,,1.6956,0,,0,1,1,37,37,0,37.0,131640.0
156.8,75,100,90,0.0,59.346,3.1446,38.227,0,0.9,0,0.0008467,10.731,23.175,76997,85066.0,6.5029,298.0,431.27,1.7754,12.0,,23,,1.5247,0.19021,,,1.696,0,,0,1,1,37,37,0,37.0,131140.0
157.0,75,100,90,0.0,58.708,24.201,3.8227,0,0.9,0,0.0009051,10.666,23.212,77022,85102.0,6.5041,297.98,422.46,1.7759,12.0,,23,,1.5427,0.19007,,,1.6965,0,,0,1,1,37,37,0,37.0,131480.0
157.2,75,100,90,0.0,57.595,15.586,0.38227,0,0.9,0,0.00093787,10.638,23.25,77047,85138.0,6.5043,297.95,413.3,1.7765,12.0,,23,,1.5421,0.19008,,,1.697,0,,0,1,1,37,37,0,37.0,131660.0
157.4,75,100,90,0.0,56.403,6.4267,0.038227,0,0.9,0,0.00094165,10.629,23.287,77072,85173.0,6.5032,297.93,405.54,1.777,12.0,,23,,1.5482,0.19003,,,1.6976,0,,0,1,1,37,37,0,37.0,131500.0
157.6,75,100,90,0.0,55.635,1.928,19.878,0,0.9,0,0.0009386,10.62,23.324,77096,85208.0,6.5012,297.96,416.27,1.7775,12.0,,23,,1.5554,0.18997,,,1.6981,0,,0,1,1,37,37,0,37.0,133340.0
157.8,75,100,90,0.0,55.684,9.5788,1.9878,0,0.9,0,0.00093748,10.601,23.36,77121,85243.0,6.5013,297.94,409.6,1.7781,12.0,,23,,1.5766,0.18981,,,1.6986,0,,0,1,1,37,37,0,37.0,131850.0
158.0,75,100,90,0.0,55.682,2.8736,33.398,0,0.9,0,0.00096177,10.578,23.398,77145,85279.0,6.5022,298.01,432.59,1.7786,12.0,,23,,1.5802,0.18979,,,1.6991,0,,0,1,1,37,37,0,37.0,133190.0
158.2,75,100,90,0.0,55.327,22.324,3.3398,0,0.9,0,0.00096531,10.582,23.435,77170,85314.0,6.5029,297.99,425.63,1.7792,12.0,,23,,1.5718,0.18985,,,1.6996,0,,0,1,1,37,37,0,37.0,133200.0
158.4,75,100,90,0.0,54.706,15.612,0.33398,0,0.9,0,0.00099675,10.553,23.472,77194,85349.0,6.5006,297.97,417.76,1.7797,12.0,,23,,1.5747,0.18982,,,1.7002,0,,0,1,1,37,37,0,37.0,132210.0
158.6,75,100,90,0.0,54.981,7.9626,0.033398,0,0.9,0,0.0010187,10.519,23.511,77219,85384.0,6.4976,297.95,411.0,1.7803,12.0,,23,,1.5922,0.18969,,,1.7007,0,,0,1,1,37,37,0,37.0,133060.0
158.8,75,100,90,0.0,56.481,2.3888,18.528,0,0.9,0,0.0010059,10.528,23.549,77243,85419.0,6.4946,297.98,421.25,1.7808,12.0,,23,,1.5902,0.18971,,,1.7013,0,,0,1,1,37,37,0,37.0,133910.0
159.0,75,100,90,0.0,59.156,10.1,1.8528,0,0.9,0,0.0010087,10.531,23.586,77268,85455.0,6.4918,297.96,415.27,1.7814,12.0,,23,,1.5845,0.18975,,,1.7018,0,,0,1,1,37,37,0,37.0,134590.0
159.2,75,100,90,0.0,62.95,3.4181,0.18528,0,0.9,0,0.0010186,10.532,23.625,77294,85491.0,6.4924,297.94,408.39,1.782,12.0,,23,,1.5807,0.18977,,,1.7023,0,,0,1,1,37,37,0,37.0,134430.0
159.4,75,100,90,0.0,66.488,1.0254,16.755,0,0.9,0,0.0010361,10.519,23.663,77321,85529.0,6.4953,297.96,416.82,1.7825,12.0,,23,,1.5889,0.18971,,,1.7029,0,,0,1,1,37,37,0,37.0,133620.0
159.6,75,100,90,0.0,68.881,6.7799,1.6755,0,0.9,0,0.0010735,10.485,23.702,77348,85567.0,6.4961,297.95,411.45,1.7831,12.0,,23,,1.6031,0.1896,,,1.7035,0,,0,1,1,37,37,0,37.0,134630.0
159.8,75,100,90,0.0,70.974,2.034,26.944,0,0.9,0,0.0010674,10.495,23.74,77376,85605.0,6.5008,298.0,428.96,1.7837,12.0,,23,,1.6053,0.18959,,,1.704,0,,0,1,1,37,37,0,37.0,134480.0
160.0,75,100,90,0.0,71.154,16.489,2.6944,0,0.9,0,0.0010704,10.487,23.778,77403,85643.0,6.5059,297.98,423.61,1.7843,12.0,,23,,1.6118,0.18954,,,1.7046,0,,0,1,1,37,37,0,37.0,134000.0
160.2,75,100,90,0.0,69.31,11.037,0.26944,400,0.9,0,0.0010634,12.147,23.792,77511,85761.0,6.5097,297.91,395.48,1.7849,12.0,,23,,1.163,0.19291,,,1.7052,0,,0,1,1,37,37,0,37.0,134900.0
160.4,75,100,90,0.0,65.951,3.3111,48.842,400,0.9,0,0.001084,12.123,23.806,77617,85878.0,6.5113,297.95,411.66,1.7855,12.0,,23,,1.1421,0.19307,,,1.7057,0,,0,1,1,37,37,0,37.0,135300.0
160.6,75,100,90,0.0,61.955,0.99334,0.0001,400,0.9,0,0.0010935,12.115,23.82,77723,85995.0,6.5092,297.88,383.86,1.7861,12.0,,23,,1.1425,0.19306,,,1.7063,0,,0,1,1,37,37,0,37.0,135030.0
160.8,75,100,90,0.0,58.797,0.298,59.133,400,0.9,0,0.0010949,12.115,23.835,77828,86110.0,6.505,297.94,409.49,1.7866,12.0,,23,,1.1425,0.19306,,,1.7068,0,,0,1,1,37,37,0,37.0,134770.0
161.0,75,100,90,0.0,57.341,0.089401,0.0001,400,0.9,0,0.0010961,12.102,23.85,77933,86226.0,6.4995,297.87,381.7,1.7872,12.0,,23,,1.1593,0.19293,,,1.7074,0,,0,1,1,37,37,0,37.0,135340.0
161.2,75,100,90,0.0,58.084,0.02682,65.586,400,0.9,0,0.0010909,12.132,23.864,78038,86341.0,6.4935,297.95,413.11,1.7878,12.0,,23,,1.1516,0.19299,,,1.708,0,,0,1,1,37,37,0,37.0,134250.0
161.4,75,100,90,0.0,61.215,24.611,6.5586,400,0.9,0,0.0011329,12.133,23.88,78143,86458.0,6.4895,297.89,389.66,1.7884,12.0,,23,,1.1487,0.19301,,,1.7085,0,,0,1,1,37,37,0,37.0,135150.0
161.6,75,100,90,0.0,65.91,7.3832,86.123,400,0.9,0,0.0011305,12.179,23.894,78250,86575.0,6.4908,298.02,438.97,1.789,12.0,,23,,1.1332,0.19313,,,1.7091,0,,0,1,1,37,37,0,37.0,135390.0
161.8,75,100,90,0.0,70.103,49.03,8.6123,400,0.9,0,0.0011391,12.186,23.909,78357,86693.0,6.4949,297.96,416.04,1.7896,12.0,,23,,1.1492,0.19301,,,1.7096,0,,0,1,1,37,37,0,37.0,135460.0
162.0,75,100,90,0.0,72.666,27.857,0.86123,400,0.9,0,0.001173,12.174,23.924,78465,86811.0,6.5006,297.89,387.39,1.7902,12.0,,23,,1.1608,0.19292,,,1.7102,0,,0,1,1,37,37,0,37.0,135700.0
162.2,75,100,90,0.0,72.96,8.3572,58.406,400,0.9,0,0.0011959,12.179,23.94,78573,86930.0,6.5065,297.95,411.78,1.7908,12.0,,23,,1.1553,0.19296,,,1.7108,0,,0,1,1,37,37,0,37.0,135780.0
162.4,75,100,90,0.0,70.894,2.5071,0.0001,400,0.9,0,0.0012181,12.146,23.956,78680,87048.0,6.5117,297.88,383.69,1.7914,12.0,,23,,1.1866,0.19272,,,1.7114,0,,0,1,1,37,37,0,37.0,135860.0
162.6,75,100,90,0.0,66.73,0.75214,65.876,400,0.9,0,0.001174,12.171,23.972,78787,87166.0,6.5153,297.96,415.15,1.792,12.0,,23,,1.1902,0.19269,,,1.712,0,,0,1,1,37,37,0,37.0,135770.0
162.8,75,100,90,0.0,61.136,25.325,6.5876,400,0.9,0,0.0011506,12.19,23.987,78893,87282.0,6.5114,297.9,392.1,1.7926,12.0,,23,,1.175,0.19281,,,1.7125,0,,0,1,1,37,37,0,37.0,135680.0
163.0,75,100,90,0.0,57.122,7.5975,84.806,400,0.9,0,0.001152,12.19,24.002,78997,87397.0,6.505,298.02,440.15,1.7931,12.0,,23,,1.1735,0.19282,,,1.7131,0,,0,1,1,37,37,0,37.0,135920.0
163.2,75,100,90,0.0,55.643,47.918,8.4806,400,0.9,0,0.0011532,12.192,24.018,79101,87512.0,6.4955,297.97,418.1,1.7937,12.0,,23,,1.1795,0.19277,,,1.7136,0,,0,1,1,37,37,0,37.0,135490.0
163.4,75,100,90,0.0,57.959,27.863,0.84806,400,0.9,0,0.0012111,12.165,24.035,79206,87628.0,6.4888,297.89,390.05,1.7943,12.0,,23,,1.1955,0.19265,,,1.7142,0,,0,1,1,37,37,0,37.0,135240.0
163.6,75,100,90,0.0,62.962,8.359,56.955,400,0.9,0,0.0012223,12.181,24.05,79312,87744.0,6.4862,297.95,413.3,1.7949,12.0,,23,,1.205,0.19258,,,1.7148,0,,0,1,1,37,37,0,37.0,134820.0
163.8,75,100,90,0.0,68.972,25.945,5.6955,400,0.9,0,0.0012164,12.225,24.066,79419,87862.0,6.4875,297.89,390.0,1.7955,12.0,,23,,1.1893,0.19269,,,1.7154,0,,0,1,1,37,37,0,37.0,135390.0
164.0,75,100,90,0.0,74.489,7.7834,81.015,400,0.9,0,0.001189,12.275,24.081,79527,87981.0,6.4934,298.01,434.7,1.7961,12.0,,23,,1.1805,0.19276,,,1.7159,0,,0,1,1,37,37,0,37.0,134960.0
164.2,75,100,90,0.0,77.619,44.597,8.1015,400,0.9,0,0.0011756,12.297,24.095,79636,88100.0,6.5015,297.95,412.2,1.7967,12.0,,23,,1.1892,0.19269,,,1.7165,0,,0,1,1,37,37,0,37.0,136530.0
164.4,75,100,90,0.0,77.532,23.783,0.81015,400,0.9,0,0.0011863,12.312,24.108,79745,88220.0,6.5071,297.88,383.71,1.7973,12.0,,23,,1.1807,0.19275,,,1.717,0,,0,1,1,37,37,0,37.0,136430.0
164.6,75,100,90,0.0,75.211,7.135,56.111,400,0.9,0,0.0011825,12.315,24.122,79853,88339.0,6.5121,297.93,405.94,1.7978,12.0,,23,,1.1849,0.19272,,,1.7176,0,,0,1,1,37,37,0,37.0,136000.0
164.8,75,100,90,0.0,70.889,2.1405,0.0001,400,0.9,0,0.0011791,12.311,24.136,79960,88457.0,6.5146,297.86,377.65,1.7984,12.0,,23,,1.1922,0.19267,,,1.7181,0,,0,1,1,37,37,0,37.0,135900.0
165.0,75,100,90,0.0,65.592,0.64215,66.587,400,0.9,0,0.0011578,12.317,24.15,80066,88574.0,6.5132,297.94,409.55,1.799,12.0,,23,,1.19,0.19268,,,1.7187,0,,0,1,1,37,37,0,37.0,136630.0
165.2,75,100,90,0.0,60.831,0.19265,0.0001,400,0.9,0,0.0010957,12.365,24.164,80172,88689.0,6.5084,297.87,381.28,1.7995,12.0,,23,,1.1741,0.1928,,,1.7192,0,,0,1,1,37,37,0,37.0,136860.0
165.4,75,100,90,0.0,57.994,0.057794,68.92,400,0.9,0,0.0010664,12.393,24.176,80276,88804.0,6.5001,297.96,415.22,1.8,12.0,,23,,1.1637,0.19288,,,1.7196,0,,0,1,1,37,37,0,37.0,136090.0
165.6,75,100,90,0.0,58.47,26.121,6.892,400,0.9,0,0.0010746,12.408,24.19,80381,88920.0,6.49,297.9,392.52,1.8004,12.0,,23,,1.1525,0.19296,,,1.7201,0,,0,1,1,37,37,0,37.0,135820.0
165.8,75,100,90,0.0,63.001,7.8362,85.875,400,0.9,0,0.0010702,12.432,24.202,80487,89036.0,6.4826,298.03,441.24,1.8009,12.0,,23,,1.1519,0.19296,,,1.7205,0,,0,1,1,37,37,0,37.0,136890.0
166.0,75,100,90,0.0,70.493,47.993,8.5875,400,0.9,0,0.0010222,12.522,24.213,80594,89153.0,6.4806,297.97,419.3,1.8014,12.0,,23,,1.1243,0.19317,,,1.721,0,,0,1,1,37,37,0,37.0,136610.0
166.2,75,100,90,0.0,78.755,28.451,0.85875,400,0.9,0,0.0010141,12.576,24.223,80703,89272.0,6.4847,297.9,391.05,1.8018,12.0,,23,,1.108,0.19329,,,1.7214,0,,0,1,1,37,37,0,37.0,136650.0
166.4,75,100,90,0.0,85.378,8.5353,56.959,400,0.9,0,0.001006,12.613,24.233,80813,89392.0,6.4908,297.95,413.75,1.8022,12.0,,23,,1.1016,0.19334,,,1.7218,0,,0,1,1,37,37,0,37.0,136370.0
166.6,75,100,90,0.0,89.577,25.36,5.6959,400,0.9,0,0.001055,12.619,24.244,80924,89514.0,6.4988,297.89,389.43,1.8026,12.0,,23,,1.0919,0.19341,,,1.7222,0,,0,1,1,37,37,0,37.0,137580.0
166.8,75,100,90,0.0,90.553,7.608,80.391,400,0.9,0,0.00108,12.609,24.255,81035,89635.0,6.5064,298.0,433.01,1.8031,12.0,,23,,1.1053,0.19331,,,1.7226,0,,0,1,1,37,37,0,37.0,137470.0
167.0,75,100,90,0.0,88.504,42.666,8.0391,400,0.9,0,0.0011183,12.589,24.266,81146,89756.0,6.5119,297.94,408.56,1.8035,12.0,,23,,1.1132,0.19325,,,1.7231,0,,0,1,1,37,37,0,37.0,137360.0
167.2,75,100,90,0.0,84.288,12.8,101.27,400,0.9,0,0.0011173,12.595,24.278,81256,89876.0,6.5125,298.1,470.08,1.804,12.0,,23,,1.1129,0.19325,,,1.7235,0,,0,1,1,37,37,0,37.0,137420.0
167.4,75,100,90,0.0,79.842,65.462,10.127,400,0.9,0,0.0011112,12.586,24.29,81365,89996.0,6.5135,298.03,444.2,1.8045,12.0,,23,,1.1255,0.19315,,,1.724,0,,0,1,1,37,37,0,37.0,137140.0
167.6,75,100,90,0.0,74.964,45.131,1.0127,400,0.9,0,0.00111,12.595,24.302,81473,90114.0,6.5122,297.95,411.96,1.8049,12.0,,23,,1.1171,0.19322,,,1.7244,0,,0,1,1,37,37,0,37.0,136700.0
167.8,75,100,90,0.0,70.592,18.412,0.10127,400,0.9,0,0.0011017,12.605,24.314,81580,90232.0,6.509,297.87,381.57,1.8054,12.0,,23,,1.1075,0.19329,,,1.7248,0,,0,1,1,37,37,0,37.0,136760.0
168.0,75,100,90,0.0,67.52,5.5236,46.571,400,0.9,0,0.0010914,12.623,24.326,81686,90348.0,6.504,297.91,394.62,1.8058,12.0,2296.0,23,1970.0,1.0942,0.19338,24.278,25.079,1.7253,0,78.64,0,1,1,37,37,0,37.0,137320.0
168.2,75,100,90,0.0,66.453,1.6571,0.0001,400,0.9,0,0.0010733,12.655,24.338,81793,90465.0,6.4962,297.83,365.94,1.8062,12.0,,23,,1.0807,0.19348,,,1.7257,0,,0,1,1,37,37,0,37.0,137370.0
168.4,75,100,90,0.0,68.489,0.49712,65.329,400,0.9,0,0.0010496,12.683,24.349,81899,90582.0,6.4899,297.91,396.44,1.8067,12.0,,23,,1.0813,0.19348,,,1.7261,0,,0,1,1,37,37,0,37.0,137930.0
168.6,75,100,90,0.0,73.053,0.14914,0.0001,400,0.9,0,0.0010686,12.696,24.36,82007,90699.0,6.4856,297.84,367.85,1.8071,12.0,,23,,1.082,0.19347,,,1.7264,0,,0,1,1,37,37,0,37.0,136980.0
168.8,75,100,90,0.0,79.335,0.044741,73.776,400,0.9,0,0.0010716,12.732,24.371,82116,90818.0,6.4844,297.93,405.9,1.8075,12.0,,23,,1.0751,0.19352,,,1.7268,0,,0,1,1,37,37,0,37.0,137040.0
169.0,75,100,90,0.0,86.066,0.013422,0.0001,400,0.9,0,0.0010932,12.772,24.383,82226,90939.0,6.4871,297.86,377.22,1.8079,12.0,,23,,1.0481,0.19373,,,1.7272,0,,0,1,1,37,37,0,37.0,137590.0
169.2,75,100,90,0.0,91.725,0.0040267,73.63,400,0.9,0,0.0011432,12.769,24.395,82337,91061.0,6.4914,297.96,414.99,1.8083,12.0,,23,,1.0449,0.19375,,,1.7277,0,,0,1,1,37,37,0,37.0,136980.0
169.4,75,100,90,0.0,95.693,28.325,7.363,400,0.9,0,0.0011539,12.794,24.407,82449,91183.0,6.4997,297.89,389.92,1.8088,12.0,,23,,1.0381,0.1938,,,1.7281,0,,0,1,1,37,37,0,37.0,137040.0
169.6,75,100,90,0.0,96.331,8.4974,92.443,400,0.9,0,0.0011614,12.816,24.418,82562,91306.0,6.5083,298.03,443.69,1.8092,12.0,,23,,1.0236,0.19391,,,1.7285,0,,0,1,1,37,37,0,37.0,136600.0
169.8,75,100,90,0.0,93.522,51.788,9.2443,400,0.9,0,0.001129,12.84,24.43,82673,91427.0,6.5164,297.97,418.71,1.8097,12.0,,23,,1.0207,0.19393,,,1.729,0,,0,1,1,37,37,0,37.0,137820.0
170.0,75,100,90,0.0,87.479,30.167,0.92443,400,0.9,0,0.0011407,12.824,24.441,82784,91548.0,6.5217,297.89,387.8,1.8101,12.0,,23,,1.0277,0.19387,,,1.7294,0,,0,1,1,37,37,0,37.0,137540.0
170.2,75,100,90,0.0,79.335,9.0502,60.026,150,0.9,-4000,0.0011879,11.862,24.469,82146,90817.0,6.5515,297.96,416.61,1.8007,12.0,,23,,1.3047,0.19182,,,1.7203,0,,0,1,1,37,37,0,37.0,138840.0
170.4,75,100,90,0.51632,39.667,30.553,6.0026,150,0.9,-4000,0.001206,11.707,24.499,81501,90079.0,6.5528,297.92,398.74,1.7865,12.0,,23,,1.3674,0.19137,,,1.7067,0,,0,1,1,37,37,0,37.0,138320.0
170.6,75,100,90,1.0376,19.834,9.1659,79.166,150,0.9,-4000,0.001242,11.619,24.531,80852,89336.0,6.5372,298.05,450.8,1.772,12.0,,23,,1.3842,0.19128,,,1.6928,0,,0,1,1,37,37,0,37.0,137470.0
170.8,75,100,90,0.0,5.5305,52.422,7.9166,150,0.9,-4000,0.0012924,11.538,24.563,80200,88591.0,6.5102,298.01,436.35,1.7576,12.0,,23,,1.3909,0.19125,,,1.6789,0,,0,1,1,37,37,0,37.0,139290.0
171.0,75,100,90,0.0,2.0149,40.387,0.79166,150,0.9,-4000,0.0013476,11.492,24.597,79548,87845.0,6.4815,297.96,417.43,1.7431,12.0,,23,,1.3848,0.19133,,,1.665,0,,0,1,1,37,37,0,37.0,138790.0
171.2,75,100,90,0.0,9.9463,24.108,0.079166,150,0.9,-4000,0.001945,11.514,24.633,78897,87100.0,6.4599,297.92,399.39,1.7287,12.0,,23,,1.3712,0.19146,,,1.6512,0,,0,1,1,37,37,0,37.0,138620.0
171.4,75,100,90,0.0,26.497,7.2325,42.897,150,0.9,-4000,0.09396,12.989,24.619,78250,86359.0,6.4823,297.95,412.69,1.7138,12.0,,23,,0.94683,0.19467,,,1.6369,0,,0,1,1,37,37,0,37.0,139050.0
171.6,75,100,90,0.0,33.971,16.565,4.2897,150,0.9,-4000,0.22897,13.01,24.591,77604,85620.0,6.5226,297.89,388.8,1.6984,12.0,,23,,0.86388,0.19532,,,1.6221,0,,0,1,1,37,37,0,37.0,139410.0
171.8,75,100,90,0.0,25.408,4.9694,67.136,150,0.9,-4000,0.37466,12.993,24.563,76956,84879.0,6.5598,297.98,423.23,1.683,12.0,,23,,0.83853,0.19554,,,1.6074,0,,0,1,1,37,37,0,37.0,138770.0
172.0,75,100,90,0.51709,12.704,33.208,6.7136,150,0.9,-4000,0.52752,12.955,24.535,76306,84136.0,6.5885,297.92,400.85,1.6677,12.0,,23,,0.82852,0.19564,,,1.5926,0,,0,1,1,37,37,0,37.0,138460.0
172.2,75,100,90,1.0351,6.352,9.9624,90.885,150,0.9,0,0.68074,12.922,24.508,76351,84191.0,6.5785,298.07,456.61,1.6625,12.0,,23,,0.84415,0.19554,,,1.5877,0,,0,1,1,37,37,0,37.0,137660.0
172.4,75,100,90,1.5578,3.176,59.846,9.0885,150,0.9,0,0.83358,12.909,24.482,76396,84246.0,6.5657,298.02,436.48,1.6618,12.0,,23,,0.85356,0.19547,,,1.5869,0,,0,1,1,37,37,0,37.0,137690.0
172.6,75,100,90,2.0788,1.588,42.426,0.90885,150,0.9,0,0.98893,12.901,24.455,76440,84300.0,6.5519,297.94,409.82,1.6613,12.0,,23,,0.86248,0.1954,,,1.5865,0,,0,1,1,37,37,0,37.0,137890.0
172.8,75,100,90,2.5999,0.794,12.728,61.812,150,0.9,0,1.1435,12.887,24.428,76484,84355.0,6.5377,298.02,439.41,1.6608,12.0,,23,,0.88017,0.19527,,,1.586,0,,0,1,1,37,37,0,37.0,136920.0
173.0,75,100,90,0.0,0.0,38.942,6.1812,150,0.9,0,1.3024,12.868,24.402,76527,84409.0,6.5257,297.96,416.59,1.6604,12.0,,23,,0.89434,0.19517,,,1.5856,0,,0,1,1,37,37,0,37.0,137460.0
173.2,75,100,90,0.0,0.0,17.813,0.61812,150,0.9,0,1.4615,12.87,24.376,76571,84463.0,6.5144,297.89,390.35,1.6599,12.0,,23,,0.89562,0.19516,,,1.5851,0,,0,1,1,37,37,0,37.0,137660.0
173.4,75,100,90,0.0,0.0,5.344,45.6,150,0.9,0,1.6198,12.869,24.349,76614,84517.0,6.5035,297.93,405.69,1.6594,12.0,,23,,0.89988,0.19513,,,1.5847,0,,0,1,1,37,37,0,37.0,136190.0
173.6,75,100,90,0.0,0.0,1.6032,0.0001,150,0.9,0,1.7784,12.866,24.323,76658,84571.0,6.4931,297.86,380.16,1.6589,12.0,,23,,0.90525,0.19509,,,1.5842,0,,0,1,1,37,37,0,37.0,136890.0
173.8,75,100,90,0.0,3.2733,0.48096,60.269,150,0.9,0,1.939,12.889,24.297,76702,84625.0,6.4856,297.94,409.17,1.6585,12.0,,23,,0.89347,0.19518,,,1.5838,0,,0,1,1,37,37,0,37.0,136920.0
174.0,75,100,90,0.0,9.5535,0.14429,0.0001,150,0.9,0,2.1009,12.906,24.27,76747,84681.0,6.483,297.87,383.7,1.658,12.0,,23,,0.89596,0.19516,,,1.5833,0,,0,1,1,37,37,0,37.0,137450.0
174.2,75,100,90,0.0,16.875,0.043286,66.073,150,0.9,0,2.2575,12.947,24.242,76794,84739.0,6.4867,297.97,417.92,1.6575,12.0,,23,,0.87523,0.19531,,,1.5829,0,,0,1,1,37,37,0,37.0,136150.0
174.4,75,100,90,0.0,22.69,27.798,6.6073,150,0.9,0,2.4154,12.984,24.215,76842,84797.0,6.4964,297.91,396.14,1.6571,12.0,,23,,0.85276,0.19548,,,1.5824,0,,0,1,1,37,37,0,37.0,137180.0
174.6,75,100,90,0.0,24.616,8.3394,87.457,150,0.9,0,2.5736,12.986,24.187,76890,84856.0,6.5078,298.05,448.6,1.6566,12.0,,23,,0.85698,0.19545,,,1.582,0,,0,1,1,37,37,0,37.0,136040.0
174.8,75,100,90,0.0,22.001,54.296,8.7457,150,0.9,0,2.7314,12.997,24.16,76938,84914.0,6.5179,297.99,426.78,1.6561,12.0,,23,,0.83925,0.19558,,,1.5815,0,,0,1,1,37,37,0,37.0,135230.0
175.0,75,100,90,0.0,15.351,34.666,0.87457,150,0.9,0,2.8897,12.975,24.133,76985,84971.0,6.5216,297.91,398.72,1.6556,12.0,,23,,0.84338,0.19555,,,1.581,0,,0,1,1,37,37,0,37.0,135430.0
175.2,75,100,90,0.0,7.2474,10.4,60.002,150,0.9,0,3.0474,12.94,24.106,77029,85026.0,6.5174,297.99,426.37,1.6551,12.0,,23,,0.85936,0.19544,,,1.5806,0,,0,1,1,37,37,0,37.0,135630.0
175.4,75,100,90,0.0,0.83972,33.517,6.0002,150,0.9,0,3.2048,12.919,24.08,77073,85080.0,6.5074,297.93,403.69,1.6547,12.0,,23,,0.86588,0.19539,,,1.5801,0,,0,1,1,37,37,0,37.0,135500.0
175.6,75,100,90,0.0,0.0,10.055,85.231,150,0.9,0,3.3626,12.929,24.054,77116,85134.0,6.497,298.06,454.06,1.6542,12.0,,23,,0.85558,0.19547,,,1.5796,0,,0,1,1,37,37,0,37.0,135870.0
175.8,75,100,90,0.0,1.7244,54.723,8.5231,150,0.9,0,3.5208,12.922,24.028,77160,85188.0,6.4886,298.0,431.63,1.6537,12.0,,23,,0.87002,0.19536,,,1.5792,0,,0,1,1,37,37,0,37.0,135230.0
176.0,75,100,90,0.0,6.8016,35.163,0.85231,150,0.9,0,3.6796,12.941,24.002,77205,85244.0,6.4846,297.93,403.37,1.6532,12.0,,23,,0.86917,0.19537,,,1.5787,0,,0,1,1,37,37,0,37.0,135930.0
176.2,75,100,90,0.0,13.482,10.549,57.677,150,0.9,0,3.8414,12.96,23.975,77251,85300.0,6.4863,297.99,428.71,1.6527,12.0,,23,,0.87135,0.19535,,,1.5782,0,,0,1,1,37,37,0,37.0,134630.0
176.4,75,100,90,0.0,19.458,31.926,5.7677,150,0.9,0,4.0037,12.977,23.948,77298,85358.0,6.4929,297.93,405.14,1.6522,12.0,,23,,0.8727,0.19534,,,1.5778,0,,0,1,1,37,37,0,37.0,135160.0
176.6,75,100,90,0.0,22.806,9.5779,81.885,150,0.9,0,4.1662,12.996,23.921,77346,85417.0,6.5027,298.06,452.34,1.6517,12.0,,23,,0.86544,0.1954,,,1.5773,0,,0,1,1,37,37,0,37.0,135360.0
176.8,75,100,90,0.0,22.222,51.332,8.1885,150,0.9,0,4.3291,12.993,23.894,77394,85476.0,6.5123,297.99,428.46,1.6512,12.0,,23,,0.86818,0.19538,,,1.5768,0,,0,1,1,37,37,0,37.0,134720.0
177.0,75,100,90,0.0,17.839,30.371,0.81885,150,0.9,0,4.4925,12.976,23.867,77441,85533.0,6.5167,297.92,400.23,1.6507,12.0,,23,,0.87577,0.19532,,,1.5764,0,,0,1,1,37,37,0,37.0,133920.0
177.2,75,100,90,0.0,11.69,9.1112,53.521,150,0.9,0,4.6552,12.961,23.841,77487,85590.0,6.5152,297.98,421.86,1.6502,12.0,,23,,0.8764,0.19532,,,1.5759,0,,0,1,1,37,37,0,37.0,134950.0
177.4,75,100,90,0.0,6.1335,26.666,5.3521,150,0.9,0,4.817,12.95,23.815,77531,85645.0,6.5093,297.91,397.94,1.6497,12.0,,23,,0.87257,0.19535,,,1.5754,0,,0,1,1,37,37,0,37.0,135160.0
177.6,75,100,90,0.0,2.9374,7.9997,78.167,150,0.9,0,4.979,12.95,23.789,77575,85700.0,6.5012,298.03,441.99,1.6492,12.0,,23,,0.86544,0.1954,,,1.5749,0,,0,1,1,37,37,0,37.0,135360.0
177.8,75,100,90,0.0,2.9782,46.001,7.8167,150,0.9,0,5.1399,12.94,23.763,77619,85754.0,6.4934,297.97,419.04,1.6487,12.0,,23,,0.87896,0.1953,,,1.5744,0,,0,1,1,37,37,0,37.0,134400.0
178.0,75,100,90,0.0,6.1427,24.984,0.78167,150,0.9,0,5.2984,12.946,23.737,77664,85809.0,6.4884,297.9,391.82,1.6482,12.0,,23,,0.88456,0.19526,,,1.574,0,,0,1,1,37,37,0,37.0,133600.0
178.2,75,100,90,0.0,11.278,7.4953,52.435,150,0.9,0,5.4563,12.972,23.711,77709,85865.0,6.4884,297.95,412.95,1.6477,12.0,,23,,0.87552,0.19533,,,1.5735,0,,0,1,1,37,37,0,37.0,133630.0
178.4,75,100,90,0.0,16.408,23.674,5.2435,150,0.9,0,5.6105,12.999,23.685,77756,85923.0,6.4926,297.89,390.16,1.6472,12.0,,23,,0.86237,0.19543,,,1.573,0,,0,1,1,37,37,0,37.0,133000.0
178.6,75,100,90,0.0,19.875,7.1022,77.989,150,0.9,0,5.7646,13.017,23.658,77803,85980.0,6.4995,298.01,434.37,1.6467,12.0,,23,,0.85362,0.1955,,,1.5725,0,,0,1,1,37,37,0,37.0,133370.0
178.8,75,100,90,0.0,20.588,44.341,7.7989,150,0.9,0,5.9169,13.023,23.632,77851,86038.0,6.5073,297.95,412.1,1.6462,12.0,,23,,0.85052,0.19552,,,1.572,0,,0,1,1,37,37,0,37.0,133560.0
179.0,75,100,90,0.0,18.172,13.302,101.9,150,0.9,0,6.0705,13.026,23.605,77898,86095.0,6.5129,298.12,476.88,1.6457,12.0,,23,,0.8424,0.19558,,,1.5715,0,,0,1,1,37,37,0,37.0,132760.0
179.2,75,100,90,0.0,13.546,71.683,10.19,150,0.9,0,6.2241,13.024,23.579,77944,86152.0,6.5144,298.06,455.05,1.6452,12.0,,23,,0.83134,0.19567,,,1.571,0,,0,1,1,37,37,0,37.0,132630.0
179.4,75,100,90,0.0,8.32,54.85,1.019,150,0.9,0,6.3789,13.004,23.553,77989,86207.0,6.5116,297.99,425.43,1.6447,12.0,,23,,0.83839,0.19561,,,1.5706,0,,0,1,1,37,37,0,37.0,133000.0
179.6,75,100,90,0.0,4.2189,30.399,0.1019,150,0.9,0,6.5335,12.98,23.528,78033,86262.0,6.5047,297.91,396.66,1.6442,12.0,,23,,0.8555,0.19549,,,1.5701,0,,0,1,1,37,37,0,37.0,132710.0
179.8,75,100,90,0.0,2.8583,9.1197,51.941,150,0.9,0,6.6873,12.968,23.503,78077,86316.0,6.497,297.96,416.95,1.6437,12.0,,23,,0.86887,0.19539,,,1.5696,0,,0,1,1,37,37,0,37.0,133080.0
180.0,75,100,75,0.0,4.5779,24.972,5.1941,150,0.9,0,6.8161,12.905,23.478,78118,86366.0,6.4914,297.9,393.15,1.6432,11.0,3018.3,23,2254.4,0.89909,0.19516,23.579,24.197,1.5691,0,77.035,0,1,1,37,37,0,37.0,132620.0
180.2,75,100,75,0.0,8.5513,7.4916,77.72,150,0.9,0,6.9471,12.925,23.453,78159,86418.0,6.4898,298.02,436.96,1.6426,11.0,,23,,0.8943,0.1952,,,1.5686,0,,0,1,1,37,37,0,37.0,132660.0
180.4,75,100,75,0.0,13.154,44.52,7.772,150,0.9,0,7.0796,12.943,23.429,78202,86470.0,6.4925,297.96,414.16,1.6421,11.0,,23,,0.88898,0.19524,,,1.5681,0,,0,1,1,37,37,0,37.0,133540.0
180.6,75,100,75,0.0,16.671,23.277,0.7772,150,0.9,0,7.2116,12.966,23.403,78246,86523.0,6.498,297.88,387.26,1.6416,11.0,,23,,0.87583,0.19534,,,1.5676,0,,0,1,1,37,37,0,37.0,131740.0
180.8,75,100,75,0.0,17.973,6.983,52.842,150,0.9,0,7.3443,12.985,23.378,78289,86576.0,6.5043,297.94,408.93,1.6411,11.0,,23,,0.85953,0.19546,,,1.5671,0,,0,1,1,37,37,0,37.0,132280.0
181.0,75,100,75,0.0,16.764,2.0949,0.0001,150,0.9,0,7.4776,12.975,23.353,78333,86629.0,6.5096,297.87,383.18,1.6406,11.0,,23,,0.86731,0.19541,,,1.5666,0,,0,1,1,37,37,0,37.0,132490.0
181.2,75,100,75,0.0,13.44,0.62847,62.508,150,0.9,0,7.6098,12.971,23.329,78376,86681.0,6.5116,297.96,414.08,1.64,11.0,,23,,0.86449,0.19543,,,1.5661,0,,0,1,1,37,37,0,37.0,131370.0
181.4,75,100,75,0.0,9.316,24.742,6.2508,150,0.9,0,7.7412,12.945,23.304,78418,86733.0,6.5101,297.89,391.47,1.6395,11.0,,23,,0.88324,0.19529,,,1.5656,0,,0,1,1,37,37,0,37.0,131240.0
181.6,75,100,75,0.0,5.8203,7.4225,84.336,150,0.9,0,7.8719,12.938,23.28,78459,86784.0,6.5052,298.03,441.22,1.639,11.0,,23,,0.88376,0.19529,,,1.5651,0,,0,1,1,37,37,0,37.0,131950.0
181.8,75,100,75,0.0,4.2664,49.557,8.4336,150,0.9,0,8.0028,12.929,23.256,78500,86834.0,6.499,297.96,417.67,1.6384,11.0,,23,,0.89145,0.19523,,,1.5646,0,,0,1,1,37,37,0,37.0,131160.0
182.0,75,100,75,0.0,5.1983,28.002,0.84336,150,0.9,0,8.1347,12.925,23.232,78541,86885.0,6.4938,297.89,389.91,1.6379,11.0,,23,,0.90172,0.19515,,,1.564,0,,0,1,1,37,37,0,37.0,131540.0
182.2,75,100,75,0.0,8.1945,8.4007,56.3,150,0.9,0,8.2653,12.939,23.208,78583,86936.0,6.4918,297.96,414.4,1.6374,11.0,,23,,0.8984,0.19518,,,1.5635,0,,0,1,1,37,37,0,37.0,130920.0
182.4,75,100,75,0.0,11.969,27.292,5.63,150,0.9,0,8.3957,12.952,23.183,78625,86988.0,6.4942,297.9,391.64,1.6369,11.0,,23,,0.89758,0.19519,,,1.563,0,,0,1,1,37,37,0,37.0,131290.0
182.6,75,100,75,0.0,14.797,8.1876,82.55,150,0.9,0,8.5252,12.97,23.158,78668,87040.0,6.4992,298.02,439.81,1.6363,11.0,,23,,0.88754,0.19526,,,1.5625,0,,0,1,1,37,37,0,37.0,131000.0
182.8,75,100,75,0.0,15.613,48.793,8.255,150,0.9,0,8.6542,12.969,23.134,78711,87093.0,6.505,297.96,416.83,1.6358,11.0,,23,,0.89252,0.19523,,,1.562,0,,0,1,1,37,37,0,37.0,131880.0
183.0,75,100,75,0.0,14.117,27.694,0.8255,150,0.9,0,8.7833,12.966,23.109,78754,87145.0,6.509,297.89,389.15,1.6352,11.0,,23,,0.89358,0.19522,,,1.5615,0,,0,1,1,37,37,0,37.0,131750.0
183.2,75,100,75,0.0,11.061,8.3081,56.645,150,0.9,0,8.9127,12.957,23.085,78796,87197.0,6.5099,297.95,413.83,1.6347,11.0,,23,,0.89692,0.1952,,,1.561,0,,0,1,1,37,37,0,37.0,130800.0
183.4,75,100,75,0.0,7.6328,27.235,5.6645,150,0.9,0,9.0402,12.938,23.061,78838,87248.0,6.5075,297.89,389.94,1.6342,11.0,,23,,0.90956,0.1951,,,1.5604,0,,0,1,1,37,37,0,37.0,130510.0
183.6,75,100,75,0.0,5.1625,8.1704,84.289,150,0.9,0,9.1674,12.932,23.037,78879,87298.0,6.5025,298.02,439.48,1.6336,11.0,,23,,0.91255,0.19508,,,1.5599,0,,0,1,1,37,37,0,37.0,131060.0
183.8,75,100,75,0.0,4.6737,49.764,8.4289,150,0.9,0,9.2925,12.927,23.013,78920,87349.0,6.4973,297.96,415.81,1.6331,11.0,,23,,0.91906,0.19503,,,1.5594,0,,0,1,1,37,37,0,37.0,129770.0
184.0,75,100,75,0.0,6.2648,28.029,0.84289,150,0.9,0,9.4167,12.93,22.989,78961,87399.0,6.4938,297.89,387.59,1.6325,11.0,,23,,0.92318,0.19501,,,1.5589,0,,0,1,1,37,37,0,37.0,130650.0
184.2,75,100,75,0.0,9.2677,8.4088,57.745,150,0.9,0,9.5411,12.94,22.965,79003,87450.0,6.494,297.95,413.2,1.632,11.0,,23,,0.92367,0.195,,,1.5584,0,,0,1,1,37,37,0,37.0,129360.0
184.4,75,100,75,0.0,12.161,27.995,5.7745,150,0.9,0,9.6637,12.952,22.941,79046,87502.0,6.4977,297.89,389.46,1.6314,11.0,,23,,0.92144,0.19502,,,1.5578,0,,0,1,1,37,37,0,37.0,129740.0
184.6,75,100,75,0.0,13.581,8.3984,85.703,150,0.9,0,9.7858,12.964,22.917,79088,87554.0,6.5026,298.02,440.3,1.6309,11.0,,23,,0.91411,0.19508,,,1.5573,0,,0,1,1,37,37,0,37.0,130280.0
184.8,75,100,75,0.0,13.04,51.023,8.5703,150,0.9,0,9.9066,12.96,22.893,79131,87606.0,6.5072,297.97,418.22,1.6303,11.0,,23,,0.91817,0.19505,,,1.5568,0,,0,1,1,37,37,0,37.0,128830.0
185.0,75,100,75,0.0,10.669,30.836,0.85703,150,0.9,0,10.026,12.945,22.869,79173,87657.0,6.5091,297.89,390.84,1.6298,11.0,,23,,0.92949,0.19496,,,1.5562,0,,0,1,1,37,37,0,37.0,129870.0
185.2,75,100,75,0.0,7.5477,9.2509,59.173,150,0.9,0,10.145,12.937,22.845,79215,87707.0,6.5074,297.97,417.91,1.6292,11.0,,23,,0.93239,0.19494,,,1.5557,0,,0,1,1,37,37,0,37.0,129580.0
185.4,75,100,75,0.0,5.1327,30.408,5.9173,150,0.9,0,10.264,12.933,22.822,79256,87758.0,6.5028,297.91,395.16,1.6287,11.0,,23,,0.93239,0.19494,,,1.5552,0,,0,1,1,37,37,0,37.0,129300.0
185.6,75,100,75,0.0,4.5245,9.1225,85.162,150,0.9,0,10.381,12.93,22.798,79297,87807.0,6.498,298.04,445.41,1.6281,11.0,,23,,0.93665,0.19491,,,1.5546,0,,0,1,1,37,37,0,37.0,129010.0
185.8,75,100,75,0.0,5.8634,51.644,8.5162,150,0.9,0,10.498,12.929,22.775,79338,87858.0,6.4948,297.97,421.13,1.6276,11.0,,23,,0.94405,0.19486,,,1.5541,0,,0,1,1,37,37,0,37.0,129560.0
186.0,75,100,75,0.0,8.4432,30.021,0.85162,150,0.9,0,10.616,12.951,22.751,79379,87908.0,6.4948,297.9,391.94,1.627,11.0,,23,,0.92987,0.19497,,,1.5536,0,,0,1,1,37,37,0,37.0,128270.0
186.2,75,100,75,0.0,11.026,9.0062,57.72,150,0.9,0,10.732,12.95,22.727,79422,87959.0,6.4983,297.96,417.38,1.6264,11.0,,23,,0.93951,0.1949,,,1.553,0,,0,1,1,37,37,0,37.0,128980.0
186.4,75,100,75,0.0,12.226,28.781,5.772,150,0.9,0,10.846,12.959,22.703,79464,88011.0,6.5035,297.9,394.27,1.6259,11.0,,23,,0.93537,0.19493,,,1.5525,0,,0,1,1,37,37,0,37.0,129700.0
186.6,75,100,75,0.0,11.355,8.6343,83.107,150,0.9,0,10.959,12.957,22.68,79506,88062.0,6.5072,298.03,442.78,1.6253,11.0,,23,,0.9368,0.19492,,,1.5519,0,,0,1,1,37,37,0,37.0,128580.0
186.8,75,100,75,0.0,8.9854,49.388,8.3107,150,0.9,0,11.073,12.942,22.656,79548,88112.0,6.5081,297.97,420.82,1.6247,11.0,,23,,0.94926,0.19483,,,1.5514,0,,0,1,1,37,37,0,37.0,128120.0
187.0,75,100,75,0.0,6.2937,29.688,0.83107,150,0.9,0,11.188,12.928,22.633,79589,88163.0,6.5055,297.9,393.11,1.6242,11.0,,23,,0.95935,0.19475,,,1.5509,0,,0,1,1,37,37,0,37.0,128170.0
187.2,75,100,75,0.0,4.6265,8.9064,57.077,150,0.9,0,11.304,12.923,22.609,79630,88212.0,6.5008,297.97,418.19,1.6236,11.0,,23,,0.96342,0.19472,,,1.5503,0,,0,1,1,37,37,0,37.0,129220.0
187.4,75,100,75,0.0,4.8193,28.381,5.7077,150,0.9,0,11.423,12.921,22.586,79671,88262.0,6.4965,297.9,394.8,1.623,11.0,,23,,0.96927,0.19468,,,1.5498,0,,0,1,1,37,37,0,37.0,128270.0
187.6,75,100,75,0.0,6.7283,8.5144,82.297,150,0.9,0,11.542,12.945,22.563,79713,88313.0,6.495,298.03,442.37,1.6225,11.0,,23,,0.95067,0.19482,,,1.5492,0,,0,1,1,37,37,0,37.0,129150.0
187.8,75,100,75,0.0,9.2306,48.369,8.2297,150,0.9,0,11.662,12.946,22.539,79754,88364.0,6.4969,297.97,418.44,1.6219,11.0,,23,,0.95704,0.19477,,,1.5487,0,,0,1,1,37,37,0,37.0,127700.0
188.0,75,100,75,0.0,10.966,26.913,0.82297,150,0.9,0,11.782,12.947,22.516,79796,88415.0,6.501,297.89,389.93,1.6213,11.0,,23,,0.96357,0.19473,,,1.5481,0,,0,1,1,37,37,0,37.0,128080.0
188.2,75,100,75,0.0,11.064,8.0738,55.26,150,0.9,0,11.901,12.943,22.492,79839,88466.0,6.5052,297.95,412.99,1.6207,11.0,,23,,0.97074,0.19467,,,1.5476,0,,0,1,1,37,37,0,37.0,126960.0
188.4,75,100,75,0.0,9.4918,25.385,5.526,150,0.9,0,12.021,12.946,22.469,79880,88517.0,6.5074,297.89,389.11,1.6202,11.0,,23,,0.96529,0.19472,,,1.547,0,,0,1,1,37,37,0,37.0,128010.0
188.6,75,100,75,0.0,7.0608,7.6154,81.243,150,0.9,0,12.142,12.942,22.446,79922,88568.0,6.5063,298.01,435.61,1.6196,11.0,,23,,0.96501,0.19472,,,1.5465,0,,0,1,1,37,37,0,37.0,128060.0
188.8,75,100,75,0.0,5.0585,45.855,8.1243,150,0.9,0,12.263,12.935,22.423,79963,88618.0,6.5027,297.95,411.96,1.619,11.0,,23,,0.96841,0.19469,,,1.5459,0,,0,1,1,37,37,0,37.0,126940.0
189.0,75,100,75,0.0,4.5107,13.756,104.85,150,0.9,0,12.383,12.927,22.4,80004,88668.0,6.4983,298.12,478.8,1.6184,11.0,,23,,0.97916,0.19461,,,1.5453,0,,0,1,1,37,37,0,37.0,127320.0
189.2,75,100,75,0.0,5.7103,72.514,10.485,150,0.9,0,12.5,12.932,22.377,80045,88718.0,6.4957,298.06,455.4,1.6178,11.0,,23,,0.98001,0.19461,,,1.5448,0,,0,1,1,37,37,0,37.0,127540.0
189.4,75,100,75,0.0,7.9412,54.787,1.0485,150,0.9,0,12.618,12.93,22.354,80086,88769.0,6.4962,297.98,424.76,1.6173,11.0,,23,,0.9904,0.19453,,,1.5442,0,,0,1,1,37,37,0,37.0,127090.0
189.6,75,100,75,0.0,9.9565,30.036,0.10485,150,0.9,0,12.736,12.943,22.33,80128,88820.0,6.4989,297.91,395.69,1.6167,11.0,,23,,0.98537,0.19457,,,1.5437,0,,0,1,1,37,37,0,37.0,127310.0
189.8,75,100,75,0.0,10.912,9.0109,51.341,150,0.9,0,12.856,12.955,22.307,80170,88871.0,6.5024,297.96,415.18,1.6161,11.0,,23,,0.97638,0.19464,,,1.5431,0,,0,1,1,37,37,0,37.0,126690.0
190.0,75,100,75,0.0,10.453,23.614,5.1341,150,0.9,0,12.98,12.971,22.284,80212,88922.0,6.5053,297.9,391.4,1.6155,11.0,,23,,0.95724,0.19478,,,1.5425,0,,0,1,1,37,37,0,37.0,126070.0
190.2,75,100,75,0.0,8.8579,7.0841,75.667,150,0.9,-4000,13.105,12.961,22.261,79556,88174.0,6.5346,298.0,433.06,1.6056,11.0,,23,,0.95569,0.19482,,,1.533,0,,0,1,1,37,37,0,37.0,127290.0
190.4,75,100,75,0.0,0.0,41.224,7.5667,150,0.9,-4000,13.233,12.919,22.238,78897,87423.0,6.5527,297.94,410.14,1.5915,11.0,,23,,0.96327,0.19479,,,1.5196,0,,0,1,1,37,37,0,37.0,126340.0
190.6,75,100,75,0.51905,0.0,12.367,97.664,150,0.9,-4000,13.361,12.915,22.216,78239,86672.0,6.5704,298.11,471.18,1.5772,11.0,,23,,0.95793,0.19486,,,1.5058,0,,0,1,1,37,37,0,37.0,125560.0
190.8,75,100,75,1.0376,0.0,66.726,9.7664,150,0.9,-4000,13.489,12.921,22.193,77581,85922.0,6.5876,298.05,448.12,1.5628,11.0,,23,,0.93957,0.19502,,,1.492,0,,0,1,1,37,37,0,37.0,125940.0
191.0,75,100,75,1.5561,0.0,48.184,0.97664,150,0.9,-4000,13.621,12.924,22.17,76924,85172.0,6.6042,297.97,418.91,1.5485,11.0,,23,,0.92345,0.19517,,,1.4783,0,,0,1,1,37,37,0,37.0,126160.0
191.2,75,100,75,2.0747,0.0,23.089,0.097664,150,0.9,-4000,13.752,12.945,22.147,76266,84422.0,6.6202,297.89,391.17,1.5342,11.0,,23,,0.88782,0.19546,,,1.4645,0,,0,1,1,37,37,0,37.0,125710.0
191.4,75,100,75,2.5933,0.0,6.9267,47.966,150,0.9,-4000,13.888,12.96,22.124,75608,83672.0,6.6355,297.94,408.89,1.5199,11.0,,23,,0.85804,0.19572,,,1.4508,0,,0,1,1,37,37,0,37.0,125420.0
191.6,75,100,75,3.1119,0.0,2.078,0.0001,150,0.9,-4000,14.027,12.959,22.101,74951,82923.0,6.6499,297.87,383.81,1.5056,11.0,,23,,0.84623,0.19583,,,1.4371,0,,0,1,1,37,37,0,37.0,125140.0
191.8,75,100,75,3.6306,0.0,0.6234,61.237,150,0.9,-4000,14.17,12.962,22.077,74294,82174.0,6.6633,297.96,414.48,1.4913,11.0,,23,,0.83239,0.19596,,,1.4234,0,,0,1,1,37,37,0,37.0,125360.0
192.0,75,100,75,4.1494,0.0,25.874,6.1237,150,0.9,-4000,14.314,12.952,22.054,73637,81424.0,6.676,297.89,392.21,1.477,11.0,3837.7,23,2601.1,0.83339,0.19598,22.147,23.44,1.4097,0,78.789,0,1,1,37,37,0,37.0,125900.0
192.2,75,100,75,4.6682,0.0,7.7623,87.711,150,0.9,0,14.459,12.956,22.03,73678,81475.0,6.6474,298.05,446.03,1.4723,11.0,,23,,0.8287,0.19603,,,1.4052,0,,0,1,1,37,37,0,37.0,124950.0
192.4,75,100,75,5.1923,0.0,56.848,8.7711,150,0.9,0,14.604,12.944,22.007,73720,81527.0,6.62,297.98,421.55,1.4715,11.0,,23,,0.84616,0.1959,,,1.4045,0,,0,1,1,37,37,0,37.0,125500.0
192.6,75,100,75,5.7143,0.0,33.464,0.87711,150,0.9,0,14.752,12.934,21.983,73761,81578.0,6.5933,297.9,393.78,1.471,11.0,,23,,0.8629,0.19578,,,1.4039,0,,0,1,1,37,37,0,37.0,125380.0
192.8,75,100,75,6.2363,0.0,10.039,60.313,150,0.9,0,14.899,12.921,21.96,73803,81629.0,6.5672,297.98,422.92,1.4704,11.0,,23,,0.88359,0.19562,,,1.4034,0,,0,1,1,37,37,0,37.0,125760.0
193.0,75,100,75,6.7583,0.0,35.228,6.0313,150,0.9,0,15.048,12.926,21.936,73845,81681.0,6.5421,297.92,401.39,1.4698,11.0,,23,,0.88323,0.19563,,,1.4028,0,,0,1,1,37,37,0,37.0,125640.0
193.2,75,100,75,0.0,0.0,10.568,90.403,150,0.9,0,15.197,12.904,21.913,73885,81731.0,6.5301,298.08,457.69,1.4693,11.0,,23,,0.88977,0.19558,,,1.4023,0,,0,1,1,37,37,0,37.0,124020.0
193.4,75,100,75,0.0,0.0,62.907,9.0403,150,0.9,0,15.346,12.917,21.889,73926,81782.0,6.5186,298.02,436.11,1.4687,11.0,,23,,0.87742,0.19567,,,1.4018,0,,0,1,1,37,37,0,37.0,124400.0
193.6,75,100,75,0.0,0.0,43.592,0.90403,150,0.9,0,15.492,12.926,21.866,73966,81832.0,6.5076,297.94,407.55,1.4682,11.0,,23,,0.86771,0.19575,,,1.4012,0,,0,1,1,37,37,0,37.0,125290.0
193.8,75,100,75,0.0,0.0,13.078,65.322,150,0.9,0,15.64,12.922,21.843,74007,81882.0,6.4971,298.03,440.59,1.4676,11.0,,23,,0.87416,0.1957,,,1.4007,0,,0,1,1,37,37,0,37.0,124670.0
194.0,75,100,75,0.0,1.6795,43.478,6.5322,150,0.9,0,15.788,12.925,21.82,74048,81932.0,6.4897,297.97,418.65,1.467,11.0,,23,,0.8788,0.19567,,,1.4002,0,,0,1,1,37,37,0,37.0,123720.0
194.2,75,100,75,0.0,6.3126,22.523,0.65322,150,0.9,0,15.937,12.93,21.796,74089,81984.0,6.4901,297.9,393.09,1.4665,11.0,,23,,0.8914,0.19557,,,1.3996,0,,0,1,1,37,37,0,37.0,123930.0
194.4,75,100,75,0.0,10.778,6.7568,49.584,150,0.9,0,16.085,12.937,21.772,74132,82036.0,6.4977,297.95,412.99,1.4659,11.0,,23,,0.90102,0.1955,,,1.3991,0,,0,1,1,37,37,0,37.0,124640.0
194.6,75,100,75,0.0,12.179,22.725,4.9584,150,0.9,0,16.231,12.942,21.749,74175,82089.0,6.5071,297.89,391.58,1.4653,11.0,,23,,0.90255,0.19549,,,1.3985,0,,0,1,1,37,37,0,37.0,123860.0
194.8,75,100,75,0.0,9.867,6.8176,76.6,150,0.9,0,16.377,12.934,21.725,74217,82141.0,6.5127,298.02,435.88,1.4648,11.0,,23,,0.90615,0.19547,,,1.398,0,,0,1,1,37,37,0,37.0,124240.0
195.0,75,100,75,0.0,5.3092,46.237,7.66,150,0.9,0,16.526,12.911,21.702,74259,82193.0,6.5109,297.96,415.25,1.4642,11.0,,23,,0.92103,0.19536,,,1.3974,0,,0,1,1,37,37,0,37.0,123620.0
195.2,75,100,75,0.0,1.4805,25.86,0.766,150,0.9,0,16.676,12.916,21.679,74300,82243.0,6.5027,297.89,389.4,1.4636,11.0,,23,,0.90567,0.19547,,,1.3969,0,,0,1,1,37,37,0,37.0,123670.0
195.4,75,100,75,0.0,0.93564,7.7579,56.114,150,0.9,0,16.825,12.917,21.656,74340,82294.0,6.4939,297.96,414.98,1.4631,11.0,,23,,0.90378,0.19549,,,1.3963,0,,0,1,1,37,37,0,37.0,123720.0
195.6,75,100,75,0.0,3.9072,28.81,5.6114,150,0.9,0,16.973,12.931,21.632,74382,82345.0,6.4902,297.9,393.6,1.4625,11.0,,23,,0.89997,0.19552,,,1.3958,0,,0,1,1,37,37,0,37.0,123100.0
195.8,75,100,75,0.0,8.3295,8.6429,85.409,150,0.9,0,17.121,12.937,21.609,74424,82397.0,6.4939,298.04,445.51,1.4619,11.0,,23,,0.90928,0.19545,,,1.3952,0,,0,1,1,37,37,0,37.0,123820.0
196.0,75,100,75,0.0,11.28,55.54,8.5409,150,0.9,0,17.269,12.947,21.585,74466,82449.0,6.5029,297.99,424.99,1.4613,11.0,,23,,0.90992,0.19544,,,1.3947,0,,0,1,1,37,37,0,37.0,122200.0
196.2,75,100,75,0.0,10.632,36.179,0.85409,150,0.9,0,17.418,12.95,21.562,74509,82502.0,6.5104,297.91,399.22,1.4608,11.0,,23,,0.90673,0.19547,,,1.3941,0,,0,1,1,37,37,0,37.0,122910.0
196.4,75,100,75,0.0,6.9777,10.854,60.883,150,0.9,0,17.566,12.944,21.539,74551,82553.0,6.5115,298.0,429.27,1.4602,11.0,,23,,0.90416,0.19549,,,1.3936,0,,0,1,1,37,37,0,37.0,122460.0
196.6,75,100,75,0.0,2.9303,37.197,6.0883,150,0.9,0,17.715,12.934,21.516,74592,82604.0,6.5057,297.94,408.66,1.4596,11.0,,23,,0.90427,0.19549,,,1.393,0,,0,1,1,37,37,0,37.0,123010.0
196.8,75,100,75,0.0,1.2055,11.159,87.699,150,0.9,0,17.862,12.922,21.493,74632,82655.0,6.4972,298.09,462.39,1.459,11.0,,23,,0.91489,0.19541,,,1.3925,0,,0,1,1,37,37,0,37.0,121730.0
197.0,75,100,75,0.0,2.8561,61.248,8.7699,150,0.9,0,18.008,12.95,21.47,74673,82705.0,6.4918,298.03,442.61,1.4584,11.0,,23,,0.89122,0.19559,,,1.3919,0,,0,1,1,37,37,0,37.0,123610.0
197.2,75,100,75,0.0,6.6455,44.381,0.87699,150,0.9,0,18.152,12.966,21.447,74715,82757.0,6.4927,297.96,417.04,1.4579,11.0,,23,,0.88488,0.19564,,,1.3914,0,,0,1,1,37,37,0,37.0,123160.0
197.4,75,100,75,0.0,10.053,21.413,0.087699,150,0.9,0,18.295,12.984,21.424,74758,82809.0,6.499,297.89,391.2,1.4573,11.0,,23,,0.87682,0.1957,,,1.3908,0,,0,1,1,37,37,0,37.0,121540.0
197.6,75,100,75,0.0,10.943,6.4238,47.063,150,0.9,0,18.439,12.987,21.401,74800,82861.0,6.5067,297.94,408.63,1.4567,11.0,,23,,0.87758,0.19569,,,1.3902,0,,0,1,1,37,37,0,37.0,121760.0
197.8,75,100,75,0.0,8.7816,1.9271,0.0001,150,0.9,0,18.585,12.992,21.378,74842,82913.0,6.5105,297.87,383.73,1.4561,11.0,,23,,0.86784,0.19577,,,1.3897,0,,0,1,1,37,37,0,37.0,122310.0
198.0,75,100,75,0.0,5.1275,0.57814,61.003,150,0.9,0,18.73,12.981,21.355,74884,82964.0,6.508,297.96,414.21,1.4555,11.0,,23,,0.87041,0.19575,,,1.3891,0,,0,1,1,37,37,0,37.0,122360.0
198.2,75,100,75,0.0,2.4587,25.593,6.1003,150,0.9,0,18.876,12.958,21.332,74925,83015.0,6.5013,297.9,394.02,1.4549,11.0,,23,,0.89033,0.1956,,,1.3886,0,,0,1,1,37,37,0,37.0,121080.0
198.4,75,100,75,0.0,2.4734,7.6778,84.054,150,0.9,0,19.023,12.959,21.31,74966,83066.0,6.4947,298.04,445.04,1.4544,11.0,,23,,0.89351,0.19558,,,1.388,0,,0,1,1,37,37,0,37.0,122800.0
198.6,75,100,75,0.0,5.0971,53.397,8.4054,150,0.9,0,19.167,12.978,21.287,75007,83117.0,6.4922,297.99,426.68,1.4538,11.0,,23,,0.88225,0.19567,,,1.3874,0,,0,1,1,37,37,0,37.0,121350.0
198.8,75,100,75,0.0,8.7442,36.211,0.84054,150,0.9,0,19.31,12.99,21.264,75049,83169.0,6.4953,297.92,401.93,1.4532,11.0,,23,,0.88157,0.19567,,,1.3869,0,,0,1,1,37,37,0,37.0,121400.0
199.0,75,100,75,0.0,11.135,10.863,59.948,150,0.9,0,19.454,12.982,21.241,75092,83221.0,6.5018,298.0,431.05,1.4526,11.0,,23,,0.90079,0.19553,,,1.3863,0,,0,1,1,37,37,0,37.0,121110.0
199.2,75,100,75,0.0,10.919,36.394,5.9948,150,0.9,0,19.598,12.987,21.218,75134,83274.0,6.5083,297.94,410.05,1.452,11.0,,23,,0.89713,0.19556,,,1.3857,0,,0,1,1,37,37,0,37.0,122000.0
199.4,75,100,75,0.0,8.1255,10.918,85.522,150,0.9,0,19.744,12.984,21.195,75176,83325.0,6.5105,298.09,461.68,1.4514,11.0,,23,,0.89437,0.19558,,,1.3852,0,,0,1,1,37,37,0,37.0,120880.0
199.6,75,100,75,0.0,4.4731,58.796,8.5522,150,0.9,0,19.891,12.973,21.173,75217,83377.0,6.507,298.03,440.9,1.4508,11.0,,23,,0.89723,0.19556,,,1.3846,0,,0,1,1,37,37,0,37.0,120770.0
199.8,75,100,75,0.0,2.2049,41.049,0.85522,150,0.9,0,20.039,12.964,21.15,75258,83427.0,6.5,297.95,413.92,1.4502,11.0,,23,,0.90317,0.19552,,,1.384,0,,0,1,1,37,37,0,37.0,120650.0
200.0,75,100,75,0.0,2.7401,16.713,0.085522,150,0.9,0,20.187,12.964,21.128,75299,83478.0,6.4939,297.88,387.94,1.4496,11.0,,23,,0.9073,0.19549,,,1.3835,0,,0,1,1,37,37,0,37.0,121540.0
200.2,65,100,75,0.0,5.6836,5.0139,43.179,250,0.9,0,20.328,13.123,21.1,75361,83550.0,6.4921,297.92,401.15,1.651,11.0,,23,,0.85593,0.19449,,,1.3664,0,,0,1,1,37,37,0,37.0,120230.0
200.4,65,100,75,0.0,9.3439,1.5042,0.0001,250,0.9,0,20.466,13.141,21.072,75423,83622.0,6.4959,297.85,375.37,1.665,11.0,,23,,0.86848,0.19435,,,1.378,0,,0,1,1,37,37,0,37.0,120590.0
200.6,65,100,75,0.0,11.472,0.45125,62.656,250,0.9,0,20.604,13.142,21.043,75486,83694.0,6.5027,297.93,406.5,1.6654,11.0,,23,,0.88052,0.19425,,,1.3784,0,,0,1,1,37,37,0,37.0,119450.0
200.8,65,100,75,0.0,10.891,0.13538,0.0001,250,0.9,0,20.74,13.139,21.015,75548,83766.0,6.5085,297.86,380.73,1.6648,11.0,,23,,0.88816,0.19418,,,1.3779,0,,0,1,1,37,37,0,37.0,120310.0
201.0,65,100,75,0.0,8.0067,0.040613,70.678,250,0.9,0,20.878,13.132,20.987,75610,83838.0,6.5098,297.97,419.04,1.6642,11.0,,23,,0.89313,0.19414,,,1.3773,0,,0,1,1,37,37,0,37.0,120000.0
201.2,65,100,75,0.0,4.6146,31.992,7.0678,250,0.9,0,21.015,13.113,20.959,75671,83909.0,6.5057,297.91,397.77,1.6635,11.0,,23,,0.90829,0.19401,,,1.3768,0,,0,1,1,37,37,0,37.0,119700.0
201.4,65,100,75,0.0,2.8661,9.5976,94.256,250,0.9,0,21.151,13.099,20.932,75732,83980.0,6.4988,298.07,456.51,1.6628,11.0,,23,,0.92382,0.19388,,,1.3762,0,,0,1,1,37,37,0,37.0,119230.0
201.6,65,100,75,0.0,3.8672,62.635,9.4256,250,0.9,0,21.291,13.109,20.904,75793,84051.0,6.4939,298.01,434.65,1.6621,11.0,,23,,0.92365,0.19388,,,1.3756,0,,0,1,1,37,37,0,37.0,119760.0
201.8,65,100,75,0.0,6.8201,43.289,0.94256,250,0.9,0,21.429,13.132,20.876,75855,84122.0,6.4936,297.93,406.84,1.6614,11.0,,23,,0.91472,0.19396,,,1.375,0,,0,1,1,37,37,0,37.0,120450.0
202.0,65,100,75,0.0,9.8668,12.987,64.283,250,0.9,0,21.568,13.153,20.848,75917,84194.0,6.4978,298.02,438.11,1.6607,11.0,,23,,0.90687,0.19403,,,1.3744,0,,0,1,1,37,37,0,37.0,118640.0
202.2,65,100,75,0.0,11.24,40.853,6.4283,250,0.9,0,21.705,13.165,20.82,75980,84267.0,6.5038,297.96,414.5,1.66,11.0,,23,,0.90251,0.19407,,,1.3739,0,,0,1,1,37,37,0,37.0,119500.0
202.4,65,100,75,0.0,10.252,18.55,0.64283,250,0.9,0,21.843,13.169,20.793,76042,84339.0,6.5077,297.88,387.68,1.6593,11.0,,23,,0.90062,0.19409,,,1.3733,0,,0,1,1,37,37,0,37.0,118530.0
202.6,65,100,75,0.0,7.6793,5.5651,48.03,250,0.9,0,21.98,13.167,20.765,76104,84410.0,6.5077,297.93,404.9,1.6586,11.0,,23,,0.90078,0.19409,,,1.3727,0,,0,1,1,37,37,0,37.0,118060.0
202.8,65,100,75,0.0,5.1255,1.6695,0.0001,250,0.9,0,22.117,13.16,20.738,76165,84482.0,6.5036,297.86,378.82,1.6579,11.0,,23,,0.90577,0.19404,,,1.3721,0,,0,1,1,37,37,0,37.0,119090.0
203.0,65,100,75,0.0,4.2099,0.50085,63.479,250,0.9,0,22.252,13.169,20.711,76227,84553.0,6.4981,297.94,410.49,1.6572,11.0,,23,,0.90021,0.19409,,,1.3715,0,,0,1,1,37,37,0,37.0,119120.0
203.2,65,100,75,0.0,5.4782,0.15026,0.0001,250,0.9,0,22.387,13.185,20.683,76288,84624.0,6.4946,297.87,384.52,1.6565,11.0,,23,,0.89291,0.19416,,,1.3709,0,,0,1,1,37,37,0,37.0,117820.0
203.4,65,100,75,0.0,8.1552,0.045077,68.589,250,0.9,0,22.52,13.185,20.656,76350,84695.0,6.4949,297.97,420.79,1.6558,11.0,,23,,0.9046,0.19406,,,1.3704,0,,0,1,1,37,37,0,37.0,117510.0
203.6,65,100,75,0.0,10.706,30.137,6.8589,250,0.9,0,22.652,13.203,20.628,76412,84767.0,6.4989,297.91,396.4,1.6551,11.0,,23,,0.89978,0.1941,,,1.3698,0,,0,1,1,37,37,0,37.0,117880.0
203.8,65,100,75,0.0,11.643,9.041,93.83,250,0.9,0,22.782,13.216,20.601,76475,84839.0,6.5041,298.06,453.96,1.6544,11.0,,23,,0.89419,0.19415,,,1.3692,0,,0,1,1,37,37,0,37.0,117910.0
204.0,65,100,75,0.0,10.521,60.378,9.383,250,0.9,0,22.91,13.22,20.573,76537,84911.0,6.5077,297.99,426.59,1.6536,11.0,4680.6,23,2939.4,0.89197,0.19417,20.683,22.575,1.3686,0,78.872,0,1,1,37,37,0,37.0,117440.0
204.2,65,100,75,0.0,7.9562,35.751,0.9383,250,0.9,0,23.039,13.219,20.546,76599,84983.0,6.5077,297.9,395.02,1.6529,11.0,,23,,0.89081,0.19418,,,1.368,0,,0,1,1,37,37,0,37.0,118130.0
204.4,65,100,75,0.0,5.3982,10.725,62.432,250,0.9,0,23.167,13.221,20.519,76660,85054.0,6.5043,297.98,423.49,1.6522,11.0,,23,,0.88822,0.19421,,,1.3674,0,,0,1,1,37,37,0,37.0,118500.0
204.6,65,100,75,0.0,4.1903,34.546,6.2432,250,0.9,0,23.295,13.218,20.492,76721,85124.0,6.4991,297.9,395.76,1.6515,11.0,,23,,0.89237,0.19417,,,1.3668,0,,0,1,1,37,37,0,37.0,117860.0
204.8,65,100,75,0.0,5.0802,10.364,95.789,250,0.9,0,23.423,13.231,20.465,76783,85195.0,6.4953,298.06,454.12,1.6508,11.0,,23,,0.88772,0.19421,,,1.3662,0,,0,1,1,37,37,0,37.0,117730.0
205.0,65,100,75,0.0,7.4922,62.259,9.5789,250,0.9,0,23.55,13.252,20.438,76844,85266.0,6.4952,297.98,422.86,1.6501,11.0,,23,,0.87805,0.1943,,,1.3656,0,,0,1,1,37,37,0,37.0,118260.0
205.2,65,100,75,0.0,9.902,34.06,0.95789,250,0.9,0,23.677,13.276,20.411,76907,85338.0,6.4985,297.89,389.3,1.6494,11.0,,23,,0.86492,0.19441,,,1.365,0,,0,1,1,37,37,0,37.0,117790.0
205.4,65,100,75,0.0,11.005,10.218,62.755,250,0.9,0,23.806,13.28,20.384,76969,85410.0,6.504,297.96,417.79,1.6487,11.0,,23,,0.86759,0.19439,,,1.3644,0,,0,1,1,37,37,0,37.0,117320.0
205.6,65,100,75,0.0,9.9017,33.414,6.2755,250,0.9,0,23.936,13.274,20.357,77031,85482.0,6.508,297.89,389.9,1.6479,11.0,,23,,0.87599,0.19432,,,1.3638,0,,0,1,1,37,37,0,37.0,117520.0
205.8,65,100,75,0.0,7.2426,10.024,97.782,250,0.9,0,24.065,13.261,20.331,77093,85553.0,6.5076,298.05,449.96,1.6472,11.0,,23,,0.88759,0.19422,,,1.3632,0,,0,1,1,37,37,0,37.0,116390.0
206.0,65,100,75,0.0,4.7256,62.717,9.7782,250,0.9,0,24.194,13.249,20.304,77154,85624.0,6.5033,297.96,417.39,1.6465,11.0,,23,,0.89943,0.19412,,,1.3626,0,,0,1,1,37,37,0,37.0,116090.0
206.2,65,100,75,0.0,3.9504,32.935,0.97782,250,0.9,0,24.322,13.272,20.278,77215,85694.0,6.4975,297.88,384.9,1.6458,11.0,,23,,0.88232,0.19427,,,1.362,0,,0,1,1,37,37,0,37.0,115960.0
206.4,65,100,75,0.0,5.4708,9.8806,62.183,250,0.9,0,24.448,13.287,20.251,77276,85765.0,6.494,297.95,413.02,1.6451,11.0,,23,,0.87494,0.19433,,,1.3614,0,,0,1,1,37,37,0,37.0,115990.0
206.6,65,100,75,0.0,8.3769,32.165,6.2183,250,0.9,0,24.576,13.284,20.225,77338,85837.0,6.4947,297.88,385.2,1.6443,11.0,,23,,0.88817,0.19422,,,1.3608,0,,0,1,1,37,37,0,37.0,116360.0
206.8,65,100,75,0.0,11.006,9.6496,98.561,250,0.9,0,24.703,13.297,20.198,77401,85909.0,6.4987,298.04,446.08,1.6436,11.0,,23,,0.88986,0.19421,,,1.3602,0,,0,1,1,37,37,0,37.0,116720.0
207.0,65,100,75,0.0,12.03,62.42,9.8561,250,0.9,0,24.83,13.288,20.171,77463,85981.0,6.5043,297.95,413.59,1.6429,11.0,,23,,0.90555,0.19407,,,1.3596,0,,0,1,1,37,37,0,37.0,116590.0
207.2,65,100,75,0.0,10.812,32.408,0.98561,250,0.9,0,24.959,13.303,20.145,77525,86053.0,6.5085,297.86,380.56,1.6422,11.0,,23,,0.89522,0.19417,,,1.359,0,,0,1,1,37,37,0,37.0,116290.0
207.4,65,100,75,0.0,7.945,9.7225,64.431,250,0.9,0,25.086,13.324,20.118,77587,86124.0,6.5085,297.95,410.6,1.6414,11.0,,23,,0.87174,0.19437,,,1.3584,0,,0,1,1,37,37,0,37.0,115160.0
207.6,65,100,75,0.0,5.0881,2.9168,0.0001,250,0.9,0,25.213,13.318,20.092,77648,86195.0,6.5045,297.87,383.58,1.6407,11.0,,23,,0.87292,0.19436,,,1.3578,0,,0,1,1,37,37,0,37.0,116030.0
207.8,65,100,75,0.0,3.8272,0.87503,70.634,250,0.9,0,25.339,13.325,20.066,77709,86265.0,6.4985,297.97,421.25,1.64,11.0,,23,,0.86823,0.1944,,,1.3572,0,,0,1,1,37,37,0,37.0,114730.0
208.0,65,100,75,0.0,4.939,31.67,7.0634,250,0.9,0,25.464,13.327,20.04,77770,86336.0,6.4942,297.9,393.13,1.6392,11.0,,23,,0.87338,0.19436,,,1.3566,0,,0,1,1,37,37,0,37.0,115270.0
208.2,65,100,75,0.0,7.7558,9.5009,100.2,250,0.9,0,25.589,13.341,20.014,77832,86407.0,6.4942,298.07,455.19,1.6385,11.0,,23,,0.87324,0.19436,,,1.356,0,,0,1,1,37,37,0,37.0,115640.0
208.4,65,100,75,0.0,10.597,63.888,10.02,250,0.9,0,25.715,13.351,19.987,77894,86479.0,6.4978,297.97,421.22,1.6378,11.0,,23,,0.87501,0.19435,,,1.3554,0,,0,1,1,37,37,0,37.0,116010.0
208.6,65,100,75,0.0,11.996,33.547,1.002,250,0.9,0,25.842,13.357,19.961,77957,86551.0,6.5041,297.88,386.42,1.637,11.0,,23,,0.87787,0.19433,,,1.3548,0,,0,1,1,37,37,0,37.0,115710.0
208.8,65,100,75,0.0,10.867,10.064,62.75,250,0.9,0,25.968,13.351,19.935,78019,86623.0,6.5083,297.95,414.11,1.6363,11.0,,23,,0.88655,0.19425,,,1.3542,0,,0,1,1,37,37,0,37.0,114740.0
209.0,65,100,75,0.0,8.0878,31.932,6.275,250,0.9,0,26.095,13.358,19.909,78081,86694.0,6.5084,297.88,384.59,1.6356,11.0,,23,,0.87854,0.19432,,,1.3536,0,,0,1,1,37,37,0,37.0,114610.0
209.2,65,100,75,0.0,5.2627,9.5797,99.246,250,0.9,0,26.222,13.346,19.883,78142,86765.0,6.5045,298.04,445.52,1.6348,11.0,,23,,0.88821,0.19424,,,1.3529,0,,0,1,1,37,37,0,37.0,113820.0
209.4,65,100,75,0.0,3.9791,61.874,9.9246,250,0.9,0,26.351,13.372,19.857,78203,86836.0,6.499,297.94,409.67,1.6341,11.0,,23,,0.86624,0.19443,,,1.3523,0,,0,1,1,37,37,0,37.0,114690.0
209.6,65,100,75,0.0,4.8997,18.562,143.04,250,0.9,0,26.48,13.377,19.832,78264,86907.0,6.4948,298.2,507.11,1.6333,11.0,,23,,0.86686,0.19443,,,1.3517,0,,0,1,1,37,37,0,37.0,115060.0
209.8,65,100,75,0.0,7.5098,107.16,14.304,250,0.9,0,26.609,13.392,19.806,78326,86978.0,6.4938,298.08,460.92,1.6326,11.0,,23,,0.86381,0.19446,,,1.3511,0,,0,1,1,37,37,0,37.0,113600.0
210.0,65,100,75,0.0,10.493,70.192,1.4304,250,0.9,0,26.735,13.408,19.78,78388,87050.0,6.4968,297.95,413.91,1.6319,11.0,5068.9,23,3089.0,0.8602,0.19449,19.883,22.04,1.3505,0,76.677,0,1,1,37,37,0,37.0,113800.0
