time,aeration_rate,agitator,sugar_feed_rate,acid_flow_rate,base_flow_rate,heating/cooling_water_flow_rate,heating_water_flow_rate,water_for_injection/dilution,air_head_pressure,dumped_broth_flow,substrate_concentration,dissolved_oxygen_concentration,penicillin_concentration,vessel_volume,vessel_weight,pH,temperature,generated_heat,CO2_percent_in_off_gas,PAA_flow,PAA_concentration,oil_flow,NH3_concentration,oxygen_uptake_rate,oxygen_in_percent_in_off_gas,offline_penicillin_concentration,offline_biomass_concentration,carbon_evolution_rate,ammonia_shots,viscosity,Fault reference(Fault_ref:Fault ref),0 - Recipe driven 1 - Operator controlled(Control_ref:Control ref),1- No Raman spec, 1-Raman spec recorded,2-PAT control(PAT_ref:PAT ref),Batch reference(Batch_ref:Batch ref),experiment_ID,Fault flag
0.2,30,100,8,0.0,44.539,0.0001,73.04,0,0.6,0,0.90365,14.646,0.001,58168,62633.0,6.4253,297.87,62.881,0.08715,5.0,,22,,0.0082236,0.20486,,,0.033146,0,,0,0,1,16,16,0,16.0,0.0
0.4,30,100,8,0.0,74.43,0.0001,26.038,0,0.6,0,0.95018,14.627,0.00099927,58181,62650.0,6.484,297.94,81.401,0.098676,5.0,,22,,-0.056951,0.20605,,,0.03753,0,,0,0,1,16,16,0,16.0,0.0
0.6,30,100,8,0.0,81.153,0.0001,0.0001,0,0.6,0,0.99535,14.617,0.00099853,58194,62668.0,6.5454,297.92,75.898,0.10256,5.0,,22,,-0.07067,0.20629,,,0.039008,0,,0,0,1,16,16,0,16.0,0.0
0.8,30,100,8,0.0,63.518,0.0001,39.778,0,0.6,0,1.0389,14.591,0.00099785,58204,62682.0,6.5991,298.04,108.45,0.10492,5.0,,22,,-0.065358,0.20619,,,0.039907,0,,0,0,1,16,16,0,16.0,0.0
1.0,30,100,8,0.51595,31.759,39.049,3.9778,0,0.6,0,1.0813,14.559,0.00099728,58208,62690.0,6.6211,297.99,94.496,0.10704,5.0,1450.9,22,1708.9,-0.053549,0.20597,0.001,0.50608,0.040711,0,4.0819,0,0,1,16,16,0,16.0,0.0
1.2,30,100,8,1.0356,15.88,21.655,0.39778,0,0.6,0,1.1221,14.537,0.00099676,58209,62696.0,6.6185,297.95,83.865,0.10918,5.0,,22,,-0.04538,0.20581,,,0.041526,0,,0,0,1,16,16,0,16.0,0.0
1.4,30,100,8,1.5569,7.9398,6.4964,30.886,0,0.6,0,1.1611,14.513,0.00099627,58208,62699.0,6.6006,298.04,107.88,0.1114,5.0,,22,,-0.036735,0.20565,,,0.042371,0,,0,0,1,16,16,0,16.0,0.0
1.6,30,100,8,2.079,3.9699,35.797,3.0886,0,0.6,0,1.1979,14.473,0.00099578,58206,62702.0,6.5759,298.0,96.652,0.11373,5.0,,22,,-0.02144,0.20536,,,0.043257,0,,0,0,1,16,16,0,16.0,0.0
1.8,30,100,8,2.6012,1.9849,22.075,0.30886,0,0.6,0,1.2331,14.443,0.0009953,58205,62705.0,6.5488,297.97,88.507,0.11617,5.0,,22,,-0.0091371,0.20512,,,0.044185,0,,0,0,1,16,16,0,16.0,0.0
2.0,30,100,8,0.0,0.0,11.746,0.030886,0,0.6,0,1.266,14.422,0.00099484,58202,62707.0,6.524,297.95,84.475,0.11872,5.0,,22,,-0.0017769,0.20498,,,0.045157,0,,0,0,1,16,16,0,16.0,0.0
2.2,30,100,8,0.0,0.0,5.4879,0.0030886,0,0.6,0,1.2964,14.383,0.00099437,58199,62709.0,6.5005,297.95,83.467,0.1214,5.0,,22,,0.012208,0.20471,,,0.046175,0,,0,0,1,16,16,0,16.0,21906.0
2.4,30,100,8,0.0,0.33475,1.6464,13.504,0,0.6,0,1.324,14.357,0.00099391,58197,62710.0,6.4784,298.0,97.186,0.12419,5.0,,22,,0.02165,0.20453,,,0.047239,0,,0,0,1,16,16,0,16.0,22235.0
2.6,30,100,8,0.0,9.5112,17.354,1.3504,0,0.6,0,1.3496,14.323,0.0009934,58196,62714.0,6.4685,297.99,95.875,0.12711,5.0,,22,,0.033711,0.2043,,,0.048348,0,,0,0,1,16,16,0,16.0,21564.0
2.8,30,100,8,0.0,22.601,15.204,0.13504,0,0.6,0,1.3723,14.293,0.00099286,58198,62720.0,6.4737,297.99,94.636,0.13015,5.0,,22,,0.044044,0.2041,,,0.049503,0,,0,0,1,16,16,0,16.0,22226.0
3.0,30,100,8,0.0,33.603,13.384,0.013504,0,0.6,0,1.3927,14.263,0.00099228,58202,62729.0,6.4919,297.99,94.697,0.13331,5.0,,22,,0.054042,0.20391,,,0.050706,0,,0,0,1,16,16,0,16.0,20722.0
3.2,30,100,15,0.0,37.312,13.065,0.0013504,0,0.6,0,1.4246,14.239,0.00099166,58208,62740.0,6.5159,297.99,95.616,0.1366,5.0,,22,,0.060476,0.20378,,,0.051959,0,,0,0,1,16,16,0,16.0,21884.0
3.4,30,100,15,0.0,31.467,13.823,0.00013504,0,0.6,0,1.4544,14.19,0.00099106,58213,62750.0,6.5321,298.0,97.119,0.14002,5.0,,22,,0.077626,0.20345,,,0.053262,0,,0,0,1,16,16,0,16.0,21213.0
3.6,30,100,15,0.0,19.183,15.437,0.0001,0,0.6,0,1.4821,14.14,0.00099051,58215,62757.0,6.5306,298.01,99.146,0.14359,5.0,,22,,0.096287,0.2031,,,0.054618,0,,0,0,1,16,16,0,16.0,21708.0
3.8,30,100,15,0.0,7.5199,17.92,0.0001,0,0.6,0,1.5072,14.11,0.00099,58216,62762.0,6.5126,298.01,101.52,0.14728,5.0,,22,,0.10688,0.20289,,,0.056024,0,,0,0,1,16,16,0,16.0,21870.0
4.0,30,100,15,0.0,3.0732,21.117,0.0001,0,0.6,0,1.529,14.06,0.0009895,58215,62767.0,6.4888,298.02,104.26,0.15111,5.0,,22,,0.12368,0.20257,,,0.057482,0,,0,0,1,16,16,0,16.0,21365.0
4.2,30,100,15,0.0,8.0858,25.117,0.0001,0,0.6,0,1.5754,13.996,0.00098898,58215,62773.0,6.4719,298.04,107.62,0.1551,5.0,,30,,0.14135,0.20223,,,0.059,0,,0,0,1,16,16,0,16.0,21861.0
4.4,30,100,15,0.0,19.819,30.283,0.0001,0,0.6,0,1.6187,13.953,0.00098842,58218,62782.0,6.4699,298.05,110.88,0.15925,5.0,,30,,0.1569,0.20193,,,0.060576,0,,0,0,1,16,16,0,16.0,21856.0
4.6,30,100,15,0.0,32.344,35.769,0.0001,0,0.6,0,1.6581,13.891,0.00098782,58223,62794.0,6.4818,298.06,114.17,0.16356,5.0,,30,,0.17844,0.20152,,,0.062217,0,,0,0,1,16,16,0,16.0,21852.0
4.8,30,100,15,0.0,40.097,41.758,0.0001,0,0.6,0,1.6938,13.83,0.00098719,58230,62807.0,6.5018,298.07,117.2,0.16804,5.0,,30,,0.20107,0.20108,,,0.063924,0,,0,0,1,16,16,0,16.0,21847.0
5.0,30,100,15,0.0,39.857,47.87,0.0001,0,0.6,0,1.7263,13.785,0.00098656,58236,62820.0,6.52,298.09,120.53,0.17269,5.0,,30,,0.21757,0.20076,,,0.065692,0,,0,0,1,16,16,0,16.0,22342.0
5.2,30,100,15,0.0,32.368,54.789,0.0001,0,0.6,0,1.7549,13.72,0.00098598,58240,62830.0,6.5273,298.1,124.18,0.17751,0.0,,30,,0.23832,0.20036,,,0.067527,0,,0,0,1,16,16,0,16.0,22004.0
5.4,30,100,15,0.0,22.011,62.581,0.0001,0,0.6,0,1.78,13.66,0.00098544,58243,62839.0,6.5214,298.11,127.12,0.18251,0.0,,30,,0.25886,0.19997,,,0.06943,0,,0,0,1,16,16,0,16.0,21666.0
5.6,30,100,15,0.0,14.001,69.974,0.0001,0,0.6,0,1.8019,13.596,0.00098492,58243,62846.0,6.505,298.12,129.84,0.18769,0.0,,30,,0.28088,0.19954,,,0.071401,0,,0,0,1,16,16,0,16.0,20994.0
5.8,30,100,15,0.0,12.55,77.497,0.0001,0,0.6,0,1.8198,13.523,0.0009844,58243,62852.0,6.4874,298.13,131.47,0.19306,0.0,,30,,0.30529,0.19907,,,0.073445,0,,0,0,1,16,16,0,16.0,21656.0
6.0,30,100,15,0.0,18.097,84.014,0.0001,0,0.6,0,1.8337,13.448,0.00098386,58244,62860.0,6.4768,298.14,134.41,0.19864,0.0,,30,,0.33144,0.19856,,,0.075569,0,,0,0,1,16,16,0,16.0,21318.0
6.2,30,100,15,0.0,27.859,92.474,0.0001,0,0.6,0,1.8433,13.39,0.00098329,58248,62870.0,6.4792,298.15,137.57,0.20442,0.0,,30,,0.35134,0.19818,,,0.077769,0,,0,0,1,16,16,0,16.0,22147.0
6.4,30,100,15,0.0,36.654,101.59,0.0001,0,0.6,0,1.8486,13.33,0.0009827,58253,62881.0,6.4895,298.15,137.96,0.2104,0.0,,30,,0.36944,0.19782,,,0.080046,0,,0,0,1,16,16,0,16.0,21142.0
6.6,30,100,15,0.0,41.347,107.57,0.0001,0,0.6,0,1.8493,13.258,0.00098208,58259,62893.0,6.5025,298.16,139.62,0.21659,0.0,,30,,0.39133,0.19739,,,0.082402,0,,0,0,1,16,16,0,16.0,21637.0
6.8,30,100,15,0.0,40.867,115.33,0.0001,0,0.6,0,1.8465,13.205,0.00098147,58264,62905.0,6.5164,298.16,140.68,0.223,0.0,,30,,0.40584,0.19711,,,0.084841,0,,0,0,1,16,16,0,16.0,22299.0
7.0,30,100,15,0.0,34.837,122.51,0.0001,0,0.6,0,1.8391,13.14,0.00098088,58269,62916.0,6.5211,298.16,141.26,0.22961,0.0,,30,,0.42242,0.19678,,,0.08736,0,,0,0,1,16,16,0,16.0,21960.0
7.2,30,100,15,0.0,26.947,129.23,0.0001,0,0.6,0,1.8275,13.078,0.00098032,58272,62926.0,6.5146,298.17,143.36,0.23644,0.0,,30,,0.4383,0.19646,,,0.089958,0,,0,0,1,16,16,0,16.0,20956.0
7.4,30,100,15,0.0,21.644,138.01,0.0001,0,0.6,0,1.8116,12.998,0.00097978,58274,62934.0,6.5009,298.17,142.86,0.24348,0.0,,30,,0.45981,0.19604,,,0.092641,0,,0,0,1,16,16,0,16.0,21451.0
7.6,30,100,15,0.0,21.83,143.69,0.0001,0,0.6,0,1.7904,12.934,0.00097923,58276,62943.0,6.4867,298.16,141.27,0.25077,0.0,,30,,0.47606,0.19572,,,0.095415,0,,0,0,1,16,16,0,16.0,20779.0
7.8,30,100,15,0.0,27.685,147.98,0.0001,0,0.6,0,1.763,12.843,0.00097866,58279,62952.0,6.4784,298.17,143.33,0.25834,0.0,,30,,0.49876,0.19527,,,0.098295,0,,0,0,1,16,16,0,16.0,20774.0
8.0,30,100,15,0.0,36.837,156.76,0.0001,0,0.6,0,1.7284,12.738,0.00097807,58284,62963.0,6.4782,298.17,144.61,0.26622,0.0,,30,,0.52864,0.19469,,,0.1013,0,,0,0,1,16,16,0,16.0,20936.0
8.2,42,100,15,0.0,46.052,164.73,0.0001,0,0.6,0,1.6871,12.871,0.00097744,58291,62977.0,6.4875,298.18,146.02,0.21388,0.0,,30,,0.5119,0.19789,,,0.11392,0,,0,0,1,16,16,0,16.0,21097.0
8.4,42,100,15,0.0,51.549,173.07,0.0001,0,0.6,0,1.6391,12.774,0.00097679,58299,62991.0,6.5,298.19,149.05,0.21345,0.0,,30,,0.50793,0.19794,,,0.11369,0,,0,0,1,16,16,0,16.0,20592.0
8.6,42,100,15,0.0,52.059,183.67,0.0001,0,0.6,0,1.584,12.66,0.00097615,58307,63005.0,6.5098,298.2,151.84,0.21905,0.0,,30,,0.54459,0.19743,,,0.11668,0,,0,0,1,16,16,0,16.0,20587.0
8.8,42,100,15,0.0,48.653,194.35,0.0001,0,0.6,0,1.522,12.557,0.00097551,58314,63019.0,6.5155,298.21,154.39,0.22555,0.0,,30,,0.57895,0.19696,,,0.12014,0,,0,0,1,16,16,0,16.0,21915.0
9.0,42,100,15,0.0,42.992,205.13,0.0001,0,0.6,0,1.453,12.46,0.0009749,58321,63032.0,6.5133,298.23,158.76,0.23235,0.0,,30,,0.60734,0.19656,,,0.12376,0,,0,0,1,16,16,0,16.0,21577.0
9.2,42,100,15,0.0,38.208,218.58,0.0001,0,0.6,0,1.3768,12.349,0.0009743,58326,63043.0,6.504,298.23,160.09,0.23942,0.0,,30,,0.642,0.19607,,,0.12753,0,,0,0,1,16,16,0,16.0,21238.0
9.4,42,100,15,0.0,37.168,228.7,0.0001,0,0.6,0,1.2933,12.247,0.0009737,58331,63055.0,6.4934,298.26,166.17,0.24673,0.0,,30,,0.67237,0.19565,,,0.13143,0,,0,0,1,16,16,0,16.0,22233.0
9.6,42,100,15,0.0,40.315,245.2,0.0001,0,0.6,0,1.2024,12.135,0.0009731,58337,63067.0,6.4854,298.28,174.02,0.2543,0.0,,30,,0.70425,0.1952,,,0.13546,0,,0,0,1,16,16,0,16.0,21061.0
9.8,42,100,15,0.0,46.673,264.67,0.0001,0,0.6,0,1.1032,12.003,0.00097247,58344,63080.0,6.4842,298.32,184.24,0.26217,0.0,,30,,0.74762,0.19459,,,0.13966,0,,0,0,1,16,16,0,16.0,21556.0
10.0,42,100,15,0.0,53.493,288.23,0.0001,0,0.6,0,0.99573,11.882,0.00097181,58352,63095.0,6.4873,298.33,186.6,0.27032,0.0,,30,,0.7858,0.19405,,,0.144,0,,0,0,1,16,16,0,16.0,21884.0
10.2,42,100,15,0.0,59.092,303.06,0.0001,0,0.6,0,0.88,11.769,0.00097114,58361,63110.0,6.4938,298.35,191.11,0.27875,0.0,,30,,0.81707,0.19361,,,0.1485,0,,0,0,1,16,16,0,16.0,22379.0
10.4,42,100,15,0.0,62.071,321.21,0.0001,0,0.6,0,0.75628,11.643,0.00097046,58371,63127.0,6.5018,298.38,198.86,0.28747,0.0,,30,,0.85389,0.19309,,,0.15314,0,,0,0,1,16,16,0,16.0,21873.0
10.6,42,100,15,0.0,61.865,344.06,0.0001,0,0.6,0,0.62382,11.497,0.00096978,58381,63143.0,6.5075,298.37,195.74,0.29649,0.0,,30,,0.90151,0.19242,,,0.15795,0,,0,0,1,16,16,0,16.0,21201.0
10.8,42,100,15,0.0,59.41,353.97,0.0001,0,0.6,0,0.48212,11.359,0.00096911,58391,63159.0,6.5093,298.35,191.5,0.30583,0.0,,30,,0.94369,0.19183,,,0.16293,0,,0,0,1,16,16,0,16.0,20529.0
11.0,42,100,15,0.0,56.223,362.31,0.0001,0,0.6,0,0.33358,11.238,0.00096845,58400,63174.0,6.5086,298.34,188.48,0.31546,0.0,,30,,0.98021,0.19131,,,0.16807,0,,0,0,1,16,16,0,16.0,21857.0
11.2,42,100,15,0.0,53.31,371.67,0.0001,0,0.6,0,0.18371,11.157,0.0009678,58408,63189.0,6.5056,298.33,186.66,0.3253,0.0,,30,,1.0165,0.19079,,,0.17332,0,,0,0,1,16,16,0,16.0,21352.0
11.4,42,100,15,0.0,51.6,382.1,0.0001,0,0.6,0,0.049909,11.366,0.00096716,58416,63203.0,6.5073,298.28,172.64,0.33513,0.0,,30,,1.0041,0.19094,,,0.17855,0,,0,0,1,16,16,0,16.0,22180.0
11.6,42,100,15,0.0,49.196,376.62,0.0001,0,0.6,0,0.0092977,12.578,0.00096654,58423,63217.0,6.5263,298.15,138.68,0.34339,0.0,,30,,0.68419,0.1953,,,0.18296,0,,0,0,1,16,16,0,16.0,21174.0
11.8,42,100,15,0.0,39.157,344.0,0.0001,0,0.6,0,0.0089542,12.584,0.00096608,58429,63229.0,6.5441,297.99,95.527,0.34928,0.0,,30,,0.53986,0.19724,,,0.1861,0,,0,0,1,16,16,0,16.0,21836.0
12.0,42,100,15,0.0,22.039,295.44,0.0001,0,0.6,0,0.0088227,12.568,0.00096576,58431,63237.0,6.5383,297.87,61.999,0.3547,0.0,1529.5,30,1826.7,0.51742,0.19753,0.0009678,3.0989,0.18899,0,10.811,0,0,1,16,16,0,16.0,21830.0
12.2,42,100,30,0.0,7.3261,88.632,318.98,0,0.6,0,0.013272,12.138,0.00096521,58433,63246.0,6.5028,299.05,379.66,0.36061,0.0,,30,,0.63136,0.19598,,,0.19214,0,,0,0,1,16,16,0,16.0,21158.0
12.4,42,100,30,0.0,6.8219,491.29,31.898,0,0.6,0,0.012744,12.129,0.00096465,58435,63255.0,6.4693,298.85,327.69,0.36701,0.0,,30,,0.6524,0.19568,,,0.19556,0,,0,0,1,16,16,0,16.0,21153.0
12.6,42,100,30,0.0,19.637,455.2,3.1898,0,0.7,0,0.012336,12.941,0.00096405,58439,63267.0,6.4564,298.61,263.04,0.37348,0.0,,30,,0.66395,0.19551,,,0.19901,0,,0,0,1,16,16,0,16.0,21814.0
12.8,42,100,30,0.0,37.536,405.95,0.31898,0,0.7,0,0.012293,12.91,0.0009634,58447,63282.0,6.4664,298.43,213.84,0.37996,0.0,,30,,0.66272,0.19552,,,0.20247,0,,0,0,1,16,16,0,16.0,21142.0
13.0,42,100,30,0.0,51.432,367.85,0.031898,0,0.7,0,0.012248,12.89,0.00096271,58458,63301.0,6.4888,298.28,172.65,0.38648,0.0,,30,,0.66173,0.19552,,,0.20594,0,,0,0,1,16,16,0,16.0,21636.0
13.2,42,100,30,0.0,56.39,332.73,0.0031898,0,0.7,0,0.011916,12.893,0.00096201,58470,63320.0,6.5139,298.16,141.54,0.39299,0.0,,30,,0.6527,0.19563,,,0.20941,0,,0,0,1,16,16,0,16.0,22298.0
13.4,42,100,30,0.0,51.33,304.57,0.00031898,0,0.7,0,0.011764,12.879,0.00096133,58481,63338.0,6.5329,298.09,121.49,0.39945,0.0,,30,,0.65036,0.19564,,,0.21286,0,,0,0,1,16,16,0,16.0,21292.0
13.6,42,100,30,0.0,38.689,285.96,0.0001,0,0.7,0,0.011696,12.838,0.00096069,58489,63354.0,6.5387,298.04,107.77,0.40592,0.0,,30,,0.65473,0.19557,,,0.21631,0,,0,0,1,16,16,0,16.0,21787.0
13.8,42,100,30,0.0,23.763,272.34,0.0001,0,0.7,0,0.011126,12.827,0.00096011,58495,63367.0,6.5256,297.99,95.586,0.41237,0.0,,30,,0.6583,0.19551,,,0.21975,0,,0,0,1,16,16,0,16.0,20781.0
14.0,42,100,30,0.0,14.088,258.61,0.0001,0,0.7,0,0.010806,12.814,0.00095956,58498,63377.0,6.4999,297.97,89.235,0.41874,0.0,,30,,0.65825,0.1955,,,0.22315,0,,0,0,1,16,16,0,16.0,21109.0
14.2,42,100,30,0.0,14.68,250.61,0.0001,0,0.7,0,0.010457,12.786,0.00095901,58502,63388.0,6.4762,297.96,85.573,0.42509,0.0,,30,,0.66478,0.1954,,,0.22654,0,,0,0,1,16,16,0,16.0,20437.0
14.4,42,100,30,0.0,24.709,244.99,0.0001,0,0.7,0,0.010152,12.776,0.00095842,58507,63401.0,6.4677,297.94,79.989,0.4314,0.0,,30,,0.66558,0.19538,,,0.22991,0,,0,0,1,16,16,0,16.0,21598.0
14.6,42,100,30,0.0,38.087,73.498,260.58,0,0.7,0,0.010012,12.766,0.00095778,58516,63416.0,6.4736,298.93,349.28,0.43769,0.0,,30,,0.66354,0.19539,,,0.23326,0,,0,0,1,16,16,0,16.0,21426.0
14.8,42,100,30,0.0,49.105,415.27,26.058,0,0.7,0,0.0096924,12.748,0.0009571,58526,63434.0,6.4897,298.85,326.82,0.44394,0.0,,30,,0.67103,0.19528,,,0.2366,0,,0,0,1,16,16,0,16.0,21420.0
15.0,42,100,30,0.0,53.699,414.1,2.6058,0,0.7,0,0.0094554,12.738,0.00095643,58537,63452.0,6.5086,298.68,282.0,0.45017,0.0,,30,,0.66676,0.19532,,,0.23992,0,,0,0,1,16,16,0,16.0,21248.0
15.2,42,100,30,0.0,50.772,389.37,0.26058,0,0.7,0,0.0091065,12.72,0.00095586,58548,63470.0,6.5227,298.52,238.06,0.45637,0.0,,30,,0.66938,0.19527,,,0.24323,0,,0,0,1,16,16,0,16.0,20743.0
15.4,42,100,30,0.0,42.236,360.18,0.026058,0,0.7,0,0.0089703,12.702,0.0009554,58557,63486.0,6.5265,298.37,196.89,0.46253,0.0,,30,,0.66824,0.19528,,,0.24652,0,,0,0,1,16,16,0,16.0,21737.0
15.6,42,100,30,0.0,32.169,328.42,0.0026058,0,0.7,0,0.0088676,12.68,0.00095505,58564,63500.0,6.5189,298.24,162.24,0.4687,0.0,,30,,0.66323,0.19533,,,0.24981,0,,0,0,1,16,16,0,16.0,21732.0
15.8,42,100,30,0.0,25.169,299.2,0.00026058,0,0.7,0,0.0085925,12.674,0.00095506,58569,63513.0,6.5045,298.13,131.39,0.47484,0.0,,30,,0.66152,0.19535,,,0.25308,0,,0,0,1,16,16,0,16.0,21560.0
16.0,42,100,30,0.0,23.928,269.84,0.0001,0,0.7,0,0.0084126,12.659,0.00095556,58575,63526.0,6.4887,298.04,106.58,0.48094,0.0,,30,,0.65785,0.19538,,,0.25634,0,,0,0,1,16,16,0,16.0,20554.0
16.2,42,100,75,0.0,28.977,243.81,0.0001,0,0.7,0,0.025141,11.327,0.00095482,58590,63552.0,6.4615,298.07,116.2,0.48865,0.0,,35,,0.96418,0.19119,,,0.26046,0,,0,0,1,16,16,0,16.0,21548.0
16.4,42,100,75,0.0,44.947,258.1,0.0001,0,0.7,0,0.024991,11.248,0.00095402,58609,63581.0,6.4476,298.11,128.05,0.49798,0.0,,35,,1.0541,0.18994,,,0.26543,0,,0,0,1,16,16,0,16.0,21710.0
16.6,42,100,75,0.0,66.374,275.61,0.0001,0,0.7,0,0.023739,11.199,0.00095314,58632,63615.0,6.4525,298.15,138.52,0.50763,0.0,,35,,1.0789,0.18958,,,0.27058,0,,0,0,1,16,16,0,16.0,21037.0
16.8,42,100,75,0.0,85.822,292.92,0.0001,0,0.7,0,0.022936,11.144,0.00095221,58658,63653.0,6.4666,298.19,149.72,0.51736,0.0,,35,,1.0933,0.18937,,,0.27578,0,,0,0,1,16,16,0,16.0,20532.0
17.0,42,100,75,0.0,99.655,312.64,0.0001,0,0.7,0,0.022555,11.094,0.00095123,58688,63694.0,6.4826,298.21,154.95,0.52716,0.0,,35,,1.1002,0.18925,,,0.28101,0,,0,0,1,16,16,0,16.0,20359.0
17.2,42,100,75,0.0,107.14,326.29,0.0001,0,0.7,0,0.021546,11.046,0.00095022,58719,63736.0,6.498,298.23,159.65,0.53703,0.0,,35,,1.1123,0.18907,,,0.28628,0,,0,0,1,16,16,0,16.0,20854.0
17.4,42,100,75,0.0,108.48,340.15,0.0001,0,0.7,0,0.02097,10.98,0.00094922,58750,63778.0,6.5115,298.24,161.11,0.54694,0.0,,35,,1.1283,0.18883,,,0.29157,0,,0,0,1,16,16,0,16.0,21348.0
17.6,42,100,75,0.0,104.41,350.55,0.0001,0,0.7,0,0.019517,10.97,0.00094823,58781,63819.0,6.5234,298.2,151.77,0.55685,0.0,,35,,1.13,0.18879,,,0.29686,0,,0,0,1,16,16,0,16.0,21342.0
17.8,42,100,75,0.0,95.568,347.53,0.0001,0,0.7,0,0.018834,10.939,0.00094728,58809,63859.0,6.5327,298.16,140.4,0.56672,0.0,,35,,1.13,0.18877,,,0.30213,0,,0,0,1,16,16,0,16.0,21003.0
18.0,42,100,75,0.0,83.027,340.93,0.0001,0,0.7,0,0.018299,10.897,0.00094636,58836,63896.0,6.5375,298.16,140.07,0.57658,0.0,,35,,1.1324,0.18872,,,0.3074,0,,0,0,1,16,16,0,16.0,21331.0
18.2,42,100,75,0.0,68.567,346.84,0.0001,0,0.7,0,0.017763,10.825,0.0009455,58859,63930.0,6.5359,298.15,137.52,0.58649,0.0,,35,,1.1423,0.18856,,,0.31269,0,,0,0,1,16,16,0,16.0,21492.0
18.4,42,100,75,0.0,54.753,349.6,0.0001,0,0.7,0,0.016684,10.81,0.00094467,58880,63962.0,6.5264,298.16,141.52,0.59638,0.0,,35,,1.1457,0.18849,,,0.31797,0,,0,0,1,16,16,0,16.0,21153.0
18.6,42,100,75,0.0,44.721,360.35,0.0001,0,0.7,0,0.016012,10.762,0.00094389,58898,63991.0,6.5083,298.16,141.22,0.60625,0.0,,35,,1.1491,0.18843,,,0.32324,0,,0,0,1,16,16,0,16.0,20981.0
18.8,42,100,75,0.0,41.964,366.04,0.0001,0,0.7,0,0.015254,10.739,0.0009431,58916,64020.0,6.4896,298.15,137.27,0.61611,0.0,,35,,1.1476,0.18843,,,0.32851,0,,0,0,1,16,16,0,16.0,20975.0
19.0,42,100,75,0.0,46.637,367.18,0.0001,0,0.7,0,0.01473,10.7,0.00094231,58935,64050.0,6.4778,298.14,134.88,0.62597,0.0,,35,,1.1509,0.18837,,,0.33377,0,,0,0,1,16,16,0,16.0,20969.0
19.2,42,100,75,0.0,56.03,369.84,0.0001,0,0.7,0,0.014438,10.668,0.00094148,58956,64082.0,6.4752,298.1,124.23,0.63583,0.0,,35,,1.1551,0.18829,,,0.33904,0,,0,0,1,16,16,0,16.0,22297.0
19.4,42,100,75,0.0,66.425,361.69,0.0001,0,0.7,0,0.014166,10.61,0.00094063,58979,64116.0,6.4788,298.04,107.68,0.64572,0.0,,35,,1.1658,0.18812,,,0.34432,0,,0,0,1,16,16,0,16.0,20791.0
19.6,42,100,75,0.0,75.394,344.84,0.0001,0,0.7,0,0.013412,10.617,0.00093975,59003,64151.0,6.4868,297.98,91.469,0.65558,0.0,,35,,1.1658,0.18811,,,0.34959,0,,0,0,1,16,16,0,16.0,21619.0
19.8,42,100,75,0.0,81.176,326.31,0.0001,0,0.7,0,0.013086,10.589,0.00093885,59029,64188.0,6.4978,297.93,76.984,0.66539,0.0,,35,,1.1668,0.18807,,,0.35483,0,,0,0,1,16,16,0,16.0,21446.0
20.0,42,100,75,0.0,82.567,97.893,341.78,0,0.7,0,0.012873,10.575,0.00093793,59055,64225.0,6.509,299.25,436.84,0.67515,0.0,,35,,1.1723,0.18798,,,0.36004,0,,0,0,1,16,16,0,16.0,20607.0
20.2,55,100,150,0.0,79.503,550.17,34.178,0,0.7,0,0.040188,9.4813,0.00093677,59095,64280.0,6.4918,299.08,392.87,0.54216,0.0,,35,,1.4965,0.18864,,,0.37848,0,,0,0,1,16,16,0,16.0,21768.0
20.4,55,100,150,0.0,83.388,531.48,3.4178,0,0.7,0,0.037018,9.3665,0.0009356,59136,64337.0,6.4739,298.91,345.8,0.54417,0.0,,35,,1.5553,0.18802,,,0.37988,0,,0,0,1,16,16,0,16.0,20595.0
20.6,55,100,150,0.0,94.348,514.0,0.34178,0,0.7,0,0.03347,9.3126,0.0009344,59180,64395.0,6.4622,298.76,303.84,0.55429,0.0,,35,,1.5753,0.18779,,,0.38695,0,,0,0,1,16,16,0,16.0,21423.0
20.8,55,100,150,0.0,109.96,496.63,0.034178,0,0.7,0,0.030857,9.2408,0.00093316,59226,64457.0,6.4558,298.59,258.43,0.56493,0.0,,35,,1.5972,0.18753,,,0.3944,0,,0,0,1,16,16,0,16.0,20917.0
21.0,55,100,150,0.0,128.15,469.07,0.0034178,0,0.7,0,0.028843,9.1662,0.00093187,59276,64522.0,6.452,298.46,221.45,0.57569,0.0,,35,,1.613,0.18735,,,0.40192,0,,0,0,1,16,16,0,16.0,20911.0
21.2,55,100,150,0.0,147.87,446.05,0.00034178,0,0.7,0,0.028773,9.0204,0.00093052,59330,64591.0,6.4484,298.37,196.24,0.58661,0.0,,35,,1.6476,0.18696,,,0.40956,0,,0,0,1,16,16,0,16.0,21405.0
21.4,55,100,150,0.0,169.04,432.58,0.0001,0,0.7,0,0.026694,8.9271,0.00092911,59389,64665.0,6.4452,298.31,181.43,0.59773,0.0,,35,,1.6749,0.18665,,,0.41733,0,,0,0,1,16,16,0,16.0,20566.0
21.6,55,100,150,0.0,191.48,428.44,0.0001,0,0.7,0,0.025127,8.8656,0.00092764,59451,64744.0,6.4429,298.28,171.19,0.60895,0.0,,35,,1.6869,0.1865,,,0.42518,0,,0,0,1,16,16,0,16.0,20393.0
21.8,55,100,150,0.0,214.85,427.74,0.0001,0,0.7,0,0.024029,8.7982,0.00092609,59519,64827.0,6.4411,298.25,164.18,0.62026,0.0,,35,,1.701,0.18633,,,0.43309,0,,0,0,1,16,16,0,16.0,21221.0
22.0,55,100,150,0.0,225.0,429.59,0.0001,0,0.7,0,0.022885,8.7259,0.00092452,59588,64912.0,6.4395,298.24,162.29,0.63166,0.0,,35,,1.7144,0.18617,,,0.44106,0,,0,0,1,16,16,0,16.0,21381.0
22.2,55,100,150,0.0,225.0,436.8,0.0001,0,0.7,0,0.022085,8.6415,0.00092295,59658,64997.0,6.4376,298.23,159.16,0.64315,0.0,,35,,1.7212,0.18608,,,0.4491,0,,0,0,1,16,16,0,16.0,20875.0
22.4,55,100,150,0.0,225.0,442.08,0.0001,0,0.7,0,0.021558,8.5687,0.00092139,59727,65082.0,6.4358,298.22,156.09,0.65472,0.0,,35,,1.7335,0.18593,,,0.45719,0,,0,0,1,16,16,0,16.0,22203.0
22.6,55,100,150,0.0,225.0,447.04,0.0001,0,0.7,0,0.020339,8.5288,0.00091983,59797,65168.0,6.4347,298.18,144.26,0.66633,0.0,,35,,1.7406,0.18583,,,0.46531,0,,0,0,1,16,16,0,16.0,20863.0
22.8,55,100,150,0.0,225.0,440.67,0.0001,0,0.7,0,0.018738,8.5076,0.00091828,59866,65253.0,6.4346,298.14,134.28,0.67792,0.0,,35,,1.7425,0.18579,,,0.47342,0,,0,0,1,16,16,0,16.0,21357.0
23.0,55,100,150,0.0,225.0,435.26,0.0001,0,0.7,0,0.01823,8.4325,0.00091673,59936,65338.0,6.4345,298.11,124.23,0.68952,0.0,,35,,1.7524,0.18566,,,0.48154,0,,0,0,1,16,16,0,16.0,21018.0
23.2,55,100,150,0.0,225.0,428.38,0.0001,0,0.7,0,0.017204,8.4177,0.00091519,60005,65423.0,6.4351,298.1,123.01,0.70112,0.0,,35,,1.7539,0.18562,,,0.48965,0,,0,0,1,16,16,0,16.0,20678.0
23.4,55,100,150,0.0,225.0,431.11,0.0001,0,0.7,0,0.016689,8.368,0.00091365,60075,65508.0,6.4358,298.1,121.38,0.71269,0.0,,35,,1.7612,0.18552,,,0.49775,0,,0,0,1,16,16,0,16.0,21506.0
23.6,55,100,150,0.0,225.0,432.94,0.0001,0,0.7,0,0.016535,8.2918,0.00091211,60144,65593.0,6.4361,298.08,115.9,0.72431,0.0,,35,,1.774,0.18537,,,0.50588,0,,0,0,1,16,16,0,16.0,21666.0
23.8,55,100,150,0.0,225.0,429.8,0.0001,0,0.7,0,0.01628,8.2006,0.00091058,60214,65679.0,6.4358,298.07,115.52,0.73601,0.0,,35,,1.7909,0.18517,,,0.51407,0,,0,0,1,16,16,0,16.0,21827.0
24.0,55,100,150,0.0,225.0,432.34,0.0001,0,0.7,0,0.015458,8.1777,0.00090906,60283,65764.0,6.436,298.04,105.59,0.74772,0.0,1230.1,35,1829.2,1.7964,0.18509,0.00091519,8.946,0.52226,0,21.989,0,0,1,16,16,0,16.0,20487.0
24.2,55,100,30,0.0,225.0,422.89,0.0001,0,0.7,0,0.002684,11.69,0.023,60329,65817.0,6.4756,297.74,21.5,0.75495,0.0,,35,,0.87646,0.19469,,,0.52732,0,,0,0,1,16,16,0,16.0,20756.0
24.4,55,100,30,0.0,225.0,126.87,556.45,0,0.7,0,0.0026776,11.707,0.048237,60374,65871.0,6.5132,299.54,525.81,0.75936,0.0,,35,,0.7517,0.19597,,,0.53041,0,,0,0,1,16,16,0,16.0,21041.0
24.6,55,100,30,0.0,220.26,740.86,55.645,0,0.7,0,0.0026419,11.68,0.073554,60418,65923.0,6.5467,299.03,381.62,0.76357,0.0,,35,,0.74641,0.19601,,,0.53336,0,,0,0,1,16,16,0,16.0,20992.0
24.8,55,100,30,0.0,202.11,607.55,5.5645,0,0.7,0,0.0026801,11.597,0.098643,60459,65972.0,6.5757,298.51,238.04,0.7678,0.0,,35,,0.77099,0.19575,,,0.53632,0,,0,0,1,16,16,0,16.0,21442.0
25.0,55,100,30,0.51781,101.06,473.19,0.55645,0,0.7,0,0.002639,11.463,0.12428,60480,66001.0,6.5961,298.18,144.04,0.77202,0.0,,35,,0.80603,0.19538,,,0.53927,0,,0,0,1,16,16,0,16.0,22229.0
25.2,55,100,30,1.0365,50.528,380.69,0.055645,0,0.8,0,0.0026025,12.225,0.15035,60491,66020.0,6.5943,297.97,84.275,0.7762,0.0,,35,,0.82447,0.19518,,,0.5422,0,,0,0,1,16,16,0,16.0,22184.0
25.4,55,100,30,1.5576,25.264,316.42,0.0055645,0,0.8,0,0.0025293,12.182,0.17712,60497,66034.0,6.5644,297.84,49.463,0.78034,0.0,,35,,0.83801,0.19504,,,0.54509,0,,0,0,1,16,16,0,16.0,22976.0
25.6,55,100,30,2.0813,12.632,94.925,332.1,0,0.8,0,0.002524,12.133,0.20443,60500,66045.0,6.5207,298.99,371.77,0.78444,0.0,,35,,0.85118,0.19489,,,0.54796,0,,0,0,1,16,16,0,16.0,21270.0
25.8,55,100,30,0.0,4.9122,486.01,33.21,0,0.8,0,0.0025167,12.084,0.23182,60501,66055.0,6.4742,298.84,329.01,0.78854,0.0,,35,,0.86265,0.19477,,,0.55083,0,,0,0,1,16,16,0,16.0,22398.0
26.0,55,100,30,0.0,15.75,461.96,3.321,0,0.8,0,0.0024626,12.109,0.25967,60504,66066.0,6.4455,298.61,264.46,0.7926,0.0,,35,,0.84871,0.1949,,,0.55368,0,,0,0,1,16,16,0,16.0,23029.0
26.2,55,100,30,0.0,38.009,415.19,0.3321,0,0.8,0,0.0024403,12.116,0.28795,60512,66082.0,6.4425,298.4,206.68,0.79663,0.0,,35,,0.84429,0.19494,,,0.5565,0,,0,0,1,16,16,0,16.0,21495.0
26.4,55,100,30,0.0,61.436,368.7,0.03321,0,0.8,0,0.0024318,12.131,0.31656,60525,66103.0,6.4592,298.25,164.88,0.80064,0.0,,35,,0.83414,0.19504,,,0.55931,0,,0,0,1,16,16,0,16.0,22462.0
26.6,55,100,30,0.0,78.204,333.97,0.003321,0,0.8,0,0.0024226,12.137,0.34541,60541,66127.0,6.4855,298.14,133.64,0.80464,0.0,,35,,0.82778,0.19509,,,0.56211,0,,0,0,1,16,16,0,16.0,22431.0
26.8,55,100,30,0.0,84.501,306.21,0.0003321,0,0.8,0,0.0024424,12.109,0.37446,60559,66152.0,6.512,298.03,101.2,0.80863,0.0,,35,,0.83754,0.19499,,,0.5649,0,,0,0,1,16,16,0,16.0,23234.0
27.0,55,100,30,0.0,80.209,272.54,0.0001,0,0.8,0,0.0024723,12.071,0.40322,60575,66177.0,6.5343,297.94,75.783,0.81263,0.0,,35,,0.84037,0.19495,,,0.5677,0,,0,0,1,16,16,0,16.0,22702.0
27.2,55,100,30,0.0,67.002,81.761,283.64,0,0.8,0,0.0024804,12.026,0.43205,60589,66199.0,6.5498,298.92,353.6,0.81665,0.0,,35,,0.84737,0.19487,,,0.57052,0,,0,0,1,16,16,0,16.0,22671.0
27.4,55,100,30,0.0,47.612,420.79,28.364,0,0.8,0,0.0024442,11.981,0.46112,60599,66217.0,6.5527,298.77,311.24,0.82065,0.0,,35,,0.85801,0.19475,,,0.57332,0,,0,0,1,16,16,0,16.0,23474.0
27.6,55,100,30,0.52034,23.806,396.07,2.8364,0,0.8,0,0.0023913,11.963,0.49086,60604,66230.0,6.5295,298.58,256.49,0.82461,0.0,,35,,0.84914,0.19484,,,0.57609,0,,0,0,1,16,16,0,16.0,23114.0
27.8,55,100,30,0.0,12.6,359.06,0.28364,0,0.8,0,0.0024017,11.917,0.52065,60607,66241.0,6.4933,298.43,214.25,0.82856,0.0,,35,,0.85008,0.19482,,,0.57885,0,,0,0,1,16,16,0,16.0,22921.0
28.0,55,100,30,0.0,15.828,330.44,0.028364,0,0.8,0,0.0023652,11.899,0.55088,60610,66253.0,6.4649,298.31,182.23,0.8325,0.0,,35,,0.85398,0.19477,,,0.58161,0,,0,0,1,16,16,0,16.0,24063.0
28.2,55,100,37,0.0,30.346,308.38,0.0028364,0,0.8,0,0.002696,11.665,0.57903,60618,66269.0,6.455,298.24,160.09,0.83672,0.0,,35,,0.9137,0.19415,,,0.58457,0,,0,0,1,16,16,0,16.0,22861.0
28.4,55,100,37,0.0,48.794,293.9,0.00028364,0,0.8,0,0.0026978,11.679,0.60731,60630,66289.0,6.4689,298.15,135.84,0.84108,0.0,,35,,0.90527,0.19422,,,0.58763,0,,0,0,1,16,16,0,16.0,24161.0
28.6,55,100,37,0.0,61.663,273.62,0.0001,0,0.8,0,0.002747,11.643,0.63541,60644,66312.0,6.4909,298.07,112.98,0.84549,0.0,,35,,0.90993,0.19417,,,0.59071,0,,0,0,1,16,16,0,16.0,24792.0
28.8,55,100,37,0.0,65.798,251.88,0.0001,0,0.8,0,0.0027283,11.624,0.66381,60659,66335.0,6.5133,298.0,94.701,0.84991,0.0,,35,,0.9136,0.19412,,,0.59381,0,,0,0,1,16,16,0,16.0,25259.0
29.0,55,100,37,0.0,60.976,232.69,0.0001,0,0.8,0,0.0027234,11.605,0.69237,60673,66358.0,6.5315,297.96,81.373,0.85431,0.0,,35,,0.91534,0.19409,,,0.59689,0,,0,0,1,16,16,0,16.0,24726.0
29.2,55,100,37,0.0,48.926,217.0,0.0001,0,0.8,0,0.0027097,11.554,0.72125,60685,66378.0,6.5403,297.92,70.809,0.85869,0.0,,35,,0.92889,0.19395,,,0.59995,0,,0,0,1,16,16,0,16.0,23862.0
29.4,55,100,37,0.0,33.347,65.1,232.62,0,0.8,0,0.0028083,11.473,0.74928,60693,66395.0,6.5335,298.77,311.51,0.86312,0.0,,35,,0.93607,0.19386,,,0.60306,0,,0,0,1,16,16,0,16.0,24993.0
29.6,55,100,37,0.0,20.498,356.82,23.262,0,0.8,0,0.0027519,11.443,0.77784,60699,66410.0,6.5098,298.67,281.28,0.86756,0.0,,35,,0.93803,0.19383,,,0.60617,0,,0,0,1,16,16,0,16.0,24794.0
29.8,55,100,37,0.0,17.163,342.41,2.3262,0,0.8,0,0.002686,11.416,0.80727,60704,66423.0,6.4828,298.53,243.1,0.87198,0.0,,35,,0.94343,0.19377,,,0.60926,0,,0,0,1,16,16,0,16.0,25599.0
30.0,55,100,37,0.0,24.563,321.47,0.23262,0,0.8,0,0.0026739,11.408,0.83708,60711,66439.0,6.468,298.42,210.93,0.87635,0.0,,35,,0.94857,0.19371,,,0.61232,0,,0,0,1,16,16,0,16.0,24405.0
30.2,55,100,37,0.0,37.836,303.02,0.023262,0,0.9,0,0.0026576,12.245,0.86732,60720,66457.0,6.4728,298.34,190.5,0.8807,0.0,,35,,0.94602,0.19373,,,0.61537,0,,0,0,1,16,16,0,16.0,25381.0
30.4,55,100,37,0.0,49.158,294.51,0.0023262,0,0.9,0,0.0026378,12.23,0.89782,60731,66477.0,6.4896,298.29,174.33,0.88504,0.0,,35,,0.95038,0.19367,,,0.61841,0,,0,0,1,16,16,0,16.0,25024.0
30.6,55,100,37,0.0,53.795,288.18,0.00023262,0,0.9,0,0.002614,12.214,0.92859,60744,66498.0,6.5084,298.24,160.92,0.88937,0.0,,35,,0.95234,0.19364,,,0.62144,0,,0,0,1,16,16,0,16.0,25836.0
30.8,55,100,37,0.0,50.936,282.95,0.0001,0,0.9,0,0.002599,12.178,0.95955,60756,66518.0,6.5247,298.19,146.01,0.89368,0.0,,35,,0.96345,0.19352,,,0.62446,0,,0,0,1,16,16,0,16.0,25815.0
31.0,55,100,37,0.0,41.574,274.06,0.0001,0,0.9,0,0.0026041,12.134,0.99071,60766,66537.0,6.5337,298.14,134.14,0.89799,0.0,,35,,0.97051,0.19344,,,0.62748,0,,0,0,1,16,16,0,16.0,25461.0
31.2,55,100,37,0.0,28.642,266.93,0.0001,0,0.9,0,0.0025796,12.08,1.0224,60774,66553.0,6.5253,298.08,116.18,0.90229,0.0,,35,,0.9833,0.1933,,,0.6305,0,,0,0,1,16,16,0,16.0,26111.0
31.4,55,100,37,0.0,19.107,250.73,0.0001,0,0.9,0,0.002584,12.038,1.0542,60779,66568.0,6.502,298.04,104.22,0.90659,0.0,,35,,0.98664,0.19325,,,0.63351,0,,0,0,1,16,16,0,16.0,26261.0
31.6,55,100,37,0.0,18.859,239.62,0.0001,0,0.9,0,0.0025399,12.029,1.0867,60785,66582.0,6.4808,298.02,99.965,0.91087,0.0,,35,,0.98571,0.19326,,,0.6365,0,,0,0,1,16,16,0,16.0,26914.0
31.8,55,100,37,0.0,27.067,236.18,0.0001,0,0.9,0,0.0025038,12.031,1.1196,60792,66598.0,6.4736,298.01,96.967,0.91511,0.0,,35,,0.98121,0.19329,,,0.63948,0,,0,0,1,16,16,0,16.0,26736.0
32.0,55,100,37,0.0,38.099,233.5,0.0001,0,0.9,0,0.0024913,12.027,1.1527,60802,66616.0,6.4819,298.01,95.383,0.91934,0.0,,35,,0.97556,0.19334,,,0.64244,0,,0,0,1,16,16,0,16.0,26725.0
32.2,55,100,43,0.0,45.81,232.12,0.0001,0,0.9,0,0.0028564,11.769,1.1826,60814,66637.0,6.4948,298.01,96.431,0.92387,0.0,,35,,1.031,0.19276,,,0.64561,0,,0,0,1,16,16,0,16.0,27699.0
32.4,55,100,43,0.0,48.388,233.7,0.0001,0,0.9,0,0.0028496,11.736,1.2125,60827,66659.0,6.5092,298.02,100.35,0.92857,0.0,,35,,1.0437,0.19262,,,0.64891,0,,0,0,1,16,16,0,16.0,27340.0
32.6,55,100,43,0.0,45.206,238.85,0.0001,0,0.9,0,0.0029101,11.65,1.2419,60839,66680.0,6.5189,298.04,105.09,0.93334,0.0,,35,,1.0714,0.19233,,,0.65225,0,,0,0,1,16,16,0,16.0,27811.0
32.8,55,100,43,0.0,38.174,245.43,0.0001,0,0.9,0,0.0029828,11.572,1.2705,60850,66700.0,6.5206,298.05,108.39,0.93818,0.0,,35,,1.0856,0.19217,,,0.65564,0,,0,0,1,16,16,0,16.0,27278.0
33.0,55,100,43,0.0,30.497,250.89,0.0001,0,0.9,0,0.0028954,11.559,1.3002,60859,66718.0,6.512,298.05,107.79,0.94299,0.0,,35,,1.0932,0.19208,,,0.65901,0,,0,0,1,16,16,0,16.0,26418.0
33.2,55,100,43,0.0,26.253,252.05,0.0001,0,0.9,0,0.0028849,11.509,1.3301,60867,66736.0,6.4982,298.04,103.79,0.94778,0.0,,35,,1.1075,0.19192,,,0.66236,0,,0,0,1,16,16,0,16.0,27892.0
33.4,55,100,43,0.0,27.501,249.09,0.0001,0,0.9,0,0.0029477,11.44,1.3594,60876,66753.0,6.4874,298.03,102.9,0.95262,0.0,,35,,1.1169,0.19182,,,0.66576,0,,0,0,1,16,16,0,16.0,27863.0
33.6,55,100,43,0.0,33.05,249.49,0.0001,0,0.9,0,0.0028994,11.43,1.3896,60885,66772.0,6.4849,298.03,103.19,0.95747,0.0,,35,,1.1185,0.19179,,,0.66915,0,,0,0,1,16,16,0,16.0,27838.0
33.8,55,100,43,0.0,39.584,251.12,0.0001,0,0.9,0,0.0028578,11.454,1.4207,60896,66792.0,6.4911,298.03,102.13,0.96226,0.0,,35,,1.1036,0.19194,,,0.67251,0,,0,0,1,16,16,0,16.0,28151.0
34.0,55,100,43,0.0,43.64,251.12,0.0001,0,0.9,0,0.0029079,11.399,1.4515,60908,66813.0,6.5006,298.05,106.25,0.96707,0.0,,35,,1.109,0.19187,,,0.67589,0,,0,0,1,16,16,0,16.0,27629.0
34.2,55,100,43,0.0,43.895,257.32,0.0001,0,0.9,0,0.0028497,11.384,1.4831,60920,66835.0,6.5092,298.04,105.43,0.97188,0.0,,35,,1.112,0.19183,,,0.67925,0,,0,0,1,16,16,0,16.0,27445.0
34.4,55,100,43,0.0,40.731,257.9,0.0001,0,0.9,0,0.0028067,11.363,1.5154,60931,66855.0,6.5134,298.03,102.04,0.97664,0.0,,35,,1.1168,0.19177,,,0.68259,0,,0,0,1,16,16,0,16.0,28597.0
34.6,55,100,43,0.0,35.903,255.39,0.0001,0,0.9,0,0.0027633,11.318,1.5486,60941,66874.0,6.5127,298.01,97.254,0.98137,0.0,,35,,1.1303,0.19162,,,0.68591,0,,0,0,1,16,16,0,16.0,28587.0
34.8,55,100,43,0.0,31.34,250.81,0.0001,0,0.9,0,0.002733,11.302,1.5823,60951,66893.0,6.5062,297.99,89.162,0.98608,0.0,,35,,1.1242,0.19168,,,0.68921,0,,0,0,1,16,16,0,16.0,27913.0
35.0,55,100,43,0.0,29.381,241.61,0.0001,0,0.9,0,0.0027232,11.265,1.6162,60959,66911.0,6.4983,297.96,81.41,0.99078,0.0,,35,,1.1279,0.19163,,,0.6925,0,,0,0,1,16,16,0,16.0,28573.0
35.2,55,100,43,0.0,30.604,231.84,0.0001,0,0.9,0,0.002631,11.267,1.6513,60969,66929.0,6.4918,297.93,72.26,0.99543,0.0,,35,,1.1304,0.19159,,,0.69576,0,,0,0,1,16,16,0,16.0,28572.0
35.4,55,100,43,0.0,34.381,69.553,249.57,0,0.9,0,0.0025863,11.273,1.6871,60978,66948.0,6.4904,298.83,329.65,1.0,0.0,,35,,1.1247,0.19164,,,0.69897,0,,0,0,1,16,16,0,16.0,29408.0
35.6,55,100,43,0.0,38.73,379.66,24.957,0,0.9,0,0.0026404,11.22,1.7224,60989,66968.0,6.4931,298.73,300.89,1.0046,0.0,,35,,1.1318,0.19156,,,0.7022,0,,0,0,1,16,16,0,16.0,28408.0
35.8,55,100,43,0.0,41.993,369.14,2.4957,0,0.9,0,0.0025808,11.211,1.7582,61000,66988.0,6.4993,298.55,249.91,1.0092,0.0,,35,,1.1335,0.19153,,,0.70542,0,,0,0,1,16,16,0,16.0,29078.0
36.0,55,100,43,0.0,42.782,335.4,0.24957,0,0.9,0,0.0025562,11.197,1.7944,61012,67009.0,6.5044,298.39,203.66,1.0138,0.0,728.62,35,1752.8,1.1312,0.19155,1.6513,12.627,0.70862,0,35.39,0,0,1,16,16,0,16.0,28749.0
36.2,55,100,47,0.0,41.551,301.28,0.024957,0,0.9,0,0.0027635,11.018,1.8285,61024,67031.0,6.5057,298.26,167.14,1.0185,0.0,,35,,1.1695,0.19114,,,0.71195,0,,0,0,1,16,16,0,16.0,29910.0
36.4,55,100,47,0.0,39.817,272.74,0.0024957,0,0.9,0,0.0027554,11.0,1.8626,61036,67052.0,6.5044,298.16,138.44,1.0234,0.0,,35,,1.1653,0.19118,,,0.71534,0,,0,0,1,16,16,0,16.0,30071.0
36.6,55,100,47,0.0,38.583,248.65,0.00024957,0,0.9,0,0.0027511,10.958,1.8968,61047,67073.0,6.5009,298.09,117.51,1.0282,0.0,,35,,1.1706,0.19111,,,0.71874,0,,0,0,1,16,16,0,16.0,30566.0
36.8,55,100,47,0.0,38.754,229.99,0.0001,0,0.9,0,0.0027375,10.924,1.9313,61059,67094.0,6.497,298.03,100.6,1.0331,0.0,,35,,1.1806,0.191,,,0.72215,0,,0,0,1,16,16,0,16.0,30395.0
37.0,55,100,47,0.0,40.475,213.24,0.0001,0,0.9,0,0.0026903,10.917,1.9665,61071,67115.0,6.4959,297.98,86.355,1.0379,0.0,,35,,1.1777,0.19102,,,0.72553,0,,0,0,1,16,16,0,16.0,30395.0
37.2,55,100,47,0.0,42.615,197.4,0.0001,0,0.9,0,0.0027512,10.839,2.0011,61083,67137.0,6.4982,297.96,80.438,1.0428,0.0,,35,,1.1964,0.19082,,,0.72894,0,,0,0,1,16,16,0,16.0,30059.0
37.4,55,100,47,0.0,43.847,189.7,0.0001,0,0.9,0,0.0026788,10.846,2.0367,61096,67159.0,6.502,297.94,75.484,1.0476,0.0,,35,,1.1971,0.1908,,,0.73233,0,,0,0,1,16,16,0,16.0,31227.0
37.6,55,100,47,0.0,43.579,56.911,202.15,0,0.9,0,0.0027064,10.813,2.0722,61108,67181.0,6.5043,298.7,291.84,1.0524,0.0,,35,,1.1904,0.19086,,,0.73572,0,,0,0,1,16,16,0,16.0,30229.0
37.8,55,100,47,0.0,42.39,316.73,20.215,0,0.9,0,0.0026905,10.798,2.1081,61120,67203.0,6.5039,298.59,260.44,1.0573,0.0,,35,,1.1869,0.19089,,,0.7391,0,,0,0,1,16,16,0,16.0,30731.0
38.0,55,100,47,0.0,41.37,299.17,2.0215,0,0.9,0,0.0027036,10.729,2.1441,61132,67224.0,6.5013,298.45,220.07,1.0621,0.0,,35,,1.1988,0.19076,,,0.7425,0,,0,0,1,16,16,0,16.0,31902.0
38.2,55,100,47,0.0,41.363,273.15,0.20215,0,0.9,0,0.0026976,10.703,2.1802,61144,67246.0,6.5009,298.34,188.7,1.067,0.0,,35,,1.2037,0.19069,,,0.74591,0,,0,0,1,16,16,0,16.0,31573.0
38.4,55,100,47,0.0,41.532,252.97,0.020215,0,0.9,0,0.0026697,10.691,2.2168,61156,67267.0,6.5018,298.24,161.43,1.0718,0.0,,35,,1.1965,0.19076,,,0.7493,0,,0,0,1,16,16,0,16.0,31079.0
38.6,55,100,47,0.0,41.318,233.39,0.0020215,0,0.9,0,0.0026438,10.673,2.254,61168,67289.0,6.5027,298.17,141.33,1.0766,0.0,,35,,1.1969,0.19075,,,0.75268,0,,0,0,1,16,16,0,16.0,30922.0
38.8,55,100,47,0.0,40.746,218.78,0.00020215,0,0.9,0,0.0025921,10.65,2.2921,61180,67310.0,6.5032,298.12,127.49,1.0814,0.0,,35,,1.1966,0.19074,,,0.75604,0,,0,0,1,16,16,0,16.0,31770.0
39.0,55,100,47,0.0,39.977,208.93,0.0001,0,0.9,0,0.0026209,10.574,2.3303,61192,67332.0,6.5014,298.08,116.42,1.0862,0.0,,35,,1.2123,0.19057,,,0.75943,0,,0,0,1,16,16,0,16.0,32617.0
39.2,55,100,47,0.0,39.926,200.46,0.0001,0,0.9,0,0.0025861,10.576,2.3691,61204,67353.0,6.4985,298.06,109.28,1.0911,0.0,,35,,1.1995,0.19069,,,0.7628,0,,0,0,1,16,16,0,16.0,31635.0
39.4,55,100,47,0.0,41.047,195.19,0.0001,0,0.9,0,0.002558,10.572,2.4085,61216,67375.0,6.497,298.03,101.51,1.0958,0.0,,35,,1.191,0.19077,,,0.76616,0,,0,0,1,16,16,0,16.0,32488.0
39.6,55,100,47,0.0,42.773,188.14,0.0001,0,0.9,0,0.0025221,10.569,2.4485,61228,67397.0,6.4969,298.0,92.589,1.1006,0.0,,35,,1.1825,0.19085,,,0.76949,0,,0,0,1,16,16,0,16.0,32845.0
39.8,55,100,47,0.0,44.542,178.7,0.0001,0,0.9,0,0.002569,10.506,2.4883,61241,67419.0,6.4985,297.98,86.097,1.1054,0.0,,35,,1.1909,0.19075,,,0.77285,0,,0,0,1,16,16,0,16.0,32700.0
40.0,55,100,47,0.0,45.676,171.04,0.0001,0,0.9,0,0.0025748,10.471,2.5281,61254,67442.0,6.5015,297.94,77.184,1.1102,0.0,,35,,1.2008,0.19064,,,0.77622,0,,0,0,1,16,16,0,16.0,32389.0
40.2,60,100,51,0.0,45.599,51.313,185.76,0,1.1,0,0.0028094,12.141,2.5653,61270,67468.0,6.5023,298.66,281.3,1.0297,10.0,,35,,1.2365,0.19149,,,0.78524,0,,0,0,1,16,16,0,16.0,33065.0
40.4,60,100,51,0.0,45.209,295.75,18.576,0,1.1,0,0.0026943,12.178,2.604,61285,67493.0,6.5028,298.53,243.53,1.03,10.0,,35,,1.203,0.19181,,,0.78545,0,,0,0,1,16,16,0,16.0,33249.0
40.6,60,100,51,0.0,44.621,269.54,1.8576,0,1.1,0,0.0026682,12.187,2.6433,61300,67518.0,6.5023,298.38,200.42,1.0343,10.0,,35,,1.1826,0.192,,,0.78876,0,,0,0,1,16,16,0,16.0,34602.0
40.8,60,100,51,0.0,44.218,238.3,0.18576,0,1.1,0,0.0026913,12.129,2.6821,61316,67543.0,6.4993,298.25,165.14,1.0389,10.0,,35,,1.1952,0.19187,,,0.79224,0,,0,0,1,16,16,0,16.0,32953.0
41.0,60,100,51,0.0,45.043,211.0,0.018576,0,1.1,0,0.002712,12.068,2.721,61331,67569.0,6.4974,298.16,139.38,1.0435,10.0,,35,,1.2094,0.19173,,,0.79577,0,,0,0,1,16,16,0,16.0,33304.0
41.2,60,100,51,0.0,46.598,190.37,0.0018576,0,1.1,0,0.0026643,12.083,2.7605,61347,67595.0,6.4975,298.11,124.96,1.0481,10.0,,35,,1.1991,0.19181,,,0.79927,0,,0,0,1,16,16,0,16.0,35158.0
41.4,60,100,51,0.0,48.122,179.78,0.00018576,0,1.1,0,0.0026878,12.033,2.7999,61363,67621.0,6.4954,298.06,110.43,1.0527,10.0,,35,,1.2082,0.19172,,,0.80278,0,,0,0,1,16,16,0,16.0,34012.0
41.6,60,100,51,0.0,50.494,166.88,0.0001,0,1.1,0,0.002655,12.036,2.84,61380,67648.0,6.4963,298.03,101.74,1.0572,10.0,,35,,1.2047,0.19174,,,0.80627,0,,0,0,1,16,16,0,16.0,34535.0
41.8,60,100,51,0.0,52.481,159.1,0.0001,0,1.1,0,0.0026682,11.977,2.8803,61397,67675.0,6.4971,298.02,97.177,1.0618,10.0,,35,,1.2212,0.19158,,,0.80977,0,,0,0,1,16,16,0,16.0,35394.0
42.0,60,100,51,0.0,54.174,155.02,0.0001,0,1.1,0,0.0026548,11.94,2.921,61415,67702.0,6.4979,298.0,93.134,1.0664,10.0,,35,,1.2317,0.19147,,,0.81327,0,,0,0,1,16,16,0,16.0,34753.0
42.2,60,100,51,0.0,55.52,150.86,0.0001,0,1.1,0,0.0026711,11.891,2.9616,61432,67730.0,6.4986,298.0,91.664,1.071,10.0,,35,,1.2371,0.19141,,,0.81679,0,,0,0,1,16,16,0,16.0,36113.0
42.4,60,100,51,0.0,56.596,149.25,0.0001,0,1.1,0,0.0026269,11.871,3.0031,61450,67758.0,6.499,297.99,89.766,1.0756,10.0,,35,,1.2436,0.19134,,,0.8203,0,,0,0,1,16,16,0,16.0,34643.0
42.6,60,100,51,0.0,57.52,146.86,0.0001,0,1.1,0,0.0025629,11.879,3.0454,61468,67786.0,6.4984,297.99,88.56,1.0801,10.0,,35,,1.2374,0.19139,,,0.82378,0,,0,0,1,16,16,0,16.0,35511.0
42.8,60,100,51,0.0,58.703,145.07,0.0001,0,1.1,0,0.0025159,11.874,3.0885,61487,67814.0,6.5005,297.98,86.163,1.0846,10.0,,35,,1.2446,0.19131,,,0.82721,0,,0,0,1,16,16,0,16.0,35217.0
43.0,60,100,51,0.0,59.002,141.68,0.0001,0,1.1,0,0.0025138,11.842,3.1317,61505,67843.0,6.5028,297.98,87.37,1.0891,10.0,,35,,1.2507,0.19125,,,0.83062,0,,0,0,1,16,16,0,16.0,35089.0
43.2,60,100,51,0.0,58.385,142.33,0.0001,0,1.1,0,0.0025027,11.801,3.1752,61524,67871.0,6.5055,297.99,88.797,1.0935,10.0,,35,,1.2669,0.19108,,,0.83402,0,,0,0,1,16,16,0,16.0,36629.0
43.4,60,100,51,0.0,56.687,143.31,0.0001,0,1.1,0,0.0024621,11.8,3.2194,61541,67899.0,6.5077,297.99,89.587,1.0979,10.0,,35,,1.2666,0.19108,,,0.8374,0,,0,0,1,16,16,0,16.0,36673.0
43.6,60,100,51,0.0,54.112,143.7,0.0001,0,1.1,0,0.0024798,11.733,3.2637,61559,67926.0,6.507,297.98,87.224,1.1023,10.0,,35,,1.2883,0.19086,,,0.84076,0,,0,0,1,16,16,0,16.0,35550.0
43.8,60,100,51,0.0,51.841,140.43,0.0001,0,1.1,0,0.0024283,11.733,3.3085,61576,67953.0,6.5048,297.97,84.901,1.1067,10.0,,35,,1.2816,0.19092,,,0.84411,0,,0,0,1,16,16,0,16.0,36598.0
44.0,60,100,51,0.0,50.436,136.99,0.0001,0,1.1,0,0.0024175,11.708,3.3534,61593,67980.0,6.5033,297.97,83.417,1.1111,10.0,,35,,1.282,0.19091,,,0.84745,0,,0,0,1,16,16,0,16.0,36478.0
44.2,60,100,57,0.0,49.629,134.25,0.0001,0,1.1,0,0.0027875,11.37,3.3938,61610,68008.0,6.4986,297.98,87.922,1.1158,10.0,,35,,1.3466,0.19028,,,0.85105,0,,0,0,1,16,16,0,16.0,38170.0
44.4,60,100,57,0.0,50.712,138.47,0.0001,0,1.1,0,0.0028447,11.286,3.4333,61628,68036.0,6.4956,298.0,91.41,1.1207,10.0,,35,,1.3717,0.19003,,,0.85482,0,,0,0,1,16,16,0,16.0,37024.0
44.6,60,100,57,0.0,52.984,141.89,0.0001,0,1.1,0,0.0028441,11.233,3.4727,61647,68065.0,6.495,298.0,94.143,1.1257,10.0,,35,,1.3939,0.18981,,,0.85863,0,,0,0,1,16,16,0,16.0,37878.0
44.8,60,100,57,0.0,55.496,144.9,0.0001,0,1.1,0,0.0027897,11.231,3.5131,61666,68094.0,6.4969,298.01,94.867,1.1306,10.0,,35,,1.3859,0.18988,,,0.86243,0,,0,0,1,16,16,0,16.0,37569.0
45.0,60,100,57,0.0,57.242,145.87,0.0001,0,1.1,0,0.0027324,11.25,3.5544,61685,68124.0,6.4994,298.01,94.497,1.1355,10.0,,35,,1.38,0.18993,,,0.86618,0,,0,0,1,16,16,0,16.0,37599.0
45.2,60,100,57,0.0,57.983,145.68,0.0001,0,1.1,0,0.0027392,11.192,3.5957,61704,68154.0,6.5026,298.0,93.425,1.1404,10.0,,35,,1.3938,0.18979,,,0.86993,0,,0,0,1,16,16,0,16.0,37795.0
45.4,60,100,57,0.0,57.472,144.63,0.0001,0,1.1,0,0.0026849,11.193,3.6376,61723,68184.0,6.5036,298.0,93.855,1.1453,10.0,,35,,1.386,0.18985,,,0.87366,0,,0,0,1,16,16,0,16.0,37827.0
45.6,60,100,57,0.0,56.561,145.26,0.0001,0,1.1,0,0.0027053,11.13,3.6796,61742,68213.0,6.5032,298.02,98.181,1.1502,10.0,,35,,1.3932,0.18977,,,0.8774,0,,0,0,1,16,16,0,16.0,39027.0
45.8,60,100,57,0.0,55.816,150.56,0.0001,0,1.1,0,0.0027363,11.064,3.7215,61761,68243.0,6.5023,298.02,98.743,1.1551,10.0,,35,,1.4074,0.18963,,,0.88117,0,,0,0,1,16,16,0,16.0,38060.0
46.0,60,100,57,0.0,55.427,151.82,0.0001,0,1.1,0,0.0026765,11.044,3.7647,61780,68272.0,6.5009,298.02,99.103,1.16,10.0,,35,,1.4184,0.18951,,,0.88492,0,,0,0,1,16,16,0,16.0,38765.0
46.2,60,100,57,0.0,55.582,153.01,0.0001,0,1.1,0,0.0026155,11.057,3.8086,61799,68302.0,6.4998,298.01,96.318,1.1649,10.0,,35,,1.409,0.18959,,,0.88863,0,,0,0,1,16,16,0,16.0,39308.0
46.4,60,100,57,0.0,56.167,150.5,0.0001,0,1.1,0,0.0026808,10.972,3.8516,61818,68331.0,6.4993,298.01,96.85,1.1697,10.0,,35,,1.4217,0.18946,,,0.89237,0,,0,0,1,16,16,0,16.0,39678.0
46.6,60,100,57,0.0,56.959,151.67,0.0001,0,1.1,0,0.0027378,10.872,3.8937,61837,68361.0,6.4982,298.02,99.644,1.1747,10.0,,35,,1.4521,0.18916,,,0.89617,0,,0,0,1,16,16,0,16.0,39879.0
46.8,60,100,57,0.0,58.206,155.52,0.0001,0,1.1,0,0.0027483,10.807,3.9357,61857,68392.0,6.498,298.02,99.024,1.1798,10.0,,35,,1.4716,0.18897,,,0.90002,0,,0,0,1,16,16,0,16.0,39912.0
47.0,60,100,57,0.0,59.504,155.6,0.0001,0,1.1,0,0.0026629,10.835,3.9789,61876,68422.0,6.4991,298.01,95.448,1.1847,10.0,,35,,1.4658,0.18901,,,0.90383,0,,0,0,1,16,16,0,16.0,39951.0
47.2,60,100,57,0.0,60.363,152.17,0.0001,0,1.1,0,0.0026539,10.814,4.0225,61896,68452.0,6.4997,298.0,91.522,1.1897,10.0,,35,,1.4603,0.18906,,,0.90762,0,,0,0,1,16,16,0,16.0,40825.0
47.4,60,100,57,0.0,61.005,147.93,0.0001,0,1.1,0,0.0025693,10.832,4.0677,61916,68483.0,6.5009,298.0,93.007,1.1945,10.0,,35,,1.4646,0.18901,,,0.91134,0,,0,0,1,16,16,0,16.0,41373.0
47.6,60,100,57,0.0,61.143,149.64,0.0001,0,1.1,0,0.0025243,10.803,4.1137,61936,68514.0,6.5003,297.99,89.984,1.1993,10.0,,35,,1.4778,0.18887,,,0.91501,0,,0,0,1,16,16,0,16.0,40426.0
47.8,60,100,57,0.0,61.552,146.04,0.0001,0,1.1,0,0.0024948,10.796,4.1605,61956,68544.0,6.4988,297.98,86.267,1.2041,10.0,,35,,1.4791,0.18885,,,0.91866,0,,0,0,1,16,16,0,16.0,41816.0
48.0,60,100,57,0.0,62.554,141.34,0.0001,0,1.1,0,0.0024729,10.745,4.2081,61977,68575.0,6.498,297.98,85.621,1.2088,10.0,632.4,35,1790.0,1.4909,0.18873,4.0225,16.305,0.92229,0,49.496,0,0,1,16,16,0,16.0,41709.0
48.2,60,100,61,0.0,63.868,139.83,0.0001,0,1.1,0,0.0026353,10.537,4.2539,61998,68608.0,6.4939,297.99,89.025,1.2138,10.0,,35,,1.5312,0.18833,,,0.92607,0,,0,0,1,16,16,0,16.0,41261.0
48.4,60,100,61,0.0,66.849,142.97,0.0001,0,1.1,0,0.0025989,10.548,4.3007,62020,68640.0,6.4926,297.98,87.965,1.2188,10.0,,35,,1.5244,0.18839,,,0.9299,0,,0,0,1,16,16,0,16.0,42484.0
48.6,60,100,61,0.0,70.34,141.14,0.0001,0,1.1,0,0.0025577,10.568,4.3482,62042,68674.0,6.4941,297.98,88.286,1.2237,10.0,,35,,1.5163,0.18846,,,0.93369,0,,0,0,1,16,16,0,16.0,41544.0
48.8,60,100,61,0.0,73.213,140.93,0.0001,0,1.1,0,0.0025811,10.52,4.3957,62066,68708.0,6.4945,297.98,87.316,1.2287,10.0,,35,,1.5247,0.18837,,,0.93747,0,,0,0,1,16,16,0,16.0,40937.0
49.0,60,100,61,0.0,75.923,139.2,0.0001,0,1.1,0,0.0026241,10.435,4.4429,62089,68743.0,6.4953,298.0,91.391,1.2337,10.0,,35,,1.5413,0.1882,,,0.9413,0,,0,0,1,16,16,0,16.0,41662.0
49.2,60,100,61,0.0,78.321,143.35,0.0001,0,1.1,0,0.0026101,10.393,4.4904,62114,68778.0,6.496,298.0,92.925,1.2387,10.0,,35,,1.5556,0.18805,,,0.94516,0,,0,0,1,16,16,0,16.0,42555.0
49.4,60,100,61,0.0,80.443,144.89,0.0001,0,1.1,0,0.002633,10.366,4.5375,62138,68814.0,6.4974,298.0,93.643,1.2438,10.0,,35,,1.55,0.1881,,,0.94903,0,,0,0,1,16,16,0,16.0,43280.0
49.6,60,100,61,0.0,81.992,145.72,0.0001,0,1.1,0,0.0026193,10.353,4.585,62163,68850.0,6.4996,298.0,93.53,1.2488,10.0,,35,,1.5465,0.18812,,,0.95291,0,,0,0,1,16,16,0,16.0,42507.0
49.8,60,100,61,0.0,82.673,145.68,0.0001,0,1.1,0,0.0026086,10.313,4.6328,62188,68886.0,6.5015,298.01,95.284,1.2539,10.0,,35,,1.5477,0.1881,,,0.95678,0,,0,0,1,16,16,0,16.0,42735.0
50.0,60,100,61,0.0,82.589,147.86,0.0001,0,1.1,0,0.0025718,10.335,4.6815,62213,68922.0,6.5034,298.0,93.888,1.2589,10.0,,35,,1.5221,0.18833,,,0.96064,0,,0,0,1,16,16,0,16.0,42634.0
50.2,60,100,61,0.0,81.749,146.48,0.0001,500,1.1,0,0.0025211,11.958,4.7233,62338,69058.0,6.5021,297.88,58.736,1.2639,10.0,,35,,1.1937,0.19145,,,0.96445,0,,0,0,1,16,16,0,16.0,44505.0
50.4,60,100,61,0.0,81.456,43.945,204.7,500,1.1,0,0.0025043,11.998,4.7654,62463,69194.0,6.4989,298.54,249.71,1.2688,10.0,,35,,1.1539,0.19182,,,0.96824,0,,0,0,1,16,16,0,16.0,43545.0
50.6,60,100,61,0.0,82.408,265.61,20.47,500,1.1,0,0.0025477,11.978,4.8068,62588,69330.0,6.4955,298.3,180.27,1.2738,10.0,,35,,1.1628,0.19172,,,0.97203,0,,0,0,1,16,16,0,16.0,43081.0
50.8,60,100,61,0.0,84.729,199.13,2.047,500,1.1,0,0.0024882,12.044,4.8492,62713,69467.0,6.4932,298.09,119.95,1.2787,10.0,,35,,1.1525,0.19181,,,0.97581,0,,0,0,1,16,16,0,16.0,44456.0
51.0,60,100,61,0.0,87.981,141.31,0.2047,500,1.1,0,0.0024176,12.104,4.8923,62839,69604.0,6.4929,297.96,79.268,1.2836,10.0,,35,,1.1536,0.19179,,,0.97952,0,,0,0,1,16,16,0,16.0,44334.0
51.2,60,100,61,0.0,91.352,98.71,0.02047,500,1.1,0,0.0024292,12.117,4.9355,62966,69741.0,6.4939,297.88,57.308,1.2884,10.0,,35,,1.1535,0.19178,,,0.98322,0,,0,0,1,16,16,0,16.0,43546.0
51.4,60,100,61,0.0,94.303,29.613,110.21,500,1.1,0,0.0024308,12.16,4.9785,63093,69880.0,6.4962,298.24,164.42,1.2932,10.0,,35,,1.1473,0.19183,,,0.98691,0,,0,0,1,16,16,0,16.0,44923.0
51.6,60,100,61,0.0,96.359,150.69,11.021,500,1.1,0,0.00237,12.233,5.022,63221,70019.0,6.4985,298.12,129.06,1.298,10.0,,35,,1.129,0.19199,,,0.99057,0,,0,0,1,16,16,0,16.0,45303.0
51.8,60,100,61,0.0,97.483,115.94,1.1021,500,1.1,0,0.0023837,12.219,5.0654,63349,70158.0,6.5002,298.03,101.75,1.3028,10.0,,35,,1.1334,0.19194,,,0.99423,0,,0,0,1,16,16,0,16.0,44683.0
52.0,60,100,61,0.0,97.914,89.771,0.11021,500,1.1,0,0.0023707,12.228,5.1087,63477,70297.0,6.5013,297.98,85.131,1.3075,10.0,,35,,1.1526,0.19175,,,0.99788,0,,0,0,1,16,16,0,16.0,45062.0
52.2,60,100,65,0.0,97.898,72.406,0.011021,500,1.1,0,0.0024839,12.13,5.1507,63606,70437.0,6.5017,297.95,77.726,1.3124,10.0,,35,,1.1789,0.19149,,,1.0016,0,,0,0,1,16,16,0,16.0,45768.0
52.4,60,100,65,0.0,97.743,63.376,0.0011021,500,1.1,0,0.0024777,12.149,5.1927,63735,70577.0,6.5023,297.94,73.908,1.3174,10.0,,35,,1.1726,0.19154,,,1.0054,0,,0,0,1,16,16,0,16.0,45641.0
52.6,60,100,65,0.0,97.349,19.013,73.222,500,1.1,0,0.0024443,12.183,5.2354,63863,70717.0,6.5029,298.2,153.09,1.3223,10.0,,35,,1.1787,0.19148,,,1.0092,0,,0,0,1,16,16,0,16.0,46183.0
52.8,60,100,65,0.0,96.716,108.05,7.3222,500,1.1,0,0.0023834,12.252,5.2784,63992,70856.0,6.5035,298.16,140.12,1.3272,10.0,,35,,1.1699,0.19155,,,1.0129,0,,0,0,1,16,16,0,16.0,45227.0
53.0,60,100,65,0.0,95.854,98.779,0.73222,500,1.1,0,0.0024148,12.218,5.3208,64120,70996.0,6.5044,298.11,126.43,1.332,10.0,,35,,1.1848,0.1914,,,1.0167,0,,0,0,1,16,16,0,16.0,46435.0
53.2,60,100,65,0.0,94.606,89.392,0.073222,500,1.1,0,0.0023696,12.296,5.3636,64248,71135.0,6.5057,298.08,115.92,1.3369,10.0,,35,,1.1635,0.19159,,,1.0204,0,,0,0,1,16,16,0,16.0,45812.0
53.4,60,100,65,0.0,92.854,82.002,0.0073222,500,1.1,0,0.0022952,12.378,5.407,64376,71274.0,6.5064,298.05,106.15,1.3416,10.0,,35,,1.1479,0.19173,,,1.024,0,,0,0,1,16,16,0,16.0,46858.0
53.6,60,100,65,0.0,90.806,74.087,0.00073222,500,1.1,0,0.0022504,12.431,5.4506,64503,71412.0,6.5066,298.02,98.614,1.3463,10.0,,35,,1.1409,0.19179,,,1.0276,0,,0,0,1,16,16,0,16.0,47571.0
53.8,60,100,65,0.0,88.683,67.512,0.0001,500,1.1,0,0.0022315,12.442,5.4943,64630,71550.0,6.507,298.01,93.958,1.3509,10.0,,35,,1.1437,0.19175,,,1.0311,0,,0,0,1,16,16,0,16.0,46619.0
54.0,60,100,65,0.0,86.396,63.241,0.0001,500,1.1,0,0.0021578,12.538,5.5385,64756,71687.0,6.508,297.99,89.346,1.3554,10.0,,35,,1.1224,0.19194,,,1.0346,0,,0,0,1,16,16,0,16.0,48169.0
54.2,60,100,65,0.0,83.724,58.384,0.0001,500,1.1,0,0.002145,12.56,5.5826,64882,71824.0,6.508,297.98,85.134,1.3599,10.0,,35,,1.1221,0.19194,,,1.038,0,,0,0,1,16,16,0,16.0,47385.0
54.4,60,100,65,0.0,81.032,53.419,0.0001,500,1.1,0,0.0020909,12.611,5.6269,65007,71960.0,6.5088,297.97,81.797,1.3643,10.0,,35,,1.1197,0.19195,,,1.0414,0,,0,0,1,16,16,0,16.0,47936.0
54.6,60,100,65,0.0,78.02,48.926,0.0001,500,1.1,0,0.0020277,12.671,5.6712,65132,72095.0,6.5091,297.96,78.259,1.3687,10.0,,35,,1.1111,0.19203,,,1.0447,0,,0,0,1,16,16,0,16.0,47153.0
54.8,60,100,65,0.0,74.916,43.78,0.0001,500,1.1,0,0.0019986,12.714,5.7155,65256,72230.0,6.5098,297.95,76.272,1.373,10.0,,35,,1.1017,0.19211,,,1.048,0,,0,0,1,16,16,0,16.0,47537.0
55.0,60,100,65,0.0,71.523,13.134,53.024,500,1.1,0,0.0019592,12.759,5.7598,65380,72364.0,6.5106,298.13,130.77,1.3772,10.0,,35,,1.0993,0.19212,,,1.0512,0,,0,0,1,16,16,0,16.0,48588.0
55.2,60,100,65,0.0,67.807,72.553,5.3024,500,1.1,0,0.0019402,12.756,5.8045,65502,72497.0,6.5088,298.1,123.97,1.3814,10.0,,35,,1.1091,0.19202,,,1.0545,0,,0,0,1,16,16,0,16.0,48807.0
55.4,60,100,65,0.0,64.802,68.345,0.53024,500,1.1,0,0.0019024,12.793,5.8495,65624,72630.0,6.5083,298.07,114.14,1.3855,10.0,,35,,1.1107,0.192,,,1.0576,0,,0,0,1,16,16,0,16.0,48361.0
55.6,60,100,65,0.0,61.986,61.421,0.053024,500,1.1,0,0.0018919,12.809,5.8942,65745,72762.0,6.5056,298.05,106.07,1.3897,10.0,,35,,1.1092,0.192,,,1.0608,0,,0,0,1,16,16,0,16.0,49246.0
55.8,60,100,65,0.0,60.289,55.354,0.0053024,500,1.1,0,0.0018658,12.819,5.9388,65867,72893.0,6.5013,298.03,99.468,1.3938,10.0,,35,,1.1208,0.19188,,,1.064,0,,0,0,1,16,16,0,16.0,49632.0
56.0,60,100,65,0.0,60.311,49.93,0.00053024,500,1.1,0,0.0018556,12.834,5.9831,65988,73025.0,6.4971,298.0,92.81,1.3979,10.0,,35,,1.1253,0.19183,,,1.0671,0,,0,0,1,16,16,0,16.0,49349.0
56.2,60,100,72,0.0,61.978,43.617,0.0001,500,1.1,0,0.002025,12.669,6.0276,66110,73158.0,6.4907,298.0,92.345,1.4022,10.0,,34,,1.1596,0.1915,,,1.0704,0,,0,0,1,16,16,0,16.0,49734.0
56.4,60,100,72,0.0,66.217,43.398,0.0001,500,1.1,0,0.0020286,12.662,6.0722,66234,73293.0,6.4875,298.0,92.458,1.4066,10.0,,34,,1.1827,0.19127,,,1.0738,0,,0,0,1,16,16,0,16.0,50452.0
56.6,60,100,72,0.0,71.745,43.615,0.0001,500,1.1,0,0.0020254,12.674,6.1167,66359,73428.0,6.4877,298.0,92.216,1.4111,10.0,,34,,1.1957,0.19114,,,1.0772,0,,0,0,1,16,16,0,16.0,50170.0
56.8,60,100,72,0.0,77.188,43.438,0.0001,500,1.1,0,0.0019766,12.751,6.1609,66484,73565.0,6.4904,298.0,91.15,1.4155,10.0,,34,,1.1874,0.19121,,,1.0806,0,,0,0,1,16,16,0,16.0,50387.0
57.0,60,100,72,0.0,81.529,42.33,0.0001,500,1.1,0,0.0019571,12.793,6.2048,66611,73703.0,6.4941,298.0,90.117,1.4199,10.0,,34,,1.1801,0.19127,,,1.084,0,,0,0,1,16,16,0,16.0,50936.0
57.2,60,100,72,0.0,84.415,41.153,0.0001,500,1.1,0,0.0019281,12.836,6.2485,66738,73841.0,6.4986,297.99,87.088,1.4242,10.0,,34,,1.1856,0.19121,,,1.0873,0,,0,0,1,16,16,0,16.0,50483.0
57.4,60,100,72,0.0,85.475,37.656,0.0001,500,1.1,0,0.0019214,12.838,6.292,66866,73979.0,6.5034,297.98,85.334,1.4286,10.0,,34,,1.2015,0.19105,,,1.0906,0,,0,0,1,16,16,0,16.0,51030.0
57.6,60,100,72,0.0,84.631,35.252,0.0001,500,1.1,0,0.0019575,12.801,6.3356,66993,74117.0,6.507,297.98,85.062,1.4329,10.0,,34,,1.2141,0.19093,,,1.094,0,,0,0,1,16,16,0,16.0,51577.0
57.8,60,100,72,0.0,82.348,34.236,0.0001,500,1.1,0,0.0019326,12.825,6.3792,67120,74255.0,6.51,297.98,85.058,1.4373,10.0,,34,,1.2243,0.19082,,,1.0973,0,,0,0,1,16,16,0,16.0,50958.0
58.0,60,100,72,0.0,78.874,33.447,0.0001,500,1.1,0,0.0019288,12.828,6.4229,67246,74392.0,6.5113,297.98,85.521,1.4417,10.0,,34,,1.2277,0.19078,,,1.1007,0,,0,0,1,16,16,0,16.0,52338.0
58.2,60,100,72,0.0,74.859,33.161,0.0001,500,1.1,0,0.0018985,12.867,6.4666,67371,74528.0,6.5109,297.98,85.963,1.446,10.0,,34,,1.2185,0.19086,,,1.104,0,,0,0,1,16,16,0,16.0,52886.0
58.4,60,100,72,0.0,71.043,32.895,0.0001,500,1.1,0,0.001878,12.879,6.5107,67496,74663.0,6.5079,297.98,85.744,1.4503,10.0,,34,,1.2227,0.19081,,,1.1073,0,,0,0,1,16,16,0,16.0,51602.0
58.6,60,100,72,0.0,68.403,31.962,0.0001,500,1.1,0,0.0018851,12.864,6.5545,67620,74798.0,6.5042,297.98,85.529,1.4546,10.0,,34,,1.2325,0.19071,,,1.1106,0,,0,0,1,16,16,0,16.0,52150.0
58.8,60,100,72,0.0,67.259,31.024,0.0001,500,1.1,0,0.0018871,12.866,6.5982,67743,74933.0,6.5013,297.98,85.931,1.459,10.0,,34,,1.2437,0.1906,,,1.1139,0,,0,0,1,16,16,0,16.0,53365.0
59.0,60,100,72,0.0,67.275,30.728,0.0001,500,1.1,0,0.0018818,12.861,6.642,67867,75067.0,6.4988,297.98,86.965,1.4633,10.0,,34,,1.2588,0.19045,,,1.1173,0,,0,0,1,16,16,0,16.0,53580.0
59.2,60,100,72,0.0,68.272,31.149,0.0001,500,1.1,0,0.0018703,12.885,6.6862,67991,75202.0,6.4971,297.99,87.616,1.4677,10.0,,34,,1.257,0.19045,,,1.1206,0,,0,0,1,16,16,0,16.0,52629.0
59.4,60,100,72,0.0,69.945,31.261,0.0001,500,1.1,0,0.0018857,12.861,6.7299,68115,75337.0,6.4966,297.99,87.566,1.472,10.0,,34,,1.2781,0.19025,,,1.124,0,,0,0,1,16,16,0,16.0,53511.0
59.6,60,100,72,0.0,71.837,30.701,0.0001,500,1.1,0,0.0018536,12.91,6.7738,68240,75473.0,6.4971,297.99,87.371,1.4764,10.0,,34,,1.2736,0.19028,,,1.1273,0,,0,0,1,16,16,0,16.0,53726.0
59.8,60,100,72,0.0,73.523,29.996,0.0001,500,1.1,0,0.0018515,12.926,6.8174,68364,75609.0,6.4982,297.99,87.35,1.4807,10.0,,34,,1.2794,0.19022,,,1.1306,0,,0,0,1,16,16,0,16.0,53439.0
60.0,60,100,72,0.0,74.769,29.459,0.0001,500,1.1,0,0.0018137,12.988,6.8608,68490,75745.0,6.4999,297.98,85.917,1.4851,10.0,778.36,34,1757.5,1.2679,0.19032,6.6862,18.416,1.1339,0,41.231,0,0,1,16,16,0,16.0,54319.0
60.2,60,100,76,0.0,75.328,27.402,0.0001,500,1.1,0,0.0018696,12.943,6.9043,68616,75882.0,6.5007,297.98,86.167,1.4894,10.0,,33,,1.2941,0.19006,,,1.1373,0,,0,0,1,16,16,0,16.0,54699.0
60.4,60,100,76,0.0,75.57,27.015,0.0001,500,1.1,0,0.0018505,12.977,6.9474,68742,76019.0,6.5017,297.98,86.134,1.4938,10.0,,33,,1.2937,0.19006,,,1.1406,0,,0,0,1,16,16,0,16.0,54077.0
60.6,60,100,76,0.0,75.397,26.314,0.0001,500,1.1,0,0.0018655,12.956,6.9904,68868,76156.0,6.5028,297.98,86.483,1.4982,10.0,,33,,1.3089,0.1899,,,1.144,0,,0,0,1,16,16,0,16.0,54621.0
60.8,60,100,76,0.0,74.792,26.024,0.0001,500,1.1,0,0.0018417,12.969,7.0329,68994,76293.0,6.5043,297.98,86.114,1.5026,10.0,,33,,1.3265,0.18973,,,1.1474,0,,0,0,1,16,16,0,16.0,54829.0
61.0,60,100,76,0.0,73.581,25.0,0.0001,500,1.1,0,0.0018035,13.006,7.0757,69119,76429.0,6.5053,297.98,85.368,1.507,10.0,,33,,1.3313,0.18967,,,1.1507,0,,0,0,1,16,16,0,16.0,56039.0
61.2,60,100,76,0.0,71.972,23.552,0.0001,500,1.1,0,0.0017912,13.035,7.1184,69245,76566.0,6.505,297.98,84.462,1.5113,10.0,,33,,1.3348,0.18963,,,1.1541,0,,0,0,1,16,16,0,16.0,55748.0
61.4,60,100,76,0.0,70.496,21.857,0.0001,500,1.1,0,0.0018603,12.993,7.1612,69370,76702.0,6.5037,297.98,86.238,1.5157,10.0,,33,,1.3355,0.18962,,,1.1574,0,,0,0,1,16,16,0,16.0,54792.0
61.6,60,100,76,0.0,69.559,22.9,0.0001,500,1.1,0,0.0018376,13.023,7.2044,69494,76838.0,6.5025,297.99,87.555,1.5201,10.0,,33,,1.3339,0.18962,,,1.1608,0,,0,0,1,16,16,0,16.0,55837.0
61.8,60,100,76,0.0,69.09,23.599,0.0001,500,1.1,0,0.0018407,13.008,7.2475,69619,76973.0,6.5014,297.99,88.872,1.5245,10.0,,33,,1.3511,0.18945,,,1.1642,0,,0,0,1,16,16,0,16.0,55215.0
62.0,60,100,76,0.0,69.044,24.456,0.0001,500,1.1,0,0.0018762,12.978,7.2904,69744,77109.0,6.4998,298.0,90.569,1.5289,10.0,,33,,1.37,0.18926,,,1.1676,0,,0,0,1,16,16,0,16.0,55092.0
62.2,60,100,76,0.0,69.635,25.861,0.0001,500,1.1,0,0.0018737,12.996,7.3331,69869,77245.0,6.4979,298.0,91.768,1.5334,10.0,,33,,1.375,0.18921,,,1.1711,0,,0,0,1,16,16,0,16.0,56968.0
62.4,60,100,76,0.0,71.009,26.925,0.0001,500,1.1,0,0.0018444,13.057,7.3756,69994,77381.0,6.4961,298.0,91.262,1.5379,10.0,,33,,1.3638,0.18931,,,1.1745,0,,0,0,1,16,16,0,16.0,55676.0
62.6,60,100,76,0.0,73.081,26.349,0.0001,500,1.1,0,0.0018526,13.06,7.4181,70119,77518.0,6.4958,298.0,90.876,1.5423,10.0,,33,,1.3739,0.1892,,,1.1779,0,,0,0,1,16,16,0,16.0,57218.0
62.8,60,100,76,0.0,75.289,25.88,0.0001,500,1.1,0,0.0018191,13.123,7.4604,70245,77655.0,6.4967,297.99,89.643,1.5468,10.0,,33,,1.3655,0.18927,,,1.1813,0,,0,0,1,16,16,0,16.0,56425.0
63.0,60,100,76,0.0,77.13,24.481,0.0001,500,1.1,0,0.0018001,13.171,7.5023,70371,77792.0,6.4982,297.99,89.445,1.5511,10.0,,33,,1.3516,0.1894,,,1.1846,0,,0,0,1,16,16,0,16.0,57464.0
63.2,60,100,76,0.0,78.373,24.042,0.0001,500,1.1,0,0.0017843,13.217,7.5442,70498,77930.0,6.4995,297.99,88.942,1.5555,10.0,,33,,1.3431,0.18947,,,1.188,0,,0,0,1,16,16,0,16.0,57503.0
63.4,60,100,76,0.0,79.112,23.241,0.0001,500,1.1,0,0.0017882,13.219,7.5858,70624,78068.0,6.5011,297.99,88.823,1.5598,10.0,,33,,1.3506,0.18939,,,1.1913,0,,0,0,1,16,16,0,16.0,57873.0
63.6,60,100,76,0.0,79.181,22.789,0.0001,500,1.1,0,0.0017493,13.269,7.627,70751,78205.0,6.5038,297.99,87.673,1.5642,10.0,,33,,1.351,0.18938,,,1.1946,0,,0,0,1,16,16,0,16.0,58075.0
63.8,60,100,76,0.0,78.188,21.247,0.0001,500,1.1,0,0.001745,13.283,7.6684,70877,78343.0,6.5055,297.99,87.381,1.5685,10.0,,33,,1.3522,0.18936,,,1.1979,0,,0,0,1,16,16,0,16.0,58945.0
64.0,60,100,76,0.0,76.508,20.488,0.0001,500,1.1,0,0.0017454,13.277,7.7098,71003,78480.0,6.5063,297.99,87.828,1.5728,10.0,,33,,1.3653,0.18923,,,1.2012,0,,0,0,1,16,16,0,16.0,58315.0
64.2,60,100,80,0.0,74.527,20.441,0.0001,500,1.1,0,0.0017827,13.248,7.7514,71130,78618.0,6.505,297.99,89.091,1.5771,10.0,,32,,1.3884,0.189,,,1.2046,0,,0,0,1,16,16,0,16.0,58352.0
64.4,60,100,80,0.0,73.034,21.267,0.0001,500,1.1,0,0.0017682,13.273,7.7928,71256,78755.0,6.5014,297.99,89.39,1.5815,10.0,,32,,1.395,0.18893,,,1.2079,0,,0,0,1,16,16,0,16.0,58388.0
64.6,60,100,80,0.0,72.983,21.223,0.0001,500,1.1,0,0.0017528,13.298,7.8341,71382,78892.0,6.4966,297.99,89.557,1.5859,10.0,,32,,1.3975,0.18889,,,1.2113,0,,0,0,1,16,16,0,16.0,58591.0
64.8,60,100,80,0.0,74.858,21.097,0.0001,500,1.1,0,0.0018083,13.249,7.8759,71508,79030.0,6.495,298.0,91.366,1.5903,10.0,,32,,1.4188,0.18868,,,1.2147,0,,0,0,1,16,16,0,16.0,58462.0
65.0,60,100,80,0.0,77.36,22.676,0.0001,500,1.1,0,0.0018027,13.295,7.9176,71635,79168.0,6.4947,298.0,92.133,1.5947,10.0,,32,,1.4142,0.18872,,,1.2181,0,,0,0,1,16,16,0,16.0,59166.0
65.2,60,100,80,0.0,79.977,23.351,0.0001,500,1.1,0,0.0017723,13.362,7.959,71763,79307.0,6.4961,298.0,91.438,1.5991,10.0,,32,,1.3993,0.18885,,,1.2215,0,,0,0,1,16,16,0,16.0,58703.0
65.4,60,100,80,0.0,82.035,22.64,0.0001,500,1.1,0,0.0017346,13.424,8.0,71891,79446.0,6.5002,297.99,89.582,1.6035,10.0,,32,,1.3944,0.18889,,,1.2248,0,,0,0,1,16,16,0,16.0,60237.0
65.6,60,100,80,0.0,82.474,20.701,0.0001,500,1.1,0,0.0017434,13.432,8.0415,72019,79585.0,6.503,297.99,88.823,1.6078,10.0,,32,,1.389,0.18893,,,1.2281,0,,0,0,1,16,16,0,16.0,60107.0
65.8,60,100,80,0.0,81.804,19.702,0.0001,500,1.1,0,0.001709,13.486,8.0828,72146,79724.0,6.5059,297.99,87.667,1.6121,10.0,,32,,1.3846,0.18897,,,1.2314,0,,0,0,1,16,16,0,16.0,59977.0
66.0,60,100,80,0.0,79.958,18.193,0.0001,500,1.1,0,0.0016951,13.518,8.1236,72274,79862.0,6.5083,297.99,87.03,1.6163,10.0,,32,,1.3785,0.18902,,,1.2347,0,,0,0,1,16,16,0,16.0,60010.0
66.2,60,100,80,0.0,77.172,17.094,0.0001,500,1.1,0,0.0016624,13.557,8.1641,72401,80000.0,6.5088,297.98,85.761,1.6205,10.0,,32,,1.3811,0.18898,,,1.2379,0,,0,0,1,16,16,0,16.0,60875.0
66.4,60,100,80,0.0,74.194,15.274,0.0001,500,1.1,0,0.001631,13.602,8.2047,72527,80137.0,6.5083,297.98,84.387,1.6247,10.0,,32,,1.3739,0.18904,,,1.2411,0,,0,0,1,16,16,0,16.0,60407.0
66.6,60,100,80,0.0,71.417,13.225,0.0001,500,1.1,0,0.0016431,13.596,8.2452,72653,80274.0,6.5067,297.98,84.233,1.6288,10.0,,32,,1.3852,0.18893,,,1.2443,0,,0,0,1,16,16,0,16.0,61773.0
66.8,60,100,80,0.0,69.244,12.26,0.0001,500,1.1,0,0.0016164,13.645,8.2859,72778,80410.0,6.5052,297.98,83.753,1.6329,10.0,,32,,1.3722,0.18904,,,1.2474,0,,0,0,1,16,16,0,16.0,60472.0
67.0,60,100,80,0.0,67.69,10.923,0.0001,500,1.1,0,0.0015772,13.707,8.3262,72903,80546.0,6.5039,297.97,82.975,1.637,10.0,,32,,1.3572,0.18918,,,1.2505,0,,0,0,1,16,16,0,16.0,60670.0
67.2,60,100,80,0.0,66.645,9.2431,0.0001,500,1.1,0,0.0015702,13.736,8.3662,73028,80682.0,6.5018,297.97,82.713,1.6411,10.0,,32,,1.3473,0.18926,,,1.2537,0,,0,0,1,16,16,0,16.0,61866.0
67.4,60,100,80,0.0,66.468,8.0024,0.0001,500,1.1,0,0.0015671,13.743,8.4064,73152,80817.0,6.5001,297.97,83.173,1.6451,10.0,,32,,1.3534,0.1892,,,1.2568,0,,0,0,1,16,16,0,16.0,61563.0
67.6,60,100,80,0.0,66.927,7.4464,0.0001,500,1.1,0,0.0015426,13.78,8.4462,73277,80953.0,6.4975,297.97,83.032,1.6492,10.0,,32,,1.3586,0.18914,,,1.2599,0,,0,0,1,16,16,0,16.0,61591.0
67.8,60,100,80,0.0,68.463,6.3224,0.0001,500,1.1,0,0.0015321,13.827,8.4859,73402,81089.0,6.4968,297.97,82.317,1.6532,10.0,,32,,1.3559,0.18916,,,1.2629,0,,0,0,1,16,16,0,16.0,61619.0
68.0,60,100,80,0.0,70.242,4.6246,0.0001,500,1.1,0,0.0015407,13.845,8.5254,73527,81225.0,6.4992,297.97,82.381,1.6571,10.0,,32,,1.3551,0.18916,,,1.266,0,,0,0,1,16,16,0,16.0,63146.0
68.2,60,100,84,0.0,71.06,3.6376,0.0001,500,1.1,0,0.0015785,13.843,8.5652,73654,81362.0,6.5006,297.98,83.626,1.6612,10.0,,31,,1.3628,0.18908,,,1.2691,0,,0,0,1,16,16,0,16.0,62675.0
68.4,60,100,84,0.0,71.336,3.8163,0.0001,500,1.1,0,0.0015486,13.898,8.6045,73780,81499.0,6.5013,297.98,83.553,1.6652,10.0,,31,,1.3605,0.18909,,,1.2722,0,,0,0,1,16,16,0,16.0,62367.0
68.6,60,100,84,0.0,71.333,2.7921,0.0001,500,1.1,0,0.0015529,13.927,8.6439,73906,81636.0,6.5025,297.98,83.82,1.6692,10.0,,31,,1.3541,0.18915,,,1.2752,0,,0,0,1,16,16,0,16.0,63061.0
68.8,60,100,84,0.0,70.838,2.1264,0.0001,500,1.1,0,0.001571,13.902,8.6837,74033,81773.0,6.5033,297.98,84.999,1.6732,10.0,,31,,1.3774,0.18892,,,1.2783,0,,0,0,1,16,16,0,16.0,62256.0
69.0,60,100,84,0.0,70.039,2.384,0.0001,500,1.1,0,0.001579,13.909,8.7237,74159,81910.0,6.5051,297.98,86.638,1.6772,10.0,,31,,1.3811,0.18887,,,1.2814,0,,0,0,1,16,16,0,16.0,62119.0
69.2,60,100,84,0.0,68.52,3.2003,0.0001,500,1.1,0,0.0015901,13.927,8.7639,74284,82047.0,6.5059,297.99,88.129,1.6813,10.0,,31,,1.3796,0.18888,,,1.2846,0,,0,0,1,16,16,0,16.0,63316.0
69.4,60,100,84,0.0,66.663,4.0347,0.0001,500,1.1,0,0.0015845,13.95,8.8039,74410,82184.0,6.5052,297.99,89.026,1.6854,10.0,,31,,1.3828,0.18884,,,1.2877,0,,0,0,1,16,16,0,16.0,63512.0
69.6,60,100,84,0.0,65.11,4.444,0.0001,500,1.1,0,0.0016017,13.953,8.8439,74535,82320.0,6.5036,297.99,90.06,1.6894,10.0,,31,,1.3922,0.18875,,,1.2908,0,,0,0,1,16,16,0,16.0,64208.0
69.8,60,100,84,0.0,64.19,5.0963,0.0001,500,1.1,0,0.0016118,13.951,8.8838,74660,82456.0,6.4995,298.0,91.234,1.6935,10.0,,31,,1.4057,0.18861,,,1.2939,0,,0,0,1,16,16,0,16.0,64904.0
70.0,60,100,84,0.0,64.9,5.991,0.0001,500,1.1,0,0.0016404,13.935,8.9242,74785,82592.0,6.4949,298.0,92.916,1.6977,10.0,,31,,1.4205,0.18846,,,1.2971,0,,0,0,1,16,16,0,16.0,63435.0
70.2,60,100,84,0.0,67.465,7.5029,0.0001,500,1.1,0,0.0016403,13.98,8.9643,74910,82728.0,6.4926,298.0,93.685,1.7018,10.0,,31,,1.4103,0.18855,,,1.3003,0,,0,0,1,16,16,0,16.0,64631.0
70.4,60,100,84,0.0,70.926,8.2883,0.0001,500,1.1,0,0.001636,13.992,9.0044,75036,82866.0,6.4937,298.01,94.212,1.706,10.0,,31,,1.4193,0.18846,,,1.3035,0,,0,0,1,16,16,0,16.0,64495.0
70.6,60,100,84,0.0,73.953,8.9371,0.0001,500,1.1,0,0.0016284,14.047,9.0442,75163,83004.0,6.4971,298.0,93.732,1.7102,10.0,,31,,1.4077,0.18856,,,1.3067,0,,0,0,1,16,16,0,16.0,64857.0
70.8,60,100,84,0.0,75.641,8.6662,0.0001,500,1.1,0,0.0016213,14.069,9.084,75290,83142.0,6.5005,298.0,93.656,1.7143,10.0,,31,,1.4051,0.18858,,,1.3099,0,,0,0,1,16,16,0,16.0,64052.0
71.0,60,100,84,0.0,75.967,8.7587,0.0001,500,1.1,0,0.0015983,14.104,9.124,75417,83280.0,6.5034,298.0,92.649,1.7184,10.0,,31,,1.4084,0.18854,,,1.3131,0,,0,0,1,16,16,0,16.0,65414.0
71.2,60,100,84,0.0,75.118,7.9317,0.0001,500,1.1,0,0.0016089,14.115,9.1642,75544,83418.0,6.5053,298.0,92.257,1.7226,10.0,,31,,1.4144,0.18847,,,1.3162,0,,0,0,1,16,16,0,16.0,66112.0
71.4,60,100,84,0.0,73.537,7.6154,0.0001,500,1.1,0,0.0016342,14.099,9.2045,75671,83556.0,6.5065,298.0,92.895,1.7267,10.0,,31,,1.432,0.1883,,,1.3194,0,,0,0,1,16,16,0,16.0,64809.0
71.6,60,100,84,0.0,71.471,8.2418,0.0001,500,1.1,0,0.0016432,14.122,9.2448,75797,83694.0,6.5069,298.0,93.447,1.7309,10.0,,31,,1.433,0.18828,,,1.3226,0,,0,0,1,16,16,0,16.0,66007.0
71.8,60,100,84,0.0,69.247,8.8292,0.0001,500,1.1,0,0.001629,14.141,9.2853,75923,83831.0,6.5068,298.0,93.414,1.735,10.0,,31,,1.4436,0.18817,,,1.3258,0,,0,0,1,16,16,0,16.0,65872.0
72.0,60,100,84,0.0,67.041,8.9111,0.0001,500,1.1,0,0.0016363,14.158,9.326,76048,83967.0,6.5057,298.0,93.991,1.7392,10.0,858.87,31,1682.9,1.4424,0.18817,9.1642,19.543,1.329,0,26.088,0,0,1,16,16,0,16.0,66238.0
72.2,60,100,90,0.0,65.294,9.5901,0.0001,500,1.1,0,0.0017892,14.061,9.3676,76174,84105.0,6.5021,298.02,98.401,1.7435,10.0,,30,,1.4719,0.18789,,,1.3323,0,,0,0,1,16,16,0,16.0,66442.0
72.4,60,100,90,0.0,64.964,13.996,0.0001,500,1.1,0,0.0017476,14.124,9.409,76300,84243.0,6.4999,298.02,99.723,1.7479,10.0,,30,,1.473,0.18787,,,1.3357,0,,0,0,1,16,16,0,16.0,66812.0
72.6,60,100,90,0.0,65.519,15.815,0.0001,500,1.1,0,0.0017487,14.143,9.4503,76426,84381.0,6.4982,298.02,100.56,1.7523,10.0,,30,,1.4749,0.18784,,,1.3391,0,,0,0,1,16,16,0,16.0,66514.0
72.8,60,100,90,0.0,66.766,17.372,0.0001,500,1.1,0,0.001695,14.237,9.4913,76553,84518.0,6.498,298.02,99.812,1.7566,10.0,,30,,1.4477,0.18809,,,1.3424,0,,0,0,1,16,16,0,16.0,65882.0
73.0,60,100,90,0.0,68.078,17.506,0.0001,500,1.1,0,0.0016938,14.266,9.5323,76679,84657.0,6.4986,298.02,98.991,1.7609,10.0,,30,,1.4417,0.18814,,,1.3457,0,,0,0,1,16,16,0,16.0,67416.0
73.2,60,100,90,0.0,69.172,17.528,0.0001,500,1.1,0,0.0017158,14.283,9.5736,76806,84795.0,6.4988,298.02,98.267,1.7652,10.0,,30,,1.442,0.18813,,,1.349,0,,0,0,1,16,16,0,16.0,66785.0
73.4,60,100,90,0.0,70.188,17.561,0.0001,500,1.1,0,0.0017395,14.252,9.6152,76933,84934.0,6.4975,298.02,98.627,1.7695,10.0,,30,,1.4696,0.18786,,,1.3523,0,,0,0,1,16,16,0,16.0,68156.0
73.6,60,100,90,0.0,71.725,18.549,0.0001,500,1.1,0,0.0017551,14.261,9.6567,77061,85073.0,6.4973,298.02,99.175,1.7739,10.0,,30,,1.4815,0.18774,,,1.3557,0,,0,0,1,16,16,0,16.0,67693.0
73.8,60,100,90,0.0,73.326,19.729,0.0001,500,1.1,0,0.0017192,14.325,9.6978,77188,85212.0,6.4978,298.02,98.463,1.7783,10.0,,30,,1.4702,0.18784,,,1.359,0,,0,0,1,16,16,0,16.0,67228.0
74.0,60,100,90,0.0,74.738,19.767,0.0001,500,1.1,0,0.0016897,14.394,9.7387,77316,85352.0,6.4985,298.01,96.765,1.7826,10.0,,30,,1.4505,0.18802,,,1.3624,0,,0,0,1,16,16,0,16.0,67928.0
74.2,60,100,90,0.0,75.86,18.826,0.0001,500,1.1,0,0.0017125,14.387,9.7796,77444,85491.0,6.4983,298.01,95.97,1.7869,10.0,,30,,1.4619,0.1879,,,1.3657,0,,0,0,1,16,16,0,16.0,67962.0
74.4,60,100,90,0.0,77.063,18.587,0.0001,500,1.1,0,0.0016822,14.441,9.8201,77573,85631.0,6.4981,298.01,94.106,1.7913,10.0,,30,,1.4589,0.18792,,,1.369,0,,0,0,1,16,16,0,16.0,69160.0
74.6,60,100,90,0.0,78.361,17.241,0.0001,500,1.1,0,0.0016825,14.453,9.8609,77701,85772.0,6.4979,298.0,93.051,1.7956,10.0,,30,,1.4667,0.18784,,,1.3723,0,,0,0,1,16,16,0,16.0,68360.0
74.8,60,100,90,0.0,79.714,16.49,0.0001,500,1.1,0,0.0016881,14.481,9.9015,77830,85912.0,6.4985,298.0,91.996,1.7999,10.0,,30,,1.4685,0.18781,,,1.3757,0,,0,0,1,16,16,0,16.0,68893.0
75.0,60,100,90,0.0,80.839,15.616,0.0001,500,1.1,0,0.0017009,14.461,9.9425,77959,86053.0,6.4982,298.0,92.155,1.8042,10.0,,30,,1.498,0.18752,,,1.379,0,,0,0,1,16,16,0,16.0,68761.0
75.2,60,100,90,0.0,82.094,15.774,0.0001,100,1.1,0,0.0017217,13.52,9.9937,78009,86114.0,6.5003,298.09,125.28,1.8086,10.0,,30,,1.7929,0.18471,,,1.3824,0,,0,0,1,16,16,0,16.0,70173.0
75.4,60,100,90,0.0,82.482,46.802,0.0001,100,1.1,0,0.001688,13.538,10.045,78058,86175.0,6.502,298.15,148.28,1.813,10.0,,30,,1.8273,0.18437,,,1.3857,0,,0,0,1,16,16,0,16.0,68585.0
75.6,60,100,90,0.0,82.214,71.035,0.0001,100,1.1,0,0.0016429,13.549,10.096,78107,86236.0,6.5041,298.19,162.39,1.8173,10.0,,30,,1.8264,0.18437,,,1.389,0,,0,0,1,16,16,0,16.0,70831.0
75.8,60,100,90,0.0,81.108,89.484,0.0001,100,1.1,0,0.0016365,13.534,10.147,78156,86297.0,6.5051,298.21,170.63,1.8215,10.0,,30,,1.8245,0.18438,,,1.3922,0,,0,0,1,16,16,0,16.0,69078.0
76.0,60,100,90,0.0,79.594,104.05,0.0001,100,1.1,0,0.0016441,13.493,10.199,78205,86357.0,6.5055,298.23,175.21,1.8257,10.0,,30,,1.8339,0.18428,,,1.3955,0,,0,0,1,16,16,0,16.0,70992.0
76.2,60,100,116,0.0,77.93,116.15,0.0001,100,1.1,0,0.002255,12.923,10.251,78259,86424.0,6.4967,298.27,192.33,1.8308,10.0,,29,,2.0168,0.18252,,,1.3994,0,,0,0,1,16,16,0,16.0,70909.0
76.4,60,100,116,0.0,79.814,140.49,0.0001,100,1.1,0,0.0022351,12.939,10.303,78312,86491.0,6.4889,298.3,202.21,1.8363,10.0,,29,,2.0289,0.18239,,,1.4036,0,,0,0,1,16,16,0,16.0,71160.0
76.6,60,100,116,0.0,84.764,159.54,0.0001,100,1.1,0,0.0021803,12.995,10.355,78367,86559.0,6.4843,298.3,203.12,1.8417,10.0,,29,,1.9975,0.18268,,,1.4078,0,,0,0,1,16,16,0,16.0,70577.0
76.8,60,100,116,0.0,91.568,171.39,0.0001,100,1.1,0,0.0021352,13.027,10.407,78424,86629.0,6.4843,298.28,195.85,1.8471,10.0,,29,,1.9779,0.18286,,,1.4119,0,,0,0,1,16,16,0,16.0,71327.0
77.0,60,100,116,0.0,98.36,175.89,0.0001,100,1.1,0,0.0021417,13.016,10.46,78481,86699.0,6.4868,298.26,187.65,1.8524,10.0,,29,,1.9697,0.18293,,,1.416,0,,0,0,1,16,16,0,16.0,71411.0
77.2,60,100,116,0.0,104.15,178.95,0.0001,100,1.1,0,0.002105,13.025,10.512,78540,86771.0,6.4901,298.24,181.12,1.8577,10.0,,29,,1.9657,0.18296,,,1.4201,0,,0,0,1,16,16,0,16.0,71163.0
77.4,60,100,116,0.0,108.61,182.77,0.0001,100,1.1,0,0.0021337,12.966,10.564,78600,86844.0,6.4942,298.23,176.19,1.8631,10.0,,29,,1.9889,0.18273,,,1.4242,0,,0,0,1,16,16,0,16.0,72247.0
77.6,60,100,116,0.0,111.45,187.38,0.0001,100,1.1,0,0.0021349,12.937,10.616,78660,86917.0,6.4977,298.22,171.26,1.8684,10.0,,29,,2.0001,0.18261,,,1.4283,0,,0,0,1,16,16,0,16.0,72662.0
77.8,60,100,116,0.0,112.89,191.47,0.0001,100,1.1,0,0.0021899,12.864,10.667,78721,86991.0,6.5003,298.21,167.93,1.8739,10.0,,29,,2.0236,0.18237,,,1.4325,0,,0,0,1,16,16,0,16.0,72575.0
78.0,60,100,116,0.0,113.28,196.54,0.0001,100,1.1,0,0.0020878,12.901,10.719,78781,87065.0,6.5028,298.19,161.44,1.8793,10.0,,29,,2.0171,0.18243,,,1.4367,0,,0,0,1,16,16,0,16.0,72825.0
78.2,60,100,116,0.0,112.67,198.32,0.0001,100,1.1,0,0.0021176,12.853,10.771,78842,87139.0,6.5043,298.17,153.91,1.8846,10.0,,29,,2.0219,0.18237,,,1.4408,0,,0,0,1,16,16,0,16.0,72909.0
78.4,60,100,116,0.0,111.46,198.56,0.0001,100,1.1,0,0.0021189,12.822,10.823,78902,87212.0,6.5048,298.14,143.88,1.89,10.0,,29,,2.024,0.18234,,,1.4449,0,,0,0,1,16,16,0,16.0,72992.0
78.6,60,100,116,0.0,110.06,195.75,0.0001,100,1.1,0,0.0021265,12.805,10.876,78962,87286.0,6.5033,298.11,131.2,1.8954,10.0,,29,,2.0194,0.18237,,,1.4491,0,,0,0,1,16,16,0,16.0,72744.0
78.8,60,100,116,0.0,109.27,189.54,0.0001,100,1.1,0,0.0020466,12.839,10.928,79022,87359.0,6.5022,298.08,121.03,1.9008,10.0,,29,,2.0084,0.18247,,,1.4532,0,,0,0,1,16,16,0,16.0,73330.0
79.0,60,100,116,0.0,108.91,184.44,0.0001,100,1.1,0,0.0020857,12.759,10.981,79081,87432.0,6.5008,298.05,111.5,1.9061,10.0,,29,,2.029,0.18226,,,1.4573,0,,0,0,1,16,16,0,16.0,74417.0
79.2,60,100,116,0.0,109.13,178.86,0.0001,100,1.1,0,0.0020546,12.742,11.034,79141,87505.0,6.4994,298.03,103.86,1.9115,10.0,,29,,2.042,0.18213,,,1.4614,0,,0,0,1,16,16,0,16.0,73506.0
79.4,60,100,116,0.0,109.89,174.08,0.0001,100,1.1,0,0.002043,12.706,11.087,79201,87578.0,6.4974,298.03,101.07,1.9168,10.0,,29,,2.0534,0.18201,,,1.4655,0,,0,0,1,16,16,0,16.0,74595.0
79.6,60,100,116,0.0,111.45,172.95,0.0001,100,1.1,0,0.002035,12.684,11.14,79261,87652.0,6.4965,298.02,97.631,1.9222,10.0,,29,,2.0613,0.18192,,,1.4696,0,,0,0,1,16,16,0,16.0,75183.0
79.8,60,100,116,0.0,113.38,170.86,0.0001,100,1.1,0,0.0020032,12.691,11.193,79322,87726.0,6.4967,298.0,92.422,1.9275,10.0,,29,,2.056,0.18196,,,1.4737,0,,0,0,1,16,16,0,16.0,75269.0
80.0,60,100,116,0.0,115.21,166.81,0.0001,100,1.1,0,0.0019478,12.718,11.245,79383,87800.0,6.4969,298.0,89.079,1.9327,10.0,,29,,2.0434,0.18207,,,1.4778,0,,0,0,1,16,16,0,16.0,74355.0
80.2,60,100,90,0.0,116.98,163.99,0.0001,100,1.1,0,0.0011996,13.62,11.29,79439,87866.0,6.5122,297.92,61.202,1.9369,10.0,,23,,1.7863,0.18453,,,1.481,0,,0,0,1,16,16,0,16.0,74901.0
80.4,60,100,90,0.0,112.56,49.197,199.83,100,1.1,0,0.0012197,13.566,11.335,79495,87932.0,6.5259,298.42,247.74,1.9404,10.0,,23,,1.7565,0.18481,,,1.4837,0,,0,0,1,16,16,0,16.0,75282.0
80.6,60,100,90,0.0,102.73,217.89,19.983,100,1.1,0,0.0012027,13.541,11.38,79548,87995.0,6.5356,298.35,224.1,1.9438,10.0,,23,,1.7581,0.18478,,,1.4863,0,,0,0,1,16,16,0,16.0,74996.0
80.8,60,100,90,0.0,89.009,208.14,1.9983,100,1.1,0,0.0012098,13.466,11.425,79598,88056.0,6.5397,298.26,187.96,1.9473,10.0,,23,,1.7778,0.18459,,,1.489,0,,0,0,1,16,16,0,16.0,76381.0
81.0,60,100,90,0.0,73.656,188.78,0.19983,100,1.1,0,0.0012099,13.399,11.471,79646,88114.0,6.537,298.18,159.44,1.9508,10.0,,23,,1.8006,0.18437,,,1.4917,0,,0,0,1,16,16,0,16.0,76103.0
81.2,60,100,90,0.0,59.403,173.08,0.019983,100,1.1,0,0.0011894,13.377,11.518,79690,88169.0,6.5249,298.13,138.35,1.9542,10.0,,23,,1.8078,0.18429,,,1.4943,0,,0,0,1,16,16,0,16.0,76824.0
81.4,60,100,90,0.0,50.013,161.19,0.0019983,100,1.1,0,0.0011767,13.337,11.564,79733,88222.0,6.5081,298.08,119.27,1.9576,10.0,,23,,1.8204,0.18416,,,1.4969,0,,0,0,1,16,16,0,16.0,76546.0
81.6,60,100,90,0.0,47.324,148.92,0.00019983,100,1.1,0,0.0011482,13.337,11.609,79775,88274.0,6.4914,298.03,102.5,1.9609,10.0,,23,,1.8266,0.1841,,,1.4995,0,,0,0,1,16,16,0,16.0,76931.0
81.8,60,100,90,0.0,51.274,136.83,0.0001,100,1.1,0,0.0011068,13.371,11.654,79818,88327.0,6.4784,297.99,85.782,1.9642,10.0,,23,,1.8204,0.18415,,,1.502,0,,0,0,1,16,16,0,16.0,77978.0
82.0,60,100,90,0.0,60.426,123.08,0.0001,100,1.1,0,0.0011138,13.364,11.699,79863,88382.0,6.4728,297.96,75.163,1.9675,10.0,,23,,1.8154,0.18419,,,1.5045,0,,0,0,1,16,16,0,16.0,76859.0
82.2,60,100,90,0.0,71.802,113.24,0.0001,100,1.1,0,0.0010916,13.402,11.743,79910,88439.0,6.4782,297.93,63.088,1.9707,10.0,,23,,1.8015,0.18432,,,1.507,0,,0,0,1,16,16,0,16.0,77569.0
82.4,60,100,90,0.0,81.009,33.973,130.34,100,1.1,0,0.0010795,13.437,11.786,79959,88498.0,6.4885,298.26,189.9,1.9739,10.0,,23,,1.7851,0.18447,,,1.5094,0,,0,0,1,16,16,0,16.0,78442.0
82.6,60,100,90,0.0,86.112,147.06,13.034,100,1.1,0,0.0010851,13.418,11.829,80009,88558.0,6.502,298.23,177.35,1.977,10.0,,23,,1.7867,0.18445,,,1.5119,0,,0,0,1,16,16,0,16.0,77814.0
82.8,60,100,90,0.0,85.825,142.95,1.3034,100,1.1,0,0.0010845,13.4,11.872,80059,88618.0,6.5118,298.17,154.75,1.9802,10.0,,23,,1.7896,0.18442,,,1.5143,0,,0,0,1,16,16,0,16.0,78688.0
83.0,60,100,90,0.0,81.634,131.23,0.13034,100,1.1,0,0.0010904,13.341,11.916,80107,88677.0,6.5193,298.12,136.84,1.9834,10.0,,23,,1.8136,0.18418,,,1.5168,0,,0,0,1,16,16,0,16.0,78897.0
83.2,60,100,90,0.0,74.432,121.74,0.013034,100,1.1,0,0.001095,13.302,11.96,80155,88735.0,6.5234,298.08,120.26,1.9866,10.0,,23,,1.8248,0.18407,,,1.5192,0,,0,0,1,16,16,0,16.0,78109.0
83.4,60,100,90,0.0,65.601,111.61,0.0013034,100,1.1,0,0.0010675,13.308,12.004,80201,88790.0,6.5238,298.04,105.54,1.9897,10.0,,23,,1.8243,0.18407,,,1.5216,0,,0,0,1,16,16,0,16.0,79484.0
83.6,60,100,90,0.0,56.615,101.52,0.00013034,100,1.1,0,0.0010898,13.234,12.048,80245,88844.0,6.5168,298.01,94.976,1.9929,10.0,,23,,1.8414,0.1839,,,1.5241,0,,0,0,1,16,16,0,16.0,78697.0
83.8,60,100,90,0.0,50.432,93.718,0.0001,100,1.1,0,0.0011008,13.179,12.093,80288,88897.0,6.5044,297.99,88.209,1.9961,10.0,,23,,1.8591,0.18372,,,1.5265,0,,0,0,1,16,16,0,16.0,80078.0
84.0,60,100,90,0.0,49.216,88.241,0.0001,100,1.1,0,0.0010583,13.206,12.137,80330,88950.0,6.4937,297.98,81.559,1.9992,10.0,780.27,23,1622.7,1.8591,0.18372,11.96,21.335,1.5289,0,27.466,0,0,1,16,16,0,16.0,79956.0
84.2,60,100,90,0.0,52.232,82.132,0.0001,100,1.1,0,0.0010619,13.211,12.18,80373,89003.0,6.488,297.97,77.126,2.0023,10.0,,23,,1.8497,0.1838,,,1.5313,0,,0,0,1,16,16,0,16.0,79163.0
84.4,60,100,90,0.0,57.543,77.378,0.0001,100,1.1,0,0.0010322,13.263,12.222,80418,89057.0,6.4871,297.95,70.901,2.0053,10.0,,23,,1.8295,0.18399,,,1.5336,0,,0,0,1,16,16,0,16.0,79365.0
84.6,60,100,90,0.0,63.198,23.213,89.598,100,1.1,0,0.0010209,13.302,12.264,80463,89112.0,6.4916,298.18,160.65,2.0083,10.0,,23,,1.8038,0.18423,,,1.5359,0,,0,0,1,16,16,0,16.0,80231.0
84.8,60,100,90,0.0,67.06,102.64,8.9598,100,1.1,0,0.0010269,13.289,12.306,80509,89168.0,6.4973,298.16,152.27,2.0112,10.0,,23,,1.8027,0.18423,,,1.5382,0,,0,0,1,16,16,0,16.0,80265.0
85.0,60,100,90,0.0,68.67,100.21,0.89598,100,1.1,0,0.0010025,13.314,12.348,80555,89224.0,6.5035,298.12,135.56,2.0142,10.0,,23,,1.7915,0.18433,,,1.5404,0,,0,0,1,16,16,0,16.0,80130.0
85.2,60,100,90,0.0,67.772,91.353,0.089598,100,1.1,0,0.00097571,13.331,12.389,80601,89280.0,6.51,298.08,120.19,2.017,10.0,,23,,1.7821,0.18442,,,1.5426,0,,0,0,1,16,16,0,16.0,79995.0
85.4,60,100,90,0.0,64.272,82.249,0.0089598,100,1.1,0,0.00096986,13.301,12.431,80647,89335.0,6.5162,298.05,107.99,2.0198,10.0,,23,,1.7898,0.18434,,,1.5448,0,,0,0,1,16,16,0,16.0,80527.0
85.6,60,100,90,0.0,58.315,74.468,0.00089598,100,1.1,0,0.00095529,13.295,12.472,80691,89389.0,6.5176,298.02,97.463,2.0226,10.0,,23,,1.7889,0.18434,,,1.5469,0,,0,0,1,16,16,0,16.0,80225.0
85.8,60,100,90,0.0,51.823,66.951,0.0001,100,1.1,0,0.00097607,13.241,12.515,80734,89442.0,6.5125,298.0,89.967,2.0254,10.0,,23,,1.7945,0.18428,,,1.5491,0,,0,0,1,16,16,0,16.0,81761.0
86.0,60,100,90,0.0,47.383,61.105,0.0001,100,1.1,0,0.00097899,13.206,12.557,80776,89493.0,6.5053,297.99,84.793,2.0282,10.0,,23,,1.7999,0.18423,,,1.5513,0,,0,0,1,16,16,0,16.0,82632.0
86.2,60,100,90,0.0,45.794,56.563,0.0001,100,1.1,0,0.00095769,13.224,12.599,80818,89545.0,6.4968,297.97,79.501,2.031,10.0,,23,,1.7902,0.18431,,,1.5534,0,,0,0,1,16,16,0,16.0,82334.0
86.4,60,100,90,0.0,47.602,51.363,0.0001,100,1.1,0,0.00093202,13.242,12.641,80860,89597.0,6.4902,297.96,74.442,2.0338,10.0,,23,,1.7862,0.18435,,,1.5555,0,,0,0,1,16,16,0,16.0,81865.0
86.6,60,100,90,0.0,52.017,45.86,0.0001,100,1.1,0,0.00093205,13.237,12.682,80903,89649.0,6.4846,297.95,71.755,2.0365,10.0,,23,,1.7853,0.18435,,,1.5576,0,,0,0,1,16,16,0,16.0,82061.0
86.8,60,100,90,0.0,58.679,41.994,0.0001,100,1.1,0,0.00090893,13.273,12.722,80948,89703.0,6.4876,297.94,68.988,2.0392,10.0,,23,,1.7757,0.18444,,,1.5597,0,,0,0,1,16,16,0,16.0,82755.0
87.0,60,100,90,0.0,64.122,12.598,53.503,100,1.1,0,0.0009091,13.269,12.763,80993,89758.0,6.4943,298.09,123.89,2.0419,10.0,,23,,1.7715,0.18447,,,1.5618,0,,0,0,1,16,16,0,16.0,83115.0
87.2,60,100,90,0.0,66.909,59.904,5.3503,100,1.1,0,0.00087135,13.317,12.803,81039,89813.0,6.503,298.07,117.39,2.0445,10.0,,23,,1.7559,0.18462,,,1.5638,0,,0,0,1,16,16,0,16.0,82137.0
87.4,60,100,90,0.0,66.232,56.272,0.53503,100,1.1,0,0.00088996,13.264,12.843,81085,89869.0,6.5082,298.05,108.06,2.047,10.0,,23,,1.7691,0.18448,,,1.5657,0,,0,0,1,16,16,0,16.0,82496.0
87.6,60,100,90,0.0,63.481,50.676,0.053503,100,1.1,0,0.00090026,13.215,12.883,81130,89924.0,6.5094,298.03,100.74,2.0497,10.0,,23,,1.7882,0.1843,,,1.5678,0,,0,0,1,16,16,0,16.0,83356.0
87.8,60,100,90,0.0,60.257,46.028,0.0053503,100,1.1,0,0.00089379,13.215,12.924,81175,89978.0,6.509,298.01,95.124,2.0523,10.0,,23,,1.7805,0.18437,,,1.5698,0,,0,0,1,16,16,0,16.0,83882.0
88.0,60,100,90,0.0,57.187,42.16,0.00053503,100,1.1,0,0.00087524,13.218,12.964,81219,90031.0,6.5076,298.0,90.29,2.0549,10.0,,23,,1.7748,0.18442,,,1.5718,0,,0,0,1,16,16,0,16.0,84242.0
88.2,60,100,90,0.0,54.66,38.416,0.0001,100,1.1,0,0.00091546,13.122,13.005,81263,90084.0,6.5034,298.0,88.599,2.0575,10.0,,23,,1.8025,0.18415,,,1.5738,0,,0,0,1,16,16,0,16.0,82771.0
88.4,60,100,90,0.0,53.81,37.001,0.0001,100,1.1,0,0.00093262,13.087,13.047,81306,90137.0,6.4978,297.99,87.756,2.0602,10.0,,23,,1.814,0.18403,,,1.5759,0,,0,0,1,16,16,0,16.0,83136.0
88.6,60,100,90,0.0,55.208,36.12,0.0001,100,1.1,0,0.00094089,13.059,13.088,81350,90191.0,6.4928,297.99,87.659,2.0629,10.0,,23,,1.8226,0.18395,,,1.578,0,,0,0,1,16,16,0,16.0,83669.0
88.8,60,100,90,0.0,58.605,35.808,0.0001,100,1.1,0,0.00096756,13.015,13.131,81394,90245.0,6.4896,297.99,88.016,2.0657,10.0,,23,,1.8313,0.18386,,,1.5801,0,,0,0,1,16,16,0,16.0,84038.0
89.0,60,100,90,0.0,63.293,35.879,0.0001,100,1.1,0,0.00097406,13.002,13.173,81439,90300.0,6.489,298.0,88.51,2.0685,10.0,,23,,1.8333,0.18383,,,1.5823,0,,0,0,1,16,16,0,16.0,84907.0
89.2,60,100,90,0.0,68.189,36.097,0.0001,100,1.1,0,0.0009749,13.002,13.215,81485,90356.0,6.4942,298.0,89.349,2.0713,10.0,,23,,1.8282,0.18388,,,1.5844,0,,0,0,1,16,16,0,16.0,85441.0
89.4,60,100,90,0.0,71.006,36.668,0.0001,100,1.1,0,0.00098181,13.006,13.257,81532,90413.0,6.4984,298.0,90.241,2.0742,10.0,,23,,1.8138,0.18401,,,1.5866,0,,0,0,1,16,16,0,16.0,85642.0
89.6,60,100,90,0.0,72.151,37.361,0.0001,100,1.1,0,0.0010011,12.969,13.299,81579,90470.0,6.5051,298.0,91.801,2.077,10.0,,23,,1.8181,0.18396,,,1.5888,0,,0,0,1,16,16,0,16.0,85510.0
89.8,60,100,90,0.0,70.624,38.734,0.0001,100,1.1,0,0.0010071,12.941,13.342,81626,90526.0,6.5123,298.01,94.155,2.0799,10.0,,23,,1.8265,0.18388,,,1.5911,0,,0,0,1,16,16,0,16.0,84714.0
90.0,60,100,90,0.0,66.205,40.951,0.0001,100,1.1,0,0.001004,12.915,13.384,81672,90582.0,6.5169,298.02,96.388,2.0828,10.0,,23,,1.8323,0.18382,,,1.5933,0,,0,0,1,16,16,0,16.0,85752.0
90.2,75,100,90,0.0,59.981,43.273,0.0001,100,1.1,0,0.0010262,13.359,13.428,81716,90637.0,6.5164,298.02,99.153,1.7001,10.0,,23,,1.7695,0.1885,,,1.6237,0,,0,0,1,16,16,0,16.0,85460.0
90.4,75,100,90,0.0,53.975,46.285,0.0001,100,1.1,0,0.0010012,13.346,13.471,81760,90690.0,6.5117,298.03,100.34,1.6794,10.0,,23,,1.7164,0.18895,,,1.6038,0,,0,0,1,16,16,0,16.0,86501.0
90.6,75,100,90,0.0,49.821,48.152,0.0001,100,1.1,0,0.0010079,13.306,13.515,81802,90743.0,6.5043,298.03,100.58,1.6802,10.0,,23,,1.7236,0.18889,,,1.6046,0,,0,0,1,16,16,0,16.0,87043.0
90.8,75,100,90,0.0,48.635,49.314,0.0001,100,1.1,0,0.0010107,13.286,13.558,81844,90795.0,6.4956,298.03,100.8,1.6824,10.0,,23,,1.7283,0.18885,,,1.6067,0,,0,0,1,16,16,0,16.0,86585.0
91.0,75,100,90,0.0,50.92,50.508,0.0001,100,1.1,0,0.00097051,13.341,13.601,81887,90848.0,6.4933,298.02,99.646,1.6847,10.0,,23,,1.7042,0.18903,,,1.6089,0,,0,0,1,16,16,0,16.0,86455.0
91.2,75,100,90,0.0,54.086,50.501,0.0001,100,1.1,0,0.00097507,13.328,13.643,81930,90901.0,6.4943,298.02,97.547,1.6869,10.0,,23,,1.703,0.18903,,,1.6111,0,,0,0,1,16,16,0,16.0,87325.0
91.4,75,100,90,0.0,56.881,49.571,0.0001,100,1.1,0,0.00099684,13.289,13.686,81974,90955.0,6.4968,298.01,95.485,1.6892,10.0,,23,,1.7172,0.18892,,,1.6133,0,,0,0,1,16,16,0,16.0,87362.0
91.6,75,100,90,0.0,58.677,48.491,0.0001,100,1.1,0,0.00096493,13.336,13.728,82019,91009.0,6.5012,298.01,92.156,1.6914,10.0,,23,,1.7006,0.18904,,,1.6154,0,,0,0,1,16,16,0,16.0,86895.0
91.8,75,100,90,0.0,58.71,46.09,0.0001,100,1.1,0,0.00095906,13.317,13.769,82063,91063.0,6.5058,298.0,89.322,1.6937,10.0,,23,,1.7128,0.18895,,,1.6175,0,,0,0,1,16,16,0,16.0,87426.0
92.0,75,100,90,0.0,56.903,43.832,0.0001,100,1.1,0,0.00092738,13.338,13.81,82107,91117.0,6.5101,297.99,86.463,1.6958,10.0,,23,,1.7149,0.18893,,,1.6196,0,,0,0,1,16,16,0,16.0,88453.0
92.2,75,100,90,0.0,53.377,41.272,0.0001,100,1.1,0,0.00091092,13.321,13.85,82150,91170.0,6.5123,297.99,84.629,1.6979,10.0,,23,,1.7269,0.18883,,,1.6216,0,,0,0,1,16,16,0,16.0,88479.0
92.4,75,100,90,0.0,48.974,39.345,0.0001,100,1.1,0,0.0008927,13.315,13.89,82192,91222.0,6.5091,297.98,82.839,1.7,10.0,,23,,1.7277,0.18882,,,1.6237,0,,0,0,1,16,16,0,16.0,88505.0
92.6,75,100,90,0.0,45.861,37.262,0.0001,100,1.1,0,0.00087906,13.308,13.93,82234,91273.0,6.5063,297.98,81.046,1.7021,10.0,,23,,1.7307,0.18879,,,1.6256,0,,0,0,1,16,16,0,16.0,88696.0
92.8,75,100,90,0.0,43.878,35.004,0.0001,100,1.1,0,0.00087835,13.303,13.97,82275,91324.0,6.5011,297.97,80.054,1.7041,10.0,,23,,1.7223,0.18885,,,1.6276,0,,0,0,1,16,16,0,16.0,87721.0
93.0,75,100,90,0.0,43.963,33.282,0.0001,100,1.1,0,0.0008916,13.254,14.011,82317,91375.0,6.4967,297.98,80.749,1.7062,10.0,,23,,1.7425,0.1887,,,1.6296,0,,0,0,1,16,16,0,16.0,88246.0
93.2,75,100,90,0.0,45.784,32.94,0.0001,100,1.1,0,0.00090526,13.206,14.051,82358,91427.0,6.4942,297.98,81.838,1.7083,10.0,,23,,1.7688,0.18849,,,1.6316,0,,0,0,1,16,16,0,16.0,88939.0
93.4,75,100,90,0.0,48.635,32.978,0.0001,100,1.1,0,0.00089504,13.235,14.091,82401,91479.0,6.4933,297.98,82.119,1.7104,10.0,,23,,1.7539,0.1886,,,1.6336,0,,0,0,1,16,16,0,16.0,88796.0
93.6,75,100,90,0.0,51.82,32.401,0.0001,100,1.1,0,0.00088871,13.235,14.131,82443,91531.0,6.4959,297.98,81.748,1.7124,10.0,,23,,1.7565,0.18858,,,1.6356,0,,0,0,1,16,16,0,16.0,89819.0
93.8,75,100,90,0.0,53.973,31.292,0.0001,100,1.1,0,0.00088238,13.241,14.17,82487,91584.0,6.4997,297.98,81.537,1.7145,10.0,,23,,1.7541,0.18859,,,1.6375,0,,0,0,1,16,16,0,16.0,88841.0
94.0,75,100,90,0.0,54.614,30.3,0.0001,100,1.1,0,0.00087065,13.25,14.209,82530,91637.0,6.5048,297.98,81.218,1.7165,10.0,,23,,1.7481,0.18863,,,1.6395,0,,0,0,1,16,16,0,16.0,88528.0
94.2,75,100,90,0.0,53.213,29.19,0.0001,100,1.1,0,0.00089949,13.173,14.249,82573,91690.0,6.5063,297.98,82.949,1.7185,10.0,,23,,1.7745,0.18843,,,1.6414,0,,0,0,1,16,16,0,16.0,89885.0
94.4,75,100,90,0.0,51.232,29.856,0.0001,100,1.1,0,0.00088097,13.173,14.289,82616,91742.0,6.5045,297.98,83.581,1.7206,10.0,,23,,1.7807,0.18838,,,1.6434,0,,0,0,1,16,16,0,16.0,89574.0
94.6,75,100,90,0.0,49.943,29.68,0.0001,100,1.1,0,0.00086291,13.168,14.328,82659,91795.0,6.5024,297.98,82.999,1.7226,10.0,,23,,1.7925,0.18829,,,1.6453,0,,0,0,1,16,16,0,16.0,90429.0
94.8,75,100,90,0.0,49.51,28.519,0.0001,100,1.1,0,0.00084597,13.183,14.367,82701,91846.0,6.4987,297.98,82.138,1.7245,10.0,,23,,1.7884,0.18831,,,1.6472,0,,0,0,1,16,16,0,16.0,90445.0
95.0,75,100,90,0.0,50.546,27.081,0.0001,100,1.1,0,0.00085243,13.165,14.405,82744,91899.0,6.4959,297.98,81.518,1.7265,10.0,,23,,1.7936,0.18827,,,1.6491,0,,0,0,1,16,16,0,16.0,89962.0
95.2,75,100,90,0.0,52.687,25.778,0.0001,100,1.1,0,0.00083469,13.169,14.443,82787,91951.0,6.4955,297.97,80.292,1.7284,10.0,,23,,1.8037,0.18819,,,1.6509,0,,0,0,1,16,16,0,16.0,90810.0
95.4,75,100,90,0.0,54.986,23.879,0.0001,100,1.1,0,0.00083234,13.176,14.481,82830,92004.0,6.4975,297.97,78.676,1.7303,10.0,,23,,1.799,0.18822,,,1.6528,0,,0,0,1,16,16,0,16.0,89989.0
95.6,75,100,90,0.0,56.507,21.535,0.0001,100,1.1,0,0.00080775,13.209,14.517,82874,92057.0,6.5004,297.96,75.923,1.7322,10.0,,23,,1.7873,0.18831,,,1.6546,0,,0,0,1,16,16,0,16.0,90496.0
95.8,75,100,90,0.0,56.88,18.048,0.0001,100,1.1,0,0.00083104,13.151,14.554,82918,92111.0,6.5047,297.96,75.944,1.7341,10.0,,23,,1.7986,0.18822,,,1.6564,0,,0,0,1,16,16,0,16.0,91674.0
96.0,75,100,90,0.0,55.517,16.752,0.0001,100,1.1,0,0.00083253,13.146,14.592,82961,92164.0,6.507,297.96,76.35,1.736,10.0,751.91,23,1620.1,1.7962,0.18823,14.443,22.472,1.6582,0,36.517,0,0,1,16,16,0,16.0,91185.0
96.2,75,100,90,0.0,53.246,15.741,0.0001,100,1.1,0,0.00084973,13.095,14.63,83004,92216.0,6.5068,297.97,77.959,1.738,10.0,,23,,1.8104,0.18812,,,1.6601,0,,0,0,1,16,16,0,16.0,91199.0
96.4,75,100,90,0.0,51.034,15.814,0.0001,100,1.1,0,0.00085783,13.051,14.668,83047,92269.0,6.505,297.97,80.213,1.7399,10.0,,23,,1.8284,0.18798,,,1.662,0,,0,0,1,16,16,0,16.0,91215.0
96.6,75,100,90,0.0,49.558,16.58,0.0001,100,1.1,0,0.00084842,13.045,14.706,83089,92321.0,6.501,297.98,81.675,1.7419,10.0,,23,,1.8381,0.1879,,,1.6638,0,,0,0,1,16,16,0,16.0,92896.0
96.8,75,100,90,0.0,49.703,16.855,0.0001,100,1.1,0,0.00084935,13.026,14.744,83132,92372.0,6.4953,297.98,82.997,1.7438,10.0,,23,,1.8473,0.18783,,,1.6657,0,,0,0,1,16,16,0,16.0,91411.0
97.0,75,100,90,0.0,52.1,17.16,0.0001,100,1.1,0,0.00084249,13.034,14.782,83175,92425.0,6.4924,297.98,83.475,1.7457,10.0,,23,,1.8471,0.18783,,,1.6676,0,,0,0,1,16,16,0,16.0,91757.0
97.2,75,100,90,0.0,55.654,16.857,0.0001,100,1.1,0,0.00081516,13.064,14.819,83218,92478.0,6.4929,297.98,83.103,1.7476,10.0,,23,,1.8404,0.18787,,,1.6694,0,,0,0,1,16,16,0,16.0,92769.0
97.4,75,100,90,0.0,58.998,15.873,0.0001,100,1.1,0,0.00081799,13.062,14.856,83262,92532.0,6.4937,297.98,82.819,1.7495,10.0,,23,,1.8321,0.18793,,,1.6711,0,,0,0,1,16,16,0,16.0,92447.0
97.6,75,100,90,0.0,62.041,14.947,0.0001,100,1.1,0,0.00078476,13.129,14.892,83307,92586.0,6.4964,297.98,80.67,1.7513,10.0,,23,,1.8023,0.18816,,,1.6729,0,,0,0,1,16,16,0,16.0,92285.0
97.8,75,100,90,0.0,64.002,12.368,0.0001,100,1.1,0,0.00078359,13.127,14.928,83352,92640.0,6.5005,297.97,78.919,1.7531,10.0,,23,,1.8008,0.18817,,,1.6746,0,,0,0,1,16,16,0,16.0,93121.0
98.0,75,100,90,0.0,64.32,9.9678,0.0001,100,1.1,0,0.00078282,13.1,14.964,83398,92695.0,6.5027,297.97,78.426,1.7549,10.0,,23,,1.81,0.18809,,,1.6763,0,,0,0,1,16,16,0,16.0,92958.0
98.2,75,100,90,0.0,63.766,8.4905,0.0001,100,1.1,0,0.00078994,13.077,15.0,83443,92750.0,6.5075,297.97,78.525,1.7567,10.0,,23,,1.8181,0.18803,,,1.678,0,,0,0,1,16,16,0,16.0,93129.0
98.4,75,100,90,0.0,61.284,7.4577,0.0001,100,1.1,0,0.00078376,13.049,15.036,83488,92804.0,6.5124,297.97,78.873,1.7584,10.0,,23,,1.8393,0.18786,,,1.6798,0,,0,0,1,16,16,0,16.0,93301.0
98.6,75,100,90,0.0,56.827,6.6396,0.0001,100,1.1,0,0.00079977,13.001,15.073,83531,92857.0,6.5103,297.98,80.685,1.7603,10.0,,23,,1.847,0.1878,,,1.6815,0,,0,0,1,16,16,0,16.0,93811.0
98.8,75,100,90,0.0,53.253,7.1214,0.0001,100,1.1,0,0.00080196,12.963,15.11,83574,92909.0,6.505,297.98,82.877,1.7621,10.0,,23,,1.8645,0.18766,,,1.6832,0,,0,0,1,16,16,0,16.0,93821.0
99.0,75,100,90,0.0,51.797,8.075,0.0001,100,1.1,0,0.00083986,12.87,15.149,83617,92962.0,6.4958,297.99,86.976,1.764,10.0,,23,,1.8948,0.18743,,,1.685,0,,0,0,1,16,16,0,16.0,94173.0
99.2,75,100,90,0.0,54.028,10.883,0.0001,100,1.1,0,0.0008129,12.92,15.186,83660,93015.0,6.4883,298.0,88.834,1.7658,10.0,,23,,1.8751,0.18758,,,1.6868,0,,0,0,1,16,16,0,16.0,94019.0
99.4,75,100,90,0.0,59.236,12.095,0.0001,100,1.1,0,0.00079488,12.946,15.224,83705,93068.0,6.4856,298.0,88.86,1.7677,10.0,,23,,1.8669,0.18764,,,1.6886,0,,0,0,1,16,16,0,16.0,94863.0
99.6,75,100,90,0.0,65.482,11.936,0.0001,100,1.1,0,0.00080848,12.941,15.26,83750,93124.0,6.4865,298.0,89.284,1.7695,10.0,,23,,1.8547,0.18772,,,1.6904,0,,0,0,1,16,16,0,16.0,94372.0
99.8,75,100,90,0.0,71.393,12.16,0.0001,100,1.1,0,0.00081253,12.934,15.298,83797,93180.0,6.4897,298.0,89.674,1.7714,10.0,,23,,1.854,0.18773,,,1.6922,0,,0,0,1,16,16,0,16.0,94716.0
100.0,75,100,90,0.0,76.023,12.385,0.0001,100,1.1,0,0.00082148,12.916,15.335,83844,93237.0,6.4961,298.0,90.187,1.7733,10.0,,23,,1.8589,0.18768,,,1.694,0,,0,0,1,16,16,0,16.0,95394.0
100.2,75,100,90,0.0,78.107,12.754,0.0001,100,1.0,-4000,0.00081208,12.099,15.372,83190,92495.0,6.5291,298.0,89.954,1.7655,10.0,,23,,1.8354,0.18788,,,1.6865,0,,0,0,1,16,16,0,16.0,95402.0
100.4,75,100,90,0.0,66.919,12.523,0.0001,100,1.0,-4000,0.00081586,12.058,15.409,82532,91750.0,6.5569,298.0,90.32,1.753,10.0,,23,,1.8296,0.18795,,,1.6746,0,,0,0,1,16,16,0,16.0,95078.0
100.6,75,100,90,0.51796,33.46,12.808,0.0001,100,1.0,-4000,0.00079618,11.991,15.446,81869,90999.0,6.5577,298.0,91.827,1.7402,10.0,,23,,1.8253,0.188,,,1.6622,0,,0,0,1,16,16,0,16.0,94925.0
100.8,75,100,90,1.0392,16.73,14.124,0.0001,100,1.0,-4000,0.00083117,11.862,15.486,81202,90245.0,6.5401,298.01,95.918,1.7274,10.0,,23,,1.8437,0.18789,,,1.6499,0,,0,0,1,16,16,0,16.0,95279.0
101.0,75,100,90,0.0,1.2707,17.873,0.0001,100,1.0,-4000,0.00085644,11.741,15.526,80532,89487.0,6.5095,298.03,101.41,1.7146,10.0,,23,,1.8697,0.18772,,,1.6376,0,,0,0,1,16,16,0,16.0,95138.0
101.2,75,100,90,0.0,0.0,23.253,0.0001,100,1.0,-4000,0.0008746,11.701,15.567,79862,88729.0,6.4796,298.04,106.22,1.7018,10.0,,23,,1.8565,0.18784,,,1.6254,0,,0,0,1,16,16,0,16.0,96000.0
101.4,75,100,90,0.0,8.6655,28.566,0.0001,100,1.0,-4000,0.00091317,11.659,15.608,79194,87974.0,6.4582,298.05,109.9,1.6891,10.0,,23,,1.8471,0.18794,,,1.6131,0,,0,0,1,16,16,0,16.0,95699.0
101.6,75,100,90,0.0,25.9,33.367,0.0001,100,1.0,-4000,0.0009329,11.686,15.65,78530,87221.0,6.4507,298.05,111.12,1.6763,10.0,,23,,1.8086,0.18825,,,1.6009,0,,0,0,1,16,16,0,16.0,95896.0
101.8,75,100,90,0.0,46.084,36.325,0.0001,100,1.0,-4000,0.00094245,11.732,15.69,77869,86473.0,6.4585,298.05,110.24,1.6636,10.0,,23,,1.7666,0.1886,,,1.5887,0,,0,0,1,16,16,0,16.0,96090.0
102.0,75,100,90,0.0,63.174,37.51,0.0001,100,1.0,-4000,0.00092517,11.809,15.73,77212,85728.0,6.479,298.04,105.98,1.6509,10.0,,23,,1.7227,0.18895,,,1.5765,0,,0,0,1,16,16,0,16.0,97778.0
102.2,75,100,90,0.0,72.059,35.49,0.0001,100,1.0,0,0.00091124,11.853,15.768,77259,85785.0,6.4815,298.03,101.71,1.6481,10.0,,23,,1.6964,0.18916,,,1.5738,0,,0,0,1,16,16,0,16.0,95963.0
102.4,75,100,90,0.0,80.053,33.07,0.0001,100,1.0,0,0.00086819,11.927,15.806,77308,85844.0,6.4881,298.01,95.738,1.6497,10.0,,23,,1.679,0.18929,,,1.5753,0,,0,0,1,16,16,0,16.0,96476.0
102.6,75,100,90,0.0,85.322,28.631,0.0001,100,1.0,0,0.00089836,11.895,15.844,77358,85903.0,6.4973,298.0,91.489,1.6515,10.0,,23,,1.6739,0.18932,,,1.5771,0,,0,0,1,16,16,0,16.0,97659.0
102.8,75,100,90,0.0,86.923,25.233,0.0001,100,1.0,0,0.00091005,11.864,15.883,77409,85963.0,6.5074,297.99,88.455,1.6534,10.0,,23,,1.6903,0.18919,,,1.5789,0,,0,0,1,16,16,0,16.0,98176.0
103.0,75,100,90,0.0,84.495,22.509,0.0001,100,1.0,0,0.00088094,11.911,15.921,77459,86022.0,6.5148,297.98,85.139,1.6553,10.0,,23,,1.6656,0.18938,,,1.5807,0,,0,0,1,16,16,0,16.0,97023.0
103.2,75,100,90,0.0,79.112,19.188,0.0001,100,1.0,0,0.00087041,11.912,15.959,77507,86080.0,6.5205,297.98,83.03,1.6571,10.0,,23,,1.6529,0.18947,,,1.5824,0,,0,0,1,16,16,0,16.0,97370.0
103.4,75,100,90,0.0,71.425,16.667,0.0001,100,1.0,0,0.00087072,11.882,15.997,77555,86137.0,6.5237,297.98,82.064,1.6589,10.0,,23,,1.6512,0.18948,,,1.5842,0,,0,0,1,16,16,0,16.0,99053.0
103.6,75,100,90,0.0,62.488,14.977,0.0001,100,1.0,0,0.00087163,11.841,16.036,77600,86192.0,6.5211,297.98,82.445,1.6607,10.0,,23,,1.6588,0.18942,,,1.5859,0,,0,0,1,16,16,0,16.0,98739.0
103.8,75,100,90,0.0,54.597,14.424,0.0001,100,1.0,0,0.00086843,11.793,16.075,77644,86245.0,6.5109,297.98,83.724,1.6625,10.0,,23,,1.6766,0.18928,,,1.5876,0,,0,0,1,16,16,0,16.0,97761.0
104.0,75,100,90,0.0,50.782,14.72,0.0001,100,1.0,0,0.00089284,11.736,16.115,77687,86298.0,6.4985,297.99,86.107,1.6643,10.0,,23,,1.6877,0.18919,,,1.5894,0,,0,0,1,16,16,0,16.0,97785.0
104.2,75,100,90,0.0,51.894,16.157,0.0001,100,1.0,0,0.0008878,11.727,16.155,77730,86351.0,6.4877,297.99,87.764,1.6662,10.0,,23,,1.6966,0.18912,,,1.5912,0,,0,0,1,16,16,0,16.0,97973.0
104.4,75,100,90,0.0,57.32,17.135,0.0001,100,1.0,0,0.00090948,11.685,16.195,77775,86405.0,6.4795,298.0,89.516,1.668,10.0,,23,,1.7205,0.18894,,,1.593,0,,0,0,1,16,16,0,16.0,99998.0
104.6,75,100,90,0.0,66.035,18.383,0.0001,100,1.0,0,0.00089838,11.734,16.234,77821,86461.0,6.4798,298.0,89.846,1.6699,10.0,,23,,1.6962,0.18912,,,1.5947,0,,0,0,1,16,16,0,16.0,98853.0
104.8,75,100,90,0.0,74.592,18.481,0.0001,100,1.0,0,0.00091481,11.722,16.273,77869,86518.0,6.4847,298.0,90.193,1.6718,10.0,,23,,1.7001,0.18908,,,1.5966,0,,0,0,1,16,16,0,16.0,99873.0
105.0,75,100,90,0.0,81.224,18.657,0.0001,100,1.0,0,0.00092902,11.722,16.313,77918,86577.0,6.4921,298.0,90.642,1.6737,10.0,,23,,1.6872,0.18918,,,1.5984,0,,0,0,1,16,16,0,16.0,99395.0
105.2,75,100,90,0.0,84.899,18.963,0.0001,100,1.0,0,0.00094311,11.688,16.353,77968,86637.0,6.5005,298.0,91.193,1.6756,10.0,,23,,1.7014,0.18907,,,1.6002,0,,0,0,1,16,16,0,16.0,99752.0
105.4,75,100,90,0.0,85.218,19.407,0.0001,100,1.0,0,0.00092404,11.694,16.393,78018,86696.0,6.5096,298.0,90.824,1.6776,10.0,,23,,1.7065,0.18902,,,1.6021,0,,0,0,1,16,16,0,16.0,99275.0
105.6,75,100,90,0.0,81.912,19.049,0.0001,100,1.0,0,0.00091076,11.699,16.432,78067,86755.0,6.5144,298.0,90.212,1.6795,10.0,,23,,1.707,0.18902,,,1.6039,0,,0,0,1,16,16,0,16.0,101130.0
105.8,75,100,90,0.0,76.702,18.448,0.0001,100,1.0,0,0.00089417,11.694,16.471,78115,86813.0,6.5137,297.99,89.315,1.6813,10.0,,23,,1.7152,0.18895,,,1.6057,0,,0,0,1,16,16,0,16.0,101320.0
106.0,75,100,90,0.0,71.748,17.526,0.0001,100,1.0,0,0.00089935,11.673,16.51,78162,86870.0,6.5126,298.0,89.38,1.6831,10.0,,23,,1.7061,0.18902,,,1.6074,0,,0,0,1,16,16,0,16.0,100000.0
106.2,75,100,90,0.0,67.211,17.411,0.0001,100,1.0,0,0.00089428,11.655,16.55,78209,86926.0,6.5088,298.0,89.901,1.685,10.0,,23,,1.7033,0.18903,,,1.6092,0,,0,0,1,16,16,0,16.0,100360.0
106.4,75,100,90,0.0,64.208,17.705,0.0001,100,1.0,0,0.00089919,11.621,16.589,78255,86982.0,6.505,298.0,90.361,1.6868,10.0,,23,,1.7183,0.18892,,,1.611,0,,0,0,1,16,16,0,16.0,101050.0
106.6,75,100,90,0.0,62.71,17.987,0.0001,100,1.0,0,0.00088244,11.64,16.627,78300,87037.0,6.5029,298.0,89.748,1.6887,10.0,,23,,1.7116,0.18896,,,1.6128,0,,0,0,1,16,16,0,16.0,101730.0
106.8,75,100,90,0.0,62.053,17.323,0.0001,100,1.0,0,0.00086866,11.646,16.665,78345,87092.0,6.5014,297.99,88.547,1.6905,10.0,,23,,1.7089,0.18898,,,1.6145,0,,0,0,1,16,16,0,16.0,101740.0
107.0,75,100,90,0.0,62.01,16.076,0.0001,100,1.0,0,0.00084498,11.669,16.702,78391,87146.0,6.5015,297.99,86.221,1.6922,10.0,,23,,1.7093,0.18898,,,1.6162,0,,0,0,1,16,16,0,16.0,102090.0
107.2,75,100,90,0.0,61.908,13.68,0.0001,100,1.0,0,0.00086223,11.635,16.74,78436,87201.0,6.5047,297.98,85.471,1.694,10.0,,23,,1.7152,0.18893,,,1.6179,0,,0,0,1,16,16,0,16.0,100600.0
107.4,75,100,90,0.0,60.541,12.531,0.0001,100,1.0,0,0.00085959,11.608,16.777,78481,87256.0,6.5074,297.98,85.418,1.6958,10.0,,23,,1.7287,0.18882,,,1.6196,0,,0,0,1,16,16,0,16.0,101440.0
107.6,75,100,90,0.0,58.083,11.919,0.0001,100,1.0,0,0.00088334,11.526,16.816,78525,87310.0,6.5054,297.99,87.412,1.6976,10.0,,23,,1.7581,0.1886,,,1.6213,0,,0,0,1,16,16,0,16.0,101630.0
107.8,75,100,90,0.0,56.457,13.174,0.0001,100,1.0,0,0.00090611,11.469,16.855,78569,87364.0,6.5032,298.0,90.444,1.6995,10.0,,23,,1.7768,0.18845,,,1.6231,0,,0,0,1,16,16,0,16.0,101150.0
108.0,75,100,90,0.0,55.681,15.544,0.0001,100,1.0,0,0.00091015,11.447,16.894,78613,87417.0,6.4992,298.01,93.595,1.7014,10.0,751.75,23,1635.8,1.7782,0.18844,16.74,23.333,1.6249,0,45.395,0,0,1,16,16,0,16.0,103000.0
108.2,75,100,90,0.0,56.538,18.304,0.0001,100,1.0,0,0.00092068,11.416,16.934,78658,87471.0,6.4975,298.01,96.555,1.7033,10.0,,23,,1.7872,0.18836,,,1.6268,0,,0,0,1,16,16,0,16.0,102860.0
108.4,75,100,90,0.0,58.064,21.201,0.0001,100,1.0,0,0.00093501,11.392,16.974,78702,87526.0,6.4975,298.02,99.339,1.7052,10.0,,23,,1.7932,0.18831,,,1.6286,0,,0,0,1,16,16,0,16.0,102720.0
108.6,75,100,90,0.0,59.594,24.233,0.0001,100,1.0,0,0.00095298,11.35,17.014,78747,87581.0,6.4973,298.03,102.22,1.7072,10.0,,23,,1.809,0.18819,,,1.6305,0,,0,0,1,16,16,0,16.0,102240.0
108.8,75,100,90,0.0,61.184,27.638,0.0001,100,1.0,0,0.00094445,11.37,17.054,78792,87636.0,6.4995,298.03,104.14,1.7091,10.0,,23,,1.7979,0.18827,,,1.6324,0,,0,0,1,16,16,0,16.0,102930.0
109.0,75,100,90,0.0,61.909,30.441,0.0001,100,1.0,0,0.00095504,11.339,17.094,78837,87691.0,6.501,298.04,105.46,1.7111,10.0,,23,,1.8071,0.1882,,,1.6343,0,,0,0,1,16,16,0,16.0,102460.0
109.2,75,100,90,0.0,62.044,32.9,0.0001,100,1.0,0,0.00097742,11.279,17.134,78882,87746.0,6.5012,298.04,107.36,1.7131,10.0,,23,,1.8342,0.18799,,,1.6362,0,,0,0,1,16,16,0,16.0,103820.0
109.4,75,100,90,0.0,62.071,36.036,0.0001,100,1.0,0,0.00099319,11.234,17.175,78927,87802.0,6.5011,298.05,109.57,1.7151,10.0,,23,,1.8525,0.18785,,,1.6382,0,,0,0,1,16,16,0,16.0,103680.0
109.6,75,100,90,0.0,62.166,39.634,0.0001,100,1.0,0,0.00098328,11.24,17.216,78973,87857.0,6.5007,298.05,110.08,1.7172,10.0,,23,,1.8578,0.1878,,,1.6401,0,,0,0,1,16,16,0,16.0,103540.0
109.8,75,100,90,0.0,62.397,41.887,0.0001,100,1.0,0,0.00098239,11.241,17.256,79018,87913.0,6.4971,298.05,110.65,1.7192,10.0,,23,,1.8517,0.18784,,,1.642,0,,0,0,1,16,16,0,16.0,103060.0
110.0,75,100,90,0.0,64.093,44.28,0.0001,100,1.0,0,0.00099071,11.22,17.296,79063,87968.0,6.4942,298.05,111.28,1.7212,10.0,,23,,1.8551,0.18781,,,1.644,0,,0,0,1,16,16,0,16.0,103590.0
110.2,75,100,90,0.0,66.92,46.786,0.0001,100,1.0,0,0.0010087,11.194,17.336,79110,88025.0,6.4934,298.05,111.9,1.7233,10.0,,23,,1.8594,0.18778,,,1.646,0,,0,0,1,16,16,0,16.0,103940.0
110.4,75,100,90,0.0,70.088,49.338,0.0001,100,1.0,0,0.0010288,11.162,17.376,79156,88082.0,6.4946,298.06,112.09,1.7253,10.0,,23,,1.8628,0.18775,,,1.648,0,,0,0,1,16,16,0,16.0,104140.0
110.6,75,100,90,0.0,72.764,51.566,0.0001,100,1.0,0,0.0010331,11.157,17.416,79204,88140.0,6.4977,298.06,112.83,1.7275,10.0,,23,,1.8591,0.18777,,,1.65,0,,0,0,1,16,16,0,16.0,104660.0
110.8,75,100,90,0.0,74.19,54.319,0.0001,100,1.0,0,0.0010365,11.144,17.456,79251,88198.0,6.5011,298.06,113.95,1.7296,10.0,,23,,1.8632,0.18774,,,1.652,0,,0,0,1,16,16,0,16.0,105020.0
111.0,75,100,90,0.0,74.269,57.485,0.0001,100,1.0,0,0.0010207,11.178,17.495,79299,88256.0,6.5052,298.06,113.48,1.7317,10.0,,23,,1.8396,0.18791,,,1.6541,0,,0,0,1,16,16,0,16.0,105370.0
111.2,75,100,90,0.0,72.718,59.293,0.0001,100,1.0,0,0.00099002,11.214,17.534,79346,88313.0,6.508,298.05,111.82,1.7338,10.0,,23,,1.8277,0.188,,,1.656,0,,0,0,1,16,16,0,16.0,106220.0
111.4,75,100,90,0.0,70.022,60.011,0.0001,100,1.0,0,0.00098762,11.201,17.572,79393,88370.0,6.5099,298.05,109.1,1.7358,10.0,,23,,1.8248,0.18802,,,1.658,0,,0,0,1,16,16,0,16.0,105080.0
111.6,75,100,90,0.0,66.583,59.618,0.0001,100,1.0,0,0.00097531,11.192,17.611,79439,88426.0,6.512,298.04,105.88,1.7378,10.0,,23,,1.8326,0.18795,,,1.6599,0,,0,0,1,16,16,0,16.0,105930.0
111.8,75,100,90,0.0,62.291,58.526,0.0001,100,1.0,0,0.0009985,11.12,17.651,79484,88482.0,6.5103,298.04,105.09,1.7398,10.0,,23,,1.8577,0.18776,,,1.6619,0,,0,0,1,16,16,0,16.0,106950.0
112.0,75,100,90,0.0,58.699,59.34,0.0001,100,1.0,0,0.0010163,11.054,17.691,79529,88537.0,6.5065,298.04,104.64,1.7419,10.0,,23,,1.8794,0.18759,,,1.6638,0,,0,0,1,16,16,0,16.0,106310.0
112.2,75,100,90,0.0,56.612,60.337,0.0001,100,1.0,0,0.0010164,11.036,17.731,79573,88591.0,6.5,298.03,104.22,1.744,10.0,,23,,1.875,0.18762,,,1.6658,0,,0,0,1,16,16,0,16.0,106500.0
112.4,75,100,90,0.0,57.135,61.305,0.0001,100,1.0,0,0.0010167,11.013,17.772,79617,88646.0,6.4927,298.03,103.32,1.746,10.0,,23,,1.8823,0.18756,,,1.6678,0,,0,0,1,16,16,0,16.0,106530.0
112.6,75,100,90,0.0,60.582,61.8,0.0001,100,1.0,0,0.00099247,11.064,17.813,79662,88701.0,6.4888,298.02,100.4,1.7481,10.0,,23,,1.8607,0.18772,,,1.6698,0,,0,0,1,16,16,0,16.0,106720.0
112.8,75,100,90,0.0,65.584,60.374,0.0001,100,1.0,0,0.00097484,11.128,17.852,79708,88757.0,6.4876,298.01,96.25,1.7501,10.0,,23,,1.8255,0.18798,,,1.6717,0,,0,0,1,16,16,0,16.0,107250.0
113.0,75,100,90,0.0,71.068,57.596,0.0001,100,1.0,0,0.0009625,11.142,17.892,79755,88815.0,6.4916,298.0,91.696,1.7521,10.0,,23,,1.8238,0.18799,,,1.6736,0,,0,0,1,16,16,0,16.0,107100.0
113.2,75,100,90,0.0,74.938,54.064,0.0001,100,1.0,0,0.00093382,11.191,17.931,79802,88872.0,6.4964,297.99,86.556,1.754,10.0,,23,,1.8119,0.18808,,,1.6755,0,,0,0,1,16,16,0,16.0,107950.0
113.4,75,100,90,0.0,76.896,49.564,0.0001,100,1.0,0,0.00091193,11.228,17.969,79851,88931.0,6.5042,297.97,81.232,1.7559,10.0,,23,,1.7994,0.18817,,,1.6773,0,,0,0,1,16,16,0,16.0,106970.0
113.6,75,100,90,0.0,75.737,44.405,0.0001,100,1.0,0,0.00092303,11.191,18.008,79899,88989.0,6.5112,297.97,77.743,1.7577,10.0,,23,,1.8087,0.1881,,,1.6791,0,,0,0,1,16,16,0,16.0,107150.0
113.8,75,100,90,0.0,71.766,40.389,0.0001,100,1.0,0,0.00089908,11.183,18.046,79946,89046.0,6.5158,297.96,74.999,1.7596,10.0,,23,,1.828,0.18795,,,1.6809,0,,0,0,1,16,16,0,16.0,107670.0
114.0,75,100,90,0.0,65.976,36.671,0.0001,100,1.0,0,0.00091175,11.12,18.085,79992,89102.0,6.5149,297.96,73.893,1.7614,10.0,,23,,1.8514,0.18776,,,1.6826,0,,0,0,1,16,16,0,16.0,107860.0
114.2,75,100,90,0.0,60.556,34.149,0.0001,100,1.0,0,0.00087879,11.141,18.123,80036,89157.0,6.5131,297.95,71.997,1.7632,10.0,,23,,1.8508,0.18777,,,1.6844,0,,0,0,1,16,16,0,16.0,108210.0
114.4,75,100,90,0.0,55.825,30.774,0.0001,100,1.0,0,0.00088153,11.109,18.162,80080,89211.0,6.5066,297.95,71.557,1.765,10.0,,23,,1.8549,0.18773,,,1.6861,0,,0,0,1,16,16,0,16.0,108220.0
114.6,75,100,90,0.0,53.707,9.2322,40.086,100,1.0,0,0.00086377,11.118,18.2,80124,89264.0,6.498,298.05,110.14,1.7668,10.0,,23,,1.8548,0.18773,,,1.6878,0,,0,0,1,16,16,0,16.0,109570.0
114.8,75,100,90,0.0,55.036,42.134,4.0086,100,1.0,0,0.00085695,11.122,18.238,80167,89318.0,6.4931,298.05,110.43,1.7686,10.0,,23,,1.8516,0.18775,,,1.6895,0,,0,0,1,16,16,0,16.0,109250.0
115.0,75,100,90,0.0,58.301,43.507,0.40086,100,1.0,0,0.00085767,11.115,18.276,80212,89372.0,6.4933,298.04,107.13,1.7703,10.0,,23,,1.8546,0.18772,,,1.6911,0,,0,0,1,16,16,0,16.0,107930.0
115.2,75,100,90,0.0,61.5,42.427,0.040086,100,1.0,0,0.00088354,11.07,18.314,80257,89427.0,6.4945,298.03,104.14,1.7721,10.0,,23,,1.8641,0.18765,,,1.6929,0,,0,0,1,16,16,0,16.0,110110.0
115.4,75,100,90,0.0,64.229,41.376,0.0040086,100,1.0,0,0.00086143,11.104,18.352,80302,89483.0,6.4966,298.02,99.844,1.7739,10.0,,23,,1.8512,0.18774,,,1.6946,0,,0,0,1,16,16,0,16.0,109960.0
115.6,75,100,90,0.0,66.124,38.85,0.00040086,100,1.0,0,0.00086263,11.108,18.389,80348,89539.0,6.4977,298.01,94.991,1.7756,10.0,,23,,1.8421,0.18781,,,1.6963,0,,0,0,1,16,16,0,16.0,109640.0
115.8,75,100,90,0.0,67.557,35.43,0.0001,100,1.0,0,0.00086885,11.105,18.427,80394,89595.0,6.5004,298.0,91.756,1.7774,10.0,,23,,1.8264,0.18792,,,1.698,0,,0,0,1,16,16,0,16.0,110160.0
116.0,75,100,90,0.0,67.926,33.005,0.0001,100,1.0,0,0.00085841,11.11,18.465,80441,89652.0,6.504,297.99,88.924,1.7792,10.0,,23,,1.8257,0.18793,,,1.6997,0,,0,0,1,16,16,0,16.0,109170.0
116.2,75,100,90,0.0,66.845,30.595,0.0001,100,1.0,0,0.00083969,11.155,18.502,80487,89708.0,6.5076,297.99,86.434,1.7809,10.0,,23,,1.7941,0.18816,,,1.7013,0,,0,0,1,16,16,0,16.0,110180.0
116.4,75,100,90,0.0,64.341,28.21,0.0001,100,1.0,0,0.0007948,11.222,18.538,80532,89763.0,6.5104,297.98,82.487,1.7826,10.0,,23,,1.7714,0.18833,,,1.7029,0,,0,0,1,16,16,0,16.0,109180.0
116.6,75,100,90,0.0,60.696,24.269,0.0001,100,1.0,0,0.00081352,11.176,18.574,80577,89818.0,6.5119,297.97,79.699,1.7842,10.0,,23,,1.7747,0.1883,,,1.7045,0,,0,0,1,16,16,0,16.0,110520.0
116.8,75,100,90,0.0,56.473,21.012,0.0001,100,1.0,0,0.00083356,11.111,18.611,80621,89872.0,6.5092,297.97,79.038,1.7859,10.0,,23,,1.7968,0.18813,,,1.7061,0,,0,0,1,16,16,0,16.0,110030.0
117.0,75,100,90,0.0,53.345,19.37,0.0001,100,1.0,0,0.00084102,11.096,18.648,80664,89925.0,6.5038,297.97,79.376,1.7876,10.0,,23,,1.7897,0.18818,,,1.7078,0,,0,0,1,16,16,0,16.0,110710.0
117.2,75,100,90,0.0,52.365,18.516,0.0001,100,1.0,0,0.0008354,11.113,18.685,80708,89978.0,6.4993,297.97,79.227,1.7893,10.0,,23,,1.7753,0.18829,,,1.7094,0,,0,0,1,16,16,0,16.0,110550.0
117.4,75,100,90,0.0,53.176,17.24,0.0001,100,1.0,0,0.00081012,11.165,18.721,80751,90031.0,6.4986,297.97,78.045,1.7909,10.0,,23,,1.7522,0.18846,,,1.711,0,,0,0,1,16,16,0,16.0,111050.0
117.6,75,100,90,0.0,54.248,15.035,0.0001,100,1.0,0,0.00080802,11.159,18.756,80794,90085.0,6.4961,297.96,76.793,1.7926,10.0,,23,,1.7542,0.18844,,,1.7125,0,,0,0,1,16,16,0,16.0,111720.0
117.8,75,100,90,0.0,56.334,12.673,0.0001,100,1.0,0,0.0008149,11.134,18.792,80838,90139.0,6.4955,297.96,76.203,1.7942,10.0,,23,,1.7623,0.18838,,,1.7141,0,,0,0,1,16,16,0,16.0,111730.0
118.0,75,100,90,0.0,58.664,10.782,0.0001,100,1.0,0,0.00081569,11.137,18.828,80883,90193.0,6.4974,297.96,75.701,1.7958,10.0,,23,,1.757,0.18842,,,1.7157,0,,0,0,1,16,16,0,16.0,111730.0
118.2,75,100,90,0.0,60.209,8.9006,0.0001,100,1.0,0,0.00082097,11.124,18.863,80927,90248.0,6.5006,297.96,75.408,1.7975,10.0,,23,,1.7624,0.18837,,,1.7172,0,,0,0,1,16,16,0,16.0,111730.0
118.4,75,100,90,0.0,60.479,7.1555,0.0001,100,1.0,0,0.00082992,11.103,18.899,80972,90302.0,6.505,297.96,75.524,1.7991,10.0,,23,,1.7668,0.18833,,,1.7188,0,,0,0,1,16,16,0,16.0,111740.0
118.6,75,100,90,0.0,59.006,5.7427,0.0001,100,1.0,0,0.00081838,11.088,18.935,81017,90357.0,6.5082,297.96,75.272,1.8008,10.0,,23,,1.7915,0.18814,,,1.7204,0,,0,0,1,16,16,0,16.0,111740.0
118.8,75,100,90,0.0,56.243,4.0053,0.0001,100,1.0,0,0.00082778,11.067,18.97,81060,90411.0,6.5083,297.96,75.753,1.8024,10.0,,23,,1.7891,0.18816,,,1.722,0,,0,0,1,16,16,0,16.0,111740.0
119.0,75,100,90,0.0,53.454,2.9034,0.0001,100,1.0,0,0.00081752,11.083,19.006,81104,90464.0,6.5073,297.96,76.177,1.804,10.0,,23,,1.7666,0.18833,,,1.7235,0,,0,0,1,16,16,0,16.0,111910.0
119.2,75,100,90,0.0,51.068,1.7837,0.0001,100,1.0,0,0.00082114,11.062,19.041,81147,90517.0,6.5054,297.96,77.088,1.8056,10.0,,23,,1.7655,0.18833,,,1.7251,0,,0,0,1,16,16,0,16.0,112910.0
119.4,75,100,90,0.0,49.444,1.1386,0.0001,100,1.0,0,0.00082409,11.032,19.077,81189,90569.0,6.5028,297.97,78.439,1.8073,10.0,,23,,1.7761,0.18825,,,1.7267,0,,0,0,1,16,16,0,16.0,112920.0
119.6,75,100,90,0.0,48.864,0.96287,0.0001,100,1.0,0,0.00085879,10.963,19.114,81232,90622.0,6.4991,297.97,81.377,1.809,10.0,,23,,1.7894,0.18814,,,1.7283,0,,0,0,1,16,16,0,16.0,112090.0
119.8,75,100,90,0.0,49.762,2.3198,0.0001,100,1.0,0,0.00085118,10.979,19.15,81274,90675.0,6.4958,297.98,83.711,1.8107,10.0,,23,,1.7784,0.18822,,,1.7299,0,,0,0,1,16,16,0,16.0,112600.0
120.0,75,100,90,0.0,51.98,3.3923,0.0001,100,1.0,0,0.00088832,10.908,19.188,81317,90728.0,6.4935,297.99,87.221,1.8124,10.0,747.36,23,1649.2,1.7996,0.18806,19.041,24.196,1.7316,0,54.085,0,0,1,16,16,0,16.0,113110.0
120.2,75,100,90,0.0,55.091,5.7436,0.0001,100,1.0,0,0.00087146,10.951,19.225,81361,90782.0,6.4952,298.0,89.395,1.8141,10.0,,23,,1.782,0.18819,,,1.7332,0,,0,0,1,16,16,0,16.0,113450.0
120.4,75,100,90,0.0,57.53,7.2249,0.0001,100,1.0,0,0.00086371,10.965,19.261,81405,90836.0,6.4967,298.0,90.921,1.8158,10.0,,23,,1.7735,0.18825,,,1.7349,0,,0,0,1,16,16,0,16.0,113960.0
120.6,75,100,90,0.0,59.381,8.365,0.0001,100,1.0,0,0.00085633,10.979,19.297,81449,90891.0,6.4984,298.0,91.582,1.8175,10.0,,23,,1.771,0.18827,,,1.7365,0,,0,0,1,16,16,0,16.0,113970.0
120.8,75,100,90,0.0,60.531,8.898,0.0001,100,1.0,0,0.00087917,10.94,19.333,81494,90946.0,6.4992,298.0,92.949,1.8192,10.0,,23,,1.7769,0.18822,,,1.7381,0,,0,0,1,16,16,0,16.0,113970.0
121.0,75,100,90,0.0,61.389,10.136,0.0001,100,1.0,0,0.00088641,10.938,19.369,81539,91001.0,6.5013,298.01,94.305,1.821,10.0,,23,,1.7706,0.18826,,,1.7398,0,,0,0,1,16,16,0,16.0,113980.0
121.2,75,100,90,0.0,61.379,11.482,0.0001,100,1.0,0,0.00087392,10.964,19.405,81584,91056.0,6.5039,298.01,95.053,1.8227,10.0,,23,,1.7495,0.18842,,,1.7414,0,,0,0,1,16,16,0,16.0,113980.0
121.4,75,100,90,0.0,60.329,12.419,0.0001,100,1.0,0,0.00087993,10.937,19.441,81628,91111.0,6.5066,298.01,96.091,1.8244,10.0,,23,,1.7557,0.18837,,,1.7431,0,,0,0,1,16,16,0,16.0,114320.0
121.6,75,100,90,0.0,58.197,13.696,0.0001,100,1.0,0,0.00086089,10.966,19.477,81673,91166.0,6.5082,298.01,96.332,1.8261,10.0,,23,,1.7371,0.18851,,,1.7447,0,,0,0,1,16,16,0,16.0,114660.0
121.8,75,100,90,0.0,55.436,14.363,0.0001,100,1.0,0,0.00085598,10.949,19.513,81716,91220.0,6.5067,298.01,96.288,1.8277,10.0,,23,,1.7447,0.18845,,,1.7463,0,,0,0,1,16,16,0,16.0,114330.0
122.0,75,100,90,0.0,53.305,14.816,0.0001,100,1.0,0,0.00085971,10.946,19.548,81759,91273.0,6.5045,298.01,96.141,1.8294,10.0,,23,,1.7378,0.1885,,,1.7479,0,,0,0,1,16,16,0,16.0,115330.0
122.2,75,100,90,0.0,52.045,15.18,0.0001,100,1.0,0,0.00087911,10.906,19.584,81802,91326.0,6.5027,298.01,96.632,1.8311,10.0,,23,,1.7472,0.18842,,,1.7495,0,,0,0,1,16,16,0,16.0,115330.0
122.4,75,100,90,0.0,51.486,16.095,0.0001,100,1.0,0,0.00087164,10.901,19.619,81845,91380.0,6.5004,298.01,96.692,1.8327,10.0,,23,,1.7524,0.18838,,,1.7511,0,,0,0,1,16,16,0,16.0,116330.0
122.6,75,100,90,0.0,51.846,16.664,0.0001,100,1.0,0,0.0008699,10.902,19.655,81888,91433.0,6.4992,298.01,96.693,1.8344,10.0,,23,,1.745,0.18843,,,1.7527,0,,0,0,1,16,16,0,16.0,115010.0
122.8,75,100,90,0.0,52.685,17.195,0.0001,100,1.0,0,0.00085846,10.914,19.691,81931,91486.0,6.5001,298.01,96.142,1.8361,10.0,,23,,1.7384,0.18848,,,1.7543,0,,0,0,1,16,16,0,16.0,115840.0
123.0,75,100,90,0.0,53.161,17.241,0.0001,100,1.0,0,0.00086658,10.882,19.726,81974,91540.0,6.501,298.01,95.373,1.8377,10.0,,23,,1.7562,0.18834,,,1.7559,0,,0,0,1,16,16,0,16.0,115180.0
123.2,75,100,90,0.0,53.275,17.053,0.0001,100,1.0,0,0.00084402,10.903,19.761,82018,91593.0,6.5016,298.01,93.746,1.8393,10.0,,23,,1.7541,0.18835,,,1.7575,0,,0,0,1,16,16,0,16.0,116010.0
123.4,75,100,90,0.0,53.139,16.042,0.0001,100,1.0,0,0.00084775,10.906,19.797,82061,91647.0,6.5029,298.0,92.381,1.841,10.0,,23,,1.7355,0.18849,,,1.759,0,,0,0,1,16,16,0,16.0,117010.0
123.6,75,100,90,0.0,52.513,15.122,0.0001,100,1.0,0,0.000827,10.91,19.832,82104,91700.0,6.5037,298.0,90.457,1.8425,10.0,,23,,1.7418,0.18844,,,1.7605,0,,0,0,1,16,16,0,16.0,116510.0
123.8,75,100,90,0.0,51.549,13.577,0.0001,100,1.0,0,0.00081466,10.909,19.867,82147,91753.0,6.5047,297.99,88.72,1.8441,10.0,,23,,1.7441,0.18842,,,1.762,0,,0,0,1,16,16,0,16.0,115850.0
124.0,75,100,90,0.0,50.176,12.023,0.0001,100,1.0,0,0.00082373,10.863,19.903,82189,91806.0,6.5024,297.99,87.798,1.8457,10.0,,23,,1.7646,0.18826,,,1.7635,0,,0,0,1,16,16,0,16.0,115850.0
124.2,75,100,90,0.0,49.761,11.017,0.0001,100,1.0,0,0.00081989,10.859,19.939,82232,91859.0,6.5,297.99,86.956,1.8472,10.0,,23,,1.7687,0.18823,,,1.765,0,,0,0,1,16,16,0,16.0,116030.0
124.4,75,100,90,0.0,50.293,9.9769,0.0001,100,1.0,0,0.00078895,10.911,19.974,82274,91911.0,6.4998,297.98,84.449,1.8487,10.0,,23,,1.7574,0.18831,,,1.7665,0,,0,0,1,16,16,0,16.0,116690.0
124.6,75,100,90,0.0,50.873,7.3963,0.0001,100,1.0,0,0.00081647,10.847,20.01,82317,91964.0,6.4991,297.98,83.329,1.8503,10.0,,23,,1.7741,0.18818,,,1.768,0,,0,0,1,16,16,0,16.0,116860.0
124.8,75,100,90,0.0,51.766,5.8251,0.0001,100,1.0,0,0.00081981,10.848,20.046,82360,92018.0,6.4989,297.98,82.374,1.8518,10.0,,23,,1.7645,0.18825,,,1.7694,0,,0,0,1,16,16,0,16.0,118200.0
125.0,75,100,90,0.0,52.732,4.2656,0.0001,100,1.0,0,0.00082443,10.844,20.082,82403,92071.0,6.4995,297.98,81.594,1.8534,10.0,,23,,1.7578,0.1883,,,1.7709,0,,0,0,1,16,16,0,16.0,117700.0
125.2,75,100,90,0.0,53.432,2.766,0.0001,100,1.0,0,0.00081328,10.859,20.117,82446,92125.0,6.5042,297.97,80.321,1.8549,10.0,,23,,1.7573,0.1883,,,1.7724,0,,0,0,1,16,16,0,16.0,116710.0
125.4,75,100,90,0.0,52.268,0.75714,0.0001,100,1.0,0,0.00080725,10.862,20.153,82489,92178.0,6.5072,297.97,79.041,1.8564,10.0,,23,,1.7553,0.18831,,,1.7738,0,,0,0,1,16,16,0,16.0,118710.0
125.6,75,100,90,0.0,49.902,0.0001,0.0001,100,1.0,0,0.00080395,10.859,20.188,82531,92231.0,6.5078,297.97,77.883,1.8579,10.0,,23,,1.7483,0.18836,,,1.7753,0,,0,0,1,16,16,0,16.0,118040.0
125.8,75,100,90,0.0,47.313,0.0001,0.0001,100,1.0,0,0.00076879,10.911,20.223,82573,92283.0,6.5083,297.96,75.419,1.8593,10.0,,23,,1.7278,0.18851,,,1.7767,0,,0,0,1,16,16,0,16.0,118710.0
126.0,75,100,90,0.0,44.504,0.0001,0.0001,100,1.0,0,0.00078521,10.883,20.259,82615,92334.0,6.5064,297.96,73.829,1.8607,10.0,,23,,1.7176,0.18859,,,1.778,0,,0,0,1,16,16,0,16.0,117880.0
126.2,75,100,90,0.0,42.484,0.0001,0.0001,100,1.0,0,0.00078734,10.872,20.295,82656,92386.0,6.5027,297.95,72.378,1.8622,10.0,,23,,1.7149,0.18861,,,1.7794,0,,0,0,1,16,16,0,16.0,118220.0
126.4,75,100,90,0.0,41.912,0.0001,0.0001,100,1.0,0,0.00076037,10.919,20.33,82697,92437.0,6.5,297.95,69.763,1.8636,10.0,,23,,1.6961,0.18875,,,1.7807,0,,0,0,1,16,16,0,16.0,117720.0
126.6,75,100,90,0.0,42.449,0.0001,11.904,100,1.0,0,0.00072763,10.976,20.363,82738,92488.0,6.4985,297.96,76.219,1.8649,10.0,,23,,1.6817,0.18885,,,1.782,0,,0,0,1,16,16,0,16.0,118540.0
126.8,75,100,90,0.0,43.581,3.6434,1.1904,100,1.0,0,0.00070824,11.003,20.396,82779,92539.0,6.5007,297.95,71.664,1.8662,10.0,,23,,1.676,0.18889,,,1.7832,0,,0,0,1,16,16,0,16.0,119370.0
127.0,75,100,90,0.0,43.811,0.0001,0.11904,100,1.0,0,0.00067563,11.05,20.428,82820,92590.0,6.5021,297.93,64.897,1.8674,10.0,,23,,1.6673,0.18896,,,1.7844,0,,0,0,1,16,16,0,16.0,120190.0
127.2,75,100,90,0.0,43.503,0.0001,15.54,100,1.0,0,0.00067123,11.065,20.46,82861,92641.0,6.5017,297.95,71.895,1.8686,10.0,,23,,1.6503,0.18908,,,1.7855,0,,0,0,1,16,16,0,16.0,120000.0
127.4,75,100,90,0.0,43.353,3.7244,1.554,100,1.0,0,0.0006719,11.061,20.492,82903,92692.0,6.5015,297.94,65.925,1.8697,10.0,,23,,1.6504,0.18908,,,1.7867,0,,0,0,1,16,16,0,16.0,119820.0
127.6,75,100,90,0.0,43.29,1.1173,25.423,100,1.0,0,0.00066541,11.081,20.523,82944,92742.0,6.5007,297.97,81.163,1.8709,10.0,,23,,1.6376,0.18917,,,1.7878,0,,0,0,1,16,16,0,16.0,118970.0
127.8,75,100,90,0.0,43.551,12.079,2.5423,100,1.0,0,0.00065562,11.091,20.554,82985,92793.0,6.5003,297.96,75.116,1.872,10.0,,23,,1.6346,0.18919,,,1.7889,0,,0,0,1,16,16,0,16.0,119620.0
128.0,75,100,90,0.0,43.937,5.5834,0.25423,100,1.0,0,0.0006485,11.117,20.585,83026,92844.0,6.5002,297.94,66.308,1.8731,10.0,,23,,1.6195,0.18931,,,1.7899,0,,0,0,1,16,16,0,16.0,120430.0
128.2,75,100,90,0.0,44.374,1.675,21.0,100,1.0,0,0.00064631,11.126,20.616,83067,92895.0,6.5012,297.96,76.228,1.8742,10.0,,23,,1.609,0.18938,,,1.791,0,,0,0,1,16,16,0,16.0,119910.0
128.4,75,100,90,0.0,44.393,8.0916,2.1,100,1.0,0,0.00061796,11.173,20.646,83109,92946.0,6.5031,297.94,67.559,1.8753,10.0,,23,,1.5984,0.18946,,,1.792,0,,0,0,1,16,16,0,16.0,119880.0
128.6,75,100,90,0.0,43.679,2.4275,32.809,100,1.0,0,0.00060217,11.215,20.675,83150,92997.0,6.5039,297.99,85.86,1.8763,10.0,,23,,1.5724,0.18966,,,1.793,0,,0,0,1,16,16,0,16.0,119860.0
128.8,75,100,90,0.0,42.662,16.217,3.2809,100,1.0,0,0.00061809,11.193,20.704,83191,93047.0,6.5039,297.97,77.763,1.8773,10.0,,23,,1.5686,0.18968,,,1.7939,0,,0,0,1,16,16,0,16.0,120160.0
129.0,75,100,90,0.0,41.614,8.3417,0.32809,100,1.0,0,0.00060483,11.202,20.733,83232,93097.0,6.5027,297.94,66.501,1.8783,10.0,,23,,1.5672,0.18969,,,1.7949,0,,0,0,1,16,16,0,16.0,121130.0
129.2,75,100,90,0.0,41.067,2.5025,24.203,100,1.0,0,0.00062947,11.162,20.763,83272,93148.0,6.4988,297.97,78.093,1.8793,10.0,,23,,1.5681,0.18968,,,1.7958,0,,0,0,1,16,16,0,16.0,121270.0
129.4,75,100,90,0.0,42.094,10.41,2.4203,100,1.0,0,0.00064028,11.109,20.793,83313,93198.0,6.4973,297.95,70.025,1.8803,10.0,,23,,1.608,0.18938,,,1.7968,0,,0,0,1,16,16,0,16.0,120250.0
129.6,75,100,90,0.0,43.69,3.123,34.445,100,1.0,0,0.00063118,11.122,20.823,83354,93249.0,6.4968,298.0,90.5,1.8813,10.0,,23,,1.6109,0.18935,,,1.7978,0,,0,0,1,16,16,0,16.0,121060.0
129.8,75,100,90,0.0,45.505,18.973,3.4445,100,1.0,0,0.00060977,11.152,20.852,83396,93300.0,6.4971,297.97,81.23,1.8823,10.0,,23,,1.6064,0.18939,,,1.7987,0,,0,0,1,16,16,0,16.0,121700.0
130.0,75,100,90,0.0,47.183,10.496,0.34445,100,1.0,0,0.00057024,11.233,20.88,83438,93351.0,6.4997,297.94,67.819,1.8832,10.0,,23,,1.5739,0.18963,,,1.7996,0,,0,0,1,16,16,0,16.0,120500.0
130.2,75,100,90,0.0,47.808,3.1488,26.555,100,1.0,-4000,0.00058375,11.244,20.908,82781,92602.0,6.5299,297.97,78.239,1.8738,10.0,,23,,1.5393,0.18991,,,1.7906,0,,0,0,1,16,16,0,16.0,121790.0
130.4,75,100,90,0.0,36.261,10.225,2.6555,100,1.0,-4000,0.00059381,11.178,20.937,82123,91852.0,6.548,297.94,68.464,1.8596,10.0,,23,,1.5303,0.19001,,,1.7769,0,,0,0,1,16,16,0,16.0,120930.0
130.6,75,100,90,0.0,17.615,3.0675,35.706,100,1.0,-4000,0.00062032,11.057,20.968,81461,91097.0,6.5444,298.0,91.433,1.8451,10.0,,23,,1.5383,0.18997,,,1.7629,0,,0,0,1,16,16,0,16.0,121410.0
130.8,75,100,90,0.0,0.4265,21.331,3.5706,100,1.0,-4000,0.00062334,11.004,21.0,80795,90339.0,6.5194,297.99,86.706,1.8305,10.0,,23,,1.5147,0.19018,,,1.7489,0,,0,0,1,16,16,0,16.0,122230.0
131.0,75,100,90,0.0,0.0,16.736,0.35706,100,1.0,-4000,0.0006595,10.94,21.033,80130,89581.0,6.4945,297.97,80.467,1.8159,10.0,,23,,1.5049,0.19028,,,1.7349,0,,0,0,1,16,16,0,16.0,121390.0
131.2,75,100,90,0.0,2.7155,10.826,0.035706,100,1.0,-4000,0.00068979,10.893,21.067,79465,88824.0,6.4737,297.96,74.913,1.8014,10.0,,23,,1.4951,0.19038,,,1.721,0,,0,0,1,16,16,0,16.0,122380.0
131.4,75,100,90,0.0,13.751,4.9122,0.0035706,100,1.0,-4000,0.00071736,10.91,21.101,78802,88069.0,6.4667,297.94,69.434,1.7869,10.0,,23,,1.4569,0.1907,,,1.7071,0,,0,0,1,16,16,0,16.0,122370.0
131.6,75,100,90,0.0,27.558,1.4737,16.862,100,1.0,-4000,0.00074013,10.909,21.134,78142,87318.0,6.4752,297.97,78.604,1.7725,10.0,,23,,1.4487,0.19079,,,1.6933,0,,0,0,1,16,16,0,16.0,122870.0
131.8,75,100,90,0.0,37.955,7.8923,1.6862,100,1.0,-4000,0.00075602,10.908,21.168,77485,86568.0,6.4948,297.95,73.34,1.7581,10.0,,23,,1.4459,0.19084,,,1.6794,0,,0,0,1,16,16,0,16.0,123030.0
132.0,75,100,90,0.0,40.532,1.6432,0.16862,100,1.0,-4000,0.00080036,10.858,21.202,76828,85819.0,6.5176,297.94,67.847,1.7437,10.0,774.97,23,1684.5,1.4316,0.19097,21.067,24.738,1.6656,0,62.455,0,0,1,16,16,0,16.0,123020.0
132.2,75,100,90,0.0,34.016,0.49296,14.735,100,1.0,0,0.00081715,10.793,21.237,76868,85868.0,6.5049,297.96,76.981,1.74,10.0,,23,,1.4444,0.19088,,,1.6621,0,,0,0,1,16,16,0,16.0,123020.0
132.4,75,100,90,0.0,32.676,6.8841,1.4735,100,1.0,0,0.00080177,10.808,21.271,76907,85918.0,6.4907,297.95,73.632,1.7409,10.0,,23,,1.4394,0.19092,,,1.6629,0,,0,0,1,16,16,0,16.0,123850.0
132.6,75,100,90,0.0,36.902,2.2111,0.14735,100,1.0,0,0.00080565,10.8,21.306,76947,85968.0,6.4818,297.94,68.767,1.7421,10.0,,23,,1.4481,0.19085,,,1.6641,0,,0,0,1,16,16,0,16.0,123020.0
132.8,75,100,90,0.0,44.703,0.66332,15.557,100,1.0,0,0.00079636,10.856,21.34,76989,86020.0,6.4817,297.96,76.754,1.7433,10.0,,23,,1.4254,0.19102,,,1.6652,0,,0,0,1,16,16,0,16.0,123680.0
133.0,75,100,90,0.0,52.534,6.0489,1.5557,100,1.0,0,0.00078965,10.864,21.374,77033,86073.0,6.4883,297.95,71.425,1.7445,10.0,,23,,1.4356,0.19094,,,1.6664,0,,0,0,1,16,16,0,16.0,123180.0
133.2,75,100,90,0.0,57.695,1.8147,26.012,100,1.0,0,0.00079193,10.872,21.408,77077,86127.0,6.4983,297.99,87.55,1.7457,10.0,,23,,1.4422,0.19089,,,1.6675,0,,0,0,1,16,16,0,16.0,123500.0
133.4,75,100,90,0.0,58.884,15.076,2.6012,100,1.0,0,0.00078788,10.887,21.442,77122,86182.0,6.5074,297.98,82.706,1.7468,10.0,,23,,1.4283,0.19099,,,1.6686,0,,0,0,1,16,16,0,16.0,124000.0
133.6,75,100,90,0.0,56.433,9.9475,0.26012,100,1.0,0,0.00076194,10.925,21.475,77167,86236.0,6.5159,297.96,74.731,1.748,10.0,,23,,1.4101,0.19113,,,1.6697,0,,0,0,1,16,16,0,16.0,123490.0
133.8,75,100,90,0.0,50.614,1.8324,0.026012,100,1.0,0,0.00076849,10.887,21.508,77210,86289.0,6.519,297.94,67.079,1.7491,10.0,,23,,1.4152,0.19109,,,1.6708,0,,0,0,1,16,16,0,16.0,124480.0
134.0,75,100,90,0.0,43.568,0.54972,15.2,100,1.0,0,0.00075737,10.871,21.542,77251,86340.0,6.5133,297.95,73.398,1.7502,10.0,,23,,1.4132,0.1911,,,1.6718,0,,0,0,1,16,16,0,16.0,124140.0
134.2,75,100,90,0.0,38.809,4.241,1.52,100,1.0,0,0.00077063,10.812,21.577,77292,86391.0,6.503,297.94,68.446,1.7513,10.0,,23,,1.4338,0.19094,,,1.6729,0,,0,0,1,16,16,0,16.0,124470.0
134.4,75,100,90,0.0,38.145,1.2723,24.336,100,1.0,0,0.00074216,10.864,21.61,77333,86441.0,6.493,297.98,82.933,1.7524,10.0,,23,,1.4126,0.1911,,,1.6739,0,,0,0,1,16,16,0,16.0,123800.0
134.6,75,100,90,0.0,41.46,12.647,2.4336,100,1.0,0,0.00074164,10.862,21.644,77374,86492.0,6.4876,297.97,77.612,1.7535,10.0,,23,,1.4219,0.19103,,,1.675,0,,0,0,1,16,16,0,16.0,124790.0
134.8,75,100,90,0.0,46.921,6.6529,0.24336,100,1.0,0,0.00075296,10.863,21.677,77416,86545.0,6.489,297.95,70.018,1.7545,10.0,,23,,1.419,0.19105,,,1.676,0,,0,0,1,16,16,0,16.0,124620.0
135.0,75,100,90,0.0,51.821,1.9959,20.166,100,1.0,0,0.00073396,10.909,21.71,77460,86598.0,6.494,297.97,78.893,1.7556,10.0,,23,,1.4129,0.19109,,,1.677,0,,0,0,1,16,16,0,16.0,125110.0
135.2,75,100,90,0.0,54.74,8.3441,2.0166,100,1.0,0,0.00074616,10.891,21.743,77504,86651.0,6.5009,297.95,72.133,1.7566,10.0,,23,,1.4145,0.19108,,,1.678,0,,0,0,1,16,16,0,16.0,125430.0
135.4,75,100,90,0.0,54.883,0.72628,0.20166,100,1.0,0,0.00074547,10.883,21.776,77548,86705.0,6.5053,297.93,63.008,1.7577,10.0,,23,,1.4183,0.19105,,,1.679,0,,0,0,1,16,16,0,16.0,125090.0
135.6,75,100,90,0.0,53.295,0.21788,18.272,100,1.0,0,0.00075102,10.866,21.809,77591,86758.0,6.5082,297.95,70.508,1.7588,10.0,,23,,1.4225,0.19101,,,1.68,0,,0,0,1,16,16,0,16.0,125750.0
135.8,75,100,90,0.0,50.546,0.065365,0.0001,100,1.0,0,0.0007415,10.862,21.842,77634,86811.0,6.5089,297.92,61.466,1.7598,10.0,,23,,1.4211,0.19102,,,1.6811,0,,0,0,1,16,16,0,16.0,125070.0
136.0,75,100,90,0.0,47.512,0.01961,27.956,100,1.0,0,0.00072908,10.869,21.875,77677,86864.0,6.5084,297.96,77.371,1.7608,10.0,,23,,1.4192,0.19103,,,1.682,0,,0,0,1,16,16,0,16.0,126390.0
136.2,75,100,90,0.0,44.68,12.027,2.7956,100,1.0,0,0.00072895,10.851,21.908,77719,86915.0,6.5063,297.95,71.215,1.7619,10.0,,23,,1.4259,0.19098,,,1.683,0,,0,0,1,16,16,0,16.0,126380.0
136.4,75,100,90,0.0,42.691,3.6081,37.985,100,1.0,0,0.00073073,10.846,21.94,77760,86966.0,6.5027,298.02,96.661,1.7629,10.0,,23,,1.4145,0.19106,,,1.684,0,,0,0,1,16,16,0,16.0,126370.0
136.6,75,100,90,0.0,42.14,25.355,3.7985,100,1.0,0,0.00072919,10.837,21.973,77801,87018.0,6.4991,298.0,91.712,1.7639,10.0,,23,,1.4177,0.19104,,,1.685,0,,0,0,1,16,16,0,16.0,126860.0
136.8,75,100,90,0.0,43.04,20.89,0.37985,100,1.0,0,0.00068957,10.906,22.005,77843,87069.0,6.4987,297.98,81.41,1.7649,10.0,,23,,1.4024,0.19115,,,1.6859,0,,0,0,1,16,16,0,16.0,126340.0
137.0,75,100,90,0.0,44.088,11.591,0.037985,100,1.0,0,0.00068309,10.935,22.036,77885,87120.0,6.4987,297.95,70.207,1.7658,10.0,,23,,1.3793,0.19132,,,1.6868,0,,0,0,1,16,16,0,16.0,127320.0
137.2,75,100,90,0.0,45.131,3.4774,24.53,100,1.0,0,0.00067458,10.955,22.067,77927,87172.0,6.4997,297.97,80.734,1.7667,10.0,,23,,1.3651,0.19143,,,1.6877,0,,0,0,1,16,16,0,16.0,127300.0
137.4,75,100,90,0.0,45.784,11.394,2.453,100,1.0,0,0.00066585,10.969,22.098,77969,87223.0,6.5001,297.95,70.45,1.7676,10.0,,23,,1.3609,0.19146,,,1.6885,0,,0,0,1,16,16,0,16.0,127450.0
137.6,75,100,90,0.0,46.246,3.4182,37.403,100,1.0,0,0.00064859,10.988,22.128,78011,87275.0,6.5026,298.0,91.313,1.7685,10.0,,23,,1.3625,0.19145,,,1.6894,0,,0,0,1,16,16,0,16.0,127260.0
137.8,75,100,90,0.0,45.723,20.866,3.7403,100,1.0,0,0.00062547,11.017,22.157,78053,87326.0,6.5043,297.97,80.557,1.7693,10.0,,23,,1.3621,0.19145,,,1.6902,0,,0,0,1,16,16,0,16.0,126560.0
138.0,75,100,90,0.0,44.536,10.614,0.37403,100,1.0,0,0.00060505,11.051,22.186,78095,87378.0,6.5043,297.93,65.812,1.7701,10.0,,23,,1.3504,0.19153,,,1.6909,0,,0,0,1,16,16,0,16.0,127530.0
138.2,75,100,90,0.0,43.347,3.1843,28.418,100,1.0,0,0.00060861,11.036,22.215,78136,87429.0,6.5014,297.96,77.05,1.7709,10.0,,23,,1.349,0.19154,,,1.6917,0,,0,0,1,16,16,0,16.0,128010.0
138.4,75,100,90,0.0,43.31,11.36,2.8418,100,1.0,0,0.00063236,10.996,22.245,78178,87480.0,6.4971,297.93,65.657,1.7717,10.0,,23,,1.3531,0.19151,,,1.6925,0,,0,0,1,16,16,0,16.0,127480.0
138.6,75,100,90,0.0,44.987,3.408,41.235,100,1.0,0,0.00065608,10.969,22.275,78220,87531.0,6.4956,298.0,89.96,1.7725,10.0,,23,,1.3494,0.19154,,,1.6933,0,,0,0,1,16,16,0,16.0,128630.0
138.8,75,100,90,0.0,47.261,23.511,4.1235,100,1.0,0,0.00067442,10.936,22.306,78262,87583.0,6.4963,297.97,80.075,1.7734,10.0,,23,,1.364,0.19142,,,1.6941,0,,0,0,1,16,16,0,16.0,127940.0
139.0,75,100,90,0.0,49.26,13.881,0.41235,100,1.0,0,0.00067362,10.954,22.337,78305,87636.0,6.5,297.94,67.258,1.7742,10.0,,23,,1.3513,0.19152,,,1.6949,0,,0,0,1,16,16,0,16.0,128090.0
139.2,75,100,90,0.0,49.788,4.1643,29.926,100,1.0,0,0.00062573,11.038,22.367,78348,87688.0,6.5066,297.97,79.561,1.775,10.0,,23,,1.3266,0.1917,,,1.6957,0,,0,0,1,16,16,0,16.0,128890.0
139.4,75,100,90,0.0,47.642,13.397,2.9926,100,1.0,0,0.00062653,11.038,22.397,78390,87740.0,6.5111,297.94,67.481,1.7758,10.0,,23,,1.308,0.19184,,,1.6964,0,,0,0,1,16,16,0,16.0,127870.0
139.6,75,100,90,0.0,43.739,4.019,43.494,100,1.0,0,0.0006325,11.016,22.427,78432,87791.0,6.5137,298.01,92.801,1.7766,10.0,,23,,1.3059,0.19185,,,1.6972,0,,0,0,1,16,16,0,16.0,128680.0
139.8,75,100,90,0.0,38.767,25.189,4.3494,100,1.0,0,0.00060749,11.056,22.456,78472,87841.0,6.5119,297.98,82.058,1.7774,10.0,,23,,1.2785,0.19206,,,1.6979,0,,0,0,1,16,16,0,16.0,128480.0
140.0,75,100,90,0.0,34.545,15.059,0.43494,100,1.0,0,0.00063487,10.973,22.487,78512,87891.0,6.5033,297.94,68.981,1.7781,10.0,,23,,1.3095,0.19183,,,1.6987,0,,0,0,1,16,16,0,16.0,128630.0
140.2,75,100,90,0.0,33.764,4.5177,29.801,100,1.0,0,0.00063321,10.978,22.517,78552,87940.0,6.495,297.98,82.591,1.7789,10.0,,23,,1.3036,0.19187,,,1.6994,0,,0,0,1,16,16,0,16.0,129610.0
140.4,75,100,90,0.0,36.291,15.096,2.9801,100,1.0,0,0.00062575,11.0,22.547,78592,87990.0,6.4896,297.95,71.189,1.7797,10.0,,23,,1.2937,0.19194,,,1.7001,0,,0,0,1,16,16,0,16.0,128410.0
140.6,75,100,90,0.0,40.95,4.5287,43.488,100,1.0,0,0.00062031,11.017,22.576,78633,88040.0,6.4895,298.01,95.929,1.7804,10.0,,23,,1.2985,0.1919,,,1.7009,0,,0,0,1,16,16,0,16.0,129390.0
140.8,75,100,90,0.0,45.669,25.464,4.3488,100,1.0,0,0.00060642,11.066,22.605,78675,88092.0,6.4956,297.98,83.839,1.7811,10.0,,23,,1.2799,0.19204,,,1.7016,0,,0,0,1,16,16,0,16.0,129190.0
141.0,75,100,90,0.0,47.919,14.448,0.43488,100,1.0,0,0.0005849,11.118,22.633,78717,88144.0,6.5019,297.94,67.452,1.7818,10.0,,23,,1.2587,0.1922,,,1.7022,0,,0,0,1,16,16,0,16.0,129820.0
141.2,75,100,90,0.0,47.682,4.3343,31.71,100,1.0,0,0.00059386,11.101,22.661,78760,88196.0,6.5068,297.97,79.793,1.7825,10.0,,23,,1.2612,0.19218,,,1.7029,0,,0,0,1,16,16,0,16.0,129460.0
141.4,75,100,90,0.0,45.496,13.636,3.171,100,1.0,0,0.0006088,11.05,22.69,78802,88247.0,6.5085,297.94,67.283,1.7832,10.0,,23,,1.2814,0.19203,,,1.7036,0,,0,0,1,16,16,0,16.0,130090.0
141.6,75,100,90,0.0,42.611,4.0907,44.072,100,1.0,0,0.00058716,11.061,22.718,78843,88298.0,6.5071,298.0,91.118,1.7839,10.0,,23,,1.2836,0.19201,,,1.7042,0,,0,0,1,16,16,0,16.0,130560.0
141.8,75,100,90,0.0,40.322,23.772,4.4072,100,1.0,0,0.0005791,11.054,22.747,78884,88349.0,6.5022,297.97,79.686,1.7846,10.0,,23,,1.292,0.19194,,,1.7049,0,,0,0,1,16,16,0,16.0,130190.0
142.0,75,100,90,0.0,39.989,12.925,0.44072,100,1.0,0,0.00061476,11.011,22.776,78925,88399.0,6.4962,297.93,65.488,1.7853,10.0,,23,,1.2885,0.19197,,,1.7055,0,,0,0,1,16,16,0,16.0,131000.0
142.2,75,100,90,0.0,42.036,3.8776,29.898,100,1.0,0,0.00057392,11.081,22.805,78966,88450.0,6.4926,297.96,75.991,1.7859,10.0,,23,,1.2741,0.19208,,,1.7061,0,,0,0,1,16,16,0,16.0,130800.0
142.4,75,100,90,0.0,45.529,11.236,2.9898,100,1.0,0,0.00057767,11.09,22.833,79008,88501.0,6.4926,297.92,62.032,1.7866,10.0,,23,,1.2711,0.1921,,,1.7068,0,,0,0,1,16,16,0,16.0,131430.0
142.6,75,100,90,0.0,48.996,3.3709,44.315,100,1.0,0,0.00057665,11.118,22.861,79051,88553.0,6.496,297.98,84.655,1.7872,10.0,,23,,1.2531,0.19223,,,1.7074,0,,0,0,1,16,16,0,16.0,130730.0
142.8,75,100,90,0.0,51.12,21.401,4.4315,100,1.0,0,0.00060043,11.091,22.89,79094,88606.0,6.5,297.95,72.402,1.7878,10.0,,23,,1.2506,0.19225,,,1.708,0,,0,0,1,16,16,0,16.0,130540.0
143.0,75,100,90,0.0,51.653,9.2186,0.44315,100,1.0,0,0.00062878,11.049,22.919,79137,88659.0,6.5009,297.91,57.312,1.7885,10.0,,23,,1.2592,0.19218,,,1.7086,0,,0,0,1,16,16,0,16.0,130840.0
143.2,75,100,90,0.0,51.819,2.7656,30.644,100,1.0,0,0.00064799,11.028,22.949,79180,88712.0,6.502,297.94,69.776,1.7892,10.0,,23,,1.2559,0.19221,,,1.7093,0,,0,0,1,16,16,0,16.0,130820.0
143.4,75,100,90,0.0,51.541,0.82967,0.0001,100,1.0,0,0.00065772,11.014,22.98,79223,88765.0,6.5038,297.91,54.618,1.7899,10.0,,23,,1.2592,0.19218,,,1.71,0,,0,0,1,16,16,0,16.0,130800.0
143.6,75,100,90,0.0,50.539,0.2489,39.987,100,1.0,0,0.0006594,10.999,23.01,79266,88818.0,6.504,297.96,75.648,1.7907,10.0,,23,,1.2667,0.19212,,,1.7107,0,,0,0,1,16,16,0,16.0,130440.0
143.8,75,100,90,0.0,49.456,16.069,3.9987,100,1.0,0,0.00062454,11.046,23.039,79309,88871.0,6.5015,297.93,63.574,1.7913,10.0,,23,,1.2594,0.19218,,,1.7113,0,,0,0,1,16,16,0,16.0,131580.0
144.0,75,100,90,0.0,49.381,4.8208,53.69,100,1.0,0,0.00058003,11.115,23.067,79351,88923.0,6.4998,298.01,94.069,1.792,10.0,849.18,23,1743.9,1.2479,0.19226,22.949,24.943,1.7119,0,70.189,0,0,1,16,16,0,16.0,131710.0
144.2,75,100,90,0.0,49.979,30.02,5.369,100,1.0,0,0.00057192,11.126,23.094,79394,88975.0,6.4974,297.98,82.363,1.7925,10.0,,23,,1.2442,0.19229,,,1.7125,0,,0,0,1,16,16,0,16.0,131840.0
144.4,75,100,90,0.0,51.538,19.145,0.5369,100,1.0,0,0.00055592,11.152,23.121,79437,89028.0,6.4956,297.93,64.622,1.7931,10.0,,23,,1.2429,0.1923,,,1.713,0,,0,0,1,16,16,0,16.0,131960.0
144.6,75,100,90,0.0,53.834,5.7434,39.135,100,1.0,0,0.00054305,11.202,23.147,79481,89081.0,6.4946,297.97,80.142,1.7936,10.0,,23,,1.2132,0.19252,,,1.7135,0,,0,0,1,16,16,0,16.0,131420.0
144.8,75,100,90,0.0,56.525,17.564,3.9135,100,1.0,0,0.00055086,11.186,23.173,79525,89135.0,6.4936,297.93,64.322,1.7942,10.0,,23,,1.2227,0.19244,,,1.7141,0,,0,0,1,16,16,0,16.0,132380.0
145.0,75,100,90,0.0,59.589,5.2693,54.04,100,1.0,0,0.00053592,11.211,23.199,79570,89189.0,6.4955,298.0,92.382,1.7947,10.0,,23,,1.2261,0.19242,,,1.7145,0,,0,0,1,16,16,0,16.0,132170.0
145.2,75,100,90,0.0,61.914,28.339,5.404,100,1.0,0,0.00052092,11.253,23.224,79615,89244.0,6.4994,297.96,76.662,1.7952,10.0,,23,,1.2074,0.19256,,,1.715,0,,0,0,1,16,16,0,16.0,133120.0
145.4,75,100,90,0.0,62.662,13.748,0.5404,100,1.0,0,0.00051796,11.256,23.249,79660,89299.0,6.5043,297.91,55.971,1.7956,10.0,,23,,1.2076,0.19256,,,1.7155,0,,0,0,1,16,16,0,16.0,133570.0
145.6,75,100,90,0.0,61.472,4.1244,37.918,100,1.0,0,0.00052542,11.235,23.275,79705,89353.0,6.5058,297.94,68.891,1.7961,10.0,,23,,1.2127,0.19252,,,1.7159,0,,0,0,1,16,16,0,16.0,132860.0
145.8,75,100,90,0.0,59.67,1.2373,0.0001,100,1.0,0,0.0005645,11.159,23.302,79750,89408.0,6.5034,297.89,48.812,1.7966,10.0,,23,,1.2368,0.19233,,,1.7164,0,,0,0,1,16,16,0,16.0,132490.0
146.0,75,100,90,0.0,58.852,0.37119,47.381,100,1.0,0,0.00058338,11.114,23.33,79794,89462.0,6.5005,297.95,72.134,1.7971,10.0,,23,,1.2598,0.19216,,,1.7169,0,,0,0,1,16,16,0,16.0,132790.0
146.2,75,100,90,0.0,59.176,17.663,4.7381,100,1.0,0,0.00056306,11.152,23.357,79839,89517.0,6.4987,297.91,56.899,1.7977,10.0,,23,,1.2463,0.19226,,,1.7174,0,,0,0,1,16,16,0,16.0,132910.0
146.4,75,100,90,0.0,60.211,5.2988,62.548,100,1.0,0,0.00056311,11.152,23.383,79884,89571.0,6.497,298.01,92.996,1.7982,10.0,,23,,1.2514,0.19222,,,1.7179,0,,0,0,1,16,16,0,16.0,132870.0
146.6,75,100,90,0.0,61.945,34.761,6.2548,100,1.0,0,0.00057951,11.131,23.41,79929,89626.0,6.4939,297.97,79.575,1.7987,10.0,,23,,1.2576,0.19217,,,1.7184,0,,0,0,1,16,16,0,16.0,133170.0
146.8,75,100,90,0.0,64.905,22.191,0.62548,100,1.0,0,0.00057917,11.151,23.437,79975,89682.0,6.4933,297.92,59.769,1.7992,10.0,,23,,1.2496,0.19223,,,1.7189,0,,0,0,1,16,16,0,16.0,132790.0
147.0,75,100,90,0.0,68.098,6.6572,45.139,100,1.0,0,0.00056929,11.179,23.463,80021,89738.0,6.4925,297.97,79.375,1.7997,10.0,,23,,1.2395,0.19231,,,1.7194,0,,0,0,1,16,16,0,16.0,132580.0
147.2,75,100,90,0.0,71.599,21.619,4.5139,100,1.0,0,0.00054998,11.224,23.489,80068,89795.0,6.4929,297.92,61.364,1.8002,10.0,,23,,1.2268,0.1924,,,1.7199,0,,0,0,1,16,16,0,16.0,133700.0
147.4,75,100,90,0.0,74.95,6.4858,63.823,100,1.0,0,0.00049895,11.321,23.512,80116,89852.0,6.4968,298.01,94.354,1.8006,10.0,,23,,1.2035,0.19258,,,1.7203,0,,0,0,1,16,16,0,16.0,134320.0
147.6,75,100,90,0.0,76.748,33.557,6.3823,100,1.0,0,0.00049321,11.335,23.536,80164,89910.0,6.5027,297.96,74.441,1.801,10.0,,23,,1.2013,0.19259,,,1.7206,0,,0,0,1,16,16,0,16.0,133590.0
147.8,75,100,90,0.0,76.187,15.391,0.63823,100,1.0,0,0.0004812,11.362,23.558,80212,89968.0,6.5088,297.89,48.975,1.8014,10.0,,23,,1.189,0.19268,,,1.721,0,,0,0,1,16,16,0,16.0,134530.0
148.0,75,100,90,0.0,73.168,4.6174,44.097,100,1.0,0,0.00045602,11.399,23.58,80259,90025.0,6.5133,297.93,62.994,1.8017,10.0,,23,,1.1726,0.19281,,,1.7213,0,,0,0,1,16,16,0,16.0,133630.0
148.2,75,100,90,0.0,68.375,1.3852,0.0001,100,1.0,0,0.00043952,11.405,23.602,80306,90081.0,6.5153,297.86,37.223,1.802,10.0,,23,,1.17,0.19282,,,1.7216,0,,0,0,1,16,16,0,16.0,134730.0
148.4,75,100,90,0.0,62.777,0.41556,58.437,100,1.0,0,0.0004026,11.433,23.622,80351,90135.0,6.5149,297.93,64.33,1.8023,10.0,,23,,1.1687,0.19283,,,1.7218,0,,0,0,1,16,16,0,16.0,135000.0
148.6,75,100,90,0.0,57.343,0.12467,0.0001,100,1.0,0,0.00038454,11.44,23.642,80395,90189.0,6.5121,297.86,38.571,1.8025,10.0,,23,,1.1647,0.19286,,,1.7221,0,,0,0,1,16,16,0,16.0,133420.0
148.8,75,100,90,0.0,53.023,0.037401,64.911,100,1.0,0,0.00042086,11.368,23.664,80438,90242.0,6.5047,297.95,71.471,1.8027,10.0,,23,,1.1792,0.19275,,,1.7223,0,,0,0,1,16,16,0,16.0,134860.0
149.0,75,100,90,0.0,51.668,0.01122,0.0001,100,1.0,0,0.00043439,11.339,23.685,80481,90294.0,6.4987,297.88,46.103,1.803,10.0,,23,,1.1893,0.19268,,,1.7225,0,,0,0,1,16,16,0,16.0,134790.0
149.2,75,100,90,0.0,52.705,0.0033661,64.294,100,1.0,0,0.00043843,11.356,23.707,80525,90347.0,6.4949,297.97,78.691,1.8032,10.0,,23,,1.1742,0.19279,,,1.7228,0,,0,0,1,16,16,0,16.0,134060.0
149.4,75,100,90,0.0,55.258,25.221,6.4294,100,1.0,0,0.00039582,11.426,23.727,80568,90400.0,6.494,297.91,58.138,1.8035,10.0,,23,,1.1633,0.19287,,,1.723,0,,0,0,1,16,16,0,16.0,134990.0
149.6,75,100,90,0.0,58.166,7.5664,79.289,100,1.0,0,0.00041481,11.42,23.748,80613,90454.0,6.4938,298.03,103.68,1.8037,10.0,,23,,1.1554,0.19293,,,1.7232,0,,0,0,1,16,16,0,16.0,134750.0
149.8,75,100,90,0.0,61.164,45.379,7.9289,100,1.0,0,0.00041542,11.443,23.768,80658,90508.0,6.4954,297.98,84.831,1.8039,10.0,,23,,1.1443,0.19301,,,1.7234,0,,0,0,1,16,16,0,16.0,135180.0
150.0,75,100,90,0.0,63.515,28.916,0.79289,100,1.0,0,0.00040941,11.462,23.788,80703,90563.0,6.4995,297.92,59.854,1.8041,10.0,,23,,1.1397,0.19305,,,1.7236,0,,0,0,1,16,16,0,16.0,135110.0
150.2,75,100,90,0.0,64.234,8.6748,52.222,0,0.9,-4000,0.00044672,10.101,23.815,80032,89799.0,6.5309,298.0,90.456,1.7941,10.0,,23,,1.2585,0.19218,,,1.714,0,,0,0,1,16,16,0,16.0,135570.0
150.4,75,100,90,0.0,52.288,33.495,5.2222,0,0.9,-4000,0.0004427,10.062,23.842,79359,89031.0,6.5536,297.97,79.218,1.7793,10.0,,23,,1.2577,0.19221,,,1.6998,0,,0,0,1,16,16,0,16.0,135190.0
150.6,75,100,90,0.51856,26.144,22.715,0.52222,0,0.9,-4000,0.00046228,9.9189,23.872,78681,88259.0,6.5543,297.94,67.132,1.7642,10.0,,23,,1.2705,0.19215,,,1.6853,0,,0,0,1,16,16,0,16.0,135170.0
150.8,75,100,90,1.0395,13.072,6.8145,37.451,0,0.9,-4000,0.00048191,9.8502,23.903,78000,87484.0,6.5432,298.0,90.156,1.7491,10.0,,23,,1.2522,0.19231,,,1.6708,0,,0,0,1,16,16,0,16.0,135650.0
151.0,75,100,90,0.0,0.0,25.828,3.7451,0,0.9,-4000,0.00050287,9.7499,23.935,77316,86707.0,6.5213,297.98,84.984,1.7341,10.0,,23,,1.2571,0.19231,,,1.6563,0,,0,0,1,16,16,0,16.0,135630.0
151.2,75,100,90,0.0,0.0,20.531,0.37451,0,0.9,-4000,0.00054392,9.6869,23.969,76633,85930.0,6.4997,297.97,77.978,1.719,10.0,,23,,1.2545,0.19235,,,1.6419,0,,0,0,1,16,16,0,16.0,136960.0
151.4,75,100,90,0.0,0.64634,13.524,0.037451,0,0.9,-4000,0.00056239,9.6536,24.003,75950,85153.0,6.4795,297.95,70.82,1.704,10.0,,23,,1.2528,0.1924,,,1.6275,0,,0,0,1,16,16,0,16.0,136450.0
151.6,75,100,90,0.0,9.3793,4.0573,25.397,0,0.9,-4000,0.00056157,9.6893,24.037,75268,84377.0,6.4669,297.99,85.241,1.689,10.0,,23,,1.2329,0.19257,,,1.6131,0,,0,0,1,16,16,0,16.0,135450.0
151.8,75,100,90,0.0,23.117,15.894,2.5397,0,0.9,-4000,0.00058892,9.7337,24.07,74590,83605.0,6.4649,297.97,78.56,1.674,10.0,,23,,1.1946,0.19289,,,1.5987,0,,0,0,1,16,16,0,16.0,136600.0
152.0,75,100,90,0.0,37.624,8.6637,0.25397,0,0.9,-4000,0.00059104,9.8103,24.102,73914,82835.0,6.4755,297.94,68.14,1.659,10.0,,23,,1.1502,0.19325,,,1.5843,0,,0,0,1,16,16,0,16.0,136590.0
152.2,75,100,90,0.0,47.906,2.5991,25.152,0,0.9,0,0.00058814,9.8705,24.134,73937,82868.0,6.4687,297.97,78.96,1.6546,10.0,,23,,1.1162,0.19352,,,1.5801,0,,0,0,1,16,16,0,16.0,137410.0
152.4,75,100,90,0.0,60.985,11.014,2.5152,0,0.9,0,0.00058551,9.9437,24.165,73963,82903.0,6.4726,297.94,68.123,1.6547,10.0,,23,,1.0844,0.19376,,,1.5801,0,,0,0,1,16,16,0,16.0,136880.0
152.6,75,100,90,0.0,72.445,3.3041,40.155,0,0.9,0,0.00061719,9.9517,24.196,73991,82940.0,6.4862,298.0,90.532,1.655,10.0,,23,,1.0824,0.19377,,,1.5804,0,,0,0,1,16,16,0,16.0,137700.0
152.8,75,100,90,0.0,78.452,22.972,4.0155,0,0.9,0,0.00062597,9.9826,24.227,74020,82979.0,6.5035,297.97,80.009,1.6553,10.0,,23,,1.061,0.19393,,,1.5808,0,,0,0,1,16,16,0,16.0,136180.0
153.0,75,100,90,0.0,77.557,12.331,0.40155,0,0.9,0,0.00061299,9.9919,24.257,74048,83018.0,6.52,297.93,65.93,1.6557,10.0,,23,,1.0558,0.19397,,,1.5811,0,,0,0,1,16,16,0,16.0,137490.0
153.2,75,100,90,0.0,70.092,3.6993,30.403,0,0.9,0,0.00057424,10.008,24.287,74076,83055.0,6.5333,297.97,78.326,1.6559,10.0,,23,,1.0482,0.19402,,,1.5813,0,,0,0,1,16,16,0,16.0,137290.0
153.4,75,100,90,0.0,57.296,13.468,3.0403,0,0.9,0,0.00060505,9.9065,24.318,74100,83089.0,6.5351,297.94,67.89,1.6562,10.0,,23,,1.0592,0.19394,,,1.5816,0,,0,0,1,16,16,0,16.0,137280.0
153.6,75,100,90,0.0,43.805,4.0404,43.468,0,0.9,0,0.00063274,9.7844,24.352,74122,83121.0,6.5252,298.02,95.853,1.6565,10.0,,23,,1.096,0.19367,,,1.5819,0,,0,0,1,16,16,0,16.0,137100.0
153.8,75,100,90,0.0,34.282,29.017,4.3468,0,0.9,0,0.00062715,9.7352,24.386,74143,83151.0,6.5074,298.0,88.809,1.6568,10.0,,23,,1.1151,0.19352,,,1.5822,0,,0,0,1,16,16,0,16.0,137930.0
154.0,75,100,90,0.0,31.856,22.206,0.43468,0,0.9,0,0.00062911,9.7154,24.42,74162,83180.0,6.4883,297.97,78.175,1.6571,10.0,,23,,1.1176,0.1935,,,1.5825,0,,0,0,1,16,16,0,16.0,137760.0
154.2,75,100,90,0.0,37.082,11.918,0.043468,0,0.9,0,0.00063355,9.7385,24.453,74183,83210.0,6.4775,297.93,66.952,1.6574,10.0,,23,,1.1038,0.19361,,,1.5828,0,,0,0,1,16,16,0,16.0,137750.0
154.4,75,100,90,0.0,46.569,3.5753,26.912,0,0.9,0,0.00064789,9.7605,24.487,74205,83243.0,6.4749,297.97,79.752,1.6577,10.0,,23,,1.0964,0.19366,,,1.583,0,,0,0,1,16,16,0,16.0,138070.0
154.6,75,100,90,0.0,57.093,13.761,2.6912,0,0.9,0,0.00068423,9.7672,24.521,74230,83277.0,6.4789,297.94,69.842,1.658,10.0,,23,,1.0902,0.19371,,,1.5834,0,,0,0,1,16,16,0,16.0,139230.0
154.8,75,100,90,0.0,66.025,4.1284,42.462,0,0.9,0,0.00071697,9.7684,24.555,74257,83313.0,6.4888,298.02,95.987,1.6584,10.0,,23,,1.0905,0.1937,,,1.5837,0,,0,0,1,16,16,0,16.0,138900.0
155.0,75,100,90,0.0,71.003,27.49,4.2462,0,0.9,0,0.00072846,9.7816,24.589,74284,83351.0,6.5032,297.99,85.308,1.6587,10.0,,23,,1.0804,0.19378,,,1.584,0,,0,0,1,16,16,0,16.0,139390.0
155.2,75,100,90,0.0,70.221,17.229,0.42462,0,0.9,0,0.00076747,9.7406,24.625,74311,83388.0,6.5133,297.95,72.526,1.6591,10.0,,23,,1.0744,0.19382,,,1.5844,0,,0,0,1,16,16,0,16.0,139730.0
155.4,75,100,90,0.0,65.449,4.5928,0.042462,0,0.9,0,0.00080264,9.6702,24.661,74338,83424.0,6.5182,297.92,62.159,1.6595,10.0,,23,,1.0898,0.19371,,,1.5848,0,,0,0,1,16,16,0,16.0,138900.0
155.6,75,100,90,0.0,58.696,1.3778,20.027,0,0.9,0,0.00086205,9.5587,24.7,74363,83459.0,6.5149,297.95,72.218,1.66,10.0,,23,,1.1166,0.1935,,,1.5852,0,,0,0,1,16,16,0,16.0,139420.0
155.8,75,100,90,0.0,53.298,0.41335,0.0001,0,0.9,0,0.00087852,9.5063,24.74,74387,83493.0,6.5061,297.93,65.169,1.6604,10.0,,23,,1.1292,0.19341,,,1.5857,0,,0,0,1,16,16,0,16.0,138610.0
156.0,75,100,90,0.0,51.386,0.12401,27.361,0,0.9,0,0.00089999,9.4653,24.781,74410,83527.0,6.4938,297.98,83.397,1.6609,10.0,942.29,23,1830.8,1.1398,0.19333,24.625,24.877,1.5861,0,79.332,0,0,1,16,16,0,16.0,140800.0
156.2,75,100,90,0.0,54.411,15.238,2.7361,0,0.9,0,0.00092886,9.4221,24.822,74434,83562.0,6.482,297.97,78.232,1.6614,10.0,,23,,1.1666,0.19313,,,1.5866,0,,0,0,1,16,16,0,16.0,140830.0
156.4,75,100,90,0.0,62.128,9.162,0.27361,0,0.9,0,0.0009223,9.4589,24.862,74460,83598.0,6.4758,297.95,70.613,1.6619,10.0,,23,,1.1553,0.19321,,,1.5871,0,,0,0,1,16,16,0,16.0,140190.0
156.6,75,100,90,0.0,72.293,2.7486,22.882,0,0.9,0,0.00094302,9.4738,24.903,74488,83635.0,6.4818,297.98,83.399,1.6624,10.0,,23,,1.1553,0.19321,,,1.5876,0,,0,0,1,16,16,0,16.0,139550.0
156.8,75,100,90,0.0,80.064,13.181,2.2882,0,0.9,0,0.00095427,9.4951,24.943,74517,83675.0,6.4878,297.96,75.637,1.6629,10.0,,23,,1.1469,0.19327,,,1.588,0,,0,0,1,16,16,0,16.0,140910.0
157.0,75,100,90,0.0,85.478,4.7223,0.22882,0,0.9,0,0.00094827,9.5377,24.983,74547,83716.0,6.4972,297.93,66.169,1.6634,10.0,,23,,1.13,0.1934,,,1.5885,0,,0,0,1,16,16,0,16.0,140760.0
157.2,75,100,90,0.0,87.09,1.4167,20.649,0,0.9,0,0.0009722,9.5124,25.022,74578,83757.0,6.5064,297.96,75.817,1.6639,10.0,,23,,1.139,0.19333,,,1.589,0,,0,0,1,16,16,0,16.0,141620.0
157.4,75,100,90,0.0,85.045,8.3859,2.0649,0,0.9,0,0.0010071,9.4546,25.063,74608,83797.0,6.5134,297.94,68.645,1.6645,10.0,,23,,1.1564,0.1932,,,1.5895,0,,0,0,1,16,16,0,16.0,141480.0
157.6,75,100,90,0.0,80.196,2.5158,33.15,0,0.9,0,0.00099326,9.432,25.104,74637,83837.0,6.5153,298.0,90.426,1.665,10.0,,23,,1.1654,0.19313,,,1.59,0,,0,0,1,16,16,0,16.0,142180.0
157.8,75,100,90,0.0,74.625,21.357,3.315,0,0.9,0,0.0009608,9.4366,25.145,74665,83875.0,6.5157,297.98,82.618,1.6655,10.0,,23,,1.1671,0.19311,,,1.5905,0,,0,0,1,16,16,0,16.0,141200.0
158.0,75,100,90,0.0,68.874,13.416,0.3315,0,0.9,0,0.0009642,9.4033,25.185,74692,83912.0,6.5143,297.95,74.055,1.666,10.0,,23,,1.1701,0.19309,,,1.591,0,,0,0,1,16,16,0,16.0,141900.0
158.2,75,100,90,0.0,63.696,4.5549,0.03315,0,0.9,0,0.0009594,9.3805,25.226,74718,83948.0,6.5069,297.93,66.553,1.6665,10.0,,23,,1.1694,0.1931,,,1.5914,0,,0,0,1,16,16,0,16.0,140920.0
158.4,75,100,90,0.0,61.482,1.3665,18.049,0,0.9,0,0.0010029,9.3271,25.268,74744,83984.0,6.4998,297.96,76.749,1.667,10.0,,23,,1.1666,0.19312,,,1.5919,0,,0,0,1,16,16,0,16.0,142790.0
158.6,75,100,90,0.0,62.101,8.8411,1.8049,0,0.9,0,0.00097611,9.3488,25.31,74770,84020.0,6.4959,297.95,70.81,1.6675,10.0,,23,,1.1678,0.19311,,,1.5924,0,,0,0,1,16,16,0,16.0,141490.0
158.8,75,100,90,0.0,64.263,2.6523,31.713,0,0.9,0,0.00098304,9.3638,25.352,74796,84056.0,6.495,298.01,92.301,1.668,10.0,,23,,1.1432,0.19329,,,1.5929,0,,0,0,1,16,16,0,16.0,141860.0
159.0,75,100,90,0.0,66.791,21.367,3.1713,0,0.9,0,0.001009,9.3357,25.394,74822,84093.0,6.4938,297.99,86.008,1.6684,10.0,,23,,1.154,0.19321,,,1.5933,0,,0,0,1,16,16,0,16.0,141890.0
159.2,75,100,90,0.0,69.775,15.097,0.31713,0,0.9,0,0.0010527,9.3027,25.437,74849,84130.0,6.4934,297.97,78.383,1.669,10.0,,23,,1.1531,0.19321,,,1.5938,0,,0,0,1,16,16,0,16.0,143430.0
159.4,75,100,90,0.0,72.942,7.4743,0.031713,0,0.9,0,0.0011166,9.229,25.482,74877,84169.0,6.4932,297.95,72.641,1.6695,10.0,,23,,1.1763,0.19304,,,1.5944,0,,0,0,1,16,16,0,16.0,143480.0
159.6,75,100,90,0.0,76.168,0.89186,0.0031713,0,0.9,0,0.0011193,9.2303,25.527,74906,84208.0,6.4929,297.94,67.442,1.6701,10.0,,23,,1.1813,0.193,,,1.5949,0,,0,0,1,16,16,0,16.0,144030.0
159.8,75,100,90,0.0,79.521,0.26756,13.913,0,0.9,0,0.0011351,9.2234,25.571,74935,84247.0,6.4931,297.96,74.695,1.6707,10.0,,23,,1.1885,0.19294,,,1.5955,0,,0,0,1,16,16,0,16.0,144570.0
160.0,75,100,90,0.0,82.806,4.9431,1.3913,0,0.9,0,0.0011251,9.2498,25.616,74964,84288.0,6.4978,297.94,69.363,1.6713,10.0,,23,,1.1797,0.19301,,,1.5961,0,,0,0,1,16,16,0,16.0,142950.0
160.2,75,100,80,0.0,84.191,1.4829,26.025,400,0.9,0,0.00086802,11.556,25.625,75072,84405.0,6.5072,297.93,65.61,1.6717,10.0,,23,,0.67233,0.1968,,,1.5965,0,,0,0,1,16,16,0,16.0,143160.0
160.4,75,100,80,0.0,81.83,0.44488,14.598,400,0.9,0,0.00087609,11.545,25.636,75180,84523.0,6.5145,297.89,51.719,1.6721,10.0,,23,,0.6346,0.19708,,,1.5968,0,,0,0,1,16,16,0,16.0,143380.0
160.6,75,100,80,0.0,76.576,0.13347,30.758,400,0.9,0,0.00089011,11.515,25.647,75286,84639.0,6.5186,297.9,52.474,1.6725,10.0,,23,,0.64578,0.19699,,,1.5972,0,,0,0,1,16,16,0,16.0,143600.0
160.8,75,100,80,0.0,69.662,0.04004,10.861,400,0.9,0,0.00087888,11.517,25.658,75392,84754.0,6.5191,297.85,35.299,1.6728,10.0,,23,,0.64137,0.19702,,,1.5976,0,,0,0,1,16,16,0,16.0,144820.0
161.0,75,100,80,0.0,62.567,0.012012,45.226,400,0.9,0,0.00086505,11.51,25.668,75495,84867.0,6.5143,297.89,49.17,1.6732,10.0,,23,,0.64908,0.19697,,,1.5979,0,,0,0,1,16,16,0,16.0,144370.0
161.2,75,100,80,0.0,57.37,0.0036036,0.0001,400,0.9,0,0.000891,11.464,25.681,75598,84980.0,6.5084,297.81,22.191,1.6735,10.0,,23,,0.66125,0.19687,,,1.5982,0,,0,0,1,16,16,0,16.0,144930.0
161.4,75,100,80,0.0,54.549,0.0010811,69.488,400,0.9,0,0.00087251,11.508,25.692,75700,85091.0,6.4995,297.91,57.968,1.6739,10.0,,23,,0.63478,0.19707,,,1.5986,0,,0,0,1,16,16,0,16.0,143990.0
161.6,75,100,80,0.0,55.291,0.00032432,0.0001,400,0.9,0,0.00086485,11.554,25.703,75802,85203.0,6.4923,297.84,30.9,1.6742,10.0,,23,,0.61363,0.19723,,,1.5989,0,,0,0,1,16,16,0,16.0,144040.0
161.8,75,100,80,0.0,58.899,0.0001,79.717,400,0.9,0,0.00086096,11.581,25.715,75905,85316.0,6.4867,297.96,75.726,1.6746,10.0,,23,,0.6144,0.19722,,,1.5992,0,,0,0,1,16,16,0,16.0,144600.0
162.0,75,100,80,0.0,64.737,36.794,7.9717,400,0.9,0,0.00088228,11.606,25.726,76009,85429.0,6.4864,297.9,53.16,1.6749,10.0,,23,,0.60713,0.19727,,,1.5995,0,,0,0,1,16,16,0,16.0,144490.0
162.2,75,100,80,0.0,70.696,11.038,106.67,400,0.9,0,0.0008789,11.648,25.737,76114,85544.0,6.4903,298.08,121.18,1.6752,10.0,,23,,0.60474,0.19729,,,1.5999,0,,0,0,1,16,16,0,16.0,144540.0
162.4,75,100,80,0.0,75.093,71.79,10.667,400,0.9,0,0.00086027,11.697,25.747,76221,85660.0,6.495,298.02,98.803,1.6756,10.0,,23,,0.59877,0.19733,,,1.6002,0,,0,0,1,16,16,0,16.0,143760.0
162.6,75,100,80,0.0,77.626,52.427,1.0667,400,0.9,0,0.00084515,11.729,25.757,76327,85776.0,6.502,297.94,70.046,1.6759,10.0,,23,,0.60939,0.19725,,,1.6005,0,,0,0,1,16,16,0,16.0,143970.0
162.8,75,100,80,0.0,77.329,15.728,72.002,400,0.9,0,0.00083036,11.749,25.766,76434,85892.0,6.5093,298.04,106.99,1.6761,10.0,,23,,0.61647,0.1972,,,1.6007,0,,0,0,1,16,16,0,16.0,145180.0
163.0,75,100,80,0.0,74.114,48.891,7.2002,400,0.9,0,0.00083214,11.745,25.775,76539,86007.0,6.5141,297.98,83.53,1.6764,10.0,,23,,0.6235,0.19715,,,1.601,0,,0,0,1,16,16,0,16.0,144560.0
163.2,75,100,80,0.0,68.995,27.781,0.72002,400,0.9,0,0.00086123,11.713,25.786,76644,86121.0,6.515,297.9,54.719,1.6767,10.0,,23,,0.62575,0.19713,,,1.6013,0,,0,0,1,16,16,0,16.0,145110.0
163.4,75,100,80,0.0,63.517,8.3344,54.918,400,0.9,0,0.00083059,11.713,25.795,76748,86234.0,6.5131,297.96,76.221,1.677,10.0,,23,,0.64749,0.19697,,,1.6015,0,,0,0,1,16,16,0,16.0,144990.0
163.6,75,100,80,0.0,58.798,25.359,5.4918,400,0.9,0,0.0008582,11.681,25.806,76851,86346.0,6.505,297.89,51.901,1.6773,10.0,,23,,0.65602,0.19691,,,1.6018,0,,0,0,1,16,16,0,16.0,144540.0
163.8,75,100,80,0.0,57.325,7.6076,80.813,400,0.9,0,0.00088195,11.634,25.818,76953,86458.0,6.4975,298.02,96.748,1.6775,10.0,,23,,0.69506,0.19662,,,1.6021,0,,0,0,1,16,16,0,16.0,144440.0
164.0,75,100,80,0.0,58.863,45.982,8.0813,400,0.9,0,0.00087919,11.651,25.83,77056,86571.0,6.492,297.95,73.81,1.6778,10.0,,23,,0.70108,0.19657,,,1.6023,0,,0,0,1,16,16,0,16.0,144830.0
164.2,75,100,80,0.0,62.572,24.287,0.80813,400,0.9,0,0.00091175,11.667,25.843,77160,86684.0,6.4879,297.88,45.195,1.6781,10.0,,23,,0.68596,0.19668,,,1.6026,0,,0,0,1,16,16,0,16.0,145560.0
164.4,75,100,80,0.0,67.942,7.2861,56.646,400,0.9,0,0.00092624,11.688,25.856,77264,86798.0,6.4874,297.94,68.24,1.6784,10.0,,23,,0.68991,0.19665,,,1.6029,0,,0,0,1,16,16,0,16.0,145280.0
164.6,75,100,80,0.0,73.509,2.1858,0.0001,400,0.9,0,0.0009185,11.731,25.867,77370,86913.0,6.4911,297.86,40.604,1.6787,10.0,,23,,0.692,0.19664,,,1.6032,0,,0,0,1,16,16,0,16.0,145010.0
164.8,75,100,80,0.0,77.57,0.65574,67.151,400,0.9,0,0.00089986,11.795,25.878,77476,87029.0,6.4977,297.95,73.669,1.679,10.0,,23,,0.67515,0.19676,,,1.6035,0,,0,0,1,16,16,0,16.0,145220.0
165.0,75,100,80,0.0,79.004,26.767,6.7151,400,0.9,0,0.00091241,11.8,25.889,77583,87145.0,6.5017,297.89,49.816,1.6793,10.0,,23,,0.67892,0.19673,,,1.6038,0,,0,0,1,16,16,0,16.0,145440.0
165.2,75,100,80,0.0,78.834,8.0301,90.347,400,0.9,0,0.00092298,11.799,25.899,77690,87261.0,6.505,298.03,102.94,1.6796,10.0,,23,,0.68875,0.19666,,,1.604,0,,0,0,1,16,16,0,16.0,145500.0
165.4,75,100,80,0.0,77.346,53.447,9.0347,400,0.9,0,0.00089855,11.826,25.91,77796,87377.0,6.5074,297.97,78.318,1.6799,10.0,,23,,0.68444,0.19669,,,1.6043,0,,0,0,1,16,16,0,16.0,145050.0
165.6,75,100,80,0.0,74.919,30.835,0.90347,400,0.9,0,0.00092433,11.809,25.921,77902,87492.0,6.5057,297.88,48.151,1.6801,10.0,,23,,0.68601,0.19668,,,1.6046,0,,0,0,1,16,16,0,16.0,145770.0
165.8,75,100,80,0.0,73.165,9.2504,61.555,400,0.9,0,0.00091106,11.834,25.932,78008,87607.0,6.504,297.96,75.254,1.6804,10.0,,23,,0.68253,0.1967,,,1.6048,0,,0,0,1,16,16,0,16.0,144320.0
166.0,75,100,80,0.0,72.102,30.488,6.1555,400,0.9,0,0.00091963,11.825,25.943,78113,87722.0,6.5041,297.89,50.869,1.6807,10.0,,23,,0.69575,0.1966,,,1.6051,0,,0,0,1,16,16,0,16.0,145380.0
166.2,75,100,80,0.0,70.984,9.1464,89.598,400,0.9,0,0.00090334,11.86,25.954,78218,87837.0,6.5038,298.03,103.39,1.681,10.0,,23,,0.68671,0.19667,,,1.6053,0,,0,0,1,16,16,0,16.0,145430.0
166.4,75,100,80,0.0,69.97,53.808,8.9598,400,0.9,0,0.00097569,11.792,25.967,78323,87951.0,6.5015,297.97,80.082,1.6812,10.0,,23,,0.71056,0.19649,,,1.6056,0,,0,0,1,16,16,0,16.0,145660.0
166.6,75,100,80,0.0,69.906,32.594,0.89598,400,0.9,0,0.00096442,11.822,25.979,78428,88065.0,6.4993,297.89,51.624,1.6815,10.0,,23,,0.70927,0.1965,,,1.6059,0,,0,0,1,16,16,0,16.0,146050.0
166.8,75,100,80,0.0,70.696,9.7782,60.85,400,0.9,0,0.00096068,11.831,25.991,78533,88180.0,6.4954,297.96,78.166,1.6818,10.0,,23,,0.7216,0.19641,,,1.6062,0,,0,0,1,16,16,0,16.0,146110.0
167.0,75,100,80,0.0,73.079,30.66,6.085,400,0.9,0,0.00096336,11.861,26.002,78639,88295.0,6.4961,297.9,53.674,1.6821,10.0,,23,,0.71594,0.19645,,,1.6064,0,,0,0,1,16,16,0,16.0,145500.0
167.2,75,100,80,0.0,75.144,9.1981,87.671,400,0.9,0,0.00095903,11.889,26.013,78744,88410.0,6.4995,298.03,104.25,1.6824,10.0,,23,,0.71255,0.19648,,,1.6067,0,,0,0,1,16,16,0,16.0,145550.0
167.4,75,100,80,0.0,75.859,52.058,8.7671,400,0.9,0,0.0009614,11.913,26.024,78850,88525.0,6.5037,297.97,80.993,1.6826,10.0,,23,,0.70365,0.19654,,,1.607,0,,0,0,1,16,16,0,16.0,145940.0
167.6,75,100,80,0.0,74.884,31.144,0.87671,400,0.9,0,0.00094707,11.947,26.035,78956,88640.0,6.5029,297.9,51.986,1.6829,10.0,,23,,0.68821,0.19666,,,1.6072,0,,0,0,1,16,16,0,16.0,145320.0
167.8,75,100,80,0.0,74.247,9.3431,59.551,400,0.9,0,0.00093084,11.959,26.045,79062,88755.0,6.5019,297.96,77.151,1.6831,10.0,,23,,0.69896,0.19658,,,1.6074,0,,0,0,1,16,16,0,16.0,145200.0
168.0,75,100,80,0.0,73.995,28.871,5.9551,400,0.9,0,0.00095262,11.957,26.055,79168,88870.0,6.5009,297.9,52.752,1.6834,10.0,1077.1,23,1885.7,0.70518,0.19653,26.013,24.121,1.6077,0,76.126,0,0,1,16,16,0,16.0,146420.0
168.2,75,100,80,0.0,74.15,8.6612,85.07,400,0.9,0,0.00097703,11.946,26.067,79273,88985.0,6.5016,298.02,101.06,1.6837,10.0,,23,,0.70949,0.1965,,,1.6079,0,,0,0,1,16,16,0,16.0,146310.0
168.4,75,100,80,0.0,74.027,49.075,8.507,400,0.9,0,0.00098811,11.958,26.078,79379,89100.0,6.5027,297.96,77.701,1.6839,10.0,,23,,0.70299,0.19654,,,1.6082,0,,0,0,1,16,16,0,16.0,145870.0
168.6,75,100,80,0.0,73.458,27.928,0.8507,400,0.9,0,0.0010032,11.959,26.09,79484,89215.0,6.5027,297.89,48.748,1.6842,10.0,,23,,0.69899,0.19657,,,1.6085,0,,0,0,1,16,16,0,16.0,145420.0
168.8,75,100,80,0.0,72.887,8.3785,57.804,400,0.9,0,0.0010312,11.928,26.103,79590,89330.0,6.503,297.95,72.509,1.6845,10.0,,23,,0.72267,0.1964,,,1.6087,0,,0,0,1,16,16,0,16.0,146320.0
169.0,75,100,80,0.0,72.216,2.5135,0.0001,400,0.9,0,0.0010667,11.873,26.118,79695,89445.0,6.505,297.88,44.297,1.6848,10.0,,23,,0.76271,0.1961,,,1.609,0,,0,0,1,16,16,0,16.0,145890.0
169.2,75,100,80,0.0,70.716,0.75406,64.903,400,0.9,0,0.0010302,11.901,26.132,79800,89559.0,6.5066,297.96,74.784,1.6851,10.0,,23,,0.77171,0.19603,,,1.6093,0,,0,0,1,16,16,0,16.0,146790.0
169.4,75,100,80,0.0,68.597,24.102,6.4903,400,0.9,0,0.0010292,11.899,26.146,79904,89673.0,6.508,297.89,50.906,1.6854,10.0,,23,,0.77613,0.196,,,1.6096,0,,0,0,1,16,16,0,16.0,147030.0
169.6,75,100,80,0.0,65.898,7.2306,83.927,400,0.9,0,0.0010341,11.897,26.161,80008,89787.0,6.5077,298.02,97.807,1.6857,10.0,,23,,0.78021,0.19597,,,1.6099,0,,0,0,1,16,16,0,16.0,146100.0
169.8,75,100,80,0.0,63.335,45.804,8.3927,400,0.9,0,0.001051,11.873,26.176,80112,89900.0,6.5041,297.95,71.966,1.6859,10.0,,23,,0.79978,0.19582,,,1.6101,0,,0,0,1,16,16,0,16.0,146680.0
170.0,75,100,80,0.0,62.242,13.741,106.76,400,0.9,0,0.0010854,11.843,26.192,80215,90013.0,6.5007,298.12,137.92,1.6862,10.0,,23,,0.82296,0.19565,,,1.6104,0,,0,0,1,16,16,0,16.0,147250.0
170.2,75,100,80,0.0,62.483,71.356,10.676,150,0.9,-4000,0.0011419,10.699,26.225,79572,89276.0,6.5272,298.06,115.87,1.677,10.0,,23,,1.0832,0.19372,,,1.6015,0,,0,0,1,16,16,0,16.0,146580.0
170.4,75,100,80,0.0,52.045,54.757,1.0676,150,0.9,-4000,0.0011432,10.657,26.259,78928,88536.0,6.5468,297.99,89.752,1.6632,10.0,,23,,1.1074,0.19357,,,1.5883,0,,0,0,1,16,16,0,16.0,147240.0
170.6,75,100,80,0.0,33.852,33.863,0.10676,150,0.9,-4000,0.0011556,10.575,26.295,78280,87794.0,6.5514,297.93,65.873,1.6492,10.0,,23,,1.1114,0.19356,,,1.5748,0,,0,0,1,16,16,0,16.0,147250.0
170.8,75,100,80,0.52033,16.926,10.159,49.595,150,0.9,-4000,0.0011752,10.488,26.332,77629,87048.0,6.5382,298.0,91.778,1.6351,10.0,,23,,1.1229,0.19351,,,1.5614,0,,0,0,1,16,16,0,16.0,147260.0
171.0,75,100,80,0.0,2.2369,31.878,4.9595,150,0.9,-4000,0.0012033,10.411,26.37,76975,86299.0,6.5092,297.96,76.665,1.6211,10.0,,23,,1.1192,0.19356,,,1.5479,0,,0,0,1,16,16,0,16.0,147610.0
171.2,75,100,80,0.0,0.0,17.31,0.49595,150,0.9,-4000,0.0012264,10.391,26.409,76320,85549.0,6.4796,297.91,59.559,1.6071,10.0,,23,,1.11,0.19366,,,1.5345,0,,0,0,1,16,16,0,16.0,148300.0
171.4,75,100,80,0.0,8.691,5.193,38.574,150,0.9,-4000,0.0012268,10.442,26.446,75667,84802.0,6.4618,297.96,77.51,1.5932,10.0,,23,,1.082,0.19389,,,1.5211,0,,0,0,1,16,16,0,16.0,147310.0
171.6,75,100,80,0.0,24.452,19.213,3.8574,150,0.9,-4000,0.001288,10.476,26.484,75018,84058.0,6.461,297.92,61.298,1.5792,10.0,,23,,1.0554,0.19412,,,1.5077,0,,0,0,1,16,16,0,16.0,146990.0
171.8,75,100,80,0.0,40.5,5.7639,61.551,150,0.9,-4000,0.0012669,10.582,26.52,74372,83316.0,6.4771,298.02,96.976,1.5653,10.0,,23,,1.013,0.19447,,,1.4943,0,,0,0,1,16,16,0,16.0,148000.0
172.0,75,100,80,0.0,50.132,37.26,6.1551,150,0.9,-4000,0.0012345,10.656,26.554,73728,82577.0,6.5008,297.96,76.465,1.5513,10.0,,23,,0.98354,0.19471,,,1.4809,0,,0,0,1,16,16,0,16.0,149330.0
172.2,75,100,80,0.0,50.312,17.246,0.61551,150,0.9,0,0.0012761,10.625,26.59,73779,82638.0,6.4957,297.9,54.914,1.5473,10.0,,23,,0.98044,0.19475,,,1.4771,0,,0,0,1,16,16,0,16.0,148670.0
172.4,75,100,80,0.0,52.645,5.1739,41.505,150,0.9,0,0.0012678,10.641,26.625,73831,82699.0,6.4934,297.95,71.659,1.5474,10.0,,23,,0.98018,0.19475,,,1.4772,0,,0,0,1,16,16,0,16.0,148000.0
172.6,75,100,80,0.0,55.792,1.5522,0.0001,150,0.9,0,0.0012387,10.68,26.659,73883,82761.0,6.4957,297.89,50.675,1.5478,10.0,,23,,0.97676,0.19477,,,1.4776,0,,0,0,1,16,16,0,16.0,149330.0
172.8,75,100,80,0.0,58.018,0.46565,53.885,150,0.9,0,0.0012697,10.669,26.693,73936,82823.0,6.5,297.96,78.523,1.5481,10.0,,23,,0.9852,0.19471,,,1.4779,0,,0,0,1,16,16,0,16.0,149160.0
173.0,75,100,80,0.0,58.516,23.663,5.3885,150,0.9,0,0.0012436,10.677,26.726,73989,82886.0,6.5051,297.91,58.616,1.5485,10.0,,23,,1.0014,0.19459,,,1.4783,0,,0,0,1,16,16,0,16.0,149490.0
173.2,75,100,80,0.0,56.981,7.099,78.377,150,0.9,0,0.0012462,10.665,26.759,74042,82948.0,6.5096,298.04,106.96,1.5489,10.0,,23,,1.0144,0.19449,,,1.4786,0,,0,0,1,16,16,0,16.0,149980.0
173.4,75,100,80,0.0,53.646,50.94,7.8377,150,0.9,0,0.001234,10.661,26.792,74094,83009.0,6.51,297.98,85.807,1.5492,10.0,,23,,1.0187,0.19446,,,1.479,0,,0,0,1,16,16,0,16.0,150470.0
173.6,75,100,80,0.0,50.186,31.087,0.78377,150,0.9,0,0.001239,10.646,26.824,74145,83070.0,6.5087,297.92,61.837,1.5496,10.0,,23,,1.0169,0.19447,,,1.4793,0,,0,0,1,16,16,0,16.0,149960.0
173.8,75,100,80,0.0,47.236,9.3262,52.909,150,0.9,0,0.0012374,10.621,26.857,74196,83130.0,6.5068,297.99,87.875,1.5499,10.0,,23,,1.0354,0.19433,,,1.4796,0,,0,0,1,16,16,0,16.0,149450.0
174.0,75,100,80,0.0,45.02,31.919,5.2909,150,0.9,0,0.001249,10.596,26.891,74246,83189.0,6.503,297.94,68.379,1.5503,10.0,,23,,1.0467,0.19424,,,1.48,0,,0,0,1,16,16,0,16.0,149610.0
174.2,75,100,80,0.0,44.339,9.5757,79.373,150,0.9,0,0.0012235,10.624,26.924,74296,83249.0,6.4983,298.08,118.27,1.5506,10.0,,23,,1.0302,0.19437,,,1.4803,0,,0,0,1,16,16,0,16.0,150100.0
174.4,75,100,80,0.0,45.56,55.766,7.9373,150,0.9,0,0.0011801,10.656,26.955,74347,83308.0,6.4966,298.01,95.959,1.551,10.0,,23,,1.0378,0.19431,,,1.4806,0,,0,0,1,16,16,0,16.0,150420.0
174.6,75,100,80,0.0,47.423,36.018,0.79373,150,0.9,0,0.0011823,10.669,26.987,74397,83368.0,6.4957,297.94,70.732,1.5513,10.0,,23,,1.0305,0.19436,,,1.4809,0,,0,0,1,16,16,0,16.0,151070.0
174.8,75,100,80,0.0,49.674,10.805,53.045,150,0.9,0,0.0011794,10.684,27.018,74449,83428.0,6.4961,298.01,95.196,1.5516,10.0,,23,,1.0308,0.19436,,,1.4812,0,,0,0,1,16,16,0,16.0,150880.0
175.0,75,100,80,0.0,51.729,32.759,5.3045,150,0.9,0,0.0011973,10.679,27.048,74500,83489.0,6.4988,297.95,73.518,1.5519,10.0,,23,,1.0375,0.19431,,,1.4815,0,,0,0,1,16,16,0,16.0,150370.0
175.2,75,100,80,0.0,52.742,11.781,0.53045,150,0.9,0,0.0011945,10.706,27.079,74552,83550.0,6.5032,297.89,50.302,1.5522,10.0,,23,,1.0197,0.19444,,,1.4819,0,,0,0,1,16,16,0,16.0,151510.0
175.4,75,100,80,0.0,51.974,3.5343,38.944,150,0.9,0,0.0012355,10.657,27.111,74604,83611.0,6.5068,297.92,63.673,1.5526,10.0,,23,,1.044,0.19426,,,1.4822,0,,0,0,1,16,16,0,16.0,150500.0
175.6,75,100,80,0.0,49.758,1.0603,0.0001,150,0.9,0,0.0012251,10.65,27.142,74655,83672.0,6.5095,297.86,42.32,1.5529,10.0,,23,,1.0551,0.19418,,,1.4825,0,,0,0,1,16,16,0,16.0,150480.0
175.8,75,100,80,0.0,46.484,0.31809,55.526,150,0.9,0,0.0012139,10.632,27.174,74705,83731.0,6.5096,297.94,71.307,1.5532,10.0,,23,,1.0716,0.19405,,,1.4828,0,,0,0,1,16,16,0,16.0,151130.0
176.0,75,100,80,0.0,43.179,0.095427,0.0001,150,0.9,0,0.0012024,10.619,27.205,74755,83791.0,6.5074,297.89,50.251,1.5535,10.0,,23,,1.0854,0.19395,,,1.4831,0,,0,0,1,16,16,0,16.0,151280.0
176.2,75,100,80,0.0,40.734,0.028628,60.718,150,0.9,0,0.0012016,10.605,27.236,74805,83849.0,6.5042,297.98,84.132,1.5538,10.0,,23,,1.0946,0.19388,,,1.4834,0,,0,0,1,16,16,0,16.0,151930.0
176.4,75,100,80,0.0,39.573,28.669,6.0718,150,0.9,0,0.001184,10.637,27.267,74854,83907.0,6.5,297.93,64.937,1.5541,10.0,,23,,1.0696,0.19406,,,1.4837,0,,0,0,1,16,16,0,16.0,152750.0
176.6,75,100,80,0.0,40.077,8.6007,82.919,150,0.9,0,0.0011998,10.619,27.298,74903,83966.0,6.4969,298.07,117.46,1.5544,10.0,,23,,1.0807,0.19398,,,1.484,0,,0,0,1,16,16,0,16.0,151560.0
176.8,75,100,80,0.0,41.829,56.547,8.2919,150,0.9,0,0.0011988,10.629,27.329,74952,84025.0,6.4968,298.02,97.416,1.5548,10.0,,23,,1.0764,0.19401,,,1.4843,0,,0,0,1,16,16,0,16.0,151710.0
177.0,75,100,80,0.0,43.617,38.977,0.82919,150,0.9,0,0.0011611,10.665,27.359,75002,84084.0,6.5003,297.95,72.562,1.555,10.0,,23,,1.0726,0.19404,,,1.4845,0,,0,0,1,16,16,0,16.0,152020.0
177.2,75,100,80,0.0,44.001,11.693,56.193,150,0.9,0,0.001144,10.687,27.388,75052,84143.0,6.5027,298.02,99.81,1.5553,10.0,,23,,1.0639,0.1941,,,1.4848,0,,0,0,1,16,16,0,16.0,151990.0
177.4,75,100,80,0.0,43.446,36.292,5.6193,150,0.9,0,0.0011401,10.69,27.416,75102,84202.0,6.5041,297.96,78.698,1.5556,10.0,,23,,1.0626,0.19411,,,1.4851,0,,0,0,1,16,16,0,16.0,152960.0
177.6,75,100,80,0.0,42.345,16.434,0.56193,150,0.9,0,0.0011625,10.663,27.446,75152,84260.0,6.505,297.9,55.793,1.5559,10.0,,23,,1.0694,0.19406,,,1.4854,0,,0,0,1,16,16,0,16.0,152770.0
177.8,75,100,80,0.0,40.852,4.9303,40.547,150,0.9,0,0.0011402,10.67,27.475,75201,84319.0,6.506,297.94,69.941,1.5562,10.0,,23,,1.0795,0.19399,,,1.4856,0,,0,0,1,16,16,0,16.0,153410.0
178.0,75,100,80,0.0,38.991,1.4791,0.0001,150,0.9,0,0.0011388,10.66,27.504,75250,84377.0,6.5046,297.88,48.04,1.5564,10.0,,23,,1.0842,0.19395,,,1.4859,0,,0,0,1,16,16,0,16.0,152880.0
178.2,75,100,80,0.0,37.687,0.44373,53.401,150,0.9,0,0.0011632,10.642,27.533,75299,84435.0,6.5013,297.95,74.903,1.5567,10.0,,23,,1.0822,0.19396,,,1.4862,0,,0,0,1,16,16,0,16.0,152850.0
178.4,75,100,80,0.0,37.676,21.985,5.3401,150,0.9,0,0.0011606,10.653,27.563,75348,84493.0,6.4985,297.91,57.873,1.557,10.0,,23,,1.0701,0.19406,,,1.4864,0,,0,0,1,16,16,0,16.0,152990.0
178.6,75,100,80,0.0,38.785,6.5955,73.177,150,0.9,0,0.0011739,10.661,27.593,75397,84551.0,6.4967,298.03,102.43,1.5573,10.0,,23,,1.057,0.19415,,,1.4867,0,,0,0,1,16,16,0,16.0,153470.0
178.8,75,100,80,0.0,40.609,45.847,7.3177,150,0.9,0,0.001246,10.611,27.624,75446,84609.0,6.4965,297.99,87.996,1.5576,10.0,,23,,1.0715,0.19404,,,1.487,0,,0,0,1,16,16,0,16.0,153450.0
179.0,75,100,80,0.0,42.538,32.337,0.73177,150,0.9,0,0.0012187,10.663,27.654,75495,84668.0,6.4987,297.93,67.141,1.5579,10.0,,23,,1.0412,0.19427,,,1.4873,0,,0,0,1,16,16,0,16.0,153260.0
179.2,75,100,80,0.0,43.569,9.701,53.05,150,0.9,0,0.0012695,10.638,27.685,75545,84728.0,6.5021,298.01,94.313,1.5583,10.0,,23,,1.0398,0.19428,,,1.4876,0,,0,0,1,16,16,0,16.0,152750.0
179.4,75,100,80,0.0,43.24,33.408,5.305,150,0.9,0,0.001279,10.636,27.716,75595,84787.0,6.5052,297.96,78.138,1.5586,10.0,,23,,1.0317,0.19434,,,1.488,0,,0,0,1,16,16,0,16.0,154060.0
179.6,75,100,80,0.0,41.678,17.79,0.5305,150,0.9,0,0.0012685,10.63,27.747,75645,84846.0,6.5073,297.91,57.915,1.559,10.0,,23,,1.0425,0.19426,,,1.4883,0,,0,0,1,16,16,0,16.0,153540.0
179.8,75,100,80,0.0,39.27,5.3369,41.822,150,0.9,0,0.0012758,10.606,27.779,75694,84904.0,6.5049,297.96,75.747,1.5593,10.0,,23,,1.0546,0.19417,,,1.4886,0,,0,0,1,16,16,0,16.0,154030.0
180.0,75,100,80,0.0,37.829,19.181,4.1822,150,0.9,0,0.0012645,10.61,27.81,75742,84962.0,6.5027,297.91,59.077,1.5596,10.0,1139.0,23,1932.8,1.063,0.1941,27.685,23.618,1.4889,0,74.181,0,0,1,16,16,0,16.0,154840.0
180.2,75,100,80,0.0,37.252,5.7542,62.98,150,0.9,0,0.0013002,10.575,27.841,75791,85020.0,6.5004,298.01,96.175,1.56,10.0,,23,,1.0792,0.19398,,,1.4893,0,,0,0,1,16,16,0,16.0,153990.0
180.4,75,100,80,0.0,37.618,37.85,6.298,150,0.9,0,0.0012979,10.593,27.872,75839,85078.0,6.4997,297.97,81.199,1.5603,10.0,,23,,1.0626,0.19411,,,1.4896,0,,0,0,1,16,16,0,16.0,154480.0
180.6,75,100,80,0.0,38.239,23.399,0.6298,150,0.9,0,0.0013344,10.557,27.904,75888,85136.0,6.4987,297.92,61.863,1.5607,10.0,,23,,1.0829,0.19395,,,1.49,0,,0,0,1,16,16,0,16.0,155130.0
180.8,75,100,80,0.0,39.283,7.0198,45.315,150,0.9,0,0.0013525,10.556,27.936,75937,85195.0,6.5,297.98,83.558,1.5611,10.0,,23,,1.0829,0.19395,,,1.4903,0,,0,0,1,16,16,0,16.0,154950.0
181.0,75,100,80,0.0,39.813,24.847,4.5315,150,0.9,0,0.0013712,10.556,27.968,75986,85254.0,6.5003,297.94,68.149,1.5615,10.0,,23,,1.0734,0.19402,,,1.4907,0,,0,0,1,16,16,0,16.0,155430.0
181.2,75,100,80,0.0,40.232,7.4541,65.176,150,0.9,0,0.0013504,10.588,27.999,76035,85312.0,6.5026,298.04,107.19,1.5618,10.0,,23,,1.0573,0.19414,,,1.4911,0,,0,0,1,16,16,0,16.0,155580.0
181.4,75,100,80,0.0,39.69,42.17,6.5176,150,0.9,0,0.0013256,10.611,28.029,76084,85371.0,6.5051,298.0,90.429,1.5622,10.0,,23,,1.0414,0.19426,,,1.4914,0,,0,0,1,16,16,0,16.0,156230.0
181.6,75,100,80,0.0,38.182,27.174,0.65176,150,0.9,0,0.0013614,10.59,28.06,76133,85429.0,6.5057,297.94,69.969,1.5626,10.0,,23,,1.0367,0.19429,,,1.4918,0,,0,0,1,16,16,0,16.0,155880.0
181.8,75,100,80,0.0,36.427,8.1521,44.312,150,0.9,0,0.001374,10.585,28.091,76181,85487.0,6.505,298.0,90.693,1.563,10.0,,23,,1.0327,0.19432,,,1.4922,0,,0,0,1,16,16,0,16.0,156520.0
182.0,75,100,80,0.0,34.951,25.855,4.4312,150,0.9,0,0.0013988,10.562,28.123,76230,85545.0,6.5022,297.95,74.938,1.5634,10.0,,23,,1.0372,0.19429,,,1.4925,0,,0,0,1,16,16,0,16.0,155510.0
182.2,75,100,80,0.0,34.611,10.517,0.44312,150,0.9,0,0.0014192,10.553,28.155,76278,85603.0,6.4992,297.91,57.048,1.5638,10.0,,23,,1.0329,0.19432,,,1.4929,0,,0,0,1,16,16,0,16.0,155500.0
182.4,75,100,80,0.0,35.435,3.1551,33.258,150,0.9,0,0.0013886,10.562,28.186,76326,85661.0,6.499,297.94,68.833,1.5642,10.0,,23,,1.0421,0.19425,,,1.4933,0,,0,0,1,16,16,0,16.0,156650.0
182.6,75,100,80,0.0,36.363,0.94654,0.0001,150,0.9,0,0.001407,10.541,28.218,76374,85719.0,6.4993,297.89,51.046,1.5646,10.0,,23,,1.0554,0.19415,,,1.4937,0,,0,0,1,16,16,0,16.0,156470.0
182.8,75,100,80,0.0,37.147,0.28396,45.603,150,0.9,0,0.0013777,10.546,28.25,76423,85777.0,6.4994,297.95,73.94,1.565,10.0,,23,,1.0705,0.19404,,,1.4941,0,,0,0,1,16,16,0,16.0,157120.0
183.0,75,100,80,0.0,37.891,17.972,4.5603,150,0.9,0,0.001373,10.544,28.282,76471,85835.0,6.5003,297.91,59.029,1.5654,10.0,,23,,1.0788,0.19397,,,1.4945,0,,0,0,1,16,16,0,16.0,156440.0
183.2,75,100,80,0.0,38.284,5.3917,63.458,150,0.9,0,0.0014037,10.534,28.314,76520,85894.0,6.5022,298.02,97.77,1.5658,10.0,,23,,1.0812,0.19395,,,1.4948,0,,0,0,1,16,16,0,16.0,156590.0
183.4,75,100,80,0.0,37.904,38.652,6.3458,150,0.9,0,0.0013285,10.577,28.345,76569,85952.0,6.5043,297.97,82.315,1.5662,10.0,,23,,1.081,0.19396,,,1.4952,0,,0,0,1,16,16,0,16.0,156070.0
183.6,75,100,80,0.0,36.711,24.008,0.63458,150,0.9,0,0.0013049,10.598,28.375,76617,86010.0,6.5054,297.92,62.702,1.5665,10.0,,23,,1.0696,0.19404,,,1.4955,0,,0,0,1,16,16,0,16.0,156380.0
183.8,75,100,80,0.0,35.073,7.2023,45.237,150,0.9,0,0.0012594,10.619,28.404,76665,86067.0,6.5065,297.98,82.963,1.5668,10.0,,23,,1.0718,0.19402,,,1.4958,0,,0,0,1,16,16,0,16.0,156860.0
184.0,75,100,80,0.0,32.989,23.588,4.5237,150,0.9,0,0.0012466,10.639,28.433,76713,86124.0,6.5056,297.93,65.555,1.5671,10.0,,23,,1.0538,0.19416,,,1.4961,0,,0,0,1,16,16,0,16.0,157330.0
184.2,75,100,80,0.0,31.266,7.0764,65.662,150,0.9,0,0.0012154,10.671,28.461,76760,86181.0,6.5026,298.03,103.58,1.5674,10.0,,23,,1.0361,0.19429,,,1.4964,0,,0,0,1,16,16,0,16.0,158130.0
184.4,75,100,80,0.0,30.742,40.267,6.5662,150,0.9,0,0.0011756,10.698,28.488,76807,86237.0,6.4991,297.98,86.176,1.5677,10.0,,23,,1.0333,0.19431,,,1.4967,0,,0,0,1,16,16,0,16.0,158590.0
184.6,75,100,80,0.0,31.622,24.453,0.65662,150,0.9,0,0.0011573,10.726,28.515,76854,86294.0,6.4963,297.92,63.483,1.5679,10.0,,23,,1.0222,0.19439,,,1.4969,0,,0,0,1,16,16,0,16.0,157220.0
184.8,75,100,80,0.0,33.627,7.3359,46.393,150,0.9,0,0.0012064,10.698,28.542,76902,86351.0,6.4951,297.98,83.702,1.5682,10.0,,23,,1.0261,0.19436,,,1.4971,0,,0,0,1,16,16,0,16.0,158350.0
185.0,75,100,80,0.0,36.112,23.767,4.6393,150,0.9,0,0.0011924,10.711,28.569,76950,86408.0,6.4964,297.93,65.094,1.5685,10.0,,23,,1.0314,0.19432,,,1.4974,0,,0,0,1,16,16,0,16.0,158140.0
185.2,75,100,80,0.0,38.069,7.1301,66.917,150,0.9,0,0.0012124,10.708,28.595,76999,86466.0,6.4987,298.03,103.35,1.5687,10.0,,23,,1.0319,0.19432,,,1.4977,0,,0,0,1,16,16,0,16.0,157770.0
185.4,75,100,80,0.0,39.109,40.407,6.6917,150,0.9,0,0.0011631,10.749,28.621,77048,86524.0,6.5023,297.98,85.004,1.569,10.0,,23,,1.0238,0.19438,,,1.4979,0,,0,0,1,16,16,0,16.0,158730.0
185.6,75,100,80,0.0,38.695,23.733,0.66917,150,0.9,0,0.001186,10.728,28.648,77097,86582.0,6.5042,297.92,62.625,1.5692,10.0,,23,,1.0307,0.19433,,,1.4982,0,,0,0,1,16,16,0,16.0,158190.0
185.8,75,100,80,0.0,37.524,7.1198,45.192,150,0.9,0,0.0012244,10.707,28.675,77145,86640.0,6.5032,297.97,81.512,1.5695,10.0,,23,,1.0314,0.19432,,,1.4984,0,,0,0,1,16,16,0,16.0,158820.0
186.0,75,100,80,0.0,36.769,22.164,4.5192,150,0.9,0,0.0012159,10.713,28.702,77193,86697.0,6.5011,297.92,62.872,1.5698,10.0,,23,,1.0338,0.1943,,,1.4987,0,,0,0,1,16,16,0,16.0,159110.0
186.2,75,100,80,0.0,36.843,6.6492,65.521,150,0.9,0,0.001194,10.74,28.727,77242,86755.0,6.4996,298.02,99.272,1.57,10.0,,23,,1.0258,0.19436,,,1.4989,0,,0,0,1,16,16,0,16.0,158230.0
186.4,75,100,80,0.0,37.54,37.866,6.5521,150,0.9,0,0.0011986,10.746,28.753,77290,86813.0,6.4992,297.97,81.025,1.5703,10.0,,23,,1.0243,0.19437,,,1.4991,0,,0,0,1,16,16,0,16.0,158520.0
186.6,75,100,80,0.0,38.363,20.962,0.65521,150,0.9,0,0.0012135,10.743,28.778,77339,86870.0,6.4994,297.91,58.758,1.5705,10.0,,23,,1.0241,0.19437,,,1.4994,0,,0,0,1,16,16,0,16.0,159310.0
186.8,75,100,80,0.0,39.133,6.2887,44.432,150,0.9,0,0.0012419,10.729,28.804,77388,86929.0,6.5007,297.96,76.762,1.5708,10.0,,23,,1.0273,0.19435,,,1.4996,0,,0,0,1,16,16,0,16.0,158770.0
187.0,75,100,80,0.0,39.38,20.07,4.4432,150,0.9,0,0.0011958,10.761,28.829,77437,86987.0,6.5036,297.91,57.052,1.571,10.0,,23,,1.0301,0.19433,,,1.4999,0,,0,0,1,16,16,0,16.0,160220.0
187.2,75,100,80,0.0,38.446,6.0211,66.706,150,0.9,0,0.0012254,10.73,28.854,77485,87044.0,6.5055,298.01,94.403,1.5713,10.0,,23,,1.0445,0.19422,,,1.5001,0,,0,0,1,16,16,0,16.0,158500.0
187.4,75,100,80,0.0,36.754,37.448,6.6706,150,0.9,0,0.0012117,10.747,28.878,77534,87102.0,6.5061,297.96,75.378,1.5715,10.0,,23,,1.0337,0.1943,,,1.5004,0,,0,0,1,16,16,0,16.0,158950.0
187.6,75,100,80,0.0,34.827,19.366,0.66706,150,0.9,0,0.0011934,10.741,28.903,77581,87159.0,6.5056,297.89,52.185,1.5718,10.0,,23,,1.0415,0.19424,,,1.5006,0,,0,0,1,16,16,0,16.0,158900.0
187.8,75,100,80,0.0,33.103,5.8097,46.537,150,0.9,0,0.0011889,10.72,28.927,77629,87216.0,6.503,297.95,71.517,1.572,10.0,,23,,1.0587,0.19411,,,1.5008,0,,0,0,1,16,16,0,16.0,159350.0
188.0,75,100,80,0.0,32.423,1.7429,0.0001,150,0.9,0,0.0011763,10.719,28.952,77677,87272.0,6.4997,297.89,49.184,1.5722,10.0,,23,,1.0648,0.19406,,,1.501,0,,0,0,1,16,16,0,16.0,159640.0
188.2,75,100,80,0.0,33.061,0.52288,55.464,150,0.9,0,0.0011964,10.703,28.977,77724,87329.0,6.4953,297.96,77.15,1.5725,10.0,,23,,1.0735,0.194,,,1.5013,0,,0,0,1,16,16,0,16.0,159920.0
188.4,75,100,80,0.0,35.465,22.456,5.5464,150,0.9,0,0.0012234,10.673,29.003,77772,87386.0,6.4935,297.91,58.909,1.5727,10.0,,23,,1.1014,0.19379,,,1.5015,0,,0,0,1,16,16,0,16.0,159540.0
188.6,75,100,80,0.0,38.57,6.7369,73.426,150,0.9,0,0.0012715,10.653,29.029,77821,87444.0,6.4957,298.03,103.02,1.573,10.0,,23,,1.109,0.19373,,,1.5018,0,,0,0,1,16,16,0,16.0,160500.0
188.8,75,100,80,0.0,40.793,44.39,7.3426,150,0.9,0,0.0012733,10.658,29.054,77870,87503.0,6.4985,297.98,84.902,1.5733,10.0,,23,,1.112,0.19371,,,1.502,0,,0,0,1,16,16,0,16.0,160790.0
189.0,75,100,80,0.0,41.896,27.942,0.73426,150,0.9,0,0.0011996,10.732,29.078,77919,87561.0,6.5033,297.92,60.296,1.5735,10.0,,23,,1.0907,0.19387,,,1.5023,0,,0,0,1,16,16,0,16.0,161070.0
189.2,75,100,80,0.0,41.081,8.3825,52.453,150,0.9,0,0.0011782,10.747,29.101,77968,87619.0,6.5078,297.98,83.457,1.5738,10.0,,23,,1.0881,0.19389,,,1.5025,0,,0,0,1,16,16,0,16.0,160840.0
189.4,75,100,80,0.0,38.468,26.981,5.2453,150,0.9,0,0.001216,10.714,29.125,78017,87677.0,6.509,297.92,63.395,1.574,10.0,,23,,1.0911,0.19386,,,1.5027,0,,0,0,1,16,16,0,16.0,160790.0
189.6,75,100,80,0.0,35.391,8.0944,73.678,150,0.9,0,0.0012603,10.675,29.15,78065,87734.0,6.5067,298.04,107.16,1.5742,10.0,,23,,1.0969,0.19382,,,1.503,0,,0,0,1,16,16,0,16.0,160740.0
189.8,75,100,80,0.0,33.227,45.791,7.3678,150,0.9,0,0.0012429,10.68,29.174,78112,87791.0,6.501,297.99,86.938,1.5745,10.0,,23,,1.0996,0.1938,,,1.5032,0,,0,0,1,16,16,0,16.0,161190.0
190.0,75,100,80,0.0,33.355,27.879,0.73678,150,0.9,0,0.0012238,10.69,29.199,78160,87848.0,6.4966,297.92,62.642,1.5747,10.0,,23,,1.0975,0.19381,,,1.5034,0,,0,0,1,16,16,0,16.0,160810.0
190.2,75,100,80,0.0,35.222,8.3637,49.439,150,0.9,-4000,0.0012336,10.698,29.223,77514,87105.0,6.5215,297.98,83.617,1.5656,10.0,,23,,1.0961,0.19384,,,1.4947,0,,0,0,1,16,16,0,16.0,160420.0
190.4,75,100,80,0.0,27.052,25.216,4.9439,150,0.9,-4000,0.0012819,10.632,29.248,76866,86361.0,6.5343,297.93,64.322,1.5524,10.0,,23,,1.0984,0.19385,,,1.4821,0,,0,0,1,16,16,0,16.0,161380.0
190.6,75,100,80,0.0,13.907,7.5647,69.594,150,0.9,-4000,0.0012744,10.577,29.274,76216,85613.0,6.5284,298.04,106.16,1.539,10.0,,23,,1.0971,0.19389,,,1.4692,0,,0,0,1,16,16,0,16.0,161840.0
190.8,75,100,80,0.0,3.135,44.32,6.9594,150,0.9,-4000,0.0013463,10.483,29.302,75564,84864.0,6.5055,297.99,89.533,1.5256,10.0,,23,,1.1065,0.19384,,,1.4563,0,,0,0,1,16,16,0,16.0,161140.0
191.0,75,100,80,0.0,1.5124,29.252,0.69594,150,0.9,-4000,0.0013769,10.461,29.331,74911,84115.0,6.4812,297.94,69.921,1.5121,10.0,,23,,1.0958,0.19395,,,1.4434,0,,0,0,1,16,16,0,16.0,162110.0
191.2,75,100,80,0.0,9.5678,8.7757,46.164,150,0.9,-4000,0.0013889,10.48,29.359,74261,83367.0,6.4693,298.0,92.475,1.4987,10.0,,23,,1.094,0.19399,,,1.4306,0,,0,0,1,16,16,0,16.0,162240.0
191.4,75,100,80,0.0,22.335,28.577,4.6164,150,0.9,-4000,0.0013832,10.57,29.385,73612,82622.0,6.4753,297.95,74.45,1.4853,10.0,,23,,1.048,0.19436,,,1.4177,0,,0,0,1,16,16,0,16.0,162370.0
191.6,75,100,80,0.0,32.693,10.745,0.46164,150,0.9,-4000,0.0014392,10.597,29.412,72966,81879.0,6.4946,297.89,53.932,1.472,10.0,,23,,1.0192,0.1946,,,1.4049,0,,0,0,1,16,16,0,16.0,162660.0
191.8,75,100,80,0.0,35.334,3.2236,36.767,150,0.9,-4000,0.0014774,10.607,29.439,72321,81137.0,6.5169,297.93,66.878,1.4586,10.0,,23,,0.9926,0.19483,,,1.3921,0,,0,0,1,16,16,0,16.0,162290.0
192.0,75,100,80,0.0,29.078,0.96709,0.0001,150,0.9,-4000,0.0015157,10.557,29.467,71674,80393.0,6.5293,297.88,48.01,1.4453,10.0,1160.3,23,1996.0,0.98913,0.19488,29.359,23.44,1.3793,0,75.741,0,0,1,16,16,0,16.0,162090.0
192.2,75,100,80,0.0,17.895,0.29013,51.249,150,0.9,0,0.0015024,10.514,29.495,71719,80448.0,6.4987,297.96,76.551,1.4416,10.0,,23,,0.98649,0.19491,,,1.3757,0,,0,0,1,16,16,0,16.0,163060.0
192.4,75,100,80,0.0,19.095,24.561,5.1249,150,0.9,0,0.001511,10.509,29.524,71765,80502.0,6.4734,297.91,60.062,1.4417,10.0,,23,,0.99516,0.19484,,,1.3759,0,,0,0,1,16,16,0,16.0,162860.0
192.6,75,100,80,0.0,30.238,7.3684,77.255,150,0.9,0,0.0015573,10.533,29.551,71812,80559.0,6.4644,298.06,110.09,1.4421,10.0,,23,,0.98944,0.19489,,,1.3762,0,,0,0,1,16,16,0,16.0,161990.0
192.8,75,100,80,0.0,44.929,54.29,7.7255,150,0.9,0,0.0015564,10.613,29.578,71863,80619.0,6.471,297.99,87.488,1.4424,10.0,,23,,0.96028,0.1951,,,1.3766,0,,0,0,1,16,16,0,16.0,163450.0
193.0,75,100,80,0.0,57.001,32.778,0.77255,150,0.9,0,0.0015249,10.692,29.603,71915,80681.0,6.4869,297.92,62.052,1.4428,10.0,,23,,0.94291,0.19523,,,1.3769,0,,0,0,1,16,16,0,16.0,162740.0
193.2,75,100,80,0.0,62.731,9.8333,55.033,150,0.9,0,0.0015413,10.717,29.628,71969,80744.0,6.5039,297.99,88.517,1.4432,10.0,,23,,0.93048,0.19533,,,1.3773,0,,0,0,1,16,16,0,16.0,162030.0
193.4,75,100,80,0.0,61.678,33.612,5.5033,150,0.9,0,0.0015699,10.695,29.654,72023,80807.0,6.5184,297.93,67.432,1.4436,10.0,,23,,0.93472,0.19529,,,1.3777,0,,0,0,1,16,16,0,16.0,163480.0
193.6,75,100,80,0.0,54.863,10.084,84.364,150,0.9,0,0.0015997,10.651,29.68,72076,80869.0,6.5263,298.09,121.47,1.444,10.0,,23,,0.94333,0.19523,,,1.3781,0,,0,0,1,16,16,0,16.0,163440.0
193.8,75,100,80,0.0,44.896,61.701,8.4364,150,0.9,0,0.0015873,10.601,29.707,72126,80929.0,6.5251,298.03,101.17,1.4444,10.0,,23,,0.95418,0.19515,,,1.3784,0,,0,0,1,16,16,0,16.0,162900.0
194.0,75,100,80,0.0,35.399,43.695,0.84364,150,0.9,0,0.0015585,10.567,29.735,72175,80986.0,6.5156,297.96,77.536,1.4448,10.0,,23,,0.96183,0.19509,,,1.3788,0,,0,0,1,16,16,0,16.0,163870.0
194.2,75,100,80,0.0,29.719,21.816,0.084364,150,0.9,0,0.0015744,10.519,29.764,72222,81043.0,6.4989,297.9,56.897,1.4452,10.0,,23,,0.97651,0.19498,,,1.3792,0,,0,0,1,16,16,0,16.0,163840.0
194.4,75,100,80,0.0,30.693,6.5447,42.076,150,0.9,0,0.0015391,10.538,29.792,72270,81100.0,6.4843,297.96,75.875,1.4455,10.0,,23,,0.97876,0.19496,,,1.3796,0,,0,0,1,16,16,0,16.0,164140.0
194.6,75,100,80,0.0,37.483,22.142,4.2076,150,0.9,0,0.0015357,10.578,29.819,72319,81159.0,6.4806,297.91,58.207,1.4459,10.0,,23,,0.96741,0.19504,,,1.3799,0,,0,0,1,16,16,0,16.0,163770.0
194.8,75,100,80,0.0,45.742,6.6426,69.671,150,0.9,0,0.001517,10.638,29.846,72369,81218.0,6.4857,298.03,100.09,1.4463,10.0,,23,,0.94782,0.19519,,,1.3803,0,,0,0,1,16,16,0,16.0,164400.0
195.0,75,100,80,0.0,51.944,44.956,6.9671,150,0.9,0,0.0015741,10.621,29.872,72421,81280.0,6.4959,297.97,81.815,1.4467,10.0,,23,,0.95682,0.19512,,,1.3806,0,,0,0,1,16,16,0,16.0,164360.0
195.2,75,100,80,0.0,54.082,26.983,0.69671,150,0.9,0,0.0016024,10.619,29.899,72473,81341.0,6.5064,297.91,60.475,1.4471,10.0,,23,,0.9573,0.19512,,,1.381,0,,0,0,1,16,16,0,16.0,163490.0
195.4,75,100,80,0.0,52.024,8.095,49.589,150,0.9,0,0.0015934,10.594,29.926,72525,81403.0,6.5151,297.98,85.103,1.4475,10.0,,23,,0.97594,0.19498,,,1.3814,0,,0,0,1,16,16,0,16.0,163610.0
195.6,75,100,80,0.0,46.511,29.606,4.9589,150,0.9,0,0.0015866,10.564,29.953,72576,81463.0,6.5196,297.94,68.151,1.4479,10.0,,23,,0.98963,0.19487,,,1.3818,0,,0,0,1,16,16,0,16.0,163740.0
195.8,75,100,80,0.0,39.199,8.8819,74.732,150,0.9,0,0.0015938,10.516,29.981,72625,81522.0,6.5159,298.07,116.35,1.4483,10.0,,23,,1.0069,0.19474,,,1.3822,0,,0,0,1,16,16,0,16.0,165040.0
196.0,75,100,80,0.0,33.384,54.319,7.4732,150,0.9,0,0.0016492,10.466,30.009,72673,81579.0,6.5051,298.03,101.34,1.4487,10.0,,23,,1.0133,0.19469,,,1.3826,0,,0,0,1,16,16,0,16.0,164510.0
196.2,75,100,80,0.0,31.896,41.238,0.74732,150,0.9,0,0.0016655,10.445,30.038,72721,81637.0,6.4935,297.97,81.043,1.4492,10.0,,23,,1.0201,0.19464,,,1.383,0,,0,0,1,16,16,0,16.0,164650.0
196.4,75,100,80,0.0,35.013,22.704,0.074732,150,0.9,0,0.0016483,10.462,30.066,72769,81695.0,6.4865,297.92,61.231,1.4496,10.0,,23,,1.0216,0.19463,,,1.3835,0,,0,0,1,16,16,0,16.0,165620.0
196.6,75,100,80,0.0,40.93,6.8112,42.051,150,0.9,0,0.0016702,10.474,30.094,72819,81754.0,6.4839,297.97,80.737,1.4501,10.0,,23,,1.0253,0.1946,,,1.3839,0,,0,0,1,16,16,0,16.0,165250.0
196.8,75,100,80,0.0,47.874,23.244,4.2051,150,0.9,0,0.0016668,10.514,30.121,72870,81815.0,6.4893,297.92,62.837,1.4505,10.0,,23,,1.0133,0.19469,,,1.3843,0,,0,0,1,16,16,0,16.0,164880.0
197.0,75,100,80,0.0,52.63,6.9732,68.384,150,0.9,0,0.0016511,10.554,30.148,72922,81876.0,6.4994,298.04,104.24,1.451,10.0,,23,,1.0027,0.19477,,,1.3848,0,,0,0,1,16,16,0,16.0,164510.0
197.2,75,100,80,0.0,53.365,44.998,6.8384,150,0.9,0,0.0016415,10.572,30.174,72974,81938.0,6.5087,297.98,83.851,1.4514,10.0,,23,,0.99427,0.19483,,,1.3852,0,,0,0,1,16,16,0,16.0,166460.0
197.4,75,100,80,0.0,50.402,25.546,0.68384,150,0.9,0,0.0016623,10.539,30.2,73025,81999.0,6.5148,297.92,62.313,1.4518,10.0,,23,,1.0022,0.19477,,,1.3856,0,,0,0,1,16,16,0,16.0,165420.0
197.6,75,100,80,0.0,45.018,7.6639,45.643,150,0.9,0,0.0016068,10.542,30.227,73075,82059.0,6.5156,297.98,83.766,1.4523,10.0,,23,,1.0045,0.19475,,,1.386,0,,0,0,1,16,16,0,16.0,166720.0
197.8,75,100,80,0.0,39.334,26.091,4.5643,150,0.9,0,0.0015805,10.528,30.253,73125,82118.0,6.5099,297.93,66.378,1.4527,10.0,,23,,1.0114,0.1947,,,1.3864,0,,0,0,1,16,16,0,16.0,166170.0
198.0,75,100,80,0.0,35.91,7.8274,70.029,150,0.9,0,0.0015311,10.534,30.279,73173,82176.0,6.5025,298.05,109.77,1.4531,10.0,,23,,1.0192,0.19464,,,1.3868,0,,0,0,1,16,16,0,16.0,167130.0
198.2,75,100,80,0.0,35.424,48.03,7.0029,150,0.9,0,0.0014982,10.542,30.304,73222,82234.0,6.4939,298.0,91.231,1.4534,10.0,,23,,1.0268,0.19458,,,1.3871,0,,0,0,1,16,16,0,16.0,166420.0
198.4,75,100,80,0.0,38.394,30.991,0.70029,150,0.9,0,0.0015143,10.539,30.33,73271,82292.0,6.4914,297.94,69.143,1.4538,10.0,,23,,1.0335,0.19453,,,1.3875,0,,0,0,1,16,16,0,16.0,165710.0
198.6,75,100,80,0.0,42.317,9.2972,48.939,150,0.9,0,0.0014972,10.582,30.354,73320,82351.0,6.4935,298.0,92.114,1.4542,10.0,,23,,1.0249,0.1946,,,1.3878,0,,0,0,1,16,16,0,16.0,165650.0
198.8,75,100,80,0.0,45.424,29.876,4.8939,150,0.9,0,0.0014481,10.639,30.376,73371,82411.0,6.4978,297.95,72.13,1.4545,10.0,,23,,1.002,0.19477,,,1.3881,0,,0,0,1,16,16,0,16.0,167090.0
199.0,75,100,80,0.0,46.823,8.9629,73.695,150,0.9,0,0.0014061,10.677,30.398,73422,82471.0,6.5037,298.07,115.41,1.4548,10.0,,23,,0.99159,0.19485,,,1.3885,0,,0,0,1,16,16,0,16.0,167530.0
199.2,75,100,80,0.0,45.851,49.58,7.3695,150,0.9,0,0.0014666,10.624,30.421,73472,82531.0,6.5047,298.01,94.107,1.4552,10.0,,23,,1.0108,0.1947,,,1.3888,0,,0,0,1,16,16,0,16.0,166140.0
199.4,75,100,80,0.0,44.518,30.506,0.73695,150,0.9,0,0.001462,10.62,30.443,73522,82591.0,6.5042,297.94,69.887,1.4555,10.0,,23,,1.0173,0.19465,,,1.3891,0,,0,0,1,16,16,0,16.0,166910.0
199.6,75,100,80,0.0,43.369,9.1519,47.831,150,0.9,0,0.0014569,10.617,30.466,73572,82650.0,6.5032,298.0,91.09,1.4559,10.0,,23,,1.0146,0.19467,,,1.3894,0,,0,0,1,16,16,0,16.0,167690.0
199.8,75,100,80,0.0,42.596,28.062,4.7831,150,0.9,0,0.0014224,10.63,30.488,73622,82709.0,6.5012,297.95,71.57,1.4562,10.0,,23,,1.0168,0.19465,,,1.3898,0,,0,0,1,16,16,0,16.0,168120.0
200.0,75,100,80,0.0,42.629,8.4185,70.408,150,0.9,0,0.0013956,10.666,30.509,73672,82768.0,6.5006,298.06,112.27,1.4565,10.0,,23,,0.99425,0.19482,,,1.3901,0,,0,0,1,16,16,0,16.0,167730.0
200.2,65,100,80,0.0,42.888,46.315,7.0408,250,0.9,0,0.0014484,10.763,30.524,73741,82846.0,6.4992,297.99,87.398,1.6611,4.0,,23,,0.97851,0.19341,,,1.3748,0,,0,0,1,16,16,0,16.0,167130.0
200.4,65,100,80,0.0,43.737,23.571,0.70408,250,0.9,0,0.0014406,10.795,30.537,73809,82924.0,6.499,297.91,59.943,1.6751,4.0,,23,,0.98466,0.19333,,,1.3865,0,,0,0,1,16,16,0,16.0,166860.0
200.6,65,100,80,0.0,44.641,7.0712,46.641,250,0.9,0,0.0014625,10.781,30.551,73878,83003.0,6.4994,297.96,75.635,1.6766,4.0,,23,,0.9951,0.19323,,,1.3876,0,,0,0,1,16,16,0,16.0,168260.0
200.8,65,100,80,0.0,45.389,19.584,4.6641,250,0.9,0,0.0014165,10.831,30.565,73948,83081.0,6.4993,297.89,52.171,1.677,4.0,,23,,0.98367,0.19333,,,1.388,0,,0,0,1,16,16,0,16.0,166650.0
201.0,65,100,80,0.0,46.173,5.8753,72.109,250,0.9,0,0.0014201,10.843,30.578,74017,83160.0,6.4998,298.0,90.778,1.6774,4.0,,23,,0.98169,0.19335,,,1.3883,0,,0,0,1,16,16,0,16.0,167880.0
201.2,65,100,80,0.0,46.756,39.613,7.2109,250,0.9,0,0.0014228,10.848,30.591,74086,83239.0,6.5011,297.93,67.229,1.6777,4.0,,23,,0.9825,0.19334,,,1.3886,0,,0,0,1,16,16,0,16.0,166780.0
201.4,65,100,80,0.0,46.85,11.884,99.753,250,0.9,0,0.0014745,10.821,30.604,74156,83317.0,6.5013,298.11,129.67,1.6781,4.0,,23,,0.98885,0.19329,,,1.389,0,,0,0,1,16,16,0,16.0,167010.0
201.6,65,100,80,0.0,46.871,70.133,9.9753,250,0.9,0,0.0015269,10.8,30.618,74225,83396.0,6.5001,298.04,104.78,1.6785,4.0,,23,,0.9836,0.19333,,,1.3893,0,,0,0,1,16,16,0,16.0,168240.0
201.8,65,100,80,0.0,47.351,48.889,0.99753,250,0.9,0,0.0015885,10.754,30.633,74295,83475.0,6.4977,297.95,73.697,1.679,4.0,,23,,1.0053,0.19314,,,1.3897,0,,0,0,1,16,16,0,16.0,168310.0
202.0,65,100,80,0.0,48.789,20.913,0.099753,250,0.9,0,0.0015591,10.772,30.647,74365,83555.0,6.4978,297.87,45.563,1.6795,4.0,,23,,1.0128,0.19308,,,1.3901,0,,0,0,1,16,16,0,16.0,167210.0
202.2,65,100,80,0.0,50.182,6.2738,48.099,250,0.9,0,0.0015403,10.801,30.661,74435,83634.0,6.4986,297.92,62.442,1.6799,4.0,,23,,1.0084,0.19311,,,1.3904,0,,0,0,1,16,16,0,16.0,168270.0
202.4,65,100,80,0.0,51.242,1.8821,0.0001,250,0.9,0,0.0015321,10.809,30.674,74505,83714.0,6.5004,297.85,36.661,1.6803,4.0,,23,,1.008,0.19312,,,1.3908,0,,0,0,1,16,16,0,16.0,168840.0
202.6,65,100,80,0.0,51.607,0.56464,65.464,250,0.9,0,0.0016021,10.77,30.689,74575,83794.0,6.5017,297.94,69.913,1.6808,4.0,,23,,1.0221,0.19299,,,1.3912,0,,0,0,1,16,16,0,16.0,168240.0
202.8,65,100,80,0.0,51.467,0.16939,0.0001,250,0.9,0,0.0014473,10.873,30.701,74646,83874.0,6.5057,297.87,44.276,1.6812,4.0,,23,,1.0058,0.19313,,,1.3915,0,,0,0,1,16,16,0,16.0,168630.0
203.0,65,100,80,0.0,49.692,0.050818,70.703,250,0.9,0,0.001572,10.782,30.715,74716,83954.0,6.5066,297.98,82.176,1.6816,4.0,,23,,1.0301,0.19292,,,1.3919,0,,0,0,1,16,16,0,16.0,168530.0
203.2,65,100,80,0.0,47.594,31.999,7.0703,250,0.9,0,0.0015436,10.795,30.729,74785,84033.0,6.5058,297.91,58.83,1.6821,4.0,,23,,1.0326,0.1929,,,1.3922,0,,0,0,1,16,16,0,16.0,167760.0
203.4,65,100,80,0.0,45.784,9.5998,95.675,250,0.9,0,0.0015769,10.765,30.743,74854,84112.0,6.5033,298.07,117.97,1.6825,4.0,,23,,1.0454,0.19279,,,1.3926,0,,0,0,1,16,16,0,16.0,169330.0
203.6,65,100,80,0.0,44.971,63.256,9.5675,250,0.9,0,0.001664,10.723,30.757,74923,84190.0,6.4987,298.01,94.292,1.683,4.0,,23,,1.0476,0.19277,,,1.393,0,,0,0,1,16,16,0,16.0,167400.0
203.8,65,100,80,0.0,46.032,42.192,0.95675,250,0.9,0,0.0016692,10.734,30.772,74992,84269.0,6.4951,297.93,64.509,1.6835,4.0,,23,,1.0421,0.19281,,,1.3934,0,,0,0,1,16,16,0,16.0,168640.0
204.0,65,100,80,0.0,48.528,12.658,65.275,250,0.9,0,0.0016767,10.763,30.787,75062,84349.0,6.4917,298.01,95.926,1.684,4.0,1129.8,23,2039.2,1.0223,0.19298,30.729,23.226,1.3938,0,75.882,0,0,1,16,16,0,16.0,168040.0
204.2,65,100,80,0.0,52.385,40.457,6.5275,250,0.9,0,0.0016146,10.824,30.801,75133,84429.0,6.491,297.94,71.137,1.6845,4.0,,23,,1.0071,0.19312,,,1.3943,0,,0,0,1,16,16,0,16.0,168940.0
204.4,65,100,80,0.0,56.498,12.137,93.772,250,0.9,0,0.0016432,10.81,30.815,75204,84510.0,6.4928,298.1,127.94,1.685,4.0,,23,,1.0294,0.19292,,,1.3947,0,,0,0,1,16,16,0,16.0,169170.0
204.6,65,100,80,0.0,59.885,64.619,9.3772,250,0.9,0,0.001618,10.843,30.828,75276,84592.0,6.4994,298.04,104.41,1.6855,4.0,,23,,1.0313,0.1929,,,1.3951,0,,0,0,1,16,16,0,16.0,168730.0
204.8,65,100,80,0.0,60.633,44.873,0.93772,250,0.9,0,0.0016089,10.85,30.841,75348,84673.0,6.5075,297.96,75.959,1.6859,4.0,,23,,1.0351,0.19287,,,1.3954,0,,0,0,1,16,16,0,16.0,168630.0
205.0,65,100,80,0.0,58.137,19.707,0.093772,250,0.9,0,0.0015827,10.854,30.854,75419,84755.0,6.5119,297.88,48.909,1.6864,4.0,,23,,1.0335,0.19288,,,1.3958,0,,0,0,1,16,16,0,16.0,168360.0
205.2,65,100,80,0.0,53.896,5.912,45.704,250,0.9,0,0.0015424,10.851,30.867,75490,84835.0,6.5137,297.92,63.895,1.6868,4.0,,23,,1.0429,0.1928,,,1.3962,0,,0,0,1,16,16,0,16.0,168420.0
205.4,65,100,80,0.0,48.956,1.7736,0.0001,250,0.9,0,0.0015263,10.84,30.88,75560,84915.0,6.5104,297.85,37.972,1.6873,4.0,,23,,1.0468,0.19277,,,1.3966,0,,0,0,1,16,16,0,16.0,169310.0
205.6,65,100,80,0.0,45.318,0.53208,62.668,250,0.9,0,0.0014626,10.879,30.893,75629,84993.0,6.503,297.94,68.514,1.6877,4.0,,23,,1.037,0.19285,,,1.3969,0,,0,0,1,16,16,0,16.0,169040.0
205.8,65,100,80,0.0,44.636,0.15962,0.0001,250,0.9,0,0.0014611,10.883,30.905,75698,85072.0,6.4959,297.87,42.65,1.688,4.0,,23,,1.0392,0.19283,,,1.3972,0,,0,0,1,16,16,0,16.0,168260.0
206.0,65,100,80,0.0,46.793,0.047887,69.033,250,0.9,0,0.0014786,10.884,30.917,75767,85150.0,6.4904,297.97,78.839,1.6884,4.0,,23,,1.0404,0.19282,,,1.3975,0,,0,0,1,16,16,0,16.0,169660.0
206.2,65,100,80,0.0,51.166,29.753,6.9033,250,0.9,0,0.0015036,10.885,30.929,75837,85230.0,6.4876,297.91,57.393,1.6888,4.0,,23,,1.0471,0.19276,,,1.3979,0,,0,0,1,16,16,0,16.0,170040.0
206.4,65,100,80,0.0,56.653,8.9259,90.707,250,0.9,0,0.0015233,10.909,30.941,75909,85311.0,6.4904,298.06,112.45,1.6892,4.0,,23,,1.0429,0.1928,,,1.3982,0,,0,0,1,16,16,0,16.0,168270.0
206.6,65,100,80,0.0,60.993,57.78,9.0707,250,0.9,0,0.001539,10.913,30.952,75981,85393.0,6.496,298.0,93.019,1.6897,4.0,,23,,1.0546,0.19269,,,1.3985,0,,0,0,1,16,16,0,16.0,168990.0
206.8,65,100,80,0.0,63.084,40.504,0.90707,250,0.9,0,0.0015282,10.948,30.964,76053,85475.0,6.5039,297.94,68.02,1.6901,4.0,,23,,1.0418,0.1928,,,1.3989,0,,0,0,1,16,16,0,16.0,170210.0
207.0,65,100,80,0.0,62.025,12.151,60.445,250,0.9,0,0.0015468,10.93,30.975,76125,85557.0,6.5117,298.01,96.239,1.6905,4.0,,23,,1.0465,0.19276,,,1.3992,0,,0,0,1,16,16,0,16.0,168930.0
207.2,65,100,80,0.0,57.877,36.795,6.0445,250,0.9,0,0.0015737,10.891,30.988,76197,85638.0,6.5141,297.96,75.095,1.6909,4.0,,23,,1.0605,0.19264,,,1.3996,0,,0,0,1,16,16,0,16.0,169650.0
207.4,65,100,80,0.0,52.783,16.856,0.60445,250,0.9,0,0.0016229,10.813,31.001,76267,85718.0,6.5112,297.89,49.743,1.6914,4.0,,23,,1.0996,0.1923,,,1.4,0,,0,0,1,16,16,0,16.0,168880.0
207.6,65,100,80,0.0,48.826,5.0568,45.823,250,0.9,0,0.0016191,10.794,31.015,76337,85798.0,6.5068,297.93,65.047,1.6918,4.0,,23,,1.1091,0.19222,,,1.4004,0,,0,0,1,16,16,0,16.0,169950.0
207.8,65,100,80,0.0,46.643,1.517,0.0001,250,0.9,0,0.0016706,10.746,31.029,76406,85877.0,6.5009,297.86,39.052,1.6923,4.0,,23,,1.126,0.19207,,,1.4008,0,,0,0,1,16,16,0,16.0,170180.0
208.0,65,100,80,0.0,46.825,0.45511,61.548,250,0.9,0,0.0017181,10.72,31.044,76475,85956.0,6.4951,297.94,68.392,1.6929,4.0,,23,,1.1329,0.19201,,,1.4012,0,,0,0,1,16,16,0,16.0,169250.0
208.2,65,100,80,0.0,49.296,0.13653,0.0001,250,0.9,0,0.0016655,10.775,31.058,76545,86036.0,6.4931,297.87,42.315,1.6934,4.0,,23,,1.1176,0.19214,,,1.4017,0,,0,0,1,16,16,0,16.0,170320.0
208.4,65,100,80,0.0,52.581,0.04096,67.909,250,0.9,0,0.0016622,10.811,31.071,76616,86116.0,6.4946,297.96,77.284,1.6939,4.0,,23,,1.1042,0.19226,,,1.4021,0,,0,0,1,16,16,0,16.0,169550.0
208.6,65,100,80,0.0,55.231,28.222,6.7909,250,0.9,0,0.0016624,10.821,31.084,76686,86197.0,6.4979,297.9,56.478,1.6944,4.0,,23,,1.1027,0.19227,,,1.4025,0,,0,0,1,16,16,0,16.0,169780.0
208.8,65,100,80,0.0,56.592,8.4666,87.773,250,0.9,0,0.0016565,10.83,31.098,76758,86278.0,6.5014,298.05,108.74,1.6949,4.0,,23,,1.1052,0.19225,,,1.4029,0,,0,0,1,16,16,0,16.0,169670.0
209.0,65,100,80,0.0,56.542,54.034,8.7773,250,0.9,0,0.0016658,10.833,31.111,76829,86360.0,6.5049,297.99,87.302,1.6954,4.0,,23,,1.0989,0.1923,,,1.4033,0,,0,0,1,16,16,0,16.0,169740.0
209.2,65,100,80,0.0,55.103,34.746,0.87773,250,0.9,0,0.001687,10.811,31.125,76900,86440.0,6.5082,297.91,59.791,1.6959,4.0,,23,,1.1074,0.19222,,,1.4038,0,,0,0,1,16,16,0,16.0,170470.0
209.4,65,100,80,0.0,52.342,10.424,59.717,250,0.9,0,0.0017204,10.789,31.14,76970,86521.0,6.5074,297.99,86.509,1.6965,4.0,,23,,1.1123,0.19218,,,1.4042,0,,0,0,1,16,16,0,16.0,171210.0
209.6,65,100,80,0.0,49.935,32.593,5.9717,250,0.9,0,0.0017216,10.777,31.154,77040,86601.0,6.5044,297.92,63.065,1.697,4.0,,23,,1.1197,0.19211,,,1.4047,0,,0,0,1,16,16,0,16.0,170940.0
209.8,65,100,80,0.0,48.695,9.7778,84.923,250,0.9,0,0.0017407,10.764,31.168,77109,86681.0,6.4974,298.05,112.15,1.6976,4.0,,23,,1.1255,0.19206,,,1.4051,0,,0,0,1,16,16,0,16.0,170010.0
210.0,65,100,80,0.0,50.263,52.901,8.4923,250,0.9,0,0.0017069,10.782,31.182,77179,86760.0,6.4933,297.99,88.386,1.6981,4.0,,23,,1.1325,0.192,,,1.4056,0,,0,0,1,16,16,0,16.0,169910.0
210.2,65,100,80,0.0,53.472,31.948,0.84923,250,0.9,-4000,0.0016835,10.822,31.196,76556,86041.0,6.5203,297.91,59.966,1.689,4.0,,23,,1.1195,0.19213,,,1.398,0,,0,0,1,16,16,0,16.0,170640.0
210.4,65,100,80,0.0,45.777,9.5843,56.083,250,0.9,-4000,0.0017344,10.776,31.21,75932,85320.0,6.5389,297.98,83.38,1.675,4.0,,23,,1.1114,0.19223,,,1.3863,0,,0,0,1,16,16,0,16.0,170870.0
210.6,65,100,80,0.0,30.769,28.917,5.6083,250,0.9,-4000,0.0017566,10.706,31.225,75305,84596.0,6.5405,297.91,60.255,1.6606,4.0,,23,,1.1111,0.19226,,,1.3744,0,,0,0,1,16,16,0,16.0,170780.0
210.8,65,100,80,0.0,15.139,8.6751,80.901,250,0.9,-4000,0.0017957,10.627,31.242,74675,83869.0,6.5245,298.05,108.06,1.6462,4.0,,23,,1.1128,0.19227,,,1.3624,0,,0,0,1,16,16,0,16.0,170690.0
211.0,65,100,80,0.0,5.915,51.546,8.0901,250,0.9,-4000,0.0018158,10.574,31.259,74043,83141.0,6.4987,297.99,87.147,1.6318,4.0,,23,,1.1191,0.19225,,,1.3504,0,,0,0,1,16,16,0,16.0,170440.0
211.2,65,100,80,0.0,6.9874,32.199,0.80901,250,0.9,-4000,0.0018465,10.588,31.276,73412,82412.0,6.4759,297.92,61.118,1.6174,4.0,,23,,1.1032,0.19241,,,1.3385,0,,0,0,1,16,16,0,16.0,171350.0
211.4,65,100,80,0.0,17.134,9.6597,56.495,250,0.9,-4000,0.0018518,10.659,31.291,72782,81686.0,6.4649,297.99,86.444,1.6031,4.0,,23,,1.0724,0.19271,,,1.3265,0,,0,0,1,16,16,0,16.0,170420.0
211.6,65,100,80,0.0,31.655,31.816,5.6495,250,0.9,-4000,0.0018537,10.747,31.305,72156,80962.0,6.4709,297.92,62.85,1.5887,4.0,,23,,1.0411,0.19301,,,1.3146,0,,0,0,1,16,16,0,16.0,171160.0
211.8,65,100,80,0.0,43.754,9.5449,86.063,250,0.9,-4000,0.0019009,10.796,31.317,71532,80241.0,6.4895,298.07,113.88,1.5744,4.0,,23,,1.0151,0.19326,,,1.3027,0,,0,0,1,16,16,0,16.0,170880.0
212.0,65,100,80,0.0,48.415,57.843,8.6063,250,0.9,-4000,0.0019147,10.822,31.33,70909,79521.0,6.5155,298.0,90.012,1.5601,4.0,,23,,0.99777,0.19344,,,1.2908,0,,0,0,1,16,16,0,16.0,172110.0
212.2,65,100,80,0.0,42.7,35.285,0.86063,250,0.9,0,0.0019377,10.793,31.342,70978,79600.0,6.5072,297.92,62.027,1.5557,4.0,,23,,0.99465,0.19348,,,1.2872,0,,0,0,1,16,16,0,16.0,171160.0
212.4,65,100,80,0.0,40.457,10.585,59.285,250,0.9,0,0.0019476,10.794,31.354,71046,79678.0,6.4986,297.99,89.15,1.556,4.0,,23,,0.98523,0.19356,,,1.2874,0,,0,0,1,16,16,0,16.0,171890.0
212.6,65,100,80,0.0,41.55,35.35,5.9285,250,0.9,0,0.0020156,10.779,31.366,71115,79757.0,6.4902,297.93,65.863,1.5567,4.0,,23,,0.98201,0.19358,,,1.288,0,,0,0,1,16,16,0,16.0,170940.0
212.8,65,100,80,0.0,45.993,10.605,90.097,250,0.9,0,0.0019637,10.831,31.378,71184,79836.0,6.4886,298.09,120.2,1.5574,4.0,,23,,0.96749,0.19371,,,1.2885,0,,0,0,1,16,16,0,16.0,171000.0
213.0,65,100,80,0.0,51.039,62.988,9.0097,250,0.9,0,0.0019138,10.884,31.389,71255,79916.0,6.4935,298.01,93.294,1.558,4.0,,23,,0.95261,0.19384,,,1.2891,0,,0,0,1,16,16,0,16.0,171720.0
213.2,65,100,80,0.0,54.146,37.985,0.90097,250,0.9,0,0.0018706,10.911,31.4,71326,79997.0,6.5014,297.92,63.028,1.5587,4.0,,23,,0.95911,0.19378,,,1.2896,0,,0,0,1,16,16,0,16.0,171600.0
213.4,65,100,80,0.0,54.09,11.395,60.994,250,0.9,0,0.0018947,10.895,31.411,71397,80079.0,6.5088,298.0,91.016,1.5593,4.0,,23,,0.9736,0.19365,,,1.2901,0,,0,0,1,16,16,0,16.0,171320.0
213.6,65,100,80,0.0,51.079,37.062,6.0994,250,0.9,0,0.0018953,10.881,31.421,71467,80159.0,6.5156,297.93,65.362,1.5599,4.0,,23,,0.9817,0.19358,,,1.2907,0,,0,0,1,16,16,0,16.0,171540.0
213.8,65,100,80,0.0,45.357,11.119,94.531,250,0.9,0,0.0019016,10.854,31.433,71537,80238.0,6.5186,298.09,123.17,1.5606,4.0,,23,,0.98353,0.19356,,,1.2912,0,,0,0,1,16,16,0,16.0,171760.0
214.0,65,100,80,0.0,38.457,66.705,9.4531,250,0.9,0,0.0018536,10.827,31.445,71605,80316.0,6.5159,298.02,96.101,1.5612,4.0,,23,,1.0084,0.19335,,,1.2917,0,,0,0,1,16,16,0,16.0,171480.0
214.2,65,100,80,0.0,32.652,41.909,0.94531,250,0.9,0,0.0018793,10.774,31.458,71672,80393.0,6.5067,297.92,64.11,1.5618,4.0,,23,,1.0243,0.19321,,,1.2922,0,,0,0,1,16,16,0,16.0,171370.0
214.4,65,100,80,0.0,30.52,12.573,65.57,250,0.9,0,0.0018358,10.782,31.471,71738,80469.0,6.4967,298.01,95.529,1.5624,4.0,,23,,1.0296,0.19316,,,1.2927,0,,0,0,1,16,16,0,16.0,171930.0
214.6,65,100,80,0.0,32.361,41.689,6.557,250,0.9,0,0.0017672,10.823,31.483,71805,80546.0,6.4908,297.93,68.023,1.563,4.0,,23,,1.0269,0.19318,,,1.2932,0,,0,0,1,16,16,0,16.0,171330.0
214.8,65,100,80,0.0,36.551,12.507,101.43,250,0.9,0,0.0017372,10.852,31.495,71872,80623.0,6.4906,298.12,131.32,1.5636,4.0,,23,,1.031,0.19315,,,1.2937,0,,0,0,1,16,16,0,16.0,171880.0
215.0,65,100,80,0.0,40.831,73.616,10.143,250,0.9,0,0.0017027,10.888,31.506,71941,80701.0,6.4952,298.03,101.06,1.5641,4.0,,23,,1.0338,0.19312,,,1.2941,0,,0,0,1,16,16,0,16.0,172100.0
215.2,65,100,80,0.0,43.275,46.528,1.0143,250,0.9,0,0.0015997,10.973,31.515,72010,80780.0,6.504,297.94,68.493,1.5646,4.0,,23,,1.0139,0.19329,,,1.2945,0,,0,0,1,16,16,0,16.0,171310.0
215.4,65,100,80,0.0,42.188,13.958,65.749,250,0.9,0,0.0015887,10.97,31.525,72078,80858.0,6.5106,298.03,100.01,1.5651,4.0,,23,,1.0239,0.1932,,,1.2949,0,,0,0,1,16,16,0,16.0,171690.0
215.6,65,100,80,0.0,38.479,43.52,6.5749,250,0.9,0,0.001555,10.984,31.535,72146,80935.0,6.5137,297.95,72.539,1.5655,4.0,,23,,1.019,0.19325,,,1.2953,0,,0,0,1,16,16,0,16.0,171900.0
215.8,65,100,80,0.0,33.511,13.056,100.42,250,0.9,0,0.0015794,10.944,31.545,72213,81012.0,6.5105,298.13,134.6,1.5659,4.0,,23,,1.031,0.19314,,,1.2957,0,,0,0,1,16,16,0,16.0,172280.0
216.0,65,100,80,0.0,29.868,73.144,10.042,250,0.9,0,0.001576,10.924,31.555,72279,81087.0,6.5033,298.04,103.66,1.5664,4.0,866.32,23,1994.5,1.0427,0.19304,31.515,22.904,1.296,0,71.861,0,0,1,16,16,0,16.0,172160.0
216.2,65,100,80,0.0,29.086,45.895,1.0042,250,0.9,0,0.0015,10.976,31.565,72345,81163.0,6.4957,297.94,70.924,1.5668,4.0,,23,,1.0348,0.19311,,,1.2964,0,,0,0,1,16,16,0,16.0,172210.0
216.4,65,100,80,0.0,31.342,13.769,63.285,250,0.9,0,0.0015047,10.984,31.575,72412,81239.0,6.4912,298.03,100.11,1.5672,4.0,,23,,1.0359,0.1931,,,1.2967,0,,0,0,1,16,16,0,16.0,172590.0
216.6,65,100,80,0.0,35.369,41.158,6.3285,250,0.9,0,0.0015166,11.0,31.584,72479,81316.0,6.4937,297.95,72.584,1.5676,4.0,,23,,1.032,0.19313,,,1.297,0,,0,0,1,16,16,0,16.0,172130.0
216.8,65,100,80,0.0,38.381,12.347,96.131,250,0.9,0,0.0016249,10.974,31.594,72547,81393.0,6.4991,298.11,130.76,1.568,4.0,,23,,1.0282,0.19316,,,1.2974,0,,0,0,1,16,16,0,16.0,171340.0
217.0,65,100,80,0.0,39.253,68.332,9.6131,250,0.9,0,0.0016517,10.951,31.603,72615,81471.0,6.5051,298.02,98.295,1.5685,4.0,,23,,1.0452,0.19301,,,1.2978,0,,0,0,1,16,16,0,16.0,173390.0
217.2,65,100,80,0.0,37.723,39.381,0.96131,250,0.9,0,0.0017083,10.92,31.614,72683,81548.0,6.5085,297.92,64.063,1.569,4.0,,23,,1.0504,0.19297,,,1.2982,0,,0,0,1,16,16,0,16.0,171940.0
217.4,65,100,80,0.0,34.863,11.814,60.782,250,0.9,0,0.0016796,10.914,31.624,72750,81625.0,6.5086,298.0,90.391,1.5695,4.0,,23,,1.0588,0.19289,,,1.2986,0,,0,0,1,16,16,0,16.0,172650.0
217.6,65,100,80,0.0,31.955,35.567,6.0782,250,0.9,0,0.001704,10.891,31.635,72817,81701.0,6.503,297.92,61.515,1.57,4.0,,23,,1.059,0.19289,,,1.299,0,,0,0,1,16,16,0,16.0,172040.0
217.8,65,100,80,0.0,31.308,10.67,95.703,250,0.9,0,0.0016186,10.939,31.646,72883,81777.0,6.4984,298.08,119.52,1.5705,4.0,,23,,1.0567,0.19291,,,1.2994,0,,0,0,1,16,16,0,16.0,172250.0
218.0,65,100,80,0.0,32.468,65.079,9.5703,250,0.9,0,0.0016642,10.926,31.656,72950,81854.0,6.4949,297.99,86.868,1.571,4.0,,23,,1.0581,0.1929,,,1.2998,0,,0,0,1,16,16,0,16.0,172140.0
218.2,65,100,80,0.0,35.013,34.877,0.95703,250,0.9,0,0.0016337,10.96,31.666,73017,81931.0,6.4952,297.89,53.381,1.5714,4.0,,23,,1.0517,0.19295,,,1.3002,0,,0,0,1,16,16,0,16.0,172020.0
218.4,65,100,80,0.0,37.459,10.463,61.492,250,0.9,0,0.0016702,10.952,31.676,73084,82008.0,6.4986,297.97,80.689,1.5719,4.0,,23,,1.0587,0.19289,,,1.3006,0,,0,0,1,16,16,0,16.0,172560.0
218.6,65,100,80,0.0,38.529,33.909,6.1492,250,0.9,0,0.0016499,10.975,31.685,73152,82086.0,6.5034,297.89,52.352,1.5724,4.0,,23,,1.0601,0.19288,,,1.301,0,,0,0,1,16,16,0,16.0,173270.0
218.8,65,100,80,0.0,37.684,10.173,99.226,250,0.9,0,0.0016216,10.998,31.694,73220,82163.0,6.5082,298.06,113.58,1.5729,4.0,,23,,1.0563,0.19291,,,1.3014,0,,0,0,1,16,16,0,16.0,172640.0
219.0,65,100,80,0.0,34.94,66.481,9.9226,250,0.9,0,0.0016073,10.994,31.703,73287,82240.0,6.5106,297.97,81.205,1.5733,4.0,,23,,1.06,0.19288,,,1.3018,0,,0,0,1,16,16,0,16.0,173520.0
219.2,65,100,80,0.0,31.233,35.991,0.99226,250,0.9,0,0.0015863,11.003,31.711,73354,82316.0,6.5082,297.88,48.776,1.5738,4.0,,23,,1.0517,0.19295,,,1.3022,0,,0,0,1,16,16,0,16.0,172560.0
219.4,65,100,80,0.0,28.493,10.797,64.427,250,0.9,0,0.0015733,11.018,31.72,73419,82391.0,6.5016,297.97,78.992,1.5742,4.0,,23,,1.0409,0.19304,,,1.3025,0,,0,0,1,16,16,0,16.0,173270.0
219.6,65,100,80,0.0,28.379,36.449,6.4427,250,0.9,0,0.0015443,11.044,31.729,73485,82466.0,6.4953,297.89,50.58,1.5746,4.0,,23,,1.0337,0.1931,,,1.3029,0,,0,0,1,16,16,0,16.0,172800.0
219.8,65,100,80,0.0,30.763,10.935,104.62,250,0.9,0,0.0015486,11.049,31.736,73552,82542.0,6.4939,298.07,116.39,1.575,4.0,,23,,1.0441,0.19301,,,1.3032,0,,0,0,1,16,16,0,16.0,172340.0
220.0,65,100,80,0.0,33.7,71.252,10.462,250,0.9,0,0.0014705,11.114,31.743,73618,82618.0,6.497,297.98,83.435,1.5754,4.0,,23,,1.0325,0.19311,,,1.3035,0,,0,0,1,16,16,0,16.0,172370.0
220.2,65,100,80,0.0,35.393,40.526,1.0462,250,0.9,0,0.0014823,11.116,31.749,73686,82695.0,6.5016,297.88,49.856,1.5757,4.0,,23,,1.0322,0.19311,,,1.3038,0,,0,0,1,16,16,0,16.0,172900.0
220.4,65,100,80,0.0,35.253,12.158,68.826,250,0.9,0,0.0015833,11.053,31.757,73753,82771.0,6.5042,297.98,83.472,1.5761,4.0,,23,,1.0522,0.19294,,,1.3041,0,,0,0,1,16,16,0,16.0,173930.0
220.6,65,100,80,0.0,34.095,41.122,6.8826,250,0.9,0,0.001644,11.009,31.765,73820,82848.0,6.504,297.9,54.911,1.5766,4.0,,23,,1.068,0.1928,,,1.3045,0,,0,0,1,16,16,0,16.0,172970.0
220.8,65,100,80,0.0,33.011,12.337,109.11,250,0.9,0,0.0016552,11.007,31.774,73886,82924.0,6.5015,298.09,124.16,1.5771,4.0,,23,,1.07,0.19278,,,1.3049,0,,0,0,1,16,16,0,16.0,172510.0
221.0,65,100,80,0.0,32.921,76.166,10.911,250,0.9,0,0.0015964,11.056,31.781,73953,83001.0,6.5008,298.0,90.209,1.5775,4.0,,23,,1.0556,0.1929,,,1.3053,0,,0,0,1,16,16,0,16.0,173210.0
221.2,65,100,80,0.0,33.134,45.351,1.0911,250,0.9,0,0.0016662,11.01,31.789,74020,83077.0,6.4997,297.9,54.564,1.5779,4.0,,23,,1.0734,0.19275,,,1.3056,0,,0,0,1,16,16,0,16.0,173250.0
221.4,65,100,80,0.0,33.766,13.605,71.948,250,0.9,0,0.0016618,11.003,31.797,74087,83153.0,6.5001,298.0,90.625,1.5784,4.0,,23,,1.0863,0.19264,,,1.306,0,,0,0,1,16,16,0,16.0,173450.0
221.6,65,100,80,0.0,34.223,45.332,7.1948,250,0.9,0,0.0016981,10.979,31.806,74153,83230.0,6.5001,297.92,62.24,1.5789,4.0,,23,,1.1003,0.19251,,,1.3064,0,,0,0,1,16,16,0,16.0,172990.0
221.8,65,100,80,0.0,34.697,13.6,110.5,250,0.9,0,0.0016685,11.008,31.814,74220,83307.0,6.5026,298.12,132.7,1.5794,4.0,,23,,1.0991,0.19252,,,1.3068,0,,0,0,1,16,16,0,16.0,173360.0
222.0,65,100,80,0.0,34.187,79.066,11.05,250,0.9,0,0.0016356,11.031,31.821,74287,83383.0,6.5048,298.03,102.33,1.5798,4.0,,23,,1.0951,0.19256,,,1.3072,0,,0,0,1,16,16,0,16.0,173060.0
222.2,65,100,80,0.0,32.772,52.708,1.105,250,0.9,0,0.0016712,11.006,31.83,74354,83459.0,6.5044,297.94,68.201,1.5803,4.0,,23,,1.1036,0.19248,,,1.3076,0,,0,0,1,16,16,0,16.0,173100.0
222.4,65,100,80,0.0,31.556,15.812,72.822,250,0.9,0,0.0016418,11.021,31.838,74420,83535.0,6.5029,298.04,104.86,1.5807,4.0,,23,,1.1039,0.19248,,,1.3079,0,,0,0,1,16,16,0,16.0,172970.0
222.6,65,100,80,0.0,30.926,49.36,7.2822,250,0.9,0,0.0016293,11.023,31.846,74486,83611.0,6.4995,297.96,75.311,1.5811,4.0,,23,,1.1072,0.19245,,,1.3083,0,,0,0,1,16,16,0,16.0,173340.0
222.8,65,100,80,0.0,31.671,21.665,0.72822,250,0.9,0,0.0016756,11.017,31.854,74553,83687.0,6.4958,297.87,45.949,1.5816,4.0,,23,,1.0994,0.19252,,,1.3087,0,,0,0,1,16,16,0,16.0,173550.0
223.0,65,100,80,0.0,33.882,6.4994,50.707,250,0.9,0,0.0017022,11.021,31.863,74620,83764.0,6.494,297.93,64.705,1.582,4.0,,23,,1.0967,0.19254,,,1.309,0,,0,0,1,16,16,0,16.0,172590.0
223.2,65,100,80,0.0,36.811,1.9498,0.0001,250,0.9,0,0.0017035,11.036,31.871,74687,83841.0,6.4963,297.85,38.695,1.5825,4.0,,23,,1.0965,0.19254,,,1.3094,0,,0,0,1,16,16,0,16.0,173960.0
223.4,65,100,80,0.0,38.804,0.58494,65.757,250,0.9,0,0.0017345,11.036,31.879,74755,83919.0,6.5014,297.95,72.063,1.583,4.0,,23,,1.0973,0.19253,,,1.3098,0,,0,0,1,16,16,0,16.0,172990.0
223.6,65,100,80,0.0,38.75,0.17548,0.0001,250,0.9,0,0.0016932,11.083,31.886,74823,83996.0,6.5078,297.88,46.349,1.5834,4.0,,23,,1.0819,0.19267,,,1.3102,0,,0,0,1,16,16,0,16.0,174030.0
223.8,65,100,80,0.0,36.163,0.052645,69.544,250,0.9,0,0.0016934,11.058,31.894,74890,84073.0,6.5108,297.98,83.112,1.5839,4.0,,23,,1.0991,0.19252,,,1.3106,0,,0,0,1,16,16,0,16.0,173400.0
224.0,65,100,80,0.0,32.382,31.031,6.9544,250,0.9,0,0.0017433,11.014,31.902,74956,84149.0,6.5094,297.9,55.848,1.5843,4.0,,23,,1.1162,0.19237,,,1.311,0,,0,0,1,16,16,0,16.0,172770.0
224.2,65,100,80,0.0,29.175,9.3093,98.685,250,0.9,0,0.0017379,11.003,31.911,75022,84225.0,6.5047,298.07,116.0,1.5848,4.0,,23,,1.1232,0.1923,,,1.3113,0,,0,0,1,16,16,0,16.0,173140.0
224.4,65,100,80,0.0,27.844,63.542,9.8685,250,0.9,0,0.001752,10.995,31.92,75088,84300.0,6.4995,297.97,81.162,1.5853,4.0,,23,,1.1296,0.19225,,,1.3117,0,,0,0,1,16,16,0,16.0,173350.0
224.6,65,100,80,0.0,28.575,31.674,0.98685,250,0.9,0,0.0016992,11.02,31.928,75153,84376.0,6.4953,297.88,46.809,1.5857,4.0,,23,,1.1312,0.19223,,,1.3121,0,,0,0,1,16,16,0,16.0,174060.0
224.8,65,100,80,0.0,30.973,9.5023,60.594,250,0.9,0,0.0016937,11.038,31.936,75220,84451.0,6.4949,297.95,72.728,1.5862,4.0,,23,,1.126,0.19228,,,1.3125,0,,0,0,1,16,16,0,16.0,172930.0
225.0,65,100,80,0.0,33.509,2.8507,0.0001,250,0.9,0,0.0017562,11.021,31.945,75286,84528.0,6.4964,297.88,46.086,1.5866,4.0,,23,,1.1302,0.19224,,,1.3128,0,,0,0,1,16,16,0,16.0,173300.0
225.2,65,100,80,0.0,35.453,0.8552,67.636,250,0.9,0,0.0016937,11.062,31.952,75353,84605.0,6.5004,297.97,80.808,1.5871,4.0,,23,,1.1335,0.19221,,,1.3132,0,,0,0,1,16,16,0,16.0,173830.0
225.4,65,100,80,0.0,35.818,29.685,6.7636,250,0.9,0,0.0016673,11.09,31.96,75420,84682.0,6.5054,297.89,52.26,1.5875,4.0,,23,,1.1257,0.19228,,,1.3136,0,,0,0,1,16,16,0,16.0,174030.0
225.6,65,100,80,0.0,34.188,8.9055,98.615,250,0.9,0,0.0016953,11.085,31.967,75487,84758.0,6.5092,298.06,112.09,1.5879,4.0,,23,,1.1168,0.19235,,,1.3139,0,,0,0,1,16,16,0,16.0,173570.0
225.8,65,100,80,0.0,31.015,62.137,9.8615,250,0.9,0,0.0017481,11.044,31.976,75553,84834.0,6.509,297.96,75.67,1.5883,4.0,,23,,1.1239,0.19229,,,1.3143,0,,0,0,1,16,16,0,16.0,174270.0
226.0,65,100,80,0.0,27.959,28.563,0.98615,250,0.9,0,0.0017204,11.062,31.984,75619,84909.0,6.5046,297.86,42.133,1.5888,4.0,,23,,1.1142,0.19237,,,1.3146,0,,0,0,1,16,16,0,16.0,175150.0
226.2,65,100,80,0.0,26.637,8.569,58.19,250,0.9,0,0.0017093,11.071,31.993,75684,84984.0,6.4975,297.93,66.178,1.5892,4.0,,23,,1.1098,0.19241,,,1.315,0,,0,0,1,16,16,0,16.0,174190.0
226.4,65,100,80,0.0,28.154,2.5707,0.0001,250,0.9,0,0.0017596,11.061,32.001,75750,85060.0,6.4932,297.86,39.651,1.5896,4.0,,23,,1.1061,0.19244,,,1.3154,0,,0,0,1,16,16,0,16.0,175230.0
226.6,65,100,80,0.0,31.397,0.77121,69.182,250,0.9,0,0.0017793,11.066,32.01,75816,85136.0,6.4922,297.96,75.753,1.5901,4.0,,23,,1.1133,0.19238,,,1.3157,0,,0,0,1,16,16,0,16.0,173930.0
226.8,65,100,80,0.0,35.012,30.049,6.9182,250,0.9,0,0.0017737,11.107,32.017,75883,85212.0,6.4965,297.88,47.837,1.5906,4.0,,23,,1.0975,0.19252,,,1.3161,0,,0,0,1,16,16,0,16.0,173800.0
227.0,65,100,80,0.0,36.911,9.0146,101.48,250,0.9,0,0.0018614,11.087,32.024,75950,85290.0,6.5015,298.05,110.75,1.5911,4.0,,23,,1.0958,0.19253,,,1.3165,0,,0,0,1,16,16,0,16.0,174330.0
227.2,65,100,80,0.0,36.844,64.35,10.148,250,0.9,0,0.0017953,11.123,32.031,76017,85367.0,6.5063,297.96,77.938,1.5915,4.0,,23,,1.0846,0.19263,,,1.3169,0,,0,0,1,16,16,0,16.0,174360.0
227.4,65,100,80,0.0,34.852,34.152,1.0148,250,0.9,0,0.0017743,11.139,32.039,76084,85444.0,6.5076,297.87,45.043,1.592,4.0,,23,,1.0786,0.19268,,,1.3173,0,,0,0,1,16,16,0,16.0,174560.0
227.6,65,100,80,0.0,32.332,10.246,64.024,250,0.9,0,0.0018383,11.103,32.046,76151,85520.0,6.5051,297.95,74.322,1.5925,4.0,,23,,1.0868,0.1926,,,1.3177,0,,0,0,1,16,16,0,16.0,174260.0
227.8,65,100,80,0.0,30.819,33.658,6.4024,250,0.9,0,0.0018883,11.071,32.054,76217,85596.0,6.4996,297.88,46.795,1.593,4.0,,23,,1.0988,0.1925,,,1.3182,0,,0,0,1,16,16,0,16.0,174300.0
228.0,65,100,80,0.0,31.527,10.097,100.43,250,0.9,0,0.0018896,11.065,32.061,76283,85672.0,6.4955,298.05,108.79,1.5935,4.0,666.01,23,1977.8,1.1112,0.19239,32.031,22.632,1.3186,0,68.015,0,0,1,16,16,0,16.0,174830.0
228.2,65,100,80,0.0,33.83,64.204,10.043,250,0.9,0,0.0019115,11.079,32.068,76350,85749.0,6.4942,297.96,78.591,1.594,4.0,,23,,1.1041,0.19245,,,1.319,0,,0,0,1,16,16,0,16.0,174530.0
228.4,65,100,80,0.0,36.667,36.396,1.0043,250,0.9,0,0.0018487,11.121,32.075,76417,85826.0,6.4956,297.88,45.998,1.5946,4.0,,23,,1.098,0.1925,,,1.3195,0,,0,0,1,16,16,0,16.0,173560.0
228.6,65,100,80,0.0,38.932,10.919,67.2,250,0.9,0,0.0018332,11.138,32.082,76484,85904.0,6.4993,297.96,77.967,1.5951,4.0,,23,,1.0986,0.1925,,,1.3199,0,,0,0,1,16,16,0,16.0,175590.0
228.8,65,100,80,0.0,39.727,36.825,6.72,250,0.9,0,0.0018464,11.141,32.088,76552,85981.0,6.5042,297.89,49.96,1.5956,4.0,,23,,1.0982,0.1925,,,1.3203,0,,0,0,1,16,16,0,16.0,174620.0
229.0,65,100,80,0.0,38.581,11.048,103.85,250,0.9,0,0.0017895,11.145,32.094,76620,86059.0,6.5077,298.06,114.64,1.596,4.0,,23,,1.1187,0.19232,,,1.3207,0,,0,0,1,16,16,0,16.0,175310.0
229.2,65,100,80,0.0,36.032,67.743,10.385,250,0.9,0,0.0018429,11.113,32.099,76687,86136.0,6.5094,297.98,82.755,1.5965,4.0,,23,,1.1301,0.19222,,,1.3211,0,,0,0,1,16,16,0,16.0,174510.0
229.4,65,100,80,0.0,32.81,39.018,1.0385,250,0.9,0,0.0018638,11.094,32.105,76753,86212.0,6.5074,297.88,49.074,1.597,4.0,,23,,1.1322,0.1922,,,1.3215,0,,0,0,1,16,16,0,16.0,174700.0
229.6,65,100,80,0.0,30.399,11.705,67.807,250,0.9,0,0.0018965,11.051,32.112,76819,86288.0,6.5009,297.97,81.361,1.5976,4.0,,23,,1.1534,0.19202,,,1.322,0,,0,0,1,16,16,0,16.0,174400.0
229.8,65,100,80,0.0,30.582,38.119,6.7807,250,0.9,0,0.0019057,11.036,32.118,76885,86364.0,6.495,297.89,51.424,1.5981,4.0,,23,,1.1655,0.19191,,,1.3224,0,,0,0,1,16,16,0,16.0,174590.0
230.0,65,100,80,0.0,33.119,11.436,105.88,250,0.9,0,0.0018902,11.054,32.124,76952,86441.0,6.4919,298.07,117.03,1.5987,4.0,633.57,23,1976.0,1.1702,0.19187,32.099,22.604,1.3229,0,67.38,0,0,1,16,16,0,16.0,174120.0
