time,aeration_rate,agitator,sugar_feed_rate,acid_flow_rate,base_flow_rate,heating/cooling_water_flow_rate,heating_water_flow_rate,water_for_injection/dilution,air_head_pressure,dumped_broth_flow,substrate_concentration,dissolved_oxygen_concentration,penicillin_concentration,vessel_volume,vessel_weight,pH,temperature,generated_heat,CO2_percent_in_off_gas,PAA_flow,PAA_concentration,oil_flow,NH3_concentration,oxygen_uptake_rate,oxygen_in_percent_in_off_gas,offline_penicillin_concentration,offline_biomass_concentration,carbon_evolution_rate,ammonia_shots,viscosity,Fault reference(Fault_ref:Fault ref),0 - Recipe driven 1 - Operator controlled(Control_ref:Control ref),1- No Raman spec, 1-Raman spec recorded,2-PAT control(PAT_ref:PAT ref),Batch reference(Batch_ref:Batch ref),experiment_ID,Fault flag
0.2,30,100,8,0.0,0.0,0.0001,260.62,0,0.6,0,0.8412,14.713,0.001,58402,61606.0,6.5318,297.61,245.08,0.088561,5.0,,22,,0.12149,0.20274,,,0.033682,0,,0,0,2,79,79,0,79.0,0.0
0.4,30,100,8,0.0,0.0,0.0001,78.183,0,0.6,0,0.89099,14.692,0.00099954,58400,61608.0,6.5122,297.86,312.86,0.10083,5.0,,22,,-0.02847,0.20551,,,0.038349,0,,0,0,2,79,79,0,79.0,0.0
0.6,30,100,8,0.0,0.0,0.0001,0.0001,0,0.6,0,0.93957,14.673,0.00099907,58397,61610.0,6.4935,297.84,306.96,0.10481,5.0,,22,,-0.05747,0.20604,,,0.039865,0,,0,0,2,79,79,0,79.0,0.0
0.8,30,100,8,0.0,3.1189,0.0001,101.79,0,0.6,0,0.98684,14.65,0.00099859,58395,61612.0,6.48,298.18,397.25,0.10713,5.0,,22,,-0.056054,0.20601,,,0.040747,0,,0,0,2,79,79,0,79.0,0.0
1.0,30,100,8,0.0,11.614,110.09,10.179,0,0.6,0,1.0325,14.617,0.00099808,58394,61616.0,6.4785,298.04,362.03,0.10917,5.0,1429.0,22,1740.3,-0.042837,0.20576,0.001,0.52216,0.041522,0,4.0827,0,0,2,79,79,0,79.0,0.0
1.2,30,100,8,0.0,20.711,68.933,1.0179,0,0.6,0,1.0765,14.601,0.00099754,58396,61622.0,6.4901,297.94,333.96,0.11121,5.0,,22,,-0.03421,0.2056,,,0.042301,0,,0,0,2,79,79,0,79.0,0.0
1.4,30,100,8,0.0,25.141,20.68,79.52,0,0.6,0,1.1196,14.583,0.00099698,58398,61629.0,6.5074,298.18,397.23,0.11333,5.0,,22,,-0.026367,0.20545,,,0.043104,0,,0,0,2,79,79,0,79.0,0.0
1.6,30,100,8,0.0,22.662,100.46,7.952,0,0.6,0,1.1607,14.569,0.00099643,58400,61635.0,6.52,298.05,363.83,0.11552,5.0,,22,,-0.020745,0.20534,,,0.043939,0,,0,0,2,79,79,0,79.0,0.0
1.8,30,100,8,0.0,15.213,62.374,0.7952,0,0.6,0,1.2,14.548,0.00099591,58400,61640.0,6.5198,297.96,339.03,0.11781,5.0,,22,,-0.012509,0.20518,,,0.044811,0,,0,0,2,79,79,0,79.0,0.0
2.0,30,100,8,0.0,7.8387,33.379,0.07952,0,0.6,0,1.2371,14.524,0.00099542,58399,61643.0,6.5092,297.91,325.0,0.12021,5.0,,22,,-0.0029147,0.205,,,0.045723,0,,0,0,2,79,79,0,79.0,0.0
2.2,30,100,8,0.0,4.7114,10.014,44.649,0,0.6,0,1.2727,14.51,0.00099494,58397,61646.0,6.4947,298.05,362.39,0.12271,5.0,,22,,0.0028783,0.20488,,,0.046674,0,,0,0,2,79,79,0,79.0,22240.0
2.4,30,100,8,0.0,7.3602,54.923,4.4649,0,0.6,0,1.3062,14.481,0.00099445,58396,61649.0,6.4843,297.98,345.87,0.12531,5.0,,22,,0.014163,0.20467,,,0.047665,0,,0,0,2,79,79,0,79.0,21069.0
2.6,30,100,8,0.0,14.152,34.382,0.44649,0,0.6,0,1.3381,14.455,0.00099393,58396,61654.0,6.4825,297.94,334.42,0.12803,5.0,,22,,0.025172,0.20446,,,0.048697,0,,0,0,2,79,79,0,79.0,21232.0
2.8,30,100,8,0.0,21.647,10.315,43.465,0,0.6,0,1.3684,14.452,0.00099339,58398,61660.0,6.489,298.08,372.77,0.13083,5.0,,22,,0.026631,0.20443,,,0.049765,0,,0,0,2,79,79,0,79.0,20894.0
3.0,30,100,8,0.0,26.532,57.683,4.3465,0,0.6,0,1.3972,14.421,0.00099283,58401,61667.0,6.5003,298.03,357.63,0.13373,5.0,,22,,0.037318,0.20422,,,0.050866,0,,0,0,2,79,79,0,79.0,21223.0
3.2,30,100,15,0.0,26.902,40.349,0.43465,0,0.6,0,1.4387,14.381,0.00099225,58405,61676.0,6.5107,297.98,345.94,0.13673,5.0,,22,,0.054156,0.2039,,,0.052008,0,,0,0,2,79,79,0,79.0,20718.0
3.4,30,100,15,0.0,23.163,26.816,0.043465,0,0.6,0,1.4772,14.345,0.00099168,58408,61685.0,6.5155,297.96,339.22,0.13985,5.0,,22,,0.070246,0.20359,,,0.053195,0,,0,0,2,79,79,0,79.0,21880.0
3.6,30,100,15,0.0,17.493,17.931,0.0043465,0,0.6,0,1.5132,14.311,0.00099113,58410,61692.0,6.5123,297.95,336.78,0.14308,5.0,,22,,0.085321,0.2033,,,0.054426,0,,0,0,2,79,79,0,79.0,22376.0
3.8,30,100,15,0.0,13.12,13.47,0.00043465,0,0.6,0,1.5461,14.261,0.0009906,58411,61698.0,6.5035,297.95,336.97,0.14644,5.0,,22,,0.10661,0.2029,,,0.055704,0,,0,0,2,79,79,0,79.0,21538.0
4.0,30,100,15,0.0,12.253,11.928,0.0001,0,0.6,0,1.5759,14.244,0.00099007,58413,61704.0,6.4938,297.96,338.82,0.14993,5.0,,22,,0.11506,0.20273,,,0.057033,0,,0,0,2,79,79,0,79.0,21867.0
4.2,30,100,15,0.0,15.276,12.462,0.0001,0,0.6,0,1.6308,14.212,0.00098953,58414,61712.0,6.487,297.97,341.34,0.15356,5.0,,30,,0.12175,0.2026,,,0.058413,0,,0,0,2,79,79,0,79.0,22029.0
4.4,30,100,15,0.0,20.976,14.072,0.0001,0,0.6,0,1.6833,14.173,0.00098897,58417,61721.0,6.4873,297.98,344.25,0.15733,5.0,,30,,0.13556,0.20233,,,0.059846,0,,0,0,2,79,79,0,79.0,22191.0
4.6,30,100,15,0.0,26.564,16.51,0.0001,0,0.6,0,1.7327,14.13,0.00098839,58421,61732.0,6.4948,297.99,346.88,0.16124,5.0,,30,,0.15223,0.20201,,,0.061334,0,,0,0,2,79,79,0,79.0,21353.0
4.8,30,100,15,0.0,29.148,18.998,0.0001,0,0.6,0,1.7798,14.11,0.00098781,58426,61743.0,6.5045,298.0,349.94,0.16528,5.0,,30,,0.16019,0.20186,,,0.062874,0,,0,0,2,79,79,0,79.0,21849.0
5.0,30,100,15,0.0,27.856,22.404,0.0001,0,0.6,0,1.8243,14.066,0.00098722,58430,61753.0,6.5123,298.01,352.85,0.16947,5.0,,30,,0.17536,0.20156,,,0.064468,0,,0,0,2,79,79,0,79.0,21677.0
5.2,30,100,15,0.0,23.473,26.023,0.0001,0,0.6,0,1.8664,14.025,0.00098667,58432,61762.0,6.5129,298.02,355.92,0.17381,0.0,,30,,0.19057,0.20127,,,0.066121,0,,0,0,2,79,79,0,79.0,21673.0
5.4,30,100,15,0.0,18.875,30.261,0.0001,0,0.6,0,1.9056,13.993,0.00098614,58434,61770.0,6.5079,298.03,358.5,0.17831,0.0,,30,,0.20198,0.20105,,,0.067833,0,,0,0,2,79,79,0,79.0,21835.0
5.6,30,100,15,0.0,16.245,34.297,0.0001,0,0.6,0,1.9417,13.948,0.00098561,58435,61777.0,6.4982,298.04,360.49,0.18297,0.0,,30,,0.21761,0.20074,,,0.069605,0,,0,0,2,79,79,0,79.0,21997.0
5.8,30,100,15,0.0,17.483,37.953,0.0001,0,0.6,0,1.9741,13.894,0.00098508,58436,61785.0,6.4887,298.04,362.0,0.1878,0.0,,30,,0.23731,0.20036,,,0.071443,0,,0,0,2,79,79,0,79.0,21825.0
6.0,30,100,15,0.0,22.506,41.29,0.0001,0,0.6,0,2.004,13.856,0.00098454,58438,61794.0,6.4851,298.05,363.01,0.19279,0.0,,30,,0.25245,0.20007,,,0.073344,0,,0,0,2,79,79,0,79.0,21487.0
6.2,30,100,15,0.0,28.954,44.193,0.0001,0,0.6,0,2.0301,13.816,0.00098397,58442,61803.0,6.4899,298.05,364.58,0.19794,0.0,,30,,0.26651,0.19979,,,0.075304,0,,0,0,2,79,79,0,79.0,21482.0
6.4,30,100,15,0.0,33.502,47.983,0.0001,0,0.6,0,2.0523,13.759,0.00098338,58446,61814.0,6.4967,298.06,367.16,0.20327,0.0,,30,,0.28646,0.1994,,,0.07733,0,,0,0,2,79,79,0,79.0,21644.0
6.6,30,100,15,0.0,35.349,53.273,0.0001,0,0.6,0,2.0713,13.717,0.00098279,58451,61825.0,6.5047,298.07,370.1,0.20877,0.0,,30,,0.30175,0.1991,,,0.079427,0,,0,0,2,79,79,0,79.0,21973.0
6.8,30,100,15,0.0,33.993,59.348,0.0001,0,0.6,0,2.0867,13.676,0.00098221,58455,61836.0,6.5096,298.08,371.73,0.21446,0.0,,30,,0.31526,0.19884,,,0.081591,0,,0,0,2,79,79,0,79.0,21301.0
7.0,30,100,15,0.0,30.673,64.145,0.0001,0,0.6,0,2.098,13.604,0.00098163,58459,61847.0,6.5091,298.09,373.34,0.22032,0.0,,30,,0.34031,0.19835,,,0.083824,0,,0,0,2,79,79,0,79.0,21463.0
7.2,30,100,15,0.0,27.589,69.175,0.0001,0,0.6,0,2.1047,13.55,0.00098107,58462,61856.0,6.5069,298.09,374.1,0.22639,0.0,,30,,0.36048,0.19796,,,0.086133,0,,0,0,2,79,79,0,79.0,21458.0
7.4,30,100,15,0.0,25.335,73.352,0.0001,0,0.6,0,2.1069,13.492,0.00098052,58465,61865.0,6.5018,298.1,376.27,0.23266,0.0,,30,,0.38047,0.19757,,,0.088521,0,,0,0,2,79,79,0,79.0,21120.0
7.6,30,100,15,0.0,25.153,79.454,0.0001,0,0.6,0,2.1051,13.427,0.00097996,58467,61874.0,6.4953,298.1,377.26,0.23914,0.0,,30,,0.40389,0.19711,,,0.090986,0,,0,0,2,79,79,0,79.0,21282.0
7.8,30,100,15,0.0,27.567,84.312,0.0001,0,0.6,0,2.0991,13.369,0.0009794,58471,61884.0,6.4916,298.1,377.5,0.24582,0.0,,30,,0.4246,0.19671,,,0.093529,0,,0,0,2,79,79,0,79.0,20777.0
8.0,30,100,15,0.0,31.432,88.377,0.0001,0,0.6,0,2.0891,13.301,0.00097882,58475,61894.0,6.4918,298.11,378.63,0.25271,0.0,,30,,0.44856,0.19624,,,0.096152,0,,0,0,2,79,79,0,79.0,22439.0
8.2,42,100,15,0.0,35.2,93.636,0.0001,0,0.6,0,2.0745,13.414,0.00097823,58479,61905.0,6.4922,298.12,381.3,0.20295,0.0,,30,,0.41933,0.19916,,,0.1081,0,,0,0,2,79,79,0,79.0,21934.0
8.4,42,100,15,0.0,38.829,101.01,0.0001,0,0.6,0,2.0539,13.352,0.00097763,58485,61917.0,6.4947,298.12,383.11,0.20202,0.0,,30,,0.40341,0.19937,,,0.1076,0,,0,0,2,79,79,0,79.0,21596.0
8.6,42,100,15,0.0,41.468,107.6,0.0001,0,0.6,0,2.0281,13.286,0.00097702,58491,61930.0,6.4971,298.13,384.63,0.2068,0.0,,30,,0.42128,0.19912,,,0.11015,0,,0,0,2,79,79,0,79.0,22091.0
8.8,42,100,15,0.0,43.16,114.1,0.0001,0,0.6,0,1.9978,13.228,0.00097641,58497,61942.0,6.4978,298.13,383.82,0.21238,0.0,,30,,0.44152,0.19884,,,0.11312,0,,0,0,2,79,79,0,79.0,21586.0
9.0,42,100,15,0.0,44.549,117.83,0.0001,0,0.6,0,1.9611,13.153,0.00097579,58503,61955.0,6.4977,298.13,386.16,0.21823,0.0,,30,,0.46696,0.19849,,,0.11624,0,,0,0,2,79,79,0,79.0,22247.0
9.2,42,100,15,0.0,46.0,125.55,0.0001,0,0.6,0,1.9183,13.066,0.00097517,58510,61969.0,6.4969,298.14,387.5,0.22431,0.0,,30,,0.50057,0.19802,,,0.11948,0,,0,0,2,79,79,0,79.0,22076.0
9.4,42,100,15,0.0,47.759,132.23,0.0001,0,0.6,0,1.8682,12.978,0.00097454,58517,61982.0,6.4976,298.16,392.39,0.23063,0.0,,30,,0.53482,0.19754,,,0.12284,0,,0,0,2,79,79,0,79.0,21737.0
9.6,42,100,15,0.0,49.242,143.66,0.0001,0,0.6,0,1.8119,12.893,0.00097391,58525,61996.0,6.4972,298.17,395.66,0.23717,0.0,,30,,0.5678,0.19708,,,0.12633,0,,0,0,2,79,79,0,79.0,21399.0
9.8,42,100,15,0.0,50.884,153.59,0.0001,0,0.6,0,1.7489,12.809,0.00097327,58533,62011.0,6.4966,298.18,398.63,0.24395,0.0,,30,,0.59844,0.19665,,,0.12994,0,,0,0,2,79,79,0,79.0,22227.0
10.0,42,100,15,0.0,52.77,163.65,0.0001,0,0.6,0,1.6795,12.723,0.00097262,58541,62025.0,6.4935,298.19,401.68,0.25095,0.0,,30,,0.63006,0.19621,,,0.13368,0,,0,0,2,79,79,0,79.0,21222.0
10.2,42,100,15,0.0,55.908,174.23,0.0001,0,0.6,0,1.6015,12.611,0.00097197,58550,62041.0,6.495,298.19,402.06,0.25821,0.0,,30,,0.67471,0.19559,,,0.13755,0,,0,0,2,79,79,0,79.0,22050.0
10.4,42,100,15,0.0,58.394,181.82,0.0001,0,0.6,0,1.5167,12.521,0.0009713,58559,62056.0,6.4971,298.19,402.58,0.26572,0.0,,30,,0.70863,0.19511,,,0.14155,0,,0,0,2,79,79,0,79.0,22212.0
10.6,42,100,15,0.0,60.065,189.71,0.0001,0,0.6,0,1.4233,12.404,0.00097063,58569,62072.0,6.4985,298.19,402.48,0.27349,0.0,,30,,0.75534,0.19446,,,0.14569,0,,0,0,2,79,79,0,79.0,20540.0
10.8,42,100,15,0.0,61.177,196.88,0.0001,0,0.6,0,1.3228,12.312,0.00096996,58578,62089.0,6.4991,298.21,406.17,0.28153,0.0,,30,,0.7889,0.19399,,,0.14997,0,,0,0,2,79,79,0,79.0,22034.0
11.0,42,100,15,0.0,62.072,208.89,0.0001,0,0.6,0,1.2136,12.206,0.00096929,58588,62105.0,6.4993,298.22,409.41,0.28984,0.0,,30,,0.82282,0.19351,,,0.15441,0,,0,0,2,79,79,0,79.0,21196.0
11.2,42,100,15,0.0,62.889,220.74,0.0001,0,0.6,0,1.0973,12.109,0.00096861,58599,62122.0,6.4976,298.22,408.93,0.29843,0.0,,30,,0.85505,0.19305,,,0.15898,0,,0,0,2,79,79,0,79.0,21357.0
11.4,42,100,15,0.0,64.386,228.29,0.0001,0,0.6,0,0.97375,12.009,0.00096793,58609,62139.0,6.4955,298.21,406.13,0.30727,0.0,,30,,0.8883,0.19258,,,0.1637,0,,0,0,2,79,79,0,79.0,20852.0
11.6,42,100,15,0.0,66.716,232.91,0.0001,0,0.6,0,0.8421,11.895,0.00096724,58620,62156.0,6.4916,298.21,407.09,0.31639,0.0,,30,,0.92861,0.19201,,,0.16856,0,,0,0,2,79,79,0,79.0,21180.0
11.8,42,100,15,0.0,70.589,242.03,0.0001,0,0.6,0,0.70288,11.797,0.00096654,58632,62174.0,6.4882,298.19,401.45,0.32577,0.0,,30,,0.96046,0.19156,,,0.17357,0,,0,0,2,79,79,0,79.0,22175.0
12.0,42,100,15,0.0,75.843,242.73,0.0001,0,0.6,0,0.55453,11.671,0.00096582,58645,62194.0,6.4853,298.18,397.81,0.33546,0.0,1533.8,30,1863.4,1.0029,0.19096,0.00096861,2.8036,0.17873,0,10.709,0,0,2,79,79,0,79.0,21169.0
12.2,42,100,30,0.0,82.228,245.41,0.0001,0,0.6,0,0.43233,11.564,0.00096504,58662,62218.0,6.4835,298.16,394.45,0.34544,0.0,,30,,1.0436,0.19038,,,0.18405,0,,0,0,2,79,79,0,79.0,21831.0
12.4,42,100,30,0.0,89.331,247.86,0.0001,0,0.6,0,0.30537,11.472,0.00096423,58680,62244.0,6.4837,298.17,397.01,0.35566,0.0,,30,,1.0778,0.18989,,,0.1895,0,,0,0,2,79,79,0,79.0,21992.0
12.6,42,100,30,0.0,96.366,257.41,0.0001,0,0.7,0,0.17748,12.268,0.0009634,58700,62272.0,6.4844,298.17,395.41,0.36607,0.0,,30,,1.0961,0.18962,,,0.19506,0,,0,0,2,79,79,0,79.0,21653.0
12.8,42,100,30,0.0,103.14,261.83,0.0001,0,0.7,0,0.063539,12.411,0.00096254,58721,62300.0,6.4916,298.15,390.94,0.37647,0.0,,30,,1.0698,0.18996,,,0.2006,0,,0,0,2,79,79,0,79.0,21148.0
13.0,42,100,30,0.0,106.99,262.49,0.0001,0,0.7,0,0.014693,13.2,0.00096168,58743,62330.0,6.5151,298.06,365.28,0.38589,0.0,,30,,0.86232,0.19279,,,0.20563,0,,0,0,2,79,79,0,79.0,21475.0
13.2,42,100,30,0.0,101.42,235.65,0.0001,0,0.7,0,0.012936,13.281,0.00096084,58764,62358.0,6.5453,297.94,334.14,0.39334,0.0,,30,,0.70487,0.19492,,,0.2096,0,,0,0,2,79,79,0,79.0,22137.0
13.4,42,100,30,0.0,83.809,70.694,257.97,0,0.7,0,0.012656,13.276,0.00096005,58782,62383.0,6.5703,298.9,594.77,0.40021,0.0,,30,,0.67636,0.19529,,,0.21326,0,,0,0,2,79,79,0,79.0,21798.0
13.6,42,100,30,0.51817,41.904,400.98,25.797,0,0.7,0,0.01219,13.251,0.00095939,58790,62399.0,6.5677,298.65,525.78,0.40692,0.0,,30,,0.67938,0.19524,,,0.21685,0,,0,0,2,79,79,0,79.0,22292.0
13.8,42,100,30,1.0397,20.952,339.9,2.5797,0,0.7,0,0.01171,13.227,0.0009588,58795,62412.0,6.54,298.38,453.42,0.41358,0.0,,30,,0.68209,0.19519,,,0.2204,0,,0,0,2,79,79,0,79.0,20954.0
14.0,42,100,30,0.0,5.5562,274.14,0.25797,0,0.7,0,0.01135,13.2,0.00095827,58797,62421.0,6.4984,298.19,402.53,0.4202,0.0,,30,,0.6905,0.19506,,,0.22393,0,,0,0,2,79,79,0,79.0,21615.0
14.2,42,100,30,0.0,6.76,225.77,0.025797,0,0.7,0,0.011134,13.167,0.00095774,58799,62430.0,6.4622,298.08,370.52,0.42681,0.0,,30,,0.70017,0.19491,,,0.22746,0,,0,0,2,79,79,0,79.0,20943.0
14.4,42,100,30,0.0,22.373,193.78,0.0025797,0,0.7,0,0.010919,13.165,0.00095716,58804,62442.0,6.4459,298.0,348.41,0.4334,0.0,,30,,0.69563,0.19496,,,0.23097,0,,0,0,2,79,79,0,79.0,21104.0
14.6,42,100,30,0.0,44.471,169.45,0.00025797,0,0.7,0,0.010676,13.162,0.0009565,58814,62459.0,6.4517,297.94,332.98,0.43997,0.0,,30,,0.69188,0.195,,,0.23448,0,,0,0,2,79,79,0,79.0,21765.0
14.8,42,100,30,0.0,64.232,50.834,178.42,0,0.7,0,0.010604,13.185,0.00095578,58827,62480.0,6.476,298.64,524.63,0.44648,0.0,,30,,0.67378,0.19523,,,0.23795,0,,0,0,2,79,79,0,79.0,20926.0
15.0,42,100,30,0.0,74.278,292.48,17.842,0,0.7,0,0.010555,13.165,0.00095502,58842,62503.0,6.5052,298.46,475.61,0.45296,0.0,,30,,0.67459,0.19521,,,0.24141,0,,0,0,2,79,79,0,79.0,21254.0
15.2,42,100,30,0.0,72.691,249.08,1.7842,0,0.7,0,0.010451,13.146,0.00095427,58857,62525.0,6.5336,298.31,433.97,0.45943,0.0,,30,,0.67631,0.19517,,,0.24486,0,,0,0,2,79,79,0,79.0,21915.0
15.4,42,100,30,0.0,59.781,214.95,0.17842,0,0.7,0,0.010215,13.115,0.00095357,58870,62545.0,6.5521,298.2,402.87,0.4659,0.0,,30,,0.68476,0.19505,,,0.24831,0,,0,0,2,79,79,0,79.0,20743.0
15.6,42,100,30,0.51894,29.891,188.27,0.017842,0,0.7,0,0.010138,13.074,0.00095297,58877,62559.0,6.5401,298.12,381.88,0.47238,0.0,,30,,0.69089,0.19495,,,0.25177,0,,0,0,2,79,79,0,79.0,21404.0
15.8,42,100,30,0.0,14.48,169.85,0.0017842,0,0.7,0,0.0099462,13.052,0.00095243,58880,62570.0,6.5106,298.07,368.26,0.47888,0.0,,30,,0.69134,0.19493,,,0.25524,0,,0,0,2,79,79,0,79.0,22399.0
16.0,42,100,30,0.0,10.806,157.61,0.00017842,0,0.7,0,0.0096087,13.04,0.00095191,58883,62580.0,6.4786,298.02,355.36,0.48535,0.0,,30,,0.6922,0.19491,,,0.2587,0,,0,0,2,79,79,0,79.0,20727.0
16.2,42,100,75,0.0,19.901,144.2,0.0001,0,0.7,0,0.031506,11.901,0.00095119,58897,62604.0,6.4415,298.09,374.44,0.49336,0.0,,35,,0.99728,0.19073,,,0.26297,0,,0,0,2,79,79,0,79.0,21054.0
16.4,42,100,75,0.0,43.829,169.56,0.0001,0,0.7,0,0.032813,11.818,0.00095039,58915,62634.0,6.4277,298.14,387.37,0.50304,0.0,,35,,1.0914,0.18942,,,0.26814,0,,0,0,2,79,79,0,79.0,21215.0
16.6,42,100,75,0.0,73.181,188.87,0.0001,0,0.7,0,0.030326,11.792,0.0009495,58939,62669.0,6.4357,298.15,389.27,0.51309,0.0,,35,,1.1192,0.18902,,,0.2735,0,,0,0,2,79,79,0,79.0,20877.0
16.8,42,100,75,0.0,99.359,196.14,0.0001,0,0.7,0,0.028884,11.763,0.00094853,58969,62710.0,6.4517,298.13,385.97,0.5232,0.0,,35,,1.1238,0.18894,,,0.2789,0,,0,0,2,79,79,0,79.0,21704.0
17.0,42,100,75,0.0,119.18,197.39,0.0001,0,0.7,0,0.028156,11.708,0.00094749,59002,62755.0,6.4691,298.12,382.1,0.53337,0.0,,35,,1.1372,0.18873,,,0.28433,0,,0,0,2,79,79,0,79.0,21199.0
17.2,42,100,75,0.0,132.06,197.61,0.0001,0,0.7,0,0.026769,11.681,0.00094642,59038,62802.0,6.4847,298.09,375.01,0.54361,0.0,,35,,1.1413,0.18866,,,0.28979,0,,0,0,2,79,79,0,79.0,21193.0
17.4,42,100,75,0.0,138.71,193.23,0.0001,0,0.7,0,0.025289,11.657,0.00094533,59075,62851.0,6.499,298.06,365.67,0.55387,0.0,,35,,1.145,0.18858,,,0.29527,0,,0,0,2,79,79,0,79.0,20854.0
17.6,42,100,75,0.0,139.64,185.14,0.0001,0,0.7,0,0.02474,11.603,0.00094424,59113,62900.0,6.5104,298.04,360.61,0.56414,0.0,,35,,1.1555,0.18842,,,0.30075,0,,0,0,2,79,79,0,79.0,21849.0
17.8,42,100,75,0.0,136.01,181.24,0.0001,0,0.7,0,0.023601,11.581,0.00094317,59150,62948.0,6.5206,298.04,361.36,0.57445,0.0,,35,,1.1575,0.18837,,,0.30626,0,,0,0,2,79,79,0,79.0,21676.0
18.0,42,100,75,0.0,128.29,183.87,0.0001,0,0.7,0,0.022616,11.529,0.00094212,59185,62994.0,6.528,298.04,359.57,0.58477,0.0,,35,,1.1688,0.1882,,,0.31177,0,,0,0,2,79,79,0,79.0,20504.0
18.2,42,100,75,0.0,117.6,183.23,0.0001,0,0.7,0,0.02187,11.45,0.00094111,59218,63039.0,6.5319,298.02,356.08,0.59515,0.0,,35,,1.1952,0.18782,,,0.31731,0,,0,0,2,79,79,0,79.0,21332.0
18.4,42,100,75,0.0,105.38,180.27,0.0001,0,0.7,0,0.022127,11.336,0.00094013,59249,63081.0,6.5336,298.04,359.35,0.60564,0.0,,35,,1.2272,0.18735,,,0.32292,0,,0,0,2,79,79,0,79.0,20826.0
18.6,42,100,75,0.0,92.446,185.41,0.0001,0,0.7,0,0.021593,11.273,0.00093921,59277,63121.0,6.5332,298.04,360.08,0.61627,0.0,,35,,1.2472,0.18706,,,0.32859,0,,0,0,2,79,79,0,79.0,20987.0
18.8,42,100,75,0.0,79.677,187.61,0.0001,0,0.7,0,0.021354,11.179,0.00093832,59302,63158.0,6.5274,298.04,359.44,0.62702,0.0,,35,,1.2684,0.18674,,,0.33433,0,,0,0,2,79,79,0,79.0,21648.0
19.0,42,100,75,0.0,69.265,188.25,0.0001,0,0.7,0,0.020378,11.132,0.00093746,59326,63193.0,6.5194,298.03,357.3,0.63785,0.0,,35,,1.2847,0.1865,,,0.34011,0,,0,0,2,79,79,0,79.0,21642.0
19.2,42,100,75,0.0,62.037,186.95,0.0001,0,0.7,0,0.019161,11.103,0.00093663,59348,63227.0,6.511,298.02,354.2,0.64866,0.0,,35,,1.2934,0.18636,,,0.34589,0,,0,0,2,79,79,0,79.0,21470.0
19.4,42,100,75,0.0,58.172,184.2,0.0001,0,0.7,0,0.018263,11.058,0.00093581,59369,63260.0,6.5023,298.02,354.0,0.65946,0.0,,35,,1.3025,0.18621,,,0.35166,0,,0,0,2,79,79,0,79.0,20631.0
19.6,42,100,75,0.0,57.778,184.7,0.0001,0,0.7,0,0.0175,11.018,0.000935,59390,63292.0,6.4938,298.01,352.78,0.67027,0.0,,35,,1.31,0.18609,,,0.35744,0,,0,0,2,79,79,0,79.0,21791.0
19.8,42,100,75,0.0,60.789,183.8,0.0001,0,0.7,0,0.016455,10.995,0.00093417,59412,63326.0,6.4898,297.99,347.11,0.68106,0.0,,35,,1.3177,0.18596,,,0.3632,0,,0,0,2,79,79,0,79.0,21286.0
20.0,42,100,75,0.0,65.359,177.18,0.0001,0,0.7,0,0.015657,10.981,0.00093333,59435,63360.0,6.4905,297.98,344.64,0.69177,0.0,,35,,1.3228,0.18587,,,0.36892,0,,0,0,2,79,79,0,79.0,21447.0
20.2,55,100,150,0.0,69.678,173.93,0.0001,0,0.7,0,0.059832,10.045,0.00093224,59473,63415.0,6.4679,298.07,369.96,0.55604,0.0,,35,,1.6557,0.18693,,,0.38818,0,,0,0,2,79,79,0,79.0,21274.0
20.4,55,100,150,0.0,83.131,205.12,0.0001,0,0.7,0,0.061985,9.8357,0.00093111,59514,63474.0,6.4454,298.15,391.54,0.55859,0.0,,35,,1.745,0.18598,,,0.38996,0,,0,0,2,79,79,0,79.0,21102.0
20.6,55,100,150,0.0,105.48,234.28,0.0001,0,0.7,0,0.056569,9.7259,0.0009299,59560,63536.0,6.43,298.19,400.8,0.56985,0.0,,35,,1.7841,0.18555,,,0.39784,0,,0,0,2,79,79,0,79.0,21262.0
20.8,55,100,150,0.0,133.98,251.03,0.0001,0,0.7,0,0.048678,9.6914,0.00092861,59611,63604.0,6.4205,298.18,399.93,0.58177,0.0,,35,,1.7988,0.18537,,,0.40617,0,,0,0,2,79,79,0,79.0,21590.0
21.0,55,100,150,0.0,166.28,256.7,0.0001,0,0.7,0,0.041484,9.7018,0.00092722,59669,63679.0,6.4156,298.15,391.59,0.59372,0.0,,35,,1.7952,0.18539,,,0.41452,0,,0,0,2,79,79,0,79.0,20251.0
21.2,55,100,150,0.0,200.53,253.2,0.0001,0,0.7,0,0.038783,9.643,0.00092573,59734,63760.0,6.4128,298.15,390.55,0.60566,0.0,,35,,1.8118,0.18519,,,0.42288,0,,0,0,2,79,79,0,79.0,20911.0
21.4,55,100,150,0.0,225.0,257.88,0.0001,0,0.7,0,0.035554,9.6063,0.00092416,59803,63846.0,6.4111,298.13,385.96,0.61767,0.0,,35,,1.8206,0.18507,,,0.43128,0,,0,0,2,79,79,0,79.0,21739.0
21.6,55,100,150,0.0,225.0,257.8,0.0001,0,0.7,0,0.031425,9.5678,0.0009226,59873,63932.0,6.4105,298.12,382.75,0.62972,0.0,,35,,1.8343,0.18491,,,0.4397,0,,0,0,2,79,79,0,79.0,21233.0
21.8,55,100,150,0.0,225.0,258.93,0.0001,0,0.7,0,0.029665,9.4522,0.00092104,59942,64018.0,6.41,298.12,381.12,0.64183,0.0,,35,,1.8745,0.18446,,,0.44817,0,,0,0,2,79,79,0,79.0,21393.0
22.0,55,100,150,0.0,225.0,261.55,0.0001,0,0.7,0,0.028941,9.3551,0.00091949,60012,64104.0,6.4089,298.1,377.61,0.65405,0.0,,35,,1.8993,0.18417,,,0.45672,0,,0,0,2,79,79,0,79.0,21554.0
22.2,55,100,150,0.0,225.0,261.58,0.0001,0,0.7,0,0.027125,9.2761,0.00091794,60081,64190.0,6.4074,298.08,370.8,0.66642,0.0,,35,,1.9176,0.18395,,,0.46538,0,,0,0,2,79,79,0,79.0,21048.0
22.4,55,100,150,0.0,225.0,257.09,0.0001,0,0.7,0,0.025579,9.2543,0.0009164,60151,64276.0,6.4068,298.07,369.65,0.6788,0.0,,35,,1.9226,0.18388,,,0.47403,0,,0,0,2,79,79,0,79.0,21209.0
22.6,55,100,150,0.0,225.0,258.8,0.0001,0,0.7,0,0.023327,9.2647,0.00091486,60220,64362.0,6.4072,298.07,367.8,0.69111,0.0,,35,,1.9123,0.18396,,,0.48265,0,,0,0,2,79,79,0,79.0,20703.0
22.8,55,100,150,0.0,225.0,259.34,0.0001,0,0.7,0,0.021169,9.2786,0.00091332,60290,64447.0,6.4092,298.07,368.06,0.70329,0.0,,35,,1.9131,0.18393,,,0.49117,0,,0,0,2,79,79,0,79.0,20863.0
23.0,55,100,150,0.0,225.0,262.25,0.0001,0,0.7,0,0.020706,9.2198,0.00091179,60359,64533.0,6.4109,298.06,364.29,0.71542,0.035956,,35,,1.9225,0.18381,,,0.49966,0,,0,0,2,79,79,0,79.0,20857.0
23.2,55,100,150,0.0,225.0,260.17,0.0001,0,0.7,0,0.020526,9.1029,0.00091026,60429,64619.0,6.4114,298.02,353.38,0.72766,0.38774,,35,,1.9546,0.18345,,,0.50822,0,,0,0,2,79,79,0,79.0,22018.0
23.4,55,100,150,0.0,225.0,248.9,0.0001,0,0.7,0,0.020494,9.0174,0.00090873,60499,64705.0,6.4112,298.03,357.45,0.74002,0.98935,,35,,1.976,0.1832,,,0.51688,0,,0,0,2,79,79,0,79.0,21012.0
23.6,55,100,150,0.0,225.0,254.82,0.0001,0,0.7,0,0.019987,8.9517,0.00090721,60568,64791.0,6.4108,298.06,364.3,0.75248,1.7549,,35,,1.9921,0.183,,,0.52559,0,,0,0,2,79,79,0,79.0,21005.0
23.8,55,100,150,0.0,225.0,264.3,0.0001,0,0.7,0,0.019779,8.8419,0.00090568,60638,64878.0,6.4097,298.08,370.78,0.76505,2.6016,,35,,2.0234,0.18265,,,0.53439,0,,0,0,2,79,79,0,79.0,20166.0
24.0,55,100,150,0.0,225.0,274.14,0.0001,0,0.7,0,0.018789,8.8312,0.00090416,60709,64965.0,6.4094,298.08,371.83,0.77763,3.4672,1203.9,35,1847.8,2.0298,0.18256,0.00091026,9.2378,0.5432,0,22.119,0,0,2,79,79,0,79.0,21660.0
24.2,55,100,30,0.0,225.0,278.19,0.0001,0,0.7,0,0.0030619,12.042,0.017895,60755,65020.0,6.4505,297.81,294.1,0.78553,4.2744,,35,,1.0534,0.1928,,,0.54873,0,,0,0,2,79,79,0,79.0,21237.0
24.4,55,100,30,0.0,225.0,83.456,400.64,0,0.7,0,0.0030033,12.051,0.038484,60801,65074.0,6.4901,299.11,662.25,0.79037,4.7812,,35,,0.92858,0.19408,,,0.55212,0,,0,0,2,79,79,0,79.0,21665.0
24.6,55,100,30,0.0,225.0,528.67,40.064,0,0.7,0,0.0029349,12.05,0.059627,60847,65129.0,6.5254,298.51,492.73,0.79494,5.1889,,35,,0.91743,0.19419,,,0.55532,0,,0,0,2,79,79,0,79.0,21263.0
24.8,55,100,30,0.0,215.39,353.35,4.0064,0,0.7,0,0.0028558,12.055,0.081748,60892,65181.0,6.5568,298.11,378.11,0.79943,5.465,,35,,0.91026,0.19425,,,0.55846,0,,0,0,2,79,79,0,79.0,22032.0
25.0,55,100,30,0.51761,107.69,237.02,0.40064,0,0.7,0,0.0028128,11.943,0.10434,60915,65213.0,6.5798,297.89,316.17,0.80385,5.6239,,35,,0.93047,0.19404,,,0.56155,0,,0,0,2,79,79,0,79.0,21137.0
25.2,55,100,30,1.0361,53.846,71.106,224.09,0,0.8,0,0.0028173,12.705,0.12711,60928,65233.0,6.5808,298.66,534.66,0.80824,5.6332,,35,,0.9506,0.19382,,,0.56463,0,,0,0,2,79,79,0,79.0,21742.0
25.4,55,100,30,1.557,26.923,335.08,22.409,0,0.8,0,0.002814,12.633,0.14986,60935,65249.0,6.5526,298.38,455.81,0.81264,5.5277,,35,,0.96937,0.19362,,,0.56771,0,,0,0,2,79,79,0,79.0,22181.0
25.6,55,100,30,2.0806,13.462,257.8,2.2409,0,0.8,0,0.0027436,12.623,0.17322,60939,65261.0,6.51,298.16,392.82,0.817,5.3375,,35,,0.96829,0.19362,,,0.57076,0,,0,0,2,79,79,0,79.0,21956.0
25.8,55,100,30,0.0,10.046,197.32,0.22409,0,0.8,0,0.002664,12.613,0.19722,60943,65273.0,6.4705,298.04,360.34,0.8213,5.101,,35,,0.9703,0.19359,,,0.57377,0,,0,0,2,79,79,0,79.0,22401.0
26.0,55,100,30,0.0,22.367,165.28,0.022409,0,0.8,0,0.0026225,12.622,0.2217,60949,65287.0,6.4495,297.98,342.27,0.82554,4.844,,35,,0.96386,0.19365,,,0.57674,0,,0,0,2,79,79,0,79.0,22682.0
26.2,55,100,30,0.0,43.03,145.7,0.0022409,0,0.8,0,0.0026373,12.609,0.24621,60959,65305.0,6.4504,297.93,328.42,0.82978,4.5974,,35,,0.96507,0.19363,,,0.57971,0,,0,0,2,79,79,0,79.0,22963.0
26.4,55,100,30,0.0,63.313,43.709,158.45,0,0.8,0,0.0026164,12.601,0.27123,60973,65327.0,6.4694,298.53,498.07,0.83402,4.3721,,35,,0.96559,0.19361,,,0.58268,0,,0,0,2,79,79,0,79.0,21746.0
26.6,55,100,30,0.0,76.013,248.21,15.845,0,0.8,0,0.0026261,12.578,0.29623,60989,65352.0,6.4957,298.4,462.63,0.83828,4.1963,,35,,0.97526,0.19351,,,0.58566,0,,0,0,2,79,79,0,79.0,23196.0
26.8,55,100,30,0.0,78.215,220.37,1.5845,0,0.8,0,0.0026086,12.582,0.32144,61006,65377.0,6.5206,298.28,427.44,0.84251,4.0672,,35,,0.96639,0.19359,,,0.58862,0,,0,0,2,79,79,0,79.0,21647.0
27.0,55,100,30,0.0,70.495,193.61,0.15845,0,0.8,0,0.0026156,12.574,0.34689,61021,65400.0,6.5409,298.19,401.16,0.84672,3.9822,,35,,0.95233,0.19373,,,0.59158,0,,0,0,2,79,79,0,79.0,23599.0
27.2,55,100,30,0.0,54.659,173.03,0.015845,0,0.8,0,0.0026586,12.516,0.37217,61033,65421.0,6.5506,298.13,383.64,0.85095,3.9469,,35,,0.96547,0.19358,,,0.59454,0,,0,0,2,79,79,0,79.0,22717.0
27.4,55,100,30,0.51969,27.33,159.4,0.0015845,0,0.8,0,0.0026297,12.457,0.39776,61040,65436.0,6.5303,298.08,371.45,0.85518,3.9359,,35,,0.98292,0.19339,,,0.5975,0,,0,0,2,79,79,0,79.0,22336.0
27.6,55,100,30,0.0,15.833,149.73,0.00015845,0,0.8,0,0.0026071,12.421,0.42378,61044,65448.0,6.4971,298.05,362.58,0.85941,3.9556,,35,,0.98949,0.19332,,,0.60046,0,,0,0,2,79,79,0,79.0,23791.0
27.8,55,100,30,0.0,17.538,142.33,0.0001,0,0.8,0,0.0026152,12.399,0.45005,61049,65461.0,6.4694,298.03,355.88,0.86364,4.0065,,35,,0.98717,0.19333,,,0.60342,0,,0,0,2,79,79,0,79.0,23414.0
28.0,55,100,30,0.0,30.286,136.32,0.0001,0,0.8,0,0.0025805,12.39,0.47666,61056,65477.0,6.4585,298.01,351.47,0.86787,4.0854,,35,,0.98811,0.19332,,,0.60638,0,,0,0,2,79,79,0,79.0,23205.0
28.2,55,100,37,0.0,47.359,132.17,0.0001,0,0.8,0,0.0029691,12.203,0.50011,61069,65498.0,6.4645,298.02,352.45,0.87239,4.1861,,35,,1.0358,0.19281,,,0.60955,0,,0,0,2,79,79,0,79.0,22814.0
28.4,55,100,37,0.0,62.037,133.91,0.0001,0,0.8,0,0.0029176,12.216,0.52407,61084,65521.0,6.4828,298.02,353.02,0.87704,4.2508,,35,,1.0374,0.19279,,,0.61281,0,,0,0,2,79,79,0,79.0,23758.0
28.6,55,100,37,0.0,69.384,135.14,0.0001,0,0.8,0,0.0029023,12.21,0.54844,61100,65546.0,6.5027,298.03,356.5,0.88166,4.323,,35,,1.0398,0.19275,,,0.61604,0,,0,0,2,79,79,0,79.0,23872.0
28.8,55,100,37,0.0,68.822,140.0,0.0001,0,0.8,0,0.0028346,12.212,0.5737,61117,65571.0,6.5193,298.03,356.19,0.88622,4.3983,,35,,1.0366,0.19278,,,0.61923,0,,0,0,2,79,79,0,79.0,23323.0
29.0,55,100,37,0.0,61.639,140.63,0.0001,0,0.8,0,0.0027666,12.203,0.59995,61132,65595.0,6.5307,298.02,354.81,0.8907,4.481,,35,,1.0374,0.19276,,,0.62237,0,,0,0,2,79,79,0,79.0,24612.0
29.2,55,100,37,0.0,49.875,140.03,0.0001,0,0.8,0,0.0027261,12.173,0.62658,61144,65616.0,6.5338,298.01,351.82,0.89512,4.5746,,35,,1.0469,0.19265,,,0.62548,0,,0,0,2,79,79,0,79.0,24070.0
29.4,55,100,37,0.0,36.893,137.32,0.0001,0,0.8,0,0.0026867,12.126,0.65375,61155,65635.0,6.523,298.0,349.2,0.89954,4.6514,,35,,1.0578,0.19253,,,0.62857,0,,0,0,2,79,79,0,79.0,24364.0
29.6,55,100,37,0.0,28.242,134.7,0.0001,0,0.8,0,0.0026684,12.085,0.68133,61163,65652.0,6.5021,298.0,349.03,0.90394,4.7226,,35,,1.0699,0.1924,,,0.63165,0,,0,0,2,79,79,0,79.0,24493.0
29.8,55,100,37,0.0,27.944,134.7,0.0001,0,0.8,0,0.0026915,12.03,0.70896,61171,65669.0,6.4807,298.0,349.08,0.90837,4.7879,,35,,1.0888,0.19219,,,0.63476,0,,0,0,2,79,79,0,79.0,23956.0
30.0,55,100,37,0.0,36.204,134.88,0.0001,0,0.8,0,0.0026391,12.026,0.73715,61181,65687.0,6.4699,297.99,345.83,0.91279,4.8432,,35,,1.0933,0.19214,,,0.63785,0,,0,0,2,79,79,0,79.0,23755.0
30.2,55,100,37,0.0,48.749,131.06,0.0001,0,0.9,0,0.0026732,12.836,0.7652,61194,65709.0,6.4725,297.98,342.64,0.91722,4.8893,,35,,1.0974,0.19209,,,0.64095,0,,0,0,2,79,79,0,79.0,24886.0
30.4,55,100,37,0.0,60.222,126.98,0.0001,0,0.9,0,0.0027382,12.784,0.79281,61209,65732.0,6.4833,297.98,343.33,0.92172,4.9318,,35,,1.1064,0.19198,,,0.64411,0,,0,0,2,79,79,0,79.0,24182.0
30.6,55,100,37,0.0,67.391,127.17,0.0001,0,0.9,0,0.0027305,12.776,0.82078,61225,65757.0,6.4985,297.98,342.84,0.92626,4.957,,35,,1.1027,0.19201,,,0.64728,0,,0,0,2,79,79,0,79.0,24480.0
30.8,55,100,37,0.0,68.499,125.92,0.0001,0,0.9,0,0.0027029,12.753,0.84903,61242,65782.0,6.5144,297.98,341.65,0.93078,4.9764,,35,,1.1086,0.19194,,,0.65045,0,,0,0,2,79,79,0,79.0,25612.0
31.0,55,100,37,0.0,63.274,123.79,0.0001,0,0.9,0,0.0027088,12.709,0.87733,61257,65806.0,6.5256,297.97,338.24,0.9353,4.9912,,35,,1.1232,0.19178,,,0.65362,0,,0,0,2,79,79,0,79.0,26245.0
31.2,55,100,37,0.0,53.584,118.84,0.0001,0,0.9,0,0.0026815,12.694,0.90599,61271,65829.0,6.5301,297.96,337.63,0.93981,4.9917,,35,,1.1186,0.19182,,,0.65678,0,,0,0,2,79,79,0,79.0,25713.0
31.4,55,100,37,0.0,42.085,116.89,0.0001,0,0.9,0,0.0026932,12.66,0.93473,61282,65849.0,6.524,297.96,337.8,0.9443,4.9894,,35,,1.121,0.19179,,,0.65993,0,,0,0,2,79,79,0,79.0,25347.0
31.6,55,100,37,0.0,33.023,115.72,0.0001,0,0.9,0,0.0026656,12.635,0.96391,61291,65867.0,6.5097,297.97,338.78,0.94878,4.9826,,35,,1.1214,0.19178,,,0.66307,0,,0,0,2,79,79,0,79.0,24818.0
31.8,55,100,37,0.0,29.71,115.55,0.0001,0,0.9,0,0.0026713,12.592,0.9933,61300,65884.0,6.4915,297.98,341.87,0.95327,4.982,,35,,1.1288,0.19169,,,0.66621,0,,0,0,2,79,79,0,79.0,26456.0
32.0,55,100,37,0.0,33.647,118.02,0.0001,0,0.9,0,0.0026156,12.6,1.0233,61310,65902.0,6.4782,297.98,342.1,0.95772,4.9812,,35,,1.1253,0.19172,,,0.66933,0,,0,0,2,79,79,0,79.0,26097.0
32.2,55,100,43,0.0,42.872,117.38,0.0001,0,0.9,0,0.0029542,12.4,1.0501,61322,65924.0,6.4741,298.0,348.08,0.96243,4.9904,,35,,1.1747,0.1912,,,0.67263,0,,0,0,2,79,79,0,79.0,25222.0
32.4,55,100,43,0.0,53.737,123.82,0.0001,0,0.9,0,0.0029074,12.426,1.0775,61337,65948.0,6.4793,298.01,350.09,0.96728,4.9534,,35,,1.16,0.19134,,,0.67603,0,,0,0,2,79,79,0,79.0,26183.0
32.6,55,100,43,0.0,62.493,126.08,0.0001,0,0.9,0,0.0028617,12.418,1.1054,61354,65973.0,6.4903,298.01,351.96,0.9721,4.9333,,35,,1.1612,0.19132,,,0.6794,0,,0,0,2,79,79,0,79.0,25981.0
32.8,55,100,43,0.0,66.866,128.54,0.0001,0,0.9,0,0.0028412,12.426,1.134,61371,66000.0,6.5033,298.03,355.36,0.97687,4.9335,,35,,1.1538,0.19139,,,0.68275,0,,0,0,2,79,79,0,79.0,26615.0
33.0,55,100,43,0.0,66.071,133.09,0.0001,0,0.9,0,0.0028896,12.362,1.1621,61388,66026.0,6.5142,298.03,355.58,0.98165,4.9525,,35,,1.1752,0.19115,,,0.6861,0,,0,0,2,79,79,0,79.0,26747.0
33.2,55,100,43,0.0,60.919,134.21,0.0001,0,0.9,0,0.0028977,12.336,1.1904,61404,66051.0,6.5221,298.02,354.37,0.98645,4.9674,,35,,1.181,0.19109,,,0.68946,0,,0,0,2,79,79,0,79.0,27379.0
33.4,55,100,43,0.0,52.615,133.73,0.0001,0,0.9,0,0.002853,12.317,1.2192,61419,66075.0,6.521,298.02,353.96,0.99121,4.9848,,35,,1.1812,0.19107,,,0.6928,0,,0,0,2,79,79,0,79.0,27348.0
33.6,55,100,43,0.0,44.762,134.07,0.0001,0,0.9,0,0.0028066,12.309,1.2489,61432,66097.0,6.5136,298.02,352.88,0.99592,5.0145,,35,,1.1787,0.19109,,,0.6961,0,,0,0,2,79,79,0,79.0,25987.0
33.8,55,100,43,0.0,39.88,133.55,0.0001,0,0.9,0,0.002829,12.246,1.2784,61444,66118.0,6.5021,298.01,350.49,1.0006,5.0489,,35,,1.1949,0.19091,,,0.69941,0,,0,0,2,79,79,0,79.0,28126.0
34.0,55,100,43,0.0,39.588,131.31,0.0001,0,0.9,0,0.002796,12.225,1.3082,61456,66139.0,6.4894,298.0,347.08,1.0054,5.0787,,35,,1.2009,0.19084,,,0.70272,0,,0,0,2,79,79,0,79.0,26932.0
34.2,55,100,43,0.0,44.342,127.57,0.0001,0,0.9,0,0.0027484,12.222,1.3387,61469,66161.0,6.4828,297.99,345.55,1.0101,5.1082,,35,,1.1953,0.19089,,,0.70601,0,,0,0,2,79,79,0,79.0,27076.0
34.4,55,100,43,0.0,51.734,125.68,0.0001,0,0.9,0,0.0026398,12.258,1.3704,61483,66184.0,6.4813,297.98,342.29,1.0147,5.1506,,35,,1.1842,0.191,,,0.70924,0,,0,0,2,79,79,0,79.0,28058.0
34.6,55,100,43,0.0,59.716,121.45,0.0001,0,0.9,0,0.0025957,12.256,1.4027,61499,66209.0,6.4855,297.97,340.29,1.0192,5.2187,,35,,1.184,0.19099,,,0.71242,0,,0,0,2,79,79,0,79.0,27044.0
34.8,55,100,43,0.0,65.999,118.36,0.0001,0,0.9,0,0.002569,12.253,1.4352,61516,66235.0,6.4938,297.96,337.24,1.0237,5.298,,35,,1.18,0.19102,,,0.71559,0,,0,0,2,79,79,0,79.0,27864.0
35.0,55,100,43,0.0,68.968,113.7,0.0001,0,0.9,0,0.0025913,12.228,1.4674,61534,66262.0,6.5011,297.96,336.04,1.0282,5.3714,,35,,1.1818,0.191,,,0.71875,0,,0,0,2,79,79,0,79.0,28516.0
35.2,55,100,43,0.0,69.062,110.91,0.0001,0,0.9,0,0.0025736,12.213,1.5,61552,66289.0,6.5071,297.96,335.62,1.0328,5.4348,,35,,1.1798,0.19101,,,0.72192,0,,0,0,2,79,79,0,79.0,27336.0
35.4,55,100,43,0.0,66.75,108.85,0.0001,0,0.9,0,0.0025253,12.219,1.5333,61570,66315.0,6.5122,297.95,332.91,1.0372,5.4928,,35,,1.1727,0.19107,,,0.72506,0,,0,0,2,79,79,0,79.0,27993.0
35.6,55,100,43,0.0,62.376,32.654,121.95,0,0.9,0,0.00246,12.197,1.5671,61586,66341.0,6.5158,298.43,472.83,1.0416,5.5504,,35,,1.1845,0.19094,,,0.72815,0,,0,0,2,79,79,0,79.0,28819.0
35.8,55,100,43,0.0,56.593,198.99,12.195,0,0.9,0,0.0024372,12.173,1.6013,61601,66365.0,6.5147,298.3,435.43,1.046,5.6024,,35,,1.1895,0.19088,,,0.73121,0,,0,0,2,79,79,0,79.0,29481.0
36.0,55,100,43,0.0,51.267,166.65,1.2195,0,0.9,0,0.0024077,12.167,1.6357,61616,66388.0,6.5113,298.2,405.02,1.0503,5.6442,1198.5,35,1911.3,1.1858,0.19091,1.5,12.991,0.73424,0,35.834,0,0,2,79,79,0,79.0,28977.0
36.2,55,100,47,0.0,47.265,142.49,0.12195,0,0.9,0,0.0026093,11.993,1.6685,61630,66411.0,6.503,298.13,384.07,1.0548,5.6745,,35,,1.2338,0.19041,,,0.7374,0,,0,0,2,79,79,0,79.0,29965.0
36.4,55,100,47,0.0,46.602,125.55,0.012195,0,0.9,0,0.0026348,11.941,1.7013,61644,66435.0,6.4935,298.08,370.38,1.0595,5.6718,,35,,1.2531,0.1902,,,0.74064,0,,0,0,2,79,79,0,79.0,28786.0
36.6,55,100,47,0.0,49.743,114.37,0.0012195,0,0.9,0,0.002612,11.939,1.7345,61659,66459.0,6.4871,298.06,363.99,1.0641,5.6558,,35,,1.2531,0.19019,,,0.74388,0,,0,0,2,79,79,0,79.0,28610.0
36.8,55,100,47,0.0,55.425,109.96,0.00012195,0,0.9,0,0.002568,11.954,1.7685,61675,66484.0,6.4857,298.04,359.61,1.0686,5.6366,,35,,1.2439,0.19027,,,0.74708,0,,0,0,2,79,79,0,79.0,29937.0
37.0,55,100,47,0.0,61.633,106.95,0.0001,0,0.9,0,0.0025294,11.971,1.8031,61692,66510.0,6.4899,298.03,356.25,1.0731,5.6229,,35,,1.2327,0.19038,,,0.75024,0,,0,0,2,79,79,0,79.0,28600.0
37.2,55,100,47,0.0,66.163,104.53,0.0001,0,0.9,0,0.0024918,11.962,1.8383,61710,66537.0,6.4953,298.02,352.69,1.0776,5.6231,,35,,1.2389,0.19031,,,0.75336,0,,0,0,2,79,79,0,79.0,30433.0
37.4,55,100,47,0.0,68.575,101.42,0.0001,0,0.9,0,0.0024741,11.952,1.8738,61729,66565.0,6.5022,298.01,350.99,1.082,5.6426,,35,,1.2429,0.19026,,,0.75645,0,,0,0,2,79,79,0,79.0,29768.0
37.6,55,100,47,0.0,68.216,100.08,0.0001,0,0.9,0,0.0024983,11.903,1.9094,61748,66593.0,6.5086,298.01,349.61,1.0864,5.6756,,35,,1.2496,0.19018,,,0.75957,0,,0,0,2,79,79,0,79.0,29770.0
37.8,55,100,47,0.0,65.295,98.854,0.0001,0,0.9,0,0.002505,11.86,1.9452,61766,66620.0,6.5113,298.0,347.77,1.0909,5.7184,,35,,1.2596,0.19007,,,0.7627,0,,0,0,2,79,79,0,79.0,30272.0
38.0,55,100,47,0.0,61.299,96.886,0.0001,0,0.9,0,0.0024667,11.86,1.9814,61783,66646.0,6.5077,297.99,344.45,1.0954,5.7645,,35,,1.2495,0.19016,,,0.76582,0,,0,0,2,79,79,0,79.0,30111.0
38.2,55,100,47,0.0,58.747,92.928,0.0001,0,0.9,0,0.0024435,11.842,2.0179,61800,66672.0,6.5051,297.99,346.02,1.0998,5.8122,,35,,1.2522,0.19013,,,0.76892,0,,0,0,2,79,79,0,79.0,30450.0
38.4,55,100,47,0.0,57.236,94.415,0.0001,0,0.9,0,0.0024173,11.817,2.0548,61816,66697.0,6.504,297.99,345.29,1.1042,5.8582,,35,,1.2614,0.19002,,,0.77199,0,,0,0,2,79,79,0,79.0,30125.0
38.6,55,100,47,0.0,56.148,93.241,0.0001,0,0.9,0,0.0023735,11.814,2.092,61832,66722.0,6.4985,297.98,343.0,1.1085,5.9063,,35,,1.2659,0.18997,,,0.77504,0,,0,0,2,79,79,0,79.0,31301.0
38.8,55,100,47,0.0,57.279,90.163,0.0001,0,0.9,0,0.0023548,11.827,2.1292,61849,66748.0,6.4943,297.98,341.55,1.1128,5.9596,,35,,1.2549,0.19007,,,0.77804,0,,0,0,2,79,79,0,79.0,31977.0
39.0,55,100,47,0.0,60.06,87.825,0.0001,0,0.9,0,0.0023426,11.798,2.1666,61866,66774.0,6.4932,297.98,342.29,1.1171,6.0002,,35,,1.2581,0.19003,,,0.78104,0,,0,0,2,79,79,0,79.0,30654.0
39.2,55,100,47,0.0,63.287,87.907,0.0001,0,0.9,0,0.0022781,11.824,2.2043,61883,66800.0,6.4943,297.98,341.63,1.1213,6.032,,35,,1.2488,0.19012,,,0.78401,0,,0,0,2,79,79,0,79.0,30833.0
39.4,55,100,47,0.0,66.063,86.345,0.0001,0,0.9,0,0.0022465,11.821,2.2423,61901,66827.0,6.4987,297.98,341.78,1.1255,6.0658,,35,,1.2491,0.19011,,,0.78694,0,,0,0,2,79,79,0,79.0,32013.0
39.6,55,100,47,0.0,67.073,85.702,0.0001,0,0.9,0,0.0022601,11.781,2.2804,61920,66855.0,6.5017,297.98,341.93,1.1296,6.0975,,35,,1.2628,0.18996,,,0.78987,0,,0,0,2,79,79,0,79.0,32361.0
39.8,55,100,47,0.0,66.914,85.067,0.0001,0,0.9,0,0.0022321,11.776,2.3189,61938,66882.0,6.5007,297.98,341.49,1.1338,6.1235,,35,,1.2659,0.18992,,,0.79278,0,,0,0,2,79,79,0,79.0,31710.0
40.0,55,100,47,0.0,67.16,83.741,0.0001,0,0.9,0,0.0021605,11.788,2.3578,61957,66909.0,6.499,297.98,341.2,1.1379,6.1491,,35,,1.2618,0.18995,,,0.79564,0,,0,0,2,79,79,0,79.0,31561.0
40.2,60,100,51,0.0,68.08,82.554,0.0001,0,1.1,0,0.0022564,13.523,2.3963,61976,66938.0,6.4965,297.98,342.41,1.0545,6.1743,,35,,1.2616,0.19121,,,0.80416,0,,0,0,2,79,79,0,79.0,33411.0
40.4,60,100,51,0.0,70.014,83.105,0.0001,0,1.1,0,0.0022049,13.53,2.4352,61996,66967.0,6.4951,297.98,341.24,1.0538,6.2056,,35,,1.244,0.19138,,,0.80367,0,,0,0,2,79,79,0,79.0,32428.0
40.6,60,100,51,0.0,72.478,80.954,0.0001,0,1.1,0,0.002238,13.483,2.4743,62016,66996.0,6.4957,297.97,340.73,1.0574,6.24,,35,,1.2564,0.19125,,,0.80638,0,,0,0,2,79,79,0,79.0,32780.0
40.8,60,100,51,0.0,74.702,79.489,0.0001,0,1.1,0,0.0022633,13.426,2.513,62037,67026.0,6.4945,297.98,342.61,1.0612,6.2833,,35,,1.2764,0.19105,,,0.80932,0,,0,0,2,79,79,0,79.0,33631.0
41.0,60,100,51,0.0,77.415,80.785,0.0001,0,1.1,0,0.0022553,13.424,2.552,62058,67056.0,6.495,297.99,344.63,1.0651,6.3189,,35,,1.2768,0.19104,,,0.81227,0,,0,0,2,79,79,0,79.0,33816.0
41.2,60,100,51,0.0,79.936,82.438,0.0001,0,1.1,0,0.0022712,13.393,2.591,62080,67087.0,6.4958,297.99,344.89,1.0689,6.3498,,35,,1.2857,0.19095,,,0.81522,0,,0,0,2,79,79,0,79.0,34001.0
41.4,60,100,51,0.0,82.146,82.245,0.0001,0,1.1,0,0.0022272,13.409,2.6308,62102,67118.0,6.5014,297.99,343.78,1.0727,6.3718,,35,,1.2803,0.191,,,0.81814,0,,0,0,2,79,79,0,79.0,34023.0
41.6,60,100,51,0.0,82.103,80.499,0.0001,0,1.1,0,0.0022244,13.398,2.6707,62125,67150.0,6.5078,297.99,344.13,1.0765,6.4001,,35,,1.2829,0.19096,,,0.82103,0,,0,0,2,79,79,0,79.0,33713.0
41.8,60,100,51,0.0,79.486,80.396,0.0001,0,1.1,0,0.0022014,13.392,2.7111,62146,67180.0,6.5114,297.99,343.96,1.0803,6.4262,,35,,1.2844,0.19094,,,0.82388,0,,0,0,2,79,79,0,79.0,33071.0
42.0,60,100,51,0.0,75.451,79.673,0.0001,0,1.1,0,0.0021704,13.382,2.7519,62167,67210.0,6.5104,297.98,342.48,1.0839,6.4457,,35,,1.2841,0.19094,,,0.82671,0,,0,0,2,79,79,0,79.0,33265.0
42.2,60,100,51,0.0,71.844,77.376,0.0001,0,1.1,0,0.0021283,13.369,2.7931,62187,67239.0,6.5056,297.98,342.49,1.0876,6.4658,,35,,1.2906,0.19087,,,0.8295,0,,0,0,2,79,79,0,79.0,34128.0
42.4,60,100,51,0.0,70.128,76.701,0.0001,0,1.1,0,0.0020943,13.375,2.8347,62207,67268.0,6.4999,297.98,342.41,1.0912,6.482,,35,,1.2797,0.19097,,,0.83226,0,,0,0,2,79,79,0,79.0,34659.0
42.6,60,100,51,0.0,70.677,75.889,0.0001,0,1.1,0,0.0020616,13.375,2.8764,62227,67297.0,6.4956,297.98,341.53,1.0948,6.4971,,35,,1.2743,0.19101,,,0.83499,0,,0,0,2,79,79,0,79.0,34024.0
42.8,60,100,51,0.0,72.951,74.104,0.0001,0,1.1,0,0.0020375,13.392,2.9181,62248,67326.0,6.4897,297.97,340.72,1.0983,6.5153,,35,,1.2566,0.19117,,,0.83771,0,,0,0,2,79,79,0,79.0,35055.0
43.0,60,100,51,0.0,77.61,72.328,0.0001,0,1.1,0,0.0020393,13.378,2.9599,62269,67357.0,6.4858,297.98,341.24,1.1019,6.519,,35,,1.2566,0.19116,,,0.84041,0,,0,0,2,79,79,0,79.0,35254.0
43.2,60,100,51,0.0,83.815,72.011,0.0001,0,1.1,0,0.0020314,13.384,3.0017,62292,67388.0,6.4858,297.98,341.05,1.1054,6.5269,,35,,1.2484,0.19124,,,0.84312,0,,0,0,2,79,79,0,79.0,34786.0
43.4,60,100,51,0.0,89.992,70.889,0.0001,0,1.1,0,0.0020279,13.38,3.0436,62316,67421.0,6.4887,297.97,340.16,1.1089,6.5325,,35,,1.249,0.19122,,,0.84581,0,,0,0,2,79,79,0,79.0,35819.0
43.6,60,100,51,0.0,95.009,68.932,0.0001,0,1.1,0,0.0020588,13.333,3.0854,62340,67455.0,6.4931,297.98,342.05,1.1125,6.5442,,35,,1.2625,0.19109,,,0.84853,0,,0,0,2,79,79,0,79.0,36518.0
43.8,60,100,51,0.0,98.296,70.163,0.0001,0,1.1,0,0.0020662,13.289,3.1276,62366,67489.0,6.5004,297.99,344.31,1.116,6.5555,,35,,1.2788,0.19093,,,0.85127,0,,0,0,2,79,79,0,79.0,35385.0
44.0,60,100,51,0.0,98.635,72.008,0.0001,0,1.1,0,0.0020607,13.268,3.1697,62391,67524.0,6.5057,297.99,344.66,1.1196,6.5853,,35,,1.2863,0.19085,,,0.85402,0,,0,0,2,79,79,0,79.0,36085.0
44.2,60,100,57,0.0,96.887,71.876,0.0001,0,1.1,0,0.0022369,13.1,3.2116,62418,67559.0,6.5078,298.0,347.74,1.1234,6.6158,,35,,1.3262,0.19046,,,0.8569,0,,0,0,2,79,79,0,79.0,37284.0
44.4,60,100,57,0.0,94.291,75.063,0.0001,0,1.1,0,0.0022241,13.073,3.2536,62444,67595.0,6.5102,298.01,351.31,1.1272,6.6586,,35,,1.3383,0.19034,,,0.85983,0,,0,0,2,79,79,0,79.0,36151.0
44.6,60,100,57,0.0,90.731,79.158,0.0001,0,1.1,0,0.0021979,13.059,3.2958,62469,67629.0,6.5096,298.02,354.87,1.1311,6.7033,,35,,1.3379,0.19034,,,0.86276,0,,0,0,2,79,79,0,79.0,36851.0
44.8,60,100,57,0.0,87.41,83.679,0.0001,0,1.1,0,0.0022417,12.989,3.3379,62494,67663.0,6.5068,298.03,357.24,1.1349,6.7485,,35,,1.3564,0.19015,,,0.86572,0,,0,0,2,79,79,0,79.0,36718.0
45.0,60,100,57,0.0,85.219,87.254,0.0001,0,1.1,0,0.002273,12.93,3.3801,62518,67697.0,6.504,298.03,357.29,1.1388,6.7994,,35,,1.3682,0.19003,,,0.86872,0,,0,0,2,79,79,0,79.0,37419.0
45.2,60,100,57,0.0,84.148,88.427,0.0001,0,1.1,0,0.002238,12.933,3.4223,62542,67730.0,6.4986,298.03,355.77,1.1428,6.8466,,35,,1.3635,0.19007,,,0.87171,0,,0,0,2,79,79,0,79.0,36286.0
45.4,60,100,57,0.0,85.227,87.8,0.0001,0,1.1,0,0.002235,12.925,3.4646,62566,67763.0,6.4932,298.03,356.0,1.1467,6.8801,,35,,1.3537,0.19016,,,0.8747,0,,0,0,2,79,79,0,79.0,38154.0
45.6,60,100,57,0.0,88.453,89.102,0.0001,0,1.1,0,0.0022108,12.923,3.5073,62590,67798.0,6.4888,298.02,355.42,1.1506,6.9104,,35,,1.3468,0.19021,,,0.87768,0,,0,0,2,79,79,0,79.0,38024.0
45.8,60,100,57,0.0,93.438,89.414,0.0001,0,1.1,0,0.0022461,12.869,3.5498,62616,67833.0,6.4896,298.02,354.66,1.1545,6.9446,,35,,1.3615,0.19007,,,0.88069,0,,0,0,2,79,79,0,79.0,38059.0
46.0,60,100,57,0.0,98.096,89.478,0.0001,0,1.1,0,0.002275,12.825,3.5921,62643,67869.0,6.4931,298.01,351.98,1.1585,6.9663,,35,,1.3762,0.18992,,,0.88374,0,,0,0,2,79,79,0,79.0,38594.0
46.2,60,100,57,0.0,101.37,87.178,0.0001,0,1.1,0,0.0023026,12.783,3.6342,62670,67906.0,6.4992,298.01,349.71,1.1625,6.98,,35,,1.3833,0.18984,,,0.88682,0,,0,0,2,79,79,0,79.0,37961.0
46.4,60,100,57,0.0,102.21,85.076,0.0001,0,1.1,0,0.0022565,12.802,3.6764,62698,67943.0,6.5052,298.01,349.99,1.1665,6.9802,,35,,1.372,0.18994,,,0.8899,0,,0,0,2,79,79,0,79.0,38828.0
46.6,60,100,57,0.0,100.63,85.673,0.0001,0,1.1,0,0.0022386,12.774,3.7186,62725,67980.0,6.5113,298.0,347.57,1.1705,6.9748,,35,,1.3791,0.18987,,,0.89296,0,,0,0,2,79,79,0,79.0,39696.0
46.8,60,100,57,0.0,96.637,83.055,0.0001,0,1.1,0,0.0022373,12.755,3.7608,62751,68016.0,6.5147,297.99,345.19,1.1745,6.9597,,35,,1.3717,0.18993,,,0.89602,0,,0,0,2,79,79,0,79.0,39230.0
47.0,60,100,57,0.0,91.283,80.253,0.0001,0,1.1,0,0.0022257,12.729,3.8033,62777,68051.0,6.5139,297.98,343.51,1.1785,6.9392,,35,,1.3705,0.18993,,,0.89908,0,,0,0,2,79,79,0,79.0,39932.0
47.2,60,100,57,0.0,86.248,77.977,0.0001,0,1.1,0,0.002217,12.687,3.8462,62801,68085.0,6.5102,297.99,345.09,1.1825,6.9234,,35,,1.382,0.18982,,,0.90215,0,,0,0,2,79,79,0,79.0,39969.0
47.4,60,100,57,0.0,82.712,79.281,0.0001,0,1.1,0,0.0022234,12.638,3.889,62825,68118.0,6.5084,297.99,344.76,1.1865,6.9192,,35,,1.3985,0.18965,,,0.90521,0,,0,0,2,79,79,0,79.0,39173.0
47.6,60,100,57,0.0,79.884,78.48,0.0001,0,1.1,0,0.0022457,12.571,3.932,62848,68151.0,6.5067,297.99,346.03,1.1906,6.92,,35,,1.4176,0.18946,,,0.90831,0,,0,0,2,79,79,0,79.0,39378.0
47.8,60,100,57,0.0,77.72,79.543,0.0001,0,1.1,0,0.0022152,12.558,3.9755,62870,68183.0,6.5058,297.99,345.24,1.1946,6.9288,,35,,1.4205,0.18943,,,0.9114,0,,0,0,2,79,79,0,79.0,39918.0
48.0,60,100,57,0.0,75.922,78.325,0.0001,0,1.1,0,0.0022697,12.481,4.0186,62893,68215.0,6.5014,297.99,346.12,1.1987,6.9405,1200.1,35,1951.9,1.438,0.18925,3.8462,15.966,0.91453,0,50.068,0,0,2,79,79,0,79.0,40123.0
48.2,60,100,61,0.0,75.907,79.008,0.0001,0,1.1,0,0.002449,12.321,4.0607,62916,68248.0,6.4964,298.01,349.75,1.203,6.9525,,35,,1.4779,0.18886,,,0.9178,0,,0,0,2,79,79,0,79.0,39823.0
48.4,60,100,61,0.0,77.864,82.986,0.0001,0,1.1,0,0.0024316,12.321,4.1029,62939,68282.0,6.492,298.01,350.83,1.2073,6.955,,35,,1.4787,0.18885,,,0.92111,0,,0,0,2,79,79,0,79.0,41190.0
48.6,60,100,61,0.0,81.597,84.367,0.0001,0,1.1,0,0.002385,12.342,4.1456,62963,68316.0,6.4924,298.01,351.01,1.2116,6.9556,,35,,1.4668,0.18895,,,0.9244,0,,0,0,2,79,79,0,79.0,41060.0
48.8,60,100,61,0.0,85.136,84.904,0.0001,0,1.1,0,0.0024266,12.302,4.1882,62988,68351.0,6.4949,298.02,352.53,1.2159,6.9679,,35,,1.4742,0.18887,,,0.92769,0,,0,0,2,79,79,0,79.0,40430.0
49.0,60,100,61,0.0,87.688,87.047,0.0001,0,1.1,0,0.0024322,12.26,4.2307,63014,68386.0,6.4997,298.02,352.98,1.2202,6.9899,,35,,1.4934,0.18868,,,0.931,0,,0,0,2,79,79,0,79.0,41132.0
49.2,60,100,61,0.0,88.338,88.09,0.0001,0,1.1,0,0.0024146,12.228,4.2734,63039,68422.0,6.5045,298.01,352.04,1.2245,7.0165,,35,,1.5117,0.1885,,,0.9343,0,,0,0,2,79,79,0,79.0,42002.0
49.4,60,100,61,0.0,87.054,87.6,0.0001,0,1.1,0,0.0024144,12.201,4.3164,63064,68457.0,6.5084,298.01,351.23,1.2288,7.0477,,35,,1.5213,0.1884,,,0.9376,0,,0,0,2,79,79,0,79.0,41873.0
49.6,60,100,61,0.0,84.221,87.181,0.0001,0,1.1,0,0.0023136,12.251,4.3603,63089,68492.0,6.5115,298.0,348.39,1.233,7.0844,,35,,1.5119,0.18848,,,0.94081,0,,0,0,2,79,79,0,79.0,42415.0
49.8,60,100,61,0.0,80.146,84.282,0.0001,0,1.1,0,0.0022806,12.264,4.4046,63113,68526.0,6.5103,298.0,347.2,1.2371,7.1249,,35,,1.4982,0.1886,,,0.94396,0,,0,0,2,79,79,0,79.0,42293.0
50.0,60,100,61,0.0,76.543,83.003,0.0001,0,1.1,0,0.0023126,12.203,4.449,63136,68559.0,6.5065,298.0,347.47,1.2413,7.1595,,35,,1.5085,0.1885,,,0.94711,0,,0,0,2,79,79,0,79.0,42504.0
50.2,60,100,61,0.0,74.456,83.242,0.0001,500,1.1,0,0.0022715,13.549,4.4863,63259,68692.0,6.4994,297.88,313.28,1.2453,7.1915,,35,,1.191,0.19151,,,0.95024,0,,0,0,2,79,79,0,79.0,42021.0
50.4,60,100,61,0.0,75.218,24.973,141.62,500,1.1,0,0.0022589,13.565,4.5237,63382,68825.0,6.4917,298.3,438.28,1.2494,7.1297,,35,,1.1667,0.19173,,,0.95334,0,,0,0,2,79,79,0,79.0,43537.0
50.6,60,100,61,0.0,79.074,166.74,14.162,500,1.1,0,0.0022456,13.567,4.5611,63505,68958.0,6.4856,298.07,367.87,1.2534,7.0634,,35,,1.1756,0.19164,,,0.95644,0,,0,0,2,79,79,0,79.0,43221.0
50.8,60,100,61,0.0,85.337,93.29,1.4162,500,1.1,0,0.0022482,13.605,4.5983,63630,69093.0,6.4845,297.92,325.45,1.2575,7.0001,,35,,1.1683,0.1917,,,0.95953,0,,0,0,2,79,79,0,79.0,42237.0
51.0,60,100,61,0.0,92.06,27.987,91.917,500,1.1,0,0.002189,13.678,4.6358,63757,69229.0,6.4836,298.18,400.69,1.2615,6.9406,,35,,1.1527,0.19184,,,0.96259,0,,0,0,2,79,79,0,79.0,43254.0
51.2,60,100,61,0.0,99.128,113.16,9.1917,500,1.1,0,0.0020557,13.792,4.6737,63884,69366.0,6.4859,298.01,350.1,1.2653,6.8885,,35,,1.1342,0.19201,,,0.96556,0,,0,0,2,79,79,0,79.0,43773.0
51.4,60,100,61,0.0,105.26,59.554,0.91917,500,1.1,0,0.0020812,13.782,4.7116,64013,69505.0,6.4915,297.92,323.71,1.2692,6.8465,,35,,1.1428,0.19192,,,0.9685,0,,0,0,2,79,79,0,79.0,43126.0
51.6,60,100,61,0.0,109.18,17.866,59.795,500,1.1,0,0.0020626,13.823,4.7491,64142,69644.0,6.4992,298.08,373.36,1.273,6.8167,,35,,1.134,0.192,,,0.97144,0,,0,0,2,79,79,0,79.0,43310.0
51.8,60,100,61,0.0,110.02,72.519,5.9795,500,1.1,0,0.0020191,13.879,4.7867,64272,69784.0,6.5083,297.98,343.23,1.2768,6.7887,,35,,1.1163,0.19216,,,0.97436,0,,0,0,2,79,79,0,79.0,44494.0
52.0,60,100,61,0.0,107.23,39.925,0.59795,500,1.1,0,0.002035,13.859,4.8241,64401,69923.0,6.5154,297.93,325.5,1.2806,6.7705,,35,,1.1351,0.19197,,,0.97727,0,,0,0,2,79,79,0,79.0,44678.0
52.2,60,100,65,0.0,101.58,11.977,47.38,500,1.1,0,0.0021949,13.703,4.861,64530,70062.0,6.5192,298.07,369.06,1.2846,6.7606,,35,,1.1899,0.19144,,,0.9803,0,,0,0,2,79,79,0,79.0,43859.0
52.4,60,100,65,0.0,94.437,59.355,4.738,500,1.1,0,0.0022479,13.655,4.8975,64658,70199.0,6.5206,298.0,348.82,1.2887,6.7628,,35,,1.2133,0.19121,,,0.98344,0,,0,0,2,79,79,0,79.0,44038.0
52.6,60,100,65,0.0,86.728,37.847,0.4738,500,1.1,0,0.0021901,13.659,4.9349,64783,70335.0,6.5187,297.96,335.72,1.2928,6.7715,,35,,1.2215,0.19113,,,0.98657,0,,0,0,2,79,79,0,79.0,44888.0
52.8,60,100,65,0.0,79.796,23.57,0.04738,500,1.1,0,0.0022462,13.595,4.9717,64908,70470.0,6.5123,297.94,331.17,1.2969,6.7976,,35,,1.2487,0.19086,,,0.98974,0,,0,0,2,79,79,0,79.0,45069.0
53.0,60,100,65,0.0,75.42,7.0711,28.272,500,1.1,0,0.002239,13.586,5.0089,65031,70603.0,6.5044,298.05,362.72,1.3011,6.824,,35,,1.2593,0.19075,,,0.99294,0,,0,0,2,79,79,0,79.0,44584.0
53.2,60,100,65,0.0,74.166,40.841,2.8272,500,1.1,0,0.0022158,13.616,5.0462,65155,70737.0,6.4972,298.01,351.4,1.3052,6.8655,,35,,1.2567,0.19077,,,0.99612,0,,0,0,2,79,79,0,79.0,45434.0
53.4,60,100,65,0.0,75.817,29.094,0.28272,500,1.1,0,0.0021705,13.685,5.0833,65278,70871.0,6.4951,297.98,343.03,1.3093,6.9066,,35,,1.2369,0.19095,,,0.99926,0,,0,0,2,79,79,0,79.0,45283.0
53.6,60,100,65,0.0,78.277,20.354,0.028272,500,1.1,0,0.0021415,13.718,5.1199,65402,71005.0,6.4951,297.97,338.73,1.3134,6.9425,,35,,1.2296,0.19101,,,1.0024,0,,0,0,2,79,79,0,79.0,46462.0
53.8,60,100,65,0.0,80.756,15.132,0.0028272,500,1.1,0,0.0021142,13.753,5.1568,65527,71139.0,6.497,297.97,337.36,1.3175,6.9647,,35,,1.2174,0.19112,,,1.0055,0,,0,0,2,79,79,0,79.0,45810.0
54.0,60,100,65,0.0,82.478,12.569,0.00028272,500,1.1,0,0.0020628,13.797,5.1938,65652,71275.0,6.4983,297.96,336.63,1.3215,6.9928,,35,,1.2134,0.19115,,,1.0086,0,,0,0,2,79,79,0,79.0,46158.0
54.2,60,100,65,0.0,83.667,10.493,0.0001,500,1.1,0,0.0020214,13.84,5.2307,65777,71410.0,6.498,297.96,336.62,1.3255,7.0164,,35,,1.2058,0.19121,,,1.0116,0,,0,0,2,79,79,0,79.0,45339.0
54.4,60,100,65,0.0,85.007,9.1175,0.0001,500,1.1,0,0.0019968,13.873,5.2676,65902,71545.0,6.4968,297.96,336.81,1.3294,7.0341,,35,,1.2023,0.19124,,,1.0146,0,,0,0,2,79,79,0,79.0,47187.0
54.6,60,100,65,0.0,86.81,7.9512,0.0001,500,1.1,0,0.0019755,13.896,5.3043,66028,71681.0,6.4943,297.96,336.75,1.3333,7.0443,,35,,1.212,0.19114,,,1.0176,0,,0,0,2,79,79,0,79.0,45700.0
54.8,60,100,65,0.0,89.615,6.5244,0.0001,500,1.1,0,0.0019957,13.903,5.341,66155,71817.0,6.4956,297.97,337.62,1.3372,7.0455,,35,,1.2134,0.19112,,,1.0206,0,,0,0,2,79,79,0,79.0,47047.0
55.0,60,100,65,0.0,91.879,6.1258,0.0001,500,1.1,0,0.0020307,13.905,5.3776,66281,71954.0,6.4994,297.97,338.98,1.3411,7.0426,,35,,1.2166,0.19108,,,1.0236,0,,0,0,2,79,79,0,79.0,47060.0
55.2,60,100,65,0.0,92.613,6.3514,0.0001,500,1.1,0,0.0020123,13.941,5.4142,66408,72091.0,6.5049,297.97,339.81,1.345,7.0365,,35,,1.2089,0.19115,,,1.0266,0,,0,0,2,79,79,0,79.0,46239.0
55.4,60,100,65,0.0,91.156,6.1511,0.0001,500,1.1,0,0.0019386,13.986,5.451,66535,72228.0,6.5094,297.97,339.58,1.3488,7.0289,,35,,1.2099,0.19113,,,1.0295,0,,0,0,2,79,79,0,79.0,46587.0
55.6,60,100,65,0.0,87.909,4.877,0.0001,500,1.1,0,0.0019388,13.991,5.4877,66661,72363.0,6.5137,297.97,340.21,1.3527,7.0213,,35,,1.2105,0.19112,,,1.0325,0,,0,0,2,79,79,0,79.0,47267.0
55.8,60,100,65,0.0,82.931,4.5533,0.0001,500,1.1,0,0.001953,13.978,5.5246,66786,72498.0,6.5164,297.98,341.88,1.3565,7.0139,,35,,1.2124,0.19109,,,1.0354,0,,0,0,2,79,79,0,79.0,47114.0
56.0,60,100,65,0.0,76.881,5.4268,0.0001,500,1.1,0,0.0019348,13.984,5.5617,66909,72632.0,6.5161,297.98,343.36,1.3604,7.0032,,35,,1.2129,0.19108,,,1.0384,0,,0,0,2,79,79,0,79.0,47963.0
56.2,60,100,72,0.0,70.975,6.269,0.0001,500,1.1,0,0.0020535,13.887,5.5988,67033,72766.0,6.5089,298.0,347.05,1.3644,6.9912,,34,,1.2429,0.19079,,,1.0414,0,,0,0,2,79,79,0,79.0,47811.0
56.4,60,100,72,0.0,67.953,9.7166,0.0001,500,1.1,0,0.0020502,13.903,5.6359,67157,72900.0,6.4994,298.0,348.94,1.3684,6.9989,,34,,1.2438,0.19077,,,1.0445,0,,0,0,2,79,79,0,79.0,47327.0
56.6,60,100,72,0.0,68.711,11.568,0.0001,500,1.1,0,0.0020441,13.921,5.6735,67280,73034.0,6.4905,298.01,349.87,1.3725,7.0144,,34,,1.2423,0.19078,,,1.0476,0,,0,0,2,79,79,0,79.0,48678.0
56.8,60,100,72,0.0,73.022,12.63,0.0001,500,1.1,0,0.0020511,13.922,5.7111,67404,73168.0,6.4869,298.01,350.14,1.3765,7.045,,34,,1.2504,0.19069,,,1.0507,0,,0,0,2,79,79,0,79.0,48029.0
57.0,60,100,72,0.0,78.748,13.11,0.0001,500,1.1,0,0.0020722,13.93,5.7483,67530,73304.0,6.4877,298.01,350.1,1.3806,7.0849,,34,,1.2572,0.19062,,,1.0539,0,,0,0,2,79,79,0,79.0,47712.0
57.2,60,100,72,0.0,84.193,13.294,0.0001,500,1.1,0,0.0020582,13.968,5.7857,67656,73441.0,6.4907,298.0,349.41,1.3847,7.1217,,34,,1.248,0.1907,,,1.057,0,,0,0,2,79,79,0,79.0,49395.0
57.4,60,100,72,0.0,88.427,12.783,0.0001,500,1.1,0,0.0021047,13.951,5.8226,67784,73578.0,6.4935,298.01,349.87,1.3889,7.1686,,34,,1.2576,0.1906,,,1.0602,0,,0,0,2,79,79,0,79.0,49243.0
57.6,60,100,72,0.0,91.567,13.445,0.0001,500,1.1,0,0.0021358,13.94,5.8591,67912,73717.0,6.4971,298.01,350.67,1.3931,7.2139,,34,,1.2691,0.19048,,,1.0634,0,,0,0,2,79,79,0,79.0,49255.0
57.8,60,100,72,0.0,93.256,14.502,0.0001,500,1.1,0,0.002122,13.977,5.8955,68040,73856.0,6.501,298.01,350.59,1.3973,7.2509,,34,,1.2622,0.19054,,,1.0666,0,,0,0,2,79,79,0,79.0,50100.0
58.0,60,100,72,0.0,93.368,14.697,0.0001,500,1.1,0,0.0020554,14.034,5.9322,68168,73994.0,6.5066,298.0,349.5,1.4014,7.2823,,34,,1.2533,0.19062,,,1.0698,0,,0,0,2,79,79,0,79.0,49781.0
58.2,60,100,72,0.0,91.226,13.818,0.0001,500,1.1,0,0.0020651,14.053,5.9688,68296,74133.0,6.5112,298.0,348.79,1.4055,7.3082,,34,,1.2477,0.19066,,,1.073,0,,0,0,2,79,79,0,79.0,48960.0
58.4,60,100,72,0.0,87.279,13.237,0.0001,500,1.1,0,0.0020559,14.067,6.0053,68423,74270.0,6.5136,298.0,348.17,1.4096,7.3198,,34,,1.2521,0.19061,,,1.0761,0,,0,0,2,79,79,0,79.0,50306.0
58.6,60,100,72,0.0,82.358,12.663,0.0001,500,1.1,0,0.0020867,14.046,6.0417,68549,74407.0,6.5154,298.0,348.77,1.4137,7.3304,,34,,1.263,0.1905,,,1.0793,0,,0,0,2,79,79,0,79.0,50318.0
58.8,60,100,72,0.0,76.707,13.332,0.0001,500,1.1,0,0.0020669,14.05,6.0784,68674,74542.0,6.5151,298.0,349.29,1.4178,7.3371,,34,,1.27,0.19043,,,1.0824,0,,0,0,2,79,79,0,79.0,50498.0
59.0,60,100,72,0.0,71.177,13.954,0.0001,500,1.1,0,0.0020079,14.088,6.1156,68798,74676.0,6.5117,298.0,348.8,1.4219,7.3499,,34,,1.266,0.19046,,,1.0855,0,,0,0,2,79,79,0,79.0,50680.0
59.2,60,100,72,0.0,67.034,13.554,0.0001,500,1.1,0,0.0019898,14.116,6.1525,68921,74810.0,6.5059,298.0,348.23,1.4259,7.3672,,34,,1.2596,0.19051,,,1.0886,0,,0,0,2,79,79,0,79.0,50195.0
59.4,60,100,72,0.0,65.219,13.037,0.0001,500,1.1,0,0.0019806,14.115,6.1896,69044,74943.0,6.4979,298.0,347.65,1.4299,7.3769,,34,,1.2725,0.19038,,,1.0917,0,,0,0,2,79,79,0,79.0,50877.0
59.6,60,100,72,0.0,66.589,12.449,0.0001,500,1.1,0,0.0019674,14.134,6.2265,69167,75076.0,6.4937,298.0,347.06,1.4339,7.3915,,34,,1.2764,0.19034,,,1.0947,0,,0,0,2,79,79,0,79.0,50724.0
59.8,60,100,72,0.0,69.623,11.779,0.0001,500,1.1,0,0.0019354,14.168,6.2633,69290,75210.0,6.4931,297.99,345.65,1.4379,7.4061,,34,,1.2817,0.19028,,,1.0978,0,,0,0,2,79,79,0,79.0,50405.0
60.0,60,100,72,0.0,72.891,10.178,0.0001,500,1.1,0,0.0019688,14.156,6.3002,69414,75344.0,6.4959,297.99,345.52,1.4418,7.4083,1199.6,34,1858.4,1.2936,0.19016,6.1525,17.638,1.1008,0,41.658,0,0,2,79,79,0,79.0,51252.0
60.2,60,100,76,0.0,75.029,9.782,0.0001,500,1.1,0,0.0020407,14.124,6.3368,69540,75480.0,6.4989,298.0,347.01,1.4459,7.4105,,33,,1.3137,0.18996,,,1.1039,0,,0,0,2,79,79,0,79.0,51432.0
60.4,60,100,76,0.0,75.969,11.065,0.0001,500,1.1,0,0.0020425,14.129,6.3733,69665,75616.0,6.5033,298.0,347.87,1.45,7.412,,33,,1.325,0.18984,,,1.1071,0,,0,0,2,79,79,0,79.0,51277.0
60.6,60,100,76,0.0,75.175,11.804,0.0001,500,1.1,0,0.0020436,14.136,6.4097,69791,75752.0,6.507,298.0,348.51,1.4541,7.4079,,33,,1.3299,0.18979,,,1.1102,0,,0,0,2,79,79,0,79.0,52123.0
60.8,60,100,76,0.0,72.888,12.43,0.0001,500,1.1,0,0.0020701,14.113,6.4461,69915,75887.0,6.5086,298.0,349.62,1.4583,7.401,,33,,1.344,0.18965,,,1.1134,0,,0,0,2,79,79,0,79.0,51802.0
61.0,60,100,76,0.0,69.959,13.632,0.0001,500,1.1,0,0.0020898,14.082,6.4823,70040,76022.0,6.5084,298.01,350.85,1.4625,7.3985,,33,,1.3675,0.18942,,,1.1166,0,,0,0,2,79,79,0,79.0,51646.0
61.2,60,100,76,0.0,67.106,15.065,0.0001,500,1.1,0,0.0021088,14.052,6.5189,70164,76157.0,6.5043,298.01,352.37,1.4667,7.4022,,33,,1.3862,0.18923,,,1.1199,0,,0,0,2,79,79,0,79.0,52492.0
61.4,60,100,76,0.0,65.92,16.937,0.0001,500,1.1,0,0.0020783,14.087,6.5553,70287,76291.0,6.4996,298.01,352.31,1.471,7.4262,,33,,1.383,0.18925,,,1.1232,0,,0,0,2,79,79,0,79.0,52337.0
61.6,60,100,76,0.0,66.59,17.324,0.0001,500,1.1,0,0.0020695,14.115,6.5916,70411,76425.0,6.4955,298.01,351.82,1.4752,7.4466,,33,,1.3779,0.18929,,,1.1264,0,,0,0,2,79,79,0,79.0,52349.0
61.8,60,100,76,0.0,68.901,17.29,0.0001,500,1.1,0,0.0019777,14.207,6.6278,70535,76560.0,6.4948,298.0,349.15,1.4794,7.4591,,33,,1.3556,0.1895,,,1.1296,0,,0,0,2,79,79,0,79.0,53526.0
62.0,60,100,76,0.0,71.481,14.948,0.0001,500,1.1,0,0.001958,14.232,6.6637,70659,76695.0,6.4984,298.0,347.41,1.4835,7.453,,33,,1.3573,0.18947,,,1.1327,0,,0,0,2,79,79,0,79.0,52702.0
62.2,60,100,76,0.0,72.618,13.315,0.0001,500,1.1,0,0.0019137,14.254,6.6997,70784,76830.0,6.5017,297.99,345.75,1.4875,7.4382,,33,,1.3607,0.18943,,,1.1358,0,,0,0,2,79,79,0,79.0,53212.0
62.4,60,100,76,0.0,72.471,11.551,0.0001,500,1.1,0,0.0019195,14.268,6.7357,70909,76965.0,6.5032,297.99,344.91,1.4916,7.4268,,33,,1.3624,0.18941,,,1.139,0,,0,0,2,79,79,0,79.0,52722.0
62.6,60,100,76,0.0,71.727,10.455,0.0001,500,1.1,0,0.0018995,14.289,6.7717,71033,77100.0,6.5037,297.99,344.2,1.4956,7.4254,,33,,1.3628,0.1894,,,1.142,0,,0,0,2,79,79,0,79.0,54399.0
62.8,60,100,76,0.0,70.759,9.3871,0.0001,500,1.1,0,0.0019388,14.238,6.8082,71158,77235.0,6.5039,297.99,345.07,1.4997,7.4259,,33,,1.3941,0.18909,,,1.1452,0,,0,0,2,79,79,0,79.0,53578.0
63.0,60,100,76,0.0,69.741,9.8582,0.0001,500,1.1,0,0.0019311,14.247,6.8447,71282,77370.0,6.5049,297.99,345.9,1.5038,7.4505,,33,,1.3997,0.18903,,,1.1483,0,,0,0,2,79,79,0,79.0,53590.0
63.2,60,100,76,0.0,68.307,10.349,0.0001,500,1.1,0,0.0019576,14.249,6.8811,71406,77505.0,6.5049,298.0,347.02,1.508,7.4945,,33,,1.4049,0.18897,,,1.1515,0,,0,0,2,79,79,0,79.0,53769.0
63.4,60,100,76,0.0,66.861,11.239,0.0001,500,1.1,0,0.0019539,14.264,6.9174,71529,77639.0,6.5041,298.0,348.03,1.5121,7.5387,,33,,1.4039,0.18897,,,1.1547,0,,0,0,2,79,79,0,79.0,53614.0
63.6,60,100,76,0.0,65.751,12.128,0.0001,500,1.1,0,0.0019533,14.276,6.9536,71653,77773.0,6.5028,298.0,348.97,1.5163,7.5827,,33,,1.4035,0.18897,,,1.1579,0,,0,0,2,79,79,0,79.0,54124.0
63.8,60,100,76,0.0,65.144,13.06,0.0001,500,1.1,0,0.0019495,14.28,6.9899,71776,77907.0,6.5011,298.0,349.35,1.5204,7.6249,,33,,1.4151,0.18885,,,1.1611,0,,0,0,2,79,79,0,79.0,54302.0
64.0,60,100,76,0.0,65.245,13.525,0.0001,500,1.1,0,0.0019239,14.315,7.0265,71899,78041.0,6.4973,298.0,349.17,1.5246,7.6605,,33,,1.4091,0.1889,,,1.1643,0,,0,0,2,79,79,0,79.0,54482.0
64.2,60,100,80,0.0,66.871,13.467,0.0001,500,1.1,0,0.0020489,14.238,7.0629,72023,78176.0,6.4947,298.01,351.85,1.5289,7.7059,,32,,1.4403,0.1886,,,1.1675,0,,0,0,2,79,79,0,79.0,55661.0
64.4,60,100,80,0.0,69.524,16.316,0.0001,500,1.1,0,0.0019514,14.345,7.0991,72148,78312.0,6.4936,298.01,349.94,1.5331,7.7578,,32,,1.4233,0.18875,,,1.1708,0,,0,0,2,79,79,0,79.0,54672.0
64.6,60,100,80,0.0,72.619,14.724,0.0001,500,1.1,0,0.0019563,14.368,7.135,72274,78448.0,6.4954,298.0,348.16,1.5373,7.7923,,32,,1.418,0.18879,,,1.174,0,,0,0,2,79,79,0,79.0,55181.0
64.8,60,100,80,0.0,74.95,13.164,0.0001,500,1.1,0,0.0019616,14.415,7.1707,72400,78585.0,6.4987,298.0,346.66,1.5414,7.8084,,32,,1.4003,0.18895,,,1.1772,0,,0,0,2,79,79,0,79.0,55356.0
65.0,60,100,80,0.0,75.981,11.684,0.0001,500,1.1,0,0.0019848,14.403,7.2064,72526,78722.0,6.5008,297.99,346.4,1.5456,7.811,,32,,1.4115,0.18884,,,1.1804,0,,0,0,2,79,79,0,79.0,56698.0
65.2,60,100,80,0.0,76.178,11.302,0.0001,500,1.1,0,0.0019489,14.465,7.2422,72652,78858.0,6.5026,297.99,345.28,1.5498,7.8062,,32,,1.3967,0.18897,,,1.1836,0,,0,0,2,79,79,0,79.0,56207.0
65.4,60,100,80,0.0,75.648,9.9817,0.0001,500,1.1,0,0.001957,14.441,7.2782,72778,78995.0,6.5031,297.99,345.39,1.554,7.803,,32,,1.4203,0.18874,,,1.1868,0,,0,0,2,79,79,0,79.0,55383.0
65.6,60,100,80,0.0,74.921,9.8143,0.0001,500,1.1,0,0.0019732,14.442,7.3144,72904,79132.0,6.5028,297.99,345.94,1.5581,7.8065,,32,,1.4296,0.18864,,,1.19,0,,0,0,2,79,79,0,79.0,57228.0
65.8,60,100,80,0.0,74.34,10.059,0.0001,500,1.1,0,0.0019874,14.443,7.3505,73030,79269.0,6.503,298.0,346.57,1.5623,7.8194,,32,,1.4413,0.18852,,,1.1932,0,,0,0,2,79,79,0,79.0,56405.0
66.0,60,100,80,0.0,73.66,10.443,0.0001,500,1.1,0,0.0019605,14.464,7.3866,73156,79405.0,6.5041,298.0,346.94,1.5665,7.8373,,32,,1.4416,0.18851,,,1.1964,0,,0,0,2,79,79,0,79.0,56748.0
66.2,60,100,80,0.0,72.528,10.635,0.0001,500,1.1,0,0.0019425,14.502,7.4226,73281,79541.0,6.5061,298.0,346.54,1.5707,7.8619,,32,,1.4343,0.18857,,,1.1996,0,,0,0,2,79,79,0,79.0,56758.0
66.4,60,100,80,0.0,70.593,10.093,0.0001,500,1.1,0,0.0019436,14.503,7.4587,73406,79677.0,6.5068,298.0,346.78,1.5749,7.8733,,32,,1.4398,0.18851,,,1.2028,0,,0,0,2,79,79,0,79.0,56602.0
66.6,60,100,80,0.0,68.404,10.173,0.0001,500,1.1,0,0.0019303,14.523,7.495,73531,79812.0,6.5067,298.0,346.84,1.579,7.889,,32,,1.4433,0.18847,,,1.206,0,,0,0,2,79,79,0,79.0,56613.0
66.8,60,100,80,0.0,66.254,10.077,0.0001,500,1.1,0,0.0019057,14.556,7.5313,73655,79947.0,6.5064,298.0,346.57,1.5832,7.9097,,32,,1.4387,0.18851,,,1.2092,0,,0,0,2,79,79,0,79.0,57792.0
67.0,60,100,80,0.0,64.235,9.6701,0.0001,500,1.1,0,0.0018998,14.579,7.5673,73779,80082.0,6.5031,297.99,346.26,1.5873,7.9384,,32,,1.4372,0.18852,,,1.2124,0,,0,0,2,79,79,0,79.0,57468.0
67.2,60,100,80,0.0,63.526,9.197,0.0001,500,1.1,0,0.0018724,14.629,7.603,73902,80216.0,6.4996,297.99,345.38,1.5913,7.961,,32,,1.4229,0.18864,,,1.2155,0,,0,0,2,79,79,0,79.0,58144.0
67.4,60,100,80,0.0,64.201,8.1245,0.0001,500,1.1,0,0.0018592,14.676,7.6389,74026,80351.0,6.5004,297.99,344.54,1.5954,7.9739,,32,,1.4071,0.18879,,,1.2186,0,,0,0,2,79,79,0,79.0,57986.0
67.6,60,100,80,0.0,64.534,7.0163,0.0001,500,1.1,0,0.0018418,14.706,7.6746,74150,80485.0,6.5029,297.99,343.91,1.5994,7.9815,,32,,1.4015,0.18883,,,1.2216,0,,0,0,2,79,79,0,79.0,58661.0
67.8,60,100,80,0.0,63.876,6.0232,0.0001,500,1.1,0,0.0017991,14.734,7.7104,74273,80619.0,6.5058,297.98,342.78,1.6033,7.9785,,32,,1.4072,0.18877,,,1.2247,0,,0,0,2,79,79,0,79.0,58670.0
68.0,60,100,80,0.0,62.094,4.4657,0.0001,500,1.1,0,0.0017436,14.787,7.7458,74396,80753.0,6.5083,297.98,341.42,1.6072,7.9724,,32,,1.3978,0.18885,,,1.2276,0,,0,0,2,79,79,0,79.0,59010.0
68.2,60,100,84,0.0,59.287,2.5631,0.0001,500,1.1,0,0.0018238,14.736,7.7816,74520,80887.0,6.5087,297.99,342.94,1.6111,7.9541,,31,,1.425,0.18858,,,1.2307,0,,0,0,2,79,79,0,79.0,58186.0
68.4,60,100,84,0.0,56.345,3.3697,0.0001,500,1.1,0,0.0017992,14.752,7.8176,74643,81021.0,6.5068,297.99,343.72,1.6151,7.9613,,31,,1.4357,0.18848,,,1.2337,0,,0,0,2,79,79,0,79.0,58029.0
68.6,60,100,84,0.0,54.142,3.5409,0.0001,500,1.1,0,0.0017881,14.771,7.8536,74765,81154.0,6.5028,297.99,344.24,1.619,7.974,,31,,1.438,0.18845,,,1.2367,0,,0,0,2,79,79,0,79.0,59372.0
68.8,60,100,84,0.0,53.562,3.5603,0.0001,500,1.1,0,0.0017979,14.77,7.8893,74888,81287.0,6.4996,297.99,344.96,1.623,7.9865,,31,,1.4506,0.18832,,,1.2398,0,,0,0,2,79,79,0,79.0,59048.0
69.0,60,100,84,0.0,54.247,3.8248,0.0001,500,1.1,0,0.0018455,14.733,7.9257,75010,81420.0,6.4955,298.0,346.57,1.627,7.9977,,31,,1.4801,0.18803,,,1.2429,0,,0,0,2,79,79,0,79.0,58726.0
69.2,60,100,84,0.0,56.578,5.0409,0.0001,500,1.1,0,0.0018363,14.77,7.9618,75133,81554.0,6.4944,298.0,347.13,1.631,8.037,,31,,1.4765,0.18806,,,1.2459,0,,0,0,2,79,79,0,79.0,59070.0
69.4,60,100,84,0.0,59.328,5.3776,0.0001,500,1.1,0,0.0018267,14.799,7.998,75256,81688.0,6.4955,298.0,347.4,1.6351,8.082,,31,,1.4696,0.18812,,,1.249,0,,0,0,2,79,79,0,79.0,59748.0
69.6,60,100,84,0.0,61.636,5.5183,0.0001,500,1.1,0,0.0018217,14.807,8.0343,75380,81823.0,6.4965,298.0,347.34,1.6391,8.1364,,31,,1.4816,0.18799,,,1.2521,0,,0,0,2,79,79,0,79.0,59426.0
69.8,60,100,84,0.0,63.551,5.3634,0.0001,500,1.1,0,0.0018221,14.831,8.0707,75504,81958.0,6.5003,298.0,347.19,1.6431,8.1897,,31,,1.483,0.18797,,,1.2552,0,,0,0,2,79,79,0,79.0,59438.0
70.0,60,100,84,0.0,63.941,5.1263,0.0001,500,1.1,0,0.0018464,14.833,8.1071,75629,82093.0,6.5032,298.0,347.67,1.6471,8.2444,,31,,1.489,0.18791,,,1.2583,0,,0,0,2,79,79,0,79.0,59783.0
70.2,60,100,84,0.0,63.164,5.4868,0.0001,500,1.1,0,0.0018383,14.838,8.1438,75753,82228.0,6.5055,298.0,348.12,1.6512,8.3026,,31,,1.4988,0.18781,,,1.2614,0,,0,0,2,79,79,0,79.0,60130.0
70.4,60,100,84,0.0,61.473,5.8572,0.0001,500,1.1,0,0.0018306,14.849,8.1805,75877,82363.0,6.5067,298.0,348.49,1.6553,8.3604,,31,,1.5061,0.18773,,,1.2646,0,,0,0,2,79,79,0,79.0,60810.0
70.6,60,100,84,0.0,59.321,6.1965,0.0001,500,1.1,0,0.0018573,14.838,8.2171,76000,82497.0,6.5052,298.0,349.52,1.6594,8.4118,,31,,1.5206,0.18758,,,1.2677,0,,0,0,2,79,79,0,79.0,60156.0
70.8,60,100,84,0.0,57.765,7.2111,0.0001,500,1.1,0,0.0018043,14.909,8.2533,76123,82631.0,6.5039,298.0,348.57,1.6634,8.4527,,31,,1.5065,0.18771,,,1.2708,0,,0,0,2,79,79,0,79.0,60000.0
71.0,60,100,84,0.0,56.734,6.4053,0.0001,500,1.1,0,0.0018269,14.916,8.2895,76246,82765.0,6.502,298.0,348.65,1.6674,8.4619,,31,,1.5096,0.18767,,,1.2739,0,,0,0,2,79,79,0,79.0,60844.0
71.2,60,100,84,0.0,56.452,6.5445,0.0001,500,1.1,0,0.0017528,14.998,8.3254,76369,82899.0,6.5013,298.0,347.01,1.6714,8.4731,,31,,1.4865,0.18789,,,1.2769,0,,0,0,2,79,79,0,79.0,61021.0
71.4,60,100,84,0.0,56.467,5.008,0.0001,500,1.1,0,0.0017581,15.024,8.3614,76492,83032.0,6.5001,297.99,346.2,1.6753,8.4588,,31,,1.4753,0.18798,,,1.2799,0,,0,0,2,79,79,0,79.0,60864.0
71.6,60,100,84,0.0,56.938,4.1394,0.0001,500,1.1,0,0.001752,15.029,8.3975,76615,83166.0,6.5003,297.99,345.93,1.6792,8.4396,,31,,1.4856,0.18788,,,1.2829,0,,0,0,2,79,79,0,79.0,61707.0
71.8,60,100,84,0.0,57.319,3.6916,0.0001,500,1.1,0,0.0017449,15.062,8.4333,76738,83300.0,6.5011,297.99,345.36,1.6831,8.4214,,31,,1.4845,0.18788,,,1.2859,0,,0,0,2,79,79,0,79.0,62383.0
72.0,60,100,84,0.0,57.413,2.9103,0.0001,500,1.1,0,0.0017454,15.073,8.4692,76861,83434.0,6.5016,297.99,345.2,1.687,8.4003,1199.6,31,1748.4,1.4914,0.18781,8.3254,18.746,1.2889,0,26.314,0,0,2,79,79,0,79.0,61392.0
72.2,60,100,90,0.0,57.289,2.4753,0.0001,500,1.1,0,0.0018793,14.997,8.5055,76985,83569.0,6.5006,298.0,348.29,1.6911,8.3709,,30,,1.5324,0.18741,,,1.292,0,,0,0,2,79,79,0,79.0,62404.0
72.4,60,100,90,0.0,57.58,5.1069,0.0001,500,1.1,0,0.0018661,15.035,8.5416,77109,83704.0,6.4987,298.01,350.28,1.6952,8.3694,,30,,1.5252,0.18747,,,1.2952,0,,0,0,2,79,79,0,79.0,62248.0
72.6,60,100,90,0.0,58.61,6.937,0.0001,500,1.1,0,0.0018503,15.071,8.5778,77234,83840.0,6.4984,298.01,350.99,1.6993,8.3771,,30,,1.5184,0.18753,,,1.2984,0,,0,0,2,79,79,0,79.0,62592.0
72.8,60,100,90,0.0,59.751,7.783,0.0001,500,1.1,0,0.0018411,15.085,8.614,77358,83975.0,6.4975,298.01,351.03,1.7034,8.3969,,30,,1.5276,0.18743,,,1.3016,0,,0,0,2,79,79,0,79.0,62936.0
73.0,60,100,90,0.0,61.263,8.0848,0.0001,500,1.1,0,0.0018257,15.103,8.65,77483,84111.0,6.4977,298.01,350.81,1.7076,8.428,,30,,1.5345,0.18736,,,1.3047,0,,0,0,2,79,79,0,79.0,62446.0
73.2,60,100,90,0.0,62.703,8.1684,0.0001,500,1.1,0,0.0018023,15.144,8.6861,77608,84248.0,6.4972,298.0,350.01,1.7116,8.4577,,30,,1.5283,0.18741,,,1.3078,0,,0,0,2,79,79,0,79.0,62290.0
73.4,60,100,90,0.0,64.34,7.6818,0.0001,500,1.1,0,0.0018066,15.185,8.7221,77734,84384.0,6.4973,298.0,349.11,1.7157,8.4848,,30,,1.5152,0.18753,,,1.311,0,,0,0,2,79,79,0,79.0,63467.0
73.6,60,100,90,0.0,65.929,7.035,0.0001,500,1.1,0,0.001798,15.231,8.7579,77860,84521.0,6.4985,298.0,348.08,1.7198,8.5043,,30,,1.4992,0.18767,,,1.3141,0,,0,0,2,79,79,0,79.0,62642.0
73.8,60,100,90,0.0,67.031,6.1749,0.0001,500,1.1,0,0.0018448,15.232,8.794,77986,84658.0,6.4997,298.0,348.37,1.7239,8.519,,30,,1.5032,0.18763,,,1.3172,0,,0,0,2,79,79,0,79.0,63653.0
74.0,60,100,90,0.0,67.671,6.4514,0.0001,500,1.1,0,0.0018413,15.26,8.8304,78112,84796.0,6.5014,298.0,348.73,1.728,8.5456,,30,,1.4988,0.18766,,,1.3204,0,,0,0,2,79,79,0,79.0,63664.0
74.2,60,100,90,0.0,67.616,6.8038,0.0001,500,1.1,0,0.0018508,15.282,8.8666,78238,84933.0,6.5028,298.0,349.02,1.7321,8.5855,,30,,1.4984,0.18766,,,1.3236,0,,0,0,2,79,79,0,79.0,63675.0
74.4,60,100,90,0.0,67.034,7.1175,0.0001,500,1.1,0,0.0018171,15.318,8.9026,78364,85070.0,6.5046,298.0,348.34,1.7362,8.6238,,30,,1.4983,0.18765,,,1.3267,0,,0,0,2,79,79,0,79.0,63185.0
74.6,60,100,90,0.0,65.712,6.5609,0.0001,500,1.1,0,0.001804,15.353,8.9387,78490,85207.0,6.5066,298.0,347.71,1.7403,8.6505,,30,,1.4919,0.1877,,,1.3298,0,,0,0,2,79,79,0,79.0,64529.0
74.8,60,100,90,0.0,63.598,5.9996,0.0001,500,1.1,0,0.0017766,15.389,8.975,78615,85343.0,6.5075,298.0,346.78,1.7443,8.6701,,30,,1.4896,0.18772,,,1.3329,0,,0,0,2,79,79,0,79.0,65040.0
75.0,60,100,90,0.0,61.126,5.0968,0.0001,500,1.1,0,0.0017705,15.408,9.0114,78740,85479.0,6.5069,297.99,346.17,1.7483,8.6862,,30,,1.4921,0.18769,,,1.336,0,,0,0,2,79,79,0,79.0,64386.0
75.2,60,100,90,0.0,58.888,4.3986,0.0001,100,1.1,0,0.0017303,14.682,9.0565,78784,85535.0,6.5072,298.07,375.84,1.7522,8.6985,,30,,1.7604,0.18512,,,1.339,0,,0,0,2,79,79,0,79.0,63935.0
75.4,60,100,90,0.0,56.54,31.763,0.0001,100,1.1,0,0.0017732,14.612,9.1024,78828,85590.0,6.506,298.13,397.66,1.7562,8.8814,,30,,1.828,0.18447,,,1.3421,0,,0,0,2,79,79,0,79.0,64322.0
75.6,60,100,90,0.0,54.685,54.211,0.0001,100,1.1,0,0.0017204,14.624,9.1481,78871,85644.0,6.5036,298.17,410.26,1.7601,9.101,,30,,1.8317,0.18443,,,1.3451,0,,0,0,2,79,79,0,79.0,64207.0
75.8,60,100,90,0.0,53.778,70.45,0.0001,100,1.1,0,0.0017204,14.608,9.1936,78915,85699.0,6.5014,298.19,417.63,1.764,9.3128,,30,,1.8328,0.18441,,,1.3481,0,,0,0,2,79,79,0,79.0,65759.0
76.0,60,100,90,0.0,53.74,83.294,0.0001,100,1.1,0,0.0016834,14.63,9.2389,78958,85753.0,6.5012,298.19,419.67,1.7679,9.5206,,30,,1.8183,0.18454,,,1.3511,0,,0,0,2,79,79,0,79.0,65310.0
76.2,60,100,116,0.0,53.77,92.041,0.0001,100,1.1,0,0.0023221,14.203,9.2836,79007,85814.0,6.493,298.23,435.53,1.7724,9.7097,,29,,1.9773,0.18301,,,1.3545,0,,0,0,2,79,79,0,79.0,66357.0
76.4,60,100,116,0.0,57.134,113.9,0.0001,100,1.1,0,0.0023311,14.163,9.3285,79056,85876.0,6.4876,298.26,445.95,1.7774,9.9351,,29,,2.0137,0.18265,,,1.3584,0,,0,0,2,79,79,0,79.0,65405.0
76.6,60,100,116,0.0,62.601,132.03,0.0001,100,1.1,0,0.00231,14.177,9.3734,79107,85938.0,6.4863,298.27,449.07,1.7825,10.154,,29,,2.0089,0.18269,,,1.3623,0,,0,0,2,79,79,0,79.0,65954.0
76.8,60,100,116,0.0,68.576,144.56,0.0001,100,1.1,0,0.0022811,14.176,9.4185,79158,86002.0,6.4885,298.26,446.21,1.7875,10.351,,29,,2.0087,0.18268,,,1.3661,0,,0,0,2,79,79,0,79.0,66170.0
77.0,60,100,116,0.0,73.679,152.01,0.0001,100,1.1,0,0.0023196,14.159,9.4633,79211,86068.0,6.4926,298.25,441.81,1.7925,10.525,,29,,2.0049,0.18271,,,1.37,0,,0,0,2,79,79,0,79.0,67218.0
77.2,60,100,116,0.0,77.156,157.89,0.0001,100,1.1,0,0.0022257,14.189,9.509,79264,86133.0,6.4987,298.23,433.97,1.7975,10.655,,29,,1.9887,0.18285,,,1.3738,0,,0,0,2,79,79,0,79.0,67270.0
77.4,60,100,116,0.0,78.19,160.18,0.0001,100,1.1,0,0.0022004,14.17,9.5549,79318,86199.0,6.5045,298.21,424.45,1.8023,10.765,,29,,1.9993,0.18274,,,1.3775,0,,0,0,2,79,79,0,79.0,67491.0
77.6,60,100,116,0.0,76.91,160.21,0.0001,100,1.1,0,0.0021653,14.174,9.6012,79372,86265.0,6.5095,298.17,412.7,1.8072,10.841,,29,,1.9973,0.18275,,,1.3812,0,,0,0,2,79,79,0,79.0,67546.0
77.8,60,100,116,0.0,73.623,157.28,0.0001,100,1.1,0,0.0021647,14.139,9.6477,79424,86330.0,6.5134,298.15,403.4,1.812,10.874,,29,,2.0038,0.18268,,,1.3849,0,,0,0,2,79,79,0,79.0,67769.0
78.0,60,100,116,0.0,68.778,155.48,0.0001,100,1.1,0,0.0021036,14.149,9.6944,79476,86394.0,6.515,298.12,392.48,1.8167,10.886,,29,,1.9985,0.18272,,,1.3886,0,,0,0,2,79,79,0,79.0,67659.0
78.2,60,100,116,0.0,63.298,151.21,0.0001,100,1.1,0,0.0020794,14.135,9.7412,79527,86457.0,6.5151,298.09,381.13,1.8214,10.865,,29,,1.9978,0.18272,,,1.3922,0,,0,0,2,79,79,0,79.0,68884.0
78.4,60,100,116,0.0,57.765,145.49,0.0001,100,1.1,0,0.0020099,14.155,9.7886,79577,86518.0,6.5126,298.06,370.49,1.8261,10.819,,29,,1.9835,0.18285,,,1.3958,0,,0,0,2,79,79,0,79.0,68278.0
78.6,60,100,116,0.0,53.274,139.31,0.0001,100,1.1,0,0.0019981,14.143,9.8361,79625,86579.0,6.5075,298.04,362.7,1.8306,10.754,,29,,1.9813,0.18286,,,1.3993,0,,0,0,2,79,79,0,79.0,68672.0
78.8,60,100,116,0.0,50.807,134.68,0.0001,100,1.1,0,0.0018939,14.191,9.8834,79674,86639.0,6.5031,298.03,357.39,1.8351,10.678,,29,,1.961,0.18305,,,1.4027,0,,0,0,2,79,79,0,79.0,69399.0
79.0,60,100,116,0.0,50.083,131.49,0.0001,100,1.1,0,0.0019025,14.166,9.9301,79722,86699.0,6.4977,298.02,355.29,1.8395,10.572,,29,,1.9629,0.18302,,,1.4061,0,,0,0,2,79,79,0,79.0,68956.0
79.2,60,100,116,0.0,51.54,130.66,0.0001,100,1.1,0,0.0018365,14.204,9.9768,79770,86759.0,6.4944,298.0,348.23,1.8438,10.454,,29,,1.9454,0.18318,,,1.4094,0,,0,0,2,79,79,0,79.0,68847.0
79.4,60,100,116,0.0,54.31,125.03,0.0001,100,1.1,0,0.001856,14.167,10.023,79819,86820.0,6.4939,297.99,342.43,1.8481,10.326,,29,,1.9565,0.18307,,,1.4127,0,,0,0,2,79,79,0,79.0,68570.0
79.6,60,100,116,0.0,57.25,119.94,0.0001,100,1.1,0,0.0018271,14.181,10.069,79868,86881.0,6.4963,297.97,337.32,1.8524,10.207,,29,,1.9489,0.18313,,,1.416,0,,0,0,2,79,79,0,79.0,70624.0
79.8,60,100,116,0.0,59.241,114.89,0.0001,100,1.1,0,0.001826,14.167,10.115,79918,86942.0,6.5003,297.96,334.13,1.8567,10.079,,29,,1.9489,0.18312,,,1.4193,0,,0,0,2,79,79,0,79.0,69178.0
80.0,60,100,116,0.0,59.632,111.08,0.0001,100,1.1,0,0.0018595,14.127,10.162,79968,87004.0,6.5047,297.96,333.35,1.861,9.9658,,29,,1.9595,0.18301,,,1.4226,0,,0,0,2,79,79,0,79.0,70066.0
80.2,60,100,90,0.0,58.273,109.11,0.0001,100,1.1,0,0.0011518,14.77,10.2,80012,87057.0,6.5211,297.91,312.27,1.8644,9.879,,23,,1.7458,0.18505,,,1.4252,0,,0,0,2,79,79,0,79.0,70585.0
80.4,60,100,90,0.0,50.3,32.733,143.93,100,1.1,0,0.0011737,14.717,10.24,80055,87109.0,6.5315,298.27,448.13,1.8673,9.5203,,23,,1.7264,0.18523,,,1.4275,0,,0,0,2,79,79,0,79.0,70774.0
80.6,60,100,90,0.0,38.231,153.63,14.393,100,1.1,0,0.0011657,14.677,10.28,80095,87159.0,6.5291,298.21,426.94,1.8702,9.177,,23,,1.7369,0.18513,,,1.4297,0,,0,0,2,79,79,0,79.0,70965.0
80.8,60,100,90,0.0,27.134,141.59,1.4393,100,1.1,0,0.0011976,14.601,10.32,80133,87206.0,6.5128,298.14,399.68,1.8731,8.853,,23,,1.7653,0.18485,,,1.4319,0,,0,0,2,79,79,0,79.0,70826.0
81.0,60,100,90,0.0,22.571,125.05,0.14393,100,1.1,0,0.0012089,14.56,10.361,80170,87252.0,6.4912,298.08,377.36,1.8761,8.5829,,23,,1.779,0.18471,,,1.4342,0,,0,0,2,79,79,0,79.0,71188.0
81.2,60,100,90,0.0,26.618,110.44,0.014393,100,1.1,0,0.0011814,14.575,10.402,80208,87300.0,6.4777,298.03,358.37,1.879,8.3719,,23,,1.7735,0.18476,,,1.4365,0,,0,0,2,79,79,0,79.0,71880.0
81.4,60,100,90,0.0,36.019,96.575,0.0014393,100,1.1,0,0.0011736,14.6,10.441,80247,87349.0,6.477,297.99,344.58,1.882,8.1924,,23,,1.7557,0.18492,,,1.4388,0,,0,0,2,79,79,0,79.0,71570.0
81.6,60,100,90,0.0,45.696,85.5,0.00014393,100,1.1,0,0.0011358,14.651,10.48,80289,87399.0,6.4881,297.96,331.42,1.8849,8.0458,,23,,1.7303,0.18516,,,1.441,0,,0,0,2,79,79,0,79.0,71090.0
81.8,60,100,90,0.0,50.937,73.54,0.0001,100,1.1,0,0.0011254,14.652,10.519,80331,87451.0,6.5025,297.93,321.49,1.8877,7.9295,,23,,1.7275,0.18518,,,1.4431,0,,0,0,2,79,79,0,79.0,71942.0
82.0,60,100,90,0.0,50.443,22.062,86.323,100,1.1,0,0.0011056,14.668,10.558,80373,87503.0,6.5168,298.15,405.65,1.8905,7.8634,,23,,1.7178,0.18527,,,1.4453,0,,0,0,2,79,79,0,79.0,71293.0
82.2,60,100,90,0.0,44.253,96.164,8.6323,100,1.1,0,0.0011099,14.63,10.597,80414,87553.0,6.5245,298.12,394.31,1.8932,7.8349,,23,,1.729,0.18516,,,1.4474,0,,0,0,2,79,79,0,79.0,72313.0
82.4,60,100,90,0.0,34.984,89.968,0.86323,100,1.1,0,0.001121,14.597,10.637,80454,87601.0,6.521,298.08,378.64,1.8959,7.8658,,23,,1.7377,0.18507,,,1.4495,0,,0,0,2,79,79,0,79.0,72669.0
82.6,60,100,90,0.0,27.141,80.614,0.086323,100,1.1,0,0.0011376,14.564,10.677,80491,87648.0,6.5068,298.05,366.58,1.8987,7.943,,23,,1.743,0.18501,,,1.4516,0,,0,0,2,79,79,0,79.0,73027.0
82.8,60,100,90,0.0,24.988,73.083,0.0086323,100,1.1,0,0.0011596,14.519,10.717,80529,87695.0,6.4905,298.03,357.66,1.9015,8.0659,,23,,1.7578,0.18487,,,1.4538,0,,0,0,2,79,79,0,79.0,72386.0
83.0,60,100,90,0.0,29.332,67.144,0.00086323,100,1.1,0,0.0011702,14.504,10.758,80567,87743.0,6.4799,298.01,350.66,1.9044,8.2238,,23,,1.7629,0.18481,,,1.456,0,,0,0,2,79,79,0,79.0,73913.0
83.2,60,100,90,0.0,37.887,62.0,0.0001,100,1.1,0,0.0011828,14.499,10.798,80607,87792.0,6.4805,297.99,343.85,1.9072,8.3908,,23,,1.7612,0.18482,,,1.4582,0,,0,0,2,79,79,0,79.0,73273.0
83.4,60,100,90,0.0,46.16,56.313,0.0001,100,1.1,0,0.0011964,14.498,10.838,80648,87843.0,6.4901,297.98,338.18,1.9101,8.5599,,23,,1.759,0.18484,,,1.4604,0,,0,0,2,79,79,0,79.0,72965.0
83.6,60,100,90,0.0,50.604,50.988,0.0001,100,1.1,0,0.0011668,14.526,10.878,80691,87895.0,6.5029,297.97,334.09,1.913,8.7255,,23,,1.7442,0.18497,,,1.4626,0,,0,0,2,79,79,0,79.0,73322.0
83.8,60,100,90,0.0,49.938,46.51,0.0001,100,1.1,0,0.0011731,14.518,10.918,80733,87947.0,6.5133,297.96,331.6,1.9158,8.8634,,23,,1.7362,0.18505,,,1.4648,0,,0,0,2,79,79,0,79.0,73848.0
84.0,60,100,90,0.0,45.127,43.052,0.0001,100,1.1,0,0.001159,14.507,10.958,80775,87998.0,6.5196,297.95,329.74,1.9186,8.9897,1197.2,23,1703.3,1.7371,0.18503,10.798,20.356,1.4669,0,27.474,0,0,2,79,79,0,79.0,73539.0
84.2,60,100,90,0.0,37.802,39.878,0.0001,100,1.1,0,0.0011909,14.438,10.999,80815,88047.0,6.5169,297.96,330.87,1.9215,9.0915,,23,,1.7614,0.18479,,,1.4691,0,,0,0,2,79,79,0,79.0,73902.0
84.4,60,100,90,0.0,31.588,39.214,0.0001,100,1.1,0,0.0012311,14.359,11.041,80854,88096.0,6.5072,297.96,333.7,1.9244,9.1937,,23,,1.7921,0.1845,,,1.4714,0,,0,0,2,79,79,0,79.0,74770.0
84.6,60,100,90,0.0,29.237,40.143,0.0001,100,1.1,0,0.0011789,14.4,11.082,80892,88144.0,6.497,297.97,334.25,1.9273,9.3061,,23,,1.7776,0.18463,,,1.4736,0,,0,0,2,79,79,0,79.0,74299.0
84.8,60,100,90,0.0,30.959,39.251,0.0001,100,1.1,0,0.0011767,14.386,11.123,80931,88192.0,6.4904,297.97,334.73,1.9302,9.3669,,23,,1.7781,0.18462,,,1.4758,0,,0,0,2,79,79,0,79.0,74660.0
85.0,60,100,90,0.0,35.302,38.394,0.0001,100,1.1,0,0.0011717,14.398,11.163,80970,88241.0,6.489,297.97,333.99,1.933,9.3862,,23,,1.7661,0.18473,,,1.478,0,,0,0,2,79,79,0,79.0,75186.0
85.2,60,100,90,0.0,40.201,36.493,0.0001,100,1.1,0,0.0011595,14.409,11.203,81011,88291.0,6.4937,297.96,333.63,1.9359,9.3729,,23,,1.7578,0.1848,,,1.4802,0,,0,0,2,79,79,0,79.0,74543.0
85.4,60,100,90,0.0,43.232,34.881,0.0001,100,1.1,0,0.0011382,14.421,11.242,81052,88342.0,6.501,297.96,333.72,1.9387,9.3285,,23,,1.7507,0.18486,,,1.4824,0,,0,0,2,79,79,0,79.0,74897.0
85.6,60,100,90,0.0,43.354,33.636,0.0001,100,1.1,0,0.0011115,14.454,11.281,81093,88393.0,6.5096,297.96,333.16,1.9415,9.2562,,23,,1.7324,0.18503,,,1.4845,0,,0,0,2,79,79,0,79.0,76082.0
85.8,60,100,90,0.0,40.049,31.799,0.0001,100,1.1,0,0.0011,14.434,11.32,81134,88442.0,6.5155,297.96,333.21,1.9442,9.148,,23,,1.7401,0.18496,,,1.4866,0,,0,0,2,79,79,0,79.0,75600.0
86.0,60,100,90,0.0,34.36,30.475,0.0001,100,1.1,0,0.0011132,14.392,11.359,81173,88491.0,6.5147,297.97,334.39,1.9469,9.0265,,23,,1.7545,0.18481,,,1.4887,0,,0,0,2,79,79,0,79.0,76454.0
86.2,60,100,90,0.0,29.031,30.159,0.0001,100,1.1,0,0.0010944,14.383,11.398,81211,88539.0,6.5068,297.97,335.42,1.9495,8.9202,,23,,1.7578,0.18478,,,1.4907,0,,0,0,2,79,79,0,79.0,76474.0
86.4,60,100,90,0.0,26.862,29.797,0.0001,100,1.1,0,0.0010543,14.398,11.437,81249,88585.0,6.4958,297.97,335.34,1.9522,8.8126,,23,,1.7535,0.18481,,,1.4927,0,,0,0,2,79,79,0,79.0,75492.0
86.6,60,100,90,0.0,29.083,28.543,0.0001,100,1.1,0,0.0010368,14.413,11.475,81287,88633.0,6.4883,297.97,335.64,1.9547,8.6947,,23,,1.7424,0.18491,,,1.4947,0,,0,0,2,79,79,0,79.0,76508.0
86.8,60,100,90,0.0,34.261,27.645,0.0001,100,1.1,0,0.0010653,14.386,11.514,81326,88681.0,6.4883,297.97,337.25,1.9573,8.5831,,23,,1.7438,0.18489,,,1.4967,0,,0,0,2,79,79,0,79.0,76861.0
87.0,60,100,90,0.0,39.44,27.944,0.0001,100,1.1,0,0.0010807,14.382,11.553,81366,88731.0,6.4924,297.98,338.51,1.9599,8.512,,23,,1.7384,0.18494,,,1.4987,0,,0,0,2,79,79,0,79.0,76715.0
87.2,60,100,90,0.0,42.974,28.057,0.0001,100,1.1,0,0.0010577,14.407,11.592,81407,88781.0,6.5014,297.98,337.89,1.9625,8.4758,,23,,1.7267,0.18505,,,1.5007,0,,0,0,2,79,79,0,79.0,77233.0
87.4,60,100,90,0.0,42.936,26.614,0.0001,100,1.1,0,0.0010632,14.393,11.631,81448,88831.0,6.5082,297.97,337.68,1.9651,8.449,,23,,1.7264,0.18505,,,1.5027,0,,0,0,2,79,79,0,79.0,77751.0
87.6,60,100,90,0.0,40.186,25.519,0.0001,100,1.1,0,0.0011113,14.315,11.67,81489,88881.0,6.5108,297.98,340.09,1.9678,8.4431,,23,,1.7518,0.1848,,,1.5047,0,,0,0,2,79,79,0,79.0,77607.0
87.8,60,100,90,0.0,36.414,26.732,0.0001,100,1.1,0,0.0011381,14.262,11.711,81528,88930.0,6.5097,297.99,343.32,1.9705,8.4904,,23,,1.7718,0.1846,,,1.5068,0,,0,0,2,79,79,0,79.0,77132.0
88.0,60,100,90,0.0,33.073,28.865,0.0001,100,1.1,0,0.0011051,14.283,11.75,81567,88978.0,6.5044,297.99,344.48,1.9732,8.5839,,23,,1.7644,0.18467,,,1.5089,0,,0,0,2,79,79,0,79.0,77489.0
88.2,60,100,90,0.0,31.842,29.447,0.0001,100,1.1,0,0.0011243,14.242,11.791,81606,89027.0,6.4976,298.0,345.73,1.9759,8.667,,23,,1.7767,0.18455,,,1.511,0,,0,0,2,79,79,0,79.0,77849.0
88.4,60,100,90,0.0,33.317,30.26,0.0001,100,1.1,0,0.0011132,14.254,11.831,81645,89075.0,6.4925,298.0,346.34,1.9786,8.7791,,23,,1.7682,0.18462,,,1.5131,0,,0,0,2,79,79,0,79.0,78374.0
88.6,60,100,90,0.0,36.818,30.623,0.0001,100,1.1,0,0.0011079,14.266,11.87,81684,89124.0,6.4923,298.0,346.6,1.9813,8.8957,,23,,1.7579,0.18472,,,1.5151,0,,0,0,2,79,79,0,79.0,79063.0
88.8,60,100,90,0.0,40.42,30.741,0.0001,100,1.1,0,0.00112,14.251,11.91,81725,89174.0,6.4956,298.0,346.88,1.984,9.0036,,23,,1.758,0.18471,,,1.5172,0,,0,0,2,79,79,0,79.0,78252.0
89.0,60,100,90,0.0,42.691,30.91,0.0001,100,1.1,0,0.0011153,14.261,11.949,81766,89225.0,6.5011,298.0,347.31,1.9866,9.111,,23,,1.7481,0.1848,,,1.5193,0,,0,0,2,79,79,0,79.0,78107.0
89.2,60,100,90,0.0,42.761,31.243,0.0001,100,1.1,0,0.00111,14.276,11.989,81807,89275.0,6.506,298.0,347.71,1.9893,9.1953,,23,,1.7301,0.18496,,,1.5213,0,,0,0,2,79,79,0,79.0,78461.0
89.4,60,100,90,0.0,40.884,31.581,0.0001,100,1.1,0,0.0010722,14.315,12.027,81847,89325.0,6.5089,298.0,346.91,1.9919,9.2611,,23,,1.7081,0.18517,,,1.5233,0,,0,0,2,79,79,0,79.0,79146.0
89.6,60,100,90,0.0,37.862,30.898,0.0001,100,1.1,0,0.0010828,14.292,12.067,81887,89374.0,6.5087,298.0,347.68,1.9945,9.2866,,23,,1.7056,0.18519,,,1.5253,0,,0,0,2,79,79,0,79.0,78999.0
89.8,60,100,90,0.0,34.907,31.552,0.0001,100,1.1,0,0.0010997,14.253,12.106,81927,89423.0,6.5057,298.0,348.65,1.9971,9.3105,,23,,1.7157,0.18509,,,1.5273,0,,0,0,2,79,79,0,79.0,78855.0
90.0,60,100,90,0.0,33.154,32.426,0.0001,100,1.1,0,0.0010958,14.252,12.146,81966,89472.0,6.5004,298.0,348.7,1.9998,9.335,,23,,1.711,0.18513,,,1.5294,0,,0,0,2,79,79,0,79.0,80212.0
90.2,75,100,90,0.0,33.536,32.58,0.0001,100,1.1,0,0.0011001,14.653,12.186,82005,89520.0,6.4949,298.01,349.35,1.6326,9.3528,,23,,1.6203,0.18976,,,1.559,0,,0,0,2,79,79,0,79.0,80070.0
90.4,75,100,90,0.0,36.099,33.279,0.0001,100,1.1,0,0.0010854,14.666,12.225,82044,89569.0,6.4926,298.0,348.97,1.6124,9.3723,,23,,1.5513,0.19033,,,1.5395,0,,0,0,2,79,79,0,79.0,79758.0
90.6,75,100,90,0.0,39.554,33.124,0.0001,100,1.1,0,0.0010941,14.625,12.265,82085,89619.0,6.4956,298.0,349.17,1.613,9.3698,,23,,1.5714,0.19017,,,1.5401,0,,0,0,2,79,79,0,79.0,80448.0
90.8,75,100,90,0.0,41.812,33.463,0.0001,100,1.1,0,0.0010896,14.625,12.305,82126,89670.0,6.5005,298.0,348.86,1.615,9.3644,,23,,1.5706,0.19017,,,1.542,0,,0,0,2,79,79,0,79.0,80970.0
91.0,75,100,90,0.0,42.131,33.353,0.0001,100,1.1,0,0.0010828,14.621,12.344,82166,89720.0,6.5063,298.0,348.36,1.617,9.3503,,23,,1.572,0.19016,,,1.544,0,,0,0,2,79,79,0,79.0,81325.0
91.2,75,100,90,0.0,40.109,33.06,0.0001,100,1.1,0,0.001112,14.59,12.384,82207,89770.0,6.5093,298.01,349.55,1.6191,9.3192,,23,,1.5735,0.19014,,,1.546,0,,0,0,2,79,79,0,79.0,81016.0
91.4,75,100,90,0.0,36.908,34.226,0.0001,100,1.1,0,0.0011089,14.57,12.424,82247,89819.0,6.5085,298.01,349.81,1.6212,9.3048,,23,,1.5836,0.19006,,,1.548,0,,0,0,2,79,79,0,79.0,81206.0
91.6,75,100,90,0.0,34.034,34.644,0.0001,100,1.1,0,0.0010846,14.593,12.463,82286,89868.0,6.5052,298.01,349.49,1.6233,9.2836,,23,,1.5654,0.1902,,,1.55,0,,0,0,2,79,79,0,79.0,80727.0
91.8,75,100,90,0.0,32.492,34.592,0.0001,100,1.1,0,0.0011121,14.53,12.503,82325,89916.0,6.4982,298.01,349.84,1.6254,9.2501,,23,,1.5938,0.18998,,,1.5521,0,,0,0,2,79,79,0,79.0,80918.0
92.0,75,100,90,0.0,33.736,35.106,0.0001,100,1.1,0,0.0011304,14.475,12.544,82364,89965.0,6.4924,298.01,352.13,1.6276,9.2371,,23,,1.6247,0.18974,,,1.5541,0,,0,0,2,79,79,0,79.0,81445.0
92.2,75,100,90,0.0,37.312,37.366,0.0001,100,1.1,0,0.0010921,14.509,12.584,82403,90014.0,6.4909,298.01,352.01,1.6297,9.2443,,23,,1.615,0.18981,,,1.5561,0,,0,0,2,79,79,0,79.0,82636.0
92.4,75,100,90,0.0,41.443,37.67,0.0001,100,1.1,0,0.0010997,14.485,12.624,82444,90065.0,6.4934,298.01,351.43,1.6318,9.2353,,23,,1.6266,0.18972,,,1.5582,0,,0,0,2,79,79,0,79.0,81495.0
92.6,75,100,90,0.0,44.608,37.604,0.0001,100,1.1,0,0.0010928,14.479,12.664,82485,90116.0,6.4988,298.01,350.06,1.6339,9.241,,23,,1.6351,0.18965,,,1.5602,0,,0,0,2,79,79,0,79.0,82686.0
92.8,75,100,90,0.0,45.613,36.801,0.0001,100,1.1,0,0.0010869,14.473,12.704,82527,90167.0,6.5036,298.0,348.29,1.636,9.2471,,23,,1.638,0.18962,,,1.5622,0,,0,0,2,79,79,0,79.0,82710.0
93.0,75,100,90,0.0,44.694,35.529,0.0001,100,1.1,0,0.0010619,14.486,12.743,82568,90217.0,6.5073,298.0,346.44,1.638,9.2538,,23,,1.6315,0.18967,,,1.5641,0,,0,0,2,79,79,0,79.0,81732.0
93.2,75,100,90,0.0,42.291,34.019,0.0001,100,1.1,0,0.0010606,14.486,12.783,82609,90268.0,6.5069,297.99,344.65,1.6401,9.2543,,23,,1.6204,0.18975,,,1.5661,0,,0,0,2,79,79,0,79.0,82587.0
93.4,75,100,90,0.0,40.081,32.391,0.0001,100,1.1,0,0.0010513,14.483,12.822,82649,90318.0,6.5047,297.99,343.42,1.6421,9.2621,,23,,1.6194,0.18975,,,1.568,0,,0,0,2,79,79,0,79.0,82775.0
93.6,75,100,90,0.0,38.737,31.078,0.0001,100,1.1,0,0.0010523,14.474,12.861,82689,90367.0,6.5016,297.99,342.09,1.6441,9.2674,,23,,1.6203,0.18974,,,1.5699,0,,0,0,2,79,79,0,79.0,82795.0
93.8,75,100,90,0.0,38.601,29.556,0.0001,100,1.1,0,0.001059,14.451,12.9,82729,90417.0,6.4985,297.99,341.68,1.6461,9.2646,,23,,1.6321,0.18965,,,1.5719,0,,0,0,2,79,79,0,79.0,84149.0
94.0,75,100,90,0.0,39.736,28.715,0.0001,100,1.1,0,0.0010372,14.462,12.938,82770,90466.0,6.4964,297.98,340.81,1.6481,9.2573,,23,,1.6317,0.18965,,,1.5738,0,,0,0,2,79,79,0,79.0,83498.0
94.2,75,100,90,0.0,41.709,27.415,0.0001,100,1.1,0,0.0010058,14.484,12.976,82810,90516.0,6.4978,297.98,338.82,1.65,9.2298,,23,,1.626,0.18969,,,1.5756,0,,0,0,2,79,79,0,79.0,83343.0
94.4,75,100,90,0.0,43.099,25.055,0.0001,100,1.1,0,0.00099778,14.491,13.013,82851,90567.0,6.5006,297.97,337.07,1.6519,9.1711,,23,,1.6199,0.18973,,,1.5775,0,,0,0,2,79,79,0,79.0,83521.0
94.6,75,100,90,0.0,43.38,22.746,0.0001,100,1.1,0,0.0010081,14.454,13.051,82892,90617.0,6.5027,297.97,336.43,1.6538,9.1058,,23,,1.6434,0.18955,,,1.5793,0,,0,0,2,79,79,0,79.0,84367.0
94.8,75,100,90,0.0,42.807,21.228,0.0001,100,1.1,0,0.0010329,14.427,13.088,82933,90667.0,6.504,297.97,336.56,1.6557,9.0472,,23,,1.6472,0.18952,,,1.5811,0,,0,0,2,79,79,0,79.0,84380.0
95.0,75,100,90,0.0,41.712,20.311,0.0001,100,1.1,0,0.0010811,14.362,13.127,82974,90717.0,6.5026,297.98,339.06,1.6577,8.9999,,23,,1.6719,0.18932,,,1.583,0,,0,0,2,79,79,0,79.0,83898.0
95.2,75,100,90,0.0,41.194,21.466,0.0001,100,1.1,0,0.0010529,14.382,13.165,83014,90767.0,6.4995,297.98,340.07,1.6597,8.9916,,23,,1.6638,0.18938,,,1.5849,0,,0,0,2,79,79,0,79.0,84080.0
95.4,75,100,90,0.0,41.934,21.517,0.0001,100,1.1,0,0.0010722,14.348,13.204,83055,90818.0,6.4968,297.98,341.46,1.6617,8.9819,,23,,1.6742,0.1893,,,1.5868,0,,0,0,2,79,79,0,79.0,83764.0
95.6,75,100,90,0.0,43.731,22.016,0.0001,100,1.1,0,0.0011026,14.291,13.243,83096,90868.0,6.4947,297.99,343.5,1.6637,9.0005,,23,,1.7048,0.18906,,,1.5888,0,,0,0,2,79,79,0,79.0,84618.0
95.8,75,100,90,0.0,46.377,23.212,0.0001,100,1.1,0,0.0011057,14.282,13.282,83137,90920.0,6.4955,297.99,344.94,1.6658,9.0573,,23,,1.7116,0.18901,,,1.5908,0,,0,0,2,79,79,0,79.0,84137.0
96.0,75,100,90,0.0,48.683,24.062,0.0001,100,1.1,0,0.0010972,14.273,13.321,83179,90971.0,6.4994,298.0,345.64,1.6678,9.1307,1200.7,23,1693.3,1.7201,0.18894,13.165,21.506,1.5928,0,36.279,0,0,2,79,79,0,79.0,85155.0
96.2,75,100,90,0.0,49.424,24.412,0.0001,100,1.1,0,0.0010813,14.275,13.359,83221,91023.0,6.5044,298.0,345.75,1.6699,9.2075,,23,,1.7259,0.18889,,,1.5947,0,,0,0,2,79,79,0,79.0,86171.0
96.4,75,100,90,0.0,48.195,24.329,0.0001,100,1.1,0,0.0010565,14.3,13.397,83263,91074.0,6.5069,298.0,345.45,1.6718,9.2708,,23,,1.7119,0.18899,,,1.5966,0,,0,0,2,79,79,0,79.0,84851.0
96.6,75,100,90,0.0,45.949,23.907,0.0001,100,1.1,0,0.0010542,14.281,13.434,83305,91126.0,6.5089,298.0,345.54,1.6738,9.3044,,23,,1.7174,0.18895,,,1.5985,0,,0,0,2,79,79,0,79.0,85531.0
96.8,75,100,90,0.0,42.896,23.805,0.0001,100,1.1,0,0.0010736,14.231,13.473,83346,91176.0,6.5072,298.0,347.16,1.6758,9.3311,,23,,1.734,0.18882,,,1.6004,0,,0,0,2,79,79,0,79.0,86882.0
97.0,75,100,90,0.0,40.55,25.039,0.0001,100,1.1,0,0.001076,14.22,13.512,83386,91226.0,6.5038,298.0,348.76,1.6778,9.3724,,23,,1.7317,0.18883,,,1.6023,0,,0,0,2,79,79,0,79.0,86735.0
97.2,75,100,90,0.0,39.54,26.382,0.0001,100,1.1,0,0.0010548,14.242,13.55,83426,91276.0,6.5016,298.0,348.69,1.6798,9.4153,,23,,1.7162,0.18895,,,1.6042,0,,0,0,2,79,79,0,79.0,85918.0
97.4,75,100,90,0.0,39.417,26.417,0.0001,100,1.1,0,0.0010558,14.236,13.589,83467,91326.0,6.4991,298.0,348.7,1.6818,9.4399,,23,,1.7124,0.18897,,,1.6061,0,,0,0,2,79,79,0,79.0,87435.0
97.6,75,100,90,0.0,40.301,26.546,0.0001,100,1.1,0,0.0010304,14.262,13.626,83507,91376.0,6.4993,298.0,347.8,1.6837,9.4596,,23,,1.6962,0.18909,,,1.608,0,,0,0,2,79,79,0,79.0,85781.0
97.8,75,100,90,0.0,41.1,25.886,0.0001,100,1.1,0,0.0010527,14.244,13.664,83547,91426.0,6.5006,298.0,347.84,1.6857,9.4432,,23,,1.6883,0.18915,,,1.6099,0,,0,0,2,79,79,0,79.0,86296.0
98.0,75,100,90,0.0,41.368,25.976,0.0001,100,1.1,0,0.0010296,14.276,13.702,83588,91476.0,6.5023,298.0,346.83,1.6876,9.4366,,23,,1.664,0.18933,,,1.6117,0,,0,0,2,79,79,0,79.0,87641.0
98.2,75,100,90,0.0,40.968,25.139,0.0001,100,1.1,0,0.0010308,14.261,13.739,83628,91526.0,6.5044,298.0,346.64,1.6895,9.4045,,23,,1.664,0.18932,,,1.6136,0,,0,0,2,79,79,0,79.0,87487.0
98.4,75,100,90,0.0,39.709,24.933,0.0001,100,1.1,0,0.0010268,14.237,13.777,83669,91576.0,6.5063,298.0,346.35,1.6915,9.3744,,23,,1.6811,0.18919,,,1.6155,0,,0,0,2,79,79,0,79.0,87165.0
98.6,75,100,90,0.0,37.701,24.618,0.0001,100,1.1,0,0.001014,14.228,13.814,83708,91625.0,6.5071,298.0,346.16,1.6934,9.3392,,23,,1.6887,0.18913,,,1.6173,0,,0,0,2,79,79,0,79.0,87677.0
98.8,75,100,90,0.0,35.369,24.353,0.0001,100,1.1,0,0.0010305,14.177,13.852,83748,91674.0,6.5045,298.0,347.29,1.6953,9.2968,,23,,1.7155,0.18892,,,1.6191,0,,0,0,2,79,79,0,79.0,87524.0
99.0,75,100,90,0.0,34.106,25.225,0.0001,100,1.1,0,0.0010627,14.127,13.89,83787,91723.0,6.4999,298.01,349.71,1.6973,9.2714,,23,,1.7361,0.18876,,,1.621,0,,0,0,2,79,79,0,79.0,88374.0
99.2,75,100,90,0.0,34.672,27.287,0.0001,100,1.1,0,0.0010552,14.119,13.929,83826,91771.0,6.4958,298.01,351.27,1.6993,9.2668,,23,,1.7422,0.18871,,,1.6229,0,,0,0,2,79,79,0,79.0,87892.0
99.4,75,100,90,0.0,36.878,28.812,0.0001,100,1.1,0,0.001077,14.093,13.968,83866,91821.0,6.494,298.02,353.58,1.7013,9.2756,,23,,1.7494,0.18865,,,1.6248,0,,0,0,2,79,79,0,79.0,88744.0
99.6,75,100,90,0.0,39.792,31.154,0.0001,100,1.1,0,0.0010881,14.066,14.007,83906,91871.0,6.4956,298.02,356.58,1.7033,9.3085,,23,,1.7647,0.18853,,,1.6268,0,,0,0,2,79,79,0,79.0,88598.0
99.8,75,100,90,0.0,42.077,34.289,0.0001,100,1.1,0,0.0010696,14.084,14.045,83946,91921.0,6.4999,298.03,358.35,1.7053,9.3514,,23,,1.7595,0.18857,,,1.6287,0,,0,0,2,79,79,0,79.0,88781.0
100.0,75,100,90,0.0,42.611,36.628,0.0001,100,1.1,0,0.0010546,14.096,14.084,83987,91972.0,6.5061,298.03,359.01,1.7072,9.3791,,23,,1.7521,0.18862,,,1.6306,0,,0,0,2,79,79,0,79.0,88796.0
100.2,75,100,90,0.0,40.694,38.2,0.0001,100,1.0,-4000,0.0010562,13.244,14.121,83323,91222.0,6.5384,298.03,360.82,1.6999,9.3986,,23,,1.7317,0.18879,,,1.6236,0,,0,0,2,79,79,0,79.0,88144.0
100.4,75,100,90,0.0,25.748,40.848,0.0001,100,1.0,-4000,0.0010969,13.141,14.16,82657,90469.0,6.5507,298.04,365.15,1.6882,9.4042,,23,,1.7583,0.18861,,,1.6123,0,,0,0,2,79,79,0,79.0,88163.0
100.6,75,100,90,0.51996,12.874,45.873,0.0001,100,1.0,-4000,0.0011386,13.041,14.201,81987,89714.0,6.5387,298.06,371.62,1.6761,9.429,,23,,1.7786,0.18848,,,1.6007,0,,0,0,2,79,79,0,79.0,89691.0
100.8,75,100,90,0.0,0.0,53.171,0.0001,100,1.0,-4000,0.0011655,12.972,14.243,81316,88956.0,6.5054,298.08,379.23,1.6641,9.4901,,23,,1.7733,0.18854,,,1.5892,0,,0,0,2,79,79,0,79.0,89724.0
101.0,75,100,90,0.0,0.0,62.119,0.0001,100,1.0,-4000,0.0011667,12.959,14.285,80644,88199.0,6.4749,298.1,385.24,1.652,9.5849,,23,,1.755,0.18871,,,1.5776,0,,0,0,2,79,79,0,79.0,90092.0
101.2,75,100,90,0.0,10.55,70.394,0.0001,100,1.0,-4000,0.0011971,12.928,14.327,79975,87443.0,6.4619,298.11,388.63,1.64,9.6695,,23,,1.7493,0.18877,,,1.566,0,,0,0,2,79,79,0,79.0,90127.0
101.4,75,100,90,0.0,26.257,76.962,0.0001,100,1.0,-4000,0.0012227,12.927,14.369,79309,86691.0,6.4706,298.11,391.29,1.628,9.7481,,23,,1.7245,0.18898,,,1.5545,0,,0,0,2,79,79,0,79.0,90327.0
101.6,75,100,90,0.0,38.468,83.277,0.0001,100,1.0,-4000,0.0012593,12.891,14.411,78645,85941.0,6.4942,298.11,391.34,1.616,9.8025,,23,,1.7259,0.189,,,1.543,0,,0,0,2,79,79,0,79.0,90362.0
101.8,75,100,90,0.0,41.272,87.49,0.0001,100,1.0,-4000,0.0012684,12.867,14.453,77983,85193.0,6.5198,298.11,391.16,1.604,9.8463,,23,,1.7179,0.18908,,,1.5315,0,,0,0,2,79,79,0,79.0,89731.0
102.0,75,100,90,0.0,33.875,91.542,0.0001,100,1.0,-4000,0.0013053,12.825,14.496,77318,84442.0,6.5344,298.11,391.78,1.592,9.8605,,23,,1.6949,0.18928,,,1.52,0,,0,0,2,79,79,0,79.0,90438.0
102.2,75,100,90,0.0,20.677,96.323,0.0001,100,1.0,0,0.0013448,12.735,14.541,77355,84489.0,6.5014,298.12,394.95,1.5897,9.8659,,23,,1.7142,0.18914,,,1.5178,0,,0,0,2,79,79,0,79.0,90318.0
102.4,75,100,90,0.0,20.792,103.56,0.0001,100,1.0,0,0.0013191,12.738,14.585,77392,84536.0,6.4725,298.13,396.41,1.5917,9.8906,,23,,1.7234,0.18906,,,1.5197,0,,0,0,2,79,79,0,79.0,91196.0
102.6,75,100,90,0.0,32.285,109.45,0.0001,100,1.0,0,0.0013522,12.741,14.63,77432,84586.0,6.4598,298.13,397.75,1.5939,9.891,,23,,1.7094,0.18916,,,1.5219,0,,0,0,2,79,79,0,79.0,92076.0
102.8,75,100,90,0.0,48.832,115.41,0.0001,100,1.0,0,0.0013545,12.77,14.674,77474,84639.0,6.4659,298.12,394.68,1.5962,9.9018,,23,,1.6988,0.18924,,,1.524,0,,0,0,2,79,79,0,79.0,91119.0
103.0,75,100,90,0.0,62.935,117.38,0.0001,100,1.0,0,0.0013489,12.804,14.717,77520,84694.0,6.4818,298.1,387.75,1.5985,9.8984,,23,,1.6838,0.18935,,,1.5262,0,,0,0,2,79,79,0,79.0,91494.0
103.2,75,100,90,0.0,70.712,115.52,0.0001,100,1.0,0,0.0013554,12.798,14.761,77567,84752.0,6.4991,298.09,381.61,1.6008,9.8753,,23,,1.6862,0.18933,,,1.5284,0,,0,0,2,79,79,0,79.0,92037.0
103.4,75,100,90,0.0,71.596,113.77,0.0001,100,1.0,0,0.0013344,12.788,14.804,77614,84809.0,6.5154,298.07,376.14,1.603,9.8518,,23,,1.7,0.18922,,,1.5306,0,,0,0,2,79,79,0,79.0,92579.0
103.6,75,100,90,0.0,65.966,112.0,0.0001,100,1.0,0,0.0012822,12.805,14.847,77660,84865.0,6.5287,298.06,370.54,1.6052,9.828,,23,,1.6995,0.18922,,,1.5327,0,,0,0,2,79,79,0,79.0,91452.0
103.8,75,100,90,0.0,55.032,109.56,0.0001,100,1.0,0,0.0012948,12.749,14.892,77704,84919.0,6.5348,298.04,365.81,1.6074,9.7845,,23,,1.7233,0.18903,,,1.5348,0,,0,0,2,79,79,0,79.0,92830.0
104.0,75,100,90,0.0,41.639,107.36,0.0001,100,1.0,0,0.001297,12.696,14.936,77745,84971.0,6.5307,298.03,361.3,1.6096,9.7697,,23,,1.7404,0.1889,,,1.5369,0,,0,0,2,79,79,0,79.0,93212.0
104.2,75,100,90,0.0,29.907,104.87,0.0001,100,1.0,0,0.0013,12.642,14.982,77784,85020.0,6.5124,298.02,358.18,1.6118,9.7761,,23,,1.76,0.18875,,,1.539,0,,0,0,2,79,79,0,79.0,93262.0
104.4,75,100,90,0.0,25.522,103.22,0.0001,100,1.0,0,0.0012863,12.609,15.027,77822,85068.0,6.4899,298.01,354.65,1.614,9.8015,,23,,1.7822,0.18857,,,1.5411,0,,0,0,2,79,79,0,79.0,92644.0
104.6,75,100,90,0.0,30.098,100.84,0.0001,100,1.0,0,0.0012606,12.642,15.071,77861,85117.0,6.4771,298.01,351.66,1.6161,9.82,,23,,1.7722,0.18864,,,1.5431,0,,0,0,2,79,79,0,79.0,93522.0
104.8,75,100,90,0.0,39.757,98.623,0.0001,100,1.0,0,0.0012921,12.633,15.115,77902,85168.0,6.4768,297.99,347.63,1.6183,9.8139,,23,,1.7706,0.18865,,,1.5452,0,,0,0,2,79,79,0,79.0,94066.0
105.0,75,100,90,0.0,49.515,95.118,0.0001,100,1.0,0,0.0012706,12.699,15.158,77945,85221.0,6.4855,297.98,343.32,1.6205,9.8181,,23,,1.7319,0.18894,,,1.5473,0,,0,0,2,79,79,0,79.0,93940.0
105.2,75,100,90,0.0,55.801,90.969,0.0001,100,1.0,0,0.001245,12.74,15.201,77989,85275.0,6.4987,297.97,339.6,1.6226,9.8089,,23,,1.7029,0.18916,,,1.5494,0,,0,0,2,79,79,0,79.0,93478.0
105.4,75,100,90,0.0,56.824,86.946,0.0001,100,1.0,0,0.0012737,12.718,15.244,78033,85329.0,6.5118,297.96,336.51,1.6247,9.7831,,23,,1.6939,0.18922,,,1.5514,0,,0,0,2,79,79,0,79.0,94518.0
105.6,75,100,90,0.0,52.636,83.11,0.0001,100,1.0,0,0.0012959,12.676,15.288,78076,85383.0,6.5206,297.96,334.82,1.6269,9.7759,,23,,1.6994,0.18918,,,1.5535,0,,0,0,2,79,79,0,79.0,94730.0
105.8,75,100,90,0.0,44.925,80.261,0.0001,100,1.0,0,0.0013369,12.605,15.333,78118,85435.0,6.5223,297.97,337.2,1.6292,9.7958,,23,,1.7196,0.18902,,,1.5556,0,,0,0,2,79,79,0,79.0,94112.0
106.0,75,100,90,0.0,36.551,80.994,0.0001,100,1.0,0,0.0013072,12.595,15.378,78158,85486.0,6.5159,297.97,338.69,1.6314,9.8516,,23,,1.7251,0.18897,,,1.5578,0,,0,0,2,79,79,0,79.0,95329.0
106.2,75,100,90,0.0,30.722,81.057,0.0001,100,1.0,0,0.0012995,12.577,15.424,78197,85535.0,6.5037,297.97,340.48,1.6336,9.9193,,23,,1.7242,0.18897,,,1.5599,0,,0,0,2,79,79,0,79.0,96049.0
106.4,75,100,90,0.0,29.786,81.564,0.0001,100,1.0,0,0.0013047,12.555,15.47,78236,85584.0,6.4919,297.98,343.09,1.6358,10.009,,23,,1.7297,0.18893,,,1.562,0,,0,0,2,79,79,0,79.0,95601.0
106.6,75,100,90,0.0,33.526,83.006,0.0001,100,1.0,0,0.0012896,12.573,15.515,78276,85634.0,6.4875,297.98,342.9,1.638,10.092,,23,,1.7206,0.18899,,,1.5641,0,,0,0,2,79,79,0,79.0,95983.0
106.8,75,100,90,0.0,39.03,82.099,0.0001,100,1.0,0,0.0013108,12.554,15.56,78316,85685.0,6.4893,297.98,340.78,1.6402,10.15,,23,,1.7208,0.18899,,,1.5663,0,,0,0,2,79,79,0,79.0,96868.0
107.0,75,100,90,0.0,43.795,79.447,0.0001,100,1.0,0,0.0012446,12.618,15.604,78358,85737.0,6.4977,297.97,337.27,1.6424,10.206,,23,,1.7063,0.18909,,,1.5683,0,,0,0,2,79,79,0,79.0,95746.0
107.2,75,100,90,0.0,45.204,75.331,0.0001,100,1.0,0,0.0012209,12.643,15.648,78400,85789.0,6.5066,297.96,334.88,1.6445,10.206,,23,,1.6958,0.18917,,,1.5704,0,,0,0,2,79,79,0,79.0,96453.0
107.4,75,100,90,0.0,43.091,71.926,0.0001,100,1.0,0,0.001202,12.647,15.691,78442,85841.0,6.5125,297.95,332.24,1.6466,10.166,,23,,1.695,0.18917,,,1.5723,0,,0,0,2,79,79,0,79.0,96825.0
107.6,75,100,90,0.0,38.601,68.03,0.0001,100,1.0,0,0.001198,12.633,15.734,78482,85891.0,6.5132,297.95,330.97,1.6486,10.099,,23,,1.6941,0.18917,,,1.5743,0,,0,0,2,79,79,0,79.0,96364.0
107.8,75,100,90,0.0,33.856,20.409,77.403,100,1.0,0,0.0012187,12.58,15.777,78522,85941.0,6.5074,298.16,410.41,1.6507,10.024,,23,,1.7103,0.18905,,,1.5763,0,,0,0,2,79,79,0,79.0,97241.0
108.0,75,100,90,0.0,31.437,91.896,7.7403,100,1.0,0,0.0012296,12.553,15.822,78561,85990.0,6.4991,298.18,416.82,1.6528,9.9574,1199.6,23,1687.0,1.7171,0.18899,15.648,22.651,1.5783,0,44.978,0,0,2,79,79,0,79.0,97286.0
108.2,75,100,90,0.0,32.316,102.3,0.77403,100,1.0,0,0.001214,12.555,15.866,78600,86040.0,6.4937,298.17,413.57,1.6549,9.8925,,23,,1.7176,0.18898,,,1.5803,0,,0,0,2,79,79,0,79.0,97329.0
108.4,75,100,90,0.0,35.358,105.89,0.077403,100,1.0,0,0.0012345,12.533,15.91,78640,86090.0,6.4932,298.16,410.79,1.657,9.8289,,23,,1.7145,0.189,,,1.5823,0,,0,0,2,79,79,0,79.0,96542.0
108.6,75,100,90,0.0,38.588,109.79,0.0077403,100,1.0,0,0.0012539,12.522,15.954,78680,86141.0,6.4954,298.16,408.9,1.6591,9.7821,,23,,1.7127,0.18901,,,1.5844,0,,0,0,2,79,79,0,79.0,98087.0
108.8,75,100,90,0.0,40.92,114.22,0.00077403,100,1.0,0,0.0012683,12.498,15.999,78721,86192.0,6.4999,298.16,408.08,1.6613,9.7449,,23,,1.7151,0.18899,,,1.5864,0,,0,0,2,79,79,0,79.0,98134.0
109.0,75,100,90,0.0,41.49,119.43,0.0001,100,1.0,0,0.0012676,12.483,16.043,78762,86243.0,6.503,298.14,402.79,1.6634,9.728,,23,,1.7183,0.18896,,,1.5885,0,,0,0,2,79,79,0,79.0,97849.0
109.2,75,100,90,0.0,40.832,120.42,0.0001,100,1.0,0,0.0012563,12.477,16.088,78803,86295.0,6.5057,298.13,397.24,1.6656,9.7306,,23,,1.7315,0.18886,,,1.5906,0,,0,0,2,79,79,0,79.0,99394.0
109.4,75,100,90,0.0,39.093,120.73,0.0001,100,1.0,0,0.0012642,12.448,16.132,78844,86346.0,6.5067,298.11,391.05,1.6678,9.7364,,23,,1.7468,0.18874,,,1.5927,0,,0,0,2,79,79,0,79.0,99271.0
109.6,75,100,90,0.0,36.956,119.91,0.0001,100,1.0,0,0.0012681,12.416,16.176,78884,86396.0,6.5059,298.1,385.45,1.6699,9.7469,,23,,1.7629,0.18861,,,1.5948,0,,0,0,2,79,79,0,79.0,99648.0
109.8,75,100,90,0.0,35.112,119.03,0.0001,100,1.0,0,0.0012625,12.407,16.219,78924,86446.0,6.5017,298.07,377.52,1.6721,9.7654,,23,,1.7636,0.1886,,,1.5969,0,,0,0,2,79,79,0,79.0,98191.0
110.0,75,100,90,0.0,34.961,115.45,0.0001,100,1.0,0,0.0012562,12.385,16.263,78963,86497.0,6.4976,298.06,371.28,1.6743,9.7807,,23,,1.7767,0.1885,,,1.599,0,,0,0,2,79,79,0,79.0,98902.0
110.2,75,100,90,0.0,36.455,112.67,0.0001,100,1.0,0,0.0012523,12.388,16.307,79003,86547.0,6.4961,298.05,366.69,1.6765,9.7979,,23,,1.7671,0.18857,,,1.601,0,,0,0,2,79,79,0,79.0,99946.0
110.4,75,100,90,0.0,38.541,110.75,0.0001,100,1.0,0,0.0012162,12.43,16.351,79044,86598.0,6.4974,298.03,362.1,1.6786,9.8211,,23,,1.7442,0.18874,,,1.6031,0,,0,0,2,79,79,0,79.0,99655.0
110.6,75,100,90,0.0,40.092,108.35,0.0001,100,1.0,0,0.0012149,12.42,16.395,79085,86649.0,6.4991,298.03,361.44,1.6807,9.8239,,23,,1.7419,0.18875,,,1.6051,0,,0,0,2,79,79,0,79.0,100030.0
110.8,75,100,90,0.0,40.984,109.08,0.0001,100,1.0,0,0.0012127,12.398,16.439,79126,86700.0,6.501,298.03,361.79,1.6828,9.8261,,23,,1.76,0.18861,,,1.6072,0,,0,0,2,79,79,0,79.0,99075.0
111.0,75,100,90,0.0,41.093,110.6,0.0001,100,1.0,0,0.0011946,12.397,16.482,79167,86752.0,6.5035,298.03,360.65,1.6849,9.8331,,23,,1.7664,0.18856,,,1.6092,0,,0,0,2,79,79,0,79.0,100450.0
111.2,75,100,90,0.0,40.207,110.77,0.0001,100,1.0,0,0.0011879,12.406,16.525,79207,86803.0,6.504,298.03,361.52,1.687,9.8294,,23,,1.7538,0.18865,,,1.6112,0,,0,0,2,79,79,0,79.0,101160.0
111.4,75,100,90,0.0,39.118,112.71,0.0001,100,1.0,0,0.0012073,12.367,16.569,79248,86854.0,6.502,298.03,360.19,1.6891,9.8311,,23,,1.7678,0.18854,,,1.6132,0,,0,0,2,79,79,0,79.0,100700.0
111.6,75,100,90,0.0,38.84,112.66,0.0001,100,1.0,0,0.001198,12.364,16.612,79288,86905.0,6.5015,298.02,358.48,1.6912,9.8384,,23,,1.773,0.18849,,,1.6152,0,,0,0,2,79,79,0,79.0,100570.0
111.8,75,100,90,0.0,38.744,112.19,0.0001,100,1.0,0,0.0011892,12.378,16.656,79329,86956.0,6.5007,298.02,355.4,1.6933,9.8433,,23,,1.7562,0.18862,,,1.6172,0,,0,0,2,79,79,0,79.0,101450.0
112.0,75,100,90,0.0,38.99,110.3,0.0001,100,1.0,0,0.0012006,12.366,16.699,79370,87007.0,6.4994,298.01,351.59,1.6954,9.8293,,23,,1.7541,0.18863,,,1.6192,0,,0,0,2,79,79,0,79.0,102320.0
112.2,75,100,90,0.0,39.769,107.48,0.0001,100,1.0,0,0.0012304,12.321,16.743,79410,87058.0,6.4968,298.0,350.28,1.6975,9.8202,,23,,1.763,0.18856,,,1.6212,0,,0,0,2,79,79,0,79.0,102530.0
112.4,75,100,90,0.0,41.559,106.57,0.0001,100,1.0,0,0.0012428,12.286,16.787,79451,87109.0,6.4951,298.0,350.46,1.6996,9.8352,,23,,1.7841,0.18839,,,1.6233,0,,0,0,2,79,79,0,79.0,102740.0
112.6,75,100,90,0.0,44.035,106.84,0.0001,100,1.0,0,0.0012663,12.259,16.832,79493,87162.0,6.4948,298.01,351.95,1.7018,9.8584,,23,,1.7895,0.18835,,,1.6254,0,,0,0,2,79,79,0,79.0,101290.0
112.8,75,100,90,0.0,46.623,108.29,0.0001,100,1.0,0,0.0012965,12.228,16.877,79535,87215.0,6.4965,298.01,354.68,1.704,9.9028,,23,,1.7956,0.1883,,,1.6275,0,,0,0,2,79,79,0,79.0,103170.0
113.0,75,100,90,0.0,48.526,111.0,0.0001,100,1.0,0,0.0013192,12.19,16.922,79577,87268.0,6.4979,298.02,356.81,1.7063,9.9737,,23,,1.8093,0.18819,,,1.6297,0,,0,0,2,79,79,0,79.0,102390.0
113.2,75,100,90,0.0,49.883,113.39,0.0001,100,1.0,0,0.0013084,12.185,16.968,79620,87322.0,6.4999,298.02,357.12,1.7086,10.066,,23,,1.8088,0.18819,,,1.6319,0,,0,0,2,79,79,0,79.0,102940.0
113.4,75,100,90,0.0,50.428,114.36,0.0001,100,1.0,0,0.0013184,12.19,17.013,79663,87375.0,6.5024,298.02,358.41,1.7109,10.161,,23,,1.7908,0.18832,,,1.6341,0,,0,0,2,79,79,0,79.0,103160.0
113.6,75,100,90,0.0,49.987,116.28,0.0001,100,1.0,0,0.0013242,12.177,17.058,79706,87429.0,6.5045,298.02,356.53,1.7132,10.252,,23,,1.7857,0.18836,,,1.6363,0,,0,0,2,79,79,0,79.0,102880.0
113.8,75,100,90,0.0,48.714,115.44,0.0001,100,1.0,0,0.0013289,12.176,17.104,79748,87483.0,6.5043,298.01,354.56,1.7155,10.336,,23,,1.7777,0.18841,,,1.6385,0,,0,0,2,79,79,0,79.0,103760.0
114.0,75,100,90,0.0,47.538,114.38,0.0001,100,1.0,0,0.0012936,12.193,17.149,79791,87536.0,6.5043,298.01,351.6,1.7177,10.408,,23,,1.7768,0.18841,,,1.6406,0,,0,0,2,79,79,0,79.0,104480.0
114.2,75,100,90,0.0,46.325,112.24,0.0001,100,1.0,0,0.0012841,12.188,17.194,79833,87589.0,6.5035,298.0,347.69,1.7199,10.453,,23,,1.7756,0.18842,,,1.6428,0,,0,0,2,79,79,0,79.0,103860.0
114.4,75,100,90,0.0,45.432,108.97,0.0001,100,1.0,0,0.0012664,12.185,17.239,79875,87642.0,6.5003,297.99,344.39,1.7221,10.492,,23,,1.7796,0.18838,,,1.6449,0,,0,0,2,79,79,0,79.0,103910.0
114.6,75,100,90,0.0,45.853,105.88,0.0001,100,1.0,0,0.0012406,12.173,17.284,79917,87694.0,6.4971,297.98,340.73,1.7243,10.512,,23,,1.7999,0.18823,,,1.647,0,,0,0,2,79,79,0,79.0,105130.0
114.8,75,100,90,0.0,47.546,102.13,0.0001,100,1.0,0,0.0012633,12.141,17.329,79959,87748.0,6.4938,297.97,338.52,1.7265,10.503,,23,,1.8082,0.18816,,,1.6491,0,,0,0,2,79,79,0,79.0,104680.0
115.0,75,100,90,0.0,50.564,99.342,0.0001,100,1.0,0,0.001224,12.173,17.374,80002,87801.0,6.4947,297.96,336.09,1.7287,10.497,,23,,1.8035,0.18819,,,1.6512,0,,0,0,2,79,79,0,79.0,103890.0
115.2,75,100,90,0.0,53.18,96.113,0.0001,100,1.0,0,0.0011754,12.211,17.417,80045,87856.0,6.4988,297.96,332.73,1.7308,10.468,,23,,1.8017,0.1882,,,1.6532,0,,0,0,2,79,79,0,79.0,104760.0
115.4,75,100,90,0.0,54.157,91.812,0.0001,100,1.0,0,0.0011551,12.225,17.46,80089,87910.0,6.5039,297.94,326.73,1.7328,10.416,,23,,1.8049,0.18817,,,1.6551,0,,0,0,2,79,79,0,79.0,104300.0
115.6,75,100,90,0.0,53.128,27.543,106.25,100,1.0,0,0.0011461,12.229,17.503,80132,87964.0,6.5079,298.2,427.81,1.7348,10.327,,23,,1.8047,0.18817,,,1.6571,0,,0,0,2,79,79,0,79.0,105840.0
115.8,75,100,90,0.0,50.509,116.7,10.625,100,1.0,0,0.0010911,12.273,17.545,80175,88017.0,6.5108,298.2,425.31,1.7367,10.22,,23,,1.7917,0.18827,,,1.6589,0,,0,0,2,79,79,0,79.0,106210.0
116.0,75,100,90,0.0,46.728,120.15,1.0625,100,1.0,0,0.0010753,12.268,17.586,80217,88069.0,6.5102,298.17,413.81,1.7386,10.083,,23,,1.7922,0.18826,,,1.6607,0,,0,0,2,79,79,0,79.0,106570.0
116.2,75,100,90,0.0,43.196,117.27,0.10625,100,1.0,0,0.0010703,12.257,17.628,80258,88121.0,6.5049,298.14,401.56,1.7405,9.9315,,23,,1.7875,0.18829,,,1.6625,0,,0,0,2,79,79,0,79.0,105100.0
116.4,75,100,90,0.0,41.753,112.77,0.010625,100,1.0,0,0.0010712,12.256,17.669,80299,88172.0,6.499,298.11,390.82,1.7424,9.7912,,23,,1.7835,0.18832,,,1.6643,0,,0,0,2,79,79,0,79.0,106130.0
116.6,75,100,90,0.0,42.688,108.45,0.0010625,100,1.0,0,0.0010544,12.256,17.71,80341,88223.0,6.494,298.07,377.19,1.7442,9.656,,23,,1.794,0.18823,,,1.6661,0,,0,0,2,79,79,0,79.0,106330.0
116.8,75,100,90,0.0,45.624,100.44,0.00010625,100,1.0,0,0.0010593,12.225,17.75,80382,88275.0,6.4921,298.04,365.23,1.7461,9.5253,,23,,1.8144,0.18807,,,1.6679,0,,0,0,2,79,79,0,79.0,105520.0
117.0,75,100,90,0.0,49.292,92.681,0.0001,100,1.0,0,0.001067,12.218,17.791,80425,88328.0,6.4937,298.01,354.21,1.7479,9.4172,,23,,1.8203,0.18803,,,1.6697,0,,0,0,2,79,79,0,79.0,105550.0
117.2,75,100,90,0.0,52.34,84.562,0.0001,100,1.0,0,0.0010595,12.221,17.831,80468,88382.0,6.4971,297.99,343.76,1.7498,9.3286,,23,,1.8181,0.18804,,,1.6714,0,,0,0,2,79,79,0,79.0,106410.0
117.4,75,100,90,0.0,53.997,75.863,0.0001,100,1.0,0,0.0010313,12.238,17.871,80511,88435.0,6.5029,297.96,335.14,1.7516,9.2603,,23,,1.8223,0.188,,,1.6732,0,,0,0,2,79,79,0,79.0,106600.0
117.6,75,100,90,0.0,53.356,67.786,0.0001,100,1.0,0,0.0010335,12.238,17.91,80554,88489.0,6.508,297.94,326.65,1.7534,9.2052,,23,,1.8185,0.18803,,,1.6749,0,,0,0,2,79,79,0,79.0,106290.0
117.8,75,100,90,0.0,50.661,20.336,80.589,100,1.0,0,0.0010258,12.238,17.949,80597,88541.0,6.5121,298.13,401.1,1.7552,9.1756,,23,,1.8108,0.18808,,,1.6767,0,,0,0,2,79,79,0,79.0,108310.0
118.0,75,100,90,0.0,46.338,85.096,8.0589,100,1.0,0,0.00098918,12.248,17.988,80638,88593.0,6.512,298.12,395.74,1.757,9.1501,,23,,1.8138,0.18806,,,1.6784,0,,0,0,2,79,79,0,79.0,107660.0
118.2,75,100,90,0.0,42.069,83.882,0.80589,100,1.0,0,0.00097754,12.239,18.026,80679,88644.0,6.509,298.09,384.64,1.7587,9.1259,,23,,1.8204,0.18801,,,1.68,0,,0,0,2,79,79,0,79.0,107180.0
118.4,75,100,90,0.0,38.999,78.57,0.080589,100,1.0,0,0.00098794,12.2,18.065,80720,88695.0,6.5034,298.07,374.55,1.7604,9.1114,,23,,1.8331,0.18791,,,1.6817,0,,0,0,2,79,79,0,79.0,107200.0
118.6,75,100,90,0.0,38.174,73.194,0.0080589,100,1.0,0,0.0010007,12.17,18.105,80760,88745.0,6.497,298.04,365.65,1.7622,9.1246,,23,,1.8404,0.18785,,,1.6833,0,,0,0,2,79,79,0,79.0,107880.0
118.8,75,100,90,0.0,39.893,67.891,0.00080589,100,1.0,0,0.00098037,12.189,18.144,80800,88796.0,6.494,298.02,355.65,1.7639,9.1675,,23,,1.8356,0.18788,,,1.685,0,,0,0,2,79,79,0,79.0,108740.0
119.0,75,100,90,0.0,42.802,60.717,0.0001,100,1.0,0,0.00097209,12.202,18.182,80841,88847.0,6.4935,297.99,345.59,1.7656,9.195,,23,,1.8297,0.18792,,,1.6866,0,,0,0,2,79,79,0,79.0,108420.0
119.2,75,100,90,0.0,45.905,52.536,0.0001,100,1.0,0,0.0009183,12.268,18.219,80883,88898.0,6.4966,297.97,335.7,1.7673,9.2178,,23,,1.8089,0.18808,,,1.6882,0,,0,0,2,79,79,0,79.0,107930.0
119.4,75,100,90,0.0,47.766,43.542,0.0001,100,1.0,0,0.00091779,12.272,18.256,80925,88950.0,6.4995,297.94,327.63,1.7689,9.2037,,23,,1.7975,0.18816,,,1.6898,0,,0,0,2,79,79,0,79.0,108610.0
119.6,75,100,90,0.0,48.501,13.063,54.581,100,1.0,0,0.00094196,12.227,18.294,80967,89003.0,6.5038,298.07,376.77,1.7705,9.1877,,23,,1.817,0.18801,,,1.6914,0,,0,0,2,79,79,0,79.0,108620.0
119.8,75,100,90,0.0,47.498,54.996,5.4581,100,1.0,0,0.00095172,12.187,18.332,81009,89055.0,6.5055,298.06,370.97,1.7722,9.1838,,23,,1.8397,0.18783,,,1.693,0,,0,0,2,79,79,0,79.0,108970.0
120.0,75,100,90,0.0,45.825,51.534,0.54581,100,1.0,0,0.00091209,12.231,18.369,81051,89106.0,6.5061,298.03,359.99,1.7738,9.2061,1199.9,23,1678.1,1.8298,0.18791,18.219,23.747,1.6945,0,53.632,0,0,2,79,79,0,79.0,109310.0
120.2,75,100,90,0.0,43.896,43.97,0.054581,100,1.0,0,0.00089159,12.232,18.405,81092,89158.0,6.5056,298.0,350.75,1.7754,9.1949,,23,,1.8319,0.18789,,,1.696,0,,0,0,2,79,79,0,79.0,108480.0
120.4,75,100,90,0.0,42.195,36.988,0.0054581,100,1.0,0,0.00087019,12.27,18.441,81133,89208.0,6.5043,297.98,341.84,1.7769,9.1706,,23,,1.8105,0.18805,,,1.6975,0,,0,0,2,79,79,0,79.0,109650.0
120.6,75,100,90,0.0,40.977,29.381,0.00054581,100,1.0,0,0.00089128,12.229,18.477,81173,89259.0,6.5011,297.97,335.9,1.7785,9.1199,,23,,1.8179,0.18799,,,1.699,0,,0,0,2,79,79,0,79.0,110660.0
120.8,75,100,90,0.0,41.061,23.55,0.0001,100,1.0,0,0.00086379,12.266,18.513,81214,89309.0,6.4985,297.95,330.39,1.78,9.0872,,23,,1.8029,0.1881,,,1.7005,0,,0,0,2,79,79,0,79.0,109830.0
121.0,75,100,90,0.0,42.166,17.475,0.0001,100,1.0,0,0.00089832,12.209,18.549,81255,89360.0,6.4957,297.94,327.87,1.7816,9.0325,,23,,1.8189,0.18797,,,1.702,0,,0,0,2,79,79,0,79.0,109830.0
121.2,75,100,90,0.0,44.401,5.2425,26.866,100,1.0,0,0.00087249,12.244,18.584,81296,89411.0,6.4957,298.0,350.81,1.7831,9.0078,,23,,1.8164,0.18799,,,1.7034,0,,0,0,2,79,79,0,79.0,110000.0
121.4,75,100,90,0.0,46.634,23.618,2.6866,100,1.0,0,0.0008747,12.237,18.619,81338,89463.0,6.4975,297.99,347.12,1.7846,8.9603,,23,,1.8228,0.18794,,,1.7049,0,,0,0,2,79,79,0,79.0,111170.0
121.6,75,100,90,0.0,48.135,20.049,0.26866,100,1.0,0,0.0008754,12.24,18.655,81380,89515.0,6.5,297.98,341.83,1.7861,8.9176,,23,,1.8181,0.18797,,,1.7063,0,,0,0,2,79,79,0,79.0,110510.0
121.8,75,100,90,0.0,48.64,15.217,0.026866,100,1.0,0,0.000878,12.226,18.69,81422,89567.0,6.5023,297.97,337.91,1.7876,8.8744,,23,,1.8191,0.18796,,,1.7078,0,,0,0,2,79,79,0,79.0,111180.0
122.0,75,100,90,0.0,48.25,11.129,0.0026866,100,1.0,0,0.00088711,12.218,18.726,81464,89619.0,6.5034,297.96,335.23,1.7891,8.8517,,23,,1.8108,0.18802,,,1.7092,0,,0,0,2,79,79,0,79.0,111350.0
122.2,75,100,90,0.0,47.425,7.7297,0.00026866,100,1.0,0,0.00090681,12.185,18.763,81506,89671.0,6.503,297.96,334.14,1.7906,8.8573,,23,,1.8176,0.18797,,,1.7107,0,,0,0,2,79,79,0,79.0,111520.0
122.4,75,100,90,0.0,46.759,5.4655,0.0001,100,1.0,0,0.00090756,12.169,18.8,81548,89723.0,6.4999,297.96,333.88,1.7922,8.8887,,23,,1.8207,0.18794,,,1.7122,0,,0,0,2,79,79,0,79.0,111030.0
122.6,75,100,90,0.0,47.327,3.8073,0.0001,100,1.0,0,0.00090081,12.18,18.837,81590,89774.0,6.4972,297.96,333.64,1.7937,8.9404,,23,,1.8117,0.188,,,1.7137,0,,0,0,2,79,79,0,79.0,111870.0
122.8,75,100,90,0.0,48.964,2.1154,0.0001,100,1.0,0,0.00090995,12.17,18.873,81632,89827.0,6.4973,297.96,333.88,1.7953,8.9934,,23,,1.8113,0.188,,,1.7151,0,,0,0,2,79,79,0,79.0,111710.0
123.0,75,100,90,0.0,50.554,0.82901,0.0001,100,1.0,0,0.00092297,12.16,18.91,81674,89879.0,6.4977,297.96,334.75,1.7969,9.0597,,23,,1.8036,0.18806,,,1.7167,0,,0,0,2,79,79,0,79.0,112060.0
123.2,75,100,90,0.0,51.983,0.11389,0.0001,100,1.0,0,0.00095027,12.112,18.947,81717,89933.0,6.4983,297.97,336.64,1.7985,9.1386,,23,,1.8236,0.1879,,,1.7182,0,,0,0,2,79,79,0,79.0,112400.0
123.4,75,100,90,0.0,53.184,0.37458,0.0001,100,1.0,0,0.00094785,12.106,18.984,81760,89986.0,6.5024,297.97,338.19,1.8001,9.2434,,23,,1.832,0.18784,,,1.7198,0,,0,0,2,79,79,0,79.0,113240.0
123.6,75,100,90,0.0,52.727,0.48883,0.0001,100,1.0,0,0.00091006,12.149,19.02,81803,90039.0,6.5081,297.97,338.27,1.8017,9.3463,,23,,1.8187,0.18794,,,1.7213,0,,0,0,2,79,79,0,79.0,112920.0
123.8,75,100,90,0.0,50.012,0.0001,0.0001,100,1.0,0,0.00091935,12.145,19.057,81846,90092.0,6.5114,297.97,338.68,1.8032,9.4161,,23,,1.8072,0.18802,,,1.7228,0,,0,0,2,79,79,0,79.0,113260.0
124.0,75,100,90,0.0,45.964,0.0001,0.0001,100,1.0,0,0.00090394,12.152,19.093,81887,90144.0,6.5126,297.97,338.91,1.8048,9.4834,,23,,1.7956,0.18811,,,1.7242,0,,0,0,2,79,79,0,79.0,113760.0
124.2,75,100,90,0.0,41.46,0.0001,0.0001,100,1.0,0,0.00092236,12.113,19.129,81928,90194.0,6.5088,297.98,340.1,1.8063,9.5329,,23,,1.8023,0.18805,,,1.7257,0,,0,0,2,79,79,0,79.0,113100.0
124.4,75,100,90,0.0,38.486,0.044587,0.0001,100,1.0,0,0.00089923,12.136,19.166,81968,90245.0,6.5039,297.98,340.73,1.8078,9.5921,,23,,1.7865,0.18817,,,1.7272,0,,0,0,2,79,79,0,79.0,113440.0
124.6,75,100,90,0.0,37.433,0.0001,0.0001,100,1.0,0,0.0008971,12.125,19.202,82008,90295.0,6.4969,297.98,341.33,1.8093,9.6345,,23,,1.7901,0.18814,,,1.7286,0,,0,0,2,79,79,0,79.0,113450.0
124.8,75,100,90,0.0,39.208,0.0001,0.0001,100,1.0,0,0.00087595,12.151,19.238,82048,90345.0,6.4928,297.98,340.95,1.8108,9.664,,23,,1.7818,0.1882,,,1.73,0,,0,0,2,79,79,0,79.0,113460.0
125.0,75,100,90,0.0,42.585,0.0001,0.0001,100,1.0,0,0.00088544,12.129,19.275,82089,90396.0,6.4933,297.98,340.63,1.8123,9.6708,,23,,1.7942,0.1881,,,1.7315,0,,0,0,2,79,79,0,79.0,113130.0
125.2,75,100,90,0.0,45.788,0.0001,0.0001,100,1.0,0,0.00088739,12.127,19.311,82131,90448.0,6.4958,297.98,340.07,1.8137,9.6719,,23,,1.7979,0.18807,,,1.7329,0,,0,0,2,79,79,0,79.0,113970.0
125.4,75,100,90,0.0,48.001,0.0001,0.0001,100,1.0,0,0.00089299,12.127,19.347,82173,90500.0,6.4996,297.97,339.35,1.8152,9.6613,,23,,1.7942,0.1881,,,1.7343,0,,0,0,2,79,79,0,79.0,114470.0
125.6,75,100,90,0.0,48.694,0.0001,0.0001,100,1.0,0,0.0008687,12.174,19.382,82215,90553.0,6.5044,297.97,337.39,1.8167,9.6451,,23,,1.7708,0.18827,,,1.7357,0,,0,0,2,79,79,0,79.0,114140.0
125.8,75,100,90,0.0,47.447,0.0001,0.0001,100,1.0,0,0.0008745,12.159,19.418,82257,90605.0,6.5075,297.97,335.77,1.8181,9.5817,,23,,1.7687,0.18828,,,1.7371,0,,0,0,2,79,79,0,79.0,113640.0
126.0,75,100,90,0.0,44.96,0.0001,0.0001,100,1.0,0,0.00086827,12.149,19.453,82299,90656.0,6.508,297.96,334.06,1.8195,9.5068,,23,,1.7744,0.18824,,,1.7384,0,,0,0,2,79,79,0,79.0,113480.0
126.2,75,100,90,0.0,42.3,0.0001,0.0001,100,1.0,0,0.0008167,12.202,19.487,82339,90707.0,6.5062,297.95,330.72,1.8209,9.4315,,23,,1.7569,0.18837,,,1.7397,0,,0,0,2,79,79,0,79.0,115310.0
126.4,75,100,90,0.0,40.348,0.0001,0.0001,100,1.0,0,0.00081953,12.184,19.521,82380,90757.0,6.5017,297.94,327.66,1.8222,9.3162,,23,,1.759,0.18835,,,1.741,0,,0,0,2,79,79,0,79.0,115300.0
126.6,75,100,90,0.0,40.203,0.0001,11.244,100,1.0,0,0.00082043,12.176,19.555,82420,90808.0,6.4978,297.96,334.63,1.8236,9.2106,,23,,1.7649,0.1883,,,1.7423,0,,0,0,2,79,79,0,79.0,115800.0
126.8,75,100,90,0.0,41.6,4.0916,1.1244,100,1.0,0,0.00081985,12.182,19.589,82461,90858.0,6.4953,297.95,331.09,1.8249,9.1146,,23,,1.7614,0.18833,,,1.7436,0,,0,0,2,79,79,0,79.0,114790.0
127.0,75,100,90,0.0,44.014,0.0001,0.11244,100,1.0,0,0.00082341,12.175,19.623,82502,90909.0,6.4938,297.94,327.34,1.8262,9.0108,,23,,1.768,0.18827,,,1.7449,0,,0,0,2,79,79,0,79.0,115790.0
127.2,75,100,90,0.0,47.006,0.0001,11.817,100,1.0,0,0.00083524,12.177,19.657,82544,90961.0,6.4959,297.96,334.42,1.8276,8.93,,23,,1.7554,0.18837,,,1.7461,0,,0,0,2,79,79,0,79.0,115280.0
127.4,75,100,90,0.0,49.155,4.1626,1.1817,100,1.0,0,0.00081783,12.209,19.69,82586,91013.0,6.5012,297.95,330.04,1.8289,8.869,,23,,1.7368,0.1885,,,1.7474,0,,0,0,2,79,79,0,79.0,116100.0
127.6,75,100,90,0.0,49.201,0.0001,0.11817,100,1.0,0,0.00083463,12.169,19.723,82628,91065.0,6.5054,297.94,326.31,1.8302,8.8074,,23,,1.7503,0.1884,,,1.7487,0,,0,0,2,79,79,0,79.0,116760.0
127.8,75,100,90,0.0,47.561,0.0001,11.772,100,1.0,0,0.00080899,12.202,19.756,82670,91117.0,6.5086,297.96,332.26,1.8315,8.775,,23,,1.7373,0.1885,,,1.75,0,,0,0,2,79,79,0,79.0,115250.0
128.0,75,100,90,0.0,44.643,3.0663,1.1772,100,1.0,0,0.00083576,12.153,19.79,82711,91168.0,6.5076,297.95,328.89,1.8328,8.746,,23,,1.7498,0.1884,,,1.7512,0,,0,0,2,79,79,0,79.0,115750.0
128.2,75,100,90,0.0,42.129,0.91988,19.79,100,1.0,0,0.00081679,12.172,19.824,82752,91219.0,6.5041,297.98,342.36,1.8342,8.7598,,23,,1.7416,0.18846,,,1.7525,0,,0,0,2,79,79,0,79.0,115910.0
128.4,75,100,90,0.0,41.016,10.782,1.979,100,1.0,0,0.00082313,12.161,19.857,82792,91269.0,6.4996,297.97,337.57,1.8354,8.7742,,23,,1.7388,0.18848,,,1.7537,0,,0,0,2,79,79,0,79.0,115570.0
128.6,75,100,90,0.0,41.684,5.6744,0.1979,100,1.0,0,0.0008521,12.1,19.891,82833,91320.0,6.4958,297.96,333.4,1.8368,8.8062,,23,,1.7678,0.18825,,,1.755,0,,0,0,2,79,79,0,79.0,117400.0
128.8,75,100,90,0.0,43.882,1.0052,0.01979,100,1.0,0,0.00083738,12.134,19.925,82874,91371.0,6.495,297.95,329.28,1.8381,8.8712,,23,,1.7565,0.18834,,,1.7563,0,,0,0,2,79,79,0,79.0,116060.0
129.0,75,100,90,0.0,46.39,0.30157,11.702,100,1.0,0,0.00082775,12.152,19.958,82915,91422.0,6.4972,297.96,335.19,1.8394,8.9298,,23,,1.7488,0.18839,,,1.7575,0,,0,0,2,79,79,0,79.0,117050.0
129.2,75,100,90,0.0,48.005,3.6149,1.1702,100,1.0,0,0.00081895,12.17,19.991,82957,91474.0,6.5011,297.95,330.27,1.8407,8.9763,,23,,1.7368,0.18848,,,1.7587,0,,0,0,2,79,79,0,79.0,116870.0
129.4,75,100,90,0.0,48.066,0.0001,0.11702,100,1.0,0,0.00084643,12.135,20.025,82999,91526.0,6.5028,297.94,326.24,1.842,9.0148,,23,,1.7356,0.18849,,,1.76,0,,0,0,2,79,79,0,79.0,117200.0
129.6,75,100,90,0.0,47.476,0.0001,11.682,100,1.0,0,0.00082073,12.166,20.058,83041,91578.0,6.5057,297.96,331.88,1.8433,9.0773,,23,,1.7211,0.1886,,,1.7612,0,,0,0,2,79,79,0,79.0,118360.0
129.8,75,100,90,0.0,45.72,2.7765,1.1682,100,1.0,0,0.00082704,12.156,20.092,83082,91629.0,6.5064,297.94,327.62,1.8445,9.1209,,23,,1.7173,0.18862,,,1.7625,0,,0,0,2,79,79,0,79.0,117520.0
130.0,75,100,90,0.0,43.707,0.83295,20.578,100,1.0,0,0.00083488,12.128,20.126,83123,91681.0,6.5029,297.98,341.99,1.8458,9.1642,,23,,1.723,0.18858,,,1.7637,0,,0,0,2,79,79,0,79.0,117840.0
130.2,75,100,90,0.0,43.088,11.312,2.0578,100,1.0,-4000,0.00086336,12.087,20.16,82465,90932.0,6.5266,297.97,338.3,1.837,9.2189,,23,,1.7214,0.18861,,,1.7552,0,,0,0,2,79,79,0,79.0,118510.0
130.4,75,100,90,0.0,32.888,7.1133,0.20578,100,1.0,-4000,0.00089993,12.016,20.195,81805,90181.0,6.5387,297.96,335.4,1.8234,9.2796,,23,,1.7193,0.18865,,,1.7422,0,,0,0,2,79,79,0,79.0,117680.0
130.6,75,100,90,0.0,17.976,3.5752,0.020578,100,1.0,-4000,0.00092258,11.945,20.232,81142,89427.0,6.5305,297.96,334.82,1.8095,9.3499,,23,,1.7143,0.18871,,,1.7288,0,,0,0,2,79,79,0,79.0,118180.0
130.8,75,100,90,0.0,6.3465,1.775,0.0020578,100,1.0,-4000,0.00095395,11.85,20.269,80477,88671.0,6.5075,297.97,336.63,1.7956,9.4323,,23,,1.7269,0.18864,,,1.7155,0,,0,0,2,79,79,0,79.0,117360.0
131.0,75,100,90,0.0,3.91,2.0101,0.00020578,100,1.0,-4000,0.0009409,11.874,20.306,79812,87915.0,6.4837,297.97,337.67,1.7817,9.5091,,23,,1.6922,0.18893,,,1.7021,0,,0,0,2,79,79,0,79.0,119040.0
131.2,75,100,90,0.0,10.969,1.6845,0.0001,100,1.0,-4000,0.00097204,11.869,20.343,79148,87160.0,6.4684,297.97,338.74,1.7678,9.5378,,23,,1.6622,0.18919,,,1.6887,0,,0,0,2,79,79,0,79.0,118210.0
131.4,75,100,90,0.0,24.103,1.5196,0.0001,100,1.0,-4000,0.00097308,11.926,20.379,78486,86407.0,6.4679,297.97,338.36,1.7539,9.5531,,23,,1.6124,0.18959,,,1.6754,0,,0,0,2,79,79,0,79.0,118890.0
131.6,75,100,90,0.0,37.434,0.13528,0.0001,100,1.0,-4000,0.0010179,11.926,20.416,77828,85658.0,6.4814,297.97,338.12,1.74,9.5139,,23,,1.5821,0.18985,,,1.662,0,,0,0,2,79,79,0,79.0,119560.0
131.8,75,100,90,0.0,45.349,0.0001,0.0001,100,1.0,-4000,0.0010231,11.943,20.452,77171,84910.0,6.5053,297.97,337.2,1.7261,9.4483,,23,,1.5538,0.19009,,,1.6487,0,,0,0,2,79,79,0,79.0,119400.0
132.0,75,100,90,0.0,43.703,0.0001,0.0001,100,1.0,-4000,0.0010452,11.889,20.489,76514,84162.0,6.5264,297.97,336.8,1.7122,9.3482,1198.9,23,1689.2,1.5637,0.19004,20.343,24.36,1.6354,0,62.012,0,0,2,79,79,0,79.0,119080.0
132.2,75,100,90,0.0,33.678,0.0001,0.0001,100,1.0,0,0.0010458,11.848,20.527,76553,84212.0,6.5076,297.97,337.58,1.7088,9.2431,,23,,1.5672,0.19002,,,1.6321,0,,0,0,2,79,79,0,79.0,119760.0
132.4,75,100,90,0.0,31.284,0.0001,0.0001,100,1.0,0,0.0010577,11.81,20.565,76592,84261.0,6.4882,297.97,339.02,1.71,9.1522,,23,,1.5808,0.18991,,,1.6332,0,,0,0,2,79,79,0,79.0,119440.0
132.6,75,100,90,0.0,36.524,0.21284,0.0001,100,1.0,0,0.0010525,11.834,20.603,76633,84311.0,6.476,297.98,339.86,1.7115,9.0834,,23,,1.5664,0.19002,,,1.6346,0,,0,0,2,79,79,0,79.0,120290.0
132.8,75,100,90,0.0,46.628,0.0001,0.0001,100,1.0,0,0.0010907,11.81,20.641,76675,84364.0,6.4723,297.98,341.02,1.713,9.0181,,23,,1.574,0.18996,,,1.6361,0,,0,0,2,79,79,0,79.0,120310.0
133.0,75,100,90,0.0,58.197,0.18137,0.0001,100,1.0,0,0.0010996,11.828,20.68,76719,84419.0,6.4781,297.98,341.38,1.7145,8.9854,,23,,1.5721,0.18997,,,1.6375,0,,0,0,2,79,79,0,79.0,120490.0
133.2,75,100,90,0.0,67.429,0.0001,0.0001,100,1.0,0,0.0011027,11.846,20.718,76766,84476.0,6.4899,297.98,341.09,1.716,8.96,,23,,1.5661,0.19001,,,1.639,0,,0,0,2,79,79,0,79.0,121000.0
133.4,75,100,90,0.0,71.977,0.0001,0.0001,100,1.0,0,0.0011215,11.831,20.756,76813,84534.0,6.5009,297.98,340.64,1.7176,8.9495,,23,,1.5793,0.18991,,,1.6405,0,,0,0,2,79,79,0,79.0,121020.0
133.6,75,100,90,0.0,72.136,0.0001,0.0001,100,1.0,0,0.0011111,11.845,20.794,76860,84591.0,6.5102,297.98,339.62,1.7191,8.9563,,23,,1.5768,0.18993,,,1.642,0,,0,0,2,79,79,0,79.0,120870.0
133.8,75,100,90,0.0,68.58,0.0001,0.0001,100,1.0,0,0.0010789,11.887,20.832,76907,84648.0,6.5179,297.97,337.74,1.7206,8.973,,23,,1.551,0.19012,,,1.6434,0,,0,0,2,79,79,0,79.0,121050.0
134.0,75,100,90,0.0,61.935,0.0001,0.0001,100,1.0,0,0.0010518,11.891,20.869,76952,84704.0,6.5217,297.96,335.38,1.722,8.984,,23,,1.5536,0.1901,,,1.6448,0,,0,0,2,79,79,0,79.0,120560.0
134.2,75,100,90,0.0,53.796,0.0001,0.0001,100,1.0,0,0.0010633,11.833,20.907,76995,84758.0,6.5191,297.96,334.12,1.7234,8.9838,,23,,1.5752,0.18993,,,1.6461,0,,0,0,2,79,79,0,79.0,121740.0
134.4,75,100,90,0.0,46.697,0.0001,0.0001,100,1.0,0,0.0010961,11.753,20.946,77037,84810.0,6.5096,297.96,334.55,1.7249,9.0212,,23,,1.6059,0.18969,,,1.6475,0,,0,0,2,79,79,0,79.0,120930.0
134.6,75,100,90,0.0,43.416,0.0001,0.0001,100,1.0,0,0.0011109,11.715,20.986,77079,84862.0,6.4977,297.97,335.79,1.7263,9.0963,,23,,1.6185,0.1896,,,1.6489,0,,0,0,2,79,79,0,79.0,121290.0
134.8,75,100,90,0.0,44.852,0.0001,0.0001,100,1.0,0,0.001103,11.731,21.026,77121,84915.0,6.4875,297.97,336.56,1.7278,9.1877,,23,,1.6096,0.18966,,,1.6503,0,,0,0,2,79,79,0,79.0,122310.0
135.0,75,100,90,0.0,50.376,0.0001,0.0001,100,1.0,0,0.0011044,11.734,21.065,77164,84968.0,6.4817,297.97,336.81,1.7293,9.2651,,23,,1.6147,0.18962,,,1.6517,0,,0,0,2,79,79,0,79.0,121500.0
135.2,75,100,90,0.0,58.188,0.0001,0.0001,100,1.0,0,0.0011175,11.736,21.104,77208,85023.0,6.4794,297.97,336.74,1.7308,9.3359,,23,,1.6157,0.18961,,,1.6532,0,,0,0,2,79,79,0,79.0,122850.0
135.4,75,100,90,0.0,66.939,0.0001,0.0001,100,1.0,0,0.0011406,11.721,21.144,77254,85080.0,6.484,297.97,336.74,1.7323,9.3945,,23,,1.6228,0.18955,,,1.6546,0,,0,0,2,79,79,0,79.0,122710.0
135.6,75,100,90,0.0,73.838,0.0001,0.0001,100,1.0,0,0.0011748,11.702,21.183,77302,85139.0,6.4916,297.97,336.9,1.7338,9.4483,,23,,1.6318,0.18948,,,1.6561,0,,0,0,2,79,79,0,79.0,122560.0
135.8,75,100,90,0.0,77.724,0.0001,0.0001,100,1.0,0,0.0011562,11.719,21.223,77350,85198.0,6.5008,297.97,336.24,1.7354,9.5071,,23,,1.6341,0.18946,,,1.6576,0,,0,0,2,79,79,0,79.0,123080.0
136.0,75,100,90,0.0,77.902,0.0001,0.0001,100,1.0,0,0.0011833,11.668,21.263,77399,85258.0,6.5084,297.97,336.4,1.7369,9.5509,,23,,1.6571,0.18928,,,1.6591,0,,0,0,2,79,79,0,79.0,123610.0
136.2,75,100,90,0.0,75.064,0.0001,0.0001,100,1.0,0,0.0011347,11.713,21.301,77447,85316.0,6.515,297.96,335.28,1.7385,9.5992,,23,,1.6444,0.18938,,,1.6606,0,,0,0,2,79,79,0,79.0,123630.0
136.4,75,100,90,0.0,69.585,0.0001,0.0001,100,1.0,0,0.0011495,11.664,21.341,77494,85374.0,6.516,297.96,334.93,1.74,9.6011,,23,,1.6655,0.18921,,,1.662,0,,0,0,2,79,79,0,79.0,123150.0
136.6,75,100,90,0.0,63.704,0.0001,0.0001,100,1.0,0,0.0011445,11.648,21.38,77539,85430.0,6.513,297.96,335.11,1.7415,9.6004,,23,,1.6621,0.18924,,,1.6635,0,,0,0,2,79,79,0,79.0,124170.0
136.8,75,100,90,0.0,59.044,0.0001,0.0001,100,1.0,0,0.0011388,11.627,21.42,77584,85486.0,6.5061,297.96,335.49,1.743,9.6065,,23,,1.6709,0.18917,,,1.6649,0,,0,0,2,79,79,0,79.0,123690.0
137.0,75,100,90,0.0,57.129,0.0001,0.0001,100,1.0,0,0.0011162,11.639,21.459,77628,85541.0,6.4988,297.96,335.41,1.7445,9.595,,23,,1.6675,0.18919,,,1.6663,0,,0,0,2,79,79,0,79.0,124380.0
137.2,75,100,90,0.0,58.118,0.0001,0.0001,100,1.0,0,0.0010975,11.666,21.498,77673,85596.0,6.4909,297.96,334.6,1.7459,9.5589,,23,,1.6532,0.1893,,,1.6677,0,,0,0,2,79,79,0,79.0,124400.0
137.4,75,100,90,0.0,62.279,0.0001,0.0001,100,1.0,0,0.0010749,11.7,21.536,77718,85652.0,6.4863,297.96,332.7,1.7474,9.5014,,23,,1.6427,0.18937,,,1.6691,0,,0,0,2,79,79,0,79.0,124250.0
137.6,75,100,90,0.0,68.268,0.0001,0.0001,100,1.0,0,0.0010504,11.743,21.573,77765,85709.0,6.4875,297.95,329.1,1.7487,9.4258,,23,,1.6422,0.18937,,,1.6704,0,,0,0,2,79,79,0,79.0,123930.0
137.8,75,100,90,0.0,73.75,0.0001,12.203,100,1.0,0,0.0010763,11.73,21.611,77812,85767.0,6.4906,297.97,336.78,1.7501,9.3168,,23,,1.6411,0.18938,,,1.6718,0,,0,0,2,79,79,0,79.0,125440.0
138.0,75,100,90,0.0,78.01,5.2014,1.2203,100,1.0,0,0.0010787,11.741,21.648,77860,85827.0,6.4953,297.96,332.94,1.7515,9.2276,,23,,1.6379,0.1894,,,1.6731,0,,0,0,2,79,79,0,79.0,124950.0
138.2,75,100,90,0.0,80.424,0.28031,0.12203,100,1.0,0,0.0011065,11.713,21.686,77909,85886.0,6.4993,297.95,329.81,1.7529,9.1515,,23,,1.6403,0.18938,,,1.6745,0,,0,0,2,79,79,0,79.0,124460.0
138.4,75,100,90,0.0,81.244,0.084094,10.413,100,1.0,0,0.0011209,11.691,21.724,77958,85946.0,6.5034,297.97,336.37,1.7544,9.1078,,23,,1.6498,0.18931,,,1.6758,0,,0,0,2,79,79,0,79.0,125310.0
138.6,75,100,90,0.0,80.41,4.295,1.0413,100,1.0,0,0.0011078,11.699,21.762,78007,86006.0,6.5079,297.96,333.04,1.7558,9.0897,,23,,1.6535,0.18927,,,1.6772,0,,0,0,2,79,79,0,79.0,125830.0
138.8,75,100,90,0.0,77.749,0.0001,0.10413,100,1.0,0,0.0011143,11.676,21.8,78055,86065.0,6.5117,297.95,330.11,1.7572,9.0798,,23,,1.6585,0.18923,,,1.6786,0,,0,0,2,79,79,0,79.0,125840.0
139.0,75,100,90,0.0,73.58,0.0001,10.156,100,1.0,0,0.0011129,11.643,21.838,78103,86123.0,6.5103,297.97,336.74,1.7586,9.091,,23,,1.6756,0.1891,,,1.6799,0,,0,0,2,79,79,0,79.0,126690.0
139.2,75,100,90,0.0,69.994,4.2884,1.0156,100,1.0,0,0.0010983,11.63,21.876,78150,86181.0,6.5087,297.96,334.01,1.76,9.1222,,23,,1.6898,0.18899,,,1.6813,0,,0,0,2,79,79,0,79.0,125210.0
139.4,75,100,90,0.0,67.038,0.42473,0.10156,100,1.0,0,0.0010795,11.617,21.914,78196,86238.0,6.5061,297.95,331.11,1.7614,9.1538,,23,,1.7048,0.18888,,,1.6826,0,,0,0,2,79,79,0,79.0,125220.0
139.6,75,100,90,0.0,65.103,0.0001,0.010156,100,1.0,0,0.001097,11.597,21.952,78241,86295.0,6.5018,297.95,328.84,1.7628,9.1856,,23,,1.7035,0.18888,,,1.684,0,,0,0,2,79,79,0,79.0,126400.0
139.8,75,100,90,0.0,64.91,0.0001,10.59,100,1.0,0,0.0011055,11.587,21.99,78287,86351.0,6.4993,297.97,336.22,1.7642,9.2296,,23,,1.7046,0.18887,,,1.6853,0,,0,0,2,79,79,0,79.0,125750.0
140.0,75,100,90,0.0,65.72,4.8315,1.059,100,1.0,0,0.0010802,11.604,22.028,78333,86408.0,6.498,297.96,333.27,1.7656,9.2801,,23,,1.7052,0.18887,,,1.6866,0,,0,0,2,79,79,0,79.0,126600.0
140.2,75,100,90,0.0,67.027,0.70184,0.1059,100,1.0,0,0.0010367,11.649,22.064,78379,86465.0,6.5011,297.95,328.49,1.7669,9.3068,,23,,1.7046,0.18887,,,1.6879,0,,0,0,2,79,79,0,79.0,126930.0
140.4,75,100,90,0.0,67.087,0.21055,13.439,100,1.0,0,0.0010163,11.673,22.099,78425,86522.0,6.5018,297.96,335.08,1.7682,9.2865,,23,,1.6985,0.18891,,,1.6891,0,,0,0,2,79,79,0,79.0,127940.0
140.6,75,100,90,0.0,66.905,4.3107,1.3439,100,1.0,0,0.0010243,11.65,22.134,78472,86579.0,6.502,297.95,329.98,1.7695,9.2365,,23,,1.7133,0.1888,,,1.6904,0,,0,0,2,79,79,0,79.0,127100.0
140.8,75,100,90,0.0,66.607,1.2932,22.847,100,1.0,0,0.0010545,11.59,22.171,78518,86636.0,6.5011,297.99,345.98,1.7708,9.1803,,23,,1.7412,0.18858,,,1.6916,0,,0,0,2,79,79,0,79.0,127780.0
141.0,75,100,90,0.0,66.681,14.173,2.2847,100,1.0,0,0.001048,11.587,22.207,78564,86692.0,6.5005,297.98,340.59,1.7721,9.1614,,23,,1.7461,0.18854,,,1.6928,0,,0,0,2,79,79,0,79.0,126790.0
141.2,75,100,90,0.0,67.019,8.6119,0.22847,100,1.0,0,0.00102,11.617,22.243,78610,86749.0,6.4996,297.96,333.41,1.7734,9.143,,23,,1.7371,0.18861,,,1.6941,0,,0,0,2,79,79,0,79.0,127950.0
141.4,75,100,90,0.0,67.692,1.3106,0.022847,100,1.0,0,0.0010023,11.623,22.277,78656,86806.0,6.4986,297.94,327.09,1.7746,9.1011,,23,,1.743,0.18856,,,1.6953,0,,0,0,2,79,79,0,79.0,127290.0
141.6,75,100,90,0.0,68.76,0.39318,13.19,100,1.0,0,0.0010077,11.61,22.313,78702,86863.0,6.4966,297.96,332.85,1.7759,9.0469,,23,,1.7529,0.18848,,,1.6965,0,,0,0,2,79,79,0,79.0,129120.0
141.8,75,100,90,0.0,70.649,3.6128,1.319,100,1.0,0,0.00097695,11.648,22.347,78749,86921.0,6.4976,297.94,325.87,1.7771,9.0019,,23,,1.7494,0.18851,,,1.6976,0,,0,0,2,79,79,0,79.0,128950.0
142.0,75,100,90,0.0,72.116,1.0838,25.239,100,1.0,0,0.00094805,11.683,22.38,78796,86979.0,6.5002,297.98,339.79,1.7782,8.9311,,23,,1.7447,0.18854,,,1.6988,0,,0,0,2,79,79,0,79.0,128610.0
142.2,75,100,90,0.0,72.54,11.634,2.5239,100,1.0,0,0.00092809,11.713,22.413,78843,87036.0,6.5019,297.95,330.13,1.7793,8.8439,,23,,1.7311,0.18864,,,1.6998,0,,0,0,2,79,79,0,79.0,128100.0
142.4,75,100,90,0.0,72.304,1.6286,0.25239,100,1.0,0,0.00089859,11.755,22.445,78890,87094.0,6.5022,297.92,319.46,1.7804,8.7477,,23,,1.7112,0.18879,,,1.7009,0,,0,0,2,79,79,0,79.0,128580.0
142.6,75,100,90,0.0,71.93,0.48857,19.353,100,1.0,0,0.00087753,11.764,22.476,78937,87151.0,6.5023,297.94,325.74,1.7815,8.6378,,23,,1.7151,0.18876,,,1.7019,0,,0,0,2,79,79,0,79.0,127900.0
142.8,75,100,90,0.0,71.515,0.14657,0.77887,100,1.0,0,0.00083642,11.82,22.507,78984,87208.0,6.5024,297.91,313.97,1.7825,8.5192,,23,,1.6903,0.18895,,,1.7028,0,,0,0,2,79,79,0,79.0,128540.0
143.0,75,100,90,0.0,71.066,0.043972,32.163,100,1.0,0,0.00085883,11.802,22.537,79031,87265.0,6.5008,297.95,331.22,1.7834,8.3738,,23,,1.6841,0.18899,,,1.7038,0,,0,0,2,79,79,0,79.0,129360.0
143.2,75,100,90,0.0,71.259,12.508,3.2163,100,1.0,0,0.00087056,11.774,22.568,79078,87322.0,6.4984,297.92,319.56,1.7845,8.2529,,23,,1.6983,0.18888,,,1.7047,0,,0,0,2,79,79,0,79.0,128340.0
143.4,75,100,90,0.0,72.415,3.7525,48.699,100,1.0,0,0.00090613,11.753,22.6,79125,87380.0,6.497,298.01,351.87,1.7855,8.1648,,23,,1.6944,0.18891,,,1.7057,0,,0,0,2,79,79,0,79.0,128650.0
143.6,75,100,90,0.0,74.144,30.443,4.8699,100,1.0,0,0.00090864,11.756,22.632,79172,87438.0,6.4985,297.97,337.97,1.7865,8.1192,,23,,1.6879,0.18896,,,1.7067,0,,0,0,2,79,79,0,79.0,129970.0
143.8,75,100,90,0.0,75.256,17.44,0.48699,100,1.0,0,0.00088827,11.783,22.663,79219,87496.0,6.5013,297.93,322.33,1.7876,8.1096,,23,,1.6817,0.189,,,1.7077,0,,0,0,2,79,79,0,79.0,129450.0
144.0,75,100,90,0.0,75.245,5.2321,34.74,100,1.0,0,0.00086676,11.817,22.693,79267,87553.0,6.5022,297.98,339.81,1.7885,8.1072,1202.6,23,1694.0,1.6674,0.18911,22.568,24.885,1.7087,0,69.945,0,0,2,79,79,0,79.0,130260.0
144.2,75,100,90,0.0,74.889,18.755,3.474,100,1.0,0,0.00089108,11.788,22.724,79314,87611.0,6.5028,297.94,326.89,1.7895,8.1029,,23,,1.6647,0.18913,,,1.7096,0,,0,0,2,79,79,0,79.0,130250.0
144.4,75,100,90,0.0,74.301,5.6265,52.148,100,1.0,0,0.0008869,11.782,22.755,79361,87669.0,6.5007,298.03,360.7,1.7905,8.1345,,23,,1.6747,0.18905,,,1.7106,0,,0,0,2,79,79,0,79.0,130390.0
144.6,75,100,90,0.0,74.567,34.34,5.2148,100,1.0,0,0.00086113,11.808,22.785,79409,87727.0,6.5011,297.99,345.5,1.7915,8.1798,,23,,1.6749,0.18904,,,1.7115,0,,0,0,2,79,79,0,79.0,130540.0
144.8,75,100,90,0.0,74.648,21.038,0.52148,100,1.0,0,0.00086792,11.796,22.816,79456,87785.0,6.5005,297.95,329.03,1.7925,8.2115,,23,,1.6803,0.189,,,1.7124,0,,0,0,2,79,79,0,79.0,130510.0
145.0,75,100,90,0.0,74.958,6.3113,34.585,100,1.0,0,0.00085563,11.812,22.846,79504,87843.0,6.5008,297.99,345.7,1.7934,8.2468,,23,,1.6725,0.18906,,,1.7133,0,,0,0,2,79,79,0,79.0,130320.0
145.2,75,100,90,0.0,75.136,19.735,3.4585,100,1.0,0,0.00084882,11.817,22.876,79551,87901.0,6.5018,297.95,331.57,1.7943,8.284,,23,,1.6699,0.18908,,,1.7142,0,,0,0,2,79,79,0,79.0,131130.0
145.4,75,100,90,0.0,74.934,6.2872,0.34585,100,1.0,0,0.00089969,11.752,22.908,79598,87959.0,6.4996,297.92,318.8,1.7953,8.3173,,23,,1.6861,0.18895,,,1.7151,0,,0,0,2,79,79,0,79.0,130290.0
145.6,75,100,90,0.0,75.626,1.8861,22.974,100,1.0,0,0.00092501,11.73,22.941,79646,88017.0,6.496,297.94,327.99,1.7963,8.3931,,23,,1.6847,0.18896,,,1.7161,0,,0,0,2,79,79,0,79.0,130440.0
145.8,75,100,90,0.0,77.753,0.56584,0.0001,100,1.0,0,0.00094089,11.722,22.974,79694,88076.0,6.4947,297.92,316.8,1.7973,8.5042,,23,,1.6838,0.18897,,,1.7171,0,,0,0,2,79,79,0,79.0,131100.0
146.0,75,100,90,0.0,80.391,0.16975,32.324,100,1.0,0,0.00093336,11.733,23.006,79743,88135.0,6.4934,297.96,334.35,1.7983,8.6167,,23,,1.6844,0.18896,,,1.718,0,,0,0,2,79,79,0,79.0,131420.0
146.2,75,100,90,0.0,83.541,13.041,3.2324,100,1.0,0,0.00092797,11.772,23.038,79792,88195.0,6.4953,297.93,322.48,1.7993,8.7181,,23,,1.6569,0.18917,,,1.719,0,,0,0,2,79,79,0,79.0,131740.0
146.4,75,100,90,0.0,85.938,3.9123,47.809,100,1.0,0,0.00093615,11.777,23.07,79842,88256.0,6.4966,298.01,352.49,1.8003,8.7996,,23,,1.6464,0.18924,,,1.72,0,,0,0,2,79,79,0,79.0,132220.0
146.6,75,100,90,0.0,87.813,28.551,4.7809,100,1.0,0,0.00094989,11.751,23.102,79892,88317.0,6.4987,297.97,338.59,1.8013,8.8701,,23,,1.663,0.18912,,,1.7209,0,,0,0,2,79,79,0,79.0,132210.0
146.8,75,100,90,0.0,88.862,15.766,0.47809,100,1.0,0,0.00094202,11.79,23.134,79942,88378.0,6.5027,297.93,323.18,1.8023,8.9326,,23,,1.6365,0.18931,,,1.7219,0,,0,0,2,79,79,0,79.0,132190.0
147.0,75,100,90,0.0,88.28,4.7297,32.352,100,1.0,0,0.00097233,11.75,23.167,79992,88439.0,6.5055,297.98,339.78,1.8034,8.9712,,23,,1.6409,0.18928,,,1.7229,0,,0,0,2,79,79,0,79.0,132850.0
147.2,75,100,90,0.0,86.597,17.397,3.2352,100,1.0,0,0.00096604,11.741,23.2,80042,88500.0,6.5065,297.94,327.44,1.8044,9.0304,,23,,1.6456,0.18924,,,1.7239,0,,0,0,2,79,79,0,79.0,132010.0
147.4,75,100,90,0.0,84.506,5.2191,49.228,100,1.0,0,0.00099694,11.686,23.234,80091,88561.0,6.5051,298.03,360.35,1.8054,9.077,,23,,1.6642,0.1891,,,1.7249,0,,0,0,2,79,79,0,79.0,132670.0
147.6,75,100,90,0.0,82.977,32.87,4.9228,100,1.0,0,0.0009981,11.68,23.268,80141,88621.0,6.501,298.0,347.47,1.8065,9.1492,,23,,1.6632,0.1891,,,1.7259,0,,0,0,2,79,79,0,79.0,132170.0
147.8,75,100,90,0.0,83.086,21.753,0.49228,100,1.0,0,0.0010154,11.659,23.303,80190,88682.0,6.4971,297.96,333.4,1.8076,9.2096,,23,,1.6647,0.18909,,,1.7269,0,,0,0,2,79,79,0,79.0,133500.0
148.0,75,100,90,0.0,84.786,9.2083,0.049228,100,1.0,0,0.0010214,11.674,23.338,80239,88743.0,6.4964,297.93,321.52,1.8086,9.2827,,23,,1.6532,0.18918,,,1.728,0,,0,0,2,79,79,0,79.0,132660.0
148.2,75,100,90,0.0,86.717,2.7625,23.758,100,1.0,0,0.00099529,11.712,23.372,80289,88804.0,6.5001,297.95,331.25,1.8097,9.3467,,23,,1.6437,0.18925,,,1.729,0,,0,0,2,79,79,0,79.0,133160.0
148.4,75,100,90,0.0,87.177,8.995,2.3758,100,1.0,0,0.00096837,11.759,23.404,80339,88865.0,6.5025,297.92,319.27,1.8107,9.3788,,23,,1.6245,0.18939,,,1.7299,0,,0,0,2,79,79,0,79.0,132980.0
148.6,75,100,90,0.0,86.697,2.6985,40.226,100,1.0,0,0.00093622,11.804,23.436,80389,88926.0,6.5069,297.98,341.67,1.8117,9.3515,,23,,1.602,0.18956,,,1.7309,0,,0,0,2,79,79,0,79.0,133130.0
148.8,75,100,90,0.0,84.446,20.041,4.0226,100,1.0,0,0.00090031,11.842,23.467,80439,88987.0,6.5131,297.94,326.88,1.8126,9.2767,,23,,1.5861,0.18968,,,1.7317,0,,0,0,2,79,79,0,79.0,133940.0
149.0,75,100,90,0.0,79.734,6.0124,57.711,100,1.0,0,0.00092184,11.779,23.499,80487,89046.0,6.5161,298.04,364.36,1.8135,9.1679,,23,,1.6127,0.18947,,,1.7326,0,,0,0,2,79,79,0,79.0,134260.0
149.2,75,100,90,0.0,73.826,37.596,5.7711,100,1.0,0,0.00089891,11.79,23.53,80534,89105.0,6.5163,298.0,348.0,1.8144,9.0796,,23,,1.6048,0.18953,,,1.7335,0,,0,0,2,79,79,0,79.0,133750.0
149.4,75,100,90,0.0,67.821,23.712,0.57711,100,1.0,0,0.00086768,11.788,23.562,80580,89162.0,6.5147,297.95,329.43,1.8152,8.9795,,23,,1.6149,0.18945,,,1.7343,0,,0,0,2,79,79,0,79.0,134230.0
149.6,75,100,90,0.0,62.47,7.1137,37.838,100,1.0,0,0.00083268,11.809,23.592,80625,89217.0,6.5107,298.0,347.56,1.816,8.8691,,23,,1.6088,0.1895,,,1.7351,0,,0,0,2,79,79,0,79.0,134210.0
149.8,75,100,90,0.0,58.73,21.701,3.7838,100,1.0,0,0.0008672,11.75,23.624,80669,89273.0,6.5049,297.96,333.56,1.8169,8.743,,23,,1.6246,0.18938,,,1.7359,0,,0,0,2,79,79,0,79.0,134020.0
150.0,75,100,90,0.0,57.293,8.698,0.37838,100,1.0,0,0.00085846,11.757,23.655,80713,89327.0,6.4993,297.92,318.95,1.8177,8.6566,,23,,1.6197,0.18941,,,1.7366,0,,0,0,2,79,79,0,79.0,134670.0
150.2,75,100,90,0.0,58.112,2.6094,26.688,0,0.9,-4000,0.00086839,10.52,23.693,80041,88562.0,6.5242,297.98,339.72,1.8082,8.5765,,23,,1.7182,0.18868,,,1.7275,0,,0,0,2,79,79,0,79.0,135020.0
150.4,75,100,90,0.0,48.836,18.509,2.6688,0,0.9,-4000,0.00088827,10.453,23.731,79367,87796.0,6.5419,297.97,335.92,1.7938,8.6634,,23,,1.7336,0.1886,,,1.7138,0,,0,0,2,79,79,0,79.0,133870.0
150.6,75,100,90,0.0,32.608,13.753,0.26688,0,0.9,-4000,0.00092428,10.344,23.772,78689,87026.0,6.5413,297.96,333.77,1.7792,8.8118,,23,,1.7412,0.18857,,,1.6997,0,,0,0,2,79,79,0,79.0,135230.0
150.8,75,100,90,0.0,16.647,10.567,0.026688,0,0.9,-4000,0.00093832,10.253,23.814,78009,86253.0,6.5256,297.96,333.79,1.7646,9.0428,,23,,1.7522,0.18851,,,1.6857,0,,0,0,2,79,79,0,79.0,135260.0
151.0,75,100,90,0.0,6.9765,9.1187,0.0026688,0,0.9,-4000,0.00093261,10.214,23.856,77327,85478.0,6.5021,297.96,334.75,1.75,9.325,,23,,1.7428,0.18861,,,1.6717,0,,0,0,2,79,79,0,79.0,135960.0
151.2,75,100,90,0.0,6.7005,8.497,0.00026688,0,0.9,-4000,0.00094773,10.183,23.899,76645,84703.0,6.4793,297.97,336.3,1.7354,9.6097,,23,,1.7304,0.18873,,,1.6576,0,,0,0,2,79,79,0,79.0,135000.0
151.4,75,100,90,0.0,15.495,8.5046,0.0001,0,0.9,-4000,0.00094277,10.222,23.941,75965,83930.0,6.4669,297.97,336.56,1.7207,9.8861,,23,,1.6946,0.18903,,,1.6436,0,,0,0,2,79,79,0,79.0,135540.0
151.6,75,100,90,0.0,29.222,7.4579,0.0001,0,0.9,-4000,0.00097471,10.236,23.984,75287,83160.0,6.4671,297.97,336.39,1.7061,10.101,,23,,1.668,0.18926,,,1.6295,0,,0,0,2,79,79,0,79.0,135400.0
151.8,75,100,90,0.0,42.861,6.066,0.0001,0,0.9,-4000,0.00098379,10.263,24.025,74613,82393.0,6.4783,297.96,335.13,1.6915,10.257,,23,,1.6557,0.18938,,,1.6155,0,,0,0,2,79,79,0,79.0,135930.0
152.0,75,100,90,0.0,52.024,3.6139,0.0001,0,0.9,-4000,0.0010257,10.267,24.067,73941,81627.0,6.4944,297.96,334.32,1.6769,10.33,,23,,1.6221,0.18966,,,1.6014,0,,0,0,2,79,79,0,79.0,136300.0
152.2,75,100,90,0.0,54.771,1.4694,0.0001,0,0.9,0,0.0010272,10.262,24.109,73965,81663.0,6.4841,297.96,334.19,1.673,10.345,,23,,1.6153,0.18972,,,1.5977,0,,0,0,2,79,79,0,79.0,136500.0
152.4,75,100,90,0.0,61.751,0.0001,0.0001,0,0.9,0,0.0010905,10.229,24.152,73991,81700.0,6.4792,297.96,335.02,1.6737,10.326,,23,,1.6185,0.1897,,,1.5984,0,,0,0,2,79,79,0,79.0,137210.0
152.6,75,100,90,0.0,70.589,0.0001,0.0001,0,0.9,0,0.0010674,10.295,24.194,74018,81738.0,6.4812,297.96,334.08,1.6746,10.3,,23,,1.5999,0.18984,,,1.5992,0,,0,0,2,79,79,0,79.0,137070.0
152.8,75,100,90,0.0,78.606,0.0001,0.0001,0,0.9,0,0.0010511,10.332,24.234,74047,81778.0,6.4876,297.95,332.0,1.6755,10.209,,23,,1.5882,0.18992,,,1.6001,0,,0,0,2,79,79,0,79.0,136600.0
153.0,75,100,90,0.0,84.052,0.0001,0.0001,0,0.9,0,0.0010557,10.334,24.275,74077,81819.0,6.4962,297.95,329.54,1.6764,10.068,,23,,1.5886,0.18992,,,1.6009,0,,0,0,2,79,79,0,79.0,137460.0
153.2,75,100,90,0.0,86.073,0.0001,11.105,0,0.9,0,0.0010665,10.324,24.317,74108,81861.0,6.5046,297.97,337.2,1.6773,9.925,,23,,1.5855,0.18994,,,1.6018,0,,0,0,2,79,79,0,79.0,137660.0
153.4,75,100,90,0.0,84.753,5.5073,1.1105,0,0.9,0,0.0010894,10.299,24.358,74138,81902.0,6.5131,297.96,334.98,1.6782,9.791,,23,,1.5841,0.18995,,,1.6027,0,,0,0,2,79,79,0,79.0,138350.0
153.6,75,100,90,0.0,80.046,2.0275,0.11105,0,0.9,0,0.0010904,10.283,24.4,74167,81943.0,6.5202,297.96,333.04,1.6791,9.6752,,23,,1.5797,0.18998,,,1.6035,0,,0,0,2,79,79,0,79.0,138550.0
153.8,75,100,90,0.0,72.501,0.0001,0.011105,0,0.9,0,0.0010584,10.279,24.441,74195,81982.0,6.5241,297.95,331.47,1.6799,9.5802,,23,,1.578,0.18999,,,1.6044,0,,0,0,2,79,79,0,79.0,138750.0
154.0,75,100,90,0.0,63.404,0.0001,0.0011105,0,0.9,0,0.0010882,10.222,24.484,74221,82019.0,6.5209,297.95,331.44,1.6808,9.5058,,23,,1.5748,0.19001,,,1.6052,0,,0,0,2,79,79,0,79.0,138120.0
154.2,75,100,90,0.0,55.595,0.0001,0.00011105,0,0.9,0,0.0010374,10.229,24.526,74245,82054.0,6.5131,297.95,330.89,1.6817,9.4909,,23,,1.5771,0.19,,,1.606,0,,0,0,2,79,79,0,79.0,138990.0
154.4,75,100,90,0.0,50.871,0.0001,0.0001,0,0.9,0,0.0010535,10.191,24.569,74268,82089.0,6.5011,297.95,331.1,1.6825,9.4834,,23,,1.5813,0.18996,,,1.6069,0,,0,0,2,79,79,0,79.0,139030.0
154.6,75,100,90,0.0,50.948,0.0001,0.0001,0,0.9,0,0.0010432,10.183,24.612,74292,82123.0,6.4891,297.95,331.01,1.6833,9.5273,,23,,1.5908,0.18989,,,1.6076,0,,0,0,2,79,79,0,79.0,138560.0
154.8,75,100,90,0.0,55.835,0.0001,0.0001,0,0.9,0,0.00099262,10.252,24.653,74316,82159.0,6.484,297.95,328.96,1.6841,9.5854,,23,,1.5772,0.18999,,,1.6084,0,,0,0,2,79,79,0,79.0,138260.0
155.0,75,100,90,0.0,62.746,0.0001,12.476,0,0.9,0,0.00098388,10.28,24.693,74342,82196.0,6.4829,297.97,337.17,1.6849,9.5981,,23,,1.5697,0.19005,,,1.6091,0,,0,0,2,79,79,0,79.0,139620.0
155.2,75,100,90,0.0,70.097,5.9359,1.2476,0,0.9,0,0.00094366,10.351,24.732,74369,82234.0,6.4896,297.95,331.88,1.6856,9.5921,,23,,1.5486,0.1902,,,1.6098,0,,0,0,2,79,79,0,79.0,140640.0
155.4,75,100,90,0.0,74.75,0.0001,0.12476,0,0.9,0,0.00091939,10.391,24.77,74397,82273.0,6.4998,297.94,325.68,1.6863,9.5448,,23,,1.543,0.19024,,,1.6105,0,,0,0,2,79,79,0,79.0,139650.0
155.6,75,100,90,0.0,75.336,0.0001,14.154,0,0.9,0,0.00093431,10.379,24.808,74425,82312.0,6.5101,297.96,332.42,1.687,9.4497,,23,,1.5381,0.19028,,,1.6111,0,,0,0,2,79,79,0,79.0,140160.0
155.8,75,100,90,0.0,71.811,4.2516,1.4154,0,0.9,0,0.00093111,10.364,24.846,74453,82351.0,6.5178,297.94,326.75,1.6876,9.3533,,23,,1.5425,0.19025,,,1.6118,0,,0,0,2,79,79,0,79.0,140180.0
156.0,75,100,90,0.0,65.22,1.2755,25.759,0,0.9,0,0.00088295,10.383,24.884,74479,82388.0,6.5229,297.99,343.09,1.6883,9.2565,1200.3,23,1714.7,1.5362,0.19029,24.732,25.212,1.6124,0,79.703,0,0,2,79,79,0,79.0,140690.0
156.2,75,100,90,0.0,56.586,14.882,2.5759,0,0.9,0,0.00089824,10.337,24.922,74503,82423.0,6.5223,297.97,336.28,1.6889,9.1456,,23,,1.5402,0.19026,,,1.6129,0,,0,0,2,79,79,0,79.0,140870.0
156.4,75,100,90,0.0,48.222,7.4291,0.25759,0,0.9,0,0.00085834,10.338,24.959,74526,82456.0,6.516,297.95,328.73,1.6895,9.0626,,23,,1.5382,0.19027,,,1.6135,0,,0,0,2,79,79,0,79.0,140550.0
156.6,75,100,90,0.0,42.368,2.2287,19.936,0,0.9,0,0.00085801,10.321,24.997,74547,82489.0,6.5045,297.98,340.94,1.69,8.9764,,23,,1.5255,0.19037,,,1.6141,0,,0,0,2,79,79,0,79.0,140230.0
156.8,75,100,90,0.0,41.111,12.083,1.9936,0,0.9,0,0.00084211,10.329,25.034,74569,82521.0,6.4913,297.96,333.75,1.6906,8.9211,,23,,1.5197,0.19041,,,1.6146,0,,0,0,2,79,79,0,79.0,141240.0
157.0,75,100,90,0.0,45.105,4.1417,0.19936,0,0.9,0,0.00076962,10.414,25.07,74591,82553.0,6.4832,297.93,324.8,1.6911,8.8806,,23,,1.5025,0.19054,,,1.6151,0,,0,0,2,79,79,0,79.0,141070.0
157.2,75,100,90,0.0,52.342,1.2425,19.755,0,0.9,0,0.00072425,10.487,25.103,74614,82587.0,6.4844,297.96,332.3,1.6915,8.7853,,23,,1.4898,0.19064,,,1.6155,0,,0,0,2,79,79,0,79.0,141230.0
157.4,75,100,90,0.0,59.084,6.185,1.9755,0,0.9,0,0.00073509,10.499,25.136,74639,82623.0,6.4896,297.93,321.63,1.6919,8.6452,,23,,1.4861,0.19066,,,1.6159,0,,0,0,2,79,79,0,79.0,141550.0
157.6,75,100,90,0.0,63.739,1.8555,35.233,0,0.9,0,0.00077577,10.462,25.169,74664,82659.0,6.498,297.98,342.51,1.6924,8.5058,,23,,1.5041,0.19053,,,1.6163,0,,0,0,2,79,79,0,79.0,142710.0
157.8,75,100,90,0.0,65.037,19.349,3.5233,0,0.9,0,0.00074625,10.495,25.202,74690,82695.0,6.5065,297.95,328.72,1.6928,8.4095,,23,,1.4977,0.19057,,,1.6167,0,,0,0,2,79,79,0,79.0,141860.0
158.0,75,100,90,0.0,62.976,5.8047,56.352,0,0.9,0,0.00074332,10.476,25.234,74716,82731.0,6.5112,298.05,366.28,1.6932,8.3045,,23,,1.5115,0.19047,,,1.6171,0,,0,0,2,79,79,0,79.0,142010.0
158.2,75,100,90,0.0,59.025,40.107,5.6352,0,0.9,0,0.00079921,10.387,25.268,74740,82766.0,6.5133,298.0,348.12,1.6936,8.2153,,23,,1.5406,0.19025,,,1.6175,0,,0,0,2,79,79,0,79.0,141680.0
158.4,75,100,90,0.0,54.226,23.766,0.56352,0,0.9,0,0.00082663,10.339,25.303,74764,82801.0,6.5114,297.95,331.85,1.6941,8.1909,,23,,1.5512,0.19017,,,1.6179,0,,0,0,2,79,79,0,79.0,142510.0
158.6,75,100,90,0.0,50.193,8.5021,0.056352,0,0.9,0,0.00087993,10.257,25.34,74787,82834.0,6.5062,297.93,321.94,1.6945,8.2195,,23,,1.5744,0.18999,,,1.6184,0,,0,0,2,79,79,0,79.0,142180.0
158.8,75,100,90,0.0,48.26,2.5506,20.149,0,0.9,0,0.00088671,10.244,25.376,74810,82867.0,6.4991,297.96,332.52,1.6951,8.3122,,23,,1.5746,0.18999,,,1.6189,0,,0,0,2,79,79,0,79.0,143690.0
159.0,75,100,90,0.0,49.16,10.143,2.0149,0,0.9,0,0.00092112,10.21,25.414,74832,82901.0,6.4912,297.93,324.95,1.6956,8.427,,23,,1.5805,0.18994,,,1.6194,0,,0,0,2,79,79,0,79.0,143040.0
159.2,75,100,90,0.0,53.221,3.0429,36.825,0,0.9,0,0.00091078,10.234,25.451,74856,82935.0,6.4882,298.01,350.24,1.6961,8.5784,,23,,1.5737,0.18999,,,1.6199,0,,0,0,2,79,79,0,79.0,143710.0
159.4,75,100,90,0.0,58.441,24.987,3.6825,0,0.9,0,0.00092172,10.242,25.488,74881,82970.0,6.4887,297.97,337.86,1.6966,8.7276,,23,,1.5713,0.19001,,,1.6204,0,,0,0,2,79,79,0,79.0,143050.0
159.6,75,100,90,0.0,63.454,12.798,0.36825,0,0.9,0,0.0009618,10.226,25.525,74906,83007.0,6.4931,297.94,327.13,1.6972,8.87,,23,,1.5746,0.18999,,,1.6209,0,,0,0,2,79,79,0,79.0,142730.0
159.8,75,100,90,0.0,66.729,3.8393,24.96,0,0.9,0,0.00097296,10.221,25.563,74933,83044.0,6.5009,297.98,341.13,1.6977,9.0273,,23,,1.5808,0.18994,,,1.6214,0,,0,0,2,79,79,0,79.0,144080.0
160.0,75,100,90,0.0,66.862,15.252,2.496,0,0.9,0,0.0010163,10.17,25.602,74959,83081.0,6.5091,297.95,332.15,1.6983,9.1836,,23,,1.5965,0.18982,,,1.622,0,,0,0,2,79,79,0,79.0,143930.0
160.2,75,100,80,0.0,63.752,5.6123,0.2496,400,0.9,0,0.00080188,12.102,25.609,75063,83195.0,6.5169,297.88,303.39,1.6987,9.3613,,23,,1.1109,0.19347,,,1.6224,0,,0,0,2,79,79,0,79.0,144300.0
160.4,75,100,80,0.0,57.494,1.6837,48.259,400,0.9,0,0.00081954,12.062,25.616,75165,83308.0,6.5201,297.92,319.36,1.6991,8.6591,,23,,1.0925,0.19361,,,1.6228,0,,0,0,2,79,79,0,79.0,143670.0
160.6,75,100,80,0.0,49.994,0.50511,0.0001,400,0.9,0,0.00084907,11.986,25.626,75266,83419.0,6.515,297.84,292.21,1.6995,7.8931,,23,,1.1326,0.19331,,,1.6232,0,,0,0,2,79,79,0,79.0,143540.0
160.8,75,100,80,0.0,44.532,0.15153,65.187,400,0.9,0,0.00090164,11.897,25.637,75365,83529.0,6.505,297.93,323.99,1.7,7.1272,,23,,1.1821,0.19293,,,1.6236,0,,0,0,2,79,79,0,79.0,143600.0
161.0,75,100,80,0.0,43.054,0.04546,0.0001,400,0.9,0,0.00092864,11.861,25.649,75465,83638.0,6.4929,297.86,296.9,1.7004,6.4329,,23,,1.2128,0.1927,,,1.624,0,,0,0,2,79,79,0,79.0,143160.0
161.2,75,100,80,0.0,46.438,0.013638,72.889,400,0.9,0,0.000933,11.888,25.661,75564,83748.0,6.4839,297.96,335.52,1.7009,5.8304,,23,,1.2096,0.19273,,,1.6245,0,,0,0,2,79,79,0,79.0,143050.0
161.4,75,100,80,0.0,53.401,31.896,7.2889,400,0.9,0,0.00095149,11.911,25.672,75665,83859.0,6.4807,297.88,303.79,1.7013,5.3163,,23,,1.204,0.19277,,,1.6249,0,,0,0,2,79,79,0,79.0,144270.0
161.6,75,100,80,0.0,61.626,9.5687,109.34,400,0.9,0,0.00098218,11.928,25.684,75767,83972.0,6.4813,298.06,371.61,1.7018,4.9078,,23,,1.2092,0.19273,,,1.6254,0,,0,0,2,79,79,0,79.0,143500.0
161.8,75,100,80,0.0,69.623,69.833,10.934,400,0.9,0,0.00098927,11.98,25.696,75871,84087.0,6.4885,297.95,329.49,1.7023,4.6202,,23,,1.1909,0.19286,,,1.6258,0,,0,0,2,79,79,0,79.0,144380.0
162.0,75,100,80,0.0,74.736,20.95,161.6,400,0.9,0,0.0009922,12.026,25.707,75976,84202.0,6.498,298.25,439.42,1.7027,4.4373,,23,,1.1709,0.19301,,,1.6263,0,,0,0,2,79,79,0,79.0,144110.0
162.2,75,100,80,0.0,76.035,123.68,16.16,400,0.9,0,0.00097867,12.066,25.718,76081,84317.0,6.5099,298.1,383.77,1.7032,4.3539,,23,,1.1535,0.19314,,,1.6267,0,,0,0,2,79,79,0,79.0,144320.0
162.4,75,100,80,0.0,72.57,78.231,1.616,400,0.9,0,0.0010002,12.05,25.729,76186,84432.0,6.5182,297.95,329.93,1.7037,4.3529,,23,,1.1551,0.19313,,,1.6271,0,,0,0,2,79,79,0,79.0,144210.0
162.6,75,100,80,0.0,65.835,23.469,94.484,400,0.9,0,0.0010427,11.978,25.743,76289,84546.0,6.5217,298.08,378.86,1.7041,4.4585,,23,,1.1951,0.19283,,,1.6276,0,,0,0,2,79,79,0,79.0,143780.0
162.8,75,100,80,0.0,57.683,68.689,9.4484,400,0.9,0,0.0010551,11.949,25.757,76391,84658.0,6.5188,297.96,335.23,1.7046,4.6762,,23,,1.2073,0.19274,,,1.6281,0,,0,0,2,79,79,0,79.0,144180.0
163.0,75,100,80,0.0,50.697,29.79,0.94484,400,0.9,0,0.0010677,11.926,25.771,76491,84768.0,6.5114,297.86,297.84,1.7051,4.97,,23,,1.2154,0.19267,,,1.6285,0,,0,0,2,79,79,0,79.0,144750.0
163.2,75,100,80,0.0,46.684,8.937,58.205,400,0.9,0,0.0011143,11.876,25.787,76590,84879.0,6.5013,297.92,319.74,1.7056,5.3186,,23,,1.2364,0.19252,,,1.629,0,,0,0,2,79,79,0,79.0,144830.0
163.4,75,100,80,0.0,46.677,2.6811,0.0001,400,0.9,0,0.0011244,11.888,25.804,76690,84989.0,6.4908,297.84,291.42,1.7062,5.7213,,23,,1.233,0.19254,,,1.6295,0,,0,0,2,79,79,0,79.0,145410.0
163.6,75,100,80,0.0,50.873,0.80433,71.679,400,0.9,0,0.0011526,11.891,25.821,76790,85100.0,6.4851,297.94,328.44,1.7067,6.1363,,23,,1.2404,0.19248,,,1.6301,0,,0,0,2,79,79,0,79.0,143990.0
163.8,75,100,80,0.0,57.34,0.2413,0.0001,400,0.9,0,0.0011544,11.94,25.837,76892,85212.0,6.4837,297.87,300.95,1.7072,6.535,,23,,1.228,0.19258,,,1.6306,0,,0,0,2,79,79,0,79.0,145240.0
164.0,75,100,80,0.0,64.352,0.07239,73.525,400,0.9,0,0.0011457,11.997,25.852,76995,85326.0,6.4865,297.98,339.76,1.7078,6.8843,,23,,1.2082,0.19272,,,1.6311,0,,0,0,2,79,79,0,79.0,145980.0
164.2,75,100,80,0.0,70.244,31.952,7.3525,400,0.9,0,0.0011337,12.032,25.867,77100,85441.0,6.4923,297.88,305.9,1.7083,7.1612,,23,,1.2091,0.19272,,,1.6316,0,,0,0,2,79,79,0,79.0,145380.0
164.4,75,100,80,0.0,73.837,9.5856,108.78,400,0.9,0,0.0011404,12.061,25.881,77205,85557.0,6.4988,298.06,372.23,1.7088,7.3509,,23,,1.2045,0.19275,,,1.6321,0,,0,0,2,79,79,0,79.0,145280.0
164.6,75,100,80,0.0,74.849,67.591,10.878,400,0.9,0,0.0011535,12.082,25.895,77310,85673.0,6.503,297.94,325.21,1.7093,7.4683,,23,,1.1932,0.19283,,,1.6326,0,,0,0,2,79,79,0,79.0,145350.0
164.8,75,100,80,0.0,74.158,20.277,162.99,400,0.9,0,0.0011747,12.095,25.909,77416,85789.0,6.5084,298.23,434.98,1.7098,7.5105,,23,,1.1799,0.19293,,,1.6331,0,,0,0,2,79,79,0,79.0,145090.0
165.0,75,100,80,0.0,71.314,120.6,16.299,400,0.9,0,0.0011302,12.131,25.922,77520,85904.0,6.5135,298.06,371.3,1.7104,7.5028,,23,,1.1723,0.19299,,,1.6336,0,,0,0,2,79,79,0,79.0,144480.0
165.2,75,100,80,0.0,66.424,68.098,1.6299,400,0.9,0,0.0011348,12.109,25.935,77624,86018.0,6.5112,297.91,316.46,1.7109,7.4217,,23,,1.1848,0.19289,,,1.6341,0,,0,0,2,79,79,0,79.0,146050.0
165.4,75,100,80,0.0,62.483,20.429,86.803,400,0.9,0,0.0011614,12.092,25.949,77727,86131.0,6.5032,298.03,358.4,1.7114,7.3169,,23,,1.1944,0.19282,,,1.6345,0,,0,0,2,79,79,0,79.0,145950.0
165.6,75,100,80,0.0,61.734,57.008,8.6803,400,0.9,0,0.001114,12.146,25.962,77830,86244.0,6.4964,297.91,313.44,1.7119,7.1966,,23,,1.1786,0.19294,,,1.635,0,,0,0,2,79,79,0,79.0,145680.0
165.8,75,100,80,0.0,63.71,17.102,140.03,400,0.9,0,0.0011468,12.147,25.975,77933,86358.0,6.4925,298.15,404.1,1.7124,7.023,,23,,1.1727,0.19298,,,1.6355,0,,0,0,2,79,79,0,79.0,145240.0
166.0,75,100,80,0.0,67.232,97.949,14.003,400,0.9,0,0.0011287,12.18,25.988,78036,86472.0,6.4915,298.0,347.16,1.7128,6.8586,,23,,1.1733,0.19297,,,1.636,0,,0,0,2,79,79,0,79.0,146640.0
166.2,75,100,80,0.0,71.136,49.294,1.4003,400,0.9,0,0.0011777,12.165,26.002,78141,86587.0,6.4923,297.87,299.79,1.7133,6.6838,,23,,1.1861,0.19288,,,1.6364,0,,0,0,2,79,79,0,79.0,145540.0
166.4,75,100,80,0.0,74.734,14.788,75.279,400,0.9,0,0.0012251,12.148,26.016,78246,86702.0,6.4947,297.96,333.89,1.7139,6.5485,,23,,1.2055,0.19273,,,1.6369,0,,0,0,2,79,79,0,79.0,146280.0
166.6,75,100,80,0.0,77.371,42.115,7.5279,400,0.9,0,0.0012378,12.155,26.031,78352,86819.0,6.4982,297.86,295.71,1.7144,6.4515,,23,,1.2105,0.19269,,,1.6374,0,,0,0,2,79,79,0,79.0,144850.0
166.8,75,100,80,0.0,78.606,12.635,123.43,400,0.9,0,0.0012562,12.176,26.045,78458,86935.0,6.5026,298.07,374.09,1.7149,6.3935,,23,,1.1996,0.19277,,,1.638,0,,0,0,2,79,79,0,79.0,145580.0
167.0,75,100,80,0.0,78.101,79.808,12.343,400,0.9,0,0.0012529,12.196,26.059,78563,87051.0,6.5077,297.94,326.43,1.7155,6.3633,,23,,1.1934,0.19282,,,1.6385,0,,0,0,2,79,79,0,79.0,144990.0
167.2,75,100,80,0.0,75.54,23.942,181.55,400,0.9,0,0.0012059,12.229,26.072,78669,87167.0,6.5118,298.27,452.02,1.716,6.3546,,23,,1.1902,0.19284,,,1.639,0,,0,0,2,79,79,0,79.0,145720.0
167.4,75,100,80,0.0,71.325,137.24,18.155,400,0.9,0,0.0012118,12.227,26.086,78773,87282.0,6.5148,298.11,389.84,1.7165,6.3408,,23,,1.1882,0.19286,,,1.6395,0,,0,0,2,79,79,0,79.0,145950.0
167.6,75,100,80,0.0,65.915,88.315,1.8155,400,0.9,0,0.0012288,12.197,26.1,78876,87396.0,6.5102,297.95,330.96,1.717,6.345,,23,,1.2061,0.19272,,,1.6399,0,,0,0,2,79,79,0,79.0,146020.0
167.8,75,100,80,0.0,62.364,40.034,0.18155,400,0.9,0,0.0012203,12.195,26.114,78979,87509.0,6.5034,297.84,289.1,1.7175,6.3823,,23,,1.2151,0.19265,,,1.6404,0,,0,0,2,79,79,0,79.0,146920.0
168.0,75,100,80,0.0,61.545,12.01,65.742,400,0.9,0,0.0012626,12.181,26.13,79081,87622.0,6.4966,297.91,316.5,1.718,6.4376,1201.2,23,1720.0,1.214,0.19266,26.072,24.567,1.6409,0,77.172,0,0,2,79,79,0,79.0,145830.0
168.2,75,100,80,0.0,63.435,3.6031,0.0001,400,0.9,0,0.0012599,12.208,26.146,79184,87735.0,6.4942,297.84,287.37,1.7185,6.5414,,23,,1.2053,0.19272,,,1.6414,0,,0,0,2,79,79,0,79.0,146070.0
168.4,75,100,80,0.0,66.279,1.0809,76.925,400,0.9,0,0.001271,12.226,26.162,79287,87849.0,6.4914,297.95,328.51,1.719,6.6557,,23,,1.1987,0.19277,,,1.6419,0,,0,0,2,79,79,0,79.0,146990.0
168.6,75,100,80,0.0,70.23,0.32428,0.0001,400,0.9,0,0.0012778,12.255,26.177,79392,87964.0,6.4929,297.87,300.44,1.7196,6.7865,,23,,1.1912,0.19283,,,1.6424,0,,0,0,2,79,79,0,79.0,145890.0
168.8,75,100,80,0.0,73.581,0.097284,74.844,400,0.9,0,0.0012757,12.267,26.193,79497,88079.0,6.4955,297.98,339.89,1.7201,6.909,,23,,1.2056,0.19272,,,1.6429,0,,0,0,2,79,79,0,79.0,147140.0
169.0,75,100,80,0.0,75.889,31.496,7.4844,400,0.9,0,0.0013035,12.282,26.208,79602,88195.0,6.4972,297.89,307.06,1.7206,7.0195,,23,,1.1982,0.19277,,,1.6434,0,,0,0,2,79,79,0,79.0,147380.0
169.2,75,100,80,0.0,77.539,9.4489,105.02,400,0.9,0,0.0013171,12.296,26.224,79708,88311.0,6.5026,298.05,370.2,1.7211,7.1155,,23,,1.1964,0.19279,,,1.6439,0,,0,0,2,79,79,0,79.0,146120.0
169.4,75,100,80,0.0,76.99,62.832,10.502,400,0.9,0,0.0013258,12.299,26.24,79813,88428.0,6.507,297.95,330.4,1.7216,7.2012,,23,,1.197,0.19278,,,1.6444,0,,0,0,2,79,79,0,79.0,147030.0
169.6,75,100,80,0.0,74.719,27.868,1.0502,400,0.9,0,0.001346,12.278,26.257,79918,88543.0,6.5069,297.86,293.94,1.7222,7.2895,,23,,1.214,0.19265,,,1.6449,0,,0,0,2,79,79,0,79.0,146120.0
169.8,75,100,80,0.0,72.503,8.3603,59.148,400,0.9,0,0.0013897,12.251,26.274,80023,88659.0,6.5037,297.91,316.33,1.7227,7.381,,23,,1.234,0.1925,,,1.6454,0,,0,0,2,79,79,0,79.0,146870.0
170.0,75,100,80,0.0,71.541,2.5081,0.0001,400,0.9,0,0.0013715,12.26,26.292,80128,88774.0,6.5027,297.84,287.34,1.7232,7.4826,,23,,1.2484,0.19239,,,1.6459,0,,0,0,2,79,79,0,79.0,146950.0
170.2,75,100,80,0.0,70.982,0.75242,71.786,150,0.9,-4000,0.0014336,11.273,26.326,79487,88039.0,6.5298,297.96,333.01,1.714,7.5649,,23,,1.4992,0.19052,,,1.637,0,,0,0,2,79,79,0,79.0,146280.0
170.4,75,100,80,0.0,59.493,36.338,7.1786,150,0.9,-4000,0.001508,11.192,26.362,78844,87302.0,6.5465,297.9,309.92,1.7001,8.0694,,23,,1.5306,0.19031,,,1.6237,0,,0,0,2,79,79,0,79.0,148460.0
170.6,75,100,80,0.0,41.436,10.901,104.77,150,0.9,-4000,0.0015231,11.122,26.399,78198,86562.0,6.5489,298.1,384.95,1.686,8.6391,,23,,1.5361,0.1903,,,1.6102,0,,0,0,2,79,79,0,79.0,146640.0
170.8,75,100,80,0.0,22.433,76.068,10.477,150,0.9,-4000,0.0015437,11.052,26.438,77548,85818.0,6.5342,298.01,352.95,1.6719,9.2387,,23,,1.53,0.19037,,,1.5967,0,,0,0,2,79,79,0,79.0,147490.0
171.0,75,100,80,0.0,9.3253,48.706,1.0477,150,0.9,-4000,0.0016236,10.971,26.478,76895,85072.0,6.5064,297.93,324.69,1.6579,9.8449,,23,,1.5257,0.19043,,,1.5832,0,,0,0,2,79,79,0,79.0,147020.0
171.2,75,100,80,0.0,7.3465,14.612,63.213,150,0.9,-4000,0.0016108,10.99,26.518,76243,84325.0,6.4792,298.04,364.81,1.6438,10.427,,23,,1.4902,0.19073,,,1.5697,0,,0,0,2,79,79,0,79.0,148870.0
171.4,75,100,80,0.0,16.192,50.319,6.3213,150,0.9,-4000,0.0016208,11.045,26.557,75592,83580.0,6.4621,297.97,339.39,1.6298,10.921,,23,,1.4443,0.1911,,,1.5562,0,,0,0,2,79,79,0,79.0,148400.0
171.6,75,100,80,0.0,31.831,27.123,0.63213,150,0.9,-4000,0.001693,11.073,26.596,74945,82839.0,6.4576,297.91,316.38,1.6157,11.277,,23,,1.4235,0.19128,,,1.5428,0,,0,0,2,79,79,0,79.0,149250.0
171.8,75,100,80,0.0,49.271,8.137,46.697,150,0.9,-4000,0.0018282,11.087,26.634,74301,82101.0,6.4665,297.98,341.83,1.6018,11.499,,23,,1.4031,0.19146,,,1.5293,0,,0,0,2,79,79,0,79.0,149100.0
172.0,75,100,80,0.0,63.164,29.724,4.6697,150,0.9,-4000,0.0019686,11.096,26.671,73660,81366.0,6.4844,297.92,321.04,1.5878,11.595,,23,,1.3817,0.19165,,,1.516,0,,0,0,2,79,79,0,79.0,148780.0
172.2,75,100,80,0.0,69.885,8.9171,80.387,150,0.9,0,0.0019414,11.118,26.708,73716,81432.0,6.4817,298.08,375.23,1.5842,11.557,,23,,1.3827,0.19165,,,1.5125,0,,0,0,2,79,79,0,79.0,149450.0
172.4,75,100,80,0.0,77.777,59.199,8.0387,150,0.9,0,0.0019296,11.147,26.744,73773,81501.0,6.4852,297.98,342.43,1.5847,11.398,,23,,1.3774,0.19169,,,1.513,0,,0,0,2,79,79,0,79.0,149290.0
172.6,75,100,80,0.0,84.214,29.01,0.80387,150,0.9,0,0.0019243,11.167,26.78,73831,81570.0,6.49,297.91,315.07,1.5855,11.147,,23,,1.3783,0.19168,,,1.5137,0,,0,0,2,79,79,0,79.0,149130.0
172.8,75,100,80,0.0,88.747,8.703,47.757,150,0.9,0,0.0018568,11.218,26.815,73890,81640.0,6.4963,297.97,337.43,1.5862,10.836,,23,,1.3596,0.19182,,,1.5145,0,,0,0,2,79,79,0,79.0,148970.0
173.0,75,100,80,0.0,90.733,27.475,4.7757,150,0.9,0,0.0018395,11.233,26.85,73950,81710.0,6.5035,297.9,312.39,1.587,10.483,,23,,1.3534,0.19187,,,1.5152,0,,0,0,2,79,79,0,79.0,150640.0
173.2,75,100,80,0.0,89.851,8.2425,84.547,150,0.9,0,0.0018037,11.246,26.885,74009,81780.0,6.5093,298.05,367.39,1.5877,10.114,,23,,1.3445,0.19193,,,1.5159,0,,0,0,2,79,79,0,79.0,150300.0
173.4,75,100,80,0.0,86.653,58.278,8.4547,150,0.9,0,0.0018276,11.215,26.92,74068,81850.0,6.5135,297.96,332.66,1.5884,9.7649,,23,,1.3548,0.19185,,,1.5166,0,,0,0,2,79,79,0,79.0,149640.0
173.6,75,100,80,0.0,81.786,25.491,0.84547,150,0.9,0,0.0018493,11.173,26.956,74125,81918.0,6.5166,297.88,306.77,1.5892,9.4645,,23,,1.3778,0.19168,,,1.5173,0,,0,0,2,79,79,0,79.0,150310.0
173.8,75,100,80,0.0,75.675,7.6473,46.252,150,0.9,0,0.0017949,11.176,26.992,74182,81985.0,6.5179,297.95,329.4,1.5899,9.2401,,23,,1.3805,0.19166,,,1.518,0,,0,0,2,79,79,0,79.0,150820.0
174.0,75,100,80,0.0,69.061,2.2942,0.0001,150,0.9,0,0.0018309,11.111,27.028,74237,82051.0,6.5167,297.9,313.57,1.5906,9.0679,,23,,1.4102,0.19143,,,1.5187,0,,0,0,2,79,79,0,79.0,150830.0
174.2,75,100,80,0.0,62.894,0.68826,50.973,150,0.9,0,0.0017989,11.104,27.064,74290,82116.0,6.5132,297.99,344.49,1.5914,8.9791,,23,,1.4141,0.1914,,,1.5194,0,,0,0,2,79,79,0,79.0,150670.0
174.4,75,100,80,0.0,58.159,27.209,5.0973,150,0.9,0,0.0017586,11.084,27.101,74343,82179.0,6.5085,297.93,322.72,1.5921,8.9367,,23,,1.4287,0.19129,,,1.5201,0,,0,0,2,79,79,0,79.0,150840.0
174.6,75,100,80,0.0,55.269,8.1626,81.494,150,0.9,0,0.0017662,11.061,27.138,74395,82242.0,6.5012,298.08,378.28,1.5928,8.9466,,23,,1.4411,0.19119,,,1.5208,0,,0,0,2,79,79,0,79.0,151850.0
174.8,75,100,80,0.0,55.322,59.467,8.1494,150,0.9,0,0.0017025,11.092,27.174,74447,82305.0,6.4934,297.99,345.43,1.5935,9.0132,,23,,1.4357,0.19123,,,1.5214,0,,0,0,2,79,79,0,79.0,151690.0
175.0,75,100,80,0.0,58.475,29.785,0.81494,150,0.9,0,0.0017106,11.096,27.21,74500,82368.0,6.4899,297.92,318.06,1.5942,9.1115,,23,,1.4429,0.19118,,,1.5221,0,,0,0,2,79,79,0,79.0,152200.0
175.2,75,100,80,0.0,63.023,8.9356,46.732,150,0.9,0,0.0017239,11.109,27.245,74553,82433.0,6.4886,297.98,340.47,1.5949,9.2163,,23,,1.4447,0.19116,,,1.5227,0,,0,0,2,79,79,0,79.0,151700.0
175.4,75,100,80,0.0,68.103,27.881,4.6732,150,0.9,0,0.0017492,11.124,27.28,74608,82498.0,6.49,297.91,316.28,1.5956,9.3215,,23,,1.4311,0.19127,,,1.5234,0,,0,0,2,79,79,0,79.0,151370.0
175.6,75,100,80,0.0,72.601,8.3643,81.658,150,0.9,0,0.0017336,11.156,27.314,74664,82565.0,6.4953,298.06,369.46,1.5963,9.4343,,23,,1.4203,0.19135,,,1.5241,0,,0,0,2,79,79,0,79.0,151030.0
175.8,75,100,80,0.0,74.981,56.565,8.1658,150,0.9,0,0.0016642,11.206,27.347,74720,82632.0,6.5027,297.96,334.53,1.5969,9.5224,,23,,1.4015,0.19149,,,1.5247,0,,0,0,2,79,79,0,79.0,151860.0
176.0,75,100,80,0.0,74.419,24.124,0.81658,150,0.9,0,0.0016744,11.192,27.38,74776,82698.0,6.5085,297.89,307.48,1.5976,9.5714,,23,,1.4095,0.19142,,,1.5254,0,,0,0,2,79,79,0,79.0,152180.0
176.2,75,100,80,0.0,71.56,7.2372,45.198,150,0.9,0,0.0016672,11.189,27.413,74831,82764.0,6.5133,297.94,327.68,1.5983,9.6071,,23,,1.4146,0.19138,,,1.526,0,,0,0,2,79,79,0,79.0,151840.0
176.4,75,100,80,0.0,66.751,2.1712,0.0001,150,0.9,0,0.0016892,11.155,27.447,74886,82830.0,6.5162,297.89,310.08,1.5989,9.6174,,23,,1.4276,0.19128,,,1.5266,0,,0,0,2,79,79,0,79.0,153170.0
176.6,75,100,80,0.0,60.805,0.65135,52.212,150,0.9,0,0.0016907,11.135,27.48,74939,82894.0,6.515,297.98,340.77,1.5996,9.6253,,23,,1.431,0.19126,,,1.5273,0,,0,0,2,79,79,0,79.0,152830.0
176.8,75,100,80,0.0,55.347,26.372,5.2212,150,0.9,0,0.0017483,11.094,27.515,74991,82957.0,6.5104,297.92,319.18,1.6003,9.6336,,23,,1.4379,0.19121,,,1.528,0,,0,0,2,79,79,0,79.0,153160.0
177.0,75,100,80,0.0,51.731,7.9116,81.891,150,0.9,0,0.0016951,11.102,27.548,75043,83019.0,6.5017,298.07,374.15,1.601,9.6528,,23,,1.442,0.19117,,,1.5286,0,,0,0,2,79,79,0,79.0,152660.0
177.2,75,100,80,0.0,51.58,57.808,8.1891,150,0.9,0,0.0016404,11.144,27.581,75094,83081.0,6.495,297.98,340.6,1.6016,9.6554,,23,,1.4192,0.19134,,,1.5292,0,,0,0,2,79,79,0,79.0,152980.0
177.4,75,100,80,0.0,54.085,27.299,0.81891,150,0.9,0,0.0016739,11.13,27.614,75146,83143.0,6.4911,297.9,313.97,1.6023,9.6261,,23,,1.4285,0.19127,,,1.5299,0,,0,0,2,79,79,0,79.0,153470.0
177.6,75,100,80,0.0,58.162,8.1897,45.342,150,0.9,0,0.0016852,11.145,27.647,75199,83207.0,6.4904,297.96,335.31,1.603,9.5992,,23,,1.4177,0.19135,,,1.5305,0,,0,0,2,79,79,0,79.0,153460.0
177.8,75,100,80,0.0,62.53,25.496,4.5342,150,0.9,0,0.0016624,11.175,27.68,75252,83271.0,6.4932,297.9,311.44,1.6036,9.5676,,23,,1.4092,0.19141,,,1.5311,0,,0,0,2,79,79,0,79.0,153950.0
178.0,75,100,80,0.0,65.765,7.6488,80.556,150,0.9,0,0.0016356,11.208,27.711,75307,83336.0,6.497,298.04,363.1,1.6043,9.5279,,23,,1.3982,0.1915,,,1.5318,0,,0,0,2,79,79,0,79.0,153940.0
178.2,75,100,80,0.0,67.499,53.463,8.0556,150,0.9,0,0.0016072,11.237,27.742,75361,83401.0,6.5023,297.94,328.67,1.6049,9.4719,,23,,1.3864,0.19158,,,1.5324,0,,0,0,2,79,79,0,79.0,154750.0
178.4,75,100,80,0.0,67.086,16.039,128.59,150,0.9,0,0.0016354,11.227,27.773,75416,83466.0,6.5048,298.19,419.07,1.6055,9.4059,,23,,1.3856,0.19159,,,1.533,0,,0,0,2,79,79,0,79.0,153730.0
178.6,75,100,80,0.0,65.677,100.6,12.859,150,0.9,0,0.0017104,11.169,27.805,75470,83531.0,6.5036,298.06,369.89,1.6062,9.3539,,23,,1.4173,0.19135,,,1.5336,0,,0,0,2,79,79,0,79.0,155050.0
178.8,75,100,80,0.0,64.78,59.296,1.2859,150,0.9,0,0.0017129,11.16,27.836,75524,83596.0,6.5027,297.95,328.61,1.6069,9.3156,,23,,1.4236,0.1913,,,1.5342,0,,0,0,2,79,79,0,79.0,154700.0
179.0,75,100,80,0.0,64.206,17.789,70.507,150,0.9,0,0.0017161,11.157,27.868,75578,83660.0,6.5002,298.05,367.65,1.6075,9.302,,23,,1.4252,0.19129,,,1.5349,0,,0,0,2,79,79,0,79.0,154850.0
179.2,75,100,80,0.0,64.633,53.588,7.0507,150,0.9,0,0.0017575,11.128,27.9,75631,83725.0,6.4986,297.96,333.69,1.6082,9.3058,,23,,1.4421,0.19116,,,1.5355,0,,0,0,2,79,79,0,79.0,154510.0
179.4,75,100,80,0.0,65.707,22.574,0.70507,150,0.9,0,0.0018051,11.11,27.933,75686,83790.0,6.4968,297.89,308.26,1.6089,9.3372,,23,,1.4453,0.19113,,,1.5362,0,,0,0,2,79,79,0,79.0,154830.0
179.6,75,100,80,0.0,67.496,6.7723,42.354,150,0.9,0,0.0017561,11.139,27.965,75740,83855.0,6.4956,297.94,327.09,1.6096,9.3914,,23,,1.4392,0.19118,,,1.5369,0,,0,0,2,79,79,0,79.0,154150.0
179.8,75,100,80,0.0,69.776,2.0317,0.0001,150,0.9,0,0.0017151,11.165,27.997,75795,83921.0,6.4994,297.89,309.27,1.6103,9.446,,23,,1.4334,0.19122,,,1.5375,0,,0,0,2,79,79,0,79.0,155300.0
180.0,75,100,80,0.0,70.503,0.60951,51.179,150,0.9,0,0.0016601,11.189,28.029,75850,83987.0,6.502,297.97,337.51,1.611,9.5003,1200.2,23,1732.3,1.4285,0.19126,27.9,24.258,1.5382,0,75.842,0,0,2,79,79,0,79.0,155290.0
180.2,75,100,80,0.0,70.236,23.602,5.1179,150,0.9,0,0.0016282,11.208,28.06,75905,84053.0,6.5055,297.9,312.66,1.6116,9.5419,,23,,1.4222,0.1913,,,1.5388,0,,0,0,2,79,79,0,79.0,155600.0
180.4,75,100,80,0.0,68.567,7.0807,83.055,150,0.9,0,0.001609,11.203,28.091,75960,84118.0,6.5068,298.05,365.76,1.6122,9.562,,23,,1.431,0.19123,,,1.5394,0,,0,0,2,79,79,0,79.0,155590.0
180.6,75,100,80,0.0,66.371,53.98,8.3055,150,0.9,0,0.0016105,11.191,28.122,76014,84183.0,6.5062,297.95,329.35,1.6128,9.5803,,23,,1.441,0.19116,,,1.5399,0,,0,0,2,79,79,0,79.0,156740.0
180.8,75,100,80,0.0,64.4,16.194,130.7,150,0.9,0,0.0016227,11.183,28.153,76068,84248.0,6.5051,298.2,420.92,1.6134,9.5932,,23,,1.4415,0.19115,,,1.5405,0,,0,0,2,79,79,0,79.0,156050.0
181.0,75,100,80,0.0,62.902,101.2,13.07,150,0.9,0,0.0015902,11.183,28.183,76122,84312.0,6.5034,298.05,367.99,1.614,9.5932,,23,,1.4454,0.19112,,,1.5411,0,,0,0,2,79,79,0,79.0,156530.0
181.2,75,100,80,0.0,62.056,56.901,1.307,150,0.9,0,0.001603,11.166,28.214,76175,84376.0,6.5009,297.94,326.53,1.6146,9.5853,,23,,1.4536,0.19106,,,1.5417,0,,0,0,2,79,79,0,79.0,156840.0
181.4,75,100,80,0.0,62.22,17.07,66.78,150,0.9,0,0.0016058,11.173,28.245,76228,84440.0,6.4998,298.04,361.57,1.6152,9.5894,,23,,1.4514,0.19107,,,1.5423,0,,0,0,2,79,79,0,79.0,156660.0
181.6,75,100,80,0.0,62.801,48.592,6.678,150,0.9,0,0.0016251,11.166,28.275,76282,84504.0,6.4988,297.94,328.37,1.6158,9.5862,,23,,1.4573,0.19103,,,1.5429,0,,0,0,2,79,79,0,79.0,156970.0
181.8,75,100,80,0.0,63.798,14.578,110.63,150,0.9,0,0.0015706,11.215,28.305,76336,84568.0,6.4989,298.15,402.78,1.6164,9.569,,23,,1.4361,0.19119,,,1.5434,0,,0,0,2,79,79,0,79.0,156610.0
182.0,75,100,80,0.0,64.766,83.015,11.063,150,0.9,0,0.0015802,11.227,28.334,76390,84633.0,6.4985,298.02,357.83,1.617,9.5211,,23,,1.4197,0.19131,,,1.544,0,,0,0,2,79,79,0,79.0,156250.0
182.2,75,100,80,0.0,65.901,44.862,1.1063,150,0.9,0,0.0015637,11.235,28.364,76444,84698.0,6.4991,297.92,320.34,1.6176,9.4617,,23,,1.418,0.19132,,,1.5445,0,,0,0,2,79,79,0,79.0,157230.0
182.4,75,100,80,0.0,66.769,13.459,60.239,150,0.9,0,0.0015382,11.265,28.393,76498,84762.0,6.4998,298.0,349.4,1.6182,9.4006,,23,,1.4069,0.1914,,,1.5451,0,,0,0,2,79,79,0,79.0,158200.0
182.6,75,100,80,0.0,67.351,38.548,6.0239,150,0.9,0,0.0015012,11.285,28.421,76552,84827.0,6.502,297.92,318.48,1.6187,9.3169,,23,,1.4055,0.19141,,,1.5456,0,,0,0,2,79,79,0,79.0,157330.0
182.8,75,100,80,0.0,67.051,11.565,99.792,150,0.9,0,0.0015593,11.25,28.451,76607,84892.0,6.5002,298.1,384.11,1.6192,9.2188,,23,,1.4112,0.19137,,,1.5461,0,,0,0,2,79,79,0,79.0,157810.0
183.0,75,100,80,0.0,67.505,70.493,9.9792,150,0.9,0,0.0015286,11.247,28.48,76661,84957.0,6.4972,297.99,343.64,1.6198,9.1744,,23,,1.4303,0.19122,,,1.5467,0,,0,0,2,79,79,0,79.0,157780.0
183.2,75,100,80,0.0,69.156,34.945,0.99792,150,0.9,0,0.0015352,11.253,28.509,76716,85022.0,6.4952,297.9,310.06,1.6203,9.1321,,23,,1.428,0.19124,,,1.5472,0,,0,0,2,79,79,0,79.0,157090.0
183.4,75,100,80,0.0,71.604,10.483,55.698,150,0.9,0,0.0015132,11.263,28.537,76771,85088.0,6.4963,297.96,335.7,1.6209,9.0912,,23,,1.4338,0.1912,,,1.5477,0,,0,0,2,79,79,0,79.0,158890.0
183.6,75,100,80,0.0,73.593,31.175,5.5698,150,0.9,0,0.0014802,11.299,28.565,76827,85154.0,6.4983,297.89,306.99,1.6214,9.0536,,23,,1.4169,0.19132,,,1.5482,0,,0,0,2,79,79,0,79.0,157350.0
183.8,75,100,80,0.0,74.788,9.3525,94.336,150,0.9,0,0.0014058,11.346,28.592,76882,85220.0,6.5026,298.05,366.03,1.6219,9.0127,,23,,1.4083,0.19139,,,1.5487,0,,0,0,2,79,79,0,79.0,158150.0
184.0,75,100,80,0.0,74.241,60.71,9.4336,150,0.9,0,0.0014032,11.349,28.618,76938,85285.0,6.5067,297.95,328.56,1.6224,8.9424,,23,,1.4097,0.19137,,,1.5491,0,,0,0,2,79,79,0,79.0,158610.0
184.2,75,100,80,0.0,72.102,18.213,141.76,150,0.9,0,0.0014326,11.352,28.644,76993,85351.0,6.508,298.21,426.29,1.6229,8.8624,,23,,1.3922,0.19151,,,1.5496,0,,0,0,2,79,79,0,79.0,158400.0
184.4,75,100,80,0.0,69.441,107.83,14.176,150,0.9,0,0.0014192,11.365,28.669,77048,85416.0,6.5079,298.07,373.26,1.6233,8.7936,,23,,1.3751,0.19163,,,1.5501,0,,0,0,2,79,79,0,79.0,158020.0
184.6,75,100,80,0.0,66.825,64.412,1.4176,150,0.9,0,0.0014172,11.364,28.696,77102,85480.0,6.5067,297.94,327.04,1.6238,8.7286,,23,,1.3692,0.19168,,,1.5505,0,,0,0,2,79,79,0,79.0,158980.0
184.8,75,100,80,0.0,64.651,19.324,77.661,150,0.9,0,0.0013673,11.386,28.722,77155,85544.0,6.5049,298.05,367.22,1.6243,8.692,,23,,1.3603,0.19174,,,1.5509,0,,0,0,2,79,79,0,79.0,158600.0
185.0,75,100,80,0.0,63.228,55.364,7.7661,150,0.9,0,0.0013466,11.39,28.747,77209,85607.0,6.5024,297.95,329.56,1.6247,8.6573,,23,,1.3658,0.1917,,,1.5513,0,,0,0,2,79,79,0,79.0,158720.0
185.2,75,100,80,0.0,62.785,16.609,123.03,150,0.9,0,0.0013423,11.407,28.772,77262,85670.0,6.5005,298.17,410.41,1.6251,8.6238,,23,,1.3532,0.1918,,,1.5517,0,,0,0,2,79,79,0,79.0,159340.0
185.4,75,100,80,0.0,63.119,90.387,12.303,150,0.9,0,0.0012939,11.449,28.796,77315,85734.0,6.5007,298.03,359.73,1.6255,8.5962,,23,,1.3387,0.1919,,,1.5521,0,,0,0,2,79,79,0,79.0,158120.0
185.6,75,100,80,0.0,63.333,48.037,1.2303,150,0.9,0,0.0013245,11.43,28.821,77369,85797.0,6.4986,297.92,318.31,1.6259,8.5469,,23,,1.3435,0.19187,,,1.5525,0,,0,0,2,79,79,0,79.0,158740.0
185.8,75,100,80,0.0,64.43,14.411,63.628,150,0.9,0,0.0013097,11.442,28.845,77422,85860.0,6.4988,297.99,346.47,1.6263,8.5223,,23,,1.3455,0.19185,,,1.5529,0,,0,0,2,79,79,0,79.0,159190.0
186.0,75,100,80,0.0,65.423,38.244,6.3628,150,0.9,0,0.0012841,11.459,28.869,77476,85924.0,6.4981,297.9,312.87,1.6266,8.4959,,23,,1.3424,0.19187,,,1.5532,0,,0,0,2,79,79,0,79.0,159970.0
186.2,75,100,80,0.0,66.724,11.473,103.28,150,0.9,0,0.0012881,11.467,28.892,77530,85988.0,6.4975,298.08,376.89,1.627,8.4682,,23,,1.3416,0.19188,,,1.5536,0,,0,0,2,79,79,0,79.0,160080.0
186.4,75,100,80,0.0,68.248,67.678,10.328,150,0.9,0,0.0012807,11.485,28.916,77584,86052.0,6.4959,297.96,333.08,1.6273,8.4415,,23,,1.3308,0.19196,,,1.5539,0,,0,0,2,79,79,0,79.0,159690.0
186.6,75,100,80,0.0,70.398,28.798,1.0328,150,0.9,0,0.001291,11.484,28.94,77639,86117.0,6.4982,297.86,297.47,1.6277,8.4268,,23,,1.334,0.19193,,,1.5542,0,,0,0,2,79,79,0,79.0,158810.0
186.8,75,100,80,0.0,71.632,8.6394,55.425,150,0.9,0,0.0012922,11.477,28.964,77694,86181.0,6.4976,297.92,319.65,1.628,8.4326,,23,,1.3424,0.19187,,,1.5546,0,,0,0,2,79,79,0,79.0,160250.0
187.0,75,100,80,0.0,73.102,2.5918,0.0001,150,0.9,0,0.0012811,11.502,28.988,77749,86247.0,6.5005,297.85,294.06,1.6284,8.4517,,23,,1.3308,0.19196,,,1.5549,0,,0,0,2,79,79,0,79.0,159700.0
187.2,75,100,80,0.0,73.416,0.77754,67.064,150,0.9,0,0.0012641,11.514,29.012,77805,86312.0,6.5021,297.95,329.37,1.6287,8.4677,,23,,1.3293,0.19197,,,1.5552,0,,0,0,2,79,79,0,79.0,160150.0
187.4,75,100,80,0.0,73.082,0.23326,0.0001,150,0.9,0,0.0012447,11.544,29.035,77860,86377.0,6.5015,297.88,304.09,1.629,8.4702,,23,,1.3097,0.19211,,,1.5555,0,,0,0,2,79,79,0,79.0,159420.0
187.6,75,100,80,0.0,73.025,0.069979,67.807,150,0.9,0,0.0012235,11.562,29.057,77915,86442.0,6.4984,297.98,339.53,1.6293,8.4601,,23,,1.3013,0.19218,,,1.5558,0,,0,0,2,79,79,0,79.0,160030.0
187.8,75,100,80,0.0,74.178,28.671,6.7807,150,0.9,0,0.0012233,11.564,29.08,77971,86507.0,6.4964,297.89,307.52,1.6296,8.4395,,23,,1.3038,0.19216,,,1.5561,0,,0,0,2,79,79,0,79.0,160140.0
188.0,75,100,80,0.0,76.123,8.6013,99.801,150,0.9,0,0.001236,11.559,29.102,78026,86572.0,6.4969,298.05,367.6,1.6299,8.4141,,23,,1.3096,0.19211,,,1.5564,0,,0,0,2,79,79,0,79.0,160740.0
188.2,75,100,80,0.0,77.876,60.244,9.9801,150,0.9,0,0.0012694,11.564,29.126,78082,86638.0,6.4955,297.93,323.17,1.6302,8.4046,,23,,1.2935,0.19223,,,1.5567,0,,0,0,2,79,79,0,79.0,161520.0
188.4,75,100,80,0.0,80.222,18.073,149.24,150,0.9,0,0.0012739,11.57,29.149,78139,86704.0,6.4955,298.2,422.65,1.6306,8.4154,,23,,1.2975,0.1922,,,1.557,0,,0,0,2,79,79,0,79.0,161130.0
188.6,75,100,80,0.0,82.537,107.54,14.924,150,0.9,0,0.0013404,11.534,29.172,78196,86771.0,6.497,298.03,359.85,1.6309,8.4283,,23,,1.3152,0.19207,,,1.5573,0,,0,0,2,79,79,0,79.0,160910.0
188.8,75,100,80,0.0,84.268,55.416,1.4924,150,0.9,0,0.0013402,11.528,29.196,78254,86839.0,6.4995,297.9,311.11,1.6312,8.4767,,23,,1.333,0.19194,,,1.5576,0,,0,0,2,79,79,0,79.0,160690.0
189.0,75,100,80,0.0,84.995,16.625,72.507,150,0.9,0,0.001354,11.535,29.22,78311,86906.0,6.505,297.99,344.1,1.6316,8.5366,,23,,1.3232,0.19201,,,1.558,0,,0,0,2,79,79,0,79.0,160970.0
189.2,75,100,80,0.0,83.49,44.003,7.2507,150,0.9,0,0.0013123,11.565,29.243,78368,86973.0,6.5116,297.89,306.75,1.6319,8.603,,23,,1.3083,0.19212,,,1.5583,0,,0,0,2,79,79,0,79.0,161080.0
189.4,75,100,80,0.0,79.379,13.201,117.8,150,0.9,0,0.0012954,11.587,29.266,78425,87039.0,6.5184,298.09,381.71,1.6322,8.6439,,23,,1.2818,0.19232,,,1.5586,0,,0,0,2,79,79,0,79.0,161520.0
189.6,75,100,80,0.0,72.527,78.191,11.78,150,0.9,0,0.0013094,11.549,29.29,78480,87104.0,6.5206,297.97,337.81,1.6325,8.6708,,23,,1.2978,0.1922,,,1.5589,0,,0,0,2,79,79,0,79.0,161300.0
189.8,75,100,80,0.0,64.804,39.921,1.178,150,0.9,0,0.0012788,11.544,29.313,78534,87168.0,6.519,297.87,299.2,1.6328,8.7071,,23,,1.2941,0.19222,,,1.5592,0,,0,0,2,79,79,0,79.0,162250.0
190.0,75,100,80,0.0,57.719,11.976,67.729,150,0.9,0,0.0012954,11.508,29.337,78586,87229.0,6.5114,297.96,332.13,1.6331,8.7425,,23,,1.3044,0.19215,,,1.5595,0,,0,0,2,79,79,0,79.0,161360.0
190.2,75,100,80,0.0,53.709,37.815,6.7729,150,0.9,-4000,0.001295,11.49,29.361,77944,86490.0,6.5292,297.87,300.32,1.6239,8.7933,,23,,1.3076,0.19214,,,1.5506,0,,0,0,2,79,79,0,79.0,161970.0
190.4,75,100,80,0.0,42.482,11.345,110.54,150,0.9,-4000,0.0013898,11.41,29.388,77299,85749.0,6.5373,298.07,374.3,1.6103,8.8242,,23,,1.3007,0.19222,,,1.5375,0,,0,0,2,79,79,0,79.0,160930.0
190.6,75,100,80,0.0,28.098,75.371,11.054,150,0.9,-4000,0.0013864,11.345,29.415,76652,85006.0,6.5324,297.97,336.44,1.5965,8.8958,,23,,1.3144,0.19214,,,1.5243,0,,0,0,2,79,79,0,79.0,162400.0
190.8,75,100,80,0.0,15.705,41.283,1.1054,150,0.9,-4000,0.0014576,11.257,29.444,76003,84259.0,6.5161,297.88,304.7,1.5827,8.9708,,23,,1.3233,0.1921,,,1.5111,0,,0,0,2,79,79,0,79.0,162200.0
191.0,75,100,80,0.0,9.82,12.385,65.463,150,0.9,-4000,0.0014768,11.227,29.473,75352,83512.0,6.496,297.98,342.21,1.5689,9.0722,,23,,1.3191,0.19216,,,1.4979,0,,0,0,2,79,79,0,79.0,163340.0
191.2,75,100,80,0.0,11.965,44.039,6.5463,150,0.9,-4000,0.0015895,11.159,29.503,74702,82765.0,6.4775,297.91,316.16,1.5552,9.1575,,23,,1.3398,0.19203,,,1.4847,0,,0,0,2,79,79,0,79.0,162320.0
191.4,75,100,80,0.0,21.473,13.212,108.99,150,0.9,-4000,0.0016783,11.169,29.534,74054,82020.0,6.4673,298.13,393.27,1.5415,9.2562,,23,,1.3129,0.19226,,,1.4716,0,,0,0,2,79,79,0,79.0,163300.0
191.6,75,100,80,0.0,35.034,84.617,10.899,150,0.9,-4000,0.0017038,11.232,29.563,73408,81278.0,6.4675,298.02,356.74,1.5279,9.3289,,23,,1.2776,0.19255,,,1.4585,0,,0,0,2,79,79,0,79.0,163440.0
191.8,75,100,80,0.0,48.526,52.307,1.0899,150,0.9,-4000,0.0017294,11.285,29.591,72766,80539.0,6.478,297.92,320.85,1.5143,9.338,,23,,1.2461,0.19282,,,1.4454,0,,0,0,2,79,79,0,79.0,162900.0
192.0,75,100,80,0.0,57.823,15.692,72.743,150,0.9,-4000,0.0017388,11.333,29.618,72125,79802.0,6.497,298.04,361.18,1.5006,9.2863,1198.0,23,1773.0,1.2156,0.19307,29.503,24.06,1.4324,0,77.952,0,0,2,79,79,0,79.0,162200.0
192.2,75,100,80,0.0,59.509,53.366,7.2743,150,0.9,0,0.0017876,11.317,29.645,72178,79865.0,6.4911,297.95,329.98,1.4969,9.1713,,23,,1.2149,0.19309,,,1.4288,0,,0,0,2,79,79,0,79.0,162330.0
192.4,75,100,80,0.0,63.675,16.01,119.54,150,0.9,0,0.0018125,11.321,29.671,72232,79929.0,6.4883,298.18,412.02,1.4972,9.0409,,23,,1.2157,0.19308,,,1.4291,0,,0,0,2,79,79,0,79.0,163960.0
192.6,75,100,80,0.0,68.847,96.012,11.954,150,0.9,0,0.0018183,11.341,29.698,72287,79994.0,6.4898,298.07,371.23,1.4977,8.89,,23,,1.2131,0.1931,,,1.4296,0,,0,0,2,79,79,0,79.0,162410.0
192.8,75,100,80,0.0,73.448,60.742,1.1954,150,0.9,0,0.0017904,11.361,29.723,72343,80059.0,6.4939,297.95,331.87,1.4982,8.7265,,23,,1.2142,0.19309,,,1.43,0,,0,0,2,79,79,0,79.0,164040.0
193.0,75,100,80,0.0,76.393,25.183,0.11954,150,0.9,0,0.0017927,11.372,29.749,72400,80126.0,6.5,297.87,303.29,1.4987,8.5636,,23,,1.2102,0.19312,,,1.4305,0,,0,0,2,79,79,0,79.0,163990.0
193.2,75,100,80,0.0,76.909,7.5548,47.191,150,0.9,0,0.0017699,11.39,29.774,72456,80192.0,6.5041,297.93,322.33,1.4992,8.4182,,23,,1.2051,0.19316,,,1.431,0,,0,0,2,79,79,0,79.0,163450.0
193.4,75,100,80,0.0,75.793,2.2664,0.0001,150,0.9,0,0.001767,11.379,29.8,72512,80258.0,6.5059,297.86,300.81,1.4997,8.2765,,23,,1.209,0.19313,,,1.4315,0,,0,0,2,79,79,0,79.0,164230.0
193.6,75,100,80,0.0,73.974,0.67993,61.418,150,0.9,0,0.0016931,11.408,29.825,72568,80324.0,6.5074,297.96,334.54,1.5002,8.1699,,23,,1.1988,0.1932,,,1.432,0,,0,0,2,79,79,0,79.0,163850.0
193.8,75,100,80,0.0,71.534,29.32,6.1418,150,0.9,0,0.0017237,11.398,29.85,72624,80389.0,6.5043,297.89,309.08,1.5007,8.0885,,23,,1.1938,0.19324,,,1.4324,0,,0,0,2,79,79,0,79.0,164140.0
194.0,75,100,80,0.0,70.343,8.7959,97.539,150,0.9,0,0.0017114,11.392,29.875,72679,80454.0,6.5,298.07,372.4,1.5012,8.0383,,23,,1.201,0.19318,,,1.4329,0,,0,0,2,79,79,0,79.0,163760.0
194.2,75,100,80,0.0,70.853,67.488,9.7539,150,0.9,0,0.0017263,11.375,29.9,72734,80519.0,6.4936,297.96,333.85,1.5016,8.0115,,23,,1.2169,0.19306,,,1.4333,0,,0,0,2,79,79,0,79.0,163880.0
194.4,75,100,80,0.0,73.943,30.799,0.97539,150,0.9,0,0.0017546,11.378,29.925,72790,80584.0,6.4891,297.87,302.01,1.5021,8.0248,,23,,1.2137,0.19308,,,1.4338,0,,0,0,2,79,79,0,79.0,165000.0
194.6,75,100,80,0.0,78.823,9.2398,56.848,150,0.9,0,0.0016793,11.436,29.949,72846,80651.0,6.4902,297.94,327.59,1.5026,8.0559,,23,,1.2024,0.19317,,,1.4343,0,,0,0,2,79,79,0,79.0,164110.0
194.8,75,100,80,0.0,83.264,2.7719,0.0001,150,0.9,0,0.0017063,11.445,29.972,72904,80718.0,6.4959,297.87,304.13,1.5031,8.0661,,23,,1.2038,0.19316,,,1.4347,0,,0,0,2,79,79,0,79.0,164220.0
195.0,75,100,80,0.0,85.405,0.83158,66.097,150,0.9,0,0.0016673,11.464,29.995,72962,80786.0,6.5045,297.98,340.17,1.5035,8.0788,,23,,1.2071,0.19313,,,1.4351,0,,0,0,2,79,79,0,79.0,164160.0
195.2,75,100,80,0.0,84.101,31.97,6.6097,150,0.9,0,0.0016846,11.457,30.018,73020,80854.0,6.5116,297.9,311.74,1.504,8.0867,,23,,1.2022,0.19317,,,1.4356,0,,0,0,2,79,79,0,79.0,165110.0
195.4,75,100,80,0.0,79.966,9.5911,102.55,150,0.9,0,0.0016779,11.439,30.041,73077,80921.0,6.5173,298.08,377.74,1.5044,8.1004,,23,,1.2116,0.1931,,,1.436,0,,0,0,2,79,79,0,79.0,164550.0
195.6,75,100,80,0.0,73.583,70.922,10.255,150,0.9,0,0.0016589,11.437,30.064,73133,80986.0,6.5179,297.97,337.91,1.5049,8.1283,,23,,1.2032,0.19316,,,1.4364,0,,0,0,2,79,79,0,79.0,164990.0
195.8,75,100,80,0.0,66.944,33.678,1.0255,150,0.9,0,0.0016357,11.412,30.088,73187,81050.0,6.5134,297.87,304.01,1.5053,8.1644,,23,,1.2117,0.19309,,,1.4368,0,,0,0,2,79,79,0,79.0,164600.0
196.0,75,100,80,0.0,62.134,10.103,59.336,150,0.9,0,0.0016805,11.375,30.112,73240,81113.0,6.5034,297.96,333.1,1.5057,8.2152,,23,,1.2133,0.19308,,,1.4373,0,,0,0,2,79,79,0,79.0,164720.0
196.2,75,100,80,0.0,61.32,34.525,5.9336,150,0.9,0,0.0016618,11.39,30.136,73294,81176.0,6.4958,297.88,305.07,1.5062,8.2993,,23,,1.2027,0.19316,,,1.4377,0,,0,0,2,79,79,0,79.0,166170.0
196.4,75,100,80,0.0,63.518,10.357,103.38,150,0.9,0,0.0016203,11.414,30.16,73347,81240.0,6.4911,298.07,372.4,1.5066,8.3673,,23,,1.2053,0.19314,,,1.4381,0,,0,0,2,79,79,0,79.0,164780.0
196.6,75,100,80,0.0,67.587,72.031,10.338,150,0.9,0,0.0016019,11.442,30.183,73402,81304.0,6.4931,297.95,330.4,1.5071,8.4133,,23,,1.1929,0.19323,,,1.4385,0,,0,0,2,79,79,0,79.0,166390.0
196.8,75,100,80,0.0,70.865,21.609,165.36,150,0.9,0,0.0016034,11.457,30.205,73457,81369.0,6.4965,298.28,447.19,1.5075,8.443,,23,,1.1944,0.19322,,,1.4389,0,,0,0,2,79,79,0,79.0,165830.0
197.0,75,100,80,0.0,72.773,134.34,16.536,150,0.9,0,0.0016192,11.435,30.228,73513,81434.0,6.5001,298.12,389.38,1.5079,8.4472,,23,,1.2121,0.19309,,,1.4393,0,,0,0,2,79,79,0,79.0,165440.0
197.2,75,100,80,0.0,73.261,86.074,1.6536,150,0.9,0,0.0016306,11.412,30.252,73568,81499.0,6.5025,297.97,336.71,1.5083,8.453,,23,,1.2333,0.19293,,,1.4397,0,,0,0,2,79,79,0,79.0,166220.0
197.4,75,100,80,0.0,72.769,40.423,0.16536,150,0.9,0,0.0016561,11.412,30.276,73624,81565.0,6.5025,297.86,299.98,1.5088,8.4624,,23,,1.2266,0.19297,,,1.4402,0,,0,0,2,79,79,0,79.0,167160.0
197.6,75,100,80,0.0,72.287,12.127,61.531,150,0.9,0,0.0016865,11.398,30.3,73679,81630.0,6.5006,297.95,329.17,1.5092,8.4752,,23,,1.229,0.19296,,,1.4406,0,,0,0,2,79,79,0,79.0,166780.0
197.8,75,100,80,0.0,72.562,3.6381,0.0001,150,0.9,0,0.0016637,11.42,30.323,73735,81696.0,6.5012,297.88,306.13,1.5096,8.4894,,23,,1.2172,0.19304,,,1.441,0,,0,0,2,79,79,0,79.0,165390.0
198.0,75,100,80,0.0,72.613,1.0914,67.326,150,0.9,0,0.001679,11.429,30.347,73790,81761.0,6.5008,297.99,344.5,1.5101,8.4809,,23,,1.2071,0.19312,,,1.4414,0,,0,0,2,79,79,0,79.0,165500.0
198.2,75,100,80,0.0,72.808,34.321,6.7326,150,0.9,0,0.001638,11.435,30.37,73846,81826.0,6.498,297.91,316.24,1.5105,8.4603,,23,,1.2168,0.19305,,,1.4418,0,,0,0,2,79,79,0,79.0,167110.0
198.4,75,100,80,0.0,74.154,10.296,103.1,150,0.9,0,0.0016495,11.434,30.393,73902,81892.0,6.4972,298.1,382.89,1.5109,8.4238,,23,,1.2189,0.19303,,,1.4422,0,,0,0,2,79,79,0,79.0,165890.0
198.6,75,100,80,0.0,75.771,72.019,10.31,150,0.9,0,0.00163,11.446,30.415,73958,81958.0,6.4951,297.99,345.25,1.5114,8.3745,,23,,1.2196,0.19302,,,1.4426,0,,0,0,2,79,79,0,79.0,166830.0
198.8,75,100,80,0.0,78.248,37.839,1.031,150,0.9,0,0.0015863,11.477,30.437,74014,82024.0,6.4929,297.89,310.52,1.5118,8.3159,,23,,1.2171,0.19304,,,1.443,0,,0,0,2,79,79,0,79.0,166930.0
199.0,75,100,80,0.0,81.614,11.352,61.829,150,0.9,0,0.001592,11.477,30.459,74072,82091.0,6.4922,297.97,339.14,1.5122,8.23,,23,,1.2221,0.193,,,1.4434,0,,0,0,2,79,79,0,79.0,166030.0
199.2,75,100,80,0.0,85.234,35.743,6.1829,150,0.9,0,0.0015428,11.519,30.48,74130,82159.0,6.4946,297.89,309.9,1.5125,8.1554,,23,,1.2112,0.19308,,,1.4438,0,,0,0,2,79,79,0,79.0,166460.0
199.4,75,100,80,0.0,87.887,10.723,101.83,150,0.9,0,0.0015222,11.548,30.499,74188,82227.0,6.4953,298.07,373.45,1.5129,8.0523,,23,,1.2026,0.19315,,,1.4441,0,,0,0,2,79,79,0,79.0,167220.0
199.6,75,100,80,0.0,90.28,68.563,10.183,150,0.9,0,0.0015066,11.574,30.519,74247,82295.0,6.4972,297.97,339.28,1.5133,7.9306,,23,,1.1918,0.19323,,,1.4445,0,,0,0,2,79,79,0,79.0,167320.0
199.8,75,100,80,0.0,91.93,36.937,1.0183,150,0.9,0,0.001544,11.57,30.539,74306,82364.0,6.4979,297.88,306.17,1.5136,7.8028,,23,,1.1879,0.19326,,,1.4448,0,,0,0,2,79,79,0,79.0,167080.0
200.0,75,100,80,0.0,93.276,11.081,64.356,150,0.9,0,0.0015445,11.555,30.558,74366,82433.0,6.4992,297.97,336.57,1.514,7.6902,,23,,1.209,0.1931,,,1.4452,0,,0,0,2,79,79,0,79.0,167000.0
200.2,65,100,80,0.0,94.106,36.593,6.4356,250,0.9,0,0.0015784,11.681,30.57,74445,82522.0,6.499,297.89,307.98,1.7265,7.5891,,23,,1.1637,0.19168,,,1.4292,0,,0,0,2,79,79,0,79.0,167390.0
200.4,65,100,80,0.0,95.011,10.978,104.22,250,0.9,0,0.0015785,11.698,30.582,74525,82612.0,6.4988,298.07,373.15,1.7416,7.3042,,23,,1.1757,0.19154,,,1.4417,0,,0,0,2,79,79,0,79.0,167780.0
200.6,65,100,80,0.0,96.03,69.898,10.422,250,0.9,0,0.0015797,11.715,30.593,74605,82701.0,6.5009,297.97,338.72,1.743,7.0215,,23,,1.1711,0.19158,,,1.4429,0,,0,0,2,79,79,0,79.0,168170.0
200.8,65,100,80,0.0,96.167,38.106,1.0422,250,0.9,0,0.0015399,11.734,30.604,74685,82791.0,6.5051,297.88,303.71,1.7435,6.7515,,23,,1.1742,0.19155,,,1.4434,0,,0,0,2,79,79,0,79.0,168050.0
201.0,65,100,80,0.0,94.634,11.432,68.215,250,0.9,0,0.0015388,11.714,30.615,74764,82880.0,6.5097,297.97,336.11,1.7439,6.4928,,23,,1.193,0.19139,,,1.4437,0,,0,0,2,79,79,0,79.0,168270.0
201.2,65,100,80,0.0,91.254,38.505,6.8215,250,0.9,0,0.0015929,11.683,30.627,74843,82968.0,6.514,297.88,304.62,1.7443,6.2817,,23,,1.1968,0.19135,,,1.444,0,,0,0,2,79,79,0,79.0,167830.0
201.4,65,100,80,0.0,86.175,11.551,111.49,250,0.9,0,0.0016255,11.648,30.64,74920,83056.0,6.5115,298.07,374.99,1.7448,6.1399,,23,,1.2094,0.19124,,,1.4444,0,,0,0,2,79,79,0,79.0,167890.0
201.6,65,100,80,0.0,82.131,74.831,11.149,250,0.9,0,0.0015986,11.637,30.652,74997,83142.0,6.5073,297.96,333.79,1.7452,6.0708,,23,,1.2246,0.19111,,,1.4448,0,,0,0,2,79,79,0,79.0,168610.0
201.8,65,100,80,0.0,79.732,36.821,1.1149,250,0.9,0,0.0015908,11.625,30.665,75074,83228.0,6.5064,297.86,296.74,1.7456,6.0553,,23,,1.2363,0.19101,,,1.4451,0,,0,0,2,79,79,0,79.0,168170.0
202.0,65,100,80,0.0,77.671,11.046,67.682,250,0.9,0,0.0015748,11.617,30.678,75150,83314.0,6.5029,297.94,327.91,1.7461,6.0917,,23,,1.2466,0.19092,,,1.4455,0,,0,0,2,79,79,0,79.0,167900.0
202.2,65,100,80,0.0,77.059,3.3139,0.0001,250,0.9,0,0.0015824,11.619,30.691,75225,83399.0,6.4969,297.87,300.94,1.7465,6.1736,,23,,1.2474,0.19091,,,1.4458,0,,0,0,2,79,79,0,79.0,168800.0
202.4,65,100,80,0.0,78.815,0.99417,73.408,250,0.9,0,0.0015725,11.633,30.704,75302,83485.0,6.4927,297.98,340.76,1.7469,6.2882,,23,,1.2492,0.19089,,,1.4462,0,,0,0,2,79,79,0,79.0,167860.0
202.6,65,100,80,0.0,82.262,34.441,7.3408,250,0.9,0,0.0015817,11.63,30.716,75378,83572.0,6.4909,297.89,308.58,1.7473,6.4103,,23,,1.261,0.19079,,,1.4465,0,,0,0,2,79,79,0,79.0,167410.0
202.8,65,100,80,0.0,86.43,10.332,110.47,250,0.9,0,0.0015553,11.678,30.728,75456,83659.0,6.4926,298.08,377.65,1.7477,6.5398,,23,,1.2443,0.19093,,,1.4469,0,,0,0,2,79,79,0,79.0,168640.0
203.0,65,100,80,0.0,89.913,72.33,11.047,250,0.9,0,0.0015979,11.687,30.74,75535,83747.0,6.4942,297.96,333.22,1.7481,6.6555,,23,,1.2378,0.19099,,,1.4472,0,,0,0,2,79,79,0,79.0,167690.0
203.2,65,100,80,0.0,92.756,31.813,1.1047,250,0.9,0,0.0016425,11.683,30.752,75614,83836.0,6.4996,297.85,295.53,1.7486,6.7545,,23,,1.2396,0.19097,,,1.4476,0,,0,0,2,79,79,0,79.0,168250.0
203.4,65,100,80,0.0,93.428,9.5438,61.503,250,0.9,0,0.0016887,11.673,30.764,75693,83926.0,6.5055,297.92,321.22,1.7491,6.843,,23,,1.2421,0.19095,,,1.448,0,,0,0,2,79,79,0,79.0,168470.0
203.6,65,100,80,0.0,91.727,2.8632,0.0001,250,0.9,0,0.0017217,11.658,30.776,75772,84014.0,6.5057,297.85,294.23,1.7496,6.9265,,23,,1.2445,0.19093,,,1.4484,0,,0,0,2,79,79,0,79.0,168360.0
203.8,65,100,80,0.0,89.976,0.85895,72.479,250,0.9,0,0.0017798,11.626,30.788,75850,84103.0,6.506,297.96,333.19,1.7501,7.005,,23,,1.2563,0.19083,,,1.4488,0,,0,0,2,79,79,0,79.0,169090.0
204.0,65,100,80,0.0,88.088,32.55,7.2479,250,0.9,0,0.0017792,11.614,30.801,75928,84191.0,6.5092,297.87,300.93,1.7506,7.0684,1197.8,23,1812.5,1.2645,0.19075,30.752,23.734,1.4493,0,78.363,0,0,2,79,79,0,79.0,168310.0
204.2,65,100,80,0.0,84.935,9.7649,111.79,250,0.9,0,0.0017607,11.616,30.814,76006,84279.0,6.5093,298.06,371.45,1.7511,7.1211,,23,,1.2649,0.19075,,,1.4497,0,,0,0,2,79,79,0,79.0,169040.0
204.4,65,100,80,0.0,81.757,71.873,11.179,250,0.9,0,0.0017204,11.611,30.827,76083,84366.0,6.5087,297.94,326.48,1.7517,7.154,,23,,1.2766,0.19065,,,1.4501,0,,0,0,2,79,79,0,79.0,168770.0
204.6,65,100,80,0.0,78.801,21.562,168.94,250,0.9,0,0.001724,11.594,30.84,76159,84452.0,6.5055,298.25,442.46,1.7522,7.1666,,23,,1.287,0.19056,,,1.4506,0,,0,0,2,79,79,0,79.0,168330.0
204.8,65,100,80,0.0,77.115,129.11,16.894,250,0.9,0,0.0017231,11.599,30.853,76235,84538.0,6.5013,298.08,377.2,1.7527,7.1726,,23,,1.2823,0.19059,,,1.451,0,,0,0,2,79,79,0,79.0,169060.0
205.0,65,100,80,0.0,77.103,75.062,1.6894,250,0.9,0,0.00162,11.652,30.864,76311,84624.0,6.4984,297.93,321.41,1.7532,7.1662,,23,,1.273,0.19067,,,1.4514,0,,0,0,2,79,79,0,79.0,169610.0
205.2,65,100,80,0.0,78.239,22.518,91.054,250,0.9,0,0.0016253,11.679,30.876,76387,84710.0,6.4967,298.05,367.25,1.7536,7.126,,23,,1.2545,0.19083,,,1.4518,0,,0,0,2,79,79,0,79.0,168670.0
205.4,65,100,80,0.0,80.067,63.783,9.1054,250,0.9,0,0.0016007,11.686,30.887,76463,84796.0,6.4992,297.93,322.72,1.7541,7.0661,,23,,1.2605,0.19078,,,1.4522,0,,0,0,2,79,79,0,79.0,169390.0
205.6,65,100,80,0.0,80.886,19.135,145.26,250,0.9,0,0.0016087,11.688,30.899,76540,84882.0,6.5026,298.19,418.49,1.7545,7.001,,23,,1.2632,0.19076,,,1.4525,0,,0,0,2,79,79,0,79.0,168770.0
205.8,65,100,80,0.0,80.371,106.87,14.526,250,0.9,0,0.0015888,11.683,30.91,76617,84969.0,6.5047,298.03,359.16,1.755,6.9328,,23,,1.2751,0.19065,,,1.4529,0,,0,0,2,79,79,0,79.0,168330.0
206.0,65,100,80,0.0,79.03,56.619,1.4526,250,0.9,0,0.0015852,11.684,30.921,76693,85055.0,6.503,297.89,309.29,1.7554,6.8653,,23,,1.2745,0.19066,,,1.4533,0,,0,0,2,79,79,0,79.0,169550.0
206.2,65,100,80,0.0,78.36,16.986,78.27,250,0.9,0,0.0016284,11.663,30.933,76769,85141.0,6.5039,297.99,345.91,1.7559,6.8028,,23,,1.2828,0.19058,,,1.4537,0,,0,0,2,79,79,0,79.0,169100.0
206.4,65,100,80,0.0,77.3,48.115,7.827,250,0.9,0,0.0015965,11.679,30.945,76845,85227.0,6.5028,297.88,305.0,1.7563,6.7616,,23,,1.2816,0.19059,,,1.454,0,,0,0,2,79,79,0,79.0,170320.0
206.6,65,100,80,0.0,76.691,14.434,129.59,250,0.9,0,0.0015921,11.687,30.956,76920,85312.0,6.499,298.11,388.47,1.7568,6.7236,,23,,1.2861,0.19055,,,1.4544,0,,0,0,2,79,79,0,79.0,169210.0
206.8,65,100,80,0.0,77.617,88.441,12.959,250,0.9,0,0.0016352,11.68,30.968,76996,85398.0,6.4955,297.97,336.35,1.7572,6.6855,,23,,1.2815,0.19059,,,1.4548,0,,0,0,2,79,79,0,79.0,169600.0
207.0,65,100,80,0.0,79.956,42.345,1.2959,250,0.9,0,0.0016264,11.703,30.979,77073,85484.0,6.4941,297.85,292.93,1.7577,6.6812,,23,,1.2744,0.19065,,,1.4552,0,,0,0,2,79,79,0,79.0,170480.0
207.2,65,100,80,0.0,82.822,12.704,72.373,250,0.9,0,0.0016076,11.74,30.99,77149,85571.0,6.4933,297.94,326.41,1.7582,6.6769,,23,,1.2596,0.19078,,,1.4555,0,,0,0,2,79,79,0,79.0,169200.0
207.4,65,100,80,0.0,86.003,3.8111,0.0001,250,0.9,0,0.0015901,11.776,31.0,77227,85658.0,6.4926,297.86,298.59,1.7586,6.6747,,23,,1.2442,0.19091,,,1.4559,0,,0,0,2,79,79,0,79.0,168750.0
207.6,65,100,80,0.0,89.467,1.1433,75.724,250,0.9,0,0.0015866,11.806,31.01,77305,85747.0,6.4908,297.98,339.93,1.759,6.6735,,23,,1.2342,0.191,,,1.4563,0,,0,0,2,79,79,0,79.0,169960.0
207.8,65,100,80,0.0,93.688,34.889,7.5724,250,0.9,0,0.0015965,11.821,31.02,77384,85835.0,6.4897,297.88,305.92,1.7595,6.6551,,23,,1.2316,0.19102,,,1.4566,0,,0,0,2,79,79,0,79.0,169340.0
208.0,65,100,80,0.0,98.327,10.467,113.0,250,0.9,0,0.0015661,11.856,31.029,77464,85925.0,6.4896,298.07,376.75,1.7599,6.6428,,23,,1.2278,0.19105,,,1.457,0,,0,0,2,79,79,0,79.0,170050.0
208.2,65,100,80,0.0,103.01,72.22,11.3,250,0.9,0,0.001552,11.889,31.038,77545,86016.0,6.4911,297.95,331.9,1.7603,6.6255,,23,,1.222,0.1911,,,1.4573,0,,0,0,2,79,79,0,79.0,170590.0
208.4,65,100,80,0.0,107.08,32.214,1.13,250,0.9,0,0.0015292,11.914,31.046,77627,86107.0,6.4965,297.85,293.84,1.7607,6.5902,,23,,1.225,0.19108,,,1.4576,0,,0,0,2,79,79,0,79.0,169630.0
208.6,65,100,80,0.0,108.99,9.6642,62.188,250,0.9,0,0.0015141,11.935,31.053,77709,86199.0,6.5041,297.92,319.58,1.761,6.543,,23,,1.2238,0.19109,,,1.4579,0,,0,0,2,79,79,0,79.0,170500.0
208.8,65,100,80,0.0,107.85,2.8993,0.0001,250,0.9,0,0.0015,11.943,31.06,77791,86291.0,6.5148,297.85,292.14,1.7614,6.4842,,23,,1.2256,0.19107,,,1.4582,0,,0,0,2,79,79,0,79.0,169530.0
209.0,65,100,80,0.0,102.43,0.86978,72.354,250,0.9,0,0.0015009,11.924,31.069,77871,86381.0,6.5217,297.95,330.55,1.7617,6.4272,,23,,1.2336,0.191,,,1.4585,0,,0,0,2,79,79,0,79.0,170400.0
209.2,65,100,80,0.0,94.271,31.006,7.2354,250,0.9,0,0.0014693,11.94,31.077,77951,86470.0,6.5247,297.86,298.09,1.7621,6.3856,,23,,1.2165,0.19115,,,1.4588,0,,0,0,2,79,79,0,79.0,170600.0
209.4,65,100,80,0.0,84.916,9.3018,109.64,250,0.9,0,0.0014829,11.897,31.085,78028,86557.0,6.5259,298.05,366.47,1.7624,6.3475,,23,,1.2296,0.19103,,,1.4591,0,,0,0,2,79,79,0,79.0,169650.0
209.6,65,100,80,0.0,75.062,67.538,10.964,250,0.9,0,0.0014063,11.902,31.094,78103,86641.0,6.5254,297.93,322.74,1.7627,6.3407,,23,,1.2362,0.19098,,,1.4593,0,,0,0,2,79,79,0,79.0,171020.0
209.8,65,100,80,0.0,65.427,20.261,161.84,250,0.9,0,0.0014321,11.841,31.103,78176,86724.0,6.5193,298.22,432.55,1.763,6.3211,,23,,1.2594,0.19077,,,1.4595,0,,0,0,2,79,79,0,79.0,170560.0
210.0,65,100,80,0.0,58.258,118.96,16.184,250,0.9,0,0.0014788,11.781,31.114,78248,86806.0,6.5103,298.06,372.64,1.7633,6.341,,23,,1.2824,0.19057,,,1.4598,0,,0,0,2,79,79,0,79.0,169440.0
210.2,65,100,80,0.0,54.657,70.307,1.6184,250,0.9,-4000,0.0014728,11.792,31.124,77626,86086.0,6.5271,297.92,320.01,1.7538,6.4002,,23,,1.2704,0.1907,,,1.4519,0,,0,0,2,79,79,0,79.0,170830.0
210.4,65,100,80,0.0,44.241,21.092,88.163,250,0.9,-4000,0.0014442,11.791,31.135,77002,85365.0,6.5341,298.04,364.2,1.7392,6.4587,,23,,1.2492,0.19091,,,1.4397,0,,0,0,2,79,79,0,79.0,170880.0
210.6,65,100,80,0.0,31.152,60.096,8.8163,250,0.9,-4000,0.0015149,11.708,31.147,76376,84641.0,6.5305,297.92,320.92,1.7242,6.5217,,23,,1.2543,0.19089,,,1.4273,0,,0,0,2,79,79,0,79.0,169270.0
210.8,65,100,80,0.0,19.498,18.029,140.05,250,0.9,-4000,0.0015718,11.634,31.161,75747,83915.0,6.5181,298.17,412.69,1.7092,6.6218,,23,,1.265,0.19083,,,1.4148,0,,0,0,2,79,79,0,79.0,169330.0
211.0,65,100,80,0.0,12.813,102.32,14.005,250,0.9,-4000,0.0016418,11.577,31.175,75117,83187.0,6.5009,298.02,355.91,1.6942,6.7449,,23,,1.2737,0.19078,,,1.4023,0,,0,0,2,79,79,0,79.0,169900.0
211.2,65,100,80,0.0,12.996,53.146,1.4005,250,0.9,-4000,0.0017863,11.535,31.19,74488,82460.0,6.4832,297.89,308.63,1.6793,6.8759,,23,,1.2646,0.19089,,,1.39,0,,0,0,2,79,79,0,79.0,170310.0
211.4,65,100,80,0.0,20.233,15.944,76.083,250,0.9,-4000,0.0017982,11.582,31.205,73859,81734.0,6.4733,297.99,344.96,1.6645,7.0135,,23,,1.2388,0.19114,,,1.3776,0,,0,0,2,79,79,0,79.0,170710.0
211.6,65,100,80,0.0,31.426,47.702,7.6083,250,0.9,-4000,0.0019251,11.586,31.218,73234,81011.0,6.4715,297.88,307.5,1.6497,7.107,,23,,1.2287,0.19126,,,1.3653,0,,0,0,2,79,79,0,79.0,170270.0
211.8,65,100,80,0.0,43.333,14.311,128.18,250,0.9,-4000,0.0020217,11.624,31.23,72610,80291.0,6.4768,298.12,391.11,1.6349,7.1491,,23,,1.2044,0.1915,,,1.353,0,,0,0,2,79,79,0,79.0,170990.0
212.0,65,100,80,0.0,53.109,92.683,12.818,250,0.9,-4000,0.0020631,11.661,31.241,71989,79572.0,6.4886,297.97,338.63,1.6202,7.1248,,23,,1.1756,0.19178,,,1.3408,0,,0,0,2,79,79,0,79.0,171710.0
212.2,65,100,80,0.0,58.148,43.512,1.2818,250,0.9,0,0.0019438,11.722,31.251,72061,79654.0,6.4773,297.85,296.22,1.6156,7.038,,23,,1.1579,0.19194,,,1.337,0,,0,0,2,79,79,0,79.0,170590.0
212.4,65,100,80,0.0,67.829,13.054,72.899,250,0.9,0,0.0019506,11.756,31.26,72136,79738.0,6.4723,297.95,331.23,1.6158,6.9018,,23,,1.158,0.19194,,,1.3371,0,,0,0,2,79,79,0,79.0,170800.0
212.6,65,100,80,0.0,79.407,3.9161,0.0001,250,0.9,0,0.0019389,11.822,31.268,72212,79824.0,6.4723,297.87,304.51,1.6164,6.7248,,23,,1.1364,0.19213,,,1.3376,0,,0,0,2,79,79,0,79.0,170500.0
212.8,65,100,80,0.0,90.993,1.1748,77.709,250,0.9,0,0.0019152,11.888,31.275,72291,79913.0,6.4765,298.0,348.65,1.6169,6.5246,,23,,1.1163,0.1923,,,1.338,0,,0,0,2,79,79,0,79.0,171040.0
213.0,65,100,80,0.0,100.9,40.62,7.7709,250,0.9,0,0.0018837,11.94,31.281,72372,80004.0,6.4868,297.89,311.92,1.6174,6.3086,,23,,1.1054,0.1924,,,1.3385,0,,0,0,2,79,79,0,79.0,169900.0
213.2,65,100,80,0.0,106.68,12.186,125.18,250,0.9,0,0.0019571,11.939,31.287,72454,80095.0,6.4948,298.13,393.21,1.618,6.092,,23,,1.1058,0.19239,,,1.3389,0,,0,0,2,79,79,0,79.0,171090.0
213.4,65,100,80,0.0,109.3,89.22,12.518,250,0.9,0,0.0018363,11.99,31.292,72537,80187.0,6.501,297.97,339.71,1.6185,5.8928,,23,,1.0986,0.19245,,,1.3394,0,,0,0,2,79,79,0,79.0,170450.0
213.6,65,100,80,0.0,109.41,39.442,1.2518,250,0.9,0,0.0017657,12.024,31.297,72619,80279.0,6.507,297.86,298.83,1.619,5.7061,,23,,1.0908,0.19252,,,1.3398,0,,0,0,2,79,79,0,79.0,171140.0
213.8,65,100,80,0.0,107.14,11.833,64.987,250,0.9,0,0.0017947,11.99,31.302,72701,80371.0,6.5104,297.94,327.16,1.6195,5.5368,,23,,1.1097,0.19235,,,1.3402,0,,0,0,2,79,79,0,79.0,171990.0
214.0,65,100,80,0.0,103.49,3.5498,0.0001,250,0.9,0,0.0018212,11.963,31.308,72782,80462.0,6.5125,297.86,300.45,1.62,5.4077,,23,,1.1217,0.19225,,,1.3406,0,,0,0,2,79,79,0,79.0,171180.0
214.2,65,100,80,0.0,98.993,1.0649,74.385,250,0.9,0,0.0018543,11.946,31.313,72862,80552.0,6.5129,297.98,341.63,1.6206,5.3261,,23,,1.1215,0.19225,,,1.3411,0,,0,0,2,79,79,0,79.0,171370.0
214.4,65,100,80,0.0,94.352,36.848,7.4385,250,0.9,0,0.0017705,11.965,31.318,72942,80641.0,6.5136,297.88,308.86,1.6211,5.2913,,23,,1.1212,0.19225,,,1.3415,0,,0,0,2,79,79,0,79.0,171730.0
214.6,65,100,80,0.0,89.451,11.054,117.09,250,0.9,0,0.0017828,11.932,31.323,73020,80729.0,6.5139,298.1,384.03,1.6216,5.2887,,23,,1.1422,0.19207,,,1.3419,0,,0,0,2,79,79,0,79.0,170090.0
214.8,65,100,80,0.0,84.424,81.068,11.709,250,0.9,0,0.0017748,11.9,31.329,73097,80816.0,6.509,297.97,337.49,1.6221,5.3321,,23,,1.1638,0.19188,,,1.3423,0,,0,0,2,79,79,0,79.0,171440.0
215.0,65,100,80,0.0,81.356,37.62,1.1709,250,0.9,0,0.0016683,11.931,31.334,73174,80902.0,6.5054,297.86,300.04,1.6225,5.4125,,23,,1.1651,0.19187,,,1.3427,0,,0,0,2,79,79,0,79.0,170470.0
215.2,65,100,80,0.0,79.715,11.286,64.401,250,0.9,0,0.0016702,11.93,31.34,73251,80988.0,6.5034,297.94,328.66,1.6229,5.5094,,23,,1.1649,0.19187,,,1.3431,0,,0,0,2,79,79,0,79.0,171990.0
215.4,65,100,80,0.0,78.878,3.3858,0.0001,250,0.9,0,0.0016844,11.914,31.346,73327,81073.0,6.4981,297.87,302.08,1.6234,5.6259,,23,,1.1788,0.19175,,,1.3434,0,,0,0,2,79,79,0,79.0,171350.0
215.6,65,100,80,0.0,80.155,1.0157,72.956,250,0.9,0,0.0016149,11.967,31.351,73403,81159.0,6.496,297.98,341.92,1.6238,5.7429,,23,,1.1616,0.19189,,,1.3438,0,,0,0,2,79,79,0,79.0,170870.0
215.8,65,100,80,0.0,82.256,35.377,7.2956,250,0.9,0,0.0015889,11.999,31.355,73480,81246.0,6.4956,297.89,309.62,1.6242,5.8422,,23,,1.1474,0.19202,,,1.3441,0,,0,0,2,79,79,0,79.0,171730.0
216.0,65,100,80,0.0,84.515,10.613,113.34,250,0.9,0,0.0016255,11.975,31.36,73558,81332.0,6.4994,298.09,381.89,1.6246,5.9184,1198.8,23,1845.0,1.168,0.19184,31.34,23.201,1.3444,0,74.375,0,0,2,79,79,0,79.0,171750.0
216.2,65,100,80,0.0,85.258,77.356,11.334,250,0.9,0,0.0016676,11.956,31.364,73635,81419.0,6.5059,297.96,336.9,1.625,5.9756,,23,,1.1796,0.19174,,,1.3448,0,,0,0,2,79,79,0,79.0,171100.0
216.4,65,100,80,0.0,83.412,35.544,1.1334,250,0.9,0,0.0016197,11.978,31.369,73712,81506.0,6.5139,297.86,298.82,1.6254,6.0261,,23,,1.1751,0.19177,,,1.3451,0,,0,0,2,79,79,0,79.0,170620.0
216.6,65,100,80,0.0,78.346,10.663,64.515,250,0.9,0,0.0016032,11.96,31.374,73789,81592.0,6.5183,297.94,327.4,1.6258,6.0558,,23,,1.1846,0.19169,,,1.3455,0,,0,0,2,79,79,0,79.0,171140.0
216.8,65,100,80,0.0,71.543,3.199,0.0001,250,0.9,0,0.0015737,11.964,31.379,73863,81676.0,6.5167,297.86,300.71,1.6262,6.0834,,23,,1.1791,0.19174,,,1.3458,0,,0,0,2,79,79,0,79.0,172000.0
217.0,65,100,80,0.0,65.411,0.9597,73.17,250,0.9,0,0.001643,11.9,31.385,73937,81759.0,6.5121,297.97,340.65,1.6266,6.0955,,23,,1.2011,0.19155,,,1.3461,0,,0,0,2,79,79,0,79.0,170860.0
217.2,65,100,80,0.0,61.106,35.012,7.317,250,0.9,0,0.0015449,11.925,31.391,74010,81841.0,6.5044,297.89,308.77,1.627,6.1262,,23,,1.2068,0.1915,,,1.3464,0,,0,0,2,79,79,0,79.0,172050.0
217.4,65,100,80,0.0,59.864,10.504,112.7,250,0.9,0,0.0014923,11.952,31.396,74082,81923.0,6.4997,298.09,380.23,1.6273,6.1283,,23,,1.205,0.19151,,,1.3467,0,,0,0,2,79,79,0,79.0,171080.0
217.6,65,100,80,0.0,60.508,75.878,11.27,250,0.9,0,0.0014228,12.003,31.4,74155,82004.0,6.4942,297.96,334.81,1.6276,6.1006,,23,,1.1892,0.19165,,,1.347,0,,0,0,2,79,79,0,79.0,170930.0
217.8,65,100,80,0.0,63.37,33.777,1.127,250,0.9,0,0.001437,12.003,31.405,74228,82087.0,6.4893,297.85,296.62,1.6279,6.0417,,23,,1.1941,0.1916,,,1.3472,0,,0,0,2,79,79,0,79.0,171110.0
218.0,65,100,80,0.0,68.18,10.133,63.667,250,0.9,0,0.0013911,12.068,31.408,74302,82170.0,6.4883,297.93,324.38,1.6282,5.9786,,23,,1.173,0.19179,,,1.3474,0,,0,0,2,79,79,0,79.0,171790.0
218.2,65,100,80,0.0,73.378,3.0399,0.0001,250,0.9,0,0.0013857,12.114,31.411,74377,82254.0,6.4883,297.85,297.62,1.6284,5.892,,23,,1.1458,0.19202,,,1.3476,0,,0,0,2,79,79,0,79.0,172140.0
218.4,65,100,80,0.0,78.592,0.91197,73.83,250,0.9,0,0.0013658,12.154,31.414,74453,82339.0,6.4941,297.97,338.09,1.6286,5.8062,,23,,1.1366,0.1921,,,1.3478,0,,0,0,2,79,79,0,79.0,171490.0
218.6,65,100,80,0.0,81.46,34.897,7.383,250,0.9,0,0.0013997,12.14,31.417,74530,82425.0,6.5028,297.87,304.61,1.6289,5.7113,,23,,1.1521,0.19197,,,1.348,0,,0,0,2,79,79,0,79.0,171830.0
218.8,65,100,80,0.0,80.862,10.469,116.15,250,0.9,0,0.001343,12.185,31.419,74607,82510.0,6.511,298.08,378.71,1.6291,5.6329,,23,,1.1407,0.19207,,,1.3481,0,,0,0,2,79,79,0,79.0,172010.0
219.0,65,100,80,0.0,76.989,77.499,11.615,250,0.9,0,0.0013346,12.165,31.421,74682,82595.0,6.5184,297.94,329.44,1.6293,5.542,,23,,1.1567,0.19193,,,1.3483,0,,0,0,2,79,79,0,79.0,171850.0
219.2,65,100,80,0.0,70.16,23.25,181.33,250,0.9,0,0.001343,12.146,31.423,74757,82678.0,6.5194,298.29,455.34,1.6294,5.458,,23,,1.1619,0.19188,,,1.3484,0,,0,0,2,79,79,0,79.0,171690.0
219.4,65,100,80,0.0,62.937,142.61,18.133,250,0.9,0,0.0012746,12.16,31.426,74829,82759.0,6.5174,298.09,383.09,1.6296,5.3988,,23,,1.155,0.19194,,,1.3486,0,,0,0,2,79,79,0,79.0,171030.0
219.6,65,100,80,0.0,56.491,81.905,1.8133,250,0.9,0,0.0012723,12.134,31.429,74901,82840.0,6.5125,297.93,323.15,1.6297,5.3605,,23,,1.1655,0.19185,,,1.3487,0,,0,0,2,79,79,0,79.0,171050.0
219.8,65,100,80,0.0,52.019,24.572,96.34,250,0.9,0,0.0012565,12.13,31.432,74972,82919.0,6.5043,298.07,373.27,1.6298,5.36,,23,,1.1719,0.19179,,,1.3488,0,,0,0,2,79,79,0,79.0,171720.0
220.0,65,100,80,0.0,50.815,70.876,9.634,250,0.9,0,0.0012299,12.142,31.435,75042,82998.0,6.4946,297.93,323.82,1.6299,5.3726,,23,,1.1728,0.19179,,,1.3489,0,,0,0,2,79,79,0,79.0,172400.0
220.2,65,100,80,0.0,53.498,21.263,160.82,250,0.9,0,0.0012369,12.141,31.437,75113,83078.0,6.4908,298.23,432.31,1.6301,5.3907,,23,,1.1858,0.19167,,,1.349,0,,0,0,2,79,79,0,79.0,171740.0
220.4,65,100,80,0.0,57.687,122.92,16.082,250,0.9,0,0.0012553,12.161,31.439,75185,83158.0,6.4881,298.05,367.3,1.6302,5.4136,,23,,1.1787,0.19173,,,1.3491,0,,0,0,2,79,79,0,79.0,171750.0
220.6,65,100,80,0.0,62.945,67.372,1.6082,250,0.9,0,0.0013308,12.143,31.442,75258,83240.0,6.4903,297.9,314.41,1.6303,5.4441,,23,,1.1877,0.19166,,,1.3492,0,,0,0,2,79,79,0,79.0,171760.0
220.8,65,100,80,0.0,67.331,20.211,85.682,250,0.9,0,0.0013722,12.129,31.444,75331,83322.0,6.4957,298.02,356.79,1.6305,5.5004,,23,,1.2085,0.19147,,,1.3493,0,,0,0,2,79,79,0,79.0,172110.0
221.0,65,100,80,0.0,69.543,57.908,8.5682,250,0.9,0,0.0013994,12.127,31.447,75405,83406.0,6.5005,297.9,314.6,1.6306,5.5601,,23,,1.2163,0.19141,,,1.3495,0,,0,0,2,79,79,0,79.0,171780.0
221.2,65,100,80,0.0,69.848,17.372,141.15,250,0.9,0,0.0013615,12.166,31.449,75480,83489.0,6.5054,298.16,407.79,1.6308,5.6251,,23,,1.2031,0.19152,,,1.3496,0,,0,0,2,79,79,0,79.0,171790.0
221.4,65,100,80,0.0,68.215,102.95,14.115,250,0.9,0,0.0014011,12.154,31.451,75554,83571.0,6.5056,298.0,350.28,1.631,5.6658,,23,,1.1965,0.19158,,,1.3498,0,,0,0,2,79,79,0,79.0,170970.0
221.6,65,100,80,0.0,66.525,52.56,1.4115,250,0.9,0,0.0014125,12.163,31.454,75627,83654.0,6.5051,297.87,302.47,1.6312,5.7088,,23,,1.1875,0.19166,,,1.3499,0,,0,0,2,79,79,0,79.0,172640.0
221.8,65,100,80,0.0,65.0,15.768,78.291,250,0.9,0,0.0013965,12.163,31.456,75700,83736.0,6.5015,297.97,340.2,1.6314,5.7457,,23,,1.1936,0.1916,,,1.3501,0,,0,0,2,79,79,0,79.0,171490.0
222.0,65,100,80,0.0,64.911,47.553,7.8291,250,0.9,0,0.0014201,12.143,31.459,75774,83818.0,6.4991,297.87,301.3,1.6316,5.7752,,23,,1.2072,0.19148,,,1.3502,0,,0,0,2,79,79,0,79.0,172330.0
222.2,65,100,80,0.0,65.779,14.266,131.8,250,0.9,0,0.0014028,12.163,31.461,75847,83901.0,6.498,298.1,387.29,1.6317,5.8176,,23,,1.208,0.19148,,,1.3504,0,,0,0,2,79,79,0,79.0,171670.0
222.4,65,100,80,0.0,67.112,91.194,13.18,250,0.9,0,0.0014137,12.158,31.463,75921,83983.0,6.4969,297.96,334.23,1.6319,5.836,,23,,1.2152,0.19141,,,1.3505,0,,0,0,2,79,79,0,79.0,172180.0
222.6,65,100,80,0.0,68.859,43.289,1.318,250,0.9,0,0.0013941,12.164,31.465,75995,84066.0,6.4974,297.84,290.78,1.6321,5.8484,,23,,1.2265,0.19131,,,1.3507,0,,0,0,2,79,79,0,79.0,171850.0
222.8,65,100,80,0.0,70.419,12.987,74.802,250,0.9,0,0.0013252,12.212,31.466,76069,84149.0,6.5007,297.94,326.84,1.6322,5.8486,,23,,1.2216,0.19136,,,1.3508,0,,0,0,2,79,79,0,79.0,172020.0
223.0,65,100,80,0.0,70.666,3.896,0.0001,250,0.9,0,0.0013184,12.222,31.466,76144,84233.0,6.5043,297.86,299.3,1.6324,5.8138,,23,,1.2222,0.19135,,,1.3509,0,,0,0,2,79,79,0,79.0,171020.0
223.2,65,100,80,0.0,69.479,1.1688,78.477,250,0.9,0,0.0013749,12.191,31.467,76218,84316.0,6.503,297.98,343.4,1.6325,5.758,,23,,1.2294,0.19129,,,1.351,0,,0,0,2,79,79,0,79.0,172020.0
223.4,65,100,80,0.0,68.834,37.965,7.8477,250,0.9,0,0.0014706,12.139,31.469,76292,84399.0,6.4983,297.89,307.96,1.6327,5.7212,,23,,1.2482,0.19112,,,1.3512,0,,0,0,2,79,79,0,79.0,171700.0
223.6,65,100,80,0.0,70.042,11.389,119.63,250,0.9,0,0.0015098,12.124,31.472,76366,84482.0,6.4939,298.09,384.08,1.6329,5.7171,,23,,1.2619,0.191,,,1.3513,0,,0,0,2,79,79,0,79.0,172380.0
223.8,65,100,80,0.0,73.004,79.15,11.963,250,0.9,0,0.0014777,12.159,31.474,76441,84566.0,6.4924,297.95,331.73,1.6331,5.7264,,23,,1.2555,0.19106,,,1.3515,0,,0,0,2,79,79,0,79.0,172050.0
224.0,65,100,80,0.0,76.571,32.085,1.1963,250,0.9,0,0.0014794,12.173,31.475,76516,84650.0,6.4909,297.84,292.34,1.6333,5.7164,,23,,1.2577,0.19104,,,1.3517,0,,0,0,2,79,79,0,79.0,172050.0
224.2,65,100,80,0.0,80.728,9.6256,59.791,250,0.9,0,0.001505,12.174,31.476,76593,84736.0,6.4944,297.91,315.71,1.6336,5.6964,,23,,1.2646,0.19098,,,1.3519,0,,0,0,2,79,79,0,79.0,171390.0
224.4,65,100,80,0.0,83.486,2.8877,0.0001,250,0.9,0,0.0014753,12.216,31.476,76670,84822.0,6.5015,297.83,288.44,1.6338,5.6721,,23,,1.2536,0.19108,,,1.3521,0,,0,0,2,79,79,0,79.0,171390.0
224.6,65,100,80,0.0,83.414,0.86631,74.12,250,0.9,0,0.001527,12.179,31.477,76746,84907.0,6.5094,297.94,328.75,1.634,5.6353,,23,,1.2742,0.1909,,,1.3522,0,,0,0,2,79,79,0,79.0,171220.0
224.8,65,100,80,0.0,80.156,0.25989,0.0001,250,0.9,0,0.0015906,12.138,31.478,76823,84993.0,6.513,297.87,302.58,1.6342,5.6067,,23,,1.2905,0.19075,,,1.3524,0,,0,0,2,79,79,0,79.0,172390.0
225.0,65,100,80,0.0,75.475,0.077967,74.315,250,0.9,0,0.0015988,12.118,31.48,76898,85077.0,6.5146,297.98,343.23,1.6345,5.6121,,23,,1.3028,0.19065,,,1.3527,0,,0,0,2,79,79,0,79.0,171400.0
225.2,65,100,80,0.0,70.147,33.626,7.4315,250,0.9,0,0.0015957,12.101,31.482,76972,85161.0,6.5132,297.88,307.12,1.6348,5.633,,23,,1.3096,0.19059,,,1.3529,0,,0,0,2,79,79,0,79.0,171070.0
225.4,65,100,80,0.0,65.41,10.088,113.39,250,0.9,0,0.0015745,12.091,31.484,77045,85243.0,6.5106,298.07,377.71,1.635,5.6678,,23,,1.3182,0.19051,,,1.3531,0,,0,0,2,79,79,0,79.0,171080.0
225.6,65,100,80,0.0,61.687,72.028,11.339,250,0.9,0,0.0016148,12.074,31.487,77118,85325.0,6.5052,297.94,326.48,1.6353,5.7148,,23,,1.3148,0.19054,,,1.3533,0,,0,0,2,79,79,0,79.0,172100.0
225.8,65,100,80,0.0,60.154,21.608,173.57,250,0.9,0,0.0015654,12.125,31.49,77190,85406.0,6.4991,298.25,445.03,1.6356,5.7818,,23,,1.2882,0.19077,,,1.3535,0,,0,0,2,79,79,0,79.0,171440.0
226.0,65,100,80,0.0,61.034,130.13,17.357,250,0.9,0,0.001539,12.153,31.492,77262,85487.0,6.4927,298.06,371.49,1.6358,5.8265,,23,,1.2699,0.19093,,,1.3537,0,,0,0,2,79,79,0,79.0,170780.0
226.2,65,100,80,0.0,64.469,69.205,1.7357,250,0.9,0,0.0015039,12.189,31.493,77335,85569.0,6.4874,297.91,315.17,1.636,5.8689,,23,,1.2623,0.191,,,1.3539,0,,0,0,2,79,79,0,79.0,171620.0
226.4,65,100,80,0.0,70.009,20.762,83.864,250,0.9,0,0.0015592,12.187,31.495,77409,85653.0,6.4854,298.01,354.74,1.6362,5.8865,,23,,1.2658,0.19096,,,1.3541,0,,0,0,2,79,79,0,79.0,172460.0
226.6,65,100,80,0.0,76.361,54.963,8.3864,250,0.9,0,0.0015653,12.221,31.496,77485,85737.0,6.4889,297.9,311.21,1.6365,5.8988,,23,,1.2557,0.19105,,,1.3543,0,,0,0,2,79,79,0,79.0,171960.0
226.8,65,100,80,0.0,81.289,16.489,137.21,250,0.9,0,0.001487,12.277,31.496,77561,85823.0,6.4962,298.14,400.63,1.6367,5.8958,,23,,1.2523,0.19108,,,1.3545,0,,0,0,2,79,79,0,79.0,172290.0
227.0,65,100,80,0.0,83.303,95.944,13.721,250,0.9,0,0.0014597,12.303,31.495,77638,85908.0,6.5073,297.99,345.45,1.6368,5.8474,,23,,1.249,0.19111,,,1.3546,0,,0,0,2,79,79,0,79.0,170790.0
227.2,65,100,80,0.0,80.907,48.365,1.3721,250,0.9,0,0.0014957,12.259,31.495,77714,85994.0,6.5177,297.87,299.78,1.637,5.7649,,23,,1.2753,0.19088,,,1.3547,0,,0,0,2,79,79,0,79.0,171950.0
227.4,65,100,80,0.0,74.339,14.51,74.901,250,0.9,0,0.0015293,12.203,31.495,77789,86078.0,6.5263,297.96,334.56,1.6372,5.693,,23,,1.3104,0.19057,,,1.3549,0,,0,0,2,79,79,0,79.0,171950.0
227.6,65,100,80,0.0,64.347,42.379,7.4901,250,0.9,0,0.0015173,12.174,31.495,77862,86159.0,6.5278,297.86,296.3,1.6374,5.6319,,23,,1.3246,0.19045,,,1.3551,0,,0,0,2,79,79,0,79.0,171780.0
227.8,65,100,80,0.0,53.787,12.714,124.8,250,0.9,0,0.0014828,12.165,31.496,77933,86239.0,6.5233,298.07,376.39,1.6376,5.5836,,23,,1.3271,0.19043,,,1.3552,0,,0,0,2,79,79,0,79.0,171780.0
228.0,65,100,80,0.0,45.021,81.628,12.48,250,0.9,0,0.0014343,12.153,31.497,78002,86317.0,6.5138,297.93,325.63,1.6377,5.5528,1200.9,23,1896.6,1.3326,0.19038,31.495,22.626,1.3553,0,70.314,0,0,2,79,79,0,79.0,171950.0
228.2,65,100,80,0.0,40.037,24.488,188.42,250,0.9,0,0.0014901,12.121,31.499,78070,86394.0,6.5003,298.28,456.87,1.6379,5.5415,,23,,1.3357,0.19035,,,1.3555,0,,0,0,2,79,79,0,79.0,171620.0
228.4,65,100,80,0.0,40.442,143.33,18.842,250,0.9,0,0.0015288,12.108,31.501,78138,86471.0,6.4897,298.09,382.58,1.638,5.5733,,23,,1.3391,0.19032,,,1.3556,0,,0,0,2,79,79,0,79.0,172470.0
228.6,65,100,80,0.0,45.079,83.323,1.8842,250,0.9,0,0.0015865,12.101,31.504,78207,86549.0,6.4841,297.93,321.86,1.6383,5.6277,,23,,1.3429,0.19029,,,1.3558,0,,0,0,2,79,79,0,79.0,172810.0
228.8,65,100,80,0.0,51.932,24.997,97.291,250,0.9,0,0.0016052,12.124,31.506,78277,86629.0,6.4839,298.06,371.66,1.6385,5.7073,,23,,1.3415,0.1903,,,1.356,0,,0,0,2,79,79,0,79.0,172490.0
229.0,65,100,80,0.0,58.865,68.921,9.7291,250,0.9,0,0.0015103,12.199,31.507,78349,86710.0,6.4893,297.93,323.02,1.6387,5.7874,,23,,1.3263,0.19043,,,1.3561,0,,0,0,2,79,79,0,79.0,172150.0
229.2,65,100,80,0.0,63.655,20.676,154.83,250,0.9,0,0.0014917,12.236,31.507,78422,86791.0,6.4967,298.2,425.27,1.6388,5.8299,,23,,1.3174,0.19051,,,1.3563,0,,0,0,2,79,79,0,79.0,172320.0
229.4,65,100,80,0.0,65.49,112.25,15.483,250,0.9,0,0.0015141,12.237,31.507,78495,86873.0,6.5045,298.02,359.26,1.639,5.8467,,23,,1.317,0.19051,,,1.3564,0,,0,0,2,79,79,0,79.0,171820.0
229.6,65,100,80,0.0,64.224,57.505,1.5483,250,0.9,0,0.0015171,12.235,31.507,78568,86955.0,6.5099,297.89,307.2,1.6392,5.8506,,23,,1.3199,0.19049,,,1.3565,0,,0,0,2,79,79,0,79.0,171150.0
229.8,65,100,80,0.0,60.772,17.251,77.716,250,0.9,0,0.0014917,12.238,31.508,78640,87036.0,6.5113,297.98,342.46,1.6393,5.8576,,23,,1.3236,0.19045,,,1.3567,0,,0,0,2,79,79,0,79.0,170980.0
230.0,65,100,80,0.0,56.77,46.126,7.7716,250,0.9,0,0.0014815,12.256,31.508,78711,87117.0,6.509,297.87,301.07,1.6394,5.8639,,23,,1.3046,0.19062,,,1.3568,0,,0,0,2,79,79,0,79.0,172150.0
230.2,65,100,80,0.0,53.7,13.838,127.9,250,0.9,-4000,0.0015487,12.221,31.51,78089,86396.0,6.5332,298.09,382.89,1.6305,5.8713,,23,,1.3096,0.19059,,,1.3494,0,,0,0,2,79,79,0,79.0,172650.0
230.4,65,100,80,0.0,40.835,84.476,12.79,250,0.9,-4000,0.0016026,12.144,31.512,77464,85674.0,6.549,297.94,328.61,1.617,5.8817,,23,,1.3297,0.19044,,,1.3381,0,,0,0,2,79,79,0,79.0,172830.0
230.6,65,100,80,0.0,21.792,25.343,193.47,250,0.9,-4000,0.0016644,12.063,31.516,76835,84947.0,6.5467,298.31,463.45,1.6031,5.9078,,23,,1.3344,0.19043,,,1.3265,0,,0,0,2,79,79,0,79.0,171340.0
230.8,65,100,80,0.0,3.6929,149.3,19.347,250,0.9,-4000,0.0017534,11.963,31.521,76203,84217.0,6.5254,298.1,387.78,1.5891,5.9663,,23,,1.348,0.19034,,,1.3149,0,,0,0,2,79,79,0,79.0,172040.0
231.0,65,100,80,0.0,0.0,87.293,1.9347,250,0.9,-4000,0.0018368,11.907,31.527,75570,83486.0,6.5011,297.93,326.14,1.5753,6.0602,,23,,1.3649,0.19022,,,1.3034,0,,0,0,2,79,79,0,79.0,171230.0
231.2,65,100,80,0.0,0.10386,26.188,100.24,250,0.9,-4000,0.0018234,11.923,31.533,74937,82756.0,6.4784,298.08,379.36,1.5614,6.1637,,23,,1.3474,0.1904,,,1.2919,0,,0,0,2,79,79,0,79.0,171760.0
231.4,65,100,80,0.0,9.2485,75.465,10.024,250,0.9,-4000,0.0018693,11.953,31.538,74306,82027.0,6.4646,297.95,331.49,1.5476,6.2517,,23,,1.3189,0.19067,,,1.2804,0,,0,0,2,79,79,0,79.0,172280.0
231.6,65,100,80,0.0,23.911,22.639,162.98,250,0.9,-4000,0.0019641,11.986,31.542,73678,81302.0,6.463,298.26,442.61,1.5338,6.3056,,23,,1.2966,0.19089,,,1.2689,0,,0,0,2,79,79,0,79.0,172630.0
231.8,65,100,80,0.0,39.2,129.01,16.298,250,0.9,-4000,0.0020512,12.04,31.545,73053,80579.0,6.4745,298.08,379.14,1.5201,6.2989,,23,,1.2622,0.19122,,,1.2575,0,,0,0,2,79,79,0,79.0,172470.0
232.0,65,100,80,0.0,49.871,74.408,1.6298,250,0.9,-4000,0.0021583,12.059,31.545,72431,79859.0,6.4927,297.93,326.05,1.5064,6.2258,,23,,1.2467,0.19138,,,1.2462,0,,0,0,2,79,79,0,79.0,172970.0
232.2,65,100,80,0.0,53.273,22.322,89.78,250,0.9,0,0.002116,12.085,31.546,72502,79939.0,6.4884,298.06,372.31,1.5021,6.0956,,23,,1.2352,0.19149,,,1.2426,0,,0,0,2,79,79,0,79.0,171140.0
232.4,65,100,80,0.0,58.513,66.33,8.978,250,0.9,0,0.0020799,12.109,31.545,72574,80021.0,6.4888,297.93,327.83,1.5022,5.9354,,23,,1.2362,0.19148,,,1.2427,0,,0,0,2,79,79,0,79.0,171640.0
232.6,65,100,80,0.0,63.516,19.899,151.32,250,0.9,0,0.0020717,12.126,31.544,72648,80103.0,6.4894,298.22,429.7,1.5026,5.7553,,23,,1.2391,0.19146,,,1.243,0,,0,0,2,79,79,0,79.0,172300.0
232.8,65,100,80,0.0,68.269,118.6,15.132,250,0.9,0,0.0020578,12.158,31.543,72722,80186.0,6.4968,298.06,371.6,1.503,5.5675,,23,,1.2272,0.19156,,,1.2434,0,,0,0,2,79,79,0,79.0,171120.0
233.0,65,100,80,0.0,70.057,67.572,1.5132,250,0.9,0,0.0021027,12.162,31.542,72796,80270.0,6.5027,297.91,322.01,1.5035,5.3838,,23,,1.2215,0.19161,,,1.2437,0,,0,0,2,79,79,0,79.0,172610.0
233.2,65,100,80,0.0,69.518,20.272,85.541,250,0.9,0,0.0020676,12.168,31.54,72871,80354.0,6.5074,298.04,365.83,1.5039,5.2158,,23,,1.2277,0.19155,,,1.2441,0,,0,0,2,79,79,0,79.0,170940.0
233.4,65,100,80,0.0,67.101,61.171,8.5541,250,0.9,0,0.0020342,12.157,31.539,72944,80437.0,6.5078,297.92,324.31,1.5044,5.0793,,23,,1.2395,0.19145,,,1.2445,0,,0,0,2,79,79,0,79.0,172590.0
233.6,65,100,80,0.0,64.514,18.351,143.45,250,0.9,0,0.0020277,12.16,31.538,73018,80519.0,6.5072,298.19,420.27,1.5048,4.9782,,23,,1.2383,0.19146,,,1.2448,0,,0,0,2,79,79,0,79.0,172590.0
233.8,65,100,80,0.0,62.143,110.34,14.345,250,0.9,0,0.0020781,12.142,31.537,73090,80601.0,6.5043,298.04,364.25,1.5052,4.9141,,23,,1.2368,0.19147,,,1.2452,0,,0,0,2,79,79,0,79.0,172250.0
234.0,65,100,80,0.0,60.944,60.728,1.4345,250,0.9,0,0.0020226,12.164,31.537,73163,80683.0,6.5028,297.9,317.71,1.5056,4.8879,,23,,1.2281,0.19155,,,1.2455,0,,0,0,2,79,79,0,79.0,171910.0
234.2,65,100,80,0.0,60.341,18.218,79.914,250,0.9,0,0.0020334,12.148,31.536,73235,80764.0,6.5007,298.02,357.28,1.5061,4.902,,23,,1.2459,0.19139,,,1.2459,0,,0,0,2,79,79,0,79.0,171900.0
234.4,65,100,80,0.0,60.569,54.24,7.9914,250,0.9,0,0.0020334,12.143,31.535,73308,80846.0,6.4972,297.9,317.27,1.5065,4.9352,,23,,1.2565,0.1913,,,1.2462,0,,0,0,2,79,79,0,79.0,171900.0
234.6,65,100,80,0.0,62.225,16.272,135.79,250,0.9,0,0.0021057,12.137,31.534,73380,80928.0,6.4954,298.16,406.75,1.5069,4.9847,,23,,1.2621,0.19125,,,1.2466,0,,0,0,2,79,79,0,79.0,172060.0
234.8,65,100,80,0.0,64.565,100.71,13.579,250,0.9,0,0.0021222,12.139,31.532,73454,81011.0,6.4931,298.0,351.05,1.5074,5.0342,,23,,1.2679,0.1912,,,1.247,0,,0,0,2,79,79,0,79.0,172380.0
235.0,65,100,80,0.0,67.833,50.369,1.3579,250,0.9,0,0.002141,12.133,31.531,73528,81094.0,6.4924,297.87,306.32,1.5079,5.0814,1200.8,23,1931.0,1.2791,0.1911,31.536,22.403,1.2474,0,67.895,0,0,2,79,79,0,79.0,171700.0
