time,aeration_rate,agitator,sugar_feed_rate,acid_flow_rate,base_flow_rate,heating/cooling_water_flow_rate,heating_water_flow_rate,water_for_injection/dilution,air_head_pressure,dumped_broth_flow,substrate_concentration,dissolved_oxygen_concentration,penicillin_concentration,vessel_volume,vessel_weight,pH,temperature,generated_heat,CO2_percent_in_off_gas,PAA_flow,PAA_concentration,oil_flow,NH3_concentration,oxygen_uptake_rate,oxygen_in_percent_in_off_gas,offline_penicillin_concentration,offline_biomass_concentration,carbon_evolution_rate,ammonia_shots,viscosity,Fault reference(Fault_ref:Fault ref),0 - Recipe driven 1 - Operator controlled(Control_ref:Control ref),1- No Raman spec, 1-Raman spec recorded,2-PAT control(PAT_ref:PAT ref),Batch reference(Batch_ref:Batch ref),experiment_ID,Fault flag
0.2,30,100,8,0.0,0.0,0.0001,260.78,0,0.6,0,0.97582,14.661,0.001,56982,62723.0,6.6842,297.63,244.61,0.085297,5.0,,22,,-0.68461,0.21757,,,0.032441,0,,0,0,2,81,81,0,81.0,0.0
0.4,30,100,8,0.0,0.0,0.0001,74.147,0,0.6,0,1.0289,14.639,0.00099955,56980,62725.0,6.6537,297.87,308.03,0.096133,5.0,,22,,-0.22559,0.20917,,,0.036563,0,,0,0,2,81,81,0,81.0,0.0
0.6,30,100,8,0.52377,0.0,0.0001,0.0001,0,0.6,0,1.0802,14.624,0.00099909,56977,62727.0,6.6245,297.85,301.64,0.099656,5.0,,22,,-0.11799,0.20718,,,0.037903,0,,0,0,2,81,81,0,81.0,0.0
0.8,30,100,8,1.0459,0.0,0.0001,98.439,0,0.6,0,1.1297,14.604,0.00099862,56975,62729.0,6.5964,298.18,388.32,0.10178,5.0,,22,,-0.087015,0.2066,,,0.03871,0,,0,0,2,81,81,0,81.0,0.0
1.0,30,100,8,1.5679,0.0,108.54,9.8439,0,0.6,0,1.1777,14.582,0.00099815,56972,62732.0,6.5691,298.04,351.67,0.10369,5.0,1381.0,22,1706.3,-0.072693,0.20633,0.001,0.49583,0.039436,0,4.0813,0,0,2,81,81,0,81.0,0.0
1.2,30,100,8,2.09,0.0,64.476,0.98439,0,0.6,0,1.2238,14.552,0.00099768,56970,62734.0,6.5425,297.93,323.87,0.10563,5.0,,22,,-0.059631,0.20608,,,0.040176,0,,0,0,2,81,81,0,81.0,0.0
1.4,30,100,8,0.0,0.0,19.343,75.021,0,0.6,0,1.2682,14.53,0.00099721,56968,62736.0,6.5207,298.16,383.51,0.10766,5.0,,22,,-0.049714,0.20589,,,0.040948,0,,0,0,2,81,81,0,81.0,0.0
1.6,30,100,8,0.0,0.0,96.085,7.5021,0,0.6,0,1.3102,14.509,0.00099674,56965,62738.0,6.4997,298.03,350.81,0.10978,5.0,,22,,-0.041919,0.20575,,,0.041756,0,,0,0,2,81,81,0,81.0,0.0
1.8,30,100,8,0.0,0.63353,57.3,0.75021,0,0.6,0,1.3503,14.482,0.00099626,56963,62740.0,6.4806,297.95,327.75,0.112,5.0,,22,,-0.031589,0.20555,,,0.042601,0,,0,0,2,81,81,0,81.0,0.0
2.0,30,100,8,0.0,8.912,17.19,63.212,0,0.6,0,1.3887,14.453,0.00099576,56962,62743.0,6.4748,298.14,379.11,0.11432,5.0,,22,,-0.019894,0.20533,,,0.043482,0,,0,0,2,81,81,0,81.0,0.0
2.2,30,100,8,0.0,19.461,83.451,6.3212,0,0.6,0,1.4252,14.428,0.00099522,56963,62749.0,6.4847,298.04,353.56,0.11674,5.0,,22,,-0.0097374,0.20513,,,0.044402,0,,0,0,2,81,81,0,81.0,21572.0
2.4,30,100,8,0.0,26.053,53.685,0.63212,0,0.6,0,1.4594,14.394,0.00099466,56966,62756.0,6.505,297.97,334.05,0.11925,5.0,,22,,0.003789,0.20487,,,0.04536,0,,0,0,2,81,81,0,81.0,21734.0
2.6,30,100,8,0.0,24.55,30.426,0.063212,0,0.6,0,1.4919,14.359,0.00099411,56968,62763.0,6.5224,297.93,323.35,0.12187,5.0,,22,,0.01876,0.20459,,,0.046355,0,,0,0,2,81,81,0,81.0,22396.0
2.8,30,100,8,0.0,16.098,9.1277,38.135,0,0.6,0,1.5219,14.332,0.00099358,56969,62768.0,6.5259,298.06,356.84,0.12459,5.0,,22,,0.029618,0.20438,,,0.047388,0,,0,0,2,81,81,0,81.0,21558.0
3.0,30,100,8,0.0,6.2946,50.875,3.8135,0,0.6,0,1.5502,14.304,0.00099309,56967,62771.0,6.5119,298.0,342.87,0.12741,5.0,,22,,0.039363,0.20419,,,0.048461,0,,0,0,2,81,81,0,81.0,21720.0
3.2,30,100,15,0.0,2.105,33.684,0.38135,0,0.6,0,1.5901,14.27,0.0009926,56967,62775.0,6.4911,297.96,332.45,0.13034,5.0,,22,,0.051736,0.20396,,,0.049577,0,,0,0,2,81,81,0,81.0,22382.0
3.4,30,100,15,0.0,6.2121,20.521,0.038135,0,0.6,0,1.6271,14.245,0.00099208,56967,62780.0,6.4772,297.95,327.7,0.13339,5.0,,22,,0.060093,0.2038,,,0.050739,0,,0,0,2,81,81,0,81.0,20710.0
3.6,30,100,15,0.0,15.818,6.1562,26.762,0,0.6,0,1.6621,14.217,0.00099153,56969,62787.0,6.4775,298.05,354.43,0.13657,5.0,,22,,0.069416,0.20361,,,0.051947,0,,0,0,2,81,81,0,81.0,20872.0
3.8,30,100,15,0.0,25.292,39.459,2.6762,0,0.6,0,1.6952,14.181,0.00099095,56972,62796.0,6.49,298.01,345.13,0.13986,5.0,,22,,0.082394,0.20337,,,0.053198,0,,0,0,2,81,81,0,81.0,22034.0
4.0,30,100,15,0.0,29.772,28.255,0.26762,0,0.6,0,1.7257,14.138,0.00099036,56977,62805.0,6.5057,297.99,338.92,0.14326,5.0,,22,,0.098859,0.20305,,,0.054495,0,,0,0,2,81,81,0,81.0,21530.0
4.2,30,100,15,0.0,27.986,20.837,0.026762,0,0.6,0,1.7826,14.101,0.00098977,56982,62816.0,6.5181,297.98,336.63,0.14679,5.0,,30,,0.10787,0.20287,,,0.055835,0,,0,0,2,81,81,0,81.0,22191.0
4.4,30,100,15,0.0,21.296,17.588,0.0026762,0,0.6,0,1.8367,14.061,0.00098921,56985,62825.0,6.5219,297.98,336.58,0.15043,5.0,,30,,0.12101,0.20262,,,0.057221,0,,0,0,2,81,81,0,81.0,21687.0
4.6,30,100,15,0.0,13.075,16.848,0.00026762,0,0.6,0,1.8886,14.02,0.00098867,56986,62833.0,6.5135,297.98,337.46,0.15419,5.0,,30,,0.13575,0.20234,,,0.058652,0,,0,0,2,81,81,0,81.0,21349.0
4.8,30,100,15,0.0,8.2488,17.26,0.0001,0,0.6,0,1.9387,13.979,0.00098816,56987,62840.0,6.4977,297.99,338.84,0.15807,5.0,,30,,0.15053,0.20205,,,0.060129,0,,0,0,2,81,81,0,81.0,21510.0
5.0,30,100,15,0.0,9.7035,18.432,0.0001,0,0.6,0,1.9861,13.95,0.00098763,56987,62847.0,6.4847,298.0,340.68,0.16207,5.0,,30,,0.15918,0.20188,,,0.061653,0,,0,0,2,81,81,0,81.0,22339.0
5.2,30,100,15,0.0,16.322,20.393,0.0001,0,0.6,0,2.0307,13.901,0.0009871,56989,62854.0,6.4807,298.0,342.16,0.16621,0.0,,30,,0.17497,0.20158,,,0.063228,0,,0,0,2,81,81,0,81.0,21334.0
5.4,30,100,15,0.0,24.513,22.124,0.0001,0,0.6,0,2.0719,13.856,0.00098654,56991,62864.0,6.4858,298.01,344.03,0.1705,0.0,,30,,0.19079,0.20127,,,0.06486,0,,0,0,2,81,81,0,81.0,21496.0
5.6,30,100,15,0.0,30.67,24.606,0.0001,0,0.6,0,2.1101,13.796,0.00098596,56995,62874.0,6.4975,298.01,345.63,0.17494,0.0,,30,,0.21245,0.20086,,,0.06655,0,,0,0,2,81,81,0,81.0,21158.0
5.8,30,100,15,0.0,32.188,26.966,0.0001,0,0.6,0,2.1451,13.75,0.00098538,56999,62884.0,6.5111,298.02,347.28,0.17954,0.0,,30,,0.22916,0.20053,,,0.0683,0,,0,0,2,81,81,0,81.0,22486.0
6.0,30,100,15,0.0,28.25,29.645,0.0001,0,0.6,0,2.1771,13.707,0.00098481,57003,62894.0,6.5195,298.02,348.07,0.18429,0.0,,30,,0.24238,0.20027,,,0.070109,0,,0,0,2,81,81,0,81.0,21814.0
6.2,30,100,15,0.0,20.967,31.422,0.0001,0,0.6,0,2.2055,13.662,0.00098427,57005,62903.0,6.5165,298.03,348.92,0.18921,0.0,,30,,0.25524,0.20002,,,0.071979,0,,0,0,2,81,81,0,81.0,20976.0
6.4,30,100,15,0.0,14.928,33.411,0.0001,0,0.6,0,2.2305,13.604,0.00098375,57006,62910.0,6.5049,298.03,350.51,0.19429,0.0,,30,,0.27275,0.19968,,,0.073913,0,,0,0,2,81,81,0,81.0,21471.0
6.6,30,100,15,0.0,13.526,36.497,0.0001,0,0.6,0,2.2514,13.542,0.00098323,57006,62917.0,6.4909,298.04,352.1,0.19957,0.0,,30,,0.29224,0.1993,,,0.075922,0,,0,0,2,81,81,0,81.0,20966.0
6.8,30,100,15,0.0,17.691,39.786,0.0001,0,0.6,0,2.2686,13.479,0.0009827,57008,62924.0,6.4836,298.04,352.62,0.20504,0.0,,30,,0.31313,0.1989,,,0.078005,0,,0,0,2,81,81,0,81.0,21961.0
7.0,30,100,15,0.0,24.766,41.902,0.0001,0,0.6,0,2.2827,13.428,0.00098214,57010,62933.0,6.4865,298.04,353.21,0.21069,0.0,,30,,0.33025,0.19856,,,0.080157,0,,0,0,2,81,81,0,81.0,21956.0
7.2,30,100,15,0.0,30.65,44.207,0.0001,0,0.6,0,2.2933,13.358,0.00098156,57014,62944.0,6.496,298.04,353.45,0.21653,0.0,,30,,0.35281,0.19812,,,0.082379,0,,0,0,2,81,81,0,81.0,21451.0
7.4,30,100,15,0.0,32.763,46.145,0.0001,0,0.6,0,2.3,13.308,0.00098098,57019,62954.0,6.5059,298.05,354.08,0.22255,0.0,,30,,0.36822,0.19782,,,0.084671,0,,0,0,2,81,81,0,81.0,21446.0
7.6,30,100,15,0.0,30.934,48.637,0.0001,0,0.6,0,2.3023,13.229,0.0009804,57023,62965.0,6.5117,298.05,355.25,0.22877,0.0,,30,,0.3931,0.19734,,,0.087039,0,,0,0,2,81,81,0,81.0,21108.0
7.8,30,100,15,0.0,26.768,51.902,0.0001,0,0.6,0,2.2985,13.152,0.00097984,57026,62974.0,6.5104,298.06,357.39,0.23523,0.0,,30,,0.41654,0.19688,,,0.089497,0,,0,0,2,81,81,0,81.0,22603.0
8.0,30,100,15,0.0,23.16,56.606,0.0001,0,0.6,0,2.2908,13.076,0.00097929,57028,62983.0,6.5034,298.07,359.59,0.24192,0.0,,30,,0.44079,0.19641,,,0.092045,0,,0,0,2,81,81,0,81.0,21431.0
8.2,42,100,15,0.0,22.324,61.67,0.0001,0,0.6,0,2.2775,13.185,0.00097874,57030,62992.0,6.4957,298.07,361.33,0.19436,0.0,,30,,0.41931,0.19918,,,0.10351,0,,0,0,2,81,81,0,81.0,21259.0
8.4,42,100,15,0.0,24.576,66.432,0.0001,0,0.6,0,2.2587,13.109,0.00097819,57033,63001.0,6.4893,298.08,363.41,0.1939,0.0,,30,,0.41263,0.19927,,,0.10327,0,,0,0,2,81,81,0,81.0,21087.0
8.6,42,100,15,0.0,29.383,71.907,0.0001,0,0.6,0,2.2341,13.033,0.00097762,57037,63011.0,6.4893,298.09,366.31,0.19864,0.0,,30,,0.43609,0.19894,,,0.1058,0,,0,0,2,81,81,0,81.0,20582.0
8.8,42,100,15,0.0,34.162,78.743,0.0001,0,0.6,0,2.204,12.958,0.00097703,57041,63022.0,6.4939,298.09,366.64,0.20408,0.0,,30,,0.46319,0.19856,,,0.1087,0,,0,0,2,81,81,0,81.0,21577.0
9.0,42,100,15,0.0,37.101,82.596,0.0001,0,0.6,0,2.1674,12.865,0.00097643,57047,63033.0,6.5012,298.09,365.59,0.20978,0.0,,30,,0.49561,0.19811,,,0.11173,0,,0,0,2,81,81,0,81.0,21905.0
9.2,42,100,15,0.0,37.148,84.758,0.0001,0,0.6,0,2.1256,12.784,0.00097584,57052,63045.0,6.507,298.09,364.45,0.21569,0.0,,30,,0.52435,0.19771,,,0.11488,0,,0,0,2,81,81,0,81.0,21733.0
9.4,42,100,15,0.0,34.853,86.691,0.0001,0,0.6,0,2.0783,12.693,0.00097525,57057,63056.0,6.5097,298.08,363.44,0.22179,0.0,,30,,0.55724,0.19726,,,0.11813,0,,0,0,2,81,81,0,81.0,21061.0
9.6,42,100,15,0.0,31.485,88.644,0.0001,0,0.6,0,2.0244,12.6,0.00097467,57061,63066.0,6.5065,298.09,364.56,0.2281,0.0,,30,,0.58807,0.19683,,,0.1215,0,,0,0,2,81,81,0,81.0,21223.0
9.8,42,100,15,0.0,29.418,93.231,0.0001,0,0.6,0,1.9647,12.495,0.0009741,57064,63077.0,6.4998,298.09,364.61,0.23463,0.0,,30,,0.62755,0.19628,,,0.12498,0,,0,0,2,81,81,0,81.0,22217.0
10.0,42,100,15,0.0,30.048,96.522,0.0001,0,0.6,0,1.8994,12.411,0.00097353,57068,63087.0,6.4946,298.1,367.21,0.24136,0.0,,30,,0.65501,0.19589,,,0.12856,0,,0,0,2,81,81,0,81.0,20879.0
10.2,42,100,15,0.0,32.723,103.19,0.0001,0,0.6,0,1.8286,12.31,0.00097295,57072,63097.0,6.492,298.1,367.19,0.2483,0.0,,30,,0.68906,0.19542,,,0.13226,0,,0,0,2,81,81,0,81.0,21540.0
10.4,42,100,15,0.0,36.429,106.72,0.0001,0,0.6,0,1.753,12.206,0.00097236,57077,63109.0,6.4933,298.1,367.88,0.25544,0.0,,30,,0.72919,0.19485,,,0.13607,0,,0,0,2,81,81,0,81.0,21701.0
10.6,42,100,15,0.0,39.633,111.26,0.0001,0,0.6,0,1.6699,12.101,0.00097176,57083,63121.0,6.4958,298.11,370.2,0.26282,0.0,,30,,0.76242,0.19439,,,0.14,0,,0,0,2,81,81,0,81.0,22362.0
10.8,42,100,15,0.0,41.811,118.01,0.0001,0,0.6,0,1.5796,11.982,0.00097114,57089,63134.0,6.5006,298.13,375.07,0.27045,0.0,,30,,0.80492,0.19379,,,0.14407,0,,0,0,2,81,81,0,81.0,21857.0
11.0,42,100,15,0.0,42.086,128.39,0.0001,0,0.6,0,1.4805,11.873,0.00097053,57095,63146.0,6.5029,298.14,378.28,0.27832,0.0,,30,,0.84068,0.19329,,,0.14826,0,,0,0,2,81,81,0,81.0,21685.0
11.2,42,100,15,0.0,41.454,137.2,0.0001,0,0.6,0,1.374,11.76,0.00096992,57102,63159.0,6.5009,298.16,382.93,0.28643,0.0,,30,,0.87669,0.19278,,,0.15259,0,,0,0,2,81,81,0,81.0,22346.0
11.4,42,100,15,0.0,41.634,148.41,0.0001,0,0.6,0,1.2607,11.65,0.00096931,57108,63171.0,6.4974,298.16,384.83,0.29479,0.0,,30,,0.9082,0.19233,,,0.15705,0,,0,0,2,81,81,0,81.0,21674.0
11.6,42,100,15,0.0,43.217,156.64,0.0001,0,0.6,0,1.1383,11.516,0.0009687,57114,63184.0,6.4939,298.18,388.0,0.30345,0.0,,30,,0.94777,0.19177,,,0.16166,0,,0,0,2,81,81,0,81.0,21168.0
11.8,42,100,15,0.0,46.195,166.9,0.0001,0,0.6,0,1.0079,11.404,0.00096807,57121,63197.0,6.4931,298.18,390.1,0.31239,0.0,,30,,0.97866,0.19133,,,0.16643,0,,0,0,2,81,81,0,81.0,21496.0
12.0,42,100,15,0.0,49.451,176.15,0.0001,0,0.6,0,0.86978,11.289,0.00096744,57129,63211.0,6.4933,298.21,396.86,0.32162,0.0,1490.8,30,1835.8,1.0079,0.19091,0.00096992,2.7456,0.17135,0,10.646,0,0,2,81,81,0,81.0,20657.0
12.2,42,100,30,0.0,52.65,191.84,0.0001,0,0.6,0,0.75895,11.183,0.00096674,57140,63230.0,6.4954,298.21,397.47,0.3311,0.0,,30,,1.0371,0.19049,,,0.17641,0,,0,0,2,81,81,0,81.0,21318.0
12.4,42,100,30,0.0,55.004,200.3,0.0001,0,0.6,0,0.64066,11.055,0.00096603,57152,63249.0,6.4964,298.2,395.6,0.34084,0.0,,30,,1.0745,0.18996,,,0.1816,0,,0,0,2,81,81,0,81.0,20979.0
12.6,42,100,30,0.0,56.974,205.77,0.0001,0,0.7,0,0.51471,11.769,0.00096532,57164,63269.0,6.4969,298.19,391.2,0.35085,0.0,,30,,1.1122,0.18942,,,0.18694,0,,0,0,2,81,81,0,81.0,20640.0
12.8,42,100,30,0.0,58.754,207.74,0.0001,0,0.7,0,0.38084,11.638,0.00096461,57176,63289.0,6.4966,298.21,396.09,0.36115,0.0,,30,,1.1476,0.18891,,,0.19243,0,,0,0,2,81,81,0,81.0,21635.0
13.0,42,100,30,0.0,60.636,221.32,0.0001,0,0.7,0,0.24167,11.521,0.00096388,57189,63309.0,6.4961,298.2,393.13,0.3717,0.0,,30,,1.1901,0.18831,,,0.19806,0,,0,0,2,81,81,0,81.0,22129.0
13.2,42,100,30,0.0,62.703,225.06,0.0001,0,0.7,0,0.10771,11.528,0.00096315,57202,63330.0,6.4975,298.17,386.85,0.38237,0.0,,30,,1.2087,0.18803,,,0.20375,0,,0,0,2,81,81,0,81.0,20957.0
13.4,42,100,30,0.0,64.209,224.25,0.0001,0,0.7,0,0.020414,12.275,0.00096242,57216,63351.0,6.5091,298.11,370.53,0.39258,0.0,,30,,1.0868,0.18969,,,0.2092,0,,0,0,2,81,81,0,81.0,20784.0
13.6,42,100,30,0.0,61.051,209.53,0.0001,0,0.7,0,0.012958,12.697,0.00096171,57229,63372.0,6.5362,297.97,333.4,0.40067,0.0,,30,,0.84212,0.19303,,,0.21351,0,,0,0,2,81,81,0,81.0,21612.0
13.8,42,100,30,0.0,47.026,165.59,0.0001,0,0.7,0,0.012676,12.691,0.00096105,57239,63390.0,6.555,297.89,313.5,0.4077,0.0,,30,,0.78341,0.19382,,,0.21726,0,,0,0,2,81,81,0,81.0,21606.0
14.0,42,100,30,0.51885,23.513,49.678,174.3,0,0.7,0,0.011954,12.682,0.00096045,57245,63403.0,6.5417,298.61,501.64,0.41455,0.0,,30,,0.77564,0.19391,,,0.22092,0,,0,0,2,81,81,0,81.0,21100.0
14.2,42,100,30,0.0,7.4416,291.97,17.43,0,0.7,0,0.011621,12.644,0.0009599,57247,63412.0,6.5039,298.37,439.52,0.42132,0.0,,30,,0.78333,0.19379,,,0.22453,0,,0,0,2,81,81,0,81.0,20928.0
14.4,42,100,30,0.0,6.4796,228.23,1.743,0,0.7,0,0.011522,12.606,0.00095936,57249,63422.0,6.4677,298.2,394.85,0.42809,0.0,,30,,0.78819,0.19371,,,0.22814,0,,0,0,2,81,81,0,81.0,21256.0
14.6,42,100,30,0.0,19.916,185.58,0.1743,0,0.7,0,0.011512,12.576,0.00095878,57254,63434.0,6.4544,298.1,367.56,0.43489,0.0,,30,,0.79204,0.19365,,,0.23177,0,,0,0,2,81,81,0,81.0,21583.0
14.8,42,100,30,0.0,38.622,158.78,0.01743,0,0.7,0,0.011467,12.559,0.00095814,57262,63450.0,6.4657,298.03,348.77,0.44172,0.0,,30,,0.79114,0.19365,,,0.23541,0,,0,0,2,81,81,0,81.0,21078.0
15.0,42,100,30,0.0,52.799,138.73,0.001743,0,0.7,0,0.01119,12.546,0.00095745,57273,63469.0,6.4905,298.0,340.37,0.44855,0.0,,30,,0.79101,0.19364,,,0.23905,0,,0,0,2,81,81,0,81.0,21405.0
15.2,42,100,30,0.0,57.087,129.33,0.0001743,0,0.7,0,0.010873,12.544,0.00095675,57286,63488.0,6.517,297.97,333.8,0.45534,0.0,,30,,0.78485,0.19371,,,0.24268,0,,0,0,2,81,81,0,81.0,21399.0
15.4,42,100,30,0.0,50.815,120.84,0.0001,0,0.7,0,0.010831,12.528,0.00095608,57297,63507.0,6.5367,297.95,328.9,0.46212,0.0,,30,,0.77806,0.19379,,,0.2463,0,,0,0,2,81,81,0,81.0,20894.0
15.6,42,100,30,0.0,36.694,113.53,0.0001,0,0.7,0,0.010345,12.522,0.00095546,57305,63523.0,6.5424,297.93,323.93,0.46887,0.0,,30,,0.77066,0.19387,,,0.2499,0,,0,0,2,81,81,0,81.0,22388.0
15.8,42,100,30,0.0,20.281,34.058,127.83,0,0.7,0,0.010057,12.491,0.00095488,57310,63535.0,6.5246,298.5,472.82,0.47557,0.0,,30,,0.77697,0.19378,,,0.25348,0,,0,0,2,81,81,0,81.0,22215.0
16.0,42,100,30,0.0,11.027,225.83,12.783,0,0.7,0,0.0098671,12.439,0.00095434,57312,63545.0,6.494,298.32,426.24,0.48227,0.0,,30,,0.79109,0.19357,,,0.25705,0,,0,0,2,81,81,0,81.0,21376.0
16.2,42,100,75,0.0,13.975,179.49,1.2783,0,0.7,0,0.035996,11.034,0.00095362,57325,63569.0,6.45,298.28,414.53,0.49068,0.0,,35,,1.1277,0.18894,,,0.26154,0,,0,0,2,81,81,0,81.0,22204.0
16.4,42,100,75,0.0,34.558,177.55,0.12783,0,0.7,0,0.036346,10.901,0.00095284,57342,63598.0,6.432,298.27,413.43,0.50094,0.0,,35,,1.2488,0.18725,,,0.26701,0,,0,0,2,81,81,0,81.0,20865.0
16.6,42,100,75,0.0,62.183,186.79,0.012783,0,0.7,0,0.034671,10.837,0.00095197,57364,63632.0,6.4403,298.28,414.52,0.51162,0.0,,35,,1.2807,0.18679,,,0.27271,0,,0,0,2,81,81,0,81.0,20859.0
16.8,42,100,75,0.0,86.48,198.43,0.0012783,0,0.7,0,0.032387,10.8,0.00095101,57391,63670.0,6.4552,298.24,404.17,0.52241,0.0,,35,,1.2931,0.1866,,,0.27847,0,,0,0,2,81,81,0,81.0,20520.0
17.0,42,100,75,0.0,104.89,195.27,0.00012783,0,0.7,0,0.029739,10.798,0.00095,57421,63713.0,6.4705,298.19,392.63,0.53321,0.0,,35,,1.2873,0.18666,,,0.28424,0,,0,0,2,81,81,0,81.0,22014.0
17.2,42,100,75,0.0,117.19,189.43,0.0001,0,0.7,0,0.027439,10.791,0.00094896,57455,63757.0,6.4849,298.15,381.96,0.54398,0.0,,35,,1.28,0.18674,,,0.28999,0,,0,0,2,81,81,0,81.0,22341.0
17.4,42,100,75,0.0,123.76,183.14,0.0001,0,0.7,0,0.026772,10.734,0.00094789,57489,63804.0,6.4973,298.14,377.49,0.55476,0.0,,35,,1.2833,0.18667,,,0.29574,0,,0,0,2,81,81,0,81.0,21335.0
17.6,42,100,75,0.0,125.37,183.37,0.0001,0,0.7,0,0.025176,10.707,0.00094683,57524,63850.0,6.5082,298.11,370.01,0.56554,0.0,,35,,1.2919,0.18653,,,0.3015,0,,0,0,2,81,81,0,81.0,21163.0
17.8,42,100,75,0.0,122.6,178.9,0.0001,0,0.7,0,0.024038,10.67,0.00094577,57558,63896.0,6.5174,298.11,369.63,0.57632,0.0,,35,,1.2942,0.18648,,,0.30725,0,,0,0,2,81,81,0,81.0,21657.0
18.0,42,100,75,0.0,116.15,182.67,0.0001,0,0.7,0,0.022593,10.643,0.00094474,57591,63940.0,6.5253,298.09,365.36,0.58708,0.0,,35,,1.297,0.18642,,,0.313,0,,0,0,2,81,81,0,81.0,21151.0
18.2,42,100,75,0.0,106.56,181.15,0.0001,0,0.7,0,0.02081,10.647,0.00094374,57622,63983.0,6.5321,298.07,360.3,0.59777,0.0,,35,,1.2894,0.18651,,,0.31871,0,,0,0,2,81,81,0,81.0,21478.0
18.4,42,100,75,0.0,94.231,178.12,0.0001,0,0.7,0,0.020272,10.59,0.00094279,57651,64023.0,6.5369,298.06,357.95,0.60843,0.0,,35,,1.2907,0.18647,,,0.3244,0,,0,0,2,81,81,0,81.0,21306.0
18.6,42,100,75,0.0,80.001,177.9,0.0001,0,0.7,0,0.019467,10.537,0.00094188,57676,64060.0,6.5393,298.05,355.82,0.61909,0.0,,35,,1.305,0.18625,,,0.3301,0,,0,0,2,81,81,0,81.0,20800.0
18.8,42,100,75,0.0,64.828,177.57,0.0001,0,0.7,0,0.018713,10.468,0.00094103,57699,64094.0,6.5379,298.04,352.47,0.62977,0.0,,35,,1.3212,0.18601,,,0.3358,0,,0,0,2,81,81,0,81.0,20294.0
19.0,42,100,75,0.0,50.203,175.35,0.0001,0,0.7,0,0.018257,10.389,0.00094022,57719,64126.0,6.5307,298.02,346.76,0.64048,0.0,,35,,1.3399,0.18573,,,0.34152,0,,0,0,2,81,81,0,81.0,21455.0
19.2,42,100,75,0.0,38.445,169.65,0.0001,0,0.7,0,0.017538,10.338,0.00093945,57736,64155.0,6.5151,298.01,344.6,0.65121,0.0,,35,,1.3511,0.18555,,,0.34725,0,,0,0,2,81,81,0,81.0,21115.0
19.4,42,100,75,0.0,32.97,167.8,0.0001,0,0.7,0,0.017008,10.3,0.0009387,57753,64182.0,6.496,298.0,342.3,0.66194,0.0,,35,,1.3559,0.18547,,,0.35298,0,,0,0,2,81,81,0,81.0,20943.0
19.6,42,100,75,0.0,35.104,165.36,0.0001,0,0.7,0,0.016214,10.276,0.00093794,57769,64211.0,6.482,298.0,341.65,0.67263,0.0,,35,,1.3616,0.18537,,,0.35869,0,,0,0,2,81,81,0,81.0,21770.0
19.8,42,100,75,0.0,42.81,164.75,0.0001,0,0.7,0,0.015577,10.249,0.00093716,57788,64240.0,6.4788,297.98,336.68,0.68329,0.0,,35,,1.3629,0.18533,,,0.36439,0,,0,0,2,81,81,0,81.0,21597.0
20.0,42,100,75,0.0,51.76,158.43,0.0001,0,0.7,0,0.014736,10.249,0.00093635,57808,64272.0,6.4843,297.98,335.63,0.69387,0.0,,35,,1.366,0.18527,,,0.37004,0,,0,0,2,81,81,0,81.0,21925.0
20.2,55,100,150,0.0,58.526,156.58,0.0001,0,0.7,0,0.050422,9.1841,0.00093527,57844,64324.0,6.4659,298.09,365.13,0.55688,0.0,,35,,1.7205,0.18625,,,0.38877,0,,0,0,2,81,81,0,81.0,21585.0
20.4,55,100,150,0.0,72.756,193.86,0.0001,0,0.7,0,0.047733,9.031,0.00093415,57884,64380.0,6.4484,298.14,379.08,0.55989,0.0,,35,,1.7893,0.18551,,,0.39087,0,,0,0,2,81,81,0,81.0,20579.0
20.6,55,100,150,0.0,93.925,214.35,0.0001,0,0.7,0,0.044401,8.9356,0.00093296,57927,64440.0,6.4366,298.14,379.92,0.57092,0.0,,35,,1.8178,0.18519,,,0.39859,0,,0,0,2,81,81,0,81.0,21406.0
20.8,55,100,150,0.0,119.79,220.35,0.0001,0,0.7,0,0.038428,8.9121,0.00093168,57976,64504.0,6.4294,298.13,376.46,0.58248,0.0,,35,,1.8323,0.18502,,,0.40666,0,,0,0,2,81,81,0,81.0,20567.0
21.0,55,100,150,0.0,148.54,221.31,0.0001,0,0.7,0,0.035829,8.8083,0.00093032,58030,64575.0,6.4244,298.14,377.41,0.59413,0.0,,35,,1.8605,0.18469,,,0.41481,0,,0,0,2,81,81,0,81.0,20727.0
21.2,55,100,150,0.0,179.29,227.57,0.0001,0,0.7,0,0.035292,8.6892,0.00092886,58091,64652.0,6.42,298.13,377.19,0.60592,0.0,,35,,1.8994,0.18426,,,0.42306,0,,0,0,2,81,81,0,81.0,21221.0
21.4,55,100,150,0.0,211.79,232.33,0.0001,0,0.7,0,0.033467,8.6109,0.0009273,58158,64735.0,6.4163,298.12,374.26,0.61786,0.0,,35,,1.9325,0.18389,,,0.43141,0,,0,0,2,81,81,0,81.0,21548.0
21.6,55,100,150,0.0,225.0,233.62,0.0001,0,0.7,0,0.032671,8.5057,0.0009257,58227,64821.0,6.4124,298.11,371.4,0.62994,0.0,,35,,1.9466,0.18371,,,0.43986,0,,0,0,2,81,81,0,81.0,21709.0
21.8,55,100,150,0.0,225.0,234.68,0.0001,0,0.7,0,0.031083,8.3926,0.0009241,58297,64908.0,6.4088,298.1,366.91,0.64217,0.15326,,35,,1.9818,0.18332,,,0.44841,0,,0,0,2,81,81,0,81.0,21536.0
22.0,55,100,150,0.0,225.0,233.26,0.0001,0,0.7,0,0.028474,8.3605,0.00092251,58367,64994.0,6.4063,298.09,365.68,0.65446,0.61719,,35,,1.9915,0.18319,,,0.45701,0,,0,0,2,81,81,0,81.0,21530.0
22.2,55,100,150,0.0,225.0,235.42,0.0001,0,0.7,0,0.027648,8.2589,0.00092092,58437,65081.0,6.4043,298.09,365.21,0.66677,1.2936,,35,,2.0221,0.18284,,,0.46562,0,,0,0,2,81,81,0,81.0,20857.0
22.4,55,100,150,0.0,225.0,238.31,0.0001,0,0.7,0,0.026197,8.1745,0.00091933,58507,65167.0,6.4024,298.1,367.12,0.67917,2.101,,35,,2.0455,0.18257,,,0.4743,0,,0,0,2,81,81,0,81.0,21850.0
22.6,55,100,150,0.0,225.0,244.13,0.0001,0,0.7,0,0.024914,8.1129,0.00091774,58577,65254.0,6.401,298.1,366.69,0.69162,2.9637,,35,,2.0574,0.18242,,,0.48301,0,,0,0,2,81,81,0,81.0,21511.0
22.8,55,100,150,0.0,225.0,247.17,0.0001,0,0.7,0,0.0228,8.1795,0.00091616,58647,65341.0,6.4015,298.07,359.64,0.70397,3.8087,,35,,2.0319,0.18267,,,0.49165,0,,0,0,2,81,81,0,81.0,20671.0
23.0,55,100,150,0.0,225.0,241.82,0.0001,0,0.7,0,0.021606,8.1275,0.00091457,58718,65428.0,6.4021,298.06,356.41,0.71626,4.5592,,35,,2.0283,0.18268,,,0.50025,0,,0,0,2,81,81,0,81.0,20165.0
23.2,55,100,150,0.0,225.0,240.53,0.0001,0,0.7,0,0.019905,8.1754,0.00091299,58789,65515.0,6.4041,298.07,358.67,0.72846,5.1921,,35,,2.0109,0.18285,,,0.50878,0,,0,0,2,81,81,0,81.0,20825.0
23.4,55,100,150,0.0,225.0,245.64,0.0001,0,0.7,0,0.018762,8.1443,0.00091141,58859,65601.0,6.4062,298.07,360.43,0.74058,5.6686,,35,,2.0092,0.18284,,,0.51726,0,,0,0,2,81,81,0,81.0,20986.0
23.6,55,100,150,0.0,225.0,250.28,0.0001,0,0.7,0,0.018013,8.0597,0.00090984,58930,65688.0,6.408,298.07,359.63,0.75271,5.9851,,35,,2.0365,0.18253,,,0.52576,0,,0,0,2,81,81,0,81.0,20979.0
23.8,55,100,150,0.0,225.0,251.94,0.0001,0,0.7,0,0.017591,7.9649,0.00090826,59001,65775.0,6.409,298.07,360.57,0.76491,6.1628,,35,,2.0601,0.18226,,,0.5343,0,,0,0,2,81,81,0,81.0,20806.0
24.0,55,100,150,0.0,225.0,255.76,0.0001,0,0.7,0,0.017378,7.8602,0.0009067,59072,65862.0,6.4092,298.06,358.3,0.77722,6.2143,1186.0,35,1833.4,2.0818,0.182,0.00091299,9.504,0.54291,0,22.17,0,0,2,81,81,0,81.0,20800.0
24.2,55,100,30,0.0,225.0,255.6,0.0001,0,0.7,0,0.002867,11.437,0.021331,59119,65918.0,6.4501,297.78,279.71,0.78487,6.1632,,35,,1.1189,0.19212,,,0.54827,0,,0,0,2,81,81,0,81.0,21227.0
24.4,55,100,30,0.0,225.0,76.681,383.88,0,0.7,0,0.0028741,11.439,0.0448,59165,65972.0,6.4888,299.06,631.46,0.78961,5.9015,,35,,0.99271,0.19342,,,0.55158,0,,0,0,2,81,81,0,81.0,22002.0
24.6,55,100,30,0.0,225.0,512.66,38.388,0,0.7,0,0.0028886,11.393,0.068,59212,66027.0,6.5233,298.36,439.5,0.79418,5.6052,,35,,0.99814,0.19335,,,0.55478,0,,0,0,2,81,81,0,81.0,20943.0
24.8,55,100,30,0.0,216.23,301.7,3.8388,0,0.7,0,0.0028586,11.372,0.091659,59257,66080.0,6.5537,297.97,332.53,0.79872,5.272,,35,,1.0045,0.19328,,,0.55797,0,,0,0,2,81,81,0,81.0,21886.0
25.0,55,100,30,0.51769,108.11,186.25,0.38388,0,0.7,0,0.0028409,11.224,0.11566,59280,66112.0,6.5776,297.8,285.41,0.80323,4.9371,,35,,1.0355,0.19295,,,0.56112,0,,0,0,2,81,81,0,81.0,22164.0
25.2,55,100,30,1.036,54.057,55.875,180.26,0,0.8,0,0.0028017,11.979,0.14029,59293,66133.0,6.5868,298.46,467.76,0.80769,4.5923,,35,,1.0559,0.19273,,,0.56425,0,,0,0,2,81,81,0,81.0,21779.0
25.4,55,100,30,1.5559,27.028,278.27,18.026,0,0.8,0,0.0027858,11.92,0.16511,59300,66148.0,6.5694,298.17,387.64,0.81213,4.2811,,35,,1.064,0.19264,,,0.56735,0,,0,0,2,81,81,0,81.0,22228.0
25.6,55,100,30,2.0785,13.514,190.26,1.8026,0,0.8,0,0.0027212,11.882,0.19054,59304,66161.0,6.5296,298.01,341.72,0.81655,4.0212,,35,,1.0732,0.19253,,,0.57044,0,,0,0,2,81,81,0,81.0,22179.0
25.8,55,100,30,0.0,2.261,141.35,0.18026,0,0.8,0,0.0026559,11.84,0.21681,59306,66171.0,6.4776,297.92,317.6,0.82092,3.8345,,35,,1.0868,0.19238,,,0.57351,0,,0,0,2,81,81,0,81.0,21968.0
26.0,55,100,30,0.0,11.771,42.405,142.39,0,0.8,0,0.0026229,11.824,0.24338,59310,66183.0,6.4477,298.48,471.39,0.82526,3.724,,35,,1.0941,0.1923,,,0.57655,0,,0,0,2,81,81,0,81.0,21926.0
26.2,55,100,30,0.0,33.128,232.63,14.239,0,0.8,0,0.0026195,11.818,0.27007,59318,66199.0,6.4506,298.29,419.8,0.82961,3.6834,,35,,1.0909,0.19232,,,0.57959,0,,0,0,2,81,81,0,81.0,21717.0
26.4,55,100,30,0.0,53.306,181.68,1.4239,0,0.8,0,0.0026081,11.814,0.29727,59330,66219.0,6.4748,298.15,382.59,0.83397,3.7093,,35,,1.0871,0.19236,,,0.58264,0,,0,0,2,81,81,0,81.0,21511.0
26.6,55,100,30,0.0,63.827,147.32,0.14239,0,0.8,0,0.0025956,11.807,0.32471,59344,66242.0,6.5019,298.07,358.66,0.83832,3.8025,,35,,1.0845,0.19237,,,0.58569,0,,0,0,2,81,81,0,81.0,23306.0
26.8,55,100,30,0.0,63.577,124.15,0.014239,0,0.8,0,0.0026202,11.775,0.35221,59358,66264.0,6.5271,298.02,344.84,0.84267,3.9392,,35,,1.086,0.19235,,,0.58874,0,,0,0,2,81,81,0,81.0,22934.0
27.0,55,100,30,0.0,53.26,110.01,0.0014239,0,0.8,0,0.0026073,11.747,0.37977,59370,66284.0,6.5459,297.99,338.73,0.84704,4.1,,35,,1.078,0.19242,,,0.5918,0,,0,0,2,81,81,0,81.0,22896.0
27.2,55,100,30,0.0,35.449,103.38,0.00014239,0,0.8,0,0.0025692,11.715,0.40782,59378,66301.0,6.549,297.98,335.47,0.85137,4.26,,35,,1.0853,0.19234,,,0.59483,0,,0,0,2,81,81,0,81.0,22528.0
27.4,55,100,30,0.0,16.432,99.259,0.0001,0,0.8,0,0.0025188,11.681,0.43632,59383,66314.0,6.5214,297.97,332.94,0.85566,4.417,,35,,1.0881,0.1923,,,0.59783,0,,0,0,2,81,81,0,81.0,23494.0
27.6,55,100,30,0.0,8.5044,95.537,0.0001,0,0.8,0,0.0024619,11.657,0.46532,59386,66326.0,6.4817,297.96,330.41,0.8599,4.5606,,35,,1.0953,0.19222,,,0.6008,0,,0,0,2,81,81,0,81.0,22464.0
27.8,55,100,30,0.0,16.384,91.456,0.0001,0,0.8,0,0.0024868,11.622,0.49437,59391,66339.0,6.4594,297.96,330.02,0.86415,4.6823,,35,,1.1016,0.19215,,,0.60378,0,,0,0,2,81,81,0,81.0,23766.0
28.0,55,100,30,0.0,33.085,89.714,0.0001,0,0.8,0,0.0024638,11.638,0.5237,59399,66355.0,6.4649,297.95,326.94,0.86839,4.7879,,35,,1.0874,0.19228,,,0.60675,0,,0,0,2,81,81,0,81.0,23071.0
28.2,55,100,37,0.0,47.541,84.49,0.0001,0,0.8,0,0.0029054,11.365,0.54948,59412,66377.0,6.4829,297.97,330.86,0.87298,4.8804,,35,,1.1575,0.19155,,,0.60997,0,,0,0,2,81,81,0,81.0,23357.0
28.4,55,100,37,0.0,54.865,87.664,0.0001,0,0.8,0,0.002803,11.389,0.57641,59426,66399.0,6.5033,297.97,332.21,0.8777,4.905,,35,,1.1604,0.19151,,,0.61327,0,,0,0,2,81,81,0,81.0,23983.0
28.6,55,100,37,0.0,54.064,87.977,0.0001,0,0.8,0,0.002816,11.348,0.60356,59440,66422.0,6.521,297.97,333.17,0.8824,4.9262,,35,,1.1661,0.19144,,,0.61656,0,,0,0,2,81,81,0,81.0,24276.0
28.8,55,100,37,0.0,46.189,88.05,0.0001,0,0.8,0,0.0028376,11.289,0.63067,59452,66443.0,6.5321,297.98,333.51,0.88714,4.9262,,35,,1.1703,0.19139,,,0.61988,0,,0,0,2,81,81,0,81.0,23403.0
29.0,55,100,37,0.0,33.882,87.496,0.0001,0,0.8,0,0.0027886,11.284,0.65852,59462,66461.0,6.5304,297.98,333.62,0.89185,4.9032,,35,,1.1629,0.19146,,,0.62318,0,,0,0,2,81,81,0,81.0,24367.0
29.2,55,100,37,0.0,22.283,86.711,0.0001,0,0.8,0,0.0027497,11.246,0.68679,59469,66477.0,6.5103,297.97,333.25,0.89652,4.8704,,35,,1.1709,0.19136,,,0.62645,0,,0,0,2,81,81,0,81.0,23499.0
29.4,55,100,37,0.0,18.76,85.356,0.0001,0,0.8,0,0.0026823,11.235,0.7159,59476,66493.0,6.4873,297.98,334.4,0.90114,4.8313,,35,,1.1701,0.19136,,,0.62969,0,,0,0,2,81,81,0,81.0,24635.0
29.6,55,100,37,0.0,24.372,85.854,0.0001,0,0.8,0,0.0026822,11.204,0.74518,59484,66509.0,6.4748,297.98,335.04,0.90574,4.8052,,35,,1.1783,0.19127,,,0.63291,0,,0,0,2,81,81,0,81.0,23939.0
29.8,55,100,37,0.0,34.946,85.832,0.0001,0,0.8,0,0.002691,11.17,0.77447,59494,66528.0,6.4784,297.99,337.35,0.91034,4.7825,,35,,1.1974,0.19106,,,0.63613,0,,0,0,2,81,81,0,81.0,25077.0
30.0,55,100,37,0.0,44.041,87.992,0.0001,0,0.8,0,0.0027059,11.133,0.80377,59505,66549.0,6.4914,297.99,337.56,0.91496,4.765,,35,,1.2081,0.19094,,,0.63937,0,,0,0,2,81,81,0,81.0,25714.0
30.2,55,100,37,0.0,47.978,87.794,0.0001,0,0.9,0,0.0026685,11.969,0.83353,59518,66570.0,6.5072,297.99,336.96,0.91956,4.7615,,35,,1.2057,0.19096,,,0.64259,0,,0,0,2,81,81,0,81.0,24354.0
30.4,55,100,37,0.0,45.591,86.682,0.0001,0,0.9,0,0.0026914,11.911,0.86316,59530,66591.0,6.519,297.99,338.34,0.92417,4.7754,,35,,1.2128,0.19088,,,0.64582,0,,0,0,2,81,81,0,81.0,25326.0
30.6,55,100,37,0.0,38.504,87.971,0.0001,0,0.9,0,0.002691,11.877,0.89293,59541,66610.0,6.5226,297.99,338.0,0.9288,4.7941,,35,,1.2115,0.19088,,,0.64907,0,,0,0,2,81,81,0,81.0,25299.0
30.8,55,100,37,0.0,30.006,87.261,0.0001,0,0.9,0,0.0027237,11.796,0.92257,59549,66628.0,6.5154,297.99,338.65,0.93346,4.8153,,35,,1.2393,0.19058,,,0.65233,0,,0,0,2,81,81,0,81.0,24938.0
31.0,55,100,37,0.0,24.386,87.777,0.0001,0,0.9,0,0.0026995,11.765,0.9526,59557,66645.0,6.5015,298.0,339.53,0.93811,4.8336,,35,,1.2482,0.19048,,,0.65559,0,,0,0,2,81,81,0,81.0,25745.0
31.2,55,100,37,0.0,24.341,88.644,0.0001,0,0.9,0,0.0026768,11.741,0.983,59565,66661.0,6.488,298.0,339.0,0.94273,4.8554,,35,,1.2539,0.19041,,,0.65883,0,,0,0,2,81,81,0,81.0,26055.0
31.4,55,100,37,0.0,29.656,87.864,0.0001,0,0.9,0,0.0025968,11.77,1.0143,59574,66679.0,6.4849,298.0,338.88,0.94729,4.8897,,35,,1.2437,0.19051,,,0.66202,0,,0,0,2,81,81,0,81.0,26035.0
31.6,55,100,37,0.0,36.172,87.562,0.0001,0,0.9,0,0.0025699,11.772,1.046,59584,66698.0,6.4897,298.0,339.46,0.95178,4.9402,,35,,1.2375,0.19057,,,0.66517,0,,0,0,2,81,81,0,81.0,26684.0
31.8,55,100,37,0.0,40.793,88.103,0.0001,0,0.9,0,0.0025812,11.738,1.0777,59595,66718.0,6.4988,298.0,339.73,0.95628,4.9992,,35,,1.2415,0.19051,,,0.66832,0,,0,0,2,81,81,0,81.0,27000.0
32.0,55,100,37,0.0,41.791,88.317,0.0001,0,0.9,0,0.0025523,11.724,1.1097,59607,66738.0,6.5076,298.0,339.48,0.96078,5.0557,,35,,1.2374,0.19055,,,0.67148,0,,0,0,2,81,81,0,81.0,26317.0
32.2,55,100,43,0.0,39.259,87.937,0.0001,0,0.9,0,0.0029189,11.463,1.1383,59619,66759.0,6.5114,298.01,343.16,0.96558,5.106,,35,,1.2962,0.18993,,,0.67484,0,,0,0,2,81,81,0,81.0,27451.0
32.4,55,100,43,0.0,35.216,92.413,0.0001,0,0.9,0,0.0029179,11.434,1.1668,59630,66780.0,6.5104,298.02,344.75,0.97055,5.0968,,35,,1.2947,0.18993,,,0.67832,0,,0,0,2,81,81,0,81.0,27584.0
32.6,55,100,43,0.0,31.571,94.689,0.0001,0,0.9,0,0.0028719,11.405,1.1959,59640,66800.0,6.5051,298.01,344.14,0.97552,5.0728,,35,,1.3025,0.18984,,,0.6818,0,,0,0,2,81,81,0,81.0,27221.0
32.8,55,100,43,0.0,30.071,94.492,0.0001,0,0.9,0,0.0029395,11.323,1.2244,59651,66819.0,6.4984,298.02,345.52,0.98053,5.0481,,35,,1.323,0.18962,,,0.68531,0,,0,0,2,81,81,0,81.0,27687.0
33.0,55,100,43,0.0,31.251,96.757,0.0001,0,0.9,0,0.002821,11.36,1.2544,59661,66839.0,6.495,298.01,343.81,0.98548,5.0146,,35,,1.3103,0.18974,,,0.68878,0,,0,0,2,81,81,0,81.0,27328.0
33.2,55,100,43,0.0,33.746,95.312,0.0001,0,0.9,0,0.002857,11.309,1.2843,59672,66859.0,6.4947,298.01,343.58,0.99041,5.0137,,35,,1.3191,0.18964,,,0.69224,0,,0,0,2,81,81,0,81.0,27302.0
33.4,55,100,43,0.0,36.38,95.559,0.0001,0,0.9,0,0.0028129,11.305,1.3148,59683,66880.0,6.4965,298.02,345.11,0.99533,5.0157,,35,,1.3161,0.18966,,,0.69569,0,,0,0,2,81,81,0,81.0,27945.0
33.6,55,100,43,0.0,38.286,97.915,0.0001,0,0.9,0,0.0027965,11.295,1.3458,59695,66901.0,6.5004,298.02,344.54,1.0002,5.0372,,35,,1.3077,0.18974,,,0.69912,0,,0,0,2,81,81,0,81.0,27257.0
33.8,55,100,43,0.0,38.64,97.82,0.0001,0,0.9,0,0.0028704,11.224,1.3763,59707,66922.0,6.5046,298.02,347.12,1.0052,5.0692,,35,,1.3207,0.1896,,,0.70258,0,,0,0,2,81,81,0,81.0,28400.0
34.0,55,100,43,0.0,37.303,101.62,0.0001,0,0.9,0,0.0027618,11.283,1.4078,59719,66943.0,6.5071,298.02,347.17,1.01,5.094,,35,,1.2902,0.1899,,,0.70601,0,,0,0,2,81,81,0,81.0,28715.0
34.2,55,100,43,0.0,34.986,102.54,0.0001,0,0.9,0,0.0026819,11.289,1.4403,59730,66963.0,6.5074,298.02,345.84,1.0148,5.1332,,35,,1.2865,0.18993,,,0.70935,0,,0,0,2,81,81,0,81.0,28201.0
34.4,55,100,43,0.0,32.539,101.84,0.0001,0,0.9,0,0.0026815,11.247,1.4729,59741,66983.0,6.5042,298.01,344.1,1.0196,5.1895,,35,,1.2941,0.18985,,,0.71268,0,,0,0,2,81,81,0,81.0,28855.0
34.6,55,100,43,0.0,31.391,100.46,0.0001,0,0.9,0,0.0026333,11.236,1.5062,59751,67002.0,6.5,298.01,344.08,1.0243,5.2492,,35,,1.2944,0.18983,,,0.71599,0,,0,0,2,81,81,0,81.0,27845.0
34.8,55,100,43,0.0,31.923,101.02,0.0001,0,0.9,0,0.0026047,11.225,1.54,59762,67022.0,6.4967,298.02,345.44,1.029,5.3187,,35,,1.2936,0.18983,,,0.71926,0,,0,0,2,81,81,0,81.0,28671.0
35.0,55,100,43,0.0,33.778,103.22,0.0001,0,0.9,0,0.0025697,11.229,1.5743,59773,67042.0,6.4973,298.01,344.07,1.0336,5.3974,,35,,1.2813,0.18995,,,0.72251,0,,0,0,2,81,81,0,81.0,28500.0
35.2,55,100,43,0.0,35.376,102.19,0.0001,0,0.9,0,0.002584,11.19,1.6087,59784,67063.0,6.4999,298.0,340.78,1.0382,5.4827,,35,,1.2848,0.18991,,,0.72577,0,,0,0,2,81,81,0,81.0,28162.0
35.4,55,100,43,0.0,35.911,98.67,0.0001,0,0.9,0,0.0025276,11.186,1.644,59796,67083.0,6.503,298.0,340.13,1.0428,5.5663,,35,,1.2852,0.18989,,,0.729,0,,0,0,2,81,81,0,81.0,28829.0
35.6,55,100,43,0.0,35.213,98.034,0.0001,0,0.9,0,0.0025242,11.162,1.6794,59807,67104.0,6.5063,298.0,338.95,1.0474,5.6566,,35,,1.2887,0.18985,,,0.73221,0,,0,0,2,81,81,0,81.0,28996.0
35.8,55,100,43,0.0,33.201,96.573,0.0001,0,0.9,0,0.0025016,11.138,1.7152,59818,67124.0,6.5072,298.0,340.91,1.052,5.7437,,35,,1.2835,0.18989,,,0.73542,0,,0,0,2,81,81,0,81.0,29998.0
36.0,55,100,43,0.0,30.847,98.864,0.0001,0,0.9,0,0.0024807,11.123,1.7515,59828,67143.0,6.5041,298.01,341.82,1.0566,5.8153,1198.2,35,1903.2,1.2812,0.18991,1.6087,13.448,0.73861,0,36.005,0,0,2,81,81,0,81.0,29837.0
36.2,55,100,47,0.0,29.727,100.03,0.0001,0,0.9,0,0.0027234,10.905,1.7857,59839,67164.0,6.498,298.02,345.71,1.0613,5.8746,,35,,1.322,0.18948,,,0.74196,0,,0,0,2,81,81,0,81.0,29665.0
36.4,55,100,47,0.0,31.059,105.03,0.0001,0,0.9,0,0.0027316,10.869,1.8199,59851,67185.0,6.4943,298.02,346.63,1.0662,5.8935,,35,,1.3338,0.18934,,,0.7454,0,,0,0,2,81,81,0,81.0,30159.0
36.6,55,100,47,0.0,33.852,106.8,0.0001,0,0.9,0,0.0027199,10.849,1.8544,59863,67206.0,6.4941,298.02,346.22,1.0712,5.8964,,35,,1.3319,0.18935,,,0.74885,0,,0,0,2,81,81,0,81.0,30655.0
36.8,55,100,47,0.0,36.722,107.13,0.0001,0,0.9,0,0.0027626,10.797,1.8889,59875,67228.0,6.4978,298.01,344.05,1.0761,5.8967,,35,,1.3367,0.18929,,,0.75233,0,,0,0,2,81,81,0,81.0,30818.0
37.0,55,100,47,0.0,38.128,105.27,0.0001,0,0.9,0,0.0027505,10.769,1.9236,59888,67250.0,6.503,298.01,343.91,1.0811,5.8889,,35,,1.3352,0.1893,,,0.75582,0,,0,0,2,81,81,0,81.0,30482.0
37.2,55,100,47,0.0,37.461,105.68,0.0001,0,0.9,0,0.0027429,10.748,1.9585,59900,67273.0,6.5075,298.01,343.65,1.0861,5.8781,,35,,1.3332,0.18931,,,0.75932,0,,0,0,2,81,81,0,81.0,29980.0
37.4,55,100,47,0.0,34.973,105.86,0.0001,0,0.9,0,0.0027127,10.694,1.9937,59913,67294.0,6.5084,298.01,343.91,1.0911,5.8649,,35,,1.3509,0.18912,,,0.76281,0,,0,0,2,81,81,0,81.0,29479.0
37.6,55,100,47,0.0,32.134,106.64,0.0001,0,0.9,0,0.0027029,10.652,2.0291,59924,67316.0,6.5055,298.01,342.94,1.096,5.8519,,35,,1.3627,0.18898,,,0.7663,0,,0,0,2,81,81,0,81.0,30646.0
37.8,55,100,47,0.0,30.456,105.94,0.0001,0,0.9,0,0.0026587,10.623,2.0652,59935,67336.0,6.501,298.01,342.08,1.101,5.8383,,35,,1.3775,0.18882,,,0.76976,0,,0,0,2,81,81,0,81.0,30650.0
38.0,55,100,47,0.0,30.586,105.28,0.0001,0,0.9,0,0.0026543,10.58,2.1013,59947,67357.0,6.4978,298.0,340.1,1.1059,5.8409,,35,,1.3901,0.18868,,,0.77322,0,,0,0,2,81,81,0,81.0,31321.0
38.2,55,100,47,0.0,31.999,103.1,0.0001,0,0.9,0,0.0026973,10.542,2.137,59958,67378.0,6.4952,298.0,338.87,1.1109,5.8577,,35,,1.3868,0.1887,,,0.7767,0,,0,0,2,81,81,0,81.0,31156.0
38.4,55,100,47,0.0,34.431,101.63,0.0001,0,0.9,0,0.0026868,10.512,2.1731,59970,67400.0,6.4968,297.99,336.79,1.1159,5.8692,,35,,1.3939,0.18862,,,0.7802,0,,0,0,2,81,81,0,81.0,31827.0
38.6,55,100,47,0.0,36.228,98.913,0.0001,0,0.9,0,0.0026075,10.547,2.2101,59982,67422.0,6.4987,297.98,334.02,1.1207,5.8886,,35,,1.3896,0.18866,,,0.78363,0,,0,0,2,81,81,0,81.0,32169.0
38.8,55,100,47,0.0,37.254,95.102,0.0001,0,0.9,0,0.0025455,10.546,2.2477,59995,67444.0,6.5006,297.97,331.74,1.1256,5.9216,,35,,1.3866,0.18868,,,0.787,0,,0,0,2,81,81,0,81.0,31180.0
39.0,55,100,47,0.0,37.525,91.533,0.0001,0,0.9,0,0.0025114,10.531,2.2858,60008,67466.0,6.5032,297.97,331.08,1.1303,5.961,,35,,1.3907,0.18863,,,0.79035,0,,0,0,2,81,81,0,81.0,31194.0
39.2,55,100,47,0.0,36.779,89.651,0.0001,0,0.9,0,0.0025193,10.503,2.324,60020,67488.0,6.5039,297.96,329.39,1.1351,6.0114,,35,,1.3879,0.18865,,,0.79368,0,,0,0,2,81,81,0,81.0,32375.0
39.4,55,100,47,0.0,35.749,86.373,0.0001,0,0.9,0,0.0024857,10.479,2.3628,60032,67510.0,6.5033,297.96,328.29,1.1398,6.0629,,35,,1.3891,0.18863,,,0.79701,0,,0,0,2,81,81,0,81.0,32058.0
39.6,55,100,47,0.0,34.967,83.606,0.0001,0,0.9,0,0.0024866,10.425,2.4019,60045,67532.0,6.5021,297.96,328.08,1.1446,6.1216,,35,,1.4013,0.18849,,,0.80034,0,,0,0,2,81,81,0,81.0,32910.0
39.8,55,100,47,0.0,34.635,81.786,0.0001,0,0.9,0,0.0023972,10.458,2.4418,60057,67553.0,6.5019,297.95,326.26,1.1493,6.1849,,35,,1.3921,0.18858,,,0.80363,0,,0,0,2,81,81,0,81.0,33100.0
40.0,55,100,47,0.0,34.401,77.926,0.0001,0,0.9,0,0.0023744,10.431,2.4821,60069,67575.0,6.4999,297.95,327.37,1.1539,6.2589,,35,,1.4026,0.18846,,,0.80688,0,,0,0,2,81,81,0,81.0,32457.0
40.2,60,100,51,0.0,34.958,77.482,0.0001,0,1.1,0,0.0025105,12.122,2.5214,60082,67598.0,6.4962,297.97,331.89,1.0695,6.327,,35,,1.4279,0.1896,,,0.81566,0,,0,0,2,81,81,0,81.0,32977.0
40.4,60,100,51,0.0,37.003,81.289,0.0001,0,1.1,0,0.0024674,12.126,2.5611,60095,67621.0,6.4962,297.98,333.89,1.0697,6.3741,,35,,1.4064,0.1898,,,0.81578,0,,0,0,2,81,81,0,81.0,32832.0
40.6,60,100,51,0.0,39.048,82.514,0.0001,0,1.1,0,0.0024945,12.067,2.6009,60109,67644.0,6.4977,297.98,335.39,1.0738,6.4109,,35,,1.421,0.18965,,,0.81897,0,,0,0,2,81,81,0,81.0,33687.0
40.8,60,100,51,0.0,40.474,83.451,0.0001,0,1.1,0,0.0024471,12.071,2.6413,60123,67668.0,6.5005,297.98,334.58,1.0782,6.4348,,35,,1.4205,0.18965,,,0.82232,0,,0,0,2,81,81,0,81.0,33712.0
41.0,60,100,51,0.0,40.776,81.772,0.0001,0,1.1,0,0.0024397,12.015,2.682,60137,67692.0,6.5033,297.99,336.48,1.0826,6.4581,,35,,1.437,0.18948,,,0.82568,0,,0,0,2,81,81,0,81.0,33239.0
41.2,60,100,51,0.0,39.96,83.374,0.0001,0,1.1,0,0.0024365,11.989,2.723,60151,67716.0,6.505,297.99,336.98,1.087,6.4832,,35,,1.4332,0.18951,,,0.82905,0,,0,0,2,81,81,0,81.0,34267.0
41.4,60,100,51,0.0,38.498,83.43,0.0001,0,1.1,0,0.0024463,11.954,2.7641,60165,67739.0,6.5046,297.99,338.34,1.0914,6.5138,,35,,1.4314,0.18952,,,0.83242,0,,0,0,2,81,81,0,81.0,33795.0
41.6,60,100,51,0.0,37.2,84.658,0.0001,0,1.1,0,0.0024153,11.926,2.8057,60179,67763.0,6.5033,298.0,339.2,1.0958,6.5334,,35,,1.4372,0.18946,,,0.83579,0,,0,0,2,81,81,0,81.0,34993.0
41.8,60,100,51,0.0,36.384,85.417,0.0001,0,1.1,0,0.0023778,11.895,2.8479,60192,67786.0,6.5022,298.0,339.54,1.1002,6.5486,,35,,1.4525,0.1893,,,0.83914,0,,0,0,2,81,81,0,81.0,35360.0
42.0,60,100,51,0.0,36.018,85.671,0.0001,0,1.1,0,0.002405,11.835,2.8906,60205,67809.0,6.5004,298.0,340.12,1.1046,6.5709,,35,,1.4636,0.18919,,,0.8425,0,,0,0,2,81,81,0,81.0,35229.0
42.2,60,100,51,0.0,36.388,86.289,0.0001,0,1.1,0,0.0023617,11.808,2.9338,60218,67832.0,6.4973,298.0,339.97,1.109,6.6054,,35,,1.4802,0.18902,,,0.84585,0,,0,0,2,81,81,0,81.0,34601.0
42.4,60,100,51,0.0,37.996,86.064,0.0001,0,1.1,0,0.0023758,11.747,2.9771,60232,67855.0,6.4969,298.0,340.03,1.1133,6.6441,,35,,1.5045,0.18878,,,0.8492,0,,0,0,2,81,81,0,81.0,35640.0
42.6,60,100,51,0.0,39.728,86.105,0.0001,0,1.1,0,0.0023802,11.739,3.0206,60246,67879.0,6.4978,298.0,339.57,1.1177,6.6746,,35,,1.5036,0.18878,,,0.85254,0,,0,0,2,81,81,0,81.0,34681.0
42.8,60,100,51,0.0,41.124,85.523,0.0001,0,1.1,0,0.0023778,11.724,3.0643,60260,67903.0,6.4979,298.0,339.02,1.1221,6.7047,,35,,1.4954,0.18885,,,0.85588,0,,0,0,2,81,81,0,81.0,35555.0
43.0,60,100,51,0.0,42.488,84.771,0.0001,0,1.1,0,0.0023846,11.671,3.1082,60275,67928.0,6.4999,297.99,337.14,1.1265,6.7334,,35,,1.5051,0.18875,,,0.85924,0,,0,0,2,81,81,0,81.0,35430.0
43.2,60,100,51,0.0,43.051,82.312,0.0001,0,1.1,0,0.0023888,11.654,3.1521,60290,67953.0,6.5013,297.99,336.46,1.1309,6.7611,,35,,1.5,0.18879,,,0.8626,0,,0,0,2,81,81,0,81.0,35973.0
43.4,60,100,51,0.0,43.057,81.121,0.0001,0,1.1,0,0.0023407,11.643,3.1965,60304,67977.0,6.5023,297.99,336.5,1.1352,6.7882,,35,,1.4983,0.1888,,,0.86595,0,,0,0,2,81,81,0,81.0,36017.0
43.6,60,100,51,0.0,42.654,80.693,0.0001,0,1.1,0,0.0023808,11.587,3.2406,60319,68002.0,6.5018,297.99,338.07,1.1396,6.8245,,35,,1.504,0.18873,,,0.86932,0,,0,0,2,81,81,0,81.0,36560.0
43.8,60,100,51,0.0,42.441,82.113,0.0001,0,1.1,0,0.0023199,11.597,3.2855,60334,68026.0,6.5015,297.98,334.99,1.144,6.853,,35,,1.5037,0.18873,,,0.87266,0,,0,0,2,81,81,0,81.0,36607.0
44.0,60,100,51,0.0,42.35,78.009,0.0001,0,1.1,0,0.0023082,11.572,3.3305,60348,68051.0,6.4999,297.98,334.23,1.1483,6.8901,,35,,1.5075,0.18868,,,0.87597,0,,0,0,2,81,81,0,81.0,36321.0
44.2,60,100,57,0.0,42.922,76.464,0.0001,0,1.1,0,0.0025912,11.282,3.3726,60364,68077.0,6.4968,297.99,338.66,1.1529,6.926,,35,,1.5814,0.18797,,,0.8795,0,,0,0,2,81,81,0,81.0,36688.0
44.4,60,100,57,0.0,44.731,81.1,0.0001,0,1.1,0,0.002582,11.259,3.415,60380,68103.0,6.4948,298.0,341.01,1.1577,6.9205,,35,,1.5978,0.1878,,,0.88311,0,,0,0,2,81,81,0,81.0,37056.0
44.6,60,100,57,0.0,47.343,83.641,0.0001,0,1.1,0,0.0025638,11.245,3.4577,60397,68130.0,6.494,298.01,342.86,1.1624,6.9142,,35,,1.6011,0.18776,,,0.88671,0,,0,0,2,81,81,0,81.0,37592.0
44.8,60,100,57,0.0,50.239,85.934,0.0001,0,1.1,0,0.0025395,11.252,3.5007,60414,68158.0,6.496,298.01,342.6,1.167,6.9036,,35,,1.5925,0.18784,,,0.89029,0,,0,0,2,81,81,0,81.0,37463.0
45.0,60,100,57,0.0,52.344,85.913,0.0001,0,1.1,0,0.0024975,11.263,3.5443,60432,68186.0,6.4992,298.0,340.04,1.1717,6.8903,,35,,1.5882,0.18787,,,0.89383,0,,0,0,2,81,81,0,81.0,37671.0
45.2,60,100,57,0.0,53.191,83.115,0.0001,0,1.1,0,0.0025248,11.23,3.5879,60450,68214.0,6.5027,298.0,341.1,1.1763,6.8865,,35,,1.5902,0.18784,,,0.89735,0,,0,0,2,81,81,0,81.0,37545.0
45.4,60,100,57,0.0,52.643,84.447,0.0001,0,1.1,0,0.0024857,11.243,3.6319,60468,68242.0,6.5067,298.0,341.56,1.1808,6.8826,,35,,1.5842,0.18789,,,0.90085,0,,0,0,2,81,81,0,81.0,37587.0
45.6,60,100,57,0.0,50.484,85.088,0.0001,0,1.1,0,0.0024591,11.225,3.6763,60485,68270.0,6.5078,298.01,343.17,1.1853,6.8896,,35,,1.5862,0.18786,,,0.90431,0,,0,0,2,81,81,0,81.0,38632.0
45.8,60,100,57,0.0,47.883,87.216,0.0001,0,1.1,0,0.0023818,11.249,3.7215,60502,68297.0,6.5089,298.0,340.96,1.1898,6.9175,,35,,1.5861,0.18785,,,0.9077,0,,0,0,2,81,81,0,81.0,38847.0
46.0,60,100,57,0.0,44.836,84.869,0.0001,0,1.1,0,0.0024285,11.187,3.7664,60518,68323.0,6.5063,298.0,340.09,1.1942,6.9599,,35,,1.5825,0.18788,,,0.9111,0,,0,0,2,81,81,0,81.0,38727.0
46.2,60,100,57,0.0,42.85,83.965,0.0001,0,1.1,0,0.0024293,11.14,3.8115,60534,68349.0,6.5009,298.0,340.37,1.1987,6.9995,,35,,1.5907,0.18779,,,0.91452,0,,0,0,2,81,81,0,81.0,39442.0
46.4,60,100,57,0.0,43.023,84.301,0.0001,0,1.1,0,0.0024579,11.078,3.8565,60550,68375.0,6.4966,298.0,340.72,1.2032,7.032,,35,,1.6,0.1877,,,0.91798,0,,0,0,2,81,81,0,81.0,39656.0
46.6,60,100,57,0.0,44.909,84.744,0.0001,0,1.1,0,0.0023911,11.106,3.9022,60566,68402.0,6.4934,298.0,340.74,1.2077,7.0569,,35,,1.5954,0.18773,,,0.9214,0,,0,0,2,81,81,0,81.0,38707.0
46.8,60,100,57,0.0,48.057,84.817,0.0001,0,1.1,0,0.0022405,11.194,3.9496,60583,68429.0,6.4932,297.99,337.26,1.212,7.0877,,35,,1.5806,0.18787,,,0.92469,0,,0,0,2,81,81,0,81.0,40266.0
47.0,60,100,57,0.0,51.272,80.655,0.0001,0,1.1,0,0.0022642,11.133,3.9969,60601,68456.0,6.4929,297.99,337.58,1.2163,7.1389,,35,,1.5941,0.18773,,,0.92797,0,,0,0,2,81,81,0,81.0,40491.0
47.2,60,100,57,0.0,54.636,80.744,0.0001,0,1.1,0,0.0022089,11.172,4.0447,60619,68484.0,6.4951,297.99,336.87,1.2205,7.194,,35,,1.5725,0.18793,,,0.93122,0,,0,0,2,81,81,0,81.0,39553.0
47.4,60,100,57,0.0,57.121,79.519,0.0001,0,1.1,0,0.0021783,11.169,4.0933,60638,68513.0,6.498,297.99,336.71,1.2247,7.2437,,35,,1.5644,0.18799,,,0.93445,0,,0,0,2,81,81,0,81.0,40451.0
47.6,60,100,57,0.0,58.433,78.899,0.0001,0,1.1,0,0.0021916,11.123,4.1418,60657,68542.0,6.5016,297.99,337.3,1.2289,7.2994,,35,,1.5704,0.18793,,,0.93768,0,,0,0,2,81,81,0,81.0,39849.0
47.8,60,100,57,0.0,58.31,79.155,0.0001,0,1.1,0,0.0021525,11.119,4.1907,60676,68571.0,6.5038,297.99,336.41,1.2331,7.3537,,35,,1.5703,0.18792,,,0.9409,0,,0,0,2,81,81,0,81.0,41416.0
48.0,60,100,57,0.0,57.327,77.662,0.0001,0,1.1,0,0.0021548,11.065,4.2397,60695,68600.0,6.5056,297.99,336.94,1.2373,7.4089,1198.9,35,1953.0,1.5816,0.18781,4.0447,17.087,0.94412,0,50.467,0,0,2,81,81,0,81.0,41150.0
48.2,60,100,61,0.0,55.596,77.83,0.0001,0,1.1,0,0.0022873,10.909,4.2884,60714,68630.0,6.5054,298.0,338.88,1.2417,7.4598,,35,,1.6159,0.18747,,,0.94744,0,,0,0,2,81,81,0,81.0,40881.0
48.4,60,100,61,0.0,53.961,79.726,0.0001,0,1.1,0,0.0022626,10.888,4.3374,60733,68659.0,6.5044,298.0,341.1,1.2461,7.5004,,35,,1.6231,0.18739,,,0.9508,0,,0,0,2,81,81,0,81.0,42449.0
48.6,60,100,61,0.0,52.72,82.182,0.0001,0,1.1,0,0.0022954,10.807,4.386,60752,68688.0,6.5022,298.01,342.2,1.2505,7.5357,,35,,1.6386,0.18724,,,0.95419,0,,0,0,2,81,81,0,81.0,42514.0
48.8,60,100,61,0.0,52.381,83.575,0.0001,0,1.1,0,0.0023241,10.746,4.435,60770,68717.0,6.4988,298.01,343.08,1.255,7.5576,,35,,1.6409,0.18721,,,0.95762,0,,0,0,2,81,81,0,81.0,42747.0
49.0,60,100,61,0.0,53.375,84.868,0.0001,0,1.1,0,0.0023423,10.716,4.484,60789,68746.0,6.4954,298.01,343.6,1.2595,7.5718,,35,,1.6425,0.18718,,,0.96107,0,,0,0,2,81,81,0,81.0,42481.0
49.2,60,100,61,0.0,55.755,85.839,0.0001,0,1.1,0,0.002357,10.666,4.5331,60809,68776.0,6.4931,298.0,341.52,1.264,7.5807,,35,,1.6462,0.18714,,,0.96456,0,,0,0,2,81,81,0,81.0,42216.0
49.4,60,100,61,0.0,59.035,83.752,0.0001,0,1.1,0,0.0023061,10.673,4.5828,60828,68806.0,6.4934,298.0,341.32,1.2686,7.5874,,35,,1.6466,0.18713,,,0.96802,0,,0,0,2,81,81,0,81.0,42119.0
49.6,60,100,61,0.0,62.172,83.729,0.0001,0,1.1,0,0.0022831,10.68,4.6327,60849,68838.0,6.4967,298.0,341.54,1.273,7.5962,,35,,1.6408,0.18717,,,0.97146,0,,0,0,2,81,81,0,81.0,43024.0
49.8,60,100,61,0.0,64.015,84.148,0.0001,0,1.1,0,0.0022832,10.636,4.6827,60870,68869.0,6.4999,298.0,341.14,1.2775,7.6088,,35,,1.655,0.18703,,,0.97489,0,,0,0,2,81,81,0,81.0,42929.0
50.0,60,100,61,0.0,64.576,83.822,0.0001,0,1.1,0,0.0022501,10.643,4.7331,60891,68900.0,6.5024,298.0,341.45,1.282,7.6229,,35,,1.6444,0.18712,,,0.9783,0,,0,0,2,81,81,0,81.0,43837.0
50.2,60,100,61,0.0,64.139,84.328,0.0001,500,1.1,0,0.0022581,12.233,4.7757,61012,69032.0,6.5008,297.87,304.2,1.2864,7.6398,,35,,1.3093,0.19031,,,0.98171,0,,0,0,2,81,81,0,81.0,44045.0
50.4,60,100,61,0.0,64.332,25.298,148.88,500,1.1,0,0.00228,12.205,4.818,61133,69163.0,6.499,298.35,439.93,1.2909,7.5423,,35,,1.2967,0.19042,,,0.98515,0,,0,0,2,81,81,0,81.0,43252.0
50.6,60,100,61,0.0,65.269,184.92,14.888,500,1.1,0,0.0022364,12.258,4.8606,61254,69295.0,6.4978,298.07,360.15,1.2954,7.4448,,35,,1.288,0.19049,,,0.98858,0,,0,0,2,81,81,0,81.0,44794.0
50.8,60,100,61,0.0,66.647,98.574,1.4888,500,1.1,0,0.0022085,12.296,4.9036,61376,69427.0,6.4964,297.92,318.22,1.2998,7.3522,,35,,1.291,0.19046,,,0.99196,0,,0,0,2,81,81,0,81.0,44172.0
51.0,60,100,61,0.0,68.623,29.572,88.025,500,1.1,0,0.0022087,12.303,4.9468,61498,69559.0,6.4968,298.19,394.99,1.3042,7.278,,35,,1.2954,0.19041,,,0.99533,0,,0,0,2,81,81,0,81.0,44550.0
51.2,60,100,61,0.0,70.401,119.65,8.8025,500,1.1,0,0.0022025,12.302,4.9898,61620,69692.0,6.498,298.02,346.47,1.3086,7.2179,,35,,1.3058,0.1903,,,0.99872,0,,0,0,2,81,81,0,81.0,45594.0
51.4,60,100,61,0.0,71.708,66.869,0.88025,500,1.1,0,0.0021426,12.376,5.033,61742,69824.0,6.5,297.93,319.51,1.313,7.1713,,35,,1.2998,0.19035,,,1.0021,0,,0,0,2,81,81,0,81.0,45639.0
51.6,60,100,61,0.0,72.219,20.061,66.974,500,1.1,0,0.0021241,12.414,5.0763,61864,69957.0,6.5015,298.14,380.24,1.3173,7.1469,,35,,1.2853,0.19048,,,1.0054,0,,0,0,2,81,81,0,81.0,45185.0
51.8,60,100,61,0.0,72.13,90.312,6.6974,500,1.1,0,0.0020849,12.476,5.1195,61987,70090.0,6.5031,298.0,340.68,1.3216,7.1472,,35,,1.2767,0.19055,,,1.0086,0,,0,0,2,81,81,0,81.0,46063.0
52.0,60,100,61,0.0,71.394,46.998,0.66974,500,1.1,0,0.0021324,12.438,5.1625,62109,70223.0,6.5038,297.94,323.12,1.3259,7.1557,,35,,1.2887,0.19043,,,1.0119,0,,0,0,2,81,81,0,81.0,45607.0
52.2,60,100,65,0.0,70.38,14.099,42.617,500,1.1,0,0.0022635,12.306,5.205,62232,70356.0,6.5031,298.09,367.21,1.3303,7.1714,,35,,1.3204,0.19012,,,1.0153,0,,0,0,2,81,81,0,81.0,45815.0
52.4,60,100,65,0.0,69.649,64.483,4.2617,500,1.1,0,0.0022507,12.321,5.2476,62355,70489.0,6.5014,298.01,343.43,1.3349,7.2056,,35,,1.3276,0.19004,,,1.0188,0,,0,0,2,81,81,0,81.0,45857.0
52.6,60,100,65,0.0,69.6,38.807,0.42617,500,1.1,0,0.0022391,12.325,5.2901,62477,70623.0,6.5001,297.97,332.23,1.3394,7.2429,,35,,1.3455,0.18986,,,1.0223,0,,0,0,2,81,81,0,81.0,45732.0
52.8,60,100,65,0.0,70.07,26.683,0.042617,500,1.1,0,0.0021781,12.404,5.3331,62600,70756.0,6.4992,297.96,327.43,1.3438,7.293,,35,,1.3259,0.19004,,,1.0257,0,,0,0,2,81,81,0,81.0,46276.0
53.0,60,100,65,0.0,70.904,20.348,0.0042617,500,1.1,0,0.0021745,12.428,5.3763,62723,70890.0,6.4985,297.96,326.81,1.3482,7.3541,,35,,1.32,0.19009,,,1.0291,0,,0,0,2,81,81,0,81.0,46154.0
53.2,60,100,65,0.0,72.03,18.151,0.00042617,500,1.1,0,0.0021272,12.474,5.4195,62846,71024.0,6.4992,297.96,327.1,1.3526,7.4124,,35,,1.3122,0.19015,,,1.0324,0,,0,0,2,81,81,0,81.0,46366.0
53.4,60,100,65,0.0,72.846,16.827,0.0001,500,1.1,0,0.0021297,12.515,5.4628,62970,71157.0,6.4999,297.96,327.84,1.357,7.469,,35,,1.3026,0.19024,,,1.0358,0,,0,0,2,81,81,0,81.0,47078.0
53.6,60,100,65,0.0,73.424,16.045,0.0001,500,1.1,0,0.0021108,12.563,5.5062,63093,71291.0,6.5014,297.96,328.71,1.3613,7.5252,,35,,1.2838,0.19041,,,1.0391,0,,0,0,2,81,81,0,81.0,46624.0
53.8,60,100,65,0.0,73.362,15.491,0.0001,500,1.1,0,0.0020936,12.583,5.5499,63217,71425.0,6.5034,297.96,329.22,1.3656,7.5757,,35,,1.2884,0.19035,,,1.0424,0,,0,0,2,81,81,0,81.0,47338.0
54.0,60,100,65,0.0,72.537,14.627,0.0001,500,1.1,0,0.0020745,12.6,5.5941,63340,71559.0,6.5055,297.97,330.03,1.3699,7.6152,,35,,1.2962,0.19027,,,1.0457,0,,0,0,2,81,81,0,81.0,47054.0
54.2,60,100,65,0.0,70.867,14.186,0.0001,500,1.1,0,0.0020346,12.646,5.6382,63463,71693.0,6.5074,297.97,330.66,1.3741,7.6617,,35,,1.2919,0.1903,,,1.0489,0,,0,0,2,81,81,0,81.0,48104.0
54.4,60,100,65,0.0,68.409,13.629,0.0001,500,1.1,0,0.0020256,12.671,5.6827,63585,71826.0,6.5078,297.97,331.73,1.3783,7.6926,,35,,1.2829,0.19038,,,1.0521,0,,0,0,2,81,81,0,81.0,48488.0
54.6,60,100,65,0.0,65.825,13.661,0.0001,500,1.1,0,0.0020202,12.658,5.7275,63707,71958.0,6.5083,297.98,333.2,1.3825,7.7209,,35,,1.3003,0.19021,,,1.0553,0,,0,0,2,81,81,0,81.0,48874.0
54.8,60,100,65,0.0,63.036,14.268,0.0001,500,1.1,0,0.0020084,12.691,5.7718,63828,72090.0,6.5076,297.98,334.12,1.3867,7.7527,,35,,1.2966,0.19024,,,1.0585,0,,0,0,2,81,81,0,81.0,49091.0
55.0,60,100,65,0.0,60.506,14.426,0.0001,500,1.1,0,0.0020217,12.678,5.816,63949,72221.0,6.5068,297.98,335.02,1.3909,7.7617,,35,,1.3148,0.19005,,,1.0617,0,,0,0,2,81,81,0,81.0,49141.0
55.2,60,100,65,0.0,58.307,14.677,0.0001,500,1.1,0,0.0019551,12.752,5.8601,64070,72352.0,6.5067,297.98,334.52,1.3949,7.7644,,35,,1.3111,0.19008,,,1.0649,0,,0,0,2,81,81,0,81.0,48524.0
55.4,60,100,65,0.0,56.137,13.443,0.0001,500,1.1,0,0.0019642,12.734,5.9043,64190,72482.0,6.5058,297.98,335.26,1.399,7.7517,,35,,1.3199,0.18999,,,1.068,0,,0,0,2,81,81,0,81.0,49574.0
55.6,60,100,65,0.0,54.333,13.594,0.0001,500,1.1,0,0.0019479,12.77,5.9484,64309,72612.0,6.5039,297.99,335.77,1.4031,7.7466,,35,,1.3057,0.19012,,,1.0711,0,,0,0,2,81,81,0,81.0,49290.0
55.8,60,100,65,0.0,53.308,13.55,0.0001,500,1.1,0,0.0018929,12.85,5.9924,64429,72742.0,6.5022,297.98,334.64,1.4071,7.733,,35,,1.2903,0.19026,,,1.0742,0,,0,0,2,81,81,0,81.0,49006.0
56.0,60,100,65,0.0,52.967,11.693,0.0001,500,1.1,0,0.0019307,12.815,6.0365,64548,72872.0,6.4998,297.99,335.72,1.4111,7.7099,,35,,1.3011,0.19014,,,1.0772,0,,0,0,2,81,81,0,81.0,48888.0
56.2,60,100,72,0.0,53.552,12.258,0.0001,500,1.1,0,0.0020618,12.705,6.0804,64669,73003.0,6.4965,298.0,339.04,1.4153,7.6891,,34,,1.3357,0.18981,,,1.0805,0,,0,0,2,81,81,0,81.0,50603.0
56.4,60,100,72,0.0,55.461,15.452,0.0001,500,1.1,0,0.0020785,12.694,6.124,64790,73135.0,6.4944,298.0,341.05,1.4196,7.6887,,34,,1.3513,0.18965,,,1.0837,0,,0,0,2,81,81,0,81.0,50150.0
56.6,60,100,72,0.0,58.213,17.5,0.0001,500,1.1,0,0.0020661,12.722,6.1678,64911,73267.0,6.495,298.0,341.47,1.4239,7.69,,34,,1.3576,0.18958,,,1.087,0,,0,0,2,81,81,0,81.0,50365.0
56.8,60,100,72,0.0,60.732,18.024,0.0001,500,1.1,0,0.0021143,12.696,6.2112,65034,73400.0,6.4973,298.01,342.5,1.4282,7.7013,,34,,1.3701,0.18946,,,1.0904,0,,0,0,2,81,81,0,81.0,51411.0
57.0,60,100,72,0.0,62.323,19.338,0.0001,500,1.1,0,0.0020846,12.726,6.2546,65156,73533.0,6.5,298.01,342.24,1.4325,7.7122,,34,,1.3777,0.18938,,,1.0937,0,,0,0,2,81,81,0,81.0,50457.0
57.2,60,100,72,0.0,62.826,19.299,0.0001,500,1.1,0,0.0020788,12.743,6.2979,65279,73667.0,6.5023,298.01,342.19,1.4369,7.7201,,34,,1.3715,0.18943,,,1.097,0,,0,0,2,81,81,0,81.0,51335.0
57.4,60,100,72,0.0,62.44,19.495,0.0001,500,1.1,0,0.0020784,12.759,6.3412,65401,73800.0,6.5032,298.01,342.16,1.4412,7.7297,,34,,1.3696,0.18944,,,1.1003,0,,0,0,2,81,81,0,81.0,52214.0
57.6,60,100,72,0.0,61.668,19.698,0.0001,500,1.1,0,0.0020254,12.804,6.3851,65524,73933.0,6.5036,298.0,341.17,1.4455,7.7437,,34,,1.3613,0.18951,,,1.1036,0,,0,0,2,81,81,0,81.0,51929.0
57.8,60,100,72,0.0,60.754,18.831,0.0001,500,1.1,0,0.0020057,12.838,6.429,65646,74066.0,6.5031,298.0,340.33,1.4498,7.7754,,34,,1.3551,0.18956,,,1.1069,0,,0,0,2,81,81,0,81.0,52477.0
58.0,60,100,72,0.0,60.053,18.031,0.0001,500,1.1,0,0.0019662,12.874,6.4726,65768,74198.0,6.5026,298.0,339.16,1.454,7.806,,34,,1.3566,0.18954,,,1.1101,0,,0,0,2,81,81,0,81.0,51358.0
58.2,60,100,72,0.0,59.533,16.764,0.0001,500,1.1,0,0.0019066,12.963,6.5165,65890,74331.0,6.5008,297.99,337.46,1.4581,7.819,,34,,1.3354,0.18973,,,1.1133,0,,0,0,2,81,81,0,81.0,51573.0
58.4,60,100,72,0.0,59.742,14.773,0.0001,500,1.1,0,0.001835,13.056,6.5603,66011,74463.0,6.4996,297.98,335.06,1.4621,7.8359,,34,,1.3111,0.18995,,,1.1164,0,,0,0,2,81,81,0,81.0,53121.0
58.6,60,100,72,0.0,60.415,11.806,0.0001,500,1.1,0,0.001822,13.076,6.6042,66133,74596.0,6.4981,297.98,334.1,1.4661,7.8341,,34,,1.3097,0.18996,,,1.1194,0,,0,0,2,81,81,0,81.0,52669.0
58.8,60,100,72,0.0,61.683,10.18,0.0001,500,1.1,0,0.0018156,13.107,6.648,66256,74728.0,6.4967,297.98,333.45,1.4701,7.8303,,34,,1.3056,0.18999,,,1.1225,0,,0,0,2,81,81,0,81.0,52550.0
59.0,60,100,72,0.0,63.508,8.748,0.0001,500,1.1,0,0.001804,13.119,6.6918,66378,74861.0,6.4971,297.98,333.24,1.474,7.8154,,34,,1.3174,0.18987,,,1.1255,0,,0,0,2,81,81,0,81.0,52765.0
59.2,60,100,72,0.0,65.168,7.7119,0.0001,500,1.1,0,0.0018339,13.108,6.7357,66501,74995.0,6.4987,297.98,334.28,1.478,7.8012,,34,,1.3201,0.18984,,,1.1285,0,,0,0,2,81,81,0,81.0,53814.0
59.4,60,100,72,0.0,66.21,8.0247,0.0001,500,1.1,0,0.0018334,13.121,6.7795,66625,75129.0,6.5,297.98,335.2,1.482,7.8033,,34,,1.3223,0.18981,,,1.1316,0,,0,0,2,81,81,0,81.0,53528.0
59.6,60,100,72,0.0,66.728,8.2937,0.0001,500,1.1,0,0.0018732,13.082,6.8238,66748,75262.0,6.5007,297.99,337.22,1.4861,7.8111,,34,,1.3343,0.18969,,,1.1347,0,,0,0,2,81,81,0,81.0,53911.0
59.8,60,100,72,0.0,66.989,9.8801,0.0001,500,1.1,0,0.0018353,13.137,6.868,66871,75396.0,6.5006,297.99,337.42,1.4902,7.8489,,34,,1.3321,0.1897,,,1.1379,0,,0,0,2,81,81,0,81.0,54795.0
60.0,60,100,72,0.0,67.268,9.6915,0.0001,500,1.1,0,0.0018331,13.154,6.9123,66994,75530.0,6.5008,297.99,337.34,1.4942,7.8827,1200.0,34,1849.5,1.3409,0.18961,6.7357,18.961,1.1409,0,42.407,0,0,2,81,81,0,81.0,54678.0
60.2,60,100,76,0.0,67.453,9.2539,0.0001,500,1.1,0,0.0019255,13.079,6.9562,67119,75665.0,6.501,298.0,339.33,1.4983,7.9197,,33,,1.3767,0.18926,,,1.1441,0,,0,0,2,81,81,0,81.0,54394.0
60.4,60,100,76,0.0,67.569,11.081,0.0001,500,1.1,0,0.0018925,13.138,6.9998,67243,75800.0,6.5016,298.0,339.58,1.5024,7.9709,,33,,1.3704,0.18931,,,1.1472,0,,0,0,2,81,81,0,81.0,54274.0
60.6,60,100,76,0.0,67.465,11.19,0.0001,500,1.1,0,0.0018907,13.158,7.0438,67367,75935.0,6.5021,298.0,339.72,1.5065,8.0013,,33,,1.3673,0.18933,,,1.1504,0,,0,0,2,81,81,0,81.0,54823.0
60.8,60,100,76,0.0,67.132,11.25,0.0001,500,1.1,0,0.0018572,13.192,7.0876,67491,76070.0,6.504,298.0,339.26,1.5105,8.0406,,33,,1.3696,0.1893,,,1.1535,0,,0,0,2,81,81,0,81.0,54537.0
61.0,60,100,76,0.0,66.03,10.684,0.0001,500,1.1,0,0.0018516,13.217,7.1309,67615,76204.0,6.5047,298.0,339.02,1.5146,8.0745,,33,,1.3668,0.18932,,,1.1566,0,,0,0,2,81,81,0,81.0,55416.0
61.2,60,100,76,0.0,64.656,10.307,0.0001,500,1.1,0,0.0018287,13.245,7.1744,67738,76338.0,6.5045,297.99,338.31,1.5186,8.0899,,33,,1.3735,0.18925,,,1.1597,0,,0,0,2,81,81,0,81.0,55129.0
61.4,60,100,76,0.0,63.375,9.3945,0.0001,500,1.1,0,0.0018292,13.251,7.218,67862,76472.0,6.5036,297.99,338.22,1.5226,8.0976,,33,,1.3763,0.18922,,,1.1627,0,,0,0,2,81,81,0,81.0,55509.0
61.6,60,100,76,0.0,62.457,9.0823,0.0001,500,1.1,0,0.0018415,13.255,7.2617,67985,76606.0,6.5025,297.99,338.64,1.5266,8.108,,33,,1.3743,0.18923,,,1.1658,0,,0,0,2,81,81,0,81.0,55390.0
61.8,60,100,76,0.0,61.967,9.2895,0.0001,500,1.1,0,0.0018255,13.282,7.3054,68108,76740.0,6.5016,297.99,338.68,1.5306,8.1238,,33,,1.3695,0.18927,,,1.1689,0,,0,0,2,81,81,0,81.0,55271.0
62.0,60,100,76,0.0,61.863,9.1251,0.0001,500,1.1,0,0.0018324,13.276,7.3493,68231,76873.0,6.4999,298.0,339.43,1.5347,8.1416,,33,,1.3737,0.18922,,,1.172,0,,0,0,2,81,81,0,81.0,57319.0
62.2,60,100,76,0.0,62.437,9.7384,0.0001,500,1.1,0,0.0018434,13.286,7.3933,68354,77007.0,6.4977,298.0,340.1,1.5387,8.177,,33,,1.3734,0.18921,,,1.1751,0,,0,0,2,81,81,0,81.0,56535.0
62.4,60,100,76,0.0,63.863,10.337,0.0001,500,1.1,0,0.0018804,13.251,7.4374,68477,77141.0,6.4972,298.0,341.41,1.5429,8.2235,,33,,1.3892,0.18906,,,1.1783,0,,0,0,2,81,81,0,81.0,56584.0
62.6,60,100,76,0.0,65.512,11.692,0.0001,500,1.1,0,0.0018488,13.303,7.4814,68601,77276.0,6.4968,298.0,341.24,1.547,8.2736,,33,,1.3844,0.18909,,,1.1815,0,,0,0,2,81,81,0,81.0,57633.0
62.8,60,100,76,0.0,67.326,11.614,0.0001,500,1.1,0,0.0017993,13.37,7.5253,68725,77411.0,6.4977,298.0,340.01,1.5511,8.3273,,33,,1.3726,0.1892,,,1.1846,0,,0,0,2,81,81,0,81.0,57015.0
63.0,60,100,76,0.0,68.742,10.414,0.0001,500,1.1,0,0.0017799,13.408,7.5688,68850,77546.0,6.4992,298.0,338.82,1.5551,8.3632,,33,,1.3664,0.18925,,,1.1877,0,,0,0,2,81,81,0,81.0,57395.0
63.2,60,100,76,0.0,69.583,9.1367,0.0001,500,1.1,0,0.0017614,13.447,7.6125,68974,77681.0,6.5014,297.99,337.8,1.5591,8.3777,,33,,1.3614,0.18929,,,1.1907,0,,0,0,2,81,81,0,81.0,57942.0
63.4,60,100,76,0.0,69.554,7.9064,0.0001,500,1.1,0,0.0017901,13.443,7.6559,69099,77816.0,6.5024,297.99,337.58,1.5631,8.3783,,33,,1.3708,0.18919,,,1.1938,0,,0,0,2,81,81,0,81.0,57655.0
63.6,60,100,76,0.0,69.132,7.4012,0.0001,500,1.1,0,0.0017654,13.48,7.6992,69223,77951.0,6.503,297.99,337.23,1.5671,8.3655,,33,,1.3685,0.18921,,,1.1969,0,,0,0,2,81,81,0,81.0,57867.0
63.8,60,100,76,0.0,68.467,6.7199,0.0001,500,1.1,0,0.0017771,13.5,7.7425,69347,78086.0,6.5034,297.99,337.2,1.571,8.3388,,33,,1.3646,0.18923,,,1.1999,0,,0,0,2,81,81,0,81.0,58579.0
64.0,60,100,76,0.0,67.629,6.339,0.0001,500,1.1,0,0.0017775,13.505,7.7858,69471,78221.0,6.5051,297.99,337.59,1.575,8.3034,,33,,1.3707,0.18917,,,1.203,0,,0,0,2,81,81,0,81.0,58624.0
64.2,60,100,80,0.0,66.093,6.3957,0.0001,500,1.1,0,0.0017833,13.535,7.829,69596,78356.0,6.5056,297.99,338.03,1.579,8.2672,,32,,1.3649,0.18922,,,1.206,0,,0,0,2,81,81,0,81.0,58169.0
64.4,60,100,80,0.0,64.365,6.5277,0.0001,500,1.1,0,0.0017496,13.573,7.8718,69720,78491.0,6.5049,297.99,337.64,1.583,8.2299,,32,,1.366,0.1892,,,1.2091,0,,0,0,2,81,81,0,81.0,58546.0
64.6,60,100,80,0.0,62.93,5.8464,0.0001,500,1.1,0,0.0017448,13.585,7.9146,69844,78626.0,6.5034,297.99,337.44,1.5869,8.1828,,32,,1.3721,0.18913,,,1.2121,0,,0,0,2,81,81,0,81.0,59088.0
64.8,60,100,80,0.0,62.076,5.3338,0.0001,500,1.1,0,0.0017425,13.59,7.9574,69968,78760.0,6.5019,297.99,337.47,1.5909,8.1459,,32,,1.3807,0.18904,,,1.2151,0,,0,0,2,81,81,0,81.0,59465.0
65.0,60,100,80,0.0,61.849,5.0393,0.0001,500,1.1,0,0.0017623,13.569,8.0004,70091,78894.0,6.5013,297.99,338.22,1.5948,8.1199,,32,,1.4012,0.18884,,,1.2182,0,,0,0,2,81,81,0,81.0,59342.0
65.2,60,100,80,0.0,61.849,5.4951,0.0001,500,1.1,0,0.0017749,13.571,8.0434,70215,79029.0,6.4999,298.0,339.3,1.5989,8.1237,,32,,1.4053,0.1888,,,1.2213,0,,0,0,2,81,81,0,81.0,60386.0
65.4,60,100,80,0.0,62.412,6.3589,0.0001,500,1.1,0,0.0017435,13.63,8.0862,70339,79163.0,6.4995,298.0,338.95,1.6028,8.1398,,32,,1.3953,0.18888,,,1.2243,0,,0,0,2,81,81,0,81.0,60762.0
65.6,60,100,80,0.0,63.121,5.8499,0.0001,500,1.1,0,0.0017573,13.645,8.1289,70463,79298.0,6.5005,298.0,338.91,1.6068,8.1624,,32,,1.3954,0.18887,,,1.2274,0,,0,0,2,81,81,0,81.0,60472.0
65.8,60,100,80,0.0,63.455,5.6513,0.0001,500,1.1,0,0.0017813,13.639,8.1714,70586,79433.0,6.501,298.0,339.34,1.6108,8.1937,,32,,1.4055,0.18877,,,1.2304,0,,0,0,2,81,81,0,81.0,60180.0
66.0,60,100,80,0.0,63.577,5.9373,0.0001,500,1.1,0,0.0017406,13.694,8.2138,70710,79567.0,6.501,298.0,338.82,1.6148,8.2403,,32,,1.3962,0.18885,,,1.2335,0,,0,0,2,81,81,0,81.0,61221.0
66.2,60,100,80,0.0,63.684,5.2711,0.0001,500,1.1,0,0.001721,13.746,8.2556,70834,79702.0,6.5015,297.99,337.88,1.6187,8.2874,,32,,1.3831,0.18897,,,1.2365,0,,0,0,2,81,81,0,81.0,60592.0
66.4,60,100,80,0.0,63.602,4.1296,0.0001,500,1.1,0,0.0017111,13.772,8.2972,70958,79837.0,6.5017,297.99,337.25,1.6226,8.3257,,32,,1.381,0.18898,,,1.2395,0,,0,0,2,81,81,0,81.0,60963.0
66.6,60,100,80,0.0,63.429,3.2183,0.0001,500,1.1,0,0.0017286,13.751,8.3389,71082,79971.0,6.5012,297.99,337.68,1.6265,8.3611,,32,,1.3995,0.1888,,,1.2425,0,,0,0,2,81,81,0,81.0,60334.0
66.8,60,100,80,0.0,63.485,3.328,0.0001,500,1.1,0,0.0017118,13.785,8.3804,71206,80106.0,6.4991,297.99,337.54,1.6305,8.4011,,32,,1.4006,0.18878,,,1.2455,0,,0,0,2,81,81,0,81.0,60704.0
67.0,60,100,80,0.0,64.366,2.8674,0.0001,500,1.1,0,0.001697,13.835,8.4217,71330,80241.0,6.4985,297.99,337.34,1.6344,8.4355,,32,,1.3825,0.18894,,,1.2485,0,,0,0,2,81,81,0,81.0,61572.0
67.2,60,100,80,0.0,65.488,2.3487,0.0001,500,1.1,0,0.001691,13.847,8.4623,71454,80376.0,6.4988,297.99,337.11,1.6383,8.4626,,32,,1.3909,0.18886,,,1.2515,0,,0,0,2,81,81,0,81.0,61438.0
67.4,60,100,80,0.0,66.495,1.7722,0.0001,500,1.1,0,0.0016877,13.873,8.5028,71579,80511.0,6.4992,297.99,337.04,1.6422,8.4691,,32,,1.3898,0.18886,,,1.2545,0,,0,0,2,81,81,0,81.0,62137.0
67.6,60,100,80,0.0,67.35,1.3393,0.0001,500,1.1,0,0.0016834,13.898,8.5431,71704,80647.0,6.4997,297.99,337.07,1.6461,8.4659,,32,,1.3862,0.18889,,,1.2575,0,,0,0,2,81,81,0,81.0,62001.0
67.8,60,100,80,0.0,67.979,0.99586,0.0001,500,1.1,0,0.0016691,13.929,8.5833,71828,80782.0,6.4992,297.99,336.83,1.65,8.4474,,32,,1.3856,0.18888,,,1.2605,0,,0,0,2,81,81,0,81.0,62031.0
68.0,60,100,80,0.0,68.81,0.38468,0.0001,500,1.1,0,0.0016478,13.951,8.6235,71953,80918.0,6.4996,297.99,336.43,1.6539,8.4206,,32,,1.3922,0.18881,,,1.2635,0,,0,0,2,81,81,0,81.0,62561.0
68.2,60,100,84,0.0,69.481,0.0001,0.0001,500,1.1,0,0.0017608,13.86,8.6645,72079,81055.0,6.4987,298.0,339.08,1.6579,8.3889,,31,,1.4287,0.18846,,,1.2666,0,,0,0,2,81,81,0,81.0,63262.0
68.4,60,100,84,0.0,70.537,2.2648,0.0001,500,1.1,0,0.0017392,13.918,8.7054,72205,81191.0,6.4981,298.0,339.78,1.6619,8.3985,,31,,1.4232,0.1885,,,1.2696,0,,0,0,2,81,81,0,81.0,63463.0
68.6,60,100,84,0.0,71.813,2.7619,0.0001,500,1.1,0,0.001726,13.937,8.7465,72331,81329.0,6.4991,298.0,340.1,1.6659,8.4115,,31,,1.4266,0.18846,,,1.2727,0,,0,0,2,81,81,0,81.0,63830.0
68.8,60,100,84,0.0,72.702,2.994,0.0001,500,1.1,0,0.0017159,13.973,8.7877,72458,81466.0,6.4998,298.0,339.98,1.6699,8.4361,,31,,1.4205,0.18851,,,1.2758,0,,0,0,2,81,81,0,81.0,63032.0
69.0,60,100,84,0.0,73.307,2.8325,0.0001,500,1.1,0,0.0017023,14.03,8.8285,72584,81604.0,6.5011,298.0,339.28,1.6739,8.4682,,31,,1.4036,0.18867,,,1.2788,0,,0,0,2,81,81,0,81.0,63899.0
69.2,60,100,84,0.0,73.388,2.0743,0.0001,500,1.1,0,0.0017066,14.038,8.8694,72711,81741.0,6.503,298.0,339.25,1.6778,8.4883,,31,,1.4043,0.18865,,,1.2819,0,,0,0,2,81,81,0,81.0,64266.0
69.4,60,100,84,0.0,72.716,1.9324,0.0001,500,1.1,0,0.0017848,13.977,8.911,72837,81879.0,6.5028,298.0,341.37,1.6819,8.5052,,31,,1.4304,0.1884,,,1.285,0,,0,0,2,81,81,0,81.0,63803.0
69.6,60,100,84,0.0,72.11,3.9333,0.0001,500,1.1,0,0.0017902,13.989,8.9526,72964,82016.0,6.5006,298.01,342.78,1.686,8.5526,,31,,1.437,0.18833,,,1.2882,0,,0,0,2,81,81,0,81.0,64340.0
69.8,60,100,84,0.0,72.379,5.4053,0.0001,500,1.1,0,0.0017703,14.011,8.994,73090,82154.0,6.4986,298.01,342.9,1.6901,8.6019,,31,,1.4481,0.18821,,,1.2913,0,,0,0,2,81,81,0,81.0,65043.0
70.0,60,100,84,0.0,73.442,5.745,0.0001,500,1.1,0,0.0017952,13.985,9.0352,73217,82291.0,6.4964,298.01,343.77,1.6943,8.6458,,31,,1.4687,0.18801,,,1.2945,0,,0,0,2,81,81,0,81.0,65578.0
70.2,60,100,84,0.0,75.421,6.8827,0.0001,500,1.1,0,0.0018306,13.957,9.0767,73344,82430.0,6.4945,298.01,345.16,1.6985,8.6972,,31,,1.491,0.18779,,,1.2978,0,,0,0,2,81,81,0,81.0,64614.0
70.4,60,100,84,0.0,78.136,8.6146,0.0001,500,1.1,0,0.0018044,14.022,9.1178,73471,82569.0,6.4939,298.01,344.81,1.7028,8.7497,,31,,1.4757,0.18793,,,1.301,0,,0,0,2,81,81,0,81.0,64649.0
70.6,60,100,84,0.0,81.075,8.7409,0.0001,500,1.1,0,0.0018116,14.017,9.1592,73599,82708.0,6.4951,298.01,344.71,1.707,8.7867,,31,,1.4867,0.18782,,,1.3043,0,,0,0,2,81,81,0,81.0,65686.0
70.8,60,100,84,0.0,83.552,9.128,0.0001,500,1.1,0,0.001773,14.095,9.2002,73728,82848.0,6.4984,298.01,343.07,1.7112,8.8311,,31,,1.468,0.18799,,,1.3075,0,,0,0,2,81,81,0,81.0,65720.0
71.0,60,100,84,0.0,84.691,7.9661,0.0001,500,1.1,0,0.0017785,14.109,9.2412,73856,82988.0,6.5008,298.01,342.24,1.7154,8.8535,,31,,1.4675,0.18798,,,1.3108,0,,0,0,2,81,81,0,81.0,66587.0
71.2,60,100,84,0.0,84.894,7.4699,0.0001,500,1.1,0,0.0017704,14.124,9.2822,73985,83128.0,6.5024,298.0,340.95,1.7196,8.8747,,31,,1.4849,0.18781,,,1.314,0,,0,0,2,81,81,0,81.0,66121.0
71.4,60,100,84,0.0,84.46,6.4048,0.0001,500,1.1,0,0.0018149,14.091,9.3232,74114,83268.0,6.5029,298.0,341.65,1.7238,8.8892,,31,,1.5049,0.18761,,,1.3172,0,,0,0,2,81,81,0,81.0,65489.0
71.6,60,100,84,0.0,83.837,7.1819,0.0001,500,1.1,0,0.0017539,14.167,9.3638,74243,83408.0,6.5043,298.0,340.1,1.728,8.9006,,31,,1.4977,0.18767,,,1.3204,0,,0,0,2,81,81,0,81.0,66021.0
71.8,60,100,84,0.0,82.614,5.776,0.0001,500,1.1,0,0.0017767,14.156,9.4041,74371,83548.0,6.5056,298.0,339.98,1.7322,8.8969,,31,,1.5113,0.18753,,,1.3236,0,,0,0,2,81,81,0,81.0,67052.0
72.0,60,100,84,0.0,80.882,5.6583,0.0001,500,1.1,0,0.0017238,14.215,9.4441,74499,83687.0,6.506,298.0,338.67,1.7364,8.8992,1199.3,31,1724.1,1.506,0.18758,9.2822,19.919,1.3268,0,27.378,0,0,2,81,81,0,81.0,67414.0
72.2,60,100,90,0.0,79.019,4.3328,0.0001,500,1.1,0,0.0017893,14.176,9.4844,74628,83828.0,6.5056,298.0,339.78,1.7406,8.8839,,30,,1.5294,0.18735,,,1.3301,0,,0,0,2,81,81,0,81.0,66612.0
72.4,60,100,90,0.0,77.314,5.2643,0.0001,500,1.1,0,0.0017883,14.191,9.5247,74756,83967.0,6.504,298.0,340.7,1.7448,8.8866,,30,,1.5355,0.18728,,,1.3333,0,,0,0,2,81,81,0,81.0,66476.0
72.6,60,100,90,0.0,76.219,6.0756,0.0001,500,1.1,0,0.0018479,14.147,9.5656,74884,84107.0,6.5021,298.01,343.12,1.7491,8.8911,,30,,1.5576,0.18706,,,1.3367,0,,0,0,2,81,81,0,81.0,66510.0
72.8,60,100,90,0.0,75.903,8.4523,0.0001,500,1.1,0,0.0018205,14.189,9.6058,75013,84247.0,6.5,298.01,343.89,1.7535,8.9199,,30,,1.5564,0.18707,,,1.34,0,,0,0,2,81,81,0,81.0,67540.0
73.0,60,100,90,0.0,76.419,9.4325,0.0001,500,1.1,0,0.0018082,14.225,9.6461,75141,84387.0,6.4997,298.01,343.72,1.7579,8.9277,,30,,1.5507,0.18711,,,1.3433,0,,0,0,2,81,81,0,81.0,68237.0
73.2,60,100,90,0.0,77.056,9.6243,0.0001,500,1.1,0,0.0018028,14.274,9.6863,75269,84527.0,6.4993,298.01,343.01,1.7622,8.9381,,30,,1.5375,0.18723,,,1.3467,0,,0,0,2,81,81,0,81.0,67101.0
73.4,60,100,90,0.0,77.841,9.2924,0.0001,500,1.1,0,0.0018401,14.279,9.7268,75398,84667.0,6.4976,298.01,343.24,1.7665,8.9357,,30,,1.5384,0.18721,,,1.35,0,,0,0,2,81,81,0,81.0,67133.0
73.6,60,100,90,0.0,79.344,9.8093,0.0001,500,1.1,0,0.001833,14.308,9.7668,75526,84807.0,6.4974,298.01,343.31,1.7709,8.948,,30,,1.5357,0.18723,,,1.3534,0,,0,0,2,81,81,0,81.0,68495.0
73.8,60,100,90,0.0,80.9,10.169,0.0001,500,1.1,0,0.0017794,14.381,9.8064,75655,84948.0,6.4982,298.0,341.69,1.7752,8.9434,,30,,1.5232,0.18734,,,1.3567,0,,0,0,2,81,81,0,81.0,67689.0
74.0,60,100,90,0.0,82.134,8.91,0.0001,500,1.1,0,0.0017454,14.436,9.8455,75785,85089.0,6.5001,298.0,339.75,1.7795,8.9161,,30,,1.5101,0.18746,,,1.36,0,,0,0,2,81,81,0,81.0,67881.0
74.2,60,100,90,0.0,82.595,7.2087,0.0001,500,1.1,0,0.0017814,14.427,9.8849,75914,85230.0,6.4997,298.0,339.74,1.7838,8.8827,,30,,1.5182,0.18737,,,1.3633,0,,0,0,2,81,81,0,81.0,68573.0
74.4,60,100,90,0.0,83.258,7.1777,0.0001,500,1.1,0,0.0017765,14.457,9.9237,76044,85371.0,6.4993,298.0,339.46,1.7881,8.8631,,30,,1.5176,0.18737,,,1.3666,0,,0,0,2,81,81,0,81.0,68430.0
74.6,60,100,90,0.0,84.054,6.8459,0.0001,500,1.1,0,0.0017644,14.495,9.9627,76173,85512.0,6.4996,298.0,339.14,1.7924,8.8433,,30,,1.5106,0.18743,,,1.3699,0,,0,0,2,81,81,0,81.0,69621.0
74.8,60,100,90,0.0,84.738,6.444,0.0001,500,1.1,0,0.0017538,14.515,10.002,76303,85654.0,6.4995,298.0,338.72,1.7967,8.8299,,30,,1.5182,0.18735,,,1.3732,0,,0,0,2,81,81,0,81.0,68980.0
75.0,60,100,90,0.0,85.453,5.9252,0.0001,500,1.1,0,0.0017757,14.526,10.041,76433,85795.0,6.4994,298.0,339.16,1.801,8.8277,,30,,1.5215,0.18731,,,1.3765,0,,0,0,2,81,81,0,81.0,70507.0
75.2,60,100,90,0.0,86.228,6.1843,0.0001,100,1.1,0,0.0018264,13.54,10.091,76483,85857.0,6.5015,298.09,373.76,1.8054,8.8439,,30,,1.8437,0.18423,,,1.3799,0,,0,0,2,81,81,0,81.0,69246.0
75.4,60,100,90,0.0,86.125,39.086,0.0001,100,1.1,0,0.0018212,13.512,10.141,76533,85919.0,6.5016,298.14,392.58,1.8098,9.1078,,30,,1.8944,0.18373,,,1.3833,0,,0,0,2,81,81,0,81.0,70154.0
75.6,60,100,90,0.0,86.021,59.794,0.0001,100,1.1,0,0.0018312,13.485,10.192,76583,85981.0,6.5002,298.17,402.98,1.8143,9.4031,,30,,1.8998,0.18367,,,1.3867,0,,0,0,2,81,81,0,81.0,71062.0
75.8,60,100,90,0.0,86.466,74.739,0.0001,100,1.1,0,0.0018097,13.488,10.243,76633,86043.0,6.4974,298.18,406.83,1.8188,9.7156,,30,,1.8905,0.18375,,,1.3902,0,,0,0,2,81,81,0,81.0,70139.0
76.0,60,100,90,0.0,88.031,84.688,0.0001,100,1.1,0,0.0018243,13.447,10.294,76684,86106.0,6.4945,298.19,407.45,1.8233,10.04,,30,,1.8971,0.18368,,,1.3936,0,,0,0,2,81,81,0,81.0,71550.0
76.2,60,100,116,0.0,90.752,92.098,0.0001,100,1.1,0,0.0026706,12.836,10.338,76740,86176.0,6.4825,298.23,423.35,1.8288,10.35,,29,,2.0889,0.18183,,,1.3979,0,,0,0,2,81,81,0,81.0,70432.0
76.4,60,100,116,0.0,98.297,114.17,0.0001,100,1.1,0,0.0027405,12.763,10.382,76798,86248.0,6.4748,298.25,432.24,1.835,10.584,,29,,2.1418,0.18131,,,1.4026,0,,0,0,2,81,81,0,81.0,72138.0
76.6,60,100,116,0.0,108.87,130.89,0.0001,100,1.1,0,0.0026504,12.813,10.426,76858,86322.0,6.4714,298.25,429.79,1.8412,10.73,,29,,2.1237,0.18147,,,1.4074,0,,0,0,2,81,81,0,81.0,71350.0
76.8,60,100,116,0.0,120.83,137.9,0.0001,100,1.1,0,0.0026589,12.799,10.47,76921,86398.0,6.4706,298.24,426.61,1.8474,10.847,,29,,2.1224,0.18147,,,1.4122,0,,0,0,2,81,81,0,81.0,71229.0
77.0,60,100,116,0.0,133.11,144.21,0.0001,100,1.1,0,0.0026293,12.811,10.514,76986,86477.0,6.4721,298.22,419.51,1.8537,10.909,,29,,2.1153,0.18153,,,1.417,0,,0,0,2,81,81,0,81.0,71773.0
77.2,60,100,116,0.0,144.77,146.48,0.0001,100,1.1,0,0.0025596,12.843,10.56,77053,86558.0,6.4757,298.19,410.17,1.8598,10.932,,29,,2.1003,0.18166,,,1.4217,0,,0,0,2,81,81,0,81.0,71657.0
77.4,60,100,116,0.0,155.01,145.99,0.0001,100,1.1,0,0.0025481,12.849,10.605,77122,86641.0,6.4795,298.16,398.76,1.8659,10.946,,29,,2.0903,0.18175,,,1.4264,0,,0,0,2,81,81,0,81.0,72540.0
77.6,60,100,116,0.0,163.71,142.63,0.0001,100,1.1,0,0.0024645,12.91,10.651,77193,86726.0,6.4845,298.13,387.81,1.872,10.922,,29,,2.0647,0.18198,,,1.431,0,,0,0,2,81,81,0,81.0,72762.0
77.8,60,100,116,0.0,170.42,138.59,0.0001,100,1.1,0,0.002496,12.868,10.697,77266,86812.0,6.4892,298.11,380.7,1.878,10.89,,29,,2.0732,0.18189,,,1.4357,0,,0,0,2,81,81,0,81.0,72315.0
78.0,60,100,116,0.0,175.28,137.04,0.0001,100,1.1,0,0.0024918,12.853,10.743,77339,86900.0,6.4932,298.09,373.51,1.884,10.83,,29,,2.0803,0.18181,,,1.4403,0,,0,0,2,81,81,0,81.0,73198.0
78.2,60,100,116,0.0,178.53,134.62,0.0001,100,1.1,0,0.0024256,12.862,10.789,77413,86987.0,6.4962,298.07,365.48,1.89,10.736,,29,,2.0801,0.1818,,,1.4449,0,,0,0,2,81,81,0,81.0,73752.0
78.4,60,100,116,0.0,180.59,130.68,0.0001,100,1.1,0,0.0023495,12.907,10.835,77487,87075.0,6.4988,298.05,358.63,1.8958,10.641,,29,,2.0627,0.18196,,,1.4494,0,,0,0,2,81,81,0,81.0,73310.0
78.6,60,100,116,0.0,181.59,127.06,0.0001,100,1.1,0,0.002361,12.853,10.882,77562,87164.0,6.4996,298.04,353.68,1.9017,10.553,,29,,2.0786,0.18179,,,1.4539,0,,0,0,2,81,81,0,81.0,73200.0
78.8,60,100,116,0.0,182.27,124.5,0.0001,100,1.1,0,0.0023215,12.858,10.929,77637,87252.0,6.5013,298.03,350.15,1.9075,10.479,,29,,2.0744,0.18182,,,1.4583,0,,0,0,2,81,81,0,81.0,74093.0
79.0,60,100,116,0.0,182.27,122.74,0.0001,100,1.1,0,0.0023784,12.788,10.975,77711,87341.0,6.5024,298.02,348.6,1.9133,10.428,,29,,2.0921,0.18164,,,1.4629,0,,0,0,2,81,81,0,81.0,74481.0
79.2,60,100,116,0.0,181.83,122.45,0.0001,100,1.1,0,0.0023287,12.779,11.022,77786,87429.0,6.5039,298.02,347.63,1.9192,10.376,,29,,2.0939,0.18161,,,1.4674,0,,0,0,2,81,81,0,81.0,74205.0
79.4,60,100,116,0.0,180.78,122.5,0.0001,100,1.1,0,0.002317,12.77,11.069,77860,87517.0,6.5052,298.02,346.73,1.9251,10.356,,29,,2.0938,0.1816,,,1.4719,0,,0,0,2,81,81,0,81.0,74764.0
79.6,60,100,116,0.0,179.2,122.51,0.0001,100,1.1,0,0.0023599,12.691,11.116,77934,87605.0,6.5052,298.02,347.88,1.931,10.354,,29,,2.1186,0.18136,,,1.4764,0,,0,0,2,81,81,0,81.0,73822.0
79.8,60,100,116,0.0,177.66,124.35,0.0001,100,1.1,0,0.0023759,12.663,11.163,78008,87693.0,6.5051,298.03,350.06,1.9369,10.367,,29,,2.1242,0.18129,,,1.481,0,,0,0,2,81,81,0,81.0,74713.0
80.0,60,100,116,0.0,176.13,127.22,0.0001,100,1.1,0,0.0024164,12.6,11.21,78081,87780.0,6.5043,298.03,350.76,1.943,10.389,,29,,2.1396,0.18113,,,1.4856,0,,0,0,2,81,81,0,81.0,75436.0
80.2,60,100,90,0.0,174.93,128.91,0.0001,100,1.1,0,0.0014406,13.591,11.256,78149,87859.0,6.5173,297.95,322.31,1.9477,10.432,,23,,1.8459,0.18394,,,1.4893,0,,0,0,2,81,81,0,81.0,75155.0
80.4,60,100,90,0.0,168.47,103.51,0.0001,100,1.1,0,0.0014171,13.583,11.301,78216,87937.0,6.5285,297.91,305.94,1.9517,10.303,,23,,1.7993,0.18438,,,1.4923,0,,0,0,2,81,81,0,81.0,76042.0
80.6,60,100,90,0.0,157.58,31.052,115.63,100,1.1,0,0.0014703,13.467,11.349,78280,88012.0,6.5346,298.23,424.04,1.9556,10.155,,23,,1.8312,0.18406,,,1.4954,0,,0,0,2,81,81,0,81.0,75435.0
80.8,60,100,90,0.0,144.26,137.95,11.563,100,1.1,0,0.0014716,13.389,11.396,78342,88085.0,6.538,298.19,408.08,1.9595,10.042,,23,,1.8692,0.18369,,,1.4984,0,,0,0,2,81,81,0,81.0,76162.0
81.0,60,100,90,0.0,129.61,129.28,1.1563,100,1.1,0,0.0014929,13.32,11.445,78401,88155.0,6.5364,298.13,387.08,1.9635,9.9401,,23,,1.8882,0.1835,,,1.5015,0,,0,0,2,81,81,0,81.0,76728.0
81.2,60,100,90,0.0,115.6,117.03,0.11563,100,1.1,0,0.0015074,13.244,11.494,78457,88222.0,6.5289,298.08,370.42,1.9675,9.8861,,23,,1.9118,0.18327,,,1.5046,0,,0,0,2,81,81,0,81.0,76964.0
81.4,60,100,90,0.0,104.56,106.81,0.011563,100,1.1,0,0.0015175,13.18,11.543,78510,88287.0,6.5195,298.05,358.09,1.9716,9.8713,,23,,1.9318,0.18307,,,1.5077,0,,0,0,2,81,81,0,81.0,76701.0
81.6,60,100,90,0.0,97.306,98.847,0.0011563,100,1.1,0,0.0015447,13.101,11.593,78563,88351.0,6.505,298.03,350.98,1.9757,9.8796,,23,,1.953,0.18286,,,1.5109,0,,0,0,2,81,81,0,81.0,76274.0
81.8,60,100,90,0.0,95.826,94.401,0.00011563,100,1.1,0,0.0015691,13.051,11.644,78615,88415.0,6.4921,298.02,347.92,1.98,9.9293,,23,,1.9612,0.18277,,,1.5141,0,,0,0,2,81,81,0,81.0,77517.0
82.0,60,100,90,0.0,99.494,92.889,0.0001,100,1.1,0,0.0015869,13.022,11.695,78667,88479.0,6.4825,298.01,344.71,1.9842,10.021,,23,,1.9664,0.18272,,,1.5174,0,,0,0,2,81,81,0,81.0,78096.0
82.2,60,100,90,0.0,107.02,90.86,0.0001,100,1.1,0,0.0015722,13.053,11.745,78722,88545.0,6.4793,298.01,341.59,1.9885,10.147,,23,,1.9509,0.18286,,,1.5207,0,,0,0,2,81,81,0,81.0,78004.0
82.4,60,100,90,0.0,115.79,88.588,0.0001,100,1.1,0,0.0015272,13.105,11.795,78778,88613.0,6.4816,298.0,338.77,1.9927,10.264,,23,,1.9313,0.18304,,,1.5239,0,,0,0,2,81,81,0,81.0,77241.0
82.6,60,100,90,0.0,123.63,86.283,0.0001,100,1.1,0,0.0014961,13.146,11.844,78835,88682.0,6.488,297.98,332.15,1.9968,10.353,,23,,1.9135,0.1832,,,1.5271,0,,0,0,2,81,81,0,81.0,77644.0
82.8,60,100,90,0.0,128.92,80.177,0.0001,100,1.1,0,0.001525,13.097,11.894,78894,88752.0,6.4934,297.98,330.46,2.001,10.425,,23,,1.9216,0.18312,,,1.5303,0,,0,0,2,81,81,0,81.0,77715.0
83.0,60,100,90,0.0,132.09,78.039,0.0001,100,1.1,0,0.0015376,13.073,11.944,78953,88823.0,6.497,297.97,328.65,2.0051,10.5,,23,,1.9285,0.18304,,,1.5335,0,,0,0,2,81,81,0,81.0,79121.0
83.2,60,100,90,0.0,133.81,75.524,0.0001,100,1.1,0,0.0015504,13.058,11.994,79013,88894.0,6.5007,297.97,327.07,2.0093,10.581,,23,,1.9279,0.18304,,,1.5367,0,,0,0,2,81,81,0,81.0,78695.0
83.4,60,100,90,0.0,134.06,73.047,0.0001,100,1.1,0,0.0015342,13.055,12.044,79073,88966.0,6.5014,297.96,326.12,2.0135,10.663,,23,,1.9277,0.18303,,,1.5399,0,,0,0,2,81,81,0,81.0,78602.0
83.6,60,100,90,0.0,134.02,70.978,0.0001,100,1.1,0,0.0014946,13.066,12.094,79132,89037.0,6.5029,297.96,325.77,2.0176,10.741,,23,,1.9236,0.18306,,,1.5431,0,,0,0,2,81,81,0,81.0,78509.0
83.8,60,100,90,0.0,133.38,69.367,0.0001,100,1.1,0,0.0014906,13.053,12.144,79192,89108.0,6.501,297.96,323.66,2.0217,10.796,,23,,1.9183,0.18311,,,1.5462,0,,0,0,2,81,81,0,81.0,79251.0
84.0,60,100,90,0.0,133.5,66.079,0.0001,100,1.1,0,0.0014452,13.079,12.194,79252,89180.0,6.5016,297.95,320.58,2.0257,10.838,1198.1,23,1652.9,1.9078,0.1832,11.994,21.898,1.5493,0,28.875,0,0,2,81,81,0,81.0,79657.0
84.2,60,100,90,0.0,133.37,61.734,0.0001,100,1.1,0,0.0013962,13.115,12.244,79311,89251.0,6.5025,297.94,317.82,2.0297,10.853,,23,,1.8954,0.18331,,,1.5524,0,,0,0,2,81,81,0,81.0,79394.0
84.4,60,100,90,0.0,132.9,18.52,73.316,100,1.1,0,0.0014087,13.103,12.293,79371,89321.0,6.5034,298.16,401.01,2.0336,10.825,,23,,1.8891,0.18337,,,1.5554,0,,0,0,2,81,81,0,81.0,80630.0
84.6,60,100,90,0.0,132.06,92.723,7.3316,100,1.1,0,0.0014361,13.042,12.342,79430,89392.0,6.5026,298.13,389.51,2.0375,10.784,,23,,1.9042,0.18321,,,1.5584,0,,0,0,2,81,81,0,81.0,80534.0
84.8,60,100,90,0.0,131.54,86.673,0.73316,100,1.1,0,0.0013981,13.062,12.391,79489,89463.0,6.5006,298.1,375.38,2.0415,10.744,,23,,1.8952,0.18329,,,1.5615,0,,0,0,2,81,81,0,81.0,81102.0
85.0,60,100,90,0.0,131.8,78.968,0.073316,100,1.1,0,0.0013933,13.069,12.441,79549,89533.0,6.5012,298.06,363.53,2.0454,10.694,,23,,1.8834,0.1834,,,1.5645,0,,0,0,2,81,81,0,81.0,81171.0
85.2,60,100,90,0.0,131.81,72.011,0.0073316,100,1.1,0,0.0013939,13.058,12.49,79608,89604.0,6.5022,298.04,354.95,2.0493,10.647,,23,,1.8798,0.18342,,,1.5675,0,,0,0,2,81,81,0,81.0,81242.0
85.4,60,100,90,0.0,131.47,66.819,0.00073316,100,1.1,0,0.0014566,12.96,12.54,79667,89675.0,6.501,298.03,350.95,2.0533,10.614,,23,,1.9089,0.18314,,,1.5705,0,,0,0,2,81,81,0,81.0,80817.0
85.6,60,100,90,0.0,131.6,64.906,0.0001,100,1.1,0,0.0014861,12.894,12.591,79726,89746.0,6.4994,298.02,348.26,2.0573,10.617,,23,,1.9332,0.1829,,,1.5737,0,,0,0,2,81,81,0,81.0,81728.0
85.8,60,100,90,0.0,132.38,63.705,0.0001,100,1.1,0,0.0015005,12.859,12.642,79786,89817.0,6.4958,298.02,345.71,2.0614,10.66,,23,,1.9434,0.18279,,,1.5768,0,,0,0,2,81,81,0,81.0,82140.0
86.0,60,100,90,0.0,134.57,62.335,0.0001,100,1.1,0,0.0014721,12.881,12.693,79845,89888.0,6.4913,298.01,342.33,2.0655,10.721,,23,,1.937,0.18285,,,1.58,0,,0,0,2,81,81,0,81.0,82051.0
86.2,60,100,90,0.0,138.57,59.952,0.0001,100,1.1,0,0.0014973,12.824,12.744,79906,89961.0,6.4901,298.0,340.47,2.0697,10.781,,23,,1.9574,0.18264,,,1.5832,0,,0,0,2,81,81,0,81.0,83128.0
86.4,60,100,90,0.0,143.03,58.644,0.0001,100,1.1,0,0.0014885,12.854,12.795,79967,90034.0,6.4932,298.0,338.6,2.0738,10.852,,23,,1.9386,0.18282,,,1.5863,0,,0,0,2,81,81,0,81.0,82370.0
86.6,60,100,90,0.0,146.23,57.112,0.0001,100,1.1,0,0.0014771,12.845,12.845,80030,90108.0,6.4978,297.99,335.87,2.0779,10.913,,23,,1.9439,0.18276,,,1.5895,0,,0,0,2,81,81,0,81.0,83111.0
86.8,60,100,90,0.0,147.64,54.615,0.0001,100,1.1,0,0.0014793,12.827,12.895,80092,90182.0,6.5027,297.99,334.47,2.082,10.966,,23,,1.9498,0.18269,,,1.5926,0,,0,0,2,81,81,0,81.0,82352.0
87.0,60,100,90,0.0,147.07,53.073,0.0001,100,1.1,0,0.0014485,12.846,12.945,80154,90256.0,6.5092,297.99,333.62,2.086,11.016,,23,,1.948,0.1827,,,1.5958,0,,0,0,2,81,81,0,81.0,83423.0
87.2,60,100,90,0.0,143.91,51.871,0.0001,100,1.1,0,0.0014405,12.806,12.994,80216,90330.0,6.512,297.98,333.07,2.09,11.043,,23,,1.9653,0.18253,,,1.5988,0,,0,0,2,81,81,0,81.0,84327.0
87.4,60,100,90,0.0,139.64,50.846,0.0001,100,1.1,0,0.0014514,12.756,13.044,80277,90402.0,6.5109,297.99,333.98,2.0941,11.058,,23,,1.9805,0.18238,,,1.6019,0,,0,0,2,81,81,0,81.0,83233.0
87.6,60,100,90,0.0,135.83,51.082,0.0001,100,1.1,0,0.0014551,12.709,13.095,80337,90474.0,6.5044,297.99,336.03,2.0981,11.087,,23,,1.9944,0.18224,,,1.6051,0,,0,0,2,81,81,0,81.0,84309.0
87.8,60,100,90,0.0,134.63,52.409,0.0001,100,1.1,0,0.0014606,12.688,13.145,80397,90546.0,6.5013,297.99,337.11,2.1022,11.133,,23,,1.9995,0.18218,,,1.6082,0,,0,0,2,81,81,0,81.0,83384.0
88.0,60,100,90,0.0,134.63,53.032,0.0001,100,1.1,0,0.0014556,12.648,13.196,80457,90618.0,6.4986,297.99,337.23,2.1063,11.168,,23,,2.0184,0.18199,,,1.6113,0,,0,0,2,81,81,0,81.0,83960.0
88.2,60,100,90,0.0,135.73,52.925,0.0001,100,1.1,0,0.0014338,12.672,13.246,80517,90690.0,6.4952,297.99,336.98,2.1103,11.2,,23,,2.0062,0.1821,,,1.6145,0,,0,0,2,81,81,0,81.0,84534.0
88.4,60,100,90,0.0,138.18,52.503,0.0001,100,1.1,0,0.0013967,12.736,13.295,80577,90762.0,6.4959,297.99,336.21,2.1143,11.222,,23,,1.9739,0.1824,,,1.6175,0,,0,0,2,81,81,0,81.0,85103.0
88.6,60,100,90,0.0,140.34,51.598,0.0001,100,1.1,0,0.0014037,12.709,13.344,80638,90835.0,6.496,297.99,336.0,2.1183,11.215,,23,,1.9739,0.1824,,,1.6206,0,,0,0,2,81,81,0,81.0,85840.0
88.8,60,100,90,0.0,142.46,51.133,0.0001,100,1.1,0,0.001382,12.718,13.393,80700,90908.0,6.4981,297.99,334.15,2.1222,11.202,,23,,1.9731,0.1824,,,1.6236,0,,0,0,2,81,81,0,81.0,86407.0
89.0,60,100,90,0.0,143.72,49.158,0.0001,100,1.1,0,0.0013603,12.734,13.441,80761,90981.0,6.5024,297.98,332.29,2.1261,11.175,,23,,1.9658,0.18246,,,1.6266,0,,0,0,2,81,81,0,81.0,85472.0
89.2,60,100,90,0.0,143.28,47.03,0.0001,100,1.1,0,0.0013496,12.73,13.49,80823,91054.0,6.5081,297.98,331.15,2.1299,11.142,,23,,1.9663,0.18245,,,1.6296,0,,0,0,2,81,81,0,81.0,86203.0
89.4,60,100,90,0.0,140.55,45.367,0.0001,100,1.1,0,0.0013233,12.721,13.537,80884,91127.0,6.5121,297.97,328.38,2.1337,11.101,,23,,1.9741,0.18236,,,1.6325,0,,0,0,2,81,81,0,81.0,85764.0
89.6,60,100,90,0.0,136.22,42.117,0.0001,100,1.1,0,0.0013526,12.647,13.586,80944,91198.0,6.5151,297.97,328.86,2.1376,11.039,,23,,1.9917,0.18219,,,1.6355,0,,0,0,2,81,81,0,81.0,85496.0
89.8,60,100,90,0.0,130.71,41.551,0.0001,100,1.1,0,0.0013205,12.659,13.634,81003,91269.0,6.5192,297.97,328.89,2.1414,10.999,,23,,1.9891,0.18221,,,1.6384,0,,0,0,2,81,81,0,81.0,86393.0
90.0,60,100,90,0.0,123.56,40.562,0.0001,100,1.1,0,0.0013227,12.609,13.682,81060,91338.0,6.5223,297.98,329.69,2.1452,10.952,,23,,2.0034,0.18206,,,1.6413,0,,0,0,2,81,81,0,81.0,86623.0
90.2,75,100,90,0.0,115.17,40.268,0.0001,100,1.1,0,0.0013484,13.031,13.73,81116,91405.0,6.5224,297.98,332.51,1.751,10.915,,23,,1.9826,0.18679,,,1.6726,0,,0,0,2,81,81,0,81.0,87354.0
90.4,75,100,90,0.0,106.76,41.854,0.0001,100,1.1,0,0.0013475,12.996,13.779,81170,91471.0,6.5212,297.99,333.94,1.7308,10.908,,23,,1.9334,0.1872,,,1.6532,0,,0,0,2,81,81,0,81.0,88088.0
90.6,75,100,90,0.0,98.79,42.42,0.0001,100,1.1,0,0.001329,12.979,13.828,81223,91535.0,6.5204,297.99,334.73,1.7324,10.922,,23,,1.9249,0.18726,,,1.6548,0,,0,0,2,81,81,0,81.0,88323.0
90.8,75,100,90,0.0,91.145,42.591,0.0001,100,1.1,0,0.0013243,12.952,13.877,81274,91598.0,6.5168,297.99,336.63,1.7354,10.948,,23,,1.9223,0.18728,,,1.6576,0,,0,0,2,81,81,0,81.0,87893.0
91.0,75,100,90,0.0,84.937,43.834,0.0001,100,1.1,0,0.001312,12.941,13.926,81324,91660.0,6.5112,298.0,337.65,1.7384,11.0,,23,,1.9217,0.18727,,,1.6605,0,,0,0,2,81,81,0,81.0,88462.0
91.2,75,100,90,0.0,80.985,44.453,0.0001,100,1.1,0,0.0013448,12.876,13.976,81373,91720.0,6.5059,298.0,339.72,1.7415,11.06,,23,,1.9373,0.18715,,,1.6635,0,,0,0,2,81,81,0,81.0,88535.0
91.4,75,100,90,0.0,79.152,46.129,0.0001,100,1.1,0,0.0013185,12.89,14.026,81422,91781.0,6.5026,298.0,339.26,1.7445,11.154,,23,,1.9377,0.18714,,,1.6664,0,,0,0,2,81,81,0,81.0,88272.0
91.6,75,100,90,0.0,78.64,45.728,0.0001,100,1.1,0,0.0013047,12.896,14.075,81470,91841.0,6.4996,298.0,338.93,1.7476,11.227,,23,,1.9316,0.18718,,,1.6693,0,,0,0,2,81,81,0,81.0,88342.0
91.8,75,100,90,0.0,79.327,45.444,0.0001,100,1.1,0,0.0012901,12.906,14.124,81519,91901.0,6.4984,298.0,338.1,1.7505,11.292,,23,,1.9216,0.18725,,,1.6722,0,,0,0,2,81,81,0,81.0,88244.0
92.0,75,100,90,0.0,80.467,44.678,0.0001,100,1.1,0,0.0012708,12.91,14.173,81568,91961.0,6.4984,298.0,337.9,1.7535,11.353,,23,,1.9177,0.18728,,,1.675,0,,0,0,2,81,81,0,81.0,89645.0
92.2,75,100,90,0.0,81.607,44.41,0.0001,100,1.1,0,0.0012577,12.919,14.221,81617,92022.0,6.502,298.0,337.53,1.7564,11.4,,23,,1.9116,0.18732,,,1.6778,0,,0,0,2,81,81,0,81.0,90544.0
92.4,75,100,90,0.0,81.305,43.958,0.0001,100,1.1,0,0.0012171,12.959,14.269,81666,92083.0,6.5064,297.99,336.14,1.7593,11.44,,23,,1.8963,0.18743,,,1.6805,0,,0,0,2,81,81,0,81.0,89772.0
92.6,75,100,90,0.0,79.243,42.558,0.0001,100,1.1,0,0.0012273,12.933,14.316,81715,92143.0,6.5091,297.99,337.01,1.7621,11.437,,23,,1.891,0.18746,,,1.6833,0,,0,0,2,81,81,0,81.0,89333.0
92.8,75,100,90,0.0,76.142,43.062,0.0001,100,1.1,0,0.0012469,12.875,14.364,81763,92202.0,6.5083,298.0,338.67,1.765,11.42,,23,,1.9028,0.18737,,,1.6861,0,,0,0,2,81,81,0,81.0,90063.0
93.0,75,100,90,0.0,73.359,44.301,0.0001,100,1.1,0,0.0012601,12.824,14.413,81810,92261.0,6.5055,298.0,340.81,1.7679,11.407,,23,,1.9262,0.18718,,,1.6889,0,,0,0,2,81,81,0,81.0,89796.0
93.2,75,100,90,0.0,71.691,46.109,0.0001,100,1.1,0,0.0012844,12.754,14.462,81857,92320.0,6.5007,298.01,343.5,1.7709,11.398,,23,,1.9531,0.18697,,,1.6917,0,,0,0,2,81,81,0,81.0,91363.0
93.4,75,100,90,0.0,71.954,48.612,0.0001,100,1.1,0,0.0012756,12.727,14.51,81905,92379.0,6.4973,298.01,344.98,1.7739,11.4,,23,,1.9722,0.18682,,,1.6946,0,,0,0,2,81,81,0,81.0,90095.0
93.6,75,100,90,0.0,73.56,50.278,0.0001,100,1.1,0,0.0012556,12.736,14.558,81952,92438.0,6.4948,298.01,344.69,1.7769,11.391,,23,,1.9726,0.18681,,,1.6975,0,,0,0,2,81,81,0,81.0,91323.0
93.8,75,100,90,0.0,76.162,50.541,0.0001,100,1.1,0,0.0012708,12.718,14.606,82000,92498.0,6.4942,298.01,344.96,1.7799,11.361,,23,,1.9711,0.18682,,,1.7004,0,,0,0,2,81,81,0,81.0,91219.0
94.0,75,100,90,0.0,78.996,51.317,0.0001,100,1.1,0,0.0012815,12.679,14.654,82049,92558.0,6.4962,298.01,344.59,1.7829,11.333,,23,,1.9916,0.18666,,,1.7033,0,,0,0,2,81,81,0,81.0,91450.0
94.2,75,100,90,0.0,81.028,51.534,0.0001,100,1.1,0,0.0013039,12.651,14.702,82098,92619.0,6.4998,298.01,344.07,1.786,11.319,,23,,1.9904,0.18666,,,1.7062,0,,0,0,2,81,81,0,81.0,91516.0
94.4,75,100,90,0.0,81.603,51.596,0.0001,100,1.1,0,0.0013003,12.658,14.751,82147,92680.0,6.5038,298.01,343.33,1.789,11.32,,23,,1.9802,0.18673,,,1.7091,0,,0,0,2,81,81,0,81.0,92415.0
94.6,75,100,90,0.0,80.611,51.42,0.0001,100,1.1,0,0.0012731,12.678,14.799,82196,92741.0,6.5077,298.01,341.87,1.792,11.318,,23,,1.9693,0.18681,,,1.712,0,,0,0,2,81,81,0,81.0,92146.0
94.8,75,100,90,0.0,78.07,50.541,0.0001,100,1.1,0,0.001269,12.657,14.848,82244,92801.0,6.5111,298.01,341.55,1.795,11.302,,23,,1.972,0.18678,,,1.7149,0,,0,0,2,81,81,0,81.0,91879.0
95.0,75,100,90,0.0,74.149,50.542,0.0001,100,1.1,0,0.0013088,12.561,14.897,82292,92860.0,6.5115,298.01,344.26,1.798,11.307,,23,,2.0085,0.1865,,,1.7178,0,,0,0,2,81,81,0,81.0,93450.0
95.2,75,100,90,0.0,70.07,53.158,0.0001,100,1.1,0,0.001277,12.586,14.946,82339,92919.0,6.51,298.02,345.8,1.801,11.347,,23,,1.9974,0.18658,,,1.7207,0,,0,0,2,81,81,0,81.0,93019.0
95.4,75,100,90,0.0,66.615,54.949,0.0001,100,1.1,0,0.0012803,12.539,14.996,82385,92977.0,6.5077,298.02,347.17,1.804,11.387,,23,,2.0113,0.18647,,,1.7235,0,,0,0,2,81,81,0,81.0,92923.0
95.6,75,100,90,0.0,64.066,56.756,0.0001,100,1.1,0,0.0013202,12.458,15.046,82430,93034.0,6.5029,298.03,349.17,1.8071,11.449,,23,,2.0411,0.18624,,,1.7265,0,,0,0,2,81,81,0,81.0,93499.0
95.8,75,100,90,0.0,63.442,59.245,0.0001,100,1.1,0,0.0013253,12.424,15.097,82476,93092.0,6.497,298.03,350.57,1.8102,11.542,,23,,2.0592,0.18609,,,1.7294,0,,0,0,2,81,81,0,81.0,92740.0
96.0,75,100,90,0.0,65.159,61.391,0.0001,100,1.1,0,0.0013199,12.42,15.147,82522,93150.0,6.4917,298.03,351.12,1.8132,11.636,1199.6,23,1611.4,2.063,0.18606,14.946,23.56,1.7324,0,38.207,0,0,2,81,81,0,81.0,93482.0
96.2,75,100,90,0.0,68.982,62.934,0.0001,100,1.1,0,0.0013315,12.414,15.197,82568,93208.0,6.4865,298.03,350.63,1.8163,11.722,,23,,2.0609,0.18607,,,1.7353,0,,0,0,2,81,81,0,81.0,93221.0
96.4,75,100,90,0.0,74.903,63.635,0.0001,100,1.1,0,0.0012816,12.475,15.245,82616,93268.0,6.487,298.02,347.0,1.8193,11.789,,23,,2.044,0.18619,,,1.7383,0,,0,0,2,81,81,0,81.0,94954.0
96.6,75,100,90,0.0,80.587,61.551,0.0001,100,1.1,0,0.0012609,12.51,15.293,82665,93329.0,6.4881,298.01,344.14,1.8223,11.806,,23,,2.0281,0.18631,,,1.7411,0,,0,0,2,81,81,0,81.0,95683.0
96.8,75,100,90,0.0,85.878,59.856,0.0001,100,1.1,0,0.0012492,12.517,15.341,82715,93390.0,6.4923,298.0,340.82,1.8252,11.789,,23,,2.0271,0.18631,,,1.7439,0,,0,0,2,81,81,0,81.0,94745.0
97.0,75,100,90,0.0,89.486,57.482,0.0001,100,1.1,0,0.0012418,12.554,15.388,82766,93453.0,6.4984,298.0,338.33,1.8281,11.751,,23,,1.9978,0.18652,,,1.7467,0,,0,0,2,81,81,0,81.0,95469.0
97.2,75,100,90,0.0,90.65,55.52,0.0001,100,1.1,0,0.001242,12.544,15.435,82817,93515.0,6.503,297.99,335.57,1.831,11.684,,23,,1.9903,0.18658,,,1.7495,0,,0,0,2,81,81,0,81.0,94361.0
97.4,75,100,90,0.0,89.98,53.068,0.0001,100,1.1,0,0.0012398,12.534,15.482,82868,93578.0,6.5072,297.98,333.02,1.8339,11.615,,23,,1.9896,0.18658,,,1.7523,0,,0,0,2,81,81,0,81.0,95086.0
97.6,75,100,90,0.0,87.62,50.55,0.0001,100,1.1,0,0.0012483,12.509,15.53,82918,93640.0,6.5094,297.99,333.46,1.8368,11.525,,23,,1.9855,0.1866,,,1.7551,0,,0,0,2,81,81,0,81.0,96648.0
97.8,75,100,90,0.0,84.386,50.398,0.0001,100,1.1,0,0.0012328,12.504,15.577,82967,93701.0,6.5092,297.98,332.58,1.8397,11.441,,23,,1.988,0.18658,,,1.7578,0,,0,0,2,81,81,0,81.0,96376.0
98.0,75,100,90,0.0,81.239,49.083,0.0001,100,1.1,0,0.0012246,12.488,15.625,83016,93762.0,6.5063,297.99,333.29,1.8426,11.355,,23,,1.9876,0.18658,,,1.7606,0,,0,0,2,81,81,0,81.0,95605.0
98.2,75,100,90,0.0,79.263,49.095,0.0001,100,1.1,0,0.0012513,12.436,15.673,83065,93822.0,6.5001,297.99,334.16,1.8455,11.278,,23,,1.996,0.18651,,,1.7634,0,,0,0,2,81,81,0,81.0,96169.0
98.4,75,100,90,0.0,79.747,49.28,0.0001,100,1.1,0,0.0012167,12.458,15.721,83114,93883.0,6.4946,297.98,332.77,1.8484,11.221,,23,,1.9884,0.18656,,,1.7661,0,,0,0,2,81,81,0,81.0,97398.0
98.6,75,100,90,0.0,82.412,47.572,0.0001,100,1.1,0,0.0012031,12.461,15.769,83163,93944.0,6.4908,297.98,330.85,1.8512,11.171,,23,,1.9869,0.18656,,,1.7689,0,,0,0,2,81,81,0,81.0,97127.0
98.8,75,100,90,0.0,86.603,45.318,0.0001,100,1.1,0,0.0012012,12.471,15.816,83213,94005.0,6.4905,297.98,329.42,1.8541,11.13,,23,,1.9782,0.18662,,,1.7716,0,,0,0,2,81,81,0,81.0,97023.0
99.0,75,100,90,0.0,90.896,43.322,0.0001,100,1.1,0,0.0011899,12.505,15.864,83264,94068.0,6.4933,297.97,328.46,1.8569,11.105,,23,,1.9584,0.18677,,,1.7743,0,,0,0,2,81,81,0,81.0,97915.0
99.2,75,100,90,0.0,94.077,41.587,0.0001,100,1.1,0,0.0011629,12.53,15.91,83315,94131.0,6.4975,297.97,327.17,1.8596,11.069,,23,,1.96,0.18675,,,1.7769,0,,0,0,2,81,81,0,81.0,97471.0
99.4,75,100,90,0.0,95.578,39.471,0.0001,100,1.1,0,0.0011462,12.536,15.956,83367,94194.0,6.502,297.97,326.18,1.8623,11.021,,23,,1.964,0.18672,,,1.7795,0,,0,0,2,81,81,0,81.0,98190.0
99.6,75,100,90,0.0,95.304,37.499,0.0001,100,1.1,0,0.0011443,12.512,16.002,83418,94257.0,6.5061,297.97,327.32,1.865,10.96,,23,,1.9754,0.18663,,,1.7821,0,,0,0,2,81,81,0,81.0,97910.0
99.8,75,100,90,0.0,93.395,37.271,0.0001,100,1.1,0,0.0011447,12.508,16.048,83470,94320.0,6.507,297.97,328.19,1.8676,10.907,,23,,1.9694,0.18667,,,1.7847,0,,0,0,2,81,81,0,81.0,97963.0
100.0,75,100,90,0.0,91.143,36.884,0.0001,100,1.1,0,0.0011344,12.517,16.093,83521,94382.0,6.5039,297.98,329.52,1.8703,10.859,,23,,1.9533,0.18678,,,1.7872,0,,0,0,2,81,81,0,81.0,98346.0
100.2,75,100,90,0.0,90.128,36.983,0.0001,100,1.0,-4000,0.0011414,11.676,16.138,82870,93644.0,6.5286,297.98,329.57,1.8627,10.797,,23,,1.9291,0.18698,,,1.7799,0,,0,0,2,81,81,0,81.0,98560.0
100.4,75,100,90,0.0,79.129,36.083,0.0001,100,1.0,-4000,0.001175,11.573,16.184,82217,92904.0,6.5462,297.98,332.12,1.8503,10.724,,23,,1.9479,0.18686,,,1.768,0,,0,0,2,81,81,0,81.0,98947.0
100.6,75,100,90,0.0,61.188,37.403,0.0001,100,1.0,-4000,0.0012223,11.433,16.231,81560,92161.0,6.5526,297.99,336.76,1.8375,10.688,,23,,1.9737,0.18669,,,1.7557,0,,0,0,2,81,81,0,81.0,99176.0
100.8,75,100,90,0.51999,30.594,40.791,0.0001,100,1.0,-4000,0.0012521,11.273,16.281,80898,91411.0,6.5328,298.01,343.02,1.8247,10.692,,23,,2.0025,0.1865,,,1.7434,0,,0,0,2,81,81,0,81.0,99581.0
101.0,75,100,90,0.0,18.066,46.057,0.0001,100,1.0,-4000,0.0012705,11.172,16.332,80233,90660.0,6.5046,298.03,349.54,1.812,10.76,,23,,2.0238,0.18636,,,1.7312,0,,0,0,2,81,81,0,81.0,99991.0
101.2,75,100,90,0.0,16.773,52.179,0.0001,100,1.0,-4000,0.0012786,11.142,16.383,79567,89907.0,6.4783,298.04,354.03,1.7992,10.852,,23,,2.0112,0.18648,,,1.7189,0,,0,0,2,81,81,0,81.0,100400.0
101.4,75,100,90,0.0,25.981,57.138,0.0001,100,1.0,-4000,0.0013005,11.132,16.433,78904,89157.0,6.4619,298.04,356.22,1.7865,10.947,,23,,1.9993,0.18659,,,1.7067,0,,0,0,2,81,81,0,81.0,100310.0
101.6,75,100,90,0.0,41.72,60.516,0.0001,100,1.0,-4000,0.0013671,11.072,16.484,78244,88410.0,6.4584,298.05,357.94,1.7738,11.008,,23,,1.9956,0.18665,,,1.6945,0,,0,0,2,81,81,0,81.0,100720.0
101.8,75,100,90,0.0,58.823,63.735,0.0001,100,1.0,-4000,0.0013583,11.129,16.534,77588,87667.0,6.4723,298.04,356.01,1.7611,11.082,,23,,1.9627,0.18692,,,1.6823,0,,0,0,2,81,81,0,81.0,100630.0
102.0,75,100,90,0.0,70.352,63.756,0.0001,100,1.0,-4000,0.0013816,11.13,16.584,76934,86926.0,6.4944,298.03,351.86,1.7483,11.108,,23,,1.9372,0.18714,,,1.67,0,,0,0,2,81,81,0,81.0,101030.0
102.2,75,100,90,0.0,73.084,61.566,0.0001,100,1.0,0,0.0013786,11.119,16.633,76982,86985.0,6.4911,298.02,348.16,1.7462,11.102,,23,,1.9375,0.18714,,,1.668,0,,0,0,2,81,81,0,81.0,101440.0
102.4,75,100,90,0.0,77.242,59.416,0.0001,100,1.0,0,0.0013612,11.159,16.682,77031,87046.0,6.4909,298.01,344.73,1.7488,11.082,,23,,1.9132,0.18732,,,1.6705,0,,0,0,2,81,81,0,81.0,101340.0
102.6,75,100,90,0.0,81.409,57.125,0.0001,100,1.0,0,0.0013265,11.214,16.73,77080,87106.0,6.4924,298.0,339.25,1.7516,11.049,,23,,1.8802,0.18756,,,1.6731,0,,0,0,2,81,81,0,81.0,101400.0
102.8,75,100,90,0.0,84.943,52.556,0.0001,100,1.0,0,0.0012957,11.255,16.777,77130,87168.0,6.4976,297.99,334.65,1.7543,10.977,,23,,1.8644,0.18768,,,1.6758,0,,0,0,2,81,81,0,81.0,102790.0
103.0,75,100,90,0.0,86.423,48.302,0.0001,100,1.0,0,0.001265,11.288,16.824,77181,87230.0,6.5041,297.97,330.48,1.757,10.866,,23,,1.8457,0.18782,,,1.6784,0,,0,0,2,81,81,0,81.0,101350.0
103.2,75,100,90,0.0,85.301,43.971,0.0001,100,1.0,0,0.0012593,11.275,16.871,77231,87291.0,6.5091,297.97,328.63,1.7597,10.742,,23,,1.8456,0.18781,,,1.681,0,,0,0,2,81,81,0,81.0,101740.0
103.4,75,100,90,0.0,82.185,41.373,0.0001,100,1.0,0,0.0012539,11.256,16.917,77281,87352.0,6.5121,297.97,328.54,1.7624,10.618,,23,,1.8504,0.18777,,,1.6835,0,,0,0,2,81,81,0,81.0,102630.0
103.6,75,100,90,0.0,77.851,40.195,0.0001,100,1.0,0,0.0012635,11.215,16.964,77329,87412.0,6.5123,297.97,329.91,1.7651,10.494,,23,,1.8643,0.18766,,,1.6861,0,,0,0,2,81,81,0,81.0,102520.0
103.8,75,100,90,0.0,73.462,40.331,0.0001,100,1.0,0,0.0012857,11.151,17.011,77377,87471.0,6.5111,297.98,332.12,1.7678,10.39,,23,,1.8848,0.1875,,,1.6887,0,,0,0,2,81,81,0,81.0,103250.0
104.0,75,100,90,0.0,69.534,41.368,0.0001,100,1.0,0,0.0012925,11.12,17.059,77424,87530.0,6.5075,297.98,333.69,1.7705,10.321,,23,,1.8885,0.18747,,,1.6913,0,,0,0,2,81,81,0,81.0,104140.0
104.2,75,100,90,0.0,67.06,42.009,0.0001,100,1.0,0,0.0013188,11.068,17.108,77470,87588.0,6.5027,297.99,336.67,1.7732,10.29,,23,,1.8966,0.1874,,,1.694,0,,0,0,2,81,81,0,81.0,103540.0
104.4,75,100,90,0.0,66.519,44.136,0.0001,100,1.0,0,0.0013054,11.09,17.156,77517,87646.0,6.4992,297.99,337.87,1.776,10.308,,23,,1.8738,0.18757,,,1.6966,0,,0,0,2,81,81,0,81.0,103940.0
104.6,75,100,90,0.0,67.357,44.878,0.0001,100,1.0,0,0.0013147,11.062,17.204,77563,87704.0,6.4976,298.0,339.07,1.7788,10.351,,23,,1.8775,0.18753,,,1.6993,0,,0,0,2,81,81,0,81.0,103840.0
104.8,75,100,90,0.0,68.851,45.779,0.0001,100,1.0,0,0.0013001,11.089,17.253,77610,87762.0,6.4978,298.0,338.21,1.7815,10.409,,23,,1.8611,0.18765,,,1.7019,0,,0,0,2,81,81,0,81.0,103400.0
105.0,75,100,90,0.0,70.261,44.875,0.0001,100,1.0,0,0.0012709,11.122,17.3,77657,87821.0,6.4996,297.99,337.23,1.7842,10.48,,23,,1.8517,0.18772,,,1.7045,0,,0,0,2,81,81,0,81.0,105300.0
105.2,75,100,90,0.0,70.933,43.822,0.0001,100,1.0,0,0.0012386,11.156,17.347,77704,87879.0,6.5012,297.99,335.54,1.7868,10.535,,23,,1.8409,0.1878,,,1.707,0,,0,0,2,81,81,0,81.0,105020.0
105.4,75,100,90,0.0,70.984,42.011,0.0001,100,1.0,0,0.0012454,11.129,17.394,77751,87938.0,6.5025,297.99,334.89,1.7894,10.565,,23,,1.8459,0.18775,,,1.7095,0,,0,0,2,81,81,0,81.0,104080.0
105.6,75,100,90,0.0,70.491,41.001,0.0001,100,1.0,0,0.0012016,11.185,17.44,77799,87996.0,6.5035,297.98,333.74,1.792,10.587,,23,,1.8216,0.18793,,,1.712,0,,0,0,2,81,81,0,81.0,104130.0
105.8,75,100,90,0.0,69.618,39.453,0.0001,100,1.0,0,0.0012114,11.143,17.486,77846,88054.0,6.5029,297.99,334.27,1.7946,10.572,,23,,1.8379,0.1878,,,1.7144,0,,0,0,2,81,81,0,81.0,106190.0
106.0,75,100,90,0.0,68.986,39.351,0.0001,100,1.0,0,0.0012299,11.097,17.532,77892,88113.0,6.5032,297.99,335.56,1.7972,10.552,,23,,1.8501,0.18771,,,1.7169,0,,0,0,2,81,81,0,81.0,105570.0
106.2,75,100,90,0.0,68.209,39.979,0.0001,100,1.0,0,0.0011964,11.147,17.578,77939,88170.0,6.5059,297.99,335.33,1.7997,10.544,,23,,1.8278,0.18787,,,1.7194,0,,0,0,2,81,81,0,81.0,106630.0
106.4,75,100,90,0.0,66.38,39.307,0.0001,100,1.0,0,0.0012073,11.125,17.623,77985,88228.0,6.5085,297.99,335.36,1.8022,10.515,,23,,1.8321,0.18783,,,1.7218,0,,0,0,2,81,81,0,81.0,106010.0
106.6,75,100,90,0.0,63.492,38.893,0.0001,100,1.0,0,0.0012155,11.107,17.669,78031,88285.0,6.5092,297.99,335.88,1.8048,10.487,,23,,1.821,0.18791,,,1.7243,0,,0,0,2,81,81,0,81.0,105730.0
106.8,75,100,90,0.0,60.324,38.922,0.0001,100,1.0,0,0.0012123,11.101,17.715,78076,88341.0,6.5055,297.99,336.2,1.8073,10.468,,23,,1.8094,0.188,,,1.7267,0,,0,0,2,81,81,0,81.0,105620.0
107.0,75,100,90,0.0,58.638,38.809,0.0001,100,1.0,0,0.0012365,11.04,17.761,78121,88397.0,6.5001,298.0,338.39,1.8099,10.456,,23,,1.8276,0.18785,,,1.7292,0,,0,0,2,81,81,0,81.0,106670.0
107.2,75,100,90,0.0,59.117,40.466,0.0001,100,1.0,0,0.0012697,10.96,17.808,78166,88454.0,6.4949,298.0,341.04,1.8125,10.465,,23,,1.8665,0.18755,,,1.7317,0,,0,0,2,81,81,0,81.0,107230.0
107.4,75,100,90,0.0,61.672,42.719,0.0001,100,1.0,0,0.0012314,11.027,17.854,78211,88510.0,6.4944,298.0,340.48,1.8151,10.505,,23,,1.8488,0.18768,,,1.7342,0,,0,0,2,81,81,0,81.0,107120.0
107.6,75,100,90,0.0,64.426,42.268,0.0001,100,1.0,0,0.0012211,11.038,17.9,78257,88568.0,6.4954,298.0,338.9,1.8176,10.513,,23,,1.8352,0.18778,,,1.7366,0,,0,0,2,81,81,0,81.0,107330.0
107.8,75,100,90,0.0,66.798,40.887,0.0001,100,1.0,0,0.0012383,11.002,17.946,78303,88625.0,6.4973,298.0,338.49,1.8202,10.505,,23,,1.8511,0.18765,,,1.7391,0,,0,0,2,81,81,0,81.0,107220.0
108.0,75,100,90,0.0,68.402,40.45,0.0001,100,1.0,0,0.0012218,11.021,17.991,78350,88683.0,6.5014,297.99,337.3,1.8227,10.505,1199.8,23,1588.5,1.8453,0.18769,17.808,25.071,1.7415,0,47.594,0,0,2,81,81,0,81.0,107940.0
108.2,75,100,90,0.0,68.366,39.227,0.0001,100,1.0,0,0.001197,11.063,18.036,78396,88741.0,6.5045,297.99,335.39,1.8252,10.493,,23,,1.8207,0.18788,,,1.7439,0,,0,0,2,81,81,0,81.0,107990.0
108.4,75,100,90,0.0,67.087,37.235,0.0001,100,1.0,0,0.0012146,11.024,18.081,78443,88799.0,6.5079,297.98,333.72,1.8277,10.465,,23,,1.8272,0.18782,,,1.7463,0,,0,0,2,81,81,0,81.0,107370.0
108.6,75,100,90,0.0,64.444,35.289,0.0001,100,1.0,0,0.0012046,11.029,18.125,78489,88856.0,6.5088,297.98,332.5,1.8302,10.436,,23,,1.8195,0.18788,,,1.7487,0,,0,0,2,81,81,0,81.0,108580.0
108.8,75,100,90,0.0,61.453,33.592,0.0001,100,1.0,0,0.0011749,11.046,18.17,78534,88912.0,6.5096,297.98,331.2,1.8326,10.399,,23,,1.8237,0.18784,,,1.751,0,,0,0,2,81,81,0,81.0,109130.0
109.0,75,100,90,0.0,58.115,31.68,0.0001,100,1.0,0,0.0011865,10.997,18.215,78578,88968.0,6.5066,297.98,331.18,1.8351,10.351,,23,,1.8375,0.18773,,,1.7533,0,,0,0,2,81,81,0,81.0,108340.0
109.2,75,100,90,0.0,55.994,30.829,0.0001,100,1.0,0,0.0011933,10.965,18.26,78623,89023.0,6.5029,297.98,332.35,1.8375,10.336,,23,,1.8516,0.18762,,,1.7557,0,,0,0,2,81,81,0,81.0,109890.0
109.4,75,100,90,0.0,55.342,31.035,0.0001,100,1.0,0,0.0012019,10.919,18.306,78667,89079.0,6.5007,297.98,334.11,1.8399,10.35,,23,,1.872,0.18746,,,1.758,0,,0,0,2,81,81,0,81.0,110110.0
109.6,75,100,90,0.0,55.587,31.876,0.0001,100,1.0,0,0.0011889,10.93,18.351,78711,89134.0,6.4995,297.99,335.19,1.8423,10.383,,23,,1.8636,0.18752,,,1.7604,0,,0,0,2,81,81,0,81.0,109000.0
109.8,75,100,90,0.0,56.292,32.261,0.0001,100,1.0,0,0.0011723,10.942,18.396,78755,89190.0,6.4985,297.99,335.23,1.8448,10.412,,23,,1.8635,0.18751,,,1.7627,0,,0,0,2,81,81,0,81.0,109710.0
110.0,75,100,90,0.0,57.397,31.804,0.0001,100,1.0,0,0.0011707,10.954,18.441,78799,89245.0,6.4987,297.99,334.7,1.8471,10.431,,23,,1.8491,0.18762,,,1.765,0,,0,0,2,81,81,0,81.0,109420.0
110.2,75,100,90,0.0,58.424,30.859,0.0001,100,1.0,0,0.0011608,10.964,18.485,78844,89301.0,6.5004,297.99,334.46,1.8495,10.456,,23,,1.8417,0.18767,,,1.7672,0,,0,0,2,81,81,0,81.0,109970.0
110.4,75,100,90,0.0,58.794,30.132,0.0001,100,1.0,0,0.0011337,11.005,18.529,78888,89357.0,6.5025,297.98,332.99,1.8518,10.481,,23,,1.8207,0.18783,,,1.7695,0,,0,0,2,81,81,0,81.0,110510.0
110.6,75,100,90,0.0,58.305,28.25,0.0001,100,1.0,0,0.0011473,10.974,18.572,78933,89412.0,6.5018,297.98,332.48,1.8541,10.479,,23,,1.821,0.18782,,,1.7717,0,,0,0,2,81,81,0,81.0,111050.0
110.8,75,100,90,0.0,58.112,27.134,0.0001,100,1.0,0,0.0011482,10.952,18.617,78978,89468.0,6.501,297.98,332.87,1.8565,10.493,,23,,1.8324,0.18773,,,1.7739,0,,0,0,2,81,81,0,81.0,110930.0
111.0,75,100,90,0.0,58.213,26.766,0.0001,100,1.0,0,0.001094,11.009,18.659,79022,89524.0,6.5025,297.98,330.68,1.8587,10.513,,23,,1.8244,0.18778,,,1.7761,0,,0,0,2,81,81,0,81.0,111130.0
111.2,75,100,90,0.0,57.745,24.061,0.0001,100,1.0,0,0.0010646,11.02,18.701,79067,89579.0,6.5033,297.97,328.59,1.8609,10.489,,23,,1.8358,0.18769,,,1.7782,0,,0,0,2,81,81,0,81.0,110840.0
111.4,75,100,90,0.0,56.931,21.28,0.0001,100,1.0,0,0.0010498,11.03,18.743,79111,89634.0,6.5044,297.97,327.97,1.8631,10.444,,23,,1.8306,0.18773,,,1.7803,0,,0,0,2,81,81,0,81.0,111030.0
111.6,75,100,90,0.0,55.709,19.634,0.0001,100,1.0,0,0.0010775,10.972,18.785,79155,89689.0,6.5026,297.97,329.25,1.8653,10.381,,23,,1.841,0.18765,,,1.7824,0,,0,0,2,81,81,0,81.0,111570.0
111.8,75,100,90,0.0,55.203,19.627,0.0001,100,1.0,0,0.0010442,10.99,18.827,79199,89744.0,6.5034,297.97,329.39,1.8674,10.334,,23,,1.8502,0.18757,,,1.7844,0,,0,0,2,81,81,0,81.0,111600.0
112.0,75,100,90,0.0,54.362,18.671,0.0001,100,1.0,0,0.0010797,10.905,18.87,79243,89798.0,6.5017,297.98,331.43,1.8696,10.264,,23,,1.8747,0.18738,,,1.7865,0,,0,0,2,81,81,0,81.0,111640.0
112.2,75,100,90,0.0,54.19,19.484,0.0001,100,1.0,0,0.0010935,10.869,18.914,79286,89853.0,6.4992,297.98,333.62,1.8718,10.238,,23,,1.8869,0.18728,,,1.7887,0,,0,0,2,81,81,0,81.0,112180.0
112.4,75,100,90,0.0,55.051,20.597,0.0001,100,1.0,0,0.0011028,10.843,18.957,79330,89908.0,6.4992,297.99,335.51,1.874,10.247,,23,,1.896,0.18721,,,1.7908,0,,0,0,2,81,81,0,81.0,112730.0
112.6,75,100,90,0.0,55.897,21.644,0.0001,100,1.0,0,0.0010803,10.875,19.001,79374,89963.0,6.5005,297.99,335.57,1.8762,10.275,,23,,1.8823,0.18731,,,1.7929,0,,0,0,2,81,81,0,81.0,113100.0
112.8,75,100,90,0.0,56.218,21.231,0.0001,100,1.0,0,0.0010783,10.867,19.044,79418,90018.0,6.5019,297.99,335.67,1.8784,10.299,,23,,1.8792,0.18733,,,1.795,0,,0,0,2,81,81,0,81.0,112640.0
113.0,75,100,90,0.0,55.973,20.887,0.0001,100,1.0,0,0.0010687,10.874,19.087,79462,90073.0,6.503,297.99,335.56,1.8806,10.323,,23,,1.8785,0.18733,,,1.7971,0,,0,0,2,81,81,0,81.0,112510.0
113.2,75,100,90,0.0,55.305,20.361,0.0001,100,1.0,0,0.0010519,10.889,19.13,79506,90128.0,6.5034,297.99,335.01,1.8827,10.337,,23,,1.8702,0.18739,,,1.7992,0,,0,0,2,81,81,0,81.0,112380.0
113.4,75,100,90,0.0,54.475,19.435,0.0001,100,1.0,0,0.0010659,10.865,19.172,79550,90183.0,6.5027,297.99,335.05,1.8849,10.327,,23,,1.8725,0.18737,,,1.8012,0,,0,0,2,81,81,0,81.0,113920.0
113.6,75,100,90,0.0,53.933,18.997,0.0001,100,1.0,0,0.0010372,10.884,19.214,79594,90237.0,6.5002,297.98,334.19,1.887,10.321,,23,,1.8774,0.18733,,,1.8033,0,,0,0,2,81,81,0,81.0,114120.0
113.8,75,100,90,0.0,54.374,17.734,0.0001,100,1.0,0,0.0010484,10.873,19.256,79637,90292.0,6.4992,297.99,334.42,1.8891,10.289,,23,,1.8632,0.18743,,,1.8053,0,,0,0,2,81,81,0,81.0,112650.0
114.0,75,100,90,0.0,55.224,17.392,0.0001,100,1.0,0,0.0010588,10.835,19.299,79681,90347.0,6.4977,297.99,335.04,1.8912,10.27,,23,,1.8839,0.18727,,,1.8073,0,,0,0,2,81,81,0,81.0,114360.0
114.2,75,100,90,0.0,56.66,17.398,0.0001,100,1.0,0,0.001042,10.851,19.341,79725,90402.0,6.4978,297.99,335.24,1.8933,10.259,,23,,1.8817,0.18728,,,1.8093,0,,0,0,2,81,81,0,81.0,113890.0
114.4,75,100,90,0.0,58.055,17.085,0.0001,100,1.0,0,0.0010345,10.849,19.382,79770,90457.0,6.4996,297.99,335.09,1.8954,10.251,,23,,1.8838,0.18726,,,1.8113,0,,0,0,2,81,81,0,81.0,114590.0
114.6,75,100,90,0.0,58.729,16.483,0.0001,100,1.0,0,0.0010237,10.853,19.424,79814,90512.0,6.5009,297.99,334.73,1.8975,10.235,,23,,1.8876,0.18723,,,1.8133,0,,0,0,2,81,81,0,81.0,114790.0
114.8,75,100,90,0.0,58.878,15.676,0.0001,100,1.0,0,0.0010308,10.823,19.466,79859,90568.0,6.5019,297.99,335.14,1.8995,10.221,,23,,1.8972,0.18715,,,1.8153,0,,0,0,2,81,81,0,81.0,114320.0
115.0,75,100,90,0.0,58.632,15.544,0.0001,100,1.0,0,0.0010514,10.757,19.508,79903,90623.0,6.5003,297.99,336.73,1.9016,10.222,,23,,1.9263,0.18693,,,1.8173,0,,0,0,2,81,81,0,81.0,115020.0
115.2,75,100,90,0.0,59.026,16.495,0.0001,100,1.0,0,0.0010725,10.718,19.55,79948,90679.0,6.5003,298.0,338.16,1.9038,10.233,,23,,1.9409,0.18681,,,1.8194,0,,0,0,2,81,81,0,81.0,114230.0
115.4,75,100,90,0.0,59.418,17.431,0.0001,100,1.0,0,0.0010636,10.734,19.593,79992,90735.0,6.5021,298.0,339.01,1.9059,10.255,,23,,1.9277,0.18691,,,1.8214,0,,0,0,2,81,81,0,81.0,116260.0
115.6,75,100,90,0.0,59.105,17.994,0.0001,100,1.0,0,0.0010884,10.695,19.635,80037,90791.0,6.5012,298.0,340.65,1.908,10.258,,23,,1.9279,0.1869,,,1.8235,0,,0,0,2,81,81,0,81.0,116300.0
115.8,75,100,90,0.0,59.161,19.355,0.0001,100,1.0,0,0.0010943,10.681,19.678,80082,90846.0,6.5014,298.01,342.2,1.9102,10.278,,23,,1.9259,0.18692,,,1.8256,0,,0,0,2,81,81,0,81.0,114670.0
116.0,75,100,90,0.0,59.129,20.789,0.0001,100,1.0,0,0.0010635,10.727,19.72,80126,90902.0,6.5015,298.0,341.51,1.9123,10.312,,23,,1.9108,0.18703,,,1.8276,0,,0,0,2,81,81,0,81.0,114870.0
116.2,75,100,90,0.0,59.032,20.352,0.0001,100,1.0,0,0.0010681,10.701,19.762,80171,90958.0,6.5013,298.0,341.04,1.9145,10.327,,23,,1.9188,0.18696,,,1.8297,0,,0,0,2,81,81,0,81.0,115400.0
116.4,75,100,90,0.0,59.029,20.092,0.0001,100,1.0,0,0.0010643,10.696,19.803,80215,91014.0,6.5011,298.0,340.23,1.9166,10.356,,23,,1.9231,0.18692,,,1.8317,0,,0,0,2,81,81,0,81.0,116430.0
116.6,75,100,90,0.0,59.125,19.476,0.0001,100,1.0,0,0.0010377,10.737,19.844,80260,91069.0,6.502,298.0,338.58,1.9187,10.371,,23,,1.9045,0.18706,,,1.8337,0,,0,0,2,81,81,0,81.0,115960.0
116.8,75,100,90,0.0,58.84,18.039,0.0001,100,1.0,0,0.0010399,10.726,19.885,80305,91125.0,6.5018,297.99,337.87,1.9207,10.352,,23,,1.9035,0.18707,,,1.8357,0,,0,0,2,81,81,0,81.0,116820.0
117.0,75,100,90,0.0,58.648,17.301,0.0001,100,1.0,0,0.0010165,10.767,19.925,80349,91180.0,6.5014,297.99,336.29,1.9227,10.335,,23,,1.8804,0.18724,,,1.8376,0,,0,0,2,81,81,0,81.0,116680.0
117.2,75,100,90,0.0,58.6,15.694,0.0001,100,1.0,0,0.0010208,10.749,19.965,80393,91235.0,6.5011,297.99,335.58,1.9247,10.299,,23,,1.8872,0.18718,,,1.8395,0,,0,0,2,81,81,0,81.0,116710.0
117.4,75,100,90,0.0,58.667,14.723,0.0001,100,1.0,0,0.00099567,10.785,20.005,80438,91291.0,6.5008,297.99,334.24,1.9267,10.255,,23,,1.8705,0.1873,,,1.8414,0,,0,0,2,81,81,0,81.0,117390.0
117.6,75,100,90,0.0,58.885,13.11,0.0001,100,1.0,0,0.0010026,10.762,20.044,80482,91346.0,6.5015,297.98,334.08,1.9287,10.199,,23,,1.8687,0.18731,,,1.8433,0,,0,0,2,81,81,0,81.0,117080.0
117.8,75,100,90,0.0,58.819,12.43,0.0001,100,1.0,0,0.00099023,10.776,20.083,80527,91402.0,6.5035,297.98,333.98,1.9307,10.153,,23,,1.8548,0.18742,,,1.8452,0,,0,0,2,81,81,0,81.0,117940.0
118.0,75,100,90,0.0,57.937,11.77,0.0001,100,1.0,0,0.00095727,10.822,20.121,80571,91457.0,6.5065,297.98,332.96,1.9326,10.092,,23,,1.8364,0.18755,,,1.8471,0,,0,0,2,81,81,0,81.0,118280.0
118.2,75,100,90,0.0,55.842,10.277,0.0001,100,1.0,0,0.00093318,10.851,20.159,80615,91511.0,6.5073,297.98,331.76,1.9344,10.003,,23,,1.82,0.18767,,,1.8489,0,,0,0,2,81,81,0,81.0,117960.0
118.4,75,100,90,0.0,53.446,8.5435,0.0001,100,1.0,0,0.00094385,10.801,20.198,80658,91565.0,6.5042,297.98,331.96,1.9363,9.917,,23,,1.8426,0.1875,,,1.8507,0,,0,0,2,81,81,0,81.0,117650.0
118.6,75,100,90,0.0,52.28,7.9425,0.0001,100,1.0,0,0.00093164,10.807,20.235,80702,91619.0,6.5017,297.98,332.05,1.9381,9.853,,23,,1.8445,0.18748,,,1.8524,0,,0,0,2,81,81,0,81.0,117660.0
118.8,75,100,90,0.0,52.136,7.238,0.0001,100,1.0,0,0.00091914,10.818,20.272,80745,91673.0,6.4994,297.98,331.86,1.94,9.7814,,23,,1.8448,0.18747,,,1.8542,0,,0,0,2,81,81,0,81.0,118000.0
119.0,75,100,90,0.0,52.897,6.3004,0.0001,100,1.0,0,0.00093361,10.805,20.309,80788,91726.0,6.4956,297.98,332.4,1.9418,9.7041,,23,,1.84,0.18751,,,1.8559,0,,0,0,2,81,81,0,81.0,119510.0
119.2,75,100,90,0.0,55.18,5.9887,0.0001,100,1.0,0,0.0009297,10.816,20.346,80831,91781.0,6.4963,297.98,332.59,1.9436,9.6495,,23,,1.8292,0.18758,,,1.8577,0,,0,0,2,81,81,0,81.0,118520.0
119.4,75,100,90,0.0,57.164,5.4161,0.0001,100,1.0,0,0.00093503,10.83,20.383,80875,91835.0,6.4989,297.98,332.74,1.9454,9.6042,,23,,1.8126,0.18771,,,1.8594,0,,0,0,2,81,81,0,81.0,118530.0
119.6,75,100,90,0.0,58.132,4.8206,0.0001,100,1.0,0,0.00094259,10.821,20.419,80920,91890.0,6.5022,297.98,333.22,1.9472,9.5634,,23,,1.8074,0.18774,,,1.8611,0,,0,0,2,81,81,0,81.0,118870.0
119.8,75,100,90,0.0,57.757,4.5408,0.0001,100,1.0,0,0.00097281,10.761,20.457,80964,91945.0,6.5009,297.99,335.18,1.9491,9.536,,23,,1.8196,0.18765,,,1.8629,0,,0,0,2,81,81,0,81.0,118720.0
120.0,75,100,90,0.0,57.944,5.6165,0.0001,100,1.0,0,0.00094675,10.793,20.494,81008,92000.0,6.5,297.99,335.63,1.9509,9.5579,1201.5,23,1586.6,1.8054,0.18775,20.346,26.155,1.8647,0,56.915,0,0,2,81,81,0,81.0,118890.0
120.2,75,100,90,0.0,58.447,5.5077,0.0001,100,1.0,0,0.00093885,10.8,20.531,81052,92055.0,6.4999,297.99,335.64,1.9527,9.577,,23,,1.8005,0.18779,,,1.8664,0,,0,0,2,81,81,0,81.0,119570.0
120.4,75,100,90,0.0,59.002,5.0807,0.0001,100,1.0,0,0.00092635,10.815,20.567,81096,92110.0,6.5013,297.99,335.22,1.9545,9.6077,,23,,1.7953,0.18782,,,1.8682,0,,0,0,2,81,81,0,81.0,119740.0
120.6,75,100,90,0.0,58.998,4.2879,0.0001,100,1.0,0,0.0009615,10.749,20.605,81141,92165.0,6.499,297.99,336.73,1.9563,9.6262,,23,,1.8053,0.18774,,,1.8699,0,,0,0,2,81,81,0,81.0,120750.0
120.8,75,100,90,0.0,59.916,5.166,0.0001,100,1.0,0,0.00096044,10.742,20.642,81185,92220.0,6.4964,297.99,337.52,1.9582,9.6913,,23,,1.8116,0.18769,,,1.8717,0,,0,0,2,81,81,0,81.0,119930.0
121.0,75,100,90,0.0,61.866,5.518,0.0001,100,1.0,0,0.00095691,10.717,20.679,81230,92276.0,6.4949,298.0,338.19,1.96,9.7572,,23,,1.8302,0.18755,,,1.8735,0,,0,0,2,81,81,0,81.0,120440.0
121.2,75,100,90,0.0,64.403,5.8587,0.0001,100,1.0,0,0.00095348,10.707,20.717,81276,92332.0,6.4961,298.0,338.28,1.9619,9.8249,,23,,1.8491,0.1874,,,1.8752,0,,0,0,2,81,81,0,81.0,120120.0
121.4,75,100,90,0.0,66.476,5.7473,0.0001,100,1.0,0,0.00095075,10.716,20.753,81322,92389.0,6.4998,297.99,337.96,1.9637,9.8943,,23,,1.8487,0.1874,,,1.877,0,,0,0,2,81,81,0,81.0,120460.0
121.6,75,100,90,0.0,67.064,5.2899,0.0001,100,1.0,0,0.00091771,10.772,20.789,81368,92446.0,6.5051,297.99,336.33,1.9655,9.938,,23,,1.8256,0.18757,,,1.8787,0,,0,0,2,81,81,0,81.0,120790.0
121.8,75,100,90,0.0,65.537,3.6552,0.0001,100,1.0,0,0.00089861,10.79,20.824,81413,92502.0,6.511,297.99,334.77,1.9672,9.9463,,23,,1.8166,0.18764,,,1.8804,0,,0,0,2,81,81,0,81.0,121290.0
122.0,75,100,90,0.0,61.671,1.9483,0.0001,100,1.0,0,0.00088486,10.771,20.858,81458,92558.0,6.5127,297.98,333.66,1.9689,9.9319,,23,,1.8363,0.18748,,,1.882,0,,0,0,2,81,81,0,81.0,121960.0
122.2,75,100,90,0.0,57.107,0.4888,0.0001,100,1.0,0,0.00088368,10.74,20.893,81502,92612.0,6.5094,297.98,333.73,1.9706,9.8913,,23,,1.8463,0.1874,,,1.8837,0,,0,0,2,81,81,0,81.0,121460.0
122.4,75,100,90,0.0,53.873,0.0001,0.0001,100,1.0,0,0.00090106,10.678,20.929,81545,92666.0,6.5047,297.99,335.11,1.9723,9.8434,,23,,1.8684,0.18723,,,1.8853,0,,0,0,2,81,81,0,81.0,121630.0
122.6,75,100,90,0.0,52.531,0.60303,0.0001,100,1.0,0,0.00089108,10.662,20.965,81589,92720.0,6.5004,297.99,336.12,1.974,9.815,,23,,1.881,0.18713,,,1.8869,0,,0,0,2,81,81,0,81.0,121630.0
122.8,75,100,90,0.0,52.902,1.0003,0.0001,100,1.0,0,0.00088484,10.679,21.0,81632,92774.0,6.4966,297.99,336.42,1.9757,9.7905,,23,,1.8706,0.18721,,,1.8886,0,,0,0,2,81,81,0,81.0,122300.0
123.0,75,100,90,0.0,54.768,0.86285,0.0001,100,1.0,0,0.00087823,10.677,21.035,81675,92828.0,6.4965,297.99,336.13,1.9774,9.7522,,23,,1.8828,0.18711,,,1.8902,0,,0,0,2,81,81,0,81.0,121970.0
123.2,75,100,90,0.0,56.696,0.25581,0.0001,100,1.0,0,0.00091268,10.622,21.07,81719,92882.0,6.4953,297.99,337.2,1.9791,9.6982,,23,,1.8989,0.18699,,,1.8918,0,,0,0,2,81,81,0,81.0,122130.0
123.4,75,100,90,0.0,59.103,0.82431,0.0001,100,1.0,0,0.00089027,10.667,21.105,81763,92937.0,6.4974,297.99,336.83,1.9808,9.6644,,23,,1.8797,0.18713,,,1.8935,0,,0,0,2,81,81,0,81.0,121970.0
123.6,75,100,90,0.0,60.643,0.20161,0.0001,100,1.0,0,0.00090026,10.638,21.14,81808,92993.0,6.4995,297.99,337.04,1.9825,9.6216,,23,,1.8905,0.18705,,,1.8951,0,,0,0,2,81,81,0,81.0,122300.0
123.8,75,100,90,0.0,61.344,0.081862,0.0001,100,1.0,0,0.0009036,10.633,21.175,81853,93048.0,6.5032,297.99,337.34,1.9842,9.5881,,23,,1.8854,0.18708,,,1.8967,0,,0,0,2,81,81,0,81.0,122960.0
124.0,75,100,90,0.0,60.563,0.049822,0.0001,100,1.0,0,0.00090951,10.615,21.21,81897,93104.0,6.5068,297.99,337.85,1.9859,9.5672,,23,,1.8879,0.18706,,,1.8984,0,,0,0,2,81,81,0,81.0,122960.0
124.2,75,100,90,0.0,58.359,0.23395,0.0001,100,1.0,0,0.00087949,10.658,21.244,81941,93158.0,6.5084,297.99,337.12,1.9876,9.5642,,23,,1.8714,0.18718,,,1.9,0,,0,0,2,81,81,0,81.0,122790.0
124.4,75,100,90,0.0,55.523,0.0001,0.0001,100,1.0,0,0.00084454,10.713,21.277,81985,93212.0,6.5077,297.99,334.99,1.9892,9.548,,23,,1.8477,0.18736,,,1.9015,0,,0,0,2,81,81,0,81.0,123950.0
124.6,75,100,90,0.0,52.98,0.0001,0.0001,100,1.0,0,0.00087268,10.65,21.311,82028,93266.0,6.5033,297.98,334.07,1.9908,9.4963,,23,,1.8642,0.18723,,,1.9031,0,,0,0,2,81,81,0,81.0,123780.0
124.8,75,100,90,0.0,52.199,0.0001,0.0001,100,1.0,0,0.00080601,10.754,21.343,82071,93319.0,6.5014,297.98,330.38,1.9924,9.4749,,23,,1.8362,0.18744,,,1.9046,0,,0,0,2,81,81,0,81.0,123760.0
125.0,75,100,90,0.0,52.165,0.0001,0.0001,100,1.0,0,0.00077382,10.795,21.374,82114,93372.0,6.5012,297.96,325.21,1.9938,9.4083,,23,,1.8268,0.18751,,,1.906,0,,0,0,2,81,81,0,81.0,124070.0
125.2,75,100,90,0.0,52.189,0.0001,0.0001,100,1.0,0,0.00076402,10.805,21.404,82157,93425.0,6.5009,297.95,319.5,1.9952,9.3022,,23,,1.8238,0.18753,,,1.9073,0,,0,0,2,81,81,0,81.0,124380.0
125.4,75,100,90,0.0,52.33,0.0001,11.515,100,1.0,0,0.00075101,10.806,21.434,82199,93478.0,6.5008,297.96,323.77,1.9966,9.1857,,23,,1.8279,0.18749,,,1.9086,0,,0,0,2,81,81,0,81.0,123190.0
125.6,75,100,90,0.0,52.537,1.8788,1.1515,100,1.0,0,0.00071307,10.857,21.463,82242,93531.0,6.5035,297.94,316.1,1.9979,9.0775,,23,,1.8193,0.18756,,,1.9099,0,,0,0,2,81,81,0,81.0,123500.0
125.8,75,100,90,0.0,51.655,0.56363,22.591,100,1.0,0,0.0007226,10.825,21.493,82285,93584.0,6.5072,297.97,328.9,1.9992,8.9354,,23,,1.8292,0.18748,,,1.9112,0,,0,0,2,81,81,0,81.0,124140.0
126.0,75,100,90,0.0,49.276,9.6143,2.2591,100,1.0,0,0.00069884,10.833,21.522,82327,93636.0,6.5085,297.95,318.53,2.0005,8.8112,,23,,1.8346,0.18743,,,1.9124,0,,0,0,2,81,81,0,81.0,123610.0
126.2,75,100,90,0.0,46.408,2.8843,36.545,100,1.0,0,0.00066771,10.862,21.55,82369,93687.0,6.5076,298.0,341.06,2.0018,8.6874,,23,,1.83,0.18747,,,1.9136,0,,0,0,2,81,81,0,81.0,123910.0
126.4,75,100,90,0.0,43.878,20.699,3.6545,100,1.0,0,0.00065702,10.855,21.579,82410,93738.0,6.5027,297.96,325.9,2.003,8.5571,,23,,1.8339,0.18744,,,1.9148,0,,0,0,2,81,81,0,81.0,125210.0
126.6,75,100,90,0.0,43.331,7.1294,0.36545,100,1.0,0,0.00066901,10.839,21.607,82450,93789.0,6.4958,297.93,314.21,2.0041,8.4287,,23,,1.8302,0.18746,,,1.9159,0,,0,0,2,81,81,0,81.0,125180.0
126.8,75,100,90,0.0,45.526,2.1388,19.534,100,1.0,0,0.00066939,10.849,21.636,82492,93840.0,6.4899,297.95,321.79,2.0053,8.3326,,23,,1.8208,0.18753,,,1.9171,0,,0,0,2,81,81,0,81.0,125810.0
127.0,75,100,90,0.0,50.087,6.5074,1.9534,100,1.0,0,0.00064857,10.917,21.663,82534,93892.0,6.487,297.92,309.98,2.0065,8.2371,,23,,1.7909,0.18775,,,1.9182,0,,0,0,2,81,81,0,81.0,124940.0
127.2,75,100,90,0.0,55.799,1.9522,35.494,100,1.0,0,0.00064896,10.941,21.69,82577,93945.0,6.4881,297.97,329.83,2.0077,8.1392,,23,,1.7743,0.18788,,,1.9193,0,,0,0,2,81,81,0,81.0,126230.0
127.4,75,100,90,0.0,61.084,16.602,3.5494,100,1.0,0,0.00061845,11.015,21.717,82622,93999.0,6.4936,297.93,312.86,2.0088,8.0662,,23,,1.7499,0.18806,,,1.9203,0,,0,0,2,81,81,0,81.0,125520.0
127.6,75,100,90,0.0,64.135,4.9806,55.764,100,1.0,0,0.00064539,10.98,21.743,82666,94054.0,6.5004,298.02,348.72,2.0099,7.9774,,23,,1.7487,0.18807,,,1.9214,0,,0,0,2,81,81,0,81.0,125820.0
127.8,75,100,90,0.0,64.495,33.903,5.5764,100,1.0,0,0.00065957,10.961,21.77,82711,94108.0,6.5065,297.97,328.27,2.011,7.9252,,23,,1.7465,0.18808,,,1.9225,0,,0,0,2,81,81,0,81.0,126440.0
128.0,75,100,90,0.0,62.398,16.247,0.55764,100,1.0,0,0.00067011,10.94,21.798,82756,94163.0,6.51,297.93,311.22,2.0122,7.9099,,23,,1.7408,0.18812,,,1.9236,0,,0,0,2,81,81,0,81.0,126070.0
128.2,75,100,90,0.0,58.941,4.8742,30.848,100,1.0,0,0.00066948,10.919,21.825,82800,94217.0,6.5119,297.96,326.26,2.0133,7.9304,,23,,1.7458,0.18808,,,1.9247,0,,0,0,2,81,81,0,81.0,125870.0
128.4,75,100,90,0.0,54.718,15.519,3.0848,100,1.0,0,0.00066074,10.892,21.853,82843,94269.0,6.5104,297.93,312.52,2.0145,7.9675,,23,,1.7599,0.18797,,,1.9258,0,,0,0,2,81,81,0,81.0,125830.0
128.6,75,100,90,0.0,51.077,4.6557,49.306,100,1.0,0,0.00066392,10.866,21.88,82885,94322.0,6.5064,298.01,344.84,2.0156,8.021,,23,,1.7673,0.18792,,,1.927,0,,0,0,2,81,81,0,81.0,126800.0
128.8,75,100,90,0.0,49.031,30.331,4.9306,100,1.0,0,0.00064377,10.889,21.908,82927,94373.0,6.4991,297.97,326.72,2.0168,8.0787,,23,,1.755,0.18801,,,1.9281,0,,0,0,2,81,81,0,81.0,125760.0
129.0,75,100,90,0.0,49.904,14.45,0.49306,100,1.0,0,0.00061503,10.924,21.935,82969,94425.0,6.4936,297.92,309.31,2.0178,8.1416,,23,,1.7558,0.188,,,1.9291,0,,0,0,2,81,81,0,81.0,126890.0
129.2,75,100,90,0.0,52.967,4.335,31.735,100,1.0,0,0.00059558,10.97,21.96,83012,94477.0,6.4909,297.96,322.8,2.0189,8.1847,,23,,1.7399,0.18812,,,1.9301,0,,0,0,2,81,81,0,81.0,127340.0
129.4,75,100,90,0.0,57.101,13.428,3.1735,100,1.0,0,0.00059769,10.994,21.986,83055,94531.0,6.4943,297.92,306.98,2.0199,8.1917,,23,,1.7197,0.18827,,,1.9311,0,,0,0,2,81,81,0,81.0,126790.0
129.6,75,100,90,0.0,59.873,4.0283,50.517,100,1.0,0,0.0005952,11.006,22.011,83099,94584.0,6.4995,297.99,336.62,2.0209,8.1869,,23,,1.7142,0.18831,,,1.932,0,,0,0,2,81,81,0,81.0,127240.0
129.8,75,100,90,0.0,60.604,26.831,5.0517,100,1.0,0,0.00059018,11.012,22.036,83144,94638.0,6.5061,297.94,317.06,2.0219,8.1621,,23,,1.7116,0.18832,,,1.933,0,,0,0,2,81,81,0,81.0,126690.0
130.0,75,100,90,0.0,58.693,8.0492,71.768,100,1.0,0,0.00059625,11.001,22.061,83187,94692.0,6.5113,298.06,364.29,2.0229,8.1305,,23,,1.7063,0.18836,,,1.934,0,,0,0,2,81,81,0,81.0,127480.0
130.2,75,100,90,0.0,54.705,47.035,7.1768,100,1.0,-4000,0.00063037,10.927,22.087,82534,93944.0,6.5432,298.01,342.54,2.0129,8.0961,,23,,1.7126,0.18833,,,1.9243,0,,0,0,2,81,81,0,81.0,126600.0
130.4,75,100,90,0.0,37.845,29.54,0.71768,100,1.0,-4000,0.0006375,10.847,22.114,81877,93194.0,6.5607,297.96,323.02,1.9976,8.0843,,23,,1.7127,0.18836,,,1.9096,0,,0,0,2,81,81,0,81.0,127060.0
130.6,75,100,90,0.51925,18.923,13.081,0.071768,100,1.0,-4000,0.00062612,10.799,22.142,81217,92439.0,6.5563,297.92,308.92,1.9819,8.1028,,23,,1.7037,0.18846,,,1.8946,0,,0,0,2,81,81,0,81.0,127860.0
130.8,75,100,90,1.0406,9.4614,3.9242,27.542,100,1.0,-4000,0.00063313,10.747,22.171,80555,91683.0,6.5396,297.96,323.37,1.9662,8.1311,,23,,1.698,0.18853,,,1.8794,0,,0,0,2,81,81,0,81.0,126500.0
131.0,75,100,90,0.0,0.0,14.028,2.7542,100,1.0,-4000,0.00062293,10.706,22.2,79891,90925.0,6.5143,297.93,312.83,1.9505,8.1803,,23,,1.6961,0.18858,,,1.8643,0,,0,0,2,81,81,0,81.0,126970.0
131.2,75,100,90,0.0,0.0,4.2085,45.594,100,1.0,-4000,0.00064548,10.668,22.229,79227,90167.0,6.4903,298.01,344.58,1.9348,8.2192,,23,,1.6901,0.18865,,,1.8492,0,,0,0,2,81,81,0,81.0,127770.0
131.4,75,100,90,0.0,4.4163,30.451,4.5594,100,1.0,-4000,0.00066474,10.657,22.258,78564,89410.0,6.4719,297.98,331.63,1.9191,8.2625,,23,,1.6687,0.18885,,,1.8341,0,,0,0,2,81,81,0,81.0,128240.0
131.6,75,100,90,0.0,16.163,18.514,0.45594,100,1.0,-4000,0.00066987,10.696,22.287,77904,88655.0,6.4667,297.94,317.67,1.9034,8.3019,,23,,1.6378,0.18911,,,1.819,0,,0,0,2,81,81,0,81.0,128380.0
131.8,75,100,90,0.0,29.945,5.5541,32.819,100,1.0,-4000,0.00070456,10.688,22.316,77246,87903.0,6.4756,297.99,336.48,1.8878,8.3143,,23,,1.6229,0.18925,,,1.804,0,,0,0,2,81,81,0,81.0,129020.0
132.0,75,100,90,0.0,40.188,21.058,3.2819,100,1.0,-4000,0.00066166,10.817,22.343,76590,87154.0,6.4973,297.95,321.24,1.8721,8.3154,1199.3,23,1609.3,1.5635,0.18973,22.229,26.65,1.7889,0,65.885,0,0,2,81,81,0,81.0,128480.0
132.2,75,100,90,0.0,41.761,6.1459,0.32819,100,1.0,0,0.00065624,10.846,22.371,76631,87204.0,6.4926,297.91,307.42,1.8678,8.2532,,23,,1.5263,0.19002,,,1.7848,0,,0,0,2,81,81,0,81.0,128440.0
132.4,75,100,90,0.0,45.32,1.8438,24.466,100,1.0,0,0.00067141,10.833,22.398,76673,87255.0,6.4913,297.94,316.89,1.8685,8.1805,,23,,1.525,0.19003,,,1.7855,0,,0,0,2,81,81,0,81.0,128900.0
132.6,75,100,90,0.0,49.315,0.55313,0.0001,100,1.0,0,0.00065198,10.891,22.424,76716,87307.0,6.4946,297.9,303.33,1.8694,8.1041,,23,,1.5044,0.19018,,,1.7864,0,,0,0,2,81,81,0,81.0,128530.0
132.8,75,100,90,0.0,51.969,0.16594,37.615,100,1.0,0,0.00062446,10.948,22.45,76759,87359.0,6.5017,297.95,322.42,1.8704,8.0059,,23,,1.4855,0.19032,,,1.7873,0,,0,0,2,81,81,0,81.0,128810.0
133.0,75,100,90,0.0,51.81,14.644,3.7615,100,1.0,0,0.00063115,10.94,22.475,76802,87411.0,6.5082,297.91,306.83,1.8713,7.8835,,23,,1.4822,0.19034,,,1.7882,0,,0,0,2,81,81,0,81.0,128930.0
133.2,75,100,90,0.0,49.069,4.3932,57.963,100,1.0,0,0.00065498,10.899,22.501,76844,87463.0,6.5103,298.01,344.06,1.8723,7.7704,,23,,1.4818,0.19035,,,1.7891,0,,0,0,2,81,81,0,81.0,128390.0
133.4,75,100,90,0.0,45.501,36.206,5.7963,100,1.0,0,0.00063081,10.9,22.527,76886,87514.0,6.5103,297.96,325.21,1.8732,7.6906,,23,,1.4922,0.19027,,,1.79,0,,0,0,2,81,81,0,81.0,129840.0
133.6,75,100,90,0.0,41.892,18.298,0.57963,100,1.0,0,0.00064677,10.849,22.554,76927,87564.0,6.5062,297.91,307.59,1.8741,7.6147,,23,,1.5057,0.19016,,,1.7909,0,,0,0,2,81,81,0,81.0,129800.0
133.8,75,100,90,0.0,39.938,5.4894,37.083,100,1.0,0,0.00065532,10.823,22.58,76967,87614.0,6.5014,297.97,326.74,1.8751,7.5828,,23,,1.516,0.19008,,,1.7918,0,,0,0,2,81,81,0,81.0,128930.0
134.0,75,100,90,0.0,39.915,20.481,3.7083,100,1.0,0,0.00064425,10.845,22.607,77008,87664.0,6.4975,297.92,311.09,1.876,7.5789,,23,,1.5076,0.19014,,,1.7927,0,,0,0,2,81,81,0,81.0,129390.0
134.2,75,100,90,0.0,41.442,6.1444,61.484,100,1.0,0,0.00064679,10.823,22.634,77049,87714.0,6.4962,298.03,351.27,1.8769,7.5825,,23,,1.5232,0.19003,,,1.7936,0,,0,0,2,81,81,0,81.0,130350.0
134.4,75,100,90,0.0,43.485,41.044,6.1484,100,1.0,0,0.00065062,10.841,22.661,77090,87765.0,6.495,297.98,331.19,1.8779,7.6081,,23,,1.5057,0.19016,,,1.7945,0,,0,0,2,81,81,0,81.0,129970.0
134.6,75,100,90,0.0,45.996,22.711,0.61484,100,1.0,0,0.00066057,10.831,22.687,77131,87816.0,6.4959,297.92,311.55,1.8788,7.6392,,23,,1.5061,0.19015,,,1.7954,0,,0,0,2,81,81,0,81.0,129600.0
134.8,75,100,90,0.0,48.151,6.8132,40.136,100,1.0,0,0.00063204,10.875,22.713,77174,87868.0,6.4993,297.98,330.83,1.8797,7.6787,,23,,1.5045,0.19016,,,1.7962,0,,0,0,2,81,81,0,81.0,130380.0
135.0,75,100,90,0.0,48.943,22.321,4.0136,100,1.0,0,0.00065902,10.83,22.739,77216,87920.0,6.5033,297.93,314.53,1.8806,7.6844,,23,,1.5139,0.19009,,,1.7971,0,,0,0,2,81,81,0,81.0,130340.0
135.2,75,100,90,0.0,48.121,6.6964,61.98,100,1.0,0,0.00068293,10.769,22.766,77258,87971.0,6.5064,298.04,355.56,1.8815,7.7113,,23,,1.5384,0.1899,,,1.798,0,,0,0,2,81,81,0,81.0,129970.0
135.4,75,100,90,0.0,46.068,42.641,6.198,100,1.0,0,0.00068035,10.776,22.793,77300,88023.0,6.5071,297.99,337.52,1.8825,7.7595,,23,,1.5271,0.18998,,,1.7989,0,,0,0,2,81,81,0,81.0,129760.0
135.6,75,100,90,0.0,43.757,26.67,0.6198,100,1.0,0,0.00065362,10.799,22.82,77341,88073.0,6.506,297.94,317.33,1.8834,7.8166,,23,,1.5253,0.19,,,1.7998,0,,0,0,2,81,81,0,81.0,130220.0
135.8,75,100,90,0.0,41.889,8.0009,42.774,100,1.0,0,0.00063952,10.814,22.847,77382,88124.0,6.5044,298.0,339.61,1.8843,7.8667,,23,,1.5149,0.19007,,,1.8007,0,,0,0,2,81,81,0,81.0,131180.0
136.0,75,100,90,0.0,40.646,26.845,4.2774,100,1.0,0,0.00065248,10.792,22.874,77423,88174.0,6.5011,297.96,323.38,1.8852,7.9071,,23,,1.5101,0.19011,,,1.8015,0,,0,0,2,81,81,0,81.0,130980.0
136.2,75,100,90,0.0,40.732,11.354,0.42774,100,1.0,0,0.00062356,10.843,22.9,77463,88224.0,6.4975,297.91,306.21,1.886,7.9489,,23,,1.4907,0.19025,,,1.8023,0,,0,0,2,81,81,0,81.0,130770.0
136.4,75,100,90,0.0,42.272,3.4063,32.216,100,1.0,0,0.00060854,10.884,22.926,77504,88274.0,6.4947,297.94,318.71,1.8868,7.9704,,23,,1.4688,0.19042,,,1.8031,0,,0,0,2,81,81,0,81.0,130890.0
136.6,75,100,90,0.0,44.895,1.0219,0.0001,100,1.0,0,0.00062357,10.869,22.952,77546,88325.0,6.4961,297.9,302.94,1.8877,7.9688,,23,,1.4679,0.19042,,,1.8039,0,,0,0,2,81,81,0,81.0,132010.0
136.8,75,100,90,0.0,46.951,0.30657,41.787,100,1.0,0,0.00063189,10.862,22.979,77588,88377.0,6.4986,297.96,325.06,1.8885,7.9763,,23,,1.47,0.1904,,,1.8047,0,,0,0,2,81,81,0,81.0,131310.0
137.0,75,100,90,0.0,48.014,17.412,4.1787,100,1.0,0,0.0006599,10.818,23.006,77630,88428.0,6.5014,297.92,309.69,1.8893,7.9904,,23,,1.4814,0.19032,,,1.8055,0,,0,0,2,81,81,0,81.0,131270.0
137.2,75,100,90,0.0,47.989,5.2236,60.66,100,1.0,0,0.00065953,10.812,23.034,77672,88480.0,6.5041,298.02,348.23,1.8902,8.0321,,23,,1.4875,0.19027,,,1.8063,0,,0,0,2,81,81,0,81.0,131730.0
137.4,75,100,90,0.0,46.883,38.159,6.066,100,1.0,0,0.00066892,10.779,23.061,77714,88532.0,6.5046,297.97,329.99,1.8911,8.0737,,23,,1.5015,0.19016,,,1.8072,0,,0,0,2,81,81,0,81.0,131360.0
137.6,75,100,90,0.0,45.569,21.391,0.6066,100,1.0,0,0.00069291,10.737,23.09,77756,88583.0,6.5036,297.93,311.65,1.8919,8.1323,,23,,1.5098,0.1901,,,1.808,0,,0,0,2,81,81,0,81.0,131490.0
137.8,75,100,90,0.0,44.64,6.4173,38.874,100,1.0,0,0.00067568,10.759,23.118,77797,88634.0,6.5027,297.98,331.01,1.8928,8.2147,,23,,1.5021,0.19015,,,1.8089,0,,0,0,2,81,81,0,81.0,132630.0
138.0,75,100,90,0.0,44.08,21.85,3.8874,100,1.0,0,0.00069128,10.724,23.146,77839,88685.0,6.5026,297.94,316.41,1.8937,8.2797,,23,,1.5013,0.19016,,,1.8097,0,,0,0,2,81,81,0,81.0,131930.0
138.2,75,100,90,0.0,43.555,6.5551,58.942,100,1.0,0,0.00067714,10.738,23.175,77880,88736.0,6.5036,298.04,354.29,1.8946,8.3572,,23,,1.4969,0.19019,,,1.8106,0,,0,0,2,81,81,0,81.0,132560.0
138.4,75,100,90,0.0,42.643,39.441,5.8942,100,1.0,0,0.00065965,10.749,23.202,77921,88787.0,6.5035,297.99,336.62,1.8955,8.4145,,23,,1.5022,0.19015,,,1.8114,0,,0,0,2,81,81,0,81.0,131690.0
138.6,75,100,90,0.0,41.773,23.868,0.58942,100,1.0,0,0.00066715,10.719,23.23,77962,88838.0,6.5017,297.94,318.15,1.8963,8.4426,,23,,1.5184,0.19002,,,1.8122,0,,0,0,2,81,81,0,81.0,132990.0
138.8,75,100,90,0.0,41.6,7.1605,38.345,100,1.0,0,0.00062992,10.774,23.257,78003,88888.0,6.5008,297.99,335.69,1.8971,8.454,,23,,1.5083,0.1901,,,1.813,0,,0,0,2,81,81,0,81.0,133620.0
139.0,75,100,90,0.0,41.778,21.521,3.8345,100,1.0,0,0.00063399,10.757,23.284,78044,88939.0,6.4991,297.95,320.06,1.8979,8.4171,,23,,1.5122,0.19007,,,1.8138,0,,0,0,2,81,81,0,81.0,132240.0
139.2,75,100,90,0.0,42.66,6.4563,56.171,100,1.0,0,0.00065295,10.722,23.312,78085,88990.0,6.4984,298.04,354.48,1.8987,8.3758,,23,,1.5263,0.18996,,,1.8146,0,,0,0,2,81,81,0,81.0,131870.0
139.4,75,100,90,0.0,43.804,36.454,5.6171,100,1.0,0,0.00063083,10.755,23.339,78126,89041.0,6.4991,297.99,336.52,1.8995,8.3387,,23,,1.5209,0.19,,,1.8153,0,,0,0,2,81,81,0,81.0,132670.0
139.6,75,100,90,0.0,44.677,20.743,0.56171,100,1.0,0,0.00062039,10.772,23.365,78168,89092.0,6.5027,297.94,316.57,1.9003,8.2857,,23,,1.5158,0.19004,,,1.8161,0,,0,0,2,81,81,0,81.0,132130.0
139.8,75,100,90,0.0,44.088,6.2229,37.006,100,1.0,0,0.0006112,10.767,23.392,78209,89143.0,6.5058,297.98,332.09,1.901,8.2212,,23,,1.5297,0.18993,,,1.8168,0,,0,0,2,81,81,0,81.0,132420.0
140.0,75,100,90,0.0,42.296,18.558,3.7006,100,1.0,0,0.00060295,10.783,23.418,78250,89193.0,6.5061,297.93,315.16,1.9018,8.1496,,23,,1.5177,0.19002,,,1.8175,0,,0,0,2,81,81,0,81.0,132710.0
140.2,75,100,90,0.0,40.383,5.5675,55.422,100,1.0,0,0.00060125,10.776,23.444,78291,89244.0,6.5051,298.02,347.03,1.9025,8.0689,,23,,1.518,0.19001,,,1.8181,0,,0,0,2,81,81,0,81.0,133500.0
140.4,75,100,90,0.0,38.859,32.679,5.5422,100,1.0,0,0.00059583,10.772,23.47,78331,89293.0,6.5031,297.97,329.06,1.9032,7.989,,23,,1.5217,0.18999,,,1.8188,0,,0,0,2,81,81,0,81.0,132620.0
140.6,75,100,90,0.0,38.139,16.303,0.55422,100,1.0,0,0.00058884,10.77,23.496,78371,89343.0,6.5015,297.92,309.57,1.9039,7.9175,,23,,1.5199,0.19,,,1.8195,0,,0,0,2,81,81,0,81.0,133910.0
140.8,75,100,90,0.0,38.038,4.891,35.888,100,1.0,0,0.00059737,10.741,23.523,78411,89393.0,6.5006,297.96,324.27,1.9045,7.8563,,23,,1.5336,0.18989,,,1.8201,0,,0,0,2,81,81,0,81.0,134210.0
141.0,75,100,90,0.0,38.3,15.74,3.5888,100,1.0,0,0.00057725,10.774,23.549,78451,89442.0,6.5012,297.91,306.81,1.9052,7.8191,,23,,1.5285,0.18993,,,1.8208,0,,0,0,2,81,81,0,81.0,133000.0
141.2,75,100,90,0.0,38.339,4.7221,56.839,100,1.0,0,0.00057278,10.776,23.575,78492,89492.0,6.5015,298.0,339.22,1.9059,7.7748,,23,,1.5275,0.18994,,,1.8214,0,,0,0,2,81,81,0,81.0,133120.0
141.4,75,100,90,0.0,38.273,31.426,5.6839,100,1.0,0,0.00058075,10.765,23.602,78532,89542.0,6.5017,297.95,320.49,1.9065,7.7499,,23,,1.524,0.18996,,,1.822,0,,0,0,2,81,81,0,81.0,133740.0
141.6,75,100,90,0.0,38.121,9.4279,77.973,100,1.0,0,0.00055262,10.809,23.627,78572,89591.0,6.5016,298.08,369.87,1.9071,7.7484,,23,,1.5081,0.19008,,,1.8226,0,,0,0,2,81,81,0,81.0,134030.0
141.8,75,100,90,0.0,37.995,52.988,7.7973,100,1.0,0,0.00055486,10.808,23.653,78612,89641.0,6.5014,298.02,345.82,1.9077,7.7379,,23,,1.505,0.1901,,,1.8232,0,,0,0,2,81,81,0,81.0,133650.0
142.0,75,100,90,0.0,37.975,33.045,0.77973,100,1.0,0,0.00056219,10.781,23.678,78652,89690.0,6.5025,297.95,320.46,1.9083,7.7216,,23,,1.5258,0.18994,,,1.8238,0,,0,0,2,81,81,0,81.0,134600.0
142.2,75,100,90,0.0,37.503,9.9136,47.458,100,1.0,0,0.00052534,10.819,23.703,78691,89739.0,6.5022,298.0,340.99,1.9089,7.7169,,23,,1.5269,0.18994,,,1.8243,0,,0,0,2,81,81,0,81.0,135220.0
142.4,75,100,90,0.0,37.167,27.228,4.7458,100,1.0,0,0.00049999,10.863,23.727,78731,89789.0,6.5024,297.94,317.69,1.9094,7.6947,,23,,1.5118,0.19005,,,1.8248,0,,0,0,2,81,81,0,81.0,134830.0
142.6,75,100,90,0.0,36.711,8.1685,70.919,100,1.0,0,0.00048671,10.868,23.75,78771,89838.0,6.5015,298.05,358.19,1.9099,7.6506,,23,,1.512,0.19005,,,1.8253,0,,0,0,2,81,81,0,81.0,134770.0
142.8,75,100,90,0.0,36.627,43.344,7.0919,100,1.0,0,0.00046848,10.884,23.773,78811,89886.0,6.4999,297.98,330.52,1.9103,7.6015,,23,,1.5143,0.19003,,,1.8257,0,,0,0,2,81,81,0,81.0,134710.0
143.0,75,100,90,0.0,37.191,19.176,0.70919,100,1.0,0,0.00046072,10.888,23.796,78850,89935.0,6.4989,297.9,303.53,1.9108,7.5403,,23,,1.5229,0.18996,,,1.8261,0,,0,0,2,81,81,0,81.0,135490.0
143.2,75,100,90,0.0,38.166,5.7528,41.393,100,1.0,0,0.00043655,10.924,23.818,78890,89985.0,6.4991,297.94,316.15,1.9112,7.4802,,23,,1.5182,0.19,,,1.8265,0,,0,0,2,81,81,0,81.0,135760.0
143.4,75,100,90,0.0,39.043,1.7258,0.0001,100,1.0,0,0.00043628,10.922,23.84,78931,90034.0,6.499,297.87,292.33,1.9116,7.4069,,23,,1.5198,0.18998,,,1.8269,0,,0,0,2,81,81,0,81.0,135690.0
143.6,75,100,90,0.0,39.964,0.51775,53.876,100,1.0,0,0.00042605,10.947,23.862,78971,90083.0,6.5021,297.94,317.01,1.9119,7.3444,,23,,1.5054,0.19009,,,1.8272,0,,0,0,2,81,81,0,81.0,135300.0
143.8,75,100,90,0.0,39.641,0.15533,0.0001,100,1.0,0,0.00046748,10.892,23.885,79011,90133.0,6.5046,297.88,294.59,1.9123,7.2788,,23,,1.5053,0.19009,,,1.8276,0,,0,0,2,81,81,0,81.0,136070.0
144.0,75,100,90,0.0,38.338,0.046598,57.905,100,1.0,0,0.00047096,10.879,23.908,79051,90182.0,6.5055,297.96,324.57,1.9128,7.269,1201.4,23,1648.6,1.5097,0.19006,23.818,26.732,1.828,0,74.12,0,0,2,81,81,0,81.0,136010.0
144.2,75,100,90,0.0,36.648,23.236,5.7905,100,1.0,0,0.00050618,10.8,23.933,79091,90231.0,6.5029,297.9,303.2,1.9132,7.2803,,23,,1.5358,0.18986,,,1.8285,0,,0,0,2,81,81,0,81.0,135460.0
144.4,75,100,90,0.0,36.018,6.9709,79.085,100,1.0,0,0.00048752,10.818,23.957,79130,90280.0,6.5014,298.03,351.26,1.9137,7.3458,,23,,1.5397,0.18983,,,1.8289,0,,0,0,2,81,81,0,81.0,135740.0
144.6,75,100,90,0.0,35.994,47.352,7.9085,100,1.0,0,0.00050164,10.804,23.982,79170,90329.0,6.4983,297.96,325.52,1.9141,7.422,,23,,1.5358,0.18986,,,1.8293,0,,0,0,2,81,81,0,81.0,136690.0
144.8,75,100,90,0.0,37.205,24.198,0.79085,100,1.0,0,0.00048608,10.831,24.006,79209,90378.0,6.498,297.89,298.43,1.9146,7.5211,,23,,1.5349,0.18986,,,1.8298,0,,0,0,2,81,81,0,81.0,137140.0
145.0,75,100,90,0.0,38.53,7.2595,50.39,100,1.0,0,0.00045883,10.862,24.029,79250,90428.0,6.4999,297.95,319.2,1.9149,7.6152,,23,,1.5354,0.18986,,,1.8301,0,,0,0,2,81,81,0,81.0,136080.0
145.2,75,100,90,0.0,39.063,2.1779,0.0001,100,1.0,0,0.00046903,10.836,24.053,79290,90477.0,6.5025,297.88,296.03,1.9153,7.6842,,23,,1.5502,0.18975,,,1.8305,0,,0,0,2,81,81,0,81.0,137020.0
145.4,75,100,90,0.0,38.598,0.65336,57.053,100,1.0,0,0.00047727,10.841,24.076,79330,90527.0,6.5048,297.96,324.83,1.9157,7.7623,,23,,1.5359,0.18985,,,1.8309,0,,0,0,2,81,81,0,81.0,137300.0
145.6,75,100,90,0.0,37.194,22.839,5.7053,100,1.0,0,0.00049725,10.789,24.101,79370,90576.0,6.5042,297.9,302.7,1.9161,7.8395,,23,,1.5543,0.18972,,,1.8313,0,,0,0,2,81,81,0,81.0,137090.0
145.8,75,100,90,0.0,36.051,6.8517,78.611,100,1.0,0,0.00049371,10.784,24.126,79409,90625.0,6.5021,298.03,350.06,1.9166,7.9389,,23,,1.5613,0.18966,,,1.8317,0,,0,0,2,81,81,0,81.0,136200.0
146.0,75,100,90,0.0,35.736,46.41,7.8611,100,1.0,0,0.00050567,10.75,24.151,79449,90675.0,6.5014,297.96,325.23,1.917,8.0299,,23,,1.5795,0.18952,,,1.8321,0,,0,0,2,81,81,0,81.0,136490.0
146.2,75,100,90,0.0,35.691,24.052,0.78611,100,1.0,0,0.00051309,10.736,24.176,79488,90724.0,6.5001,297.89,299.59,1.9174,8.1371,,23,,1.587,0.18947,,,1.8325,0,,0,0,2,81,81,0,81.0,137270.0
146.4,75,100,90,0.0,36.16,7.2155,49.034,100,1.0,0,0.00053104,10.701,24.202,79528,90773.0,6.4991,297.95,321.57,1.9178,8.2403,,23,,1.6056,0.18932,,,1.8329,0,,0,0,2,81,81,0,81.0,137060.0
146.6,75,100,90,0.0,37.055,23.577,4.9034,100,1.0,0,0.00054068,10.693,24.228,79568,90823.0,6.5003,297.9,300.12,1.9183,8.3498,,23,,1.6072,0.18931,,,1.8333,0,,0,0,2,81,81,0,81.0,137190.0
146.8,75,100,90,0.0,37.459,7.073,75.578,100,1.0,0,0.00055238,10.687,24.255,79608,90873.0,6.5009,298.02,346.05,1.9187,8.4581,,23,,1.6025,0.18935,,,1.8338,0,,0,0,2,81,81,0,81.0,137980.0
147.0,75,100,90,0.0,37.617,44.972,7.5578,100,1.0,0,0.00055745,10.688,24.282,79648,90922.0,6.5031,297.95,320.97,1.9192,8.5505,,23,,1.5928,0.18942,,,1.8342,0,,0,0,2,81,81,0,81.0,138440.0
147.2,75,100,90,0.0,36.878,22.074,0.75578,100,1.0,0,0.00053783,10.696,24.308,79688,90972.0,6.5047,297.88,294.88,1.9196,8.6403,,23,,1.5979,0.18938,,,1.8346,0,,0,0,2,81,81,0,81.0,138060.0
147.4,75,100,90,0.0,35.519,6.6222,49.67,100,1.0,0,0.00053892,10.687,24.334,79727,91022.0,6.5047,297.94,317.17,1.92,8.6997,,23,,1.5997,0.18936,,,1.835,0,,0,0,2,81,81,0,81.0,137850.0
147.6,75,100,90,0.0,34.178,1.9867,0.0001,100,1.0,0,0.00050222,10.719,24.36,79767,91071.0,6.5033,297.88,294.85,1.9204,8.7511,,23,,1.6019,0.18935,,,1.8354,0,,0,0,2,81,81,0,81.0,137310.0
147.8,75,100,90,0.0,33.37,0.596,57.527,100,1.0,0,0.00052515,10.673,24.387,79806,91120.0,6.5002,297.96,325.64,1.9208,8.7548,,23,,1.6153,0.18925,,,1.8358,0,,0,0,2,81,81,0,81.0,138100.0
148.0,75,100,90,0.0,33.829,24.289,5.7527,100,1.0,0,0.00052309,10.678,24.414,79845,91169.0,6.4968,297.9,302.7,1.9212,8.7702,,23,,1.6148,0.18925,,,1.8362,0,,0,0,2,81,81,0,81.0,138560.0
148.2,75,100,90,0.0,35.644,7.2867,81.729,100,1.0,0,0.00047503,10.759,24.438,79885,91218.0,6.4963,298.03,351.06,1.9216,8.7786,,23,,1.5961,0.18939,,,1.8365,0,,0,0,2,81,81,0,81.0,139010.0
148.4,75,100,90,0.0,37.649,47.508,8.1729,100,1.0,0,0.00046366,10.781,24.463,79925,91268.0,6.4964,297.95,320.21,1.9219,8.7173,,23,,1.5905,0.18943,,,1.8368,0,,0,0,2,81,81,0,81.0,137960.0
148.6,75,100,90,0.0,39.626,14.253,113.39,100,1.0,0,0.00046935,10.778,24.487,79965,91318.0,6.4963,298.14,393.84,1.9222,8.6246,,23,,1.5925,0.18942,,,1.8371,0,,0,0,2,81,81,0,81.0,138240.0
148.8,75,100,90,0.0,41.622,78.947,11.339,100,1.0,0,0.00045422,10.805,24.511,80006,91369.0,6.4978,298.04,355.73,1.9225,8.5216,,23,,1.5882,0.18945,,,1.8373,0,,0,0,2,81,81,0,81.0,138850.0
149.0,75,100,90,0.0,43.035,48.59,1.1339,100,1.0,0,0.00041427,10.872,24.534,80047,91419.0,6.4999,297.94,315.8,1.9227,8.3965,,23,,1.5677,0.1896,,,1.8376,0,,0,0,2,81,81,0,81.0,138290.0
149.2,75,100,90,0.0,43.589,14.577,67.546,100,1.0,0,0.00038696,10.918,24.555,80088,91470.0,6.5027,298.02,346.21,1.9229,8.2395,,23,,1.5544,0.1897,,,1.8378,0,,0,0,2,81,81,0,81.0,138560.0
149.4,75,100,90,0.0,43.009,40.217,6.7546,100,1.0,0,0.00039899,10.892,24.578,80129,91520.0,6.5025,297.93,313.55,1.9231,8.0544,,23,,1.5621,0.18964,,,1.8379,0,,0,0,2,81,81,0,81.0,139000.0
149.6,75,100,90,0.0,42.53,12.065,99.119,100,1.0,0,0.00042785,10.845,24.601,80170,91571.0,6.5023,298.08,372.72,1.9233,7.8935,,23,,1.5784,0.18952,,,1.8381,0,,0,0,2,81,81,0,81.0,139440.0
149.8,75,100,90,0.0,42.123,63.047,9.9119,100,1.0,0,0.00043238,10.84,24.624,80210,91621.0,6.5029,297.99,334.44,1.9235,7.7732,,23,,1.5792,0.18951,,,1.8383,0,,0,0,2,81,81,0,81.0,138880.0
150.0,75,100,90,0.0,41.481,30.846,0.99119,100,1.0,0,0.00043743,10.849,24.647,80251,91671.0,6.5033,297.89,299.36,1.9237,7.6761,,23,,1.5635,0.18963,,,1.8386,0,,0,0,2,81,81,0,81.0,139320.0
150.2,75,100,90,0.0,40.677,9.2538,54.39,0,0.9,-4000,0.00046263,9.5231,24.677,79576,90902.0,6.5331,297.98,331.56,1.913,7.6106,,23,,1.6489,0.18901,,,1.8282,0,,0,0,2,81,81,0,81.0,139630.0
150.4,75,100,90,0.0,27.859,34.861,5.439,0,0.9,-4000,0.00048105,9.428,24.708,78899,90129.0,6.5466,297.93,313.15,1.8971,7.7475,,23,,1.6738,0.18885,,,1.813,0,,0,0,2,81,81,0,81.0,138940.0
150.6,75,100,90,0.0,9.781,10.458,84.273,0,0.9,-4000,0.00051603,9.3115,24.741,78219,89354.0,6.5359,298.1,376.2,1.881,7.9574,,23,,1.6687,0.18892,,,1.7975,0,,0,0,2,81,81,0,81.0,139100.0
150.8,75,100,90,0.0,0.0,65.743,8.4273,0,0.9,-4000,0.0005738,9.1809,24.777,77537,88576.0,6.5116,298.04,354.39,1.8649,8.2561,,23,,1.6815,0.18885,,,1.782,0,,0,0,2,81,81,0,81.0,139940.0
151.0,75,100,90,0.0,0.0,48.046,0.84273,0,0.9,-4000,0.00057688,9.1551,24.813,76855,87799.0,6.4886,297.98,330.86,1.8488,8.6335,,23,,1.6841,0.18886,,,1.7666,0,,0,0,2,81,81,0,81.0,140940.0
151.2,75,100,90,0.0,5.0583,28.073,0.084273,0,0.9,-4000,0.00062199,9.1155,24.851,76174,87023.0,6.4722,297.93,314.45,1.8328,9.0201,,23,,1.6716,0.18899,,,1.7511,0,,0,0,2,81,81,0,81.0,140950.0
151.4,75,100,90,0.0,16.684,8.422,39.461,0,0.9,-4000,0.00063055,9.1803,24.888,75495,86249.0,6.4707,298.0,339.79,1.8167,9.4122,,23,,1.6223,0.18939,,,1.7357,0,,0,0,2,81,81,0,81.0,140290.0
151.6,75,100,90,0.0,28.858,30.11,3.9461,0,0.9,-4000,0.00065138,9.2038,24.924,74820,85478.0,6.4837,297.96,324.51,1.8007,9.7518,,23,,1.6029,0.18957,,,1.7203,0,,0,0,2,81,81,0,81.0,140130.0
151.8,75,100,90,0.0,35.843,15.021,0.39461,0,0.9,-4000,0.00064139,9.2482,24.961,74145,84708.0,6.5036,297.92,310.39,1.7847,10.031,,23,,1.5755,0.18981,,,1.7049,0,,0,0,2,81,81,0,81.0,139970.0
152.0,75,100,90,0.0,34.9,4.5063,32.583,0,0.9,-4000,0.00061612,9.2873,24.996,73471,83939.0,6.5233,297.97,328.26,1.7686,10.229,,23,,1.5429,0.19009,,,1.6895,0,,0,0,2,81,81,0,81.0,141140.0
152.2,75,100,90,0.0,26.079,19.101,3.2583,0,0.9,0,0.00061602,9.2203,25.032,73490,83967.0,6.5035,297.93,315.9,1.764,10.316,,23,,1.561,0.18996,,,1.6851,0,,0,0,2,81,81,0,81.0,141480.0
152.4,75,100,90,0.0,25.337,5.7302,55.398,0,0.9,0,0.00062668,9.1841,25.069,73508,83995.0,6.4823,298.04,355.12,1.764,10.349,,23,,1.5761,0.18984,,,1.6851,0,,0,0,2,81,81,0,81.0,141820.0
152.6,75,100,90,0.0,32.947,41.755,5.5398,0,0.9,0,0.00063266,9.206,25.105,73528,84025.0,6.4702,297.99,334.59,1.7644,10.337,,23,,1.5723,0.18987,,,1.6854,0,,0,0,2,81,81,0,81.0,142160.0
152.8,75,100,90,0.0,45.374,22.592,0.55398,0,0.9,0,0.00062483,9.2898,25.141,73550,84058.0,6.4719,297.93,315.7,1.7647,10.276,,23,,1.5345,0.19016,,,1.6858,0,,0,0,2,81,81,0,81.0,141160.0
153.0,75,100,90,0.0,57.089,6.7775,37.441,0,0.9,0,0.00064856,9.3131,25.176,73575,84092.0,6.4828,297.99,335.4,1.7651,10.149,,23,,1.5246,0.19023,,,1.6861,0,,0,0,2,81,81,0,81.0,141330.0
153.2,75,100,90,0.0,64.457,23.868,3.7441,0,0.9,0,0.00064945,9.3478,25.211,73601,84129.0,6.4977,297.94,317.43,1.7654,9.9943,,23,,1.5162,0.19029,,,1.6865,0,,0,0,2,81,81,0,81.0,142490.0
153.4,75,100,90,0.0,65.899,7.1605,65.344,0,0.9,0,0.0006286,9.3831,25.245,73628,84165.0,6.5132,298.06,360.37,1.7657,9.8094,,23,,1.5036,0.19039,,,1.6868,0,,0,0,2,81,81,0,81.0,141650.0
153.6,75,100,90,0.0,61.145,47.024,6.5344,0,0.9,0,0.00064856,9.3385,25.281,73653,84201.0,6.5231,297.99,335.91,1.7661,9.5965,,23,,1.4997,0.19042,,,1.6871,0,,0,0,2,81,81,0,81.0,141650.0
153.8,75,100,90,0.0,52.437,24.539,0.65344,0,0.9,0,0.00065394,9.2922,25.317,73677,84234.0,6.5243,297.93,316.1,1.7664,9.412,,23,,1.4956,0.19045,,,1.6874,0,,0,0,2,81,81,0,81.0,143160.0
154.0,75,100,90,0.0,43.274,7.3617,37.135,0,0.9,0,0.0006583,9.2412,25.354,73699,84266.0,6.5153,297.99,336.64,1.7667,9.2678,,23,,1.4993,0.19042,,,1.6877,0,,0,0,2,81,81,0,81.0,142670.0
154.2,75,100,90,0.0,37.701,25.298,3.7135,0,0.9,0,0.00068284,9.1721,25.392,73719,84297.0,6.5,297.95,320.99,1.7671,9.158,,23,,1.5196,0.19027,,,1.688,0,,0,0,2,81,81,0,81.0,142020.0
154.4,75,100,90,0.0,38.252,7.5895,63.332,0,0.9,0,0.00068093,9.1637,25.43,73740,84328.0,6.4851,298.07,365.5,1.7674,9.1175,,23,,1.5339,0.19016,,,1.6884,0,,0,0,2,81,81,0,81.0,143030.0
154.6,75,100,90,0.0,44.714,49.231,6.3332,0,0.9,0,0.00065806,9.2305,25.467,73762,84360.0,6.4792,298.0,340.38,1.7677,9.1011,,23,,1.5079,0.19035,,,1.6887,0,,0,0,2,81,81,0,81.0,142870.0
154.8,75,100,90,0.0,53.545,26.653,0.63332,0,0.9,0,0.00067396,9.2466,25.503,73786,84394.0,6.4808,297.94,318.58,1.7681,9.0818,,23,,1.5057,0.19037,,,1.689,0,,0,0,2,81,81,0,81.0,142710.0
155.0,75,100,90,0.0,61.736,7.996,39.051,0,0.9,0,0.00065816,9.3111,25.539,73811,84430.0,6.4926,298.0,337.84,1.7684,9.0825,,23,,1.487,0.19051,,,1.6893,0,,0,0,2,81,81,0,81.0,144210.0
155.2,75,100,90,0.0,65.197,24.965,3.9051,0,0.9,0,0.00064835,9.3399,25.573,73838,84467.0,6.5068,297.94,317.47,1.7686,9.0685,,23,,1.477,0.19058,,,1.6895,0,,0,0,2,81,81,0,81.0,142710.0
155.4,75,100,90,0.0,62.981,7.4896,67.994,0,0.9,0,0.00067668,9.2979,25.609,73863,84502.0,6.5151,298.07,362.79,1.7689,9.0418,,23,,1.4745,0.1906,,,1.6898,0,,0,0,2,81,81,0,81.0,144040.0
155.6,75,100,90,0.0,57.479,49.568,6.7994,0,0.9,0,0.00069307,9.2616,25.645,73888,84537.0,6.5193,297.99,336.7,1.7692,9.0585,,23,,1.4651,0.19067,,,1.6901,0,,0,0,2,81,81,0,81.0,143880.0
155.8,75,100,90,0.0,50.305,25.788,0.67994,0,0.9,0,0.00072428,9.1736,25.683,73911,84571.0,6.516,297.93,316.05,1.7695,9.1177,,23,,1.4885,0.19049,,,1.6904,0,,0,0,2,81,81,0,81.0,144060.0
156.0,75,100,90,0.0,44.458,7.7364,37.94,0,0.9,0,0.00072294,9.1329,25.722,73933,84603.0,6.5074,297.99,337.23,1.7699,9.2369,1200.8,23,1703.8,1.5031,0.19038,25.573,26.675,1.6907,0,83.716,0,0,2,81,81,0,81.0,144750.0
156.2,75,100,90,0.0,42.03,26.244,3.794,0,0.9,0,0.00069149,9.1516,25.759,73955,84635.0,6.4985,297.94,319.15,1.7702,9.3779,,23,,1.507,0.19035,,,1.691,0,,0,0,2,81,81,0,81.0,144760.0
156.4,75,100,90,0.0,43.165,7.8733,67.689,0,0.9,0,0.00069477,9.1472,25.796,73976,84666.0,6.4907,298.07,365.96,1.7705,9.4868,,23,,1.509,0.19034,,,1.6913,0,,0,0,2,81,81,0,81.0,143930.0
156.6,75,100,90,0.0,47.382,51.452,6.7689,0,0.9,0,0.00073995,9.112,25.835,73999,84699.0,6.4849,298.0,340.09,1.7708,9.5842,,23,,1.5117,0.19032,,,1.6916,0,,0,0,2,81,81,0,81.0,144620.0
156.8,75,100,90,0.0,53.957,28.232,0.67689,0,0.9,0,0.00074746,9.1367,25.873,74023,84733.0,6.4865,297.94,318.55,1.7711,9.7094,,23,,1.5068,0.19035,,,1.6919,0,,0,0,2,81,81,0,81.0,145960.0
157.0,75,100,90,0.0,59.837,8.4696,39.868,0,0.9,0,0.00076394,9.148,25.912,74048,84769.0,6.4919,298.0,340.07,1.7714,9.8191,,23,,1.4989,0.19041,,,1.6922,0,,0,0,2,81,81,0,81.0,145480.0
157.2,75,100,90,0.0,63.567,27.548,3.9868,0,0.9,0,0.00076496,9.1443,25.95,74074,84805.0,6.5032,297.95,321.27,1.7717,9.9165,,23,,1.5099,0.19033,,,1.6925,0,,0,0,2,81,81,0,81.0,145330.0
157.4,75,100,90,0.0,62.795,8.2644,68.571,0,0.9,0,0.00078622,9.1274,25.989,74100,84841.0,6.5139,298.08,368.5,1.7721,9.9895,,23,,1.5031,0.19038,,,1.6928,0,,0,0,2,81,81,0,81.0,145180.0
157.6,75,100,90,0.0,57.736,52.411,6.8571,0,0.9,0,0.00078148,9.1151,26.027,74125,84876.0,6.5216,298.0,340.25,1.7724,10.052,,23,,1.4954,0.19044,,,1.6931,0,,0,0,2,81,81,0,81.0,146700.0
157.8,75,100,90,0.0,49.61,27.192,0.68571,0,0.9,0,0.00080277,9.0333,26.067,74148,84909.0,6.5225,297.94,319.51,1.7727,10.095,,23,,1.5181,0.19027,,,1.6935,0,,0,0,2,81,81,0,81.0,145550.0
158.0,75,100,90,0.0,41.155,8.1576,35.934,0,0.9,0,0.00077019,9.0186,26.107,74170,84941.0,6.5156,298.0,338.95,1.773,10.162,,23,,1.5262,0.1902,,,1.6938,0,,0,0,2,81,81,0,81.0,145740.0
158.2,75,100,90,0.0,35.47,25.272,3.5934,0,0.9,0,0.00080019,8.9417,26.148,74190,84971.0,6.5018,297.95,322.8,1.7734,10.203,,23,,1.5451,0.19006,,,1.6941,0,,0,0,2,81,81,0,81.0,146600.0
158.4,75,100,90,0.0,35.307,9.2399,0.35934,0,0.9,0,0.0008164,8.9229,26.189,74210,85002.0,6.4903,297.92,311.58,1.7737,10.264,,23,,1.5455,0.19006,,,1.6944,0,,0,0,2,81,81,0,81.0,145970.0
158.6,75,100,90,0.0,39.707,2.772,22.898,0,0.9,0,0.0008186,8.9386,26.231,74232,85033.0,6.4835,297.95,323.01,1.7741,10.321,,23,,1.54,0.1901,,,1.6947,0,,0,0,2,81,81,0,81.0,145660.0
158.8,75,100,90,0.0,46.827,11.126,2.2898,0,0.9,0,0.00079631,8.9828,26.27,74254,85066.0,6.4861,297.92,310.72,1.7744,10.364,,23,,1.5433,0.19007,,,1.6951,0,,0,0,2,81,81,0,81.0,147020.0
159.0,75,100,90,0.0,52.872,3.3377,45.445,0,0.9,0,0.00076219,9.0557,26.308,74278,85100.0,6.4952,298.0,339.11,1.7747,10.367,,23,,1.5245,0.19021,,,1.6953,0,,0,0,2,81,81,0,81.0,146370.0
159.2,75,100,90,0.0,55.288,27.964,4.5445,0,0.9,0,0.0007737,9.0539,26.346,74303,85134.0,6.5043,297.95,320.21,1.775,10.311,,23,,1.5197,0.19025,,,1.6956,0,,0,0,2,81,81,0,81.0,146880.0
159.4,75,100,90,0.0,54.072,8.3891,74.336,0,0.9,0,0.00079677,9.0356,26.385,74327,85168.0,6.5124,298.09,373.01,1.7753,10.255,,23,,1.502,0.19038,,,1.6959,0,,0,0,2,81,81,0,81.0,147070.0
159.6,75,100,90,0.0,49.617,57.629,7.4336,0,0.9,0,0.00077829,9.0266,26.424,74350,85201.0,6.5168,298.02,346.88,1.7756,10.201,,23,,1.5052,0.19036,,,1.6962,0,,0,0,2,81,81,0,81.0,147250.0
159.8,75,100,90,0.0,43.426,34.888,0.74336,0,0.9,0,0.00078249,8.9782,26.463,74372,85233.0,6.5152,297.96,324.41,1.7758,10.14,,23,,1.5172,0.19027,,,1.6965,0,,0,0,2,81,81,0,81.0,147600.0
160.0,75,100,90,0.0,37.883,14.589,0.074336,0,0.9,0,0.00077966,8.941,26.503,74393,85263.0,6.5097,297.92,309.69,1.7761,10.1,,23,,1.5302,0.19017,,,1.6967,0,,0,0,2,81,81,0,81.0,148620.0
160.2,75,100,80,0.0,34.52,4.3766,27.789,400,0.9,0,0.00061554,11.185,26.509,74491,85371.0,6.5027,297.91,306.17,1.7763,10.081,,23,,1.0312,0.19391,,,1.6969,0,,0,0,2,81,81,0,81.0,147820.0
160.4,75,100,80,0.0,33.957,1.313,15.573,400,0.9,0,0.00061861,11.178,26.516,74589,85478.0,6.4949,297.87,292.9,1.7764,9.1971,,23,,0.99963,0.19415,,,1.697,0,,0,0,2,81,81,0,81.0,148190.0
160.6,75,100,80,0.0,36.512,0.3939,35.839,400,0.9,0,0.00062336,11.207,26.523,74687,85585.0,6.4908,297.89,298.27,1.7766,8.244,,23,,0.98214,0.19428,,,1.6972,0,,0,0,2,81,81,0,81.0,147390.0
160.8,75,100,80,0.0,40.693,0.11817,9.6086,400,0.9,0,0.00064177,11.217,26.531,74786,85693.0,6.492,297.84,280.12,1.7767,7.2711,,23,,0.98388,0.19427,,,1.6973,0,,0,0,2,81,81,0,81.0,148930.0
161.0,75,100,80,0.0,44.38,0.035451,51.958,400,0.9,0,0.00062587,11.26,26.537,74885,85802.0,6.4967,297.89,300.15,1.7769,6.3415,,23,,0.98359,0.19427,,,1.6974,0,,0,0,2,81,81,0,81.0,147790.0
161.2,75,100,80,0.0,46.216,0.010635,0.0001,400,0.9,0,0.00060499,11.32,26.543,74985,85910.0,6.5022,297.82,273.33,1.777,5.4719,,23,,0.95959,0.19445,,,1.6975,0,,0,0,2,81,81,0,81.0,148150.0
161.4,75,100,80,0.0,45.846,0.0031906,72.902,400,0.9,0,0.00063084,11.277,26.55,75084,86019.0,6.5049,297.92,312.17,1.7771,4.6958,,23,,0.99027,0.19422,,,1.6976,0,,0,0,2,81,81,0,81.0,148350.0
161.6,75,100,80,0.0,44.404,0.00095717,0.0001,400,0.9,0,0.00063633,11.274,26.557,75183,86127.0,6.5071,297.85,285.24,1.7772,4.0801,,23,,0.99852,0.19416,,,1.6978,0,,0,0,2,81,81,0,81.0,148880.0
161.8,75,100,80,0.0,42.1,0.00028715,79.291,400,0.9,0,0.00067473,11.232,26.565,75281,86234.0,6.5079,297.97,329.63,1.7773,3.6265,,23,,1.017,0.19402,,,1.6979,0,,0,0,2,81,81,0,81.0,147590.0
162.0,75,100,80,0.0,39.463,37.142,7.9291,400,0.9,0,0.0006671,11.238,26.573,75379,86341.0,6.5065,297.87,292.67,1.7775,3.3667,,23,,1.0205,0.19399,,,1.698,0,,0,0,2,81,81,0,81.0,147460.0
162.2,75,100,80,0.0,37.397,11.142,124.3,400,0.9,0,0.00066825,11.232,26.581,75476,86447.0,6.5031,298.09,372.1,1.7776,3.2647,,23,,1.0312,0.19391,,,1.6981,0,,0,0,2,81,81,0,81.0,148340.0
162.4,75,100,80,0.0,36.671,82.408,12.43,400,0.9,0,0.00067785,11.22,26.59,75573,86554.0,6.4972,297.94,317.77,1.7777,3.3127,,23,,1.0457,0.1938,,,1.6983,0,,0,0,2,81,81,0,81.0,149050.0
162.6,75,100,80,0.0,38.318,24.722,193.96,400,0.9,0,0.00065773,11.277,26.598,75671,86660.0,6.494,298.31,452.41,1.7778,3.4925,,23,,1.0323,0.1939,,,1.6984,0,,0,0,2,81,81,0,81.0,147920.0
162.8,75,100,80,0.0,41.224,151.0,19.396,400,0.9,0,0.00070141,11.259,26.607,75769,86767.0,6.493,298.08,370.42,1.7779,3.74,,23,,1.0391,0.19385,,,1.6985,0,,0,0,2,81,81,0,81.0,148130.0
163.0,75,100,80,0.0,44.548,82.295,1.9396,400,0.9,0,0.00067484,11.311,26.615,75868,86875.0,6.4959,297.91,306.4,1.7781,4.0858,,23,,1.0397,0.19385,,,1.6986,0,,0,0,2,81,81,0,81.0,148000.0
163.2,75,100,80,0.0,46.694,24.688,96.95,400,0.9,0,0.00066551,11.329,26.622,75967,86983.0,6.5014,298.04,354.51,1.7782,4.4469,,23,,1.061,0.19369,,,1.6987,0,,0,0,2,81,81,0,81.0,147870.0
163.4,75,100,80,0.0,46.643,67.947,9.695,400,0.9,0,0.00067796,11.332,26.63,76067,87092.0,6.507,297.9,303.56,1.7783,4.8031,,23,,1.0621,0.19368,,,1.6988,0,,0,0,2,81,81,0,81.0,149070.0
163.6,75,100,80,0.0,44.348,20.384,162.32,400,0.9,0,0.00067562,11.314,26.637,76165,87199.0,6.5089,298.2,411.88,1.7784,5.1643,,23,,1.096,0.19343,,,1.6989,0,,0,0,2,81,81,0,81.0,148440.0
163.8,75,100,80,0.0,41.327,119.6,16.232,400,0.9,0,0.00065886,11.329,26.645,76264,87307.0,6.5077,298.01,341.86,1.7784,5.5001,,23,,1.0981,0.19341,,,1.6989,0,,0,0,2,81,81,0,81.0,148640.0
164.0,75,100,80,0.0,38.769,58.979,1.6232,400,0.9,0,0.000673,11.311,26.653,76362,87413.0,6.501,297.86,288.2,1.7785,5.7941,,23,,1.1077,0.19334,,,1.699,0,,0,0,2,81,81,0,81.0,148350.0
164.2,75,100,80,0.0,38.892,17.694,83.118,400,0.9,0,0.00064731,11.346,26.661,76460,87520.0,6.497,297.97,327.88,1.7786,6.07,,23,,1.1106,0.19332,,,1.6991,0,,0,0,2,81,81,0,81.0,148050.0
164.4,75,100,80,0.0,40.596,50.709,8.3118,400,0.9,0,0.00066672,11.338,26.669,76558,87627.0,6.4961,297.85,285.59,1.7786,6.2736,,23,,1.1272,0.19319,,,1.6991,0,,0,0,2,81,81,0,81.0,148420.0
164.6,75,100,80,0.0,42.651,15.213,141.46,400,0.9,0,0.00069659,11.34,26.677,76657,87735.0,6.4962,298.1,378.37,1.7787,6.425,,23,,1.1298,0.19317,,,1.6992,0,,0,0,2,81,81,0,81.0,149630.0
164.8,75,100,80,0.0,44.671,97.261,14.146,400,0.9,0,0.0007038,11.365,26.685,76756,87843.0,6.4995,297.94,319.44,1.7788,6.5277,,23,,1.1192,0.19325,,,1.6993,0,,0,0,2,81,81,0,81.0,149170.0
165.0,75,100,80,0.0,45.367,29.178,218.95,400,0.9,0,0.00071093,11.37,26.694,76856,87951.0,6.5038,298.36,474.57,1.7789,6.5832,,23,,1.1278,0.19319,,,1.6994,0,,0,0,2,81,81,0,81.0,149210.0
165.2,75,100,80,0.0,44.38,172.91,21.895,400,0.9,0,0.00070993,11.382,26.702,76955,88059.0,6.5091,298.14,390.7,1.779,6.5918,,23,,1.1285,0.19318,,,1.6995,0,,0,0,2,81,81,0,81.0,148420.0
165.4,75,100,80,0.0,41.261,105.34,2.1895,400,0.9,0,0.0007201,11.372,26.711,77053,88167.0,6.5108,297.95,319.44,1.779,6.549,,23,,1.1363,0.19312,,,1.6995,0,,0,0,2,81,81,0,81.0,149290.0
165.6,75,100,80,0.0,37.476,31.602,117.25,400,0.9,0,0.0007103,11.38,26.719,77151,88273.0,6.5085,298.12,383.7,1.7791,6.4824,,23,,1.1339,0.19314,,,1.6996,0,,0,0,2,81,81,0,81.0,148670.0
165.8,75,100,80,0.0,34.611,90.674,11.725,400,0.9,0,0.00073339,11.358,26.729,77248,88379.0,6.5022,297.97,329.34,1.7792,6.3967,,23,,1.1382,0.19311,,,1.6997,0,,0,0,2,81,81,0,81.0,148380.0
166.0,75,100,80,0.0,34.267,43.41,1.1725,400,0.9,0,0.00074713,11.358,26.739,77345,88485.0,6.4942,297.85,284.96,1.7793,6.3206,,23,,1.143,0.19307,,,1.6998,0,,0,0,2,81,81,0,81.0,149600.0
166.2,75,100,80,0.0,37.122,13.023,71.971,400,0.9,0,0.00075191,11.375,26.749,77443,88591.0,6.4901,297.94,317.16,1.7794,6.2448,,23,,1.149,0.19303,,,1.6998,0,,0,0,2,81,81,0,81.0,148310.0
166.4,75,100,80,0.0,41.58,3.9069,0.0001,400,0.9,0,0.00075588,11.418,26.759,77542,88699.0,6.4919,297.86,288.15,1.7794,6.1671,,23,,1.1334,0.19314,,,1.6999,0,,0,0,2,81,81,0,81.0,148690.0
166.6,75,100,80,0.0,45.32,1.1721,76.419,400,0.9,0,0.00073617,11.476,26.768,77641,88807.0,6.4971,297.97,329.02,1.7795,6.0873,,23,,1.1139,0.19329,,,1.7,0,,0,0,2,81,81,0,81.0,148740.0
166.8,75,100,80,0.0,46.982,34.298,7.6419,400,0.9,0,0.00074189,11.506,26.776,77741,88915.0,6.5031,297.88,295.34,1.7796,5.9907,,23,,1.0947,0.19343,,,1.7001,0,,0,0,2,81,81,0,81.0,148450.0
167.0,75,100,80,0.0,46.266,10.289,112.38,400,0.9,0,0.00073531,11.52,26.785,77840,89023.0,6.5076,298.07,364.69,1.7797,5.9102,,23,,1.0941,0.19344,,,1.7001,0,,0,0,2,81,81,0,81.0,148820.0
167.2,75,100,80,0.0,43.738,70.356,11.238,400,0.9,0,0.00074892,11.513,26.794,77939,89131.0,6.5074,297.95,319.76,1.7797,5.8423,,23,,1.0968,0.19342,,,1.7002,0,,0,0,2,81,81,0,81.0,148700.0
167.4,75,100,80,0.0,41.324,21.107,163.22,400,0.9,0,0.0007362,11.536,26.803,78037,89237.0,6.5056,298.24,430.11,1.7798,5.8062,,23,,1.0891,0.19347,,,1.7002,0,,0,0,2,81,81,0,81.0,149740.0
167.6,75,100,80,0.0,39.596,121.33,16.322,400,0.9,0,0.0007304,11.54,26.812,78135,89344.0,6.5035,298.08,370.56,1.7798,5.7776,,23,,1.0957,0.19342,,,1.7003,0,,0,0,2,81,81,0,81.0,148950.0
167.8,75,100,80,0.0,38.728,73.521,1.6322,400,0.9,0,0.00074347,11.532,26.821,78233,89450.0,6.4996,297.94,317.23,1.7799,5.7578,,23,,1.1005,0.19339,,,1.7003,0,,0,0,2,81,81,0,81.0,149160.0
168.0,75,100,80,0.0,39.401,22.056,88.343,400,0.9,0,0.00078237,11.499,26.832,78331,89557.0,6.4963,298.06,360.77,1.7799,5.7751,1201.5,23,1728.6,1.1237,0.19321,26.794,25.762,1.7004,0,80.709,0,0,2,81,81,0,81.0,149380.0
168.2,75,100,80,0.0,41.415,60.718,8.8343,400,0.9,0,0.0007881,11.52,26.843,78429,89664.0,6.4948,297.94,318.65,1.78,5.8373,,23,,1.123,0.19322,,,1.7005,0,,0,0,2,81,81,0,81.0,149100.0
168.4,75,100,80,0.0,44.011,18.215,134.19,400,0.9,0,0.00079671,11.55,26.854,78528,89772.0,6.4974,298.17,404.11,1.7801,5.9114,,23,,1.1118,0.1933,,,1.7005,0,,0,0,2,81,81,0,81.0,148820.0
168.6,75,100,80,0.0,45.559,94.953,13.419,400,0.9,0,0.00078849,11.572,26.864,78627,89880.0,6.5012,298.03,351.04,1.7802,5.9949,,23,,1.1102,0.19332,,,1.7006,0,,0,0,2,81,81,0,81.0,149200.0
168.8,75,100,80,0.0,45.585,51.28,1.3419,400,0.9,0,0.00080142,11.579,26.876,78726,89987.0,6.5049,297.91,304.83,1.7802,6.0806,,23,,1.1041,0.19336,,,1.7007,0,,0,0,2,81,81,0,81.0,149760.0
169.0,75,100,80,0.0,44.149,15.384,71.154,400,0.9,0,0.00080925,11.588,26.887,78825,90095.0,6.5087,297.99,335.3,1.7803,6.1787,,23,,1.1053,0.19335,,,1.7007,0,,0,0,2,81,81,0,81.0,149310.0
169.2,75,100,80,0.0,41.206,40.552,7.1154,400,0.9,0,0.00081633,11.581,26.898,78923,90202.0,6.5092,297.89,298.69,1.7804,6.2709,,23,,1.1139,0.19329,,,1.7008,0,,0,0,2,81,81,0,81.0,149700.0
169.4,75,100,80,0.0,38.039,12.166,111.08,400,0.9,0,0.00085449,11.543,26.911,79021,90309.0,6.5047,298.07,365.88,1.7804,6.3576,,23,,1.1308,0.19316,,,1.7009,0,,0,0,2,81,81,0,81.0,148930.0
169.6,75,100,80,0.0,36.7,69.776,11.108,400,0.9,0,0.00084964,11.545,26.924,79118,90415.0,6.499,297.95,321.2,1.7805,6.4663,,23,,1.1406,0.19309,,,1.701,0,,0,0,2,81,81,0,81.0,150830.0
169.8,75,100,80,0.0,37.606,30.561,1.1108,400,0.9,0,0.00083305,11.583,26.935,79216,90521.0,6.4964,297.85,283.1,1.7806,6.5728,,23,,1.1352,0.19313,,,1.701,0,,0,0,2,81,81,0,81.0,150550.0
170.0,75,100,80,0.0,39.545,9.1682,60.89,400,0.9,0,0.00082722,11.598,26.947,79314,90628.0,6.4954,297.91,306.88,1.7807,6.6437,,23,,1.1442,0.19306,,,1.7011,0,,0,0,2,81,81,0,81.0,149610.0
170.2,75,100,80,0.0,41.886,2.7505,0.0001,150,0.9,-4000,0.00087901,10.403,26.977,78669,89886.0,6.5235,297.84,280.26,1.7704,6.6912,,23,,1.4444,0.19083,,,1.6913,0,,0,0,2,81,81,0,81.0,149910.0
170.4,75,100,80,0.0,32.924,0.82514,70.525,150,0.9,-4000,0.00091069,10.351,27.008,78021,89141.0,6.5418,297.94,318.37,1.7555,7.1929,,23,,1.4694,0.19067,,,1.6769,0,,0,0,2,81,81,0,81.0,150730.0
170.6,75,100,80,0.0,16.766,0.24754,0.0001,150,0.9,-4000,0.00095594,10.262,27.04,77371,88394.0,6.5376,297.88,295.38,1.7403,7.7554,,23,,1.47,0.19069,,,1.6623,0,,0,0,2,81,81,0,81.0,150550.0
170.8,75,100,80,0.0,2.3151,0.074262,67.242,150,0.9,-4000,0.00096789,10.197,27.074,76718,87644.0,6.5136,297.99,334.39,1.7251,8.363,,23,,1.4755,0.19068,,,1.6477,0,,0,0,2,81,81,0,81.0,150550.0
171.0,75,100,80,0.0,0.0,32.442,6.7242,150,0.9,-4000,0.00098201,10.197,27.108,76065,86894.0,6.488,297.92,308.37,1.7099,8.9679,,23,,1.4543,0.19087,,,1.6332,0,,0,0,2,81,81,0,81.0,150550.0
171.2,75,100,80,0.0,5.3207,9.7327,96.373,150,0.9,-4000,0.001036,10.19,27.143,75413,86144.0,6.4703,298.09,370.49,1.6948,9.5216,,23,,1.444,0.19098,,,1.6186,0,,0,0,2,81,81,0,81.0,150380.0
171.4,75,100,80,0.0,17.698,65.93,9.6373,150,0.9,-4000,0.0011088,10.205,27.178,74763,85398.0,6.4676,297.99,334.79,1.6797,10.003,,23,,1.4236,0.19116,,,1.6041,0,,0,0,2,81,81,0,81.0,150550.0
171.6,75,100,80,0.0,31.115,33.908,0.96373,150,0.9,-4000,0.0011445,10.277,27.213,74117,84655.0,6.4823,297.9,301.53,1.6646,10.408,,23,,1.3776,0.19153,,,1.5896,0,,0,0,2,81,81,0,81.0,151210.0
171.8,75,100,80,0.0,38.653,10.172,57.712,150,0.9,-4000,0.0011564,10.323,27.247,73472,83913.0,6.506,297.97,326.93,1.6495,10.697,,23,,1.3463,0.1918,,,1.5752,0,,0,0,2,81,81,0,81.0,151880.0
172.0,75,100,80,0.0,36.738,31.647,5.7712,150,0.9,-4000,0.0011877,10.316,27.282,72827,83171.0,6.5282,297.89,298.41,1.6345,10.857,,23,,1.3183,0.19204,,,1.5607,0,,0,0,2,81,81,0,81.0,152210.0
172.2,75,100,80,0.0,25.993,9.494,96.349,150,0.9,0,0.0011902,10.264,27.318,72873,83226.0,6.5084,298.06,360.1,1.6301,10.921,,23,,1.3216,0.19202,,,1.5565,0,,0,0,2,81,81,0,81.0,151220.0
172.4,75,100,80,0.0,23.291,66.505,9.6349,150,0.9,0,0.001233,10.213,27.355,72919,83281.0,6.4858,297.96,324.52,1.6301,10.911,,23,,1.3365,0.19191,,,1.5565,0,,0,0,2,81,81,0,81.0,152230.0
172.6,75,100,80,0.0,29.494,32.604,0.96349,150,0.9,0,0.0012393,10.232,27.392,72967,83338.0,6.4722,297.87,293.3,1.6303,10.873,,23,,1.3398,0.19189,,,1.5567,0,,0,0,2,81,81,0,81.0,151240.0
172.8,75,100,80,0.0,41.112,9.7811,59.356,150,0.9,0,0.0012293,10.297,27.428,73017,83397.0,6.473,297.95,321.37,1.6305,10.774,,23,,1.324,0.192,,,1.557,0,,0,0,2,81,81,0,81.0,152410.0
173.0,75,100,80,0.0,52.377,33.212,5.9356,150,0.9,0,0.001241,10.344,27.463,73069,83458.0,6.4841,297.87,292.42,1.6308,10.597,,23,,1.3054,0.19214,,,1.5572,0,,0,0,2,81,81,0,81.0,151920.0
173.2,75,100,80,0.0,59.212,9.9636,103.75,150,0.9,0,0.0012089,10.418,27.497,73122,83520.0,6.5001,298.06,358.19,1.631,10.388,,23,,1.2721,0.19239,,,1.5575,0,,0,0,2,81,81,0,81.0,152250.0
173.4,75,100,80,0.0,59.685,70.144,10.375,150,0.9,0,0.0011997,10.43,27.531,73175,83583.0,6.5151,297.94,317.26,1.6313,10.126,,23,,1.2641,0.19245,,,1.5577,0,,0,0,2,81,81,0,81.0,152580.0
173.6,75,100,80,0.0,54.162,21.043,163.46,150,0.9,0,0.0012582,10.351,27.567,73227,83644.0,6.5249,298.27,432.97,1.6315,9.8504,,23,,1.2858,0.19229,,,1.5579,0,,0,0,2,81,81,0,81.0,153080.0
173.8,75,100,80,0.0,44.74,132.87,16.346,150,0.9,0,0.0012278,10.33,27.603,73278,83703.0,6.5254,298.1,373.79,1.6318,9.6406,,23,,1.2884,0.19227,,,1.5582,0,,0,0,2,81,81,0,81.0,152920.0
174.0,75,100,80,0.0,35.141,82.657,1.6346,150,0.9,0,0.0012033,10.316,27.64,73326,83760.0,6.517,297.96,322.41,1.632,9.4579,,23,,1.2747,0.19237,,,1.5584,0,,0,0,2,81,81,0,81.0,153260.0
174.2,75,100,80,0.0,28.87,37.539,0.16346,150,0.9,0,0.0012343,10.265,27.678,73373,83817.0,6.5024,297.86,288.0,1.6323,9.3235,,23,,1.2834,0.19231,,,1.5586,0,,0,0,2,81,81,0,81.0,154450.0
174.4,75,100,80,0.0,28.441,11.262,58.656,150,0.9,0,0.0012624,10.244,27.716,73420,83873.0,6.4876,297.94,316.97,1.6325,9.2788,,23,,1.2931,0.19223,,,1.5589,0,,0,0,2,81,81,0,81.0,153960.0
174.6,75,100,80,0.0,33.93,3.3785,0.0001,150,0.9,0,0.0011884,10.324,27.752,73468,83930.0,6.4832,297.88,294.4,1.6328,9.2891,,23,,1.2758,0.19236,,,1.5591,0,,0,0,2,81,81,0,81.0,154800.0
174.8,75,100,80,0.0,41.122,1.0136,67.626,150,0.9,0,0.0012187,10.327,27.789,73517,83988.0,6.4868,297.99,333.23,1.633,9.2853,,23,,1.2833,0.19231,,,1.5593,0,,0,0,2,81,81,0,81.0,153650.0
175.0,75,100,80,0.0,46.904,34.686,6.7626,150,0.9,0,0.0012294,10.34,27.825,73568,84048.0,6.4948,297.91,304.64,1.6333,9.3102,,23,,1.2844,0.1923,,,1.5596,0,,0,0,2,81,81,0,81.0,154320.0
175.2,75,100,80,0.0,49.479,10.406,105.15,150,0.9,0,0.0012129,10.372,27.861,73619,84108.0,6.5061,298.1,372.48,1.6335,9.3554,,23,,1.2762,0.19236,,,1.5598,0,,0,0,2,81,81,0,81.0,154490.0
175.4,75,100,80,0.0,47.529,73.455,10.515,150,0.9,0,0.0012023,10.392,27.896,73669,84168.0,6.5159,297.99,332.78,1.6337,9.3935,,23,,1.2582,0.19249,,,1.56,0,,0,0,2,81,81,0,81.0,154330.0
175.6,75,100,80,0.0,41.675,37.079,1.0515,150,0.9,0,0.0012348,10.345,27.933,73719,84227.0,6.5177,297.89,299.8,1.634,9.4358,,23,,1.2639,0.19245,,,1.5602,0,,0,0,2,81,81,0,81.0,154170.0
175.8,75,100,80,0.0,35.125,11.124,58.531,150,0.9,0,0.0012368,10.318,27.97,73767,84284.0,6.5122,297.97,327.77,1.6342,9.5183,,23,,1.271,0.1924,,,1.5605,0,,0,0,2,81,81,0,81.0,155850.0
176.0,75,100,80,0.0,30.772,34.927,5.8531,150,0.9,0,0.0012451,10.292,28.008,73815,84341.0,6.501,297.89,300.62,1.6344,9.6183,,23,,1.2766,0.19235,,,1.5607,0,,0,0,2,81,81,0,81.0,154200.0
176.2,75,100,80,0.0,30.9,10.478,98.558,150,0.9,0,0.0012021,10.317,28.044,73862,84397.0,6.4901,298.07,364.35,1.6347,9.7382,,23,,1.2769,0.19235,,,1.5609,0,,0,0,2,81,81,0,81.0,155040.0
176.4,75,100,80,0.0,35.395,68.867,9.8558,150,0.9,0,0.001149,10.382,28.078,73910,84455.0,6.486,297.97,326.21,1.6349,9.8317,,23,,1.2694,0.19241,,,1.5611,0,,0,0,2,81,81,0,81.0,155700.0
176.6,75,100,80,0.0,41.508,33.345,0.98558,150,0.9,0,0.0012183,10.364,28.113,73960,84513.0,6.4879,297.87,292.59,1.6351,9.8517,,23,,1.2756,0.19236,,,1.5613,0,,0,0,2,81,81,0,81.0,155040.0
176.8,75,100,80,0.0,46.842,10.004,60.411,150,0.9,0,0.0012326,10.373,28.149,74010,84573.0,6.4943,297.95,321.02,1.6353,9.8905,,23,,1.2767,0.19235,,,1.5615,0,,0,0,2,81,81,0,81.0,155380.0
177.0,75,100,80,0.0,49.645,33.415,6.0411,150,0.9,0,0.0012433,10.378,28.184,74062,84634.0,6.5024,297.87,291.57,1.6355,9.9272,,23,,1.2747,0.19237,,,1.5618,0,,0,0,2,81,81,0,81.0,156210.0
177.2,75,100,80,0.0,49.218,10.024,104.19,150,0.9,0,0.0012635,10.394,28.22,74113,84694.0,6.5108,298.06,358.97,1.6358,9.9578,,23,,1.2488,0.19256,,,1.562,0,,0,0,2,81,81,0,81.0,156550.0
177.4,75,100,80,0.0,45.42,70.845,10.419,150,0.9,0,0.0012425,10.388,28.256,74163,84754.0,6.5156,297.94,318.37,1.636,9.9786,,23,,1.2495,0.19255,,,1.5622,0,,0,0,2,81,81,0,81.0,156220.0
177.6,75,100,80,0.0,39.691,21.253,163.17,150,0.9,0,0.0012684,10.343,28.292,74212,84812.0,6.5133,298.27,434.78,1.6363,9.9876,,23,,1.2575,0.19249,,,1.5624,0,,0,0,2,81,81,0,81.0,157230.0
177.8,75,100,80,0.0,34.906,132.31,16.317,150,0.9,0,0.0012548,10.328,28.329,74260,84869.0,6.5055,298.1,372.58,1.6365,10.022,,23,,1.2656,0.19243,,,1.5627,0,,0,0,2,81,81,0,81.0,156570.0
178.0,75,100,80,0.0,33.251,80.036,1.6317,150,0.9,0,0.001234,10.342,28.365,74308,84927.0,6.4973,297.95,318.79,1.6367,10.042,,23,,1.2544,0.19252,,,1.5629,0,,0,0,2,81,81,0,81.0,156250.0
178.2,75,100,80,0.0,34.862,24.011,92.417,150,0.9,0,0.0012418,10.343,28.401,74357,84984.0,6.4916,298.09,370.55,1.637,10.055,,23,,1.2584,0.19248,,,1.5631,0,,0,0,2,81,81,0,81.0,157090.0
178.4,75,100,80,0.0,38.752,72.935,9.2417,150,0.9,0,0.0012257,10.384,28.437,74406,85042.0,6.4925,297.97,327.64,1.6372,10.057,,23,,1.2477,0.19257,,,1.5633,0,,0,0,2,81,81,0,81.0,158260.0
178.6,75,100,80,0.0,42.243,33.969,0.92417,150,0.9,0,0.0012529,10.377,28.472,74455,85101.0,6.4975,297.87,292.47,1.6374,10.024,,23,,1.256,0.1925,,,1.5636,0,,0,0,2,81,81,0,81.0,157590.0
178.8,75,100,80,0.0,43.763,10.191,58.873,150,0.9,0,0.0012528,10.396,28.507,74505,85160.0,6.5028,297.95,319.45,1.6377,9.9861,,23,,1.2449,0.19258,,,1.5638,0,,0,0,2,81,81,0,81.0,157590.0
179.0,75,100,80,0.0,43.162,3.0572,0.0001,150,0.9,0,0.0011945,10.437,28.541,74555,85219.0,6.5074,297.88,295.59,1.6379,9.9379,,23,,1.2334,0.19267,,,1.564,0,,0,0,2,81,81,0,81.0,156760.0
179.2,75,100,80,0.0,40.706,0.91716,65.43,150,0.9,0,0.0011988,10.399,28.575,74604,85278.0,6.5093,297.98,331.77,1.6381,9.8587,,23,,1.2605,0.19247,,,1.5642,0,,0,0,2,81,81,0,81.0,158250.0
179.4,75,100,80,0.0,37.521,31.686,6.543,150,0.9,0,0.0012313,10.352,28.61,74653,85336.0,6.5057,297.9,303.44,1.6383,9.772,,23,,1.285,0.19228,,,1.5644,0,,0,0,2,81,81,0,81.0,157590.0
179.6,75,100,80,0.0,35.785,9.5058,99.753,150,0.9,0,0.0012285,10.349,28.645,74701,85393.0,6.501,298.08,367.67,1.6385,9.7017,,23,,1.2853,0.19228,,,1.5646,0,,0,0,2,81,81,0,81.0,157420.0
179.8,75,100,80,0.0,35.909,68.004,9.9753,150,0.9,0,0.0012382,10.341,28.68,74750,85451.0,6.4957,297.97,327.6,1.6387,9.6487,,23,,1.2872,0.19227,,,1.5648,0,,0,0,2,81,81,0,81.0,158260.0
180.0,75,100,80,0.0,38.155,31.37,0.99753,150,0.9,0,0.0012305,10.371,28.715,74799,85509.0,6.4933,297.88,294.01,1.6389,9.6155,1201.3,23,1755.0,1.2708,0.19239,28.575,25.122,1.565,0,78.645,0,0,2,81,81,0,81.0,159260.0
180.2,75,100,80,0.0,41.35,9.4109,56.015,150,0.9,0,0.0012109,10.403,28.749,74848,85567.0,6.4952,297.95,318.38,1.6392,9.5837,,23,,1.2617,0.19246,,,1.5652,0,,0,0,2,81,81,0,81.0,158760.0
180.4,75,100,80,0.0,43.761,2.8233,0.0001,150,0.9,0,0.0011768,10.444,28.783,74898,85626.0,6.4999,297.88,294.33,1.6394,9.5413,,23,,1.248,0.19256,,,1.5654,0,,0,0,2,81,81,0,81.0,158750.0
180.6,75,100,80,0.0,44.296,0.84698,64.002,150,0.9,0,0.0011738,10.459,28.816,74948,85686.0,6.505,297.97,328.56,1.6395,9.4754,,23,,1.2351,0.19266,,,1.5656,0,,0,0,2,81,81,0,81.0,158910.0
180.8,75,100,80,0.0,42.829,29.465,6.4002,150,0.9,0,0.0012175,10.414,28.851,74997,85744.0,6.507,297.9,301.04,1.6397,9.4279,,23,,1.2477,0.19256,,,1.5658,0,,0,0,2,81,81,0,81.0,159080.0
181.0,75,100,80,0.0,40.559,8.8394,96.56,150,0.9,0,0.0012232,10.405,28.886,75047,85803.0,6.5068,298.07,362.37,1.6399,9.4395,,23,,1.2426,0.1926,,,1.566,0,,0,0,2,81,81,0,81.0,160080.0
181.2,75,100,80,0.0,38.378,64.023,9.656,150,0.9,0,0.0012136,10.385,28.921,75095,85861.0,6.5037,297.96,323.51,1.6401,9.4738,,23,,1.2618,0.19245,,,1.5662,0,,0,0,2,81,81,0,81.0,159580.0
181.4,75,100,80,0.0,37.444,28.224,0.9656,150,0.9,0,0.0012145,10.383,28.956,75144,85919.0,6.499,297.87,291.32,1.6403,9.5255,,23,,1.2619,0.19245,,,1.5664,0,,0,0,2,81,81,0,81.0,160250.0
181.6,75,100,80,0.0,38.382,8.4673,53.968,150,0.9,0,0.0012481,10.372,28.992,75193,85977.0,6.495,297.94,315.1,1.6406,9.5886,,23,,1.2651,0.19243,,,1.5666,0,,0,0,2,81,81,0,81.0,160090.0
181.8,75,100,80,0.0,40.904,2.5402,0.0001,150,0.9,0,0.0012613,10.371,29.027,75242,86035.0,6.4937,297.87,292.83,1.6408,9.6669,,23,,1.2689,0.1924,,,1.5668,0,,0,0,2,81,81,0,81.0,159590.0
182.0,75,100,80,0.0,43.95,0.76206,62.426,150,0.9,0,0.0012429,10.394,29.062,75292,86095.0,6.4935,297.97,326.9,1.641,9.7509,,23,,1.2689,0.1924,,,1.567,0,,0,0,2,81,81,0,81.0,160590.0
182.2,75,100,80,0.0,47.061,28.893,6.2426,150,0.9,0,0.0012927,10.375,29.097,75343,86155.0,6.4951,297.89,298.83,1.6412,9.8233,,23,,1.2719,0.19238,,,1.5672,0,,0,0,2,81,81,0,81.0,161430.0
182.4,75,100,80,0.0,49.54,8.668,97.302,150,0.9,0,0.0013406,10.362,29.134,75394,86215.0,6.4986,298.06,361.67,1.6415,9.9076,,23,,1.2657,0.19242,,,1.5675,0,,0,0,2,81,81,0,81.0,159940.0
182.6,75,100,80,0.0,50.633,64.795,9.7302,150,0.9,0,0.0013734,10.355,29.171,75445,86276.0,6.5024,297.96,322.36,1.6418,10.006,,23,,1.2644,0.19243,,,1.5677,0,,0,0,2,81,81,0,81.0,161280.0
182.8,75,100,80,0.0,50.196,28.624,0.97302,150,0.9,0,0.0013737,10.336,29.208,75496,86337.0,6.5055,297.87,291.01,1.642,10.103,,23,,1.2808,0.19231,,,1.568,0,,0,0,2,81,81,0,81.0,160460.0
183.0,75,100,80,0.0,48.525,8.5872,53.466,150,0.9,0,0.0013742,10.327,29.245,75547,86398.0,6.5077,297.94,315.41,1.6423,10.19,,23,,1.2855,0.19227,,,1.5683,0,,0,0,2,81,81,0,81.0,160640.0
183.2,75,100,80,0.0,45.952,2.5762,0.0001,150,0.9,0,0.001395,10.296,29.283,75597,86458.0,6.507,297.88,294.84,1.6426,10.272,,23,,1.2953,0.1922,,,1.5686,0,,0,0,2,81,81,0,81.0,161490.0
183.4,75,100,80,0.0,43.677,0.77285,60.166,150,0.9,0,0.0013745,10.301,29.32,75647,86517.0,6.5058,297.97,328.95,1.6429,10.359,,23,,1.2991,0.19217,,,1.5688,0,,0,0,2,81,81,0,81.0,162330.0
183.6,75,100,80,0.0,41.874,28.962,6.0166,150,0.9,0,0.0013192,10.325,29.357,75697,86577.0,6.504,297.9,302.78,1.6432,10.413,,23,,1.294,0.19221,,,1.5691,0,,0,0,2,81,81,0,81.0,161340.0
183.8,75,100,80,0.0,40.779,8.6887,93.39,150,0.9,0,0.0012858,10.355,29.393,75746,86635.0,6.504,298.07,362.41,1.6434,10.436,,23,,1.2792,0.19232,,,1.5693,0,,0,0,2,81,81,0,81.0,162180.0
184.0,75,100,80,0.0,39.693,61.869,9.339,150,0.9,0,0.0012393,10.384,29.428,75795,86694.0,6.5036,297.96,324.75,1.6436,10.416,,23,,1.278,0.19232,,,1.5695,0,,0,0,2,81,81,0,81.0,162180.0
184.2,75,100,80,0.0,38.766,27.562,0.9339,150,0.9,0,0.0012512,10.374,29.463,75844,86752.0,6.503,297.88,293.87,1.6439,10.335,,23,,1.2753,0.19234,,,1.5697,0,,0,0,2,81,81,0,81.0,162850.0
184.4,75,100,80,0.0,38.069,8.2686,51.531,150,0.9,0,0.0011939,10.413,29.497,75893,86810.0,6.5019,297.94,315.14,1.644,10.27,,23,,1.2724,0.19237,,,1.5699,0,,0,0,2,81,81,0,81.0,161340.0
184.6,75,100,80,0.0,37.851,2.4806,0.0001,150,0.9,0,0.0011808,10.423,29.53,75942,86868.0,6.4992,297.87,291.99,1.6442,10.161,,23,,1.2717,0.19237,,,1.5701,0,,0,0,2,81,81,0,81.0,163010.0
184.8,75,100,80,0.0,38.68,0.74417,61.375,150,0.9,0,0.0012032,10.407,29.564,75991,86927.0,6.4973,297.96,325.04,1.6444,10.039,,23,,1.2776,0.19233,,,1.5703,0,,0,0,2,81,81,0,81.0,162170.0
185.0,75,100,80,0.0,40.264,27.555,6.1375,150,0.9,0,0.0012351,10.404,29.598,76040,86985.0,6.4973,297.89,297.89,1.6446,9.9273,,23,,1.2725,0.19236,,,1.5704,0,,0,0,2,81,81,0,81.0,163500.0
185.2,75,100,80,0.0,41.849,8.2664,94.479,150,0.9,0,0.0012584,10.412,29.633,76089,87044.0,6.4994,298.05,357.84,1.6448,9.8392,,23,,1.2585,0.19247,,,1.5706,0,,0,0,2,81,81,0,81.0,163330.0
185.4,75,100,80,0.0,42.62,60.997,9.4479,150,0.9,0,0.0012831,10.391,29.668,76139,87103.0,6.5027,297.95,322.07,1.645,9.7705,,23,,1.268,0.1924,,,1.5708,0,,0,0,2,81,81,0,81.0,163830.0
185.6,75,100,80,0.0,42.072,28.142,0.94479,150,0.9,0,0.0012891,10.392,29.703,76188,87162.0,6.5055,297.87,291.89,1.6452,9.7323,,23,,1.2614,0.19245,,,1.571,0,,0,0,2,81,81,0,81.0,163500.0
185.8,75,100,80,0.0,40.395,8.4427,53.853,150,0.9,0,0.0012778,10.387,29.737,76237,87221.0,6.5065,297.94,316.23,1.6454,9.721,,23,,1.2665,0.19241,,,1.5713,0,,0,0,2,81,81,0,81.0,164000.0
186.0,75,100,80,0.0,38.325,2.5328,0.0001,150,0.9,0,0.0013201,10.345,29.773,76286,87279.0,6.5042,297.88,295.21,1.6457,9.7276,,23,,1.2832,0.19228,,,1.5715,0,,0,0,2,81,81,0,81.0,164340.0
186.2,75,100,80,0.0,37.166,0.75984,59.823,150,0.9,0,0.0013323,10.324,29.809,76335,87337.0,6.501,297.97,328.89,1.6459,9.7798,,23,,1.2954,0.19219,,,1.5717,0,,0,0,2,81,81,0,81.0,163680.0
186.4,75,100,80,0.0,37.285,28.309,5.9823,150,0.9,0,0.0013763,10.301,29.846,76383,87395.0,6.4977,297.9,303.6,1.6462,9.8639,,23,,1.2974,0.19217,,,1.572,0,,0,0,2,81,81,0,81.0,164020.0
186.6,75,100,80,0.0,38.716,8.4926,90.793,150,0.9,0,0.001378,10.312,29.882,76432,87454.0,6.496,298.06,362.42,1.6464,9.9706,,23,,1.2949,0.19219,,,1.5722,0,,0,0,2,81,81,0,81.0,163530.0
186.8,75,100,80,0.0,40.815,60.458,9.0793,150,0.9,0,0.0013599,10.325,29.918,76481,87513.0,6.4986,297.98,329.61,1.6467,10.077,,23,,1.3013,0.19214,,,1.5725,0,,0,0,2,81,81,0,81.0,165030.0
187.0,75,100,80,0.0,41.865,31.003,0.90793,150,0.9,0,0.0013517,10.327,29.953,76531,87572.0,6.5019,297.89,299.77,1.6469,10.167,,23,,1.3123,0.19206,,,1.5727,0,,0,0,2,81,81,0,81.0,164200.0
187.2,75,100,80,0.0,41.628,9.3009,54.104,150,0.9,0,0.0012875,10.362,29.988,76580,87631.0,6.5056,297.96,324.17,1.6472,10.252,,23,,1.3126,0.19206,,,1.5729,0,,0,0,2,81,81,0,81.0,164370.0
187.4,75,100,80,0.0,39.917,28.725,5.4104,150,0.9,0,0.0012468,10.379,30.021,76629,87689.0,6.5077,297.89,298.17,1.6474,10.297,,23,,1.3186,0.19201,,,1.5731,0,,0,0,2,81,81,0,81.0,165030.0
187.6,75,100,80,0.0,37.357,8.6174,88.252,150,0.9,0,0.0012244,10.389,30.054,76678,87747.0,6.5055,298.04,352.81,1.6476,10.292,,23,,1.3086,0.19209,,,1.5733,0,,0,0,2,81,81,0,81.0,164350.0
187.8,75,100,80,0.0,35.7,55.964,8.8252,150,0.9,0,0.0012605,10.357,30.088,76726,87805.0,6.5003,297.95,319.94,1.6478,10.259,,23,,1.3086,0.19209,,,1.5735,0,,0,0,2,81,81,0,81.0,164850.0
188.0,75,100,80,0.0,36.097,16.789,129.67,150,0.9,0,0.0012711,10.356,30.122,76774,87863.0,6.4953,298.19,409.03,1.648,10.248,,23,,1.3085,0.19209,,,1.5737,0,,0,0,2,81,81,0,81.0,164510.0
188.2,75,100,80,0.0,38.503,98.504,12.967,150,0.9,0,0.0012204,10.424,30.153,76823,87921.0,6.4944,298.07,363.6,1.6482,10.234,,23,,1.2819,0.19229,,,1.5739,0,,0,0,2,81,81,0,81.0,164500.0
188.4,75,100,80,0.0,41.264,61.541,1.2967,150,0.9,0,0.0011752,10.461,30.184,76872,87980.0,6.497,297.95,320.51,1.6483,10.16,,23,,1.2821,0.19228,,,1.574,0,,0,0,2,81,81,0,81.0,165480.0
188.6,75,100,80,0.0,42.963,24.902,0.12967,150,0.9,0,0.0011209,10.499,30.214,76922,88038.0,6.5023,297.86,287.58,1.6485,10.034,,23,,1.2803,0.1923,,,1.5742,0,,0,0,2,81,81,0,81.0,165620.0
188.8,75,100,80,0.0,42.54,7.4706,50.02,150,0.9,0,0.0011059,10.519,30.242,76971,88097.0,6.5075,297.91,305.74,1.6486,9.8709,,23,,1.27,0.19238,,,1.5743,0,,0,0,2,81,81,0,81.0,165420.0
189.0,75,100,80,0.0,40.059,2.2412,0.0001,150,0.9,0,0.0011315,10.499,30.272,77020,88155.0,6.5106,297.85,281.53,1.6487,9.6982,,23,,1.2644,0.19242,,,1.5744,0,,0,0,2,81,81,0,81.0,165890.0
189.2,75,100,80,0.0,36.353,0.67235,64.791,150,0.9,0,0.0011587,10.449,30.302,77069,88213.0,6.5076,297.94,317.06,1.6489,9.5466,,23,,1.2854,0.19226,,,1.5746,0,,0,0,2,81,81,0,81.0,166040.0
189.4,75,100,80,0.0,33.87,0.20171,0.0001,150,0.9,0,0.0011538,10.439,30.332,77116,88270.0,6.5024,297.88,294.68,1.6491,9.4255,,23,,1.2916,0.19221,,,1.5747,0,,0,0,2,81,81,0,81.0,167010.0
189.6,75,100,80,0.0,33.452,0.060512,65.833,150,0.9,0,0.0011232,10.464,30.361,77164,88327.0,6.498,297.98,330.89,1.6492,9.3317,,23,,1.2892,0.19223,,,1.5749,0,,0,0,2,81,81,0,81.0,166490.0
189.8,75,100,80,0.0,34.757,29.605,6.5833,150,0.9,0,0.001122,10.454,30.39,77212,88384.0,6.496,297.9,302.53,1.6493,9.246,,23,,1.3023,0.19213,,,1.575,0,,0,0,2,81,81,0,81.0,167630.0
190.0,75,100,80,0.0,36.866,8.8815,96.236,150,0.9,0,0.001091,10.481,30.418,77260,88441.0,6.4965,298.06,361.68,1.6495,9.1862,,23,,1.3034,0.19212,,,1.5751,0,,0,0,2,81,81,0,81.0,166760.0
190.2,75,100,80,0.0,38.79,60.511,9.6236,150,0.9,-4000,0.0011182,10.482,30.447,76616,87699.0,6.5269,297.96,322.53,1.6397,9.1305,,23,,1.2865,0.19227,,,1.5657,0,,0,0,2,81,81,0,81.0,167400.0
190.4,75,100,80,0.0,28.464,25.249,0.96236,150,0.9,-4000,0.0011326,10.448,30.477,75970,86954.0,6.5429,297.87,291.22,1.6256,9.0998,,23,,1.2707,0.19242,,,1.5522,0,,0,0,2,81,81,0,81.0,167210.0
190.6,75,100,80,0.0,11.851,7.5746,50.26,150,0.9,-4000,0.0011514,10.356,30.508,75321,86207.0,6.5327,297.93,313.1,1.6112,9.0799,,23,,1.2825,0.19235,,,1.5384,0,,0,0,2,81,81,0,81.0,166850.0
190.8,75,100,80,0.0,0.0,2.2724,0.0001,150,0.9,-4000,0.0011865,10.279,30.54,74669,85457.0,6.5032,297.88,293.52,1.5969,9.1068,,23,,1.2854,0.19236,,,1.5247,0,,0,0,2,81,81,0,81.0,167180.0
191.0,75,100,80,0.0,0.0,0.68172,58.175,150,0.9,-4000,0.0012383,10.257,30.573,74018,84707.0,6.4752,297.97,327.41,1.5826,9.174,,23,,1.2717,0.19249,,,1.5109,0,,0,0,2,81,81,0,81.0,167170.0
191.2,75,100,80,0.0,10.441,29.031,5.8175,150,0.9,-4000,0.0012446,10.332,30.605,73369,83960.0,6.4648,297.9,303.58,1.5683,9.2654,,23,,1.2231,0.19289,,,1.4972,0,,0,0,2,81,81,0,81.0,168160.0
191.4,75,100,80,0.0,24.978,8.7092,91.931,150,0.9,-4000,0.0012548,10.414,30.636,72723,83215.0,6.4752,298.07,362.07,1.554,9.3235,,23,,1.1853,0.1932,,,1.4835,0,,0,0,2,81,81,0,81.0,167800.0
191.6,75,100,80,0.0,35.347,62.829,9.1931,150,0.9,-4000,0.0012763,10.463,30.666,72079,82472.0,6.5006,297.97,327.97,1.5397,9.3182,,23,,1.1591,0.19342,,,1.4698,0,,0,0,2,81,81,0,81.0,168450.0
191.8,75,100,80,0.0,35.593,30.548,0.91931,150,0.9,-4000,0.0012991,10.441,30.697,71435,81730.0,6.5259,297.88,297.1,1.5254,9.2704,,23,,1.1662,0.1934,,,1.4561,0,,0,0,2,81,81,0,81.0,168590.0
192.0,75,100,80,0.0,25.759,9.1643,56.249,150,0.9,-4000,0.0012724,10.437,30.727,70789,80985.0,6.5388,297.96,323.31,1.5111,9.2097,1199.2,23,1792.5,1.1474,0.19357,30.605,24.806,1.4424,0,80.136,0,0,2,81,81,0,81.0,169070.0
192.2,75,100,80,0.0,10.801,31.783,5.6249,150,0.9,0,0.0012381,10.37,30.757,70833,81037.0,6.4997,297.89,298.18,1.507,9.1149,,23,,1.1731,0.19338,,,1.4385,0,,0,0,2,81,81,0,81.0,169220.0
192.4,75,100,80,0.0,11.602,9.5349,95.689,150,0.9,0,0.0012688,10.353,30.788,70876,81090.0,6.4656,298.07,360.95,1.507,9.0293,,23,,1.1802,0.19333,,,1.4385,0,,0,0,2,81,81,0,81.0,168530.0
192.6,75,100,80,0.0,25.867,69.085,9.5689,150,0.9,0,0.001279,10.393,30.818,70923,81145.0,6.4546,297.96,324.55,1.5072,8.9529,,23,,1.1914,0.19324,,,1.4387,0,,0,0,2,81,81,0,81.0,168340.0
192.8,75,100,80,0.0,44.489,33.646,0.95689,150,0.9,0,0.00131,10.462,30.846,70973,81204.0,6.4671,297.87,292.64,1.5074,8.8643,,23,,1.1813,0.19332,,,1.4388,0,,0,0,2,81,81,0,81.0,168980.0
193.0,75,100,80,0.0,58.091,10.094,60.993,150,0.9,0,0.0013042,10.536,30.873,71026,81266.0,6.4885,297.95,320.51,1.5076,8.7598,,23,,1.1698,0.1934,,,1.439,0,,0,0,2,81,81,0,81.0,169270.0
193.2,75,100,80,0.0,63.183,33.949,6.0993,150,0.9,0,0.0012631,10.584,30.899,71080,81329.0,6.5121,297.87,292.04,1.5078,8.6297,,23,,1.1671,0.19342,,,1.4392,0,,0,0,2,81,81,0,81.0,169230.0
193.4,75,100,80,0.0,58.849,10.185,105.47,150,0.9,0,0.0012897,10.532,30.926,71133,81391.0,6.5315,298.07,359.79,1.508,8.4708,,23,,1.1908,0.19325,,,1.4394,0,,0,0,2,81,81,0,81.0,168850.0
193.6,75,100,80,0.0,46.784,73.917,10.547,150,0.9,0,0.0012882,10.477,30.953,71184,81450.0,6.5418,297.97,327.12,1.5082,8.3567,,23,,1.2006,0.19317,,,1.4396,0,,0,0,2,81,81,0,81.0,169320.0
193.8,75,100,80,0.0,30.599,42.107,1.0547,150,0.9,0,0.0013081,10.392,30.982,71231,81507.0,6.5331,297.88,296.17,1.5084,8.2971,,23,,1.213,0.19308,,,1.4398,0,,0,0,2,81,81,0,81.0,168960.0
194.0,75,100,80,0.0,17.959,12.632,69.213,150,0.9,0,0.0012606,10.35,31.011,71276,81560.0,6.5075,297.99,334.3,1.5086,8.3101,,23,,1.2373,0.19289,,,1.44,0,,0,0,2,81,81,0,81.0,169090.0
194.2,75,100,80,0.0,15.529,47.046,6.9213,150,0.9,0,0.0012841,10.324,31.041,71320,81614.0,6.4799,297.92,308.43,1.5088,8.3447,,23,,1.2427,0.19285,,,1.4402,0,,0,0,2,81,81,0,81.0,169070.0
194.4,75,100,80,0.0,24.08,14.114,114.03,150,0.9,0,0.0013356,10.328,31.07,71366,81669.0,6.4666,298.14,386.6,1.509,8.42,,23,,1.247,0.19282,,,1.4404,0,,0,0,2,81,81,0,81.0,169880.0
194.6,75,100,80,0.0,37.923,89.789,11.403,150,0.9,0,0.0013348,10.395,31.099,71415,81726.0,6.4718,298.05,353.04,1.5092,8.5185,,23,,1.2318,0.19294,,,1.4406,0,,0,0,2,81,81,0,81.0,169180.0
194.8,75,100,80,0.0,49.657,59.875,1.1403,150,0.9,0,0.0013404,10.442,31.127,71466,81786.0,6.4885,297.94,316.92,1.5094,8.6055,,23,,1.2249,0.19299,,,1.4408,0,,0,0,2,81,81,0,81.0,170320.0
195.0,75,100,80,0.0,54.744,17.962,78.715,150,0.9,0,0.0013415,10.482,31.155,71518,81848.0,6.5075,298.07,359.81,1.5096,8.6775,,23,,1.2061,0.19313,,,1.441,0,,0,0,2,81,81,0,81.0,170610.0
195.2,75,100,80,0.0,52.263,59.378,7.8715,150,0.9,0,0.0013488,10.477,31.182,71570,81908.0,6.5226,297.98,330.28,1.5098,8.7303,,23,,1.2016,0.19316,,,1.4412,0,,0,0,2,81,81,0,81.0,170910.0
195.4,75,100,80,0.0,43.768,31.425,0.78715,150,0.9,0,0.0013361,10.447,31.21,71620,81967.0,6.5288,297.9,301.62,1.5101,8.7688,,23,,1.2024,0.19315,,,1.4414,0,,0,0,2,81,81,0,81.0,169710.0
195.6,75,100,80,0.0,32.804,9.4275,55.531,150,0.9,0,0.0013308,10.391,31.239,71668,82024.0,6.5215,297.97,328.24,1.5103,8.8171,,23,,1.2174,0.19304,,,1.4416,0,,0,0,2,81,81,0,81.0,171350.0
195.8,75,100,80,0.0,24.787,32.716,5.5531,150,0.9,0,0.0013681,10.322,31.269,71714,82080.0,6.5043,297.91,306.84,1.5105,8.883,,23,,1.2334,0.19292,,,1.4418,0,,0,0,2,81,81,0,81.0,170830.0
196.0,75,100,80,0.0,23.608,9.8148,88.044,150,0.9,0,0.0013886,10.308,31.3,71760,82135.0,6.4862,298.08,364.18,1.5108,8.9787,,23,,1.2344,0.19291,,,1.4421,0,,0,0,2,81,81,0,81.0,171640.0
196.2,75,100,80,0.0,29.664,64.051,8.8044,150,0.9,0,0.0013913,10.328,31.329,71807,82191.0,6.4781,298.0,337.12,1.511,9.08,,23,,1.244,0.19284,,,1.4423,0,,0,0,2,81,81,0,81.0,170950.0
196.4,75,100,80,0.0,38.908,38.808,0.88044,150,0.9,0,0.0013531,10.416,31.357,71856,82250.0,6.482,297.91,307.33,1.5112,9.1427,,23,,1.2123,0.19308,,,1.4425,0,,0,0,2,81,81,0,81.0,171580.0
196.6,75,100,80,0.0,46.589,11.642,62.315,150,0.9,0,0.0013407,10.472,31.384,71907,82309.0,6.4929,298.0,337.93,1.5115,9.1484,,23,,1.1947,0.19321,,,1.4428,0,,0,0,2,81,81,0,81.0,171040.0
196.8,75,100,80,0.0,49.919,39.442,6.2315,150,0.9,0,0.0013478,10.491,31.411,71958,82370.0,6.5059,297.92,311.16,1.5117,9.1032,,23,,1.1867,0.19327,,,1.443,0,,0,0,2,81,81,0,81.0,171830.0
197.0,75,100,80,0.0,48.081,11.833,99.611,150,0.9,0,0.0013696,10.475,31.437,72009,82430.0,6.5154,298.11,374.68,1.5119,9.0232,,23,,1.1888,0.19325,,,1.4432,0,,0,0,2,81,81,0,81.0,171460.0
197.2,75,100,80,0.0,42.454,72.589,9.9611,150,0.9,0,0.0013788,10.43,31.464,72059,82488.0,6.5205,298.02,344.25,1.5122,8.9414,,23,,1.2099,0.19309,,,1.4434,0,,0,0,2,81,81,0,81.0,171260.0
197.4,75,100,80,0.0,34.79,45.09,0.99611,150,0.9,0,0.0013622,10.387,31.492,72107,82546.0,6.5167,297.93,313.57,1.5124,8.8702,,23,,1.2354,0.1929,,,1.4436,0,,0,0,2,81,81,0,81.0,172060.0
197.6,75,100,80,0.0,28.667,13.527,63.284,150,0.9,0,0.001354,10.362,31.52,72154,82602.0,6.5051,298.03,346.52,1.5126,8.8154,,23,,1.2393,0.19287,,,1.4438,0,,0,0,2,81,81,0,81.0,172520.0
197.8,75,100,80,0.0,27.172,44.245,6.3284,150,0.9,0,0.0013279,10.354,31.547,72200,82658.0,6.4934,297.95,320.57,1.5128,8.7811,,23,,1.2604,0.19271,,,1.4441,0,,0,0,2,81,81,0,81.0,171490.0
198.0,75,100,80,0.0,30.327,18.86,0.63284,150,0.9,0,0.0013385,10.359,31.575,72248,82714.0,6.4859,297.88,296.39,1.513,8.747,,23,,1.2621,0.1927,,,1.4443,0,,0,0,2,81,81,0,81.0,171790.0
198.2,75,100,80,0.0,36.466,5.6579,44.485,150,0.9,0,0.0013269,10.425,31.602,72296,82772.0,6.4862,297.93,313.26,1.5132,8.724,,23,,1.2291,0.19295,,,1.4445,0,,0,0,2,81,81,0,81.0,172910.0
198.4,75,100,80,0.0,42.461,1.6974,0.0001,150,0.9,0,0.0013007,10.471,31.627,72346,82830.0,6.4935,297.86,289.99,1.5134,8.6915,,23,,1.2188,0.19302,,,1.4446,0,,0,0,2,81,81,0,81.0,172030.0
198.6,75,100,80,0.0,45.567,0.50921,60.842,150,0.9,0,0.0013108,10.5,31.652,72396,82890.0,6.503,297.95,321.41,1.5136,8.6288,,23,,1.1947,0.19321,,,1.4448,0,,0,0,2,81,81,0,81.0,171990.0
198.8,75,100,80,0.0,44.862,26.91,6.0842,150,0.9,0,0.0012845,10.508,31.677,72446,82949.0,6.5124,297.89,297.71,1.5138,8.5671,,23,,1.1989,0.19317,,,1.445,0,,0,0,2,81,81,0,81.0,172770.0
199.0,75,100,80,0.0,40.426,8.0729,92.343,150,0.9,0,0.0013442,10.444,31.703,72495,83007.0,6.5164,298.05,356.35,1.514,8.4927,,23,,1.2194,0.19302,,,1.4452,0,,0,0,2,81,81,0,81.0,172730.0
199.2,75,100,80,0.0,34.399,62.079,9.2343,150,0.9,0,0.0013087,10.441,31.729,72543,83064.0,6.5121,297.97,327.57,1.5142,8.4571,,23,,1.2192,0.19302,,,1.4454,0,,0,0,2,81,81,0,81.0,173350.0
199.4,75,100,80,0.0,30.108,34.52,0.92343,150,0.9,0,0.0013514,10.39,31.756,72590,83120.0,6.502,297.89,299.56,1.5144,8.428,,23,,1.2329,0.19292,,,1.4456,0,,0,0,2,81,81,0,81.0,172150.0
199.6,75,100,80,0.0,29.847,10.356,59.54,150,0.9,0,0.0013704,10.371,31.783,72638,83177.0,6.4932,297.98,330.11,1.5146,8.4468,,23,,1.2429,0.19284,,,1.4458,0,,0,0,2,81,81,0,81.0,173440.0
199.8,75,100,80,0.0,33.075,36.944,5.954,150,0.9,0,0.0013739,10.385,31.81,72685,83233.0,6.4886,297.92,307.83,1.5149,8.4931,,23,,1.2409,0.19286,,,1.446,0,,0,0,2,81,81,0,81.0,173410.0
200.0,75,100,80,0.0,38.137,11.083,94.616,150,0.9,0,0.0014339,10.368,31.838,72734,83292.0,6.4902,298.09,369.61,1.5151,8.5467,,23,,1.2495,0.19279,,,1.4462,0,,0,0,2,81,81,0,81.0,173200.0
200.2,65,100,80,0.0,42.545,69.043,9.4616,250,0.9,0,0.0014344,10.557,31.856,72804,83370.0,6.4956,298.01,341.67,1.7285,8.6146,,23,,1.1894,0.19145,,,1.4309,0,,0,0,2,81,81,0,81.0,172960.0
200.4,65,100,80,0.0,44.828,43.75,0.94616,250,0.9,0,0.001405,10.599,31.874,72874,83450.0,6.5026,297.92,310.82,1.7426,8.44,,23,,1.191,0.19141,,,1.4426,0,,0,0,2,81,81,0,81.0,174210.0
200.6,65,100,80,0.0,44.286,13.125,65.309,250,0.9,0,0.001406,10.613,31.892,72944,83529.0,6.5092,298.01,341.84,1.7439,8.2387,,23,,1.186,0.19145,,,1.4437,0,,0,0,2,81,81,0,81.0,174460.0
200.8,65,100,80,0.0,41.141,41.311,6.5309,250,0.9,0,0.0014376,10.565,31.91,73013,83608.0,6.5122,297.94,315.77,1.7442,8.022,,23,,1.2037,0.19129,,,1.444,0,,0,0,2,81,81,0,81.0,174550.0
201.0,65,100,80,0.0,36.798,12.393,97.777,250,0.9,0,0.0014248,10.546,31.929,73081,83685.0,6.5104,298.11,375.94,1.7445,7.8299,,23,,1.2205,0.19115,,,1.4442,0,,0,0,2,81,81,0,81.0,174970.0
201.2,65,100,80,0.0,33.171,69.426,9.7777,250,0.9,0,0.0014092,10.542,31.947,73148,83762.0,6.5042,298.03,349.74,1.7448,7.6631,,23,,1.2215,0.19114,,,1.4444,0,,0,0,2,81,81,0,81.0,173730.0
201.4,65,100,80,0.0,32.023,46.662,0.97777,250,0.9,0,0.0013499,10.585,31.965,73216,83838.0,6.4974,297.95,319.04,1.7451,7.53,,23,,1.2122,0.19122,,,1.4446,0,,0,0,2,81,81,0,81.0,174810.0
201.6,65,100,80,0.0,33.601,13.998,64.569,250,0.9,0,0.0013768,10.603,31.982,73283,83915.0,6.4919,298.03,349.42,1.7453,7.3947,,23,,1.1954,0.19136,,,1.4449,0,,0,0,2,81,81,0,81.0,173390.0
201.8,65,100,80,0.0,37.368,42.297,6.4569,250,0.9,0,0.0013723,10.614,31.999,73352,83993.0,6.4907,297.96,323.54,1.7456,7.2846,,23,,1.2016,0.19131,,,1.4451,0,,0,0,2,81,81,0,81.0,174470.0
202.0,65,100,80,0.0,41.591,17.725,0.64569,250,0.9,0,0.0014152,10.597,32.017,73421,84071.0,6.4946,297.88,296.41,1.7459,7.2004,,23,,1.2162,0.19118,,,1.4453,0,,0,0,2,81,81,0,81.0,174720.0
202.2,65,100,80,0.0,44.26,5.3175,45.548,250,0.9,0,0.0013582,10.659,32.033,73490,84150.0,6.5023,297.93,311.26,1.7461,7.1621,,23,,1.2112,0.19123,,,1.4455,0,,0,0,2,81,81,0,81.0,174470.0
202.4,65,100,80,0.0,43.865,1.5953,0.0001,250,0.9,0,0.0013938,10.623,32.049,73560,84229.0,6.5097,297.85,285.69,1.7464,7.1157,,23,,1.228,0.19108,,,1.4457,0,,0,0,2,81,81,0,81.0,174880.0
202.6,65,100,80,0.0,40.492,0.47858,62.797,250,0.9,0,0.0014077,10.595,32.066,73629,84307.0,6.515,297.94,316.64,1.7467,7.112,,23,,1.2426,0.19095,,,1.446,0,,0,0,2,81,81,0,81.0,175290.0
202.8,65,100,80,0.0,35.002,0.14357,0.0001,250,0.9,0,0.0014401,10.576,32.084,73696,84384.0,6.5139,297.87,291.21,1.7469,7.1487,,23,,1.2332,0.19103,,,1.4462,0,,0,0,2,81,81,0,81.0,174380.0
203.0,65,100,80,0.0,29.984,0.043072,69.363,250,0.9,0,0.0014671,10.536,32.102,73763,84460.0,6.5063,297.97,327.99,1.7472,7.229,,23,,1.2428,0.19095,,,1.4465,0,,0,0,2,81,81,0,81.0,175300.0
203.2,65,100,80,0.0,28.007,31.29,6.9363,250,0.9,0,0.0014442,10.545,32.121,73830,84536.0,6.4981,297.91,305.36,1.7475,7.3448,,23,,1.2434,0.19094,,,1.4467,0,,0,0,2,81,81,0,81.0,174880.0
203.4,65,100,80,0.0,29.307,9.3871,94.208,250,0.9,0,0.0014262,10.562,32.138,73896,84612.0,6.4926,298.07,363.11,1.7478,7.4612,,23,,1.2463,0.19092,,,1.4469,0,,0,0,2,81,81,0,81.0,175640.0
203.6,65,100,80,0.0,32.759,62.265,9.4208,250,0.9,0,0.0014606,10.543,32.156,73964,84689.0,6.4915,298.0,339.02,1.7481,7.5668,,23,,1.2649,0.19075,,,1.4472,0,,0,0,2,81,81,0,81.0,175390.0
203.8,65,100,80,0.0,36.662,40.464,0.94208,250,0.9,0,0.001482,10.555,32.174,74032,84767.0,6.4954,297.92,309.5,1.7484,7.6815,,23,,1.2692,0.19072,,,1.4475,0,,0,0,2,81,81,0,81.0,175470.0
204.0,65,100,80,0.0,39.004,12.139,64.103,250,0.9,0,0.0014365,10.615,32.191,74100,84845.0,6.5031,298.01,339.81,1.7487,7.7864,1198.6,23,1838.7,1.2564,0.19083,32.121,24.432,1.4477,0,80.15,0,0,2,81,81,0,81.0,175550.0
204.2,65,100,80,0.0,38.263,39.009,6.4103,250,0.9,0,0.0014346,10.615,32.209,74169,84923.0,6.5103,297.94,315.83,1.749,7.847,,23,,1.2534,0.19085,,,1.4479,0,,0,0,2,81,81,0,81.0,175640.0
204.4,65,100,80,0.0,34.677,11.703,92.428,250,0.9,0,0.0014889,10.564,32.227,74237,85000.0,6.5117,298.09,371.58,1.7493,7.9062,,23,,1.2646,0.19075,,,1.4482,0,,0,0,2,81,81,0,81.0,175720.0
204.6,65,100,80,0.0,30.553,63.533,9.2428,250,0.9,0,0.0014991,10.547,32.246,74303,85076.0,6.5067,298.03,347.53,1.7496,7.979,,23,,1.263,0.19077,,,1.4484,0,,0,0,2,81,81,0,81.0,176480.0
204.8,65,100,80,0.0,28.402,42.804,0.92428,250,0.9,0,0.0015029,10.537,32.265,74370,85153.0,6.499,297.94,317.15,1.7499,8.0568,,23,,1.2666,0.19074,,,1.4487,0,,0,0,2,81,81,0,81.0,174910.0
205.0,65,100,80,0.0,29.342,12.841,62.825,250,0.9,0,0.0014977,10.557,32.284,74437,85229.0,6.4938,298.02,346.01,1.7502,8.1226,,23,,1.2605,0.19079,,,1.4489,0,,0,0,2,81,81,0,81.0,175330.0
205.2,65,100,80,0.0,32.324,39.007,6.2825,250,0.9,0,0.0014856,10.594,32.302,74504,85306.0,6.4923,297.95,320.2,1.7505,8.164,,23,,1.2498,0.19088,,,1.4492,0,,0,0,2,81,81,0,81.0,176580.0
205.4,65,100,80,0.0,35.914,14.544,0.62825,250,0.9,0,0.001461,10.622,32.32,74572,85383.0,6.4963,297.88,292.86,1.7508,8.1695,,23,,1.2533,0.19085,,,1.4494,0,,0,0,2,81,81,0,81.0,175170.0
205.6,65,100,80,0.0,37.913,4.3631,44.25,250,0.9,0,0.0014935,10.605,32.338,74641,85461.0,6.5017,297.91,306.38,1.7511,8.1324,,23,,1.2642,0.19076,,,1.4497,0,,0,0,2,81,81,0,81.0,176250.0
205.8,65,100,80,0.0,37.762,1.3089,0.0001,250,0.9,0,0.0015383,10.573,32.356,74709,85539.0,6.5062,297.84,280.58,1.7515,8.0966,,23,,1.279,0.19063,,,1.45,0,,0,0,2,81,81,0,81.0,175010.0
206.0,65,100,80,0.0,35.823,0.39268,63.78,250,0.9,0,0.0015202,10.564,32.375,74777,85617.0,6.5079,297.93,312.19,1.7518,8.0614,,23,,1.2943,0.19049,,,1.4502,0,,0,0,2,81,81,0,81.0,176760.0
206.2,65,100,80,0.0,33.174,0.1178,0.0001,250,0.9,0,0.0015369,10.557,32.393,74845,85694.0,6.506,297.86,286.52,1.7521,8.0189,,23,,1.2951,0.19048,,,1.4505,0,,0,0,2,81,81,0,81.0,176850.0
206.4,65,100,80,0.0,31.32,0.035341,71.641,250,0.9,0,0.0014912,10.577,32.411,74912,85771.0,6.5025,297.96,325.11,1.7524,7.9808,,23,,1.2951,0.19048,,,1.4508,0,,0,0,2,81,81,0,81.0,176940.0
206.6,65,100,80,0.0,30.864,32.025,7.1641,250,0.9,0,0.0014837,10.579,32.429,74979,85848.0,6.4996,297.9,300.73,1.7527,7.9372,,23,,1.3016,0.19043,,,1.451,0,,0,0,2,81,81,0,81.0,176350.0
206.8,65,100,80,0.0,31.529,9.6076,99.367,250,0.9,0,0.0015095,10.58,32.447,75046,85924.0,6.4966,298.07,362.26,1.753,7.8997,,23,,1.3016,0.19043,,,1.4513,0,,0,0,2,81,81,0,81.0,177110.0
207.0,65,100,80,0.0,33.392,64.8,9.9367,250,0.9,0,0.0014585,10.644,32.464,75113,86001.0,6.497,297.99,335.31,1.7533,7.8691,,23,,1.2777,0.19063,,,1.4515,0,,0,0,2,81,81,0,81.0,176350.0
207.2,65,100,80,0.0,35.087,40.425,0.99367,250,0.9,0,0.0014415,10.668,32.48,75181,86078.0,6.4988,297.91,304.34,1.7536,7.8151,,23,,1.2698,0.1907,,,1.4517,0,,0,0,2,81,81,0,81.0,176600.0
207.4,65,100,80,0.0,36.065,12.128,65.906,250,0.9,0,0.0014206,10.7,32.495,75249,86156.0,6.5035,297.99,335.68,1.7538,7.7558,,23,,1.2634,0.19076,,,1.4519,0,,0,0,2,81,81,0,81.0,176340.0
207.6,65,100,80,0.0,35.17,39.035,6.5906,250,0.9,0,0.0014428,10.705,32.511,75316,86233.0,6.5061,297.92,310.06,1.7541,7.6811,,23,,1.2565,0.19082,,,1.4522,0,,0,0,2,81,81,0,81.0,176410.0
207.8,65,100,80,0.0,33.248,11.71,97.009,250,0.9,0,0.0014211,10.719,32.526,75384,86310.0,6.5069,298.09,368.94,1.7543,7.6095,,23,,1.2534,0.19084,,,1.4524,0,,0,0,2,81,81,0,81.0,176310.0
208.0,65,100,80,0.0,31.002,65.12,9.7009,250,0.9,0,0.0013902,10.73,32.54,75451,86386.0,6.5057,298.01,340.84,1.7546,7.5446,,23,,1.2573,0.19081,,,1.4526,0,,0,0,2,81,81,0,81.0,176210.0
208.2,65,100,80,0.0,29.263,40.521,0.97009,250,0.9,0,0.0014129,10.713,32.555,75517,86462.0,6.5014,297.92,308.87,1.7548,7.4772,,23,,1.2608,0.19078,,,1.4527,0,,0,0,2,81,81,0,81.0,177450.0
208.4,65,100,80,0.0,29.251,12.156,63.472,250,0.9,0,0.0013708,10.75,32.569,75584,86538.0,6.4979,298.0,337.69,1.755,7.4258,,23,,1.2548,0.19083,,,1.4529,0,,0,0,2,81,81,0,81.0,178020.0
208.6,65,100,80,0.0,30.626,37.047,6.3472,250,0.9,0,0.0013366,10.786,32.581,75650,86614.0,6.4966,297.93,310.87,1.7552,7.3673,,23,,1.2515,0.19086,,,1.4531,0,,0,0,2,81,81,0,81.0,176740.0
208.8,65,100,80,0.0,32.5,11.114,93.591,250,0.9,0,0.0013494,10.796,32.594,75717,86690.0,6.4976,298.08,366.79,1.7554,7.2928,,23,,1.2514,0.19086,,,1.4532,0,,0,0,2,81,81,0,81.0,176800.0
209.0,65,100,80,0.0,33.97,61.61,9.3591,250,0.9,0,0.001318,10.821,32.606,75785,86766.0,6.5012,298.0,338.33,1.7556,7.2179,,23,,1.2547,0.19083,,,1.4534,0,,0,0,2,81,81,0,81.0,177860.0
209.2,65,100,80,0.0,34.009,36.602,0.93591,250,0.9,0,0.0012695,10.866,32.618,75852,86843.0,6.5057,297.92,307.27,1.7557,7.1365,,23,,1.2447,0.19092,,,1.4535,0,,0,0,2,81,81,0,81.0,176410.0
209.4,65,100,80,0.0,32.246,10.981,59.327,250,0.9,0,0.0012738,10.86,32.629,75919,86919.0,6.5071,297.99,332.81,1.7558,7.0436,,23,,1.2484,0.19088,,,1.4536,0,,0,0,2,81,81,0,81.0,177470.0
209.6,65,100,80,0.0,29.949,32.493,5.9327,250,0.9,0,0.0012952,10.836,32.641,75986,86994.0,6.5059,297.92,307.77,1.756,6.9717,,23,,1.2541,0.19083,,,1.4537,0,,0,0,2,81,81,0,81.0,177190.0
209.8,65,100,80,0.0,28.126,9.748,86.808,250,0.9,0,0.0013267,10.792,32.654,76052,87070.0,6.5008,298.05,358.03,1.7561,6.9329,,23,,1.2779,0.19063,,,1.4538,0,,0,0,2,81,81,0,81.0,176750.0
210.0,65,100,80,0.0,28.335,54.348,8.6808,250,0.9,0,0.0013707,10.768,32.667,76118,87145.0,6.4958,297.98,331.46,1.7563,6.938,,23,,1.2878,0.19054,,,1.454,0,,0,0,2,81,81,0,81.0,177650.0
210.2,65,100,80,0.0,30.516,30.45,0.86808,250,0.9,-4000,0.0013978,10.783,32.68,75493,86421.0,6.5225,297.9,301.09,1.7463,6.9805,,23,,1.2803,0.19062,,,1.4457,0,,0,0,2,81,81,0,81.0,177540.0
210.4,65,100,80,0.0,21.921,9.1349,57.379,250,0.9,-4000,0.0014715,10.725,32.695,74866,85695.0,6.535,297.97,325.02,1.7313,7.0188,,23,,1.2692,0.19075,,,1.4332,0,,0,0,2,81,81,0,81.0,177450.0
210.6,65,100,80,0.0,8.4776,28.695,5.7379,250,0.9,-4000,0.0015093,10.643,32.711,74237,84967.0,6.5213,297.89,299.24,1.7159,7.1076,,23,,1.2784,0.1907,,,1.4204,0,,0,0,2,81,81,0,81.0,177690.0
210.8,65,100,80,0.0,0.5454,8.6084,87.876,250,0.9,-4000,0.0015428,10.597,32.727,73606,84237.0,6.493,298.04,350.78,1.7005,7.2331,,23,,1.28,0.19072,,,1.4076,0,,0,0,2,81,81,0,81.0,177770.0
211.0,65,100,80,0.0,3.8946,54.916,8.7876,250,0.9,-4000,0.0015505,10.635,32.743,72976,83508.0,6.4728,297.96,324.23,1.6851,7.3785,,23,,1.2535,0.19098,,,1.3947,0,,0,0,2,81,81,0,81.0,177510.0
211.2,65,100,80,0.0,15.28,29.407,0.87876,250,0.9,-4000,0.0015878,10.693,32.758,72349,82781.0,6.4724,297.88,295.21,1.6697,7.4981,,23,,1.2247,0.19126,,,1.382,0,,0,0,2,81,81,0,81.0,178410.0
211.4,65,100,80,0.0,26.759,8.8221,59.391,250,0.9,-4000,0.0016208,10.755,32.772,71724,82057.0,6.4899,297.96,321.89,1.6544,7.5639,,23,,1.1937,0.19156,,,1.3692,0,,0,0,2,81,81,0,81.0,177310.0
211.6,65,100,80,0.0,31.263,31.391,5.9391,250,0.9,-4000,0.0016778,10.779,32.786,71099,81334.0,6.5135,297.89,297.54,1.6391,7.5797,,23,,1.1693,0.1918,,,1.3565,0,,0,0,2,81,81,0,81.0,177880.0
211.8,65,100,80,0.0,26.371,9.4174,94.423,250,0.9,-4000,0.0017406,10.735,32.8,70474,80609.0,6.5279,298.06,355.65,1.6238,7.5594,,23,,1.1661,0.19186,,,1.3438,0,,0,0,2,81,81,0,81.0,178110.0
212.0,65,100,80,0.0,15.75,64.27,9.4423,250,0.9,-4000,0.0017938,10.677,32.815,69847,79883.0,6.5231,297.98,329.48,1.6086,7.5284,,23,,1.1615,0.19193,,,1.3311,0,,0,0,2,81,81,0,81.0,178680.0
212.2,65,100,80,0.0,7.0798,38.49,0.94423,250,0.9,0,0.0017106,10.657,32.83,69909,79955.0,6.4774,297.89,299.26,1.6038,7.4861,,23,,1.1705,0.19186,,,1.3271,0,,0,0,2,81,81,0,81.0,179090.0
212.4,65,100,80,0.0,16.78,11.547,68.1,250,0.9,0,0.001691,10.721,32.844,69974,80029.0,6.4515,297.99,333.64,1.6039,7.4368,,23,,1.159,0.19196,,,1.3272,0,,0,0,2,81,81,0,81.0,178150.0
212.6,65,100,80,0.0,36.657,43.147,6.81,250,0.9,0,0.0016138,10.871,32.856,70042,80106.0,6.4558,297.91,307.55,1.6042,7.3477,,23,,1.1292,0.19221,,,1.3275,0,,0,0,2,81,81,0,81.0,178540.0
212.8,65,100,80,0.0,54.753,12.944,108.83,250,0.9,0,0.001636,10.957,32.864,70114,80187.0,6.4764,298.12,377.78,1.6045,7.1753,,23,,1.1161,0.19233,,,1.3277,0,,0,0,2,81,81,0,81.0,177750.0
213.0,65,100,80,0.0,64.656,81.801,10.883,250,0.9,0,0.0016268,11.023,32.872,70188,80270.0,6.5007,298.03,346.97,1.6049,6.9548,,23,,1.0983,0.19248,,,1.328,0,,0,0,2,81,81,0,81.0,178450.0
213.2,65,100,80,0.0,64.866,53.472,1.0883,250,0.9,0,0.00166,11.007,32.879,70262,80354.0,6.5232,297.93,311.98,1.6052,6.7008,,23,,1.1074,0.1924,,,1.3283,0,,0,0,2,81,81,0,81.0,177810.0
213.4,65,100,80,0.0,56.127,16.042,76.153,250,0.9,0,0.001593,11.009,32.887,70334,80435.0,6.5398,298.05,352.26,1.6056,6.4664,,23,,1.1082,0.19239,,,1.3286,0,,0,0,2,81,81,0,81.0,178520.0
213.6,65,100,80,0.0,40.73,54.978,7.6153,250,0.9,0,0.001658,10.896,32.896,70403,80513.0,6.5416,297.96,323.79,1.6059,6.2522,,23,,1.1292,0.19221,,,1.3289,0,,0,0,2,81,81,0,81.0,179230.0
213.8,65,100,80,0.0,24.666,26.954,0.76153,250,0.9,0,0.0017005,10.797,32.908,70469,80588.0,6.521,297.88,294.49,1.6063,6.1279,,23,,1.1496,0.19203,,,1.3292,0,,0,0,2,81,81,0,81.0,177950.0
214.0,65,100,80,0.0,16.842,8.0862,56.557,250,0.9,0,0.0017005,10.757,32.92,70533,80662.0,6.4906,297.95,318.94,1.6066,6.0995,,23,,1.1638,0.19191,,,1.3295,0,,0,0,2,81,81,0,81.0,179340.0
214.2,65,100,80,0.0,21.167,2.4259,0.0001,250,0.9,0,0.0015818,10.851,32.93,70598,80736.0,6.4699,297.87,293.72,1.607,6.1365,,23,,1.1463,0.19206,,,1.3298,0,,0,0,2,81,81,0,81.0,178050.0
214.4,65,100,80,0.0,33.681,0.72776,67.677,250,0.9,0,0.0015682,10.921,32.94,70666,80812.0,6.4688,297.98,329.5,1.6073,6.1719,,23,,1.1334,0.19217,,,1.33,0,,0,0,2,81,81,0,81.0,177930.0
214.6,65,100,80,0.0,46.634,32.705,6.7677,250,0.9,0,0.0015193,11.013,32.947,70736,80892.0,6.4825,297.9,303.57,1.6076,6.1982,,23,,1.1206,0.19228,,,1.3303,0,,0,0,2,81,81,0,81.0,179460.0
214.8,65,100,80,0.0,54.09,9.8116,101.02,250,0.9,0,0.0015916,10.996,32.954,70808,80972.0,6.5,298.09,367.03,1.6079,6.1831,,23,,1.1374,0.19214,,,1.3305,0,,0,0,2,81,81,0,81.0,178500.0
215.0,65,100,80,0.0,54.597,70.723,10.102,250,0.9,0,0.001616,10.986,32.962,70879,81053.0,6.5155,298.0,335.07,1.6082,6.182,,23,,1.1464,0.19206,,,1.3308,0,,0,0,2,81,81,0,81.0,178030.0
215.2,65,100,80,0.0,48.907,40.469,1.0102,250,0.9,0,0.001621,10.954,32.97,70950,81133.0,6.525,297.9,302.15,1.6086,6.1871,,23,,1.1551,0.19198,,,1.3311,0,,0,0,2,81,81,0,81.0,179730.0
215.4,65,100,80,0.0,39.453,12.141,66.092,250,0.9,0,0.0016445,10.887,32.98,71019,81211.0,6.5228,297.99,333.77,1.6089,6.2162,,23,,1.1784,0.19178,,,1.3314,0,,0,0,2,81,81,0,81.0,177950.0
215.6,65,100,80,0.0,30.9,40.868,6.6092,250,0.9,0,0.0016341,10.849,32.989,71086,81287.0,6.5114,297.91,304.42,1.6092,6.2853,,23,,1.1926,0.19165,,,1.3317,0,,0,0,2,81,81,0,81.0,178320.0
215.8,65,100,80,0.0,26.888,12.26,108.33,250,0.9,0,0.0015996,10.83,33.0,71152,81363.0,6.497,298.11,373.14,1.6096,6.3706,,23,,1.2122,0.19148,,,1.3319,0,,0,0,2,81,81,0,81.0,178040.0
216.0,65,100,80,0.0,28.606,78.31,10.833,250,0.9,0,0.0016141,10.849,33.009,71218,81439.0,6.486,298.0,337.4,1.6099,6.4635,1200.0,23,1883.3,1.203,0.19156,32.97,23.912,1.3322,0,75.953,0,0,2,81,81,0,81.0,179250.0
216.2,65,100,80,0.0,34.7,44.964,1.0833,250,0.9,0,0.0016199,10.874,33.019,71286,81516.0,6.4846,297.9,302.04,1.6103,6.5518,,23,,1.198,0.1916,,,1.3325,0,,0,0,2,81,81,0,81.0,178290.0
216.4,65,100,80,0.0,41.348,13.489,69.933,250,0.9,0,0.0015574,10.947,33.027,71355,81594.0,6.4913,298.0,336.48,1.6106,6.6286,,23,,1.1863,0.19171,,,1.3328,0,,0,0,2,81,81,0,81.0,179170.0
216.6,65,100,80,0.0,45.302,44.933,6.9933,250,0.9,0,0.0015842,10.959,33.036,71425,81673.0,6.5009,297.91,306.43,1.6109,6.669,,23,,1.1778,0.19178,,,1.333,0,,0,0,2,81,81,0,81.0,179040.0
216.8,65,100,80,0.0,45.437,13.48,113.57,250,0.9,0,0.0016166,10.943,33.045,71495,81752.0,6.5088,298.12,379.76,1.6112,6.7067,,23,,1.1856,0.19171,,,1.3333,0,,0,0,2,81,81,0,81.0,179750.0
217.0,65,100,80,0.0,42.458,84.052,11.357,250,0.9,0,0.001628,10.912,33.054,71565,81831.0,6.5131,298.02,344.37,1.6116,6.7411,,23,,1.207,0.19152,,,1.3336,0,,0,0,2,81,81,0,81.0,179290.0
217.2,65,100,80,0.0,37.758,51.829,1.1357,250,0.9,0,0.0016829,10.863,33.065,71633,81909.0,6.5092,297.92,307.95,1.6119,6.7758,,23,,1.2177,0.19143,,,1.3339,0,,0,0,2,81,81,0,81.0,178510.0
217.4,65,100,80,0.0,34.61,15.549,74.441,250,0.9,0,0.0016927,10.836,33.076,71701,81986.0,6.5023,298.03,346.23,1.6123,6.8407,,23,,1.2296,0.19133,,,1.3342,0,,0,0,2,81,81,0,81.0,179390.0
217.6,65,100,80,0.0,34.237,51.329,7.4441,250,0.9,0,0.0016966,10.85,33.086,71768,82063.0,6.4951,297.94,316.86,1.6127,6.9152,,23,,1.2238,0.19138,,,1.3345,0,,0,0,2,81,81,0,81.0,179440.0
217.8,65,100,80,0.0,36.735,15.399,115.8,250,0.9,0,0.0017019,10.855,33.096,71837,82141.0,6.4905,298.16,391.75,1.613,6.9662,,23,,1.2301,0.19132,,,1.3348,0,,0,0,2,81,81,0,81.0,179320.0
218.0,65,100,80,0.0,41.03,88.285,11.58,250,0.9,0,0.0016341,10.911,33.106,71906,82219.0,6.4928,298.06,356.12,1.6134,7.0035,,23,,1.2225,0.19139,,,1.3351,0,,0,0,2,81,81,0,81.0,178700.0
218.2,65,100,80,0.0,44.399,57.239,1.158,250,0.9,0,0.0016512,10.911,33.116,71975,82299.0,6.4981,297.95,319.25,1.6137,7.0038,,23,,1.2284,0.19133,,,1.3354,0,,0,0,2,81,81,0,81.0,180580.0
218.4,65,100,80,0.0,45.689,17.172,73.433,250,0.9,0,0.0016882,10.904,33.126,72045,82378.0,6.5037,298.05,355.68,1.6141,7.004,,23,,1.2311,0.19131,,,1.3357,0,,0,0,2,81,81,0,81.0,178960.0
218.6,65,100,80,0.0,44.714,52.177,7.3433,250,0.9,0,0.0017239,10.887,33.136,72115,82458.0,6.5081,297.96,324.15,1.6145,7.0009,,23,,1.2344,0.19128,,,1.336,0,,0,0,2,81,81,0,81.0,179670.0
218.8,65,100,80,0.0,41.996,22.225,0.73433,250,0.9,0,0.001701,10.883,33.146,72184,82536.0,6.5116,297.88,294.69,1.6149,7.0013,,23,,1.2418,0.19121,,,1.3363,0,,0,0,2,81,81,0,81.0,179880.0
219.0,65,100,80,0.0,37.895,6.6675,49.031,250,0.9,0,0.00174,10.86,33.157,72253,82614.0,6.5094,297.93,312.21,1.6152,6.9952,,23,,1.2397,0.19123,,,1.3367,0,,0,0,2,81,81,0,81.0,179270.0
219.2,65,100,80,0.0,34.662,2.0002,0.0001,250,0.9,0,0.0016857,10.867,33.167,72321,82692.0,6.5042,297.86,286.7,1.6156,6.9965,,23,,1.2463,0.19117,,,1.337,0,,0,0,2,81,81,0,81.0,179150.0
219.4,65,100,80,0.0,33.524,0.60007,65.087,250,0.9,0,0.0017035,10.866,33.178,72388,82769.0,6.4984,297.95,319.86,1.616,6.9891,,23,,1.2396,0.19123,,,1.3373,0,,0,0,2,81,81,0,81.0,179870.0
219.6,65,100,80,0.0,34.691,28.472,6.5087,250,0.9,0,0.0017343,10.854,33.189,72456,82846.0,6.495,297.88,294.63,1.6164,6.9951,,23,,1.246,0.19117,,,1.3376,0,,0,0,2,81,81,0,81.0,178920.0
219.8,65,100,80,0.0,37.218,8.5417,97.876,250,0.9,0,0.001742,10.883,33.199,72524,82924.0,6.4947,298.05,355.14,1.6168,6.9993,,23,,1.2356,0.19126,,,1.3379,0,,0,0,2,81,81,0,81.0,180300.0
220.0,65,100,80,0.0,39.851,64.111,9.7876,250,0.9,0,0.0017569,10.896,33.209,72593,83003.0,6.4969,297.96,324.05,1.6172,6.9788,1200.0,23,1899.8,1.2256,0.19135,33.167,23.759,1.3383,0,74.607,0,0,2,81,81,0,81.0,179680.0
